$MeshFormat
4.1 0 8
$EndMeshFormat
$Entities
28 31 4 0
1 -100 0 0 0 
2 0 0 0 0 
3 0 -2 0 0 
4 24 -2 0 0 
5 24 0 0 0 
6 1024 0 0 0 
7 1024 0.25 0 0 
8 1024 150 0 0 
9 -100 150 0 0 
10 -100 0.25 0 0 
11 0 0.25 0 0 
12 24 0.25 0 0 
13 12 0 0 0 
14 12 0.25 0 0 
15 0 -1 0 0 
16 12 -2 0 0 
17 24 -1 0 0 
18 -16 0 0 0 
19 -16 0.25 0 0 
20 40 0 0 0 
21 40 0.25 0 0 
22 -100 3.75 0 0 
23 -16 3.75 0 0 
24 40 3.75 0 0 
25 1024 3.75 0 0 
26 0 3.75 0 0 
27 12 3.75 0 0 
28 24 3.75 0 0 
1 -100 0 0 -16 0 0 1 4 2 1 -18 
2 0 -1 0 0 0 0 1 4 2 2 -15 
3 0 -2 0 12 -2 0 1 4 2 3 -16 
4 24 -2 0 24 -1 0 1 4 2 4 -17 
5 24 0 0 40 0 0 1 4 2 5 -20 
6 1024 0 0 1024 0.25 0 1 2 2 6 -7 
7 1024 0.25 0 1024 3.75 0 1 2 2 7 -25 
8 -100 150 0 1024 150 0 1 3 2 8 -9 
9 -100 3.75 0 -100 150 0 1 1 2 9 -22 
10 -100 0.25 0 -16 0.25 0 0 2 10 -19 
11 -100 0 0 -100 0.25 0 1 1 2 10 -1 
12 0 0.25 0 12 0.25 0 0 2 11 -14 
13 24 0.25 0 40 0.25 0 0 2 12 -21 
14 0 0 0 12 0 0 0 2 2 -13 
15 0 -2 0 0 -1 0 1 4 2 15 -3 
16 12 -2 0 24 -2 0 1 4 2 16 -4 
17 24 -1 0 24 0 0 1 4 2 17 -5 
18 12 0 0 24 0 0 0 2 13 -5 
19 12 0.25 0 24 0.25 0 0 2 14 -12 
20 -16 0 0 0 0 0 1 4 2 18 -2 
21 40 0 0 1024 0 0 1 4 2 20 -6 
22 40 0.25 0 1024 0.25 0 0 2 21 -7 
23 -16 0.25 0 0 0.25 0 0 2 19 -11 
24 -100 0.25 0 -100 3.75 0 1 1 2 22 -10 
25 1024 3.75 0 1024 150 0 1 2 2 25 -8 
26 40 3.75 0 1024 3.75 0 0 2 25 -24 
27 -100 3.75 0 -16 3.75 0 0 2 22 -23 
30 -16 3.75 0 0 3.75 0 0 2 23 -26 
31 0 3.75 0 12 3.75 0 0 2 26 -27 
32 12 3.75 0 24 3.75 0 0 2 27 -28 
33 24 3.75 0 40 3.75 0 0 2 28 -24 
1 -100 0 0 1024 0.25 0 1 100 14 5 21 6 -22 -13 -19 -12 -23 -10 11 1 20 14 18 
2 0 -2 0 24 0 0 1 101 8 2 15 3 16 4 17 -18 -14 
3 -100 3.75 0 1024 150 0 1 102 9 -26 25 8 9 27 30 31 32 33 
4 -100 0.25 0 1024 3.75 0 1 101 14 -24 27 30 31 32 33 -26 -7 -22 -13 -19 -12 -23 -10 
$EndEntities
$Nodes
63 3038 1 3038
0 1 0 1
1
-100 0 0
0 2 0 1
2
0 0 0
0 3 0 1
3
0 -2 0
0 4 0 1
4
24 -2 0
0 5 0 1
5
24 0 0
0 6 0 1
6
1024 0 0
0 7 0 1
7
1024 0.25 0
0 8 0 1
8
1024 150 0
0 9 0 1
9
-100 150 0
0 10 0 1
10
-100 0.25 0
0 11 0 1
11
0 0.25 0
0 12 0 1
12
24 0.25 0
0 13 0 1
13
12 0 0
0 14 0 1
14
12 0.25 0
0 15 0 1
15
0 -1 0
0 16 0 1
16
12 -2 0
0 17 0 1
17
24 -1 0
0 18 0 1
18
-16 0 0
0 19 0 1
19
-16 0.25 0
0 20 0 1
20
40 0 0
0 21 0 1
21
40 0.25 0
0 22 0 1
22
-100 3.75 0
0 23 0 1
23
-16 3.75 0
0 24 0 1
24
40 3.75 0
0 25 0 1
25
1024 3.75 0
0 26 0 1
26
0 3.75 0
0 27 0 1
27
12 3.75 0
0 28 0 1
28
24 3.75 0
1 1 0 20
29
30
31
32
33
34
35
36
37
38
39
40
41
42
43
44
45
46
47
48
-95.58527046937866 0 0
-91.21468823266611 0 0
-86.88781181580126 0 0
-82.60420415867605 0 0
-78.36343257713837 0 0
-74.16506871323423 0 0
-70.00868848650846 0 0
-65.8938720650049 0 0
-61.82020381161699 0 0
-57.78727223817417 0 0
-53.79466997884192 0 0
-49.84199374553916 0 0
-45.92884427781397 0 0
-42.05482630008553 0 0
-38.21954849842778 0 0
-34.42262347905 0 0
-30.66366770896734 0 0
-26.94230149533101 0 0
-23.25814894616619 0 0
-19.61083791980739 0 0
1 2 0 2
49
50
0 -0.2988929892023598 0
0 -0.6309963101289836 0
1 3 0 15
51
52
53
54
55
56
57
58
59
60
61
62
63
64
65
0.2374974873956859 -2 0
0.5080049895351093 -2 0
0.8161106077585045 -2 0
1.167040135957335 -2 0
1.566745715976705 -2 0
2.022006783325266 -2 0
2.540545059765076 -2 0
3.131155503175075 -2 0
3.803855494712067 -2 0
4.570054741932728 -2 0
5.442748800570964 -2 0
6.436739495156617 -2 0
7.568885970124891 -2 0
8.858390638051411 -2 0
10.32712487718003 -2 0
1 4 0 1
66
24 -1.52631578943447 0
1 5 0 19
67
68
69
70
71
72
73
74
75
76
77
78
79
80
81
82
83
84
85
24.24605024581311 0 0
24.51943940374818 0 0
24.82320513552158 0 0
25.1607226112834 0 0
25.53574203288767 0 0
25.95243027467511 0 0
26.41541721105216 0 0
26.92984714552183 0 0
27.5014359584417 0 0
28.13653464153264 0 0
28.84219983564694 0 0
29.62627226660425 0 0
30.49746386401938 0 0
31.46545453502126 0 0
32.54099972001837 0 0
33.73604991629158 0 0
35.06388347335265 0 0
36.53925409966763 0 0
38.17855478732766 0 0
1 6 0 0
1 7 0 2
86
87
1024 0.7500000064154115 0
1024 1.750000003309903 0
1 8 0 16
88
89
90
91
92
93
94
95
96
97
98
99
100
101
102
103
957.8823529414509 150 0
891.7647058829018 150 0
825.6470588243526 150 0
759.5294117658034 150 0
693.4117647072544 150 0
627.2941176487052 150 0
561.176470590156 150 0
495.0588235316069 150 0
428.9411764727233 150 0
362.8235294135051 150 0
296.705882354287 150 0
230.588235295069 150 0
164.4705882358508 150 0
98.35294117663261 150 0
32.23529411741458 150 0
-33.88235294145079 150 0
1 9 0 10
104
105
106
107
108
109
110
111
112
113
-100 118.0013358388749 0
-100 92.40240446935607 0
-100 71.92325935088901 0
-100 55.53994313122593 0
-100 42.43329018160613 0
-100 31.94796775765479 0
-100 23.55970984317716 0
-100 16.8491036351063 0
-100 11.48061855653569 0
-100 7.185830365230487 0
1 10 0 20
114
115
116
117
118
119
120
121
122
123
124
125
126
127
128
129
130
131
132
133
-95.58527046937866 0.25 0
-91.21468823266611 0.25 0
-86.88781181580126 0.25 0
-82.60420415867605 0.25 0
-78.36343257713837 0.25 0
-74.16506871323423 0.25 0
-70.00868848650846 0.25 0
-65.8938720650049 0.25 0
-61.82020381161699 0.25 0
-57.78727223817417 0.25 0
-53.79466997884192 0.25 0
-49.84199374553916 0.25 0
-45.92884427781397 0.25 0
-42.05482630008553 0.25 0
-38.21954849842778 0.25 0
-34.42262347905 0.25 0
-30.66366770896734 0.25 0
-26.94230149533101 0.25 0
-23.25814894616619 0.25 0
-19.61083791980739 0.25 0
1 11 0 0
1 12 0 15
134
135
136
137
138
139
140
141
142
143
144
145
146
147
148
0.2374974873956859 0.25 0
0.5080049895351093 0.25 0
0.8161106077585045 0.25 0
1.167040135957335 0.25 0
1.566745715976705 0.25 0
2.022006783325266 0.25 0
2.540545059765076 0.25 0
3.131155503175075 0.25 0
3.803855494712067 0.25 0
4.570054741932728 0.25 0
5.442748800570964 0.25 0
6.436739495156617 0.25 0
7.568885970124891 0.25 0
8.858390638051411 0.25 0
10.32712487718003 0.25 0
1 13 0 19
149
150
151
152
153
154
155
156
157
158
159
160
161
162
163
164
165
166
167
24.24605024581311 0.25 0
24.51943940374818 0.25 0
24.82320513552158 0.25 0
25.1607226112834 0.25 0
25.53574203288767 0.25 0
25.95243027467511 0.25 0
26.41541721105216 0.25 0
26.92984714552183 0.25 0
27.5014359584417 0.25 0
28.13653464153264 0.25 0
28.84219983564694 0.25 0
29.62627226660425 0.25 0
30.49746386401938 0.25 0
31.46545453502126 0.25 0
32.54099972001837 0.25 0
33.73604991629158 0.25 0
35.06388347335265 0.25 0
36.53925409966763 0.25 0
38.17855478732766 0.25 0
1 14 0 15
168
169
170
171
172
173
174
175
176
177
178
179
180
181
182
0.2374974873956859 0 0
0.5080049895351093 0 0
0.8161106077585045 0 0
1.167040135957335 0 0
1.566745715976705 0 0
2.022006783325266 0 0
2.540545059765076 0 0
3.131155503175075 0 0
3.803855494712067 0 0
4.570054741932728 0 0
5.442748800570964 0 0
6.436739495156617 0 0
7.568885970124891 0 0
8.858390638051411 0 0
10.32712487718003 0 0
1 15 0 1
183
0 -1.526315789081549 0
1 16 0 18
184
185
186
187
188
189
190
191
192
193
194
195
196
197
198
199
200
201
13.29198846749365 -2 0
14.46826967293461 -2 0
15.53920606111788 -2 0
16.5142320570011 -2 0
17.40193716100135 -2 0
18.21014161242696 -2 0
18.94596528758087 -2 0
19.61589042810274 -2 0
20.22581874115123 -2 0
20.7811233950519 -2 0
21.28669635195603 -2 0
21.74699144983539 -2 0
22.16606366294491 -2 0
22.54760481747448 -2 0
22.89497609905038 -2 0
23.21123767539706 -2 0
23.49917565514076 -2 0
23.76132662423501 -2 0
1 17 0 2
202
203
24 -0.6309963106017287 0
24 -0.2988929894160548 0
1 18 0 18
204
205
206
207
208
209
210
211
212
213
214
215
216
217
218
219
220
221
13.29198846749365 0 0
14.46826967293461 0 0
15.53920606111788 0 0
16.5142320570011 0 0
17.40193716100135 0 0
18.21014161242696 0 0
18.94596528758087 0 0
19.61589042810274 0 0
20.22581874115123 0 0
20.7811233950519 0 0
21.28669635195603 0 0
21.74699144983539 0 0
22.16606366294491 0 0
22.54760481747448 0 0
22.89497609905038 0 0
23.21123767539706 0 0
23.49917565514076 0 0
23.76132662423501 0 0
1 19 0 18
222
223
224
225
226
227
228
229
230
231
232
233
234
235
236
237
238
239
13.29198846749365 0.25 0
14.46826967293461 0.25 0
15.53920606111788 0.25 0
16.5142320570011 0.25 0
17.40193716100135 0.25 0
18.21014161242696 0.25 0
18.94596528758087 0.25 0
19.61589042810274 0.25 0
20.22581874115123 0.25 0
20.7811233950519 0.25 0
21.28669635195603 0.25 0
21.74699144983539 0.25 0
22.16606366294491 0.25 0
22.54760481747448 0.25 0
22.89497609905038 0.25 0
23.21123767539706 0.25 0
23.49917565514076 0.25 0
23.76132662423501 0.25 0
1 20 0 11
240
241
242
243
244
245
246
247
248
249
250
-12.56387102550211 0 0
-9.814967827483326 0 0
-7.615845275505103 0 0
-5.856547240121069 0 0
-4.449108798773148 0 0
-3.323158057514666 0 0
-2.422397473963761 0 0
-1.70178900303172 0 0
-1.125302221953403 0 0
-0.6641127840878518 0 0
-0.2951612244527322 0 0
1 21 0 263
251
252
253
254
255
256
257
258
259
260
261
262
263
264
265
266
267
268
269
270
271
272
273
274
275
276
277
278
279
280
281
282
283
284
285
286
287
288
289
290
291
292
293
294
295
296
297
298
299
300
301
302
303
304
305
306
307
308
309
310
311
312
313
314
315
316
317
318
319
320
321
322
323
324
325
326
327
328
329
330
331
332
333
334
335
336
337
338
339
340
341
342
343
344
345
346
347
348
349
350
351
352
353
354
355
356
357
358
359
360
361
362
363
364
365
366
367
368
369
370
371
372
373
374
375
376
377
378
379
380
381
382
383
384
385
386
387
388
389
390
391
392
393
394
395
396
397
398
399
400
401
402
403
404
405
406
407
408
409
410
411
412
413
414
415
416
417
418
419
420
421
422
423
424
425
426
427
428
429
430
431
432
433
434
435
436
437
438
439
440
441
442
443
444
445
446
447
448
449
450
451
452
453
454
455
456
457
458
459
460
461
462
463
464
465
466
467
468
469
470
471
472
473
474
475
476
477
478
479
480
481
482
483
484
485
486
487
488
489
490
491
492
493
494
495
496
497
498
499
500
501
502
503
504
505
506
507
508
509
510
511
512
513
41.79427320709878 0 0
43.59756282632043 0 0
45.40991420060571 0 0
47.2313728713919 0 0
49.06198461695195 0 0
50.9017954187274 0 0
52.75085149933318 0 0
54.609199326042 0 0
56.47688557532719 0 0
58.35395717276228 0 0
60.24046129471598 0 0
62.13644533479035 0 0
64.04195690518314 0 0
65.95704391340692 0 0
67.88175449092748 0 0
69.81613699568608 0 0
71.76024001427083 0 0
73.71411240122337 0 0
75.67780324486699 0 0
77.65136186953326 0 0
79.63483787492433 0 0
81.62828110199681 0 0
83.63174163524492 0 0
85.64526980537039 0 0
87.66891619160315 0 0
89.70273166115774 0 0
91.74676733521264 0 0
93.80107455454009 0 0
95.86570491865209 0 0
97.94071028858525 0 0
100.0261428260858 0 0
102.1220549233057 0 0
104.2284992412903 0 0
106.3455287135799 0 0
108.4731965112393 0 0
110.6115561196277 0 0
112.7606612674582 0 0
114.9205659293734 0 0
117.0913243652905 0 0
119.2729911233863 0 0
121.465621042735 0 0
123.6692692195864 0 0
125.883991009677 0 0
128.1098420680461 0 0
130.3468783150089 0 0
132.5951559388974 0 0
134.8547314355722 0 0
137.1256615748266 0 0
139.4080034028236 0 0
141.7018142820407 0 0
144.0071518573696 0 0
146.3240740589875 0 0
148.6526390685009 0 0
150.9929053949884 0 0
153.3449318786736 0 0
155.7087775832704 0 0
158.0845019088405 0 0
160.4721645587853 0 0
162.8718255053859 0 0
165.2835450667172 0 0
167.7073838362218 0 0
170.1434026854358 0 0
172.5916628038533 0 0
175.0522257388147 0 0
177.5251533255417 0 0
180.0105076895871 0 0
182.5083512871617 0 0
185.0187468712507 0 0
187.5417574948698 0 0
190.0774465507272 0 0
192.6258777748955 0 0
195.1871151762756 0 0
197.7612231130777 0 0
200.3482662598185 0 0
202.9483096099859 0 0
205.5614185165817 0 0
208.1876586217065 0 0
210.8270958964156 0 0
213.4797966809673 0 0
216.1458276516 0 0
218.8252557502171 0 0
221.5181482974706 0 0
224.2245729970994 0 0
226.9445978285732 0 0
229.6782911238733 0 0
232.4257215711701 0 0
235.1869581814098 0 0
237.9620703284237 0 0
240.7511277894327 0 0
243.5542006385847 0 0
246.3713592496577 0 0
249.2026744101398 0 0
252.0482172883418 0 0
254.9080594001703 0 0
257.7822725759256 0 0
260.6709290370051 0 0
263.5741013634925 0 0
266.4918624970496 0 0
269.42428574531 0 0
272.3714447848249 0 0
275.3334136655129 0 0
278.3102668136615 0 0
281.3020790364325 0 0
284.3089254881718 0 0
287.3308817113508 0 0
290.3680236400509 0 0
293.4204276042116 0 0
296.4881702964256 0 0
299.5713287758763 0 0
302.6699805086865 0 0
305.7842033722835 0 0
308.9140755855601 0 0
312.0596757860591 0 0
315.2210830344274 0 0
318.3983767446655 0 0
321.5916367614025 0 0
324.8009433276902 0 0
328.0263770517245 0 0
331.2680189845777 0 0
334.5259505877167 0 0
337.8002537001832 0 0
341.0910105793021 0 0
344.3983039050404 0 0
347.7222167840284 0 0
351.0628327539816 0 0
354.4202357510379 0 0
357.7945101138734 0 0
361.1857406245991 0 0
364.5940125133083 0 0
368.0194113887943 0 0
371.4620233159198 0 0
374.9219348206341 0 0
378.3992328204142 0 0
381.8940046653582 0 0
385.4063381793067 0 0
388.9363216278724 0 0
392.4840436857641 0 0
396.0495934780099 0 0
399.6330605844659 0 0
403.2345350811071 0 0
406.8541074714748 0 0
410.4918686538024 0 0
414.1479100359054 0 0
417.8223234667297 0 0
421.5152012770794 0 0
425.2266362851013 0 0
428.9567217268341 0 0
432.7055512977761 0 0
436.4732191941194 0 0
440.2598201180059 0 0
444.0654492085897 0 0
447.8902020466282 0 0
451.7341747326071 0 0
455.5974638553947 0 0
459.4801664965732 0 0
463.3823802359144 0 0
467.3042030822888 0 0
471.2457335519749 0 0
475.2070707106222 0 0
479.18831410501 0 0
483.1895637308548 0 0
487.2109201480155 0 0
491.2524844127335 0 0
495.3143580451838 0 0
499.3966431084167 0 0
503.4994421399736 0 0
507.6228582301671 0 0
511.7669950280116 0 0
515.9319566358605 0 0
520.1178476877393 0 0
524.3247733550858 0 0
528.5528393517127 0 0
532.8021519395621 0 0
537.0728178602699 0 0
541.3649444137642 0 0
545.678639427392 0 0
550.0140112974823 0 0
554.3711689589239 0 0
558.750221889695 0 0
563.1512801172695 0 0
567.5744541864788 0 0
572.0198552758835 0 0
576.4875950933247 0 0
580.9777858442802 0 0
585.4905403476224 0 0
590.0259720051642 0 0
594.5841947701402 0 0
599.165323189968 0 0
603.7694723751832 0 0
608.3967580051705 0 0
613.0472963339348 0 0
617.7212041959187 0 0
622.4185990118611 0 0
627.1395988314493 0 0
631.8843222661427 0 0
636.6528885311756 0 0
641.4454174523339 0 0
646.2620294345534 0 0
651.1028455051669 0 0
655.9679872829594 0 0
660.8575769843931 0 0
665.7717374662484 0 0
670.7105922323108 0 0
675.6742653658608 0 0
680.662881572463 0 0
685.6765662231689 0 0
690.7154452875171 0 0
695.7796453393479 0 0
700.8692936368939 0 0
705.9845180559288 0 0
711.1254470957207 0 0
716.292209959268 0 0
721.4849364865958 0 0
726.7037571241045 0 0
731.9488029678415 0 0
737.2202058068114 0 0
742.5180981299691 0 0
747.8426130226366 0 0
753.1938842459845 0 0
758.5720462812833 0 0
763.9772342628586 0 0
769.4095839849613 0 0
774.869231945067 0 0
780.3563153512189 0 0
785.870972055185 0 0
791.4133405959186 0 0
796.9835602066803 0 0
802.5817708586034 0 0
808.2081132315461 0 0
813.8627286838921 0 0
819.5457592966397 0 0
825.2573478436811 0 0
830.9976378356251 0 0
836.7667735273022 0 0
842.5648998514519 0 0
848.392162462348 0 0
854.2487078169597 0 0
860.1346830724251 0 0
866.0502360927235 0 0
871.9955154932561 0 0
877.9706706479951 0 0
883.9758517341769 0 0
890.0112096296889 0 0
896.0768959567711 0 0
902.1730631268783 0 0
908.2998642746168 0 0
914.457453338738 0 0
920.6459850704216 0 0
926.8656149673907 0 0
933.1164992815802 0 0
939.3987950636099 0 0
945.712660170941 0 0
952.0582532389716 0 0
958.4357337256899 0 0
964.8452618465137 0 0
971.2869986550737 0 0
977.7611060156587 0 0
984.2677465735077 0 0
990.8070838372521 0 0
997.3792820765733 0 0
1003.984506403665 0 0
1010.622922818738 0 0
1017.294698144989 0 0
1 22 0 263
514
515
516
517
518
519
520
521
522
523
524
525
526
527
528
529
530
531
532
533
534
535
536
537
538
539
540
541
542
543
544
545
546
547
548
549
550
551
552
553
554
555
556
557
558
559
560
561
562
563
564
565
566
567
568
569
570
571
572
573
574
575
576
577
578
579
580
581
582
583
584
585
586
587
588
589
590
591
592
593
594
595
596
597
598
599
600
601
602
603
604
605
606
607
608
609
610
611
612
613
614
615
616
617
618
619
620
621
622
623
624
625
626
627
628
629
630
631
632
633
634
635
636
637
638
639
640
641
642
643
644
645
646
647
648
649
650
651
652
653
654
655
656
657
658
659
660
661
662
663
664
665
666
667
668
669
670
671
672
673
674
675
676
677
678
679
680
681
682
683
684
685
686
687
688
689
690
691
692
693
694
695
696
697
698
699
700
701
702
703
704
705
706
707
708
709
710
711
712
713
714
715
716
717
718
719
720
721
722
723
724
725
726
727
728
729
730
731
732
733
734
735
736
737
738
739
740
741
742
743
744
745
746
747
748
749
750
751
752
753
754
755
756
757
758
759
760
761
762
763
764
765
766
767
768
769
770
771
772
773
774
775
776
41.79427320709878 0.25 0
43.59756282632043 0.25 0
45.40991420060571 0.25 0
47.2313728713919 0.25 0
49.06198461695195 0.25 0
50.9017954187274 0.25 0
52.75085149933318 0.25 0
54.609199326042 0.25 0
56.47688557532719 0.25 0
58.35395717276228 0.25 0
60.24046129471598 0.25 0
62.13644533479035 0.25 0
64.04195690518314 0.25 0
65.95704391340692 0.25 0
67.88175449092748 0.25 0
69.81613699568608 0.25 0
71.76024001427083 0.25 0
73.71411240122337 0.25 0
75.67780324486699 0.25 0
77.65136186953326 0.25 0
79.63483787492433 0.25 0
81.62828110199681 0.25 0
83.63174163524492 0.25 0
85.64526980537039 0.25 0
87.66891619160315 0.25 0
89.70273166115774 0.25 0
91.74676733521264 0.25 0
93.80107455454009 0.25 0
95.86570491865209 0.25 0
97.94071028858525 0.25 0
100.0261428260858 0.25 0
102.1220549233057 0.25 0
104.2284992412903 0.25 0
106.3455287135799 0.25 0
108.4731965112393 0.25 0
110.6115561196277 0.25 0
112.7606612674582 0.25 0
114.9205659293734 0.25 0
117.0913243652905 0.25 0
119.2729911233863 0.25 0
121.465621042735 0.25 0
123.6692692195864 0.25 0
125.883991009677 0.25 0
128.1098420680461 0.25 0
130.3468783150089 0.25 0
132.5951559388974 0.25 0
134.8547314355722 0.25 0
137.1256615748266 0.25 0
139.4080034028236 0.25 0
141.7018142820407 0.25 0
144.0071518573696 0.25 0
146.3240740589875 0.25 0
148.6526390685009 0.25 0
150.9929053949884 0.25 0
153.3449318786736 0.25 0
155.7087775832704 0.25 0
158.0845019088405 0.25 0
160.4721645587853 0.25 0
162.8718255053859 0.25 0
165.2835450667172 0.25 0
167.7073838362218 0.25 0
170.1434026854358 0.25 0
172.5916628038533 0.25 0
175.0522257388147 0.25 0
177.5251533255417 0.25 0
180.0105076895871 0.25 0
182.5083512871617 0.25 0
185.0187468712507 0.25 0
187.5417574948698 0.25 0
190.0774465507272 0.25 0
192.6258777748955 0.25 0
195.1871151762756 0.25 0
197.7612231130777 0.25 0
200.3482662598185 0.25 0
202.9483096099859 0.25 0
205.5614185165817 0.25 0
208.1876586217065 0.25 0
210.8270958964156 0.25 0
213.4797966809673 0.25 0
216.1458276516 0.25 0
218.8252557502171 0.25 0
221.5181482974706 0.25 0
224.2245729970994 0.25 0
226.9445978285732 0.25 0
229.6782911238733 0.25 0
232.4257215711701 0.25 0
235.1869581814098 0.25 0
237.9620703284237 0.25 0
240.7511277894327 0.25 0
243.5542006385847 0.25 0
246.3713592496577 0.25 0
249.2026744101398 0.25 0
252.0482172883418 0.25 0
254.9080594001703 0.25 0
257.7822725759256 0.25 0
260.6709290370051 0.25 0
263.5741013634925 0.25 0
266.4918624970496 0.25 0
269.42428574531 0.25 0
272.3714447848249 0.25 0
275.3334136655129 0.25 0
278.3102668136615 0.25 0
281.3020790364325 0.25 0
284.3089254881718 0.25 0
287.3308817113508 0.25 0
290.3680236400509 0.25 0
293.4204276042116 0.25 0
296.4881702964256 0.25 0
299.5713287758763 0.25 0
302.6699805086865 0.25 0
305.7842033722835 0.25 0
308.9140755855601 0.25 0
312.0596757860591 0.25 0
315.2210830344274 0.25 0
318.3983767446655 0.25 0
321.5916367614025 0.25 0
324.8009433276902 0.25 0
328.0263770517245 0.25 0
331.2680189845777 0.25 0
334.5259505877167 0.25 0
337.8002537001832 0.25 0
341.0910105793021 0.25 0
344.3983039050404 0.25 0
347.7222167840284 0.25 0
351.0628327539816 0.25 0
354.4202357510379 0.25 0
357.7945101138734 0.25 0
361.1857406245991 0.25 0
364.5940125133083 0.25 0
368.0194113887943 0.25 0
371.4620233159198 0.25 0
374.9219348206341 0.25 0
378.3992328204142 0.25 0
381.8940046653582 0.25 0
385.4063381793067 0.25 0
388.9363216278724 0.25 0
392.4840436857641 0.25 0
396.0495934780099 0.25 0
399.6330605844659 0.25 0
403.2345350811071 0.25 0
406.8541074714748 0.25 0
410.4918686538024 0.25 0
414.1479100359054 0.25 0
417.8223234667297 0.25 0
421.5152012770794 0.25 0
425.2266362851013 0.25 0
428.9567217268341 0.25 0
432.7055512977761 0.25 0
436.4732191941194 0.25 0
440.2598201180059 0.25 0
444.0654492085897 0.25 0
447.8902020466282 0.25 0
451.7341747326071 0.25 0
455.5974638553947 0.25 0
459.4801664965732 0.25 0
463.3823802359144 0.25 0
467.3042030822888 0.25 0
471.2457335519749 0.25 0
475.2070707106222 0.25 0
479.18831410501 0.25 0
483.1895637308548 0.25 0
487.2109201480155 0.25 0
491.2524844127335 0.25 0
495.3143580451838 0.25 0
499.3966431084167 0.25 0
503.4994421399736 0.25 0
507.6228582301671 0.25 0
511.7669950280116 0.25 0
515.9319566358605 0.25 0
520.1178476877393 0.25 0
524.3247733550858 0.25 0
528.5528393517127 0.25 0
532.8021519395621 0.25 0
537.0728178602699 0.25 0
541.3649444137642 0.25 0
545.678639427392 0.25 0
550.0140112974823 0.25 0
554.3711689589239 0.25 0
558.750221889695 0.25 0
563.1512801172695 0.25 0
567.5744541864788 0.25 0
572.0198552758835 0.25 0
576.4875950933247 0.25 0
580.9777858442802 0.25 0
585.4905403476224 0.25 0
590.0259720051642 0.25 0
594.5841947701402 0.25 0
599.165323189968 0.25 0
603.7694723751832 0.25 0
608.3967580051705 0.25 0
613.0472963339348 0.25 0
617.7212041959187 0.25 0
622.4185990118611 0.25 0
627.1395988314493 0.25 0
631.8843222661427 0.25 0
636.6528885311756 0.25 0
641.4454174523339 0.25 0
646.2620294345534 0.25 0
651.1028455051669 0.25 0
655.9679872829594 0.25 0
660.8575769843931 0.25 0
665.7717374662484 0.25 0
670.7105922323108 0.25 0
675.6742653658608 0.25 0
680.662881572463 0.25 0
685.6765662231689 0.25 0
690.7154452875171 0.25 0
695.7796453393479 0.25 0
700.8692936368939 0.25 0
705.9845180559288 0.25 0
711.1254470957207 0.25 0
716.292209959268 0.25 0
721.4849364865958 0.25 0
726.7037571241045 0.25 0
731.9488029678415 0.25 0
737.2202058068114 0.25 0
742.5180981299691 0.25 0
747.8426130226366 0.25 0
753.1938842459845 0.25 0
758.5720462812833 0.25 0
763.9772342628586 0.25 0
769.4095839849613 0.25 0
774.869231945067 0.25 0
780.3563153512189 0.25 0
785.870972055185 0.25 0
791.4133405959186 0.25 0
796.9835602066803 0.25 0
802.5817708586034 0.25 0
808.2081132315461 0.25 0
813.8627286838921 0.25 0
819.5457592966397 0.25 0
825.2573478436811 0.25 0
830.9976378356251 0.25 0
836.7667735273022 0.25 0
842.5648998514519 0.25 0
848.392162462348 0.25 0
854.2487078169597 0.25 0
860.1346830724251 0.25 0
866.0502360927235 0.25 0
871.9955154932561 0.25 0
877.9706706479951 0.25 0
883.9758517341769 0.25 0
890.0112096296889 0.25 0
896.0768959567711 0.25 0
902.1730631268783 0.25 0
908.2998642746168 0.25 0
914.457453338738 0.25 0
920.6459850704216 0.25 0
926.8656149673907 0.25 0
933.1164992815802 0.25 0
939.3987950636099 0.25 0
945.712660170941 0.25 0
952.0582532389716 0.25 0
958.4357337256899 0.25 0
964.8452618465137 0.25 0
971.2869986550737 0.25 0
977.7611060156587 0.25 0
984.2677465735077 0.25 0
990.8070838372521 0.25 0
997.3792820765733 0.25 0
1003.984506403665 0.25 0
1010.622922818738 0.25 0
1017.294698144989 0.25 0
1 23 0 11
777
778
779
780
781
782
783
784
785
786
787
-12.56387102550211 0.25 0
-9.814967827483326 0.25 0
-7.615845275505103 0.25 0
-5.856547240121069 0.25 0
-4.449108798773148 0.25 0
-3.323158057514666 0.25 0
-2.422397473963761 0.25 0
-1.70178900303172 0.25 0
-1.125302221953403 0.25 0
-0.6641127840878518 0.25 0
-0.2951612244527322 0.25 0
1 24 0 2
788
789
-100 1.749999985925977 0
-100 0.749999984684742 0
1 25 0 10
790
791
792
793
794
795
796
797
798
799
1024 7.185830660888021 0
1024 11.48061886021433 0
1024 16.84910396803901 0
1024 23.55971020098647 0
1024 31.94796817867106 0
1024 42.43329055812072 0
1024 55.5399435000393 0
1024 71.92325965393924 0
1024 92.40240467022062 0
1024 118.0013358676537 0
1 26 0 263
800
801
802
803
804
805
806
807
808
809
810
811
812
813
814
815
816
817
818
819
820
821
822
823
824
825
826
827
828
829
830
831
832
833
834
835
836
837
838
839
840
841
842
843
844
845
846
847
848
849
850
851
852
853
854
855
856
857
858
859
860
861
862
863
864
865
866
867
868
869
870
871
872
873
874
875
876
877
878
879
880
881
882
883
884
885
886
887
888
889
890
891
892
893
894
895
896
897
898
899
900
901
902
903
904
905
906
907
908
909
910
911
912
913
914
915
916
917
918
919
920
921
922
923
924
925
926
927
928
929
930
931
932
933
934
935
936
937
938
939
940
941
942
943
944
945
946
947
948
949
950
951
952
953
954
955
956
957
958
959
960
961
962
963
964
965
966
967
968
969
970
971
972
973
974
975
976
977
978
979
980
981
982
983
984
985
986
987
988
989
990
991
992
993
994
995
996
997
998
999
1000
1001
1002
1003
1004
1005
1006
1007
1008
1009
1010
1011
1012
1013
1014
1015
1016
1017
1018
1019
1020
1021
1022
1023
1024
1025
1026
1027
1028
1029
1030
1031
1032
1033
1034
1035
1036
1037
1038
1039
1040
1041
1042
1043
1044
1045
1046
1047
1048
1049
1050
1051
1052
1053
1054
1055
1056
1057
1058
1059
1060
1061
1062
1017.294698180996 3.75 0
1010.622922854008 3.75 0
1003.984506438203 3.75 0
997.3792821103881 3.75 0
990.8070838703484 3.75 0
984.2677466058925 3.75 0
977.7611060473384 3.75 0
971.2869986860542 3.75 0
964.8452618768006 3.75 0
958.4357337552458 3.75 0
952.0582532677735 3.75 0
945.7126601989962 3.75 0
939.398795090925 3.75 0
933.1164993081616 3.75 0
926.8656149932451 3.75 0
920.6459850955555 3.75 0
914.457453363158 3.75 0
908.2998642983297 3.75 0
902.1730631498899 3.75 0
896.0768959791416 3.75 0
890.0112096513724 3.75 0
883.9758517551784 3.75 0
877.970670668321 3.75 0
871.9955155129126 3.75 0
866.0502361117167 3.75 0
860.1346830907611 3.75 0
854.2487078346451 3.75 0
848.3921624793888 3.75 0
842.5648998678535 3.75 0
836.7667735430709 3.75 0
830.9976378507674 3.75 0
825.2573478582023 3.75 0
819.5457593105455 3.75 0
813.8627286971875 3.75 0
808.2081132442379 3.75 0
802.581770870697 3.75 0
796.983560218181 3.75 0
791.4133406068321 3.75 0
785.8709720655173 3.75 0
780.3563153609749 3.75 0
774.8692319542532 3.75 0
769.4095839935832 3.75 0
763.9772342709216 3.75 0
758.5720462887923 3.75 0
753.1938842529451 3.75 0
747.8426130290542 3.75 0
742.5180981358485 3.75 0
737.2202058121582 3.75 0
731.9488029726599 3.75 0
726.7037571284009 3.75 0
721.4849364903744 3.75 0
716.2922099625343 3.75 0
711.1254470984795 3.75 0
705.9845180581857 3.75 0
700.8692936386529 3.75 0
695.779645340614 3.75 0
690.7154452882958 3.75 0
685.6765662234652 3.75 0
680.6628815722819 3.75 0
675.6742653652061 3.75 0
670.710592231188 3.75 0
665.7717374646622 3.75 0
660.8575769823474 3.75 0
655.9679872804594 3.75 0
651.1028455022165 3.75 0
646.2620294311578 3.75 0
641.445417448497 3.75 0
636.6528885269025 3.75 0
631.884322261438 3.75 0
627.1395988263173 3.75 0
622.4185990063061 3.75 0
617.7212041899458 3.75 0
613.0472963275474 3.75 0
608.396757998373 3.75 0
603.7694723679799 3.75 0
599.1653231823636 3.75 0
594.584194762139 3.75 0
590.0259719967698 3.75 0
585.4905403388393 3.75 0
580.9777858351123 3.75 0
576.4875950837759 3.75 0
572.0198552659577 3.75 0
567.5744541761806 3.75 0
563.1512801066026 3.75 0
558.750221878664 3.75 0
554.3711689475319 3.75 0
550.0140112857327 3.75 0
545.6786394152892 3.75 0
541.364944401312 3.75 0
537.072817847472 3.75 0
532.8021519264222 3.75 0
528.5528393382348 3.75 0
524.3247733412738 3.75 0
520.1178476735965 3.75 0
515.9319566213906 3.75 0
511.7669950132167 3.75 0
507.6228582150285 3.75 0
503.4994421244952 3.75 0
499.3966430926024 3.75 0
495.3143580290373 3.75 0
491.2524843962583 3.75 0
487.2109201312156 3.75 0
483.1895637137336 3.75 0
479.1883140875713 3.75 0
475.2070706928696 3.75 0
471.245733533912 3.75 0
467.3042030639187 3.75 0
463.3823802172404 3.75 0
459.4801664775994 3.75 0
455.5974638361247 3.75 0
451.7341747130441 3.75 0
447.8902020267756 3.75 0
444.0654491884512 3.75 0
440.2598200975846 3.75 0
436.4732191734186 3.75 0
432.7055512767994 3.75 0
428.9567217055848 3.75 0
425.2266362635823 3.75 0
421.515201255294 3.75 0
417.8223234446807 3.75 0
414.1479100135966 3.75 0
410.491868631237 3.75 0
406.8541074486557 3.75 0
403.2345350580373 3.75 0
399.6330605611487 3.75 0
396.0495934544479 3.75 0
392.4840436619605 3.75 0
388.9363216038306 3.75 0
385.4063381550296 3.75 0
381.8940046408482 3.75 0
378.3992327956748 3.75 0
374.921934795668 3.75 0
371.4620232907304 3.75 0
368.0194113633834 3.75 0
364.5940124876794 3.75 0
361.1857405987549 3.75 0
357.7945100878163 3.75 0
354.4202357247708 3.75 0
351.0628327275075 3.75 0
347.72221675735 3.75 0
344.3983038781606 3.75 0
341.0910105522233 3.75 0
337.800253672908 3.75 0
334.5259505602475 3.75 0
331.2680189569177 3.75 0
328.026377023876 3.75 0
324.8009432996557 3.75 0
321.5916367331848 3.75 0
318.3983767162669 3.75 0
315.2210830058506 3.75 0
312.0596757573068 3.75 0
308.9140755566347 3.75 0
305.7842033431875 3.75 0
302.6699804794222 3.75 0
299.5713287464461 3.75 0
296.4881702668317 3.75 0
293.4204275744568 3.75 0
290.3680236101374 3.75 0
287.330881681281 3.75 0
284.3089254579476 3.75 0
281.3020790060564 3.75 0
278.3102667831359 3.75 0
275.3334136348403 3.75 0
272.3714447540071 3.75 0
269.424285714349 3.75 0
266.4918624659477 3.75 0
263.5741013322521 3.75 0
260.6709290056283 3.75 0
257.782272544414 3.75 0
254.9080593685264 3.75 0
252.0482172565678 3.75 0
249.2026743782643 3.75 0
246.3713592176298 3.75 0
243.5542006064331 3.75 0
240.7511277571597 3.75 0
237.962070296031 3.75 0
235.1869581488995 3.75 0
232.4257215385441 3.75 0
229.6782910911334 3.75 0
226.9445977957214 3.75 0
224.2245729641377 3.75 0
221.5181482644012 3.75 0
218.8252557170418 3.75 0
216.1458276183208 3.75 0
213.4797966475857 3.75 0
210.8270958629336 3.75 0
208.1876585881262 3.75 0
205.5614184829047 3.75 0
202.9483095762143 3.75 0
200.3482662259536 3.75 0
197.7612230791212 3.75 0
195.1871151422297 3.75 0
192.6258777407621 3.75 0
190.0774465165078 3.75 0
187.541757460566 3.75 0
185.0187468368639 3.75 0
182.508351252694 3.75 0
180.0105076550399 3.75 0
177.5251532909168 3.75 0
175.0522257041137 3.75 0
172.5916627690776 3.75 0
170.1434026505875 3.75 0
167.7073838013024 3.75 0
165.2835450317282 3.75 0
162.8718254703286 3.75 0
160.4721645236618 3.75 0
158.0845018736521 3.75 0
155.7087775480184 3.75 0
153.3449318433595 3.75 0
150.9929053596137 3.75 0
148.6526390330673 3.75 0
146.3240740234967 3.75 0
144.0071518218228 3.75 0
141.7018142464394 3.75 0
139.4080033671693 3.75 0
137.1256615391205 3.75 0
134.854731399816 3.75 0
132.5951559030921 3.75 0
130.3468782791563 3.75 0
128.1098420321476 3.75 0
125.8839909737336 3.75 0
123.6692691835996 3.75 0
121.4656210067062 3.75 0
119.2729910873167 3.75 0
117.0913243291814 3.75 0
114.9205658932262 3.75 0
112.7606612312741 3.75 0
110.6115560834079 3.75 0
108.473196474985 3.75 0
106.3455286772926 3.75 0
104.2284992049713 3.75 0
102.1220548869557 3.75 0
100.0261427897062 3.75 0
97.94071025217727 3.75 0
95.86570488221719 3.75 0
93.8010745180793 3.75 0
91.74676729872715 3.75 0
89.70273162464889 3.75 0
87.66891615507188 3.75 0
85.6452697688178 3.75 0
83.63174159867208 3.75 0
81.62828106540508 3.75 0
79.63483783831475 3.75 0
77.65136183290656 3.75 0
75.67780320822453 3.75 0
73.71411236456652 3.75 0
71.76023997760035 3.75 0
69.81613695900307 3.75 0
67.88175445423281 3.75 0
65.95704387670162 3.75 0
64.04195686846856 3.75 0
62.1364452980672 3.75 0
60.24046125798554 3.75 0
58.35395713602531 3.75 0
56.47688553858484 3.75 0
54.60919928929513 3.75 0
52.75085146258277 3.75 0
50.90179538197469 3.75 0
49.06198458019765 3.75 0
47.23137283463677 3.75 0
45.40991416385111 3.75 0
43.59756278956672 3.75 0
41.79427317034686 3.75 0
1 27 0 20
1063
1064
1065
1066
1067
1068
1069
1070
1071
1072
1073
1074
1075
1076
1077
1078
1079
1080
1081
1082
-95.58527046937866 3.75 0
-91.21468823266611 3.75 0
-86.88781181580126 3.75 0
-82.60420415867605 3.75 0
-78.36343257713837 3.75 0
-74.16506871323423 3.75 0
-70.00868848650846 3.75 0
-65.8938720650049 3.75 0
-61.82020381161699 3.75 0
-57.78727223817417 3.75 0
-53.79466997884192 3.75 0
-49.84199374553916 3.75 0
-45.92884427781397 3.75 0
-42.05482630008553 3.75 0
-38.21954849842778 3.75 0
-34.42262347905 3.75 0
-30.66366770896734 3.75 0
-26.94230149533101 3.75 0
-23.25814894616619 3.75 0
-19.61083791980739 3.75 0
1 30 0 11
1083
1084
1085
1086
1087
1088
1089
1090
1091
1092
1093
-12.56387102550211 3.75 0
-9.814967827483326 3.75 0
-7.615845275505103 3.75 0
-5.856547240121069 3.75 0
-4.449108798773148 3.75 0
-3.323158057514666 3.75 0
-2.422397473963761 3.75 0
-1.70178900303172 3.75 0
-1.125302221953403 3.75 0
-0.6641127840878518 3.75 0
-0.2951612244527322 3.75 0
1 31 0 15
1094
1095
1096
1097
1098
1099
1100
1101
1102
1103
1104
1105
1106
1107
1108
0.2374974873956859 3.75 0
0.5080049895351093 3.75 0
0.8161106077585045 3.75 0
1.167040135957335 3.75 0
1.566745715976705 3.75 0
2.022006783325266 3.75 0
2.540545059765076 3.75 0
3.131155503175075 3.75 0
3.803855494712067 3.75 0
4.570054741932728 3.75 0
5.442748800570964 3.75 0
6.436739495156617 3.75 0
7.568885970124891 3.75 0
8.858390638051411 3.75 0
10.32712487718003 3.75 0
1 32 0 18
1109
1110
1111
1112
1113
1114
1115
1116
1117
1118
1119
1120
1121
1122
1123
1124
1125
1126
13.29198846749365 3.75 0
14.46826967293461 3.75 0
15.53920606111788 3.75 0
16.5142320570011 3.75 0
17.40193716100135 3.75 0
18.21014161242696 3.75 0
18.94596528758087 3.75 0
19.61589042810274 3.75 0
20.22581874115123 3.75 0
20.7811233950519 3.75 0
21.28669635195603 3.75 0
21.74699144983539 3.75 0
22.16606366294491 3.75 0
22.54760481747448 3.75 0
22.89497609905038 3.75 0
23.21123767539706 3.75 0
23.49917565514076 3.75 0
23.76132662423501 3.75 0
1 33 0 19
1127
1128
1129
1130
1131
1132
1133
1134
1135
1136
1137
1138
1139
1140
1141
1142
1143
1144
1145
24.24605024581311 3.75 0
24.51943940374818 3.75 0
24.82320513552158 3.75 0
25.1607226112834 3.75 0
25.53574203288767 3.75 0
25.95243027467511 3.75 0
26.41541721105216 3.75 0
26.92984714552183 3.75 0
27.5014359584417 3.75 0
28.13653464153264 3.75 0
28.84219983564694 3.75 0
29.62627226660425 3.75 0
30.49746386401938 3.75 0
31.46545453502126 3.75 0
32.54099972001837 3.75 0
33.73604991629158 3.75 0
35.06388347335265 3.75 0
36.53925409966763 3.75 0
38.17855478732766 3.75 0
2 1 0 0
2 2 0 136
1146
1147
1148
1149
1150
1151
1152
1153
1154
1155
1156
1157
1158
1159
1160
1161
1162
1163
1164
1165
1166
1167
1168
1169
1170
1171
1172
1173
1174
1175
1176
1177
1178
1179
1180
1181
1182
1183
1184
1185
1186
1187
1188
1189
1190
1191
1192
1193
1194
1195
1196
1197
1198
1199
1200
1201
1202
1203
1204
1205
1206
1207
1208
1209
1210
1211
1212
1213
1214
1215
1216
1217
1218
1219
1220
1221
1222
1223
1224
1225
1226
1227
1228
1229
1230
1231
1232
1233
1234
1235
1236
1237
1238
1239
1240
1241
1242
1243
1244
1245
1246
1247
1248
1249
1250
1251
1252
1253
1254
1255
1256
1257
1258
1259
1260
1261
1262
1263
1264
1265
1266
1267
1268
1269
1270
1271
1272
1273
1274
1275
1276
1277
1278
1279
1280
1281
0.2374974873956859 -1.526315789085041 0
0.2374974873956859 -1 0
0.237497487395686 -0.6309963101336618 0
0.237497487395686 -0.2988929892044745 0
0.5080049895351093 -1.526315789089019 0
0.5080049895351093 -1 0
0.5080049895351093 -0.6309963101389902 0
0.5080049895351093 -0.298892989206883 0
0.8161106077585046 -1.52631578909355 0
0.8161106077585045 -1 0
0.8161106077585045 -0.6309963101450591 0
0.8161106077585046 -0.2988929892096264 0
1.167040135957336 -1.52631578909871 0
1.167040135957335 -1 0
1.167040135957335 -0.6309963101519718 0
1.167040135957335 -0.298892989212751 0
1.566745715976705 -1.526315789104588 0
1.566745715976705 -1 0
1.566745715976705 -0.6309963101598448 0
1.566745715976705 -0.29889298921631 0
2.022006783325266 -1.526315789111282 0
2.022006783325266 -1 0
2.022006783325266 -0.6309963101688125 0
2.022006783325266 -0.2988929892203637 0
2.540545059765075 -1.526315789118907 0
2.540545059765076 -1 0
2.540545059765076 -0.6309963101790266 0
2.540545059765076 -0.2988929892249808 0
3.131155503175074 -1.526315789127592 0
3.131155503175075 -1 0
3.131155503175074 -0.6309963101906604 0
3.131155503175074 -0.2988929892302394 0
3.803855494712067 -1.526315789137485 0
3.803855494712067 -1 0
3.803855494712067 -0.6309963102039109 0
3.803855494712067 -0.2988929892362291 0
4.570054741932728 -1.526315789148752 0
4.570054741932728 -1 0
4.570054741932728 -0.630996310219003 0
4.570054741932728 -0.2988929892430514 0
5.442748800570963 -1.526315789161584 0
5.442748800570964 -1 0
5.442748800570964 -0.6309963102361933 0
5.442748800570964 -0.2988929892508219 0
6.436739495156616 -1.526315789176201 0
6.436739495156617 -1 0
6.436739495156617 -0.6309963102557727 0
6.436739495156617 -0.2988929892596722 0
7.568885970124891 -1.52631578919285 0
7.568885970124891 -1 0
7.568885970124891 -0.6309963102780733 0
7.568885970124891 -0.2988929892697528 0
8.858390638051411 -1.526315789211812 0
8.858390638051411 -1 0
8.858390638051411 -0.6309963103034737 0
8.858390638051411 -0.2988929892812345 0
10.32712487718003 -1.52631578923341 0
10.32712487718003 -1 0
10.32712487718003 -0.6309963103324043 0
10.32712487718003 -0.2988929892943121 0
12 -1.526315789258009 0
12 -1 0
12 -0.6309963103653562 0
12 -0.2988929893092073 0
13.29198846749365 -1.526315789277008 0
13.29198846749365 -1 0
13.29198846749365 -0.6309963103908054 0
13.29198846749364 -0.2988929893207111 0
14.46826967293461 -1.526315789294305 0
14.46826967293461 -1 0
14.46826967293461 -0.6309963104139755 0
14.46826967293462 -0.2988929893311847 0
15.53920606111788 -1.526315789310054 0
15.53920606111788 -1 0
15.53920606111788 -0.6309963104350704 0
15.53920606111788 -0.2988929893407202 0
16.5142320570011 -1.526315789324391 0
16.5142320570011 -1 0
16.5142320570011 -0.6309963104542762 0
16.5142320570011 -0.2988929893494019 0
17.40193716100135 -1.526315789337445 0
17.40193716100135 -1 0
17.40193716100135 -0.630996310471762 0
17.40193716100135 -0.2988929893573059 0
18.21014161242696 -1.52631578934933 0
18.21014161242696 -1 0
18.21014161242696 -0.6309963104876817 0
18.21014161242696 -0.2988929893645021 0
18.94596528758088 -1.52631578936015 0
18.94596528758087 -1 0
18.94596528758087 -0.6309963105021756 0
18.94596528758088 -0.2988929893710539 0
19.61589042810274 -1.526315789370002 0
19.61589042810274 -1 0
19.61589042810274 -0.6309963105153717 0
19.61589042810274 -0.2988929893770189 0
20.22581874115124 -1.52631578937897 0
20.22581874115123 -1 0
20.22581874115123 -0.6309963105273859 0
20.22581874115123 -0.2988929893824497 0
20.7811233950519 -1.526315789387136 0
20.7811233950519 -1 0
20.7811233950519 -0.6309963105383241 0
20.7811233950519 -0.2988929893873941 0
21.28669635195603 -1.52631578939457 0
21.28669635195603 -1 0
21.28669635195603 -0.6309963105482828 0
21.28669635195603 -0.2988929893918957 0
21.74699144983539 -1.526315789401339 0
21.74699144983539 -1 0
21.74699144983539 -0.6309963105573497 0
21.7469914498354 -0.2988929893959942 0
22.16606366294491 -1.526315789407502 0
22.16606366294491 -1 0
22.16606366294491 -0.6309963105656045 0
22.16606366294491 -0.2988929893997254 0
22.54760481747449 -1.526315789413113 0
22.54760481747448 -1 0
22.54760481747448 -0.6309963105731198 0
22.54760481747448 -0.2988929894031227 0
22.89497609905038 -1.526315789418221 0
22.89497609905038 -1 0
22.89497609905038 -0.6309963105799623 0
22.89497609905039 -0.2988929894062158 0
23.21123767539706 -1.526315789422871 0
23.21123767539706 -1 0
23.21123767539706 -0.630996310586192 0
23.21123767539706 -0.2988929894090318 0
23.49917565514076 -1.526315789427105 0
23.49917565514076 -1 0
23.49917565514076 -0.6309963105918637 0
23.49917565514076 -0.2988929894115955 0
23.76132662423501 -1.52631578943096 0
23.76132662423501 -1 0
23.76132662423501 -0.6309963105970273 0
23.76132662423501 -0.2988929894139296 0
2 3 0 1055
1282
1283
1284
1285
1286
1287
1288
1289
1290
1291
1292
1293
1294
1295
1296
1297
1298
1299
1300
1301
1302
1303
1304
1305
1306
1307
1308
1309
1310
1311
1312
1313
1314
1315
1316
1317
1318
1319
1320
1321
1322
1323
1324
1325
1326
1327
1328
1329
1330
1331
1332
1333
1334
1335
1336
1337
1338
1339
1340
1341
1342
1343
1344
1345
1346
1347
1348
1349
1350
1351
1352
1353
1354
1355
1356
1357
1358
1359
1360
1361
1362
1363
1364
1365
1366
1367
1368
1369
1370
1371
1372
1373
1374
1375
1376
1377
1378
1379
1380
1381
1382
1383
1384
1385
1386
1387
1388
1389
1390
1391
1392
1393
1394
1395
1396
1397
1398
1399
1400
1401
1402
1403
1404
1405
1406
1407
1408
1409
1410
1411
1412
1413
1414
1415
1416
1417
1418
1419
1420
1421
1422
1423
1424
1425
1426
1427
1428
1429
1430
1431
1432
1433
1434
1435
1436
1437
1438
1439
1440
1441
1442
1443
1444
1445
1446
1447
1448
1449
1450
1451
1452
1453
1454
1455
1456
1457
1458
1459
1460
1461
1462
1463
1464
1465
1466
1467
1468
1469
1470
1471
1472
1473
1474
1475
1476
1477
1478
1479
1480
1481
1482
1483
1484
1485
1486
1487
1488
1489
1490
1491
1492
1493
1494
1495
1496
1497
1498
1499
1500
1501
1502
1503
1504
1505
1506
1507
1508
1509
1510
1511
1512
1513
1514
1515
1516
1517
1518
1519
1520
1521
1522
1523
1524
1525
1526
1527
1528
1529
1530
1531
1532
1533
1534
1535
1536
1537
1538
1539
1540
1541
1542
1543
1544
1545
1546
1547
1548
1549
1550
1551
1552
1553
1554
1555
1556
1557
1558
1559
1560
1561
1562
1563
1564
1565
1566
1567
1568
1569
1570
1571
1572
1573
1574
1575
1576
1577
1578
1579
1580
1581
1582
1583
1584
1585
1586
1587
1588
1589
1590
1591
1592
1593
1594
1595
1596
1597
1598
1599
1600
1601
1602
1603
1604
1605
1606
1607
1608
1609
1610
1611
1612
1613
1614
1615
1616
1617
1618
1619
1620
1621
1622
1623
1624
1625
1626
1627
1628
1629
1630
1631
1632
1633
1634
1635
1636
1637
1638
1639
1640
1641
1642
1643
1644
1645
1646
1647
1648
1649
1650
1651
1652
1653
1654
1655
1656
1657
1658
1659
1660
1661
1662
1663
1664
1665
1666
1667
1668
1669
1670
1671
1672
1673
1674
1675
1676
1677
1678
1679
1680
1681
1682
1683
1684
1685
1686
1687
1688
1689
1690
1691
1692
1693
1694
1695
1696
1697
1698
1699
1700
1701
1702
1703
1704
1705
1706
1707
1708
1709
1710
1711
1712
1713
1714
1715
1716
1717
1718
1719
1720
1721
1722
1723
1724
1725
1726
1727
1728
1729
1730
1731
1732
1733
1734
1735
1736
1737
1738
1739
1740
1741
1742
1743
1744
1745
1746
1747
1748
1749
1750
1751
1752
1753
1754
1755
1756
1757
1758
1759
1760
1761
1762
1763
1764
1765
1766
1767
1768
1769
1770
1771
1772
1773
1774
1775
1776
1777
1778
1779
1780
1781
1782
1783
1784
1785
1786
1787
1788
1789
1790
1791
1792
1793
1794
1795
1796
1797
1798
1799
1800
1801
1802
1803
1804
1805
1806
1807
1808
1809
1810
1811
1812
1813
1814
1815
1816
1817
1818
1819
1820
1821
1822
1823
1824
1825
1826
1827
1828
1829
1830
1831
1832
1833
1834
1835
1836
1837
1838
1839
1840
1841
1842
1843
1844
1845
1846
1847
1848
1849
1850
1851
1852
1853
1854
1855
1856
1857
1858
1859
1860
1861
1862
1863
1864
1865
1866
1867
1868
1869
1870
1871
1872
1873
1874
1875
1876
1877
1878
1879
1880
1881
1882
1883
1884
1885
1886
1887
1888
1889
1890
1891
1892
1893
1894
1895
1896
1897
1898
1899
1900
1901
1902
1903
1904
1905
1906
1907
1908
1909
1910
1911
1912
1913
1914
1915
1916
1917
1918
1919
1920
1921
1922
1923
1924
1925
1926
1927
1928
1929
1930
1931
1932
1933
1934
1935
1936
1937
1938
1939
1940
1941
1942
1943
1944
1945
1946
1947
1948
1949
1950
1951
1952
1953
1954
1955
1956
1957
1958
1959
1960
1961
1962
1963
1964
1965
1966
1967
1968
1969
1970
1971
1972
1973
1974
1975
1976
1977
1978
1979
1980
1981
1982
1983
1984
1985
1986
1987
1988
1989
1990
1991
1992
1993
1994
1995
1996
1997
1998
1999
2000
2001
2002
2003
2004
2005
2006
2007
2008
2009
2010
2011
2012
2013
2014
2015
2016
2017
2018
2019
2020
2021
2022
2023
2024
2025
2026
2027
2028
2029
2030
2031
2032
2033
2034
2035
2036
2037
2038
2039
2040
2041
2042
2043
2044
2045
2046
2047
2048
2049
2050
2051
2052
2053
2054
2055
2056
2057
2058
2059
2060
2061
2062
2063
2064
2065
2066
2067
2068
2069
2070
2071
2072
2073
2074
2075
2076
2077
2078
2079
2080
2081
2082
2083
2084
2085
2086
2087
2088
2089
2090
2091
2092
2093
2094
2095
2096
2097
2098
2099
2100
2101
2102
2103
2104
2105
2106
2107
2108
2109
2110
2111
2112
2113
2114
2115
2116
2117
2118
2119
2120
2121
2122
2123
2124
2125
2126
2127
2128
2129
2130
2131
2132
2133
2134
2135
2136
2137
2138
2139
2140
2141
2142
2143
2144
2145
2146
2147
2148
2149
2150
2151
2152
2153
2154
2155
2156
2157
2158
2159
2160
2161
2162
2163
2164
2165
2166
2167
2168
2169
2170
2171
2172
2173
2174
2175
2176
2177
2178
2179
2180
2181
2182
2183
2184
2185
2186
2187
2188
2189
2190
2191
2192
2193
2194
2195
2196
2197
2198
2199
2200
2201
2202
2203
2204
2205
2206
2207
2208
2209
2210
2211
2212
2213
2214
2215
2216
2217
2218
2219
2220
2221
2222
2223
2224
2225
2226
2227
2228
2229
2230
2231
2232
2233
2234
2235
2236
2237
2238
2239
2240
2241
2242
2243
2244
2245
2246
2247
2248
2249
2250
2251
2252
2253
2254
2255
2256
2257
2258
2259
2260
2261
2262
2263
2264
2265
2266
2267
2268
2269
2270
2271
2272
2273
2274
2275
2276
2277
2278
2279
2280
2281
2282
2283
2284
2285
2286
2287
2288
2289
2290
2291
2292
2293
2294
2295
2296
2297
2298
2299
2300
2301
2302
2303
2304
2305
2306
2307
2308
2309
2310
2311
2312
2313
2314
2315
2316
2317
2318
2319
2320
2321
2322
2323
2324
2325
2326
2327
2328
2329
2330
2331
2332
2333
2334
2335
2336
-28.80298460214917 6.95668368839405 -0
-8.536226867846187 5.655317932697319 -0
6.990946278465499 4.677706824102827 0
0.6253880189576877 4.032813952260725 0
2.798923540324397 4.22428903241813 0
-1.331647169368022 4.410615546970721 -0
-43.99194331685217 7.083881501018062 -0
-59.99808568663727 7.700859538702024 -0
955.2469935115098 9.259252456965074 0
929.4593826025272 10.34903735475925 0
905.2364637241097 9.042700537034641 0
881.3632119437444 10.02634137194928 0
857.1916954627034 8.834660576955368 0
834.3634877231225 9.275187373836699 0
810.5662441150311 9.166229465332375 0
788.5136436301271 8.163480544421496 0
766.1505590509013 7.834124940377729 0
745.7149530418233 7.763956522734467 0
724.4275708591385 9.202124575747218 0
703.8594197051586 8.653042182546683 0
678.1340329587848 7.826555486088453 0
652.9148379049792 8.723597257014507 0
629.5119605438778 7.848778402068691 0
605.6485236230208 8.450861824810161 0
583.2382007863375 8.027429066167938 0
560.584887630755 8.127336228838246 0
539.5740530187717 7.98773653846193 0
517.761663239322 9.076513906070108 0
497.7006209181889 7.679555398498406 0
477.5974014042441 6.761403802668413 0
457.6588480962026 8.024534311648717 0
438.2931577388167 8.436156133838855 0
419.9810129285486 7.294164884139452 0
397.4880803627909 6.457319904186452 0
377.090894522811 8.299608020645611 0
356.1073729062936 6.664901802054005 0
335.6119144267388 7.104825326145373 0
316.496523839923 6.15233327839494 0
298.0358688429578 7.712527696697376 0
279.8061728945961 6.334507919080786 0
261.3578833552492 7.009185665479476 0
245.1690141363077 6.61633763840395 0
228.3495120142698 6.372058474607556 0
212.3473732490944 6.449249068212061 0
193.650515212506 5.683301536301886 0
176.4589339535935 6.883649893848058 0
159.0394659372753 5.598646978344873 0
142.6272324826569 5.494729418444574 0
127.185124350699 5.889385365992609 0
111.9018593023073 5.379810152957573 0
96.6542839180225 6.169632986644001 0
82.72006097536712 5.346325600123704 0
66.91939916546721 5.412681127330996 0
51.98054964937703 5.526591849111701 0
37.44150871458994 5.170656689222881 0
24.7586012162208 4.023476650030965 0
19.33108836717789 4.425719364835655 0
22.74340772458735 4.115671351657706 0
-3.894972725023814 4.665280628607 -0
982.1304514074619 9.083611711894168 0
-72.08687859987135 7.331533208531652 -0
21.58528966154306 4.311737533133921 0
-87.86972599353362 62.30965255949451 -0
1013.592108202607 63.6420200687652 0
23.63089291486093 4.007407337218322 0
-91.18009263793466 35.84333339784281 -0
-0.101611333232565 4.067206856896092 -0
1001.567431337019 9.911325554728679 0
-84.63709483582092 7.603560280534433 -0
1016.884746018485 36.44137171691654 0
4.299121001129692 4.510087674917341 0
-51.81747448040603 7.251743990396907 -0
20.46924468944356 4.347709310649488 0
968.0655612062003 9.476360157167331 0
-36.32108598873889 7.021792355819779 -0
-21.55026942980057 7.08664866811614 -0
25.27922937599994 4.11788482747984 0
1.477929093484575 4.128506815967881 0
-94.84223451445732 19.98910926677267 -0
1018.64162525404 20.62006026844329 0
24.12897318974843 3.963767655927625 0
-2.000558069054967 94.44318666803495 -0
131.0143899355747 95.32701568076445 0
263.647058824678 92.74043800826367 0
396.2483837384829 109.3624275349267 0
529.8700020242318 97.30161092823104 0
659.5064669499311 102.2718160598462 0
792.7551199146047 91.28713714855679 0
935.0615630216782 97.81244098840347 0
-93.60494947830472 6.855817655616778 -0
1013.603796222439 9.746157321549697 0
65.83133364891658 105.4875980840523 0
97.36371526692483 61.71239882463551 0
192.7833067471555 104.683771064647 0
163.2643875018929 58.94862757735751 0
338.9477450632659 98.04226815046493 0
372.8805251088627 57.67346885270411 0
457.487278604844 100.2493024982989 0
427.7873470371789 58.47513062520998 0
603.2297308450875 97.93337847360981 0
628.4069218462429 58.10778852971645 0
730.091261307116 109.8667593602447 0
693.3236264219482 60.93140996480009 0
865.5755403041203 98.55520002234194 0
896.121753955009 57.66023275226315 0
1004.047607720704 105.2018702689371 0
-77.10821865746192 100.3997230601298 -0
-95.81567993228822 14.16486109582099 -0
-90.16555073397674 16.46854459145866 -0
-88.9739510319281 22.38085610001673 -0
-84.10318727859827 18.36156512825251 -0
-82.73476353773403 24.82025351676956 -0
-77.59952279344046 20.31373938641063 -0
-76.03081886996412 27.37271013280811 -0
-70.77093669248255 22.45410735575314 -0
-68.84858690712267 29.94578995474259 -0
-79.1873999214211 13.65106183210347 -0
-82.27716881692581 32.23818256869933 -0
1018.586643661616 14.16486141412666 0
1013.104156244394 17.12829654360519 0
1012.868813282349 24.24265277242125 0
1007.153200461847 20.71135213246171 0
1006.537248002703 28.61264615702792 0
999.2951591255329 23.61921231362439 0
999.4282107854374 34.26958493226013 0
989.9758508715709 29.57284231520112 0
991.6235094150817 42.26056151871351 0
979.305655675618 35.63992303309112 0
981.5208659824978 51.3369734191472 0
965.902177276035 43.01854193919789 0
967.5583736291935 60.08514326129592 0
950.170790650179 51.08152563703078 0
950.5805107590593 32.22684687255465 0
943.190014343304 8.41140347806915 0
934.2225882086238 41.61842683314428 0
989.0637173316784 20.33969884837027 0
966.7663720085225 26.67033609360724 0
985.29290017587 70.83120083018264 0
968.3163628961368 82.51940995196107 0
1001.620500100609 45.87216103494622 0
934.4861568666893 26.34109341841804 0
920.4288654721834 32.97505654823334 0
918.0552063412711 10.24948251947493 0
-72.81612659055946 16.05705114345551 -0
-66.47254321482512 17.37122862886169 -0
1007.69116459011 13.02687381642743 0
1019.49702761301 9.26549365135574 0
-90.00605216964171 48.41539990193522 -0
-77.4763736308966 52.69070127952669 -0
-72.51532563945159 67.14360928154703 -0
-61.98394103441164 55.70430913895359 -0
-54.27671096181894 73.59904644735153 -0
-43.26585139981724 53.76612891767931 -0
-48.73907866638661 39.64224098007729 -0
-27.12712770462505 42.24545836090544 -0
-39.69452972331952 26.66216604680301 -0
-22.02990205338264 59.06083209597093 -0
-12.26793316244548 41.05695873889944 -0
-20.31486411722234 29.73215478407426 -0
-4.322830748423613 31.20057534987456 -0
3.231354794904119 40.18165796887063 0
13.76250948176806 4.863669560557508 0
11.16356243859001 4.945427998369708 0
9.912537771107591 30.41641001945927 0
29.29125213999566 4.473211396368225 0
31.96125755564791 4.759035619245219 0
17.64302739034631 38.39742052819789 0
23.97019844133832 29.24564557808429 0
24.96531113394303 4.576476211041876 0
26.63105311912651 4.276191999148272 0
31.37194756096875 36.93572123952467 0
37.22167211528233 27.71432524276342 0
44.50373847670892 5.315618475669545 0
48.13241587177813 5.244075661840283 0
40.71383677777766 5.348922011434109 0
45.01423534297347 35.66828466966837 0
51.18521154014017 26.7675123653341 0
59.11074925046879 5.755983455182633 0
63.18768197828204 6.181442789966832 0
2.644401196629211 19.14495253825095 0
58.44266184790699 34.42287942019479 0
64.44148779588845 25.81026644337189 0
74.4997097659198 5.229915056210581 0
78.44486947809131 5.24582617628047 0
16.0735536158546 18.24446796750222 0
29.78271355067454 17.23313642680278 0
39.87702833045027 52.42247063719388 0
-11.67815339377836 18.45810913555547 -0
-14.28193551275105 6.428197492311747 -0
72.20186924224775 34.02418797792032 0
66.94739532543824 50.86986383488639 0
78.28450394674337 23.18894823499997 0
43.38724833123931 16.60382685886837 0
57.32587268589894 15.08944653957761 0
70.33745637219809 14.78856990632308 0
84.19528314776883 32.41518025614721 0
88.06726310888099 22.49652726475601 0
88.57595294396992 5.299665690378819 0
92.59853078026262 6.198462558893884 0
96.02006999442646 31.70373298915004 0
103.3935979586744 21.36595370266852 0
108.9108236306588 30.98422033772454 0
105.0071681019609 6.646059813993289 0
112.0856159186242 19.49370442585504 0
120.5285247503593 5.979982950276665 0
119.9259877831943 27.75271190675359 0
126.5276746421327 19.30253673517379 0
135.9042596178559 6.391450763030332 0
131.629167564822 28.07093273057717 0
127.7791952600336 40.78716825750071 0
136.2060796929076 18.63902477262631 0
142.1880791497445 27.06621008337012 0
150.020243822777 6.114273660249403 0
154.845684342554 6.8467624383961 0
144.8949171332019 18.20323201902057 0
151.9819996297507 24.2546747739878 0
157.9589474897361 16.85453846855124 0
162.1997356707453 24.23946026505197 0
166.2565324710645 5.584359626415455 0
171.6313241396016 6.749455509797677 0
166.1070846637167 15.83204863219203 0
171.4848171511035 23.25694491097432 0
183.9923898501088 6.304127814894151 0
188.8096019885372 5.94048121634393 0
83.62115085091402 15.77368764315435 0
90.67279057705245 13.92266268033935 0
174.8305082381713 14.89839079326496 0
181.2807423111965 21.92231462292832 0
177.344692417389 31.40490621612518 0
189.1355308817269 30.65498093383224 0
191.2308751049739 19.41283692853717 0
204.2548640295594 6.007361144157943 0
181.9526442489196 46.27687599598268 0
198.5610792489977 42.62163175117545 0
106.5553705229724 14.16767209640448 0
100.3374380305741 14.50247386595151 0
101.284510067764 5.336870155395029 0
115.0020563996362 12.17204632009789 0
116.0031105858714 5.465548309923342 0
148.904622959398 36.27081945586241 0
183.0323694375562 13.98171976098774 0
129.9775663464275 12.9221202282777 0
131.4560664928086 6.15775899458544 0
123.1775895011473 12.26895909308887 0
13.6191909560755 53.29925097439445 0
24.39992738600977 70.8608615525344 0
54.39429941455504 69.88954661810388 0
140.5567161149051 13.24474473759961 0
142.4033247513929 55.17641391891942 0
196.1299455660309 59.14654158489246 0
214.8078803937623 53.5107085325376 0
221.7108330209266 34.696601767784 0
235.1390091405602 47.26550853444884 0
241.960496268767 34.71058310810554 0
253.2296477475014 42.00555014107151 0
236.5338955383295 6.370872556267827 0
259.7040165920805 28.59519417774576 0
269.4665087613968 36.84449455011032 0
270.4951798150647 6.837618062349565 0
253.6090398800067 6.252860660945188 0
273.9645455670341 23.61295199610075 0
283.1425765048944 34.43181304576949 0
289.1814722033765 6.381245097098001 0
283.2640010791748 47.20103355455837 0
298.052755948717 41.50759034576624 0
303.9409550450351 27.07592208631472 0
315.7480756583099 33.88967324754434 0
307.6414038157429 6.837611413190687 0
295.7358118140444 64.58609735941768 0
228.9939330343914 21.32373703028503 0
220.1717019907217 6.076283078390637 0
287.2871327123378 19.6062354142379 0
314.2009826605413 21.52875457668118 0
326.4597523443215 6.537752460683528 0
329.1546100952114 29.06832330588892 0
328.4910332108838 45.2466369382099 0
247.3356821941424 20.07463658434322 0
341.9115580726882 35.84735248976875 0
345.8096521810259 6.963222515421942 0
340.199802959759 21.08844857666487 0
352.1874949680192 26.52753710767531 0
365.9691515127828 6.482345105448822 0
263.8727326224109 18.62182737691766 0
329.8302903711581 17.18534507956788 0
207.6022420090971 24.28588118127637 0
306.3783083768419 16.55190274309837 0
349.6911953093175 16.51278399217584 0
359.5507433993028 17.71673697473913 0
363.2812198535478 26.80706196631569 0
371.6218968795147 19.58577744996954 0
387.0167419880245 6.841454916755478 0
374.7053774648624 30.87924862379606 0
384.3150279900661 21.61387764205388 0
388.671646078575 34.4311770497781 0
395.6813477380716 24.16834563931045 0
409.0773403949873 7.388802175214161 0
402.6123853797928 35.51945267481124 0
412.5677017016297 26.68117421219155 0
392.6048297492993 49.63280985002201 0
280.721812067679 15.96775452520439 0
320.5707424017293 15.2037415015929 0
391.8916395746126 16.01939663523803 0
-84.8186826626529 79.77567485170189 -0
86.0805996073282 10.42381780566298 0
401.1159834450524 15.32338294894689 0
411.0517494000533 16.77122267562447 0
421.1497676700962 19.36497707069546 0
427.5934105264353 8.503568423862932 0
422.9084507656 31.25994648143458 0
431.9227255677329 24.48345759898838 0
434.5967591150712 36.61409817508162 0
445.7583578557105 27.32650158751376 0
447.2677947397292 45.5186804466173 0
461.2163115399358 35.06430737458187 0
464.3823527150628 49.62171183630421 0
480.5187011276868 38.78091330328981 0
480.2375010330481 66.27314198660011 0
500.4555676157344 48.87943529504042 0
498.5116501086333 28.32447659645192 0
514.6224022715531 34.85333111261165 0
482.6196469404974 23.55297474705627 0
484.7364477656355 8.763289043713089 0
511.984461180996 21.07647385416417 0
525.5973511748734 23.58987478273534 0
530.8120777630909 37.90579751036392 0
531.5114055075146 9.385498246645284 0
505.2189986256708 7.705594238488223 0
541.0381778384021 24.76091986080102 0
545.7096185467238 36.92907314422422 0
556.5691255470767 25.66941011410792 0
563.1573283428323 41.5870680504683 0
573.6360961554549 28.23465092663116 0
581.221070180896 46.51130828300077 0
591.5048219079042 30.19527504967505 0
566.0833197072996 63.24841569358659 0
549.614507176649 15.31388454898077 0
600.047206450639 47.71566693339113 0
608.8726406784947 32.43692824048334 0
458.0828105527676 20.83240208899026 0
465.8530152721667 8.880363176690409 0
446.8904645693428 15.92854469738185 0
449.2468598014917 8.807398110012022 0
492.3035328383805 18.38244922805871 0
552.4921600708317 8.543966743230667 0
602.1163675754934 21.12895605102861 0
591.9268604392837 8.120551316505257 0
616.2002013002377 19.34781135078596 0
624.188136354071 30.87138669594247 0
620.5415219168498 7.300024962417501 0
538.2665663940195 58.20102920099096 0
566.1668046000979 18.65652481250368 0
574.6314926267901 8.034791930813507 0
1006.811333469689 80.54065844080419 0
145.3735174283175 11.44987518778238 0
1014.028204758845 48.98661702907999 0
233.4606002665228 73.66110901042036 0
628.13357148771 19.94773523887806 0
636.6968352537594 29.04117313665576 0
639.5305194149937 7.312545270523192 0
979.5912971853561 24.10023244949396 0
583.1729059967331 20.46543510981143 0
81.17654069540374 10.33349753617332 0
77.12205905248011 14.38899826141742 0
-93.90181656010562 26.74724097270497 -0
72.96939033740078 10.71518236160116 0
70.59389124928902 5.216495951390904 0
67.72471059206789 10.5965232471051 0
64.19450220744818 15.12726008801603 0
59.48400217051739 11.11409661513431 0
54.15163213457688 10.72948136533183 0
55.51477788353152 5.719702338781231 0
50.26422033577739 17.48586188663729 0
48.56365045519307 10.74332316308846 0
42.99658464802085 10.86586833370186 0
916.5138570960831 50.52192688346159 0
956.4198251886735 20.74012197896947 0
160.7871789617743 11.37639048094508 0
189.7747851629646 12.21373538989146 0
196.0611427527623 12.54522069770658 0
199.3144636763558 5.708016254747245 0
-11.11956018949634 5.882990038306652 -0
-9.601308051378153 8.221499167295267 -0
-6.407900716255434 7.641529039259031 -0
-7.38430660385729 10.29972853079355 -0
-4.191648195188979 9.995553888045247 -0
0.9725564543360909 4.617732261132559 0
-5.385591432655466 14.00885602248631 -0
-11.39997694041447 11.65017872239998 -0
-16.95863403643188 14.87676791069662 -0
-3.840949656267377 21.30935282119693 -0
0.2699422475254634 14.75546457986513 0
0.3425372136100525 8.529795417743239 0
5.925846520267257 14.88634590793989 0
-32.70024882368849 77.84917073670037 -0
-46.6949000813713 101.5017142603775 -0
-3.580721990718603 7.479104755827507 -0
63.61084520810222 9.611023461588728 0
993.7018549936435 9.012208842278479 0
995.7110768071477 15.39390944270801 0
103.5582479577513 10.4421328302636 0
107.9991036186743 8.858287415006449 0
-85.9481363037214 12.86824043094056 -0
-2.848264300234566 4.512491719287095 -0
533.9469506464787 17.1333235478539 0
988.0209561825216 13.08808821845846 0
343.5233950848738 12.88659405896686 0
378.9936787122984 14.94887908665902 0
-80.52873021873224 7.553497676104991 -0
-89.05125002423358 7.472313037298996 -0
-68.9141321589621 11.88938564757884 -0
-63.59788609814115 11.56952090864303 -0
-59.71996381297551 17.4234145050076 -0
-63.57711910321627 23.9479736180979 -0
-55.63010129266824 23.53352839045063 -0
-52.76013553888136 15.53123223904718 -0
-47.44391736627248 21.443278367323 -0
-46.26893118535173 14.55294526209767 -0
-59.00392568335733 33.00741671099569 -0
-69.10684352611081 41.66207644929474 -0
-57.58954199470325 12.33458517293706 -0
923.482731663657 19.41360589712506 0
909.4302990471589 24.57444754963959 0
902.8571202156127 38.5335080756845 0
880.7812906458317 38.86878559849131 0
894.2766829617683 25.38419301642391 0
893.0440528152535 8.989905855135532 0
872.8495749464793 64.12363015478095 0
855.652248666353 40.91482564864809 0
846.1829870357666 67.36634833850778 0
832.8174781272248 43.79654178798916 0
841.3328950924898 26.40687299204869 0
845.4785311736216 8.783941073862927 0
822.9408016122298 24.50804916917498 0
813.0482796552496 40.96051282949066 0
822.2685828075737 8.297766857281399 0
815.3628432782137 65.36882528496547 0
868.3758874303896 25.89267588832319 0
869.0228758123155 8.885891093806645 0
805.8696460351769 24.05895640396067 0
795.580599542397 35.75172217260287 0
800.2496431920314 9.121834948377304 0
793.4458852928512 24.43469706366354 0
782.5132425294601 28.92012642967678 0
778.1636965755522 7.885657646434051 0
783.4785800453897 48.02381264452465 0
764.78911146434 42.18826086527998 0
768.3020652895868 63.78342698303121 0
746.5594998525794 53.55396532686982 0
739.1825404139008 34.0587142865674 0
759.150487612839 24.94360089712825 0
755.8855556639714 8.19711560780911 0
725.0987891105234 46.14648293640138 0
724.5354925625526 27.10901770373973 0
708.6438275945904 36.07849248636555 0
709.9018961762396 22.35219069099387 0
697.996970898582 25.42835988207707 0
688.5774422510693 8.860759150924316 0
714.0427059476262 8.991138266695017 0
737.8610024438872 18.77202981665522 0
734.2559209204751 9.654952284111173 0
771.2183827143017 21.62278788222426 0
-67.95128027575664 7.295717873477785 -0
199.3516885983098 19.21749138937051 0
203.2477298890581 13.14856097169603 0
212.3286120931305 15.7466119618383 0
-25.10022522074859 6.919392360954185 -0
-26.94837545348778 11.02874850268384 -0
-32.55962723868658 10.6826486411625 -0
-29.52925445904287 16.14363828971545 -0
-34.8244798175144 15.67276525143331 -0
-76.41313046867447 7.882189165328804 -0
-17.89346501382796 7.167122243130689 -0
-15.5050149294652 9.947754905912035 -0
361.2375733684862 39.46280778328745 0
-63.8522655874314 6.813219664164568 -0
-5.075995892579276 4.679768656980786 -0
-6.34542288299498 5.275492461150686 -0
35.73363195424438 5.229667947481047 0
36.60623190837037 6.867410105658575 0
34.26604410494754 6.890533802812932 0
35.87779914367726 9.524609801448577 0
32.46501164573984 9.174652861382178 0
33.97579119213695 12.25647805878661 0
38.67879263991333 12.58872723470167 0
36.31078838522052 17.91696902584851 0
39.25336620629046 6.584915303525114 0
-91.89745875952333 11.19383354533651 -0
-96.79918608461533 9.333224460883084 -0
-55.79097110850804 7.184744603764167 -0
170.1662622731357 10.31136751425483 0
428.7408063417041 15.56613269768378 0
437.6921934647841 15.95553617725442 0
-47.88496218267826 7.169463520262777 -0
639.116651501555 19.25072014077388 0
650.1973318392647 23.98441222517134 0
647.5900778307247 41.05156058700961 0
662.1299763417555 33.42538523271229 0
660.1926742883238 50.80335935908339 0
662.8342968467599 19.80760936167075 0
668.7370320766526 7.481334619766729 0
672.4322073617641 25.00040109340827 0
676.5568881472312 43.90882057916587 0
975.280050761967 9.739761045959243 0
972.6154216174386 16.92132301132828 0
829.1047098714116 94.5155021588744 0
34.39996669482213 4.991259703938933 0
155.847394457829 11.21409238441811 0
749.1666939265356 84.05440667045804 0
-40.13643134945897 7.171207223820386 -0
372.5401510545764 11.29847684734431 0
382.6096457127794 9.830615078256331 0
519.6966461557022 15.78438088152847 0
961.6403438243344 9.333972965447158 0
-23.24299054587109 15.26350651028721 -0
-25.59782457831422 22.46751868580627 -0
33.0228159785182 4.642086486522503 0
32.57579732059882 5.882468283561026 0
30.49067730029614 7.877098732312411 0
29.81580116454123 10.51616327384813 0
27.19580630501252 9.190128024340138 0
25.80377405089658 12.98953429602167 0
22.54089950616672 10.09691858053452 0
24.23517681646549 7.571650236025104 0
27.76567316114341 6.638712742150917 0
27.82560233040169 4.275614579311222 0
20.96524424277974 14.33753734941413 0
18.78966829367387 10.34466199215184 0
17.04138344331837 4.378997226821653 0
20.43144400432724 7.789109895338625 0
16.94304871587831 7.833450084164746 0
15.19499861215106 10.56801245519854 0
14.06080192425273 7.746204161959651 0
12.02523667257709 10.259456619595 0
18.78245525672952 6.546251781715678 0
24.08708021290769 19.75706606907359 0
15.6164283149063 6.092761659607863 0
11.20568158914556 7.807632204962418 0
8.955742722815749 9.484056012223251 0
8.811385451581916 6.889564407413922 0
6.375715829369119 8.256452802171344 0
13.17927330933278 13.64131311816348 0
17.80603938671414 4.418583790887779 0
17.38566703625352 5.51495707615076 0
-49.81219438528566 11.07623961344269 -0
-32.55399780351839 6.432224937075265 -0
118.0124457615372 60.09698828497047 0
18.65816448395403 4.34020011744157 0
178.4574332216189 10.3832698833585 0
647.4500421013483 13.54519159408349 0
16.18344246327057 4.685326290551794 0
14.96311162147606 4.872863751962787 0
347.9185024074785 61.45577654314703 0
322.6929539194303 68.79765436824253 0
28.43844858026072 4.46150296543467 0
28.74419298621777 5.446466935038258 0
29.94242095529925 5.298460364842492 0
948.9902887975538 9.351336088887665 0
944.7577448724967 16.88232342814079 0
526.7677828345129 13.72827327709367 0
522.5179199306933 8.850658544093266 0
30.06777368508778 4.361525527637378 0
30.94722504592614 4.559488524770205 0
8.100940452140765 5.104832074813041 0
9.647107818935046 5.119886497186894 0
42.48059948472138 5.100453835273346 0
42.06636753727285 7.229965027240978 0
470.2347845521463 24.42616955973634 0
475.6987049956344 16.80236411787967 0
467.0811146600103 15.92791752720699 0
483.9488277157257 15.44837271913565 0
-80.79842673541137 40.88413278996448 -0
-37.87047977468416 11.69544059949486 -0
454.4938765291095 12.1694844008902 0
443.6150276909457 10.3969664924153 0
923.7282409091217 9.314351894570796 0
174.227734343786 9.183326018803976 0
179.5926256076062 7.332186498574778 0
90.36617550676689 9.042829366941575 0
85.71453796933348 7.533768934710523 0
9.352699138010188 21.58098500072715 0
57.08386486664188 7.676196512248748 0
936.2576471995441 9.172532007975651 0
207.7532275497298 79.21417140299897 0
226.4210753059276 101.351733101064 0
898.8720246506739 9.688712720897556 0
902.800568851632 16.83089998473206 0
887.167010330955 16.44356733044237 0
877.2814714809405 17.97479888864369 0
912.0959909676285 8.53154418915665 0
886.9935307032796 8.959388795642026 0
874.6562435025357 10.0676025152278 0
851.0808456108274 9.300709712422318 0
854.5385214165698 15.28151899527805 0
863.0787207021956 15.45706466687068 0
46.45801807709042 5.595565955674762 0
45.44242460966868 7.968418823421583 0
827.5943235692419 9.528143283105427 0
831.2653247046297 16.92864178924841 0
839.6523702199237 15.22474534521018 0
863.0956422359385 8.135523267526539 0
839.6917050415902 8.598998618447361 0
816.9662001759247 9.480860823431311 0
813.9054304203551 16.46439679803457 0
805.4905701400658 13.75684798321063 0
805.4192683124126 7.908982479384063 0
697.9761022611993 8.723632869393766 0
701.9163829673871 15.48826367625328 0
692.9269232993206 15.4860154646261 0
685.4346908496701 15.57507287810606 0
708.543226830491 13.88154988514369 0
783.1136437132434 8.509948184681955 0
779.186697476501 15.27508921687784 0
793.6815856700069 9.359697358390862 0
761.274640279864 8.415460812143778 0
764.3004060815131 14.66327276338107 0
663.3232172084413 10.04516731053427 0
771.9682551197525 10.04855529945258 0
750.518248641 8.368922851825204 0
746.5918178372514 13.9755356536825 0
755.3485354545675 14.64116712097662 0
648.3166956759067 7.535244650634677 0
601.4144637650114 7.704930497572533 0
740.6936663652406 9.611079046197228 0
728.918719107055 14.95688531744261 0
718.4654549585084 14.96071174316451 0
615.5742197761795 9.7850662650474 0
718.9425756436364 8.130794917121349 0
729.3262800505336 8.277234948373435 0
693.1951116880998 8.114081496988835 0
708.7110635279881 7.805146066877077 0
682.7427465026058 9.213876462958121 0
569.7971547210708 7.612723503903353 0
571.3534164830942 13.25667070714466 0
578.7224198447198 12.59976916380705 0
673.192428798199 8.034369494677398 0
670.4491277811608 13.97270653029794 0
547.4692803021015 8.641673111224222 0
556.5462522514616 13.40304213789427 0
542.6021130864806 13.21396036631971 0
657.8033939335568 7.994660797689591 0
655.7538533057251 14.01677309102732 0
296.0237711541675 18.48466635481155 0
300.4689991894708 12.2717322187895 0
294.2124221153767 11.46026671343755 0
288.3080188487968 13.86832552236043 0
283.6297233132727 9.844469571479495 0
302.174369939073 8.260377816108727 0
291.9611217775977 6.936219553297735 0
643.8537234398315 7.907434402075391 0
634.2686053941711 7.86596398417331 0
610.2099256095788 7.791105639493745 0
608.4836489992297 13.49576990115861 0
624.4032275012582 7.202548407787051 0
623.7478207120862 12.12736103086088 0
60.98202135931058 5.410398057423216 0
513.8494758173016 7.369042393019086 0
597.1356611540486 8.479385063888817 0
595.1576129598637 14.07138699705748 0
587.7475120721091 12.77438464028724 0
493.0051676252549 7.758617803358098 0
473.2264021133911 7.192107882651401 0
578.8114988353472 7.232398032157699 0
587.685817126668 7.284473004592089 0
564.8491571255857 7.200687399646267 0
543.4547416664967 7.471642207652651 0
556.5489381558489 7.514869021992639 0
434.306723291483 6.917641545838713 0
415.8322203214703 7.473765608158892 0
417.3782119307053 12.30157997337379 0
423.2773735825596 11.22140419703149 0
394.2668185582023 6.848198024163374 0
535.6026270825947 7.474252567308259 0
405.4923082750185 6.587935862451946 0
57.30804693505047 5.330376461242522 0
509.9724172415757 8.080107359984234 0
507.7648674025072 13.55273022964374 0
501.9441169021158 11.19279632096935 0
501.5519643326145 6.815589191591195 0
481.0818644366091 7.147309735160084 0
489.7581029908989 11.61393276813231 0
489.2317022637365 7.238455849043429 0
373.1919790432001 6.756406210961005 0
352.464182880467 6.982686455804821 0
354.4701112979145 11.46932414019608 0
359.5509142592712 10.22778043112748 0
349.2251769160044 10.24134117095024 0
341.7352520136972 8.863910207644404 0
337.456575564299 11.95526619437623 0
332.0118194170722 10.24607507549029 0
332.6129802702748 6.279781465884941 0
326.18192343034 10.36623450418779 0
362.5652806740592 7.060994373232469 0
365.9341221580801 11.2990834790537 0
469.5253181148226 7.162180335303622 0
461.085990653744 12.24728755945833 0
49.83932789389817 5.644830120423439 0
51.04617514585254 8.022293556689265 0
53.84270363380293 7.245090482518083 0
461.4920801433907 7.33043700955949 0
453.7462445951945 7.300283364510187 0
76.66458252056533 5.453467205825405 0
77.53862009921104 7.981001631979217 0
423.476496010756 6.918021484672795 0
401.4118371137754 8.305818311511066 0
323.4311056672514 6.869050774696491 0
431.0425601906073 6.929272878829775 0
313.5588089189619 6.559686265323907 0
316.1107707234183 10.14019577505628 0
310.3916174236613 10.46210459467061 0
305.213631776016 10.09787433887271 0
412.4882868823481 6.840452979083973 0
276.8218402089886 6.336664369809527 0
277.8872677706065 10.21814171505507 0
272.6352005275318 14.93895752455074 0
267.7277718166448 10.87252157148517 0
262.042909309764 11.04280764285748 0
257.3820518575083 8.542505606691174 0
255.848156467798 13.62075760792672 0
264.8587670616677 7.071757529804614 0
390.3259086310039 6.437124268975597 0
359.4901253432868 6.677123558502015 0
250.4121960553102 6.496660003396956 0
252.4551989126134 9.743729484313242 0
248.1513411707228 8.929350403377606 0
244.1530828946348 10.29484179375239 0
369.5194730704589 7.222718607134638 0
65.10719685660152 5.40156700714818 0
349.256812292471 6.337450028435402 0
217.2641975645031 6.331448897138995 0
219.2574929014415 8.84483112610107 0
222.7489995168779 8.635768716354695 0
221.0509056590226 13.58331656242464 0
218.1319434238421 22.76185364543299 0
215.3885561229213 9.573884584327363 0
210.6584992603049 10.01056327173726 0
228.5886962878755 13.99729003933723 0
235.9334402885228 16.60198167087476 0
233.7529587949612 11.20139485845742 0
242.0543605141105 6.642476026566894 0
239.2918576165006 9.607686746284921 0
233.0206192096122 7.264895049765522 0
225.3482983458645 6.414596797296729 0
226.6026405821149 9.799869054361759 0
209.2926826538015 6.48976349424649 0
206.8609304268346 8.961942688920288 0
72.73717617108338 5.43647511807997 0
329.4268119071336 6.821640584374424 0
310.4868756569713 6.465108997093316 0
319.9950067247261 6.506246316095534 0
282.973360848297 6.007474745193506 0
285.819903569612 6.358396235407252 0
164.2745106030872 5.52583407419902 0
165.288655045319 8.723555465357327 0
140.5549088068047 5.743151349145251 0
147.7640439430116 5.604567966257178 0
80.60191817556381 6.383656904161741 0
273.4768706671366 6.096601083089999 0
239.3565990265948 6.157360901694449 0
222.8462088657749 5.954583812525678 0
247.861316991647 5.908469609035701 0
214.925150240485 5.970916509935683 0
124.6250431203549 5.921082923508035 0
126.1240505766237 8.887753815854198 0
122.6916405750561 7.940011730141713 0
119.1483857519177 9.173176574229698 0
129.4910429297644 8.217604829882942 0
133.4954987251196 8.931996150480302 0
138.0805625331041 8.874739816434779 0
109.8581945684869 5.916874584706085 0
206.8745385355155 6.016825936609329 0
201.8006096477616 6.186209108279198 0
200.0825828983593 8.731278998897023 0
90.44991407909819 5.767753266474085 0
94.04373528401334 9.050470447277933 0
196.381542100223 7.023261609418552 0
191.20262658317 6.19534848786899 0
192.712164591506 8.845499426826615 0
186.2760341073565 9.064974753409594 0
186.2802521487143 5.927723935613012 0
168.5322600635018 6.478123019304214 0
173.9923761820345 6.063286284489942 0
161.5436898746682 6.799401730067395 0
145.2086206039886 6.741222145449473 0
156.8966397108355 5.800594500876584 0
152.1609935011554 8.973425616804844 0
150.9822027932925 14.22979498391078 0
152.2729517738919 5.886892343090069 0
133.6923920067013 5.749269774696243 0
138.2146791728109 5.701868385722071 0
94.59266587651899 5.783713198563163 0
98.68279171394587 9.575251118892611 0
122.5960197272152 5.468215520785281 0
118.0032598150719 6.063279367172108 0
107.4424934882955 5.637963949949486 0
103.1752770459634 5.568166817033585 0
129.3177908169152 5.552949838092197 0
113.8406135622502 5.614310848838365 0
112.249165767776 8.226174167785999 0
99.45068130614473 6.107984603298824 0
69.00362785202648 5.171105839606493 0
69.90912314577774 7.405291705533513 0
-20.28054014768045 11.50537225675766 -0
53.73961638371787 5.198276934082203 0
77.9354261836375 70.85238945734847 0
406.8617606638184 11.19228255263444 0
182.1017136130189 8.796239965862062 0
450.3681120877313 68.00787380195996 0
493.8126781460478 97.5712686937806 0
-3.019975191131572 5.784280393219517 -0
-1.891510018411624 5.115055023801477 -0
-0.8077691974642677 5.280897101930982 -0
-1.33782204859792 6.6233011626694 -0
0.3723134495318507 6.416856654990308 0
2.489339329718552 7.73623719026736 0
2.63360176447596 10.92465920316669 0
2.252380569415112 5.920903400893767 0
4.444489266204169 6.789719060492572 0
1.766008748998488 4.883946707677886 0
-1.87299142794182 8.769151657229838 -0
164.422083612826 42.16966491771002 0
95.43114548064014 18.91154230505544 0
2.196591490681815 4.30501880832574 0
2.663899945663573 4.893122725294116 0
60.57652747222048 7.62485681525741 0
3.402396576092001 4.397291504092071 0
141.7066746155577 8.48065600885166 0
119.3112183327754 16.69385584253314 0
-49.28324484832961 29.71909876728586 -0
396.057131430562 11.07980691235775 0
798.9745700526724 51.41895399662788 0
678.0712663829023 15.37414927678103 0
-40.08792729743482 17.39985905354322 -0
-18.28978088408005 21.27201625102695 -0
510.4707988906566 69.90168923374296 0
18.9295671390982 5.242333274940106 0
19.99609536990215 4.916078909113031 0
20.98855465356337 4.982742546636 0
21.96911043883885 5.069649160455321 0
21.47904743305613 6.219406052395276 0
22.83313337656645 5.988600612095059 0
22.30394022731641 7.533137075277717 0
24.40006063624617 5.977498578425976 0
23.93630806291893 4.488226948327049 0
23.30983525992661 4.356730779542 0
25.98222437876086 6.883075432797813 0
23.61329869508766 5.102521915986196 0
26.64137665189597 5.648529267559802 0
22.77937256941492 4.830546988346366 0
22.23175703183067 4.40531024870121 0
9.630369393451126 12.87249764756282 0
1018.821918595154 27.75383918982876 0
-73.8835335478977 11.36224419939966 -0
25.77047697528076 4.203128551374649 0
-67.7100053184657 84.73878679148204 -0
24.46236772272586 4.426188352433831 0
932.5935262665092 60.1711213926754 0
-87.82361148800359 28.50360367097189 -0
574.61032861602 18.6426101439796 0
-30.64365329289803 30.02883581041546 -0
85.55342666700869 46.452235360129 0
981.1305416211044 15.84419852483581 0
303.5458903951411 94.83329157727775 0
502.1349672928545 17.83639999454963 0
115.7077653137539 7.785755931341234 0
-58.18092704054346 44.15573605644127 -0
432.8649283973421 10.69019967998191 0
496.1410847612822 12.41062525226108 0
12.49444198563749 6.112804817552248 0
20.10119397611277 5.94932041002312 0
39.42630441017467 9.142190271995657 0
720.3938530157369 70.81233494635929 0
65.94684551736782 7.90684371791937 0
-0.6709166632209812 4.457402176940264 -0
0.2172421003519561 4.916817240709982 0
34.97205929956819 98.13623858454508 0
389.3642014620907 10.4541505934242 0
471.3450068383895 12.03320179305174 0
513.5794511471327 12.83702104576094 0
1.120281324249321 5.406554232434623 0
631.8700424584919 13.45956258904153 0
312.1441261102771 50.80553045183615 0
986.8965378028763 89.96849039439471 0
313.2643905610093 15.09060377881973 0
685.1920577196234 26.10096711176493 0
693.6432742662945 40.6735758372489 0
933.6887326409829 16.43171842128375 0
27.64422409053737 5.086594077481909 0
26.13859642222972 4.70724987474404 0
29.44341866525109 6.498120629414896 0
748.9094370503562 23.57123108286484 0
103.6051850975738 45.14857386333797 0
158.1600088808227 7.939314752174691 0
3.706845487479122 5.329646320329075 0
5.023258105105831 5.391428564034471 0
6.525469050142067 5.973361433086096 0
970.0144847519826 110.7493124800885 0
882.037976013982 25.30814711379325 0
98.08504199553722 90.57939838862852 0
199.4232625599983 28.68097936075117 0
999.212774586457 57.63859890594841 0
1007.410821643531 37.14692201454294 0
-1.283254613791577 62.14072695401567 -0
-53.7795986525848 10.63308654013305 -0
478.8327101460656 11.43068623791665 0
551.2923486757913 77.03815283484046 0
567.1953232867515 92.74515190363786 0
4.310131985241052 8.925580682633777 0
6.305234702603376 10.89159870928296 0
31.0519742296191 5.977987450287991 0
250.7600807657353 64.1590404605378 0
564.3843921900037 11.77251074132212 0
-75.41236897110697 34.42057837910185 -0
73.79552059151125 7.571496735102234 0
19.91840141825672 4.254851340863992 0
587.9815566613682 68.35005099267254 0
385.1990447425211 14.5825222761545 0
24.47456718258864 5.004872140697304 0
25.38737136579388 5.301969437559557 0
12.52503382087676 4.836508191757372 0
25.50868073377893 4.579066538756922 0
409.5281576934923 49.34486713386077 0
321.9009402373899 23.37516754225504 0
27.23071774118471 4.334732460542186 0
26.85214380307914 4.869994107311716 0
963.9885379227818 16.32669242188221 0
84.57315339188148 5.686268877217139 0
383.4146698429893 6.177080950925521 0
39.11745329719714 4.920898800836421 0
442.442256064682 6.646660064231579 0
-82.58054021931639 10.58915465533915 -0
256.5816048850958 5.681733210799183 0
161.6369555295948 89.23165133639621 0
380.5288121359475 6.461996224151293 0
86.71735079092841 5.674193585978411 0
207.6675575352813 13.31630565595822 0
369.420775743211 91.24288607068506 0
854.9884832300008 23.15599903188469 0
951.5979433933195 69.51822823629732 0
425.0463983965253 87.90927541872929 0
269.3505181654217 57.92277567899321 0
797.7848569471105 16.16359687375286 0
148.5849370154238 8.852193260075676 0
-33.39627819475398 21.39579718961945 -0
617.8582165978436 45.52587134057023 0
632.9154375875278 44.39380481127407 0
-42.37840074648732 11.38565579792792 -0
631.0951148423136 87.67835937908822 0
591.9398441024207 19.72708756957196 0
16.84054761475841 13.42719857648604 0
445.6022065696527 6.735911436638053 0
694.8685521610771 94.16860814119663 0
339.4456321125671 6.393873918452045 0
249.2710714458501 14.24785191623852 0
30.18329278532638 24.55423750603788 0
205.8116945912906 17.59179284733399 0
404.6058335329199 23.69271563017692 0
895.7054044281249 90.05411993609306 0
258.7549483295791 5.746684896593966 0
957.8667998834728 14.08801635549113 0
230.672197637529 5.990223005817537 0
-2.039121593001938 4.307632458011858 -0
526.7349441904458 7.892886013566442 0
304.6967178706883 6.539172713634425 0
5.931547968127179 4.703826298574502 0
5.057100733272398 4.549788255401735 0
646.2215997340672 65.678527483341 0
48.2470020089135 7.2030845468563 0
181.6411175956935 5.986510855866197 0
294.9542989206432 6.118330513961152 0
267.7995733747347 6.456379432727868 0
611.4364578739156 67.55185260817471 0
2.829535415993353 27.30565561639658 0
672.1241164416638 70.36288042850235 0
242.6442837807361 15.69263812662883 0
21.00755745366179 4.136552118796483 0
536.647429868368 11.03895425331782 0
166.7626826898157 30.84403856690199 0
158.7136133937951 32.01101300411586 0
1007.373047606107 7.818404527552977 0
272.7765294524829 9.506696318885686 0
518.9254825870108 49.94825647054998 0
83.27816846762603 7.941672839558181 0
26.20391782236295 4.104839330179226 0
138.1154152386518 36.77758022050023 0
101.9328850026353 7.504194452398106 0
-11.83159960489131 27.07510288476288 -0
115.6467275065995 40.95393253005745 0
987.7856186119734 7.736781754526223 0
10.664435856778 6.175063185097037 0
53.1284276333403 48.30289329037917 0
25.79770273156078 51.12513353490597 0
14.18784582825123 5.982736279108454 0
1002.283606464332 16.53253465199004 0
952.6563304507414 14.06421006169082 0
601.6593796794446 12.22188172258603 0
788.3199364656143 15.83237652449505 0
913.7591748861513 15.58134438229399 0
912.8592884585605 72.17321569876886 0
378.996041089764 43.29157998214804 0
847.8452744572387 16.35896452511781 0
181.6245516139296 72.44183695551527 0
25.13540171024057 9.63382685774695 0
894.8030005081199 16.07909667413296 0
-97.19788120645974 6.174974496346069 -0
31.93274503387064 7.258256340442329 0
16.62622273976753 25.57081568319412 0
21.97236982338373 4.062064277675167 0
321.3434702700036 9.956230229436169 0
708.2206740818187 50.92845923423504 0
640.3688509319772 12.40543767576073 0
822.4901105483256 14.20130978671268 0
-0.8947075030206272 4.102174448346688 -0
232.8347184549838 31.94047677369437 0
-46.06728636333103 10.25363713894983 -0
399.0737739238646 71.94869506944826 0
203.4705459668851 8.74738380972823 0
230.1644374210604 9.104288413724504 0
110.7782624455366 12.58357688502997 0
1012.906230195812 30.49930726266242 0
-12.38155912470104 8.426124065245137 -0
135.782074029878 12.83357162268953 0
254.6955225854259 20.69431486506495 0
249.4676556054471 28.23485148743503 0
43.99142150770953 23.64559005223736 0
95.6202033526223 13.20773255740802 0
-23.37361308094038 10.19960473009132 -0
57.56683393131509 22.55027833810982 0
28.69438530361868 7.981852968330155 0
791.7746357160936 63.9764312115412 0
291.555400403289 27.28379585946966 0
752.9476209325495 34.57278354736152 0
-67.82159114713509 125.4765775534015 -0
-0.9901879281072631 11.19040632694489 -0
46.30292594255765 13.92472006057399 0
70.70749743465552 21.70507381306759 0
189.5539000604751 8.834166647959041 0
289.2331597431655 9.639113832138539 0
266.4515367006446 25.98666059668421 0
767.0463937901002 115.7346036669451 0
88.02471306393036 7.500372366988093 0
-14.50349088997942 73.37347911368047 -0
342.4959701475349 5.944201328303677 0
421.6517653398723 42.44265009058045 0
-4.720831566450613 5.920909322507421 -0
412.1149282655637 10.32801766068162 0
22.33224061204423 4.016609175606816 0
18.73665406765224 8.128368438342722 0
210.0395401094374 34.42627603982626 0
10.74667074571173 16.67036926276291 0
870.3037155969814 16.01858373696718 0
-0.5294685954530527 3.992708004791231 -0
283.3342934510468 24.18051016815644 0
-38.64511177614381 37.72019184797968 -0
413.4381120880192 36.51920803731534 0
239.8807999902301 23.52506875995484 0
2 4 0 702
2337
2338
2339
2340
2341
2342
2343
2344
2345
2346
2347
2348
2349
2350
2351
2352
2353
2354
2355
2356
2357
2358
2359
2360
2361
2362
2363
2364
2365
2366
2367
2368
2369
2370
2371
2372
2373
2374
2375
2376
2377
2378
2379
2380
2381
2382
2383
2384
2385
2386
2387
2388
2389
2390
2391
2392
2393
2394
2395
2396
2397
2398
2399
2400
2401
2402
2403
2404
2405
2406
2407
2408
2409
2410
2411
2412
2413
2414
2415
2416
2417
2418
2419
2420
2421
2422
2423
2424
2425
2426
2427
2428
2429
2430
2431
2432
2433
2434
2435
2436
2437
2438
2439
2440
2441
2442
2443
2444
2445
2446
2447
2448
2449
2450
2451
2452
2453
2454
2455
2456
2457
2458
2459
2460
2461
2462
2463
2464
2465
2466
2467
2468
2469
2470
2471
2472
2473
2474
2475
2476
2477
2478
2479
2480
2481
2482
2483
2484
2485
2486
2487
2488
2489
2490
2491
2492
2493
2494
2495
2496
2497
2498
2499
2500
2501
2502
2503
2504
2505
2506
2507
2508
2509
2510
2511
2512
2513
2514
2515
2516
2517
2518
2519
2520
2521
2522
2523
2524
2525
2526
2527
2528
2529
2530
2531
2532
2533
2534
2535
2536
2537
2538
2539
2540
2541
2542
2543
2544
2545
2546
2547
2548
2549
2550
2551
2552
2553
2554
2555
2556
2557
2558
2559
2560
2561
2562
2563
2564
2565
2566
2567
2568
2569
2570
2571
2572
2573
2574
2575
2576
2577
2578
2579
2580
2581
2582
2583
2584
2585
2586
2587
2588
2589
2590
2591
2592
2593
2594
2595
2596
2597
2598
2599
2600
2601
2602
2603
2604
2605
2606
2607
2608
2609
2610
2611
2612
2613
2614
2615
2616
2617
2618
2619
2620
2621
2622
2623
2624
2625
2626
2627
2628
2629
2630
2631
2632
2633
2634
2635
2636
2637
2638
2639
2640
2641
2642
2643
2644
2645
2646
2647
2648
2649
2650
2651
2652
2653
2654
2655
2656
2657
2658
2659
2660
2661
2662
2663
2664
2665
2666
2667
2668
2669
2670
2671
2672
2673
2674
2675
2676
2677
2678
2679
2680
2681
2682
2683
2684
2685
2686
2687
2688
2689
2690
2691
2692
2693
2694
2695
2696
2697
2698
2699
2700
2701
2702
2703
2704
2705
2706
2707
2708
2709
2710
2711
2712
2713
2714
2715
2716
2717
2718
2719
2720
2721
2722
2723
2724
2725
2726
2727
2728
2729
2730
2731
2732
2733
2734
2735
2736
2737
2738
2739
2740
2741
2742
2743
2744
2745
2746
2747
2748
2749
2750
2751
2752
2753
2754
2755
2756
2757
2758
2759
2760
2761
2762
2763
2764
2765
2766
2767
2768
2769
2770
2771
2772
2773
2774
2775
2776
2777
2778
2779
2780
2781
2782
2783
2784
2785
2786
2787
2788
2789
2790
2791
2792
2793
2794
2795
2796
2797
2798
2799
2800
2801
2802
2803
2804
2805
2806
2807
2808
2809
2810
2811
2812
2813
2814
2815
2816
2817
2818
2819
2820
2821
2822
2823
2824
2825
2826
2827
2828
2829
2830
2831
2832
2833
2834
2835
2836
2837
2838
2839
2840
2841
2842
2843
2844
2845
2846
2847
2848
2849
2850
2851
2852
2853
2854
2855
2856
2857
2858
2859
2860
2861
2862
2863
2864
2865
2866
2867
2868
2869
2870
2871
2872
2873
2874
2875
2876
2877
2878
2879
2880
2881
2882
2883
2884
2885
2886
2887
2888
2889
2890
2891
2892
2893
2894
2895
2896
2897
2898
2899
2900
2901
2902
2903
2904
2905
2906
2907
2908
2909
2910
2911
2912
2913
2914
2915
2916
2917
2918
2919
2920
2921
2922
2923
2924
2925
2926
2927
2928
2929
2930
2931
2932
2933
2934
2935
2936
2937
2938
2939
2940
2941
2942
2943
2944
2945
2946
2947
2948
2949
2950
2951
2952
2953
2954
2955
2956
2957
2958
2959
2960
2961
2962
2963
2964
2965
2966
2967
2968
2969
2970
2971
2972
2973
2974
2975
2976
2977
2978
2979
2980
2981
2982
2983
2984
2985
2986
2987
2988
2989
2990
2991
2992
2993
2994
2995
2996
2997
2998
2999
3000
3001
3002
3003
3004
3005
3006
3007
3008
3009
3010
3011
3012
3013
3014
3015
3016
3017
3018
3019
3020
3021
3022
3023
3024
3025
3026
3027
3028
3029
3030
3031
3032
3033
3034
3035
3036
3037
3038
1017.294698150133 0.7500000062857757 0
1010.622922823777 0.7500000061567877 0
1003.984506408599 0.7500000060284452 0
997.379282081404 0.7500000059007441 0
990.80708384198 0.7500000057736816 0
984.2677465781343 0.7500000056472548 0
977.7611060201843 0.7500000055214594 0
971.2869986594993 0.7500000053962935 0
964.8452618508405 0.7500000052717531 0
958.4357337299125 0.7500000051478354 0
952.0582532430861 0.7500000050245376 0
945.7126601749488 0.7500000049018563 0
939.3987950675122 0.750000004779788 0
933.1164992853776 0.7500000046583303 0
926.865614971084 0.7500000045374801 0
920.6459850740119 0.7500000044172339 0
914.4574533422264 0.7500000042975886 0
908.2998642780046 0.7500000041785421 0
902.1730631301658 0.7500000040600906 0
896.0768959599667 0.7500000039422312 0
890.0112096327865 0.7500000038249613 0
883.9758517371771 0.7500000037082777 0
877.9706706508988 0.7500000035921773 0
871.9955154960644 0.7500000034766579 0
866.0502360954366 0.7500000033617158 0
860.1346830750446 0.7500000032473483 0
854.2487078194863 0.7500000031335529 0
848.3921624647824 0.7500000030203263 0
842.5648998537951 0.7500000029076658 0
836.7667735295549 0.7500000027955686 0
830.9976378377883 0.7500000026840323 0
825.2573478457557 0.750000002573053 0
819.5457592986264 0.7500000024626289 0
813.8627286857914 0.7500000023527572 0
808.2081132333593 0.7500000022434344 0
802.5817708603309 0.7500000021346586 0
796.9835602083231 0.7500000020264268 0
791.4133405974776 0.7500000019187354 0
785.8709720566609 0.750000001811583 0
780.3563153526125 0.7500000017049662 0
774.8692319463793 0.7500000015988825 0
769.4095839861931 0.7500000014933297 0
763.9772342640103 0.7500000013883044 0
758.572046282356 0.7500000012838036 0
753.1938842469788 0.7500000011798259 0
747.8426130235534 0.750000001076368 0
742.5180981308091 0.7500000009734271 0
737.2202058075752 0.7500000008710016 0
731.9488029685299 0.7500000007690876 0
726.7037571247182 0.7500000006676836 0
721.4849364871355 0.7500000005667864 0
716.2922099597347 0.7500000004663935 0
711.1254470961147 0.7500000003665026 0
705.9845180562512 0.7500000002671112 0
700.8692936371451 0.750000000168217 0
695.779645339529 0.7500000000698172 0
690.7154452876283 0.7499999999719094 0
685.6765662232112 0.749999999874491 0
680.6628815724372 0.7499999997775598 0
675.6742653657672 0.7499999996811132 0
670.7105922321504 0.7499999995851488 0
665.7717374660219 0.7499999994896642 0
660.8575769841008 0.7499999993946572 0
655.9679872826023 0.7499999993001251 0
651.1028455047456 0.7499999992060654 0
646.262029434068 0.7499999991124767 0
641.4454174517856 0.7499999990193552 0
636.6528885305651 0.7499999989266997 0
631.8843222654707 0.7499999988345072 0
627.1395988307162 0.7499999987427759 0
622.4185990110675 0.7499999986515035 0
617.7212041950654 0.7499999985606871 0
613.0472963330224 0.7499999984703251 0
608.3967580041996 0.7499999983804143 0
603.7694723741541 0.7499999982909537 0
599.1653231888816 0.7499999982019401 0
594.5841947689972 0.7499999981133715 0
590.0259720039652 0.749999998025246 0
585.4905403463675 0.7499999979375608 0
580.9777858429707 0.7499999978503143 0
576.4875950919607 0.7499999977635038 0
572.0198552744655 0.7499999976771279 0
567.5744541850074 0.7499999975911832 0
563.1512801157455 0.7499999975056683 0
558.7502218881191 0.7499999974205812 0
554.3711689572966 0.7499999973359197 0
550.0140112958039 0.7499999972516811 0
545.6786394256631 0.7499999971678639 0
541.3649444119853 0.7499999970844659 0
537.0728178584415 0.7499999970014848 0
532.8021519376848 0.7499999969189186 0
528.5528393497872 0.7499999968367652 0
524.3247733531126 0.7499999967550227 0
520.1178476857191 0.7499999966736888 0
515.9319566337933 0.7499999965927615 0
511.766995025898 0.7499999965122389 0
507.6228582280045 0.7499999964321189 0
503.4994421377623 0.7499999963523994 0
499.3966431061574 0.7499999962730787 0
495.3143580428771 0.7499999961941547 0
491.2524844103799 0.7499999961156251 0
487.2109201456155 0.7499999960374879 0
483.189563728409 0.7499999959597418 0
479.1883141025187 0.7499999958823843 0
475.2070707080861 0.7499999958054134 0
471.2457335493945 0.7499999957288278 0
467.3042030796645 0.7499999956526249 0
463.3823802332467 0.7499999955768027 0
459.4801664938627 0.74999999550136 0
455.5974638526419 0.7499999954262943 0
451.7341747298124 0.7499999953516041 0
447.8902020437921 0.7499999952772876 0
444.0654492057127 0.7499999952033422 0
440.2598201150886 0.7499999951297669 0
436.4732191911622 0.7499999950565589 0
432.7055512947793 0.7499999949837177 0
428.9567217237985 0.74999999491124 0
425.2266362820271 0.7499999948391251 0
421.5152012739673 0.7499999947673703 0
417.8223234635799 0.7499999946959748 0
414.1479100327184 0.7499999946249362 0
410.4918686505787 0.7499999945542526 0
406.8541074682149 0.7499999944839227 0
403.2345350778115 0.7499999944139443 0
399.6330605811349 0.7499999943443157 0
396.0495934746439 0.7499999942750356 0
392.4840436823636 0.7499999942061014 0
388.9363216244379 0.7499999941375119 0
385.4063381758385 0.7499999940692658 0
381.8940046618568 0.7499999940013607 0
378.3992328168799 0.749999993933795 0
374.9219348170673 0.7499999938665672 0
371.4620233123213 0.7499999937996759 0
368.0194113851643 0.7499999937331185 0
364.5940125096471 0.7499999936668941 0
361.185740620907 0.7499999936010007 0
357.7945101101509 0.7499999935354369 0
354.4202357472854 0.7499999934702013 0
351.0628327501997 0.7499999934052911 0
347.7222167802171 0.7499999933407062 0
344.3983039012003 0.7499999932764436 0
341.0910105754338 0.7499999932125027 0
337.8002536962867 0.7499999931488814 0
334.5259505837925 0.7499999930855782 0
331.2680189806263 0.7499999930225915 0
328.0263770477461 0.7499999929599197 0
324.8009433236853 0.7499999928975615 0
321.5916367573714 0.7499999928355147 0
318.3983767406086 0.7499999927737782 0
315.221083030345 0.749999992712351 0
312.0596757819516 0.74999999265123 0
308.914075581428 0.7499999925904152 0
305.7842033681269 0.7499999925299042 0
302.6699805045059 0.7499999924696962 0
299.571328771672 0.7499999924097889 0
296.4881702921979 0.7499999923501811 0
293.4204275999609 0.7499999922908716 0
290.3680236357776 0.7499999922318582 0
287.3308817070551 0.74999999217314 0
284.3089254838541 0.7499999921147158 0
281.3020790320931 0.749999992056583 0
278.3102668093008 0.7499999919987413 0
275.3334136611311 0.7499999919411889 0
272.3714447804225 0.7499999918839244 0
269.4242857408871 0.7499999918269459 0
266.4918624926065 0.7499999917702524 0
263.5741013590296 0.749999991713842 0
260.6709290325228 0.7499999916577141 0
257.782272571424 0.7499999916018668 0
254.9080593956497 0.7499999915462988 0
252.0482172838027 0.7499999914910084 0
249.2026744055861 0.7499999914359945 0
246.3713592450823 0.7499999913812557 0
243.5542006339917 0.7499999913267908 0
240.7511277848223 0.749999991272598 0
237.9620703237962 0.7499999912186764 0
235.1869581767655 0.7499999911650242 0
232.4257215665093 0.7499999911116403 0
229.6782911191961 0.7499999910585232 0
226.94459782388 0.7499999910056716 0
224.2245729923906 0.7499999909530844 0
221.5181482927464 0.7499999909007605 0
218.8252557454777 0.7499999908486977 0
216.1458276468458 0.7499999907968956 0
213.4797966761984 0.7499999907453522 0
210.8270958916325 0.7499999906940668 0
208.1876586169093 0.7499999906430376 0
205.5614185117707 0.7499999905922637 0
202.9483096051614 0.7499999905417435 0
200.3482662549806 0.7499999904914759 0
197.7612231082267 0.7499999904414598 0
195.1871151714119 0.7499999903916935 0
192.6258777700193 0.7499999903421765 0
190.0774465458387 0.7499999902929068 0
187.5417574899693 0.7499999902438832 0
185.0187468663382 0.7499999901951052 0
182.5083512822377 0.7499999901465708 0
180.0105076846518 0.7499999900982792 0
177.5251533205952 0.7499999900502289 0
175.0522257338574 0.7499999900024191 0
172.5916627988853 0.7499999899548483 0
170.1434026804575 0.7499999899075152 0
167.7073838312332 0.7499999898604188 0
165.2835450617188 0.7499999898135579 0
162.8718255003778 0.7499999897669316 0
160.4721645537676 0.7499999897205378 0
158.0845019038136 0.7499999896743765 0
155.7087775782344 0.7499999896284458 0
153.3449318736288 0.7499999895827447 0
150.9929053899349 0.749999989537272 0
148.652639063439 0.749999989492027 0
146.3240740539173 0.7499999894470081 0
144.0071518522915 0.7499999894022145 0
141.7018142769548 0.7499999893576444 0
139.4080033977302 0.7499999893132975 0
137.1256615697257 0.7499999892691721 0
134.8547314304641 0.7499999892252673 0
132.5951559337823 0.7499999891815824 0
130.3468783098871 0.7499999891381156 0
128.1098420629178 0.7499999890948664 0
125.8839910045421 0.7499999890518332 0
123.6692692144454 0.749999989009015 0
121.4656210375881 0.7499999889664114 0
119.2729911182336 0.7499999889240203 0
117.0913243601321 0.7499999888818417 0
114.9205659242095 0.7499999888398735 0
112.7606612622891 0.7499999887981154 0
110.6115561144534 0.7499999887565659 0
108.4731965060601 0.7499999887152243 0
106.345528708396 0.7499999886740893 0
104.228499236102 0.7499999886331602 0
102.1220549181128 0.7499999885924354 0
100.0261428208887 0.7499999885519144 0
97.94071028338408 0.7499999885115963 0
95.86570491344709 0.7499999884714796 0
93.80107454933142 0.7499999884315632 0
91.74676733000042 0.7499999883918468 0
89.7027316559422 0.7499999883523286 0
87.66891618638441 0.7499999883130082 0
85.64526980014857 0.7499999882738844 0
83.63174163002022 0.7499999882349561 0
81.62828109676938 0.7499999881962226 0
79.63483786969439 0.7499999881576828 0
77.65136186430087 0.7499999881193354 0
75.67780323963234 0.7499999880811801 0
73.71411239598667 0.7499999880432152 0
71.76024000903222 0.7499999880054405 0
69.81613699044564 0.7499999879678546 0
67.88175448568538 0.7499999879304564 0
65.9570439081633 0.7499999878932454 0
64.0419568999382 0.7499999878562204 0
62.1364453295442 0.7499999878193804 0
60.2404612894688 0.7499999877827246 0
58.35395716751414 0.7499999877462522 0
56.47688557007827 0.7499999877099622 0
54.60919932079244 0.7499999876738535 0
52.75085149408311 0.7499999876379256 0
50.901795413477 0.7499999876021771 0
49.06198461170135 0.7499999875666076 0
47.23137286614116 0.7499999875312157 0
45.40991419535503 0.7499999874960007 0
43.5975628210699 0.749999987460962 0
41.79427320184851 0.7499999874260984 0
40.00000000000001 0.7499999873914089 0
38.17855478732764 0.7499999873561946 0
36.53925409966763 0.7499999873245011 0
35.06388347335266 0.7499999872959774 0
33.73604991629156 0.7499999872703058 0
32.54099972001836 0.7499999872472017 0
31.46545453502125 0.7499999872264078 0
30.49746386401938 0.7499999872076933 0
29.62627226660423 0.7499999871908505 0
28.84219983564694 0.7499999871756915 0
28.13653464153263 0.7499999871620487 0
27.50143595844169 0.7499999871497703 0
26.92984714552183 0.7499999871387195 0
26.41541721105216 0.7499999871287738 0
25.95243027467509 0.7499999871198229 0
25.53574203288767 0.7499999871117667 0
25.1607226112834 0.7499999871045163 0
24.82320513552159 0.7499999870979908 0
24.51943940374818 0.7499999870921181 0
24.24605024581309 0.7499999870868328 0
24 0.7499999870820756 0
23.76132662423501 0.7499999870774614 0
23.49917565514076 0.7499999870723931 0
23.21123767539704 0.7499999870668264 0
22.89497609905038 0.7499999870607117 0
22.54760481747449 0.7499999870539961 0
22.16606366294489 0.7499999870466195 0
21.74699144983539 0.7499999870385176 0
21.28669635195604 0.7499999870296185 0
20.78112339505191 0.749999987019844 0
20.22581874115122 0.7499999870091081 0
19.61589042810276 0.7499999869973163 0
18.94596528758086 0.7499999869843643 0
18.21014161242695 0.7499999869701386 0
17.40193716100134 0.7499999869545132 0
16.5142320570011 0.7499999869373508 0
15.53920606111788 0.7499999869185002 0
14.46826967293461 0.7499999868977956 0
13.29198846749364 0.7499999868750541 0
12 0.7499999868500759 0
10.32712487718003 0.7499999868177334 0
8.858390638051418 0.7499999867893378 0
7.568885970124896 0.7499999867644074 0
6.436739495156601 0.7499999867425192 0
5.442748800570953 0.7499999867233021 0
4.570054741932708 0.7499999867064299 0
3.803855494712067 0.7499999866916168 0
3.131155503175066 0.7499999866786112 0
2.540545059765094 0.7499999866671929 0
2.022006783325267 0.7499999866571678 0
1.566745715976694 0.7499999866483662 0
1.167040135957322 0.7499999866406384 0
0.8161106077585032 0.7499999866338538 0
0.5080049895351095 0.7499999866278972 0
0.2374974873956859 0.7499999866226671 0
0 0.7499999866180755 0
-0.2951612244527126 0.7499999866123691 0
-0.6641127840878482 0.7499999866052361 0
-1.125302221953405 0.7499999865963196 0
-1.701789003031706 0.7499999865851745 0
-2.422397473963755 0.7499999865712424 0
-3.323158057514661 0.7499999865538279 0
-4.449108798773153 0.7499999865320596 0
-5.856547240121074 0.7499999865048491 0
-7.615845275505094 0.7499999864708361 0
-9.814967827483329 0.7499999864283194 0
-12.56387102550211 0.749999986375174 0
-16 0.7499999863087421 0
-19.61083791980738 0.7499999862389327 0
-23.25814894616619 0.749999986168418 0
-26.94230149533102 0.749999986097191 0
-30.66366770896735 0.7499999860252445 0
-34.42262347905001 0.7499999859525716 0
-38.21954849842778 0.7499999858791643 0
-42.05482630008554 0.7499999858050153 0
-45.92884427781397 0.7499999857301181 0
-49.84199374553918 0.7499999856544638 0
-53.79466997884193 0.7499999855780453 0
-57.78727223817416 0.7499999855008549 0
-61.82020381161699 0.749999985422885 0
-65.89387206500489 0.749999985344127 0
-70.00868848650849 0.7499999852645743 0
-74.16506871323425 0.7499999851842175 0
-78.36343257713838 0.749999985103049 0
-82.60420415867605 0.7499999850210607 0
-86.88781181580126 0.7499999849382442 0
-91.21468823266611 0.7499999848545914 0
-95.58527046937866 0.7499999847700936 0
1017.294698160421 1.750000003206198 0
1010.622922833854 1.750000003103012 0
1003.984506418467 1.750000003000341 0
997.3792820910653 1.750000002898183 0
990.8070838514363 1.750000002796537 0
984.267746587387 1.750000002695399 0
977.7611060292359 1.750000002594766 0
971.2869986683511 1.750000002494637 0
964.8452618594938 1.750000002395008 0
958.4357337383566 1.750000002295878 0
952.0582532513155 1.750000002197243 0
945.7126601829647 1.750000002099101 0
939.3987950753166 1.75000000200145 0
933.1164992929722 1.750000001904287 0
926.8656149784709 1.75000000180761 0
920.6459850811933 1.750000001711417 0
914.4574533492037 1.750000001615704 0
908.2998642847796 1.75000000152047 0
902.1730631367406 1.750000001425712 0
896.0768959663584 1.750000001331428 0
890.011209638982 1.750000001237615 0
883.9758517431777 1.750000001144272 0
877.9706706567064 1.750000001051395 0
871.9955155016804 1.750000000958982 0
866.0502361008635 1.750000000867032 0
860.1346830802835 1.750000000775541 0
854.2487078245395 1.750000000684508 0
848.3921624696511 1.75000000059393 0
842.5648998584811 1.750000000503804 0
836.7667735340605 1.75000000041413 0
830.9976378421147 1.750000000324904 0
825.2573478499044 1.750000000236124 0
819.5457593025994 1.750000000147788 0
813.8627286895901 1.750000000059893 0
808.2081132369854 1.749999999972439 0
802.5817708637861 1.749999999885421 0
796.9835602116092 1.749999999798838 0
791.4133406005958 1.749999999712688 0
785.8709720596129 1.749999999626969 0
780.3563153554001 1.749999999541679 0
774.869231949004 1.749999999456815 0
769.4095839886564 1.749999999372376 0
763.9772342663141 1.749999999288358 0
758.5720462845013 1.749999999204761 0
753.1938842489676 1.749999999121581 0
747.8426130253869 1.749999999038818 0
742.5180981324888 1.749999998956469 0
737.2202058091027 1.749999998874531 0
731.9488029699063 1.749999998793002 0
726.7037571259458 1.749999998711881 0
721.4849364882151 1.749999998631167 0
716.2922099606678 1.749999998550855 0
711.1254470969031 1.749999998470946 0
705.9845180568961 1.749999998391435 0
700.8692936376476 1.749999998312322 0
695.7796453398904 1.749999998233605 0
690.7154452878507 1.749999998155283 0
685.6765662232959 1.74999999807735 0
680.6628815723855 1.749999997999808 0
675.6742653655801 1.749999997922653 0
670.7105922318295 1.749999997845884 0
665.7717374655685 1.749999997769499 0
660.8575769835163 1.749999997693496 0
655.967987281888 1.749999997617874 0
651.1028455039025 1.749999997542628 0
646.2620294330981 1.74999999746776 0
641.4454174506897 1.749999997393266 0
636.6528885293445 1.749999997319144 0
631.8843222641265 1.749999997245392 0
627.1395988292498 1.74999999717201 0
622.4185990094805 1.749999997098994 0
617.7212041933587 1.749999997026344 0
613.0472963311975 1.749999996954056 0
608.3967580022572 1.749999996882131 0
603.7694723720959 1.749999996810565 0
599.1653231867089 1.749999996739356 0
594.584194766711 1.749999996668504 0
590.0259720015669 1.749999996598006 0
585.490540343858 1.74999999652786 0
580.9777858403511 1.749999996458065 0
576.4875950892324 1.74999999638862 0
572.0198552716295 1.749999996319521 0
567.5744541820651 1.749999996250768 0
563.1512801126978 1.749999996182359 0
558.7502218849675 1.749999996114291 0
554.3711689540418 1.749999996046564 0
550.0140112924468 1.749999995979175 0
545.6786394222052 1.749999995912124 0
541.3649444084274 1.749999995845408 0
537.0728178547853 1.749999995779025 0
532.8021519339308 1.749999995712975 0
528.5528393459365 1.749999995647254 0
524.3247733491664 1.749999995581862 0
520.1178476816781 1.749999995516798 0
515.9319566296592 1.749999995452058 0
511.7669950216709 1.749999995387642 0
507.6228582236792 1.749999995323549 0
503.4994421333402 1.749999995259775 0
499.396643101639 1.749999995196321 0
495.3143580382639 1.749999995133184 0
491.2524844056729 1.749999995070362 0
487.2109201408156 1.749999995007855 0
483.1895637235172 1.74999999494566 0
479.1883140975363 1.749999994883777 0
475.207070703014 1.749999994822202 0
471.2457335442336 1.749999994760936 0
467.304203074416 1.749999994699976 0
463.3823802279112 1.74999999463932 0
459.4801664884416 1.749999994578967 0
455.5974638471362 1.749999994518918 0
451.734174724223 1.749999994459167 0
447.8902020381199 1.749999994399716 0
444.0654491999589 1.749999994340562 0
440.259820109254 1.749999994281703 0
436.4732191852477 1.749999994223139 0
432.7055512887861 1.749999994164868 0
428.9567217177272 1.749999994106888 0
425.2266362758789 1.749999994049199 0
421.5152012677428 1.749999993991797 0
417.8223234572801 1.749999993934682 0
414.1479100263444 1.749999993877854 0
410.4918686441315 1.749999993821309 0
406.8541074616952 1.749999993765046 0
403.23453507122 1.749999993709066 0
399.6330605744729 1.749999993653365 0
396.0495934679119 1.749999993597943 0
392.4840436755625 1.749999993542797 0
388.9363216175688 1.749999993487928 0
385.4063381689022 1.749999993433333 0
381.894004654854 1.74999999337901 0
378.3992328098117 1.74999999332496 0
374.9219348099343 1.74999999327118 0
371.4620233051244 1.749999993217668 0
368.019411377904 1.749999993164424 0
364.5940125023246 1.749999993111446 0
361.1857406135229 1.749999993058734 0
357.7945101027061 1.749999993006285 0
354.4202357397805 1.749999992954097 0
351.0628327426356 1.749999992902171 0
347.7222167725948 1.749999992850505 0
344.3983038935206 1.749999992799097 0
341.0910105676969 1.749999992747946 0
337.8002536884937 1.749999992697051 0
334.5259505759442 1.74999999264641 0
331.2680189727234 1.749999992596022 0
328.0263770397893 1.749999992545887 0
324.8009433156753 1.749999992496002 0
321.5916367493093 1.749999992446366 0
318.3983767324946 1.749999992396979 0
315.2210830221802 1.749999992347838 0
312.0596757737367 1.749999992298944 0
308.9140755731635 1.749999992250293 0
305.7842033598137 1.749999992201887 0
302.6699804961445 1.749999992153721 0
299.5713287632634 1.749999992105797 0
296.4881702837425 1.749999992058113 0
293.4204275914597 1.749999992010666 0
290.3680236272307 1.749999991963458 0
287.3308816984637 1.749999991916485 0
284.3089254752185 1.749999991869747 0
281.3020790234143 1.749999991823243 0
278.3102668005792 1.749999991776972 0
275.3334136523675 1.749999991730931 0
272.3714447716173 1.749999991685121 0
269.4242857320411 1.749999991639539 0
266.4918624837202 1.749999991594187 0
263.5741013501037 1.74999999154906 0
260.6709290235579 1.749999991504159 0
257.7822725624206 1.749999991459482 0
254.9080593866087 1.74999999141503 0
252.0482172747244 1.749999991370799 0
249.2026743964789 1.749999991326789 0
246.3713592359314 1.749999991283001 0
243.5542006248054 1.749999991239429 0
240.7511277756014 1.749999991196076 0
237.9620703145411 1.749999991152941 0
235.1869581674769 1.74999999111002 0
232.4257215571874 1.749999991067315 0
229.6782911098419 1.749999991024823 0
226.9445978144938 1.749999990982543 0
224.224572982973 1.749999990940475 0
221.518148283298 1.749999990898617 0
218.8252557359991 1.749999990856968 0
216.1458276373375 1.749999990815528 0
213.4797966666609 1.749999990774295 0
210.8270958820662 1.749999990733268 0
208.1876586073149 1.749999990692446 0
205.5614185021487 1.749999990651828 0
202.9483095955124 1.749999990611414 0
200.348266245305 1.749999990571201 0
197.7612230985249 1.749999990531189 0
195.1871151616845 1.749999990491378 0
192.6258777602669 1.749999990451766 0
190.0774465360618 1.749999990412351 0
187.5417574801682 1.749999990373134 0
185.0187468565135 1.749999990334112 0
182.5083512723899 1.749999990295287 0
180.0105076747811 1.749999990256655 0
177.5251533107024 1.749999990218216 0
175.0522257239428 1.749999990179969 0
172.5916627889494 1.749999990141914 0
170.1434026705008 1.749999990104049 0
167.7073838212563 1.749999990066373 0
165.2835450517219 1.749999990028885 0
162.8718254903614 1.749999989991585 0
160.4721645437324 1.749999989954472 0
158.0845018937598 1.749999989917544 0
155.7087775681623 1.749999989880801 0
153.344931863539 1.749999989844241 0
150.9929053798278 1.749999989807865 0
148.6526390533151 1.74999998977167 0
146.3240740437772 1.749999989735656 0
144.0071518421353 1.749999989699823 0
141.701814266783 1.749999989664167 0
139.4080033875432 1.749999989628691 0
137.125661559524 1.749999989593392 0
134.8547314202481 1.74999998955827 0
132.5951559235523 1.749999989523323 0
130.3468782996435 1.749999989488551 0
128.1098420526611 1.749999989453952 0
125.8839909942727 1.749999989419527 0
123.6692692041635 1.749999989385274 0
121.4656210272941 1.749999989351192 0
119.2729911079279 1.74999998931728 0
117.0913243498152 1.749999989283539 0
114.9205659138818 1.749999989249965 0
112.7606612519508 1.74999998921656 0
110.6115561041049 1.749999989183322 0
108.4731964957017 1.74999998915025 0
106.3455286980281 1.749999989117343 0
104.228499225725 1.749999989084601 0
102.1220549077271 1.749999989052022 0
100.0261428104945 1.749999989019607 0
97.94071027298185 1.749999988987353 0
95.86570490303711 1.749999988955261 0
93.80107453891401 1.749999988923328 0
91.74676731957601 1.749999988891556 0
89.70273164551108 1.749999988859943 0
87.66891617594686 1.749999988828488 0
85.64526978970503 1.74999998879719 0
83.63174161957083 1.749999988766048 0
81.62828108631464 1.749999988735063 0
79.63483785923449 1.749999988704232 0
77.65136185383612 1.749999988673555 0
75.67780322916309 1.749999988643032 0
73.71411238551326 1.749999988612661 0
71.76023999855491 1.749999988582442 0
69.8161369799648 1.749999988552375 0
67.88175447520121 1.749999988522457 0
65.95704389767607 1.74999998849269 0
64.04195688944833 1.74999998846307 0
62.13644531905187 1.7499999884336 0
60.24046127897435 1.749999988404276 0
58.35395715701788 1.749999988375099 0
56.47688555958047 1.749999988346068 0
54.60919931029333 1.749999988317182 0
52.75085148358301 1.749999988288441 0
50.90179540297624 1.749999988259843 0
49.06198460120009 1.749999988231388 0
47.23137285563971 1.749999988203076 0
45.40991418485374 1.749999988174904 0
43.59756281056883 1.749999988146875 0
41.79427319134793 1.749999988118984 0
40.00000000000001 1.749999988091234 0
38.17855478732763 1.749999988063064 0
36.53925409966763 1.74999998803771 0
35.06388347335266 1.749999988014892 0
33.73604991629156 1.749999987994356 0
32.54099972001836 1.749999987975872 0
31.46545453502126 1.749999987959238 0
30.49746386401938 1.749999987944267 0
29.62627226660423 1.749999987930793 0
28.84219983564695 1.749999987918667 0
28.13653464153265 1.749999987907753 0
27.5014359584417 1.74999998789793 0
26.92984714552182 1.749999987889089 0
26.41541721105216 1.749999987881133 0
25.9524302746751 1.749999987873973 0
25.53574203288767 1.749999987867528 0
25.1607226112834 1.749999987861728 0
24.8232051355216 1.749999987856508 0
24.51943940374819 1.74999998785181 0
24.24605024581311 1.749999987847582 0
24.00000000000001 1.749999987843776 0
23.76132662423501 1.749999987840085 0
23.49917565514077 1.749999987836031 0
23.21123767539707 1.749999987831577 0
22.89497609905038 1.749999987826686 0
22.54760481747448 1.749999987821313 0
22.1660636629449 1.749999987815413 0
21.74699144983538 1.749999987808931 0
21.28669635195603 1.749999987801812 0
20.78112339505191 1.749999987793993 0
20.22581874115122 1.749999987785404 0
19.61589042810275 1.749999987775971 0
18.94596528758088 1.74999998776561 0
18.21014161242695 1.749999987754229 0
17.40193716100136 1.74999998774173 0
16.5142320570011 1.749999987728001 0
15.53920606111788 1.749999987712921 0
14.46826967293461 1.749999987696357 0
13.29198846749365 1.749999987678165 0
11.99999999999999 1.749999987658183 0
10.32712487718004 1.74999998763231 0
8.858390638051404 1.749999987609594 0
7.568885970124889 1.749999987589651 0
6.436739495156623 1.749999987572141 0
5.442748800570968 1.749999987556768 0
4.570054741932722 1.74999998754327 0
3.80385549471206 1.74999998753142 0
3.13115550317508 1.749999987521016 0
2.54054505976508 1.749999987511882 0
2.02200678332526 1.749999987503862 0
1.566745715976701 1.749999987496821 0
1.167040135957336 1.749999987490639 0
0.8161106077584961 1.749999987485212 0
0.5080049895351095 1.749999987480446 0
0.2374974873956859 1.749999987476262 0
0 1.749999987472589 0
-0.2951612244527198 1.749999987468025 0
-0.664112784087834 1.749999987462318 0
-1.125302221953405 1.749999987455185 0
-1.70178900303172 1.74999998744627 0
-2.422397473963755 1.749999987435124 0
-3.323158057514661 1.749999987421193 0
-4.449108798773153 1.749999987403779 0
-5.85654724012106 1.749999987382011 0
-7.615845275505123 1.749999987354802 0
-9.814967827483322 1.74999998732079 0
-12.56387102550212 1.749999987278275 0
-15.99999999999999 1.749999987225131 0
-19.61083791980739 1.749999987169286 0
-23.25814894616619 1.749999987112876 0
-26.94230149533101 1.749999987055897 0
-30.66366770896735 1.749999986998342 0
-34.42262347905 1.749999986940205 0
-38.21954849842777 1.749999986881481 0
-42.05482630008553 1.749999986822164 0
-45.92884427781397 1.749999986762248 0
-49.84199374553918 1.749999986701727 0
-53.79466997884193 1.749999986640594 0
-57.78727223817417 1.749999986578844 0
-61.82020381161699 1.74999998651647 0
-65.8938720650049 1.749999986453466 0
-70.00868848650848 1.749999986389826 0
-74.16506871323423 1.749999986325543 0
-78.36343257713837 1.749999986260611 0
-82.60420415867604 1.749999986195023 0
-86.88781181580126 1.749999986128771 0
-91.21468823266611 1.749999986061852 0
-95.58527046937867 1.749999985994255 0
$EndNodes
$Elements
21 4491 1 4491
1 1 1 21
1 1 29 
2 29 30 
3 30 31 
4 31 32 
5 32 33 
6 33 34 
7 34 35 
8 35 36 
9 36 37 
10 37 38 
11 38 39 
12 39 40 
13 40 41 
14 41 42 
15 42 43 
16 43 44 
17 44 45 
18 45 46 
19 46 47 
20 47 48 
21 48 18 
1 2 1 3
22 2 49 
23 49 50 
24 50 15 
1 3 1 16
25 3 51 
26 51 52 
27 52 53 
28 53 54 
29 54 55 
30 55 56 
31 56 57 
32 57 58 
33 58 59 
34 59 60 
35 60 61 
36 61 62 
37 62 63 
38 63 64 
39 64 65 
40 65 16 
1 4 1 2
41 4 66 
42 66 17 
1 5 1 20
43 5 67 
44 67 68 
45 68 69 
46 69 70 
47 70 71 
48 71 72 
49 72 73 
50 73 74 
51 74 75 
52 75 76 
53 76 77 
54 77 78 
55 78 79 
56 79 80 
57 80 81 
58 81 82 
59 82 83 
60 83 84 
61 84 85 
62 85 20 
1 6 1 1
63 6 7 
1 7 1 3
64 7 86 
65 86 87 
66 87 25 
1 8 1 17
67 8 88 
68 88 89 
69 89 90 
70 90 91 
71 91 92 
72 92 93 
73 93 94 
74 94 95 
75 95 96 
76 96 97 
77 97 98 
78 98 99 
79 99 100 
80 100 101 
81 101 102 
82 102 103 
83 103 9 
1 9 1 11
84 9 104 
85 104 105 
86 105 106 
87 106 107 
88 107 108 
89 108 109 
90 109 110 
91 110 111 
92 111 112 
93 112 113 
94 113 22 
1 11 1 1
95 10 1 
1 15 1 2
96 15 183 
97 183 3 
1 16 1 19
98 16 184 
99 184 185 
100 185 186 
101 186 187 
102 187 188 
103 188 189 
104 189 190 
105 190 191 
106 191 192 
107 192 193 
108 193 194 
109 194 195 
110 195 196 
111 196 197 
112 197 198 
113 198 199 
114 199 200 
115 200 201 
116 201 4 
1 17 1 3
117 17 202 
118 202 203 
119 203 5 
1 20 1 12
120 18 240 
121 240 241 
122 241 242 
123 242 243 
124 243 244 
125 244 245 
126 245 246 
127 246 247 
128 247 248 
129 248 249 
130 249 250 
131 250 2 
1 21 1 264
132 20 251 
133 251 252 
134 252 253 
135 253 254 
136 254 255 
137 255 256 
138 256 257 
139 257 258 
140 258 259 
141 259 260 
142 260 261 
143 261 262 
144 262 263 
145 263 264 
146 264 265 
147 265 266 
148 266 267 
149 267 268 
150 268 269 
151 269 270 
152 270 271 
153 271 272 
154 272 273 
155 273 274 
156 274 275 
157 275 276 
158 276 277 
159 277 278 
160 278 279 
161 279 280 
162 280 281 
163 281 282 
164 282 283 
165 283 284 
166 284 285 
167 285 286 
168 286 287 
169 287 288 
170 288 289 
171 289 290 
172 290 291 
173 291 292 
174 292 293 
175 293 294 
176 294 295 
177 295 296 
178 296 297 
179 297 298 
180 298 299 
181 299 300 
182 300 301 
183 301 302 
184 302 303 
185 303 304 
186 304 305 
187 305 306 
188 306 307 
189 307 308 
190 308 309 
191 309 310 
192 310 311 
193 311 312 
194 312 313 
195 313 314 
196 314 315 
197 315 316 
198 316 317 
199 317 318 
200 318 319 
201 319 320 
202 320 321 
203 321 322 
204 322 323 
205 323 324 
206 324 325 
207 325 326 
208 326 327 
209 327 328 
210 328 329 
211 329 330 
212 330 331 
213 331 332 
214 332 333 
215 333 334 
216 334 335 
217 335 336 
218 336 337 
219 337 338 
220 338 339 
221 339 340 
222 340 341 
223 341 342 
224 342 343 
225 343 344 
226 344 345 
227 345 346 
228 346 347 
229 347 348 
230 348 349 
231 349 350 
232 350 351 
233 351 352 
234 352 353 
235 353 354 
236 354 355 
237 355 356 
238 356 357 
239 357 358 
240 358 359 
241 359 360 
242 360 361 
243 361 362 
244 362 363 
245 363 364 
246 364 365 
247 365 366 
248 366 367 
249 367 368 
250 368 369 
251 369 370 
252 370 371 
253 371 372 
254 372 373 
255 373 374 
256 374 375 
257 375 376 
258 376 377 
259 377 378 
260 378 379 
261 379 380 
262 380 381 
263 381 382 
264 382 383 
265 383 384 
266 384 385 
267 385 386 
268 386 387 
269 387 388 
270 388 389 
271 389 390 
272 390 391 
273 391 392 
274 392 393 
275 393 394 
276 394 395 
277 395 396 
278 396 397 
279 397 398 
280 398 399 
281 399 400 
282 400 401 
283 401 402 
284 402 403 
285 403 404 
286 404 405 
287 405 406 
288 406 407 
289 407 408 
290 408 409 
291 409 410 
292 410 411 
293 411 412 
294 412 413 
295 413 414 
296 414 415 
297 415 416 
298 416 417 
299 417 418 
300 418 419 
301 419 420 
302 420 421 
303 421 422 
304 422 423 
305 423 424 
306 424 425 
307 425 426 
308 426 427 
309 427 428 
310 428 429 
311 429 430 
312 430 431 
313 431 432 
314 432 433 
315 433 434 
316 434 435 
317 435 436 
318 436 437 
319 437 438 
320 438 439 
321 439 440 
322 440 441 
323 441 442 
324 442 443 
325 443 444 
326 444 445 
327 445 446 
328 446 447 
329 447 448 
330 448 449 
331 449 450 
332 450 451 
333 451 452 
334 452 453 
335 453 454 
336 454 455 
337 455 456 
338 456 457 
339 457 458 
340 458 459 
341 459 460 
342 460 461 
343 461 462 
344 462 463 
345 463 464 
346 464 465 
347 465 466 
348 466 467 
349 467 468 
350 468 469 
351 469 470 
352 470 471 
353 471 472 
354 472 473 
355 473 474 
356 474 475 
357 475 476 
358 476 477 
359 477 478 
360 478 479 
361 479 480 
362 480 481 
363 481 482 
364 482 483 
365 483 484 
366 484 485 
367 485 486 
368 486 487 
369 487 488 
370 488 489 
371 489 490 
372 490 491 
373 491 492 
374 492 493 
375 493 494 
376 494 495 
377 495 496 
378 496 497 
379 497 498 
380 498 499 
381 499 500 
382 500 501 
383 501 502 
384 502 503 
385 503 504 
386 504 505 
387 505 506 
388 506 507 
389 507 508 
390 508 509 
391 509 510 
392 510 511 
393 511 512 
394 512 513 
395 513 6 
1 24 1 3
396 22 788 
397 788 789 
398 789 10 
1 25 1 11
399 25 790 
400 790 791 
401 791 792 
402 792 793 
403 793 794 
404 794 795 
405 795 796 
406 796 797 
407 797 798 
408 798 799 
409 799 8 
2 1 3 352
410 1 29 114 10 
411 29 30 115 114 
412 30 31 116 115 
413 31 32 117 116 
414 32 33 118 117 
415 33 34 119 118 
416 34 35 120 119 
417 35 36 121 120 
418 36 37 122 121 
419 37 38 123 122 
420 38 39 124 123 
421 39 40 125 124 
422 40 41 126 125 
423 41 42 127 126 
424 42 43 128 127 
425 43 44 129 128 
426 44 45 130 129 
427 45 46 131 130 
428 46 47 132 131 
429 47 48 133 132 
430 48 18 19 133 
431 18 240 777 19 
432 240 241 778 777 
433 241 242 779 778 
434 242 243 780 779 
435 243 244 781 780 
436 244 245 782 781 
437 245 246 783 782 
438 246 247 784 783 
439 247 248 785 784 
440 248 249 786 785 
441 249 250 787 786 
442 250 2 11 787 
443 2 168 134 11 
444 168 169 135 134 
445 169 170 136 135 
446 170 171 137 136 
447 171 172 138 137 
448 172 173 139 138 
449 173 174 140 139 
450 174 175 141 140 
451 175 176 142 141 
452 176 177 143 142 
453 177 178 144 143 
454 178 179 145 144 
455 179 180 146 145 
456 180 181 147 146 
457 181 182 148 147 
458 182 13 14 148 
459 13 204 222 14 
460 204 205 223 222 
461 205 206 224 223 
462 206 207 225 224 
463 207 208 226 225 
464 208 209 227 226 
465 209 210 228 227 
466 210 211 229 228 
467 211 212 230 229 
468 212 213 231 230 
469 213 214 232 231 
470 214 215 233 232 
471 215 216 234 233 
472 216 217 235 234 
473 217 218 236 235 
474 218 219 237 236 
475 219 220 238 237 
476 220 221 239 238 
477 221 5 12 239 
478 5 67 149 12 
479 67 68 150 149 
480 68 69 151 150 
481 69 70 152 151 
482 70 71 153 152 
483 71 72 154 153 
484 72 73 155 154 
485 73 74 156 155 
486 74 75 157 156 
487 75 76 158 157 
488 76 77 159 158 
489 77 78 160 159 
490 78 79 161 160 
491 79 80 162 161 
492 80 81 163 162 
493 81 82 164 163 
494 82 83 165 164 
495 83 84 166 165 
496 84 85 167 166 
497 85 20 21 167 
498 20 251 514 21 
499 251 252 515 514 
500 252 253 516 515 
501 253 254 517 516 
502 254 255 518 517 
503 255 256 519 518 
504 256 257 520 519 
505 257 258 521 520 
506 258 259 522 521 
507 259 260 523 522 
508 260 261 524 523 
509 261 262 525 524 
510 262 263 526 525 
511 263 264 527 526 
512 264 265 528 527 
513 265 266 529 528 
514 266 267 530 529 
515 267 268 531 530 
516 268 269 532 531 
517 269 270 533 532 
518 270 271 534 533 
519 271 272 535 534 
520 272 273 536 535 
521 273 274 537 536 
522 274 275 538 537 
523 275 276 539 538 
524 276 277 540 539 
525 277 278 541 540 
526 278 279 542 541 
527 279 280 543 542 
528 280 281 544 543 
529 281 282 545 544 
530 282 283 546 545 
531 283 284 547 546 
532 284 285 548 547 
533 285 286 549 548 
534 286 287 550 549 
535 287 288 551 550 
536 288 289 552 551 
537 289 290 553 552 
538 290 291 554 553 
539 291 292 555 554 
540 292 293 556 555 
541 293 294 557 556 
542 294 295 558 557 
543 295 296 559 558 
544 296 297 560 559 
545 297 298 561 560 
546 298 299 562 561 
547 299 300 563 562 
548 300 301 564 563 
549 301 302 565 564 
550 302 303 566 565 
551 303 304 567 566 
552 304 305 568 567 
553 305 306 569 568 
554 306 307 570 569 
555 307 308 571 570 
556 308 309 572 571 
557 309 310 573 572 
558 310 311 574 573 
559 311 312 575 574 
560 312 313 576 575 
561 313 314 577 576 
562 314 315 578 577 
563 315 316 579 578 
564 316 317 580 579 
565 317 318 581 580 
566 318 319 582 581 
567 319 320 583 582 
568 320 321 584 583 
569 321 322 585 584 
570 322 323 586 585 
571 323 324 587 586 
572 324 325 588 587 
573 325 326 589 588 
574 326 327 590 589 
575 327 328 591 590 
576 328 329 592 591 
577 329 330 593 592 
578 330 331 594 593 
579 331 332 595 594 
580 332 333 596 595 
581 333 334 597 596 
582 334 335 598 597 
583 335 336 599 598 
584 336 337 600 599 
585 337 338 601 600 
586 338 339 602 601 
587 339 340 603 602 
588 340 341 604 603 
589 341 342 605 604 
590 342 343 606 605 
591 343 344 607 606 
592 344 345 608 607 
593 345 346 609 608 
594 346 347 610 609 
595 347 348 611 610 
596 348 349 612 611 
597 349 350 613 612 
598 350 351 614 613 
599 351 352 615 614 
600 352 353 616 615 
601 353 354 617 616 
602 354 355 618 617 
603 355 356 619 618 
604 356 357 620 619 
605 357 358 621 620 
606 358 359 622 621 
607 359 360 623 622 
608 360 361 624 623 
609 361 362 625 624 
610 362 363 626 625 
611 363 364 627 626 
612 364 365 628 627 
613 365 366 629 628 
614 366 367 630 629 
615 367 368 631 630 
616 368 369 632 631 
617 369 370 633 632 
618 370 371 634 633 
619 371 372 635 634 
620 372 373 636 635 
621 373 374 637 636 
622 374 375 638 637 
623 375 376 639 638 
624 376 377 640 639 
625 377 378 641 640 
626 378 379 642 641 
627 379 380 643 642 
628 380 381 644 643 
629 381 382 645 644 
630 382 383 646 645 
631 383 384 647 646 
632 384 385 648 647 
633 385 386 649 648 
634 386 387 650 649 
635 387 388 651 650 
636 388 389 652 651 
637 389 390 653 652 
638 390 391 654 653 
639 391 392 655 654 
640 392 393 656 655 
641 393 394 657 656 
642 394 395 658 657 
643 395 396 659 658 
644 396 397 660 659 
645 397 398 661 660 
646 398 399 662 661 
647 399 400 663 662 
648 400 401 664 663 
649 401 402 665 664 
650 402 403 666 665 
651 403 404 667 666 
652 404 405 668 667 
653 405 406 669 668 
654 406 407 670 669 
655 407 408 671 670 
656 408 409 672 671 
657 409 410 673 672 
658 410 411 674 673 
659 411 412 675 674 
660 412 413 676 675 
661 413 414 677 676 
662 414 415 678 677 
663 415 416 679 678 
664 416 417 680 679 
665 417 418 681 680 
666 418 419 682 681 
667 419 420 683 682 
668 420 421 684 683 
669 421 422 685 684 
670 422 423 686 685 
671 423 424 687 686 
672 424 425 688 687 
673 425 426 689 688 
674 426 427 690 689 
675 427 428 691 690 
676 428 429 692 691 
677 429 430 693 692 
678 430 431 694 693 
679 431 432 695 694 
680 432 433 696 695 
681 433 434 697 696 
682 434 435 698 697 
683 435 436 699 698 
684 436 437 700 699 
685 437 438 701 700 
686 438 439 702 701 
687 439 440 703 702 
688 440 441 704 703 
689 441 442 705 704 
690 442 443 706 705 
691 443 444 707 706 
692 444 445 708 707 
693 445 446 709 708 
694 446 447 710 709 
695 447 448 711 710 
696 448 449 712 711 
697 449 450 713 712 
698 450 451 714 713 
699 451 452 715 714 
700 452 453 716 715 
701 453 454 717 716 
702 454 455 718 717 
703 455 456 719 718 
704 456 457 720 719 
705 457 458 721 720 
706 458 459 722 721 
707 459 460 723 722 
708 460 461 724 723 
709 461 462 725 724 
710 462 463 726 725 
711 463 464 727 726 
712 464 465 728 727 
713 465 466 729 728 
714 466 467 730 729 
715 467 468 731 730 
716 468 469 732 731 
717 469 470 733 732 
718 470 471 734 733 
719 471 472 735 734 
720 472 473 736 735 
721 473 474 737 736 
722 474 475 738 737 
723 475 476 739 738 
724 476 477 740 739 
725 477 478 741 740 
726 478 479 742 741 
727 479 480 743 742 
728 480 481 744 743 
729 481 482 745 744 
730 482 483 746 745 
731 483 484 747 746 
732 484 485 748 747 
733 485 486 749 748 
734 486 487 750 749 
735 487 488 751 750 
736 488 489 752 751 
737 489 490 753 752 
738 490 491 754 753 
739 491 492 755 754 
740 492 493 756 755 
741 493 494 757 756 
742 494 495 758 757 
743 495 496 759 758 
744 496 497 760 759 
745 497 498 761 760 
746 498 499 762 761 
747 499 500 763 762 
748 500 501 764 763 
749 501 502 765 764 
750 502 503 766 765 
751 503 504 767 766 
752 504 505 768 767 
753 505 506 769 768 
754 506 507 770 769 
755 507 508 771 770 
756 508 509 772 771 
757 509 510 773 772 
758 510 511 774 773 
759 511 512 775 774 
760 512 513 776 775 
761 513 6 7 776 
2 2 3 175
762 3 51 1146 183 
763 183 1146 1147 15 
764 15 1147 1148 50 
765 50 1148 1149 49 
766 49 1149 168 2 
767 51 52 1150 1146 
768 1146 1150 1151 1147 
769 1147 1151 1152 1148 
770 1148 1152 1153 1149 
771 1149 1153 169 168 
772 52 53 1154 1150 
773 1150 1154 1155 1151 
774 1151 1155 1156 1152 
775 1152 1156 1157 1153 
776 1153 1157 170 169 
777 53 54 1158 1154 
778 1154 1158 1159 1155 
779 1155 1159 1160 1156 
780 1156 1160 1161 1157 
781 1157 1161 171 170 
782 54 55 1162 1158 
783 1158 1162 1163 1159 
784 1159 1163 1164 1160 
785 1160 1164 1165 1161 
786 1161 1165 172 171 
787 55 56 1166 1162 
788 1162 1166 1167 1163 
789 1163 1167 1168 1164 
790 1164 1168 1169 1165 
791 1165 1169 173 172 
792 56 57 1170 1166 
793 1166 1170 1171 1167 
794 1167 1171 1172 1168 
795 1168 1172 1173 1169 
796 1169 1173 174 173 
797 57 58 1174 1170 
798 1170 1174 1175 1171 
799 1171 1175 1176 1172 
800 1172 1176 1177 1173 
801 1173 1177 175 174 
802 58 59 1178 1174 
803 1174 1178 1179 1175 
804 1175 1179 1180 1176 
805 1176 1180 1181 1177 
806 1177 1181 176 175 
807 59 60 1182 1178 
808 1178 1182 1183 1179 
809 1179 1183 1184 1180 
810 1180 1184 1185 1181 
811 1181 1185 177 176 
812 60 61 1186 1182 
813 1182 1186 1187 1183 
814 1183 1187 1188 1184 
815 1184 1188 1189 1185 
816 1185 1189 178 177 
817 61 62 1190 1186 
818 1186 1190 1191 1187 
819 1187 1191 1192 1188 
820 1188 1192 1193 1189 
821 1189 1193 179 178 
822 62 63 1194 1190 
823 1190 1194 1195 1191 
824 1191 1195 1196 1192 
825 1192 1196 1197 1193 
826 1193 1197 180 179 
827 63 64 1198 1194 
828 1194 1198 1199 1195 
829 1195 1199 1200 1196 
830 1196 1200 1201 1197 
831 1197 1201 181 180 
832 64 65 1202 1198 
833 1198 1202 1203 1199 
834 1199 1203 1204 1200 
835 1200 1204 1205 1201 
836 1201 1205 182 181 
837 65 16 1206 1202 
838 1202 1206 1207 1203 
839 1203 1207 1208 1204 
840 1204 1208 1209 1205 
841 1205 1209 13 182 
842 16 184 1210 1206 
843 1206 1210 1211 1207 
844 1207 1211 1212 1208 
845 1208 1212 1213 1209 
846 1209 1213 204 13 
847 184 185 1214 1210 
848 1210 1214 1215 1211 
849 1211 1215 1216 1212 
850 1212 1216 1217 1213 
851 1213 1217 205 204 
852 185 186 1218 1214 
853 1214 1218 1219 1215 
854 1215 1219 1220 1216 
855 1216 1220 1221 1217 
856 1217 1221 206 205 
857 186 187 1222 1218 
858 1218 1222 1223 1219 
859 1219 1223 1224 1220 
860 1220 1224 1225 1221 
861 1221 1225 207 206 
862 187 188 1226 1222 
863 1222 1226 1227 1223 
864 1223 1227 1228 1224 
865 1224 1228 1229 1225 
866 1225 1229 208 207 
867 188 189 1230 1226 
868 1226 1230 1231 1227 
869 1227 1231 1232 1228 
870 1228 1232 1233 1229 
871 1229 1233 209 208 
872 189 190 1234 1230 
873 1230 1234 1235 1231 
874 1231 1235 1236 1232 
875 1232 1236 1237 1233 
876 1233 1237 210 209 
877 190 191 1238 1234 
878 1234 1238 1239 1235 
879 1235 1239 1240 1236 
880 1236 1240 1241 1237 
881 1237 1241 211 210 
882 191 192 1242 1238 
883 1238 1242 1243 1239 
884 1239 1243 1244 1240 
885 1240 1244 1245 1241 
886 1241 1245 212 211 
887 192 193 1246 1242 
888 1242 1246 1247 1243 
889 1243 1247 1248 1244 
890 1244 1248 1249 1245 
891 1245 1249 213 212 
892 193 194 1250 1246 
893 1246 1250 1251 1247 
894 1247 1251 1252 1248 
895 1248 1252 1253 1249 
896 1249 1253 214 213 
897 194 195 1254 1250 
898 1250 1254 1255 1251 
899 1251 1255 1256 1252 
900 1252 1256 1257 1253 
901 1253 1257 215 214 
902 195 196 1258 1254 
903 1254 1258 1259 1255 
904 1255 1259 1260 1256 
905 1256 1260 1261 1257 
906 1257 1261 216 215 
907 196 197 1262 1258 
908 1258 1262 1263 1259 
909 1259 1263 1264 1260 
910 1260 1264 1265 1261 
911 1261 1265 217 216 
912 197 198 1266 1262 
913 1262 1266 1267 1263 
914 1263 1267 1268 1264 
915 1264 1268 1269 1265 
916 1265 1269 218 217 
917 198 199 1270 1266 
918 1266 1270 1271 1267 
919 1267 1271 1272 1268 
920 1268 1272 1273 1269 
921 1269 1273 219 218 
922 199 200 1274 1270 
923 1270 1274 1275 1271 
924 1271 1275 1276 1272 
925 1272 1276 1277 1273 
926 1273 1277 220 219 
927 200 201 1278 1274 
928 1274 1278 1279 1275 
929 1275 1279 1280 1276 
930 1276 1280 1281 1277 
931 1277 1281 221 220 
932 201 4 66 1278 
933 1278 66 17 1279 
934 1279 17 202 1280 
935 1280 202 203 1281 
936 1281 203 5 221 
2 3 2 2499
937 1473 1506 1478 
938 1739 1906 1891 
939 1484 2075 1682 
940 103 1676 1363 
941 1099 2103 1359 
942 1124 2125 1339 
943 1802 2283 1801 
944 1771 2061 1501 
945 1731 1742 1727 
946 1436 2140 1440 
947 2115 2262 1631 
948 1378 2217 1833 
949 953 1928 954 
950 1482 1516 1485 
951 1436 1440 1439 
952 1593 1773 1622 
953 1378 2280 1580 
954 1597 1602 1600 
955 1509 1522 1512 
956 1379 2088 1598 
957 1365 2221 1550 
958 1367 2187 94 
959 1313 2210 1855 
960 1689 1752 1398 
961 1541 2212 1998 
962 1767 2151 1760 
963 1714 1879 1712 
964 1923 1926 1925 
965 1130 1358 1337 
966 1522 1659 1512 
967 1488 1523 1492 
968 1687 1968 1560 
969 1547 1567 1554 
970 2144 2148 1958 
971 1365 2143 98 
972 101 2179 1364 
973 1668 1672 1671 
974 997 1858 998 
975 2113 2227 1853 
976 1517 1681 1516 
977 1602 1624 1600 
978 1313 1855 1773 
979 1469 1669 1668 
980 1407 1641 1417 
981 1859 2054 1480 
982 1563 2007 1974 
983 1492 1529 1496 
984 1870 2278 1292 
985 1635 2107 2064 
986 1658 2063 2034 
987 1740 1904 1900 
988 1746 2015 2013 
989 1454 1847 1846 
990 1571 1974 1791 
991 1422 1839 1414 
992 1828 2116 1823 
993 2013 2017 1551 
994 1498 1658 1502 
995 2093 2094 1673 
996 1376 2213 1530 
997 1646 2194 1983 
998 1564 1999 1997 
999 1506 1585 1507 
1000 1824 1831 1809 
1001 1808 1810 1803 
1002 1569 1974 1571 
1003 1800 1802 1801 
1004 1685 2257 1920 
1005 1600 1604 1601 
1006 1741 1904 1740 
1007 1743 1756 1692 
1008 1893 1898 1725 
1009 2008 2153 1460 
1010 1346 2125 1124 
1011 1975 2158 1621 
1012 1628 1933 1907 
1013 1900 1904 1299 
1014 1421 2181 1408 
1015 1414 1418 1411 
1016 1298 1898 1896 
1017 1996 2251 1540 
1018 1655 1877 1654 
1019 976 2022 977 
1020 1660 2056 2053 
1021 2055 2071 1332 
1022 1954 2086 1985 
1023 1484 1682 1681 
1024 2175 2176 2098 
1025 1597 1848 1602 
1026 2036 2223 2064 
1027 1313 2147 1948 
1028 1364 2213 100 
1029 2063 2173 1328 
1030 2065 2173 1495 
1031 1285 2155 1348 
1032 1646 1983 1644 
1033 1781 1917 1897 
1034 1304 1935 1934 
1035 1587 2326 1950 
1036 1953 2257 1607 
1037 1414 1657 1418 
1038 1630 1935 1907 
1039 1640 2291 1931 
1040 2034 2063 2033 
1041 1377 1834 1833 
1042 97 2217 1366 
1043 1366 2220 96 
1044 1792 2208 1572 
1045 1739 1908 1906 
1046 1897 1922 1921 
1047 2034 2061 1771 
1048 2186 2187 1367 
1049 1603 2185 1960 
1050 1460 2105 1936 
1051 1907 1933 1932 
1052 1982 2194 1464 
1053 1311 2185 1942 
1054 1565 1969 1561 
1055 2027 2082 1647 
1056 1622 1855 1623 
1057 1913 2192 1945 
1058 1706 1867 1703 
1059 1568 1965 1569 
1060 1467 1800 1764 
1061 1322 2000 1997 
1062 1547 1554 1548 
1063 1983 2037 1643 
1064 93 2228 1368 
1065 1987 2147 1589 
1066 1660 2058 2056 
1067 2053 2056 1661 
1068 1368 2232 92 
1069 1465 2037 1983 
1070 1985 2110 1315 
1071 2081 2082 1334 
1072 1560 1967 1687 
1073 104 2313 9 
1074 1518 2266 2080 
1075 1623 1981 1854 
1076 1321 2031 1927 
1077 2056 2058 1326 
1078 1604 1793 1605 
1079 1727 1742 1724 
1080 1952 2157 2001 
1081 1626 1933 1628 
1082 1319 2030 1989 
1083 1877 2248 1654 
1084 1616 1631 1612 
1085 1556 1565 1561 
1086 1316 1792 1688 
1087 89 2238 1370 
1088 1521 2101 1530 
1089 1705 2178 1706 
1090 99 1865 1365 
1091 1484 2266 2076 
1092 1993 2261 2038 
1093 1331 2079 2050 
1094 1370 2219 1420 
1095 1500 2061 2034 
1096 2064 2107 1329 
1097 1889 2165 1890 
1098 1622 1854 1620 
1099 1364 1827 1530 
1100 1852 2193 1700 
1101 1502 1771 1508 
1102 1925 2250 1320 
1103 1697 2113 1437 
1104 892 1841 893 
1105 1481 2141 1477 
1106 1711 1712 1709 
1107 98 2143 1377 
1108 1680 1686 1679 
1109 94 2187 1381 
1110 1893 2277 1724 
1111 1688 1791 1316 
1112 1709 1718 1705 
1113 1791 1963 1316 
1114 1565 1970 1969 
1115 1573 2280 1755 
1116 1609 1617 1611 
1117 1474 2305 1766 
1118 1907 1935 1628 
1119 1597 1600 1599 
1120 956 1929 957 
1121 1636 2181 1421 
1122 1414 1839 1657 
1123 1658 2173 2063 
1124 1644 1983 1643 
1125 1634 2181 1345 
1126 1525 2044 1523 
1127 103 1363 102 
1128 101 1364 100 
1129 1581 1994 1927 
1130 1506 1507 1478 
1131 90 2320 1369 
1132 99 1365 98 
1133 1591 1773 1593 
1134 1369 1786 90 
1135 1737 1888 1736 
1136 1653 2305 1474 
1137 1651 1862 1650 
1138 1839 2167 1863 
1139 2014 2329 1566 
1140 97 1366 96 
1141 1485 2299 1519 
1142 1375 1865 99 
1143 1434 2146 1435 
1144 95 1367 94 
1145 1752 2133 1398 
1146 1623 1854 1622 
1147 93 1368 92 
1148 1561 1568 1562 
1149 965 2000 966 
1150 1705 1706 1704 
1151 1580 2296 1378 
1152 1316 2214 1792 
1153 102 2156 1373 
1154 89 1370 88 
1155 1440 2267 1439 
1156 1681 2266 1484 
1157 1379 2089 95 
1158 1424 1856 1702 
1159 1897 1917 1780 
1160 1760 2151 1762 
1161 1698 2227 2113 
1162 90 1786 1385 
1163 1924 1925 1320 
1164 1691 1743 1692 
1165 1974 2007 1791 
1166 95 2089 1367 
1167 1430 1852 1700 
1168 1702 1856 1291 
1169 1817 1831 1824 
1170 1644 2316 1476 
1171 1607 2257 1685 
1172 1768 1769 1371 
1173 1097 1359 1285 
1174 1556 1561 1559 
1175 1370 2177 88 
1176 2046 2108 1519 
1177 1389 1769 1768 
1178 1683 2211 1398 
1179 1649 2308 1475 
1180 1965 1966 1569 
1181 1683 1690 1350 
1182 2118 2256 1343 
1183 1678 2105 1460 
1184 1615 1626 1619 
1185 1373 2179 101 
1186 1672 2096 1674 
1187 1525 2108 2046 
1188 2048 2069 1489 
1189 1595 1848 1597 
1190 1611 1632 1613 
1191 1734 1740 1730 
1192 1343 2288 2130 
1193 1985 2086 1586 
1194 1733 1734 1730 
1195 1337 1362 1128 
1196 1773 2147 1313 
1197 1593 1622 1620 
1198 1554 2203 1548 
1199 792 1400 791 
1200 1605 1685 1609 
1201 2019 2022 1537 
1202 1742 1898 1893 
1203 2072 2266 1681 
1204 1617 1918 1625 
1205 1550 2143 1365 
1206 1919 2192 1632 
1207 791 1428 790 
1208 1896 1898 1742 
1209 1574 1583 1576 
1210 1581 1927 1926 
1211 109 1645 1347 
1212 1613 1642 1615 
1213 1516 2299 1485 
1214 1641 2142 1417 
1215 1862 1955 1459 
1216 2050 2079 1682 
1217 1810 2122 1803 
1218 1600 2144 1604 
1219 107 1429 1344 
1220 1467 1802 1800 
1221 1564 1995 1542 
1222 1437 2109 1697 
1223 1537 2021 2019 
1224 1482 1517 1516 
1225 1711 1714 1712 
1226 1408 2181 1410 
1227 1586 2110 1985 
1228 2096 2189 1674 
1229 1528 2156 1527 
1230 1429 1430 1344 
1231 1671 1672 1461 
1232 1524 2069 2048 
1233 1571 1688 1574 
1234 2037 2263 1643 
1235 1685 1840 1607 
1236 954 1928 1320 
1237 2044 2047 1523 
1238 1611 1919 1632 
1239 1830 1902 1303 
1240 1309 1841 1793 
1241 2094 2097 2095 
1242 1418 1641 1409 
1243 1772 1951 1589 
1244 1384 2290 2152 
1245 1624 2148 2144 
1246 1533 2014 1551 
1247 1487 2108 1488 
1248 1654 1978 1651 
1249 2049 2070 2035 
1250 1704 1706 1703 
1251 1417 1686 1680 
1252 1492 1496 1493 
1253 1683 1768 1690 
1254 1497 2067 1498 
1255 1488 1492 1490 
1256 1780 1917 1782 
1257 1776 1922 1780 
1258 1320 1928 1924 
1259 1600 1601 1599 
1260 1482 1485 1483 
1261 2019 2021 2018 
1262 1589 2147 1772 
1263 1498 1502 1499 
1264 1855 2231 1623 
1265 998 1858 1327 
1266 1430 1700 1432 
1267 1780 1922 1897 
1268 1509 1512 1511 
1269 1292 2278 1867 
1270 1392 1683 1398 
1271 1833 2217 1377 
1272 102 1373 101 
1273 1587 1950 1588 
1274 1879 1880 1712 
1275 1383 2320 91 
1276 1481 2102 1482 
1277 100 1375 99 
1278 1998 2004 1541 
1279 98 1377 97 
1280 1439 2267 1441 
1281 1972 1986 1555 
1282 1327 1858 1829 
1283 1844 2176 1284 
1284 1735 1736 1734 
1285 1530 2213 1364 
1286 1419 2181 1634 
1287 1420 2177 1370 
1288 96 1379 95 
1289 1473 1478 1477 
1290 1345 2181 1636 
1291 1496 2067 1497 
1292 1432 2146 1434 
1293 1485 2108 1487 
1294 94 1381 93 
1295 1287 2154 2092 
1296 2090 2093 1677 
1297 92 1383 91 
1298 1377 2217 97 
1299 100 2213 1375 
1300 1766 2235 1467 
1301 1341 2142 1784 
1302 90 1385 89 
1303 2128 2199 2169 
1304 96 2220 1379 
1305 1381 2228 93 
1306 1617 1919 1611 
1307 2098 2176 1821 
1308 1645 2138 1347 
1309 1593 1620 1595 
1310 1787 1798 1797 
1311 1385 2238 89 
1312 92 2232 1383 
1313 1737 1889 1888 
1314 1784 2142 1785 
1315 1401 1427 1372 
1316 1441 2253 1442 
1317 2064 2223 1635 
1318 1746 2016 2015 
1319 1598 2089 1379 
1320 1413 1414 1411 
1321 1400 1401 1372 
1322 1501 1857 1771 
1323 1666 2314 1668 
1324 1524 2048 2047 
1325 1478 2102 1481 
1326 1998 2239 1322 
1327 1417 1680 1405 
1328 1418 1785 1641 
1329 1480 2055 1859 
1330 2104 2174 2097 
1331 1861 2330 1466 
1332 1751 2113 1853 
1333 1481 2172 2141 
1334 1508 1829 1522 
1335 1376 2101 1514 
1336 2092 2155 2094 
1337 1572 2157 1792 
1338 1454 1877 1847 
1339 1442 2253 1445 
1340 1807 1816 1466 
1341 1501 2062 1857 
1342 1564 1996 1995 
1343 1385 1710 1708 
1344 1667 2160 2155 
1345 1409 1641 1407 
1346 1609 1920 1617 
1347 1551 2014 2013 
1348 1416 1422 1414 
1349 1392 1398 1394 
1350 1502 1508 1503 
1351 1474 1765 1655 
1352 1604 1605 1601 
1353 1777 2247 2226 
1354 1388 2313 104 
1355 1469 1670 1669 
1356 2012 2024 2013 
1357 1564 2303 1999 
1358 2094 2095 1673 
1359 1537 2022 976 
1360 1854 1981 1312 
1361 1817 1824 1811 
1362 1652 1955 1862 
1363 1398 2211 1689 
1364 1418 2206 1785 
1365 1626 1628 1619 
1366 1746 2014 1566 
1367 1561 1562 1559 
1368 1720 1884 1714 
1369 1473 1644 1506 
1370 1444 2200 2149 
1371 1813 1817 1811 
1372 1742 1893 1724 
1373 1363 2183 1527 
1374 1289 1701 1692 
1375 2080 2266 2072 
1376 1475 2308 1653 
1377 1931 2291 2161 
1378 1869 2178 1718 
1379 1435 2334 1434 
1380 1927 1994 1321 
1381 27 1444 1108 
1382 1304 2161 1935 
1383 1657 2206 1418 
1384 1380 2296 2202 
1385 1942 2185 2158 
1386 1540 2261 1996 
1387 2005 2234 2006 
1388 2155 2160 2094 
1389 1425 1426 1396 
1390 1367 2115 1631 
1391 1724 2277 1723 
1392 1452 2235 1453 
1393 1914 2192 1913 
1394 1820 2270 1818 
1395 1675 2322 1363 
1396 1373 2156 1528 
1397 1332 2072 2055 
1398 1347 2138 1399 
1399 1693 1694 1426 
1400 2121 2123 1804 
1401 1862 1979 1652 
1402 1680 2274 1405 
1403 1400 1428 791 
1404 1875 2218 1874 
1405 2191 2221 1365 
1406 1426 1694 1396 
1407 1685 1920 1609 
1408 2154 2332 1348 
1409 1839 2275 1657 
1410 2110 2157 1952 
1411 1776 1780 1778 
1412 1749 1853 1356 
1413 2082 2153 1334 
1414 1621 2158 1850 
1415 1553 1926 1923 
1416 1693 1696 1695 
1417 2027 2194 2082 
1418 1411 1418 1409 
1419 1488 1525 1523 
1420 1808 2328 1810 
1421 1983 2194 1982 
1422 2091 2093 2090 
1423 893 1841 1309 
1424 2218 2281 1874 
1425 1555 2028 1972 
1426 1126 1362 1346 
1427 1994 2261 1993 
1428 1422 2167 1839 
1429 1695 1699 1694 
1430 1736 1906 1734 
1431 1449 2235 1452 
1432 1547 1548 1546 
1433 2030 2289 1989 
1434 2006 2255 2021 
1435 1693 1701 1696 
1436 1823 2116 1824 
1437 1475 1650 1649 
1438 957 1929 1544 
1439 1850 1976 1621 
1440 1660 2053 1745 
1441 1495 2173 1788 
1442 1667 2155 1285 
1443 1710 1711 1709 
1444 1997 1998 1322 
1445 109 1347 108 
1446 1394 1425 1396 
1447 1708 1709 1705 
1448 1343 2119 2118 
1449 1546 2311 1547 
1450 1398 1425 1394 
1451 1489 2049 2048 
1452 1519 2145 2046 
1453 1306 1940 1915 
1454 1702 2278 1424 
1455 1816 2287 1466 
1456 1475 1651 1650 
1457 1369 1789 1728 
1458 1407 1417 1405 
1459 1900 2171 1740 
1460 1811 1824 1815 
1461 1720 2222 1885 
1462 1476 2316 1649 
1463 1729 1733 1730 
1464 1291 2167 1702 
1465 1403 1427 1401 
1466 111 1360 110 
1467 1788 2066 1495 
1468 1636 2182 1351 
1469 1417 2142 1686 
1470 1588 1772 1591 
1471 1939 2276 1626 
1472 1820 2176 1844 
1473 1474 2315 1653 
1474 1740 1905 1741 
1475 1333 2263 2037 
1476 1829 1857 1327 
1477 1658 2034 1502 
1478 107 1344 106 
1479 1508 1522 1509 
1480 1474 1766 1765 
1481 1891 1906 1736 
1482 1567 2164 1554 
1483 1476 1646 1644 
1484 2149 2270 1444 
1485 1533 2329 2014 
1486 1744 2180 1512 
1487 1460 2153 1678 
1488 1542 2333 1543 
1489 1730 2312 1729 
1490 1670 1754 1669 
1491 110 1645 109 
1492 1807 1808 1803 
1493 1830 1922 1776 
1494 1378 2296 2217 
1495 966 2000 1322 
1496 1605 1609 1606 
1497 1692 1756 1289 
1498 1769 2285 1371 
1499 1847 1877 1655 
1500 1715 1720 1714 
1501 1423 1702 1422 
1502 1803 2122 1804 
1503 1609 1611 1610 
1504 2000 2251 1996 
1505 1888 1891 1736 
1506 112 1389 111 
1507 1695 2109 1699 
1508 2097 2174 2098 
1509 1283 1758 1664 
1510 1480 2071 2055 
1511 1466 2287 1861 
1512 1611 1613 1612 
1513 1659 2058 1660 
1514 1548 2203 1556 
1515 1586 2086 1587 
1516 111 1389 1360 
1517 1613 1615 1614 
1518 2021 2255 2018 
1519 1356 1826 1749 
1520 1529 2107 1635 
1521 1615 1619 1618 
1522 1533 2294 1534 
1523 1568 1569 1562 
1524 1567 1991 1990 
1525 1737 2165 1889 
1526 1592 1594 1380 
1527 797 1345 796 
1528 1434 2334 1436 
1529 1289 1770 1701 
1530 1535 2304 1536 
1531 1851 2185 1603 
1532 1312 1976 1854 
1533 2123 2199 2126 
1534 1653 1654 1651 
1535 1753 2083 1357 
1536 1425 1691 1426 
1537 103 2313 1676 
1538 1631 2186 1367 
1539 1389 1390 1360 
1540 795 1351 794 
1541 1648 2082 1646 
1542 1502 2034 1771 
1543 1538 2319 1539 
1544 1978 1979 1651 
1545 793 1361 792 
1546 1793 2159 1309 
1547 1534 2294 1535 
1548 1734 1905 1740 
1549 1423 1704 1703 
1550 1773 1855 1622 
1551 796 1636 795 
1552 1812 1813 1811 
1553 1569 1571 1570 
1554 2067 2223 2066 
1555 1332 2080 2072 
1556 1343 2130 2119 
1557 1732 1901 1899 
1558 1108 1845 1107 
1559 1668 1671 1469 
1560 1571 1574 1573 
1561 1561 1687 1568 
1562 1929 2250 1925 
1563 1696 1698 1697 
1564 1582 2164 1989 
1565 1970 1971 1318 
1566 1445 2287 1448 
1567 1997 2000 1996 
1568 1574 1576 1575 
1569 1429 1852 1430 
1570 2134 2264 2169 
1571 1389 1768 1390 
1572 1386 2238 1708 
1573 1682 2075 2050 
1574 1766 2305 1453 
1575 1673 2100 2093 
1576 1840 2243 1607 
1577 1437 2334 2109 
1578 1544 2318 2032 
1579 1895 1901 1732 
1580 1757 2325 1758 
1581 1668 2314 1672 
1582 2054 2321 1479 
1583 1448 2287 1449 
1584 1405 2274 1403 
1585 1345 1636 796 
1586 1819 1820 1818 
1587 1536 2304 1538 
1588 1458 2305 1653 
1589 2234 2255 2006 
1590 1436 1439 1438 
1591 2126 2283 1804 
1592 1755 2280 1378 
1593 1703 2278 1702 
1594 1063 2285 22 
1595 1477 2141 1471 
1596 1361 1400 792 
1597 112 1769 1389 
1598 1318 2233 1969 
1599 1785 2142 1641 
1600 1542 1543 1539 
1601 1514 2282 1376 
1602 108 1429 107 
1603 1413 1416 1414 
1604 2094 2160 2097 
1605 2121 2129 2127 
1606 1728 2310 1369 
1607 1453 2235 1766 
1608 1538 1539 1536 
1609 1625 1919 1617 
1610 1779 2247 1777 
1611 1459 2105 1862 
1612 1530 2101 1376 
1613 2152 2232 1384 
1614 1723 2222 1720 
1615 1514 2101 1510 
1616 1912 2112 1302 
1617 1386 1705 1704 
1618 1817 1832 1831 
1619 795 1636 1351 
1620 2017 2019 2018 
1621 1735 1737 1736 
1622 1371 2285 1063 
1623 2136 2198 2124 
1624 1303 1922 1830 
1625 1535 1536 1534 
1626 1309 2159 1937 
1627 1821 2176 1820 
1628 1711 1717 1715 
1629 800 1428 1372 
1630 1878 2292 1716 
1631 113 1769 112 
1632 1421 2182 1636 
1633 1733 1735 1734 
1634 1489 2070 2049 
1635 1894 2277 1297 
1636 1696 1825 1698 
1637 1305 2276 1903 
1638 800 1372 801 
1639 1351 2132 794 
1640 1064 1371 1063 
1641 1457 2305 1458 
1642 1977 2248 1455 
1643 1349 2260 1427 
1644 1783 2254 1779 
1645 1729 2312 1727 
1646 1531 2282 1514 
1647 1533 1534 1532 
1648 1416 1423 1422 
1649 1937 2159 1956 
1650 1664 1677 1666 
1651 1529 1635 1496 
1652 1992 2326 1577 
1653 1453 2305 1457 
1654 1649 1678 1648 
1655 1780 1782 1778 
1656 1581 1926 1553 
1657 91 2320 90 
1658 1718 2178 1705 
1659 1561 1969 1687 
1660 1473 2316 1644 
1661 2013 2024 2017 
1662 2121 2127 2123 
1663 1342 1743 1691 
1664 1884 2292 1714 
1665 1532 2329 1533 
1666 1109 2200 27 
1667 1721 1723 1720 
1668 1463 2308 1649 
1669 1712 2281 2218 
1670 1691 2133 1342 
1671 2035 2107 2049 
1672 1539 2319 1542 
1673 1917 2112 1782 
1674 1758 2325 1664 
1675 1650 1678 1649 
1676 1461 2253 1671 
1677 1617 1920 1918 
1678 1390 1683 1392 
1679 1462 2308 1463 
1680 1827 2179 1374 
1681 1835 2168 1806 
1682 1399 1852 1347 
1683 1603 1961 1851 
1684 1972 2289 1986 
1685 1717 1786 1369 
1686 1458 2308 1462 
1687 1791 2007 1963 
1688 1427 2274 1349 
1689 1923 1924 1567 
1690 1372 1428 1400 
1691 1950 1951 1588 
1692 1789 2320 1383 
1693 1691 1692 1426 
1694 1672 1674 1461 
1695 1620 1850 1848 
1696 1302 2112 1916 
1697 2131 2189 1819 
1698 1628 1638 1629 
1699 1543 2311 1546 
1700 1583 2110 1586 
1701 1354 2256 2118 
1702 1890 2165 2112 
1703 1286 2106 2104 
1704 1624 2144 1600 
1705 1358 1450 1337 
1706 1065 1690 1064 
1707 1392 1394 1393 
1708 1926 2318 1925 
1709 802 1349 803 
1710 953 2244 1928 
1711 1352 2246 2175 
1712 1471 2316 1473 
1713 2126 2199 2128 
1714 1761 2286 1798 
1715 1064 1690 1371 
1716 1398 2133 1425 
1717 106 1584 105 
1718 1542 1995 1581 
1719 1618 2196 1614 
1720 1463 2316 1471 
1721 1394 1396 1395 
1722 1455 2248 1876 
1723 1765 2151 1655 
1724 1821 2188 2098 
1725 2168 2204 1806 
1726 1384 2254 1783 
1727 1626 2229 1939 
1728 1628 1935 1638 
1729 1819 1821 1820 
1730 2119 2129 2121 
1731 2169 2264 1451 
1732 1660 1745 1744 
1733 1711 1715 1714 
1734 1602 1851 1624 
1735 1857 2062 1327 
1736 2176 2245 1284 
1737 2127 2129 2125 
1738 1712 2218 1709 
1739 1359 2103 2099 
1740 1804 2122 2121 
1741 1616 2186 1631 
1742 105 1584 1388 
1743 1390 1392 1391 
1744 1551 2294 1533 
1745 1287 2092 2091 
1746 1441 1442 1439 
1747 1390 1768 1683 
1748 1754 2083 1753 
1749 1731 1896 1742 
1750 1734 1906 1905 
1751 1576 2237 1578 
1752 1654 2315 1655 
1753 1620 1976 1850 
1754 1582 1972 1565 
1755 803 1679 804 
1756 1801 2126 1805 
1757 1693 1695 1694 
1758 1364 2179 1827 
1759 1687 1967 1568 
1760 1972 2028 1970 
1761 1066 1350 1065 
1762 997 2249 1858 
1763 1751 1853 1749 
1764 798 1634 797 
1765 2093 2100 1677 
1766 1588 1591 1590 
1767 1969 1970 1318 
1768 1517 2072 1681 
1769 1635 2223 2067 
1770 1837 2190 2170 
1771 1591 1593 1592 
1772 1999 2004 1998 
1773 1578 2237 1579 
1774 2101 2258 1510 
1775 1751 2224 2113 
1776 1696 1697 1695 
1777 1699 2109 1435 
1778 1593 1595 1594 
1779 805 1341 806 
1780 1498 1499 1497 
1781 2311 2333 1553 
1782 1583 1586 1576 
1783 1643 2263 1585 
1784 1903 2276 1938 
1785 1144 1759 1143 
1786 2032 2318 1927 
1787 1496 1497 1493 
1788 1653 2308 1458 
1789 1595 1597 1596 
1790 1085 1283 1084 
1791 1143 1787 1142 
1792 1844 1845 1820 
1793 1492 1493 1490 
1794 1067 1689 1066 
1795 1083 1470 23 
1796 1488 1490 1487 
1797 1597 1599 1598 
1798 1427 2260 1372 
1799 1082 1357 1081 
1800 1485 1487 1483 
1801 1628 1629 1619 
1802 1069 1342 1068 
1803 1502 1503 1499 
1804 1068 1752 1067 
1805 1709 2218 1718 
1806 1775 1830 1776 
1807 2091 2242 1287 
1808 1482 1483 1481 
1809 1547 1923 1567 
1810 23 1753 1082 
1811 2137 2219 1370 
1812 2113 2224 1437 
1813 1512 2180 1511 
1814 1476 1648 1646 
1815 1587 1588 1579 
1816 1523 2302 1492 
1817 1718 2218 1875 
1818 2013 2014 1746 
1819 1615 2229 1626 
1820 1478 1481 1477 
1821 1764 1800 1763 
1822 1915 1940 1642 
1823 1761 1798 1787 
1824 1070 1743 1069 
1825 1072 1289 1071 
1826 1369 2310 1717 
1827 2018 2336 1551 
1828 2117 2150 2116 
1829 1105 2245 1104 
1830 1764 1766 1467 
1831 1071 1756 1070 
1832 1700 2146 1432 
1833 2220 2296 1380 
1834 806 1784 807 
1835 794 2132 793 
1836 1803 2283 1802 
1837 1445 1448 1442 
1838 1473 1477 1471 
1839 1423 1703 1702 
1840 1814 1818 1813 
1841 1363 2322 2183 
1842 1385 1786 1710 
1843 1349 1679 803 
1844 793 2132 1361 
1845 1463 1471 1462 
1846 1073 1770 1072 
1847 1588 1951 1772 
1848 797 1634 1345 
1849 1458 1462 1457 
1850 1350 1690 1065 
1851 1074 1353 1073 
1852 2175 2245 2176 
1853 2097 2098 2095 
1854 1372 2260 801 
1855 1808 1812 1811 
1856 2022 2241 977 
1857 1620 1848 1595 
1858 1453 1457 1452 
1859 1399 2193 1852 
1860 1508 1509 1503 
1861 1449 1452 1448 
1862 1075 1774 1074 
1863 1969 2233 1968 
1864 1506 1643 1585 
1865 1556 1559 1557 
1866 1361 1401 1400 
1867 1995 2261 1994 
1868 1076 1288 1075 
1869 2082 2194 1646 
1870 1360 1645 110 
1871 1352 2175 2174 
1872 807 1355 808 
1873 1475 1653 1651 
1874 1782 2165 1783 
1875 1966 1974 1569 
1876 1659 1660 1512 
1877 1735 2290 2166 
1878 1084 1662 1083 
1879 1086 1758 1085 
1880 1565 1972 1970 
1881 1690 1768 1371 
1882 1354 2118 2117 
1883 1657 2240 2206 
1884 1868 1869 1293 
1885 1466 2230 1807 
1886 1515 2329 1532 
1887 1081 1747 1080 
1888 1386 1704 1656 
1889 1077 1790 1076 
1890 1283 1664 1663 
1891 1443 2200 1109 
1892 105 1388 104 
1893 1538 2303 1564 
1894 1406 1407 1405 
1895 1708 2238 1385 
1896 1410 2181 1419 
1897 1859 2055 1507 
1898 2149 2200 1443 
1899 1692 1693 1426 
1900 1815 2150 1810 
1901 1859 2321 2054 
1902 1637 2191 1365 
1903 1692 1701 1693 
1904 799 1387 798 
1905 1772 2147 1773 
1906 1717 2310 2111 
1907 1819 2189 1821 
1908 1404 1405 1403 
1909 1469 2114 1670 
1910 1522 2059 1659 
1911 2130 2327 1339 
1912 113 2285 1769 
1913 1649 2316 1463 
1914 1456 1847 1767 
1915 1830 1930 1902 
1916 1380 2324 1592 
1917 808 1794 809 
1918 1879 2292 1878 
1919 1989 2289 1582 
1920 1848 1849 1602 
1921 1968 2323 1560 
1922 2169 2201 2134 
1923 2172 2268 1827 
1924 1107 1845 1844 
1925 1432 1434 1433 
1926 2222 2277 1894 
1927 1869 1872 1293 
1928 1430 1432 1431 
1929 1905 1906 1300 
1930 1638 1775 1639 
1931 1078 1356 1077 
1932 1990 2164 1567 
1933 1625 1947 1919 
1934 1899 1901 1900 
1935 1585 1859 1507 
1936 1350 2211 1683 
1937 1577 2326 2086 
1938 1392 1393 1391 
1939 1762 2151 1765 
1940 1664 1666 1665 
1941 1390 1391 1360 
1942 1293 1871 1868 
1943 1801 2283 2126 
1944 1906 1908 1300 
1945 1394 1395 1393 
1946 1919 1947 1307 
1947 1923 2311 1553 
1948 1066 1689 1350 
1949 1868 1871 1707 
1950 802 2260 1349 
1951 1634 2163 1419 
1952 1083 1662 1470 
1953 2047 2048 1523 
1954 1444 1845 1108 
1955 1312 1980 1976 
1956 1110 1443 1109 
1957 1494 2068 2066 
1958 2017 2018 1551 
1959 1403 2274 1427 
1960 1349 1680 1679 
1961 1721 1724 1723 
1962 809 1290 810 
1963 1715 1721 1720 
1964 1574 2197 1583 
1965 1079 1826 1078 
1966 1896 1901 1895 
1967 1708 1710 1709 
1968 1976 1980 1621 
1969 1716 2292 1883 
1970 1761 1787 1759 
1971 1402 1403 1401 
1972 1710 1717 1711 
1973 2066 2068 1495 
1974 1085 1758 1283 
1975 1297 2277 1892 
1976 1469 2267 2114 
1977 1802 1807 1803 
1978 2126 2128 1805 
1979 1087 1757 1086 
1980 1890 2112 1912 
1981 1933 2276 1305 
1982 1740 2171 1730 
1983 1067 1752 1689 
1984 1718 2331 1869 
1985 1386 1708 1705 
1986 1763 2286 1761 
1987 1080 1282 1079 
1988 1342 1752 1068 
1989 1117 2195 1116 
1990 1880 2281 1712 
1991 1864 2282 1531 
1992 1104 2246 1103 
1993 1735 2166 1737 
1994 1504 2060 2059 
1995 2226 2247 1382 
1996 1300 1909 1905 
1997 810 1838 811 
1998 1347 1429 108 
1999 1811 2328 1808 
2000 1812 1814 1813 
2001 1341 1784 806 
2002 1145 1336 1144 
2003 1614 2196 1616 
2004 1568 1967 1965 
2005 1598 2115 2089 
2006 1135 2204 1134 
2007 1810 2150 2120 
2008 1978 2248 1977 
2009 1818 2149 1813 
2010 2059 2060 1505 
2011 892 2243 1841 
2012 1905 1909 1741 
2013 1686 2142 1341 
2014 1069 1743 1342 
2015 1351 2300 2132 
2016 1605 1606 1601 
2017 1470 1754 1753 
2018 2168 2205 2204 
2019 1890 1912 1738 
2020 1111 1832 1110 
2021 1088 1340 1087 
2022 1581 1995 1994 
2023 2117 2195 1354 
2024 1956 2159 1957 
2025 1566 2236 1746 
2026 1107 1844 1106 
2027 1471 2141 1472 
2028 1776 1778 1777 
2029 1609 1610 1606 
2030 1686 2269 1679 
2031 1082 1753 1357 
2032 956 2250 1929 
2033 811 1415 812 
2034 1611 1612 1610 
2035 1726 1727 1724 
2036 1613 1614 1612 
2037 1338 2116 1828 
2038 1308 1946 1920 
2039 1070 1756 1743 
2040 1289 1756 1071 
2041 1615 1618 1614 
2042 1748 2307 1795 
2043 2157 2197 1792 
2044 1551 2336 2294 
2045 1664 2325 1677 
2046 1867 2278 1703 
2047 2125 2129 1339 
2048 1525 2046 2045 
2049 1492 2302 1529 
2050 1728 1729 1727 
2051 24 2209 1145 
2052 1062 1456 24 
2053 1391 1645 1360 
2054 1543 1546 1545 
2055 1832 2273 1443 
2056 1072 1770 1289 
2057 1671 2267 1469 
2058 1341 2269 1686 
2059 1436 1438 1434 
2060 1920 1946 1918 
2061 1619 2225 1618 
2062 1717 2111 1715 
2063 1141 1447 1140 
2064 1681 1682 1516 
2065 1671 2253 1441 
2066 1854 1976 1620 
2067 2112 2165 1782 
2068 2046 2074 1486 
2069 2006 2020 1323 
2070 1442 2183 1439 
2071 1916 2112 1917 
2072 2016 2025 1325 
2073 1142 1797 1141 
2074 1353 1770 1073 
2075 27 2200 1444 
2076 1650 2105 1678 
2077 1361 2132 1402 
2078 1404 1406 1405 
2079 1396 1694 1397 
2080 1679 2269 804 
2081 1876 2248 1877 
2082 1406 1421 1408 
2083 1116 1338 1115 
2084 1112 1831 1111 
2085 1100 2103 1099 
2086 812 1863 813 
2087 1569 1570 1562 
2088 1542 2319 1564 
2089 1425 2133 1691 
2090 1408 1409 1407 
2091 807 1784 1355 
2092 1571 1791 1688 
2093 1571 1573 1570 
2094 1357 1747 1081 
2095 1889 1890 1738 
2096 1729 2152 1733 
2097 1574 1575 1573 
2098 2048 2302 1523 
2099 1114 1823 1113 
2100 1074 1774 1353 
2101 1576 1578 1575 
2102 2017 2298 2019 
2103 1476 1649 1648 
2104 815 1424 816 
2105 1511 2180 1515 
2106 1799 2286 1763 
2107 1061 1846 1062 
2108 1113 1809 1112 
2109 2123 2126 1804 
2110 1140 1843 1139 
2111 1361 1402 1401 
2112 1402 1404 1403 
2113 1817 2273 1832 
2114 1115 1828 1114 
2115 1506 1644 1643 
2116 1554 2164 1582 
2117 1359 1667 1285 
2118 1525 2045 2044 
2119 965 2251 2000 
2120 814 1856 815 
2121 1348 2155 2154 
2122 1710 1786 1717 
2123 1638 1639 1629 
2124 1288 1774 1075 
2125 1136 1806 1135 
2126 1783 2166 1384 
2127 1395 1399 1393 
2128 1396 1397 1395 
2129 816 1870 817 
2130 1412 1413 1411 
2131 2228 2252 1382 
2132 1775 1776 1639 
2133 1482 2102 1517 
2134 2124 2198 2127 
2135 1814 1819 1818 
2136 1139 1842 1138 
2137 805 2269 1341 
2138 1349 2274 1680 
2139 1991 2244 1549 
2140 1750 1751 1749 
2141 813 1291 814 
2142 1802 1816 1807 
2143 2196 2252 1381 
2144 1770 2184 1701 
2145 1138 1446 1137 
2146 1746 2216 2016 
2147 2005 2006 1323 
2148 1674 1861 1461 
2149 2092 2094 2093 
2150 819 1707 820 
2151 2015 2016 1325 
2152 2106 2174 2104 
2153 2079 2145 1519 
2154 2088 2220 1380 
2155 818 1866 819 
2156 2116 2150 1815 
2157 820 1871 821 
2158 854 1887 855 
2159 817 1292 818 
2160 1089 1684 1088 
2161 1744 2236 1566 
2162 2045 2046 1486 
2163 861 1897 862 
2164 821 1293 822 
2165 864 1902 865 
2166 823 1719 824 
2167 1824 2116 1815 
2168 874 1903 875 
2169 871 1907 872 
2170 827 1713 828 
2171 822 1872 823 
2172 1060 1454 1061 
2173 831 1716 832 
2174 881 1913 882 
2175 825 1294 826 
2176 829 1295 830 
2177 824 1881 825 
2178 833 1296 834 
2179 835 1722 836 
2180 826 1873 827 
2181 828 1882 829 
2182 886 1918 887 
2183 839 1725 840 
2184 830 1878 831 
2185 832 1883 833 
2186 834 1886 835 
2187 1137 1835 1136 
2188 837 1297 838 
2189 894 1937 895 
2190 843 1732 844 
2191 841 1298 842 
2192 845 1299 846 
2193 836 1894 837 
2194 899 1941 900 
2195 838 1892 839 
2196 840 1898 841 
2197 1763 1800 1799 
2198 904 1942 905 
2199 847 1741 848 
2200 842 1895 843 
2201 844 1899 845 
2202 846 1904 847 
2203 851 1739 852 
2204 849 1300 850 
2205 856 1738 857 
2206 853 1301 854 
2207 858 1302 859 
2208 1406 2182 1421 
2209 914 1948 915 
2210 1344 1584 106 
2211 848 1909 849 
2212 919 1949 920 
2213 1656 1704 1423 
2214 925 1952 926 
2215 850 1908 851 
2216 922 1954 923 
2217 852 1911 853 
2218 855 1910 856 
2219 857 1912 858 
2220 860 1781 861 
2221 859 1916 860 
2222 863 1303 864 
2223 1584 2135 1388 
2224 866 1640 867 
2225 868 1304 869 
2226 873 1305 874 
2227 931 1963 932 
2228 1772 1773 1591 
2229 937 1964 938 
2230 870 1630 871 
2231 934 1973 935 
2232 1076 1790 1288 
2233 1052 1459 1053 
2234 862 1921 863 
2235 876 1627 877 
2236 943 1971 944 
2237 1613 2139 1642 
2238 1059 1876 1060 
2239 865 1930 866 
2240 867 1931 868 
2241 1605 1840 1685 
2242 872 1932 873 
2243 869 1934 870 
2244 946 1986 947 
2245 875 1938 876 
2246 1410 1411 1409 
2247 880 1633 881 
2248 878 1306 879 
2249 949 1988 950 
2250 883 1307 884 
2251 888 1308 889 
2252 877 1944 878 
2253 885 1625 886 
2254 961 1993 962 
2255 879 1943 880 
2256 882 1945 883 
2257 1053 1955 1054 
2258 2087 2249 1504 
2259 884 1947 885 
2260 887 1946 888 
2261 890 1607 891 
2262 1431 1584 1344 
2263 1054 1652 1055 
2264 896 1608 897 
2265 970 2003 971 
2266 973 2020 974 
2267 893 1309 894 
2268 889 1953 890 
2269 898 1310 899 
2270 903 1311 904 
2271 982 2010 983 
2272 979 2023 980 
2273 901 1603 902 
2274 985 2025 986 
2275 895 1956 896 
2276 897 1959 898 
2277 1468 1528 1527 
2278 902 1960 903 
2279 1106 1284 1105 
2280 900 1962 901 
2281 906 1621 907 
2282 1051 1936 1052 
2283 1058 1455 1059 
2284 908 1312 909 
2285 910 1623 911 
2286 1443 2273 2149 
2287 1044 1464 1045 
2288 913 1313 914 
2289 918 1314 919 
2290 924 1315 925 
2291 1003 2033 1004 
2292 905 1975 906 
2293 916 1589 917 
2294 1010 2036 1011 
2295 1013 2035 1014 
2296 907 1980 908 
2297 921 1577 922 
2298 909 1981 910 
2299 917 1984 918 
2300 915 1987 916 
2301 1999 2303 2234 
2302 923 1985 924 
2303 920 1992 921 
2304 1027 2050 1028 
2305 927 1572 928 
2306 1660 1744 1512 
2307 1020 2043 1021 
2308 930 1316 931 
2309 936 1317 937 
2310 942 1318 943 
2311 1470 1753 23 
2312 926 2001 927 
2313 933 1563 934 
2314 1050 1460 1051 
2315 939 1560 940 
2316 1337 2136 1362 
2317 1045 2027 1046 
2318 1938 2276 1939 
2319 1046 1647 1047 
2320 932 2007 933 
2321 935 2002 936 
2322 938 2009 939 
2323 945 1555 946 
2324 1522 2087 2059 
2325 1043 1982 1044 
2326 1957 2159 1604 
2327 951 1549 952 
2328 948 1319 949 
2329 1365 1865 1637 
2330 954 1320 955 
2331 960 1321 961 
2332 944 2028 945 
2333 1788 2067 2066 
2334 957 1544 958 
2335 1651 1979 1862 
2336 947 2030 948 
2337 950 2029 951 
2338 1042 1465 1043 
2339 963 1540 964 
2340 969 1541 970 
2341 959 2031 960 
2342 958 2032 959 
2343 975 1537 976 
2344 1507 2102 1478 
2345 2109 2334 1435 
2346 966 1322 967 
2347 1055 2084 1056 
2348 1355 1794 808 
2349 981 1552 982 
2350 962 2038 963 
2351 972 1323 973 
2352 978 1324 979 
2353 984 1325 985 
2354 974 2039 975 
2355 971 2041 972 
2356 1057 1977 1058 
2357 1748 1749 1282 
2358 983 2042 984 
2359 980 2040 981 
2360 1049 2008 1050 
2361 987 1513 988 
2362 989 1661 990 
2363 1047 2081 1048 
2364 1037 1479 1038 
2365 991 1326 992 
2366 993 1505 994 
2367 1632 2192 1914 
2368 995 1504 996 
2369 1002 1500 1003 
2370 1000 1501 1001 
2371 998 1327 999 
2372 1005 1328 1006 
2373 1012 1329 1013 
2374 1007 1495 1008 
2375 2207 2263 1333 
2376 1009 1494 1010 
2377 986 2051 987 
2378 1017 1524 1018 
2379 1041 2037 1042 
2380 1015 1489 1016 
2381 988 2052 989 
2382 990 2056 991 
2383 1035 1480 1036 
2384 992 2057 993 
2385 994 2060 995 
2386 1022 1486 1023 
2387 1001 2061 1002 
2388 999 2062 1000 
2389 1024 1520 1025 
2390 1004 2063 1005 
2391 1006 2065 1007 
2392 1011 2064 1012 
2393 1008 2068 1009 
2394 1029 1484 1030 
2395 1031 1518 1032 
2396 1036 2054 1037 
2397 1014 2070 1015 
2398 1381 2252 2228 
2399 1016 2069 1017 
2400 1760 1761 1759 
2401 1019 1330 1020 
2402 1026 1331 1027 
2403 1033 1332 1034 
2404 1040 1333 1041 
2405 1048 1334 1049 
2406 1023 2074 1024 
2407 1018 2077 1019 
2408 1030 2076 1031 
2409 1021 2073 1022 
2410 1028 2075 1029 
2411 1034 2071 1035 
2412 1025 2078 1026 
2413 1032 2080 1033 
2414 1755 1833 1559 
2415 1527 2156 1363 
2416 1056 1335 1057 
2417 1039 2207 1040 
2418 1587 2237 1586 
2419 1521 2259 2101 
2420 1841 2243 1840 
2421 1594 2088 1380 
2422 1430 1431 1344 
2423 1702 2167 1422 
2424 1410 1419 1412 
2425 1762 1763 1761 
2426 1807 2230 1808 
2427 928 2208 929 
2428 912 2210 913 
2429 1793 1841 1840 
2430 1369 2320 1789 
2431 1387 1634 798 
2432 1626 2276 1933 
2433 1779 2254 2247 
2434 1949 2326 1992 
2435 1498 1788 1658 
2436 929 2214 930 
2437 1338 2117 2116 
2438 1338 2195 2117 
2439 1342 2133 1752 
2440 1449 2287 1816 
2441 968 2212 969 
2442 1118 1354 1117 
2443 1509 1511 1510 
2444 1748 1795 1750 
2445 1850 2158 1849 
2446 2072 2306 2055 
2447 1706 2284 1867 
2448 1996 2261 1995 
2449 1847 2151 1767 
2450 1923 1925 1924 
2451 1356 1790 1077 
2452 1038 2215 1039 
2453 1727 2312 1731 
2454 1851 1961 1624 
2455 2140 2224 1796 
2456 1511 1515 1514 
2457 1528 2085 1373 
2458 1406 1408 1407 
2459 1935 2161 1638 
2460 2074 2145 1520 
2461 1134 1451 1133 
2462 1515 1532 1531 
2463 1435 2146 1699 
2464 1861 2287 1445 
2465 1599 2262 2115 
2466 1092 2293 1091 
2467 1307 2192 1919 
2468 1800 2309 1799 
2469 1699 1700 1397 
2470 1745 2297 2026 
2471 1638 2161 1775 
2472 1603 1962 1961 
2473 1648 2153 2082 
2474 1550 2162 1834 
2475 1684 2242 2091 
2476 1827 2268 1491 
2477 1714 2292 1879 
2478 1378 1833 1755 
2479 1767 2209 1456 
2480 1672 2314 2096 
2481 911 2231 912 
2482 801 2260 802 
2483 2161 2291 1775 
2484 1520 2145 2078 
2485 809 1794 1290 
2486 2066 2223 1494 
2487 1961 1962 1941 
2488 1556 2203 1565 
2489 1746 2236 2216 
2490 1848 1850 1849 
2491 2119 2121 2120 
2492 1749 1826 1282 
2493 1488 2108 1525 
2494 1920 2257 1308 
2495 967 2239 968 
2496 1416 1656 1423 
2497 1362 2124 1346 
2498 1552 2040 2012 
2499 2046 2145 2074 
2500 1080 1747 1282 
2501 1317 2002 1966 
2502 1078 1826 1356 
2503 1784 1785 1355 
2504 1588 1590 1579 
2505 1347 1852 1429 
2506 2059 2087 1504 
2507 1591 1592 1590 
2508 1698 2113 1697 
2509 2079 2299 1682 
2510 2120 2122 1810 
2511 1593 1594 1592 
2512 1774 1825 1353 
2513 1801 2309 1800 
2514 1566 2329 2180 
2515 1563 1974 1973 
2516 1595 1596 1594 
2517 1519 2108 1485 
2518 1632 2139 1613 
2519 804 2269 805 
2520 1597 1598 1596 
2521 1530 1827 1491 
2522 2006 2021 2020 
2523 1599 2115 1598 
2524 1564 2319 1538 
2525 941 2233 942 
2526 1775 2291 1830 
2527 1836 2168 1835 
2528 2016 2026 2025 
2529 1103 1352 1102 
2530 1470 2301 1754 
2531 2095 2096 1673 
2532 1564 1997 1996 
2533 2165 2166 1783 
2534 1738 1910 1889 
2535 1656 2279 1386 
2536 1722 1886 1885 
2537 1547 2311 1923 
2538 1583 2157 2110 
2539 1782 1783 1778 
2540 1565 2203 1582 
2541 1437 2224 2140 
2542 1989 2164 1990 
2543 1759 1787 1143 
2544 1883 2292 1884 
2545 1697 2109 1695 
2546 1674 2189 2131 
2547 1317 1966 1965 
2548 1556 1557 1548 
2549 2170 2190 1799 
2550 1653 2315 1654 
2551 1795 2307 2083 
2552 1914 2139 1632 
2553 1892 2277 1893 
2554 1552 2012 2011 
2555 1294 1881 1875 
2556 1885 1886 1296 
2557 1889 1910 1887 
2558 1664 1665 1663 
2559 1324 2024 2023 
2560 1804 2283 1803 
2561 1295 1882 1880 
2562 1294 1875 1874 
2563 952 2244 953 
2564 1642 2229 1615 
2565 1885 2222 1722 
2566 1388 2135 1676 
2567 1295 1880 1879 
2568 1282 1826 1079 
2569 1290 1838 810 
2570 1374 2172 1827 
2571 977 2241 978 
2572 1788 2173 1658 
2573 1875 1881 1719 
2574 996 2249 997 
2575 1880 1882 1713 
2576 1306 1944 1940 
2577 1748 1750 1749 
2578 1834 2143 1550 
2579 1884 1885 1296 
2580 1694 1699 1397 
2581 1336 1767 1760 
2582 1467 1816 1802 
2583 1888 1889 1887 
2584 1432 1433 1431 
2585 891 2243 892 
2586 1310 1959 1958 
2587 1560 2009 1967 
2588 2096 2314 1673 
2589 1120 1343 1119 
2590 1559 1833 1557 
2591 1940 1944 1627 
2592 2140 2334 1437 
2593 1793 1840 1605 
2594 1941 2148 1961 
2595 1997 1999 1998 
2596 1447 2190 1843 
2597 1549 2029 1990 
2598 955 2250 956 
2599 2100 2314 1666 
2600 1973 1974 1966 
2601 1301 1911 1891 
2602 1787 1797 1142 
2603 1301 1891 1888 
2604 1958 1959 1608 
2605 2158 2185 1849 
2606 964 2251 965 
2607 1323 2041 2005 
2608 1122 2327 1121 
2609 1967 2009 1964 
2610 22 2285 113 
2611 1325 2042 2015 
2612 1762 1765 1764 
2613 1849 1851 1602 
2614 1990 2029 1988 
2615 1990 1991 1549 
2616 1939 1940 1627 
2617 1891 1911 1739 
2618 1633 1943 1915 
2619 1434 1675 1433 
2620 1121 2288 1120 
2621 1670 2114 1795 
2622 1486 2073 2045 
2623 1387 2177 2163 
2624 1102 2106 1101 
2625 2005 2041 2003 
2626 1633 1915 1914 
2627 2015 2042 2010 
2628 1666 1668 1665 
2629 1635 2067 1496 
2630 1543 2333 2311 
2631 1119 2256 1118 
2632 1530 2265 1521 
2633 1958 2148 1310 
2634 1701 2184 1696 
2635 1450 2136 1337 
2636 1957 1958 1608 
2637 1805 2309 1801 
2638 1335 1979 1978 
2639 1979 2084 1652 
2640 1655 2151 1847 
2641 1335 2084 1979 
2642 1915 1943 1306 
2643 1707 2284 1868 
2644 1771 1857 1508 
2645 1356 1853 1790 
2646 1562 1755 1559 
2647 1818 2270 2149 
2648 2045 2073 2043 
2649 1314 1984 1951 
2650 2055 2306 1507 
2651 1965 1967 1964 
2652 2023 2024 2012 
2653 1537 2039 2021 
2654 811 1838 1415 
2655 2078 2145 2079 
2656 1399 2138 1393 
2657 1830 2291 1930 
2658 1336 1759 1144 
2659 1928 2244 1991 
2660 1110 1832 1443 
2661 1314 1951 1950 
2662 1813 2273 1817 
2663 1989 1990 1988 
2664 1924 1991 1567 
2665 1513 2051 2026 
2666 1583 2197 2157 
2667 1814 2131 1819 
2668 2129 2130 1339 
2669 1951 1984 1589 
2670 2127 2198 2123 
2671 2152 2290 1733 
2672 1379 2220 2088 
2673 2004 2005 2003 
2674 2021 2039 2020 
2675 1472 2085 1528 
2676 1132 2134 1131 
2677 2011 2015 2010 
2678 1283 1662 1084 
2679 1842 1843 1837 
2680 1731 1901 1896 
2681 1606 2262 1601 
2682 2026 2051 2025 
2683 1101 1286 1100 
2684 1566 2180 1744 
2685 1543 1545 1539 
2686 1864 1865 1375 
2687 1419 1420 1412 
2688 1721 1726 1724 
2689 2044 2045 2043 
2690 1795 1796 1750 
2691 1451 2205 2169 
2692 1330 2077 2047 
2693 1858 2249 2087 
2694 1090 2242 1089 
2695 1408 1410 1409 
2696 1654 2248 1978 
2697 1370 2279 2137 
2698 1655 2315 1474 
2699 1604 2144 1957 
2700 1133 2264 1132 
2701 1778 1779 1777 
2702 2304 2336 1558 
2703 1726 1728 1727 
2704 1776 1777 1639 
2705 1393 2138 1391 
2706 1534 1637 1532 
2707 1747 1748 1282 
2708 1728 1789 1729 
2709 1330 2047 2044 
2710 2047 2077 1524 
2711 1866 2284 1707 
2712 1091 1287 1090 
2713 2124 2125 1346 
2714 1795 2083 1670 
2715 1336 2209 1767 
2716 1862 2105 1650 
2717 1528 2271 1472 
2718 1849 2185 1851 
2719 1665 1669 1663 
2720 1546 1550 1545 
2721 1675 1676 1433 
2722 1720 1885 1884 
2723 1145 2209 1336 
2724 1283 1663 1662 
2725 940 2323 941 
2726 1526 2183 1442 
2727 1441 2267 1671 
2728 1391 2138 1645 
2729 1415 1863 812 
2730 1585 2263 1860 
2731 1553 2333 1581 
2732 1527 2272 1468 
2733 1508 1857 1829 
2734 1491 2265 1530 
2735 1456 2209 24 
2736 1966 2002 1973 
2737 1410 1412 1411 
2738 1843 2190 1837 
2739 1829 2087 1522 
2740 1700 2193 1397 
2741 2141 2172 1374 
2742 1689 2211 1350 
2743 1131 1358 1130 
2744 1340 2325 1757 
2745 1845 2270 1820 
2746 1942 2158 1975 
2747 1062 1846 1456 
2748 1532 1864 1531 
2749 1629 2225 1619 
2750 1505 2317 2059 
2751 1536 2191 1534 
2752 1872 2331 1719 
2753 1684 2091 2090 
2754 1334 2153 2008 
2755 1479 2321 2215 
2756 2166 2290 1384 
2757 1789 2152 1729 
2758 1359 2099 1667 
2759 2089 2115 1367 
2760 1468 2271 1528 
2761 2012 2040 2023 
2762 1812 1822 1814 
2763 1831 1832 1111 
2764 1431 2135 1584 
2765 1678 2153 1648 
2766 1497 1521 1493 
2767 1757 1758 1086 
2768 1509 1510 1503 
2769 1754 2301 1669 
2770 1439 2183 1438 
2771 1490 1491 1487 
2772 1869 2331 1872 
2773 1601 2262 1599 
2774 1483 2172 1481 
2775 1999 2234 2004 
2776 1585 2321 1859 
2777 1833 1834 1557 
2778 1446 1837 1836 
2779 1838 1839 1415 
2780 2083 2307 1357 
2781 1957 2144 1958 
2782 2092 2093 2091 
2783 1950 2326 1949 
2784 1404 2182 1406 
2785 1778 1783 1779 
2786 1471 1472 1462 
2787 1457 1468 1452 
2788 1760 1762 1761 
2789 1444 2270 1845 
2790 1377 2143 1834 
2791 1860 2263 2207 
2792 1699 2146 1700 
2793 1614 1616 1612 
2794 1610 1631 1606 
2795 1374 2179 2085 
2796 1438 1675 1434 
2797 1511 1514 1510 
2798 1676 2313 1388 
2799 1515 1531 1514 
2800 1354 2195 1117 
2801 2090 2325 1340 
2802 1805 2168 1836 
2803 1328 2173 2065 
2804 1526 2272 1527 
2805 2119 2120 2118 
2806 1762 1764 1763 
2807 2024 2298 2017 
2808 1578 1580 1575 
2809 815 1856 1424 
2810 813 1863 1291 
2811 1570 1755 1562 
2812 1383 2232 2152 
2813 1472 2141 2085 
2814 1141 1797 1447 
2815 1737 2166 2165 
2816 2095 2188 2096 
2817 1424 1870 816 
2818 1604 2159 1793 
2819 1582 2203 1554 
2820 1340 1757 1087 
2821 1375 2282 1864 
2822 1440 2140 1796 
2823 2174 2175 2098 
2824 1353 2184 1770 
2825 2049 2107 1529 
2826 1134 2204 1451 
2827 1927 2318 1926 
2828 1696 2184 1825 
2829 1466 2330 1822 
2830 1448 1526 1442 
2831 2012 2013 2011 
2832 1928 1991 1924 
2833 2057 2317 1505 
2834 1674 2330 1861 
2835 1447 1843 1140 
2836 1677 2100 1666 
2837 1715 2111 1721 
2838 1291 1856 814 
2839 1765 1766 1764 
2840 2102 2306 1517 
2841 1454 1846 1061 
2842 1915 2139 1914 
2843 2099 2104 2097 
2844 1670 2083 1754 
2845 1809 1831 1112 
2846 2098 2188 2095 
2847 1596 2088 1594 
2848 1338 1828 1115 
2849 2097 2160 2099 
2850 1616 2187 2186 
2851 817 1870 1292 
2852 2103 2104 2099 
2853 1413 2137 1416 
2854 1114 1828 1823 
2855 2198 2199 2123 
2856 2217 2296 1366 
2857 1103 2246 1352 
2858 819 1866 1707 
2859 1507 2306 2102 
2860 1123 1339 1122 
2861 1687 1969 1968 
2862 1707 1871 820 
2863 1113 1823 1809 
2864 1642 2139 1915 
2865 1106 1844 1284 
2866 2004 2234 2005 
2867 1292 1866 818 
2868 1822 2230 1466 
2869 821 1871 1293 
2870 1863 2167 1291 
2871 1139 1843 1842 
2872 1558 2255 2234 
2873 1293 1872 822 
2874 823 1872 1719 
2875 1446 1842 1837 
2876 1719 1881 824 
2877 1284 2245 1105 
2878 1436 2334 2140 
2879 827 1873 1713 
2880 1713 1882 828 
2881 825 1881 1294 
2882 1546 2162 1550 
2883 1294 1873 826 
2884 1716 1883 832 
2885 831 1878 1716 
2886 829 1882 1295 
2887 1295 1878 830 
2888 833 1883 1296 
2889 1296 1886 834 
2890 835 1886 1722 
2891 1088 1684 1340 
2892 1722 1894 836 
2893 839 1892 1725 
2894 1725 1898 840 
2895 1129 1337 1128 
2896 837 1894 1297 
2897 1297 1892 838 
2898 1929 2318 1544 
2899 841 1898 1298 
2900 1732 1899 844 
2901 843 1895 1732 
2902 1298 1895 842 
2903 845 1899 1299 
2904 1301 1887 854 
2905 1887 1910 855 
2906 1299 1904 846 
2907 1286 2104 2103 
2908 1060 1876 1454 
2909 847 1904 1741 
2910 2247 2254 1368 
2911 1741 1909 848 
2912 1781 1897 861 
2913 849 1909 1300 
2914 1897 1921 862 
2915 851 1908 1739 
2916 1300 1908 850 
2917 1739 1911 852 
2918 1688 2197 1574 
2919 1303 1902 864 
2920 853 1911 1301 
2921 856 1910 1738 
2922 1738 1912 857 
2923 858 1912 1302 
2924 1902 1930 865 
2925 1305 1903 874 
2926 2049 2302 2048 
2927 1302 1916 859 
2928 1630 1907 871 
2929 1907 1932 872 
2930 1903 1938 875 
2931 860 1916 1781 
2932 863 1921 1303 
2933 1633 1913 881 
2934 1913 1945 882 
2935 866 1930 1640 
2936 1640 1931 867 
2937 868 1931 1304 
2938 873 1932 1305 
2939 1304 1934 869 
2940 1578 2202 1580 
2941 2245 2246 1104 
2942 870 1934 1630 
2943 2121 2122 2120 
2944 1625 1918 886 
2945 876 1938 1627 
2946 1918 1946 887 
2947 1627 1944 877 
2948 1858 2087 1829 
2949 1459 1955 1053 
2950 878 1944 1306 
2951 1404 2300 2182 
2952 880 1943 1633 
2953 1306 1943 879 
2954 1309 1937 894 
2955 1450 2198 2136 
2956 883 1945 1307 
2957 1937 1956 895 
2958 1307 1947 884 
2959 888 1946 1308 
2960 1310 1941 899 
2961 2131 2330 1674 
2962 885 1947 1625 
2963 1308 1953 889 
2964 1311 1942 904 
2965 1052 1936 1459 
2966 1941 1962 900 
2967 1455 1876 1059 
2968 1054 1955 1652 
2969 890 1953 1607 
2970 1942 1975 905 
2971 2234 2303 1558 
2972 896 1956 1608 
2973 1608 1959 897 
2974 898 1959 1310 
2975 1313 1948 914 
2976 903 1960 1311 
2977 2026 2216 1745 
2978 1314 1949 919 
2979 1948 1987 915 
2980 1315 1952 925 
2981 1603 1960 902 
2982 901 1962 1603 
2983 1949 1992 920 
2984 1954 1985 923 
2985 1395 2193 1399 
2986 1577 1954 922 
2987 1952 2001 926 
2988 906 1975 1621 
2989 1621 1980 907 
2990 908 1980 1312 
2991 1312 1981 909 
2992 910 1981 1623 
2993 1316 1963 931 
2994 918 1984 1314 
2995 1317 1964 937 
2996 1589 1984 917 
2997 916 1987 1589 
2998 924 1985 1315 
2999 1963 2007 932 
3000 1318 1971 943 
3001 1460 1936 1051 
3002 1563 1973 934 
3003 1964 2009 938 
3004 1973 2002 935 
3005 921 1992 1577 
3006 1138 1842 1446 
3007 1464 2027 1045 
3008 1971 2028 944 
3009 2053 2297 1745 
3010 1336 1760 1759 
3011 1652 2084 1055 
3012 1044 1982 1464 
3013 927 2001 1572 
3014 1555 1986 946 
3015 1986 2030 947 
3016 1098 1359 1097 
3017 1319 1988 949 
3018 1988 2029 950 
3019 936 2002 1317 
3020 1558 2336 2255 
3021 933 2007 1563 
3022 939 2009 1560 
3023 2182 2300 1351 
3024 1321 1993 961 
3025 1046 2027 1647 
3026 1058 1977 1455 
3027 1993 2038 962 
3028 945 2028 1555 
3029 1287 2293 2154 
3030 1578 2335 2202 
3031 1541 2003 970 
3032 948 2030 1319 
3033 1465 1982 1043 
3034 951 2029 1549 
3035 2020 2039 974 
3036 1323 2020 973 
3037 2003 2041 971 
3038 1552 2010 982 
3039 913 2210 1313 
3040 960 2031 1321 
3041 1324 2023 979 
3042 2010 2042 983 
3043 1050 2008 1460 
3044 2023 2040 980 
3045 1544 2032 958 
3046 1325 2025 985 
3047 1676 2135 1433 
3048 959 2032 2031 
3049 1494 2223 2036 
3050 1572 2208 928 
3051 1647 2081 1047 
3052 963 2038 1540 
3053 2025 2051 986 
3054 1684 2090 1340 
3055 1136 1835 1806 
3056 975 2039 1537 
3057 1093 2332 1092 
3058 972 2041 1323 
3059 981 2040 1552 
3060 1810 2328 1815 
3061 984 2042 1325 
3062 1500 2033 1003 
3063 1446 1835 1137 
3064 1329 2035 1013 
3065 1494 2036 1010 
3066 2033 2063 1004 
3067 1042 2037 1465 
3068 2036 2064 1011 
3069 1719 2331 1875 
3070 2035 2070 1014 
3071 930 2214 1316 
3072 987 2051 1513 
3073 1682 2299 1516 
3074 1498 2067 1788 
3075 1513 2052 988 
3076 1846 1847 1456 
3077 1517 2306 2072 
3078 989 2052 1661 
3079 2050 2075 1028 
3080 1581 2333 1542 
3081 2043 2073 1021 
3082 1661 2056 990 
3083 991 2056 1326 
3084 1330 2043 1020 
3085 1326 2057 992 
3086 1331 2050 1027 
3087 993 2057 1505 
3088 1505 2060 994 
3089 995 2060 1504 
3090 1501 2061 1001 
3091 1002 2061 1500 
3092 1327 2062 999 
3093 1000 2062 1501 
3094 1005 2063 1328 
3095 1328 2065 1006 
3096 1037 2054 1479 
3097 1012 2064 1329 
3098 1007 2065 1495 
3099 1495 2068 1008 
3100 1334 2008 1049 
3101 1009 2068 1494 
3102 1056 2084 1335 
3103 1048 2081 1334 
3104 1015 2070 1489 
3105 1017 2069 1524 
3106 1480 2054 1036 
3107 1489 2069 1016 
3108 1333 2037 1041 
3109 1335 1977 1057 
3110 1524 2077 1018 
3111 1486 2074 1023 
3112 1024 2074 1520 
3113 1035 2071 1480 
3114 1022 2073 1486 
3115 1484 2076 1030 
3116 1031 2076 1518 
3117 1029 2075 1484 
3118 1520 2078 1025 
3119 1040 2207 1333 
3120 1518 2080 1032 
3121 1019 2077 1330 
3122 1332 2071 1034 
3123 1026 2078 1331 
3124 1033 2080 1332 
3125 2208 2214 929 
3126 1901 2171 1900 
3127 969 2212 1541 
3128 1450 2199 2198 
3129 1623 2231 911 
3130 1116 2195 1338 
3131 1713 2281 1880 
3132 1548 2162 1546 
3133 1292 1867 1866 
3134 1867 2284 1866 
3135 1821 2189 2188 
3136 1750 2224 1751 
3137 1479 2215 1038 
3138 1797 1798 1447 
3139 1639 2226 1629 
3140 1039 2215 2207 
3141 1796 2114 1440 
3142 2118 2150 2117 
3143 1387 2163 1634 
3144 2099 2160 1667 
3145 912 2231 2210 
3146 1825 2184 1353 
3147 1322 2239 967 
3148 942 2233 1318 
3149 1607 2243 891 
3150 1795 2114 1796 
3151 1288 2295 1774 
3152 2019 2298 2022 
3153 1355 2206 1794 
3154 1659 2317 2058 
3155 1549 2244 952 
3156 1790 2227 1288 
3157 968 2239 2212 
3158 1294 1874 1873 
3159 1287 2242 1090 
3160 1467 2235 1816 
3161 1320 2250 955 
3162 1733 2290 1735 
3163 1295 1879 1878 
3164 978 2241 1324 
3165 1883 1884 1296 
3166 1722 2222 1894 
3167 1504 2249 996 
3168 1876 1877 1454 
3169 1540 2251 964 
3170 1519 2299 2079 
3171 1892 1893 1725 
3172 1298 1896 1895 
3173 1637 1865 1864 
3174 1899 1900 1299 
3175 1579 2335 1578 
3176 1301 1888 1887 
3177 1916 1917 1781 
3178 1861 2253 1461 
3179 1921 1922 1303 
3180 1560 2323 940 
3181 1931 2161 1304 
3182 1637 1864 1532 
3183 1934 1935 1630 
3184 1932 1933 1305 
3185 1823 1824 1809 
3186 1938 1939 1627 
3187 1397 2193 1395 
3188 1945 2192 1307 
3189 1633 1914 1913 
3190 1868 2178 1869 
3191 1308 2257 1953 
3192 1936 2105 1459 
3193 1956 1957 1608 
3194 1798 2190 1447 
3195 1335 1978 1977 
3196 1960 2185 1311 
3197 1310 2148 1941 
3198 2128 2168 1805 
3199 1669 2301 1663 
3200 1948 2147 1987 
3201 1314 1950 1949 
3202 1577 2086 1954 
3203 2001 2157 1572 
3204 1315 2110 1952 
3205 1806 2204 1135 
3206 1464 2194 2027 
3207 1317 1965 1964 
3208 2124 2127 2125 
3209 2114 2267 1440 
3210 1647 2082 2081 
3211 1582 2289 1972 
3212 1319 1989 1988 
3213 1383 2152 1789 
3214 1465 1983 1982 
3215 2038 2261 1540 
3216 1321 1994 1993 
3217 1541 2004 2003 
3218 2026 2297 1513 
3219 1552 2011 2010 
3220 1774 2295 1825 
3221 1376 2282 2213 
3222 2052 2053 1661 
3223 2232 2254 1384 
3224 1326 2058 2057 
3225 1662 2301 1470 
3226 1500 2034 2033 
3227 1329 2107 2035 
3228 1986 2289 2030 
3229 2076 2266 1518 
3230 2078 2079 1331 
3231 1330 2044 2043 
3232 1777 2226 1639 
3233 2225 2252 1618 
3234 1631 2262 1606 
3235 1785 2206 1355 
3236 1616 2196 2187 
3237 1424 2278 1870 
3238 1450 2201 2199 
3239 1419 2163 1420 
3240 1386 2279 2238 
3241 1446 1836 1835 
3242 2119 2130 2129 
3243 1382 2247 2228 
3244 1815 2328 1811 
3245 2202 2296 1580 
3246 1836 2170 1805 
3247 1961 2148 1624 
3248 1721 2111 1726 
3249 1822 2131 1814 
3250 2180 2329 1515 
3251 1402 2300 1404 
3252 1825 2295 1698 
3253 941 2323 2233 
3254 1539 2221 1536 
3255 1416 2137 1656 
3256 1808 2230 1812 
3257 1579 2237 1587 
3258 2137 2279 1656 
3259 1618 2252 2196 
3260 1837 2170 1836 
3261 1592 2324 1590 
3262 1433 2135 1431 
3263 1575 2280 1573 
3264 1939 2229 1940 
3265 2058 2317 2057 
3266 2204 2205 1451 
3267 1586 2237 1576 
3268 2188 2189 2096 
3269 1745 2236 1744 
3270 1352 2174 2106 
3271 1875 2331 1718 
3272 1126 1346 1125 
3273 1873 2281 1713 
3274 1853 2227 1790 
3275 2085 2141 1374 
3276 2086 2326 1587 
3277 2215 2321 1860 
3278 1503 2258 1499 
3279 1357 2307 1747 
3280 1834 2162 1557 
3281 1925 2318 1929 
3282 1794 2240 1290 
3283 1362 2136 2124 
3284 1930 2291 1640 
3285 1557 2162 1548 
3286 1096 1285 1095 
3287 2190 2286 1799 
3288 1874 2281 1873 
3289 1529 2302 2049 
3290 1698 2295 2227 
3291 1462 2271 1457 
3292 1970 2028 1971 
3293 1493 2265 1490 
3294 1792 2197 1688 
3295 1343 2256 1119 
3296 1487 2268 1483 
3297 1513 2297 2052 
3298 1534 2191 1637 
3299 1499 2259 1497 
3300 1747 2307 1748 
3301 1452 2272 1448 
3302 1940 2229 1642 
3303 2294 2336 1535 
3304 2303 2304 1558 
3305 1860 2321 1585 
3306 1366 2296 2220 
3307 1796 2224 1750 
3308 1420 2219 1412 
3309 2016 2216 2026 
3310 1132 2264 2134 
3311 1412 2219 1413 
3312 2052 2297 2053 
3313 2085 2179 1373 
3314 2163 2177 1420 
3315 1127 1362 28 
3316 1121 2327 2288 
3317 1324 2298 2024 
3318 2228 2247 1368 
3319 1536 2221 2191 
3320 2132 2300 1402 
3321 1290 2275 1838 
3322 1120 2288 1343 
3323 1358 2201 1450 
3324 26 1348 1093 
3325 1118 2256 1354 
3326 2255 2336 2018 
3327 1629 2226 2225 
3328 1445 2253 1861 
3329 2149 2273 1813 
3330 2120 2150 2118 
3331 1816 2235 1449 
3332 2227 2295 1288 
3333 1413 2219 2137 
3334 1352 2106 1102 
3335 1838 2275 1839 
3336 1706 2178 1868 
3337 1451 2264 1133 
3338 1545 2221 1539 
3339 1089 2242 1684 
3340 2199 2201 2169 
3341 1286 2103 1100 
3342 1091 2293 1287 
3343 1812 2230 1822 
3344 1580 2280 1575 
3345 1822 2330 2131 
3346 1497 2259 1521 
3347 2216 2236 1745 
3348 1490 2265 1491 
3349 1483 2268 2172 
3350 2241 2298 1324 
3351 2206 2240 1794 
3352 1663 2301 1662 
3353 1673 2314 2100 
3354 1677 2325 2090 
3355 1510 2258 1503 
3356 1457 2271 1468 
3357 2154 2155 2092 
3358 1723 2277 2222 
3359 1521 2265 1493 
3360 1101 2106 1286 
3361 2213 2282 1375 
3362 1491 2268 1487 
3363 1472 2271 1462 
3364 1590 2335 1579 
3365 1468 2272 1452 
3366 1731 2171 1901 
3367 2134 2201 1358 
3368 1448 2272 1526 
3369 2128 2205 2168 
3370 2187 2196 1381 
3371 2202 2335 2324 
3372 1868 2284 1706 
3373 2324 2335 1590 
3374 1131 2134 1358 
3375 1535 2336 2304 
3376 1339 2327 1122 
3377 2240 2275 1290 
3378 1726 2310 1728 
3379 1657 2275 2240 
3380 1798 2286 2190 
3381 2258 2259 1499 
3382 1092 2332 2293 
3383 1538 2304 2303 
3384 2022 2298 2241 
3385 2111 2310 1726 
3386 1438 2322 1675 
3387 1348 2332 1093 
3388 1368 2254 2232 
3389 2059 2317 1659 
3390 2183 2322 1438 
3391 2170 2309 1805 
3392 1731 2312 2171 
3393 2238 2279 1370 
3394 1382 2252 2225 
3395 2169 2205 2128 
3396 2293 2332 2154 
3397 2171 2312 1730 
3398 2031 2032 1927 
3399 1792 2214 2208 
3400 2210 2231 1855 
3401 2207 2215 1860 
3402 2212 2239 1998 
3403 2202 2324 1380 
3404 2225 2226 1382 
3405 2233 2323 1968 
3406 2175 2246 2245 
3407 2101 2259 2258 
3408 1799 2309 2170 
3409 2288 2327 2130 
3410 9 2313 103 
3411 1097 1285 1096 
3412 1099 1359 1098 
3413 1124 1339 1123 
3414 1128 1362 1127 
3415 1130 1337 1129 
3416 88 2177 8 
3417 8 1387 799 
3418 8 2177 1387 
3419 800 25 790 
3420 1094 1348 26 
3421 28 1362 1126 
3422 1363 2156 102 
3423 790 1428 800 
3424 1095 1285 1094 
3425 1285 1348 1094 
3426 1125 1346 1124 
3427 1363 1676 1675 
3428 1839 1863 1415 
3429 1527 2183 1526 
3430 1550 2221 1545 
3431 1573 1755 1570 
3432 1598 2088 1596 
3433 1612 1631 1610 
3434 1668 1669 1665 
3435 2013 2015 2011 
2 4 3 1056
3436 7 776 2337 86 
3437 776 775 2338 2337 
3438 775 774 2339 2338 
3439 774 773 2340 2339 
3440 773 772 2341 2340 
3441 772 771 2342 2341 
3442 771 770 2343 2342 
3443 770 769 2344 2343 
3444 769 768 2345 2344 
3445 768 767 2346 2345 
3446 767 766 2347 2346 
3447 766 765 2348 2347 
3448 765 764 2349 2348 
3449 764 763 2350 2349 
3450 763 762 2351 2350 
3451 762 761 2352 2351 
3452 761 760 2353 2352 
3453 760 759 2354 2353 
3454 759 758 2355 2354 
3455 758 757 2356 2355 
3456 757 756 2357 2356 
3457 756 755 2358 2357 
3458 755 754 2359 2358 
3459 754 753 2360 2359 
3460 753 752 2361 2360 
3461 752 751 2362 2361 
3462 751 750 2363 2362 
3463 750 749 2364 2363 
3464 749 748 2365 2364 
3465 748 747 2366 2365 
3466 747 746 2367 2366 
3467 746 745 2368 2367 
3468 745 744 2369 2368 
3469 744 743 2370 2369 
3470 743 742 2371 2370 
3471 742 741 2372 2371 
3472 741 740 2373 2372 
3473 740 739 2374 2373 
3474 739 738 2375 2374 
3475 738 737 2376 2375 
3476 737 736 2377 2376 
3477 736 735 2378 2377 
3478 735 734 2379 2378 
3479 734 733 2380 2379 
3480 733 732 2381 2380 
3481 732 731 2382 2381 
3482 731 730 2383 2382 
3483 730 729 2384 2383 
3484 729 728 2385 2384 
3485 728 727 2386 2385 
3486 727 726 2387 2386 
3487 726 725 2388 2387 
3488 725 724 2389 2388 
3489 724 723 2390 2389 
3490 723 722 2391 2390 
3491 722 721 2392 2391 
3492 721 720 2393 2392 
3493 720 719 2394 2393 
3494 719 718 2395 2394 
3495 718 717 2396 2395 
3496 717 716 2397 2396 
3497 716 715 2398 2397 
3498 715 714 2399 2398 
3499 714 713 2400 2399 
3500 713 712 2401 2400 
3501 712 711 2402 2401 
3502 711 710 2403 2402 
3503 710 709 2404 2403 
3504 709 708 2405 2404 
3505 708 707 2406 2405 
3506 707 706 2407 2406 
3507 706 705 2408 2407 
3508 705 704 2409 2408 
3509 704 703 2410 2409 
3510 703 702 2411 2410 
3511 702 701 2412 2411 
3512 701 700 2413 2412 
3513 700 699 2414 2413 
3514 699 698 2415 2414 
3515 698 697 2416 2415 
3516 697 696 2417 2416 
3517 696 695 2418 2417 
3518 695 694 2419 2418 
3519 694 693 2420 2419 
3520 693 692 2421 2420 
3521 692 691 2422 2421 
3522 691 690 2423 2422 
3523 690 689 2424 2423 
3524 689 688 2425 2424 
3525 688 687 2426 2425 
3526 687 686 2427 2426 
3527 686 685 2428 2427 
3528 685 684 2429 2428 
3529 684 683 2430 2429 
3530 683 682 2431 2430 
3531 682 681 2432 2431 
3532 681 680 2433 2432 
3533 680 679 2434 2433 
3534 679 678 2435 2434 
3535 678 677 2436 2435 
3536 677 676 2437 2436 
3537 676 675 2438 2437 
3538 675 674 2439 2438 
3539 674 673 2440 2439 
3540 673 672 2441 2440 
3541 672 671 2442 2441 
3542 671 670 2443 2442 
3543 670 669 2444 2443 
3544 669 668 2445 2444 
3545 668 667 2446 2445 
3546 667 666 2447 2446 
3547 666 665 2448 2447 
3548 665 664 2449 2448 
3549 664 663 2450 2449 
3550 663 662 2451 2450 
3551 662 661 2452 2451 
3552 661 660 2453 2452 
3553 660 659 2454 2453 
3554 659 658 2455 2454 
3555 658 657 2456 2455 
3556 657 656 2457 2456 
3557 656 655 2458 2457 
3558 655 654 2459 2458 
3559 654 653 2460 2459 
3560 653 652 2461 2460 
3561 652 651 2462 2461 
3562 651 650 2463 2462 
3563 650 649 2464 2463 
3564 649 648 2465 2464 
3565 648 647 2466 2465 
3566 647 646 2467 2466 
3567 646 645 2468 2467 
3568 645 644 2469 2468 
3569 644 643 2470 2469 
3570 643 642 2471 2470 
3571 642 641 2472 2471 
3572 641 640 2473 2472 
3573 640 639 2474 2473 
3574 639 638 2475 2474 
3575 638 637 2476 2475 
3576 637 636 2477 2476 
3577 636 635 2478 2477 
3578 635 634 2479 2478 
3579 634 633 2480 2479 
3580 633 632 2481 2480 
3581 632 631 2482 2481 
3582 631 630 2483 2482 
3583 630 629 2484 2483 
3584 629 628 2485 2484 
3585 628 627 2486 2485 
3586 627 626 2487 2486 
3587 626 625 2488 2487 
3588 625 624 2489 2488 
3589 624 623 2490 2489 
3590 623 622 2491 2490 
3591 622 621 2492 2491 
3592 621 620 2493 2492 
3593 620 619 2494 2493 
3594 619 618 2495 2494 
3595 618 617 2496 2495 
3596 617 616 2497 2496 
3597 616 615 2498 2497 
3598 615 614 2499 2498 
3599 614 613 2500 2499 
3600 613 612 2501 2500 
3601 612 611 2502 2501 
3602 611 610 2503 2502 
3603 610 609 2504 2503 
3604 609 608 2505 2504 
3605 608 607 2506 2505 
3606 607 606 2507 2506 
3607 606 605 2508 2507 
3608 605 604 2509 2508 
3609 604 603 2510 2509 
3610 603 602 2511 2510 
3611 602 601 2512 2511 
3612 601 600 2513 2512 
3613 600 599 2514 2513 
3614 599 598 2515 2514 
3615 598 597 2516 2515 
3616 597 596 2517 2516 
3617 596 595 2518 2517 
3618 595 594 2519 2518 
3619 594 593 2520 2519 
3620 593 592 2521 2520 
3621 592 591 2522 2521 
3622 591 590 2523 2522 
3623 590 589 2524 2523 
3624 589 588 2525 2524 
3625 588 587 2526 2525 
3626 587 586 2527 2526 
3627 586 585 2528 2527 
3628 585 584 2529 2528 
3629 584 583 2530 2529 
3630 583 582 2531 2530 
3631 582 581 2532 2531 
3632 581 580 2533 2532 
3633 580 579 2534 2533 
3634 579 578 2535 2534 
3635 578 577 2536 2535 
3636 577 576 2537 2536 
3637 576 575 2538 2537 
3638 575 574 2539 2538 
3639 574 573 2540 2539 
3640 573 572 2541 2540 
3641 572 571 2542 2541 
3642 571 570 2543 2542 
3643 570 569 2544 2543 
3644 569 568 2545 2544 
3645 568 567 2546 2545 
3646 567 566 2547 2546 
3647 566 565 2548 2547 
3648 565 564 2549 2548 
3649 564 563 2550 2549 
3650 563 562 2551 2550 
3651 562 561 2552 2551 
3652 561 560 2553 2552 
3653 560 559 2554 2553 
3654 559 558 2555 2554 
3655 558 557 2556 2555 
3656 557 556 2557 2556 
3657 556 555 2558 2557 
3658 555 554 2559 2558 
3659 554 553 2560 2559 
3660 553 552 2561 2560 
3661 552 551 2562 2561 
3662 551 550 2563 2562 
3663 550 549 2564 2563 
3664 549 548 2565 2564 
3665 548 547 2566 2565 
3666 547 546 2567 2566 
3667 546 545 2568 2567 
3668 545 544 2569 2568 
3669 544 543 2570 2569 
3670 543 542 2571 2570 
3671 542 541 2572 2571 
3672 541 540 2573 2572 
3673 540 539 2574 2573 
3674 539 538 2575 2574 
3675 538 537 2576 2575 
3676 537 536 2577 2576 
3677 536 535 2578 2577 
3678 535 534 2579 2578 
3679 534 533 2580 2579 
3680 533 532 2581 2580 
3681 532 531 2582 2581 
3682 531 530 2583 2582 
3683 530 529 2584 2583 
3684 529 528 2585 2584 
3685 528 527 2586 2585 
3686 527 526 2587 2586 
3687 526 525 2588 2587 
3688 525 524 2589 2588 
3689 524 523 2590 2589 
3690 523 522 2591 2590 
3691 522 521 2592 2591 
3692 521 520 2593 2592 
3693 520 519 2594 2593 
3694 519 518 2595 2594 
3695 518 517 2596 2595 
3696 517 516 2597 2596 
3697 516 515 2598 2597 
3698 515 514 2599 2598 
3699 514 21 2600 2599 
3700 21 167 2601 2600 
3701 167 166 2602 2601 
3702 166 165 2603 2602 
3703 165 164 2604 2603 
3704 164 163 2605 2604 
3705 163 162 2606 2605 
3706 162 161 2607 2606 
3707 161 160 2608 2607 
3708 160 159 2609 2608 
3709 159 158 2610 2609 
3710 158 157 2611 2610 
3711 157 156 2612 2611 
3712 156 155 2613 2612 
3713 155 154 2614 2613 
3714 154 153 2615 2614 
3715 153 152 2616 2615 
3716 152 151 2617 2616 
3717 151 150 2618 2617 
3718 150 149 2619 2618 
3719 149 12 2620 2619 
3720 12 239 2621 2620 
3721 239 238 2622 2621 
3722 238 237 2623 2622 
3723 237 236 2624 2623 
3724 236 235 2625 2624 
3725 235 234 2626 2625 
3726 234 233 2627 2626 
3727 233 232 2628 2627 
3728 232 231 2629 2628 
3729 231 230 2630 2629 
3730 230 229 2631 2630 
3731 229 228 2632 2631 
3732 228 227 2633 2632 
3733 227 226 2634 2633 
3734 226 225 2635 2634 
3735 225 224 2636 2635 
3736 224 223 2637 2636 
3737 223 222 2638 2637 
3738 222 14 2639 2638 
3739 14 148 2640 2639 
3740 148 147 2641 2640 
3741 147 146 2642 2641 
3742 146 145 2643 2642 
3743 145 144 2644 2643 
3744 144 143 2645 2644 
3745 143 142 2646 2645 
3746 142 141 2647 2646 
3747 141 140 2648 2647 
3748 140 139 2649 2648 
3749 139 138 2650 2649 
3750 138 137 2651 2650 
3751 137 136 2652 2651 
3752 136 135 2653 2652 
3753 135 134 2654 2653 
3754 134 11 2655 2654 
3755 11 787 2656 2655 
3756 787 786 2657 2656 
3757 786 785 2658 2657 
3758 785 784 2659 2658 
3759 784 783 2660 2659 
3760 783 782 2661 2660 
3761 782 781 2662 2661 
3762 781 780 2663 2662 
3763 780 779 2664 2663 
3764 779 778 2665 2664 
3765 778 777 2666 2665 
3766 777 19 2667 2666 
3767 19 133 2668 2667 
3768 133 132 2669 2668 
3769 132 131 2670 2669 
3770 131 130 2671 2670 
3771 130 129 2672 2671 
3772 129 128 2673 2672 
3773 128 127 2674 2673 
3774 127 126 2675 2674 
3775 126 125 2676 2675 
3776 125 124 2677 2676 
3777 124 123 2678 2677 
3778 123 122 2679 2678 
3779 122 121 2680 2679 
3780 121 120 2681 2680 
3781 120 119 2682 2681 
3782 119 118 2683 2682 
3783 118 117 2684 2683 
3784 117 116 2685 2684 
3785 116 115 2686 2685 
3786 115 114 2687 2686 
3787 114 10 789 2687 
3788 86 2337 2688 87 
3789 2337 2338 2689 2688 
3790 2338 2339 2690 2689 
3791 2339 2340 2691 2690 
3792 2340 2341 2692 2691 
3793 2341 2342 2693 2692 
3794 2342 2343 2694 2693 
3795 2343 2344 2695 2694 
3796 2344 2345 2696 2695 
3797 2345 2346 2697 2696 
3798 2346 2347 2698 2697 
3799 2347 2348 2699 2698 
3800 2348 2349 2700 2699 
3801 2349 2350 2701 2700 
3802 2350 2351 2702 2701 
3803 2351 2352 2703 2702 
3804 2352 2353 2704 2703 
3805 2353 2354 2705 2704 
3806 2354 2355 2706 2705 
3807 2355 2356 2707 2706 
3808 2356 2357 2708 2707 
3809 2357 2358 2709 2708 
3810 2358 2359 2710 2709 
3811 2359 2360 2711 2710 
3812 2360 2361 2712 2711 
3813 2361 2362 2713 2712 
3814 2362 2363 2714 2713 
3815 2363 2364 2715 2714 
3816 2364 2365 2716 2715 
3817 2365 2366 2717 2716 
3818 2366 2367 2718 2717 
3819 2367 2368 2719 2718 
3820 2368 2369 2720 2719 
3821 2369 2370 2721 2720 
3822 2370 2371 2722 2721 
3823 2371 2372 2723 2722 
3824 2372 2373 2724 2723 
3825 2373 2374 2725 2724 
3826 2374 2375 2726 2725 
3827 2375 2376 2727 2726 
3828 2376 2377 2728 2727 
3829 2377 2378 2729 2728 
3830 2378 2379 2730 2729 
3831 2379 2380 2731 2730 
3832 2380 2381 2732 2731 
3833 2381 2382 2733 2732 
3834 2382 2383 2734 2733 
3835 2383 2384 2735 2734 
3836 2384 2385 2736 2735 
3837 2385 2386 2737 2736 
3838 2386 2387 2738 2737 
3839 2387 2388 2739 2738 
3840 2388 2389 2740 2739 
3841 2389 2390 2741 2740 
3842 2390 2391 2742 2741 
3843 2391 2392 2743 2742 
3844 2392 2393 2744 2743 
3845 2393 2394 2745 2744 
3846 2394 2395 2746 2745 
3847 2395 2396 2747 2746 
3848 2396 2397 2748 2747 
3849 2397 2398 2749 2748 
3850 2398 2399 2750 2749 
3851 2399 2400 2751 2750 
3852 2400 2401 2752 2751 
3853 2401 2402 2753 2752 
3854 2402 2403 2754 2753 
3855 2403 2404 2755 2754 
3856 2404 2405 2756 2755 
3857 2405 2406 2757 2756 
3858 2406 2407 2758 2757 
3859 2407 2408 2759 2758 
3860 2408 2409 2760 2759 
3861 2409 2410 2761 2760 
3862 2410 2411 2762 2761 
3863 2411 2412 2763 2762 
3864 2412 2413 2764 2763 
3865 2413 2414 2765 2764 
3866 2414 2415 2766 2765 
3867 2415 2416 2767 2766 
3868 2416 2417 2768 2767 
3869 2417 2418 2769 2768 
3870 2418 2419 2770 2769 
3871 2419 2420 2771 2770 
3872 2420 2421 2772 2771 
3873 2421 2422 2773 2772 
3874 2422 2423 2774 2773 
3875 2423 2424 2775 2774 
3876 2424 2425 2776 2775 
3877 2425 2426 2777 2776 
3878 2426 2427 2778 2777 
3879 2427 2428 2779 2778 
3880 2428 2429 2780 2779 
3881 2429 2430 2781 2780 
3882 2430 2431 2782 2781 
3883 2431 2432 2783 2782 
3884 2432 2433 2784 2783 
3885 2433 2434 2785 2784 
3886 2434 2435 2786 2785 
3887 2435 2436 2787 2786 
3888 2436 2437 2788 2787 
3889 2437 2438 2789 2788 
3890 2438 2439 2790 2789 
3891 2439 2440 2791 2790 
3892 2440 2441 2792 2791 
3893 2441 2442 2793 2792 
3894 2442 2443 2794 2793 
3895 2443 2444 2795 2794 
3896 2444 2445 2796 2795 
3897 2445 2446 2797 2796 
3898 2446 2447 2798 2797 
3899 2447 2448 2799 2798 
3900 2448 2449 2800 2799 
3901 2449 2450 2801 2800 
3902 2450 2451 2802 2801 
3903 2451 2452 2803 2802 
3904 2452 2453 2804 2803 
3905 2453 2454 2805 2804 
3906 2454 2455 2806 2805 
3907 2455 2456 2807 2806 
3908 2456 2457 2808 2807 
3909 2457 2458 2809 2808 
3910 2458 2459 2810 2809 
3911 2459 2460 2811 2810 
3912 2460 2461 2812 2811 
3913 2461 2462 2813 2812 
3914 2462 2463 2814 2813 
3915 2463 2464 2815 2814 
3916 2464 2465 2816 2815 
3917 2465 2466 2817 2816 
3918 2466 2467 2818 2817 
3919 2467 2468 2819 2818 
3920 2468 2469 2820 2819 
3921 2469 2470 2821 2820 
3922 2470 2471 2822 2821 
3923 2471 2472 2823 2822 
3924 2472 2473 2824 2823 
3925 2473 2474 2825 2824 
3926 2474 2475 2826 2825 
3927 2475 2476 2827 2826 
3928 2476 2477 2828 2827 
3929 2477 2478 2829 2828 
3930 2478 2479 2830 2829 
3931 2479 2480 2831 2830 
3932 2480 2481 2832 2831 
3933 2481 2482 2833 2832 
3934 2482 2483 2834 2833 
3935 2483 2484 2835 2834 
3936 2484 2485 2836 2835 
3937 2485 2486 2837 2836 
3938 2486 2487 2838 2837 
3939 2487 2488 2839 2838 
3940 2488 2489 2840 2839 
3941 2489 2490 2841 2840 
3942 2490 2491 2842 2841 
3943 2491 2492 2843 2842 
3944 2492 2493 2844 2843 
3945 2493 2494 2845 2844 
3946 2494 2495 2846 2845 
3947 2495 2496 2847 2846 
3948 2496 2497 2848 2847 
3949 2497 2498 2849 2848 
3950 2498 2499 2850 2849 
3951 2499 2500 2851 2850 
3952 2500 2501 2852 2851 
3953 2501 2502 2853 2852 
3954 2502 2503 2854 2853 
3955 2503 2504 2855 2854 
3956 2504 2505 2856 2855 
3957 2505 2506 2857 2856 
3958 2506 2507 2858 2857 
3959 2507 2508 2859 2858 
3960 2508 2509 2860 2859 
3961 2509 2510 2861 2860 
3962 2510 2511 2862 2861 
3963 2511 2512 2863 2862 
3964 2512 2513 2864 2863 
3965 2513 2514 2865 2864 
3966 2514 2515 2866 2865 
3967 2515 2516 2867 2866 
3968 2516 2517 2868 2867 
3969 2517 2518 2869 2868 
3970 2518 2519 2870 2869 
3971 2519 2520 2871 2870 
3972 2520 2521 2872 2871 
3973 2521 2522 2873 2872 
3974 2522 2523 2874 2873 
3975 2523 2524 2875 2874 
3976 2524 2525 2876 2875 
3977 2525 2526 2877 2876 
3978 2526 2527 2878 2877 
3979 2527 2528 2879 2878 
3980 2528 2529 2880 2879 
3981 2529 2530 2881 2880 
3982 2530 2531 2882 2881 
3983 2531 2532 2883 2882 
3984 2532 2533 2884 2883 
3985 2533 2534 2885 2884 
3986 2534 2535 2886 2885 
3987 2535 2536 2887 2886 
3988 2536 2537 2888 2887 
3989 2537 2538 2889 2888 
3990 2538 2539 2890 2889 
3991 2539 2540 2891 2890 
3992 2540 2541 2892 2891 
3993 2541 2542 2893 2892 
3994 2542 2543 2894 2893 
3995 2543 2544 2895 2894 
3996 2544 2545 2896 2895 
3997 2545 2546 2897 2896 
3998 2546 2547 2898 2897 
3999 2547 2548 2899 2898 
4000 2548 2549 2900 2899 
4001 2549 2550 2901 2900 
4002 2550 2551 2902 2901 
4003 2551 2552 2903 2902 
4004 2552 2553 2904 2903 
4005 2553 2554 2905 2904 
4006 2554 2555 2906 2905 
4007 2555 2556 2907 2906 
4008 2556 2557 2908 2907 
4009 2557 2558 2909 2908 
4010 2558 2559 2910 2909 
4011 2559 2560 2911 2910 
4012 2560 2561 2912 2911 
4013 2561 2562 2913 2912 
4014 2562 2563 2914 2913 
4015 2563 2564 2915 2914 
4016 2564 2565 2916 2915 
4017 2565 2566 2917 2916 
4018 2566 2567 2918 2917 
4019 2567 2568 2919 2918 
4020 2568 2569 2920 2919 
4021 2569 2570 2921 2920 
4022 2570 2571 2922 2921 
4023 2571 2572 2923 2922 
4024 2572 2573 2924 2923 
4025 2573 2574 2925 2924 
4026 2574 2575 2926 2925 
4027 2575 2576 2927 2926 
4028 2576 2577 2928 2927 
4029 2577 2578 2929 2928 
4030 2578 2579 2930 2929 
4031 2579 2580 2931 2930 
4032 2580 2581 2932 2931 
4033 2581 2582 2933 2932 
4034 2582 2583 2934 2933 
4035 2583 2584 2935 2934 
4036 2584 2585 2936 2935 
4037 2585 2586 2937 2936 
4038 2586 2587 2938 2937 
4039 2587 2588 2939 2938 
4040 2588 2589 2940 2939 
4041 2589 2590 2941 2940 
4042 2590 2591 2942 2941 
4043 2591 2592 2943 2942 
4044 2592 2593 2944 2943 
4045 2593 2594 2945 2944 
4046 2594 2595 2946 2945 
4047 2595 2596 2947 2946 
4048 2596 2597 2948 2947 
4049 2597 2598 2949 2948 
4050 2598 2599 2950 2949 
4051 2599 2600 2951 2950 
4052 2600 2601 2952 2951 
4053 2601 2602 2953 2952 
4054 2602 2603 2954 2953 
4055 2603 2604 2955 2954 
4056 2604 2605 2956 2955 
4057 2605 2606 2957 2956 
4058 2606 2607 2958 2957 
4059 2607 2608 2959 2958 
4060 2608 2609 2960 2959 
4061 2609 2610 2961 2960 
4062 2610 2611 2962 2961 
4063 2611 2612 2963 2962 
4064 2612 2613 2964 2963 
4065 2613 2614 2965 2964 
4066 2614 2615 2966 2965 
4067 2615 2616 2967 2966 
4068 2616 2617 2968 2967 
4069 2617 2618 2969 2968 
4070 2618 2619 2970 2969 
4071 2619 2620 2971 2970 
4072 2620 2621 2972 2971 
4073 2621 2622 2973 2972 
4074 2622 2623 2974 2973 
4075 2623 2624 2975 2974 
4076 2624 2625 2976 2975 
4077 2625 2626 2977 2976 
4078 2626 2627 2978 2977 
4079 2627 2628 2979 2978 
4080 2628 2629 2980 2979 
4081 2629 2630 2981 2980 
4082 2630 2631 2982 2981 
4083 2631 2632 2983 2982 
4084 2632 2633 2984 2983 
4085 2633 2634 2985 2984 
4086 2634 2635 2986 2985 
4087 2635 2636 2987 2986 
4088 2636 2637 2988 2987 
4089 2637 2638 2989 2988 
4090 2638 2639 2990 2989 
4091 2639 2640 2991 2990 
4092 2640 2641 2992 2991 
4093 2641 2642 2993 2992 
4094 2642 2643 2994 2993 
4095 2643 2644 2995 2994 
4096 2644 2645 2996 2995 
4097 2645 2646 2997 2996 
4098 2646 2647 2998 2997 
4099 2647 2648 2999 2998 
4100 2648 2649 3000 2999 
4101 2649 2650 3001 3000 
4102 2650 2651 3002 3001 
4103 2651 2652 3003 3002 
4104 2652 2653 3004 3003 
4105 2653 2654 3005 3004 
4106 2654 2655 3006 3005 
4107 2655 2656 3007 3006 
4108 2656 2657 3008 3007 
4109 2657 2658 3009 3008 
4110 2658 2659 3010 3009 
4111 2659 2660 3011 3010 
4112 2660 2661 3012 3011 
4113 2661 2662 3013 3012 
4114 2662 2663 3014 3013 
4115 2663 2664 3015 3014 
4116 2664 2665 3016 3015 
4117 2665 2666 3017 3016 
4118 2666 2667 3018 3017 
4119 2667 2668 3019 3018 
4120 2668 2669 3020 3019 
4121 2669 2670 3021 3020 
4122 2670 2671 3022 3021 
4123 2671 2672 3023 3022 
4124 2672 2673 3024 3023 
4125 2673 2674 3025 3024 
4126 2674 2675 3026 3025 
4127 2675 2676 3027 3026 
4128 2676 2677 3028 3027 
4129 2677 2678 3029 3028 
4130 2678 2679 3030 3029 
4131 2679 2680 3031 3030 
4132 2680 2681 3032 3031 
4133 2681 2682 3033 3032 
4134 2682 2683 3034 3033 
4135 2683 2684 3035 3034 
4136 2684 2685 3036 3035 
4137 2685 2686 3037 3036 
4138 2686 2687 3038 3037 
4139 2687 789 788 3038 
4140 87 2688 800 25 
4141 2688 2689 801 800 
4142 2689 2690 802 801 
4143 2690 2691 803 802 
4144 2691 2692 804 803 
4145 2692 2693 805 804 
4146 2693 2694 806 805 
4147 2694 2695 807 806 
4148 2695 2696 808 807 
4149 2696 2697 809 808 
4150 2697 2698 810 809 
4151 2698 2699 811 810 
4152 2699 2700 812 811 
4153 2700 2701 813 812 
4154 2701 2702 814 813 
4155 2702 2703 815 814 
4156 2703 2704 816 815 
4157 2704 2705 817 816 
4158 2705 2706 818 817 
4159 2706 2707 819 818 
4160 2707 2708 820 819 
4161 2708 2709 821 820 
4162 2709 2710 822 821 
4163 2710 2711 823 822 
4164 2711 2712 824 823 
4165 2712 2713 825 824 
4166 2713 2714 826 825 
4167 2714 2715 827 826 
4168 2715 2716 828 827 
4169 2716 2717 829 828 
4170 2717 2718 830 829 
4171 2718 2719 831 830 
4172 2719 2720 832 831 
4173 2720 2721 833 832 
4174 2721 2722 834 833 
4175 2722 2723 835 834 
4176 2723 2724 836 835 
4177 2724 2725 837 836 
4178 2725 2726 838 837 
4179 2726 2727 839 838 
4180 2727 2728 840 839 
4181 2728 2729 841 840 
4182 2729 2730 842 841 
4183 2730 2731 843 842 
4184 2731 2732 844 843 
4185 2732 2733 845 844 
4186 2733 2734 846 845 
4187 2734 2735 847 846 
4188 2735 2736 848 847 
4189 2736 2737 849 848 
4190 2737 2738 850 849 
4191 2738 2739 851 850 
4192 2739 2740 852 851 
4193 2740 2741 853 852 
4194 2741 2742 854 853 
4195 2742 2743 855 854 
4196 2743 2744 856 855 
4197 2744 2745 857 856 
4198 2745 2746 858 857 
4199 2746 2747 859 858 
4200 2747 2748 860 859 
4201 2748 2749 861 860 
4202 2749 2750 862 861 
4203 2750 2751 863 862 
4204 2751 2752 864 863 
4205 2752 2753 865 864 
4206 2753 2754 866 865 
4207 2754 2755 867 866 
4208 2755 2756 868 867 
4209 2756 2757 869 868 
4210 2757 2758 870 869 
4211 2758 2759 871 870 
4212 2759 2760 872 871 
4213 2760 2761 873 872 
4214 2761 2762 874 873 
4215 2762 2763 875 874 
4216 2763 2764 876 875 
4217 2764 2765 877 876 
4218 2765 2766 878 877 
4219 2766 2767 879 878 
4220 2767 2768 880 879 
4221 2768 2769 881 880 
4222 2769 2770 882 881 
4223 2770 2771 883 882 
4224 2771 2772 884 883 
4225 2772 2773 885 884 
4226 2773 2774 886 885 
4227 2774 2775 887 886 
4228 2775 2776 888 887 
4229 2776 2777 889 888 
4230 2777 2778 890 889 
4231 2778 2779 891 890 
4232 2779 2780 892 891 
4233 2780 2781 893 892 
4234 2781 2782 894 893 
4235 2782 2783 895 894 
4236 2783 2784 896 895 
4237 2784 2785 897 896 
4238 2785 2786 898 897 
4239 2786 2787 899 898 
4240 2787 2788 900 899 
4241 2788 2789 901 900 
4242 2789 2790 902 901 
4243 2790 2791 903 902 
4244 2791 2792 904 903 
4245 2792 2793 905 904 
4246 2793 2794 906 905 
4247 2794 2795 907 906 
4248 2795 2796 908 907 
4249 2796 2797 909 908 
4250 2797 2798 910 909 
4251 2798 2799 911 910 
4252 2799 2800 912 911 
4253 2800 2801 913 912 
4254 2801 2802 914 913 
4255 2802 2803 915 914 
4256 2803 2804 916 915 
4257 2804 2805 917 916 
4258 2805 2806 918 917 
4259 2806 2807 919 918 
4260 2807 2808 920 919 
4261 2808 2809 921 920 
4262 2809 2810 922 921 
4263 2810 2811 923 922 
4264 2811 2812 924 923 
4265 2812 2813 925 924 
4266 2813 2814 926 925 
4267 2814 2815 927 926 
4268 2815 2816 928 927 
4269 2816 2817 929 928 
4270 2817 2818 930 929 
4271 2818 2819 931 930 
4272 2819 2820 932 931 
4273 2820 2821 933 932 
4274 2821 2822 934 933 
4275 2822 2823 935 934 
4276 2823 2824 936 935 
4277 2824 2825 937 936 
4278 2825 2826 938 937 
4279 2826 2827 939 938 
4280 2827 2828 940 939 
4281 2828 2829 941 940 
4282 2829 2830 942 941 
4283 2830 2831 943 942 
4284 2831 2832 944 943 
4285 2832 2833 945 944 
4286 2833 2834 946 945 
4287 2834 2835 947 946 
4288 2835 2836 948 947 
4289 2836 2837 949 948 
4290 2837 2838 950 949 
4291 2838 2839 951 950 
4292 2839 2840 952 951 
4293 2840 2841 953 952 
4294 2841 2842 954 953 
4295 2842 2843 955 954 
4296 2843 2844 956 955 
4297 2844 2845 957 956 
4298 2845 2846 958 957 
4299 2846 2847 959 958 
4300 2847 2848 960 959 
4301 2848 2849 961 960 
4302 2849 2850 962 961 
4303 2850 2851 963 962 
4304 2851 2852 964 963 
4305 2852 2853 965 964 
4306 2853 2854 966 965 
4307 2854 2855 967 966 
4308 2855 2856 968 967 
4309 2856 2857 969 968 
4310 2857 2858 970 969 
4311 2858 2859 971 970 
4312 2859 2860 972 971 
4313 2860 2861 973 972 
4314 2861 2862 974 973 
4315 2862 2863 975 974 
4316 2863 2864 976 975 
4317 2864 2865 977 976 
4318 2865 2866 978 977 
4319 2866 2867 979 978 
4320 2867 2868 980 979 
4321 2868 2869 981 980 
4322 2869 2870 982 981 
4323 2870 2871 983 982 
4324 2871 2872 984 983 
4325 2872 2873 985 984 
4326 2873 2874 986 985 
4327 2874 2875 987 986 
4328 2875 2876 988 987 
4329 2876 2877 989 988 
4330 2877 2878 990 989 
4331 2878 2879 991 990 
4332 2879 2880 992 991 
4333 2880 2881 993 992 
4334 2881 2882 994 993 
4335 2882 2883 995 994 
4336 2883 2884 996 995 
4337 2884 2885 997 996 
4338 2885 2886 998 997 
4339 2886 2887 999 998 
4340 2887 2888 1000 999 
4341 2888 2889 1001 1000 
4342 2889 2890 1002 1001 
4343 2890 2891 1003 1002 
4344 2891 2892 1004 1003 
4345 2892 2893 1005 1004 
4346 2893 2894 1006 1005 
4347 2894 2895 1007 1006 
4348 2895 2896 1008 1007 
4349 2896 2897 1009 1008 
4350 2897 2898 1010 1009 
4351 2898 2899 1011 1010 
4352 2899 2900 1012 1011 
4353 2900 2901 1013 1012 
4354 2901 2902 1014 1013 
4355 2902 2903 1015 1014 
4356 2903 2904 1016 1015 
4357 2904 2905 1017 1016 
4358 2905 2906 1018 1017 
4359 2906 2907 1019 1018 
4360 2907 2908 1020 1019 
4361 2908 2909 1021 1020 
4362 2909 2910 1022 1021 
4363 2910 2911 1023 1022 
4364 2911 2912 1024 1023 
4365 2912 2913 1025 1024 
4366 2913 2914 1026 1025 
4367 2914 2915 1027 1026 
4368 2915 2916 1028 1027 
4369 2916 2917 1029 1028 
4370 2917 2918 1030 1029 
4371 2918 2919 1031 1030 
4372 2919 2920 1032 1031 
4373 2920 2921 1033 1032 
4374 2921 2922 1034 1033 
4375 2922 2923 1035 1034 
4376 2923 2924 1036 1035 
4377 2924 2925 1037 1036 
4378 2925 2926 1038 1037 
4379 2926 2927 1039 1038 
4380 2927 2928 1040 1039 
4381 2928 2929 1041 1040 
4382 2929 2930 1042 1041 
4383 2930 2931 1043 1042 
4384 2931 2932 1044 1043 
4385 2932 2933 1045 1044 
4386 2933 2934 1046 1045 
4387 2934 2935 1047 1046 
4388 2935 2936 1048 1047 
4389 2936 2937 1049 1048 
4390 2937 2938 1050 1049 
4391 2938 2939 1051 1050 
4392 2939 2940 1052 1051 
4393 2940 2941 1053 1052 
4394 2941 2942 1054 1053 
4395 2942 2943 1055 1054 
4396 2943 2944 1056 1055 
4397 2944 2945 1057 1056 
4398 2945 2946 1058 1057 
4399 2946 2947 1059 1058 
4400 2947 2948 1060 1059 
4401 2948 2949 1061 1060 
4402 2949 2950 1062 1061 
4403 2950 2951 24 1062 
4404 2951 2952 1145 24 
4405 2952 2953 1144 1145 
4406 2953 2954 1143 1144 
4407 2954 2955 1142 1143 
4408 2955 2956 1141 1142 
4409 2956 2957 1140 1141 
4410 2957 2958 1139 1140 
4411 2958 2959 1138 1139 
4412 2959 2960 1137 1138 
4413 2960 2961 1136 1137 
4414 2961 2962 1135 1136 
4415 2962 2963 1134 1135 
4416 2963 2964 1133 1134 
4417 2964 2965 1132 1133 
4418 2965 2966 1131 1132 
4419 2966 2967 1130 1131 
4420 2967 2968 1129 1130 
4421 2968 2969 1128 1129 
4422 2969 2970 1127 1128 
4423 2970 2971 28 1127 
4424 2971 2972 1126 28 
4425 2972 2973 1125 1126 
4426 2973 2974 1124 1125 
4427 2974 2975 1123 1124 
4428 2975 2976 1122 1123 
4429 2976 2977 1121 1122 
4430 2977 2978 1120 1121 
4431 2978 2979 1119 1120 
4432 2979 2980 1118 1119 
4433 2980 2981 1117 1118 
4434 2981 2982 1116 1117 
4435 2982 2983 1115 1116 
4436 2983 2984 1114 1115 
4437 2984 2985 1113 1114 
4438 2985 2986 1112 1113 
4439 2986 2987 1111 1112 
4440 2987 2988 1110 1111 
4441 2988 2989 1109 1110 
4442 2989 2990 27 1109 
4443 2990 2991 1108 27 
4444 2991 2992 1107 1108 
4445 2992 2993 1106 1107 
4446 2993 2994 1105 1106 
4447 2994 2995 1104 1105 
4448 2995 2996 1103 1104 
4449 2996 2997 1102 1103 
4450 2997 2998 1101 1102 
4451 2998 2999 1100 1101 
4452 2999 3000 1099 1100 
4453 3000 3001 1098 1099 
4454 3001 3002 1097 1098 
4455 3002 3003 1096 1097 
4456 3003 3004 1095 1096 
4457 3004 3005 1094 1095 
4458 3005 3006 26 1094 
4459 3006 3007 1093 26 
4460 3007 3008 1092 1093 
4461 3008 3009 1091 1092 
4462 3009 3010 1090 1091 
4463 3010 3011 1089 1090 
4464 3011 3012 1088 1089 
4465 3012 3013 1087 1088 
4466 3013 3014 1086 1087 
4467 3014 3015 1085 1086 
4468 3015 3016 1084 1085 
4469 3016 3017 1083 1084 
4470 3017 3018 23 1083 
4471 3018 3019 1082 23 
4472 3019 3020 1081 1082 
4473 3020 3021 1080 1081 
4474 3021 3022 1079 1080 
4475 3022 3023 1078 1079 
4476 3023 3024 1077 1078 
4477 3024 3025 1076 1077 
4478 3025 3026 1075 1076 
4479 3026 3027 1074 1075 
4480 3027 3028 1073 1074 
4481 3028 3029 1072 1073 
4482 3029 3030 1071 1072 
4483 3030 3031 1070 1071 
4484 3031 3032 1069 1070 
4485 3032 3033 1068 1069 
4486 3033 3034 1067 1068 
4487 3034 3035 1066 1067 
4488 3035 3036 1065 1066 
4489 3036 3037 1064 1065 
4490 3037 3038 1063 1064 
4491 3038 788 22 1063 
$EndElements
