# omega PSD_u_x90.0_y0.5_z0.0 PSD_v_x90.0_y0.5_z0.0 PSD_p_x90.0_y0.5_z0.0
0.000000000000000000e+00 2.416943779634284604e-03 1.252861764695268639e-05 1.679208787937384406e-04
3.080282706553782654e-03 1.652336851607808053e-03 7.187178605341104174e-06 8.293272252585781308e-05
6.160565413107565308e-03 3.016826248218357665e-04 5.857343851613451282e-07 1.254026776683070320e-05
9.240848119661346227e-03 2.178263389356115218e-04 1.322581042206146111e-06 1.741581068423965652e-05
1.232113082621513062e-02 2.042604065910634157e-04 2.880719721235414673e-06 1.535219796488830884e-05
1.540141353276891327e-02 9.933272783296455844e-04 5.800513616988319776e-06 2.545431847237307699e-05
1.848169623932269245e-02 3.717512485111987980e-02 1.498068738721132032e-04 5.005253670186765548e-04
2.156197894587647684e-02 5.308456497061122409e-02 2.112102836833046901e-04 7.539902691660916060e-04
2.464226165243026123e-02 4.354116867900643603e-03 2.127679860902153124e-05 2.100286654824824230e-04
2.772254435898404215e-02 3.229549047750114479e-04 1.879804659124639254e-06 2.141862111423744437e-04
3.080282706553782654e-02 7.724955889312405764e-04 2.327643616259293929e-06 2.918724143980606662e-04
3.388310977209160746e-02 5.091889705840168048e-03 1.178460771787888620e-05 8.602710131559041179e-04
3.696339247864538491e-02 7.800461196763296412e-01 1.788315609894317298e-03 5.839525250567523251e-02
4.004367518519917624e-02 7.254224920479002137e+00 1.664893458642903792e-02 5.506910099968852501e-01
4.312395789175295369e-02 3.792500670676583141e+00 8.729669981152706620e-03 2.896792188620737618e-01
4.620424059830673807e-02 3.363069762549615593e-02 8.205239741751276417e-05 2.453589897542153390e-03
4.928452330486052246e-02 1.515138613505451594e-03 5.001378338240049211e-06 3.987536881808162155e-04
5.236480601141430685e-02 2.282225383156351892e-04 2.299611082283064161e-06 9.851069518179967580e-05
5.544508871796808430e-02 4.013705710115097374e-04 4.975242628410943406e-06 8.071589376295362273e-05
5.852537142452186869e-02 2.769212196857182354e-02 4.140466784097129546e-04 3.093215600776332941e-04
6.160565413107565308e-02 7.791479862883460283e-02 1.187762570738311839e-03 7.049779327807924626e-04
6.468593683762942359e-02 1.378643771833925474e-02 2.233273742725798048e-04 2.663360169858706018e-04
6.776621954418321492e-02 8.882786532172438541e-05 4.489305963817095497e-06 1.431617052426621141e-04
7.084650225073700625e-02 8.369146245566296569e-05 4.067525806954841852e-06 1.636741100674104458e-04
7.392678495729076982e-02 6.187909245568878934e-04 2.928723441865224063e-06 3.110672245957124657e-04
7.700706766384456115e-02 1.966580282257411605e-02 1.555479176621976612e-04 1.295132556250019190e-03
8.008735037039835247e-02 5.480312994264644466e-01 3.996663251863435615e-03 3.007081984352238946e-02
8.316763307695212992e-02 5.764339702602443438e-01 4.197803329179279272e-03 3.284288354666555637e-02
8.624791578350590737e-02 2.537089701636077374e-02 1.872069640125700028e-04 1.704977905112800129e-03
8.932819849005969870e-02 5.316314934146150126e-04 1.078687798508720044e-05 7.612243233758574925e-05
9.240848119661347615e-02 1.891548624157225202e-04 5.635068694349963303e-06 9.958017618828575457e-05
9.548876390316725360e-02 7.654335559476687755e-05 1.062718394136400199e-05 9.128767773477160555e-05
9.856904660972104493e-02 2.097332077578514722e-03 3.261382554730207360e-04 4.887078238655626940e-04
1.016493293162748224e-01 1.258173244090013757e-02 1.979904340771817227e-03 2.444044412703012641e-03
1.047296120228286137e-01 5.209762071472894170e-03 7.863318472830748947e-04 9.809190016886936911e-04
1.078098947293823912e-01 2.095743637368380631e-04 1.984083566833464414e-05 1.075381962495332658e-04
1.108901774359361686e-01 1.748613626857410371e-04 1.478196790385664870e-05 8.101776042591116384e-05
1.139704601424899599e-01 1.586649215350248410e-04 1.022792536517064786e-05 8.199476857328929559e-05
1.170507428490437374e-01 8.259815793275414970e-04 9.630521957827898770e-05 2.431874160093743973e-04
1.201310255555975148e-01 8.915738722476336531e-02 1.076039266449525973e-02 2.270010352069958687e-02
1.232113082621513062e-01 1.869085318937865337e-01 2.264416820094511743e-02 4.846136619375811944e-02
1.262915909687050975e-01 2.272079568119428003e-02 2.770034361961336549e-03 5.987245623707540022e-03
1.293718736752588472e-01 3.326159302752981187e-04 4.004530254323154293e-05 1.190308002510855349e-04
1.324521563818126524e-01 1.669176883518497646e-04 2.531238821648878939e-05 9.034169277053678599e-05
1.355324390883664298e-01 2.193880599199087911e-04 3.391266079146968858e-05 8.559458222598596388e-05
1.386127217949202073e-01 1.768227257763811417e-03 2.515514004443450326e-04 7.843406821500091292e-04
1.416930045014740125e-01 2.103040995359340207e-02 3.029569029006284539e-03 9.061478494385087970e-03
1.447732872080277899e-01 1.625499251360357916e-02 2.369919270214859448e-03 7.352497405196810505e-03
1.478535699145815396e-01 6.697449221838924034e-04 1.114740913909174951e-04 3.846890532997041846e-04
1.509338526211353448e-01 2.234983392824175434e-04 3.960387241010432233e-05 1.079218285457099724e-04
1.540141353276891223e-01 2.536631376683918778e-04 3.555462346277223892e-05 1.005020122112933043e-04
1.570944180342429275e-01 2.310522006442237389e-04 2.204302245775139970e-05 6.224107663260575413e-05
1.601747007407967049e-01 8.360014590106412680e-02 9.085596849099259256e-03 5.516383789786755837e-02
1.632549834473504824e-01 3.695677080712701512e-01 4.015607310443294192e-02 2.419663411201896097e-01
1.663352661539042598e-01 1.024440987981842660e-01 1.118821985303145201e-02 6.738193902101516364e-02
1.694155488604580373e-01 3.512374912931131373e-04 6.896428403777142438e-05 1.041387301960267157e-04
1.724958315670118147e-01 4.412721560587179633e-04 8.858601678152950318e-05 1.644577763005806092e-04
1.755761142735656199e-01 3.693554863702812113e-04 8.180011717341586358e-05 1.571558418231222738e-04
1.786563969801193974e-01 5.028120180493017956e-04 1.169164427859705445e-04 2.558381975459744100e-04
1.817366796866731748e-01 3.657745549737857673e-03 1.089685485976609825e-03 4.373894937592691552e-03
1.848169623932269523e-01 5.102513170247077214e-03 1.599242302932030006e-03 6.516321264903067630e-03
1.878972450997807297e-01 5.773713311292777775e-04 1.899205587960454305e-04 5.314724398830317567e-04
1.909775278063345072e-01 1.373490889001379182e-04 3.295486861445318810e-05 7.659961929347540454e-05
1.940578105128883124e-01 1.694268600528017364e-04 3.345404841168656061e-05 7.566806800436035681e-05
1.971380932194420899e-01 3.591284965016995167e-04 3.612480673883464573e-05 1.207950247024297834e-04
2.002183759259958673e-01 1.833831921717161972e-02 6.967578227527831090e-04 6.345501288605320117e-03
2.032986586325496448e-01 1.912978647801230614e-01 6.253450723597495965e-03 6.631691634663687551e-02
2.063789413391034500e-01 1.111874397636229417e-01 3.708203571606590379e-03 3.837679715878601627e-02
2.094592240456572274e-01 1.760301279197527217e-03 1.386909994550072965e-04 5.394356999222434286e-04
2.125395067522110049e-01 2.963343062299754992e-04 8.553279701535888304e-05 1.348799716856706129e-04
2.156197894587647823e-01 2.203126568696589407e-04 5.846765954265484636e-05 1.146870235845666810e-04
2.187000721653185598e-01 9.870922741448124162e-05 4.111301660525173063e-05 7.314515419097702184e-05
2.217803548718723372e-01 3.592450723584149699e-03 4.365334264149933383e-04 3.439831250651496052e-04
2.248606375784261424e-01 1.119458561794868870e-02 1.327070616142032866e-03 9.264478286800263479e-04
2.279409202849799199e-01 2.414359665111508440e-03 3.504424812980253771e-04 2.940678654813183557e-04
2.310212029915336973e-01 1.618504402127946332e-04 5.072005991078940549e-05 8.008667757689642440e-05
2.341014856980874748e-01 2.414088223549822640e-04 6.670804522844238241e-05 9.920421716072843992e-05
2.371817684046412522e-01 9.221960427042762230e-04 1.266310975884844272e-04 2.914953601616714963e-04
2.402620511111950297e-01 1.626568632178792065e-02 6.931220097402315252e-04 4.563779831321362890e-03
2.433423338177488349e-01 5.509442141786423663e-01 2.086164758100413769e-02 1.543321138860709041e-01
2.464226165243026123e-01 6.417597534839838413e-01 2.441890319708678314e-02 1.798572438243636606e-01
2.495028992308563898e-01 3.409378613899791827e-02 1.450215009845243468e-03 9.762981751253251017e-03
2.525831819374101950e-01 4.991046346766700491e-04 4.266838346688453997e-05 1.457526530320220901e-04
2.556634646439639447e-01 1.210775386043272958e-04 2.174350219519778884e-05 5.512762776624293565e-05
2.587437473505176944e-01 9.380338301226554931e-05 4.223911434394348651e-05 4.539477638585497185e-05
2.618240300570715551e-01 6.017380231679382400e-03 1.423554015341009114e-03 1.070120974534011790e-03
2.649043127636253048e-01 4.107150921886511957e-02 9.286562421972538450e-03 7.002267198594852755e-03
2.679845954701791100e-01 1.758773418553855397e-02 4.034984312286027906e-03 3.058917624669160121e-03
2.710648781767328597e-01 2.605631911855744304e-04 1.341977346383998527e-04 1.235852998113155072e-04
2.741451608832866094e-01 5.865319800237708342e-05 8.078884095336490048e-05 7.069727326316188577e-05
2.772254435898404146e-01 1.662683221406352540e-04 8.861235352672582239e-05 1.076717474610488590e-04
2.803057262963942198e-01 1.393123463282255675e-03 1.195091692556456424e-04 3.713528919791141917e-04
2.833860090029480250e-01 3.150010842093734498e-01 1.853734133370480569e-02 7.214138696879471291e-02
2.864662917095017747e-01 7.402447936327047895e-01 4.384397783127318843e-02 1.694328441333163016e-01
2.895465744160555799e-01 1.045963695563774387e-01 6.349301248517453047e-03 2.405674637229422014e-02
2.926268571226093296e-01 3.926051429325569842e-04 1.228176306173552100e-04 1.347831221898552123e-04
2.957071398291630793e-01 2.732307522164830155e-04 1.588044786319351581e-04 1.360244175814986467e-04
2.987874225357169400e-01 2.208980214117134378e-04 1.347904772725509097e-04 1.056068942831936994e-04
3.018677052422706897e-01 2.772660477486015712e-03 1.024733861092737156e-03 8.631732468544286736e-04
3.049479879488244949e-01 4.342813223516894111e-02 1.460614767959967850e-02 1.180098385913218306e-02
3.080282706553782446e-01 3.692665152952290947e-02 1.242992400895921896e-02 9.995010202874148389e-03
3.111085533619320498e-01 1.229371374182330673e-03 4.788496169153957168e-04 3.984906493013228739e-04
3.141888360684858550e-01 7.415384741396497433e-05 6.338269682835442865e-05 4.360097802244863429e-05
3.172691187750396047e-01 4.571078741064761109e-05 4.743977856574075854e-05 2.526169367495081781e-05
3.203494014815934099e-01 2.572032568532158447e-04 1.148938365732114742e-04 7.979972925824999183e-05
3.234296841881471596e-01 1.409788743079442574e-01 2.533466431457364124e-02 3.165648102531556235e-02
3.265099668947009648e-01 7.106502634330451595e-01 1.273915251911895974e-01 1.590814404879438426e-01
3.295902496012547145e-01 2.226822822393804413e-01 4.039972319077902302e-02 5.000619456755061448e-02
3.326705323078085197e-01 4.270697030661288886e-04 2.789173756364659966e-04 1.854720503383964852e-04
3.357508150143623249e-01 1.836145599228918457e-04 2.294648489869478250e-04 1.502848845337591581e-04
3.388310977209160746e-01 1.335917715038284221e-04 1.489871665608938768e-04 1.069458134177406889e-04
3.419113804274698798e-01 4.054775127918895791e-04 2.528215694233909507e-04 1.980654124120050812e-04
3.449916631340236295e-01 1.825800267547589284e-02 1.053988394933188730e-02 7.326408907724827127e-03
3.480719458405774347e-01 3.106392945641264086e-02 1.797226764420514072e-02 1.248189391263192227e-02
3.511522285471312399e-01 2.940160033144057633e-03 1.767612531307575412e-03 1.222565821263613215e-03
3.542325112536849896e-01 8.869558142928781700e-05 7.071199842337622305e-05 4.714525701310017745e-05
3.573127939602387948e-01 4.974472621795170385e-05 9.099905533990443969e-05 4.331728930038382538e-05
3.603930766667925445e-01 3.843553319395037315e-04 4.703534451606975440e-04 2.151340840953602502e-04
3.634733593733463497e-01 2.608065550114247594e-02 2.107147476216985477e-02 1.065876632278185340e-02
3.665536420799000994e-01 3.214836322252088707e-01 2.601157229556818051e-01 1.313230802748447945e-01
3.696339247864539046e-01 2.062968432096676796e-01 1.672868891594336549e-01 8.441760282416559125e-02
3.727142074930077098e-01 3.505736364761856752e-03 3.001004455835046617e-03 1.498809343729768642e-03
3.757944901995614595e-01 1.423066286372500866e-04 1.384837939479350471e-04 8.790866779589781609e-05
3.788747729061152647e-01 5.436037328154104783e-05 4.344366174501495615e-05 3.204364011278346223e-05
3.819550556126690144e-01 3.159205199731305631e-05 1.707367665012519687e-05 1.956823092560455236e-05
3.850353383192228196e-01 1.788362456743532256e-03 2.655158627949871265e-03 1.251615532840727463e-03
3.881156210257766248e-01 6.118553794419205431e-03 9.272034297997005722e-03 4.399473332273907272e-03
3.911959037323303745e-01 1.414930711634815319e-03 2.137836932875159229e-03 9.980299401570111566e-04
3.942761864388841797e-01 2.220573352127145521e-05 3.379184661778035259e-05 2.041147272337339033e-05
3.973564691454379849e-01 2.194376732853155207e-05 6.538458529809003340e-05 1.876081957681925607e-05
4.004367518519917346e-01 1.322535133684310266e-04 2.425376267608116794e-04 8.328804613330685700e-05
4.035170345585455398e-01 2.193403996159108780e-03 3.484632301036806688e-03 9.027690481439108305e-04
4.065973172650992895e-01 9.074072947349721974e-02 1.419722243382298965e-01 3.745478674783464523e-02
4.096775999716530947e-01 1.164977570797982032e-01 1.821124762469878144e-01 4.810858435321829080e-02
4.127578826782068999e-01 7.439066511738466093e-03 1.136617784031876757e-02 3.074234636382284017e-03
4.158381653847606496e-01 1.463881493520027247e-04 1.752916255873995094e-04 6.403129277415201947e-05
4.189184480913144548e-01 1.062236452475244405e-04 1.261350497548706178e-04 5.000195009632484077e-05
4.219987307978682045e-01 3.614014390515684353e-05 6.745254254009554933e-05 2.000303017096460845e-05
4.250790135044220097e-01 3.138215905321687271e-04 1.993872141072579177e-04 7.888275326888655127e-05
4.281592962109757594e-01 2.054937087417213395e-03 8.215567885547598800e-04 3.467199320201565802e-04
4.312395789175295646e-01 9.964953645985594795e-04 3.951122051625803730e-04 1.961583666711573732e-04
4.343198616240833698e-01 1.905628030429672295e-05 1.802216304317460471e-05 1.629052488188693166e-05
4.374001443306371195e-01 4.003555463867296006e-05 4.755701485453985857e-05 1.649296673617322071e-05
4.404804270371909247e-01 1.062978542621657282e-04 1.450156178643059897e-04 4.678161965621374245e-05
4.435607097437446744e-01 1.405323744425575425e-04 2.262862588719417541e-04 8.059772081672950724e-05
4.466409924502984796e-01 3.144421890531743508e-02 3.858381679033632411e-02 1.585975196399102768e-02
4.497212751568522848e-01 8.234893087891469177e-02 1.001534211854536727e-01 4.133680286597177234e-02
4.528015578634060345e-01 1.330809432426263532e-02 1.609400516100554027e-02 6.716803626005778821e-03
4.558818405699598397e-01 7.483499084430076818e-05 8.975174304811786910e-05 4.288357549972455184e-05
4.589621232765135894e-01 9.813056688150492387e-05 1.411862026151860627e-04 6.522436844439834735e-05
4.620424059830673946e-01 4.117437526552896062e-05 8.523396858852755494e-05 3.388204822179372375e-05
4.651226886896211443e-01 1.041220563691826136e-04 2.640982172407512038e-04 1.209836397277068876e-04
4.682029713961749495e-01 1.865235863874951851e-03 5.010528118499156004e-03 1.891599086446560515e-03
4.712832541027287547e-01 1.754931496596331920e-03 4.729912859467591026e-03 1.781104044810748362e-03
4.743635368092825044e-01 7.232702799071741046e-05 2.120061244051932759e-04 7.773698535029372478e-05
4.774438195158363096e-01 2.626870050841902243e-05 4.124396262704276608e-05 1.147673101617400557e-05
4.805241022223900593e-01 8.468848038298054572e-05 1.630142298927071199e-04 4.555457213160067918e-05
4.836043849289438645e-01 1.372233825439451538e-04 2.566045409534218258e-04 8.783918446167939442e-05
4.866846676354976697e-01 1.221092370197759958e-02 1.338288881649669221e-02 8.016899431095767664e-03
4.897649503420514194e-01 6.999122510511977813e-02 7.523517018400027734e-02 4.537662091994368319e-02
4.928452330486052246e-01 2.460650226033727836e-02 2.626192853730197063e-02 1.597827711968756795e-02
4.959255157551589743e-01 1.293983374010111253e-04 8.671281300826240305e-05 7.354244265038980741e-05
4.990057984617127795e-01 5.901556148724731852e-05 2.511923389191715733e-05 2.498949003431552172e-05
5.020860811682665847e-01 4.562623101553515189e-05 3.403900962408393661e-05 1.618742015479188799e-05
5.051663638748203899e-01 4.543736233986655831e-05 2.200985626987681204e-04 2.641419754057041682e-05
5.082466465813741952e-01 2.683374318132269749e-03 1.269461086666833806e-02 2.311922296721966984e-03
5.113269292879278893e-01 5.048889727901901929e-03 2.355952740598872899e-02 4.345657546254413396e-03
5.144072119944816945e-01 5.964968206720259580e-04 2.670170516529975398e-03 4.724599382081594344e-04
5.174874947010353887e-01 3.264556842734048561e-05 5.553873319848107767e-05 8.162070546276425654e-06
5.205677774075893049e-01 6.414564252865834757e-05 7.050723412494211103e-05 1.520457631103817516e-05
5.236480601141431102e-01 2.028861210149493586e-04 2.004452190700451949e-04 6.839902608771730697e-05
5.267283428206968043e-01 4.160810145965507072e-03 3.438683781853269731e-03 2.815632285253382751e-03
5.298086255272506095e-01 5.984154365439419559e-02 4.684772650395702120e-02 4.024328566315973216e-02
5.328889082338043037e-01 4.276694400622934461e-02 3.310810671218592655e-02 2.855311920299209022e-02
5.359691909403582200e-01 1.057504803936669315e-03 7.962326273682966520e-04 5.947155912146299874e-04
5.390494736469120252e-01 5.017606607916921775e-05 7.380740221257217409e-05 1.763238106805300085e-05
5.421297563534657193e-01 5.660420006201440855e-05 1.307653557303429138e-04 1.364890823787118949e-05
5.452100390600195245e-01 8.672368635539413971e-05 2.358753469764028783e-04 2.179243738879792073e-05
5.482903217665732187e-01 3.330860222485207498e-03 8.885958991746573110e-03 1.455045394036685522e-03
5.513706044731271350e-01 1.229699614921542054e-02 3.280565354694558317e-02 5.432985360305452559e-03
5.544508871796808291e-01 3.167121964868213711e-03 8.290169832862672936e-03 1.378682449788173284e-03
5.575311698862346343e-01 9.025911711029948963e-05 1.367271276126156047e-04 1.998256113891387842e-05
5.606114525927884396e-01 7.030420420109514349e-05 1.144091264683437948e-04 1.370038643639254860e-05
5.636917352993422448e-01 1.557372865800178848e-04 2.350490586714996033e-04 4.077681118929031085e-05
5.667720180058960500e-01 7.592173662904239551e-04 7.232455211479043092e-04 4.108378822186772861e-04
5.698523007124497441e-01 3.350350530440270036e-02 1.940897768841772994e-02 2.091622485366730413e-02
5.729325834190035494e-01 4.780201983302982682e-02 2.724834305578089852e-02 2.975093871538727827e-02
5.760128661255573546e-01 3.801586840591780671e-03 2.497319873692369335e-03 2.220711522306662543e-03
5.790931488321111598e-01 1.144911787234144168e-04 1.801015245609757949e-04 3.215918701544958258e-05
5.821734315386649650e-01 1.511924001632119184e-04 2.533007730474124645e-04 3.334024848329905042e-05
5.852537142452186592e-01 1.603902227641437750e-04 2.673104801127254419e-04 3.017927402388636952e-05
5.883339969517724644e-01 1.960507921152977034e-03 2.343814498125148822e-03 4.903793219174338875e-04
5.914142796583261585e-01 1.484467252010398218e-02 1.638789399572332384e-02 3.786021670313281101e-03
5.944945623648800748e-01 7.722097897404906278e-03 8.532903005975459379e-03 1.957244428924163025e-03
5.975748450714338800e-01 1.636273070576086254e-04 2.261307665579334538e-04 2.531297254656936441e-05
6.006551277779875742e-01 6.312830088173202803e-05 1.366731390817197442e-04 1.543184626634813404e-05
6.037354104845413794e-01 1.018462393276021023e-04 2.549396632365315924e-04 3.168632959535056583e-05
6.068156931910951846e-01 1.912911614227255099e-04 4.246869486626408128e-04 4.756515373743518615e-05
6.098959758976489898e-01 1.874229046413606811e-02 1.866640654222152459e-02 6.830666518193024943e-03
6.129762586042027950e-01 5.415178463228678685e-02 5.320140586281825457e-02 1.997285275631151616e-02
6.160565413107564892e-01 1.014146655460020433e-02 1.019236397255467337e-02 3.617736033239913728e-03
6.191368240173102944e-01 1.307104353647543934e-04 1.877715218006447816e-04 1.973028972151959128e-05
6.222171067238640996e-01 1.607768461833977453e-04 1.873121690001672117e-04 2.434489355797215144e-05
6.252973894304179048e-01 1.606534899220725236e-04 2.076753314605127027e-04 2.586830312155557308e-05
6.283776721369717100e-01 6.200228601738481862e-04 6.771072073057371726e-04 9.643001648417288290e-05
6.314579548435254042e-01 9.741234330753842374e-03 6.648079470693970226e-03 1.546872617931447464e-03
6.345382375500792094e-01 9.978972115058925077e-03 6.587493270396861840e-03 1.578009659851786284e-03
6.376185202566330146e-01 5.147385694017328397e-04 4.641223005454065136e-04 7.095464132357500071e-05
6.406988029631868198e-01 7.304172170654296464e-05 9.008010070485475201e-05 9.569830595860576546e-06
6.437790856697405140e-01 8.001960277964424012e-05 1.040326863027798613e-04 1.701390476242018761e-05
6.468593683762943192e-01 1.959842993434878357e-04 2.515225767945961977e-04 4.195258627490120623e-05
6.499396510828481244e-01 6.353760491833523524e-03 7.318323274029587058e-03 1.498743150738190023e-03
6.530199337894019296e-01 3.957512389725898611e-02 4.492695794991295039e-02 9.917463980666882395e-03
6.561002164959557348e-01 1.555922046665838415e-02 1.766739776652352309e-02 3.866261586013379926e-03
6.591804992025094290e-01 1.965838468566063633e-04 2.513075151956519122e-04 2.546741622203579908e-05
6.622607819090632342e-01 9.980787563093522030e-05 1.332211766568055210e-04 1.415920224680648865e-05
6.653410646156170394e-01 1.085202382154185259e-04 1.757942150592696593e-04 1.980404082820820061e-05
6.684213473221708446e-01 2.096639025526946247e-04 3.643784342263521408e-04 2.642836809737841269e-05
6.715016300287246498e-01 6.582365217672961864e-03 9.122457616936764310e-03 6.602610992222594094e-04
6.745819127352783440e-01 1.323468623132356692e-02 1.798109936270609818e-02 1.365778847483888839e-03
6.776621954418321492e-01 1.679076610564946741e-03 2.345214261599950015e-03 1.739278289170168577e-04
6.807424781483859544e-01 7.386864592492542209e-05 1.024789357586846814e-04 1.598269269720523647e-05
6.838227608549397596e-01 6.295941878349855245e-05 8.189792221626460882e-05 1.668591679923159431e-05
6.869030435614935648e-01 1.288970315082373400e-04 1.599151744413158059e-04 1.517389394601961427e-05
6.899833262680472590e-01 9.269869979694299452e-04 8.868903065389337637e-04 1.087630345229936510e-04
6.930636089746010642e-01 1.336143697215284518e-02 1.106242409878221110e-02 1.294614707291346506e-03
6.961438916811548694e-01 1.050091787948320698e-02 8.644602027489067808e-03 9.982535915849385325e-04
6.992241743877086746e-01 3.895485813587162447e-04 4.042873648125273824e-04 4.742715503104264190e-05
7.023044570942624798e-01 6.653088212524309222e-05 1.186319352285564323e-04 2.039008095620272270e-05
7.053847398008161740e-01 1.001315041422548189e-04 1.724100024767794806e-04 2.696142533233691148e-05
7.084650225073699792e-01 9.166926943545089870e-05 1.510622074097146589e-04 2.164340328194783039e-05
7.115453052139237844e-01 2.630540773034261825e-03 4.116392858090623698e-03 4.176323313656278373e-04
7.146255879204775896e-01 1.061289286544069531e-02 1.672237616101096558e-02 1.590184081595027521e-03
7.177058706270313948e-01 2.957640794377498338e-03 4.671372822164023518e-03 4.508387060843745174e-04
7.207861533335850890e-01 3.270387205109098142e-05 6.242122748433147936e-05 3.975641184198611435e-06
7.238664360401388942e-01 2.626493170665415117e-05 5.971299008637207331e-05 7.606889547711184376e-06
7.269467187466926994e-01 5.053470549745433485e-05 9.950723033944781362e-05 1.416251055978758755e-05
7.300270014532465046e-01 1.244246902326985116e-04 2.396064092483310339e-04 4.460645243566436531e-05
7.331072841598001988e-01 4.506971277020647981e-03 8.296329002221868379e-03 1.262071579709073089e-03
7.361875668663540040e-01 6.976492563665348708e-03 1.281044938424208759e-02 1.944987300083603167e-03
7.392678495729078092e-01 6.257399814225408311e-04 1.143055883780786210e-03 2.054666249851629751e-04
7.423481322794616144e-01 1.739342080517268055e-05 4.085549801616181887e-05 1.680899159893286336e-05
7.454284149860154196e-01 4.207654917979257892e-05 7.362544938439926788e-05 2.064180175680598690e-05
7.485086976925691138e-01 3.928836099487129828e-05 6.315332189943730502e-05 9.071906323049050492e-06
7.515889803991229190e-01 2.580301567379234429e-04 3.315956052957643699e-04 8.244682419077124433e-05
7.546692631056767242e-01 2.131217327672611187e-03 2.541503426077649369e-03 7.430234080682515977e-04
7.577495458122305294e-01 1.215004604688652012e-03 1.448424467413559269e-03 4.458494914628956685e-04
7.608298285187843346e-01 2.255621097722354092e-05 3.056418319511632439e-05 2.135971741874905845e-05
7.639101112253380288e-01 5.307194677897066175e-06 1.316580309983466936e-05 7.020781769104423933e-06
7.669903939318918340e-01 1.743007841726515789e-05 1.838724798481123596e-05 1.187032095267512874e-05
7.700706766384456392e-01 4.112512807209726956e-05 6.596646309764071824e-05 1.621227842212066879e-05
7.731509593449994444e-01 2.086498857194654232e-03 6.553189875540434486e-03 8.679273927928522802e-04
7.762312420515532496e-01 6.458895700142617581e-03 2.045927775960859618e-02 2.821055088030718829e-03
7.793115247581069438e-01 1.320071426424014290e-03 4.133079101284769206e-03 5.875234004002970710e-04
7.823918074646607490e-01 7.488665878696343322e-06 1.329578176253078425e-05 1.353390746643384594e-05
7.854720901712146652e-01 8.737013997043961231e-06 1.554718778509032255e-05 1.522996713238860143e-05
7.885523728777683594e-01 9.911637738738183700e-06 2.248735289111494020e-05 1.327588954969526954e-05
7.916326555843220536e-01 1.496650033342983706e-05 4.607225731995825773e-05 1.159949146908796431e-05
7.947129382908759698e-01 5.897937616412420823e-05 2.431492580478202936e-04 1.262115810907114800e-04
7.977932209974296640e-01 5.151747451093548289e-05 2.134662555419255029e-04 1.372953887066189274e-04
8.008735037039834692e-01 6.596904052162411982e-06 1.597320275627763967e-05 1.381763199267010266e-05
8.039537864105371634e-01 7.509384199158319363e-06 1.438365891765214165e-05 1.026007298755825631e-05
8.070340691170910796e-01 2.738570004732252905e-05 6.069443648055976987e-05 2.279303428488018199e-05
8.101143518236447738e-01 4.904210184551387701e-05 1.142654127205035974e-04 2.167221275303634088e-05
8.131946345301985790e-01 4.185929704135810006e-04 1.246249186708705192e-03 3.004412470909150899e-04
8.162749172367524952e-01 2.462957794486802295e-03 7.307919514154398270e-03 2.007240194633622132e-03
8.193551999433061894e-01 1.057280330329186165e-03 3.095927799603291185e-03 8.868834895768173314e-04
8.224354826498598836e-01 2.426194423212006787e-05 5.555539842138061018e-05 1.957204417997814543e-05
8.255157653564137998e-01 1.748047438393723825e-05 3.177813481142369525e-05 8.060104816087762590e-06
8.285960480629674940e-01 2.426630333761920798e-05 4.119006523811608083e-05 1.044286888011259459e-05
8.316763307695212992e-01 3.142572965777190450e-05 4.697540445721644023e-05 1.316356822396913114e-05
8.347566134760749934e-01 1.306600143188540986e-04 2.385775551186492796e-04 3.116197734280518137e-04
8.378368961826289096e-01 1.684375584372165403e-04 3.283852006212044849e-04 6.736908710474085816e-04
8.409171788891826038e-01 2.689244762449233554e-05 4.749931090626933084e-05 1.018445487762579253e-04
8.439974615957364090e-01 6.740260888816959119e-06 1.384621860374470070e-05 7.691286823170013603e-06
8.470777443022903253e-01 1.858718181219514134e-05 4.767988891383589928e-05 8.958144576915929509e-06
8.501580270088440194e-01 4.070394830163224045e-05 9.629335123652431599e-05 1.515848997944709615e-05
8.532383097153977136e-01 1.265718039043550497e-04 2.331456123237813922e-04 6.805896485324293367e-05
8.563185924219515188e-01 1.437214376061638236e-03 2.063525078417490031e-03 1.267680309890548314e-03
8.593988751285054351e-01 1.213795411990933491e-03 1.693137844616296765e-03 1.137506488731990792e-03
8.624791578350591292e-01 5.963045926604036245e-05 8.040434208994691673e-05 5.515748322016958757e-05
8.655594405416128234e-01 9.390571229634879209e-06 1.063308349136846297e-05 5.815015432232343983e-06
8.686397232481667396e-01 1.846117475915788099e-05 2.505045869926819722e-05 1.151348386879413944e-05
8.717200059547204338e-01 3.002047415658520133e-05 3.967440781369976129e-05 1.501884241391425486e-05
8.748002886612742390e-01 4.146716853776164511e-04 5.569053203066141400e-04 4.531744097373662503e-05
8.778805713678279332e-01 1.784763248448815315e-03 2.323495802018175471e-03 1.211745524831468263e-04
8.809608540743818494e-01 5.500079419701709533e-04 7.032950886414067633e-04 4.651830572650802456e-05
8.840411367809355436e-01 7.608250037538527864e-06 1.056360828949856514e-05 7.732669564632347169e-06
8.871214194874893488e-01 8.290912615830635469e-06 1.212854774129943660e-05 1.200952921765590373e-05
8.902017021940432651e-01 2.063773296785559522e-05 2.517173599671115747e-05 1.419580838442923439e-05
8.932819849005969592e-01 5.926739974880359179e-05 7.792342106935209393e-05 2.821966824226095644e-05
8.963622676071506534e-01 7.651111236286937218e-04 1.110795163974132591e-03 5.000879274581050780e-04
8.994425503137045697e-01 1.172448903877755825e-03 1.713414788960372854e-03 8.060507610545699459e-04
9.025228330202583749e-01 1.395497531959913502e-04 1.887580620868779813e-04 1.002457425526578438e-04
9.056031157268120690e-01 1.661571185835741956e-05 1.507257174879725866e-05 1.478859262705419211e-05
9.086833984333657632e-01 2.044964038870560239e-05 2.014866590226160620e-05 2.441626334321783572e-05
9.117636811399196795e-01 2.666795236357085910e-05 3.143264900621735254e-05 2.078696225584399990e-05
9.148439638464733736e-01 4.276411485092168944e-04 5.929883814092851450e-04 1.930910314035114966e-05
9.179242465530271788e-01 4.336946304418201961e-03 6.113963692747630130e-03 6.674435754588630017e-05
9.210045292595810951e-01 2.718069215903831746e-03 3.805518121048490597e-03 3.919588757032559253e-05
9.240848119661347893e-01 5.281395059192379738e-05 6.988136529618979901e-05 6.393221913400119115e-06
9.271650946726884834e-01 1.410036538096886076e-05 1.647886699793378048e-05 8.556496789621053286e-06
9.302453773792422886e-01 2.406465723041248327e-05 3.084868942966467059e-05 1.471221364361240819e-05
9.333256600857962049e-01 3.944206781288439666e-05 4.686770496399751397e-05 1.570049275955210746e-05
9.364059427923498991e-01 1.799004733742075172e-04 2.222982612726168009e-04 4.821060237290632515e-04
9.394862254989035932e-01 3.397544691659948996e-04 4.302580242174095307e-04 1.649456060162001565e-03
9.425665082054575095e-01 8.451167137999226835e-05 1.084704355230745780e-04 3.710297640450637498e-04
9.456467909120113147e-01 1.812199179298242541e-05 2.232499317722474902e-05 1.310240732943249494e-05
9.487270736185650089e-01 2.950615812220060366e-05 3.935658727518505969e-05 1.560019601208702722e-05
9.518073563251189251e-01 3.262047935433779497e-05 4.356786932885816526e-05 2.242783744871874654e-05
9.548876390316726193e-01 1.198341574481007318e-04 1.451247707316596480e-04 1.841683892722945431e-05
9.579679217382263134e-01 2.423459533653993594e-03 2.781246404542447089e-03 3.531570419077584392e-05
9.610482044447801186e-01 2.976365599619184080e-03 3.379256938852236158e-03 3.446137569220649182e-05
9.641284871513340349e-01 1.904933848663522146e-04 2.130859538252392069e-04 1.699842941393536115e-05
9.672087698578877291e-01 1.246076612328198428e-05 1.451651660162515375e-05 3.840269562435499252e-06
9.702890525644414232e-01 1.612318036684354591e-05 2.255150992070001977e-05 8.517496618430301622e-06
9.733693352709953395e-01 2.540262675915063706e-05 3.190317101660973038e-05 1.500186317327850742e-05
9.764496179775491447e-01 1.392652540937226410e-04 5.677831694208063584e-04 1.241233121469290904e-04
9.795299006841028389e-01 8.441117283771914972e-04 4.344730488951839727e-03 9.874190603833910094e-04
9.826101833906565330e-01 4.069515982503907553e-04 2.061619390125325052e-03 4.871153114774334054e-04
9.856904660972104493e-01 1.362239039587006483e-05 2.519731424611154020e-05 2.821054280541927760e-05
9.887707488037642545e-01 1.547848751695495018e-05 1.748345438039731317e-05 1.968501772252976840e-05
9.918510315103179487e-01 2.392541808892972036e-05 3.021271950914729813e-05 2.875297133908140848e-05
9.949313142168718649e-01 3.518799939423523563e-05 4.741109860527623087e-05 2.254736844774631469e-05
9.980115969234255591e-01 6.890732557462580544e-04 7.338615716890856512e-04 5.061174172003203987e-05
1.001091879629979253e+00 1.643567406998527620e-03 1.652790364030481225e-03 8.638949539179368350e-05
1.004172162336533169e+00 2.731372674636022208e-04 2.755592294745821676e-04 2.355697479668554653e-05
1.007252445043086864e+00 4.644411589162643411e-06 5.291666146705480505e-06 4.839889473607758273e-06
1.010332727749640780e+00 2.741051049128934181e-06 3.684781706693452519e-06 9.275306700674751639e-06
1.013413010456194474e+00 1.433654504413761850e-05 1.110360965390399851e-05 1.156973720503369637e-05
1.016493293162748390e+00 1.475572060553918352e-04 2.376014959399990736e-04 5.987168510384170976e-05
1.019573575869302084e+00 2.683684371807248600e-03 4.853458903977127259e-03 7.133104960790491358e-04
1.022653858575855779e+00 2.530824866616915043e-03 4.567018027723172661e-03 6.397770328377616004e-04
1.025734141282409695e+00 1.181824717907529370e-04 1.921437675683864343e-04 3.526388712269692104e-05
1.028814423988963389e+00 7.533555179006408126e-06 8.167286624154911634e-06 8.219879279189914708e-06
1.031894706695517083e+00 1.314472833609504471e-05 1.219119200720659787e-05 1.026567969020800720e-05
1.034974989402070777e+00 1.999459933508045435e-05 2.251985997687503313e-05 9.326181575256378594e-06
1.038055272108624694e+00 5.071127765822067363e-04 8.000740071563331541e-04 2.994681023113131689e-05
1.041135554815178610e+00 2.505154260247487944e-03 3.922677477030612342e-03 9.183209837001434807e-05
1.044215837521732304e+00 8.691860796950505626e-04 1.337386547106681443e-03 3.750808836136125838e-05
1.047296120228286220e+00 7.626820986108954776e-06 8.693472366715208988e-06 1.564328316594616505e-05
1.050376402934839914e+00 3.379982522256815895e-06 3.764241601727409793e-06 1.270560823482639919e-05
1.053456685641393609e+00 1.323216360402121799e-05 1.106391991463095155e-05 1.968361531427416356e-05
1.056536968347947303e+00 5.004693848779010021e-05 4.421288770111721325e-05 1.975379706499387375e-05
1.059617251054501219e+00 1.824576607892082003e-03 1.731568850635784853e-03 3.232702933424646174e-05
1.062697533761054913e+00 3.357943263051933053e-03 3.149552750077291852e-03 2.829335643364008147e-05
1.065777816467608607e+00 3.978328689980510169e-04 3.624131846855845485e-04 1.189017006257546500e-05
1.068858099174162524e+00 7.763895664581582827e-06 7.444177502367283375e-06 8.024297553276072071e-06
1.071938381880716440e+00 1.596215251661427121e-05 1.801685298263111678e-05 1.263333422922079967e-05
1.075018664587270134e+00 1.881769193730116016e-05 2.139670885993047724e-05 9.789478076255279343e-06
1.078098947293824050e+00 2.025202693883825650e-04 2.779317511355263153e-04 2.357333672172803478e-05
1.081179230000377745e+00 2.052109408599452327e-03 2.878804601085794418e-03 1.373485462359906031e-04
1.084259512706931439e+00 1.408431792696215878e-03 1.957987776133090531e-03 9.243594079130260067e-05
1.087339795413485133e+00 3.609302259803495608e-05 4.440002014947981053e-05 6.286666395590489171e-06
1.090420078120039049e+00 5.928969189598818672e-06 5.484588447600700616e-06 8.052437760484169903e-06
1.093500360826592743e+00 1.049724731780779718e-05 8.927525969366192823e-06 1.659402497528637287e-05
1.096580643533146437e+00 2.562285981318109876e-05 2.201245535969323898e-05 1.356495463549686742e-05
1.099660926239700354e+00 7.491718607620872312e-04 5.137935632753453307e-04 1.231133263704807426e-04
1.102741208946254270e+00 2.795143399159741218e-03 1.889468723538795334e-03 4.715202650329324615e-04
1.105821491652807964e+00 7.209945424119654700e-04 4.802266584964924069e-04 1.222049679948223981e-04
1.108901774359361658e+00 5.421580830477164178e-06 3.710180352054686088e-06 6.279665681460104603e-06
1.111982057065915575e+00 9.266120690077232869e-06 9.313247462102591410e-06 9.615428959079832006e-06
1.115062339772469269e+00 1.484460696723950418e-05 1.705379253561634502e-05 1.393118047583790545e-05
1.118142622479022963e+00 3.773487857406060495e-05 3.842557365037823589e-05 2.090797546972440992e-05
1.121222905185576879e+00 5.358777197285390613e-04 5.542699059056939133e-04 4.429850183599646596e-05
1.124303187892130573e+00 6.881052212019002747e-04 7.092158704725273028e-04 4.360268514446455991e-05
1.127383470598684490e+00 5.550507756037858880e-05 5.426886872274276532e-05 1.123702001227013862e-05
1.130463753305238184e+00 3.597773051138865822e-06 3.138124153060396330e-06 8.790051060818486931e-06
1.133544036011792100e+00 4.401151728154620479e-06 3.103741847031210518e-06 1.245897410213596396e-05
1.136624318718345794e+00 1.451861800316565972e-05 1.014863692377756769e-05 1.799517117082886358e-05
1.139704601424899488e+00 2.985118688118791044e-04 2.453125275068572314e-04 9.939252305684260276e-05
1.142784884131453405e+00 2.345030876882405347e-03 1.908451710956850494e-03 6.892501895275893447e-04
1.145865166838007099e+00 1.204211240482886596e-03 9.706984652566824461e-04 3.703106154000221167e-04
1.148945449544560793e+00 1.815694206308519158e-05 1.646371174952670517e-05 1.217663085953400667e-05
1.152025732251114709e+00 2.914820002208552169e-06 2.911516945082445472e-06 3.481003014416451296e-06
1.155106014957668403e+00 6.827899591640645098e-06 6.180798021856042511e-06 4.516139063225008143e-06
1.158186297664222320e+00 1.028297208533312950e-05 6.878615674948745073e-06 6.826728375693349321e-06
1.161266580370776014e+00 9.959878706777780478e-05 7.516583362437122273e-05 2.515191480436079668e-05
1.164346863077329930e+00 2.010634316799608703e-04 1.604121468897885491e-04 5.853004871284551508e-05
1.167427145783883624e+00 3.978517161048345928e-05 3.138874733408797689e-05 1.811733255814058788e-05
1.170507428490437318e+00 1.755495436139713562e-06 1.189223699964137663e-06 5.153701519281189100e-06
1.173587711196991235e+00 4.503348261449168218e-06 4.677953180743454296e-06 6.359907996975957795e-06
1.176667993903544929e+00 1.143252804915352792e-05 9.878831158710437791e-06 1.250781151263497588e-05
1.179748276610098623e+00 6.355748733506440794e-05 5.600429805246936408e-05 2.063014140464954288e-05
1.182828559316652317e+00 7.578873772846726363e-04 6.249174094348294720e-04 1.829139585464894580e-04
1.185908842023206233e+00 7.132862287009246677e-04 5.779331560159774650e-04 1.883395017644771496e-04
1.188989124729760150e+00 3.930567838137740978e-05 3.521482322495092060e-05 1.419833832086280063e-05
1.192069407436313844e+00 4.045465396273811767e-06 4.028465502813216066e-06 5.192431676150348097e-06
1.195149690142867760e+00 7.089248193573690802e-06 4.564191724661810039e-06 8.253398232442348537e-06
1.198229972849421454e+00 7.484647138317034252e-06 3.582286720245355896e-06 1.392134194334048715e-05
1.201310255555975148e+00 3.327692080190376489e-05 1.672582014160867546e-05 2.046089576824722345e-05
1.204390538262529065e+00 6.958310862071597912e-05 3.760306305346175634e-05 4.494994971557210103e-05
1.207470820969082759e+00 2.409701751768757706e-05 1.356236364316847092e-05 2.549645407346404818e-05
1.210551103675636453e+00 2.470309791191833831e-06 1.053985446972123753e-06 6.665372012144640479e-06
1.213631386382190369e+00 4.594329200623391940e-06 3.804063720817112600e-06 4.393294839774662828e-06
1.216711669088744063e+00 1.192696738227660534e-05 9.591666252287399949e-06 3.535707837153786702e-06
1.219791951795297980e+00 2.572720682628125974e-05 2.145834998576449761e-05 5.974862722152962552e-06
1.222872234501851674e+00 1.496334602028072944e-04 9.174763595314688826e-05 8.702124831841516613e-05
1.225952517208405590e+00 2.073544137907533782e-04 1.106043596671715340e-04 1.708808532723656232e-04
1.229032799914959284e+00 3.509850258782099225e-05 2.463033511635488924e-05 2.918640880723541000e-05
1.232113082621512978e+00 4.131173402723609460e-06 3.128259070531211362e-06 3.049857899782192227e-06
1.235193365328066673e+00 6.823004101332864564e-06 3.022832185508817623e-06 4.095102542656184657e-06
1.238273648034620589e+00 8.775762592446413197e-06 3.690058428428897685e-06 9.801185719219547381e-06
1.241353930741174283e+00 3.421764357160301352e-05 1.845122339930372517e-05 1.084930838943350413e-05
1.244434213447728199e+00 2.655154741150491629e-04 1.646269180777429439e-04 4.216414579225503668e-05
1.247514496154282115e+00 1.872255714924100467e-04 1.176942694745206617e-04 3.829873918498473808e-05
1.250594778860835810e+00 9.022320743098946540e-06 5.282966300553014480e-06 1.332304428538993309e-05
1.253675061567389504e+00 3.019248071526125440e-06 2.018592208703893843e-06 1.368262933336152010e-05
1.256755344273943420e+00 8.225459417368424518e-06 4.614572688549160118e-06 1.390904467844110746e-05
1.259835626980497114e+00 1.564713164576768628e-05 8.483864046685352583e-06 1.455934353530526532e-05
1.262915909687050808e+00 1.910842251762409096e-04 9.605445284034601718e-05 9.890882154543913620e-05
1.265996192393604503e+00 6.853766111471992729e-04 3.338178729781240126e-04 4.126966053862425945e-04
1.269076475100158419e+00 2.027468685327930354e-04 1.039174630097114101e-04 1.289435928675302853e-04
1.272156757806712113e+00 4.529942897886983783e-06 2.490172181682515949e-06 6.040826611270743822e-06
1.275237040513266029e+00 4.045557863510361915e-06 8.928446324494274900e-07 4.665713691723299085e-06
1.278317323219819945e+00 7.279102965388649171e-06 1.998622453782953466e-06 6.021570144292605189e-06
1.281397605926373640e+00 2.765335676382035414e-05 1.483011127297907005e-05 1.614998232139901529e-05
1.284477888632927334e+00 6.834807650773812044e-04 4.544367618447230604e-04 4.051721088425431220e-05
1.287558171339481028e+00 9.813236631352941636e-04 6.574490402534916749e-04 3.622371653849597230e-05
1.290638454046034944e+00 8.664390279613852313e-05 5.709201689008158617e-05 1.060839025765294770e-05
1.293718736752588638e+00 2.747170874517607166e-06 1.553072900505341505e-06 6.962583351678859962e-06
1.296799019459142333e+00 4.389498508854641162e-06 1.967517475166631476e-06 6.115225566733847438e-06
1.299879302165696249e+00 9.190329934703981232e-06 2.969379208100467283e-06 8.827070690924902305e-06
1.302959584872249943e+00 1.010709250167541863e-04 4.638148150903141333e-05 4.462720420843235467e-05
1.306039867578803859e+00 8.365587350644942402e-04 4.145742818111510940e-04 2.467644248276087580e-04
1.309120150285357775e+00 4.876816678049493686e-04 2.457081437274351993e-04 1.640073149275536298e-04
1.312200432991911470e+00 1.141789135100351948e-05 5.022216816530698302e-06 1.405300190181254005e-05
1.315280715698465164e+00 3.215850260064770046e-06 1.241831499272974084e-06 5.153520107073720736e-06
1.318360998405018858e+00 6.547947311314894463e-06 2.342361991742146222e-06 5.776627446175419384e-06
1.321441281111572774e+00 1.330490147335825854e-05 6.308859489183549254e-06 2.634916702857787330e-05
1.324521563818126468e+00 5.150284082160707039e-04 3.128746847860727764e-04 1.004786284134089790e-04
1.327601846524680163e+00 1.467873793797724999e-03 8.975409930824103074e-04 1.393206741375200457e-04
1.330682129231234079e+00 2.926892728813527706e-04 1.777443641167442134e-04 4.336353287497487011e-05
1.333762411937787773e+00 2.633888534479126316e-06 1.077068561393908877e-06 8.802411960285015544e-06
1.336842694644341689e+00 1.921291939021687233e-06 8.180162478942351356e-07 5.888789244738505795e-06
1.339922977350895383e+00 5.303422737209494661e-06 1.694408752346804104e-06 1.029904368344030059e-05
1.343003260057449300e+00 3.293065704836531230e-05 1.652617104163399203e-05 4.025333348774124244e-05
1.346083542764002994e+00 8.093454131898953274e-04 5.318643409656485669e-04 3.365111393022811944e-04
1.349163825470556688e+00 9.359694162954330585e-04 6.210983918616772709e-04 3.662194935820632267e-04
1.352244108177110604e+00 5.413583150314171344e-05 3.478912865116756112e-05 2.421728987257217911e-05
1.355324390883664298e+00 2.731562253319838373e-06 1.699698453286875242e-06 6.308877721607656177e-06
1.358404673590217993e+00 6.252713896162254120e-06 2.986578115410728649e-06 4.062535598362331287e-06
1.361484956296771909e+00 1.020128171758442533e-05 4.949451676989177190e-06 1.060069117011854813e-05
1.364565239003325825e+00 1.836177951552084287e-04 1.048539177110365380e-04 5.863588837053245465e-05
1.367645521709879519e+00 1.065522826956643524e-03 6.104703285987621341e-04 1.916910123836095101e-04
1.370725804416433213e+00 4.413078716048321947e-04 2.509726487641573815e-04 7.362327346678176779e-05
1.373806087122987130e+00 4.660594995346021912e-06 2.229967917929593054e-06 6.616576916432778788e-06
1.376886369829540824e+00 1.032934504202533736e-06 6.748692102703358594e-07 5.201309646155519609e-06
1.379966652536094518e+00 2.122864925037777421e-06 7.848121219010027258e-07 8.725290170301922189e-06
1.383046935242648434e+00 7.629593543668666182e-06 2.153784179785993555e-06 1.705356999147764925e-05
1.386127217949202128e+00 6.446858436016108607e-04 3.978335136036061483e-04 1.219690555547239043e-04
1.389207500655755823e+00 1.489772248716501272e-03 9.299154188311944610e-04 2.498558416914539466e-04
1.392287783362309739e+00 2.148797513801099736e-04 1.331062626995025008e-04 3.712605211830480599e-05
1.395368066068863655e+00 2.051077900658950578e-06 1.640377317314511787e-06 2.215919891558374370e-06
1.398448348775417349e+00 4.264759120192417257e-06 2.268715768755884582e-06 2.745508174745334379e-06
1.401528631481971043e+00 7.798104901413177402e-06 3.413652615209795855e-06 3.175334938172757675e-06
1.404608914188524960e+00 4.787172148224850003e-05 2.466211089273477215e-05 2.228925265125265772e-05
1.407689196895078654e+00 5.393539622324982274e-04 2.903017473645975338e-04 1.530662944330016761e-04
1.410769479601632348e+00 4.356918920868893715e-04 2.325194522529418163e-04 1.403718574689808850e-04
1.413849762308186042e+00 1.584291883232505661e-05 8.348027258914211913e-06 1.441525692695535459e-05
1.416930045014739958e+00 1.088035303981990762e-06 7.842423409967412609e-07 5.723771071225420807e-06
1.420010327721293653e+00 1.350743859411997255e-06 9.546256344260079784e-07 6.468543219737488038e-06
1.423090610427847569e+00 5.819877755162047410e-06 1.974451018281598104e-06 6.934870300160740307e-06
1.426170893134401485e+00 2.779633247562618079e-04 1.377975983617813155e-04 6.667462651506304719e-05
1.429251175840955179e+00 1.312113734218647420e-03 6.777162934739517112e-04 2.917718824318350367e-04
1.432331458547508873e+00 4.124161501339264802e-04 2.128725749403823488e-04 9.049481618457739347e-05
1.435411741254062790e+00 3.830696356469736871e-06 2.194405470738538455e-06 4.018803803303504497e-06
1.438492023960616484e+00 3.192048793820649103e-06 1.660971169786466474e-06 5.083627164535581245e-06
1.441572306667170178e+00 6.419053164797620453e-06 2.438693932860276365e-06 5.148385077763704905e-06
1.444652589373723872e+00 1.419894142253754853e-05 5.323166833590776245e-06 1.382039804962900738e-05
1.447732872080277788e+00 2.032284005784057456e-04 9.546322888001540833e-05 6.428864179531526210e-05
1.450813154786831705e+00 2.977627261552853429e-04 1.412654751760997315e-04 7.949429960521508945e-05
1.453893437493385399e+00 3.015827086648607551e-05 1.400236891771862167e-05 1.365930835552730062e-05
1.456973720199939315e+00 8.261003359585130345e-07 4.412535619452406578e-07 4.482183094520161158e-06
1.460054002906493009e+00 1.553101246569843186e-06 9.828906444667656472e-07 4.759043416042693459e-06
1.463134285613046703e+00 5.911820804392047041e-06 2.152282356076823423e-06 8.045719624202712702e-06
1.466214568319600398e+00 6.942694641525864454e-05 2.436147442337247734e-05 2.450881212727246459e-05
1.469294851026154314e+00 6.402821019998991342e-04 2.586650752380792125e-04 1.334543536146365144e-04
1.472375133732708008e+00 3.985137114185754417e-04 1.643935101498296165e-04 8.885553760413896971e-05
1.475455416439261702e+00 1.257695566503466952e-05 5.504246649755629501e-06 7.362142460802561669e-06
1.478535699145815618e+00 2.225933171436033810e-06 1.090635174241370185e-06 4.297584724237473532e-06
1.481615981852369535e+00 5.240014568961988158e-06 1.594799659321607922e-06 4.643611281801316511e-06
1.484696264558923229e+00 6.297310279839509130e-06 1.557974628005716017e-06 5.711290290306073652e-06
1.487776547265477145e+00 4.882026713224263994e-05 1.779248160634487697e-05 4.278292222273759321e-05
1.490856829972030839e+00 1.030948678236591655e-04 4.230947366454795719e-05 1.013099547502783912e-04
1.493937112678584533e+00 2.350795635976233881e-05 9.218734001968245399e-06 3.092719946624958554e-05
1.497017395385138228e+00 8.120390477876621793e-07 2.581446120484056120e-07 4.159691148615703838e-06
1.500097678091692144e+00 1.521529647004972755e-06 8.246374471822867921e-07 6.190203256931356342e-06
1.503177960798245838e+00 3.625542913414957606e-06 1.131381309344913875e-06 7.905470764729942700e-06
1.506258243504799532e+00 1.789063080566879785e-05 3.862055596162478826e-06 2.038758481215506866e-05
1.509338526211353448e+00 1.928045134224362991e-04 5.289283585902727116e-05 1.380873466784988230e-04
1.512418808917907365e+00 2.136628637616187776e-04 6.387583204774071840e-05 1.436718144206730727e-04
1.515499091624461059e+00 1.921280150535016251e-05 6.624958157646071664e-06 1.308963937672955086e-05
1.518579374331014753e+00 1.192304683560863868e-06 6.964643286176867139e-07 3.665000645359917183e-06
1.521659657037568669e+00 2.469976667310123140e-06 7.421049916226580032e-07 4.687239537295720746e-06
1.524739939744122363e+00 3.202981786568293752e-06 5.885025632538551807e-07 3.150208847947386806e-06
1.527820222450676058e+00 1.520568794489699969e-05 2.357582072920522655e-06 1.653214664937832705e-05
1.530900505157229974e+00 4.153348298349035701e-05 5.615421202905286890e-06 5.865841986808833570e-05
1.533980787863783668e+00 1.710950764215336868e-05 2.116910353375079932e-06 2.523211614847219622e-05
1.537061070570337584e+00 1.239790070424018925e-06 3.466866623216844828e-07 2.355200364006315018e-06
1.540141353276891278e+00 1.516355917145514191e-06 8.451976433887330633e-07 3.079075854046928334e-06
1.543221635983445195e+00 2.275247840008524693e-06 8.049007083699560807e-07 4.473829070429450834e-06
1.546301918689998889e+00 7.398519605003196115e-06 1.385941963691358464e-06 9.331641827531444509e-06
1.549382201396552583e+00 4.176568166632269665e-05 1.023092903489725928e-05 6.611176805950784430e-05
1.552462484103106499e+00 5.798712286069158326e-05 2.118945759224934327e-05 1.207522439574656097e-04
1.555542766809660193e+00 1.328282206003051192e-05 5.675975127787047383e-06 2.645247015750375638e-05
1.558623049516213888e+00 1.327996972618575940e-06 7.494700025031556836e-07 3.985268777304465478e-06
1.561703332222767804e+00 1.071582538400870001e-06 5.441954050860832937e-07 3.742475114083350473e-06
1.564783614929321498e+00 1.801742889121913330e-06 4.069142223960926153e-07 4.051179521759616606e-06
1.567863897635875414e+00 7.890653638567815591e-06 8.737012232286003069e-07 1.392914437215532868e-05
1.570944180342429330e+00 6.686638921202618104e-05 7.973253054855783352e-06 4.140212845856143639e-05
1.574024463048983025e+00 5.607196723417519845e-05 7.011623495938132314e-06 2.678250702830603077e-05
1.577104745755536719e+00 3.325675927386928681e-06 5.295926368976695820e-07 7.402788900428548329e-06
1.580185028462090413e+00 1.155340275375725670e-06 6.250122475834959118e-07 3.367213625512428154e-06
1.583265311168644107e+00 1.826049171241259686e-06 6.325327360509776576e-07 3.465419857221122003e-06
1.586345593875197801e+00 3.506619731247032202e-06 6.246473818198456784e-07 4.150804021366286910e-06
1.589425876581751940e+00 3.002921565812378141e-05 1.028092131836995492e-05 2.048718663149490824e-05
1.592506159288305634e+00 1.143558783610876657e-04 4.987490216149397828e-05 7.576567759464600510e-05
1.595586441994859328e+00 4.260803699899437931e-05 1.902397446984814078e-05 2.843851614272129008e-05
1.598666724701413244e+00 1.645763211650239072e-06 8.217328076770752620e-07 3.682748382555881756e-06
1.601747007407966938e+00 9.195114941063782585e-07 5.116389981556164819e-07 5.870349223777034019e-06
1.604827290114520633e+00 1.446010295707549041e-06 4.225905157023299575e-07 6.804824297358920887e-06
1.607907572821074327e+00 3.555130399875078959e-06 5.038196942146200661e-07 1.643822933386624281e-05
1.610987855527628465e+00 7.146149536104021767e-05 1.177951398681226241e-05 4.899428485003500384e-05
1.614068138234182159e+00 1.200208549640388350e-04 2.076310525755356928e-05 5.930954932685995087e-05
1.617148420940735853e+00 1.415871450785964428e-05 2.482220952990360147e-06 8.869664317128162032e-06
1.620228703647289548e+00 9.459326299938263063e-07 3.758072295257746668e-07 1.772692983440753854e-06
1.623308986353843242e+00 1.319321231837133094e-06 4.444438066503942124e-07 3.140808842509018685e-06
1.626389269060397158e+00 1.860842215696430244e-06 3.609571193369268389e-07 5.295083582707831846e-06
1.629469551766950852e+00 1.638064530137569154e-05 4.721223285406047562e-06 7.358587953394162517e-06
1.632549834473504990e+00 1.769984352057963836e-04 5.696323722212335010e-05 4.601458618886311233e-05
1.635630117180058685e+00 1.277239980584578976e-04 4.043322699140687609e-05 3.841872374227891379e-05
1.638710399886612379e+00 4.258764119398596512e-06 1.385189815613330941e-06 5.659701256767384427e-06
1.641790682593166073e+00 8.323763366938220410e-07 3.775197250767472367e-07 6.900142683621400467e-06
1.644870965299719767e+00 1.182340727619007365e-06 4.087300918488761377e-07 7.456944557667485972e-06
1.647951248006273461e+00 2.326105066196897902e-06 3.108464556055016735e-07 7.079500035382564931e-06
1.651031530712827600e+00 6.717341287088174513e-05 1.078673093972716433e-05 4.017816388006248179e-05
1.654111813419381294e+00 2.244903786577725775e-04 3.734444926962758382e-05 1.067644616160264194e-04
1.657192096125934988e+00 5.597481116777016405e-05 9.452002715922972934e-06 3.028553095020464889e-05
1.660272378832488904e+00 8.447568279382863805e-07 2.242682190834315878e-07 2.192207183488919129e-06
1.663352661539042598e+00 8.433912731051243549e-07 3.666356979657374292e-07 2.441763825861416017e-06
1.666432944245596293e+00 9.302586679587720532e-07 3.101419374846146362e-07 2.920634923108747369e-06
1.669513226952149987e+00 4.195644994954161080e-06 8.267205545934154855e-07 8.916055688287488325e-06
1.672593509658704125e+00 1.207126170832373925e-04 2.764909462854487395e-05 3.901914690954119474e-04
1.675673792365257819e+00 1.701635970196758605e-04 3.773880850324834950e-05 5.959446754862418637e-04
1.678754075071811513e+00 1.390630687508352317e-05 3.060154744900856907e-06 5.073246372443286449e-05
1.681834357778365208e+00 7.855055377315124838e-07 3.841870110649384273e-07 3.864685679530997187e-06
1.684914640484919124e+00 1.290388320142504767e-06 4.630846605752395079e-07 4.623144672793160055e-06
1.687994923191472818e+00 2.130218299939717777e-06 2.689815493122628497e-07 6.526199665709447939e-06
1.691075205898026512e+00 4.291141335581445090e-05 6.328386214841191399e-06 4.055603533788082438e-05
1.694155488604580651e+00 2.929109677830611679e-04 4.463094778176883009e-05 2.187969871554232379e-04
1.697235771311134345e+00 1.459739796781431677e-04 2.237173049000945447e-05 1.258787576308637837e-04
1.700316054017688039e+00 2.477529548226410668e-06 4.263903229406676736e-07 6.890587483358483141e-06
1.703396336724241733e+00 4.347399135314098786e-07 2.671368603769127078e-07 2.888309968234778154e-06
1.706476619430795427e+00 5.894188682112019112e-07 3.776134040283290344e-07 2.974769088441770009e-06
1.709556902137349121e+00 1.267020241100570710e-06 2.709783468717003903e-07 6.396869956778446544e-06
1.712637184843903038e+00 5.954478355502188235e-05 7.377692863621689731e-06 1.367691169882766960e-04
1.715717467550456954e+00 1.655607032253172863e-04 1.925162852802516766e-05 3.833071901172598744e-04
1.718797750257010870e+00 3.072231514495624139e-05 3.595375870852653698e-06 7.299849216442387469e-05
1.721878032963564564e+00 5.172885774091809388e-07 3.184315765844250721e-07 3.788988106386284619e-06
1.724958315670118258e+00 1.241388439590196017e-06 3.914468568978014601e-07 2.934502489957884204e-06
1.728038598376671953e+00 1.999814568994308907e-06 2.278252857993621366e-07 6.647125183419422593e-06
1.731118881083225647e+00 1.520030546866873834e-05 2.112542924795693389e-06 2.020913703610034150e-05
1.734199163789779341e+00 2.192740264814248697e-04 3.208851642647126329e-05 1.482971671652205019e-04
1.737279446496333479e+00 2.105062203118454882e-04 3.039052813069774593e-05 1.397026456649719662e-04
1.740359729202887173e+00 1.089282759567179746e-05 1.637330584673318519e-06 1.766464293563423183e-05
1.743440011909440868e+00 4.056671212170848475e-07 1.364446694132564088e-07 6.684597539136567958e-06
1.746520294615994784e+00 5.299862983308001025e-07 3.685253979858494285e-07 8.089095182618973428e-06
1.749600577322548478e+00 1.055964271278303073e-06 2.834306105383299170e-07 1.148160564115956569e-05
1.752680860029102172e+00 2.722131106069391188e-05 1.338017013939036955e-06 1.459208005128339030e-04
1.755761142735655866e+00 1.559028515782813604e-04 6.001021160839216009e-06 8.139282966916418531e-04
1.758841425442210005e+00 5.934303661701996729e-05 2.288753038160185484e-06 3.522719631686876312e-04
1.761921708148763699e+00 6.968373081457988949e-07 2.402302018596422129e-07 1.081390521377476334e-05
1.765001990855317393e+00 8.529911155378376369e-07 3.042712872514833086e-07 4.068847277247570986e-06
1.768082273561871087e+00 1.591831970368922533e-06 2.131103331134175767e-07 5.557441611974285883e-06
1.771162556268425003e+00 3.710226916073895453e-06 4.832436109714766959e-07 1.026619071258692548e-05
1.774242838974978698e+00 9.995799145163748246e-05 1.534657923899648092e-05 8.898601769458356909e-05
1.777323121681532614e+00 1.822107988920464074e-04 2.655656977924835741e-05 1.686589398290947535e-04
1.780403404388086530e+00 2.356257924535794970e-05 3.503369687305268172e-06 2.732377482211461326e-05
1.783483687094640224e+00 3.620045676327337528e-07 7.973880953499962044e-08 6.962667249099891810e-06
1.786563969801193918e+00 6.838050277923285350e-07 3.206870902469475593e-07 7.926619619224300006e-06
1.789644252507747613e+00 1.094890098454452834e-06 2.886197541800205548e-07 1.105940276972312360e-05
1.792724535214301307e+00 1.020500242770891251e-05 5.208743940765668378e-07 9.024438135265381330e-05
1.795804817920855001e+00 1.193362726394267114e-04 4.061380596015733750e-06 1.342360717166639350e-03
1.798885100627409139e+00 8.801554191877813884e-05 2.854763752216734535e-06 1.063807078601884063e-03
1.801965383333962833e+00 2.848678182697414515e-06 1.954404228229766067e-07 3.702880944574499483e-05
1.805045666040516750e+00 6.077429597116885186e-07 2.337076999914181676e-07 4.548838270526896513e-06
1.808125948747070444e+00 1.156863081480963205e-06 2.209099532816897260e-07 4.270103142216058368e-06
1.811206231453624138e+00 1.219474273386938086e-06 1.813837728044806837e-07 1.123767516986175525e-05
1.814286514160177832e+00 2.919211716303668933e-05 5.816299924390524380e-06 6.424252689279705123e-05
1.817366796866731526e+00 9.938742352255737250e-05 1.752986263300915383e-05 1.509475902934738945e-04
1.820447079573285665e+00 2.736344184574335495e-05 4.735256696541600322e-06 3.738064414683080281e-05
1.823527362279839359e+00 3.519213152435384329e-07 1.112146608201519905e-07 5.924990674254812784e-06
1.826607644986393053e+00 6.661311131640503342e-07 2.233913686247489793e-07 6.257597279422793107e-06
1.829687927692946747e+00 9.919106774746260845e-07 2.376081389911056450e-07 8.626214600252785243e-06
1.832768210399500663e+00 3.559239245937785018e-06 2.417650649073892479e-07 3.331521542704795404e-05
1.835848493106054358e+00 5.833282086846940600e-05 3.543529092828311516e-06 1.050317447554951914e-03
1.838928775812608052e+00 7.992324714661160740e-05 4.364008154947965175e-06 1.571029183621721823e-03
1.842009058519162190e+00 7.290456700330347895e-06 4.287959689177253774e-07 1.429013220055827538e-04
1.845089341225715884e+00 3.802242059728545628e-07 1.464107013758251047e-07 5.418255563130636328e-06
1.848169623932269579e+00 6.986083583870125362e-07 2.090789558459371360e-07 4.158742557914225311e-06
1.851249906638823273e+00 7.617284212614347292e-07 1.889325629867408554e-07 5.380626214982042591e-06
1.854330189345376967e+00 5.250635265135738394e-06 1.742323639524015999e-06 2.885115559633985786e-05
1.857410472051930883e+00 2.878753585573196291e-05 7.828720228202913737e-06 2.635544083641538438e-04
1.860490754758484577e+00 1.525251798939413376e-05 3.765982429998616826e-06 1.657336903779330919e-04
1.863571037465038494e+00 6.729879626566894093e-07 2.115796869545484723e-07 6.159991338051875707e-06
1.866651320171592410e+00 5.491705645316968957e-07 1.742089896309194075e-07 2.765434225636131254e-06
1.869731602878146104e+00 7.168251513696616226e-07 1.860543237297228413e-07 4.251622260335973020e-06
1.872811885584699798e+00 1.774886670341505338e-06 1.059189354279119256e-07 9.679894254488759158e-06
1.875892168291253492e+00 2.080550973369052725e-05 2.012219106813773393e-06 1.475573860182238795e-04
1.878972450997807186e+00 5.069554847365461775e-05 3.696362987838621886e-06 4.554731713097587720e-04
1.882052733704361325e+00 1.071757253711013663e-05 7.399649259345321272e-07 1.169435160356430175e-04
1.885133016410915019e+00 2.663262483058677513e-07 9.851454926342465012e-08 8.304308988393599528e-06
1.888213299117468713e+00 2.755990172555176402e-07 1.719756315182869293e-07 8.234197769062797046e-06
1.891293581824022629e+00 5.391979158996577456e-07 2.322244001191355254e-07 8.143632719323262549e-06
1.894373864530576324e+00 1.386905217591908301e-06 5.553420229328676376e-07 1.327054663136406461e-05
1.897454147237130018e+00 1.586381829045542221e-05 2.971847604004428252e-06 3.028063942973417260e-05
1.900534429943683712e+00 1.648035501478079865e-05 2.163838213633491238e-06 3.486517734684794025e-05
1.903614712650237850e+00 1.400806051231427219e-06 2.766730315279202048e-07 7.411854776726853782e-06
1.906694995356791544e+00 4.862278484772802050e-07 1.716254331658747654e-07 3.962463490147119546e-06
1.909775278063345239e+00 5.439254192300301996e-07 1.858421939392976416e-07 5.439333487407559841e-06
1.912855560769898933e+00 8.626348622395767548e-07 7.315067517967375704e-08 9.660488345015085288e-06
1.915935843476452627e+00 6.914055072758727305e-06 1.151462604164222309e-06 6.420573102333930070e-05
1.919016126183006543e+00 3.103922705022311074e-05 2.596836315021956766e-06 4.212129998882460039e-04
1.922096408889560237e+00 1.379162195685895222e-05 8.511443922908055557e-07 1.885718393284141513e-04
1.925176691596114376e+00 4.475605535914633736e-07 1.218424989106170835e-07 1.153336923722692741e-05
1.928256974302668070e+00 1.477852920830634356e-07 1.006853062851236411e-07 5.204045386041386620e-06
1.931337257009221764e+00 3.338084884125355025e-07 2.225580476685681463e-07 6.546549105258387039e-06
1.934417539715775458e+00 6.221825472288995943e-07 2.268926590717456488e-07 1.105678722894809287e-05
1.937497822422329152e+00 2.369877675478084257e-05 1.915474044566503249e-06 1.961693060034259454e-05
1.940578105128882846e+00 5.001574685663629719e-05 2.388341340962487880e-06 1.495471278478523506e-05
1.943658387835436763e+00 7.463753289569264454e-06 4.874812948216234449e-07 9.812206399804709962e-06
1.946738670541990679e+00 3.992316119817598137e-07 1.454888687460776158e-07 4.756988226773477247e-06
1.949818953248544373e+00 4.194250667426322056e-07 1.853520991036204979e-07 3.825465199370116675e-06
1.952899235955098289e+00 4.213594895229169629e-07 8.971856086214094744e-08 4.827383006785701956e-06
1.955979518661651984e+00 2.491087673114814287e-06 7.773838105347870564e-07 1.792673781644380269e-05
1.959059801368205678e+00 3.263222043226288546e-05 4.499639879563489100e-06 2.514158330411503340e-04
1.962140084074759372e+00 2.948856751152910296e-05 3.012638600305454070e-06 2.287006079670717083e-04
1.965220366781313066e+00 1.442019191985114321e-06 2.550003126735327143e-07 1.073067324224884276e-05
1.968300649487867204e+00 1.803447826282136796e-07 5.704844725149956281e-08 2.859596267931016497e-06
1.971380932194420899e+00 2.677704682771400998e-07 1.675556516576443737e-07 5.803790341378992853e-06
1.974461214900974593e+00 4.311446954186479060e-07 1.025197300658845197e-07 4.884532088034231912e-06
1.977541497607528509e+00 1.735207044713767875e-05 1.494302740940719046e-06 1.077729156668103676e-05
1.980621780314082203e+00 7.407730960527672114e-05 3.955472572741998004e-06 2.932410627370514683e-05
1.983702063020635897e+00 2.293971965905300752e-05 1.313780697064693825e-06 1.449264697369244010e-05
1.986782345727189591e+00 3.560381539610028986e-07 1.546621724691275574e-07 3.644809756051756307e-06
1.989862628433743730e+00 3.136973108696952536e-07 2.038037899482569764e-07 5.630625923344058056e-06
1.992942911140297424e+00 2.179525733932403719e-07 1.300934535503226274e-07 1.065381769370829073e-05
1.996023193846851118e+00 6.097955580309921426e-07 3.158157789590355473e-07 1.680279799564824862e-05
1.999103476553404812e+00 3.461580030808981821e-05 4.533691615758423212e-06 1.786144083002298699e-04
2.002183759259958507e+00 6.172167302469673815e-05 6.152751621597863315e-06 2.941687354363975242e-04
2.005264041966512423e+00 6.504374257808737780e-06 7.289124261529287208e-07 3.446245436044326801e-05
2.008344324673066339e+00 2.344115015405676502e-07 7.722420929105384255e-08 2.390924737442219493e-06
2.011424607379620255e+00 2.863338229751278781e-07 1.195614836383974822e-07 4.490179360408840249e-06
2.014504890086173727e+00 4.470141531925465842e-07 8.796461848021905399e-08 7.633313550356957960e-06
2.017585172792727644e+00 7.409490183521888788e-06 1.200092622627152806e-06 2.768366499646668152e-05
2.020665455499281560e+00 6.632924575887534874e-05 7.793253976155017522e-06 1.711453515185663052e-04
2.023745738205835032e+00 4.045651067900982216e-05 4.638332581879303681e-06 1.120172223778947800e-04
2.026826020912388948e+00 9.871393583007124566e-07 2.798596967490037348e-07 3.789578053950359116e-06
2.029906303618942864e+00 2.278025291401081736e-07 1.821050433881342652e-07 1.198768808582684126e-06
2.032986586325496781e+00 1.708827317055330883e-07 1.681168495325357325e-07 2.791317001359821724e-06
2.036066869032050253e+00 2.049940377848701168e-07 1.068972822838973047e-07 4.243612722215240072e-06
2.039147151738604169e+00 1.892258509896985001e-05 2.368839387517979627e-06 4.023916015419169218e-05
2.042227434445157641e+00 6.886040116614187880e-05 6.072911820564708409e-06 1.064830850999280032e-04
2.045307717151711557e+00 1.603872092684366870e-05 1.423053023921904024e-06 2.537852480128601577e-05
2.048387999858265474e+00 1.984876528497224673e-07 8.375671570874805425e-08 1.354152160803802701e-06
2.051468282564819390e+00 2.810292106498809090e-07 9.041477597865467778e-08 1.997751321885288852e-06
2.054548565271373306e+00 3.929666951161199383e-07 1.114957646918537308e-07 3.432250597528294437e-06
2.057628847977926778e+00 2.168018128303409259e-06 7.286553278574511917e-07 8.140784320415682190e-06
2.060709130684480694e+00 3.926447785309815071e-05 1.152758077577909900e-05 1.701173803766638191e-05
2.063789413391034167e+00 4.535251857910295393e-05 1.283367470317685526e-05 1.374099361172133160e-05
2.066869696097588083e+00 3.087170493402388366e-06 1.077938215978683797e-06 2.963839767359173996e-06
2.069949978804141555e+00 1.225503070357489171e-07 1.154370285911227200e-07 3.607708662487955002e-06
2.073030261510695915e+00 1.634853539230175146e-07 1.732395721032388810e-07 4.592637273061626600e-06
2.076110544217249387e+00 2.552496716112237231e-07 7.351219032028740808e-08 8.077665544878258100e-06
2.079190826923803304e+00 5.605994722615356205e-06 1.116537872085982289e-06 2.256414555026060962e-04
2.082271109630357220e+00 4.447808283578100327e-05 5.918471735500163450e-06 1.690903966688594301e-03
2.085351392336910692e+00 2.116730768419631016e-05 2.695178538650737629e-06 8.172992408902915017e-04
2.088431675043464608e+00 3.359411306952796879e-07 9.545844831598232306e-08 1.187276307616907662e-05
2.091511957750018080e+00 2.013155516715807263e-07 9.558742145924481247e-08 5.605105042398386909e-06
2.094592240456572441e+00 3.121775390946547141e-07 1.488700686433244525e-07 3.803584482276732998e-06
2.097672523163125913e+00 6.002065645572053537e-07 3.070822909422286141e-07 5.329109205794600523e-06
2.100752805869679829e+00 1.470914901708381111e-05 9.833912274994274631e-06 2.240556563711983484e-05
2.103833088576233301e+00 3.140438800208490813e-05 2.064078835080626875e-05 3.045783280086557829e-05
2.106913371282787217e+00 5.079265244099133705e-06 3.505634518008134067e-06 8.841981901047242940e-06
2.109993653989341134e+00 8.534660632667846909e-08 1.025496780739330839e-07 2.725259486947905017e-06
2.113073936695894606e+00 1.587606568628008602e-07 1.684759049188882892e-07 3.582601384354361054e-06
2.116154219402448966e+00 1.839650989279241749e-07 9.035019190282899576e-08 6.525566075450379816e-06
2.119234502109002438e+00 1.174957515686609267e-06 5.617143271150942461e-07 7.164418564424413871e-05
2.122314784815556354e+00 1.876995246599040906e-05 7.360346560893535040e-06 1.281264344234844029e-03
2.125395067522109827e+00 1.718572967219289535e-05 6.454348693020599529e-06 1.236761370242075780e-03
2.128475350228663743e+00 8.383660469166913082e-07 3.180889955116175008e-07 6.217868400109668851e-05
2.131555632935217215e+00 1.302136576571335905e-07 1.097402228293810717e-07 4.053093606798253263e-06
2.134635915641771575e+00 1.927155697187702039e-07 1.830867316735500189e-07 2.081325554249640973e-06
2.137716198348325047e+00 2.367817059442874944e-07 1.972569576052419466e-07 3.450055237592503304e-06
2.140796481054878964e+00 3.606490436511185803e-06 5.255465574690136791e-06 2.222862745015181745e-05
2.143876763761432880e+00 1.378111266934250134e-05 2.110359965586450551e-05 8.499328537226522441e-05
2.146957046467986352e+00 4.581633531082012353e-06 7.116318684332299883e-06 2.899163108079356023e-05
2.150037329174540268e+00 1.289533556640468785e-07 1.707879783922717642e-07 1.817236625337081762e-06
2.153117611881093740e+00 1.703911038543711212e-07 1.684128586646438061e-07 4.154049496289250246e-06
2.156197894587648101e+00 1.394920695812556886e-07 1.220903221323433461e-07 6.493198330997844218e-06
2.159278177294201573e+00 3.733798383729739848e-07 2.630956953177322966e-07 1.451890225711395055e-05
2.162358460000755489e+00 5.235530301068115647e-06 6.915299948176171749e-06 5.420016509955553853e-04
2.165438742707308961e+00 8.329074716409335221e-06 1.128672610182013414e-05 1.023758606249146851e-03
2.168519025413862877e+00 1.070789540416683188e-06 1.269521185448699358e-06 1.167030417175289646e-04
2.171599308120416794e+00 9.702833817601373322e-08 8.738095632085257907e-08 2.412492275064722442e-06
2.174679590826970266e+00 9.341082378298279894e-08 1.592850251502062828e-07 7.601033548130080844e-07
2.177759873533524626e+00 1.153605075290876904e-07 2.035103994869531983e-07 3.365769690732149851e-06
2.180840156240078098e+00 6.565113125008652345e-07 1.915116422028170360e-06 1.499237554970315672e-05
2.183920438946632014e+00 4.155139652285138062e-06 1.478616386795748466e-05 1.571504546926448889e-04
2.187000721653185487e+00 2.604488790853556797e-06 9.417466989863474325e-06 1.177469024116209408e-04
2.190081004359739403e+00 1.800282702262357794e-07 4.256771419920671589e-07 8.115597018833112643e-06
2.193161287066292875e+00 1.446574026570775754e-07 1.546523629051859052e-07 4.611082274840547704e-06
2.196241569772846791e+00 1.228660568551647823e-07 1.564593810921316850e-07 5.573484237011504799e-06
2.199321852479400707e+00 2.062767332358061100e-07 1.760779248585152588e-07 7.322945754617040176e-06
2.202402135185954624e+00 1.369214275149053194e-06 3.784670178880128621e-06 3.252034650758801339e-04
2.205482417892508540e+00 2.784299958571461178e-06 1.084182040840782648e-05 1.261523761899202437e-03
2.208562700599062012e+00 7.935438289648618608e-07 2.580930047524596702e-06 3.347408742741178199e-04
2.211642983305615928e+00 8.087486099616246423e-08 6.470529197719863719e-08 2.336770311242581550e-06
2.214723266012169400e+00 4.100478558903057266e-08 9.568007851334311217e-08 1.799657432819047255e-06
2.217803548718723317e+00 6.846536385610655398e-08 2.025964567472699985e-07 1.086039808574253657e-06
2.220883831425277233e+00 1.107983783940717475e-07 4.930654277023553147e-07 7.382020018713694068e-06
2.223964114131831149e+00 1.096294379514217855e-06 6.646964506377579175e-06 9.907614886822793719e-05
2.227044396838384621e+00 1.311158529797119050e-06 7.639040759281745378e-06 1.367820811375790020e-04
2.230124679544938537e+00 2.030359669562818818e-07 8.034541716436300560e-07 1.511448743795318983e-05
2.233204962251492454e+00 1.153966314973537079e-07 1.541651184826958423e-07 2.671192966306535339e-06
2.236285244958045926e+00 1.023756925295999494e-07 1.807219311643983580e-07 3.940065716328943042e-06
2.239365527664599842e+00 1.077121116839919536e-07 1.499819605779313076e-07 4.903580579768351113e-06
2.242445810371153758e+00 5.644760792552114509e-07 1.476269830444921832e-06 1.645665618753401691e-04
2.245526093077707674e+00 1.795870090939843150e-06 6.555293642647864334e-06 1.296761321619664935e-03
2.248606375784261147e+00 9.868003131250536076e-07 2.939688452926416906e-06 6.922385921766880789e-04
2.251686658490815063e+00 9.557819035291992862e-08 1.250996030969929133e-07 1.167296049307550921e-05
2.254766941197368979e+00 2.491567703862907901e-08 4.489187899120889688e-08 1.516124759446724863e-06
2.257847223903922451e+00 4.182693660122884387e-08 1.689582000912758278e-07 1.695228186574629326e-06
2.260927506610476367e+00 3.967952986770010849e-08 1.305046207698443048e-07 4.383280168623059734e-06
2.264007789317030284e+00 1.051741413571546079e-06 2.644197354088820256e-06 1.288659663127218531e-05
2.267088072023584200e+00 2.662521667204761593e-06 5.544575237639026314e-06 1.808487630572147659e-05
2.270168354730137672e+00 5.765138876900747613e-07 1.222961433612673275e-06 3.899965403232496887e-06
2.273248637436691588e+00 9.044225621587268516e-08 1.623451420416717193e-07 6.608276737578699163e-07
2.276328920143245060e+00 8.778252348957522598e-08 2.009678058156468403e-07 1.076925629890574168e-06
2.279409202849798977e+00 5.110117231816645040e-08 1.220156208714994114e-07 1.590710692389925797e-06
2.282489485556352893e+00 2.338078077343558994e-07 5.522157019561991627e-07 2.700975466224057791e-05
2.285569768262906809e+00 2.289924914241526619e-06 3.782432252718738887e-06 4.419498898388956221e-04
2.288650050969460725e+00 2.427301424374617382e-06 3.209132230751350127e-06 4.556081967460172432e-04
2.291730333676014197e+00 2.035513596005283330e-07 2.916808474079162747e-07 2.221734526050374420e-05
2.294810616382568114e+00 3.041547013570994689e-08 3.293939902643301256e-08 1.604686169707693676e-06
2.297890899089121586e+00 3.322733801082293591e-08 1.061238021487291397e-07 1.437509094198984935e-06
2.300971181795675502e+00 3.874040692813631740e-08 7.235294705870169182e-08 4.178519843559801511e-06
2.304051464502229418e+00 1.236504685363522707e-06 1.986341208775039725e-06 9.306409627680029220e-06
2.307131747208783334e+00 6.302949313240909602e-06 9.227799033172343429e-06 8.354932471296266702e-06
2.310212029915336807e+00 2.458571482192434610e-06 3.697460245651713355e-06 2.600348109746267616e-06
2.313292312621890723e+00 7.660604624888911651e-08 1.939782061882153774e-07 2.960602006672533836e-07
2.316372595328444639e+00 5.917053651489508140e-08 1.849098551254461713e-07 7.599247508005589130e-07
2.319452878034998111e+00 2.863433832069082501e-08 1.082809003667517631e-07 7.881902888866481006e-07
2.322533160741552027e+00 5.292486113337865628e-08 1.831498339712865647e-07 3.880103888639045745e-06
2.325613443448105944e+00 1.875746823107420521e-06 3.115830849468659814e-06 8.107246897041299884e-05
2.328693726154659860e+00 3.943487850863219951e-06 5.967894137054122312e-06 1.580186487042899146e-04
2.331774008861213332e+00 5.736754663701672183e-07 9.339782825965714105e-07 1.995181939251218744e-05
2.334854291567767248e+00 3.066804973314789127e-08 4.783928560124044747e-08 9.813850015850826612e-07
2.337934574274320720e+00 3.476418813683381158e-08 6.536381839465835599e-08 7.905327192298122034e-07
2.341014856980874637e+00 4.640791298051260724e-08 8.640626306908774015e-08 2.557424557473769986e-06
2.344095139687428553e+00 6.985188663829077023e-07 1.322280909017164826e-06 7.299122722525998324e-06
2.347175422393982469e+00 7.578137931013230629e-06 1.425621574396534822e-05 2.773242113755269888e-05
2.350255705100536385e+00 5.618151921540541095e-06 1.070268739066951118e-05 1.898612873501409119e-05
2.353335987807089857e+00 2.248352244459039579e-07 5.228655666923161646e-07 1.349178765772042032e-06
2.356416270513643774e+00 3.911544837961455784e-08 1.446812458952138082e-07 4.419786929751365271e-07
2.359496553220197246e+00 2.771279045913658204e-08 1.154088035267740496e-07 7.186493706364003484e-07
2.362576835926751162e+00 1.362405978584948179e-08 7.765964733449861662e-08 3.324675424704718190e-06
2.365657118633304634e+00 8.836215341689450357e-07 2.471587419888456220e-06 5.814207380615266357e-05
2.368737401339858994e+00 3.907398040376723561e-06 1.101437548281088301e-05 2.424964697318149451e-04
2.371817684046412467e+00 1.149577547384243735e-06 3.331414080795566194e-06 7.436276313729518186e-05
2.374897966752966383e+00 3.134327307687444959e-08 5.813885191998050744e-08 2.179560481790680230e-06
2.377978249459520299e+00 3.430955961586986314e-08 6.280743601314388128e-08 1.219972258200628565e-06
2.381058532166073771e+00 4.200868943322709024e-08 9.855028696556261940e-08 1.652680555585189812e-06
2.384138814872627687e+00 2.199244319485436318e-07 5.243969851715446916e-07 6.388409332845552414e-06
2.387219097579181604e+00 5.268511164395077223e-06 1.366470817366434119e-05 1.150515847002867195e-05
2.390299380285735520e+00 7.390733232965891659e-06 1.935889475513390996e-05 1.030060517300637914e-05
2.393379662992288992e+00 6.989742984718603944e-07 1.911064962758917342e-06 2.630043144262702644e-06
2.396459945698842908e+00 3.641558913979771699e-08 1.098389420649417478e-07 8.465042553626055332e-07
2.399540228405396380e+00 4.116274950037355538e-08 1.479979879423305648e-07 1.719251407529338644e-06
2.402620511111950297e+00 1.877914367996559301e-08 1.046724838805887705e-07 5.361780661657201113e-06
2.405700793818504213e+00 2.396027420409511267e-07 1.271087399582119922e-06 5.722349928354487794e-05
2.408781076525058129e+00 2.343452862595559443e-06 1.374184382492035469e-05 6.083142239152971014e-04
2.411861359231612045e+00 1.353278169268019787e-06 8.183085266212513124e-06 3.681358126483903780e-04
2.414941641938165517e+00 4.715260800443235753e-08 1.580080119655042242e-07 1.063382747893421433e-05
2.418021924644719434e+00 3.149566571689076398e-08 7.666531614716554251e-08 2.248522831705551836e-06
2.421102207351272906e+00 3.359484574144472936e-08 1.015213271134611565e-07 2.261515685170468671e-06
2.424182490057826822e+00 6.322268096089416035e-08 1.794297866518286233e-07 4.551123028945301929e-06
2.427262772764380738e+00 2.477735176999548139e-06 8.406353285928937165e-06 3.467617847093845169e-05
2.430343055470934654e+00 6.643849895121347708e-06 2.275340428360127321e-05 8.345305158768741175e-05
2.433423338177488127e+00 1.361173082363258723e-06 4.731870340066298905e-06 2.014267561081078048e-05
2.436503620884042043e+00 2.912317835287874592e-08 9.132556091371360302e-08 1.459640978248518157e-06
2.439583903590595959e+00 3.778954351585331478e-08 1.602350107615791433e-07 2.422049659393168653e-06
2.442664186297149431e+00 2.337879647356566021e-08 1.381034553245141894e-07 5.671257187709052169e-06
2.445744469003703347e+00 8.200667884044551675e-08 4.410332955594193770e-07 1.703466775381682347e-05
2.448824751710256820e+00 1.327165825363962634e-06 1.143501554287571565e-05 4.523803970922192432e-04
2.451905034416811180e+00 1.400129655290589738e-06 1.313477902690179442e-05 5.465064502771729577e-04
2.454985317123364652e+00 9.014170671826528439e-08 7.475878022733228746e-07 3.665516992432760006e-05
2.458065599829918568e+00 1.917806342317632535e-08 7.953943050984892355e-08 1.299769334790962719e-06
2.461145882536472485e+00 2.668860054299536759e-08 9.624674888274353926e-08 1.145240304593684699e-06
2.464226165243025957e+00 3.359998823647261268e-08 1.219666895888788311e-07 2.027418886256998228e-06
2.467306447949579873e+00 7.328470804130865302e-07 3.334179473021654565e-06 3.388141065484601442e-05
2.470386730656133345e+00 3.791745479982237578e-06 1.776097513089539606e-05 1.711565875375046500e-04
2.473467013362687705e+00 1.553452498075161349e-06 7.318583635275617470e-06 7.894376876831610235e-05
2.476547296069241177e+00 4.415452435022468582e-08 1.756295083930282179e-07 3.262957634859478174e-06
2.479627578775795094e+00 2.775533473763752705e-08 1.400580663251204119e-07 2.899418637032236258e-06
2.482707861482348566e+00 2.108123131279987345e-08 1.523269419889213776e-07 5.200344439920962777e-06
2.485788144188902482e+00 5.204118187545382496e-08 2.143236091227974551e-07 6.467718152109212744e-06
2.488868426895456398e+00 1.098715201393466434e-06 6.395731510755413392e-06 1.121410036470710172e-04
2.491948709602010315e+00 2.109155255154689459e-06 1.403346384437885169e-05 2.744116777261833458e-04
2.495028992308564231e+00 2.963969024725395830e-07 2.017759079865741236e-06 4.486060527454461069e-05
2.498109275015117703e+00 8.612643116930239265e-09 5.809499200519308208e-08 6.228554232019239464e-07
2.501189557721671619e+00 1.938207881466409553e-08 7.205163041468578136e-08 6.520506514606646897e-07
2.504269840428225091e+00 2.915447400087493516e-08 1.114773025264741852e-07 1.257698997170162044e-06
2.507350123134779007e+00 1.218545994615482822e-07 8.514624533429548327e-07 1.035847893396870471e-05
2.510430405841332480e+00 1.111740208591498183e-06 9.232258136387904953e-06 5.443576128213698277e-05
2.513510688547886840e+00 8.656953501844828193e-07 7.226711242485761222e-06 4.119749493505000778e-05
2.516590971254440312e+00 6.873701632813372843e-08 4.201565235676425293e-07 2.941584967261002322e-06
2.519671253960994228e+00 2.863984886752920059e-08 1.216393292677589173e-07 1.743597750014356586e-06
2.522751536667548145e+00 2.264108330413414196e-08 1.566765687463316770e-07 2.883902560594585370e-06
2.525831819374101617e+00 3.567408214544714288e-08 1.828195303789051088e-07 4.831518488583041123e-06
2.528912102080655533e+00 7.316007515560303157e-07 2.382483267161551658e-06 1.345189599454664583e-05
2.531992384787209005e+00 2.619616312631767322e-06 9.880282629890437102e-06 5.822992044180046346e-05
2.535072667493763365e+00 7.740381531723428671e-07 3.088992607940882883e-06 1.836557756213442127e-05
2.538152950200316837e+00 7.786231880878754501e-09 5.660488477470866754e-08 6.427317469460415361e-07
2.541233232906870754e+00 8.393868460870548713e-09 4.416112817537143711e-08 1.234234913341809865e-06
2.544313515613424226e+00 2.183376550186933738e-08 8.949591270054257733e-08 1.282016598732292417e-06
2.547393798319978142e+00 1.938889868661186829e-08 1.595201703606167827e-07 5.424960939729734573e-06
2.550474081026532058e+00 2.378413133648909568e-07 3.442439254801228529e-06 1.268169163235585145e-05
2.553554363733085530e+00 3.444429189902388783e-07 5.115370390390906265e-06 9.075520898629386106e-06
2.556634646439639891e+00 6.660156676401934136e-08 6.862975952656349938e-07 2.498869212152223291e-06
2.559714929146193363e+00 2.207741348535685594e-08 1.097413547093088875e-07 7.147885309189542217e-07
2.562795211852747279e+00 2.162695958762443775e-08 1.433303250813526852e-07 1.623159173898113694e-06
2.565875494559300751e+00 2.517697433830381039e-08 1.354544186753207580e-07 2.816985637041943566e-06
2.568955777265854667e+00 2.785343822634377358e-07 6.585799713922677465e-07 4.954874841149928526e-06
2.572036059972408140e+00 1.724140464166485141e-06 4.967900428943710508e-06 7.411862089224036977e-06
2.575116342678962056e+00 9.948988785819986159e-07 3.197418182900233998e-06 4.735864535173353383e-06
2.578196625385515972e+00 3.330227200344378123e-08 1.387515466369347013e-07 1.195297103581978540e-06
2.581276908092069888e+00 3.639757354311519540e-09 3.445855618002810647e-08 8.283060265899871615e-07
2.584357190798623805e+00 1.070122630807347172e-08 5.890908021695544633e-08 4.677854905819595784e-07
2.587437473505177277e+00 6.136933332478649569e-09 4.038537537750481451e-08 2.867008220308904019e-06
2.590517756211731193e+00 1.223087836736089803e-07 1.303613194246143225e-06 1.114823078132501332e-05
2.593598038918284665e+00 3.375059750915540113e-07 3.972359963944263860e-06 2.126536392013661045e-05
2.596678321624838581e+00 9.915068983040646710e-08 1.081996478133531683e-06 5.494770178339812173e-06
2.599758604331392497e+00 1.499645679943530442e-08 1.042549411682130412e-07 1.308206349635522551e-06
2.602838887037946414e+00 1.442179125926357136e-08 1.172561707863071394e-07 1.293961998800447216e-06
2.605919169744499886e+00 1.804587870771150472e-08 9.042437489935434085e-08 1.411309706238142038e-06
2.608999452451053802e+00 7.794987870056416951e-08 1.823660232750529167e-07 1.081063539264803182e-05
2.612079735157607718e+00 7.598161337959760100e-07 2.893651881685437029e-06 1.903026171067048972e-04
2.615160017864161190e+00 8.889223697633555277e-07 3.883310056827855063e-06 2.386704526255490103e-04
2.618240300570715551e+00 8.767524392442011794e-08 3.744322357519536639e-07 1.953098109392282947e-05
2.621320583277269023e+00 5.953730471217921398e-09 3.907014667808662625e-08 1.545887322277111124e-06
2.624400865983822939e+00 7.729572315875670240e-09 4.189145645330032338e-08 1.156532492405724104e-06
2.627481148690376411e+00 7.248626596556258691e-09 3.369175869024295705e-08 2.817013150594189737e-06
2.630561431396930328e+00 7.634535304115914052e-08 6.929969760515577445e-07 1.446569576258343791e-05
2.633641714103484244e+00 4.037459314879117917e-07 4.666923747391063263e-06 6.764917075878860823e-05
2.636721996810037716e+00 1.981640189093143660e-07 2.368238893486149469e-06 3.269266483879790431e-05
2.639802279516591632e+00 1.608989866121854650e-08 1.277695756880232427e-07 1.743032033357907552e-06
2.642882562223145548e+00 1.088190812456043326e-08 9.343683691731585562e-08 1.265597197290325943e-06
2.645962844929699465e+00 1.103240389591093405e-08 6.607401904361763342e-08 1.282999474062169292e-06
2.649043127636252937e+00 2.348094698715560225e-08 5.973497101849837824e-08 8.295865817969893849e-06
2.652123410342806853e+00 5.625890051085907365e-07 2.164919350078618115e-06 3.832392717323787395e-04
2.655203693049360325e+00 1.412456581426434471e-06 5.954013081884942326e-06 9.342084807009949166e-04
2.658283975755914241e+00 2.681465047515489344e-07 1.120456903418666103e-06 1.676608054711034481e-04
2.661364258462468158e+00 5.737802880817150412e-09 4.531834195640963218e-08 2.098460894639706094e-06
2.664444541169022074e+00 6.315093103353857262e-09 4.298745036680128250e-08 1.112430854788141331e-06
2.667524823875575546e+00 8.952683854210852379e-09 4.040251846395786293e-08 1.675210668850532270e-06
2.670605106582129462e+00 5.081978052659570193e-08 3.368447853782656813e-07 9.701277446902386027e-06
2.673685389288683378e+00 5.445235075040472553e-07 5.265695966109486016e-06 1.045369105773480374e-04
2.676765671995236850e+00 4.767172449896033142e-07 4.945009970483743525e-06 9.664587793409217214e-05
2.679845954701790767e+00 3.337580517875889985e-08 3.128957516371002201e-07 6.014563989144439979e-06
2.682926237408344683e+00 8.211332623495780767e-09 7.174154572710928011e-08 2.581014683559459698e-06
2.686006520114898599e+00 7.693907733019731163e-09 6.706359122586236391e-08 3.540309604602341555e-06
2.689086802821452071e+00 9.184637306773945203e-09 5.425609603294728911e-08 5.710050692388302816e-06
2.692167085528005988e+00 2.946143258996039227e-07 1.170973161364215950e-06 3.043527626495542700e-04
2.695247368234559904e+00 1.535492143479166471e-06 6.839702691384065539e-06 1.525638416945393960e-03
2.698327650941113376e+00 5.681283086133093420e-07 2.539268493286402948e-06 5.505367112379298952e-04
2.701407933647667292e+00 8.557340628363006938e-09 5.577214249273139073e-08 6.237921943669418294e-06
2.704488216354221208e+00 7.647571313557067437e-09 4.602376902334490122e-08 2.000465684673120334e-06
2.707568499060775125e+00 1.043083400428227193e-08 4.173765593455060039e-08 1.817993864905199312e-06
2.710648781767328597e+00 2.693357054621825209e-08 1.120706054569301049e-07 5.720625108671512410e-06
2.713729064473882513e+00 5.197590760362836887e-07 4.199414145994222646e-06 9.800995216365205817e-05
2.716809347180435985e+00 8.512012250883302853e-07 7.405122654654270123e-06 1.845692693758948144e-04
2.719889629886989901e+00 1.074191193495325120e-07 9.340928316401874165e-07 2.401475692616415313e-05
2.722969912593543818e+00 6.475464056851188709e-09 5.203380580810385098e-08 2.244281866822698878e-06
2.726050195300097734e+00 6.362652426985318766e-09 7.470844505388669681e-08 4.361756304032439028e-06
2.729130478006651650e+00 6.432422856097863891e-09 6.635652917633178718e-08 7.164010861966463585e-06
2.732210760713205122e+00 8.621721986062812785e-08 3.960400035292434461e-07 1.393445457678404390e-04
2.735291043419759038e+00 9.654456297096921986e-07 5.307251746176754674e-06 1.551110677663970587e-03
2.738371326126312510e+00 6.813883666770762008e-07 3.820241739957758123e-06 1.112983102262338252e-03
2.741451608832866427e+00 2.400531164877910769e-08 1.344040564888338924e-07 3.443783290305764953e-05
2.744531891539420343e+00 7.296296129445597961e-09 4.278243559438622174e-08 2.131127509517508294e-06
2.747612174245974259e+00 1.219963785386143586e-08 4.022181793560516325e-08 1.193061499844750248e-06
2.750692456952527731e+00 1.584270837582133667e-08 4.287742270903475267e-08 5.208173606505145602e-06
2.753772739659081648e+00 2.631552510126674971e-07 2.201429177722984620e-06 5.397072697502795964e-05
2.756853022365635564e+00 8.243010488563098433e-07 7.546435913224247327e-06 1.877611469389373294e-04
2.759933305072189036e+00 2.125923944845760367e-07 1.955435282710802763e-06 5.106621857109462930e-05
2.763013587778742952e+00 9.238325251643467278e-09 4.761544143828514637e-08 2.730238090756951021e-06
2.766093870485296868e+00 8.129176060803318178e-09 6.890268695763295496e-08 4.860201939406362373e-06
2.769174153191850785e+00 5.187630586586425526e-09 6.466277676741101257e-08 5.872129490929686531e-06
2.772254435898404257e+00 2.731153919612079954e-08 1.157221683560259301e-07 4.262791925335328476e-05
2.775334718604958173e+00 5.261564294748172998e-07 3.023397649168740374e-06 9.473442720537759119e-04
2.778415001311511645e+00 6.728215424789530272e-07 4.163089157637503628e-06 1.304999089901676210e-03
2.781495284018065561e+00 5.832328427992092699e-08 3.506763757782062727e-07 1.139594216969947040e-04
2.784575566724619478e+00 4.432651134549414641e-09 3.485844866614016494e-08 1.873438669219707338e-06
2.787655849431173394e+00 9.130615546115018743e-09 3.331987327021069586e-08 1.112653340618366126e-06
2.790736132137727310e+00 1.163152997075684123e-08 3.478092501675503116e-08 4.482062290498002900e-06
2.793816414844280782e+00 8.610849775205868532e-08 7.484857055541204158e-07 2.556955884567712031e-05
2.796896697550834698e+00 5.397562514436217700e-07 5.319981462445278211e-06 1.562376040189692697e-04
2.799976980257388171e+00 2.733511578612389181e-07 2.710243762732113912e-06 8.185992597706031812e-05
2.803057262963942087e+00 1.296816156010261335e-08 8.783910265371084181e-08 2.892299027052399360e-06
2.806137545670495559e+00 8.182859406615187756e-09 5.323472007313423747e-08 2.075435551736770396e-06
2.809217828377049919e+00 6.676403297171091150e-09 5.795603615739884312e-08 2.728105798415156092e-06
2.812298111083603391e+00 1.521745759053661058e-08 6.122778058027911781e-08 7.540941362581484720e-06
2.815378393790157308e+00 3.051325868393793598e-07 1.352327213724258581e-06 2.166183014353597919e-04
2.818458676496711224e+00 6.849433284091377118e-07 3.571234619666076756e-06 5.616073847074145708e-04
2.821538959203264696e+00 1.254756513267884173e-07 6.731185386853441767e-07 1.058424488480223558e-04
2.824619241909818612e+00 3.264064713874165424e-09 2.509452834903398051e-08 7.563130628929501971e-07
2.827699524616372084e+00 5.600962756553838547e-09 2.216859878289933059e-08 5.451375453229402162e-07
2.830779807322926445e+00 8.985620903551296591e-09 3.074735252892844378e-08 3.198768604569741691e-06
2.833860090029479917e+00 2.295664728210968156e-08 1.684199518074287865e-07 1.087569758068523612e-05
2.836940372736033833e+00 3.057035407613086813e-07 2.708134755555368939e-06 6.912324489746131417e-05
2.840020655442587305e+00 2.988277523621499238e-07 2.652285968561656457e-06 6.679517219413332822e-05
2.843100938149141221e+00 2.318360630548455115e-08 1.881481461268902987e-07 3.485528172079790123e-06
2.846181220855695138e+00 5.747474585915478275e-09 3.743634358490940215e-08 7.879325439734327113e-07
2.849261503562248610e+00 6.997226539622786753e-09 4.789605307721342034e-08 1.490747677039492298e-06
2.852341786268802970e+00 1.210088248102952344e-08 4.585912973692479053e-08 3.497337208034039539e-06
2.855422068975356442e+00 1.574836887737573337e-07 4.713491005851755833e-07 4.159953575242365928e-05
2.858502351681910358e+00 6.364263967883285790e-07 2.448449701394005751e-06 1.673158587652728618e-04
2.861582634388463831e+00 2.314191576679293687e-07 9.545784636420281555e-07 6.299527461432109939e-05
2.864662917095017747e+00 5.496110746442048640e-09 2.593315926196350326e-08 6.541154336020796880e-07
2.867743199801571663e+00 4.453556142831219046e-09 1.344943260047646012e-08 9.759651484397084072e-07
2.870823482508125579e+00 8.811401780166999143e-09 2.408398881696454018e-08 2.097215594416126575e-06
2.873903765214679051e+00 5.737862547617601405e-09 3.025707426423225346e-08 8.624240996728186183e-06
2.876984047921232968e+00 1.069480770758552288e-07 1.056494806622806567e-06 2.387732763464261017e-05
2.880064330627786884e+00 2.029985166794985071e-07 2.005779653356657745e-06 3.240222683290866338e-05
2.883144613334340356e+00 3.387327038648692123e-08 3.112274381028949011e-07 3.899470319374945178e-06
2.886224896040894272e+00 5.375938934336288743e-09 2.714291832424858693e-08 1.887208146075608246e-07
2.889305178747447744e+00 6.124832770520468212e-09 3.563255948431997329e-08 4.807245822439114263e-07
2.892385461454002105e+00 9.353596081067815262e-09 3.106329009648481306e-08 2.169314914695568447e-06
2.895465744160555577e+00 7.500199976193917882e-08 1.268726230620388995e-07 9.025550248933290101e-06
2.898546026867109493e+00 5.749758329431681154e-07 1.372843354427077553e-06 1.114796471551580055e-05
2.901626309573663409e+00 4.061620112188310359e-07 1.074812926482320625e-06 4.423749998198102361e-06
2.904706592280216881e+00 1.917347676297893163e-08 5.573945467942349651e-08 9.874250636250362323e-07
2.907786874986770798e+00 3.057005705327056222e-09 1.004683013878653135e-08 1.005646127247663634e-06
2.910867157693324270e+00 6.461697109170008088e-09 1.600052129836051156e-08 1.705235047284386833e-06
2.913947440399878630e+00 3.286576407702719231e-09 1.030825703582070033e-08 6.933586195817669695e-06
2.917027723106432102e+00 2.394804079171943589e-08 3.615806353975692734e-07 1.805716774871915129e-05
2.920108005812986018e+00 8.866329857449673508e-08 1.382603819773530699e-06 1.327839742930068705e-05
2.923188288519539491e+00 3.278779390589038722e-08 4.373955857048184030e-07 1.866880729870254510e-06
2.926268571226093407e+00 5.021312345922080879e-09 2.422039745256756494e-08 5.331616463750212231e-07
2.929348853932647323e+00 4.825562729369759918e-09 2.639781735420949869e-08 8.273785854655820787e-07
2.932429136639200795e+00 7.562823147102643070e-09 2.050972916113424003e-08 2.366356322102915847e-06
2.935509419345755155e+00 2.954032741745307777e-08 2.915114017386682249e-08 8.419228758592381100e-06
2.938589702052308628e+00 4.004427904429990391e-07 6.945290191273398638e-07 5.520146702583630027e-05
2.941669984758862544e+00 5.442283594551393633e-07 1.111901841301313659e-06 7.613938770662208040e-05
2.944750267465416016e+00 5.909883660964931615e-08 1.280003808322390768e-07 9.661205641484883543e-06
2.947830550171969932e+00 2.534939007185505011e-09 9.956080598631423884e-09 2.185575610867589719e-06
2.950910832878523404e+00 3.266522553603579244e-09 1.012314145764230545e-08 1.973480850008487720e-06
2.953991115585077321e+00 2.703682664570472918e-09 8.704241855331716604e-09 4.564543403418084543e-06
2.957071398291631237e+00 1.262426989151342909e-08 1.322091824023553023e-07 1.579520864700268733e-05
2.960151680998185153e+00 9.104379307119995640e-08 1.084584246948050293e-06 3.047734885728742800e-05
2.963231963704739069e+00 5.894499171610970812e-08 6.571064316307452643e-07 1.289416713006059009e-05
2.966312246411292541e+00 5.899704068358555553e-09 3.441152764886018135e-08 8.400446846172247503e-07
2.969392529117846458e+00 2.957164418467581321e-09 1.986168740829480743e-08 1.436031334374779307e-06
2.972472811824399930e+00 6.193517175190643893e-09 1.621283045323866426e-08 4.300928377056081736e-06
2.975553094530954290e+00 1.083932367042948186e-08 1.150577634618788978e-08 1.131212620976923315e-05
2.978633377237507762e+00 1.928294502043566812e-07 3.372366222085995942e-07 9.849844908160342461e-05
2.981713659944061678e+00 5.331174249210649219e-07 1.150521023811655730e-06 2.656055903404322210e-04
2.984793942650615151e+00 1.247021047231074286e-07 2.710085403538620830e-07 5.699315920280115098e-05
2.987874225357169067e+00 3.052830180469100400e-09 1.075019533956527759e-08 1.973537419930412048e-06
2.990954508063722983e+00 3.490164030419554521e-09 7.915817590799699487e-09 1.963399397908086184e-06
2.994034790770276455e+00 3.291058778975523112e-09 8.294438819445934849e-09 3.333532097861751630e-06
2.997115073476830815e+00 6.860289075230916371e-09 4.619071559771937222e-08 1.356117487620447946e-05
3.000195356183384288e+00 9.852794730251519681e-08 9.008640963489887082e-07 2.911169793796074449e-05
3.003275638889938204e+00 1.137719727495115284e-07 1.016734813881599000e-06 2.015766221097096156e-05
3.006355921596491676e+00 1.255490189701704684e-08 8.348461684200579957e-08 1.729069030587316750e-06
3.009436204303045592e+00 3.077642818075182853e-09 1.461340266817617895e-08 1.052919710132089535e-06
3.012516487009599064e+00 4.643234495338869600e-09 1.623280167662158806e-08 3.140326859099696146e-06
3.015596769716152981e+00 5.234435598224276297e-09 1.284033747527015797e-08 7.624274204345553042e-06
3.018677052422706897e+00 9.582166696772619753e-08 1.383687511322405669e-07 1.677873318079276826e-05
3.021757335129260813e+00 5.718175133570485003e-07 1.068151673293132612e-06 3.714835365821761058e-05
3.024837617835814729e+00 2.577509939242832958e-07 4.915685153260343240e-07 1.276565405596973785e-05
3.027917900542368201e+00 5.610966474640638233e-09 1.512126110922335075e-08 7.210383078467071601e-07
3.030998183248922118e+00 3.243613946444203817e-09 7.208428224859890853e-09 5.508623450486629763e-07
3.034078465955475590e+00 3.384684733782904686e-09 7.346234929473593853e-09 1.555790260672105000e-06
3.037158748662029506e+00 4.053020568008752498e-09 1.290552019053084412e-08 1.120377428113298965e-05
3.040239031368583422e+00 8.572896596850987794e-08 6.272630603560689896e-07 3.481520716077681193e-05
3.043319314075137338e+00 1.860374995994055092e-07 1.332790255979603011e-06 4.576927150655141468e-05
3.046399596781690811e+00 3.362486161821215521e-08 2.152697567024344271e-07 6.222399446206700419e-06
3.049479879488244727e+00 3.775845411710413847e-09 1.064412217095217815e-08 1.063561309575008117e-06
3.052560162194798643e+00 4.688506927006674226e-09 1.659226007442178790e-08 1.489382734750593301e-06
3.055640444901352115e+00 4.274006683078427825e-09 1.425668322788760338e-08 4.463433069830099814e-06
3.058720727607906031e+00 3.664612751482132494e-08 4.029235440798355839e-08 1.745992083751540387e-05
3.061801010314459948e+00 4.675423748801356289e-07 7.514794099388353079e-07 3.205732391516763220e-05
3.064881293021013864e+00 3.938926020430865586e-07 6.648130610804441169e-07 2.122155776297054741e-05
3.067961575727567336e+00 1.960127782470325980e-08 3.382556432363185496e-08 1.728011355874917078e-06
3.071041858434121252e+00 2.879111906617719300e-09 6.582069041806955847e-09 4.950703416759145223e-07
3.074122141140675168e+00 3.495096811419262551e-09 6.306892121951829288e-09 7.789799317550711285e-07
3.077202423847228641e+00 3.967334202935811112e-09 5.704128239723840630e-09 8.458815640758608845e-06
3.080282706553782557e+00 6.221362261257716134e-08 3.240272600901591238e-07 4.124570008323131122e-05
3.083362989260336473e+00 2.681734775676387707e-07 1.342023163204170392e-06 1.059943568496028070e-04
3.086443271966890389e+00 8.926440972931651608e-08 4.287085921663884588e-07 3.026399397513566006e-05
3.089523554673443861e+00 4.442082696903877919e-09 1.097195221932883548e-08 4.556817409065988189e-07
3.092603837379997778e+00 4.485586269596020443e-09 1.366443760827083303e-08 3.472176085892508180e-07
3.095684120086551250e+00 4.387981643277423016e-09 1.357064370151977742e-08 2.549800992074866622e-06
3.098764402793105166e+00 1.137020759503175495e-08 1.320334396131862215e-08 1.549155004697890613e-05
3.101844685499659082e+00 2.452698926617985982e-07 3.930039679286701706e-07 1.262852819176056216e-04
3.104924968206212998e+00 3.803969314782767593e-07 6.695745184905301309e-07 2.018042361493010224e-04
3.108005250912766915e+00 4.414305582851122317e-08 7.384344037662469279e-08 2.627909665802371443e-05
3.111085533619320387e+00 2.396507551433258819e-09 5.193495759911728701e-09 5.663364623551164503e-07
3.114165816325874303e+00 3.691491361917185351e-09 4.905583685335319278e-09 5.680644499988654142e-07
3.117246099032427775e+00 4.439449181212433857e-09 5.815236270132611115e-09 6.993355717170086774e-06
3.120326381738981691e+00 2.607405086752623292e-08 1.161557336023680716e-07 3.803081965436986932e-05
3.123406664445535608e+00 2.405480691334001750e-07 9.924147764215471661e-07 2.027729954912769388e-04
3.126486947152089524e+00 1.537343905544074201e-07 6.073735171708439692e-07 1.200277849919627299e-04
3.129567229858642996e+00 8.585596372304888285e-09 2.402368516268383727e-08 2.697904228910305590e-06
3.132647512565196912e+00 4.985482388819157211e-09 9.338019936422324448e-09 4.688763146967181331e-07
3.135727795271750828e+00 4.683602673737533232e-09 1.212733133520388512e-08 1.477111913199963224e-06
3.138808077978304301e+00 5.250849224315409277e-09 1.028535179876332736e-08 1.106842245076545489e-05
3.141888360684858661e+00 9.565083830415543155e-08 1.688640232821309251e-07 2.061935984615919379e-04
3.144968643391412133e+00 2.545526059787827146e-07 5.614380883502011426e-07 6.726194651797498146e-04
3.148048926097966049e+00 5.936880146418317380e-08 1.311644550565329693e-07 1.760711181311403427e-04
3.151129208804519521e+00 1.976789665348526980e-09 3.558818374034778059e-09 2.673994649837790660e-06
3.154209491511073438e+00 2.542357791335118080e-09 3.306126094155970663e-09 9.637031979884413228e-07
3.157289774217626910e+00 3.902156455066229170e-09 6.039659766063197053e-09 4.274246202327865465e-06
3.160370056924180826e+00 6.480299968230082593e-09 2.944132234596668197e-08 2.460407935069765052e-05
3.163450339630734742e+00 1.291253582226789150e-07 5.415514291141508428e-07 1.854032372503998545e-04
3.166530622337288214e+00 1.603780778521221560e-07 6.231266083861659993e-07 2.154762890526967171e-04
3.169610905043842131e+00 1.653943902170726180e-08 5.397375045965280877e-08 1.631385546596347659e-05
3.172691187750395603e+00 4.728043341665836010e-09 5.988711284924738071e-09 1.286743962523623611e-06
3.175771470456949963e+00 4.919426404849512945e-09 9.904547441387662331e-09 1.981109192045657051e-06
3.178851753163503879e+00 3.643401481820665089e-09 9.212441444888603804e-09 8.472306060297856312e-06
3.181932035870057796e+00 4.303334599204445816e-08 6.182211352740457054e-08 1.367730498475544694e-04
3.185012318576611268e+00 1.868188228171335739e-07 4.124688272188318290e-07 8.747808618736265278e-04
3.188092601283165184e+00 7.864069320937644035e-08 1.944508803990455198e-07 4.448180208879193060e-04
3.191172883989718656e+00 2.699518141679305050e-09 4.593647056494374119e-09 1.012946876965075240e-05
3.194253166696272572e+00 1.619529108510203727e-09 2.202027132037819751e-09 1.211214829689791708e-06
3.197333449402826488e+00 3.181562917556561930e-09 5.359997977274153053e-09 2.618234685983623483e-06
3.200413732109379961e+00 2.196558430786367054e-09 7.153979827841087975e-09 1.724950325663553277e-05
3.203494014815933877e+00 4.965873781353061081e-08 2.244646538362162609e-07 9.192973498318530925e-05
3.206574297522487349e+00 1.226519312411770078e-07 4.861312229201967533e-07 1.904617908801792497e-04
3.209654580229041265e+00 2.502975249164211943e-08 8.956159741893579766e-08 3.242910128047208414e-05
3.212734862935595181e+00 3.492704310191731898e-09 4.584867481015005673e-09 1.240145525438529991e-06
3.215815145642148654e+00 4.187294280841581374e-09 7.022639083010807246e-09 2.886111738900937494e-06
3.218895428348703014e+00 3.586275574950228524e-09 7.189936160830278761e-09 7.882420031217433825e-06
3.221975711055256930e+00 2.225592964629463698e-08 1.820302832537526252e-08 8.206694989323990840e-05
3.225055993761810402e+00 1.852717773903831963e-07 2.526133614563981863e-07 1.009117020069668063e-03
3.228136276468364319e+00 1.475494515477088296e-07 2.372512341004260128e-07 9.758884261595955189e-04
3.231216559174918235e+00 8.539930878192417307e-09 1.359015907646587019e-08 5.688834880466274658e-05
3.234296841881471707e+00 1.491984047015905925e-09 1.716903874737164943e-09 1.847104038288406989e-06
3.237377124588025623e+00 2.876835487478617146e-09 3.899628979080432113e-09 1.787127678686602614e-06
3.240457407294579095e+00 1.998826882930651664e-09 3.397314642960977496e-09 1.243290850728519901e-05
3.243537690001133011e+00 1.425447781687296900e-08 7.391005878938096330e-08 5.399580159628101849e-05
3.246617972707686484e+00 7.377057184328408351e-08 3.104479546124685272e-07 1.569965853836996971e-04
3.249698255414240400e+00 3.042205724281262295e-08 1.152585842552273189e-07 5.322854726393211442e-05
3.252778538120794316e+00 3.193693255382600485e-09 5.683045213108615567e-09 1.999202762050306050e-06
3.255858820827347788e+00 3.606299573321989386e-09 5.070886845806460523e-09 3.547842357783554986e-06
3.258939103533901704e+00 3.928310040550754456e-09 5.463866566417244499e-09 7.716632987484185489e-06
3.262019386240456065e+00 9.070871402180457357e-09 5.413148985912212291e-09 3.763474064977574181e-05
3.265099668947009981e+00 1.449102712682156518e-07 1.314350556761287503e-07 8.073292624040862746e-04
3.268179951653563453e+00 2.230956487044776149e-07 2.551422754554119634e-07 1.489564043929727339e-03
3.271260234360117369e+00 2.916458143604627025e-08 3.571311576148048595e-08 2.017642207083623137e-04
3.274340517066670841e+00 1.367089092949913794e-09 1.790158191464042632e-09 2.673717428498610633e-06
3.277420799773224758e+00 2.194971152523950431e-09 2.504444044392110567e-09 1.568478960334736634e-06
3.280501082479778230e+00 2.179839162480936520e-09 2.667852121433771159e-09 8.588477092715477224e-06
3.283581365186332146e+00 4.226849881061036174e-09 2.316521549341416681e-08 4.167093832094689426e-05
3.286661647892886062e+00 4.761200150606082044e-08 2.064878809755509839e-07 1.936763063730340595e-04
3.289741930599439534e+00 3.854379919578715566e-08 1.484593798894702421e-07 1.269962103969514769e-04
3.292822213305993451e+00 4.198169748315348365e-09 1.024427897766404579e-08 5.345337425395266240e-06
3.295902496012546923e+00 2.952509639985707375e-09 3.930075697034339555e-09 3.181002301658751815e-06
3.298982778719100839e+00 4.034868423201570444e-09 4.666628987244276629e-09 6.542377710878258884e-06
3.302063061425655199e+00 3.401934384263889129e-09 3.676411974116437447e-09 1.903537895330175558e-05
3.305143344132209116e+00 8.074037498831469489e-08 6.439753433827800862e-08 4.370603057657370771e-04
3.308223626838762588e+00 2.442514780574033646e-07 2.752903244013566453e-07 1.540381130353330082e-03
3.311303909545316504e+00 6.637802732793276859e-08 8.126567571923451558e-08 4.312517626072163166e-04
3.314384192251869976e+00 1.515384162871785297e-09 2.431965600562100320e-09 4.730013298923909856e-06
3.317464474958423892e+00 1.489052184004696640e-09 1.963947992849683084e-09 1.410248035020621372e-06
3.320544757664977809e+00 1.911243772966994030e-09 2.226105468531882793e-09 4.595650448680254415e-06
3.323625040371531281e+00 2.044859433742672621e-09 7.442335048347080386e-09 2.846476219535199297e-05
3.326705323078085197e+00 4.691982670445905468e-08 1.623860094814382693e-07 2.005327796610816915e-04
3.329785605784638669e+00 6.836293282316315474e-08 2.193947897346958535e-07 2.478535537426574406e-04
3.332865888491192585e+00 8.922414075921654214e-09 2.473838631925578391e-08 2.139742138574935508e-05
3.335946171197746501e+00 2.297362104314198807e-09 3.232281806436268858e-09 2.993760137187040713e-06
3.339026453904299974e+00 3.771084238913468525e-09 4.529406980451702410e-09 6.311855414255080500e-06
3.342106736610853890e+00 2.190519313726971466e-09 4.471758425372467630e-09 1.422991832448809331e-05
3.345187019317408250e+00 3.369730146789687797e-08 2.881877846304738900e-08 1.925969319077024382e-04
3.348267302023961722e+00 2.151973113203987168e-07 2.822287206139811713e-07 1.302245118149628371e-03
3.351347584730515639e+00 1.141579340321019608e-07 1.611307221792241640e-07 7.223266211904199804e-04
3.354427867437069555e+00 3.752591079070543072e-09 5.016423149308968460e-09 1.929030557940270382e-05
3.357508150143623027e+00 1.454442262367212791e-09 1.840478163163442351e-09 1.306136110577579265e-06
3.360588432850176943e+00 1.816531168094230848e-09 1.935345241383444513e-09 2.224103559777144163e-06
3.363668715556730415e+00 1.498999877685773615e-09 2.256959426323453259e-09 1.995268814253310725e-05
3.366748998263284332e+00 4.025185501728291202e-08 1.169797113164142163e-07 1.078311861632064508e-04
3.369829280969838248e+00 1.081172968216863231e-07 2.999660123588830866e-07 2.166840268472782806e-04
3.372909563676391720e+00 2.361831517419875573e-08 6.243829034957436138e-08 4.080570625046507876e-05
3.375989846382945636e+00 2.294820413913351058e-09 3.134135000579038581e-09 1.753005628522571757e-06
3.379070129089499108e+00 3.636222165444282956e-09 4.696406587807656455e-09 3.540995266420499809e-06
3.382150411796053024e+00 2.372244253531835581e-09 4.943630107742098531e-09 9.052490423016001966e-06
3.385230694502606497e+00 1.230778017019359335e-08 9.759000374317640125e-09 7.573850066593390822e-05
3.388310977209161301e+00 1.781147311384082350e-07 2.092855874603782319e-07 9.011527787263723475e-04
3.391391259915714773e+00 1.773145117276624696e-07 2.264133577099663423e-07 9.537961639347733358e-04
3.394471542622268689e+00 1.185108301829383017e-08 1.408653943671030976e-08 6.351707324915841575e-05
3.397551825328822162e+00 1.342726133895872311e-09 1.769554628454641020e-09 1.393129168466763839e-06
3.400632108035376078e+00 1.755934097233910946e-09 1.715525080343120901e-09 1.058196945023787989e-06
3.403712390741929994e+00 1.859778706565808318e-09 1.312374775188611821e-09 1.372252042579868789e-05
3.406792673448483466e+00 2.363060659026070463e-08 6.403661954029993744e-08 6.626753599996178918e-05
3.409872956155037382e+00 1.258618885552860372e-07 3.246832617193550557e-07 1.928935737931648082e-04
3.412953238861590854e+00 5.155302843652747620e-08 1.278651883047260659e-07 7.055547371240131422e-05
3.416033521568144771e+00 2.964717629255606998e-09 4.333908677100974619e-09 1.652783827636080841e-06
3.419113804274698243e+00 3.483675365540462897e-09 3.867458930436953394e-09 2.398921622457506527e-06
3.422194086981252159e+00 2.990543634932719667e-09 4.716152683823333885e-09 7.206879114249210460e-06
3.425274369687806075e+00 4.271241164959724934e-09 4.406888078271065545e-09 3.432788907884761062e-05
3.428354652394360436e+00 1.155613806010017195e-07 9.916865479490836116e-08 4.518073338176496626e-04
3.431434935100913908e+00 2.131453912960913610e-07 2.060138872840821927e-07 8.678809229779347678e-04
3.434515217807467824e+00 3.037487938127029195e-08 2.851753851970309258e-08 1.321039866101052511e-04
3.437595500514021740e+00 1.132097429172906424e-09 1.421945239847748235e-09 1.388153904518810406e-06
3.440675783220575212e+00 1.431537152906632769e-09 1.352766560920973643e-09 7.146770742930328132e-07
3.443756065927129129e+00 2.162594815143489076e-09 1.376431025526036089e-09 8.947364657308844407e-06
3.446836348633682601e+00 1.000707258437942356e-08 2.388218634609928826e-08 4.435452100744857165e-05
3.449916631340236517e+00 1.157342658294107884e-07 2.536543006433202322e-07 1.443059281382655249e-04
3.452996914046789989e+00 9.005785288844425963e-08 1.868656841629765166e-07 9.128292067745002027e-05
3.456077196753343905e+00 5.793731799118656598e-09 9.880116083364766325e-09 2.750098114046160625e-06
3.459157479459897822e+00 2.994285674409656782e-09 2.429216099961951771e-09 7.609006154102745941e-07
3.462237762166451294e+00 3.358043703031283651e-09 3.831529620442943085e-09 3.097238033786451004e-06
3.465318044873005210e+00 2.380383658657325158e-09 3.740089537023097407e-09 1.744000622055521147e-05
3.468398327579558682e+00 4.671416907265138724e-08 3.422513793251402113e-08 1.145792494433810866e-04
3.471478610286113486e+00 1.583469536280902795e-07 1.393357594888478837e-07 3.184536164949671724e-04
3.474558892992666959e+00 4.524836556137097641e-08 4.026580987469800288e-08 9.895780608318832498e-05
3.477639175699220875e+00 1.243491932792825545e-09 9.329304076689487541e-10 1.277974571446834721e-06
3.480719458405774347e+00 1.008297726220425193e-09 8.986479675637076797e-10 7.506647864228056245e-07
3.483799741112328263e+00 2.134174230028203454e-09 1.453159824343546902e-09 4.853966511025834283e-06
3.486880023818881735e+00 3.289176844638109223e-09 6.074859440131744887e-09 3.097415562467461072e-05
3.489960306525435652e+00 7.478704864574847997e-08 1.372158872337254967e-07 5.573038867051119779e-05
3.493040589231989568e+00 1.119374323086781658e-07 1.874579323216978210e-07 4.006224048605673131e-05
3.496120871938543040e+00 1.328297158716931674e-08 2.057009971287010836e-08 3.045056768369032092e-06
3.499201154645096956e+00 2.509550727996940817e-09 1.584207097682188802e-09 5.174291950342685575e-07
3.502281437351650428e+00 3.143967967566691172e-09 2.801029836913212078e-09 2.176064991787285326e-06
3.505361720058204344e+00 1.859348276410045845e-09 3.017284766904279554e-09 1.151335146621911268e-05
3.508442002764758261e+00 1.325176718768751126e-08 1.127708104691955047e-08 3.826018147638019770e-05
3.511522285471311733e+00 7.603495768187807453e-08 8.937258549928008241e-08 4.242218262454770149e-05
3.514602568177866093e+00 3.962018720401062179e-08 5.134051302966798068e-08 1.790167537269706161e-05
3.517682850884420009e+00 1.846824882004313903e-09 1.333026188742341447e-09 1.455909610647985532e-06
3.520763133590973482e+00 6.300462617522971326e-10 6.234768887827500683e-10 1.379110510359988860e-06
3.523843416297527398e+00 1.865419672932138069e-09 1.395500935278526103e-09 3.071464820825823683e-06
3.526923699004081314e+00 1.659995954164286326e-09 1.662444953669928055e-09 2.055736072049481179e-05
3.530003981710634786e+00 3.103832229834414810e-08 5.419368253887331496e-08 4.111863140225356254e-05
3.533084264417188702e+00 9.114353061103692997e-08 1.374006201188603205e-07 1.945610688781321097e-05
3.536164547123742175e+00 2.205890415625927991e-08 3.076782879908116743e-08 2.059498433278808590e-06
3.539244829830296091e+00 2.061885390840453697e-09 1.426946928152364398e-09 1.205814610403018928e-06
3.542325112536850007e+00 2.599542547002254329e-09 1.797451563080291926e-09 2.616554024042415757e-06
3.545405395243403479e+00 1.697237115977243060e-09 2.235650634949372684e-09 9.634015849667200020e-06
3.548485677949957395e+00 4.940573377875246175e-09 3.779693822006391366e-09 3.281032560725364927e-05
3.551565960656510867e+00 4.774236345028802016e-08 5.421935112182200566e-08 3.158072471887866451e-05
3.554646243363065228e+00 4.360238153669592544e-08 6.116933127195524675e-08 1.348689585655249735e-05
3.557726526069619144e+00 3.619917229321462412e-09 4.250834085551455456e-09 2.428980091135395512e-06
3.560806808776173060e+00 4.363540360143763742e-10 4.689592081051168814e-10 1.809209485365363821e-06
3.563887091482726532e+00 1.323174363258251690e-09 1.081259514407182669e-09 2.789497411503899228e-06
3.566967374189280449e+00 1.349854497929479488e-09 9.573587975275864320e-10 1.365588265633034683e-05
3.570047656895833921e+00 9.570839324083343881e-09 1.711052234248649277e-08 4.123154312712847555e-05
3.573127939602387837e+00 5.562325762116009127e-08 8.115169390062078685e-08 2.091423304155491533e-05
3.576208222308941753e+00 2.674013032523281047e-08 3.544534897513947662e-08 1.736686848619623418e-06
3.579288505015495225e+00 1.992710729521691892e-09 2.041986296733018279e-09 1.163248782381473007e-06
3.582368787722049142e+00 2.001945948558789209e-09 1.119091650447061155e-09 1.993770644093276643e-06
3.585449070428602614e+00 1.918787369260296444e-09 1.569807300593058874e-09 6.075998789190703208e-06
3.588529353135156530e+00 2.138365209447154554e-09 1.509903431861560151e-09 2.527034529656380641e-05
3.591609635841710002e+00 3.932054603291568649e-08 2.630773795560220452e-08 4.319171294398114813e-05
3.594689918548263918e+00 6.928625602037935269e-08 6.119866467303500550e-08 2.886261607837092811e-05
3.597770201254818279e+00 1.128772326291848182e-08 1.065702973253157613e-08 4.237126440759637611e-06
3.600850483961372195e+00 4.345979371393623251e-10 4.113504597491570274e-10 1.505490673754554071e-06
3.603930766667925667e+00 7.665564124943290378e-10 7.226621414902565369e-10 1.883026040841046994e-06
3.607011049374479583e+00 1.166373464239830947e-09 7.826111520945790996e-10 6.849530491453785181e-06
3.610091332081033499e+00 2.901334169541182885e-09 4.799000380903515434e-09 3.534863333461411058e-05
3.613171614787586972e+00 3.238957994738586620e-08 4.452085967314755543e-08 3.432461468262406050e-05
3.616251897494140888e+00 2.975193651880319036e-08 3.734967552569362054e-08 7.311795722509598281e-06
3.619332180200694360e+00 2.922309198128648379e-09 3.541699546804465784e-09 1.339252057431267330e-06
3.622412462907248276e+00 1.538730417542029842e-09 9.383779393126523519e-10 1.249343108465529030e-06
3.625492745613801748e+00 2.149863102276481296e-09 1.209457392370662241e-09 3.112059170704592647e-06
3.628573028320355665e+00 1.132616757225956142e-09 1.095878372062635781e-09 1.714844928465458754e-05
3.631653311026909581e+00 2.347375363886547465e-08 1.132278453094641722e-08 5.198562499303928738e-05
3.634733593733463053e+00 8.550670668696394798e-08 5.902813769753886979e-08 7.185948215125932475e-05
3.637813876440016969e+00 2.826789592111254136e-08 2.178159279753881209e-08 1.839972496203368387e-05
3.640894159146571329e+00 6.965082867004809057e-10 6.512340112159606810e-10 1.661186367322485207e-06
3.643974441853125246e+00 4.976607028862447415e-10 5.429618409302588787e-10 1.369992895628263998e-06
3.647054724559678718e+00 1.003956060037670157e-09 6.331246908449023238e-10 3.280152981879450977e-06
3.650135007266232634e+00 1.090467957724418349e-09 1.378487984337386435e-09 2.647848719481164705e-05
3.653215289972786106e+00 2.183706448424167131e-08 2.909694423194922366e-08 5.619770686401196196e-05
3.656295572679340022e+00 3.714848759867955449e-08 4.681899675040655465e-08 3.276624732399904702e-05
3.659375855385893495e+00 5.726725083591365243e-09 7.232234795057855818e-09 2.824581930047548530e-06
3.662456138092447411e+00 1.176220504520226739e-09 9.086180181139757612e-10 6.947243648021481068e-07
3.665536420799001327e+00 2.084305912932911128e-09 1.110072869881177613e-09 1.631563670604732296e-06
3.668616703505554799e+00 1.182971333778590227e-09 1.149047038825705580e-09 1.025046204104429495e-05
3.671696986212108715e+00 1.038163202617911006e-08 4.566719594829873432e-09 4.419306628876959394e-05
3.674777268918662188e+00 8.566491286589718315e-08 5.495393276550042948e-08 1.014815074425376283e-04
3.677857551625216104e+00 5.502263035553592897e-08 3.879224774295710594e-08 4.924903914946478667e-05
3.680937834331770464e+00 2.278157942054460055e-09 1.637591229337640529e-09 2.154194925873430908e-06
3.684018117038324380e+00 4.652739880380281176e-10 4.827852851741470902e-10 9.643152326516400328e-07
3.687098399744877852e+00 8.135994412856280447e-10 5.102644647023938474e-10 2.077111938391485378e-06
3.690178682451431769e+00 7.306101240893859819e-10 4.492016382908163721e-10 1.774076427769200257e-05
3.693258965157985241e+00 1.535015281017932188e-08 2.038223187154386157e-08 5.106957842963227130e-05
3.696339247864539157e+00 4.942368502259450649e-08 6.299963082954480344e-08 4.098927698360607826e-05
3.699419530571093073e+00 1.321825616586196355e-08 1.677367097253557164e-08 5.852039701061026988e-06
3.702499813277646545e+00 1.026051291980826403e-09 9.786681307941546366e-10 5.673431629162041248e-07
3.705580095984200462e+00 1.788144028525774675e-09 1.046003113942688670e-09 7.567537424204350919e-07
3.708660378690753934e+00 1.410079813164669708e-09 1.139424298900855747e-09 5.012662907856676951e-06
3.711740661397307850e+00 3.623935503706502038e-09 1.704345310060192079e-09 2.914990516783223698e-05
3.714820944103861766e+00 6.899649605451652660e-08 3.905291821945122102e-08 5.063265631964545372e-05
3.717901226810415238e+00 8.443151575410967309e-08 5.125428393149523905e-08 2.536368675157851487e-05
3.720981509516969155e+00 7.419029667848976529e-09 4.199808778355334304e-09 1.897531687661037539e-06
3.724061792223523515e+00 5.631341781007006765e-10 3.969594404846840290e-10 9.403016256529342764e-07
3.727142074930076987e+00 6.960464622803723802e-10 3.893421287874607021e-10 1.379306633780416873e-06
3.730222357636630903e+00 8.475004254558789334e-10 2.779071395874036579e-10 1.086380764948478085e-05
3.733302640343184819e+00 8.777350740337114231e-09 1.097154834718461439e-08 4.573321924820130399e-05
3.736382923049738292e+00 5.671465372927502608e-08 6.768618997509906017e-08 5.276326197339651069e-05
3.739463205756292208e+00 2.809540123682297063e-08 3.277144914861822738e-08 1.512195672590648180e-05
3.742543488462845680e+00 1.509422941451066505e-09 1.523316960990006537e-09 7.746400994709921891e-07
3.745623771169399596e+00 1.491392055514168965e-09 8.904387723850744619e-10 7.273092267908020469e-07
3.748704053875953512e+00 1.613139750920077129e-09 1.070707483302728969e-09 2.946910063568241244e-06
3.751784336582506985e+00 1.642789324653129733e-09 1.011066857819481984e-09 2.027288702953922178e-05
3.754864619289060901e+00 3.845681556281821059e-08 1.780139020679260902e-08 4.202053144772361146e-05
3.757944901995614373e+00 8.964919305320912371e-08 4.409622708868157306e-08 3.703280294215001846e-05
3.761025184702168289e+00 1.632024629496732462e-08 7.573188837033732998e-09 8.842516382435730652e-06
3.764105467408722649e+00 6.248726801403062518e-10 2.748425383396202058e-10 1.549605737891432202e-06
3.767185750115276566e+00 5.239693567710547190e-10 2.552752385290631950e-10 1.678649572751276451e-06
3.770266032821830038e+00 8.599840867384649806e-10 2.695320208239435463e-10 7.414539332179248124e-06
3.773346315528383954e+00 3.600438018845061371e-09 4.058120282126704980e-09 4.153833550105428716e-05
3.776426598234937426e+00 4.787438872014435484e-08 5.286607439768245393e-08 8.107070179128425980e-05
3.779506880941491342e+00 4.450627851317886591e-08 4.680560203365946927e-08 4.596629396544639977e-05
3.782587163648045259e+00 3.425132450334057402e-09 3.302989449220247666e-09 3.362663331934085570e-06
3.785667446354598731e+00 1.216364989063868972e-09 6.001524059794909319e-10 1.266620785404570660e-06
3.788747729061152647e+00 1.660584532225942185e-09 9.241688162851064753e-10 2.684347684833264045e-06
3.791828011767706119e+00 1.376078670595062295e-09 9.015646482824572417e-10 1.323395327943093678e-05
3.794908294474260035e+00 1.274270003414226427e-08 6.041908409602333773e-09 5.604407829067050361e-05
3.797988577180813508e+00 5.591944029216366051e-08 2.919907083558381938e-08 1.371419149558761124e-04
3.801068859887367424e+00 1.997119599414216522e-08 1.025367551813447859e-08 5.535771486781184981e-05
3.804149142593921340e+00 7.167046290261777016e-10 1.765711413062651439e-10 3.554777592631569648e-06
3.807229425300475700e+00 3.177289438833320251e-10 1.618626536327255438e-10 2.187474284735811713e-06
3.810309708007029172e+00 7.449960346904229299e-10 2.910724129193444876e-10 5.122802564280653233e-06
3.813389990713583089e+00 1.271996561755405815e-09 1.098564196215629128e-09 3.083059178993741541e-05
3.816470273420137005e+00 2.796550444544561512e-08 2.932968625253837444e-08 8.589772210231733411e-05
3.819550556126690477e+00 4.867621079211760365e-08 4.727929901182415186e-08 8.274480377886661814e-05
3.822630838833244393e+00 7.107030224430224431e-09 6.447541150836578422e-09 1.081098540779342553e-05
3.825711121539797865e+00 9.295562729655022324e-10 4.169689073070910914e-10 1.644408786382593118e-06
3.828791404246351782e+00 1.313124676627034023e-09 6.548962909786272487e-10 3.038209224786870298e-06
3.831871686952905254e+00 1.038687439769229460e-09 7.403387575966894999e-10 9.641637936565558513e-06
3.834951969659459170e+00 3.300909158270913667e-09 2.299491221643763329e-09 4.284372739245078640e-05
3.838032252366013086e+00 2.340294293877055536e-08 2.197893900578190799e-08 1.568095276651399579e-04
3.841112535072566558e+00 1.515275111579233886e-08 1.530530273040448184e-08 1.156859164518387212e-04
3.844192817779120475e+00 8.786897627352904077e-10 4.372728595059137005e-10 8.362945654861810943e-06
3.847273100485673947e+00 1.860403377310013682e-10 1.212758223572761334e-10 2.860229247429525383e-06
3.850353383192228751e+00 6.443940831197390421e-10 3.049218380990181787e-10 4.834631813929706268e-06
3.853433665898782223e+00 6.914694098994316394e-10 3.752657752580438364e-10 2.200653949004461324e-05
3.856513948605336140e+00 1.182672644343865311e-08 1.151536604270217019e-08 6.011979907202562778e-05
3.859594231311889612e+00 3.906854659153142584e-08 3.381405605064871779e-08 5.726309617824123089e-05
3.862674514018443528e+00 1.122903214430438204e-08 9.000278684313972899e-09 1.253038497895678285e-05
3.865754796724997000e+00 7.710310982420372084e-10 4.642899482202878672e-10 1.407825346969918085e-06
3.868835079431550916e+00 9.078460921279834173e-10 4.175025365791999521e-10 2.284229188977315594e-06
3.871915362138104832e+00 7.755705783120816493e-10 5.648261118551284477e-10 6.967579580352690164e-06
3.874995644844658305e+00 1.270369931098188066e-09 9.234713805282484603e-10 3.141274143284695873e-05
3.878075927551212221e+00 1.406415015902373328e-08 1.534487388158679803e-08 1.370186881644835225e-04
3.881156210257765693e+00 1.602964913858566369e-08 2.069635780337195916e-08 1.803174180241033306e-04
3.884236492964319609e+00 1.635838503619689159e-09 1.781748492972153070e-09 2.336859640743716679e-05
3.887316775670873525e+00 1.281832432310744889e-10 9.510937397663509025e-11 3.251303278426399704e-06
3.890397058377427886e+00 4.635856435389405299e-10 2.447598146794185472e-10 4.019656681529575706e-06
3.893477341083981358e+00 5.787961172258722726e-10 2.596106346066576087e-10 1.410011412856367788e-05
3.896557623790535274e+00 4.051533348425853581e-09 3.431811678741555953e-09 5.062016060816402254e-05
3.899637906497088746e+00 2.643740954886393802e-08 1.829588319195073822e-08 4.966037066492196917e-05
3.902718189203642662e+00 1.484592693762210912e-08 9.285435794071626376e-09 1.477112669630357087e-05
3.905798471910196579e+00 9.687058752451649454e-10 6.803093994958763431e-10 1.590127699789818654e-06
3.908878754616750051e+00 6.748281658681182252e-10 2.766666394191794797e-10 1.664512052754074681e-06
3.911959037323303967e+00 7.255555827118813243e-10 4.298834685489558074e-10 5.579201051648508314e-06
3.915039320029857439e+00 6.080416344612341529e-10 4.309705560337889808e-10 2.530612849472005347e-05
3.918119602736411355e+00 9.412225900224325809e-09 6.902791674554087632e-09 9.179243204396189063e-05
3.921199885442965272e+00 2.087759618181604267e-08 1.875535483685933234e-08 2.072309195062523144e-04
3.924280168149518744e+00 4.257854147471109325e-09 4.031439796063923328e-09 5.230106742437448019e-05
3.927360450856072660e+00 1.414037009561609090e-10 1.059154649036730797e-10 3.843566114263154963e-06
3.930440733562626132e+00 2.467812331601596738e-10 1.594664102833622235e-10 2.814818640126741108e-06
3.933521016269180492e+00 4.903358665749004662e-10 1.982449012397333661e-10 8.694583118041874457e-06
3.936601298975734409e+00 1.263410229756987441e-09 9.043578613898536268e-10 4.436755108285017418e-05
3.939681581682288325e+00 1.640743910968986033e-08 8.742612707159519411e-09 7.954977172732899339e-05
3.942761864388841797e+00 1.764294292621109166e-08 8.496065289107442252e-09 4.451315078482092773e-05
3.945842147095395713e+00 1.788172144266893171e-09 1.068894396416026970e-09 4.562342194304915649e-06
3.948922429801949185e+00 5.221309987847911784e-10 2.415792631566530691e-10 1.563131950006951574e-06
3.952002712508503102e+00 6.957611121172640758e-10 3.178620937272509532e-10 4.672393594964474694e-06
3.955082995215057018e+00 5.094869444588875017e-10 2.944652168201788354e-10 2.185430763631302810e-05
3.958163277921610490e+00 4.745043665747634866e-09 2.227061457373253896e-09 6.367498268412465242e-05
3.961243560628164406e+00 2.240758929504677399e-08 1.379072502044713801e-08 2.234743751930782206e-04
3.964323843334717878e+00 9.159562380942367592e-09 6.434250584114370605e-09 1.020552313987539429e-04
3.967404126041271795e+00 3.022077277148603638e-10 2.295605629877054873e-10 5.654761040609347635e-06
3.970484408747825267e+00 1.395933460017400896e-10 1.226118809154009532e-10 2.071511819459016239e-06
3.973564691454379183e+00 3.849313328725262423e-10 1.441400067371632733e-10 5.134580447498885303e-06
3.976644974160933543e+00 4.490874555933666723e-10 2.490343437671955924e-10 3.320608933779099005e-05
3.979725256867487460e+00 9.597028311955450435e-09 4.782616462197701140e-09 9.676935042451118040e-05
3.982805539574040932e+00 1.923707822329458123e-08 9.173052053121155639e-09 8.791745104998360978e-05
3.985885822280594848e+00 3.430503085505426053e-09 1.915928000951073454e-09 1.385507113193044633e-05
3.988966104987148764e+00 4.132180544961427991e-10 2.779323596008168105e-10 2.239033853017644073e-06
3.992046387693702236e+00 6.181373032224696034e-10 2.730811080938809107e-10 4.602594768623866302e-06
3.995126670400256153e+00 5.391852271414046570e-10 2.607609605515170104e-10 1.846645566560052999e-05
3.998206953106809625e+00 2.221041478869706900e-09 7.427931840102303153e-10 5.342815826931837051e-05
4.001287235813363097e+00 2.359007841170771916e-08 1.077470966319786830e-08 2.711198986368561757e-04
4.004367518519917013e+00 1.867554807586536565e-08 9.489050926059399895e-09 2.227359486238654691e-04
4.007447801226470929e+00 1.043361635451354562e-09 5.528301374169155857e-10 1.546843937469094923e-05
4.010528083933024845e+00 1.566651327005082104e-10 1.100598775978249152e-10 2.289714603955015674e-06
4.013608366639578762e+00 2.961110857562947481e-10 1.113024788652548074e-10 3.593679667077962222e-06
4.016688649346132678e+00 2.598262633531149157e-10 9.380262485730632801e-11 2.112943245838340807e-05
4.019768932052686594e+00 5.401213494042436865e-09 3.135498350645617021e-09 8.688728686474846423e-05
4.022849214759240510e+00 2.010677556594983197e-08 1.193509760797624325e-08 1.032532617342978319e-04
4.025929497465794427e+00 6.472263546315426156e-09 4.092960830772772885e-09 2.732303849066866267e-05
4.029009780172347455e+00 4.198360559925187903e-10 3.331521407085007213e-10 2.977045738084103745e-06
4.032090062878901371e+00 5.322069264774116972e-10 2.711184367781001015e-10 4.796510228625880256e-06
4.035170345585455287e+00 5.749480020181920145e-10 2.598455777332274343e-10 1.556965574629891154e-05
4.038250628292009203e+00 1.015802693264399773e-09 2.847136105764854800e-10 4.636156791150641501e-05
4.041330910998563120e+00 2.074408909753938975e-08 6.574218076806071398e-09 3.029349391180773945e-04
4.044411193705116148e+00 3.114955021894234658e-08 1.052819525074589382e-08 4.538093089111623342e-04
4.047491476411670064e+00 3.468130725512080137e-09 1.153831181750772661e-09 5.483763048934685140e-05
4.050571759118223980e+00 2.124976992950285568e-10 9.058853991089769864e-11 3.388576012040289399e-06
4.053652041824777896e+00 2.204652793811543678e-10 8.356234074310439864e-11 3.272778364181361297e-06
4.056732324531330924e+00 2.414762035695070160e-10 6.433707349876856215e-11 1.195471091834441554e-05
4.059812607237885729e+00 2.777694818791574858e-09 1.697808873531753178e-09 6.928378564951055728e-05
4.062892889944439645e+00 2.019431295327384690e-08 1.312304416787676051e-08 1.032801226971002560e-04
4.065973172650993561e+00 1.193917948692655224e-08 7.827984077383512815e-09 4.322681989683742359e-05
4.069053455357546589e+00 7.110690813496961738e-10 5.092400467437981489e-10 4.639730942911822106e-06
4.072133738064100505e+00 4.554564582586915413e-10 2.310890495336057739e-10 4.942806952424124797e-06
4.075214020770654422e+00 5.856734172287999219e-10 2.548285857688184106e-10 1.288057241168135156e-05
4.078294303477208338e+00 6.224366416830188947e-10 2.160642125076905568e-10 3.792213091465889503e-05
4.081374586183762254e+00 1.051722753046618084e-08 2.732421951476805833e-09 2.167615119684868856e-04
4.084454868890315282e+00 2.994124446278062792e-08 8.276831080108436450e-09 5.722843470836629694e-04
4.087535151596869198e+00 6.707127714800396391e-09 1.826812434760308507e-09 1.345992097993071080e-04
4.090615434303423115e+00 2.244902991289763177e-10 6.250618010643383766e-11 4.121482550287074570e-06
4.093695717009977031e+00 1.409014946828223663e-10 5.184005490844251696e-11 2.844216904836077562e-06
4.096775999716530947e+00 2.355830610430319051e-10 6.052037333038120049e-11 6.178500306519055287e-06
4.099856282423083975e+00 1.095248037209534610e-09 6.153381340633515790e-10 5.045625311312515134e-05
4.102936565129638780e+00 1.614920089662279434e-08 1.010316548923479128e-08 9.891519518271696431e-05
4.106016847836192696e+00 1.771515164968930402e-08 1.079781456063834976e-08 5.958477408718620039e-05
4.109097130542746612e+00 1.634233340418352634e-09 1.016318116700099599e-09 7.608106318171245811e-06
4.112177413249299640e+00 3.568384970212457048e-10 1.707853866535131880e-10 4.345799850355919064e-06
4.115257695955853556e+00 4.671232658402927720e-10 2.364831931075813223e-10 9.862359037587080406e-06
4.118337978662407473e+00 4.479282594513787935e-10 2.198360691548158078e-10 2.806085706802120106e-05
4.121418261368961389e+00 2.559548156957335220e-09 1.233443742975432093e-09 1.189312307938962727e-04
4.124498544075514417e+00 1.334156736959908494e-08 7.456132266222511357e-09 4.765271076106333218e-04
4.127578826782068333e+00 5.762229168450051807e-09 3.306532205492806866e-09 2.098441858091851958e-04
4.130659109488622249e+00 2.280155610132002981e-10 6.384052311374190391e-11 6.018898095165087206e-06
4.133739392195176166e+00 8.914333338125922189e-11 3.851983897008198615e-11 2.457170289790589281e-06
4.136819674901730082e+00 2.161840351228694661e-10 7.410391289488591860e-11 3.298047356292462543e-06
4.139899957608283110e+00 3.657976551182583057e-10 1.854444425406846688e-10 3.278917619733053701e-05
4.142980240314837914e+00 8.653571802945773883e-09 5.530754017531922877e-09 8.986287269807817827e-05
4.146060523021391830e+00 1.781949222417042960e-08 1.071656059609015365e-08 6.870099116854023102e-05
4.149140805727945747e+00 3.161235855945715570e-09 1.838475888003006438e-09 1.259355525787897013e-05
4.152221088434498775e+00 2.636445349818826969e-10 1.450577071189903340e-10 3.268293920986393668e-06
4.155301371141052691e+00 2.868922683099183333e-10 1.969099179053360156e-10 6.261392898181206775e-06
4.158381653847606607e+00 2.735843740249716054e-10 2.142990952425552053e-10 1.716687956756603656e-05
4.161461936554160523e+00 5.789936753540437622e-10 6.520897179567559015e-10 6.667425404380048751e-05
4.164542219260714440e+00 4.414079477766029889e-09 7.677736234540936142e-09 2.741411635325980973e-04
4.167622501967267468e+00 3.436083205937610151e-09 6.523696813471082473e-09 2.089550010372419147e-04
4.170702784673821384e+00 2.495233119851276356e-10 2.864678645095158588e-10 1.057280924681191718e-05
4.173783067380375300e+00 6.219757405888331496e-11 3.678507081042584356e-11 1.880794076358357363e-06
4.176863350086929216e+00 1.815623975134833240e-10 8.135333833881930201e-11 2.032757690664850861e-06
4.179943632793483133e+00 1.808106437624240384e-10 9.858453216015424081e-11 1.867018992555740715e-05
4.183023915500036161e+00 3.232770190284271798e-09 2.292399598013167942e-09 7.375417676038847025e-05
4.186104198206590965e+00 1.263285225635281303e-08 8.145323771388424928e-09 5.848594856515359596e-05
4.189184480913144881e+00 4.423153911215137644e-09 2.624515613930943462e-09 1.356168511547642851e-05
4.192264763619697909e+00 2.607122163906939567e-10 1.749819234914764741e-10 1.925389125619243831e-06
4.195345046326251826e+00 2.037309181009828591e-10 1.425322663469845090e-10 2.894174517477474545e-06
4.198425329032805742e+00 2.320641935472003266e-10 1.913195174637277044e-10 8.289052532002724209e-06
4.201505611739359658e+00 3.087333881341569023e-10 2.835612578384516169e-10 4.583209155009309270e-05
4.204585894445913574e+00 3.611658217264083836e-09 5.090175056708640703e-09 1.380900398803584837e-04
4.207666177152466602e+00 5.355252031490088362e-09 8.211543997620794870e-09 1.374624292474668958e-04
4.210746459859020518e+00 6.746904583367361976e-10 9.579206413458614178e-10 1.325945801075631804e-05
4.213826742565574435e+00 5.085426646527300783e-11 3.323461130711867822e-11 1.218497572225439029e-06
4.216907025272128351e+00 1.131546575148027026e-10 6.230419032018875111e-11 1.235933899599721282e-06
4.219987307978682267e+00 1.356932655464107390e-10 8.033587886659941597e-11 1.004509134095649428e-05
4.223067590685235295e+00 1.063210582695463763e-09 7.462485769683843629e-10 6.011466895779971824e-05
4.226147873391789211e+00 7.570832237274338195e-09 4.863614568120299689e-09 4.920989641940562654e-05
4.229228156098344016e+00 5.039639337315258905e-09 2.953421168931954281e-09 9.443113402775696227e-06
4.232308438804897932e+00 3.976501900690208659e-10 2.610435225485386855e-10 1.095405706985425082e-06
4.235388721511450960e+00 1.820731917725311528e-10 1.046725727550375874e-10 1.184088870576900681e-06
4.238469004218004876e+00 2.450438034983201412e-10 1.552679748221609227e-10 3.598206934225877932e-06
4.241549286924558793e+00 2.237786064971511207e-10 1.426709720113278789e-10 3.142821421819227539e-05
4.244629569631112709e+00 2.477701630651563404e-09 1.890173727656543318e-09 8.809251162638571703e-05
4.247709852337666625e+00 7.210033453590543332e-09 6.063615012546298599e-09 6.634150777193660619e-05
4.250790135044219653e+00 1.822554119454729807e-09 1.638612547264649761e-09 9.290609477799252670e-06
4.253870417750773569e+00 5.019776743318666933e-11 4.398248324377270977e-11 1.097319745812327264e-06
4.256950700457327486e+00 5.886101862803999211e-11 3.904204864771055153e-11 9.679582849143231130e-07
4.260030983163881402e+00 1.200977463906261005e-10 5.969764404585223205e-11 5.599046313462771222e-06
4.263111265870434430e+00 3.607685811057364945e-10 2.056839081540478503e-10 4.819796645229238716e-05
4.266191548576988346e+00 4.296563859062251115e-09 2.376048687009177158e-09 5.698389759795231797e-05
4.269271831283543150e+00 5.166854479498158104e-09 2.786218183202502616e-09 1.009052031033932010e-05
4.272352113990097067e+00 6.444950036503526506e-10 4.167283651965884404e-10 8.464346906541843066e-07
4.275432396696650095e+00 1.552451857789949503e-10 9.894456447949202570e-11 4.021184627242177058e-07
4.278512679403204011e+00 2.011393983779072770e-10 1.184362699973888870e-10 1.512417094919334495e-06
4.281592962109757927e+00 1.718441749836546890e-10 9.816709276039250887e-11 1.953720761168831473e-05
4.284673244816311843e+00 1.379599695690984144e-09 4.578755544941281057e-10 7.088845734655640823e-05
4.287753527522865760e+00 8.161075560283517167e-09 3.254521793257933518e-09 3.660642800136283432e-05
4.290833810229418788e+00 4.040713804412583572e-09 1.865087426504399402e-09 5.460259980632574514e-06
4.293914092935972704e+00 1.371867254687842781e-10 8.778915925763876646e-11 2.332800925252000558e-06
4.296994375642526620e+00 5.185739731593626377e-11 3.030845127713195634e-11 1.338667648219687683e-06
4.300074658349080536e+00 1.177267018178150852e-10 4.291535966831078065e-11 3.975832517519571087e-06
4.303154941055634453e+00 1.338406162753271640e-10 5.929542370049432716e-11 3.498652804796561008e-05
4.306235223762187481e+00 2.316892285309273725e-09 1.179853484441993191e-09 6.935758519725420074e-05
4.309315506468741397e+00 5.091902942671512169e-09 2.765289057187693887e-09 2.236129969974663960e-05
4.312395789175296201e+00 1.061829577422591479e-09 7.169399402480929198e-10 2.086709965708734815e-06
4.315476071881849229e+00 1.180680044103787748e-10 1.118846012599795633e-10 3.086940978741184461e-07
4.318556354588403146e+00 1.404307650645865423e-10 9.984680454573401149e-11 8.955504995859926981e-07
4.321636637294957062e+00 1.344811519989751780e-10 8.506536385153193278e-11 1.190941021895459710e-05
4.324716920001510978e+00 6.689133482627085954e-10 1.109070098904700432e-10 5.937526388848810780e-05
4.327797202708064894e+00 8.673039641708162412e-09 1.661936277135280728e-09 7.929173204339244011e-05
4.330877485414617922e+00 8.164233844046966864e-09 1.806596271311057155e-09 5.511554178868939568e-05
4.333957768121171839e+00 5.631833982312825662e-10 1.497956328594010821e-10 9.508901762669223751e-06
4.337038050827725755e+00 8.010689650923961742e-11 2.495306104057436063e-11 2.400625380968644955e-06
4.340118333534279671e+00 1.058309968933005753e-10 3.160936212857668428e-11 3.714348166362974981e-06
4.343198616240833587e+00 9.254072513941698465e-11 2.511044371191364840e-11 2.251826323442839567e-05
4.346278898947386615e+00 1.210890116080237432e-09 6.637515138155142089e-10 7.271012158800923295e-05
4.349359181653940531e+00 5.319861355091104234e-09 3.125518894006254905e-09 4.747766574329198265e-05
4.352439464360494448e+00 2.039615390588260218e-09 1.346932459394305081e-09 8.661739835874418569e-06
4.355519747067049252e+00 1.244539916721436535e-10 1.367231705081435402e-10 8.897130740779714190e-07
4.358600029773602280e+00 1.168942223459053130e-10 9.290156680437626053e-11 1.050130924461380604e-06
4.361680312480156196e+00 1.424272432039501020e-10 8.138006672037774698e-11 7.374263121461630638e-06
4.364760595186710113e+00 2.750727129968057084e-10 5.393158851272421963e-11 4.370143431488618651e-05
4.367840877893264029e+00 5.853131815547199776e-09 7.270402870183156609e-10 1.367087148643220140e-04
4.370921160599817945e+00 1.046228201825708070e-08 1.450822816380938109e-09 2.157724365171589606e-04
4.374001443306370973e+00 1.470528234530771234e-09 2.211902553635179742e-10 4.249377673906516484e-05
4.377081726012924889e+00 9.724540607601162764e-11 1.846691276227870626e-11 4.289062912833412950e-06
4.380162008719478806e+00 7.294625329347850440e-11 2.030158561465136674e-11 3.623987032618533443e-06
4.383242291426032722e+00 7.879445517212006479e-11 1.942308673468143813e-11 1.306834606197204654e-05
4.386322574132585750e+00 5.658459975838653310e-10 3.148306668411615126e-10 5.876325940402884909e-05
4.389402856839139666e+00 5.082721651558657782e-09 3.058282408674356724e-09 6.628359005633693661e-05
4.392483139545693582e+00 3.665090310852841970e-09 2.259993801840964631e-09 2.120510586462675160e-05
4.395563422252248387e+00 2.599619979238325658e-10 2.045187302847631932e-10 1.982380539834229293e-06
4.398643704958801415e+00 1.104760714164612074e-10 7.824184139536440488e-11 1.125809824675432269e-06
4.401723987665355331e+00 1.504561902496471423e-10 8.021849487384500364e-11 4.543312200363506284e-06
4.404804270371909247e+00 1.781683185905710933e-10 5.455914370853964807e-11 2.777872778642247409e-05
4.407884553078463163e+00 1.825100064369437132e-09 4.233704698360988475e-10 1.201211686402552000e-04
4.410964835785017080e+00 6.286467729563628029e-09 1.640087219784834081e-09 3.637021404861037971e-04
4.414045118491570108e+00 1.757414449796808051e-09 4.921346508875552526e-10 1.198913063104052303e-04
4.417125401198124024e+00 7.839832409720841473e-11 1.613155906277990516e-11 6.611346173379753047e-06
4.420205683904677940e+00 3.658046793419965957e-11 1.426389829788282725e-11 2.688625840888184460e-06
4.423285966611231856e+00 5.161089789557463031e-11 2.343295166957413340e-11 6.770103283414673381e-06
4.426366249317785773e+00 2.079834037558125245e-10 1.106969046218254897e-10 3.668510689244641737e-05
4.429446532024338801e+00 3.453864466301955235e-09 2.224893154226902368e-09 7.029178017786471698e-05
4.432526814730892717e+00 4.531212636071879210e-09 2.921864096241992481e-09 3.887042764392056572e-05
4.435607097437446633e+00 5.456292118091962042e-10 3.686499647822737719e-10 4.483341072831189872e-06
4.438687380144001438e+00 9.900463166548567139e-11 6.232132929277100950e-11 1.094964211621088584e-06
4.441767662850554466e+00 1.160154900197700024e-10 7.626859005310468418e-11 3.053717708904471894e-06
4.444847945557108382e+00 1.207919581249323545e-10 6.348817892897871934e-11 1.672121002440413640e-05
4.447928228263662298e+00 2.560431814679389900e-10 3.694486455235711170e-10 7.101960866906868437e-05
4.451008510970216214e+00 1.459213921247131377e-09 2.802344361466489118e-09 3.974311338672625545e-04
4.454088793676769242e+00 7.767175640248733695e-10 1.570808737317763103e-09 2.367937482099830731e-04
4.457169076383323159e+00 4.589575671488798524e-11 4.518752087997194900e-11 1.234821552799402608e-05
4.460249359089877075e+00 1.587368232942646439e-11 1.619130665380299607e-11 1.750525103104261408e-06
4.463329641796430991e+00 4.092407226548519206e-11 3.095098993571389768e-11 3.253700493440773354e-06
4.466409924502984907e+00 6.622924130976132432e-11 4.602630524122188147e-11 1.816834102944013340e-05
4.469490207209537935e+00 1.591522749631207054e-09 1.232751645298473126e-09 5.606193679134439803e-05
4.472570489916091852e+00 3.707300037349014744e-09 2.958610041378545868e-09 5.088206011730597489e-05
4.475650772622645768e+00 8.171616191027213916e-10 6.446967025625342342e-10 9.197933839717952847e-06
4.478731055329199684e+00 8.274096558797742586e-11 5.966269061748321152e-11 1.047258240965267143e-06
4.481811338035753600e+00 7.191100590867998362e-11 6.598433835277779507e-11 1.937865401468318026e-06
4.484891620742307516e+00 7.288158401709618952e-11 7.071095912057594499e-11 9.203260555318389308e-06
4.487971903448861433e+00 1.110809812159670320e-10 2.065804338383150163e-10 3.432019111614401173e-05
4.491052186155415349e+00 9.494324935976804463e-10 3.001163413265911817e-09 2.950154726746146523e-04
4.494132468861969265e+00 9.014790210822350865e-10 3.110132517825587789e-09 3.225737648738200860e-04
4.497212751568522293e+00 6.732095739133506019e-11 2.086831393264011330e-10 2.792594696584530558e-05
4.500293034275076209e+00 1.204616539697549762e-11 1.823964647331005074e-11 1.322331622751500936e-06
4.503373316981630126e+00 3.921516420485272119e-11 3.097263092196954951e-11 1.333533201162758091e-06
4.506453599688184042e+00 3.637762243012235596e-11 3.558846722205046107e-11 7.502347029979447456e-06
4.509533882394737958e+00 5.617401980645239538e-10 5.477792841354786597e-10 3.736918832088279425e-05
4.512614165101290986e+00 2.359999460070279117e-09 2.465538727928772499e-09 5.538024020780196093e-05
4.515694447807844902e+00 9.641713138132337970e-10 9.867764645991042780e-10 1.673015866248216387e-05
4.518774730514398819e+00 7.356365287256592282e-11 7.488283886705685820e-11 1.094594517104319503e-06
4.521855013220952735e+00 4.676521857443475182e-11 5.142334731026342949e-11 1.050539199501958225e-06
4.524935295927506651e+00 5.489326234297898309e-11 6.934570565159122982e-11 4.749278799459534285e-06
4.528015578634060567e+00 7.456923543163596076e-11 8.655011628486938698e-11 2.018721193305198454e-05
4.531095861340614483e+00 1.437234203745054334e-09 1.691898384833275194e-09 1.617131464979314768e-04
4.534176144047168400e+00 2.631917762357404874e-09 3.291178118923271510e-09 3.240837036045466626e-04
4.537256426753721428e+00 3.991729788267876273e-10 5.090242977759855346e-10 5.616580462435813063e-05
4.540336709460275344e+00 1.831157967248632174e-11 1.832736026934854547e-11 1.627052375625034705e-06
4.543416992166829260e+00 3.237882922477159559e-11 2.136125228444678487e-11 5.661096396183853952e-07
4.546497274873383176e+00 4.091495343002743232e-11 2.886463876549635814e-11 3.030208789349793930e-06
4.549577557579937093e+00 1.942715755114402180e-10 1.942920736117280674e-10 2.430574680582320795e-05
4.552657840286490121e+00 1.574576708994845876e-09 1.657432202339348262e-09 5.832252927785375120e-05
4.555738122993044037e+00 1.210281592460036312e-09 1.243120810861815734e-09 3.041071963438050322e-05
4.558818405699597953e+00 1.021384780504164346e-10 1.185279653897739264e-10 2.029232364928738241e-06
4.561898688406151869e+00 3.738761019114292782e-11 4.162575284387179209e-11 7.328349044428490277e-07
4.564978971112705786e+00 5.100025661346950969e-11 5.840448199549286318e-11 2.709495219896825968e-06
4.568059253819259702e+00 5.041879065700323121e-11 4.761239870353445493e-11 1.623945583564290828e-05
4.571139536525813618e+00 1.003328505601584417e-09 5.054632885734221928e-10 8.757400695684421131e-05
4.574219819232367534e+00 3.633136761256778279e-09 1.909685808285580497e-09 3.050232485150945402e-04
4.577300101938921451e+00 1.122923658181690393e-09 6.279844325800309477e-10 1.056031612244160182e-04
4.580380384645474479e+00 3.593933393410667364e-11 2.247198867871459297e-11 3.954619454156889834e-06
4.583460667352028395e+00 2.722280518149023240e-11 1.238937888188213424e-11 6.558185036297158729e-07
4.586540950058582311e+00 4.269396754615931750e-11 2.072820150105271145e-11 1.714631230096256464e-06
4.589621232765136227e+00 7.717645774245368056e-11 5.631561472951351757e-11 1.624416034309963318e-05
4.592701515471689255e+00 1.163024840666546929e-09 8.717626535010309965e-10 5.429305651657881458e-05
4.595781798178243172e+00 1.690334668220370970e-09 1.246364802016547328e-09 4.550190383678416069e-05
4.598862080884797088e+00 2.325867688560004028e-10 2.001116889360956514e-10 5.151979873472552180e-06
4.601942363591351004e+00 3.879517229234378376e-11 4.024495264419118473e-11 8.151678243613996376e-07
4.605022646297904920e+00 5.053052751757702230e-11 4.314438163902970466e-11 1.832792562132984562e-06
4.608102929004458836e+00 5.292425219891622744e-11 3.302148587699736827e-11 1.237152774227511471e-05
4.611183211711012753e+00 3.775123321695750232e-10 8.837439408903285268e-11 5.372789192165141323e-05
4.614263494417566669e+00 2.807696636973389211e-09 6.486105715393386099e-10 2.825160763077923503e-04
4.617343777124120585e+00 1.678464840383466523e-09 4.332853428157608898e-10 1.846962529250828499e-04
4.620424059830673613e+00 7.930392250835741875e-11 2.790884160564910132e-11 1.173797801564774438e-05
4.623504342537227529e+00 2.332181225646655315e-11 7.833119629189982252e-12 1.196543928933516706e-06
4.626584625243781446e+00 3.317212083358868001e-11 1.521417735377769931e-11 1.536116189420431963e-06
4.629664907950335362e+00 3.568077193973872873e-11 1.711141763043490585e-11 1.042515463456393179e-05
4.632745190656889278e+00 6.922785106837594808e-10 3.847820047501512613e-10 4.771539230122504699e-05
4.635825473363442306e+00 1.892372887593867258e-09 1.078763955133984487e-09 6.195104183676962092e-05
4.638905756069996222e+00 4.752863737703030672e-10 3.135260893869049036e-10 1.271584148107163050e-05
4.641986038776550139e+00 4.792533619059552398e-11 4.281783222276377416e-11 1.103819341659218517e-06
4.645066321483104055e+00 4.497766812145591868e-11 3.262324804567181505e-11 1.587916196588537086e-06
4.648146604189657971e+00 5.149615974246721959e-11 2.539631604000968931e-11 8.272464334820259506e-06
4.651226886896211887e+00 8.751481363537738069e-11 1.911462417163162722e-11 3.516917906222969922e-05
4.654307169602765804e+00 1.131332477033158685e-09 1.880484434941832619e-10 2.589036378897595120e-04
4.657387452309319720e+00 1.288361114132362386e-09 2.445705299553622297e-10 3.090436517896095374e-04
4.660467735015872748e+00 1.162826079588497722e-10 3.047081358370996097e-11 3.414991760329241631e-05
4.663548017722426664e+00 1.584083963578359455e-11 5.262092347360128998e-12 2.116644990983570981e-06
4.666628300428980580e+00 1.912561769094155453e-11 1.113770799877245576e-11 1.489382583518080621e-06
4.669708583135534496e+00 1.819610051499650690e-11 9.597830085795973364e-12 5.539109474271614983e-06
4.672788865842088413e+00 2.655821267369130046e-10 1.568145644032927838e-10 3.542924390325069388e-05
4.675869148548641441e+00 1.342670584605754033e-09 8.934079004063667156e-10 7.393967256356786535e-05
4.678949431255195357e+00 6.099277081811094657e-10 4.598777559341368194e-10 2.732412145130316816e-05
4.682029713961749273e+00 5.554297223537032662e-11 4.950761171206998028e-11 1.782686462110395195e-06
4.685109996668303189e+00 3.263350588508716707e-11 2.635234518397016520e-11 1.474642849565200455e-06
4.688190279374857106e+00 3.598443072499428001e-11 2.292719325747354011e-11 5.169641469224812705e-06
4.691270562081411022e+00 2.959122513220877577e-11 1.303871566669565790e-11 2.062104298202834497e-05
4.694350844787964938e+00 3.084520299867063811e-10 1.750473614024323644e-10 1.988084746199602476e-04
4.697431127494518854e+00 6.662864883117056131e-10 4.287285857531941984e-10 4.395429752993394593e-04
4.700511410201072771e+00 1.207744430614123179e-10 9.192840284405224826e-11 8.859202701128397848e-05
4.703591692907625799e+00 8.675188264462607295e-12 5.876902225414836936e-12 3.830337718586336759e-06
4.706671975614179715e+00 1.072351108158728151e-11 8.222590008260799943e-12 1.343853182398074947e-06
4.709752258320733631e+00 1.221690458393042445e-11 1.031118616306676293e-11 2.358599038920650554e-06
4.712832541027287547e+00 7.370113651568237014e-11 5.816418412379916661e-11 1.806665204899718974e-05
4.715912823733841464e+00 6.692555622218298666e-10 6.905853640987830227e-10 6.857242629020150954e-05
4.718993106440394492e+00 5.480185347904619409e-10 6.257218176248116971e-10 4.672084873610251698e-05
4.722073389146948408e+00 5.813035261096533933e-11 7.043592688153757649e-11 3.700354757967322494e-06
4.725153671853502324e+00 2.182749662977472773e-11 2.140819992367578477e-11 1.173929544658774492e-06
4.728233954560056240e+00 2.447472797418451654e-11 2.368106948148167771e-11 3.134981892613615667e-06
4.731314237266609268e+00 1.997516792773051029e-11 1.629555154156985387e-11 1.017612424699569817e-05
4.734394519973164073e+00 2.836631712660505282e-10 2.232600423503744738e-10 1.094046064895073494e-04
4.737474802679717989e+00 1.134216006272114991e-09 1.033376231886031106e-09 4.657239428904699384e-04
4.740555085386271905e+00 3.987895145443658978e-10 3.867633755622117668e-10 1.732862999428084994e-04
4.743635368092824933e+00 1.336945847621197125e-11 1.253538372365001335e-11 6.948469385167987658e-06
4.746715650799378849e+00 1.030180403792190320e-11 8.290738010550259702e-12 1.145380127692380706e-06
4.749795933505932766e+00 1.507721654075395472e-11 1.266154695512972600e-11 1.168622097984858894e-06
4.752876216212486682e+00 2.931720252074716899e-11 2.225567500432431635e-11 5.365863266175753509e-06
4.755956498919040598e+00 4.905991540576809137e-10 4.743391405051058807e-10 4.784528140983263146e-05
4.759036781625593626e+00 7.721962612808984512e-10 7.678329312064961193e-10 6.384998639732898836e-05
4.762117064332147542e+00 1.142820359167235184e-10 1.222853908305412016e-10 8.411662610529141451e-06
4.765197347038701459e+00 1.855094136843282379e-11 1.925506734369881350e-11 8.080446827299029201e-07
4.768277629745255375e+00 2.431207099960821487e-11 2.340490082056867616e-11 1.828066575338276478e-06
4.771357912451809291e+00 2.620715826011945153e-11 2.228743616187192839e-11 4.458152387557526526e-06
4.774438195158363207e+00 1.775008069483691842e-10 1.544874385145804338e-10 4.263206546227710675e-05
4.777518477864917124e+00 1.373919139469924923e-09 1.382896048062982509e-09 3.696077406978928726e-04
4.780598760571471040e+00 9.003382187179140424e-10 9.325668166187403407e-10 2.508909442822067131e-04
4.783679043278024956e+00 4.532795773595341233e-11 4.214236252259657707e-11 1.386080112595519744e-05
4.786759325984577984e+00 1.039814452944182756e-11 9.529021190187240816e-12 1.084798163361113418e-06
4.789839608691131900e+00 1.573003935311991395e-11 1.352832021169856698e-11 8.122931810527594336e-07
4.792919891397685817e+00 1.797844912034787595e-11 1.373906471692309157e-11 1.226922300648396372e-06
4.796000174104239733e+00 3.892673485788656304e-10 2.804970485162074019e-10 2.343995360757550721e-05
4.799080456810792761e+00 1.158673981019360144e-09 8.327118373082080197e-10 6.683345442554913980e-05
4.802160739517346677e+00 3.100900776484813449e-10 2.236596453420343511e-10 1.692714758530112977e-05
4.805241022223900593e+00 2.320077227426489372e-11 2.055853816516324401e-11 6.060062516028155783e-07
4.808321304930454509e+00 2.228221097966716020e-11 1.977192909200838074e-11 9.155115504397054252e-07
4.811401587637008426e+00 2.760733580626019231e-11 2.396090725815858170e-11 1.984474548581589989e-06
4.814481870343561454e+00 4.660358641035368572e-11 6.131364854877862313e-11 1.333450144539255491e-05
4.817562153050116258e+00 5.757297821747721761e-10 9.913356929941641119e-10 2.129706336054193135e-04
4.820642435756670174e+00 6.914956753604648456e-10 1.216471690387322896e-09 2.597016770551753648e-04
4.823722718463224091e+00 7.072391805987382950e-11 1.138811544850547619e-10 2.617288461989580845e-05
4.826803001169777119e+00 7.153629146844074528e-12 9.256304646880344772e-12 1.360678878181061325e-06
4.829883283876331035e+00 1.086832811924082014e-11 1.116885228986195822e-11 9.120664431180369544e-07
4.832963566582884951e+00 1.164063541179445143e-11 1.168732572378492701e-11 2.144550123662911906e-06
4.836043849289438867e+00 1.759021492686458268e-10 1.312660286767827474e-10 9.710525421121208111e-06
4.839124131995992784e+00 9.779381433211655446e-10 7.411638589070761207e-10 4.755806026226437047e-05
4.842204414702545812e+00 4.817464233353255014e-10 3.618112011053601442e-10 2.335888536825822599e-05
4.845284697409099728e+00 3.415578347936873308e-11 2.698945164728344235e-11 6.520115144195512074e-07
4.848364980115653644e+00 1.634855427815272811e-11 1.497009591763795105e-11 3.608981842152035293e-07
4.851445262822207560e+00 1.721738034700353307e-11 2.064655767445876407e-11 1.046363210149065098e-06
4.854525545528761477e+00 1.172706404665803304e-11 2.147422133955059257e-11 6.906690336413569735e-06
4.857605828235315393e+00 9.750513299632297162e-11 3.796074475732682964e-10 8.735816473539864799e-05
4.860686110941869309e+00 1.980923282831123462e-10 8.563542568283428231e-10 1.766509601442887664e-04
4.863766393648423225e+00 3.833425281003020244e-11 1.674870492473829711e-10 3.449285760389272801e-05
4.866846676354976253e+00 3.684695006509782762e-12 8.080096917246548256e-12 1.907888471535662133e-06
4.869926959061530169e+00 6.174980940829648084e-12 7.001587865113812617e-12 1.344965005829794389e-06
4.873007241768084086e+00 8.615056460891740185e-12 8.916810389939211102e-12 3.399652965350009883e-06
4.876087524474638002e+00 4.461942387161977928e-11 4.484889252383519257e-11 1.018945484501450207e-05
4.879167807181191918e+00 4.739134949385373039e-10 4.929253330803981153e-10 2.701532153003491840e-05
4.882248089887744946e+00 4.277851816686945718e-10 4.483015141495809060e-10 2.149042921383504922e-05
4.885328372594298862e+00 4.529091005765253194e-11 4.474189999571091688e-11 1.255032720935011880e-06
4.888408655300852779e+00 1.242129948603539443e-11 1.206295769443028881e-11 2.002293712906134655e-07
4.891488938007406695e+00 1.169830087579199923e-11 1.486191524180877919e-11 7.329647756802502841e-07
4.894569220713960611e+00 6.873644092269061474e-12 1.089421720620892794e-11 6.002222668903819266e-06
4.897649503420513639e+00 7.635129350337798620e-11 7.645036991705885718e-11 3.269739699451512438e-05
4.900729786127068444e+00 3.269921909077640413e-10 3.134125805892886090e-10 7.380545288540070600e-05
4.903810068833622360e+00 1.258373331978096778e-10 1.224894915426730868e-10 2.770258947523025886e-05
4.906890351540176276e+00 3.788448719377391802e-12 6.949275181230397168e-12 2.872977563974098784e-06
4.909970634246729304e+00 4.299910064390478515e-12 3.740360882272604791e-12 1.744746934947394068e-06
4.913050916953283220e+00 7.953932760443183696e-12 6.517117271439380499e-12 3.466316341533016705e-06
4.916131199659837137e+00 1.117584327221691936e-11 1.206240033816585593e-11 1.205193458497532102e-05
4.919211482366391053e+00 1.772797618076207299e-10 2.373250790650525907e-10 2.088423110842043461e-05
4.922291765072944969e+00 3.031814073189176480e-10 4.078952828780621579e-10 1.613875200321187854e-05
4.925372047779497997e+00 5.536631301704595918e-11 7.245923839056613519e-11 2.260727659443451685e-06
4.928452330486051913e+00 1.086703936186381425e-11 1.127137647130784457e-11 3.329973094284875609e-07
4.931532613192605830e+00 1.131438263907377696e-11 9.892179443208472806e-12 6.059843229730193426e-07
4.934612895899159746e+00 1.054739812110921361e-11 7.458055829418445668e-12 4.280319686533305458e-06
4.937693178605712774e+00 5.300476940451203577e-11 1.331962990200771134e-11 1.855605578717252273e-05
4.940773461312266690e+00 4.966796274582593603e-10 8.509778665210878946e-11 3.343570445093953800e-05
4.943853744018821494e+00 3.703670047128121255e-10 6.380910615770149086e-11 2.481922094260700440e-05
4.946934026725375411e+00 1.956298787054063217e-11 5.675838156720338332e-12 5.004169293845008306e-06
4.950014309431928439e+00 3.914468286332550687e-12 2.006466427767838810e-12 2.131349328202279125e-06
4.953094592138482355e+00 7.411116861897539314e-12 5.158876021661060066e-12 3.055181515070621751e-06
4.956174874845036271e+00 6.992356423120223032e-12 4.238306123440669353e-12 9.038752611138411018e-06
4.959255157551590187e+00 8.333381945059655648e-11 8.885869223686722518e-11 2.089282648635876826e-05
4.962335440258144104e+00 2.624763396160371723e-10 2.950831037130640854e-10 1.809919217093465305e-05
4.965415722964697132e+00 8.084550007937493083e-11 9.777849456443442681e-11 4.606730124439359257e-06
4.968496005671251048e+00 9.828931891646041763e-12 1.132075148453208470e-11 7.267212214538548319e-07
4.971576288377804964e+00 8.110127628957354976e-12 7.044867331421847504e-12 6.833627885121305208e-07
4.974656571084358880e+00 1.032896991064740392e-11 6.406318585462298018e-12 2.590698692218144386e-06
4.977736853790912797e+00 2.155240574175818262e-11 6.810212948773188163e-12 1.137102862436400788e-05
4.980817136497465825e+00 3.981203969495484520e-10 8.873128935129365523e-11 4.452466917020895935e-05
4.983897419204020629e+00 5.562996941491949210e-10 1.260591081380847276e-10 6.472849006822614713e-05
4.986977701910574545e+00 6.477132365380161183e-11 1.658644812415476197e-11 1.255767706883455477e-05
4.990057984617128461e+00 4.944655084711213523e-12 1.807414670052202346e-12 2.486735254150095966e-06
4.993138267323681490e+00 7.013915797383982005e-12 4.039821690281863947e-12 2.411588143209282145e-06
4.996218550030235406e+00 6.848028723499410685e-12 3.481981213028219006e-12 4.768351015004108773e-06
4.999298832736789322e+00 4.700719282317888935e-11 3.020889290863109553e-11 1.462915963635938354e-05
5.002379115443343238e+00 2.757627959908295376e-10 1.989556399960106830e-10 2.455464910384900850e-05
5.005459398149896266e+00 1.490263126730396850e-10 1.194666689302244316e-10 1.142909640934898644e-05
5.008539680856450182e+00 1.112569285608449305e-11 1.267147435010056829e-11 1.465064946552304934e-06
5.011619963563004099e+00 5.301538794126837674e-12 5.365469469421560448e-12 8.702039947394602190e-07
5.014700246269558015e+00 8.428856745526092920e-12 6.215340274455443543e-12 1.887613511707857100e-06
5.017780528976111931e+00 1.048664715416581639e-11 4.793111218593935148e-12 5.948340093590159127e-06
5.020860811682664959e+00 2.689357070072008536e-10 1.106549065360161021e-10 5.522801205229910736e-05
5.023941094389218875e+00 6.989663337641785440e-10 2.995985599864927356e-10 1.507324374951638142e-04
5.027021377095773680e+00 1.620743329098393838e-10 7.215901397596050188e-11 3.944230489221075501e-05
5.030101659802327596e+00 8.529651109319649222e-12 3.297580190179877249e-12 3.247945405388897097e-06
5.033181942508880624e+00 6.309148858869928162e-12 3.460853670702620055e-12 1.846681830380252979e-06
5.036262225215434540e+00 6.805157158484530913e-12 4.213527299539315911e-12 2.395525814653019647e-06
5.039342507921988457e+00 2.335456208651244752e-11 1.081813154653353986e-11 6.308110902118080370e-06
5.042422790628542373e+00 2.813451369516429636e-10 1.403436305177189734e-10 2.439312930579601887e-05
5.045503073335096289e+00 2.848895655827348981e-10 1.502800550791699311e-10 2.221166466920521823e-05
5.048583356041649317e+00 2.785203944824399474e-11 1.839037022219916347e-11 3.110608537650187433e-06
5.051663638748203233e+00 6.248346350928380628e-12 4.560436512672167779e-12 1.072756868173927998e-06
5.054743921454757150e+00 1.035726123174768075e-11 5.925660176121593616e-12 1.900510602703600599e-06
5.057824204161311066e+00 1.115286184970541471e-11 4.917056814116571259e-12 5.170619493835999894e-06
5.060904486867864982e+00 1.253277339352873527e-10 8.191751213158808402e-11 4.964417270572743973e-05
5.063984769574418010e+00 6.044342995503992915e-10 4.241575383319696804e-10 2.355329091135783029e-04
5.067065052280971926e+00 2.604890298049131934e-10 1.852346775729803799e-10 1.038893321614304892e-04
5.070145334987526731e+00 1.385023161307913807e-11 7.344152777109339188e-12 5.720770512907094470e-06
5.073225617694079759e+00 4.277235922729687424e-12 3.512369067492828827e-12 1.683297598471202960e-06
5.076305900400633675e+00 4.194421109966990050e-12 4.582178552071245856e-12 1.694575656269830434e-06
5.079386183107187591e+00 8.888850174326987330e-12 5.031903795522952555e-12 3.753053228381600482e-06
5.082466465813741507e+00 2.071081982566055426e-10 9.828846715483667317e-11 1.887741562116348467e-05
5.085546748520295424e+00 3.897790980222160614e-10 1.910625201736079606e-10 2.979799107075643683e-05
5.088627031226848452e+00 6.975520681934927860e-11 3.493308616365665693e-11 6.530449313636327391e-06
5.091707313933402368e+00 8.968205839109471563e-12 4.609845412114935277e-12 1.231887271787635717e-06
5.094787596639956284e+00 9.952234070939908185e-12 5.186674703801123559e-12 1.951582411077282353e-06
5.097867879346510200e+00 1.043464320195885728e-11 5.660454735108592664e-12 6.032256050809370749e-06
5.100948162053064117e+00 3.051799929706524742e-11 3.465312049347316970e-11 4.047862845715207634e-05
5.104028444759617145e+00 2.107023715137201692e-10 3.421877506037973764e-10 2.527712799616238667e-04
5.107108727466171061e+00 1.591096580195692354e-10 2.683712783979099094e-10 1.934839375788801111e-04
5.110189010172725865e+00 1.345579239112723962e-11 1.670621043664016515e-11 1.387695509409128752e-05
5.113269292879279782e+00 1.943117120020977609e-12 3.173706017644307653e-12 2.042977240471249944e-06
5.116349575585832810e+00 1.488440501175620502e-12 3.844920462011126972e-12 1.613369466221275150e-06
5.119429858292386726e+00 3.532542595957800685e-12 3.477070009039484508e-12 5.218101719802651016e-06
5.122510140998940642e+00 8.522316237760093847e-11 5.641267567377098069e-11 1.919524961567257860e-05
5.125590423705494558e+00 2.947098237855009628e-10 2.050202753497086634e-10 3.050441314501397969e-05
5.128670706412048474e+00 9.667717841307451584e-11 6.559322434332739084e-11 1.080463508219576949e-05
5.131750989118601503e+00 9.432710018879257384e-12 5.218230492796075519e-12 1.394801673635954246e-06
5.134831271825155419e+00 5.508859849108427667e-12 4.005272127561853050e-12 1.700294032193526066e-06
5.137911554531709335e+00 3.712801009277753740e-12 5.121391199423127287e-12 5.587608496480638670e-06
5.140991837238263251e+00 7.315921027150317776e-12 9.324862527580169954e-12 3.677282243613540940e-05
5.144072119944816279e+00 1.828497341512556834e-11 1.452258880596977833e-10 2.076910884539752921e-04
5.147152402651370195e+00 2.233238907157755535e-11 2.042943261261227896e-10 2.593876818987197563e-04
5.150232685357924112e+00 6.789717805395770438e-12 2.488720923131507938e-11 3.320394191309567042e-05
5.153312968064478916e+00 6.847368654839100451e-13 2.258292619464886160e-12 2.930358859304849997e-06
5.156393250771031944e+00 1.642836844155121288e-12 2.406209569344273993e-12 1.700499853824519086e-06
5.159473533477585860e+00 3.603108190502620535e-12 2.471481664688469522e-12 5.774367398214965780e-06
5.162553816184139777e+00 1.799256318616842586e-11 2.286276811287413974e-11 2.534640898225623836e-05
5.165634098890693693e+00 1.023239680358219271e-10 1.589692320317683019e-10 3.257377846521026393e-05
5.168714381597247609e+00 6.100779569075047462e-11 9.312473006356448815e-11 1.513354301187949071e-05
5.171794664303800637e+00 6.772298227185788334e-12 7.017751917764811086e-12 1.728655751883382692e-06
5.174874947010354553e+00 2.052469731206099332e-12 2.857108563271989034e-12 1.261670370314533416e-06
5.177955229716908470e+00 6.564642359393950670e-13 3.515977808124496962e-12 4.056380660081450234e-06
5.181035512423462386e+00 5.620852465253074005e-12 2.736595279574389941e-12 3.105750675903034582e-05
5.184115795130016302e+00 7.948380073294867806e-11 2.824479035660653833e-11 1.402681811705072050e-04
5.187196077836569330e+00 2.390467575932742269e-10 6.969179135739340072e-11 2.543581547378846622e-04
5.190276360543123246e+00 6.907750991010926760e-11 1.680372865307620872e-11 6.182245343994180909e-05
5.193356643249677163e+00 2.573755379835534976e-12 1.300437019969458857e-12 4.156214129632801395e-06
5.196436925956231967e+00 2.265846130019280933e-12 1.198574528450072590e-12 1.733445545930573623e-06
5.199517208662784995e+00 4.058741168883717905e-12 1.688393638010014320e-12 4.439203495471889962e-06
5.202597491369338911e+00 7.272537744616805450e-12 6.569131409050052926e-12 2.610748137633909493e-05
5.205677774075892827e+00 2.963484914836217734e-11 8.600204326744458845e-11 3.761443525692181601e-05
5.208758056782446744e+00 2.940480446578926495e-11 9.284408622457074042e-11 1.913857446369733706e-05
5.211838339488999772e+00 4.659395442956846998e-12 1.056984477607468579e-11 2.548852580364497546e-06
5.214918622195553688e+00 1.118605301567853935e-12 2.168432094631759667e-12 9.101466571016741593e-07
5.217998904902107604e+00 3.154295257596347808e-12 2.007841457777139279e-12 2.428926787695942198e-06
5.221079187608661520e+00 8.425651276016137743e-12 1.334755531983374277e-12 2.002566564169793202e-05
5.224159470315215437e+00 9.683260568857125104e-11 4.804914677207802250e-12 8.355269028237738936e-05
5.227239753021768465e+00 5.114356200045749018e-10 1.900639490590237044e-11 1.867955524834156956e-04
5.230320035728322381e+00 2.484006977432963541e-10 8.571507144439674218e-12 8.340811034314877387e-05
5.233400318434876297e+00 9.849870503376292564e-12 6.371131864790134748e-13 6.347385614863558673e-06
5.236480601141431102e+00 2.090965084795303086e-12 5.937344600320294847e-13 1.736141194765521402e-06
5.239560883847984130e+00 2.997268826411839724e-12 1.456552766645221434e-12 2.912353573915387547e-06
5.242641166554538046e+00 5.653282300896614543e-12 1.788442184903072577e-12 1.787369291944372658e-05
5.245721449261091962e+00 4.092778000562617144e-11 3.520154618429993690e-11 3.773375244323061304e-05
5.248801731967645878e+00 6.786355621328339932e-11 7.033466832883825726e-11 2.285180630143833806e-05
5.251882014674199795e+00 1.307967545607482094e-11 1.455871177372467459e-11 3.964633126834795237e-06
5.254962297380752823e+00 1.793863538770435940e-12 1.829522439123401181e-12 8.026395200421363407e-07
5.258042580087306739e+00 4.040977130913787203e-12 1.236571931787428448e-12 1.300665411642460821e-06
5.261122862793860655e+00 7.974245873622946548e-12 1.084432648140297014e-12 9.314799512907197783e-06
5.264203145500414571e+00 5.151789845027896701e-11 3.885930261120303060e-12 4.391322669426054947e-05
5.267283428206968487e+00 4.558281287572202318e-10 3.508261050200517100e-11 1.222779277645162351e-04
5.270363710913521516e+00 3.882594508996189299e-10 3.015345499849743104e-11 9.803176293443695050e-05
5.273443993620075432e+00 2.680009612093144780e-11 2.136750531324354027e-12 1.091523467861627991e-05
5.276524276326629348e+00 2.258738724868685277e-12 4.531863696510111620e-13 1.715862363250102051e-06
5.279604559033183264e+00 1.879178385884628097e-12 1.324188035173679647e-12 1.816968994037389200e-06
5.282684841739737180e+00 3.312083075455768760e-12 9.291120127109292556e-13 7.798820989849456723e-06
5.285765124446291097e+00 3.561413041489296694e-11 1.254093507121467012e-11 2.730941383618734294e-05
5.288845407152845013e+00 1.186683854508228242e-10 4.719545904078152765e-11 2.888669205681700892e-05
5.291925689859398929e+00 4.102721441862965890e-11 1.803380013598649034e-11 7.890369103336117206e-06
5.295005972565951957e+00 2.842083563826672474e-12 1.755959178925848311e-12 9.168368030753255212e-07
5.298086255272505873e+00 2.876985123933085498e-12 9.011713528555282043e-13 7.683212779579228087e-07
5.301166537979059790e+00 4.991988724338747141e-12 1.148031772359348397e-12 3.364654807354220089e-06
5.304246820685613706e+00 1.646285406267622158e-11 2.172769755964521614e-12 1.737405632598862222e-05
5.307327103392167622e+00 2.332539394823078977e-10 4.246377904774930304e-11 8.244247243705686340e-05
5.310407386098720650e+00 3.504109267313015517e-10 6.939650075394190844e-11 1.272394792151441761e-04
5.313487668805274566e+00 4.847226474477652125e-11 1.014110167927433327e-11 2.251432011150749000e-05
5.316567951511828483e+00 2.554397495170421045e-12 6.835553182413987220e-13 1.903562353785889866e-06
5.319648234218382399e+00 1.480346291930045869e-12 1.073544916113338876e-12 1.148087525320416286e-06
5.322728516924936315e+00 2.096127713362130375e-12 1.004292858795908634e-12 2.269245007989065246e-06
5.325808799631490231e+00 1.722112368821947683e-11 4.243549904300087479e-12 1.165753771648806610e-05
5.328889082338044147e+00 1.217686683042210706e-10 3.149153824940880530e-11 3.159808490971544650e-05
5.331969365044598064e+00 7.980331267744749040e-11 2.178011853434022081e-11 1.723320543426327863e-05
5.335049647751151092e+00 5.705968891065861252e-12 2.134578680050259970e-12 1.613573258754173018e-06
5.338129930457705008e+00 2.273592566982810892e-12 7.506164254612314895e-13 6.272498327160775586e-07
5.341210213164258924e+00 2.690058171827436514e-12 1.103709260450147616e-12 1.401414125520918203e-06
5.344290495870812840e+00 4.205444062122965406e-12 1.087441021857863006e-12 6.050913538411079211e-06
5.347370778577366757e+00 7.100017723124010363e-11 2.998968233238479833e-11 5.907666421857228948e-05
5.350451061283919785e+00 1.901166985480503812e-10 9.294925258690434904e-11 1.750672497100069270e-04
5.353531343990473701e+00 5.154851938188786975e-11 2.586471520852664211e-11 5.138744351795445335e-05
5.356611626697027617e+00 2.745700121465184991e-12 1.138238157231565261e-12 2.933800656641628328e-06
5.359691909403581533e+00 8.016822304239181367e-13 8.988708916126851503e-13 8.881904885107477757e-07
5.362772192110135450e+00 9.042584470641615630e-13 1.105949994970692952e-12 9.777429920621174455e-07
5.365852474816689366e+00 5.170204009319229846e-12 1.557515531482032095e-12 3.041858207993229732e-06
5.368932757523243282e+00 7.340164379616141547e-11 2.111085471564267135e-11 2.573547853560854244e-05
5.372013040229797198e+00 8.835118080220804922e-11 2.643310677450563074e-11 2.975379827006201925e-05
5.375093322936351115e+00 1.063953299125249406e-11 3.425357272685059425e-12 3.891362992037527933e-06
5.378173605642904143e+00 2.087756467432190781e-12 7.450670403457604890e-13 6.927552923920333034e-07
5.381253888349458059e+00 1.116875284012256852e-12 9.147812958085092378e-13 1.118178921386256157e-06
5.384334171056011975e+00 1.638179766678506557e-12 9.681834134461025388e-13 4.930392797103250214e-06
5.387414453762565891e+00 1.890155828499651274e-11 1.302596761642906340e-11 4.887308644451079481e-05
5.390494736469119808e+00 8.894685880166614514e-11 7.752579323199513043e-11 2.143253671794173967e-04
5.393575019175672836e+00 4.847894916883943210e-11 3.909520959732893035e-11 1.065224622194854860e-04
5.396655301882226752e+00 3.476837564559158862e-12 1.922282034085792765e-12 6.073194630064458296e-06
5.399735584588780668e+00 2.731247608025792622e-13 7.180290747106149139e-13 1.099857273616030291e-06
5.402815867295334584e+00 2.265663068191467613e-13 9.119458973012257334e-13 1.100421409213351008e-06
5.405896150001888500e+00 1.495541060646667824e-12 8.323427757076787140e-13 3.884521738116786054e-06
5.408976432708442417e+00 1.968528812703738962e-11 1.307366851814550194e-11 2.115673462694371779e-05
5.412056715414996333e+00 4.056478837752446065e-11 2.994344140298822055e-11 3.980663727504561863e-05
5.415136998121550249e+00 9.103931134399726472e-12 6.353772028914073109e-12 9.048691489601581658e-06
5.418217280828103277e+00 1.343107067279655203e-12 7.663702032048571706e-13 8.910390029265771195e-07
5.421297563534657193e+00 3.694300388117018012e-13 6.790271928888757818e-13 1.188984587143291359e-06
5.424377846241211110e+00 1.323208450390518194e-12 8.611615181716895855e-13 5.455061040024014866e-06
5.427458128947765026e+00 1.506151685553387306e-11 3.241126814661036938e-12 4.837651649337198942e-05
5.430538411654318942e+00 1.298478165778166275e-10 3.534463993093491093e-11 2.150923898721439072e-04
5.433618694360871970e+00 1.347171635433086908e-10 3.186658005034869918e-11 1.724330136709850464e-04
5.436698977067425886e+00 1.386449482323497144e-11 2.652711316862932499e-12 1.473890017119421737e-05
5.439779259773979803e+00 7.386260758459219384e-13 4.436729525294196142e-13 1.828246941573922894e-06
5.442859542480533719e+00 6.837197726453022603e-13 5.271184795849572310e-13 1.323622163048628321e-06
5.445939825187087635e+00 1.586729138264091281e-12 4.964370742123325904e-13 6.201689896573244835e-06
5.449020107893641551e+00 4.510856700764159931e-12 6.510676964249080418e-12 2.349027816877431073e-05
5.452100390600195468e+00 3.792416493522894398e-12 2.721244115229576645e-11 4.339513797654835251e-05
5.455180673306749384e+00 1.876826600877239022e-12 1.033056763096342324e-11 1.662264679142258294e-05
5.458260956013303300e+00 4.232348830284805198e-13 7.901782042363494084e-13 1.264327519005927424e-06
5.461341238719856328e+00 3.280977210319972187e-13 4.404942726291564441e-13 1.132342040932550428e-06
5.464421521426410244e+00 2.536220163687177819e-12 5.489281275936928598e-13 4.384312627092698289e-06
5.467501804132964160e+00 1.500601307473139082e-11 5.554430183916945098e-13 4.478034840957948853e-05
5.470582086839518077e+00 1.672943733186507636e-10 6.162109655034367503e-12 1.832442336266575664e-04
5.473662369546071105e+00 2.984037158453343099e-10 9.735441934191357797e-12 2.130954018543039074e-04
5.476742652252625021e+00 5.180488166846326281e-11 1.642200477578550657e-12 3.191988472343251250e-05
5.479822934959178937e+00 2.265350515131946263e-12 2.071432758626794151e-13 2.779989855616043043e-06
5.482903217665732853e+00 1.160643305400835367e-12 2.352463433070684524e-13 1.409648576500120276e-06
5.485983500372286770e+00 1.602488012483015973e-12 2.602112948659328840e-13 5.377689018328650437e-06
5.489063783078840686e+00 9.298430971676533045e-12 2.340265571068255001e-12 2.512436964102133575e-05
5.492144065785394602e+00 3.140477251248313279e-11 1.749043078769180359e-11 4.161531222157012483e-05
5.495224348491948518e+00 1.985777918767850235e-11 1.199999120849216123e-11 2.353777181022283086e-05
5.498304631198502435e+00 1.174937510359909896e-12 9.639231474830733681e-13 2.090834371137916673e-06
5.501384913905055463e+00 5.470323557629055174e-13 2.671130849069953475e-13 9.629941760000029418e-07
5.504465196611609379e+00 2.937130037160053858e-12 2.582563000235501985e-13 2.842508027106933142e-06
5.507545479318163295e+00 1.201640406799596317e-11 1.639060990967640335e-13 3.072437328668484646e-05
5.510625762024717211e+00 1.098122023518156678e-10 4.844862332434702725e-13 1.362895774000821966e-04
5.513706044731271128e+00 3.180778540677271870e-10 1.100250520173103638e-12 2.079499583590982675e-04
5.516786327437824156e+00 9.699886975490687064e-11 3.866275181495572178e-13 5.475687753410459505e-05
5.519866610144378072e+00 3.922634431789563846e-12 6.207937388847510951e-14 3.597411733449048757e-06
5.522946892850931988e+00 9.728751520307795147e-13 1.173822515764946831e-13 1.379389056787599381e-06
5.526027175557485904e+00 1.145588922947402155e-12 2.095312597007978239e-13 3.250596761629706588e-06
5.529107458264039821e+00 7.985401767145683094e-12 6.265791172435905470e-13 1.929703163888154939e-05
5.532187740970593737e+00 5.470543485853464019e-11 7.754754677371049939e-12 3.553674467017623053e-05
5.535268023677147653e+00 6.096019811205359511e-11 9.511008461934098401e-12 2.665407620801230187e-05
5.538348306383701569e+00 6.426232300997729551e-12 1.241746319415660199e-12 3.628262762221479501e-06
5.541428589090254597e+00 7.405883324847651996e-13 1.718704281506353526e-13 8.322420414596639076e-07
5.544508871796808513e+00 1.490876862657053458e-12 1.275450006794690342e-13 1.650331976325940028e-06
5.547589154503362430e+00 6.171194272733090655e-12 1.159453750300759787e-13 1.445676684433999968e-05
5.550669437209916346e+00 4.275162781471285840e-11 1.302401091844873408e-12 8.101663613340480722e-05
5.553749719916470262e+00 1.658602500427195992e-10 7.463248744288761163e-12 1.523879623613103279e-04
5.556830002623023290e+00 8.759244397794579472e-11 4.062547021329043720e-12 6.709641265088034010e-05
5.559910285329577206e+00 4.699954804963866756e-12 1.500343786584802717e-13 4.661110901578009128e-06
5.562990568036131123e+00 6.126011927035785763e-13 8.623239596324079828e-14 1.217795289816117909e-06
5.566070850742685039e+00 6.130800538414577410e-13 2.371566396208380780e-13 1.753141801356665148e-06
5.569151133449238955e+00 3.837011467461437858e-12 1.812308901233272878e-13 1.004570400808831287e-05
5.572231416155791983e+00 3.377786806805484601e-11 2.580228134998930498e-12 2.415165985950004814e-05
5.575311698862346788e+00 6.660375142135212504e-11 5.665875767376464036e-12 2.446024016225798657e-05
5.578391981568900704e+00 1.354391816574344835e-11 1.373715905760546959e-12 5.627053401793500181e-06
5.581472264275454620e+00 7.230893014781696356e-13 1.218151165320278134e-13 8.070191310496803952e-07
5.584552546982007648e+00 3.492186159492747515e-13 9.231982183442199476e-14 8.421473837580526556e-07
5.587632829688561564e+00 1.729544466979172385e-12 1.412188069704369991e-13 4.898390862490264861e-06
5.590713112395115481e+00 1.446906749522258528e-11 9.278824940974062709e-13 3.665071566677959166e-05
5.593793395101669397e+00 4.974666636480098103e-11 1.123900732338524919e-11 8.223429580435770556e-05
5.596873677808223313e+00 4.170392016973441457e-11 1.161309204244485431e-11 5.581155052517225456e-05
5.599953960514776341e+00 4.083286814090952499e-12 1.008949816256803068e-12 5.727194325373373440e-06
5.603034243221330257e+00 3.325648112285512019e-13 1.162093647919220945e-13 9.000525551158632214e-07
5.606114525927884173e+00 2.517038961391402035e-13 2.141382505358127383e-13 9.355372641552966613e-07
5.609194808634438090e+00 1.521056472279940924e-12 1.611782823018439759e-13 4.163345621143026402e-06
5.612275091340991118e+00 1.127736078355454798e-11 7.621952081274641986e-13 1.325407650967386648e-05
5.615355374047545922e+00 3.608115225257347933e-11 3.145243627142620442e-12 1.892934323352522458e-05
5.618435656754099838e+00 1.394184967324494067e-11 1.410869397098817363e-12 7.618236992640511602e-06
5.621515939460653755e+00 7.514148785912814840e-13 1.186542272222654671e-13 9.840052299295549594e-07
5.624596222167206783e+00 1.689441568213842333e-13 7.754032083738422794e-14 4.896700004055794558e-07
5.627676504873760699e+00 3.749719028860204878e-13 1.678063276837073167e-13 1.763272957793553159e-06
5.630756787580314615e+00 6.559564529827242038e-12 3.562559651402297339e-13 1.617710779494254246e-05
5.633837070286868531e+00 1.995939079615150211e-11 8.740905939443443319e-12 4.026854332076817880e-05
5.636917352993422448e+00 2.326064301403514044e-11 1.704158032609547184e-11 3.487590222704902609e-05
5.639997635699975476e+00 4.605506801468971796e-12 3.014555010499399448e-12 6.021329723025377730e-06
5.643077918406529392e+00 2.279971256287612631e-13 1.802665010487173393e-13 6.729457803673834866e-07
5.646158201113083308e+00 1.084370657488737933e-13 1.681510464276464913e-13 5.879386222657027344e-07
5.649238483819637224e+00 6.065579909871075458e-13 1.980925234977427549e-13 2.328898437050680520e-06
5.652318766526191141e+00 4.580879880101244743e-12 3.263439340013723523e-13 1.045053758582132423e-05
5.655399049232744169e+00 1.351968044154836960e-11 2.155914026798844546e-12 1.712188677447257917e-05
5.658479331939298973e+00 8.580115283908142777e-12 1.739365347332336295e-12 1.099168125740168952e-05
5.661559614645852889e+00 7.903628403357593157e-13 1.660239451339030411e-13 1.632419342316153245e-06
5.664639897352406805e+00 1.947947171935905795e-13 7.744606047315608573e-14 5.478302406467111108e-07
5.667720180058959834e+00 1.770224630142207050e-13 1.582838818375311339e-13 1.273756616739549282e-06
5.670800462765513750e+00 4.748492018667176369e-12 2.077908768221456958e-13 1.376400702902764444e-05
5.673880745472067666e+00 1.954178667176585242e-11 4.394284159682051433e-12 4.139955219073387401e-05
5.676961028178621582e+00 3.296806093731784509e-11 1.624936749286226701e-11 3.450241982804438847e-05
5.680041310885174610e+00 1.192269179759608126e-11 5.338015216686014911e-12 8.749515271617073518e-06
5.683121593591728526e+00 6.702565223687022489e-13 2.705321457726581775e-13 1.083588532752352450e-06
5.686201876298282443e+00 1.647729399910328244e-13 1.246793459574562229e-13 6.608445121164220209e-07
5.689282159004836359e+00 3.733262031642813502e-13 1.573122136366540052e-13 1.953723888110352587e-06
5.692362441711390275e+00 4.705368540053739737e-12 2.208095447020573033e-13 1.363142095080447422e-05
5.695442724417943303e+00 1.109486890163834604e-11 1.860581241549149307e-12 2.412848999268415317e-05
5.698523007124497219e+00 7.899913680844510161e-12 2.599042538560564342e-12 1.877610237949480271e-05
5.701603289831052024e+00 1.029332914639091773e-12 3.434241076497737858e-13 3.612570664313105552e-06
5.704683572537605940e+00 1.307149190303604260e-13 7.515729920923552798e-14 8.635551978746812466e-07
5.707763855244158968e+00 1.389652631217269563e-13 1.234275320211872390e-13 1.453396935888274694e-06
5.710844137950712884e+00 4.326208179903986869e-12 1.758691210070365507e-13 1.452627539256531724e-05
5.713924420657266801e+00 2.598502415069643504e-11 1.367765837362999582e-12 6.806355198580546799e-05
5.717004703363820717e+00 5.798324727304177045e-11 9.438009052116644869e-12 7.242877781538990096e-05
5.720084986070374633e+00 3.383286161913622753e-11 5.645993309773164124e-12 2.584127316134052056e-05
5.723165268776927661e+00 2.785784392546518228e-12 3.959080892178621631e-13 2.886600889749445615e-06
5.726245551483481577e+00 3.372894051909783728e-13 8.036692156179006549e-14 1.181840207429941758e-06
5.729325834190035494e+00 3.678326981518134567e-13 7.810737509563867562e-14 1.897371297903368257e-06
5.732406116896589410e+00 4.530665459891196269e-12 1.045263795178393723e-13 1.527068495932790206e-05
5.735486399603143326e+00 1.741352762895157857e-11 1.339652270702394590e-12 3.670984487282316839e-05
5.738566682309696354e+00 2.066436432900521608e-11 3.263215301097217537e-12 3.251342456723057352e-05
5.741646965016251158e+00 4.605347651992569263e-12 7.530452379914110024e-13 8.857464635472351355e-06
5.744727247722805075e+00 1.764649663515771951e-13 5.741576901350355169e-14 1.372455640748361029e-06
5.747807530429358103e+00 2.558222180122808921e-13 7.369618648118240426e-14 1.668834506728103628e-06
5.750887813135912019e+00 3.361946877468865175e-12 1.053777874094847355e-13 1.147238590719741232e-05
5.753968095842465935e+00 2.912715498849860894e-11 2.482486991627797091e-13 8.519176987203913012e-05
5.757048378549019851e+00 7.814431083597166300e-11 2.703698272182716229e-12 1.319425406101321454e-04
5.760128661255573768e+00 6.741649061003768970e-11 2.999181017313561014e-12 6.879474546807422535e-05
5.763208943962126796e+00 8.093258940643757253e-12 4.041159546722822657e-13 8.513703725512649932e-06
5.766289226668680712e+00 6.952105736705936816e-13 4.643802860529054025e-14 2.107372860471941931e-06
5.769369509375234628e+00 3.606536083397599834e-13 2.499196003113037924e-14 1.954108089605796769e-06
5.772449792081788544e+00 3.012654508736883441e-12 2.653132937033256212e-14 1.231764404065132271e-05
5.775530074788342461e+00 1.942878306857822259e-11 6.284630015209830416e-13 4.481958434439868680e-05
5.778610357494895489e+00 3.941224854119401309e-11 2.696075164777230643e-12 5.068435231046300731e-05
5.781690640201449405e+00 1.548592682289036937e-11 1.150402305430217306e-12 2.070237894967345214e-05
5.784770922908004209e+00 7.323809395061108862e-13 5.333922277559738078e-14 2.330344215319635014e-06
5.787851205614558125e+00 3.767342281649253166e-13 3.314688317875192635e-14 1.766625078646632228e-06
5.790931488321111154e+00 2.048621810042623756e-12 4.344445237880238185e-14 7.217713092989619935e-06
5.794011771027665070e+00 2.400070786252252997e-11 3.278395218018664308e-14 7.445306855407088104e-05
5.797092053734218986e+00 7.445705397352830711e-11 2.804052362939119413e-13 1.730946254617799634e-04
5.800172336440772902e+00 8.331670283124458861e-11 6.514547550433411282e-13 1.300122830975333321e-04
5.803252619147326818e+00 1.593350251959728130e-11 2.022957156363343353e-13 2.341570374662240738e-05
5.806332901853879846e+00 9.552577119705712916e-13 2.212794080100818421e-14 3.211416724511584998e-06
5.809413184560433763e+00 3.045474543213862911e-13 1.192331078661272902e-14 1.940386994039350320e-06
5.812493467266987679e+00 1.608382396815073763e-12 1.006582607222347431e-14 7.656533242898353375e-06
5.815573749973541595e+00 1.540573078649628871e-11 2.170050494829623079e-13 4.136862520838011765e-05
5.818654032680094623e+00 4.206724412218993937e-11 1.452425320726471965e-12 6.369814858704501070e-05
5.821734315386648539e+00 2.685347998581246187e-11 1.123291792023038306e-12 3.951757274203598924e-05
5.824814598093203344e+00 1.947099230871572760e-12 8.016649276084278849e-14 4.702626289496913204e-06
5.827894880799757260e+00 3.856847316326783015e-13 1.531563485766202913e-14 1.815024944224036877e-06
5.830975163506310288e+00 9.790414745598475023e-13 1.733219922363433784e-14 4.484917032674069655e-06
5.834055446212864204e+00 1.489472333594410525e-11 1.557978993546125239e-14 4.717009575391435027e-05
5.837135728919418121e+00 5.737923661461359816e-11 2.328273045460430150e-13 1.678576768043570945e-04
5.840216011625972037e+00 6.919606292907161438e-11 9.314832316772743621e-13 1.757488754993037357e-04
5.843296294332525953e+00 2.109107216658595855e-11 3.605552850195888576e-13 4.996731245192010870e-05
5.846376577039078981e+00 1.129870601260876148e-12 1.421138732145171830e-14 4.449317889436857136e-06
5.849456859745632897e+00 2.613799368887919916e-13 1.162617962132081662e-14 1.848252513465486063e-06
5.852537142452186814e+00 7.408294009797411536e-13 2.209188878184232583e-14 4.237542084351163199e-06
5.855617425158740730e+00 1.025236373227891825e-11 8.327616106324310784e-14 2.970545168941135901e-05
5.858697707865294646e+00 2.850068840913795640e-11 5.795778232651992941e-13 6.167492932030124741e-05
5.861777990571847674e+00 2.499471350955870471e-11 7.569159115360592631e-13 5.603833007875383410e-05
5.864858273278401590e+00 3.173804802384592888e-12 1.063191631383207400e-13 9.822280083894174382e-06
5.867938555984956395e+00 2.384614907258891028e-13 8.712846991628022852e-15 1.880707293638999893e-06
5.871018838691510311e+00 4.356727910235806394e-13 1.771412419064338394e-14 2.970238165587229110e-06
5.874099121398063339e+00 7.349639894879998906e-12 2.522361289749538392e-14 2.286650331024446883e-05
5.877179404104617255e+00 4.100026118855409134e-11 2.976397511964470223e-13 1.262103881846062849e-04
5.880259686811171171e+00 5.321006745510687883e-11 2.227238212083235759e-12 1.806988435848458547e-04
5.883339969517725088e+00 2.398739324976827502e-11 1.560389333130008660e-12 7.936623352206401648e-05
5.886420252224278116e+00 1.813292336753617503e-12 9.285129430708258307e-14 6.747351417154148380e-06
5.889500534930832032e+00 2.385041759429414499e-13 1.786055397233031914e-14 1.744070283491603358e-06
5.892580817637385948e+00 3.364431132090386402e-13 3.009549786567823226e-14 2.436223421780629596e-06
5.895661100343939864e+00 6.270549932915744182e-12 5.038527692862809232e-14 1.787532716142735135e-05
5.898741383050493781e+00 1.955445051694077853e-11 2.001483761223084026e-13 4.887370566603681899e-05
5.901821665757046809e+00 1.796234668273009672e-11 3.881317651775177983e-13 5.875175848950858076e-05
5.904901948463600725e+00 3.716424079449453751e-12 1.018362425177311471e-13 1.709571046629393835e-05
5.907982231170154641e+00 1.339233394229896254e-13 6.628841405682795002e-15 2.020599980174473655e-06
5.911062513876709446e+00 2.116493984656428139e-13 2.080223740566869909e-14 1.983733434518117036e-06
5.914142796583262474e+00 3.292805750887162871e-12 3.997353491019454103e-14 9.558011006783757169e-06
5.917223079289816390e+00 2.787308426013136776e-11 1.929314763973428551e-13 7.920463612155757870e-05
5.920303361996370306e+00 4.575510552284125565e-11 2.869170831987948359e-12 1.538082698927723446e-04
5.923383644702924222e+00 2.847793012349323687e-11 3.662863648453563723e-12 9.733167321385646754e-05
5.926463927409478138e+00 3.571875204243220840e-12 4.233499770133601295e-13 1.136527425615330200e-05
5.929544210116031167e+00 2.579549127654066701e-13 3.519482506275158955e-14 1.645904541070809039e-06
5.932624492822585083e+00 1.845322724302255952e-13 3.068158527497489305e-14 1.569751036098852381e-06
5.935704775529138999e+00 3.266793128659347918e-12 4.022510920976871024e-14 9.884468890535581042e-06
5.938785058235692915e+00 1.652618776214577223e-11 8.664306122994653731e-14 3.704657678036768638e-05
5.941865340942246831e+00 1.780465375615261364e-11 2.490041218282963605e-13 4.997988341044101490e-05
5.944945623648799859e+00 5.294340083921365735e-12 1.227605369746272515e-13 2.329369765712810498e-05
5.948025906355353776e+00 2.133577821852379394e-13 8.281808813686728607e-15 2.451167358477913244e-06
5.951106189061908580e+00 1.288224020782965624e-13 1.914039432370840929e-14 1.381787329127429899e-06
5.954186471768461608e+00 1.453282850073358836e-12 4.983222387308323395e-14 4.281964437183111051e-06
5.957266754475015524e+00 1.852865942702709374e-11 1.009626618243878054e-13 4.724778088833614788e-05
5.960347037181569441e+00 4.120916529005974988e-11 2.299736890184203384e-12 1.253078594394265929e-04
5.963427319888123357e+00 3.000326486975624190e-11 5.266746793270446399e-12 1.016879073893608645e-04
5.966507602594677273e+00 6.122008479074467142e-12 1.131467635780754649e-12 1.838205430560095155e-05
5.969587885301230301e+00 3.702846997465397741e-13 6.200803271460727728e-14 1.667931894189785165e-06
5.972668168007784217e+00 1.215323084740789504e-13 2.986665976085727575e-14 1.132378849481271190e-06
5.975748450714338134e+00 1.331419359703123656e-12 3.026197268839240725e-14 5.194691284594779484e-06
5.978828733420892050e+00 1.231518428745725650e-11 6.381173063898573858e-14 2.974498965290296081e-05
5.981909016127445966e+00 1.790050103051493118e-11 4.375168770647944229e-13 4.104675809472038076e-05
5.984989298833998994e+00 7.504735425184093703e-12 3.854219516597756658e-13 2.570526308852207311e-05
5.988069581540552910e+00 5.154104691051058400e-13 2.680223277705831438e-14 3.581220783280543047e-06
5.991149864247106827e+00 1.085863826889521031e-13 1.443866136115848086e-14 1.169814333176649581e-06
5.994230146953661631e+00 6.265950181632761346e-13 4.939048421130974683e-14 2.478427170888585786e-06
5.997310429660214659e+00 1.159368045099552054e-11 5.570229757241729698e-14 2.955925373668487436e-05
6.000390712366768575e+00 3.927615120187538677e-11 1.112903206503601001e-12 1.132564629709038298e-04
6.003470995073322491e+00 3.067979235915300775e-11 4.576948533202018979e-12 1.064486800867085552e-04
6.006551277779876408e+00 8.816781070385357004e-12 1.823825205064656820e-12 2.827058897573945164e-05
6.009631560486430324e+00 6.467409895060634303e-13 1.037010697802817140e-13 2.155997029135108431e-06
6.012711843192983352e+00 1.017832164887197382e-13 2.549355439037270470e-14 9.887964496465439508e-07
6.015792125899537268e+00 4.678098853982575939e-13 2.184285960775791786e-14 2.646122147778913221e-06
6.018872408606091184e+00 8.195841585702217097e-12 5.891349646186343142e-14 2.353447536911219254e-05
6.021952691312645101e+00 1.640024462612004238e-11 6.487049941944650927e-13 3.932932902261008324e-05
6.025032974019198129e+00 8.784135050380488683e-12 9.507086511032962912e-13 2.566529069532494424e-05
6.028113256725752045e+00 1.110926713680902625e-12 1.282631315673858698e-13 5.440179080615409615e-06
6.031193539432305961e+00 9.340421220472295801e-14 1.338021726510621383e-14 1.214195377939471365e-06
6.034273822138859877e+00 2.906890008073620281e-13 3.447048766268306837e-14 1.840107937623463113e-06
6.037354104845413794e+00 6.316404542595416235e-12 3.850253758489952743e-14 1.824063214095052811e-05
6.040434387551967710e+00 3.673677900687236751e-11 3.601594224923041022e-13 1.100167255560924730e-04
6.043514670258521626e+00 3.582865399407043242e-11 2.271899118593023636e-12 1.261237336185409548e-04
6.046594952965075542e+00 1.261037411618232664e-11 1.644707189838473073e-12 4.498713498321374910e-05
6.049675235671629459e+00 1.202508944206904287e-12 1.444002948069599298e-13 3.764305990628984248e-06
6.052755518378182487e+00 1.681083467193116058e-13 2.004444146503494663e-14 1.122784638013767292e-06
6.055835801084736403e+00 1.929109278364920984e-13 1.604706558904148180e-14 1.491783923935540133e-06
6.058916083791290319e+00 5.676535087854801872e-12 6.017452950497247991e-14 1.632845290230255854e-05
6.061996366497844235e+00 1.701514084077659147e-11 6.089992411774929304e-13 4.230014147741176104e-05
6.065076649204398151e+00 1.074312499800847950e-11 1.301158606991314665e-12 2.894117394339351204e-05
6.068156931910951180e+00 2.188847248860529965e-12 3.411016240480888003e-13 8.463946199998002124e-06
6.071237214617505096e+00 1.018195866039221097e-13 2.005097242893305976e-14 1.417056150715524222e-06
6.074317497324059012e+00 1.512404686797338370e-13 1.929611314316778428e-14 1.547920776622251595e-06
6.077397780030613816e+00 2.966089719705318054e-12 2.763818060955168765e-14 1.003363396689414717e-05
6.080478062737166844e+00 3.165893465285779364e-11 2.168388902395321218e-13 9.614594804275331896e-05
6.083558345443720761e+00 4.488306929665848327e-11 7.334242060262246461e-13 1.529644666878145405e-04
6.086638628150274677e+00 1.838305159279141765e-11 7.377893310913600944e-13 7.148137701267394406e-05
6.089718910856828593e+00 2.344457914153806165e-12 1.161427109995975883e-13 8.216096642249001733e-06
6.092799193563381621e+00 2.850651731966448942e-13 1.306926147353695748e-14 1.531470210174765564e-06
6.095879476269935537e+00 1.733230198346656838e-13 1.228297833696063506e-14 1.099887979025416876e-06
6.098959758976489454e+00 3.560843841554119008e-12 4.084955402240558931e-14 9.420259240248286312e-06
6.102040041683043370e+00 1.736163896685661259e-11 4.091808414254187751e-13 4.188435761308127904e-05
6.105120324389597286e+00 1.376363307758178149e-11 1.052080856551155525e-12 3.597043259024413969e-05
6.108200607096150314e+00 3.773794684623878972e-12 4.841013495020195997e-13 1.335666311848014718e-05
6.111280889802704230e+00 1.678837037584959789e-13 2.925172971635075409e-14 1.817923657573126785e-06
6.114361172509258147e+00 1.043940895373828399e-13 1.532426959451438363e-14 1.310191894564206948e-06
6.117441455215812063e+00 1.302752422716035648e-12 1.273026262440664469e-14 5.154889217838172701e-06
6.120521737922365979e+00 2.320669633212404613e-11 2.156082173599699425e-13 6.785410233105422517e-05
6.123602020628919895e+00 5.157845109707861016e-11 5.186890053690116683e-13 1.633935989454507031e-04
6.126682303335473812e+00 2.542653668415861293e-11 3.794379178821884888e-13 9.943826174164000506e-05
6.129762586042027728e+00 4.399975897721113025e-12 9.848022700686893749e-14 1.752637813321998865e-05
6.132842868748581644e+00 4.337879291072778639e-13 7.793914180373454350e-15 2.078803449320765895e-06
6.135923151455134672e+00 1.911809898376122230e-13 8.974550857014448326e-15 1.022113120224846882e-06
6.139003434161688588e+00 1.723614657274192200e-12 1.756965195487872514e-14 4.731053957494961224e-06
6.142083716868242504e+00 1.459468367539520641e-11 1.789389825657844576e-13 3.502406210851266414e-05
6.145163999574796421e+00 1.587969168258059163e-11 4.829888319641227101e-13 4.205590688885818876e-05
6.148244282281350337e+00 5.189493727789526528e-12 3.551779810840835463e-13 1.930071601233952192e-05
6.151324564987903365e+00 3.823058470168438948e-13 3.387473693111848727e-14 2.680701824499303332e-06
6.154404847694457281e+00 9.221097576303934238e-14 1.271455394890734163e-14 1.058248738941485874e-06
6.157485130401011197e+00 6.498004216351237405e-13 7.102383788828423383e-15 2.828040055630446621e-06
6.160565413107565114e+00 1.333460267294826662e-11 1.264445072694028574e-13 3.704837521431385126e-05
6.163645695814119030e+00 4.910475373420480819e-11 5.853375125871997866e-13 1.433318983908604975e-04
6.166725978520672946e+00 3.285867225192418151e-11 1.115559047434969871e-12 1.161463899282931544e-04
6.169806261227226862e+00 7.662722716507032765e-12 4.964378371380207524e-13 3.076017789610777407e-05
6.172886543933780779e+00 6.373770405361227798e-13 1.960382438129803188e-14 2.805673096057508783e-06
6.175966826640333807e+00 1.908057538687851850e-13 9.821958978383441132e-15 1.060913272304936254e-06
6.179047109346887723e+00 6.305429071670000059e-13 1.176701310620743574e-14 2.393121496777255278e-06
6.182127392053441639e+00 1.008182221517685058e-11 4.728425336800619284e-14 2.372461157930545999e-05
6.185207674759995555e+00 1.700724663015589181e-11 1.142949711122458248e-13 4.248585992479694194e-05
6.188287957466549472e+00 6.627615192243115868e-12 1.392925451952721750e-13 2.362965216564712567e-05
6.191368240173102500e+00 8.779565075008783649e-13 3.075147419574990889e-14 4.318322330973572172e-06
6.194448522879656416e+00 8.142778903670337587e-14 7.475181123999958574e-15 9.027556516291889030e-07
6.197528805586210332e+00 3.328453607759579355e-13 1.011775864149750412e-14 1.700230380105994871e-06
6.200609088292764248e+00 6.029792840636058514e-12 4.494553931294363483e-14 1.583155147576662116e-05
6.203689370999318164e+00 3.894888978419598167e-11 3.378208765929081969e-13 9.977390143293732284e-05
6.206769653705872081e+00 3.965072744729313380e-11 1.827234062629502236e-12 1.118876649461709685e-04
6.209849936412425997e+00 1.244698737010463826e-11 1.456236197543675953e-12 4.247223637076692917e-05
6.212930219118979913e+00 9.860093673958776655e-13 9.745777820158861252e-14 4.373504137765636263e-06
6.216010501825533829e+00 2.027990528503838246e-13 1.455187139133053785e-14 1.156516459021239512e-06
6.219090784532086857e+00 2.525337444823516816e-13 1.768165185714286506e-14 1.479256081758072886e-06
6.222171067238640774e+00 5.363525472106981125e-12 3.794608761409361470e-14 1.276796829235912010e-05
6.225251349945194690e+00 1.508388125017339860e-11 1.751035024025564714e-13 3.584445580669976824e-05
6.228331632651748606e+00 8.512804325666307624e-12 3.004023497609155263e-13 2.502265765549638118e-05
6.231411915358301634e+00 1.889565549386200735e-12 9.225807736313875308e-14 6.466532306249384211e-06
6.234492198064855550e+00 7.646516240763137867e-14 6.838740361251309612e-15 9.103265108341988285e-07
6.237572480771409467e+00 1.680515141036655049e-13 1.268088226390258943e-14 1.041194679792989864e-06
6.240652763477963383e+00 2.136630894140520798e-12 2.859984064356396904e-14 5.935049137158995473e-06
6.243733046184517299e+00 2.454612893159804728e-11 1.287796050934761770e-13 5.594995758114552431e-05
6.246813328891071215e+00 4.055626679587786516e-11 1.451171711818985942e-12 9.141738408194777406e-05
6.249893611597625132e+00 1.828904720560531986e-11 2.030341340318626394e-12 4.865948600768457997e-05
6.252973894304179048e+00 1.948618539353362175e-12 2.705768969452276240e-13 7.462172363452568974e-06
6.256054177010732964e+00 1.952269356866141517e-13 2.022986403696002214e-14 1.241173335846862075e-06
6.259134459717285992e+00 1.720826951057296620e-13 2.213886150831379316e-14 1.056056759943342596e-06
6.262214742423839908e+00 2.176968099234432101e-12 5.512845775604298620e-14 5.769002016259771304e-06
6.265295025130393824e+00 1.023958090719649596e-11 4.088962892407139354e-13 2.515852540096637438e-05
6.268375307836947741e+00 9.514381691174107939e-12 7.519119973717270223e-13 2.497593981526208907e-05
6.271455590543501657e+00 3.677701547135031733e-12 3.109381841557885527e-13 9.384544773329911915e-06
6.274535873250054685e+00 1.947752474970190318e-13 1.713843174795740244e-14 1.286282719002258578e-06
6.277616155956608601e+00 1.019697140136331772e-13 1.376788120134353008e-14 7.589581513748577966e-07
6.280696438663162517e+00 6.347771561980042683e-13 3.478075004605001586e-14 2.504321987669389521e-06
6.283776721369717322e+00 1.173927534633603557e-11 2.253175301691080452e-13 2.708468456590107013e-05
6.286857004076270350e+00 3.353388998181806224e-11 9.599890873382691360e-13 6.856592002519883882e-05
6.289937286782824266e+00 2.504098704124596477e-11 1.472885141460535944e-12 5.449481610064384071e-05
6.293017569489377294e+00 4.738276452428881625e-12 3.646325757806916933e-13 1.339795136939763662e-05
6.296097852195932099e+00 2.362242267866557410e-13 2.943919854958847914e-14 1.497037286674284143e-06
6.299178134902485127e+00 1.088037749584280870e-13 1.822254302320447284e-14 8.053834112740356078e-07
6.302258417609039043e+00 7.299069391816545664e-13 4.103495105996360328e-14 2.502134463581288552e-06
6.305338700315592071e+00 6.328598773119994984e-12 4.943999166165278752e-13 1.514776984448165971e-05
6.308418983022146875e+00 4.835398292320037567e-12 4.815314668562784426e-13 1.240089666686474241e-05
