# omega PSD_u_x100.0_y0.5_z0.0 PSD_v_x100.0_y0.5_z0.0 PSD_p_x100.0_y0.5_z0.0
0.000000000000000000e+00 2.008607172728795441e-04 6.715063626519563514e-06 3.052020741062912358e-05
3.080282706553782654e-03 1.019342467108202879e-04 6.300536539087237354e-06 1.556933969155137635e-05
6.160565413107565308e-03 1.962221932029204609e-07 2.479731400940939500e-07 8.089629904951279271e-07
9.240848119661346227e-03 3.602592676926046722e-09 1.739769379423844849e-08 3.342305037694211387e-06
1.232113082621513062e-02 1.971768159208148870e-09 2.634945063844119860e-09 2.591481457832070170e-06
1.540141353276891327e-02 2.301468866644531967e-09 5.093683219586615667e-10 1.177132687371565414e-06
1.848169623932269245e-02 3.044476029976232735e-09 2.300728238627603752e-09 2.011430513425670016e-06
2.156197894587647684e-02 8.670527262467356555e-09 1.718644116647625329e-08 2.555665812117367019e-06
2.464226165243026123e-02 3.139473212709173325e-08 9.625005828827304259e-08 1.101224606643021420e-05
2.772254435898404215e-02 3.723484844865412063e-07 1.755473939885901573e-06 2.276772131029163444e-05
3.080282706553782654e-02 3.049818207578633452e-05 8.922968360093189242e-05 4.398872612969471582e-05
3.388310977209160746e-02 8.759891314948382705e-05 2.571834367099127736e-04 5.163551300253547396e-05
3.696339247864538491e-02 1.891380550873776839e-05 5.422180606879354898e-05 3.122373633114163780e-05
4.004367518519917624e-02 4.032915611772601248e-07 1.020021179819939791e-06 1.037506332072696594e-04
4.312395789175295369e-02 6.462238675413892849e-08 7.679534180623426858e-08 1.250493558025116819e-04
4.620424059830673807e-02 1.217500061720029674e-07 2.058963137208573412e-08 1.439066896358346997e-04
4.928452330486052246e-02 3.091993264327183016e-07 1.871007257597615055e-08 1.466925019419899499e-04
5.236480601141430685e-02 9.933909393090117491e-07 5.749722744382222062e-08 1.742065926667662958e-04
5.544508871796808430e-02 4.293412206931886025e-06 2.474690722919208001e-07 2.510475781365835934e-04
5.852537142452186869e-02 2.998857137831091832e-05 1.725011628116586716e-06 2.246581292114337646e-04
6.160565413107565308e-02 6.569257066361088287e-04 3.804713336370394740e-05 2.559150746647354593e-05
6.468593683762942359e-02 1.543293537217084455e-01 8.145113182611367700e-03 4.513952531937589791e-04
6.776621954418321492e-02 3.636225585405490346e-01 1.896290716679930113e-02 1.660601960466104266e-03
7.084650225073700625e-02 5.084584964032523580e-02 2.657099246754224698e-03 7.333292730033150620e-04
7.392678495729076982e-02 1.691581969325477522e-04 8.284615923739071510e-06 1.243582438608323564e-04
7.700706766384456115e-02 1.358388112088348394e-05 6.636963721702595141e-07 1.154431130100931852e-04
8.008735037039835247e-02 2.431943965655359226e-06 1.166102808596341173e-07 4.523251521757815823e-05
8.316763307695212992e-02 6.551422695169105389e-07 3.123132726522878497e-08 4.490694056738602230e-06
8.624791578350590737e-02 2.616568533521358900e-07 1.317448117082003649e-08 4.242853430475007514e-07
8.932819849005969870e-02 2.541259370136728506e-07 1.536784488286530853e-08 2.994083813759173920e-06
9.240848119661347615e-02 9.011452730033587483e-07 7.304529712325759610e-08 1.198120220075943967e-05
9.548876390316725360e-02 1.502336485679483329e-05 1.501513457636025337e-06 1.948342320924771595e-05
9.856904660972104493e-02 4.764971461275497732e-04 5.502654462105301993e-05 4.463443769819236890e-06
1.016493293162748224e-01 8.231601631400500526e-04 1.048423482933787132e-04 1.854275421384081528e-05
1.047296120228286137e-01 9.524234871267427637e-05 1.357884510828953964e-05 2.304649057505816207e-05
1.078098947293823912e-01 2.418678724304108684e-06 2.763188690355065116e-07 5.975913962200703894e-06
1.108901774359361686e-01 1.120539887063760049e-06 6.693454756157718745e-08 3.645269069916883507e-06
1.139704601424899599e-01 2.257772353340390128e-06 1.293704947544252122e-07 6.372437074084343926e-06
1.170507428490437374e-01 6.155739980273295144e-06 3.709894609782563125e-07 2.051097895325986801e-05
1.201310255555975148e-01 2.070379240893396592e-05 1.259969018463526773e-06 1.268185942201636049e-05
1.232113082621513062e-01 9.497885039537359679e-05 5.805759310326668798e-06 4.629756714904218108e-05
1.262915909687050975e-01 7.669621215917982009e-04 4.690601517689174730e-05 1.626485153520293534e-04
1.293718736752588472e-01 2.533899244063966133e-02 1.536571598569165184e-03 6.301655302098162215e-03
1.324521563818126524e-01 1.291764845286943908e+00 7.887957254312329136e-02 3.147347927018867564e-01
1.355324390883664298e-01 1.836231847309664378e+00 1.120416707759932934e-01 4.491078802683450277e-01
1.386127217949202073e-01 1.307671761548141187e-01 7.926714575397633689e-03 3.273555299884169101e-02
1.416930045014740125e-01 1.556859172068723700e-03 9.566915018337496777e-05 3.426701089289083710e-04
1.447732872080277899e-01 1.527161015314854552e-04 9.400643924461776028e-06 7.433443065586536284e-05
1.478535699145815396e-01 2.969626392425423500e-05 1.829381963180948592e-06 2.716129891010128731e-05
1.509338526211353448e-01 8.304375590933424619e-06 5.023434180167790821e-07 2.475249219065481620e-05
1.540141353276891223e-01 3.065814521318320054e-06 1.715596564415384547e-07 6.478034243260940654e-06
1.570944180342429275e-01 2.016523792304500296e-06 8.486116303301055844e-08 2.479611406074281003e-06
1.601747007407967049e-01 8.563444149928608142e-06 3.100859202556436118e-07 6.819452522484501184e-06
1.632549834473504824e-01 2.011029206782143444e-04 7.832217010652097451e-06 5.118092558342261778e-05
1.663352661539042598e-01 4.012331979618555602e-03 1.647621404262548722e-04 7.287739581072915805e-04
1.694155488604580373e-01 4.410516753927947592e-03 1.914009494361071167e-04 8.049690144904338065e-04
1.724958315670118147e-01 2.872241710888008819e-04 1.363769920941038903e-05 4.300872908310282908e-05
1.755761142735656199e-01 1.085007479377963711e-05 4.356602060528624570e-07 4.417218500050255751e-06
1.786563969801193974e-01 2.477048598768006956e-06 7.886729329525058362e-08 9.938835642673445765e-07
1.817366796866731748e-01 3.477509375445902256e-06 1.024268386910451622e-07 1.469829237958932099e-06
1.848169623932269523e-01 8.922613163655768165e-06 2.864422495210846321e-07 2.848121408667683503e-06
1.878972450997807297e-01 3.058505040610429805e-05 9.995585681884770915e-07 6.506372881746226989e-06
1.909775278063345072e-01 1.514124999541876073e-04 5.002067528438000614e-06 3.294561662684403794e-05
1.940578105128883124e-01 1.431884632226156214e-03 4.753889898217586240e-05 2.909094217369976492e-04
1.971380932194420899e-01 8.543889970786860966e-02 2.802492912113362447e-03 1.725048907532089615e-02
2.002183759259958673e-01 1.672220506140464247e+00 5.517137292803961368e-02 3.378160203733695521e-01
2.032986586325496448e-01 1.455360282459605914e+00 4.796529275070759990e-02 2.936399810654511389e-01
2.063789413391034500e-01 4.511269971834179493e-02 1.469647195230802585e-03 9.046800319287444381e-03
2.094592240456572274e-01 1.080613066200861649e-03 3.567203867290184242e-05 2.217507018112210588e-04
2.125395067522110049e-01 1.253124118291365843e-04 4.122619930616750322e-06 2.787498947256610162e-05
2.156197894587647823e-01 2.663240496736249885e-05 8.744780922593166950e-07 7.827197700587498576e-06
2.187000721653185598e-01 8.032431113192039365e-06 2.602542581979298467e-07 2.148959132083234191e-06
2.217803548718723372e-01 3.196031006985549524e-06 9.267258411780616136e-08 7.881050379396598948e-07
2.248606375784261424e-01 2.258356262369498854e-06 5.722344017094352105e-08 5.336186519577086676e-07
2.279409202849799199e-01 9.183610133618770125e-06 3.758926046658657115e-07 1.212064146900987219e-06
2.310212029915336973e-01 2.901181403556321895e-04 1.444195844064310720e-05 4.224811691628265782e-05
2.341014856980874748e-01 3.072958111582757990e-03 1.579899000065723149e-04 4.127690435661479813e-04
2.371817684046412522e-01 2.107995865189525152e-03 1.128584659062441498e-04 2.863865295233514012e-04
2.402620511111950297e-01 7.253975532826926857e-05 4.286158167669056199e-06 1.091888183881870917e-05
2.433423338177488349e-01 3.899734349747209367e-06 1.848156566493982452e-07 3.078246379198330455e-07
2.464226165243026123e-01 1.261356353658262409e-06 2.938162083792557220e-08 1.390261832979564842e-07
2.495028992308563898e-01 2.054772547141229877e-06 2.293983774739584949e-08 4.248429306974029083e-07
2.525831819374101950e-01 5.680882819769079380e-06 6.691561158485835009e-08 6.715926864356753104e-07
2.556634646439639447e-01 2.046195696410459087e-05 2.396066373228457504e-07 2.866855760215457715e-06
2.587437473505176944e-01 1.103574834884676057e-04 1.322763905814390519e-06 1.359118154799594692e-05
2.618240300570715551e-01 1.267495484899801078e-03 1.548768473847402703e-05 1.616428923030380259e-04
2.649043127636253048e-01 1.974516527539172672e-01 2.319992276385478194e-03 2.495593557538896765e-02
2.679845954701791100e-01 1.857765265288069845e+00 2.205871553554734563e-02 2.348282565612466455e-01
2.710648781767328597e-01 9.846341937861740057e-01 1.170274555482471619e-02 1.243745886777473802e-01
2.741451608832866094e-01 9.309731487276153364e-03 1.078491840122661351e-04 1.169842718895377619e-03
2.772254435898404146e-01 3.572892500319282136e-04 4.227457406704166909e-06 4.573792722088966040e-05
2.803057262963942198e-01 4.785728036872039979e-05 5.555254869141039103e-07 5.953333523198139622e-06
2.833860090029480250e-01 1.096814623857367538e-05 1.233317649738097711e-07 1.468052434346893035e-06
2.864662917095017747e-01 3.596023558020471594e-06 4.335853627240327029e-08 3.872595438106917644e-07
2.895465744160555799e-01 1.989256478083844452e-06 6.134316789616892394e-08 4.057338305744876995e-07
2.926268571226093296e-01 4.017270463297393014e-06 3.100455865091412106e-07 8.246999106249722594e-07
2.957071398291630793e-01 4.124996425170658198e-05 4.110727978594993994e-06 8.473921348803560913e-06
2.987874225357169400e-01 2.257443147751638218e-03 2.266706152274815592e-04 4.275809804081052816e-04
3.018677052422706897e-01 1.375740979617568090e-02 1.372178277420781816e-03 2.606649140980714895e-03
3.049479879488244949e-01 5.876513002914806293e-03 5.887179678552612082e-04 1.108474096993303714e-03
3.080282706553782446e-01 1.163237829313101877e-04 1.180489329736908357e-05 2.199615954868685118e-05
3.111085533619320498e-01 7.295329091760002030e-06 7.583819979159641014e-07 1.238274149026582010e-06
3.141888360684858550e-01 1.201307968024248584e-06 1.537916267885850251e-07 4.293941152374060838e-07
3.172691187750396047e-01 5.945424381726511277e-07 1.025806698948295218e-07 1.521387396679404198e-07
3.203494014815934099e-01 9.980534990507889497e-07 1.981387403688008003e-07 3.005509978601289681e-07
3.234296841881471596e-01 3.403993392629406571e-06 7.196430174619819763e-07 9.521515286697743592e-07
3.265099668947009648e-01 1.936220389108747025e-05 4.268102803630028142e-06 5.646842535837689019e-06
3.295902496012547145e-01 2.696937705391470224e-04 6.029801640993434246e-05 7.989005904762689118e-05
3.326705323078085197e-01 4.196963136325551624e-01 9.509875876355486368e-02 1.247926026555685186e-01
3.357508150143623249e-01 2.145418574653692456e+00 4.847386279579864454e-01 6.372464222715776838e-01
3.388310977209160746e-01 6.825329348557972464e-01 1.537978709985196590e-01 2.024852433411637176e-01
3.419113804274698798e-01 5.636929668304766503e-04 1.258386491802082846e-04 1.637291915544489696e-04
3.449916631340236295e-01 3.120178055469648848e-05 6.874045078845379540e-06 9.067915861520449097e-06
3.480719458405774347e-01 4.803216172632111708e-06 1.048815987590898329e-06 1.606505410854409257e-06
3.511522285471312399e-01 1.277841787516915339e-06 2.874862303121237776e-07 4.008255856966205377e-07
3.542325112536849896e-01 5.205226125758524942e-07 1.309731051564874854e-07 1.273883851803705798e-07
3.573127939602387948e-01 4.729459531616811131e-07 1.179095300533209531e-07 1.721600733324759972e-07
3.603930766667925445e-01 1.976572142700793779e-06 4.929877222783981480e-07 7.636769243312613826e-07
3.634733593733463497e-01 2.347579527160794104e-05 6.410991033887514436e-06 7.712627436167127714e-06
3.665536420799000994e-01 1.524169272554863142e-03 4.184698219600018875e-04 4.985033539549276176e-04
3.696339247864539046e-01 5.663454311997327337e-03 1.543232004404067239e-03 1.837353676932498674e-03
3.727142074930077098e-01 1.510840242342187173e-03 4.112415623181405258e-04 4.892842168523848850e-04
3.757944901995614595e-01 2.528247999738507637e-05 7.227991627488920432e-06 8.479913124093379955e-06
3.788747729061152647e-01 1.780426234756185712e-06 4.945878803686032975e-07 5.900944387044849425e-07
3.819550556126690144e-01 2.843127401233765123e-07 8.156151804396536218e-08 7.331349742142491671e-08
3.850353383192228196e-01 1.690096783268151153e-07 5.928836181165545866e-08 4.946587031623735464e-08
3.881156210257766248e-01 3.918492709744323708e-07 1.347220576991121445e-07 6.876816340345748252e-08
3.911959037323303745e-01 1.627590136417028302e-06 4.794185653530796722e-07 2.260245434298551361e-07
3.942761864388841797e-01 1.147537308794164204e-05 3.278474211570171524e-06 1.567575231413391965e-06
3.973564691454379849e-01 2.155954957636451819e-04 6.234151046812746284e-05 3.065887833200844009e-05
4.004367518519917346e-01 1.528341049340982694e-01 4.674126087451166423e-02 2.228725528392005301e-02
4.035170345585455398e-01 4.489846686263939679e-01 1.383774252711386654e-01 6.580643902530380895e-02
4.065973172650992895e-01 8.183658048573351496e-02 2.536004253304541267e-02 1.205301105484814228e-02
4.096775999716530947e-01 8.442440333667615459e-05 2.641212771981311965e-05 1.225377517586734961e-05
4.127578826782068999e-01 6.180171712184812015e-06 1.866190792402290541e-06 8.897130597986766534e-07
4.158381653847606496e-01 1.071585054607225248e-06 3.126010930965564366e-07 1.551701882163222087e-07
4.189184480913144548e-01 3.030503027489912535e-07 9.636887346595876354e-08 5.720083624576413917e-08
4.219987307978682045e-01 1.640951110506899922e-07 5.804686262997853694e-08 2.248018217543364766e-08
4.250790135044220097e-01 3.799488138817225924e-07 1.207463506160430528e-07 3.149883849480494791e-08
4.281592962109757594e-01 2.783968052082423600e-06 1.090665915326319989e-06 2.104106152962929160e-07
4.312395789175295646e-01 4.864480863127479122e-05 1.741214659033053718e-05 4.830339917287356778e-06
4.343198616240833698e-01 2.224488603006749728e-03 8.280248472018782169e-04 2.281614282211161726e-04
4.374001443306371195e-01 4.799954890525648388e-03 1.836463748502663480e-03 5.063372034292241367e-04
4.404804270371909247e-01 7.345648198275156037e-04 2.893478027710945193e-04 8.094184867144527660e-05
4.435607097437446744e-01 1.281520997189230219e-05 5.371266545044242875e-06 1.451439161164510163e-06
4.466409924502984796e-01 9.871124472139166739e-07 3.918599023478793744e-07 1.057882920341015542e-07
4.497212751568522848e-01 2.696809952494743108e-07 9.700558969985867633e-08 4.380819702840527390e-08
4.528015578634060345e-01 3.378506233979618680e-07 8.856136714570470432e-08 4.442952205721275569e-08
4.558818405699598397e-01 1.046257862898845820e-06 2.080163883453990777e-07 1.057751689279367895e-07
4.589621232765135894e-01 4.746600715845525817e-06 9.279297458189128825e-07 4.504181552872642461e-07
4.620424059830673946e-01 3.707960682371076879e-05 7.277474147791334302e-06 3.366656933581633216e-06
4.651226886896211443e-01 1.050803970480597037e-03 2.033233655329784158e-04 9.391542612507814661e-05
4.682029713961749495e-01 8.784591327818920548e-02 1.725121319786668272e-02 8.201864535900282166e-03
4.712832541027287547e-01 1.551943090268385617e-01 3.044723360580155538e-02 1.460303276799743144e-02
4.743635368092825044e-01 1.537449728415572411e-02 2.992438391058301235e-03 1.446348794295658621e-03
4.774438195158363096e-01 1.108633820274585488e-04 2.189512338098478710e-05 1.065081901258813954e-05
4.805241022223900593e-01 9.807517124523504882e-06 1.939785567438030695e-06 9.145413242231793849e-07
4.836043849289438645e-01 1.842624414104172125e-06 3.731301166182312468e-07 1.774437047309784176e-07
4.866846676354976697e-01 5.207982194188314843e-07 1.179542680380297723e-07 5.142115314777537982e-08
4.897649503420514194e-01 2.323733491902026059e-07 4.655289216787418642e-08 1.888139045900383617e-08
4.928452330486052246e-01 3.414733973386556712e-07 6.047136872361727974e-08 3.958186879925762314e-08
4.959255157551589743e-01 2.572063562605738322e-06 4.981410052154421206e-07 2.415112218724173919e-07
4.990057984617127795e-01 6.392243412617129301e-05 7.330361576461259099e-06 3.820144671297395819e-06
5.020860811682665847e-01 1.555151491662800593e-03 1.835920372788274859e-04 1.043249699843087886e-04
5.051663638748203899e-01 2.040237608387062817e-03 2.436584689710760883e-04 1.433071003190423682e-04
5.082466465813741952e-01 1.716392085654411097e-04 1.992698894624381705e-05 1.219862410379104942e-05
5.113269292879278893e-01 4.565969265653027452e-06 6.795917396480299888e-07 4.109977433238385160e-07
5.144072119944816945e-01 5.031595486641057154e-07 1.092703669004321965e-07 2.899760637453613117e-08
5.174874947010353887e-01 2.974020828889379285e-07 1.486532527224595093e-07 7.761643138639080785e-08
5.205677774075893049e-01 6.705763278133022727e-07 3.519230009903165319e-07 1.231718713022444584e-07
5.236480601141431102e-01 2.195093204410522856e-06 1.106492654544258634e-06 2.745541308274243791e-07
5.267283428206968043e-01 1.046832409662388419e-05 5.386096290034170021e-06 1.325429394378324039e-06
5.298086255272506095e-01 9.368700449600297518e-05 4.848437442563209939e-05 1.197878224317388109e-05
5.328889082338043037e-01 4.336514432867214809e-03 2.169052344830381136e-03 5.300802950813988165e-04
5.359691909403582200e-01 1.209010065905397058e-01 6.062792986804918516e-02 1.480865172377957006e-02
5.390494736469120252e-01 1.304828570392538578e-01 6.492050217455697103e-02 1.584333338546526498e-02
5.421297563534657193e-01 6.138715043847642848e-03 2.990211188986082857e-03 7.282273051141205118e-04
5.452100390600195245e-01 1.083015059905568324e-04 5.294647740526075446e-05 1.322345900480475462e-05
5.482903217665732187e-01 1.144423085885208589e-05 5.631911288779197147e-06 1.314774686542222177e-06
5.513706044731271350e-01 2.280495561665850387e-06 1.143455988293687235e-06 2.892036905389262617e-07
5.544508871796808291e-01 6.508494228386271006e-07 3.341294573206688105e-07 9.176206739837812683e-08
5.575311698862346343e-01 2.800012018438839252e-07 1.329013995080160287e-07 5.315371482272827869e-08
5.606114525927884396e-01 4.711315439288368975e-07 2.628881537167459561e-07 1.434975952929062089e-07
5.636917352993422448e-01 4.396271868662348178e-06 2.519305667191352872e-06 1.487986376060491607e-06
5.667720180058960500e-01 1.478229344633446305e-04 8.893405611785263297e-05 4.392221493740178380e-05
5.698523007124497441e-01 2.141593754087871369e-03 1.238993391218466992e-03 6.102441630671865107e-04
5.729325834190035494e-01 1.854728543242114636e-03 1.067672231134969433e-03 5.300256933459286798e-04
5.760128661255573546e-01 8.926343277437204606e-05 5.285464756520126951e-05 2.584314447665573303e-05
5.790931488321111598e-01 3.895859181277200313e-06 2.256793098061699457e-06 9.428068388112999370e-07
5.821734315386649650e-01 5.669055518433291303e-07 3.803812916193599606e-07 2.851627487482705563e-07
5.852537142452186592e-01 3.650384169430830057e-07 3.197390759637866015e-07 1.186376932224579485e-07
5.883339969517724644e-01 7.335802088578638998e-07 6.645345602494436391e-07 2.858096661117849455e-07
5.914142796583261585e-01 2.459737040572272437e-06 2.266215526822090576e-06 1.117876204538884898e-06
5.944945623648800748e-01 1.273827503621667203e-05 1.189630548048437781e-05 5.928323185355594796e-06
5.975748450714338800e-01 1.354960932522399466e-04 1.253140846159591097e-04 5.795436998712464509e-05
6.006551277779875742e-01 1.327934659991244527e-02 1.222115042093503863e-02 5.703400086907996387e-03
6.037354104845413794e-01 1.664666964567610430e-01 1.542209780062651359e-01 7.197834128870816972e-02
6.068156931910951846e-01 1.096144412316838040e-01 1.018090612198815220e-01 4.760464117487903102e-02
6.098959758976489898e-01 1.903471129514394981e-03 1.765528236192510144e-03 8.478467876938565115e-04
6.129762586042027950e-01 5.933705879671106873e-05 5.530826559509501608e-05 2.514757230239202899e-05
6.160565413107564892e-01 7.371579033146609051e-06 6.855543508059131909e-06 3.080784470418280538e-06
6.191368240173102944e-01 1.620661778133355649e-06 1.504573910624232552e-06 7.225490899945752330e-07
6.222171067238640996e-01 5.095917071419097267e-07 4.586926989118721874e-07 3.866216602043828994e-07
6.252973894304179048e-01 2.894595727429510559e-07 2.160809673810596888e-07 5.989024590473069182e-07
6.283776721369717100e-01 7.474978278459709751e-07 3.947397920054385201e-07 5.230767343763326164e-07
6.314579548435254042e-01 9.194212974709366212e-06 4.675014698852616463e-06 2.234379462613463593e-06
6.345382375500792094e-01 4.623278560328279089e-04 2.292106489690841559e-04 1.519736750457511122e-04
6.376185202566330146e-01 3.518759580883941418e-03 1.793483687381375574e-03 1.173812343117423352e-03
6.406988029631868198e-01 1.875409351991518371e-03 9.630008247111958080e-04 6.210155549838688007e-04
6.437790856697405140e-01 4.682946416894589602e-05 2.407868807898594520e-05 1.817389679261398875e-05
6.468593683762943192e-01 2.313349946936342051e-06 1.318022356997199305e-06 1.706103866901117595e-06
6.499396510828481244e-01 3.141172283046416591e-07 1.927331629402322618e-07 3.146761409956958022e-08
6.530199337894019296e-01 1.292265956556662176e-07 9.513167489266381958e-08 1.820621005206237434e-07
6.561002164959557348e-01 2.180728210690196682e-07 1.969248379333420204e-07 2.673953435455946935e-07
6.591804992025094290e-01 7.627874640292194359e-07 7.359525666368643925e-07 4.217029167795522814e-07
6.622607819090632342e-01 4.224647907260568933e-06 4.151799982729269892e-06 2.210506357561269792e-06
6.653410646156170394e-01 5.341073717453432494e-05 5.300046248518817466e-05 2.655575882625287688e-05
6.684213473221708446e-01 2.316258961451263254e-02 2.261353055498024900e-02 1.156566007758652592e-02
6.715016300287246498e-01 1.515714545175394501e-01 1.485162774478946401e-01 7.575374824202991964e-02
6.745819127352783440e-01 6.109913137354493207e-02 5.976954275321164772e-02 3.049561873483236027e-02
6.776621954418321492e-01 2.368155434149166096e-04 2.231890918089598423e-04 1.185589114717133710e-04
6.807424781483859544e-01 1.115552612540544499e-05 1.054119614697491986e-05 4.810711549491039210e-06
6.838227608549397596e-01 1.598066523888531635e-06 1.526133738600618650e-06 9.616164089573050405e-07
6.869030435614935648e-01 4.153622534248191063e-07 4.101456727671851896e-07 7.319212487956642432e-07
6.899833262680472590e-01 1.733173785511154334e-07 1.751589185043231594e-07 3.966290329837286673e-07
6.930636089746010642e-01 1.728203509283300387e-07 1.762230430297089391e-07 3.553778693050459149e-08
6.961438916811548694e-01 7.498978595384945000e-07 8.607130358518385164e-07 5.442469751771360347e-07
6.992241743877086746e-01 9.502295726276017136e-06 1.124584956507234433e-05 4.542250046098133810e-06
7.023044570942624798e-01 6.879749972627417299e-04 7.573605954420885387e-04 3.459888125131684359e-04
7.053847398008161740e-01 3.173604056554650294e-03 3.475839638035722878e-03 1.563206248005836714e-03
7.084650225073699792e-01 1.078636719689001324e-03 1.173070612399706482e-03 5.151371784479658609e-04
7.115453052139237844e-01 1.771215270540806434e-05 1.925517499970062790e-05 8.847860333217106001e-06
7.146255879204775896e-01 9.902159881881739151e-07 1.070977336669650851e-06 8.393224533660107504e-07
7.177058706270313948e-01 1.132615919501366272e-07 1.212108880682755440e-07 6.033693179649393972e-08
7.207861533335850890e-01 1.697753835984881518e-08 2.247245050990670610e-08 1.105040332412370963e-07
7.238664360401388942e-01 1.408686312759866447e-08 1.001493103983837672e-08 4.624529214174160859e-08
7.269467187466926994e-01 9.630457779008799615e-08 6.727460843103392346e-08 8.375093795878256292e-08
7.300270014532465046e-01 7.195412477043887544e-07 5.107037030098522898e-07 1.978543832548027893e-07
7.331072841598001988e-01 8.865765903176400090e-06 6.357932067335084649e-06 2.038877890051805937e-06
7.361875668663540040e-01 3.209793517562784665e-02 2.103232622679834449e-02 1.027676718582113020e-02
7.392678495729078092e-01 1.181807454918922251e-01 7.738066662167378262e-02 3.809214115449374716e-02
7.423481322794616144e-01 2.788827386986937953e-02 1.828686100036011272e-02 9.069819896456696867e-03
7.454284149860154196e-01 4.754904800018212521e-06 3.691116550300514808e-06 2.842331414417537383e-06
7.485086976925691138e-01 4.957686644947498494e-07 3.592082600477317753e-07 5.554909240588506016e-07
7.515889803991229190e-01 9.439301374423014442e-08 6.986486227895686737e-08 4.437874493654428653e-08
7.546692631056767242e-01 4.526569214397355591e-08 1.878664749234559474e-08 2.840261416691962031e-08
7.577495458122305294e-01 5.442015415567769056e-08 1.754842046345773745e-08 9.664872911321384508e-08
7.608298285187843346e-01 1.454266532139358868e-07 4.630259827836054863e-08 1.600564979760678986e-07
7.639101112253380288e-01 1.117962862390012607e-06 2.780739619864593580e-07 4.594787608584687763e-08
7.669903939318918340e-01 1.870722217863663589e-05 4.969278915627984159e-06 3.390950975191708070e-06
7.700706766384456392e-01 1.048770755428292054e-03 3.188772909754032940e-04 2.126907305061290015e-04
7.731509593449994444e-01 2.787386064927403068e-03 8.842443427832262417e-04 5.638323866710658310e-04
7.762312420515532496e-01 5.562104289046331798e-04 1.865439715540146272e-04 1.149995140082360273e-04
7.793115247581069438e-01 7.556504565397076265e-06 2.750644847056625978e-06 1.976281757886835694e-06
7.823918074646607490e-01 4.162859458040092704e-07 1.521413020913441878e-07 6.801840883910170630e-08
7.854720901712146652e-01 6.425551438569314419e-08 2.682765512431076341e-08 3.491574720028816848e-08
7.885523728777683594e-01 6.160202143610766609e-08 1.165872661833791680e-08 6.323004261950695181e-08
7.916326555843220536e-01 2.071124794794422996e-07 3.222193859507692463e-08 4.901916204749523749e-08
7.947129382908759698e-01 9.844115467992668617e-07 1.443271810359406277e-07 1.479778367080283727e-07
7.977932209974296640e-01 7.751300372889910481e-06 1.164237840267716040e-06 1.130907051607742013e-06
8.008735037039834692e-01 1.804616330287391881e-04 2.943469763400386596e-05 2.840164108496298631e-05
8.039537864105371634e-01 2.552039892134090257e-02 4.255514425459179344e-03 3.993830184269054305e-03
8.070340691170910796e-01 5.532733804881381084e-02 9.528998577276615728e-03 8.811563915064893338e-03
8.101143518236447738e-01 7.346944101441462219e-03 1.312912507181594746e-03 1.211136045696727245e-03
8.131946345301985790e-01 2.730439425567491571e-05 5.013733904084139294e-06 5.242641359618733215e-06
8.162749172367524952e-01 2.297752260906612699e-06 3.976180206024948534e-07 6.925570419319579152e-07
8.193551999433061894e-01 4.252794766954135324e-07 7.698250336226670620e-08 2.469110952746027681e-07
8.224354826498598836e-01 1.258683012205339540e-07 3.049527993337279139e-08 1.158825407982287932e-07
8.255157653564137998e-01 7.508645868452674669e-08 2.558114305227136452e-08 1.482019389732186277e-07
8.285960480629674940e-01 2.053123321290009662e-07 1.219073584875171806e-07 2.378991521496757780e-07
8.316763307695212992e-01 1.970696922926513532e-06 1.167829046848343283e-06 1.373774229438468763e-07
8.347566134760749934e-01 4.411946119409860612e-05 2.344834614665658513e-05 4.017510470267399134e-06
8.378368961826289096e-01 1.381058251651109785e-03 6.802893708044913243e-04 1.377404298424002456e-04
8.409171788891826038e-01 2.240141532173894542e-03 1.055943207108585649e-03 2.226338593340223648e-04
8.439974615957364090e-01 2.595775814559063573e-04 1.131205765469467687e-04 2.425400953529460035e-05
8.470777443022903253e-01 4.682497901792842708e-06 1.928335647384984157e-06 3.614718877834019623e-07
8.501580270088440194e-01 3.113714703493106703e-07 1.536724211589058622e-07 1.508123609193866568e-07
8.532383097153977136e-01 1.044261690800274371e-07 1.131924851567316260e-07 8.229998447028070998e-08
8.563185924219515188e-01 2.050877032847900771e-07 2.736517613116695854e-07 1.757409550682123382e-07
8.593988751285054351e-01 6.894964670829269827e-07 9.247751336683460797e-07 3.283752782826385923e-07
8.624791578350591292e-01 3.301735982902549135e-06 4.455339067970153297e-06 6.835450881871658782e-07
8.655594405416128234e-01 2.873082052698095265e-05 3.827274805429030060e-05 4.633280982075428294e-06
8.686397232481667396e-01 1.072122046184337827e-03 1.397508807723590049e-03 1.740684493707692613e-04
8.717200059547204338e-01 4.270746572199535240e-02 5.630910684526420351e-02 7.283007747110071053e-03
8.748002886612742390e-01 5.663991401747689447e-02 7.423736142405569505e-02 9.665174792258651379e-03
8.778805713678279332e-01 3.862355934047281836e-03 4.958992801843888770e-03 6.595226407014366261e-04
8.809608540743818494e-01 4.659952499130935559e-05 6.037715896441755845e-05 9.952442585864772776e-06
8.840411367809355436e-01 4.549829409904954223e-06 5.960879048163366595e-06 1.151791159412479146e-06
8.871214194874893488e-01 9.022062649156970151e-07 1.177252868226444158e-06 3.507145594005198625e-07
8.902017021940432651e-01 2.726331712647258425e-07 3.435105115922147691e-07 9.503186923119756502e-08
8.932819849005969592e-01 1.515001908781163840e-07 1.804268818794914583e-07 3.821239400022974926e-08
8.963622676071506534e-01 3.724831942841974506e-07 3.941553514815773007e-07 1.226099771807110449e-07
8.994425503137045697e-01 4.193676513906448926e-06 4.435688912521607290e-06 1.226179349888490505e-06
9.025228330202583749e-01 1.319273318916055874e-04 1.380164588994029623e-04 3.182656867040896317e-05
9.056031157268120690e-01 2.259907925403597303e-03 2.366507254298386934e-03 4.536204371408629607e-04
9.086833984333657632e-01 2.359410068252552634e-03 2.476090982282490392e-03 4.431071499346503459e-04
9.117636811399196795e-01 1.552305182784494977e-04 1.634924348281422421e-04 2.713568437699321066e-05
9.148439638464733736e-01 4.459568445283309049e-06 4.610729306441825056e-06 3.944873165755101159e-07
9.179242465530271788e-01 3.937376589593930905e-07 4.226100030733405675e-07 1.498917760786825427e-07
9.210045292595810951e-01 1.510755824428409097e-07 1.532269877581548442e-07 9.862646083132073778e-08
9.240848119661347893e-01 2.967034747744062303e-07 2.833631506266542005e-07 1.137993749930434070e-07
9.271650946726884834e-01 1.015395093060479569e-06 9.702021981048438041e-07 3.783415711307829123e-07
9.302453773792422886e-01 5.118689087163154343e-06 4.846703877542772033e-06 1.861278169698084086e-06
9.333256600857962049e-01 5.172147466154652652e-05 4.843678462039940213e-05 1.799705580918120420e-05
9.364059427923498991e-01 3.702265722284974175e-03 3.467868272518025326e-03 1.294279359958543834e-03
9.394862254989035932e-01 6.155900923696890764e-02 5.842134840604698565e-02 2.174490124230583216e-02
9.425665082054575095e-01 5.050838339138025157e-02 4.825099462175351517e-02 1.794973279200577990e-02
9.456467909120113147e-01 1.524906838545771149e-03 1.463994476550184009e-03 5.663855617131367034e-04
9.487270736185650089e-01 3.664869610528463277e-05 3.539291073926230120e-05 1.496086421833631929e-05
9.518073563251189251e-01 4.148791057956478972e-06 4.003191042004670079e-06 1.530962514082556072e-06
9.548876390316726193e-01 8.920660428024753704e-07 8.587241615837991506e-07 3.073415664789483354e-07
9.579679217382263134e-01 2.875900247413273423e-07 2.709263775265397588e-07 1.049550790383509630e-07
9.610482044447801186e-01 1.712437617053671116e-07 1.472127051841086442e-07 5.791319893021136505e-08
9.641284871513340349e-01 4.587644417753373020e-07 3.653450144497406580e-07 1.475611555249134246e-07
9.672087698578877291e-01 6.208153793362507770e-06 4.743411001246800592e-06 1.708825829011254361e-06
9.702890525644414232e-01 3.109768095217244738e-04 2.429690992264095571e-04 9.994178232362418740e-05
9.733693352709953395e-01 2.917465021946316454e-03 2.382480413747583257e-03 8.813179490141349144e-04
9.764496179775491447e-01 1.951590175337824563e-03 1.631773250855701220e-03 5.626109473294526849e-04
9.795299006841028389e-01 7.029822416867050722e-05 6.095933192764409274e-05 1.997978744747459299e-05
9.826101833906565330e-01 2.721576595684459616e-06 2.449333261175881151e-06 5.406932968399863724e-07
9.856904660972104493e-01 2.824557983879328379e-07 2.442769280653800788e-07 1.618621321586624260e-08
9.887707488037642545e-01 8.838703294082000154e-08 7.519979220023224749e-08 3.148059293666443660e-08
9.918510315103179487e-01 1.159517397409858097e-07 8.940796498988738718e-08 5.116776155424246171e-08
9.949313142168718649e-01 3.823622855542813351e-07 2.761097779930898961e-07 1.015598584662651200e-07
9.980115969234255591e-01 2.032465182063157034e-06 1.445890928849245943e-06 4.932030931223872537e-07
1.001091879629979253e+00 2.346583873756840155e-05 1.663646925044960501e-05 5.689760432859238448e-06
1.004172162336533169e+00 4.843329758305457006e-03 3.424755221508535286e-03 1.175705017391950923e-03
1.007252445043086864e+00 4.040995863304196190e-02 2.880200344962042386e-02 9.774051205120291158e-03
1.010332727749640780e+00 2.041844771420633919e-02 1.459169461475283425e-02 4.918254635554543397e-03
1.013413010456194474e+00 2.011656278317360653e-04 1.433279360202878677e-04 5.026684784060402120e-05
1.016493293162748390e+00 7.880947498126657195e-06 5.576705795099950165e-06 1.719730856674465379e-06
1.019573575869302084e+00 9.998038465690053088e-07 7.071147667591548282e-07 1.912001700908909228e-07
1.022653858575855779e+00 2.286549561386555919e-07 1.555808492871059502e-07 6.051641971281545017e-08
1.025734141282409695e+00 7.823108262604682964e-08 5.092957314116011157e-08 4.082839046719266078e-08
1.028814423988963389e+00 4.366138616265254755e-08 2.506064801770689835e-08 2.074795107557101149e-08
1.031894706695517083e+00 1.026803897052072314e-07 3.260014973272184608e-08 5.031357650912349320e-08
1.034974989402070777e+00 1.791800922547017583e-06 4.758315016526248951e-07 1.013783431268703065e-06
1.038055272108624694e+00 1.490185251553301400e-04 5.940079098797339008e-05 9.227871074697090756e-05
1.041135554815178610e+00 8.351304640328889453e-04 3.731388211695207458e-04 4.849509421282569162e-04
1.044215837521732304e+00 3.683876198915446930e-04 1.805719466410594617e-04 2.087016160366102257e-04
1.047296120228286220e+00 7.962998359633007532e-06 4.685224714962118595e-06 5.821866999824537809e-06
1.050376402934839914e+00 3.941086215982737177e-07 2.578865276527543369e-07 3.928032105674723908e-07
1.053456685641393609e+00 4.141358961991093648e-08 3.454108099392415400e-08 3.932650943199022864e-08
1.056536968347947303e+00 7.987841748546867141e-09 9.424568915568467138e-09 1.899190499765076248e-08
1.059617251054501219e+00 5.323206819612959053e-09 3.640478583171002780e-09 2.968993586338900023e-08
1.062697533761054913e+00 1.914495346375284674e-08 6.936806897883260529e-09 2.264069637936187338e-08
1.065777816467608607e+00 1.226314747745635680e-07 4.365282767164211136e-08 1.233459382768607242e-07
1.068858099174162524e+00 1.286746018042628163e-06 4.915177525886570823e-07 1.575984703216968040e-06
1.071938381880716440e+00 1.506061861287475746e-03 5.256818659813076696e-04 2.776487360387129219e-03
1.075018664587270134e+00 7.015339481546376335e-03 2.575320552305587415e-03 1.294411519934816381e-02
1.078098947293824050e+00 2.164104547259336833e-03 8.164728873347183421e-04 3.964386096767899548e-03
1.081179230000377745e+00 3.824901621483927984e-06 1.301853801917163250e-06 6.601157474038404586e-06
1.084259512706931439e+00 2.758739523981774669e-07 1.017096641181214189e-07 7.272488700798212427e-07
1.087339795413485133e+00 4.579988807373371897e-08 1.580696410959917028e-08 1.076893944039738541e-07
1.090420078120039049e+00 1.522419804691033381e-08 6.137165902696369484e-09 2.101835137396946606e-08
1.093500360826592743e+00 7.004467201146609067e-09 2.064476702803517829e-09 9.169701939904107271e-09
1.096580643533146437e+00 1.677752619258025370e-08 4.153166776861488746e-09 5.928841837688062343e-09
1.099660926239700354e+00 1.394701606269255751e-07 4.531863213883765231e-08 8.019346103705493879e-08
1.102741208946254270e+00 2.635193660889258879e-06 8.529778065155772959e-07 1.374348538191191865e-06
1.105821491652807964e+00 1.866295144916324078e-04 5.525489111761881940e-05 8.471698955363530202e-05
1.108901774359361658e+00 5.997608141382624117e-04 1.701892439652838809e-04 2.784794321620032197e-04
1.111982057065915575e+00 1.543743928101842106e-04 4.180943364206343233e-05 7.649639908535824659e-05
1.115062339772469269e+00 1.944989842359093911e-06 5.229375295300295756e-07 1.138615429490906788e-06
1.118142622479022963e+00 9.579601333156592579e-08 2.596153457842934152e-08 2.346999586494871594e-08
1.121222905185576879e+00 1.313644356991461569e-08 3.706372645745386086e-09 4.008637560737279120e-09
1.124303187892130573e+00 9.923453115805291773e-09 5.821266325892917241e-09 1.406408470412988278e-08
1.127383470598684490e+00 2.854808071795462308e-08 2.047066658512212906e-08 2.063443838162056506e-08
1.130463753305238184e+00 1.263617311621298953e-07 9.386073441673839399e-08 4.273799392498989226e-08
1.133544036011792100e+00 9.016312034947415458e-07 6.377535342301326692e-07 3.426375825654776270e-07
1.136624318718345794e+00 1.742588042199403077e-05 1.158701511933691210e-05 5.932955042027224444e-06
1.139704601424899488e+00 4.673394242395479542e-03 3.364652162459370703e-03 1.634300138505253913e-03
1.142784884131453405e+00 1.256731105803541963e-02 8.953504096238231943e-03 4.460136962845240999e-03
1.145865166838007099e+00 2.190806277864791943e-03 1.527120290444591855e-03 7.936152533418827475e-04
1.148945449544560793e+00 3.776945428827834774e-06 2.522246373333034451e-06 1.403392726614917608e-06
1.152025732251114709e+00 3.251190112717569170e-07 2.283549108198377370e-07 1.541921453686132325e-07
1.155106014957668403e+00 5.604596626458273864e-08 4.169327739623403256e-08 4.821138466728809969e-08
1.158186297664222320e+00 1.660971008048384779e-08 1.391714310941962752e-08 2.169365047810793882e-08
1.161266580370776014e+00 1.101619025568542024e-08 1.464320439249494213e-08 5.673279569897885405e-09
1.164346863077329930e+00 3.056926323093897540e-08 5.013830722426443736e-08 1.192212434339205601e-08
1.167427145783883624e+00 3.177686216104273097e-07 4.729729653270238450e-07 1.792418352540249111e-07
1.170507428490437318e+00 7.472609730869067420e-06 1.010887634307396308e-05 4.327872054310608836e-06
1.173587711196991235e+00 3.108932929652239861e-04 3.974347565589685257e-04 1.378170651866543451e-04
1.176667993903544929e+00 6.243610173614942216e-04 7.840760597795663669e-04 2.687583428131087556e-04
1.179748276610098623e+00 9.797582509904951859e-05 1.182342482730568101e-04 4.570246017353757134e-05
1.182828559316652317e+00 1.300283940665110221e-06 1.605091842522388241e-06 8.755639851193805485e-07
1.185908842023206233e+00 6.699342140412749402e-08 8.514021763177893904e-08 5.234454219133428999e-08
1.188989124729760150e+00 1.146594051697529048e-08 2.088891695294954918e-08 2.500278288937061753e-08
1.192069407436313844e+00 1.881824749749761451e-08 4.608964681454136303e-08 3.281985725994296613e-08
1.195149690142867760e+00 6.592245338975629644e-08 1.630666988711912302e-07 5.599718569272321578e-08
1.198229972849421454e+00 3.173458020920930067e-07 7.674926698165021139e-07 2.040420369359613150e-07
1.201310255555975148e+00 2.695946497369966093e-06 6.474021777508359409e-06 1.624586589630869112e-06
1.204390538262529065e+00 8.043138822965594566e-05 1.949201695356096557e-04 4.733724390873865609e-05
1.207470820969082759e+00 4.722433632046459280e-03 1.174229150736530274e-02 2.520490026051665829e-03
1.210551103675636453e+00 7.716812081789937647e-03 1.924655761922263592e-02 4.066374498783241476e-03
1.213631386382190369e+00 7.380267061722312841e-04 1.830487573999987731e-03 3.881600543841657062e-04
1.216711669088744063e+00 5.814598318407423086e-06 1.435277407251893050e-05 3.083693556829659596e-06
1.219791951795297980e+00 5.304617741391233382e-07 1.305630434633252113e-06 2.910440759055441332e-07
1.222872234501851674e+00 1.032471185276936407e-07 2.521044639914871943e-07 5.374845381998305074e-08
1.225952517208405590e+00 3.319990822965593376e-08 7.826513622588285205e-08 2.228356879632710740e-08
1.229032799914959284e+00 2.211500857853087389e-08 4.623010659020836062e-08 8.902419336960154170e-09
1.232113082621512978e+00 8.947534869562988817e-08 1.465141847593056820e-07 5.618217055622325068e-08
1.235193365328066673e+00 1.055719734390582477e-06 1.754135943275835125e-06 6.012225227707518297e-07
1.238273648034620589e+00 2.769682880680170671e-05 4.792338888745706929e-05 1.656999942685234299e-05
1.241353930741174283e+00 5.483089410677052713e-04 1.005503532563012826e-03 2.979167651837190791e-04
1.244434213447728199e+00 6.715889996612360406e-04 1.269590175118564960e-03 3.570929950061874037e-04
1.247514496154282115e+00 5.853841885559632604e-05 1.144936363278108540e-04 3.188469432592040242e-05
1.250594778860835810e+00 1.050373170775919250e-06 2.226637574397714288e-06 6.806953006090962023e-07
1.253675061567389504e+00 6.301049853367043465e-08 1.358429294411528524e-07 3.369257028191355332e-08
1.256755344273943420e+00 2.669286696330711521e-08 3.830903937157426757e-08 1.132774847649521108e-08
1.259835626980497114e+00 5.694404090158082655e-08 6.521507333271445442e-08 3.095287271445853816e-08
1.262915909687050808e+00 2.001363681871934850e-07 2.245298936621830895e-07 6.214433704468337888e-08
1.265996192393604503e+00 1.013406202333257656e-06 1.135386975557476259e-06 2.741811455460267218e-07
1.269076475100158419e+00 9.934829819667631378e-06 1.109486565104001329e-05 2.642462405486758496e-06
1.272156757806712113e+00 5.307707120937931811e-04 5.934362117144318218e-04 1.448436243099845912e-04
1.275237040513266029e+00 1.161809197137291493e-02 1.313250279991864944e-02 3.189177970345453798e-03
1.278317323219819945e+00 1.165146571676358399e-02 1.322645463647681256e-02 3.249020753185485801e-03
1.281397605926373640e+00 5.389128420031410452e-04 6.151654413794828587e-04 1.605894406041453082e-04
1.284477888632927334e+00 9.567665022624725191e-06 1.093341863579320670e-05 2.980676139803867357e-06
1.287558171339481028e+00 1.008875278394740318e-06 1.147168844203828166e-06 2.995067513433454204e-07
1.290638454046034944e+00 2.100297204415953319e-07 2.367338321508529748e-07 6.322200480282927216e-08
1.293718736752588638e+00 6.673351789694062028e-08 7.281735023502778885e-08 2.127497280636705222e-08
1.296799019459142333e+00 3.822279542689047225e-08 3.625203681414244370e-08 1.247068188095424661e-08
1.299879302165696249e+00 1.169792930034374803e-07 8.111498779001398596e-08 2.951040544095658847e-08
1.302959584872249943e+00 1.824420721473009610e-06 1.207642963646592958e-06 5.165245094829356432e-07
1.306039867578803859e+00 8.529378014843197854e-05 5.914612735043136058e-05 2.964947539224751673e-05
1.309120150285357775e+00 8.987117077200779168e-04 6.324218120422223999e-04 3.476463472745108634e-04
1.312200432991911470e+00 7.290403939823481829e-04 5.246352487062621488e-04 2.942606306450494384e-04
1.315280715698465164e+00 3.955674257122656669e-05 2.965213230613989714e-05 1.542477806167098989e-05
1.318360998405018858e+00 1.076130869926382588e-06 8.293639038974974561e-07 4.933963435646031318e-07
1.321441281111572774e+00 8.232793836019886278e-08 6.545556944329515505e-08 4.947150203966158450e-08
1.324521563818126468e+00 2.736332439422333035e-08 2.071703223526289132e-08 2.156957052393778404e-08
1.327601846524680163e+00 3.981915820220787232e-08 2.237826327171704364e-08 3.562802666230515454e-08
1.330682129231234079e+00 1.353353050048294197e-07 6.930779031562707491e-08 6.763300122026620417e-08
1.333762411937787773e+00 7.075941547570788747e-07 3.584143436058051861e-07 3.375150428014017292e-07
1.336842694644341689e+00 7.567492423399729364e-06 3.702888431395861919e-06 3.752649688517197162e-06
1.339922977350895383e+00 8.989195630891077616e-04 4.188490276149633225e-04 4.544958073122586204e-04
1.343003260057449300e+00 9.502670323903131266e-03 4.403661812082963062e-03 4.825012622650877089e-03
1.346083542764002994e+00 5.987263063083286471e-03 2.807931471128011659e-03 2.990463786103762876e-03
1.349163825470556688e+00 1.200291661993896716e-04 5.908897042236625795e-05 5.471732512604121352e-05
1.352244108177110604e+00 3.661876546744497368e-06 1.789032798009672598e-06 1.647076492941719090e-06
1.355324390883664298e+00 4.100186660395397029e-07 1.942919766569331536e-07 1.998045925777996443e-07
1.358404673590217993e+00 8.826625271786922928e-08 4.043733840830089184e-08 4.427670606143864043e-08
1.361484956296771909e+00 2.810105735514716665e-08 1.248739014399834214e-08 1.325544267659596259e-08
1.364565239003325825e+00 1.716767453867293934e-08 1.056794145068960668e-08 1.046287777672535594e-08
1.367645521709879519e+00 9.167588165622486430e-08 8.175141758090880652e-08 3.465995182359171569e-08
1.370725804416433213e+00 1.631257972791693280e-06 1.367735072732305731e-06 7.216236037223698868e-07
1.373806087122987130e+00 1.079369856593004128e-04 7.640225576269179186e-05 3.924549866454245343e-05
1.376886369829540824e+00 6.569668142374945246e-04 4.094654866376828115e-04 2.184768238315940893e-04
1.379966652536094518e+00 3.443260317917542297e-04 1.997164877593759493e-04 1.129152386972335001e-04
1.383046935242648434e+00 1.027384364397233689e-05 5.612675295810358454e-06 3.351985331772822370e-06
1.386127217949202128e+00 3.955382463288536036e-07 1.993232144523024115e-07 1.396730623617180311e-07
1.389207500655755823e+00 3.704482799566411439e-08 2.030943077239201831e-08 1.646436237854934136e-08
1.392287783362309739e+00 1.294961178041185900e-08 9.131253942239037353e-09 5.983392490742642838e-09
1.395368066068863655e+00 1.615215931455277791e-08 1.482473447070991515e-08 1.563982167854719737e-08
1.398448348775417349e+00 5.384642003656407581e-08 5.572389557394553425e-08 2.321955200887138131e-08
1.401528631481971043e+00 3.047351740477926475e-07 3.202444643185376002e-07 1.095582931075173048e-07
1.404608914188524960e+00 3.232816933937408085e-06 3.475797063129949540e-06 1.293014339185742016e-06
1.407689196895078654e+00 1.237736885423395975e-03 1.260497798599869790e-03 6.138400802956610076e-04
1.410769479601632348e+00 7.010064281241276674e-03 7.054378247290381786e-03 3.432974856261208733e-03
1.413849762308186042e+00 2.656392513550637820e-03 2.648860178321262113e-03 1.260635178676932158e-03
1.416930045014739958e+00 1.491163940894784205e-05 1.468252776442985985e-05 5.242915913297869979e-06
1.420010327721293653e+00 7.050169206245209855e-07 6.654890468096779397e-07 2.056288230349119859e-07
1.423090610427847569e+00 7.675623013047952583e-08 7.264138437907965457e-08 3.791921797923155974e-08
1.426170893134401485e+00 1.486182054894240248e-08 1.470022733078821721e-08 8.104690931475866264e-09
1.429251175840955179e+00 5.368941824424268266e-09 5.683128173896569431e-09 2.562187132907283898e-09
1.432331458547508873e+00 1.130540228289781767e-08 1.330777158274788185e-08 3.817793921783635488e-09
1.435411741254062790e+00 1.369854068475955583e-07 1.531986880949639614e-07 2.774892387553192114e-08
1.438492023960616484e+00 2.486698425321889411e-06 2.848516857952184014e-06 6.737707859521046509e-07
1.441572306667170178e+00 1.437063040705821180e-04 1.791828687513542274e-04 4.220104308112202819e-05
1.444652589373723872e+00 5.114772496797746672e-04 6.573176296270905180e-04 1.538275687534545056e-04
1.447732872080277788e+00 1.680513851490179379e-04 2.192512285147218260e-04 5.604262789983680324e-05
1.450813154786831705e+00 2.772328186994750074e-06 3.659797818122269644e-06 1.203119098598094834e-06
1.453893437493385399e+00 1.308411931625698280e-07 1.605157577725987075e-07 7.961990417884586184e-08
1.456973720199939315e+00 1.708688148630193507e-08 1.849372950562694393e-08 1.291627088377530556e-08
1.460054002906493009e+00 8.326066706547573943e-09 8.453207035422874310e-09 8.430229132550225752e-09
1.463134285613046703e+00 1.093580771064055133e-08 1.175738429698536416e-08 1.066346015981929846e-08
1.466214568319600398e+00 4.362473775898704289e-08 4.601964485884131792e-08 1.103516679688683077e-08
1.469294851026154314e+00 3.818267227280281459e-07 3.954486968789881042e-07 5.165205481473981836e-08
1.472375133732708008e+00 5.656409092456356060e-06 5.878820230143952670e-06 4.091438152470900901e-07
1.475455416439261702e+00 1.558922876229440913e-03 2.075139080590795472e-03 1.788109635803655946e-04
1.478535699145815618e+00 5.167215401282335661e-03 6.947711710026530270e-03 5.543149590183399800e-04
1.481615981852369535e+00 1.186520140641990394e-03 1.593811923313611214e-03 1.122257662917084629e-04
1.484696264558923229e+00 2.939900550684698333e-06 3.481095601399546752e-06 4.869204537788777355e-07
1.487776547265477145e+00 2.267963745756775466e-07 2.764125491146233639e-07 4.409980528086843439e-08
1.490856829972030839e+00 2.564172375767282086e-08 3.317817755798380224e-08 1.615045675787280509e-09
1.493937112678584533e+00 4.115832550443323964e-09 6.381840280809389989e-09 3.364190104072061855e-09
1.497017395385138228e+00 8.829629834510563052e-10 1.764338074843578012e-09 3.237599269576329590e-09
1.500097678091692144e+00 7.757195764431277457e-09 5.490990060648658634e-09 1.679905236103150868e-08
1.503177960798245838e+00 1.421558269041438228e-07 1.137118248922732975e-07 7.644124462862556904e-08
1.506258243504799532e+00 3.338790405238921248e-06 2.951272903301894909e-06 1.512759002118823139e-06
1.509338526211353448e+00 1.442125974072389473e-04 1.515861803621381158e-04 6.496221826167584209e-05
1.512418808917907365e+00 3.488839139341919169e-04 3.893093960012360437e-04 1.462216194229503318e-04
1.515499091624461059e+00 8.092469964937784815e-05 9.225819489496129081e-05 3.058936163390226182e-05
1.518579374331014753e+00 1.265868247948925015e-06 1.509138990297332985e-06 3.518110219118984884e-07
1.521659657037568669e+00 6.516651877832746026e-08 7.453138186896775200e-08 2.069918002365628032e-08
1.524739939744122363e+00 8.273889514204194622e-09 8.053125138284876305e-09 4.440623756148940422e-09
1.527820222450676058e+00 4.576256009218135117e-09 4.185963711948727582e-09 1.674050612364296981e-08
1.530900505157229974e+00 9.141589257618385383e-09 9.383678728532197299e-09 2.238634061196014372e-08
1.533980787863783668e+00 3.884812828449956612e-08 3.963943219948265205e-08 6.863317663990060194e-08
1.537061070570337584e+00 3.390144535984343057e-07 3.277211727330324658e-07 4.768676544247030819e-07
1.540141353276891278e+00 9.699119287992793130e-06 9.676208072819484314e-06 1.139717084082392590e-05
1.543221635983445195e+00 8.302948252948114160e-04 9.394982080314092472e-04 8.482508775697458672e-04
1.546301918689998889e+00 1.699077494261784504e-03 1.955602652317442978e-03 1.670416920279966686e-03
1.549382201396552583e+00 2.273305197193000739e-04 2.643057112586089195e-04 2.138484324964924123e-04
1.552462484103106499e+00 1.329554359504273945e-06 1.494909094006675923e-06 1.140365107303908512e-06
1.555542766809660193e+00 1.193339195116025523e-07 1.319123509127412595e-07 9.587120962133464167e-08
1.558623049516213888e+00 2.050738014475078546e-08 2.366315579266001770e-08 1.741721066167853446e-08
1.561703332222767804e+00 5.082865616712420881e-09 6.355070202383626523e-09 7.507949413580438427e-09
1.564783614929321498e+00 1.810254365381941068e-09 2.652753516095220228e-09 5.380839379625644452e-09
1.567863897635875414e+00 1.589772104211406691e-09 2.638219378351213294e-09 2.350979275230251285e-08
1.570944180342429330e+00 1.776445050173283333e-08 6.022537420642485092e-09 2.290280372163928898e-07
1.574024463048983025e+00 7.017317393179366022e-07 1.381287930561825795e-07 6.742460253693265925e-06
1.577104745755536719e+00 1.734341596621381519e-05 1.039891826706778970e-05 1.353081156949757888e-04
1.580185028462090413e+00 3.182739699248270256e-05 2.748144676315688185e-05 1.926858465048726838e-04
1.583265311168644107e+00 5.807590556389549749e-06 5.826960325918993731e-06 2.423132072320193211e-05
1.586345593875197801e+00 1.492009087992085911e-07 1.914399707532064420e-07 3.907765342008598704e-07
1.589425876581751940e+00 1.042193620327806561e-08 1.426046636929514145e-08 2.590914454377111113e-08
1.592506159288305634e+00 1.622229383463014196e-09 2.035065499528564847e-09 5.171525806355507543e-09
1.595586441994859328e+00 5.526405335984004283e-10 5.019970378248633053e-10 2.096488067889388728e-08
1.598666724701413244e+00 7.184790601670050098e-10 6.658634074586387408e-10 2.745989625585696472e-08
1.601747007407966938e+00 3.313837755261214779e-09 4.328895202732537317e-09 1.032907914784742256e-07
1.604827290114520633e+00 3.652141956161537984e-08 5.213156628432495281e-08 1.007069576863959658e-06
1.607907572821074327e+00 1.476677913015250205e-06 1.643547776268729569e-06 4.298367009049747212e-05
1.610987855527628465e+00 3.764006402220423741e-05 4.219426641017116176e-05 1.282970451026301407e-03
1.614068138234182159e+00 4.491216026165724992e-05 4.837540423009274807e-05 1.590633229432027130e-03
1.617148420940735853e+00 3.186722446632527170e-06 2.635387366107514650e-06 1.095372640773614644e-04
1.620228703647289548e+00 5.319731261428892987e-08 4.769498534102108586e-08 1.450192366569017197e-06
1.623308986353843242e+00 5.324484190649162301e-09 5.484674314482354647e-09 1.376135383900281217e-07
1.626389269060397158e+00 9.138384285788921850e-10 9.379467947654243421e-10 3.000350745386467172e-08
1.629469551766950852e+00 2.624163184329653231e-10 2.756867464692770637e-10 8.648174067025912291e-09
1.632549834473504990e+00 1.823868778454424372e-10 1.984177688165845087e-10 7.697196946854013871e-09
1.635630117180058685e+00 8.341779621849693803e-10 8.943451806981423520e-10 1.773310627400912473e-08
1.638710399886612379e+00 2.070795579227940223e-08 2.117083519671664737e-08 2.435838405373191299e-07
1.641790682593166073e+00 7.555196635615633358e-07 1.004960631203620083e-06 6.507201886752443502e-06
1.644870965299719767e+00 1.046022228205026417e-05 1.404138650684816872e-05 6.719708862836910282e-05
1.647951248006273461e+00 1.116047416622641763e-05 1.543573390425916967e-05 6.038402083046748791e-05
1.651031530712827600e+00 1.003916285502677979e-06 1.447893853608326758e-06 4.432395419818799344e-06
1.654111813419381294e+00 2.884493112498698300e-08 3.353021740885016713e-08 6.839588554948017808e-08
1.657192096125934988e+00 1.264409182935129271e-09 1.106772800931572830e-09 8.901668380663607044e-09
1.660272378832488904e+00 2.308109136659848046e-10 3.359107411716973251e-10 1.025822999175166145e-08
1.663352661539042598e+00 5.202591228603012528e-10 8.988591878275982492e-10 3.551706575151990793e-08
1.666432944245596293e+00 1.841461360283478133e-09 3.136820804511807203e-09 3.479937874875532174e-08
1.669513226952149987e+00 9.465615180035706354e-09 1.566012680346559559e-08 1.499644168626209531e-07
1.672593509658704125e+00 9.324255724439199854e-08 1.487632252852749682e-07 1.492750071152783107e-06
1.675673792365257819e+00 7.584458419646619040e-06 1.172761264959255439e-05 1.196711761963705091e-04
1.678754075071811513e+00 1.106602038654029536e-04 1.793546352788423937e-04 1.654885635898214547e-03
1.681834357778365208e+00 8.690834441812438018e-05 1.409102869206392702e-04 1.289352740373621688e-03
1.684914640484919124e+00 2.808689435917658344e-06 4.578734586757243840e-06 4.340787499242898897e-05
1.687994923191472818e+00 7.061546757553604490e-08 1.201574232271487537e-07 9.963825499615424986e-07
1.691075205898026512e+00 7.089797411162198587e-09 1.213727767268267851e-08 1.056054800013158715e-07
1.694155488604580651e+00 1.463753923721632116e-09 2.608102156147591405e-09 2.391101747605443363e-08
1.697235771311134345e+00 4.628476879630485686e-10 1.004229746791252540e-09 9.163371311810377220e-09
1.700316054017688039e+00 4.503259377842648905e-10 1.625416961521642640e-09 1.011563697401030062e-08
1.703396336724241733e+00 1.997155245204850836e-09 7.046329167710194730e-09 1.110474092515865463e-08
1.706476619430795427e+00 5.591154796911682256e-09 6.643814700985834478e-08 2.490920854671045859e-07
1.709556902137349121e+00 2.480541535023829947e-08 2.686244061734732325e-06 1.548120691118495248e-05
1.712637184843903038e+00 1.049453326569194665e-06 2.194974243811439782e-05 1.101283929074668971e-04
1.715717467550456954e+00 1.336182218043503920e-06 1.365340262111315057e-05 6.972995809729499170e-05
1.718797750257010870e+00 1.250738439802189108e-07 4.970509036665583509e-07 2.992307151015509941e-06
1.721878032963564564e+00 9.154994398906122914e-09 2.625508987127551768e-08 9.948086088942735416e-08
1.724958315670118258e+00 7.443071981212272844e-10 2.512198093968154599e-09 8.845873171373189336e-09
1.728038598376671953e+00 1.110382568712554451e-10 7.757299753582955163e-10 2.354310842537783429e-08
1.731118881083225647e+00 3.678753513805393082e-10 1.551099678278615195e-09 5.040293484256646003e-08
1.734199163789779341e+00 1.743822827288411453e-09 5.759387228925635660e-09 3.600899459407527251e-08
1.737279446496333479e+00 1.091350559111996190e-08 3.036863362401256464e-08 1.251064580440439422e-07
1.740359729202887173e+00 1.031762915762332520e-07 3.252172211079139305e-07 1.466694575187683005e-06
1.743440011909440868e+00 1.390466852751497391e-05 6.936297224267883900e-05 2.840602082943261648e-04
1.746520294615994784e+00 9.407702677122682406e-05 4.997617195097703822e-04 2.040090360323595226e-03
1.749600577322548478e+00 4.211857714162687405e-05 2.328867762954168574e-04 9.707926861145947705e-04
1.752680860029102172e+00 2.939966998790286131e-07 2.183557812202689905e-06 1.194402945931802248e-05
1.755761142735655866e+00 1.313692100154891066e-08 8.981522892460878443e-08 4.479762245981704116e-07
1.758841425442210005e+00 2.225572284220622509e-09 1.175046289039463776e-08 3.889191345648368134e-08
1.761921708148763699e+00 6.994210899955521942e-10 2.739281465248983729e-09 1.714924303303755886e-08
1.765001990855317393e+00 5.008770745306285927e-10 1.235834381560417425e-09 1.315047533439512238e-08
1.768082273561871087e+00 2.429199904791115117e-09 3.511581621441640321e-09 1.911048628187282729e-09
1.771162556268425003e+00 2.315830713782245790e-08 2.815154368014849383e-08 8.582404936726804688e-09
1.774242838974978698e+00 2.690771566493038307e-07 3.237741800186495636e-07 4.494257749250210090e-08
1.777323121681532614e+00 8.683951047175370735e-06 1.350632818987362581e-05 3.088055980062412889e-06
1.780403404388086530e+00 2.799115255538541495e-05 5.210211267962022925e-05 1.469858270193346335e-05
1.783483687094640224e+00 8.734866702274019101e-06 1.842756730601189505e-05 6.167470002307768631e-06
1.786563969801193918e+00 1.226698139332353406e-07 2.804646502168023094e-07 1.421506619045906902e-07
1.789644252507747613e+00 3.695128885159200560e-09 8.710845081344090705e-09 8.742222997629912224e-09
1.792724535214301307e+00 4.052809295105365801e-10 1.265612116603308618e-09 1.869853578475258322e-09
1.795804817920855001e+00 3.691347401168857051e-10 8.520178178818760647e-10 2.979930720255891930e-08
1.798885100627409139e+00 9.812213385792670695e-10 1.605953295083869411e-09 4.032978810487068903e-08
1.801965383333962833e+00 4.946796159247529281e-09 7.123116679922145557e-09 2.647629079349450741e-08
1.805045666040516750e+00 4.649703742674693612e-08 6.133718178285814126e-08 1.385610317097286673e-07
1.808125948747070444e+00 5.341853443132859277e-07 6.298322250570925554e-07 2.240406123549400446e-06
1.811206231453624138e+00 9.957471922260468264e-05 1.414697227832567995e-04 5.505771900564743670e-04
1.814286514160177832e+00 3.996774065492151120e-04 5.738232509745701173e-04 2.298764128224628847e-03
1.817366796866731526e+00 1.138855712364732691e-04 1.632740498113271100e-04 6.872539928581351994e-04
1.820447079573285665e+00 4.819548928879853578e-07 5.391004604969511904e-07 4.438009012988070481e-06
1.823527362279839359e+00 1.927630538087260119e-08 2.201794843173946848e-08 2.969389729232925285e-07
1.826607644986393053e+00 1.227007707329362419e-09 1.732160989100368507e-09 1.525195036557362362e-08
1.829687927692946747e+00 1.327550617985890639e-10 2.391617585626376784e-10 9.087151941403881376e-09
1.832768210399500663e+00 1.120457439775727318e-10 1.232422061772381540e-10 8.021008841187143142e-09
1.835848493106054358e+00 1.761774912166174226e-09 2.344217007199535074e-09 1.447320211817061186e-08
1.838928775812608052e+00 2.278080558137557013e-08 3.032874029344073706e-08 1.509513427243109586e-07
1.842009058519162190e+00 3.447353209752174796e-07 4.272599330331803427e-07 2.168964018070815797e-06
1.845089341225715884e+00 1.178283372633678858e-05 1.406376862944151799e-05 9.729488942565218154e-05
1.848169623932269579e+00 3.091926041554015188e-05 3.717390379164097169e-05 2.807884794606015067e-04
1.851249906638823273e+00 9.840974025736062735e-06 1.180000959130335496e-05 8.770211225587495982e-05
1.854330189345376967e+00 2.320274604997783354e-07 2.622464576496997027e-07 1.907970141699696000e-06
1.857410472051930883e+00 1.312947444348544099e-08 1.345312279997963898e-08 1.089928460367974000e-07
1.860490754758484577e+00 1.129462831500677828e-09 9.922644438922650504e-10 1.671523610314429742e-08
1.863571037465038494e+00 2.547359645466040641e-10 1.957164885721376548e-10 5.034186442723080382e-08
1.866651320171592410e+00 2.823519750980193215e-10 2.631582993317065401e-10 4.255760421097161698e-08
1.869731602878146104e+00 1.375217402308467872e-09 1.478154781716854412e-09 7.288871805822828355e-09
1.872811885584699798e+00 1.711652115582153741e-08 1.507055498816542789e-08 9.143218720380006892e-08
1.875892168291253492e+00 4.274677157476741016e-07 3.563551458989549687e-07 1.880357912738536742e-06
1.878972450997807186e+00 4.288445117502186741e-05 3.822490783121280418e-05 1.198087852490398528e-04
1.882052733704361325e+00 1.100342867798358241e-04 1.016034372187782408e-04 2.862242956748080585e-04
1.885133016410915019e+00 1.985530199608083777e-05 1.910189153902040664e-05 4.842211637056419084e-05
1.888213299117468713e+00 1.536555284695518058e-07 1.797270912488959112e-07 2.088151237244825035e-07
1.891293581824022629e+00 1.204986276713200778e-08 1.455701908906065424e-08 1.199373564133907720e-08
1.894373864530576324e+00 1.604343275339947526e-09 1.891474050903141779e-09 9.366775932485280339e-09
1.897454147237130018e+00 4.445463663749615031e-10 5.553124935119414390e-10 7.932293381959113461e-09
1.900534429943683712e+00 4.586886235021954456e-10 8.397982410750235207e-10 9.326726282156791229e-09
1.903614712650237850e+00 2.239444130706189593e-09 4.345733029972612980e-09 7.628370068326185033e-09
1.906694995356791544e+00 1.815115509404041484e-08 2.996329146448284342e-08 6.707576319063778638e-08
1.909775278063345239e+00 2.399942985743630828e-07 3.027392864750541143e-07 1.138006045702193024e-06
1.912855560769898933e+00 1.825183723813295249e-06 1.764520167852527012e-06 1.229214480931556364e-05
1.915935843476452627e+00 1.424838771907128698e-06 1.076904998459923577e-06 1.783894382921239781e-05
1.919016126183006543e+00 3.534237831211970830e-07 1.700694851393981161e-07 3.152108660036714150e-06
1.922096408889560237e+00 2.078598113476014492e-08 3.268740035870195117e-08 7.754915539028164856e-08
1.925176691596114376e+00 1.851235240406643232e-09 2.965161593962090884e-09 7.165175229217164451e-09
1.928256974302668070e+00 2.343957796145836268e-10 3.473821340102927611e-10 8.857540219726108244e-09
1.931337257009221764e+00 3.816561795114540459e-10 4.888282218913450457e-10 6.355065110195015842e-08
1.934417539715775458e+00 1.508829182909317792e-09 1.940990881251417691e-09 3.859203059627548254e-08
1.937497822422329152e+00 8.868500598589502700e-09 1.163429907080367879e-08 2.846214809355323514e-08
1.940578105128882846e+00 9.541744666310083126e-08 1.198856751980939853e-07 2.826945239409459201e-07
1.943658387835436763e+00 2.648683527744155086e-06 3.170400596012194103e-06 8.899277508526870386e-06
1.946738670541990679e+00 8.526603680320395074e-05 1.034308336384925372e-04 2.677809738895805397e-04
1.949818953248544373e+00 1.228861675395906828e-04 1.487291890088215658e-04 3.955975722581036159e-04
1.952899235955098289e+00 1.061801425738628956e-05 1.257425616120088714e-05 3.766308313219752520e-05
1.955979518661651984e+00 1.016360250821700002e-07 1.154065073219690890e-07 4.124880122739298708e-07
1.959059801368205678e+00 9.617143903444378980e-09 1.101416730800040382e-08 3.513933209954858720e-08
1.962140084074759372e+00 1.905020494040859198e-09 2.177952044410597233e-09 1.441963410421602071e-08
1.965220366781313066e+00 7.233438309097079125e-10 7.181190330767847480e-10 8.344947308225764614e-09
1.968300649487867204e+00 1.222004462431065140e-09 1.033590209489993159e-09 1.356442778843263082e-08
1.971380932194420899e+00 9.218738747890881311e-09 8.257476415132257247e-09 3.665302903001767970e-08
1.974461214900974593e+00 1.229057979077791132e-07 1.045961261167503226e-07 4.221097021841614172e-07
1.977541497607528509e+00 3.068101434332589834e-06 2.571547269727452768e-06 1.397705249302121808e-05
1.980621780314082203e+00 3.270839583571461494e-05 2.766354690435600649e-05 1.369991896059264260e-04
1.983702063020635897e+00 3.281566188889488580e-05 2.738660563492732530e-05 1.466454865476283208e-04
1.986782345727189591e+00 3.287241298892902471e-06 2.587218708161845630e-06 1.773567509342298585e-05
1.989862628433743730e+00 4.931131431051960979e-08 3.177593237182973334e-08 3.899277371142314934e-07
1.992942911140297424e+00 2.271969557800592582e-09 1.389509783986550376e-09 1.751855692607443254e-08
1.996023193846851118e+00 9.911777878158138372e-10 7.111697536739550115e-10 1.418784653624918535e-08
1.999103476553404812e+00 2.215114502918803574e-09 1.544579883292647372e-09 5.303761131118135606e-08
2.002183759259958507e+00 7.842851226199822624e-09 5.461700740456832266e-09 3.914639728942752785e-08
2.005264041966512423e+00 4.179368120232460369e-08 2.924333169051289422e-08 1.308865620638438101e-07
2.008344324673066339e+00 4.313131942401892232e-07 2.941765725994993841e-07 1.242000249653739904e-06
2.011424607379620255e+00 2.382477221548929435e-05 1.620092163607500085e-05 7.219990083856647994e-05
2.014504890086173727e+00 4.089435292612868603e-04 2.808863947759406639e-04 1.256240043619251054e-03
2.017585172792727644e+00 3.855347828362788048e-04 2.648830677683087511e-04 1.204472918945727290e-03
2.020665455499281560e+00 1.813932265247112367e-05 1.231920849223313865e-05 6.219290065064957693e-05
2.023745738205835032e+00 3.351288683489879309e-07 2.249333628140737929e-07 1.253324597253720145e-06
2.026826020912388948e+00 3.421567992833631166e-08 2.325981794279514291e-08 1.162467245293930377e-07
2.029906303618942864e+00 7.149144826739337772e-09 4.871038380853298411e-09 2.827728108466623299e-08
2.032986586325496781e+00 2.375940267989841231e-09 1.615181009549300873e-09 1.344295896433660933e-08
2.036066869032050253e+00 2.187864035063132301e-09 1.608602190838178230e-09 1.043133081589247599e-08
2.039147151738604169e+00 1.182771960293537288e-08 8.819707560518149891e-09 2.358033222032718607e-08
2.042227434445157641e+00 1.584818825302103299e-07 9.948613090725004482e-08 4.337100410290415043e-07
2.045307717151711557e+00 6.503446658469906686e-06 3.733021367593476375e-06 2.147325116095313204e-05
2.048387999858265474e+00 4.296914703868020359e-05 2.401230943345210073e-05 1.666361637199935441e-04
2.051468282564819390e+00 3.471477017730226433e-05 2.007634625355711255e-05 1.497425370322861713e-04
2.054548565271373306e+00 2.949522485574773713e-06 1.819166873601793076e-06 1.453778523494110059e-05
2.057628847977926778e+00 8.806796993228502494e-08 5.237161983831432632e-08 5.444051254648321867e-07
2.060709130684480694e+00 4.666010726753865183e-09 2.312328598026976941e-09 3.003483073357548729e-08
2.063789413391034167e+00 7.675256016720562512e-10 3.371655064203959487e-10 2.830660539771829829e-08
2.066869696097588083e+00 1.094747923066422852e-09 5.487625907343072898e-10 5.176133380985748483e-08
2.069949978804141555e+00 4.574635194305528970e-09 2.823081187103194327e-09 4.263660854248458770e-08
2.073030261510695915e+00 3.070509215244834022e-08 2.130864087192487006e-08 1.565445401699409635e-07
2.076110544217249387e+00 3.267144848142379014e-07 2.083833757741143468e-07 1.874843394676918981e-06
2.079190826923803304e+00 2.846958264002805272e-05 1.375140547004943867e-05 1.992318826855898667e-04
2.082271109630357220e+00 2.581382376455711777e-04 1.228921012390845409e-04 1.850035577462651789e-03
2.085351392336910692e+00 1.547222478432194856e-04 7.425852121621919822e-05 1.111759551105387812e-03
2.088431675043464608e+00 3.817690623314678105e-06 1.952978421771022909e-06 2.674418829957459889e-05
2.091511957750018080e+00 1.103682191787322631e-07 5.595355372610354801e-08 8.575858678591246944e-07
2.094592240456572441e+00 1.036036068758523393e-08 5.181720014903498974e-09 7.738542129806117275e-08
2.097672523163125913e+00 2.177454740770724072e-09 1.099927463261054309e-09 2.279774727023825720e-08
2.100752805869679829e+00 8.589373865012750820e-10 5.556603199858157146e-10 1.662185257869156690e-08
2.103833088576233301e+00 1.848606514213552216e-09 2.233203630954789704e-09 1.293810957724352514e-08
2.106913371282787217e+00 1.443535526677435740e-08 1.851323520997068350e-08 6.132630732217085219e-08
2.109993653989341134e+00 1.710009328413995977e-07 1.920646042013708195e-07 1.007900704318919265e-06
2.113073936695894606e+00 5.809908215680094506e-06 4.593287571086867935e-06 4.939033940937077990e-05
2.116154219402448966e+00 2.148692349778945763e-05 1.331098476213186493e-05 2.175762251716319151e-04
2.119234502109002438e+00 1.266498660350119329e-05 6.955103525982755251e-06 1.198017739062542264e-04
2.122314784815556354e+00 8.666488433173464324e-07 5.280477158793067453e-07 5.883697660076522306e-06
2.125395067522109827e+00 4.247016557164134583e-08 2.462282880846374169e-08 2.423409073796798115e-07
2.128475350228663743e+00 2.829797133300082264e-09 1.274067809545530522e-09 2.762093518092974355e-08
2.131555632935217215e+00 3.612642897096740642e-10 1.283765195224962213e-10 4.237893137574796422e-08
2.134635915641771575e+00 3.597995098845042114e-10 3.341084555175289012e-10 6.225510080935319222e-08
2.137716198348325047e+00 2.449897509358961351e-09 2.775593152396798526e-09 1.823886695061655579e-08
2.140796481054878964e+00 2.614491565242344789e-08 3.187661977326887374e-08 1.429218222268800286e-07
2.143876763761432880e+00 3.516469230360741381e-07 3.988610732092878527e-07 1.803500065353034326e-06
2.146957046467986352e+00 3.982712666774231139e-05 3.811096069045155345e-05 2.851884833733658777e-04
2.150037329174540268e+00 1.986644613947932561e-04 1.859842962141361326e-04 1.452236414508923041e-03
2.153117611881093740e+00 7.236083446287389998e-05 6.641957316474743692e-05 5.324106805205708641e-04
2.156197894587648101e+00 8.646392737185288395e-07 7.156360286022234970e-07 5.726511400152320234e-06
2.159278177294201573e+00 3.484197099982777696e-08 2.495363290975050736e-08 2.004205367139214312e-07
2.162358460000755489e+00 2.465308795508287337e-09 1.622957827750736474e-09 2.363857186775115445e-08
2.165438742707308961e+00 4.733713691165994289e-10 3.144464249346857492e-10 8.319188140123592033e-09
2.168519025413862877e+00 4.712792054584549541e-10 3.073403461960942549e-10 7.789327264944599725e-09
2.171599308120416794e+00 2.673477922332251034e-09 2.430149471696974515e-09 5.213254998362491241e-09
2.174679590826970266e+00 2.801011062720479198e-08 2.910307099535067461e-08 7.657030415173848244e-08
2.177759873533524626e+00 3.969803647653441853e-07 4.067773042369353989e-07 7.031557563149929332e-07
2.180840156240078098e+00 1.199565105943411011e-05 1.183842755092026848e-05 2.841600586047690242e-05
2.183920438946632014e+00 3.226037271790362527e-05 3.171845279578166025e-05 8.214503453600516638e-05
2.187000721653185487e+00 1.257457500995838150e-05 1.255913000551928886e-05 3.423318904904490108e-05
2.190081004359739403e+00 4.744699382754887043e-07 4.975584617080955017e-07 1.458019616537920408e-06
2.193161287066292875e+00 3.120486135146114025e-08 3.127229640346729518e-08 8.663103593091374441e-08
2.196241569772846791e+00 2.931276338464342570e-09 2.686107616569433110e-09 1.619242045474284140e-08
2.199321852479400707e+00 6.332516947687711337e-10 5.660799026802307682e-10 3.537146089838027703e-08
2.202402135185954624e+00 5.352427675547485801e-10 4.239959819327158915e-10 3.897080659274604285e-08
2.205482417892508540e+00 3.056564276645592447e-09 1.858691742252646916e-09 8.243689586681923511e-09
2.208562700599062012e+00 4.483550156308912175e-08 3.415491261569868932e-08 1.174087723217867011e-07
2.211642983305615928e+00 9.454045391613480598e-07 8.106185554776708779e-07 1.565214536824687438e-06
2.214723266012169400e+00 1.073552856442431673e-04 9.907570563370738553e-05 1.301560864490334569e-04
2.217803548718723317e+00 3.265115993563885537e-04 3.046591919343360306e-04 3.981329470195931050e-04
2.220883831425277233e+00 7.186387619690821362e-05 6.771481806443299006e-05 9.056697319870867261e-05
2.223964114131831149e+00 5.574011031196735058e-07 5.895141110133318482e-07 8.374450431708266827e-07
2.227044396838384621e+00 3.671722615874683506e-08 3.801902701898033067e-08 7.211691255269997799e-08
2.230124679544938537e+00 3.254987917837173732e-09 3.135998282677902228e-09 8.798394312387574349e-09
2.233204962251492454e+00 5.494182308370781650e-10 4.743203623065256431e-10 9.958292624023450378e-09
2.236285244958045926e+00 4.326487796602198924e-10 2.698447175338701460e-10 8.336801269982910933e-09
2.239365527664599842e+00 2.477799305113975532e-09 1.535397867808787923e-09 1.640592424500202714e-08
2.242445810371153758e+00 3.364637964203352451e-08 2.470817309618036701e-08 2.195209068203805003e-07
2.245526093077707674e+00 7.025975750095366871e-07 5.539700314986552146e-07 3.633079610709470071e-06
2.248606375784261147e+00 1.572638358885600988e-05 1.270820137118489515e-05 4.998487512384420752e-05
2.251686658490815063e+00 3.317210080206604205e-05 2.854979611328305173e-05 9.327070212995098848e-05
2.254766941197368979e+00 9.751952009409026127e-06 9.127521603125706440e-06 2.744579004036187212e-05
2.257847223903922451e+00 2.761886677664836299e-07 2.943062919401430822e-07 7.127945347227520925e-07
2.260927506610476367e+00 2.036342922993322413e-08 2.212390279255357345e-08 6.727239276586598963e-08
2.264007789317030284e+00 2.388420305990659133e-09 2.423112925971932693e-09 1.017015856034134038e-08
2.267088072023584200e+00 8.104775787748650189e-10 7.273664383319352916e-10 5.796089447860871872e-08
2.270168354730137672e+00 1.132282227965561433e-09 9.707494729493330497e-10 4.138892227378004313e-08
2.273248637436691588e+00 4.529303278775936263e-09 3.540487038577107164e-09 3.806149560882381185e-08
2.276328920143245060e+00 4.519782884135203978e-08 3.352865013958667834e-08 3.852693108962799126e-07
2.279409202849798977e+00 1.591992441243121502e-06 1.266412716872497538e-06 1.332928472713309829e-05
2.282489485556352893e+00 9.401388313374173667e-05 7.608325683507197819e-05 5.721962917124230651e-04
2.285569768262906809e+00 1.791308427362200560e-04 1.463346388938304441e-04 1.069641298923821541e-03
2.288650050969460725e+00 2.371294921157041772e-05 1.987405481158549002e-05 1.374171815938373547e-04
2.291730333676014197e+00 2.825991726305551654e-07 2.746927990517535234e-07 1.356795240271995161e-06
2.294810616382568114e+00 2.548636241455943469e-08 2.522312141444706600e-08 1.434206142930729236e-07
2.297890899089121586e+00 3.654877540755945368e-09 3.511576036692408022e-09 1.900030210528224644e-08
2.300971181795675502e+00 8.176271967693226972e-10 7.519479060510020872e-10 2.336503487536904024e-08
2.304051464502229418e+00 3.327442722897008456e-10 2.615178929981422402e-10 9.450987760516719672e-09
2.307131747208783334e+00 7.262429168072345681e-10 4.513070193350262248e-10 2.923551654802706682e-08
2.310212029915336807e+00 9.983291844007487091e-09 8.042463892291335913e-09 1.952745177990396384e-07
2.313292312621890723e+00 3.956468274851045604e-07 3.493111146184984423e-07 7.921409461798139236e-06
2.316372595328444639e+00 6.926983346133409662e-06 5.152993699990218525e-06 8.226221739347315662e-05
2.319452878034998111e+00 1.184850914833534191e-05 9.402561626207057109e-06 1.098113758347490470e-04
2.322533160741552027e+00 2.614135077349737962e-06 2.446306811252813943e-06 2.108069255262759605e-05
2.325613443448105944e+00 8.343090009504024227e-08 9.333343359265247750e-08 4.393961212552199091e-07
2.328693726154659860e+00 6.178355984596466924e-09 7.522336781977732210e-09 3.864389527428008926e-08
2.331774008861213332e+00 7.482978595389841940e-10 8.816602293875685278e-10 1.758456038102912596e-08
2.334854291567767248e+00 3.084429691663025148e-10 2.932887493347606120e-10 9.489089045451791638e-08
2.337934574274320720e+00 6.663005261460724146e-10 5.219568759293131832e-10 4.485607097052696012e-08
2.341014856980874637e+00 3.321283175470924377e-09 2.325563707278421686e-09 5.368298172691894609e-08
2.344095139687428553e+00 3.257331014137373905e-08 2.082277710266694345e-08 3.989654856119288530e-07
2.347175422393982469e+00 1.539001063411086419e-06 1.088307572597104404e-06 2.097725866807479585e-05
2.350255705100536385e+00 3.844858402463852083e-05 2.837010105822858274e-05 4.702712481398643122e-04
2.353335987807089857e+00 4.582938899037710458e-05 3.431058374703484291e-05 5.445482614714790759e-04
2.356416270513643774e+00 3.443938361148786734e-06 2.850777184399930117e-06 3.742530795230191202e-05
2.359496553220197246e+00 6.559083341154736657e-08 6.981069798297390182e-08 5.892451934074751969e-07
2.362576835926751162e+00 6.561530710010665919e-09 7.170185337520337882e-09 5.943174334310747038e-08
2.365657118633304634e+00 1.264129539657512976e-09 1.231849550077315437e-09 1.778171804951067003e-08
2.368737401339858994e+00 4.135511542549956040e-10 3.541057291289086948e-10 1.633288498559643417e-08
2.371817684046412467e+00 3.507814454935239514e-10 2.477176204008575616e-10 9.329263663739259070e-09
2.374897966752966383e+00 1.406715465011760068e-09 5.748319645033544892e-10 3.021094154877624458e-08
2.377978249459520299e+00 1.627734980162206125e-08 5.583626604263663417e-09 1.311676916613362113e-07
2.381058532166073771e+00 5.407975327910775465e-07 3.100825338882002421e-07 6.556810705506442512e-06
2.384138814872627687e+00 4.082859192116625108e-06 3.202302502795867285e-06 4.770343893831717838e-05
2.387219097579181604e+00 4.008890806125205616e-06 3.727894510055258007e-06 4.130017271893587493e-05
2.390299380285735520e+00 4.911571969226556302e-07 5.832258062257553456e-07 4.643256098474377270e-06
2.393379662992288992e+00 1.739160192271698853e-08 2.887918781540212653e-08 9.213254216579412772e-08
2.396459945698842908e+00 1.333067587642890162e-09 2.508229015076952187e-09 7.572252746532609660e-09
2.399540228405396380e+00 1.915889494989189124e-10 3.115834100069157104e-10 2.698606649172752280e-08
2.402620511111950297e+00 1.587850132259337977e-10 1.503202206062694432e-10 8.956108493479890537e-08
2.405700793818504213e+00 7.108787144281285736e-10 6.123368279213233685e-10 2.409980652803338945e-08
2.408781076525058129e+00 4.594203395693197250e-09 3.273784353398995546e-09 3.314315786902102405e-08
2.411861359231612045e+00 4.611875909259893568e-08 3.091683202649628004e-08 1.860902229290662936e-07
2.414941641938165517e+00 2.799896346521505220e-06 2.323281064832152038e-06 1.416853177417982956e-05
2.418021924644719434e+00 3.075406416214702824e-05 2.678141260529237356e-05 1.708586330059844584e-04
2.421102207351272906e+00 2.233444828372084696e-05 1.960933795387057829e-05 1.248189236150598776e-04
2.424182490057826822e+00 7.622777197051121052e-07 7.610880379084531268e-07 4.505817279130316674e-06
2.427262772764380738e+00 1.910163331193654892e-08 2.545209134995088570e-08 1.160629740019438447e-07
2.430343055470934654e+00 2.015125120434168104e-09 2.511454607423740718e-09 1.079387004282482163e-08
2.433423338177488127e+00 4.854693214574785391e-10 5.029152210194940694e-10 1.230608086071762496e-08
2.436503620884042043e+00 2.617729158617549273e-10 2.642513179834993399e-10 1.346401619043181908e-08
2.439583903590595959e+00 6.058652201912759047e-10 6.011217873248434087e-10 6.128494724296815060e-09
2.442664186297149431e+00 3.875201964379911068e-09 3.242316310076826808e-09 6.426401954630889449e-09
2.445744469003703347e+00 4.218852839309139084e-08 2.957339595111323208e-08 4.987749112793807805e-08
2.448824751710256820e+00 1.237804280542641593e-06 8.844001749965965731e-07 1.030764339883961112e-06
2.451905034416811180e+00 4.645885630337200881e-06 3.963215178369580188e-06 6.765967920895626156e-06
2.454985317123364652e+00 2.688021969179344298e-06 2.325756523153423265e-06 6.711879359573389044e-06
2.458065599829918568e+00 1.958739431010966670e-07 1.388214225356520338e-07 1.084805472387791294e-06
2.461145882536472485e+00 7.156916679572682869e-09 8.293816000036811785e-09 7.900380831512656650e-08
2.464226165243025957e+00 4.748837845380395060e-10 1.026804418271391926e-09 2.599219188279288504e-09
2.467306447949579873e+00 9.906449154150682751e-11 2.248038159849371131e-10 5.838970402152106275e-08
2.470386730656133345e+00 1.852835013812696234e-10 1.885933427518970909e-10 1.133437075501128879e-07
2.473467013362687705e+00 1.160666980252151817e-09 1.129588595325678038e-09 2.201873864503220841e-08
2.476547296069241177e+00 9.565973041559003948e-09 8.496255696375267318e-09 4.691293745291619086e-09
2.479627578775795094e+00 9.950457415696231872e-08 7.381721627002855275e-08 1.788676313042645534e-07
2.482707861482348566e+00 7.148186184497823585e-06 5.366898284424031831e-06 1.243686663461689936e-05
2.485788144188902482e+00 4.309203847746477864e-05 3.215497654512147762e-05 7.522602173895669164e-05
2.488868426895456398e+00 1.911635076504300266e-05 1.419190296772547004e-05 3.527391387511424100e-05
2.491948709602010315e+00 2.776474056278601659e-07 1.598169426338368810e-07 9.825647230887639295e-07
2.495028992308564231e+00 8.419762328466941634e-09 5.689434018972357529e-09 7.857666195264148223e-08
2.498109275015117703e+00 8.115115880518584179e-10 6.750052017252573749e-10 3.922500110352430147e-09
2.501189557721671619e+00 2.381137084822492573e-10 1.653514465099689168e-10 1.635024627496893060e-08
2.504269840428225091e+00 2.807075544615184201e-10 2.145219259467797291e-10 1.738687034923432488e-08
2.507350123134779007e+00 1.402476096668814114e-09 1.214142026114287488e-09 1.060014578833020948e-08
2.510430405841332480e+00 1.193804219551029787e-08 9.956624915182530191e-09 1.114797084405530252e-08
2.513510688547886840e+00 1.323341641465190826e-07 9.801150610296864616e-08 3.046042159249802590e-07
2.516590971254440312e+00 2.852776455680015690e-06 1.940483324314512608e-06 7.159321427204048664e-06
2.519671253960994228e+00 6.914637061056355129e-06 4.493982402279678410e-06 1.857791994882687905e-05
2.522751536667548145e+00 2.940286564392408345e-06 1.680558334206356390e-06 7.665043128324987957e-06
2.525831819374101617e+00 1.501713546109676861e-07 5.929531861949625153e-08 2.842409998926814391e-07
2.528912102080655533e+00 7.366554402027567870e-09 1.840520031307437228e-09 3.867888099043500973e-08
2.531992384787209005e+00 4.469879297965482137e-10 1.309237230932781421e-10 4.600579759648117383e-09
2.535072667493763365e+00 5.869776272407465798e-11 5.100608571056876305e-11 7.179605461565251772e-08
2.538152950200316837e+00 1.208234895455679492e-10 8.914018738560345152e-11 8.868479792698387877e-08
2.541233232906870754e+00 1.426051814840374172e-09 1.187688876959473115e-09 1.605163589418510407e-08
2.544313515613424226e+00 1.897655710073750552e-08 1.521795908301131119e-08 3.601737589329166108e-08
2.547393798319978142e+00 2.813516511968432786e-07 2.003387228422832916e-07 7.357331000839466891e-07
2.550474081026532058e+00 1.990579204495536889e-05 1.170752623086405979e-05 3.987311423749210175e-05
2.553554363733085530e+00 7.302090924773225675e-05 4.248945221623530980e-05 1.377315114473055271e-04
2.556634646439639891e+00 1.986729888677396102e-05 1.140583994674565410e-05 3.601312812167914153e-05
2.559714929146193363e+00 1.822638644814903795e-07 8.596804523250978670e-08 1.601770414398842823e-07
2.562795211852747279e+00 7.929383588979880583e-09 2.566240331403482767e-09 1.606477419117597744e-08
2.565875494559300751e+00 5.839044446338605687e-10 1.414871927251846695e-10 4.381995174226717316e-09
2.568955777265854667e+00 1.692829941835894724e-10 7.515869886950884045e-11 1.180759376727832329e-08
2.572036059972408140e+00 3.060032830069968025e-10 2.275250775798719463e-10 9.515041678762670041e-09
2.575116342678962056e+00 2.063535244849888540e-09 1.800380869957624043e-09 1.272237350401959450e-08
2.578196625385515972e+00 2.270092347664779102e-08 1.934233895289472197e-08 5.992052826010780995e-08
2.581276908092069888e+00 3.338160397333901221e-07 2.542890950052038879e-07 9.978520838390570110e-07
2.584357190798623805e+00 4.965861725613811037e-06 3.043402240110891040e-06 1.628715535624921228e-05
2.587437473505177277e+00 9.179812076728993767e-06 4.981565699143425615e-06 2.784692453531269142e-05
2.590517756211731193e+00 3.235334890360316279e-06 1.717929321814358920e-06 7.465548972017097480e-06
2.593598038918284665e+00 1.291588105268283652e-07 7.340077971788678900e-08 1.341270982928780846e-07
2.596678321624838581e+00 8.581729036754538009e-09 4.327522556759555304e-09 1.216122582625952818e-08
2.599758604331392497e+00 7.287614585939300269e-10 3.076416868064838178e-10 6.834468318796889206e-09
2.602838887037946414e+00 1.684666463733257683e-10 9.594066978513125972e-11 5.735010595047762456e-08
2.605919169744499886e+00 2.792039016101204315e-10 2.472029984612892841e-10 4.573700965132116142e-08
2.608999452451053802e+00 1.796847098358659590e-09 1.807731912876455595e-09 9.064558070197589315e-09
2.612079735157607718e+00 2.433291691645189965e-08 2.282718610454936230e-08 5.660690318648064693e-08
2.615160017864161190e+00 6.123737976951962361e-07 4.813143589567301125e-07 1.280815254981386712e-06
2.618240300570715551e+00 3.256076014984956663e-05 2.042028869579500663e-05 5.879659198132569864e-05
2.621320583277269023e+00 7.452280857103654418e-05 4.613214791561881799e-05 1.308868294754115679e-04
2.624400865983822939e+00 1.222096283705728245e-05 7.449946616435836710e-06 2.046682405282267638e-05
2.627481148690376411e+00 1.529439232784179115e-07 9.976573102326639206e-08 1.339705390708314073e-07
2.630561431396930328e+00 1.111485747138543025e-08 6.602489541323263195e-09 1.556915929790296295e-08
2.633641714103484244e+00 1.249734257898327353e-09 6.156896564504913801e-10 6.791368605475092197e-09
2.636721996810037716e+00 3.052103470821736716e-10 1.472490067200352262e-10 1.176554038791785257e-08
2.639802279516591632e+00 2.857402741318841033e-10 2.422588133687293083e-10 7.225608925174125965e-09
2.642882562223145548e+00 1.717328648336651134e-09 2.049975184269452636e-09 7.274280481155641520e-09
2.645962844929699465e+00 2.215265804444378904e-08 2.662844621368260155e-08 4.225190662776684522e-08
2.649043127636252937e+00 4.714616152282057602e-07 4.966708772642991262e-07 7.996962558277229401e-07
2.652123410342806853e+00 4.652074206533018064e-06 3.936016362976485782e-06 9.386196076041204527e-06
2.655203693049360325e+00 6.968715615063021240e-06 5.113605933151281645e-06 1.220635210105702006e-05
2.658283975755914241e+00 2.039633588730773651e-06 1.498366328777643119e-06 2.286204659224766847e-06
2.661364258462468158e+00 7.353657587373199369e-08 5.923632846622764727e-08 3.121088733596764557e-08
2.664444541169022074e+00 5.650567640098536331e-09 4.730443067644888872e-09 4.802096485478922012e-09
2.667524823875575546e+00 6.412918137170035631e-10 5.630729609093937349e-10 1.395853007852065585e-08
2.670605106582129462e+00 2.787326634201798556e-10 2.904285233210581148e-10 8.023575436062053078e-08
2.673685389288683378e+00 6.253144350001358560e-10 7.253242524097191346e-10 4.163843265916387588e-08
2.676765671995236850e+00 3.060669162923433632e-09 3.864689599974494399e-09 7.163561433075703174e-09
2.679845954701790767e+00 2.929758241262807466e-08 3.713004233755298820e-08 4.158622586806600771e-08
2.682926237408344683e+00 1.020643613360135264e-06 1.136088133465157733e-06 1.429719892996004654e-06
2.686006520114898599e+00 2.969493844468400640e-05 2.979659271566842020e-05 4.635378080227774080e-05
2.689086802821452071e+00 4.272685996676253868e-05 4.234867258373614375e-05 6.720573972663680153e-05
2.692167085528005988e+00 4.135819013906289366e-06 4.001434153009483422e-06 5.918416676200980470e-06
2.695247368234559904e+00 8.343650452346164516e-08 8.732140324623615470e-08 6.569383197413742908e-08
2.698327650941113376e+00 8.002554306821332477e-09 8.175977551421119632e-09 5.714379016338189350e-09
2.701407933647667292e+00 1.197393373723290750e-09 1.081960562410349367e-09 7.270048776927884373e-09
2.704488216354221208e+00 2.860638827096985773e-10 2.316078766335897990e-10 1.104367521739254956e-08
2.707568499060775125e+00 2.123107323135364756e-10 2.259100181542621750e-10 6.469535394253348972e-09
2.710648781767328597e+00 1.288946543173453887e-09 1.887949147513875600e-09 3.095715644294108544e-09
2.713729064473882513e+00 1.725075390762739543e-08 2.620151328132350982e-08 2.030030514732824331e-08
2.716809347180435985e+00 5.056143831999595477e-07 6.977724562852892160e-07 5.556775264739974492e-07
2.719889629886989901e+00 3.248952476973308746e-06 4.014381416648558284e-06 4.017497991611163164e-06
2.722969912593543818e+00 3.843720416545256798e-06 4.441007392824059769e-06 5.142750402619134066e-06
2.726050195300097734e+00 8.656811186720909304e-07 1.038442769828213899e-06 1.112059096984391380e-06
2.729130478006651650e+00 3.253530191934951654e-08 4.121009004840335234e-08 3.354970322693743179e-08
2.732210760713205122e+00 2.403715165587078120e-09 3.261064174452332396e-09 1.596111586981916797e-09
2.735291043419759038e+00 2.974288781496968005e-10 4.431215647167923923e-10 1.616766285967528229e-08
2.738371326126312510e+00 1.919174062522503918e-10 2.807634887198842418e-10 5.581474119456048418e-08
2.741451608832866427e+00 5.631173984979870532e-10 7.705385914347345711e-10 2.065901822480279469e-08
2.744531891539420343e+00 3.158835744181296945e-09 4.496933859453267457e-09 1.437956723764201652e-08
2.747612174245974259e+00 3.038785334984933329e-08 4.286186595810442088e-08 1.162331027951825719e-07
2.750692456952527731e+00 1.460674418541483813e-06 1.912839953816201910e-06 6.636608412272696048e-06
2.753772739659081648e+00 2.205175306192678133e-05 2.876091997942097447e-05 1.056200312371150083e-04
2.756853022365635564e+00 1.994270747403736123e-05 2.596538509640474937e-05 9.439118321460658362e-05
2.759933305072189036e+00 1.104693301716082220e-06 1.453732933549909122e-06 4.491961944094259899e-06
2.763013587778742952e+00 3.240452470019411979e-08 4.692293390976443680e-08 1.073057175959646002e-07
2.766093870485296868e+00 3.389080210613371330e-09 4.929711053357127253e-09 9.955924693668325254e-09
2.769174153191850785e+00 6.002528195553289196e-10 7.737188234551676517e-10 5.902670233949675175e-09
2.772254435898404257e+00 1.534548368058864735e-10 1.620105319464813771e-10 7.588760311569997590e-09
2.775334718604958173e+00 1.380723534661572747e-10 1.161024820107171360e-10 3.640798173380786421e-09
2.778415001311511645e+00 1.036092428686563080e-09 1.135886614536299516e-09 3.345240047575705197e-09
2.781495284018065561e+00 1.377284677142779639e-08 1.604084925545060764e-08 6.886852298451554583e-08
2.784575566724619478e+00 4.878485044124063565e-07 5.456529747933446183e-07 3.570342650517755518e-06
2.787655849431173394e+00 2.199151932180433862e-06 2.467745341487743745e-06 2.182221473662683162e-05
2.790736132137727310e+00 1.994481791012853554e-06 2.401199662597066986e-06 1.871983780946672208e-05
2.793816414844280782e+00 3.237347182377999103e-07 4.451507231738754968e-07 2.309435712302954696e-06
2.796896697550834698e+00 1.448985990638684288e-08 2.244024410800341033e-08 8.333621990967094064e-08
2.799976980257388171e+00 9.600605422202826502e-10 1.673023439461518965e-09 3.202038371506342854e-09
2.803057262963942087e+00 9.301616751020738941e-11 1.799330532988457931e-10 2.116414527866771853e-08
2.806137545670495559e+00 7.078776467216857848e-11 7.874045001302547637e-11 4.708792909559440967e-08
2.809217828377049919e+00 2.952232603296167245e-10 2.080509490247360284e-10 1.471128858647376348e-08
2.812298111083603391e+00 2.129056073472673531e-09 1.534439046493286943e-09 1.999874285257014036e-08
2.815378393790157308e+00 2.426189480787819589e-08 2.022134532466125716e-08 2.537658571958663980e-07
2.818458676496711224e+00 1.796132429718743084e-06 1.574694393794856593e-06 2.930113859550352218e-05
2.821538959203264696e+00 1.479339744084041987e-05 1.353042103076390379e-05 2.556483523765110837e-04
2.824619241909818612e+00 8.381142598281739086e-06 7.815174750901934486e-06 1.448345684763264400e-04
2.827699524616372084e+00 2.649187655064023922e-07 3.041213169589684129e-07 4.013367976797704568e-06
2.830779807322926445e+00 1.045298608546110122e-08 1.459076526151011089e-08 1.424147127805984418e-07
2.833860090029479917e+00 1.032186443482462424e-09 1.443845506090364737e-09 1.131787963637043885e-08
2.836940372736033833e+00 1.995631035654392326e-10 2.335342235231492235e-10 7.353721600253569538e-09
2.840020655442587305e+00 6.713289878965498012e-11 4.908227293953886199e-11 8.599711804814581622e-09
2.843100938149141221e+00 1.531659801830941850e-10 1.579540703049588850e-11 3.277680786626113296e-09
2.846181220855695138e+00 1.277205534280558464e-09 1.656024575198236828e-10 2.381726805437259190e-09
2.849261503562248610e+00 1.481538078721805737e-08 4.042814167770418397e-09 6.279520876595834261e-08
2.852341786268802970e+00 4.214882986574599503e-07 1.706621627700315661e-07 3.652385512575884918e-06
2.855422068975356442e+00 1.303642392170529266e-06 6.920002087250951589e-07 1.714075248014584961e-05
2.858502351681910358e+00 8.581306115455629775e-07 6.145562688963440094e-07 1.207916648651110485e-05
2.861582634388463831e+00 9.415210151504127281e-08 9.478786302991819052e-08 1.123548910746878172e-06
2.864662917095017747e+00 5.667550928897895306e-09 7.178376962042408073e-09 6.716864722808103893e-08
2.867743199801571663e+00 4.014522528121278140e-10 6.236457801538181962e-10 7.484466218053662650e-09
2.870823482508125579e+00 2.945376705996010188e-11 5.666797206597133301e-11 2.376015370741562790e-08
2.873903765214679051e+00 1.837328398319097842e-11 3.559506642690019670e-12 3.493606337838477763e-08
2.876984047921232968e+00 1.679636744749271660e-10 1.451241530278334178e-11 4.845746957288583268e-09
2.880064330627786884e+00 1.814377365293489101e-09 3.649501723515955360e-11 1.457831280354297829e-09
2.883144613334340356e+00 2.321963356156587122e-08 7.009753113990878979e-10 3.214861389722390897e-08
2.886224896040894272e+00 1.726988883986393113e-06 3.268434147774019456e-07 9.546162250004262522e-06
2.889305178747447744e+00 7.996276561205717189e-06 1.681169018767579506e-06 5.053502526133396208e-05
2.892385461454002105e+00 2.783892014486834068e-06 6.552906252969228245e-07 1.863506404414832490e-05
2.895465744160555577e+00 5.240215152408558234e-08 3.194828357627585819e-08 4.476601868095357113e-07
2.898546026867109493e+00 2.866438652873892072e-09 2.772502847235316482e-09 2.732593262057821646e-08
2.901626309573663409e+00 2.657784756388906955e-10 3.095116698909933057e-10 2.167358791740662671e-09
2.904706592280216881e+00 5.833289343980697181e-11 5.856644919526049083e-11 3.176234486630107797e-09
2.907786874986770798e+00 4.597004852455102708e-11 2.870492860146144412e-11 3.005284663295281452e-09
2.910867157693324270e+00 2.270950636462241224e-10 6.915601913702489127e-11 2.316978425534409455e-09
2.913947440399878630e+00 2.154788526883667794e-09 3.465352601070541319e-10 1.848122586372404327e-08
2.917027723106432102e+00 2.560667603921652189e-08 1.715360648616053588e-09 2.525624938634640864e-07
2.920108005812986018e+00 3.884701909183698352e-07 4.278315646634230239e-09 2.591692666824945264e-06
2.923188288519539491e+00 7.632420505521788946e-07 1.873607795538942979e-08 4.491520636029438635e-06
2.926268571226093407e+00 3.366270823020614983e-07 2.381666090054550598e-08 2.133590969039932472e-06
2.929348853932647323e+00 2.007963325821963240e-08 6.195890990534649698e-09 1.189588193561989721e-07
2.932429136639200795e+00 1.496300071444231287e-09 8.819410424592209242e-10 7.595390776834706047e-09
2.935509419345755155e+00 1.322247551099890122e-10 9.856795932350476037e-11 1.213616345501288559e-09
2.938589702052308628e+00 1.573612567228487238e-11 5.485919545164430837e-12 7.416942475247747825e-09
2.941669984758862544e+00 2.355579483448959582e-11 1.049320038878180883e-11 7.239867795234577608e-09
2.944750267465416016e+00 2.231642668034546705e-10 1.572619202992323847e-10 5.308364545189150502e-09
2.947830550171969932e+00 2.776373029492678604e-09 1.346032261146115908e-09 6.912350638455682145e-08
2.950910832878523404e+00 4.621916651070048809e-08 1.311248800731891583e-08 1.331935654612335429e-06
2.953991115585077321e+00 2.111377234441404985e-06 1.959655248875914157e-07 6.937113037392683419e-05
2.957071398291631237e+00 5.818731248466872423e-06 4.864663568871947540e-07 1.943693376681254032e-04
2.960151680998185153e+00 1.189079478832563153e-06 9.516744441838909570e-08 4.074051909763576595e-05
2.963231963704739069e+00 1.335750664224693237e-08 3.077116677966253127e-09 5.452467475205020049e-07
2.966312246411292541e+00 8.822215311516296670e-10 3.199402472026233480e-10 3.771173437965697697e-08
2.969392529117846458e+00 1.044878504057677938e-10 4.712367096984798132e-11 1.620809072233501498e-09
2.972472811824399930e+00 3.159040668796238608e-11 2.031569093233573855e-11 2.686633052875645833e-09
2.975553094530954290e+00 5.156838797227490536e-11 4.479501962377837024e-11 2.592239290496153349e-09
2.978633377237507762e+00 3.529925379904443502e-10 3.001568769963601476e-10 1.196291275665508539e-08
2.981713659944061678e+00 3.823520992912360363e-09 2.939384244076942977e-09 1.520940632340529932e-07
2.984793942650615151e+00 5.569281704187049199e-08 3.635964069269297660e-08 2.522809723347969629e-06
2.987874225357169067e+00 4.539057843468984513e-07 1.797566623733341962e-07 2.495601092574508336e-05
2.990954508063722983e+00 6.093262579573454283e-07 1.921366742120625902e-07 3.705022793720751269e-05
2.994034790770276455e+00 1.900673524866905568e-07 6.722911675271634136e-08 1.254272226241326300e-05
2.997115073476830815e+00 6.865652071043508695e-09 5.791896684234819309e-09 5.300619511532185784e-07
3.000195356183384288e+00 4.886595318368601409e-10 5.511754974448265414e-10 4.642628911807185767e-08
3.003275638889938204e+00 6.253188417294029675e-11 5.735410604109236784e-11 4.449984790573907431e-09
3.006355921596491676e+00 3.425632157797985362e-11 2.206498388189371814e-11 6.606276801748751088e-09
3.009436204303045592e+00 9.062549927945019484e-11 9.241801578594735254e-11 6.250601812025334672e-09
3.012516487009599064e+00 5.010231123223011858e-10 6.237054081417806660e-10 2.250647357537011683e-08
3.015596769716152981e+00 4.714845048845854519e-09 5.299214163765657297e-09 2.600714817351981791e-07
3.018677052422706897e+00 1.036408017241496565e-07 9.151853631749887671e-08 6.903081642134449677e-06
3.021757335129260813e+00 2.923063190501262347e-06 2.161933218335928618e-06 2.229823269885149737e-04
3.024837617835814729e+00 5.037003621421826344e-06 3.700271686275303027e-06 3.849234683526853705e-04
3.027917900542368201e+00 5.949182790138673456e-07 4.440136141221021790e-07 4.612566644511798035e-05
3.030998183248922118e+00 9.889306290641571479e-09 1.240896473616434545e-08 8.094306353674699875e-07
3.034078465955475590e+00 7.562175655752865485e-10 9.557129688286520719e-10 7.194196001809273997e-08
3.037158748662029506e+00 9.014834348424694983e-11 7.611471216466099173e-11 8.571708999746580457e-09
3.040239031368583422e+00 2.199545063374755605e-11 1.875327213438691439e-11 2.682535281590594893e-09
3.043319314075137338e+00 4.288358976736134904e-11 6.093364648675360537e-11 2.628295226654466525e-09
3.046399596781690811e+00 3.687180632967240263e-10 5.384287012481556461e-10 2.108719921816231154e-08
3.049479879488244727e+00 4.396467502730897343e-09 6.230365696599093376e-09 2.596047665479235898e-07
3.052560162194798643e+00 8.870099008206340878e-08 1.172852895303528688e-07 6.124373224954946251e-06
3.055640444901352115e+00 4.641263202235127306e-07 5.292740378768171738e-07 4.147070884592351478e-05
3.058720727607906031e+00 5.235754567909567867e-07 5.691558378765257698e-07 4.574580361546452058e-05
3.061801010314459948e+00 1.388377093330130600e-07 1.788024782608876321e-07 1.076734262335466238e-05
3.064881293021013864e+00 5.032443607723501965e-09 1.032465284725125483e-08 3.606247445426763930e-07
3.067961575727567336e+00 4.058311136949174815e-10 1.064606154059796988e-09 2.475441651088550489e-08
3.071041858434121252e+00 6.522881927853577860e-11 1.488763411850531323e-10 6.429207618955947228e-09
3.074122141140675168e+00 4.745029340018001165e-11 6.821251011663288412e-11 1.180065446945450297e-08
3.077202423847228641e+00 1.388771037904734431e-10 1.999298179966569621e-10 1.213645034924793143e-08
3.080282706553782557e+00 7.770344683270189517e-10 1.260579449221411321e-09 5.687121516283944959e-08
3.083362989260336473e+00 6.656179184362004333e-09 1.089838738028370718e-08 5.004296665817483108e-07
3.086443271966890389e+00 1.991730456043273134e-07 2.954800401103548230e-07 1.986362944558863437e-05
3.089523554673443861e+00 3.628748709438940163e-06 5.221702555640796911e-06 3.727562455029759876e-04
3.092603837379997778e+00 3.981036239071762683e-06 5.720610208485719705e-06 4.057039109736011208e-04
3.095684120086551250e+00 2.772997910372574963e-07 4.153657545843149281e-07 2.707898319816244619e-05
3.098764402793105166e+00 8.085732782321773486e-09 1.612583030201545413e-08 6.580170378214794030e-07
3.101844685499659082e+00 7.579092329317126601e-10 1.611492639956347155e-09 6.340558890122438788e-08
3.104924968206212998e+00 9.915494309001241625e-11 1.865878235395630786e-10 1.290925165919930386e-08
3.108005250912766915e+00 2.010027522539935388e-11 3.522289285758769222e-11 4.137017020866185705e-09
3.111085533619320387e+00 3.661449232449784760e-11 5.641817077135195149e-11 4.460818691367846193e-09
3.114165816325874303e+00 3.579229687057568035e-10 5.546173568513933705e-10 2.278082071321110478e-08
3.117246099032427775e+00 4.164169465991036922e-09 6.601061746907782657e-09 2.756914865554271309e-07
3.120326381738981691e+00 1.045758277582301096e-07 1.652693115581006509e-07 9.192992023566158813e-06
3.123406664445535608e+00 4.215366680441936641e-07 6.641877674855443985e-07 4.727044192247815095e-05
3.126486947152089524e+00 4.217162092835288799e-07 6.693114636726026739e-07 4.485256299756717595e-05
3.129567229858642996e+00 9.823245549462832918e-08 1.778134158294904205e-07 8.186596444709247702e-06
3.132647512565196912e+00 4.326097733349518380e-09 9.982737740590991664e-09 3.226448744892651640e-07
3.135727795271750828e+00 3.511126232153575696e-10 9.539622779889478499e-10 1.738019465001705064e-08
3.138808077978304301e+00 5.572698916054938305e-11 1.352646053860808082e-10 8.336732174531791668e-09
3.141888360684858661e+00 3.729382989068515666e-11 5.486478971148778170e-11 1.726326938452227314e-08
3.144968643391412133e+00 1.172188051765169679e-10 1.368329727069782841e-10 9.934322921744292154e-09
3.148048926097966049e+00 7.875606659617616396e-10 9.802342873300162009e-10 4.009625355517285777e-08
3.151129208804519521e+00 7.835017379116062815e-09 1.042095001061167352e-08 4.039493813836911470e-07
3.154209491511073438e+00 3.220295500591295051e-07 4.642630090777409080e-07 2.586950392711996166e-05
3.157289774217626910e+00 3.344606912061003106e-06 4.985121358292257393e-06 2.825840356190309488e-04
3.160370056924180826e+00 2.328043005005591293e-06 3.501678818637889395e-06 1.970346705314116834e-04
3.163450339630734742e+00 1.044577519379670343e-07 1.767585634259554300e-07 8.143892729930445637e-06
3.166530622337288214e+00 4.585641739773707159e-09 9.511413920957586490e-09 3.015552313470289950e-07
3.169610905043842131e+00 4.491482367412980014e-10 1.029901073453755481e-09 2.606804718894145288e-08
3.172691187750395603e+00 5.834781993789139500e-11 1.394432943207552190e-10 8.329334020222792765e-09
3.175771470456949963e+00 1.017290426566812238e-11 2.414417676376591306e-11 5.280919395975542375e-09
3.178851753163503879e+00 4.016829782847381360e-11 1.884603585066991529e-11 2.459452173318432486e-09
3.181932035870057796e+00 4.610797165885181614e-10 2.557232212462722331e-10 4.250161089531277516e-09
3.185012318576611268e+00 5.271535069784844880e-09 3.654928741539161522e-09 6.686202350890187884e-08
3.188092601283165184e+00 1.087921958280012865e-07 9.596622498698477904e-08 2.838434998934462747e-06
3.191172883989718656e+00 3.171801043320434190e-07 3.459441358049068793e-07 1.288535986171607858e-05
3.194253166696272572e+00 2.551578984793310361e-07 3.342516959313546268e-07 1.160952007275091540e-05
3.197333449402826488e+00 4.811937180963208646e-08 7.640180345682703514e-08 1.743112329108743811e-06
3.200413732109379961e+00 2.740722710320408305e-09 5.520875258836635861e-09 1.197279161755585747e-07
3.203494014815933877e+00 2.192095817175427293e-10 5.058955261857471755e-10 5.437349660649340690e-09
3.206574297522487349e+00 3.125380144363884942e-11 5.925354539321082491e-11 2.346871888326258725e-08
3.209654580229041265e+00 1.778781403656724018e-11 1.275054259838643820e-11 4.197451197860660162e-08
3.212734862935595181e+00 6.459009834770560158e-11 1.542099837412753983e-11 8.260800808028813236e-09
3.215815145642148654e+00 6.064821539327238483e-10 1.331712991569229841e-10 7.627631826350977450e-10
3.218895428348703014e+00 7.613478638157033114e-09 2.467878829128160652e-09 1.583686232438636533e-08
3.221975711055256930e+00 4.042543567431576001e-07 2.399088494159101071e-07 3.513853003866085918e-06
3.225055993761810402e+00 2.378647263344547598e-06 1.529000806480644881e-06 2.258716661255169621e-05
3.228136276468364319e+00 1.030120095194285048e-06 7.030876287678353695e-07 1.026811818760002544e-05
3.231216559174918235e+00 3.204447982082504916e-08 3.624334941961059735e-08 3.370244489603043056e-07
3.234296841881471707e+00 1.815565016064143240e-09 2.858692446632035014e-09 2.919520271313167864e-08
3.237377124588025623e+00 1.616970271438941074e-10 3.120370116345607009e-10 1.622624035763593182e-09
3.240457407294579095e+00 1.857645069527331396e-11 4.631934209857433444e-11 6.696559788466228451e-09
3.243537690001133011e+00 1.904674732434494674e-12 8.918887134054402725e-12 6.957734247464491071e-09
3.246617972707686484e+00 2.906201649101342116e-11 4.588031263987504306e-12 2.960822292756519611e-09
3.249698255414240400e+00 4.171068705573816816e-10 7.849966672426198466e-12 3.891908576397860392e-09
3.252778538120794316e+00 5.656068076657881807e-09 1.417761108600321073e-10 5.879277455701530972e-09
3.255858820827347788e+00 9.126675405799322272e-08 1.210249795606082235e-08 1.182336011246350553e-07
3.258939103533901704e+00 2.013556862561219505e-07 4.774240197200074430e-08 4.554999659140048790e-07
3.262019386240456065e+00 1.254136760053680215e-07 4.988112583738143555e-08 2.150957399664029600e-07
3.265099668947009981e+00 1.671574667938870318e-08 1.053449804347088244e-08 7.120021023961348909e-09
3.268179951653563453e+00 1.244635496659649025e-09 1.199347252350759570e-09 3.240767318015735387e-09
3.271260234360117369e+00 1.050035928476111772e-10 1.358906040573325814e-10 2.065269027456443464e-09
3.274340517066670841e+00 1.408539764020458292e-11 1.730643696723911865e-11 2.578239587201064758e-08
3.277420799773224758e+00 7.562788325598354274e-12 5.511204797351534617e-12 3.198130849154231750e-08
3.280501082479778230e+00 2.934096539913184861e-11 2.095875690621302555e-11 2.757881231266077985e-09
3.283581365186332146e+00 3.456567959017948014e-10 1.498796857082638314e-10 1.472807751343350693e-08
3.286661647892886062e+00 5.903448361880289534e-09 9.467889532286171126e-10 1.905943396541059517e-07
3.289741930599439534e+00 3.760941651412748739e-07 1.393833429763471789e-08 4.165700452934860243e-06
3.292822213305993451e+00 1.325572162246275344e-06 4.387858175581089439e-08 1.247890383681373355e-05
3.295902496012546923e+00 3.547060055341734318e-07 1.574098611842058995e-08 3.010239912629278074e-06
3.298982778719100839e+00 9.459364857032717890e-09 1.660676054289857587e-09 4.708342817925416431e-08
3.302063061425655199e+00 6.823842093193287003e-10 3.128342025680869421e-10 3.301587256367875331e-09
3.305143344132209116e+00 5.426720433620700938e-11 5.283305053227872010e-11 7.723302614475733923e-10
3.308223626838762588e+00 5.135664418981048626e-12 1.084034152816580025e-11 4.166994783538478993e-09
3.311303909545316504e+00 2.163427103942139380e-12 8.896182155566291600e-12 3.964841925164952970e-09
3.314384192251869976e+00 3.304999382574827251e-11 6.233861529855006881e-11 2.273700567040692674e-09
3.317464474958423892e+00 3.873386782747253476e-10 5.453382664908948531e-10 7.491788528488930386e-08
3.320544757664977809e+00 5.201233012909407840e-09 5.059522281666591650e-09 1.164230888173258295e-06
3.323625040371531281e+00 5.719168932093880211e-08 2.108892055762616330e-08 9.842074375570252306e-06
3.326705323078085197e+00 9.858609986772303256e-08 2.077757936915063400e-08 1.347520548643355885e-05
3.329785605784638669e+00 4.827433735417613731e-08 4.291646167715023429e-09 5.254297714368531117e-06
3.332865888491192585e+00 4.091789267012236703e-09 9.664545098693037961e-11 3.484292733223589423e-07
3.335946171197746501e+00 4.021278909432227775e-10 2.209465200636241974e-11 3.231486052706234405e-08
3.339026453904299974e+00 4.582432503871011924e-11 4.504129329754107205e-12 3.856280234544033394e-09
3.342106736610853890e+00 1.028178811173896968e-11 4.495328092591873130e-12 1.972272215780238833e-08
3.345187019317408250e+00 1.037933193533415183e-11 1.998082312935511023e-11 1.801256100407228253e-08
3.348267302023961722e+00 4.372083791686905060e-11 1.294474874165149645e-10 1.150245203979577790e-08
3.351347584730515639e+00 4.026547550410238531e-10 1.098600803330458231e-09 1.647191438362108540e-07
3.354427867437069555e+00 7.000217972684599273e-09 1.457266334903859635e-08 3.851720172439376972e-06
3.357508150143623027e+00 2.454449338795335554e-07 2.956076459482413855e-07 1.389678026336464353e-04
3.360588432850176943e+00 5.246655702152228892e-07 6.044624352828914214e-07 2.939126829626971527e-04
3.363668715556730415e+00 8.372711735164822298e-08 8.827563043654248741e-08 4.512044438164357222e-05
3.366748998263284332e+00 2.035867331645831978e-09 1.560718858262385168e-09 9.212644215881447138e-07
3.369829280969838248e+00 1.967617148101210157e-10 7.771273869519024521e-11 7.510497549404235439e-08
3.372909563676391720e+00 2.030539709581570469e-11 9.108584604334061467e-12 5.954638029856471898e-09
3.375989846382945636e+00 2.298888245152570060e-12 5.394079160116432106e-12 4.412725191846313241e-09
3.379070129089499108e+00 2.833486590091967950e-12 1.984755356450011042e-11 2.137085261467504111e-09
3.382150411796053024e+00 3.469094623875998588e-11 1.629298911651430889e-10 7.300187937684331575e-09
3.385230694502606497e+00 3.815591806557476797e-10 1.712727240053813525e-09 1.805035641891436676e-07
3.388310977209161301e+00 5.462789091098536997e-09 2.605921741640807219e-08 4.132185350996234008e-06
3.391391259915714773e+00 2.788342675314165362e-08 1.069733178982786254e-07 2.862013779347025489e-05
3.394471542622268689e+00 3.395331993222633538e-08 1.162452714890639164e-07 3.589066554755817668e-05
3.397551825328822162e+00 1.073823865575238346e-08 3.788573137435696060e-08 1.166523768484234085e-05
3.400632108035376078e+00 4.435961717515220126e-10 2.676731593071331509e-09 5.738698978122172328e-07
3.403712390741929994e+00 4.908756069548495025e-11 2.451133921114280922e-10 5.936336026105020334e-08
3.406792673448483466e+00 9.186782225483353611e-12 2.389351695806146033e-11 7.932814121874807112e-09
3.409872956155037382e+00 4.551977340703449414e-12 1.157927504083463392e-11 1.002075037517695572e-08
3.412953238861590854e+00 9.134502987436039320e-12 5.265121549253820495e-11 9.146706003376954627e-09
3.416033521568144771e+00 4.582242962137416935e-11 3.594758368282770753e-10 2.013783339413627668e-08
3.419113804274698243e+00 3.635404176917295230e-10 3.063663333233108519e-09 1.941702156849589731e-07
3.422194086981252159e+00 7.104195364510609618e-09 5.981274675871582558e-08 6.548866371075414918e-06
3.425274369687806075e+00 1.435752469262123224e-07 1.162500138758439824e-06 1.582926130260417757e-04
3.428354652394360436e+00 1.907934128584894572e-07 1.542814506246175696e-06 2.117636233785543005e-04
3.431434935100913908e+00 1.621066510268995114e-08 1.404498216828951703e-07 1.886229592742038919e-05
3.434515217807467824e+00 3.013597878201456936e-10 5.405833759576988452e-09 4.849300214511464356e-07
3.437595500514021740e+00 2.351936671253570518e-11 4.695236914837315928e-10 4.723791770242765377e-08
3.440675783220575212e+00 3.611273511577716869e-12 4.790002726832202335e-11 8.346989420192339181e-09
3.443756065927129129e+00 8.637888713792706720e-13 1.420919063832343439e-11 3.841478750927912051e-09
3.446836348633682601e+00 2.762614231596083299e-12 3.469838090284167513e-11 2.544372620593309006e-09
3.449916631340236517e+00 2.591023091355983452e-11 2.707088250931542130e-10 9.851436848050308288e-09
3.452996914046789989e+00 2.535527049408846298e-10 2.781758825916938555e-09 8.484352241688305595e-08
3.456077196753343905e+00 4.448968028294287304e-09 5.444919514969191681e-08 2.685935735503309640e-06
3.459157479459897822e+00 1.699562954498056447e-08 2.047385327175210414e-07 1.362998077488204916e-05
3.462237762166451294e+00 1.852403118492805554e-08 2.064166054766268799e-07 1.300622109292760012e-05
3.465318044873005210e+00 4.718646826262974367e-09 6.382815828721758134e-08 2.871994532246513963e-06
3.468398327579558682e+00 1.903120762967941837e-10 4.222349851939728980e-09 1.006626145204284468e-07
3.471478610286113486e+00 1.365433808659517898e-11 4.595756897387085444e-10 6.942957525524567150e-09
3.474558892992666959e+00 1.786066275926911364e-12 6.131855750090505087e-11 7.419306221996227330e-09
3.477639175699220875e+00 1.717921585459207217e-12 2.162931167739846977e-11 2.255526351473942753e-08
3.480719458405774347e+00 7.770605559133125711e-12 7.166042349034058882e-11 7.782426199020373315e-09
3.483799741112328263e+00 5.437262953055019496e-11 5.406759173347808052e-10 1.574930236786832930e-08
3.486880023818881735e+00 4.971464004501634506e-10 5.112976371558094378e-09 9.320732650242594400e-08
3.489960306525435652e+00 1.182574005344941446e-08 1.452253373551482986e-07 4.460746555252836709e-06
3.493040589231989568e+00 1.521401761453025606e-07 1.862087559501711597e-06 5.886889173813772424e-05
3.496120871938543040e+00 1.300183195858183219e-07 1.581826278684910704e-06 4.918260725809379675e-05
3.499201154645096956e+00 7.663814307067974149e-09 9.438521831475662707e-08 2.317515943394558286e-06
3.502281437351650428e+00 3.825125577305057932e-10 5.321710388457025365e-09 7.271465555237865862e-08
3.505361720058204344e+00 3.568700981867522529e-11 5.772516562108256131e-10 5.819667714710409734e-09
3.508442002764758261e+00 4.528298268718511006e-12 7.117473915719135519e-11 4.882032496784997852e-09
3.511522285471311733e+00 2.002797761450711123e-12 1.746854801293081124e-11 4.393776107063350772e-09
3.514602568177866093e+00 7.143677277014727379e-12 3.435753501180859472e-11 3.026480572915503878e-09
3.517682850884420009e+00 5.682572252966717048e-11 3.032140089714336405e-10 3.563218018164591164e-09
3.520763133590973482e+00 5.236084815084026890e-10 3.187356660609597011e-09 5.516683375801483689e-09
3.523843416297527398e+00 6.514582629792357388e-09 5.968804155970396747e-08 4.339251764465984847e-07
3.526923699004081314e+00 1.653461268606971215e-08 1.918676187088197211e-07 1.925885186360658903e-06
3.530003981710634786e+00 1.441283405025947891e-08 1.774667226945367164e-07 1.573287409782709476e-06
3.533084264417188702e+00 3.982186316988199845e-09 4.888567869685752129e-08 2.910165534976381143e-07
3.536164547123742175e+00 2.724602669578137250e-10 3.447607743064095067e-09 1.246783248215933124e-08
3.539244829830296091e+00 2.716664934835660658e-11 3.583653004154248638e-10 5.062476834679577053e-10
3.542325112536850007e+00 3.268238997653490596e-12 4.912375724968709624e-11 1.412480287075147997e-08
3.545405395243403479e+00 1.237062609208402042e-12 1.342129102515528886e-11 3.338134670063724268e-08
3.548485677949957395e+00 9.332537261107716665e-12 3.601035141178662856e-11 7.001098416906051419e-09
3.551565960656510867e+00 9.421058866149097897e-11 3.455505751108664883e-10 1.552066783995478943e-09
3.554646243363065228e+00 1.018729314545375751e-09 4.258959656552334036e-09 4.639427615417511762e-08
3.557726526069619144e+00 2.561968105552937701e-08 1.814670398212848683e-07 4.495126574741453895e-07
3.560806808776173060e+00 1.723265863688924692e-07 1.383919724111114601e-06 2.386603436185467518e-06
3.563887091482726532e+00 9.011635632272981531e-08 7.534265233210632106e-07 1.234772811000849962e-06
3.566967374189280449e+00 3.382219295315070813e-09 3.649005767081465730e-08 4.477085321390664371e-08
3.570047656895833921e+00 2.367789622762583598e-10 2.634007589285936236e-09 1.671976266693286337e-09
3.573127939602387837e+00 2.566423652911097508e-11 2.937590478155376330e-10 1.941216597468543390e-09
3.576208222308941753e+00 3.653873673492611322e-12 3.846379286093596672e-11 4.624327105727824353e-09
3.579288505015495225e+00 2.053900375706617198e-12 7.607001926017061073e-12 5.694434008839048316e-09
3.582368787722049142e+00 9.392345100552741693e-12 1.480484471292103781e-11 4.429934171328971523e-09
3.585449070428602614e+00 9.520867918303344009e-11 1.804935762527826064e-10 1.020827110782859436e-08
3.588529353135156530e+00 1.086437764774188062e-09 2.426058374597051056e-09 1.809788807279235021e-07
3.591609635841710002e+00 1.290909678712563297e-08 3.725878730087598726e-08 1.466543308267917194e-06
3.594689918548263918e+00 2.553883010536979352e-08 9.907634738432646410e-08 2.562603195974752049e-06
3.597770201254818279e+00 1.450838457042982682e-08 8.362075300482607163e-08 1.703312477916826036e-06
3.600850483961372195e+00 2.563832185398407758e-09 1.896340680785612779e-08 2.654890432443271827e-07
3.603930766667925667e+00 1.690377556062633619e-10 1.645986643645546615e-09 1.492911900051656016e-08
3.607011049374479583e+00 1.502921156058690777e-11 1.751903532712896063e-10 4.985095464938409003e-09
3.610091332081033499e+00 1.985182082157028602e-12 2.502017701875050428e-11 1.352755090141918009e-08
3.613171614787586972e+00 8.555900193380842213e-13 7.358335140965873788e-12 2.012111468243833734e-08
3.616251897494140888e+00 6.353202986785256717e-12 1.741122061151129556e-11 4.311401914156397548e-09
3.619332180200694360e+00 8.543564750909042003e-11 1.646580727459988859e-10 1.401521681273792107e-08
3.622412462907248276e+00 1.319155884864528282e-09 2.413201101662704003e-09 2.541906828002134268e-07
3.625492745613801748e+00 6.163657104072378589e-08 1.309059233838276130e-07 5.863728899774766830e-06
3.628573028320355665e+00 2.645557180295129170e-07 5.865087812935521859e-07 2.354410107111991170e-05
3.631653311026909581e+00 8.548709873226009003e-08 2.034387832436418339e-07 7.670196663976400420e-06
3.634733593733463053e+00 2.204713134681989520e-09 9.620214349894310259e-09 2.410259708891242122e-07
3.637813876440016969e+00 1.373778419834425613e-10 8.315214792806646265e-10 1.519776486869638303e-08
3.640894159146571329e+00 1.130082348190710381e-11 8.452128428994983711e-11 2.588788540710565332e-09
3.643974441853125246e+00 1.153641623948871797e-12 9.593630418144062561e-12 2.023488789961212049e-09
3.647054724559678718e+00 5.268731966771950675e-13 1.656436713552432716e-12 1.833162081591908744e-09
3.650135007266232634e+00 5.102963921118990282e-12 1.847755781228378984e-11 2.121544233774814862e-09
3.653215289972786106e+00 6.681888505444591102e-11 2.150320535823438581e-10 1.608414221933796001e-08
3.656295572679340022e+00 1.027929974678018270e-09 2.576205075984373695e-09 2.197453451939715979e-07
3.659375855385893495e+00 1.221777901529868192e-08 2.250311095192165756e-08 1.027832742587825943e-06
3.662456138092447411e+00 2.316652007286952723e-08 4.062628958719888599e-08 8.748791435877236815e-07
3.665536420799001327e+00 1.256223074736548950e-08 2.777566486081642535e-08 2.981706734024646694e-07
3.668616703505554799e+00 1.607075324243147064e-09 4.218760375154679191e-09 5.284263625043749528e-08
3.671696986212108715e+00 1.342430173249830776e-10 4.623575752137180306e-10 4.371723184580395985e-09
3.674777268918662188e+00 1.166460477562515601e-11 6.122279583319756386e-11 1.122388794472758590e-09
3.677857551625216104e+00 1.569884486987956760e-12 1.268549888276603100e-11 1.745952112184117307e-09
3.680937834331770464e+00 1.122637209901041487e-12 1.015678770327424003e-11 1.575478734519997919e-09
3.684018117038324380e+00 5.011730760935257946e-12 4.198417442091647604e-11 1.473049371892309118e-09
3.687098399744877852e+00 4.557397970623558218e-11 3.356078826190727726e-10 1.648482705032171404e-08
3.690178682451431769e+00 8.625427517459491949e-10 4.275950906526042871e-09 1.919890457195619703e-07
3.693258965157985241e+00 4.817164616251206136e-08 1.199213616380444998e-07 1.202686176457440332e-06
3.696339247864539157e+00 1.304236973075119926e-07 3.119775012492428387e-07 1.830648688194368759e-06
3.699419530571093073e+00 2.685209524154956514e-08 6.369816215079436166e-08 3.146231796263180634e-07
3.702499813277646545e+00 9.621249519598641600e-10 2.069331564355840305e-09 1.304235899600540309e-08
3.705580095984200462e+00 7.917702513712241502e-11 1.843548444582376318e-10 1.765135933387070343e-09
3.708660378690753934e+00 6.388649513289687244e-12 1.685490307692238002e-11 4.499324970871321598e-10
3.711740661397307850e+00 6.732535521819590861e-13 1.554145654376571938e-12 1.155551316199025358e-09
3.714820944103861766e+00 2.925215243721858906e-13 4.682336270256468850e-12 8.281111063296876730e-10
3.717901226810415238e+00 2.284102340246412166e-12 5.250889656408089460e-11 1.226392368403760778e-09
3.720981509516969155e+00 2.341976645519054628e-11 5.478727102787203342e-10 1.203455341783231479e-08
3.724061792223523515e+00 3.797642996038963078e-10 7.058316485285661488e-09 1.339538485830171856e-07
3.727142074930076987e+00 3.005207981642005942e-09 3.155789137665493044e-08 5.575759928188042113e-07
3.730222357636630903e+00 5.427963437931973154e-09 3.802174556658106241e-08 4.515089835764908501e-07
3.733302640343184819e+00 2.965931613807817020e-09 1.522385165764021508e-08 7.784471105502501100e-08
3.736382923049738292e+00 3.300645650785570461e-10 1.027049263752552719e-09 8.128061737904843376e-09
3.739463205756292208e+00 3.871276121115874302e-11 1.040109638042494258e-10 1.124473963228546322e-09
3.742543488462845680e+00 4.639730707697662871e-12 1.793762407716141727e-11 5.275702390489157998e-10
3.745623771169399596e+00 6.973324941114862520e-13 8.273303662224743929e-12 4.175749276836969985e-09
3.748704053875953512e+00 4.948215757350392418e-13 1.978725277744111834e-11 2.974564045794345513e-09
3.751784336582506985e+00 2.109662429963159917e-12 1.151449389435990039e-10 1.438889202663939231e-09
3.754864619289060901e+00 9.160745147221796929e-12 9.086759237214599657e-10 1.152855031182577848e-08
3.757944901995614373e+00 8.513894218066343137e-11 1.389346381398904824e-08 2.351592885971198275e-07
3.761025184702168289e+00 2.786174565893247190e-09 2.824570971689988561e-07 5.095003196675970913e-06
3.764105467408722649e+00 4.939530195457286890e-09 4.536723855749592226e-07 7.997943453731376615e-06
3.767185750115276566e+00 8.462607607744449596e-10 5.147205638617119192e-08 8.429851190974261887e-07
3.770266032821830038e+00 7.148485103296623364e-11 1.391590429154804843e-09 1.218854348868792716e-08
3.773346315528383954e+00 9.451730302113237173e-12 9.840224377219321252e-11 1.251148932635321700e-09
3.776426598234937426e+00 1.327760036701706702e-12 9.521958210577886437e-12 7.108147007189641899e-10
3.779506880941491342e+00 3.389456571554771666e-13 3.565611199775428215e-12 2.079659580603194188e-09
3.782587163648045259e+00 3.384890277789213935e-13 1.516469910595090301e-11 1.826610744472900736e-09
3.785667446354598731e+00 1.257402566690638083e-12 1.228377513250034372e-10 1.715801842697230771e-09
3.788747729061152647e+00 8.555314275083635178e-12 1.124398000567035151e-09 1.547545049023960389e-08
3.791828011767706119e+00 1.258527991353102859e-10 1.702817872877415034e-08 2.498654166692759311e-07
3.794908294474260035e+00 5.270788117240414484e-10 6.025334706647909471e-08 1.116201476070844416e-06
3.797988577180813508e+00 3.279148669680708349e-10 6.238899418515299324e-08 9.581098956796105167e-07
3.801068859887367424e+00 5.255540691816805800e-11 1.919704183421538954e-08 1.575986848754860271e-07
3.804149142593921340e+00 6.823035615614809451e-12 1.158280244352446425e-09 3.322697124348069208e-09
3.807229425300475700e+00 1.500942863637641227e-12 1.091754406146408928e-10 7.026735100706861365e-10
3.810309708007029172e+00 3.581263248431594157e-13 1.302874356763709262e-11 3.085640751471187391e-09
3.813389990713583089e+00 2.133416723408309559e-13 7.093355555151664532e-12 1.449005456018799754e-08
3.816470273420137005e+00 4.345460924696842721e-13 3.284082657256010433e-11 6.303753273327247326e-09
3.819550556126690477e+00 2.432340632989380968e-12 2.464762277545540365e-10 3.216269269798634000e-09
3.822630838833244393e+00 2.188906615323483231e-11 2.071565366797180620e-09 2.143277013077925022e-08
3.825711121539797865e+00 8.853398719033463171e-10 3.927210209391241093e-08 5.119949958714580768e-07
3.828791404246351782e+00 1.525745424445932153e-08 5.748580710933382044e-07 6.331736966347631139e-06
3.831871686952905254e+00 1.570139152833147547e-08 5.899067355253323033e-07 6.113778502971319748e-06
3.834951969659459170e+00 1.068770333122734036e-09 4.084350110772739863e-08 2.967606061246829253e-07
3.838032252366013086e+00 5.421588612888632445e-11 1.908963763266760603e-09 5.909322939930395943e-09
3.841112535072566558e+00 5.980699696140667663e-12 1.838564811913240613e-10 1.334479016530979568e-09
3.844192817779120475e+00 6.670661076467928919e-13 2.339464540542224248e-11 2.517812142578937840e-09
3.847273100485673947e+00 9.072831670047724080e-14 9.751443369538374233e-12 5.072734993043708067e-09
3.850353383192228751e+00 8.113943406269187071e-14 2.915433766622436477e-11 3.622130075185676203e-09
3.853433665898782223e+00 4.224864070487893400e-13 2.222529540418446058e-10 3.936268066492094505e-09
3.856513948605336140e+00 4.965118122096332184e-12 1.886242330083625614e-09 2.387088479423696863e-08
3.859594231311889612e+00 3.653464888545678637e-10 2.554380297181362247e-08 4.190645192863678928e-07
3.862674514018443528e+00 2.124235165587560003e-09 7.622818716284327801e-08 1.098028830971956632e-06
3.865754796724997000e+00 2.326296085138518377e-09 6.961724183358290581e-08 5.238165669869320044e-07
3.868835079431550916e+00 7.579887928107689988e-10 1.995084031550652777e-08 4.808111850687835613e-08
3.871915362138104832e+00 6.171861850527395672e-11 1.340102763726622001e-09 1.348754934447828488e-09
3.874995644844658305e+00 6.624193592583835809e-12 1.381446290016401738e-10 5.973798498485257687e-10
3.878075927551212221e+00 9.617355446378422258e-13 1.528294856266240851e-11 1.711919921422551131e-08
3.881156210257765693e+00 3.726840910443531782e-13 3.760320605350779572e-12 4.927850136483734357e-08
3.884236492964319609e+00 4.814514318815591140e-13 2.757461440378898752e-11 1.292073523104128457e-08
3.887316775670873525e+00 2.092833756805335082e-12 2.880919267057849534e-10 8.148791286203314297e-09
3.890397058377427886e+00 1.158495412987661077e-11 2.975080463241336605e-09 5.859825095117101588e-08
3.893477341083981358e+00 8.785207972804480342e-10 7.133034292391931965e-08 1.677967631407428637e-06
3.896557623790535274e+00 9.501284338531080250e-09 6.422066784432491099e-07 1.339780382453280169e-05
3.899637906497088746e+00 6.600318572725519433e-09 4.203278788696075245e-07 8.231586672102158981e-06
3.902718189203642662e+00 5.034774541568911333e-10 2.080875405678175252e-08 2.434195873375634109e-07
3.905798471910196579e+00 4.514870843465553761e-11 1.430384042637953401e-09 1.296158972343455658e-08
3.908878754616750051e+00 6.056030198463008463e-12 1.655793013201422024e-10 1.402057728559827512e-09
3.911959037323303967e+00 9.181042050337544011e-13 2.471746769710317955e-11 5.237596066462535905e-09
3.915039320029857439e+00 1.593047440345801198e-13 1.088366495889155153e-11 6.914220517834747600e-09
3.918119602736411355e+00 3.413628665598139655e-13 3.112302417777592442e-11 5.130236764768185343e-09
3.921199885442965272e+00 3.491433026337939525e-12 2.594814442175400210e-10 1.142176795148616823e-08
3.924280168149518744e+00 2.554856166253364752e-11 2.521324364557429463e-09 8.848155727664537329e-08
3.927360450856072660e+00 2.449695211314412836e-10 2.501814625876832349e-08 1.391010738474055214e-06
3.930440733562626132e+00 5.797240435322740547e-10 6.127894426510673858e-08 3.244799590906637637e-06
3.933521016269180492e+00 4.611972963729266348e-10 4.765771072118326277e-08 1.891940573376588043e-06
3.936601298975734409e+00 9.442391845769384004e-11 1.246519046355035310e-08 3.523270775187079060e-07
3.939681581682288325e+00 1.410873202325749331e-11 9.540350079942289250e-10 2.004163904416198752e-08
3.942761864388841797e+00 2.104336354385061951e-12 9.454126905571266255e-11 2.275352789024237717e-09
3.945842147095395713e+00 3.620491667159337245e-13 9.788002938935780742e-12 1.693896730109812015e-08
3.948922429801949185e+00 9.354787300740960083e-14 1.054989658806385663e-12 3.050956347622461704e-08
3.952002712508503102e+00 1.843322583661213200e-13 1.825889328852688318e-11 5.073650932402051804e-09
3.955082995215057018e+00 2.651147356109873621e-12 2.384358857077696228e-10 1.138931633025687402e-08
3.958163277921610490e+00 3.633671481162642187e-11 3.049262409455145289e-09 1.451026108527222695e-07
3.961243560628164406e+00 1.394531153374407928e-09 8.875915601743858627e-08 5.869554656424327443e-06
3.964323843334717878e+00 7.172199270839507218e-09 4.727634517969127681e-07 3.074073706095765084e-05
3.967404126041271795e+00 2.775795856538327753e-09 1.955620436581080568e-07 1.209846197151447562e-05
3.970484408747825267e+00 2.901455986480136857e-11 8.560501457877170257e-09 2.765361883356697362e-07
3.973564691454379183e+00 1.309535974970652850e-12 7.052493212758059365e-10 1.087482147276479125e-08
3.976644974160933543e+00 3.047752196379326528e-13 8.357896168591785966e-11 3.175024277150909661e-09
3.979725256867487460e+00 9.876526848350726130e-14 1.449312957023796586e-11 4.748113267669517000e-09
3.982805539574040932e+00 5.592659158271241892e-14 8.276231448830762630e-12 5.283283654946256655e-09
3.985885822280594848e+00 2.512407001218543070e-14 2.811348898856677240e-11 2.072942477062091414e-09
3.988966104987148764e+00 3.287708227852693920e-13 2.558114720528128356e-10 9.003267926619306378e-09
3.992046387693702236e+00 1.034580253559980867e-11 3.016442467013880904e-09 1.195063103730554365e-07
3.995126670400256153e+00 2.636871913233520714e-10 2.174942264333896430e-08 1.407952557418848755e-06
3.998206953106809625e+00 6.599243901251751177e-10 4.158194642988437869e-08 2.470420830384408177e-06
4.001287235813363097e+00 3.354100166787196752e-10 2.643183106027360103e-08 1.111062241126666552e-06
4.004367518519917013e+00 2.760340768139305649e-11 5.746936661952729014e-09 1.227999441902133415e-07
4.007447801226470929e+00 5.942286020184383124e-13 5.158636246853789927e-10 2.830543500307991093e-09
4.010528083933024845e+00 1.391180278768655146e-14 4.834229797307633711e-11 5.965644411281497247e-09
4.013608366639578762e+00 3.038795340771835361e-14 4.039726673014740976e-12 4.910098137324059611e-08
4.016688649346132678e+00 6.131910274773938645e-14 1.165152747412672859e-12 5.595900232636052302e-08
4.019768932052686594e+00 2.274256307490681489e-13 2.141539995613822720e-11 5.414127938872117027e-09
4.022849214759240510e+00 1.722012927036150236e-12 2.322222100691001835e-10 6.038899296251993862e-09
4.025929497465794427e+00 1.066914763544584062e-11 3.250591223565063341e-09 1.221634727860844781e-07
4.029009780172347455e+00 4.987649655495594977e-10 9.969658057809818103e-08 5.796205718979925082e-06
4.032090062878901371e+00 1.592884402480174033e-09 3.216037708532337432e-07 1.839936555713616464e-05
4.035170345585455287e+00 3.886416765389491918e-10 8.262698301735929888e-08 4.345296813420157894e-06
4.038250628292009203e+00 8.762816237978003629e-12 3.705197146980952795e-09 6.230151561431994768e-08
4.041330910998563120e+00 4.210257445649309694e-13 3.298545695178948843e-10 5.516679892744342439e-10
4.044411193705116148e+00 6.417696414093874123e-15 3.697410019757091088e-11 6.254432017786436746e-09
4.047491476411670064e+00 1.247639499452757237e-14 7.801280690603316347e-12 1.434169757529118522e-08
4.050571759118223980e+00 1.040367379830536629e-13 6.637470335642233712e-12 1.304736378190153913e-08
4.053652041824777896e+00 6.631586352788893892e-13 2.758238900000705304e-11 2.451977393985946592e-09
4.056732324531330924e+00 6.373423098504710182e-12 2.501283046710689318e-10 1.763925929846879969e-09
4.059812607237885729e+00 6.688288983346783124e-11 3.460763852120078734e-09 5.787733672030473881e-08
4.062892889944439645e+00 3.227197611549506348e-10 1.850040856812258151e-08 8.632394006226421008e-07
4.065973172650993561e+00 2.923430388964099991e-10 2.816095220707998891e-08 1.483244650651571643e-06
4.069053455357546589e+00 8.735029504515059052e-11 1.492613150380593874e-08 5.919219892555871472e-07
4.072133738064100505e+00 6.661296125370974838e-12 2.414161560447971434e-09 3.534340084119469593e-08
4.075214020770654422e+00 9.653444316589290725e-13 2.584869496314787467e-10 1.642368809856117163e-09
4.078294303477208338e+00 1.795842751369876245e-13 2.562337198369244365e-11 1.870384526050976088e-08
4.081374586183762254e+00 1.690253652758090550e-13 2.367924757998488957e-12 1.209312460542926729e-07
4.084454868890315282e+00 2.649830840631549903e-13 3.345993173230265435e-12 8.621159531341040068e-08
4.087535151596869198e+00 1.505094743259901660e-12 3.239546263847312395e-11 4.469701655900239285e-09
4.090615434303423115e+00 1.410053149897524111e-11 2.719372030505775072e-10 3.283698851328002273e-09
4.093695717009977031e+00 2.364419752829256733e-10 3.987768049745351178e-09 7.508533773869271365e-08
4.096775999716530947e+00 5.589090868316718192e-09 1.048740807817229506e-07 4.945570547033327907e-06
4.099856282423083975e+00 1.086991301192767588e-08 2.108075415127901663e-07 1.022186090033055414e-05
4.102936565129638780e+00 1.552234814918368616e-09 3.327412628837842632e-08 1.509369358755370135e-06
4.106016847836192696e+00 4.243526002728377204e-11 1.678885626334627620e-09 3.446514725080541852e-08
4.109097130542746612e+00 3.522531892864554064e-12 1.644437918387028513e-10 2.218195276881334824e-09
4.112177413249299640e+00 3.693810468278588191e-13 1.875607242377727706e-11 1.055592300131335830e-08
4.115257695955853556e+00 8.035451328976997410e-14 5.137647864141359790e-12 2.106334969938116175e-08
4.118337978662407473e+00 2.731390560105523626e-13 6.822553766744462436e-12 1.409025336257642720e-08
4.121418261368961389e+00 2.447908684890443750e-12 3.356141028570109889e-11 2.856956413953730140e-09
4.124498544075514417e+00 2.582807302602523014e-11 2.676746166157265137e-10 9.612603573885763291e-10
4.127578826782068333e+00 4.484305205172712043e-10 3.895388966237785591e-09 1.154405990834449437e-07
4.130659109488622249e+00 2.053439856450022560e-09 1.552556167923642041e-08 9.449619593726111948e-07
4.133739392195176166e+00 2.342823487658561897e-09 1.947063784358822593e-08 1.270604509701433179e-06
4.136819674901730082e+00 8.352267610277345439e-10 8.458619894471938179e-09 4.568466547463353975e-07
4.139899957608283110e+00 5.857929398117746556e-11 9.412476687112819634e-10 3.938721178310210821e-08
4.142980240314837914e+00 5.803962981347710855e-12 1.120707705130670329e-10 5.210054427505078827e-10
4.146060523021391830e+00 8.705836903044037193e-13 1.257587713092142803e-11 1.921224843415128650e-08
4.149140805727945747e+00 3.981260315526256952e-13 1.793592442664778650e-12 8.749183033646139749e-08
4.152221088434498775e+00 8.886601874306766496e-13 6.405176031179418136e-12 3.850058380760066962e-08
4.155301371141052691e+00 6.329864256903204985e-12 5.539246990320447476e-11 8.507771518517161732e-09
4.158381653847606607e+00 5.223151497658386013e-11 4.302098226188450106e-10 2.806247278496483291e-08
4.161461936554160523e+00 1.085237201577662768e-09 6.489586880138852069e-09 7.896401059454410555e-07
4.164542219260714440e+00 2.169570704927537782e-08 1.145444894331586569e-07 1.660741459114439678e-05
4.167622501967267468e+00 2.739938346756942210e-08 1.448151499824900868e-07 2.106604593700496072e-05
4.170702784673821384e+00 2.413507642209098431e-09 1.380336492878647272e-08 1.935494893026747544e-06
4.173783067380375300e+00 1.018712605504139120e-10 7.789208597762062230e-10 1.031838857337402912e-07
4.176863350086929216e+00 9.323752244510105082e-12 8.384937668517551990e-11 5.551330648676859159e-09
4.179943632793483133e+00 1.248632002110263804e-12 1.156294151947158126e-11 4.071848778939145931e-09
4.183023915500036161e+00 3.471581340384835907e-13 4.799732717763703382e-12 5.139432389319609620e-09
4.186104198206590965e+00 7.371401131388984639e-13 1.055077230183327296e-11 2.601110963039103407e-09
4.189184480913144881e+00 4.709430536406932080e-12 6.286661782638586369e-11 7.638389259644735169e-09
4.192264763619697909e+00 3.889049099626611317e-11 4.445114309547385418e-10 4.952646671320878840e-08
4.195345046326251826e+00 6.599621438054140956e-10 5.087469912963925677e-09 8.175759844304140049e-07
4.198425329032805742e+00 2.698830751780761151e-09 1.532224601735977696e-08 2.967048778037012213e-06
4.201505611739359658e+00 2.992569326117104035e-09 1.562880340435033546e-08 3.016573398019587964e-06
4.204585894445913574e+00 9.997412749614102627e-10 5.362152367096929970e-09 1.034933770267149037e-06
4.207666177152466602e+00 7.328228721991422456e-11 4.455453068185390503e-10 8.988373214049427783e-08
4.210746459859020518e+00 7.079916284429935580e-12 4.961340660560503963e-11 4.965163213530649089e-09
4.213826742565574435e+00 8.569044458051062550e-13 5.134578603609231470e-12 5.046168122013310108e-09
4.216907025272128351e+00 2.162292872607314407e-13 8.555116058682256280e-13 1.110502162412970661e-08
4.219987307978682267e+00 5.069665682233411601e-13 8.545439120998824269e-12 3.880955804570291287e-09
4.223067590685235295e+00 5.393570944812282012e-12 8.822135722892747701e-11 1.408829019218726424e-08
4.226147873391789211e+00 5.691119728811995140e-11 7.662194133828046684e-10 1.343167318912614620e-07
4.229228156098344016e+00 1.281840458453193319e-09 1.243807750957510709e-08 3.352248157377406914e-06
4.232308438804897932e+00 1.629964889905633180e-08 1.326961970678314960e-07 3.876868824291904836e-05
4.235388721511450960e+00 1.340042173882597659e-08 1.059507265107659417e-07 3.122171548744426663e-05
4.238469004218004876e+00 9.197780675898128166e-10 6.379242209415033285e-09 1.966970439068184876e-06
4.241549286924558793e+00 6.960129793700697523e-11 4.461827507211512075e-10 1.414771321733074071e-07
4.244629569631112709e+00 7.871032610077038271e-12 5.305550322646862697e-11 9.108884547407413596e-09
4.247709852337666625e+00 1.136864057981575570e-12 8.511810434008979653e-12 8.527280795498085431e-09
4.250790135044219653e+00 3.579413217144083097e-13 4.681943617226478320e-12 6.734066459906235396e-09
4.253870417750773569e+00 8.974215322599715764e-13 1.445647047688135764e-11 8.101924536733747109e-09
4.256950700457327486e+00 5.953974833234502100e-12 1.038911467431824168e-10 2.469595173360726078e-08
4.260030983163881402e+00 4.841153421006617838e-11 8.029674177090163327e-10 2.070205969926700997e-07
4.263111265870434430e+00 2.778950752740464088e-10 6.370794308821010424e-09 2.642009495766751694e-06
4.266191548576988346e+00 8.556485083277525637e-10 1.556401602307280500e-08 7.185505584668574111e-06
4.269271831283543150e+00 8.791488491538212763e-10 1.252339393936993806e-08 5.992843163657052364e-06
4.272352113990097067e+00 3.372368689770929767e-10 3.619451770071154255e-09 1.724561606605345259e-06
4.275432396696650095e+00 3.336345759954892880e-11 2.804472118689641135e-10 1.277641150363849607e-07
4.278512679403204011e+00 3.623133345952390033e-12 2.851605496247919032e-11 3.913152083151017196e-09
4.281592962109757927e+00 4.502659958986452302e-13 2.832099611119488667e-12 4.187381706166096067e-08
4.284673244816311843e+00 1.068340906517916715e-13 8.823818576991472104e-13 8.585914269316767896e-08
4.287753527522865760e+00 4.927283824025194073e-13 9.808069656819884461e-12 1.825048349090252029e-08
4.290833810229418788e+00 5.955601444428153618e-12 1.087560210407274829e-10 4.656672405408371614e-08
4.293914092935972704e+00 6.629522002136420105e-11 1.119122820767686586e-09 3.923796069370644734e-07
4.296994375642526620e+00 8.217970326159894994e-10 2.131839605969183112e-08 1.123489208487531991e-05
4.300074658349080536e+00 4.512956456141276521e-09 1.357212423720364904e-07 7.422340815936628790e-05
4.303154941055634453e+00 2.305310546759901636e-09 6.823270768521329363e-08 3.725066481796363081e-05
4.306235223762187481e+00 1.553529730136820220e-10 3.050717540327785816e-09 1.537446702350581319e-06
4.309315506468741397e+00 1.805801610791867957e-11 2.596471001867354378e-10 1.109139876443577514e-07
4.312395789175296201e+00 2.497002158101275645e-12 3.315514962968628748e-11 5.457553673581321940e-09
4.315476071881849229e+00 4.358744289309767597e-13 5.756917652725727258e-12 1.882257571697661279e-08
4.318556354588403146e+00 2.478240464774892910e-13 3.981631020821329978e-12 1.928567567460577916e-08
4.321636637294957062e+00 9.442394813921295886e-13 1.639251761499437116e-11 1.561780124287049552e-08
4.324716920001510978e+00 8.804073697609837974e-12 1.341980686282485434e-10 6.914689809962096532e-08
4.327797202708064894e+00 9.151443474179478046e-11 1.253265488816761276e-09 5.041805958397124584e-07
4.330877485414617922e+00 5.180204638131399978e-10 7.280648320716973728e-09 4.669918555666813595e-06
4.333957768121171839e+00 8.086078992053002007e-10 1.464243432101453752e-08 9.513424044031284973e-06
4.337038050827725755e+00 4.005068158019054611e-10 9.123657886725487896e-09 6.354899797476483065e-06
4.340118333534279671e+00 1.058448868436635396e-10 2.265977703188632945e-09 1.349929073109083753e-06
4.343198616240833587e+00 9.982603287514987573e-12 1.827451805281870539e-10 1.042298387809636054e-07
4.346278898947386615e+00 1.077934834000742875e-12 1.612594065888342967e-11 4.592998534852838726e-09
4.349359181653940531e+00 9.438715226461074111e-14 1.693049108229135466e-12 1.018360288660846854e-07
4.352439464360494448e+00 8.020256636626836471e-14 1.535004195828106526e-12 1.406928810847552215e-07
4.355519747067049252e+00 9.062837311782419654e-13 1.325213245781023712e-11 2.237757597989893617e-08
4.358600029773602280e+00 1.075983038324730254e-11 1.261552971623859971e-10 9.119674160831803855e-08
4.361680312480156196e+00 1.440308800942350616e-10 1.438723910958500308e-09 8.984373518583291006e-07
4.364760595186710113e+00 3.198322542477163485e-09 3.235123344420633313e-08 3.287434710725493697e-05
4.367840877893264029e+00 1.202182847831161548e-08 1.258074982858245607e-07 1.331995594614616648e-04
4.370921160599817945e+00 3.659130151204422540e-09 3.944982003108290110e-08 4.213674869065063853e-05
4.374001443306370973e+00 1.282947054547331575e-10 1.668241267843734212e-09 1.731775735555172764e-06
4.377081726012924889e+00 1.147331947168075152e-11 1.542335881308241168e-10 1.434451497788236699e-07
4.380162008719478806e+00 1.621199531867485814e-12 1.928938304057156888e-11 8.128787379398924163e-09
4.383242291426032722e+00 3.536572559948557877e-13 3.612436087488457909e-12 2.550944208413366732e-08
4.386322574132585750e+00 3.161734379532740437e-13 3.405144029785666833e-12 2.302083707169373798e-08
4.389402856839139666e+00 1.623345772967802956e-12 1.787160295397424256e-11 2.236741189216847067e-08
4.392483139545693582e+00 1.576564540088290640e-11 1.468014642110922965e-10 1.156989425350515460e-07
4.395563422252248387e+00 2.173776960673743434e-10 1.646121482926371731e-09 1.354892776753559463e-06
4.398643704958801415e+00 1.258409088880317238e-09 7.591456403818791644e-09 1.053887562720195278e-05
4.401723987665355331e+00 2.039680217609156324e-09 1.280046216232125365e-08 1.994301876163797683e-05
4.404804270371909247e+00 1.009187046028733380e-09 6.501160582064682529e-09 1.243061343252988312e-05
4.407884553078463163e+00 1.911371224385778344e-10 1.378376585825669496e-09 2.280601323095809228e-06
4.410964835785017080e+00 1.687386235102375950e-11 1.274140048813099035e-10 2.233082741770259336e-07
4.414045118491570108e+00 1.464852608303710589e-12 1.009412421938990541e-11 1.597919987049390792e-08
4.417125401198124024e+00 2.704303774986326333e-13 1.210997818139823782e-12 1.267099783069106630e-07
4.420205683904677940e+00 3.311131491956023877e-13 2.152134473939008990e-12 1.114879695197816147e-07
4.423285966611231856e+00 1.801691760860508414e-12 1.761723447222499343e-11 2.928725784424713398e-08
4.426366249317785773e+00 1.580624981250577039e-11 1.408152167483811797e-10 1.316626813068151991e-07
4.429446532024338801e+00 2.629772648517740138e-10 1.690899373712883217e-09 2.099372253810057635e-06
4.432526814730892717e+00 8.774131603411374188e-09 4.159718132036004996e-08 8.554052524221144335e-05
4.435607097437446633e+00 2.178106811295852726e-08 1.014987765699152619e-07 2.166093928776963173e-04
4.438687380144001438e+00 4.252429468075327611e-09 1.984422042146936658e-08 4.372127152503882554e-05
4.441767662850554466e+00 2.122054603927308271e-10 1.055205697978245878e-09 2.378508132623016484e-06
4.444847945557108382e+00 1.950048805587101409e-11 1.060999869074722096e-10 2.254877681996420850e-07
4.447928228263662298e+00 2.399638500193945181e-12 1.255722677772527654e-11 1.916180917224594493e-08
4.451008510970216214e+00 5.565172035466054729e-13 2.638326096176090136e-12 2.927531219324885229e-08
4.454088793676769242e+00 4.813354847002058410e-13 3.062392512289027823e-12 2.011022747663956003e-08
4.457169076383323159e+00 1.985813271752756971e-12 1.784068926712282483e-11 4.428159779850604555e-08
4.460249359089877075e+00 1.425213059998858721e-11 1.312225275518985803e-10 1.945928398475826443e-07
4.463329641796430991e+00 2.485680953412896476e-10 1.654308537146876387e-09 3.201924732268931406e-06
4.466409924502984907e+00 1.327935684413171580e-09 6.619401594697843624e-09 1.731709368643540367e-05
4.469490207209537935e+00 2.063388581115835759e-09 9.487635002727794937e-09 2.691733150895105466e-05
4.472570489916091852e+00 1.047303499743340509e-09 4.324033259340027385e-09 1.390562026922770029e-05
4.475650772622645768e+00 1.683501429775647720e-10 7.685275477168846020e-10 2.051969342880772777e-06
4.478731055329199684e+00 1.862919216805301183e-11 8.655605297983022085e-11 2.264003235736034288e-07
4.481811338035753600e+00 1.899840785956111574e-12 7.383776590198280037e-12 3.671966540386735041e-08
4.484891620742307516e+00 4.672542084615149850e-13 1.060196111158444357e-12 2.030123865995645580e-07
4.487971903448861433e+00 4.354837846403456382e-13 2.113843892764185527e-12 1.155373985818310462e-07
4.491052186155415349e+00 2.803031382812041540e-12 1.931240070007317194e-11 9.341782270751736896e-08
4.494132468861969265e+00 1.920075674205451785e-11 1.521133221251404813e-10 4.664413360209898624e-07
4.497212751568522293e+00 2.945613467379049252e-10 1.987051409054908465e-09 7.592123982092880211e-06
4.500293034275076209e+00 7.586418385596095809e-09 4.158040953389798287e-08 1.834934503998638484e-04
4.503373316981630126e+00 1.200431976796140942e-08 6.444517205874925985e-08 2.872202207669074451e-04
4.506453599688184042e+00 1.556240995482369734e-09 8.052229606592586772e-09 3.560953689522405700e-05
4.509533882394737958e+00 1.170205892297177215e-10 6.015555150122596606e-10 2.337495680425883996e-06
4.512614165101290986e+00 1.339562993218592831e-11 6.994891748039080486e-11 2.438606310770734607e-07
4.515694447807844902e+00 1.874836111080859673e-12 8.625996856880751270e-12 3.434236819437355617e-08
4.518774730514398819e+00 5.941645282178537030e-13 2.347634745462838488e-12 6.034104222699514619e-08
4.521855013220952735e+00 8.138751819891517192e-13 3.400844200621222614e-12 3.531627102095435807e-08
4.524935295927506651e+00 3.758132405556869739e-12 2.048506670153778751e-11 1.362544494471700122e-07
4.528015578634060567e+00 1.899319874286959364e-11 1.335615217639068221e-10 5.468725943757338751e-07
4.531095861340614483e+00 1.829347459927219172e-10 1.477971597331698263e-09 7.846111010292771071e-06
4.534176144047168400e+00 6.474516893636640723e-10 5.110959729687718779e-09 2.941514272226175900e-05
4.537256426753721428e+00 8.470588264371428795e-10 6.031851978860587803e-09 3.523478846879127643e-05
4.540336709460275344e+00 3.937437073491110893e-10 2.555608675087365596e-09 1.455596154280937269e-05
4.543416992166829260e+00 5.197909545846791005e-11 3.641309992765654875e-10 1.720542475021005469e-06
4.546497274873383176e+00 6.444013364347368600e-12 4.708226468864417298e-11 2.011410672157687980e-07
4.549577557579937093e+00 7.648684439731544487e-13 4.727791557549427922e-12 1.236113341573884110e-07
4.552657840286490121e+00 4.839909460970773082e-13 1.099500778287366563e-12 4.976403374227051280e-07
4.555738122993044037e+00 6.614461183064888734e-13 2.458155653929363992e-12 1.765363175037825848e-07
4.558818405699597953e+00 5.305579797881726951e-12 2.435622957755192254e-11 1.572918087847924583e-07
4.561898688406151869e+00 3.560828872081944251e-11 1.996711270795310167e-10 8.037800167759218514e-07
4.564978971112705786e+00 3.417218097025162105e-10 2.799419126629692183e-09 1.461290069392671605e-05
4.568059253819259702e+00 4.056915712462668682e-09 3.712299878657888925e-08 2.061197681772589140e-04
4.571139536525813618e+00 3.997804509138242430e-09 3.654085178002093975e-08 2.030459672577397017e-04
4.574219819232367534e+00 3.447036639137292542e-10 3.051641299389144097e-09 1.606731627184172431e-05
4.577300101938921451e+00 3.243924074683422737e-11 2.926469394494879699e-10 1.350739072183957457e-06
4.580380384645474479e+00 4.421842297643948674e-12 3.899062565465255828e-11 1.425707081874538832e-07
4.583460667352028395e+00 6.489270165307440263e-13 5.264613370064443961e-12 5.629356576851458587e-08
4.586540950058582311e+00 3.859418484500058320e-13 1.986314678886623337e-12 1.046430995258499331e-07
4.589621232765136227e+00 1.190310203448838807e-12 4.507473367961852481e-12 4.308887261795188922e-08
4.592701515471689255e+00 8.492046596982895880e-12 3.148775551890623329e-11 1.441370714497041466e-07
4.595781798178243172e+00 5.161839408792424760e-11 2.099552945462648828e-10 5.150787808510860516e-07
4.598862080884797088e+00 2.783176190686808356e-10 1.578643832148620605e-09 5.698789939943241069e-06
4.601942363591351004e+00 5.536297046751888269e-10 4.340589349177458630e-09 1.695261189341624550e-05
4.605022646297904920e+00 4.465736932304637581e-10 3.972051193767975480e-09 1.617594490340238251e-05
4.608102929004458836e+00 1.496767770691657548e-10 1.472814303291334628e-09 5.673637204877643920e-06
4.611183211711012753e+00 1.643022143602681785e-11 1.683954301217496059e-10 6.047416822002401910e-07
4.614263494417566669e+00 2.250917184536345007e-12 2.241512298796213832e-11 6.962957867554268317e-08
4.617343777124120585e+00 3.251266085576096037e-13 2.833070462061618941e-12 2.533272043469038537e-07
4.620424059830673613e+00 3.867592686637336973e-13 1.398386224770158399e-12 6.652671153440098759e-07
4.623504342537227529e+00 1.079261627569000351e-12 3.694935783273239141e-12 1.448861574402280680e-07
4.626584625243781446e+00 9.818629823474433015e-12 3.485118490376450234e-11 1.247197316371939263e-07
4.629664907950335362e+00 7.926038176905928354e-11 3.082778567077104487e-10 6.570906802881203693e-07
4.632745190656889278e+00 8.514661619416547142e-10 4.633571580637601325e-09 1.385581432871127290e-05
4.635825473363442306e+00 5.718709337416864615e-09 3.597131523942170037e-08 1.142514769291069803e-04
4.638905756069996222e+00 3.427576272816966881e-09 2.231411789448496851e-08 7.127048399708436790e-05
4.641986038776550139e+00 1.584199189668221661e-10 1.310320985265873864e-09 4.094659084153382598e-06
4.645066321483104055e+00 1.501719173009889027e-11 1.409592737621615127e-10 4.307543188203506774e-07
4.648146604189657971e+00 2.215973684487003107e-12 2.007150962355067269e-11 4.738731002041348639e-08
4.651226886896211887e+00 3.071735032422724868e-13 2.897238945884693332e-12 5.213012896995403641e-08
4.654307169602765804e+00 2.452986695012881684e-13 1.574570632937372906e-12 8.516771585676252075e-08
4.657387452309319720e+00 1.241437030167553300e-12 5.991253335127009715e-12 2.619697566091083581e-08
4.660467735015872748e+00 1.132001862471771783e-11 4.758644494619200152e-11 1.176194810870585099e-07
4.663548017722426664e+00 9.223829888764406053e-11 3.687378174208132841e-10 5.526793190823928678e-07
4.666628300428980580e+00 4.878071185444949442e-10 1.957402476392707708e-09 4.323018442318739908e-06
4.669708583135534496e+00 9.123238367535861215e-10 4.286971408808562555e-09 1.038809809972827268e-05
4.672788865842088413e+00 5.318885182154857667e-10 2.913657878013725227e-09 8.068483481565019705e-06
4.675869148548641441e+00 1.269355693801363026e-10 8.856080589572179115e-10 2.435752541307346476e-06
4.678949431255195357e+00 9.795672077743292387e-12 8.523928652466211167e-11 2.505462948282933823e-07
4.682029713961749273e+00 1.179425072761395957e-12 1.026048877463134940e-11 2.257766998935375151e-08
4.685109996668303189e+00 2.237413429558342711e-13 1.864173414262488911e-12 1.761757382941526037e-07
4.688190279374857106e+00 2.551815711030110022e-13 1.762030610172181748e-12 2.909166561424789421e-07
4.691270562081411022e+00 1.031645393952889591e-12 6.171287821322265339e-12 4.383836059064521362e-08
4.694350844787964938e+00 9.554441034548930193e-12 4.963060319771707199e-11 6.194033232679033771e-08
4.697431127494518854e+00 1.010499634839202270e-10 4.667036600093864524e-10 4.701386529702016826e-07
4.700511410201072771e+00 1.820723492001824161e-09 8.036150067117403269e-09 1.318457991870211762e-05
4.703591692907625799e+00 8.499283171048790876e-09 3.781368055595412569e-08 6.569964331263095808e-05
4.706671975614179715e+00 3.213716283060592168e-09 1.462287488621159184e-08 2.612100906851358545e-05
4.709752258320733631e+00 1.114544389903181066e-10 6.745369893223228339e-10 1.438835108778149873e-06
4.712832541027287547e+00 9.449139910442455489e-12 7.214542700301135846e-11 1.537809188063522174e-07
4.715912823733841464e+00 1.253790580453571871e-12 9.740787419959353466e-12 9.715345938053169286e-09
4.718993106440394492e+00 2.210394622029046110e-13 1.453715521237472686e-12 1.770738991665254322e-08
4.722073389146948408e+00 1.854848877978089539e-13 1.359971858310709431e-12 2.130339500485983409e-08
4.725153671853502324e+00 1.127126445725039551e-12 8.303591005666403618e-12 7.967170144279460367e-09
4.728233954560056240e+00 9.151781082342092498e-12 6.447101826663886997e-11 4.214048006516067593e-08
4.731314237266609268e+00 9.803115635459130477e-11 5.814065844203878740e-10 3.319249054185944467e-07
4.734394519973164073e+00 4.615070119462140784e-10 2.391302339396919040e-09 2.141870181779284628e-06
4.737474802679717989e+00 8.626887766542295671e-10 4.374497883474930546e-09 4.458721360111706449e-06
4.740555085386271905e+00 4.333081143992301514e-10 2.274715456444071955e-09 2.939667624952118682e-06
4.743635368092824933e+00 9.174631874699373734e-11 5.612910124284188344e-10 7.983386589957127360e-07
4.746715650799378849e+00 6.708440750043055465e-12 5.084093420060482931e-11 7.865821519412956314e-08
4.749795933505932766e+00 5.437389837432627012e-13 4.980786731518607674e-12 4.910425937511759734e-09
4.752876216212486682e+00 3.034930348247454672e-13 1.576917047363422809e-12 5.473307711750440660e-08
4.755956498919040598e+00 3.540646148057958911e-13 2.169217509657358381e-12 5.685625639244425307e-08
4.759036781625593626e+00 1.031838135808575902e-12 1.006290988001846995e-11 9.970018063906700321e-09
4.762117064332147542e+00 7.130416407218787602e-12 6.692704196354133624e-11 4.087960313394462399e-08
4.765197347038701459e+00 7.996031635730600595e-11 6.281416526071667632e-10 4.533253619724355965e-07
4.768277629745255375e+00 2.049609607650002666e-09 1.251192558322217743e-08 1.324150126748511845e-05
4.771357912451809291e+00 6.172924202765387122e-09 3.687279512703630028e-08 4.025148307657053763e-05
4.774438195158363207e+00 1.484580451799072952e-09 8.842712370578283591e-09 1.011619929888021421e-05
4.777518477864917124e+00 6.942815776676524254e-11 4.310247938946831995e-10 6.515413129990927959e-07
4.780598760571471040e+00 6.313301127636925385e-12 4.484607524730320377e-11 6.810390736968307533e-08
4.783679043278024956e+00 6.203969717405950965e-13 5.038013372754786033e-12 4.792686216403160653e-09
4.786759325984577984e+00 1.108012663893507480e-13 7.138395974957656123e-13 1.384714173693700614e-08
4.789839608691131900e+00 1.181768221688258378e-13 1.274207458426378659e-12 1.109499984436293969e-08
4.792919891397685817e+00 8.356769820994279579e-13 1.057816330289178154e-11 1.655841468219243256e-08
4.796000174104239733e+00 5.708593553881504274e-12 7.177194165508139895e-11 8.449205402954285201e-08
4.799080456810792761e+00 6.665912888342391152e-11 6.972053724344085353e-10 1.008905863390953960e-06
4.802160739517346677e+00 2.839414494914266644e-10 2.451738365312759998e-09 4.541809504783426739e-06
4.805241022223900593e+00 5.137710295548120278e-10 3.845738650627763478e-09 7.257591629671933237e-06
4.808321304930454509e+00 2.459075990028074484e-10 1.667824244094690033e-09 3.787325665407978889e-06
4.811401587637008426e+00 5.628153334632755064e-11 3.567183147784015452e-10 8.638461089381355358e-07
4.814481870343561454e+00 5.641956350802018082e-12 3.680659599627030685e-11 9.428213829516403037e-08
4.817562153050116258e+00 4.765733851555026579e-13 3.327053700695896548e-12 1.786622932450332440e-08
4.820642435756670174e+00 3.563658724671469806e-13 1.739302188809501349e-12 1.680907151718537384e-07
4.823722718463224091e+00 2.962734212541974314e-13 2.246160770851628882e-12 1.108530284146992071e-07
4.826803001169777119e+00 8.051141397799147003e-13 1.252375187013196707e-11 3.645285023899372832e-08
4.829883283876331035e+00 5.259390468840792298e-12 7.938463704178466309e-11 1.256091089645092881e-07
4.832963566582884951e+00 5.374265171972889979e-11 7.366473685824558321e-10 1.656126444359632943e-06
4.836043849289438867e+00 1.300866438221796126e-09 1.458227326095084534e-08 3.966336673881253229e-05
4.839124131995992784e+00 2.495357150270258802e-09 2.726380843026584407e-08 7.486380343782036094e-05
4.842204414702545812e+00 4.069215324564016151e-10 4.108858374574656816e-09 1.159563780075793048e-05
4.845284697409099728e+00 3.709019613290504261e-11 2.836017973899108187e-10 8.912390832307028044e-07
4.848364980115653644e+00 4.365429898539524834e-12 3.200925274355975706e-11 1.031630613548318342e-07
4.851445262822207560e+00 4.366169070855321306e-13 3.118823107496890974e-12 1.490584169355312182e-08
4.854525545528761477e+00 1.045171963901222804e-13 4.800247882861804900e-13 5.325576121332613166e-08
4.857605828235315393e+00 1.006131754799827485e-13 1.198714749013944734e-12 3.205256119668456908e-08
4.860686110941869309e+00 7.189098588693403444e-13 1.174674444305195855e-11 4.915293532081094211e-08
4.863766393648423225e+00 4.405889225581726355e-12 7.287158347138399930e-11 1.461207438877825206e-07
4.866846676354976253e+00 3.794918435161539786e-11 6.245427295858092204e-10 1.683223041074938355e-06
4.869926959061530169e+00 1.232106314023383649e-10 2.009565374003916441e-09 6.168369151951654753e-06
4.873007241768084086e+00 1.742630792979155871e-10 2.576546180094196952e-09 7.687159273504525677e-06
4.876087524474638002e+00 8.255639297015023349e-11 1.018652013539253192e-09 3.400784528683676188e-06
4.879167807181191918e+00 1.949182663938563599e-11 1.938268877162938305e-10 6.387767297100879420e-07
4.882248089887744946e+00 2.603403575368873316e-12 2.478448257209378584e-11 9.938935491035219822e-08
4.885328372594298862e+00 2.963885498775747786e-13 2.550586313172078827e-12 8.927010379105357976e-08
4.888408655300852779e+00 4.915572218580358195e-13 1.914944105415149453e-12 5.063571356164846336e-07
4.891488938007406695e+00 3.325294409800470104e-13 2.084878447684187728e-12 2.137192526441529893e-07
4.894569220713960611e+00 1.148580021081879449e-12 1.295113333232262795e-11 9.324091700061072162e-08
4.897649503420513639e+00 6.757405170705039176e-12 8.831431761474238880e-11 3.945369840755506299e-07
4.900729786127068444e+00 5.833496617202109198e-11 8.783966531817983614e-10 4.654217245502238902e-06
4.903810068833622360e+00 7.005250770429924328e-10 1.275731350822694682e-08 7.028803045128584977e-05
4.906890351540176276e+00 8.238305629001126504e-10 1.515851472455640771e-08 8.336487444936649708e-05
4.909970634246729304e+00 8.641320770464357445e-11 1.494581953336016126e-09 8.065204826187471069e-06
4.913050916953283220e+00 1.092094738026132058e-11 1.507073198031279313e-10 7.717678452893006086e-07
4.916131199659837137e+00 1.565261056742120908e-12 1.950215127081992596e-11 1.374629822410259836e-07
4.919211482366391053e+00 1.379821582398005749e-13 1.749520792102337257e-12 2.874465615427053404e-08
4.922291765072944969e+00 8.077879927370863784e-14 3.638502949892720857e-13 9.033723937237369989e-08
4.925372047779497997e+00 2.032378071632278902e-13 1.246442195486310007e-12 3.577540244388826137e-08
4.928452330486051913e+00 1.630294752015831912e-12 1.314764991393617575e-11 1.612690647541030636e-07
4.931532613192605830e+00 8.911295008108807264e-12 8.418302982323824151e-11 7.207723307536906011e-07
4.934612895899159746e+00 4.982687240540144566e-11 5.434322475353853256e-10 6.083741444716538070e-06
4.937693178605712774e+00 1.004408631354660812e-10 1.537492315352065342e-09 1.739176412113014307e-05
4.940773461312266690e+00 8.297203136771192428e-11 1.492662868427134530e-09 1.680186912569729164e-05
4.943853744018821494e+00 2.621550316107867685e-11 5.494704263978813619e-10 6.326614061920857578e-06
4.946934026725375411e+00 4.896780837591812747e-12 8.985759337340854786e-11 8.710303897742198973e-07
4.950014309431928439e+00 8.639759963358033795e-13 1.383423997948329773e-11 1.669640723854664651e-07
4.953094592138482355e+00 1.667728057375803509e-13 1.879476590788725555e-12 1.286553981033440256e-07
4.956174874845036271e+00 3.644976874307586514e-13 1.903011785159883235e-12 4.425971089573460687e-07
4.959255157551590187e+00 3.276810745025134027e-13 2.115899930780187324e-12 1.172813509245378538e-07
4.962335440258144104e+00 1.918812187978577329e-12 1.361441792854803985e-11 1.904871160864752356e-07
4.965415722964697132e+00 1.188036378646376952e-11 1.019926328440212817e-10 1.204281980000741277e-06
4.968496005671251048e+00 9.731295807361050487e-11 1.174237439567432145e-09 1.837762205453819688e-05
4.971576288377804964e+00 7.406815931440721705e-10 1.073701272807809453e-08 1.799518496495970969e-04
4.974656571084358880e+00 5.386753761944912172e-10 8.085180121350051516e-09 1.358289602410175879e-04
4.977736853790912797e+00 3.042967615747689267e-11 5.556237058818951489e-10 8.851481141800436782e-06
4.980817136497465825e+00 3.923952292066924912e-12 7.154570072828578110e-11 9.619947574854506736e-07
4.983897419204020629e+00 6.185764301363689581e-13 1.028142851441710668e-11 1.497070890205307125e-07
4.986977701910574545e+00 4.250105100843232557e-14 8.573457826686873158e-13 2.604552441039843887e-08
4.990057984617128461e+00 3.217670446051779410e-14 2.759728321152645482e-13 4.978242914291929657e-08
4.993138267323681490e+00 2.007035438921214776e-13 1.386601602947017617e-12 1.747595076958926195e-08
4.996218550030235406e+00 1.904405734850809012e-12 1.430814786699399164e-11 1.938925056412835942e-07
4.999298832736789322e+00 1.236205761650441989e-11 1.032321150891958044e-10 1.131823141138286061e-06
5.002379115443343238e+00 5.362433133567532473e-11 5.152841651513631407e-10 7.876301691539901103e-06
5.005459398149896266e+00 1.101838920684322891e-10 1.261294127746722879e-09 2.015671949348115955e-05
5.008539680856450182e+00 7.009348868985725481e-11 9.094960094413296820e-10 1.541332121046496090e-05
5.011619963563004099e+00 2.048203421925934124e-11 3.097212685488962452e-10 5.040739518451861019e-06
5.014700246269558015e+00 2.875561790964078257e-12 4.230170588795804475e-11 5.628664449339704784e-07
5.017780528976111931e+00 5.750404591536676969e-13 7.145891504338466201e-12 8.224280887217931298e-08
5.020860811682664959e+00 1.275101166805236793e-13 1.497318030155615816e-12 1.039356247696988104e-07
5.023941094389218875e+00 1.565763871215504658e-13 1.725553652884684889e-12 2.128418466708623678e-07
5.027021377095773680e+00 2.446812523635664529e-13 2.267376397358654299e-12 4.745574176331294369e-08
5.030101659802327596e+00 1.559462761856851605e-12 1.344054821765559249e-11 1.942019315181619718e-07
5.033181942508880624e+00 1.165050259906151914e-11 1.091125827549518375e-10 1.556935017980806495e-06
5.036262225215434540e+00 1.506422156506032479e-10 1.584880648698469988e-09 2.991779202343435051e-05
5.039342507921988457e+00 8.536434487963007568e-10 9.098597881751930962e-09 1.785247166337009493e-04
5.042422790628542373e+00 4.022448325637272025e-10 4.333467961966535817e-09 8.495106048970803043e-05
5.045503073335096289e+00 2.053695536069280172e-11 2.414608803729907855e-10 4.240413790173199955e-06
5.048583356041649317e+00 2.793235022571811995e-12 3.384408746881278392e-11 4.964403020253302034e-07
5.051663638748203233e+00 4.389845312508728755e-13 4.951465841428086580e-12 6.434611807277373944e-08
5.054743921454757150e+00 3.857541690369675973e-14 4.088380672086392486e-13 2.419979754491746065e-08
5.057824204161311066e+00 1.620168428445326125e-14 2.527950302165871681e-13 3.530355966372221078e-08
5.060904486867864982e+00 1.535263391120080624e-13 1.650390744437897033e-12 2.649827919000780686e-08
5.063984769574418010e+00 1.436801517243696597e-12 1.406326420086083652e-11 2.903550993227847977e-07
5.067065052280971926e+00 1.215984033364216554e-11 1.125795368497534967e-10 2.276900777142470438e-06
5.070145334987526731e+00 4.857721741629080982e-11 4.475591341777470332e-10 1.174199334572117092e-05
5.073225617694079759e+00 1.105927282530514039e-10 9.502017384364617410e-10 2.526696462606924313e-05
5.076305900400633675e+00 6.238435687015408271e-11 5.344943485530896993e-10 1.520933538824466404e-05
5.079386183107187591e+00 1.936816045139934685e-11 1.687701692998229252e-10 4.295319337793514370e-06
5.082466465813741507e+00 2.137568669170551859e-12 2.037552918409780418e-11 4.562923723738174970e-07
5.085546748520295424e+00 3.479161209011627273e-13 3.236456110193180177e-12 6.528660744942838742e-08
5.088627031226848452e+00 1.655834002879054589e-13 1.366784979978050073e-12 1.564411446613003112e-07
5.091707313933402368e+00 2.134461419355613880e-13 1.526069760552867773e-12 2.028861824604209906e-07
5.094787596639956284e+00 2.745560785082373633e-13 2.694559668392038995e-12 5.781067718533213922e-08
5.097867879346510200e+00 1.600484542971626941e-12 1.352597051714446794e-11 2.762644786377103585e-07
5.100948162053064117e+00 1.375694868195641922e-11 1.046104462595905246e-10 2.494520809195870012e-06
5.104028444759617145e+00 2.893239141926768990e-10 1.778788577664109467e-09 6.060207659933634396e-05
5.107108727466171061e+00 1.068050992145002282e-09 6.397437159175212783e-09 2.247187569557784661e-04
5.110189010172725865e+00 3.230115731735404258e-10 1.916842539194905847e-09 6.767445795156572339e-05
5.113269292879279782e+00 1.892995717343201274e-11 1.105393617442779089e-10 3.607068835686518802e-06
5.116349575585832810e+00 2.148914340701397440e-12 1.495804531256314985e-11 4.345691270401859058e-07
5.119429858292386726e+00 2.486379572460958720e-13 1.907319272914136839e-12 6.461620321545549218e-08
5.122510140998940642e+00 7.092037232229569715e-14 1.943997182643389564e-13 3.826750862042459924e-08
5.125590423705494558e+00 6.705509211367784188e-14 2.675809598969419347e-13 4.353108738433163672e-08
5.128670706412048474e+00 2.183321630290989813e-13 2.222011927063682787e-12 2.615671727183265862e-08
5.131750989118601503e+00 1.522679664278803982e-12 1.384238276102365326e-11 2.522890734596116348e-07
5.134831271825155419e+00 1.476767570909915504e-11 1.083560558036108298e-10 2.242904339643323975e-06
5.137911554531709335e+00 5.539883753538541822e-11 3.427630742533343165e-10 9.849515775690125642e-06
5.140991837238263251e+00 1.125727761395450254e-10 6.117309989003822045e-10 1.867832956877427542e-05
5.144072119944816279e+00 5.450841255137501069e-11 2.789252013742327445e-10 9.777188402759710021e-06
5.147152402651370195e+00 1.597106322318579566e-11 7.836347753414364622e-11 2.407972788642322908e-06
5.150232685357924112e+00 1.754941844198670808e-12 9.683365311745783630e-12 3.062354317148587670e-07
5.153312968064478916e+00 1.793751171233689633e-13 1.368349897816367243e-12 9.271301002438586777e-08
5.156393250771031944e+00 5.445456780452706399e-13 1.402229095568183230e-12 4.724008318800764620e-07
5.159473533477585860e+00 4.713270906895605873e-13 1.266549787391130802e-12 3.997083078290731721e-07
5.162553816184139777e+00 3.008031798267533706e-13 3.180446949053648127e-12 4.641743948321172507e-08
5.165634098890693693e+00 1.403506740182487636e-12 1.482769136256263326e-11 2.278376507154680371e-07
5.168714381597247609e+00 1.103389610249186851e-11 1.001479594241225150e-10 1.836751301098485143e-06
5.171794664303800637e+00 2.325516555299870712e-10 1.699115648376189533e-09 4.561411888478249872e-05
5.174874947010354553e+00 5.379878921309300954e-10 3.845171677546978840e-09 1.059312929956374356e-04
5.177955229716908470e+00 1.063016954588570545e-10 7.224775798016024310e-10 2.005888410702570107e-05
5.181035512423462386e+00 9.987042344152621039e-12 5.227685131636279017e-11 1.256670636441357496e-06
5.184115795130016302e+00 1.340667561028214851e-12 6.886229922773632667e-12 1.908346591488026007e-07
5.187196077836569330e+00 9.849723770468048088e-14 7.045783705089057475e-13 7.388233290448676794e-08
5.190276360543123246e+00 1.166086451601468218e-13 1.566555613616381698e-13 1.377245954234019495e-07
5.193356643249677163e+00 1.080888097956695099e-13 2.928384978302436940e-13 1.065447790423839781e-07
5.196436925956231967e+00 1.923672379987453170e-13 2.719843609227404013e-12 2.917051239842056847e-08
5.199517208662784995e+00 8.837108197691374520e-13 1.403911932842897108e-11 2.926462994561745020e-07
5.202597491369338911e+00 6.752050354404915579e-12 9.141742331792152867e-11 2.243832117393848667e-06
5.205677774075892827e+00 2.136227257043265953e-11 2.561543358259359808e-10 8.028387660873342421e-06
5.208758056782446744e+00 3.472974465928327238e-11 3.667847934769671464e-10 1.174345790859914672e-05
5.211838339488999772e+00 1.640561252048836736e-11 1.420870646430978572e-10 5.069604776205281069e-06
5.214918622195553688e+00 5.734081627261448653e-12 3.563030718196882647e-11 8.934771227952698307e-07
5.217998904902107604e+00 9.775098654476535320e-13 5.150052954331541313e-12 1.485176380738489023e-07
5.221079187608661520e+00 1.379980550606696344e-13 7.611034533693260827e-13 2.357476838462483724e-07
5.224159470315215437e+00 6.588789817987288519e-13 1.568957961589236832e-12 1.181092439442049558e-06
5.227239753021768465e+00 3.293288676309022546e-13 1.015037813705383537e-12 6.349125612107724870e-07
5.230320035728322381e+00 1.856483445049428395e-13 3.284489165559538122e-12 6.158154825480707499e-08
5.233400318434876297e+00 5.977386469253390314e-13 1.609588926624672061e-11 4.856407400082882544e-07
5.236480601141431102e+00 3.980057984062514807e-12 1.052200553589413257e-10 3.966685009029769614e-06
5.239560883847984130e+00 5.676683447327630153e-11 1.477975783709324487e-09 7.223509846418481935e-05
5.242641166554538046e+00 8.437005187745653277e-11 2.119111420456187061e-09 1.053222363647340518e-04
5.245721449261091962e+00 1.387707650101110276e-11 2.540054172557877371e-10 1.248934274195998812e-05
5.248801731967645878e+00 2.860649606725454276e-12 2.547851161497143510e-11 9.436547441862421232e-07
5.251882014674199795e+00 5.760401292450253801e-13 3.592987706702205777e-12 1.619427845003373793e-07
5.254962297380752823e+00 5.547486505273779127e-14 3.413002408334330629e-13 1.012654364557082856e-07
5.258042580087306739e+00 5.831071983204064851e-14 1.924888023039644361e-13 1.864793920764097612e-07
5.261122862793860655e+00 2.886741112999562501e-14 3.243054167674263309e-13 9.415696278132297187e-08
5.264203145500414571e+00 1.029071551867848203e-13 3.038635093749621004e-12 6.403797888620772511e-08
5.267283428206968487e+00 4.798531583784607469e-13 1.567078966223858096e-11 4.614684148148580100e-07
5.270363710913521516e+00 2.142032903749069676e-12 7.869860014179508403e-11 2.773970033927634979e-06
5.273443993620075432e+00 1.000103529254795983e-11 2.078374210201655071e-10 9.132661908984537021e-06
5.276524276326629348e+00 1.466669560897313733e-11 2.212123977364838372e-10 1.049210593384721349e-05
5.279604559033183264e+00 8.831135382352401768e-12 7.584615956359032195e-11 4.080123706543441443e-06
5.282684841739737180e+00 2.478810448439443272e-12 1.664814468940606250e-11 5.973076175400078340e-07
5.285765124446291097e+00 5.206445032416182950e-13 2.984376000395123706e-12 1.437035544301951143e-07
5.288845407152845013e+00 1.167215768896995942e-13 6.261319271504234976e-13 2.736275177018974401e-07
5.291925689859398929e+00 1.993848023395694412e-13 1.722519152636819077e-12 9.738941301878786779e-07
5.295005972565951957e+00 8.539250081761282221e-14 8.578308916553527108e-13 3.146913402113987354e-07
5.298086255272505873e+00 2.476653915877452950e-13 3.386563281830806136e-12 6.477553830013518171e-08
5.301166537979059790e+00 1.874500106742309790e-12 1.847210634721233151e-11 3.701822677254176654e-07
5.304246820685613706e+00 2.076029469544702996e-11 1.402764599572969602e-10 3.422135762817101922e-06
5.307327103392167622e+00 2.642934462706552136e-10 1.419366661719777192e-09 4.067523605937012316e-05
5.310407386098720650e+00 2.495769114756287614e-10 1.292246233317658396e-09 3.772005791513804925e-05
5.313487668805274566e+00 2.490506316826591811e-11 1.018258302492299795e-10 3.000689833894918884e-06
5.316567951511828483e+00 3.978462275182692707e-12 1.319912448271239107e-11 2.852354255717138404e-07
5.319648234218382399e+00 6.158483161806291760e-13 2.108081361527166552e-12 9.097167908567591604e-08
5.322728516924936315e+00 7.359593387133512977e-14 2.400806837261430123e-13 5.806472649853021054e-08
5.325808799631490231e+00 1.414626864828665846e-14 2.353949555975718973e-13 1.115043947395444301e-07
5.328889082338044147e+00 5.199417078639067383e-14 3.748436589496805193e-13 4.097521432242607918e-08
5.331969365044598064e+00 4.453714740212545374e-13 3.242297907883635091e-12 4.013173394061681587e-08
5.335049647751151092e+00 4.026199595818974115e-12 1.878383917931623085e-11 2.111023559722980002e-07
5.338129930457705008e+00 2.148046781831354773e-11 7.758774053504651632e-11 8.339197863264043151e-07
5.341210213164258924e+00 6.886672635042169010e-11 2.016697898796169238e-10 2.321410180315366881e-06
5.344290495870812840e+00 6.057305299309415542e-11 1.578467904097805948e-10 1.931697689064214045e-06
5.347370778577366757e+00 2.413133927918280682e-11 5.093376982835324770e-11 6.169011811935462023e-07
5.350451061283919785e+00 4.335287240101517983e-12 9.432630816059603372e-12 5.803277238590303695e-08
5.353531343990473701e+00 7.327770034208486590e-13 2.077300343669532492e-12 4.641638110262547548e-08
5.356611626697027617e+00 2.043509491905203162e-13 7.786130579491511555e-13 2.868342946572014756e-07
5.359691909403581533e+00 1.869253391480989838e-13 1.834511696783496271e-12 7.192993128770700934e-07
5.362772192110135450e+00 2.138951300579870403e-13 7.751159852975707711e-13 1.407132554893490615e-07
5.365852474816689366e+00 7.509201407918012690e-13 3.199261190499756476e-12 4.523372438870188222e-08
5.368932757523243282e+00 7.086218554098989766e-12 1.966973822446788854e-11 2.320781836337881915e-07
5.372013040229797198e+00 1.047465960576433473e-10 2.132134436699591012e-10 2.112336653453090585e-06
5.375093322936351115e+00 7.716098906950832934e-10 1.478886026427529713e-09 1.467243290959712621e-05
5.378173605642904143e+00 4.535151382825305428e-10 8.596210713106161730e-10 8.527443784768419277e-06
5.381253888349458059e+00 2.986219442983959156e-11 5.273658161373669879e-11 4.340492836376189721e-07
5.384334171056011975e+00 4.473169325481925630e-12 8.246031016213296096e-12 2.946498565869361765e-08
5.387414453762565891e+00 5.538474143044981702e-13 1.551659099881573787e-12 4.104745617522938840e-08
5.390494736469119808e+00 9.361551099947900151e-14 2.302193680765101325e-13 8.889254335352746192e-08
5.393575019175672836e+00 6.208072559085206062e-14 2.640439524410952724e-13 1.381929891398179669e-07
5.396655301882226752e+00 2.081466780605800307e-13 3.905604614919242855e-13 3.609171378613704977e-08
5.399735584588780668e+00 1.061917928130454119e-12 2.767741835423542734e-12 7.388268840553767692e-08
5.402815867295334584e+00 1.039245094447165667e-11 1.869221868870144646e-11 3.107889011773309824e-07
5.405896150001888500e+00 4.571347901201087720e-11 6.900609640749708495e-11 8.550872821781742304e-07
5.408976432708442417e+00 1.176994201177889870e-10 1.767584751629186733e-10 1.933965495598162719e-06
5.412056715414996333e+00 7.445928396321971865e-11 1.079380897895513195e-10 1.160507525515396072e-06
5.415136998121550249e+00 2.538910378902956428e-11 3.716921661503728352e-11 3.172518891911087732e-07
5.418217280828103277e+00 3.584745223480012526e-12 6.016432599816690161e-12 2.163740078551270168e-08
5.421297563534657193e+00 4.827631380028622476e-13 1.509905874121659415e-12 7.537277914806959298e-08
5.424377846241211110e+00 5.007385879870127208e-13 1.027239271838991044e-12 7.786534360142892583e-07
5.427458128947765026e+00 6.011944440296308966e-13 1.649971923058474207e-12 1.250755546696175163e-06
5.430538411654318942e+00 5.024819351408135465e-13 6.739629649198634481e-13 1.586514672376069649e-07
5.433618694360871970e+00 1.392324131059280373e-12 2.567888191689855232e-12 1.075040474970797559e-07
5.436698977067425886e+00 1.196132658535027586e-11 1.582522541368965030e-11 3.361549689971217571e-07
5.439779259773979803e+00 2.083161966196424822e-10 2.504787008418329763e-10 3.254383209454528569e-06
5.442859542480533719e+00 9.328074024779115550e-10 1.120938122463886038e-09 1.379302070255193497e-05
5.445939825187087635e+00 3.440195679396900815e-10 4.171965469745062109e-10 5.064269012137934002e-06
5.449020107893641551e+00 2.023571685556456710e-11 2.801022896813089439e-11 2.614674193609653992e-07
5.452100390600195468e+00 3.000501570846102213e-12 4.682546741784317167e-12 4.649542771105716755e-08
5.455180673306749384e+00 3.097619519853608487e-13 9.938860763075345270e-13 8.714952789400911752e-08
5.458260956013303300e+00 1.013746585567770002e-13 2.069807599908165555e-13 2.038627739473142640e-07
5.461341238719856328e+00 1.470664840452001903e-13 2.244999637546265790e-13 2.416943226175340258e-07
5.464421521426410244e+00 3.545267996609342801e-13 4.167775380997006525e-13 7.796583413126321832e-08
5.467501804132964160e+00 1.411686375374005537e-12 2.167932597264962766e-12 1.228520546897938582e-07
5.470582086839518077e+00 1.222556823783611863e-11 1.468300719856932535e-11 3.561852453380746967e-07
5.473662369546071105e+00 4.239866720346782862e-11 4.812834792890000938e-11 9.130831175566290234e-07
5.476742652252625021e+00 9.035961176402223238e-11 1.086490515697410638e-10 1.737249395491967533e-06
5.479822934959178937e+00 4.339414812464844275e-11 5.482138806881860714e-11 8.661491747505865251e-07
5.482903217665732853e+00 1.400160603423948373e-11 2.020379882477062876e-11 3.062476446138438863e-07
5.485983500372286770e+00 1.984155942190016306e-12 3.239631307715762174e-12 9.414186753287360608e-08
5.489063783078840686e+00 2.998531523176946759e-13 8.750247162262919835e-13 1.708738761432264940e-07
5.492144065785394602e+00 6.302684162461838558e-13 1.181458086780353476e-12 1.544561905170748908e-06
5.495224348491948518e+00 5.904547727003788304e-13 1.210496100802800708e-12 1.566869047933038593e-06
5.498304631198502435e+00 4.803956041344032297e-13 6.489828081301888345e-13 1.530888404698862374e-07
5.501384913905055463e+00 1.576937417089244551e-12 2.315733933145905150e-12 9.537992301827178085e-08
5.504465196611609379e+00 1.007660974154629822e-11 1.225828394063551697e-11 2.366270461883182147e-07
5.507545479318163295e+00 1.817691938712737358e-10 2.156170004172237757e-10 3.545064863261899484e-06
5.510625762024717211e+00 5.058968856690127814e-10 6.046489350254081835e-10 9.809844748873018845e-06
5.513706044731271128e+00 1.179353150354087056e-10 1.444523406524016236e-10 2.311244056730125603e-06
5.516786327437824156e+00 9.039427701103792829e-12 1.305349353874067113e-11 2.017215326019028376e-07
5.519866610144378072e+00 1.400516238385531806e-12 2.223095056015463461e-12 9.506018496499108434e-08
5.522946892850931988e+00 2.467796627469083052e-13 5.340468205046491121e-13 9.296235036831372969e-08
5.526027175557485904e+00 7.347227404594890963e-14 2.144116673609624557e-13 2.447384076907480081e-07
5.529107458264039821e+00 7.013656328981475979e-14 1.892469290941480047e-13 2.099966490783722214e-07
5.532187740970593737e+00 2.786509610403831418e-13 5.232076895072214364e-13 5.424722236581637147e-08
5.535268023677147653e+00 1.396882468257184343e-12 2.099933516166638339e-12 6.116777377391340311e-08
5.538348306383701569e+00 9.117692731706869319e-12 1.149323927596067213e-11 1.406769907594495815e-07
5.541428589090254597e+00 2.845370126190344419e-11 3.343869447422844054e-11 3.119554630234713378e-07
5.544508871796808513e+00 4.878493856447265684e-11 5.891003764602331055e-11 4.386587394932599127e-07
5.547589154503362430e+00 2.001338919093321409e-11 2.561043866826553299e-11 1.804617089408883977e-07
5.550669437209916346e+00 6.744430229465384185e-12 9.150900155162186816e-12 4.863163224459981858e-08
5.553749719916470262e+00 9.850907542066260204e-13 1.646451380365269050e-12 4.637324194747199834e-08
5.556830002623023290e+00 2.557760881220460910e-13 5.736943104325148861e-13 1.853241793263817923e-07
5.559910285329577206e+00 3.413900334445416592e-13 1.573437938329536370e-12 1.302399181463712114e-06
5.562990568036131123e+00 2.467318774828332186e-13 9.913937678412029890e-13 8.420407611670626334e-07
5.566070850742685039e+00 1.951804474114387571e-13 6.935609443901975708e-13 3.847005083865928783e-08
5.569151133449238955e+00 1.377736705248887358e-12 2.515116733945882814e-12 6.165580303990824160e-08
5.572231416155791983e+00 8.306878105596121560e-12 1.246272124573865502e-11 2.821614869192188128e-07
5.575311698862346788e+00 1.346882754887025404e-10 1.874003701709455209e-10 3.770757982954659292e-06
5.578391981568900704e+00 2.361810671463741404e-10 3.297744962181359025e-10 6.424195239840900039e-06
5.581472264275454620e+00 3.561287667690618048e-11 5.103815369769650505e-11 8.668826848008211452e-07
5.584552546982007648e+00 4.068769649425416475e-12 6.133801642954287708e-12 3.517337027025475453e-08
5.587632829688561564e+00 5.345868608624160953e-13 1.143907028760373787e-12 1.512744567354207078e-08
5.590713112395115481e+00 1.370221106615488698e-13 3.363196457686191956e-13 6.069886487878601820e-08
5.593793395101669397e+00 8.645606716642250123e-14 2.838316942886484448e-13 1.600941211810698820e-07
5.596873677808223313e+00 5.172801715854032460e-14 1.824745162941575465e-13 1.005528024771043805e-07
5.599953960514776341e+00 7.546103534475268585e-14 6.562601627710694349e-13 1.025012021645169535e-08
5.603034243221330257e+00 9.898673981358182485e-13 2.568206402611338877e-12 7.365270830279264362e-08
5.606114525927884173e+00 5.722372020828798720e-12 1.113804265026057076e-11 4.260196231118552086e-07
5.609194808634438090e+00 1.690083238441014332e-11 3.038147128284363002e-11 1.292789266162720914e-06
5.612275091340991118e+00 2.092366287558525226e-11 3.826535171376084348e-11 1.502045398722016511e-06
5.615355374047545922e+00 7.501500910817821612e-12 1.438501240933537751e-11 5.023013676520860119e-07
5.618435656754099838e+00 2.320259807999912844e-12 4.287520686931958235e-12 7.733652785423844911e-08
5.621515939460653755e+00 2.947560128630572838e-13 9.514622010974504925e-13 1.278226823673695154e-08
5.624596222167206783e+00 2.037224676072182281e-13 6.257928136377272670e-13 2.350117611013989960e-07
5.627676504873760699e+00 6.111841285096482612e-13 2.299562647054015497e-12 1.059970541422875043e-06
5.630756787580314615e+00 3.229921184588103426e-13 8.927442678201327007e-13 4.439466415546415608e-07
5.633837070286868531e+00 1.027509937154452893e-13 8.424108689185155717e-13 1.134653281947941580e-08
5.636917352993422448e+00 1.215662536611372896e-12 3.398348369487916618e-12 5.136623043173921673e-08
5.639997635699975476e+00 9.412867218187807047e-12 1.920748768469378983e-11 5.035530673908514297e-07
5.643077918406529392e+00 1.125682125604115375e-10 2.198967515036306250e-10 6.815556950080136436e-06
5.646158201113083308e+00 1.247897162352896710e-10 2.442186710666057458e-10 7.557622137628147362e-06
5.649238483819637224e+00 1.224503911855024456e-11 2.397245568565160369e-11 6.876993608004864800e-07
5.652318766526191141e+00 1.833031922079316756e-12 3.173053734195464982e-12 4.562968020725390373e-08
5.655399049232744169e+00 1.854411677377745140e-13 7.004911619204503649e-13 2.824004867212994331e-08
5.658479331939298973e+00 7.170742030490394307e-14 2.819843812808786470e-13 9.810289006109051729e-08
5.661559614645852889e+00 1.387132475969190047e-13 3.852262432627197534e-13 2.162988536876065959e-07
5.664639897352406805e+00 1.126552910432837174e-13 1.825157593688262503e-13 1.093121738751777199e-07
5.667720180058959834e+00 1.224838005990054574e-13 9.115395161307046167e-13 2.083397192917273366e-08
5.670800462765513750e+00 1.285211375001800289e-12 3.951028568563601796e-12 1.066165080957019776e-08
5.673880745472067666e+00 6.370138024172024748e-12 1.428740288706422802e-11 1.328870522896689832e-07
5.676961028178621582e+00 1.826423116744597085e-11 3.875803815083241881e-11 3.632450074569752479e-07
5.680041310885174610e+00 1.667425868362807148e-11 3.466043132176168072e-11 2.964245813789416273e-07
5.683121593591728526e+00 5.666280987210314452e-12 1.123376831617681938e-11 6.839949982863118243e-08
5.686201876298282443e+00 1.586910419444004120e-12 2.431747981763193938e-12 1.091730213072045416e-09
5.689282159004836359e+00 2.215880150565986905e-13 6.935730467898161328e-13 5.255122282457804079e-08
5.692362441711390275e+00 3.801180150769896791e-13 9.861718848517072614e-13 8.827265331472909170e-07
5.695442724417943303e+00 1.087021301514452480e-12 2.911255671555167751e-12 2.650499987998057575e-06
5.698523007124497219e+00 3.668106449013194914e-13 7.216409470554935805e-13 7.061264261883901227e-07
5.701603289831052024e+00 1.888375349744329569e-13 1.082168087677622223e-12 3.550277028195915932e-08
5.704683572537605940e+00 1.358476728963744089e-12 4.871753924568631329e-12 5.465965503778101817e-08
5.707763855244158968e+00 1.409943437349201817e-11 3.810089085266848962e-11 8.141401500998285747e-07
5.710844137950712884e+00 1.209403763498010925e-10 3.149375557094819790e-10 6.229370040048223890e-06
5.713924420657266801e+00 8.633063327766483215e-11 2.230101905931729820e-10 4.320794096752000895e-06
5.717004703363820717e+00 6.672152429078639168e-12 1.508631992803629310e-11 2.089387743918380401e-07
5.720084986070374633e+00 1.428456091740562531e-12 2.153326716777442829e-12 4.652480255752548784e-08
5.723165268776927661e+00 2.440935014681220695e-13 5.895201154242619480e-13 9.436312462885800819e-08
5.726245551483481577e+00 9.558371018866829948e-14 3.343874628069832156e-13 3.322639748617536403e-07
5.729325834190035494e+00 1.997341950684012142e-13 4.375294957152687665e-13 6.093320948506887315e-07
5.732406116896589410e+00 1.254730322273640804e-13 2.015741600035938752e-13 2.603342897673715597e-07
5.735486399603143326e+00 2.851479107491422376e-13 1.077408478551597177e-12 4.553532704398361395e-08
5.738566682309696354e+00 1.601982829215782962e-12 5.130851617707856652e-12 1.501568808707650905e-07
5.741646965016251158e+00 6.008907760595087475e-12 1.629219442776588719e-11 9.208083013214341563e-07
5.744727247722805075e+00 1.772655148503309041e-11 4.561021549290272868e-11 2.137871937093863589e-06
5.747807530429358103e+00 1.277341340466914470e-11 3.088809851947866915e-11 1.389780953722470887e-06
5.750887813135912019e+00 5.247344161941495682e-12 1.019322385876573217e-11 3.333997729617338355e-07
5.753968095842465935e+00 1.336097209796235503e-12 1.732772372249770325e-12 9.779599133107027021e-08
5.757048378549019851e+00 4.223434282235370378e-13 6.506314621640670914e-13 1.363043162850104226e-07
5.760128661255573768e+00 7.517804532312443548e-13 1.512169492453795175e-12 2.738673236025239502e-06
5.763208943962126796e+00 1.499433162753237640e-12 2.940604732201159069e-12 5.199288982655464990e-06
5.766289226668680712e+00 2.987724956247832235e-13 5.198496687172104090e-13 8.856183168845780973e-07
5.769369509375234628e+00 5.026813905002019824e-13 1.113021619270281421e-12 4.772974708598590112e-08
5.772449792081788544e+00 2.385189428765383834e-12 4.891197065558312422e-12 2.141124970207100694e-07
5.775530074788342461e+00 3.050461997831150784e-11 5.651728199666398425e-11 3.756858255283220139e-06
5.778610357494895489e+00 1.689575892902764192e-10 3.088698631636681989e-10 1.982162493212679777e-05
5.781690640201449405e+00 7.729701529079159263e-11 1.403167832750496745e-10 8.828580346851649401e-06
5.784770922908004209e+00 5.851653874952283863e-12 9.151402659488243754e-12 3.989552825108036476e-07
5.787851205614558125e+00 1.172803834833965185e-12 1.414754031597337006e-12 9.519767685547231285e-08
5.790931488321111154e+00 4.498350300813025832e-13 5.489387866450220883e-13 1.246014517415376274e-07
5.794011771027665070e+00 2.060601959822630469e-13 3.973822156287490565e-13 5.301323210060084795e-07
5.797092053734218986e+00 2.447428975233311600e-13 4.105586496269903119e-13 7.061615231345911902e-07
5.800172336440772902e+00 9.254634719527723063e-14 2.405250650300018415e-13 2.623748020006780912e-07
5.803252619147326818e+00 6.065159504450779068e-13 1.007955410761179369e-12 5.471367784710202913e-08
5.806332901853879846e+00 3.275659977289859881e-12 4.664447860639325026e-12 2.154182744554937061e-07
5.809413184560433763e+00 9.754504336884268811e-12 1.328551068195638295e-11 9.707831837934779859e-07
5.812493467266987679e+00 2.440687693287157889e-11 3.426874655106484337e-11 1.923272104515742160e-06
5.815573749973541595e+00 1.328844233688268699e-11 1.848649106927318319e-11 9.669789128050952520e-07
5.818654032680094623e+00 4.892722066169820065e-12 6.810433937359845335e-12 2.376983930012162714e-07
5.821734315386648539e+00 7.374195428367582133e-13 1.029134424207860875e-12 6.304129198701350487e-08
5.824814598093203344e+00 4.748060441111038300e-13 6.032236380030031667e-13 1.855874911740669255e-07
5.827894880799757260e+00 1.684638278645175128e-12 2.092878946927757565e-12 2.848900170888156749e-06
5.830975163506310288e+00 2.146925476636077862e-12 2.607516124066388915e-12 3.453678932508795205e-06
5.834055446212864204e+00 1.777488532788937311e-13 3.943390752637334774e-13 4.172509268265144523e-07
5.837135728919418121e+00 7.301312111858947873e-13 1.091204136527101305e-12 7.165269290267498580e-08
5.840216011625972037e+00 3.447466444547000453e-12 4.114386078806037689e-12 2.257183553167803967e-07
5.843296294332525953e+00 5.031088533010221646e-11 5.731980456738782194e-11 3.050415108498470641e-06
5.846376577039078981e+00 1.709268602348914749e-10 1.964868826277038184e-10 9.949733955142438157e-06
5.849456859745632897e+00 4.893699990881851226e-11 5.723287790950061158e-11 2.724077918394394676e-06
5.852537142452186814e+00 3.330078495723258357e-12 4.767867626777535407e-12 1.176894998436342403e-07
5.855617425158740730e+00 3.381324127354540264e-13 7.329744082923022428e-13 4.708484179071335604e-08
5.858697707865294646e+00 2.816754986423919348e-13 4.836704703556477045e-13 8.880916165050233762e-08
5.861777990571847674e+00 4.299070015033051587e-13 4.740362151428051029e-13 3.324341950791662305e-07
5.864858273278401590e+00 3.776330648691010406e-13 3.827656929628286272e-13 3.413478955509657195e-07
5.867938555984956395e+00 4.486068789372261414e-14 3.138379791336741543e-13 1.626907146709183124e-07
5.871018838691510311e+00 6.542425353943637858e-13 1.045013220686208930e-12 8.766082903741517410e-08
5.874099121398063339e+00 3.659480046597650743e-12 4.081766008726867339e-12 3.006027761030171958e-07
5.877179404104617255e+00 1.047032118275609863e-11 1.062261763896108579e-11 7.181866415386978059e-07
5.880259686811171171e+00 1.961437392020413081e-11 2.132962725798970713e-11 1.119350861614536777e-06
5.883339969517725088e+00 7.868665160281080604e-12 9.393740630365701999e-12 3.980868822075654289e-07
5.886420252224278116e+00 2.359187750604563693e-12 3.575668920599109583e-12 1.104640672026497414e-07
5.889500534930832032e+00 1.613486301158120216e-13 5.650652537922984956e-13 4.414441870974178637e-08
5.892580817637385948e+00 3.863725213993406438e-13 6.857480166352001258e-13 1.823959328211144594e-07
5.895661100343939864e+00 2.910639771073071999e-12 3.304685119064728831e-12 1.859576493810643687e-06
5.898741383050493781e+00 2.340434886021790227e-12 2.582477496251230680e-12 1.458775766520398286e-06
5.901821665757046809e+00 8.531675647678701350e-14 4.243390182076848872e-13 1.731069554444818742e-07
5.904901948463600725e+00 6.435551137982409298e-13 1.220189568532743948e-12 8.805189474292199611e-08
5.907982231170154641e+00 3.531865535703468948e-12 4.282516125929076902e-12 3.181915667133994530e-07
5.911062513876709446e+00 5.074332451825759559e-11 5.816429037933305817e-11 4.358163501968832577e-06
5.914142796583262474e+00 1.069093032173377774e-10 1.242127701035134720e-10 9.190809475826931072e-06
5.917223079289816390e+00 1.879955972881472693e-11 2.305608058421901756e-11 1.567168179631138101e-06
5.920303361996370306e+00 1.435215569396449206e-12 2.496095903673633796e-12 1.181202558266965201e-07
5.923383644702924222e+00 8.581843035244577252e-14 4.488258761823244377e-13 5.256024767514781182e-08
5.926463927409478138e+00 1.587093621438205396e-13 4.835462583088011025e-13 7.482978528145046990e-08
5.929544210116031167e+00 5.456453276370052737e-13 6.750467928699739396e-13 2.680813517138557366e-07
5.932624492822585083e+00 4.011750353648107876e-13 4.203077011709686572e-13 2.083183701376848533e-07
5.935704775529138999e+00 3.500886472949957958e-14 4.596952613652067925e-13 1.084017077555167972e-07
5.938785058235692915e+00 4.562775185674062735e-13 1.226886670550479097e-12 4.850263731527796583e-08
5.941865340942246831e+00 2.507925151191410516e-12 4.072342217946052602e-12 2.267832139297321140e-07
5.944945623648799859e+00 7.066944433074239919e-12 1.058478034343840177e-11 6.336530578088363518e-07
5.948025906355353776e+00 9.493967307820338623e-12 1.522616732448585111e-11 9.156159769185734594e-07
5.951106189061908580e+00 2.840114060756858248e-12 5.604018535834856093e-12 3.261788868333756614e-07
5.954186471768461608e+00 8.997020673715468029e-13 1.897941655501270921e-12 1.165014105082972558e-07
5.957266754475015524e+00 8.973855054119696415e-14 4.295532258406490719e-13 6.178331068509261340e-08
5.960347037181569441e+00 6.284313176316238753e-13 1.097814250218107872e-12 4.238860219416589002e-07
5.963427319888123357e+00 3.862842249195407934e-12 5.312153471813638610e-12 2.605576562935224309e-06
5.966507602594677273e+00 1.943111909074974341e-12 2.599724975508575720e-12 1.297378189249218940e-06
5.969587885301230301e+00 7.527196536502724362e-14 5.561908005872664616e-13 1.005667082421360703e-07
5.972668168007784217e+00 3.586158680093455177e-13 1.452259057054735436e-12 2.076246131486349001e-08
5.975748450714338134e+00 2.538871978965151653e-12 5.549546228272370284e-12 1.564673759423931121e-07
5.978828733420892050e+00 3.275166326758923203e-11 6.829574098510736566e-11 2.667771170557416634e-06
5.981909016127445966e+00 4.399676571861778752e-11 9.224238158649398994e-11 3.702807674028743250e-06
5.984989298833998994e+00 4.926905483742205998e-12 1.086088534513828384e-11 4.260743960068055008e-07
5.988069581540552910e+00 7.841910514808049739e-13 1.369218872046794620e-12 7.803539965142879516e-08
5.991149864247106827e+00 2.186796427188507338e-13 3.970486891442346837e-13 8.688148148377175716e-08
5.994230146953661631e+00 1.830756153191057488e-13 5.084184992891113799e-13 2.255484038013509336e-07
5.997310429660214659e+00 5.830311942025516775e-13 9.407785235711435506e-13 5.771370465916100261e-07
6.000390712366768575e+00 3.350208591605246097e-13 4.616546727016583011e-13 3.049968004350175172e-07
6.003470995073322491e+00 1.199242133693855709e-13 6.508592316461580968e-13 8.175066207096412260e-08
6.006551277779876408e+00 3.779759233637524766e-13 1.518758473836852602e-12 2.042772723461256300e-09
6.009631560486430324e+00 1.916763910763529225e-12 4.144727197441603723e-12 5.416828997054988751e-08
6.012711843192983352e+00 6.426085408189677254e-12 1.149437849446140186e-11 2.035019852356303417e-07
6.015792125899537268e+00 6.926553982987091284e-12 1.191798244019827756e-11 2.446007087658055918e-07
6.018872408606091184e+00 2.372815035944207305e-12 3.957138312463177209e-12 7.274733088621957875e-08
6.021952691312645101e+00 1.104163467059828474e-12 9.967608543532402973e-13 4.922853974962297934e-08
6.025032974019198129e+00 3.771096355973148418e-13 4.195809275858457023e-13 1.194705973679416548e-07
6.028113256725752045e+00 8.897684518745276520e-13 2.053715358074915328e-12 1.629193996971688916e-06
6.031193539432305961e+00 3.391788548125134558e-12 7.443142978371573464e-12 5.933186738207745172e-06
6.034273822138859877e+00 1.057069228459894973e-12 2.298117294310542253e-12 1.850002899202284706e-06
6.037354104845413794e+00 1.957237967662536877e-13 7.479419015848282006e-13 8.553872470312696021e-08
6.040434387551967710e+00 6.719992554128246980e-13 1.755702648944827323e-12 2.561173636590376238e-09
6.043514670258521626e+00 5.704903538098832798e-12 8.435095493692831539e-12 1.097832520755299531e-07
6.046594952965075542e+00 6.153586194063393631e-11 8.183761721366015717e-11 1.006870906447073062e-06
6.049675235671629459e+00 5.371113780348613858e-11 7.066217243962501952e-11 8.755337138338844826e-07
6.052755518378182487e+00 4.842904162301812971e-12 5.666530901947256472e-12 5.046960502284934682e-08
6.055835801084736403e+00 1.233391986436007629e-12 7.518365320721242007e-13 3.223720620537009191e-08
6.058916083791290319e+00 4.781691702649646270e-13 4.320894885896727652e-13 1.812470704095209457e-07
6.061996366497844235e+00 1.729268597354188909e-13 7.126229048095889679e-13 5.411702944651363133e-07
6.065076649204398151e+00 3.394934202862271259e-13 1.287294200670675720e-12 1.037066035399057469e-06
6.068156931910951180e+00 1.411449909625656937e-13 5.330361676974488479e-13 4.293986993832609276e-07
6.071237214617505096e+00 2.485845326935103702e-13 8.380833504599359623e-13 1.070368267563517820e-07
6.074317497324059012e+00 8.648075353619570486e-13 1.827752400481106838e-12 8.187585984896165728e-09
6.077397780030613816e+00 2.947961152949546077e-12 4.070744535663910944e-12 6.995134639282833755e-08
6.080478062737166844e+00 1.007101903344704551e-11 1.215150059873417457e-11 1.058427043988445365e-07
6.083558345443720761e+00 8.195325872178332257e-12 9.394237461759053688e-12 6.767635641877444997e-08
6.086638628150274677e+00 3.220410554143736158e-12 3.137248250593109891e-12 3.733562220950183655e-09
6.089718910856828593e+00 1.015010480494994136e-12 5.270289856744393968e-13 4.052517024438432649e-08
6.092799193563381621e+00 4.378456917662156968e-13 5.366083763350531948e-13 2.300703309966374160e-07
6.095879476269935537e+00 9.127776610433839520e-13 4.481156722123297656e-12 3.497230089673103984e-06
6.098959758976489454e+00 2.148064703752297977e-12 1.049241588150506333e-11 8.108765275537115988e-06
6.102040041683043370e+00 3.972444226840245531e-13 2.076494843535414829e-12 1.626109230387308363e-06
6.105120324389597286e+00 2.674073364107713527e-13 9.006868888763875365e-13 1.258763499557878256e-07
6.108200607096150314e+00 9.984712362672393571e-13 1.837081745104031736e-12 3.921304930845370577e-08
6.111280889802704230e+00 1.005389297394071867e-11 1.204869928956084026e-11 1.512452456170536991e-07
6.114361172509258147e+00 6.909083563474324812e-11 7.939120637711102880e-11 5.570421983915380116e-07
6.117441455215812063e+00 3.837644898260194203e-11 4.396565873861195326e-11 2.796877401222367996e-07
6.120521737922365979e+00 2.986523058769584904e-12 3.028511583702535072e-12 8.574100365436855451e-09
6.123602020628919895e+00 6.408231403646892150e-13 3.769752769990681203e-13 4.883230907198583553e-08
6.126682303335473812e+00 3.016562716659132048e-13 6.100670301952558085e-13 2.353848680092751273e-07
6.129762586042027728e+00 2.307923911366864203e-13 1.290514449200397122e-12 6.482082012470428678e-07
6.132842868748581644e+00 3.586880078321462165e-13 1.834707064502641710e-12 9.881274929816630134e-07
6.135923151455134672e+00 1.023618700650013526e-13 6.612324719687398126e-13 3.904059479117025645e-07
6.139003434161688588e+00 2.622467096468569544e-13 9.319368363622400854e-13 1.200158401729824278e-07
6.142083716868242504e+00 1.030399286715483938e-12 1.805160568294977234e-12 7.811606062761120840e-08
6.145163999574796421e+00 2.955546026511502923e-12 3.429586848314980111e-12 1.516003979044565319e-07
6.148244282281350337e+00 8.390882925106838332e-12 9.527050329382898131e-12 1.597127704966221221e-07
6.151324564987903365e+00 4.954686103536654668e-12 5.644320044197372789e-12 5.854371125105247427e-08
6.154404847694457281e+00 1.845091525608590703e-12 2.009031495159185202e-12 1.318281017540150184e-08
6.157485130401011197e+00 3.335524739994219973e-13 2.590653077990072658e-13 5.587630664267524570e-08
6.160565413107565114e+00 2.306963373359512858e-13 9.112751102184550625e-13 2.437415259792476539e-07
6.163645695814119030e+00 1.963238820864983240e-12 9.434106406954912394e-12 3.239386497454795597e-06
6.166725978520672946e+00 3.028175668641542658e-12 1.403605641109179793e-11 4.792171901745741436e-06
6.169806261227226862e+00 3.464127401610376579e-13 1.794188384067796539e-12 6.394980081532491739e-07
6.172886543933780779e+00 2.641242792455125046e-13 9.651791956224643493e-13 6.658382547947456344e-08
6.175966826640333807e+00 9.666014132835080092e-13 1.666957207481599837e-12 8.865991068467269807e-08
6.179047109346887723e+00 1.159373050292639578e-11 1.302740943848844711e-11 5.062488741124794790e-07
6.182127392053441639e+00 4.795091032072813668e-11 5.384458527889104123e-11 1.697722869055554683e-06
6.185207674759995555e+00 1.667671447486153943e-11 1.897716372293814773e-11 5.431407041217801415e-07
6.188287957466549472e+00 1.125784008298985715e-12 1.430518416139988636e-12 9.111405354478025625e-09
6.191368240173102500e+00 1.184270216635953533e-13 2.083631049501468664e-13 4.697662420253532217e-08
6.194448522879656416e+00 1.780839857085029065e-13 8.560817468992474608e-13 1.550162538590647139e-07
6.197528805586210332e+00 5.082309555400500179e-13 2.036853108782755269e-12 4.223663074194491673e-07
6.200609088292764248e+00 6.154387049420132967e-13 2.194811396434593082e-12 4.569378883293492029e-07
6.203689370999318164e+00 1.333060182665718387e-13 7.750178414506878393e-13 1.531077254982524193e-07
6.206769653705872081e+00 2.467222280801120289e-13 9.597635815495641750e-13 1.572372654805906741e-08
6.209849936412425997e+00 8.029103141180654824e-13 1.633716331882023475e-12 6.048344209386832519e-08
6.212930219118979913e+00 2.133508363311572958e-12 2.824058609666740392e-12 1.865929353940356353e-07
6.216010501825533829e+00 4.416499256715469422e-12 6.123819035467567456e-12 2.601346605029316925e-07
6.219090784532086857e+00 1.858148096614908976e-12 2.789399824761809252e-12 1.043001877820630363e-07
6.222171067238640774e+00 5.103069980580782585e-13 9.977856535242383867e-13 4.902210640113534807e-09
6.225251349945194690e+00 2.182005932787057642e-14 2.393335196764665327e-13 3.818697677887941442e-08
6.228331632651748606e+00 5.093228451023254136e-13 1.658254812158973465e-12 2.755047424462257394e-07
6.231411915358301634e+00 5.503173967317826369e-12 1.550202992078527516e-11 2.572062576952024472e-06
6.234492198064855550e+00 5.307219628794917105e-12 1.471683286247866016e-11 2.398718561983409801e-06
6.237572480771409467e+00 3.652364878048847269e-13 1.419419975606429018e-12 1.796393121729132049e-07
6.240652763477963383e+00 2.133010549189399381e-13 9.890819212954239292e-13 5.760848234495456337e-09
6.243733046184517299e+00 4.905973245427534198e-13 1.522624969235864273e-12 2.829215719668273440e-08
6.246813328891071215e+00 6.489774981335193919e-12 1.337069817569979129e-11 7.354642728855241174e-07
6.249893611597625132e+00 1.654300223076662074e-11 3.445401258065279882e-11 1.916604978025430525e-06
6.252973894304179048e+00 3.544570107118303739e-12 7.645998600307797959e-12 4.319306567334920729e-07
6.256054177010732964e+00 1.459894097138844256e-13 6.894261557315579112e-13 1.014722280317067728e-08
6.259134459717285992e+00 2.885898965451161547e-14 2.918219059150444113e-13 3.370587403147029525e-08
6.262214742423839908e+00 3.839799117359357780e-13 1.127897940455553579e-12 1.635476299375456512e-07
6.265295025130393824e+00 1.254312872609003519e-12 2.902547580866740730e-12 3.509032127083114535e-07
6.268375307836947741e+00 1.033916016855016483e-12 2.333640138389777969e-12 2.447044043480401223e-07
6.271455590543501657e+00 2.063043499173277823e-13 1.032667003428010706e-12 5.259876831639237448e-08
6.274535873250054685e+00 1.624138299062462833e-13 9.600346887407240462e-13 8.374447570497190449e-09
6.277616155956608601e+00 2.520628567718696532e-13 1.391086869238578482e-12 6.406974771421290477e-09
6.280696438663162517e+00 9.049252818137812080e-13 2.538415403650550973e-12 8.550644007602294687e-08
6.283776721369717322e+00 1.437310865544129824e-12 4.161303944322487445e-12 1.796272604793411473e-07
6.286857004076270350e+00 4.675579647614621297e-13 1.598176124054611064e-12 1.211482536305679719e-07
6.289937286782824266e+00 6.335831230996482651e-14 5.201895067433063497e-13 1.769222123173220165e-08
6.293017569489377294e+00 6.526238813908322389e-14 3.966861773759159244e-13 2.755565920630057114e-08
6.296097852195932099e+00 1.299284923833196828e-12 3.450660617590372262e-12 2.623041193066248936e-07
6.299178134902485127e+00 9.424970731814204825e-12 2.373095095992956303e-11 1.404751157641674935e-06
6.302258417609039043e+00 5.735935303314942063e-12 1.442694661958796536e-11 7.953732029999311055e-07
6.305338700315592071e+00 2.900343723276082769e-13 1.395126088435166958e-12 2.702132550170910777e-08
6.308418983022146875e+00 6.553868426194834548e-14 4.963032342350280195e-13 4.447174130391940148e-09
