# omega PSD_u_x57.0_y0.5_z0.0 PSD_v_x57.0_y0.5_z0.0 PSD_p_x57.0_y0.5_z0.0
0.000000000000000000e+00 1.034417210159743300e-05 2.275567117394458543e-07 3.306855158010417888e-06
3.080282706553782654e-03 5.163715387252780274e-06 1.136175363102494971e-07 8.709281555924910315e-07
6.160565413107565308e-03 1.491240298356310522e-12 2.480965927214933067e-14 3.739014193169026944e-06
9.240848119661346227e-03 1.154263090885514272e-12 2.560490420861636482e-14 6.785700778834535993e-07
1.232113082621513062e-02 1.173614686506659446e-12 2.654667035907169792e-14 4.832849308430211692e-06
1.540141353276891327e-02 1.230044088097080629e-12 2.767804463144462712e-14 1.152475587673332957e-05
1.848169623932269245e-02 1.296372396094387201e-12 2.905079232520903398e-14 1.297313161558985209e-05
2.156197894587647684e-02 1.373493826805158335e-12 3.069081860312249199e-14 1.114792083844615091e-05
2.464226165243026123e-02 1.465968311247020592e-12 3.261186921518132252e-14 6.040810808263423083e-06
2.772254435898404215e-02 1.584021652234564703e-12 3.481882147438703474e-14 2.565741342611196206e-06
3.080282706553782654e-02 1.755150218338673508e-12 3.730748418531223605e-14 4.670880476951363206e-06
3.388310977209160746e-02 2.068294098708829436e-12 4.008340332007485726e-14 1.063870371638098168e-05
3.696339247864538491e-02 2.848562644188861161e-12 4.333363124043114031e-14 1.223413703332567091e-05
4.004367518519917624e-02 5.501445771889541326e-12 4.850179252518009057e-14 3.998664744916323151e-05
4.312395789175295369e-02 1.784942829857133755e-11 6.644775635088412875e-14 1.276179496811312691e-04
4.620424059830673807e-02 1.040573125039849265e-10 2.032862137796707177e-13 2.027889198341583830e-04
4.928452330486052246e-02 1.257406681260099028e-09 2.277155724489253856e-12 8.739595741894567765e-05
5.236480601141430685e-02 2.139222944116382022e-08 4.095812062285369564e-11 1.937859952774127404e-05
5.544508871796808430e-02 5.152804381794202458e-08 9.904001876999160556e-11 6.363382564103447914e-06
5.852537142452186869e-02 1.404742216742935201e-08 2.612377384104253069e-11 1.478896043299608557e-06
6.160565413107565308e-02 7.568863557624927678e-10 1.462635794890689245e-12 1.750791728303548118e-06
6.468593683762942359e-02 8.468372581232896939e-11 2.752830842811413322e-13 6.148788292633086602e-06
6.776621954418321492e-02 2.327490157360779102e-11 1.825460538686410336e-13 8.986741098691227670e-06
7.084650225073700625e-02 1.324928514964816916e-11 1.832919811401140763e-13 7.443828170607841965e-06
7.392678495729076982e-02 1.147966405802207219e-11 2.025626051220409992e-13 2.906475512894787119e-06
7.700706766384456115e-02 1.183570173363362406e-11 2.303164428874445309e-13 4.110540909183890987e-08
8.008735037039835247e-02 1.304139974626902406e-11 2.650973784454924535e-13 1.821697503186496335e-06
8.316763307695212992e-02 1.472635383170477217e-11 3.069308374753859389e-13 7.492474379965931140e-06
8.624791578350590737e-02 1.666147531922046799e-11 3.547415170542745232e-13 2.871802467091882330e-05
8.932819849005969870e-02 1.985788505661242233e-11 4.166068829578356405e-13 2.731454157433447065e-05
9.240848119661347615e-02 2.479026615932764982e-11 5.070390008723145197e-13 1.821322594330870978e-05
9.548876390316725360e-02 2.828716988471141911e-11 5.951261975137062532e-13 1.009274787729935826e-05
9.856904660972104493e-02 3.322984928298996594e-11 7.052568253536361209e-13 5.301794743703638624e-06
1.016493293162748224e-01 3.994608350635727011e-11 8.478277026172180559e-13 3.056637258297516020e-06
1.047296120228286137e-01 4.838806119665791809e-11 1.029080709282135848e-12 1.513509883402671791e-06
1.078098947293823912e-01 5.768216192650501126e-11 1.241119179464662115e-12 6.392046940882275213e-07
1.108901774359361686e-01 6.956396530748836411e-11 1.485448688915481265e-12 8.109710891715225786e-07
1.139704601424899599e-01 8.826835016114794068e-11 1.863631820489916102e-12 2.001798274041197066e-06
1.170507428490437374e-01 1.095187791372823710e-10 2.323922263097727002e-12 2.585791642242339775e-06
1.201310255555975148e-01 1.365478167423488873e-10 2.903045662478815366e-12 2.298520952210291470e-06
1.232113082621513062e-01 1.722781064882256536e-10 3.662196274938216471e-12 1.202271904505303490e-06
1.262915909687050975e-01 2.200722176122170018e-10 4.669668758657380857e-12 6.299965672962383822e-07
1.293718736752588472e-01 2.861088060849693402e-10 6.032663843687345776e-12 2.007385455990810763e-06
1.324521563818126524e-01 3.871232283044859903e-10 7.973998690263688984e-12 4.500023783278133104e-06
1.355324390883664298e-01 6.116589847672913072e-10 1.141172438136911974e-11 3.169771092185549216e-06
1.386127217949202073e-01 1.965050016116291111e-09 2.627224955276501094e-11 6.448142050411827637e-07
1.416930045014740125e-01 2.919717565402932305e-08 3.084360327777923533e-10 1.437603666771372119e-07
1.447732872080277899e-01 2.296951150732530901e-07 2.490121939087621064e-09 1.194905486018645770e-07
1.478535699145815396e-01 1.870251551208230579e-07 2.054059602272625085e-09 2.456249083999290028e-07
1.509338526211353448e-01 1.570164449746485165e-08 1.777975645155197522e-10 3.841887143392986825e-07
1.540141353276891223e-01 3.574482412140668182e-09 7.016884607621971214e-11 3.191111903571786322e-07
1.570944180342429275e-01 5.037903150326101807e-09 1.075226500831587535e-10 1.807179380945751766e-07
1.601747007407967049e-01 8.004728534757792535e-09 1.707540977336021722e-10 1.198304148961418542e-07
1.632549834473504824e-01 1.297092412343962488e-08 2.761311818684534974e-10 2.756311722725584241e-07
1.663352661539042598e-01 2.172649262612999067e-08 4.620730443038282079e-10 3.841137538490654806e-07
1.694155488604580373e-01 3.806841634769665605e-08 8.092750852453814184e-10 3.702396742563437158e-07
1.724958315670118147e-01 7.059067620459819044e-08 1.500345844604227674e-09 3.593062519293147456e-07
1.755761142735656199e-01 1.405007846613436640e-07 2.985943069394831310e-09 3.968534128756896062e-07
1.786563969801193974e-01 3.059711966558735230e-07 6.502246092596932823e-09 2.790324290959613696e-07
1.817366796866731748e-01 7.495952780090310776e-07 1.592942019681996850e-08 3.250099920295356624e-07
1.848169623932269523e-01 2.157001802857601196e-06 4.583728492912996789e-08 2.292183959321535232e-07
1.878972450997807297e-01 7.842349981928161982e-06 1.666526834499684837e-07 8.236720180704897422e-07
1.909775278063345072e-01 4.146944237243435736e-05 8.812378118422628502e-07 4.069686274659913362e-06
1.940578105128883124e-01 4.495994538680243976e-04 9.554099682541338802e-06 4.335124647206428059e-05
1.971380932194420899e-01 5.170295544998399634e-02 1.098698226993400154e-03 4.998800817573745107e-03
2.002183759259958673e-01 5.762875516234691187e-01 1.224622819914461536e-02 5.570773532922389248e-02
2.032986586325496448e-01 3.448892402199055796e-01 7.328964562709733288e-03 3.334575651587699113e-02
2.063789413391034500e-01 4.532077202489029691e-03 9.630744654981331922e-05 4.396900139492877562e-04
2.094592240456572274e-01 1.590223750996669133e-04 3.379247739287508643e-06 1.512942986632966444e-05
2.125395067522110049e-01 2.067163742905530165e-05 4.392750800423632346e-07 2.076075020879497530e-06
2.156197894587647823e-01 4.622836408582122501e-06 9.823596631794300449e-08 4.309829517275651667e-07
2.187000721653185598e-01 1.406918991995568851e-06 2.989729918041531685e-08 1.979068226454337220e-07
2.217803548718723372e-01 5.234534694866480919e-07 1.112354003669850629e-08 4.695214274818736686e-08
2.248606375784261424e-01 2.244708823955270847e-07 4.770124782263136645e-09 3.886852395025621932e-08
2.279409202849799199e-01 1.070195111877075447e-07 2.274278341595064138e-09 1.693783627681349377e-08
2.310212029915336973e-01 5.539712150575998322e-08 1.177315662466469910e-09 1.694851912722661247e-08
2.341014856980874748e-01 3.062732545429620958e-08 6.509890673966631957e-10 9.479224483614207663e-09
2.371817684046412522e-01 1.787595439829456476e-08 3.800883323906851802e-10 9.524897379116496630e-09
2.402620511111950297e-01 1.092679627602815076e-08 2.325680968028582365e-10 9.375652345038807163e-09
2.433423338177488349e-01 6.971054080337764532e-09 1.489006997275268236e-10 8.022984899291908839e-09
2.464226165243026123e-01 4.694729228938991209e-09 1.019504998138183285e-10 7.113555661016723769e-09
2.495028992308563898e-01 3.750794072680411944e-09 9.110859800016179237e-11 2.601527428437935731e-09
2.525831819374101950e-01 7.791779228684815742e-09 3.039133370602356487e-10 4.761234132119674412e-09
2.556634646439639447e-01 1.895151145638803844e-08 9.445771398159359124e-10 7.871234810999975379e-09
2.587437473505176944e-01 1.292592857889734026e-08 5.887968804023928985e-10 7.365222519644412823e-09
2.618240300570715551e-01 1.992156694924265965e-09 6.907414808083806443e-11 1.754957049313984581e-09
2.649043127636253048e-01 7.029151600196917958e-10 1.752042021057616157e-11 2.341739046593858761e-09
2.679845954701791100e-01 4.581789726837322586e-10 1.023958171571269564e-11 4.644566666753790145e-09
2.710648781767328597e-01 3.374190438152312194e-10 7.317032249414780682e-12 1.812034612203745697e-09
2.741451608832866094e-01 2.574781194090396550e-10 5.526843222183130278e-12 7.680157563881340882e-10
2.772254435898404146e-01 1.999897129265810593e-10 4.275318973059182470e-12 7.017471225786589146e-10
2.803057262963942198e-01 1.572782624115813854e-10 3.356389136391702285e-12 5.038506221480406507e-10
2.833860090029480250e-01 1.249510042640306006e-10 2.664788991902903695e-12 2.796332478670110797e-10
2.864662917095017747e-01 1.001961548155418485e-10 2.135979102784862504e-12 8.934270426236819253e-11
2.895465744160555799e-01 8.135370951068480306e-11 1.731155417596590590e-12 1.253684674434756143e-11
2.926268571226093296e-01 6.641331003225237093e-11 1.416587697599087280e-12 2.088628002772313439e-10
2.957071398291630793e-01 5.418132744394229411e-11 1.160273474734192547e-12 5.155373203728853832e-10
2.987874225357169400e-01 4.485280352131519562e-11 9.607073940862933102e-13 9.577172557431046838e-10
3.018677052422706897e-01 3.737561245587496297e-11 8.010549860721466719e-13 9.804657379074725946e-10
3.049479879488244949e-01 3.125637742114526309e-11 6.694103115869986424e-13 4.839429351425771213e-10
3.080282706553782446e-01 2.654772540080023280e-11 5.748559340677003949e-13 8.911453469678754093e-10
3.111085533619320498e-01 2.367843046690825306e-11 5.409706944265171792e-13 2.532312174790848402e-09
3.141888360684858550e-01 1.998501458332111596e-11 4.502137876752286227e-13 2.952071327549674771e-09
3.172691187750396047e-01 1.709546147515889540e-11 3.815638778981854594e-13 1.209958845886937330e-09
3.203494014815934099e-01 1.527128743695060322e-11 3.497440496332898394e-13 4.574250123012435469e-10
3.234296841881471596e-01 1.391385275520599498e-11 3.289203209005449483e-13 4.399763647463025211e-10
3.265099668947009648e-01 1.299911459260364476e-11 3.189151786370162280e-13 4.532747221515762471e-10
3.295902496012547145e-01 1.258214400536273008e-11 3.220906726569226935e-13 5.914526890781050866e-10
3.326705323078085197e-01 1.285320435866273730e-11 3.430297833301032492e-13 7.745886253546099361e-10
3.357508150143623249e-01 1.478748090409561802e-11 3.973787576365017837e-13 7.622032563669243767e-10
3.388310977209160746e-01 2.735665576177731340e-11 6.024131566957630674e-13 4.692307121142362166e-10
3.419113804274698798e-01 2.283708241821061573e-10 3.227409045090908979e-12 2.450329473406712925e-10
3.449916631340236295e-01 3.129439507135681564e-09 4.227114331332604511e-11 4.305979890398814668e-10
3.480719458405774347e-01 5.096180068131888455e-09 7.214729019860374230e-11 4.866800017388422343e-10
3.511522285471312399e-01 8.257386716343985178e-10 1.154051227439471116e-11 6.741853369229660300e-10
3.542325112536849896e-01 7.210718427881511952e-11 1.672908195060541417e-12 8.156185924363635563e-10
3.573127939602387948e-01 6.570198629648162878e-11 2.208356210430123827e-12 3.914695523285506525e-10
3.603930766667925445e-01 9.791619467774125484e-11 3.445224394419128579e-12 5.812014371273636252e-11
3.634733593733463497e-01 1.539924546731908967e-10 5.480360751995687848e-12 5.800716732429937880e-11
3.665536420799000994e-01 2.520832152523439293e-10 9.015257816010855471e-12 6.685151021467360879e-11
3.696339247864539046e-01 4.324465826856401301e-10 1.550404314126904809e-11 2.394265078966057785e-10
3.727142074930077098e-01 7.843205315920534525e-10 2.815397734132566513e-11 4.059642791771570209e-10
3.757944901995614595e-01 1.521929400714967722e-09 5.466241922096802927e-11 2.785413415231635814e-10
3.788747729061152647e-01 3.212631878994312156e-09 1.154143453994683941e-10 3.117459343499886747e-10
3.819550556126690144e-01 7.558143466407768498e-09 2.715489023675769450e-10 2.536633533623174607e-10
3.850353383192228196e-01 2.056796295360270232e-08 7.389709532228924072e-10 8.441506122105753090e-10
3.881156210257766248e-01 6.883111875862615379e-08 2.472941520326368341e-09 1.403086250881582839e-09
3.911959037323303745e-01 3.170854446053807267e-07 1.139196073882238144e-08 7.438676114949483628e-09
3.942761864388841797e-01 2.585103083293884745e-06 9.287498507139321885e-08 5.477365172793207061e-08
3.973564691454379849e-01 8.883152710511291140e-05 3.191484191685428164e-06 1.901659734373719815e-06
4.004367518519917346e-01 4.148780260528750832e-03 1.490542931720135209e-04 8.881177595378977538e-05
4.035170345585455398e-01 5.672457430723740202e-03 2.037966698743335595e-04 1.214565523679234115e-04
4.065973172650992895e-01 3.803729424062344535e-04 1.366586134474582888e-05 8.148553312844952895e-06
4.096775999716530947e-01 4.874252232485634916e-06 1.751214139205731281e-07 1.060083496737465771e-07
4.127578826782068999e-01 4.852618990909536555e-07 1.743416875384060868e-08 1.108058551211104118e-08
4.158381653847606496e-01 9.509457020384031255e-08 3.416399551465378756e-09 2.907810903096442665e-09
4.189184480913144548e-01 2.671221872845140637e-08 9.596367039157522408e-10 1.638070361420139514e-09
4.219987307978682045e-01 9.414924797295532442e-09 3.382171036279109783e-10 3.473506286633258842e-09
4.250790135044220097e-01 3.882806803299896814e-09 1.394791498982016025e-10 2.122721424921577825e-09
4.281592962109757594e-01 1.797546972239752610e-09 6.457211697500336808e-11 1.864377044171942262e-09
4.312395789175295646e-01 9.095715842595623254e-10 3.267782158038926011e-11 2.860563381607943630e-09
4.343198616240833698e-01 4.940818156334668384e-10 1.775830764046137560e-11 2.752616664678945442e-09
4.374001443306371195e-01 2.846026926102138339e-10 1.024220262340799319e-11 1.738117705180006085e-09
4.404804270371909247e-01 1.725743098800884329e-10 6.234250054931230805e-12 1.277508549597060491e-09
4.435607097437446744e-01 1.102060134607955189e-10 4.032502051406174331e-12 2.472051887851937993e-09
4.466409924502984796e-01 7.610210376541888125e-11 2.936752462788875249e-12 3.783259548395946953e-09
4.497212751568522848e-01 6.804806893373225113e-11 3.406175092167324928e-12 3.521030995452074239e-09
4.528015578634060345e-01 2.067568537743286355e-10 1.893528653665722393e-11 3.917360785412461915e-09
4.558818405699598397e-01 1.262450194477615238e-09 1.389070786572280531e-10 5.319372419446172421e-09
4.589621232765135894e-01 1.448798393181034989e-09 1.518941312707613321e-10 5.033895735509615928e-09
4.620424059830673946e-01 2.050482288649783886e-10 2.023749601690030306e-11 3.028733231284931465e-09
4.651226886896211443e-01 1.989419479732345681e-11 1.538519170227191817e-12 1.912379894366502916e-09
4.682029713961749495e-01 7.592849665626923369e-12 3.845081307667110696e-13 1.733673762305749280e-09
4.712832541027287547e-01 5.018832264343090909e-12 2.034319054878954011e-13 1.552705037849426503e-09
4.743635368092825044e-01 3.765103291791121062e-12 1.406668534775373405e-13 1.052691152436139306e-09
4.774438195158363096e-01 2.928490054890426485e-12 1.060099636939039460e-13 5.361156141635609757e-10
4.805241022223900593e-01 2.316361549965305391e-12 8.273114355127509159e-14 2.879323017848173958e-10
4.836043849289438645e-01 1.853554343282842677e-12 6.590436817144850284e-14 1.851234168360879880e-10
4.866846676354976697e-01 1.493455767157573682e-12 5.312116722004226385e-14 1.553872794087249645e-10
4.897649503420514194e-01 1.189752110990280334e-12 4.113252843075009759e-14 6.143134245203175515e-11
4.928452330486052246e-01 9.801914266170780193e-13 3.301824127603162776e-14 3.305547978552046340e-11
4.959255157551589743e-01 8.538408267264733572e-13 3.165214223311582113e-14 6.030526100227635665e-11
4.990057984617127795e-01 6.954716276115040017e-13 2.503039683397829616e-14 2.821156687128440418e-11
5.020860811682665847e-01 5.726876896507004243e-13 1.984873752552690979e-14 3.142870845424470639e-12
5.051663638748203899e-01 4.740703293521058851e-13 1.601804396391058815e-14 8.410632406870290599e-12
5.082466465813741952e-01 3.906279582955727760e-13 1.310901837483122761e-14 8.125414387814569271e-12
5.113269292879278893e-01 3.848854317671055449e-13 1.654624788278352391e-14 1.659418485826978084e-12
5.144072119944816945e-01 3.579721509807782351e-13 1.652511390922428557e-14 1.379957980079886284e-13
5.174874947010353887e-01 2.597631446674857165e-13 9.373917854482464126e-15 4.779603009394592600e-13
5.205677774075893049e-01 2.192072281900285658e-13 7.543302822278875986e-15 6.495466882608214820e-13
5.236480601141431102e-01 1.939674358831109962e-13 7.151807722080239779e-15 1.735348502709154502e-13
5.267283428206968043e-01 1.733099849591768567e-13 7.409260894491776220e-15 2.807353532639080977e-12
5.298086255272506095e-01 1.602940928147175059e-13 9.540308031317748919e-15 5.218029331419146671e-12
5.328889082338043037e-01 1.685157132916509452e-13 1.863761695083205407e-14 9.475319332560202267e-12
5.359691909403582200e-01 2.679695235718763546e-13 6.119253043659602843e-14 5.674832742319587962e-12
5.390494736469120252e-01 9.819160934526577384e-13 3.388982583008172736e-13 6.880853945432503706e-13
5.421297563534657193e-01 9.482920953771543220e-12 3.678481473881366193e-12 8.396972654137379941e-12
5.452100390600195245e-01 1.680725027170432501e-10 6.745588440258892795e-11 7.532456264037749861e-11
5.482903217665732187e-01 5.072126850288608659e-10 2.064706751705875651e-10 1.603806060840544431e-10
5.513706044731271350e-01 1.789183364020648467e-10 7.224630263897956878e-11 4.315587086895615766e-11
5.544508871796808291e-01 1.076921589894746769e-11 4.196530609262938575e-12 6.835814507890264931e-12
5.575311698862346343e-01 1.226847784024957805e-12 4.500250542644765578e-13 1.107119804340290908e-12
5.606114525927884396e-01 3.675437470956222153e-13 1.322492837309253710e-13 3.286294317676165674e-12
5.636917352993422448e-01 2.341226758427376012e-13 9.406417684427810409e-14 4.780921390617092997e-12
5.667720180058960500e-01 2.401163925037642355e-13 1.132087102362646330e-13 2.320095547250656455e-12
5.698523007124497441e-01 3.200852539943789795e-13 1.712485366709401226e-13 1.695667798778186306e-12
5.729325834190035494e-01 5.020068418368933008e-13 2.912700110012369684e-13 1.567914340557089514e-12
5.760128661255573546e-01 8.899818139513254893e-13 5.412549801985752760e-13 1.369812737293882951e-12
5.790931488321111598e-01 1.762191284294311743e-12 1.099451524541128621e-12 3.411774423642298783e-12
5.821734315386649650e-01 3.923756718485365372e-12 2.480287591282056308e-12 5.523316245024583530e-12
5.852537142452186592e-01 1.006572378507243110e-11 6.402793653467070700e-12 1.107907344559033119e-11
5.883339969517724644e-01 3.119584207089568254e-11 1.989955401579912531e-11 2.492597854189672703e-11
5.914142796583261585e-01 1.277519036122354474e-10 8.158637895362987993e-11 7.479235252593215613e-11
5.944945623648800748e-01 8.354889437106982203e-10 5.337775649946298407e-10 5.148175051112720645e-10
5.975748450714338800e-01 1.502921036883085118e-08 9.601883817680480918e-09 9.239519775255832786e-09
6.006551277779875742e-01 2.322593677151968470e-05 1.483825729497784551e-05 1.422281142381195990e-05
6.037354104845413794e-01 7.460548058165028897e-05 4.766234944738555044e-05 4.568213123492217460e-05
6.068156931910951846e-01 1.485341905299152918e-05 9.489247456516690008e-06 9.094760747885142398e-06
6.098959758976489898e-01 8.702987894659895367e-09 5.559295983117452551e-09 5.339137473179236766e-09
6.129762586042027950e-01 6.049434677102074496e-10 3.864405933564940468e-10 3.678870302218323792e-10
6.160565413107564892e-01 1.010509047314299275e-10 6.455971433300109536e-11 6.143921323503413111e-11
6.191368240173102944e-01 2.587966124604109938e-11 1.653414713545096068e-11 1.667181585658494774e-11
6.222171067238640996e-01 8.587065914285938019e-12 5.483963147142602510e-12 5.350879692399052037e-12
6.252973894304179048e-01 3.396276898170339060e-12 2.166243870968315315e-12 2.168207023585362024e-12
6.283776721369717100e-01 1.527009189859284410e-12 9.712593176448502034e-13 2.798432163906127734e-12
6.314579548435254042e-01 7.580501921631492103e-13 4.796308598041775296e-13 4.860820241006061993e-12
6.345382375500792094e-01 4.078979941205289635e-13 2.557824138875117960e-13 4.595143281457719898e-12
6.376185202566330146e-01 2.353044907457289737e-13 1.454722945674772159e-13 3.753205861294429850e-12
6.406988029631868198e-01 1.451022566354778255e-13 8.781839930733001293e-14 7.066836583238609090e-13
6.437790856697405140e-01 9.692474906614901814e-14 5.704958630242633030e-14 1.816530324805527305e-13
6.468593683762943192e-01 7.571104920550676705e-14 4.410913395192126187e-14 6.554420309142372146e-13
6.499396510828481244e-01 1.013955280004267795e-13 6.864004184390707371e-14 2.149997515584934658e-12
6.530199337894019296e-01 6.001410270192377336e-13 5.402369633765570869e-13 4.690228902731024912e-12
6.561002164959557348e-01 8.280580412290782757e-12 8.220007714969516337e-12 1.202182855453031297e-11
6.591804992025094290e-01 1.755092720112206951e-11 1.740413933738875533e-11 2.146586920813261808e-11
6.622607819090632342e-01 4.219263345525507691e-12 4.046951847709978439e-12 4.811976556325649959e-12
6.653410646156170394e-01 2.248209871631593316e-13 2.025320147310925073e-13 1.639943886289675225e-12
6.684213473221708446e-01 2.910969008250183201e-14 2.084334571212127355e-14 6.979711703675915442e-13
6.715016300287246498e-01 1.100473394575637179e-14 4.817811912001447931e-15 9.528725973317282423e-13
6.745819127352783440e-01 7.659856372784920044e-15 2.161936158187159857e-15 8.350405959317242910e-13
6.776621954418321492e-01 6.496317944564595515e-15 1.417187950401218042e-15 4.509797977609384531e-13
6.807424781483859544e-01 5.818273933049172085e-15 1.082306600614963470e-15 3.337463015202155936e-13
6.838227608549397596e-01 5.275018558810300466e-15 8.752008020317955277e-16 3.918887187854308626e-13
6.869030435614935648e-01 4.751979836945041075e-15 7.318057520615450237e-16 7.439663762404963065e-13
6.899833262680472590e-01 4.740300934275013127e-15 7.345433671942530788e-16 6.339807750639894015e-13
6.930636089746010642e-01 7.076844505853610619e-15 1.092080527263530751e-15 3.408207810656828665e-13
6.961438916811548694e-01 6.132943684968661659e-15 8.691280971946568239e-16 8.210977239004182997e-14
6.992241743877086746e-01 3.805742171167570734e-15 4.493614959177891721e-16 5.853648217575586972e-15
7.023044570942624798e-01 3.754876443969759330e-15 4.001387901675607623e-16 3.551521983210142498e-14
7.053847398008161740e-01 3.890519326255559775e-15 4.001497715844756884e-16 1.912507400279887203e-14
7.084650225073699792e-01 3.899347016049842413e-15 4.095479264074402654e-16 3.209336715436688155e-15
7.115453052139237844e-01 3.472224968758807966e-15 5.425705342864529877e-16 7.904387623882247004e-14
7.146255879204775896e-01 3.930596729046711500e-15 6.763363288039089119e-16 2.187530038114795519e-13
7.177058706270313948e-01 4.765482564539121242e-15 5.601185558492861536e-16 2.140968204515796851e-13
7.207861533335850890e-01 4.841561240726488337e-15 6.251795689408520898e-16 2.707860445268567783e-13
7.238664360401388942e-01 5.266747123576575798e-15 7.924024146092992589e-16 2.466886914040811337e-13
7.269467187466926994e-01 6.181913574904387348e-15 1.043805560488776151e-15 1.542921436266222730e-13
7.300270014532465046e-01 7.916753831684729224e-15 1.476707094364119359e-15 8.634540157967756784e-14
7.331072841598001988e-01 1.167506624382293403e-14 2.390859818734089263e-15 7.037881066374245251e-14
7.361875668663540040e-01 2.239937296140242155e-14 5.012016966096239269e-15 2.456626022886724112e-13
7.392678495729078092e-01 6.969018521807966544e-14 1.676269916157559757e-14 1.803004800473294718e-13
7.423481322794616144e-01 4.704037554819058946e-13 1.174873977671921912e-13 1.211796606006956985e-13
7.454284149860154196e-01 8.198785235162460414e-12 2.060361840310818456e-12 3.273985647796993442e-13
7.485086976925691138e-01 5.096701035822606637e-11 1.272955163270869297e-11 6.364993567540910506e-13
7.515889803991229190e-01 3.585909975814345581e-11 8.933997465961369836e-12 3.198630507867719570e-13
7.546692631056767242e-01 2.799000251189684672e-12 7.063919539870175166e-13 6.019805773602113493e-14
7.577495458122305294e-01 1.856516479747590791e-13 4.891467607774084180e-14 1.637363953875723772e-13
7.608298285187843346e-01 7.870600466406050978e-14 2.089574017969552314e-14 5.886590463772767497e-14
7.639101112253380288e-01 1.160321568596033783e-13 3.002311822574379541e-14 4.570489437822028823e-14
7.669903939318918340e-01 1.959373345414769617e-13 5.021120319687645724e-14 5.911701635792247386e-14
7.700706766384456392e-01 3.374858909242044749e-13 8.614377718831741277e-14 4.240751070948576462e-14
7.731509593449994444e-01 6.012198916808746195e-13 1.531364217323089423e-13 3.858639297264437584e-14
7.762312420515532496e-01 1.127841973202689704e-12 2.868070851770089570e-13 2.199217177637446769e-14
7.793115247581069438e-01 2.267146978301981775e-12 5.757286187735374100e-13 6.106695348562889313e-14
7.823918074646607490e-01 4.987040216184273600e-12 1.264965730487338436e-12 1.295646557020793712e-13
7.854720901712146652e-01 1.236150123415501821e-11 3.132626955728817863e-12 1.970071891635500312e-13
7.885523728777683594e-01 3.611868664559105296e-11 9.146852227192637718e-12 2.883220717534248082e-13
7.916326555843220536e-01 1.342817241354714666e-10 3.398996339036672753e-11 3.054997804850629471e-13
7.947129382908759698e-01 7.372799030670122421e-10 1.865691609261073182e-10 7.464037071996710455e-13
7.977932209974296640e-01 8.680261538530014648e-09 2.196250636613577680e-09 4.412173758851436293e-12
8.008735037039834692e-01 1.656679512021774212e-06 4.191588535974199321e-07 8.040451153284512772e-10
8.039537864105371634e-01 1.409702486584229271e-05 3.566682284257101379e-06 6.859465874537246649e-09
8.070340691170910796e-01 6.885277345956518144e-06 1.742056747708330801e-06 3.349450475627431379e-09
8.101143518236447738e-01 4.933457549671253946e-08 1.248212017924265110e-08 2.403732185008517887e-11
8.131946345301985790e-01 2.040847323403913250e-09 5.163217453016102651e-10 1.007910279137542733e-12
8.162749172367524952e-01 2.802397012935306320e-10 7.088534321259074913e-11 2.630919617636709351e-13
8.193551999433061894e-01 6.450474355615701881e-11 1.631058884827545324e-11 2.022678806428908996e-13
8.224354826498598836e-01 1.999287587406287582e-11 5.052721447063634368e-12 1.716042483503295317e-13
8.255157653564137998e-01 7.535072099557887434e-12 1.902891415880930502e-12 2.293210797073212786e-13
8.285960480629674940e-01 3.263605830956994574e-12 8.233564943565924176e-13 2.330485340151488814e-13
8.316763307695212992e-01 1.569135732811321860e-12 3.953564341183341511e-13 1.996530845792725156e-13
8.347566134760749934e-01 8.187700335110624310e-13 2.059738434122111511e-13 7.728448714197901516e-14
8.378368961826289096e-01 4.568111772942155405e-13 1.147411939117907079e-13 2.569704644337252747e-14
8.409171788891826038e-01 2.703612895094664766e-13 6.789200564411275488e-14 2.318368826759879473e-14
8.439974615957364090e-01 1.705198681665722720e-13 4.306932075127453788e-14 5.892914432577159405e-14
8.470777443022903253e-01 1.208602306245992625e-13 3.161563794805027653e-14 3.078788308278295918e-14
8.501580270088440194e-01 1.298032273321872250e-13 3.911095307651347665e-14 4.826809283103859223e-14
8.532383097153977136e-01 5.065748206201239836e-13 1.840572692095368610e-13 1.154580238270997863e-13
8.563185924219515188e-01 7.684691113850956668e-12 2.926133475220079076e-12 6.138132854657166645e-13
8.593988751285054351e-01 2.982737653398021411e-11 1.139595532756843091e-11 2.899431775456376012e-12
8.624791578350591292e-01 1.397799351696638868e-11 5.329963981810629855e-12 1.329687621383910688e-12
8.655594405416128234e-01 9.291008335840797526e-13 3.533276917993815964e-13 4.762332381423911392e-14
8.686397232481667396e-01 8.784402522083511868e-14 3.243230507098099305e-14 1.051106012091874136e-13
8.717200059547204338e-01 2.061220664880369750e-14 6.878416823120844218e-15 6.074280089732863843e-14
8.748002886612742390e-01 9.091950610003289198e-15 2.619277500298543119e-15 1.220746100981621945e-14
8.778805713678279332e-01 5.657603603172709827e-15 1.434616734325506398e-15 2.271780691966286651e-14
8.809608540743818494e-01 4.126941849890956176e-15 9.556025908457674714e-16 2.598530168858396639e-14
8.840411367809355436e-01 3.248105662846374852e-15 7.065551209556784398e-16 2.051701556362070891e-14
8.871214194874893488e-01 2.667995293519523070e-15 5.586694223497341950e-16 1.102136711260880244e-14
8.902017021940432651e-01 2.254187622961065619e-15 4.643130725129488404e-16 2.091691789204954768e-14
8.932819849005969592e-01 1.987304337434717595e-15 3.759478256066609287e-16 1.613547464199404968e-14
8.963622676071506534e-01 1.823925922107681705e-15 3.293102025927210184e-16 1.339284122655642167e-14
8.994425503137045697e-01 1.610758963025159848e-15 3.017164729698664048e-16 3.649003575685042943e-14
9.025228330202583749e-01 1.480611131836993772e-15 2.656494521092048034e-16 2.604903588239314219e-14
9.056031157268120690e-01 1.435173507319944636e-15 2.560790293248893752e-16 1.106504905334115290e-14
9.086833984333657632e-01 1.576562980432585268e-15 3.010153150328609021e-16 8.700361103438784940e-15
9.117636811399196795e-01 2.286440635823021755e-15 5.788229674190730913e-16 1.367713977873057811e-15
9.148439638464733736e-01 2.573741307432515365e-15 8.766248469709483124e-16 1.539382190222342201e-15
9.179242465530271788e-01 1.789156502463560055e-15 5.366239973077233397e-16 3.206134395267183139e-15
9.210045292595810951e-01 1.694937316598213436e-15 3.845691335785889695e-16 1.540741899947520751e-15
9.240848119661347893e-01 1.855982189862103008e-15 4.284162673522427526e-16 1.019412644440770716e-14
9.271650946726884834e-01 2.119801756190058928e-15 5.199716246294908174e-16 2.502429000810437613e-14
9.302453773792422886e-01 2.534376160986807284e-15 6.590574539036410835e-16 4.245297166975102420e-14
9.333256600857962049e-01 3.263455035740432427e-15 8.928658165481346114e-16 7.367614286097521984e-14
9.364059427923498991e-01 5.014469421818566287e-15 1.409754180473468909e-15 7.625039886533046338e-14
9.394862254989035932e-01 1.214136868485296397e-14 3.298530743253148622e-15 6.313657144785605283e-14
9.425665082054575095e-01 6.782612547171587185e-14 1.699493635418676081e-14 5.706130353673828170e-14
9.456467909120113147e-01 1.035360513050134718e-12 2.480006494365505323e-13 7.719146769574968807e-14
9.487270736185650089e-01 1.238392448898292741e-11 2.947939173199066638e-12 1.013782840820876482e-12
9.518073563251189251e-01 1.668016829697436500e-11 4.001357971344240819e-12 1.553204067482220313e-12
9.548876390316726193e-01 2.391155995870269888e-12 5.734392675842134380e-13 2.730814618870577724e-13
9.579679217382263134e-01 1.395549137310787638e-13 3.341002811844578094e-14 1.234445917572030295e-14
9.610482044447801186e-01 5.258940779115483630e-14 1.439983042384240841e-14 6.898509399837742615e-15
9.641284871513340349e-01 6.735567506745879550e-14 1.986847398397558292e-14 1.787528449663854576e-14
9.672087698578877291e-01 1.054538010608201015e-13 3.178384496155875135e-14 2.486950267101348297e-14
9.702890525644414232e-01 1.738980666314289098e-13 5.287769814237347310e-14 2.394793733490134947e-14
9.733693352709953395e-01 3.001877334688449556e-13 9.171141093178968367e-14 1.406138383209893230e-14
9.764496179775491447e-01 5.472752868504722491e-13 1.676630201143925568e-13 3.129066481824385860e-14
9.795299006841028389e-01 1.067841701122337470e-12 3.277155658457703917e-13 4.779087180865358162e-14
9.826101833906565330e-01 2.269353090564678707e-12 6.972616967776945700e-13 1.157650707633516043e-13
9.856904660972104493e-01 5.386710918789346111e-12 1.656360405229034007e-12 2.560903435982452437e-13
9.887707488037642545e-01 1.484297988459010196e-11 4.566422864819289513e-12 7.053046635882546458e-13
9.918510315103179487e-01 5.060867952752992516e-11 1.557487186662016575e-11 2.442853290866766978e-12
9.949313142168718649e-01 2.404439155781987994e-10 7.401202962220449406e-11 1.159444765403175504e-11
9.980115969234255591e-01 2.084901881539939199e-09 6.418373423484699511e-10 1.001255083774840010e-10
1.001091879629979253e+00 8.885895966201702154e-08 2.735654203715949849e-08 4.276657325141258843e-09
1.004172162336533169e+00 2.746219365457431153e-06 8.454632320007441445e-07 1.321361826740107559e-07
1.007252445043086864e+00 3.077105579212612212e-06 9.473288258626346317e-07 1.480523677410587915e-07
1.010332727749640780e+00 1.500605084642762531e-07 4.619888091818484352e-08 7.219907465021373849e-09
1.013413010456194474e+00 2.625770848558944650e-09 8.084177451894782003e-10 1.262676559031331029e-10
1.016493293162748390e+00 2.806407345645911417e-10 8.640951435925820720e-11 1.352143112610891509e-11
1.019573575869302084e+00 5.688862667596497061e-11 1.751867749414830503e-11 2.717703467472256576e-12
1.022653858575855779e+00 1.630424085614140740e-11 5.022101056941423816e-12 7.954537411115567308e-13
1.025734141282409695e+00 5.823627332179868714e-12 1.794508886361467230e-12 2.878475535421765880e-13
1.028814423988963389e+00 2.424704430670498075e-12 7.475837479305539244e-13 1.120054313387286713e-13
1.031894706695517083e+00 1.130773088165334125e-12 3.489413044487329039e-13 6.899100671650965008e-14
1.034974989402070777e+00 5.758161775832587768e-13 1.779352772018759508e-13 2.648171718860609504e-14
1.038055272108624694e+00 3.149282293478247639e-13 9.755915149180129386e-14 2.382264573672355760e-14
1.041135554815178610e+00 1.832709369584964372e-13 5.706998325008638806e-14 9.008277778592290458e-15
1.044215837521732304e+00 1.136255271049718857e-13 3.584352014877436326e-14 8.336038134637488442e-15
1.047296120228286220e+00 7.759624221426068041e-14 2.547698437024589828e-14 4.149588626516672553e-15
1.050376402934839914e+00 6.953901981078001078e-14 2.609125384822323182e-14 4.665774691327813070e-15
1.053456685641393609e+00 1.580955061067407480e-13 7.608487949025438515e-14 8.705763117934515153e-15
1.056536968347947303e+00 1.762163668074904029e-12 9.522563803924089432e-13 6.906533531631024184e-14
1.059617251054501219e+00 1.288204405409165922e-11 7.079177407577914527e-12 5.616439637637510133e-13
1.062697533761054913e+00 1.178510403107504448e-11 6.453671937635671972e-12 5.458681073050537179e-13
1.065777816467608607e+00 1.272371846310361097e-12 6.915014490347115886e-13 7.287723237139517851e-14
1.068858099174162524e+00 8.656011587153708487e-14 4.581615854672398653e-14 3.966394340957126667e-15
1.071938381880716440e+00 1.506805043827261539e-14 7.255200621638276276e-15 6.470519533040312685e-16
1.075018664587270134e+00 5.454354475893062286e-15 2.242991324337600150e-15 1.316329810675616242e-15
1.078098947293824050e+00 3.064892207407709574e-15 1.100463586126478072e-15 1.597964029114913546e-16
1.081179230000377745e+00 2.114787381597623069e-15 7.012431338613255887e-16 4.405432246151028986e-16
1.084259512706931439e+00 1.599437222336870586e-15 5.102651292953117325e-16 7.186259319343645904e-16
1.087339795413485133e+00 1.270487977614165953e-15 4.002776499263186138e-16 7.091581436337007108e-16
1.090420078120039049e+00 1.047377037390589935e-15 3.317170690101401754e-16 1.838013551189265267e-16
1.093500360826592743e+00 9.907376832486536760e-16 3.348212708677725386e-16 5.961492723958137022e-17
1.096580643533146437e+00 1.329081763400424348e-15 5.656016099005001521e-16 1.293744328718903897e-16
1.099660926239700354e+00 1.088102444945250908e-15 4.736118990043085135e-16 7.993682838327886831e-17
1.102741208946254270e+00 6.121982868829908465e-16 2.151214870857513758e-16 1.038808238189944018e-16
1.105821491652807964e+00 4.596259312888225855e-16 1.425275580447792718e-16 1.080913393560061918e-16
1.108901774359361658e+00 4.284453641350530528e-16 1.384646063630647905e-16 3.896713779575496569e-17
1.111982057065915575e+00 6.095928274910929666e-16 2.790196257174334594e-16 2.067232613849259696e-16
1.115062339772469269e+00 1.218800812592024821e-15 7.825037903972423499e-16 5.567488293279871819e-16
1.118142622479022963e+00 1.041057916802210108e-15 6.851515186106886661e-16 4.912137374654441119e-16
1.121222905185576879e+00 4.127674224382039603e-16 1.940961605159309469e-16 2.450045782719912149e-16
1.124303187892130573e+00 2.849328612445482857e-16 1.051706706266327016e-16 1.575413323159295864e-16
1.127383470598684490e+00 3.099314206061922543e-16 1.326431401259446988e-16 9.620103347904754282e-17
1.130463753305238184e+00 4.039023256738371866e-16 2.048917789830346514e-16 1.792904711061240864e-16
1.133544036011792100e+00 6.722084746457938703e-16 3.891808533323635170e-16 2.901689105902761066e-16
1.136624318718345794e+00 1.608709142328154560e-15 9.987585882057087932e-16 4.643224401470363501e-16
1.139704601424899488e+00 5.910885153911161498e-15 3.723881764552523143e-15 1.503895118543970519e-16
1.142784884131453405e+00 3.532454349768038967e-14 2.209364760728883813e-14 4.430278788500058394e-15
1.145865166838007099e+00 4.184784834665986560e-13 2.596888284257272139e-13 3.744257165167495861e-14
1.148945449544560793e+00 7.412368082736779757e-12 4.583494981595352489e-12 6.432527842585464623e-13
1.152025732251114709e+00 1.940118364317436935e-11 1.199410240260358665e-11 1.709631103274117266e-12
1.155106014957668403e+00 5.721959013650392775e-12 3.541477845299626890e-12 5.089507051909301989e-13
1.158186297664222320e+00 3.134765456176967972e-13 1.940991233180769348e-13 2.978842456527639847e-14
1.161266580370776014e+00 3.695224122671768711e-14 2.291548923713974151e-14 3.069041460865133503e-15
1.164346863077329930e+00 1.397187370744607199e-14 8.801527324001962912e-15 1.534886798712994696e-15
1.167427145783883624e+00 1.315102713628392315e-14 8.461269355253573468e-15 1.623908369692807399e-15
1.170507428490437318e+00 1.831101100378961278e-14 1.192869968465183073e-14 2.548422478595968844e-15
1.173587711196991235e+00 2.947269789659004129e-14 1.932035229167416286e-14 3.721895635509380887e-15
1.176667993903544929e+00 5.158550851056021136e-14 3.392607561742461217e-14 7.218901531808866279e-15
1.179748276610098623e+00 9.746092323265997099e-14 6.421635211410403812e-14 1.303568966495144510e-14
1.182828559316652317e+00 2.004314998198149480e-13 1.322113731272110765e-13 2.680476169728533815e-14
1.185908842023206233e+00 4.574346666350192015e-13 3.019465658451604788e-13 6.104933981113087921e-14
1.188989124729760150e+00 1.196583610301364233e-12 7.901833227386893180e-13 1.615009645300358912e-13
1.192069407436313844e+00 3.784787068391672261e-12 2.499996841590503895e-12 5.104959012998164399e-13
1.195149690142867760e+00 1.593707698587786980e-11 1.052870782039447750e-11 2.134605702809102403e-12
1.198229972849421454e+00 1.094506059314892650e-10 7.231394935095549749e-11 1.471705189202045325e-11
1.201310255555975148e+00 2.240391895318123964e-09 1.480259466414334101e-09 3.008743170804940777e-10
1.204390538262529065e+00 8.220259495348115524e-07 5.431173202404581233e-07 1.103966355804375247e-07
1.207470820969082759e+00 2.134389861189649210e-06 1.410200330140091197e-06 2.866456522699273704e-07
1.210551103675636453e+00 3.349145913827203529e-07 2.212804141839179842e-07 4.497832545209424214e-08
1.213631386382190369e+00 7.480086240094389751e-10 4.942122745360976674e-10 1.004619370564740065e-10
1.216711669088744063e+00 5.733562324482039964e-11 3.788285056846877354e-11 7.685680408617734685e-12
1.219791951795297980e+00 9.985596776564558348e-12 6.598290023452289501e-12 1.346937509141717286e-12
1.222872234501851674e+00 2.619206063275959890e-12 1.731008580155062377e-12 3.501022678197669302e-13
1.225952517208405590e+00 8.826881271633247655e-13 5.835143821736488444e-13 1.183138929910487661e-13
1.229032799914959284e+00 3.528568108361862782e-13 2.333555058135848889e-13 4.766978297962960611e-14
1.232113082621512978e+00 1.598089872887771524e-13 1.057530414810136473e-13 2.153557887000103003e-14
1.235193365328066673e+00 7.971447980511736277e-14 5.280590015886258643e-14 1.092087326534605484e-14
1.238273648034620589e+00 4.304672149495737115e-14 2.857186145621008593e-14 5.623949160751938625e-15
1.241353930741174283e+00 2.497273158098387396e-14 1.664516734102463520e-14 3.708428394582505311e-15
1.244434213447728199e+00 1.569767074668667376e-14 1.057278707538075644e-14 2.045005304180245064e-15
1.247514496154282115e+00 1.133718064143805087e-14 7.872329835101930195e-15 1.780357598579104961e-15
1.250594778860835810e+00 1.191170151168171379e-14 8.970433599920095733e-15 1.706375528560665837e-15
1.253675061567389504e+00 3.258001549047276163e-14 2.719213691799183692e-14 6.762007647999533185e-15
1.256755344273943420e+00 3.374692561751182934e-13 2.913298055818813834e-13 5.636190960516637874e-14
1.259835626980497114e+00 4.558059494618640999e-12 3.939831917592741085e-12 7.511438470182828560e-13
1.262915909687050808e+00 8.090897915476639114e-12 6.985890977281166614e-12 1.345969775914835545e-12
1.265996192393604503e+00 1.612133789186863085e-12 1.393931216352455360e-12 2.723803189394378694e-13
1.269076475100158419e+00 8.357534984105191125e-14 7.242595849994112482e-14 1.418551986940659776e-14
1.272156757806712113e+00 9.059532308034313527e-15 7.786767909910933360e-15 1.380821244365691535e-15
1.275237040513266029e+00 1.876802393428336257e-15 1.544278803218943117e-15 4.399404753628927984e-16
1.278317323219819945e+00 6.527434257120447926e-16 4.884956065440546591e-16 1.040413667156214500e-16
1.281397605926373640e+00 3.429654611886147477e-16 2.293563754138805138e-16 7.189588994062872121e-17
1.284477888632927334e+00 2.341008445052239192e-16 1.437584461133909126e-16 4.354463107021747103e-17
1.287558171339481028e+00 1.856465379270733951e-16 1.082955435840505295e-16 1.001146181851798028e-16
1.290638454046034944e+00 1.727825165846641168e-16 9.878252164716051722e-17 5.762743802300998985e-17
1.293718736752588638e+00 2.561732331684979767e-16 1.690732821300305264e-16 2.250011662663438493e-17
1.296799019459142333e+00 4.898132234084009199e-16 4.283974167560299553e-16 2.901272971842817053e-17
1.299879302165696249e+00 3.830378943227140946e-16 3.657570478029521111e-16 1.473326982851706901e-16
1.302959584872249943e+00 1.499337369015904751e-16 1.071915216713282499e-16 7.146904630926939260e-17
1.306039867578803859e+00 9.376199742054990286e-17 4.733209220319927736e-17 5.622004024320243694e-17
1.309120150285357775e+00 9.456730893692286467e-17 4.785539929246345458e-17 7.532536980591586489e-17
1.312200432991911470e+00 1.870925646712037417e-16 1.340896017189178778e-16 2.780696463999003253e-17
1.315280715698465164e+00 5.623871470299600639e-16 5.519154219722722086e-16 1.279130782033652961e-17
1.318360998405018858e+00 5.905868318383876605e-16 6.405729148349943013e-16 8.852513940159658676e-17
1.321441281111572774e+00 1.625501287850429272e-16 1.456131844774024109e-16 8.350716666053762909e-17
1.324521563818126468e+00 7.509487229845940129e-17 4.267292301190942688e-17 5.883764111456971938e-17
1.327601846524680163e+00 9.996571447337294712e-17 7.488543360846137221e-17 7.667784784919205413e-17
1.330682129231234079e+00 1.500411733270275779e-16 1.328628418098169751e-16 7.564786312112286873e-17
1.333762411937787773e+00 2.568222157706008911e-16 2.490401461371608166e-16 7.426258442200644724e-17
1.336842694644341689e+00 5.523997409817629461e-16 5.582224039188141510e-16 1.593060512699724694e-17
1.339922977350895383e+00 1.640130833590520662e-15 1.663110124528546842e-15 3.221827905615852286e-16
1.343003260057449300e+00 7.505896596952251442e-15 7.491884968580812077e-15 3.244425063834636243e-16
1.346083542764002994e+00 6.455650482305748567e-14 6.336077998136583622e-14 5.469520803853638803e-15
1.349163825470556688e+00 1.209860503904319292e-12 1.176281104944546571e-12 9.855832533181403487e-14
1.352244108177110604e+00 6.300064708396142119e-12 6.112982729918141300e-12 5.025678200300215085e-13
1.355324390883664298e+00 3.710714232816551103e-12 3.608515521828753814e-12 2.978908293050563257e-13
1.358404673590217993e+00 2.655927743434189453e-13 2.589713231307372252e-13 2.138786603898623811e-14
1.361484956296771909e+00 1.855801106782303597e-14 1.806085646967032835e-14 1.374556557588348698e-15
1.364565239003325825e+00 3.442153320982009481e-15 3.304958048217976154e-15 2.939021273251817326e-16
1.367645521709879519e+00 2.523341274949243767e-15 2.414909645506689790e-15 1.427054468610098842e-16
1.370725804416433213e+00 3.821749684137822644e-15 3.687686930519509413e-15 2.121466565101394476e-16
1.373806087122987130e+00 6.594115557947021800e-15 6.397563296943771381e-15 3.548415606682088980e-16
1.376886369829540824e+00 1.188790642949741374e-14 1.157149430272839281e-14 7.162873942627763768e-16
1.379966652536094518e+00 2.250933701768975732e-14 2.195147645863893384e-14 1.195596338699022044e-15
1.383046935242648434e+00 4.559549469441383259e-14 4.451473276554342433e-14 2.303878473493324339e-15
1.386127217949202128e+00 1.011103786856906523e-13 9.878133731444731735e-14 5.344597548694612459e-15
1.389207500655755823e+00 2.531888640631022153e-13 2.474629480900202496e-13 1.306333141200391156e-14
1.392287783362309739e+00 7.504563382640709538e-13 7.336816214303957594e-13 3.891469627022687337e-14
1.395368066068863655e+00 2.852461988419072059e-12 2.789167531394695929e-12 1.478453648917617117e-13
1.398448348775417349e+00 1.628249975154425694e-11 1.592288311163147639e-11 8.448464549302333871e-13
1.401528631481971043e+00 2.095480222768210568e-10 2.049343457489563435e-10 1.086600124370379588e-11
1.404608914188524960e+00 8.205767174281843751e-08 8.025275912555322875e-08 4.256221589410758575e-09
1.407689196895078654e+00 5.420398524360005689e-07 5.301154785364139410e-07 2.811462610724942633e-08
1.410769479601632348e+00 2.152638898934815429e-07 2.105279789477263088e-07 1.116541927718842240e-08
1.413849762308186042e+00 6.808003903409157133e-10 6.658438222463871136e-10 3.532042308646961531e-11
1.416930045014739958e+00 3.260434301456427457e-11 3.188885622295934597e-11 1.690535835265625833e-12
1.420010327721293653e+00 4.712484271290282536e-12 4.609261908323720976e-12 2.448845892945915986e-13
1.423090610427847569e+00 1.114139458483952933e-12 1.089821693571913288e-12 5.738570138863031163e-14
1.426170893134401485e+00 3.509457918973532517e-13 3.433277517755906183e-13 1.832829470245869664e-14
1.429251175840955179e+00 1.336230978701788145e-13 1.307444986468854725e-13 7.005053747375245021e-15
1.432331458547508873e+00 5.822809453406247813e-14 5.698673304119504225e-14 2.973224939644623804e-15
1.435411741254062790e+00 2.806665056348454151e-14 2.747782583317523003e-14 1.460047424554934538e-15
1.438492023960616484e+00 1.462683314792080927e-14 1.432973951744254144e-14 7.656552909642005859e-16
1.441572306667170178e+00 8.117063306935120371e-15 7.966301741202618230e-15 4.397468000075226573e-16
1.444652589373723872e+00 4.758868891121059858e-15 4.694997021971442793e-15 2.428835607950497797e-16
1.447732872080277788e+00 3.009782318470402004e-15 3.022842408316618543e-15 1.982120482002857504e-16
1.450813154786831705e+00 2.498562096892402108e-15 2.657322588745300050e-15 1.770607795509916084e-16
1.453893437493385399e+00 5.478212215934834808e-15 6.249052496047927946e-15 6.502206233424276463e-16
1.456973720199939315e+00 4.642917355734423469e-14 5.298988305583539084e-14 5.488677881081807031e-15
1.460054002906493009e+00 8.407561140484572889e-13 9.515964624640415560e-13 1.067241315054287919e-13
1.463134285613046703e+00 2.825266428400956009e-12 3.201908117652598666e-12 3.584453152571952557e-13
1.466214568319600398e+00 1.103893753655669180e-12 1.255215406749474061e-12 1.403827323273939531e-13
1.469294851026154314e+00 6.687862664234050224e-14 7.580772398608864661e-14 8.043802530100729462e-15
1.472375133732708008e+00 6.425510314236591397e-15 7.155495617044535393e-15 8.099491251382518542e-16
1.475455416439261702e+00 1.321228254655958129e-15 1.416132969426813130e-15 1.573464369386317230e-16
1.478535699145815618e+00 4.506943289917770346e-16 4.567898359015514639e-16 3.247389422944925468e-17
1.481615981852369535e+00 2.180660987292597363e-16 2.079105551950316433e-16 4.629609576818370443e-17
1.484696264558923229e+00 1.347611687531817288e-16 1.217694513461632091e-16 4.124060963092725053e-18
1.487776547265477145e+00 1.011339650376468751e-16 8.785135186829712613e-17 2.137126710472915104e-17
1.490856829972030839e+00 9.499414473792223589e-17 8.083328039774197986e-17 5.373825522995647188e-18
1.493937112678584533e+00 1.235259602740460583e-16 1.095593465079112629e-16 2.408261623664345261e-17
1.497017395385138228e+00 1.907552735401469315e-16 2.150198023181394112e-16 5.577418024910415849e-17
1.500097678091692144e+00 2.325953212545775895e-16 2.928362968098274850e-16 5.226979339807252568e-17
1.503177960798245838e+00 1.429956950961963538e-16 1.485215384540154583e-16 6.831536062918030055e-18
1.506258243504799532e+00 6.891031076823759176e-17 5.747954310195265963e-17 1.429710083681610861e-17
1.509338526211353448e+00 5.461491517759551383e-17 4.333030870429804569e-17 7.799280515681229045e-18
1.512418808917907365e+00 7.636327278231171040e-17 6.731950418248170610e-17 5.819144127249391746e-18
1.515499091624461059e+00 1.674435132710252274e-16 1.926338610962055084e-16 5.391767851940627696e-17
1.518579374331014753e+00 2.343340769255551955e-16 3.163202292867103805e-16 6.810148514798200165e-17
1.521659657037568669e+00 1.273003808569211108e-16 1.500371219137620798e-16 1.688740048115012450e-17
1.524739939744122363e+00 6.142233321577993782e-17 5.693094755321570336e-17 9.007650071878568210e-18
1.527820222450676058e+00 5.911215495640920505e-17 5.991216459405927886e-17 1.149002489836393581e-17
1.530900505157229974e+00 7.412902496408523285e-17 8.301393122235801719e-17 1.795788285471840179e-17
1.533980787863783668e+00 1.056900281986095281e-16 1.263029528121354596e-16 1.297083503029864997e-17
1.537061070570337584e+00 1.827494356238138141e-16 2.267847551256935378e-16 4.837749235108030345e-17
1.540141353276891278e+00 4.398352556390191235e-16 5.480301221426943578e-16 4.982222607267157008e-17
1.543221635983445195e+00 1.703952419820277732e-15 2.074078021121422902e-15 3.152803826500629369e-16
1.546301918689998889e+00 1.218261323059615439e-14 1.444793380568231713e-14 1.926248554395812573e-15
1.549382201396552583e+00 1.980009222205884429e-13 2.315312078429097064e-13 3.153084604130039451e-14
1.552462484103106499e+00 2.001009193177046070e-12 2.332524897449701038e-12 3.246871513682823183e-13
1.555542766809660193e+00 2.288979240622459562e-12 2.674147703680263623e-12 3.707889147975922544e-13
1.558623049516213888e+00 2.882374236724007840e-13 3.372779208077015023e-13 4.716822226750232979e-14
1.561703332222767804e+00 1.627566571798240505e-14 1.890484325111268589e-14 2.525036869273079149e-15
1.564783614929321498e+00 3.291520949088020898e-15 3.752074987710805463e-15 5.534092532068787230e-16
1.567863897635875414e+00 2.926722327944228808e-15 3.345902664110706166e-15 4.789205073644583210e-16
1.570944180342429330e+00 4.386802148726262403e-15 5.055304070637122704e-15 6.746893875830465784e-16
1.574024463048983025e+00 7.276770357449439977e-15 8.420355929570759644e-15 1.129646564063219542e-15
1.577104745755536719e+00 1.268850173638791229e-14 1.471183545757286322e-14 1.952091642927555742e-15
1.580185028462090413e+00 2.333876733604040348e-14 2.708687286972204109e-14 3.597806736693012824e-15
1.583265311168644107e+00 4.592033184467547615e-14 5.332272124892046061e-14 7.058080800489943714e-15
1.586345593875197801e+00 9.846889971048507369e-14 1.143755257991871374e-13 1.509053766941492839e-14
1.589425876581751940e+00 2.362478018581440356e-13 2.744567000309206083e-13 3.627280648341842388e-14
1.592506159288305634e+00 6.601367344544856605e-13 7.669753712015561181e-13 1.012171727030943079e-13
1.595586441994859328e+00 2.296471886277109680e-12 2.668288718984251249e-12 3.519732428489507735e-13
1.598666724701413244e+00 1.127352581241787924e-11 1.309922399665320935e-11 1.727827490121527700e-12
1.601747007407966938e+00 1.044354500002391978e-10 1.213502432168767442e-10 1.601035712499367014e-11
1.604827290114520633e+00 5.730724443462978571e-09 6.658869867460243488e-09 8.783631947651044042e-10
1.607907572821074327e+00 1.234515209984582896e-07 1.434451329574939058e-07 1.892198251902403741e-08
1.610987855527628465e+00 1.134263104586466082e-07 1.317958961379363684e-07 1.738544803839862437e-08
1.614068138234182159e+00 3.880282341148637729e-09 4.508715960950042899e-09 5.947468113911704438e-10
1.617148420940735853e+00 8.797148647804504609e-11 1.022182651387180307e-10 1.348474429420560325e-11
1.620228703647289548e+00 1.004926935575684110e-11 1.167678081790617250e-11 1.540251356193109725e-12
1.623308986353843242e+00 2.104806355906475599e-12 2.445739664804713245e-12 3.225230383070836775e-13
1.626389269060397158e+00 6.153646704418958422e-13 7.150695720811201979e-13 9.427360015689000160e-14
1.629469551766950852e+00 2.228092217178465049e-13 2.589272733837558578e-13 3.419697452917674079e-14
1.632549834473504990e+00 9.370268605442074026e-14 1.089039900661665569e-13 1.432275719863584311e-14
1.635630117180058685e+00 4.404091857826343593e-14 5.119526073512907759e-14 6.753804665355798517e-15
1.638710399886612379e+00 2.257003860232035673e-14 2.624601523345682450e-14 3.448543868538672957e-15
1.641790682593166073e+00 1.241452623149971617e-14 1.444768207281851811e-14 1.906733403480435679e-15
1.644870965299719767e+00 7.264178859944215548e-15 8.468518499956965343e-15 1.104361546511116490e-15
1.647951248006273461e+00 4.535252124058404676e-15 5.310332041582770597e-15 6.854123973110012442e-16
1.651031530712827600e+00 3.175549879208405022e-15 3.764163290566863034e-15 4.779277746199470935e-16
1.654111813419381294e+00 3.206809642035486557e-15 3.915925520278603317e-15 4.148386570603168346e-16
1.657192096125934988e+00 9.889992195423812366e-15 1.240227797073632870e-14 1.104398873008633023e-15
1.660272378832488904e+00 1.330586681919679285e-13 1.668653081675268553e-13 1.327876046887431793e-14
1.663352661539042598e+00 8.430783973779709093e-13 1.059941200614889142e-12 8.322445720331817927e-14
1.666432944245596293e+00 6.512839311057952926e-13 8.220178472150191281e-13 6.457929528783660899e-14
1.669513226952149987e+00 6.157504486961265538e-14 7.739469758873426991e-14 6.181239294915832845e-15
1.672593509658704125e+00 4.574769367253193526e-15 5.629856909570708306e-15 4.768351874644765605e-16
1.675673792365257819e+00 8.388377004759440998e-16 9.895041396699743702e-16 8.687058755500937841e-17
1.678754075071811513e+00 2.969599462311093031e-16 3.339322418885098104e-16 3.498303722201731039e-17
1.681834357778365208e+00 1.587722798690016082e-16 1.725423356205153384e-16 2.006321265534530644e-17
1.684914640484919124e+00 1.059092299597673246e-16 1.126489597378609603e-16 1.483520800021803239e-17
1.687994923191472818e+00 7.974942162178527081e-17 8.326305715181581565e-17 9.865164307038972764e-18
1.691075205898026512e+00 6.585451747731651452e-17 6.688745016020081640e-17 9.298933825483287357e-18
1.694155488604580651e+00 6.139773093426995833e-17 6.013274839094814805e-17 6.181402038232867041e-18
1.697235771311134345e+00 7.834503275476238341e-17 9.041036812732587664e-17 1.011330480478642409e-17
1.700316054017688039e+00 1.411994808898411179e-16 1.900618294636757725e-16 2.329226905644589610e-17
1.703396336724241733e+00 1.124510648310754839e-16 1.330661001498304697e-16 1.784899401366422737e-17
1.706476619430795427e+00 4.606357135463854200e-17 4.447292072098709986e-17 4.529886277418069702e-18
1.709556902137349121e+00 2.750227900397679715e-17 2.373294226230184907e-17 4.253350283280846797e-18
1.712637184843903038e+00 2.608837524283755044e-17 2.211957871716588785e-17 3.716572233091573072e-18
1.715717467550456954e+00 4.114617606710961136e-17 4.563309885401058130e-17 3.287264796220158251e-18
1.718797750257010870e+00 8.772074867336428244e-17 1.256301725938949342e-16 1.281458161607038064e-17
1.721878032963564564e+00 8.141967768851799399e-17 1.043501898703239751e-16 1.539409001078140424e-17
1.724958315670118258e+00 2.809048220900573209e-17 2.606419154142424232e-17 4.114180104669597612e-18
1.728038598376671953e+00 1.315061415354731249e-17 1.066224887972855706e-17 2.271143010024471134e-18
1.731118881083225647e+00 1.241235665183632394e-17 1.250668585573215214e-17 2.246740803505508456e-18
1.734199163789779341e+00 1.620498251767838495e-17 1.969825577849551771e-17 4.888498201951390064e-18
1.737279446496333479e+00 2.895815359639499475e-17 3.907448394544216224e-17 3.542302568386015559e-18
1.740359729202887173e+00 7.672587189167783363e-17 1.049951737580504355e-16 1.756661969419428569e-17
1.743440011909440868e+00 3.068186168707825786e-16 4.057777489941198799e-16 4.253071516917537970e-17
1.746520294615994784e+00 1.953533899293533745e-15 2.495490292861987952e-15 3.295475213979032877e-16
1.749600577322548478e+00 2.475273913204248644e-14 3.103127458996524655e-14 4.026808787538401229e-15
1.752680860029102172e+00 4.060961597491769582e-13 5.065805061949071032e-13 6.497961371616620357e-14
1.755761142735655866e+00 9.019119359054681556e-13 1.127433692217876607e-12 1.444580582022734086e-13
1.758841425442210005e+00 2.261896651130920051e-13 2.832470373458641886e-13 3.624388018049702412e-14
1.761921708148763699e+00 1.215281133462442501e-14 1.511426464072173549e-14 2.040225045913047459e-15
1.765001990855317393e+00 1.492816097305877484e-15 1.815700756605725350e-15 2.351892405634974163e-16
1.768082273561871087e+00 5.530056552831923680e-16 6.606986640074570937e-16 1.112819658161061611e-16
1.771162556268425003e+00 5.074505205227497202e-16 6.120619446198726555e-16 1.154757689794176403e-16
1.774242838974978698e+00 7.035130680193869143e-16 8.595287263580023732e-16 1.598260436219840449e-16
1.777323121681532614e+00 1.135688088343359233e-15 1.398071920632714277e-15 2.751052739974468915e-16
1.780403404388086530e+00 1.995697829435170132e-15 2.466951727942093100e-15 4.620386279823487643e-16
1.783483687094640224e+00 3.790184694243896872e-15 4.695772633571730745e-15 9.197240490165495372e-16
1.786563969801193918e+00 7.847742378961401867e-15 9.734957142324361743e-15 1.849302156152724083e-15
1.789644252507747613e+00 1.806965686394685809e-14 2.243079232303051779e-14 4.324951409663372485e-15
1.792724535214301307e+00 4.783733504926392939e-14 5.940666109947259386e-14 1.138445062284434342e-14
1.795804817920855001e+00 1.539460984089317341e-13 1.912206191524415644e-13 3.672991371853608382e-14
1.798885100627409139e+00 6.662405612937583364e-13 8.276562944103847821e-13 1.588208657751056583e-13
1.801965383333962833e+00 4.816055357567404602e-12 5.983214217486442154e-12 1.148352022979122646e-12
1.805045666040516750e+00 1.138442287061152101e-10 1.414357823089225031e-10 2.714477417021362929e-11
1.808125948747070444e+00 1.760686263431260587e-08 2.187426829235743251e-08 4.198121907121157942e-09
1.811206231453624138e+00 3.714657789018549325e-08 4.614968930432706273e-08 8.857070851531802591e-09
1.814286514160177832e+00 4.534964146392650358e-09 5.634088535626267250e-09 1.081301155107834010e-09
1.817366796866731526e+00 2.174759297953813572e-11 2.701847893924060651e-11 5.184862964062823548e-12
1.820447079573285665e+00 1.823688775871124155e-12 2.265775172165262649e-12 4.350938227698031849e-13
1.823527362279839359e+00 3.303489835693299914e-13 4.104594211381921706e-13 7.865468839204498743e-14
1.826607644986393053e+00 8.863114315642666145e-14 1.101357961801544473e-13 2.120011936705012363e-14
1.829687927692946747e+00 3.031491263908582825e-14 3.767524664222683522e-14 7.189346895878464981e-15
1.832768210399500663e+00 1.224645991823008941e-14 1.522224454004467496e-14 2.949204155312035825e-15
1.835848493106054358e+00 5.590409376720762972e-15 6.950116070040262016e-15 1.319527227625153446e-15
1.838928775812608052e+00 2.806243756753236789e-15 3.489688934088154404e-15 6.752856648843586765e-16
1.842009058519162190e+00 1.523940580894797000e-15 1.896056075436691906e-15 3.633028585916865961e-16
1.845089341225715884e+00 8.883292173961254816e-16 1.106578781138928138e-15 2.144443728330741741e-16
1.848169623932269579e+00 5.603687554510048939e-16 7.004289643734347159e-16 1.319046716505465954e-16
1.851249906638823273e+00 4.083576205291559911e-16 5.154940688034352464e-16 1.000263284138275570e-16
1.854330189345376967e+00 4.415041678476943532e-16 5.686780314075612225e-16 1.095647941443376374e-16
1.857410472051930883e+00 1.278960226839946017e-15 1.667529552589979233e-15 3.005685065674035532e-16
1.860490754758484577e+00 1.409022670927974948e-14 1.829359525032091627e-14 3.470953734026388507e-15
1.863571037465038494e+00 1.669461025336670459e-13 2.168570673985147085e-13 4.039708277928032691e-14
1.866651320171592410e+00 2.509892863017311059e-13 3.274137343840304255e-13 6.063463081577667734e-14
1.869731602878146104e+00 4.290580291775837465e-14 5.591818993974045607e-14 1.026299494088094685e-14
1.872811885584699798e+00 2.348416950669905181e-15 3.010982163471345214e-15 5.531802456639837339e-16
1.875892168291253492e+00 2.869415829830369814e-16 3.509912586700585418e-16 7.653636511300761174e-17
1.878972450997807186e+00 6.858902792784297559e-17 7.667210944676976278e-17 1.223263558989638349e-17
1.882052733704361325e+00 2.752524679741710437e-17 2.746764893257485596e-17 9.101530709984088108e-18
1.885133016410915019e+00 1.598542858905989753e-17 1.446942863548946758e-17 2.086902930462872748e-18
1.888213299117468713e+00 1.165488870313099104e-17 9.789146752991993482e-18 4.427416876919009767e-18
1.891293581824022629e+00 9.995698903926790863e-18 7.829361901230771452e-18 1.475248285011224884e-18
1.894373864530576324e+00 1.090042080753688097e-17 8.387227783990507512e-18 2.916423327664074061e-18
1.897454147237130018e+00 2.041297859276874479e-17 2.178222871452197510e-17 5.783260257812850313e-18
1.900534429943683712e+00 4.553987153503417553e-17 6.285457374641349626e-17 8.092835501418543890e-18
1.903614712650237850e+00 4.133655761887785710e-17 5.158386530872977364e-17 6.507125765427602475e-18
1.906694995356791544e+00 1.484793960379793980e-17 1.311526653287071845e-17 3.202634395427038706e-18
1.909775278063345239e+00 6.475606069312871896e-18 3.766261183772014497e-18 1.532662064502661951e-18
1.912855560769898933e+00 5.533668422808373496e-18 2.986974201374405637e-18 5.232068103487204434e-19
1.915935843476452627e+00 9.193744103966564780e-18 8.394921200105605403e-18 2.175911054099230135e-18
1.919016126183006543e+00 2.431618107289784288e-17 3.453983133663519666e-17 5.430721686929967131e-18
1.922096408889560237e+00 2.942810629728400858e-17 3.986611695920418177e-17 3.808710918644699758e-18
1.925176691596114376e+00 1.021204001289753200e-17 8.878040224684277249e-18 8.115063453103725615e-19
1.928256974302668070e+00 3.104272466823988229e-18 9.362428145783560043e-19 8.240445710688769899e-19
1.931337257009221764e+00 2.720322257344031176e-18 1.640946007473933560e-18 8.695295098548902333e-19
1.934417539715775458e+00 3.797535539329931947e-18 3.852441148670696447e-18 5.887997411212881062e-19
1.937497822422329152e+00 6.895771314561782897e-18 8.807974640170579363e-18 1.820445230257332408e-18
1.940578105128882846e+00 1.696924674119951290e-17 2.331624510563120887e-17 3.298710337778205780e-18
1.943658387835436763e+00 5.835034423760190326e-17 7.931248170789190680e-17 9.687347126049504296e-18
1.946738670541990679e+00 3.000901806387990785e-16 3.943392018290565042e-16 5.363751568822044548e-17
1.949818953248544373e+00 2.829551422455843647e-15 3.626177621523271201e-15 4.597558294411637972e-16
1.952899235955098289e+00 5.385922828572785321e-14 6.839086428086822818e-14 8.922599521123319353e-15
1.955979518661651984e+00 2.361813023053349012e-13 3.003601776471410785e-13 3.908219286451354223e-14
1.959059801368205678e+00 1.178473277585908916e-13 1.503554350402693148e-13 1.955820741907145236e-14
1.962140084074759372e+00 7.769545628730831075e-15 9.867842651577953876e-15 1.279900551136082816e-15
1.965220366781313066e+00 6.112783709811353406e-16 7.578650877534711888e-16 9.991554703909764262e-17
1.968300649487867204e+00 9.969441173786122115e-17 1.160740975366131375e-16 1.761297358170404962e-17
1.971380932194420899e+00 3.109977995600657593e-17 3.305492502898116247e-17 4.167268084180027037e-18
1.974461214900974593e+00 2.300184200135547708e-17 2.481514549580024159e-17 4.308526287891570529e-18
1.977541497607528509e+00 3.143870382994226263e-17 3.670949350185124963e-17 5.018769282113119027e-18
1.980621780314082203e+00 5.394009694101765741e-17 6.629240843510776564e-17 8.699342312349132520e-18
1.983702063020635897e+00 1.018173536293519130e-16 1.282046137558832755e-16 1.681175449479046123e-17
1.986782345727189591e+00 2.076158521389126188e-16 2.642438592656436400e-16 3.297819575961549573e-17
1.989862628433743730e+00 4.648888122367592494e-16 5.943888217128560464e-16 7.601786682676322906e-17
1.992942911140297424e+00 1.178509944420123440e-15 1.509347345807616317e-15 1.890599841336628833e-16
1.996023193846851118e+00 3.550596087264872971e-15 4.549321687098721078e-15 5.711713396526871498e-16
1.999103476553404812e+00 1.382442202204418981e-14 1.771256108906714262e-14 2.216989006447810166e-15
2.002183759259958507e+00 8.226725076027716990e-14 1.053923353308617393e-13 1.319362698872561920e-14
2.005264041966512423e+00 1.167135973525278444e-12 1.495081817547623274e-12 1.870137313898235492e-13
2.008344324673066339e+00 1.529285023708387527e-09 1.958866170186896060e-09 2.449806001064916982e-10
2.011424607379620255e+00 7.947560457345263692e-09 1.018002210605893877e-08 1.273129419509508809e-09
2.014504890086173727e+00 2.553615137506801098e-09 3.270920880242824973e-09 4.090668833647472617e-10
2.017585172792727644e+00 2.189357131691191030e-12 2.804260599942004008e-12 3.506641439524959861e-13
2.020665455499281560e+00 1.196657425612578034e-13 1.532521558521104350e-13 1.916133320128139441e-14
2.023745738205835032e+00 1.816459400292017184e-14 2.325566156391119310e-14 2.898796580977524399e-15
2.026826020912388948e+00 4.409950456585050839e-15 5.642539009567326122e-15 7.067354358300102130e-16
2.029906303618942864e+00 1.412897658898855263e-15 1.805731601020294518e-15 2.240533831498826396e-16
2.032986586325496781e+00 5.445113087679442268e-16 6.944653891782943422e-16 8.688618127141445766e-17
2.036066869032050253e+00 2.394880967958869838e-16 3.043792186647353976e-16 3.725246477305808631e-17
2.039147151738604169e+00 1.162735701671231530e-16 1.469936427076961882e-16 1.888959099438470142e-17
2.042227434445157641e+00 6.094435173848545408e-17 7.651509517168571973e-17 9.197568790617642705e-18
2.045307717151711557e+00 3.415273866680343564e-17 4.260975218894230167e-17 5.701275741400251082e-18
2.048387999858265474e+00 2.060241212314386605e-17 2.579783352805309073e-17 3.187798931998653660e-18
2.051468282564819390e+00 1.514028059442605614e-17 1.986897375771031385e-17 3.361286875647465323e-18
2.054548565271373306e+00 2.376123372908868989e-17 3.344069780274779176e-17 5.447020719035893542e-18
2.057628847977926778e+00 1.125863000160928580e-16 1.559178213281169267e-16 3.326876379818440996e-17
2.060709130684480694e+00 1.248893674608402539e-15 1.675668545619893739e-15 3.344626632276098785e-16
2.063789413391034167e+00 2.246194938176478813e-14 2.985999769492346124e-14 6.011510850163316671e-15
2.066869696097588083e+00 6.459027111044622002e-14 8.629600847241131715e-14 1.738475662178309339e-14
2.069949978804141555e+00 2.141299178120921783e-14 2.870708648923617189e-14 5.798943277661283516e-15
2.073030261510695915e+00 1.221376050376670295e-15 1.613335433529727884e-15 3.267387076986754042e-16
2.076110544217249387e+00 1.239942989474394939e-16 1.555074822181153430e-16 3.067666068741174473e-17
2.079190826923803304e+00 2.628257176808973476e-17 2.946637020714120562e-17 6.540970197410942489e-18
2.082271109630357220e+00 9.239957715284743322e-18 8.577917464872485676e-18 1.653665412825984274e-18
2.085351392336910692e+00 4.743532867938906964e-18 3.437132299624290604e-18 1.169485100986964420e-18
2.088431675043464608e+00 3.251159096927377239e-18 1.851516358905080519e-18 2.899913340321187434e-19
2.091511957750018080e+00 2.840403335386315044e-18 1.419832993197718297e-18 6.124199228996244739e-19
2.094592240456572441e+00 3.285350336156082290e-18 1.819797196986315335e-18 4.647961014902433576e-19
2.097672523163125913e+00 5.400152476117461861e-18 4.548086424577959622e-18 9.661593462162847100e-19
2.100752805869679829e+00 9.657282398450530687e-18 1.321996098190650709e-17 3.287288881186376706e-18
2.103833088576233301e+00 1.216553962697995595e-17 1.616654288117469539e-17 4.025461834974709721e-18
2.106913371282787217e+00 6.912426429647884236e-18 6.149141564553902707e-18 1.276958264962430705e-18
2.109993653989341134e+00 3.008105602638775784e-18 1.582015155537911963e-18 4.241152781707852386e-19
2.113073936695894606e+00 2.218556228309334627e-18 9.171737989667562478e-19 3.955855223933831430e-19
2.116154219402448966e+00 2.791817759305223594e-18 1.779347547515767977e-18 3.837841268355345247e-19
2.119234502109002438e+00 5.009185152863040209e-18 6.439028987325250000e-18 1.687686312969099066e-18
2.122314784815556354e+00 7.257632360610828869e-18 1.054013162113667546e-17 3.289152106687140148e-18
2.125395067522109827e+00 4.646900763111928583e-18 4.171262076212495668e-18 1.527266222883242133e-18
2.128475350228663743e+00 1.914686335105521590e-18 7.645607533149585350e-19 2.519176295749532704e-19
2.131555632935217215e+00 1.352274075669225048e-18 6.058168895186853143e-19 2.106807552086678788e-19
2.134635915641771575e+00 1.404669895856894539e-18 1.016884167629438003e-18 4.157242153500886089e-19
2.137716198348325047e+00 1.808249475187241735e-18 1.892265430766505717e-18 3.696273176836522370e-19
2.140796481054878964e+00 3.140103935668293729e-18 4.164549377717652047e-18 1.014863040772734687e-18
2.143876763761432880e+00 8.409981828079976348e-18 1.204265495676704535e-17 2.605119284314788350e-18
2.146957046467986352e+00 3.675985512497144320e-17 5.120902040401620524e-17 1.066747232189875787e-17
2.150037329174540268e+00 2.856696629624686477e-16 3.811469118199959878e-16 8.470715628998026609e-17
2.153117611881093740e+00 4.892059861964697611e-15 6.392502241104361911e-15 1.367126510621094870e-15
2.156197894587648101e+00 4.206733285346165087e-14 5.495195709631450474e-14 1.183112236318438852e-14
2.159278177294201573e+00 4.080716300571217780e-14 5.363910578797274500e-14 1.154636600651715685e-14
2.162358460000755489e+00 4.480769730528406334e-15 5.871195396758238105e-15 1.276507391188785366e-15
2.165438742707308961e+00 2.705431919393244789e-16 3.430853945742560692e-16 7.507339740151098443e-17
2.168519025413862877e+00 4.542159277622112207e-17 5.397800421194573541e-17 1.167253025084883857e-17
2.171599308120416794e+00 2.724766654267794700e-17 3.299231970170012107e-17 7.375099296697665265e-18
2.174679590826970266e+00 3.583834832173373342e-17 4.590956046877201000e-17 9.715353300543199534e-18
2.177759873533524626e+00 5.812341727893648229e-17 7.655787489993487374e-17 1.586091301751490602e-17
2.180840156240078098e+00 1.012903141909275491e-16 1.350571725804554907e-16 2.823830043787262996e-17
2.183920438946632014e+00 1.870840671437548596e-16 2.507457192790952350e-16 5.177022754062980348e-17
2.187000721653185487e+00 3.704071528816672332e-16 4.973893908167126194e-16 1.039541851700539110e-16
2.190081004359739403e+00 8.007808396772609450e-16 1.075765882923860760e-15 2.218358713397668988e-16
2.193161287066292875e+00 1.941610336880548500e-15 2.607888655553698813e-15 5.430443861604885879e-16
2.196241569772846791e+00 5.503148733614318218e-15 7.388866138169316927e-15 1.528467657975846610e-15
2.199321852479400707e+00 1.954599905490701960e-14 2.623419854824120824e-14 5.442199129233489220e-15
2.202402135185954624e+00 9.929477863416250195e-14 1.332353292943339975e-13 2.761781178620009595e-14
2.205482417892508540e+00 9.873269985029802803e-13 1.324596075487759071e-12 2.746643866871789493e-13
2.208562700599062012e+00 7.334803521374124126e-11 9.839645233806747354e-11 2.040120824811544978e-11
2.211642983305615928e+00 1.143682331824028131e-09 1.534235524700352053e-09 3.181077261401172029e-10
2.214723266012169400e+00 8.612835560614725557e-10 1.155405659963758887e-09 2.395637508775981539e-10
2.217803548718723317e+00 1.967378883352683670e-11 2.639163040835111179e-11 5.472160581817359176e-12
2.220883831425277233e+00 5.559830165600502795e-13 7.457625754830148290e-13 1.546457208931636049e-13
2.223964114131831149e+00 6.759963194967814669e-14 9.065613771684555030e-14 1.879278925874288779e-14
2.227044396838384621e+00 1.461100081614468216e-14 1.958721520368421204e-14 4.062061996493180393e-15
2.230124679544938537e+00 4.355920679286781255e-15 5.835838526624597555e-15 1.211796463312561181e-15
2.233204962251492454e+00 1.598964580286219460e-15 2.140103111577351478e-15 4.431548463843013285e-16
2.236285244958045926e+00 6.796189332847498377e-16 9.082625894953132376e-16 1.885845336343981504e-16
2.239365527664599842e+00 3.222966808638352685e-16 4.297899751828806701e-16 8.896131968346982451e-17
2.242445810371153758e+00 1.665482266937194320e-16 2.214365907223042202e-16 4.671837721334749022e-17
2.245526093077707674e+00 9.244351267745968452e-17 1.224566909298692017e-16 2.492387833920036420e-17
2.248606375784261147e+00 5.465069980431761204e-17 7.212277813746439102e-17 1.526851632893553168e-17
2.251686658490815063e+00 3.453660783315049587e-17 4.557977868428136839e-17 9.422525520915685099e-18
2.254766941197368979e+00 2.520756188009395426e-17 3.377342099095013210e-17 7.222941559277345019e-18
2.257847223903922451e+00 3.070417358144651745e-17 4.269940721618900806e-17 8.527850565642676108e-18
2.260927506610476367e+00 1.349036624469309498e-16 1.883244338783117877e-16 4.049801908084501368e-17
2.264007789317030284e+00 2.127868555829289895e-15 2.927254184754914745e-15 6.111882698652168957e-16
2.267088072023584200e+00 1.160680719695764380e-14 1.607858803535893998e-14 3.328137315780169009e-15
2.270168354730137672e+00 7.554887182304790153e-15 1.056402487424247259e-14 2.184676760064315854e-15
2.273248637436691588e+00 6.343739774448563207e-16 8.723010565093622816e-16 1.835528207835496574e-16
2.276328920143245060e+00 5.276453550282606369e-17 6.758055383987995639e-17 1.488376967006255958e-17
2.279409202849798977e+00 1.092759183616382320e-17 1.208881920451957901e-17 2.627675643470039530e-18
2.282489485556352893e+00 4.302218743337332226e-18 3.906811416222426879e-18 9.674263224739604582e-19
2.285569768262906809e+00 2.530186136520378155e-18 1.896138129562903150e-18 4.795969361588314849e-19
2.288650050969460725e+00 1.866308427298492241e-18 1.190394715641619044e-18 4.020182375977911179e-19
2.291730333676014197e+00 1.582074184597008266e-18 8.851837913981857414e-19 2.092004332652800826e-19
2.294810616382568114e+00 1.517554262096227021e-18 7.765902484149496560e-19 2.877372043875525064e-19
2.297890899089121586e+00 1.683858552159014080e-18 9.548442609956339111e-19 3.076003518557095823e-19
2.300971181795675502e+00 2.080653942786739407e-18 2.372784747382336043e-18 4.974924591286960249e-19
2.304051464502229418e+00 3.366872188092101904e-18 4.801830904749550467e-18 1.124022927854627006e-18
2.307131747208783334e+00 3.090634215382185190e-18 2.816005516382436863e-18 9.842873768456974685e-19
2.310212029915336807e+00 1.546124969930814123e-18 7.530798869409434814e-19 2.892880366276483157e-19
2.313292312621890723e+00 1.068896325546298862e-18 3.270177415120889024e-19 1.355773876723734971e-19
2.316372595328444639e+00 1.041462246582422814e-18 3.355621465063119265e-19 1.632494813550488386e-19
2.319452878034998111e+00 1.169702208972875129e-18 8.804143860942507501e-19 2.291228474703864901e-19
2.322533160741552027e+00 1.640280231340308473e-18 2.298546204498949313e-18 5.985327420001403073e-19
2.325613443448105944e+00 1.948368153129811454e-18 1.688526126845874877e-18 5.892984786123819295e-19
2.328693726154659860e+00 1.096013285063652810e-18 3.602790397316076984e-19 2.268936091831614280e-19
2.331774008861213332e+00 7.235845479149403041e-19 1.123613275376185517e-19 9.657187526107359952e-20
2.334854291567767248e+00 6.437405148920212772e-19 1.338568796043052422e-19 7.827398647156283643e-20
2.337934574274320720e+00 6.418841219097578487e-19 2.328392722837199583e-19 1.413830790641649833e-19
2.341014856980874637e+00 7.354100545724873084e-19 5.011175042489254981e-19 2.228876864454608399e-19
2.344095139687428553e+00 1.220782704841523081e-18 1.422193684098904910e-18 4.673735884463844714e-19
2.347175422393982469e+00 3.929088593090469032e-18 5.696358567353812507e-18 1.997835589040148507e-18
2.350255705100536385e+00 2.516507336751920656e-17 3.638074104972017964e-17 1.163836953655274200e-17
2.353335987807089857e+00 3.428437746269144731e-16 4.797196883562599881e-16 1.589523771987064991e-16
2.356416270513643774e+00 5.106865218895159445e-15 7.106509004989439285e-15 2.317184208671936837e-15
2.359496553220197246e+00 9.569804477443929149e-15 1.345933717420220172e-14 4.368488593585562507e-15
2.362576835926751162e+00 2.043443461092136999e-15 2.875975802645118271e-15 9.312989108500161298e-16
2.365657118633304634e+00 1.129592350188806266e-16 1.524391737988416760e-16 5.107348517563774029e-17
2.368737401339858994e+00 1.569068186538957820e-17 1.876552591025866000e-17 6.768306360809230673e-18
2.371817684046412467e+00 6.218694123618140511e-18 6.625236611864472949e-18 2.610993340463976727e-18
2.374897966752966383e+00 5.467137631428558769e-18 6.030804073316917305e-18 2.876070628422015767e-18
2.377978249459520299e+00 7.090960693760739962e-18 8.508137585271339845e-18 3.970599839919186975e-18
2.381058532166073771e+00 1.086898742873651567e-17 1.394090849369873239e-17 6.494888176425684319e-18
2.384138814872627687e+00 1.843976251606830172e-17 2.474887610569954845e-17 1.154356949793774909e-17
2.387219097579181604e+00 3.428376782481584949e-17 4.739538852710391405e-17 2.191294152657699246e-17
2.390299380285735520e+00 7.021864612501883882e-17 9.895809879229675637e-17 4.607283325892058074e-17
2.393379662992288992e+00 1.612443021774353650e-16 2.300809165882778702e-16 1.060797220815768392e-16
2.396459945698842908e+00 4.288815845916030018e-16 6.168410509314035241e-16 2.857716436543766546e-16
2.399540228405396380e+00 1.398309965953784744e-15 2.021045617256327547e-15 9.332574625453300838e-16
2.402620511111950297e+00 6.208777338570197075e-15 9.000045458178074472e-15 4.160384912780578372e-15
2.405700793818504213e+00 4.731118366075189241e-14 6.868881516659245444e-14 3.172963726619317017e-14
2.408781076525058129e+00 1.313606208264240857e-12 1.908505458557553116e-12 8.817425352200314226e-13
2.411861359231612045e+00 1.082069552153337512e-10 1.572407353938583092e-10 7.264257809084791149e-11
2.414941641938165517e+00 1.862285743915440336e-10 2.706096620855462259e-10 1.250178230174461845e-10
2.418021924644719434e+00 1.740391368776866448e-11 2.529105758255652884e-11 1.168418065940400310e-11
2.421102207351272906e+00 1.416820402071560040e-13 2.059804106692162132e-13 9.514762062625791956e-14
2.424182490057826822e+00 1.289633918654171443e-14 1.876914153051389560e-14 8.673465541412028007e-15
2.427262772764380738e+00 2.420727889492758275e-15 3.529786678380369874e-15 1.628751752588212763e-15
2.430343055470934654e+00 6.619488774777876916e-16 9.679264021500514310e-16 4.471498079971794018e-16
2.433423338177488127e+00 2.288688816345709868e-16 3.358589127643843630e-16 1.551882490017337566e-16
2.436503620884042043e+00 9.303659951509568179e-17 1.370676566234221545e-16 6.314576484924754592e-17
2.439583903590595959e+00 4.264265705344474063e-17 6.304692901860454460e-17 2.916835423500926308e-17
2.442664186297149431e+00 2.149167128024207672e-17 3.184045305605868616e-17 1.471549301850442461e-17
2.445744469003703347e+00 1.174778191171174706e-17 1.739156317054594098e-17 8.025172295230106840e-18
2.448824751710256820e+00 6.920326241621705507e-18 1.019545034626021675e-17 4.710491653674387606e-18
2.451905034416811180e+00 4.420332846619907160e-18 6.472183179500092754e-18 3.042296883208846294e-18
2.454985317123364652e+00 3.274961367910310682e-18 4.820156407017300624e-18 2.284330216392295320e-18
2.458065599829918568e+00 3.662668490497495299e-18 5.534831659679177594e-18 2.787482717377199166e-18
2.461145882536472485e+00 1.158420467535178654e-17 1.742458231074287855e-17 9.053566037291911468e-18
2.464226165243025957e+00 1.404115814741898655e-16 2.038875655802830403e-16 1.100441600335193283e-16
2.467306447949579873e+00 1.442511834053925338e-15 2.100462816700808668e-15 1.126183058629423135e-15
2.470386730656133345e+00 1.814741194601535473e-15 2.697343403078601808e-15 1.435868875399817983e-15
2.473467013362687705e+00 2.691943823847839477e-16 3.957296758197209294e-16 2.126325058036417511e-16
2.476547296069241177e+00 1.692281314331597101e-17 2.248729004906904727e-17 1.220379353785020164e-17
2.479627578775795094e+00 2.824545569220530301e-18 2.845650079545632504e-18 1.812575597624035250e-18
2.482707861482348566e+00 1.063035740005848894e-18 6.736332787428602202e-19 3.995416372984414393e-19
2.485788144188902482e+00 6.660769591066718319e-19 2.609748966834323506e-19 2.137349627931038957e-19
2.488868426895456398e+00 5.362547866053008567e-19 1.462606216217498342e-19 1.265505668212562280e-19
2.491948709602010315e+00 4.866547908614844017e-19 1.037501768093829226e-19 9.459769549200262162e-20
2.495028992308564231e+00 4.778877313113526218e-19 8.743956757141705513e-20 9.237140920231905792e-20
2.498109275015117703e+00 5.106850456842782713e-19 1.062645706704852509e-19 8.539877853402197055e-20
2.501189557721671619e+00 5.641085303361816514e-19 3.424297236561457544e-19 2.100649748898936024e-19
2.504269840428225091e+00 6.978603212834751443e-19 9.989115082773856546e-19 5.832999428979976427e-19
2.507350123134779007e+00 8.936390094691993760e-19 7.610723688170737040e-19 5.108632881936099038e-19
2.510430405841332480e+00 6.018777721165954642e-19 1.801617309612483069e-19 1.502563587683782232e-19
2.513510688547886840e+00 4.426196941372064861e-19 4.862346860895641285e-20 8.420411345792816738e-20
2.516590971254440312e+00 4.173041934078789506e-19 3.750315026702783676e-20 4.726235173327112324e-20
2.519671253960994228e+00 4.239942649046225629e-19 1.007440058522427243e-19 7.476960076886545077e-20
2.522751536667548145e+00 4.187710459695563837e-19 3.960699973017724024e-19 2.442264329499786289e-19
2.525831819374101617e+00 5.785538982502830524e-19 4.360655897314512857e-19 3.055040166807084860e-19
2.528912102080655533e+00 4.885927659646172699e-19 9.843345293837500042e-20 1.107406353391519094e-19
2.531992384787209005e+00 3.635115331197025501e-19 1.297738257673662405e-20 3.587765332256435091e-20
2.535072667493763365e+00 3.271330803251428696e-19 1.674606974264139242e-20 3.702368335430243422e-20
2.538152950200316837e+00 3.153119036571827558e-19 3.486274181538193722e-20 4.573600650506536656e-20
2.541233232906870754e+00 3.150714362098257828e-19 7.564861682401652990e-20 6.462955557634201345e-20
2.544313515613424226e+00 3.506714884954850552e-19 1.963632760491538126e-19 1.578961991158679434e-19
2.547393798319978142e+00 5.792939852194818541e-19 6.723325507447369020e-19 4.680920876369481298e-19
2.550474081026532058e+00 2.218126255419184431e-18 3.443391364164592448e-18 2.322758935595577680e-18
2.553554363733085530e+00 2.164080613519561038e-17 3.351100971065317047e-17 2.312927547768790234e-17
2.556634646439639891e+00 4.124876368659915583e-16 6.264138511059617427e-16 4.296319056527802238e-16
2.559714929146193363e+00 1.510083482043080760e-15 2.330926946404956096e-15 1.591037048518283206e-15
2.562795211852747279e+00 6.345865830966267905e-16 9.919533123024943460e-16 6.776097515923207917e-16
2.565875494559300751e+00 4.041696022977066944e-17 6.019169291872870101e-17 4.150407065945402082e-17
2.568955777265854667e+00 4.163823383453178557e-18 5.060577556043130095e-18 3.739171817427553485e-18
2.572036059972408140e+00 1.106958950829930335e-18 8.302954948228529289e-19 6.151520272579815967e-19
2.575116342678962056e+00 5.709876107661480611e-19 2.026305684498324236e-19 2.055472675744336539e-19
2.578196625385515972e+00 4.260566550433220395e-19 6.807991445126379431e-20 7.756990355032650320e-20
2.581276908092069888e+00 3.714847197481608646e-19 2.971021006378231790e-20 6.034713683488261351e-20
2.584357190798623805e+00 3.429042921198529845e-19 1.668102514907739254e-20 5.089085342941718690e-20
2.587437473505177277e+00 3.294471105396386762e-19 1.577566654396328820e-20 3.724542208039152607e-20
2.590517756211731193e+00 3.264480625966363144e-19 2.357120802767910758e-20 5.289749960509804710e-20
2.593598038918284665e+00 3.358812150649247309e-19 4.648552452138219519e-20 7.207260214190410771e-20
2.596678321624838581e+00 3.747348170199591786e-19 1.125551891336659588e-19 1.259699024586434414e-19
2.599758604331392497e+00 5.153850859049771258e-19 3.364956015248728110e-19 3.373874686082393597e-19
2.602838887037946414e+00 1.141333681476863897e-18 1.329939920777855761e-18 1.275554748425406396e-18
2.605919169744499886e+00 5.461726259370776889e-18 8.251542799923358106e-18 7.726242832569900006e-18
2.608999452451053802e+00 8.177726706920008274e-17 1.313350899257434647e-16 1.215273666771984089e-16
2.612079735157607718e+00 6.318073226971308524e-12 1.020351036692770659e-11 9.452502852403826432e-12
2.615160017864161190e+00 2.611064152658172965e-11 4.216843686492863480e-11 3.906484271940980531e-11
2.618240300570715551e+00 6.744512873416256845e-12 1.089221848440436112e-11 1.009046720928330334e-11
2.621320583277269023e+00 9.103389361422059404e-17 1.465233523198406124e-16 1.354622135323616648e-16
2.624400865983822939e+00 5.945252869329157009e-18 9.130234586693400936e-18 8.470015613787808131e-18
2.627481148690376411e+00 1.176606128240460965e-18 1.453704270832226710e-18 1.377277645077889316e-18
2.630561431396930328e+00 4.931221513450404783e-19 3.623529553214575907e-19 3.499896540158035998e-19
2.633641714103484244e+00 3.378431945554024071e-19 1.194810750635929539e-19 1.378463816667035838e-19
2.636721996810037716e+00 2.899254310789839896e-19 4.867287272808321616e-20 6.272508634445237372e-20
2.639802279516591632e+00 2.706026614582815943e-19 2.411445077574297464e-20 4.625756919958705180e-20
2.642882562223145548e+00 2.600815277714559003e-19 1.492864562852823837e-20 2.720662074840512784e-20
2.645962844929699465e+00 2.524969322498627378e-19 1.246816695508054497e-20 3.380628461369307122e-20
2.649043127636252937e+00 2.471554068042105885e-19 1.444661147644078121e-20 3.089433739645492209e-20
2.652123410342806853e+00 2.423081007071771383e-19 2.143773162927767871e-20 3.185265523155170781e-20
2.655203693049360325e+00 2.403196076898141085e-19 4.998098147935521197e-20 7.555115015995906633e-20
2.658283975755914241e+00 2.841994898270052862e-19 1.798508501936676627e-19 2.118625656032136860e-19
2.661364258462468158e+00 7.361870618399902010e-19 1.011549828573243376e-18 1.109187113509400985e-18
2.664444541169022074e+00 7.370211036336243221e-18 1.147981853433080653e-17 1.292052281289723043e-17
2.667524823875575546e+00 1.247061106376040194e-16 1.923107580820432200e-16 2.163599176203616304e-16
2.670605106582129462e+00 2.973655573530575474e-16 4.762591299050913862e-16 5.315403784547690882e-16
2.673685389288683378e+00 8.326734769927636404e-17 1.349348026989725901e-16 1.510842690143464534e-16
2.676765671995236850e+00 5.184139584793202692e-18 7.223144807224095466e-18 8.227237846334596822e-18
2.679845954701790767e+00 8.738929602872390122e-19 7.109821573413466027e-19 8.773913717466222832e-19
2.682926237408344683e+00 4.080031652550906855e-19 1.319599808388775113e-19 2.149407071577590684e-19
2.686006520114898599e+00 3.060165494539004928e-19 3.775557035743527621e-20 6.651434637501860451e-20
2.689086802821452071e+00 2.721487868985185746e-19 1.598158480434930082e-20 5.164629537692875554e-20
2.692167085528005988e+00 2.586532136163134444e-19 1.006361466204081348e-20 3.407304839297159964e-20
2.695247368234559904e+00 2.553889970026810837e-19 9.208427118838645427e-21 3.473796638627740216e-20
2.698327650941113376e+00 2.627301075878188318e-19 1.338208263509345282e-20 4.449520738547631135e-20
2.701407933647667292e+00 2.729546354932675384e-19 4.133412740158841096e-20 6.896796534217064340e-20
2.704488216354221208e+00 2.292862906641263744e-19 1.393853427986980127e-19 2.031266368542669932e-19
2.707568499060775125e+00 2.757493792787402129e-19 1.554024627630732230e-19 2.426354324362733436e-19
2.710648781767328597e+00 2.949482436541739387e-19 4.924315124175467352e-20 1.107671272156761727e-19
2.713729064473882513e+00 2.526570206174590884e-19 1.234520852915992931e-20 4.056774331743418806e-20
2.716809347180435985e+00 2.394662416023743240e-19 7.888675695286182436e-21 3.109594234237115452e-20
2.719889629886989901e+00 2.403023141852150017e-19 1.412853696632551519e-20 4.101059400549604420e-20
2.722969912593543818e+00 2.143324877646648634e-19 5.179234331923177982e-20 6.793930812320363645e-20
2.726050195300097734e+00 2.115359833734552551e-19 8.203379842259493903e-20 1.283709210262078075e-19
2.729130478006651650e+00 2.514832298320940052e-19 2.947754942396987626e-20 6.133325116343393116e-20
2.732210760713205122e+00 2.260361182680582761e-19 6.071457351527953452e-21 2.144096503520250205e-20
2.735291043419759038e+00 2.095725404207989845e-19 5.497834555615837290e-21 2.108188513825139661e-20
2.738371326126312510e+00 2.017303343696594733e-19 8.049496495268589669e-21 2.859932311026609196e-20
2.741451608832866427e+00 1.956583508875762421e-19 1.302823878509902327e-20 2.430823740136831426e-20
2.744531891539420343e+00 1.902964626016678907e-19 2.580119911656046431e-20 5.286754834383057524e-20
2.747612174245974259e+00 1.934674662932199068e-19 7.011285748370068091e-20 1.267476454509550419e-19
2.750692456952527731e+00 2.767647167715490109e-19 2.919494827722905497e-19 5.411936961922771402e-19
2.753772739659081648e+00 1.314773581592973851e-18 2.213823640474204557e-18 4.406204119549178577e-18
2.756853022365635564e+00 2.306820900699289649e-17 3.833454511439667654e-17 7.742007351257210373e-17
2.759933305072189036e+00 1.671165140128953696e-16 2.803859945947760939e-16 5.671599813961991316e-16
2.763013587778742952e+00 1.331783856068599427e-16 2.334448065032065275e-16 4.684096422747183038e-16
2.766093870485296868e+00 1.325444517265057431e-17 2.226022327672063807e-17 4.458899728669775767e-17
2.769174153191850785e+00 1.180847901369944152e-18 1.378177766772024662e-18 2.948440561937201266e-18
2.772254435898404257e+00 3.873480987125990293e-19 1.996464436437245285e-19 4.721103924994712462e-19
2.775334718604958173e+00 2.734684332313365444e-19 8.768235901687231966e-20 2.429203323483138943e-19
2.778415001311511645e+00 2.587688202085775342e-19 1.055963994959405936e-19 2.868899190692417735e-19
2.781495284018065561e+00 2.812785445115318488e-19 1.724939427568425583e-19 4.148699160369716301e-19
2.784575566724619478e+00 3.420942613036880677e-19 3.046662449889936213e-19 7.533000739862065506e-19
2.787655849431173394e+00 4.754008540615191630e-19 5.678975987462329670e-19 1.353785973249913489e-18
2.790736132137727310e+00 7.742928254423597142e-19 1.131969434434356155e-18 2.788639071501248663e-18
2.793816414844280782e+00 1.497117822730297950e-18 2.464533031199665211e-18 5.929127699897055211e-18
2.796896697550834698e+00 3.459275571290678667e-18 6.030782632094277462e-18 1.467078481410414823e-17
2.799976980257388171e+00 9.728970348888878160e-18 1.732000120086165398e-17 4.219580094080604662e-17
2.803057262963942087e+00 3.513414061253961279e-17 6.278306273980375323e-17 1.536205048069051937e-16
2.806137545670495559e+00 1.852268141842876855e-16 3.303348397012081363e-16 8.068779684005865648e-16
2.809217828377049919e+00 1.991292476247583135e-15 3.542690663286699687e-15 8.667206419462428106e-15
2.812298111083603391e+00 2.154226646859222361e-13 3.827885785191518292e-13 9.366209702072955975e-13
2.815378393790157308e+00 2.501797433665846445e-12 4.444754469549639268e-12 1.087593292782531390e-11
2.818458676496711224e+00 1.541962569109173791e-12 2.739735889509687245e-12 6.703639200127955957e-12
2.821538959203264696e+00 2.191723466898917624e-14 3.892210038278614653e-14 9.523646722799942357e-14
2.824619241909818612e+00 7.510958477181039430e-16 1.331022461205285621e-15 3.259146693718410184e-15
2.827699524616372084e+00 9.733200562254272755e-17 1.715148666167409041e-16 4.201604335881189665e-16
2.830779807322926445e+00 2.194639698872199047e-17 3.817133976345403495e-17 9.363309714363280280e-17
2.833860090029479917e+00 6.845603689564232156e-18 1.158036044240482355e-17 2.853810763771493582e-17
2.836940372736033833e+00 2.682369577967166499e-18 4.298966616384322662e-18 1.062831682009009249e-17
2.840020655442587305e+00 1.263063353920553674e-18 1.840807599479894229e-18 4.548852974654145969e-18
2.843100938149141221e+00 6.988504721546633417e-19 8.771793494144441016e-19 2.196090276046212966e-18
2.846181220855695138e+00 4.463571983113164556e-19 4.548062648771038437e-19 1.152111214079582792e-18
2.849261503562248610e+00 3.222794433269825960e-19 2.535918128525200922e-19 6.483082686514206477e-19
2.852341786268802970e+00 2.560088937277276858e-19 1.510233226855747082e-19 3.943506917133558766e-19
2.855422068975356442e+00 2.161894959333537608e-19 9.723250055503058447e-20 2.474844221279760067e-19
2.858502351681910358e+00 1.917486937911402254e-19 7.816372862927758057e-20 2.086743694795627827e-19
2.861582634388463831e+00 1.967763883565667223e-19 1.281476242207341952e-19 3.525089703481530434e-19
2.864662917095017747e+00 5.249313308471542944e-19 7.518575358466140144e-19 2.220353758104654860e-18
2.867743199801571663e+00 8.106364323630831277e-18 1.273379809816571257e-17 4.027442190032770242e-17
2.870823482508125579e+00 3.667544570375717265e-17 6.006823980541729299e-17 1.891560525749785882e-16
2.873903765214679051e+00 1.891576962301657287e-17 3.357791777543559892e-17 1.040554650101752203e-16
2.876984047921232968e+00 1.673897212642161016e-18 2.466130319191087624e-18 7.754987512087566088e-18
2.880064330627786884e+00 3.334308801458604802e-19 2.035532485994032410e-19 6.881145109851628110e-19
2.883144613334340356e+00 2.038824059216802693e-19 3.854027217854694719e-20 1.546295924801592058e-19
2.886224896040894272e+00 1.743826267878359004e-19 1.363665541520342469e-20 6.426959232803232739e-20
2.889305178747447744e+00 1.634331028315757820e-19 7.636652986476799155e-21 4.270626509386125189e-20
2.892385461454002105e+00 1.582160521954838043e-19 5.660149074179782189e-21 2.518853667862030678e-20
2.895465744160555577e+00 1.558281277320269478e-19 4.896275671631780902e-21 3.414045330562348884e-20
2.898546026867109493e+00 1.561882921013099625e-19 4.737014980982240561e-21 3.203991530795329804e-20
2.901626309573663409e+00 1.591300230634013987e-19 5.995455254528941820e-21 3.325719849407190451e-20
2.904706592280216881e+00 1.452540721386172108e-19 1.589308094467367616e-20 6.515909059270741249e-20
2.907786874986770798e+00 1.320944598133263374e-19 2.993230389097461310e-20 9.586000093653400047e-20
2.910867157693324270e+00 1.578338808702145772e-19 1.562619468962992143e-20 7.871958140472250816e-20
2.913947440399878630e+00 1.531493951040362198e-19 5.084569396006040916e-21 2.472794381619378728e-20
2.917027723106432102e+00 1.476028664382321193e-19 3.356606256688748848e-21 2.726408564680904604e-20
2.920108005812986018e+00 1.471734155966036045e-19 3.429205312411989426e-21 1.956193769517647016e-20
2.923188288519539491e+00 1.423288545407310707e-19 6.394361234336762047e-21 3.420540335786686765e-20
2.926268571226093407e+00 1.249284137059184170e-19 1.447377178086803896e-20 4.116212869500441106e-20
2.929348853932647323e+00 1.403622992705965897e-19 1.012978228874036699e-20 3.882883015328300762e-20
2.932429136639200795e+00 1.425105621310821322e-19 3.542466612471602907e-21 2.868729719825003616e-20
2.935509419345755155e+00 1.366714113526390180e-19 2.689184550585819825e-21 1.275815166662431019e-20
2.938589702052308628e+00 1.331510254272828603e-19 2.916009714717767955e-21 1.932939873802242942e-20
2.941669984758862544e+00 1.303246466992768296e-19 3.404414885519719827e-21 1.216682075484236643e-20
2.944750267465416016e+00 1.270584940977708457e-19 4.541787412004182149e-21 1.853277192631837787e-20
2.947830550171969932e+00 1.226618169375826492e-19 8.151976162517272678e-21 2.685271087422272129e-20
2.950910832878523404e+00 1.186300918805308655e-19 2.417307867588903652e-20 9.390781951879657024e-20
2.953991115585077321e+00 1.515920974170994439e-19 1.382794682029824045e-19 6.761017623945680222e-19
2.957071398291631237e+00 1.077114826209477723e-18 1.839526478878445208e-18 9.779091011717424409e-18
2.960151680998185153e+00 1.444835252554296499e-17 2.397105611377220699e-17 1.305084468090988393e-16
2.963231963704739069e+00 2.131120551710238184e-17 3.869459927812743468e-17 2.074307030143074537e-16
2.966312246411292541e+00 3.792631654192472176e-18 7.087991978803728494e-18 3.758362187331197939e-17
2.969392529117846458e+00 3.770705798574117728e-19 3.840350386491167472e-19 2.169990832062879897e-18
2.972472811824399930e+00 1.766241996448079429e-19 5.015248744719440891e-20 2.912308160070140125e-19
2.975553094530954290e+00 1.467415987121389254e-19 1.831354639608445709e-20 1.531107829484788094e-19
2.978633377237507762e+00 1.394883893008530302e-19 1.643584416319797495e-20 1.212305123102034505e-19
2.981713659944061678e+00 1.397163825724220453e-19 2.238233654460835575e-20 1.744523948058450291e-19
2.984793942650615151e+00 1.452987893414510533e-19 3.560331391919268882e-20 2.908673791249106947e-19
2.987874225357169067e+00 1.587469928365528455e-19 6.204159397830772900e-20 4.455451033037276832e-19
2.990954508063722983e+00 1.891668319131384402e-19 1.177802252023397083e-19 9.194461873493159925e-19
2.994034790770276455e+00 2.604217818187136164e-19 2.457365920530698365e-19 1.855071356372203129e-18
2.997115073476830815e+00 4.439904669600008320e-19 5.745331274872229792e-19 4.346271134745262694e-18
3.000195356183384288e+00 9.915815952601121033e-19 1.557725005343878324e-18 1.182595810679410558e-17
3.003275638889938204e+00 3.011966072275192577e-18 5.197188102680093761e-18 3.958622645231147845e-17
3.006355921596491676e+00 1.333603230708210664e-17 2.384528618481622611e-17 1.800354197446423221e-16
3.009436204303045592e+00 1.067226700905791283e-16 1.928287218147823797e-16 1.459706931493828986e-15
3.012516487009599064e+00 3.554383750687978315e-15 6.437204949351454231e-15 4.870285874004067028e-14
3.015596769716152981e+00 1.771670282084352480e-13 3.209772860491866088e-13 2.428401726118157770e-12
3.018677052422706897e+00 2.494205607405673320e-13 4.518513926629145690e-13 3.418441020667698803e-12
3.021757335129260813e+00 1.748254210389526095e-14 3.167543744609781739e-14 2.396219801565780751e-13
3.024837617835814729e+00 2.126875772854249558e-16 3.855194982109806051e-16 2.915993341402349027e-15
3.027917900542368201e+00 2.098983591402688784e-17 3.795199451171617445e-17 2.867896911032458672e-16
3.030998183248922118e+00 4.164399288003591301e-18 7.401352949914097526e-18 5.601180033502690259e-17
3.034078465955475590e+00 1.237941154853213878e-18 2.075393500940446078e-18 1.574504599907837596e-17
3.037158748662029506e+00 5.021160897881692231e-19 7.321732582791242851e-19 5.460751972082673816e-18
3.040239031368583422e+00 2.678919241257202686e-19 3.033192804985205102e-19 2.274480328189123943e-18
3.043319314075137338e+00 1.797717212739803140e-19 1.418458541189215155e-19 1.089437303922534282e-18
3.046399596781690811e+00 1.420332687775189574e-19 7.319508580457941930e-20 5.359910103080842954e-19
3.049479879488244727e+00 1.239664127949986450e-19 4.124187437237135092e-20 3.014253597361404254e-19
3.052560162194798643e+00 1.143980831072843427e-19 2.525051118803581696e-20 1.916537513265897236e-19
3.055640444901352115e+00 1.084444661372677824e-19 1.695412831326954679e-20 1.220876121602258786e-19
3.058720727607906031e+00 1.035601960575125852e-19 1.362051029681323050e-20 9.750336672504700580e-20
3.061801010314459948e+00 9.889143450092046501e-20 1.684666620822510158e-20 1.306122298229791373e-19
3.064881293021013864e+00 1.048557851413161953e-19 5.438743161180986234e-20 5.907209063730317899e-19
3.067961575727567336e+00 4.598761095560754918e-19 6.422554628060261677e-19 8.273065024463901377e-18
3.071041858434121252e+00 3.934713771776933784e-18 5.580470499635187499e-18 7.594350471588562386e-17
3.074122141140675168e+00 3.554954128295569867e-18 6.121917554221014332e-18 8.169742732055808946e-17
3.077202423847228641e+00 5.079353950637816397e-19 7.895373998277600184e-19 1.018706615595393055e-17
3.080282706553782557e+00 1.394655940537658579e-19 5.034272384008481327e-20 6.389373832172404721e-19
3.083362989260336473e+00 1.099099714726274922e-19 8.493670041131298597e-21 1.057955128678717534e-19
3.086443271966890389e+00 1.029814170936782618e-19 3.493785791289885582e-21 3.749960880111110948e-20
3.089523554673443861e+00 1.000888720202527119e-19 2.491825385777112076e-21 2.536718610786876857e-20
3.092603837379997778e+00 9.848098664171406231e-20 2.200520571441360573e-21 1.588904609709387253e-20
3.095684120086551250e+00 9.750999970906843672e-20 2.080707519858577490e-21 1.552355985984320731e-20
3.098764402793105166e+00 9.717593157402815372e-20 1.998647786227848465e-21 1.742116749690422004e-20
3.101844685499659082e+00 9.798044541326000071e-20 1.913652018691898793e-21 2.521662143338805739e-20
3.104924968206212998e+00 9.741648058009378452e-20 2.550233932275635608e-21 3.858574129690078878e-20
3.108005250912766915e+00 8.762247558850793546e-20 5.699302896279169694e-21 6.578879686620048435e-20
3.111085533619320387e+00 9.183133311189595959e-20 4.758376198250671806e-21 4.799580760007976268e-20
3.114165816325874303e+00 9.523887539376763050e-20 2.241337054029302527e-21 2.104472597577797520e-20
3.117246099032427775e+00 9.374318760070656206e-20 1.779257755993556128e-21 2.108142045417366527e-20
3.120326381738981691e+00 9.319908911315590793e-20 1.713369119890487171e-21 1.230213686890723326e-20
3.123406664445535608e+00 9.320048629932467450e-20 1.785141672219586728e-21 2.900085407056843195e-20
3.126486947152089524e+00 8.730692222173757854e-20 3.115494763303063902e-21 3.417910323673220511e-20
3.129567229858642996e+00 8.622116955639358426e-20 3.588934878466161892e-21 3.849793048561505454e-20
3.132647512565196912e+00 9.034538035796368020e-20 2.035180623211674025e-21 2.645286801592619783e-20
3.135727795271750828e+00 8.916670793924839930e-20 1.684329458654137301e-21 7.286368224785656824e-21
3.138808077978304301e+00 8.776529557175989091e-20 1.723252274864316589e-21 1.313056344801356545e-20
3.141888360684858661e+00 8.661753421937873233e-20 1.805733668547659487e-21 9.947234710377558354e-21
3.144968643391412133e+00 8.539581293568916064e-20 1.955996292100375499e-21 1.224067402475375390e-20
3.148048926097966049e+00 8.376709991759077994e-20 2.342308144860555813e-21 1.836033532505267569e-20
3.151129208804519521e+00 8.120072194532494514e-20 3.703309445063177167e-21 3.832295981391156642e-20
3.154209491511073438e+00 7.764111394759162086e-20 1.101952883272169490e-20 2.166651885255149343e-19
3.157289774217626910e+00 1.032766319344438937e-19 8.835226391986904974e-20 2.194154775828933047e-18
3.160370056924180826e+00 1.073729613172314451e-18 1.491074766825090689e-18 4.238015246641084626e-17
3.163450339630734742e+00 3.129063895760901847e-18 4.666217693966173044e-18 1.332780160487252269e-16
3.166530622337288214e+00 9.360431383813148436e-19 1.721357244516028129e-18 4.770752254914005513e-17
3.169610905043842131e+00 1.359387919855674454e-19 1.018281809425000596e-19 2.758565853608406449e-18
3.172691187750395603e+00 9.177801684870969167e-20 1.068920165516316706e-20 2.478460858863588238e-19
3.175771470456949963e+00 8.530045748539286592e-20 3.110483931630492999e-21 6.843285058598167228e-20
3.178851753163503879e+00 8.290142669792934229e-20 1.937959026656252601e-21 2.651227290660048442e-20
3.181932035870057796e+00 8.161918578784712215e-20 1.695275774522162871e-21 2.003936125929217377e-20
3.185012318576611268e+00 8.080238559089340048e-20 1.638409593169662782e-21 1.951677863087091441e-20
3.188092601283165184e+00 8.007872554121540996e-20 1.664245319930229450e-21 2.121896791838930181e-20
3.191172883989718656e+00 7.946904066842093901e-20 1.801740291748093935e-21 2.630733267759482978e-20
3.194253166696272572e+00 7.906513824270128617e-20 2.163662700330891543e-21 4.345230470551463545e-20
3.197333449402826488e+00 7.906222908203031147e-20 3.126989533878417359e-21 7.666391691491583032e-20
3.200413732109379961e+00 8.023750575596450038e-20 5.991441492083434092e-21 1.945411521799234041e-19
3.203494014815933877e+00 8.590672248908304548e-20 1.614014990987339846e-20 5.546281873227324288e-19
3.206574297522487349e+00 1.145401379249985084e-19 6.331629409609401113e-20 2.207170839996138382e-18
3.209654580229041265e+00 3.300728571727947930e-19 4.108998725536301753e-19 1.428666886463958313e-17
3.212734862935595181e+00 4.609023491713100911e-18 7.282440826029281980e-18 2.535635273947276248e-16
3.215815145642148654e+00 9.687980848092307083e-15 1.554011533432786982e-14 5.373688579118808820e-13
3.218895428348703014e+00 3.210879614792252429e-14 5.150898817717264872e-14 1.781163312052261179e-12
3.221975711055256930e+00 6.615482941122624237e-15 1.061158670566350374e-14 3.668957836568087349e-13
3.225055993761810402e+00 2.926338601264707440e-18 4.565091768493345030e-18 1.566595575420750761e-16
3.228136276468364319e+00 2.723225854785504846e-19 3.161444861890832194e-19 1.088812285591420842e-17
3.231216559174918235e+00 1.073830713435525159e-19 5.468069386319154032e-20 1.722537991492057346e-18
3.234296841881471707e+00 8.185680541144759002e-20 1.544685974108405880e-20 4.933668319254239349e-19
3.237377124588025623e+00 7.538920904590619096e-20 6.267711812680152370e-21 1.434403399373760379e-19
3.240457407294579095e+00 7.301062120715934855e-20 3.436762732730693337e-21 7.276764043842403424e-20
3.243537690001133011e+00 7.179152381026767452e-20 2.379182912484696478e-21 3.974108342111455516e-20
3.246617972707686484e+00 7.095832728926441441e-20 1.926509688045433069e-21 2.112414331043777679e-20
3.249698255414240400e+00 7.024067093887082814e-20 1.718413663286590153e-21 2.156085088896186384e-20
3.252778538120794316e+00 6.956155790948458699e-20 1.622924665423093703e-21 1.269430541247930772e-20
3.255858820827347788e+00 6.889668131125203788e-20 1.586845348113972463e-21 1.671971048426578907e-20
3.258939103533901704e+00 6.796558771215685342e-20 1.656297707022464487e-21 1.328104294862726735e-20
3.262019386240456065e+00 6.639585605355325569e-20 2.043588652546338620e-21 2.999439995457298759e-20
3.265099668947009981e+00 6.346492555154491503e-20 4.222373825020268824e-21 1.046720580895260306e-19
3.268179951653563453e+00 6.798949773938125644e-20 2.899308414334016494e-20 1.381016108363183542e-18
3.271260234360117369e+00 3.930529141057042760e-19 3.851437935783038117e-19 2.197277846964928811e-17
3.274340517066670841e+00 6.912116968796744185e-19 8.078575240961305561e-19 4.664079786595212055e-17
3.277420799773224758e+00 1.469519170053095517e-19 2.051655547717797047e-19 1.108133990188193844e-17
3.280501082479778230e+00 7.029521029925772339e-20 1.255877331413104302e-20 5.596139764065981075e-19
3.283581365186332146e+00 6.718630350908077281e-20 2.448019761886141235e-21 6.900335570321534405e-20
3.286661647892886062e+00 6.610700244234034243e-20 1.470650913742418022e-21 1.562500166799618464e-20
3.289741930599439534e+00 6.538747650292704210e-20 1.303911066015196481e-21 1.200098727275826492e-20
3.292822213305993451e+00 6.482646730811393483e-20 1.262171526184727086e-21 1.126571549143413060e-20
3.295902496012546923e+00 6.436316344026316974e-20 1.246683319329193201e-21 7.867156396144229621e-21
3.298982778719100839e+00 6.401663776331006698e-20 1.234889138842449984e-21 8.639722960148326030e-21
3.302063061425655199e+00 6.397387596822739601e-20 1.209100872389876602e-21 1.186122422699975773e-20
3.305143344132209116e+00 6.445771310142969856e-20 1.166150506529732476e-21 1.679959730714151067e-20
3.308223626838762588e+00 6.233047423010599277e-20 1.482431699568185124e-21 2.903398650884982236e-20
3.311303909545316504e+00 6.004990206936562655e-20 1.785884521663235728e-21 2.643327113483653187e-20
3.314384192251869976e+00 6.195705361345026229e-20 1.342339737649280952e-21 7.295661143434107228e-21
3.317464474958423892e+00 6.193349589491833717e-20 1.184432481302859104e-21 1.325782635847313286e-20
3.320544757664977809e+00 6.156025719952557047e-20 1.159492998727834904e-21 9.462548828760537222e-21
3.323625040371531281e+00 6.158694330615686336e-20 1.123624953303253058e-21 1.221144166621948826e-20
3.326705323078085197e+00 6.079120541488122505e-20 1.189348601545986025e-21 2.843664495171915335e-20
3.329785605784638669e+00 5.829539298211556305e-20 1.483861037762935597e-21 2.193849011073848688e-20
3.332865888491192585e+00 5.933651325392700964e-20 1.285540424029449828e-21 9.821374254750621208e-21
3.335946171197746501e+00 5.950786737799026444e-20 1.142457736972917718e-21 1.413495814146799924e-20
3.339026453904299974e+00 5.898147421457783597e-20 1.132448964303138667e-21 6.973699087015169955e-21
3.342106736610853890e+00 5.846338496073172546e-20 1.139020138244994993e-21 8.485592774553227447e-21
3.345187019317408250e+00 5.794272835462101202e-20 1.151571817453653992e-21 8.999067143052520014e-21
3.348267302023961722e+00 5.733155539497485242e-20 1.183575299184137678e-21 1.592859073950900071e-20
3.351347584730515639e+00 5.645253161453951462e-20 1.288401278534335929e-21 1.208654889110166230e-20
3.354427867437069555e+00 5.480769521405987095e-20 1.760042240579754272e-21 4.796119256119658439e-20
3.357508150143623027e+00 5.144538541437029875e-20 5.462959654799417803e-21 2.952725074808324076e-19
3.360588432850176943e+00 8.725883980360615230e-20 6.961173583627799202e-20 5.704291833579763926e-18
3.363668715556730415e+00 4.560160879465989687e-19 4.047695901607750082e-19 3.579422306869890076e-17
3.366748998263284332e+00 2.438344592263810322e-19 2.930863723173983363e-19 2.540370519928346758e-17
3.369829280969838248e+00 5.761327166350999746e-20 2.721608711657909765e-20 2.073857163520500678e-18
3.372909563676391720e+00 5.493712222034419969e-20 2.954772830916975537e-21 1.209078650329826025e-19
3.375989846382945636e+00 5.495726379162190555e-20 1.344809880096241036e-21 2.718640538823388751e-20
3.379070129089499108e+00 5.462815152317460539e-20 1.138461378710621306e-21 1.242634242896667293e-20
3.382150411796053024e+00 5.425570169306038920e-20 1.115996677979941089e-21 1.434939290883992083e-20
3.385230694502606497e+00 5.393340472812676094e-20 1.140953974692718434e-21 2.246256843491147618e-20
3.388310977209161301e+00 5.363701136604405808e-20 1.209356182869203440e-21 3.615381262067641797e-20
3.391391259915714773e+00 5.336871241648624058e-20 1.361719839256432252e-21 5.329067246036165625e-20
3.394471542622268689e+00 5.322690423769898256e-20 1.699246291766513023e-21 9.960249847918442762e-20
3.397551825328822162e+00 5.342323347586429976e-20 2.511364948481165783e-21 2.243848431907502632e-19
3.400632108035376078e+00 5.463927534902427442e-20 4.719293097480590558e-21 5.269632466030493853e-19
3.403712390741929994e+00 5.955112618985554830e-20 1.182979587496577774e-20 1.511732083589083942e-18
3.406792673448483466e+00 8.159851293392852141e-20 4.113939704270500130e-20 5.860731119938407627e-18
3.409872956155037382e+00 2.211649159688957431e-19 2.203227727524442987e-19 3.064891273428095407e-17
3.412953238861590854e+00 2.065892488128892653e-18 2.554735452887751068e-18 3.596656206316883419e-16
3.416033521568144771e+00 3.563440878291210446e-16 4.484929868022956910e-16 6.320586036243016831e-14
3.419113804274698243e+00 3.151737742231129999e-15 3.964320728657024619e-15 5.585876748121936670e-13
3.422194086981252159e+00 1.585528886955197032e-15 1.995222851345689800e-15 2.811276109625895823e-13
3.425274369687806075e+00 1.264537025588107517e-17 1.579887023059444798e-17 2.227042841375724782e-15
3.428354652394360436e+00 5.653288703222439099e-19 6.399941315974368653e-19 8.961211936231503401e-17
3.431434935100913908e+00 1.214049214057857261e-19 8.796597605161833288e-20 1.244926917919014154e-17
3.434515217807467824e+00 6.627307809650541784e-20 2.087474332093118053e-20 2.744476689160678964e-18
3.437595500514021740e+00 5.440445876923783926e-20 7.094412598421566454e-21 8.798851712091816805e-19
3.440675783220575212e+00 5.075282849091918149e-20 3.246384523163600506e-21 3.172192097508658859e-19
3.443756065927129129e+00 4.925064711871372324e-20 1.926788422532571384e-21 1.616569160668142388e-19
3.446836348633682601e+00 4.844606732670439790e-20 1.401294659826888147e-21 6.885393906079421260e-20
3.449916631340236517e+00 4.789963656987216474e-20 1.166999785542753405e-21 4.051830073676885402e-20
3.452996914046789989e+00 4.745108933655886686e-20 1.054662749541205847e-21 2.559390895304430194e-20
3.456077196753343905e+00 4.706024716924219236e-20 9.959776113836683178e-22 1.728089171302490796e-20
3.459157479459897822e+00 4.666726561211841651e-20 9.643372573373231805e-22 1.819348064925093325e-20
3.462237762166451294e+00 4.614010765389596623e-20 9.677178031642375888e-22 1.627546371448316524e-20
3.465318044873005210e+00 4.519522952388320934e-20 1.083429403650998423e-21 5.198709270334550376e-20
3.468398327579558682e+00 4.278362876591750588e-20 2.191081781181178878e-21 3.829591747568122390e-19
3.471478610286113486e+00 5.379439907302158972e-20 2.048164037519148652e-20 7.371122591903269022e-18
3.474558892992666959e+00 1.516600399698340534e-19 7.287922731882847658e-20 3.037539489964843447e-17
3.477639175699220875e+00 6.290967423911556582e-20 3.671415492722966088e-20 1.432789946277547051e-17
3.480719458405774347e+00 4.188090029245083466e-20 3.699117882192514053e-21 9.131341780480482715e-19
3.483799741112328263e+00 4.406980694058021628e-20 1.171217150378127432e-21 7.040948115451633460e-20
3.486880023818881735e+00 4.426407617555339858e-20 9.275152697996262803e-22 1.941918884122141171e-20
3.489960306525435652e+00 4.409974240909853557e-20 8.772161579082380173e-22 8.603467057061621806e-21
3.493040589231989568e+00 4.386322253933872375e-20 8.595144075501716307e-22 5.669046965467140235e-21
3.496120871938543040e+00 4.361179592823435315e-20 8.503868666317482279e-22 8.364224240990234056e-21
3.499201154645096956e+00 4.336385943881453867e-20 8.443234166590825514e-22 7.830893664798741516e-21
3.502281437351650428e+00 4.315919502720611806e-20 8.377570807760109240e-22 7.016884088244900605e-21
3.505361720058204344e+00 4.315919246339121587e-20 8.172563353437480868e-22 1.054304365185509329e-20
3.508442002764758261e+00 4.315183649395543057e-20 7.874382057802475627e-22 1.712224332957975613e-20
3.511522285471311733e+00 4.183265338330590784e-20 8.828588374977466412e-22 2.847771572104821108e-20
3.514602568177866093e+00 4.174039812242199050e-20 8.752543980652267109e-22 1.330970304950453651e-20
3.517682850884420009e+00 4.189375807719988045e-20 8.204351810366118032e-22 7.468087948028068149e-21
3.520763133590973482e+00 4.170493925005813559e-20 8.055450091535610194e-22 8.368445152857558171e-21
3.523843416297527398e+00 4.155871015643375818e-20 7.943837073265148308e-22 7.982087695869206147e-21
3.526923699004081314e+00 4.155017965428341168e-20 7.680305545371151710e-22 2.004773031985765712e-20
3.530003981710634786e+00 4.076478692319567020e-20 8.017765090997910531e-22 2.475306078704987378e-20
3.533084264417188702e+00 4.030299476979130257e-20 8.316809106235080665e-22 1.727503370742742432e-20
3.536164547123742175e+00 4.043623553597841647e-20 7.910305276204583382e-22 5.503935796608375247e-21
3.539244829830296091e+00 4.025420394096135206e-20 7.762215566319668540e-22 9.880693106001780489e-21
3.542325112536850007e+00 4.000416279256770968e-20 7.710519530832877043e-22 5.448822948244739142e-21
3.545405395243403479e+00 3.975043940304112626e-20 7.672503027558859900e-22 1.160302210654583285e-20
3.548485677949957395e+00 3.948923640534866672e-20 7.641162256296564050e-22 6.974730050179156567e-21
3.551565960656510867e+00 3.919363944228931041e-20 7.640448015909996183e-22 1.373518746541931608e-20
3.554646243363065228e+00 3.877386715641639207e-20 7.812475874312500791e-22 2.322220605792362796e-20
3.557726526069619144e+00 3.781995365547405738e-20 9.372751448559107887e-22 1.365233163214804982e-19
3.560806808776173060e+00 3.472114939119004240e-20 3.230917596258364988e-21 1.821384691064593045e-18
3.563887091482726532e+00 6.526454013260827426e-20 2.508412056196052026e-20 2.102683117257832213e-17
3.566967374189280449e+00 8.897879811771888013e-20 3.122038220077734253e-20 2.911912537429829349e-17
3.570047656895833921e+00 3.439404967964863580e-20 6.314618872253814829e-21 4.556677326890525617e-18
3.573127939602387837e+00 3.615723098210128164e-20 1.208499181074136616e-21 2.482549043879834573e-19
3.576208222308941753e+00 3.709821315192139302e-20 8.331469066782105304e-22 4.145669296686262439e-20
3.579288505015495225e+00 3.717603438171774927e-20 7.708830760659874700e-22 1.271595387502255395e-20
3.582368787722049142e+00 3.705695696650793326e-20 7.555807394739439033e-22 1.891287865419102713e-20
3.585449070428602614e+00 3.688975473871907878e-20 7.546142596206860018e-22 1.581837857463994472e-20
3.588529353135156530e+00 3.672070048835886226e-20 7.621494116928333685e-22 3.149767910250928752e-20
3.591609635841710002e+00 3.655013337663199920e-20 7.826109532969671170e-22 6.204851574428837327e-20
3.594689918548263918e+00 3.639713056363858669e-20 8.279917653570323884e-22 1.004421730898446087e-19
3.597770201254818279e+00 3.630136199732931803e-20 9.291796103174419488e-22 2.238576217087783676e-19
3.600850483961372195e+00 3.636062631332725072e-20 1.177936456868582186e-21 5.325213907277599549e-19
3.603930766667925667e+00 3.690963029942058158e-20 1.892669460286931211e-21 1.438074769124400838e-18
3.607011049374479583e+00 3.942556430723290686e-20 4.473679390124399266e-21 4.949979678822223093e-18
3.610091332081033499e+00 5.317001732921145212e-20 1.768917372905859597e-20 2.361497270127082017e-17
3.613171614787586972e+00 1.848409308938607326e-19 1.424955591218376632e-19 2.033591948788282405e-16
3.616251897494140888e+00 6.128568538986636696e-18 5.767370926710427827e-18 8.383844959997663459e-15
3.619332180200694360e+00 1.986414689052191473e-16 1.879503102564371548e-16 2.741303446161182423e-13
3.622412462907248276e+00 2.293107051788749439e-16 2.169812522779151437e-16 3.161823147052936476e-13
3.625492745613801748e+00 1.175217888313047182e-17 1.108995521711786718e-17 1.619886160922520410e-14
3.628573028320355665e+00 2.282524574280283821e-19 1.844565164689888738e-19 2.720824566244940414e-16
3.631653311026909581e+00 5.383970369409713341e-20 1.952569467511023368e-20 2.890556998290092884e-17
3.634733593733463053e+00 3.751589153600678810e-20 4.250344495695013661e-21 5.795926351524369344e-18
3.637813876440016969e+00 3.450783572361021482e-20 1.582750995824515696e-21 1.691491952367533407e-18
3.640894159146571329e+00 3.362961052365052611e-20 9.288909291715844922e-22 6.077262772869368935e-19
3.643974441853125246e+00 3.323490113632825689e-20 7.309868457725834475e-22 2.651000665991047637e-19
3.647054724559678718e+00 3.297860929100728284e-20 6.616537172478843593e-22 1.190925843385703806e-19
3.650135007266232634e+00 3.276785422715013394e-20 6.342691270278178233e-22 7.848569306715264428e-20
3.653215289972786106e+00 3.257142355649868527e-20 6.222921038663524575e-22 3.706700770705712777e-20
3.656295572679340022e+00 3.237913577177819098e-20 6.163113502652777137e-22 2.909986353825926997e-20
3.659375855385893495e+00 3.219758239441274972e-20 6.116349147569014652e-22 2.234600452987665698e-20
3.662456138092447411e+00 3.201172844648892173e-20 6.077247894027927214e-22 1.533713510043516290e-20
3.665536420799001327e+00 3.178584213301597517e-20 6.077812348694946697e-22 3.119246115056579600e-20
3.668616703505554799e+00 3.133166968333995338e-20 6.462719939165007420e-22 1.409227818039237728e-19
3.671696986212108715e+00 2.924001961111481743e-20 1.374998925990159625e-21 1.874736145169891847e-18
3.674777268918662188e+00 3.734092539788738571e-20 5.248846949045264214e-21 1.455616456046703812e-17
3.677857551625216104e+00 4.125313416781641601e-20 3.957249294883427591e-21 1.341015943493890045e-17
3.680937834331770464e+00 2.915491963434805088e-20 1.171501658819206184e-21 1.507588598248962245e-18
3.684018117038324380e+00 3.019080050484683440e-20 6.774744976938658204e-22 1.071739535844747647e-19
3.687098399744877852e+00 3.041346799149897398e-20 6.141798713518069902e-22 2.312824004049259381e-20
3.690178682451431769e+00 3.035644968419262099e-20 5.964741013462142250e-22 1.004748266552484352e-20
3.693258965157985241e+00 3.022732373066490960e-20 5.883244223436538421e-22 7.871605803472742582e-21
3.696339247864539157e+00 3.007466354748214524e-20 5.831788083556204153e-22 7.148928137226519090e-21
3.699419530571093073e+00 2.991177740157664008e-20 5.794223944947096269e-22 6.026865433847958985e-21
3.702499813277646545e+00 2.974406527683553568e-20 5.765805101784724716e-22 6.407356885043398351e-21
3.705580095984200462e+00 2.959230214770316836e-20 5.733759405206697615e-22 9.415696091989757320e-21
3.708660378690753934e+00 2.955765349148003207e-20 5.606703097373481247e-22 1.191871475356405325e-20
3.711740661397307850e+00 2.939109031200769037e-20 5.535411831706567872e-22 1.802450542170304771e-20
3.714820944103861766e+00 2.898392836221980908e-20 5.718570273734380814e-22 2.220231912173825929e-20
3.717901226810415238e+00 2.888623685754424558e-20 5.648665629728003462e-22 8.905911231844032078e-21
3.720981509516969155e+00 2.876940185505440534e-20 5.577053375747566753e-22 5.243963681839293995e-21
3.724061792223523515e+00 2.862121858374128453e-20 5.539502194928084402e-22 1.087550319009781533e-20
3.727142074930076987e+00 2.851724160179235799e-20 5.472921348005582114e-22 7.213060483082668098e-21
3.730222357636630903e+00 2.842815451300458827e-20 5.356374807153004735e-22 1.207014351076471179e-20
3.733302640343184819e+00 2.809889781585146429e-20 5.458193666892588584e-22 1.062761574705868703e-20
3.736382923049738292e+00 2.794698631842618605e-20 5.449476109663838898e-22 1.051267285917131485e-20
3.739463205756292208e+00 2.783715530326460130e-20 5.379215425263719283e-22 4.970170221580016077e-21
3.742543488462845680e+00 2.769525538228927419e-20 5.334948182429956827e-22 6.533143074881333131e-21
3.745623771169399596e+00 2.754656409178542512e-20 5.298323219570773865e-22 5.186647061869616577e-21
3.748704053875953512e+00 2.739930361499429877e-20 5.261406023588807952e-22 6.260402544967145137e-21
3.751784336582506985e+00 2.725633440533740676e-20 5.220476642817209112e-22 6.080785473172402574e-21
3.754864619289060901e+00 2.712001512808976134e-20 5.173449364712487662e-22 5.667638076464609002e-21
3.757944901995614373e+00 2.698281653593376733e-20 5.145005123824732801e-22 3.749456874701241441e-20
3.761025184702168289e+00 2.663403440324626599e-20 5.733478769262350292e-22 3.640352924720104895e-19
3.764105467408722649e+00 2.438755250779296063e-20 1.743572958767777389e-21 5.995836898871239532e-18
3.767185750115276566e+00 3.251125170051929465e-20 2.639519329801559274e-21 1.575761425785449814e-17
3.770266032821830038e+00 2.798396584264754146e-20 1.098622640035609656e-21 4.925021020522552466e-18
3.773346315528383954e+00 2.567066183459762150e-20 5.957330196113517921e-22 2.863999237866235956e-19
3.776426598234937426e+00 2.584563293339673038e-20 5.268922949614976507e-22 3.609607842573229515e-20
3.779506880941491342e+00 2.581688816078072046e-20 5.094388707134120878e-22 1.030997343481290146e-20
3.782587163648045259e+00 2.571648995826331722e-20 5.016405391113761702e-22 9.067734648636005551e-21
3.785667446354598731e+00 2.559100662262800800e-20 4.968769101141633354e-22 1.024225899669702965e-20
3.788747729061152647e+00 2.545816824557978381e-20 4.930890609973275836e-22 4.300310039515842722e-21
3.791828011767706119e+00 2.532348905656059063e-20 4.895632557060481222e-22 1.190929829342129733e-20
3.794908294474260035e+00 2.518600072723581499e-20 4.863848137719087005e-22 7.386707189903532146e-21
3.797988577180813508e+00 2.504702973303409307e-20 4.835380531304892371e-22 1.918325116535533520e-20
3.801068859887367424e+00 2.490683269780010891e-20 4.814234399351232821e-22 3.029542867739456327e-20
3.804149142593921340e+00 2.476630439547857293e-20 4.816944866759286480e-22 7.459033777463946651e-20
3.807229425300475700e+00 2.462878183505560173e-20 4.921535978295182003e-22 2.135415643579974259e-19
3.810309708007029172e+00 2.452830566647121779e-20 5.596153061071400798e-22 9.324709185749945020e-19
3.813389990713583089e+00 2.486322480203296064e-20 1.132010633258272134e-21 6.112179501263757969e-18
3.816470273420137005e+00 3.752836700197643148e-20 1.441732906175059725e-20 1.232536724098211048e-16
3.819550556126690477e+00 6.149341984294728090e-18 6.083051442514139861e-18 5.282201555224051091e-14
3.822630838833244393e+00 1.634225714345840227e-17 1.626554166175785224e-17 1.414056942639107582e-13
3.825711121539797865e+00 2.694793463588480750e-18 2.649798080038060254e-18 2.299791510772470237e-14
3.828791404246351782e+00 2.933270248535270747e-20 5.689361067161613754e-21 4.434455401027641231e-17
3.831871686952905254e+00 2.410254326687141374e-20 8.765598374732639603e-22 3.341785114267528074e-18
3.834951969659459170e+00 2.357843002844125925e-20 5.345401497506086808e-22 5.791977703193255154e-19
3.838032252366013086e+00 2.337469392273261873e-20 4.753978839297986874e-22 1.757474826801660818e-19
3.841112535072566558e+00 2.322419049092015268e-20 4.580710033331584689e-22 4.028201051271751055e-20
3.844192817779120475e+00 2.308820334978191511e-20 4.504045515093944198e-22 2.546478648618205253e-20
3.847273100485673947e+00 2.295787173474547086e-20 4.456830651674562142e-22 1.610892313059266145e-20
3.850353383192228751e+00 2.283092256962140079e-20 4.420619026336642276e-22 7.606370644550522686e-21
3.853433665898782223e+00 2.270638824147385449e-20 4.388423522226577631e-22 8.726803493796747350e-21
3.856513948605336140e+00 2.258262359438237703e-20 4.359084778810981118e-22 7.351435474714134054e-21
3.859594231311889612e+00 2.246089796586651086e-20 4.330302726413489851e-22 3.717815151489204736e-21
3.862674514018443528e+00 2.234551999487039894e-20 4.297034234959742269e-22 9.222862237021104146e-21
3.865754796724997000e+00 2.224011256846924792e-20 4.255188252601924923e-22 7.335597539066303711e-21
3.868835079431550916e+00 2.215760824699026714e-20 4.197233531366076727e-22 2.205450610772294492e-20
3.871915362138104832e+00 2.206965299410695533e-20 4.286714867137038412e-22 2.701625542435873380e-19
3.874995644844658305e+00 2.076106254804298225e-20 7.867432094640647160e-22 3.751705520351611652e-18
3.878075927551212221e+00 2.280753055838286888e-20 7.479411266768602874e-22 6.701995464442020094e-18
3.881156210257765693e+00 2.213813944060541921e-20 4.454098807061129605e-22 1.428142176587099348e-18
3.884236492964319609e+00 2.141976593114683665e-20 4.266370323816345715e-22 7.925838903694955084e-20
3.887316775670873525e+00 2.132988129733932485e-20 4.176467835608488654e-22 1.258947571343316515e-20
3.890397058377427886e+00 2.123364463823775490e-20 4.128531040017056916e-22 6.018634811482674952e-21
3.893477341083981358e+00 2.112701270038224886e-20 4.095548101097917677e-22 1.142126233423856522e-20
3.896557623790535274e+00 2.101647284338115439e-20 4.068130749313038450e-22 4.603805749546051948e-21
3.899637906497088746e+00 2.090348338482160248e-20 4.043990075218182284e-22 7.019023062784330980e-21
3.902718189203642662e+00 2.078917796949656949e-20 4.022468578114102005e-22 5.227577357610480928e-21
3.905798471910196579e+00 2.067069983967464031e-20 4.006332155880049042e-22 6.306097538126824470e-21
3.908878754616750051e+00 2.055378384269458364e-20 3.992620531905733200e-22 7.539236372447697132e-21
3.911959037323303967e+00 2.048790229786609353e-20 3.928891035251355949e-22 1.005544029252152585e-20
3.915039320029857439e+00 2.037346911183736595e-20 3.900821394949829220e-22 6.269783999702284347e-21
3.918119602736411355e+00 2.022572864768261561e-20 3.916738278548323330e-22 8.561359995606507404e-21
3.921199885442965272e+00 2.011757767262454773e-20 3.895697936822129208e-22 5.190157650717499278e-21
3.924280168149518744e+00 2.000974143395890510e-20 3.874079204238691847e-22 5.522894496284856268e-21
3.927360450856072660e+00 1.989793721905932416e-20 3.858134056611538519e-22 6.860428077748241457e-21
3.930440733562626132e+00 1.980783676493254306e-20 3.820529196142463029e-22 1.112500738419567451e-20
3.933521016269180492e+00 1.971946240394253881e-20 3.774077443673136909e-22 7.065965715319224339e-21
3.936601298975734409e+00 1.958445146089919750e-20 3.783240598310014738e-22 3.641593915748690753e-21
3.939681581682288325e+00 1.947623257144724815e-20 3.766631498585338081e-22 4.258526614659470714e-21
3.942761864388841797e+00 1.937461067110824472e-20 3.742656413997473360e-22 3.082999273067381442e-21
3.945842147095395713e+00 1.927212712124000783e-20 3.719646920238241439e-22 6.524024810017022980e-21
3.948922429801949185e+00 1.917054144063777240e-20 3.696936922208312938e-22 4.720293098373511929e-21
3.952002712508503102e+00 1.907076554273278710e-20 3.673292781895165821e-22 5.710178679300808074e-21
3.955082995215057018e+00 1.897638317218215047e-20 3.645605628776556802e-22 4.486133641051512383e-21
3.958163277921610490e+00 1.889648997992372036e-20 3.606816861201403842e-22 9.568649014418658483e-21
3.961243560628164406e+00 1.886851179812907386e-20 3.537933605541274453e-22 5.764782104980986819e-20
3.964323843334717878e+00 1.880419388555290678e-20 3.901058830514804857e-22 1.137925217924413626e-18
3.967404126041271795e+00 1.758968296950417948e-20 6.989437409451351974e-22 5.996969542541463642e-18
3.970484408747825267e+00 1.927377869743513878e-20 4.330504824244399491e-22 3.582952294001158229e-18
3.973564691454379183e+00 1.849439901566648892e-20 3.509693337816375034e-22 2.638206600731432355e-19
3.976644974160933543e+00 1.825218650873065993e-20 3.529379565398247543e-22 1.867187328986634101e-20
3.979725256867487460e+00 1.814746920610549687e-20 3.511748753669897719e-22 7.375335445512724204e-21
3.982805539574040932e+00 1.805152010650001645e-20 3.490811294318614002e-22 5.513651558226214137e-21
3.985885822280594848e+00 1.795548126343051461e-20 3.470619117515207364e-22 6.977874425915386776e-21
3.988966104987148764e+00 1.785925802403716068e-20 3.451952711906180568e-22 5.315064831055628834e-21
3.992046387693702236e+00 1.776296902959963889e-20 3.433236601519023526e-22 7.120668937668802202e-21
3.995126670400256153e+00 1.766763470552120976e-20 3.415165982006020635e-22 6.999537075022814462e-21
3.998206953106809625e+00 1.757201170415218730e-20 3.397581348353528298e-22 1.082810448851121505e-20
4.001287235813363097e+00 1.747666436338851616e-20 3.382045560827157990e-22 1.610181094736948946e-20
4.004367518519917013e+00 1.738128261799431284e-20 3.371030193726672728e-22 4.240804009423844868e-20
4.007447801226470929e+00 1.728559454060732935e-20 3.374817500317158477e-22 9.986474814780000028e-20
4.010528083933024845e+00 1.718965442743774546e-20 3.443917982535707492e-22 3.561662599326338814e-19
4.013608366639578762e+00 1.710860389208180139e-20 3.957138420256278997e-22 2.025734513160378939e-18
4.016688649346132678e+00 1.741719637417081191e-20 1.130029405908533007e-21 2.579434743306505884e-17
4.019768932052686594e+00 2.050588665374671414e-19 2.735901126847863672e-19 8.874113599611999051e-15
4.022849214759240510e+00 1.329644825994104248e-18 1.869031228287024197e-18 6.075249795010352360e-14
4.025929497465794427e+00 5.472282467764064261e-19 7.661308728718509342e-19 2.487983070561764506e-14
4.029009780172347455e+00 1.886090389971272096e-20 3.088247839155986368e-21 9.035156067016576907e-17
4.032090062878901371e+00 1.670590494946802714e-20 4.463094496406391544e-22 4.302575122556301258e-18
4.035170345585455287e+00 1.650466081694608437e-20 3.352814929037814234e-22 5.848507872997367903e-19
4.038250628292009203e+00 1.639582429727259337e-20 3.200718098034041038e-22 1.542279257946838571e-19
4.041330910998563120e+00 1.630181921198458007e-20 3.156518716941317679e-22 4.461648804495549188e-20
4.044411193705116148e+00 1.621168346971292936e-20 3.132565176341470483e-22 2.195048858704642396e-20
4.047491476411670064e+00 1.612343631457090016e-20 3.113646202488043857e-22 7.136182691132857861e-21
4.050571759118223980e+00 1.603639305705741816e-20 3.096094965624932382e-22 1.162189367622803579e-20
4.053652041824777896e+00 1.595010907974390820e-20 3.078905260317204567e-22 4.450271629523376205e-21
4.056732324531330924e+00 1.586489133511444511e-20 3.061674345294497490e-22 4.830343673995442429e-21
4.059812607237885729e+00 1.578006210958593509e-20 3.044790129413234351e-22 4.380900528956967715e-21
4.062892889944439645e+00 1.569630030101049801e-20 3.027766330964489672e-22 4.286276615036474197e-21
4.065973172650993561e+00 1.561567498016397469e-20 3.008510358506090478e-22 5.355497976229130377e-21
4.069053455357546589e+00 1.554246989749103552e-20 2.982862817817231293e-22 1.300624338393580487e-20
4.072133738064100505e+00 1.549884827023227116e-20 2.929714524889993057e-22 5.077702213565460555e-20
4.075214020770654422e+00 1.541059604371603876e-20 3.008434471026362679e-22 1.086439818589014305e-18
4.078294303477208338e+00 1.488318802217590781e-20 4.089603736644764891e-22 3.906224424565679418e-18
4.081374586183762254e+00 1.545575103645250240e-20 2.992483753540620586e-22 1.570403391141406091e-18
4.084454868890315282e+00 1.515874996294981926e-20 2.866134790414475930e-22 9.021534341784789221e-20
4.087535151596869198e+00 1.503618078536031664e-20 2.892003950206295456e-22 1.076614828342317852e-20
4.090615434303423115e+00 1.495127437108542047e-20 2.884295353273940822e-22 6.787855200182377072e-21
4.093695717009977031e+00 1.487080872233793887e-20 2.870626488810475158e-22 3.074961077321075939e-21
4.096775999716530947e+00 1.479111291174782449e-20 2.855867359263169994e-22 4.814615410935509180e-21
4.099856282423083975e+00 1.471186402637708545e-20 2.840714270773973413e-22 2.501885832487295453e-21
4.102936565129638780e+00 1.463299717353972540e-20 2.825610340066751373e-22 5.072713730357527171e-21
4.106016847836192696e+00 1.455330320476787830e-20 2.811151548512993742e-22 3.161812122860642111e-21
4.109097130542746612e+00 1.447107367887700603e-20 2.801520045598441013e-22 7.347233779374386096e-21
4.112177413249299640e+00 1.439483144081588525e-20 2.792584869408556250e-22 7.331184195549031570e-21
4.115257695955853556e+00 1.433525486435851881e-20 2.756576334363382281e-22 8.920873892181115612e-21
4.118337978662407473e+00 1.424946916370544654e-20 2.743338839565881190e-22 4.742342238717037631e-21
4.121418261368961389e+00 1.416803421136951683e-20 2.736095299661777357e-22 4.658079942045733935e-21
4.124498544075514417e+00 1.409176256679953230e-20 2.722731462955093800e-22 5.130703318410822762e-21
4.127578826782068333e+00 1.401491367718225630e-20 2.710256921111614451e-22 3.674418339079397528e-21
4.130659109488622249e+00 1.393974830114801057e-20 2.700934035470760420e-22 3.895045536410571862e-21
4.133739392195176166e+00 1.387637152438410367e-20 2.676416270880866838e-22 6.672538677420240069e-21
4.136819674901730082e+00 1.379816348175526537e-20 2.657204902647393606e-22 4.183891667540197285e-21
4.139899957608283110e+00 1.371957148660316214e-20 2.649444339131454615e-22 5.061944552500686214e-21
4.142980240314837914e+00 1.364679825490456318e-20 2.636589454603613985e-22 3.126564631280873898e-21
4.146060523021391830e+00 1.357449484682660143e-20 2.622428166495615097e-22 5.661297925384526977e-21
4.149140805727945747e+00 1.350276856012920840e-20 2.608351713287419957e-22 4.037086048758721847e-21
4.152221088434498775e+00 1.343152903535157312e-20 2.594189472813979708e-22 4.913135439044762225e-21
4.155301371141052691e+00 1.336205317611542508e-20 2.579934435777623883e-22 2.715410930339744206e-21
4.158381653847606607e+00 1.329630913310898324e-20 2.564171862386264897e-22 8.450453418044904312e-21
4.161461936554160523e+00 1.324537455972733200e-20 2.539899174064726343e-22 1.757310189169854897e-20
4.164542219260714440e+00 1.325272217404511406e-20 2.455007367959229973e-22 2.424261883810477861e-19
4.167622501967267468e+00 1.283548261300702590e-20 2.796194727676120378e-22 2.345326663717396125e-18
4.170702784673821384e+00 1.297631899542986171e-20 3.231035647585893520e-22 2.814010913163786063e-18
4.173783067380375300e+00 1.308398900493742712e-20 2.423635266777878056e-22 3.843229182898822780e-19
4.176863350086929216e+00 1.288269736723896366e-20 2.452646382644788619e-22 2.234702340095890820e-20
4.179943632793483133e+00 1.279890810120740338e-20 2.461788867806546116e-22 7.062974287392104898e-21
4.183023915500036161e+00 1.272802082328390204e-20 2.455103582109532292e-22 5.817388656028379319e-21
4.186104198206590965e+00 1.265944087817224758e-20 2.444540323031732038e-22 4.337006326396208570e-21
4.189184480913144881e+00 1.259108209694040021e-20 2.432809681081607592e-22 2.578465858773494099e-21
4.192264763619697909e+00 1.252301134919510450e-20 2.421158948160257703e-22 7.021022753387641220e-21
4.195345046326251826e+00 1.245508430133609594e-20 2.409665554287890625e-22 7.763848410040318289e-21
4.198425329032805742e+00 1.238705013048138798e-20 2.398542361497500117e-22 9.941971405861542087e-21
4.201505611739359658e+00 1.231833764886269737e-20 2.388866393134679258e-22 1.987181247043613084e-20
4.204585894445913574e+00 1.224819303185197576e-20 2.382183921469401326e-22 4.724029222334005446e-20
4.207666177152466602e+00 1.217465554050386489e-20 2.383821705555704821e-22 1.178991618171329325e-19
4.210746459859020518e+00 1.209393559818643000e-20 2.415031834618554324e-22 4.109094839205443606e-19
4.213826742565574435e+00 1.199802794812744026e-20 2.601269842470190384e-22 1.940100787987940287e-18
4.216907025272128351e+00 1.194606418899893287e-20 4.389032875834072716e-22 1.814913552119190888e-17
4.219987307978682267e+00 2.175372699128591735e-20 1.021424744343981038e-20 9.515298019492312573e-16
4.223067590685235295e+00 2.892985979536796578e-19 2.220740327379301146e-19 2.155310716650615813e-14
4.226147873391789211e+00 2.559401372144540514e-19 2.114181333767164716e-19 2.038345901685535695e-14
4.229228156098344016e+00 2.266479659480620659e-20 7.704716197958590212e-21 7.359036142012380293e-16
4.232308438804897932e+00 1.214220580965660442e-20 3.726024752875909677e-22 1.631833789765904137e-17
4.235388721511450960e+00 1.173038615868579093e-20 2.367855536459190720e-22 1.811453751795183373e-18
4.238469004218004876e+00 1.160361312620482679e-20 2.242655417157216916e-22 3.837027889138698486e-19
4.241549286924558793e+00 1.152067539678136181e-20 2.216687031736418957e-22 1.195434115451767676e-19
4.244629569631112709e+00 1.145012892119215264e-20 2.203945338425919039e-22 4.077089614491366507e-20
4.247709852337666625e+00 1.138441766514748425e-20 2.193226315616660332e-22 2.075447616184720984e-20
4.250790135044219653e+00 1.132112153448648214e-20 2.182543205660578526e-22 1.441829497803835482e-20
4.253870417750773569e+00 1.125926850492764519e-20 2.171750552108378909e-22 7.815672793311111663e-21
4.256950700457327486e+00 1.119860060343706095e-20 2.160763782608055576e-22 6.539535757079606635e-21
4.260030983163881402e+00 1.113854169424661555e-20 2.149552705181771290e-22 3.319755650075214219e-21
4.263111265870434430e+00 1.107901072828137405e-20 2.138642237533771068e-22 4.466471477937948968e-21
4.266191548576988346e+00 1.102121922291155182e-20 2.127769542472698532e-22 8.301472474177827173e-21
4.269271831283543150e+00 1.096715239334410347e-20 2.116280730751629003e-22 8.643856304228109478e-21
4.272352113990097067e+00 1.092683072211509744e-20 2.100420206535742032e-22 1.797221524487068224e-20
4.275432396696650095e+00 1.093183753326425178e-20 2.035870988492471514e-22 2.130959615549616447e-19
4.278512679403204011e+00 1.053817812463018033e-20 2.167874134235434480e-22 1.352242550928583930e-18
4.281592962109757927e+00 1.079203383170679711e-20 2.275294367377098058e-22 1.068882897801046508e-18
4.284673244816311843e+00 1.074248637516320286e-20 2.025255019470013777e-22 1.155251194995455659e-19
4.287753527522865760e+00 1.062144200972248525e-20 2.036380745459541577e-22 1.039339060673797104e-20
4.290833810229418788e+00 1.055680141866084531e-20 2.033772830066809794e-22 3.116347064232542156e-21
4.293914092935972704e+00 1.049926082034183573e-20 2.025609984506154084e-22 3.615976247594593317e-21
4.296994375642526620e+00 1.044286452960513510e-20 2.015905357100753490e-22 4.426234669744118014e-21
4.300074658349080536e+00 1.038704673503839809e-20 2.005466978615512278e-22 5.622714965707402043e-21
4.303154941055634453e+00 1.033169429858008005e-20 1.994990296370798309e-22 4.962440786823854442e-21
4.306235223762187481e+00 1.027606725574035754e-20 1.984290614482584062e-22 3.988862204086757698e-21
4.309315506468741397e+00 1.021913539782535833e-20 1.974071397440196829e-22 2.532838653313724962e-21
4.312395789175296201e+00 1.015992641636529668e-20 1.967519746613306514e-22 5.538331804511194829e-21
4.315476071881849229e+00 1.011598605690076816e-20 1.956479233821630300e-22 5.481470961701631506e-21
4.318556354588403146e+00 1.006558401825248898e-20 1.939559415035487829e-22 4.256904808587908086e-21
4.321636637294957062e+00 1.000536187505229654e-20 1.931112840647847346e-22 4.288648369988065005e-21
4.324716920001510978e+00 9.950742240765934566e-21 1.921796159578052298e-22 2.891487559085100761e-21
4.327797202708064894e+00 9.896918983731004851e-21 1.911908075392198474e-22 4.779095522005706829e-21
4.330877485414617922e+00 9.840880728870157834e-21 1.903348691017836937e-22 3.439855633007778860e-21
4.333957768121171839e+00 9.791929265920303832e-21 1.894933804379745302e-22 4.083368202425947614e-21
4.337038050827725755e+00 9.746499658467499936e-21 1.880154094156953221e-22 4.050448469565038542e-21
4.340118333534279671e+00 9.689423348586306155e-21 1.870360218678683497e-22 3.605874678908797530e-21
4.343198616240833587e+00 9.636276093126267581e-21 1.861515077637355691e-22 4.284211683751994139e-21
4.346278898947386615e+00 9.584774881019112194e-21 1.851867133483802118e-22 3.842128150450524200e-21
4.349359181653940531e+00 9.533903383157550713e-21 1.842120166069515706e-22 3.892355892391214704e-21
4.352439464360494448e+00 9.483129020837945492e-21 1.832402104985637548e-22 2.580535086152461791e-21
4.355519747067049252e+00 9.433056550471817428e-21 1.822829229159917533e-22 3.186928687622473365e-21
4.358600029773602280e+00 9.384037748094813350e-21 1.813276951493102262e-22 2.805233663046027007e-21
4.361680312480156196e+00 9.339699334353503249e-21 1.803440000312711171e-22 6.739163656991834930e-21
4.364760595186710113e+00 9.324030591931931428e-21 1.783956784307355087e-22 3.741862014865809616e-20
4.367840877893264029e+00 9.327091669040446068e-21 1.711467656320705864e-22 5.173499450040553625e-19
4.370921160599817945e+00 8.930963142708127562e-21 1.959967629373493256e-22 1.162074512415338569e-18
4.374001443306370973e+00 9.228542299870147307e-21 1.782661577029355398e-22 3.054246409743401585e-19
4.377081726012924889e+00 9.115961487512523487e-21 1.738908075669155858e-22 2.146628985195333654e-20
4.380162008719478806e+00 9.044165125667982366e-21 1.739362544842473237e-22 5.359778533258373598e-21
4.383242291426032722e+00 8.990858454822366638e-21 1.733096783711280387e-22 2.029692650382516223e-21
4.386322574132585750e+00 8.941514860614869203e-21 1.724743372255703103e-22 2.950018320987326779e-21
4.389402856839139666e+00 8.893305583154702730e-21 1.715512631924701595e-22 2.979034948135985643e-21
4.392483139545693582e+00 8.845571771133819907e-21 1.706087126221298295e-22 3.770239279244380002e-21
4.395563422252248387e+00 8.798276971829232915e-21 1.696317881734508971e-22 4.834039201857891129e-21
4.398643704958801415e+00 8.751671803069564366e-21 1.686059691649338004e-22 2.085418836366315888e-21
4.401723987665355331e+00 8.705651102382567759e-21 1.675136541584701475e-22 8.204234561300466793e-21
4.404804270371909247e+00 8.660335168735393255e-21 1.662919803426437417e-22 6.477843167021583890e-21
4.407884553078463163e+00 8.616518713944631968e-21 1.648032678861342691e-22 1.064437966020695302e-20
4.410964835785017080e+00 8.575806755967440450e-21 1.627312241430290175e-22 2.955245940917044072e-20
4.414045118491570108e+00 8.543710490555280565e-21 1.591425720451047417e-22 1.059369656453464465e-19
4.417125401198124024e+00 8.548894951267225347e-21 1.512677174162377040e-22 7.701915745095209976e-19
4.420205683904677940e+00 9.037370514422441452e-21 1.644924680642954011e-22 1.757027190629430786e-17
4.423285966611231856e+00 5.816840736557005012e-20 1.440978617329811663e-20 3.043976990553082571e-15
4.426366249317785773e+00 1.308498771022942821e-19 2.753679816062625286e-20 6.615913255758582907e-15
4.429446532024338801e+00 2.106081761995338501e-20 4.330723279795231484e-21 8.398358280453393637e-16
4.432526814730892717e+00 8.179146479264245485e-21 2.091654897491628681e-22 3.644879528145599283e-18
4.435607097437446633e+00 8.169976772877066548e-21 1.695487501403608865e-22 3.293288019156180742e-19
4.438687380144001438e+00 8.143561171228866252e-21 1.620348075936054390e-22 5.429040184166050298e-20
4.441767662850554466e+00 8.106886675664842560e-21 1.590203064940923188e-22 1.588427025525564871e-20
4.444847945557108382e+00 8.066715550029510869e-21 1.572580878774350187e-22 1.328201325124764392e-20
4.447928228263662298e+00 8.025049429658853462e-21 1.559516256996291528e-22 5.195377273905273799e-21
4.451008510970216214e+00 7.982929066434238216e-21 1.548706478812562609e-22 3.853835111872320782e-21
4.454088793676769242e+00 7.940556168009249176e-21 1.538767487847474747e-22 2.540038685173175515e-21
4.457169076383323159e+00 7.898307578988616631e-21 1.529621363416609287e-22 5.730950184488461841e-21
4.460249359089877075e+00 7.856169053997929234e-21 1.520748152988026105e-22 4.197978409920066506e-21
4.463329641796430991e+00 7.814062665613776952e-21 1.512188760248704532e-22 4.066897052182128432e-21
4.466409924502984907e+00 7.771982306724144584e-21 1.503866139006253614e-22 5.347218441111865365e-21
4.469490207209537935e+00 7.730312825607330638e-21 1.495890218577939594e-22 2.616508129476723621e-21
4.472570489916091852e+00 7.690033651109056369e-21 1.488054088537340175e-22 5.498111813946021176e-21
4.475650772622645768e+00 7.664799864866831159e-21 1.476044381468124491e-22 1.575894320508532123e-20
4.478731055329199684e+00 7.659278849506608876e-21 1.439734345899390107e-22 1.717082742993364490e-19
4.481811338035753600e+00 7.465426387445642334e-21 1.514615723618314217e-22 2.907205145868881264e-19
4.484891620742307516e+00 7.545335519802541011e-21 1.456752065931240970e-22 3.992650466598087316e-20
4.487971903448861433e+00 7.494290927154309668e-21 1.443215976639239942e-22 6.001847029761679823e-21
4.491052186155415349e+00 7.447353916084723825e-21 1.437677607531855333e-22 3.135140461182556186e-21
4.494132468861969265e+00 7.405308904165013089e-21 1.430697573897834878e-22 3.320819472679992032e-21
4.497212751568522293e+00 7.364805819101051217e-21 1.423320224868166748e-22 4.820432492012163062e-21
4.500293034275076209e+00 7.324684322054009261e-21 1.415662920366307214e-22 2.633945390540327098e-21
4.503373316981630126e+00 7.285167204462924831e-21 1.408190235309405626e-22 2.820427386549900174e-21
4.506453599688184042e+00 7.245827410580708581e-21 1.400516778682451708e-22 2.730075736142443133e-21
4.509533882394737958e+00 7.206806602283775331e-21 1.392834120331158052e-22 3.842628043424859747e-21
4.512614165101290986e+00 7.166899117857380910e-21 1.385538690916667151e-22 3.182333694699637115e-21
4.515694447807844902e+00 7.126150062394313102e-21 1.379473519643237277e-22 5.075515826835989160e-21
4.518774730514398819e+00 7.091028946253443018e-21 1.370842267110733058e-22 4.649602938626740893e-21
4.521855013220952735e+00 7.053023592485717870e-21 1.362855053476948850e-22 3.854517741740463300e-21
4.524935295927506651e+00 7.014210946872579592e-21 1.355623722923476239e-22 2.228111763977822112e-21
4.528015578634060567e+00 6.976045516456170594e-21 1.348453520826800665e-22 4.203545071534953453e-21
4.531095861340614483e+00 6.938021066110195143e-21 1.341151629224120651e-22 5.021728338404208616e-21
4.534176144047168400e+00 6.898903380159455061e-21 1.334699284915199665e-22 4.936471886708842496e-21
4.537256426753721428e+00 6.862926339914463042e-21 1.327367970003631223e-22 4.725134299021183410e-21
4.540336709460275344e+00 6.826780587981875567e-21 1.319428303785188696e-22 5.270598092018526060e-21
4.543416992166829260e+00 6.789245680513988347e-21 1.312422360283082809e-22 4.741880105169319006e-21
4.546497274873383176e+00 6.752143529729202226e-21 1.305458239690505075e-22 5.135644560564934586e-21
4.549577557579937093e+00 6.715513806792179861e-21 1.298474720149845104e-22 6.437896728324803804e-21
4.552657840286490121e+00 6.678930069638751307e-21 1.291437507899789335e-22 5.895009114930051390e-21
4.555738122993044037e+00 6.642685647506116960e-21 1.284605230193531078e-22 3.658764382238444174e-21
4.558818405699597953e+00 6.606340556714535970e-21 1.277724553758200191e-22 3.533973839371189921e-21
4.561898688406151869e+00 6.570265712224244234e-21 1.271172671504121942e-22 3.500895676657296414e-21
4.564978971112705786e+00 6.534694862487347235e-21 1.264964169101849967e-22 6.776428235556760085e-21
4.568059253819259702e+00 6.517677653251122171e-21 1.251718103105290426e-22 3.383305281544990919e-20
4.571139536525813618e+00 6.468529596354474497e-21 1.242059751813099009e-22 1.708640053466648226e-19
4.574219819232367534e+00 6.402361759991327621e-21 1.261038849572868021e-22 8.555712562259615519e-20
4.577300101938921451e+00 6.398954086784895294e-21 1.235878261428501096e-22 5.447051745829276357e-21
4.580380384645474479e+00 6.361648152763105465e-21 1.228943256213521937e-22 5.408015936633801826e-21
4.583460667352028395e+00 6.325778692046931269e-21 1.222683987094864879e-22 4.589511155217849475e-21
4.586540950058582311e+00 6.290868959751649753e-21 1.216168350037105209e-22 4.576174177673806254e-21
4.589621232765136227e+00 6.256450622388933058e-21 1.209637311239314215e-22 4.530309181146189608e-21
4.592701515471689255e+00 6.222287185270942193e-21 1.203173316606979436e-22 4.429388701672664140e-21
4.595781798178243172e+00 6.188210141185489127e-21 1.196563060582638166e-22 3.518593854980164507e-21
4.598862080884797088e+00 6.154434663336322934e-21 1.190098547166343356e-22 4.146143952934947627e-21
4.601942363591351004e+00 6.120835591200206394e-21 1.183637618632441360e-22 4.785065794858753261e-21
4.605022646297904920e+00 6.087403901566683489e-21 1.177216089203067853e-22 2.692185838419862352e-21
4.608102929004458836e+00 6.054080692627329872e-21 1.170806430277507489e-22 3.833684498337275228e-21
4.611183211711012753e+00 6.020904359090032255e-21 1.164419806029600879e-22 3.947068616229937432e-21
4.614263494417566669e+00 5.987933136523222440e-21 1.158155424274246063e-22 5.390331844868044609e-21
4.617343777124120585e+00 5.954714822237482154e-21 1.151966055443609767e-22 1.217977528902206506e-20
4.620424059830673613e+00 5.920508756893627343e-21 1.147812563092973621e-22 1.296184836045615988e-19
4.623504342537227529e+00 6.071878260928073046e-21 3.056678444024159073e-22 1.199928840368691467e-16
4.626584625243781446e+00 7.553098066071614327e-21 1.125674051005803801e-21 6.460797871066891160e-16
4.629664907950335362e+00 6.191836179372119303e-21 4.535144420015336164e-22 2.144571190600854339e-16
4.632745190656889278e+00 5.799037956160474231e-21 1.123092051425330374e-22 2.493547530100038319e-19
4.635825473363442306e+00 5.763454290727953894e-21 1.114356118964686016e-22 1.473286623959818980e-20
4.638905756069996222e+00 5.731125640833055517e-21 1.108281453804345362e-22 5.319858813851397537e-21
4.641986038776550139e+00 5.699446447381181598e-21 1.102237325690486738e-22 4.546932124277592275e-21
4.645066321483104055e+00 5.668072899306820281e-21 1.096270900459349108e-22 5.075593979578685236e-21
4.648146604189657971e+00 5.636878093844807948e-21 1.090238534121514012e-22 6.514464989764829642e-21
4.651226886896211887e+00 5.605863750690610124e-21 1.084313614256485704e-22 3.275636534073390014e-21
4.654307169602765804e+00 5.574968643341912627e-21 1.078364639611257569e-22 2.685781479160197033e-21
4.657387452309319720e+00 5.544368095274629298e-21 1.072428675667244371e-22 3.116612573757932567e-21
4.660467735015872748e+00 5.513716027788560661e-21 1.066579833091074274e-22 3.278450344611362392e-21
4.663548017722426664e+00 5.483445144616240849e-21 1.060722549305193574e-22 3.236473408376935102e-21
4.666628300428980580e+00 5.453138385655491046e-21 1.054853292503065967e-22 3.133844851557601247e-21
4.669708583135534496e+00 5.423058994677506710e-21 1.049155981465923458e-22 4.483463281167512203e-21
4.672788865842088413e+00 5.393023315581679723e-21 1.043528595601988316e-22 2.855329379324294285e-21
4.675869148548641441e+00 5.362710722521066999e-21 1.038118942669619195e-22 2.936165317461770911e-21
4.678949431255195357e+00 5.333222340718131001e-21 1.030811869347632022e-22 1.110480740878823606e-20
4.682029713961749273e+00 5.308937457081843000e-21 1.023409510830582909e-22 3.722432428054937935e-20
4.685109996668303189e+00 5.272584071139053967e-21 1.023575683715796494e-22 1.797437799885860921e-20
4.688190279374857106e+00 5.245341625923030683e-21 1.014982227532620679e-22 3.274502821321129909e-21
4.691270562081411022e+00 5.216682681259704404e-21 1.009241385189249535e-22 1.900139541601349070e-21
4.694350844787964938e+00 5.187906446024939373e-21 1.003650054642047542e-22 3.924657402431357992e-21
4.697431127494518854e+00 5.159112556810913138e-21 9.980972741080738518e-23 2.523064497981370854e-21
4.700511410201072771e+00 5.130562635069611930e-21 9.926218743810827277e-23 3.624322273451997916e-21
4.703591692907625799e+00 5.102042332205683036e-21 9.871266201485826250e-23 2.092378200125201726e-21
4.706671975614179715e+00 5.073746205466645373e-21 9.816686469529458504e-23 3.357201988102124550e-21
4.709752258320733631e+00 5.045508113643569924e-21 9.761800017396216445e-23 4.608615130714819794e-21
4.712832541027287547e+00 5.017467856248159924e-21 9.707902689634032383e-23 5.695589082109061902e-21
4.715912823733841464e+00 4.989755803621354264e-21 9.654683873894955426e-23 4.296324031280554750e-21
4.718993106440394492e+00 4.962050222656724905e-21 9.602029269674651076e-23 3.934199074982540297e-21
4.722073389146948408e+00 4.934247958178397722e-21 9.547525929581352860e-23 4.340814492158141616e-21
4.725153671853502324e+00 4.906630996698025043e-21 9.494635720546451027e-23 3.438244375299828390e-21
4.728233954560056240e+00 4.879378256345472589e-21 9.441287006816052439e-23 1.828751772344645966e-21
4.731314237266609268e+00 4.852180713370803133e-21 9.389278255222677365e-23 3.695930006086963940e-21
4.734394519973164073e+00 4.825356319132302230e-21 9.336906436641942629e-23 3.809368078140257293e-21
4.737474802679717989e+00 4.798333387971803107e-21 9.285530193675016621e-23 5.207994584258578142e-21
4.740555085386271905e+00 4.771204155763133867e-21 9.233806114570913689e-23 3.774793727100554700e-21
4.743635368092824933e+00 4.744563717757588778e-21 9.181791188078676200e-23 4.244202979313873625e-21
4.746715650799378849e+00 4.718129809801144778e-21 9.130814439314395093e-23 3.219166042645847205e-21
4.749795933505932766e+00 4.691766590459799134e-21 9.079989898772970370e-23 2.881051208075851710e-21
4.752876216212486682e+00 4.665424488805612513e-21 9.028743386453326055e-23 3.435605266205238097e-21
4.755956498919040598e+00 4.639378001298207360e-21 8.978650249635938041e-23 3.815539473236136968e-21
4.759036781625593626e+00 4.613357193902710205e-21 8.928829898860251584e-23 2.615901257630106625e-21
4.762117064332147542e+00 4.587692912239398037e-21 8.878397294339080850e-23 2.642026348137712133e-21
4.765197347038701459e+00 4.562251407403593282e-21 8.829796069141988907e-23 3.189375220469275675e-21
4.768277629745255375e+00 4.536046136911634476e-21 8.780596494041629405e-23 7.257239112303229686e-21
4.771357912451809291e+00 4.499067515012151466e-21 8.723844744748293614e-23 2.724906490159503482e-20
4.774438195158363207e+00 4.494693785051734864e-21 8.683436574757520239e-23 2.372875727675346002e-20
4.777518477864917124e+00 4.460815263614110304e-21 8.634347751013932497e-23 6.805593579162018458e-21
4.780598760571471040e+00 4.434051435305128860e-21 8.583716474664284364e-23 4.585308194563019127e-21
4.783679043278024956e+00 4.409228255197212992e-21 8.535695413998425592e-23 5.965797704702448497e-21
4.786759325984577984e+00 4.384347804058014003e-21 8.487828254710789477e-23 5.597754207799448935e-21
4.789839608691131900e+00 4.359625985184156736e-21 8.439462322571145330e-23 3.474550359842494343e-21
4.792919891397685817e+00 4.334869498473910131e-21 8.392478882125249457e-23 2.325251884323672695e-21
4.796000174104239733e+00 4.310172145429487789e-21 8.344936601024684626e-23 3.420274246874402050e-21
4.799080456810792761e+00 4.285658954176838760e-21 8.297628990219294253e-23 2.936122902163831593e-21
4.802160739517346677e+00 4.260989849370335021e-21 8.251070934188111916e-23 3.457745126331954787e-21
4.805241022223900593e+00 4.236361413540668532e-21 8.204131719571835645e-23 2.735056588844247273e-21
4.808321304930454509e+00 4.211375064927618279e-21 8.157111694176633561e-23 3.686762501455660052e-21
4.811401587637008426e+00 4.185713982982743044e-21 8.111009832473664732e-23 7.326828264787673387e-21
4.814481870343561454e+00 4.158077984117476844e-21 8.063568696838406943e-23 8.093048693556951169e-21
4.817562153050116258e+00 4.124395546462804878e-21 8.014803748949860512e-23 2.614391815603167736e-20
4.820642435756670174e+00 4.062876623056901272e-21 7.957505308546664120e-23 2.681074202323864404e-19
4.823722718463224091e+00 3.695201408430925171e-21 7.818590237163317245e-23 1.915912933608961699e-17
4.826803001169777119e+00 7.265097810091229241e-21 9.156577052015861436e-23 3.139072165698282862e-16
4.829883283876331035e+00 3.343214700175735627e-21 7.814121725189587829e-23 2.429125883445983797e-16
4.832963566582884951e+00 4.312334240411636384e-21 7.891149193127795482e-23 5.901564380245064239e-18
4.836043849289438867e+00 4.046733735049012008e-21 7.765259146856413279e-23 1.875010919488104527e-19
4.839124131995992784e+00 3.994958722092963057e-21 7.711854146314054053e-23 2.219283948616873061e-20
4.842204414702545812e+00 3.964116476516199206e-21 7.665028285813941437e-23 1.162315582014258623e-20
4.845284697409099728e+00 3.938331476614476594e-21 7.620380744503107946e-23 6.892382028598827354e-21
4.848364980115653644e+00 3.914244088471828856e-21 7.576703367629110826e-23 4.312408136685197789e-21
4.851445262822207560e+00 3.891047352113505683e-21 7.532934872839948847e-23 2.886554837826910040e-21
4.854525545528761477e+00 3.868239901312009383e-21 7.489310049796623050e-23 2.130708453515773353e-21
4.857605828235315393e+00 3.845794797341556608e-21 7.447434108476778004e-23 2.963044365955469848e-21
4.860686110941869309e+00 3.823489959131869654e-21 7.403678714031226353e-23 2.165865674330353803e-21
4.863766393648423225e+00 3.801345410054639008e-21 7.361626062366484796e-23 2.610808815749180199e-21
4.866846676354976253e+00 3.779469839350035757e-21 7.319259123398284909e-23 2.658715192176352518e-21
4.869926959061530169e+00 3.757725788561062756e-21 7.277121874726971195e-23 2.313621988536818604e-21
4.873007241768084086e+00 3.736315187335511921e-21 7.235002458499097049e-23 2.421196659554239836e-21
4.876087524474638002e+00 3.715705518079721726e-21 7.192522571246552679e-23 5.175099075869353467e-21
4.879167807181191918e+00 3.694369251176466483e-21 7.145925906158149776e-23 1.196992898988850949e-20
4.882248089887744946e+00 3.654428079788831406e-21 7.126329783534849405e-23 5.038088330298753075e-20
4.885328372594298862e+00 3.661105964629541839e-21 7.069430639047775428e-23 3.692821297233867805e-20
4.888408655300852779e+00 3.630880729441489143e-21 7.025259217919204695e-23 6.256059000237191806e-21
4.891488938007406695e+00 3.607688685095904023e-21 6.988132948378227686e-23 2.388070411139437466e-21
4.894569220713960611e+00 3.586686966316998514e-21 6.948222433053797177e-23 3.223415748097286963e-21
4.897649503420513639e+00 3.565846340566196552e-21 6.908122025712244860e-23 2.177460899605285832e-21
4.900729786127068444e+00 3.545168353884321468e-21 6.868321756501559987e-23 2.546355203381718862e-21
4.903810068833622360e+00 3.524500938332925549e-21 6.828395158686171398e-23 2.786739198616766396e-21
4.906890351540176276e+00 3.504071543042287208e-21 6.788479465569841935e-23 2.891904198097860926e-21
4.909970634246729304e+00 3.483459443668322973e-21 6.749709288509029290e-23 3.294799937687701748e-21
4.913050916953283220e+00 3.463068863098354531e-21 6.710072824151558425e-23 3.436372697037168951e-21
4.916131199659837137e+00 3.442714306851349376e-21 6.671813906583291925e-23 5.851947245285228679e-21
4.919211482366391053e+00 3.423364712183442013e-21 6.631796348227046420e-23 2.923172470233200309e-21
4.922291765072944969e+00 3.403026779052568228e-21 6.593367136646800558e-23 3.213214976993021097e-21
4.925372047779497997e+00 3.382866686600322650e-21 6.555263464170840218e-23 3.910589631100536764e-21
4.928452330486051913e+00 3.362936399410673216e-21 6.516687578345860434e-23 3.612264001540812905e-21
4.931532613192605830e+00 3.343199954454757244e-21 6.479020019632234655e-23 4.611368977267405727e-21
4.934612895899159746e+00 3.323298763886353484e-21 6.441163995313844524e-23 5.542512988292895968e-21
4.937693178605712774e+00 3.304184115277648016e-21 6.403520612425701679e-23 4.749494997515716623e-21
4.940773461312266690e+00 3.285075122605262984e-21 6.365144471613634045e-23 3.994576673539947798e-21
4.943853744018821494e+00 3.265297595964985365e-21 6.328354039731174769e-23 2.646511363636962614e-21
4.946934026725375411e+00 3.245966328973509173e-21 6.291172575152774138e-23 3.829905455181719534e-21
4.950014309431928439e+00 3.226852371238478809e-21 6.254046405588187643e-23 3.367399357340735811e-21
4.953094592138482355e+00 3.207751494591711436e-21 6.217678004092523480e-23 3.473569422696083244e-21
4.956174874845036271e+00 3.188780918877977921e-21 6.180417993694493559e-23 2.506568132942134495e-21
4.959255157551590187e+00 3.169985644311318053e-21 6.144547907158455257e-23 2.144317263986819540e-21
4.962335440258144104e+00 3.151263637050854960e-21 6.107995177993442969e-23 2.964543885117325526e-21
4.965415722964697132e+00 3.132980825285831887e-21 6.071450088653619166e-23 2.758833950002440283e-21
4.968496005671251048e+00 3.116488369871475142e-21 6.032743723217982636e-23 7.054973275610924440e-21
4.971576288377804964e+00 3.096941691242544744e-21 5.994078922161103604e-23 4.689095643304359385e-20
4.974656571084358880e+00 3.063970070388164867e-21 5.985169704753792057e-23 7.352577279816722929e-20
4.977736853790912797e+00 3.064537684224740714e-21 5.923423422483858993e-23 1.365658807339805633e-20
4.980817136497465825e+00 3.041601752619271313e-21 5.892436293273818291e-23 2.826641041128594406e-21
4.983897419204020629e+00 3.022439237879261614e-21 5.858638312187606674e-23 2.934970484183360944e-21
4.986977701910574545e+00 3.004186492124956590e-21 5.824312500525634041e-23 3.664272864474040863e-21
4.990057984617128461e+00 2.986165450257963337e-21 5.789797464967450058e-23 1.567142165931924447e-21
4.993138267323681490e+00 2.968335022474035182e-21 5.755608804791248192e-23 3.085922248894616942e-21
4.996218550030235406e+00 2.950553854572890970e-21 5.721286136518152505e-23 3.064427028228738580e-21
4.999298832736789322e+00 2.932935634806785548e-21 5.687023920854024298e-23 4.530028678407216051e-21
5.002379115443343238e+00 2.915463701834653101e-21 5.653862014366496452e-23 3.393170702806841994e-21
5.005459398149896266e+00 2.898166966367857567e-21 5.620252533398538988e-23 4.908514243769223547e-21
5.008539680856450182e+00 2.881177004619859768e-21 5.587784278739491697e-23 4.008609978608869428e-21
5.011619963563004099e+00 2.864646038338009014e-21 5.555429215994176889e-23 4.468325020586954886e-21
5.014700246269558015e+00 2.849068611295476683e-21 5.526219309665534888e-23 7.469541658585561305e-21
5.017780528976111931e+00 2.836185485775501210e-21 5.501278289842790222e-23 1.503781911073432146e-20
5.020860811682664959e+00 2.833491416593840330e-21 5.498131127753405733e-23 1.212174255214784749e-19
5.023941094389218875e+00 2.915590614899201057e-21 5.667464583667835067e-23 2.936429848761163838e-18
5.027021377095773680e+00 2.187609751631755531e-21 4.147932530157312910e-23 2.647566209755812287e-16
5.030101659802327596e+00 5.111210914460712531e-21 1.010467965294988059e-22 4.695991194298496360e-16
5.033181942508880624e+00 2.379260142601346166e-21 4.569174273523816586e-23 4.571600530530592581e-17
5.036262225215434540e+00 2.687974327958300174e-21 5.209556832930905197e-23 3.531882323474269035e-19
5.039342507921988457e+00 2.698108753301143881e-21 5.233053231940410328e-23 3.470262118862857820e-20
5.042422790628542373e+00 2.688199749282348923e-21 5.214593951889502433e-23 7.508066798283108080e-21
5.045503073335096289e+00 2.674116657425169103e-21 5.187731384310962003e-23 6.369349822456546459e-21
5.048583356041649317e+00 2.658844456845530313e-21 5.158737571486373019e-23 4.534426621697461744e-21
5.051663638748203233e+00 2.643086330207752347e-21 5.127921963394160796e-23 2.938252316617118885e-21
5.054743921454757150e+00 2.627148031353481093e-21 5.097457180696875184e-23 2.485975925493891690e-21
5.057824204161311066e+00 2.611226994240387620e-21 5.066967137024226141e-23 3.623723418970194026e-21
5.060904486867864982e+00 2.595256679785087838e-21 5.035820499615352406e-23 2.464191881449872472e-21
5.063984769574418010e+00 2.579350623378797596e-21 5.005493831228039017e-23 4.224172073350895901e-21
5.067065052280971926e+00 2.563498984297466558e-21 4.974706663101517548e-23 3.986147828777563700e-21
5.070145334987526731e+00 2.547671820159653987e-21 4.944574911996079685e-23 3.203888821178069462e-21
5.073225617694079759e+00 2.531836204685888801e-21 4.913686820940844196e-23 5.011240435440422573e-21
5.076305900400633675e+00 2.516063767515656418e-21 4.884072020867823100e-23 3.833692378878211935e-21
5.079386183107187591e+00 2.500811758724798868e-21 4.852682305397852482e-23 7.825635522090374318e-21
5.082466465813741507e+00 2.491380139015855729e-21 4.818791701595975663e-23 4.224210612970820284e-20
5.085546748520295424e+00 2.464224590846902080e-21 4.801871131835242318e-23 5.154843939656716280e-20
5.088627031226848452e+00 2.453791113402340662e-21 4.763594414059260655e-23 6.309475947179580114e-21
5.091707313933402368e+00 2.439579503840329382e-21 4.734300602517722818e-23 4.047198566548579655e-21
5.094787596639956284e+00 2.424092149111550720e-21 4.705298321499633612e-23 2.215927260915279639e-21
5.097867879346510200e+00 2.408923940581736591e-21 4.676231579638721785e-23 3.171416511858746881e-21
5.100948162053064117e+00 2.393750202383688489e-21 4.647275612479465769e-23 5.922542838258359220e-21
5.104028444759617145e+00 2.378744762171907520e-21 4.618164395557257814e-23 3.825790640534582782e-21
5.107108727466171061e+00 2.363873439426845818e-21 4.589664698615457625e-23 4.113379029813517062e-21
5.110189010172725865e+00 2.348929632249285306e-21 4.560732902643444792e-23 3.461147472942732003e-21
5.113269292879279782e+00 2.334241939004954865e-21 4.532433344901998241e-23 2.063366174572999147e-21
5.116349575585832810e+00 2.319574579203140086e-21 4.504038742907889857e-23 1.897351150145834437e-21
5.119429858292386726e+00 2.304657804395734614e-21 4.475991979926438573e-23 2.809797597208655891e-21
5.122510140998940642e+00 2.290133824866681438e-21 4.447845800179973837e-23 2.663796643285098906e-21
5.125590423705494558e+00 2.275862010238510876e-21 4.419510046116515508e-23 3.026409311366153399e-21
5.128670706412048474e+00 2.261345203262341203e-21 4.392054632194739576e-23 2.853120061629860780e-21
5.131750989118601503e+00 2.247089125469108539e-21 4.364153312311353079e-23 3.204520189826423824e-21
5.134831271825155419e+00 2.232812368194497462e-21 4.336772432650707676e-23 3.555592367338146616e-21
5.137911554531709335e+00 2.218590083294825526e-21 4.309365031912828504e-23 1.623289260871602763e-21
5.140991837238263251e+00 2.204144086351858938e-21 4.282102812887516525e-23 2.562292390834148833e-21
5.144072119944816279e+00 2.190255178052027820e-21 4.254885353420971043e-23 3.593035297217230640e-21
5.147152402651370195e+00 2.176369480662615783e-21 4.228046922344395489e-23 3.312943556791191429e-21
5.150232685357924112e+00 2.162375387824940623e-21 4.200865622016772003e-23 2.803106354901165265e-21
5.153312968064478916e+00 2.148505537021229681e-21 4.174309429237688115e-23 3.921451687042992445e-21
5.156393250771031944e+00 2.134697084690701895e-21 4.147734439355003834e-23 3.617087552414539363e-21
5.159473533477585860e+00 2.121003081133131352e-21 4.121487456771677891e-23 4.550463360179414578e-21
5.162553816184139777e+00 2.107276166813533361e-21 4.094707737978926441e-23 5.516753638110708391e-21
5.165634098890693693e+00 2.093611879650147080e-21 4.068726455321564062e-23 3.203169647511709833e-21
5.168714381597247609e+00 2.079632118683636918e-21 4.042629992777101315e-23 3.190837542193358608e-21
5.171794664303800637e+00 2.064649478621196473e-21 4.015798430844467455e-23 2.331088670708882189e-20
5.174874947010354553e+00 2.058739501147345823e-21 3.990070813383121698e-23 7.305678167043628993e-20
5.177955229716908470e+00 2.038745922343779304e-21 3.966937769995669495e-23 3.219920474776310824e-20
5.181035512423462386e+00 2.025947339069805911e-21 3.939265296981623403e-23 4.139778625154685406e-21
5.184115795130016302e+00 2.013378151523578941e-21 3.914012949521642647e-23 2.537978181643826002e-21
5.187196077836569330e+00 2.000428939169221735e-21 3.888573988554172819e-23 2.034078102310011768e-21
5.190276360543123246e+00 1.987364509461971986e-21 3.863759306792356207e-23 2.470033788526961677e-21
5.193356643249677163e+00 1.974371834284913032e-21 3.838200197223842060e-23 2.734212059693742423e-21
5.196436925956231967e+00 1.961463102192666712e-21 3.813734500192692352e-23 3.444270969020912809e-21
5.199517208662784995e+00 1.948594104257311070e-21 3.788578267978640866e-23 3.058113691401208430e-21
5.202597491369338911e+00 1.935748743317905056e-21 3.763996315110391048e-23 1.699768241500402214e-21
5.205677774075892827e+00 1.923056028577409174e-21 3.739480610341222538e-23 2.836909098581001161e-21
5.208758056782446744e+00 1.910363964031906356e-21 3.715000183198188529e-23 3.818076638140653246e-21
5.211838339488999772e+00 1.897745977435133737e-21 3.690587650413391330e-23 6.054475045315954570e-21
5.214918622195553688e+00 1.885201230678962739e-21 3.666298152104041775e-23 6.825987078487967291e-21
5.217998904902107604e+00 1.872728233889029612e-21 3.642436399136303229e-23 5.033135596621824068e-21
5.221079187608661520e+00 1.860344265752122349e-21 3.618362431294145469e-23 3.450824179561740518e-21
5.224159470315215437e+00 1.848388393666749481e-21 3.594577560290932222e-23 6.033296206355090378e-21
5.227239753021768465e+00 1.984989441539997267e-21 3.587840160102261649e-23 8.032981905548293313e-17
5.230320035728322381e+00 1.975744579402419762e-21 3.549769815848435238e-23 3.426994130135193941e-16
5.233400318434876297e+00 1.975020406155623162e-21 3.542241452417547254e-23 9.134934207442945089e-17
5.236480601141431102e+00 1.798309157827199613e-21 3.500125435944920693e-23 4.729089398881861999e-21
5.239560883847984130e+00 1.786786742422440647e-21 3.476989734084639628e-23 2.592846991518991624e-21
5.242641166554538046e+00 1.774859951282311995e-21 3.453748070838301854e-23 3.234628383499430313e-21
5.245721449261091962e+00 1.763037169876412090e-21 3.430908463762096421e-23 3.864788153362439100e-21
5.248801731967645878e+00 1.751104414849063459e-21 3.407833672670136230e-23 4.750873698456842104e-21
5.251882014674199795e+00 1.739298889507587217e-21 3.385012219043636390e-23 4.167370440000271581e-21
5.254962297380752823e+00 1.727549840681678698e-21 3.362335855726851809e-23 3.513138829708041598e-21
5.258042580087306739e+00 1.715849259809642875e-21 3.339860299383429665e-23 4.487091895525756172e-21
5.261122862793860655e+00 1.704197897328824706e-21 3.317327374568944383e-23 4.004277550578692853e-21
5.264203145500414571e+00 1.692624221064624908e-21 3.294897420860425168e-23 3.511816587297134393e-21
5.267283428206968487e+00 1.681078826535284148e-21 3.272795785833866800e-23 3.770109676054429679e-21
5.270363710913521516e+00 1.669642501044755380e-21 3.250506151843408362e-23 4.204605130073700934e-21
5.273443993620075432e+00 1.658280770751132579e-21 3.228573134999032004e-23 2.993609414625553348e-21
5.276524276326629348e+00 1.647023450829629796e-21 3.206710578084768246e-23 2.063053949715472407e-21
5.279604559033183264e+00 1.635982645743307756e-21 3.184687069154221127e-23 4.102179716412014800e-21
5.282684841739737180e+00 1.621822375412149572e-21 3.162135208064596154e-23 2.116118755832318743e-20
5.285765124446291097e+00 1.612474222613066946e-21 3.143628812905546541e-23 4.265222056441122357e-20
5.288845407152845013e+00 1.604527975785737023e-21 3.119642320056369877e-23 1.573645673924244224e-20
5.291925689859398929e+00 1.590769770507472691e-21 3.098582515867433398e-23 4.198814962880406749e-21
5.295005972565951957e+00 1.579755268828700651e-21 3.077512023790099089e-23 3.112025964988508554e-21
5.298086255272505873e+00 1.568844896008822015e-21 3.056246406977545025e-23 3.632939504752058068e-21
5.301166537979059790e+00 1.557899095986708639e-21 3.035255473253715087e-23 3.459320617223433771e-21
5.304246820685613706e+00 1.547131494930912836e-21 3.014345140298532596e-23 3.458262325499307595e-21
5.307327103392167622e+00 1.536293930947889048e-21 2.993688848166419508e-23 2.908246422999532311e-21
5.310407386098720650e+00 1.525574077836412060e-21 2.972745014894135224e-23 2.427200411809716188e-21
5.313487668805274566e+00 1.514848679367214935e-21 2.952133693403397026e-23 2.813002287396740658e-21
5.316567951511828483e+00 1.504165292597705585e-21 2.931691901377701027e-23 2.997252609132759690e-21
5.319648234218382399e+00 1.493645906478785733e-21 2.911468979635842286e-23 3.450218737851719372e-21
5.322728516924936315e+00 1.483314559697374458e-21 2.890913099468247885e-23 3.006896542546386992e-21
5.325808799631490231e+00 1.472694929757558352e-21 2.870675962369528400e-23 2.662735283669288285e-21
5.328889082338044147e+00 1.462187385504062200e-21 2.850627119481068968e-23 3.647699147554245605e-21
5.331969365044598064e+00 1.451820051299464730e-21 2.830706520677556022e-23 3.168249177350672208e-21
5.335049647751151092e+00 1.441507143475416843e-21 2.810618928034285864e-23 2.575364307121636553e-21
5.338129930457705008e+00 1.431168706771049624e-21 2.791267536731095738e-23 2.950708814759038245e-21
5.341210213164258924e+00 1.421202418171439741e-21 2.771025593386571045e-23 3.827181224849819468e-21
5.344290495870812840e+00 1.410992878072088034e-21 2.751796532008099797e-23 2.602147985676280646e-21
5.347370778577366757e+00 1.400783035758320875e-21 2.732077209968540692e-23 2.220968423019274907e-21
5.350451061283919785e+00 1.390738163599237195e-21 2.712778526966082961e-23 2.740972511489966526e-21
5.353531343990473701e+00 1.380734492071808065e-21 2.693573079750657272e-23 3.958287763939032223e-21
5.356611626697027617e+00 1.370766307592515960e-21 2.674173451443011333e-23 2.112997104287219014e-21
5.359691909403581533e+00 1.360906538658886436e-21 2.655151087477209551e-23 2.126476237757896491e-21
5.362772192110135450e+00 1.351032252100741258e-21 2.636279174340254846e-23 3.432924229137491407e-21
5.365852474816689366e+00 1.341299547192097354e-21 2.617307263614801803e-23 2.908105228765353415e-21
5.368932757523243282e+00 1.331784676839590501e-21 2.598482649494356641e-23 3.133133526763889187e-21
5.372013040229797198e+00 1.323252613653076890e-21 2.579239732287303198e-23 1.349511243192808322e-20
5.375093322936351115e+00 1.309477859624313392e-21 2.559454877402167404e-23 6.144179134330544905e-20
5.378173605642904143e+00 1.301800485002109541e-21 2.545307014847978836e-23 2.900757417020267212e-20
5.381253888349458059e+00 1.294069762867128827e-21 2.523978976766913568e-23 5.660304177148332936e-21
5.384334171056011975e+00 1.283645737787999707e-21 2.505656365961541999e-23 2.211393684981750625e-21
5.387414453762565891e+00 1.274027041872602865e-21 2.487319309768889337e-23 2.572861774185797565e-21
5.390494736469119808e+00 1.264551243195879392e-21 2.469527690973661747e-23 4.747134164239086045e-21
5.393575019175672836e+00 1.255182077943749720e-21 2.451438453263542130e-23 4.555118103587823921e-21
5.396655301882226752e+00 1.245833457883959775e-21 2.433336757202223890e-23 2.752480297740346286e-21
5.399735584588780668e+00 1.236537176738959175e-21 2.415661424421836128e-23 2.321594299129329415e-21
5.402815867295334584e+00 1.227246426738361427e-21 2.397649642498584315e-23 4.150415543309118283e-21
5.405896150001888500e+00 1.217995844092518890e-21 2.380113528615702949e-23 4.178169148541862238e-21
5.408976432708442417e+00 1.208731389482824424e-21 2.362290339949080888e-23 3.513912322258161921e-21
5.412056715414996333e+00 1.199378194119475732e-21 2.344810263186985244e-23 3.909986134011182800e-21
5.415136998121550249e+00 1.189849570805883595e-21 2.326887639858499962e-23 4.367143536130564809e-21
5.418217280828103277e+00 1.179708250535398947e-21 2.309378785253476373e-23 6.021507926282336425e-21
5.421297563534657193e+00 1.167692088958035333e-21 2.289993909591753360e-23 1.250752691408198305e-20
5.424377846241211110e+00 1.146384054602537324e-21 2.266562682244995752e-23 1.173812986303824240e-19
5.427458128947765026e+00 9.845959320627113519e-22 2.168337394041105533e-23 1.147025788752577312e-17
5.430538411654318942e+00 1.908591794541384908e-21 2.660924319586145836e-23 1.386827132554811899e-16
5.433618694360871970e+00 7.211309618491054927e-22 2.009188719311909416e-23 8.805382573977180201e-17
5.436698977067425886e+00 1.192389673334377763e-21 2.242085025345221274e-23 1.339381202933685755e-18
5.439779259773979803e+00 1.131938625868960994e-21 2.197912509268396326e-23 5.193572183144388526e-20
5.442859542480533719e+00 1.116054027003566254e-21 2.177273697377346632e-23 4.922313501291559844e-21
5.445939825187087635e+00 1.105370533514658727e-21 2.159738998718379033e-23 6.304963027762350462e-21
5.449020107893641551e+00 1.095989063408969796e-21 2.142821177092227158e-23 3.848619956203712146e-21
5.452100390600195468e+00 1.087137133265174390e-21 2.126331328168471985e-23 1.064378706291256308e-21
5.455180673306749384e+00 1.078475807093039160e-21 2.109851427467185497e-23 2.477816629728107628e-21
5.458260956013303300e+00 1.069987684577590041e-21 2.093718408725394797e-23 3.381833633235679859e-21
5.461341238719856328e+00 1.061570225485115652e-21 2.077696181992499931e-23 3.264467519031843839e-21
5.464421521426410244e+00 1.053218804484072796e-21 2.061523209041044999e-23 3.309414450605400519e-21
5.467501804132964160e+00 1.044944352141159645e-21 2.045559761535317808e-23 4.207468129356148928e-21
5.470582086839518077e+00 1.036716279064366935e-21 2.030005994388511154e-23 2.904384349254770340e-21
5.473662369546071105e+00 1.028510508108776724e-21 2.013941295924521394e-23 2.756475066226710390e-21
5.476742652252625021e+00 1.020351996322945728e-21 1.998557871736263831e-23 2.877217966403555508e-21
5.479822934959178937e+00 1.012171069946178880e-21 1.983043250245399423e-23 4.627976357918159779e-21
5.482903217665732853e+00 1.004574343365622654e-21 1.967435346185477373e-23 6.915691171293964680e-21
5.485983500372286770e+00 9.980435524252036039e-22 1.950556783876452277e-23 2.005636005489432431e-20
5.489063783078840686e+00 9.866617822660739296e-22 1.937589310629551628e-23 1.635204136736891941e-20
5.492144065785394602e+00 9.804243655942388599e-22 1.921524432670479144e-23 5.475294209553743010e-21
5.495224348491948518e+00 9.726872364891811496e-22 1.906297106755136032e-23 4.541236474944418702e-21
5.498304631198502435e+00 9.648512439130195596e-22 1.891269754072449757e-23 3.605657058663151721e-21
5.501384913905055463e+00 9.570345032122118580e-22 1.876194822643533996e-23 1.799819773897622350e-21
5.504465196611609379e+00 9.493146129896808199e-22 1.861243648370981511e-23 2.192030748507301617e-21
5.507545479318163295e+00 9.416355435813626656e-22 1.846560094881793209e-23 2.583129848461236991e-21
5.510625762024717211e+00 9.339563244308523282e-22 1.831589106143766918e-23 2.813617643241310421e-21
5.513706044731271128e+00 9.263992554268041652e-22 1.817233009989417506e-23 2.351709417905462448e-21
5.516786327437824156e+00 9.188199896178927196e-22 1.802457888194655676e-23 3.478654155717127472e-21
5.519866610144378072e+00 9.113473835847968827e-22 1.787940170386440262e-23 2.904335083983635774e-21
5.522946892850931988e+00 9.037499293670459335e-22 1.773627807747204955e-23 3.115518805751922067e-21
5.526027175557485904e+00 8.963364749468427524e-22 1.759290295092198515e-23 3.328976396835137064e-21
5.529107458264039821e+00 8.889845299458710856e-22 1.744851216480541051e-23 3.273522047834841219e-21
5.532187740970593737e+00 8.816333768826050556e-22 1.730833165636604172e-23 3.929020530273271457e-21
5.535268023677147653e+00 8.743223269911699968e-22 1.716669694520988929e-23 4.745554564040648194e-21
5.538348306383701569e+00 8.670839199804088674e-22 1.702597255949094051e-23 2.268959919667186474e-21
5.541428589090254597e+00 8.597892886586061107e-22 1.688775614567661671e-23 1.643314690764067503e-21
5.544508871796808513e+00 8.525552858080767578e-22 1.674789044035031340e-23 2.206855358837803216e-21
5.547589154503362430e+00 8.454531195392321892e-22 1.660999979895700298e-23 3.035669418768374938e-21
5.550669437209916346e+00 8.383298735731020701e-22 1.647415436407493297e-23 3.557011038470654220e-21
5.553749719916470262e+00 8.312688505253402819e-22 1.633386532830410954e-23 4.046407320248355638e-21
5.556830002623023290e+00 8.242333257963730140e-22 1.620298442309811147e-23 3.995348342519430362e-21
5.559910285329577206e+00 8.172348420371531338e-22 1.606500117343959429e-23 2.679666927350973671e-21
5.562990568036131123e+00 8.102792516473504449e-22 1.593268149228867707e-23 2.138096782694856572e-21
5.566070850742685039e+00 8.033334734584977504e-22 1.579733536696807333e-23 3.055439527052935352e-21
5.569151133449238955e+00 7.964311790329892021e-22 1.566708917818299749e-23 2.391332760217145787e-21
5.572231416155791983e+00 7.891167678228616065e-22 1.553384141850149811e-23 1.106513807298372127e-20
5.575311698862346788e+00 7.829520203208683034e-22 1.540598966653265115e-23 7.816925760426685938e-20
5.578391981568900704e+00 7.774113803901573844e-22 1.526478246533487337e-23 5.140656298033533122e-20
5.581472264275454620e+00 7.688312310756520465e-22 1.514490857781109693e-23 4.617888790876041389e-21
5.584552546982007648e+00 7.625224309509455453e-22 1.501437399040098801e-23 2.565233210042871340e-21
5.587632829688561564e+00 7.559798141838174227e-22 1.488566875973323309e-23 2.514758808771513945e-21
5.590713112395115481e+00 7.493900365205649805e-22 1.475733301255564742e-23 3.041414524821460342e-21
5.593793395101669397e+00 7.428443986960246917e-22 1.463139875623417439e-23 1.984184318990393167e-21
5.596873677808223313e+00 7.362889901203623722e-22 1.450619728809434680e-23 2.113500283672415491e-21
5.599953960514776341e+00 7.298194812412164324e-22 1.437899267628873716e-23 2.481657373806388073e-21
5.603034243221330257e+00 7.233340378946741618e-22 1.425520285972572373e-23 4.975986050605007432e-21
5.606114525927884173e+00 7.169310919760589350e-22 1.413152084104736391e-23 2.696030350355853726e-21
5.609194808634438090e+00 7.105170417232290883e-22 1.400838499906171877e-23 2.367753315943374590e-21
5.612275091340991118e+00 7.041744016620882333e-22 1.388478995506181732e-23 4.135993834846050462e-21
5.615355374047545922e+00 6.978217825537160624e-22 1.376440243806774686e-23 4.345031695951281596e-21
5.618435656754099838e+00 6.914916421240542967e-22 1.364110761816996215e-23 4.429146318836866471e-21
5.621515939460653755e+00 6.850922009583119953e-22 1.351926737458623900e-23 3.403271101459298179e-21
5.624596222167206783e+00 6.783826137849920499e-22 1.339378682663070040e-23 2.576245254156573348e-20
5.627676504873760699e+00 6.689947243345584194e-22 1.322670770279793791e-23 7.204519808642977585e-19
5.630756787580314615e+00 7.351517477178948704e-22 1.362825358065821162e-23 3.806194565500320010e-17
5.633837070286868531e+00 6.700613913092798111e-22 1.260330684232271373e-23 5.496343917675693768e-17
5.636917352993422448e+00 6.693230608551855925e-22 1.307100663239314974e-23 4.025394265446658699e-18
5.639997635699975476e+00 6.499255337676819185e-22 1.283225615869071873e-23 5.063116826054981814e-20
5.643077918406529392e+00 6.431191845815167464e-22 1.270481511539031408e-23 9.231356019058337793e-21
5.646158201113083308e+00 6.369629906151810233e-22 1.258680293181832863e-23 2.913914452910260360e-21
5.649238483819637224e+00 6.309763729572537550e-22 1.247384523690963796e-23 2.853415973864641265e-21
5.652318766526191141e+00 6.250828682847855118e-22 1.235909098833772872e-23 3.030827390776521731e-21
5.655399049232744169e+00 6.192101582610436542e-22 1.224679021994505831e-23 2.880700418596689288e-21
5.658479331939298973e+00 6.134051378611991397e-22 1.213414690915184065e-23 3.005403233123115796e-21
5.661559614645852889e+00 6.076202705895304890e-22 1.202326213885838839e-23 2.227327701997264309e-21
5.664639897352406805e+00 6.018866608977132107e-22 1.191147140880080845e-23 2.431191714391399072e-21
5.667720180058959834e+00 5.961873030683536895e-22 1.180321418305176609e-23 2.570815376400159030e-21
5.670800462765513750e+00 5.905045768931118996e-22 1.169220151693864119e-23 2.759604083167039340e-21
5.673880745472067666e+00 5.848989015954331771e-22 1.158494735124525932e-23 3.500249070386799178e-21
5.676961028178621582e+00 5.793119650109988041e-22 1.147559964695616462e-23 3.579791428629742248e-21
5.680041310885174610e+00 5.737888500264424343e-22 1.136917390037321669e-23 3.780093193077049097e-21
5.683121593591728526e+00 5.683668933786021064e-22 1.126088613103214061e-23 4.626624093481665131e-21
5.686201876298282443e+00 5.617115419149966404e-22 1.115905883140644733e-23 9.516327115394631600e-21
5.689282159004836359e+00 5.576744367304245708e-22 1.105231747669431165e-23 1.148961893205024600e-20
5.692362441711390275e+00 5.520692809785327185e-22 1.094530270732426741e-23 4.162886945309047572e-21
5.695442724417943303e+00 5.464192615639774788e-22 1.084254576790135978e-23 2.081791555047805222e-21
5.698523007124497219e+00 5.410347246409798620e-22 1.073852888348323113e-23 3.089049300161911781e-21
5.701603289831052024e+00 5.357286221359679916e-22 1.063695950470560046e-23 4.228692071628381910e-21
5.704683572537605940e+00 5.304333462208146782e-22 1.053386883677898260e-23 2.824017412847025470e-21
5.707763855244158968e+00 5.251758309098384993e-22 1.043361846597889366e-23 3.080099145249569688e-21
5.710844137950712884e+00 5.199531743251192586e-22 1.033145793222110283e-23 1.622564209271632590e-21
5.713924420657266801e+00 5.147613071319457346e-22 1.023257914641166502e-23 3.703304212015333563e-21
5.717004703363820717e+00 5.096147701660180787e-22 1.013229425157334483e-23 2.249373526800469256e-21
5.720084986070374633e+00 5.044668226812433397e-22 1.003409639686331757e-23 2.233105245517890441e-21
5.723165268776927661e+00 4.993520085664972263e-22 9.935599899845760431e-24 3.086914413332521919e-21
5.726245551483481577e+00 4.943767574290188538e-22 9.837983545568445795e-24 2.709855739421503620e-21
5.729325834190035494e+00 4.893044864070402700e-22 9.740413786897266941e-24 4.031614691698027045e-21
5.732406116896589410e+00 4.843088483022026989e-22 9.644766266633525094e-24 3.416891175353833772e-21
5.735486399603143326e+00 4.793300129173296109e-22 9.549102670463200139e-24 2.569256053837256220e-21
5.738566682309696354e+00 4.744090842414083218e-22 9.453659938042498924e-24 2.560145438419115758e-21
5.741646965016251158e+00 4.694873487078259308e-22 9.359374219023682196e-24 4.396840331726891768e-21
5.744727247722805075e+00 4.646830559340193505e-22 9.266197696202177375e-24 5.094263589417625565e-21
5.747807530429358103e+00 4.598326877832984359e-22 9.171413401190913121e-24 6.488681896043727687e-21
5.750887813135912019e+00 4.550068198821606596e-22 9.081029137804666549e-24 4.080275175737595151e-21
5.753968095842465935e+00 4.502535450268831388e-22 8.986932155885966507e-24 4.980114072899619764e-21
5.757048378549019851e+00 4.455090862212242014e-22 8.895943292779183135e-24 3.993357428394260812e-21
5.760128661255573768e+00 4.408034001917048206e-22 8.805999286431339930e-24 2.797763559463074259e-21
5.763208943962126796e+00 4.361211500280898664e-22 8.715543025503111724e-24 2.974409495749398337e-21
5.766289226668680712e+00 4.314859726459517663e-22 8.626044200740759537e-24 3.548090201003662041e-21
5.769369509375234628e+00 4.268524242400189268e-22 8.537671387610832090e-24 3.875678233037410288e-21
5.772449792081788544e+00 4.222099215614703807e-22 8.450151513619048214e-24 8.580145524976516602e-21
5.775530074788342461e+00 4.191124178679270317e-22 8.349397484400211940e-24 1.549405025236722826e-19
5.778610357494895489e+00 4.117489720179111908e-22 8.284321323371834230e-24 1.784970806264369418e-19
5.781690640201449405e+00 4.089423130026651767e-22 8.186727393820564164e-24 1.293592765472989534e-20
5.784770922908004209e+00 4.044424441191639915e-22 8.101150751732251604e-24 3.521821871745042589e-21
5.787851205614558125e+00 3.999009344760981704e-22 8.016060197017586092e-24 5.243566612805371538e-21
5.790931488321111154e+00 3.954908571920919395e-22 7.930572224101045546e-24 3.625671597627102199e-21
5.794011771027665070e+00 3.911129715805500098e-22 7.847091012787840320e-24 3.687966011625885850e-21
5.797092053734218986e+00 3.867759875956741064e-22 7.763524379426935356e-24 2.732627537550892291e-21
5.800172336440772902e+00 3.824820103994084167e-22 7.680311086686959291e-24 3.472820292093204995e-21
5.803252619147326818e+00 3.782079170513200616e-22 7.598214393275442641e-24 3.026326576505566852e-21
5.806332901853879846e+00 3.739567065233797196e-22 7.516583124848363393e-24 2.795185324779191978e-21
5.809413184560433763e+00 3.697504817725978532e-22 7.435432179937295114e-24 3.174833354614823551e-21
5.812493467266987679e+00 3.655769964003999745e-22 7.353186590018930456e-24 2.605002896893227770e-21
5.815573749973541595e+00 3.614196050846313447e-22 7.275934421816605781e-24 2.423092672901337817e-21
5.818654032680094623e+00 3.573018079124924329e-22 7.193348822011733011e-24 2.427477869537902780e-21
5.821734315386648539e+00 3.532116481314734937e-22 7.116517593011786343e-24 3.157173182587183364e-21
5.824814598093203344e+00 3.491607416573188723e-22 7.038515827669979962e-24 3.637396601976783276e-21
5.827894880799757260e+00 3.451593487258003835e-22 6.958844187131426983e-24 5.546183960391064571e-21
5.830975163506310288e+00 3.429213932259737580e-22 6.932855407741999459e-24 6.640983793583665394e-18
5.834055446212864204e+00 3.577654961170721192e-22 6.798804259568010209e-24 2.266105022391984435e-17
5.837135728919418121e+00 3.341328196733269759e-22 6.770715540434240820e-24 4.817428949006491859e-18
5.840216011625972037e+00 3.292681587111544647e-22 6.655851929192968969e-24 4.216639802802897247e-21
5.843296294332525953e+00 3.254003819333043201e-22 6.579629230719021056e-24 3.048723664581263505e-21
5.846376577039078981e+00 3.215510715031750140e-22 6.505886779624900915e-24 2.903278677102903993e-21
5.849456859745632897e+00 3.177218007739230924e-22 6.430914337833104555e-24 3.019043908917752304e-21
5.852537142452186814e+00 3.139349481737504059e-22 6.359175926826283273e-24 2.035393548771168708e-21
5.855617425158740730e+00 3.101608670797239245e-22 6.285646467507352850e-24 2.090782893554612367e-21
5.858697707865294646e+00 3.064214464388145695e-22 6.214107985662334292e-24 2.246840912132528780e-21
5.861777990571847674e+00 3.027329862413580985e-22 6.141507000113699633e-24 2.360049744143329599e-21
5.864858273278401590e+00 2.990254918060292170e-22 6.071841296743217971e-24 3.234414921513054943e-21
5.867938555984956395e+00 2.953801627947453696e-22 6.000605712115342602e-24 3.199961151562933114e-21
5.871018838691510311e+00 2.917747820522867428e-22 5.930815304754308268e-24 3.678618123995475467e-21
5.874099121398063339e+00 2.881643999800735377e-22 5.862224515236075920e-24 3.197670884033328208e-21
5.877179404104617255e+00 2.846020715073313601e-22 5.792866151389457388e-24 2.549277622553041421e-21
5.880259686811171171e+00 2.810500318516908617e-22 5.724104826533250907e-24 1.967518107453513878e-21
5.883339969517725088e+00 2.774880779197950560e-22 5.657907991494688290e-24 3.098181909169254927e-21
5.886420252224278116e+00 2.741526495918196364e-22 5.590596971336648592e-24 4.782580042287537746e-21
5.889500534930832032e+00 2.709095344513131709e-22 5.521384832750268305e-24 4.778007102438436368e-21
5.892580817637385948e+00 2.669988660092580013e-22 5.457924554132920004e-24 4.100225739712889311e-21
5.895661100343939864e+00 2.637906823571950076e-22 5.391632460031523604e-24 2.787488044195767851e-21
5.898741383050493781e+00 2.604450454240319113e-22 5.327972789133971539e-24 2.875100277351758346e-21
5.901821665757046809e+00 2.571121389564081902e-22 5.261812299528243599e-24 2.748980300753850153e-21
5.904901948463600725e+00 2.537940985979295701e-22 5.198517035097395289e-24 3.521282991955991031e-21
5.907982231170154641e+00 2.505152262554256616e-22 5.136233762986570013e-24 2.487148968584868540e-21
5.911062513876709446e+00 2.472638940675545712e-22 5.071373855956786498e-24 3.609467350911931240e-21
5.914142796583262474e+00 2.440310548519351935e-22 5.010871289648206877e-24 3.214099218077946821e-21
5.917223079289816390e+00 2.408259024762157067e-22 4.948920372301265904e-24 3.630716408858924959e-21
5.920303361996370306e+00 2.376316006996984815e-22 4.887300681308736463e-24 4.310636180347534164e-21
5.923383644702924222e+00 2.345724637932852613e-22 4.826953530028368654e-24 2.779626235535154936e-21
5.926463927409478138e+00 2.313905203886893442e-22 4.766198002160658350e-24 2.856155239572665197e-21
5.929544210116031167e+00 2.283007426912924451e-22 4.707553339796589138e-24 4.369042903743856129e-21
5.932624492822585083e+00 2.252483593993930382e-22 4.647892926425160039e-24 4.622289451679540981e-21
5.935704775529138999e+00 2.222070865242166888e-22 4.589184889090763580e-24 4.180363351363197441e-21
5.938785058235692915e+00 2.192129062912902954e-22 4.532063083883216967e-24 3.207737381149405835e-21
5.941865340942246831e+00 2.162322250686675045e-22 4.473103643080305266e-24 2.684411440180277614e-21
5.944945623648799859e+00 2.132769692282318610e-22 4.417825010186906139e-24 1.534093232047257718e-21
5.948025906355353776e+00 2.103451030404255976e-22 4.360032185362427533e-24 2.175404305580882406e-21
5.951106189061908580e+00 2.074432276032565517e-22 4.305041845889504975e-24 2.741866768426705647e-21
5.954186471768461608e+00 2.045761321818470581e-22 4.249439870580262819e-24 4.355012382105840808e-21
5.957266754475015524e+00 2.017363733973795112e-22 4.194446391135536349e-24 4.055424326633775175e-21
5.960347037181569441e+00 1.989115108140227368e-22 4.139933613795809798e-24 2.869268460415606987e-21
5.963427319888123357e+00 1.961304629847938015e-22 4.086179170440313629e-24 1.599105192074656050e-21
5.966507602594677273e+00 1.933622056327589407e-22 4.033318612020282458e-24 2.368124115202219912e-21
5.969587885301230301e+00 1.906317012153546799e-22 3.979803055064254460e-24 3.424854419381830281e-21
5.972668168007784217e+00 1.879141762842288431e-22 3.928298333573030254e-24 4.807874868582748816e-21
5.975748450714338134e+00 1.851135221564508498e-22 3.874250865028585881e-24 2.545686962807228669e-19
5.978828733420892050e+00 1.831209461640443549e-22 3.829518141790850827e-24 6.035120488542957037e-19
5.981909016127445966e+00 1.801236029765687413e-22 3.772637206828757731e-24 9.976245646109498349e-20
5.984989298833998994e+00 1.772696036799050691e-22 3.723630330241269702e-24 2.245920657974619114e-21
5.988069581540552910e+00 1.747417976149162822e-22 3.674134712014567848e-24 1.835195148900515519e-21
5.991149864247106827e+00 1.722008248227857831e-22 3.624586441044390417e-24 1.892957836256838954e-21
5.994230146953661631e+00 1.696758889694010283e-22 3.576551794320044595e-24 4.219892446074612232e-21
5.997310429660214659e+00 1.671785019632981137e-22 3.527580485268315221e-24 4.373689982827791939e-21
6.000390712366768575e+00 1.647133912283498069e-22 3.480334879280434103e-24 4.739109516002932001e-21
6.003470995073322491e+00 1.622607475467991676e-22 3.433386229748833241e-24 5.027627447427574991e-21
6.006551277779876408e+00 1.598522720429194565e-22 3.386225293156635779e-24 3.926119122592330582e-21
6.009631560486430324e+00 1.574630580852075456e-22 3.340239100533040361e-24 2.782505578865699939e-21
6.012711843192983352e+00 1.550976037844824997e-22 3.294294817388190982e-24 4.180415767548407908e-21
6.015792125899537268e+00 1.527846876730471320e-22 3.249654027765266972e-24 3.073398814935621700e-21
6.018872408606091184e+00 1.504901655170249351e-22 3.204289739076545936e-24 3.994822098583286102e-21
6.021952691312645101e+00 1.482870863716683060e-22 3.161124158034534473e-24 3.256539124726055179e-21
6.025032974019198129e+00 1.462264639693870735e-22 3.116522577831152543e-24 3.607741892440713396e-21
6.028113256725752045e+00 1.448807414729985525e-22 3.075455035389815910e-24 7.435312294672714413e-21
6.031193539432305961e+00 1.579721622850551345e-22 3.048768799152950146e-24 1.019287891135771358e-18
6.034273822138859877e+00 9.801215475706351706e-23 2.948743234364492272e-24 9.132571704797843115e-18
6.037354104845413794e+00 1.747324390080075090e-22 2.989862989146274326e-24 4.722121726387716262e-18
6.040434387551967710e+00 1.317777376637872700e-22 2.902266871690068144e-24 3.901114580437534378e-20
6.043514670258521626e+00 1.321762802845373995e-22 2.864318184542961190e-24 5.050867567647442510e-21
6.046594952965075542e+00 1.304908353126576610e-22 2.824345173600731475e-24 3.667848144358118768e-21
6.049675235671629459e+00 1.285469578533416044e-22 2.785012485672168230e-24 3.275166699194181636e-21
6.052755518378182487e+00 1.265674527433544310e-22 2.745610222816314158e-24 4.008765859290458328e-21
6.055835801084736403e+00 1.245734571498807076e-22 2.707035684951902461e-24 3.415271690350406019e-21
6.058916083791290319e+00 1.226094644721256587e-22 2.668968035549281309e-24 4.956933355908831372e-21
6.061996366497844235e+00 1.206558716045337683e-22 2.630881679811116023e-24 4.442164959479210497e-21
6.065076649204398151e+00 1.187260606144488726e-22 2.593726491980809137e-24 3.886552166215042374e-21
6.068156931910951180e+00 1.168281066125941977e-22 2.556730904488400067e-24 3.887134154804881086e-21
6.071237214617505096e+00 1.149386413691089012e-22 2.521119497268550301e-24 4.020450376955836446e-21
6.074317497324059012e+00 1.130879249700583901e-22 2.484509385284884243e-24 2.475496319094461026e-21
6.077397780030613816e+00 1.112625057490912559e-22 2.449298117553498658e-24 3.110291514735253767e-21
6.080478062737166844e+00 1.094499955712334305e-22 2.414563087072662856e-24 2.118754801780167311e-21
6.083558345443720761e+00 1.076871553466638486e-22 2.380688885252076686e-24 2.478290591277390586e-21
6.086638628150274677e+00 1.059634075971648740e-22 2.345611325165275198e-24 1.947834234686546751e-21
6.089718910856828593e+00 1.039941862166139221e-22 2.312776129716544744e-24 3.479539263864955990e-21
6.092799193563381621e+00 1.025519590637734792e-22 2.281026336498177107e-24 5.416759789220837364e-21
6.095879476269935537e+00 1.008161965101009521e-22 2.246941467498332848e-24 2.972390089162597225e-21
6.098959758976489454e+00 9.913670667332634476e-23 2.215926371162286581e-24 3.306934039522454146e-21
6.102040041683043370e+00 9.750482830281960965e-23 2.184086510622200740e-24 3.815235165409193296e-21
6.105120324389597286e+00 9.589570370823714672e-23 2.153037880326027467e-24 4.655430105320713634e-21
6.108200607096150314e+00 9.431246222356146999e-23 2.122690593544468188e-24 4.042270483240033426e-21
6.111280889802704230e+00 9.275660956087530705e-23 2.092446789768447459e-24 3.966404855418618286e-21
6.114361172509258147e+00 9.121974895100291081e-23 2.063305389874446079e-24 3.580975690680205949e-21
6.117441455215812063e+00 8.971637810182945714e-23 2.033783942549151639e-24 5.464443111032143034e-21
6.120521737922365979e+00 8.824586831250077070e-23 2.005276095188676671e-24 7.349813216030188218e-21
6.123602020628919895e+00 8.678273567731568185e-23 1.976922809749326300e-24 4.181212141120316400e-21
6.126682303335473812e+00 8.530297333869152304e-23 1.949921216939622947e-24 2.093223025403242445e-21
6.129762586042027728e+00 8.394157285444450235e-23 1.922194512055169984e-24 2.206781513575352182e-21
6.132842868748581644e+00 8.254819699880248950e-23 1.895474043803011589e-24 3.042676814301574481e-21
6.135923151455134672e+00 8.118640376537769243e-23 1.869449960657362203e-24 5.268824671537057782e-21
6.139003434161688588e+00 7.984769425595946145e-23 1.843948845776636081e-24 3.206321090097019197e-21
6.142083716868242504e+00 7.853788068400790665e-23 1.817979452346393911e-24 2.633300886172255074e-21
6.145163999574796421e+00 7.724744587804811457e-23 1.793767873900492673e-24 3.083051837920646695e-21
6.148244282281350337e+00 7.599607124826224735e-23 1.768975431352991737e-24 3.361106387409895581e-21
6.151324564987903365e+00 7.474722643495706780e-23 1.745577551669562909e-24 3.362587640796579135e-21
6.154404847694457281e+00 7.354249158846514779e-23 1.721982007440949896e-24 2.449976504380053366e-21
6.157485130401011197e+00 7.234899196170977167e-23 1.698298664000927285e-24 2.910278828598084073e-21
6.160565413107565114e+00 7.118556243666694591e-23 1.677011057558470833e-24 2.118583153497015352e-21
6.163645695814119030e+00 7.004843314169049716e-23 1.654541377534781897e-24 3.587403400444686036e-21
6.166725978520672946e+00 6.892494313431658923e-23 1.632966576739550015e-24 4.700941450757171600e-21
6.169806261227226862e+00 6.784477418598849729e-23 1.612024512544292399e-24 2.918891711263985652e-21
6.172886543933780779e+00 6.677564019151049551e-23 1.591370718136714462e-24 2.978112040479085823e-21
6.175966826640333807e+00 6.612182577029469512e-23 1.572877091432509724e-24 2.552383079590372491e-19
6.179047109346887723e+00 6.504058697713329572e-23 1.550216780588730030e-24 1.451283083195853304e-18
6.182127392053441639e+00 6.425590970157913282e-23 1.534099754272919308e-24 5.301449176284854572e-19
6.185207674759995555e+00 6.274436198277302352e-23 1.513921861471989455e-24 3.840820806656704356e-21
6.188287957466549472e+00 6.180564191231316143e-23 1.495675218220618984e-24 2.553792008439739953e-21
6.191368240173102500e+00 6.087482085722428536e-23 1.477677715362393530e-24 2.526476678331517049e-21
6.194448522879656416e+00 5.998400195413779804e-23 1.460049999269620681e-24 3.779560486450994422e-21
6.197528805586210332e+00 5.910473333084185063e-23 1.443799379545287855e-24 3.458640860482596058e-21
6.200609088292764248e+00 5.825490631605409752e-23 1.427035201404301962e-24 1.955103244530449368e-21
6.203689370999318164e+00 5.743393618593483936e-23 1.411057166173314669e-24 2.027774292769612312e-21
6.206769653705872081e+00 5.662924225535758926e-23 1.396244733723589853e-24 2.808313487420247019e-21
6.209849936412425997e+00 5.585424151654899637e-23 1.380282108391836240e-24 2.994469954470662124e-21
6.212930219118979913e+00 5.510113464907841190e-23 1.366749954806497809e-24 3.036512394096214640e-21
6.216010501825533829e+00 5.437357871727453536e-23 1.351613208962685332e-24 2.409062157059954093e-21
6.219090784532086857e+00 5.367035756088423158e-23 1.338837892836247135e-24 2.664595527107002569e-21
6.222171067238640774e+00 5.299112953868592352e-23 1.325192555554066726e-24 2.769408391639789301e-21
6.225251349945194690e+00 5.234586250395997839e-23 1.312854760644002168e-24 2.346956574017322387e-21
6.228331632651748606e+00 5.174190684521532865e-23 1.299387265553311212e-24 3.839332650186229986e-21
6.231411915358301634e+00 5.143721007197635035e-23 1.284675301183815721e-24 7.089800329495130131e-20
6.234492198064855550e+00 5.016093892782054412e-23 1.309237539271758920e-24 2.429907842765293631e-18
6.237572480771409467e+00 5.377934222565864963e-23 1.240505247417873297e-24 2.886077607099036932e-18
6.240652763477963383e+00 4.901776147979487735e-23 1.263768423199165793e-24 1.716223546230773403e-19
6.243733046184517299e+00 4.882706611221570253e-23 1.247172017009656971e-24 3.513561097322049047e-21
6.246813328891071215e+00 4.838554418805376263e-23 1.237355203896588891e-24 3.598121448269405703e-21
6.249893611597625132e+00 4.792539424617561012e-23 1.228521725171371803e-24 2.975382878613079279e-21
6.252973894304179048e+00 4.748875242315632457e-23 1.219340682120363911e-24 3.170701723136867795e-21
6.256054177010732964e+00 4.707572778089384036e-23 1.211731829404198177e-24 3.717907674201463273e-21
6.259134459717285992e+00 4.668045044538021607e-23 1.203791506597964695e-24 3.643219838412412402e-21
6.262214742423839908e+00 4.631237499375282507e-23 1.196975177894533165e-24 3.368618814114749835e-21
6.265295025130393824e+00 4.596646515918545778e-23 1.190032225976758520e-24 3.060300460261222224e-21
6.268375307836947741e+00 4.564234896052094947e-23 1.184028125371655558e-24 2.090385235824869493e-21
6.271455590543501657e+00 4.534933930700837180e-23 1.178195146089083441e-24 3.326532636380143898e-21
6.274535873250054685e+00 4.507186275824423404e-23 1.172600195187004277e-24 2.314249995693959142e-21
6.277616155956608601e+00 4.482401065795376096e-23 1.168455729876465448e-24 3.435400842795779627e-21
6.280696438663162517e+00 4.459569235738105689e-23 1.163231553437177510e-24 2.706542980222998128e-21
6.283776721369717322e+00 4.439083727610460581e-23 1.160236301675315731e-24 2.550229087869061326e-21
6.286857004076270350e+00 4.420441709513908235e-23 1.156079173164857293e-24 2.979625362953549408e-21
6.289937286782824266e+00 4.409753904987898828e-23 1.153739033568135579e-24 3.009011943374190869e-21
6.293017569489377294e+00 4.391583065844039180e-23 1.150548606813147082e-24 3.090987611675684547e-21
6.296097852195932099e+00 4.381455637973796083e-23 1.148915014112176613e-24 2.753976545736491275e-21
6.299178134902485127e+00 4.373564623041202541e-23 1.146712642801150826e-24 2.531689128814561280e-21
6.302258417609039043e+00 4.367878733453469848e-23 1.146291408135561532e-24 3.254193725754000307e-21
6.305338700315592071e+00 4.364642607780271938e-23 1.145102294760860646e-24 2.815202137462105330e-21
6.308418983022146875e+00 2.181487872226629313e-23 5.726537637305830270e-25 9.699857086041887576e-22
