# omega PSD_u_x54.0_y0.5_z0.0 PSD_v_x54.0_y0.5_z0.0 PSD_p_x54.0_y0.5_z0.0
0.000000000000000000e+00 6.418508996760395199e-08 1.917339508310917049e-09 6.799634144468531892e-07
3.080282706553782654e-03 1.168971519730058275e-07 9.684220825394188513e-10 2.000335850087718002e-07
6.160565413107565308e-03 4.357770672359480816e-09 5.015640756958983707e-13 6.927845422587057780e-07
9.240848119661346227e-03 2.614604891059982960e-10 3.008447278440103194e-14 1.507876098046951678e-07
1.232113082621513062e-02 4.119867241518768224e-11 4.481094983973839774e-15 1.158422481125649602e-07
1.540141353276891327e-02 1.040521211591321485e-11 1.021836557778676833e-15 8.540386054585005077e-08
1.848169623932269245e-02 3.548687547700219083e-12 3.408677511504246179e-16 6.715949213334321945e-08
2.156197894587647684e-02 1.541663132258883987e-12 2.263991859154431922e-16 2.380619829242034113e-07
2.464226165243026123e-02 8.645943214101455239e-13 3.067671678888512046e-16 6.355733609630583874e-08
2.772254435898404215e-02 6.696252429754466598e-13 5.600106744300185903e-16 3.168330048721854882e-08
3.080282706553782654e-02 7.600613860648366772e-13 1.149542307914456986e-15 9.141183176151055244e-08
3.388310977209160746e-02 1.236677107118892733e-12 2.618703117467446436e-15 3.293317562052660094e-07
3.696339247864538491e-02 2.703984485798506566e-12 6.820218231564329063e-15 1.077728933057387856e-06
4.004367518519917624e-02 7.747512356853458872e-12 2.138227948718622241e-14 1.446257158714655722e-06
4.312395789175295369e-02 3.055187641648983704e-11 8.828224386039883571e-14 1.121489967312072460e-06
4.620424059830673807e-02 1.956325243982893621e-10 5.771796189072145535e-13 1.305124952932463815e-05
4.928452330486052246e-02 3.271850614628732780e-09 9.757914612792190047e-12 3.619905850777461071e-05
5.236480601141430685e-02 2.026661029383065401e-07 6.052343816297456308e-10 3.315859114609900069e-05
5.544508871796808430e-02 5.591085668164793253e-07 1.669679909100338493e-09 3.140137112066223663e-05
5.852537142452186869e-02 1.140992142681958471e-07 3.405104028143657317e-10 2.396354875782676083e-05
6.160565413107565308e-02 1.534125636589310139e-09 4.592184290003185029e-12 1.265816110985339718e-05
6.468593683762942359e-02 1.201804083005323411e-10 3.606818437705658063e-13 5.674496011297297215e-06
6.776621954418321492e-02 2.083723291164726335e-11 6.315782583244721157e-14 1.598851644602202926e-06
7.084650225073700625e-02 5.442281302836449630e-12 1.709328266815717701e-14 6.140204797587019483e-07
7.392678495729076982e-02 1.843249203302990538e-12 6.395239095195405902e-15 6.436305885696081262e-07
7.700706766384456115e-02 7.582183520972456916e-13 3.254192985265338874e-15 7.825212314705503740e-07
8.008735037039835247e-02 3.709615247796176464e-13 2.228726579931498527e-15 8.910345453143685244e-07
8.316763307695212992e-02 2.172890865083849081e-13 1.931870005370485736e-15 4.680264765785096504e-07
8.624791578350590737e-02 1.548332674964900265e-13 1.945795564251885530e-15 1.312208073549050535e-07
8.932819849005969870e-02 1.351625603088220759e-13 2.146298390702916957e-15 1.491075973448401638e-08
9.240848119661347615e-02 1.460507550786571470e-13 2.564970393656443536e-15 1.984329754434869722e-07
9.548876390316725360e-02 2.157063881839701540e-13 3.631670500432612121e-15 9.348587225614032906e-07
9.856904660972104493e-02 6.563995413688433244e-13 9.444479868744758226e-15 1.777535499739929494e-06
1.016493293162748224e-01 6.895537218065378119e-12 8.650067609248245728e-14 4.828506129226951589e-06
1.047296120228286137e-01 3.314314159559687134e-11 3.377997563148134129e-13 3.952347656843014959e-06
1.078098947293823912e-01 5.622884985875378361e-11 5.795629924255100807e-13 1.267285359373265040e-06
1.108901774359361686e-01 3.585323236690175322e-11 4.342067154099996302e-13 5.085821809274982569e-07
1.139704601424899599e-01 7.899635150980801219e-12 1.035313014887311007e-13 8.605025741303742286e-07
1.170507428490437374e-01 1.158147374896512119e-12 2.020651837518035522e-14 8.781206623804504567e-07
1.201310255555975148e-01 6.885736707182929896e-13 1.498286786306055394e-14 6.879057756653251070e-07
1.232113082621513062e-01 7.513805627831719307e-13 1.705026250799054628e-14 4.363319248988079236e-07
1.262915909687050975e-01 1.002794150206994258e-12 2.218466523485904959e-14 2.415018340024564692e-07
1.293718736752588472e-01 1.493607355906281235e-12 3.141581976372623360e-14 2.024449201947087721e-07
1.324521563818126524e-01 2.453503998971978767e-12 4.858982023736046384e-14 1.630106990937867930e-07
1.355324390883664298e-01 4.490109755479768632e-12 8.376243925647641126e-14 1.668139447424948766e-07
1.386127217949202073e-01 9.332141503815973507e-12 1.655087254967581214e-13 1.340403960542138756e-07
1.416930045014740125e-01 2.262257474591111387e-11 3.872794603685126616e-13 7.328381849449101651e-08
1.447732872080277899e-01 6.663638607617708843e-11 1.119027303933773508e-12 9.783222579756676021e-08
1.478535699145815396e-01 2.565339325265063147e-10 4.279133934892349484e-12 7.347280693299482366e-08
1.509338526211353448e-01 1.501827914459564742e-09 2.505544071921541867e-11 7.711848508423306092e-08
1.540141353276891223e-01 1.979031462447214328e-08 3.306935613211688523e-10 3.931839108615647635e-08
1.570944180342429275e-01 1.502976310566873290e-06 2.502209755332074418e-08 1.158664513754160086e-07
1.601747007407967049e-01 6.667219663589366534e-06 1.108723428659694391e-07 1.554030421019375817e-07
1.632549834473504824e-01 2.203556222868031503e-06 3.661482896570616620e-08 4.468812140949089683e-08
1.663352661539042598e-01 3.473354845905178221e-08 5.805295120187336119e-10 8.657423254907420494e-08
1.694155488604580373e-01 2.270434474201884618e-09 3.875694913322241385e-11 2.198847963005067965e-08
1.724958315670118147e-01 4.161159977854045176e-10 7.727070984657459939e-12 1.386460010595364105e-08
1.755761142735656199e-01 1.676616303293853781e-10 3.770676821258452900e-12 9.163234157588103387e-09
1.786563969801193974e-01 1.426009304300692542e-10 3.810330540082818036e-12 6.312108846117589411e-09
1.817366796866731748e-01 1.915994778026164936e-10 5.515995227614490112e-12 2.431552051912055051e-09
1.848169623932269523e-01 3.155853766411618701e-10 9.313929885582020608e-12 1.952812667989271690e-09
1.878972450997807297e-01 5.811376358400377207e-10 1.729584386698017393e-11 3.220385762150710967e-09
1.909775278063345072e-01 1.176113102285866826e-09 3.511306333766388853e-11 5.678182424185471402e-09
1.940578105128883124e-01 2.645058878251783491e-09 7.906970091381914744e-11 4.562962863231742180e-09
1.971380932194420899e-01 6.800667731397771731e-09 2.034072047724466790e-10 1.022418747716937799e-08
2.002183759259958673e-01 2.101008213164938498e-08 6.285546546521604411e-10 1.310704885124392184e-08
2.032986586325496448e-01 8.531939662955315347e-08 2.552651726667009232e-09 1.084590346162236221e-08
2.063789413391034500e-01 5.485505910628161205e-07 1.641102264016425535e-08 6.066167084423254866e-08
2.094592240456572274e-01 9.442457903029340466e-06 2.824096242889609074e-07 9.939359285038219905e-07
2.125395067522110049e-01 4.170425709767967143e-02 1.248287263781931462e-03 4.435141468314948536e-03
2.156197894587647823e-01 1.462674606301911651e-01 4.378117955579170426e-03 1.555700920344251122e-02
2.187000721653185598e-01 3.197621408860278069e-02 9.571129992815943007e-04 3.400900683781570965e-03
2.217803548718723372e-01 6.734127496589516547e-06 2.016593302591026392e-07 7.226113708132506561e-07
2.248606375784261424e-01 4.492329126614857033e-07 1.344943279292860418e-08 4.787785418099745457e-08
2.279409202849799199e-01 7.382426479414905858e-08 2.210053817361898403e-09 9.008078652717460121e-09
2.310212029915336973e-01 1.873475849198509909e-08 5.608584356456084942e-10 2.166199956202920097e-09
2.341014856980874748e-01 6.177247908106206322e-09 1.849392114340397362e-10 9.854559209699388020e-10
2.371817684046412522e-01 2.429786682265177692e-09 7.275625050014477578e-11 4.659404548806601778e-10
2.402620511111950297e-01 1.085737210178552514e-09 3.252100403796482337e-11 6.832542967137354194e-10
2.433423338177488349e-01 5.344825640683310179e-10 1.601926689798748904e-11 5.296252246242427512e-10
2.464226165243026123e-01 2.840205419116693968e-10 8.523331959201023292e-12 1.775154388418453964e-09
2.495028992308563898e-01 1.607045154174354298e-10 4.836221148536224766e-12 1.321740757961826456e-09
2.525831819374101950e-01 9.604813886774667907e-11 2.911225360875256177e-12 1.062633522664278283e-09
2.556634646439639447e-01 6.073500574388603919e-11 1.883368714522895982e-12 1.671972258017818313e-09
2.587437473505176944e-01 4.237997213155234565e-11 1.445852069340402309e-12 4.310235481613664273e-10
2.618240300570715551e-01 4.513612737151452904e-11 2.261916667908949586e-12 1.328220223832087676e-10
2.649043127636253048e-01 3.044132734446520316e-10 2.351350627236230875e-11 3.769701003483493025e-10
2.679845954701791100e-01 1.627548289520523954e-08 1.312507102468397064e-09 5.152042724721923763e-09
2.710648781767328597e-01 4.166674601583441100e-08 3.338462925828854175e-09 1.002716746500127345e-08
2.741451608832866094e-01 7.650022963045838216e-09 6.147794069642709115e-10 1.141863474710035864e-09
2.772254435898404146e-01 1.038886113929869260e-10 8.420713426416305198e-12 4.919226575498453789e-10
2.803057262963942198e-01 1.001919453509031669e-11 7.031100665127496381e-13 5.067418320814784509e-10
2.833860090029480250e-01 3.329421172506848993e-12 1.634572576950851851e-13 3.873471686225959758e-10
2.864662917095017747e-01 2.012603219458341423e-12 7.456428884559081894e-14 2.503615821830521202e-10
2.895465744160555799e-01 1.469008676449309553e-12 4.783129742612252589e-14 2.471668290737422044e-10
2.926268571226093296e-01 1.135538161584064054e-12 3.512338874429120612e-14 3.371162922740740691e-10
2.957071398291630793e-01 8.978270803048122115e-13 2.721522880721722265e-14 4.981304419064030657e-10
2.987874225357169400e-01 7.189139532734983810e-13 2.162493579410311788e-14 2.395597554231384959e-10
3.018677052422706897e-01 5.810933325718960165e-13 1.743864914525779228e-14 3.341139057532908132e-10
3.049479879488244949e-01 4.736607555740539493e-13 1.421420425987249221e-14 1.710943687918331318e-10
3.080282706553782446e-01 3.897831861762245596e-13 1.169462454884622848e-14 3.302373279861128884e-11
3.111085533619320498e-01 3.278341456724219127e-13 9.736667277007947028e-15 2.588370901510715836e-10
3.141888360684858550e-01 3.271211525524146978e-13 8.693888417517944653e-15 1.940061501129539922e-10
3.172691187750396047e-01 1.365577820732395163e-12 2.645879139912759074e-14 6.304696800738725193e-11
3.203494014815934099e-01 5.872649809207518962e-12 1.676127770403366702e-13 7.085767760475691383e-11
3.234296841881471596e-01 7.289042432745118657e-12 3.969669622510207432e-13 6.840845989879796990e-11
3.265099668947009648e-01 3.315932332175259596e-12 3.825588381390635380e-13 2.688354293631206731e-11
3.295902496012547145e-01 4.941626211814378195e-13 6.279043105109152435e-14 6.088938374309949509e-11
3.326705323078085197e-01 1.203873521858769874e-13 5.836450717126187883e-15 1.197947095754469129e-10
3.357508150143623249e-01 9.165919837501526368e-14 3.161987895825189051e-15 1.462766721935484268e-10
3.388310977209160746e-01 7.927990311198848891e-14 2.666036196604897796e-15 1.006067699636452039e-10
3.419113804274698798e-01 7.055129292083438815e-14 2.419783677925368173e-15 6.679284457018766452e-11
3.449916631340236295e-01 6.428251401601639466e-14 2.275692300620940509e-15 6.510965678561322650e-11
3.480719458405774347e-01 6.070230652392687773e-14 2.229664532594769015e-15 1.615454985644535480e-10
3.511522285471312399e-01 6.135212383963106040e-14 2.333021777286299818e-15 9.629703568308521402e-11
3.542325112536849896e-01 7.126586854525704281e-14 2.754415417955577363e-15 3.186553116140610584e-11
3.573127939602387948e-01 1.077060928320042880e-13 4.065892312829609224e-15 1.037135195064244168e-10
3.603930766667925445e-01 2.407455296537087868e-13 8.580345745956662527e-15 8.407972958120739454e-11
3.634733593733463497e-01 8.409256647631214775e-13 2.852484330244687936e-14 3.855640026782966012e-11
3.665536420799000994e-01 4.910364345561178568e-12 1.630377579474175282e-13 2.612817281713345557e-12
3.696339247864539046e-01 6.817093200615261196e-11 2.255816622082932267e-12 3.758864600366431954e-12
3.727142074930077098e-01 5.756384148496808109e-09 1.923771131041740080e-10 1.907685333885579738e-09
3.757944901995614595e-01 2.355866766070500438e-08 7.890698878206795301e-10 6.960155051839166357e-09
3.788747729061152647e-01 7.180643340509814283e-09 2.413722111551836123e-10 1.912150826143861450e-09
3.819550556126690144e-01 1.069560888981871164e-10 3.623913595169220908e-12 6.719791602827068771e-12
3.850353383192228196e-01 7.372595365817326721e-12 2.642417031959895213e-13 2.280844502692345319e-11
3.881156210257766248e-01 1.580811300835543446e-12 7.027018493707646393e-14 2.732915978227446432e-12
3.911959037323303745e-01 8.833513170036180834e-13 5.365514805868595469e-14 3.170941364653527845e-11
3.942761864388841797e-01 9.722912809787128526e-13 6.999247899607314067e-14 3.478460614891621220e-11
3.973564691454379849e-01 1.441726052537585847e-12 1.105362454607664753e-13 3.205619501587310906e-11
4.004367518519917346e-01 2.440375310265380731e-12 1.917867199791299903e-13 6.025042961770288119e-11
4.035170345585455398e-01 4.523062415430326189e-12 3.595693270311772500e-13 4.825595122208448044e-11
4.065973172650992895e-01 9.170680026364964202e-12 7.335220499169117275e-13 3.733224650392277136e-11
4.096775999716530947e-01 2.066880334169039283e-11 1.659083461283019828e-12 5.285667566242501942e-11
4.127578826782068999e-01 5.337154866430852453e-11 4.293247804691659029e-12 5.039157212660901688e-11
4.158381653847606496e-01 1.662085336067388018e-10 1.338692439885428234e-11 5.058923685087061449e-11
4.189184480913144548e-01 6.846170904453655421e-10 5.518129421639718294e-11 1.009641771150747499e-10
4.219987307978682045e-01 4.524406286655233474e-09 3.648126334150780613e-10 6.754225874904953101e-10
4.250790135044220097e-01 8.380138369430547889e-08 6.757485045493358384e-09 1.237449643110378758e-08
4.281592962109757594e-01 8.967170930684112949e-05 7.225800723898744838e-06 1.327694689536970644e-05
4.312395789175295646e-01 2.764976375047037633e-04 2.227698016479304726e-05 4.094917855490846567e-05
4.343198616240833698e-01 5.269725966099465814e-05 4.244949691695906760e-06 7.805398313963047630e-06
4.374001443306371195e-01 4.298495292767284827e-08 3.467091141096264099e-09 6.403712878113665499e-09
4.404804270371909247e-01 3.049158751867793530e-09 2.459607821912846850e-10 4.498596619821038537e-10
4.435607097437446744e-01 5.137643040857129670e-10 4.145236794232958794e-11 8.167449415787154002e-11
4.466409924502984796e-01 1.321501324266702572e-10 1.066647027782778402e-11 1.996878629077754733e-11
4.497212751568522848e-01 4.392408193938876665e-11 3.547347059966360068e-12 8.089281612411578676e-12
4.528015578634060345e-01 1.736175907017762467e-11 1.403281535181890082e-12 6.382895705741295172e-12
4.558818405699598397e-01 7.779947190610787355e-12 6.295393341312947200e-13 4.880395981161267903e-12
4.589621232765135894e-01 3.835372753930475521e-12 3.108747680662965440e-13 9.528415743458498878e-13
4.620424059830673946e-01 2.039320453399224507e-12 1.657478976482084389e-13 6.511404829454722281e-13
4.651226886896211443e-01 1.154556505459911534e-12 9.431735750654068711e-14 4.621868763533287594e-13
4.682029713961749495e-01 6.917774397570953265e-13 5.717088712252890083e-14 3.617297973498746743e-13
4.712832541027287547e-01 4.424862428257236289e-13 3.781605048915768543e-14 1.741533084408242740e-12
4.743635368092825044e-01 3.258325812798787308e-13 3.142354930796612738e-14 2.239493115438731148e-12
4.774438195158363096e-01 4.425911891851130823e-13 6.113531206680993352e-14 1.212011725196615933e-12
4.805241022223900593e-01 4.700026857746346019e-12 8.421107083173085652e-13 1.664973653478119194e-12
4.836043849289438645e-01 2.611860597316538515e-10 4.570172474193903121e-11 2.568114268534323450e-11
4.866846676354976697e-01 6.175323179696122207e-10 1.059279198265553128e-10 6.620910364030727970e-11
4.897649503420514194e-01 1.042575212408005037e-10 1.766550349994770123e-11 1.341106549344342553e-11
4.928452330486052246e-01 1.379491741283455868e-12 2.347202665811930054e-13 1.055130695585721549e-12
4.959255157551589743e-01 1.175528523338938528e-13 1.899982844103260987e-14 1.400791828984200214e-12
4.990057984617127795e-01 2.981252330526005955e-14 3.897213970722550195e-15 4.754864514704944815e-13
5.020860811682665847e-01 1.484618281234466704e-14 1.509233226667559148e-15 4.841947561125817923e-13
5.051663638748203899e-01 9.939079220650142790e-15 8.646974315415004716e-16 4.298619582977486813e-13
5.082466465813741952e-01 7.394695598869479531e-15 5.964435329997766533e-16 9.620678641343618085e-13
5.113269292879278893e-01 5.733578902380120925e-15 4.462974575625644980e-16 6.559057522064056821e-13
5.144072119944816945e-01 4.549982029465204627e-15 3.498523892921978253e-16 2.717264819235603720e-13
5.174874947010353887e-01 3.706685604878976402e-15 2.911452140639075070e-16 2.453245414851914547e-13
5.205677774075893049e-01 3.219540016836178131e-15 2.849812379405592638e-16 1.968645927553083538e-13
5.236480601141431102e-01 3.530570484936648562e-15 4.471513951901606639e-16 2.250798505245761446e-13
5.267283428206968043e-01 8.165602176827180536e-15 1.650342132908956855e-15 7.280305151198356639e-14
5.298086255272506095e-01 6.578369432145872594e-14 1.584170551599628244e-14 3.664414310731512891e-13
5.328889082338043037e-01 1.411393107664620497e-12 3.431732789008808389e-13 5.024657791137767520e-13
5.359691909403582200e-01 5.771674696823622076e-12 1.373991596508417320e-12 2.902491573886223605e-13
5.390494736469120252e-01 2.964420616546461690e-12 6.554520887376030478e-13 1.185409844176810661e-13
5.421297563534657193e-01 4.711903185785366438e-13 1.029484925314633663e-13 3.116158120542927252e-13
5.452100390600195245e-01 2.874458918834452302e-14 8.263711754998331569e-15 3.666856658241325725e-14
5.482903217665732187e-01 1.423835922826957033e-15 4.412829217768999797e-16 1.399519155897906080e-14
5.513706044731271350e-01 6.727374883637045970e-16 1.473141072630991256e-16 9.809338482506056913e-14
5.544508871796808291e-01 5.596653955953635029e-16 1.165596487278361679e-16 1.480082653701987868e-13
5.575311698862346343e-01 5.941625267318936441e-16 1.377226425422782508e-16 1.223543618486021568e-13
5.606114525927884396e-01 7.600641350029600170e-16 1.978516555606659014e-16 3.261071714864486629e-13
5.636917352993422448e-01 1.154524226206642333e-15 3.233847622018389486e-16 8.227676172354588553e-14
5.667720180058960500e-01 2.064179447801684518e-15 5.960342715797520073e-16 1.348673734396507335e-13
5.698523007124497441e-01 4.324797241812185561e-15 1.254897883615957273e-15 2.048045101499096906e-14
5.729325834190035494e-01 1.071222944684332440e-14 3.094735342449584219e-15 4.869570051546626603e-14
5.760128661255573546e-01 3.238909681808052772e-14 9.314498233925267454e-15 7.287379413249615121e-14
5.790931488321111598e-01 1.284678462511733157e-13 3.686850978440891684e-14 4.901349571393382310e-14
5.821734315386649650e-01 7.839488053720540292e-13 2.249124341960840391e-13 1.339065895588658793e-13
5.852537142452186592e-01 1.137199002164266404e-11 3.259405414522177020e-12 1.707356897948341195e-12
5.883339969517724644e-01 9.502805034941001441e-10 2.717946752159716783e-10 1.433482255406752120e-10
5.914142796583261585e-01 3.508558470397750768e-09 1.004653935558724411e-09 5.232888562349223655e-10
5.944945623648800748e-01 9.673076566412791977e-10 2.773198108125599484e-10 1.433209432944633838e-10
5.975748450714338800e-01 1.408868399992624965e-11 4.058470277657776474e-12 2.290063013425189964e-12
6.006551277779875742e-01 9.868264892324176496e-13 2.850956649813910702e-13 1.339008834234778649e-13
6.037354104845413794e-01 1.934133655481654324e-13 5.702626040379149485e-14 3.512257229229352343e-14
6.068156931910951846e-01 8.749674182855817130e-14 2.700594072863531505e-14 1.820539776933177089e-14
6.098959758976489898e-01 8.295735568453188944e-14 2.657811173905414431e-14 1.840470445716201713e-14
6.129762586042027950e-01 1.176145564894512385e-13 3.818399995747790483e-14 2.554109126715201494e-14
6.160565413107564892e-01 1.985200583125210921e-13 6.459897415944282974e-14 4.194881082567470249e-14
6.191368240173102944e-01 3.711108179252396773e-13 1.206628075388288978e-13 6.937259744539901263e-14
6.222171067238640996e-01 7.607104009348945589e-13 2.469852916995275060e-13 1.388576398048439625e-13
6.252973894304179048e-01 1.733703530913589313e-12 5.621494436347531669e-13 3.183384880565631235e-13
6.283776721369717100e-01 4.528430465065975840e-12 1.466802056166332323e-12 8.295694185451490404e-13
6.314579548435254042e-01 1.428725970961777729e-11 4.624314537068856245e-12 2.645382958697888423e-12
6.345382375500792094e-01 5.988507170280969463e-11 1.937319128822511358e-11 1.095284959054041774e-11
6.376185202566330146e-01 4.075850343521107284e-10 1.318152940109625222e-10 7.482131072969343532e-11
6.406988029631868198e-01 8.146744918875447472e-09 2.634080261752834168e-09 1.493147489172319506e-09
6.437790856697405140e-01 3.770698926559207635e-06 1.219683864769988592e-06 6.912390123928628844e-07
6.468593683762943192e-01 1.024484321007868892e-05 3.314095411157436465e-06 1.878362306863260557e-06
6.499396510828481244e-01 1.695212581966490946e-06 5.484268841886463282e-07 3.108907557244089262e-07
6.530199337894019296e-01 3.030827712725942587e-09 9.801989044497852736e-10 5.550088491292837084e-10
6.561002164959557348e-01 2.277456361480149781e-10 7.364007056694767138e-11 4.175201364525731675e-11
6.591804992025094290e-01 3.935382657361988286e-11 1.272139077017021501e-11 7.216009529103667853e-12
6.622607819090632342e-01 1.027945295231296327e-11 3.321579731490982709e-12 1.895051489939041131e-12
6.653410646156170394e-01 3.455511397101443301e-12 1.115955050442667030e-12 6.274786272643567245e-13
6.684213473221708446e-01 1.378887006828551732e-12 4.449906572075377747e-13 2.608150704228686079e-13
6.715016300287246498e-01 6.233878660763296262e-13 2.010020678052417365e-13 1.150817966985829111e-13
6.745819127352783440e-01 3.100874450545443358e-13 9.988488245199669141e-14 6.218273822429142452e-14
6.776621954418321492e-01 1.665006318229330231e-13 5.358264139323926784e-14 3.039133461884525901e-14
6.807424781483859544e-01 9.538240234701499246e-14 3.068247884225349494e-14 1.823460830190298041e-14
6.838227608549397596e-01 5.812967706828023005e-14 1.873133735181172011e-14 1.138725934426191935e-14
6.869030435614935648e-01 3.849133742986871705e-14 1.253843675669965847e-14 8.528677809086719139e-15
6.899833262680472590e-01 3.173349716228663871e-14 1.087540885319559187e-14 6.761404783484790393e-15
6.930636089746010642e-01 6.232771419197605957e-14 2.448300213475404901e-14 1.514907279397091295e-14
6.961438916811548694e-01 8.303317970111534889e-13 3.567901094261458535e-13 9.425137664522422245e-14
6.992241743877086746e-01 3.992956038414901861e-11 1.721735340657621863e-11 6.305253596898115188e-12
7.023044570942624798e-01 8.494041161528458971e-11 3.650531961939540583e-11 1.378761478322921641e-11
7.053847398008161740e-01 1.285509481168023156e-11 5.512306717949442132e-12 2.081658837812629412e-12
7.084650225073699792e-01 1.942056144577890665e-13 8.347585571711677919e-14 2.351203766329801107e-14
7.115453052139237844e-01 1.686396137581407384e-14 7.131777291448323960e-15 2.201650518852746664e-15
7.146255879204775896e-01 3.849645186952370616e-15 1.511930944337805627e-15 4.117364801019584021e-16
7.177058706270313948e-01 1.694421482376051373e-15 5.981228679214760762e-16 2.855071286635830026e-16
7.207861533335850890e-01 1.067375590813615958e-15 3.477216455304085345e-16 1.160149668801593267e-15
7.238664360401388942e-01 7.827219007951986920e-16 2.433552950741987119e-16 8.307488655354079299e-16
7.269467187466926994e-01 6.112161522765082140e-16 1.848696697507026677e-16 1.710216105607231521e-15
7.300270014532465046e-01 4.923732032148340667e-16 1.462246854082792333e-16 6.292714131575940657e-16
7.331072841598001988e-01 4.058842043096854555e-16 1.189820784612984131e-16 1.023828789703564940e-15
7.361875668663540040e-01 3.465450298808995931e-16 1.010050882843400153e-16 8.779852728577320096e-16
7.392678495729078092e-01 3.317247556104538250e-16 9.858753767937615038e-17 3.821744553553253280e-16
7.423481322794616144e-01 5.222968302179666124e-16 1.700954161410598916e-16 1.058382095839026809e-15
7.454284149860154196e-01 3.155768463142323170e-15 1.122906275525867911e-15 3.620355223975235462e-16
7.485086976925691138e-01 5.947561027141814398e-14 2.131099050745082075e-14 6.189489694655762378e-16
7.515889803991229190e-01 1.844608208955250802e-13 6.504278011677261638e-14 7.970646603757122109e-15
7.546692631056767242e-01 3.674343620294023254e-14 1.231486891028778501e-14 8.873340032955706340e-15
7.577495458122305294e-01 1.831408672847695331e-14 9.148951098871970215e-15 4.282912410485174277e-15
7.608298285187843346e-01 5.352112815136504882e-15 2.432121844651550109e-15 2.704875241596552257e-17
7.639101112253380288e-01 4.539546461594842875e-16 1.838983232921953677e-16 1.682323220173462529e-16
7.669903939318918340e-01 1.381933989903009725e-16 4.672305578366049634e-17 4.856157625369062304e-16
7.700706766384456392e-01 9.343452431150082192e-17 2.848237966603045338e-17 1.227665471113053318e-16
7.731509593449994444e-01 8.312227156507824935e-17 2.485833959859421913e-17 1.094430176275658918e-16
7.762312420515532496e-01 8.359491658558031564e-17 2.560552971711516562e-17 1.226000812692571848e-15
7.793115247581069438e-01 9.394215380692731969e-17 3.019756763773595522e-17 1.681256573068956269e-16
7.823918074646607490e-01 1.224446503482682103e-16 4.180171529419182830e-17 5.328368999216475370e-16
7.854720901712146652e-01 1.959212190324376340e-16 7.079761163249184187e-17 6.763497360074701219e-16
7.885523728777683594e-01 4.048413574285862361e-16 1.522659214724195560e-16 1.512641524556801017e-16
7.916326555843220536e-01 1.117146951646414414e-15 4.290459282023004640e-16 8.869034523782136268e-16
7.947129382908759698e-01 4.315599189038345724e-15 1.671693527807462984e-15 2.695731761348518770e-16
7.977932209974296640e-01 2.678300871675129878e-14 1.040735353549627629e-14 1.859570571079209698e-15
8.008735037039834692e-01 4.175768674615201203e-13 1.622603052672499912e-13 6.602861772747541641e-15
8.039537864105371634e-01 3.337151147333347450e-11 1.291990705219316472e-11 4.744093416204087908e-13
8.070340691170910796e-01 1.086198217990011432e-10 4.206960438545523830e-11 1.559579624966151521e-12
8.101143518236447738e-01 2.638823815300022729e-11 1.022738412715161425e-11 4.024425791003550687e-13
8.131946345301985790e-01 3.733065024858728741e-13 1.452259814676036135e-13 4.481134372544331525e-15
8.162749172367524952e-01 2.776735481431362020e-14 1.081755341868837380e-14 2.533906980801618700e-15
8.193551999433061894e-01 6.129758479337650999e-15 2.426946253712632652e-15 6.478148324455721344e-16
8.224354826498598836e-01 3.370435398485036055e-15 1.373792011144942874e-15 2.291853332972319964e-15
8.255157653564137998e-01 3.664339939953421620e-15 1.524069785298436900e-15 6.308286221237924205e-16
8.285960480629674940e-01 5.456280351070952359e-15 2.287870758318236213e-15 4.623611960857049892e-16
8.316763307695212992e-01 9.335405221689561819e-15 3.926109051767694884e-15 1.219471477112892152e-15
8.347566134760749934e-01 1.752044115054501312e-14 7.376973351422925045e-15 1.096654554387674875e-15
8.378368961826289096e-01 3.599717266586105890e-14 1.516368916468459708e-14 1.770348665043893707e-15
8.409171788891826038e-01 8.230788639772676189e-14 3.467814008401333052e-14 3.104311921342314079e-15
8.439974615957364090e-01 2.161636597304368706e-13 9.107944759085791005e-14 6.779783375266847267e-15
8.470777443022903253e-01 6.881760547520261426e-13 2.899595085559613184e-13 2.242837484413098801e-14
8.501580270088440194e-01 2.929081240791020243e-12 1.234124604406953979e-12 9.104632309175268972e-14
8.532383097153977136e-01 2.053264844072732924e-11 8.650732145393485962e-12 6.525065879458214337e-13
8.563185924219515188e-01 4.455765260552420669e-10 1.877018479643365368e-10 1.404628717893466947e-11
8.593988751285054351e-01 1.119216764679282413e-07 4.715972507190032733e-08 3.533172981683726292e-09
8.624791578350591292e-01 2.680714401046838226e-07 1.129595014454787179e-07 8.459038266484104507e-09
8.655594405416128234e-01 3.828071481766649889e-08 1.613113302738152126e-08 1.206903849471140034e-09
8.686397232481667396e-01 1.188598614957475982e-10 5.008340637383287004e-11 3.765452473889313421e-12
8.717200059547204338e-01 9.443964827164329824e-12 3.979198726898401235e-12 2.995136857109660681e-13
8.748002886612742390e-01 1.671066493174401910e-12 7.040849785152811309e-13 5.267193116069404351e-14
8.778805713678279332e-01 4.422828181742569199e-13 1.863453029426821516e-13 1.409489606090813061e-14
8.809608540743818494e-01 1.498932807606647149e-13 6.315148600253681113e-14 4.754878893156321494e-15
8.840411367809355436e-01 6.012848607789284493e-14 2.533161137915198202e-14 2.005119972865912475e-15
8.871214194874893488e-01 2.727590440284601188e-14 1.149076443908744232e-14 9.792460575112777593e-16
8.902017021940432651e-01 1.359621691187829639e-14 5.728011883110647584e-15 5.185666992368717039e-16
8.932819849005969592e-01 7.309589057339704540e-15 3.080260695884926765e-15 3.235142244100124413e-16
8.963622676071506534e-01 4.190992162615725790e-15 1.767671828461097692e-15 2.638130881673672811e-16
8.994425503137045697e-01 2.557318446586731582e-15 1.081882830305351119e-15 1.204919767084899031e-16
9.025228330202583749e-01 1.700080401352557375e-15 7.272108674549935913e-16 4.956584146524302801e-17
9.056031157268120690e-01 1.437624025266650116e-15 6.428023218601950418e-16 2.024546618730760816e-16
9.086833984333657632e-01 3.379533226123564060e-15 1.700127247216382200e-15 1.908805893409769960e-16
9.117636811399196795e-01 4.609838149821915438e-14 2.532277916934314019e-14 6.072816146858669735e-15
9.148439638464733736e-01 1.785603874271798333e-12 9.852685704214756273e-13 1.780479703425192733e-13
9.179242465530271788e-01 3.323890515616876102e-12 1.832862828929701176e-12 3.180377894626390408e-13
9.210045292595810951e-01 4.322345769988182179e-13 2.383327693329379552e-13 3.951836631009282440e-14
9.240848119661347893e-01 6.948990676264668685e-15 3.814431912198917026e-15 1.595303474979913998e-16
9.271650946726884834e-01 6.419201953885443181e-16 3.432099735037886865e-16 4.572747244472666311e-16
9.302453773792422886e-01 1.547064030057889277e-16 7.630717162997554335e-17 1.135440891280253954e-16
9.333256600857962049e-01 7.112587500158132079e-17 3.170524611438773604e-17 1.036042067703780660e-16
9.364059427923498991e-01 4.596822022202818470e-17 1.908866409812935835e-17 2.992271112349758708e-17
9.394862254989035932e-01 3.429120971950617266e-17 1.365920642812060863e-17 1.432039379283667516e-16
9.425665082054575095e-01 2.728501690043525688e-17 1.058434902359936942e-17 3.281895157107574414e-17
9.456467909120113147e-01 2.268904616907930560e-17 8.645752626951001773e-18 1.302488170846779096e-16
9.487270736185650089e-01 2.006078867804484995e-17 7.603847287870173695e-18 9.063199362005771392e-17
9.518073563251189251e-01 2.057621359038092049e-17 8.030838681394963799e-18 7.642801418733379100e-17
9.548876390316726193e-01 3.167761300415473305e-17 1.358714791358544198e-17 3.937737648349566902e-17
9.579679217382263134e-01 1.089239368767459800e-16 5.176868293162174166e-17 1.074583897820188177e-16
9.610482044447801186e-01 1.048808760424059480e-15 5.185153870241766884e-16 1.868996104723710550e-16
9.641284871513340349e-01 2.181278755060173565e-14 1.083185674879465826e-14 1.503416458382198266e-15
9.672087698578877291e-01 6.830435200855516072e-14 3.360812417634201564e-14 6.419757685905114979e-15
9.702890525644414232e-01 1.916273773480585252e-14 9.120036150352345992e-15 2.907712300010162550e-15
9.733693352709953395e-01 1.169766801749637142e-15 8.600052173454097083e-16 2.735754854940704132e-16
9.764496179775491447e-01 4.129088238394923284e-16 2.524246669767074080e-16 2.046505993762730962e-16
9.795299006841028389e-01 4.741505857681248252e-17 2.517083771589386359e-17 2.092325609323660758e-16
9.826101833906565330e-01 1.258522080364390525e-17 5.919719554609688772e-18 9.613775674970918382e-17
9.856904660972104493e-01 6.800456991929664379e-18 2.827726373190794133e-18 3.147126835254677039e-17
9.887707488037642545e-01 5.609062017339411271e-18 2.211642213655824961e-18 2.378380676942831974e-17
9.918510315103179487e-01 5.815752638075368457e-18 2.347522800749138513e-18 1.255728164741313927e-17
9.949313142168718649e-01 7.148140310853468746e-18 3.082831354131246133e-18 1.755075946037955154e-17
9.980115969234255591e-01 1.053213473686115721e-17 4.894839782207837788e-18 9.422245488096142671e-17
1.001091879629979253e+00 1.914766957130159704e-17 9.431283863752409670e-18 2.000464304293675117e-17
1.004172162336533169e+00 4.389922359903008041e-17 2.233707192254894237e-17 2.370671064349931669e-17
1.007252445043086864e+00 1.297139577193112142e-16 6.684967040015127373e-17 9.868631404061997734e-18
1.010332727749640780e+00 5.226114464950935237e-16 2.701880244988815521e-16 1.581643883424093152e-17
1.013413010456194474e+00 3.361995302155947249e-15 1.739112968585225328e-15 3.866389066104692581e-16
1.016493293162748390e+00 5.665888954955471133e-14 2.930606877626747738e-14 3.440244324805030343e-15
1.019573575869302084e+00 4.571678696776883292e-12 2.343556853670720558e-12 3.310747964559929979e-13
1.022653858575855779e+00 1.360632395826685393e-11 6.953595266133327699e-12 1.013273918848217422e-12
1.025734141282409695e+00 3.008501976027022565e-12 1.532538651370433983e-12 2.227724540804317216e-13
1.028814423988963389e+00 4.125943843998663280e-14 2.098541349383014187e-14 3.154440717888877568e-15
1.031894706695517083e+00 3.089444583273156193e-15 1.574929630683941224e-15 1.171904103122364832e-16
1.034974989402070777e+00 6.547967428590670065e-16 3.373896624071443734e-16 2.107096671165969965e-16
1.038055272108624694e+00 3.312571598509257020e-16 1.739734394634688689e-16 7.790010420114766558e-17
1.041135554815178610e+00 3.396733612175764281e-16 1.813166777085074128e-16 2.540962672125625018e-17
1.044215837521732304e+00 4.957357881569547971e-16 2.666602068768017489e-16 5.167426009569133653e-17
1.047296120228286220e+00 8.448093187065276897e-16 4.558895877993570091e-16 6.998931680082831883e-17
1.050376402934839914e+00 1.587729378022801373e-15 8.580329833301994025e-16 9.471073406328359100e-17
1.053456685641393609e+00 3.274037931416337658e-15 1.770585178929192835e-15 2.972403488821475733e-16
1.056536968347947303e+00 7.525766084268773202e-15 4.071363717210252648e-15 4.650011269647139528e-16
1.059617251054501219e+00 1.990923372980929879e-14 1.077268797715130642e-14 1.224784544777159539e-15
1.062697533761054913e+00 6.405117033042508695e-14 3.466062446668726731e-14 3.866283146213251121e-15
1.065777816467608607e+00 2.771822311089710187e-13 1.499998403475781435e-13 1.644496476017556221e-14
1.068858099174162524e+00 2.004436017106301865e-12 1.084711371651475052e-12 1.193989420335313366e-13
1.071938381880716440e+00 4.753081317975408942e-11 2.571812211821957819e-11 2.831879275529324336e-12
1.075018664587270134e+00 7.395385189467489985e-09 4.001098486117448154e-09 4.407810458457902677e-10
1.078098947293824050e+00 1.565740108910163701e-08 8.470109074588205027e-09 9.331615658605482037e-10
1.081179230000377745e+00 1.923095180376833855e-09 1.040114487799963838e-09 1.145935031789574378e-10
1.084259512706931439e+00 9.057706873467333681e-12 4.901547401922650839e-12 5.407743514821791315e-13
1.087339795413485133e+00 7.589026090843584184e-13 4.107043754497172661e-13 4.559623700500208347e-14
1.090420078120039049e+00 1.374675350902141227e-13 7.439769609093432082e-14 8.106705036438141205e-15
1.093500360826592743e+00 3.688019556428020705e-14 1.996033955438476474e-14 2.254089226557336907e-15
1.096580643533146437e+00 1.261128228738207878e-14 6.825745324089264999e-15 7.612698805162200892e-16
1.099660926239700354e+00 5.091348581802921531e-15 2.755749966573062273e-15 3.191249593948297851e-16
1.102741208946254270e+00 2.320704895679852879e-15 1.256154113586570265e-15 1.399654018162141337e-16
1.105821491652807964e+00 1.161098847808645856e-15 6.285136204770163699e-16 8.282761425236375025e-17
1.108901774359361658e+00 6.259606644420765447e-16 3.388848545257432430e-16 7.261598938951733769e-17
1.111982057065915575e+00 3.594612661703640935e-16 1.946997521472064480e-16 6.701558288057134632e-17
1.115062339772469269e+00 2.191084865318348575e-16 1.188877147737806137e-16 1.767026402711415053e-17
1.118142622479022963e+00 1.442642390213712845e-16 7.882647505578195415e-17 1.299735380434337872e-17
1.121222905185576879e+00 1.177063327935915349e-16 6.642659553781255190e-17 2.266560870135097161e-17
1.124303187892130573e+00 2.885750181445749001e-16 1.807617346127738057e-16 1.853805822910779773e-17
1.127383470598684490e+00 4.065783178393267623e-15 2.700383656554155028e-15 5.014519482471051542e-16
1.130463753305238184e+00 1.384968421584334268e-13 9.125714955077726574e-14 1.143431846788325453e-14
1.133544036011792100e+00 2.353414417398968482e-13 1.543507061428465089e-13 1.943839059225656009e-14
1.136624318718345794e+00 2.750309237702399517e-14 1.791883373598411368e-14 2.907647460938129056e-15
1.139704601424899488e+00 4.486683128490449770e-16 2.915962637472193416e-16 4.823141333318713488e-18
1.142784884131453405e+00 4.375069427884848720e-17 2.740578172400009082e-17 6.244720679862296203e-17
1.145865166838007099e+00 1.186768102847906242e-17 6.778855554650078283e-18 1.300736429824256520e-17
1.148945449544560793e+00 6.104378784434622473e-18 3.179923685986668013e-18 4.206224158799872360e-17
1.152025732251114709e+00 4.209091250148672010e-18 2.066743830903607842e-18 7.160747253391594608e-18
1.155106014957668403e+00 3.254200594055397442e-18 1.536272756413734672e-18 1.584296303147824867e-17
1.158186297664222320e+00 2.654032962509000645e-18 1.214029933716705889e-18 6.230004503675978664e-18
1.161266580370776014e+00 2.256046274727861124e-18 1.005657512448297419e-18 2.543134511406169566e-18
1.164346863077329930e+00 2.042989038365144071e-18 9.023069530856348645e-19 1.772670314479201401e-17
1.167427145783883624e+00 2.162214906815569005e-18 9.987353793669590926e-19 1.039687379686950569e-17
1.170507428490437318e+00 3.480458904869948485e-18 1.851366707161881986e-18 1.017339497429760771e-17
1.173587711196991235e+00 1.258017577361376945e-17 7.736333035253257345e-18 7.669273630677979347e-18
1.176667993903544929e+00 1.289209423816641691e-16 8.396182278100475769e-17 1.214571401893306936e-17
1.179748276610098623e+00 2.742525592060784356e-15 1.799200248532280586e-15 2.237531729576340454e-16
1.182828559316652317e+00 7.975412922607193403e-15 5.193997210804269824e-15 8.247458318436534305e-16
1.185908842023206233e+00 2.089198275647097101e-15 1.349639009478753015e-15 2.603821564158537741e-16
1.188989124729760150e+00 2.086742677366895227e-16 1.709264728955816647e-16 5.338607083766514922e-17
1.192069407436313844e+00 4.884413269923645193e-17 3.515350188026605931e-17 1.209166646884117940e-17
1.195149690142867760e+00 5.030835860344089361e-18 3.189704848892934334e-18 4.359425808464115561e-17
1.198229972849421454e+00 1.415632688788422221e-18 7.485688694045591272e-19 2.216356681354031937e-17
1.201310255555975148e+00 8.024627849531996523e-19 3.464383506182338445e-19 3.974563070105480987e-17
1.204390538262529065e+00 6.504129927169997455e-19 2.531563751316288330e-19 2.141692398633880831e-17
1.207470820969082759e+00 6.283833193284439592e-19 2.489510325191603499e-19 1.448961163317168322e-17
1.210551103675636453e+00 6.920909438507447992e-19 3.055999862769284934e-19 8.988143133781202755e-19
1.213631386382190369e+00 8.958169272544756256e-19 4.618340678197180383e-19 1.016926770714017497e-18
1.216711669088744063e+00 1.452742344714592445e-18 8.658088767770565694e-19 1.520520178659317672e-18
1.219791951795297980e+00 3.112520734349651839e-18 2.034125730679205199e-18 1.424263753337062839e-18
1.222872234501851674e+00 9.015757929388353082e-18 6.119654435146765588e-18 8.861817299279350116e-19
1.225952517208405590e+00 3.669203693584276589e-17 2.510588000426646056e-17 6.746071552750436857e-18
1.229032799914959284e+00 2.432941904045225869e-16 1.663876288163032028e-16 2.520380743088530156e-17
1.232113082621512978e+00 4.458154769090732103e-15 3.048719448755025308e-15 4.026850989565503960e-16
1.235193365328066673e+00 3.457316707358737839e-13 2.320545855146354436e-13 3.515344619312214739e-14
1.238273648034620589e+00 9.360408423972884821e-13 6.234393398134839589e-13 9.509337676845293453e-14
1.241353930741174283e+00 1.870282174425267072e-13 1.235033242213161121e-13 1.848855918926687464e-14
1.244434213447728199e+00 2.536865320633875570e-15 1.666183371723666376e-15 2.906407475394227212e-16
1.247514496154282115e+00 1.937746451571548165e-16 1.279180414719062015e-16 4.689642525595830948e-18
1.250594778860835810e+00 4.216745243656189455e-17 2.805402545888986459e-17 1.680059848606775629e-17
1.253675061567389504e+00 2.194330754191997411e-17 1.481211060622717154e-17 1.433461543272777406e-17
1.256755344273943420e+00 2.293446468180965139e-17 1.572366217916241472e-17 1.470042997228184057e-17
1.259835626980497114e+00 3.377032537796646468e-17 2.335298843294175931e-17 1.201862446345244222e-17
1.262915909687050808e+00 5.784426151278580436e-17 4.015286362112685568e-17 8.578012145289822739e-18
1.265996192393604503e+00 1.091933784833437403e-16 7.590975987016031493e-17 1.351932432840842241e-17
1.269076475100158419e+00 2.262591792455323970e-16 1.573590625514410559e-16 3.314154439061190257e-17
1.272156757806712113e+00 5.231564807211492737e-16 3.638315053874519550e-16 4.536565647750960265e-17
1.275237040513266029e+00 1.394679983361447367e-15 9.697383283798267848e-16 1.232384919128838934e-16
1.278317323219819945e+00 4.535831467614584728e-15 3.153120794620681068e-15 3.882265290456579511e-16
1.281397605926373640e+00 1.996635028313416948e-14 1.387736572451973054e-14 1.687159210466778987e-15
1.284477888632927334e+00 1.491031928140611834e-13 1.036209824730060895e-13 1.259478118887774962e-14
1.287558171339481028e+00 3.886734261327583337e-12 2.700811894703053594e-12 3.286844257264958580e-13
1.290638454046034944e+00 4.064918060239397755e-10 2.823076754457010062e-10 3.435924645254176548e-11
1.293718736752588638e+00 7.617807935641975271e-10 5.288913626381247287e-10 6.438731313250245950e-11
1.296799019459142333e+00 8.001469580235240466e-11 5.552256317630077046e-11 6.761268457482636886e-12
1.299879302165696249e+00 5.274942694570478226e-13 3.664161027364319980e-13 4.464751834910944357e-14
1.302959584872249943e+00 4.648401646039025323e-14 3.229179365795134973e-14 3.915751067753377372e-15
1.306039867578803859e+00 8.614105374208274651e-15 5.983406827455984828e-15 7.375604874836176359e-16
1.309120150285357775e+00 2.342249176763435739e-15 1.626507155907224747e-15 2.037157332608962686e-16
1.312200432991911470e+00 8.082736525017177944e-16 5.610241059984096202e-16 6.997692084447675033e-17
1.315280715698465164e+00 3.285615853334822888e-16 2.278879475528150423e-16 2.807987460981502673e-17
1.318360998405018858e+00 1.506191172477159777e-16 1.043515733614203041e-16 1.246999226211876956e-17
1.321441281111572774e+00 7.575182454277625883e-17 5.239621757392465622e-17 7.466990146259933925e-18
1.324521563818126468e+00 4.105326466271889646e-17 2.833091280956125122e-17 6.832267251156021386e-18
1.327601846524680163e+00 2.371031064238850705e-17 1.631472215505695877e-17 8.129559452768884617e-18
1.330682129231234079e+00 1.454822609026753893e-17 9.981203566757828192e-18 3.432605450118389546e-18
1.333762411937787773e+00 9.656988411206098993e-18 6.629819741931624594e-18 1.732114374553341144e-18
1.336842694644341689e+00 8.100024487476094748e-18 5.709530411891030863e-18 3.973313089389274357e-18
1.339922977350895383e+00 2.566909331635537001e-17 1.992954191688076752e-17 1.285788958462314394e-18
1.343003260057449300e+00 4.061473440020881817e-16 3.202535712751376200e-16 2.806007775158579255e-17
1.346083542764002994e+00 1.183849898860428927e-14 9.142767407863518281e-15 6.128001919145948844e-16
1.349163825470556688e+00 1.819789185314454475e-14 1.393880595136342196e-14 9.905226948315617081e-16
1.352244108177110604e+00 1.898688114798039419e-15 1.434656334227361620e-15 1.242174048591436333e-16
1.355324390883664298e+00 3.300406123680563185e-17 2.459268374654888141e-17 2.580672955315979124e-18
1.358404673590217993e+00 3.400279752159062791e-18 2.364972779276262871e-18 3.718642990710498199e-18
1.361484956296771909e+00 9.930236971068408606e-19 5.896006443048716737e-19 1.653283348499214870e-18
1.364565239003325825e+00 5.487996656046471903e-19 2.762862219065331309e-19 6.247825222969281633e-18
1.367645521709879519e+00 4.025082892253804561e-19 1.792330096424308651e-19 2.880289127847431676e-18
1.370725804416433213e+00 3.296677205550830227e-19 1.333012674674923073e-19 1.367400195290032394e-18
1.373806087122987130e+00 2.843755053119382669e-19 1.057624344078268879e-19 1.158020453227786859e-19
1.376886369829540824e+00 2.546513665784806258e-19 8.858348079443310540e-20 2.693238960895911548e-19
1.379966652536094518e+00 2.397529343463761191e-19 8.197756521460997053e-20 7.526092576795337143e-19
1.383046935242648434e+00 2.542771522203803864e-19 9.842006035609100184e-20 2.375796503340937520e-18
1.386127217949202128e+00 3.837676607071040567e-19 2.093000726717625615e-19 2.676299466550738017e-18
1.389207500655755823e+00 1.297430853113605457e-18 9.771581630086547369e-19 1.164734237115912403e-18
1.392287783362309739e+00 1.371472709368941729e-17 1.149963057733871807e-17 1.692736759444665088e-19
1.395368066068863655e+00 2.939468086312911328e-16 2.487615506594540327e-16 2.813899423681431899e-17
1.398448348775417349e+00 7.801909708122242885e-16 6.581255430528818637e-16 8.123596257077467946e-17
1.401528631481971043e+00 1.761005057269953759e-16 1.507802797305883031e-16 1.832662009884027344e-17
1.404608914188524960e+00 2.246880436968496431e-17 2.242387406936991364e-17 2.737804141609505545e-18
1.407689196895078654e+00 5.289023468295912314e-18 4.400782045760548496e-18 7.468279314137820745e-20
1.410769479601632348e+00 6.007255119342926827e-19 3.943653844690117575e-19 4.068585375672822929e-18
1.413849762308186042e+00 2.180558264444787778e-19 9.092859239530962822e-20 3.507632986929706277e-18
1.416930045014739958e+00 1.507112650206333699e-19 4.003647992179122545e-20 4.242296417606032545e-18
1.420010327721293653e+00 1.318547167360183713e-19 2.724072649408574139e-20 2.319994462249518181e-18
1.423090610427847569e+00 1.261267083761608862e-19 2.486878483210501148e-20 3.657283677971272813e-18
1.426170893134401485e+00 1.274318810253006068e-19 2.847719009978094351e-20 1.659958097474419200e-18
1.429251175840955179e+00 1.380736506752472543e-19 4.058597641815202282e-20 1.758669781315232114e-18
1.432331458547508873e+00 1.707562756619992500e-19 7.305045794806967185e-20 8.112293912333633195e-19
1.435411741254062790e+00 2.716458343384447247e-19 1.681328352962020280e-19 6.851909562306592305e-19
1.438492023960616484e+00 6.368066730400408083e-19 5.039304442544676585e-19 2.569844460174675491e-19
1.441572306667170178e+00 2.379894311546343171e-18 2.087945111580033097e-18 1.237062988890005899e-18
1.444652589373723872e+00 1.581569877118616151e-17 1.423845951276385332e-17 1.507149288161037945e-18
1.447732872080277788e+00 3.167128299712896108e-16 2.856076894316328592e-16 4.011502902026213813e-17
1.450813154786831705e+00 2.271675235442590979e-14 1.990201457284749530e-14 2.702597392529760815e-15
1.453893437493385399e+00 5.578392318291170501e-14 4.832044334252195213e-14 6.427491899684123820e-15
1.456973720199939315e+00 1.001320801059551861e-14 8.566673558050831373e-15 1.149492056779635584e-15
1.460054002906493009e+00 1.352655732641776550e-16 1.154020354355289127e-16 1.098169028702134515e-17
1.463134285613046703e+00 1.049402272173406205e-17 9.007906308430477422e-18 1.171557253853238337e-18
1.466214568319600398e+00 2.358279305971787923e-18 1.986588286553741126e-18 2.091326293970778764e-18
1.469294851026154314e+00 1.266743760369080469e-18 1.039433971841796799e-18 2.284902728784883526e-18
1.472375133732708008e+00 1.322973256186761029e-18 1.096613528889718537e-18 3.284769111188202931e-18
1.475455416439261702e+00 1.912380214481222218e-18 1.628288403582076234e-18 1.928544967791790472e-18
1.478535699145815618e+00 3.217993939168810123e-18 2.805010388893842199e-18 1.762708364663895892e-18
1.481615981852369535e+00 6.000895208959287020e-18 5.317985915978624927e-18 1.857829216438949147e-18
1.484696264558923229e+00 1.235265498206480297e-17 1.106564856478827186e-17 3.810803643112991080e-18
1.487776547265477145e+00 2.851317845840993639e-17 2.571549084214063883e-17 5.359233158286734082e-18
1.490856829972030839e+00 7.622809671367412942e-17 6.903108101100625604e-17 1.266600465072367840e-17
1.493937112678584533e+00 2.498838793392656082e-16 2.268386543384598147e-16 3.392035141669995689e-17
1.497017395385138228e+00 1.117273644764535121e-15 1.015622722400595861e-15 1.559681253010127953e-16
1.500097678091692144e+00 8.617723725372848064e-15 7.839251130787305592e-15 1.188013022090624182e-15
1.503177960798245838e+00 2.486380805995442148e-13 2.262228334274435449e-13 3.436634777474014765e-14
1.506258243504799532e+00 1.846873765422589306e-11 1.679554697522252626e-11 2.550151326201371142e-12
1.509338526211353448e+00 3.066165565691860160e-11 2.787165496154829470e-11 4.232140250429316352e-12
1.512418808917907365e+00 2.734984864318393508e-12 2.484095691887078618e-12 3.772942846558531122e-13
1.515499091624461059e+00 2.387313881353325263e-14 2.171991126403799095e-14 3.297342485670553856e-15
1.518579374331014753e+00 2.206386064027840029e-15 2.008724629360198291e-15 3.040840500340519338e-16
1.521659657037568669e+00 4.175329219175238123e-16 3.804549055221950095e-16 5.870311796459365510e-17
1.524739939744122363e+00 1.148273941436297441e-16 1.047471761782723456e-16 1.624006802200364233e-17
1.527820222450676058e+00 3.988963789599928448e-17 3.643139817746050946e-17 6.384826495449506979e-18
1.530900505157229974e+00 1.628328072902396668e-17 1.488445730223316846e-17 2.615885781988238549e-18
1.533980787863783668e+00 7.489129714698272846e-18 6.844546834538628617e-18 1.938768006708767287e-18
1.537061070570337584e+00 3.781043106575390972e-18 3.447695155706049844e-18 1.001590406060605054e-18
1.540141353276891278e+00 2.061544393807543949e-18 1.868831141087924190e-18 1.021321259294074278e-18
1.543221635983445195e+00 1.202790775616704977e-18 1.078384358060672203e-18 6.004560805069463342e-19
1.546301918689998889e+00 7.500079246757710208e-19 6.609387417297254040e-19 5.070755576106278517e-19
1.549382201396552583e+00 5.096487083692469592e-19 4.403339161926771244e-19 7.385564058252066968e-19
1.552462484103106499e+00 4.502701830533349805e-19 3.965343428145531077e-19 5.497145799453636429e-19
1.555542766809660193e+00 1.820666540633585098e-18 1.826435846593157877e-18 2.538371127643237495e-19
1.558623049516213888e+00 2.956210591937425335e-17 2.938941421695857924e-17 4.948705623787742898e-18
1.561703332222767804e+00 7.383325080251117213e-16 7.126972930279805795e-16 9.001066141231145829e-17
1.564783614929321498e+00 1.022198752329824315e-15 9.757268242058970752e-16 1.189526155210184076e-16
1.567863897635875414e+00 9.368600431766070038e-17 8.789912897991607962e-17 1.061876077528903594e-17
1.570944180342429330e+00 1.731947434409703133e-18 1.575529078076373252e-18 2.942043248263086210e-19
1.574024463048983025e+00 2.140266973989802855e-19 1.553984670456524688e-19 4.249336046872938670e-19
1.577104745755536719e+00 8.815592443920466151e-20 3.968196899367743505e-20 2.107154184482213974e-19
1.580185028462090413e+00 6.470721617031141067e-20 1.908549861365178755e-20 1.339161377922412760e-20
1.583265311168644107e+00 5.692100145059094882e-20 1.268382051237536263e-20 8.572639521318512079e-20
1.586345593875197801e+00 5.295959568923591074e-20 9.648349049663250347e-21 6.556812852906274755e-20
1.589425876581751940e+00 5.037590664315497152e-20 7.825174058386161716e-21 1.393577516027914479e-19
1.592506159288305634e+00 4.851498119609793893e-20 6.694873101971290362e-21 1.121823537724237969e-19
1.595586441994859328e+00 4.731317557814505817e-20 6.314065838371982604e-21 9.341558262748763911e-20
1.598666724701413244e+00 4.755491816005297865e-20 7.717954999712384642e-21 1.731132242348725152e-20
1.601747007407966938e+00 5.430354002411417575e-20 1.691221646733828597e-20 8.189851133998950006e-20
1.604827290114520633e+00 1.104993884384721314e-19 8.308689153537328862e-20 1.004338784473733978e-19
1.607907572821074327e+00 9.738929029502326980e-19 1.059393879634315562e-18 4.813752942066638995e-20
1.610987855527628465e+00 2.090852336310405772e-17 2.303161327773183513e-17 2.906307440647208173e-18
1.614068138234182159e+00 5.086577828021083929e-17 5.582407364384500357e-17 8.641904451199514744e-18
1.617148420940735853e+00 9.878405767064835966e-18 1.111024252594359799e-17 2.027071037259514565e-18
1.620228703647289548e+00 1.331685967971050000e-18 1.689732964809726626e-18 3.071239161359487883e-19
1.623308986353843242e+00 3.581869547279585108e-19 3.360721916147072800e-19 1.904404637287843469e-19
1.626389269060397158e+00 7.195921223604673186e-20 3.209121249051406109e-20 1.063187237394984614e-19
1.629469551766950852e+00 4.633187379505817348e-20 8.154340093481751434e-21 1.890415651526914725e-19
1.632549834473504990e+00 4.116593801079897496e-20 4.012012073390545797e-21 4.166691763986529683e-19
1.635630117180058685e+00 3.939157320069328282e-20 2.932033499480905355e-21 8.851720660235476271e-20
1.638710399886612379e+00 3.860214543801011904e-20 2.689180052022702390e-21 2.867670413234558436e-20
1.641790682593166073e+00 3.833452829086112971e-20 2.892991693085142929e-21 1.481480514990618768e-20
1.644870965299719767e+00 3.866295024990708284e-20 3.666072020112308032e-21 1.469409282590393750e-19
1.647951248006273461e+00 4.020993741930658470e-20 5.722131343266626943e-21 8.535927907672908360e-20
1.651031530712827600e+00 4.519055898390878304e-20 1.161631232655572235e-20 1.407925996074110836e-19
1.654111813419381294e+00 6.272425189962996759e-20 3.209652569586519995e-20 2.496218453607979956e-20
1.657192096125934988e+00 1.438741910766875413e-19 1.284581829561368975e-19 2.220298205192586405e-19
1.660272378832488904e+00 7.685064136894155479e-19 8.844844578210601754e-19 6.450396975516636954e-20
1.663352661539042598e+00 1.604905595696732821e-17 1.949772053971075326e-17 4.436839524564587143e-18
1.666432944245596293e+00 1.030817396014587074e-15 1.205076332715973274e-15 2.430452294073943721e-16
1.669513226952149987e+00 2.298322896867660253e-15 2.637948886429945290e-15 5.310162601011102561e-16
1.672593509658704125e+00 3.691936650912759109e-16 4.160049908938677522e-16 8.680297828358929954e-17
1.675673792365257819e+00 4.920076960656055561e-18 5.597962556657885712e-18 4.901353508090276592e-19
1.678754075071811513e+00 3.933262690567762592e-19 4.396977070793827709e-19 5.074022594072731372e-19
1.681834357778365208e+00 1.042368431118200390e-19 9.617763829899528190e-20 2.038733813862312363e-20
1.684914640484919124e+00 6.684187136303395280e-20 4.970471249281392257e-20 1.888615595117002664e-20
1.687994923191472818e+00 6.940423206165671271e-20 5.250346437844147680e-20 1.277855967505262307e-19
1.691075205898026512e+00 9.033636211692127314e-20 7.839152027567549646e-20 1.302509274400462650e-19
1.694155488604580651e+00 1.365257225441498479e-19 1.356823331685309555e-19 1.702699610800943001e-19
1.697235771311134345e+00 2.357240903677553645e-19 2.583637948330463898e-19 1.913317111626328386e-19
1.700316054017688039e+00 4.644245905334600955e-19 5.402281725258650548e-19 2.807898685761957392e-19
1.703396336724241733e+00 1.052504378555738883e-18 1.263035083658318240e-18 4.521505358644952309e-19
1.706476619430795427e+00 2.808929279902230701e-18 3.417654751805399917e-18 1.132641364356809875e-18
1.709556902137349121e+00 9.290748297426891673e-18 1.135857910825899509e-17 3.230182185396547164e-18
1.712637184843903038e+00 4.231130680672219919e-17 5.177920156550271503e-17 1.512093137895968816e-17
1.715717467550456954e+00 3.381843438708754917e-16 4.137855077734051234e-16 1.176259171487171779e-16
1.718797750257010870e+00 1.090344507033240962e-14 1.333461128834748285e-14 3.804204504133181243e-15
1.721878032963564564e+00 5.990364981531375685e-13 7.320878130012360224e-13 2.089358650081648970e-13
1.724958315670118258e+00 8.816447354639302389e-13 1.076816705643967383e-12 3.074515340444779787e-13
1.728038598376671953e+00 6.628581276427334521e-14 8.084202789266526309e-14 2.311661200876257659e-14
1.731118881083225647e+00 7.357165181710364310e-16 8.990954784276298036e-16 2.552738701753917325e-16
1.734199163789779341e+00 7.131169860721905692e-17 8.709890443719998174e-17 2.511846096044584843e-17
1.737279446496333479e+00 1.383491221848143004e-17 1.685872581870203995e-17 4.768401873017133824e-18
1.740359729202887173e+00 3.882365981105250475e-18 4.702678588497457894e-18 1.451585039567722115e-18
1.743440011909440868e+00 1.381102258729190779e-18 1.650597321847404078e-18 4.764084931827135673e-19
1.746520294615994784e+00 5.838202638665531386e-19 6.792250350646627426e-19 2.094998029442583379e-19
1.749600577322548478e+00 2.836348492610914478e-19 3.143327220202137806e-19 1.986270226306748235e-19
1.752680860029102172e+00 1.556972834413298276e-19 1.593497172580754422e-19 1.601580278054831051e-19
1.755761142735655866e+00 9.566974196121234490e-20 8.699627987117897486e-20 1.290332812942594828e-19
1.758841425442210005e+00 6.528342134178086608e-20 5.063640295075430425e-20 1.294889011169949864e-19
1.761921708148763699e+00 4.901977911128418965e-20 3.137219555620099751e-20 1.311044005518063581e-19
1.765001990855317393e+00 4.031375014494007073e-20 2.121367078874745869e-20 1.719116645874236419e-19
1.768082273561871087e+00 3.951398092767743217e-20 2.089530800279622841e-20 6.122666454386209580e-20
1.771162556268425003e+00 1.243339579004351852e-19 1.340054146381317759e-19 7.795531877565570601e-20
1.774242838974978698e+00 1.570375168998860229e-18 2.005719092196412706e-18 9.286509443050568773e-19
1.777323121681532614e+00 3.200712155287130755e-17 4.053597409109059248e-17 1.080277085814001039e-17
1.780403404388086530e+00 3.997313019606230873e-17 4.965786396027605600e-17 1.246739676093968581e-17
1.783483687094640224e+00 3.170672609424393717e-18 3.874397616890752341e-18 5.331585613190527773e-19
1.786563969801193918e+00 7.421916744015245135e-20 7.095979253876255931e-20 9.475984610362193032e-20
1.789644252507747613e+00 2.509617533940354125e-20 7.245388105594885451e-21 1.003585649223469969e-20
1.792724535214301307e+00 2.140401693986383680e-20 2.165388325702549872e-21 1.606722217067765435e-20
1.795804817920855001e+00 2.068712721786447289e-20 1.304548455823232725e-21 7.646580288348588203e-21
1.798885100627409139e+00 2.033286685072782421e-20 1.047098944804139239e-21 1.476216077792145635e-20
1.801965383333962833e+00 2.004328684378958631e-20 9.245983217267451181e-22 7.672223276899838518e-21
1.805045666040516750e+00 1.977138050829884726e-20 8.501562166414537042e-22 1.856967146795731315e-20
1.808125948747070444e+00 1.951137431464335702e-20 8.073656902672641043e-22 4.028988304310852803e-20
1.811206231453624138e+00 1.926691741892227804e-20 8.093385018781964965e-22 2.225897881647093523e-20
1.814286514160177832e+00 1.907569940591171852e-20 9.375575373228301644e-22 4.839825169021859190e-20
1.817366796866731526e+00 1.918671142276438863e-20 1.645051191436051163e-21 3.275974271767673833e-20
1.820447079573285665e+00 2.193980401055650922e-20 6.719053012711461618e-21 4.684337302876329276e-20
1.823527362279839359e+00 7.431470138326074248e-20 8.640859021179686634e-20 1.167925602756561004e-20
1.826607644986393053e+00 1.345910119865019297e-18 1.861425045350528465e-18 3.911308453278750145e-19
1.829687927692946747e+00 3.082192446220838617e-18 4.189790899740181240e-18 1.166457244083955347e-18
1.832768210399500663e+00 5.478940203684217279e-19 7.504721570259932268e-19 3.333840405522200507e-19
1.835848493106054358e+00 7.481527714351797521e-20 1.025666840556003951e-19 1.283165042858173169e-20
1.838928775812608052e+00 3.102475037683676605e-20 2.001092498665917682e-20 3.609057992531093731e-20
1.842009058519162190e+00 1.861168082462107360e-20 2.261587717846111045e-21 2.115544796080419078e-20
1.845089341225715884e+00 1.733246391861211887e-20 8.533164849911004894e-22 9.653598561267621555e-21
1.848169623932269579e+00 1.695623072867289208e-20 6.194536377962171058e-22 7.034896936284688866e-21
1.851249906638823273e+00 1.673451662381922996e-20 5.650034305153807260e-22 1.381187711776294210e-20
1.854330189345376967e+00 1.656410918394059236e-20 5.589271730662921864e-22 1.172134138462251173e-20
1.857410472051930883e+00 1.642843331265495196e-20 5.802144325583835279e-22 1.056802977873139490e-20
1.860490754758484577e+00 1.634015265366862125e-20 6.392370454681905014e-22 6.182221484717607251e-21
1.863571037465038494e+00 1.634271517409722886e-20 7.826367636896889961e-22 8.266369252703051565e-21
1.866651320171592410e+00 1.657198316830501856e-20 1.170473722423374100e-21 1.180121055230798123e-20
1.869731602878146104e+00 1.753225341517323069e-20 2.460832004804050112e-21 1.276568377738473239e-20
1.872811885584699798e+00 2.184116831967672506e-20 8.383448351978396542e-21 1.437806403808516335e-20
1.875892168291253492e+00 5.330990681953344201e-20 5.518761252022665603e-20 7.732296043661633911e-21
1.878972450997807186e+00 8.620080452067692200e-19 1.319285609388501301e-18 2.118052471251006142e-19
1.882052733704361325e+00 4.669552520469156715e-17 7.061659053869967624e-17 1.093991435256942768e-17
1.885133016410915019e+00 9.466197116989605267e-17 1.396637956024736256e-16 2.258724786073164305e-17
1.888213299117468713e+00 1.367200681578907386e-17 1.962531999971911865e-17 3.645569373458005158e-18
1.891293581824022629e+00 1.918889845649588280e-19 2.688513136353070088e-19 3.119554754452818726e-20
1.894373864530576324e+00 2.623222796753146618e-20 2.144235519552860385e-20 1.404552495260952469e-20
1.897454147237130018e+00 1.617217392736743254e-20 4.845310653453545235e-21 8.977585293129972637e-21
1.900534429943683712e+00 1.501493940550544283e-20 2.635797701759296039e-21 1.150893706873367846e-20
1.903614712650237850e+00 1.518769124596861659e-20 2.807789671573814783e-21 9.557412517440744401e-21
1.906694995356791544e+00 1.598834978540453210e-20 4.092470421898992585e-21 5.895898152636078775e-21
1.909775278063345239e+00 1.772710443314870625e-20 6.904508272794627578e-21 7.598662503674644009e-21
1.912855560769898933e+00 2.148415537583914747e-20 1.292002512192841319e-20 9.893288798886349506e-21
1.915935843476452627e+00 3.019852882412631957e-20 2.677779237804897550e-20 1.903185414203223699e-20
1.919016126183006543e+00 5.269926534763296957e-20 6.248921497441440758e-20 2.442673106795335518e-20
1.922096408889560237e+00 1.202103245914833144e-19 1.697275428307536824e-19 6.078362068050178503e-20
1.925176691596114376e+00 3.713562909393395561e-19 5.693781679769620608e-19 1.619665208363299833e-19
1.928256974302668070e+00 1.670945911347162609e-18 2.640961989210571165e-18 7.588500413812919230e-19
1.931337257009221764e+00 1.371829631129014390e-17 2.186767675322739151e-17 6.016805702851234411e-18
1.934417539715775458e+00 4.976072419271729110e-16 7.942586350648605003e-16 2.178276380834874647e-16
1.937497822422329152e+00 2.085307663682153963e-14 3.327285090205580398e-14 9.136025167322207274e-15
1.940578105128882846e+00 2.723177500182054605e-14 4.341508153984830988e-14 1.193477995840351775e-14
1.943658387835436763e+00 1.710843678004056616e-15 2.722173528445525892e-15 7.501022607540283458e-16
1.946738670541990679e+00 2.337343460291682294e-17 3.730604530135529941e-17 1.019918583270120909e-17
1.949818953248544373e+00 2.371766371260894463e-18 3.776606148780426816e-18 1.061736893482881594e-18
1.952899235955098289e+00 4.764383036055429310e-19 7.463483737915241265e-19 2.166854514907314615e-19
1.955979518661651984e+00 1.420956442920849025e-19 2.108667878333030137e-19 6.941715962005801839e-20
1.959059801368205678e+00 5.727086468161666822e-20 7.474460315317780722e-20 3.544129476375563485e-20
1.962140084074759372e+00 3.008838290147525118e-20 3.106648932446770158e-20 1.911709367578562452e-20
1.965220366781313066e+00 1.980730871801489028e-20 1.456527747558564362e-20 9.083949518020879356e-21
1.968300649487867204e+00 1.539185830753736879e-20 7.527792967293969619e-21 5.593763127571674814e-21
1.971380932194420899e+00 1.328674961244677918e-20 4.231961486935496160e-21 1.042955273148656677e-20
1.974461214900974593e+00 1.218777000373896118e-20 2.571487796086823624e-21 4.118724710132158779e-21
1.977541497607528509e+00 1.156693205071466873e-20 1.688075091811576174e-21 1.029357380216164085e-20
1.980621780314082203e+00 1.120154296976163455e-20 1.217526003808580268e-21 8.412098060656255369e-21
1.983702063020635897e+00 1.117563448347186451e-20 1.287253959681631731e-21 8.058575118934611723e-21
1.986782345727189591e+00 1.661363982505263019e-20 9.697203771288228726e-21 6.211468479357870278e-21
1.989862628433743730e+00 8.937966345944037346e-20 1.286402989714467061e-19 1.166527033659575982e-19
1.992942911140297424e+00 1.243802547955583019e-18 2.148263654357853598e-18 1.440292833130581687e-18
1.996023193846851118e+00 1.414204419136225628e-18 2.360659765952809075e-18 1.375636468604740667e-18
1.999103476553404812e+00 1.053856419088865676e-19 1.603735827055049328e-19 6.899305669457689588e-20
2.002183759259958507e+00 1.106078417871786166e-20 3.168423192213745727e-21 2.441831622148513958e-20
2.005264041966512423e+00 9.773328957812805447e-21 5.053609760265708957e-22 1.833319127013328904e-20
2.008344324673066339e+00 9.672272423794540866e-21 3.082696178399908616e-22 1.370354960227742300e-20
2.011424607379620255e+00 9.604382095184560151e-21 2.795976029530141128e-22 1.027582488683681082e-20
2.014504890086173727e+00 9.527435662693373021e-21 2.718872569712040363e-22 8.071948291987321303e-21
2.017585172792727644e+00 9.445226924735756460e-21 2.681904924142689310e-22 1.184427551862115283e-20
2.020665455499281560e+00 9.361310517084090442e-21 2.661200169293688775e-22 7.327558320594765358e-21
2.023745738205835032e+00 9.278048653841676230e-21 2.662013780818750740e-22 5.797790616087503572e-21
2.026826020912388948e+00 9.199277636600915078e-21 2.708277454879232861e-22 7.653162436815429339e-21
2.029906303618942864e+00 9.132212129530199779e-21 2.885406889237063942e-22 6.079477817931638102e-21
2.032986586325496781e+00 9.104163852927887877e-21 3.583927143876576793e-22 1.008965784424465376e-20
2.036066869032050253e+00 9.294154274516048531e-21 7.771697109124578045e-22 5.213365534437952190e-21
2.039147151738604169e+00 1.268560137057437624e-20 6.970537834149396027e-21 1.408821333131404424e-20
2.042227434445157641e+00 8.465813596671924240e-20 1.351133673198694716e-19 6.776633102852436021e-20
2.045307717151711557e+00 1.815037422910189968e-19 2.844295221437811873e-19 1.696596935160810645e-19
2.048387999858265474e+00 3.829122144423590815e-20 4.828789050746474255e-20 5.797663142188875562e-20
2.051468282564819390e+00 1.102633664913336206e-20 5.845112495599363617e-21 4.675523142028870428e-21
2.054548565271373306e+00 8.659354060049943162e-21 1.152678977363268086e-21 1.393752407391118491e-20
2.057628847977926778e+00 8.280610759411597540e-21 2.771472080736716520e-22 6.115971373133476617e-21
2.060709130684480694e+00 8.212550016617938546e-21 2.190805479608505390e-22 1.107225514610087278e-20
2.063789413391034167e+00 8.146278688190483494e-21 2.124340441157680378e-22 4.503910137190044243e-21
2.066869696097588083e+00 8.075382015968831950e-21 2.112740198797184711e-22 6.822520616848811761e-21
2.069949978804141555e+00 8.002133471604925400e-21 2.107145160531625825e-22 5.186532263209404118e-21
2.073030261510695915e+00 7.927685250401336914e-21 2.103745118037611280e-22 3.782647475721832773e-21
2.076110544217249387e+00 7.853197285468685000e-21 2.109993160338100802e-22 3.850759017919521116e-21
2.079190826923803304e+00 7.779947316192218673e-21 2.149638907351162263e-22 3.147838980717567733e-21
2.082271109630357220e+00 7.711180470702970749e-21 2.303009198878975724e-22 6.287476013844563420e-21
2.085351392336910692e+00 7.663501520968027772e-21 2.918783389457905762e-22 5.874075889083398064e-21
2.088431675043464608e+00 7.736832918260043896e-21 6.068324606721599852e-22 8.487626105176320445e-21
2.091511957750018080e+00 8.986818811099849931e-21 3.301459561611786537e-21 5.698194718543626911e-21
2.094592240456572441e+00 5.099053958160542362e-20 8.587922573834147434e-20 2.633408942963423157e-20
2.097672523163125913e+00 2.105295208059221863e-18 3.975122610133297313e-18 9.344850519983822111e-19
2.100752805869679829e+00 3.783013968360687980e-18 7.100800163804068825e-18 1.685450541593748083e-18
2.103833088576233301e+00 5.071651274100138474e-19 8.960865240937846180e-19 2.823536436599200450e-19
2.106913371282787217e+00 1.484655778190899533e-20 1.344228075542151854e-20 3.464051246096564640e-21
2.109993653989341134e+00 7.813911347167636922e-21 1.334695252829924606e-21 1.232111898033932406e-20
2.113073936695894606e+00 7.188601730140042979e-21 4.470343090394253057e-22 3.793248963360788740e-21
2.116154219402448966e+00 7.015771891480893225e-21 3.085979769797980929e-22 7.115957218538047890e-21
2.119234502109002438e+00 6.925897451067747905e-21 3.007209126339378068e-22 4.270431735951804375e-21
2.122314784815556354e+00 6.868661522755583059e-21 3.509890871515085486e-22 4.264623238240062442e-21
2.125395067522109827e+00 6.845406711723297413e-21 4.749606534766543900e-22 3.625377924772664995e-21
2.128475350228663743e+00 6.888924517686267809e-21 7.504312444070840005e-22 4.734875311816627223e-21
2.131555632935217215e+00 7.098567741932263099e-21 1.397624751372353280e-21 3.355987569387952958e-21
2.134635915641771575e+00 7.786948182441510172e-21 3.089214623163543819e-21 6.004923788274044742e-21
2.137716198348325047e+00 1.009351286716749111e-20 8.236036007978676832e-21 4.435433341042060258e-21
2.140796481054878964e+00 1.921447151584443444e-20 2.770392329775484669e-20 8.253703209354302939e-21
2.143876763761432880e+00 6.852938645616643126e-20 1.307348012749112189e-19 2.296604012630422110e-20
2.146957046467986352e+00 5.489774948879639286e-19 1.124196780940404872e-18 1.602868697543426895e-19
2.150037329174540268e+00 2.263121054817539235e-17 4.654958849255229736e-17 6.583861543399230072e-18
2.153117611881093740e+00 7.424976750175813036e-16 1.525686969513377248e-15 2.160367965631746644e-16
2.156197894587648101e+00 8.601270436504309386e-16 1.767163162377206431e-15 2.501926929516232008e-16
2.159278177294201573e+00 4.474851736167568880e-17 9.164976962525776508e-17 1.300802270614162447e-17
2.162358460000755489e+00 7.460960962015711649e-19 1.510972056400970593e-18 2.203770598632982686e-19
2.165438742707308961e+00 8.527826297999381045e-20 1.599366550990376672e-19 3.205377329086519921e-20
2.168519025413862877e+00 2.234631099905645141e-20 3.246161553679669732e-20 9.945210352331487372e-21
2.171599308120416794e+00 1.076431666177950081e-20 9.426171864649164331e-21 7.440616774544064421e-21
2.174679590826970266e+00 7.671019339964743339e-21 3.479772097720779381e-21 9.385130700602623062e-21
2.177759873533524626e+00 6.601198538872457683e-21 1.547151348050566072e-21 6.111331178317131482e-21
2.180840156240078098e+00 6.145742547789242976e-21 8.079866273190331025e-22 7.701963312060234440e-21
2.183920438946632014e+00 5.911894586825368585e-21 4.883670552023472253e-22 5.999298564226320956e-21
2.187000721653185487e+00 5.769656792391013253e-21 3.362635717179668809e-22 4.237282285205453318e-21
2.190081004359739403e+00 5.669251501919099672e-21 2.578521533524684206e-22 4.820504824230040572e-21
2.193161287066292875e+00 5.589476060056992344e-21 2.146792144720740718e-22 4.068268496235055207e-21
2.196241569772846791e+00 5.518765665643160961e-21 1.895273378586996914e-22 2.851843429463290325e-21
2.199321852479400707e+00 5.443892661246958043e-21 1.865870107233728269e-22 4.153733186303507616e-21
2.202402135185954624e+00 5.559351181758197182e-21 6.699337351810029418e-22 3.319995735114675831e-21
2.205482417892508540e+00 8.646530178108593942e-21 7.270685231912768851e-21 7.076537136805309067e-21
2.208562700599062012e+00 4.709479202313775991e-20 1.017739524393023526e-19 5.324366505617208142e-20
2.211642983305615928e+00 4.365720624488327140e-20 9.884113012574144894e-20 5.849044513580544713e-20
2.214723266012169400e+00 8.220498533038701324e-21 6.270751248781416773e-21 5.853854545218377416e-21
2.217803548718723317e+00 5.259207854264516357e-21 2.798139888913076354e-22 5.821234563776340410e-21
2.220883831425277233e+00 5.127406874866662703e-21 1.532900265557063115e-22 4.999324655528334493e-21
2.223964114131831149e+00 5.069013458266370531e-21 1.393344283030903743e-22 5.800590047162767438e-21
2.227044396838384621e+00 5.020386490710396869e-21 1.353373246536201532e-22 4.974772120776880266e-21
2.230124679544938537e+00 4.974175178209662931e-21 1.331464392203863389e-22 5.559586261207810701e-21
2.233204962251492454e+00 4.929578181878174961e-21 1.315235429794922915e-22 4.307519689296799999e-21
2.236285244958045926e+00 4.885824392170928421e-21 1.302041173397600399e-22 6.594861448727667347e-21
2.239365527664599842e+00 4.842904600127713462e-21 1.291790843506165951e-22 4.797374266823681207e-21
2.242445810371153758e+00 4.801097948893140798e-21 1.286451758520371562e-22 4.152727015566178810e-21
2.245526093077707674e+00 4.761235871427750354e-21 1.293564298861799974e-22 3.981434091107014478e-21
2.248606375784261147e+00 4.726482093942868832e-21 1.346785996104890884e-22 3.334582866090871024e-21
2.251686658490815063e+00 4.715502915108535548e-21 1.681189487015697596e-22 2.755893726526374634e-21
2.254766941197368979e+00 4.984910480955085992e-21 6.367931018709503719e-22 2.789837981841694423e-21
2.257847223903922451e+00 8.894357865439189258e-21 8.910716899537526568e-21 1.356263125888753452e-20
2.260927506610476367e+00 1.216462857071758404e-20 1.662307182514261375e-20 1.620032583997261892e-20
2.264007789317030284e+00 6.259311298048619724e-21 2.982064405355623972e-21 5.853892840062956688e-21
2.267088072023584200e+00 4.676949566269311871e-21 4.374699067826790890e-22 4.108179757558975802e-21
2.270168354730137672e+00 4.467618538708673748e-21 1.741456570149393349e-22 4.784153989014455414e-21
2.273248637436691588e+00 4.397409083690930547e-21 1.204288194082071596e-22 3.091918328812938315e-21
2.276328920143245060e+00 4.356908430035173474e-21 1.147543876531262586e-22 3.144918762318184808e-21
2.279409202849798977e+00 4.318932181353021817e-21 1.128661884401158591e-22 3.629840649092514380e-21
2.282489485556352893e+00 4.281391601750307534e-21 1.115279834371342954e-22 3.769767854965867141e-21
2.285569768262906809e+00 4.244127779322104737e-21 1.102672433698931502e-22 3.942478316917816789e-21
2.288650050969460725e+00 4.206974816627859760e-21 1.089411192880188126e-22 4.619425121820641385e-21
2.291730333676014197e+00 4.169754249711053297e-21 1.074774048333545792e-22 5.784380155186175718e-21
2.294810616382568114e+00 4.131992737991672612e-21 1.057760166941113302e-22 3.298042779234680408e-21
2.297890899089121586e+00 4.092951841520787510e-21 1.038109530520649912e-22 3.496341670879747703e-21
2.300971181795675502e+00 4.050856898955042036e-21 1.022387981976050392e-22 3.047109095865112444e-21
2.304051464502229418e+00 4.001581556498121392e-21 1.083219866034711775e-22 3.123373403922879414e-21
2.307131747208783334e+00 3.954383904213592271e-21 2.217784498464807758e-22 3.829024400361880710e-21
2.310212029915336807e+00 5.535967631837317821e-21 5.009716628973419191e-21 8.097455002258018978e-21
2.313292312621890723e+00 9.775319052166819367e-20 2.094892235125397274e-19 1.499209192615943022e-19
2.316372595328444639e+00 1.509204698457913292e-19 3.384780020557550743e-19 2.568261083876525057e-19
2.319452878034998111e+00 2.093240936637423110e-20 3.857717753583450898e-20 3.097730339228599746e-20
2.322533160741552027e+00 4.236068591540231985e-21 7.800937681064294347e-22 3.569284955979883333e-21
2.325613443448105944e+00 3.871555590217650031e-21 1.776922865866747459e-22 3.098100489736762766e-21
2.328693726154659860e+00 3.796553235528533315e-21 1.217320219852977357e-22 3.578265258440454229e-21
2.331774008861213332e+00 3.753062621908047894e-21 1.093793357693720590e-22 4.408038818799864626e-21
2.334854291567767248e+00 3.718019457501797885e-21 1.059736914162096765e-22 3.845185087520987090e-21
2.337934574274320720e+00 3.686974680631679782e-21 1.064385158577729789e-22 3.960185293035267215e-21
2.341014856980874637e+00 3.659352255839067947e-21 1.109087940756804353e-22 4.548312839513341770e-21
2.344095139687428553e+00 3.636469035351874103e-21 1.227205820540534261e-22 3.678613751778587597e-21
2.347175422393982469e+00 3.623154331304952432e-21 1.520141676133301426e-22 2.916684653466003715e-21
2.350255705100536385e+00 3.633876137352335812e-21 2.301766797568071988e-22 2.837472542669949757e-21
2.353335987807089857e+00 3.718487070087770364e-21 4.703196609497875365e-22 3.833462547880135791e-21
2.356416270513643774e+00 4.098145759115030785e-21 1.388012871190891647e-21 2.993986756664278856e-21
2.359496553220197246e+00 6.171933359702556174e-21 6.328085713086993085e-21 5.245883086592165175e-21
2.362576835926751162e+00 2.660426311798691510e-20 5.574578754787863049e-20 2.441445753610310679e-20
2.365657118633304634e+00 1.089481460607616556e-18 2.655965370316202044e-18 1.003162574968882286e-18
2.368737401339858994e+00 2.828013175682245636e-17 6.945907786051827588e-17 2.604759547356906578e-17
2.371817684046412467e+00 2.913641336102862729e-17 7.147107137901350254e-17 2.680207414347373862e-17
2.374897966752966383e+00 1.234830950573017929e-18 3.030764301387057850e-18 1.144237597023478991e-18
2.377978249459520299e+00 2.674777425799402865e-20 5.886774760604291554e-20 2.540287608136416307e-20
2.381058532166073771e+00 5.737309765213994381e-21 6.543207981849949824e-21 3.621541724743652736e-21
2.384138814872627687e+00 3.709030669613767015e-21 1.410731999242464090e-21 4.141039901411354228e-21
2.387219097579181604e+00 3.331999002666509890e-21 4.664250331441884904e-22 2.847737641372543860e-21
2.390299380285735520e+00 3.221359242997454698e-21 2.200856803566556361e-22 3.159286101926222365e-21
2.393379662992288992e+00 3.171003986600255991e-21 1.393582449326036955e-22 4.007795107564370855e-21
2.396459945698842908e+00 3.137504115925962512e-21 1.080971266385418934e-22 4.658055989141693421e-21
2.399540228405396380e+00 3.109475156396232531e-21 9.429742104800373332e-23 3.265216592288677811e-21
2.402620511111950297e+00 3.083508488825849055e-21 8.744453776556548849e-23 3.840775447863533289e-21
2.405700793818504213e+00 3.058426673460866928e-21 8.366227544485402045e-23 3.841457988476801265e-21
2.408781076525058129e+00 3.033824966958904690e-21 8.140222094110782022e-23 3.177631473782423322e-21
2.411861359231612045e+00 3.009876509754774351e-21 8.011238964112154721e-23 3.460569984899323979e-21
2.414941641938165517e+00 2.987222143324246209e-21 8.073317657560165317e-23 3.592479279408990322e-21
2.418021924644719434e+00 2.954708084365418985e-21 9.796393664251771046e-23 2.790773857140249143e-21
2.421102207351272906e+00 2.956569571159221721e-21 3.866033732669645404e-22 2.873669133346712641e-21
2.424182490057826822e+00 4.599125409173168569e-21 4.613494214574877473e-21 3.730475614862227963e-21
2.427262772764380738e+00 3.873508557508868634e-21 3.808841015792805529e-21 3.022005354537983929e-21
2.430343055470934654e+00 2.934716551838333721e-21 2.910815167932123617e-22 2.853240793901267488e-21
2.433423338177488127e+00 2.852502253737576226e-21 8.317539612577812655e-23 2.978339139583732462e-21
2.436503620884042043e+00 2.824262075408575688e-21 7.524408127807678228e-23 2.438709015189159166e-21
2.439583903590595959e+00 2.800193506671439890e-21 7.334439766805785965e-23 2.560555485966424711e-21
2.442664186297149431e+00 2.777284709924693279e-21 7.231940261437941359e-23 4.051557664058544809e-21
2.445744469003703347e+00 2.754802064875968575e-21 7.153134420197564331e-23 2.559820517408314699e-21
2.448824751710256820e+00 2.732643466063315021e-21 7.082862606786899425e-23 4.024704092392677055e-21
2.451905034416811180e+00 2.710723532790394301e-21 7.016012890963807007e-23 4.286921417219693250e-21
2.454985317123364652e+00 2.688980259075611940e-21 6.949683722392526656e-23 4.247923905248868987e-21
2.458065599829918568e+00 2.667271549403296854e-21 6.880014466985233223e-23 3.171486776938801374e-21
2.461145882536472485e+00 2.645688640114930766e-21 6.806039419938860171e-23 2.962928290812061970e-21
2.464226165243025957e+00 2.623716242846104422e-21 6.722667529390564115e-23 3.834597255467777556e-21
2.467306447949579873e+00 2.600646467674848593e-21 6.694940085626134869e-23 3.104915859475170592e-21
2.470386730656133345e+00 2.583346205239396916e-21 9.038919026822801038e-23 3.485704662426286833e-21
2.473467013362687705e+00 2.873894946318988895e-21 6.179065461528225968e-22 3.302251475498650554e-21
2.476547296069241177e+00 2.842061732766790797e-21 8.786399786882127653e-22 4.251632163630691083e-21
2.479627578775795094e+00 2.558718697398040492e-21 1.907411669886933922e-22 3.132629788907035587e-21
2.482707861482348566e+00 2.509246736493703932e-21 7.960626719748659149e-23 2.942170905204272993e-21
2.485788144188902482e+00 2.489971067116963021e-21 7.019152303236288956e-23 3.335289306763888525e-21
2.488868426895456398e+00 2.466631361740602214e-21 6.531151592442054690e-23 2.606758457511321005e-21
2.491948709602010315e+00 2.446156211208978609e-21 6.384958576031776092e-23 4.319576496465900753e-21
2.495028992308564231e+00 2.426551877806269356e-21 6.301689848885765163e-23 2.472691469522401021e-21
2.498109275015117703e+00 2.407349165965035162e-21 6.235622027405222142e-23 2.438072584183786416e-21
2.501189557721671619e+00 2.388447238412649330e-21 6.176988291671583986e-23 3.741834327766473082e-21
2.504269840428225091e+00 2.369787445105362996e-21 6.121903431029747985e-23 4.190122632857870433e-21
2.507350123134779007e+00 2.351341099683819515e-21 6.068418281863346959e-23 3.797842219173779408e-21
2.510430405841332480e+00 2.333157195909773841e-21 6.014908476915301069e-23 2.602608313758470701e-21
2.513510688547886840e+00 2.315294865309087031e-21 5.961309606064056493e-23 2.308973773701728149e-21
2.516590971254440312e+00 2.297896006828409411e-21 5.908110354446346856e-23 2.772099780537991062e-21
2.519671253960994228e+00 2.281590761976102298e-21 5.883725132631519369e-23 3.589478988215868841e-21
2.522751536667548145e+00 2.270160972330880391e-21 6.322621645654529558e-23 3.693043764508705920e-21
2.525831819374101617e+00 2.361200378920764337e-21 3.103689888905552404e-22 4.541884631087804963e-21
2.528912102080655533e+00 5.723079531097330698e-21 9.830225007352887085e-21 9.398611813308122813e-21
2.531992384787209005e+00 8.698469891168144493e-21 1.495172253653545391e-20 1.030639130806640728e-20
2.535072667493763365e+00 2.572064058654202204e-21 1.448175184001346632e-21 3.341889958494499678e-21
2.538152950200316837e+00 2.161478847889420162e-21 7.653261827194182646e-23 4.046618699016528576e-21
2.541233232906870754e+00 2.152816767153637513e-21 5.735196350084000197e-23 3.254658445653120949e-21
2.544313515613424226e+00 2.139109332162749199e-21 5.559284032517252173e-23 2.982998897881409589e-21
2.547393798319978142e+00 2.123760395598596504e-21 5.498487070542602745e-23 2.341574797184383161e-21
2.550474081026532058e+00 2.107950157369630153e-21 5.456942768155766003e-23 2.746210890922614056e-21
2.553554363733085530e+00 2.091955212227126354e-21 5.425689231499769506e-23 2.654657456351694748e-21
2.556634646439639891e+00 2.076039167845864098e-21 5.408854410484112862e-23 3.028421201853276216e-21
2.559714929146193363e+00 2.060199006568105796e-21 5.422205616211077747e-23 3.859289466771193334e-21
2.562795211852747279e+00 2.044597027664737711e-21 5.509157774397002706e-23 3.281712117971427895e-21
2.565875494559300751e+00 2.029576843233427325e-21 5.800788354465735923e-23 3.469352568209337256e-21
2.568955777265854667e+00 2.016686450327119235e-21 6.779301339262864539e-23 2.472058239817112601e-21
2.572036059972408140e+00 2.013517465542812075e-21 1.065737464423701395e-22 3.515915613782752918e-21
2.575116342678962056e+00 2.073572549372994128e-21 3.206956487565887031e-22 3.592786571887771437e-21
2.578196625385515972e+00 2.896701544854230202e-21 2.550815448667193445e-21 4.972841373780133086e-21
2.581276908092069888e+00 5.615457461860658979e-20 1.397141990454087085e-19 7.518288759615585899e-20
2.584357190798623805e+00 1.161548876436884874e-18 2.963041745780369904e-18 1.606421856551080926e-18
2.587437473505177277e+00 1.059216146478006312e-18 2.709147792088261012e-18 1.467762983184585053e-18
2.590517756211731193e+00 3.825434395659574881e-20 9.263349187218200732e-20 5.446896552761287004e-20
2.593598038918284665e+00 2.738051127493198945e-21 2.124078349543171251e-21 3.223349292470512913e-21
2.596678321624838581e+00 1.984753628280185954e-21 2.844450464922192998e-22 3.438794216443093975e-21
2.599758604331392497e+00 1.891466636014141287e-21 9.708838574595878768e-23 2.674819500844692725e-21
2.602838887037946414e+00 1.861379625067874896e-21 6.180842333471021412e-23 3.324361802260267362e-21
2.605919169744499886e+00 1.842712900743846728e-21 5.229131863101006347e-23 3.479314062542783840e-21
2.608999452451053802e+00 1.827156439071455088e-21 4.894568586296489213e-23 2.894191989439315690e-21
2.612079735157607718e+00 1.812682333791698289e-21 4.745348814910476301e-23 3.052826632732977023e-21
2.615160017864161190e+00 1.798723548239097113e-21 4.661411282214506691e-23 3.216020431367838078e-21
2.618240300570715551e+00 1.785049119838419903e-21 4.603477155979041304e-23 3.936260982339096970e-21
2.621320583277269023e+00 1.771594808170666474e-21 4.557352427985015414e-23 3.084675253478264224e-21
2.624400865983822939e+00 1.758354386437905058e-21 4.517518140104156280e-23 3.892254094698231946e-21
2.627481148690376411e+00 1.745232331696588997e-21 4.483975035802580849e-23 2.847574123557063565e-21
2.630561431396930328e+00 1.732854278205226690e-21 4.492277268094735404e-23 2.730399984658922048e-21
2.633641714103484244e+00 1.723935268898880168e-21 4.716158889620323372e-23 4.195972818634912465e-21
2.636721996810037716e+00 1.712830628865927588e-21 5.465202254560439471e-23 3.225520596049937006e-21
2.639802279516591632e+00 1.710739062617543092e-21 2.054556249025635037e-22 3.652947321995102627e-21
2.642882562223145548e+00 1.764759033142804161e-21 1.841896419723271412e-22 2.817815800359523839e-21
2.645962844929699465e+00 1.661458787349170016e-21 4.448726584007019557e-23 2.269310936615339512e-21
2.649043127636252937e+00 1.655117425677025830e-21 4.227634386226516611e-23 3.413557139704417539e-21
2.652123410342806853e+00 1.643831682128507360e-21 4.208678993696188284e-23 2.955002828780269464e-21
2.655203693049360325e+00 1.631946983851910152e-21 4.179555487340115037e-23 3.219819516935617244e-21
2.658283975755914241e+00 1.620021445444133685e-21 4.148866872255257322e-23 3.275043910856882043e-21
2.661364258462468158e+00 1.608156474792069593e-21 4.118011838306276221e-23 2.762330828587141807e-21
2.664444541169022074e+00 1.596357572122917937e-21 4.087093680334262828e-23 2.476395415298297965e-21
2.667524823875575546e+00 1.584669118743253903e-21 4.055703136929088429e-23 2.171184452252251022e-21
2.670605106582129462e+00 1.573053017396325201e-21 4.025074200453196421e-23 3.048580576201382379e-21
2.673685389288683378e+00 1.561557941830801671e-21 3.993669635505208702e-23 3.364646773135279054e-21
2.676765671995236850e+00 1.550144431316563025e-21 3.960424287961171463e-23 2.920161083068623765e-21
2.679845954701790767e+00 1.538755667940770576e-21 3.923421520048281355e-23 3.163196078149737351e-21
2.682926237408344683e+00 1.527378609851493562e-21 3.867635273846714448e-23 2.908317707677865503e-21
2.686006520114898599e+00 1.514103359270850476e-21 3.753355466331897974e-23 2.781826609029107259e-21
2.689086802821452071e+00 1.505325285475220178e-21 6.069941427984786811e-23 2.732159688255176640e-21
2.692167085528005988e+00 1.530454484075740507e-21 8.371687637586959914e-23 3.706426242767612046e-21
2.695247368234559904e+00 1.479587039675281513e-21 3.792566217815944934e-23 3.017031639779451438e-21
2.698327650941113376e+00 1.471038385109364456e-21 3.681560955553122346e-23 3.010534692161877417e-21
2.701407933647667292e+00 1.461562793337990646e-21 3.729579890445635453e-23 3.657052201425117201e-21
2.704488216354221208e+00 1.451472681578991310e-21 3.712197322421461304e-23 3.971100979133350865e-21
2.707568499060775125e+00 1.441078303068560308e-21 3.685352923820021696e-23 3.291980927749596424e-21
2.710648781767328597e+00 1.430746977920089613e-21 3.658741294676730365e-23 2.825356579926545464e-21
2.713729064473882513e+00 1.420411030587638832e-21 3.631672879794843551e-23 3.473452330948059916e-21
2.716809347180435985e+00 1.410240919881927417e-21 3.606145750084059525e-23 2.701259831688917131e-21
2.719889629886989901e+00 1.400086701240551832e-21 3.580073939260956612e-23 3.348841881149441824e-21
2.722969912593543818e+00 1.390030976545525866e-21 3.555167141668435546e-23 3.301839706026883375e-21
2.726050195300097734e+00 1.380109235340077497e-21 3.531607375345947636e-23 3.739868799900631506e-21
2.729130478006651650e+00 1.370294426361154773e-21 3.510358792886783816e-23 2.915547824924699795e-21
2.732210760713205122e+00 1.360584766381538948e-21 3.493735015937520085e-23 3.826317692185674669e-21
2.735291043419759038e+00 1.351258470643350224e-21 3.491632800251815735e-23 3.541611799386941653e-21
2.738371326126312510e+00 1.343007776281104905e-21 3.562161929533123283e-23 2.946679444804501000e-21
2.741451608832866427e+00 1.350400716851932571e-21 5.158011997612352197e-23 2.706440790490884270e-21
2.744531891539420343e+00 1.431319063345780231e-21 3.675620420669814014e-22 4.202526477715099780e-21
2.747612174245974259e+00 1.533567702716836676e-21 5.844938307168025675e-22 3.915366437357307341e-21
2.750692456952527731e+00 1.333136701558421768e-21 7.327983788985226079e-23 3.142568975674825243e-21
2.753772739659081648e+00 1.293033142651683703e-21 3.187590669690632004e-23 2.466585314100055525e-21
2.756853022365635564e+00 1.284219596923644129e-21 3.225357818848434615e-23 2.665521898557109123e-21
2.759933305072189036e+00 1.275309282216684920e-21 3.230128351201340123e-23 2.821891809642667304e-21
2.763013587778742952e+00 1.266414381415817420e-21 3.218384796517091487e-23 2.654411008401864246e-21
2.766093870485296868e+00 1.257487858626038658e-21 3.200588804032900326e-23 2.484371771531939983e-21
2.769174153191850785e+00 1.248654881441279164e-21 3.181426581710430132e-23 2.940501065405501439e-21
2.772254435898404257e+00 1.239899361345635111e-21 3.161176259268019175e-23 4.035129059852460564e-21
2.775334718604958173e+00 1.231186843970800625e-21 3.142120551971658522e-23 4.402811350810338211e-21
2.778415001311511645e+00 1.222616079933871301e-21 3.125434083373983998e-23 3.010296241798157958e-21
2.781495284018065561e+00 1.214165323530451309e-21 3.116181117676586713e-23 3.072492515384218082e-21
2.784575566724619478e+00 1.206041422936942013e-21 3.131433569984525674e-23 2.526764586590054379e-21
2.787655849431173394e+00 1.198582992595185248e-21 3.246720871731975876e-23 2.384848062875730285e-21
2.790736132137727310e+00 1.194584254296524282e-21 3.968944085683657002e-23 3.363026562812418474e-21
2.793816414844280782e+00 1.224026088992898087e-21 1.185232329877223551e-22 3.312384446741203243e-21
2.796896697550834698e+00 3.653162177754498031e-21 5.858169589625759953e-21 1.115133541844614086e-20
2.799976980257388171e+00 4.309546736655714478e-20 1.015190180204873817e-19 1.431958155148475424e-19
2.803057262963942087e+00 3.559794733768317157e-20 8.250980023227353418e-20 1.150211225690599566e-19
2.806137545670495559e+00 2.052361225690282048e-21 2.258733333270341898e-21 4.864535994304889346e-21
2.809217828377049919e+00 1.157889980433180333e-21 8.505440652928399334e-23 2.640089143930355323e-21
2.812298111083603391e+00 1.132345223196741926e-21 3.516830702507937589e-23 2.809544578981063639e-21
2.815378393790157308e+00 1.123275398662500191e-21 2.985560367096222150e-23 2.441460343401151827e-21
2.818458676496711224e+00 1.115428202858229523e-21 2.872488309088149547e-23 2.881643960670214003e-21
2.821538959203264696e+00 1.107764046072368809e-21 2.829280903411229344e-23 3.893176335534847126e-21
2.824619241909818612e+00 1.100141657833948457e-21 2.802631402284396197e-23 2.680955751229397464e-21
2.827699524616372084e+00 1.092566084421991908e-21 2.780521906267336310e-23 2.349936931554535685e-21
2.830779807322926445e+00 1.085018942489791347e-21 2.760301697041617480e-23 3.344081698879693844e-21
2.833860090029479917e+00 1.077555247752547547e-21 2.740807472042394868e-23 2.381608031072123976e-21
2.836940372736033833e+00 1.070109936347877044e-21 2.721110303967811420e-23 2.789926635548036889e-21
2.840020655442587305e+00 1.062717958460447604e-21 2.702198702986408289e-23 2.899076737002470861e-21
2.843100938149141221e+00 1.055401262524427419e-21 2.681766526299351803e-23 3.370818964358668725e-21
2.846181220855695138e+00 1.048019173925527814e-21 2.659166819857930560e-23 3.507780486875014558e-21
2.849261503562248610e+00 1.040976896013990407e-21 2.670157618170770994e-23 2.430937988880174531e-21
2.852341786268802970e+00 1.035943739424358359e-21 2.770417059300526229e-23 2.138857520151709777e-21
2.855422068975356442e+00 1.025811797063482919e-21 2.815135776270840857e-23 2.294951793328897583e-21
2.858502351681910358e+00 1.021184900092109678e-21 3.131670702243713667e-23 2.882624925271224776e-21
2.861582634388463831e+00 1.013386850830670193e-21 2.568583709706864931e-23 3.157628715964033018e-21
2.864662917095017747e+00 1.005758358212650382e-21 2.548742063158335688e-23 2.407374274068460859e-21
2.867743199801571663e+00 9.988459192616477983e-22 2.535660375248893239e-23 1.981019843253866753e-21
2.870823482508125579e+00 9.920367767310651153e-22 2.519022832374330803e-23 2.555220636778124556e-21
2.873903765214679051e+00 9.852392731416291423e-22 2.502508279323643737e-23 2.105519821285472980e-21
2.876984047921232968e+00 9.785679241977468309e-22 2.485428025840199233e-23 2.029149120867293460e-21
2.880064330627786884e+00 9.718614079732838117e-22 2.468409054949626916e-23 2.861722137161453533e-21
2.883144613334340356e+00 9.652768933281265978e-22 2.451485069293855524e-23 4.323869712956007995e-21
2.886224896040894272e+00 9.586947542218681003e-22 2.434689258640725200e-23 3.132328543560427048e-21
2.889305178747447744e+00 9.522105779812546778e-22 2.418731246496644385e-23 2.726570496567765290e-21
2.892385461454002105e+00 9.457450459670407797e-22 2.402154004919912840e-23 3.312373863230205799e-21
2.895465744160555577e+00 9.393599780835835412e-22 2.387337067555425629e-23 2.954560566756891103e-21
2.898546026867109493e+00 9.330875813916994703e-22 2.374709876359236127e-23 4.052225340655399008e-21
2.901626309573663409e+00 9.272290437038389383e-22 2.370044300695654747e-23 2.650564005126653415e-21
2.904706592280216881e+00 9.191371464983551707e-22 2.262872736047558984e-23 2.843349725806431099e-21
2.907786874986770798e+00 9.143702680657472632e-22 2.538805480097993624e-23 2.959788184788615044e-21
2.910867157693324270e+00 9.090257716698896662e-22 2.343832203225768308e-23 2.918728563837785497e-21
2.913947440399878630e+00 9.020164749285523822e-22 2.284703583684147747e-23 2.668157663908410008e-21
2.917027723106432102e+00 8.957896893099121450e-22 2.266545609680572953e-23 2.399992857951810224e-21
2.920108005812986018e+00 8.897520438199637060e-22 2.254594865157523235e-23 3.484685529946570239e-21
2.923188288519539491e+00 8.837977077540389531e-22 2.240325992119783613e-23 2.692548281008864560e-21
2.926268571226093407e+00 8.778638453684373263e-22 2.225791095738872840e-23 2.769826719045016836e-21
2.929348853932647323e+00 8.719779023760708964e-22 2.210628137563094644e-23 2.450618475053611973e-21
2.932429136639200795e+00 8.661357368906903078e-22 2.196083882403362870e-23 2.688109748780362537e-21
2.935509419345755155e+00 8.603407212089882382e-22 2.180951473948197482e-23 1.659955366531518496e-21
2.938589702052308628e+00 8.545756957715241107e-22 2.166449144917518157e-23 2.464991361279941410e-21
2.941669984758862544e+00 8.488705371584411983e-22 2.151707934272772164e-23 2.878454523374161146e-21
2.944750267465416016e+00 8.431888912534568837e-22 2.136983408291472511e-23 3.213580562288786363e-21
2.947830550171969932e+00 8.375365774352875379e-22 2.122744190402252660e-23 2.803790257566653584e-21
2.950910832878523404e+00 8.319243519927025356e-22 2.108582591312806930e-23 3.077155066181755482e-21
2.953991115585077321e+00 8.261704138758770488e-22 2.095785048630949738e-23 2.185475687700046103e-21
2.957071398291631237e+00 8.196351711192411684e-22 2.141140698297558197e-23 2.605056462816828375e-21
2.960151680998185153e+00 8.310108695864795023e-22 3.275038972490852614e-23 3.296958362604783274e-21
2.963231963704739069e+00 8.039956311186548493e-22 2.975756507343543551e-23 3.083245186815106097e-21
2.966312246411292541e+00 8.076967481020184215e-22 2.305542525419845615e-23 2.232627878314059237e-21
2.969392529117846458e+00 7.999044209576641878e-22 2.039869924999488588e-23 2.719920883773199063e-21
2.972472811824399930e+00 7.942847823361128064e-22 2.014206734877455697e-23 2.872794629175856995e-21
2.975553094530954290e+00 7.889199520460425844e-22 1.998702015868070979e-23 2.441192462755212876e-21
2.978633377237507762e+00 7.837038460062640808e-22 1.984704914433141991e-23 2.891396662835984255e-21
2.981713659944061678e+00 7.785113731498770766e-22 1.971323024659604320e-23 3.895326757264232310e-21
2.984793942650615151e+00 7.733546773719663972e-22 1.957811894877416956e-23 3.239193488014956092e-21
2.987874225357169067e+00 7.682815324913789566e-22 1.944633186796442167e-23 3.234487924161345314e-21
2.990954508063722983e+00 7.631921186263433438e-22 1.931599664693823343e-23 3.212289406056557330e-21
2.994034790770276455e+00 7.581524877208988164e-22 1.918456006569386476e-23 3.032834521778813456e-21
2.997115073476830815e+00 7.531589864829732853e-22 1.905522271143524221e-23 2.853266901651095995e-21
3.000195356183384288e+00 7.481793439423295905e-22 1.892781199807505718e-23 2.640455970833388291e-21
3.003275638889938204e+00 7.431730178839085856e-22 1.881447769043149249e-23 2.486438390345408382e-21
3.006355921596491676e+00 7.381155817580790486e-22 1.881183330159905243e-23 1.871786519076901890e-21
3.009436204303045592e+00 7.331771312570671949e-22 2.046313585196149750e-23 2.802102085326934899e-21
3.012516487009599064e+00 7.988813527605231077e-22 1.910692470511072361e-22 5.501087053271081951e-21
3.015596769716152981e+00 1.964912160845956119e-21 2.556156535341400677e-21 2.928528093707954003e-20
3.018677052422706897e+00 1.532905265616562699e-21 1.832007687188056543e-21 2.263033546010199589e-20
3.021757335129260813e+00 7.397059933431901760e-22 5.833438758116884239e-23 4.967977787843875029e-21
3.024837617835814729e+00 7.117749996216126977e-22 1.932611811043633828e-23 3.907621198670782657e-21
3.027917900542368201e+00 7.059005805667729370e-22 1.805721614216773170e-23 4.509499344694882375e-21
3.030998183248922118e+00 7.010542802496146402e-22 1.778882556651011506e-23 3.967098784411557774e-21
3.034078465955475590e+00 6.963888546222967259e-22 1.763192007065418612e-23 3.382066253226629503e-21
3.037158748662029506e+00 6.918285799583271576e-22 1.750461679938325720e-23 3.814386891605677612e-21
3.040239031368583422e+00 6.873241523410175867e-22 1.738167133943289117e-23 3.292162983398134808e-21
3.043319314075137338e+00 6.828535551922288213e-22 1.726674002309124938e-23 2.560044439268335591e-21
3.046399596781690811e+00 6.784337924657867273e-22 1.715079884171149694e-23 3.206100575145720782e-21
3.049479879488244727e+00 6.740292875658315588e-22 1.703668461217521877e-23 2.409679298221739206e-21
3.052560162194798643e+00 6.696762193816379527e-22 1.692599156210977250e-23 2.902574196905990865e-21
3.055640444901352115e+00 6.653617071155340321e-22 1.681431776040215095e-23 3.654125485931690676e-21
3.058720727607906031e+00 6.610473703711225825e-22 1.670568426467140176e-23 3.728185697956400526e-21
3.061801010314459948e+00 6.568173678290105885e-22 1.659229503372696752e-23 3.530677315661422202e-21
3.064881293021013864e+00 6.524853828009868549e-22 1.644349269422151633e-23 2.451616580512967778e-21
3.067961575727567336e+00 6.481565693739248214e-22 1.639284719224854718e-23 2.454379476436702336e-21
3.071041858434121252e+00 6.450671419459255831e-22 1.655653978617673268e-23 3.245521920536400777e-21
3.074122141140675168e+00 6.394602006012235421e-22 1.601840148240248204e-23 3.365347065189045820e-21
3.077202423847228641e+00 6.360232875412242398e-22 1.611494401808470209e-23 2.844783553033516447e-21
3.080282706553782557e+00 6.319109953453111552e-22 1.596481373511647374e-23 3.003321386989415516e-21
3.083362989260336473e+00 6.278253220395189347e-22 1.585412496534755055e-23 3.653210303139586859e-21
3.086443271966890389e+00 6.238378707013955519e-22 1.575208091655228412e-23 2.727389402374435972e-21
3.089523554673443861e+00 6.198216946890972331e-22 1.564841686870900331e-23 3.281988139182228414e-21
3.092603837379997778e+00 6.158678572441207073e-22 1.554817459076440353e-23 2.953662852175820029e-21
3.095684120086551250e+00 6.119382786171043079e-22 1.544740776322825976e-23 2.869683733498570490e-21
3.098764402793105166e+00 6.080372823449053116e-22 1.534675186453105806e-23 2.311604034684602246e-21
3.101844685499659082e+00 6.041549033784091168e-22 1.524822550203626960e-23 2.153165952851237809e-21
3.104924968206212998e+00 6.003266476766032228e-22 1.515096153998433689e-23 2.281598588611288654e-21
3.108005250912766915e+00 5.964931850756679489e-22 1.505310091631784520e-23 2.655871247240398741e-21
3.111085533619320387e+00 5.926961092656321657e-22 1.495435720630333296e-23 2.654642279998076355e-21
3.114165816325874303e+00 5.889452699792932320e-22 1.486208562460312651e-23 2.681224784024634245e-21
3.117246099032427775e+00 5.851803624117251383e-22 1.479120550827399891e-23 3.037175807632127850e-21
3.120326381738981691e+00 5.818203825445797179e-22 1.478538245394344825e-23 2.986071545377355708e-21
3.123406664445535608e+00 5.775067204241592003e-22 1.439006051831103930e-23 3.693325168897061524e-21
3.126486947152089524e+00 5.741674776751494826e-22 1.454104977417971157e-23 3.524714190529051327e-21
3.129567229858642996e+00 5.705444707302044438e-22 1.440923835353506732e-23 3.264221115892143871e-21
3.132647512565196912e+00 5.669589849319990198e-22 1.430284924012951055e-23 2.338151410374566964e-21
3.135727795271750828e+00 5.633191430478349676e-22 1.421100760158916814e-23 2.546604290144099298e-21
3.138808077978304301e+00 5.598175911187967695e-22 1.411553440253959688e-23 3.033697590564380272e-21
3.141888360684858661e+00 5.562552111505482025e-22 1.402688861204479151e-23 3.007010092770045103e-21
3.144968643391412133e+00 5.527674794298483244e-22 1.393678379800215314e-23 3.455595173979024191e-21
3.148048926097966049e+00 5.492987594580109522e-22 1.384783618329763824e-23 3.661673843639280317e-21
3.151129208804519521e+00 5.458357755883968655e-22 1.375980586460494262e-23 3.630870262310760539e-21
3.154209491511073438e+00 5.423981022872811373e-22 1.367277477797677240e-23 3.216967587909075807e-21
3.157289774217626910e+00 5.390142157780778694e-22 1.358542712646645820e-23 3.397069189982281762e-21
3.160370056924180826e+00 5.356129156061055732e-22 1.349785766526813999e-23 3.056705290712024538e-21
3.163450339630734742e+00 5.322771062907045721e-22 1.341295314416738698e-23 4.291888939587930697e-21
3.166530622337288214e+00 5.289366906510190682e-22 1.332440411538813254e-23 3.555873853814584435e-21
3.169610905043842131e+00 5.256274766143697947e-22 1.323250023802549634e-23 2.956186874622840756e-21
3.172691187750395603e+00 5.222722230840087122e-22 1.308132272162366402e-23 3.401587072101836310e-21
3.175771470456949963e+00 5.188728282042515446e-22 1.360514103688376058e-23 3.567466144080828058e-21
3.178851753163503879e+00 5.167175187626946329e-22 1.304057844204322720e-23 3.398035678171168716e-21
3.181932035870057796e+00 5.123026288467250758e-22 1.289126875835805067e-23 3.671226877373069284e-21
3.185012318576611268e+00 5.094159880008182344e-22 1.284383011400640529e-23 3.104443576488886288e-21
3.188092601283165184e+00 5.062560777939533946e-22 1.275592722501181117e-23 1.899670625365480941e-21
3.191172883989718656e+00 5.031164953989622012e-22 1.267452679623168092e-23 2.354681551796535909e-21
3.194253166696272572e+00 4.999885557371749429e-22 1.259249991893660300e-23 3.140369164135896714e-21
3.197333449402826488e+00 4.968853644748692382e-22 1.251456157865459413e-23 2.641338226947855699e-21
3.200413732109379961e+00 4.938094721698776229e-22 1.243509268936085523e-23 2.827734247460681119e-21
3.203494014815933877e+00 4.907371333724874901e-22 1.235663954622329699e-23 2.827707603760744159e-21
3.206574297522487349e+00 4.877075916661131712e-22 1.227974758359110542e-23 2.948960504658391649e-21
3.209654580229041265e+00 4.846915025349098942e-22 1.220383354744232407e-23 3.270806491064834267e-21
3.212734862935595181e+00 4.816954568318208006e-22 1.212725028521500951e-23 2.270932852334008176e-21
3.215815145642148654e+00 4.787171269693064044e-22 1.205167397810113347e-23 2.737598778920105625e-21
3.218895428348703014e+00 4.757829477193364501e-22 1.197905464770096937e-23 2.373615878563484679e-21
3.221975711055256930e+00 4.728726593129871553e-22 1.191048806049440401e-23 2.385351834112449597e-21
3.225055993761810402e+00 4.700955730580867340e-22 1.188249506749244905e-23 3.103293704046780186e-21
3.228136276468364319e+00 4.704717677028370643e-22 1.565350701948131305e-23 3.758445878819118741e-21
3.231216559174918235e+00 4.827601202782642595e-22 5.578446108083764801e-23 1.562602884134527872e-20
3.234296841881471707e+00 4.817834193974922991e-22 4.098412737831672625e-23 1.187059004868536451e-20
3.237377124588025623e+00 4.579387481041280904e-22 1.187162426902234213e-23 2.652581315176166841e-21
3.240457407294579095e+00 4.555092955729576690e-22 1.146350646897570933e-23 2.477258865296959229e-21
3.243537690001133011e+00 4.528041044820473940e-22 1.138912017822388470e-23 2.439549854408353096e-21
3.246617972707686484e+00 4.500307779271424569e-22 1.132092906941626819e-23 2.857934063986243526e-21
3.249698255414240400e+00 4.472968651909180867e-22 1.125019370410547044e-23 2.599620109695431830e-21
3.252778538120794316e+00 4.445615161243310517e-22 1.118178548708195080e-23 2.413237350557968198e-21
3.255858820827347788e+00 4.418395377656030022e-22 1.111207498044520104e-23 4.051869219737733958e-21
3.258939103533901704e+00 4.391432731681878243e-22 1.104511211992867540e-23 4.479972220733511329e-21
3.262019386240456065e+00 4.364668386656945375e-22 1.097577683319048319e-23 3.579800113993859322e-21
3.265099668947009981e+00 4.337871270793240391e-22 1.090836620525652654e-23 2.798266491751937345e-21
3.268179951653563453e+00 4.311573606781441350e-22 1.084123682745661000e-23 3.155185095179591923e-21
3.271260234360117369e+00 4.285301020058209961e-22 1.077497143742412400e-23 2.649563767195516630e-21
3.274340517066670841e+00 4.259131261302609729e-22 1.070811695240345551e-23 3.246263347073584898e-21
3.277420799773224758e+00 4.233295452277220474e-22 1.064442291534964088e-23 3.797380019492975806e-21
3.280501082479778230e+00 4.207636738020596600e-22 1.057968296781128977e-23 2.719868934136206785e-21
3.283581365186332146e+00 4.181868519694937677e-22 1.050355669168233842e-23 3.647053370143767488e-21
3.286661647892886062e+00 4.156195124938064783e-22 1.045473830165084097e-23 3.520990388766407042e-21
3.289741930599439534e+00 4.131890301997986972e-22 1.038667538050840294e-23 2.683346902371005904e-21
3.292822213305993451e+00 4.106231986934898129e-22 1.031805008734275936e-23 3.357594233998008740e-21
3.295902496012546923e+00 4.081337300210399906e-22 1.025744889148546204e-23 2.893149562688919282e-21
3.298982778719100839e+00 4.056760574193004965e-22 1.019537860858522475e-23 2.498014574849580045e-21
3.302063061425655199e+00 4.032289027883556265e-22 1.013088285035886583e-23 3.484297297744795651e-21
3.305143344132209116e+00 4.007835115958590950e-22 1.007105769578210850e-23 2.531907330781737145e-21
3.308223626838762588e+00 3.983592765218742483e-22 1.000945574773549595e-23 2.387959595495256335e-21
3.311303909545316504e+00 3.959659251889144008e-22 9.948262839356233660e-24 2.525268065057313973e-21
3.314384192251869976e+00 3.935654430855595425e-22 9.886857547747883008e-24 2.307243130716276213e-21
3.317464474958423892e+00 3.912057098078808548e-22 9.827232844239797558e-24 2.341976508142628658e-21
3.320544757664977809e+00 3.888420033365637375e-22 9.768585943287726732e-24 2.622553545604251357e-21
3.323625040371531281e+00 3.865064552794078402e-22 9.707851468598045674e-24 2.468805785199225098e-21
3.326705323078085197e+00 3.841848699149572512e-22 9.648961899687541711e-24 2.930156925339009144e-21
3.329785605784638669e+00 3.818729637544362070e-22 9.590195672421961275e-24 2.835541799752556545e-21
3.332865888491192585e+00 3.795692448950585316e-22 9.527997858108562089e-24 3.138043589085771382e-21
3.335946171197746501e+00 3.772934101977234358e-22 9.480490244972326544e-24 2.893918737602725368e-21
3.339026453904299974e+00 3.750745225041735532e-22 9.427821686711780363e-24 3.384144893001944679e-21
3.342106736610853890e+00 3.727896473464232906e-22 9.353165644499139291e-24 3.927296294061384707e-21
3.345187019317408250e+00 3.705512871011996050e-22 9.302891378191287198e-24 2.755923704296186028e-21
3.348267302023961722e+00 3.683461068596686034e-22 9.247391011375730328e-24 2.092202223450717170e-21
3.351347584730515639e+00 3.661472533885134179e-22 9.193073916461184277e-24 1.883244921191854802e-21
3.354427867437069555e+00 3.639476237211579122e-22 9.136007952255975481e-24 1.790103971849547886e-21
3.357508150143623027e+00 3.617951034425785477e-22 9.082297986288569381e-24 2.280830546287456804e-21
3.360588432850176943e+00 3.596203867350510006e-22 9.026972167051210414e-24 2.567156953417409599e-21
3.363668715556730415e+00 3.574779403191105322e-22 8.972178116322672071e-24 1.802416365134044431e-21
3.366748998263284332e+00 3.553497520956083905e-22 8.919536539760888533e-24 2.637920206528208547e-21
3.369829280969838248e+00 3.532411132828498551e-22 8.864376455733986719e-24 3.441837676101323743e-21
3.372909563676391720e+00 3.511317071394719324e-22 8.812208602530867409e-24 2.932408260807764367e-21
3.375989846382945636e+00 3.490462598590906053e-22 8.759643548937053440e-24 3.056867477347911406e-21
3.379070129089499108e+00 3.469759572432574866e-22 8.706200270954945105e-24 3.524823452176582486e-21
3.382150411796053024e+00 3.449113326293692906e-22 8.655740030557737089e-24 3.134695912703584701e-21
3.385230694502606497e+00 3.428777014283284973e-22 8.603140503117197981e-24 2.926088429163087064e-21
3.388310977209161301e+00 3.408524116398651341e-22 8.560328851748635427e-24 2.363633499915160941e-21
3.391391259915714773e+00 3.387443203740247594e-22 8.456801492264589544e-24 2.263844634720561172e-21
3.394471542622268689e+00 3.368428555705503769e-22 8.498132651056099022e-24 2.172382270544895252e-21
3.397551825328822162e+00 3.348249515841367800e-22 8.391809428545962088e-24 2.665401177493848832e-21
3.400632108035376078e+00 3.328471611598867243e-22 8.347734716519387657e-24 2.975786145304228806e-21
3.403712390741929994e+00 3.308672678675277541e-22 8.298365947043731368e-24 2.670894211328724865e-21
3.406792673448483466e+00 3.289115439978172600e-22 8.248337751764618343e-24 2.481679858212914849e-21
3.409872956155037382e+00 3.269754524384113200e-22 8.200784349363958114e-24 2.117172318995982582e-21
3.412953238861590854e+00 3.250507140770485146e-22 8.151515537509577578e-24 2.195511974362140411e-21
3.416033521568144771e+00 3.231297016684452848e-22 8.103822967720454042e-24 2.355994773829826166e-21
3.419113804274698243e+00 3.212320898150531985e-22 8.053826201832698473e-24 2.601055048031603567e-21
3.422194086981252159e+00 3.193345915389333455e-22 8.008106856343830866e-24 2.958117544033003598e-21
3.425274369687806075e+00 3.174671100713596174e-22 7.959180720672705493e-24 3.790342955953409370e-21
3.428354652394360436e+00 3.155913763885045126e-22 7.912321556479877195e-24 2.780775859675983494e-21
3.431434935100913908e+00 3.137426698930480684e-22 7.866697128952556518e-24 2.277912235571788818e-21
3.434515217807467824e+00 3.119008058577464314e-22 7.818734012549879274e-24 2.788009998054332055e-21
3.437595500514021740e+00 3.100677085050365524e-22 7.772646888292151518e-24 2.591367977017535763e-21
3.440675783220575212e+00 3.082556552924069608e-22 7.726719635059458802e-24 2.094063550943382952e-21
3.443756065927129129e+00 3.064678632329855757e-22 7.737072614838563907e-24 3.075814928463532353e-21
3.446836348633682601e+00 3.052418726394568763e-22 8.334460354961866837e-24 5.598994666696700301e-21
3.449916631340236517e+00 3.030487343854956863e-22 7.955717828059982243e-24 3.409390609226234506e-21
3.452996914046789989e+00 3.011279838630264409e-22 7.552461484173523777e-24 2.954736930865988180e-21
3.456077196753343905e+00 2.993384615206660259e-22 7.501293429922446686e-24 3.666096340827210602e-21
3.459157479459897822e+00 2.976009523227013540e-22 7.458056260521900294e-24 3.351359934571146985e-21
3.462237762166451294e+00 2.958506580602771216e-22 7.413391585243065591e-24 3.317437212261891817e-21
3.465318044873005210e+00 2.941374131593845762e-22 7.369715227605775440e-24 2.336291290438678191e-21
3.468398327579558682e+00 2.924139044259310345e-22 7.327940645045247810e-24 2.707648448250654136e-21
3.471478610286113486e+00 2.907109695843541371e-22 7.282995959508759533e-24 3.288915031185884245e-21
3.474558892992666959e+00 2.890311791904902117e-22 7.241250104584362315e-24 3.860450856038439701e-21
3.477639175699220875e+00 2.873359725746106835e-22 7.198723361932700821e-24 2.652448571863684690e-21
3.480719458405774347e+00 2.856747234940340784e-22 7.155910066398923178e-24 2.282126422575482806e-21
3.483799741112328263e+00 2.840139939720578903e-22 7.114837650302935023e-24 2.726376748816155211e-21
3.486880023818881735e+00 2.823515638817943819e-22 7.072520928580621610e-24 2.419119512060293461e-21
3.489960306525435652e+00 2.807248940769471416e-22 7.031266005533349291e-24 2.885513538466512754e-21
3.493040589231989568e+00 2.791042047985190114e-22 6.990795626414496358e-24 3.024976551893314126e-21
3.496120871938543040e+00 2.774726967661026343e-22 6.948925914498816097e-24 3.163551944563621205e-21
3.499201154645096956e+00 2.758760175281666294e-22 6.910572810303000522e-24 3.437176585381174988e-21
3.502281437351650428e+00 2.742734823168782382e-22 6.867134133946159415e-24 3.061838672762212419e-21
3.505361720058204344e+00 2.726861404429504549e-22 6.828787673647719296e-24 2.668824999858682179e-21
3.508442002764758261e+00 2.711142099056603835e-22 6.789150694840265366e-24 2.889723655041729718e-21
3.511522285471311733e+00 2.695421538887583935e-22 6.749213252753105982e-24 2.822950306489131307e-21
3.514602568177866093e+00 2.679888571084561981e-22 6.709643875137703666e-24 3.593189215697042064e-21
3.517682850884420009e+00 2.664460986343839496e-22 6.671672175078249510e-24 3.208577861113445634e-21
3.520763133590973482e+00 2.649037149345308002e-22 6.631820740950507253e-24 3.211109804582812706e-21
3.523843416297527398e+00 2.633804565647201566e-22 6.593851857275486036e-24 2.288802854483933217e-21
3.526923699004081314e+00 2.618630307791199700e-22 6.555317117757916160e-24 2.611953582166632124e-21
3.530003981710634786e+00 2.603506366779606931e-22 6.517360136517427177e-24 1.674172630212920755e-21
3.533084264417188702e+00 2.588636472254762166e-22 6.479884962778162148e-24 2.179216528178769931e-21
3.536164547123742175e+00 2.573581482267696893e-22 6.441726710299113329e-24 3.104870534848397347e-21
3.539244829830296091e+00 2.558973673581219654e-22 6.404928254891534592e-24 3.680358273833932735e-21
3.542325112536850007e+00 2.544131623827804146e-22 6.367765616408770849e-24 2.918888104825781145e-21
3.545405395243403479e+00 2.529637687483790903e-22 6.330969175574405096e-24 2.361786498382890506e-21
3.548485677949957395e+00 2.515064383806102932e-22 6.294746226108163456e-24 2.857068181562986367e-21
3.551565960656510867e+00 2.500676899434121069e-22 6.256998531738901910e-24 2.569049378416416715e-21
3.554646243363065228e+00 2.486297518169003515e-22 6.221206672368112770e-24 2.373417532809935594e-21
3.557726526069619144e+00 2.472106500346734153e-22 6.186719348245377310e-24 2.862026505079999438e-21
3.560806808776173060e+00 2.457953907140257822e-22 6.150466789898625146e-24 3.326035346332039947e-21
3.563887091482726532e+00 2.443829890029644898e-22 6.114470113814429304e-24 2.866091565803810607e-21
3.566967374189280449e+00 2.430021366887809685e-22 6.080091464167698479e-24 3.164920801666383747e-21
3.570047656895833921e+00 2.415966426793804740e-22 6.044138511305063826e-24 3.407796864782070099e-21
3.573127939602387837e+00 2.402255531211696119e-22 6.010330887200442993e-24 2.950911090243959273e-21
3.576208222308941753e+00 2.388499339193096032e-22 5.974986463920273044e-24 2.302745300472720756e-21
3.579288505015495225e+00 2.374930677588573576e-22 5.941114760566690374e-24 2.743204508233330384e-21
3.582368787722049142e+00 2.361291038224279713e-22 5.906595559428902969e-24 2.846376453942816214e-21
3.585449070428602614e+00 2.348019069445049427e-22 5.873256690792153795e-24 3.290980213641250005e-21
3.588529353135156530e+00 2.334454695055568763e-22 5.839277244407426880e-24 3.547378449084271918e-21
3.591609635841710002e+00 2.321295915673152062e-22 5.805477345944936104e-24 2.426656799709571314e-21
3.594689918548263918e+00 2.308018951197189023e-22 5.772918068791922659e-24 3.120014906873544501e-21
3.597770201254818279e+00 2.294939883422713447e-22 5.739009576060852472e-24 3.609196568862727966e-21
3.600850483961372195e+00 2.281924749403012813e-22 5.706641670560967119e-24 3.006072024464397737e-21
3.603930766667925667e+00 2.268808514637801515e-22 5.673592600255850015e-24 2.755542573494842693e-21
3.607011049374479583e+00 2.256179709286180893e-22 5.645890161363442030e-24 2.743303187923002091e-21
3.610091332081033499e+00 2.243208497558436669e-22 5.604638044018319044e-24 2.908242723581479808e-21
3.613171614787586972e+00 2.230503317541018455e-22 5.578350861160169197e-24 3.089484352924457623e-21
3.616251897494140888e+00 2.217933978834690274e-22 5.545647941364768681e-24 2.727619526809392198e-21
3.619332180200694360e+00 2.205319786307961972e-22 5.514046469452634719e-24 2.761950037571991986e-21
3.622412462907248276e+00 2.192845882445765416e-22 5.482374274246812307e-24 3.102651157679555085e-21
3.625492745613801748e+00 2.180444546142149106e-22 5.451607248026835595e-24 2.579871971831458484e-21
3.628573028320355665e+00 2.168103156571816273e-22 5.419710801329166914e-24 2.330825033506482787e-21
3.631653311026909581e+00 2.155856635869036547e-22 5.389414085559717259e-24 3.410161657160458004e-21
3.634733593733463053e+00 2.143710714447608221e-22 5.359122714648833762e-24 3.115597394428113630e-21
3.637813876440016969e+00 2.131565262648306502e-22 5.327729013542347882e-24 2.735810410385693828e-21
3.640894159146571329e+00 2.119551582291349363e-22 5.298574056049865512e-24 2.395947501208234616e-21
3.643974441853125246e+00 2.107598754222597482e-22 5.267850730436386741e-24 2.938313279448308089e-21
3.647054724559678718e+00 2.095727821474985161e-22 5.237732045296421849e-24 3.114911547472785497e-21
3.650135007266232634e+00 2.083882952089193702e-22 5.208176592477600210e-24 2.863351634100810036e-21
3.653215289972786106e+00 2.072211116783181995e-22 5.179129506340250468e-24 2.456951887829729665e-21
3.656295572679340022e+00 2.060458364504144772e-22 5.149354137782934548e-24 2.573108852097720090e-21
3.659375855385893495e+00 2.048846658507350059e-22 5.120563853028355407e-24 3.415261891586396156e-21
3.662456138092447411e+00 2.037779607205782916e-22 5.107827893378425399e-24 3.455787763694469383e-21
3.665536420799001327e+00 2.025739009386739686e-22 5.065307977663456278e-24 3.569389111381994200e-21
3.668616703505554799e+00 2.014560665435981823e-22 5.034872733183327935e-24 2.899114805425763525e-21
3.671696986212108715e+00 2.003312081935826582e-22 5.004655790184666038e-24 2.333458509869321084e-21
3.674777268918662188e+00 1.992028552146126920e-22 4.977796144948930638e-24 2.711702965811408298e-21
3.677857551625216104e+00 1.980801830892963185e-22 4.948989359661935416e-24 3.366767628087349039e-21
3.680937834331770464e+00 1.969754942302539974e-22 4.921446480195814468e-24 3.436556208850260097e-21
3.684018117038324380e+00 1.958715185807805763e-22 4.892979561931259966e-24 3.306028245351999943e-21
3.687098399744877852e+00 1.947754210226106135e-22 4.866143681989626270e-24 3.072812409218419497e-21
3.690178682451431769e+00 1.936790826529965858e-22 4.838392008881237318e-24 3.110383382696588641e-21
3.693258965157985241e+00 1.926017982795225417e-22 4.811120481669159124e-24 4.435806666041680035e-21
3.696339247864539157e+00 1.915221231143626121e-22 4.784320381670115956e-24 3.507042129749030726e-21
3.699419530571093073e+00 1.904520808637752839e-22 4.757115389503420411e-24 3.017233069248991308e-21
3.702499813277646545e+00 1.893882045166183602e-22 4.730479002519506656e-24 2.556853214311247505e-21
3.705580095984200462e+00 1.883294761297253635e-22 4.703612038407607365e-24 3.214127007433067714e-21
3.708660378690753934e+00 1.872803045079790121e-22 4.678144109127176758e-24 4.009872969531720597e-21
3.711740661397307850e+00 1.862347959914291801e-22 4.650945262751462608e-24 3.811517907535473698e-21
3.714820944103861766e+00 1.851938887577393671e-22 4.624914066235775780e-24 2.661070387013468005e-21
3.717901226810415238e+00 1.841616774280921620e-22 4.599393699611847307e-24 2.371216723846050094e-21
3.720981509516969155e+00 1.831420260473828019e-22 4.573481928983740902e-24 2.668677173129656306e-21
3.724061792223523515e+00 1.821153010647707747e-22 4.547888090041757939e-24 3.261385805454483761e-21
3.727142074930076987e+00 1.811031553332581754e-22 4.522010527497292713e-24 3.365402978072123198e-21
3.730222357636630903e+00 1.800966128716760541e-22 4.497052101720966044e-24 3.118445322741913262e-21
3.733302640343184819e+00 1.790951544582445969e-22 4.472107868183938163e-24 2.794213356133662822e-21
3.736382923049738292e+00 1.780983818518039041e-22 4.446481416581816750e-24 3.141312643236684046e-21
3.739463205756292208e+00 1.771092000946542537e-22 4.422500466916303460e-24 2.894348852502282458e-21
3.742543488462845680e+00 1.761270099532232066e-22 4.397215265889651859e-24 2.738185958651459848e-21
3.745623771169399596e+00 1.751468850220740290e-22 4.372638785196033361e-24 2.937592990645914085e-21
3.748704053875953512e+00 1.741769814292102293e-22 4.348291860582361988e-24 3.861181522644474799e-21
3.751784336582506985e+00 1.732100603102348042e-22 4.324134681342132935e-24 2.651756988653485927e-21
3.754864619289060901e+00 1.722501298530941039e-22 4.300382658126422580e-24 2.602379647362487582e-21
3.757944901995614373e+00 1.712948183136144211e-22 4.275348788054659601e-24 3.378042611424960798e-21
3.761025184702168289e+00 1.703497354050865170e-22 4.252554390666750253e-24 2.919395614854033783e-21
3.764105467408722649e+00 1.693988070037431295e-22 4.228463001496333138e-24 2.581915229744531339e-21
3.767185750115276566e+00 1.684714650042016573e-22 4.205106638528241583e-24 3.161713666340983330e-21
3.770266032821830038e+00 1.675276107887843108e-22 4.181637355904817350e-24 3.402386025828423966e-21
3.773346315528383954e+00 1.666120090505708086e-22 4.157983749149535227e-24 2.831043082433452921e-21
3.776426598234937426e+00 1.656834326918276866e-22 4.135756035608145329e-24 3.201441414673722560e-21
3.779506880941491342e+00 1.647752287664997428e-22 4.112037240076475172e-24 2.869431154888079558e-21
3.782587163648045259e+00 1.638569597263409626e-22 4.089463507787456170e-24 2.779720435171049650e-21
3.785667446354598731e+00 1.629578884355186029e-22 4.066889442253032695e-24 3.070850226518067289e-21
3.788747729061152647e+00 1.620595358563862227e-22 4.043812768682104680e-24 2.471093578911075693e-21
3.791828011767706119e+00 1.611627246762824259e-22 4.021928661871807656e-24 3.086010644113773545e-21
3.794908294474260035e+00 1.602740863706981900e-22 3.999412908093499537e-24 3.612747658949006726e-21
3.797988577180813508e+00 1.593912982568846917e-22 3.977442106136300869e-24 3.278037327986303034e-21
3.801068859887367424e+00 1.585147640115080215e-22 3.955032170505611066e-24 2.621834200692152304e-21
3.804149142593921340e+00 1.576406994369592237e-22 3.933425571611008335e-24 2.349601627015533094e-21
3.807229425300475700e+00 1.567713818057051494e-22 3.911690260588262402e-24 2.277018522239912288e-21
3.810309708007029172e+00 1.559129351647239606e-22 3.890025920080915261e-24 2.735554867832937918e-21
3.813389990713583089e+00 1.550485288255856259e-22 3.868271158897173216e-24 3.233295815659401074e-21
3.816470273420137005e+00 1.542041706873359638e-22 3.847102856901080958e-24 3.528905312650085440e-21
3.819550556126690477e+00 1.533486395133360615e-22 3.825989251683752655e-24 3.390564315528089108e-21
3.822630838833244393e+00 1.525126156198362219e-22 3.804161391472831135e-24 3.555513642833664443e-21
3.825711121539797865e+00 1.516706262039998586e-22 3.784383918139310191e-24 2.922630423601019620e-21
3.828791404246351782e+00 1.508428775907844490e-22 3.762660616796610945e-24 2.977866652752582296e-21
3.831871686952905254e+00 1.500076020338763175e-22 3.741950905256660385e-24 3.246573388949019626e-21
3.834951969659459170e+00 1.491925523214896187e-22 3.721107151852729410e-24 3.083358145871344855e-21
3.838032252366013086e+00 1.483695246091870361e-22 3.701523166772472254e-24 2.880998284567098827e-21
3.841112535072566558e+00 1.475551725860318900e-22 3.680003983382717475e-24 2.788835254211484571e-21
3.844192817779120475e+00 1.467549163406371074e-22 3.660735399266834081e-24 2.225463936738594293e-21
3.847273100485673947e+00 1.459437477168403761e-22 3.640135126357368457e-24 2.539340038010428901e-21
3.850353383192228751e+00 1.451442050794540402e-22 3.619649987225508631e-24 2.501102765426183143e-21
3.853433665898782223e+00 1.443524113941965011e-22 3.600235599671193537e-24 2.812608303403402287e-21
3.856513948605336140e+00 1.435625353074263135e-22 3.580710978528897038e-24 3.405747071730956934e-21
3.859594231311889612e+00 1.427746509444113491e-22 3.560622794088920744e-24 3.433853311718488919e-21
3.862674514018443528e+00 1.419995467831942475e-22 3.540971528726623381e-24 2.904103669545185462e-21
3.865754796724997000e+00 1.412210131919432378e-22 3.521827226290649442e-24 3.015571495368656125e-21
3.868835079431550916e+00 1.404435883374722555e-22 3.502310240891987004e-24 3.070762234358784311e-21
3.871915362138104832e+00 1.396860181807429100e-22 3.482908624972765214e-24 3.249701582010235683e-21
3.874995644844658305e+00 1.389160259785336525e-22 3.464787171053310551e-24 2.596943348575327700e-21
3.878075927551212221e+00 1.381588347458515056e-22 3.444346288461977696e-24 2.052711965459747028e-21
3.881156210257765693e+00 1.374073023237619611e-22 3.426668951516354835e-24 2.771003370761689736e-21
3.884236492964319609e+00 1.366563200324725455e-22 3.406876308613639171e-24 3.677566234318846022e-21
3.887316775670873525e+00 1.359158533768499977e-22 3.389582834146273518e-24 3.381986864562202760e-21
3.890397058377427886e+00 1.351659723483042936e-22 3.369786436572551652e-24 2.403751262071116310e-21
3.893477341083981358e+00 1.344407608954591442e-22 3.351648932602359953e-24 2.766345308648934344e-21
3.896557623790535274e+00 1.337015109472788606e-22 3.333597547966777527e-24 3.834339627590525555e-21
3.899637906497088746e+00 1.329703342340078143e-22 3.314809585245847279e-24 3.621170867168694042e-21
3.902718189203642662e+00 1.322519005024490101e-22 3.297163946115337422e-24 3.380848750290923682e-21
3.905798471910196579e+00 1.315314942669487251e-22 3.279017220106582880e-24 3.537233437046166282e-21
3.908878754616750051e+00 1.308136499026676870e-22 3.261119474862080839e-24 3.373840100345707700e-21
3.911959037323303967e+00 1.301062600953722437e-22 3.243199441052735569e-24 2.811630196687355227e-21
3.915039320029857439e+00 1.293945950567569888e-22 3.225540416253520364e-24 3.452259800162158400e-21
3.918119602736411355e+00 1.286946368926600412e-22 3.208039274390633542e-24 3.810726412550791448e-21
3.921199885442965272e+00 1.279923626760770970e-22 3.190537622998841523e-24 3.437205963296853736e-21
3.924280168149518744e+00 1.273007653964157423e-22 3.172823394429631268e-24 2.713454141510108485e-21
3.927360450856072660e+00 1.266047996112711946e-22 3.155945771237116209e-24 3.473833886345356910e-21
3.930440733562626132e+00 1.259235502508031554e-22 3.138312369897819443e-24 4.163095103655868738e-21
3.933521016269180492e+00 1.252334718657931479e-22 3.121841505246843532e-24 3.892920679284025888e-21
3.936601298975734409e+00 1.245612642804541116e-22 3.103957045722666298e-24 2.964286737880711945e-21
3.939681581682288325e+00 1.238805941057834422e-22 3.087508203598678220e-24 3.152030143412066798e-21
3.942761864388841797e+00 1.232094810918405387e-22 3.071173146884694199e-24 3.620256954425336078e-21
3.945842147095395713e+00 1.225402677520876827e-22 3.053885948558670586e-24 3.691213837574143681e-21
3.948922429801949185e+00 1.218836817593985267e-22 3.037197279378511284e-24 3.301580391258858226e-21
3.952002712508503102e+00 1.212151499403793439e-22 3.021068212656717443e-24 2.791360850336664826e-21
3.955082995215057018e+00 1.205629419308004621e-22 3.004230463091800688e-24 2.427998255170230695e-21
3.958163277921610490e+00 1.199093931355968641e-22 2.988389515956847000e-24 2.560660425471295454e-21
3.961243560628164406e+00 1.192580390935237729e-22 2.971550344948838360e-24 1.836335865269648742e-21
3.964323843334717878e+00 1.186156752719469873e-22 2.956087647537316286e-24 2.794352495263674365e-21
3.967404126041271795e+00 1.179734531568029280e-22 2.939341782860800212e-24 3.498750981122175221e-21
3.970484408747825267e+00 1.173355832407535225e-22 2.923934884931636892e-24 3.423049758547116600e-21
3.973564691454379183e+00 1.166978874624309942e-22 2.907726793773738864e-24 2.475747523686837465e-21
3.976644974160933543e+00 1.160707986286995109e-22 2.891926300473171115e-24 2.753671077727417156e-21
3.979725256867487460e+00 1.154438533922972754e-22 2.876840247222640500e-24 3.112125816979149651e-21
3.982805539574040932e+00 1.148188940965940742e-22 2.860565615905056838e-24 2.974728657037555291e-21
3.985885822280594848e+00 1.141958564811025306e-22 2.845171644056645365e-24 2.511726281690989869e-21
3.988966104987148764e+00 1.135879586512189700e-22 2.830154561297340506e-24 2.896928332940452754e-21
3.992046387693702236e+00 1.129609630174831460e-22 2.814171237870720178e-24 3.529008669502024052e-21
3.995126670400256153e+00 1.123593875102698161e-22 2.799254402346073090e-24 2.614541019471914789e-21
3.998206953106809625e+00 1.117583381585758687e-22 2.784441068091823325e-24 2.627009392825096292e-21
4.001287235813363097e+00 1.111496254006874126e-22 2.769006938642943827e-24 3.168817120185003810e-21
4.004367518519917013e+00 1.105469091245269035e-22 2.753879538977907714e-24 3.473469896088248085e-21
4.007447801226470929e+00 1.099579668642443110e-22 2.739119469126528363e-24 3.140666793216075984e-21
4.010528083933024845e+00 1.093585911702064370e-22 2.724518620788516360e-24 3.002067722685461415e-21
4.013608366639578762e+00 1.087721250943661954e-22 2.709612037749875800e-24 2.915687151243688916e-21
4.016688649346132678e+00 1.081891542962574513e-22 2.694830179506153090e-24 2.782120709289716919e-21
4.019768932052686594e+00 1.076020688657772058e-22 2.680374479035870891e-24 2.862011058673099261e-21
4.022849214759240510e+00 1.070232708933188779e-22 2.665990476458768589e-24 2.662490645729596848e-21
4.025929497465794427e+00 1.064492233061106900e-22 2.651460502625305123e-24 2.168449883868301139e-21
4.029009780172347455e+00 1.058727576272905698e-22 2.637218060071584276e-24 2.738204856454423415e-21
4.032090062878901371e+00 1.053043993867988100e-22 2.622965897072513719e-24 2.876647500018184778e-21
4.035170345585455287e+00 1.047403531696214434e-22 2.608700186672705906e-24 2.705034588385788861e-21
4.038250628292009203e+00 1.041708120529477111e-22 2.594792432540459558e-24 3.237578108655749876e-21
4.041330910998563120e+00 1.036197174772073396e-22 2.580486441120940005e-24 2.692025367677238891e-21
4.044411193705116148e+00 1.030523534368033281e-22 2.567066307193903047e-24 1.807338868530345341e-21
4.047491476411670064e+00 1.025068826603894631e-22 2.552645276974141398e-24 1.856261958717124013e-21
4.050571759118223980e+00 1.019509456183120838e-22 2.539162071078789339e-24 4.202930852437961075e-21
4.053652041824777896e+00 1.014021525280488542e-22 2.525696608898126375e-24 3.962843542943505490e-21
4.056732324531330924e+00 1.008596834598207246e-22 2.511786417086235822e-24 2.646900069010837469e-21
4.059812607237885729e+00 1.003177820730530947e-22 2.498244395797835788e-24 4.302401099655146885e-21
4.062892889944439645e+00 9.977497469234597985e-23 2.484794501378084326e-24 4.296996398916153824e-21
4.065973172650993561e+00 9.924961828531502875e-23 2.471669875587484947e-24 3.262875198213508109e-21
4.069053455357546589e+00 9.870472073523111142e-23 2.458246953463365636e-24 3.270298987058094511e-21
4.072133738064100505e+00 9.818232977675655422e-23 2.444561871705079249e-24 2.921601445813377675e-21
4.075214020770654422e+00 9.765384269583751559e-23 2.431869294758470245e-24 3.145256617523801969e-21
4.078294303477208338e+00 9.712489671356368451e-23 2.418914953539931024e-24 3.495137846556042349e-21
4.081374586183762254e+00 9.661008220382624041e-23 2.405611409994412697e-24 2.535111688641778942e-21
4.084454868890315282e+00 9.608754608699876898e-23 2.392547157765016383e-24 3.179200857094576002e-21
4.087535151596869198e+00 9.557626899253314140e-23 2.379996235941882964e-24 2.941592783847973449e-21
4.090615434303423115e+00 9.505862551312497775e-23 2.366959097908187888e-24 2.460003220121974955e-21
4.093695717009977031e+00 9.455352858358183236e-23 2.354257597321569334e-24 2.672108900856335643e-21
4.096775999716530947e+00 9.404485666420045465e-23 2.341970116873141581e-24 3.672511573841998695e-21
4.099856282423083975e+00 9.353965792435075275e-23 2.328817651045990437e-24 3.356970561712124880e-21
4.102936565129638780e+00 9.304026871734032168e-23 2.316734299799934457e-24 2.465655111487702428e-21
4.106016847836192696e+00 9.253992355666462302e-23 2.304206539811597436e-24 2.922749354823910129e-21
4.109097130542746612e+00 9.204594056831733950e-23 2.291478101989600095e-24 2.782968486404754710e-21
4.112177413249299640e+00 9.155044336022820343e-23 2.279685298462715150e-24 3.689180190022624306e-21
4.115257695955853556e+00 9.106307395220964402e-23 2.266956464496543576e-24 3.550887976759584923e-21
4.118337978662407473e+00 9.057198178456642758e-23 2.255222343207010690e-24 2.980584536000770423e-21
4.121418261368961389e+00 9.009082026788568412e-23 2.242735049719081768e-24 2.184126010655282524e-21
4.124498544075514417e+00 8.960437067241127785e-23 2.230950335323982895e-24 2.363196766694036072e-21
4.127578826782068333e+00 8.912791098593809179e-23 2.218895315235842497e-24 3.027391472472169742e-21
4.130659109488622249e+00 8.864973685310290677e-23 2.206953823739703681e-24 4.084872137183162487e-21
4.133739392195176166e+00 8.817397230835201559e-23 2.195302820367968153e-24 3.527638420704632097e-21
4.136819674901730082e+00 8.770323560587078133e-23 2.183328047848065237e-24 3.326752986129259395e-21
4.139899957608283110e+00 8.723484327741810010e-23 2.171603552192116492e-24 2.825687784413832863e-21
4.142980240314837914e+00 8.676463230875251655e-23 2.160090191267796943e-24 3.075196545720880953e-21
4.146060523021391830e+00 8.630706585818203516e-23 2.148349890551582984e-24 2.534669934814920021e-21
4.149140805727945747e+00 8.583905337349078524e-23 2.137108005064854838e-24 2.290808929989563009e-21
4.152221088434498775e+00 8.538312798867775976e-23 2.125299433736237907e-24 2.764221828191421676e-21
4.155301371141052691e+00 8.492371280000023987e-23 2.113897361475211184e-24 2.553935611256187770e-21
4.158381653847606607e+00 8.447437964501243243e-23 2.103216255927847957e-24 2.387963418205996037e-21
4.161461936554160523e+00 8.401749944499702097e-23 2.091266516691690989e-24 2.434251648120465024e-21
4.164542219260714440e+00 8.357220305192829103e-23 2.080222062894159390e-24 1.992202593735699617e-21
4.167622501967267468e+00 8.312270535811171434e-23 2.069133003283157439e-24 2.857370438655094371e-21
4.170702784673821384e+00 8.268103078834367382e-23 2.058144246643683484e-24 2.697998430621515541e-21
4.173783067380375300e+00 8.223663711337516025e-23 2.047043905272045544e-24 2.967236898226827264e-21
4.176863350086929216e+00 8.179778284858656340e-23 2.035922907872171844e-24 3.998961034060717333e-21
4.179943632793483133e+00 8.136210730051883417e-23 2.025072714232931030e-24 3.424882486154798729e-21
4.183023915500036161e+00 8.092477041275012846e-23 2.014635507497444920e-24 3.034748658638985487e-21
4.186104198206590965e+00 8.049327612883330535e-23 2.003370995806819794e-24 2.750955092722943051e-21
4.189184480913144881e+00 8.006557494996819327e-23 1.992848925765894735e-24 2.520288069179992624e-21
4.192264763619697909e+00 7.963416360641279816e-23 1.982026699422724793e-24 3.747526276519472599e-21
4.195345046326251826e+00 7.921222825884088340e-23 1.971696233921718559e-24 3.522708289935538371e-21
4.198425329032805742e+00 7.878718026521640932e-23 1.960872434928448960e-24 2.943576543178383817e-21
4.201505611739359658e+00 7.836572775572656942e-23 1.950558006183978196e-24 3.423957021392232102e-21
4.204585894445913574e+00 7.794965423184989023e-23 1.940201422782315534e-24 3.485475072215168995e-21
4.207666177152466602e+00 7.752845711329468607e-23 1.929348461565999257e-24 3.102883848806790828e-21
4.210746459859020518e+00 7.712352621375641391e-23 1.919477616693175508e-24 2.966273668308671316e-21
4.213826742565574435e+00 7.669833941835102071e-23 1.909154171939328441e-24 3.020129259869436173e-21
4.216907025272128351e+00 7.629806945853307352e-23 1.898775420964117213e-24 2.929611425654183194e-21
4.219987307978682267e+00 7.589118364782967902e-23 1.888878374501109182e-24 3.676239666062260548e-21
4.223067590685235295e+00 7.547906740045543131e-23 1.878599450169423807e-24 3.013632456825241293e-21
4.226147873391789211e+00 7.508645674257381266e-23 1.868419979808561545e-24 2.376259592315705123e-21
4.229228156098344016e+00 7.467681986440186048e-23 1.858606613841567846e-24 2.880847001709831548e-21
4.232308438804897932e+00 7.428001071238878440e-23 1.848762329187460852e-24 2.726124616688994364e-21
4.235388721511450960e+00 7.388422766540787747e-23 1.838459273026589606e-24 2.678179355750537374e-21
4.238469004218004876e+00 7.349062727602313262e-23 1.829384506441025638e-24 2.774973716156259621e-21
4.241549286924558793e+00 7.309758806415009929e-23 1.818958689753136456e-24 3.343449175799570165e-21
4.244629569631112709e+00 7.270597214423988614e-23 1.809353791798775944e-24 3.021934119632568333e-21
4.247709852337666625e+00 7.231965950356193273e-23 1.799572954257495740e-24 2.732974514715135023e-21
4.250790135044219653e+00 7.193153499545853836e-23 1.790595157446434271e-24 2.909606798183407911e-21
4.253870417750773569e+00 7.155094127849759361e-23 1.780374141563004836e-24 2.985676344102390611e-21
4.256950700457327486e+00 7.116452622865468898e-23 1.770909159357013272e-24 3.143403196091555337e-21
4.260030983163881402e+00 7.078729111920754919e-23 1.761595236852551711e-24 2.844477994310994460e-21
4.263111265870434430e+00 7.040954780182353391e-23 1.752270946004192993e-24 3.237703346214635851e-21
4.266191548576988346e+00 7.003250941327337658e-23 1.742871954761803775e-24 3.277646868685546641e-21
4.269271831283543150e+00 6.966015515988235412e-23 1.733255390941377252e-24 2.450954429993350361e-21
4.272352113990097067e+00 6.928503806585485979e-23 1.724247940351113805e-24 2.563768621652348899e-21
4.275432396696650095e+00 6.892038163296032107e-23 1.715131957070083337e-24 3.104746286384768294e-21
4.278512679403204011e+00 6.854771486372186797e-23 1.705713974407618196e-24 3.371082323825970860e-21
4.281592962109757927e+00 6.818351231064599139e-23 1.696855016864113884e-24 3.590460408720028225e-21
4.284673244816311843e+00 6.781893448181863965e-23 1.687553250448392476e-24 3.071122895169107458e-21
4.287753527522865760e+00 6.745716610481857616e-23 1.678689672949836642e-24 2.746542511636119421e-21
4.290833810229418788e+00 6.709796930642068959e-23 1.669560016385945235e-24 2.721357328111116436e-21
4.293914092935972704e+00 6.673750061563465421e-23 1.660883340915595000e-24 4.036538545694516330e-21
4.296994375642526620e+00 6.638217740197128976e-23 1.651639385148115345e-24 3.533557409309377133e-21
4.300074658349080536e+00 6.602830810599420655e-23 1.643328819252496087e-24 3.233416700439076600e-21
4.303154941055634453e+00 6.567543313864642495e-23 1.634248858234610018e-24 3.312483608160512025e-21
4.306235223762187481e+00 6.532327412823006026e-23 1.625264956132668585e-24 3.254504894479539193e-21
4.309315506468741397e+00 6.497694220550661942e-23 1.616948279908932889e-24 3.096349163303999923e-21
4.312395789175296201e+00 6.462676050545984061e-23 1.608149772625057088e-24 2.945458972136137939e-21
4.315476071881849229e+00 6.428457089237869604e-23 1.599598202518141733e-24 2.318433888169528389e-21
4.318556354588403146e+00 6.393843141792250032e-23 1.591099528955314701e-24 2.641417072471780368e-21
4.321636637294957062e+00 6.359865046939003756e-23 1.582424928446200560e-24 3.039205251137452576e-21
4.324716920001510978e+00 6.325871418505150795e-23 1.574268786562673211e-24 3.792559156978050345e-21
4.327797202708064894e+00 6.292069889161977980e-23 1.565491995278396478e-24 4.165451085640094666e-21
4.330877485414617922e+00 6.258287557364004790e-23 1.557392724260350226e-24 3.658371927494701769e-21
4.333957768121171839e+00 6.225175192859984767e-23 1.548946457768302720e-24 3.483426616262135042e-21
4.337038050827725755e+00 6.191440543606653596e-23 1.540688674693748057e-24 3.174840641828006102e-21
4.340118333534279671e+00 6.158775947998216110e-23 1.532647846135573839e-24 2.868441905332638151e-21
4.343198616240833587e+00 6.125563183017233559e-23 1.523822313263031702e-24 3.386089292867046685e-21
4.346278898947386615e+00 6.092924768699457161e-23 1.516234661407107871e-24 3.469982393333069050e-21
4.349359181653940531e+00 6.060450675146479578e-23 1.508132582347534898e-24 3.850495397605865985e-21
4.352439464360494448e+00 6.027848034345027721e-23 1.499996526828041145e-24 2.532461270334140045e-21
4.355519747067049252e+00 5.995865491083878403e-23 1.491658684846604401e-24 2.746228653756421628e-21
4.358600029773602280e+00 5.963565206984288517e-23 1.483986306576618177e-24 2.639142084785579608e-21
4.361680312480156196e+00 5.931781685578058103e-23 1.476122498679551805e-24 2.647808341251752078e-21
4.364760595186710113e+00 5.900062643203457023e-23 1.468069512968666825e-24 3.136923039087506816e-21
4.367840877893264029e+00 5.868356995338599255e-23 1.460140727434017230e-24 3.740359832071935257e-21
4.370921160599817945e+00 5.837013070951577171e-23 1.452489780862750409e-24 3.273155185000151190e-21
4.374001443306370973e+00 5.806023807580946924e-23 1.444681011780334957e-24 3.141340326112734419e-21
4.377081726012924889e+00 5.774433746477755060e-23 1.436742452786906024e-24 3.409382304201182366e-21
4.380162008719478806e+00 5.744210147663154349e-23 1.429450473966083036e-24 3.780756335513749348e-21
4.383242291426032722e+00 5.712880333493592682e-23 1.421356415225826070e-24 2.960471641511244516e-21
4.386322574132585750e+00 5.682559729062880016e-23 1.414246496296947598e-24 2.218884765976326828e-21
4.389402856839139666e+00 5.651963724626503896e-23 1.406307714651251599e-24 3.006461644339436692e-21
4.392483139545693582e+00 5.621942755876675304e-23 1.398771072982549637e-24 3.034234081608685579e-21
4.395563422252248387e+00 5.591578979341479736e-23 1.391593081730296099e-24 2.421142371550124794e-21
4.398643704958801415e+00 5.561804137981875450e-23 1.383602796671255046e-24 2.828052742258059734e-21
4.401723987665355331e+00 5.531955839408464350e-23 1.376743493167446489e-24 2.787516217290591126e-21
4.404804270371909247e+00 5.502154205611957453e-23 1.369004275836725971e-24 2.030915454685009266e-21
4.407884553078463163e+00 5.472700753963084225e-23 1.361803841245115646e-24 2.662801390477906254e-21
4.410964835785017080e+00 5.443716749234663137e-23 1.354618219585987643e-24 3.045824993580153732e-21
4.414045118491570108e+00 5.414043667200665179e-23 1.346974123356935599e-24 2.977388696198213800e-21
4.417125401198124024e+00 5.385407587964779259e-23 1.340423873115531126e-24 2.292031102494316189e-21
4.420205683904677940e+00 5.356292431546426588e-23 1.332603747746988789e-24 2.964332508556168998e-21
4.423285966611231856e+00 5.327555124800299435e-23 1.325790310862200308e-24 3.625179211025379657e-21
4.426366249317785773e+00 5.298992330019627716e-23 1.318745439401056236e-24 3.433235809791825606e-21
4.429446532024338801e+00 5.270668366417984096e-23 1.311109029698929733e-24 3.680952356042613343e-21
4.432526814730892717e+00 5.242266623625032719e-23 1.304531595777888625e-24 3.644252844771092184e-21
4.435607097437446633e+00 5.214162327748509770e-23 1.297779868596356869e-24 3.012279899325454467e-21
4.438687380144001438e+00 5.186122370737215435e-23 1.290313674605299910e-24 3.573656056143954173e-21
4.441767662850554466e+00 5.158287945146536996e-23 1.283681313777798372e-24 3.209307331181875789e-21
4.444847945557108382e+00 5.130533305202107185e-23 1.276543336188449864e-24 2.324469201935193012e-21
4.447928228263662298e+00 5.103132189329591304e-23 1.270097957781865894e-24 2.230056567368154327e-21
4.451008510970216214e+00 5.075673064659377168e-23 1.262846603229913043e-24 3.128191907157915763e-21
4.454088793676769242e+00 5.048008662793755403e-23 1.256365503220248221e-24 2.923040107840643563e-21
4.457169076383323159e+00 5.021316055029909213e-23 1.249399047018794052e-24 2.406204475494243870e-21
4.460249359089877075e+00 4.994156404762835916e-23 1.242840081204763385e-24 2.837585315511409497e-21
4.463329641796430991e+00 4.967169748514317442e-23 1.236214948247318354e-24 3.304422854895598667e-21
4.466409924502984907e+00 4.940815881193854794e-23 1.229237175570122378e-24 3.700239309177718931e-21
4.469490207209537935e+00 4.913863474743683080e-23 1.222876253160838115e-24 4.054180116847152075e-21
4.472570489916091852e+00 4.887485477425187041e-23 1.216377685743224248e-24 3.146882882231249332e-21
4.475650772622645768e+00 4.861019057363654802e-23 1.209708735627821979e-24 3.276483186995487813e-21
4.478731055329199684e+00 4.835416749199580118e-23 1.203247925246958043e-24 3.108161582526576367e-21
4.481811338035753600e+00 4.808940804103562172e-23 1.196820991155507057e-24 2.731007985076902840e-21
4.484891620742307516e+00 4.782796030425762858e-23 1.190159558341969475e-24 3.655697654318249507e-21
4.487971903448861433e+00 4.757410220271301222e-23 1.183902659830306204e-24 3.349107366941940963e-21
4.491052186155415349e+00 4.731632356634305193e-23 1.177703518137075333e-24 2.176781836248029733e-21
4.494132468861969265e+00 4.706198091218385854e-23 1.171063432110376988e-24 2.014037568679223795e-21
4.497212751568522293e+00 4.680564618554878662e-23 1.164968975917008211e-24 2.336473219160194248e-21
4.500293034275076209e+00 4.655521997199821766e-23 1.158458826153849120e-24 3.075940931785219163e-21
4.503373316981630126e+00 4.630418100389651897e-23 1.152558931424004568e-24 2.923027837358468028e-21
4.506453599688184042e+00 4.605372288645754628e-23 1.146137924948537997e-24 3.434306458509558662e-21
4.509533882394737958e+00 4.580331571550777569e-23 1.139823380906896765e-24 2.595556978560277485e-21
4.512614165101290986e+00 4.555936307935525572e-23 1.134077708792036420e-24 3.734047740581249689e-21
4.515694447807844902e+00 4.530898585465650661e-23 1.127360487195913945e-24 3.709620144690527877e-21
4.518774730514398819e+00 4.506716978182748943e-23 1.121928824492745952e-24 3.689406002652215181e-21
4.521855013220952735e+00 4.482246396443281727e-23 1.115295928288294203e-24 3.554085105965467712e-21
4.524935295927506651e+00 4.458056711349194928e-23 1.109730490600084481e-24 4.417312479374293738e-21
4.528015578634060567e+00 4.433813408676995305e-23 1.103446887700099794e-24 3.427018435295595646e-21
4.531095861340614483e+00 4.409900106499509798e-23 1.097766357519632093e-24 2.745908298849054854e-21
4.534176144047168400e+00 4.386122054273989898e-23 1.091421946207247373e-24 3.086298498837654875e-21
4.537256426753721428e+00 4.362171925540064834e-23 1.085935543086624975e-24 2.732982999930545221e-21
4.540336709460275344e+00 4.338708947422703792e-23 1.079802495015786498e-24 3.455181875952839002e-21
4.543416992166829260e+00 4.314989624834558383e-23 1.074019939330288540e-24 2.795289299427648272e-21
4.546497274873383176e+00 4.291911342653534279e-23 1.068349956204339414e-24 3.579436157923960023e-21
4.549577557579937093e+00 4.268548223546227952e-23 1.062344028385996787e-24 3.609029590878862274e-21
4.552657840286490121e+00 4.244938360309683485e-23 1.056866560924567741e-24 2.632879142603146400e-21
4.555738122993044037e+00 4.222498695977887784e-23 1.050794683772576305e-24 2.016453255785178774e-21
4.558818405699597953e+00 4.199251099531348459e-23 1.045504528403667826e-24 2.531757795761290838e-21
4.561898688406151869e+00 4.176668549559666820e-23 1.039500802810599442e-24 3.414197701090822294e-21
4.564978971112705786e+00 4.153674599109031988e-23 1.034021315391965899e-24 2.908296370862656271e-21
4.568059253819259702e+00 4.131364544979234933e-23 1.028375925818829913e-24 2.612840956424802925e-21
4.571139536525813618e+00 4.108772368962059844e-23 1.022840217648300725e-24 2.655252505310110973e-21
4.574219819232367534e+00 4.086501642387206325e-23 1.017374226331502565e-24 2.382718731021886691e-21
4.577300101938921451e+00 4.064226807416845717e-23 1.011482222537621127e-24 2.108592339719135545e-21
4.580380384645474479e+00 4.042054326987823691e-23 1.006504535020538495e-24 3.139541731942824347e-21
4.583460667352028395e+00 4.020217880227642835e-23 1.000545439455514484e-24 2.658922836623934302e-21
4.586540950058582311e+00 3.998012701628226382e-23 9.954944842136927743e-25 3.225335800237204404e-21
4.589621232765136227e+00 3.976687197230065113e-23 9.898417929145413978e-25 4.011133278996472551e-21
4.592701515471689255e+00 3.954657798628714494e-23 9.846240497027220052e-25 3.278518112747448261e-21
4.595781798178243172e+00 3.933044116558074580e-23 9.792011968234730076e-25 3.578969471826679405e-21
4.598862080884797088e+00 3.911943681840966148e-23 9.738556855456220697e-25 3.752514189517538750e-21
4.601942363591351004e+00 3.890064452651771618e-23 9.686023369714421290e-25 3.128435702361049926e-21
4.605022646297904920e+00 3.869187219614089162e-23 9.632142581528850179e-25 3.605981738351159762e-21
4.608102929004458836e+00 3.848122160670231998e-23 9.581504690790601877e-25 3.193212977748072067e-21
4.611183211711012753e+00 3.826928208884697879e-23 9.528265802546391083e-25 3.662665169282760232e-21
4.614263494417566669e+00 3.805919213934170209e-23 9.475733460757286454e-25 2.899598091127654089e-21
4.617343777124120585e+00 3.785288209275615219e-23 9.426903392072038637e-25 2.297899173280900516e-21
4.620424059830673613e+00 3.764457664256163491e-23 9.369877355950716294e-25 3.744597699862063037e-21
4.623504342537227529e+00 3.743962854633173091e-23 9.323359456581044719e-25 3.191793872630843760e-21
4.626584625243781446e+00 3.723295929094668303e-23 9.271728848607661264e-25 2.585535226678822590e-21
4.629664907950335362e+00 3.702947309682756803e-23 9.220230001175628213e-25 2.530391472798770739e-21
4.632745190656889278e+00 3.682779818723519198e-23 9.170564230252067099e-25 2.589638313570191758e-21
4.635825473363442306e+00 3.662389756601091121e-23 9.121445344739580598e-25 2.542627269395076574e-21
4.638905756069996222e+00 3.642461284671261811e-23 9.067360604293198909e-25 2.670491605858975871e-21
4.641986038776550139e+00 3.622297326072540198e-23 9.019912244576250322e-25 2.651571168222543494e-21
4.645066321483104055e+00 3.602596062209389122e-23 8.974757247930306650e-25 3.388976901770225835e-21
4.648146604189657971e+00 3.582498686420221859e-23 8.920095802697207802e-25 3.803011330547903516e-21
4.651226886896211887e+00 3.563207506742269900e-23 8.874129969559565000e-25 2.813259222755534638e-21
4.654307169602765804e+00 3.543301076647083590e-23 8.822879000153609180e-25 2.569696958671275629e-21
4.657387452309319720e+00 3.523911547353374504e-23 8.778331596613716497e-25 3.523480950762573184e-21
4.660467735015872748e+00 3.504412995040601901e-23 8.726972155660402109e-25 2.740199570352747771e-21
4.663548017722426664e+00 3.485305317648196545e-23 8.680198527564226779e-25 2.624869510580501095e-21
4.666628300428980580e+00 3.465892078282381741e-23 8.631139405339128676e-25 3.273039998184829423e-21
4.669708583135534496e+00 3.446925101648990219e-23 8.587529862802160877e-25 3.455713351473761834e-21
4.672788865842088413e+00 3.427772430122625059e-23 8.536037781238477346e-25 3.148310379185339239e-21
4.675869148548641441e+00 3.409008099474397445e-23 8.492182538193045718e-25 3.095658688620970820e-21
4.678949431255195357e+00 3.390093844393042054e-23 8.442383813976242446e-25 3.054508767379665807e-21
4.682029713961749273e+00 3.371241359601117744e-23 8.399997868444382951e-25 3.102880061840096279e-21
4.685109996668303189e+00 3.352681550608164057e-23 8.350391920959900020e-25 2.684987498612004251e-21
4.688190279374857106e+00 3.334344302967191315e-23 8.305338234807889127e-25 2.632183254828426618e-21
4.691270562081411022e+00 3.315829487957624834e-23 8.258611165923451819e-25 2.564365154507699100e-21
4.694350844787964938e+00 3.296968883102224412e-23 8.216296561168812983e-25 3.674372482799157202e-21
4.697431127494518854e+00 3.279233418831965609e-23 8.168205676525399651e-25 3.415290935818419875e-21
4.700511410201072771e+00 3.260983807278186678e-23 8.122923912956527904e-25 2.446868986512985828e-21
4.703591692907625799e+00 3.242782851610761820e-23 8.079236747113735976e-25 2.570539156701948272e-21
4.706671975614179715e+00 3.224752314944951799e-23 8.034271116435626076e-25 2.967868906917696679e-21
4.709752258320733631e+00 3.207080532669070433e-23 7.988783553220461914e-25 2.726652271711278434e-21
4.712832541027287547e+00 3.188766910022419738e-23 7.947567047260623778e-25 2.869030441616968778e-21
4.715912823733841464e+00 3.171528110547803629e-23 7.900506671545809585e-25 1.576545280400635547e-21
4.718993106440394492e+00 3.153664037960704924e-23 7.857639804317236746e-25 2.666217515566300235e-21
4.722073389146948408e+00 3.136052287362598816e-23 7.815091913084324576e-25 2.778202605696595847e-21
4.725153671853502324e+00 3.118874822788674900e-23 7.769649167656450926e-25 1.918759486579258153e-21
4.728233954560056240e+00 3.101164884237012671e-23 7.728039268406374430e-25 2.875264317529289547e-21
4.731314237266609268e+00 3.084027235487996156e-23 7.686123071498986752e-25 3.222897576246320358e-21
4.734394519973164073e+00 3.066725239298294318e-23 7.642288960551797180e-25 3.327212105654410631e-21
4.737474802679717989e+00 3.049767455373742305e-23 7.598834750706952739e-25 3.410563176770553818e-21
4.740555085386271905e+00 3.032543281728787703e-23 7.557913653625201887e-25 2.814492802373259845e-21
4.743635368092824933e+00 3.015654223892419488e-23 7.515429533735419338e-25 2.685865965635835236e-21
4.746715650799378849e+00 2.998904976700889222e-23 7.473262537676606401e-25 2.880177524248311099e-21
4.749795933505932766e+00 2.981797722646592821e-23 7.433073444957691255e-25 2.562027697488234359e-21
4.752876216212486682e+00 2.965587715685739666e-23 7.389905835210120321e-25 2.670519289559791825e-21
4.755956498919040598e+00 2.948291355199389584e-23 7.350080342606007030e-25 3.359443534289223607e-21
4.759036781625593626e+00 2.932319844841878958e-23 7.308519046155372585e-25 2.416139593117851977e-21
4.762117064332147542e+00 2.915713505121626798e-23 7.266870614195031208e-25 2.666766677412060153e-21
4.765197347038701459e+00 2.899183953075312122e-23 7.228189179644638493e-25 4.280032433519620241e-21
4.768277629745255375e+00 2.883141981042953175e-23 7.184903190269441690e-25 3.067101002354085794e-21
4.771357912451809291e+00 2.866631771465399242e-23 7.147197876495115514e-25 2.857192114078623553e-21
4.774438195158363207e+00 2.850860110299126904e-23 7.106539368959040447e-25 2.403767157651309099e-21
4.777518477864917124e+00 2.834485076357674876e-23 7.066009278548304086e-25 1.988762315210606057e-21
4.780598760571471040e+00 2.818668156551364401e-23 7.028394551362273637e-25 2.298878036069960398e-21
4.783679043278024956e+00 2.802642573842601807e-23 6.987306952104259817e-25 2.608381847832088193e-21
4.786759325984577984e+00 2.787011294809463916e-23 6.947621252167610441e-25 2.234862476931262998e-21
4.789839608691131900e+00 2.771173588302340221e-23 6.910351111038468390e-25 2.962882791972911891e-21
4.792919891397685817e+00 2.755379289510179410e-23 6.869470387374670949e-25 3.624833287655312147e-21
4.796000174104239733e+00 2.739918045725917766e-23 6.832490946546501799e-25 3.026625263786851171e-21
4.799080456810792761e+00 2.724581137466663300e-23 6.793394735739453115e-25 2.078214491087566929e-21
4.802160739517346677e+00 2.708816445342134317e-23 6.755433627801398353e-25 2.560742057481758735e-21
4.805241022223900593e+00 2.693775939701413517e-23 6.717195407731361313e-25 1.519654278023394313e-21
4.808321304930454509e+00 2.678319544160782385e-23 6.679822227547456409e-25 2.180797960918501092e-21
4.811401587637008426e+00 2.663067390081584803e-23 6.640718426220062087e-25 3.006425440516491267e-21
4.814481870343561454e+00 2.648184041448091547e-23 6.605187050580393392e-25 3.355741821107089668e-21
4.817562153050116258e+00 2.632690621306486227e-23 6.565783581857409323e-25 3.482056126789275812e-21
4.820642435756670174e+00 2.618090521208506109e-23 6.530157430165484722e-25 2.503073785946443412e-21
4.823722718463224091e+00 2.603139201382560575e-23 6.493091944504875383e-25 2.255313998175769496e-21
4.826803001169777119e+00 2.588136907505389724e-23 6.455647402719065672e-25 2.258784005253857959e-21
4.829883283876331035e+00 2.573571306878701422e-23 6.419917743332136679e-25 2.110054881827194311e-21
4.832963566582884951e+00 2.558724576219804527e-23 6.382750085978298992e-25 3.461488359688123212e-21
4.836043849289438867e+00 2.544262815204637763e-23 6.347206975377635234e-25 4.048038812990169592e-21
4.839124131995992784e+00 2.529576937273285569e-23 6.311855381245545254e-25 3.110970202556865805e-21
4.842204414702545812e+00 2.515176096755634085e-23 6.272633573882873972e-25 2.737161741211107883e-21
4.845284697409099728e+00 2.500708348377207111e-23 6.239361631763784259e-25 3.139647306116243056e-21
4.848364980115653644e+00 2.486490867856190999e-23 6.205844237167307492e-25 3.062893052060720498e-21
4.851445262822207560e+00 2.472186248228940830e-23 6.166689255213244132e-25 2.854413590133273536e-21
4.854525545528761477e+00 2.457904188555033126e-23 6.134654238216453786e-25 3.133488714319362098e-21
4.857605828235315393e+00 2.443868187358965838e-23 6.097116740602115097e-25 2.463868417299654880e-21
4.860686110941869309e+00 2.429868163470731678e-23 6.064593545749274996e-25 2.723435791642194549e-21
4.863766393648423225e+00 2.415763744105885432e-23 6.028829151173566198e-25 3.338797924418625048e-21
4.866846676354976253e+00 2.401999556508676736e-23 5.993549706289015004e-25 3.483693291044315418e-21
4.869926959061530169e+00 2.387936607628964616e-23 5.959696460369977853e-25 2.948586326274772967e-21
4.873007241768084086e+00 2.374487519203613427e-23 5.927694322247775687e-25 2.806030071029111118e-21
4.876087524474638002e+00 2.360504590428072107e-23 5.890144545168403123e-25 3.543911755706924011e-21
4.879167807181191918e+00 2.346942086199953016e-23 5.860461334359327868e-25 3.845509639440358345e-21
4.882248089887744946e+00 2.333275083255567907e-23 5.823852285431390970e-25 3.397344230294202153e-21
4.885328372594298862e+00 2.320055639790652049e-23 5.790229892289243560e-25 2.447182495433376812e-21
4.888408655300852779e+00 2.306344364172561810e-23 5.758706058241474240e-25 2.794010699970029335e-21
4.891488938007406695e+00 2.293048529544975629e-23 5.724249787151878365e-25 2.512213632634764545e-21
4.894569220713960611e+00 2.279761760626944175e-23 5.692777172024216539e-25 3.577631100597868135e-21
4.897649503420513639e+00 2.266393234000077740e-23 5.657358799619946710e-25 3.705884105532069946e-21
4.900729786127068444e+00 2.253446123201830241e-23 5.628045294772774793e-25 3.240420328618494188e-21
4.903810068833622360e+00 2.240090708317043984e-23 5.592221955466898974e-25 3.174067218268248073e-21
4.906890351540176276e+00 2.227192918331983374e-23 5.561831817208340410e-25 2.732624825161167630e-21
4.909970634246729304e+00 2.214182528115208429e-23 5.530252448701124237e-25 2.555425508589792721e-21
4.913050916953283220e+00 2.201260930696947255e-23 5.496564339330285912e-25 3.455585730213160994e-21
4.916131199659837137e+00 2.188294298842367608e-23 5.466196881267481454e-25 3.383223377214790206e-21
4.919211482366391053e+00 2.175625715124300026e-23 5.434175736060670155e-25 2.274365523638790725e-21
4.922291765072944969e+00 2.162858067122174397e-23 5.401023328485499965e-25 2.293309758251521229e-21
4.925372047779497997e+00 2.150140194980799542e-23 5.372825044407350943e-25 2.862481342538116238e-21
4.928452330486051913e+00 2.137650191547101260e-23 5.337235688599345986e-25 3.224522230897363713e-21
4.931532613192605830e+00 2.124938814025944893e-23 5.309972436091369355e-25 2.885618870988337065e-21
4.934612895899159746e+00 2.112620118004775407e-23 5.277456623736845780e-25 3.438373469806942402e-21
4.937693178605712774e+00 2.100049209013035980e-23 5.247260269107283289e-25 2.774614321923687499e-21
4.940773461312266690e+00 2.087777566521033111e-23 5.215860497333141663e-25 2.939276038089610115e-21
4.943853744018821494e+00 2.075405217200797023e-23 5.186660081694321794e-25 2.794326100015997699e-21
4.946934026725375411e+00 2.063231095760174140e-23 5.154666917415454337e-25 3.570343927725502335e-21
4.950014309431928439e+00 2.050913853756495412e-23 5.125518457069086619e-25 3.624756130361773172e-21
4.953094592138482355e+00 2.039086737388772868e-23 5.095692908585528650e-25 4.073035794283972746e-21
4.956174874845036271e+00 2.026689793471520107e-23 5.065930564087710110e-25 3.402655045334714791e-21
4.959255157551590187e+00 2.014837233959833798e-23 5.034936324246519405e-25 3.586585714849862866e-21
4.962335440258144104e+00 2.002857607667502795e-23 5.005654664964627374e-25 3.534179110693745747e-21
4.965415722964697132e+00 1.991049040320307859e-23 4.978456751475827655e-25 4.047119966762016097e-21
4.968496005671251048e+00 1.979182407446431987e-23 4.946975786774023673e-25 2.949480203452229180e-21
4.971576288377804964e+00 1.967275532314142585e-23 4.917807375591210204e-25 2.889178671985632759e-21
4.974656571084358880e+00 1.955697023775427105e-23 4.888899970290644515e-25 2.877644733730289417e-21
4.977736853790912797e+00 1.944049713141045470e-23 4.861938759555189974e-25 3.059819745338393519e-21
4.980817136497465825e+00 1.932405325818399912e-23 4.831768661240200971e-25 2.912752446878866985e-21
4.983897419204020629e+00 1.920866503519498726e-23 4.801777863179715167e-25 2.876764919616223966e-21
4.986977701910574545e+00 1.909312500278259731e-23 4.776117841593050876e-25 3.016521703101806650e-21
4.990057984617128461e+00 1.898077885586118702e-23 4.745346215822878249e-25 3.940459592544295397e-21
4.993138267323681490e+00 1.886548627684404621e-23 4.718207736117759235e-25 4.091240140748504679e-21
4.996218550030235406e+00 1.875218328882124657e-23 4.691636214786933018e-25 3.800055148776283030e-21
4.999298832736789322e+00 1.864092950272093743e-23 4.661896940205265390e-25 3.265111975173641136e-21
5.002379115443343238e+00 1.852604960581220169e-23 4.634473708597092066e-25 3.211538611396482714e-21
5.005459398149896266e+00 1.841760952446705388e-23 4.607702427059716435e-25 2.995785564046131047e-21
5.008539680856450182e+00 1.830465343206594959e-23 4.578674164352301760e-25 3.219873654842507330e-21
5.011619963563004099e+00 1.819544574249886976e-23 4.552587420420655735e-25 2.888214305204542993e-21
5.014700246269558015e+00 1.808463963005178989e-23 4.525261507403179491e-25 2.875118544757383264e-21
5.017780528976111931e+00 1.797553709223200385e-23 4.498188370935597132e-25 3.191152482459124150e-21
5.020860811682664959e+00 1.786737575499933907e-23 4.470795053668144488e-25 2.904691953647491211e-21
5.023941094389218875e+00 1.775863300307385546e-23 4.443505985547543919e-25 2.948951795413493700e-21
5.027021377095773680e+00 1.764968593966633978e-23 4.419228456989191397e-25 2.439457333299468477e-21
5.030101659802327596e+00 1.754362542249108659e-23 4.390672453739274450e-25 2.470024017657391381e-21
5.033181942508880624e+00 1.743761944075426038e-23 4.364164605919853788e-25 3.901173770621948708e-21
5.036262225215434540e+00 1.733026830225082642e-23 4.338166009349810640e-25 4.142064517673321207e-21
5.039342507921988457e+00 1.722443793811251915e-23 4.313023776416236841e-25 3.645813886150334060e-21
5.042422790628542373e+00 1.712043432351213439e-23 4.286640470881687670e-25 2.798980295742709992e-21
5.045503073335096289e+00 1.701436976958042089e-23 4.258889297428331467e-25 2.532620272938111078e-21
5.048583356041649317e+00 1.691113260605422181e-23 4.235994896553218302e-25 2.792202494314266186e-21
5.051663638748203233e+00 1.680750517844900316e-23 4.207370153997329626e-25 2.674758073805424879e-21
5.054743921454757150e+00 1.670434008525215411e-23 4.183985566944950832e-25 3.101369460672789910e-21
5.057824204161311066e+00 1.660133352631998395e-23 4.158589593982536151e-25 2.646580379324810678e-21
5.060904486867864982e+00 1.649902504259680982e-23 4.131776483802291770e-25 3.703379878110647489e-21
5.063984769574418010e+00 1.639892716079676376e-23 4.108902333745251982e-25 3.190473448001706245e-21
5.067065052280971926e+00 1.629635074539115490e-23 4.082084459731684193e-25 2.612450560421202299e-21
5.070145334987526731e+00 1.619635938011150622e-23 4.057747807356409285e-25 2.504223551435709632e-21
5.073225617694079759e+00 1.609561108838287746e-23 4.032717234199650660e-25 2.696049891576111927e-21
5.076305900400633675e+00 1.599728518600108641e-23 4.008553199462501554e-25 3.324699485949728738e-21
5.079386183107187591e+00 1.589697499860217932e-23 3.983814995589721899e-25 2.702057568589481239e-21
5.082466465813741507e+00 1.579827984086100259e-23 3.959327137215699141e-25 2.906438082794192591e-21
5.085546748520295424e+00 1.570024205308226054e-23 3.934947567931181274e-25 2.633648563902932197e-21
5.088627031226848452e+00 1.560367977465579314e-23 3.911218659548802067e-25 2.955880950076739186e-21
5.091707313933402368e+00 1.550574975682015401e-23 3.887616644635140455e-25 2.657710361057932317e-21
5.094787596639956284e+00 1.540812074550830517e-23 3.861263367579619020e-25 2.957766779072525783e-21
5.097867879346510200e+00 1.531251451599660151e-23 3.839873814688046667e-25 2.725720408624639512e-21
5.100948162053064117e+00 1.521727672779517042e-23 3.815488860192327621e-25 3.139363077645800403e-21
5.104028444759617145e+00 1.512177908609199868e-23 3.792097435641596109e-25 3.773896196844082397e-21
5.107108727466171061e+00 1.502598134677194182e-23 3.768307704351376892e-25 3.458312568706949759e-21
5.110189010172725865e+00 1.493302838464111533e-23 3.745137881291222748e-25 4.062679793789653176e-21
5.113269292879279782e+00 1.483776176149625538e-23 3.721667567672138427e-25 3.084692065093941792e-21
5.116349575585832810e+00 1.474531302656130314e-23 3.699073060917198675e-25 2.306925148000489813e-21
5.119429858292386726e+00 1.465163431920829069e-23 3.675431231308745596e-25 2.183553490982700606e-21
5.122510140998940642e+00 1.455878544964238170e-23 3.652375911466439434e-25 2.386431295809914609e-21
5.125590423705494558e+00 1.446873265645902021e-23 3.631292063255824956e-25 2.778119151340880901e-21
5.128670706412048474e+00 1.437475861382739090e-23 3.606428252769124833e-25 2.589293968496989536e-21
5.131750989118601503e+00 1.428500245353904936e-23 3.585569818361294296e-25 2.659802417843525680e-21
5.134831271825155419e+00 1.419419089736637321e-23 3.561422491122985710e-25 2.315231620114779821e-21
5.137911554531709335e+00 1.410237492578834516e-23 3.541351030681358550e-25 2.657199668808801159e-21
5.140991837238263251e+00 1.401418046672387418e-23 3.517320875408585065e-25 3.852764191552878956e-21
5.144072119944816279e+00 1.392436292824398841e-23 3.495800808600408729e-25 2.569725349165999009e-21
5.147152402651370195e+00 1.383533081859566797e-23 3.473338795469538048e-25 2.562503747225080551e-21
5.150232685357924112e+00 1.374639785736977178e-23 3.452785724322301061e-25 3.386692485001625558e-21
5.153312968064478916e+00 1.365976130211916246e-23 3.429449858297562900e-25 3.461694537971615629e-21
5.156393250771031944e+00 1.356963349921603806e-23 3.408824438068840702e-25 2.537231221887626164e-21
5.159473533477585860e+00 1.348501931412379163e-23 3.387820595142817878e-25 2.484030099600088054e-21
5.162553816184139777e+00 1.339621737145673355e-23 3.363416939238799707e-25 3.808151755553230159e-21
5.165634098890693693e+00 1.331181457954457721e-23 3.344278475323152676e-25 2.126298927991725167e-21
5.168714381597247609e+00 1.322358009728865428e-23 3.324214394462375266e-25 1.865227673684922798e-21
5.171794664303800637e+00 1.313951771175688325e-23 3.300063494370812389e-25 2.852928165218062834e-21
5.174874947010354553e+00 1.305475713599969363e-23 3.282377193790301521e-25 2.736508082215169844e-21
5.177955229716908470e+00 1.296946014585613967e-23 3.258879660379205113e-25 2.753844929762329000e-21
5.181035512423462386e+00 1.288515454306349531e-23 3.239000888520234009e-25 2.598110569467090764e-21
5.184115795130016302e+00 1.280171934529871952e-23 3.217471941457529099e-25 3.101421927407268608e-21
5.187196077836569330e+00 1.271771823429601730e-23 3.198722060308692673e-25 2.958847695079606700e-21
5.190276360543123246e+00 1.263528720933067837e-23 3.177401848260267196e-25 3.052162731738226387e-21
5.193356643249677163e+00 1.255231800367109104e-23 3.154714663889741920e-25 2.460401684100094254e-21
5.196436925956231967e+00 1.247041083841817711e-23 3.137106961502088985e-25 3.283904953374785698e-21
5.199517208662784995e+00 1.238860665155705608e-23 3.116154385731103954e-25 3.400379632212030753e-21
5.202597491369338911e+00 1.230707801306894341e-23 3.096543472652870145e-25 2.506758432357527210e-21
5.205677774075892827e+00 1.222634840094036342e-23 3.074856925572493393e-25 3.943911227708288281e-21
5.208758056782446744e+00 1.214521079585323041e-23 3.057004494941491407e-25 4.550066475691979088e-21
5.211838339488999772e+00 1.206615518610378148e-23 3.035225558288098690e-25 3.684281693973172614e-21
5.214918622195553688e+00 1.198512540250148616e-23 3.017041865079983697e-25 3.405070253818940452e-21
5.217998904902107604e+00 1.190695248142691290e-23 2.996748106104255278e-25 2.991441411374735343e-21
5.221079187608661520e+00 1.182688287264934017e-23 2.977444059570426246e-25 2.526227179844594071e-21
5.224159470315215437e+00 1.174919373556969471e-23 2.957893876958252119e-25 2.876349195391071613e-21
5.227239753021768465e+00 1.167040497210161098e-23 2.938284775886567233e-25 2.639665493205861313e-21
5.230320035728322381e+00 1.159295055464956838e-23 2.920130869435900813e-25 2.334731394880980346e-21
5.233400318434876297e+00 1.151502809751982334e-23 2.898912162134240524e-25 2.877663463249351193e-21
5.236480601141431102e+00 1.143908041218261472e-23 2.882803616813856633e-25 3.270467736841838380e-21
5.239560883847984130e+00 1.136147080590004195e-23 2.862014989792097489e-25 2.941722815306260961e-21
5.242641166554538046e+00 1.128537301269554156e-23 2.842455003579344805e-25 3.245583051590758022e-21
5.245721449261091962e+00 1.120936288025234923e-23 2.825001631280260680e-25 3.235954671519793197e-21
5.248801731967645878e+00 1.113486811842518212e-23 2.806216523996524250e-25 2.162648384730237310e-21
5.251882014674199795e+00 1.105893836933989636e-23 2.787202948225030413e-25 2.816914052335872182e-21
5.254962297380752823e+00 1.098351053971702483e-23 2.769172584600049345e-25 3.584087086586874177e-21
5.258042580087306739e+00 1.091003053705800388e-23 2.750523425323627027e-25 3.721943810832635394e-21
5.261122862793860655e+00 1.083637350101082328e-23 2.732149201804257871e-25 2.911587800726201241e-21
5.264203145500414571e+00 1.076220295710472357e-23 2.714188219622068633e-25 2.719413143355946215e-21
5.267283428206968487e+00 1.068872939294382500e-23 2.695907323343863698e-25 3.460982051028315313e-21
5.270363710913521516e+00 1.061534444317938150e-23 2.677867693203744313e-25 3.057294545155992207e-21
5.273443993620075432e+00 1.054498159305323025e-23 2.660298567103958196e-25 3.090826464743886731e-21
5.276524276326629348e+00 1.047066342599409872e-23 2.643136167402451132e-25 3.148776270674838236e-21
5.279604559033183264e+00 1.039998723088463314e-23 2.622521524455248735e-25 2.704871813310176844e-21
5.282684841739737180e+00 1.032758633135332235e-23 2.608071569929178539e-25 4.195475395923441838e-21
5.285765124446291097e+00 1.025777990823380467e-23 2.588427877852402128e-25 3.295296883626574288e-21
5.288845407152845013e+00 1.018540639322677681e-23 2.571827663784411827e-25 3.645180138805153024e-21
5.291925689859398929e+00 1.011742089715167886e-23 2.555156552494794281e-25 3.109680650174266604e-21
5.295005972565951957e+00 1.004513166089610234e-23 2.536433420966762726e-25 2.550846656270831078e-21
5.298086255272505873e+00 9.976564808522348568e-24 2.520520970125491705e-25 2.079484881786401368e-21
5.301166537979059790e+00 9.907741376013294150e-24 2.502149153223622223e-25 2.769419053839862157e-21
5.304246820685613706e+00 9.836431885823479707e-24 2.486152934764913678e-25 3.244632860405037336e-21
5.307327103392167622e+00 9.770055983160362047e-24 2.468872280376844610e-25 3.253090191915127677e-21
5.310407386098720650e+00 9.701716969387285797e-24 2.451362554488252278e-25 3.006671089466995192e-21
5.313487668805274566e+00 9.632445750841418009e-24 2.435340289174723995e-25 3.046001365208036173e-21
5.316567951511828483e+00 9.566648485504645408e-24 2.418277359573849899e-25 3.169250793907226763e-21
5.319648234218382399e+00 9.498349160002168373e-24 2.401820016562299439e-25 2.521148010788749908e-21
5.322728516924936315e+00 9.431043519213141572e-24 2.385464326895598829e-25 1.991923973292905071e-21
5.325808799631490231e+00 9.365264698510110332e-24 2.368555174516379709e-25 2.744772000416449166e-21
5.328889082338044147e+00 9.299013050531633219e-24 2.352768850839838207e-25 2.620933379741808168e-21
5.331969365044598064e+00 9.233384569956400566e-24 2.336523259518246725e-25 2.538270991122255373e-21
5.335049647751151092e+00 9.166305890619547524e-24 2.319172156579145862e-25 3.346845361329740089e-21
5.338129930457705008e+00 9.102131241819184483e-24 2.304344787502350701e-25 3.594513464405159723e-21
5.341210213164258924e+00 9.038702989265052769e-24 2.287831965780380153e-25 2.747462966364798243e-21
5.344290495870812840e+00 8.972170208834631043e-24 2.271632076457757206e-25 2.292145234431470744e-21
5.347370778577366757e+00 8.908472410535114554e-24 2.256555155369219070e-25 3.409657152444185454e-21
5.350451061283919785e+00 8.845037358017573224e-24 2.239680488399329161e-25 2.717781914717791011e-21
5.353531343990473701e+00 8.780712047346034202e-24 2.225373709425035558e-25 2.551110667410202449e-21
5.356611626697027617e+00 8.718323084277647919e-24 2.208018952965927088e-25 3.169059608968651996e-21
5.359691909403581533e+00 8.654604302068595915e-24 2.194423097120259373e-25 2.871125850322375468e-21
5.362772192110135450e+00 8.592855317584984780e-24 2.177726282464527959e-25 2.416149232138055531e-21
5.365852474816689366e+00 8.529783331629679408e-24 2.162119761954521080e-25 2.261852517232791623e-21
5.368932757523243282e+00 8.468246012205448899e-24 2.147808481866119333e-25 2.881153236204628381e-21
5.372013040229797198e+00 8.406994962734438248e-24 2.131613373312446546e-25 3.046483872399479483e-21
5.375093322936351115e+00 8.345221323305540309e-24 2.117131677823502686e-25 3.028652642664334246e-21
5.378173605642904143e+00 8.284008924368205580e-24 2.101749391931389564e-25 3.068615014844090285e-21
5.381253888349458059e+00 8.223386330959464787e-24 2.086409044245127014e-25 2.775045627932393298e-21
5.384334171056011975e+00 8.164068690160058499e-24 2.072888443583043110e-25 2.690381128973122589e-21
5.387414453762565891e+00 8.102896560878230733e-24 2.056780617028145743e-25 2.295228572169891864e-21
5.390494736469119808e+00 8.043371166496600405e-24 2.042227005025486154e-25 2.556469798856899095e-21
5.393575019175672836e+00 7.984102473017329192e-24 2.027747368405746123e-25 3.330287334772563310e-21
5.396655301882226752e+00 7.924933084769018862e-24 2.012991981221844371e-25 3.040709224778476445e-21
5.399735584588780668e+00 7.866587940484624141e-24 1.998604036128591396e-25 2.625027530706058237e-21
5.402815867295334584e+00 7.806550605635073609e-24 1.984198804681987074e-25 2.545241925704273338e-21
5.405896150001888500e+00 7.749457119729835978e-24 1.969700422194299791e-25 2.826006712315691918e-21
5.408976432708442417e+00 7.692499176104290484e-24 1.955410681178027203e-25 2.453283230242674848e-21
5.412056715414996333e+00 7.633333710369186106e-24 1.940969377509084213e-25 3.008371310921925479e-21
5.415136998121550249e+00 7.576708923952259182e-24 1.927362286775402118e-25 3.831641646447519075e-21
5.418217280828103277e+00 7.519276881075317617e-24 1.912345123183468053e-25 3.082589388555174960e-21
5.421297563534657193e+00 7.463423269580635401e-24 1.900019588283304930e-25 1.893849235193148843e-21
5.424377846241211110e+00 7.406087011442413702e-24 1.884738769943970117e-25 2.455434423778841677e-21
5.427458128947765026e+00 7.350664367332779895e-24 1.870771160784047644e-25 2.287342334888376839e-21
5.430538411654318942e+00 7.293859720570492437e-24 1.858015868276688372e-25 2.646184827267868013e-21
5.433618694360871970e+00 7.240093225150082182e-24 1.842963361934648636e-25 2.132019232890881720e-21
5.436698977067425886e+00 7.183662529883068838e-24 1.830296028858852924e-25 2.614700899554885813e-21
5.439779259773979803e+00 7.128292873576331352e-24 1.816501281557933394e-25 2.950647053604010794e-21
5.442859542480533719e+00 7.074593507217234777e-24 1.802967478813809525e-25 3.983049131134314933e-21
5.445939825187087635e+00 7.019673104231065378e-24 1.789830144008587119e-25 2.707347185296450005e-21
5.449020107893641551e+00 6.965907727818097223e-24 1.775932903461221570e-25 2.722823621949991747e-21
5.452100390600195468e+00 6.911971909137453542e-24 1.763063058290323230e-25 3.763990836145856864e-21
5.455180673306749384e+00 6.859173162407367025e-24 1.749821105438409005e-25 3.523654295482025123e-21
5.458260956013303300e+00 6.804190270136106517e-24 1.736307353691610912e-25 2.941106059135865304e-21
5.461341238719856328e+00 6.752978078458018729e-24 1.723427615681521610e-25 3.526336115484336312e-21
5.464421521426410244e+00 6.699579348247577687e-24 1.711004568071285257e-25 3.212153966557682503e-21
5.467501804132964160e+00 6.647646023411119357e-24 1.696884106065157937e-25 3.194739619338336433e-21
5.470582086839518077e+00 6.594824645172021122e-24 1.685564204007300480e-25 2.791157696512915017e-21
5.473662369546071105e+00 6.544349490378854472e-24 1.671338531921942551e-25 2.599157908401469307e-21
5.476742652252625021e+00 6.490631589465532919e-24 1.659435388988214150e-25 3.089353728865620394e-21
5.479822934959178937e+00 6.441245015419427326e-24 1.646676626217916343e-25 3.614049505548903352e-21
5.482903217665732853e+00 6.389925408929844200e-24 1.633587965081767454e-25 3.126579715878141322e-21
5.485983500372286770e+00 6.337944322583665103e-24 1.621977410274424878e-25 3.033268222350884301e-21
5.489063783078840686e+00 6.290131796240439590e-24 1.608318430911449311e-25 2.725233857732232150e-21
5.492144065785394602e+00 6.237122012459013046e-24 1.597673192680556272e-25 3.255132837290240090e-21
5.495224348491948518e+00 6.189584020874691762e-24 1.582832382439364883e-25 3.228764553491764934e-21
5.498304631198502435e+00 6.138394416423193314e-24 1.572084723659425879e-25 2.641131050182343862e-21
5.501384913905055463e+00 6.089290413130121598e-24 1.560922266815778322e-25 2.827300585024464064e-21
5.504465196611609379e+00 6.040526653785161659e-24 1.547229509220160289e-25 2.828401250993975238e-21
5.507545479318163295e+00 5.991735734043087615e-24 1.535843775404600683e-25 3.364026149542464292e-21
5.510625762024717211e+00 5.942635426324943508e-24 1.523780075042613122e-25 4.142226848064433369e-21
5.513706044731271128e+00 5.895537114058975683e-24 1.511414089307194449e-25 3.309854845591010814e-21
5.516786327437824156e+00 5.846220573944282372e-24 1.499593229969465296e-25 2.146567238776324299e-21
5.519866610144378072e+00 5.799314517039442912e-24 1.489027754626826653e-25 2.402699440646557080e-21
5.522946892850931988e+00 5.752232252599683840e-24 1.476451958637300570e-25 3.293476593190326950e-21
5.526027175557485904e+00 5.702562767441981131e-24 1.463835155246922919e-25 2.660453792991521059e-21
5.529107458264039821e+00 5.658517059451851654e-24 1.454326943712982253e-25 2.875841324101801660e-21
5.532187740970593737e+00 5.609845206276462694e-24 1.440152811774147824e-25 2.771480627396251434e-21
5.535268023677147653e+00 5.564295847716174137e-24 1.431157927118176235e-25 2.816045918301573508e-21
5.538348306383701569e+00 5.518289981145199877e-24 1.418203715256008225e-25 2.824370503314712583e-21
5.541428589090254597e+00 5.471238146960936253e-24 1.408041893457614595e-25 2.922829030230520461e-21
5.544508871796808513e+00 5.427337303095158987e-24 1.395203488594034852e-25 3.141770983398989115e-21
5.547589154503362430e+00 5.379975076228731964e-24 1.385743550596874454e-25 3.053589503548882996e-21
5.550669437209916346e+00 5.336267788890666441e-24 1.373066221352713672e-25 3.252513983005513022e-21
5.553749719916470262e+00 5.290619919600268444e-24 1.362680257697374911e-25 3.007147779856517749e-21
5.556830002623023290e+00 5.245771978064798735e-24 1.352174779012555972e-25 2.367038930213225815e-21
5.559910285329577206e+00 5.201156524231107681e-24 1.339927057140991018e-25 3.492478657011185704e-21
5.562990568036131123e+00 5.158514311475527669e-24 1.330629439504818468e-25 2.781517870059573168e-21
5.566070850742685039e+00 5.113386739955315441e-24 1.318633151233300214e-25 2.303948741382167521e-21
5.569151133449238955e+00 5.069067967803366380e-24 1.307832175578842060e-25 2.446800548321538256e-21
5.572231416155791983e+00 5.027074451689483165e-24 1.297302861332626345e-25 3.001261148395544051e-21
5.575311698862346788e+00 4.982503701524537557e-24 1.287186936249455548e-25 3.700497390772781505e-21
5.578391981568900704e+00 4.940952965674381633e-24 1.276008323206653459e-25 3.524498210896861535e-21
5.581472264275454620e+00 4.896762246485885492e-24 1.265497590330288008e-25 3.489117725413768550e-21
5.584552546982007648e+00 4.855284993661862420e-24 1.255421782825592624e-25 2.730647832221903492e-21
5.587632829688561564e+00 4.813179750670525889e-24 1.244226204511383725e-25 2.138756528562938559e-21
5.590713112395115481e+00 4.770896801555257877e-24 1.234417687531398941e-25 2.311363327570965910e-21
5.593793395101669397e+00 4.728869499837770579e-24 1.224352033424234795e-25 2.665478600340404761e-21
5.596873677808223313e+00 4.688078377109039799e-24 1.213757338152397027e-25 1.885780086078974945e-21
5.599953960514776341e+00 4.645860139878903397e-24 1.203352080149901119e-25 1.972921892955991564e-21
5.603034243221330257e+00 4.605483423141104446e-24 1.193784224522409170e-25 3.103698157992356346e-21
5.606114525927884173e+00 4.564835270933185441e-24 1.183098519391485733e-25 2.953163335257569732e-21
5.609194808634438090e+00 4.524327843337076473e-24 1.173760357239270902e-25 3.105401004016901525e-21
5.612275091340991118e+00 4.482974783681131425e-24 1.163225331819067516e-25 2.505727213181774310e-21
5.615355374047545922e+00 4.443733455112334384e-24 1.153498665239225663e-25 3.641063328383355783e-21
5.618435656754099838e+00 4.404373867565696742e-24 1.144193668418457687e-25 1.901800244271131079e-21
5.621515939460653755e+00 4.364568552762617865e-24 1.133948472591359663e-25 2.087034306666957948e-21
5.624596222167206783e+00 4.323588881912520111e-24 1.123785163018060878e-25 2.708556335032842233e-21
5.627676504873760699e+00 4.286437136335912628e-24 1.114857910072779273e-25 2.698025993890875411e-21
5.630756787580314615e+00 4.246665167427328444e-24 1.104951140661066492e-25 2.536291269279973466e-21
5.633837070286868531e+00 4.207792869665431620e-24 1.095913358267135560e-25 2.991420316292801004e-21
5.636917352993422448e+00 4.170259714197354049e-24 1.085085927448117663e-25 3.033040157723000814e-21
5.639997635699975476e+00 4.131222724583300452e-24 1.076977600131520436e-25 2.381793878509403256e-21
5.643077918406529392e+00 4.093163800500533486e-24 1.067109031777555431e-25 2.513562413937831609e-21
5.646158201113083308e+00 4.056044961207969077e-24 1.057710269054658351e-25 2.643957519334465097e-21
5.649238483819637224e+00 4.017514902676547302e-24 1.048791400987823078e-25 2.367441014041424827e-21
5.652318766526191141e+00 3.980906000464091915e-24 1.039463517454501126e-25 2.362121957830327281e-21
5.655399049232744169e+00 3.944019078640790866e-24 1.029835618379370375e-25 2.430692084804291005e-21
5.658479331939298973e+00 3.906817694395625295e-24 1.021325287184313998e-25 2.755026587596959543e-21
5.661559614645852889e+00 3.869629418654143333e-24 1.011829469119780572e-25 3.824944488198538399e-21
5.664639897352406805e+00 3.833930246203615852e-24 1.003351498638047322e-25 3.628576289668874206e-21
5.667720180058959834e+00 3.797755083568486381e-24 9.938477782708739530e-26 2.709607619769093465e-21
5.670800462765513750e+00 3.760928884532579428e-24 9.853049525304469330e-26 2.674536717665038854e-21
5.673880745472067666e+00 3.726641089459213650e-24 9.765345099555474196e-26 2.346572135039665098e-21
5.676961028178621582e+00 3.689475984352222959e-24 9.674310864146147964e-26 2.963656166715685395e-21
5.680041310885174610e+00 3.655441692358915521e-24 9.592681473837587247e-26 3.364060262055847840e-21
5.683121593591728526e+00 3.619284851186167168e-24 9.502747741247285854e-26 2.411250500410740453e-21
5.686201876298282443e+00 3.585188894205323436e-24 9.413914703835992979e-26 2.045093727820961197e-21
5.689282159004836359e+00 3.550218812804529640e-24 9.328929883914871369e-26 2.813490174026744678e-21
5.692362441711390275e+00 3.515460683477713006e-24 9.251736869001678386e-26 3.634423581093692841e-21
5.695442724417943303e+00 3.481551935035308031e-24 9.155420615871357625e-26 3.006200018821368104e-21
5.698523007124497219e+00 3.447566086226352634e-24 9.084325819831594746e-26 3.108101713318445893e-21
5.701603289831052024e+00 3.413402727710028873e-24 8.992145481088108395e-26 3.352080700761993920e-21
5.704683572537605940e+00 3.380197914097089817e-24 8.908522283612047139e-26 2.131459424489316948e-21
5.707763855244158968e+00 3.346570555310194813e-24 8.829510196562786770e-26 2.361725015695369136e-21
5.710844137950712884e+00 3.313486387088439922e-24 8.747698869669485120e-26 2.895135558746761609e-21
5.713924420657266801e+00 3.280264676238075585e-24 8.664822143063025873e-26 3.350563505476425074e-21
5.717004703363820717e+00 3.248061210378593346e-24 8.585386187515664965e-26 2.751417945633594545e-21
5.720084986070374633e+00 3.214825019804880547e-24 8.504280737126107791e-26 3.008372983531330375e-21
5.723165268776927661e+00 3.183038412475705897e-24 8.424058426282462261e-26 2.664857630537714824e-21
5.726245551483481577e+00 3.150765708683270174e-24 8.345370496221495373e-26 2.794430227236195367e-21
5.729325834190035494e+00 3.118461886849320313e-24 8.267755870871979200e-26 3.072569742907141177e-21
5.732406116896589410e+00 3.087018179686142173e-24 8.189684840944100280e-26 3.493234191553843278e-21
5.735486399603143326e+00 3.055616387976376841e-24 8.105582311170879360e-26 2.900122406017303969e-21
5.738566682309696354e+00 3.024198153872372493e-24 8.035430285491475689e-26 3.142881793356212900e-21
5.741646965016251158e+00 2.993101560339015328e-24 7.957499096613733402e-26 4.187749431157864682e-21
5.744727247722805075e+00 2.962150337080231466e-24 7.877789497917870188e-26 3.433220908347675459e-21
5.747807530429358103e+00 2.931502307781307110e-24 7.808398323240584866e-26 2.980630839629440729e-21
5.750887813135912019e+00 2.900988804576856042e-24 7.728386628250447903e-26 2.911734283189717610e-21
5.753968095842465935e+00 2.870869247721686851e-24 7.652763027158211202e-26 2.420682867739720298e-21
5.757048378549019851e+00 2.840295517714537873e-24 7.577392572171414491e-26 1.933023454587843079e-21
5.760128661255573768e+00 2.811146048278943443e-24 7.514595790409311073e-26 2.882282351928256169e-21
5.763208943962126796e+00 2.780551145829217389e-24 7.428806649723552582e-26 3.356988718926293957e-21
5.766289226668680712e+00 2.752173631188705412e-24 7.362228690877111984e-26 3.288248740000359660e-21
5.769369509375234628e+00 2.721922818853757343e-24 7.285256142228221198e-26 3.812873256136878354e-21
5.772449792081788544e+00 2.693289327670540059e-24 7.221723499230510727e-26 3.632575849015015333e-21
5.775530074788342461e+00 2.664117896410791334e-24 7.142494483969288349e-26 3.331686472571870113e-21
5.778610357494895489e+00 2.635880512976638497e-24 7.075018939742106497e-26 2.386051563934137389e-21
5.781690640201449405e+00 2.606660750071732277e-24 7.001943762956349411e-26 2.903019028907560200e-21
5.784770922908004209e+00 2.579483179203465099e-24 6.939380799538851893e-26 3.076180029343543481e-21
5.787851205614558125e+00 2.550234622070143787e-24 6.860535769548828839e-26 2.444634584842218517e-21
5.790931488321111154e+00 2.523136269493240537e-24 6.800933115602700386e-26 2.254792662931053411e-21
5.794011771027665070e+00 2.494586614814856027e-24 6.726181182957934831e-26 3.017701250960885674e-21
5.797092053734218986e+00 2.468256239503174891e-24 6.659001831039779424e-26 2.453562387496105916e-21
5.800172336440772902e+00 2.439840386482275556e-24 6.595544223308589457e-26 2.662145823235638358e-21
5.803252619147326818e+00 2.413256125995854165e-24 6.522951015789684000e-26 3.629565626112233912e-21
5.806332901853879846e+00 2.386104747303504071e-24 6.458501619982491994e-26 3.210320479313073374e-21
5.809413184560433763e+00 2.359642537110929229e-24 6.396038494094155551e-26 2.554763932983454609e-21
5.812493467266987679e+00 2.332726729695600741e-24 6.331088211807717892e-26 3.073810052939438880e-21
5.815573749973541595e+00 2.306571023545247128e-24 6.256395102329255355e-26 3.330964059190332083e-21
5.818654032680094623e+00 2.280431019573296037e-24 6.202384514836512148e-26 3.808410368098400043e-21
5.821734315386648539e+00 2.254401877918962155e-24 6.132190604841267446e-26 4.578459139553218444e-21
5.824814598093203344e+00 2.228749043144153570e-24 6.068641613323740659e-26 3.692550238664858775e-21
5.827894880799757260e+00 2.202607142791117296e-24 6.013687899984722925e-26 2.569822010363085916e-21
5.830975163506310288e+00 2.177416952534463988e-24 5.944367751866881202e-26 3.018484608542588300e-21
5.834055446212864204e+00 2.153067097056851885e-24 5.877909620647671934e-26 3.585741240877696669e-21
5.837135728919418121e+00 2.126990182288970139e-24 5.822567010515017786e-26 2.392540830807951969e-21
5.840216011625972037e+00 2.102562556634220416e-24 5.760866277748027344e-26 2.563605599045156112e-21
5.843296294332525953e+00 2.077631425291588009e-24 5.697176970996731176e-26 2.807614503038414649e-21
5.846376577039078981e+00 2.053427846963864750e-24 5.640224727441320324e-26 2.796193233451960247e-21
5.849456859745632897e+00 2.029263495909863558e-24 5.579260773623171582e-26 3.082864861657197820e-21
5.852537142452186814e+00 2.004571829937465666e-24 5.515710889152728131e-26 3.532735451976694088e-21
5.855617425158740730e+00 1.981183911819609710e-24 5.460917084275240291e-26 3.118476884530603792e-21
5.858697707865294646e+00 1.957259905990093444e-24 5.402479264078351158e-26 2.383531466959853504e-21
5.861777990571847674e+00 1.933650983027823310e-24 5.344481471472252461e-26 2.177693927759631988e-21
5.864858273278401590e+00 1.910528456058380452e-24 5.283007804694028458e-26 2.015865356830226694e-21
5.867938555984956395e+00 1.887011202086225071e-24 5.230703924716633492e-26 2.235637962801357699e-21
5.871018838691510311e+00 1.864271659306774503e-24 5.170000100093300636e-26 2.875606076722890302e-21
5.874099121398063339e+00 1.841466250250187887e-24 5.114622886960463927e-26 3.126505794239964059e-21
5.877179404104617255e+00 1.818496695998204318e-24 5.063829134451668518e-26 3.809028804088572353e-21
5.880259686811171171e+00 1.796398773442214307e-24 5.001337135464975773e-26 3.847465768580002746e-21
5.883339969517725088e+00 1.773775797894013974e-24 4.950881203054866017e-26 2.647925798490198072e-21
5.886420252224278116e+00 1.752138313485509660e-24 4.895324984288409324e-26 2.190491814592504279e-21
5.889500534930832032e+00 1.729644416291751595e-24 4.837914549981178839e-26 3.115032501149624106e-21
5.892580817637385948e+00 1.708472210164012666e-24 4.790111964099092853e-26 3.287148680796097605e-21
5.895661100343939864e+00 1.686382034927789338e-24 4.731291362262858716e-26 3.728661444238324553e-21
5.898741383050493781e+00 1.665423547999931538e-24 4.684464132033389951e-26 3.621264801417594111e-21
5.901821665757046809e+00 1.644043534773977637e-24 4.625275284664793375e-26 3.449925432271739633e-21
5.904901948463600725e+00 1.622892049746997952e-24 4.582039700998836824e-26 3.781436490349498301e-21
5.907982231170154641e+00 1.602495529033696437e-24 4.519966178876813969e-26 3.161106133428741561e-21
5.911062513876709446e+00 1.581157717284233233e-24 4.479729710620327431e-26 2.786941585161970887e-21
5.914142796583262474e+00 1.561337266277981385e-24 4.419584864942229057e-26 2.732757036534337832e-21
5.917223079289816390e+00 1.540628213276742264e-24 4.376674539661554067e-26 3.160729402282075260e-21
5.920303361996370306e+00 1.520434356976606693e-24 4.323631639882951260e-26 3.165526146735640172e-21
5.923383644702924222e+00 1.500455875562006522e-24 4.273964265544390229e-26 2.438626315683437736e-21
5.926463927409478138e+00 1.481136367515127090e-24 4.229124837430888174e-26 1.846379226343178724e-21
5.929544210116031167e+00 1.461116146890786880e-24 4.177362996139832911e-26 2.761607622590249344e-21
5.932624492822585083e+00 1.441467716022885605e-24 4.128543149424667448e-26 3.438280247489616902e-21
5.935704775529138999e+00 1.422491204764697381e-24 4.083205557562204144e-26 2.803605737239809906e-21
5.938785058235692915e+00 1.403485371098480501e-24 4.035193660498381596e-26 2.792509349877797741e-21
5.941865340942246831e+00 1.384560140045751921e-24 3.989285905835469480e-26 3.236589848281244072e-21
5.944945623648799859e+00 1.365301714677755331e-24 3.941445513119990556e-26 2.671515809681153184e-21
5.948025906355353776e+00 1.347236610877679482e-24 3.897499112163844812e-26 3.022793771051921900e-21
5.951106189061908580e+00 1.328747722750723920e-24 3.850300470889303771e-26 3.667389954205818102e-21
5.954186471768461608e+00 1.310548524478970556e-24 3.808119967405913528e-26 3.744731239082532271e-21
5.957266754475015524e+00 1.292070467617222145e-24 3.759067811380812694e-26 3.117523097500386408e-21
5.960347037181569441e+00 1.274834358274679902e-24 3.717861457297441360e-26 2.880610916839639514e-21
5.963427319888123357e+00 1.256346608943869235e-24 3.675540487629834170e-26 3.095976795540460439e-21
5.966507602594677273e+00 1.239204874351544247e-24 3.628859081103715940e-26 3.066125690279933336e-21
5.969587885301230301e+00 1.222106727182707312e-24 3.589247787002334937e-26 2.820075235059429128e-21
5.972668168007784217e+00 1.204586877467835747e-24 3.547608141313197826e-26 2.638122124699592691e-21
5.975748450714338134e+00 1.187299712498654249e-24 3.497113790236021731e-26 3.017496903458540071e-21
5.978828733420892050e+00 1.170776095322613115e-24 3.463985348238582050e-26 2.814807008243414103e-21
5.981909016127445966e+00 1.153979919496725055e-24 3.421147953636774525e-26 3.090452749377748836e-21
5.984989298833998994e+00 1.137690038019081804e-24 3.378154935669264374e-26 3.601983485571599015e-21
5.988069581540552910e+00 1.120439932216913888e-24 3.341054521724541088e-26 3.425617331813224850e-21
5.991149864247106827e+00 1.105268865550598578e-24 3.299176824344327995e-26 3.879065311987059123e-21
5.994230146953661631e+00 1.088550819459435876e-24 3.258135552346250751e-26 2.980869027413800509e-21
5.997310429660214659e+00 1.072899321479496119e-24 3.221405726583143303e-26 2.809768315762057998e-21
6.000390712366768575e+00 1.057382424446174629e-24 3.181241560451366062e-26 2.156106163824518719e-21
6.003470995073322491e+00 1.041699421545823830e-24 3.141404028655484785e-26 2.120435562720651222e-21
6.006551277779876408e+00 1.026096536412451380e-24 3.110376126457154387e-26 2.005778969294482659e-21
6.009631560486430324e+00 1.011132935435711722e-24 3.062840720300081958e-26 2.847281694638840648e-21
6.012711843192983352e+00 9.960907331262463018e-25 3.036542747085619221e-26 3.285340515309282274e-21
6.015792125899537268e+00 9.812457214900158402e-25 2.990889903130849296e-26 2.570798950615488352e-21
6.018872408606091184e+00 9.662609474921825003e-25 2.959039999933680535e-26 2.745289912319652786e-21
6.021952691312645101e+00 9.520539626810398661e-25 2.921676338851024673e-26 2.272959626536465184e-21
6.025032974019198129e+00 9.373506132499691565e-25 2.886268732306155029e-26 2.114451892770372435e-21
6.028113256725752045e+00 9.233865442972254687e-25 2.851477988254028308e-26 2.570168218741812739e-21
6.031193539432305961e+00 9.091619351048156193e-25 2.817930240677715823e-26 3.118278803482179497e-21
6.034273822138859877e+00 8.953608705913462192e-25 2.781246134490686540e-26 3.032341558369049005e-21
6.037354104845413794e+00 8.816232188435929118e-25 2.750256882868533623e-26 3.214665643944610804e-21
6.040434387551967710e+00 8.680836949233595044e-25 2.716607049524944679e-26 2.956513381215098256e-21
6.043514670258521626e+00 8.545002093566975791e-25 2.678671238918777366e-26 3.353671615677651610e-21
6.046594952965075542e+00 8.413202328005059261e-25 2.652684191059653341e-26 4.054893779026618011e-21
6.049675235671629459e+00 8.285191876061528337e-25 2.614953907715681571e-26 2.797207398958378102e-21
6.052755518378182487e+00 8.154687561572913698e-25 2.587622702372321339e-26 1.798221520408680067e-21
6.055835801084736403e+00 8.022581852502459261e-25 2.551881299832203353e-26 2.609728153092060364e-21
6.058916083791290319e+00 7.900799546893544412e-25 2.523176729636737552e-26 4.196849586061068586e-21
6.061996366497844235e+00 7.777505232398667609e-25 2.493524466185971684e-26 4.154869425736152990e-21
6.065076649204398151e+00 7.653749290736177028e-25 2.461691700678312293e-26 3.402925664963869973e-21
6.068156931910951180e+00 7.529225885921265772e-25 2.432117768875020874e-26 3.285002070902841414e-21
6.071237214617505096e+00 7.414036238873431978e-25 2.401309922235531126e-26 2.285408281353971005e-21
6.074317497324059012e+00 7.293246780144209755e-25 2.375947501348661043e-26 2.100081919348219014e-21
6.077397780030613816e+00 7.177581170415039375e-25 2.342546572435244959e-26 2.692397098582245314e-21
6.080478062737166844e+00 7.065082102392436586e-25 2.319135866021578569e-26 3.112040570443708913e-21
6.083558345443720761e+00 6.949995745268281393e-25 2.287943905213989595e-26 2.060243138721294354e-21
6.086638628150274677e+00 6.837383419462378913e-25 2.260287854370508492e-26 2.205743208753338921e-21
6.089718910856828593e+00 6.728470562688374538e-25 2.235255210899343053e-26 2.695591863240660350e-21
6.092799193563381621e+00 6.621101091994682650e-25 2.206022941564818554e-26 2.461401130305865386e-21
6.095879476269935537e+00 6.513091954340972162e-25 2.179685817415404787e-26 3.408123263543824890e-21
6.098959758976489454e+00 6.407436908758967871e-25 2.159065550611674060e-26 3.547852705420998974e-21
6.102040041683043370e+00 6.304882686973302933e-25 2.126766845564495288e-26 3.145211445171028852e-21
6.105120324389597286e+00 6.202221596560177424e-25 2.105538394640964258e-26 2.362944441349912963e-21
6.108200607096150314e+00 6.100775562836623753e-25 2.081004902171224002e-26 2.742095933474348302e-21
6.111280889802704230e+00 6.004987051628055718e-25 2.051683027230837379e-26 2.642288704639379533e-21
6.114361172509258147e+00 5.905523456161144756e-25 2.034078167915901294e-26 3.286643407020226369e-21
6.117441455215812063e+00 5.808201746101083544e-25 2.004855610617754049e-26 3.405783588517084612e-21
6.120521737922365979e+00 5.716447705162203429e-25 1.984162498666375654e-26 3.686269648225869213e-21
6.123602020628919895e+00 5.622923245513031025e-25 1.964605535930962393e-26 3.168796526101158672e-21
6.126682303335473812e+00 5.531092629748394352e-25 1.938377478799736424e-26 2.856220065819446974e-21
6.129762586042027728e+00 5.443807199930658468e-25 1.915471876184747102e-26 2.642587879487793460e-21
6.132842868748581644e+00 5.355060657033363336e-25 1.896800878713783830e-26 2.400271192584275237e-21
6.135923151455134672e+00 5.265797134405052092e-25 1.872398098176174419e-26 2.636320622901064160e-21
6.139003434161688588e+00 5.184093430427337621e-25 1.855913500296948119e-26 3.048167913867420932e-21
6.142083716868242504e+00 5.100689766748961813e-25 1.828753589492616390e-26 3.554589751286800187e-21
6.145163999574796421e+00 5.017771266952289527e-25 1.816079133766203681e-26 2.628489223249520175e-21
6.148244282281350337e+00 4.938787289799731194e-25 1.789138054900723643e-26 2.991552374073290231e-21
6.151324564987903365e+00 4.858887029674368234e-25 1.775486484268321345e-26 3.146890900850379984e-21
6.154404847694457281e+00 4.782334669264713112e-25 1.753556983472732492e-26 2.784205556264513798e-21
6.157485130401011197e+00 4.708631487714923832e-25 1.735942997625107347e-26 3.670573240280160366e-21
6.160565413107565114e+00 4.630804517717019137e-25 1.717050996855618753e-26 2.614243902689822949e-21
6.163645695814119030e+00 4.561645513084959390e-25 1.698937543442259154e-26 2.967374985070503855e-21
6.166725978520672946e+00 4.489480814815113720e-25 1.683940834929685834e-26 3.403050056699361041e-21
6.169806261227226862e+00 4.421348489713596202e-25 1.664972323382124029e-26 3.131044365918624877e-21
6.172886543933780779e+00 4.351340517657246231e-25 1.647123852627657199e-26 3.466375097185560078e-21
6.175966826640333807e+00 4.286886023871182131e-25 1.631625418384189414e-26 2.167130540262351938e-21
6.179047109346887723e+00 4.222296431693898001e-25 1.617233017433681309e-26 1.928599026260299695e-21
6.182127392053441639e+00 4.158641763827721479e-25 1.601430352234650773e-26 2.214132588384682785e-21
6.185207674759995555e+00 4.096324380049961326e-25 1.582810318772985544e-26 3.458944325162068751e-21
6.188287957466549472e+00 4.036570631603946019e-25 1.571165530077952187e-26 2.993389319518402266e-21
6.191368240173102500e+00 3.979668781036797680e-25 1.556512595882611904e-26 2.263416032185270691e-21
6.194448522879656416e+00 3.919773805300583177e-25 1.543929617142713099e-26 2.000011538364685283e-21
6.197528805586210332e+00 3.867657322454949486e-25 1.524456855826717254e-26 2.465653140101975668e-21
6.200609088292764248e+00 3.811927606854433365e-25 1.516557870826217441e-26 3.784846255372757250e-21
6.203689370999318164e+00 3.758083671757246077e-25 1.502341584873882419e-26 4.362293859179081093e-21
6.206769653705872081e+00 3.709244036494030913e-25 1.489262950777162035e-26 3.537449161448210398e-21
6.209849936412425997e+00 3.659552314851000321e-25 1.477967233345212861e-26 4.081710827346455627e-21
6.212930219118979913e+00 3.610984194016019632e-25 1.462913476720447100e-26 4.142047275819520598e-21
6.216010501825533829e+00 3.565588573254609399e-25 1.458948419406978429e-26 3.601280849293799668e-21
6.219090784532086857e+00 3.520567679578958014e-25 1.438890005536851301e-26 2.854040648539754230e-21
6.222171067238640774e+00 3.476786880297381235e-25 1.435680875148551191e-26 2.563990388208489204e-21
6.225251349945194690e+00 3.434539438419648454e-25 1.420659793475900735e-26 3.278613487511427061e-21
6.228331632651748606e+00 3.397317629141167953e-25 1.412763860005748298e-26 3.714135589109140018e-21
6.231411915358301634e+00 3.354992930410232261e-25 1.401346953735785851e-26 3.317884207830289883e-21
6.234492198064855550e+00 3.320597058562368622e-25 1.395510316881152445e-26 3.288664363649153839e-21
6.237572480771409467e+00 3.283695056547526037e-25 1.384512771601825603e-26 3.291356888892001356e-21
6.240652763477963383e+00 3.249060707691265286e-25 1.374950600429098943e-26 3.375511590579824399e-21
6.243733046184517299e+00 3.217182459984951119e-25 1.368947482766441677e-26 3.616932846945128475e-21
6.246813328891071215e+00 3.186261518678216987e-25 1.361257377610600963e-26 2.902651661526800101e-21
6.249893611597625132e+00 3.156842961071338491e-25 1.352694490412466772e-26 2.260019576144410998e-21
6.252973894304179048e+00 3.128055305181012498e-25 1.347239057807405445e-26 2.675347123393581232e-21
6.256054177010732964e+00 3.101511576632233770e-25 1.340145414127768585e-26 3.010799226634641333e-21
6.259134459717285992e+00 3.078147190411865498e-25 1.332919433642166943e-26 2.368161953783625805e-21
6.262214742423839908e+00 3.053517516727906351e-25 1.328509143001359030e-26 2.253285315709370152e-21
6.265295025130393824e+00 3.030597515844878035e-25 1.322498601210732529e-26 2.454810037916353572e-21
6.268375307836947741e+00 3.010379662903814115e-25 1.318277742467069146e-26 2.727205003175739617e-21
6.271455590543501657e+00 2.994355774617559910e-25 1.311388643188802181e-26 3.505423835597005456e-21
6.274535873250054685e+00 2.973339550260577911e-25 1.309841692166268303e-26 3.363598399567084220e-21
6.277616155956608601e+00 2.959515604547203995e-25 1.303979912814163982e-26 3.197233710244450962e-21
6.280696438663162517e+00 2.944924011785848534e-25 1.301995919555326908e-26 3.855128852991596954e-21
6.283776721369717322e+00 2.930328405727756561e-25 1.296632493692611356e-26 2.686170614058227872e-21
6.286857004076270350e+00 2.921036727636285722e-25 1.296177702838048834e-26 2.896820667098861003e-21
6.289937286782824266e+00 2.910013405258348943e-25 1.292566304843961170e-26 3.241456932051697424e-21
6.293017569489377294e+00 2.902566932170056145e-25 1.291068026170930283e-26 3.150310895952853802e-21
6.296097852195932099e+00 2.894963174581064868e-25 1.288233552378052361e-26 2.536857694225130376e-21
6.299178134902485127e+00 2.889019458427387559e-25 1.288060318316191139e-26 3.479499712980994991e-21
6.302258417609039043e+00 2.888241797970298104e-25 1.286836300370098533e-26 3.453215183030738523e-21
6.305338700315592071e+00 2.882739628435412213e-25 1.287295736927179176e-26 3.162231141629378700e-21
6.308418983022146875e+00 1.441835601983315716e-25 6.419121737090384089e-27 1.538483315556572013e-21
