# omega PSD_u_x85.0_y0.5_z0.0 PSD_v_x85.0_y0.5_z0.0 PSD_p_x85.0_y0.5_z0.0
0.000000000000000000e+00 1.624486942319317700e-03 2.488679054654309943e-05 6.290052882669654188e-05
3.080282706553782654e-03 7.911381589887977539e-04 1.213559748272601257e-05 3.254717172515097736e-05
6.160565413107565308e-03 2.533832216346804581e-07 2.668263359697350540e-08 3.852252966950677176e-07
9.240848119661346227e-03 4.777380867429608483e-07 7.757781152601861482e-08 2.386727069899014294e-06
1.232113082621513062e-02 2.754190146637975337e-06 1.293605016586996242e-07 6.132766450907810973e-06
1.540141353276891327e-02 1.059532406347446101e-05 3.403091973532109325e-08 1.072923211894676637e-05
1.848169623932269245e-02 4.422681724936725486e-06 1.557862621163558244e-08 3.328120536441829231e-06
2.156197894587647684e-02 2.377446966126613852e-06 1.951775842912372462e-08 9.822053807963362535e-07
2.464226165243026123e-02 5.524119582528331151e-06 5.709358828082290379e-08 1.486301370393440025e-05
2.772254435898404215e-02 1.609966581854213209e-05 2.087284710260899938e-07 1.734892533256920870e-05
3.080282706553782654e-02 4.533232516865593668e-05 4.996185190191932347e-07 5.402582957627816229e-06
3.388310977209160746e-02 2.807715480075742413e-04 3.124047447841011313e-06 7.394363595872421977e-05
3.696339247864538491e-02 3.353480888842759206e-03 3.388860161552664769e-05 4.550165856856025373e-04
4.004367518519917624e-02 6.846589444495831955e-01 7.062841157366132536e-03 2.109009124864976922e-02
4.312395789175295369e-02 5.626458120854805678e+00 5.802118304137732913e-02 1.858485295666507664e-01
4.620424059830673807e-02 2.673390748808118556e+00 2.755879851346210163e-02 9.086311464055774056e-02
4.928452330486052246e-02 1.743236355393293358e-02 1.794604659827631109e-04 5.580592653799216693e-04
5.236480601141430685e-02 7.136087578957636332e-04 7.469738877249567379e-06 4.899455331096943958e-04
5.544508871796808430e-02 1.032912607516053366e-04 1.074907655320295131e-06 8.919486970834994768e-05
5.852537142452186869e-02 3.746978249553806802e-05 2.562245637838010206e-07 1.879350932071454139e-05
6.160565413107565308e-02 7.173447812124513009e-06 1.858194416487053073e-07 2.650019643078849191e-05
6.468593683762942359e-02 3.401013303682290336e-06 3.708468979738063789e-08 3.187049824662844914e-05
6.776621954418321492e-02 6.954274824745575133e-06 9.135331294109527217e-08 2.120536098169885903e-05
7.084650225073700625e-02 1.865637580684376628e-05 3.459167648296961720e-07 1.957999776209096612e-05
7.392678495729076982e-02 4.174708917105261373e-05 3.704333033743953718e-07 1.482377959042968047e-05
7.700706766384456115e-02 6.306155720422157668e-05 6.950612625023566097e-07 4.748270686751152899e-05
8.008735037039835247e-02 4.839206720766852537e-04 4.857900293029444355e-06 1.453363200154744934e-04
8.316763307695212992e-02 2.972939876051357982e-02 2.856409743168961341e-04 2.678869220207168427e-03
8.624791578350590737e-02 5.845476980147521484e-01 5.636708151495961432e-03 4.444597970209347021e-02
8.932819849005969870e-02 5.089953284240653630e-01 4.906904905925337478e-03 3.789243652599587342e-02
9.240848119661347615e-02 1.565809231182904715e-02 1.508127455779189891e-04 1.142383150369459142e-03
9.548876390316725360e-02 3.876865768622816716e-04 3.465973596652398621e-06 1.015414424204749390e-04
9.856904660972104493e-02 6.289933596366579106e-05 6.316393649789868955e-07 1.971891686184812234e-04
1.016493293162748224e-01 2.170644034087158974e-05 7.163081689346831870e-07 3.817073285895012264e-05
1.047296120228286137e-01 1.101942146647270669e-05 3.432257421258432577e-07 2.367309936937343577e-05
1.078098947293823912e-01 2.325144390517035545e-06 6.735665773971950966e-08 3.775862033308241420e-05
1.108901774359361686e-01 9.593865770323096358e-07 1.819880120236349244e-08 1.625498494059671715e-05
1.139704601424899599e-01 3.355762364013962888e-06 6.408549698303081728e-08 1.501685721172821038e-05
1.170507428490437374e-01 1.564101086112909815e-06 2.804344248078303413e-07 7.468830844160274769e-06
1.201310255555975148e-01 5.923181550950902568e-06 8.676631484129372566e-07 2.934879302626346284e-05
1.232113082621513062e-01 3.773371399066074945e-05 4.748743994605082307e-06 5.002782292276741923e-05
1.262915909687050975e-01 1.026578717447591349e-03 1.439945191273748126e-04 5.319521236606730968e-04
1.293718736752588472e-01 6.895106983060288186e-02 9.630008793909006909e-03 3.262939614014249284e-02
1.324521563818126524e-01 1.095622327379641436e-01 1.528908953807417252e-02 5.201304313874564184e-02
1.355324390883664298e-01 9.143588589860080287e-03 1.273570251849963321e-03 4.254138760436180361e-03
1.386127217949202073e-01 8.492453389585787797e-05 1.233304109794554607e-05 8.106300581469153520e-05
1.416930045014740125e-01 1.310660657439563419e-05 1.674513956866846564e-06 3.132471438713739796e-05
1.447732872080277899e-01 2.026087249525537125e-05 1.182181645521955784e-06 3.007135825519158579e-05
1.478535699145815396e-01 1.914831194669714543e-05 1.014003761891495968e-06 9.333893410182136785e-06
1.509338526211353448e-01 6.874715509680595891e-06 3.375885284569274249e-07 1.848420650826983620e-05
1.540141353276891223e-01 2.316188115682862856e-06 8.686366466520941222e-08 1.160277295996644083e-05
1.570944180342429275e-01 9.435346767202013155e-06 4.885773867835216678e-07 4.709497481832457250e-06
1.601747007407967049e-01 1.775199006205704363e-05 6.980048368589150160e-07 7.735578408442064506e-06
1.632549834473504824e-01 1.036351197200410364e-05 3.498707764894757810e-07 6.472590615824769559e-06
1.663352661539042598e-01 8.036309023996595087e-06 3.348113853737307488e-07 9.322900524866098730e-06
1.694155488604580373e-01 7.424246188654920204e-05 4.177342093826604125e-06 9.835546236971958139e-05
1.724958315670118147e-01 5.925136376136595079e-02 3.380673162166967626e-03 5.624458292417616051e-02
1.755761142735656199e-01 1.748810428519749494e-01 9.990593823932346698e-03 1.658487750267217120e-01
1.786563969801193974e-01 3.177530102452497812e-02 1.815383707170736089e-03 3.011788477747074158e-02
1.817366796866731748e-01 3.415026371559473444e-05 1.887517874778673756e-06 4.088208374879118574e-05
1.848169623932269523e-01 3.857828099963692368e-06 2.640302769954780764e-07 1.064973374593280158e-05
1.878972450997807297e-01 3.561605679917683836e-06 1.727363472052154703e-07 3.299312521833641682e-06
1.909775278063345072e-01 4.376649349841223916e-06 7.143634926617964903e-07 3.776371986611253052e-06
1.940578105128883124e-01 4.208068293840799277e-06 5.606224075809741245e-07 4.550709675098330310e-06
1.971380932194420899e-01 9.579440677946740785e-07 8.813911918195116149e-08 2.102255898074338234e-06
2.002183759259958673e-01 3.720496557589353137e-06 7.382499037975520903e-07 6.136590820256035174e-06
2.032986586325496448e-01 1.515101570286971720e-05 2.913776952070277256e-06 8.238316953304312203e-06
2.063789413391034500e-01 1.970819401632784658e-05 2.822496251105208409e-06 3.936338992067108619e-06
2.094592240456572274e-01 1.880730762084802273e-05 1.028046710594127730e-06 3.047013383675264997e-06
2.125395067522110049e-01 1.096391206403042633e-04 1.600070737748440834e-06 2.838728145345377889e-05
2.156197894587647823e-01 7.504851761332682891e-02 1.115381873407149697e-03 1.831234809168558533e-02
2.187000721653185598e-01 4.364923080893797214e-01 6.488555076034717602e-03 1.062463168193454738e-01
2.217803548718723372e-01 1.550124759635438110e-01 2.303831940108067456e-03 3.770858922222423276e-02
2.248606375784261424e-01 2.602564979582540003e-04 3.663133215685016318e-06 6.782996195261029092e-05
2.279409202849799199e-01 1.785663496403862687e-05 1.145938931268892716e-06 6.744442081832929676e-06
2.310212029915336973e-01 2.067649680099690313e-05 1.897632976882829435e-06 2.223096148807908440e-06
2.341014856980874748e-01 1.175403549380963764e-05 8.884366284893396460e-07 2.472934090478815300e-06
2.371817684046412522e-01 2.301904660815208122e-06 1.413015508349581079e-07 8.337066438772137015e-07
2.402620511111950297e-01 1.236037075597831010e-06 5.928880468059887379e-08 6.468016602023927867e-07
2.433423338177488349e-01 2.203739863163244046e-06 9.127473126397067648e-08 2.085392217648064918e-06
2.464226165243026123e-01 4.226679782424050366e-06 4.691803404552053914e-07 2.992126813977262859e-06
2.495028992308563898e-01 2.375691344066410175e-05 3.240354493065020282e-06 8.459977077053978088e-06
2.525831819374101950e-01 6.414686179909507766e-05 7.731719286260950412e-06 2.413908263539174474e-05
2.556634646439639447e-01 5.702941406971129756e-04 5.555259490091307652e-05 1.917788543276585363e-04
2.587437473505176944e-01 5.593069541430221309e-02 5.456613268778596516e-03 1.899405835243441268e-02
2.618240300570715551e-01 7.143240786108915330e-01 6.977891952045886526e-02 2.421778254861849111e-01
2.649043127636253048e-01 4.709179263618888389e-01 4.601244543382503743e-02 1.596282766781765006e-01
2.679845954701791100e-01 7.873715976142368206e-03 7.664704095721983123e-04 2.660740236580867724e-03
2.710648781767328597e-01 2.712790128668082887e-04 2.657084369981959078e-05 9.324924553174908121e-05
2.741451608832866094e-01 5.235094537123033284e-05 8.343029002068690517e-06 1.900691462136401121e-05
2.772254435898404146e-01 2.775926677256019846e-05 6.433346371704415109e-06 1.114080616344248465e-05
2.803057262963942198e-01 2.088419579551447763e-05 3.704276366040559194e-06 4.821812650842582722e-06
2.833860090029480250e-01 4.729047597255767239e-06 8.721522511330998959e-07 1.172599330657818608e-06
2.864662917095017747e-01 3.881621077224980780e-06 6.849554408240320217e-07 1.436333866270481489e-06
2.895465744160555799e-01 1.348528423912690881e-05 2.175212613085558225e-06 2.049043442813949139e-06
2.926268571226093296e-01 2.440707296733538560e-05 1.825391261217476646e-06 3.161394462559076845e-06
2.957071398291630793e-01 2.379493769501182359e-05 1.005923711302915829e-06 3.460819559846567375e-06
2.987874225357169400e-01 2.146935438687095482e-04 2.163315131619790145e-06 2.647534293599613871e-05
3.018677052422706897e-01 8.389751928708239631e-03 8.673966518932095396e-05 1.051933969915526271e-03
3.049479879488244949e-01 2.958922013358436520e-01 3.038881776012426414e-03 3.710841274377904564e-02
3.080282706553782446e-01 3.555296197925133517e-01 3.653561735799182916e-03 4.457203790747055194e-02
3.111085533619320498e-01 1.943313857730842933e-02 1.977018841533201884e-04 2.432327286802382811e-03
3.141888360684858550e-01 3.162491721111523706e-04 3.478712038660798865e-06 4.032042871092801140e-05
3.172691187750396047e-01 3.026277432195033506e-05 5.178848940342299720e-07 4.299776089572394247e-06
3.203494014815934099e-01 1.254810297230929446e-05 2.586967263725452704e-06 5.097522343979489581e-06
3.234296841881471596e-01 8.497689405307184518e-06 3.816400001963048408e-06 4.195693068368952481e-06
3.265099668947009648e-01 1.583111032977983742e-06 1.048678451879449623e-06 8.424397688329306135e-07
3.295902496012547145e-01 9.130236205048276214e-07 4.879620305719430514e-07 5.386791672683197611e-07
3.326705323078085197e-01 6.046739684627385041e-06 3.780172869426779647e-06 5.184534084846554852e-06
3.357508150143623249e-01 1.418497549772664000e-05 7.149695166432469571e-06 9.605580619722155818e-06
3.388310977209160746e-01 1.098204731374401685e-05 3.404285068988612177e-06 4.627859095167052409e-06
3.419113804274698798e-01 7.230741885313957454e-05 1.883557156206059472e-05 2.368733064317015671e-05
3.449916631340236295e-01 1.564499348448449359e-03 4.226808500064400021e-04 5.061962805423469384e-04
3.480719458405774347e-01 2.781045288762280521e-01 7.524863464613211483e-02 8.968783606419417076e-02
3.511522285471312399e-01 6.131674451833363237e-01 1.659624609903780634e-01 1.976889968194162905e-01
3.542325112536849896e-01 7.913891152940195906e-02 2.142024040131158824e-02 2.552416448174097546e-02
3.573127939602387948e-01 3.460819713097209498e-04 9.471760527813759625e-05 1.106115858585994012e-04
3.603930766667925445e-01 2.888001165016321325e-05 8.718901789822756240e-06 9.258057608280396590e-06
3.634733593733463497e-01 1.444547265980262051e-05 2.604636823325480323e-06 2.080043705999955034e-06
3.665536420799000994e-01 1.484610903975390539e-05 1.811124556665661638e-06 1.476048646204311332e-06
3.696339247864539046e-01 2.617478022292018031e-06 3.511350367820938947e-07 1.958306802142545809e-07
3.727142074930077098e-01 2.298075435043844549e-07 9.108908076853992765e-08 9.131426313226748432e-08
3.757944901995614595e-01 4.405255771760831523e-07 3.397703252320545148e-07 1.174222458391742214e-07
3.788747729061152647e-01 1.980397028632838158e-06 7.276215155845700640e-08 1.365285287498152538e-06
3.819550556126690144e-01 5.301220869278912234e-06 6.305906484644560165e-07 2.458311738079879706e-06
3.850353383192228196e-01 4.937319059994923137e-06 1.137728282013798828e-06 1.101534414320210709e-06
3.881156210257766248e-01 3.386321362206323536e-06 1.673368968658104601e-06 1.417586317670053047e-06
3.911959037323303745e-01 7.560825261810560916e-02 5.328745361685616189e-02 3.441055488270969298e-02
3.942761864388841797e-01 3.179267374280513869e-01 2.241360411990228896e-01 1.446190464336309933e-01
3.973564691454379849e-01 8.363276630532334721e-02 5.892781476677622782e-02 3.804665628866258503e-02
4.004367518519917346e-01 3.441399649373913049e-06 1.789054579205751962e-06 1.398749501314090767e-06
4.035170345585455398e-01 7.876124158825894005e-06 2.819252071614066002e-06 3.345084811855046324e-06
4.065973172650992895e-01 2.263881777719237092e-05 1.055745986313592922e-05 9.528778846525812497e-06
4.096775999716530947e-01 3.266401579541505627e-05 1.783547753297384816e-05 1.437961019485531932e-05
4.127578826782068999e-01 1.279530460682973664e-05 7.747854769417397195e-06 5.651823916111692066e-06
4.158381653847606496e-01 1.469176723211307617e-06 8.665645719830225086e-07 4.379537542192320185e-07
4.189184480913144548e-01 5.437282264366077106e-06 4.075465755953980768e-06 2.229459666235339223e-06
4.219987307978682045e-01 1.707594837239484863e-05 1.176332021454399372e-05 5.778988488978703182e-06
4.250790135044220097e-01 2.469329059452788443e-05 1.129856393672381693e-05 6.488914235365698751e-06
4.281592962109757594e-01 2.490654420833890017e-05 1.362220274889903570e-05 8.914258700521381006e-06
4.312395789175295646e-01 1.324097964163990554e-04 8.957382966457730583e-05 4.642990711361828896e-05
4.343198616240833698e-01 2.623106732424796209e-02 1.740388393371937112e-02 9.076688276262801988e-03
4.374001443306371195e-01 2.282028979176223549e-01 1.516068440784298366e-01 7.917718325911370092e-02
4.404804270371909247e-01 1.136543582124344143e-01 7.549488364976349175e-02 3.942063175939259506e-02
4.435607097437446744e-01 8.430116115324232887e-04 5.609306827652224634e-04 2.919938159586195673e-04
4.466409924502984796e-01 4.820756075344252825e-05 2.889353790859087184e-05 1.536829597729151318e-05
4.497212751568522848e-01 2.332248500408092142e-05 9.239861575361055725e-06 7.747588377769490286e-06
4.528015578634060345e-01 2.241442235463050978e-05 1.363384589365243576e-05 1.087759408575156162e-05
4.558818405699598397e-01 1.489113334849934867e-05 1.359603739248260723e-05 9.275881603553369021e-06
4.589621232765135894e-01 1.702237977262728863e-06 1.646884007346256657e-06 1.260345013929102758e-06
4.620424059830673946e-01 3.385048033123133449e-06 3.109590603077584146e-06 2.172497955901344539e-06
4.651226886896211443e-01 1.672583773403717955e-05 1.672622672847019521e-05 1.111683027354743913e-05
4.682029713961749495e-01 3.857514777736271663e-05 3.334952131117226501e-05 2.378926108859574253e-05
4.712832541027287547e-01 3.578843026021080482e-05 2.748204238652357718e-05 2.069549677555735376e-05
4.743635368092825044e-01 1.723182571380500825e-04 1.529397340435792235e-04 1.027864537301177017e-04
4.774438195158363096e-01 1.040651265151886634e-02 9.128034504407524577e-03 6.092976906667679250e-03
4.805241022223900593e-01 2.194894936853402645e-01 1.926606738526563667e-01 1.290461309957283143e-01
4.836043849289438645e-01 2.000601686907703125e-01 1.757209266836936845e-01 1.177612976042633069e-01
4.866846676354976697e-01 6.679493135044392224e-03 5.881370878359963236e-03 3.945909070601305232e-03
4.897649503420514194e-01 1.721662205551273753e-04 1.512695355069955091e-04 9.784505806124688685e-05
4.928452330486052246e-01 3.285436115841095157e-05 2.297153180228359695e-05 1.805157773735589457e-05
4.959255157551589743e-01 1.187921275953727716e-05 3.258552940386299106e-06 4.532927839907252035e-06
4.990057984617127795e-01 7.938624459068153541e-06 1.798943786683032608e-06 3.719261343636209591e-06
5.020860811682665847e-01 1.010606874757870511e-06 4.676188739080732541e-07 3.952396593025264641e-07
5.051663638748203899e-01 1.114380061935646636e-06 3.624870688031464403e-07 4.722429473947632472e-07
5.082466465813741952e-01 6.594569996876279660e-06 2.184041841730462813e-06 2.035110094274222880e-06
5.113269292879278893e-01 2.224507695320903459e-05 1.184175013486786447e-05 8.170743140251470287e-06
5.144072119944816945e-01 1.833732260952817324e-05 1.178306871073216776e-05 8.885407480977271580e-06
5.174874947010353887e-01 4.843442515947436245e-05 4.739169814832010756e-05 3.879702214794360964e-05
5.205677774075893049e-01 1.500220876241876826e-03 1.466903244604813271e-03 1.159263484134340693e-03
5.236480601141431102e-01 1.099729703847145412e-01 1.078731221602140938e-01 8.566351211588429937e-02
5.267283428206968043e-01 1.826415193566094941e-01 1.791629889905735906e-01 1.423167416326096557e-01
5.298086255272506095e-01 1.618817429380614223e-02 1.592064528352373984e-02 1.262070833546898203e-02
5.328889082338043037e-01 1.553346216356144851e-04 1.499491822166707856e-04 1.233737552788835698e-04
5.359691909403582200e-01 2.285871539529951195e-05 1.780667450105938787e-05 1.344498412443774793e-05
5.390494736469120252e-01 1.199414914727834662e-05 6.949485638868959149e-06 4.319027102063226687e-06
5.421297563534657193e-01 9.829424372064936264e-06 6.389730481861828840e-06 3.790631448631979661e-06
5.452100390600195245e-01 1.828864897523028454e-06 2.233570836983929324e-06 1.635676988352058259e-06
5.482903217665732187e-01 5.575790466035176198e-07 9.527040840816122524e-07 1.944420592902138337e-07
5.513706044731271350e-01 3.488989174200423538e-06 3.319602944896172755e-06 2.083128300883075649e-06
5.544508871796808291e-01 1.205156100660632329e-05 4.906015208240148473e-06 2.192795911830612881e-06
5.575311698862346343e-01 1.080329921147263863e-05 2.365287542026491329e-06 9.114953234288033926e-07
5.606114525927884396e-01 4.777937377812624757e-06 5.695580287223021770e-07 3.688232780516914256e-07
5.636917352993422448e-01 2.226423846898195301e-05 5.204711073945740395e-06 3.752509200134783680e-06
5.667720180058960500e-01 1.945463214466551169e-02 5.824378223463967663e-03 2.717215334637611713e-03
5.698523007124497441e-01 6.033660167813926362e-02 1.806983609271938310e-02 8.434964115340348040e-03
5.729325834190035494e-01 1.152872191975973064e-02 3.449969942550257674e-03 1.601111511546925593e-03
5.760128661255573546e-01 1.251516328774798553e-05 2.612356199945556223e-06 2.635802116306323408e-06
5.790931488321111598e-01 5.411396979572972608e-06 6.984281037675409586e-07 9.537763345510247876e-07
5.821734315386649650e-01 1.069509103189460451e-05 8.220231592386611374e-07 1.231346073596991700e-06
5.852537142452186592e-01 1.163726005548991623e-05 2.315754274969027992e-06 1.954000172495141622e-06
5.883339969517724644e-01 3.226727268184564435e-06 1.684953459571870494e-06 5.771795668156153816e-07
5.914142796583261585e-01 5.273071558834422660e-07 4.795918218745910681e-07 9.831678141479625672e-07
5.944945623648800748e-01 2.661084375014656626e-06 2.612645536486798509e-06 1.197334426956067161e-06
5.975748450714338800e-01 1.169443658155318010e-05 9.243689637693146228e-06 1.696649839589764306e-06
6.006551277779875742e-01 1.539290825793046170e-05 9.360971021171422154e-06 3.770610135625841701e-06
6.037354104845413794e-01 7.325483831623944693e-06 3.081847637090919017e-06 2.764195319065232339e-06
6.068156931910951846e-01 8.375212056721534413e-06 4.453061699080855074e-06 3.997781643805323013e-06
6.098959758976489898e-01 4.632490852776442736e-03 2.426909182914272801e-03 2.347138935436624777e-03
6.129762586042027950e-01 2.833309727656865493e-02 1.472943059081097822e-02 1.429897370076164964e-02
6.160565413107564892e-01 1.056818615411637269e-02 5.500595856021157221e-03 5.346420014362947629e-03
6.191368240173102944e-01 2.225578025657541740e-05 1.206746673735115362e-05 1.213234572864250217e-05
6.222171067238640996e-01 6.003426357198934778e-06 4.830705357813744581e-06 3.966859528168648305e-06
6.252973894304179048e-01 1.004182555469510349e-05 9.428826588233368307e-06 3.565061007112990041e-06
6.283776721369717100e-01 9.839577631514763578e-06 8.767263227747481606e-06 2.343260132741971516e-06
6.314579548435254042e-01 3.666191548533316493e-06 2.076999757107326323e-06 7.160053065217809608e-07
6.345382375500792094e-01 4.977701409979870511e-07 2.252417256780143861e-07 2.582400990502384274e-07
6.376185202566330146e-01 1.011238525789044268e-06 1.072927096134698555e-07 1.546640310444114671e-07
6.406988029631868198e-01 6.839097747310619544e-06 6.482288544060535663e-07 3.214570509526111816e-06
6.437790856697405140e-01 1.569436884605110986e-05 5.599505805758607910e-06 6.092496100576221633e-06
6.468593683762943192e-01 9.436301197634698490e-06 6.029468845624029498e-06 7.138809914935156260e-07
6.499396510828481244e-01 2.048378437609375336e-05 1.244170778814078165e-05 5.500292501692405700e-06
6.530199337894019296e-01 1.916107250388768106e-03 1.190136179595741766e-03 4.376663147403288181e-04
6.561002164959557348e-01 2.590848745156126495e-02 1.605346533960587060e-02 5.782707102661906531e-03
6.591804992025094290e-01 1.789103245418410121e-02 1.105089848080561578e-02 3.968086302962545685e-03
6.622607819090632342e-01 3.288012884720374748e-04 2.024517871472765896e-04 7.295476686967456673e-05
6.653410646156170394e-01 1.567757594996190622e-05 1.095076385150519723e-05 3.616971571806731705e-06
6.684213473221708446e-01 9.311294272161613547e-06 1.212486659107751727e-05 2.584339306403981395e-06
6.715016300287246498e-01 1.028010479615396611e-05 2.224211363555462495e-05 5.385711793858439790e-06
6.745819127352783440e-01 5.155619978331592724e-06 1.403893396793562204e-05 2.120305416913281518e-06
6.776621954418321492e-01 6.893875785408115413e-07 2.159331830326501417e-06 5.358669694499543407e-07
6.807424781483859544e-01 3.820193675567002374e-07 1.488263477149245909e-06 2.852541109644736119e-07
6.838227608549397596e-01 2.706175571306635275e-06 8.773178832914977271e-06 2.776361825814494722e-06
6.869030435614935648e-01 8.530703032715091793e-06 1.454268602091286288e-05 2.934956835341071446e-06
6.899833262680472590e-01 6.408227452112006513e-06 8.457538463216686484e-06 1.423634442018971225e-06
6.930636089746010642e-01 1.011311629479486061e-05 6.382376407566326807e-06 2.527745206213040473e-06
6.961438916811548694e-01 3.615356812706786108e-04 1.649801802403899240e-04 2.418028819571769951e-05
6.992241743877086746e-01 1.364732279066521031e-02 6.113328397735520205e-03 8.686392190744416817e-04
7.023044570942624798e-01 1.715350350475618527e-02 7.698932286173310220e-03 1.089238326019111849e-03
7.053847398008161740e-01 1.000440634693112963e-03 4.492323902540606593e-04 6.604008128328758018e-05
7.084650225073699792e-01 1.806560865284905220e-05 9.894895519367730315e-06 9.100314907238592775e-07
7.115453052139237844e-01 4.764452300346290841e-06 3.377819115978108404e-06 1.710990184167793603e-06
7.146255879204775896e-01 7.228695837189966584e-06 5.400942062080965911e-06 3.901124425093938276e-06
7.177058706270313948e-01 6.150329473972028631e-06 4.919265064444796447e-06 4.193446862711342827e-06
7.207861533335850890e-01 1.167125261130500948e-06 1.014678765392892577e-06 7.489640762979615939e-07
7.238664360401388942e-01 2.887962927165243751e-07 5.082907365192932720e-07 2.295022632092264955e-07
7.269467187466926994e-01 1.661454653908628583e-06 4.914211199293083529e-06 1.242258487714861740e-06
7.300270014532465046e-01 4.514431641737780344e-06 1.268694169262424260e-05 3.500699470105042021e-06
7.331072841598001988e-01 3.402064178617206942e-06 7.554903016926700851e-06 1.492207211269191399e-06
7.361875668663540040e-01 3.266420460072285656e-06 4.609138095002914921e-06 9.096564467652462313e-07
7.392678495729078092e-01 3.879950184838178574e-05 4.135907994219970539e-05 7.376673776517543680e-06
7.423481322794616144e-01 7.589013002908269467e-03 7.870618798594063506e-03 1.750157033068666960e-03
7.454284149860154196e-01 1.755215445081014999e-02 1.817892394071735779e-02 4.081413831342122628e-03
7.485086976925691138e-01 2.394663419061916244e-03 2.488748685866606393e-03 5.601962147381448019e-04
7.515889803991229190e-01 1.009942521567429573e-05 1.066260990560015590e-05 2.721959246553069442e-06
7.546692631056767242e-01 1.561508146865157873e-06 2.066135949599911369e-06 1.665998678890823794e-06
7.577495458122305294e-01 2.634069069087459367e-06 3.841760153874193043e-06 1.556007692513848898e-06
7.608298285187843346e-01 3.264797439544227761e-06 3.627353868567015860e-06 8.884231608450641105e-07
7.639101112253380288e-01 9.673729666547463289e-07 9.369371768517048077e-07 3.164284171364654882e-07
7.669903939318918340e-01 1.994698276208658659e-07 1.326021957177000733e-07 8.696882436954300440e-08
7.700706766384456392e-01 4.354090447844813960e-07 9.002441488161470078e-08 1.079376616545355891e-06
7.731509593449994444e-01 1.579676694728511273e-06 3.957260968030790148e-07 2.956633581714271484e-06
7.762312420515532496e-01 2.015915793843508497e-06 9.668974503557738195e-07 1.869810875752763511e-06
7.793115247581069438e-01 1.176353351563744421e-06 7.608188628749667247e-07 1.795089872110558897e-07
7.823918074646607490e-01 8.102753779404418735e-07 4.780017757198420552e-07 2.124755599333211273e-06
7.854720901712146652e-01 4.571079691334806704e-03 2.662758969966214865e-03 1.375132586696619068e-03
7.885523728777683594e-01 2.021069478723728011e-02 1.180068263395079101e-02 6.125726124372416620e-03
7.916326555843220536e-01 5.588452043730986543e-03 3.259123073137346494e-03 1.701622631283565210e-03
7.947129382908759698e-01 6.952353369283049042e-07 4.118504964667436599e-07 7.823998686019996190e-07
7.977932209974296640e-01 9.764323904440193859e-07 6.497272827542125051e-07 8.480082876365559151e-07
8.008735037039834692e-01 2.323018191139347568e-06 3.433762880420563375e-06 1.692542842772753743e-06
8.039537864105371634e-01 3.186282193026805187e-06 8.716859783718027967e-06 2.978896383090276859e-06
8.070340691170910796e-01 1.377117161372235627e-06 4.979801767651398307e-06 2.198272709047299362e-06
8.101143518236447738e-01 1.733399293501112712e-07 7.185490236103066557e-07 3.324033570888417257e-07
8.131946345301985790e-01 7.308196044396546962e-08 9.103635261429995294e-07 1.507550816256231455e-07
8.162749172367524952e-01 6.264937774930223395e-07 4.050921350736552097e-06 6.896019985735404901e-07
8.193551999433061894e-01 2.154200018420536101e-06 7.076088688710987116e-06 3.771250742728731603e-07
8.224354826498598836e-01 2.245006648198432795e-06 5.094550486743670851e-06 1.783740131747298162e-06
8.255157653564137998e-01 9.615856301743219215e-06 2.084441750366416396e-05 5.430383324281014820e-06
8.285960480629674940e-01 1.704603889831808345e-03 3.694364619995843188e-03 7.723016313992501353e-04
8.316763307695212992e-01 1.568592336303231347e-02 3.398940347451376298e-02 7.095193065359301811e-03
8.347566134760749934e-01 8.179238947131788062e-03 1.776949991682389915e-02 3.657173819899190749e-03
8.378368961826289096e-01 6.951257012863881963e-05 1.517993337479141400e-04 2.815480137350101744e-05
8.409171788891826038e-01 4.363316302679839930e-06 1.026845254670702141e-05 2.869636323114129817e-06
8.439974615957364090e-01 3.185244008808953297e-06 5.968039806558177826e-06 5.123557657581184443e-06
8.470777443022903253e-01 3.677544219106032371e-06 3.665728429649936859e-06 5.615843411123253152e-06
8.501580270088440194e-01 2.422812882432111582e-06 2.152338981217223265e-06 1.666302609411535060e-06
8.532383097153977136e-01 3.124635097771861905e-07 2.309027710310987116e-07 3.418268051865752475e-07
8.563185924219515188e-01 9.595482237185989550e-08 1.026953499358898958e-07 1.965373527946193571e-07
8.593988751285054351e-01 8.731859178477403368e-07 1.164152260294871066e-06 2.405511946383302330e-06
8.624791578350591292e-01 3.099368125599379804e-06 6.945044057504359459e-06 5.665921022169220729e-06
8.655594405416128234e-01 2.803115971307855732e-06 7.954874659112539696e-06 1.051640807282432894e-06
8.686397232481667396e-01 7.512845026631245322e-06 2.897054985487048948e-05 5.377991771434610821e-06
8.717200059547204338e-01 4.315560373374646491e-04 1.679279409911432373e-03 2.843765501087296491e-04
8.748002886612742390e-01 9.739568415999455900e-03 3.796776240765260824e-02 6.282830014915080120e-03
8.778805713678279332e-01 9.280573050240039853e-03 3.619105127576151965e-02 6.019600144853949099e-03
8.809608540743818494e-01 3.354818675824936349e-04 1.316175411319064252e-03 2.154606638172769991e-04
8.840411367809355436e-01 9.301231490307577647e-06 3.478040339556112508e-05 9.590004923301915414e-06
8.871214194874893488e-01 3.140616106125190865e-06 1.148236757027968377e-05 1.537245690718157957e-06
8.902017021940432651e-01 3.269119929769657699e-06 1.091282282808731401e-05 1.979347586176521961e-06
8.932819849005969592e-01 2.771535456169575501e-06 7.646115144494705602e-06 1.589203415398853167e-06
8.963622676071506534e-01 4.642272202330246888e-07 1.136046653159021483e-06 1.650579031015238738e-07
8.994425503137045697e-01 9.802886309756922544e-08 3.906551473759725179e-07 6.838727175470056497e-08
9.025228330202583749e-01 8.301229896947207147e-07 2.869044760656874609e-06 2.192332102671450581e-06
9.056031157268120690e-01 3.168800067970654842e-06 7.154390200450818549e-06 5.541303139758209949e-06
9.086833984333657632e-01 2.613341319623908475e-06 6.629274858922931608e-06 5.365754797845281044e-06
9.117636811399196795e-01 2.294179070999548517e-06 5.445220495125074043e-06 2.399089740821920625e-06
9.148439638464733736e-01 4.925254071570758953e-05 1.451556461344169957e-04 3.101048668674667225e-05
9.179242465530271788e-01 3.870866534867309014e-03 1.187475733865945259e-02 2.673402486532373053e-03
9.210045292595810951e-01 6.721864161267916693e-03 2.063741088121774300e-02 4.620016955125641998e-03
9.240848119661347893e-01 6.341400386529239029e-04 1.943351480525270245e-03 4.271758508697702733e-04
9.271650946726884834e-01 6.324155843739397467e-06 1.805322754391161822e-05 3.721848697090550393e-06
9.302453773792422886e-01 1.660898992595018622e-06 4.237900929739757064e-06 1.384775413336245319e-06
9.333256600857962049e-01 2.202026839686036019e-06 5.134358027179143890e-06 2.469873234726856289e-06
9.364059427923498991e-01 1.981352808192568400e-06 6.542346224157847968e-06 8.127893815374871841e-07
9.394862254989035932e-01 4.319745691902184803e-07 1.691159313792641051e-06 8.197961302212571415e-08
9.425665082054575095e-01 9.659688405938678101e-08 2.910037376372721748e-07 1.160410939057150654e-07
9.456467909120113147e-01 5.588985255586385623e-07 3.147424928756561714e-06 9.765223782357483893e-08
9.487270736185650089e-01 2.331437958327036537e-06 9.728670184368728657e-06 2.529598670873291008e-07
9.518073563251189251e-01 2.415383698062502708e-06 7.382038383752571631e-06 4.590193521392799788e-07
9.548876390316726193e-01 1.110142057142286246e-06 2.588970979902196794e-06 1.409901888457517129e-06
9.579679217382263134e-01 1.364860233265984550e-06 3.220130470317876729e-06 1.232577374908924738e-06
9.610482044447801186e-01 9.196717385325754246e-04 2.418645308897841417e-03 6.114099190409912456e-04
9.641284871513340349e-01 2.983278044993120139e-03 7.899677534023362771e-03 2.007335030506268367e-03
9.672087698578877291e-01 6.024676256805265714e-04 1.597428666052568263e-03 4.127855740741084400e-04
9.702890525644414232e-01 5.860909250919386464e-07 1.529406872653534481e-06 6.519364733019434400e-07
9.733693352709953395e-01 6.172346234227577605e-07 1.110739138793184841e-06 1.074235923249649829e-06
9.764496179775491447e-01 1.468193777645910013e-06 9.947850794184145484e-07 1.917881408462027876e-06
9.795299006841028389e-01 1.275927882705759985e-06 1.197476497547233681e-07 3.519173653882854231e-07
9.826101833906565330e-01 2.911414442064914344e-07 2.590700706426926070e-08 6.313533131000835596e-07
9.856904660972104493e-01 6.814389639516334062e-08 6.105571767551874466e-09 2.972061034612086434e-07
9.887707488037642545e-01 2.164023339064378805e-07 2.663311976634007879e-07 1.522250057218384798e-06
9.918510315103179487e-01 9.933118667407776780e-07 1.562395257322868328e-06 7.831380058741786956e-06
9.949313142168718649e-01 1.450970783262534007e-06 2.051416892197779477e-06 7.710593460284570795e-06
9.980115969234255591e-01 7.512709430093713172e-07 9.295533574148336020e-07 1.878138669451516892e-06
1.001091879629979253e+00 4.043968716513092294e-07 8.959220415442344283e-07 9.359376838263784867e-07
1.004172162336533169e+00 1.159901750585349482e-04 3.440571834089830856e-04 3.186806268888082842e-04
1.007252445043086864e+00 7.513683247758415080e-04 2.227557877109259156e-03 2.057099852884387847e-03
1.010332727749640780e+00 2.946284517026771734e-04 8.773747611878915734e-04 8.192740039196108820e-04
1.013413010456194474e+00 7.961821606464104144e-07 2.547009699364133172e-06 3.748636099673163943e-06
1.016493293162748390e+00 2.604765088858130792e-07 3.041436364076746050e-07 3.132222899136442932e-07
1.019573575869302084e+00 1.036170444541907184e-06 1.995393401954884466e-06 1.001648427272174858e-06
1.022653858575855779e+00 1.628911757699751242e-06 4.206251611872546197e-06 1.493176076621814709e-06
1.025734141282409695e+00 7.229233320841596394e-07 2.060031230194671219e-06 6.521761263429726235e-07
1.028814423988963389e+00 1.604328402598617871e-07 3.709743674068905453e-07 3.406838841805360312e-07
1.031894706695517083e+00 2.248034735805207272e-07 2.223641718783935249e-07 5.634898050076787302e-07
1.034974989402070777e+00 8.240650450948130751e-07 9.287582003728961916e-07 6.771313336249681133e-07
1.038055272108624694e+00 1.161304168834720987e-06 1.389916655535310830e-06 3.010855464195464353e-06
1.041135554815178610e+00 6.125009305995367467e-07 7.751098838285524447e-07 3.868601541193321808e-06
1.044215837521732304e+00 2.472807449952780335e-07 1.327145753330204169e-06 6.200455245597396601e-07
1.047296120228286220e+00 5.258362010353959573e-07 7.068731934995682088e-05 3.106390083476935268e-05
1.050376402934839914e+00 7.900472502926190281e-06 1.009577790832053490e-03 4.503307932934098911e-04
1.053456685641393609e+00 5.685969312116760023e-06 7.333539280051533642e-04 3.411271825242563312e-04
1.056536968347947303e+00 1.438036002440642455e-07 1.562586554765591461e-05 8.497238382550969773e-06
1.059617251054501219e+00 8.233050012232166634e-08 8.908360785899661923e-07 1.076749081255407597e-06
1.062697533761054913e+00 4.913547755887796154e-07 5.241085507986853459e-07 8.308921782055286903e-07
1.065777816467608607e+00 1.211196473522637497e-06 1.878849072783989808e-06 2.660159723992351263e-06
1.068858099174162524e+00 8.380122225112534546e-07 1.732469083426604237e-06 1.549401728535248866e-06
1.071938381880716440e+00 1.880816962007200330e-07 3.724662057806174089e-07 1.633989307140216732e-07
1.075018664587270134e+00 1.769643637110679751e-07 2.384975650720511962e-07 1.351356240073491614e-07
1.078098947293824050e+00 9.057723855958889089e-07 1.569205641324920327e-06 1.384676799155562965e-06
1.081179230000377745e+00 1.917300484264809927e-06 3.988230975323432346e-06 3.234996066825617274e-06
1.084259512706931439e+00 1.078649112561911277e-06 2.285208350533630078e-06 1.540098346742990847e-06
1.087339795413485133e+00 6.763067953353487808e-07 2.971284116180913760e-06 1.160465932686000577e-06
1.090420078120039049e+00 1.004926788207897802e-05 7.613685190801482551e-05 2.261744346896205345e-05
1.093500360826592743e+00 3.769936822424448304e-04 3.038509053443807541e-03 7.734680758150638911e-04
1.096580643533146437e+00 4.929090554597248455e-04 3.976743941790510627e-03 9.966036805587946343e-04
1.099660926239700354e+00 3.119684895942705398e-05 2.513350306545119608e-04 6.254708385174268393e-05
1.102741208946254270e+00 8.184634450332270257e-07 4.917282854743161482e-06 2.401548310330880204e-06
1.105821491652807964e+00 7.774009142612065312e-07 1.822065300399662550e-06 2.822964161828736427e-06
1.108901774359361658e+00 1.602322877241442690e-06 2.381961663813304280e-06 3.188926971156263793e-06
1.111982057065915575e+00 1.083526153143763921e-06 9.949410509942773808e-07 3.695789082866195520e-07
1.115062339772469269e+00 1.826769286789606915e-07 6.987641228467747233e-08 3.486776326857141550e-07
1.118142622479022963e+00 5.518499280839995809e-08 7.905761349654326827e-09 5.767417102853766734e-08
1.121222905185576879e+00 3.351248930093663452e-07 6.965803919484289289e-08 1.943242434938280118e-07
1.124303187892130573e+00 1.456690180150544774e-06 1.086033028589108043e-06 1.419845919225803490e-06
1.127383470598684490e+00 1.479171405563938540e-06 1.622400020431889383e-06 1.198458606555720342e-06
1.130463753305238184e+00 7.888363555661077215e-07 1.022440950094903101e-06 7.567986460883664598e-07
1.133544036011792100e+00 3.551096080070772510e-06 5.576129329348081252e-06 2.381266783045873469e-06
1.136624318718345794e+00 6.868798520502019268e-04 1.132894807547804410e-03 1.574628519485827844e-04
1.139704601424899488e+00 1.656800594523363855e-03 2.717349423703295953e-03 3.542973314191457074e-04
1.142784884131453405e+00 2.391237893197253243e-04 3.904177619399747633e-04 5.002605643161039348e-05
1.145865166838007099e+00 1.172472725985580063e-06 1.691121270565370848e-06 1.951991889610492135e-07
1.148945449544560793e+00 9.330722698871309595e-07 1.240445531204121078e-06 1.023175003322861841e-07
1.152025732251114709e+00 2.606918054362407316e-06 4.340311026532907975e-06 4.305495148115611774e-08
1.155106014957668403e+00 2.725078256501530611e-06 4.729114357284108882e-06 2.910190400903715065e-08
1.158186297664222320e+00 7.029154262537387000e-07 1.252184364105691165e-06 1.426383950386527207e-07
1.161266580370776014e+00 1.123263446719098912e-07 1.755755811292446534e-07 3.039890770104333792e-07
1.164346863077329930e+00 5.690443373582134906e-07 8.120333363646156329e-07 1.828001279646071090e-07
1.167427145783883624e+00 2.062191578340809714e-06 2.233776707811643912e-06 2.189083957533255540e-07
1.170507428490437318e+00 2.466665177603278278e-06 2.304614611529062800e-06 1.180801490827100664e-06
1.173587711196991235e+00 1.257456915774967719e-06 1.113487760214180196e-06 3.461104966984367274e-06
1.176667993903544929e+00 5.070902678773865174e-07 3.505355029269747023e-07 1.834985909090743095e-06
1.179748276610098623e+00 4.671363438873188433e-04 1.877242468015189532e-04 2.037284073870073190e-05
1.182828559316652317e+00 2.170458203129076603e-03 8.745300076982172712e-04 6.579012256359989953e-05
1.185908842023206233e+00 6.309377438889985030e-04 2.541047021482098055e-04 1.710968689063512515e-05
1.188989124729760150e+00 2.533261086637220169e-07 1.397279900815558881e-07 8.573408939660495032e-08
1.192069407436313844e+00 6.823116791974365267e-07 2.914419324641894488e-07 2.267372744750675691e-08
1.195149690142867760e+00 1.766198739239608579e-06 1.066541918732483271e-06 1.565383419264521739e-07
1.198229972849421454e+00 2.262331501224568076e-06 2.085444243468882768e-06 2.209482146301332300e-07
1.201310255555975148e+00 9.080264613474257956e-07 1.050798483348108163e-06 1.075583905430064334e-07
1.204390538262529065e+00 1.280772623006386349e-07 1.568756172549275836e-07 9.954779817714358118e-08
1.207470820969082759e+00 4.184712340461252228e-07 5.904126585228334800e-07 4.310579795024133816e-07
1.210551103675636453e+00 2.047704077898005026e-06 2.492730783818226881e-06 5.203255406935693400e-07
1.213631386382190369e+00 3.167634281416871620e-06 3.000038414772158073e-06 6.499723233187930246e-07
1.216711669088744063e+00 1.659600977205683325e-06 1.160258760471511097e-06 1.696608567100784996e-07
1.219791951795297980e+00 2.208499411255464492e-06 2.032939476033064880e-06 1.438152270682073624e-06
1.222872234501851674e+00 3.226027687970072421e-04 2.792448013342082973e-04 2.080670258300376110e-04
1.225952517208405590e+00 3.129069972180182225e-03 2.691886921323576563e-03 2.000671368274026165e-03
1.229032799914959284e+00 1.713138110211444038e-03 1.475582672876403056e-03 1.106439111282424758e-03
1.232113082621512978e+00 1.679891521115840916e-05 1.486686894208256889e-05 1.279573807250450149e-05
1.235193365328066673e+00 1.408823473139597896e-06 1.018531031487863962e-06 6.537943770190063892e-07
1.238273648034620589e+00 1.462289805237059251e-06 6.709415603894279426e-07 5.524354412875384843e-07
1.241353930741174283e+00 1.601712899682988865e-06 5.886120791902744626e-07 2.065181601230380473e-06
1.244434213447728199e+00 7.776670805482576364e-07 2.276559994493091895e-07 1.178875849841478538e-06
1.247514496154282115e+00 1.138192174516833248e-07 4.451470569472942920e-08 1.978749076429231170e-08
1.250594778860835810e+00 1.222343443519296810e-07 2.711949707823802702e-08 2.205903360279331546e-07
1.253675061567389504e+00 8.263299465328323532e-07 1.445477858222759404e-07 5.196429773750424845e-07
1.256755344273943420e+00 2.128319456193150486e-06 5.690744938592978710e-07 1.255187108828056547e-06
1.259835626980497114e+00 1.466214519141608324e-06 5.248633133561441646e-07 2.552250682776117059e-07
1.262915909687050808e+00 2.397015299154569325e-06 1.951021162371361204e-06 1.366925176398007278e-06
1.265996192393604503e+00 1.234192894268269520e-04 1.037369411763757105e-04 7.468878129151116968e-05
1.269076475100158419e+00 2.985159952299148208e-03 2.513636145775294695e-03 1.789286931745187690e-03
1.272156757806712113e+00 2.978895959499647771e-03 2.503250267359494186e-03 1.795691837494044468e-03
1.275237040513266029e+00 1.170685145492683307e-04 9.871784602077467348e-05 7.395200246717918387e-05
1.278317323219819945e+00 3.195004092070044043e-06 2.453315810768046114e-06 1.778705025382722232e-06
1.281397605926373640e+00 1.649828437984949385e-06 1.240722463367829665e-06 3.146187200770861489e-07
1.284477888632927334e+00 2.368850053180176474e-06 2.685238915717033676e-06 5.033034345072741386e-07
1.287558171339481028e+00 1.896141222932959539e-06 2.594766048319760229e-06 1.694843452354827478e-07
1.290638454046034944e+00 3.393696901212516427e-07 5.244940906296375675e-07 7.327972301144164771e-08
1.293718736752588638e+00 1.027725591916150703e-07 7.754716720904083249e-08 1.352786647917714345e-07
1.296799019459142333e+00 8.888624085132036901e-07 6.321566770360349325e-07 3.679241229075901902e-07
1.299879302165696249e+00 2.702096858694749731e-06 1.852862171122034125e-06 9.486330862858464512e-08
1.302959584872249943e+00 2.069932376753764876e-06 1.528849891180230939e-06 3.620907425426555355e-08
1.306039867578803859e+00 1.311771694022386767e-06 1.021906781530893616e-06 1.962732438206657196e-07
1.309120150285357775e+00 2.370631294135171579e-05 1.951664728918634932e-05 3.534524784225646941e-06
1.312200432991911470e+00 2.087398216201929481e-03 1.738064547757782376e-03 1.160512731136770773e-04
1.315280715698465164e+00 3.805185195924870936e-03 3.173200676201223206e-03 1.804395811800719887e-04
1.318360998405018858e+00 3.816835170325392438e-04 3.180157011438540190e-04 1.819591396170940943e-05
1.321441281111572774e+00 3.654266214383082452e-06 3.042549833926426107e-06 1.720542666086007946e-07
1.324521563818126468e+00 1.488294739962963045e-06 1.122532467927967352e-06 1.355699711639167999e-07
1.327601846524680163e+00 2.097427975522034844e-06 1.578918759813186362e-06 2.141729689322693280e-07
1.330682129231234079e+00 2.104996105959397289e-06 2.104853895862023841e-06 1.307671941914697178e-07
1.333762411937787773e+00 4.885009631229441450e-07 5.865750694222250747e-07 5.584744919606048416e-08
1.336842694644341689e+00 6.667421208512267538e-08 5.555385058312940429e-08 1.255698936231572302e-07
1.339922977350895383e+00 6.506367158912325590e-07 5.490606871215997042e-07 2.912977265125498645e-08
1.343003260057449300e+00 2.909294484077799699e-06 2.504517473087651050e-06 2.111851482020028018e-07
1.346083542764002994e+00 3.022392248914501983e-06 2.550362626072503822e-06 3.027415579251445321e-07
1.349163825470556688e+00 1.361684697274117960e-06 1.173954600125000210e-06 3.565592897335767746e-07
1.352244108177110604e+00 1.493152006502277538e-06 1.496970214435976089e-06 8.390421179751544404e-07
1.355324390883664298e+00 1.308172522369257032e-03 1.391247475205115028e-03 1.295850689087626345e-04
1.358404673590217993e+00 4.465866756362877471e-03 4.753836554052256330e-03 4.194516740030036837e-04
1.361484956296771909e+00 9.509924118730323211e-04 1.014802569940605539e-03 8.833842264757482275e-05
1.364565239003325825e+00 7.431052731775443463e-07 7.256552593982647357e-07 1.131350250460004651e-07
1.367645521709879519e+00 1.117497126599750200e-06 9.624974945552141204e-07 1.089318507033813846e-07
1.370725804416433213e+00 2.216789099424838322e-06 1.544822163717548976e-06 3.127230045208351083e-07
1.373806087122987130e+00 1.989347309171240987e-06 1.101338576227433968e-06 1.303517804255563118e-07
1.376886369829540824e+00 5.307984359177566009e-07 2.450369043123030279e-07 7.695753746307589801e-08
1.379966652536094518e+00 5.816210845907018161e-08 2.172697304894284542e-08 4.287248315977392576e-08
1.383046935242648434e+00 2.905061685903581892e-07 1.561038140943411993e-07 2.017329183418774704e-08
1.386127217949202128e+00 1.802843323659547551e-06 1.044083824303173703e-06 2.104659281413154071e-07
1.389207500655755823e+00 2.931227372852219932e-06 1.756990028763270608e-06 7.989543654586660604e-07
1.392287783362309739e+00 1.690949162164182105e-06 1.121210498895524021e-06 7.738873146398144372e-07
1.395368066068863655e+00 1.341360402537415212e-06 1.255914574079764930e-06 3.821553991399366866e-07
1.398448348775417349e+00 4.201625296518744085e-04 4.288876449500064617e-04 1.001660324091750000e-05
1.401528631481971043e+00 2.863541002229532794e-03 2.925968719666279839e-03 1.880160480736622558e-05
1.404608914188524960e+00 1.174583602818237912e-03 1.201669900920029161e-03 3.841665842091068291e-06
1.407689196895078654e+00 3.941854161817640437e-06 4.140534478410266679e-06 7.445621662957283322e-08
1.410769479601632348e+00 8.487163059521232488e-07 5.864003080662401624e-07 2.390506349283367117e-08
1.413849762308186042e+00 1.903322001909377886e-06 1.272199694770742620e-06 7.579894816414634209e-08
1.416930045014739958e+00 2.151019272500423525e-06 1.370445725111508496e-06 8.788101589454794143e-08
1.420010327721293653e+00 8.768398772560436993e-07 5.430175296053559031e-07 5.323054904888994547e-07
1.423090610427847569e+00 1.109151652969699636e-07 7.251210363155510834e-08 1.511388493170476308e-07
1.426170893134401485e+00 1.845307523253131415e-07 1.585719840064026892e-07 2.058233889875048986e-08
1.429251175840955179e+00 1.256380503869100541e-06 9.216570023417677221e-07 6.841508825009021895e-08
1.432331458547508873e+00 2.514055617861736629e-06 1.467237282276535758e-06 5.564902930606056636e-07
1.435411741254062790e+00 1.542456708743565893e-06 8.728042677578183027e-07 4.762262836760122172e-07
1.438492023960616484e+00 8.731697375756988352e-07 4.660114538568862749e-07 3.766742952454045692e-07
1.441572306667170178e+00 5.270360157735891815e-05 2.598752901316833414e-05 1.110137889537341905e-05
1.444652589373723872e+00 8.086422711614022927e-04 4.101087038215440257e-04 9.733372353720983936e-05
1.447732872080277788e+00 6.114479212421074358e-04 3.103837376077312545e-04 6.900812364880225735e-05
1.450813154786831705e+00 1.364963124377876938e-05 7.046216166551380295e-06 2.038010561213753310e-06
1.453893437493385399e+00 7.037507719601152102e-07 2.415786944657926794e-07 5.623624434650482020e-08
1.456973720199939315e+00 9.351584169597031412e-07 3.008734919514697055e-07 1.175638342941608442e-07
1.460054002906493009e+00 1.291466308906639725e-06 3.493738245551337063e-07 2.153339199525326595e-07
1.463134285613046703e+00 7.639132277776372541e-07 2.211263413856935512e-07 1.034463886844859383e-07
1.466214568319600398e+00 1.183470868675464195e-07 3.773071822744535146e-08 8.194301410848545775e-08
1.469294851026154314e+00 7.729229471809306166e-08 5.347291120582952221e-08 6.089578443887159487e-08
1.472375133732708008e+00 6.001640246953628383e-07 3.797901741678473977e-07 1.326238729973610154e-07
1.475455416439261702e+00 1.634113688431184501e-06 8.649310321976372328e-07 2.132301640540561308e-07
1.478535699145815618e+00 1.110088115822196830e-06 5.052341891876209547e-07 1.008642153291769696e-07
1.481615981852369535e+00 4.922074530865406782e-07 1.814112436216655284e-07 1.000659754868862571e-07
1.484696264558923229e+00 5.553292808879997783e-06 4.500898441360963758e-07 4.837663262247380422e-06
1.487776547265477145e+00 2.232660988516011803e-04 1.161525596083246812e-05 8.696142173960353630e-05
1.490856829972030839e+00 3.055841858679582521e-04 1.538143968194598341e-05 1.002965799706608013e-04
1.493937112678584533e+00 2.040626487467117115e-05 1.001690895036958571e-06 6.451168905796208774e-06
1.497017395385138228e+00 4.492758118851725728e-07 6.173376108754065196e-08 1.855509792319532442e-07
1.500097678091692144e+00 4.843866577865221392e-07 1.919259470679618875e-07 1.079511598802450092e-07
1.503177960798245838e+00 1.016427337395254668e-06 4.614091832072141711e-07 3.284778472926300963e-07
1.506258243504799532e+00 7.717166625687660465e-07 2.883693149896108604e-07 8.513539449649138045e-08
1.509338526211353448e+00 1.463610411000436033e-07 4.819929481992895315e-08 1.081973035851931727e-07
1.512418808917907365e+00 3.554836906707603972e-08 1.202155544247652080e-08 9.628614097404781181e-08
1.515499091624461059e+00 1.895237942485338042e-07 3.804392130688061684e-08 2.261123823960512080e-07
1.518579374331014753e+00 8.289422673955475793e-07 2.558741266934073882e-07 6.854094800813743369e-08
1.521659657037568669e+00 8.680519782167385483e-07 3.371742542092698861e-07 3.852118718084537370e-08
1.524739939744122363e+00 4.402362699249860729e-07 1.900851408217187880e-07 1.424365008678833048e-07
1.527820222450676058e+00 9.420145686641952240e-07 3.787889078861960695e-07 1.582136287554533712e-06
1.530900505157229974e+00 1.697773660648028711e-04 7.221041501676017660e-05 3.538455212661242703e-05
1.533980787863783668e+00 4.261896098269684317e-04 1.809987467118983728e-04 5.856357077810832535e-05
1.537061070570337584e+00 6.451333454149563130e-05 2.716830977053714431e-05 7.574916892979254756e-06
1.540141353276891278e+00 2.997501921162232195e-07 1.485082291377984754e-07 1.730846880286330728e-07
1.543221635983445195e+00 3.114267399845041243e-07 1.638524027951896666e-07 8.657373848327493332e-08
1.546301918689998889e+00 1.039530148993162276e-06 6.591418516124207582e-07 4.391720293691069378e-08
1.549382201396552583e+00 1.213831894060024777e-06 7.873791276071997604e-07 6.119761914709285388e-08
1.552462484103106499e+00 3.382811355129526941e-07 2.110874831059906567e-07 6.216159118402205496e-09
1.555542766809660193e+00 4.626650286676479157e-08 2.367956659040800545e-08 1.792729601300126823e-08
1.558623049516213888e+00 1.337635796860953777e-07 6.714326809738648864e-08 5.858346858195042574e-08
1.561703332222767804e+00 7.249683937640398715e-07 3.825842126919036883e-07 1.113770680218952596e-07
1.564783614929321498e+00 1.086820490052652750e-06 6.114960017396031122e-07 5.546232046347394401e-07
1.567863897635875414e+00 5.810336302433805654e-07 3.322636315662970867e-07 6.609954208347403936e-07
1.570944180342429330e+00 2.637621575300474535e-07 1.432882862339301820e-07 5.762916964343597051e-07
1.574024463048983025e+00 1.438552822338636916e-04 7.694056550452475058e-05 3.316972436437623300e-04
1.577104745755536719e+00 6.965134034202588456e-04 3.729558223719211672e-04 1.570233725525357546e-03
1.580185028462090413e+00 2.118152456895727623e-04 1.134527239630547856e-04 4.733067328992624900e-04
1.583265311168644107e+00 1.201580073207601095e-07 7.547342044073272777e-08 2.458932373073017828e-07
1.586345593875197801e+00 2.676445938443882636e-07 1.405570675483532589e-07 6.288829715477476275e-08
1.589425876581751940e+00 7.803890427551993632e-07 3.655349719150520201e-07 7.576945158479615572e-08
1.592506159288305634e+00 1.144514238380856920e-06 5.222486919503692439e-07 1.304877450019759144e-07
1.595586441994859328e+00 4.620530911822402776e-07 1.904627669538833224e-07 1.373224616757014970e-07
1.598666724701413244e+00 5.907097716312930368e-08 2.106058501122854918e-08 2.860628094266890759e-08
1.601747007407966938e+00 9.133672840867650788e-08 3.896461084115053497e-08 3.602459898098818126e-08
1.604827290114520633e+00 5.962858222130721299e-07 2.721707550284273989e-07 1.852937691137630039e-08
1.607907572821074327e+00 1.186253211736114167e-06 5.639855292652937273e-07 1.680733868626085559e-07
1.610987855527628465e+00 6.868223381189522938e-07 3.130995407153001500e-07 8.233235891331066872e-08
1.614068138234182159e+00 6.555814157314471977e-07 2.947983810907822081e-07 4.431351995265998914e-07
1.617148420940735853e+00 7.299295328040325938e-05 2.993532192540365286e-05 4.057320779638664394e-05
1.620228703647289548e+00 7.418513621645701122e-04 3.026748289494412170e-04 3.746044766064609557e-04
1.623308986353843242e+00 4.233002588945473910e-04 1.723057055535743166e-04 2.094883115279126760e-04
1.626389269060397158e+00 4.716211081413954862e-06 1.931381119568430745e-06 2.612798531571086622e-06
1.629469551766950852e+00 4.322269467134154444e-07 1.732322254759139264e-07 9.863797715689758919e-08
1.632549834473504990e+00 5.770694131729816574e-07 2.092993204396995639e-07 3.118488799046168277e-08
1.635630117180058685e+00 9.514969461173159188e-07 3.389831721271361520e-07 1.267582988058966316e-07
1.638710399886612379e+00 5.350718617452104422e-07 1.626239840906189819e-07 1.287509832774436604e-07
1.641790682593166073e+00 7.879507469760441295e-08 2.507096011966770351e-08 3.463533622703585908e-08
1.644870965299719767e+00 5.660452782323019753e-08 1.810145417658603762e-08 4.264704642590764045e-08
1.647951248006273461e+00 4.030604122440592788e-07 1.116263663188038923e-07 6.524756346694310440e-08
1.651031530712827600e+00 9.823947201258784332e-07 2.810124302801987902e-07 9.163240396353748747e-08
1.654111813419381294e+00 6.440144733316716133e-07 1.815828100833081962e-07 8.821463184943297305e-08
1.657192096125934988e+00 5.671791405841908724e-07 1.572230715706526583e-07 1.490711013136670680e-07
1.660272378832488904e+00 2.039320545528873049e-05 4.818845274018115537e-06 8.152813157836385190e-06
1.663352661539042598e+00 5.175090477962103301e-04 1.214436013474619883e-04 1.390751428322662840e-04
1.666432944245596293e+00 5.387310052148034994e-04 1.258878083478699326e-04 1.335642635628105979e-04
1.669513226952149987e+00 2.295696487018842799e-05 5.332019463496130835e-06 5.654924359654357317e-06
1.672593509658704125e+00 6.408800088215021910e-07 1.383261483456460066e-07 1.662976144686513925e-07
1.675673792365257819e+00 3.778883748522150241e-07 7.411098620404439696e-08 2.573206311390548479e-07
1.678754075071811513e+00 7.610376094776673424e-07 2.260642931722167364e-07 7.929110553499949003e-07
1.681834357778365208e+00 6.346696318946351297e-07 1.974466144514446161e-07 4.653104532319088638e-07
1.684914640484919124e+00 1.231119047537882716e-07 4.309633117260008287e-08 1.073088666156950296e-07
1.687994923191472818e+00 4.156732514242875414e-08 1.492733472360663064e-08 1.098245707281713989e-08
1.691075205898026512e+00 3.030538029449483990e-07 7.677163175851566731e-08 1.525382263724290430e-07
1.694155488604580651e+00 8.499044941503843506e-07 1.912990755206244653e-07 3.872350717421398074e-07
1.697235771311134345e+00 6.459374020721049218e-07 1.426936123416431052e-07 2.569209764575148347e-07
1.700316054017688039e+00 3.749933878847866905e-07 9.939990162952866548e-08 2.756286585425370331e-07
1.703396336724241733e+00 3.643537042448384346e-06 9.035997794256309430e-07 6.022907268264065136e-06
1.706476619430795427e+00 3.339947685683340305e-04 8.258726711961825466e-05 5.108304120508855859e-04
1.709556902137349121e+00 6.359204314645254541e-04 1.570762297874620601e-04 9.557523904324994072e-04
1.712637184843903038e+00 6.799399562931690382e-05 1.676363249904917041e-05 1.007722439563046510e-04
1.715717467550456954e+00 5.778275649392792137e-07 1.367149916640684680e-07 8.819762306894625279e-07
1.718797750257010870e+00 2.547486138715835878e-07 4.081479674127672772e-08 1.852557306205209066e-07
1.721878032963564564e+00 5.585986840266861203e-07 1.101582938499403120e-07 1.617182324061038722e-07
1.724958315670118258e+00 6.221542073008827889e-07 1.442356914684152940e-07 1.146750038774526769e-07
1.728038598376671953e+00 1.642345190313445767e-07 4.126533301245762080e-08 3.764179772151550097e-08
1.731118881083225647e+00 3.189818780142647872e-08 9.047782306754839048e-09 4.329066537049591301e-08
1.734199163789779341e+00 1.987596323793601460e-07 3.064770387963348399e-08 9.776727816389229297e-08
1.737279446496333479e+00 7.399096323855629402e-07 1.136048435204825986e-07 2.848948302569777291e-07
1.740359729202887173e+00 7.595465349294953325e-07 1.356338770516270677e-07 4.103571073926431459e-07
1.743440011909440868e+00 3.743269824520503683e-07 8.379920741384885445e-08 3.635983313907902778e-07
1.746520294615994784e+00 3.071095487802528200e-07 8.621737025076474182e-08 7.481044778263511785e-07
1.749600577322548478e+00 2.123125994384800100e-04 7.331443574618565825e-05 6.496542269857943886e-05
1.752680860029102172e+00 7.599569727158563210e-04 2.615312383949172106e-04 2.121083788957392154e-04
1.755761142735655866e+00 1.707242089516987989e-04 5.866889690561635377e-05 4.653625647988902681e-05
1.758841425442210005e+00 8.238029543661731903e-08 2.484272199203267929e-08 8.287207820700916883e-08
1.761921708148763699e+00 2.154480856536622624e-07 5.868470175713643369e-08 2.124458709926227969e-07
1.765001990855317393e+00 5.925119399936615989e-07 1.785858409326252134e-07 3.622485420052632606e-07
1.768082273561871087e+00 7.221258910475422045e-07 2.381866597944328839e-07 3.341393151293939736e-07
1.771162556268425003e+00 2.547994496748735453e-07 8.391147808309127483e-08 1.830754394495491520e-07
1.774242838974978698e+00 3.644678906280824508e-08 1.045094540988703629e-08 6.335822211388584483e-08
1.777323121681532614e+00 1.311338285886164031e-07 1.624876014677388072e-08 1.549628939876100738e-07
1.780403404388086530e+00 6.762096203429430364e-07 1.015841311738938031e-07 7.534771036902114882e-07
1.783483687094640224e+00 1.012509604916612837e-06 2.026385155631081980e-07 1.041617046192645690e-06
1.786563969801193918e+00 5.744686837295657518e-07 1.480767770426892378e-07 8.653270293715458170e-07
1.789644252507747613e+00 4.269116824570804877e-07 1.472992553762551582e-07 1.056381861627861175e-06
1.792724535214301307e+00 1.006679227431446196e-04 3.894742175076603661e-05 1.668749353700589566e-04
1.795804817920855001e+00 7.240463505082603279e-04 2.797310490482862342e-04 1.149340719107126707e-03
1.798885100627409139e+00 3.122892234250697232e-04 1.203852197606719609e-04 4.896774464612358140e-04
1.801965383333962833e+00 1.289642828345212553e-06 4.968131942155496147e-07 2.084453571772545231e-06
1.805045666040516750e+00 2.744258803504216992e-07 9.334554848095366766e-08 4.987056854543547871e-07
1.808125948747070444e+00 6.491672374807515668e-07 2.089771154945340976e-07 7.787469109045135257e-07
1.811206231453624138e+00 8.387731099554206474e-07 2.967247509689702733e-07 1.359639307648556443e-06
1.814286514160177832e+00 4.025483223191519718e-07 1.516636319458297177e-07 9.761364896076419284e-07
1.817366796866731526e+00 5.353752301295770772e-08 1.692048714660105621e-08 2.226558951555167794e-07
1.820447079573285665e+00 9.045764176148326459e-08 1.716526367676674474e-08 1.876916843738980273e-07
1.823527362279839359e+00 6.274934127709445649e-07 1.423287017348003182e-07 1.009218144161704066e-06
1.826607644986393053e+00 1.272598998552866099e-06 3.276710655651635904e-07 1.969184894433418474e-06
1.829687927692946747e+00 8.002110638194323603e-07 2.374772275309689350e-07 1.308664584208007494e-06
1.832768210399500663e+00 5.208906013043586950e-07 1.983150653884919626e-07 4.854919073546766476e-07
1.835848493106054358e+00 2.997539110221934626e-05 1.255791436163366151e-05 9.981455701747760038e-06
1.838928775812608052e+00 4.913919474051677569e-04 2.059758640932906324e-04 1.445610904935401792e-04
1.842009058519162190e+00 3.902271478461280703e-04 1.634176195874734877e-04 1.151026478449820569e-04
1.845089341225715884e+00 9.706411428206777146e-06 4.065370680990642743e-06 3.349809846473115786e-06
1.848169623932269579e+00 4.537934504713292702e-07 1.792339779541279266e-07 7.741031923125568665e-08
1.851249906638823273e+00 5.531278833633838848e-07 1.651491821632664646e-07 4.917642438874436088e-08
1.854330189345376967e+00 7.331082723129587256e-07 1.937065268762956888e-07 3.062483756411019406e-08
1.857410472051930883e+00 4.483380130641587704e-07 1.250181799733225709e-07 1.928781720917895280e-09
1.860490754758484577e+00 6.606694909403383137e-08 1.512684557624948813e-08 1.636866203943979358e-08
1.863571037465038494e+00 4.936886254672930660e-08 7.551118878426116264e-09 9.834625417851712121e-09
1.866651320171592410e+00 4.390919902367881816e-07 9.226470169624047589e-08 9.629234090428110046e-08
1.869731602878146104e+00 1.173543316816822323e-06 2.730926448328857778e-07 2.649883531223018699e-07
1.872811885584699798e+00 8.412600808461935668e-07 2.120726691775505858e-07 1.259155880191481212e-07
1.875892168291253492e+00 3.455724223968150185e-07 1.030504589877761734e-07 9.770593183919718051e-08
1.878972450997807186e+00 4.650195059130310870e-06 1.960671946056236858e-06 3.436364548892562214e-06
1.882052733704361325e+00 2.177267595773272333e-04 9.406464696246593976e-05 9.665120959694598014e-05
1.885133016410915019e+00 3.146840280237833513e-04 1.357632828048941753e-04 1.282049274859581875e-04
1.888213299117468713e+00 2.276619220252232891e-05 9.843740854797625146e-06 9.177540555667939323e-06
1.891293581824022629e+00 3.818368888376364639e-07 1.495045358838650848e-07 1.131797885474022786e-07
1.894373864530576324e+00 3.491501105211704803e-07 8.905174939038962222e-08 1.480007559325210321e-08
1.897454147237130018e+00 5.862832974775716563e-07 1.131356594229783647e-07 7.414749726406671521e-08
1.900534429943683712e+00 4.423852878352886064e-07 8.035725439814454575e-08 1.307248831729342170e-07
1.903614712650237850e+00 8.415376915354750837e-08 1.273298115437599261e-08 5.322884119576567772e-08
1.906694995356791544e+00 2.771766980360256454e-08 3.111917157593415106e-09 2.179166850980945487e-08
1.909775278063345239e+00 2.417525290942648869e-07 4.497979861345719137e-08 8.755039368971146259e-08
1.912855560769898933e+00 8.385396469388681828e-07 1.618005564199724992e-07 2.399016931260709788e-07
1.915935843476452627e+00 7.638689275354760667e-07 1.468969374257050792e-07 1.822747326014137643e-07
1.919016126183006543e+00 3.067227030907812269e-07 5.465676333091227880e-08 4.758374869148745992e-08
1.922096408889560237e+00 3.771134467046405942e-07 8.378412294565142848e-08 6.032779927061358007e-07
1.925176691596114376e+00 5.659866140441206295e-05 1.727204382109348576e-05 1.050142136126212518e-04
1.928256974302668070e+00 1.507961516155587826e-04 4.618811504794121796e-05 2.703405036008685162e-04
1.931337257009221764e+00 2.443597118205101783e-05 7.515877085510677116e-06 4.386221630521144833e-05
1.934417539715775458e+00 8.568791604969181560e-08 1.831454241840572015e-08 9.084922263625048550e-08
1.937497822422329152e+00 1.627603513616626196e-07 2.232716263036963268e-08 8.679205154228249714e-08
1.940578105128882846e+00 4.595932557287951979e-07 5.185625952833560750e-08 2.989464896711304979e-07
1.943658387835436763e+00 4.759519159505064212e-07 4.653909118930422379e-08 2.551016562627267236e-07
1.946738670541990679e+00 1.285951733026368120e-07 1.119811245805473312e-08 3.985891386730878701e-08
1.949818953248544373e+00 2.301044604081200498e-08 1.699076355018335581e-09 6.741782206776602863e-08
1.952899235955098289e+00 1.191137208555370196e-07 1.828233946566287107e-08 2.243596880776281990e-07
1.955979518661651984e+00 5.540060025662385327e-07 8.921471890154044841e-08 7.764728073825706184e-07
1.959059801368205678e+00 7.116277286056963107e-07 1.072226282797534565e-07 8.358150995241497437e-07
1.962140084074759372e+00 3.408646332747902671e-07 4.685618714815731499e-08 3.359939782819171922e-07
1.965220366781313066e+00 1.482069577796647388e-07 2.038778838544843623e-08 3.962250262224855958e-07
1.968300649487867204e+00 2.010488891754855708e-05 8.107056765032747598e-07 2.397336877901298118e-04
1.971380932194420899e+00 1.015258243570985486e-04 4.116860557549790758e-06 1.213414397183764509e-03
1.974461214900974593e+00 3.243619077643819130e-05 1.326738652564874587e-06 3.865278696564366612e-04
1.977541497607528509e+00 2.861716194412249324e-08 2.662934149463914693e-09 3.343670170563109896e-07
1.980621780314082203e+00 1.042552249523021041e-07 8.216958919658246889e-09 5.845690088768412949e-08
1.983702063020635897e+00 3.721182176045587186e-07 3.225677998136981963e-08 9.218599830418776418e-08
1.986782345727189591e+00 5.240249609827522914e-07 3.796125806442265362e-08 1.954792767605893389e-07
1.989862628433743730e+00 2.029177579008271722e-07 1.135583292465582769e-08 1.207447838445483024e-07
1.992942911140297424e+00 2.851822240504920881e-08 1.509067270562127625e-09 1.187771371570181232e-08
1.996023193846851118e+00 5.362970173709689683e-08 5.052719086692693456e-09 2.841112217652593573e-08
1.999103476553404812e+00 3.447382660973453260e-07 3.889601611021534293e-08 8.895411170360138676e-08
2.002183759259958507e+00 6.663431531211965701e-07 7.817593736294813316e-08 4.753051696682785926e-08
2.005264041966512423e+00 3.818498456422117663e-07 4.278814257057133068e-08 4.255898668540215960e-08
2.008344324673066339e+00 2.309470529498804157e-07 1.982644356833869999e-08 4.363066168362474920e-07
2.011424607379620255e+00 1.515577044699362932e-05 5.423224672563601899e-07 5.383927245227219330e-05
2.014504890086173727e+00 1.600539658609860874e-04 5.385593247816217371e-06 5.591209677509082453e-04
2.017585172792727644e+00 9.536181136786244731e-05 3.145127234576487313e-06 3.282748696635266121e-04
2.020665455499281560e+00 1.174953508303345887e-06 3.736012867228691966e-08 4.168755820928753884e-06
2.023745738205835032e+00 1.537504579119557996e-07 9.773744513047713704e-09 2.832107395894029929e-07
2.026826020912388948e+00 3.229686515702551012e-07 2.865105336091637457e-08 1.445674772508083184e-07
2.029906303618942864e+00 5.748516168014198274e-07 5.084203323568621630e-08 2.982865357679958630e-07
2.032986586325496781e+00 3.249700161099578825e-07 2.360502574658713159e-08 1.791734559980572494e-07
2.036066869032050253e+00 4.736745576004108798e-08 2.967312939494887979e-09 5.222920589436993924e-08
2.039147151738604169e+00 2.680950745621053078e-08 2.418742202412962508e-09 3.556048807494927905e-08
2.042227434445157641e+00 2.208181724828865491e-07 2.269174037708908452e-08 2.291932905955509822e-07
2.045307717151711557e+00 5.967152500584162495e-07 6.598832294198057452e-08 7.031686012088092090e-07
2.048387999858265474e+00 4.217421678880133963e-07 4.631960005526719125e-08 5.034614699403921956e-07
2.051468282564819390e+00 2.842992296358905369e-07 2.286299939036753549e-08 3.092210044639764330e-07
2.054548565271373306e+00 6.559807334491805956e-06 2.226085532627362247e-07 1.065225212245294094e-05
2.057628847977926778e+00 1.730264949961368324e-04 5.259728519061458616e-06 2.916064566849549617e-04
2.060709130684480694e+00 1.878106556654494843e-04 5.616401701719794466e-06 3.177132592875142689e-04
2.063789413391034167e+00 8.565793684287387020e-06 2.483609620559103990e-07 1.535378052966955356e-05
2.066869696097588083e+00 2.751687399435354904e-07 1.053643605944787006e-08 3.220060484998360153e-07
2.069949978804141555e+00 2.470257368355204458e-07 1.464451353285586395e-08 1.938800292987022900e-07
2.073030261510695915e+00 5.153516034523601264e-07 3.691163649511830909e-08 5.246669452213097853e-07
2.076110544217249387e+00 4.191260497703382261e-07 2.582816108594433342e-08 5.908140601177028430e-07
2.079190826923803304e+00 7.645462460578261599e-08 4.140258358058176622e-09 1.517702680527323086e-07
2.082271109630357220e+00 1.593398636441870145e-08 1.759801371914505563e-09 7.491511527341277217e-09
2.085351392336910692e+00 1.385072081950879113e-07 1.493755113161215169e-08 1.672323829534028493e-07
2.088431675043464608e+00 4.806786574182964071e-07 5.107272859758456608e-08 5.421655727688904735e-07
2.091511957750018080e+00 4.351009848848210402e-07 4.357436361701850033e-08 4.233552538295453029e-07
2.094592240456572441e+00 2.504865337554117607e-07 1.919980067053257166e-08 1.551857132468630825e-07
2.097672523163125913e+00 1.339138177455199017e-06 3.296920125068893995e-08 3.852847690870065968e-07
2.100752805869679829e+00 1.234531880033644348e-04 1.751487996550260084e-06 2.508162967540842901e-05
2.103833088576233301e+00 2.446835509958701746e-04 3.369660419279764604e-06 5.100202324474383447e-05
2.106913371282787217e+00 2.762814071401926736e-05 3.707163973274834580e-07 6.156854556534083265e-06
2.109993653989341134e+00 2.451064874218787000e-07 3.507862451324536064e-09 3.882296934432290621e-08
2.113073936695894606e+00 1.612628454380074336e-07 3.942635875290018904e-09 1.334033158813993219e-07
2.116154219402448966e+00 3.805506290801353072e-07 1.724229554727568120e-08 3.811717406539303762e-07
2.119234502109002438e+00 4.126605226611825680e-07 1.781510019252504994e-08 4.328134369949406155e-07
2.122314784815556354e+00 1.047760976729887920e-07 4.282448127526574434e-09 1.722934500235422857e-07
2.125395067522109827e+00 1.338307882140100220e-08 1.471201661906059669e-09 3.799674831633672797e-08
2.128475350228663743e+00 7.210879314804039931e-08 9.389960349959754164e-09 4.903132639484781847e-08
2.131555632935217215e+00 3.249421156725643227e-07 3.591497355494385503e-08 4.618953114460806482e-07
2.134635915641771575e+00 4.052510778086193629e-07 3.627947943960252328e-08 8.575560184076766055e-07
2.137716198348325047e+00 2.253249549060679470e-07 1.431295533649698491e-08 5.553788523459810418e-07
2.140796481054878964e+00 1.478669161981832066e-07 8.196936736157782018e-09 3.635064962288940826e-07
2.143876763761432880e+00 6.302005590541391404e-05 2.631164330254414493e-07 3.014966176157924944e-04
2.146957046467986352e+00 2.347751726605764298e-04 9.066793911440182899e-07 1.145797522323153744e-03
2.150037329174540268e+00 5.522388688151950065e-05 2.083552226357090529e-07 2.715042262064153557e-04
2.153117611881093740e+00 2.924130885170318500e-08 3.870925140660078189e-10 7.284494489425722790e-08
2.156197894587648101e+00 1.008027888239197521e-07 5.596792326437154124e-10 1.697008728599175667e-07
2.159278177294201573e+00 2.856681063240897360e-07 7.700341752942154099e-09 6.943593118156219685e-07
2.162358460000755489e+00 3.800275325159324166e-07 1.371701634301431490e-08 1.015089247236107563e-06
2.165438742707308961e+00 1.404240555346438892e-07 5.414503334586809155e-09 3.551380579132627529e-07
2.168519025413862877e+00 1.675980203280711363e-08 1.524530341072886933e-09 6.623781020639960158e-08
2.171599308120416794e+00 3.336479277026399000e-08 6.515108233387510606e-09 1.314223634969023134e-07
2.174679590826970266e+00 2.073541780428013712e-07 2.840855163313093188e-08 5.849117190042905957e-07
2.177759873533524626e+00 3.703082714365899110e-07 3.542533171751367947e-08 8.175173016931414413e-07
2.180840156240078098e+00 2.270398764992913267e-07 1.460947171828105233e-08 3.275408247479936246e-07
2.183920438946632014e+00 1.497537610102686189e-07 6.629725472424997736e-09 2.594125847389319767e-07
2.187000721653185487e+00 2.361030057856829061e-05 1.691064186657999646e-07 5.063560108893930945e-05
2.190081004359739403e+00 1.765537796605760109e-04 1.189823428150617166e-06 3.769981079033827057e-04
2.193161287066292875e+00 7.939019509959753963e-05 5.401111908785215683e-07 1.692457131829722019e-04
2.196241569772846791e+00 3.867129020947080163e-07 4.221607342360648981e-09 9.754647262466906883e-07
2.199321852479400707e+00 9.704129041168504629e-08 3.541025539420975751e-10 9.207837401188664412e-08
2.202402135185954624e+00 2.241317459531334188e-07 6.415284857641327092e-09 1.980104055447655319e-07
2.205482417892508540e+00 3.386889298414120400e-07 1.729247800972880910e-08 2.638529353005534710e-07
2.208562700599062012e+00 1.777550157004493105e-07 1.016487935311790921e-08 1.044449454353307623e-07
2.211642983305615928e+00 2.284927330142844274e-08 2.213871804202522620e-09 1.830696126302379808e-08
2.214723266012169400e+00 1.454367647714904841e-08 4.468614612976785210e-09 4.873949176689089010e-08
2.217803548718723317e+00 1.331064511528147715e-07 2.461262398767923678e-08 2.805207672265951335e-07
2.220883831425277233e+00 3.374736611276657680e-07 4.533495790472203013e-08 5.428937016495355074e-07
2.223964114131831149e+00 2.360782823020408270e-07 2.403276035681793006e-08 3.144997521971055900e-07
2.227044396838384621e+00 1.553189444372387231e-07 1.121314596348776082e-08 2.891746468320591584e-07
2.230124679544938537e+00 6.376435011210409445e-06 2.811338015989230217e-07 1.034309135315485921e-05
2.233204962251492454e+00 1.078797228740233506e-04 4.641116190825245553e-06 1.680844969389482283e-04
2.236285244958045926e+00 8.907686673529953815e-05 3.868327548000052797e-06 1.379926725762388733e-04
2.239365527664599842e+00 2.399411143991837181e-06 1.122207862952382182e-07 3.989099068099962659e-06
2.242445810371153758e+00 1.276159890468671097e-07 3.822053649628435407e-09 1.522684144074899654e-07
2.245526093077707674e+00 1.673490565923396591e-07 1.173270197659597761e-08 7.417603602279819635e-08
2.248606375784261147e+00 2.724157712939236211e-07 3.116541861427553520e-08 1.675366355024131452e-07
2.251686658490815063e+00 1.890246001563380540e-07 2.402806878066051455e-08 1.167036074896263507e-07
2.254766941197368979e+00 2.866708427989491525e-08 4.785133638440953225e-09 2.240028135785893539e-08
2.257847223903922451e+00 6.343726200631732724e-09 3.089112243301471330e-09 1.099799155424127436e-08
2.260927506610476367e+00 7.634578814968566342e-08 2.284934867818553529e-08 4.006351017984459955e-08
2.264007789317030284e+00 2.664910990100646728e-07 6.592691449535893397e-08 6.339684179241857970e-08
2.267088072023584200e+00 2.269819522880469724e-07 4.815473277196879881e-08 4.650504714370454293e-08
2.270168354730137672e+00 1.164023723028345530e-07 2.096004582073828000e-08 3.793724846296403261e-08
2.273248637436691588e+00 1.082944617461285673e-06 1.903953910380361940e-07 4.459509774287619800e-07
2.276328920143245060e+00 5.100129330761363162e-05 8.987318224366337886e-06 1.235572322655605881e-05
2.279409202849798977e+00 7.647953697139689650e-05 1.359560103256499156e-05 1.736276093453623112e-05
2.282489485556352893e+00 5.852231098726370986e-06 1.070334691666451557e-06 1.702238579340327523e-06
2.285569768262906809e+00 1.043451981674055825e-07 1.447542957318149449e-08 3.978759402471736930e-08
2.288650050969460725e+00 1.024267929815266860e-07 1.874134216683845705e-08 6.568742396934303280e-08
2.291730333676014197e+00 1.971791314440746452e-07 4.986803286688862761e-08 1.256175400894700844e-07
2.294810616382568114e+00 1.731590307348831631e-07 4.836612238487625031e-08 1.054705183877683121e-07
2.297890899089121586e+00 3.438840951544075529e-08 1.119498947549775414e-08 2.326601273276444251e-08
2.300971181795675502e+00 3.914446355520872590e-09 2.504568223242899240e-09 1.822558770776511108e-09
2.304051464502229418e+00 3.837848117300921157e-08 2.127498182420242567e-08 2.010520453463197127e-09
2.307131747208783334e+00 1.775237565833367250e-07 8.612407820435965798e-08 1.617937553756512811e-08
2.310212029915336807e+00 1.975009793357749969e-07 8.548101089858758722e-08 3.187366248274239657e-08
2.313292312621890723e+00 9.680016155290416590e-08 3.741130634116861364e-08 2.891418512780674615e-08
2.316372595328444639e+00 1.158706339293200916e-07 5.026007798848863012e-08 2.054614129347011500e-07
2.319452878034998111e+00 1.751745968499745612e-05 8.085063784635330422e-06 2.647416020536947926e-05
2.322533160741552027e+00 4.844821624249046087e-05 2.258383643681965527e-05 7.160813816009165326e-05
2.325613443448105944e+00 8.224347751279317026e-06 3.906661104398611744e-06 1.244732037848613195e-05
2.328693726154659860e+00 2.797590520998113654e-08 8.407900187903267245e-09 5.956912033709217416e-08
2.331774008861213332e+00 4.608652692158385939e-08 1.804399063131353052e-08 2.830894704629419056e-08
2.334854291567767248e+00 1.198891160043996674e-07 6.029990505444779745e-08 6.340505369510079111e-08
2.337934574274320720e+00 1.328916949014952581e-07 7.170678762391953538e-08 8.637326900920219072e-08
2.341014856980874637e+00 3.691155636878433860e-08 2.204847386818473823e-08 2.493426398605202583e-08
2.344095139687428553e+00 3.660300902316705155e-09 2.884454013289631719e-09 6.161096311011583631e-09
2.347175422393982469e+00 1.666675722097139259e-08 1.625383321793540080e-08 1.080474892481080188e-08
2.350255705100536385e+00 1.013816227715470579e-07 8.837111334111675510e-08 6.374237834892760993e-08
2.353335987807089857e+00 1.535998122021556942e-07 1.207350156200946396e-07 7.360809722737478564e-08
2.356416270513643774e+00 8.242114010329500513e-08 6.026639892235813765e-08 2.833311236536175470e-08
2.359496553220197246e+00 3.850659935148096347e-08 2.986631675598855779e-08 1.361036915963301503e-07
2.362576835926751162e+00 4.667934508905415591e-06 4.049898679613888763e-06 8.337887212902785018e-05
2.365657118633304634e+00 2.479754901619767387e-05 2.179988296241727817e-05 4.419449588205141919e-04
2.368737401339858994e+00 8.294924693867485917e-06 7.406985635256773872e-06 1.467809865178273628e-04
2.371817684046412467e+00 1.054804114547473336e-08 8.322239992713866012e-09 2.093107825579428166e-07
2.374897966752966383e+00 1.985112809483694013e-08 1.388186095565975273e-08 2.847232839161014916e-08
2.377978249459520299e+00 6.356752541565263428e-08 5.942219615853455489e-08 2.738270767234044241e-08
2.381058532166073771e+00 8.797256522742691695e-08 8.734002489029783604e-08 2.816253779745091095e-08
2.384138814872627687e+00 3.445669269284651071e-08 3.734035563659873496e-08 5.686519641618291987e-09
2.387219097579181604e+00 3.815848990583384905e-09 4.721571645082598171e-09 7.306680058180278856e-10
2.390299380285735520e+00 6.177618885589507955e-09 9.822356923156269252e-09 1.340149283476245578e-08
2.393379662992288992e+00 4.869200522627595979e-08 7.398458869514138262e-08 7.441256899551271485e-08
2.396459945698842908e+00 1.032267385666668327e-07 1.422777710194171600e-07 7.104214223192009000e-08
2.399540228405396380e+00 6.261772668856099460e-08 8.139790268796370727e-08 6.584927195881125302e-08
2.402620511111950297e+00 3.122273444348845402e-08 3.840703396105069075e-08 7.455191412992530102e-07
2.405700793818504213e+00 1.195631926266643237e-06 1.573546341280087875e-06 7.994503895563867665e-05
2.408781076525058129e+00 1.310976125855495492e-05 1.754039239258138748e-05 9.290581752532751838e-04
2.411861359231612045e+00 8.131023085522968671e-06 1.102076316281924814e-05 5.757684031855135609e-04
2.414941641938165517e+00 1.125388053719962043e-07 1.609012337227761164e-07 8.346889449685291820e-06
2.418021924644719434e+00 1.432060279952061618e-08 1.697475664754163657e-08 3.246229606561040927e-07
2.421102207351272906e+00 3.385935388115456013e-08 5.366135846320394579e-08 4.084351141575944974e-08
2.424182490057826822e+00 6.044308509216513680e-08 9.961097233761758734e-08 2.557868390986804677e-08
2.427262772764380738e+00 3.388014708173277021e-08 5.957167682819281853e-08 6.441196811982460042e-09
2.430343055470934654e+00 4.561293508881552752e-09 8.839648374260250798e-09 2.932549735529559301e-09
2.433423338177488127e+00 2.324533136763544146e-09 5.262313729605963073e-09 7.681933242863505847e-09
2.436503620884042043e+00 2.169848381597043118e-08 5.595441784313678418e-08 3.735440923884342508e-08
2.439583903590595959e+00 6.406535355567140933e-08 1.534065086243440750e-07 4.030020176750364552e-08
2.442664186297149431e+00 4.753496217818645945e-08 1.064382357266429455e-07 1.092805421812950978e-07
2.445744469003703347e+00 2.533997338830567657e-08 5.028991637025622844e-08 6.208903091257897452e-07
2.448824751710256820e+00 2.917080617369598149e-07 6.312412215201702537e-07 2.422017205797969563e-05
2.451905034416811180e+00 7.651633877132903389e-06 1.681200583509550998e-05 7.655805604471022183e-04
2.454985317123364652e+00 8.601442139622046600e-06 1.909889064165722942e-05 8.662843507709749175e-04
2.458065599829918568e+00 4.153083212426451099e-07 9.533136372248225182e-07 4.298072685488137611e-05
2.461145882536472485e+00 1.457943133718451765e-08 2.944946961934337577e-08 7.656280490246212602e-07
2.464226165243025957e+00 1.740565582505488381e-08 4.768469141739768358e-08 7.608803207540437817e-08
2.467306447949579873e+00 4.048083881551788038e-08 1.083952645496266864e-07 2.028112274096877922e-08
2.470386730656133345e+00 3.267289013796891081e-08 8.898363298628200040e-08 1.473841232939808509e-08
2.473467013362687705e+00 5.622286715743682496e-09 1.691632755843183423e-08 1.467382790633471719e-08
2.476547296069241177e+00 1.129173092519387473e-09 3.173560003406074111e-09 8.394121446173251151e-09
2.479627578775795094e+00 9.858521043408825854e-09 3.970736364922961071e-08 2.311389451823238965e-08
2.482707861482348566e+00 3.870137329551611708e-08 1.528093678164234098e-07 2.778968679663923675e-08
2.485788144188902482e+00 3.823623121546787377e-08 1.392169091997839795e-07 7.219502745367572786e-08
2.488868426895456398e+00 2.040760725810436612e-08 6.646793727558451836e-08 1.555272700195116028e-07
2.491948709602010315e+00 5.084757298151357142e-08 1.920894057101334247e-07 3.045095996814813248e-06
2.495028992308564231e+00 3.952796487571538175e-06 1.581834043272683553e-05 4.501597153289106320e-04
2.498109275015117703e+00 8.083280931779768936e-06 3.274261857372995696e-05 9.358094020279390541e-04
2.501189557721671619e+00 9.516339671970431530e-07 3.943717428761267625e-06 1.120359220587544702e-04
2.504269840428225091e+00 9.339669976282144695e-09 3.212590221820707697e-08 5.600395249543664722e-07
2.507350123134779007e+00 8.010989594342982658e-09 4.001333679958734658e-08 8.015346323930835581e-08
2.510430405841332480e+00 2.337576279515839359e-08 1.089749770822615277e-07 1.035056864369271092e-07
2.513510688547886840e+00 2.609888767811605338e-08 1.181986826592189518e-07 1.410222366645855837e-07
2.516590971254440312e+00 6.201844262176580728e-09 3.102868310335117602e-08 6.337657009836354155e-08
2.519671253960994228e+00 8.058334063718031185e-10 3.259920565982072232e-09 1.069206500859723876e-08
2.522751536667548145e+00 4.311052591652908774e-09 2.600128910915099674e-08 1.505539153452623848e-09
2.525831819374101617e+00 2.125671034255536374e-08 1.368251977454577977e-07 5.828715873667660640e-09
2.528912102080655533e+00 2.882225690123614444e-08 1.720672738806713379e-07 3.809162338236981351e-08
2.531992384787209005e+00 1.542399043273693329e-08 8.773004495770161963e-08 4.331777547231994010e-08
2.535072667493763365e+00 9.358816527603927633e-09 5.352535596863569231e-08 1.679863049516008029e-07
2.538152950200316837e+00 1.333145330590065065e-06 1.132829364025903055e-05 2.292464604425494381e-04
2.541233232906870754e+00 5.073629169225522780e-06 4.415578967279729919e-05 9.050774775030142423e-04
2.544313515613424226e+00 1.233266148894870120e-06 1.096553443311322983e-05 2.234524234613030115e-04
2.547393798319978142e+00 1.330381423191264074e-09 4.139293618332985888e-09 2.169356664328924638e-08
2.550474081026532058e+00 3.313814330207322285e-09 3.054958852748070857e-08 3.736462800165947447e-08
2.553554363733085530e+00 1.206238748197933453e-08 1.001637667246986862e-07 1.347833831670769937e-07
2.556634646439639891e+00 1.851243925044011550e-08 1.363883885085226833e-07 1.942194143440322186e-07
2.559714929146193363e+00 6.553084163640177238e-09 5.160789689012813194e-08 8.695377979864463304e-08
2.562795211852747279e+00 7.683295126909781391e-10 5.408353973373622572e-09 2.524405530311941094e-08
2.565875494559300751e+00 1.863380484660098893e-09 1.528881281601612117e-08 1.157104515824934504e-08
2.568955777265854667e+00 1.124553885911106985e-08 1.101089698835833886e-07 4.316176979952283826e-08
2.572036059972408140e+00 2.024784070013083440e-08 1.935827799912038968e-07 1.148063503313639624e-07
2.575116342678962056e+00 1.153196677358257726e-08 1.108865494421462196e-07 1.579042509663278922e-07
2.578196625385515972e+00 6.138560477552894947e-09 6.064606187028540007e-08 1.027568084337584313e-06
2.581276908092069888e+00 2.702307881273871956e-07 5.848701350132197737e-06 2.134146657257610439e-04
2.584357190798623805e+00 2.001166596049007585e-06 4.589268045274930234e-05 1.695818904587612910e-03
2.587437473505177277e+00 9.222111944775810919e-07 2.168105464384524627e-05 7.947975981421101423e-04
2.590517756211731193e+00 5.469282464929099535e-09 1.288488513261250026e-07 4.934327153059304220e-06
2.593598038918284665e+00 1.712723644959846854e-09 3.070680453065321295e-08 2.302683883060668709e-07
2.596678321624838581e+00 5.652149388227813245e-09 8.711250834770191213e-08 1.855069317434439769e-07
2.599758604331392497e+00 1.215530297559014757e-08 1.399966797690871025e-07 1.902466381772163192e-07
2.602838887037946414e+00 6.475901816964007459e-09 7.588899102289214329e-08 1.151195499352740667e-07
2.605919169744499886e+00 8.076110943246579876e-10 9.700992231543956421e-09 2.808955632151216317e-08
2.608999452451053802e+00 8.341244580891049674e-10 7.944758313390874610e-09 2.349737381756777628e-08
2.612079735157607718e+00 6.280330303050220296e-09 8.027641838067852799e-08 8.207523464063930152e-08
2.615160017864161190e+00 1.470507566187171777e-08 1.963985841515558039e-07 2.095498206222901744e-07
2.618240300570715551e+00 9.759098441158042121e-09 1.302794660149210357e-07 2.159089511511077782e-07
2.621320583277269023e+00 4.834108673113761810e-09 7.133444554861751745e-08 1.183283064447389186e-06
2.624400865983822939e+00 5.491986774139310777e-08 2.129752599824652246e-06 8.696212649377315035e-05
2.627481148690376411e+00 8.566088677225203332e-07 3.790574201447338091e-05 1.530363254983162702e-03
2.630561431396930328e+00 7.261739188781320482e-07 3.278739540463271790e-05 1.299799691864776978e-03
2.633641714103484244e+00 2.150055375509873562e-08 9.815211859186533161e-07 3.872161930153096007e-05
2.636721996810037716e+00 1.250142609690631588e-09 4.581494010860435860e-08 1.015794361141039942e-06
2.639802279516591632e+00 2.906541631698209033e-09 7.310308476484122749e-08 2.663281418255308136e-07
2.642882562223145548e+00 7.994972614091145141e-09 1.343718785711948031e-07 1.561411891517074049e-07
2.645962844929699465e+00 6.163929627512694408e-09 9.997702164482429810e-08 1.414705145586059143e-07
2.649043127636252937e+00 9.574317225785646245e-10 1.661503730328607477e-08 2.372005405290018275e-08
2.652123410342806853e+00 3.935415828153039155e-10 4.016167492884592192e-09 2.024593043759856740e-08
2.655203693049360325e+00 3.569866509073998356e-09 5.338964523897707772e-08 1.059432633414495546e-07
2.658283975755914241e+00 1.105722845483523816e-08 1.806949579777092139e-07 2.590894675324377090e-07
2.661364258462468158e+00 9.158210742660896458e-09 1.481245397681957063e-07 1.540085141984264115e-07
2.664444541169022074e+00 4.365373853702704211e-09 7.189315241427132351e-08 5.374679239892132947e-07
2.667524823875575546e+00 1.830477266388624353e-08 5.127274204469860865e-07 2.116348368354445340e-05
2.670605106582129462e+00 7.502282475793343341e-07 2.522778211021212564e-05 9.710092621315292646e-04
2.673685389288683378e+00 1.167833571346631696e-06 3.959150257510619340e-05 1.463599690145645383e-03
2.676765671995236850e+00 9.643804175867712358e-08 3.258473491508228972e-06 1.177866138753089708e-04
2.679845954701790767e+00 1.375159835050170804e-09 4.954544151487287755e-08 1.344747752390853208e-06
2.682926237408344683e+00 1.998289083844021392e-09 5.539355742788372982e-08 1.633937625776724705e-07
2.686006520114898599e+00 6.284131227585967051e-09 1.224821966398827756e-07 9.038555241569924855e-08
2.689086802821452071e+00 6.636779485374384003e-09 1.191522216771325390e-07 8.996954243908411586e-08
2.692167085528005988e+00 1.422985703595257544e-09 2.686512879230199985e-08 1.271879714021983694e-08
2.695247368234559904e+00 2.189899828394593726e-10 2.906497126312049648e-09 4.281178494074479516e-09
2.698327650941113376e+00 2.075542253020350273e-09 3.225748931374446058e-08 5.905061714376357109e-08
2.701407933647667292e+00 8.645517691555536706e-09 1.508550645916150891e-07 1.720956848306652530e-07
2.704488216354221208e+00 9.481398988167357161e-09 1.656014937473395947e-07 1.543193687836340980e-07
2.707568499060775125e+00 4.717367102337557530e-09 8.144552602937380689e-08 1.842822259413955982e-07
2.710648781767328597e+00 5.282237938978448152e-09 9.082114752568416528e-08 2.759604197488543291e-06
2.713729064473882513e+00 6.759243519801387627e-07 1.349445426090546194e-05 3.994470271734037038e-04
2.716809347180435985e+00 1.950979471966109055e-06 3.906513793279659945e-05 1.067653080442170508e-03
2.719889629886989901e+00 3.515840955440321699e-07 7.033298628173600846e-06 1.850762248965346377e-04
2.722969912593543818e+00 7.178563848538025124e-10 1.755888204659825436e-08 3.210565732517492038e-07
2.726050195300097734e+00 1.420755853693199601e-09 3.569978516477868896e-08 4.631907660281312941e-08
2.729130478006651650e+00 5.387244328820468731e-09 1.037009655487705728e-07 9.819800266844907104e-08
2.732210760713205122e+00 7.258282271090342192e-09 1.272134821700309756e-07 1.459408898297371870e-07
2.735291043419759038e+00 2.186512769493903464e-09 4.016483099294570950e-08 5.197177617045068843e-08
2.738371326126312510e+00 1.832039409104826352e-10 3.777353050847678696e-09 9.676791020998281716e-09
2.741451608832866427e+00 1.172324311014670104e-09 1.738157033121479869e-08 2.435636427131581341e-08
2.744531891539420343e+00 6.775459703826216151e-09 1.130228583282315735e-07 3.373281895068532516e-08
2.747612174245974259e+00 1.032899473774990200e-08 1.736531245105645671e-07 4.079285067934958535e-08
2.750692456952527731e+00 5.701912634229359728e-09 9.431463108294377501e-08 4.243483961935102119e-08
2.753772739659081648e+00 3.008737452725153670e-09 4.794723555416041799e-08 5.369559651752505207e-07
2.756853022365635564e+00 3.993204008015315815e-07 5.755724615589129882e-06 1.286744082879086716e-04
2.759933305072189036e+00 2.232641809387439180e-06 3.212815180330381537e-05 6.189982031786574364e-04
2.763013587778742952e+00 7.872224965781153712e-07 1.132720321936180978e-05 2.057207533882805285e-04
2.766093870485296868e+00 1.290481065230578832e-09 1.816046785610724940e-08 3.415268810824478875e-07
2.769174153191850785e+00 1.079494486498591933e-09 2.370808221372629398e-08 3.605115199407976099e-08
2.772254435898404257e+00 4.267037421135932668e-09 8.061608067480626524e-08 3.438268236875203036e-08
2.775334718604958173e+00 6.709738989096980038e-09 1.218511620616060056e-07 7.283870656410285989e-08
2.778415001311511645e+00 2.817834042881815553e-09 5.463753370357419569e-08 2.595521616557339066e-08
2.781495284018065561e+00 2.323843283825788080e-10 6.019460877563111859e-09 4.878725201662137018e-09
2.784575566724619478e+00 5.488366397423580165e-10 8.283109077676046808e-09 1.406327357427797294e-08
2.787655849431173394e+00 4.606985696819405247e-09 7.577522516558670660e-08 1.408010696303703600e-08
2.790736132137727310e+00 9.781156981897931950e-09 1.633131555722732546e-07 7.434112538116221295e-09
2.793816414844280782e+00 6.096698131427923006e-09 1.008121275905490287e-07 2.397491556430380567e-08
2.796896697550834698e+00 3.264037323389671880e-09 5.177224400438381273e-08 2.499353044844159045e-07
2.799976980257388171e+00 1.367873070007342133e-07 1.925606847486668491e-06 3.423036607469210095e-05
2.803057262963942087e+00 1.603622515214060499e-06 2.246431139092879643e-05 2.962331387898326754e-04
2.806137545670495559e+00 1.046780812095912228e-06 1.466693466913047992e-05 1.750298975597978826e-04
2.809217828377049919e+00 1.694944126034370262e-08 2.342078137021409853e-07 2.791004941216081144e-06
2.812298111083603391e+00 1.342063911277882234e-09 2.367445565829988189e-08 1.078258271837957436e-07
2.815378393790157308e+00 3.008444596216845445e-09 5.776220654549330513e-08 2.455855789535117028e-08
2.818458676496711224e+00 5.354325480439485385e-09 1.064214438961992686e-07 7.286138947777643941e-08
2.821538959203264696e+00 3.074011231704262256e-09 6.732459236798978925e-08 3.858349513435750869e-08
2.824619241909818612e+00 3.323478874803267434e-10 9.484450324782889035e-09 1.205007187438945769e-08
2.827699524616372084e+00 1.898286804152643317e-10 3.675368297783309992e-09 1.650550445994763837e-08
2.830779807322926445e+00 2.591216005151613066e-09 4.607037912125650524e-08 3.266192730203155879e-08
2.833860090029479917e+00 7.582529406520103620e-09 1.373689893124359415e-07 3.018085385383906232e-08
2.836940372736033833e+00 5.703810935157475855e-09 1.026539633527742526e-07 1.207745153729407108e-08
2.840020655442587305e+00 2.753189072953030522e-09 5.046738681682967323e-08 7.161207877620289878e-08
2.843100938149141221e+00 2.523854025214576779e-08 4.976703426661439845e-07 8.433701530907325254e-06
2.846181220855695138e+00 6.876651247616033320e-07 1.378821162525242651e-05 1.231204514505977710e-04
2.849261503562248610e+00 8.114862656429296910e-07 1.630714353158669964e-05 1.211311989467824722e-04
2.852341786268802970e+00 4.344949402859830008e-08 8.685638721581547694e-07 6.079020798887510963e-06
2.855422068975356442e+00 1.229253588930495727e-09 2.590720101860680868e-08 1.026910144066548012e-07
2.858502351681910358e+00 1.787219019222126936e-09 3.842712284250813341e-08 1.066264168802435291e-08
2.861582634388463831e+00 3.822152913671050737e-09 8.625911239627139516e-08 2.926914297401480414e-08
2.864662917095017747e+00 2.885969841611827415e-09 7.514909360892655947e-08 2.265887826478753727e-08
2.867743199801571663e+00 4.383784847190794477e-10 1.433426623006605981e-08 5.931449315824218659e-09
2.870823482508125579e+00 4.756142516839993363e-11 1.972289815508086306e-09 4.437410538040194692e-09
2.873903765214679051e+00 1.205654590891322517e-09 2.570067223189649905e-08 1.218034645798597814e-08
2.876984047921232968e+00 5.072786828381328680e-09 1.048731970221729291e-07 1.419910453289950299e-08
2.880064330627786884e+00 5.104139440876597729e-09 1.026840008528721358e-07 8.866655007589144020e-09
2.883144613334340356e+00 2.426296906535067256e-09 5.081390366780870971e-08 2.529787484302916692e-08
2.886224896040894272e+00 3.656513149747647039e-09 1.038356742564962799e-07 2.373650351524256463e-06
2.889305178747447744e+00 2.034733500935495321e-07 7.721481064645249816e-06 2.621951586053723044e-05
2.892385461454002105e+00 4.349844250658776755e-07 1.661240421463828910e-05 2.017714608946014654e-05
2.895465744160555577e+00 5.525484104369357890e-08 2.105313861331835083e-06 1.245549936146740053e-06
2.898546026867109493e+00 5.090949258501509685e-10 1.729660666094196547e-08 9.537013540789259327e-09
2.901626309573663409e+00 9.542611554465193812e-10 2.404356686895773076e-08 3.965729019279595885e-09
2.904706592280216881e+00 2.515627749544369101e-09 6.668152168978028532e-08 1.484865519937496290e-08
2.907786874986770798e+00 2.387061939485797838e-09 7.726525531074402498e-08 1.238148718441480548e-08
2.910867157693324270e+00 5.074792722902617433e-10 2.087640766119312966e-08 4.707539275551545665e-09
2.913947440399878630e+00 2.050571130394269320e-11 1.916397274771406652e-09 2.599069183275812106e-09
2.917027723106432102e+00 4.693272171123779265e-10 1.325536744112209456e-08 4.868530870419101281e-09
2.920108005812986018e+00 2.981624446510052266e-09 7.411237160413749275e-08 6.697056408959633400e-09
2.923188288519539491e+00 4.250965254509412321e-09 1.000921846975707805e-07 1.617761689216819405e-08
2.926268571226093407e+00 2.218859496068330905e-09 5.320041586429444295e-08 3.342488246338442713e-08
2.929348853932647323e+00 1.292052675650069378e-09 3.228188217730854617e-08 1.051333350347955689e-06
2.932429136639200795e+00 6.322945172632000365e-08 3.915083211576428139e-06 2.539841446089210965e-05
2.935509419345755155e+00 2.536195613473139085e-07 1.580636185766829121e-05 2.907976988225042999e-05
2.938589702052308628e+00 6.622352057548087175e-08 4.096030170477731882e-06 2.817064666466584326e-06
2.941669984758862544e+00 9.789582571299371176e-11 3.534597740942297310e-09 3.285268604564075134e-08
2.944750267465416016e+00 5.314951288585421366e-10 1.501067305128616036e-08 2.582072133882227174e-09
2.947830550171969932e+00 1.645519584572039739e-09 4.983569616137038363e-08 1.555777847060210024e-08
2.950910832878523404e+00 1.910334934061555861e-09 7.365260617187212167e-08 2.447953182057872945e-08
2.953991115585077321e+00 5.751815577264680240e-10 2.875555544699896321e-08 6.801519767700044066e-09
2.957071398291631237e+00 3.206105020284527099e-11 2.802645720310979374e-09 1.862820646915573554e-09
2.960151680998185153e+00 1.554913153449230328e-10 6.360602902365379035e-09 8.116920108941916884e-09
2.963231963704739069e+00 1.541167575135718642e-09 4.940610104456124027e-08 5.265872835873531728e-09
2.966312246411292541e+00 3.166365820091888689e-09 9.310740222860624189e-08 1.603046368568000394e-08
2.969392529117846458e+00 1.929243301717308911e-09 5.521366007852589479e-08 2.529531458348843956e-08
2.972472811824399930e+00 9.081377299411791341e-10 2.950533693535787998e-08 2.937112545966613341e-07
2.975553094530954290e+00 2.825169603022491108e-08 1.693074087027133491e-06 2.764980646915847522e-05
2.978633377237507762e+00 2.330218240310296265e-07 1.368338653350517924e-05 4.932850569468417236e-05
2.981713659944061678e+00 1.160117313073335936e-07 6.717611259515534890e-06 5.423144644202356554e-06
2.984793942650615151e+00 8.778817799892330458e-10 4.720618013880996983e-08 6.600407256423562855e-08
2.987874225357169067e+00 3.062788167545862495e-10 1.253972611195237984e-08 7.357825712879263649e-09
2.990954508063722983e+00 1.025981113564448635e-09 3.586954474223308429e-08 2.068654629970876742e-08
2.994034790770276455e+00 1.432376149397823664e-09 6.402214798189846587e-08 3.593052648959363995e-08
2.997115073476830815e+00 6.291403108687990640e-10 3.591588184758263251e-08 1.672387890284118095e-08
3.000195356183384288e+00 5.766880427797741889e-11 4.348776512009728267e-09 6.595115548317692579e-09
3.003275638889938204e+00 4.051350092437887290e-11 2.830185869987078748e-09 1.292992922912455745e-08
3.006355921596491676e+00 6.941474864384536346e-10 3.079532154560812547e-08 1.414037358078804160e-08
3.009436204303045592e+00 2.078486053342281072e-09 7.966399370730511406e-08 1.349956587787621770e-09
3.012516487009599064e+00 1.515790867861388780e-09 5.510985769803247923e-08 7.503446650762862711e-09
3.015596769716152981e+00 6.756118397568950651e-10 2.969735389215718279e-08 1.746241160948501867e-08
3.018677052422706897e+00 1.115851982621612300e-08 5.665471314622224609e-07 2.361272115618655580e-05
3.021757335129260813e+00 2.156478731148526539e-07 1.025244336560642811e-05 7.663720925037548193e-05
3.024837617835814729e+00 1.963886964298641996e-07 9.197300791688591226e-06 1.665642592046279286e-05
3.027917900542368201e+00 6.510410650180883989e-09 2.966182122726288742e-07 1.488169555173359048e-07
3.030998183248922118e+00 2.675738521745367253e-10 1.511949716069749681e-08 3.234466661092483811e-09
3.034078465955475590e+00 5.409766199431875452e-10 2.485343695644038235e-08 1.045359039020389419e-08
3.037158748662029506e+00 8.566297285922636101e-10 5.107648196765522802e-08 2.628163891440787399e-08
3.040239031368583422e+00 5.481863112815420810e-10 4.009533703435276544e-08 1.169361743751688503e-08
3.043319314075137338e+00 7.467678190095841908e-11 6.506200597024342564e-09 5.881001819713360514e-09
3.046399596781690811e+00 9.299432142165104896e-12 1.259556094654272436e-09 2.517734465648517796e-08
3.049479879488244727e+00 2.629415608935388454e-10 1.769972148818374338e-08 5.220452945335955071e-08
3.052560162194798643e+00 1.122220745379936864e-09 6.170181370125716305e-08 2.066528956522270961e-08
3.055640444901352115e+00 9.944104970416925944e-10 5.335210848804475537e-08 1.834755738340159972e-08
3.058720727607906031e+00 4.349672714134662095e-10 2.743152129383886267e-08 1.016401682846133831e-07
3.061801010314459948e+00 2.364612376866704793e-09 1.314252409056269785e-07 1.672603677121857951e-05
3.064881293021013864e+00 1.280197614930950264e-07 6.294473402879957450e-06 1.571733095084313974e-04
3.067961575727567336e+00 2.109889696251907610e-07 1.023767142651732595e-05 1.232338734455959515e-04
3.071041858434121252e+00 1.850872150507295913e-08 8.887884678946641022e-07 7.086952190731194070e-06
3.074122141140675168e+00 2.258750961048062256e-10 1.413016139263234361e-08 8.471955941346284963e-08
3.077202423847228641e+00 2.279495573537045187e-10 1.603652492585772123e-08 1.651127268364431060e-08
3.080282706553782557e+00 3.971665218449597080e-10 3.811826716148299329e-08 6.083471120879712774e-08
3.083362989260336473e+00 3.503786314326922597e-10 4.005737053061810355e-08 3.468369668202453383e-08
3.086443271966890389e+00 7.086736833685329322e-11 9.128618353681241740e-09 5.198127472334928436e-09
3.089523554673443861e+00 5.425612938377402371e-12 8.137484256426448087e-10 1.313032885422108667e-08
3.092603837379997778e+00 7.588824464260831609e-11 9.318114038004451999e-09 4.298993395290610827e-08
3.095684120086551250e+00 4.503783807055919078e-10 4.372070116504387895e-08 2.189945897331094523e-08
3.098764402793105166e+00 5.249975686384916043e-10 5.058107703596001234e-08 3.766065802139931370e-08
3.101844685499659082e+00 2.474639218957020567e-10 2.645267515078536519e-08 1.531981717844007417e-07
3.104924968206212998e+00 2.683364160541678447e-10 2.567601131543654322e-08 7.062815964338466161e-06
3.108005250912766915e+00 4.294493923058514101e-08 3.101640329903248990e-06 1.902079473165686578e-04
3.111085533619320387e+00 1.293682924500793718e-07 9.307072753835056702e-06 3.142125602792313955e-04
3.114165816325874303e+00 2.424979282976580869e-08 1.752878985791024886e-06 4.392977745766441498e-05
3.117246099032427775e+00 5.607447815837156068e-11 4.911599175327963487e-09 1.119540538723066417e-07
3.120326381738981691e+00 7.301212629800091580e-11 9.491949635918887451e-09 1.296028000184328249e-08
3.123406664445535608e+00 1.620624791840165864e-10 2.721161292410312961e-08 6.807245667163009456e-08
3.126486947152089524e+00 1.850888307382899881e-10 3.620791052017969503e-08 8.144898753458400909e-08
3.129567229858642996e+00 5.897783380541899863e-11 1.184866141035078763e-08 2.047838347570786729e-08
3.132647512565196912e+00 6.228194829793017986e-12 9.661358629119548252e-10 1.388876847838441086e-08
3.135727795271750828e+00 1.590210002241935914e-11 4.409999304526721145e-09 6.959313020590344081e-08
3.138808077978304301e+00 1.437665231568461888e-10 2.843312855003499074e-08 5.620802269962342280e-08
3.141888360684858661e+00 2.473739435765464405e-10 4.554421996199823545e-08 1.942553525849328502e-08
3.144968643391412133e+00 1.228333052591944008e-10 2.580800496594567578e-08 7.441993402770962357e-08
3.148048926097966049e+00 6.380509250344708591e-11 1.390017686737523120e-08 1.752095957771607811e-06
3.151129208804519521e+00 7.272212959914599814e-09 1.211860883199675180e-06 1.608647451506940880e-04
3.154209491511073438e+00 4.136781950755414815e-08 7.016594440704534932e-06 5.460815260853096658e-04
3.157289774217626910e+00 1.483182214642252702e-08 2.578141078276228531e-06 1.608312267192904554e-04
3.160370056924180826e+00 3.961894808230367101e-11 6.017714522343083558e-09 3.687286726334791533e-07
3.163450339630734742e+00 2.506133860274875583e-11 6.197631360993598691e-09 4.094609370305803372e-08
3.166530622337288214e+00 4.731266148842197652e-11 1.903754223586307170e-08 3.497720526426467627e-08
3.169610905043842131e+00 7.183353052671258766e-11 3.050758934653587172e-08 5.869547063685749880e-08
3.172691187750395603e+00 3.912553162719242255e-11 1.429456769068198357e-08 1.738940782145107170e-08
3.175771470456949963e+00 6.164248916829962028e-12 1.432681022616321255e-09 9.422313697564294562e-09
3.178851753163503879e+00 5.535927354640693974e-12 1.863779493910864392e-09 6.194069267625127227e-08
3.181932035870057796e+00 5.257514429337109022e-11 1.714684252195498716e-08 9.836212732418322754e-08
3.185012318576611268e+00 1.141131760407638923e-10 3.809511046944793367e-08 6.719151579329803535e-08
3.188092601283165184e+00 5.699460129821750843e-11 2.454363082796815711e-08 5.263048338854080296e-08
3.191172883989718656e+00 3.343639778317555783e-11 1.304656380111664342e-08 4.142489951008605550e-07
3.194253166696272572e+00 5.309211722886562472e-10 3.662635994567157492e-07 8.254626251270084588e-05
3.197333449402826488e+00 6.030758686022852463e-09 4.428913344851816333e-06 5.377445932045758943e-04
3.200413732109379961e+00 3.884288484197396379e-09 3.010111752746215752e-06 2.938532370093727467e-04
3.203494014815933877e+00 6.408774267761655811e-11 5.328237999532520759e-08 4.841245782117399371e-06
3.206574297522487349e+00 9.392320043891079868e-12 5.721663776726222368e-09 2.051104076265022374e-07
3.209654580229041265e+00 6.496703711617004181e-12 1.280178680326804762e-08 4.048577962017165148e-08
3.212734862935595181e+00 2.942995082298078941e-11 2.400274774663903755e-08 3.213877164549973873e-08
3.215815145642148654e+00 3.212750659585014952e-11 1.575064255613697300e-08 1.147966663652629787e-08
3.218895428348703014e+00 9.045329268554992950e-12 2.089306701141994674e-09 2.230414859679409705e-09
3.221975711055256930e+00 7.172526945451755671e-12 7.292047600392349674e-10 1.993423997405057865e-08
3.225055993761810402e+00 4.504903237969212720e-11 9.571225271345294769e-09 5.840736330997849132e-08
3.228136276468364319e+00 9.712335001920385554e-11 2.911495242584915694e-08 7.859575186840956525e-08
3.231216559174918235e+00 5.584883033749209678e-11 2.283906661288556311e-08 4.789616419860478811e-08
3.234296841881471707e+00 2.028099076857691754e-11 1.156409733354792913e-08 1.056918772843260854e-07
3.237377124588025623e+00 1.124563525151879438e-10 8.553778862634313840e-08 2.591596851644159159e-05
3.240457407294579095e+00 4.028429023143573869e-09 2.414638591468119586e-06 2.404750296588104323e-04
3.243537690001133011e+00 5.286930776441563533e-09 2.973487982277153222e-06 1.963739853165175433e-04
3.246617972707686484e+00 3.403990077718295479e-10 1.691216245191661702e-07 9.432404104948643187e-06
3.249698255414240400e+00 4.843190134941652911e-12 5.382353751535779182e-09 1.688636781924560161e-07
3.252778538120794316e+00 9.755620898484757892e-12 8.001849811727716648e-09 3.547263530217250116e-08
3.255858820827347788e+00 5.156056014574199354e-11 1.753750117906605825e-08 4.586113813887440063e-08
3.258939103533901704e+00 7.130876895618453125e-11 1.567641798681409761e-08 2.619720787420930394e-08
3.262019386240456065e+00 2.427314755541176779e-11 2.894299143442435492e-09 5.710112758159083629e-09
3.265099668947009981e+00 7.974153728245876549e-12 3.357477509187343690e-10 5.352162336182920815e-09
3.268179951653563453e+00 5.147581481750119063e-11 4.877459800220210954e-09 8.800199430054171659e-09
3.271260234360117369e+00 1.456343681843264268e-10 2.006243767669567531e-08 2.220692973306467624e-08
3.274340517066670841e+00 1.096460621790983082e-10 2.056813429370504378e-08 4.876773911385441323e-08
3.277420799773224758e+00 4.085084752655124511e-11 1.050759780938425291e-08 9.519843925270148759e-08
3.280501082479778230e+00 1.032924525111663470e-10 1.724367558520033718e-08 7.313082386923086099e-06
3.283581365186332146e+00 1.059162122623125529e-08 1.179280327244069133e-06 7.296416074750534172e-05
3.286661647892886062e+00 2.460969539095529834e-08 2.643099941717286394e-06 4.037283787821873050e-05
3.289741930599439534e+00 3.442748481371704282e-09 3.529549471102116317e-07 6.647327519735791111e-07
3.292822213305993451e+00 1.226296464615995652e-11 3.153735889350562719e-09 1.770924093116518662e-08
3.295902496012546923e+00 2.230935463031124906e-11 4.629732113581321876e-09 1.521849897462574628e-08
3.298982778719100839e+00 1.004504159095926557e-10 1.214267396044639388e-08 4.943472976529282715e-08
3.302063061425655199e+00 1.598848766135091249e-10 1.438221141580244244e-08 3.245757190693504195e-08
3.305143344132209116e+00 6.137349984726303351e-11 3.846430141703408203e-09 1.041593242454525165e-08
3.308223626838762588e+00 8.811578656583974711e-12 2.979810117338186853e-10 1.185260988139226115e-08
3.311303909545316504e+00 4.868438528465991134e-11 2.284446406476805167e-09 2.118033827498778746e-08
3.314384192251869976e+00 1.952673157741835085e-10 1.270109652983184035e-08 3.212609606474771972e-09
3.317464474958423892e+00 2.107419143534253960e-10 1.779766623019678521e-08 1.416280943053379037e-08
3.320544757664977809e+00 1.027790860420973363e-10 9.771413398217235236e-09 5.190919229251602573e-08
3.323625040371531281e+00 5.934379954568405891e-11 5.905147428235525268e-09 1.848430484370697402e-06
3.326705323078085197e+00 1.108939513072019039e-08 5.325348483564910492e-07 8.528096819496367885e-05
3.329785605784638669e+00 4.808182010310334731e-08 2.239795967989146031e-06 2.045941892151982512e-04
3.332865888491192585e+00 1.334606199890432229e-08 6.074711825957878069e-07 4.406926424093458134e-05
3.335946171197746501e+00 2.077373650582929030e-12 9.048133800522535816e-10 5.959071857390264392e-08
3.339026453904299974e+00 2.861022504803748262e-11 2.732604048212713645e-09 8.090879293233936248e-09
3.342106736610853890e+00 1.344501385306324085e-10 8.205544408713291789e-09 3.593013494107067194e-08
3.345187019317408250e+00 2.472412914949927557e-10 1.238224628341631290e-08 6.238192125727377754e-08
3.348267302023961722e+00 1.223999822635664856e-10 4.880832474759021558e-09 2.841817465337159514e-08
3.351347584730515639e+00 1.665281328575368550e-11 4.339605842513660689e-10 2.365851236546258267e-08
3.354427867437069555e+00 3.398544758384441238e-11 9.886262955778587237e-10 6.105144121300905980e-08
3.357508150143623027e+00 1.997355110995814563e-10 7.587203507027020795e-09 7.980751937344012191e-08
3.360588432850176943e+00 3.121458710665895939e-10 1.471528900996358988e-08 2.577462520737077200e-08
3.363668715556730415e+00 1.749406157811995472e-10 9.043997555970546482e-09 2.819780357086469609e-08
3.366748998263284332e+00 1.072290657717955431e-10 4.965289080689861145e-09 4.450361668461292513e-07
3.369829280969838248e+00 9.360142736279398790e-09 2.186121107780673140e-07 6.431619442869951180e-05
3.372909563676391720e+00 8.182663451068961508e-08 1.840209529618143599e-06 3.355048642511378101e-04
3.375989846382945636e+00 4.244525013280488051e-08 9.423067056154746110e-07 1.454551327369070599e-04
3.379070129089499108e+00 3.484531909971036881e-10 7.682830029119945961e-09 1.211666230652142822e-06
3.382150411796053024e+00 5.982596754181272986e-11 2.211929461068229217e-09 6.484070471339482838e-08
3.385230694502606497e+00 1.687734622868069614e-10 5.603126909306857753e-09 1.708560410287141469e-08
3.388310977209161301e+00 3.351365891843754123e-10 1.011748128570544396e-08 9.237682293608722204e-08
3.391391259915714773e+00 2.245775280256020763e-10 5.833247862690444930e-09 5.644136936697828581e-08
3.394471542622268689e+00 3.645093813384593925e-11 6.875297307118002284e-10 3.092286588270181403e-08
3.397551825328822162e+00 1.755306725045967177e-11 3.989131370170993389e-10 7.885683001292017211e-08
3.400632108035376078e+00 1.827325933438834498e-10 4.363755530709168798e-09 1.608480767285659629e-07
3.403712390741929994e+00 4.186605681516843450e-10 1.157353939650229857e-08 8.990353008326173527e-08
3.406792673448483466e+00 2.727102561676835982e-10 8.384743445041009631e-09 1.367185295670303680e-08
3.409872956155037382e+00 1.752029080540513658e-10 4.728755316958662806e-09 8.684687259206032920e-08
3.412953238861590854e+00 4.607448792011873271e-09 7.228109151898335656e-08 2.642238002869082698e-05
3.416033521568144771e+00 9.353051096061531567e-08 1.362349307176097191e-06 1.835383807027335965e-04
3.419113804274698243e+00 8.836958632077783268e-08 1.273163611154165895e-06 1.157240882224907060e-04
3.422194086981252159e+00 3.136246706336147227e-09 4.414819148103019339e-08 3.489964065926513040e-06
3.425274369687806075e+00 1.400890992961014571e-10 2.514244193190683412e-09 1.041944256979625531e-07
3.428354652394360436e+00 1.845583588162051432e-10 3.857823223778370057e-09 1.059185515679359215e-08
3.431434935100913908e+00 3.833358507119868328e-10 7.832600054092367344e-09 7.031891501554086281e-08
3.434515217807467824e+00 3.346800505245484601e-10 6.394211015611389106e-09 6.739581745838520828e-08
3.437595500514021740e+00 6.565538922653760533e-11 1.048964215242252999e-09 3.026413588959600766e-08
3.440675783220575212e+00 9.049430397621215534e-12 1.670643046578406556e-10 5.501004597497862922e-08
3.443756065927129129e+00 1.474143855168911054e-10 2.408359552204988068e-09 1.639314091928135925e-07
3.446836348633682601e+00 4.771221051554309299e-10 8.609164390544393192e-09 1.611609813895002990e-07
3.449916631340236517e+00 3.933310802869382821e-10 7.862249486076430705e-09 4.118188477259665190e-08
3.452996914046789989e+00 2.175237217982186522e-10 4.301302322773123851e-09 6.742386424684932133e-08
3.456077196753343905e+00 1.248748223530322881e-09 1.688919603765931264e-08 1.192661402587367195e-05
3.459157479459897822e+00 7.126374031516189341e-08 8.303102944294518281e-07 1.040128524260950624e-04
3.462237762166451294e+00 1.219856769264646602e-07 1.406951752139662536e-06 7.150816099778124887e-05
3.465318044873005210e+00 1.141505367387190610e-08 1.291485366441447848e-07 3.587990089490960349e-06
3.468398327579558682e+00 1.621811240165980303e-10 2.227174541885861195e-09 6.003761930401537697e-08
3.471478610286113486e+00 1.642981191654794951e-10 2.527521720750233154e-09 2.764065077563808539e-08
3.474558892992666959e+00 3.710598614223987974e-10 5.716488090983473025e-09 6.999336381362847257e-08
3.477639175699220875e+00 4.060203204572892640e-10 6.266745460080435597e-09 8.665336869278789017e-08
3.480719458405774347e+00 1.077179808604837064e-10 1.481050117667376404e-09 3.298693390442195530e-08
3.483799741112328263e+00 9.158700090024065900e-12 1.146500261438477959e-10 2.712750919343929854e-08
3.486880023818881735e+00 9.459775786073284754e-11 1.235740841281332065e-09 7.901951379093466566e-08
3.489960306525435652e+00 4.369473435889568339e-10 5.994514611804262765e-09 7.959412502831854286e-08
3.493040589231989568e+00 4.848546626723400543e-10 7.316651405950384111e-09 3.567512829769745975e-08
3.496120871938543040e+00 2.591066525338964404e-10 4.041040121058485595e-09 8.946070460226595008e-08
3.499201154645096956e+00 2.481409693333891158e-10 3.625998132946204584e-09 4.895126690979729113e-06
3.502281437351650428e+00 3.549844293310273764e-08 4.003343827009913904e-07 8.294367920809877592e-05
3.505361720058204344e+00 1.118295432738348457e-07 1.252553632885342364e-06 8.287647233237629280e-05
3.508442002764758261e+00 2.242441578632181387e-08 2.477049358410177256e-07 7.215274804642302389e-06
3.511522285471311733e+00 4.436353166479374785e-11 7.878586078088331110e-10 4.437497880626879671e-08
3.514602568177866093e+00 1.280287795322271822e-10 1.540985780866457515e-09 2.404820149763777835e-08
3.517682850884420009e+00 3.462586880159731876e-10 4.018298771665038235e-09 5.462721424122718682e-08
3.520763133590973482e+00 4.551264559842964211e-10 5.557982416915842091e-09 7.607430102893585329e-08
3.523843416297527398e+00 1.697555660684041692e-10 1.924735569672901382e-09 3.721687686603163340e-08
3.526923699004081314e+00 1.655261880067213263e-11 1.526086354915861718e-10 1.664978712680633639e-08
3.530003981710634786e+00 5.152484547473636196e-11 5.721110639974799388e-10 2.830889557435999378e-08
3.533084264417188702e+00 3.707947001481986791e-10 3.897220662324806780e-09 2.712602816518732958e-08
3.536164547123742175e+00 5.749222868051581743e-10 6.538594958841709358e-09 3.490557178987701744e-08
3.539244829830296091e+00 3.284953181031414106e-10 3.871748278233487336e-09 6.232675963716515443e-08
3.542325112536850007e+00 1.695229141840125975e-10 2.167939483845321980e-09 1.320092151716671484e-06
3.545405395243403479e+00 1.305763062701076224e-08 1.531101779355578754e-07 6.359710124479987813e-05
3.548485677949957395e+00 7.961615433968259782e-08 9.256508089056343392e-07 1.005939399554664927e-04
3.551565960656510867e+00 3.104300009389846150e-08 3.558550238802928704e-07 1.344844666473207420e-05
3.554646243363065228e+00 7.821336618135094672e-11 1.085001412001170088e-09 1.252927395007319592e-07
3.557726526069619144e+00 1.073806426375085932e-10 1.038698334009277785e-09 1.715446046812926254e-08
3.560806808776173060e+00 3.159213545553872347e-10 2.816571683866787256e-09 5.962370922346347275e-08
3.563887091482726532e+00 4.775215305796048482e-10 4.636850298498504090e-09 1.102298872225886007e-07
3.566967374189280449e+00 2.435242353594912966e-10 2.329432916423128415e-09 6.781875181134391882e-08
3.570047656895833921e+00 3.042555233095014508e-11 2.413817252625582723e-10 2.743693791895318723e-08
3.573127939602387837e+00 2.396739746047687333e-11 2.344644398513483687e-10 2.298552012183597242e-08
3.576208222308941753e+00 2.841680142967472869e-10 2.379976970142455630e-09 4.483155969120127251e-09
3.579288505015495225e+00 6.276694766733102816e-10 5.533035888590312023e-09 1.397256553075160320e-08
3.582368787722049142e+00 4.107273862884575927e-10 3.721315977339533214e-09 2.745693644337646644e-08
3.585449070428602614e+00 1.997171214932732045e-10 2.037964443272842447e-09 1.596764722312875854e-07
3.588529353135156530e+00 5.106942818265041910e-09 4.708772815469593383e-08 4.169098008810704893e-05
3.591609635841710002e+00 6.769522202642066126e-08 5.950701595817536518e-07 1.318231269206892784e-04
3.594689918548263918e+00 4.907161702991912072e-08 4.225090073162170801e-07 3.914289787230060350e-05
3.597770201254818279e+00 9.794078617467221570e-10 8.293362216485638335e-09 6.127692821246125655e-07
3.600850483961372195e+00 1.112909436468610092e-10 9.413998990794468730e-10 1.913294663214589580e-08
3.603930766667925667e+00 2.856641788236428583e-10 1.959937222125884965e-09 4.286250293807460753e-08
3.607011049374479583e+00 4.847271893529749137e-10 3.700932358750399886e-09 8.897410426586428602e-08
3.610091332081033499e+00 3.325792567068484650e-10 2.613371344265113447e-09 6.052838249088430646e-08
3.613171614787586972e+00 5.507234061833731213e-11 3.692209782071781651e-10 2.805081029257407366e-08
3.616251897494140888e+00 9.329887705114922842e-12 8.899215864532729384e-11 3.356916299972013837e-08
3.619332180200694360e+00 1.888868153427248739e-10 1.361520224361094937e-09 3.285532195137015978e-08
3.622412462907248276e+00 6.070920158001044069e-10 4.380924330179204399e-09 1.075515388458311737e-08
3.625492745613801748e+00 4.815052604095191338e-10 3.596207872427082495e-09 1.467430367517703321e-08
3.628573028320355665e+00 2.228957988677670225e-10 1.876812433317520885e-09 5.478150300904069782e-08
3.631653311026909581e+00 1.865821301330556076e-09 1.177776645979538065e-08 2.252809743654765248e-05
3.634733593733463053e+00 6.396422544385041123e-08 3.453702263694576142e-07 1.732079938354981745e-04
3.637813876440016969e+00 8.429589854831058203e-08 4.442341776736403394e-07 1.209538824198823820e-04
3.640894159146571329e+00 5.261012874369541444e-09 2.711146038082545202e-08 5.490157588107775057e-06
3.643974441853125246e+00 1.366859170616162027e-10 8.785449095537842445e-10 7.481301791305725148e-08
3.647054724559678718e+00 2.324521716652606042e-10 1.295682661644171267e-09 1.967609647202355355e-08
3.650135007266232634e+00 4.511478879589241331e-10 2.797471650744080773e-09 3.734199904608552822e-08
3.653215289972786106e+00 4.138223008394817013e-10 2.687022948691669313e-09 3.576116743544472448e-08
3.656295572679340022e+00 9.180032535862151391e-11 5.353740671324637570e-10 1.565769245070524001e-08
3.659375855385893495e+00 6.092085144042529080e-12 4.414999416548144343e-11 2.250327408370910409e-08
3.662456138092447411e+00 1.078546605713012303e-10 7.169642916685030731e-10 7.251135980620507102e-08
3.665536420799001327e+00 5.022815579735824143e-10 3.179045741231178255e-09 9.207155516009120493e-08
3.668616703505554799e+00 5.167948390656348573e-10 3.411832492863262862e-09 3.065361861215326041e-08
3.671696986212108715e+00 2.523122057641297321e-10 1.793431532775554161e-09 1.075789957485935393e-07
3.674777268918662188e+00 4.639944924142126049e-10 2.675150580082751468e-09 8.640977779977812199e-06
3.677857551625216104e+00 4.619346099928861821e-08 1.798461244379394142e-07 1.675817711793431289e-04
3.680937834331770464e+00 1.108431496921666112e-07 4.211702466787783204e-07 2.322804005782593841e-04
3.684018117038324380e+00 1.593339266631777679e-08 5.951902328473076960e-08 2.558481123186848576e-05
3.687098399744877852e+00 9.387501597031219873e-11 5.282795041779729574e-10 1.051171881111135516e-07
3.690178682451431769e+00 1.549875175265597655e-10 7.874592622854558816e-10 8.695729855128559162e-09
3.693258965157985241e+00 3.691747190017764416e-10 1.993651620940201832e-09 2.263736265737869601e-09
3.696339247864539157e+00 4.422124397968064723e-10 2.522634012996678780e-09 5.297617824610755979e-09
3.699419530571093073e+00 1.375661423864426833e-10 7.292723991560441081e-10 1.251685047086851987e-09
3.702499813277646545e+00 1.128477789419640945e-11 4.832991052157740642e-11 5.913014951414043297e-09
3.705580095984200462e+00 5.158481923255026256e-11 3.421755131307063136e-10 4.887824608830174380e-08
3.708660378690753934e+00 3.500461757268003496e-10 2.109563762263145582e-09 8.900108973336703769e-08
3.711740661397307850e+00 4.998263070141527389e-10 3.098862854153526008e-09 9.621248823331478684e-08
3.714820944103861766e+00 2.783857612185247649e-10 1.739855588206153405e-09 1.201956165414798502e-07
3.717901226810415238e+00 1.670236974947442372e-10 1.075878231641327738e-09 2.083435234619705765e-06
3.720981509516969155e+00 2.521412956173481175e-08 8.200371986442448983e-08 9.241250954815676997e-05
3.724061792223523515e+00 1.133812113718000026e-07 3.600185391936222138e-07 1.933551046456922660e-04
3.727142074930076987e+00 3.265753012644782733e-08 1.024740603525747123e-07 3.739064302191014540e-05
3.730222357636630903e+00 1.942692265595851809e-11 2.039463850615519615e-10 6.432556585584743686e-08
3.733302640343184819e+00 1.020872741975649902e-10 4.776903512230740509e-10 1.379419085981439847e-08
3.736382923049738292e+00 2.911664384331611539e-10 1.360030492100305686e-09 2.336842567408018590e-08
3.739463205756292208e+00 4.318157739366089796e-10 2.173631353419345952e-09 1.762712739236658923e-08
3.742543488462845680e+00 1.947771062898119768e-10 9.216113834476820004e-10 5.201192205279521396e-09
3.745623771169399596e+00 2.214044727091393242e-11 7.812879724299579777e-11 4.434893076191087891e-09
3.748704053875953512e+00 2.091012065490930940e-11 1.461348979347261056e-10 1.171377040888807501e-08
3.751784336582506985e+00 2.296008164967049166e-10 1.292210671646392078e-09 2.823223272314827954e-08
3.754864619289060901e+00 4.676201440210741473e-10 2.634793212091262088e-09 8.673803533131851238e-08
3.757944901995614373e+00 2.930780467688322814e-10 1.650458052928385947e-09 5.820053674046065529e-08
3.761025184702168289e+00 1.722325323718297285e-10 9.255232375037863397e-10 3.313209206822678671e-07
3.764105467408722649e+00 1.077068850195268815e-08 3.215583879134648818e-08 4.430478025894794158e-05
3.767185750115276566e+00 9.730831793822456600e-08 2.809384050698706468e-07 1.293930950992945139e-04
3.770266032821830038e+00 5.246201743634871076e-08 1.500940681903847657e-07 3.630106943452291357e-05
3.773346315528383954e+00 4.786598033291320128e-10 1.448589653171445160e-09 2.925373654831389324e-07
3.776426598234937426e+00 1.030993312252030557e-10 3.899767687333579898e-10 2.535956996601884672e-08
3.779506880941491342e+00 2.296918157408612959e-10 9.257215040567641570e-10 1.406374391358346420e-08
3.782587163648045259e+00 3.916006304232054396e-10 1.758372684367022232e-09 1.470558000772920005e-08
3.785667446354598731e+00 2.506711568025222491e-10 1.085827650439095633e-09 1.110457268326547806e-08
3.788747729061152647e+00 3.708532706068540947e-11 1.283963938477261723e-10 6.052779007534763747e-09
3.791828011767706119e+00 6.991089576506522490e-12 5.477763781212548911e-11 4.022337743372140580e-09
3.794908294474260035e+00 1.452677963311406396e-10 7.418085965054183523e-10 1.153935120229023589e-09
3.797988577180813508e+00 4.201860265882405410e-10 2.087756272337146673e-09 1.691293799434942408e-08
3.801068859887367424e+00 3.066666664143158087e-10 1.556036653551370612e-09 1.160182210511865630e-08
3.804149142593921340e+00 1.798875589979108826e-10 8.769296667060568566e-10 2.735026642890989188e-08
3.807229425300475700e+00 3.243713504027457243e-09 1.010232205774493111e-08 2.339721854120292583e-05
3.810309708007029172e+00 6.695172529822664027e-08 1.939039129507259122e-07 1.120455603599811021e-04
3.813389990713583089e+00 6.567500780609695304e-08 1.883609949789904695e-07 4.902547463067270149e-05
3.816470273420137005e+00 2.497280275609615535e-09 7.092650969598406590e-09 1.191581553594016849e-06
3.819550556126690477e+00 1.248490080080891380e-10 4.236566469170655766e-10 2.143040064788664633e-08
3.822630838833244393e+00 1.723189829506836149e-10 6.381748914801564166e-10 7.656388816086587411e-09
3.825711121539797865e+00 3.215367615206072050e-10 1.354746467605434851e-09 5.616640207094759769e-09
3.828791404246351782e+00 2.785151538353533364e-10 1.180142590971253327e-09 1.916640204575870187e-08
3.831871686952905254e+00 5.567833186715489889e-11 1.993081586578540182e-10 6.840890422323758945e-09
3.834951969659459170e+00 3.162504672332094307e-12 2.025527124267503971e-11 4.778974881211022934e-09
3.838032252366013086e+00 8.118483234846257221e-11 4.034078382601405077e-10 1.718437542148336689e-08
3.841112535072566558e+00 3.391227692066541737e-10 1.560817374362284883e-09 1.514088209404944815e-08
3.844192817779120475e+00 3.133286235646657772e-10 1.490778085666311711e-09 9.183058047921696849e-09
3.847273100485673947e+00 1.657099439892924657e-10 8.198385264287032306e-10 6.924554235106839872e-08
3.850353383192228751e+00 6.009382285134521828e-10 2.434676259262300064e-09 1.134075737924374600e-05
3.853433665898782223e+00 3.372318464143826748e-08 1.125941321730054716e-07 9.479936710424671190e-05
3.856513948605336140e+00 6.023495941650247823e-08 1.979411954030364128e-07 5.871238989833208187e-05
3.859594231311889612e+00 5.964885586465308418e-09 1.925515197668149549e-08 2.454701031329748668e-06
3.862674514018443528e+00 9.006691067778173081e-11 3.588301962203407785e-10 2.629258400823900576e-08
3.865754796724997000e+00 1.140274537031715588e-10 4.252959660619979416e-10 2.207629893444319978e-09
3.868835079431550916e+00 2.392768453746608418e-10 9.876622761547447357e-10 9.037300962313275872e-09
3.871915362138104832e+00 2.657919516721490933e-10 1.156354980152320242e-09 1.244413962089912047e-08
3.874995644844658305e+00 7.505860685312206316e-11 2.854661601289517228e-10 1.786645979606665391e-09
3.878075927551212221e+00 5.279236653247255534e-12 1.498318119332485669e-11 4.543079542847692932e-09
3.881156210257765693e+00 3.929317599591587217e-11 2.039816409528144256e-10 2.101910345790614783e-08
3.884236492964319609e+00 2.466719196049175592e-10 1.095788287088991189e-09 1.213640167417925372e-08
3.887316775670873525e+00 3.066488315523010240e-10 1.408938034081512018e-09 3.155586476757469011e-08
3.890397058377427886e+00 1.598782920536549841e-10 7.859000840993320533e-10 1.154661903054377357e-07
3.893477341083981358e+00 1.295519047318174106e-10 6.709546224792494602e-10 4.145488630120825861e-06
3.896557623790535274e+00 1.365765085483854434e-08 5.413916974806212057e-08 7.501896248757460462e-05
3.899637906497088746e+00 4.549638605261091358e-08 1.755674116297377703e-07 6.933583726540495571e-05
3.902718189203642662e+00 9.640271396220124858e-09 3.645644962046801191e-08 4.290453601797383662e-06
3.905798471910196579e+00 2.098780052446258079e-11 1.472658427954186247e-10 5.406486332759023792e-08
3.908878754616750051e+00 6.832213996865372969e-11 2.697725131434604015e-10 7.839677709958459709e-09
3.911959037323303967e+00 1.695426375733985832e-10 6.931532745649492576e-10 2.998656126610453060e-08
3.915039320029857439e+00 2.292998171454188850e-10 1.028128092004977875e-09 3.173000683615471040e-08
3.918119602736411355e+00 9.308041357602805671e-11 3.760171721451990003e-10 8.456371481724806620e-09
3.921199885442965272e+00 9.460251452475459387e-12 2.462680224581912598e-11 8.981926585276929945e-09
3.924280168149518744e+00 1.785553992003298724e-11 9.282211439148072621e-11 2.201302503488270738e-08
3.927360450856072660e+00 1.674344775260703033e-10 7.216645702176118391e-10 8.740623786090297420e-09
3.930440733562626132e+00 2.875874922966129690e-10 1.274794231121251100e-09 1.113189004200667470e-08
3.933521016269180492e+00 1.659824010870346918e-10 7.646619076206896759e-10 4.014946013419953144e-08
3.936601298975734409e+00 9.295756991119789700e-11 4.444018254093467130e-10 9.929904615567537814e-07
3.939681581682288325e+00 5.924366433344071501e-09 2.180083124378043008e-08 5.493084219267446342e-05
3.942761864388841797e+00 3.829772262439064870e-08 1.365311351490123457e-07 9.863897916686811091e-05
3.945842147095395713e+00 1.563692584016356853e-08 5.488951956311394148e-08 1.648180056629673686e-05
3.948922429801949185e+00 5.671788703195249492e-11 2.415277865001085322e-10 1.271864076790335497e-07
3.952002712508503102e+00 4.508595230961440010e-11 1.858167532189821254e-10 1.495342452461489949e-08
3.955082995215057018e+00 1.268827310907844538e-10 4.847080116882085259e-10 1.968506535673405162e-08
3.958163277921610490e+00 1.988863713230375293e-10 8.507257883398851959e-10 1.421757923590337267e-08
3.961243560628164406e+00 1.148658802998437047e-10 4.541332280944867626e-10 9.947854868913841249e-10
3.964323843334717878e+00 1.531909276252727544e-11 4.335167999677400663e-11 2.415376811501707570e-09
3.967404126041271795e+00 7.445052224903767693e-12 3.671220221193501412e-11 2.560934789579846639e-08
3.970484408747825267e+00 1.079500474042710124e-10 4.465724757790785634e-10 6.428882542783353714e-08
3.973564691454379183e+00 2.628630346966825741e-10 1.090804192960202564e-09 3.609231494354749839e-08
3.976644974160933543e+00 1.747334144186509393e-10 7.471890950978511057e-10 1.948316499980060263e-08
3.979725256867487460e+00 8.989057848225278220e-11 4.084061992379449895e-10 1.033081142120903309e-07
3.982805539574040932e+00 2.469074748233481665e-09 7.371133707971739639e-09 3.266618722465710543e-05
3.985885822280594848e+00 3.368733570303815362e-08 9.625766633588651479e-08 9.483325310290151668e-05
3.988966104987148764e+00 2.515272616730229390e-08 7.132354596709607027e-08 2.272956284861146371e-05
3.992046387693702236e+00 5.568759583765562412e-10 1.590945851323989933e-09 2.995137028536087771e-07
3.995126670400256153e+00 4.571057853271079031e-11 1.687378082495233793e-10 1.217512459337825030e-08
3.998206953106809625e+00 9.911276591676111351e-11 3.410112039737816743e-10 2.013920717008083332e-08
4.001287235813363097e+00 1.760923609789415541e-10 6.696323255785060385e-10 4.128392621184712617e-08
4.004367518519917013e+00 1.402585081721736705e-10 5.045407595354783959e-10 3.031279980036073733e-08
4.007447801226470929e+00 2.484349021862339645e-11 7.019306760517571326e-11 6.149000745859748857e-09
4.010528083933024845e+00 2.609011897506315706e-12 1.214045904325729500e-11 1.674291929855054020e-08
4.013608366639578762e+00 6.233926450478796700e-11 2.560137307389300033e-10 7.610409547494964255e-08
4.016688649346132678e+00 2.190489959407960964e-10 8.659712734227508800e-10 1.000215989510398497e-07
4.019768932052686594e+00 1.775860811991838866e-10 7.275358390085023676e-10 1.003258342204978446e-07
4.022849214759240510e+00 8.985879232753101796e-11 3.806543480662667584e-10 8.736690855898999796e-08
4.025929497465794427e+00 6.498544948497830189e-10 2.010388214113892418e-09 1.541275119141548885e-05
4.029009780172347455e+00 2.160816298728310030e-08 5.995431054138356490e-08 1.092817079185017860e-04
4.032090062878901371e+00 2.909401355519098766e-08 8.035694370794454015e-08 7.465456752280741533e-05
4.035170345585455287e+00 1.914244101177609333e-09 5.289444925569540533e-09 3.812986363935009959e-06
4.038250628292009203e+00 4.971260949606934705e-11 1.639115785889314504e-10 4.620136230223871397e-08
4.041330910998563120e+00 6.874091356842652634e-11 2.331354421411726674e-10 5.711215953977441565e-08
4.044411193705116148e+00 1.443652274168506183e-10 5.066678189927402829e-10 1.345482508612193215e-07
4.047491476411670064e+00 1.527236845834056757e-10 5.172654059059409422e-10 1.368371937163829674e-07
4.050571759118223980e+00 3.696258013561349939e-11 1.049175641130671117e-10 3.938133024404259952e-08
4.053652041824777896e+00 2.349986088180810770e-12 4.698367592717844523e-12 1.324118688971943797e-08
4.056732324531330924e+00 3.021329169282722142e-11 1.339278661606832645e-10 2.426460821193063450e-08
4.059812607237885729e+00 1.560399620070583344e-10 6.317497288356435628e-10 5.234142175081523604e-08
4.062892889944439645e+00 1.711075965588742663e-10 6.998507653837633247e-10 1.029336395638033288e-07
4.065973172650993561e+00 8.844298996424288302e-11 3.703195079593066632e-10 9.408451774380328832e-08
4.069053455357546589e+00 1.159635950465746050e-10 5.037965557316031140e-10 5.299447115835482330e-06
4.072133738064100505e+00 8.930633770793787585e-09 3.128356210916028921e-08 1.399338844641839568e-04
4.075214020770654422e+00 2.190432141098263450e-08 7.622754646630775120e-08 2.580200413101334006e-04
4.078294303477208338e+00 3.278041660122014864e-09 1.138611835844219609e-08 3.598793423656388921e-05
4.081374586183762254e+00 2.657517994632315131e-11 1.047762476532739900e-10 1.056046237709170915e-07
4.084454868890315282e+00 3.999735742035484414e-11 1.476341372933935077e-10 6.628506477913384141e-08
4.087535151596869198e+00 1.028890660679250573e-10 3.647039484885153140e-10 1.235391518674894254e-07
4.090615434303423115e+00 1.414672218268271694e-10 4.841887836025110549e-10 1.622180609455444769e-07
4.093695717009977031e+00 4.828738687698840013e-11 1.435164872512582117e-10 5.968879027354944108e-08
4.096775999716530947e+00 4.344562706109783966e-12 6.200736262151398256e-12 1.448723222852654817e-08
4.099856282423083975e+00 1.380149112831793032e-11 6.281089743634037902e-11 6.247988280004818162e-09
4.102936565129638780e+00 1.014302222268017872e-10 4.210931759965777096e-10 4.249739381120153900e-09
4.106016847836192696e+00 1.541415734730781314e-10 6.431501826209182269e-10 3.231950181802941151e-08
4.109097130542746612e+00 8.489975808142674324e-11 3.628753055169900693e-10 3.819188960472606666e-08
4.112177413249299640e+00 5.567682459495740124e-11 2.323392582390627133e-10 1.473162825869688612e-06
4.115257695955853556e+00 3.090126322154012751e-09 1.346191742945252690e-08 9.813800154381307941e-05
4.118337978662407473e+00 1.411247824411776348e-08 6.123785729746828933e-08 3.530616193819140301e-04
4.121418261368961389e+00 4.225139480442843456e-09 1.824759982026589241e-08 9.916041685980186450e-05
4.124498544075514417e+00 1.100975237576389097e-11 5.726099698983897631e-11 8.393706723609048641e-08
4.127578826782068333e+00 2.480082341423710765e-11 9.396379073065316661e-11 2.748270410300724685e-08
4.130659109488622249e+00 6.829392190528570649e-11 2.501269964737990165e-10 3.487159995771855154e-08
4.133739392195176166e+00 1.195474762268582965e-10 4.134054471464298247e-10 6.075513494402084033e-08
4.136819674901730082e+00 5.913205911269283755e-11 1.797913388139277999e-10 3.377692134576805718e-08
4.139899957608283110e+00 6.736339524581071874e-12 1.244634959930503333e-11 8.829647136062403237e-09
4.142980240314837914e+00 6.818333358157170124e-12 2.552648454023141651e-11 1.187606469478127025e-08
4.146060523021391830e+00 6.650036613250665142e-11 2.562931386187569894e-10 2.205261910620390259e-08
4.149140805727945747e+00 1.376659387960560508e-10 5.456642390707136838e-10 2.615203399481165761e-08
4.152221088434498775e+00 8.676144904748910688e-11 3.455744294614142376e-10 4.519878192366124490e-08
4.155301371141052691e+00 5.032596975207531592e-11 1.954760607297911656e-10 4.661137262332168101e-07
4.158381653847606607e+00 1.487448531263036278e-09 4.809715482934772644e-09 4.402514744608986263e-05
4.161461936554160523e+00 1.321910123704973061e-08 4.295439431684962969e-08 2.928910738695321664e-04
4.164542219260714440e+00 7.364233651253626794e-09 2.389434707427588258e-08 1.509949409366978317e-04
4.167622501967267468e+00 8.154501824030660364e-11 2.799688819101973739e-10 1.691465605310367149e-06
4.170702784673821384e+00 2.182397377240654898e-11 7.649600710985287750e-11 7.237745820763887134e-08
4.173783067380375300e+00 5.026596355501638113e-11 1.690890291392527117e-10 9.016169232020757550e-09
4.176863350086929216e+00 1.021988107319375291e-10 3.281218395045039522e-10 8.117775519905573571e-09
4.179943632793483133e+00 7.334294189729408298e-11 2.074967916477079295e-10 3.856358585534528571e-09
4.183023915500036161e+00 1.069974782636035009e-11 2.224581333535713815e-11 1.651331100056175141e-09
4.186104198206590965e+00 2.863318129354629821e-12 8.485049885350825244e-12 1.126430464002692438e-08
4.189184480913144881e+00 4.334362300183754292e-11 1.441415272353964628e-10 5.798392162140871781e-08
4.192264763619697909e+00 1.230607074804018787e-10 4.260933328834400707e-10 9.854909511044002527e-08
4.195345046326251826e+00 9.253546211412502539e-11 3.259249224684165434e-10 8.606777489207217813e-08
4.198425329032805742e+00 5.366081077487986401e-11 1.790608796396355777e-10 2.083777063338860747e-07
4.201505611739359658e+00 6.804643745051481882e-10 1.448027709069857680e-09 1.692304162438742590e-05
4.204585894445913574e+00 1.361265527657102087e-08 2.735397682758794632e-08 2.448103165198037300e-04
4.207666177152466602e+00 1.374597050492218125e-08 2.759020687338240554e-08 2.301946738417626876e-04
4.210746459859020518e+00 5.618691401745922254e-10 1.136464966043539952e-09 9.596888064719265096e-06
4.213826742565574435e+00 2.909862599039136347e-11 7.664298400458622225e-11 1.858379593670663431e-07
4.216907025272128351e+00 4.195338688798437589e-11 1.160825141666675281e-10 4.231461817700922901e-08
4.219987307978682267e+00 8.993529131342585959e-11 2.473844502020149278e-10 2.447728705673699344e-08
4.223067590685235295e+00 8.938719069764588085e-11 2.211563568869198858e-10 1.018990979519269259e-08
4.226147873391789211e+00 1.810409085970603910e-11 3.592003328864012211e-11 2.894159993196562569e-09
4.229228156098344016e+00 1.058254883238789428e-12 2.270141905649848101e-12 4.071681964888914722e-09
4.232308438804897932e+00 2.556719688681071113e-11 7.534607280173288993e-11 5.359302367425126197e-08
4.235388721511450960e+00 1.034696437689450940e-10 3.086814479484779404e-10 1.485931758995527077e-07
4.238469004218004876e+00 1.007088964056567682e-10 3.067261456523526050e-10 1.082589549316001563e-07
4.241549286924558793e+00 5.767485861292591813e-11 1.672664365808604615e-10 8.262456659018364040e-08
4.244629569631112709e+00 1.736418104180734754e-10 3.893621119252003493e-10 5.469474343204425153e-06
4.247709852337666625e+00 9.407861298230330851e-09 1.618818988370121510e-08 2.218230610711230193e-04
4.250790135044219653e+00 1.732777799184165667e-08 2.954924784199665619e-08 3.846432478991574158e-04
4.253870417750773569e+00 1.803164435799478554e-09 3.055100968552818056e-09 3.986174515147745793e-05
4.256950700457327486e+00 2.779237125871287329e-11 6.527259490634981952e-11 2.651454816439428559e-07
4.260030983163881402e+00 3.286366718946946155e-11 8.043742822884772097e-11 6.376403190556874168e-08
4.263111265870434430e+00 7.589505005190061047e-11 1.809514234889634239e-10 3.186410788205643383e-08
4.266191548576988346e+00 9.693004635954450515e-11 2.179709137017617836e-10 3.804192157143669800e-08
4.269271831283543150e+00 2.800404598279652029e-11 5.353597004419011780e-11 1.674237738380770773e-08
4.272352113990097067e+00 1.541810491811453315e-12 1.503493415897352994e-12 1.688958506079589592e-09
4.275432396696650095e+00 1.319828690973354587e-11 3.635348252579505845e-11 1.914465818250380054e-08
4.278512679403204011e+00 8.075907077199734565e-11 2.097146949740339941e-10 9.216387733594733006e-08
4.281592962109757927e+00 1.070204058651972684e-10 2.837300099438829345e-10 6.746290317461807100e-08
4.284673244816311843e+00 6.026402685061848254e-11 1.604409499190609293e-10 2.759973214798224721e-08
4.287753527522865760e+00 4.936461189301956610e-11 1.341507641927616448e-10 1.456522097958385757e-06
4.290833810229418788e+00 4.230478481862502518e-09 8.598967707242389183e-09 1.648722048468810651e-04
4.293914092935972704e+00 1.454653350751131250e-08 2.900779013412391508e-08 5.222146558453937383e-04
4.296994375642526620e+00 3.216868305025232395e-09 6.328458922402316163e-09 1.118573596906683734e-04
4.300074658349080536e+00 9.666704605525264202e-12 3.408003313956938327e-11 5.290029030059952275e-08
4.303154941055634453e+00 2.276086349161011224e-11 5.496226830472529919e-11 3.338158737031829618e-08
4.306235223762187481e+00 5.905003688385988155e-11 1.305108998779739020e-10 2.547193477436642434e-08
4.309315506468741397e+00 9.096512485308588009e-11 1.977091269849722754e-10 4.824386248330373248e-08
4.312395789175296201e+00 3.738683165406307026e-11 7.276814426292475947e-11 3.165936987329650176e-08
4.315476071881849229e+00 3.107888006489936357e-12 3.618662742511716298e-12 3.115813209850234656e-09
4.318556354588403146e+00 6.563755746954313173e-12 1.576300099796527741e-11 2.284618049102544723e-09
4.321636637294957062e+00 6.018427025883895529e-11 1.343885537551320946e-10 2.153151709130356940e-08
4.324716920001510978e+00 1.081633919174492727e-10 2.521919791447206464e-10 2.310041568699489788e-08
4.327797202708064894e+00 6.572071413895357862e-11 1.552636841513783651e-10 4.149598359383058048e-08
4.330877485414617922e+00 4.075593302064677192e-11 9.430773800383954768e-11 5.827313174806827707e-07
4.333957768121171839e+00 1.676470958508915788e-09 3.789435678405093503e-09 9.843296751899715201e-05
4.337038050827725755e+00 1.101476232768497744e-08 2.466696068318697254e-08 5.859941119928405119e-04
4.340118333534279671e+00 4.680882174702817934e-09 1.035008255688279522e-08 2.368564409722696829e-04
4.343198616240833587e+00 2.332418008399459408e-11 5.973891117540950714e-11 9.521994236564396166e-07
4.346278898947386615e+00 1.662704633445941637e-11 4.076381017149404330e-11 6.657168114127194314e-08
4.349359181653940531e+00 4.508130111310752257e-11 9.340703940965220967e-11 2.045060836396719182e-08
4.352439464360494448e+00 7.869232985674006241e-11 1.642474623046469717e-10 3.017931188104400510e-08
4.355519747067049252e+00 4.533739121515449330e-11 8.867990413893870394e-11 3.089222239767034278e-08
4.358600029773602280e+00 5.072189934867090152e-12 7.496575579996257961e-12 3.140684128753107064e-09
4.361680312480156196e+00 3.011857991218633763e-12 5.695949167669730295e-12 1.080238929664033950e-09
4.364760595186710113e+00 4.237939181312428454e-11 8.036703791419561043e-11 3.090382109317336860e-09
4.367840877893264029e+00 1.043359830066067170e-10 2.092974295743425955e-10 8.853567709805601385e-09
4.370921160599817945e+00 7.264042192716038036e-11 1.484165047694975225e-10 4.277680301439255874e-08
4.374001443306370973e+00 3.897893072166496913e-11 8.486906264965224828e-11 4.544915360728043896e-07
4.377081726012924889e+00 7.639831843587019717e-10 1.290682360703923154e-09 4.415756762760319597e-05
4.380162008719478806e+00 1.043030287392780512e-08 1.732202130308829507e-08 5.337663027059363517e-04
4.383242291426032722e+00 8.088521911765933136e-09 1.332988017356359129e-08 3.891865976904933678e-04
4.386322574132585750e+00 1.988888770565099443e-10 3.262170023011424435e-10 9.119996669497792388e-06
4.389402856839139666e+00 1.708950854095894975e-11 3.805322996754767278e-11 2.922933500719140580e-07
4.392483139545693582e+00 3.635432669947493657e-11 6.603921806934006906e-11 3.133856014139645953e-08
4.395563422252248387e+00 6.793356492697997352e-11 1.260481618843039593e-10 2.177983707272760357e-08
4.398643704958801415e+00 5.366232697617468238e-11 9.640185400778663433e-11 1.934594831167051430e-08
4.401723987665355331e+00 8.341156505420744747e-12 1.264733042449726385e-11 2.235490750072543670e-09
4.404804270371909247e+00 8.334943031167445273e-13 1.456820213466136220e-12 9.773081659468446993e-10
4.407884553078463163e+00 2.574603023784340076e-11 4.404846142558020774e-11 1.752643175285386242e-09
4.410964835785017080e+00 9.041189513848970880e-11 1.591530677376455046e-10 9.958667288553635021e-09
4.414045118491570108e+00 7.736248510668715574e-11 1.401196538624677271e-10 3.346335347369318669e-08
4.417125401198124024e+00 4.123117653855959942e-11 7.661107558590101163e-11 2.302490997791972560e-07
4.420205683904677940e+00 2.480015006190888375e-10 3.386338229767631407e-10 1.397192306967368823e-05
4.423285966611231856e+00 8.317076046255488579e-09 9.958657023445231632e-09 3.843119898681573044e-04
4.426366249317785773e+00 1.164525383351685638e-08 1.382191125533266660e-08 4.960841701729986741e-04
4.429446532024338801e+00 8.191733290707669325e-10 9.640080697897726144e-10 3.361963862837277062e-05
4.432526814730892717e+00 2.077143848833789047e-11 3.502643985815428090e-11 4.442146363150183963e-07
4.435607097437446633e+00 2.849163623796250847e-11 4.506352489732315288e-11 3.977144948348549981e-08
4.438687380144001438e+00 5.851150019489802122e-11 9.108488942626613373e-11 1.610734954761748623e-08
4.441767662850554466e+00 6.063989696969023678e-11 9.419162530328201145e-11 6.121146362010039810e-09
4.444847945557108382e+00 1.356431963267061979e-11 1.866737711853750195e-11 1.588426487557821560e-09
4.447928228263662298e+00 4.148721256485515481e-13 3.099873592381304016e-13 7.025191685525795055e-10
4.451008510970216214e+00 1.241141185892639980e-11 2.176499306434974456e-11 2.671443069278228932e-09
4.454088793676769242e+00 6.693064655450153809e-11 1.104554673166941879e-10 1.259842979262737501e-08
4.457169076383323159e+00 7.837782717088806765e-11 1.294503083807877866e-10 1.015217954809747203e-08
4.460249359089877075e+00 4.258890476184683017e-11 7.086511468516742117e-11 5.104225737235799368e-08
4.463329641796430991e+00 5.096091245505173356e-11 8.841224229870365312e-11 3.240368104756633623e-06
4.466409924502984907e+00 3.796753102892999569e-09 4.818762018166812167e-09 2.152709787548144637e-04
4.469490207209537935e+00 9.694176423374645740e-09 1.216330891979603711e-08 4.884246710312033658e-04
4.472570489916091852e+00 1.530375023360519453e-09 1.907342947014355129e-09 7.332962882666097817e-05
4.475650772622645768e+00 1.217718910649055469e-11 2.221465108545660083e-11 1.894648575685828238e-07
4.478731055329199684e+00 1.921156574620023425e-11 2.935885325210813897e-11 1.650708046333816513e-08
4.481811338035753600e+00 4.637359395642959651e-11 6.337428962038831334e-11 5.656848046860125959e-09
4.484891620742307516e+00 5.992593857586317488e-11 8.401692285566787735e-11 3.635789093516986049e-09
4.487971903448861433e+00 1.919477741003213900e-11 2.497888909753486515e-11 3.218121653473533800e-09
4.491052186155415349e+00 1.243100654641861530e-12 6.703156684144573341e-13 3.205657759842778837e-10
4.494132468861969265e+00 5.186924226188958526e-12 9.538939423206445660e-12 5.565302847912711759e-09
4.497212751568522293e+00 4.454747690460065392e-11 7.027482002134048154e-11 8.977599725069262740e-09
4.500293034275076209e+00 7.293265103870667519e-11 1.139513684224319940e-10 4.129996648341027423e-09
4.503373316981630126e+00 4.143629084436767291e-11 6.610914979097225295e-11 2.496148425477693229e-08
4.506453599688184042e+00 2.661916986081877427e-11 4.366383793030401687e-11 7.022003506324730699e-07
4.509533882394737958e+00 1.070132178905676546e-09 2.028190052433238025e-09 8.527066580483720908e-05
4.512614165101290986e+00 5.091966384654544220e-09 9.601981562079284202e-09 3.330875896439112571e-04
4.515694447807844902e+00 1.603988674347552970e-09 2.996432909012385742e-09 9.624472321151252257e-05
4.518774730514398819e+00 5.723876022335705136e-12 1.431720261882499689e-11 9.484545817627549099e-08
4.521855013220952735e+00 1.281030883742819513e-11 1.954793608044277872e-11 5.740042158917721506e-09
4.524935295927506651e+00 3.260964842553260495e-11 4.340998632694545731e-11 2.555647025452223200e-09
4.528015578634060567e+00 5.101152945796735451e-11 6.933885339309534923e-11 8.016646358278989875e-09
4.531095861340614483e+00 2.346687270764264974e-11 3.060852232768874154e-11 5.586606241156079417e-09
4.534176144047168400e+00 2.262075856572277545e-12 1.788356033136199187e-12 1.306277690506185069e-10
4.537256426753721428e+00 2.149183799425710987e-12 3.577284081875810615e-12 4.888912583116836132e-09
4.540336709460275344e+00 2.782481386168058740e-11 4.117312973971176395e-11 7.385085309431419391e-09
4.543416992166829260e+00 6.249246633391377268e-11 9.346708035545378698e-11 6.891713526702061281e-09
4.546497274873383176e+00 4.054242228457528094e-11 6.102820032285632488e-11 1.788409901890023823e-08
4.549577557579937093e+00 2.283463223683933077e-11 3.542538223285603793e-11 1.617516210558729995e-07
4.552657840286490121e+00 4.240591478290620729e-10 7.369175261395398439e-10 2.264756252441124277e-05
4.555738122993044037e+00 3.914014857196053713e-09 6.882845682231291016e-09 1.334595258755431684e-04
4.558818405699597953e+00 2.300564492557412197e-09 4.004760334007996285e-09 6.543309471703413771e-05
4.561898688406151869e+00 3.035455943032563590e-11 5.564531508567175497e-11 7.955347816918402151e-07
4.564978971112705786e+00 9.852183522559464738e-12 1.565440525366740604e-11 3.082290891450783130e-08
4.568059253819259702e+00 2.266646762575551952e-11 2.971882508408487588e-11 8.688690693438320230e-09
4.571139536525813618e+00 4.040559980481545667e-11 5.324880601356167712e-11 1.809090790148663390e-08
4.574219819232367534e+00 2.722001758026032786e-11 3.418941368565458260e-11 6.000609749504468299e-09
4.577300101938921451e+00 3.736560869655223448e-12 3.416622187781114268e-12 1.206650024633961487e-10
4.580380384645474479e+00 6.698965123510942715e-13 1.023575656161807000e-12 3.397312592007376976e-09
4.583460667352028395e+00 1.567382373355663301e-11 2.217851847103846708e-11 6.383541449678432409e-09
4.586540950058582311e+00 4.951577313052247359e-11 7.035396793593686268e-11 6.684194839893587252e-09
4.589621232765136227e+00 3.885767149662006774e-11 5.556032819784959735e-11 1.311256075265911382e-08
4.592701515471689255e+00 2.100109206464924637e-11 3.081128933570464294e-11 2.328245231643703818e-08
4.595781798178243172e+00 1.985569069909917594e-10 2.207653426739170635e-10 6.134161814040584142e-06
4.598862080884797088e+00 3.989755308395244049e-09 4.304309571630203358e-09 3.912837217309912425e-05
4.601942363591351004e+00 4.219222553162768314e-09 4.526572225287391806e-09 2.471142355774713141e-05
4.605022646297904920e+00 1.875221793212032145e-10 2.026930043098766973e-10 9.886349128241697909e-07
4.608102929004458836e+00 1.066400815413425563e-11 1.485448026251515752e-11 1.677159514776390785e-08
4.611183211711012753e+00 1.708980275004530764e-11 2.030107963108777380e-11 1.383744174758839409e-08
4.614263494417566669e+00 3.206001785958369450e-11 3.829082290436163721e-11 2.421835656430159466e-08
4.617343777124120585e+00 3.056807885866479940e-11 3.452908125575365553e-11 9.672540420106890334e-09
4.620424059830673613e+00 6.173350603275683781e-12 5.435327694304718008e-12 4.587115395635235664e-10
4.623504342537227529e+00 2.425246951512081057e-13 1.587196573527419524e-13 2.560448344752329876e-09
4.626584625243781446e+00 7.836975700062091392e-12 1.094424340604563062e-11 8.152415535285232888e-09
4.629664907950335362e+00 3.607325575863985473e-11 4.841951802229673633e-11 6.806865856415288171e-09
4.632745190656889278e+00 3.685281236302952657e-11 4.989406346651258644e-11 9.791191937848844785e-09
4.635825473363442306e+00 2.060382360208857834e-11 2.739183800785133321e-11 2.167487559446276422e-08
4.638905756069996222e+00 5.411245664147531159e-11 5.771069525404414997e-11 2.762580675064179176e-06
4.641986038776550139e+00 2.688856999690488488e-09 2.273683338334472602e-09 3.086611482305659287e-05
4.645066321483104055e+00 5.136142633059331569e-09 4.299915937208512226e-09 3.042727524371589289e-05
4.648146604189657971e+00 5.643470074957904547e-10 4.687060592450114233e-10 2.624963317434688080e-06
4.651226886896211887e+00 9.421541468009954161e-12 1.211322837872727336e-11 2.037237645072507387e-08
4.654307169602765804e+00 1.275196913052068392e-11 1.362179263749712281e-11 1.404926375249545780e-08
4.657387452309319720e+00 2.515300413738825743e-11 2.621296912231182117e-11 2.578861688992164017e-08
4.660467735015872748e+00 3.053174998400009647e-11 3.150529192969215460e-11 2.068266797883905634e-08
4.663548017722426664e+00 8.881498460023771416e-12 7.630824640166762686e-12 3.710707220106345982e-09
4.666628300428980580e+00 4.623718859307846162e-13 7.007700181693249529e-14 2.453363490818225897e-09
4.669708583135534496e+00 3.571100424174759953e-12 4.920845817602720472e-12 1.296627529058370861e-08
4.672788865842088413e+00 2.476421994252438918e-11 3.074685114026989087e-11 1.211246775657745460e-08
4.675869148548641441e+00 3.447978546275988521e-11 4.351438005441907696e-11 1.009931626021474158e-08
4.678949431255195357e+00 1.957558191695809836e-11 2.462668185235602898e-11 3.343465817766449708e-08
4.682029713961749273e+00 1.412499234154859725e-11 2.045882025474752760e-11 1.352215321690402727e-06
4.685109996668303189e+00 1.487016818513032420e-09 1.023676120855656935e-09 4.043122427498690758e-05
4.688190279374857106e+00 5.367647727741745837e-09 3.549023315932762561e-09 7.612305316520921706e-05
4.691270562081411022e+00 1.243920873018506473e-09 8.053654925264429082e-10 1.343533920964190292e-05
4.694350844787964938e+00 3.881265501729210476e-12 7.212874025415136466e-12 2.631129904749250788e-08
4.697431127494518854e+00 8.898244139924704900e-12 9.162110084876646037e-12 9.915679978298425107e-09
4.700511410201072771e+00 1.864310972405028756e-11 1.760756190828522119e-11 2.758830511148817709e-08
4.703591692907625799e+00 2.629396554812948649e-11 2.630040929015585541e-11 3.802981767982089606e-08
4.706671975614179715e+00 1.106529063342585716e-11 9.718716867059791342e-12 1.506256866439908986e-08
4.709752258320733631e+00 9.201561759820027338e-13 3.417636427415815938e-13 5.093069918221131680e-09
4.712832541027287547e+00 1.273757521040062045e-12 1.965950970450549319e-12 2.043670297140702404e-08
4.715912823733841464e+00 1.513870316217584811e-11 1.823447588498102391e-11 2.249627922638623244e-08
4.718993106440394492e+00 2.958365974964184760e-11 3.605168724094587879e-11 1.279434676006749361e-08
4.722073389146948408e+00 1.777646643802931001e-11 2.213655938711783649e-11 2.710137833794596639e-08
4.725153671853502324e+00 1.119733341481886257e-11 1.387826392406259285e-11 4.518869892006148185e-07
4.728233954560056240e+00 6.957218464946508481e-10 3.939186530466976927e-10 4.041001942987352332e-05
4.731314237266609268e+00 4.989225367426143564e-09 2.609548367337157468e-09 1.205610810898978850e-04
4.734394519973164073e+00 2.218562097118534209e-09 1.133171006717703569e-09 3.572123095813420151e-05
4.737474802679717989e+00 1.192818658662233222e-11 9.886276392708876367e-12 1.964327469627131116e-07
4.740555085386271905e+00 6.597011435744032884e-12 6.845466180728681464e-12 1.841124643782616971e-08
4.743635368092824933e+00 1.296425887030315387e-11 1.202049221703780326e-11 2.357838456314287135e-08
4.746715650799378849e+00 1.997872837306812806e-11 2.044609420140165934e-11 5.022254559869097001e-08
4.749795933505932766e+00 1.220248062366299853e-11 1.134583263262842504e-11 3.172851705163773638e-08
4.752876216212486682e+00 1.537579282897285950e-12 8.477303579412290924e-13 1.029067323854212762e-08
4.755956498919040598e+00 3.141534166532055771e-13 6.475871734006911739e-13 2.697719786252907809e-08
4.759036781625593626e+00 7.748050594807735426e-12 1.020192730223427662e-11 3.673568082164835857e-08
4.762117064332147542e+00 2.192618420252146924e-11 2.809168097769273974e-11 1.400645856026062583e-08
4.765197347038701459e+00 1.534487289335328135e-11 2.011813819419480962e-11 1.018908343445638666e-08
4.768277629745255375e+00 9.699222260142624957e-12 1.173005580798396929e-11 7.815310709272593035e-08
4.771357912451809291e+00 1.717880860665884035e-10 1.282984792944410329e-10 3.232393061351202781e-05
4.774438195158363207e+00 2.388388352480139096e-09 1.710611087294432057e-09 1.558607014008421532e-04
4.777518477864917124e+00 1.910897128676200334e-09 1.360180799103021058e-09 7.229399345690507267e-05
4.780598760571471040e+00 4.931159132419806361e-11 3.755860972507166935e-11 1.451338700381322554e-06
4.783679043278024956e+00 5.757867716718616553e-12 6.070602062819152354e-12 5.233860476354025701e-08
4.786759325984577984e+00 8.185476725079813338e-12 8.449638452966686746e-12 1.376377473000288076e-08
4.789839608691131900e+00 1.376553205711066970e-11 1.501083889735886527e-11 5.198661978168395359e-08
4.792919891397685817e+00 1.150046158166072623e-11 1.211942903513173792e-11 4.070075009767309102e-08
4.796000174104239733e+00 2.023524552605355635e-12 1.566536643272725055e-12 1.356071682041222565e-08
4.799080456810792761e+00 1.703756055461655172e-13 1.348339669433006070e-13 2.864083645718584684e-08
4.802160739517346677e+00 4.024597693412931290e-12 5.394362014649757592e-12 5.715718129258099072e-08
4.805241022223900593e+00 1.558756231748244244e-11 2.053913435386408097e-11 2.745897174246553738e-08
4.808321304930454509e+00 1.377366789052202137e-11 1.850429168833148966e-11 8.363539563352558839e-09
4.811401587637008426e+00 7.508960195400516386e-12 1.025168309861927316e-11 8.308415641457978780e-08
4.814481870343561454e+00 3.090453698594576174e-11 3.727667171668975898e-11 1.994291679915129168e-05
4.817562153050116258e+00 4.982809306872657691e-10 1.026851442840574443e-09 1.813416695256572027e-04
4.820642435756670174e+00 6.436161874401218648e-10 1.470896039999671709e-09 1.401335331207658982e-04
4.823722718463224091e+00 4.530277115176983036e-11 1.091593367322636848e-10 7.276293069301270413e-06
4.826803001169777119e+00 3.297138909218563607e-12 5.465646229625772187e-12 1.022336582526566578e-07
4.829883283876331035e+00 4.964048903701167355e-12 6.008829324034928186e-12 1.006559428102620256e-08
4.832963566582884951e+00 9.153943391108755566e-12 1.055182653867753351e-11 4.887565457627839179e-08
4.836043849289438867e+00 9.822603153697309900e-12 1.180191947265141085e-11 4.286073139878420285e-08
4.839124131995992784e+00 2.391268515812556761e-12 2.459273852026187879e-12 1.458930706944413455e-08
4.842204414702545812e+00 1.172318375354256322e-13 2.732900623897092169e-15 2.408595359900554677e-08
4.845284697409099728e+00 2.348841088685317645e-12 2.651532173195187380e-12 6.836678758559523640e-08
4.848364980115653644e+00 1.172592277874537584e-11 1.402386312978621906e-11 4.499201683850835005e-08
4.851445262822207560e+00 1.319126722566169017e-11 1.689747904214018946e-11 1.440704126037479238e-08
4.854525545528761477e+00 7.013615939352119425e-12 9.348275061411657510e-12 1.214826527176218092e-07
4.857605828235315393e+00 9.211120040716989872e-12 1.160010685585869181e-11 8.566306089349022470e-06
4.860686110941869309e+00 4.045992297871809675e-10 5.575671713996668100e-10 1.686240233631636210e-04
4.863766393648423225e+00 1.013868973132017127e-09 1.449942426499408590e-09 2.212608195121191959e-04
4.866846676354976253e+00 1.672086028374077357e-10 2.376583658551843885e-10 2.475240786864218366e-05
4.869926959061530169e+00 2.058326415717069106e-12 3.955093062005762829e-12 9.700429406093710602e-08
4.873007241768084086e+00 3.509426987162682167e-12 4.191187470657861780e-12 9.599088210097121216e-09
4.876087524474638002e+00 6.682860873619329899e-12 7.232678022849695031e-12 4.123494512709851530e-08
4.879167807181191918e+00 9.082804587167857756e-12 1.041144611303021490e-11 4.812148108055160479e-08
4.882248089887744946e+00 3.287417431832275448e-12 3.372473419862129210e-12 1.817673496556786202e-08
4.885328372594298862e+00 1.808259657455983203e-13 6.437189653168886173e-14 1.720776461886338936e-08
4.888408655300852779e+00 9.761737883529660243e-13 1.167657729346486156e-12 5.767512797623308241e-08
4.891488938007406695e+00 7.675731114870139316e-12 8.901373161065127873e-12 4.831986918956341909e-08
4.894569220713960611e+00 1.199485146385225205e-11 1.488531014540322667e-11 1.650106597702100648e-08
4.897649503420513639e+00 6.557058610136595486e-12 8.636943359034584655e-12 7.825678778243735988e-08
4.900729786127068444e+00 3.832583559992364259e-12 6.022059772035482994e-12 2.334489714771287883e-06
4.903810068833622360e+00 3.505182675187659169e-10 2.437283534654396613e-10 1.175568008944911588e-04
4.906890351540176276e+00 1.785128102168574570e-09 1.182775659507342421e-09 2.518905406811328433e-04
4.909970634246729304e+00 5.903401081153643320e-10 3.824382145847786326e-10 5.179387869855373526e-05
4.913050916953283220e+00 1.780181315337980491e-12 3.028696349631211260e-12 1.301026613157982331e-07
4.916131199659837137e+00 2.582550655931034139e-12 2.974940632167300895e-12 1.613957514736841785e-08
4.919211482366391053e+00 5.355694920098845201e-12 4.933623874002699627e-12 3.184273510252073291e-08
4.922291765072944969e+00 8.579317439675659469e-12 8.299608411275431305e-12 5.628207468981753535e-08
4.925372047779497997e+00 4.611497988433862616e-12 4.058980643263322052e-12 2.285694661827172852e-08
4.928452330486051913e+00 5.066166522741308438e-13 2.302151788480007847e-13 1.098208379313434028e-08
4.931532613192605830e+00 2.680015791318102954e-13 4.380754903815083597e-13 3.584121878767890660e-08
4.934612895899159746e+00 4.069346209450540973e-12 5.272510514241807717e-12 3.913030565682818668e-08
4.937693178605712774e+00 9.323955599505971701e-12 1.232651022842346819e-11 1.143608915095507937e-08
4.940773461312266690e+00 5.825459998519686481e-12 7.996718839259012107e-12 2.822605038849339518e-08
4.943853744018821494e+00 4.005058946610226876e-12 4.836603898883250879e-12 3.371218746769994598e-07
4.946934026725375411e+00 1.203156264992384219e-10 7.977421948690440839e-11 6.385795646697321824e-05
4.950014309431928439e+00 1.197572234057444195e-09 7.490674122445574054e-10 2.139332313880991918e-04
4.953094592138482355e+00 7.316910993833756506e-10 4.495212332035634586e-10 7.016773964411535840e-05
4.956174874845036271e+00 1.026057880260988085e-11 7.820223135454581231e-12 7.931632324125869042e-07
4.959255157551590187e+00 2.332055292231312925e-12 2.443146169546026594e-12 3.676333780122315679e-08
4.962335440258144104e+00 3.882056301605719940e-12 3.419165574638707997e-12 2.738644634291991996e-08
4.965415722964697132e+00 6.812880250047041544e-12 6.100382641922177238e-12 6.037967638438384724e-08
4.968496005671251048e+00 5.158368234944745539e-12 4.373742654009111599e-12 2.471019199097282171e-08
4.971576288377804964e+00 8.167166192293838245e-13 4.646486488500122265e-13 6.822304052586032899e-09
4.974656571084358880e+00 1.697936238043426342e-13 1.254666145044674721e-13 1.556884010832071794e-08
4.977736853790912797e+00 2.308283368485128994e-12 2.939247254892172779e-12 2.094857196028194390e-08
4.980817136497465825e+00 6.981875762688096055e-12 9.578860691887635200e-12 4.604213832023442666e-09
4.983897419204020629e+00 5.327517575288468047e-12 7.572453383309214681e-12 1.448782779603250608e-08
4.986977701910574545e+00 3.129436517125394913e-12 4.170629147993335651e-12 4.680849343015893874e-08
4.990057984617128461e+00 3.303593202342549697e-11 2.227943756712395663e-11 2.959432071922477969e-05
4.993138267323681490e+00 5.071897377403621446e-10 4.098526416345034725e-10 1.583057800918932865e-04
4.996218550030235406e+00 5.284225892830640339e-10 4.447393473058928105e-10 7.560356619268327437e-05
4.999298832736789322e+00 2.449725386079654457e-11 2.227356317275057004e-11 2.233823652000038474e-06
5.002379115443343238e+00 1.885754046219923574e-12 2.183307612184931982e-12 3.828335024063291350e-08
5.005459398149896266e+00 2.528960362480038176e-12 2.440234375159008201e-12 2.449588246691446001e-08
5.008539680856450182e+00 4.587287491129384688e-12 4.300960659177742828e-12 5.447780939183502786e-08
5.011619963563004099e+00 4.804033441645127705e-12 4.363572795526289134e-12 2.390898953385023990e-08
5.014700246269558015e+00 1.034474647808718982e-12 7.701528956940803858e-13 5.241122589814966263e-09
5.017780528976111931e+00 1.077451105562457841e-13 1.979439305324276068e-14 5.446182377637082644e-09
5.020860811682664959e+00 1.495375234480189880e-12 1.535322102740648456e-12 7.180874856466487472e-09
5.023941094389218875e+00 5.548428761161070157e-12 7.000925809120836480e-12 1.894086255716306550e-09
5.027021377095773680e+00 5.199590303834010243e-12 7.240500335820395113e-12 1.861012084900305101e-08
5.030101659802327596e+00 3.066719645536400818e-12 3.814219652488974021e-12 9.169906700183239459e-08
5.033181942508880624e+00 1.259827172826345893e-11 6.993362108267824108e-12 1.253316525794652140e-05
5.036262225215434540e+00 3.755017950492585324e-10 2.321692629083873746e-10 1.264824872748837993e-04
5.039342507921988457e+00 6.666652391547488277e-10 4.555545649067785657e-10 9.781958668843377595e-05
5.042422790628542373e+00 7.355828527860241891e-11 5.363567510668293708e-11 6.332549082304376097e-06
5.045503073335096289e+00 1.509062331758986048e-12 1.837196337396836475e-12 4.175190849672601371e-08
5.048583356041649317e+00 1.820248660533671806e-12 1.787698953630444763e-12 1.937617505952732863e-08
5.051663638748203233e+00 3.385775697208953350e-12 3.008818817313683283e-12 3.964578955907105255e-08
5.054743921454757150e+00 4.675051885291620661e-12 4.095062617322365243e-12 1.927998351963267950e-08
5.057824204161311066e+00 1.483608938918532324e-12 1.137119770081955437e-12 3.640290876049876575e-09
5.060904486867864982e+00 7.985570457203698585e-14 1.710381560761652651e-14 1.810344370504090900e-09
5.063984769574418010e+00 7.209695962884578357e-13 7.294492289243538867e-13 2.463998764294580736e-09
5.067065052280971926e+00 3.996752409910137577e-12 4.727333518590940624e-12 3.332865325230956322e-09
5.070145334987526731e+00 5.266478359935800540e-12 6.724490560628000687e-12 2.253361050872099669e-08
5.073225617694079759e+00 3.172444356262085047e-12 3.666358486109193215e-12 9.970579664758857838e-08
5.076305900400633675e+00 3.076043183981100276e-12 3.127043012782265382e-12 4.644574700264645797e-06
5.079386183107187591e+00 2.360930990761687243e-10 1.255326962335942384e-10 1.071264943340999575e-04
5.082466465813741507e+00 7.642173506258956783e-10 4.529193359905814141e-10 1.424437427335321124e-04
5.085546748520295424e+00 1.754365241191727126e-10 1.089275963968221409e-10 1.873013309085473841e-05
5.088627031226848452e+00 7.515507500897855404e-13 1.405307485170366732e-12 6.775350650775605133e-08
5.091707313933402368e+00 1.415263499922714725e-12 1.320224255259800422e-12 1.331544107732788147e-08
5.094787596639956284e+00 2.975601513559834478e-12 2.120862819385340670e-12 2.661516253823399615e-08
5.097867879346510200e+00 4.690588896916487448e-12 3.547976426136681417e-12 1.420343012071469827e-08
5.100948162053064117e+00 2.151190443564570481e-12 1.496142278158797403e-12 2.089766400557577224e-09
5.104028444759617145e+00 2.092822144674608330e-13 7.163638367496828466e-14 6.383145229301798017e-10
5.107108727466171061e+00 2.082966639177793637e-13 3.003264380567532448e-13 1.968816133353934237e-09
5.110189010172725865e+00 2.443848175833944358e-12 2.894797219750238221e-12 4.049023922357589062e-09
5.113269292879279782e+00 4.803723378557157324e-12 5.826636729616812086e-12 1.981891939518857271e-08
5.116349575585832810e+00 2.890435623463784490e-12 3.501489889518883517e-12 5.611127692799704212e-08
5.119429858292386726e+00 1.803202595252175657e-12 2.225736652868097566e-12 1.199641357106343200e-06
5.122510140998940642e+00 7.898388814311370075e-11 5.239499257562612095e-11 8.477992094697750134e-05
5.125590423705494558e+00 4.706438680494617038e-10 3.573317159531573085e-10 1.762828818536249444e-04
5.128670706412048474e+00 2.063772058017056707e-10 1.621301709020299320e-10 3.610550878207532244e-05
5.131750989118601503e+00 1.427821405212922582e-12 2.067476677986155222e-12 3.124978847474238045e-07
5.134831271825155419e+00 1.153373552476026214e-12 1.063099859420765952e-12 1.850531588272532789e-08
5.137911554531709335e+00 2.362404184282191994e-12 1.512355649945407840e-12 1.788662417579785261e-08
5.140991837238263251e+00 3.986941086851599649e-12 2.783012747192003584e-12 1.001300352150968323e-08
5.144072119944816279e+00 2.543585749621010359e-12 1.736659831034410294e-12 1.349613241026861200e-09
5.147152402651370195e+00 3.815124211855001689e-13 1.594174486652645225e-13 4.812083631026996462e-10
5.150232685357924112e+00 7.310291476720855851e-14 1.005482038576593705e-13 2.940393696464474508e-09
5.153312968064478916e+00 1.395138164805670840e-12 1.599284638370293644e-12 2.194812879015150698e-09
5.156393250771031944e+00 3.921683204283100152e-12 4.592969705691016140e-12 9.529379081986038384e-09
5.159473533477585860e+00 2.754611705025635458e-12 3.292580077406730999e-12 1.288742331587434782e-08
5.162553816184139777e+00 1.656082484914377162e-12 1.896007157686764549e-12 8.836694432306953148e-08
5.165634098890693693e+00 3.206053321666969382e-11 1.597905116662702109e-11 5.965187063534699470e-05
5.168714381597247609e+00 3.165970603738426299e-10 2.085725134680052777e-10 1.954442468636315275e-04
5.171794664303800637e+00 2.466379323809579367e-10 1.711845634141586321e-10 5.152016846282227278e-05
5.174874947010354553e+00 7.293227229919289175e-12 5.624746787047807261e-12 7.560745930056164686e-07
5.177955229716908470e+00 8.620950348927810283e-13 9.923742239983551184e-13 1.878576694107163871e-08
5.181035512423462386e+00 1.564641968691225153e-12 1.093347219385359318e-12 8.840910783710437324e-09
5.184115795130016302e+00 2.803011287000401615e-12 1.998389950833197363e-12 6.595469138918164049e-09
5.187196077836569330e+00 2.544602976077103847e-12 1.793885722009418462e-12 1.341314480073705819e-09
5.190276360543123246e+00 5.301090701914248391e-13 2.696392365712966131e-13 4.145757183083251123e-10
5.193356643249677163e+00 6.533711029447719933e-14 2.658235786906984020e-14 4.276957428790097819e-09
5.196436925956231967e+00 8.838849788340269821e-13 8.049864763614098098e-13 4.349178446029195974e-09
5.199517208662784995e+00 3.298332400209276609e-12 3.323024985396247222e-12 3.415888316686692323e-09
5.202597491369338911e+00 2.772136780583499524e-12 3.101158298901039174e-12 1.020342477106515785e-08
5.205677774075892827e+00 1.478192430272827849e-12 1.673354818319153293e-12 7.767475581721018479e-08
5.208758056782446744e+00 1.908901205048004146e-11 4.370294566656842040e-12 3.418457942671419294e-05
5.211838339488999772e+00 2.701169334790306328e-10 9.938346544487814188e-11 2.056057500855929291e-04
5.214918622195553688e+00 3.317488322869497454e-10 1.457535023270696501e-10 7.697917535406203669e-05
5.217998904902107604e+00 2.468229389009742513e-11 1.191330986798574204e-11 4.806026637301670976e-07
5.221079187608661520e+00 6.917057743428936310e-13 8.979615279621610512e-13 1.268704566778027725e-08
5.224159470315215437e+00 1.047881829379089738e-12 8.062139463139474943e-13 2.413590236877648342e-09
5.227239753021768465e+00 2.076043508670034731e-12 1.361233915696307962e-12 5.164843809665726323e-09
5.230320035728322381e+00 2.603280545712453592e-12 1.693304316315039511e-12 1.986263101941587988e-09
5.233400318434876297e+00 7.584300120502497615e-13 4.014104352682840276e-13 3.450255883135545556e-10
5.236480601141431102e+00 5.717349337544353612e-14 1.382755635551331502e-14 5.152462878367718105e-09
5.239560883847984130e+00 6.229979844811920563e-13 3.750164220751920525e-13 1.062859439410289061e-08
5.242641166554538046e+00 2.960779113274916898e-12 2.257771255801442834e-12 3.099548765006744306e-09
5.245721449261091962e+00 3.218854996314328174e-12 2.887956091604229788e-12 2.131365893977956591e-08
5.248801731967645878e+00 2.025634764274044774e-12 1.537349236236290441e-12 1.784818210123969977e-07
5.251882014674199795e+00 7.486577844883673204e-12 1.692643435910026092e-12 1.392632360077304973e-05
5.254962297380752823e+00 1.843582205416499921e-10 5.013298488001766860e-11 1.937579686843587143e-04
5.258042580087306739e+00 3.457884038564880785e-10 1.342038433467108032e-10 1.398846275870325583e-04
5.261122862793860655e+00 5.210545142661131098e-11 2.366637594244803898e-11 3.782228914372060531e-06
5.264203145500414571e+00 4.486028455252523314e-13 7.283755723872575858e-13 8.437875330188555473e-08
5.267283428206968487e+00 8.305816257110197058e-13 6.102462308183188490e-13 8.418984011136485460e-09
5.270363710913521516e+00 1.932744697152866939e-12 9.209516144013561751e-13 5.907298627239249094e-09
5.273443993620075432e+00 2.858120522323157349e-12 1.495628827474075692e-12 2.355493491736712159e-09
5.276524276326629348e+00 1.153647104119303691e-12 5.529337769946082233e-13 4.264148218297068110e-10
5.279604559033183264e+00 8.234854209577453718e-14 3.171430064329764696e-14 4.878424007074891730e-09
5.282684841739737180e+00 3.248419299773316975e-13 1.593888957691388966e-13 1.653620656973061554e-08
5.285765124446291097e+00 2.430010039055272908e-12 1.437015668532713218e-12 5.113848696651070859e-09
5.288845407152845013e+00 3.765321805277086953e-12 2.588050709604716466e-12 1.194494894035401678e-08
5.291925689859398929e+00 2.297251069630257640e-12 1.480899044840484090e-12 9.561643530282129683e-08
5.295005972565951957e+00 1.848471292329734360e-12 1.075665789900933725e-12 3.316760488031673929e-06
5.298086255272505873e+00 1.381616528794289475e-10 2.736637722096023727e-11 1.476494601785687487e-04
5.301166537979059790e+00 5.525819049857870475e-10 1.379377902242297371e-10 2.384924720996952263e-04
5.304246820685613706e+00 1.762930274798924145e-10 4.740785344832058522e-11 3.208053993647801941e-05
5.307327103392167622e+00 5.290433842584985682e-13 6.927978946746148877e-13 1.505102608440803022e-07
5.310407386098720650e+00 7.258046329365389193e-13 4.759644684894039558e-13 1.349221678021454510e-08
5.313487668805274566e+00 1.814913337260356221e-12 6.534871442715095502e-13 4.437575568645106082e-09
5.316567951511828483e+00 2.950065203237110567e-12 1.242500941154707041e-12 2.780305113580748467e-09
5.319648234218382399e+00 1.687734167742606804e-12 7.059468062031661587e-13 7.982377178186019950e-10
5.322728516924936315e+00 2.103745893816348932e-13 7.066209340396590726e-14 2.866549879058981214e-09
5.325808799631490231e+00 5.803198452703252056e-14 5.858204185474459259e-14 1.859859031969226209e-08
5.328889082338044147e+00 1.408007429504097090e-12 8.395898368163347866e-13 1.392430230623239056e-08
5.331969365044598064e+00 3.383316572031356429e-12 2.172546131603741744e-12 5.325115502176627476e-09
5.335049647751151092e+00 2.157690972724245214e-12 1.445319966301998283e-12 2.237248091792365013e-08
5.338129930457705008e+00 1.449415961790535094e-12 8.803791295815111058e-13 3.668382037236951175e-07
5.341210213164258924e+00 8.039466510652109247e-11 1.220578917150687500e-11 8.407377676692993147e-05
5.344290495870812840e+00 7.504700147343044786e-10 1.196223677864122915e-10 3.215704879561894782e-04
5.347370778577366757e+00 4.659329915117686720e-10 7.560518921854246797e-11 1.189766015440506762e-04
5.350451061283919785e+00 7.401237593946199830e-12 1.678303628535530386e-12 1.353797324053969227e-06
5.353531343990473701e+00 8.416620367252363396e-13 4.226787200722024576e-13 5.180239982694777217e-08
5.356611626697027617e+00 1.454347268296583448e-12 5.013931341212351235e-13 7.742068714838637006e-09
5.359691909403581533e+00 2.570765189159715290e-12 9.639249131645358256e-13 4.710751229344800568e-09
5.362772192110135450e+00 2.092990905947694030e-12 8.139093046657913202e-13 3.159751458027772148e-09
5.365852474816689366e+00 4.169182581789936276e-13 1.261624861899522118e-13 8.340516085104382432e-10
5.368932757523243282e+00 1.086481869160291876e-14 1.951731162497955166e-14 1.510053018408653707e-08
5.372013040229797198e+00 4.947257912507621806e-13 4.431072785686447819e-13 2.708397354944959422e-08
5.375093322936351115e+00 2.244907354068361886e-12 1.671464601411383441e-12 1.757151746085139135e-08
5.378173605642904143e+00 1.879890067125841186e-12 1.400404045494445841e-12 1.462101456388715269e-08
5.381253888349458059e+00 1.329042080626846585e-12 7.903701554664986870e-13 1.455679499647381516e-07
5.384334171056011975e+00 2.406982511479840317e-11 4.043458099166314158e-12 3.303563165652275292e-05
5.387414453762565891e+00 4.491753004314197655e-10 7.955744573308747328e-11 3.199746639436575903e-04
5.390494736469119808e+00 4.950929253273832957e-10 9.040502966254182185e-11 2.593492144612066330e-04
5.393575019175672836e+00 2.544483458092835312e-11 5.008939152156510520e-12 1.111597251910063674e-05
5.396655301882226752e+00 9.673492000923653939e-13 4.235486896367085947e-13 2.088655978525764929e-07
5.399735584588780668e+00 9.028219126264972187e-13 3.985955267518043832e-13 2.344676264062777836e-08
5.402815867295334584e+00 1.857370686384889634e-12 6.951913509924076792e-13 9.453421764351505825e-09
5.405896150001888500e+00 1.975615482538098770e-12 8.271292722696902737e-13 7.268537397752479350e-09
5.408976432708442417e+00 5.405753963987013589e-13 1.903722136804703312e-13 1.020282905264513678e-09
5.412056715414996333e+00 6.677914537615879614e-14 1.243601871569034787e-14 7.904452823465265642e-09
5.415136998121550249e+00 2.262362554214388561e-13 2.064644360280634753e-13 2.919078692218388193e-08
5.418217280828103277e+00 1.626653864266949219e-12 1.171070788896352391e-12 2.554468619004757529e-08
5.421297563534657193e+00 1.875017773152813351e-12 1.337703366130578474e-12 8.800353831393647973e-09
5.424377846241211110e+00 1.087538710330320291e-12 7.314430621925730668e-13 1.082359269353054272e-07
5.427458128947765026e+00 6.009997459081131855e-12 1.235554779891670938e-12 8.533365050597094240e-06
5.430538411654318942e+00 7.652538681039599857e-11 4.194426996667467891e-11 2.377038067544639036e-04
5.433618694360871970e+00 1.070194772971227568e-10 8.583645356658977995e-11 3.862139319331183459e-04
5.436698977067425886e+00 1.150214622807234232e-11 1.079246975605076622e-11 4.270635599070447873e-05
5.439779259773979803e+00 3.783001988686818560e-13 3.782644104606056054e-13 2.479953222841494526e-07
5.442859542480533719e+00 4.942691554106462321e-13 3.075832843681271062e-13 2.066262382122544822e-08
5.445939825187087635e+00 1.183116889190180743e-12 4.754224485876445474e-13 1.029512101492310528e-08
5.449020107893641551e+00 1.529591948168606032e-12 7.429073837296017345e-13 9.195580506365027797e-09
5.452100390600195468e+00 5.549210715071943578e-13 2.533671915953174459e-13 3.194557030398291170e-09
5.455180673306749384e+00 5.679717130014124049e-14 2.034953276742635732e-14 2.798302647121996038e-09
5.458260956013303300e+00 2.358704255918050936e-13 8.286868493546467271e-14 2.011731818798826508e-08
5.461341238719856328e+00 1.664095819879905853e-12 7.566858393449173043e-13 2.276504481616500846e-08
5.464421521426410244e+00 2.234767469058987230e-12 1.236770689420996901e-12 4.164683148666238580e-09
5.467501804132964160e+00 1.335851921522868049e-12 6.950852247008650453e-13 4.389137783167143911e-08
5.470582086839518077e+00 2.497628241725582208e-12 6.087057404679489799e-13 1.848429183181694963e-06
5.473662369546071105e+00 5.275051292703005313e-11 1.768556348557791581e-11 1.378219285152110826e-04
5.476742652252625021e+00 1.240177923297461100e-10 6.612006574550371859e-11 4.200793374691234611e-04
5.479822934959178937e+00 2.754482487404362103e-11 1.689114198959273605e-11 9.742598504977113176e-05
5.482903217665732853e+00 2.360022017423122355e-13 3.072993969612133016e-13 4.635815375103885197e-08
5.485983500372286770e+00 3.845851712618442121e-13 2.320438494453304555e-13 3.861629765989758123e-09
5.489063783078840686e+00 8.926017441753368871e-13 3.272872485368626869e-13 6.697543339163673255e-09
5.492144065785394602e+00 1.478043740093047609e-12 6.093728031369805480e-13 1.059293135611732298e-08
5.495224348491948518e+00 8.016445149255907078e-13 3.088470602549144475e-13 4.960323704561364269e-09
5.498304631198502435e+00 7.476747588498827652e-14 3.571021742593821235e-14 6.755533270350105461e-10
5.501384913905055463e+00 1.263296467828810654e-13 2.890577114225809316e-14 9.181129020872434727e-09
5.504465196611609379e+00 1.429436393846914785e-12 4.595145669798653362e-13 1.545815794414131306e-08
5.507545479318163295e+00 2.621544911115746530e-12 1.097878300310429606e-12 7.013563725720573857e-09
5.510625762024717211e+00 1.711966934085156774e-12 6.938086734286329922e-13 3.445891693442846746e-08
5.513706044731271128e+00 1.036232934163808123e-12 4.686248916274492715e-13 6.389821960448574291e-07
5.516786327437824156e+00 8.937324731684999980e-11 6.868598652517999241e-12 7.166138058425436863e-05
5.519866610144378072e+00 5.634408705921313669e-10 4.857297197834853123e-11 3.560128899910899457e-04
5.522946892850931988e+00 2.589900302317683369e-10 2.359828817459076791e-11 1.488872645507060210e-04
5.526027175557485904e+00 2.088175556538371553e-12 4.578131745985551328e-13 1.049370431104768083e-06
5.529107458264039821e+00 3.866709748883784434e-13 1.870691127236805855e-13 5.020791991595726819e-08
5.532187740970593737e+00 9.961683067999214417e-13 2.432662005446233186e-13 1.192781374855817988e-08
5.535268023677147653e+00 1.803457515719923369e-12 4.784433306630481404e-13 1.691951976993644928e-08
5.538348306383701569e+00 1.414296345558132255e-12 3.580080316721694584e-13 5.035351234807638951e-09
5.541428589090254597e+00 2.405343681556196204e-13 5.822753435916815302e-14 3.404827521090132368e-10
5.544508871796808513e+00 1.719846462103644704e-14 9.911171964979896790e-15 3.463665809437415897e-09
5.547589154503362430e+00 8.234577310297821552e-13 2.573727122272773238e-13 7.777271926481492223e-09
5.550669437209916346e+00 2.429802209083816036e-12 9.183632388931637879e-13 6.113863995623938956e-09
5.553749719916470262e+00 1.766431578596219894e-12 7.087634354042290339e-13 1.792455546062184091e-08
5.556830002623023290e+00 1.075955434859384811e-12 4.106477292954292883e-13 1.710616250141176467e-07
5.559910285329577206e+00 4.410630099014775602e-11 2.889250790084607495e-12 3.900742161737388820e-05
5.562990568036131123e+00 5.453111378097274432e-10 4.138840720437668062e-11 2.516182214077552506e-04
5.566070850742685039e+00 4.435991773874748006e-10 3.676185045853917082e-11 1.570314731694398764e-04
5.569151133449238955e+00 1.378298013104151431e-11 1.477566088079728701e-12 4.567102727746278497e-06
5.572231416155791983e+00 7.370792918629719344e-13 1.770187416564717490e-13 1.146918949507816371e-07
5.575311698862346788e+00 1.030668159774921568e-12 2.013716795663020000e-13 1.718717679172867406e-08
5.578391981568900704e+00 1.854197258724096553e-12 3.694488425520994884e-13 2.047549603799364861e-08
5.581472264275454620e+00 1.799398527474082817e-12 3.968777104162613181e-13 4.911851628631521259e-09
5.584552546982007648e+00 4.211564220882797151e-13 8.951644942996455516e-14 4.172981382247688513e-10
5.587632829688561564e+00 1.814008874031806115e-14 6.964737920790383433e-15 1.928388057215245843e-09
5.590713112395115481e+00 3.218254058877485864e-13 1.246318219576410549e-13 3.653067921925103560e-09
5.593793395101669397e+00 1.749107533354933527e-12 6.917309537519898452e-13 4.108254237639179818e-09
5.596873677808223313e+00 1.753606719008056078e-12 7.056326367854546905e-13 7.335015262660022337e-09
5.599953960514776341e+00 1.007480675457470915e-12 3.900549332294361964e-13 8.160838195629580772e-08
5.603034243221330257e+00 1.209992335175850835e-11 1.094761678308358165e-12 2.058225322295742442e-05
5.606114525927884173e+00 2.330719465870153149e-10 3.106513105336353723e-11 1.678451225320162072e-04
5.609194808634438090e+00 3.091429666416319015e-10 4.943622429880740025e-11 1.189762804035134313e-04
5.612275091340991118e+00 2.485395068703651544e-11 4.491991419866907830e-12 6.592736559949061193e-06
5.615355374047545922e+00 6.714400737061307476e-13 1.866871069484735315e-13 7.045568407447278868e-08
5.618435656754099838e+00 7.786470127534850268e-13 1.744631725246737410e-13 7.877764315256829022e-09
5.621515939460653755e+00 1.386482641042692862e-12 2.795723015819779275e-13 1.521714457182168511e-08
5.624596222167206783e+00 1.540722251419725071e-12 4.020172625728518448e-13 6.807519200798380907e-09
5.627676504873760699e+00 4.667655444693509672e-13 1.251566875335872236e-13 5.567519319119943616e-10
5.630756787580314615e+00 4.338279201504188247e-14 1.123922780984274513e-14 1.629483904265000980e-09
5.633837070286868531e+00 9.619778337054855137e-14 4.925443777038399157e-14 4.823927031094767867e-09
5.636917352993422448e+00 1.109786400694634009e-12 4.564280167774250309e-13 4.525616653051928053e-09
5.639997635699975476e+00 1.534185478935343432e-12 6.652214807867206086e-13 9.693120242030535627e-09
5.643077918406529392e+00 7.869333530746949355e-13 3.813982373685910333e-13 1.162989647049133552e-07
5.646158201113083308e+00 4.157899183870072392e-12 4.573848113152674043e-13 7.920849572347273636e-06
5.649238483819637224e+00 8.774041929229193549e-11 1.678199775157934678e-11 1.159217755834825728e-04
5.652318766526191141e+00 1.735767904624548167e-10 4.788288935584298027e-11 8.932432784952648531e-05
5.655399049232744169e+00 2.841874192816676125e-11 8.995816118910062592e-12 3.538284925191947322e-06
5.658479331939298973e+00 3.483249622019077263e-13 1.687339690909902360e-13 5.590782731564535991e-08
5.661559614645852889e+00 4.991917504039004356e-13 1.468721179473171617e-13 5.719045241636455564e-09
5.664639897352406805e+00 7.907867737913972004e-13 2.087043886732712013e-13 1.063683509836446699e-08
5.667720180058959834e+00 1.063541130914313686e-12 3.577106417878904947e-13 1.163195093986007722e-08
5.670800462765513750e+00 4.590306810950224852e-13 1.559928529971815171e-13 2.244756677996065742e-09
5.673880745472067666e+00 5.496752738681032307e-14 1.789753168824761417e-14 9.600453811767565531e-10
5.676961028178621582e+00 2.976488106189712765e-14 1.576996767617807124e-14 7.007689817372674866e-09
5.680041310885174610e+00 6.735217793680641017e-13 2.650252226812770365e-13 4.391168058371194404e-09
5.683121593591728526e+00 1.280455382004413092e-12 5.782734025011010064e-13 6.065003455228770271e-09
5.686201876298282443e+00 8.318024625414904563e-13 3.678469030145818110e-13 6.055152774727756267e-08
5.689282159004836359e+00 1.477794323386541583e-12 3.027493450597381346e-13 1.605833059159463382e-06
5.692362441711390275e+00 3.684640428677832838e-11 7.068862639526143509e-12 7.294531584732447777e-05
5.695442724417943303e+00 8.880578275890338926e-11 3.679563144677841750e-11 1.059289129342510160e-04
5.698523007124497219e+00 2.233117284565488051e-11 1.322085735253946827e-11 1.040515474678427954e-05
5.701603289831052024e+00 2.969549493861334769e-13 1.809632859688420844e-13 8.196896937282395158e-08
5.704683572537605940e+00 3.017701437857179736e-13 1.273356392213579036e-13 8.234862979131733610e-09
5.707763855244158968e+00 4.648033257209839298e-13 1.623068641352393361e-13 7.624560646848531392e-09
5.710844137950712884e+00 7.817999615430316388e-13 2.831543396847105587e-13 1.371505929275715670e-08
5.713924420657266801e+00 5.002872338870972301e-13 1.766583083342378949e-13 6.740658265041835270e-09
5.717004703363820717e+00 7.384220533424228859e-14 2.616152010295946843e-14 2.997865573828615312e-10
5.720084986070374633e+00 1.451435818265885625e-14 5.107531202520744447e-15 6.727266279807355887e-09
5.723165268776927661e+00 5.193829715246284799e-13 1.351657821783491906e-13 5.053938839149277647e-09
5.726245551483481577e+00 1.320589638227586050e-12 4.573878125309408991e-13 3.593699802620734049e-09
5.729325834190035494e+00 9.774175990432326560e-13 3.483046727723164924e-13 1.454019205943256619e-08
5.732406116896589410e+00 5.639833411241808773e-13 2.485420043714628992e-13 1.266321941868043361e-07
5.735486399603143326e+00 1.620132083988719150e-11 2.555489258501152068e-12 3.456291955182263858e-05
5.738566682309696354e+00 4.010578869212542773e-11 2.465637773127775549e-11 1.368536983496925125e-04
5.741646965016251158e+00 8.840363733274552054e-12 1.611933581325386594e-11 5.254275823481553031e-05
5.744727247722805075e+00 3.825303872511807581e-13 4.032948798389310832e-13 6.642218764391090569e-07
5.747807530429358103e+00 2.046686762235653377e-13 1.216890658409389980e-13 2.803190484900578789e-08
5.750887813135912019e+00 4.098757968630645102e-13 1.368237741039612460e-13 6.149164796410667871e-09
5.753968095842465935e+00 7.207528087244131986e-13 2.086789578839181951e-13 1.006018602149491372e-08
5.757048378549019851e+00 6.074770183155983547e-13 1.854803828490184056e-13 1.177615389126654119e-08
5.760128661255573768e+00 1.137340032138782189e-13 3.737429541546836244e-14 4.631971888451663812e-10
5.763208943962126796e+00 9.007537403906642043e-15 4.611311010678613845e-15 4.843292051342924792e-09
5.766289226668680712e+00 4.565775036660186629e-13 5.895198315409673941e-14 7.200086080709464965e-09
5.769369509375234628e+00 1.458584426471350504e-12 3.274793424029784877e-13 3.687724482156803407e-09
5.772449792081788544e+00 1.214259095970669752e-12 3.268271923470433963e-13 8.154969137727723598e-09
5.775530074788342461e+00 6.177067839249452479e-13 2.167549162102820534e-13 7.987192908576075845e-08
5.778610357494895489e+00 1.255914603129180593e-11 8.991425973108556499e-13 1.373933667872484692e-05
5.781690640201449405e+00 1.714581832512284648e-10 1.438318748669028064e-11 1.543345367210159419e-04
5.784770922908004209e+00 1.782704766585492582e-10 1.638751952234316995e-11 1.380874361843979618e-04
5.787851205614558125e+00 1.019440137442007313e-11 9.929958764852370720e-13 6.624154144593535181e-06
5.790931488321111154e+00 3.075275206319942562e-13 1.183073119357290731e-13 1.193592866373637936e-07
5.794011771027665070e+00 5.309962344054827026e-13 1.194706071800320615e-13 1.090256097386974407e-08
5.797092053734218986e+00 7.506281843063908263e-13 1.507792959701189488e-13 6.896938623053052940e-09
5.800172336440772902e+00 8.174458667503941189e-13 1.797907819556472939e-13 1.167913994684911255e-08
5.803252619147326818e+00 2.220292602539613319e-13 5.154689933967185123e-14 1.314288580397198585e-09
5.806332901853879846e+00 2.524930213366393775e-14 7.990302131362637407e-15 3.503809086569142265e-09
5.809413184560433763e+00 2.805258020619460063e-13 2.133354260596921765e-14 9.470429211672468970e-09
5.812493467266987679e+00 1.156976199895054702e-12 2.139960592269886603e-13 2.529487131862596039e-09
5.815573749973541595e+00 1.256737657562600544e-12 3.013228002965935989e-13 8.858009879706808295e-09
5.818654032680094623e+00 7.667871046412368566e-13 1.899166672713178290e-13 8.997037095498059600e-08
5.821734315386648539e+00 6.942200608106039199e-12 4.159542664541275953e-13 7.909522364897617392e-06
5.824814598093203344e+00 2.479382610084820360e-10 8.770562831967156665e-12 1.735916109161316596e-04
5.827894880799757260e+00 4.664448782620511593e-10 1.701615980064856408e-11 2.648219605958739399e-04
5.830975163506310288e+00 5.858744149945369999e-11 2.263388871247127472e-12 2.989277426071102373e-05
5.834055446212864204e+00 5.450826457064585983e-13 1.012602134313627320e-13 1.546508512454996504e-07
5.837135728919418121e+00 5.669537362096303130e-13 1.027705066056278132e-13 1.128738461435954170e-08
5.840216011625972037e+00 7.575965968542089864e-13 1.132261412273303839e-13 7.823432244469390637e-09
5.843296294332525953e+00 9.743070267366515745e-13 1.595700524505071653e-13 5.076024714148020127e-09
5.846376577039078981e+00 3.731171289308659066e-13 6.685015558204469039e-14 1.306932312721980604e-09
5.849456859745632897e+00 6.842672949793746674e-14 1.225530940212536331e-14 3.256168984125539670e-09
5.852537142452186814e+00 8.788641665567714615e-14 7.214946372323224639e-15 1.230436882647693534e-08
5.855617425158740730e+00 5.234426866183417646e-13 1.281235537663231099e-13 3.145466939977488189e-09
5.858697707865294646e+00 9.979937575729085996e-13 2.637874189745464209e-13 1.731322262707594656e-08
5.861777990571847674e+00 5.748987150708992228e-13 1.744315806993328041e-13 1.151226687591578496e-07
5.864858273278401590e+00 3.039857384861794315e-12 2.277258213813218501e-13 5.166911165364906221e-06
5.867938555984956395e+00 1.508747559532242003e-10 5.910255090490366454e-12 1.956776433077290036e-04
5.871018838691510311e+00 4.207008811808001655e-10 2.105301778595637781e-11 4.286599798759279192e-04
5.874099121398063339e+00 9.766462784960510810e-11 5.565753814257698184e-12 8.768671628422403217e-05
5.877179404104617255e+00 3.055223189472724487e-13 8.505933694084094027e-14 1.228427763471624008e-07
5.880259686811171171e+00 4.339194200069781866e-13 8.528066162161582193e-14 1.130924977532748281e-08
5.883339969517725088e+00 6.330917454720480437e-13 9.410087446502548079e-14 1.484185654562959910e-08
5.886420252224278116e+00 7.919963917695632042e-13 1.301627709978637747e-13 4.522862813809798831e-09
5.889500534930832032e+00 3.837154538337685318e-13 7.974694943162349109e-14 7.203280913989744888e-10
5.892580817637385948e+00 7.782259878533069827e-14 1.660058895991096404e-14 3.191494459716498862e-09
5.895661100343939864e+00 1.014559607344439444e-14 4.458203072528833246e-15 1.498705990804756875e-08
5.898741383050493781e+00 1.859137302244976310e-13 6.843854399728534035e-14 5.539075709397834830e-09
5.901821665757046809e+00 6.208063159789273307e-13 2.150441487391821774e-13 1.732711841145695269e-08
5.904901948463600725e+00 3.950137136991518519e-13 1.645568955102375483e-13 8.841765565172058028e-08
5.907982231170154641e+00 1.258166418258968173e-12 1.479976422148666854e-13 1.924594921892527366e-06
5.911062513876709446e+00 6.477190090818306032e-11 3.043739214735390642e-12 1.901792665627042114e-04
5.914142796583262474e+00 1.695276873419434089e-10 2.122149926239703013e-11 5.912264444318017249e-04
5.917223079289816390e+00 4.604397287945698827e-11 1.050376241186581525e-11 1.894944916046174593e-04
5.920303361996370306e+00 4.517412197804778160e-13 1.594612235076214127e-13 1.587468585493652405e-06
5.923383644702924222e+00 3.350329028821101533e-13 7.203899929921709839e-14 7.185900405586643827e-08
5.926463927409478138e+00 3.587398019796347335e-13 8.714854333577719611e-14 2.927562166501017447e-08
5.929544210116031167e+00 4.035007704160373629e-13 9.911405544091497330e-14 1.500485696027741562e-08
5.932624492822585083e+00 2.173185662059294207e-13 8.428947315622868951e-14 9.955744115934955237e-10
5.935704775529138999e+00 3.599330806466600563e-14 2.053916155333273968e-14 2.341250546120396912e-09
5.938785058235692915e+00 3.259261216621707719e-15 5.908383295759850716e-15 1.591423049505863655e-08
5.941865340942246831e+00 2.067558143426013100e-13 3.246868085663262448e-14 1.283932413922018717e-08
5.944945623648799859e+00 6.211217541537225682e-13 1.571806935153403504e-13 5.565498553531925367e-09
5.948025906355353776e+00 5.137180490837697810e-13 1.488040861792065704e-13 3.134249331648478028e-08
5.951106189061908580e+00 3.408615487306854529e-13 1.165154104699946670e-13 2.857983674902680536e-07
5.954186471768461608e+00 4.251736573887455504e-11 1.085967362350174446e-12 1.453258592417822396e-04
5.957266754475015524e+00 1.606618427677280476e-10 1.406364989566755238e-11 6.900944401879529656e-04
5.960347037181569441e+00 5.380645399301320713e-11 1.231244980677311116e-11 3.218209665362325111e-04
5.963427319888123357e+00 1.259530147024094428e-12 4.685599183524593687e-13 8.290887850669966081e-06
5.966507602594677273e+00 1.563857602759331534e-13 6.959962860908801717e-14 1.913718175795497885e-07
5.969587885301230301e+00 2.106574322519784713e-13 8.115897941461121125e-14 3.592324843500360005e-08
5.972668168007784217e+00 1.856366918839847833e-13 7.367810144735293700e-14 2.489697288800386031e-08
5.975748450714338134e+00 1.812058236561281976e-13 7.595510494331133505e-14 2.272921539968147632e-09
5.978828733420892050e+00 4.537870720519152897e-14 2.288528254064092871e-14 1.380139386473758336e-09
5.981909016127445966e+00 2.067978820550439397e-14 7.813552159622723854e-15 1.562960967277351027e-08
5.984989298833998994e+00 2.630406086962128897e-13 1.541480162486569489e-14 3.020226307757586570e-08
5.988069581540552910e+00 7.190275028442688035e-13 9.982214150508153303e-14 7.307481488463206264e-09
5.991149864247106827e+00 6.419048805931270220e-13 1.296216782982765329e-13 3.458587192998990956e-08
5.994230146953661631e+00 5.799972000356153676e-13 9.693610960101876158e-14 3.374415041866246375e-07
5.997310429660214659e+00 3.006848291044197180e-11 3.685193424439901618e-13 8.294670188147511541e-05
6.000390712366768575e+00 2.792510261661179806e-10 6.663050437540184315e-12 6.786022150129828335e-04
6.003470995073322491e+00 2.171976578479245914e-10 9.418449745041708133e-12 4.506933040098773879e-04
6.006551277779876408e+00 1.266174109086435393e-11 8.303998471026462117e-13 2.262981336320147698e-05
6.009631560486430324e+00 2.988351695932105740e-13 6.417830490432581966e-14 2.366675019202074901e-07
6.012711843192983352e+00 2.885320320319051914e-13 6.938828769450226792e-14 2.629830800371272793e-08
6.015792125899537268e+00 2.767952452603899173e-13 5.742832066210543564e-14 3.067344289492133273e-08
6.018872408606091184e+00 3.922568954286770846e-13 5.877824470378102325e-14 6.764839221108650549e-09
6.021952691312645101e+00 1.500424740280484165e-13 2.339772062408740723e-14 1.056095027193313203e-09
6.025032974019198129e+00 5.443312175095814036e-14 8.932590185864406397e-15 1.296865968483278410e-08
6.028113256725752045e+00 1.981869065278329415e-13 1.014210141250165484e-14 4.557908521225998936e-08
6.031193539432305961e+00 5.039721495560009627e-13 5.496938431021475028e-14 1.872579529159680549e-08
6.034273822138859877e+00 7.448111811681948558e-13 1.062544756255723625e-13 5.899135344327076293e-08
6.037354104845413794e+00 7.094023190909800771e-13 7.896049150464140693e-14 4.953194441982824314e-07
6.040434387551967710e+00 1.402612756766160938e-11 1.712954783863084477e-13 3.255233606591208072e-05
6.043514670258521626e+00 2.762804324373898357e-10 3.172041588454166155e-12 5.513943102736974409e-04
6.046594952965075542e+00 3.221889503273363346e-10 5.852943412018950298e-12 5.392174077467923148e-04
6.049675235671629459e+00 3.317552471451215388e-11 9.442278203572416766e-13 4.236876581553799653e-05
6.052755518378182487e+00 3.967341148005210729e-13 5.232147611586945868e-14 2.753418800562351192e-07
6.055835801084736403e+00 3.431954829881295274e-13 5.636143418144310712e-14 2.987159081859902339e-08
6.058916083791290319e+00 4.720265563520888402e-13 5.005056907976909456e-14 3.610492962810717578e-08
6.061996366497844235e+00 5.367714269016327516e-13 4.201540589343580405e-14 1.568592979122514209e-08
6.065076649204398151e+00 2.311016459819227046e-13 2.297380134050650161e-14 1.886682282166408116e-09
6.068156931910951180e+00 6.662893250223896602e-14 9.518646958427499582e-15 7.442962463979112951e-09
6.071237214617505096e+00 9.238888649245645112e-14 9.890344720585993131e-15 4.240375545385174604e-08
6.074317497324059012e+00 2.165620598097587038e-13 2.743504372487622724e-14 2.290675420272217428e-08
6.077397780030613816e+00 5.445659193139770708e-13 7.933285777010309099e-14 4.085142917881946882e-08
6.080478062737166844e+00 3.424735629377202012e-13 6.252659450399171567e-14 2.546733281526229415e-07
6.083558345443720761e+00 3.682695289908355897e-12 9.419679928813561787e-14 7.488600236230857325e-06
6.086638628150274677e+00 1.692816172008607321e-10 2.137888312579186516e-12 3.615561575049947973e-04
6.089718910856828593e+00 2.730704597569070251e-10 4.577642895330171975e-12 5.592277448267233327e-04
6.092799193563381621e+00 3.669083894966099751e-11 1.033187549978780235e-12 6.581749840186647325e-05
6.095879476269935537e+00 3.413212752290913992e-13 4.616705333299370114e-14 5.038879084242697266e-07
6.098959758976489454e+00 3.555160163146986468e-13 4.647332132322052598e-14 4.551622194282975610e-08
6.102040041683043370e+00 4.832190904037321295e-13 4.831233985043034381e-14 3.377568808135816703e-08
6.105120324389597286e+00 4.336838595336521028e-13 3.121096359433152673e-14 2.438562077155674515e-08
6.108200607096150314e+00 1.790524586461305509e-13 2.235428886655616779e-14 4.423484461132518336e-09
6.111280889802704230e+00 3.994539235074534814e-14 9.951758324085599103e-15 2.665715971809183597e-09
6.114361172509258147e+00 2.432910980816457297e-14 1.000501786457544118e-14 2.596464062769745375e-08
6.117441455215812063e+00 7.190396536140628736e-14 1.458934412637904382e-14 2.026040214932655826e-08
6.120521737922365979e+00 2.816767150587246832e-13 5.534471368869031665e-14 1.059869572104813686e-08
6.123602020628919895e+00 2.118869534906359713e-13 5.277909076423856519e-14 4.432979309405960487e-08
6.126682303335473812e+00 5.127010662700151213e-13 5.363530269920591602e-14 5.922420271940706096e-07
6.129762586042027728e+00 6.665434210510053107e-11 1.419840405660536241e-12 1.880440314874321319e-04
6.132842868748581644e+00 1.674648705739978067e-10 4.950054229528237404e-12 5.013001035909032043e-04
6.135923151455134672e+00 2.949337705340536283e-11 1.863033635516254151e-12 9.566964443387081783e-05
6.139003434161688588e+00 3.215536628188728471e-13 6.846045619628073466e-14 6.549363381856372934e-07
6.142083716868242504e+00 2.477678378711044310e-13 3.831137321737627247e-14 3.124708126242757351e-08
6.145163999574796421e+00 3.088476685370694113e-13 4.821158956672428331e-14 1.606709601061187530e-08
6.148244282281350337e+00 2.172689208300440486e-13 2.721219917094170907e-14 2.387105209879276716e-08
6.151324564987903365e+00 7.273687948564402962e-14 2.179435267199450064e-14 6.668200015406846669e-09
6.154404847694457281e+00 1.475736733695537468e-14 1.060345966367422754e-14 8.114009606400317704e-10
6.157485130401011197e+00 5.072355691328385200e-15 9.147023411461011671e-15 1.279676437350828329e-08
6.160565413107565114e+00 5.529308019633686238e-14 1.037513902451603480e-14 1.960346999465492549e-08
6.163645695814119030e+00 2.269178491770249650e-13 4.005132887655892340e-14 3.513583047801653288e-09
6.166725978520672946e+00 2.115038813239550928e-13 4.841293177944970133e-14 1.023112366931435261e-08
6.169806261227226862e+00 1.819825106119612964e-13 3.796036279719004678e-14 7.245244104349870615e-08
6.172886543933780779e+00 2.055504341032360781e-11 6.026510814177204416e-13 7.677583508190802513e-05
6.175966826640333807e+00 9.510355974676633266e-11 4.730239563455349983e-12 3.923082234854619738e-04
6.179047109346887723e+00 2.831525950832198865e-11 3.956234022977577226e-12 1.368144528666258948e-04
6.182127392053441639e+00 1.373511499855305470e-13 2.404228193879809309e-13 1.307475924234365219e-06
6.185207674759995555e+00 1.503820563554921721e-13 3.240359603043140332e-14 3.081041013218775092e-08
6.188287957466549472e+00 1.724821249040788084e-13 4.774287088840699255e-14 3.857866362217158323e-09
6.191368240173102500e+00 8.569437692020919301e-14 2.875694401828647411e-14 1.571430115582506560e-08
6.194448522879656416e+00 4.946998984440227759e-14 2.148338068307547591e-14 6.714413650576061094e-09
6.197528805586210332e+00 2.448422732986979807e-14 1.193052878138426831e-14 5.389659873305461723e-10
6.200609088292764248e+00 1.540229243248320950e-14 8.289598854599822549e-15 6.115106442316968312e-09
6.203689370999318164e+00 7.977173425564293571e-14 1.015223369757521022e-14 2.135415980523634294e-08
6.206769653705872081e+00 2.449528345835675549e-13 3.218983912792523451e-14 1.124697485163902280e-08
6.209849936412425997e+00 3.007087414994780044e-13 4.635820273763834225e-14 2.051255639149341751e-08
6.212930219118979913e+00 3.570282127243440367e-13 3.492916522753693291e-14 2.278561933948890738e-07
6.216010501825533829e+00 8.409081384439118253e-12 1.441783977843045730e-13 2.405055545572544354e-05
6.219090784532086857e+00 8.997108695626535953e-11 3.225130351086611000e-12 2.733902253831848629e-04
6.222171067238640774e+00 5.425934265565212071e-11 6.154124278940654186e-12 1.905126068231661465e-04
6.225251349945194690e+00 1.486360317146690644e-12 8.246734291798082759e-13 7.527983885661681444e-06
6.228331632651748606e+00 1.821234967489027776e-13 3.113979502913597739e-14 9.572536980430211406e-08
6.231411915358301634e+00 1.532107369874873259e-13 4.488586651279333718e-14 8.560129407196736136e-09
6.234492198064855550e+00 1.219452102667437271e-13 3.399102971876553968e-14 1.031315410662116118e-08
6.237572480771409467e+00 1.134653946891166674e-13 2.157596143209116079e-14 7.739259038425350732e-09
6.240652763477963383e+00 5.869079180737783401e-14 1.378427557001599103e-14 1.630452528256300156e-09
6.243733046184517299e+00 2.834903529243697959e-14 8.243082111305670745e-15 2.494248962172086606e-09
6.246813328891071215e+00 9.657364951212018657e-14 1.192408308985104859e-14 2.006928334026676036e-08
6.249893611597625132e+00 2.544792642459988626e-13 2.774521967984749514e-14 1.716885448160651877e-08
6.252973894304179048e+00 4.126662522206211871e-13 4.706456344696431245e-14 1.554762885794678996e-08
6.256054177010732964e+00 3.502880601072459917e-13 3.656083806063677626e-14 1.388821080781705337e-07
6.259134459717285992e+00 3.146971623145968359e-12 5.073954376885236381e-14 5.216011704867923122e-06
6.262214742423839908e+00 9.360622149063460317e-11 1.985854803245153952e-12 1.677330399490766140e-04
6.265295025130393824e+00 1.275054134306638466e-10 6.475580276601114216e-12 2.446376981682079482e-04
6.268375307836947741e+00 1.631212394044456105e-11 1.635748246101176041e-12 3.097715288601398710e-05
6.271455590543501657e+00 2.359694054365118557e-13 2.960324501232969172e-14 1.173477840857141991e-07
6.274535873250054685e+00 2.078274021077648213e-13 3.942827051117528869e-14 1.450699334839227108e-08
6.277616155956608601e+00 2.661668018190962700e-13 4.120819926872663914e-14 9.657989373459161734e-09
6.280696438663162517e+00 1.933689373507995241e-13 2.246465652580419943e-14 1.141625965272793777e-08
6.283776721369717322e+00 8.840786523841826275e-14 1.495035369364592556e-14 5.700330669300522620e-09
6.286857004076270350e+00 3.311004636671079707e-14 8.639096882818355538e-15 6.749989542158775954e-10
6.289937286782824266e+00 9.964744969324945706e-14 1.416385204300713819e-14 1.324723943195343250e-08
6.293017569489377294e+00 2.420723061848971558e-13 2.457993163979432890e-14 1.599420639828428226e-08
6.296097852195932099e+00 3.950569775414542765e-13 4.661492749142050893e-14 1.051936677589274506e-08
6.299178134902485127e+00 2.638057201108276385e-13 3.706744988842180810e-14 4.007291342961343627e-08
6.302258417609039043e+00 6.704475952141620496e-13 3.813362825391949552e-14 6.091066668454485279e-07
6.305338700315592071e+00 5.716922538065132147e-11 1.874151388215717661e-12 8.418271730337255744e-05
6.308418983022146875e+00 8.758367334338206281e-11 2.985025789722126856e-12 1.346970285290806021e-04
