# omega PSD_u_x115.0_y0.5_z0.0 PSD_v_x115.0_y0.5_z0.0 PSD_p_x115.0_y0.5_z0.0
0.000000000000000000e+00 1.894417211345216629e-04 1.980043588008322767e-06 2.455831867168897624e-05
3.080282706553782654e-03 3.690182011266142066e-04 9.045990786089354047e-06 1.777661777476736068e-05
6.160565413107565308e-03 6.337632533349917208e-06 2.846705464934762494e-07 1.351179010591568069e-05
9.240848119661346227e-03 3.366339055531836496e-06 3.032526708363370550e-07 3.793144431068932125e-05
1.232113082621513062e-02 9.609238371133401553e-07 3.748101102413330088e-07 4.067598420330807121e-05
1.540141353276891327e-02 1.959536027013776114e-06 2.290206444960497335e-07 2.845766270210744941e-06
1.848169623932269245e-02 5.661906379243175015e-06 2.419445897501278037e-07 1.023835521092285599e-05
2.156197894587647684e-02 5.357858224244835439e-05 1.820436854429185385e-07 1.850161619109567406e-05
2.464226165243026123e-02 8.199706292557855727e-03 1.279373351977756556e-04 3.676493414470803568e-04
2.772254435898404215e-02 2.689716833554988210e-02 6.671123134581514492e-04 1.290782597619804422e-03
3.080282706553782654e-02 6.901243348319272344e-03 2.440225407772760025e-04 6.710501756386165733e-04
3.388310977209160746e-02 2.549279006063154019e-05 2.313629338634783940e-06 2.407195952957645027e-04
3.696339247864538491e-02 1.812655978763165972e-05 4.916010115526924353e-07 1.268530265120034080e-04
4.004367518519917624e-02 1.780526440496657943e-05 1.409612149441506971e-07 9.068552542791235042e-05
4.312395789175295369e-02 2.500593153065717853e-05 2.033134155848261548e-07 1.082575005303095320e-04
4.620424059830673807e-02 1.719457426081189198e-05 3.096557283393868811e-07 3.103263742689006308e-04
4.928452330486052246e-02 4.148712831819937295e-05 1.625375131331972150e-06 5.894878353690650215e-04
5.236480601141430685e-02 1.120801025344778795e-01 5.189456749965711338e-03 1.066735061577198454e-02
5.544508871796808430e-02 5.282243265973333157e-01 2.395274820056024490e-02 4.386479670077518545e-02
5.852537142452186869e-02 1.550200140835840401e-01 6.992260811530727309e-03 1.310206514970548367e-02
6.160565413107565308e-02 6.782807172776238972e-05 6.904336794898526165e-06 6.439846971847167567e-04
6.468593683762942359e-02 1.143003479055833366e-05 1.867949185533063459e-07 3.465938789930403754e-04
6.776621954418321492e-02 2.125191600343174996e-05 9.774558858505731157e-08 4.651020501313146336e-04
7.084650225073700625e-02 4.716167013546036584e-05 4.113745040830138247e-07 1.440690994543423911e-04
7.392678495729076982e-02 2.387399711388040228e-05 3.763572337450685351e-07 7.185785208614383073e-05
7.700706766384456115e-02 8.525624922952319712e-06 2.113541088925006712e-06 1.292611723076124680e-04
8.008735037039835247e-02 5.598997006699821775e-03 2.419497526911332003e-04 4.025789927043390399e-04
8.316763307695212992e-02 2.421660622430190507e-02 8.306351706271023231e-04 1.460473439295155917e-03
8.624791578350590737e-02 6.963330424084351183e-03 2.297654516327880456e-04 4.359238981804128645e-04
8.932819849005969870e-02 3.828714085572179512e-05 3.441543118953854310e-06 3.380132394712361259e-05
9.240848119661347615e-02 3.028087867613776842e-05 2.510631473924594880e-07 1.394353389149090451e-05
9.548876390316725360e-02 7.335571986714372358e-05 1.553346621348790639e-06 6.196216676503544314e-05
9.856904660972104493e-02 1.336364226857398902e-04 4.342577521529023559e-06 3.519258920049002441e-05
1.016493293162748224e-01 1.099398880799815211e-04 4.027211549173330498e-06 5.077105159207262686e-05
1.047296120228286137e-01 1.875087594216526190e-04 1.761547730690009892e-06 4.920512333713551544e-05
1.078098947293823912e-01 1.201525790755886558e-01 9.934641958880079636e-04 1.933376722063006800e-02
1.108901774359361686e-01 6.674394840269151086e-01 5.067310247638997199e-03 1.012167748586592503e-01
1.139704601424899599e-01 2.283950384720463966e-01 1.548295047674873260e-03 3.384266211681458136e-02
1.170507428490437374e-01 3.735642979731269701e-04 4.569841664117116074e-06 1.040857267897153828e-04
1.201310255555975148e-01 4.018967992382017868e-05 4.832752968955594182e-07 2.826528791248917636e-05
1.232113082621513062e-01 7.350633094611394862e-05 3.085721520238921400e-06 4.289660382180639529e-05
1.262915909687050975e-01 9.480994935831310632e-05 6.602140192980272890e-06 7.713830701055009913e-05
1.293718736752588472e-01 1.892383699861497021e-05 9.546542323156581976e-07 5.516395614018848814e-05
1.324521563818126524e-01 1.182877075269200416e-04 4.221924591169403334e-06 1.204084998846424178e-04
1.355324390883664298e-01 2.442105380448538615e-02 1.063316887199598640e-03 3.905562420496617570e-03
1.386127217949202073e-01 1.221271350123111638e-01 5.128944949273009021e-03 1.994428196609101742e-02
1.416930045014740125e-01 4.056405893581704197e-02 1.639700165527232124e-03 6.653494920473519703e-03
1.447732872080277899e-01 1.044063987392408743e-04 9.222123006787702519e-06 3.889900784608005610e-05
1.478535699145815396e-01 3.462904251968410674e-05 2.078975524929898671e-06 1.927368643874889396e-05
1.509338526211353448e-01 1.143573933536899147e-04 9.976480145875780801e-06 1.941195758424915654e-05
1.540141353276891223e-01 1.811764611524335560e-04 1.419556989678038177e-05 1.767466630562475669e-05
1.570944180342429275e-01 1.339286130311667189e-04 7.694835422505692603e-06 2.722635894110030558e-05
1.601747007407967049e-01 7.263847902810321869e-04 2.250732131257937040e-05 1.708079347253487780e-04
1.632549834473504824e-01 2.296498684199239082e-01 6.370259950817579696e-03 4.473797885365890514e-02
1.663352661539042598e-01 1.538418849061817584e+00 4.364938804402332395e-02 3.015270824115188208e-01
1.694155488604580373e-01 6.455822614246964353e-01 1.843010367871401878e-02 1.266845741571448469e-01
1.724958315670118147e-01 3.405941648898271924e-03 1.025180480284827175e-04 6.397826734488234893e-04
1.755761142735656199e-01 1.414350016384984768e-04 6.645504236342118153e-06 4.685580764498651783e-05
1.786563969801193974e-01 4.001426390437274726e-05 4.348682170201444642e-06 1.371817037636448200e-05
1.817366796866731748e-01 2.767296209451226513e-05 4.344818786286657609e-06 8.125369154337067312e-06
1.848169623932269523e-01 3.461026401535507205e-05 4.239376423937674938e-06 1.191498520336902691e-05
1.878972450997807297e-01 1.113839599357112971e-04 6.123465674614710978e-06 4.020002840214771406e-05
1.909775278063345072e-01 1.903190299691968901e-02 3.293522465456720483e-04 3.409613307375490218e-03
1.940578105128883124e-01 1.168830544462010762e-01 1.824924151696004403e-03 2.167286781903297530e-02
1.971380932194420899e-01 5.146191941778211626e-02 1.038804337387426099e-03 1.002584736609844589e-02
2.002183759259958673e-01 8.644319259490956418e-04 6.951947448377346198e-05 2.348314727132129085e-04
2.032986586325496448e-01 8.042187404868338682e-05 9.197124344159445276e-06 1.876587196279007243e-05
2.063789413391034500e-01 6.148504925011594668e-05 1.373651809989775689e-05 2.472229061603824807e-05
2.094592240456572274e-01 4.282466516814621905e-05 1.494042473661697380e-05 1.517186024480040098e-05
2.125395067522110049e-01 4.432283685281551960e-05 1.206224517722440294e-05 1.621663387558286713e-05
2.156197894587647823e-01 1.603190675561536179e-04 1.925836200815051475e-05 4.002640524605203994e-05
2.187000721653185598e-01 2.732986573435477323e-02 1.748248083399485658e-03 7.052751408049381943e-03
2.217803548718723372e-01 2.160656931527897284e-01 1.567892566399017168e-02 5.972506703440361164e-02
2.248606375784261424e-01 1.058554486054248955e-01 8.037497088827307706e-03 3.040318401183111224e-02
2.279409202849799199e-01 1.006924265984015816e-03 9.373833433095369878e-05 3.190654755874118413e-04
2.310212029915336973e-01 5.910363768298458891e-05 1.134400312851147963e-05 2.266888259468705986e-05
2.341014856980874748e-01 4.775364923310233920e-05 1.677930886485180215e-05 1.217481094883508068e-05
2.371817684046412522e-01 6.390256382231571184e-05 2.426918661975181494e-05 2.108928262703423074e-05
2.402620511111950297e-01 4.161979676513648924e-05 1.792802411220732606e-05 1.399797184248383601e-05
2.433423338177488349e-01 8.370810232684243956e-05 5.501571057946100563e-06 1.118714153405842251e-05
2.464226165243026123e-01 1.290270243421797261e-02 2.031367930490645161e-04 1.206833276535845042e-03
2.495028992308563898e-01 9.289017861656674591e-02 1.530725056986899282e-03 1.006408576952701021e-02
2.525831819374101950e-01 4.670583796856753178e-02 1.521834702525780509e-03 5.422128471260524545e-03
2.556634646439639447e-01 6.208412387989512221e-04 9.461009842696261555e-05 6.676468022368666291e-05
2.587437473505176944e-01 1.559827603975569508e-05 1.328945413414746361e-05 5.034764667546604233e-06
2.618240300570715551e-01 2.410160428954508474e-05 1.963473314842640040e-05 1.117006489479481752e-05
2.649043127636253048e-01 4.718648962904626324e-05 2.822236107422038381e-05 1.984305631052713309e-05
2.679845954701791100e-01 6.065590914677427675e-05 1.179367110299973419e-05 1.655725181004263303e-05
2.710648781767328597e-01 5.963819636271520258e-04 4.075774353770434359e-05 1.157560145277846227e-04
2.741451608832866094e-01 6.485449887355708432e-02 2.759133028927996268e-03 1.070267357485993331e-02
2.772254435898404146e-01 6.263694931419800938e-01 2.684991220223609254e-02 1.068957291333588605e-01
2.803057262963942198e-01 3.706386510599274930e-01 1.573257930050578693e-02 6.383683751471228018e-02
2.833860090029480250e-01 6.428313209477681464e-03 2.950292587079562999e-04 1.144429841066673748e-03
2.864662917095017747e-01 2.346820474914976598e-04 3.130766024116820570e-05 5.480612712856597178e-05
2.895465744160555799e-01 6.177895137144538598e-05 2.941948153307031216e-05 2.264792060740444503e-05
2.926268571226093296e-01 3.439589260505735747e-05 2.405901188132240082e-05 1.473538499460307726e-05
2.957071398291630793e-01 2.885642043466356792e-05 7.795317241818976571e-06 8.382164384439957759e-06
2.987874225357169400e-01 1.866937725152410766e-04 4.122193478531300945e-05 5.267573269958301919e-05
3.018677052422706897e-01 3.481782755008391156e-02 6.373305630825290558e-03 9.709801731538384231e-03
3.049479879488244949e-01 3.010605973253474565e-01 4.882207146105863732e-02 8.241363400410915696e-02
3.080282706553782446e-01 1.847091773159277583e-01 2.937554323130564873e-02 5.074256310009571391e-02
3.111085533619320498e-01 4.669209855859017891e-03 6.391656818492851737e-04 1.175476617170462257e-03
3.141888360684858550e-01 1.137853305364539973e-04 2.676282348609302844e-05 3.558634044027260597e-05
3.172691187750396047e-01 3.428947804133006201e-05 2.399850545308681500e-05 1.836614678050758204e-05
3.203494014815934099e-01 2.913548188738737275e-05 1.759291683066942200e-05 1.550767933557019112e-05
3.234296841881471596e-01 7.746844217388635702e-05 1.608769395782588945e-05 2.081199713675936308e-05
3.265099668947009648e-01 6.857782236157495669e-04 1.614199400106104958e-04 2.145291982886994846e-04
3.295902496012547145e-01 6.548871147897299128e-02 1.350702173737873719e-02 1.955962739424387670e-02
3.326705323078085197e-01 8.201593847888417610e-01 1.545227918520001298e-01 2.330094273090913271e-01
3.357508150143623249e-01 5.897577254545285363e-01 1.085173786476609503e-01 1.651576564440976058e-01
3.388310977209160746e-01 1.618945152097224158e-02 3.152509316213402638e-03 4.589553569120995678e-03
3.419113804274698798e-01 3.574829980701822230e-04 7.990124446509006397e-05 1.049273449342350581e-04
3.449916631340236295e-01 4.351504155073539258e-05 1.468787868320045488e-05 1.471097428148014194e-05
3.480719458405774347e-01 1.428195347863755558e-05 2.469288333551154326e-06 3.333038039295147069e-06
3.511522285471312399e-01 1.872500629359168993e-05 1.618903005313615122e-05 1.050613913972257657e-05
3.542325112536849896e-01 5.680524366810362765e-05 3.642212147687273467e-05 1.697799449282067142e-05
3.573127939602387948e-01 3.063028835833597405e-03 4.981750079988860654e-04 6.668062543551464679e-04
3.603930766667925445e-01 4.641985679461736042e-02 4.934597059822266700e-03 8.956663736434129081e-03
3.634733593733463497e-01 4.200902985660128625e-02 4.882794392009420781e-03 8.450660952131346451e-03
3.665536420799000994e-01 2.683680304630983119e-03 4.018844268460982109e-04 6.330008690672005731e-04
3.696339247864539046e-01 3.225908681661980836e-05 1.928315860492748547e-05 1.217842290275948914e-05
3.727142074930077098e-01 9.740876093480330976e-06 2.817003600352120723e-06 1.719478793127538444e-06
3.757944901995614595e-01 1.277005366343737147e-05 8.338560675288999864e-06 4.037205831676063313e-06
3.788747729061152647e-01 1.665884587322069224e-05 3.066269062955206064e-05 1.292822097855738815e-05
3.819550556126690144e-01 5.622285735849911472e-05 1.047393167281502864e-04 3.466424761816317562e-05
3.850353383192228196e-01 3.774244386360804410e-03 6.997952193487333786e-03 2.242853507254688288e-03
3.881156210257766248e-01 5.641315285243230643e-02 1.051800585545433764e-01 3.724477715435989961e-02
3.911959037323303745e-01 4.657237085966497298e-02 8.592432772381541906e-02 3.103612916997152901e-02
3.942761864388841797e-01 1.379079226991403824e-03 2.806993397491120128e-03 9.602708672551548905e-04
3.973564691454379849e-01 3.153462003678286920e-05 6.671906449044108663e-05 2.377275125971281715e-05
4.004367518519917346e-01 5.130893560836068752e-06 7.388096694374249345e-06 2.626220218307610408e-06
4.035170345585455398e-01 1.335626669653810460e-05 1.903458318105514155e-05 8.341418302344695809e-06
4.065973172650992895e-01 1.443580246592396797e-05 3.148914279163722086e-05 1.106216299362800257e-05
4.096775999716530947e-01 6.013281253078462524e-05 4.685064184932199668e-05 2.386860485458674785e-05
4.127578826782068999e-01 3.926606893160039871e-03 2.780857174438123853e-04 3.099374967992884859e-04
4.158381653847606496e-01 3.482101966055332898e-02 5.406531701331033189e-03 3.988578830327011576e-03
4.189184480913144548e-01 2.501715827278878923e-02 6.204753137089897078e-03 3.400766970700306972e-03
4.219987307978682045e-01 8.866310758401177439e-04 7.679180972594215745e-04 2.396008312069880281e-04
4.250790135044220097e-01 2.725729912728038634e-05 1.275628278865738564e-05 5.026243894803072392e-06
4.281592962109757594e-01 1.204744910935968683e-05 6.747276775296425003e-06 3.740080105680782536e-06
4.312395789175295646e-01 7.245711468707101861e-06 7.776247383114003663e-06 4.183599595362306876e-06
4.343198616240833698e-01 9.346690242552301676e-06 6.113323006844264212e-06 4.320679168420147626e-06
4.374001443306371195e-01 8.374315848853424143e-05 5.712621122604957195e-05 3.906742851687406792e-05
4.404804270371909247e-01 8.075115802100912496e-03 3.486699969807570409e-03 2.469161936734294831e-03
4.435607097437446744e-01 1.061379937318341765e-01 4.781714410466431781e-02 3.512937657380219014e-02
4.466409924502984796e-01 9.080746258869462628e-02 4.103587674175617622e-02 3.068657285204581461e-02
4.497212751568522848e-01 3.692882972170290212e-03 1.630543969286642192e-03 1.255264993086441933e-03
4.528015578634060345e-01 6.712029098869811100e-05 3.330018867873186177e-05 2.377864833495792974e-05
4.558818405699598397e-01 9.655953094846897274e-06 8.272959446412575231e-06 3.582548803857581585e-06
4.589621232765135894e-01 6.663779889257710455e-06 1.832202866583844169e-06 9.633445060703387106e-07
4.620424059830673946e-01 6.251003150979273156e-06 1.370584117426310769e-05 4.587053755878784559e-06
4.651226886896211443e-01 8.731885035709941237e-05 6.339960798891242392e-05 2.908791983081050289e-05
4.682029713961749495e-01 3.671935982538198241e-03 1.730703691716774023e-03 1.013007491392207970e-03
4.712832541027287547e-01 2.216536200858313516e-02 1.234803705714880920e-02 7.519747951395316064e-03
4.743635368092825044e-01 2.060623291455622799e-02 1.280488110854711460e-02 7.659155047367775457e-03
4.774438195158363096e-01 2.021169488465389408e-03 1.382834773034752416e-03 7.947086793469917282e-04
4.805241022223900593e-01 1.610774571793804631e-05 1.828321632827350235e-05 8.052159122011807969e-06
4.836043849289438645e-01 4.653766850095252292e-06 2.713702534909024280e-05 8.286729156823094200e-06
4.866846676354976697e-01 1.149759761306993989e-05 4.540269372510933655e-05 1.760443550370510929e-05
4.897649503420514194e-01 2.360838490854650130e-05 5.329569310632763202e-05 2.191059956074725671e-05
4.928452330486052246e-01 1.104241076511219290e-04 7.348774963618935542e-05 2.933621677348351709e-05
4.959255157551589743e-01 4.841743274884993155e-03 1.042014357820623136e-03 4.770965966847366007e-04
4.990057984617127795e-01 8.766117873929145377e-02 1.633611907926522250e-02 7.851024830542965849e-03
5.020860811682665847e-01 9.438248150315951823e-02 1.679832070265064106e-02 8.295593289249421701e-03
5.051663638748203899e-01 5.484946883843372714e-03 9.263843658491117874e-04 4.917225214235180705e-04
5.082466465813741952e-01 9.881026826273084731e-05 4.300895681849722111e-05 1.770706711287781452e-05
5.113269292879278893e-01 7.843212953522553694e-06 9.366068135302951626e-06 2.544899142562834377e-06
5.144072119944816945e-01 3.422494667011775537e-06 8.443139535125306294e-06 2.163657411867603055e-06
5.174874947010353887e-01 1.079579746236430415e-05 3.016467237030096409e-05 9.899976806817582472e-06
5.205677774075893049e-01 5.158056919054152580e-05 3.631891917580221758e-05 1.326135986496826780e-05
5.236480601141431102e-01 5.012537539432931552e-03 3.511349653874668367e-03 1.428397175213627981e-03
5.267283428206968043e-01 6.677229712456682342e-02 4.219759996958356851e-02 1.594400846621435441e-02
5.298086255272506095e-01 8.043611714179091376e-02 4.811411140201656694e-02 1.803061092421664666e-02
5.328889082338043037e-01 6.966567886679334021e-03 3.667369097930466872e-03 1.416658123454836308e-03
5.359691909403582200e-01 5.847990384859441909e-05 6.107007079164924524e-05 1.577980743148470238e-05
5.390494736469120252e-01 1.338805084265197223e-05 3.078040272471279032e-05 8.712260313478726855e-06
5.421297563534657193e-01 1.826526080119816490e-05 5.943038407112479648e-05 1.586310702839999128e-05
5.452100390600195245e-01 2.243106173436163706e-05 5.798156581915488210e-05 1.952867441774944687e-05
5.482903217665732187e-01 6.922952837206952377e-05 6.144338268803933975e-05 2.261718921574499132e-05
5.513706044731271350e-01 4.342321275171909245e-03 3.714167069545152178e-03 1.409485980943724504e-03
5.544508871796808291e-01 1.093732611541509969e-01 9.328020040031191618e-02 3.272193802316393507e-02
5.575311698862346343e-01 1.461515064970083100e-01 1.230014466429040637e-01 4.289439457688686008e-02
5.606114525927884396e-01 1.313426060958504393e-02 1.050614650713835307e-02 3.749395265491543665e-03
5.636917352993422448e-01 1.828677456528404667e-04 1.661340971288975546e-04 5.903601246903931890e-05
5.667720180058960500e-01 1.438605747681488520e-05 1.521475594677382693e-05 6.299419936444187138e-06
5.698523007124497441e-01 3.678069245887619504e-06 5.456455790194791438e-06 2.743276960324397864e-06
5.729325834190035494e-01 4.345323367686944872e-06 1.731116528309472360e-05 4.079616928310488687e-06
5.760128661255573546e-01 3.470775890767519207e-05 2.629584950244170320e-05 1.062787023195148866e-05
5.790931488321111598e-01 1.602936354608135508e-03 2.909368738923512722e-04 2.263920285752009723e-04
5.821734315386649650e-01 1.987291225561288108e-02 4.454592632860862080e-03 3.562810536909408448e-03
5.852537142452186592e-01 2.976795491848753875e-02 8.526688803154457152e-03 6.071813847988955654e-03
5.883339969517724644e-01 4.586077299766058366e-03 2.253139223905358587e-03 1.107932129393655570e-03
5.914142796583261585e-01 9.297726775573692210e-05 9.883342742573817525e-05 3.620245621248166127e-05
5.944945623648800748e-01 5.136295916217003346e-06 8.117451329831320216e-06 1.939583421644285371e-06
5.975748450714338800e-01 1.233294322468207688e-06 3.919507922804396759e-06 4.668566924569965453e-06
6.006551277779875742e-01 2.735605822441947759e-06 4.890747033029416045e-06 3.365233912979826294e-06
6.037354104845413794e-01 4.047037988041133819e-05 2.609478233862669311e-05 1.424538823820306251e-05
6.068156931910951846e-01 1.347740832146368788e-03 8.904881583230459061e-04 3.703123967145313710e-04
6.098959758976489898e-01 3.944002859848758091e-02 4.266083496588949503e-02 1.718016522534812629e-02
6.129762586042027950e-01 6.447975440088550558e-02 6.944331807137961443e-02 2.838921187560726131e-02
6.160565413107564892e-01 6.971433159226519960e-03 6.820985564768198249e-03 2.974347703059354673e-03
6.191368240173102944e-01 7.950060982714037211e-05 7.426958517612809762e-05 4.318833157339568000e-05
6.222171067238640996e-01 1.330572017911433417e-05 2.264555491737703418e-05 1.507996719506131771e-05
6.252973894304179048e-01 3.246334418858391518e-06 7.976818598598692554e-06 2.377623346187385386e-06
6.283776721369717100e-01 5.492244435481412074e-06 2.715101116987514928e-05 5.917791814195865003e-06
6.314579548435254042e-01 1.488920392535668414e-05 2.325261892135120894e-05 9.569346180750899184e-06
6.345382375500792094e-01 1.185621834633350915e-03 7.239363659529759326e-04 2.727488528891474479e-04
6.376185202566330146e-01 2.212503187015674860e-02 1.479713691850587619e-02 6.018148849275184106e-03
6.406988029631868198e-01 3.618491701939437200e-02 2.540388353352351566e-02 1.068135237415898491e-02
6.437790856697405140e-01 5.142800704775121398e-03 4.085896474219903249e-03 1.859404827858206080e-03
6.468593683762943192e-01 6.419459505321099932e-05 8.843056383304517267e-05 4.557540553400353707e-05
6.499396510828481244e-01 2.000023209422841950e-06 1.566938036696545788e-06 4.342603023405391023e-06
6.530199337894019296e-01 4.058086915158286128e-06 4.976040059987456640e-06 2.243765129106592790e-06
6.561002164959557348e-01 2.272477631907289296e-06 6.765403740862990273e-06 2.813013049737269981e-06
6.591804992025094290e-01 2.001349062572876437e-05 7.059526599840417146e-06 6.699664809560486916e-06
6.622607819090632342e-01 1.216926218249354905e-03 4.364898810152455949e-04 1.417571556834387747e-04
6.653410646156170394e-01 2.074925017639316777e-02 8.589051079452653115e-03 2.243663511821975768e-03
6.684213473221708446e-01 3.604060419972156259e-02 1.412634954920196848e-02 4.216540273854702328e-03
6.715016300287246498e-01 5.075521022409378545e-03 2.231351376564700770e-03 8.541049437207205546e-04
6.745819127352783440e-01 7.149514857848431981e-05 1.275007443189327778e-04 4.452602420246011821e-05
6.776621954418321492e-01 4.170880233681639528e-06 1.249015680608533739e-05 5.461149556717343613e-06
6.807424781483859544e-01 1.541668492222216390e-06 5.932358332098772712e-06 5.894135409727490386e-06
6.838227608549397596e-01 1.688446238695767282e-06 4.180745466347811232e-06 1.040703572942911024e-06
6.869030435614935648e-01 9.566318311231308851e-06 9.215512540953390078e-06 5.514288570396362842e-06
6.899833262680472590e-01 5.331486659925339065e-04 4.404658919226958754e-04 5.479418815065094063e-05
6.930636089746010642e-01 9.248778149796646475e-03 3.371341153731318829e-03 6.899529587559339889e-04
6.961438916811548694e-01 1.595666268180439759e-02 3.030502286766264836e-03 1.101188300517663395e-03
6.992241743877086746e-01 2.494979253725134252e-03 2.899560381475365755e-04 1.758228719814463703e-04
7.023044570942624798e-01 3.118633356032776498e-05 5.849460145809404587e-06 4.471012017375057635e-06
7.053847398008161740e-01 7.348361411731997735e-07 1.903936394708717532e-06 3.713875488825300356e-06
7.084650225073699792e-01 4.713756996040845669e-07 2.857715533740605896e-06 9.444316080191562889e-07
7.115453052139237844e-01 7.507321800134483618e-07 2.558711654925993661e-06 2.247985950447496798e-06
7.146255879204775896e-01 7.231788134517251993e-06 2.116702065641417658e-05 4.815863204802191719e-06
7.177058706270313948e-01 4.549321330277096304e-04 1.499723239549748046e-04 1.050755313392803738e-04
7.207861533335850890e-01 9.650594590718146459e-03 1.271150269100130171e-03 1.658419965660480784e-03
7.238664360401388942e-01 2.158265663195001183e-02 2.595691305010206125e-03 3.642082765719141784e-03
7.269467187466926994e-01 3.770536291620636173e-03 4.452260054033020014e-04 5.973700223638878223e-04
7.300270014532465046e-01 2.390046764194892588e-05 1.967830093754340936e-05 9.319975056346514256e-06
7.331072841598001988e-01 1.607509747500500289e-06 5.048832056345515830e-06 4.785041326103292403e-06
7.361875668663540040e-01 5.984494812888103742e-07 1.822786584217194681e-05 4.859324707377510886e-06
7.392678495729078092e-01 1.911766688823780545e-06 2.712064522524430468e-05 3.726586539512662468e-06
7.423481322794616144e-01 1.331017758962833409e-05 5.405993456638480280e-05 1.541293358873458989e-05
7.454284149860154196e-01 3.964661324236197536e-04 4.905077833575116142e-04 2.440110838068670776e-04
7.485086976925691138e-01 8.520307850768916655e-03 8.744632593320497346e-03 3.458607802764284561e-03
7.515889803991229190e-01 1.835534274880147587e-02 1.623085343234314040e-02 6.471778779363969274e-03
7.546692631056767242e-01 3.814188113722057853e-03 2.588502268292939851e-03 1.121093986628414691e-03
7.577495458122305294e-01 5.825062104048258960e-05 1.409479538340893058e-05 5.733611346456826799e-06
7.608298285187843346e-01 8.762996706940066507e-07 5.760043907863151182e-06 3.092821972300938455e-06
7.639101112253380288e-01 1.195589473050175342e-06 2.098787059922745293e-06 3.397259033434749832e-06
7.669903939318918340e-01 1.669832994046778797e-06 1.057924860312335223e-05 3.732764770591632575e-06
7.700706766384456392e-01 1.874883024263433045e-05 3.324977058857724125e-05 1.743156229361392568e-05
7.731509593449994444e-01 1.125374288346702801e-03 1.375936262578882161e-03 4.026348396546503006e-04
7.762312420515532496e-01 1.544485256546327366e-02 2.410726837094952224e-02 4.888566365977088483e-03
7.793115247581069438e-01 3.488007692314239183e-02 5.337829663518344619e-02 1.028346776592003499e-02
7.823918074646607490e-01 7.100746685979754565e-03 9.653510830156464967e-03 2.002774778083971519e-03
7.854720901712146652e-01 1.300423471071160799e-04 8.438870892754376347e-05 1.820447708425972257e-05
7.885523728777683594e-01 3.829702747878566985e-06 1.109448670237817869e-05 1.373256294744436702e-05
7.916326555843220536e-01 2.566276095256853103e-06 2.872551924547296702e-05 1.733793098560399093e-06
7.947129382908759698e-01 6.769042595180812251e-06 4.267464087082465507e-05 1.571100818476220858e-06
7.977932209974296640e-01 1.806278374583745628e-05 1.933403884127099089e-05 1.907860065093438851e-05
8.008735037039834692e-01 8.421048292051883316e-04 5.886240614286100768e-04 2.615873642975837725e-04
8.039537864105371634e-01 8.132920578334461997e-03 6.173768355663259745e-03 2.438303107965833494e-03
8.070340691170910796e-01 1.752899590307797212e-02 1.412214944525229561e-02 5.344644883666514051e-03
8.101143518236447738e-01 4.255290210787207247e-03 3.964778474776387875e-03 1.341873393569118639e-03
8.131946345301985790e-01 1.051755287231156044e-04 2.089576234383271796e-04 7.610019574645499464e-05
8.162749172367524952e-01 1.769958711599405655e-06 5.573593376675562131e-06 2.512944215462062500e-06
8.193551999433061894e-01 1.289212477398751057e-06 1.362722784616736286e-06 1.136126142322498667e-06
8.224354826498598836e-01 5.696733968311474554e-07 1.951621944573777219e-06 1.185549278796888967e-06
8.255157653564137998e-01 1.108165364059078313e-05 1.539071805786398255e-05 1.440319582218467764e-05
8.285960480629674940e-01 6.128600330080077960e-04 1.833537160983648550e-04 2.002751025490557841e-04
8.316763307695212992e-01 5.724813251890112538e-03 3.808048972241336125e-03 2.843488308676964116e-03
8.347566134760749934e-01 1.488322139065930555e-02 1.306136235121774410e-02 8.281122753772175021e-03
8.378368961826289096e-01 4.203264444428480087e-03 3.921820212677211252e-03 2.091936246484477329e-03
8.409171788891826038e-01 1.263964245368634281e-04 1.645578677706993902e-04 4.408524305200089115e-05
8.439974615957364090e-01 1.923236963982699253e-06 1.086656638049582162e-05 7.602411514396948749e-06
8.470777443022903253e-01 3.755431494177721884e-07 8.301479306473250175e-06 1.193652244725431083e-06
8.501580270088440194e-01 7.730552138904441414e-07 4.431236866241361754e-06 1.760461502701742469e-06
8.532383097153977136e-01 2.632990369484463516e-05 1.156360195066028442e-05 1.642100643008334107e-05
8.563185924219515188e-01 4.905254491747874359e-04 2.560658507417422260e-04 1.607503288293253725e-04
8.593988751285054351e-01 5.311425204497505562e-03 6.019006712529252970e-03 1.924396548999292300e-03
8.624791578350591292e-01 1.465223614045220446e-02 1.892351604377829136e-02 5.554591428114491122e-03
8.655594405416128234e-01 4.443154456857412518e-03 5.735663819892504803e-03 1.755262730622111260e-03
8.686397232481667396e-01 1.763551650743368237e-04 2.014274837707385102e-04 9.164759665484365392e-05
8.717200059547204338e-01 4.306292892911853637e-06 1.266306650116984648e-05 1.770192305472235040e-05
8.748002886612742390e-01 3.232867518940584149e-07 2.888944018010304788e-06 4.072668612511760419e-06
8.778805713678279332e-01 1.035282103027649745e-06 4.325383469796354312e-06 1.645391928187725263e-06
8.809608540743818494e-01 8.132383518208030428e-06 4.007050038655493768e-06 8.454454857130570282e-06
8.840411367809355436e-01 6.320781087509959491e-04 5.477720939294156502e-04 1.800664401184862184e-04
8.871214194874893488e-01 8.039679796575284129e-03 7.828363388145034851e-03 1.701121727816695900e-03
8.902017021940432651e-01 2.277465522211187185e-02 2.250112861219814853e-02 4.820432178623183447e-03
8.932819849005969592e-01 6.173110565501385184e-03 6.472504356146536325e-03 1.494467291059594369e-03
8.963622676071506534e-01 1.348352806447303070e-04 2.250408082751964751e-04 7.322542468736431369e-05
8.994425503137045697e-01 2.499700685964929577e-06 5.865171075333481508e-06 5.829859724080742447e-06
9.025228330202583749e-01 3.588956068131743006e-06 3.287610829068942002e-06 3.783682332905272126e-06
9.056031157268120690e-01 4.188766491884203423e-06 3.875907784381357835e-06 1.381314105925251610e-06
9.086833984333657632e-01 1.369825083600970674e-05 1.193572322565857383e-05 4.597023971929489928e-06
9.117636811399196795e-01 6.577490521559555599e-04 6.239750516378784638e-04 1.428240518915360171e-04
9.148439638464733736e-01 3.218797986119298002e-03 2.450797816249981453e-03 9.233512751856904135e-04
9.179242465530271788e-01 7.503528550196776788e-03 3.641695891410223762e-03 2.649757685747393312e-03
9.210045292595810951e-01 2.808828960021323047e-03 1.467871584240966086e-03 9.219865889376698638e-04
9.240848119661347893e-01 1.348473774892181931e-04 1.738496258681043131e-04 5.647595658411393296e-05
9.271650946726884834e-01 3.719647583327686824e-06 9.014963425828666595e-06 1.840269909335676604e-05
9.302453773792422886e-01 3.083833300881200886e-07 7.168383398503481435e-07 9.966889445785819530e-06
9.333256600857962049e-01 7.789857537357022872e-07 2.011347882999734738e-06 2.959045640805986502e-06
9.364059427923498991e-01 1.702526458355775450e-05 1.796859491360337362e-05 6.212637294176550890e-06
9.394862254989035932e-01 3.526606790254658208e-04 2.840732492375797687e-04 6.732556751824524458e-05
9.425665082054575095e-01 1.870606874350474970e-03 8.455670709924278418e-04 5.871630049700210605e-04
9.456467909120113147e-01 5.043438111310826789e-03 1.222266544896014008e-03 1.904718745956000868e-03
9.487270736185650089e-01 1.863029999980952414e-03 4.458507585216072550e-04 7.401977020867866585e-04
9.518073563251189251e-01 8.967994449130606749e-05 1.333463597117171086e-05 5.572455333281206211e-05
9.548876390316726193e-01 4.372663583240004464e-06 7.052231077966218929e-06 5.967085896399077548e-06
9.579679217382263134e-01 2.021113156288615767e-06 5.229023231769245175e-06 8.762624086779886200e-06
9.610482044447801186e-01 6.668413378329701228e-07 2.396876783512158084e-06 6.544034463820667053e-06
9.641284871513340349e-01 1.919160130610687910e-05 1.606325107763570786e-05 8.458243715982671765e-06
9.672087698578877291e-01 4.228627881890897650e-04 2.481994749966310579e-04 7.904523990530735718e-05
9.702890525644414232e-01 2.483300641933032689e-03 1.478022672325134210e-03 6.309117366247688364e-04
9.733693352709953395e-01 7.679270613793200487e-03 4.878503546107431157e-03 1.916176002915239568e-03
9.764496179775491447e-01 2.815053226664381361e-03 1.605174642437261602e-03 8.150862633040073090e-04
9.795299006841028389e-01 1.015613479129463489e-04 1.382867482746977517e-05 4.624223417153483989e-05
9.826101833906565330e-01 2.434010622245988640e-06 3.901463431054705360e-07 7.878799748373907654e-06
9.856904660972104493e-01 2.028195666348227915e-07 3.814706906090661897e-07 7.732088265255562698e-06
9.887707488037642545e-01 4.483718458569528214e-07 1.755123562701264360e-06 2.641116918218510114e-06
9.918510315103179487e-01 2.257117151520117212e-05 3.866149355492211906e-05 9.831720373255814464e-06
9.949313142168718649e-01 4.617891636404765961e-04 5.693151118655813935e-04 1.148553431471879621e-04
9.980115969234255591e-01 3.417231338971835584e-03 4.943002904585416281e-03 7.363173669340795880e-04
1.001091879629979253e+00 1.140064908004545172e-02 1.776030430889507725e-02 2.091313523271067128e-03
1.004172162336533169e+00 3.988941929446443609e-03 5.793437398530968015e-03 7.345576650588947227e-04
1.007252445043086864e+00 1.136711748303044251e-04 7.708325706662931597e-05 4.307710904374646591e-05
1.010332727749640780e+00 2.560087759781979143e-06 3.476992222666201440e-06 8.157644867472772137e-06
1.013413010456194474e+00 1.925128237770828931e-07 1.135376096947764507e-06 7.778578595360873213e-06
1.016493293162748390e+00 4.793236753948945125e-07 2.477953631242001409e-06 3.778266138123655465e-06
1.019573575869302084e+00 9.343308111530321678e-06 1.236989660283931573e-05 4.691822081098320692e-06
1.022653858575855779e+00 4.430186897278018290e-04 5.622525333568956056e-04 8.436429646677194279e-05
1.025734141282409695e+00 2.384222508895832669e-03 3.160989604205569591e-03 6.254181320094493596e-04
1.028814423988963389e+00 6.175557346354077284e-03 8.274506502763515764e-03 1.601535112897484832e-03
1.031894706695517083e+00 2.653071852416275921e-03 3.427010541542375912e-03 6.724533432594963960e-04
1.034974989402070777e+00 1.329873545080911693e-04 1.460704780772001583e-04 2.113185205151671878e-05
1.038055272108624694e+00 7.963837162436711774e-07 1.503422048568717630e-06 1.207452700257012653e-05
1.041135554815178610e+00 3.570962896579104745e-07 1.839916319923565089e-06 6.117086923797121054e-06
1.044215837521732304e+00 1.353312586416248663e-06 4.377441943001125715e-06 2.799148122018371177e-06
1.047296120228286220e+00 8.296722208256236569e-06 2.680930127531102942e-06 6.809632805319681545e-07
1.050376402934839914e+00 2.761374701807449536e-04 2.080332833480065080e-04 6.773094772802612008e-05
1.053456685641393609e+00 1.353097031105235295e-03 9.944405490774188127e-04 4.660737797766470697e-04
1.056536968347947303e+00 4.567678541140466134e-03 3.421882509683152242e-03 1.918872438394358644e-03
1.059617251054501219e+00 2.090704665400844320e-03 1.763242890243801788e-03 8.660749201801520077e-04
1.062697533761054913e+00 1.649398661176336011e-04 2.406873815827455796e-04 4.425431870881649281e-05
1.065777816467608607e+00 6.130869560307488781e-06 1.730494698063281140e-05 4.160858193399329990e-06
1.068858099174162524e+00 1.695218235873052699e-07 1.547391418259454235e-06 2.046233347413891577e-06
1.071938381880716440e+00 5.882926481643551557e-07 1.750302132066885111e-07 8.084972333374773963e-07
1.075018664587270134e+00 1.077075997575192432e-05 7.582641074049498660e-06 1.515212826136972276e-06
1.078098947293824050e+00 1.527594594443661840e-04 6.053098359825210021e-05 5.454039262042980946e-05
1.081179230000377745e+00 1.367003213741039723e-03 1.134119368920801082e-03 4.034598245158682876e-04
1.084259512706931439e+00 6.550074019377595362e-03 7.373441694909063995e-03 1.662328547103116743e-03
1.087339795413485133e+00 3.257382356518036520e-03 3.950173877546424815e-03 9.918841539916967327e-04
1.090420078120039049e+00 1.777738678960395888e-04 2.219750802177425657e-04 9.975949901549668105e-05
1.093500360826592743e+00 5.097843224580381697e-06 7.953811666196293690e-06 1.044790985632744486e-05
1.096580643533146437e+00 4.457287176993818825e-07 3.002236716628762848e-07 6.023975150890153816e-06
1.099660926239700354e+00 3.213909017838438996e-07 1.333460914279590022e-06 4.276715620268123598e-06
1.102741208946254270e+00 9.593028326880583012e-06 8.750517714780224919e-06 2.488882724976738697e-06
1.105821491652807964e+00 1.965429678923276088e-04 9.515974232379501832e-05 7.758795686021268789e-05
1.108901774359361658e+00 1.333125074762959387e-03 1.284022700168195238e-03 5.070328241074280578e-04
1.111982057065915575e+00 6.864612369550843890e-03 8.121949299654996832e-03 2.407759348227114446e-03
1.115062339772469269e+00 3.780115087948922141e-03 4.706912172603925672e-03 1.315216448500610476e-03
1.118142622479022963e+00 2.153068941219987860e-04 3.014378763758245516e-04 1.015431073287175145e-04
1.121222905185576879e+00 8.822411716739829232e-06 1.628278436017322777e-05 1.575358805916499886e-05
1.124303187892130573e+00 5.805738496089597289e-07 4.020373507544700852e-06 2.455183045319793928e-06
1.127383470598684490e+00 6.937556123888017322e-07 5.725459079349944640e-07 5.985268154623845265e-06
1.130463753305238184e+00 4.521894352585592534e-06 5.049402285256898338e-06 6.131306392901915557e-07
1.133544036011792100e+00 1.544004857428114103e-04 1.188168318679407514e-04 3.631923784404732963e-05
1.136624318718345794e+00 9.607017571783480186e-04 8.248534076326536095e-04 2.732497825002409126e-04
1.139704601424899488e+00 4.191451004977321190e-03 3.039619678831805352e-03 1.485004724941952443e-03
1.142784884131453405e+00 2.442228913861269057e-03 1.864737859901136399e-03 9.394516547684882363e-04
1.145865166838007099e+00 2.074165450016358968e-04 2.512205796752806737e-04 9.671011094622165220e-05
1.148945449544560793e+00 5.884831445077718240e-06 1.442348635853857226e-05 6.538620082037317057e-06
1.152025732251114709e+00 4.094756689058085569e-07 7.377555921092321061e-07 4.351671388312944325e-07
1.155106014957668403e+00 1.954639365235057107e-07 4.771688961770466110e-07 3.809606039739103913e-06
1.158186297664222320e+00 1.681790058914339958e-06 1.727422471527506771e-06 4.554634029366112275e-06
1.161266580370776014e+00 1.128552319249994990e-04 1.262565306556718485e-04 4.732878199966917334e-05
1.164346863077329930e+00 5.808568278000128191e-04 4.491232249072140575e-04 2.329896826647076828e-04
1.167427145783883624e+00 1.949231252356170086e-03 5.211857445731592773e-04 8.912323958681418095e-04
1.170507428490437318e+00 1.322515162601410653e-03 4.333001813262269439e-04 6.129567316837723854e-04
1.173587711196991235e+00 1.640536513661090226e-04 1.226467743548362928e-04 9.452871049431645686e-05
1.176667993903544929e+00 9.233106792704043436e-06 1.866264253039707439e-05 1.277664696898795796e-05
1.179748276610098623e+00 1.669581678830409817e-07 2.712714626755525644e-06 2.620209309611938652e-06
1.182828559316652317e+00 1.450625032454370381e-07 1.195208106964975488e-06 1.170595879977293108e-06
1.185908842023206233e+00 2.727741169677494113e-06 7.121238428933518143e-06 4.278210584918311861e-06
1.188989124729760150e+00 5.198562608834417123e-05 5.157033427697111662e-05 2.883494853078575468e-05
1.192069407436313844e+00 4.026894201254623256e-04 2.499143731704009451e-04 1.596539814799265177e-04
1.195149690142867760e+00 2.815319808142512700e-03 1.632340328044559752e-03 1.113909983841208321e-03
1.198229972849421454e+00 1.845619969786702714e-03 1.054337204243449219e-03 8.230754937211092869e-04
1.201310255555975148e+00 1.273521341393727964e-04 5.631713332103983931e-05 9.195786918261563911e-05
1.204390538262529065e+00 6.924931638492371958e-06 1.932111937069746486e-06 9.117509486828120663e-06
1.207470820969082759e+00 6.939872273267422004e-07 1.722542652693799767e-06 1.338455493908249916e-06
1.210551103675636453e+00 4.220479288704045966e-07 1.379673859385564145e-06 1.244542855936041108e-06
1.213631386382190369e+00 2.330711135932354819e-06 3.993445364249891216e-06 1.281699174521949025e-06
1.216711669088744063e+00 4.592182451096596131e-05 4.781011534021669816e-05 3.975639979769364567e-05
1.219791951795297980e+00 4.016174760126476478e-04 4.815464618634058246e-04 1.977611684137687903e-04
1.222872234501851674e+00 2.543516282634121842e-03 3.007563295400174364e-03 9.539850785753576680e-04
1.225952517208405590e+00 1.859626316804804252e-03 1.929280004323213026e-03 7.318502509620722308e-04
1.229032799914959284e+00 1.315363874067766031e-04 7.588202098393624412e-05 8.033853315876789657e-05
1.232113082621512978e+00 2.846864503589640697e-06 2.259736954127191472e-06 1.094192503630027740e-05
1.235193365328066673e+00 1.325023623688227560e-07 5.723550482852917157e-07 3.759438539077002171e-06
1.238273648034620589e+00 4.811984207039840447e-07 1.291767532338753489e-06 7.644364583153817567e-07
1.241353930741174283e+00 2.096287470730449258e-06 2.611631994987260020e-06 3.689325109933076574e-06
1.244434213447728199e+00 6.698016414059049576e-05 8.480859572569544988e-05 4.097539749107596976e-05
1.247514496154282115e+00 3.095902376874516931e-04 4.329333693446887140e-04 1.268186998542227559e-04
1.250594778860835810e+00 1.973014386687175700e-03 2.603807228051461479e-03 7.901485754395024290e-04
1.253675061567389504e+00 1.424548382253006899e-03 1.758725859857515963e-03 5.719734493292780294e-04
1.256755344273943420e+00 1.148586496798094793e-04 1.001435385627524660e-04 5.133821389858162897e-05
1.259835626980497114e+00 4.037711939997170922e-06 1.951866490976881503e-06 6.161178603321132186e-06
1.262915909687050808e+00 2.590810819484459438e-07 2.227802338953350711e-06 1.673508517066125349e-06
1.265996192393604503e+00 4.502348536041448772e-07 1.800032289585354874e-06 1.239182149969121811e-06
1.269076475100158419e+00 2.904259672410313469e-06 4.015716855434833034e-06 4.277320794339452209e-06
1.272156757806712113e+00 4.571210615901983985e-05 3.688307728286028614e-05 2.807356501351688328e-05
1.275237040513266029e+00 1.893204794151891440e-04 1.716371780635301853e-04 9.398671182894250136e-05
1.278317323219819945e+00 6.796814222944769614e-04 7.757677398782405033e-04 4.402277352455981406e-04
1.281397605926373640e+00 5.826609870081045145e-04 6.542793539465619618e-04 4.174206015938481946e-04
1.284477888632927334e+00 8.413611386107747647e-05 9.565364205916531575e-05 4.515080883182202105e-05
1.287558171339481028e+00 4.907032809112349278e-06 7.293916752118630722e-06 4.259519000396519774e-06
1.290638454046034944e+00 1.302270086899848014e-07 1.761227931829737925e-07 1.304735097501872869e-06
1.293718736752588638e+00 1.172879931726443188e-07 8.601467042132073954e-08 1.541845536105417921e-06
1.296799019459142333e+00 2.886801249648973159e-06 2.015941567969097335e-06 4.394678120524921748e-07
1.299879302165696249e+00 3.622615110041411756e-05 1.532559732062562942e-05 2.501310507713986966e-05
1.302959584872249943e+00 9.104350801284113320e-05 7.975893442531638408e-05 6.814232173475874761e-05
1.306039867578803859e+00 8.830333124730458923e-04 1.264868224940663907e-03 4.411447234478757464e-04
1.309120150285357775e+00 8.358498727692701032e-04 1.236147501472613375e-03 4.431580906123422023e-04
1.312200432991911470e+00 8.833198370909241964e-05 1.379256845244757090e-04 4.661212324791251348e-05
1.315280715698465164e+00 8.647927664701107181e-06 2.259319909151176221e-05 2.270512373213082149e-06
1.318360998405018858e+00 3.155124560182909482e-07 2.300460647165235705e-06 6.279961121633884633e-07
1.321441281111572774e+00 1.209152687174081210e-07 3.754409020724695666e-07 5.494531442472436859e-07
1.324521563818126468e+00 2.766699629454010874e-06 1.820245076869683445e-06 5.275533301618126662e-06
1.327601846524680163e+00 3.276269614576602827e-05 2.841647583804050297e-05 3.576221635666159120e-05
1.330682129231234079e+00 1.187987430554063859e-04 1.260920992260173071e-04 1.120497108025379470e-04
1.333762411937787773e+00 8.152776647696041582e-04 1.305326657560987964e-03 4.895326206926383338e-04
1.336842694644341689e+00 8.498371691092733394e-04 1.442244468029019915e-03 5.156531475703135308e-04
1.339922977350895383e+00 1.003768471601554645e-04 1.769344852602197670e-04 7.681553134892837333e-05
1.343003260057449300e+00 2.936115762213729218e-06 7.454700333629723475e-06 2.726524204205331575e-06
1.346083542764002994e+00 1.315027942426131095e-07 6.321563577821643427e-07 5.261771254179967478e-07
1.349163825470556688e+00 2.070785327008938175e-07 4.486042853697020481e-07 8.269988619213334909e-07
1.352244108177110604e+00 1.276364651509162052e-06 1.232473244019476238e-06 2.511308402302562901e-06
1.355324390883664298e+00 4.659162176642484715e-05 4.266018690953095847e-05 4.334452859778580610e-05
1.358404673590217993e+00 1.094578276811002311e-04 9.409662540088567571e-05 1.014539075161351492e-04
1.361484956296771909e+00 5.209747809962901035e-04 4.791915402339699316e-04 3.649885263103751199e-04
1.364565239003325825e+00 5.211937915108541281e-04 5.555941678105174013e-04 3.342913570154871215e-04
1.367645521709879519e+00 8.159532060280564984e-05 1.387549677199849223e-04 4.338355044768621221e-05
1.370725804416433213e+00 6.890880069492708874e-06 2.133816797765604765e-05 1.753129674184201566e-06
1.373806087122987130e+00 1.171402751424504611e-07 6.867684197503909716e-07 1.498152467961770290e-06
1.376886369829540824e+00 2.090991421204780463e-07 1.773547440390118097e-07 5.376573698405329190e-07
1.379966652536094518e+00 2.772550779934572322e-06 2.049537445977864615e-06 1.195033303770631838e-06
1.383046935242648434e+00 3.376535343250448769e-05 2.959879760249624339e-05 1.690174893979902234e-05
1.386127217949202128e+00 6.641557123144912588e-05 6.581915616235863963e-05 8.026906908780023233e-05
1.389207500655755823e+00 8.488002600825520166e-05 1.169100459549235455e-04 6.552289341599428635e-04
1.392287783362309739e+00 9.038788593111728587e-05 1.484548120997951652e-04 7.207792547279961342e-04
1.395368066068863655e+00 3.678247616069449979e-05 6.253544846861693496e-05 7.780726713782428090e-05
1.398448348775417349e+00 5.646132992869916670e-06 1.422819691892331804e-05 9.473437209825147720e-06
1.401528631481971043e+00 1.506931062448098583e-07 1.356727356310046237e-06 3.100739318515805291e-06
1.404608914188524960e+00 1.689949365756124277e-07 1.751402461764841694e-07 1.548752447486084551e-06
1.407689196895078654e+00 3.621488925897308088e-06 3.895304310494293240e-06 4.370019833199177291e-07
1.410769479601632348e+00 2.896516144725233758e-05 3.301366334445543900e-05 2.946123036251711860e-05
1.413849762308186042e+00 3.728576953401785410e-05 4.512398326022976883e-05 6.460638264159145126e-05
1.416930045014739958e+00 7.173632081088784332e-05 5.732877087822470886e-05 2.139846831742023118e-04
1.420010327721293653e+00 9.944288030748662914e-05 1.072606474554372858e-04 2.492710846795676851e-04
1.423090610427847569e+00 2.640478145769113906e-05 4.018612673052853487e-05 5.572304908687010901e-05
1.426170893134401485e+00 3.433711047362813639e-06 5.372075845940266851e-06 7.416921879756248318e-06
1.429251175840955179e+00 2.093781123919723246e-07 1.177884898159665541e-06 1.516751691758466248e-07
1.432331458547508873e+00 1.408798574986917187e-07 6.360297462386532701e-07 1.387700181639341514e-07
1.435411741254062790e+00 4.494084294531790026e-06 6.793164020382326910e-06 1.821763221553965437e-06
1.438492023960616484e+00 3.396530198359516429e-05 4.423047249543496427e-05 1.943691424968733389e-05
1.441572306667170178e+00 4.416664457043357122e-05 5.507337351922851978e-05 5.585554136269723079e-05
1.444652589373723872e+00 1.561863314517694039e-04 2.118214738107449555e-04 5.037224662719366015e-04
1.447732872080277788e+00 1.636740552876572296e-04 2.024300894994768925e-04 6.027885177240219000e-04
1.450813154786831705e+00 2.079653600281800916e-05 2.359047896274835132e-05 9.915798344144495101e-05
1.453893437493385399e+00 1.340301616029759275e-06 2.968909518360706518e-06 1.828027661460206106e-05
1.456973720199939315e+00 5.822052436997667526e-08 3.553147218882142559e-07 1.293274058968743207e-06
1.460054002906493009e+00 6.632122987259605646e-08 4.878286198744138841e-07 8.788969739215047125e-07
1.463134285613046703e+00 3.834306248454371848e-06 5.410522363832405569e-06 4.992182746067150357e-06
1.466214568319600398e+00 4.242202026716718449e-05 4.716020365749497767e-05 2.919849740240060650e-05
1.469294851026154314e+00 7.593386085832731043e-05 9.487160045834700526e-05 6.904699509749167392e-05
1.472375133732708008e+00 2.079461689449108811e-04 3.684886081796436225e-04 5.828000462717811830e-04
1.475455416439261702e+00 2.126809936205771774e-04 3.863227161848042024e-04 7.161908277007028025e-04
1.478535699145815618e+00 1.962546369692823545e-05 2.698310864324308931e-05 9.059118823545271105e-05
1.481615981852369535e+00 5.514265213489721624e-07 1.792712609993699354e-06 6.550953550332781351e-06
1.484696264558923229e+00 1.486811388165796022e-07 1.036435239683232627e-06 3.321153974293888642e-07
1.487776547265477145e+00 1.071203000578128296e-07 4.352518712718423144e-08 2.497920777100752163e-07
1.490856829972030839e+00 3.217372585268427147e-06 4.112750301400420279e-06 3.295992287439242011e-06
1.493937112678584533e+00 3.982943929442319948e-05 4.385161811586769140e-05 4.830022577158704894e-05
1.497017395385138228e+00 5.612475715503474166e-05 6.075808333332520202e-05 9.742908647635382003e-05
1.500097678091692144e+00 6.020962497089779315e-05 1.113260287898686801e-04 3.444743105050829040e-04
1.503177960798245838e+00 5.112121724957607009e-05 1.229631852182029117e-04 3.841783701185762429e-04
1.506258243504799532e+00 9.131158801997315094e-06 1.844766034988147378e-05 8.662139187753450118e-05
1.509338526211353448e+00 1.371358924876541861e-06 3.149060820583495394e-06 1.272118752294872318e-05
1.512418808917907365e+00 7.343141110760018303e-08 7.709243442361464385e-07 1.034536024325190376e-06
1.515499091624461059e+00 2.941939433906952428e-07 7.354611926237540354e-07 7.355953850601420761e-07
1.518579374331014753e+00 2.955638576548993272e-06 4.003970150151806563e-06 3.667972712099287911e-06
1.521659657037568669e+00 2.029663748825735257e-05 2.277449009174346619e-05 2.763334041116600272e-05
1.524739939744122363e+00 2.206294859422960438e-05 2.061304613618821359e-05 4.981747175564636877e-05
1.527820222450676058e+00 3.297061115789422161e-05 9.168413069274307088e-05 3.311936695003772548e-04
1.530900505157229974e+00 4.143692803325517714e-05 1.452589245138248683e-04 6.038830458801459737e-04
1.533980787863783668e+00 7.814868450940277755e-06 2.783755797968846945e-05 1.427462146005408611e-04
1.537061070570337584e+00 1.396816261775972944e-06 5.596152308792309637e-06 1.762275764361832627e-05
1.540141353276891278e+00 2.031389936396239908e-07 8.574089513094923981e-07 3.308851481275014510e-06
1.543221635983445195e+00 1.053056601229771146e-07 2.160449144708316338e-07 1.469874910245976398e-06
1.546301918689998889e+00 2.137789647087135044e-06 2.525034174985391173e-06 1.259771238300291710e-07
1.549382201396552583e+00 1.088066475534930200e-05 1.025397520013515113e-05 7.489350003083428334e-06
1.552462484103106499e+00 1.188348075912751657e-05 1.389046873548455030e-05 3.274139449708724978e-05
1.555542766809660193e+00 7.700531140122406017e-05 1.657066503891540480e-04 3.271180678685868841e-04
1.558623049516213888e+00 1.157446675248351934e-04 2.781020879633026724e-04 5.803292474877442533e-04
1.561703332222767804e+00 1.720386103470267528e-05 5.252899786772184540e-05 1.204326744526113967e-04
1.564783614929321498e+00 2.470137897106514403e-06 9.911172035292214891e-06 1.625315031443483416e-05
1.567863897635875414e+00 3.648256650922127874e-07 1.885597576563643138e-06 2.260993204741003428e-06
1.570944180342429330e+00 7.949566351030583287e-08 3.972511182939778384e-07 4.312798974690523609e-07
1.574024463048983025e+00 1.597692735639266753e-06 1.684537611556561300e-06 1.578000510344885895e-06
1.577104745755536719e+00 1.203916831630683484e-05 1.137188949394637236e-05 1.117273808560064267e-05
1.580185028462090413e+00 1.838021340005020123e-05 2.020595561093137612e-05 2.979558351014394596e-05
1.583265311168644107e+00 4.135225066975923474e-05 6.685748256540563136e-05 3.087713877623780357e-04
1.586345593875197801e+00 5.103436942295388351e-05 1.120169576972676330e-04 5.167237101264774432e-04
1.589425876581751940e+00 9.686505836952196240e-06 3.324414275232849460e-05 9.802300633471323747e-05
1.592506159288305634e+00 9.903247087121075024e-07 6.884934969434882004e-06 6.175186431512734652e-06
1.595586441994859328e+00 1.867509917301225445e-07 9.825653747024076741e-07 4.367531356106077677e-07
1.598666724701413244e+00 2.501923659173743833e-08 1.382925828228052891e-07 5.011965969494343617e-07
1.601747007407966938e+00 1.184326664977144183e-06 1.419846593718573282e-06 1.153336409352586226e-06
1.604827290114520633e+00 1.557362791911637260e-05 1.773143434633156262e-05 1.523436745395576041e-05
1.607907572821074327e+00 2.290901996142162531e-05 2.549804099740788705e-05 3.501308425733208710e-05
1.610987855527628465e+00 2.588886284621169610e-05 2.818798004424233038e-05 1.632599847249318757e-04
1.614068138234182159e+00 2.630476050157068833e-05 3.467624492511820297e-05 2.728533564528786998e-04
1.617148420940735853e+00 3.740417241437822836e-06 1.405817460595473364e-05 9.039976414326775873e-05
1.620228703647289548e+00 5.087949269615561631e-07 6.237724522079977088e-06 1.905679343993771951e-05
1.623308986353843242e+00 2.109851364689044926e-07 1.539116395221721124e-06 7.787076083972563558e-07
1.626389269060397158e+00 1.032821050899048927e-07 3.190839523476721492e-07 6.107284478814271383e-08
1.629469551766950852e+00 1.618217500818741390e-06 2.501991266051074617e-06 2.180320265035884802e-06
1.632549834473504990e+00 1.349583125006927977e-05 1.569948174079394053e-05 1.112741118035655838e-05
1.635630117180058685e+00 1.626017818489641691e-05 1.492568767501158525e-05 1.745990423473779642e-05
1.638710399886612379e+00 2.774194322302672990e-05 2.884576067409769454e-05 1.842780527469245445e-04
1.641790682593166073e+00 4.965435301523707400e-05 5.755636383806972135e-05 3.682948978703627706e-04
1.644870965299719767e+00 7.968493570687959517e-06 1.345826158526105836e-05 9.641549528851715367e-05
1.647951248006273461e+00 1.294915064972149976e-07 2.503223918136311069e-06 9.582308192132335981e-06
1.651031530712827600e+00 6.494760536633987376e-08 7.861446085930710923e-07 3.617653433331504831e-07
1.654111813419381294e+00 2.573816309313204308e-07 7.507792091714879011e-07 7.295015549325897732e-08
1.657192096125934988e+00 1.710464232974527953e-06 2.519868300069601543e-06 8.589467254594756992e-07
1.660272378832488904e+00 8.363573631013804536e-06 8.305121944208693977e-06 7.649649846113292531e-06
1.663352661539042598e+00 7.658907030161197929e-06 6.741958375836601190e-06 1.992199577873490839e-05
1.666432944245596293e+00 3.932308674735698453e-06 5.471428486796993661e-06 1.179086931695682769e-04
1.669513226952149987e+00 6.898271827284048329e-06 9.214362594525946339e-06 2.205867556102567831e-04
1.672593509658704125e+00 4.601825207878726582e-06 5.193090584874121938e-06 5.988619961622640306e-05
1.675673792365257819e+00 1.466926757300030779e-06 2.487999090947924337e-06 7.762250648719296893e-06
1.678754075071811513e+00 6.873793690680220849e-08 4.018022257554429397e-07 4.919736580860793648e-07
1.681834357778365208e+00 7.394792018957035017e-08 4.867964965278390759e-08 7.306769034861183669e-07
1.684914640484919124e+00 1.492985710471692723e-06 1.296060201170040714e-06 6.476026594971103615e-07
1.687994923191472818e+00 6.438180315846342081e-06 6.421210447423719680e-06 4.030210704195517910e-06
1.691075205898026512e+00 5.914899822689143777e-06 6.721499063072101593e-06 1.166165868298287789e-05
1.694155488604580651e+00 3.527263970661071232e-05 3.897004634386157023e-05 8.190996260945902611e-05
1.697235771311134345e+00 7.824554633607531842e-05 8.191579352642961484e-05 1.570956383478380215e-04
1.700316054017688039e+00 1.997254458702804172e-05 1.768600566060463111e-05 4.698186039630922867e-05
1.703396336724241733e+00 3.318312540180585540e-06 3.299182461132282737e-06 1.065088278106432121e-05
1.706476619430795427e+00 4.480021684671451995e-07 1.163930595078526209e-06 4.896691330079106474e-07
1.709556902137349121e+00 8.914694081081786321e-09 1.050585796794234534e-07 1.544224138036551664e-07
1.712637184843903038e+00 1.058255746891859071e-06 9.682307950388585964e-07 1.899691477835643739e-07
1.715717467550456954e+00 6.977971650461622168e-06 6.488992727296229046e-06 4.216184064525876352e-06
1.718797750257010870e+00 1.061704516002227577e-05 8.367982446698438200e-06 1.262039614943701629e-05
1.721878032963564564e+00 4.526108170775245413e-05 3.919719941353847495e-05 7.517879717405951529e-05
1.724958315670118258e+00 1.090650026481788227e-04 9.519088167063729752e-05 1.596490112616185796e-04
1.728038598376671953e+00 3.655368907759607702e-05 3.239395474060265031e-05 4.696124878573409940e-05
1.731118881083225647e+00 5.766647575454566454e-06 5.947922573926736930e-06 5.952435467336224623e-06
1.734199163789779341e+00 4.156274994565709321e-07 8.219830520362406877e-07 6.253151774599956067e-07
1.737279446496333479e+00 8.085018115462955125e-08 1.827067270491918472e-07 2.878070135114772768e-08
1.740359729202887173e+00 6.033124120822256523e-07 8.955174672193810944e-07 6.890678507062290442e-08
1.743440011909440868e+00 7.343457526652838315e-06 6.015072244358582844e-06 4.880159411467189625e-07
1.746520294615994784e+00 1.082431424547829046e-05 7.388017560289052105e-06 1.670768539951871134e-06
1.749600577322548478e+00 2.727172811346749182e-05 1.602986489914915517e-05 4.116450538220070928e-05
1.752680860029102172e+00 5.956264905263984366e-05 3.828295623824601302e-05 1.217372854474871568e-04
1.755761142735655866e+00 3.156425285706373574e-05 2.534267057325451596e-05 3.089016395188924619e-05
1.758841425442210005e+00 9.058499262456653925e-06 9.969184506471626784e-06 2.679026320624954322e-06
1.761921708148763699e+00 8.443012683792148013e-07 1.652655698472669043e-06 7.293710652036066277e-07
1.765001990855317393e+00 5.941726040743498942e-08 2.551162152067021965e-07 7.942151396467220659e-08
1.768082273561871087e+00 7.812503877429397568e-07 1.111063582171262936e-06 7.459899245095789524e-08
1.771162556268425003e+00 5.920374266937194235e-06 5.388844667505103859e-06 6.708687971230886061e-07
1.774242838974978698e+00 8.529671261649739156e-06 6.819276697499900784e-06 1.808279799381588980e-06
1.777323121681532614e+00 1.166678900463456762e-05 9.525152474954431701e-06 2.509244764844455734e-05
1.780403404388086530e+00 2.418465449394395286e-05 2.334681498639782911e-05 7.801120911262514703e-05
1.783483687094640224e+00 1.933202675382796423e-05 1.888820833584385584e-05 4.214625918096992529e-05
1.786563969801193918e+00 7.592228226000546787e-06 8.378699896767263168e-06 1.539351513378281157e-05
1.789644252507747613e+00 1.120990277605545475e-06 1.796384313468361598e-06 2.250525625565147140e-06
1.792724535214301307e+00 2.537825358418695576e-08 1.407125173952623586e-07 3.460498585389498783e-07
1.795804817920855001e+00 6.115051348002203795e-07 7.991905532100703574e-07 1.070999422849258039e-07
1.798885100627409139e+00 4.852051292456890011e-06 5.633404543329326617e-06 5.283704986459751695e-06
1.801965383333962833e+00 6.281023520132267015e-06 6.804398384734793972e-06 1.154252274339599642e-05
1.805045666040516750e+00 1.833507160324030793e-05 1.019503788580507846e-05 6.216991840003220572e-05
1.808125948747070444e+00 5.383467866033936529e-05 2.625461778474464899e-05 1.671785700999021593e-04
1.811206231453624138e+00 2.530853055748309827e-05 1.688024783687531121e-05 6.798073277936081394e-05
1.814286514160177832e+00 6.290539292691936105e-06 6.201534906023359508e-06 2.274676367526178326e-05
1.817366796866731526e+00 8.270888993253102624e-07 1.483397804530714565e-06 2.657077908121175106e-06
1.820447079573285665e+00 1.549670682888792060e-07 2.771433469860173094e-07 1.160380117376883888e-07
1.823527362279839359e+00 1.017787174528260438e-06 1.102054670435676583e-06 1.576548119218166701e-06
1.826607644986393053e+00 5.138873270939484755e-06 5.569242188914061326e-06 1.198063569793332815e-05
1.829687927692946747e+00 6.054282545135388364e-06 5.632561731333519500e-06 1.325545308676340945e-05
1.832768210399500663e+00 2.707129828831211644e-05 1.651437398787194969e-05 3.981348171860927675e-05
1.835848493106054358e+00 6.207147917953649986e-05 2.823763716494893291e-05 1.296079555068450678e-04
1.838928775812608052e+00 2.253781592512831499e-05 1.086564744478320937e-05 5.900614337303111619e-05
1.842009058519162190e+00 4.099453102070455156e-06 3.160788908192164543e-06 1.004316611083601382e-05
1.845089341225715884e+00 3.976014376192216741e-07 6.888225434185573173e-07 1.324860552076828069e-06
1.848169623932269579e+00 1.311709202339343582e-07 3.627926365699218979e-07 2.875443650740504569e-08
1.851249906638823273e+00 1.001671840692649969e-06 1.275904153747025528e-06 1.222188006025526642e-06
1.854330189345376967e+00 5.096449927185253284e-06 4.212558968755512240e-06 6.358554901089219014e-06
1.857410472051930883e+00 1.058276453968174287e-05 7.864423538537423854e-06 8.596653015374689815e-06
1.860490754758484577e+00 3.679204437496899350e-05 2.593583703912197627e-05 4.158024694756757027e-05
1.863571037465038494e+00 8.639368326295283299e-05 5.440000946454850349e-05 1.540770558481188495e-04
1.866651320171592410e+00 2.803445581660057566e-05 1.442526941702046696e-05 5.142167440536825557e-05
1.869731602878146104e+00 3.188660647479376746e-06 8.304701553349069583e-07 1.626659970741505856e-06
1.872811885584699798e+00 1.416177522254421781e-07 2.155516259265440223e-07 1.314446597299083586e-07
1.875892168291253492e+00 2.604374090269627455e-08 1.114300575892344935e-07 4.522288250118276699e-08
1.878972450997807186e+00 3.450067887740638503e-07 3.437116650194759377e-07 1.218533834163535517e-07
1.882052733704361325e+00 5.302088160845272662e-06 4.174763505712478691e-06 1.457315559082665770e-06
1.885133016410915019e+00 8.492976390035430489e-06 7.156322006051664759e-06 1.868679618818361271e-06
1.888213299117468713e+00 2.327905162363015353e-05 2.056733278755447288e-05 8.868130489336975767e-06
1.891293581824022629e+00 4.784175398848320549e-05 4.225469757761109835e-05 2.307356467755044364e-05
1.894373864530576324e+00 1.756403070622563104e-05 1.208074624916772498e-05 9.376827927840639470e-06
1.897454147237130018e+00 3.749713992278592319e-06 9.778631057644593943e-07 3.853754105514758985e-06
1.900534429943683712e+00 2.333435333752891456e-07 1.192163854359675078e-07 6.432861884031245005e-07
1.903614712650237850e+00 2.310461617632302783e-08 6.821658756447651242e-08 6.386024503696026224e-08
1.906694995356791544e+00 4.994538248386148595e-07 4.148172086475603822e-07 1.288264546317083551e-06
1.909775278063345239e+00 3.045517661785930858e-06 3.296322160756601188e-06 5.985888009768511046e-06
1.912855560769898933e+00 5.332381206157329364e-06 5.589038966758176947e-06 1.079193008158510000e-05
1.915935843476452627e+00 3.021581092926514225e-05 2.396299989474762578e-05 8.226541137116224491e-05
1.919016126183006543e+00 1.152670015388239518e-04 8.045910432579128852e-05 3.098351612877092666e-04
1.922096408889560237e+00 4.549081051713937994e-05 3.053715919231733054e-05 1.394439945832870930e-04
1.925176691596114376e+00 5.165777184668499559e-06 3.037683108614874212e-06 2.741799394697947562e-05
1.928256974302668070e+00 6.472894724370424897e-07 4.782384139905660020e-07 3.182876481411801343e-06
1.931337257009221764e+00 1.141069493525988462e-08 6.475213800156378897e-08 1.745082826695880752e-07
1.934417539715775458e+00 1.580937715359262715e-07 2.969352510432111101e-07 1.091780096732873742e-06
1.937497822422329152e+00 1.696621832624711557e-06 2.056638378110625061e-06 1.851503536503380597e-05
1.940578105128882846e+00 3.547499833795416082e-06 4.207725976708662241e-06 2.676286150618014097e-05
1.943658387835436763e+00 2.766490187836168673e-05 2.032769468993952207e-05 1.214919632618542933e-04
1.946738670541990679e+00 1.036438998409785551e-04 6.903995428730679658e-05 4.185484550304510135e-04
1.949818953248544373e+00 4.766055734961574726e-05 3.186517872609420741e-05 1.951786865845734362e-04
1.952899235955098289e+00 8.129692513786996639e-06 6.232817263346047165e-06 3.662440727975640233e-05
1.955979518661651984e+00 1.431038312077258722e-06 1.485518836161320326e-06 5.672362556606945071e-06
1.959059801368205678e+00 4.935721791196298860e-08 1.566778086959353324e-07 6.138426992194657796e-08
1.962140084074759372e+00 1.534077290248758382e-07 1.993282479216249376e-07 3.090663573580285973e-06
1.965220366781313066e+00 1.514437508047496698e-06 1.458104976767525470e-06 2.568156216519482750e-05
1.968300649487867204e+00 4.293313699486090900e-06 4.121967496495346059e-06 4.199796904475165281e-05
1.971380932194420899e+00 3.164861597063829164e-05 2.416745789660257332e-05 1.734561862555546814e-04
1.974461214900974593e+00 1.394491610076849534e-04 1.022700768111820029e-04 7.165834433422891159e-04
1.977541497607528509e+00 6.703173000537101492e-05 4.965445623457539689e-05 3.462794343584510177e-04
1.980621780314082203e+00 1.027303788076204073e-05 8.871275531516653200e-06 4.991269559300107856e-05
1.983702063020635897e+00 1.933140245746122471e-06 2.019926460691614874e-06 7.777731114993975464e-06
1.986782345727189591e+00 1.568353571041861766e-07 1.996618649531919185e-07 3.150525891980271712e-07
1.989862628433743730e+00 2.116202175327143049e-08 4.436262728618125328e-08 2.024987283254011860e-06
1.992942911140297424e+00 1.081358351181167579e-06 8.969285578107636104e-07 2.538326860288686801e-05
1.996023193846851118e+00 3.650883094896814701e-06 3.406063733141513725e-06 3.677300448508270364e-05
1.999103476553404812e+00 1.509563817606363879e-05 1.426706903808047139e-05 1.031008881809319309e-04
2.002183759259958507e+00 5.653804106973284654e-05 4.569239082001021348e-05 3.517337277324017529e-04
2.005264041966512423e+00 3.825173084972379519e-05 2.947600185937102881e-05 1.968700743477229962e-04
2.008344324673066339e+00 1.166250010233600896e-05 9.715607495907054941e-06 4.131351444223728587e-05
2.011424607379620255e+00 2.417739032610633548e-06 2.533440245960894870e-06 5.552890068688385996e-06
2.014504890086173727e+00 1.007415094367464619e-07 1.349704372949785296e-07 5.925789459162921985e-07
2.017585172792727644e+00 1.049297719466159543e-07 6.150084073072075650e-08 5.036658732404452518e-06
2.020665455499281560e+00 9.420206904877976210e-07 9.055278869160728994e-07 2.573564361668535168e-05
2.023745738205835032e+00 1.957135148650773603e-06 2.544856414176570847e-06 2.559933986241416843e-05
2.026826020912388948e+00 1.669859408601904853e-05 1.388188693810834046e-05 1.188004275293706307e-04
2.029906303618942864e+00 1.003284930267746853e-04 6.202867561804036435e-05 5.808671356625926983e-04
2.032986586325496781e+00 5.949783397209050610e-05 3.500093426219956917e-05 2.943587666532473859e-04
2.036066869032050253e+00 1.106603392304592860e-05 8.339275562809669485e-06 2.919970700404231917e-05
2.039147151738604169e+00 2.622593825342748956e-06 2.399075070335522902e-06 5.659296237412796399e-06
2.042227434445157641e+00 1.788432840247287364e-07 2.448892381915428490e-07 4.218568596245456699e-08
2.045307717151711557e+00 1.123810823080778690e-08 2.357874131909151465e-08 3.673138217706072760e-06
2.048387999858265474e+00 5.784393777777542814e-07 4.639157675100100105e-07 1.978612415928135326e-05
2.051468282564819390e+00 1.899533214198245707e-06 2.349134254093319359e-06 2.330581912372883853e-05
2.054548565271373306e+00 1.101068071247893255e-05 8.679844056352869726e-06 6.106255005873652091e-05
2.057628847977926778e+00 5.280470583522774044e-05 2.957979612755507099e-05 2.336606151405331655e-04
2.060709130684480694e+00 3.790946837673194299e-05 1.949230489013429736e-05 1.527456096997865909e-04
2.063789413391034167e+00 1.053426121538133392e-05 6.531799714498980649e-06 3.573568386170917973e-05
2.066869696097588083e+00 2.203313816168045698e-06 1.666478646859906885e-06 6.981663173790499989e-06
2.069949978804141555e+00 2.770269717266652347e-07 4.019908703188580830e-07 5.798765503889452545e-07
2.073030261510695915e+00 2.993576117756203585e-07 3.126708370451658337e-07 3.820400875410726893e-06
2.076110544217249387e+00 1.515751069813910376e-06 9.322271060866032039e-07 1.860554542214131200e-05
2.079190826923803304e+00 1.838721376557934784e-06 1.343778436446416721e-06 1.381963978774338768e-05
2.082271109630357220e+00 1.328395094444978141e-05 9.847643048311086237e-06 6.060686526745595381e-05
2.085351392336910692e+00 7.967303686257868472e-05 5.660309048329506445e-05 3.795302125040291778e-04
2.088431675043464608e+00 4.914713418787112380e-05 3.200374323054706492e-05 2.327650018670623705e-04
2.091511957750018080e+00 8.275760949797168262e-06 4.060817629358099739e-06 3.230186746695296648e-05
2.094592240456572441e+00 1.961549810401027151e-06 1.023923913712422345e-06 8.409748868818849572e-06
2.097672523163125913e+00 7.026416911603001815e-08 9.487546472294764632e-08 4.128145621312103604e-07
2.100752805869679829e+00 3.349139837473114623e-07 3.184738134990825395e-07 3.018454389446994552e-06
2.103833088576233301e+00 1.504013923522217116e-06 9.413071446456799468e-07 1.240740362055717996e-05
2.106913371282787217e+00 2.405474528554187419e-06 1.367160579568356835e-06 1.383429651207977006e-05
2.109993653989341134e+00 7.384107314642758473e-06 6.249864107780604816e-06 4.084553295900182737e-05
2.113073936695894606e+00 3.160239846886798174e-05 2.741811797909303832e-05 1.967082993594802939e-04
2.116154219402448966e+00 2.418748860553705630e-05 1.727084963769654849e-05 1.407241431489732284e-04
2.119234502109002438e+00 6.752016041096858176e-06 2.743906410913802713e-06 3.158836735387281523e-05
2.122314784815556354e+00 1.389590195849833142e-06 4.322247079264184798e-07 7.862952422135089400e-06
2.125395067522109827e+00 1.908439323651321631e-07 1.028819928930136859e-07 6.222710299004511860e-07
2.128475350228663743e+00 3.886196677368969637e-07 2.489325610103384263e-07 1.620751603341342733e-06
2.131555632935217215e+00 2.331906598729115024e-06 1.624056463130353480e-06 1.530551692288791712e-05
2.134635915641771575e+00 1.797631598596281347e-06 1.393987512763233150e-06 1.403163720904596025e-05
2.137716198348325047e+00 8.054708766643345211e-06 6.064877523770980443e-06 3.794348385025201839e-05
2.140796481054878964e+00 6.404461754545201621e-05 4.465256836793749792e-05 2.286549136191436734e-04
2.143876763761432880e+00 4.572701220845846472e-05 2.966056773470185519e-05 1.548596737513000064e-04
2.146957046467986352e+00 5.935159343493817616e-06 2.258644193189208073e-06 2.101055400458383659e-05
2.150037329174540268e+00 1.125033026410414331e-06 2.438437018669218337e-07 5.668109926030434529e-06
2.153117611881093740e+00 1.155197662431582143e-07 1.334501578831556542e-07 3.149742124223204102e-07
2.156197894587648101e+00 9.131315151128162798e-07 7.052295005663181904e-07 3.510946158869858436e-06
2.159278177294201573e+00 2.693030632221945539e-06 2.009084325681525416e-06 1.589441091752153039e-05
2.162358460000755489e+00 2.111108840963220334e-06 1.351627448144463528e-06 1.454095714478413880e-05
2.165438742707308961e+00 6.321718945208225662e-06 3.269075744772775118e-06 2.061359708244258794e-05
2.168519025413862877e+00 3.541318135165271070e-05 1.867208982904567093e-05 5.898331766470281162e-05
2.171599308120416794e+00 2.967593136627644655e-05 1.546733107846836474e-05 4.134455322026709811e-05
2.174679590826970266e+00 5.871713576239147208e-06 2.404384385271340452e-06 8.469085166600898431e-06
2.177759873533524626e+00 1.302567699236698130e-06 3.952672454249864236e-07 2.069507400062818080e-06
2.180840156240078098e+00 7.728839497498555582e-08 8.658528032353773446e-08 9.535473417644872587e-08
2.183920438946632014e+00 6.514809704640799609e-07 7.235696794875640894e-07 1.889214381804523564e-06
2.187000721653185487e+00 3.363845323139010458e-06 2.390682631744810502e-06 1.242701823913100844e-05
2.190081004359739403e+00 2.751195987401211098e-06 1.418893184687246459e-06 1.179659974212154411e-05
2.193161287066292875e+00 7.347912236076326465e-06 3.393613153561446645e-06 1.041655230164657076e-05
2.196241569772846791e+00 5.970235867486769137e-05 3.398046714613420412e-05 5.493044454901319237e-05
2.199321852479400707e+00 4.948457681275828576e-05 2.883496870350630095e-05 4.425806254926978192e-05
2.202402135185954624e+00 7.077705731952689877e-06 3.444758329108252045e-06 5.079740544817122041e-06
2.205482417892508540e+00 1.613050423493925989e-06 7.573481216240238914e-07 5.835364439954995692e-07
2.208562700599062012e+00 1.361952576762364186e-07 6.323117349538977132e-08 1.707519850228342789e-07
2.211642983305615928e+00 1.066246610393792334e-06 8.921424753304191071e-07 1.856229642674757951e-06
2.214723266012169400e+00 3.897322435175007283e-06 2.770907822849260024e-06 8.012190880709647674e-06
2.217803548718723317e+00 2.766110400820847883e-06 1.512372148115739104e-06 5.974583037501110329e-06
2.220883831425277233e+00 5.139118742422181622e-06 2.353109018974498982e-06 6.105243348382672250e-06
2.223964114131831149e+00 2.456359158672305818e-05 1.361240356604462754e-05 1.756332721329390304e-05
2.227044396838384621e+00 2.595169357888290761e-05 1.486337101947378182e-05 1.920430483754975885e-05
2.230124679544938537e+00 6.960539485445648255e-06 3.658397612973620548e-06 5.262815814928463109e-06
2.233204962251492454e+00 2.418957108210764979e-06 1.324994976740541854e-06 1.339120843783094589e-06
2.236285244958045926e+00 9.785320702662218526e-08 8.900945223026607709e-08 1.487238213320778522e-07
2.239365527664599842e+00 7.527930296787817462e-07 7.801200388685215435e-07 5.226787636330141170e-07
2.242445810371153758e+00 3.572211510129254589e-06 3.032137416392577684e-06 2.560336068240426325e-06
2.245526093077707674e+00 3.069335693312578214e-06 2.048664323963723423e-06 3.953814335220173682e-06
2.248606375784261147e+00 5.204977648038006742e-06 2.442981734025694499e-06 6.936256978585208694e-06
2.251686658490815063e+00 4.503879946849503147e-05 1.971994667049719983e-05 4.489282329655103356e-05
2.254766941197368979e+00 4.478100969260134632e-05 1.991617550238359525e-05 4.192046083057242398e-05
2.257847223903922451e+00 8.645844631260776977e-06 4.364736729798348504e-06 8.357739963752072778e-06
2.260927506610476367e+00 2.669151158800702218e-06 1.481188179750721386e-06 2.781789903124435171e-06
2.264007789317030284e+00 5.172225951505339661e-07 4.586768511494461394e-07 5.414797009154930873e-07
2.267088072023584200e+00 1.251520010556065439e-06 1.297517729689654552e-06 2.378569536552333464e-07
2.270168354730137672e+00 4.302865518418416895e-06 3.675492527190555626e-06 1.320153325788840795e-06
2.273248637436691588e+00 2.887305855929502653e-06 2.022719894605930613e-06 2.716917506738668169e-06
2.276328920143245060e+00 5.092371687786798783e-06 2.213507841172162017e-06 1.031135073801001775e-05
2.279409202849798977e+00 2.095544814557023591e-05 7.006706573386885894e-06 4.750053051993280326e-05
2.282489485556352893e+00 2.434018815038347460e-05 8.587440255721192814e-06 4.686069432796014612e-05
2.285569768262906809e+00 7.648824905565825171e-06 3.319105885705141140e-06 9.925561377805741222e-06
2.288650050969460725e+00 3.105467974003382451e-06 1.592892866083627972e-06 3.404357083429595449e-06
2.291730333676014197e+00 2.021025789389626748e-07 1.366232302984627055e-07 2.957589307088377012e-07
2.294810616382568114e+00 9.692431307263387337e-07 1.023592007546488661e-06 9.746302122914992561e-07
2.297890899089121586e+00 3.571685340789506082e-06 2.996674014528564661e-06 2.644711194601976164e-06
2.300971181795675502e+00 3.370340966767600209e-06 2.150860344143656108e-06 3.664962268372136711e-06
2.304051464502229418e+00 5.068563321535022738e-06 2.227341929622117954e-06 1.762121098104999937e-05
2.307131747208783334e+00 3.330585510294914941e-05 1.302795161093855152e-05 1.583261635206894495e-04
2.310212029915336807e+00 3.636236421625114101e-05 1.439787485277595976e-05 1.584624391247820301e-04
2.313292312621890723e+00 8.126189593468415210e-06 3.213335270539670996e-06 1.829087000016691217e-05
2.316372595328444639e+00 2.985728199567037703e-06 1.388244895919070364e-06 4.371121146289275102e-06
2.319452878034998111e+00 4.763443382937296407e-07 2.464270318508121372e-07 5.278779323136408969e-07
2.322533160741552027e+00 7.491219188081883834e-07 7.431975149626772102e-07 1.057654732018557603e-06
2.325613443448105944e+00 3.848245599611713412e-06 3.017740283473060744e-06 5.347051445530491613e-06
2.328693726154659860e+00 3.141663327872112727e-06 2.022654843489860238e-06 5.793728147654100694e-06
2.331774008861213332e+00 4.743540684331763506e-06 2.489021422487815810e-06 2.115974337939354586e-05
2.334854291567767248e+00 1.433279607447433693e-05 6.431486105194965021e-06 9.252521675417759415e-05
2.337934574274320720e+00 1.688813317737983467e-05 7.072900475838901220e-06 9.135886473209699199e-05
2.341014856980874637e+00 6.269582892261631812e-06 2.297581944312715639e-06 1.820667688809670206e-05
2.344095139687428553e+00 2.631823142000714294e-06 9.165483703982435001e-07 5.670667850456916496e-06
2.347175422393982469e+00 4.475966684602484225e-07 3.330263354359549453e-07 6.046827194245351387e-07
2.350255705100536385e+00 1.209742205937488585e-06 1.194323199499233094e-06 1.879234984100141530e-06
2.353335987807089857e+00 3.515239119518466277e-06 3.003805172094400616e-06 6.606171960775738492e-06
2.356416270513643774e+00 2.884049613933986934e-06 2.066803596993527057e-06 7.058861292861801881e-06
2.359496553220197246e+00 4.464420995590904596e-06 2.626593802281740672e-06 1.978412597979904719e-05
2.362576835926751162e+00 2.487170666959379612e-05 9.713663122805681340e-06 1.172007995376063720e-04
2.365657118633304634e+00 2.907982680922515065e-05 1.065711604377261842e-05 1.252139331640008736e-04
2.368737401339858994e+00 5.893821308918752085e-06 1.884852376660913110e-06 1.813262328511949551e-05
2.371817684046412467e+00 2.238698116159502019e-06 6.556117678152023323e-07 5.750664936325584771e-06
2.374897966752966383e+00 1.882194745107619508e-07 1.677534877428257592e-08 5.717204983607716545e-07
2.377978249459520299e+00 4.270363793109090928e-07 6.175289694695392316e-07 6.854687983331817237e-07
2.381058532166073771e+00 2.552647630805814746e-06 2.278075205566126327e-06 5.568846849167298277e-06
2.384138814872627687e+00 2.691161391842682568e-06 2.032260973150110964e-06 7.384451299491893029e-06
2.387219097579181604e+00 4.231637054376558886e-06 2.505956540484348815e-06 1.380196827922733684e-05
2.390299380285735520e+00 1.308100294338778944e-05 4.989193223409250852e-06 3.661765112371718442e-05
2.393379662992288992e+00 1.452928237404299261e-05 4.978512506150717768e-06 3.320226066256398034e-05
2.396459945698842908e+00 4.484031150816644258e-06 1.394359940305586294e-06 8.804824320052672835e-06
2.399540228405396380e+00 1.696671602324403772e-06 4.323733702561023658e-07 4.000084489988830492e-06
2.402620511111950297e+00 3.347819612059528356e-07 1.087425814521632588e-07 7.649471826090561016e-07
2.405700793818504213e+00 6.852843383952977487e-07 5.342923349014938287e-07 1.547494578466681093e-06
2.408781076525058129e+00 2.600882653373462778e-06 2.077494387287347545e-06 5.774086696459330227e-06
2.411861359231612045e+00 2.204454978290418986e-06 1.689913428263839663e-06 4.708691877300632731e-06
2.414941641938165517e+00 3.904013564043595821e-06 2.276193561788152460e-06 8.737143780605466514e-06
2.418021924644719434e+00 2.045134797460507114e-05 8.367200380818439037e-06 2.769756748778296089e-05
2.421102207351272906e+00 2.566281400397174355e-05 9.770746971656488363e-06 2.951097597172588796e-05
2.424182490057826822e+00 4.482461018489467000e-06 1.529175782304667306e-06 5.586207069615362766e-06
2.427262772764380738e+00 1.483861950418103649e-06 4.212837422798380793e-07 3.433898299413905754e-06
2.430343055470934654e+00 1.047190511513037079e-07 1.114257606047899923e-08 3.435267142707663613e-07
2.433423338177488127e+00 3.661315041586931181e-07 4.261879719960610673e-07 6.811834467331054498e-07
2.436503620884042043e+00 1.608534729900666035e-06 1.442756989235743371e-06 3.174840895886022598e-06
2.439583903590595959e+00 1.881099549316985810e-06 1.397873250973827155e-06 3.436800632508131710e-06
2.442664186297149431e+00 3.243974388249535945e-06 2.132800434237582815e-06 3.683643509098296843e-06
2.445744469003703347e+00 1.044602778512566572e-05 5.070040464860925120e-06 7.728333912590455194e-06
2.448824751710256820e+00 1.226420018697375487e-05 5.103593511273670846e-06 1.041074887067950481e-05
2.451905034416811180e+00 3.442654521034893703e-06 1.284178763900695728e-06 6.440064030497163168e-06
2.454985317123364652e+00 1.237239834417046479e-06 4.583861642324621823e-07 4.083349314168634406e-06
2.458065599829918568e+00 2.076709924951222349e-07 9.728136850888737017e-08 1.229582760128627865e-06
2.461145882536472485e+00 2.663406410854881077e-07 2.873579635029069886e-07 1.096133977403634370e-06
2.464226165243025957e+00 1.464953796859292112e-06 1.139480926799042927e-06 3.308879442060811838e-06
2.467306447949579873e+00 1.445123678407375480e-06 1.171445285043486850e-06 1.950020298411197765e-06
2.470386730656133345e+00 2.665021986424129966e-06 1.923043689220220554e-06 1.644136928184399897e-06
2.473467013362687705e+00 1.570665206993725592e-05 6.486384495360152942e-06 8.469501592927711805e-06
2.476547296069241177e+00 2.251815545690232897e-05 7.790654533668038722e-06 2.169727530477139033e-05
2.479627578775795094e+00 3.958895182209694024e-06 1.337847684122078725e-06 1.250597633734925140e-05
2.482707861482348566e+00 1.245894000647178964e-06 4.798025798340468534e-07 7.717875289397393003e-06
2.485788144188902482e+00 1.617430920150073963e-07 1.021007233094895831e-07 1.337084879512675131e-06
2.488868426895456398e+00 1.727223495378623995e-07 1.568085803517241811e-07 1.132628437739499037e-06
2.491948709602010315e+00 8.882790944533872026e-07 7.132488316932059462e-07 1.805838498866014565e-06
2.495028992308564231e+00 1.089927495365374053e-06 9.268376621034075778e-07 8.314309979676992405e-07
2.498109275015117703e+00 2.067890432192322380e-06 1.536462927741482172e-06 6.988970491744949087e-07
2.501189557721671619e+00 7.938826412838829227e-06 3.612277941025444492e-06 9.361152478918706367e-06
2.504269840428225091e+00 1.067806990957049648e-05 3.645272495487140005e-06 3.128146421235823103e-05
2.507350123134779007e+00 2.968179712542047201e-06 9.220285371506391900e-07 1.975629956314433553e-05
2.510430405841332480e+00 1.091296418691639632e-06 4.199490254261203144e-07 1.119956278140594719e-05
2.513510688547886840e+00 2.463384136006955247e-07 8.164889733433332986e-08 1.990722024929451911e-06
2.516590971254440312e+00 9.669511883218210175e-08 4.368303870684115315e-08 8.045168847260967392e-08
2.519671253960994228e+00 7.134863644598189400e-07 4.601654685829628508e-07 7.108333145168939919e-07
2.522751536667548145e+00 8.385854658244208806e-07 6.840122000655038454e-07 6.078331925474831823e-07
2.525831819374101617e+00 1.546949167030049249e-06 1.135743408258041287e-06 6.590241133718317659e-07
2.528912102080655533e+00 1.076935125042190430e-05 4.677760101821363113e-06 2.829564022753675980e-05
2.531992384787209005e+00 1.821882351672644777e-05 6.567280221716495782e-06 7.153614401185620620e-05
2.535072667493763365e+00 3.713377904360615161e-06 1.140754955915808762e-06 2.679623154427597292e-05
2.538152950200316837e+00 1.107259034909757451e-06 3.516235230003411849e-07 1.207129577247066684e-05
2.541233232906870754e+00 2.108287366931757750e-07 9.695321134636660095e-08 2.578624496741110731e-06
2.544313515613424226e+00 1.145640314277305545e-07 5.727402589466484439e-08 4.236758610580583515e-07
2.547393798319978142e+00 4.675815644576698125e-07 2.673394044523374238e-07 3.518506793865928703e-07
2.550474081026532058e+00 4.991840759071121066e-07 3.853383636999016029e-07 1.615762856863416306e-07
2.553554363733085530e+00 1.097790746030368452e-06 8.099529003994370289e-07 1.143714076209445815e-06
2.556634646439639891e+00 4.955500082626704759e-06 2.639711055621061795e-06 2.370385223057037494e-05
2.559714929146193363e+00 7.953371082102115620e-06 3.076987744109611088e-06 6.238069338311525661e-05
2.562795211852747279e+00 2.438660506241764945e-06 6.216337517927872001e-07 2.702502359157617483e-05
2.565875494559300751e+00 9.519415972343417853e-07 2.211890161659414981e-07 1.284365249824891906e-05
2.568955777265854667e+00 3.010611210191363939e-07 8.914644575288182973e-08 3.126332844308411218e-06
2.572036059972408140e+00 3.006407332251497180e-08 4.365540141266445783e-09 2.017002817995011109e-07
2.575116342678962056e+00 3.015835697486972469e-07 8.013806090686681725e-08 3.607123161508196582e-07
2.578196625385515972e+00 4.215819552997724691e-07 2.613029229151232811e-07 5.777966951557866977e-07
2.581276908092069888e+00 7.528414005399601638e-07 5.619779719609075326e-07 1.903910235429791994e-06
2.584357190798623805e+00 6.217907831944992662e-06 2.650950426980093420e-06 4.562515495349740507e-05
2.587437473505177277e+00 1.243206031870032874e-05 4.051583673396975388e-06 1.188260576831852178e-04
2.590517756211731193e+00 3.002760568887139506e-06 7.340422791294372577e-07 3.913136364274971679e-05
2.593598038918284665e+00 8.519115457752690363e-07 1.406807968162909076e-07 1.682625896661003203e-05
2.596678321624838581e+00 2.020225677706943141e-07 2.269036036752994729e-08 3.953834245295604945e-06
2.599758604331392497e+00 1.493389830182133285e-07 2.054712874388020595e-08 1.428301153726023913e-07
2.602838887037946414e+00 3.467648031780097131e-07 7.697610207910440691e-08 5.059493700639050809e-07
2.605919169744499886e+00 2.407341744702056306e-07 1.519338566884276653e-07 9.526492618665162568e-07
2.608999452451053802e+00 4.965144145114796950e-07 3.217717610364589294e-07 3.267101750736871040e-06
2.612079735157607718e+00 2.728068747852597110e-06 1.223802879322605416e-06 2.920021347079210065e-05
2.615160017864161190e+00 5.428447164520788013e-06 1.705774310372402295e-06 7.315528185340115991e-05
2.618240300570715551e+00 1.849428484446455626e-06 3.519337528236788265e-07 3.275741905093822138e-05
2.621320583277269023e+00 7.534246954693645311e-07 9.719686323934635080e-08 1.583168228445251896e-05
2.624400865983822939e+00 2.387783712540752533e-07 3.407364039127739609e-08 5.216432429467951341e-06
2.627481148690376411e+00 1.646841365435839079e-08 8.999244857134787987e-09 6.423206784611718740e-07
2.630561431396930328e+00 1.751532009792795571e-07 2.664975121194299963e-08 1.593730927447972583e-06
2.633641714103484244e+00 1.844180218863775226e-07 6.447588906305525891e-08 1.705859084988015721e-06
2.636721996810037716e+00 2.974380126048019955e-07 1.435542412768708410e-07 2.901243289385585568e-06
2.639802279516591632e+00 3.443680172378211035e-06 1.233591239517702744e-06 5.348325213341087274e-05
2.642882562223145548e+00 8.557453428153367870e-06 2.654506139583052682e-06 1.545587866062680298e-04
2.645962844929699465e+00 2.478048581844126961e-06 5.826499379709986833e-07 4.931022044599441971e-05
2.649043127636252937e+00 5.844917766895242045e-07 5.242321291774061772e-08 1.458016965073874359e-05
2.652123410342806853e+00 2.502233868646713238e-07 5.241435941953128352e-08 4.213429037317381079e-06
2.655203693049360325e+00 2.168821643837814256e-07 8.223496156267930071e-08 7.470762572253712919e-07
2.658283975755914241e+00 3.277269007508966813e-07 7.194537042458006131e-08 1.440335152299420888e-06
2.661364258462468158e+00 1.187055694495562277e-07 2.265121833022984545e-08 8.114964511164198322e-07
2.664444541169022074e+00 2.005850259306626580e-07 3.996313960111200544e-08 3.286808544035228624e-06
2.667524823875575546e+00 1.427049924033480988e-06 4.414923998376995294e-07 2.052820487499138253e-05
2.670605106582129462e+00 3.589829009789627840e-06 9.148304688836759073e-07 5.599840756439586911e-05
2.673685389288683378e+00 1.412005074851386459e-06 2.599696954668965480e-07 2.932309895969101437e-05
2.676765671995236850e+00 5.641045537961148596e-07 5.647512222613804415e-08 1.614723172391307796e-05
2.679845954701790767e+00 1.072978024909621028e-07 1.642802007282785734e-09 5.588638921846168336e-06
2.682926237408344683e+00 7.687674612613546057e-08 8.727962732413274291e-08 1.889214750291581073e-07
2.686006520114898599e+00 2.330785618344699013e-07 1.072388290473839628e-07 8.662742996459096504e-07
2.689086802821452071e+00 1.303476338806897906e-07 2.405164990700890827e-08 1.535276601069974952e-06
2.692167085528005988e+00 1.657589260701860683e-07 7.996773054540331541e-09 3.336823648137142882e-06
2.695247368234559904e+00 1.791425306260260839e-06 2.971959949270432175e-07 3.556441633143481547e-05
2.698327650941113376e+00 5.272068287559229514e-06 9.088757443558367309e-07 1.016986716384721208e-04
2.701407933647667292e+00 1.790417957129897652e-06 2.920072320303442638e-07 3.410902659536211749e-05
2.704488216354221208e+00 4.370759117153216901e-07 5.851137310409478734e-08 1.270945488578095566e-05
2.707568499060775125e+00 2.529712183089680185e-07 5.235808730431681848e-08 5.121783472899254225e-06
2.710648781767328597e+00 1.840643128858159322e-07 9.419997006616953239e-08 1.311600616169863329e-06
2.713729064473882513e+00 3.596895759372636683e-07 1.488649594371428648e-07 2.113355825219827194e-06
2.716809347180435985e+00 1.531685579076111498e-07 4.019345752150011148e-08 1.134543678733852558e-06
2.719889629886989901e+00 1.601639724658062959e-07 1.012365790458798903e-08 3.572232144240077091e-06
2.722969912593543818e+00 7.485068644482525124e-07 5.274016087296418512e-08 2.004151390732199792e-05
2.726050195300097734e+00 2.338146554375599611e-06 3.018948240320603968e-07 5.561524982315318072e-05
2.729130478006651650e+00 1.088136819559074836e-06 1.918701260141393529e-07 2.660223969769956909e-05
2.732210760713205122e+00 4.105681687045219582e-07 5.987573273948021769e-08 1.278441118001539339e-05
2.735291043419759038e+00 8.214920090118612021e-08 2.822141082968983852e-08 5.037696118100324024e-06
2.738371326126312510e+00 1.535832777170854987e-07 1.404688395332954214e-07 4.831306791160984787e-08
2.741451608832866427e+00 3.087900103224371046e-07 1.833665428338217046e-07 7.214079986106573816e-07
2.744531891539420343e+00 1.394449927434026613e-07 5.795557239616030929e-08 1.691025353051486633e-06
2.747612174245974259e+00 1.610751748100948998e-07 4.502943864079270631e-08 3.038654313096345329e-06
2.750692456952527731e+00 1.128384518538610702e-06 1.092754189377451318e-07 3.095570093874690915e-05
2.753772739659081648e+00 3.942361288214710900e-06 4.542623358155212495e-07 1.046936195885968138e-04
2.756853022365635564e+00 1.571089783418133343e-06 2.420714082004890146e-07 3.962165147736542749e-05
2.759933305072189036e+00 3.689454474670453706e-07 9.328734835857514436e-08 9.972984398511178881e-06
2.763013587778742952e+00 2.151418262265151249e-07 3.584083133150220478e-08 4.430405130828930736e-06
2.766093870485296868e+00 1.298212297494506408e-07 9.081023683463324484e-08 1.438735672967506762e-06
2.769174153191850785e+00 3.185013065830166150e-07 1.840556988816936481e-07 2.256044524700514694e-06
2.772254435898404257e+00 1.662659733511376367e-07 8.852541424890072407e-08 1.636326476366917326e-06
2.775334718604958173e+00 2.115646105435946869e-07 1.041562339452416211e-07 3.377578250864241849e-06
2.778415001311511645e+00 5.865959400282097056e-07 1.034626221649922475e-07 1.980441425877965266e-05
2.781495284018065561e+00 1.789258472512146492e-06 2.359371203515669165e-07 6.261762061774943920e-05
2.784575566724619478e+00 8.927086643989222653e-07 1.625315554846410077e-07 3.021712067663576679e-05
2.787655849431173394e+00 3.301597444471151929e-07 9.200217723551183229e-08 1.045520045876713322e-05
2.790736132137727310e+00 1.428228945243122764e-07 9.624532213828267083e-08 3.802630027117327189e-06
2.793816414844280782e+00 2.019995958983329374e-07 1.600000706797775758e-07 1.641765384241338481e-07
2.796896697550834698e+00 3.354351907884131983e-07 2.176611641820575215e-07 1.218213736917766446e-06
2.799976980257388171e+00 1.691010073576524611e-07 1.115976899121194234e-07 1.223642234385226900e-06
2.803057262963942087e+00 2.447639020060651752e-07 1.451054933809750542e-07 3.402736919351665880e-06
2.806137545670495559e+00 7.747329518941898793e-07 2.173809828210382939e-07 3.828725220150370074e-05
2.809217828377049919e+00 2.482523930278246233e-06 4.529215061419880457e-07 1.465622762198776020e-04
2.812298111083603391e+00 1.115118770064549450e-06 2.397929074411602911e-07 6.354861939106916423e-05
2.815378393790157308e+00 3.062579909187150744e-07 1.072842772798428331e-07 1.338904430885282099e-05
2.818458676496711224e+00 1.518058060120703128e-07 2.577122151652506595e-08 7.435734280728273489e-06
2.821538959203264696e+00 5.169353106583283557e-08 5.215403665683723435e-08 2.123186914596327736e-06
2.824619241909818612e+00 2.623330590822501016e-07 1.556993185292697139e-07 3.299248674588538675e-06
2.827699524616372084e+00 2.042295939540106697e-07 1.173127784929933867e-07 2.445648423769436189e-06
2.830779807322926445e+00 2.430291133335702417e-07 1.636275571273492022e-07 4.197127072853370411e-06
2.833860090029479917e+00 4.793327092677963200e-07 2.920374246369275224e-07 2.114968220917608319e-05
2.836940372736033833e+00 1.318629079329488078e-06 5.736357712770324540e-07 7.383049466857526956e-05
2.840020655442587305e+00 6.861006324358197850e-07 2.441344623696799488e-07 4.126914247026665047e-05
2.843100938149141221e+00 2.552896828608779816e-07 1.167363836751772086e-07 1.756208555916088690e-05
2.846181220855695138e+00 1.880232047423630356e-07 1.090225681281976466e-07 7.142099062403201204e-06
2.849261503562248610e+00 2.015869913144915651e-07 9.782912577161092228e-08 2.311608784963509421e-06
2.852341786268802970e+00 3.053606321308105197e-07 1.606288843411962313e-07 3.744406554151041165e-06
2.855422068975356442e+00 1.600842520953123893e-07 1.099016715495548419e-07 2.541285114181331250e-06
2.858502351681910358e+00 2.275413587804891529e-07 1.800923181351885340e-07 5.373167027853356471e-06
2.861582634388463831e+00 6.499786695188768624e-07 4.447417874407603385e-07 2.877303593050607524e-05
2.864662917095017747e+00 2.169867786791017814e-06 1.046305329297370610e-06 1.108552660873500517e-04
2.867743199801571663e+00 1.042663685188286816e-06 4.315938069796482414e-07 5.471708562635879143e-05
2.870823482508125579e+00 2.349694045138174659e-07 1.054125037577593169e-07 1.324257278663214516e-05
2.873903765214679051e+00 9.808060462017854127e-08 6.418484237926882038e-08 8.947751218862919030e-06
2.876984047921232968e+00 2.235465015024502825e-08 6.735396293219815611e-08 1.320349206867514488e-06
2.880064330627786884e+00 1.550384819248275628e-07 1.011304811508547191e-07 4.131717963260243056e-06
2.883144613334340356e+00 1.329668596746417778e-07 8.811195785721480406e-08 5.388891568473636359e-06
2.886224896040894272e+00 2.207992599446456368e-07 1.820505068263544657e-07 7.109350903310222803e-06
2.889305178747447744e+00 4.615720873798674068e-07 4.018150587448781273e-07 2.217388211327580517e-05
2.892385461454002105e+00 1.136006348815998884e-06 7.803898607469109368e-07 6.822015694031586662e-05
2.895465744160555577e+00 5.412690050465406680e-07 3.001044512377865997e-07 3.499056087832721709e-05
2.898546026867109493e+00 1.844745350101458630e-07 1.058709258681086504e-07 1.114192888181158043e-05
2.901626309573663409e+00 1.552535363035878640e-07 5.699919077254899990e-08 6.303076764541374165e-06
2.904706592280216881e+00 1.144993397997302044e-07 1.109758738937870349e-08 3.872375559707251693e-06
2.907786874986770798e+00 1.918299561481007896e-07 6.330726005749445492e-08 6.697001400866836151e-06
2.910867157693324270e+00 1.307495640526613977e-07 8.683391599529587834e-08 4.764264534706853815e-06
2.913947440399878630e+00 2.100916100695254314e-07 1.564916093602668629e-07 8.510406430041807539e-06
2.917027723106432102e+00 4.754152014945018186e-07 4.472966112711251119e-07 3.723333752609759401e-05
2.920108005812986018e+00 1.351972153003944663e-06 1.369667602891234083e-06 1.459268268710754875e-04
2.923188288519539491e+00 6.609429184454276657e-07 6.147269889712199207e-07 7.496595351035411346e-05
2.926268571226093407e+00 1.421563830335830619e-07 9.866496543272811160e-08 1.521445465998900810e-05
2.929348853932647323e+00 7.535321388610003071e-08 7.834980349750122504e-08 1.390833407847346225e-05
2.932429136639200795e+00 4.517094627887095078e-08 4.494932250184195876e-08 1.856617455425820023e-06
2.935509419345755155e+00 1.161517418126616938e-07 5.799173768413297336e-08 5.130299015554267187e-06
2.938589702052308628e+00 9.731573939113542533e-08 5.531840381929924777e-08 5.845639581541511440e-06
2.941669984758862544e+00 1.692042126054391783e-07 1.111057577345715964e-07 9.280529856362411737e-06
2.944750267465416016e+00 3.142852588141457758e-07 3.313656291733617651e-07 3.032711962397394755e-05
2.947830550171969932e+00 7.563393784503363709e-07 8.872594155057563989e-07 9.903337491177097922e-05
2.950910832878523404e+00 3.877624256406844268e-07 4.273434264164135207e-07 5.439351669625373445e-05
2.953991115585077321e+00 1.037200081077466747e-07 8.753535670410496870e-08 1.634545476175320133e-05
2.957071398291631237e+00 7.686370217882728681e-08 4.901322083182089813e-08 1.264316210759784200e-05
2.960151680998185153e+00 2.416377779211392721e-08 6.501447054353473083e-09 8.543672858230183371e-06
2.963231963704739069e+00 7.760861664453414408e-08 9.641139808744390954e-09 8.504264150217167196e-06
2.966312246411292541e+00 8.143073707725677193e-08 3.275377197337635500e-08 4.584836334230147754e-06
2.969392529117846458e+00 1.155145866672827284e-07 7.266549881326035641e-08 7.652570814357040072e-06
2.972472811824399930e+00 3.093135323029751711e-07 3.316799496854274152e-07 3.473949127232933627e-05
2.975553094530954290e+00 1.150346420127672493e-06 1.417353350524479570e-06 1.590053645495513666e-04
2.978633377237507762e+00 6.295187582904498569e-07 7.401239980153038041e-07 9.192996811109239769e-05
2.981713659944061678e+00 9.113002714558425245e-08 9.456955003801722222e-08 1.523184219255110098e-05
2.984793942650615151e+00 4.524486538941699096e-08 4.563165944873966730e-08 1.045756622158558925e-05
2.987874225357169067e+00 3.269167980011826005e-08 6.562808349101221008e-09 1.188656897444705027e-07
2.990954508063722983e+00 5.977543640785106009e-08 8.968558015225784990e-09 3.261081672682787336e-06
2.994034790770276455e+00 4.021357712975224518e-08 1.736377373786823729e-08 3.226577843426482295e-06
2.997115073476830815e+00 8.046551237815198695e-08 4.257315968836114501e-08 5.797765236066314519e-06
3.000195356183384288e+00 2.030259391499402881e-07 1.848050497317239817e-07 1.526160620468463701e-05
3.003275638889938204e+00 5.565661476509395387e-07 6.334390506528646544e-07 5.847114796914785616e-05
3.006355921596491676e+00 2.916396277295840534e-07 4.102573710701788648e-07 4.001163926648784931e-05
3.009436204303045592e+00 6.352592074270013730e-08 8.509448410840429859e-08 1.007864367506517885e-05
3.012516487009599064e+00 4.192936483739630768e-08 6.442929980878674958e-08 9.530387842740388108e-06
3.015596769716152981e+00 2.859773929462550845e-09 1.633998868461842177e-08 5.823828931673296389e-06
3.018677052422706897e+00 2.047604818017366159e-08 6.246611710744872800e-10 5.699414729593187736e-06
3.021757335129260813e+00 2.912743455035839626e-08 6.680072213230796032e-09 4.043712767862453363e-06
3.024837617835814729e+00 5.854117926581222872e-08 2.111188816192991375e-08 3.256164583007471900e-06
3.027917900542368201e+00 1.628434526711674102e-07 1.427089754445312018e-07 8.574586657609311685e-06
3.030998183248922118e+00 5.888554678756224411e-07 9.847464901990035614e-07 4.185788911749904951e-05
3.034078465955475590e+00 3.411706354090448141e-07 6.990484290654811740e-07 3.185611464464453447e-05
3.037158748662029506e+00 5.073774741218883355e-08 9.822768744154853519e-08 6.831628123687775086e-06
3.040239031368583422e+00 2.559080101687422319e-08 4.398025303686074172e-08 3.597001034644409300e-06
3.043319314075137338e+00 1.561222351593082813e-08 2.429636490468309643e-08 2.057628583777740177e-06
3.046399596781690811e+00 2.450328699895671674e-08 9.230268494301169105e-09 4.551338384087337836e-06
3.049479879488244727e+00 2.057178446789946265e-08 3.327710762583961639e-09 2.250878938323691902e-06
3.052560162194798643e+00 3.534856885363533319e-08 3.968548512619499529e-09 2.334073158136146632e-06
3.055640444901352115e+00 8.650987182341316252e-08 5.416010202023943141e-08 2.911514415153996391e-06
3.058720727607906031e+00 2.700850150049386001e-07 3.940034035312577051e-07 5.788503594710949322e-06
3.061801010314459948e+00 1.928293257848269801e-07 4.041241148738232654e-07 5.353636183142021530e-06
3.064881293021013864e+00 4.033457874254539282e-08 1.031007101508546867e-07 2.684399141817785995e-06
3.067961575727567336e+00 2.716739652946707518e-08 6.305470311929101074e-08 3.094304597311237823e-06
3.071041858434121252e+00 1.923122042656514797e-09 6.127438271177290219e-09 7.765364786362627474e-07
3.074122141140675168e+00 5.501915495236852262e-09 5.205454017826762200e-09 2.879796229828891326e-06
3.077202423847228641e+00 9.071065931429263513e-09 2.929103560967107607e-09 2.350602928342863292e-06
3.080282706553782557e+00 1.457055670431218473e-08 1.530462387310145757e-09 1.751578361896761036e-06
3.083362989260336473e+00 6.128105816078489577e-08 4.413055682703578711e-08 1.996647933860872402e-06
3.086443271966890389e+00 4.169015681404646957e-07 5.625123851528047917e-07 3.609828862981335553e-06
3.089523554673443861e+00 3.168431863388728286e-07 5.421708229471548961e-07 1.988423653593350421e-06
3.092603837379997778e+00 3.885059789296451537e-08 1.089625969361002199e-07 6.710859714724928240e-07
3.095684120086551250e+00 1.802601504440206951e-08 8.273013335078304454e-08 1.122161175704741059e-06
3.098764402793105166e+00 1.381509192091934092e-08 7.241940231839630726e-08 1.907793083995699272e-06
3.101844685499659082e+00 7.447813281470561983e-09 3.776571497731456571e-08 3.414898646537919785e-06
3.104924968206212998e+00 2.622539414574788947e-09 8.419350674790580714e-09 2.284936039282797940e-06
3.108005250912766915e+00 3.662750463513687853e-09 8.841282554528449359e-09 1.222160713040925693e-06
3.111085533619320387e+00 2.840174790719830687e-08 1.485450502812277834e-08 1.447217882252982435e-06
3.114165816325874303e+00 1.495251218493224238e-07 2.137820993921714006e-07 2.941531181498660630e-06
3.117246099032427775e+00 1.218196795786104448e-07 3.164077104847184855e-07 2.426686413219961901e-06
3.120326381738981691e+00 2.708972163353077890e-08 1.114737103973794354e-07 7.411472110437248303e-07
3.123406664445535608e+00 1.517893701950071303e-08 5.997096051158724242e-08 2.229737317032842288e-07
3.126486947152089524e+00 6.549738840339304907e-10 5.231615079186061905e-09 1.625008942035436197e-06
3.129567229858642996e+00 2.732106356747648984e-09 1.691958088051548510e-08 3.154408237164655103e-06
3.132647512565196912e+00 9.167536918507089433e-10 1.220401775559834465e-08 2.029695553536884725e-06
3.135727795271750828e+00 1.650458010808186408e-09 1.876496527606423871e-08 9.502290916282121406e-07
3.138808077978304301e+00 1.595744747287314841e-08 3.608822815604171831e-08 1.015051023038542890e-06
3.141888360684858661e+00 1.307454903607800531e-07 3.926289829681090037e-07 2.570603433955212675e-06
3.144968643391412133e+00 1.155912805700014540e-07 4.802968775339710323e-07 2.510283621467497080e-06
3.148048926097966049e+00 1.909449625933863319e-08 1.230469489965564970e-07 5.087528152782666750e-07
3.151129208804519521e+00 1.638646850667536482e-08 1.122945391102262728e-07 1.200981435256141296e-07
3.154209491511073438e+00 1.851576232317371020e-08 8.476998627672189148e-08 5.453207437430664928e-07
3.157289774217626910e+00 1.222486730093169588e-08 5.231554089282172431e-08 2.322217710002155755e-06
3.160370056924180826e+00 3.471036316327858834e-09 2.272305972817902117e-08 1.579136408400177947e-06
3.163450339630734742e+00 6.440848477628183873e-10 3.394733134942192491e-08 9.429710111067435095e-07
3.166530622337288214e+00 3.792633257218006319e-09 4.901196106668147090e-08 1.121857668837413802e-06
3.169610905043842131e+00 4.006965725290933474e-08 2.590475363821391679e-07 1.827633369571507430e-06
3.172691187750395603e+00 5.719360666511676904e-08 3.312088370569842762e-07 1.457305006833528020e-06
3.175771470456949963e+00 1.523400560834385464e-08 1.185662129659145963e-07 3.161748021536123965e-07
3.178851753163503879e+00 5.438264699343195892e-09 7.566687583359595578e-08 4.341788092984596905e-07
3.181932035870057796e+00 1.867256042742388447e-09 4.958804827420328824e-08 3.851484120817862071e-07
3.185012318576611268e+00 6.373239071068470852e-09 3.973119905368387034e-08 1.460194425940573772e-06
3.188092601283165184e+00 1.714093101837023568e-09 1.978606713992244538e-08 1.489602300681075241e-06
3.191172883989718656e+00 1.892201901003062296e-09 5.178613532161909629e-08 1.154352548333644096e-06
3.194253166696272572e+00 4.152091800096609769e-09 8.501852569766842718e-08 1.684140376949875908e-06
3.197333449402826488e+00 7.098093284602404858e-08 4.466242748235726270e-07 7.357321057888874995e-06
3.200413732109379961e+00 8.641128063155682003e-08 4.938697665752592095e-07 7.234276303866062007e-06
3.203494014815933877e+00 1.376215556664819951e-08 1.269779563440626521e-07 1.164046559482035025e-06
3.206574297522487349e+00 1.147313854927187085e-08 1.044407086285156140e-07 1.641374509184140341e-06
3.209654580229041265e+00 1.416634206663812916e-08 4.367253420861022602e-08 1.806414368105331515e-06
3.212734862935595181e+00 1.098729592626356454e-08 3.563007636991592415e-08 2.141308248319046817e-06
3.215815145642148654e+00 3.960174318629532328e-09 3.543271790131204555e-08 1.628967469771377061e-06
3.218895428348703014e+00 6.234421150288817575e-09 5.847098108483191652e-08 1.064240637691833682e-06
3.221975711055256930e+00 5.185054124105207371e-09 9.612118012571327703e-08 1.859022864653190985e-06
3.225055993761810402e+00 1.855312243215160059e-08 3.394914869831789568e-07 4.724636345161997238e-06
3.228136276468364319e+00 2.138546206871767630e-08 3.669107574590794573e-07 5.423616366850579808e-06
3.231216559174918235e+00 6.148223234665609890e-09 1.187350007049495735e-07 2.338400841614018321e-06
3.234296841881471707e+00 3.556388107867686390e-09 9.480895953446910331e-08 1.672727690004264978e-06
3.237377124588025623e+00 9.924380707996876751e-09 9.347058375305810906e-08 1.057045166219310958e-06
3.240457407294579095e+00 1.266845408473978875e-08 6.421801265211184962e-08 1.293319768382867464e-06
3.243537690001133011e+00 5.416308933163825092e-09 2.661098760872445776e-08 7.012057595199562420e-07
3.246617972707686484e+00 9.129694302086822687e-09 6.324233431106251215e-08 1.213577702786420878e-06
3.249698255414240400e+00 6.534890001657275343e-09 1.155930125766055809e-07 2.029965372992657186e-06
3.252778538120794316e+00 1.070189721860342842e-08 6.702507474305511017e-07 9.052980193843781205e-06
3.255858820827347788e+00 1.280223484975632650e-08 7.379410497303234497e-07 9.712099903450000559e-06
3.258939103533901704e+00 3.824695681265051590e-09 1.408635875914130621e-07 2.191730604275502727e-06
3.262019386240456065e+00 3.564370110782088972e-09 8.524085781250933967e-08 2.999680585609348338e-06
3.265099668947009981e+00 3.439418097416247914e-09 1.498428511684700251e-08 1.256778664072466083e-06
3.268179951653563453e+00 8.787718223351409786e-09 1.207558388663617237e-08 5.461154642597834491e-07
3.271260234360117369e+00 6.747345182461553333e-09 2.694785736854825885e-08 8.274587693004946332e-07
3.274340517066670841e+00 7.732919034589572576e-09 5.841171783566579123e-08 1.258896776887113151e-06
3.277420799773224758e+00 6.757920843564520388e-09 1.185281124840315616e-07 2.598488517188692620e-06
3.280501082479778230e+00 1.668698251634841600e-08 4.585146819010166673e-07 7.800526786317149965e-06
3.283581365186332146e+00 1.882653978808300345e-08 4.803695671739601563e-07 6.664898823314627837e-06
3.286661647892886062e+00 4.726183508129851374e-09 1.303847313741205193e-07 1.505842947623565207e-06
3.289741930599439534e+00 3.240685190371396010e-09 8.993204994311170251e-08 1.749669829368818989e-06
3.292822213305993451e+00 9.491572892504833158e-09 8.952109659573911894e-08 1.905920144650541688e-06
3.295902496012546923e+00 1.155660326540336754e-08 5.586175848925909778e-08 1.383308096502936922e-06
3.298982778719100839e+00 4.962528162647866660e-09 2.526979606612869114e-08 6.430709334019584761e-07
3.302063061425655199e+00 6.749084968364553124e-09 5.767787707635676364e-08 1.483147432639754183e-06
3.305143344132209116e+00 8.791856675805762063e-09 1.178570963017780648e-07 3.828335811286792478e-06
3.308223626838762588e+00 3.598130505491808689e-08 7.281743919096524337e-07 2.251974733612629125e-05
3.311303909545316504e+00 3.615636038669995355e-08 8.664133410876794345e-07 2.576443539422458616e-05
3.314384192251869976e+00 5.440964592206640119e-09 1.549227857878837941e-07 3.586315547421726734e-06
3.317464474958423892e+00 1.617004273180946513e-09 7.718333669088557159e-08 1.238013032019311180e-06
3.320544757664977809e+00 9.849008980317823156e-10 1.753258248828865098e-08 1.464617590757923534e-07
3.323625040371531281e+00 4.800725595315280457e-09 6.283310971793373339e-09 2.061734143752356707e-07
3.326705323078085197e+00 3.282861154311828589e-09 1.704151024580332718e-08 4.136450590568448822e-07
3.329785605784638669e+00 7.489179441444075752e-09 4.902785710144977609e-08 1.811862462489220988e-06
3.332865888491192585e+00 1.017704187276923991e-08 1.036535894869688508e-07 4.438576156982166529e-06
3.335946171197746501e+00 2.269016035653504185e-08 4.240881316030836774e-07 2.291274047131635662e-05
3.339026453904299974e+00 1.602679931841353581e-08 5.101240009335353622e-07 2.741322496522325522e-05
3.342106736610853890e+00 3.692311996661604780e-09 1.452456011216859817e-07 5.847181000606079397e-06
3.345187019317408250e+00 3.061813239586119101e-09 7.863280214287018194e-08 2.550794215997671487e-06
3.348267302023961722e+00 5.506139053497995726e-09 7.358407823975235549e-08 1.130598786401771301e-06
3.351347584730515639e+00 6.221974136688889073e-09 3.976957062619685321e-08 5.886748111070581599e-07
3.354427867437069555e+00 4.254101225217909979e-09 2.092932146310006505e-08 6.161561553706507204e-07
3.357508150143623027e+00 7.470367964350419671e-09 3.763115909899447002e-08 1.633679171396876082e-06
3.360588432850176943e+00 8.467491453445343875e-09 8.411171053269262733e-08 5.484758035769615736e-06
3.363668715556730415e+00 2.765309455074663875e-08 6.732129688302783155e-07 4.826907626551690675e-05
3.366748998263284332e+00 3.353003396378001163e-08 9.627963478340054770e-07 7.104173818820030419e-05
3.369829280969838248e+00 6.144784641813475974e-09 1.818357898082053971e-07 1.373353436544762634e-05
3.372909563676391720e+00 1.806603158903516636e-09 7.044496384230296103e-08 4.330468156978613142e-06
3.375989846382945636e+00 2.282519333577654797e-09 2.572044407392751754e-08 3.510963391237525197e-06
3.379070129089499108e+00 4.280840788229229935e-09 8.389470878165094791e-09 1.445879952045069894e-06
3.382150411796053024e+00 3.277280789039049065e-09 6.749544015907980481e-09 3.144777564761968477e-07
3.385230694502606497e+00 5.057490337025687172e-09 2.751470785551015006e-08 1.544296553449930423e-06
3.388310977209161301e+00 5.840657575938301186e-09 6.764906672055270411e-08 4.212802058705732795e-06
3.391391259915714773e+00 1.958110515711495239e-08 3.545396747272637911e-07 2.867388427826299776e-05
3.394471542622268689e+00 2.579071449702986816e-08 5.030941474003902992e-07 4.366846319385699087e-05
3.397551825328822162e+00 7.123474347740615043e-09 1.570798098240144527e-07 1.248049058139090381e-05
3.400632108035376078e+00 2.435539117417011343e-09 7.498112613617999693e-08 5.794928689152894932e-06
3.403712390741929994e+00 1.365484766618786826e-09 6.896071079975597348e-08 2.748148767934472981e-06
3.406792673448483466e+00 1.815922771784630596e-09 2.646076861007021608e-08 1.527347068172881575e-07
3.409872956155037382e+00 2.017962807301013302e-09 1.269939415114066470e-08 1.761530389936607905e-07
3.412953238861590854e+00 2.485307698877398515e-09 1.921381627527772733e-08 1.086172273460590448e-06
3.416033521568144771e+00 3.999224871400079443e-09 5.020740361696694059e-08 3.356420572670700426e-06
3.419113804274698243e+00 3.079068990961708600e-08 4.808219149327297006e-07 3.644152501828965891e-05
3.422194086981252159e+00 4.373542392652383288e-08 8.117319450521378868e-07 6.445440229017117642e-05
3.425274369687806075e+00 7.313237881458422749e-09 1.806194800179264780e-07 1.491101856877031935e-05
3.428354652394360436e+00 2.168602260927222187e-09 6.098907917278069202e-08 5.952851925108936265e-06
3.431434935100913908e+00 2.482066127295871943e-09 3.323584370431451329e-08 5.737424263525446658e-06
3.434515217807467824e+00 1.953917331420679918e-09 1.587371981481574486e-08 1.622001978368176708e-06
3.437595500514021740e+00 7.195256339682799457e-10 3.531683155727825511e-09 3.217785343615092044e-07
3.440675783220575212e+00 1.578155611398782831e-09 1.432329467345668065e-08 5.643828963617089546e-07
3.443756065927129129e+00 3.190516150740939045e-09 3.628963301918476836e-08 1.546361657380211133e-06
3.446836348633682601e+00 1.292479894113437368e-08 2.280670433269910049e-07 1.197182186506379714e-05
3.449916631340236517e+00 1.430178813178856739e-08 4.045270989623600214e-07 2.226628336209257917e-05
3.452996914046789989e+00 3.896172094897087280e-09 1.501046833146332417e-07 7.679264863336413132e-06
3.456077196753343905e+00 1.870121507394965945e-09 6.945012366354514909e-08 3.781725031637637506e-06
3.459157479459897822e+00 8.858852278140427560e-10 6.029416338058431038e-08 3.899352499190189442e-06
3.462237762166451294e+00 5.538778154150267990e-11 1.772602776262166851e-08 1.238046421010072478e-06
3.465318044873005210e+00 4.246574616407898451e-10 8.126136831950967891e-09 1.927012452606674427e-07
3.468398327579558682e+00 1.207496508797218365e-09 8.896126115154084030e-09 3.050334854093846436e-07
3.471478610286113486e+00 1.963747186614200923e-09 2.329442587145445212e-08 6.345903676255569409e-07
3.474558892992666959e+00 1.093204011755562415e-08 3.170117848122811085e-07 7.095399451511167961e-06
3.477639175699220875e+00 2.090331475862552730e-08 6.706374474474429098e-07 1.513038527788296056e-05
3.480719458405774347e+00 5.370225471628385125e-09 1.756247006802152706e-07 4.317056044988295949e-06
3.483799741112328263e+00 1.374558062845989240e-09 5.245926870690823336e-08 1.940908124341306160e-06
3.486880023818881735e+00 1.397685870991095101e-09 4.747162260523874524e-08 1.585704911668283629e-06
3.489960306525435652e+00 8.917957423321807381e-10 2.883359433885246826e-08 2.526844966543897168e-07
3.493040589231989568e+00 5.475417655287785747e-10 4.653365155073094700e-09 1.170767000252116912e-07
3.496120871938543040e+00 5.075089232978713761e-10 7.599230294763466670e-09 6.839060624877334523e-08
3.499201154645096956e+00 7.299535751323434689e-10 1.740905316855969640e-08 1.074106476286438699e-07
3.502281437351650428e+00 4.657988192745429785e-09 1.476188448637555579e-07 5.288706350923980837e-07
3.505361720058204344e+00 1.173987865250380766e-08 3.202557788895388286e-07 1.116620241814851284e-06
3.508442002764758261e+00 4.395897621252961322e-09 1.341214902696707441e-07 5.659804592794731348e-07
3.511522285471311733e+00 1.398176807551129399e-09 5.661333227615803804e-08 5.004058510838993048e-07
3.514602568177866093e+00 1.011985500266267733e-09 3.820105734834394802e-08 1.467347407161755590e-06
3.517682850884420009e+00 1.651160692158127335e-10 8.076430265372904846e-09 9.371605173093547807e-07
3.520763133590973482e+00 1.114723115761733150e-10 5.286588699272603054e-09 2.570633855537419633e-07
3.523843416297527398e+00 7.957645100940739387e-11 7.498349528784753018e-09 3.373442712821388497e-08
3.526923699004081314e+00 1.546044284522092089e-10 1.380683763995455273e-08 4.237682574897585719e-08
3.530003981710634786e+00 5.508562602755548985e-09 1.928856098398499046e-07 5.202799065698816235e-07
3.533084264417188702e+00 1.322021722708962244e-08 4.918078881373109458e-07 1.368937347565827100e-06
3.536164547123742175e+00 3.471935473938589664e-09 1.542108875035358522e-07 4.461507588200144539e-07
3.539244829830296091e+00 1.050166327930489535e-09 4.841914105571194463e-08 1.266620669182559516e-07
3.542325112536850007e+00 1.398718668259157222e-09 6.623441486355837707e-08 4.565871563111128268e-08
3.545405395243403479e+00 4.995668941890557903e-10 4.176773945253154095e-08 5.045518645976531864e-08
3.548485677949957395e+00 6.823301271807343496e-11 8.191849951380896122e-09 1.338979159915203386e-07
3.551565960656510867e+00 1.179715750665502657e-10 8.291566558761951042e-09 5.079866668675334613e-08
3.554646243363065228e+00 1.339001943254224107e-10 1.301481436290519773e-08 1.739103394352253400e-07
3.557726526069619144e+00 1.308660866081344609e-09 9.345465849513912018e-08 1.592109117760311498e-06
3.560806808776173060e+00 3.178970693773824402e-09 2.413884446254118455e-07 4.113071605521126720e-06
3.563887091482726532e+00 1.476886773603526869e-09 1.182782926781273869e-07 1.935917498624242229e-06
3.566967374189280449e+00 5.577402531563625605e-10 4.142102925295221855e-08 4.619164037427728508e-07
3.570047656895833921e+00 2.177606030380926481e-10 1.733512719707555611e-08 4.887327882275900352e-07
3.573127939602387837e+00 8.214978698504979142e-11 1.945010238762182862e-09 5.505250529841080688e-07
3.576208222308941753e+00 1.392839647491876106e-10 3.853920627483516377e-09 2.599173123821023371e-07
3.579288505015495225e+00 1.624188743725579111e-10 9.694881615166279209e-09 1.107962808542836732e-07
3.582368787722049142e+00 8.194515460110617301e-11 1.268696401705355569e-08 3.268331100511380536e-07
3.585449070428602614e+00 1.521123651683663624e-09 1.387706647822144833e-07 4.657537977057302515e-06
3.588529353135156530e+00 6.758160663181836874e-09 4.093449456393552150e-07 1.371772739251093389e-05
3.591609635841710002e+00 2.864932696171579806e-09 1.452004840402533733e-07 4.844480947122901490e-06
3.594689918548263918e+00 8.467547923269892756e-10 4.484195161093519857e-08 1.267305995183213400e-06
3.597770201254818279e+00 1.517136380246967385e-09 7.108721154210416101e-08 5.103533246743261071e-07
3.600850483961372195e+00 9.216924168570248730e-10 4.425540561689895430e-08 1.267455989448029790e-08
3.603930766667925667e+00 2.343725504590435443e-10 1.024366356862016156e-08 1.143325146761695201e-07
3.607011049374479583e+00 1.719522749834676706e-10 1.055645392042561334e-08 2.183500253350711241e-07
3.610091332081033499e+00 1.836848106118726888e-10 1.481086173469925393e-08 4.855405056453364272e-07
3.613171614787586972e+00 1.596029757899533534e-09 8.016693469169227090e-08 3.511765442266076966e-06
3.616251897494140888e+00 4.572336695954057931e-09 2.029698399401020376e-07 9.671379669428082935e-06
3.619332180200694360e+00 2.446858118050596961e-09 1.075822443578919096e-07 5.272269167794108605e-06
3.622412462907248276e+00 6.568250824594503235e-10 3.323693071104103262e-08 1.805987678115291277e-06
3.625492745613801748e+00 3.389921364335863919e-10 1.449819898018360871e-08 2.084761951125678591e-06
3.628573028320355665e+00 3.143790003835464816e-10 4.906995719391581024e-09 1.191495527819039271e-06
3.631653311026909581e+00 1.503757811610044663e-10 3.757877716718849166e-09 4.126395700136881018e-07
3.634733593733463053e+00 4.310381053772260281e-10 1.305950335804038960e-08 2.570571694959466856e-07
3.637813876440016969e+00 5.261381698969055031e-10 1.604787685647571292e-08 4.909811673754268311e-07
3.640894159146571329e+00 2.397474109565714360e-09 1.117751232831674581e-07 4.777330133605312531e-06
3.643974441853125246e+00 5.462208249746837818e-09 3.416444104248558347e-07 1.622356843728177964e-05
3.647054724559678718e+00 2.266063596736781830e-09 1.343992607940968306e-07 6.634529802544161991e-06
3.650135007266232634e+00 1.043617852403121288e-09 3.857095794032827746e-08 1.827633010876793001e-06
3.653215289972786106e+00 1.401485039176870212e-09 5.781461741721700247e-08 1.270582534268460230e-06
3.656295572679340022e+00 7.581621709824887821e-10 3.714862907554959646e-08 4.891663248017437218e-07
3.659375855385893495e+00 3.614765187017825600e-10 1.170928753070032849e-08 9.373774518665972758e-08
3.662456138092447411e+00 6.031066234584013370e-10 1.228592295448865197e-08 1.784701582976494424e-07
3.665536420799001327e+00 6.853877628510194263e-10 1.713493582233208350e-08 3.300148773672517125e-07
3.668616703505554799e+00 1.793570560273526350e-09 7.256294195365373272e-08 1.847094431643914749e-06
3.671696986212108715e+00 4.413067184031569731e-09 1.798836112317446307e-07 5.622392006809586216e-06
3.674777268918662188e+00 3.089593675672493094e-09 1.012983827874758977e-07 3.604513586870378353e-06
3.677857551625216104e+00 1.157171651178105323e-09 3.112158577603787071e-08 1.540968658470272232e-06
3.680937834331770464e+00 1.511571298353547018e-09 2.550415380499461977e-08 1.842175639071133567e-06
3.684018117038324380e+00 1.051245548305412663e-09 1.685982579589186786e-08 8.140751955153583319e-07
3.687098399744877852e+00 2.800351525457092378e-10 4.363788895714636096e-09 2.873126927974594120e-07
3.690178682451431769e+00 5.047865842981439280e-10 1.289962025455895822e-08 1.867147861640043516e-07
3.693258965157985241e+00 5.163478675382125835e-10 1.629630094060833190e-08 2.479150662412620434e-07
3.696339247864539157e+00 4.306902395318033269e-09 1.014442384827683024e-07 1.943090693228396177e-06
3.699419530571093073e+00 1.622739432249851719e-08 3.246465156207129927e-07 7.105836933224995502e-06
3.702499813277646545e+00 6.958802944022695812e-09 1.349770525360252477e-07 3.337077870795727921e-06
3.705580095984200462e+00 1.343742028803281515e-09 3.173744479704949746e-08 1.175492618586770342e-06
3.708660378690753934e+00 8.357347163626438654e-10 3.626881064474587985e-08 1.741961878380492704e-06
3.711740661397307850e+00 2.809685760572114483e-10 2.078786397175504143e-08 1.207370362307848547e-06
3.714820944103861766e+00 2.087516608467097053e-10 9.183167516931271139e-09 3.187879787807238020e-07
3.717901226810415238e+00 3.165515533634595098e-10 1.172329092570191800e-08 1.404781854810718910e-07
3.720981509516969155e+00 4.774477657167448781e-10 1.665921614441414104e-08 2.703212639829288786e-07
3.724061792223523515e+00 3.778117322643809684e-09 6.908613099288534620e-08 1.244951466973143089e-06
3.727142074930076987e+00 1.015737843869940780e-08 1.704550200699471534e-07 3.487682642532712158e-06
3.730222357636630903e+00 5.208334185560821295e-09 9.537194849099270499e-08 2.231285746289691506e-06
3.733302640343184819e+00 1.557101648023602926e-09 2.912150609777606937e-08 8.792407645772414614e-07
3.736382923049738292e+00 2.000727330385774160e-09 3.590988845710696075e-08 9.400012293232890878e-07
3.739463205756292208e+00 1.323718601938972178e-09 2.891094798426386483e-08 3.287928683301944556e-07
3.742543488462845680e+00 2.427380326313606289e-10 6.272055452973778975e-09 7.565344878723486276e-08
3.745623771169399596e+00 3.399405112750469197e-10 1.112462778644646782e-08 1.964413116796234978e-07
3.748704053875953512e+00 5.891076725834071730e-10 1.500736003555164925e-08 2.092733819892342178e-07
3.751784336582506985e+00 4.474474273722211379e-09 8.395502553791975878e-08 1.408932834870699538e-06
3.754864619289060901e+00 1.415584715366970200e-08 2.853353951095746277e-07 5.593551310569920074e-06
3.757944901995614373e+00 6.137739581686872043e-09 1.312088257788900145e-07 2.800466782372231285e-06
3.761025184702168289e+00 1.232555616484106713e-09 2.546247095376710661e-08 7.614194568447762233e-07
3.764105467408722649e+00 7.936408533719739774e-10 1.872918341151764371e-08 1.262681661202868273e-06
3.767185750115276566e+00 3.441582996555019753e-10 7.327082609776779250e-09 8.760217607158163310e-07
3.770266032821830038e+00 2.422052112857992682e-10 5.494354037102246480e-09 2.839774209366917989e-07
3.773346315528383954e+00 3.961323285548276795e-10 1.008918226446777230e-08 1.263675949393294887e-07
3.776426598234937426e+00 6.462781830313292149e-10 1.396073399378122107e-08 1.737848157682867108e-07
3.779506880941491342e+00 2.515731666025075540e-09 5.570667507280615724e-08 8.098849191681434513e-07
3.782587163648045259e+00 7.031051028970710492e-09 1.538747881836528284e-07 2.695392646017719361e-06
3.785667446354598731e+00 4.508874894057968618e-09 9.130376544875972576e-08 1.937468686211624613e-06
3.788747729061152647e+00 1.204972473415879633e-09 2.576492304366215758e-08 6.843508510694068063e-07
3.791828011767706119e+00 1.335948326629394026e-09 3.537017622265480110e-08 9.020537211630506188e-07
3.794908294474260035e+00 8.831173642233098657e-10 3.142349170981652533e-08 6.131854530404412407e-07
3.797988577180813508e+00 2.544661790504228096e-10 7.752950879697547596e-09 1.174757902891189786e-07
3.801068859887367424e+00 2.570134883927587159e-10 7.964525016709761049e-09 1.181283224681241411e-07
3.804149142593921340e+00 4.086817774410718983e-10 1.134282006479428815e-08 1.186741822171733776e-07
3.807229425300475700e+00 3.109482253680573836e-09 6.440780974425734310e-08 1.109869368336273994e-06
3.810309708007029172e+00 1.463082687359453025e-08 2.477807787423027520e-07 5.511992330975671670e-06
3.813389990713583089e+00 7.842757589377778336e-09 1.277331633834541764e-07 3.282729540095349162e-06
3.816470273420137005e+00 1.034726073939232674e-09 2.140428631309808197e-08 8.470503118754262009e-07
3.819550556126690477e+00 7.401684085563945606e-10 1.127278826437438131e-08 9.842298628189141485e-07
3.822630838833244393e+00 3.134572562543629902e-10 2.624300751240883371e-09 5.956360440212888512e-07
3.825711121539797865e+00 8.041530093302885998e-11 2.489269829076341482e-09 2.026049085463303123e-07
3.828791404246351782e+00 1.196135290462642401e-10 7.438880604351106140e-09 1.271634054164194479e-07
3.831871686952905254e+00 2.699184897096447457e-10 1.026544074779849550e-08 1.354437710634341070e-07
3.834951969659459170e+00 2.005538827968071815e-09 4.209858458887407855e-08 1.001685910464165801e-06
3.838032252366013086e+00 6.779912262240366728e-09 1.301006163153915183e-07 4.596419694620351071e-06
3.841112535072566558e+00 4.102589216071158272e-09 8.280964031118157724e-08 3.844273783601066501e-06
3.844192817779120475e+00 8.818107726442800024e-10 2.189010369539849792e-08 1.396840358726535504e-06
3.847273100485673947e+00 6.942834045934204372e-10 2.869252284807394155e-08 1.979661995764411412e-06
3.850353383192228751e+00 4.303049386887132118e-10 2.664649963853618046e-08 1.556806646991726541e-06
3.853433665898782223e+00 8.249369403548527678e-11 7.251232405799686218e-09 3.369649168762759787e-07
3.856513948605336140e+00 1.070606162956284669e-10 5.706947458906420786e-09 1.340262060851418374e-07
3.859594231311889612e+00 2.746682461488266738e-10 8.400569984236383162e-09 1.465005686440554418e-07
3.862674514018443528e+00 1.812120497409942714e-09 4.342417423015809015e-08 1.923150278272084256e-06
3.865754796724997000e+00 6.216921473335491469e-09 1.856348600631155775e-07 1.224225607696052011e-05
3.868835079431550916e+00 3.415302136209961421e-09 1.120545542845107999e-07 8.616454128790087814e-06
3.871915362138104832e+00 6.159846095389357697e-10 1.893707406838859630e-08 2.174251727658373718e-06
3.874995644844658305e+00 3.743810684420284913e-10 9.297678212219639685e-09 1.958444496531300791e-06
3.878075927551212221e+00 1.309687551301179916e-10 3.551035568875776437e-09 1.415844770488976500e-06
3.881156210257765693e+00 5.943473397604141252e-11 1.531748000490009173e-09 4.143500416844763044e-07
3.884236492964319609e+00 1.533041559250793292e-10 5.260606282405338307e-09 1.907928169558501061e-07
3.887316775670873525e+00 2.697670616046110920e-10 7.125825059967510731e-09 2.550488058842867305e-07
3.890397058377427886e+00 9.046197846723467268e-10 2.771979966274418233e-08 1.800002095928019462e-06
3.893477341083981358e+00 2.779721876554096771e-09 9.970374644108620912e-08 9.055969696980492692e-06
3.896557623790535274e+00 2.083245551112454160e-09 7.192064128304660156e-08 8.320724896226342778e-06
3.899637906497088746e+00 5.741982278713458366e-10 1.858497590176291172e-08 2.948909750688337778e-06
3.902718189203642662e+00 5.871210010108499086e-10 2.117177049158451647e-08 3.544760993460969506e-06
3.905798471910196579e+00 5.393839905971993208e-10 1.998606059933337570e-08 3.083021659356340690e-06
3.908878754616750051e+00 1.950660826253663064e-10 6.036013138927985147e-09 6.280088232612966299e-07
3.911959037323303967e+00 9.374984848173105617e-11 3.912607977878653436e-09 2.371381185068333808e-07
3.915039320029857439e+00 1.476140815611137728e-10 5.634181254376750825e-09 3.640107866866837680e-07
3.918119602736411355e+00 8.044882459157587512e-10 2.788241891198509664e-08 2.859651836492976673e-06
3.921199885442965272e+00 4.583113746953199599e-09 1.357941877025175541e-07 1.859022238654721294e-05
3.924280168149518744e+00 3.295625736207366313e-09 9.385927445046854079e-08 1.403474918431139660e-05
3.927360450856072660e+00 5.778082291484669499e-10 1.682565025643300656e-08 3.210007228151435236e-06
3.930440733562626132e+00 2.735739773812076137e-10 9.790236369458433330e-09 2.652690450034760442e-06
3.933521016269180492e+00 1.591580771248119039e-10 7.315269202481954873e-09 2.334128592654131548e-06
3.936601298975734409e+00 5.736222311244639612e-11 1.920201674016695006e-09 7.613755283888995966e-07
3.939681581682288325e+00 7.583614643745448456e-11 3.682215291472916300e-09 3.602184603568114687e-07
3.942761864388841797e+00 9.526549054151555084e-11 4.813834224221600518e-09 5.138422264344066991e-07
3.945842147095395713e+00 6.584601401377499966e-10 1.834700527504475383e-08 2.357732772974029206e-06
3.948922429801949185e+00 2.882671026655373125e-09 7.275930086410216950e-08 1.053404340344793248e-05
3.952002712508503102e+00 2.038621336532580789e-09 5.707959375240864502e-08 9.500690410589281761e-06
3.955082995215057018e+00 5.906682948407696373e-10 1.486180390445069627e-08 3.078008789939579363e-06
3.958163277921610490e+00 6.167775899770153713e-10 1.377318773310486058e-08 3.331732532404447290e-06
3.961243560628164406e+00 4.785175889015508149e-10 1.228471648407393543e-08 3.919730183255725007e-06
3.964323843334717878e+00 1.692349579101337017e-10 4.608706011032728906e-09 9.310351506699007689e-07
3.967404126041271795e+00 1.025492295931407003e-10 3.281864583449963343e-09 2.808916815519618525e-07
3.970484408747825267e+00 1.429963051700977539e-10 4.198493508552741398e-09 5.429609787854179047e-07
3.973564691454379183e+00 6.908108204238942353e-10 1.732526428266576968e-08 2.570597041665723602e-06
3.976644974160933543e+00 3.300903095283433726e-09 9.151582046702811200e-08 1.672357204842141466e-05
3.979725256867487460e+00 2.682325775801976914e-09 7.339444153774311521e-08 1.334910396333982951e-05
3.982805539574040932e+00 6.668483510827414948e-10 1.428129131606347941e-08 2.632199087932960359e-06
3.985885822280594848e+00 5.829142359702724690e-10 1.118242966414158492e-08 1.920620875452447201e-06
3.988966104987148764e+00 5.463776163753251361e-10 1.168350576008392166e-08 2.011684623892999691e-06
3.992046387693702236e+00 1.452455552289216292e-10 3.154502652819275785e-09 7.669738522751512830e-07
3.995126670400256153e+00 1.284861152006162434e-10 2.614286547943111815e-09 3.666913587632042796e-07
3.998206953106809625e+00 1.614754639374652876e-10 3.388390922993197801e-09 4.662974222624788396e-07
4.001287235813363097e+00 5.051161448309173557e-10 1.157087159041815513e-08 1.811160916150188485e-06
4.004367518519917013e+00 2.813597390530436639e-09 5.195906555436924655e-08 8.688240679290393345e-06
4.007447801226470929e+00 2.937159244653749708e-09 4.603842633654550149e-08 8.198565532664211537e-06
4.010528083933024845e+00 8.261032295802990901e-10 1.202911876945871785e-08 2.422701425479019250e-06
4.013608366639578762e+00 5.078699459539617453e-10 7.434773650269376212e-09 2.104269099034426539e-06
4.016688649346132678e+00 3.378099709777123524e-10 5.016438588378494620e-09 3.291772254383834587e-06
4.019768932052686594e+00 1.749655430487638321e-10 2.501290620043748781e-09 1.070766989066265064e-06
4.022849214759240510e+00 1.393403527027143355e-10 2.689861548243737705e-09 1.567766273946600713e-07
4.025929497465794427e+00 1.424980147640513543e-10 3.062081090033366743e-09 3.515429846342211155e-07
4.029009780172347455e+00 7.801067846004108179e-10 1.124305707269342149e-08 2.029025161574901247e-06
4.032090062878901371e+00 6.709994488993804528e-09 6.592754285234778723e-08 1.645598135809630172e-05
4.035170345585455287e+00 6.327426781716624831e-09 5.928264155188569014e-08 1.490056076636390090e-05
4.038250628292009203e+00 1.103352217446183344e-09 1.165177816045280211e-08 2.536659960727502853e-06
4.041330910998563120e+00 8.951472733033835099e-10 1.130408056389793946e-08 1.285916067371299635e-06
4.044411193705116148e+00 1.005737945192971651e-09 1.336692618425293404e-08 1.336437604523607457e-06
4.047491476411670064e+00 3.129143675909832752e-10 3.812930257236319165e-09 5.445052314019700286e-07
4.050571759118223980e+00 1.164037697492377401e-10 1.968426054200134441e-09 2.173407624206487351e-07
4.053652041824777896e+00 1.403145695898525418e-10 2.544940726621196583e-09 3.131064135447550926e-07
4.056732324531330924e+00 7.725015099959835993e-10 8.017856983323029831e-09 1.973450671981977715e-06
4.059812607237885729e+00 4.527226852364537262e-09 3.808982209854913528e-08 1.197833878936710762e-05
4.062892889944439645e+00 4.566890222111983061e-09 3.698473699631534267e-08 1.215438430566072400e-05
4.065973172650993561e+00 1.205886190530042080e-09 1.011754388971756947e-08 3.058462048259009966e-06
4.069053455357546589e+00 5.043996986052319803e-10 4.022155814837940599e-09 1.468769715561001105e-06
4.072133738064100505e+00 3.138399151762614431e-10 1.522351767577437842e-09 2.032621070869954734e-06
4.075214020770654422e+00 2.272488766277714983e-10 1.376153646963728690e-09 9.938195708813263102e-07
4.078294303477208338e+00 1.918055006792069139e-10 2.338727573523851013e-09 2.001482948856443959e-07
4.081374586183762254e+00 2.206704794233944621e-10 2.507039298661963646e-09 4.178109462460175937e-07
4.084454868890315282e+00 9.301736111257738479e-10 7.599371368891780321e-09 2.874416702290548587e-06
4.087535151596869198e+00 6.381916268952589117e-09 4.629470777845066271e-08 2.468120585061112321e-05
4.090615434303423115e+00 6.908501895900030555e-09 4.798488202605093966e-08 2.443189734005480463e-05
4.093695717009977031e+00 1.405002940474339975e-09 9.768967383703220949e-09 3.767807439357926201e-06
4.096775999716530947e+00 1.010870418697920165e-09 9.386386749642627046e-09 1.463587123848852200e-06
4.099856282423083975e+00 1.142221079983161771e-09 1.183128136998971092e-08 1.405966366602770174e-06
4.102936565129638780e+00 4.010169418774177082e-10 3.917080739305776956e-09 5.540468319084018148e-07
4.106016847836192696e+00 1.627738365501967174e-10 1.697833019706721180e-09 3.126114097925041100e-07
4.109097130542746612e+00 2.291543044066576100e-10 2.035141009156432336e-09 6.182692112707126697e-07
4.112177413249299640e+00 7.556154607000721754e-10 5.515772681511308006e-09 2.891980949612896776e-06
4.115257695955853556e+00 4.513912525080216415e-09 2.880720853281980670e-08 1.622062975772534864e-05
4.118337978662407473e+00 5.646232994810261782e-09 3.199995851248700968e-08 1.678162661295813312e-05
4.121418261368961389e+00 1.588285466507905655e-09 9.321647086666133767e-09 3.961595263360413975e-06
4.124498544075514417e+00 5.643594528471875496e-10 3.507643334614213887e-09 1.330095110783800696e-06
4.127578826782068333e+00 3.377001835543967027e-10 1.622649308051628389e-09 1.056723157836985038e-06
4.130659109488622249e+00 2.122508042154914477e-10 1.051034960891333234e-09 8.121888971168393984e-07
4.133739392195176166e+00 1.861239008683989984e-10 1.716538761871763322e-09 5.048780680767754747e-07
4.136819674901730082e+00 2.241916728595766105e-10 1.859221572532917695e-09 7.890007324068436816e-07
4.139899957608283110e+00 8.900902107629397800e-10 5.422477846188607141e-09 3.194533697376184930e-06
4.142980240314837914e+00 7.307628375780826468e-09 3.506927139264893032e-08 2.410988392003854877e-05
4.146060523021391830e+00 8.700449476061432285e-09 4.045814418583143539e-08 2.545430481370477457e-05
4.149140805727945747e+00 1.740447028046131489e-09 8.597490068112486706e-09 3.875124276206546377e-06
4.152221088434498775e+00 9.227064238165371975e-10 6.516114100660910087e-09 1.544257737612278278e-06
4.155301371141052691e+00 1.109106707367718283e-09 8.095587098355572455e-09 1.829446981637055671e-06
4.158381653847606607e+00 4.495738975423464476e-10 3.286117662354932477e-09 7.416149500967523825e-07
4.161461936554160523e+00 1.654361118719274229e-10 1.515782336377774643e-09 4.361289912067253996e-07
4.164542219260714440e+00 2.354599819872422735e-10 1.663625036649821536e-09 8.179958822031882057e-07
4.167622501967267468e+00 8.330876022135786684e-10 4.189800270947558874e-09 2.458760678151637903e-06
4.170702784673821384e+00 4.635816394631326834e-09 2.223492588986184424e-08 1.214774834419205858e-05
4.173783067380375300e+00 5.302050760732255414e-09 2.696163221947587360e-08 1.280270118292420495e-05
4.176863350086929216e+00 1.498315772933566086e-09 8.183131613407378613e-09 2.935175572208674382e-06
4.179943632793483133e+00 5.546653314210080826e-10 3.900202002906922829e-09 8.488057473269207497e-07
4.183023915500036161e+00 3.215329188927924410e-10 3.284810070505384249e-09 3.927867628247228593e-07
4.186104198206590965e+00 2.160112794095846654e-10 1.370070320986008786e-09 4.416029115200506037e-07
4.189184480913144881e+00 2.345259688729230952e-10 1.345503136303607656e-09 5.354163896477502780e-07
4.192264763619697909e+00 2.923636546172572320e-10 1.526147831951909671e-09 6.784274577304302933e-07
4.195345046326251826e+00 8.400175110956591749e-10 3.968047512554900800e-09 1.883333474817509527e-06
4.198425329032805742e+00 4.914251316696321438e-09 2.558859810635785674e-08 1.256312380033424511e-05
4.201505611739359658e+00 5.863480144234562036e-09 3.351096166734702296e-08 1.454308910738587276e-05
4.204585894445913574e+00 1.309642355843318787e-09 7.986190413498782573e-09 2.419761214282509013e-06
4.207666177152466602e+00 7.164015148513786545e-10 4.147986770973068542e-09 1.102859761731530367e-06
4.210746459859020518e+00 9.892608064377936799e-10 4.449685640658230815e-09 1.522035508187421974e-06
4.213826742565574435e+00 5.225173399074152362e-10 2.610958322076886126e-09 6.982551168025469608e-07
4.216907025272128351e+00 2.299992613036005531e-10 1.472392271163939384e-09 3.338963947584600759e-07
4.219987307978682267e+00 2.952392639197091400e-10 1.400785021148875933e-09 5.140304535035942338e-07
4.223067590685235295e+00 6.304639039493054007e-10 3.075865947799964682e-09 1.136381055883456877e-06
4.226147873391789211e+00 2.957471889840129217e-09 1.726239606114724543e-08 5.506364898209655750e-06
4.229228156098344016e+00 3.623471005734498261e-09 2.325497489667593738e-08 6.657740098765745091e-06
4.232308438804897932e+00 1.012454996714264377e-09 7.000193157495600693e-09 1.766759138977208328e-06
4.235388721511450960e+00 4.315740440783678899e-10 3.813545703864867619e-09 6.028865358431030829e-07
4.238469004218004876e+00 3.336793720843057869e-10 4.548214682200187639e-09 4.250670143380907673e-07
4.241549286924558793e+00 1.540728012899953562e-10 1.871872611864390152e-09 3.787858087033069206e-07
4.244629569631112709e+00 1.883240467897350493e-10 9.937576342841347368e-10 3.449374153120070844e-07
4.247709852337666625e+00 2.528831502931644729e-10 1.173276882633436252e-09 3.325925528703584167e-07
4.250790135044219653e+00 5.361270121329031041e-10 2.942913978042379960e-09 7.877669346840827750e-07
4.253870417750773569e+00 3.350964902660298140e-09 1.951976919229829467e-08 5.585719628751661477e-06
4.256950700457327486e+00 4.342681911001539294e-09 2.765627789463291192e-08 8.005594364763292248e-06
4.260030983163881402e+00 8.831923244364179061e-10 7.132524836274109012e-09 1.920263569560495618e-06
4.263111265870434430e+00 3.947115799915825913e-10 2.783221017401794082e-09 9.785479988449046459e-07
4.266191548576988346e+00 5.032844639722115243e-10 1.906586980975026655e-09 1.405319879690939940e-06
4.269271831283543150e+00 3.154126305445606359e-10 1.704614031517459248e-09 8.026375673211844725e-07
4.272352113990097067e+00 2.107885863332709665e-10 1.315162461732441113e-09 2.564938550119917073e-07
4.275432396696650095e+00 2.336859358523871667e-10 1.179633010645927512e-09 3.134979332111815275e-07
4.278512679403204011e+00 4.256606475956830793e-10 2.397228810480617037e-09 6.169245629584866274e-07
4.281592962109757927e+00 1.943260984599662690e-09 1.312212096187700961e-08 3.390746864065499103e-06
4.284673244816311843e+00 2.334533701823699306e-09 1.890767436854689569e-08 5.375515394179471217e-06
4.287753527522865760e+00 5.883835510988125431e-10 5.592563139342469063e-09 1.971539729112960003e-06
4.290833810229418788e+00 3.612427061671728231e-10 3.138765762514511231e-09 9.245192145096917300e-07
4.293914092935972704e+00 5.032875760335805579e-10 4.522986773547928810e-09 7.422433206503315489e-07
4.296994375642526620e+00 2.074909094892723437e-10 2.013531664151493480e-09 7.462550318892986085e-07
4.300074658349080536e+00 1.512205550128210276e-10 8.319081177858483020e-10 4.809896755626300481e-07
4.303154941055634453e+00 2.152461346083630460e-10 1.021223014152131192e-09 4.058508699595085203e-07
4.306235223762187481e+00 3.635290524890107533e-10 2.212208283990525186e-09 6.995701754327002792e-07
4.309315506468741397e+00 1.607360787000016844e-09 1.397769845865371061e-08 5.522325866578349931e-06
4.312395789175296201e+00 2.224540148934333600e-09 2.213537408111631810e-08 9.624739614624060272e-06
4.315476071881849229e+00 6.017772287867639904e-10 6.292627823359727876e-09 2.859011252600591059e-06
4.318556354588403146e+00 2.299119534481940312e-10 2.041088649312449971e-09 1.551997462250693621e-06
4.321636637294957062e+00 1.226693636440806187e-10 7.136544684263283511e-10 2.786796132473011670e-06
4.324716920001510978e+00 1.356711537164749163e-10 9.794171828750533329e-10 1.798163457731531425e-06
4.327797202708064894e+00 1.953654523022579267e-10 1.062445738447072866e-09 4.173053557235335393e-07
4.330877485414617922e+00 1.982361028530812311e-10 9.852132340063182595e-10 5.070593025718766747e-07
4.333957768121171839e+00 2.574652369457189614e-10 1.750416402446789426e-09 7.802885402973792972e-07
4.337038050827725755e+00 1.110895324708890243e-09 9.740795626085997939e-09 4.210271147836859869e-06
4.340118333534279671e+00 1.822037154732870179e-09 1.560300024851575846e-08 7.908433051287718556e-06
4.343198616240833587e+00 5.747345597832943808e-10 4.673125908653914256e-09 3.428764036780667157e-06
4.346278898947386615e+00 3.545580754224289590e-10 2.338007340140214160e-09 1.784075181498478109e-06
4.349359181653940531e+00 6.335677118408417003e-10 3.766618791861781885e-09 9.256696750214791563e-07
4.352439464360494448e+00 3.279934754206566444e-10 1.948634615017806824e-09 1.212206401142820602e-06
4.355519747067049252e+00 1.314062608416524487e-10 7.391159839167496329e-10 8.623185940247012710e-07
4.358600029773602280e+00 1.462159115693890106e-10 8.375447688019003670e-10 6.383842164251895988e-07
4.361680312480156196e+00 2.248441773044071667e-10 1.639537690518221782e-09 8.291883888830468339e-07
4.364760595186710113e+00 1.431652732676303452e-09 1.013491108573815476e-08 7.262022701837317656e-06
4.367840877893264029e+00 2.687159701313521000e-09 1.739332921947514831e-08 1.511576045669375545e-05
4.370921160599817945e+00 8.807178183257671488e-10 5.375341578544884433e-09 5.096711243597182016e-06
4.374001443306370973e+00 2.860533316625082886e-10 1.713706131068496077e-09 2.565241642219505717e-06
4.377081726012924889e+00 6.795308814415830444e-11 4.579569496305319710e-10 4.956579880673666451e-06
4.380162008719478806e+00 8.896563423659375706e-11 6.099318204406905248e-10 3.851816528104852450e-06
4.383242291426032722e+00 1.444968664270097661e-10 8.193606805192013987e-10 7.342621044176632319e-07
4.386322574132585750e+00 1.293017347545445013e-10 8.098530828016388350e-10 6.561903488514329591e-07
4.389402856839139666e+00 2.068697689297630291e-10 1.341483915607998193e-09 9.263636635422527493e-07
4.392483139545693582e+00 1.226941985865146296e-09 6.998459847044125707e-09 5.912877665409482347e-06
4.395563422252248387e+00 2.350510806146592426e-09 1.217955897531032193e-08 1.331467566100262780e-05
4.398643704958801415e+00 8.280800764536817507e-10 3.878213526127644744e-09 6.257912192207750939e-06
4.401723987665355331e+00 3.745856093881099259e-10 1.726678833588107910e-09 3.108673706628074612e-06
4.404804270371909247e+00 5.582124938983928389e-10 2.712271835041085429e-09 1.424053564029344988e-06
4.407884553078463163e+00 3.552902630410339729e-10 1.692387195415613797e-09 1.876869400566158666e-06
4.410964835785017080e+00 1.390743824852020725e-10 7.373461677862194648e-10 1.217285213387069932e-06
4.414045118491570108e+00 1.262382937146120185e-10 7.353121617382140987e-10 7.759692752655680131e-07
4.417125401198124024e+00 2.295850861087808155e-10 1.219237680811758062e-09 1.088797635299997106e-06
4.420205683904677940e+00 1.467472265756863807e-09 6.875876903958225788e-09 1.113892197323089035e-05
4.423285966611231856e+00 3.087064657377504481e-09 1.329924916525926845e-08 2.611116843601114212e-05
4.426366249317785773e+00 1.171537144454459361e-09 4.658019019224035296e-09 9.436036489099279532e-06
4.429446532024338801e+00 3.696640876418856221e-10 1.533493512979911713e-09 3.735671065088658136e-06
4.432526814730892717e+00 1.590855555394947076e-10 7.561761447916752452e-10 6.025728318441383137e-06
4.435607097437446633e+00 1.371328300940487952e-10 5.362743311231450136e-10 6.112445514323638428e-06
4.438687380144001438e+00 1.289561377001700532e-10 5.758189605297754771e-10 1.387791301581607519e-06
4.441767662850554466e+00 1.240169868398059288e-10 6.277678494095657492e-10 8.246356738918793497e-07
4.444847945557108382e+00 2.066655042818559886e-10 9.547898044124664613e-10 1.428906244451857331e-06
4.447928228263662298e+00 1.249866535214375972e-09 4.962493908479074732e-09 1.038440801320907929e-05
4.451008510970216214e+00 2.670412219545286460e-09 9.716755432784706394e-09 2.445422345409768678e-05
4.454088793676769242e+00 1.008463913608774871e-09 3.459698827763341586e-09 1.069054502818179766e-05
4.457169076383323159e+00 3.639371261000109383e-10 1.380970758425688675e-09 4.292502116548496644e-06
4.460249359089877075e+00 4.093107652995883796e-10 1.568108556698135985e-09 2.935024274737569211e-06
4.463329641796430991e+00 3.166586046253686705e-10 1.220130145028174318e-09 3.185054454926887785e-06
4.466409924502984907e+00 1.482572584811491397e-10 7.017622264928563304e-10 1.298585147575840481e-06
4.469490207209537935e+00 1.192195311771067592e-10 5.732525295188006659e-10 9.988492480396036599e-07
4.472570489916091852e+00 2.111528482653200476e-10 8.591640278693178011e-10 1.844715865355045030e-06
4.475650772622645768e+00 1.484886250248822413e-09 4.813909016009982391e-09 1.725744624242188082e-05
4.478731055329199684e+00 3.236589426787398865e-09 1.005883650803583972e-08 4.187144666148585306e-05
4.481811338035753600e+00 1.167959657542192562e-09 3.810851875760698148e-09 1.546780229978323901e-05
4.484891620742307516e+00 3.248355073804201672e-10 1.273217364890295607e-09 4.654916286320131969e-06
4.487971903448861433e+00 2.045804719179265650e-10 1.148198746140672468e-09 4.421141777934798414e-06
4.491052186155415349e+00 1.473898936083238775e-10 6.861558349524677125e-10 5.875782120833300926e-06
4.494132468861969265e+00 9.807359466883893122e-11 4.037862200711730219e-10 2.114127660302224083e-06
4.497212751568522293e+00 1.078046312998228153e-10 4.726839295473061747e-10 1.264345189258328354e-06
4.500293034275076209e+00 1.925307606299928575e-10 7.045420615578869477e-10 2.217096226049994414e-06
4.503373316981630126e+00 1.088123303206541221e-09 3.465141186188130483e-09 1.472250596890945897e-05
4.506453599688184042e+00 2.225849121791241760e-09 7.361397454129035653e-09 3.478573670181706295e-05
4.509533882394737958e+00 7.985696487732331001e-10 2.998014728733107388e-09 1.427337129397766189e-05
4.512614165101290986e+00 2.617730909805212652e-10 1.220456585701177151e-09 4.403107846557351187e-06
4.515694447807844902e+00 2.249170459431044476e-10 7.233545381182507007e-10 4.649351738538444402e-06
4.518774730514398819e+00 1.925812343746181025e-10 7.275017153361062397e-10 4.649997177533414530e-06
4.521855013220952735e+00 1.291298164247789529e-10 6.436135407939771328e-10 1.295311069742559410e-06
4.524935295927506651e+00 1.108895067168895101e-10 4.569264649527436505e-10 1.480540100898411465e-06
4.528015578634060567e+00 1.751200096131318195e-10 5.964699956459902019e-10 2.665151609500760398e-06
4.531095861340614483e+00 9.682130205627329564e-10 3.224735950762493562e-09 1.993734722557061835e-05
4.534176144047168400e+00 2.097830788628370335e-09 7.590637443302355984e-09 4.939328793457546050e-05
4.537256426753721428e+00 7.692579244648490395e-10 3.113632752736715247e-09 1.886692157809595260e-05
4.540336709460275344e+00 1.910068615643816989e-10 9.170457758808498999e-10 4.972344927496337425e-06
4.543416992166829260e+00 1.917013982510962458e-10 1.256544693225823744e-09 2.073640303779558004e-06
4.546497274873383176e+00 1.117765420148213654e-10 7.992939095573530960e-10 3.474019116741434195e-06
4.549577557579937093e+00 5.992467311086743218e-11 3.190467243820329993e-10 2.311251218517210677e-06
4.552657840286490121e+00 8.685513409380453681e-11 3.508045261356381380e-10 1.789106863911690744e-06
4.555738122993044037e+00 1.348789655543658684e-10 4.877224407245179440e-10 2.772781951583661831e-06
4.558818405699597953e+00 6.113194607315798211e-10 2.382655498611929652e-09 1.548054031048612847e-05
4.561898688406151869e+00 1.308846834312437288e-09 5.664794980014648638e-09 3.657353051103288689e-05
4.564978971112705786e+00 5.025118620772232626e-10 2.570355452567120290e-09 1.468331725376652109e-05
4.568059253819259702e+00 1.578041807729987022e-10 1.056104013856428698e-09 3.522219670690310588e-06
4.571139536525813618e+00 7.564079051338269414e-11 3.059055588128802768e-10 4.608997184620749148e-06
4.574219819232367534e+00 6.362595619886092329e-11 3.299179571871159704e-10 5.005466850967515340e-06
4.577300101938921451e+00 7.758429171899548965e-11 4.554309941004116514e-10 1.397889787758867512e-06
4.580380384645474479e+00 7.219886745033105061e-11 3.137993107457169389e-10 1.748732012925067084e-06
4.583460667352028395e+00 9.580857785006077965e-11 3.880913961722494596e-10 2.827822274636499483e-06
4.586540950058582311e+00 4.922455605910119679e-10 2.208867118805628988e-09 1.771188653592300477e-05
4.589621232765136227e+00 1.129167368231099292e-09 5.621900100307380548e-09 4.585657574392535009e-05
4.592701515471689255e+00 4.181397988693637376e-10 2.438935942647802209e-09 1.856386408087734358e-05
4.595781798178243172e+00 9.331694407207874860e-11 6.157262360507809551e-10 4.464391787761248778e-06
4.598862080884797088e+00 1.488104897334048192e-10 9.922693531778437899e-10 1.236443235081369117e-06
4.601942363591351004e+00 8.860442356108774768e-11 7.027322675783522341e-10 1.496983906392071099e-06
4.605022646297904920e+00 3.897550708479966942e-11 2.881281726945343133e-10 1.800716823171273354e-06
4.608102929004458836e+00 5.125951695833462008e-11 2.600371960529466141e-10 1.699747749604050638e-06
4.611183211711012753e+00 7.180398043383434690e-11 3.490762806765528545e-10 2.411384426343829254e-06
4.614263494417566669e+00 2.962799397141203584e-10 1.600558807934105435e-09 1.214649049278299504e-05
4.617343777124120585e+00 6.267177998948958512e-10 4.059280082650960433e-09 3.081415837742837991e-05
4.620424059830673613e+00 2.660662908502063312e-10 2.014367505462237516e-09 1.333051764017773391e-05
4.623504342537227529e+00 1.120691058211198222e-10 8.225155017970287687e-10 2.853250742550882807e-06
4.626584625243781446e+00 2.930635588664075522e-11 2.091765474380022144e-10 3.590064802198844534e-06
4.629664907950335362e+00 1.526471456501857564e-11 1.624079317374213694e-10 4.117694988103955093e-06
4.632745190656889278e+00 4.609738624672115581e-11 2.950601829725116726e-10 1.264341495477796861e-06
4.635825473363442306e+00 4.311669889108933217e-11 2.320919558030195402e-10 1.427320801610144771e-06
4.638905756069996222e+00 5.002992909726405019e-11 2.681744229204442926e-10 2.077316544705356396e-06
4.641986038776550139e+00 1.992710292745714568e-10 1.415898568530042025e-09 1.195771902381121188e-05
4.645066321483104055e+00 4.716816348924567108e-10 4.041537591298486517e-09 3.470050440974555613e-05
4.648146604189657971e+00 2.150197753639662199e-10 1.957922136620639445e-09 1.596702550778236374e-05
4.651226886896211887e+00 5.775736501063448623e-11 4.473536337188951048e-10 3.810248186457453749e-06
4.654307169602765804e+00 1.041419712462279860e-10 6.460415647189458622e-10 1.182927423495986483e-06
4.657387452309319720e+00 7.761001839870622653e-11 5.343248151347377087e-10 7.682540011679238801e-07
4.660467735015872748e+00 4.042496485822600364e-11 2.823423762657025160e-10 1.330680796306029011e-06
4.663548017722426664e+00 3.435233295839769973e-11 2.014435400877760956e-10 1.247240735972381498e-06
4.666628300428980580e+00 3.621680113372796995e-11 2.387412321598739352e-10 1.603023274901909335e-06
4.669708583135534496e+00 1.285623576118692248e-10 1.052243717248084982e-09 7.632135320942791252e-06
4.672788865842088413e+00 3.266364191204706910e-10 2.915090959895575321e-09 2.221604679035273257e-05
4.675869148548641441e+00 1.872512694640285508e-10 1.543017299389474616e-09 1.123734567439360038e-05
4.678949431255195357e+00 9.250881088001758550e-11 5.635676161532272653e-10 2.513032295778864012e-06
4.682029713961749273e+00 3.625575338027005938e-11 2.161254993558549354e-10 2.791704063732850695e-06
4.685109996668303189e+00 1.303330884200353321e-11 1.117831707898523379e-10 3.422172442336128735e-06
4.688190279374857106e+00 2.671287019995386526e-11 1.729943574317105150e-10 1.234582322028714880e-06
4.691270562081411022e+00 2.482192292861671696e-11 1.683305941553302977e-10 9.769316729737533417e-07
4.694350844787964938e+00 2.340866121560196651e-11 1.861199732747690334e-10 1.310089075771027655e-06
4.697431127494518854e+00 1.022697293839915525e-10 9.215756209964290717e-10 7.188159614533951242e-06
4.700511410201072771e+00 3.076713720231223600e-10 2.756831366694855503e-09 2.413167908182885514e-05
4.703591692907625799e+00 1.766809590973125471e-10 1.456097946820636743e-09 1.296805973615232959e-05
4.706671975614179715e+00 6.326628401389304646e-11 3.711042830477834457e-10 2.976038481566777811e-06
4.709752258320733631e+00 7.104464365103222262e-11 3.758551407177409928e-10 1.158006083814367237e-06
4.712832541027287547e+00 5.648083947761979327e-11 3.359673289114964633e-10 6.979072113436591883e-07
4.715912823733841464e+00 4.475784229451856566e-11 2.584110894578347928e-10 9.429859338002771713e-07
4.718993106440394492e+00 2.370743568252412707e-11 1.584118060157062157e-10 7.567096247767119182e-07
4.722073389146948408e+00 2.041594483087074628e-11 1.714432744888661665e-10 9.289941209113972593e-07
4.725153671853502324e+00 7.722166106940201902e-11 6.858975685805850661e-10 4.361064507391287453e-06
4.728233954560056240e+00 2.259670061239119786e-10 1.924145389416073930e-09 1.488016499551278488e-05
4.731314237266609268e+00 1.560687744285981675e-10 1.105339525220826084e-09 8.904688425862631373e-06
4.734394519973164073e+00 7.096835174899320004e-11 3.505638685565914415e-10 2.135342761339693370e-06
4.737474802679717989e+00 4.580823161542045113e-11 2.133454905109891039e-10 1.877199660938395230e-06
4.740555085386271905e+00 2.479399469203266878e-11 1.148419448038560309e-10 2.415278382260805381e-06
4.743635368092824933e+00 1.870777905251911872e-11 1.073350003993120414e-10 1.163534383819960988e-06
4.746715650799378849e+00 2.155092936547423348e-11 1.398515893708556162e-10 5.598012066826922011e-07
4.749795933505932766e+00 1.746448173577566740e-11 1.428712982987520526e-10 6.831096955250819567e-07
4.752876216212486682e+00 5.967478380196681706e-11 5.663788889318650667e-10 3.672542161528758980e-06
4.755956498919040598e+00 2.247847975321895447e-10 1.828447105538072361e-09 1.412293030937966692e-05
4.759036781625593626e+00 1.680298087401956493e-10 1.092608989395942944e-09 8.818673399390402265e-06
4.762117064332147542e+00 7.810584973015346758e-11 3.380077386671171096e-10 1.908224170678590714e-06
4.765197347038701459e+00 5.377351751813947977e-11 2.337091131999849348e-10 9.776872506433430090e-07
4.768277629745255375e+00 3.441466865208106933e-11 1.790182021044618238e-10 7.337794115489149677e-07
4.771357912451809291e+00 4.661233758442856398e-11 2.226575810614600650e-10 5.601292744054611595e-07
4.774438195158363207e+00 2.005517907328554827e-11 1.269806446755491465e-10 4.094941943047838581e-07
4.777518477864917124e+00 1.298996853889098679e-11 1.163194055649028798e-10 5.047594593657904613e-07
4.780598760571471040e+00 4.838835977759046582e-11 4.370285878752433028e-10 2.038630821204608165e-06
4.783679043278024956e+00 1.800816493577901517e-10 1.297802226325930292e-09 7.479626756073818498e-06
4.786759325984577984e+00 1.450150364514868729e-10 8.136265509859373013e-10 5.090188725402904411e-06
4.789839608691131900e+00 4.998837930792792992e-11 2.139346673279870042e-10 1.360246893076954081e-06
4.792919891397685817e+00 5.093994875238244671e-11 1.918437048548009479e-10 9.681709733682430763e-07
4.796000174104239733e+00 4.135570791918476167e-11 1.430395081247629328e-10 1.184582540597339532e-06
4.799080456810792761e+00 2.050155947249346163e-11 8.586085045834147618e-11 8.834206086281593035e-07
4.802160739517346677e+00 1.785553948876845176e-11 1.111952420801653894e-10 3.256101159483542432e-07
4.805241022223900593e+00 1.283036712811490727e-11 1.059726229608944345e-10 3.434320488878093414e-07
4.808321304930454509e+00 4.458829084738245654e-11 3.574387134542936241e-10 1.631063029688187983e-06
4.811401587637008426e+00 1.973240182046738254e-10 1.188747525484434698e-09 6.132228729297838650e-06
4.814481870343561454e+00 1.576736925288725509e-10 7.691906740935129460e-10 4.085848012166087078e-06
4.817562153050116258e+00 7.628247500064126637e-11 2.905183789485057549e-10 7.106875877782025222e-07
4.820642435756670174e+00 3.975960703318686699e-11 1.617138461881093371e-10 4.603447314331630811e-07
4.823722718463224091e+00 1.431096722914759221e-11 6.680387007873677894e-11 5.346303407841254839e-07
4.826803001169777119e+00 3.255212084888987972e-11 1.572919333231764716e-10 3.089441121107810564e-07
4.829883283876331035e+00 1.518743709409115656e-11 9.963163752107952290e-11 2.104981654475817646e-07
4.832963566582884951e+00 9.371258995585432819e-12 8.136481355230878928e-11 2.861220143333488872e-07
4.836043849289438867e+00 3.959555267381533840e-11 2.783773250626462131e-10 9.910559216417051812e-07
4.839124131995992784e+00 1.595983912985464454e-10 8.200910074054689711e-10 3.238158208390570483e-06
4.842204414702545812e+00 1.467575242442872287e-10 5.894368821437174927e-10 2.107575286230848536e-06
4.845284697409099728e+00 4.446260718554431451e-11 1.518949794602709421e-10 4.882560288240698811e-07
4.848364980115653644e+00 4.330286699205057048e-11 1.539594743201533519e-10 3.272769883816151657e-07
4.851445262822207560e+00 4.286228240832282028e-11 1.468079245270339642e-10 3.615946222655252760e-07
4.854525545528761477e+00 2.753527112822772893e-11 9.490864722572297071e-11 4.490215513126038567e-07
4.857605828235315393e+00 1.385044256032913796e-11 8.843416244930752289e-11 1.627059478941332409e-07
4.860686110941869309e+00 1.024340508323229558e-11 7.844250428568556588e-11 1.655587939649860147e-07
4.863766393648423225e+00 3.488273297655512383e-11 2.125296088588389553e-10 7.800012162103187178e-07
4.866846676354976253e+00 1.815852298062403499e-10 7.661398762280784163e-10 2.787278052783664701e-06
4.869926959061530169e+00 1.601194952926407435e-10 5.655037017432839703e-10 1.829507199126027471e-06
4.873007241768084086e+00 5.948059619885005037e-11 2.245411814513086671e-10 2.046570718607520722e-07
4.876087524474638002e+00 3.084633593436342531e-11 1.242425949365017461e-10 1.223131687758010949e-07
4.879167807181191918e+00 8.462171990865640812e-12 1.373283263969139659e-11 2.045293087596218968e-07
4.882248089887744946e+00 1.776290169035130645e-11 8.510515415169768470e-11 1.546206552837950120e-07
4.885328372594298862e+00 1.155794760641148447e-11 7.478668444474428655e-11 1.094687678267880137e-07
4.888408655300852779e+00 7.042277736237522118e-12 5.542316479681008685e-11 1.413211795860146221e-07
4.891488938007406695e+00 3.022127220262163686e-11 1.683709445741408268e-10 4.892800826583546419e-07
4.894569220713960611e+00 1.375941942598374549e-10 5.381803397091179686e-10 1.582737753173217124e-06
4.897649503420513639e+00 1.334264244589033398e-10 4.448529851539134238e-10 1.040853968105516748e-06
4.900729786127068444e+00 4.134885132367826859e-11 1.331726837049176781e-10 1.776862659650340092e-07
4.903810068833622360e+00 2.947237977523955678e-11 1.153493867985329589e-10 1.248754663678880161e-07
4.906890351540176276e+00 3.031443662888570788e-11 1.145905398054898265e-10 1.274798849124860188e-07
4.909970634246729304e+00 2.751062998227449113e-11 9.876565900263412442e-11 2.415646435269960088e-07
4.913050916953283220e+00 9.541587501612094748e-12 6.230069546791147806e-11 1.150511296526082541e-07
4.916131199659837137e+00 7.030419595014341339e-12 5.005398570541749785e-11 1.001910124912720461e-07
4.919211482366391053e+00 2.558043968176893832e-11 1.298332998040152938e-10 4.280270963089999512e-07
4.922291765072944969e+00 1.239607165726849300e-10 4.755793120185335416e-10 1.552018050238488232e-06
4.925372047779497997e+00 1.116585739444364264e-10 3.795554956833047164e-10 1.130752079678303304e-06
4.928452330486051913e+00 3.409084202644558791e-11 1.468223455821996938e-10 1.150536959246720247e-07
4.931532613192605830e+00 1.917160361222134644e-11 8.868315219199326798e-11 5.654544391122866777e-08
4.934612895899159746e+00 9.572943795087890091e-12 6.870307776958886842e-12 1.260812741076238910e-07
4.937693178605712774e+00 1.202270475389059390e-11 3.842950462035721377e-11 1.413953818009372643e-07
4.940773461312266690e+00 9.151383270060112925e-12 5.323350963626180475e-11 1.295990674308350760e-07
4.943853744018821494e+00 5.562069979113896275e-12 3.895808663903172012e-11 1.316033652727157746e-07
4.946934026725375411e+00 1.948060340837050513e-11 1.025602496079202749e-10 3.825735164608671455e-07
4.950014309431928439e+00 7.806560655980461727e-11 3.160467936044015514e-10 1.220296180197968436e-06
4.953094592138482355e+00 8.512313460597186197e-11 3.003328852999151816e-10 8.754167136296978200e-07
4.956174874845036271e+00 3.184940559767174949e-11 1.189930364490809967e-10 1.423400574119647287e-07
4.959255157551590187e+00 1.975136543232163598e-11 8.527261727041597775e-11 9.449961808302308227e-08
4.962335440258144104e+00 1.755687259601442689e-11 6.800081742695232110e-11 1.095840437543682650e-07
4.965415722964697132e+00 2.243824466159919040e-11 8.496911100502736041e-11 2.493513707205911902e-07
4.968496005671251048e+00 7.842379338419431822e-12 4.433170629200352528e-11 1.613820708454583109e-07
4.971576288377804964e+00 4.789467331809809486e-12 3.208580699247970570e-11 1.185947100216208644e-07
4.974656571084358880e+00 1.305184046746777546e-11 7.523098393575138991e-11 4.498927165015323037e-07
4.977736853790912797e+00 7.130741474912270963e-11 2.751101584363644444e-10 1.735586372820226115e-06
4.980817136497465825e+00 7.802290471864031373e-11 2.503462927599877737e-10 1.447356756250749224e-06
4.983897419204020629e+00 2.208077236246309270e-11 8.799772124200049250e-11 1.880435793407702959e-07
4.986977701910574545e+00 1.163886067548450684e-11 5.341073343509744434e-11 9.598750806869765525e-08
4.990057984617128461e+00 1.083776052942613557e-11 1.268825831663714639e-11 1.975717523629970723e-07
4.993138267323681490e+00 1.125575007370230712e-11 1.830189354933808437e-11 2.267672045807460451e-07
4.996218550030235406e+00 7.448754533402434351e-12 3.666719852011196223e-11 1.935322787330373653e-07
4.999298832736789322e+00 3.940002968935044575e-12 2.622988975064287330e-11 1.599523570533706194e-07
5.002379115443343238e+00 1.015944101799390296e-11 5.746996258912239471e-11 4.253238193499091344e-07
5.005459398149896266e+00 5.489862675064007265e-11 1.820337320839778052e-10 1.774033012691375587e-06
5.008539680856450182e+00 6.992046567976418629e-11 1.840534234558917982e-10 1.637395743629391326e-06
5.011619963563004099e+00 2.729389324276285828e-11 9.008259100643576600e-11 3.425815475796196575e-07
5.014700246269558015e+00 1.786810952178239870e-11 6.499337673275318651e-11 1.922720361490693426e-07
5.017780528976111931e+00 1.125424591017335227e-11 3.003930074263109935e-11 1.278339932020790916e-07
5.020860811682664959e+00 1.741588612870349985e-11 5.387333179436904679e-11 3.498866005181937598e-07
5.023941094389218875e+00 6.736428786687738840e-12 2.785051586177789030e-11 2.551617091386752501e-07
5.027021377095773680e+00 2.488825278435967413e-12 1.786863290110672366e-11 1.712331836173209844e-07
5.030101659802327596e+00 8.501414096151595682e-12 4.342370780318481833e-11 5.525762711501089700e-07
5.033181942508880624e+00 6.654948606745291431e-11 1.467299187510664105e-10 2.572497754520759713e-06
5.036262225215434540e+00 8.815885238052482643e-11 1.406154949682433653e-10 2.788308530347270670e-06
5.039342507921988457e+00 2.748109162824030649e-11 5.166021040514913902e-11 5.317253224895741199e-07
5.042422790628542373e+00 1.423699601994806322e-11 2.696766999653464389e-11 2.484231268077197205e-07
5.045503073335096289e+00 1.334760268248933782e-11 1.523341812936616306e-11 4.610888417906904722e-07
5.048583356041649317e+00 1.553157448406981124e-11 1.555645452447215558e-11 4.802817038943942587e-07
5.051663638748203233e+00 7.602781853090679479e-12 2.344697005215064479e-11 3.462660425415610286e-07
5.054743921454757150e+00 3.444061919154437465e-12 1.681505986932864492e-11 2.275803835356637583e-07
5.057824204161311066e+00 9.737373113539722730e-12 3.279284800738840956e-11 4.989176633763243668e-07
5.060904486867864982e+00 6.977162628499486001e-11 9.119794299577365068e-11 2.618192835710858142e-06
5.063984769574418010e+00 1.036166679270847680e-10 9.444084131674907943e-11 3.048967729778460639e-06
5.067065052280971926e+00 3.504877889555013080e-11 5.536027908884546898e-11 7.741401493510932311e-07
5.070145334987526731e+00 1.830673657725946651e-11 4.416462359291919758e-11 4.291490774365885097e-07
5.073225617694079759e+00 1.382835322248714080e-11 1.100333669378978762e-11 1.576780495379488347e-07
5.076305900400633675e+00 1.797080293517861354e-11 2.657371356148455452e-11 4.690086157006419313e-07
5.079386183107187591e+00 7.829664548750712294e-12 1.860402937076095410e-11 4.167041641444799282e-07
5.082466465813741507e+00 2.975006247787656296e-12 1.088228793603300335e-11 2.603651258543029707e-07
5.085546748520295424e+00 1.080111796500812911e-11 2.302180446289532050e-11 7.314630988263612949e-07
5.088627031226848452e+00 1.004221612894148713e-10 7.319198641416898771e-11 3.741285294294346796e-06
5.091707313933402368e+00 1.407594348908136881e-10 8.223103705884137094e-11 4.754034412807671780e-06
5.094787596639956284e+00 3.962260511740513634e-11 3.677109814873020833e-11 1.154752703352131076e-06
5.097867879346510200e+00 1.858480192559216846e-11 1.745793990615294115e-11 5.692135006496302681e-07
5.100948162053064117e+00 1.160273086096340364e-11 1.463328745718342535e-11 7.917991702494529397e-07
5.104028444759617145e+00 1.652269183711913987e-11 1.845159155138133127e-11 1.016165895924759402e-06
5.107108727466171061e+00 9.618229458752358064e-12 1.456741358380291269e-11 6.178679386247632410e-07
5.110189010172725865e+00 4.056664654351990731e-12 9.900648149762295805e-12 3.050108694414301934e-07
5.113269292879279782e+00 1.357607861615667716e-11 1.692067766562761636e-11 6.410645260005923452e-07
5.116349575585832810e+00 9.546987086898170357e-11 4.991977294659679189e-11 3.790900988430759640e-06
5.119429858292386726e+00 1.354741726247685631e-10 5.498020410535198647e-11 4.991060918729209242e-06
5.122510140998940642e+00 4.112769707782067343e-11 3.137837381991267111e-11 1.333558253514884330e-06
5.125590423705494558e+00 1.689176946548764967e-11 2.585758895639780672e-11 6.745567812780291379e-07
5.128670706412048474e+00 1.606155770700253782e-11 3.381301320862680571e-12 3.311755973011091427e-07
5.131750989118601503e+00 1.877852797540457816e-11 8.967875654521481376e-12 6.885412649492458185e-07
5.134831271825155419e+00 8.003117382821506883e-12 1.211702897372226034e-11 6.306080645010287482e-07
5.137911554531709335e+00 3.892011732162835895e-12 6.557167476313322267e-12 3.355171984393915945e-07
5.140991837238263251e+00 1.409591430851675531e-11 1.187025155691814113e-11 7.564360392502669425e-07
5.144072119944816279e+00 1.024606284626397916e-10 3.979411835279021585e-11 4.766190278909383771e-06
5.147152402651370195e+00 1.463552084424149645e-10 5.089702307446228869e-11 6.992142272327002540e-06
5.150232685357924112e+00 3.934410454417919076e-11 2.809881705178243764e-11 1.994966864956368419e-06
5.153312968064478916e+00 1.532763352839954450e-11 1.546816458338155984e-11 1.033938977185579414e-06
5.156393250771031944e+00 6.834379365425681928e-12 1.133030026991019376e-11 9.341753565309265577e-07
5.159473533477585860e+00 9.669649191802961674e-12 1.739877302997748938e-11 1.600775431689781401e-06
5.162553816184139777e+00 8.955445216153350851e-12 8.640553108115754691e-12 9.592606941956002407e-07
5.165634098890693693e+00 5.051081206371936449e-12 5.108874777853294647e-12 3.578671694048266009e-07
5.168714381597247609e+00 1.328239073617336621e-11 9.445627065738910438e-12 6.405287828609248777e-07
5.171794664303800637e+00 8.018813746514378253e-11 2.861158024971545117e-11 4.104014271342424718e-06
5.174874947010354553e+00 1.206373034263822767e-10 3.945687247912493998e-11 6.323706902312985407e-06
5.177955229716908470e+00 3.920212406718545361e-11 2.138699076581402881e-11 1.910441609889768737e-06
5.181035512423462386e+00 1.669370085567352674e-11 1.363045906312696931e-11 7.935871368236812428e-07
5.184115795130016302e+00 1.268482996487125475e-11 1.530735174318891527e-12 6.077172947503495057e-07
5.187196077836569330e+00 1.632695623342866346e-11 2.954680600806999537e-12 1.004324327431415171e-06
5.190276360543123246e+00 8.299662978018159002e-12 8.483800201426929343e-12 8.702159468751150320e-07
5.193356643249677163e+00 3.881216492801715068e-12 4.575092263592477529e-12 4.113699578843990247e-07
5.196436925956231967e+00 1.102600365019494135e-11 6.330519790520928875e-12 5.927858319929680626e-07
5.199517208662784995e+00 7.491334403064415407e-11 2.508430461029784840e-11 4.260668416606024459e-06
5.202597491369338911e+00 1.186602659769638396e-10 4.084374588445816686e-11 7.132582674095986356e-06
5.205677774075892827e+00 3.406680730282498373e-11 2.259685208737514640e-11 2.369172202873359445e-06
5.208758056782446744e+00 9.105127464823622383e-12 1.389189561919118686e-11 1.399179522802583754e-06
5.211838339488999772e+00 6.709753832423745208e-12 8.445155741671207981e-12 7.748584830203923654e-07
5.214918622195553688e+00 7.571655643898591789e-12 1.369347207904488916e-11 1.672796904333173517e-06
5.217998904902107604e+00 6.856251888956248511e-12 5.991777066181936469e-12 1.183997254748508410e-06
5.221079187608661520e+00 4.236449473065877535e-12 2.778813091845759467e-12 3.950472820454287271e-07
5.224159470315215437e+00 8.761489384400780134e-12 5.031232402590117302e-12 5.748929670119364918e-07
5.227239753021768465e+00 5.301687695362339684e-11 2.022488946878712555e-11 3.324669388940788094e-06
5.230320035728322381e+00 8.588987819360907427e-11 3.448701513419810969e-11 5.596180258482704652e-06
5.233400318434876297e+00 3.116999924192177215e-11 1.748963514031737293e-11 1.957198087087364697e-06
5.236480601141431102e+00 1.633776051638358666e-11 7.408091759495096787e-12 7.349544092640409808e-07
5.239560883847984130e+00 8.036320836584499995e-12 1.119393467614206624e-12 7.754438019303194582e-07
5.242641166554538046e+00 9.959563464684467678e-12 1.889859854627068311e-12 1.326911087680452100e-06
5.245721449261091962e+00 8.839939568110099407e-12 5.889055864368650264e-12 9.918506694974775599e-07
5.248801731967645878e+00 3.664850710759251803e-12 3.011204352148899333e-12 4.424280007071304969e-07
5.251882014674199795e+00 6.732463426755739449e-12 3.656342890930289121e-12 4.658111013802682257e-07
5.254962297380752823e+00 4.391741329432635349e-11 1.683008966054026821e-11 3.169170899870639412e-06
5.258042580087306739e+00 8.114900702292177018e-11 3.031134970658925322e-11 5.571253763060527718e-06
5.261122862793860655e+00 3.014124678715992213e-11 1.619846904950956873e-11 1.901075910053492209e-06
5.264203145500414571e+00 8.350627360981405068e-12 1.020861103503126598e-11 1.182355960798800155e-06
5.267283428206968487e+00 8.404002956018787697e-12 5.557435588720808394e-12 4.981757772347865863e-07
5.270363710913521516e+00 1.043971735064060449e-11 8.214076382064253295e-12 1.125287461984715600e-06
5.273443993620075432e+00 6.520229800874803943e-12 4.169307314734355993e-12 1.094667167739530796e-06
5.276524276326629348e+00 3.582221844914907502e-12 1.653551873497393125e-12 3.762778049517136794e-07
5.279604559033183264e+00 5.579555645968673509e-12 3.055336925470791004e-12 4.199955693491995193e-07
5.282684841739737180e+00 3.433613943049656147e-11 1.255465714263457028e-11 2.406676279807677047e-06
5.285765124446291097e+00 6.840490602424890881e-11 2.518970664110756223e-11 4.250088868086025552e-06
5.288845407152845013e+00 2.875428814444918793e-11 1.404463946157375796e-11 1.712115920960394574e-06
5.291925689859398929e+00 1.369566434927272075e-11 4.550105428848691323e-12 6.585180521438489296e-07
5.295005972565951957e+00 6.520246743660453810e-12 6.477504824334949386e-13 5.947934426156615961e-07
5.298086255272505873e+00 6.028167888360031298e-12 1.871894730471998787e-12 1.246492438003587333e-06
5.301166537979059790e+00 9.843382174739833978e-12 3.904455750430599284e-12 9.510904382159756428e-07
5.304246820685613706e+00 4.066596966290584160e-12 2.085030610582035946e-12 3.989839677952019231e-07
5.307327103392167622e+00 5.123544465340492531e-12 2.288551414620441134e-12 3.229256710566409479e-07
5.310407386098720650e+00 3.710123271953036492e-11 1.035949980304420633e-11 2.174633399162153056e-06
5.313487668805274566e+00 7.881714526944279360e-11 2.071493734638590641e-11 4.227478279371082015e-06
5.316567951511828483e+00 3.114159659995379356e-11 1.072985158794616870e-11 1.453393684161568877e-06
5.319648234218382399e+00 9.641225963059002637e-12 6.090130492792269146e-12 7.510130446654275784e-07
5.322728516924936315e+00 9.018995631817064564e-12 3.403176139577727688e-12 3.673557486994004083e-07
5.325808799631490231e+00 1.109431121032836423e-11 3.922801934525902919e-12 5.778092148896763624e-07
5.328889082338044147e+00 7.616416085662894601e-12 2.912753831432434597e-12 8.866355357697399797e-07
5.331969365044598064e+00 4.200056425531288388e-12 1.118867672593324196e-12 3.351743134748264255e-07
5.335049647751151092e+00 6.183467678621955691e-12 1.544416725590511965e-12 2.348178763139897986e-07
5.338129930457705008e+00 3.497386020160682610e-11 7.365237944654608890e-12 1.589808315380968310e-06
5.341210213164258924e+00 6.937134260011181945e-11 1.557403763936719140e-11 3.393098748525799806e-06
5.344290495870812840e+00 2.849087460716540438e-11 9.230143100837811438e-12 1.653468759823958281e-06
5.347370778577366757e+00 9.590224688425193623e-12 3.128370542087072971e-12 7.009233847911268131e-07
5.350451061283919785e+00 5.517998084590594771e-12 3.888491162592620387e-13 4.716794985510646845e-07
5.353531343990473701e+00 4.872904684145069583e-12 1.782061457726074535e-12 9.333457504892708654e-07
5.356611626697027617e+00 9.787346685183373661e-12 2.108593982415348931e-12 8.140542869595523242e-07
5.359691909403581533e+00 4.547241436938265948e-12 1.124621506234438230e-12 3.246054570872318774e-07
5.362772192110135450e+00 6.771281346792394900e-12 1.326559964715530299e-12 1.823330664599946590e-07
5.365852474816689366e+00 3.528699964844056420e-11 5.543257320612503997e-12 1.500321139621587485e-06
5.368932757523243282e+00 7.199292410975648517e-11 1.057783242744389761e-11 3.731116885082128630e-06
5.372013040229797198e+00 2.657864434334363360e-11 5.698151443538340854e-12 1.546009156378361644e-06
5.375093322936351115e+00 6.941122085944684976e-12 2.792478582878839412e-12 5.180642656360939314e-07
5.378173605642904143e+00 6.731105613386732239e-12 1.611006905891590527e-12 3.448546617522052144e-07
5.381253888349458059e+00 8.721101293033564864e-12 1.354072165369114871e-12 3.716289028487957160e-07
5.384334171056011975e+00 7.048103792703181323e-12 1.811523305253681379e-12 8.043820409554931294e-07
5.387414453762565891e+00 4.554662044713227256e-12 7.343992028924466580e-13 3.427393791114302360e-07
5.390494736469119808e+00 7.424701407230870470e-12 8.490323827657738682e-13 1.514899387644387930e-07
5.393575019175672836e+00 3.001158382096524625e-11 3.427317247023319489e-12 1.183572732531854278e-06
5.396655301882226752e+00 5.510432741079486799e-11 7.460586877338797882e-12 3.305982627059267704e-06
5.399735584588780668e+00 2.172111761561669748e-11 4.956832402038340410e-12 1.853467880311177537e-06
5.402815867295334584e+00 5.223493412341787108e-12 1.893530308604488719e-12 7.686663230668494973e-07
5.405896150001888500e+00 3.070750507830516076e-12 2.414160238061120291e-13 5.564733974341523952e-07
5.408976432708442417e+00 2.136181816765134410e-12 1.313546326792828040e-12 7.463809298422819648e-07
5.412056715414996333e+00 7.438503969975561710e-12 9.410949448692500978e-13 8.036313315436235893e-07
5.415136998121550249e+00 4.725567538359457034e-12 5.238634242899623889e-13 2.758397969001695093e-07
5.418217280828103277e+00 6.812740325584973904e-12 6.524796804607078142e-13 1.140128390333029283e-07
5.421297563534657193e+00 2.603920309815640195e-11 2.559544555663114368e-12 1.297428388451675575e-06
5.424377846241211110e+00 4.919696555556732295e-11 5.354529896628951983e-12 3.982494761711917151e-06
5.427458128947765026e+00 1.654891287392500171e-11 3.211005511634283092e-12 1.966010515107227200e-06
5.430538411654318942e+00 3.970598469500588241e-12 1.206157784957751382e-12 5.367613291769512181e-07
5.433618694360871970e+00 3.411186280237185803e-12 6.090525338310053202e-13 3.971982412094961377e-07
5.436698977067425886e+00 5.948461749942884229e-12 4.067072738742279697e-13 4.349266426235285199e-07
5.439779259773979803e+00 5.145192636845835561e-12 1.060083552428908727e-12 8.935192220527082729e-07
5.442859542480533719e+00 3.472087057067862833e-12 4.823368687800050401e-13 3.914620663068092727e-07
5.445939825187087635e+00 6.293725405543102329e-12 4.681088490610363625e-13 1.247853719731811517e-07
5.449020107893641551e+00 1.909777024101603121e-11 1.934488222951837750e-12 1.174386455974323180e-06
5.452100390600195468e+00 3.008455676470829531e-11 4.069693405567634102e-12 3.676912235563935818e-06
5.455180673306749384e+00 1.122346921930852522e-11 2.491622256784802689e-12 2.157418755250228609e-06
5.458260956013303300e+00 2.033582407164318799e-12 1.010257012786636531e-12 7.875022618209870284e-07
5.461341238719856328e+00 7.573395970063880797e-13 2.618299199103829983e-13 6.029836390138486004e-07
5.464421521426410244e+00 6.763727814890375920e-13 7.954968328515087879e-13 5.780572241315839921e-07
5.467501804132964160e+00 3.779624868788732679e-12 4.393016879250021786e-13 7.883509926123013111e-07
5.470582086839518077e+00 3.401167488853421670e-12 2.221247323063122135e-13 2.670120180052218735e-07
5.473662369546071105e+00 4.901661755233040347e-12 3.702865758305812441e-13 1.175531355923333765e-07
5.476742652252625021e+00 1.296513522435251660e-11 1.515080383171755497e-12 1.323434232311991866e-06
5.479822934959178937e+00 1.982241927475788231e-11 3.076875911506479521e-12 4.341254586688625563e-06
5.482903217665732853e+00 6.761464202940619555e-12 2.017741621902879047e-12 2.294912912731767092e-06
5.485983500372286770e+00 3.095495574923134966e-12 6.449352480894445822e-13 5.979388913297188706e-07
5.489063783078840686e+00 2.029052472487347950e-12 2.365455063431108987e-13 4.549132324916757985e-07
5.492144065785394602e+00 2.909020663797662241e-12 2.010046572332382404e-13 5.088509584044004104e-07
5.495224348491948518e+00 3.921374202911330306e-12 6.782716297438636734e-13 9.762583006108435363e-07
5.498304631198502435e+00 2.622103030708081828e-12 3.539742364229260018e-13 4.665045465667877307e-07
5.501384913905055463e+00 3.733842752285323675e-12 4.131607805028915463e-13 1.501585569155853806e-07
5.504465196611609379e+00 8.081328326539974123e-12 1.464276870722507800e-12 1.191861292097301383e-06
5.507545479318163295e+00 1.305928536889825207e-11 3.119347887473138869e-12 3.696621484990662107e-06
5.510625762024717211e+00 7.274759940062623670e-12 1.728239122631114280e-12 2.125304590937920568e-06
5.513706044731271128e+00 2.497962669055680513e-12 5.032735173650351495e-13 6.405718145978480175e-07
5.516786327437824156e+00 7.918572993171499611e-13 3.191489679333624250e-13 4.812407449172694872e-07
5.519866610144378072e+00 2.152100151936957075e-12 5.292257640822344837e-13 3.330687831557947003e-07
5.522946892850931988e+00 2.037617705973627612e-12 3.806839500440209202e-13 6.335105296374074595e-07
5.526027175557485904e+00 1.921967180415673168e-12 2.337656115087947976e-13 2.955954327415690599e-07
5.529107458264039821e+00 2.499563490186297613e-12 3.659761280033950675e-13 1.706377675136627203e-07
5.532187740970593737e+00 5.745830381846379028e-12 1.414232521808792699e-12 1.178899734387241166e-06
5.535268023677147653e+00 1.185865765456842213e-11 3.242371168540348201e-12 3.771334457603260415e-06
5.538348306383701569e+00 7.086757932711342793e-12 1.851547028337562721e-12 2.065901651402004957e-06
5.541428589090254597e+00 3.547592015030912346e-12 4.843515541284545368e-13 5.907408119884387830e-07
5.544508871796808513e+00 2.499712985372754165e-12 1.734986657486890531e-13 4.563551722785395330e-07
5.547589154503362430e+00 7.943985439784570415e-13 1.460148332266379285e-13 4.476632124402410113e-07
5.550669437209916346e+00 3.261071676554123045e-12 5.605504472157689532e-13 8.789886192472890236e-07
5.553749719916470262e+00 2.098410989275939717e-12 3.710420220397114894e-13 4.962049588430263707e-07
5.556830002623023290e+00 1.642387350544584855e-12 4.366787359033852021e-13 1.732606277323355035e-07
5.559910285329577206e+00 5.053845971111025715e-12 1.662996445304300693e-12 9.818149252574127832e-07
5.562990568036131123e+00 1.462090860992601685e-11 3.669197519145879571e-12 2.779366635789207075e-06
5.566070850742685039e+00 1.048025818833446830e-11 1.753844043011513545e-12 1.539607392644943985e-06
5.569151133449238955e+00 4.022565919806347771e-12 3.386235641298499528e-13 3.857954039937232520e-07
5.572231416155791983e+00 2.323535722270017180e-12 3.203217265315276592e-13 2.454773672313249390e-07
5.575311698862346788e+00 3.316078604938604846e-12 4.401500787102186131e-13 1.841177126876248891e-07
5.578391981568900704e+00 2.873885401833481124e-12 4.170465445428486783e-13 4.861991268573518256e-07
5.581472264275454620e+00 2.116480219187620357e-12 3.125331663410155878e-13 4.163132052091440610e-07
5.584552546982007648e+00 1.654682715382261492e-12 4.803896005893125763e-13 2.773231305657853149e-07
5.587632829688561564e+00 4.831057987481872168e-12 1.631400953949228471e-12 8.623008143200483024e-07
5.590713112395115481e+00 1.682855525117975304e-11 3.484736796015741321e-12 2.359875886771392096e-06
5.593793395101669397e+00 1.220982853507656826e-11 1.763400044377158974e-12 1.279344812509348974e-06
5.596873677808223313e+00 4.007850667627373247e-12 4.157388736794885576e-13 4.363428577401976237e-07
5.599953960514776341e+00 2.819000886487573452e-12 1.747357784465295136e-13 3.623628810051676872e-07
5.603034243221330257e+00 8.330419564101424201e-13 1.155154813866148186e-13 3.079578814841433356e-07
5.606114525927884173e+00 3.287878521139055204e-12 5.262742946485808729e-13 7.616434273920138625e-07
5.609194808634438090e+00 2.157132781431927135e-12 4.488645760500120668e-13 5.140387890098799679e-07
5.612275091340991118e+00 1.292104723206860869e-12 5.248340273544070425e-13 1.651090513458685922e-07
5.615355374047545922e+00 5.671848027806765567e-12 1.660801722321447346e-12 7.115085275486176286e-07
5.618435656754099838e+00 1.920239411430144355e-11 3.713497561544224393e-12 1.570292928573997801e-06
5.621515939460653755e+00 1.334140421796661865e-11 1.794046770840685030e-12 7.645413251829704766e-07
5.624596222167206783e+00 3.878532590404376850e-12 2.984984482087278165e-13 1.936768733415295444e-07
5.627676504873760699e+00 2.658239217544352697e-12 2.674552778904257388e-13 1.037422285353423821e-07
5.630756787580314615e+00 2.912660162172662986e-12 4.550883101969271938e-13 2.132843202885740024e-07
5.633837070286868531e+00 3.651242415514963755e-12 4.894620928984605880e-13 5.268045358286827382e-07
5.636917352993422448e+00 2.833898193917700205e-12 4.237444516130111952e-13 5.555462907967030008e-07
5.639997635699975476e+00 1.655406007190685331e-12 5.392161549564984387e-13 3.311046296906385343e-07
5.643077918406529392e+00 5.149513688913914649e-12 1.589455139053265653e-12 5.269664193846492483e-07
5.646158201113083308e+00 1.874763529697765490e-11 3.661975687469931144e-12 1.112029643048287192e-06
5.649238483819637224e+00 1.318138757644619005e-11 1.724900010944051920e-12 6.349238262564288278e-07
5.652318766526191141e+00 3.135625982771704902e-12 3.568075712722526456e-13 2.871417082604231028e-07
5.655399049232744169e+00 2.083336760708651562e-12 1.794652533144994880e-13 2.145051505345684112e-07
5.658479331939298973e+00 1.391268766936153954e-12 1.335672015519855120e-13 2.763451833433093417e-07
5.661559614645852889e+00 3.876087448536818913e-12 5.209184367123725678e-13 8.515554365049711299e-07
5.664639897352406805e+00 2.862121686080304917e-12 5.000251306561460735e-13 6.688105828396824069e-07
5.667720180058959834e+00 1.528357457302865522e-12 5.071573478507390144e-13 1.960000668078714205e-07
5.670800462765513750e+00 5.573109456081229061e-12 1.532660364809749048e-12 5.039470347578942674e-07
5.673880745472067666e+00 1.641375835592833679e-11 3.513854797831033844e-12 6.633011630816467239e-07
5.676961028178621582e+00 1.034858222045949736e-11 1.633888100769881727e-12 2.895832649374853833e-07
5.680041310885174610e+00 2.342861931879706266e-12 2.865529578241400698e-13 1.314484590120007075e-07
5.683121593591728526e+00 1.310756292437552389e-12 1.446024724148273856e-13 9.959106454086888039e-08
5.686201876298282443e+00 1.979647642237997855e-12 4.153163910526123181e-13 3.153722404149373769e-07
5.689282159004836359e+00 3.056255470700974697e-12 4.804830915333899732e-13 7.012373209318863957e-07
5.692362441711390275e+00 2.231768598073896909e-12 4.368164399347179462e-13 6.211700079999379802e-07
5.695442724417943303e+00 1.308357126066645005e-12 5.109254665816091678e-13 2.422781668718249538e-07
5.698523007124497219e+00 3.763277834938025409e-12 1.346049629002384773e-12 2.564364714375803923e-07
5.701603289831052024e+00 1.158634570455495985e-11 3.105000283400972271e-12 3.898899341454093831e-07
5.704683572537605940e+00 8.137013400102730564e-12 1.470255771902079381e-12 3.089100627672546640e-07
5.707763855244158968e+00 1.498294939692108285e-12 2.684400033228811178e-13 1.988359602335764639e-07
5.710844137950712884e+00 8.654281875814908641e-13 2.027383305741272999e-13 1.252508453543541502e-07
5.713924420657266801e+00 1.185968044594717938e-12 1.691538845917232005e-13 3.577748177060406178e-07
5.717004703363820717e+00 3.511046780935860420e-12 5.105101565544464922e-13 1.164131339375763161e-06
5.720084986070374633e+00 2.823100369369715766e-12 4.998281938416840338e-13 9.879535483185989048e-07
5.723165268776927661e+00 1.268503588032847443e-12 4.563690071417186081e-13 2.994918230029210849e-07
5.726245551483481577e+00 3.484143368283713544e-12 1.149698430831096171e-12 3.889787432147509889e-07
5.729325834190035494e+00 8.339994360619188371e-12 2.492758725175272669e-12 2.617157634635245658e-07
5.732406116896589410e+00 4.957106483629117508e-12 1.331536651861178273e-12 2.234626313125295931e-07
5.735486399603143326e+00 9.939154661247463142e-13 3.319375499434397551e-13 1.621862649606434899e-07
5.738566682309696354e+00 3.423371765529536665e-13 4.075334155610080668e-14 1.036163105441336269e-07
5.741646965016251158e+00 1.282880629329153173e-12 3.200814814732871495e-13 4.024636386511269125e-07
5.744727247722805075e+00 2.407062440644808451e-12 4.118768985690116046e-13 9.239420029201052718e-07
5.747807530429358103e+00 1.378015574967970267e-12 4.099628108188877921e-13 6.917927256009032395e-07
5.750887813135912019e+00 7.066933448603606269e-13 4.104817393694591099e-13 1.783431084226974116e-07
5.753968095842465935e+00 1.729495263690018403e-12 8.724249817171544719e-13 2.304196470937023428e-07
5.757048378549019851e+00 4.425218132761511749e-12 2.177894774364201488e-12 3.523459585398311476e-07
5.760128661255573768e+00 3.357681313992646039e-12 1.239952912828830999e-12 3.146738862741254970e-07
5.763208943962126796e+00 8.314766183358934876e-13 2.506743641440628418e-13 1.777497592338522039e-07
5.766289226668680712e+00 2.150698247036337794e-13 2.759418872078915091e-13 1.028682728976669745e-07
5.769369509375234628e+00 6.205518768554138629e-13 2.179049761325396617e-13 4.160794311566706597e-07
5.772449792081788544e+00 1.900529951192386661e-12 4.904460785267798122e-13 1.373923290564411597e-06
5.775530074788342461e+00 1.507946306821473902e-12 4.413564995468226578e-13 1.219268343487048136e-06
5.778610357494895489e+00 5.463155159935138853e-13 3.301175396073784239e-13 3.526474035588909475e-07
5.781690640201449405e+00 1.492357157996011957e-12 7.372156553308666096e-13 3.744193039646342074e-07
5.784770922908004209e+00 3.437443636248938621e-12 1.568242343552232879e-12 3.998381644689829484e-07
5.787851205614558125e+00 2.449477164879648128e-12 9.665594059154296091e-13 4.397369588466063821e-07
5.790931488321111154e+00 7.262609968787730494e-13 3.612251889884845172e-13 2.530177437067521585e-07
5.794011771027665070e+00 6.258898783806674739e-13 2.147600930407081514e-14 9.902117995624348386e-08
5.797092053734218986e+00 8.227744976492164235e-13 2.144191386921038465e-13 4.254513136849884899e-07
5.800172336440772902e+00 1.656409408907414923e-12 2.888064648031111802e-13 1.182981704455153640e-06
5.803252619147326818e+00 7.749514514143119106e-13 3.196286721690142027e-13 8.857917734026074311e-07
5.806332901853879846e+00 2.761657058197762840e-13 2.781569154307250765e-13 2.262920181308450288e-07
5.809413184560433763e+00 6.375791288473260763e-13 5.192452473599842291e-13 3.084300993115920329e-07
5.812493467266987679e+00 1.974630822279836054e-12 1.295646161872997947e-12 5.721369166343880485e-07
5.815573749973541595e+00 2.247772066421445788e-12 8.597464844869488157e-13 4.396196724351416731e-07
5.818654032680094623e+00 1.083465098199972618e-12 2.210461253306679610e-13 2.290093541758967112e-07
5.821734315386648539e+00 3.167152927007323961e-13 2.702858706640070706e-13 1.019200589587374561e-07
5.824814598093203344e+00 4.044507974733311439e-13 2.223476430740389083e-13 4.303531700048275553e-07
5.827894880799757260e+00 6.540531978337160146e-13 3.835797865757282511e-13 1.439161985195786774e-06
5.830975163506310288e+00 6.022244632648577070e-13 3.204218835021328443e-13 1.388049953725153727e-06
5.834055446212864204e+00 2.215556722878768152e-13 2.206149346549040828e-13 3.534230574198856894e-07
5.837135728919418121e+00 5.276226269950010355e-13 4.336792588524310234e-13 3.693749276834366436e-07
5.840216011625972037e+00 2.697106773172432245e-12 7.718609017137078185e-13 6.457115088427168319e-07
5.843296294332525953e+00 3.332315216088984959e-12 5.525662566033603060e-13 6.483380704403846394e-07
5.846376577039078981e+00 1.363754711903729010e-12 2.865955561359898033e-13 3.464192846788449184e-07
5.849456859745632897e+00 1.289077079722750270e-12 3.605439659270261273e-14 1.507207483575593970e-07
5.852537142452186814e+00 7.551978478347174459e-13 1.402634030175516120e-13 4.583190448035647684e-07
5.855617425158740730e+00 8.309955962677303576e-13 1.899275739745797205e-13 1.529630813947811661e-06
5.858697707865294646e+00 6.418226853605233182e-13 2.218339429335363893e-13 1.279071894868623889e-06
5.861777990571847674e+00 2.816775640419475857e-13 1.721519253461230383e-13 3.652335742261746746e-07
5.864858273278401590e+00 4.098308604646529604e-13 2.864589359673214816e-13 3.768873864451839759e-07
5.867938555984956395e+00 2.488207264143341297e-12 7.002567710221626939e-13 7.534189098927451372e-07
5.871018838691510311e+00 3.699848770603528513e-12 5.950900067878957466e-13 5.248627254814011580e-07
5.874099121398063339e+00 1.675949125010093423e-12 1.936117984996843256e-13 3.114656634669672650e-07
5.877179404104617255e+00 6.007952324533537172e-13 1.823325019548153176e-13 1.186485486931936660e-07
5.880259686811171171e+00 7.732408055569424081e-13 1.906472813196628512e-13 4.393833330964413993e-07
5.883339969517725088e+00 9.359201281333286422e-13 2.329228437070544697e-13 1.656658159094659854e-06
5.886420252224278116e+00 1.511928017998326950e-12 1.882715988083105216e-13 1.798837571507092853e-06
5.889500534930832032e+00 7.184313961271752078e-13 1.251760744636285641e-13 4.168797097496555130e-07
5.892580817637385948e+00 7.000399172310981501e-13 2.360047778060623857e-13 3.603909615621696841e-07
5.895661100343939864e+00 3.824222932156084184e-12 4.581680968794624208e-13 8.387486004520919972e-07
5.898741383050493781e+00 4.991117144265913526e-12 3.907383756158484668e-13 7.794281240108676010e-07
5.901821665757046809e+00 1.990290262154310947e-12 1.946935817486637914e-13 4.436171736344086325e-07
5.904901948463600725e+00 1.458337007152376614e-12 5.396183629279052319e-14 2.620119248855879741e-07
5.907982231170154641e+00 1.022579813697489909e-12 7.892308066435687605e-14 5.373217142311457823e-07
5.911062513876709446e+00 1.176237107801796676e-12 1.200345988857954387e-13 1.820547384471055688e-06
5.914142796583262474e+00 1.913419810372323880e-12 1.315229777566622707e-13 1.696571811057406926e-06
5.917223079289816390e+00 8.795442763328950803e-13 1.067594942390149403e-13 4.890993099634460192e-07
5.920303361996370306e+00 7.537249841608475569e-13 2.090913246151566971e-13 3.566350318178583501e-07
5.923383644702924222e+00 3.154443075307765506e-12 4.929889117188384589e-13 7.711974905029556945e-07
5.926463927409478138e+00 4.760959332731185793e-12 4.468003807423286957e-13 5.495955867219086849e-07
5.929544210116031167e+00 2.161402990141791286e-12 1.786923982271885872e-13 3.607180973178590088e-07
5.932624492822585083e+00 5.741301051415649121e-13 1.000829250129672813e-13 2.169136970709922321e-07
5.935704775529138999e+00 1.436945041805646355e-12 1.484907218834253567e-13 4.548531627442895534e-07
5.938785058235692915e+00 2.513200499259696899e-12 1.322146869300987142e-13 1.986053161019235011e-06
5.941865340942246831e+00 3.653622370642218353e-12 1.095498420360052534e-13 2.386837856872956240e-06
5.944945623648799859e+00 1.434721405240881429e-12 8.870908610070370682e-14 5.255157011009917180e-07
5.948025906355353776e+00 1.149593914713926280e-12 1.843692364890719884e-13 3.192855710800501424e-07
5.951106189061908580e+00 4.604008229451100148e-12 4.111341222658186990e-13 8.148180402165241972e-07
5.954186471768461608e+00 5.846407971478896876e-12 3.808990608396569996e-13 7.880004118003399622e-07
5.957266754475015524e+00 2.205969739758855355e-12 1.385576855391621937e-13 5.677090038648564553e-07
5.960347037181569441e+00 1.114247306074194921e-12 7.948319589222936807e-14 3.732023325936739269e-07
5.963427319888123357e+00 1.327495665491469674e-12 7.449753898388427163e-14 6.033431385137744012e-07
5.966507602594677273e+00 2.636488874386849103e-12 1.113972595566485703e-13 1.875960848617634591e-06
5.969587885301230301e+00 3.959061094433495463e-12 1.129421884263196625e-13 1.883475638135194486e-06
5.972668168007784217e+00 1.583313366159486983e-12 9.779902698167217576e-14 5.217842093835577202e-07
5.975748450714338134e+00 1.092848423029066529e-12 1.889059484367322009e-13 2.629432755925654224e-07
5.978828733420892050e+00 3.287698552134689202e-12 4.524481406605209477e-13 7.385340227344085494e-07
5.981909016127445966e+00 4.541000943655944634e-12 4.150327007397941034e-13 5.945309576872136537e-07
5.984989298833998994e+00 2.298215294393170272e-12 1.832990486264355871e-13 3.118892489063783461e-07
5.988069581540552910e+00 3.345170067402913766e-13 6.426451113343398969e-14 3.572600644268808667e-07
5.991149864247106827e+00 1.733205272904225980e-12 1.108922499289804747e-13 4.845819032879736095e-07
5.994230146953661631e+00 4.181729006905190685e-12 1.153341923509237532e-13 2.020005934583783010e-06
5.997310429660214659e+00 5.590482062700707827e-12 1.166690768552494815e-13 2.595499522902530686e-06
6.000390712366768575e+00 1.837590116263032936e-12 9.063507649773698426e-14 5.363149076599901014e-07
6.003470995073322491e+00 1.414512207745284113e-12 1.752461864447385768e-13 2.351412884013640873e-07
6.006551277779876408e+00 4.521039772909869043e-12 4.847472768376546054e-13 6.652101458085961361e-07
6.009631560486430324e+00 5.264318459958798821e-12 4.889761688982088263e-13 7.123173241515382136e-07
6.012711843192983352e+00 1.899923455991155499e-12 1.434055340699004984e-13 5.984955425133541586e-07
6.015792125899537268e+00 7.185385308939649310e-13 1.026427133551717381e-13 4.019345146527921090e-07
6.018872408606091184e+00 1.294569958889630655e-12 1.214557670050804969e-13 5.411277218457637415e-07
6.021952691312645101e+00 3.380610516699862506e-12 1.494683540586661080e-13 1.664519759758804412e-06
6.025032974019198129e+00 4.410994615891309049e-12 1.417223491694953365e-13 1.826618294366403887e-06
6.028113256725752045e+00 1.521983820989525397e-12 1.110113392280046856e-13 4.773493642696513426e-07
6.031193539432305961e+00 9.738562759174670158e-13 1.899117644819455768e-13 1.511736822923087528e-07
6.034273822138859877e+00 2.651554930623646728e-12 4.788806204900762297e-13 6.847042481508866782e-07
6.037354104845413794e+00 3.137138279735117781e-12 4.636032541300680888e-13 7.113523283783262615e-07
6.040434387551967710e+00 1.886938746176887249e-12 2.023923027145269192e-13 2.809869454511558063e-07
6.043514670258521626e+00 2.215387863779604880e-13 6.268825398863668688e-14 3.937769777883812779e-07
6.046594952965075542e+00 1.305651293763602774e-12 7.492468884215375996e-14 4.848401516420182153e-07
6.049675235671629459e+00 4.003200983055699843e-12 1.338102871758849246e-13 1.635092625123473957e-06
6.052755518378182487e+00 5.106053863090446455e-12 1.743253178235649832e-13 2.282911575257692352e-06
6.055835801084736403e+00 1.478820871729721510e-12 1.142401322188091411e-13 4.717988645783358700e-07
6.058916083791290319e+00 1.187413778280144374e-12 1.783717793683661251e-13 1.529973642880660854e-07
6.061996366497844235e+00 3.226992675347108587e-12 4.850919669063131992e-13 5.596316082007765594e-07
6.065076649204398151e+00 3.145664122981736766e-12 5.431274392303255910e-13 6.839003148997421172e-07
6.068156931910951180e+00 1.008043188200624439e-12 1.815498641396877461e-13 4.765602489039109186e-07
6.071237214617505096e+00 4.703634692063686405e-13 1.234971501572770788e-13 3.615732741211061693e-07
6.074317497324059012e+00 8.580634049299354875e-13 1.806356183523293824e-13 3.950969432950465225e-07
6.077397780030613816e+00 2.402228389832198409e-12 1.917789068590922695e-13 1.335537981280738047e-06
6.080478062737166844e+00 2.693914050250954091e-12 1.777600993864575104e-13 1.709097180219645820e-06
6.083558345443720761e+00 7.531981809369437651e-13 1.130322117868364595e-13 4.577435153335241597e-07
6.086638628150274677e+00 5.151405351728229403e-13 1.523975919009074494e-13 8.268372342773888206e-08
6.089718910856828593e+00 1.448229344452717602e-12 4.079458094763283606e-13 6.083525192863477433e-07
6.092799193563381621e+00 1.308374565834644966e-12 4.735346623395156200e-13 8.284261604002149223e-07
6.095879476269935537e+00 9.791798967783601366e-13 2.147203154010950706e-13 3.088446688201244547e-07
6.098959758976489454e+00 2.718575644127781447e-13 7.613776487165967301e-14 3.408913608736559213e-07
6.102040041683043370e+00 5.482251268951450908e-13 6.562171946557970015e-14 4.222496833936557306e-07
6.105120324389597286e+00 1.868251656530997241e-12 1.585690994977188425e-13 1.149886793243318309e-06
6.108200607096150314e+00 2.117826428192751597e-12 2.339904942207846938e-13 1.832386326379039805e-06
6.111280889802704230e+00 5.084663834865617621e-13 1.423906566191869161e-13 4.499341410329948907e-07
6.114361172509258147e+00 5.295488941111083297e-13 1.705578461327634767e-13 1.129936785956452640e-07
6.117441455215812063e+00 1.281871764627674817e-12 4.319251054806087479e-13 5.201668045736959235e-07
6.120521737922365979e+00 8.176584941621621378e-13 5.195331285394901852e-13 7.386308432606071344e-07
6.123602020628919895e+00 1.558111004955020617e-13 1.980105415437526623e-13 3.577969288443938188e-07
6.126682303335473812e+00 3.192895689864838882e-13 1.210542900116061475e-13 2.969670672335838338e-07
6.129762586042027728e+00 4.359498214462665668e-13 1.924278583773742079e-13 2.949076451682187503e-07
6.132842868748581644e+00 7.812240448965181603e-13 1.781312867657761618e-13 1.040666824394339134e-06
6.135923151455134672e+00 6.771300323263949057e-13 1.632512102219544676e-13 1.643354535692972419e-06
6.139003434161688588e+00 1.608457351240922208e-13 8.630295077528009784e-14 4.989801932147109381e-07
6.142083716868242504e+00 1.781344412695622241e-13 1.021077055053530393e-13 7.321377705886360975e-08
6.145163999574796421e+00 3.825371068410380156e-13 3.054954981358134247e-13 5.672410287570920368e-07
6.148244282281350337e+00 3.276206546637316293e-13 4.181105802224344346e-13 9.037641177747518073e-07
6.151324564987903365e+00 3.638486608768777626e-13 2.029857677811088258e-13 3.371713127690007672e-07
6.154404847694457281e+00 3.429289819146068070e-13 7.830183210301198431e-14 2.734902432360248611e-07
6.157485130401011197e+00 1.431771585244287936e-13 6.703178474968222307e-14 3.127620843702888094e-07
6.160565413107565114e+00 2.586207082417884286e-13 1.598186725202459732e-13 8.249695438768101702e-07
6.163645695814119030e+00 5.824250526866569249e-13 2.355250057736844750e-13 1.503418476788192509e-06
6.166725978520672946e+00 3.458414489697697182e-13 1.425246592215669794e-13 4.831004262682588697e-07
6.169806261227226862e+00 1.889834885957695879e-13 1.429459252955968664e-13 1.183337101976486924e-07
6.172886543933780779e+00 2.899451712116908958e-13 3.124782806945515152e-13 5.279414269848415939e-07
6.175966826640333807e+00 6.297701093129412733e-13 3.887793801178357970e-13 7.883548325440657727e-07
6.179047109346887723e+00 4.268685845254218335e-13 1.622485759866706682e-13 2.955891103231356208e-07
6.182127392053441639e+00 2.532992964496996548e-13 9.879374621154921587e-14 2.110355892278234104e-07
6.185207674759995555e+00 4.903743568878364764e-13 1.609724560975055624e-13 2.453091467563883418e-07
6.188287957466549472e+00 4.205463349279539470e-13 1.328767136828601281e-13 7.758209974651935501e-07
6.191368240173102500e+00 6.675390763622096279e-13 1.182223268139907804e-13 1.451019612556031338e-06
6.194448522879656416e+00 5.389445948507273327e-13 5.958550026050806503e-14 4.964607840808124208e-07
6.197528805586210332e+00 2.278626733737665808e-13 6.799872131098444045e-14 8.886675333170415210e-08
6.200609088292764248e+00 5.420635961153857363e-13 1.948438736635699611e-13 5.234654927401958550e-07
6.203689370999318164e+00 1.604980995191185978e-12 3.062341211568732913e-13 8.589551839470876618e-07
6.206769653705872081e+00 9.945140050515419752e-13 1.736415868028819902e-13 3.155515884030222268e-07
6.209849936412425997e+00 4.484481723636519259e-13 7.466982909068838180e-14 2.014332019905820717e-07
6.212930219118979913e+00 3.066881453006724062e-13 6.076818565015597938e-14 1.800253010037976249e-07
6.216010501825533829e+00 8.490886377955793311e-13 1.189340258738289040e-13 5.580445933302086719e-07
6.219090784532086857e+00 2.963610220178828953e-12 1.785462376043532019e-13 1.113866154663058959e-06
6.222171067238640774e+00 1.717726105785300561e-12 1.147651821364651830e-13 4.503289417770477563e-07
6.225251349945194690e+00 5.257634138944178236e-13 9.837095946908366611e-14 1.318578056207204834e-07
6.228331632651748606e+00 1.057753413090519476e-12 1.946691526078918653e-13 4.512027970786650072e-07
6.231411915358301634e+00 3.124996598941794637e-12 2.452484223980310247e-13 6.488510414097232908e-07
6.234492198064855550e+00 1.869176810885830237e-12 1.107302405370039027e-13 2.275157144542526047e-07
6.237572480771409467e+00 3.843472107460839526e-13 7.163706277951242088e-14 1.075114794231228344e-07
6.240652763477963383e+00 7.975885710294906734e-13 1.181463572238844549e-13 1.774759963950015653e-07
6.243733046184517299e+00 1.797162437376069302e-12 1.028027543345235453e-13 4.981474328066029521e-07
6.246813328891071215e+00 3.184961522044254524e-12 8.383417243875414961e-14 1.041505426113077937e-06
6.249893611597625132e+00 1.862581267121302428e-12 4.451742325766178719e-14 4.031480567408471459e-07
6.252973894304179048e+00 7.069615273599834668e-13 4.609153402234724677e-14 1.006290735358703457e-07
6.256054177010732964e+00 1.969164291747082633e-12 1.095665467551119943e-13 4.155345295926333583e-07
6.259134459717285992e+00 4.439771130759777368e-12 1.773984200363809655e-13 6.901272619470420910e-07
6.262214742423839908e+00 2.438902588721861196e-12 1.285399529963098755e-13 2.513641314324123301e-07
6.265295025130393824e+00 6.410641532501784892e-13 7.330159480447428407e-14 1.301703072178143459e-07
6.268375307836947741e+00 6.281854265567550807e-13 5.122584714131092871e-14 7.248692907899464971e-08
6.271455590543501657e+00 2.469526881156797886e-12 7.436446936931720591e-14 3.031504789520338496e-07
6.274535873250054685e+00 5.983132308035803063e-12 1.303235825076564968e-13 6.504456719463977710e-07
6.277616155956608601e+00 2.934397697518813977e-12 1.041114341715350316e-13 3.488265183480166180e-07
6.280696438663162517e+00 9.441800824868845918e-13 7.814870090248967402e-14 1.392172806028150100e-07
6.283776721369717322e+00 2.518784651004141279e-12 1.281641572781034672e-13 3.366458588402590098e-07
6.286857004076270350e+00 5.919484209993789504e-12 1.468459495365677552e-13 4.806697081916883487e-07
6.289937286782824266e+00 2.987916186192285487e-12 7.206679348106181219e-14 1.919709670472991453e-07
6.293017569489377294e+00 6.280632770059067492e-13 5.335687738978389140e-14 4.705995156764285535e-08
6.296097852195932099e+00 8.415426628025487699e-13 8.696655920205107168e-14 1.177046765298952192e-07
6.299178134902485127e+00 2.985504502973871745e-12 9.915448543314316984e-14 2.890756969612041439e-07
6.302258417609039043e+00 5.415097849727072191e-12 9.343300899648330248e-14 6.963843616163537248e-07
6.305338700315592071e+00 2.759633208266914789e-12 5.494279334339667347e-14 3.432191996127651589e-07
6.308418983022146875e+00 5.113413952260606033e-13 1.815376491173069070e-14 5.138307452641146322e-08
