# omega PSD_u_x74.0_y0.5_z0.0 PSD_v_x74.0_y0.5_z0.0 PSD_p_x74.0_y0.5_z0.0
0.000000000000000000e+00 1.384716799256853004e-03 9.047334265497283584e-06 9.848481813540146783e-05
3.080282706553782654e-03 6.156714346660584983e-04 5.065198451838636104e-06 4.456308904851077310e-05
6.160565413107565308e-03 1.853015151376071249e-04 3.464939041340885654e-05 5.398760448962704504e-05
9.240848119661346227e-03 4.076464903687190312e-03 5.384363105313840197e-04 1.004959310054253686e-03
1.232113082621513062e-02 3.785131420057612998e-03 4.936332188665201173e-04 9.205613907620629772e-04
1.540141353276891327e-02 1.255745816168208815e-04 2.480626905642389549e-05 4.189826272057740739e-05
1.848169623932269245e-02 5.258068655865830165e-02 5.056469998807519833e-04 4.672426790951223277e-03
2.156197894587647684e-02 1.756693413593112263e-01 1.636660158649501590e-03 1.551298238059147135e-02
2.464226165243026123e-02 3.650422082843444299e-02 3.431976384432486814e-04 3.453795830450556801e-03
2.772254435898404215e-02 3.160202136866031072e-03 1.277177309709199259e-04 7.878381795996235995e-04
3.080282706553782654e-02 5.144340504917681300e-02 1.983936018079557762e-03 1.020236492272979037e-02
3.388310977209160746e-02 4.023050418021329594e-02 1.550954657771434113e-03 7.937718801808013938e-03
3.696339247864538491e-02 1.104413085189978605e-03 4.218984160000708352e-05 4.072232978066656268e-04
4.004367518519917624e-02 2.598721941272488789e-02 6.504801767651772495e-05 4.040999432875048286e-03
4.312395789175295369e-02 7.438075877128716429e-02 1.832008369197900971e-04 9.954553005222431528e-03
4.620424059830673807e-02 1.598451201350387443e-02 3.165274884794966120e-05 1.806797097859643743e-03
4.928452330486052246e-02 3.570892633002034078e-01 6.651023021549847241e-04 1.709101189188698411e-02
5.236480601141430685e-02 4.627699139530328409e+00 8.471988732790404486e-03 2.190006403465551144e-01
5.544508871796808430e-02 3.081595316861706735e+00 5.686129627580233277e-03 1.483609503574420674e-01
5.852537142452186869e-02 5.376171661453768569e-02 1.126075661736047721e-04 3.207567514622844482e-03
6.160565413107565308e-02 1.661941660522678679e-02 1.563353416437435498e-03 5.772302613729413633e-03
6.468593683762942359e-02 3.739863578351382972e-02 3.669392772232022738e-03 1.239754994662054140e-02
6.776621954418321492e-02 5.226787444476997842e-03 5.139728762458206038e-04 1.796170456085928501e-03
7.084650225073700625e-02 6.513475680179532830e-03 2.072317348871415867e-04 2.024395377356704058e-03
7.392678495729076982e-02 6.559027294466654445e-02 1.976435229920007423e-03 1.777310619669235717e-02
7.700706766384456115e-02 3.714937936372328386e-02 1.111775405293665558e-03 9.954189776802211537e-03
8.008735037039835247e-02 9.989423202241040200e-04 5.115864770399459202e-05 1.925938329344410011e-04
8.316763307695212992e-02 7.070790493963063916e-02 2.427916107763962265e-03 2.884262760404973213e-03
8.624791578350590737e-02 1.396520122986144863e-01 4.764557701496471148e-03 5.392775183857547935e-03
8.932819849005969870e-02 1.713704312824809034e-02 5.620659400813039731e-04 5.738724420034405863e-04
9.240848119661347615e-02 1.526826497621032730e-01 1.073935692207463478e-03 9.551354182920411204e-03
9.548876390316725360e-02 1.264882558733285478e+00 8.877594810397205008e-03 7.794565550662506392e-02
9.856904660972104493e-02 6.066178029899671476e-01 4.198761862272311352e-03 3.640546228437495369e-02
1.016493293162748224e-01 5.434097664932095208e-03 3.071110650774244277e-05 2.806094066877516950e-04
1.047296120228286137e-01 1.578399873045208124e-01 2.249589943375802199e-04 9.868392371962075860e-03
1.078098947293823912e-01 2.646703904590897438e-01 3.454529203115286437e-04 1.669344207719162046e-02
1.108901774359361686e-01 2.466772863424344583e-02 4.555711273263236984e-05 1.544228339943018100e-03
1.139704601424899599e-01 6.939983389527707228e-03 6.675553301125443026e-04 2.433707719646618570e-03
1.170507428490437374e-01 4.482481350892421335e-02 4.345918486725297916e-03 1.614671262830259454e-02
1.201310255555975148e-01 1.817919495660678258e-02 1.759491313395476634e-03 6.497417839378269271e-03
1.232113082621513062e-01 1.029119017500918897e-03 1.194488182929230038e-04 2.128220086378996569e-04
1.262915909687050975e-01 4.363793974816557869e-02 4.992272938113705497e-03 1.012228864712441320e-02
1.293718736752588472e-01 6.234112214512763789e-02 7.096016623330771676e-03 1.432015547036322341e-02
1.324521563818126524e-01 4.578627411986700875e-03 5.207337491097310637e-04 9.718470174069770854e-04
1.355324390883664298e-01 2.805569344589775235e-02 4.353526592459108606e-04 3.267576451727147776e-03
1.386127217949202073e-01 1.528442979075632091e-01 2.210244540806333841e-03 1.767150629922297281e-02
1.416930045014740125e-01 5.164568777637146973e-02 7.579573990711675714e-04 6.040067235599303613e-03
1.447732872080277899e-01 6.251627213880626803e-03 1.863265154851784461e-04 2.979110527596355693e-04
1.478535699145815396e-01 2.107949955927710950e-01 5.480048018051388026e-03 8.549515963576193381e-03
1.509338526211353448e-01 2.566584652132847810e-01 6.571814763304424482e-03 1.030857855907727633e-02
1.540141353276891223e-01 1.473951438478243552e-02 3.674572776301154192e-04 5.670347905231892327e-04
1.570944180342429275e-01 4.645105150480399736e-02 1.795676843152800789e-03 1.507068133801632223e-02
1.601747007407967049e-01 2.091468142396989416e-01 8.373906084102622840e-03 6.945583576442460050e-02
1.632549834473504824e-01 5.916944323994198507e-02 2.314352728330778056e-03 1.959028461360392409e-02
1.663352661539042598e-01 2.143256668120127866e-03 3.075231620484395302e-04 7.858665964918823367e-04
1.694155488604580373e-01 5.654420578163630445e-02 7.450340758577151355e-03 2.074333689044286985e-02
1.724958315670118147e-01 5.887209551246679051e-02 7.793374923527949909e-03 2.167385329208577210e-02
1.755761142735656199e-01 2.550620453247670703e-03 3.541712433502127778e-04 9.206922376382536662e-04
1.786563969801193974e-01 5.466567777094001601e-02 3.081289962118505168e-03 1.062090572217808983e-02
1.817366796866731748e-01 2.071261979806873488e-01 1.144493331784054123e-02 4.011161099444249256e-02
1.848169623932269523e-01 4.948004099543501511e-02 2.711274547051530873e-03 9.533807574619811848e-03
1.878972450997807297e-01 1.023885569674266340e-02 2.142902811771931653e-04 1.877024000563901496e-03
1.909775278063345072e-01 2.037746891804405047e-01 4.198112257420781243e-03 3.791946907974310527e-02
1.940578105128883124e-01 1.797124179497048557e-01 3.707344542315493732e-03 3.319837629170804827e-02
1.971380932194420899e-01 6.113880481362563880e-03 1.518887377293194260e-04 1.077645856373205327e-03
2.002183759259958673e-01 5.069771155219522651e-02 2.676266734118982137e-05 1.068177536690664842e-02
2.032986586325496448e-01 1.649948033419379734e-01 9.400886116346617841e-05 3.500806260214550658e-02
2.063789413391034500e-01 3.291647887717073784e-02 3.416905180644972561e-05 6.929378247108002389e-03
2.094592240456572274e-01 1.027473074897585284e-02 9.169281598945889025e-04 2.549243962464134948e-03
2.125395067522110049e-01 1.509672462554928207e-01 1.372888722858209114e-02 3.826722640523460423e-02
2.156197894587647823e-01 1.123669852560539029e-01 1.017373780360870082e-02 2.851055315320738873e-02
2.187000721653185598e-01 2.817022381652806336e-03 2.600093018997520614e-04 6.982227037141175473e-04
2.217803548718723372e-01 5.968364001617691705e-02 7.972177299729057975e-03 1.694585272893269629e-02
2.248606375784261424e-01 1.612549599393181543e-01 2.157829844730334637e-02 4.589858863688701940e-02
2.279409202849799199e-01 2.611301869168831946e-02 3.511903262017060205e-03 7.390179315978019983e-03
2.310212029915336973e-01 1.174207683612425203e-02 9.239160410819343989e-04 4.097738078032659402e-03
2.341014856980874748e-01 1.385664446228054847e-01 9.929162768728919120e-03 4.868616740677056409e-02
2.371817684046412522e-01 8.781129299377020414e-02 6.253541890091840992e-03 3.088206528908333387e-02
2.402620511111950297e-01 1.437414033383069669e-03 1.063019307446673163e-04 4.943053751087935323e-04
2.433423338177488349e-01 2.968772273174236781e-02 8.699022011815327844e-04 9.583376346225639525e-03
2.464226165243026123e-01 6.711371563784428174e-02 1.953412481331309736e-03 2.151333022007232906e-02
2.495028992308563898e-01 8.778189182900870274e-03 2.669666307596708856e-04 2.848561127272119381e-03
2.525831819374101950e-01 1.907733864771819429e-02 1.537827436345447695e-03 6.005503101627452690e-03
2.556634646439639447e-01 1.869768370218195253e-01 1.499936312472485364e-02 5.884515611824812920e-02
2.587437473505176944e-01 1.006924930488352771e-01 8.113484888132819692e-03 3.172230425823751448e-02
2.618240300570715551e-01 1.417327643656236293e-03 1.883458775905783597e-04 3.954789383575910621e-04
2.649043127636253048e-01 3.556397176243546870e-02 8.018478428405790767e-03 8.392871249800934810e-03
2.679845954701791100e-01 6.673194474579111080e-02 1.504482940414140525e-02 1.592097834112218141e-02
2.710648781767328597e-01 7.165109334185994217e-03 1.592227579093426085e-03 1.654016118143212784e-03
2.741451608832866094e-01 1.608967977268644864e-02 3.132583700195391667e-03 4.605704694869481794e-03
2.772254435898404146e-01 1.250211446180188868e-01 2.451543337896239239e-02 3.637080314658639596e-02
2.803057262963942198e-01 5.654241534003245917e-02 1.106137106752718736e-02 1.652079168260968053e-02
2.833860090029480250e-01 1.830141112098207642e-03 2.770114220061688551e-04 4.619978723641065318e-04
2.864662917095017747e-01 7.724410849400928369e-02 9.856255992534068353e-03 1.842120054499651535e-02
2.895465744160555799e-01 1.244391899815964486e-01 1.565083618606448804e-02 2.964087522142563186e-02
2.926268571226093296e-01 1.105345929160517562e-02 1.427363497595393995e-03 2.635262860282041111e-03
2.957071398291630793e-01 1.195503416941363049e-02 1.426982588161042689e-03 2.171552807365587350e-03
2.987874225357169400e-01 7.414510987252125040e-02 8.435357818622479797e-03 1.340952032776722251e-02
3.018677052422706897e-01 2.798388354607306977e-02 3.139959559256685559e-03 5.001963445330179746e-03
3.049479879488244949e-01 8.357592601880831475e-04 2.649322679386232780e-04 3.332734851419312722e-04
3.080282706553782446e-01 3.291981713291092237e-02 1.130358050404286531e-02 1.374657162195479058e-02
3.111085533619320498e-01 4.503631368265926388e-02 1.549397214384961793e-02 1.893020250217257450e-02
3.141888360684858550e-01 2.900006282907865648e-03 1.024538052530472127e-03 1.235001152686290805e-03
3.172691187750396047e-01 1.321139026692971265e-02 2.017344251780195559e-03 3.867250677207012717e-03
3.203494014815934099e-01 6.680038879536821794e-02 1.013413616340799565e-02 1.974455358868291641e-02
3.234296841881471596e-01 2.173478667357268621e-02 3.263932520533551363e-03 6.360056751663791322e-03
3.265099668947009648e-01 7.260228843079034183e-03 1.270598282900849401e-03 1.654205025369222953e-03
3.295902496012547145e-01 2.268246326686634284e-01 3.939211998626897943e-02 5.260383889269685392e-02
3.326705323078085197e-01 2.628506593854310069e-01 4.538803637039079408e-02 6.095004133685945347e-02
3.357508150143623249e-01 1.353252820766490463e-02 2.282281523011910843e-03 3.066538635395843308e-03
3.388310977209160746e-01 3.378597365223401979e-03 9.287157082201463612e-04 1.061211122219027705e-03
3.419113804274698798e-01 1.237213651697406831e-02 3.605928601110378485e-03 3.887080206834645120e-03
3.449916631340236295e-01 3.510038285011105475e-03 1.033482162457895074e-03 1.104914928936094739e-03
3.480719458405774347e-01 2.558815593554223874e-03 5.578650619198290183e-04 7.080035160015202842e-04
3.511522285471312399e-01 5.470424404790276418e-02 1.119236918736877390e-02 1.501142550532796709e-02
3.542325112536849896e-01 5.352678127899242883e-02 1.088644651380438373e-02 1.465116386855244528e-02
3.573127939602387948e-01 2.151601472901272342e-03 4.354775182993714439e-04 5.597009298529173182e-04
3.603930766667925445e-01 8.403640057562819510e-03 3.537084411805895175e-03 1.374331157978022928e-03
3.634733593733463497e-01 2.985913256948993094e-02 1.264861721190659559e-02 4.940078493167755422e-03
3.665536420799000994e-01 7.022917726687355304e-03 2.763937587826142961e-03 1.169569075524429236e-03
3.696339247864539046e-01 6.145068612180799167e-03 4.348992936930482184e-04 1.407555034415319773e-03
3.727142074930077098e-01 1.127388944610875771e-01 7.731178824747463908e-03 2.474288992486838035e-02
3.757944901995614595e-01 9.567447932513714615e-02 6.578404210292204159e-03 2.087464827026965300e-02
3.788747729061152647e-01 3.276166630065024520e-03 3.067491594640886759e-04 7.242989415661610407e-04
3.819550556126690144e-01 1.269893498204225368e-01 3.309092742977418067e-02 3.639430641535577882e-02
3.850353383192228196e-01 3.833173572851147903e-01 9.923119836295235530e-02 1.097192576304768935e-01
3.881156210257766248e-01 7.170442697241787011e-02 1.834129019863272453e-02 2.031956516546813349e-02
3.911959037323303745e-01 1.035224026854984552e-03 9.227166356309123181e-05 1.010463822658163127e-04
3.942761864388841797e-01 1.298258897822404494e-02 1.044413229019830990e-03 1.100222985803924912e-03
3.973564691454379849e-01 9.172719086054048621e-03 7.029608615862454691e-04 7.680794353727395584e-04
4.004367518519917346e-01 1.998587514884049207e-04 2.185469806885838862e-05 2.824293440047003859e-05
4.035170345585455398e-01 2.424746283556314906e-03 4.308215984291798137e-04 8.963516638732871105e-05
4.065973172650992895e-01 6.427934909055172882e-03 1.160975840353540949e-03 1.924959388888319075e-04
4.096775999716530947e-01 9.857861478449387628e-04 1.816288680504607250e-04 3.535162239331146404e-05
4.127578826782068999e-01 1.438084370316422556e-03 7.578070464565757726e-04 4.042100230286715744e-05
4.158381653847606496e-01 1.483880849348784628e-02 7.988185766923297515e-03 2.311433607957345761e-04
4.189184480913144548e-01 8.731015803946721651e-03 4.640536771849291739e-03 1.187008490335241082e-04
4.219987307978682045e-01 2.374934377276344917e-04 1.051091543100944327e-04 1.388780130251619808e-05
4.250790135044220097e-01 1.983196559305511544e-02 8.423322603876745931e-03 1.895168202770249402e-03
4.281592962109757594e-01 4.297326029589395441e-02 1.830263796606537013e-02 4.185191940014077426e-03
4.312395789175295646e-01 5.223133499001643421e-03 2.193629399955842642e-03 4.857650402569212589e-04
4.343198616240833698e-01 6.423989625893788795e-03 4.094984635075631270e-03 2.532816684501684300e-03
4.374001443306371195e-01 5.900876963495310656e-02 3.669565396987949785e-02 2.249708737026952232e-02
4.404804270371909247e-01 3.026345579363732413e-02 1.869006648433759257e-02 1.144441737372649433e-02
4.435607097437446744e-01 7.406041095063641130e-04 2.680201648271360424e-04 1.735568987684218045e-04
4.466409924502984796e-01 3.436907386714928986e-02 8.690053612957066714e-03 6.841448081714412120e-03
4.497212751568522848e-01 6.189603089601833363e-02 1.562518973380694343e-02 1.235898452504423026e-02
4.528015578634060345e-01 6.233105903037648200e-03 1.513719352082232034e-03 1.223894414360228531e-03
4.558818405699598397e-01 1.402603840073176830e-02 2.551127802288369242e-03 3.712048900807851833e-03
4.589621232765135894e-01 1.012275640211722783e-01 1.834390093566608260e-02 2.690820226155424266e-02
4.620424059830673946e-01 4.460867323471746221e-02 8.085676403033309825e-03 1.185586642367079252e-02
4.651226886896211443e-01 1.539322664492703786e-03 4.508708656435302434e-04 4.054494743254975536e-04
4.682029713961749495e-01 7.859203898411862288e-02 2.152454779249182715e-02 1.827272710323969707e-02
4.712832541027287547e-01 1.201575255873334191e-01 3.257944377822338117e-02 2.764464316661973536e-02
4.743635368092825044e-01 9.656907819714359922e-03 2.585902091064489448e-03 2.195117520714186081e-03
4.774438195158363096e-01 3.295136553337071894e-02 1.439617736616022325e-02 9.564861023958754274e-03
4.805241022223900593e-01 1.938454753060341595e-01 8.587109690986005628e-02 5.718467849696897559e-02
4.836043849289438645e-01 7.112370644236672146e-02 3.120407129166161489e-02 2.092438368897468065e-02
4.866846676354976697e-01 3.132759767646276883e-04 2.383752544142063163e-04 1.187891812062837738e-04
4.897649503420514194e-01 4.881785741762681256e-03 5.886447550553647323e-03 1.419831470518088338e-03
4.928452330486052246e-01 6.390488199798303494e-03 7.713074364665017252e-03 1.795464194047079708e-03
4.959255157551589743e-01 4.165172666453754676e-04 4.872097413006566593e-04 1.291372533397473538e-04
4.990057984617127795e-01 5.405467331660570272e-03 1.349003561531878599e-03 5.913597515769245709e-04
5.020860811682665847e-01 2.695522494046236756e-02 6.731378270269243284e-03 2.919448842014624960e-03
5.051663638748203899e-01 8.472407513962365230e-03 2.057554918961976460e-03 8.968255921096931647e-04
5.082466465813741952e-01 2.369171820321959660e-04 5.423371350496583815e-05 5.158049150185058942e-05
5.113269292879278893e-01 6.890852364905289407e-03 1.087639413238730831e-03 8.911027783107426312e-04
5.144072119944816945e-01 8.040007518055568986e-03 1.307072473593728955e-03 1.044709264054763951e-03
5.174874947010353887e-01 5.069820029631929561e-04 1.659512738363292739e-04 1.192524549927190139e-04
5.205677774075893049e-01 1.444429476448183102e-03 5.380144197415990788e-04 1.020251057795262080e-03
5.236480601141431102e-01 5.903316348067021851e-03 2.080754963210259146e-03 3.819881465181108708e-03
5.267283428206968043e-01 1.635933599062446356e-03 5.956794810959520304e-04 1.062485312257421908e-03
5.298086255272506095e-01 3.091987489949964314e-03 1.839315276205640611e-03 9.564251306815065284e-04
5.328889082338043037e-01 7.121173517410431253e-02 4.306469278330950223e-02 2.291658751859095011e-02
5.359691909403582200e-01 6.749651263764702702e-02 4.065023379026120459e-02 2.168944890705173933e-02
5.390494736469120252e-01 2.582280915931830546e-03 1.476620620007770487e-03 7.959865030430957229e-04
5.421297563534657193e-01 5.538577095218642256e-03 1.786713131930726213e-03 1.188718254074490679e-03
5.452100390600195245e-01 1.924419702644494454e-02 6.478915412337586839e-03 4.245229259146616162e-03
5.482903217665732187e-01 4.046436808127659018e-03 1.308667877964763511e-03 8.538307120807771310e-04
5.513706044731271350e-01 1.247827598494984655e-03 5.420321040061351018e-04 2.786580074963847936e-04
5.544508871796808291e-01 1.858813620997963600e-02 7.027295109980990703e-03 3.059552660315735355e-03
5.575311698862346343e-01 1.489672337724599546e-02 5.647916122675749988e-03 2.473090077483507728e-03
5.606114525927884396e-01 4.363285479398442009e-04 2.090045962845498329e-04 1.232854515287447556e-04
5.636917352993422448e-01 1.506164333443106400e-02 7.532827300815041899e-03 5.598044595443520816e-03
5.667720180058960500e-01 4.255623870197110248e-02 2.107499324252749828e-02 1.567113813877037479e-02
5.698523007124497441e-01 7.418069109562322981e-03 3.680627291816288699e-03 2.797256006727501503e-03
5.729325834190035494e-01 3.985984087710161758e-03 1.922970820562875868e-03 1.373475747983982564e-03
5.760128661255573546e-01 5.048540129936462256e-02 2.504788896599278308e-02 1.819280819010143935e-02
5.790931488321111598e-01 3.440075038992877060e-02 1.707048232937272494e-02 1.250075193354640429e-02
5.821734315386649650e-01 6.862960645132657996e-04 3.702207311553753284e-04 2.740942560773508476e-04
5.852537142452186592e-01 9.027417164026461938e-03 8.108618278128308307e-03 2.532835735037849371e-03
5.883339969517724644e-01 2.211226933765457828e-02 1.984728825755334783e-02 6.023969206341794891e-03
5.914142796583261585e-01 3.207096610725995809e-03 2.816337908882471808e-03 8.377584107357571169e-04
5.944945623648800748e-01 4.505411410117569210e-03 8.995450906154654020e-04 1.845233279514371606e-04
5.975748450714338800e-01 4.832784669674127648e-02 1.004159413693496601e-02 2.062782140802806030e-03
6.006551277779875742e-01 2.837311125912626159e-02 5.860084210370006784e-03 1.217890891541120128e-03
6.037354104845413794e-01 5.719331371678656626e-04 1.940432561680084081e-04 8.604323475187808194e-05
6.068156931910951846e-01 1.615438097473763379e-02 8.143590509632312943e-03 3.547652830063031427e-03
6.098959758976489898e-01 3.304478499530144608e-02 1.663841926051196074e-02 7.228975748680737529e-03
6.129762586042027950e-01 4.189680733799468551e-03 2.192974112787159265e-03 9.348420748285521734e-04
6.160565413107564892e-01 8.808458253961170149e-04 9.017094472772719648e-04 3.193168339103341679e-04
6.191368240173102944e-01 6.687920192774990391e-03 6.630857668003028310e-03 2.177548283579668498e-03
6.222171067238640996e-01 3.258128749945121954e-03 3.203105812134401757e-03 1.058894008164086272e-03
6.252973894304179048e-01 2.084408910014410340e-04 1.274840408800834721e-04 4.510756379246503873e-05
6.283776721369717100e-01 1.498886545560604994e-02 1.023508628115408874e-02 3.554898992195101599e-03
6.314579548435254042e-01 2.588337387985150881e-02 1.778728176929810986e-02 6.175495841035117880e-03
6.345382375500792094e-01 2.555268390970488485e-03 1.768539305655528410e-03 6.229282201751736893e-04
6.376185202566330146e-01 4.609394926041103882e-04 6.316353914037287293e-04 2.881505494954219468e-05
6.406988029631868198e-01 3.614699532664461881e-03 4.965772855375451267e-03 8.365643927504900709e-05
6.437790856697405140e-01 1.443621052980135653e-03 2.007020194789566406e-03 4.603656043204989307e-05
6.468593683762943192e-01 1.041076876171815891e-04 5.002834997791107499e-05 7.163560093124980352e-05
6.499396510828481244e-01 5.180441917310795938e-03 1.708759425535239657e-04 1.236846538099677442e-03
6.530199337894019296e-01 7.868696015284446996e-03 2.024932573392532740e-04 1.740457650065925727e-03
6.561002164959557348e-01 6.349969986875035480e-04 2.440999428697776305e-05 1.345109935445378587e-04
6.591804992025094290e-01 1.205762249587233673e-03 1.786935540396024065e-03 1.487255273417850037e-03
6.622607819090632342e-01 7.075783399442102210e-03 1.023525393912859058e-02 8.701122864577271257e-03
6.653410646156170394e-01 2.561727165388676467e-03 3.608446824936165781e-03 3.045676570159447198e-03
6.684213473221708446e-01 8.538684030581554323e-05 9.802628483979828624e-05 5.407001580648877000e-05
6.715016300287246498e-01 2.186273479175814775e-03 1.025503568438073396e-03 6.361512853081416428e-04
6.745819127352783440e-01 2.707403283856128426e-03 1.216810653479051714e-03 7.802873853531147120e-04
6.776621954418321492e-01 1.499297929197641974e-04 9.373412069147395295e-05 5.924092975857345774e-05
6.807424781483859544e-01 6.685082852290808635e-04 5.205374316586756618e-04 1.114608119806033941e-04
6.838227608549397596e-01 3.192164559173115736e-03 2.571406387441365054e-03 4.573225661865491115e-04
6.869030435614935648e-01 9.612685363473139327e-04 7.782919169427610518e-04 1.431828503780256450e-04
6.899833262680472590e-01 9.225370332167864926e-04 2.797547623340280488e-04 1.314137200367671726e-04
6.930636089746010642e-01 2.467514244485672845e-02 8.149768732525481188e-03 3.268295937192814728e-03
6.961438916811548694e-01 2.634289326443260346e-02 8.704736780670168511e-03 3.528476190746571324e-03
6.992241743877086746e-01 1.278993611037049054e-03 4.345251575930048939e-04 2.073813854565047666e-04
7.023044570942624798e-01 2.841266616432870738e-03 1.339324604609337882e-03 8.952637009899737331e-04
7.053847398008161740e-01 1.043353883485391605e-02 4.699534630264366741e-03 3.249767970438564336e-03
7.084650225073699792e-01 2.576077142339914128e-03 1.199018853939402959e-03 8.095062401685060522e-04
7.115453052139237844e-01 3.807728201745344955e-04 4.112226430082398482e-04 1.523756846909471994e-04
7.146255879204775896e-01 6.738418945035437417e-03 7.350924304846549046e-03 2.837301312205861830e-03
7.177058706270313948e-01 5.924369213261026536e-03 6.459516627160064549e-03 2.480486360556999684e-03
7.207861533335850890e-01 2.052701337161843837e-04 2.029857387137093253e-04 9.033581514007546921e-05
7.238664360401388942e-01 8.317417203941159876e-04 8.886890066897572705e-04 3.657551369056075618e-04
7.269467187466926994e-01 2.465364873637362376e-03 2.739484516180051756e-03 1.087280680939388573e-03
7.300270014532465046e-01 5.300807477864058698e-04 6.263674147994563544e-04 2.423720202384671010e-04
7.331072841598001988e-01 1.314377300770527498e-04 3.975016263245599525e-05 3.619984360419117918e-05
7.361875668663540040e-01 2.428685295202159030e-03 7.195174511590664073e-04 4.763794934018917454e-04
7.392678495729078092e-01 1.925289432076906539e-03 5.782887319219422607e-04 3.747055810640799066e-04
7.423481322794616144e-01 7.638887225945688449e-05 1.639979370409741738e-05 2.108188579915174803e-05
7.454284149860154196e-01 1.189528000348941301e-02 1.867277897246238331e-03 1.074991446964924675e-03
7.485086976925691138e-01 3.326922532857162773e-02 5.371581067090814079e-03 3.054988256281495392e-03
7.515889803991229190e-01 5.821629259970217268e-03 9.851068070964566405e-04 5.720483867646517949e-04
7.546692631056767242e-01 1.683039791946815741e-04 7.623572639991557805e-05 7.890023413538162179e-05
7.577495458122305294e-01 1.912117404120063438e-03 1.047391457215396133e-03 9.499978891505164030e-04
7.608298285187843346e-01 1.334445218984953293e-03 7.238263045513325085e-04 6.318031817543644972e-04
7.639101112253380288e-01 3.974021704051808795e-05 4.641062671964138437e-05 2.540248557128875243e-05
7.669903939318918340e-01 1.293159049483437201e-03 1.478074411040843517e-03 6.077911360379037019e-04
7.700706766384456392e-01 3.032336480927143654e-03 3.296576413783318220e-03 1.338175143361376197e-03
7.731509593449994444e-01 4.651929469901134023e-04 4.585030171927882876e-04 1.842245640580795173e-04
7.762312420515532496e-01 8.565971165916335626e-06 9.288984391698361538e-05 4.825689490999026922e-05
7.793115247581069438e-01 5.293970053501683879e-05 9.869833399599346399e-04 5.402376088181686745e-04
7.823918074646607490e-01 3.068334223133431987e-05 5.676051528877935686e-04 3.134532860537405860e-04
7.854720901712146652e-01 6.305074375919197168e-05 2.772812489567946770e-05 2.290569092579884856e-05
7.885523728777683594e-01 5.051053011398029015e-03 2.527983618577444615e-03 1.487096559487881189e-03
7.916326555843220536e-01 9.737268045446709208e-03 4.937606924036299499e-03 2.910362948076070013e-03
7.947129382908759698e-01 1.063131489245848623e-03 5.327543766791427134e-04 3.646162854192488978e-04
7.977932209974296640e-01 6.245795815301226654e-04 1.573459887702074534e-04 3.429258303801707665e-04
8.008735037039834692e-01 5.357260615015247036e-03 1.353435989827208750e-03 2.679860629502544764e-03
8.039537864105371634e-01 2.556083457608180742e-03 6.556256937721554592e-04 1.230090928539989345e-03
8.070340691170910796e-01 7.572143022131388502e-05 5.478541335613576962e-05 2.601508239382848561e-05
8.101143518236447738e-01 2.716294865614512534e-03 3.452612241127135054e-03 1.519664101792784269e-03
8.131946345301985790e-01 4.307273612826871198e-03 5.581708152485985105e-03 2.428397113698288305e-03
8.162749172367524952e-01 3.871367256568153999e-04 4.766654390162378910e-04 2.040452227227082527e-04
8.193551999433061894e-01 3.179268557641884668e-05 1.782229343498520076e-04 5.701280226326370165e-04
8.224354826498598836e-01 1.559422384786494312e-04 1.086269889003161401e-03 3.637587471851742426e-03
8.255157653564137998e-01 7.043137899534028252e-05 4.412910433323188127e-04 1.449959127052081326e-03
8.285960480629674940e-01 5.507268705502759354e-05 4.337032365493563606e-05 1.127146284379402350e-05
8.316763307695212992e-01 2.214963016056321985e-03 1.507133144671800274e-03 2.661182730108217699e-04
8.347566134760749934e-01 3.147259720421878310e-03 2.068244794045881029e-03 3.528818681210210717e-04
8.378368961826289096e-01 2.718667753182101346e-04 1.520234182921117679e-04 3.772145789880222911e-05
8.409171788891826038e-01 3.807984207087285623e-03 1.850950728693901521e-03 6.876742535098426647e-04
8.439974615957364090e-01 2.012416360084904460e-02 9.806134377114439707e-03 3.428205585873577658e-03
8.470777443022903253e-01 6.818517076233178258e-03 3.322456699656437060e-03 1.174871243965840877e-03
8.501580270088440194e-01 5.835695850461268422e-05 6.758950647354992750e-05 5.836427030927049674e-05
8.532383097153977136e-01 1.356356860364392328e-03 1.813521546887292193e-03 1.461932268839264640e-03
8.563185924219515188e-01 1.585054259954803146e-03 2.128907870272686575e-03 1.759263621491103866e-03
8.593988751285054351e-01 8.129241993961878457e-05 1.063142481345688534e-04 9.908243774303071810e-05
8.624791578350591292e-01 1.654662974284591692e-03 1.309629620309501336e-03 3.059633586430930046e-04
8.655594405416128234e-01 7.104286517448587905e-03 5.565224371725102648e-03 1.240972114725851557e-03
8.686397232481667396e-01 2.073526178871906451e-03 1.582798217016531108e-03 3.361243415440828743e-04
8.717200059547204338e-01 2.837933662975882136e-05 5.089237330947981160e-05 2.777285426417433017e-05
8.748002886612742390e-01 5.327070271912645334e-04 1.484089674652531174e-03 4.378134452130670465e-04
8.778805713678279332e-01 5.509178288719933370e-04 1.530619804988371307e-03 4.701092915345941219e-04
8.809608540743818494e-01 2.295927687272623810e-05 6.223407532681841914e-05 2.656192646541251725e-05
8.840411367809355436e-01 1.951873608492854214e-03 6.073636992580969335e-04 3.815585696136094759e-04
8.871214194874893488e-01 7.359253566420878578e-03 2.331653745140324380e-03 1.458384103133819913e-03
8.902017021940432651e-01 1.792571754015854927e-03 5.902662129629357955e-04 3.738305569226538444e-04
8.932819849005969592e-01 3.914447570980747319e-04 1.756760297106937474e-04 6.454655690949446048e-05
8.963622676071506534e-01 7.646625299053966263e-03 3.598652473546599864e-03 1.113376760398190933e-03
8.994425503137045697e-01 6.797901684391917561e-03 3.260113619861361705e-03 1.005439911558424779e-03
9.025228330202583749e-01 2.311367429132734112e-04 1.160208988153909611e-04 5.550169504713745521e-05
9.056031157268120690e-01 6.030962330727044881e-04 6.810356799890704502e-04 2.086277454800567475e-04
9.086833984333657632e-01 1.789452874702956520e-03 2.087860318105156342e-03 5.908317404554489036e-04
9.117636811399196795e-01 3.492056886567310343e-04 4.027154663354300113e-04 1.310884975859400510e-04
9.148439638464733736e-01 4.586083309935639891e-05 2.485656307935268987e-05 7.465593001685170689e-05
9.179242465530271788e-01 6.889888993175629891e-04 3.457207285449130272e-04 9.076067981523438426e-04
9.210045292595810951e-01 5.354866398201157821e-04 2.603376865867597476e-04 6.555857397407116984e-04
9.240848119661347893e-01 4.167756534534403990e-05 3.164939174318873161e-05 1.680845950539644620e-05
9.271650946726884834e-01 2.724704394011663242e-03 4.259622592656894281e-03 1.188128462438169239e-03
9.302453773792422886e-01 7.078193003249355630e-03 1.109776000696407854e-02 3.089915886241207960e-03
9.333256600857962049e-01 1.146759476968993181e-03 1.763677606231450843e-03 5.040499426541856240e-04
9.364059427923498991e-01 4.427753050774113739e-04 3.885374363584150016e-04 1.911617035533083803e-04
9.394862254989035932e-01 4.484279809574126356e-03 4.028786721830805544e-03 1.741083370484074015e-03
9.425665082054575095e-01 2.780687926831622737e-03 2.508195041924647303e-03 1.064032416020216018e-03
9.456467909120113147e-01 4.734937985494569890e-05 4.334193250988483190e-05 2.460900670009723466e-05
9.487270736185650089e-01 1.169278060175715480e-03 2.039800107146364731e-03 1.657589893364246406e-03
9.518073563251189251e-01 2.629336400615433535e-03 4.519264911211262094e-03 3.667085183930766067e-03
9.548876390316726193e-01 3.366972399813160746e-04 5.716919494551805318e-04 4.595456663922461321e-04
9.579679217382263134e-01 6.999482128712488814e-04 5.160530638109624146e-04 1.836080168602430545e-04
9.610482044447801186e-01 6.217085940187897820e-03 4.545650120012358596e-03 1.509000495918690369e-03
9.641284871513340349e-01 3.352378046027996560e-03 2.460397868092024497e-03 8.158313122353424421e-04
9.672087698578877291e-01 4.383700035118295049e-05 3.048820508618643003e-05 1.729957919008780559e-05
9.702890525644414232e-01 6.180515162596292257e-04 9.110239529639807933e-04 1.145113829455298620e-04
9.733693352709953395e-01 1.203837026407099733e-03 1.739137884809656724e-03 2.310407179383893318e-04
9.764496179775491447e-01 1.301937307549536375e-04 1.918039365107716756e-04 2.551940427397861668e-05
9.795299006841028389e-01 1.594401715720932455e-03 1.877540936279542419e-03 4.667249311242578961e-04
9.826101833906565330e-01 1.239873716266337578e-02 1.446903834990773650e-02 3.585081472126537029e-03
9.856904660972104493e-01 5.692228749334835199e-03 6.613544188127092743e-03 1.679481647882058145e-03
9.887707488037642545e-01 1.199984051005592161e-04 9.741856895474150957e-05 3.043547019806250501e-05
9.918510315103179487e-01 3.853613435013459373e-03 2.668627454225659928e-03 7.316853320738356996e-04
9.949313142168718649e-01 6.129098671212662199e-03 4.254658951594345560e-03 1.201994733411955148e-03
9.980115969234255591e-01 5.340533485407174914e-04 3.733799712707558437e-04 1.222085951294089217e-04
1.001091879629979253e+00 1.515535586442503157e-04 3.459382382717861521e-04 2.467128869489952116e-04
1.004172162336533169e+00 9.481794454665938999e-04 2.153599174228633655e-03 1.521504715930688343e-03
1.007252445043086864e+00 3.552592809662354881e-04 8.038306391696843634e-04 5.759045713217444918e-04
1.010332727749640780e+00 2.530291733511708062e-05 1.006106289120034221e-05 6.975106037286443797e-06
1.013413010456194474e+00 1.006090073042833349e-03 3.149546499045090546e-04 6.121817577347266680e-06
1.016493293162748390e+00 1.387608681925053345e-03 4.477352345982643124e-04 3.454470940643548274e-06
1.019573575869302084e+00 1.045980599856358064e-04 3.640802176251570687e-05 6.296429556283418533e-06
1.022653858575855779e+00 9.960014478571446467e-04 1.382903052590880649e-03 3.137332355499530909e-04
1.025734141282409695e+00 5.098419272994874837e-03 7.065332592363450515e-03 1.444042123506493209e-03
1.028814423988963389e+00 1.589071707020866826e-03 2.221262775692519221e-03 4.409294216635732590e-04
1.031894706695517083e+00 1.614438392118554906e-04 1.025288175792276040e-04 5.733747604006215678e-05
1.034974989402070777e+00 5.090892380048455887e-03 3.277030116651097856e-03 1.759373698092978012e-03
1.038055272108624694e+00 5.919043485594465380e-03 3.845428038233766974e-03 2.057951350370387789e-03
1.041135554815178610e+00 3.088183675059394547e-04 2.012381234178701485e-04 1.202513095770950629e-04
1.044215837521732304e+00 5.319095990845601777e-04 6.282863600784778936e-05 1.105599593806437991e-04
1.047296120228286220e+00 2.310370573082592190e-03 2.633966633981273358e-04 4.254542927716344872e-04
1.050376402934839914e+00 6.271047631555406792e-04 7.621835716673373731e-05 9.415734422973068448e-05
1.053456685641393609e+00 9.532304362618194006e-05 1.028810876030831329e-04 8.856643521706441917e-05
1.056536968347947303e+00 2.195041475895984518e-03 2.397526818501224347e-03 1.634817876259689372e-03
1.059617251054501219e+00 2.162513751503741203e-03 2.367324924850920317e-03 1.598554397494440869e-03
1.062697533761054913e+00 8.815256054466917243e-05 9.492214938353444275e-05 7.540331996448463182e-05
1.065777816467608607e+00 1.075089607151521949e-04 3.820717987508813495e-04 3.101090072231297364e-04
1.068858099174162524e+00 3.605848746331092127e-04 1.292329019637940193e-03 1.069329685750805472e-03
1.071938381880716440e+00 9.074670503310438207e-05 2.996316280083285728e-04 2.326983185309912296e-04
1.075018664587270134e+00 4.272926646939616160e-04 5.185257439872867488e-04 1.373953548293678549e-04
1.078098947293824050e+00 7.661945115515171080e-03 9.160669533387302832e-03 2.202463736527342578e-03
1.081179230000377745e+00 6.392336163873539936e-03 7.633492240867149545e-03 1.845899925544623168e-03
1.084259512706931439e+00 1.940447492976608520e-04 2.240631294779009885e-04 6.143832593091896291e-05
1.087339795413485133e+00 1.109998015469532617e-03 7.637940350359916173e-04 4.950515156422285014e-04
1.090420078120039049e+00 3.282809243180167657e-03 2.218179847502210148e-03 1.472930069629055892e-03
1.093500360826592743e+00 6.071070405490703540e-04 4.095041262437947569e-04 2.906198744188510648e-04
1.096580643533146437e+00 7.488462897852363946e-05 2.228857715541154765e-05 8.547882162298575960e-06
1.099660926239700354e+00 1.097856461467472226e-03 2.115817116937490649e-04 6.566470197416637649e-05
1.102741208946254270e+00 7.774168289129619906e-04 1.454549767160640862e-04 4.373284836387851733e-05
1.105821491652807964e+00 1.753656590498189831e-05 5.825007683598493309e-06 4.072842098135866018e-06
1.108901774359361658e+00 1.325600701356042382e-03 1.172196437629722740e-03 4.464069725683930333e-06
1.111982057065915575e+00 3.380767811343470073e-03 3.007949476494885862e-03 4.908084258612328516e-06
1.115062339772469269e+00 5.281339793126246665e-04 4.675758289860808118e-04 3.969294016468539397e-06
1.118142622479022963e+00 1.548683183806832085e-04 1.549690090590297306e-04 4.684007000133532061e-05
1.121222905185576879e+00 1.692211282828163773e-03 1.653105863965814888e-03 4.242587468376274968e-04
1.124303187892130573e+00 1.019650338376371177e-03 9.998144118911788444e-04 2.542758121981908512e-04
1.127383470598684490e+00 3.291389985708049342e-05 2.725648707718937060e-05 1.921021265037525872e-05
1.130463753305238184e+00 3.600661176721120169e-03 2.298284762267687603e-03 1.063669068214248645e-03
1.133544036011792100e+00 7.755749486896557077e-03 4.959416183839301766e-03 2.313746219272184816e-03
1.136624318718345794e+00 9.599448721886939991e-04 6.242295932587228714e-04 3.010399179930305655e-04
1.139704601424899488e+00 2.390089326996947666e-04 6.992464848028713163e-05 1.444812175745663699e-05
1.142784884131453405e+00 2.169098209374089193e-03 6.105760649771224680e-04 9.283804697428013229e-05
1.145865166838007099e+00 1.108424277460312969e-03 3.151782884903775797e-04 4.867282417481085438e-05
1.148945449544560793e+00 1.268357241725054747e-05 5.326379154319744696e-06 8.039045385681226478e-06
1.152025732251114709e+00 1.390627410817103120e-04 1.057812883838040829e-04 1.088914695778612124e-04
1.155106014957668403e+00 2.575240925524828993e-04 1.894520446455792814e-04 1.900674457483087149e-04
1.158186297664222320e+00 2.452187145520649066e-05 2.162827756443219646e-05 2.780243624672357913e-05
1.161266580370776014e+00 9.134616713591993409e-05 2.107069426785485413e-04 1.383237979195319715e-04
1.164346863077329930e+00 6.406587700737548761e-04 1.517179256260544262e-03 8.626439911610301638e-04
1.167427145783883624e+00 2.788152037069872792e-04 6.468684830723654081e-04 3.653230915221193902e-04
1.170507428490437318e+00 3.126664518900769033e-05 2.877570887455378447e-05 2.265967106197403286e-05
1.173587711196991235e+00 1.695493089773202067e-03 1.390438826730451593e-03 1.116242556781478490e-03
1.176667993903544929e+00 2.566288504288030941e-03 2.098323583227281602e-03 1.716610688823384757e-03
1.179748276610098623e+00 1.957121843155226824e-04 1.619209947017974328e-04 1.410048032116099014e-04
1.182828559316652317e+00 2.475570947658008668e-04 5.298104817016778518e-05 7.867226329813048567e-05
1.185908842023206233e+00 1.546588323103698526e-03 3.237708504878838663e-04 4.282541634664227808e-04
1.188989124729760150e+00 5.608479437128149848e-04 1.209357380343044130e-04 1.500761884026146535e-04
1.192069407436313844e+00 4.714303633452344245e-05 1.626014189000057989e-05 6.822715478438348390e-06
1.195149690142867760e+00 2.001301201184302325e-03 5.991558759947298576e-04 3.862957287364051235e-05
1.198229972849421454e+00 2.609511851695404863e-03 7.735529190845108049e-04 4.895552285144197326e-05
1.201310255555975148e+00 1.579524571937606010e-04 4.794133455044974882e-05 7.373685837127086700e-06
1.204390538262529065e+00 4.001645656109761862e-04 3.907844489703547947e-04 5.816296540874015621e-05
1.207470820969082759e+00 1.964384664802437501e-03 1.919797176253677448e-03 2.753336715089901789e-04
1.210551103675636453e+00 6.116865851329926886e-04 5.937028630995823527e-04 8.247841190766148163e-05
1.213631386382190369e+00 1.664636478363033421e-05 2.149348363717467001e-05 1.173685714604263921e-05
1.216711669088744063e+00 3.117244735792882378e-04 4.627759377512335581e-04 2.064325153831610528e-04
1.219791951795297980e+00 3.379359133619467127e-04 4.974904482477918123e-04 2.364901530426867667e-04
1.222872234501851674e+00 1.895233775119532923e-05 2.645331886142232488e-05 2.079778711194894339e-05
1.225952517208405590e+00 9.974702582982936452e-04 5.328021371472019870e-04 2.308667035975686980e-04
1.229032799914959284e+00 4.040570541076651638e-03 2.126364030692292403e-03 8.734146863286760577e-04
1.232113082621512978e+00 1.027152231132358838e-03 5.498700312621492741e-04 2.265025827457609693e-04
1.235193365328066673e+00 8.473905956115309444e-06 6.409027661337497984e-06 9.334653717814722342e-06
1.238273648034620589e+00 1.957183735234403667e-04 1.214877295527136349e-04 2.187600220082434326e-05
1.241353930741174283e+00 1.892676183478848471e-04 1.144853205826507704e-04 2.404740437534990150e-05
1.244434213447728199e+00 6.942915787001294093e-06 3.821061222852854476e-06 8.066841985482475622e-06
1.247514496154282115e+00 7.061352722622242549e-04 1.164150963210975036e-04 3.668882156025465326e-05
1.250594778860835810e+00 2.418916008925787748e-03 3.889408187743428674e-04 1.211550677942395702e-04
1.253675061567389504e+00 5.123315332419705291e-04 8.859254704989001476e-05 2.966773379196606904e-05
1.256755344273943420e+00 6.938625100351062227e-05 7.517409157663200166e-05 3.910258891490269660e-05
1.259835626980497114e+00 1.206379166198540218e-03 1.346588838198653840e-03 5.142997360477552602e-04
1.262915909687050808e+00 9.812350194079550673e-04 1.087981706149218327e-03 4.227374763348851249e-04
1.265996192393604503e+00 2.490992594494607505e-05 2.772374912946189894e-05 2.104577993503208128e-05
1.269076475100158419e+00 1.756644182300415725e-04 8.233432171059912059e-05 3.670054328159409111e-04
1.272156757806712113e+00 4.855586512836385939e-04 2.259965389353970787e-04 1.033330951704225032e-03
1.275237040513266029e+00 8.929351103777007147e-05 4.378467239908701123e-05 1.876360361812765660e-04
1.278317323219819945e+00 1.291393719459870424e-04 3.394132091133552915e-05 1.039677924515049755e-05
1.281397605926373640e+00 1.717592830738013093e-03 4.326676187883429087e-04 6.668012917066139570e-05
1.284477888632927334e+00 1.172150986459359568e-03 3.052770373035126666e-04 4.326326911552544623e-05
1.287558171339481028e+00 2.302000983454266831e-05 7.774231096781295750e-06 4.256347315041650325e-06
1.290638454046034944e+00 3.597253347384148049e-04 9.026570606403162692e-05 4.492183797125835407e-05
1.293718736752588638e+00 8.818923638740815878e-04 2.158742974889196612e-04 9.607130494846897854e-05
1.296799019459142333e+00 1.248153007273609992e-04 3.187581615228743804e-05 2.097415291082374922e-05
1.299879302165696249e+00 3.602363070054460334e-05 2.597584181011068795e-05 7.308449791567586012e-05
1.302959584872249943e+00 4.071700655944247415e-04 2.744781283024869990e-04 7.079547555581271363e-04
1.306039867578803859e+00 2.358085721583203995e-04 1.566448191525732464e-04 4.186706113160861323e-04
1.309120150285357775e+00 3.614706095953787973e-06 5.680790237556564116e-06 1.786213875613704234e-05
1.312200432991911470e+00 2.566040054300755633e-05 4.511114424915313968e-04 1.037511642423140476e-04
1.315280715698465164e+00 3.856636643095645621e-05 9.097146804486897420e-04 1.969598206616695571e-04
1.318360998405018858e+00 5.008518584640767782e-06 1.023510333453342484e-04 2.675741272800038481e-05
1.321441281111572774e+00 4.976021457580579100e-05 1.567622667510937761e-05 1.027350289329878667e-04
1.324521563818126468e+00 3.843234006716335664e-04 8.733087160703918055e-05 7.501995815517894768e-04
1.327601846524680163e+00 1.841485788795784676e-04 4.317185650651428320e-05 3.659684829002561222e-04
1.330682129231234079e+00 2.688851272696882012e-06 2.665420785584815624e-07 9.558082448367532553e-06
1.333762411937787773e+00 1.162259848701732143e-04 1.925727650590591365e-06 6.440516084886893370e-06
1.336842694644341689e+00 2.052512400614990443e-04 2.152446087842195463e-06 7.079357093873437116e-06
1.339922977350895383e+00 2.126138871341676253e-05 1.535885391343218631e-06 4.669749602886401015e-06
1.343003260057449300e+00 3.407552400432534894e-04 1.195854019390008011e-04 1.236463396539271372e-05
1.346083542764002994e+00 2.330062126357832983e-03 7.785145011064728386e-04 4.792679468239415062e-05
1.349163825470556688e+00 9.618766090692598345e-04 3.289302057087078904e-04 1.799462877058900513e-05
1.352244108177110604e+00 1.072042257852895793e-05 1.201632184062798861e-05 1.534852084178052158e-05
1.355324390883664298e+00 4.114655671031486935e-04 5.446545581536094789e-04 2.866730447254745560e-04
1.358404673590217993e+00 6.088159917877559437e-04 8.018270102226374802e-04 4.180178547275755743e-04
1.361484956296771909e+00 4.440297533602000969e-05 5.933652623772307766e-05 3.856834792203222927e-05
1.364565239003325825e+00 1.663134648374688281e-04 2.148740676057539923e-04 4.425093614068215580e-05
1.367645521709879519e+00 8.714803703534496201e-04 1.192557354113670367e-03 1.874359777172500809e-04
1.370725804416433213e+00 3.061562017910360572e-04 4.107259355373474828e-04 7.157091194439975000e-05
1.373806087122987130e+00 2.192387715506735743e-05 7.943834528325182688e-06 9.118585668372248458e-06
1.376886369829540824e+00 6.862323896544156657e-04 1.501764855880336434e-04 4.935302537861830134e-05
1.379966652536094518e+00 8.509448544090938938e-04 1.889700174989234274e-04 6.089450331423810293e-05
1.383046935242648434e+00 4.912889590735275484e-05 1.309259548484564036e-05 8.572628620458145661e-06
1.386127217949202128e+00 1.485727333163892200e-05 2.804313936669740620e-06 1.027076960712833807e-04
1.389207500655755823e+00 7.222238394796604553e-05 1.282086515777408823e-05 4.355501707813649501e-04
1.392287783362309739e+00 2.154066814409102886e-05 4.692414641692827445e-06 1.288755657902198801e-04
1.395368066068863655e+00 3.725862894585676158e-05 8.227356554825279389e-06 1.593628629984038687e-05
1.398448348775417349e+00 1.015461056914518942e-03 2.186313220376776944e-04 2.331522141894719379e-04
1.401528631481971043e+00 1.086938404997061895e-03 2.421641396244747773e-04 2.473070875333695999e-04
1.404608914188524960e+00 4.789249999549070419e-05 1.178766682876508523e-05 2.061453559081345262e-05
1.407689196895078654e+00 2.237553114360713575e-05 1.932202869955014436e-04 1.811068550625846718e-04
1.410769479601632348e+00 8.317987029019403410e-05 7.702730713225526028e-04 6.641534259287006298e-04
1.413849762308186042e+00 2.121264523532364945e-05 1.846168906132100750e-04 1.552523518780631832e-04
1.416930045014739958e+00 1.154074500533844809e-05 1.681136146769902979e-05 1.209346612969358592e-05
1.420010327721293653e+00 2.321014586796111580e-04 3.845418785709179654e-04 2.542648892798325422e-05
1.423090610427847569e+00 2.090208607912681540e-04 3.466553735142538896e-04 2.362017209077099967e-05
1.426170893134401485e+00 8.414465636176849401e-06 1.257744626432227757e-05 7.039503080255809303e-06
1.429251175840955179e+00 1.202478734172137461e-04 6.145386074855607620e-07 2.556025637525916299e-05
1.432331458547508873e+00 3.839298881768726823e-04 1.700656408534316989e-06 7.098294790277674411e-05
1.435411741254062790e+00 8.035840736202980183e-05 2.233519745464458479e-06 1.591023164393847551e-05
1.438492023960616484e+00 5.305858984522397330e-05 4.066077852646397226e-05 1.977914229272422224e-05
1.441572306667170178e+00 8.161862599335472290e-04 5.661312351947126549e-04 3.229138145030351981e-04
1.444652589373723872e+00 6.207437627636749108e-04 4.318953876212104225e-04 2.465252524300067904e-04
1.447732872080277788e+00 1.506804294262924352e-05 1.214238873911364970e-05 1.271429708445762605e-05
1.450813154786831705e+00 1.012348243284070208e-04 2.091231716958616264e-04 1.827120853425492659e-04
1.453893437493385399e+00 2.886073364148904349e-04 5.581573361144614477e-04 4.970797540114658833e-04
1.456973720199939315e+00 4.705390707977777040e-05 9.040038326628603311e-05 9.398523737553386357e-05
1.460054002906493009e+00 2.817753163143720460e-05 7.034698312812982964e-05 8.206095495199745306e-05
1.463134285613046703e+00 2.875079451993914630e-04 8.722158635236919744e-04 8.438219071280043558e-04
1.466214568319600398e+00 1.807785229687292310e-04 5.550656306642330617e-04 5.668646399998752928e-04
1.469294851026154314e+00 3.803286659986197564e-06 1.003270306297555409e-05 2.378220029798207503e-05
1.472375133732708008e+00 2.441418029991470132e-05 6.898273258176196093e-05 1.737033248763053487e-05
1.475455416439261702e+00 5.468802456047503456e-05 1.683312995475162656e-04 2.689200786434470676e-05
1.478535699145815618e+00 7.498808734250386981e-06 2.274229065670553855e-05 6.185461016699043950e-06
1.481615981852369535e+00 1.324050985748282083e-05 7.707559100816229730e-06 1.265834587597140117e-05
1.484696264558923229e+00 1.207978985994079258e-04 7.647420944917660327e-05 9.104738621103782524e-05
1.487776547265477145e+00 6.806468914714804315e-05 4.186327272147264517e-05 4.864987657307343977e-05
1.490856829972030839e+00 1.001370160354459680e-05 5.679859582173536463e-06 8.315779088115995678e-06
1.493937112678584533e+00 8.868020335637978027e-04 4.063593609569585131e-04 3.500846362214902227e-04
1.497017395385138228e+00 1.729713102378991696e-03 7.946525870267382753e-04 6.728667742494891116e-04
1.500097678091692144e+00 1.938253217738474031e-04 9.458103586170512017e-05 8.696123373672018776e-05
1.503177960798245838e+00 2.782030023258555244e-05 5.456704274925278119e-05 5.027401344732098173e-05
1.506258243504799532e+00 2.110668096715034425e-04 4.147496661344250821e-04 2.863335288437713439e-04
1.509338526211353448e+00 9.831471825766689232e-05 1.931378810372432061e-04 1.407129878817859811e-04
1.512418808917907365e+00 5.525826638127083698e-06 5.707911146379032425e-06 1.538524450812672691e-05
1.515499091624461059e+00 2.843061097240503327e-04 3.281075352282720298e-04 3.149881453646929529e-05
1.518579374331014753e+00 4.569239890984240710e-04 5.351386907010664351e-04 4.834834407311387104e-05
1.521659657037568669e+00 4.235486703503331629e-05 4.828680677066072603e-05 1.024838129496674847e-05
1.524739939744122363e+00 7.436404202029224609e-06 3.088666422089526772e-05 4.924059067737698804e-05
1.527820222450676058e+00 3.679218589646700521e-05 2.252006083459090198e-04 2.481052462318324332e-04
1.530900505157229974e+00 1.506478098536297068e-05 8.626690201971612621e-05 9.886166211632403601e-05
1.533980787863783668e+00 1.268727087778269251e-06 2.226997299918089343e-06 5.786432011479725960e-06
1.537061070570337584e+00 5.133885407164499252e-05 3.747631427541822847e-05 1.595036756235202044e-04
1.540141353276891278e+00 7.214757931493017296e-05 4.890486879152460724e-05 2.300751120808174684e-04
1.543221635983445195e+00 4.977964782378414474e-06 3.543972014581979599e-06 2.056755306290348304e-05
1.546301918689998889e+00 1.268317638151282990e-04 7.417932097576641502e-05 4.250391142544280426e-05
1.549382201396552583e+00 7.064553497742752288e-04 4.082617380360663295e-04 2.080611968097138701e-04
1.552462484103106499e+00 2.390957205916914737e-04 1.375724438403176653e-04 6.472526476482290078e-05
1.555542766809660193e+00 1.726239061145248587e-06 1.990034845268437538e-06 1.565687753992827010e-05
1.558623049516213888e+00 4.168138483859178958e-05 8.330312850214236994e-05 1.400313192516950550e-04
1.561703332222767804e+00 4.906352648646461468e-05 9.973984296844265018e-05 1.640208511602570408e-04
1.564783614929321498e+00 2.635147219459676580e-06 5.144614249742587183e-06 2.054300693105321434e-05
1.567863897635875414e+00 2.828266231791445238e-05 6.618712377894355142e-05 4.612567741061768814e-05
1.570944180342429330e+00 1.230833131530067136e-04 3.052989016892429823e-04 1.451195219760960853e-04
1.574024463048983025e+00 3.479515568969027410e-05 8.425806281507412473e-05 4.386198667812163106e-05
1.577104745755536719e+00 6.462477456786940114e-06 1.406432139266786669e-05 1.429576730242835956e-05
1.580185028462090413e+00 1.256723814992312253e-04 3.680286033015907126e-04 1.337058294109163257e-04
1.583265311168644107e+00 1.225878584267131057e-04 3.661104513180361690e-04 1.400690815099667078e-04
1.586345593875197801e+00 5.824434068175835573e-06 1.473185012403440251e-05 6.589299892458481770e-06
1.589425876581751940e+00 2.063409029041235443e-04 1.231799546388245685e-04 9.760512931119154053e-05
1.592506159288305634e+00 7.499989461400230831e-04 4.259923673434524603e-04 3.597728786184921541e-04
1.595586441994859328e+00 1.744724390412796561e-04 1.017869286895107275e-04 8.454735055926396550e-05
1.598666724701413244e+00 4.305588226737487209e-06 1.495722180383673061e-05 1.024284514753473103e-05
1.601747007407966938e+00 8.899578759135916620e-05 2.470635274055278901e-04 5.526001467556561586e-05
1.604827290114520633e+00 7.716236550924574476e-05 2.069965779296478584e-04 4.773945382428075867e-05
1.607907572821074327e+00 2.351505006366106705e-06 5.737284797981925397e-06 1.509602833417255379e-05
1.610987855527628465e+00 6.871455035007755592e-05 1.944947842188475329e-05 1.016726321816657012e-05
1.614068138234182159e+00 2.057174821325131488e-04 5.723141008346777482e-05 3.411140252123680097e-06
1.617148420940735853e+00 4.077845061801469215e-05 1.049360415279614620e-05 9.093828172332109962e-06
1.620228703647289548e+00 6.247983966773159612e-07 1.361522859095518492e-05 2.020715569049687994e-05
1.623308986353843242e+00 9.462427904853459203e-06 2.326814200305145645e-04 7.409991446251703174e-05
1.626389269060397158e+00 7.246885998507951522e-06 1.714340752218930714e-04 5.583332477545363375e-05
1.629469551766950852e+00 5.963506491769096485e-07 4.230405149806432242e-06 1.117272778526817325e-05
1.632549834473504990e+00 5.151556158959748148e-05 1.135357693296816690e-04 3.633396100219940040e-05
1.635630117180058685e+00 1.298971135697197837e-04 2.991905273826612642e-04 8.577425369948017491e-05
1.638710399886612379e+00 2.169802538528158562e-05 4.653012166114866779e-05 1.424083814619584691e-05
1.641790682593166073e+00 4.727616756869598566e-05 1.654844552003598512e-05 2.359850259257404139e-05
1.644870965299719767e+00 5.352197813283782711e-04 1.751251760268306590e-04 2.896593099968046469e-04
1.647951248006273461e+00 3.382624057506496943e-04 1.141096306370196437e-04 1.823919433513145267e-04
1.651031530712827600e+00 6.055263029456392260e-06 3.428563458514660489e-06 8.640208519660831358e-06
1.654111813419381294e+00 5.346283327504880570e-05 3.942199087100116986e-05 2.128236358944987243e-05
1.657192096125934988e+00 1.179183382793591058e-04 8.467255562059305106e-05 3.708342715272407083e-05
1.660272378832488904e+00 1.482854476360465474e-05 1.102895146702600308e-05 1.362878544481194036e-05
1.663352661539042598e+00 1.021203228285599097e-05 5.482899341695009691e-06 1.446991650008886929e-05
1.666432944245596293e+00 8.873131904658884564e-05 4.873566534186398748e-05 3.095385347214415399e-05
1.669513226952149987e+00 4.813371102690882698e-05 2.384706087230537260e-05 2.117811104553447173e-05
1.672593509658704125e+00 1.572003907462150949e-06 1.754726146617972672e-06 1.969773798745832544e-05
1.675673792365257819e+00 2.390027552069932886e-05 1.398677915028529860e-04 2.104491311729015106e-04
1.678754075071811513e+00 4.125701990065844070e-05 2.626382566801031045e-04 3.858188736645421445e-04
1.681834357778365208e+00 4.548878446265415796e-06 2.573105128421607546e-05 4.081517692992362145e-05
1.684914640484919124e+00 1.528504294073658588e-06 9.098778122650651821e-06 1.908771198763774697e-05
1.687994923191472818e+00 1.084932364215578168e-05 6.788897544379084246e-05 8.597009484761201524e-05
1.691075205898026512e+00 4.835457177043792132e-06 2.979897524959270702e-05 3.778273731505410921e-05
1.694155488604580651e+00 9.303622922667651158e-07 1.283332914321547921e-06 3.238496922791736148e-06
1.697235771311134345e+00 5.482367900259865388e-05 7.079595632086315901e-05 6.037230654139078581e-05
1.700316054017688039e+00 8.985704473624646295e-05 1.111444361797964966e-04 9.021449034202005338e-05
1.703396336724241733e+00 7.918812760999703026e-06 8.700329034280082055e-06 1.223493967881812339e-05
1.706476619430795427e+00 3.100394703012362052e-05 2.859568384506389532e-06 3.506555216107137244e-05
1.709556902137349121e+00 1.900696446939168893e-04 1.699102821223805087e-05 1.741712429630520582e-04
1.712637184843903038e+00 7.233550886318771626e-05 7.057991852899258988e-06 7.259882952530657052e-05
1.715717467550456954e+00 3.337952041904689680e-07 1.870177812362536546e-06 1.811759994046409461e-05
1.718797750257010870e+00 8.253722011516120438e-07 5.433046044570520122e-05 7.428027033822501843e-05
1.721878032963564564e+00 1.113794362335516650e-06 7.188485517657773681e-05 9.397165899154824565e-05
1.724958315670118258e+00 4.480608894428176534e-07 4.809596779868929533e-06 2.156316512719856304e-05
1.728038598376671953e+00 3.093729888609487511e-05 5.433119132487979308e-05 1.422257667160056983e-05
1.731118881083225647e+00 1.468207176653429317e-04 2.808901773097870810e-04 2.770652759934985302e-06
1.734199163789779341e+00 4.707701970422527473e-05 8.586327255440036896e-05 3.051188013851296632e-06
1.737279446496333479e+00 1.789858370876549482e-06 1.577793869069280996e-06 1.045008618361006836e-05
1.740359729202887173e+00 3.239528186537749151e-05 1.523729867296505603e-05 1.174481596371497222e-04
1.743440011909440868e+00 3.755412173880512600e-05 1.866104706797405347e-05 1.304898791583585438e-04
1.746520294615994784e+00 2.009351102461682988e-06 1.099981806826440432e-06 7.946739438533259538e-06
1.749600577322548478e+00 3.819830432998457562e-06 3.071139900166582515e-05 3.551890130448894320e-05
1.752680860029102172e+00 1.694757595571707806e-05 1.246492920816548477e-04 1.423607288667679785e-04
1.755761142735655866e+00 4.285648414876554337e-06 3.221332385665527708e-05 3.615559189715622892e-05
1.758841425442210005e+00 4.359009431837429408e-06 9.115852558103982082e-07 1.215395009574728374e-05
1.761921708148763699e+00 9.657427727724569302e-05 2.278451126091975994e-05 5.187297521446694094e-05
1.765001990855317393e+00 9.538387084744655471e-05 2.180604698394078675e-05 4.626768351202184619e-05
1.768082273561871087e+00 4.238191875161925377e-06 1.255476428811547272e-06 1.531548535591538562e-05
1.771162556268425003e+00 1.843829387446190712e-05 1.769231708814345111e-05 4.075956616989816894e-05
1.774242838974978698e+00 6.360002577740286401e-05 6.525517958010230545e-05 9.563855912406153844e-05
1.777323121681532614e+00 1.397754932628348499e-05 1.426495239692128249e-05 2.708982930284754541e-05
1.780403404388086530e+00 4.175740301007791084e-06 6.164995434705191783e-06 2.675751504381957603e-05
1.783483687094640224e+00 6.781750534526360529e-05 1.195009232753789247e-04 2.155243352553972065e-04
1.786563969801193918e+00 5.535904397701180032e-05 9.765647822016315063e-05 1.799925099800840352e-04
1.789644252507747613e+00 2.323383654142010431e-06 3.094098786493937300e-06 7.417904976610802237e-06
1.792724535214301307e+00 7.575301468307958259e-06 2.672501180048641583e-05 7.270446763932611440e-06
1.795804817920855001e+00 2.053085348997327767e-05 8.345459362818781588e-05 1.511462039728317103e-05
1.798885100627409139e+00 4.127767144216166970e-06 1.386398999509525137e-05 3.610252615914409053e-06
1.801965383333962833e+00 4.096354807854988635e-06 2.960633873248419122e-06 1.780064134391907567e-05
1.805045666040516750e+00 5.408397134886442411e-05 3.267299452454757591e-05 2.270691139103343619e-04
1.808125948747070444e+00 3.834659257399077341e-05 2.370236046455984728e-05 1.632941978913255039e-04
1.811206231453624138e+00 8.519952243448670215e-07 9.983231212082633268e-07 1.215032574750787149e-05
1.814286514160177832e+00 1.506646518131553193e-05 2.371138501012560158e-05 1.682086474486281844e-05
1.817366796866731526e+00 3.850267481830669429e-05 5.598258010357710674e-05 2.885013039835800151e-05
1.820447079573285665e+00 6.246149945130734052e-06 8.057432354840916923e-06 1.375376844170874519e-05
1.823527362279839359e+00 1.441624094890274911e-05 1.626056053544311544e-06 1.740347176889843808e-05
1.826607644986393053e+00 1.532913166434843343e-04 2.016955678729523760e-05 8.973695823684548246e-06
1.829687927692946747e+00 9.170167059209701063e-05 1.179439367552808706e-05 5.508588484850066406e-06
1.832768210399500663e+00 1.256287516002321688e-06 5.439186595910463776e-07 1.403473162502094068e-05
1.835848493106054358e+00 7.488201980139538223e-06 1.859560310301431764e-05 4.778751154687703022e-05
1.838928775812608052e+00 1.542545423201157465e-05 4.077793009140937323e-05 8.258582845665325082e-05
1.842009058519162190e+00 2.128452216926844120e-06 4.885186749828974566e-06 1.163559157861296108e-05
1.845089341225715884e+00 6.728311575977170431e-07 1.872855614378149332e-05 1.524412372673042294e-05
1.848169623932269579e+00 4.095898450098838711e-06 1.695037661161211378e-04 1.138450001156370787e-04
1.851249906638823273e+00 1.836662257637214116e-06 8.325856265228632916e-05 5.773504008433147920e-05
1.854330189345376967e+00 4.228262874790221317e-07 8.173974604228118462e-07 3.914021079879058463e-06
1.857410472051930883e+00 1.994313056832992318e-05 1.583473357674539410e-05 1.089701094532943913e-04
1.860490754758484577e+00 3.593654883688028351e-05 2.984393955158231297e-05 1.896564864116007099e-04
1.863571037465038494e+00 3.871844819928244757e-06 2.896383072048336702e-06 2.437311618906107681e-05
1.866651320171592410e+00 1.901099248568432080e-06 7.825151503505738809e-06 2.981409117297807856e-05
1.869731602878146104e+00 1.375500620557750788e-05 4.851011099563916779e-05 1.859731551229430312e-04
1.872811885584699798e+00 5.830381733384753520e-06 2.061420221063078046e-05 8.165529995693097400e-05
1.875892168291253492e+00 1.102591068579072630e-06 2.808184280871627189e-07 1.921024416096048327e-05
1.878972450997807186e+00 5.971416745836895343e-05 9.260395801017882355e-06 9.479504072525450102e-06
1.882052733704361325e+00 9.028689080674054250e-05 1.378886852879335011e-05 5.405773919091736977e-06
1.885133016410915019e+00 7.605229640409129188e-06 1.176517120374912596e-06 8.852572650217265066e-06
1.888213299117468713e+00 1.156823961306220490e-06 3.684142148391140773e-06 2.701956641116587092e-05
1.891293581824022629e+00 5.716240552339448602e-06 2.405469858099861097e-05 1.130601551986300214e-04
1.894373864530576324e+00 2.024502164974035868e-06 8.355702962143178898e-06 4.310084600031164535e-05
1.897454147237130018e+00 7.206552412272542719e-07 2.437547808446723220e-06 1.922562453878679034e-06
1.900534429943683712e+00 2.642995282321815320e-05 9.015297255895363246e-05 1.084992140330572713e-05
1.903614712650237850e+00 3.336102202738753787e-05 1.163395988637505395e-04 1.398738061094289408e-05
1.906694995356791544e+00 2.110501427652952441e-06 6.974377005470176980e-06 3.747026360053629667e-06
1.909775278063345239e+00 5.237778073967512835e-06 1.072989357953770421e-05 6.284867181230032146e-06
1.912855560769898933e+00 2.261971249575134760e-05 5.363200470083002080e-05 2.046368613976238138e-05
1.915935843476452627e+00 7.062749817519476758e-06 1.557986597138595313e-05 9.677619219265637835e-06
1.919016126183006543e+00 2.880778407799582304e-06 1.327124735639343657e-06 1.050450812701301161e-05
1.922096408889560237e+00 7.568652373488496247e-05 2.441685737521381570e-05 2.868250424271858481e-05
1.925176691596114376e+00 8.228092003960255953e-05 2.695084916102341314e-05 3.337679438078368745e-05
1.928256974302668070e+00 3.879019188968922876e-06 1.590567998108802466e-06 1.796850561847946622e-05
1.931337257009221764e+00 7.233872032571013367e-06 4.482614402620918789e-06 1.380943014766400995e-05
1.934417539715775458e+00 2.844762765918340024e-05 1.684550238677111580e-05 7.656647794954980559e-06
1.937497822422329152e+00 7.536219902249557435e-06 4.143113176481157621e-06 4.115954583934156383e-06
1.940578105128882846e+00 8.159959915963062884e-07 2.083585830713128366e-06 7.220391398613037416e-06
1.943658387835436763e+00 1.458517276244616762e-05 4.814686758250194337e-05 2.068387831825111286e-06
1.946738670541990679e+00 1.339299963339541295e-05 4.400559455856881743e-05 9.440694551937675126e-07
1.949818953248544373e+00 4.798206641575376902e-07 1.474409647181200645e-06 1.578225855536157737e-06
1.952899235955098289e+00 1.551014303608032392e-05 2.751938773965131497e-05 2.035892399682571167e-05
1.955979518661651984e+00 5.240511922454403929e-05 9.726517131943579497e-05 5.879283009341189050e-05
1.959059801368205678e+00 1.121261715624685504e-05 2.015240309281204811e-05 1.356836697092243816e-05
1.962140084074759372e+00 6.954542483607491100e-07 1.822381305854572559e-06 2.645885822232177121e-05
1.965220366781313066e+00 9.625600759209459079e-06 2.827656348664512944e-05 3.352714595072564053e-04
1.968300649487867204e+00 7.505431788233936810e-06 2.230769121268261600e-05 2.720364356361963556e-04
1.971380932194420899e+00 3.131497749396878124e-07 6.646890019157375704e-07 1.929761247279199787e-05
1.974461214900974593e+00 3.720089248372692603e-05 7.756093914869707914e-06 1.372717872706563411e-05
1.977541497607528509e+00 1.038729802010471173e-04 2.188139997072380399e-05 2.633230526942868742e-05
1.980621780314082203e+00 1.836074121931462525e-05 4.110762432139590797e-06 1.025295143365365980e-05
1.983702063020635897e+00 3.056704102576180979e-07 1.327751994941943778e-06 1.516073309016098277e-05
1.986782345727189591e+00 4.616660488986699381e-06 1.097121864079513095e-05 2.859630596596244759e-05
1.989862628433743730e+00 3.071849737778583229e-06 7.216187143324218899e-06 1.773761527556468197e-05
1.992942911140297424e+00 7.210555558290336248e-08 5.540744958751070448e-07 6.195345337763158294e-06
1.996023193846851118e+00 4.216716180424153908e-06 5.132435656235704473e-05 5.057821522115393695e-05
1.999103476553404812e+00 9.058973413082556080e-06 1.205476259639434494e-04 1.219033846839953801e-04
2.002183759259958507e+00 1.356628410072519356e-06 1.671314205637697053e-05 1.727669980363691238e-05
2.005264041966512423e+00 7.309056872800251184e-07 9.563117575279630865e-06 4.153732102607426638e-05
2.008344324673066339e+00 7.760662812933089239e-06 1.050676521688469775e-04 4.291589209273831938e-04
2.011424607379620255e+00 4.515969782719121987e-06 5.918640196334784608e-05 2.470812117541406586e-04
2.014504890086173727e+00 1.815928145766164253e-07 8.894796180396511859e-07 6.517200641393576547e-06
2.017585172792727644e+00 7.547901003208313899e-06 1.768800489322897053e-05 2.059561729970671429e-04
2.020665455499281560e+00 1.508551140427320973e-05 3.611781821257363572e-05 4.073753041831003883e-04
2.023745738205835032e+00 1.745741011942458701e-06 4.226816250367537120e-06 4.884306466608982479e-05
2.026826020912388948e+00 3.239680193206643555e-06 2.320777504039999865e-06 1.723498331569170731e-05
2.029906303618942864e+00 2.511009650175762974e-05 1.902097560824428781e-05 4.028320179320297708e-05
2.032986586325496781e+00 1.219260324633392927e-05 9.227227934053435328e-06 1.649467837233677746e-05
2.036066869032050253e+00 6.141708241390586938e-07 3.896194228182607056e-07 1.079410832404409806e-05
2.039147151738604169e+00 2.610395749850940144e-05 6.716136238247008688e-06 2.197431058231462731e-05
2.042227434445157641e+00 4.367674597774510439e-05 1.106261522195096963e-05 3.059223017781525188e-05
2.045307717151711557e+00 3.996752744871138763e-06 1.246616383358969688e-06 5.653198128566308782e-06
2.048387999858265474e+00 7.203589868732258326e-06 1.380948301176886110e-05 1.107679019680762016e-04
2.051468282564819390e+00 4.562812231074215934e-05 9.213901469986715759e-05 7.439056042237951298e-04
2.054548565271373306e+00 1.859498212856097491e-05 3.773129473803064150e-05 3.019433340848700579e-04
2.057628847977926778e+00 2.610277208067218981e-07 9.271462448538611125e-07 1.858075017492655699e-06
2.060709130684480694e+00 2.672369255831924412e-06 4.062532732282691535e-05 8.640873973201181404e-06
2.063789413391034167e+00 3.525073475886627031e-06 5.890549579257358737e-05 1.158582697339141097e-05
2.066869696097588083e+00 2.865965100878953165e-07 4.165962155398925888e-06 2.976264450997686432e-06
2.069949978804141555e+00 1.233533176735174993e-05 1.113159132474787053e-05 3.359244278873421263e-05
2.073030261510695915e+00 6.717848629035241381e-05 6.318123460040556626e-05 1.696179815934092017e-04
2.076110544217249387e+00 2.314150366715749489e-05 2.178154249054502963e-05 6.359199363376372345e-05
2.079190826923803304e+00 9.405017011883994642e-08 4.253711939917559277e-07 1.066982868566905489e-05
2.082271109630357220e+00 1.592370161779599661e-06 1.022175025981205832e-05 2.348964301059523410e-05
2.085351392336910692e+00 1.980701223432589292e-06 1.275718432250929053e-05 2.450850394602338634e-05
2.088431675043464608e+00 2.122526650113216183e-07 7.963298718744404383e-07 9.233482751223850890e-06
2.091511957750018080e+00 4.985311930320595423e-06 7.627759114829597377e-06 1.258577649181664569e-04
2.094592240456572441e+00 2.201356980418314692e-05 3.444866384866923176e-05 5.674495538913293217e-04
2.097672523163125913e+00 6.503821427048238740e-06 9.843688461830034530e-06 1.678457368134042517e-04
2.100752805869679829e+00 6.220129862771409497e-07 1.279994332093608159e-06 3.612475577383417890e-06
2.103833088576233301e+00 1.649463379089882348e-05 3.651396908276434644e-05 5.939737962031399178e-05
2.106913371282787217e+00 1.755509275497443733e-05 3.902960204779190481e-05 6.095903969701794756e-05
2.109993653989341134e+00 8.485890790547545372e-07 1.658716646777104371e-06 3.182686266561937732e-06
2.113073936695894606e+00 1.319683327043915502e-06 1.476368577287956605e-05 1.156892605000388338e-05
2.116154219402448966e+00 5.011893000630171600e-06 5.613942312204782149e-05 4.268195493851441964e-05
2.119234502109002438e+00 1.125079201346163175e-06 1.331681140509587470e-05 1.254550251352057428e-05
2.122314784815556354e+00 8.584444888712725196e-07 2.448617609396648563e-06 6.421891009596210585e-06
2.125395067522109827e+00 1.571374341535932540e-05 5.076218341873684977e-05 7.983398199763061076e-05
2.128475350228663743e+00 1.423227320210966289e-05 4.555540343273150342e-05 7.294289403438599989e-05
2.131555632935217215e+00 5.536383806333559421e-07 1.456205325797466985e-06 1.052492451848848816e-05
2.134635915641771575e+00 5.536058961783713766e-06 5.011532553340773246e-06 5.315272858167004074e-05
2.137716198348325047e+00 1.738961666583651038e-05 1.534138128438720551e-05 1.531677959809328647e-04
2.140796481054878964e+00 3.412339152835352855e-06 3.250676626120103957e-06 3.518489415648266860e-05
2.143876763761432880e+00 4.237382132511736286e-07 3.185662565942695042e-06 2.517569266066526333e-05
2.146957046467986352e+00 5.842330547465286114e-06 4.594773010735995149e-05 3.381496759962704531e-04
2.150037329174540268e+00 4.369017804732049718e-06 3.483717833793311736e-05 2.554786197618438511e-04
2.153117611881093740e+00 2.550953949763053906e-07 7.932002071101823555e-07 5.690814045562765961e-06
2.156197894587648101e+00 5.303356224417888506e-07 1.012596793874556567e-05 1.580497660790701931e-04
2.159278177294201573e+00 1.043579544057874127e-06 2.806594087922083063e-05 4.276900849882110146e-04
2.162358460000755489e+00 1.885327613527255013e-07 4.515972697274817300e-06 7.159053685482087671e-05
2.165438742707308961e+00 3.627680600134848435e-06 5.310060059089860295e-06 9.801864204664630624e-06
2.168519025413862877e+00 4.278713648372191617e-05 6.369443765327229619e-05 1.152018324611409517e-04
2.171599308120416794e+00 2.693249724685890117e-05 4.081859897645478095e-05 7.370810709040789127e-05
2.174679590826970266e+00 4.558649939867003825e-07 7.349179387256654114e-07 5.245630194295269185e-06
2.177759873533524626e+00 9.742801328289702497e-08 2.064430202754660276e-05 1.834827844624431405e-05
2.180840156240078098e+00 8.010803193576663486e-08 4.816257215769742490e-05 3.451505545079374109e-05
2.183920438946632014e+00 8.948806371841073340e-08 6.239485334969195947e-06 7.984190742049447474e-06
2.187000721653185487e+00 2.680540027266873439e-06 1.924035286989255723e-06 2.980748804359112015e-05
2.190081004359739403e+00 2.318576146039848788e-05 1.797784561499987807e-05 2.388816960158064912e-04
2.193161287066292875e+00 1.255780262517261172e-05 9.968519568849426005e-06 1.276881503173030803e-04
2.196241569772846791e+00 1.633682797405129860e-07 2.514834642090873220e-07 4.776882429704588747e-06
2.199321852479400707e+00 6.713627130598547709e-06 6.116999853788681951e-06 3.389504387336023984e-05
2.202402135185954624e+00 1.316970324921697820e-05 1.231078628520680738e-05 6.416928704603970350e-05
2.205482417892508540e+00 1.596445939572325092e-06 1.320480528721865816e-06 7.726219227527548428e-06
2.208562700599062012e+00 9.716723344650784359e-07 3.790010066902849470e-06 2.676763739727395521e-05
2.211642983305615928e+00 6.203382288480994323e-06 2.712568577293451771e-05 2.092690094741043267e-04
2.214723266012169400e+00 2.878869658255252876e-06 1.239768607077813230e-05 9.875748935658089530e-05
2.217803548718723317e+00 4.118262169397497963e-07 6.957451745010698937e-07 2.681280907549321136e-06
2.220883831425277233e+00 2.471961805383911381e-05 3.763627955126155108e-05 1.092023510660768869e-04
2.223964114131831149e+00 4.003889227918813629e-05 6.165931727153619202e-05 1.769471023614810790e-04
2.227044396838384621e+00 3.464360348672965531e-06 5.246068137486559848e-06 1.777520793872467171e-05
2.230124679544938537e+00 1.357279285952976693e-06 5.714826892024256949e-06 1.502009472263738944e-05
2.233204962251492454e+00 9.515882005636579639e-06 3.795069982190662252e-05 6.936838433368731601e-05
2.236285244958045926e+00 3.507797088766188869e-06 1.457335421542223801e-05 2.579676607392456371e-05
2.239365527664599842e+00 1.130091070846175532e-07 7.139405282079511500e-07 6.308149459807562647e-06
2.242445810371153758e+00 1.599216876512343700e-07 3.209120261741706120e-05 2.123885678175563204e-05
2.245526093077707674e+00 9.048781025327007253e-08 4.521505188876306160e-05 2.604804997517928724e-05
2.248606375784261147e+00 1.066454587892645659e-07 2.902857246188234336e-06 3.122536417921226714e-06
2.251686658490815063e+00 1.577470061740442387e-06 8.712745218164456687e-07 2.268104050282648048e-05
2.254766941197368979e+00 7.731646964329956089e-06 4.343033632732995835e-06 1.026853936366831148e-04
2.257847223903922451e+00 2.608856427794702125e-06 1.373122796471390492e-06 3.462432920988238325e-05
2.260927506610476367e+00 2.391958363864277271e-08 9.677322650350774423e-07 6.101192087133693048e-06
2.264007789317030284e+00 2.057775776408834240e-07 2.249357323027251058e-05 1.961262251923061805e-04
2.267088072023584200e+00 2.316698155845699946e-07 2.622897696588920684e-05 2.295767081252352601e-04
2.270168354730137672e+00 4.158258476344634860e-08 1.432489860141719736e-06 1.382023428768995981e-05
2.273248637436691588e+00 2.026696914895170292e-06 1.014330996949855427e-05 3.319627213759241416e-05
2.276328920143245060e+00 8.718412333013512703e-06 4.456016156404294011e-05 1.312564123772537688e-04
2.279409202849798977e+00 2.428855746273204475e-06 1.216965753274720697e-05 3.712738774614514743e-05
2.282489485556352893e+00 1.161315300796335084e-06 1.135451501835072112e-06 6.185277675334568173e-06
2.285569768262906809e+00 2.858188305877936523e-05 2.802359871388434006e-05 6.844801085992357570e-05
2.288650050969460725e+00 2.823646617141817083e-05 2.817649232360743499e-05 6.661428469149841263e-05
2.291730333676014197e+00 1.070235469335778215e-06 1.073866510342030064e-06 6.305152833058355173e-06
2.294810616382568114e+00 3.830038575740484278e-06 1.073749512945253298e-05 1.851076558712151754e-05
2.297890899089121586e+00 1.310957511893936078e-05 4.079318752573714030e-05 5.143725924235523949e-05
2.300971181795675502e+00 3.064629800688441224e-06 9.160733851450936089e-06 1.177020557493902547e-05
2.304051464502229418e+00 8.869926194488205784e-07 2.854166975731108103e-07 1.375808778641682914e-05
2.307131747208783334e+00 9.857305035627257752e-06 3.615218208230374863e-06 2.329820136048401681e-04
2.310212029915336807e+00 7.981428737943249848e-06 3.157818030233144168e-06 1.973253580343830508e-04
2.313292312621890723e+00 2.550936185104737082e-07 1.365030982080868251e-07 7.399295256667584127e-06
2.316372595328444639e+00 2.378394661721352287e-06 4.934020927597939087e-06 6.386156789258056680e-05
2.319452878034998111e+00 7.137436770536741726e-06 1.480224534293875970e-05 1.889067935108376011e-04
2.322533160741552027e+00 1.378161021321312365e-06 2.815130214292946839e-06 3.536513192349796843e-05
2.325613443448105944e+00 2.472997792431932077e-07 2.134785501361260934e-06 6.014210403682775146e-06
2.328693726154659860e+00 3.699538816359611748e-06 2.969141585663860857e-05 6.228951797431987508e-05
2.331774008861213332e+00 2.759206492857533220e-06 2.148691271466114417e-05 4.612410173988394061e-05
2.334854291567767248e+00 9.255079504466368025e-08 5.394491669250801730e-07 4.369189521632908127e-06
2.337934574274320720e+00 9.776138607396001726e-06 2.072289602849534384e-05 4.434170867630310046e-05
2.341014856980874637e+00 2.582257898152920479e-05 5.428588546326871959e-05 1.097997486585947368e-04
2.344095139687428553e+00 4.018622975580299692e-06 8.210405353198694053e-06 1.955995967256896829e-05
2.347175422393982469e+00 6.859225179350268744e-07 5.233560004359227449e-07 3.930680934922897443e-06
2.350255705100536385e+00 7.046505853805266762e-06 6.051020424651826302e-06 1.463361180211904899e-05
2.353335987807089857e+00 4.540434168586468710e-06 3.752068723325825391e-06 9.344924015660283851e-06
2.356416270513643774e+00 2.714706059937509180e-07 2.013213872341216876e-07 7.683164094660264472e-07
2.359496553220197246e+00 2.666527124714145269e-06 5.909514497680413403e-06 8.559495056736986067e-05
2.362576835926751162e+00 5.264607410804055288e-06 1.276538333101872577e-05 1.823489860625775204e-04
2.365657118633304634e+00 7.411148052435911214e-07 1.661541344839799437e-06 2.222638348716636262e-05
2.368737401339858994e+00 2.437153074194227477e-07 7.973333516928869662e-07 7.588739428434839776e-06
2.371817684046412467e+00 1.031398133392232676e-06 5.883302676221627898e-06 3.576443736777783699e-05
2.374897966752966383e+00 4.995691052434530469e-07 3.082228272273324791e-06 1.711975684021323557e-05
2.377978249459520299e+00 1.375693279289229023e-07 2.907295261351035396e-07 2.719638678900291509e-06
2.381058532166073771e+00 1.329769514958116270e-05 1.964925991076370916e-05 1.053881290623895204e-04
2.384138814872627687e+00 2.436060214378872913e-05 3.603927026024538794e-05 1.875430149876930561e-04
2.387219097579181604e+00 2.394479241509384953e-06 3.707941235812256185e-06 1.828139421185477934e-05
2.390299380285735520e+00 1.771018366452624960e-06 9.199956058912835187e-06 1.669010147887679954e-05
2.393379662992288992e+00 1.419882501006235708e-05 7.024142588296776078e-05 1.134896152306040350e-04
2.396459945698842908e+00 6.251194521187071776e-06 3.086909219616380161e-05 5.086608909911297246e-05
2.399540228405396380e+00 9.588988884138299701e-08 2.210324907273519507e-07 1.648805694847448737e-06
2.402620511111950297e+00 1.611098817697860669e-07 5.260877397120827513e-06 2.130639040612304421e-05
2.405700793818504213e+00 2.137387292946264366e-07 8.491408972249153540e-06 3.313825284466283001e-05
2.408781076525058129e+00 8.860892691208415690e-08 6.425236798321887118e-07 3.941460147656887432e-06
2.411861359231612045e+00 1.285628361489527964e-06 7.964674083461273666e-07 7.285871811310040645e-06
2.414941641938165517e+00 7.633321678550791971e-06 4.178228046674325853e-06 4.133330381068247515e-05
2.418021924644719434e+00 2.876776143121436249e-06 1.645607039007423167e-06 1.416799715040795283e-05
2.421102207351272906e+00 3.695306945204398900e-07 3.734737161731849405e-07 4.640846229625857803e-06
2.424182490057826822e+00 5.723912194038740248e-06 6.131734466928023243e-06 7.600798727379467828e-05
2.427262772764380738e+00 7.084458301896146388e-06 7.797898180747920015e-06 9.695012280662876976e-05
2.430343055470934654e+00 4.786587939969276977e-07 6.028169302654767237e-07 6.891838766514313364e-06
2.433423338177488127e+00 9.291878072809210386e-06 5.343350485473644954e-06 2.725837876239193275e-05
2.436503620884042043e+00 4.597178791005069112e-05 2.639641198442721766e-05 1.266069163334361319e-04
2.439583903590595959e+00 1.432047395365026572e-05 8.265366747013208910e-06 3.959713803162717146e-05
2.442664186297149431e+00 2.340492305769442307e-07 7.699528213328960169e-07 6.709456484853447527e-06
2.445744469003703347e+00 5.552749837669989138e-06 2.466451726795191763e-05 1.651168615165118122e-04
2.448824751710256820e+00 6.268566321746098507e-06 2.813908203766252422e-05 1.851777561143446577e-04
2.451905034416811180e+00 3.535870465179136466e-07 1.356361902684322069e-06 9.412243054307527985e-06
2.454985317123364652e+00 2.746811848790214927e-07 6.853225275070077766e-06 1.935023531773914375e-05
2.458065599829918568e+00 9.021803074305327101e-07 2.951982185508243242e-05 8.298200519888923783e-05
2.461145882536472485e+00 2.490302318903098637e-07 7.561077605381075346e-06 2.495662944019406808e-05
2.464226165243025957e+00 2.078409717325732945e-07 6.969753742859166456e-08 2.886383491746544294e-06
2.467306447949579873e+00 4.414877377456967775e-06 5.737456248957356680e-07 1.646114378822231296e-05
2.470386730656133345e+00 4.431169478531478928e-06 5.359697849713855482e-07 1.671689484463982446e-05
2.473467013362687705e+00 2.472303872216919731e-07 1.042583663871400188e-07 4.227909924535805726e-06
2.476547296069241177e+00 1.363492044020386910e-06 6.495820546216202106e-06 7.078440600976697685e-05
2.479627578775795094e+00 4.613526402168287465e-06 2.132959694936123810e-05 2.346214556841192517e-04
2.482707861482348566e+00 1.067424118890544574e-06 4.883255003930594275e-06 5.274411800027993216e-05
2.485788144188902482e+00 8.070304952652405753e-07 1.249772523435112190e-06 7.597767561472920391e-06
2.488868426895456398e+00 1.511450705515912081e-05 2.029835187538659382e-05 9.539077905052362888e-05
2.491948709602010315e+00 1.270835496016757641e-05 1.676454612945290016e-05 7.622963766395355939e-05
2.495028992308564231e+00 3.746527723575046880e-07 4.513920627758344642e-07 2.925807154641032752e-06
2.498109275015117703e+00 1.693372513542538247e-06 3.696721206072456639e-06 4.024875506227145350e-05
2.501189557721671619e+00 4.981863570236114129e-06 1.117725215450238497e-05 1.103826140223277487e-04
2.504269840428225091e+00 8.723966472973676614e-07 1.979439813961451381e-06 1.954847598147812566e-05
2.507350123134779007e+00 1.362280183698481019e-07 1.622839267717786923e-06 5.729636527427708652e-06
2.510430405841332480e+00 8.693883482095886357e-07 2.270326117430519438e-05 7.099025779391030628e-05
2.513510688547886840e+00 5.975499143598634362e-07 1.596536485077396602e-05 5.138914452368797844e-05
2.516590971254440312e+00 9.718537110562943115e-08 2.910952617624937329e-07 3.711054978426316638e-06
2.519671253960994228e+00 1.794430818094383092e-06 2.768947621743729049e-07 1.903994269897297585e-05
2.522751536667548145e+00 3.865145291254183287e-06 5.876912722258976507e-07 4.276847373311254701e-05
2.525831819374101617e+00 5.620201265437340928e-07 9.363601526986930967e-08 9.221326350423346427e-06
2.528912102080655533e+00 9.472652906064086735e-07 1.365385470870556221e-06 4.539689821192413011e-06
2.531992384787209005e+00 1.037142614777566831e-05 1.367755372275131036e-05 2.373815999293962437e-05
2.535072667493763365e+00 6.082276090122614442e-06 8.251291096027234633e-06 1.465064904785206825e-05
2.538152950200316837e+00 1.188987093673610096e-07 2.501465624713971509e-07 1.098121515144257048e-06
2.541233232906870754e+00 1.556777108873469943e-06 9.979543932169437540e-06 1.049874428994504482e-05
2.544313515613424226e+00 3.571131408295575113e-06 2.089433885696399668e-05 2.041563435126897915e-05
2.547393798319978142e+00 4.386715701702097098e-07 2.573382061644318737e-06 3.036182254514873256e-06
2.550474081026532058e+00 1.007770514192199494e-06 1.807561599211691531e-06 5.311089507751786645e-06
2.553554363733085530e+00 8.708298091538673225e-06 1.602153459984143372e-05 3.589526958307345588e-05
2.556634646439639891e+00 4.317697541660982634e-06 7.928505847495956549e-06 1.728343724555140139e-05
2.559714929146193363e+00 1.195962090595575052e-07 1.011392664853708448e-07 1.004044152785338571e-06
2.562795211852747279e+00 2.550447366168740661e-06 2.855816070798980659e-06 1.037043259904949218e-05
2.565875494559300751e+00 4.406687148142119482e-06 5.320970723574573109e-06 1.605914312626486812e-05
2.568955777265854667e+00 5.244908515162490816e-07 5.028608587344706130e-07 3.811977304057382174e-06
2.572036059972408140e+00 1.214452041556780132e-06 1.185738253527107641e-06 4.074853575324251400e-06
2.575116342678962056e+00 6.942162630057308944e-06 7.037950563881736440e-06 1.034101330179602170e-05
2.578196625385515972e+00 2.870654092565036846e-06 3.046764487673908542e-06 5.060235018013424659e-06
2.581276908092069888e+00 8.867021277686968840e-08 7.470173514447195885e-08 5.316868626150694131e-06
2.584357190798623805e+00 4.459841062395034288e-06 1.616243588383215934e-06 1.431447854757762154e-04
2.587437473505177277e+00 6.818610078208999193e-06 2.482585683655118583e-06 2.071939901858683509e-04
2.590517756211731193e+00 5.954093086131060983e-07 2.102827913561479867e-07 1.634655867486697393e-05
2.593598038918284665e+00 4.089729422632643186e-07 2.481127219863805053e-06 7.992835043512231430e-06
2.596678321624838581e+00 2.610433275839527102e-06 1.355151273141239609e-05 3.675900910680965816e-05
2.599758604331392497e+00 9.112852299205612906e-07 4.945534248147501529e-06 1.329213305121447965e-05
2.602838887037946414e+00 7.583012523833946896e-08 5.814180642772581756e-07 1.384114522398889378e-06
2.605919169744499886e+00 2.767079275109864451e-06 1.965271001518095791e-05 2.899111298924448730e-05
2.608999452451053802e+00 3.673258904536193084e-06 2.510304511248482323e-05 3.520347389305308970e-05
2.612079735157607718e+00 2.268656889336374285e-07 1.506941638882143713e-06 2.708153780268160693e-06
2.615160017864161190e+00 1.919745918600336544e-07 5.484999095745523037e-07 2.238277076234630164e-05
2.618240300570715551e+00 7.450730958795431219e-07 2.715712665611506320e-06 9.788193785097540789e-05
2.621320583277269023e+00 2.981758849498172575e-07 7.613687179608505104e-07 3.149921204498229221e-05
2.624400865983822939e+00 2.831878900052641037e-08 3.500953861533745684e-07 4.215029212925809518e-06
2.627481148690376411e+00 2.145007100475798554e-07 8.062843515638810755e-06 4.127144444909194192e-05
2.630561431396930328e+00 2.844448982169582822e-07 8.930693474708331026e-06 4.236046741690861897e-05
2.633641714103484244e+00 3.230587978882060403e-08 4.714571556858892344e-07 3.189827978063023057e-06
2.636721996810037716e+00 8.794789245444386315e-08 6.413189186659249357e-07 3.967797951695173391e-05
2.639802279516591632e+00 3.799129081661922375e-07 2.536021807932809390e-06 1.488915426663955791e-04
2.642882562223145548e+00 1.551276246784194689e-07 6.473913005461121376e-07 3.824049668489903344e-05
2.645962844929699465e+00 1.606933394749474214e-07 1.904080188772486300e-07 1.947995897696628766e-06
2.649043127636252937e+00 3.554907616667350301e-06 3.122421617461934837e-06 2.886974265250702042e-05
2.652123410342806853e+00 3.239796248386240918e-06 2.919673780670368918e-06 2.686448627158605944e-05
2.655203693049360325e+00 1.317273931641840706e-07 1.415721745114565340e-07 1.569167198340154418e-06
2.658283975755914241e+00 7.723403086356638674e-08 4.420783438977640711e-06 2.071447936651154051e-06
2.661364258462468158e+00 1.679405588070834782e-07 1.467081184746100752e-05 5.015079403719659088e-06
2.664444541169022074e+00 4.001663464195356793e-08 3.155536047228810392e-06 1.797301732042986568e-06
2.667524823875575546e+00 1.548619337597574475e-07 4.870679435038644665e-07 2.897809564061413686e-06
2.670605106582129462e+00 2.043648481937198554e-06 7.111211316536844146e-06 3.028220176001820356e-05
2.673685389288683378e+00 1.499631187803176923e-06 5.474688336851964699e-06 2.347928225195896742e-05
2.676765671995236850e+00 6.142374933038627049e-08 1.391027852908978081e-07 2.727918487307324308e-06
2.679845954701790767e+00 1.390549399598536997e-06 1.548720022519717487e-06 7.012790565331005128e-05
2.682926237408344683e+00 3.880544751988278836e-06 4.559132436155165032e-06 1.843000768686470887e-04
2.686006520114898599e+00 7.235502454058217230e-07 8.021266383421626420e-07 3.309531159104131315e-05
2.689086802821452071e+00 8.336819348888890927e-08 3.396667903238834549e-07 5.748899091388657163e-06
2.692167085528005988e+00 5.317791517512644428e-07 3.433434928090677090e-06 4.977944933164758562e-05
2.695247368234559904e+00 3.744259159989736147e-07 2.364214373097372472e-06 3.364708489725019814e-05
2.698327650941113376e+00 1.043084727730572768e-08 7.341102026022199564e-08 2.179118499468576828e-06
2.701407933647667292e+00 7.147466312282108717e-07 9.988296029762405078e-07 2.487075395060998315e-05
2.704488216354221208e+00 1.757307569023545107e-06 2.416935017731370987e-06 5.557213221581158453e-05
2.707568499060775125e+00 2.916974795542328862e-07 3.261401501743353640e-07 8.498021154885962656e-06
2.710648781767328597e+00 4.129816971733634885e-08 2.734987868501731076e-07 4.030668220213626502e-06
2.713729064473882513e+00 2.128714248629379267e-07 2.443454708658938704e-06 3.486562515669833266e-05
2.716809347180435985e+00 1.183052915257660787e-07 1.445230228640215359e-06 1.947154734502149341e-05
2.719889629886989901e+00 1.250643748065214136e-08 1.510160887554134519e-07 8.731184649165265073e-07
2.722969912593543818e+00 7.854273206179689063e-07 8.034766273899530013e-06 2.972632292336922138e-06
2.726050195300097734e+00 1.624289608318994145e-06 1.588584827759149170e-05 4.677191178466742107e-06
2.729130478006651650e+00 2.101412442300326158e-07 1.871335902523684880e-06 1.111489671744368087e-06
2.732210760713205122e+00 2.362968242815585279e-07 3.014736826858415994e-07 7.007007901657116902e-06
2.735291043419759038e+00 1.941882938657290512e-06 2.448676272060741431e-06 4.779522830219178666e-05
2.738371326126312510e+00 1.052568250493093149e-06 1.147531409128520873e-06 2.271487491568856636e-05
2.741451608832866427e+00 4.326041844637375613e-08 6.035694176810252631e-08 3.382583145243106686e-06
2.744531891539420343e+00 6.794817596049487292e-07 1.717236291475051740e-06 1.528154262742355277e-05
2.747612174245974259e+00 1.218236469564485716e-06 2.873738785905294933e-06 2.404120319161798987e-05
2.750692456952527731e+00 1.174659973005050056e-07 3.382979495863929981e-07 4.177801334765691543e-06
2.753772739659081648e+00 2.787954736122994889e-08 6.086666405874930503e-07 1.468690032984094169e-05
2.756853022365635564e+00 8.141774131700995034e-08 3.658263626097085395e-06 8.128357256331442896e-05
2.759933305072189036e+00 6.381453749466559411e-08 1.540468403895979970e-06 3.310088663862700446e-05
2.763013587778742952e+00 1.845366145250217813e-08 4.056534232603773443e-08 1.131415805275461605e-06
2.766093870485296868e+00 1.099775312881237467e-06 1.227668947087562904e-06 2.109470864441838201e-05
2.769174153191850785e+00 1.507449102216558995e-06 1.769467519298413494e-06 3.129929633900014555e-05
2.772254435898404257e+00 1.272146748570333623e-07 1.280740164928397587e-07 2.643360931062115695e-06
2.775334718604958173e+00 4.232119218351741380e-07 2.229729932379329054e-06 1.001207090768452105e-05
2.778415001311511645e+00 2.390723833134659806e-06 1.239567833969776970e-05 5.422101116579513050e-05
2.781495284018065561e+00 8.407176520587053451e-07 4.323159568710521983e-06 1.896318252860836883e-05
2.784575566724619478e+00 3.796362091714208894e-08 1.469752474037227432e-07 2.041317143635745532e-06
2.787655849431173394e+00 1.016696208969370287e-06 4.209977243456253517e-06 4.697671206272789889e-05
2.790736132137727310e+00 1.352466353223631302e-06 5.160119000595640601e-06 5.668328755947251666e-05
2.793816414844280782e+00 1.033153937939040284e-07 2.784437916470294478e-07 7.413062744843863955e-06
2.796896697550834698e+00 2.275497180891196241e-07 4.167515048859544677e-08 2.719536942354172104e-05
2.799976980257388171e+00 1.097043191543846520e-06 8.652262840531176405e-08 1.012384756481956303e-04
2.803057262963942087e+00 3.481036924559137890e-07 4.044632214521025330e-08 3.141202656736901544e-05
2.806137545670495559e+00 4.353024018029539363e-08 1.698962953133774805e-07 3.242877015368850724e-06
2.809217828377049919e+00 5.893695499149752545e-07 1.942623117109161521e-06 1.605473096826931444e-05
2.812298111083603391e+00 5.553496176827950523e-07 1.973173947295594650e-06 1.709453038458201378e-05
2.815378393790157308e+00 3.230542056156467779e-08 1.579429151761025797e-07 1.405281412758059370e-06
2.818458676496711224e+00 1.054806060805044685e-06 1.846415239747734137e-06 2.659334420551808954e-06
2.821538959203264696e+00 3.917012114676221599e-06 6.595826632197271076e-06 5.926014483745884309e-06
2.824619241909818612e+00 9.691049247928459570e-07 1.598649082206229855e-06 1.354036924186450989e-06
2.827699524616372084e+00 1.215100905989941086e-07 2.354921313025635047e-07 5.528324581806570172e-07
2.830779807322926445e+00 2.036256098186078399e-06 4.876230034765995929e-06 8.661296186460405516e-06
2.833860090029479917e+00 1.821468841199304307e-06 4.352661998704198902e-06 7.469038033863397818e-06
2.836940372736033833e+00 9.819626638831860190e-08 1.507884160722917080e-07 2.093570325149558053e-06
2.840020655442587305e+00 1.052898607352201846e-06 2.768662415108056830e-06 3.190001821319056233e-06
2.843100938149141221e+00 3.512542047721813519e-06 8.899172500335368345e-06 5.924593413432282974e-06
2.846181220855695138e+00 7.085137094142502945e-07 1.787884283371416236e-06 4.682713447951009039e-06
2.849261503562248610e+00 8.093064387822948891e-08 5.789854421800100338e-08 1.217664190858318769e-05
2.852341786268802970e+00 1.040701579304801794e-06 9.073938124345834738e-07 8.230806719139251745e-05
2.855422068975356442e+00 8.151517132634061869e-07 6.805521682753550774e-07 6.229678942990340648e-05
2.858502351681910358e+00 2.476330406206344648e-08 3.340230281860986392e-08 5.838862791513561509e-06
2.861582634388463831e+00 5.805899719265485228e-07 5.086696917009731853e-07 5.725699120375061726e-05
2.864662917095017747e+00 1.484603521088503832e-06 1.215510061980224239e-06 1.399213825953072329e-04
2.867743199801571663e+00 2.490170941671363650e-07 2.625816334023263105e-07 2.292171488637930078e-05
2.870823482508125579e+00 1.273324565796631640e-07 5.853965872828253019e-07 3.371547813591788826e-06
2.873903765214679051e+00 1.619574463731399959e-06 5.789898474770254077e-06 2.673549132126688848e-05
2.876984047921232968e+00 1.068585799820232477e-06 3.770291642578489722e-06 1.605129602159813636e-05
2.880064330627786884e+00 3.713813115723217513e-08 1.244485178630977209e-07 1.340146741395939122e-06
2.883144613334340356e+00 9.439447058088466258e-07 2.711611948244549574e-06 3.259487653712822656e-05
2.886224896040894272e+00 2.161722487615967368e-06 6.046083267921626889e-06 7.269758408615186634e-05
2.889305178747447744e+00 3.374301557004835463e-07 7.911132370498545436e-07 1.290521083136094586e-05
2.892385461454002105e+00 3.332313900428567832e-07 2.421739552761522796e-07 5.443930089806800440e-06
2.895465744160555577e+00 3.041063459142425727e-06 2.366382911721360644e-06 1.872215057029127274e-05
2.898546026867109493e+00 1.674594003201174326e-06 1.318631478499732932e-06 1.307460970508867851e-05
2.901626309573663409e+00 3.626491536278514124e-08 4.543297077249511094e-08 9.640128318966660950e-06
2.904706592280216881e+00 1.825335600629449015e-07 4.229039904404888199e-07 1.124229967459745067e-05
2.907786874986770798e+00 2.865321441188941575e-07 7.637377829403014750e-07 1.531903984976453725e-05
2.910867157693324270e+00 3.683887333438213026e-08 8.774418500299633024e-08 4.617999913461140494e-06
2.913947440399878630e+00 8.428467057137459522e-08 9.294154264863045029e-09 5.077393239965543460e-06
2.917027723106432102e+00 6.516619469666743046e-07 6.090020605456755872e-08 1.939870789920699224e-05
2.920108005812986018e+00 3.002642075905615131e-07 2.534757932346128695e-08 9.929461546998978401e-06
2.923188288519539491e+00 9.346344495020176252e-09 6.341794887918577775e-08 6.653012715941558797e-07
2.926268571226093407e+00 3.825212130746986375e-07 2.448518558592766912e-06 1.719510550434068128e-06
2.929348853932647323e+00 6.371608682491896233e-07 3.978735509991049379e-06 2.327028497240427179e-06
2.932429136639200795e+00 6.529355112602869685e-08 4.066542496946730675e-07 1.598069780132156474e-06
2.935509419345755155e+00 3.939708562014236490e-07 1.576157195313804203e-06 4.893010684084981755e-06
2.938589702052308628e+00 2.650680482339493364e-06 9.687877623126131530e-06 2.110828863416373152e-05
2.941669984758862544e+00 1.094271064624040631e-06 3.779257613343805854e-06 8.876497849505149044e-06
2.944750267465416016e+00 5.577385383265739173e-08 1.281870389594807438e-08 6.254105265178289331e-06
2.947830550171969932e+00 1.305509748208659824e-06 1.323523493182607301e-08 7.284324717887309000e-06
2.950910832878523404e+00 1.833170610305192098e-06 1.586859810557040692e-08 6.394593527392893338e-06
2.953991115585077321e+00 1.474253685632661597e-07 1.883562114842563199e-08 8.829929024608879664e-06
2.957071398291631237e+00 1.281734575235588823e-07 3.314896912435671329e-07 3.363700809377543623e-05
2.960151680998185153e+00 5.135069724373071474e-07 1.460882161811808917e-06 1.311922866059199054e-04
2.963231963704739069e+00 1.660230432993386916e-07 5.132254411541866546e-07 4.378633489880468270e-05
2.966312246411292541e+00 8.822192865240912586e-09 3.123726057235206779e-08 3.984848954105294528e-06
2.969392529117846458e+00 2.448079252752354915e-07 2.332699053251459018e-07 1.953735211730045208e-05
2.972472811824399930e+00 2.717300423720885031e-07 2.794889466442141487e-07 2.058958022203896587e-05
2.975553094530954290e+00 3.156667476274055881e-08 1.597845675621285272e-08 1.574919772991549570e-06
2.978633377237507762e+00 3.000573047994926034e-07 6.247473421043380733e-07 1.060983056283937847e-05
2.981713659944061678e+00 1.353522137469971555e-06 2.726466286347966173e-06 3.751197810006468020e-05
2.984793942650615151e+00 3.750905892613958216e-07 7.773035972221687785e-07 9.758184533484447497e-06
2.987874225357169067e+00 1.022114692758619898e-07 2.164370097378751238e-07 4.911278417045937823e-06
2.990954508063722983e+00 2.268487245842579425e-06 4.955319654054390686e-06 1.679078306819267990e-05
2.994034790770276455e+00 2.327897390769051959e-06 5.006255732652877504e-06 1.711933433631650887e-05
2.997115073476830815e+00 1.038212979056451977e-07 2.218082264680806464e-07 9.443784948223518587e-06
3.000195356183384288e+00 2.865180740198951120e-07 1.513178843670737531e-07 1.191844679425377554e-05
3.003275638889938204e+00 1.027002209792899009e-06 5.022897236108915246e-07 1.984887619921412948e-05
3.006355921596491676e+00 2.586142332668213741e-07 1.086873503517955981e-07 9.506858617573821308e-06
3.009436204303045592e+00 1.065322508602244275e-08 1.050150329342476860e-08 1.206422093489464167e-05
3.012516487009599064e+00 6.251407554272894336e-08 5.056125243274933079e-08 2.990364810087771150e-05
3.015596769716152981e+00 5.284162641014788912e-08 3.734093996655150012e-08 2.418158270469496237e-05
3.018677052422706897e+00 7.041715083960394322e-09 3.515823845553251180e-08 3.235370725718637975e-06
3.021757335129260813e+00 2.418313726192190846e-07 1.793411095410900095e-07 4.489322187617285068e-06
3.024837617835814729e+00 6.494250931429621679e-07 4.148955578257784216e-07 1.019017277581594461e-05
3.027917900542368201e+00 1.285572663464865461e-07 9.998642044833845088e-08 3.678568142062510688e-06
3.030998183248922118e+00 1.289091586609946778e-07 1.411824738196256297e-07 9.127782967864658673e-06
3.034078465955475590e+00 1.793377891049205211e-06 1.707580413187737611e-06 9.830181811068322215e-05
3.037158748662029506e+00 1.316914700518692914e-06 1.242869795770991632e-06 7.100092856199200473e-05
3.040239031368583422e+00 5.540385947884133292e-08 2.683420415881276438e-08 6.071455319311816160e-06
3.043319314075137338e+00 7.318611464645680494e-07 5.841366425448525502e-07 1.305941355031019202e-05
3.046399596781690811e+00 1.857828004969597946e-06 1.474994516226392926e-06 2.751614328108338409e-05
3.049479879488244727e+00 3.064210006897472286e-07 2.598217471430379154e-07 1.046013793957575000e-05
3.052560162194798643e+00 8.724043412077083282e-09 2.960715529576119292e-07 1.309093690206253191e-05
3.055640444901352115e+00 3.776084771835817772e-08 2.867603880369081446e-06 1.019075042079913159e-05
3.058720727607906031e+00 3.323787439346569923e-08 1.737861460505437769e-06 8.280248125714973650e-06
3.061801010314459948e+00 8.075062846657876522e-09 3.165041524839058417e-08 1.202364360636780241e-05
3.064881293021013864e+00 1.616838927187925949e-07 3.310002993639750457e-07 4.772005195790891970e-05
3.067961575727567336e+00 3.496605638560523656e-07 6.956679744127534818e-07 9.631615364030069490e-05
3.071041858434121252e+00 5.829930134913786015e-08 9.376304471313546593e-08 1.327674089910070512e-05
3.074122141140675168e+00 4.210403194486112766e-08 9.667742813381614785e-08 8.247090489510501576e-06
3.077202423847228641e+00 3.586333061121880887e-07 6.817981498018167795e-07 6.008258173710036390e-05
3.080282706553782557e+00 1.912921166449461464e-07 3.852468246624185219e-07 3.392308057852710707e-05
3.083362989260336473e+00 7.087931979834202066e-09 3.187156790685108242e-08 3.533285910544649004e-06
3.086443271966890389e+00 5.822738606900957002e-07 1.279577353534355930e-06 3.791133698426113114e-06
3.089523554673443861e+00 1.134660576147006640e-06 2.386668299932915146e-06 6.149445132057368451e-06
3.092603837379997778e+00 1.353573186013204430e-07 2.513473789761037239e-07 5.514933285383554157e-06
3.095684120086551250e+00 6.088583791934183158e-08 7.161895573391494945e-08 1.044935540529979733e-05
3.098764402793105166e+00 4.102251021087829145e-07 4.817158643493983710e-07 3.283029925172373849e-05
3.101844685499659082e+00 2.024033717108747685e-07 2.193498528364157942e-07 1.700541026926193365e-05
3.104924968206212998e+00 8.469128986254863203e-09 3.512649473347986088e-08 1.546850838142261355e-05
3.108005250912766915e+00 8.529607773342740572e-08 1.316022431716419546e-06 6.043848107100940672e-06
3.111085533619320387e+00 1.425182654181015123e-07 2.026869061541341641e-06 2.714948278415702643e-06
3.114165816325874303e+00 1.353759743403357792e-08 1.883261037696799048e-07 9.381091088039948323e-06
3.117246099032427775e+00 7.663738269777388940e-09 4.279057828093536497e-08 2.048548673978754504e-05
3.120326381738981691e+00 1.593455614646294266e-08 2.037892297488606999e-07 6.589834138898537075e-05
3.123406664445535608e+00 1.060821491785911772e-08 7.997059655075371191e-08 2.420480328175714861e-05
3.126486947152089524e+00 1.448780988907673033e-08 3.899059343344393717e-09 1.655688846269589485e-06
3.129567229858642996e+00 5.679535948549005212e-07 1.536086546586101222e-07 4.785046455816352131e-05
3.132647512565196912e+00 7.449185916724300755e-07 2.122441096024030322e-07 6.608304353786635687e-05
3.135727795271750828e+00 5.434026301812552238e-08 1.481270859907637653e-08 8.223754895127084912e-06
3.138808077978304301e+00 1.936753523998545009e-07 1.820749820638099384e-07 1.788931914016470169e-05
3.141888360684858661e+00 9.258807799499990630e-07 8.969731893547047794e-07 7.225693856442629969e-05
3.144968643391412133e+00 2.954682212229162450e-07 3.046820822871781906e-07 2.545356187675849418e-05
3.148048926097966049e+00 2.411380368825604736e-09 3.596220544091322393e-08 8.790401336418302478e-06
3.151129208804519521e+00 1.474328162457073388e-08 6.387959299987921134e-07 8.421872607718229776e-06
3.154209491511073438e+00 2.186402370166353206e-08 6.949803102488588685e-07 6.896944319714893611e-06
3.157289774217626910e+00 1.073039915382087610e-08 3.374696302721266305e-08 1.384768581364924280e-05
3.160370056924180826e+00 1.166348914898590059e-07 4.818660234867994028e-08 1.115803189971458191e-05
3.163450339630734742e+00 4.627306787762892181e-07 1.977545384668632040e-07 5.028109081981670097e-06
3.166530622337288214e+00 1.276454691178005874e-07 6.115911346469283453e-08 6.022508073812815674e-06
3.169610905043842131e+00 1.570979678970411382e-08 3.713318041886303693e-08 2.480863466786733677e-05
3.172691187750395603e+00 2.263028323580792718e-07 4.144228865320110855e-07 3.356207635827060864e-04
3.175771470456949963e+00 2.049553775128374899e-07 3.918860864849821477e-07 3.137019006117055977e-04
3.178851753163503879e+00 9.669226958532521022e-09 2.022043324900398690e-08 1.170478358884447947e-05
3.181932035870057796e+00 2.345251549758984422e-07 2.255448964103218367e-07 1.399126610867122498e-05
3.185012318576611268e+00 8.118711909377880860e-07 7.755550298082779718e-07 4.232214545682966517e-05
3.188092601283165184e+00 1.911957091634312651e-07 1.634130797498474616e-07 1.381390567384941113e-05
3.191172883989718656e+00 1.895656522421439819e-08 3.790421662069820234e-08 6.670006870526351591e-06
3.194253166696272572e+00 1.837709663796598810e-07 4.385443128841401169e-07 1.753839334315170759e-05
3.197333449402826488e+00 1.547789364770315043e-07 3.624384096994816680e-07 1.618195394101472559e-05
3.200413732109379961e+00 7.550329478436128283e-09 3.186023488073305028e-08 1.010269792788802813e-05
3.203494014815933877e+00 3.954053427776959907e-08 8.300203212293007293e-07 2.713775743747047947e-05
3.206574297522487349e+00 1.254716194085739070e-07 2.301989649265811412e-06 6.183459381482275764e-05
3.209654580229041265e+00 3.081615222331442471e-08 4.332041532947558900e-07 2.273171109982850252e-05
3.212734862935595181e+00 5.425525019839599467e-09 5.242509727639923598e-09 2.324172837592173435e-05
3.215815145642148654e+00 5.556100154230186681e-08 4.843205514443690603e-08 8.812238168813187349e-05
3.218895428348703014e+00 4.453003286392597315e-08 3.126279203469118723e-08 6.016751636380435062e-05
3.221975711055256930e+00 5.743312669522068892e-09 2.891323734878225873e-09 9.174417032392447033e-06
3.225055993761810402e+00 7.926206402767949404e-08 1.963050831384350612e-07 1.149199267696119421e-04
3.228136276468364319e+00 2.022989242605970376e-07 4.931176012654079181e-07 2.711140429822665970e-04
3.231216559174918235e+00 2.948380965683023633e-08 7.829097089598804339e-08 3.955407964936065543e-05
3.234296841881471707e+00 1.906779825141235973e-08 6.461380268800253308e-08 1.768644670338547992e-05
3.237377124588025623e+00 1.527487115853563828e-07 7.278077633519904062e-07 1.698665536348938868e-04
3.240457407294579095e+00 9.511061301215646749e-08 4.358117215195020144e-07 1.040500648182604815e-04
3.243537690001133011e+00 1.662997495179623360e-09 5.333376875020901488e-09 1.146759502713297737e-05
3.246617972707686484e+00 1.919671445645928358e-08 8.862610802385096249e-08 4.955456998911614785e-05
3.249698255414240400e+00 2.623713091097063407e-08 1.775362166740391187e-07 9.134884311960793639e-05
3.252778538120794316e+00 6.236663822719309845e-09 2.922853115014729950e-08 2.056666973191499586e-05
3.255858820827347788e+00 1.307285565632103810e-08 1.719715049395944581e-07 1.490315610338885122e-05
3.258939103533901704e+00 9.741759471066982991e-08 1.331627275745524342e-06 4.426717276566076751e-05
3.262019386240456065e+00 5.343418611721561576e-08 6.810211150270455115e-07 2.405753987988715434e-05
3.265099668947009981e+00 1.718422378939776347e-09 2.828076588283338848e-08 1.868169226106184525e-05
3.268179951653563453e+00 9.385274104076224319e-08 3.735541822296415205e-07 1.644589527885634631e-04
3.271260234360117369e+00 1.506251651086369288e-07 6.129955996459284989e-07 2.760635020880075120e-04
3.274340517066670841e+00 1.900944999997962111e-08 6.056759071990927485e-08 2.494247547922897348e-05
3.277420799773224758e+00 1.112450465746561186e-07 1.689234324769444023e-08 1.805295947846100315e-05
3.280501082479778230e+00 7.567275908213845976e-07 1.078209806628744883e-07 7.287044668375595438e-05
3.283581365186332146e+00 3.178982325627401558e-07 4.406283067433899743e-08 3.137017372609229496e-05
3.286661647892886062e+00 1.787290175699889254e-08 6.040063056581699186e-09 3.674993105843434587e-06
3.289741930599439534e+00 2.758056521584760360e-07 7.698646409434925396e-08 2.581171053372479732e-05
3.292822213305993451e+00 3.948680746899302952e-07 1.230058052077822812e-07 3.712091805751597813e-05
3.295902496012546923e+00 3.260059309395786539e-08 1.163386972803937960e-08 1.117152236844832388e-05
3.298982778719100839e+00 9.286522540827528074e-09 1.991868959129132162e-08 7.874894575358652485e-06
3.302063061425655199e+00 3.080923420357507462e-08 9.619135016340025561e-08 1.108793908833051828e-06
3.305143344132209116e+00 1.237859094459088467e-08 3.433362702812777229e-08 4.383119413401565216e-06
3.308223626838762588e+00 1.839780248741056861e-09 1.247348007503958126e-08 1.775611555140300420e-05
3.311303909545316504e+00 1.126884275401186918e-08 4.507539077375230429e-07 1.357307795829207364e-04
3.314384192251869976e+00 1.424197873517806336e-08 5.756227526662459333e-07 1.590007165420260875e-04
3.317464474958423892e+00 3.903105715522438813e-09 4.690271380686129570e-08 1.875164820955779749e-05
3.320544757664977809e+00 2.719760292724397820e-08 1.980978245936204110e-07 1.739975287911816332e-05
3.323625040371531281e+00 1.384921125448874040e-07 8.755330005857524881e-07 2.261462445718553279e-05
3.326705323078085197e+00 4.340417746455560664e-08 2.716406215356048649e-07 7.393542639283522052e-06
3.329785605784638669e+00 4.657204686911834519e-09 5.574318444456371773e-09 6.990478955895154821e-06
3.332865888491192585e+00 1.041643118368810278e-07 1.118058565793517382e-07 7.602725996474689557e-05
3.335946171197746501e+00 1.206403316256211917e-07 1.277609570913529578e-07 7.873063739797694211e-05
3.339026453904299974e+00 1.013867074802906097e-08 7.838800983657939578e-09 8.620184439681194963e-06
3.342106736610853890e+00 2.096740085782668830e-08 9.900913005381910874e-09 2.889023028895360636e-05
3.345187019317408250e+00 7.279933510339473091e-08 2.984429692806440129e-08 9.845173079913291565e-05
3.348267302023961722e+00 2.279630824494670163e-08 1.092945608037461348e-08 2.899174619736083979e-05
3.351347584730515639e+00 9.427780628695419543e-09 1.664252239942857916e-08 1.411281375123016534e-05
3.354427867437069555e+00 1.114800013257587270e-07 1.887285219473325586e-07 1.550208166297084117e-05
3.357508150143623027e+00 1.008128065498072483e-07 1.741827131799287337e-07 1.378274032092075692e-05
3.360588432850176943e+00 4.188173848147261850e-09 1.163956989858668802e-08 1.294670797088753464e-05
3.363668715556730415e+00 1.560488592808398432e-08 1.052049197949678490e-07 3.428401357347329734e-05
3.366748998263284332e+00 4.268919175052928976e-08 3.503355760919965049e-07 8.394998651213809798e-05
3.369829280969838248e+00 1.193011108361975986e-08 7.149406036096056005e-08 1.936221138661252118e-05
3.372909563676391720e+00 2.323033671720435091e-08 1.374246630382353285e-08 1.153189635254886800e-05
3.375989846382945636e+00 3.618107991862850132e-07 2.148382516005652244e-07 6.134864859800628269e-06
3.379070129089499108e+00 2.789437962851823224e-07 1.737795930176193351e-07 4.161607129320953511e-06
3.382150411796053024e+00 1.142129776594292191e-08 8.187487438043843576e-09 1.505944145244705699e-06
3.385230694502606497e+00 5.127299059931038838e-08 3.797527057390200613e-08 4.725058271797061364e-05
3.388310977209161301e+00 1.281561920655078684e-07 1.149102049710278506e-07 1.186996994111115696e-04
3.391391259915714773e+00 2.246148486531697450e-08 2.121421431605725096e-08 2.344350222079741216e-05
3.394471542622268689e+00 1.662875507849887106e-09 6.819859716633713694e-09 1.424269410958563153e-05
3.397551825328822162e+00 9.953728221534524310e-09 8.418671119296059900e-08 4.828565336052802957e-05
3.400632108035376078e+00 8.222833434919480922e-09 5.370631187577572769e-08 3.317272877125670044e-05
3.403712390741929994e+00 2.938412554236887728e-09 6.040776013051474769e-09 1.412128321236269982e-05
3.406792673448483466e+00 7.490917626354399402e-08 1.774778498151464491e-07 4.771541847136775326e-05
3.409872956155037382e+00 1.712316015523299251e-07 3.960196338590587114e-07 8.955173356785126266e-05
3.412953238861590854e+00 2.584052351339171486e-08 6.749636566706038766e-08 1.793618502157779684e-05
3.416033521568144771e+00 9.206533943105534452e-09 5.362804483195209107e-08 1.948719120697379231e-05
3.419113804274698243e+00 9.342198654369434516e-08 4.581152637874512708e-07 5.196875553144659061e-05
3.422194086981252159e+00 5.409179948564400205e-08 2.566869447508880204e-07 2.475324169849599696e-05
3.425274369687806075e+00 5.262852601135002518e-09 3.817364181350058174e-09 8.823744780133045291e-06
3.428354652394360436e+00 2.184546927672643614e-07 4.188557691528745026e-08 4.619813142739114845e-06
3.431434935100913908e+00 4.295052190938633809e-07 8.241234188928147155e-08 1.794065120492276282e-06
3.434515217807467824e+00 5.573261551395606063e-08 1.160098266096124762e-08 1.704317734559259952e-06
3.437595500514021740e+00 2.052649517914586057e-08 2.014325530003190677e-08 2.472919844678554766e-05
3.440675783220575212e+00 1.334573487057430278e-07 1.550476559192852735e-07 1.588694270816334722e-04
3.443756065927129129e+00 6.402681553902257026e-08 7.789499066456567934e-08 6.872046090303401999e-05
3.446836348633682601e+00 4.363561426347055991e-09 2.135599942568330547e-09 1.520334102375594136e-05
3.449916631340236517e+00 7.643118294856342803e-08 8.902798364458300637e-08 7.176618234390405853e-05
3.452996914046789989e+00 1.250920309990670720e-07 1.529215850809117647e-07 1.073219866849110462e-04
3.456077196753343905e+00 1.216895574756578408e-08 1.492344490774514542e-08 1.859077211877874412e-05
3.459157479459897822e+00 1.355468591862845191e-08 3.287358772795970032e-08 2.424050363606899792e-05
3.462237762166451294e+00 8.036033854367546388e-08 2.237702395864923804e-07 6.458815478393139847e-05
3.465318044873005210e+00 3.334090040072767600e-08 9.698071370835553970e-08 2.850650892007197906e-05
3.468398327579558682e+00 1.238461036255631261e-09 5.874175965085827218e-09 1.314519590767776403e-05
3.471478610286113486e+00 6.477643868066831564e-08 1.316497158262089759e-07 3.106242570546229075e-05
3.474558892992666959e+00 9.334615830385619364e-08 1.899889584301476841e-07 3.358766805401427064e-05
3.477639175699220875e+00 7.998304331413380799e-09 1.882900330148363325e-08 4.620271204466631919e-06
3.480719458405774347e+00 2.040159281047962948e-08 1.962273221375300968e-08 3.999010585972030365e-06
3.483799741112328263e+00 1.181813753203029563e-07 9.986551241445717070e-08 2.253891517283857011e-06
3.486880023818881735e+00 4.441774480601591169e-08 3.239190061187238558e-08 1.966244220176304209e-06
3.489960306525435652e+00 4.239126947762846070e-09 5.679722352132882967e-10 8.722851170885324404e-06
3.493040589231989568e+00 9.604938409052025906e-08 1.018122598941930570e-08 8.208080358961952966e-05
3.496120871938543040e+00 1.145088979052753894e-07 1.240246350696632453e-08 8.887525635387403351e-05
3.499201154645096956e+00 9.389639870526531782e-09 2.603710071845948248e-09 1.278215682975136331e-05
3.502281437351650428e+00 5.445737344389239941e-08 1.991828526653958142e-08 2.771806428600695927e-05
3.505361720058204344e+00 2.234235209546643471e-07 6.739619834189740490e-08 6.894422084337771994e-05
3.508442002764758261e+00 6.474254119806067053e-08 2.112341814960658635e-08 2.024305667887415491e-05
3.511522285471311733e+00 2.240007989650798200e-09 8.491701860146421684e-09 1.988064090390326800e-05
3.514602568177866093e+00 2.185359706131739558e-08 1.699226184138815231e-07 5.468698223150010568e-05
3.517682850884420009e+00 2.034244754620879038e-08 1.711713084538818076e-07 5.284185572569288558e-05
3.520763133590973482e+00 1.979369609861829074e-09 6.665350574646480503e-09 1.148439644723733527e-05
3.523843416297527398e+00 3.281573928988524749e-08 2.975708989785523341e-08 1.932522500466841967e-05
3.526923699004081314e+00 1.209993842216410471e-07 1.008692540523723082e-07 4.407975829353260965e-05
3.530003981710634786e+00 3.048604668183412029e-08 2.883191668530657698e-08 9.165545426489390217e-06
3.533084264417188702e+00 1.906665190169735260e-09 5.935164712923703064e-09 2.136313070890367963e-06
3.536164547123742175e+00 2.803443497391310026e-08 5.195866807016497571e-08 1.039964403124687207e-06
3.539244829830296091e+00 2.607645712397939007e-08 4.460663456166790414e-08 1.395792720692514974e-06
3.542325112536850007e+00 1.275951963891195087e-09 1.466583412198295144e-09 8.711160263589601933e-06
3.545405395243403479e+00 1.907362486087081386e-08 2.758806063423748671e-08 1.221523825446916860e-05
3.548485677949957395e+00 6.137926257185422433e-08 8.548336122847151818e-08 1.802438134123924163e-05
3.551565960656510867e+00 1.389741764120131978e-08 1.786004007726805470e-08 8.270255798683713347e-06
3.554646243363065228e+00 9.768632893432811386e-09 1.670898542801660693e-08 1.858095079178204558e-05
3.557726526069619144e+00 1.129353592560482699e-07 2.048822974376528314e-07 5.679441087225407179e-05
3.560806808776173060e+00 8.705498539404231400e-08 1.563930398176116801e-07 3.712620048762674778e-05
3.563887091482726532e+00 3.097327462020496957e-09 5.350157531710348137e-09 1.374694504371213666e-05
3.566967374189280449e+00 1.491743652637332274e-08 6.877189700929373707e-08 8.749265744554686792e-06
3.570047656895833921e+00 3.808087156219530567e-08 1.810295868666509789e-07 4.948752993259723176e-06
3.573127939602387837e+00 6.562040262333326516e-09 3.047222036179986023e-08 4.921081650498993377e-06
3.576208222308941753e+00 8.135860523434434781e-09 1.376087230449635753e-08 7.871574185989156609e-06
3.579288505015495225e+00 9.806843315170291012e-08 1.644062612018690647e-07 1.533563669349604641e-05
3.582368787722049142e+00 6.409047746875571919e-08 1.059059297876447304e-07 8.186109035959610527e-06
3.585449070428602614e+00 3.777211575044731150e-09 3.115701468372755862e-09 2.308767510660519165e-06
3.588529353135156530e+00 2.812480145848566122e-08 1.959028649050050802e-08 5.625129674007179035e-06
3.591609635841710002e+00 6.467123393705279849e-08 4.129706634233952629e-08 8.038663504293921668e-06
3.594689918548263918e+00 8.834072154545108216e-09 7.109270720620866982e-09 6.566953736955634295e-06
3.597770201254818279e+00 4.005348468640996058e-09 4.575603374972413153e-09 2.470680107794891991e-05
3.600850483961372195e+00 1.630839853282881244e-08 3.824692296777180941e-08 1.394937308826221930e-04
3.603930766667925667e+00 9.132035850394595917e-09 1.994392491754245004e-08 7.088370736770352063e-05
3.607011049374479583e+00 1.012599640057645025e-09 8.386003760264734390e-10 1.695801594410189332e-05
3.610091332081033499e+00 2.618052901989147033e-08 7.254330108233869288e-08 8.752991873936290257e-06
3.613171614787586972e+00 4.788544348610350044e-08 1.415980461924166662e-07 3.314923145164482589e-06
3.616251897494140888e+00 6.266268530076348336e-09 1.433286567082196348e-08 8.777548137214348303e-06
3.619332180200694360e+00 1.969561836509243115e-09 3.039005220930564995e-09 1.133031659314296404e-05
3.622412462907248276e+00 1.020579730953775355e-08 1.439318196794828355e-08 3.913293443025138574e-06
3.625492745613801748e+00 5.204122525573502097e-09 7.698865936001405214e-09 1.822595673619854901e-06
3.628573028320355665e+00 1.010127836889588724e-09 1.462952899391337441e-09 2.714786384138712641e-06
3.631653311026909581e+00 4.478138443395163409e-08 4.578955742839111132e-08 6.819932821480853053e-06
3.634733593733463053e+00 7.106584029436639340e-08 7.105725535783604088e-08 8.232462534675896075e-06
3.637813876440016969e+00 7.739968869566108027e-09 6.335053204060465581e-09 3.535690302374328061e-06
3.640894159146571329e+00 2.117698459898668723e-08 2.503558245023828101e-08 8.996411337181238688e-06
3.643974441853125246e+00 1.313970486103824344e-07 1.441209779282079195e-07 2.433101575429355519e-05
3.647054724559678718e+00 5.093375123919354270e-08 5.484081847322817166e-08 9.377880710821522158e-06
3.650135007266232634e+00 4.199610168807710002e-09 6.626993163217443585e-09 1.476344551808083417e-05
3.653215289972786106e+00 3.431906278137933521e-08 1.136350918402009489e-07 5.755799927023980123e-05
3.656295572679340022e+00 4.472663213681664202e-08 1.482537786852423361e-07 6.751959183062213640e-05
3.659375855385893495e+00 3.995018732316458975e-09 1.128052033759427144e-08 1.333419177487156660e-05
3.662456138092447411e+00 3.612565481690378109e-09 3.963685666522639095e-08 1.090901258675548371e-05
3.665536420799001327e+00 1.385685512378990110e-08 1.946484516151442100e-07 1.485133748229962882e-06
3.668616703505554799e+00 4.628186637058509598e-09 6.257018710246478203e-08 3.205144542290281187e-06
3.671696986212108715e+00 2.392187441415771274e-09 1.502583451192659054e-09 1.057025920131631679e-05
3.674777268918662188e+00 4.099851501893236722e-08 1.150985686957323406e-08 7.674888080919641407e-06
3.677857551625216104e+00 4.825535949853256647e-08 1.454823422420321292e-08 5.695025273251688417e-06
3.680937834331770464e+00 4.756065007998070301e-09 1.412278604565279052e-09 7.152317969046097831e-07
3.684018117038324380e+00 7.006792484864922814e-09 4.097860411260770304e-10 8.195599603145423780e-07
3.687098399744877852e+00 2.888639765761139828e-08 3.464587860452188835e-10 7.309554560927666872e-07
3.690178682451431769e+00 8.171967763908088225e-09 3.373807380059713928e-10 2.861438169951382014e-06
3.693258965157985241e+00 1.895112528687264765e-09 1.025700517702860921e-08 1.135988838176659061e-05
3.696339247864539157e+00 4.510228137982697350e-08 2.402880585147564136e-07 6.986230482183756042e-05
3.699419530571093073e+00 4.634305419650673773e-08 2.350159543965475105e-07 6.411178908287236346e-05
3.702499813277646545e+00 3.018685026049084748e-09 1.050380189911962242e-08 1.151185653224111992e-05
3.705580095984200462e+00 9.989270686636127507e-09 4.731123131977477349e-08 1.625674831834479818e-05
3.708660378690753934e+00 3.289314233191540686e-08 1.672947039399327662e-07 3.658745952668576707e-05
3.711740661397307850e+00 8.807679016296184766e-09 4.005906565899433200e-08 1.351730711598566580e-05
3.714820944103861766e+00 1.480478192255572267e-09 2.859455052912871076e-09 1.552160379132303005e-05
3.717901226810415238e+00 1.237956472163765439e-08 5.202748760584793849e-08 1.196385160807292332e-05
3.720981509516969155e+00 1.001002929928716656e-08 4.613175365914433359e-08 9.383771831440441716e-06
3.724061792223523515e+00 3.939363602944697366e-10 1.907662674705767339e-09 5.714942016947148921e-06
3.727142074930076987e+00 4.034210967883076738e-09 1.884460820605589698e-08 1.803312237348193457e-05
3.730222357636630903e+00 1.187100001507548997e-08 5.779383426213713725e-08 4.166123303472816494e-05
3.733302640343184819e+00 4.565007773342672765e-09 1.021825643902967174e-08 7.775674333280786240e-06
3.736382923049738292e+00 2.629446016132579401e-09 3.270290885536685533e-09 2.285501250872736644e-06
3.739463205756292208e+00 2.286734748362471783e-08 2.411124506450001904e-08 6.223354210690688575e-06
3.742543488462845680e+00 1.607742436575374517e-08 1.595482849912956068e-08 4.857444381310567404e-06
3.745623771169399596e+00 1.962226909649683058e-09 2.374326179406678186e-09 1.171393622169421781e-05
3.748704053875953512e+00 8.138536188294467197e-10 8.012342072736598245e-08 1.180965730945700797e-05
3.751784336582506985e+00 4.297454880935427750e-10 1.987576863312613884e-07 1.436279934757846697e-05
3.754864619289060901e+00 2.050441943937187150e-10 2.989979576778397617e-08 9.110143587239584180e-06
3.757944901995614373e+00 2.175500832360590362e-10 3.590903884253550887e-09 1.904443671275143376e-05
3.761025184702168289e+00 1.789563725298177435e-09 3.874789819467952261e-08 1.171754723593958762e-04
3.764105467408722649e+00 9.984559889945613524e-10 2.417679424511702393e-08 6.699097377105351823e-05
3.767185750115276566e+00 1.329385366379943879e-09 7.831709231347918642e-10 1.445150714926109286e-05
3.770266032821830038e+00 2.695183299547056256e-08 1.461542400546024074e-08 1.158696286938997743e-05
3.773346315528383954e+00 5.470184977511810029e-08 3.427972183954704243e-08 1.059116688231743942e-05
3.776426598234937426e+00 7.580761688720886438e-09 4.635872310985671510e-09 1.641153346956685613e-06
3.779506880941491342e+00 1.964237416056804291e-09 3.293672020154272662e-09 4.587599577082746198e-06
3.782587163648045259e+00 1.295218502216791782e-08 2.984867785232680829e-08 2.873835231925424746e-05
3.785667446354598731e+00 6.809413138880585875e-09 1.533586815831173841e-08 1.386112921391060460e-05
3.788747729061152647e+00 1.429729181518858961e-09 2.194581792966291593e-09 5.363333037606715568e-06
3.791828011767706119e+00 5.817963842897223858e-08 1.123458335965786144e-07 6.627073710178223535e-06
3.794908294474260035e+00 1.036740897282545339e-07 1.975877976165662279e-07 8.133729840563386578e-06
3.797988577180813508e+00 1.258508558900933791e-08 2.260316874099431658e-08 9.756994449199602056e-06
3.801068859887367424e+00 1.999129801872603566e-09 2.777198337294206534e-08 1.726974378574040243e-05
3.804149142593921340e+00 6.369455320954527428e-09 1.849105285198340085e-07 5.277435760545963499e-05
3.807229425300475700e+00 2.955346418360909264e-09 8.021770874374977004e-08 2.255772628000429495e-05
3.810309708007029172e+00 2.670166418199144954e-10 9.181660068516484881e-10 1.091756806264805206e-05
3.813389990713583089e+00 1.258882391085373250e-08 8.436010445144007519e-09 6.244894889308787926e-05
3.816470273420137005e+00 1.880128387368739157e-08 1.310290298219061657e-08 8.472035016688716049e-05
3.819550556126690477e+00 1.762244168011464913e-09 1.527772443720438676e-09 1.175352671175598983e-05
3.822630838833244393e+00 7.639554603041860304e-09 1.763645003436192413e-08 1.690112269281346884e-05
3.825711121539797865e+00 4.033476492280224906e-08 1.143203452173333297e-07 3.954882724410903772e-05
3.828791404246351782e+00 1.633443900193290291e-08 4.148723482703526832e-08 1.363533829582656548e-05
3.831871686952905254e+00 8.093028902833829149e-10 1.149524267971489653e-09 7.099004884953906544e-07
3.834951969659459170e+00 1.601733023228083942e-09 3.101504440032546352e-08 1.000294179789494735e-05
3.838032252366013086e+00 1.905873135881147284e-09 4.050282376986687787e-08 1.208751803728597695e-05
3.841112535072566558e+00 2.747913693106739393e-10 2.609030950527111259e-09 7.395437084811018599e-06
3.844192817779120475e+00 5.751625144853362904e-09 4.902100422315504590e-08 7.917445782905962776e-06
3.847273100485673947e+00 2.943447517494372317e-08 2.361058045851261914e-07 2.123115525702981378e-06
3.850353383192228751e+00 1.023806077811345772e-08 7.410072684172651905e-08 4.560767052071979949e-06
3.853433665898782223e+00 1.773276522815261247e-10 1.941034317122814448e-09 1.347754954287328214e-05
3.856513948605336140e+00 2.579730434735215058e-09 4.788107186987905692e-08 2.519252263685681548e-05
3.859594231311889612e+00 2.378121267571167895e-09 5.337225412724634306e-08 2.329336400247737941e-05
3.862674514018443528e+00 3.424794154913857328e-10 3.507746312198598415e-09 8.448165140412408514e-06
3.865754796724997000e+00 2.736639226503577297e-09 1.158997183857637767e-08 8.718539828733648793e-06
3.868835079431550916e+00 1.057184887454640031e-08 4.432153987292207259e-08 6.630784033013816907e-06
3.871915362138104832e+00 2.771716984867723614e-09 1.142390844666598901e-08 3.149809196206170580e-06
3.874995644844658305e+00 1.822148523156319006e-10 3.890966747124290113e-09 9.490059211289511145e-06
3.878075927551212221e+00 2.054593357341660829e-09 8.032587862270554378e-08 7.499942230177729255e-05
3.881156210257765693e+00 1.508112274684158431e-09 7.630244783155008245e-08 6.615682274001708700e-05
3.884236492964319609e+00 9.040312113407427711e-10 2.915543477560702522e-09 4.371355395240554247e-06
3.887316775670873525e+00 1.523355634747651612e-08 1.162274372948718751e-08 1.080153099209731268e-05
3.890397058377427886e+00 4.759389066195010784e-08 3.145065591963779318e-08 2.860640717835356153e-05
3.893477341083981358e+00 1.069412629651053385e-08 7.188302532025747518e-09 1.357121110015285028e-05
3.896557623790535274e+00 1.166582449187372465e-09 5.718934613708858954e-09 1.407125464929986955e-05
3.899637906497088746e+00 1.739168449606045746e-09 8.562287303821501740e-08 1.957654650145702733e-05
3.902718189203642662e+00 1.165333927070869987e-09 6.801071623230412090e-08 1.377270651667814537e-05
3.905798471910196579e+00 7.642995400493856610e-11 1.843701789133242998e-09 9.461914503072355861e-06
3.908878754616750051e+00 8.593305359770108292e-09 1.383240044636391137e-08 1.976012386794695678e-05
3.911959037323303967e+00 2.321551250754967349e-08 3.987583520604512816e-08 3.903302347817022431e-05
3.915039320029857439e+00 4.218573161865478248e-09 7.668533287340473050e-09 8.930041046779604969e-06
3.918119602736411355e+00 1.788174306115755893e-09 3.625325144898900863e-09 8.223083352755843764e-06
3.921199885442965272e+00 1.803346030920169567e-08 4.703939988524953860e-08 1.686198697423993019e-06
3.924280168149518744e+00 1.277266839291659414e-08 3.335623258478752888e-08 9.043557150437742923e-07
3.927360450856072660e+00 5.124753422643108661e-10 7.235268357950952556e-10 2.370428415059543080e-06
3.930440733562626132e+00 1.017742022065520350e-08 2.676657457540158827e-08 2.853652598716676449e-05
3.933521016269180492e+00 2.360021479903035097e-08 6.557675137410998369e-08 6.322144554051905294e-05
3.936601298975734409e+00 3.451304779349922538e-09 9.577743134878138988e-09 1.042645374803027674e-05
3.939681581682288325e+00 4.499022475676866596e-09 9.866280507546392434e-09 8.617296622397607733e-06
3.942761864388841797e+00 4.132099481110257193e-08 8.590095665934248518e-08 3.014326865168348929e-05
3.945842147095395713e+00 2.519587912051463731e-08 5.006375067889324501e-08 2.129160017416172865e-05
3.948922429801949185e+00 1.119599361479413542e-09 1.431709049598194038e-09 1.623629794765171747e-05
3.952002712508503102e+00 1.292287429993509547e-09 2.392697697982368088e-08 3.120966672820988541e-05
3.955082995215057018e+00 2.307045845496624153e-09 4.756135893567747287e-08 4.764756674679702117e-05
3.958163277921610490e+00 3.637731725870798820e-10 6.071695079851084779e-09 1.060967995091560592e-05
3.961243560628164406e+00 2.148832127197103550e-09 8.127635373026840928e-09 1.012647996341812151e-05
3.964323843334717878e+00 1.780713931675456148e-08 7.139817321339460591e-08 1.790982134326893810e-05
3.967404126041271795e+00 8.926106451282505497e-09 3.437740854563982619e-08 8.429959036248402390e-06
3.970484408747825267e+00 2.208044074187726386e-10 6.903677818456855168e-10 6.388762351836273981e-06
3.973564691454379183e+00 5.522310616940241544e-09 3.884173077804578435e-08 4.933011828967407336e-05
3.976644974160933543e+00 1.002425034485873718e-08 6.855620875170070794e-08 7.882294585637087249e-05
3.979725256867487460e+00 1.160963710562659083e-09 6.286053068006434389e-09 9.256373101881434080e-06
3.982805539574040932e+00 5.271254331805623220e-10 6.523990772847687800e-09 9.503404640549254525e-06
3.985885822280594848e+00 1.925411717016052732e-09 3.884722974996579773e-08 4.011956578162742000e-05
3.988966104987148764e+00 8.708148862675302744e-10 1.592120861776557085e-08 1.757644132700083228e-05
3.992046387693702236e+00 2.731933913889556931e-10 5.908286558242935672e-10 9.825264653294256043e-06
3.995126670400256153e+00 7.462815320592682270e-09 2.247251381192003922e-08 1.695986581437383789e-05
3.998206953106809625e+00 1.154090938960542987e-08 3.293890961655722994e-08 2.149950061425789490e-05
4.001287235813363097e+00 1.173159094280029968e-09 2.637871851944107995e-09 1.369535450859311526e-05
4.004367518519917013e+00 8.049504600776761664e-10 9.974644299632299115e-09 2.762213168387535269e-05
4.007447801226470929e+00 3.983168118388243031e-09 5.269476635575716763e-08 8.582233714801305912e-05
4.010528083933024845e+00 1.367418998558575445e-09 1.871695311565836494e-08 3.061013078225278456e-05
4.013608366639578762e+00 4.947408572711636207e-10 2.461998083249720180e-09 7.854126637012074312e-06
4.016688649346132678e+00 7.587748582610310146e-09 6.167566424117868343e-08 8.324367726038040571e-06
4.019768932052686594e+00 9.383415983153721344e-09 7.612757414733212504e-08 7.829121745478931626e-06
4.022849214759240510e+00 8.338797179754939721e-10 4.236117519377238634e-09 3.227961905305972053e-06
4.025929497465794427e+00 4.692903131650450607e-09 1.166826732035683034e-08 1.804025859883309909e-05
4.029009780172347455e+00 2.065533726380648927e-08 5.129626504999909093e-08 7.434476973229085079e-05
4.032090062878901371e+00 5.795231579722793229e-09 1.514234957806008954e-08 2.154630990368845895e-05
4.035170345585455287e+00 1.632416741229707367e-09 1.493122895488852039e-09 5.020859973811388143e-06
4.038250628292009203e+00 1.938159415438286605e-08 1.294398623258090282e-08 1.752665337926800527e-05
4.041330910998563120e+00 2.013804726308064782e-08 1.288370504132412528e-08 1.792203979636724007e-05
4.044411193705116148e+00 1.759231968992403252e-09 7.536000243531247751e-10 1.231490155346548405e-05
4.047491476411670064e+00 2.210392795102589004e-09 4.347151011195017055e-09 1.765896289130168518e-05
4.050571759118223980e+00 7.305454870950144958e-09 1.582921200371222487e-08 3.191814720467376552e-05
4.053652041824777896e+00 1.756783022521945286e-09 3.839446145889422339e-09 1.428086548990210999e-05
4.056732324531330924e+00 7.458086663946836716e-10 2.517399260948516453e-09 1.748541657225135353e-05
4.059812607237885729e+00 1.420775818592646280e-08 5.318395610486251427e-08 6.198041159902524814e-05
4.062892889944439645e+00 1.307362187000187691e-08 4.868642044231602401e-08 5.239901630998106645e-05
4.065973172650993561e+00 6.535710817600918658e-10 1.667341457794866193e-09 7.452266411685533428e-06
4.069053455357546589e+00 5.422101443685309582e-09 1.140102357315484077e-08 1.460598086247174635e-05
4.072133738064100505e+00 1.745288819013130675e-08 3.845788986340783486e-08 3.642334893511375404e-05
4.075214020770654422e+00 3.827159797155819477e-09 7.836496500840100449e-09 9.978972583919633676e-06
4.078294303477208338e+00 1.824908453026874905e-09 2.486715608507189173e-09 5.295342641465551258e-06
4.081374586183762254e+00 2.807001589891779894e-08 3.307536430376276390e-08 1.376605056805530241e-05
4.084454868890315282e+00 2.165244288799573475e-08 2.527690215476265421e-08 1.036120454655545221e-05
4.087535151596869198e+00 6.301972400813010640e-10 8.229423300715246448e-10 6.526955440127090171e-06
4.090615434303423115e+00 9.158291569393851130e-09 8.153070347797921504e-09 9.837058662189102209e-06
4.093695717009977031e+00 2.475538746513863034e-08 2.123333589180312170e-08 1.667610058368094883e-05
4.096775999716530947e+00 4.969728937163154925e-09 3.848648752325692693e-09 1.264016057380709167e-05
4.099856282423083975e+00 7.485405807735171471e-10 1.404210567930622315e-09 2.789537821338826067e-05
4.102936565129638780e+00 6.070934227395006696e-09 1.370457178798922678e-08 1.314234745308508711e-04
4.106016847836192696e+00 3.809272684418323995e-09 8.483234183404398591e-09 8.645085755640090483e-05
4.109097130542746612e+00 2.279474802936865389e-10 8.242587096479208577e-10 1.468686532377434697e-05
4.112177413249299640e+00 2.791702475576339487e-09 4.918795918363908583e-08 3.634578300588622884e-05
4.115257695955853556e+00 6.821646528918017114e-09 1.125748787411577146e-07 6.533627529067851725e-05
4.118337978662407473e+00 1.157048713249421761e-09 1.470399521187451582e-08 1.336123092882915593e-05
4.121418261368961389e+00 3.693024816787142404e-10 3.083555846579158150e-09 7.127551209833897683e-06
4.124498544075514417e+00 3.836607591558120277e-09 2.391496310209479442e-08 3.341677562144493237e-05
4.127578826782068333e+00 1.875790395623297129e-09 1.311113149096383727e-08 1.894018152033836704e-05
4.130659109488622249e+00 1.810746767486388692e-10 8.752742502916379602e-10 8.656734734213863597e-06
4.133739392195176166e+00 1.164484438913577493e-09 1.127420274351876513e-08 2.685237012365074906e-05
4.136819674901730082e+00 2.425682904373743893e-09 2.034374294911274954e-08 4.532905264459227761e-05
4.139899957608283110e+00 4.145331431521856978e-10 2.286775506599001719e-09 1.389894430512968595e-05
4.142980240314837914e+00 1.295716632793756072e-10 5.858515867958100684e-10 1.350052237423409345e-05
4.146060523021391830e+00 4.706730433808961158e-10 3.999531255825138767e-09 1.959959266716257284e-05
4.149140805727945747e+00 3.098972953733316131e-10 1.874435147773038812e-09 1.471531060106418496e-05
4.152221088434498775e+00 2.750447767493607322e-10 7.978699899962497836e-10 2.161921715129904890e-05
4.155301371141052691e+00 1.006597309081006174e-08 3.416354157203903231e-08 6.876353423322730961e-05
4.158381653847606607e+00 1.631551976047885330e-08 5.561517195985027495e-08 9.873551550590143027e-05
4.161461936554160523e+00 1.760726393019163354e-09 5.388917626204651360e-09 1.968008812972586263e-05
4.164542219260714440e+00 5.965344923536141693e-10 1.323897752646253986e-08 1.945705621383304071e-05
4.167622501967267468e+00 2.232493371324893047e-09 8.415968852103786535e-08 6.013988324966323577e-05
4.170702784673821384e+00 1.073593903105437866e-09 3.323609572050165132e-08 2.630789325166321273e-05
4.173783067380375300e+00 7.448126988203473555e-10 5.171159857262894668e-10 8.624258942779837071e-06
4.176863350086929216e+00 2.494215501940174532e-08 1.180022458872334970e-08 1.687363693132737816e-05
4.179943632793483133e+00 3.419550808623340609e-08 1.625533739784403380e-08 2.094790070424593328e-05
4.183023915500036161e+00 2.627892981501672937e-09 1.582371288767238406e-09 1.141476383600371261e-05
4.186104198206590965e+00 5.689309442981710512e-10 2.777090924345037416e-09 1.614817463387465090e-05
4.189184480913144881e+00 1.658183014905020688e-09 1.218374008952841620e-08 3.629844484177325041e-05
4.192264763619697909e+00 7.397746505695569209e-10 4.226359268620353860e-09 1.984224996894059403e-05
4.195345046326251826e+00 3.015066988226681045e-10 9.577681676267665635e-11 2.365029113838829536e-05
4.198425329032805742e+00 2.122569917030715764e-09 5.832769558013537148e-10 4.770515921551731457e-05
4.201505611739359658e+00 2.326015421152763933e-09 4.686880475692921959e-10 5.199208182816917234e-05
4.204585894445913574e+00 1.719994513636733687e-10 7.190644923275130432e-11 2.272414974733445432e-05
4.207666177152466602e+00 2.673124968990945512e-09 1.761379248499432144e-08 3.225526800869003808e-05
4.210746459859020518e+00 1.209168028326922888e-08 7.959630925199518974e-08 6.846092843779843541e-05
4.213826742565574435e+00 3.660722959975035382e-09 2.200099258174787984e-08 2.525576806184497779e-05
4.216907025272128351e+00 7.866452350090355924e-11 5.250104806354323892e-10 1.151715422377438981e-05
4.219987307978682267e+00 8.485364216947995255e-10 1.166993087289872830e-08 8.465912587252673042e-06
4.223067590685235295e+00 1.011155908763951073e-09 1.212666480012107345e-08 7.508195215681580803e-06
4.226147873391789211e+00 7.878885071479388520e-11 6.171033067188713949e-10 1.145859146286303384e-05
4.229228156098344016e+00 7.734233667385570449e-09 7.348065345966920457e-09 2.132099974019043925e-05
4.232308438804897932e+00 2.902140614278503807e-08 2.499769110788726545e-08 5.062966266740635319e-05
4.235388721511450960e+00 7.073881380203744433e-09 6.004164681226221058e-09 2.127794362257911566e-05
4.238469004218004876e+00 7.653747849108876052e-11 9.869904155856744883e-11 2.046813147476158701e-05
4.241549286924558793e+00 7.834172935481930926e-10 8.652217142354368824e-10 9.157794810954609764e-06
4.244629569631112709e+00 5.444262249441538180e-10 7.190380825433023048e-10 8.733084630004990526e-06
4.247709852337666625e+00 1.236324379264277023e-10 3.508552759305331693e-10 2.878315907668666353e-05
4.250790135044219653e+00 2.733393321803695152e-09 1.236192194079275440e-08 2.786013294095210138e-05
4.253870417750773569e+00 7.769373126846333495e-09 3.575789648559733308e-08 3.248661212482626401e-05
4.256950700457327486e+00 1.780060119256146119e-09 6.996060361731391059e-09 2.014645815186663717e-05
4.260030983163881402e+00 2.167869652804159671e-10 5.624618129712735998e-09 2.750080493574899650e-05
4.263111265870434430e+00 7.056119742948144816e-10 7.764143504101159151e-08 5.658377666493077007e-05
4.266191548576988346e+00 5.103059462121424031e-10 5.653152645731708585e-08 4.049637256117051261e-05
4.269271831283543150e+00 8.811446157433652466e-11 1.314405698683216030e-09 1.383985527236274080e-05
4.272352113990097067e+00 3.055098334577553540e-09 2.857835031098266844e-09 1.139089891947350631e-05
4.275432396696650095e+00 7.400994329908124795e-09 6.187901674235100525e-09 1.241210985138652440e-05
4.278512679403204011e+00 1.183390311038529106e-09 1.252096251952354377e-09 1.188167264454638746e-05
4.281592962109757927e+00 3.421993696519258134e-10 9.245732579257342766e-10 1.823432315870185361e-05
4.284673244816311843e+00 2.910879102668347659e-09 6.600962410849357434e-09 3.049674865513442472e-05
4.287753527522865760e+00 2.019501576756330251e-09 4.090969131155753750e-09 2.475318914614836103e-05
4.290833810229418788e+00 1.137687125560806888e-10 1.568633965560493522e-10 3.425451127115857592e-05
4.293914092935972704e+00 2.144305937160382552e-09 5.057251064762305281e-09 2.401126670398768192e-05
4.296994375642526620e+00 4.341782027910292398e-09 1.109404705030787089e-08 2.013158195310931273e-05
4.300074658349080536e+00 5.793379238143804670e-10 1.557329464658487144e-09 2.804276500149459930e-05
4.303154941055634453e+00 1.463977990878186932e-09 5.425463932963285964e-09 3.514508906768100204e-05
4.306235223762187481e+00 1.281962930904174015e-08 4.735503528532010097e-08 1.105487076062656853e-05
4.309315506468741397e+00 7.196709831036925001e-09 2.554541254955819267e-08 1.014913489142321365e-05
4.312395789175296201e+00 2.487521888540510999e-10 5.131158961935458301e-10 2.669922592702329831e-05
4.315476071881849229e+00 1.831013126710140941e-09 1.971593844203961453e-08 1.586975081911349953e-05
4.318556354588403146e+00 3.310887996269470975e-09 3.737508435936079114e-08 1.371547383593717702e-05
4.321636637294957062e+00 3.785895861909333331e-10 3.926013891646519067e-09 1.335451700750827500e-05
4.324716920001510978e+00 1.524600954511375212e-09 5.863297304302751778e-10 1.663196857882188402e-05
4.327797202708064894e+00 1.090408656726663911e-08 2.712629561426829971e-09 4.738265997739867419e-06
4.330877485414617922e+00 5.019746875058711209e-09 1.377399222025260801e-09 6.862232955840802521e-06
4.333957768121171839e+00 2.310281764881565895e-10 1.207786413765066162e-10 2.261293870565161065e-05
4.337038050827725755e+00 7.620359364382905584e-10 4.985442430219256806e-10 1.413094858101512000e-05
4.340118333534279671e+00 1.110122815934528717e-09 6.778394203875415713e-10 1.426297816700653715e-05
4.343198616240833587e+00 1.349470486044732044e-10 2.595763971568266243e-10 3.569633023831207712e-05
4.346278898947386615e+00 5.681054878441311483e-10 2.857604397048033406e-09 3.878492195348066810e-05
4.349359181653940531e+00 2.192329984751531335e-09 1.626228200761949897e-08 1.584066769027139626e-05
4.352439464360494448e+00 8.782191590501232467e-10 6.010927246430245814e-09 1.869602959064162173e-05
4.355519747067049252e+00 1.293903399524601152e-10 7.072960343108469273e-10 4.537404117971691344e-05
4.358600029773602280e+00 3.635805500536539427e-09 2.681330393310361513e-08 2.308232661847544706e-05
4.361680312480156196e+00 5.080082122677624207e-09 3.620652757941665884e-08 1.563772809681699850e-05
4.364760595186710113e+00 3.655312819034302632e-10 2.306964616147957993e-09 2.045891965948320367e-05
4.367840877893264029e+00 4.145997785144774506e-10 1.196118076658427239e-09 1.809212690611498297e-05
4.370921160599817945e+00 1.755693300087077076e-09 6.116985443570829456e-09 2.796592138984722074e-06
4.374001443306370973e+00 5.684078786358045015e-10 1.969249732731459813e-09 7.235176927586539442e-06
4.377081726012924889e+00 5.631272739182367651e-11 1.954230387716767334e-10 2.359017507516719605e-05
4.380162008719478806e+00 1.155958225877149622e-09 2.224977841255609089e-09 9.752590465700980803e-06
4.383242291426032722e+00 1.567441997473888362e-09 2.395561586167756799e-09 7.512571367985979252e-06
4.386322574132585750e+00 2.264082204817960039e-10 1.704086549177439855e-10 2.640801557260407721e-05
4.389402856839139666e+00 2.860142220003233009e-09 3.139880557037098324e-09 2.129654142233180383e-05
4.392483139545693582e+00 1.169357368705162583e-08 1.272808190707409114e-08 4.880786153708469355e-06
4.395563422252248387e+00 3.028211090215528449e-09 3.576489940016598686e-09 2.482647094907845366e-05
4.398643704958801415e+00 4.586372568898466766e-10 1.821448117012190801e-09 5.929172260443300792e-05
4.401723987665355331e+00 5.157204768695766013e-09 2.968623407494079043e-08 1.361150956021449922e-05
4.404804270371909247e+00 5.032690469282011099e-09 2.856396670625983935e-08 6.581514212574386485e-06
4.407884553078463163e+00 3.990872590637370218e-10 1.267974184565071998e-09 4.348583690786128489e-05
4.410964835785017080e+00 1.257228599846813159e-09 1.072632223372978637e-08 3.269472572507382883e-05
4.414045118491570108e+00 4.011969015382339845e-09 3.721708522612981734e-08 1.836692294834873203e-05
4.417125401198124024e+00 9.026408245189240102e-10 8.234426649811130507e-09 1.342232259737605460e-05
4.420205683904677940e+00 3.833201326224422693e-10 1.393910261270065073e-10 2.760290142367048693e-05
4.423285966611231856e+00 4.783508168672735016e-09 1.357050167508186146e-09 1.312534682553215465e-05
4.426366249317785773e+00 3.966671115748738265e-09 1.161137733872252275e-09 9.729339582722033728e-06
4.429446532024338801e+00 2.114529197742829704e-10 9.133055463620308448e-11 2.088565631924789884e-05
4.432526814730892717e+00 6.549601388889148544e-10 4.070159106217615630e-10 1.160371076016483392e-05
4.435607097437446633e+00 2.202480094263161301e-09 1.109445889423042166e-09 1.373387464576377443e-06
4.438687380144001438e+00 3.717745677263864374e-10 2.657963759011091919e-10 1.878927884456591601e-05
4.441767662850554466e+00 3.648379972880386140e-10 1.268770909021151143e-09 3.714790185982346318e-05
4.444847945557108382e+00 4.779716889255030919e-09 1.603935724213753027e-08 1.399737498196319314e-05
4.447928228263662298e+00 3.476251702402076239e-09 1.140946082375949530e-08 1.509799225481172033e-05
4.451008510970216214e+00 1.129134063994880038e-10 3.647268792729559585e-10 6.393602865681279556e-05
4.454088793676769242e+00 1.146829272944757515e-09 9.424189688090069710e-09 3.574513597053023586e-05
4.457169076383323159e+00 3.005621783822171527e-09 2.362811704535872595e-08 1.622985577141468276e-05
4.460249359089877075e+00 5.414883570364952707e-10 3.677967197631447523e-09 2.812612653366354312e-05
4.463329641796430991e+00 1.778883689042886643e-10 6.165220128819891918e-10 4.827392006488607135e-05
4.466409924502984907e+00 1.864650098072217324e-09 7.129623669703503361e-09 2.095677014991356640e-05
4.469490207209537935e+00 1.166573923963886846e-09 4.406289456361698358e-09 1.242536190004494604e-05
4.472570489916091852e+00 6.181057021545701090e-11 9.810980538865364930e-11 2.818915163188764290e-05
4.475650772622645768e+00 1.203773808543836715e-09 2.947862853619818328e-09 2.789677341858378041e-05
4.478731055329199684e+00 2.578046640356607622e-09 6.194296337007318689e-09 3.185123355237529894e-05
4.481811338035753600e+00 4.435967578196787117e-10 7.234171028194883131e-10 1.951580269433281133e-05
4.484891620742307516e+00 1.003770876283771705e-09 4.839028184320175273e-10 2.490312662958867306e-05
4.487971903448861433e+00 8.516880683309288024e-09 2.627698835151793241e-09 4.071903587235943908e-05
4.491052186155415349e+00 4.064311840408907974e-09 1.365550624125481182e-09 2.911163198561285244e-05
4.494132468861969265e+00 1.240725108443014474e-10 4.796358808239272698e-10 4.826829258690855802e-05
4.497212751568522293e+00 2.663959784283220542e-10 1.308838922608480093e-08 3.229202936954621880e-05
4.500293034275076209e+00 4.606828377619320455e-10 2.272153511041688955e-08 2.942247301128660331e-05
4.503373316981630126e+00 1.540540661735272497e-10 2.234640503670817251e-09 4.596068627315520006e-05
4.506453599688184042e+00 6.814401917605399842e-10 1.254250648082275311e-09 6.086661049497488863e-05
4.509533882394737958e+00 4.014244571853047810e-09 8.461390537595981741e-09 3.999576571413710152e-05
4.512614165101290986e+00 1.661873758922287649e-09 3.576679675913663585e-09 2.233040609717761867e-05
4.515694447807844902e+00 6.185447694104778557e-11 9.591754316957884998e-11 4.739209490243166678e-05
4.518774730514398819e+00 7.203343180255022435e-10 1.250709865254755534e-09 3.243431351949699326e-05
4.521855013220952735e+00 1.142603808436562032e-09 2.040746865379681694e-09 3.067566944371666809e-05
4.524935295927506651e+00 1.441293602665488870e-10 1.771135734658590324e-10 1.754965867091053933e-05
4.528015578634060567e+00 2.274539668215826441e-10 8.153261358632887673e-10 1.974120397397445285e-05
4.531095861340614483e+00 1.262529749564857819e-09 4.845140404301970121e-09 1.940214202417306672e-05
4.534176144047168400e+00 5.086994210957444566e-10 1.736285255274490441e-09 1.412392167650119263e-05
4.537256426753721428e+00 2.945634906162232936e-10 3.996843618933722128e-10 2.013600640067122737e-05
4.540336709460275344e+00 8.670287531889951578e-09 1.032234953545307880e-08 2.056541349256072468e-05
4.543416992166829260e+00 1.119811241231127963e-08 1.314136947464776987e-08 2.287422867725460375e-05
4.546497274873383176e+00 7.991244140973364147e-10 1.073111205278973197e-09 4.723253544460302808e-05
4.549577557579937093e+00 2.567263877935370736e-10 4.923080120062794629e-09 5.104779536792375893e-05
4.552657840286490121e+00 8.159035777227366896e-10 2.258280390935472764e-08 6.694082275696636327e-05
4.555738122993044037e+00 3.671689799014009915e-10 6.941167330078023631e-09 3.859436367950678089e-05
4.558818405699597953e+00 2.220510197242497195e-10 1.101502703539119035e-10 8.107982767911398113e-05
4.561898688406151869e+00 4.231570077710640387e-09 2.215167295629912056e-09 4.276674449612903579e-05
4.564978971112705786e+00 4.626269680791651356e-09 2.429174987691420281e-09 2.890337329860495646e-05
4.568059253819259702e+00 2.901853362524359332e-10 1.437578647749829158e-10 3.656700062010876583e-05
4.571139536525813618e+00 1.790336305334165327e-10 1.260813406571421771e-09 3.375859913151378746e-05
4.574219819232367534e+00 7.408619600945230742e-10 5.464041865080172018e-09 2.320318884319929532e-05
4.577300101938921451e+00 2.250112095671084366e-10 1.335732708747305038e-09 1.365423794807046772e-05
4.580380384645474479e+00 2.669379616180617058e-11 1.315774818841649681e-10 2.024470400351690834e-05
4.583460667352028395e+00 3.280635964768055011e-10 1.391234103505847476e-09 4.781258608903765579e-05
4.586540950058582311e+00 2.743660481701302673e-10 1.280018307581917401e-09 4.318568109811065763e-05
4.589621232765136227e+00 3.784158980721587332e-11 1.246796625311161033e-10 2.034163665970882288e-05
4.592701515471689255e+00 1.670234955371614797e-09 4.587588877317776133e-09 1.420808336096140035e-05
4.595781798178243172e+00 5.972073686939053023e-09 1.505351569543467089e-08 9.418813525450010150e-06
4.598862080884797088e+00 1.267872833233137456e-09 3.253286066087988787e-09 2.771791234605104547e-05
4.601942363591351004e+00 7.553588457334344648e-11 1.850115178932958724e-10 6.223966353848819108e-05
4.605022646297904920e+00 6.928292661769827913e-10 3.119932117544843086e-09 8.172050489918812914e-05
4.608102929004458836e+00 5.529900050108388492e-10 2.563628356623339036e-09 5.936615800541083225e-05
4.611183211711012753e+00 5.562626402124594783e-11 1.013966100164450885e-10 6.725598934819174222e-05
4.614263494417566669e+00 1.582988323822564247e-09 7.560823737753062370e-10 6.312200380139743917e-05
4.617343777124120585e+00 4.464532984250900325e-09 2.106061402005363837e-09 7.621038802274661427e-05
4.620424059830673613e+00 8.839397777310569201e-10 3.780102402238107800e-10 2.503935625223851309e-05
4.623504342537227529e+00 1.361425988720389742e-10 5.055535036246823407e-10 2.579581410663478314e-05
4.626584625243781446e+00 1.492163668690379691e-09 6.424693923574612377e-09 7.223142018402120515e-06
4.629664907950335362e+00 9.632448641438423561e-10 4.291200263449534387e-09 5.095413016753064964e-06
4.632745190656889278e+00 7.232865262834881232e-11 1.614621425366394320e-10 9.542168752420875457e-06
4.635825473363442306e+00 3.823293324921212870e-09 2.411709102427747657e-09 3.588047236008466294e-05
4.638905756069996222e+00 8.726296148472843395e-09 5.166741528664491132e-09 7.294480187797715742e-05
4.641986038776550139e+00 1.306436721624165987e-09 8.997690345419042009e-10 2.616073891958029161e-05
4.645066321483104055e+00 2.114781174253536109e-10 1.418325627836573188e-09 2.168699657635013835e-05
4.648146604189657971e+00 9.711342837113685109e-10 1.230430644284868424e-08 2.187427281524441231e-05
4.651226886896211887e+00 5.706935780770859499e-10 6.976652863850693066e-09 2.313137691438214066e-05
4.654307169602765804e+00 1.086063950065175694e-10 1.075435848938120130e-10 7.927133648327343469e-05
4.657387452309319720e+00 7.408388439058462468e-10 2.624598432107616238e-10 6.648203029313971921e-05
4.660467735015872748e+00 1.342697703573461002e-09 5.264794787881850404e-10 6.671772091755996106e-05
4.663548017722426664e+00 2.293127452909656747e-10 7.116898837226095935e-11 5.240293062675931347e-05
4.666628300428980580e+00 4.266728630562623341e-10 4.652774298748113301e-10 7.577622028863120935e-05
4.669708583135534496e+00 3.693804674930539622e-09 4.140777035650588275e-09 1.009793310347988261e-04
4.672788865842088413e+00 1.841917530722825722e-09 2.026945016958904868e-09 5.017387368356488240e-05
4.675869148548641441e+00 6.778782696050553649e-11 6.157895224431957942e-11 1.700628712357420713e-05
4.678949431255195357e+00 1.033430509739607074e-09 3.244976660867352749e-09 1.668591542592532350e-05
4.682029713961749273e+00 1.747480412455191600e-09 5.631704290908046393e-09 1.920287490546766077e-05
4.685109996668303189e+00 1.719537727075246114e-10 5.178295530515141758e-10 7.133183937906427977e-06
4.688190279374857106e+00 1.331892405596731506e-09 1.544584839516191684e-09 9.600176185503086232e-06
4.691270562081411022e+00 8.718985389393566427e-09 9.352788658284591758e-09 2.772153570100740249e-05
4.694350844787964938e+00 3.669453596512661017e-09 3.997895625978603333e-09 2.017374341163642720e-05
4.697431127494518854e+00 7.415535751079451732e-11 1.919032352890996928e-10 2.686996913395193540e-05
4.700511410201072771e+00 5.679126752573262530e-10 4.764161481105722303e-09 3.615885540341914032e-05
4.703591692907625799e+00 8.018117564886785058e-10 6.896657203927125552e-09 4.158758815674149726e-05
4.706671975614179715e+00 1.006859909644815715e-10 5.852275792133825963e-10 6.523504740697893113e-05
4.709752258320733631e+00 1.793581625245833141e-10 4.258911067154329782e-10 7.792408793703709544e-05
4.712832541027287547e+00 7.329606060863577293e-10 2.292989071491485798e-09 7.339970533280745270e-05
4.715912823733841464e+00 3.287011170933523517e-10 7.512224460678935321e-10 3.764612134479212974e-05
4.718993106440394492e+00 1.027533899600421352e-10 1.233871682437413756e-10 6.102228676816158471e-05
4.722073389146948408e+00 1.331930424352222973e-09 4.018928253242439389e-09 5.037922551722051200e-05
4.725153671853502324e+00 1.648720460126092984e-09 4.954940388211850307e-09 4.335600285041742841e-05
4.728233954560056240e+00 9.984946284611302797e-11 2.917897469800463072e-10 8.426482557131860859e-06
4.731314237266609268e+00 1.549105473130883760e-10 5.141446657997918799e-10 8.574134523692711774e-06
4.734394519973164073e+00 5.028931887495065563e-10 1.878946734989611897e-09 1.697574005934671313e-05
4.737474802679717989e+00 1.425043893709804681e-10 5.691392532653924860e-10 7.012859551156832952e-06
4.740555085386271905e+00 6.046199591651561323e-11 2.532644324881546275e-10 5.079144640707309292e-06
4.743635368092824933e+00 1.391541514187050370e-09 4.226525092928994984e-09 1.198128849465765326e-05
4.746715650799378849e+00 1.511337480109443044e-09 4.420701693342976544e-09 1.569032100453474535e-05
4.749795933505932766e+00 1.032682200422135365e-10 2.107396774209104945e-10 3.678173922283893267e-05
4.752876216212486682e+00 5.518334853901640968e-10 5.479200812093021257e-10 4.272623724924271650e-05
4.755956498919040598e+00 1.991586737632409427e-09 2.216585298184410360e-09 6.166336718870510988e-05
4.759036781625593626e+00 4.544964392901681866e-10 5.905534592060867299e-10 5.492382876928210655e-05
4.762117064332147542e+00 8.797799374736496099e-11 2.691574856131894986e-10 1.017055244534534873e-04
4.765197347038701459e+00 8.576627727738322568e-10 4.461379945941099737e-09 8.797800847570763400e-05
4.768277629745255375e+00 8.310094497584635073e-10 3.978802069162517546e-09 6.403177213168619551e-05
4.771357912451809291e+00 1.306858600939466546e-10 1.339057162220144637e-10 3.820581945703206776e-05
4.774438195158363207e+00 2.269404227790543162e-09 2.104233006391190330e-09 3.314277486089352276e-05
4.777518477864917124e+00 7.049790686925099883e-09 6.684927737357538711e-09 3.224136365607280295e-05
4.780598760571471040e+00 1.394451995852315295e-09 1.338604199728816699e-09 9.414932905659554582e-06
4.783679043278024956e+00 2.552428276024731725e-10 3.930340735566184204e-10 4.752109110660140218e-06
4.786759325984577984e+00 2.428437558003036519e-09 3.567305914557532673e-09 1.058345827748271109e-05
4.789839608691131900e+00 1.851595665487447732e-09 2.722357387360737413e-09 8.240076801182003784e-06
4.792919891397685817e+00 8.594922832324177988e-11 1.754562745914514977e-10 3.944485567521623157e-06
4.796000174104239733e+00 4.348722271051459709e-10 1.986470952967973213e-09 7.244897983747867272e-06
4.799080456810792761e+00 1.155372856483512149e-09 5.108339469653056957e-09 1.456172917260837655e-05
4.802160739517346677e+00 1.761193592716811455e-10 8.872297936952505513e-10 3.149364889406387308e-05
4.805241022223900593e+00 1.621215440424948701e-10 1.584007274870854620e-10 5.014984627330458386e-05
4.808321304930454509e+00 1.424817069042786620e-09 2.193649152037664630e-09 2.250179780122460628e-05
4.811401587637008426e+00 9.616225523488740828e-10 1.420286245307926447e-09 2.635130359834232682e-05
4.814481870343561454e+00 8.385844715587274845e-11 3.216170408440268895e-11 1.001033186498001770e-04
4.817562153050116258e+00 1.204058952218888577e-09 1.951856049171653375e-09 7.377750954417003630e-05
4.820642435756670174e+00 2.718324950308497944e-09 4.569996019209202710e-09 6.340072750712776484e-05
4.823722718463224091e+00 4.091311298834135259e-10 6.083838400447241730e-10 2.326496053994173729e-05
4.826803001169777119e+00 2.202378338888544394e-10 3.625891062701083580e-10 2.608682096105531206e-05
4.829883283876331035e+00 2.155512005154438211e-09 3.347885458871557464e-09 3.615972657695233465e-05
4.832963566582884951e+00 1.227772264658320277e-09 1.855499019821347011e-09 2.169676529692177158e-05
4.836043849289438867e+00 2.440980925919540593e-11 6.671438749137461072e-11 7.839458677052084897e-06
4.839124131995992784e+00 4.533628003342068552e-10 1.177345425315851537e-09 5.140562557325529141e-06
4.842204414702545812e+00 9.117043052740295435e-10 2.235140451926327391e-09 5.172541000102014632e-06
4.845284697409099728e+00 1.197871146422680140e-10 3.122859481089984959e-10 5.460615986823074661e-06
4.848364980115653644e+00 2.132111245726635058e-10 3.876513710155048254e-10 1.117499931899014934e-05
4.851445262822207560e+00 1.596099020898010721e-09 2.866901751202337869e-09 3.724480365350882371e-05
4.854525545528761477e+00 7.322039438532458204e-10 1.368911896384955784e-09 3.551521093579292917e-05
4.857605828235315393e+00 4.443704983173682009e-11 1.208302502819969732e-10 6.545991061317069505e-05
4.860686110941869309e+00 7.404987254047011482e-11 3.116534099895212196e-09 2.542907805348771150e-05
4.863766393648423225e+00 9.897850407973650757e-11 5.014725242765266446e-09 9.249250777517510199e-06
4.866846676354976253e+00 6.386486564898703554e-11 4.271814950017548722e-10 6.235833814427583295e-05
4.869926959061530169e+00 6.374969586144734290e-10 6.921583575744016804e-10 7.541994177455283756e-05
4.873007241768084086e+00 3.985492776950381985e-09 4.140543559525816637e-09 3.973985937473468403e-05
4.876087524474638002e+00 1.548260517795471465e-09 1.599798022838369838e-09 1.484495855989356331e-05
4.879167807181191918e+00 5.608377305181319321e-11 1.006654485703847007e-10 7.029930757046901800e-06
4.882248089887744946e+00 1.104071053487943271e-10 6.879108283373535596e-10 2.563309485139269751e-05
4.885328372594298862e+00 1.182353359866465837e-10 8.959880329317641861e-10 3.393203569987124086e-05
4.888408655300852779e+00 1.914013329706212006e-11 9.560625099147457966e-11 1.019260336983439975e-05
4.891488938007406695e+00 4.486650903283533211e-11 1.131994870524944216e-10 7.351715759055088003e-06
4.894569220713960611e+00 1.912215003560095399e-10 4.380310951085417649e-10 3.736414906666827528e-06
4.897649503420513639e+00 6.624035718949717940e-11 1.554988392383942164e-10 4.872076009887806589e-06
4.900729786127068444e+00 6.755456497757592900e-11 7.254340025987741438e-11 1.094148118186515988e-05
4.903810068833622360e+00 1.731050811543175354e-09 2.247893587238374648e-09 3.116700954587465821e-05
4.906890351540176276e+00 2.082642501106878633e-09 2.717920133956970267e-09 4.128041771095365366e-05
4.909970634246729304e+00 1.556836057435729501e-10 1.818303503338490505e-10 6.881115585253762431e-05
4.913050916953283220e+00 4.311315027939272180e-10 1.386279398198348213e-09 5.267683773554298580e-05
4.916131199659837137e+00 1.610231197712858325e-09 5.999993132222846647e-09 7.547970463270754600e-06
4.919211482366391053e+00 5.141478378058160769e-10 1.662140730252338018e-09 3.222848577881496398e-05
4.922291765072944969e+00 2.224731697783642602e-10 1.150973695053127666e-10 8.761967973267249462e-05
4.925372047779497997e+00 2.998567207992335146e-09 2.296536455332551876e-09 4.303379253936680899e-05
4.928452330486051913e+00 3.031337321948540205e-09 2.321178708386134936e-09 2.750804454072683483e-05
4.931532613192605830e+00 1.547748202944386770e-10 1.353994637077019203e-10 3.414370528028298633e-06
4.934612895899159746e+00 4.675873581723485972e-11 1.993551070759929502e-10 7.225801078869347412e-06
4.937693178605712774e+00 1.233965304106038566e-10 5.617060984020070129e-10 1.865822065428514358e-05
4.940773461312266690e+00 4.196311585095924219e-11 1.706405212997967514e-10 1.187664037728788889e-05
4.943853744018821494e+00 1.041628748400750209e-11 5.519400086928220670e-11 1.515723726911165493e-05
4.946934026725375411e+00 1.348064549686559809e-10 4.325462352127855948e-10 1.312231246199806730e-05
4.950014309431928439e+00 1.042826851784397311e-10 3.555889541086032960e-10 1.149735815829934258e-05
4.953094592138482355e+00 2.217892477141338212e-11 5.007969710553651321e-11 1.180976980150095056e-05
4.956174874845036271e+00 7.376477071169172569e-10 1.494867185223064969e-09 1.472988921111785884e-05
4.959255157551590187e+00 2.333639035123157847e-09 4.590607317908037675e-09 2.649500829563747502e-05
4.962335440258144104e+00 4.310649634835067244e-10 8.625285401784380868e-10 4.199157623808700299e-05
4.965415722964697132e+00 6.774383708846057054e-11 1.763626172337006541e-10 6.993523202792007116e-05
4.968496005671251048e+00 4.615270471269356887e-10 2.423088899936932250e-09 1.381075565586261724e-05
4.971576288377804964e+00 3.486896510113492787e-10 1.767341262091443510e-09 7.851111303031090469e-06
4.974656571084358880e+00 4.584901854970092819e-11 5.076540482958054062e-11 5.482036015786762061e-05
4.977736853790912797e+00 6.295449830826714990e-10 2.879833387605770360e-10 4.277677441102929946e-05
4.980817136497465825e+00 1.647929889069756035e-09 7.435934548060615070e-10 4.091214047939700603e-05
4.983897419204020629e+00 2.760219508603528767e-10 1.317946159916387229e-10 7.663039544193326404e-06
4.986977701910574545e+00 5.792236602502060220e-12 1.074027928529502401e-11 2.474312059813538707e-06
4.990057984617128461e+00 6.177124742308746379e-11 7.275518758321535844e-11 1.047002949891832918e-05
4.993138267323681490e+00 3.524249679680027748e-11 5.106397935297408337e-11 8.905628419821946142e-06
4.996218550030235406e+00 7.892605679157035506e-12 3.996091676698422595e-11 1.155605763403419010e-05
4.999298832736789322e+00 7.754781659007629689e-10 1.176407839109413686e-09 1.025185858196141929e-05
5.002379115443343238e+00 1.663774514314446860e-09 2.475969889273433716e-09 1.303394771141794703e-05
5.005459398149896266e+00 2.212570160023072167e-10 3.732853460343970128e-10 1.302417465491553962e-05
5.008539680856450182e+00 1.288693867692538370e-10 6.155772708585372682e-10 1.703071716021358427e-05
5.011619963563004099e+00 8.468084012224676883e-10 5.078576759570671852e-09 1.559701798127340850e-05
5.014700246269558015e+00 4.655486016490873061e-10 2.638318535033959727e-09 2.367619911763444766e-05
5.017780528976111931e+00 1.170660767651906627e-10 4.685577051468646078e-11 8.937998771487965205e-05
5.020860811682664959e+00 1.643534303957642472e-09 5.597159069943745027e-10 4.626746305877513091e-05
5.023941094389218875e+00 2.878899258303777715e-09 9.923194345454655021e-10 2.706233360591648446e-05
5.027021377095773680e+00 3.526992263042667948e-10 1.218686537461863240e-10 2.445341189227242347e-05
5.030101659802327596e+00 3.096649311632506111e-11 1.967939362042897882e-11 3.512990778775086263e-05
5.033181942508880624e+00 3.725044116312431418e-12 1.307787749207745895e-11 2.873177438112412512e-05
5.036262225215434540e+00 5.342785606485911047e-12 1.427964236635946932e-11 1.453377997200600320e-05
5.039342507921988457e+00 1.321746545568821050e-11 1.146325626584191189e-11 7.107446203525677876e-06
5.042422790628542373e+00 1.988497595070389810e-10 1.609834767870271325e-10 3.625740145788398054e-06
5.045503073335096289e+00 3.052455314180380479e-10 2.616581791256271443e-10 2.988841191714862456e-06
5.048583356041649317e+00 2.697473943087753497e-11 3.192729898948618354e-11 8.905652619168137198e-06
5.051663638748203233e+00 3.613439877257466825e-10 6.252662661222266946e-10 1.110926179408419655e-05
5.054743921454757150e+00 2.229905713704046461e-09 3.695997553959561082e-09 1.802104892589061051e-05
5.057824204161311066e+00 8.586850537223557007e-10 1.418232222261232349e-09 1.167912758757693355e-05
5.060904486867864982e+00 2.775415099343998903e-11 6.361061700698945778e-11 1.706427520416429526e-05
5.063984769574418010e+00 4.209986650706514011e-10 1.740935781857905565e-09 1.016174551386081574e-05
5.067065052280971926e+00 5.581643384228139629e-10 2.326214732231779772e-09 9.904989076085702587e-06
5.070145334987526731e+00 6.360867670867953109e-11 1.516128423219825410e-10 6.667710069418818870e-05
5.073225617694079759e+00 3.294168013366937804e-10 7.518222373238680288e-11 6.895684755151958991e-05
5.076305900400633675e+00 1.560099754668007198e-09 3.415698263365166470e-10 5.930780408091398021e-05
5.079386183107187591e+00 5.205299056438790962e-10 1.213307807905943047e-10 2.178696141313503785e-05
5.082466465813741507e+00 3.560640114813347228e-11 1.134938300758405630e-11 2.861266514398701102e-05
5.085546748520295424e+00 2.009675379294294405e-10 7.723821743866169295e-11 1.459443532561362339e-05
5.088627031226848452e+00 2.094014473988404194e-10 8.713773579243741143e-11 1.151023906762680256e-05
5.091707313933402368e+00 1.045350455498899006e-11 2.687175711923087623e-11 7.372405887978142419e-06
5.094787596639956284e+00 2.664684933958961385e-11 2.341219922832615138e-10 5.995647755975581572e-06
5.097867879346510200e+00 6.374635427446276814e-11 8.639857307321366658e-10 4.805074710815933192e-06
5.100948162053064117e+00 2.530501422040345856e-11 2.396654383446187730e-10 5.361341791496429390e-06
5.104028444759617145e+00 4.872724092402425526e-11 1.307852198779953332e-10 9.841178908239825565e-06
5.107108727466171061e+00 9.078762113551049020e-10 2.157639433497148972e-09 5.715765128546593012e-06
5.110189010172725865e+00 8.661291916348893900e-10 2.068322170227185669e-09 6.222530343014664458e-06
5.113269292879279782e+00 4.527034756651229355e-11 8.008707557923312339e-11 2.040128999435054770e-05
5.116349575585832810e+00 8.634857370791742870e-11 1.706671780256180969e-10 1.978546625658094275e-05
5.119429858292386726e+00 1.932252548812800615e-10 5.850710043630565114e-10 2.545538899210594787e-05
5.122510140998940642e+00 6.169271453844813898e-11 1.319183683190637085e-10 3.419661590457573569e-05
5.125590423705494558e+00 6.371621571057459661e-11 8.286341237912013006e-12 7.228516470601732864e-05
5.128670706412048474e+00 3.478717551684658475e-10 7.390002706835027731e-11 5.584993378861656684e-05
5.131750989118601503e+00 2.967199048907037734e-10 6.271737465253523025e-11 3.541533578033151023e-05
5.134831271825155419e+00 3.068850565695371440e-11 7.414971315866856333e-12 1.063728835921995541e-05
5.137911554531709335e+00 4.194549921625304657e-10 2.993536408826623433e-10 1.231898819407351259e-05
5.140991837238263251e+00 1.194033374785345909e-09 8.784918895422008974e-10 1.852602085304744687e-05
5.144072119944816279e+00 2.123452159647780807e-10 1.690786128480567119e-10 9.255802996819721885e-06
5.147152402651370195e+00 1.088128807807826742e-10 1.704593493651362415e-10 8.972482709608199222e-06
5.150232685357924112e+00 1.230291136332230923e-09 1.705045757283245378e-09 4.194414952242874892e-06
5.153312968064478916e+00 8.625079486277899995e-10 1.200385889747486699e-09 3.175941082925552587e-06
5.156393250771031944e+00 4.488095289660196969e-11 5.900905332154170041e-11 4.746959184165371955e-06
5.159473533477585860e+00 5.497075376486074410e-10 8.570242716252985447e-10 7.783804318015402141e-06
5.162553816184139777e+00 1.326424657457726492e-09 2.038165491499226162e-09 1.474453863071248576e-05
5.165634098890693693e+00 2.148982405760974543e-10 3.058293880807732572e-10 1.901569171936822304e-05
5.168714381597247609e+00 1.058998732375739768e-10 9.161822826617962296e-12 2.723246061387008739e-05
5.171794664303800637e+00 7.231169715025480712e-10 3.596928094507534764e-11 3.395776307228454572e-05
5.174874947010354553e+00 4.457577305787553611e-10 2.594666107347608839e-11 2.624439999126210535e-05
5.177955229716908470e+00 5.441682515038746516e-11 7.360454741146417838e-12 7.812604355725458161e-05
5.181035512423462386e+00 1.647583140598591359e-10 9.646475778836069855e-11 5.541025255001823111e-05
5.184115795130016302e+00 3.210552562997907548e-10 2.117871422537052549e-10 5.238017877032589785e-05
5.187196077836569330e+00 4.216471168044398553e-11 3.160967341875014248e-11 8.823181336560254406e-06
5.190276360543123246e+00 5.596466751016449497e-11 8.887675203642396130e-11 8.183060549707777754e-06
5.193356643249677163e+00 4.274451632956353210e-10 7.549631777179877198e-10 1.297525286496167145e-05
5.196436925956231967e+00 2.237449589468793602e-10 3.875206083115234164e-10 1.035186243602705640e-05
5.199517208662784995e+00 1.866144159730149310e-11 2.633229841922014887e-11 1.501432544592940717e-05
5.202597491369338911e+00 5.543851458560440137e-10 7.796109893769767903e-10 1.190257193624858895e-05
5.205677774075892827e+00 9.960911475435998774e-10 1.370801978932346188e-09 1.200425650947393366e-05
5.208758056782446744e+00 1.145743161339949957e-10 1.441410461278159504e-10 5.719461190177796529e-06
5.211838339488999772e+00 6.224456133573717780e-11 1.061697620032974506e-10 5.194967619650507522e-06
5.214918622195553688e+00 3.749746489263892882e-10 7.269319588527472628e-10 5.986308477314703142e-06
5.217998904902107604e+00 1.691222580239118573e-10 3.125466229489031842e-10 8.380410425745284244e-06
5.221079187608661520e+00 1.773665947068910924e-11 3.799916705965495253e-12 2.438034758475659099e-05
5.224159470315215437e+00 1.869811240704501581e-10 5.381088751351209679e-11 4.073482195674491598e-05
5.227239753021768465e+00 2.827674724860809878e-10 7.872667288009043260e-11 4.827011268461406455e-05
5.230320035728322381e+00 6.035519698183845986e-11 9.319683785373832698e-12 4.505270766959497668e-05
5.233400318434876297e+00 2.101826234679444609e-10 1.025229019825584380e-10 5.889243898902437626e-05
5.236480601141431102e+00 1.117030979350357618e-09 5.788211994397021219e-10 8.281718855485115235e-05
5.239560883847984130e+00 3.970019348962228620e-10 2.082029229495301465e-10 2.706907270731123881e-05
5.242641166554538046e+00 2.339682923665568138e-11 4.120398527795546272e-11 2.390767447333371221e-06
5.245721449261091962e+00 4.458217682102740723e-10 4.711720115984079337e-10 5.725722343530276854e-06
5.248801731967645878e+00 5.579362355608294044e-10 5.839839476106338980e-10 7.028043256657972320e-06
5.251882014674199795e+00 5.295044443699730081e-11 4.866235739911303658e-11 7.497801135608057860e-06
5.254962297380752823e+00 2.353608359647199649e-10 2.466483198157875324e-10 1.060743886159909509e-05
5.258042580087306739e+00 1.027426392819452030e-09 1.072407477401941465e-09 2.444737173658394016e-05
5.261122862793860655e+00 3.141713892626464977e-10 3.189116759727670932e-10 7.589746570451916320e-06
5.264203145500414571e+00 1.378795172997286870e-11 5.137431221471317534e-12 9.896130387252385969e-07
5.267283428206968487e+00 1.126916143776962336e-11 7.935272133987781501e-11 7.880261327451066822e-06
5.270363710913521516e+00 1.066872619186967745e-11 8.900827357903135599e-11 9.119416373684474919e-06
5.273443993620075432e+00 1.509134919081103460e-11 6.405611781210204276e-12 3.156648204812301901e-05
5.276524276326629348e+00 3.609440544147090524e-11 8.309327966720520703e-11 4.241872895908543580e-05
5.279604559033183264e+00 1.102724338736217373e-10 3.333107968155658896e-10 8.001328039923618653e-05
5.282684841739737180e+00 4.429136412698537682e-11 8.420268092474937049e-11 3.401925839700148938e-05
5.285765124446291097e+00 1.260181952891564345e-10 3.758426297682433123e-11 5.536101253274930737e-05
5.288845407152845013e+00 1.713065654787518745e-09 6.853465304991742033e-10 5.119259109623349732e-05
5.291925689859398929e+00 1.567008557595896067e-09 6.411608918952952813e-10 3.887445466078799612e-05
5.295005972565951957e+00 6.088927998362847406e-11 3.852385647808216279e-11 3.898179012796896113e-06
5.298086255272505873e+00 2.034727436523859073e-10 2.757675019566454353e-10 4.209149532558645933e-06
5.301166537979059790e+00 6.242572922193117258e-10 8.412791572772408138e-10 5.845877429487466169e-06
5.304246820685613706e+00 1.516878259285084797e-10 1.888357240575360768e-10 6.693489117955314004e-06
5.307327103392167622e+00 4.953314313819711747e-11 3.510213467045830574e-11 1.166097769414694710e-05
5.310407386098720650e+00 4.714922106928090653e-10 4.058270093407394318e-10 2.231698520378601921e-05
5.313487668805274566e+00 3.765170940096952791e-10 3.159386824594717386e-10 1.579798676885868944e-05
5.316567951511828483e+00 3.205395325221875145e-11 1.073881602276990068e-11 1.463179675990370287e-06
5.319648234218382399e+00 2.390254336203606514e-11 6.230488331727453503e-11 9.936883304985827018e-06
5.322728516924936315e+00 6.166589297610766955e-11 1.765617125423925528e-10 2.293829954622183802e-05
5.325808799631490231e+00 2.228034444557687109e-11 2.995532715119759407e-11 1.937683026851656201e-05
5.328889082338044147e+00 8.540857123650874860e-11 2.755905087226532341e-11 3.982156457522204626e-05
5.331969365044598064e+00 8.114189564105043210e-10 3.469715349704436016e-10 9.127868640193533359e-05
5.335049647751151092e+00 5.376076467271487985e-10 2.308672411438732076e-10 5.645943033318475231e-05
5.338129930457705008e+00 3.402734468718560853e-11 1.654781103266461934e-11 3.645729199217072423e-05
5.341210213164258924e+00 3.228629220715899783e-10 2.504707603890585993e-10 3.694169049725274322e-05
5.344290495870812840e+00 7.779885996555029396e-10 5.846309827411666369e-10 4.704940436805754854e-05
5.347370778577366757e+00 1.140217299240445162e-10 8.817482752332432434e-11 7.918229932693662812e-06
5.350451061283919785e+00 2.948398086035318665e-11 4.712228476260835556e-11 4.772732182020588105e-06
5.353531343990473701e+00 2.476081070963543512e-10 3.659043641151273693e-10 1.004085129481821647e-05
5.356611626697027617e+00 1.488093488513477147e-10 2.091909011108011534e-10 5.370514746949385441e-06
5.359691909403581533e+00 1.090146474734862420e-11 5.661048605050411810e-12 2.912434506580169580e-06
5.362772192110135450e+00 2.755091665803638801e-11 7.759530238628778633e-11 4.234010163584876411e-06
5.365852474816689366e+00 6.330867086240096166e-11 1.544963258486457437e-10 5.625987249936290547e-06
5.368932757523243282e+00 1.715244195325779862e-11 2.029745126195763007e-11 6.339964826561524145e-07
5.372013040229797198e+00 3.191801250779198104e-11 4.947065090386680033e-11 5.740961337854798125e-06
5.375093322936351115e+00 1.756845956019796091e-10 3.762591943995103366e-10 4.317365303917104655e-05
5.378173605642904143e+00 8.416252276573521193e-11 1.759611403213354386e-10 2.296688903277152704e-05
5.381253888349458059e+00 4.523967430673478791e-11 1.189264023762861511e-11 3.780539868964006000e-05
5.384334171056011975e+00 6.540064927082958008e-10 3.339263654145490532e-10 7.070443427643278685e-05
5.387414453762565891e+00 1.076223687246207100e-09 5.593258282465142121e-10 9.617231678971612289e-05
5.390494736469119808e+00 1.214037615616248576e-10 6.525421824598540613e-11 1.870946460806759801e-05
5.393575019175672836e+00 1.060656183606016128e-10 7.784291915667144387e-11 2.131653843068671145e-05
5.396655301882226752e+00 5.550953917602805805e-10 3.917245342275048208e-10 2.891401524995213724e-05
5.399735584588780668e+00 2.270408261350832442e-10 1.630629153198230891e-10 1.275892264318043921e-05
5.402815867295334584e+00 1.538372349857513314e-11 1.020426369461574901e-11 9.563731282729243051e-06
5.405896150001888500e+00 2.542557184098726394e-11 9.011448838167776116e-11 1.812757766407341336e-05
5.408976432708442417e+00 3.174964643810271426e-11 1.218183197622174836e-10 2.049177662230727660e-05
5.412056715414996333e+00 2.419034987182058767e-11 1.017045199956295429e-11 6.804148861015100799e-06
5.415136998121550249e+00 6.795969137920816906e-11 6.174564972233222154e-11 7.632388505054274580e-06
5.418217280828103277e+00 3.386691852107033940e-10 3.435113173859782831e-10 5.698523345836467092e-06
5.421297563534657193e+00 1.182579932177110796e-10 1.153717195659584890e-10 2.518484175577588366e-06
5.424377846241211110e+00 1.907141843499665767e-11 1.066614443983648449e-11 5.202294632232368401e-06
5.427458128947765026e+00 3.455457337291233114e-10 2.973756861465690786e-10 3.589874843586607204e-05
5.430538411654318942e+00 4.291468853701883891e-10 3.601237544829527886e-10 3.911721408949274132e-05
5.433618694360871970e+00 5.026611764735315547e-11 2.373396823768639542e-11 3.344832431901392122e-05
5.436698977067425886e+00 2.860597155862462315e-10 1.494863193556665381e-10 4.559401655578995314e-05
5.439779259773979803e+00 1.217491191602916410e-09 6.571759817320040988e-10 7.873390446690654214e-05
5.442859542480533719e+00 3.582240287427703501e-10 1.965801400312091995e-10 2.180048165156291728e-05
5.445939825187087635e+00 7.338617658768551451e-12 1.576607278005738517e-11 1.368397004858659526e-05
5.449020107893641551e+00 4.220573706611548344e-11 1.046375135878260979e-10 1.064541303236162422e-05
5.452100390600195468e+00 4.692673591958091534e-11 1.069063100867319147e-10 8.764683692891646010e-06
5.455180673306749384e+00 6.653555330284226755e-12 9.875016197272930408e-12 5.603683773382034441e-06
5.458260956013303300e+00 1.102521983984052537e-11 2.850459091353487114e-11 1.230376112047887033e-05
5.461341238719856328e+00 2.812359984337136004e-11 9.002773263833526020e-11 2.945765220081939878e-05
5.464421521426410244e+00 2.013328722885127149e-11 2.265098375507468341e-11 8.852928561017459180e-06
5.467501804132964160e+00 2.748019118580935687e-11 2.491008385854285582e-11 1.296357407088869175e-05
5.470582086839518077e+00 1.519836743058404311e-10 4.065088204316667272e-10 1.996814597214412751e-05
5.473662369546071105e+00 1.314362479888742329e-10 3.524496514260665105e-10 1.503343347260362131e-05
5.476742652252625021e+00 1.524629743388882137e-11 1.314722053017607308e-11 4.528771945134785741e-06
5.479822934959178937e+00 8.751748454460461974e-11 1.436224875721281417e-10 2.549407347593044538e-05
5.482903217665732853e+00 2.335016496056809122e-10 4.438817804110706007e-10 6.876548153138079217e-05
5.485983500372286770e+00 5.586102617988971354e-11 9.241486144724262645e-11 2.456962385028168007e-05
5.489063783078840686e+00 4.749882109424384922e-11 2.614302014933239083e-11 3.866423677217027807e-05
5.492144065785394602e+00 3.393526376465271199e-10 2.686439009632686432e-10 5.659886384345687234e-05
5.495224348491948518e+00 2.559993734293003414e-10 2.063149335448762325e-10 3.607058341030623590e-05
5.498304631198502435e+00 1.226713498647767676e-11 1.016983769900409443e-11 7.681604010351439268e-06
5.501384913905055463e+00 1.321019365028035522e-11 1.201532722129097936e-11 6.140181789883833987e-06
5.504465196611609379e+00 3.053905768197588391e-11 2.632371551307792124e-11 4.188266821223825086e-06
5.507545479318163295e+00 1.064367977576586788e-11 5.978419232271589106e-12 1.332326931240178632e-06
5.510625762024717211e+00 2.475557029302544155e-11 2.564528933932572180e-11 1.942028383053586630e-06
5.513706044731271128e+00 2.417440484581216724e-10 2.571229106735726811e-10 9.498072039638746341e-06
5.516786327437824156e+00 1.659515442256594131e-10 1.611719421453961930e-10 7.288236862087495160e-06
5.519866610144378072e+00 3.086468723641946528e-11 9.609483559947280241e-12 2.721040945709027198e-05
5.522946892850931988e+00 2.395223441955217409e-10 2.170120705368484908e-10 2.881577228024510902e-05
5.526027175557485904e+00 5.122093594788763951e-10 4.727930481758561474e-10 3.684251225062170547e-05
5.529107458264039821e+00 7.758902000840903098e-11 6.203134031960098113e-11 8.668439740670772631e-06
5.532187740970593737e+00 7.954027966593944953e-11 4.058863005580930370e-11 1.268613227564792075e-05
5.535268023677147653e+00 5.950204280443043548e-10 3.180719984667801876e-10 4.843164873297961894e-05
5.538348306383701569e+00 3.362098054751706252e-10 1.766691669218022349e-10 2.589963725869719072e-05
5.541428589090254597e+00 3.117020990581819038e-11 1.084691753041750489e-11 3.041582001480030742e-05
5.544508871796808513e+00 5.618292062809727626e-11 3.076101216419598001e-11 3.973078788762745553e-05
5.547589154503362430e+00 9.468883872554487849e-11 5.436130784114067986e-11 5.230608258504498712e-05
5.550669437209916346e+00 1.976792466526055082e-11 1.022645637912911472e-11 1.236530110197947129e-05
5.553749719916470262e+00 1.104512012784928478e-11 7.469567510144582027e-12 1.446263007094744388e-05
5.556830002623023290e+00 9.900716170330738368e-12 3.715771345139774215e-11 1.493715045679460559e-05
5.559910285329577206e+00 6.393748285914087279e-12 1.727537133762412363e-11 5.735819438716443117e-06
5.562990568036131123e+00 6.564560396410693967e-12 7.820348128289744170e-12 1.816960670644757860e-06
5.566070850742685039e+00 8.230044085364188593e-11 2.498245816177004290e-10 4.764999555419261284e-06
5.569151133449238955e+00 1.358681487313894872e-10 3.965437160489827483e-10 6.096364858695711342e-06
5.572231416155791983e+00 3.230846584319070169e-11 3.590998336018199269e-11 2.520656329561462292e-05
5.575311698862346788e+00 4.777749827159151156e-11 7.337603223234809982e-11 3.852814512625519160e-05
5.578391981568900704e+00 1.251844395857148669e-10 4.338367390370527115e-10 6.019853329368808815e-05
5.581472264275454620e+00 4.933998310021803411e-11 1.662871485775901944e-10 2.173294830910929998e-05
5.584552546982007648e+00 1.020090526692303297e-11 7.460747274225563595e-12 1.018033459221250350e-05
5.587632829688561564e+00 1.158922214457689077e-10 1.132973701641857287e-10 1.902394897035903065e-05
5.590713112395115481e+00 1.589643193299955418e-10 1.582029417905404585e-10 2.038256014201422246e-05
5.593793395101669397e+00 2.286776063914201597e-11 1.815099774451872242e-11 9.467812592747195874e-06
5.596873677808223313e+00 5.180689302046898140e-11 1.000092571684237048e-11 1.283762319867806957e-05
5.599953960514776341e+00 2.339305104301382457e-10 4.314787213000056491e-11 1.730614441338158268e-05
5.603034243221330257e+00 8.360546588184403749e-11 1.580127714493293902e-11 7.666814269280883750e-06
5.606114525927884173e+00 1.482872840482698485e-11 7.995763771947598131e-12 1.141297235093949814e-05
5.609194808634438090e+00 9.305510705732499857e-11 8.493572720333468334e-11 1.728630725284855044e-05
5.612275091340991118e+00 1.111128514197527397e-10 9.491492564579496603e-11 1.560147364865583448e-05
5.615355374047545922e+00 2.315688096058550292e-11 9.294611346306393487e-12 7.616607739985196163e-06
5.618435656754099838e+00 9.462977684258390504e-11 1.235767663748830184e-10 9.494705990618571898e-06
5.621515939460653755e+00 3.430973290731804482e-10 5.006471628966920901e-10 1.432644604418868370e-05
5.624596222167206783e+00 1.048032807214199709e-10 1.331728358125141629e-10 1.690559418964719370e-05
5.627676504873760699e+00 2.662664790035751958e-11 9.796285868727581600e-12 4.245264064192363803e-05
5.630756787580314615e+00 2.042133182264694123e-10 1.148057502804587706e-10 6.383623667985842745e-05
5.633837070286868531e+00 2.040080066433048515e-10 1.146747629074834994e-10 5.277031116899976495e-05
5.636917352993422448e+00 3.807495762045908116e-11 7.311804781881077151e-12 1.798216776197277225e-05
5.639997635699975476e+00 6.050508014288730473e-11 1.420321361248907710e-11 2.272980119347003979e-05
5.643077918406529392e+00 1.699793076071877262e-10 5.037010139070726237e-11 3.600696958534579554e-05
5.646158201113083308e+00 4.733899055265207224e-11 1.502851155080668268e-11 1.041293673288134934e-05
5.649238483819637224e+00 1.612733749304430729e-11 7.332170467284253641e-12 1.273987449524865172e-05
5.652318766526191141e+00 9.068325037555543599e-11 8.443337921511337677e-11 2.727767476591165181e-06
5.655399049232744169e+00 7.580198176030556647e-11 7.288222915658430643e-11 1.809289235217382113e-06
5.658479331939298973e+00 1.188177850899493266e-11 7.416489512569663468e-12 9.780315523807101978e-06
5.661559614645852889e+00 3.517672997087476474e-11 8.488540112895289987e-11 1.126657749690732512e-05
5.664639897352406805e+00 8.558356093151649961e-11 2.317845864628892862e-10 1.675021121393785358e-05
5.667720180058959834e+00 2.341959368468320614e-11 4.528527227240685165e-11 1.133988165885782310e-05
5.670800462765513750e+00 3.044471840094695725e-11 2.414413741764204415e-11 2.147396549955197414e-05
5.673880745472067666e+00 1.967285563483517561e-10 2.692499818146929604e-10 1.294978295828142447e-05
5.676961028178621582e+00 1.411050001308101872e-10 1.907107214275710569e-10 9.217962087628956577e-06
5.680041310885174610e+00 1.764375961044389084e-11 7.559965316353472448e-12 2.001891290575981693e-05
5.683121593591728526e+00 3.905324356665816075e-11 1.808169858986976015e-11 2.343389247257919776e-05
5.686201876298282443e+00 7.512129526130901733e-11 4.018668416825345208e-11 3.426653952964649132e-05
5.689282159004836359e+00 2.238593411520245365e-11 9.292839553715509878e-12 1.005100757245906384e-05
5.692362441711390275e+00 2.750810855306318792e-11 5.871615574052186976e-12 1.404742246138144733e-05
5.695442724417943303e+00 1.302243899726473907e-10 6.099972844022736446e-11 1.461313463397844721e-05
5.698523007124497219e+00 8.158435266932825897e-11 3.833973794235467898e-11 7.893243449630120133e-06
5.701603289831052024e+00 1.060110350732111522e-11 4.284045711026297823e-12 8.083817414146434490e-06
5.704683572537605940e+00 6.917780120317398028e-11 5.147968388685728393e-11 1.063714308674947169e-05
5.707763855244158968e+00 1.486680216045945333e-10 1.082252535006206705e-10 1.473082689269793926e-05
5.710844137950712884e+00 3.776119730735030466e-11 1.597136326176649333e-11 6.039680205587707925e-06
5.713924420657266801e+00 4.566254753449321275e-11 3.625973400668195945e-11 7.327262320178762736e-06
5.717004703363820717e+00 1.923738721385864243e-10 2.738349149292408505e-10 1.015650762458461346e-05
5.720084986070374633e+00 1.092879528150228397e-10 1.389973049760211713e-10 1.074502007832912548e-05
5.723165268776927661e+00 2.839350307335229044e-11 7.372720715623993914e-12 4.606818480733334317e-05
5.726245551483481577e+00 9.283112351705478075e-11 6.432691183211702568e-11 4.349633189371669082e-05
5.729325834190035494e+00 1.535954160029845274e-10 1.133287826880860106e-10 4.721176027429690677e-05
5.732406116896589410e+00 2.576327423698526461e-11 1.244435891483986926e-11 1.278823657496787291e-05
5.735486399603143326e+00 1.156265882111424885e-11 4.385995647363042724e-12 1.326646860426129525e-05
5.738566682309696354e+00 3.163684188924296467e-11 1.840912325003804110e-11 1.842465545682914462e-05
5.741646965016251158e+00 1.895740170464875601e-11 9.021165729080641881e-12 8.653468093127586469e-06
5.744727247722805075e+00 1.968132312334903855e-11 3.389733657741706969e-12 1.449235535705193677e-05
5.747807530429358103e+00 6.208071236101677881e-11 6.229613010141012918e-11 7.239146881453241384e-06
5.750887813135912019e+00 9.229073317132882976e-11 9.826689603136191170e-11 4.855374350810827844e-06
5.753968095842465935e+00 1.599974832271739732e-11 1.207179130702529517e-11 9.908622125526048106e-06
5.757048378549019851e+00 2.160370006701631058e-11 2.643361867354639027e-11 1.192601368145231539e-05
5.760128661255573768e+00 8.251688640153791187e-11 1.182076647453018491e-10 1.414057889292152935e-05
5.763208943962126796e+00 3.393031317806866888e-11 4.382884653803827709e-11 5.136128205565956473e-06
5.766289226668680712e+00 1.875323169476260682e-11 7.309476088414559879e-12 3.827739807043171453e-06
5.769369509375234628e+00 8.237011030834715515e-11 1.164670226099122020e-10 5.301555394758091908e-06
5.772449792081788544e+00 9.756460642410092190e-11 1.492550351336014499e-10 6.199842333691756198e-06
5.775530074788342461e+00 2.117699939400604046e-11 1.232273689336103294e-11 3.185375951397689988e-05
5.778610357494895489e+00 1.354599992540613255e-11 1.561660423412415792e-11 3.883557285847657385e-05
5.781690640201449405e+00 1.947860926673446026e-12 6.068778325280160014e-11 5.007307026574967337e-05
5.784770922908004209e+00 2.453908734084078567e-12 1.830209904142719302e-11 1.480045667142707238e-05
5.787851205614558125e+00 6.792731827471758771e-12 2.631877373523457554e-12 5.492485814098610655e-06
5.790931488321111154e+00 2.400331811451281969e-11 4.249466899256186323e-11 1.145005560196200841e-05
5.794011771027665070e+00 2.669457244486070587e-11 4.791141160075621093e-11 1.059335150344470164e-05
5.797092053734218986e+00 1.385135858651343571e-11 4.094502570073106530e-12 6.751649496443000616e-06
5.800172336440772902e+00 7.343298156462063308e-11 3.385619798208006496e-11 8.758337817138427131e-06
5.803252619147326818e+00 2.739130587979147898e-10 1.351160646939790695e-10 1.254348527331631905e-05
5.806332901853879846e+00 9.323338353876089743e-11 3.722485898530017536e-11 1.143933956961410457e-05
5.809413184560433763e+00 3.940211466122801905e-11 9.183188199353847079e-12 2.007128981335772806e-05
5.812493467266987679e+00 4.534772908372047300e-11 7.458287859111196064e-11 1.965201680955596229e-05
5.815573749973541595e+00 3.978602324382706370e-11 6.755857895647732108e-11 1.433409275757800638e-05
5.818654032680094623e+00 1.997383829173258087e-11 8.202481796371965872e-12 1.263311809509604369e-05
5.821734315386648539e+00 1.781886574437141636e-11 3.529414515874163042e-11 1.283021643788434624e-05
5.824814598093203344e+00 2.289284648751960205e-11 1.065759066262358208e-10 1.265827975758947283e-05
5.827894880799757260e+00 9.764895656975871828e-12 2.267864075300953027e-11 1.688410448920009155e-05
5.830975163506310288e+00 7.422324086054572722e-12 4.251600796588410528e-12 3.031306290731092097e-05
5.834055446212864204e+00 1.965524611536630044e-11 3.315756393006050375e-11 3.964269239273567974e-05
5.837135728919418121e+00 1.734821185300033949e-11 2.538565286426064405e-11 2.633008045130567898e-05
5.840216011625972037e+00 1.334738990912298475e-11 2.177291815498885696e-12 5.560306168342777585e-06
5.843296294332525953e+00 4.770601229180614708e-11 3.025117071236173547e-11 7.302654438947655041e-06
5.846376577039078981e+00 1.264805801449710904e-10 8.788196333302008430e-11 9.309781738064177813e-06
5.849456859745632897e+00 2.248216044805266281e-11 1.712058745096830174e-11 2.690345404174353107e-06
5.852537142452186814e+00 5.476834476446443196e-12 1.209718284759007511e-11 3.701921105152602180e-06
5.855617425158740730e+00 5.587068311137328122e-11 1.102968398947180620e-10 7.360745396118456314e-06
5.858697707865294646e+00 3.753144517593231982e-11 7.588807698683671684e-11 6.390729424037153062e-06
5.861777990571847674e+00 1.008069402081064992e-11 8.017225195486296142e-12 1.662391248306074312e-05
5.864858273278401590e+00 1.423794309546332065e-11 5.387305658016825184e-11 1.813790469805996603e-05
5.867938555984956395e+00 2.018664313513296280e-11 1.189599088288346577e-10 2.391035999478228506e-05
5.871018838691510311e+00 9.348935275967919704e-12 1.842500637044265002e-11 1.699672223340813087e-05
5.874099121398063339e+00 1.389355097866549464e-11 1.078105105505598457e-11 2.919042817120178854e-05
5.877179404104617255e+00 2.903908356373194772e-11 6.972679410284231733e-11 2.131519843356496441e-05
5.880259686811171171e+00 1.608205094760722888e-11 3.870060926352639402e-11 1.513072363868811794e-05
5.883339969517725088e+00 5.832685196127821257e-12 3.235012065449810019e-12 1.806497900443036845e-05
5.886420252224278116e+00 2.509392907116930210e-11 2.462844021721902232e-11 1.955657644107382619e-05
5.889500534930832032e+00 4.654722291846343353e-11 4.783124155587699441e-11 2.498700462987018359e-05
5.892580817637385948e+00 1.920585077790741125e-11 5.938291548361304538e-12 8.544844188971167009e-06
5.895661100343939864e+00 3.403573897720685279e-11 1.371975946484391501e-11 1.466052117505791918e-05
5.898741383050493781e+00 1.232006198336962112e-10 1.015627326013621371e-10 2.798229918579723467e-05
5.901821665757046809e+00 6.456298320054694515e-11 5.105256386702420350e-11 1.374055339767933951e-05
5.904901948463600725e+00 1.238056059097756367e-11 4.775288126738844386e-12 2.006161044793297271e-06
5.907982231170154641e+00 1.953590328960063836e-11 3.155354567164763984e-11 9.429481685357257790e-06
5.911062513876709446e+00 2.744103682884269112e-11 4.943470393357997414e-11 1.395917607388256178e-05
5.914142796583262474e+00 3.797729360596984254e-11 9.690503711983502124e-12 1.162459672389088863e-05
5.917223079289816390e+00 4.145841517167850008e-11 1.476651483114270928e-11 1.402129977666260841e-05
5.920303361996370306e+00 1.693010197465617868e-11 5.620171118172495285e-11 8.296930067023771172e-06
5.923383644702924222e+00 9.720542029556621396e-12 2.291562341814029418e-11 1.172712368927910306e-05
5.926463927409478138e+00 1.182647576924613317e-11 4.672174583670747992e-12 3.963350606700222618e-05
5.929544210116031167e+00 3.614146195433716289e-11 4.119450553092527342e-11 3.807592160388475691e-05
5.932624492822585083e+00 4.992953909386815334e-11 5.725938809412803562e-11 3.776018776581613757e-05
5.935704775529138999e+00 4.198088332244807858e-12 6.310533469666339166e-12 8.016337584172798724e-06
5.938785058235692915e+00 1.150030426373684001e-11 2.164682569441772368e-11 9.592960464656011813e-06
5.941865340942246831e+00 6.225545688459166527e-11 1.060086778791817706e-10 2.451456737396263770e-05
5.944945623648799859e+00 2.281910418771667646e-11 3.674501106968638458e-11 9.264843488516374999e-06
5.948025906355353776e+00 7.661664703544959031e-12 6.529695192258175108e-12 1.271849620972667336e-05
5.951106189061908580e+00 3.737943761787917566e-11 7.360581409054088163e-11 1.569697014963229384e-05
5.954186471768461608e+00 4.764899440310464090e-11 9.181393993043217547e-11 1.416158717012750716e-05
5.957266754475015524e+00 4.788532447005711796e-12 1.217241047041032668e-11 2.872984244707872929e-06
5.960347037181569441e+00 2.969511749289199960e-12 1.696194587089948322e-11 7.656427908386490220e-06
5.963427319888123357e+00 8.540096054369850655e-12 4.810881350933238017e-11 2.583121626575201802e-05
5.966507602594677273e+00 5.641693987463857948e-12 1.494402539884094493e-11 1.204430885849544712e-05
5.969587885301230301e+00 1.168072583920420014e-11 7.528342548815710075e-12 2.316087742601462878e-05
5.972668168007784217e+00 1.714806683086422732e-11 1.620231406764901895e-11 1.798419046294761476e-05
5.975748450714338134e+00 1.436011051458275494e-11 1.468516605453239991e-11 1.628885561678480732e-05
5.978828733420892050e+00 1.258963876184533153e-11 3.453084976691947969e-12 3.639841183193469722e-05
5.981909016127445966e+00 1.287155292201455865e-11 2.532937041692304558e-11 3.262392961827407866e-05
5.984989298833998994e+00 1.187116880999904599e-11 8.897870775458864686e-11 2.507943726424686991e-05
5.988069581540552910e+00 4.385414931571976631e-12 2.142266861119658877e-11 7.504760337781946228e-06
5.991149864247106827e+00 6.022837996223737002e-12 9.259811118915277735e-12 6.647541962286132656e-06
5.994230146953661631e+00 3.792113223716448585e-11 7.240946375495436038e-11 3.630131402733373543e-05
5.997310429660214659e+00 3.704037646472761932e-11 6.548866420095352858e-11 3.147210913839919782e-05
6.000390712366768575e+00 1.732143529302204598e-11 4.712885203718210559e-12 6.562573683609935720e-06
6.003470995073322491e+00 2.501851974408259038e-11 2.290293776021218531e-11 1.156250609755137465e-05
6.006551277779876408e+00 4.857000702509813728e-11 6.741619671298374028e-11 2.182172957304903159e-05
6.009631560486430324e+00 2.661204808933232864e-11 1.918974719238930818e-11 7.567898909102896884e-06
6.012711843192983352e+00 2.926219331005032242e-11 1.370530967821547208e-11 1.002142756716825805e-05
6.015792125899537268e+00 4.520397570079736066e-12 1.336150640418418491e-11 9.465485118633103616e-06
6.018872408606091184e+00 2.680951426345237425e-12 9.078979557558697169e-12 6.913581924136171812e-06
6.021952691312645101e+00 1.790277657654481010e-11 9.545286548929159808e-12 2.722008586216178184e-05
6.025032974019198129e+00 1.194653854351986716e-11 2.159225718890136625e-11 2.892496788403112423e-05
6.028113256725752045e+00 1.222416693790422420e-11 4.107951197582280767e-11 3.349468510898130744e-05
6.031193539432305961e+00 5.039653393099691422e-12 8.286622420341889770e-12 2.650952808734100696e-05
6.034273822138859877e+00 1.263177655130968111e-11 1.402497580940421667e-11 3.696762447767012300e-05
6.037354104845413794e+00 7.746167700374415737e-11 1.171745901396606522e-10 2.448168964765530956e-05
6.040434387551967710e+00 5.145152608944131691e-11 7.442645595093603200e-11 1.302415769806712507e-05
6.043514670258521626e+00 1.542530957363395241e-12 7.155068457042194914e-12 5.090640084291324431e-06
6.046594952965075542e+00 2.337217564371282937e-11 2.668393083536346665e-11 1.464707158086063942e-05
6.049675235671629459e+00 5.433746749458966210e-11 5.567412447088817931e-11 2.860391342880904507e-05
6.052755518378182487e+00 8.399656131268102416e-12 1.089320386641663707e-11 6.304578289937489368e-06
6.055835801084736403e+00 3.226313591741227897e-12 6.416859332583470886e-12 6.723340131047602890e-06
6.058916083791290319e+00 1.259954032294166205e-11 1.764712892236433230e-11 2.986315700810094993e-05
6.061996366497844235e+00 6.577367252705525526e-12 1.069624607545770345e-11 1.569056354545610306e-05
6.065076649204398151e+00 2.702577365577790096e-12 9.865781581367252748e-12 1.305827795959941151e-05
6.068156931910951180e+00 2.830091218020088443e-12 6.577674786522948355e-12 1.058558366012357993e-05
6.071237214617505096e+00 2.862203212976323452e-12 4.602357335865339111e-12 8.915156888101158703e-06
6.074317497324059012e+00 4.497422582192381377e-12 5.258147906671952554e-12 1.880518378584339993e-05
6.077397780030613816e+00 1.150797031718876351e-11 2.098945169283195994e-11 3.138863823226037479e-05
6.080478062737166844e+00 3.926073948033052946e-11 1.086102307450375232e-10 3.646545242250515741e-05
6.083558345443720761e+00 2.021950333741446792e-11 4.933397663745118449e-11 2.097903189981674898e-05
6.086638628150274677e+00 1.392951961448384324e-11 1.156709693396768686e-11 2.242061411571729266e-05
6.089718910856828593e+00 1.706280722373841516e-11 5.428570361157990381e-11 1.256453490249673010e-05
6.092799193563381621e+00 1.964166231182015190e-11 8.526748081805267378e-11 9.951751973770293783e-06
6.095879476269935537e+00 3.653010580387333959e-12 1.288381675198256257e-11 8.829747642754868305e-06
6.098959758976489454e+00 4.292932913887537347e-12 1.185971367725966221e-11 1.316103713819318080e-05
6.102040041683043370e+00 1.369456191206647462e-11 2.800815974929678777e-11 3.031300974369823171e-05
6.105120324389597286e+00 7.136018669292693449e-12 1.359636139666522948e-11 1.091226646448173391e-05
6.108200607096150314e+00 4.082901942411131854e-12 1.026447287804520386e-11 2.591430940065385312e-06
6.111280889802704230e+00 7.347930710671129294e-12 3.499966075035884851e-12 1.265823832457030209e-05
6.114361172509258147e+00 9.752149044645388535e-12 1.298981449223849336e-12 1.477424532073462406e-05
6.117441455215812063e+00 1.435150076220616915e-11 8.918247705815352514e-12 1.493401314880340262e-05
6.120521737922365979e+00 1.386088998531120085e-11 1.246741252258590401e-11 1.800054284703432258e-05
6.123602020628919895e+00 2.936448425191114237e-12 1.572585586163313596e-11 1.093396040284068357e-05
6.126682303335473812e+00 4.710583407294865282e-12 5.813615711693211298e-12 1.301729724011599525e-05
6.129762586042027728e+00 1.218018841229783705e-11 8.139781071796674508e-12 3.566794907667234345e-05
6.132842868748581644e+00 4.129969201697886317e-11 7.474012518812973827e-11 3.067624031044680332e-05
6.135923151455134672e+00 4.541133198556030353e-11 8.716955565121426390e-11 2.666676177944483434e-05
6.139003434161688588e+00 7.479997153564080139e-12 1.418447501528334089e-11 1.283550243103851226e-05
6.142083716868242504e+00 1.057757111992626151e-11 2.021884692896305934e-11 9.314819263613293622e-06
6.145163999574796421e+00 2.479958484457611736e-11 5.065201006097328390e-11 7.486748549726773399e-06
6.148244282281350337e+00 9.045226760212549116e-12 1.656227407665025824e-11 4.772424464362486111e-06
6.151324564987903365e+00 3.598532024522773305e-12 1.034395838098754985e-11 6.760481133448679246e-06
6.154404847694457281e+00 2.316738332964943448e-12 8.172412425094650885e-12 2.063669528429238684e-05
6.157485130401011197e+00 2.410150920555182453e-12 6.821768049730450603e-12 1.808916298440052455e-05
6.160565413107565114e+00 1.129215871968134609e-12 7.332808675873976675e-12 3.888781106767338800e-06
6.163645695814119030e+00 1.218967629399425567e-12 7.278272818427846732e-12 8.013924171234557988e-06
6.166725978520672946e+00 1.965391817432906331e-12 7.299494140734120286e-12 1.696134029702565799e-05
6.169806261227226862e+00 2.510718109818990656e-12 4.826510295704416719e-12 8.713009859724417017e-06
6.172886543933780779e+00 6.713389107029320482e-12 1.151297522711709461e-11 1.880316403933217955e-05
6.175966826640333807e+00 2.250522304630291812e-11 3.717355805897942346e-11 1.101204733723738338e-05
6.179047109346887723e+00 2.005955434959128490e-11 2.922156189968687702e-11 7.935593149650980730e-06
6.182127392053441639e+00 1.930171707269837378e-11 1.278450429805153483e-11 1.448950202638464050e-05
6.185207674759995555e+00 1.804568318873567831e-11 2.695858003849673774e-11 1.163677392550409840e-05
6.188287957466549472e+00 1.791394719471020262e-11 6.225048680539451149e-11 9.310891260307927109e-06
6.191368240173102500e+00 1.031748669468500066e-11 1.728388076575423000e-11 1.015890777407129210e-05
6.194448522879656416e+00 1.299358027221435277e-11 1.584670320325179456e-11 1.610412412706859576e-05
6.197528805586210332e+00 4.417275556961207301e-12 8.673002648330170150e-12 1.705145306462665797e-05
6.200609088292764248e+00 2.862453039098919043e-12 5.363091368308128946e-12 1.119928228650010602e-05
6.203689370999318164e+00 2.529299787633766187e-12 2.815624337432380562e-12 3.424673157881276521e-07
6.206769653705872081e+00 1.215488312365372861e-12 2.269076148515719771e-12 4.569081415526162507e-06
6.209849936412425997e+00 4.333508128998973276e-13 1.769248207990158124e-12 1.082659074820951331e-05
6.212930219118979913e+00 1.600755523201850691e-12 4.368914828132852633e-12 7.127308376878631755e-06
6.216010501825533829e+00 4.119453006779378729e-12 8.757797227497980150e-12 1.293546434571503706e-05
6.219090784532086857e+00 2.330768078430312056e-11 1.934967537166761622e-11 8.363131746250376361e-06
6.222171067238640774e+00 1.653351963319224997e-11 1.250026038641461071e-11 4.694729549881071453e-06
6.225251349945194690e+00 8.535069626832305311e-12 1.139638067490831335e-11 1.300035343315490203e-05
6.228331632651748606e+00 6.302479492118785626e-12 2.852246864021256046e-11 8.555724161780252834e-06
6.231411915358301634e+00 5.629798562766856706e-12 5.122629884235917888e-11 5.375052926064016340e-06
6.234492198064855550e+00 7.335491762663725706e-12 2.144233675932190125e-11 8.661751661998464338e-06
6.237572480771409467e+00 1.217233012986180269e-11 3.021685901756728338e-11 1.089231788894394831e-05
6.240652763477963383e+00 3.409893267493071304e-11 5.311546342587247592e-11 3.203186408511572667e-06
6.243733046184517299e+00 1.850970862127014398e-11 2.848358718900890971e-11 2.049384136277896124e-06
6.246813328891071215e+00 6.299732260584729076e-12 1.366041879695253150e-11 2.636585560631219554e-06
6.249893611597625132e+00 3.352579735472197110e-12 5.473073997309492983e-12 9.364585618489235444e-06
6.252973894304179048e+00 1.351065658221034008e-12 8.544693079199167004e-13 1.543031455227894124e-05
6.256054177010732964e+00 3.435143344337139861e-12 4.066350787336061512e-12 1.872044756280931150e-06
6.259134459717285992e+00 4.989190994309084063e-12 5.214823993429392662e-12 1.275531727224022961e-06
6.262214742423839908e+00 1.781775649824399916e-11 3.492600412547397810e-12 3.793123709556464305e-06
6.265295025130393824e+00 8.798695219524547537e-12 2.291997739319253939e-12 3.370583119159566007e-06
6.268375307836947741e+00 2.183025875924752261e-12 4.106726944200257130e-12 1.206488146599361231e-05
6.271455590543501657e+00 2.349335181274938212e-12 8.440967600110273472e-12 6.161594660863756888e-06
6.274535873250054685e+00 2.618306954244035758e-12 1.075773316456600137e-11 3.324751531713911937e-06
6.277616155956608601e+00 6.629070311684337639e-12 2.410937050331875502e-11 1.017011809950854328e-06
6.280696438663162517e+00 1.804382208130863848e-11 3.055975550633918270e-11 1.307470054743196851e-06
6.283776721369717322e+00 5.776433802167462598e-11 4.044805427405455391e-11 4.842737050225451330e-07
6.286857004076270350e+00 3.192318533489235709e-11 1.891123945496554158e-11 1.310548323477983495e-06
6.289937286782824266e+00 4.269999370693440836e-11 2.474295640362468985e-11 4.835691749001505770e-06
6.293017569489377294e+00 1.404294208411410896e-11 1.590158322979721783e-11 6.425412377285686249e-06
6.296097852195932099e+00 2.751827466094135050e-12 1.306648547211875484e-11 6.807709764700187406e-06
6.299178134902485127e+00 1.027327808459726625e-11 7.678391324029745332e-12 2.586029845236436168e-06
6.302258417609039043e+00 8.712264724455179770e-12 7.228300684885247147e-12 3.521935770172165010e-06
6.305338700315592071e+00 2.718233155254921337e-12 4.190181928918085288e-12 8.614570075831495444e-06
6.308418983022146875e+00 9.571564238769630640e-13 1.300651483173071698e-12 2.290197811693591983e-06
