# omega PSD_u_x105.0_y0.5_z0.0 PSD_v_x105.0_y0.5_z0.0 PSD_p_x105.0_y0.5_z0.0
0.000000000000000000e+00 2.604190275537338864e-04 7.926170326899943449e-06 1.921709293256969274e-05
3.080282706553782654e-03 1.318794976208609152e-04 5.970606636354183431e-06 1.179166289956987476e-05
6.160565413107565308e-03 3.053612253954600154e-07 1.427180656351257307e-07 3.605992288689146694e-06
9.240848119661346227e-03 7.803248515244693111e-08 6.751935731446341385e-09 6.833095416847647208e-06
1.232113082621513062e-02 1.883015737183500083e-08 6.829590444465623752e-10 3.428796948704343939e-06
1.540141353276891327e-02 2.231815600423761170e-08 1.851434070818132105e-09 1.159159546191556136e-06
1.848169623932269245e-02 4.858044838582072098e-08 4.258819382640425151e-09 1.258009905290990016e-06
2.156197894587647684e-02 2.149436616491815191e-07 2.332857126487274030e-08 1.358812193286708043e-07
2.464226165243026123e-02 2.581345308227511981e-06 3.713250964730472833e-07 1.410389413481385030e-06
2.772254435898404215e-02 5.423925292687093515e-05 6.513243580878052000e-06 2.609359788907706284e-05
3.080282706553782654e-02 2.488328906638815610e-04 2.719496576785134911e-05 1.570096619278832470e-04
3.388310977209160746e-02 1.345248671783960822e-04 1.390389807596833726e-05 1.174874312123310420e-04
3.696339247864538491e-02 8.152046382251627179e-06 9.707629891719925630e-07 1.488234489163345201e-05
4.004367518519917624e-02 8.800411787736655168e-07 1.319679854293292697e-07 5.886508376438785457e-05
4.312395789175295369e-02 1.016790672125637423e-06 7.852428769986928855e-08 3.724374489358987355e-05
4.620424059830673807e-02 2.588696570327290075e-06 1.648820591498521549e-07 6.620094792459749262e-07
4.928452330486052246e-02 8.930129865572798063e-06 5.423565832454921048e-07 3.673467285035330546e-05
5.236480601141430685e-02 4.390210228213789928e-05 2.605591589179773817e-06 1.467936181049156821e-04
5.544508871796808430e-02 4.115578664582731348e-04 2.434749891398105051e-05 2.189520286915597755e-04
5.852537142452186869e-02 2.395062965267794053e-02 1.417903987462608732e-03 1.754383771655967515e-04
6.160565413107565308e-02 4.805009871030530566e-01 2.821518893246519749e-02 1.872521128097913608e-03
6.468593683762942359e-02 4.231806945306259005e-01 2.484808238058560173e-02 2.157935627608876476e-03
6.776621954418321492e-02 1.333092566068878188e-02 7.941717616701443648e-04 2.784347369560682029e-04
7.084650225073700625e-02 3.181445667423060480e-04 1.865998962197569429e-05 9.689767319043692516e-05
7.392678495729076982e-02 3.694943390296167142e-05 2.125186709385191158e-06 3.873570689164236320e-05
7.700706766384456115e-02 7.897849421974341603e-06 4.427501632190478286e-07 3.355345049666344963e-07
8.008735037039835247e-02 2.441765793723324175e-06 1.292663874984232386e-07 1.040974863652011282e-06
8.316763307695212992e-02 1.064536241974354491e-06 4.671381108476911837e-08 2.123119180601623109e-06
8.624791578350590737e-02 1.355231799924735522e-06 2.592415660152389964e-08 1.123027350160671380e-05
8.932819849005969870e-02 1.467880089752026049e-05 9.729837434158303842e-08 1.852847499106875806e-05
9.240848119661347615e-02 1.535056472005853485e-04 7.291947022593244209e-07 6.915570533158961377e-05
9.548876390316725360e-02 2.289979270275761662e-04 1.455257847042993217e-06 6.713484423324724590e-05
9.856904660972104493e-02 4.641844702397649190e-05 6.224362734947328203e-07 4.332942419720255283e-06
1.016493293162748224e-01 2.659259113363069148e-06 9.827530839150145102e-08 2.976569993543062284e-05
1.047296120228286137e-01 3.565613808275648886e-07 1.714196257348481503e-08 2.140095303475005387e-05
1.078098947293823912e-01 4.380800834464538604e-07 1.892321226999531363e-08 1.276178878456499841e-05
1.108901774359361686e-01 1.201523860151333449e-06 5.114280568999140844e-08 2.459768853921561819e-05
1.139704601424899599e-01 4.909248444990961967e-06 1.981243322165671814e-07 6.919173011576855231e-05
1.170507428490437374e-01 3.279406990953434987e-05 1.292404706102640518e-06 6.785799311587447378e-05
1.201310255555975148e-01 6.090515919387199306e-04 2.353036276007467153e-05 1.445767611301759954e-04
1.232113082621513062e-01 5.584591846732038789e-01 2.260841921237052160e-02 1.152771747883297032e-01
1.262915909687050975e-01 1.685738294261205361e+00 6.834530993377561925e-02 3.517805628965987030e-01
1.293718736752588472e-01 3.137822855748076400e-01 1.270679527584706037e-02 6.673346962214909972e-02
1.324521563818126524e-01 2.975825961089215675e-04 1.197786021614558783e-05 7.711191612232742745e-05
1.355324390883664298e-01 2.088803949902645960e-05 8.658394747158648931e-07 1.420634041714348506e-05
1.386127217949202073e-01 3.395794547931137786e-06 1.585417850269013748e-07 1.146288012248020847e-06
1.416930045014740125e-01 8.253342251958359426e-07 4.434866361458188485e-08 4.101056307998671758e-07
1.447732872080277899e-01 4.815381286440261438e-07 1.600354544009175312e-08 3.495570822846292929e-06
1.478535699145815396e-01 2.222694584292008003e-06 5.182168986843016670e-08 7.049178313417405756e-06
1.509338526211353448e-01 3.905989048866851440e-05 1.057703063648096720e-06 2.380221079955048379e-05
1.540141353276891223e-01 9.701257509368253762e-04 4.313168684764638285e-05 2.413424998048718816e-04
1.570944180342429275e-01 3.550629371479068885e-03 1.783103489124722300e-04 7.871617398567609062e-04
1.601747007407967049e-01 1.577455732377147169e-03 8.562666548849700145e-05 3.914907568574230688e-04
1.632549834473504824e-01 9.159287708070483057e-05 4.529649103575389204e-06 4.981979641475297861e-05
1.663352661539042598e-01 6.925189599792598649e-06 1.530387081377419809e-07 1.162127729227716931e-06
1.694155488604580373e-01 4.218433063871108485e-06 7.529555028702900924e-08 7.426326961285102206e-06
1.724958315670118147e-01 9.140426343888331871e-06 1.583839379086225198e-07 9.823019288006873138e-06
1.755761142735656199e-01 3.117383106485271954e-05 5.668410922919844359e-07 1.601560687924017841e-05
1.786563969801193974e-01 1.591507522098544554e-04 3.008664013452993533e-06 2.758597872583172414e-05
1.817366796866731748e-01 1.651937350453192531e-03 3.183768266373818796e-05 3.192754630533436023e-04
1.848169623932269523e-01 1.487251653135159279e-01 2.763283600752384529e-03 2.852283008137008330e-02
1.878972450997807297e-01 1.982875257809129765e+00 3.693894198328585843e-02 3.793075555709580216e-01
1.909775278063345072e-01 1.352293392809465811e+00 2.507670092914398435e-02 2.579043160055044526e-01
1.940578105128883124e-01 2.497964300556835757e-02 4.545570313184085515e-04 4.664614912962999557e-03
1.971380932194420899e-01 7.708044987947931630e-04 1.408226763876847781e-05 1.545409970712774785e-04
2.002183759259958673e-01 9.623700309674248761e-05 1.761415317107313528e-06 1.854678760647782417e-05
2.032986586325496448e-01 2.120756954130450790e-05 3.710618604943272230e-07 3.801884281905584119e-06
2.063789413391034500e-01 6.650624250603978527e-06 1.075546215563950196e-07 2.535824739254111992e-06
2.094592240456572274e-01 3.289951178372593257e-06 4.269336883108735553e-08 1.374787267382349643e-06
2.125395067522110049e-01 6.964922817555192068e-06 4.866527302963636299e-08 4.173549946465402739e-07
2.156197894587647823e-01 1.442037716498578367e-04 9.374976113775081189e-07 1.907602651707905817e-05
2.187000721653185598e-01 1.553836807545061699e-03 3.179809944031601040e-05 2.935101616771348151e-04
2.217803548718723372e-01 1.962823583258109603e-03 6.339801836759324533e-05 4.030298205647487512e-04
2.248606375784261424e-01 2.826169023993534493e-04 1.369656119203444810e-05 6.123325432878273962e-05
2.279409202849799199e-01 9.028471100006644787e-06 6.551702267640353475e-07 3.980805643001010828e-06
2.310212029915336973e-01 7.364557748506400779e-07 4.155485949452420703e-08 2.666233760562901092e-07
2.341014856980874748e-01 9.069775788791301373e-07 2.692468432421447647e-08 6.477343480059674929e-07
2.371817684046412522e-01 3.264399922210356361e-06 4.487759724294657937e-08 6.983143438520960757e-07
2.402620511111950297e-01 1.485417928916394805e-05 1.684003206178002307e-07 1.582149546879102048e-06
2.433423338177488349e-01 1.083572743065257965e-04 1.182463378585884047e-06 1.182859126455991185e-05
2.464226165243026123e-01 2.407876970592687151e-03 2.344086270170561107e-05 2.643905588738815616e-04
2.495028992308563898e-01 4.944046429965197609e-01 5.325392068583743692e-03 5.448678832103702463e-02
2.525831819374101950e-01 1.134846189815749584e+00 1.231551732438091080e-02 1.250019522077109313e-01
2.556634646439639447e-01 1.554258087962424317e-01 1.664231191947101183e-03 1.708763510018193946e-02
2.587437473505176944e-01 5.267743906704541387e-04 6.528688129771121312e-06 5.843820119207570007e-05
2.618240300570715551e-01 4.191812921637941177e-05 5.437085267763823422e-07 4.751964233252203794e-06
2.649043127636253048e-01 7.219938896181442679e-06 9.649413748872010145e-08 7.925825640303013371e-07
2.679845954701791100e-01 1.890679671218561828e-06 4.560530776791067883e-08 3.446397778324584015e-07
2.710648781767328597e-01 1.263652821078703051e-06 8.580571853275684737e-08 1.322684772248683350e-07
2.741451608832866094e-01 6.576431486106679900e-06 3.575205310285851998e-07 1.007219843574297604e-06
2.772254435898404146e-01 1.265101273804773209e-04 4.676837245028368147e-06 1.879860050713329941e-05
2.803057262963942198e-01 3.011109775202326904e-03 6.588131396913225648e-05 3.620092657336738853e-04
2.833860090029480250e-01 9.615516230965757971e-03 1.769665953579310314e-04 1.075207191525661765e-03
2.864662917095017747e-01 3.712598063449991034e-03 6.416251364196064297e-05 4.184333871036001614e-04
2.895465744160555799e-01 1.895926599632409679e-04 4.185975012095460419e-06 2.271702543762844697e-05
2.926268571226093296e-01 1.233511478442127789e-05 5.711617794686479592e-07 2.325679854227289013e-06
2.957071398291630793e-01 4.414402032757971028e-06 4.408566854307977645e-07 7.686571594839240773e-07
2.987874225357169400e-01 7.031167563700100559e-06 1.056601117108389195e-06 1.692614661695719651e-06
3.018677052422706897e-01 2.258889457492313871e-05 3.704498494727930905e-06 5.532238132347675677e-06
3.049479879488244949e-01 1.174944070600886226e-04 1.953310484123475465e-05 3.009920441627933165e-05
3.080282706553782446e-01 1.340827425134818790e-03 2.250444171567721066e-04 3.417811876477978394e-04
3.111085533619320498e-01 2.206396187824526123e-01 3.627211729690437564e-02 5.566118572717695251e-02
3.141888360684858550e-01 2.048400868538486463e+00 3.378642368505910820e-01 5.176083900603164478e-01
3.172691187750396047e-01 1.084309722328385073e+00 1.786172765723487155e-01 2.736596058032367829e-01
3.203494014815934099e-01 1.041166741433126840e-02 1.693018711299807159e-03 2.590855912791671222e-03
3.234296841881471596e-01 4.068840982845858085e-04 6.668049552452548392e-05 1.035443689366533326e-04
3.265099668947009648e-01 5.341430203058711187e-05 8.736722297837835465e-06 1.353713669088768487e-05
3.295902496012547145e-01 1.226416692023522751e-05 1.991258488677647612e-06 3.047614862391642801e-06
3.326705323078085197e-01 4.249969519530443412e-06 6.901052630817764772e-07 1.080837396574283480e-06
3.357508150143623249e-01 3.829039931561408569e-06 8.140945955900044505e-07 1.127620062170505980e-06
3.388310977209160746e-01 2.507430224330952319e-05 5.939660400944303238e-06 8.268756243995034291e-06
3.419113804274698798e-01 7.582368978501170852e-04 2.207398436627815510e-04 2.583405559067325085e-04
3.449916631340236295e-01 6.918245262820722601e-03 2.119747082018979233e-03 2.399757819992181553e-03
3.480719458405774347e-01 7.139034780068075937e-03 2.236953622755608224e-03 2.494596030180594535e-03
3.511522285471312399e-01 8.770934026765259258e-04 2.758534492224319883e-04 3.052560606538650746e-04
3.542325112536849896e-01 3.439577947247000704e-05 1.008845591116976393e-05 1.047886235640512822e-05
3.573127939602387948e-01 3.338235774918686465e-06 9.543977026843262280e-07 1.098800435601080793e-06
3.603930766667925445e-01 1.236785748480340242e-06 2.651468977987309815e-07 3.117107300886136002e-07
3.634733593733463497e-01 2.612488142571166545e-06 4.482860106297680745e-07 6.730584766908835851e-07
3.665536420799000994e-01 1.114539377393878886e-05 1.886462486435811935e-06 2.684235244648345288e-06
3.696339247864539046e-01 8.589841893614256834e-05 1.428813436668419085e-05 2.109362652467800331e-05
3.727142074930077098e-01 2.432747596419075013e-03 4.254627758188452968e-04 6.097958568790002622e-04
3.757944901995614595e-01 2.049276788485232259e-01 3.466812317961810719e-02 5.036784799941260854e-02
3.788747729061152647e-01 3.632143898581418062e-01 6.177861541896893099e-02 8.925995209836694311e-02
3.819550556126690144e-01 3.616614621766774118e-02 6.266275248730537005e-03 8.956818167736727357e-03
3.850353383192228196e-01 2.575198578308153323e-04 4.448825084137780512e-05 6.260120528640513620e-05
3.881156210257766248e-01 2.227273447138411886e-05 3.714678962939121424e-06 5.446167870414289074e-06
3.911959037323303745e-01 4.092500937156989619e-06 6.836970509453749617e-07 1.032164697689728967e-06
3.942761864388841797e-01 1.103342077929163534e-06 1.904530949101891416e-07 2.680624882183172945e-07
3.973564691454379849e-01 6.260416913702595477e-07 2.377430526465795200e-07 1.788368515361894488e-07
4.004367518519917346e-01 2.055936839479141545e-06 1.178148184153236176e-06 4.087165558927169481e-07
4.035170345585455398e-01 5.172038499376622984e-05 3.201844208017624226e-05 1.079709167742019919e-05
4.065973172650992895e-01 1.057181121453370501e-03 6.895181234732419059e-04 2.067693502723299246e-04
4.096775999716530947e-01 2.576602554745500290e-03 1.692880760537276942e-03 4.713362935937126974e-04
4.127578826782068999e-01 7.789383340654251319e-04 4.975938452202167918e-04 1.351097505501503337e-04
4.158381653847606496e-01 3.333244989703612810e-05 2.004931773685241712e-05 5.610094317779565404e-06
4.189184480913144548e-01 1.683237677164633368e-06 1.141792767721802025e-06 2.927186888059494094e-07
4.219987307978682045e-01 2.976829552422143404e-07 1.941479869060330285e-07 4.242352098649347012e-08
4.250790135044220097e-01 3.962341261354227079e-07 2.065744094211013002e-07 5.243205101258388771e-08
4.281592962109757594e-01 1.293926525730397980e-06 6.368250902170583821e-07 1.460862856627162785e-07
4.312395789175295646e-01 7.108621201677807774e-06 3.452310514883379753e-06 7.688071957483724581e-07
4.343198616240833698e-01 9.029259811341556151e-05 4.427122496962097934e-05 9.406232311772452372e-06
4.374001443306371195e-01 3.714382468950213484e-02 1.795276687308022118e-02 3.881496810529131997e-03
4.404804270371909247e-01 2.440984086563038891e-01 1.182362181889849428e-01 2.557916294596609616e-02
4.435607097437446744e-01 9.959620126389875927e-02 4.783693411066168577e-02 1.041455090169323729e-02
4.466409924502984796e-01 4.351901787462252990e-04 1.938909133433975782e-04 4.545299749128372250e-05
4.497212751568522848e-01 2.024383575538571365e-05 8.301738563881258886e-06 1.706623055248249458e-06
4.528015578634060345e-01 2.972691181312818606e-06 1.150933398285361047e-06 3.138071766105209686e-07
4.558818405699598397e-01 8.138570549815069621e-07 2.527542599443159265e-07 5.555642656882195961e-08
4.589621232765135894e-01 4.304741268563506283e-07 7.309513001125609062e-08 2.665352767950273075e-08
4.620424059830673946e-01 9.907719527038342031e-07 8.638087221947461095e-08 4.923740854564426192e-08
4.651226886896211443e-01 1.102432468602855478e-05 9.006842426948970665e-07 5.663435675948577358e-07
4.682029713961749495e-01 3.096312616560329312e-04 2.227212295443443114e-05 1.733257204010507960e-05
4.712832541027287547e-01 2.070975675675494794e-03 1.256590772426573904e-04 1.140315712450024792e-04
4.743635368092825044e-01 1.715350679544772050e-03 8.038072179965071546e-05 7.762486587192635146e-05
4.774438195158363096e-01 1.706976293141092152e-04 5.271137101685117553e-06 5.795388971385222474e-06
4.805241022223900593e-01 5.855304101490336390e-06 2.801451227387128560e-07 2.964521172763949380e-07
4.836043849289438645e-01 5.333749599146058014e-07 1.459080090845180773e-07 1.096346468262722508e-07
4.866846676354976697e-01 4.749890464633047087e-07 3.192008180397010188e-07 1.200988659005123135e-07
4.897649503420514194e-01 1.625364000186211295e-06 1.060289235271682699e-06 3.562117512742361649e-07
4.928452330486052246e-01 7.901850556507689842e-06 4.827284450711566604e-06 1.581018768818868344e-06
4.959255157551589743e-01 6.823897344777524773e-05 4.032740173309254064e-05 1.366950522632635359e-05
4.990057984617127795e-01 2.447128483050873410e-03 1.387781533344524618e-03 4.714619780566527618e-04
5.020860811682665847e-01 1.032486987403730266e-01 6.169009130089737197e-02 2.084798953437280028e-02
5.051663638748203899e-01 1.403403556944381181e-01 8.332779053355443555e-02 2.820204661614712088e-02
5.082466465813741952e-01 9.943368693968524311e-03 5.632992022969847239e-03 1.917413975432800477e-03
5.113269292879278893e-01 1.157162921283855835e-04 6.684519442568301979e-05 2.253701480066221615e-05
5.144072119944816945e-01 1.090023551386754705e-05 6.748478805288473100e-06 2.324869926936956858e-06
5.174874947010353887e-01 2.103075332414332642e-06 1.354607887298519652e-06 4.724473954319932076e-07
5.205677774075893049e-01 6.142780470728331619e-07 4.173893083503258771e-07 1.276480298661801852e-07
5.236480601141431102e-01 4.785492875830681670e-07 2.904846402570424061e-07 1.826875590109495315e-07
5.267283428206968043e-01 3.121965792917332372e-06 1.131503019699459406e-06 4.486050104115139067e-07
5.298086255272506095e-01 9.036767434627728847e-05 2.502718140940197523e-05 1.120109456308022426e-05
5.328889082338043037e-01 1.650115138262903906e-03 4.204867909810650149e-04 1.938253721647428796e-04
5.359691909403582200e-01 3.531942883724353398e-03 8.660271213339646931e-04 3.852827582775672846e-04
5.390494736469120252e-01 9.596420203335337103e-04 2.311780322648945472e-04 9.685766990744894224e-05
5.421297563534657193e-01 4.274044233561129593e-05 1.039127537643049812e-05 4.943886684533443334e-06
5.452100390600195245e-01 2.260374796930296753e-06 4.904094163555637396e-07 1.402721162249458227e-07
5.482903217665732187e-01 2.313566876462254712e-07 5.071939081178192844e-08 5.385107556710640975e-08
5.513706044731271350e-01 1.079000778306689802e-07 7.004096606267978369e-08 3.873169953340476342e-08
5.544508871796808291e-01 3.614594131377097665e-07 2.938244050256620389e-07 1.018667385847495896e-07
5.575311698862346343e-01 2.272790810846132960e-06 1.856069694374372335e-06 8.985023556563281627e-07
5.606114525927884396e-01 2.792002920310229498e-05 2.325500826008877669e-05 1.065060508882442815e-05
5.636917352993422448e-01 5.249428237463366759e-02 4.719759360873192894e-02 1.936869153367722779e-02
5.667720180058960500e-01 2.561690024684311617e-01 2.308006010872637459e-01 9.398762664825591195e-02
5.698523007124497441e-01 8.033723290949984497e-02 7.202366705265875191e-02 2.926879998311423745e-02
5.729325834190035494e-01 1.016153950731670609e-04 7.571943893640727910e-05 3.729763154128571025e-05
5.760128661255573546e-01 6.818076897603701072e-06 4.839032951056106991e-06 1.407049357854842419e-06
5.790931488321111598e-01 1.060560302122903686e-06 7.508057487066357198e-07 6.324578745838415504e-07
5.821734315386649650e-01 3.317379901260036079e-07 2.188035857801881065e-07 5.611457572613159702e-08
5.852537142452186592e-01 2.411798418592699250e-07 1.261301155123306562e-07 1.047432263440052257e-07
5.883339969517724644e-01 8.631421841735720525e-07 5.263170681191311828e-07 6.749149992398085552e-07
5.914142796583261585e-01 1.143233201834813107e-05 7.365410272241263593e-06 3.176668820846164299e-06
5.944945623648800748e-01 3.575934546258891975e-04 2.769185417739647415e-04 1.355783926644390451e-04
5.975748450714338800e-01 2.071123976886184159e-03 1.749759977461515844e-03 9.116954903471936400e-04
6.006551277779875742e-01 1.454593462609078550e-03 1.300911691917818478e-03 6.941417987563707316e-04
6.037354104845413794e-01 1.259468329536248194e-04 1.171068197585545354e-04 6.496387422708767517e-05
6.068156931910951846e-01 5.332128883133317063e-06 4.895626036734488717e-06 2.656305777449306908e-06
6.098959758976489898e-01 6.593752416652080746e-07 6.067887503686198592e-07 3.431246967691024281e-07
6.129762586042027950e-01 4.709455225227898736e-07 3.089746349593481080e-07 2.581183227512030664e-07
6.160565413107564892e-01 1.288032351788308714e-06 7.288654472931189698e-07 1.194019135376687602e-06
6.191368240173102944e-01 6.054740580747193232e-06 3.318906884895555743e-06 3.163431684195432754e-06
6.222171067238640996e-01 5.691002303741293555e-05 3.001586266952841563e-05 2.622032690323899563e-05
6.252973894304179048e-01 2.816084654932313192e-03 1.498875222632508122e-03 1.298781177622903085e-03
6.283776721369717100e-01 7.109181704280767566e-02 3.894834282832402433e-02 3.382453765685103364e-02
6.314579548435254042e-01 7.564746832027796630e-02 4.193026684010645044e-02 3.627669498787815250e-02
6.345382375500792094e-01 3.699148968325355856e-03 2.056399356290572553e-03 1.770945984407373223e-03
6.376185202566330146e-01 6.545329304840861713e-05 3.835569093700928842e-05 2.889234264759871733e-05
6.406988029631868198e-01 6.512755100715423403e-06 3.677830213280279368e-06 4.397735278615527528e-06
6.437790856697405140e-01 1.306948771797218651e-06 7.313955939155868171e-07 9.980904916935240481e-07
6.468593683762943192e-01 3.961261910572202926e-07 2.300706605913536236e-07 2.777345632928671156e-07
6.499396510828481244e-01 3.308507904034062521e-07 3.267321065330245238e-07 6.334525241100797616e-07
6.530199337894019296e-01 2.967267394431717914e-06 2.858087573875227632e-06 1.274118182037959252e-06
6.561002164959557348e-01 1.030151918662667053e-04 9.739845526745279731e-05 3.893366126850837661e-05
6.591804992025094290e-01 1.545807337481260989e-03 1.501622554388082299e-03 6.157510438220017935e-04
6.622607819090632342e-01 2.710133624679495184e-03 2.634136225801352905e-03 9.463323882614696654e-04
6.653410646156170394e-01 6.084826636167492593e-04 5.766770398841402018e-04 2.250378064057711048e-04
6.684213473221708446e-01 2.362641667180907622e-05 2.235810435369944707e-05 1.459174643940777605e-05
6.715016300287246498e-01 1.115368021317430979e-06 1.178325808301988664e-06 5.969187425558061490e-07
6.745819127352783440e-01 9.143229244476467381e-08 8.482185827708294420e-08 2.683514915733698365e-07
6.776621954418321492e-01 3.484783801355694437e-08 1.748599106768819514e-08 2.562380955585605197e-07
6.807424781483859544e-01 2.024891198474497031e-07 1.407257598153905077e-07 2.066641951018946187e-07
6.838227608549397596e-01 2.115793154373747440e-06 1.715122719872504748e-06 5.346177868698589710e-07
6.869030435614935648e-01 2.637014708026577252e-05 2.282320048786951240e-05 1.045820847654180285e-05
6.899833262680472590e-01 2.766242977038952180e-02 2.846657160206319398e-02 9.816607800794172056e-03
6.930636089746010642e-01 1.003278896646834228e-01 1.028357084747584388e-01 3.521271273734913332e-02
6.961438916811548694e-01 2.407738719572584743e-02 2.444840007836006357e-02 8.434101725094140384e-03
6.992241743877086746e-01 2.215680256836455555e-05 2.042643292851405309e-05 1.936667761088134657e-05
7.023044570942624798e-01 2.108345703678680152e-06 1.887456623576564971e-06 1.641909448133355252e-06
7.053847398008161740e-01 3.277381893476816572e-07 2.841407481470557347e-07 2.386292104317156000e-07
7.084650225073699792e-01 1.069517725631276044e-07 7.000974703165397691e-08 3.944879431866096004e-07
7.115453052139237844e-01 8.720683112681748536e-08 3.131395822907055615e-08 1.444713732439268013e-07
7.146255879204775896e-01 4.689097994208008266e-07 7.703805832981769230e-08 8.063656103285816534e-07
7.177058706270313948e-01 1.085216427218466847e-05 2.430544245117661504e-06 4.668207994072998602e-06
7.207861533335850890e-01 2.692375237264430432e-04 6.667609715772294422e-05 7.629454892267068964e-05
7.238664360401388942e-01 1.143769804000785645e-03 3.091759777284087268e-04 3.491465158573107464e-04
7.269467187466926994e-01 6.432771455015997425e-04 2.014563585012755446e-04 2.450724389562366893e-04
7.300270014532465046e-01 4.636455957057031871e-05 1.858785119659756474e-05 2.892202980870692687e-05
7.331072841598001988e-01 1.716317109996667565e-06 7.868676894684831621e-07 1.397780324591764505e-06
7.361875668663540040e-01 1.810700505672308751e-07 6.229919445598240923e-08 9.575861627540350175e-07
7.392678495729078092e-01 1.615193060865025815e-07 6.166946254484595232e-08 8.547053533304849254e-07
7.423481322794616144e-01 4.806604859481945453e-07 1.482980121375330964e-07 6.928684156606272047e-07
7.454284149860154196e-01 2.398984380744348320e-06 6.623128587398384369e-07 1.146538022718842789e-06
7.485086976925691138e-01 2.573145280108170250e-05 5.868468901318659264e-06 7.936833273426225147e-06
7.515889803991229190e-01 1.811243591297977519e-03 3.977085637327478006e-04 6.022463385920904209e-04
7.546692631056767242e-01 2.854640031917394030e-02 7.090846552237066447e-03 9.855412403660427159e-03
7.577495458122305294e-01 2.348199667045960601e-02 6.116670659716860400e-03 8.265704426957386566e-03
7.608298285187843346e-01 7.641948948493322699e-04 1.942354906222472420e-04 2.877226641444373292e-04
7.639101112253380288e-01 1.823845421628853743e-05 5.336751701101560424e-06 1.045565296497895723e-05
7.669903939318918340e-01 1.965503545008506870e-06 5.636589412370624224e-07 2.007706481317277329e-06
7.700706766384456392e-01 4.284421688992246491e-07 1.323639876007063288e-07 1.898522646883976394e-06
7.731509593449994444e-01 1.722177890964405934e-07 6.886573109153014833e-08 1.005723304107908401e-06
7.762312420515532496e-01 2.402679981056898170e-07 1.019342541729428987e-07 1.716121118858441498e-07
7.793115247581069438e-01 3.356554610342552052e-06 1.234155371524809516e-06 8.798344896361377205e-07
7.823918074646607490e-01 9.880589951462688753e-05 2.798132468058214185e-05 2.018468923331789852e-05
7.854720901712146652e-01 9.817531173875982623e-04 2.337375377449605956e-04 2.930735853432746957e-04
7.885523728777683594e-01 1.287513825242796520e-03 2.690820663252608993e-04 3.312839881866962957e-04
7.916326555843220536e-01 2.241927828711991666e-04 3.974479598461255053e-05 3.495675316998758143e-05
7.947129382908759698e-01 6.832352519294050278e-06 9.733480464907739302e-07 5.363283791290984968e-07
7.977932209974296640e-01 2.081948395380055140e-07 4.026584700332948691e-08 8.970283409152062283e-07
8.008735037039834692e-01 4.140251988047683129e-08 3.784858859790121930e-08 3.230789450890207173e-07
8.039537864105371634e-01 1.368535045326317507e-07 1.188641078606630863e-07 1.874100235650872172e-07
8.070340691170910796e-01 6.640004431065217341e-07 5.215979054360128922e-07 9.726848622194070833e-08
8.101143518236447738e-01 6.067268510514847623e-06 4.619426364058013821e-06 1.352244610362411501e-06
8.131946345301985790e-01 1.074974582960583613e-04 7.537365023748383657e-05 2.072257762752582013e-05
8.162749172367524952e-01 2.259127917378194253e-02 2.067228314909541620e-02 5.062295895337750630e-03
8.193551999433061894e-01 6.081767897143686846e-02 5.589403753904888944e-02 1.359933066729685468e-02
8.224354826498598836e-01 1.091006739953416169e-02 9.803233458188356786e-03 2.356562254470645924e-03
8.255157653564137998e-01 2.649268691594223492e-05 1.716969387877440256e-05 4.305031371909297334e-06
8.285960480629674940e-01 2.317344364675289631e-06 1.489989421805929807e-06 8.241877866280900043e-07
8.316763307695212992e-01 3.439547234189001304e-07 2.700505197264843724e-07 5.577265785835031366e-07
8.347566134760749934e-01 7.371033928477085077e-08 7.023443658438756382e-08 6.423523884362240440e-08
8.378368961826289096e-01 8.128866450444474726e-08 8.320467692824040355e-08 1.897660502899471627e-07
8.409171788891826038e-01 1.134539185569871751e-06 1.164452403281263705e-06 6.164447525250041090e-07
8.439974615957364090e-01 3.207067447103980598e-05 2.907293710344006872e-05 4.486405890633409462e-06
8.470777443022903253e-01 6.751114859506672332e-04 6.270094537705764390e-04 1.287596453285505169e-04
8.501580270088440194e-01 2.194945408509744057e-03 2.091655821359016381e-03 3.906927998364554148e-04
8.532383097153977136e-01 1.011031540925900335e-03 9.476517301498755489e-04 2.577607521948055728e-04
8.563185924219515188e-01 6.392238679978891021e-05 5.479602993950019460e-05 1.924652417645061211e-05
8.593988751285054351e-01 2.290550010949513203e-06 1.685723370654590746e-06 1.186990463944727665e-06
8.624791578350591292e-01 2.329424190883554959e-07 1.840213852129582947e-07 9.345628764009280131e-08
8.655594405416128234e-01 2.378603201628114948e-07 2.044426446458902356e-07 6.527905506464299962e-08
8.686397232481667396e-01 7.367719812961344564e-07 6.522009258884179685e-07 1.824538904497292566e-07
8.717200059547204338e-01 3.836166479210599348e-06 3.412436457274141090e-06 9.495649537430368969e-07
8.748002886612742390e-01 4.438976338642744050e-05 3.961418482530684406e-05 1.116730334173630027e-05
8.778805713678279332e-01 4.743616402765294185e-03 4.204179601333615443e-03 1.108501755401457116e-03
8.809608540743818494e-01 5.089799362726843412e-02 4.508833404742496054e-02 1.217540389347161744e-02
8.840411367809355436e-01 3.276360346327802930e-02 2.914287840565972856e-02 7.914947481701314555e-03
8.871214194874893488e-01 7.312050934334654627e-04 6.591131287466016125e-04 1.736567380235716235e-04
8.902017021940432651e-01 2.337930213201954829e-05 2.189170813154383150e-05 4.528653103882873634e-06
8.932819849005969592e-01 2.407669164890287741e-06 2.210054277510278770e-06 7.118221469685770730e-07
8.963622676071506534e-01 5.007225605346699820e-07 4.620170327171149121e-07 3.256893807604423847e-07
8.994425503137045697e-01 1.977975341180000399e-07 1.884180839964116777e-07 1.626926188108453212e-07
9.025228330202583749e-01 3.117866913951659917e-07 2.854328667086989700e-07 3.773144594355298861e-08
9.056031157268120690e-01 5.507784533135132807e-06 5.318631313730352225e-06 1.291124265677006167e-06
9.086833984333657632e-01 1.829454650498874653e-04 1.991775784195501386e-04 4.445785963639270027e-05
9.117636811399196795e-01 1.588940883971971417e-03 1.842403026918963205e-03 3.740366575317476453e-04
9.148439638464733736e-01 1.910212925577401289e-03 2.260863945234062571e-03 6.093133452185492752e-04
9.179242465530271788e-01 3.331925145461575306e-04 3.932214051480728274e-04 1.052279671648779439e-04
9.210045292595810951e-01 1.406597447783610468e-05 1.712581691439385735e-05 3.834338375050517730e-06
9.240848119661347893e-01 6.859834792967908945e-07 8.929440507672266424e-07 1.317969551428897993e-06
9.271650946726884834e-01 1.378295012938678377e-07 1.357133287515519699e-07 1.209764924105245454e-07
9.302453773792422886e-01 3.215999454033807338e-07 2.944965179268529529e-07 1.498054187467003243e-07
9.333256600857962049e-01 1.528788386333927587e-06 1.408176024029856618e-06 3.696764212366494642e-07
9.364059427923498991e-01 1.400590532274447383e-05 1.301360507570468493e-05 2.367020179765598766e-06
9.394862254989035932e-01 3.434027468225785270e-04 3.267330036738363042e-04 8.339936327389474956e-05
9.425665082054575095e-01 3.144993064839757269e-02 3.244539472229659299e-02 6.133011165861197017e-03
9.456467909120113147e-01 6.569800017935548131e-02 6.806815032090801632e-02 1.271318704186601492e-02
9.487270736185650089e-01 8.980549748189665601e-03 9.240484612674067927e-03 1.906202806898438977e-03
9.518073563251189251e-01 4.974856004354776353e-05 4.894358682290765844e-05 2.481802510516675043e-05
9.548876390316726193e-01 4.306915332855526501e-06 4.301792652782239235e-06 2.112352355500778960e-06
9.579679217382263134e-01 6.713256901338037294e-07 7.144974732466623907e-07 4.608092828234140136e-07
9.610482044447801186e-01 1.371292363022159746e-07 1.574861036809360212e-07 5.970413837676798489e-08
9.641284871513340349e-01 8.301151419034998172e-08 5.299949287359185885e-08 6.622108057643906760e-08
9.672087698578877291e-01 1.341288373486952508e-06 5.743324383022524688e-07 7.338321549048850120e-07
9.702890525644414232e-01 4.196169251682801499e-05 1.781382323243227989e-05 6.601450374604035291e-06
9.733693352709953395e-01 7.389636792569780630e-04 2.999523683021763313e-04 1.567600249250552483e-04
9.764496179775491447e-01 1.958865066185512538e-03 8.103655674136039065e-04 5.213751050102182144e-04
9.795299006841028389e-01 8.001460441178244714e-04 3.590324637819036291e-04 1.765452112268487404e-04
9.826101833906565330e-01 5.129482160287859334e-05 2.656125691185863072e-05 8.991372728424107882e-06
9.856904660972104493e-01 2.251000229574561940e-06 1.310932918550688303e-06 2.201792377929949867e-06
9.887707488037642545e-01 2.285968513487697941e-07 1.186469182592688415e-07 2.057363861284289692e-07
9.918510315103179487e-01 1.163984143565590757e-07 4.612964873334814604e-08 8.855613352699689569e-08
9.949313142168718649e-01 2.789528214765577387e-07 7.327311313879212877e-08 7.320933793405247559e-08
9.980115969234255591e-01 1.530598351156782683e-06 3.802352896480334413e-07 4.216130282707259711e-07
1.001091879629979253e+00 1.933797727825628350e-05 5.093552218479412097e-06 5.021706803364708600e-06
1.004172162336533169e+00 2.790124012406065921e-03 3.323934043697018403e-04 7.841618378816728055e-04
1.007252445043086864e+00 2.094377368672331596e-02 2.464481566477568115e-03 5.825574881956225963e-03
1.010332727749640780e+00 1.061640351479886495e-02 1.381171231480771448e-03 2.956662857962299822e-03
1.013413010456194474e+00 1.837570639751455437e-04 3.823129700561847744e-05 6.192095779496283817e-05
1.016493293162748390e+00 7.867674185538313077e-06 2.024773004047599000e-06 2.748605396291615995e-06
1.019573575869302084e+00 6.541788776177060309e-07 1.260112302062294573e-07 5.073307828883827219e-07
1.022653858575855779e+00 1.137394436010588567e-07 1.761069134619962262e-08 1.561138260075069039e-07
1.025734141282409695e+00 4.118622805212486792e-08 9.347071051080572078e-09 3.516723269161450575e-08
1.028814423988963389e+00 1.059401124519656273e-07 4.797908649666215927e-08 2.461903039260400614e-08
1.031894706695517083e+00 2.219001554096312070e-06 1.164299533250709593e-06 1.843985956629693747e-06
1.034974989402070777e+00 6.725888112086577612e-05 2.868078596762843358e-05 2.612263619501478548e-05
1.038055272108624694e+00 4.633478864092128698e-04 1.662531861922327155e-04 8.586442870171685641e-05
1.041135554815178610e+00 5.122470141597108015e-04 1.707798068673719064e-04 1.321742506108641315e-04
1.044215837521732304e+00 9.478250131286478401e-05 3.080561257355745192e-05 3.855793288936295779e-05
1.047296120228286220e+00 5.521721321150019437e-06 1.792160244177763801e-06 7.413664896138024217e-07
1.050376402934839914e+00 3.970265363191678212e-07 1.565788714145433480e-07 1.670522168863273767e-08
1.053456685641393609e+00 7.868145804703360412e-08 5.286461984321064313e-08 3.170726779199111485e-08
1.056536968347947303e+00 1.338908890238883263e-07 1.205824379327268050e-07 6.041324342536330432e-08
1.059617251054501219e+00 6.100400772813829587e-07 5.627727073384145726e-07 1.316540129630982583e-07
1.062697533761054913e+00 5.676154327041919649e-06 5.343019155267544304e-06 9.667436761337156190e-07
1.065777816467608607e+00 1.769802094231146222e-04 1.651237926457907576e-04 2.491949788225952556e-05
1.068858099174162524e+00 8.714907441505938615e-03 8.142731864741591108e-03 8.963119234488714114e-04
1.071938381880716440e+00 1.422162970799754206e-02 1.309882523510181966e-02 1.560223107024301652e-03
1.075018664587270134e+00 1.469445087608970205e-03 1.301611114686998657e-03 2.401530982325229759e-04
1.078098947293824050e+00 1.541713616035922756e-05 1.225421893245784416e-05 5.201530919167214590e-06
1.081179230000377745e+00 1.352864922744834630e-06 1.105513953587016223e-06 3.568663459368768534e-07
1.084259512706931439e+00 2.178803509056625713e-07 1.898323208605899195e-07 6.894522278645224850e-08
1.087339795413485133e+00 4.946999846604489111e-08 4.380822975046356248e-08 1.994076345441807544e-08
1.090420078120039049e+00 5.103219361682857148e-08 5.466807976707238747e-08 8.868521580463130054e-09
1.093500360826592743e+00 6.768176052088223569e-07 6.818678131703311374e-07 2.756617875008952018e-07
1.096580643533146437e+00 1.762710044528339011e-05 1.992754278295965167e-05 9.584035462703503373e-06
1.099660926239700354e+00 2.570579507772323240e-04 3.106161293215815421e-04 4.807356526448438189e-05
1.102741208946254270e+00 5.689592399900942699e-04 6.957388171115141918e-04 9.515438734657837309e-05
1.105821491652807964e+00 2.028001843697842743e-04 2.414187564248797897e-04 6.773855471222917470e-05
1.108901774359361658e+00 1.271501284879988227e-05 1.402222760225192808e-05 7.790967687672336448e-06
1.111982057065915575e+00 6.809192046501453363e-07 6.495387816733505918e-07 3.780537798832771536e-08
1.115062339772469269e+00 9.287360618210017407e-08 7.694190810886335989e-08 2.029321147582888721e-08
1.118142622479022963e+00 4.356258869743066846e-08 4.075808814912545260e-08 1.070464419618042699e-08
1.121222905185576879e+00 9.253157576172126237e-08 9.173836433574073319e-08 1.604978291308013761e-08
1.124303187892130573e+00 5.913312856743400200e-07 5.420796711429914618e-07 1.666493067214873886e-07
1.127383470598684490e+00 7.265206473968905314e-06 7.151122996162373684e-06 5.392074107771406243e-06
1.130463753305238184e+00 1.413872556506484603e-03 1.634537487495109310e-03 5.140772774105018417e-04
1.133544036011792100e+00 7.809864796906445042e-03 9.164822807622867440e-03 2.681018999474114439e-03
1.136624318718345794e+00 3.086983083354085527e-03 3.650076342673014892e-03 1.007720934210858555e-03
1.139704601424899488e+00 3.895643065084602270e-05 4.625501199453316427e-05 6.685582190788432639e-06
1.142784884131453405e+00 2.313855017146193835e-06 3.009747461911845224e-06 4.968910258537934451e-07
1.145865166838007099e+00 1.792122437614361502e-07 2.424138251885422448e-07 2.885601439903846382e-08
1.148945449544560793e+00 2.359310871857091428e-08 3.574932898763179731e-08 4.959950162889881935e-08
1.152025732251114709e+00 1.111342186219437728e-08 2.008613559442703825e-08 1.709823674928847628e-08
1.155106014957668403e+00 1.355969351052581330e-07 1.535449832921887341e-07 6.607371135383390246e-08
1.158186297664222320e+00 2.744995478016482716e-06 3.674927718906185625e-06 5.509962893280767010e-07
1.161266580370776014e+00 6.589849394767662298e-05 1.022119643809235216e-04 4.043726728435607850e-05
1.164346863077329930e+00 3.550318225231903014e-04 5.944137572429799253e-04 2.394088870089292065e-04
1.167427145783883624e+00 3.125793585723680361e-04 5.216742151115975543e-04 1.845416152056703497e-04
1.170507428490437318e+00 4.608141781421799181e-05 7.159657156152605104e-05 1.437837811530902025e-05
1.173587711196991235e+00 2.580528067310997003e-06 3.747093349181533134e-06 1.260112115354131791e-06
1.176667993903544929e+00 1.975039712772695321e-07 2.822726290179523405e-07 1.993996134983554587e-07
1.179748276610098623e+00 5.589847701471941944e-08 8.306800191733387947e-08 7.760423827687978519e-08
1.182828559316652317e+00 1.187779295717894327e-07 1.989758623940815197e-07 5.970725039852651370e-08
1.185908842023206233e+00 5.693875191334085810e-07 9.509192297156056774e-07 1.995237624590113536e-07
1.188989124729760150e+00 6.000967134386929111e-06 9.970923019174756738e-06 2.504203297947123111e-06
1.192069407436313844e+00 2.335602712646846582e-04 3.976426311314669925e-04 7.890822358801519230e-05
1.195149690142867760e+00 6.824757612994749451e-03 1.174999329392429313e-02 2.129780573182626317e-03
1.198229972849421454e+00 8.597242651557656518e-03 1.475609306216787812e-02 2.683485817983071245e-03
1.201310255555975148e+00 6.302069712331027484e-04 1.072925357620554227e-03 2.232350781473611270e-04
1.204390538262529065e+00 9.407486436659571490e-06 1.582947395258539990e-05 5.457236312088440865e-06
1.207470820969082759e+00 8.564177879987662020e-07 1.457385876897952146e-06 3.282165237925406148e-07
1.210551103675636453e+00 1.492302842237314096e-07 2.620022198198885517e-07 9.583156929074471331e-08
1.213631386382190369e+00 3.779416985441471870e-08 6.688201487032733346e-08 2.641926308308596901e-08
1.216711669088744063e+00 4.007752902332171749e-08 5.352300523528946110e-08 2.587588585856107490e-08
1.219791951795297980e+00 6.474782015332280560e-07 7.491730667684777177e-07 2.808929017025400958e-07
1.222872234501851674e+00 1.341990395710480243e-05 1.645267846918221094e-05 6.373385932492302369e-06
1.225952517208405590e+00 1.398944194233049513e-04 1.716858299111470273e-04 1.100633328539604651e-04
1.229032799914959284e+00 2.454423165156675835e-04 3.170356731985836461e-04 2.488546853240063790e-04
1.232113082621512978e+00 7.520159603895496816e-05 1.097405797847300759e-04 9.010317080913489017e-05
1.235193365328066673e+00 4.553083351801875858e-06 7.978001115247048612e-06 4.250590384321973598e-06
1.238273648034620589e+00 2.534418459173908862e-07 4.790265537582344187e-07 7.546980585500573176e-08
1.241353930741174283e+00 3.700853494656892154e-08 5.045731766242901665e-08 1.619081642109323489e-08
1.244434213447728199e+00 2.623402100344905722e-08 2.415272099783816184e-08 1.308264243178335021e-08
1.247514496154282115e+00 6.448392509544322532e-08 4.960548009297652424e-08 6.212151213226923253e-08
1.250594778860835810e+00 6.557076960340753877e-07 4.946352071090232170e-07 4.472736093336462480e-07
1.253675061567389504e+00 7.773739805745503423e-06 6.347571078093760956e-06 5.445116585046857959e-06
1.256755344273943420e+00 9.429663783580260594e-04 7.851957477882305679e-04 1.005653938818253188e-03
1.259835626980497114e+00 3.902959560346360574e-03 3.365658185816547583e-03 4.209852249179477438e-03
1.262915909687050808e+00 1.198323964990600935e-03 1.064541928005008136e-03 1.266250429926526252e-03
1.265996192393604503e+00 9.783039846960787873e-06 1.036878387605171316e-05 7.442586681363035753e-06
1.269076475100158419e+00 6.013317038815236877e-07 7.293075113413871875e-07 6.717475559344099955e-07
1.272156757806712113e+00 3.440295682770105437e-08 4.634718763121541895e-08 8.836820259918967333e-09
1.275237040513266029e+00 2.717492253067173081e-09 5.139724311653163963e-09 1.118034878142675308e-08
1.278317323219819945e+00 1.754896752709236378e-08 1.384552450927712108e-08 1.884227394734181677e-08
1.281397605926373640e+00 3.311908224562960204e-07 2.210882846940994268e-07 8.889296856500374908e-08
1.284477888632927334e+00 6.153938903671154018e-06 3.565480312025829577e-06 2.902380413403259617e-06
1.287558171339481028e+00 8.679800056338339695e-05 4.405190034750503544e-05 3.970521957373921617e-05
1.290638454046034944e+00 2.823312487501108189e-04 1.331467732642861821e-04 1.078306970332665982e-04
1.293718736752588638e+00 1.773776872218819326e-04 8.440283603996876361e-05 6.663882398635757420e-05
1.296799019459142333e+00 2.061504839829587411e-05 1.062305058998124129e-05 1.215007946718759841e-05
1.299879302165696249e+00 9.813925568721359691e-07 5.559883726054253900e-07 1.271559197183834033e-06
1.302959584872249943e+00 6.523128751723380605e-08 4.008760770607109911e-08 1.238857873868573079e-07
1.306039867578803859e+00 3.196983025911657662e-08 1.842201645740097410e-08 1.538257159071219300e-08
1.309120150285357775e+00 9.630024346799370064e-08 5.448498629890754764e-08 2.334464757014016799e-08
1.312200432991911470e+00 5.542806679592590904e-07 3.486773503064175486e-07 1.469991489229374614e-07
1.315280715698465164e+00 6.754431046773035556e-06 4.419521845020069745e-06 1.873076236458635193e-06
1.318360998405018858e+00 2.931094743212409232e-04 1.640936131006971667e-04 6.212383900157821524e-05
1.321441281111572774e+00 4.896838527842521140e-03 2.587002114647686448e-03 9.366540170705398407e-04
1.324521563818126468e+00 4.743492610607447611e-03 2.457140774994214221e-03 9.146896028360554853e-04
1.327601846524680163e+00 2.499911075071708350e-04 1.232725563263541331e-04 6.297735561265708224e-05
1.330682129231234079e+00 5.006166728949939016e-06 2.308405488744659063e-06 2.850025657734814667e-06
1.333762411937787773e+00 4.668555153366582436e-07 2.232611186245940032e-07 2.486094047923656619e-07
1.336842694644341689e+00 9.735259592558446492e-08 5.020026802782416436e-08 3.915847663084247672e-08
1.339922977350895383e+00 4.083121355914330498e-08 2.961013343759761667e-08 3.250178101188536959e-08
1.343003260057449300e+00 1.194131078837345702e-07 1.454260791251045330e-07 6.862178672766684939e-08
1.346083542764002994e+00 1.855855979399262713e-06 2.102279189677409913e-06 6.965328175061303023e-07
1.349163825470556688e+00 3.048167552328253984e-05 3.198176868814983257e-05 5.924852636931374074e-06
1.352244108177110604e+00 1.949092241804937489e-04 1.988793346134270319e-04 3.134046652011158529e-05
1.355324390883664298e+00 2.400132542415748626e-04 2.258024576411135804e-04 3.554487035343092494e-05
1.358404673590217993e+00 6.394883875099640995e-05 4.972300162473999993e-05 1.480843481363216307e-05
1.361484956296771909e+00 4.367251683589267114e-06 2.627919518474765502e-06 2.234263337563766738e-06
1.364565239003325825e+00 2.691275245603384931e-07 1.516491280990668275e-07 1.664391858665172280e-07
1.367645521709879519e+00 2.386920145187920783e-08 2.056069466307286238e-08 1.298576004612214757e-08
1.370725804416433213e+00 1.495841436340862377e-08 2.233534038515856048e-08 2.501925646127813410e-09
1.373806087122987130e+00 7.168525481849606770e-08 1.152226199956805523e-07 1.108536493690199473e-08
1.376886369829540824e+00 1.155724886872331351e-06 1.721181893114173896e-06 2.356248749498564606e-07
1.379966652536094518e+00 1.839654115373369280e-05 2.609802107192406523e-05 3.098185365083606386e-06
1.383046935242648434e+00 1.494132640146602188e-03 2.212076730388681280e-03 4.020237597993268582e-05
1.386127217949202128e+00 4.664068708849644293e-03 6.892434656781853096e-03 1.076606795410744755e-04
1.389207500655755823e+00 1.091514024927452055e-03 1.598136010603918135e-03 4.202879894731499497e-05
1.392287783362309739e+00 1.086756766980979427e-05 1.316696660611152341e-05 3.805115797323610442e-06
1.395368066068863655e+00 7.248970920962951247e-07 8.373280959168719445e-07 3.231615017010004788e-07
1.398448348775417349e+00 4.389746441283161782e-08 5.279217119888424799e-08 5.868482065296382351e-08
1.401528631481971043e+00 8.024885838223414633e-09 7.054969859365237610e-09 1.323057705028942173e-08
1.404608914188524960e+00 2.770369873961500239e-08 2.968177129554786472e-08 1.886547601571567068e-08
1.407689196895078654e+00 4.314143839599708022e-07 5.328128804552514458e-07 8.214534255822827116e-08
1.410769479601632348e+00 8.139426741951137390e-06 1.072729463871253429e-05 1.820710293388435499e-06
1.413849762308186042e+00 9.926583323653572367e-05 1.414806125284965189e-04 1.603103488959123593e-05
1.416930045014739958e+00 2.607986514324480971e-04 3.964256773259968304e-04 4.227768589203715867e-05
1.420010327721293653e+00 1.491024193044044536e-04 2.341229971163046638e-04 2.996133839613727325e-05
1.423090610427847569e+00 1.868082961523798524e-05 2.885865198573696539e-05 5.344902568202823159e-06
1.426170893134401485e+00 1.152154286442406725e-06 1.704879236388009738e-06 6.075303756312541346e-07
1.429251175840955179e+00 7.854990494287768434e-08 1.136719208036924035e-07 5.150045356515566215e-08
1.432331458547508873e+00 2.275247943554112673e-08 3.087254336377853317e-08 1.276336884340800330e-08
1.435411741254062790e+00 8.055032242833362285e-08 9.543745363751570652e-08 4.260983371365182587e-08
1.438492023960616484e+00 5.151661064704970861e-07 5.790274547029427365e-07 2.999382522255802625e-07
1.441572306667170178e+00 6.154908079050044733e-06 6.697272701579156442e-06 3.013790690552994940e-06
1.444652589373723872e+00 3.308367558196258413e-04 3.998006263152995509e-04 1.749660555463338407e-04
1.447732872080277788e+00 3.934586633613654065e-03 4.937202875530746771e-03 2.292013051883911526e-03
1.450813154786831705e+00 3.020564965659204831e-03 3.818406766476639853e-03 1.808349235695372618e-03
1.453893437493385399e+00 1.223873176922387869e-04 1.588651595521085630e-04 6.528559852303775430e-05
1.456973720199939315e+00 3.585151535798262962e-06 4.940305521170494143e-06 1.756718512752475561e-06
1.460054002906493009e+00 3.237612422613298748e-07 4.332580364695713746e-07 1.883545258811202453e-07
1.463134285613046703e+00 6.758048857972219723e-08 8.239238094783127375e-08 4.807055006427737605e-08
1.466214568319600398e+00 3.236617103744771540e-08 3.179828294219538014e-08 3.163936749371661626e-08
1.469294851026154314e+00 1.036881456045512819e-07 7.165914469640550132e-08 6.193445964304492878e-08
1.472375133732708008e+00 1.669090357722427516e-06 1.135040281973245983e-06 9.190015198465851992e-07
1.475455416439261702e+00 2.466528234608429259e-05 1.774086792495506009e-05 1.385445803550243327e-05
1.478535699145815618e+00 1.156865666822241932e-04 9.440071752891125061e-05 6.500966336400574880e-05
1.481615981852369535e+00 1.320613571642047820e-04 1.308047776429761529e-04 7.317523615120502588e-05
1.484696264558923229e+00 4.236339769453157701e-05 4.610468744912117205e-05 1.963732816529521259e-05
1.487776547265477145e+00 3.881788867276385368e-06 4.339831591196401819e-06 1.439121228189693498e-06
1.490856829972030839e+00 2.769506981498579087e-07 3.153318062229223877e-07 9.988168086945573368e-08
1.493937112678584533e+00 1.956493406055525126e-08 2.321916898461220252e-08 2.011575964536961159e-08
1.497017395385138228e+00 2.777936107240635352e-09 2.208303223562316368e-09 7.170816507941212204e-09
1.500097678091692144e+00 3.017301324881413073e-08 1.663364287637021160e-08 2.015625075407931232e-08
1.503177960798245838e+00 6.685581961451485384e-07 3.802741841333566423e-07 2.178268476680109819e-07
1.506258243504799532e+00 1.430833214789341363e-05 8.534824998007617633e-06 4.695035762347387553e-06
1.509338526211353448e+00 6.923371502274744578e-04 4.582451702554251292e-04 3.006014714588032080e-04
1.512418808917907365e+00 1.698247987170844152e-03 1.156579977252111292e-03 8.397293213170148752e-04
1.515499091624461059e+00 3.136348699474495534e-04 2.189335418695472651e-04 1.819093272637641663e-04
1.518579374331014753e+00 5.950670735632406531e-06 4.509463752167578262e-06 3.794150441335643299e-06
1.521659657037568669e+00 5.565948654780007053e-07 4.613605797166100757e-07 2.820590531270389858e-07
1.524739939744122363e+00 5.278489372477376822e-08 4.773883362103445661e-08 2.370228084682680988e-08
1.527820222450676058e+00 1.271312621729246873e-08 1.169729580625413769e-08 1.942518378576924687e-08
1.530900505157229974e+00 2.034067705226696168e-08 1.918664291664909962e-08 2.504021398248175056e-08
1.533980787863783668e+00 2.282188557195631348e-07 1.959974259152831940e-07 1.054386841902163896e-07
1.537061070570337584e+00 3.473158404622965562e-06 2.403929201212556479e-06 2.202187321198534700e-06
1.540141353276891278e+00 2.725352196959877056e-05 1.340936039042641797e-05 3.330290353423447184e-05
1.543221635983445195e+00 4.906276135530103494e-05 1.577967096599659558e-05 1.185124910110867493e-04
1.546301918689998889e+00 2.919220963979319693e-05 9.553968793007428594e-06 9.278188145347090088e-05
1.549382201396552583e+00 5.158540288780952797e-06 2.353859900365160817e-06 1.366129742476518409e-05
1.552462484103106499e+00 4.292811578798918482e-07 2.185579871981933448e-07 1.005906153790874829e-06
1.555542766809660193e+00 3.024071091492320656e-08 1.562159112249154002e-08 8.018389168420567319e-08
1.558623049516213888e+00 4.344958418751808289e-09 4.260882546375798991e-09 2.678906323785024908e-08
1.561703332222767804e+00 1.548396988045516163e-08 1.519672007119991908e-08 2.087475301534304296e-08
1.564783614929321498e+00 1.274869514001666502e-07 1.303806022022004959e-07 1.721644083456207331e-07
1.567863897635875414e+00 1.655971194830113479e-06 1.623035929104526787e-06 2.325618597428580707e-06
1.570944180342429330e+00 8.587992092753923324e-05 6.560482008490584451e-05 1.571061333773212418e-04
1.574024463048983025e+00 7.198964412789699962e-04 5.096026320272118749e-04 1.499573416123350976e-03
1.577104745755536719e+00 4.314101531620810181e-04 2.972726218986663084e-04 9.666737349900069321e-04
1.580185028462090413e+00 1.363381104207581268e-05 7.700033470493936719e-06 3.396427230910787520e-05
1.583265311168644107e+00 5.478132778441625202e-07 2.490698595934093238e-07 1.462108808947087998e-06
1.586345593875197801e+00 5.106497364270976944e-08 2.810351965514008838e-08 8.579108197771019240e-08
1.589425876581751940e+00 1.060016255378508285e-08 6.451107660629909189e-09 2.424404348068192558e-08
1.592506159288305634e+00 5.690269418510140533e-09 4.254073818593026608e-09 3.613896596011261563e-08
1.595586441994859328e+00 2.049285573748612361e-08 2.666424535349284395e-08 8.072651928318699766e-08
1.598666724701413244e+00 4.472842770876848201e-07 6.191661140268733282e-07 7.663193020951144992e-07
1.601747007407966938e+00 7.204841022280129018e-06 9.784272968389638389e-06 1.258900188884916678e-05
1.604827290114520633e+00 2.940127442611953945e-05 3.983679856876443559e-05 6.167164982332245702e-05
1.607907572821074327e+00 2.730895453626019752e-05 3.649916593560169586e-05 6.499855464438794356e-05
1.610987855527628465e+00 7.471879529891420174e-06 9.151481346504258466e-06 1.625886275498162530e-05
1.614068138234182159e+00 7.010315031736540071e-07 7.419493081229256310e-07 1.128455535039822444e-06
1.617148420940735853e+00 5.656617582193126941e-08 5.342798229580558519e-08 7.591812344950810455e-08
1.620228703647289548e+00 5.622561261360905563e-09 6.126520484659244233e-09 9.713929757483461746e-09
1.623308986353843242e+00 2.271806550754387449e-09 4.730350380484755491e-09 6.130211419886056064e-09
1.626389269060397158e+00 1.140389254576738007e-08 2.054399923383661533e-08 5.494398130460774129e-08
1.629469551766950852e+00 1.706460977949266693e-07 2.617954357967388695e-07 6.875111330848284709e-07
1.632549834473504990e+00 5.370061772262772782e-06 9.475431289585445717e-06 1.544241048311713086e-05
1.635630117180058685e+00 2.345255376094657290e-04 4.777937227913577555e-04 6.169928430450113141e-04
1.638710399886612379e+00 4.480992452238213722e-04 9.195514075739677452e-04 1.179916192713643909e-03
1.641790682593166073e+00 6.232088745017840708e-05 1.274047765104743715e-04 1.659207154582234382e-04
1.644870965299719767e+00 1.400372460048374914e-06 2.609660254856166297e-06 3.086605106428094592e-06
1.647951248006273461e+00 1.459364655952807627e-07 2.555063103046836783e-07 2.949792453451434524e-07
1.651031530712827600e+00 1.520931538127539572e-08 2.522549740530691515e-08 3.417748884181227851e-08
1.654111813419381294e+00 2.830481977491669154e-09 3.761141082672784707e-09 2.754276685119485561e-08
1.657192096125934988e+00 2.132023845756275426e-09 1.467685935334677392e-09 3.562452243843753756e-08
1.660272378832488904e+00 2.336991207066027782e-08 1.237959737186945487e-08 4.157612220322449009e-07
1.663352661539042598e+00 5.874545505038039447e-07 7.025868007839842938e-07 5.612879904170164711e-06
1.666432944245596293e+00 5.893346354560572529e-06 1.150423997010670312e-05 4.504672398090423430e-05
1.669513226952149987e+00 1.422990238555347291e-05 3.214138701224724401e-05 7.942200416242192577e-05
1.672593509658704125e+00 9.768486296780410413e-06 2.082090387329299882e-05 3.879339018077055247e-05
1.675673792365257819e+00 1.650997568417020809e-06 3.279320691649411986e-06 5.462837025379711715e-06
1.678754075071811513e+00 1.578965557370992953e-07 3.130056877824867007e-07 4.043473367287488349e-07
1.681834357778365208e+00 1.543249030537273786e-08 3.086360757541163768e-08 3.123780083410360537e-08
1.684914640484919124e+00 2.160379823460828519e-09 4.196785850275039065e-09 7.050416884707421481e-09
1.687994923191472818e+00 1.125375740594788502e-09 2.819466339905803377e-09 1.799592719392508741e-08
1.691075205898026512e+00 8.189752455249781713e-09 1.344449542623836779e-08 2.300441111139926856e-07
1.694155488604580651e+00 1.484204533642316620e-07 1.419759180085929050e-07 3.209870646608463573e-06
1.697235771311134345e+00 1.382833455874482870e-05 3.496347459343201514e-05 2.098227672381383353e-04
1.700316054017688039e+00 1.027328800581453819e-04 2.507818933669352210e-04 1.401799216650173076e-03
1.703396336724241733e+00 5.122767347053774277e-05 1.226009806763612422e-04 6.832130886496103365e-04
1.706476619430795427e+00 2.215149053140789726e-06 4.314785333399029404e-06 2.183002843439056331e-05
1.709556902137349121e+00 1.971984246125800702e-07 3.703216769363159786e-07 1.469871272166658895e-06
1.712637184843903038e+00 1.718750452830325917e-08 3.178620942145119025e-08 9.691045403638353729e-08
1.715717467550456954e+00 1.211350943701343944e-09 2.807553445761430746e-09 3.283603032252910944e-08
1.718797750257010870e+00 2.407610099633208526e-10 7.003254047197688930e-10 3.024018142260384816e-08
1.721878032963564564e+00 7.632821237487961519e-09 7.135185976077964410e-09 5.313287242543131298e-08
1.724958315670118258e+00 1.187374494180228303e-07 7.979406371384558913e-08 7.140392032949658574e-07
1.728038598376671953e+00 5.912107885070397566e-07 7.441982687104132799e-07 8.891720721599070005e-06
1.731118881083225647e+00 3.883679190726161325e-07 4.000723039807807605e-06 3.362151930662920173e-05
1.734199163789779341e+00 8.388323343410554578e-08 4.552873107716435739e-06 3.892784758447046585e-05
1.737279446496333479e+00 2.949700943050315169e-07 1.205408201697021431e-06 1.169779031205327292e-05
1.740359729202887173e+00 8.318880177314263434e-08 1.636263108710293097e-07 9.730471692725772626e-07
1.743440011909440868e+00 1.301563046021934435e-08 2.170301159478578387e-08 7.458084427737323495e-08
1.746520294615994784e+00 2.971272494603715002e-09 3.467112126044200430e-09 7.748512125449859705e-09
1.749600577322548478e+00 2.426894820755344162e-09 1.696576440048470313e-09 1.419091787915503842e-09
1.752680860029102172e+00 1.196243419662635805e-08 8.234456017541012658e-09 2.002424114453083841e-08
1.755761142735655866e+00 1.766923941863285390e-07 1.315089762604922862e-07 1.203609910721224950e-07
1.758841425442210005e+00 3.140056237978662055e-06 2.312356598249013693e-06 1.139237710014697537e-06
1.761921708148763699e+00 5.843092101065633923e-05 4.875025194841236821e-05 1.042775263398746333e-05
1.765001990855317393e+00 8.449079399943377317e-05 7.036062449328887890e-05 1.470107062392148926e-05
1.768082273561871087e+00 7.897827735885373394e-06 6.505779566251702855e-06 1.221763700663020047e-06
1.771162556268425003e+00 1.834671101798711385e-07 6.132895827821826757e-08 8.749188397084223045e-08
1.774242838974978698e+00 1.812001403810415495e-08 5.991159040490699342e-09 3.048985105353714016e-08
1.777323121681532614e+00 1.631582085915041408e-09 1.598251452580726774e-09 9.868705170522471806e-09
1.780403404388086530e+00 4.424140853353437506e-10 7.965585377910084848e-10 3.298031499190883623e-08
1.783483687094640224e+00 4.128079589447816937e-09 3.566896692876448716e-09 2.795919740700406496e-08
1.786563969801193918e+00 9.968807205318635894e-08 7.694926242281185521e-08 1.972156762549092184e-07
1.789644252507747613e+00 1.315591423281354981e-06 1.027446923720376919e-06 2.440953703519843061e-06
1.792724535214301307e+00 6.363977080958064828e-06 5.440315143024257128e-06 1.682201148345730492e-05
1.795804817920855001e+00 8.014679621949317450e-06 7.659658732106165759e-06 2.942884654420850187e-05
1.798885100627409139e+00 4.168675153996151797e-06 3.472338338982369895e-06 1.672685594093957102e-05
1.801965383333962833e+00 7.207772010276261225e-07 4.287510459382852394e-07 2.726327833204942701e-06
1.805045666040516750e+00 7.020959344848680374e-08 3.162232143289622858e-08 3.553180149660857874e-07
1.808125948747070444e+00 6.474207998968164879e-09 2.529164865106963595e-09 2.727568975061452081e-08
1.811206231453624138e+00 1.168097349104019583e-09 5.290767447877419119e-10 2.616497301816487156e-09
1.814286514160177832e+00 1.606631444740773578e-09 1.136639335703123115e-09 1.442653150440894740e-08
1.817366796866731526e+00 3.674021907883146755e-08 2.966688161366268664e-08 3.218129575528913073e-07
1.820447079573285665e+00 5.744713569129680338e-07 5.365381949673511440e-07 3.791539200734073837e-06
1.823527362279839359e+00 2.904058657258186445e-05 3.962175839001229457e-05 1.606086932251614017e-04
1.826607644986393053e+00 1.494755308860968440e-04 2.070740488142263323e-04 7.887995821679621338e-04
1.829687927692946747e+00 5.638668447734929644e-05 7.771834879357906512e-05 2.951312057291800199e-04
1.832768210399500663e+00 2.183361659021718845e-06 2.512620719414880731e-06 6.603621794354041816e-06
1.835848493106054358e+00 1.992722136776255018e-07 1.925987497668011716e-07 3.909605403877077868e-07
1.838928775812608052e+00 1.612138099225688297e-08 1.236940221638367914e-08 3.509584005053883690e-08
1.842009058519162190e+00 1.213961478904862903e-09 9.826066035662404561e-10 2.564978153717125959e-08
1.845089341225715884e+00 5.510636726115361340e-10 1.139998859973038959e-09 4.417752130364484385e-08
1.848169623932269579e+00 8.989875762279063443e-09 1.071350792636258641e-08 1.117454645092277257e-07
1.851249906638823273e+00 7.687471748919637213e-08 4.888229044563261012e-08 9.839341591053761354e-07
1.854330189345376967e+00 3.607490028303584458e-07 4.766460701818434761e-07 8.685068262780589496e-06
1.857410472051930883e+00 1.739620809656753804e-06 4.080653651659107105e-06 2.007386820055127958e-05
1.860490754758484577e+00 3.694277454480973782e-06 7.100571154405517458e-06 1.538126262534109494e-05
1.863571037465038494e+00 1.776567403677707549e-06 2.882347569016974111e-06 3.132472979946968010e-06
1.866651320171592410e+00 2.901815558587682160e-07 4.212730096775977929e-07 1.628034278121512496e-07
1.869731602878146104e+00 3.680134640163806017e-08 4.780546560859897900e-08 1.249570147414923671e-08
1.872811885584699798e+00 5.492429818128879249e-09 6.085228357847917811e-09 3.980593363171524080e-09
1.875892168291253492e+00 1.385140504322798515e-09 1.745981345606483136e-09 3.855481763362185605e-09
1.878972450997807186e+00 7.517080872357441799e-09 1.255301104353788740e-08 2.062579783341312433e-08
1.882052733704361325e+00 6.162746290176332758e-08 9.084480951077766146e-08 1.388203898403743715e-07
1.885133016410915019e+00 4.071029262125570009e-07 1.390098902786713270e-06 3.952854823979363218e-06
1.888213299117468713e+00 1.219074478881884143e-05 4.271014445967625248e-05 8.108475016568048119e-05
1.891293581824022629e+00 1.482164931601425838e-05 5.146371378790221636e-05 9.553361848212722893e-05
1.894373864530576324e+00 1.965752652433802493e-06 5.630860088299649564e-06 6.858131972305932176e-06
1.897454147237130018e+00 2.317148049531215320e-07 4.665130575442144184e-07 2.152987395790189715e-07
1.900534429943683712e+00 3.764451305752574386e-08 7.073477256031647474e-08 2.594113363386729889e-08
1.903614712650237850e+00 5.327846075874339783e-09 1.021568995960531215e-08 1.399450671946686407e-08
1.906694995356791544e+00 1.366423586478316168e-09 2.563588779839691755e-09 4.324671067693733316e-08
1.909775278063345239e+00 5.369935138216503917e-09 7.090032252903876750e-09 3.156302245859446034e-08
1.912855560769898933e+00 5.629662611725297526e-08 5.587330698773648033e-08 1.070594992360766483e-07
1.915935843476452627e+00 3.640610723146498864e-07 2.862113719831396707e-07 1.189516472441765839e-06
1.919016126183006543e+00 1.494266013380142764e-06 1.289916465408394858e-06 6.667963417155775402e-06
1.922096408889560237e+00 1.953034535550664800e-06 2.197708069954901839e-06 1.020538187351945094e-05
1.925176691596114376e+00 7.849230931272500907e-07 1.241742578971431576e-06 4.129996682309876718e-06
1.928256974302668070e+00 1.448995321914223821e-07 2.912411660834916674e-07 3.500115353515618239e-07
1.931337257009221764e+00 2.895372711028955086e-08 5.361618066564815349e-08 1.117878973814349786e-08
1.934417539715775458e+00 4.555984701381586493e-09 7.300830877159822941e-09 1.821685402240635126e-09
1.937497822422329152e+00 6.843694988336107451e-10 6.520987431769160004e-10 2.686143802326326320e-09
1.940578105128882846e+00 3.025848937510190991e-09 1.567897493382924397e-09 1.878174884424163680e-09
1.943658387835436763e+00 6.262034482143782649e-08 4.132258590792539366e-08 8.954673270407769625e-08
1.946738670541990679e+00 5.406837234108703781e-07 3.043282890087046531e-07 1.887999938315771929e-06
1.949818953248544373e+00 1.858727101065218613e-05 8.188120916867632434e-06 9.897159619006586052e-05
1.952899235955098289e+00 6.698174974968292559e-05 2.916622606590987978e-05 3.799229890121696724e-04
1.955979518661651984e+00 1.908847927830269810e-05 8.416388333763803842e-06 1.119363362323057037e-04
1.959059801368205678e+00 1.967023047176936642e-07 9.879908585847383527e-08 3.370337657142353906e-06
1.962140084074759372e+00 2.343957429981946460e-08 2.842418696289088142e-08 2.256818783782864525e-07
1.965220366781313066e+00 5.239090444329396992e-09 7.018335306379081778e-09 2.257202937517915002e-08
1.968300649487867204e+00 2.153473055711563170e-09 2.178938479359813260e-09 3.529261153564993329e-08
1.971380932194420899e+00 4.471879589298745334e-09 2.966983275970479970e-09 5.226861262740235822e-08
1.974461214900974593e+00 4.465914219674944364e-08 2.453589946999294616e-08 2.240179224603342392e-07
1.977541497607528509e+00 3.985046309535266825e-07 1.577042460343466164e-07 2.306256116039045147e-06
1.980621780314082203e+00 2.207964867456040004e-06 5.917269253062387612e-07 1.870765678848973666e-05
1.983702063020635897e+00 3.551403669624906676e-06 7.860037406763510289e-07 3.705001628554679689e-05
1.986782345727189591e+00 2.011990882912604020e-06 3.845710580776032346e-07 2.985863329272625785e-05
1.989862628433743730e+00 3.010310616459582579e-07 2.080042996129243634e-08 8.436524872650657723e-06
1.992942911140297424e+00 1.234876104431102169e-08 3.743385469222291528e-09 8.326751963355495671e-07
1.996023193846851118e+00 7.044658219243411272e-10 1.339750943839572950e-09 4.645280215984003610e-08
1.999103476553404812e+00 2.697666431749607941e-10 2.424007433938439156e-11 1.329716317459267662e-08
2.002183759259958507e+00 2.707182704747735252e-09 9.735701165763967381e-10 2.627776780017688518e-08
2.005264041966512423e+00 3.480604215698840578e-08 1.733112113054857944e-08 1.641844642644940303e-07
2.008344324673066339e+00 2.916843241891178838e-07 1.079950629428384436e-07 1.784029562680038357e-06
2.011424607379620255e+00 3.758531958690111394e-06 3.512343359574172267e-07 4.434561210871892570e-05
2.014504890086173727e+00 4.003737253654894178e-05 9.443409978915562426e-07 6.135385697990014455e-04
2.017585172792727644e+00 3.649554319106403685e-05 7.704195474568524451e-07 5.677563196592792880e-04
2.020665455499281560e+00 1.876231558984162129e-06 3.291951280388830790e-08 3.848761722899844093e-05
2.023745738205835032e+00 4.570951447958766678e-08 1.295162708721657977e-08 2.558983491341589667e-06
2.026826020912388948e+00 3.545176685724214795e-09 4.568069960785423452e-09 2.649055312555222546e-07
2.029906303618942864e+00 1.407331621495056494e-09 2.277750417075055571e-09 4.684886508355437871e-08
2.032986586325496781e+00 2.891278371375930520e-09 2.818759363916134757e-09 5.480992245311956117e-08
2.036066869032050253e+00 2.641463688568498141e-08 2.022468982374533568e-08 1.508486674217182353e-07
2.039147151738604169e+00 2.563043050144284498e-07 1.467941211518174999e-07 1.604427630664108248e-06
2.042227434445157641e+00 1.633533954752198755e-06 6.445409218355357775e-07 1.500134884996847154e-05
2.045307717151711557e+00 3.464464540046700466e-06 1.208774787811311336e-06 4.727409757391222889e-05
2.048387999858265474e+00 2.372424445704979158e-06 6.333578868337037814e-07 5.370227168829863731e-05
2.051468282564819390e+00 9.251120357241826506e-07 1.602690578113095037e-07 3.031216769697650765e-05
2.054548565271373306e+00 7.657067594564275299e-08 3.454978984868727266e-08 5.007453451168752403e-06
2.057628847977926778e+00 2.364602314680008030e-09 8.894068836088189967e-09 5.684329279042644672e-07
2.060709130684480694e+00 2.501516993601991988e-10 7.580718211703153866e-10 5.085122401602567986e-08
2.063789413391034167e+00 1.183581224041644402e-09 4.286987687450839608e-10 1.729990066816476548e-08
2.066869696097588083e+00 1.646249147845574506e-08 1.395892660280346321e-08 6.280587455854490039e-08
2.069949978804141555e+00 2.264734341293126076e-07 1.720742723416861196e-07 8.904906077279147106e-07
2.073030261510695915e+00 2.218073036606860153e-06 1.280542657826132099e-06 1.345548204730872059e-05
2.076110544217249387e+00 4.815670087329510814e-05 2.156827474441373377e-05 5.028435550052269944e-04
2.079190826923803304e+00 1.358922646194305134e-04 5.805406512386958453e-05 1.479069154365505361e-03
2.082271109630357220e+00 2.941010599403996576e-05 1.248369897004874662e-05 3.316948015459107529e-04
2.085351392336910692e+00 5.462194136702325724e-07 1.433677829575976075e-07 1.212540253953059328e-05
2.088431675043464608e+00 3.215030564550012657e-08 1.700557094960858633e-08 1.340521120666861074e-06
2.091511957750018080e+00 1.654234866433877519e-09 5.060214065774010742e-09 1.156252985112288798e-07
2.094592240456572441e+00 1.885749843479179288e-09 3.086405570401094719e-09 4.678028141406345979e-08
2.097672523163125913e+00 1.409886899669131956e-08 1.329930086448081202e-08 7.879757331227199851e-08
2.100752805869679829e+00 1.765628806377783602e-07 1.466584941673406040e-07 5.051375036479856346e-07
2.103833088576233301e+00 1.695884594902443253e-06 1.203595319485563402e-06 6.445645201246130542e-06
2.106913371282787217e+00 8.665556492051490101e-06 5.461819728608428365e-06 3.955213393534929211e-05
2.109993653989341134e+00 1.140617960325043797e-05 6.851585867138253829e-06 6.048577023159667755e-05
2.113073936695894606e+00 7.203878139191449110e-06 3.981163020200364160e-06 5.233391736665338699e-05
2.116154219402448966e+00 1.707192743899228785e-06 7.508568399517854157e-07 1.642732898581831413e-05
2.119234502109002438e+00 1.433403112200164656e-07 4.750534927891391025e-08 1.972625759531090423e-06
2.122314784815556354e+00 1.101044411477543257e-08 3.504403819855992068e-09 2.554551317877688103e-07
2.125395067522109827e+00 4.484003610576712781e-09 2.033547415556189664e-09 4.213029737005203137e-08
2.128475350228663743e+00 1.547019366462163683e-08 1.057552020857999621e-08 6.465060895030848007e-08
2.131555632935217215e+00 1.474592694312177437e-07 1.153741612616956066e-07 4.910682028142641065e-07
2.134635915641771575e+00 1.354018431235287671e-06 9.875747893464699361e-07 3.917523798409323916e-06
2.137716198348325047e+00 2.899276570139481269e-05 1.846064174934281758e-05 8.959510834000291527e-05
2.140796481054878964e+00 2.819075556885245696e-04 1.773670447860035981e-04 8.662488934518965773e-04
2.143876763761432880e+00 2.032491352369848779e-04 1.278346997466761668e-04 6.254589625817078783e-04
2.146957046467986352e+00 9.409583753226003972e-06 5.552241851175309830e-06 3.085085445187233863e-05
2.150037329174540268e+00 5.358371242397373321e-07 2.526583969520028209e-07 2.040627562567465302e-06
2.153117611881093740e+00 5.556899757019484823e-08 2.190280836889918634e-08 2.781652686586959613e-07
2.156197894587648101e+00 5.292075005046974108e-09 2.400543758313033656e-09 4.849401299460192339e-08
2.159278177294201573e+00 3.143479011975675729e-09 2.908998990049596130e-09 6.922691056555073632e-08
2.162358460000755489e+00 5.462114872751217537e-08 4.694360190812409533e-08 1.555899280574175668e-07
2.165438742707308961e+00 7.183560523879907543e-07 5.420850086567299515e-07 1.503223016434230082e-06
2.168519025413862877e+00 5.871937149778904848e-06 3.811132817029633192e-06 1.130708626411754177e-05
2.171599308120416794e+00 1.404755016887278323e-05 8.235649684351023790e-06 2.365682557811405262e-05
2.174679590826970266e+00 1.343328595527338303e-05 7.674435717472333972e-06 1.776147177827799877e-05
2.177759873533524626e+00 7.130731660066152685e-06 3.906090401111054468e-06 8.901662069670175206e-06
2.180840156240078098e+00 1.118350321714107278e-06 5.584316273721129863e-07 1.208320101767710541e-06
2.183920438946632014e+00 1.191175237298047770e-07 5.302120453403445494e-08 9.357431693340529011e-08
2.187000721653185487e+00 1.538334650038044926e-08 6.597113772522991675e-09 2.655412727859309179e-08
2.190081004359739403e+00 7.216973522915671569e-09 4.229447154449472789e-09 1.335310469723758979e-08
2.193161287066292875e+00 3.179231536228834852e-08 2.671054632540987939e-08 5.293095739577436665e-08
2.196241569772846791e+00 3.642946850857816631e-07 2.865566013659260135e-07 6.433885690592265453e-07
2.199321852479400707e+00 4.945715265911851860e-06 3.157855650530259703e-06 7.030592798425447283e-06
2.202402135185954624e+00 1.395837152906029071e-04 7.506609314820872629e-05 1.406938207893756510e-04
2.205482417892508540e+00 3.206251258554173428e-04 1.722881689880437065e-04 3.161053272813192975e-04
2.208562700599062012e+00 5.482472019599349521e-05 2.920578729266056460e-05 5.316321203975248169e-05
2.211642983305615928e+00 2.363782059137193462e-06 1.244246824513738513e-06 2.535041444659066031e-06
2.214723266012169400e+00 2.580686020207053946e-07 1.221572320847222151e-07 2.494079383555171905e-07
2.217803548718723317e+00 1.752984490917634533e-08 6.485302189863340215e-09 1.700211087681985773e-08
2.220883831425277233e+00 7.040948376409394653e-10 9.844072295238708910e-10 3.902020724703681941e-08
2.223964114131831149e+00 1.251219089356665021e-08 1.285606811047284074e-08 5.188663282122327945e-08
2.227044396838384621e+00 1.931190326517830457e-07 1.763176392840819250e-07 2.786807950000315817e-07
2.230124679544938537e+00 1.906692632616459621e-06 1.506069722602564134e-06 2.592942099533650365e-06
2.233204962251492454e+00 8.062474965950472633e-06 5.265862904975370255e-06 1.146905302428317060e-05
2.236285244958045926e+00 1.017660312396167600e-05 5.679383615082909870e-06 1.521921165447027951e-05
2.239365527664599842e+00 8.674470950816529164e-06 4.752000475829388951e-06 1.429597876540309276e-05
2.242445810371153758e+00 2.796039012165142683e-06 1.524277111573858089e-06 4.963627091160266595e-06
2.245526093077707674e+00 3.812457952420447954e-07 1.990339078619122862e-07 8.043826396844596881e-07
2.248606375784261147e+00 4.360209248513202437e-08 2.141648741605924293e-08 7.910433006802437966e-08
2.251686658490815063e+00 8.252389172142186545e-09 4.048345096473813497e-09 2.909094860647590675e-08
2.254766941197368979e+00 1.223997212322720195e-08 9.489313829181086315e-09 5.512134493325467909e-08
2.257847223903922451e+00 1.180997036816535098e-07 1.185793085913986534e-07 3.006939225357385593e-07
2.260927506610476367e+00 1.128406773518271480e-06 1.108407578363005088e-06 2.736631964215918537e-06
2.264007789317030284e+00 2.354407510346734664e-05 1.924085006711152555e-05 6.805256296822000659e-05
2.267088072023584200e+00 1.841933865045367665e-04 1.460571849416318884e-04 5.331341233090193489e-04
2.270168354730137672e+00 1.046163147557135339e-04 8.248059187346809312e-05 3.037289760601956292e-04
2.273248637436691588e+00 4.995465180626713083e-06 3.487447479080505635e-06 1.445756600875825353e-05
2.276328920143245060e+00 5.221523508411564461e-07 3.271847367741681256e-07 1.373753192078293917e-06
2.279409202849798977e+00 6.680067334224214900e-08 3.974945890967961110e-08 1.832332992974629459e-07
2.282489485556352893e+00 7.712174879179079158e-09 5.018781774934266086e-09 3.665412945604811395e-08
2.285569768262906809e+00 2.888684613859412626e-09 3.912337908408950095e-09 6.759859983566656903e-08
2.288650050969460725e+00 3.295400994415110268e-08 4.375332993685947817e-08 2.064126059701204465e-07
2.291730333676014197e+00 4.185293319935252157e-07 5.244997502021869345e-07 2.034542653693887055e-06
2.294810616382568114e+00 2.954942444830225789e-06 3.536190176899527456e-06 1.437106841032068064e-05
2.297890899089121586e+00 5.479917333136249403e-06 6.432038382960604921e-06 2.895929013629544644e-05
2.300971181795675502e+00 5.504656773227542484e-06 5.719396848935991983e-06 2.808739821919415541e-05
2.304051464502229418e+00 3.540874798244441965e-06 3.233133513481166309e-06 1.431039663473842860e-05
2.307131747208783334e+00 7.232955235055563631e-07 6.011556347538212685e-07 2.372740823246199997e-06
2.310212029915336807e+00 1.003669818794589685e-07 7.571207429982790553e-08 3.324474515350365738e-07
2.313292312621890723e+00 1.332404153549525552e-08 8.542828841718932764e-09 3.795922969055458810e-08
2.316372595328444639e+00 4.236293430312116996e-09 3.069061038050927380e-09 4.295313448613148893e-08
2.319452878034998111e+00 1.810452311974289954e-08 2.228236605103605926e-08 2.025728145818760962e-07
2.322533160741552027e+00 1.830363870609575727e-07 2.467277709984157314e-07 1.275355272117747805e-06
2.325613443448105944e+00 2.651001643014142313e-06 3.470264628576447908e-06 1.662797268764824575e-05
2.328693726154659860e+00 6.618845557429378146e-05 8.546618986963886236e-05 3.852795366165205149e-04
2.331774008861213332e+00 1.193315429759624503e-04 1.538396102579645929e-04 6.889871385325610281e-04
2.334854291567767248e+00 1.589357880534261874e-05 2.009203159316358135e-05 8.837975682939409265e-05
2.337934574274320720e+00 1.125390695964230624e-06 1.272154592571522459e-06 3.969771338412311592e-06
2.341014856980874637e+00 1.600804779404149395e-07 1.652324021821925610e-07 4.867100772310456634e-07
2.344095139687428553e+00 1.593769118260358539e-08 1.530407224225996509e-08 5.703676199833675820e-08
2.347175422393982469e+00 1.417095239982794529e-09 1.943330353497759542e-09 6.154928464359309210e-08
2.350255705100536385e+00 3.995008457874147073e-09 5.462945903865379409e-09 7.690478662040710247e-08
2.353335987807089857e+00 6.971628821582818996e-08 9.282213832644168693e-08 5.610744339827200230e-07
2.356416270513643774e+00 8.160277805823046341e-07 1.043987173703396947e-06 4.931884241095647027e-06
2.359496553220197246e+00 3.326570169849981197e-06 4.079098068773975321e-06 1.793974837619405916e-05
2.362576835926751162e+00 4.034138169378191654e-06 5.135415803469826132e-06 2.018588642887626536e-05
2.365657118633304634e+00 3.592553644879370232e-06 4.663241749173737705e-06 1.529523997816776808e-05
2.368737401339858994e+00 1.267383414794666307e-06 1.635824057521060780e-06 4.045055532913473871e-06
2.371817684046412467e+00 2.081401339629043966e-07 2.607349342560365505e-07 4.724574459556292741e-07
2.374897966752966383e+00 2.758760772216510617e-08 3.163060824205204717e-08 6.888087388982919003e-08
2.377978249459520299e+00 4.820079451346416769e-09 4.218314950941305492e-09 8.325703072973404658e-09
2.381058532166073771e+00 4.452412254123852516e-09 2.448911679634999123e-09 1.745813228350010660e-08
2.384138814872627687e+00 3.580049643368330644e-08 3.453947425804472412e-08 1.916881305163382457e-07
2.387219097579181604e+00 4.374843723044732998e-07 5.223155924255261443e-07 1.855264343914416730e-06
2.390299380285735520e+00 1.359894611433280235e-05 1.657186657617060131e-05 3.930957591747605485e-05
2.393379662992288992e+00 8.274111363376576722e-05 1.030270455753547573e-04 2.264452481667581982e-04
2.396459945698842908e+00 3.681302304134789061e-05 4.592192849523842074e-05 1.002442168029844984e-04
2.399540228405396380e+00 1.908441330585710169e-06 2.455315553294246971e-06 4.366635449117276786e-06
2.402620511111950297e+00 2.670640486867493564e-07 3.520095798381024621e-07 4.567252017752051850e-07
2.405700793818504213e+00 3.827629714996782865e-08 5.159853860362373219e-08 4.797895622784773507e-08
2.408781076525058129e+00 4.543139834878307544e-09 6.943498527156906747e-09 3.438644640252791460e-08
2.411861359231612045e+00 5.562754810642315434e-10 1.168847995952807855e-09 5.395909406780930580e-08
2.414941641938165517e+00 9.422268655106717340e-09 5.801087756536699643e-09 6.459061225326518839e-08
2.418021924644719434e+00 1.385630937698449668e-07 1.203131454870126805e-07 3.961297712074426079e-07
2.421102207351272906e+00 1.173343508921266825e-06 1.115123088614692260e-06 2.480297895440345201e-06
2.424182490057826822e+00 2.327639125494694246e-06 2.303979255193323106e-06 3.914292241362820703e-06
2.427262772764380738e+00 2.480718509257615263e-06 2.603400074365039843e-06 3.118113322263103356e-06
2.430343055470934654e+00 1.583518817079116402e-06 1.821355322768014061e-06 1.484558093398540931e-06
2.433423338177488127e+00 3.477903273686250208e-07 4.416121751946306453e-07 2.197387807924890307e-07
2.436503620884042043e+00 5.611501772182243133e-08 7.309690010062873561e-08 2.262046435079606044e-08
2.439583903590595959e+00 9.549335255621600677e-09 1.075325615664475030e-08 8.582226857144923786e-09
2.442664186297149431e+00 4.235514430661110118e-09 2.740102516442587080e-09 2.131882898125652550e-09
2.445744469003703347e+00 1.193472699944608148e-08 4.275628195348965552e-09 1.293575483458202631e-08
2.448824751710256820e+00 8.094296123708857486e-08 4.045716671229526037e-08 6.035075330031353256e-08
2.451905034416811180e+00 1.411646892214583747e-06 1.017774718763958923e-06 5.298935059570346258e-07
2.454985317123364652e+00 3.017698663790969877e-05 2.496442736442209341e-05 7.624865581954806053e-06
2.458065599829918568e+00 4.250840558084352771e-05 3.539794817971298819e-05 1.012180153698814766e-05
2.461145882536472485e+00 4.591838702238542919e-06 3.921476269910170629e-06 7.577366960293400433e-07
2.464226165243025957e+00 4.349560153965076853e-07 4.840558987311900255e-07 3.774528403713872474e-08
2.467306447949579873e+00 7.460394484283971683e-08 9.025377799826916503e-08 7.593022162002812726e-09
2.470386730656133345e+00 8.826676705019784991e-09 1.151469841227071718e-08 1.049620635139499271e-08
2.473467013362687705e+00 3.755625814049031039e-10 8.607383829022263425e-10 6.901625759031996533e-08
2.476547296069241177e+00 4.502194823701060943e-09 8.447141535678233885e-10 3.217901956984445524e-08
2.479627578775795094e+00 5.461765331201457020e-08 8.880115039375215976e-09 6.789065967012135579e-09
2.482707861482348566e+00 4.505516595761522910e-07 1.438877823671198035e-07 5.654482623962581125e-08
2.485788144188902482e+00 1.472261280476762249e-06 7.055988404251408639e-07 1.030399874122737464e-07
2.488868426895456398e+00 1.543085123954397999e-06 9.052624506746617305e-07 1.235277310625327331e-07
2.491948709602010315e+00 1.301678011521098829e-06 9.344659882825847835e-07 2.030828862278690710e-07
2.495028992308564231e+00 4.167791465478745980e-07 3.906356573484953259e-07 9.570122078950284844e-08
2.498109275015117703e+00 7.523716913538183671e-08 8.431080668372439026e-08 2.399438769421750045e-08
2.501189557721671619e+00 1.263938186344217300e-08 1.485460646519849659e-08 2.248796663473737476e-09
2.504269840428225091e+00 3.442803712087884026e-09 3.440881562023982470e-09 3.307269683801905023e-09
2.507350123134779007e+00 7.188153532975001443e-09 4.270774567669015391e-09 1.880003394400335878e-09
2.510430405841332480e+00 5.221247876566478995e-08 1.496692520553256139e-08 1.623120720240339371e-09
2.513510688547886840e+00 3.853441193962888586e-07 7.532846880595705218e-08 6.377026347114938042e-08
2.516590971254440312e+00 7.695264051760547467e-06 2.874340413238334012e-06 5.383666434446346355e-06
2.519671253960994228e+00 3.456768441250429380e-05 1.322104930429936118e-05 2.652885735081565111e-05
2.522751536667548145e+00 1.193051364241114523e-05 4.648223083539639405e-06 9.508339953365082704e-06
2.525831819374101617e+00 5.636390137480849436e-07 3.451844001161912657e-07 5.839541913722507512e-07
2.528912102080655533e+00 7.441804456196583447e-08 7.212661771675398098e-08 7.463544143394775509e-08
2.531992384787209005e+00 8.697377707056861127e-09 1.202007568727858297e-08 1.305605632452719820e-08
2.535072667493763365e+00 7.652916042996474400e-10 1.082520316959475436e-09 3.942233760671310898e-08
2.538152950200316837e+00 2.742309895494529373e-09 8.772876262382975918e-10 6.000333953119417077e-08
2.541233232906870754e+00 3.490667702278639969e-08 1.447402559372162900e-08 1.387870391996766153e-08
2.544313515613424226e+00 2.607855527044541738e-07 7.187013998732129252e-08 1.213635678583242256e-08
2.547393798319978142e+00 1.101634988909373130e-06 2.678235396754454583e-07 5.278095147460534082e-08
2.550474081026532058e+00 1.352399869665464038e-06 3.457746296048016034e-07 9.974975527078783172e-08
2.553554363733085530e+00 1.193062707433860007e-06 3.088477331896537455e-07 2.934117175064575821e-07
2.556634646439639891e+00 5.755052731011722639e-07 1.893292596511284415e-07 3.134427324352090126e-07
2.559714929146193363e+00 9.994941674181049522e-08 5.337022777190423207e-08 1.010774976235446693e-07
2.562795211852747279e+00 1.542388128151921336e-08 1.336008561169904305e-08 2.183103631166126676e-08
2.565875494559300751e+00 3.482037236553996806e-09 4.056372728486145416e-09 3.929435561580896523e-09
2.568955777265854667e+00 4.862987501597002459e-09 4.301315863745008477e-09 1.558836224863934168e-08
2.572036059972408140e+00 3.365011914502304714e-08 2.043284195419972846e-08 5.258837284010440992e-08
2.575116342678962056e+00 2.086203159138618905e-07 9.051084576221313507e-08 1.297020189923977950e-07
2.578196625385515972e+00 1.899040288244959152e-06 4.944935136604030688e-07 1.319435871985182134e-06
2.581276908092069888e+00 2.553131718091923138e-05 4.604650394930882839e-06 1.691504356307842720e-05
2.584357190798623805e+00 2.803259981714758235e-05 4.969275466193656881e-06 1.839455979573339245e-05
2.587437473505177277e+00 2.126333312311427339e-06 3.786508307270606423e-07 1.307786451731836973e-06
2.590517756211731193e+00 1.638744729281912706e-07 2.854171820282893908e-08 8.495346236943097295e-08
2.593598038918284665e+00 2.098652222571491226e-08 6.884773131760467076e-09 2.636514478990320978e-08
2.596678321624838581e+00 2.376765580625646339e-09 8.764583765019994055e-10 1.582518798483457137e-08
2.599758604331392497e+00 1.818264499720093323e-09 4.498572305149931384e-10 5.935825785402219370e-08
2.602838887037946414e+00 1.639108976808437079e-08 1.247016143223548191e-08 4.252149400391811570e-08
2.605919169744499886e+00 1.385603013665501972e-07 9.348218044422520567e-08 1.274267431326424620e-07
2.608999452451053802e+00 7.595771151702954378e-07 3.766408468001088189e-07 7.218510337104557239e-07
2.612079735157607718e+00 1.394589995193250333e-06 5.168736006008932509e-07 1.624701678420633420e-06
2.615160017864161190e+00 1.154546195590736752e-06 3.228169482103943232e-07 1.231691832471559985e-06
2.618240300570715551e+00 8.569493269557998103e-07 1.652232891121369575e-07 5.625124542252156652e-07
2.621320583277269023e+00 2.288028500743108615e-07 2.045842082220899750e-08 1.237839096700735298e-07
2.624400865983822939e+00 3.245709690449394341e-08 2.288716103733738943e-09 2.292003808682539512e-08
2.627481148690376411e+00 3.261474058566224890e-09 1.477267981346349879e-09 7.213753177371504908e-09
2.630561431396930328e+00 9.080130557547959110e-10 1.965859766739765721e-09 7.024701475862389973e-09
2.633641714103484244e+00 9.902125396537165726e-09 1.113285181558413923e-08 1.560776371971083948e-08
2.636721996810037716e+00 8.987182626293657940e-08 7.857367074697595618e-08 1.006820195857836778e-07
2.639802279516591632e+00 6.359465765428667981e-07 4.271117230473748912e-07 6.041212650738815178e-07
2.642882562223145548e+00 1.001754418537145856e-05 4.470150111182468653e-06 3.633701247441139851e-06
2.645962844929699465e+00 3.530269301728432139e-05 1.528166196414769654e-05 1.062948251635683395e-05
2.649043127636252937e+00 9.282648938789713521e-06 3.935667919468873028e-06 2.638078713016141443e-06
2.652123410342806853e+00 4.188728789125184431e-07 9.680661865694842263e-08 1.438076714535313614e-07
2.655203693049360325e+00 4.830366160615293165e-08 3.981955296892924662e-09 2.157265849803625934e-08
2.658283975755914241e+00 5.810244410326611010e-09 3.083990044789364983e-10 8.475866353894365174e-09
2.661364258462468158e+00 2.183303153131314821e-09 4.889862665217696451e-10 6.095584158513642051e-08
2.664444541169022074e+00 7.139114913173783157e-09 5.852614809866025526e-09 7.644269123790789993e-08
2.667524823875575546e+00 5.813763055426745263e-08 5.747838071693188505e-08 1.122130980528271538e-07
2.670605106582129462e+00 3.775598126790667972e-07 3.258944273725087652e-07 5.705697045171483341e-07
2.673685389288683378e+00 1.173955208757523633e-06 8.144601129066353053e-07 2.149166987397469254e-06
2.676765671995236850e+00 1.192839179713538191e-06 6.816586508063395824e-07 2.277942522382420676e-06
2.679845954701790767e+00 1.073167442337622044e-06 5.265732603928271496e-07 1.344522459011781856e-06
2.682926237408344683e+00 5.302825120849144320e-07 2.209321228127845218e-07 4.981870968631573215e-07
2.686006520114898599e+00 9.842039434862071239e-08 3.147629580178837945e-08 1.066026338317208784e-07
2.689086802821452071e+00 1.191359893938623253e-08 2.002107694329129636e-09 1.308043099676685414e-08
2.692167085528005988e+00 7.515144702374239774e-10 2.060388246203822927e-10 4.347928365923964419e-09
2.695247368234559904e+00 2.880174775722637664e-09 3.760588766947705027e-09 5.612333105388877740e-09
2.698327650941113376e+00 3.870319615791484927e-08 4.089919359194593097e-08 5.094753738289653415e-08
2.701407933647667292e+00 2.763417162770054256e-07 2.617499023337937012e-07 2.909269076608297757e-07
2.704488216354221208e+00 2.506712036617158481e-06 1.800113073060676167e-06 3.381847471276070380e-06
2.707568499060775125e+00 2.859844905188967663e-05 1.956503566429664668e-05 4.224771972707331967e-05
2.710648781767328597e+00 2.465406650902769411e-05 1.682465901399284830e-05 3.638409840161283589e-05
2.713729064473882513e+00 1.482490883223240466e-06 9.316728376932284384e-07 2.497737663669621649e-06
2.716809347180435985e+00 1.762024105558982307e-07 1.016882692096224566e-07 3.364590551357964244e-07
2.719889629886989901e+00 2.839141152698999323e-08 1.570521992904247968e-08 5.018153328734781336e-08
2.722969912593543818e+00 4.801947274481880438e-09 2.545289590719204633e-09 2.601497111175506772e-08
2.726050195300097734e+00 3.438612605629784611e-09 2.358845331816192140e-09 6.414916135010746586e-08
2.729130478006651650e+00 1.895881523064862844e-08 2.058421939461720291e-08 2.865235925644117299e-08
2.732210760713205122e+00 1.465545905894761678e-07 1.537263203955685478e-07 1.391668489648136421e-07
2.735291043419759038e+00 7.466229308515933054e-07 6.538227229819248913e-07 7.916177186544654837e-07
2.738371326126312510e+00 1.179465471207027447e-06 8.856732846800460302e-07 1.504997395330634828e-06
2.741451608832866427e+00 1.025273124541836043e-06 7.579005226711851666e-07 1.529838428580571637e-06
2.744531891539420343e+00 8.116831691024481393e-07 5.709643120930832532e-07 1.325321225657168244e-06
2.747612174245974259e+00 2.537162750147483907e-07 1.804557019631707054e-07 4.152366479307167496e-07
2.750692456952527731e+00 4.205005127335299941e-08 2.825664446236121121e-08 8.406085926124324378e-08
2.753772739659081648e+00 3.740941016382275239e-09 2.274542467941909627e-09 8.386128953356633111e-09
2.756853022365635564e+00 7.487375282378801211e-11 9.098042524537694675e-10 2.666583231721695613e-09
2.759933305072189036e+00 7.217417371501002509e-09 9.837455190289336550e-09 2.595994493457241686e-08
2.763013587778742952e+00 7.260486567687238660e-08 8.123998942376873527e-08 1.911406153183985835e-07
2.766093870485296868e+00 5.664488430175831650e-07 5.299991123272862940e-07 1.671248960153526971e-06
2.769174153191850785e+00 1.085779785052683424e-05 9.175333101500974842e-06 4.539936423417911685e-05
2.772254435898404257e+00 3.012768578229091756e-05 2.551183975471826726e-05 1.255307969956662942e-04
2.775334718604958173e+00 6.104772375580220782e-06 5.110696098019113375e-06 2.541308124989120307e-05
2.778415001311511645e+00 4.020108403833759671e-07 3.193124187168128036e-07 1.147281509987659854e-06
2.781495284018065561e+00 6.381836328528181103e-08 5.333515099944670812e-08 1.648175397147727851e-07
2.784575566724619478e+00 9.981850579747769798e-09 9.077049732002878511e-09 1.561984782065635230e-08
2.787655849431173394e+00 2.891375210267059770e-09 2.021865780684114750e-09 4.922164197574365712e-08
2.790736132137727310e+00 5.518493205180301535e-09 5.088439399542914958e-09 5.583606571837720757e-08
2.793816414844280782e+00 3.991320091637402134e-08 4.705436598836932100e-08 1.533364034622632515e-07
2.796896697550834698e+00 2.643043733004054082e-07 2.792304910579700620e-07 1.233298218259615605e-06
2.799976980257388171e+00 7.745982028620998671e-07 6.760995392803297835e-07 5.084709571409536076e-06
2.803057262963942087e+00 8.186962782595156917e-07 6.651572953711723684e-07 6.498770252904380062e-06
2.806137545670495559e+00 7.841895156730599209e-07 6.255607692614784172e-07 6.011046094613507071e-06
2.809217828377049919e+00 4.303731928640577736e-07 3.649534388189601310e-07 2.653041766042234273e-06
2.812298111083603391e+00 9.688825735935528261e-08 8.778770933226752821e-08 4.577839251675872264e-07
2.815378393790157308e+00 1.449199199049808276e-08 1.391105112399089735e-08 5.884635752061898170e-08
2.818458676496711224e+00 1.237501832026377435e-09 1.828693723923293705e-09 1.008809568235465908e-08
2.821538959203264696e+00 7.026681882210525701e-10 1.687763160676798335e-09 8.515176488475227199e-09
2.824619241909818612e+00 1.738910863405859521e-08 2.003137510021654393e-08 7.240071022940863771e-08
2.827699524616372084e+00 1.565027090049832389e-07 1.679031821961066461e-07 7.780483917424965833e-07
2.830779807322926445e+00 1.925783747651190317e-06 1.700903137219935852e-06 1.297832264839968679e-05
2.833860090029479917e+00 1.836948657514346467e-05 1.632966237284676274e-05 1.273516617103962151e-04
2.836940372736033833e+00 1.241393721583435525e-05 1.103069416403068092e-05 8.658736180390442540e-05
2.840020655442587305e+00 6.919316718145121786e-07 5.935376625439039385e-07 5.089821830380459830e-06
2.843100938149141221e+00 1.264232139476906088e-07 1.250426060875494745e-07 6.306828284761049591e-07
2.846181220855695138e+00 2.527139378521248713e-08 2.656841357627218142e-08 1.062280492120636145e-07
2.849261503562248610e+00 4.486308096645294790e-09 4.135200710731753343e-09 3.272477258025026930e-08
2.852341786268802970e+00 1.960510104476526853e-09 1.036358252003378284e-09 6.845369786288502138e-08
2.855422068975356442e+00 7.322156127216149912e-09 7.235024567910277893e-09 6.273102470174374368e-08
2.858502351681910358e+00 5.639405776775456461e-08 6.058785296042267250e-08 3.117896472653296343e-07
2.861582634388463831e+00 3.005537334106251782e-07 2.734471159145299525e-07 1.499307959031200834e-06
2.864662917095017747e+00 4.825679367369703230e-07 4.042619014053140089e-07 2.550921229066923901e-06
2.867743199801571663e+00 4.644426800847870740e-07 4.044455994764038562e-07 2.643690818553119007e-06
2.870823482508125579e+00 4.009076546641135035e-07 3.557114993693586014e-07 1.845655883305686692e-06
2.873903765214679051e+00 1.436282793663563084e-07 1.419772582884784686e-07 4.401929776787955005e-07
2.876984047921232968e+00 2.950745454961673340e-08 3.199218853982240871e-08 5.585583806875503611e-08
2.880064330627786884e+00 3.882134048207959693e-09 5.153581465385029118e-09 4.322279763053564791e-09
2.883144613334340356e+00 1.467238360443756059e-10 1.019104422319663801e-09 4.865648190009544058e-09
2.886224896040894272e+00 1.505141715643806173e-09 2.024308420791585795e-09 5.214925419130525736e-08
2.889305178747447744e+00 1.931342985733709650e-08 1.668958008578760048e-08 3.525995388087504850e-07
2.892385461454002105e+00 1.868586305752617383e-07 1.491369339451210988e-07 2.117470188844956355e-06
2.895465744160555577e+00 4.463838753334584589e-06 3.991217404445159046e-06 2.506575623321049420e-05
2.898546026867109493e+00 9.715510954119525787e-06 8.733184151150318156e-06 5.214368318143169294e-05
2.901626309573663409e+00 1.542037340239129414e-06 1.367939422431457328e-06 7.544486672971896059e-06
2.904706592280216881e+00 1.629114039231468794e-07 1.573454402767589282e-07 3.580496173753539093e-07
2.907786874986770798e+00 3.288374880651247685e-08 3.593515955635001831e-08 3.669251372279326146e-08
2.910867157693324270e+00 5.763364721731790474e-09 6.575151294026480037e-09 8.885213987362915491e-09
2.913947440399878630e+00 1.444476765123087083e-09 9.889189546502123378e-10 2.272871986924565937e-08
2.917027723106432102e+00 1.457420511832018441e-09 7.038218723445918374e-11 8.967150260934805493e-08
2.920108005812986018e+00 7.903893313646620509e-09 3.458788438943534728e-09 5.794044512321509384e-07
2.923188288519539491e+00 5.687323599820203848e-08 2.976061275373779666e-08 3.588843136735565146e-06
2.926268571226093407e+00 1.699312437489113763e-07 9.544963135955137364e-08 8.600947619525848369e-06
2.929348853932647323e+00 1.958498784673997726e-07 1.300691458656965719e-07 6.189500517594193466e-06
2.932429136639200795e+00 2.048545215948006967e-07 1.462238700269571457e-07 4.346978027047541493e-06
2.935509419345755155e+00 1.242003357018223152e-07 1.071571655424072102e-07 1.626798999034524326e-06
2.938589702052308628e+00 3.411966120954376010e-08 3.594452050386081880e-08 2.513200779373495471e-07
2.941669984758862544e+00 6.289297797362206130e-09 8.430495649241735168e-09 2.746213543082952252e-08
2.944750267465416016e+00 6.906093296598013659e-10 1.645494483092946362e-09 2.226456642587902071e-09
2.947830550171969932e+00 1.011571269190395605e-10 7.430250914434387651e-10 6.326979664552227179e-08
2.950910832878523404e+00 2.945079245061654915e-09 1.401316022407008448e-09 6.929658414380806146e-07
2.953991115585077321e+00 2.758204312005597392e-08 4.892459460082543476e-09 5.399403161483584934e-06
2.957071398291631237e+00 4.420482853786931216e-07 1.703912836489478615e-07 6.470873574028716683e-05
2.960151680998185153e+00 3.275165408430091445e-06 1.425906600801230901e-06 4.446417635618486373e-04
2.963231963704739069e+00 1.733440667106783353e-06 7.623258471223594619e-07 2.334917417696491808e-04
2.966312246411292541e+00 1.080396268582448443e-07 6.209279359753954061e-08 1.049793752751027739e-05
2.969392529117846458e+00 2.666212443859628782e-08 2.467333804351509396e-08 1.471878718379670161e-06
2.972472811824399930e+00 6.494856223123167394e-09 6.714334035427115328e-09 2.585233743170726738e-07
2.975553094530954290e+00 1.575626686094922934e-09 1.272511404057111023e-09 6.101796302050254727e-08
2.978633377237507762e+00 9.672044995245522146e-10 4.741485729872761357e-10 9.164635924275252645e-08
2.981713659944061678e+00 2.355875895269341123e-09 2.044616490934536037e-09 4.875334847366849997e-07
2.984793942650615151e+00 1.092836846602804163e-08 7.202551732136253244e-09 3.438902003047331330e-06
2.987874225357169067e+00 4.452676001073106889e-08 6.471486839062496179e-09 1.655881516504733688e-05
2.990954508063722983e+00 5.647412363841062774e-08 4.187237536898563541e-09 2.292070771159668337e-05
2.994034790770276455e+00 5.453027302660865025e-08 7.956407732731054925e-09 1.933685626558899744e-05
2.997115073476830815e+00 4.986297534310532300e-08 1.231844670257448383e-08 1.372335823619688888e-05
3.000195356183384288e+00 2.002689424116522614e-08 1.063449771615992217e-08 3.728487172361503089e-06
3.003275638889938204e+00 4.964353886783120535e-09 4.716797179303386887e-09 6.256248443278642279e-07
3.006355921596491676e+00 6.987950138411369493e-10 1.391794765674136315e-09 7.065802640874524952e-08
3.009436204303045592e+00 6.040110424677339664e-11 7.179225311095674988e-10 3.414781634110674563e-09
3.012516487009599064e+00 1.639329298707379279e-09 4.079811457464870184e-09 1.839858888665265978e-07
3.015596769716152981e+00 8.626358447018799610e-09 1.671432712644328338e-08 1.558438664496814518e-06
3.018677052422706897e+00 4.005785483231396991e-08 3.888788565958753746e-08 1.336209162217829094e-05
3.021757335129260813e+00 5.484215331073182131e-07 4.175184805600223854e-07 2.437238457932954514e-04
3.024837617835814729e+00 9.212243629149298714e-07 6.987116365029562459e-07 4.086010029635300019e-04
3.027917900542368201e+00 1.134397827922660124e-07 7.422909905028830401e-08 4.838046269343395576e-05
3.030998183248922118e+00 1.368176262431366563e-08 5.562919795492640725e-09 4.884426098473918107e-06
3.034078465955475590e+00 3.232154159619059932e-09 1.510113117434786477e-09 8.407821083319848880e-07
3.037158748662029506e+00 8.817573554708734609e-10 3.513607878627685955e-10 1.311461976109847984e-07
3.040239031368583422e+00 6.684700842519797807e-10 3.901754464897305869e-10 5.211287985719919153e-08
3.043319314075137338e+00 2.071881406435754799e-09 3.032227032998561346e-09 1.162573083181594176e-07
3.046399596781690811e+00 9.030321473475924634e-09 1.841956531989302296e-08 7.255763034437787712e-07
3.049479879488244727e+00 3.120977740288313279e-08 6.213890383788766846e-08 4.323077865337617824e-06
3.052560162194798643e+00 4.412472619927245342e-08 7.418171265106758314e-08 1.011297913958831120e-05
3.055640444901352115e+00 3.230943614449866748e-08 6.063236611121063571e-08 8.837527071176121159e-06
3.058720727607906031e+00 2.578218700017904712e-08 4.766467213691851336e-08 7.159595820490475809e-06
3.061801010314459948e+00 1.097281686007246788e-08 2.046184377653612992e-08 3.353204403884340004e-06
3.064881293021013864e+00 2.121929280049628800e-09 3.932353962885012657e-09 7.454430293321428071e-07
3.067961575727567336e+00 2.338718438521809576e-10 1.045562397894576562e-09 1.022633807630604527e-07
3.071041858434121252e+00 1.906339152197519648e-11 6.541583184100182475e-10 9.205493936804725368e-09
3.074122141140675168e+00 1.070957924103389519e-09 2.684737075963151604e-09 1.590390049516198708e-08
3.077202423847228641e+00 8.287531706622752861e-09 1.675459685437969785e-08 3.326100045654980154e-07
3.080282706553782557e+00 3.802157633156593036e-08 7.795687312835495608e-08 2.727591887848679841e-06
3.083362989260336473e+00 2.552667740822178679e-07 6.890404028520297107e-07 4.135978701676617803e-05
3.086443271966890389e+00 1.340686231839605801e-06 3.898449354312605037e-06 2.266127061183114777e-04
3.089523554673443861e+00 5.419998132260272672e-07 1.585844955740263431e-06 9.171359141816282318e-05
3.092603837379997778e+00 1.956239988704532606e-08 6.717868554359189507e-08 4.007870710393952525e-06
3.095684120086551250e+00 2.933501718176887791e-09 1.563838398848707933e-08 8.448242393844412442e-07
3.098764402793105166e+00 5.949233970937543716e-10 2.679278508590800278e-09 1.670996846621291217e-07
3.101844685499659082e+00 3.002376608616406031e-10 6.203178118127518875e-11 3.678080910847093229e-08
3.104924968206212998e+00 1.162590959966023298e-09 1.129162722484408820e-09 3.392317565322863747e-08
3.108005250912766915e+00 7.007615521727424580e-09 1.216250564103041561e-08 1.755084199148060885e-07
3.111085533619320387e+00 3.137298595320723441e-08 6.028574434925210469e-08 1.157032970170113497e-06
3.114165816325874303e+00 7.210901401099852284e-08 1.357349376038138162e-07 4.893557595381970835e-06
3.117246099032427775e+00 5.846043023831726602e-08 1.355643603771729099e-07 6.717991276333215987e-06
3.120326381738981691e+00 4.698121045764307677e-08 1.319455029294206417e-07 6.566178074242844981e-06
3.123406664445535608e+00 2.992574054765900800e-08 1.047322254666613773e-07 5.221090083503587767e-06
3.126486947152089524e+00 6.958708033429630164e-09 3.599890685190334709e-08 1.667672965358767805e-06
3.129567229858642996e+00 8.184314653574718375e-10 7.851462460041451152e-09 3.088525611117967969e-07
3.132647512565196912e+00 1.110118932445428299e-10 1.789362337589664551e-09 3.958208719945562054e-08
3.135727795271750828e+00 5.442592386023278765e-10 1.646187638985158898e-09 4.724343647253375902e-09
3.138808077978304301e+00 4.765578432367925514e-09 8.878206472544647740e-09 3.449160445068984139e-08
3.141888360684858661e+00 2.540593663589779129e-08 4.650444006140297876e-08 3.538578029892861363e-07
3.144968643391412133e+00 1.103280385806010887e-07 2.037599746801328121e-07 4.328077789486551727e-06
3.148048926097966049e+00 1.541462918232046513e-06 3.546809786084608637e-06 9.493498084617177585e-05
3.151129208804519521e+00 2.025570631061019418e-06 4.702157233886148751e-06 1.263864367420657498e-04
3.154209491511073438e+00 1.744980505154581691e-07 4.244102629091758610e-07 1.332699551602304002e-05
3.157289774217626910e+00 1.920114406236273846e-08 7.237045551488615751e-08 2.636001424389883677e-06
3.160370056924180826e+00 3.140182604792134609e-09 1.573767403449628070e-08 6.137120659570657903e-07
3.163450339630734742e+00 3.420434673746535257e-10 2.059795605417247298e-09 8.746808074489052642e-08
3.166530622337288214e+00 2.436595838692343071e-10 2.608680091681676481e-11 4.142255574897369674e-08
3.169610905043842131e+00 2.605829995405258493e-09 2.993919505354201741e-09 1.477154389560642692e-08
3.172691187750395603e+00 1.648769136868493985e-08 2.558788196988092056e-08 1.321703752197877506e-08
3.175771470456949963e+00 6.327129739470091895e-08 9.988518812532290971e-08 2.061429130825054002e-07
3.178851753163503879e+00 8.891108175020622601e-08 1.402776312065061746e-07 1.228180175744769101e-06
3.181932035870057796e+00 7.595840642195973428e-08 1.462503524298963348e-07 2.083557423000651447e-06
3.185012318576611268e+00 6.243370071358389779e-08 1.424095942260354261e-07 2.900657552794338811e-06
3.188092601283165184e+00 2.831201366364888796e-08 8.667348326507750805e-08 1.786206119811575098e-06
3.191172883989718656e+00 5.788575738801851556e-09 2.537249848489342769e-08 5.491227846750440955e-07
3.194253166696272572e+00 9.436060064719946799e-10 5.682613955640524437e-09 9.826456983793021343e-08
3.197333449402826488e+00 4.278803747322172759e-10 1.688862454662361184e-09 2.296874600525277606e-08
3.200413732109379961e+00 1.432186200923841446e-09 2.530228154711963727e-09 1.417502326339010148e-08
3.203494014815933877e+00 8.767919711667156266e-09 1.211490224611227335e-08 3.202270218478955406e-08
3.206574297522487349e+00 4.837268522812083013e-08 6.825277108064310738e-08 1.049163772147020095e-07
3.209654580229041265e+00 6.197013822274935753e-07 1.110806863819747509e-06 2.135168620062476301e-06
3.212734862935595181e+00 2.695870908059151087e-06 4.941948432927538765e-06 8.839466350913433490e-06
3.215815145642148654e+00 8.478653940098802180e-07 1.565697258342547857e-06 3.155512578960624088e-06
3.218895428348703014e+00 4.360378218907155902e-08 1.051180953811304181e-07 6.182819138178401743e-07
3.221975711055256930e+00 1.025637029355969904e-08 3.383294588182526392e-08 2.573731792219739028e-07
3.225055993761810402e+00 1.994552584247483336e-09 8.252857072480018949e-09 6.872727516902980098e-08
3.228136276468364319e+00 1.570634117341291103e-10 1.118827851406295229e-09 2.898217492751580463e-08
3.231216559174918235e+00 4.047209671027683718e-10 4.178390975173247171e-11 3.145642703435726540e-08
3.234296841881471707e+00 4.811610338163117607e-09 4.260461051322338695e-09 7.129333656093449634e-08
3.237377124588025623e+00 2.511472711820478374e-08 3.052379501600856542e-08 3.985942274604107458e-07
3.240457407294579095e+00 5.818570274332192879e-08 8.032662089747649876e-08 9.769493851352616481e-07
3.243537690001133011e+00 6.084702087620580281e-08 9.767243427761462701e-08 5.650874872750426385e-07
3.246617972707686484e+00 5.885412194857649541e-08 1.036414402957917826e-07 2.371723012665946282e-07
3.249698255414240400e+00 4.523370547688876925e-08 9.536174733640845166e-08 1.588234520224743027e-08
3.252778538120794316e+00 1.523645971577314070e-08 4.230545911204179070e-08 1.429941907576793002e-08
3.255858820827347788e+00 3.346416688766067434e-09 1.170258733554535028e-08 1.555743868297432425e-08
3.258939103533901704e+00 6.969608498787647930e-10 2.410155116528473986e-09 8.413508225009371219e-09
3.262019386240456065e+00 4.915485908649258448e-10 6.815653622799955221e-10 2.078592371558708257e-08
3.265099668947009981e+00 2.366482830314366965e-09 1.734407203842132709e-09 1.553990419022454835e-07
3.268179951653563453e+00 1.381963455798675387e-08 1.180290081188051524e-08 9.601623836468271330e-07
3.271260234360117369e+00 8.047120815114993896e-08 1.060620634417410267e-07 5.944067015825463961e-06
3.274340517066670841e+00 1.213373495614059279e-06 1.828946169852237385e-06 6.839904882541698308e-05
3.277420799773224758e+00 1.257024586153743284e-06 1.905020007166579849e-06 6.995019533092693576e-05
3.280501082479778230e+00 9.080742083200764354e-08 1.496250822755623943e-07 4.412777682814110108e-06
3.283581365186332146e+00 2.014657041717677638e-08 4.616299229507770993e-08 5.840195535023117443e-07
3.286661647892886062e+00 4.800799904542666002e-09 1.381505882994696451e-08 1.160751269470956419e-07
3.289741930599439534e+00 7.156528728592571861e-10 3.011302256305608177e-09 2.366730628784196979e-08
3.292822213305993451e+00 2.224162944755678403e-11 6.089711895127185966e-10 4.811172337004454297e-08
3.295902496012546923e+00 5.754366078300560910e-10 2.702686769891667513e-11 1.523868701774031941e-07
3.298982778719100839e+00 5.434927123360044002e-09 1.236494958135896487e-09 1.203961271278314533e-06
3.302063061425655199e+00 2.091468463430431263e-08 1.159979007116158266e-08 5.866897395372152051e-06
3.305143344132209116e+00 2.790498737278943717e-08 2.739608431074457788e-08 8.911774032246001014e-06
3.308223626838762588e+00 2.936576252276585849e-08 3.710842775997835949e-08 7.511417237351075192e-06
3.311303909545316504e+00 2.840334769971901299e-08 4.386579454810302707e-08 6.291579444469460820e-06
3.314384192251869976e+00 1.710185103855831158e-08 3.438973028728805109e-08 2.783232969984629577e-06
3.317464474958423892e+00 5.115499824533662776e-09 1.332478977765397982e-08 6.460162833027125554e-07
3.320544757664977809e+00 1.134951813023152295e-09 3.246411041195760549e-09 8.168934159941979649e-08
3.323625040371531281e+00 3.171867160902530141e-10 4.638943398520869085e-10 2.232433951573302417e-08
3.326705323078085197e+00 3.886185123782065878e-10 1.102830433693937213e-11 8.410752543500041259e-08
3.329785605784638669e+00 1.886505559299247330e-09 1.091687133300886171e-10 8.429911731139091761e-07
3.332865888491192585e+00 1.102889057216489152e-08 9.076578210247617538e-10 6.513484918549839694e-06
3.335946171197746501e+00 1.958074897333014907e-07 1.198050196792733299e-07 1.186824275767153531e-04
3.339026453904299974e+00 6.659632619635868906e-07 4.201473963711798867e-07 3.976814155394408994e-04
3.342106736610853890e+00 1.622254804522221085e-07 1.075440805001662179e-07 9.672757275865912884e-05
3.345187019317408250e+00 1.371684434913007287e-08 1.908850650891651690e-08 6.770740666556346650e-06
3.348267302023961722e+00 4.636925289517644454e-09 9.346131471886177763e-09 1.635512982879354801e-06
3.351347584730515639e+00 1.241722003433731098e-09 3.443347030001309333e-09 3.567429123426791220e-07
3.354427867437069555e+00 2.072638366110330012e-10 1.182509720507422860e-09 8.391648880704344171e-08
3.357508150143623027e+00 1.587265924486778486e-11 9.694103996601023756e-10 9.258569986322321378e-08
3.360588432850176943e+00 4.768060667112694701e-10 1.599138714217667554e-09 5.622830075708458693e-07
3.363668715556730415e+00 4.010320044370465464e-09 2.087096855869145253e-09 3.679379630860134738e-06
3.366748998263284332e+00 9.621810404183413848e-09 2.025798062912119762e-09 1.076080321437377316e-05
3.369829280969838248e+00 9.674686950293249667e-09 1.771705143788095264e-09 1.147091954002933772e-05
3.372909563676391720e+00 9.713449047634651294e-09 2.479424350505578422e-09 1.086490703891932325e-05
3.375989846382945636e+00 8.666226241796159800e-09 4.819223427600112064e-09 7.814025456301327814e-06
3.379070129089499108e+00 3.877534278077016822e-09 4.229561517076759608e-09 2.467764384428976750e-06
3.382150411796053024e+00 1.088253889756280124e-09 1.699273887300872464e-09 5.261279597768382894e-07
3.385230694502606497e+00 2.295066897711001314e-10 3.023773417626451996e-10 7.500608415682471283e-08
3.388310977209161301e+00 5.884704880740025328e-11 1.349794159271231465e-10 3.039951750356008374e-08
3.391391259915714773e+00 1.141389476666974270e-10 1.943364160904068002e-09 2.422417613420017413e-07
3.394471542622268689e+00 1.072293200053793843e-09 7.468413749223311957e-09 2.133598437258984495e-06
3.397551825328822162e+00 1.341103116347570453e-08 1.674529817174686647e-08 2.086155572824434931e-05
3.400632108035376078e+00 1.622071918492701689e-07 1.272592206192496070e-07 2.393474961407892026e-04
3.403712390741929994e+00 1.315707927117786408e-07 1.004009033986082446e-07 1.934738379183312870e-04
3.406792673448483466e+00 8.337825739715188469e-09 4.320520512443621690e-09 1.198895979972495038e-05
3.409872956155037382e+00 2.972406272779525181e-09 4.884859093038355058e-10 2.799330382389228073e-06
3.412953238861590854e+00 1.012406788114433721e-09 6.327352767342189703e-10 6.874327710098188608e-07
3.416033521568144771e+00 2.633546822489378618e-10 5.315746739388809198e-10 1.256783076190719205e-07
3.419113804274698243e+00 1.008569036543560258e-10 8.266800318971027653e-10 4.533299725868282519e-08
3.422194086981252159e+00 1.331888991247873802e-10 3.213399635545447668e-09 1.288426844413917569e-07
3.425274369687806075e+00 2.847408807129430226e-10 1.055083479966665276e-08 8.126825495503147421e-07
3.428354652394360436e+00 1.299143216058058379e-09 2.075284989615856074e-08 3.816020889169465289e-06
3.431434935100913908e+00 2.413916798669496619e-09 1.758134610751765221e-08 5.606108522222705069e-06
3.434515217807467824e+00 2.437030076925627076e-09 1.372492105124075037e-08 4.983044525615554117e-06
3.437595500514021740e+00 2.530249346363512427e-09 9.299968408381861263e-09 4.568500969278065657e-06
3.440675783220575212e+00 1.753334003042870754e-09 2.184606939661328252e-09 2.212593945448759490e-06
3.443756065927129129e+00 6.469738733055375602e-10 1.369429422372082575e-10 5.584306222476507663e-07
3.446836348633682601e+00 1.449551006104449438e-10 1.599354875892445762e-11 1.119810975900991179e-07
3.449916631340236517e+00 2.926957698303552816e-11 2.300760289158754188e-10 2.374964207564651334e-08
3.452996914046789989e+00 1.045601377651499187e-10 2.182762935767294352e-09 3.858825691728958226e-08
3.456077196753343905e+00 4.396399861312630408e-10 1.042262265416302771e-08 2.012308997045500822e-07
3.459157479459897822e+00 1.150264574425364377e-09 3.084587532832930017e-08 1.706108519782229577e-06
3.462237762166451294e+00 7.715160036299158199e-09 3.984785980876689706e-07 3.553952259847365744e-05
3.465318044873005210e+00 1.899765572173879309e-08 1.037103299116125668e-06 9.245987354086733024e-05
3.468398327579558682e+00 3.691238352415112674e-09 1.893230051815172537e-07 1.723574481742928333e-05
3.471478610286113486e+00 6.633570771514472156e-10 1.225296086219753470e-08 1.544970923108930882e-06
3.474558892992666959e+00 3.533052674209553486e-10 1.883526025092609469e-09 3.656297071446956423e-07
3.477639175699220875e+00 1.596812992703401420e-10 1.007041302677686052e-10 8.013805408533537652e-08
3.480719458405774347e+00 9.217675413995248324e-11 1.541507349602681078e-10 5.129011447273499853e-08
3.483799741112328263e+00 2.280766795561391988e-10 1.687079879897547697e-09 4.043524542345562600e-08
3.486880023818881735e+00 7.882372551618341989e-10 9.469177841665040192e-09 4.767292313333859453e-08
3.489960306525435652e+00 1.933223058226785383e-09 3.100849589147286610e-08 2.382852219067249475e-07
3.493040589231989568e+00 2.174041536970144025e-09 4.117869464025733154e-08 6.985586945093548491e-07
3.496120871938543040e+00 1.159934041373624966e-09 3.809705612769251132e-08 7.245018896148494431e-07
3.499201154645096956e+00 6.593360100354635385e-10 3.456085374418179664e-08 6.552424960754452093e-07
3.502281437351650428e+00 2.053180301176828906e-10 2.330254455367244024e-08 4.551738400351581922e-07
3.505361720058204344e+00 4.300804854141372455e-11 6.989247644297913277e-09 1.546438334338779576e-07
3.508442002764758261e+00 1.977117149019719334e-11 1.602145986416044593e-09 2.640345226724621052e-08
3.511522285471311733e+00 1.320981042997199533e-11 4.578557351073041272e-10 8.516285310364548173e-09
3.514602568177866093e+00 9.384891866819578795e-11 1.160333452008802459e-09 1.902453219302963491e-09
3.517682850884420009e+00 6.202124919765442473e-10 6.712559000973601012e-09 1.224336992088808193e-08
3.520763133590973482e+00 2.568608484725111398e-09 3.059574759729452093e-08 3.550330876746225786e-08
3.523843416297527398e+00 1.098996051239874764e-08 1.828997689111846374e-07 6.405933709283511176e-08
3.526923699004081314e+00 8.764597376463279876e-08 1.656921906038197396e-06 3.304673716491448878e-07
3.530003981710634786e+00 5.449584141287270329e-08 1.043734848699699242e-06 2.054548432068236035e-07
3.533084264417188702e+00 1.838337462877945543e-09 5.027845487676239527e-08 8.738158473445410689e-09
3.536164547123742175e+00 2.148705916274200252e-10 1.568915844076711004e-08 7.984863636806972565e-09
3.539244829830296091e+00 8.237880464659323785e-12 3.321042988291451644e-09 4.105515856212363827e-09
3.542325112536850007e+00 1.286494033723575508e-11 3.395383075579113864e-10 2.664789779295642338e-08
3.545405395243403479e+00 9.132857352141064288e-11 3.953918046042510417e-10 7.457898085360505196e-08
3.548485677949957395e+00 5.207774582340977000e-10 3.838084358167843364e-09 2.555339885142159211e-08
3.551565960656510867e+00 1.938056289309244674e-09 1.962661633252257391e-08 8.822892150829669623e-08
3.554646243363065228e+00 4.105864011843917109e-09 4.819755588549184258e-08 1.553811856889937414e-07
3.557726526069619144e+00 4.085211170012839332e-09 5.182800216433500607e-08 8.120847931688096685e-08
3.560806808776173060e+00 3.463563582252889889e-09 5.161399567582220066e-08 5.307603163870361055e-08
3.563887091482726532e+00 2.487015316788015285e-09 4.614928380436875075e-08 3.456018500197507819e-08
3.566967374189280449e+00 8.800278156487856679e-10 2.399194355326207119e-08 8.696145105591073087e-09
3.570047656895833921e+00 1.830581505578603930e-10 7.174407476703208581e-09 2.377908022235202882e-09
3.573127939602387837e+00 2.897591389982826279e-11 1.676514441776509914e-09 2.201282402597020813e-09
3.576208222308941753e+00 3.982963595670763787e-11 7.083429358095526711e-10 3.338131421740640349e-09
3.579288505015495225e+00 3.154420202798051655e-10 2.716534562442227982e-09 1.176264650221072687e-08
3.582368787722049142e+00 1.334401383834080169e-09 1.264468515487772670e-08 9.452426107251457041e-08
3.585449070428602614e+00 3.483310302523820830e-09 4.517860107866728397e-08 3.106279490849399818e-07
3.588529353135156530e+00 6.780428068777166792e-08 9.574587023278589800e-07 2.662669450484132980e-06
3.591609635841710002e+00 1.382394736637286050e-07 1.956098427659790502e-06 5.282371588952939470e-06
3.594689918548263918e+00 1.927422047414483235e-08 2.772157395718171644e-07 7.413380489128029971e-07
3.597770201254818279e+00 1.979765720723788040e-09 3.681235500264566409e-08 5.925435876663122071e-08
3.600850483961372195e+00 4.307387674341337207e-10 1.064064977462832086e-08 8.254525789936758416e-09
3.603930766667925667e+00 8.233424294460499562e-11 2.289916035117768295e-09 5.264037355885667510e-09
3.607011049374479583e+00 4.469848130498485890e-11 3.217846721563858440e-10 3.739314791282194988e-08
3.610091332081033499e+00 1.809657127805748814e-10 5.794284830601297421e-10 4.136288626314160584e-08
3.613171614787586972e+00 8.364700692165572954e-10 5.711504268343482079e-09 1.193938206644011815e-07
3.616251897494140888e+00 2.173294227352936088e-09 2.571934866309700840e-08 4.740938884765286137e-07
3.619332180200694360e+00 2.225082949091131623e-09 4.134240930611933029e-08 4.899643569138611471e-07
3.622412462907248276e+00 2.577220829111683807e-09 4.645303044083972222e-08 2.781247457842570182e-07
3.625492745613801748e+00 2.430981092068336078e-09 4.635152259766922384e-08 1.960026222766257042e-07
3.628573028320355665e+00 1.885563736186124516e-09 3.791264111851068066e-08 1.097646102498782584e-07
3.631653311026909581e+00 7.670414611364064306e-10 1.550182336958972261e-08 2.735405196100248531e-08
3.634733593733463053e+00 2.149498932486547326e-10 4.532950199212167343e-09 1.053440926945019008e-08
3.637813876440016969e+00 3.379158300751077715e-11 1.144516819201271085e-09 8.233283189528582604e-09
3.640894159146571329e+00 8.187886674699749533e-11 7.610734894509607039e-10 1.874702056494615591e-08
3.643974441853125246e+00 5.488032271615440206e-10 3.011199053749202134e-09 8.090322532311239304e-08
3.647054724559678718e+00 1.884973307073013561e-09 1.572652204958978110e-08 3.949225906921208025e-07
3.650135007266232634e+00 9.282490632895536201e-09 1.878664846883862488e-07 1.429113445149298629e-06
3.653215289972786106e+00 6.398855674785234625e-08 1.359983374660577003e-06 8.459913478207692551e-06
3.656295572679340022e+00 3.134166273971785170e-08 6.713392892090782675e-07 4.083041402511744023e-06
3.659375855385893495e+00 1.421151630155280641e-09 3.978359793589160828e-08 1.384386318801566715e-07
3.662456138092447411e+00 7.374094683016029432e-10 1.849376406490431739e-08 6.780223511530055277e-08
3.665536420799001327e+00 2.334839242394473530e-10 5.731760817893015468e-09 1.540663299449595913e-08
3.668616703505554799e+00 6.897594782469530663e-11 1.032658310143016372e-09 1.489183372527111734e-08
3.671696986212108715e+00 7.574900936251717672e-11 8.172231022076012572e-11 3.036208086864075429e-08
3.674777268918662188e+00 3.181933225240514433e-10 6.791585149337520994e-10 3.436674269255165713e-08
3.677857551625216104e+00 1.272209731765247610e-09 6.033768337478921812e-09 1.667132956313141201e-07
3.680937834331770464e+00 2.195287352286281468e-09 1.806649367508812044e-08 2.746220912116254858e-07
3.684018117038324380e+00 1.470249443017781266e-09 2.392192497645450237e-08 1.084940887432358823e-07
3.687098399744877852e+00 1.158169828346684963e-09 2.646437850872966167e-08 9.001779601776748911e-08
3.690178682451431769e+00 8.066477533383807084e-10 2.799911422509650241e-08 1.045530992518307948e-07
3.693258965157985241e+00 5.190941041598993421e-10 1.759838925119076519e-08 8.402267446772516729e-08
3.696339247864539157e+00 2.258006499560535342e-10 6.631983411592642566e-09 3.519659176483362694e-08
3.699419530571093073e+00 5.956146325767477115e-11 1.902644707380454709e-09 1.179346693519116010e-08
3.702499813277646545e+00 9.894141712298912983e-12 6.592543607377299809e-10 6.779513764296943227e-09
3.705580095984200462e+00 1.319069426727833370e-10 8.251002707403318570e-10 1.447468625929960019e-08
3.708660378690753934e+00 7.925670228920579740e-10 2.969043988720344671e-09 4.413618044339220440e-08
3.711740661397307850e+00 2.430284769070541770e-09 1.436671781671859891e-08 8.534595209586677865e-08
3.714820944103861766e+00 3.457430930217958461e-08 3.470299313116894559e-07 5.774432516533653772e-07
3.717901226810415238e+00 5.429373787582701358e-08 5.547801328740579547e-07 9.079510673634807702e-07
3.720981509516969155e+00 5.408802321168741862e-09 6.289871228759207795e-08 1.303975935700060639e-07
3.724061792223523515e+00 5.575912023674311397e-10 1.596244258516175928e-08 7.986964280368530648e-08
3.727142074930076987e+00 1.680430986802913920e-10 6.229068224673636437e-09 3.935007975015324986e-08
3.730222357636630903e+00 5.876646498387685647e-11 1.649472826832853115e-09 1.045862303930516613e-08
3.733302640343184819e+00 2.743545795256257114e-11 1.990683957596801427e-10 1.562843698303951822e-08
3.736382923049738292e+00 5.348267347671297991e-11 5.052361341906792411e-11 9.422165938329709811e-09
3.739463205756292208e+00 2.642451165351323902e-10 1.166889505626636523e-09 6.191398295831901639e-09
3.742543488462845680e+00 1.060549880430866497e-09 5.481582890976132119e-09 1.833633148408965506e-08
3.745623771169399596e+00 1.524434627423336761e-09 8.469849599454935068e-09 8.884714375268679191e-09
3.748704053875953512e+00 1.411578316089076996e-09 9.784289980859684099e-09 5.101154122672670168e-08
3.751784336582506985e+00 1.110734810870508408e-09 1.077463908847117812e-08 8.878980973159729706e-08
3.754864619289060901e+00 6.548717697944513662e-10 1.012966614961127210e-08 9.613713810388779045e-08
3.757944901995614373e+00 2.285151380193423787e-10 5.042948124972578616e-09 5.297304304525048304e-08
3.761025184702168289e+00 6.529282340778414075e-11 1.917384686748726336e-09 1.407699004766775125e-08
3.764105467408722649e+00 1.070028174096956133e-11 7.816660827824549057e-10 5.364043603802631919e-09
3.767185750115276566e+00 3.239681497444114742e-12 6.218977748556126328e-10 5.498603686483468804e-09
3.770266032821830038e+00 5.827036399359166337e-11 1.166391764356137961e-09 1.006816316150526783e-08
3.773346315528383954e+00 3.521566406721278567e-10 3.959583647318473203e-09 2.229768139249698867e-08
3.776426598234937426e+00 6.368082174525279875e-09 4.356409438666541427e-08 5.910868283019094512e-07
3.779506880941491342e+00 3.508679449443706889e-08 2.327691901342178885e-07 3.463512832739578267e-06
3.782587163648045259e+00 1.339199333190293638e-08 8.904528098673003892e-08 1.384101411881565576e-06
3.785667446354598731e+00 6.740330858780766107e-10 6.915053876321530646e-09 1.841774944877110500e-07
3.788747729061152647e+00 2.809634396208466187e-10 3.803539644485341716e-09 1.003271876312615336e-07
3.791828011767706119e+00 8.862872356533124017e-11 1.385491304617884187e-09 3.274311130419676521e-08
3.794908294474260035e+00 2.275599727220775290e-11 2.016499390231916047e-10 2.881491311544971953e-08
3.797988577180813508e+00 1.266334173376921534e-11 6.563862936583626076e-11 4.297289740643233589e-08
3.801068859887367424e+00 2.349273656565619846e-11 1.041689695312124749e-09 1.290328539361085177e-08
3.804149142593921340e+00 5.036816934760884165e-11 3.881277228790590318e-09 2.112201338641296927e-08
3.807229425300475700e+00 9.799007277484748524e-11 6.255214478133067061e-09 3.312714204033629298e-08
3.810309708007029172e+00 2.504741531402118979e-10 5.468336610408270040e-09 8.997646215061444173e-08
3.813389990713583089e+00 3.098615728926463805e-10 4.947032211428501780e-09 1.585041030021371477e-07
3.816470273420137005e+00 3.307080131686144585e-10 4.732462854853411201e-09 1.901493366175214744e-07
3.819550556126690477e+00 2.105545196084442708e-10 2.598934831096901513e-09 1.204805515734102210e-07
3.822630838833244393e+00 8.122311660577028372e-11 1.159136219745040297e-09 5.038728771280243369e-08
3.825711121539797865e+00 2.011319363419041919e-11 5.641486741606853224e-10 9.172579730871856654e-09
3.828791404246351782e+00 2.076666298348839415e-12 5.870860662674511467e-10 8.912873708204291225e-09
3.831871686952905254e+00 1.104872291170212681e-11 1.448562003698407264e-09 1.418091371517571394e-08
3.834951969659459170e+00 7.589234837679817282e-11 4.137937016211787257e-09 1.962361426367487496e-08
3.838032252366013086e+00 1.278966752098717147e-10 1.099408407386244199e-08 6.193307430044849564e-08
3.841112535072566558e+00 1.299195099451540284e-09 1.474288057727559368e-07 1.472584871365851697e-06
3.844192817779120475e+00 1.606800696900265444e-09 1.810751475075331181e-07 1.865619631218877903e-06
3.847273100485673947e+00 1.353261482533645546e-10 1.460818283790780106e-08 2.097164689131605715e-07
3.850353383192228751e+00 6.163360806106544550e-11 3.017371872944004611e-09 1.020420499438820597e-07
3.853433665898782223e+00 3.738647131616168248e-11 8.399132746971549684e-10 4.793744807409673980e-08
3.856513948605336140e+00 1.543804966234926758e-11 1.153410886120251131e-10 2.361120570758391597e-08
3.859594231311889612e+00 7.381143818390547386e-12 3.211360825216384624e-11 1.030307615845737116e-07
3.862674514018443528e+00 2.084775365736627114e-11 8.225233719169289152e-10 4.456242936221012153e-08
3.865754796724997000e+00 9.557093826118726528e-11 3.951204670374288147e-09 1.255941794702903050e-08
3.868835079431550916e+00 2.837472499296295011e-10 9.017815105895768567e-09 2.539047090941009658e-08
3.871915362138104832e+00 2.781906917600092196e-10 8.375880643310721940e-09 3.644497180083702808e-08
3.874995644844658305e+00 2.059166866802958874e-10 7.342400151014854498e-09 7.700701657353504910e-08
3.878075927551212221e+00 1.271443759808367900e-10 6.134236084518429445e-09 8.822643676396950042e-08
3.881156210257765693e+00 5.284979135454742652e-11 3.592142064879767604e-09 7.683877284489197634e-08
3.884236492964319609e+00 1.256990013094338767e-11 1.202765698095727089e-09 4.761494101865681148e-08
3.887316775670873525e+00 3.416120112539040110e-12 3.959732780964466964e-10 1.228821946261152175e-08
3.890397058377427886e+00 8.301430295348557096e-13 3.250172917098767850e-10 1.413848571069087259e-08
3.893477341083981358e+00 4.921588943598701709e-12 1.010955565165255988e-09 1.439665861785630173e-08
3.896557623790535274e+00 4.579280587024850278e-11 3.350190217861860266e-09 4.185861263275985626e-08
3.899637906497088746e+00 2.880399488212896039e-10 9.356809937970855456e-09 1.113743362821139744e-07
3.902718189203642662e+00 4.728361445071832077e-09 9.396063467593787626e-08 1.715662311857234523e-06
3.905798471910196579e+00 1.944013449681086692e-08 3.820001156445693085e-07 7.122791951237387694e-06
3.908878754616750051e+00 5.685693641531398884e-09 1.112241191099787831e-07 2.111419536515480059e-06
3.911959037323303967e+00 2.854426203231679225e-10 6.040797415803847324e-09 2.086609060187702183e-07
3.915039320029857439e+00 8.668350245613834148e-11 1.865390644584168226e-09 1.143226699306777827e-07
3.918119602736411355e+00 2.015680249602877427e-11 3.786024940586276361e-10 3.313905534148238897e-08
3.921199885442965272e+00 4.229711199747282635e-12 8.368435683282614243e-11 8.235152779133298702e-08
3.924280168149518744e+00 3.898722983042472191e-12 4.091042093644336584e-10 1.066130422710679040e-07
3.927360450856072660e+00 1.858827204577777601e-11 2.421674876561882305e-09 5.443799724065960633e-08
3.930440733562626132e+00 1.185995633983593223e-10 8.092506600462479945e-09 1.580058267250310560e-07
3.933521016269180492e+00 3.802542907935907597e-10 1.141810864155824544e-08 3.058715046425124233e-07
3.936601298975734409e+00 5.416172308571548495e-10 1.095426443236826551e-08 3.800799050186737137e-07
3.939681581682288325e+00 5.639631700899297753e-10 9.858356871175838666e-09 3.948346572823472111e-07
3.942761864388841797e+00 5.112297354092345385e-10 7.881046450713481639e-09 3.546636101926131681e-07
3.945842147095395713e+00 2.542740034787307877e-10 3.603050882130260641e-09 1.987295073750129501e-07
3.948922429801949185e+00 7.421195105254409257e-11 1.088538662779687585e-09 8.296293374971853132e-08
3.952002712508503102e+00 1.221474851382108476e-11 2.334352398033545235e-10 2.386740136618116417e-08
3.955082995215057018e+00 3.688069909601661729e-13 3.589201007940870478e-10 2.574136453202840758e-08
3.958163277921610490e+00 4.640557288308605620e-12 1.880659168053127673e-09 6.074381824110052291e-08
3.961243560628164406e+00 3.933138833240528347e-11 6.878265799307768915e-09 1.703003569500259901e-07
3.964323843334717878e+00 6.332728601878504917e-10 2.416897186046087810e-08 7.917319293557536980e-07
3.967404126041271795e+00 1.167466934765619528e-08 3.391378568707839723e-07 1.096778090554040525e-05
3.970484408747825267e+00 1.144863129732792248e-08 3.277467512901111402e-07 1.061633946324083519e-05
3.973564691454379183e+00 8.807276055364610578e-10 2.073436960686236408e-08 7.380081748118030165e-07
3.976644974160933543e+00 3.724709120780698400e-10 5.845559570508600864e-09 2.746092925948326141e-07
3.979725256867487460e+00 1.383596516445191645e-10 1.557608794661127129e-09 1.020051277938205806e-07
3.982805539574040932e+00 3.851235503905575958e-11 3.930536159597669908e-10 2.923027197359734945e-08
3.985885822280594848e+00 1.174733308166581956e-11 3.039392731012273905e-10 7.740132116885078277e-08
3.988966104987148764e+00 7.412497320864062849e-12 1.032641205206021692e-09 3.600736091499253973e-08
3.992046387693702236e+00 3.551481878923762337e-12 4.055359003133754762e-09 7.352481085079079959e-08
3.995126670400256153e+00 2.134515444842391915e-11 9.280250174852938180e-09 2.110142029051994452e-07
3.998206953106809625e+00 1.292189593369180249e-10 9.989873863534652552e-09 2.721841970704711003e-07
4.001287235813363097e+00 2.145724757749291667e-10 1.044377393511859461e-08 3.054248203393217221e-07
4.004367518519917013e+00 2.890519972935265741e-10 9.381981351198577177e-09 2.743136961466016430e-07
4.007447801226470929e+00 2.943717788179303221e-10 6.631469171459686209e-09 2.026015731237222011e-07
4.010528083933024845e+00 1.540734897561696210e-10 2.663689943172264607e-09 9.966515810018519435e-08
4.013608366639578762e+00 5.067130969857694029e-11 6.757906223106415370e-10 3.066997845256461716e-08
4.016688649346132678e+00 1.085466631015380572e-11 1.345761066003941615e-10 2.090790391786626593e-08
4.019768932052686594e+00 3.220025558841113201e-13 6.435583996179805983e-10 1.625473903575177028e-08
4.022849214759240510e+00 2.658813909656155774e-12 2.791532854643236770e-09 3.153582792419380375e-08
4.025929497465794427e+00 8.621354190873182163e-13 7.122052033421888590e-09 1.348625356679904468e-07
4.029009780172347455e+00 6.965027252706384665e-10 1.196441592690600457e-07 3.243970616341906028e-06
4.032090062878901371e+00 2.312046744663832941e-09 3.808511283841852279e-07 1.031491008401337197e-05
4.035170345585455287e+00 5.737867150882892136e-10 8.574841505148150238e-08 2.335770596622956100e-06
4.038250628292009203e+00 1.662921121970114736e-10 7.349802367528740022e-09 2.708250517152735225e-07
4.041330910998563120e+00 1.166423483413731047e-10 3.022382774404349842e-09 1.392604658624670624e-07
4.044411193705116148e+00 5.040081162142752418e-11 1.003614005797530495e-09 4.293334708006967325e-08
4.047491476411670064e+00 1.367107911836334561e-11 3.638678596943007594e-10 2.375592063020030025e-08
4.050571759118223980e+00 3.432595903605318995e-12 4.354968408852471213e-10 1.510590122268053272e-08
4.053652041824777896e+00 1.411918134034009473e-12 1.491230235886200509e-09 1.448591304693451602e-08
4.056732324531330924e+00 8.313987428750104820e-13 4.794769275754908761e-09 1.504983432184951685e-07
4.059812607237885729e+00 4.345206421921879366e-12 6.862526683962604564e-09 4.253820633254859962e-07
4.062892889944439645e+00 2.059428314868321164e-11 7.650573815970870690e-09 5.141639639933695577e-07
4.065973172650993561e+00 3.647337761122209044e-11 7.280843845081355613e-09 5.251794239079189127e-07
4.069053455357546589e+00 7.128124732672027748e-11 6.614092566576765075e-09 4.854044693365012594e-07
4.072133738064100505e+00 7.022537673156135689e-11 3.713421665846275309e-09 2.868673908229526830e-07
4.075214020770654422e+00 4.051961483358869951e-11 1.346600636983253322e-09 1.117732419854777479e-07
4.078294303477208338e+00 1.692264852281166900e-11 2.680682859606137861e-10 4.450719617797289078e-08
4.081374586183762254e+00 7.317067071531550477e-12 1.271287920899697262e-10 2.523762974059674745e-08
4.084454868890315282e+00 5.788202265538115652e-12 9.317647692108451353e-10 7.160424197337741188e-08
4.087535151596869198e+00 1.508730124218193562e-11 3.712759037157194239e-09 3.442657118676893852e-07
4.090615434303423115e+00 8.819262258700547379e-11 1.818220420069680623e-08 2.785886759889226427e-06
4.093695717009977031e+00 1.057969375246204338e-09 2.105622871001361675e-07 3.189232733490982079e-05
4.096775999716530947e+00 8.098962941898509358e-10 1.594528895382173735e-07 2.410425084530406372e-05
4.099856282423083975e+00 6.723878084759875049e-11 8.838177949933736985e-09 1.334455084744168638e-06
4.102936565129638780e+00 5.899597704563241439e-11 3.973618336491081461e-09 5.731022433285462399e-07
4.106016847836192696e+00 3.111154341241906563e-11 1.430987284734420058e-09 1.915654662644035362e-07
4.109097130542746612e+00 8.473272863947255414e-12 4.560042212022461792e-10 4.498558346224630675e-08
4.112177413249299640e+00 6.072887709599204696e-13 2.566885426555198714e-10 2.342373280081703213e-08
4.115257695955853556e+00 5.269402112205507699e-12 4.999360357805874414e-10 7.080482182905580147e-08
4.118337978662407473e+00 3.725116317399051410e-11 1.753352476533390933e-09 4.122199007145697817e-07
4.121418261368961389e+00 1.053902009756879117e-10 4.051469139172208271e-09 1.327569517307002926e-06
4.124498544075514417e+00 9.635311309809498948e-11 4.563153665989292291e-09 1.551693891645044891e-06
4.127578826782068333e+00 8.955405215179167816e-11 4.846727120761853056e-09 1.552930471269905868e-06
4.130659109488622249e+00 9.354023078159075783e-11 4.594928127733715080e-09 1.357270287000016318e-06
4.133739392195176166e+00 7.674118876434892858e-11 3.548838445434480670e-09 9.514041507813128541e-07
4.136819674901730082e+00 4.221886769126136644e-11 1.669799123476965788e-09 4.279144189163914034e-07
4.139899957608283110e+00 2.085044028022785328e-11 5.088226529047234310e-10 1.419311631523993436e-07
4.142980240314837914e+00 1.440055295961901935e-11 1.115279943010643202e-10 6.676541702948883651e-08
4.146060523021391830e+00 2.637987369392676085e-11 2.868611079558857068e-10 1.588187760534545509e-07
4.149140805727945747e+00 7.402342388517942664e-11 1.267393875708725763e-09 5.525769090903274872e-07
4.152221088434498775e+00 2.143284830405946976e-10 3.106014127575913821e-09 1.712198994615092929e-06
4.155301371141052691e+00 3.039475133619194303e-09 6.288337350683360998e-08 3.204257470030161210e-05
4.158381653847606607e+00 7.379263875275746869e-09 1.547015793454510975e-07 7.840164591289381930e-05
4.161461936554160523e+00 1.262958908283574642e-09 2.663517786852639187e-08 1.335483769435525426e-05
4.164542219260714440e+00 1.536545916273301848e-10 3.389103047419806071e-09 1.494700439223240471e-06
4.167622501967267468e+00 6.155525860527653503e-11 1.506330114077952839e-09 5.906255347346157813e-07
4.170702784673821384e+00 1.785059851036947621e-11 5.636437447068251302e-10 1.914848410564672953e-07
4.173783067380375300e+00 2.327047269231289974e-12 2.120797704769508055e-10 5.519369279004292169e-08
4.176863350086929216e+00 8.656596507694345694e-12 2.002954689036394920e-10 6.352654412061251263e-08
4.179943632793483133e+00 6.780134000834908204e-11 6.185407048831138514e-10 3.271091586172093358e-07
4.183023915500036161e+00 2.551769932884528792e-10 2.071015188318019655e-09 1.308081343165911942e-06
4.186104198206590965e+00 3.479039780964339736e-10 2.922725923233591620e-09 1.930721102090218426e-06
4.189184480913144881e+00 3.061071795020252681e-10 3.111466607098356915e-09 1.843885686745787308e-06
4.192264763619697909e+00 2.730980818674846677e-10 2.924681625750527416e-09 1.561074165535223770e-06
4.195345046326251826e+00 2.191635596448822471e-10 2.702004816218554109e-09 1.357470440884503196e-06
4.198425329032805742e+00 1.045868754764789191e-10 1.599796679401006975e-09 7.348032488556196032e-07
4.201505611739359658e+00 4.138266533493859761e-11 6.503050146482169644e-10 3.004020464176792258e-07
4.204585894445913574e+00 1.772366130025844383e-11 1.686481668300948426e-10 9.499473366312161561e-08
4.207666177152466602e+00 2.345462211353276174e-11 1.235743646523287239e-10 9.432018251224003684e-08
4.210746459859020518e+00 7.283187144503342824e-11 5.450225848810935962e-10 3.078526343249990440e-07
4.213826742565574435e+00 2.468217550077831417e-10 1.830997464032233594e-09 1.078063754612929471e-06
4.216907025272128351e+00 1.527765516465995207e-09 1.098354794811840890e-08 6.342507145970581835e-06
4.219987307978682267e+00 1.280744631918792351e-08 9.506089672250498233e-08 5.332926823957999309e-05
4.223067590685235295e+00 7.527801005080398470e-09 5.601765853064764826e-08 3.134605956443881124e-05
4.226147873391789211e+00 3.651802944117956873e-10 2.878584318770949416e-09 1.543532516700289280e-06
4.229228156098344016e+00 1.516736938535533122e-10 1.526531161275160641e-09 8.135635772808222784e-07
4.232308438804897932e+00 4.577556651767715887e-11 5.911973559359427553e-10 2.894787438330777768e-07
4.235388721511450960e+00 1.146043042031865100e-11 2.102259774715843315e-10 1.034013774804395279e-07
4.238469004218004876e+00 8.996676422350200767e-12 1.457095233080181973e-10 7.814550082148204275e-08
4.241549286924558793e+00 3.754628106920397942e-11 3.232905532039035673e-10 1.441140590151776838e-07
4.244629569631112709e+00 1.514775085127650863e-10 1.093090862742628268e-09 6.761330894666009522e-07
4.247709852337666625e+00 3.200507676110358686e-10 2.201331188853772944e-09 1.587692409298009856e-06
4.250790135044219653e+00 3.362094027095032349e-10 2.228827036280714407e-09 1.479481075028772272e-06
4.253870417750773569e+00 3.300022995482309213e-10 2.180176932401747432e-09 1.315415413470324195e-06
4.256950700457327486e+00 2.922838796493755754e-10 1.983670701670146160e-09 1.349812399902594664e-06
4.260030983163881402e+00 1.879036949913148482e-10 1.443396713822358830e-09 1.048246770514471099e-06
4.263111265870434430e+00 7.553952156784951890e-11 6.786308242118667759e-10 4.575269906694914350e-07
4.266191548576988346e+00 1.907344872059255041e-11 1.976759495467577418e-10 1.714047003652423429e-07
4.269271831283543150e+00 9.026939546340691151e-12 7.315421950727147030e-11 6.216782479358426967e-08
4.272352113990097067e+00 3.904013386788973861e-11 3.129378879994841265e-10 1.687842321444395843e-07
4.275432396696650095e+00 1.187506581537305690e-10 1.066517625626040295e-09 5.363246740834504157e-07
4.278512679403204011e+00 2.542119817133905649e-10 2.178393323972442935e-09 1.490112036048773607e-06
4.281592962109757927e+00 5.635012757542377180e-09 4.140770817333357532e-08 2.797130143071557986e-05
4.284673244816311843e+00 1.074974461444279514e-08 7.867011748473390377e-08 5.321577911282683045e-05
4.287753527522865760e+00 1.408705472201682722e-09 1.019076662424151892e-08 7.008140894967596421e-06
4.290833810229418788e+00 2.205556861573390742e-10 1.545500226146807500e-09 1.384639986510504049e-06
4.293914092935972704e+00 8.227459280141815503e-11 5.979277648055588855e-10 5.918976607814336152e-07
4.296994375642526620e+00 3.244480736655010474e-11 2.478856415837199749e-10 2.097560251142240609e-07
4.300074658349080536e+00 1.936019581755928810e-11 1.522054576546608690e-10 1.570657126284707852e-07
4.303154941055634453e+00 2.841294310577020967e-11 2.399179805255700698e-10 1.065835479903123501e-07
4.306235223762187481e+00 6.952289206045910754e-11 6.735338565244095565e-10 2.369916848954962557e-07
4.309315506468741397e+00 1.552140208090363996e-10 1.665811529968658800e-09 1.066798937760537919e-06
4.312395789175296201e+00 1.837490531061635407e-10 1.888824720636247922e-09 1.459149635047721081e-06
4.315476071881849229e+00 2.206027534190708162e-10 1.926375144458170543e-09 1.419739997366925218e-06
4.318556354588403146e+00 2.101354114578747691e-10 1.677704521430299070e-09 1.513346479128432345e-06
4.321636637294957062e+00 1.958029519267779817e-10 1.419629935219677052e-09 1.562895545113664766e-06
4.324716920001510978e+00 1.091007736625175068e-10 7.624728907303639872e-10 9.076381959770808375e-07
4.327797202708064894e+00 3.429749049325834491e-11 2.493786728362738397e-10 3.264850222624468079e-07
4.330877485414617922e+00 3.409253438420985038e-12 3.728978448239469137e-11 1.078369568340944137e-07
4.333957768121171839e+00 1.189740454730346711e-11 1.247971067841420641e-10 6.822980997711953094e-08
4.337038050827725755e+00 6.251257903948040815e-11 6.038851263272934600e-10 2.431867588218695453e-07
4.340118333534279671e+00 1.489705793428104082e-10 1.591815962037864268e-09 1.044266753669739522e-06
4.343198616240833587e+00 1.074624349530876404e-09 1.080398745975268488e-08 1.079601639836751154e-05
4.346278898947386615e+00 7.218945151994936175e-09 7.093981589109437285e-08 7.196729465705843426e-05
4.349359181653940531e+00 3.318041847758461330e-09 3.243252492861083313e-08 3.314881841301901074e-05
4.352439464360494448e+00 1.810939561554598599e-10 1.529942855749644210e-09 2.197806903000663756e-06
4.355519747067049252e+00 1.080916080167660424e-10 7.900437595760875061e-10 1.456633321367156401e-06
4.358600029773602280e+00 4.947645010758815683e-11 3.295255557665578359e-10 5.664215889190177799e-07
4.361680312480156196e+00 2.495842590230717754e-11 1.680757978008469816e-10 2.556119794375847672e-07
4.364760595186710113e+00 2.698411467615645150e-11 2.007503766800442992e-10 2.121463487520106118e-07
4.367840877893264029e+00 5.656418096556743689e-11 4.652646682613347746e-10 2.021532894553158770e-07
4.370921160599817945e+00 1.257247637442638951e-10 1.127032828420925009e-09 8.896245117281981423e-07
4.374001443306370973e+00 1.672315066168342219e-10 1.628258120240785887e-09 2.300475889785906318e-06
4.377081726012924889e+00 1.676419978287382307e-10 1.623511619991759927e-09 2.468053532024848693e-06
4.380162008719478806e+00 1.693138440491363416e-10 1.556580175852531082e-09 2.713979430537659567e-06
4.383242291426032722e+00 1.565841538417639137e-10 1.327303015523886411e-09 2.959720062157183423e-06
4.386322574132585750e+00 1.186698106376890398e-10 9.298091912480426925e-10 2.252289443633299798e-06
4.389402856839139666e+00 5.054783805123220195e-11 3.651380703483701936e-10 9.726755783223656505e-07
4.392483139545693582e+00 9.475850981576627915e-12 5.631282769515587964e-11 2.688883101755779441e-07
4.395563422252248387e+00 1.876916034178505302e-12 1.917652783547532484e-11 3.951800599612212318e-08
4.398643704958801415e+00 3.728126596862290038e-11 2.952214595671644891e-10 2.430120266161507654e-07
4.401723987665355331e+00 1.428819762485511839e-10 1.060142618789266604e-09 1.141873025658002413e-06
4.404804270371909247e+00 2.750507735424344366e-10 2.021144653818204647e-09 3.887371555032622293e-06
4.407884553078463163e+00 4.967003694145707230e-09 3.762541388426050558e-08 8.409708279767692254e-05
4.410964835785017080e+00 7.356196907308899791e-09 5.570917325366692397e-08 1.252158908625851982e-04
4.414045118491570108e+00 7.183268026300992916e-10 5.425051477089026492e-09 1.280718621790684389e-05
4.417125401198124024e+00 1.451908056009820618e-10 1.032648964978114442e-09 3.442365073911377488e-06
4.420205683904677940e+00 5.998145970127637381e-11 4.244284894565447115e-10 1.492045654856877886e-06
4.423285966611231856e+00 2.799320077646649626e-11 2.119416098529901844e-10 5.469428045058467590e-07
4.426366249317785773e+00 2.133239861631757289e-11 1.659260578329937869e-10 3.972833211141262525e-07
4.429446532024338801e+00 3.919236549124335089e-11 3.046931835485514848e-10 3.669107000060709426e-07
4.432526814730892717e+00 1.045067289197349574e-10 7.097581791678810121e-10 8.670780426279218264e-07
4.435607097437446633e+00 2.308424315210886199e-10 1.326526839230622101e-09 2.995127859640149672e-06
4.438687380144001438e+00 2.439530179081403447e-10 1.370412338607443825e-09 3.949899801618695409e-06
4.441767662850554466e+00 2.498677870450953871e-10 1.456616798128543873e-09 4.377153027019714863e-06
4.444847945557108382e+00 2.107619093605092099e-10 1.199293462808243653e-09 4.378320242845632402e-06
4.447928228263662298e+00 1.739804240820652758e-10 1.028987858255878884e-09 3.993813611814336757e-06
4.451008510970216214e+00 8.589834550333097882e-11 5.195476273227719612e-10 2.160693446648678650e-06
4.454088793676769242e+00 2.478616865909686953e-11 1.391021752665529925e-10 6.486108270323043722e-07
4.457169076383323159e+00 2.000444908510304256e-12 2.394480114592448857e-12 1.115941622810461327e-07
4.460249359089877075e+00 1.382752722808581562e-11 8.862543603215641101e-11 1.459821783663448205e-07
4.463329641796430991e+00 8.368707996588441398e-11 5.023927244938014467e-10 9.391970559964686738e-07
4.466409924502984907e+00 2.392553416774922786e-10 1.236083833834429268e-09 3.409767078036725397e-06
4.469490207209537935e+00 2.363855591213570060e-09 1.136258453673292591e-08 4.171554868929093181e-05
4.472570489916091852e+00 1.183528971563186678e-08 5.703863003352073987e-08 2.110918525432589729e-04
4.475650772622645768e+00 4.184320125547875965e-09 2.018981554989752298e-08 7.505045445778633906e-05
4.478731055329199684e+00 2.146832287925028275e-10 1.018891615100862518e-09 4.904322584536676232e-06
4.481811338035753600e+00 1.129449417256233987e-10 5.868152524283226725e-10 2.854731321818524327e-06
4.484891620742307516e+00 4.619536420135627770e-11 2.815863579341530481e-10 1.101275838350075927e-06
4.487971903448861433e+00 2.109591879329728416e-11 1.468811704697370041e-10 5.685319870264190941e-07
4.491052186155415349e+00 2.422169414044835678e-11 1.810231152053688164e-10 6.064520654065668222e-07
4.494132468861969265e+00 6.037159929360963855e-11 4.130200513028421922e-10 9.090856396089061570e-07
4.497212751568522293e+00 1.710133377769687524e-10 8.911199068153687370e-10 2.794125675727771689e-06
4.500293034275076209e+00 2.759914154162342252e-10 1.195110485806402881e-09 5.072209716458132590e-06
4.503373316981630126e+00 2.938347119858560267e-10 1.277697348773548845e-09 5.221118168828675753e-06
4.506453599688184042e+00 2.733327277129561257e-10 1.181657472181830863e-09 5.430403579188851171e-06
4.509533882394737958e+00 2.341779645572405596e-10 1.017426184364737630e-09 5.054815873839351795e-06
4.512614165101290986e+00 1.487369448766554369e-10 6.965730728769246900e-10 3.367548517069832436e-06
4.515694447807844902e+00 5.508332398139342342e-11 2.617149622376794165e-10 1.278720687322636870e-06
4.518774730514398819e+00 8.855889698071694540e-12 3.945701297152903121e-11 2.386148197025971023e-07
4.521855013220952735e+00 1.044764490238668840e-12 9.279564926878620177e-12 2.604066498672449279e-08
4.524935295927506651e+00 3.295487134413282981e-11 1.902983904475041097e-10 6.051708242949200208e-07
4.528015578634060567e+00 1.474999544963390965e-10 7.786883089193215604e-10 2.464579214577097806e-06
4.531095861340614483e+00 4.434090208825834639e-10 2.000193540513182385e-09 7.959464052586023370e-06
4.534176144047168400e+00 7.780531716053077540e-09 3.429828350829568503e-08 1.363565647427536943e-04
4.537256426753721428e+00 9.006669661111846979e-09 3.969348334029992877e-08 1.578274797245940116e-04
4.540336709460275344e+00 6.742868134505482651e-10 2.946234672156661678e-09 1.214143932094704195e-05
4.543416992166829260e+00 1.824514672404486613e-10 8.015057172076003966e-10 3.625879684033871873e-06
4.546497274873383176e+00 7.318419249196300939e-11 3.624231784494594295e-10 1.389281998978161593e-06
4.549577557579937093e+00 3.081067926487643388e-11 1.759763560951107383e-10 5.161978838109063305e-07
4.552657840286490121e+00 2.041443944945005988e-11 1.251384691958759121e-10 7.081187358105100854e-07
4.555738122993044037e+00 3.485023591100725202e-11 2.267229875126150884e-10 6.961996583893488890e-07
4.558818405699597953e+00 8.426033408779547738e-11 4.957336215877578823e-10 1.365165202601320389e-06
4.561898688406151869e+00 1.780205057533575834e-10 8.887346925029855611e-10 3.394207891193918006e-06
4.564978971112705786e+00 2.158652819394610586e-10 1.018989868645034992e-09 3.634333700386210960e-06
4.568059253819259702e+00 2.378408444220582823e-10 1.104619649766982135e-09 3.968717015996829245e-06
4.571139536525813618e+00 2.011511076992007765e-10 9.083165821300450725e-10 3.630071317667195371e-06
4.574219819232367534e+00 1.722911752958862986e-10 7.954735497485019787e-10 2.817004123685937140e-06
4.577300101938921451e+00 8.550117664421561108e-11 3.960165213891676382e-10 1.394820994720624607e-06
4.580380384645474479e+00 2.317189982265566972e-11 1.124870251826735187e-10 2.949432985756329155e-07
4.583460667352028395e+00 1.030088330011077668e-12 7.959609045354454831e-12 4.003239551998795534e-08
4.586540950058582311e+00 8.380948676826507073e-12 4.991872143056415478e-11 2.047086738574242567e-07
4.589621232765136227e+00 5.668563996801175318e-11 3.144113704505997682e-10 8.844612322955344961e-07
4.592701515471689255e+00 1.415223594963767822e-10 7.663052946845594743e-10 2.406385261111654353e-06
4.595781798178243172e+00 2.094599597081600156e-09 1.079966840619692871e-08 3.298407884650101193e-05
4.598862080884797088e+00 8.079808365917525377e-09 4.160919074424269322e-08 1.265947997747890398e-04
4.601942363591351004e+00 2.208495771288283294e-09 1.135784420559510243e-08 3.450174081290491724e-05
4.605022646297904920e+00 1.482210443026398095e-10 7.395588022289335015e-10 2.493353550523212234e-06
4.608102929004458836e+00 8.593854098419062084e-11 4.477906897941291015e-10 1.279877264370661748e-06
4.611183211711012753e+00 4.304360595116177828e-11 2.287455798354810071e-10 4.674826370844161883e-07
4.614263494417566669e+00 2.086877055628722299e-11 1.116589404797139233e-10 4.523987513828202165e-07
4.617343777124120585e+00 2.335131666428154913e-11 1.287114442248533014e-10 5.745061710381287723e-07
4.620424059830673613e+00 5.163876513308164436e-11 2.806163843699090074e-10 5.821153640623473873e-07
4.623504342537227529e+00 1.050166238476130450e-10 5.567054014178381474e-10 1.426714315617801245e-06
4.626584625243781446e+00 1.341969162378435222e-10 7.431887893009277253e-10 2.063230737736916977e-06
4.629664907950335362e+00 1.532466221344470310e-10 8.575790958169714986e-10 2.075015991911295773e-06
4.632745190656889278e+00 1.385249307361599774e-10 7.716685805783903952e-10 2.142187720863560606e-06
4.635825473363442306e+00 1.240716647159977885e-10 6.959831392593903915e-10 1.776119424926074224e-06
4.638905756069996222e+00 8.684822607301342272e-11 4.777684697839945047e-10 1.096603359278898536e-06
4.641986038776550139e+00 3.267719675595697621e-11 1.852150360891228546e-10 3.934029535553065753e-07
4.645066321483104055e+00 4.795706359608523011e-12 3.386540643820754310e-11 5.573476115773356458e-08
4.648146604189657971e+00 2.220133972745739389e-12 1.097415589073076129e-11 1.634512172120998875e-08
4.651226886896211887e+00 2.472706600503780224e-11 1.190474027340505492e-10 2.488608013028970896e-07
4.654307169602765804e+00 9.669297768609045486e-11 4.979812017124947970e-10 7.680526815238632853e-07
4.657387452309319720e+00 3.045981698723304405e-10 1.722392608502526740e-09 2.889194871874210357e-06
4.660467735015872748e+00 4.138264171983887547e-09 2.403982385589636820e-08 3.915689656222332986e-05
4.663548017722426664e+00 3.743114587757274601e-09 2.175800233269464566e-08 3.532890165056458610e-05
4.666628300428980580e+00 2.168660784962346911e-10 1.272894251143453581e-09 2.201198888708674754e-06
4.669708583135534496e+00 8.099109674437272042e-11 4.950876792015695988e-10 8.572454927118348246e-07
4.672788865842088413e+00 4.082696547648328012e-11 2.486206211918230611e-10 3.376359304628886338e-07
4.675869148548641441e+00 2.237082242510643647e-11 1.253929047678974978e-10 1.415548279284144505e-07
4.678949431255195357e+00 1.731275591495572990e-11 9.121800951152562517e-11 2.648764582074765276e-07
4.682029713961749273e+00 3.251620211023664718e-11 1.711265065545549307e-10 1.800870135271474978e-07
4.685109996668303189e+00 6.866787234475311749e-11 3.478661136734096835e-10 2.756009059158643336e-07
4.688190279374857106e+00 1.002760409853501894e-10 5.252150851344554133e-10 6.326514440884166219e-07
4.691270562081411022e+00 1.028754667110517354e-10 5.962794134867399802e-10 6.289913273321722477e-07
4.694350844787964938e+00 1.042798169755991075e-10 6.308731629150351727e-10 6.998080055683760288e-07
4.697431127494518854e+00 8.296731152488093475e-11 5.103562594180654839e-10 6.325056075737376508e-07
4.700511410201072771e+00 7.305792486300684659e-11 4.575504893627429491e-10 4.938165980980848320e-07
4.703591692907625799e+00 3.505846065172497653e-11 2.259272539146336103e-10 2.650850809975983940e-07
4.706671975614179715e+00 8.675336839670274198e-12 6.440323385390643417e-11 6.373116538267608496e-08
4.709752258320733631e+00 1.039841015724306527e-12 9.485875302442021021e-12 1.629331178246246987e-08
4.712832541027287547e+00 9.275566724632524967e-12 4.635662892824524314e-11 5.039514117730643320e-08
4.715912823733841464e+00 4.124596145756217534e-11 2.290246514099888177e-10 1.887556309324403984e-07
4.718993106440394492e+00 8.473209852297043801e-11 4.770297635396518611e-10 4.022662768078483087e-07
4.722073389146948408e+00 1.220038176907856198e-09 7.763623909773756138e-09 6.591855967660097416e-06
4.725153671853502324e+00 3.598840002166082400e-09 2.294999978178086424e-08 1.946640088615418087e-05
4.728233954560056240e+00 7.483300437062270012e-10 4.784047822692353827e-09 4.081806981889666075e-06
4.731314237266609268e+00 5.980083330826530747e-11 3.940680276962551834e-10 4.448194979337457322e-07
4.734394519973164073e+00 3.608296132972576919e-11 2.432813786062830312e-10 2.407692520909954172e-07
4.737474802679717989e+00 2.158233918964069803e-11 1.404617474291539220e-10 1.064222887578328977e-07
4.740555085386271905e+00 1.329062509491566720e-11 7.689587742691479531e-11 7.997583544100972689e-08
4.743635368092824933e+00 1.711746293647402233e-11 1.025687760582148830e-10 8.434720566176943450e-08
4.746715650799378849e+00 3.402743653308195229e-11 2.208399997772874718e-10 1.163079360616959123e-07
4.749795933505932766e+00 5.718883705098924744e-11 3.746077399662722018e-10 3.002611395305677458e-07
4.752876216212486682e+00 6.248268896740211264e-11 4.242605098654613360e-10 4.517127434349279766e-07
4.755956498919040598e+00 6.520089123956156954e-11 4.735445161622973823e-10 4.617768805045456119e-07
4.759036781625593626e+00 5.591727402067562092e-11 3.972791393818296186e-10 4.436583643493841351e-07
4.762117064332147542e+00 5.117434343506370409e-11 3.608178386258296586e-10 4.372550462564163697e-07
4.765197347038701459e+00 3.383609616837033056e-11 2.366041972428570243e-10 3.076162024411768307e-07
4.768277629745255375e+00 1.197107961878996953e-11 8.707160737590729849e-11 1.345430671566824810e-07
4.771357912451809291e+00 2.028679877650443519e-12 1.780684742930692541e-11 2.806522360457186892e-08
4.774438195158363207e+00 2.348281294434142895e-12 1.909817359970819553e-11 1.443173248568433972e-09
4.777518477864917124e+00 1.295924489210624452e-11 1.003788429755624006e-10 7.239765073474462016e-08
4.780598760571471040e+00 4.139925421003843422e-11 3.340778804978503508e-10 2.746963611688358740e-07
4.783679043278024956e+00 1.606638675925979104e-10 1.366947732230674853e-09 1.339860547516026667e-06
4.786759325984577984e+00 1.683116493518637886e-09 1.437439398115677773e-08 1.442386352329493857e-05
4.789839608691131900e+00 1.187926939084754708e-09 1.014631974728119680e-08 1.020233382572643231e-05
4.792919891397685817e+00 5.734937982416034790e-11 4.760481613465346433e-10 5.870670053826304217e-07
4.796000174104239733e+00 3.017522891808770140e-11 2.377439774225981606e-10 3.361602176837266959e-07
4.799080456810792761e+00 1.775567132398057418e-11 1.340317514126261603e-10 1.839790207758962904e-07
4.802160739517346677e+00 1.022732756978836068e-11 7.264365824911014518e-11 8.890572195353545137e-08
4.805241022223900593e+00 9.745900638809859349e-12 6.523379059006123229e-11 7.713453916930329523e-08
4.808321304930454509e+00 1.640394819043451325e-11 1.343214801356518909e-10 9.035021928781139158e-08
4.811401587637008426e+00 2.522031142649080808e-11 2.441699320578872186e-10 1.553313760898690216e-07
4.814481870343561454e+00 3.107802733110127963e-11 3.059568899867617471e-10 3.085753150093804927e-07
4.817562153050116258e+00 3.365962464802866520e-11 3.300545474797201729e-10 3.550914181033529955e-07
4.820642435756670174e+00 3.467543471324197384e-11 3.299789455378945489e-10 3.627515906702980269e-07
4.823722718463224091e+00 2.859621650352563794e-11 2.582933685050662712e-10 3.229855860813242535e-07
4.826803001169777119e+00 2.488013269285955852e-11 2.219614254919935515e-10 2.998304350357703024e-07
4.829883283876331035e+00 1.149351732802192762e-11 9.864032185372222041e-11 1.822814113771165363e-07
4.832963566582884951e+00 3.302936559714050946e-12 2.911497431090215237e-11 5.585483003681684783e-08
4.836043849289438867e+00 1.290177550199401884e-12 1.263035230087428054e-11 4.301681440524337157e-09
4.839124131995992784e+00 4.638096073852380557e-12 4.583479233633328372e-11 3.855269013582548681e-08
4.842204414702545812e+00 1.603504249777134413e-11 1.619507873716742365e-10 2.332453603415536257e-07
4.845284697409099728e+00 2.721725145207949551e-11 2.852113563838907199e-10 4.548991421486948222e-07
4.848364980115653644e+00 5.316207306453969357e-10 5.167936641006384501e-09 8.613875340879823003e-06
4.851445262822207560e+00 1.214335937910942412e-09 1.179270863209809834e-08 1.967997931678527109e-05
4.854525545528761477e+00 1.920107915948129274e-10 1.859297125823628383e-09 3.148884447670335576e-06
4.857605828235315393e+00 2.127993037829324754e-11 1.939644246680847675e-10 3.952808992968043237e-07
4.860686110941869309e+00 1.345755688689182846e-11 1.218085359804390126e-10 2.356411891010375935e-07
4.863766393648423225e+00 7.551879830084694803e-12 7.177585102732317062e-11 1.682894505085645341e-07
4.866846676354976253e+00 4.947358728586963012e-12 4.291844452462390911e-11 1.766533433583190114e-07
4.869926959061530169e+00 8.450296968843734061e-12 7.374578916801513875e-11 2.095807525342090978e-07
4.873007241768084086e+00 1.477730201505185300e-11 1.504840993330672475e-10 3.299628068118313555e-07
4.876087524474638002e+00 1.915520588340484727e-11 2.117103012128460028e-10 5.897299428467519726e-07
4.879167807181191918e+00 2.170080112668915736e-11 2.236780610930804714e-10 7.630079420775714364e-07
4.882248089887744946e+00 2.529975673995530931e-11 2.521032785556643467e-10 8.786162777294815128e-07
4.885328372594298862e+00 1.999153586913891715e-11 1.962019042966805718e-10 6.832422755242638590e-07
4.888408655300852779e+00 1.784196140718323769e-11 1.807179830422348625e-10 6.595694478012941492e-07
4.891488938007406695e+00 9.789802795170042470e-12 1.022100486151624249e-10 4.195421549506059541e-07
4.894569220713960611e+00 3.716762223988475725e-12 3.806590674834668714e-11 2.078627242687067678e-07
4.897649503420513639e+00 1.552280749338895842e-12 1.605841848264681269e-11 3.402937860341458644e-08
4.900729786127068444e+00 2.589676630871174505e-12 2.566918622868178883e-11 1.810987379210827097e-08
4.903810068833622360e+00 7.023157899173663667e-12 7.435637210122586728e-11 2.331696541993002135e-07
4.906890351540176276e+00 1.640666367974128173e-11 1.861639622905057595e-10 7.969993854972731867e-07
4.909970634246729304e+00 9.279891659381692207e-11 1.017366489252026327e-09 4.781284113932776121e-06
4.913050916953283220e+00 7.497099573587636212e-10 8.174007313359327493e-09 3.834389089509428438e-05
4.916131199659837137e+00 4.120196684357807493e-10 4.494670372173627519e-09 2.112731642010676680e-05
4.919211482366391053e+00 1.591670925858242892e-11 1.796456329797502574e-10 9.513917341445473253e-07
4.922291765072944969e+00 9.603789158426115023e-12 1.155874086966857120e-10 5.620337303922215066e-07
4.925372047779497997e+00 4.908134709042803783e-12 6.473917459203314819e-11 3.638320558853789620e-07
4.928452330486051913e+00 1.926278778621919210e-12 2.958231895590379373e-11 2.773037859960383714e-07
4.931532613192605830e+00 2.824452785651274494e-12 3.474204740377955007e-11 3.490442293594756961e-07
4.934612895899159746e+00 7.716848740189634972e-12 8.862079185640746051e-11 4.024353420961714722e-07
4.937693178605712774e+00 1.253168401442916620e-11 1.476284821136237530e-10 6.805692207323410218e-07
4.940773461312266690e+00 1.265141936557217895e-11 1.566109478784157143e-10 9.387194452783971008e-07
4.943853744018821494e+00 1.454981939073861924e-11 1.776183236592036991e-10 1.121518816378954752e-06
4.946934026725375411e+00 1.377995264701480047e-11 1.691739436590336420e-10 9.965735632508742617e-07
4.950014309431928439e+00 9.909422268347549868e-12 1.311583408244084338e-10 8.136962447492478317e-07
4.953094592138482355e+00 7.276178875725997963e-12 1.008147600338716567e-10 6.563162505623243609e-07
4.956174874845036271e+00 2.916359166788827499e-12 4.211470149001253760e-11 3.094832901100523562e-07
4.959255157551590187e+00 1.620465406398555695e-12 2.044229574675130450e-11 1.073758112120515856e-07
4.962335440258144104e+00 1.775256568509647778e-12 1.961354892148538062e-11 1.832606976819908159e-08
4.965415722964697132e+00 3.793405365378766890e-12 4.192409441002359438e-11 1.470609519209162465e-07
4.968496005671251048e+00 8.546029198114174444e-12 1.053229109718762451e-10 7.505231948743005448e-07
4.971576288377804964e+00 1.279485981366945139e-11 1.726939475920944453e-10 1.488480211168071159e-06
4.974656571084358880e+00 2.535446065900531281e-10 3.452620159731286143e-09 2.797799750716213651e-05
4.977736853790912797e+00 4.482999517247893753e-10 6.115732301259431124e-09 4.963051076193316583e-05
4.980817136497465825e+00 5.262372053934878842e-11 7.214315815900957711e-10 5.901046605555690344e-06
4.983897419204020629e+00 6.637516436653221243e-12 9.892291455000489523e-11 8.714279049433798038e-07
4.986977701910574545e+00 4.054138377387763670e-12 5.884285983198354931e-11 4.693396343155387137e-07
4.990057984617128461e+00 1.639651172538628018e-12 2.712467321584697957e-11 3.122255394551829605e-07
4.993138267323681490e+00 6.154666260226374462e-13 1.424932325258407141e-11 2.671361633871983475e-07
4.996218550030235406e+00 2.599893802859235327e-12 4.165280529498781562e-11 3.983661311902571861e-07
4.999298832736789322e+00 7.096136514076391071e-12 9.710454191265032598e-11 8.457008254105838000e-07
5.002379115443343238e+00 9.324798925200722359e-12 1.238665653178843548e-10 1.367293286433731286e-06
5.005459398149896266e+00 8.900224393744658190e-12 1.234371260369167323e-10 1.599172915444708581e-06
5.008539680856450182e+00 1.078202829348868633e-11 1.442282957027760674e-10 1.719249817344685623e-06
5.011619963563004099e+00 7.581059501898861481e-12 1.024041184937437867e-10 1.330605316998015965e-06
5.014700246269558015e+00 7.073805389036171625e-12 9.104296533926261151e-11 1.243906085953148823e-06
5.017780528976111931e+00 3.937440458440024783e-12 4.590820380872649372e-11 6.733271662449943784e-07
5.020860811682664959e+00 2.262078387815691248e-12 2.206970840861307383e-11 2.671695360111322766e-07
5.023941094389218875e+00 1.823366980168638467e-12 1.696513786108950330e-11 7.852600408320825425e-08
5.027021377095773680e+00 2.581178115123875705e-12 2.719585654360798244e-11 1.023103513999662416e-07
5.030101659802327596e+00 4.716962309763116079e-12 5.597892825695624347e-11 4.782262906758420863e-07
5.033181942508880624e+00 8.917123351102526935e-12 1.071705623331210176e-10 1.450645257547295605e-06
5.036262225215434540e+00 7.814565323886311104e-11 8.283198666504858922e-10 1.173860076679056313e-05
5.039342507921988457e+00 4.798553531212575793e-10 5.045195325262941349e-09 7.174334024892333622e-05
5.042422790628542373e+00 2.057746440751804002e-10 2.153939727063914914e-09 3.066949099662192799e-05
5.045503073335096289e+00 8.384229362564703604e-12 7.915275485429809340e-11 1.397956942677707544e-06
5.048583356041649317e+00 7.295335490769874963e-12 5.946482334045802066e-11 9.462560969669084684e-07
5.051663638748203233e+00 3.815862765516523563e-12 2.868271003342173047e-11 5.277687715200176228e-07
5.054743921454757150e+00 1.028857731609382939e-12 8.147018834558565825e-12 2.532968414611415718e-07
5.057824204161311066e+00 1.020857277606098957e-12 1.349911468794643853e-11 2.450122312345260471e-07
5.060904486867864982e+00 4.608552182690301619e-12 5.033090404001529574e-11 5.584491961037327068e-07
5.063984769574418010e+00 9.729110773061769992e-12 9.254095783228439549e-11 1.050817417500873805e-06
5.067065052280971926e+00 1.020273595033839148e-11 9.075096686082293856e-11 1.353040661557110100e-06
5.070145334987526731e+00 1.289840242950451849e-11 1.077981959400908861e-10 1.558816017348472090e-06
5.073225617694079759e+00 1.214013886707522498e-11 9.513532700857733726e-11 1.405381640095647618e-06
5.076305900400633675e+00 1.025996789063564939e-11 7.256459467490076716e-11 1.241610573378686434e-06
5.079386183107187591e+00 7.884462096665326486e-12 5.085685517147279594e-11 9.285389441378601271e-07
5.082466465813741507e+00 4.152337939966016930e-12 2.335909306799119662e-11 4.199341898951284615e-07
5.085546748520295424e+00 2.623559198050523233e-12 1.577972679265066507e-11 1.320332571423672143e-07
5.088627031226848452e+00 2.319043798949647789e-12 1.690505655255599202e-11 4.362383300337688588e-08
5.091707313933402368e+00 3.242024612228724937e-12 3.026676271739705394e-11 1.789125583253549571e-07
5.094787596639956284e+00 7.123869960788254327e-12 6.280195143595732251e-11 7.753920494628174043e-07
5.097867879346510200e+00 1.655049943116299668e-11 1.226131806658585285e-10 1.838776927221551342e-06
5.100948162053064117e+00 3.379149762260598303e-10 2.374665271127254702e-09 3.345483429121975618e-05
5.104028444759617145e+00 4.683199583092734539e-10 3.280304077315784346e-09 4.630650906148908882e-05
5.107108727466171061e+00 4.174268437425135520e-11 2.876695130466289695e-10 4.153760870415895380e-06
5.110189010172725865e+00 9.363244096159220217e-12 5.508988795231971379e-11 8.968719662522182427e-07
5.113269292879279782e+00 5.618044595231298508e-12 3.084247626980698186e-11 4.863556714925892992e-07
5.116349575585832810e+00 2.228026648815959852e-12 1.143645976538547354e-11 2.791276758250637932e-07
5.119429858292386726e+00 7.139433373102141453e-13 3.950476278784631825e-12 1.962122197341026342e-07
5.122510140998940642e+00 2.340977354814681973e-12 1.771998839729521410e-11 3.390289331373079382e-07
5.125590423705494558e+00 6.385066112456139790e-12 4.875807731631750097e-11 7.442887738315757066e-07
5.128670706412048474e+00 8.763683639574403938e-12 6.382622042415453021e-11 1.121947969478501037e-06
5.131750989118601503e+00 9.437227173291091456e-12 6.556148605670892683e-11 1.283804953223951662e-06
5.134831271825155419e+00 1.149786188240241660e-11 7.817839220508429564e-11 1.322314648037923795e-06
5.137911554531709335e+00 8.434912002564664195e-12 5.322434636586806560e-11 1.027076680277260337e-06
5.140991837238263251e+00 7.599914933419424030e-12 4.739635111194975760e-11 9.282517245777842260e-07
5.144072119944816279e+00 4.203630789030214645e-12 2.448733326004162476e-11 4.615831662306583788e-07
5.147152402651370195e+00 2.557185370504612329e-12 1.484867991683827882e-11 1.991917441048731334e-07
5.150232685357924112e+00 1.885798130608417062e-12 1.175635647044544599e-11 8.156855385155155088e-08
5.153312968064478916e+00 2.216050641914856798e-12 1.613841774265920315e-11 1.127664068742059321e-07
5.156393250771031944e+00 3.040345005511008039e-12 2.637311399036519690e-11 4.456710116831671257e-07
5.159473533477585860e+00 5.313537797524015719e-12 4.265455949318961650e-11 1.179285057320705927e-06
5.162553816184139777e+00 7.024865588967281094e-11 5.331859436997877026e-10 1.231548274086395724e-05
5.165634098890693693e+00 3.275734662599295232e-10 2.480898583423759561e-09 5.714475999239200364e-05
5.168714381597247609e+00 1.082859977831176363e-10 8.205712006751290586e-10 1.885250560925282138e-05
5.171794664303800637e+00 4.784267067933936943e-12 3.497637120402648643e-11 9.071319017164546238e-07
5.174874947010354553e+00 4.042296660953095861e-12 2.965441645300082138e-11 6.470720226447694858e-07
5.177955229716908470e+00 1.849381888737146168e-12 1.432178707261439701e-11 3.753608872738430873e-07
5.181035512423462386e+00 3.885199687414556409e-13 3.319791877132761017e-12 2.567092179065195871e-07
5.184115795130016302e+00 5.083898384328789112e-13 4.324091508983414161e-12 2.885086824892613354e-07
5.187196077836569330e+00 1.857692787014297485e-12 1.804270131116428729e-11 5.182803638920669356e-07
5.190276360543123246e+00 3.236299002148594049e-12 3.395450380067996037e-11 9.516222761260609935e-07
5.193356643249677163e+00 3.035301599756650891e-12 3.281114855935990403e-11 1.098532325114404711e-06
5.196436925956231967e+00 4.441951868283175026e-12 4.434002054095132208e-11 1.314330768942565000e-06
5.199517208662784995e+00 3.648532610191063350e-12 3.675388808249318230e-11 1.032083273978504136e-06
5.202597491369338911e+00 2.962653901288563553e-12 3.074348466201262265e-11 9.408552334219096402e-07
5.205677774075892827e+00 2.148346542366050149e-12 2.142594264629390390e-11 6.187238819407892446e-07
5.208758056782446744e+00 1.559447964290749111e-12 1.217593019562246318e-11 2.786333842927764032e-07
5.211838339488999772e+00 1.250421986434978681e-12 9.644321953047322634e-12 1.576289674789530075e-07
5.214918622195553688e+00 1.076042751921297114e-12 9.084861539966382585e-12 7.877484838058956532e-08
5.217998904902107604e+00 1.030599755553088754e-12 1.212265049622038170e-11 1.831898189293544543e-07
5.221079187608661520e+00 1.184309413530343010e-12 1.852994918977136178e-11 6.430048896600730564e-07
5.224159470315215437e+00 5.026758979577057803e-12 5.330821572232375848e-11 1.843155271663213503e-06
5.227239753021768465e+00 9.152030662545383407e-11 9.065557811597203909e-10 2.774401551226215012e-05
5.230320035728322381e+00 9.946587309774622274e-11 9.813029682722913344e-10 2.998860979825867336e-05
5.233400318434876297e+00 6.836473564412985510e-12 6.508996100311151907e-11 1.969633303834399404e-06
5.236480601141431102e+00 2.738287244414207717e-12 2.062457293021950775e-11 5.567284719339222705e-07
5.239560883847984130e+00 1.720435904527953699e-12 1.236396481895856211e-11 2.990868112150112000e-07
5.242641166554538046e+00 7.657727866131604712e-13 4.529805973995025397e-12 2.333404763658276832e-07
5.245721449261091962e+00 2.216704461931218198e-13 1.703104657016417113e-12 3.250917631204621645e-07
5.248801731967645878e+00 4.294921399138487798e-13 5.744905779741784577e-12 3.072772282670078525e-07
5.251882014674199795e+00 1.633591869485191886e-12 1.460751422923572761e-11 5.367368729826820009e-07
5.254962297380752823e+00 2.223069591891393933e-12 1.641231234745987062e-11 6.580394963118271390e-07
5.258042580087306739e+00 3.448029126933829224e-12 1.814926439197206218e-11 7.394670854384948789e-07
5.261122862793860655e+00 4.271526184033775067e-12 2.157277390508433814e-11 6.960817485398021972e-07
5.264203145500414571e+00 3.636499637556120142e-12 1.499144536458824820e-11 4.976022051863941135e-07
5.267283428206968487e+00 3.825838727853741462e-12 1.393389157136760821e-11 4.139222547775330077e-07
5.270363710913521516e+00 2.839573276182551680e-12 7.946666269456986354e-12 1.654766080392268907e-07
5.273443993620075432e+00 2.090416739415830298e-12 6.867045994623962984e-12 9.668873962789343302e-08
5.276524276326629348e+00 1.390303224841344180e-12 6.019841986798971965e-12 6.716697681239898846e-08
5.279604559033183264e+00 1.188455660728845242e-12 7.229326592182469825e-12 1.022398550648393376e-07
5.282684841739737180e+00 1.538332378052397159e-12 8.493328980570233774e-12 3.175181973359061863e-07
5.285765124446291097e+00 3.469641211189671633e-12 1.024386332224539792e-11 5.994654450147724145e-07
5.288845407152845013e+00 7.627681453448456537e-11 1.765559598966972419e-10 7.221488317467709667e-06
5.291925689859398929e+00 2.744018844158059410e-10 6.283145455419680713e-10 2.550883888496166240e-05
5.295005972565951957e+00 7.039380606646855234e-11 1.598439309231255449e-10 6.428392396711082560e-06
5.298086255272505873e+00 5.428226009147119418e-12 8.960399895272117145e-12 3.191656486640797145e-07
5.301166537979059790e+00 4.766509103560367451e-12 8.351031446638900053e-12 2.145905305335883602e-07
5.304246820685613706e+00 2.517996499961236383e-12 4.017614548132515048e-12 1.336729545427074300e-07
5.307327103392167622e+00 6.824368309695509934e-13 1.217699554572381891e-12 1.640915806144215233e-07
5.310407386098720650e+00 6.154855768936773454e-13 2.399324969237225698e-12 2.161450655547818098e-07
5.313487668805274566e+00 3.235150359633712357e-12 7.114617208980085816e-12 3.040452621230195626e-07
5.316567951511828483e+00 6.550242517562859108e-12 1.085736917020567989e-11 4.819660671353803702e-07
5.319648234218382399e+00 6.656410044782558222e-12 8.782347367532617058e-12 4.866913286608684716e-07
5.322728516924936315e+00 9.461126653760968688e-12 1.207604305668301558e-11 5.478527281263255623e-07
5.325808799631490231e+00 8.110933837123306319e-12 8.759402814126396648e-12 4.102483158724968618e-07
5.328889082338044147e+00 7.604877566846248479e-12 7.875584894261723946e-12 3.527031476217433151e-07
5.331969365044598064e+00 5.738913409431567237e-12 4.894093732961929172e-12 1.889881479171007321e-07
5.335049647751151092e+00 3.699751666579092570e-12 3.840938058644956746e-12 9.531375276810468616e-08
5.338129930457705008e+00 2.786040068144390247e-12 4.312652602328316820e-12 7.820971983956908810e-08
5.341210213164258924e+00 2.753505253454724404e-12 4.711430225887781264e-12 6.065169393371877966e-08
5.344290495870812840e+00 3.565746244702544399e-12 6.230839516898062222e-12 1.409136082407700098e-07
5.347370778577366757e+00 7.064974749601283042e-12 7.692369660140511403e-12 2.915828608487357146e-07
5.350451061283919785e+00 2.941748733749721571e-11 2.541727016944980196e-11 1.003702244252359605e-06
5.353531343990473701e+00 3.852418182600905115e-10 3.197264911053894930e-10 1.233762196437949013e-05
5.356611626697027617e+00 3.263237407311880904e-10 2.697506851830920603e-10 1.042812673550469552e-05
5.359691909403581533e+00 1.718999248518650039e-11 1.298487294596522166e-11 5.303116737453676284e-07
5.362772192110135450e+00 8.349043687758849213e-12 5.812058455187721867e-12 2.156611005674572360e-07
5.365852474816689366e+00 4.580765642363923768e-12 2.934384818568527982e-12 1.393602817979279711e-07
5.368932757523243282e+00 1.421664205065781121e-12 9.274006557155335259e-13 1.237534710759451835e-07
5.372013040229797198e+00 4.683244133642159184e-13 1.439853881369119247e-12 2.107487509112133713e-07
5.375093322936351115e+00 3.129049514396366486e-12 4.108464505435020726e-12 1.419184549446284207e-07
5.378173605642904143e+00 8.731562836663921973e-12 8.735859447397904245e-12 2.062536593657420196e-07
5.381253888349458059e+00 9.849866362739990858e-12 8.404084257411010296e-12 2.287106379196690358e-07
5.384334171056011975e+00 1.067153852180210758e-11 8.595923992747295613e-12 2.463067312245863260e-07
5.387414453762565891e+00 1.168825219272513842e-11 8.734644887061261487e-12 2.460884996635314748e-07
5.390494736469119808e+00 8.545270688280638366e-12 5.892163073732111416e-12 2.062661031744202621e-07
5.393575019175672836e+00 7.282200735540275673e-12 4.326460369168223139e-12 1.644831406165284249e-07
5.396655301882226752e+00 4.286179453983126180e-12 2.562132602040273288e-12 9.077597511876732722e-08
5.399735584588780668e+00 3.169928839461923516e-12 3.005430145932092288e-12 7.804742268335760063e-08
5.402815867295334584e+00 2.979841599763881201e-12 3.241221797207441509e-12 3.200860373960293944e-08
5.405896150001888500e+00 4.095037466973354823e-12 4.883889404690944243e-12 4.369942619728621888e-08
5.408976432708442417e+00 5.950316671679653939e-12 6.639820841877519322e-12 9.872194857755779159e-08
5.412056715414996333e+00 8.283264985819964711e-12 7.755035899747916404e-12 1.776211252560916795e-07
5.415136998121550249e+00 1.574154231771995471e-10 1.374625061562540770e-10 2.859591728177003807e-06
5.418217280828103277e+00 4.313378027888543278e-10 3.744091716372396997e-10 7.817307411365473948e-06
5.421297563534657193e+00 8.323024123830726738e-11 7.171928381889459435e-11 1.523591063943803700e-06
5.424377846241211110e+00 6.207931928206110538e-12 4.633532235229320583e-12 1.152096041081586331e-07
5.427458128947765026e+00 4.581148160835136926e-12 3.095080969458170132e-12 1.006880946464544914e-07
5.430538411654318942e+00 1.778352725974541292e-12 9.616648455548048333e-13 1.299509823418825725e-07
5.433618694360871970e+00 4.237578694919619105e-13 7.218872212347840955e-13 3.907767319945658202e-07
5.436698977067425886e+00 1.539022190389596829e-12 2.146145796552825466e-12 3.515345106918990484e-07
5.439779259773979803e+00 4.937743966835669388e-12 5.731724191850523040e-12 1.654608157453850420e-07
5.442859542480533719e+00 7.815810424339363235e-12 8.764414468226769253e-12 2.037232469535370928e-07
5.445939825187087635e+00 6.485798725186764055e-12 7.294605036568267592e-12 1.968264892681787495e-07
5.449020107893641551e+00 8.536784153767536548e-12 9.685070211913205596e-12 2.107661357323557865e-07
5.452100390600195468e+00 6.095400204406529430e-12 6.447915699143353296e-12 1.677436621885702479e-07
5.455180673306749384e+00 4.944470745960185055e-12 5.025223010536896833e-12 1.376724772461286898e-07
5.458260956013303300e+00 2.898397710208271214e-12 2.913351400226314981e-12 6.445106528095743725e-08
5.461341238719856328e+00 2.268117295759956483e-12 2.430099942719424725e-12 6.585600480949945376e-08
5.464421521426410244e+00 2.031520620436712514e-12 2.640660585604250382e-12 8.641811780137256509e-08
5.467501804132964160e+00 2.756627760197840093e-12 3.235670504260257198e-12 4.865933927119375590e-08
5.470582086839518077e+00 3.625476571720326270e-12 5.073920997422258051e-12 1.317857458393324792e-07
5.473662369546071105e+00 4.498447851125718954e-12 6.477975307252140365e-12 2.317755129873015507e-07
5.476742652252625021e+00 2.113031173920363184e-11 3.193167677307095268e-11 1.063340821694750404e-06
5.479822934959178937e+00 2.065613099286957150e-10 3.118846887884161163e-10 9.789823519608387487e-06
5.482903217665732853e+00 1.360207250840512285e-10 2.055250073517655154e-10 6.478854718098054425e-06
5.485983500372286770e+00 5.043184447383321638e-12 7.534298764082530614e-12 2.228564428518098251e-07
5.489063783078840686e+00 2.780450080121090899e-12 4.267997805464804595e-12 1.379384695704806419e-07
5.492144065785394602e+00 1.203035802061822489e-12 1.453936121330675217e-12 9.188986252898315313e-08
5.495224348491948518e+00 3.127796277642226752e-13 5.125116737012829809e-13 3.678583153138451775e-07
5.498304631198502435e+00 7.300234963543509468e-13 1.166322753853780144e-12 8.991362859818539243e-07
5.501384913905055463e+00 1.798052989131713627e-12 2.562388290831102544e-12 2.905808225525677824e-07
5.504465196611609379e+00 3.566569932886298132e-12 5.962613717981067464e-12 3.341596576695146895e-07
5.507545479318163295e+00 3.205788146930330684e-12 6.032425553652471158e-12 3.378903893406764910e-07
5.510625762024717211e+00 3.628707224998824870e-12 7.390607056876882004e-12 3.357693566661520143e-07
5.513706044731271128e+00 3.554234756973394095e-12 7.176170969588248657e-12 3.102184847638558878e-07
5.516786327437824156e+00 2.272224472648104530e-12 4.827051529681351317e-12 2.337118462664459851e-07
5.519866610144378072e+00 1.499065001893564990e-12 3.493085091514845911e-12 1.493445652005422519e-07
5.522946892850931988e+00 1.066462209307604212e-12 2.393978351915304114e-12 7.614568900032091548e-08
5.526027175557485904e+00 1.219634109219780218e-12 2.311763025850750379e-12 1.510945578766177419e-07
5.529107458264039821e+00 1.186480374451451040e-12 2.068926644922944564e-12 1.086822442735017821e-07
5.532187740970593737e+00 1.886703585306786827e-12 3.318346210035767287e-12 1.435416623066375411e-07
5.535268023677147653e+00 2.290996101937249323e-12 4.366286689528896403e-12 2.441573827055748616e-07
5.538348306383701569e+00 2.457126463295428297e-12 5.012395967098459816e-12 3.475279265307378048e-07
5.541428589090254597e+00 5.717107750064185959e-11 1.251587023313392379e-10 5.925450304910760737e-06
5.544508871796808513e+00 1.210469966526490794e-10 2.654041803490838073e-10 1.251136747518411451e-05
5.547589154503362430e+00 1.746304000670592806e-11 3.838266319100598137e-11 1.784521334982757817e-06
5.550669437209916346e+00 1.809587962870266926e-12 3.812172095432284729e-12 1.780340341327794378e-07
5.553749719916470262e+00 9.882116893258203085e-13 2.184207662826891341e-12 1.085731620566138236e-07
5.556830002623023290e+00 2.508991121415419216e-13 7.268403453331180303e-13 1.539184619687485314e-07
5.559910285329577206e+00 2.515022693552684972e-13 9.548520127839677783e-13 8.064336380162786668e-07
5.562990568036131123e+00 5.816404573904634499e-13 1.299957972915317942e-12 5.662821151884206874e-07
5.566070850742685039e+00 1.589774330712483736e-12 2.775572274828656642e-12 2.259718860465636148e-07
5.569151133449238955e+00 2.499072919969643524e-12 4.510741319829611232e-12 3.162652742762977217e-07
5.572231416155791983e+00 2.186457311779056377e-12 4.181281951138709883e-12 2.285027321027404894e-07
5.575311698862346788e+00 3.265496991578729906e-12 6.090275415833714324e-12 2.213187273662051263e-07
5.578391981568900704e+00 2.226147197140673064e-12 3.908551222626747577e-12 1.724075505684270025e-07
5.581472264275454620e+00 1.830650066097288239e-12 3.198177592314761700e-12 1.131497030576829027e-07
5.584552546982007648e+00 1.549490148274003015e-12 2.221212945119878007e-12 5.911242188480080838e-08
5.587632829688561564e+00 1.186921388533693996e-12 1.909721502262953830e-12 4.786220002571183691e-08
5.590713112395115481e+00 9.629376734870167908e-13 1.758332317377782253e-12 1.259390551884541250e-07
5.593793395101669397e+00 1.163483533067661971e-12 1.889206355493345725e-12 6.050543025185830806e-08
5.596873677808223313e+00 1.757307611665964195e-12 3.052151579359959730e-12 1.500849072819979050e-07
5.599953960514776341e+00 2.031456413027881240e-12 3.025576163424928001e-12 2.165018891784274206e-07
5.603034243221330257e+00 1.618732612507245387e-11 2.437729759392378786e-11 8.910625140592091915e-07
5.606114525927884173e+00 1.225727250159543875e-10 1.822757360819218582e-10 6.065738966418342273e-06
5.609194808634438090e+00 6.323942623139688526e-11 9.391870902885750915e-11 3.094452310339796783e-06
5.612275091340991118e+00 2.508804693912476828e-12 3.042658025220927858e-12 9.478640519901904585e-08
5.615355374047545922e+00 2.001786558668371095e-12 2.516623667318920320e-12 8.748717688815912093e-08
5.618435656754099838e+00 7.583767275260361912e-13 8.726751115213258619e-13 1.706084654645407815e-08
5.621515939460653755e+00 3.106247175548342695e-13 7.722312528359964515e-13 4.709898572028587478e-07
5.624596222167206783e+00 3.987827965147329974e-13 1.422874060642605009e-12 1.024672972934207154e-06
5.627676504873760699e+00 6.968736936643547473e-13 1.333967091269790980e-12 2.111666755073572107e-07
5.630756787580314615e+00 1.954661046115718447e-12 2.975396277929398237e-12 2.400527322492455257e-07
5.633837070286868531e+00 2.113022255646574275e-12 3.051066398653979825e-12 1.779738771755745575e-07
5.636917352993422448e+00 3.020500151179782494e-12 3.987386665324731045e-12 1.140562836335122796e-07
5.639997635699975476e+00 2.955337034796738733e-12 3.482860408089879496e-12 1.310959513409936591e-07
5.643077918406529392e+00 2.160913885595163548e-12 2.515992165034743629e-12 7.096983802048375892e-08
5.646158201113083308e+00 1.976692900529846128e-12 1.824187545971943764e-12 9.627527151583880046e-08
5.649238483819637224e+00 1.709614126834462820e-12 1.441462538064241837e-12 5.698838983040199342e-08
5.652318766526191141e+00 1.101724162519959624e-12 1.569627405197131321e-12 5.041976767455271282e-08
5.655399049232744169e+00 1.026693814225122447e-12 1.261618588108229401e-12 1.228243252505278641e-07
5.658479331939298973e+00 1.462734073879532059e-12 2.067248180109527216e-12 5.744393056953936755e-08
5.661559614645852889e+00 1.969772323795530643e-12 2.607029456242461205e-12 1.758600944156425195e-07
5.664639897352406805e+00 2.625928715745591731e-12 3.361524733086273210e-12 2.205202928412616543e-07
5.667720180058959834e+00 7.396776480880628738e-11 7.796474312160630276e-11 2.989991882942187940e-06
5.670800462765513750e+00 1.227457990950006086e-10 1.286851164551799347e-10 4.930217228259415760e-06
5.673880745472067666e+00 1.368576721241185413e-11 1.373830532519978268e-11 5.383236315762731035e-07
5.676961028178621582e+00 2.351265203243258044e-12 2.100031223530885014e-12 1.714892559831237785e-07
5.680041310885174610e+00 1.456779174073289029e-12 1.043299768551731386e-12 8.063733344103115586e-08
5.683121593591728526e+00 7.289201014373499524e-13 4.715599949735901175e-13 2.378189450521520362e-07
5.686201876298282443e+00 1.282132926299524757e-12 1.475730310536547464e-12 2.024388127028364029e-06
5.689282159004836359e+00 9.346793812584895650e-13 1.250809802446642817e-12 1.090454264853928520e-06
5.692362441711390275e+00 1.066397149681069519e-12 1.802698360690048289e-12 1.193975423720724845e-07
5.695442724417943303e+00 2.193435683358876901e-12 2.851079007699276208e-12 1.895508346655400524e-07
5.698523007124497219e+00 2.484316548608670989e-12 2.540036798545055057e-12 6.183550128361750944e-08
5.701603289831052024e+00 3.628517922858471789e-12 3.192053980670530891e-12 1.213254867876222670e-07
5.704683572537605940e+00 2.521816711454510725e-12 2.059196264910873445e-12 6.238113637718979152e-08
5.707763855244158968e+00 2.206580994732660318e-12 1.581325381195821333e-12 1.403507823480774038e-07
5.710844137950712884e+00 1.758890036217342775e-12 1.136367663231764438e-12 1.635773512255071290e-07
5.713924420657266801e+00 1.780950411730086938e-12 1.130868906758512090e-12 3.483564868689620235e-08
5.717004703363820717e+00 9.686564052131337266e-13 1.252822924049568244e-12 1.385690791932044800e-07
5.720084986070374633e+00 1.541199753009674438e-12 1.289443952127752959e-12 8.857858188346545300e-08
5.723165268776927661e+00 1.866515251050460906e-12 2.169626653232278118e-12 6.696908569458370558e-08
5.726245551483481577e+00 1.624958369987730225e-12 2.070393354825685200e-12 1.330408139045150018e-07
5.729325834190035494e+00 2.330168852930569259e-11 1.939457004729925233e-11 6.859516030344129000e-07
5.732406116896589410e+00 1.337075837952189258e-10 1.081449805875792759e-10 3.790452008807648816e-06
5.735486399603143326e+00 5.378782550862066072e-11 4.306753028193116256e-11 1.521814936319291351e-06
5.738566682309696354e+00 2.025194996471061548e-12 1.393542491441356241e-12 1.756094185387274883e-07
5.741646965016251158e+00 1.703268322546738928e-12 1.257767402158222780e-12 1.786809983129991382e-07
5.744727247722805075e+00 9.295838702669765168e-13 3.344433349017329963e-13 6.873495844392393874e-08
5.747807530429358103e+00 1.480368626984498475e-12 9.154828464932967190e-13 1.862413378795805861e-06
5.750887813135912019e+00 2.153082299369664205e-12 1.666643093080841806e-12 3.233568668511898964e-06
5.753968095842465935e+00 8.908614706708390370e-13 1.109107267367882317e-12 3.514678971534985212e-07
5.757048378549019851e+00 1.880967258470549434e-12 2.277967142009147513e-12 1.154716179597064117e-07
5.760128661255573768e+00 2.367779619114654390e-12 2.108544999744950772e-12 3.389771265497829594e-08
5.763208943962126796e+00 3.006500083151008075e-12 2.394381298996225702e-12 8.673568648798182430e-08
5.766289226668680712e+00 2.764938057578988054e-12 1.910754132618605739e-12 6.040349226148874516e-08
5.769369509375234628e+00 1.974167680637736433e-12 1.372952202414695283e-12 1.214667776628526441e-07
5.772449792081788544e+00 1.344707476926262913e-12 9.690061005243710133e-13 2.032501483771858934e-07
5.775530074788342461e+00 1.283140904292689370e-12 8.353423030754287073e-13 1.381115973191475423e-07
5.778610357494895489e+00 1.453508783820527000e-12 1.039635584696106603e-12 3.567155122032112039e-08
5.781690640201449405e+00 8.816562697632231131e-13 9.313739271167458399e-13 1.707740565888630579e-07
5.784770922908004209e+00 1.849290232885256929e-12 1.596394215036158613e-12 3.245368028256981190e-08
5.787851205614558125e+00 1.983851981046801958e-12 1.953815011340206547e-12 5.141342605778904319e-08
5.790931488321111154e+00 3.281631737941921460e-12 2.989750840125705461e-12 1.048012673255773385e-07
5.794011771027665070e+00 6.965425523192529480e-11 5.464466541123760709e-11 2.165061772317941925e-06
5.797092053734218986e+00 8.991322823226817225e-11 7.022601427388507041e-11 2.823015946570289013e-06
5.800172336440772902e+00 7.124582901887115207e-12 5.413131707233106938e-12 3.229896795728609381e-07
5.803252619147326818e+00 1.473842752612066415e-12 1.252263273960852164e-12 1.871049481733082914e-07
5.806332901853879846e+00 6.665546404061618315e-13 4.051128182740864904e-13 1.408339876852499536e-07
5.809413184560433763e+00 6.527315828881365808e-13 3.513419667060981703e-13 4.770410635989039959e-07
5.812493467266987679e+00 2.015864235395809918e-12 1.581204085530950779e-12 2.928725000971080143e-06
5.815573749973541595e+00 1.104882311921034313e-12 1.091517470516240766e-12 1.232047019869377475e-06
5.818654032680094623e+00 1.223459012699813751e-12 1.403724619492464919e-12 1.909120584553853416e-08
5.821734315386648539e+00 2.203684334221860045e-12 1.986660373183828184e-12 3.111779364486944767e-08
5.824814598093203344e+00 1.622923585063672152e-12 1.586054692174163757e-12 4.266035879148929227e-08
5.827894880799757260e+00 2.140932740610061184e-12 1.870749461928724727e-12 7.735693795781358613e-08
5.830975163506310288e+00 1.351577858550941569e-12 1.186774944696503463e-12 6.110541333073451568e-08
5.834055446212864204e+00 8.777428119310026938e-13 8.174375767836113382e-13 1.699686859643306260e-07
5.837135728919418121e+00 7.488774971365633598e-13 7.409597533789628901e-13 1.591249032429133355e-07
5.840216011625972037e+00 7.035922323808822257e-13 6.456171510215719947e-13 5.856966590631893733e-08
5.843296294332525953e+00 8.355419318985532172e-13 7.780528599501397668e-13 7.577681965238424267e-08
5.846376577039078981e+00 7.404342312663140226e-13 9.504652127583723191e-13 8.149863634015647771e-08
5.849456859745632897e+00 1.560690829554237499e-12 1.711706657245758115e-12 1.222323478894689343e-08
5.852537142452186814e+00 1.200376612815396176e-12 1.349187733606669001e-12 1.831789568999268671e-08
5.855617425158740730e+00 1.299991494760828291e-11 1.638561243509020183e-11 4.480715669942156464e-07
5.858697707865294646e+00 5.527411513359375060e-11 6.941682474264662464e-11 2.026183147601364735e-06
5.861777990571847674e+00 1.688200360978914034e-11 2.120643597017448878e-11 6.607757480523260950e-07
5.864858273278401590e+00 6.497264515368969027e-13 8.296402571262496627e-13 1.241903051357742962e-07
5.867938555984956395e+00 5.014780774981813747e-13 5.932638281749958857e-13 1.457659578653600528e-07
5.871018838691510311e+00 1.131395957409711681e-13 1.484596635560286690e-13 9.929049985528887941e-08
5.874099121398063339e+00 1.009549309060155369e-12 9.919524401887734241e-13 1.403944085771344153e-06
5.877179404104617255e+00 1.420989084471207773e-12 1.482636293120931075e-12 1.912124944879670119e-06
5.880259686811171171e+00 4.815195225158473538e-13 8.660852053015163168e-13 1.531258925040140871e-07
5.883339969517725088e+00 1.053503358997883517e-12 1.604949544047067782e-12 3.159277562744671796e-08
5.886420252224278116e+00 7.342255548754493305e-13 1.331401809452066834e-12 7.797786673507197891e-09
5.889500534930832032e+00 7.162937430972789787e-13 1.606542239901320886e-12 5.810470838370642412e-08
5.892580817637385948e+00 5.984544734598874404e-13 1.198653827803646022e-12 1.949508073769867481e-08
5.895661100343939864e+00 3.020636627784870050e-13 7.334611632420203404e-13 1.006369659406876947e-07
5.898741383050493781e+00 3.934390928842772538e-13 6.265678359500034708e-13 1.636845984108446991e-07
5.901821665757046809e+00 3.085780693028712138e-13 4.786423311491354631e-13 1.065729804899804137e-07
5.904901948463600725e+00 2.002769110206754893e-13 5.640943095864484846e-13 3.034424300811685035e-08
5.907982231170154641e+00 4.056738181111238533e-13 5.278348749677161975e-13 1.127173212449756025e-07
5.911062513876709446e+00 3.490142148235993156e-13 1.227129071008719768e-12 2.393578520855600991e-08
5.914142796583262474e+00 6.534948714740020449e-13 1.427006380667408300e-12 4.853859171909722397e-08
5.917223079289816390e+00 8.043137563197187244e-13 2.852353675082252933e-12 7.187294690440659201e-08
5.920303361996370306e+00 1.192498206238392726e-11 4.312158126646604673e-11 1.118052875270461203e-06
5.923383644702924222e+00 1.198851222514091984e-11 4.329501585781169848e-11 1.147780233666452322e-06
5.926463927409478138e+00 7.631957849594878295e-13 2.392119383771940357e-12 1.504879357459061003e-07
5.929544210116031167e+00 3.261706782901599584e-13 7.278463714522843521e-13 1.572180097474378123e-07
5.932624492822585083e+00 1.620061316000760947e-13 1.708418864235195617e-13 1.376960627104478299e-07
5.935704775529138999e+00 7.100938393572508482e-13 4.353962113050819960e-13 7.978553662508311229e-07
5.938785058235692915e+00 2.936671628401011225e-12 1.722611289462854765e-12 3.675224231798924334e-06
5.941865340942246831e+00 9.917836478368668872e-13 9.882803977853734872e-13 1.190764948152227073e-06
5.944945623648799859e+00 1.574910968095421603e-13 1.063310574665779419e-12 5.684253984311100287e-08
5.948025906355353776e+00 1.851784885069377385e-13 1.381133680103636619e-12 7.776725479646992994e-08
5.951106189061908580e+00 2.383226443370880569e-13 1.188624054906044921e-12 3.669430376756857598e-08
5.954186471768461608e+00 3.394719932625439961e-13 1.323244778297169845e-12 7.227860311778286689e-08
5.957266754475015524e+00 2.363931903226809751e-13 7.773389953039964311e-13 4.940058231537003915e-08
5.960347037181569441e+00 2.984103709358130542e-13 4.738727475635170405e-13 2.171736419786568424e-07
5.963427319888123357e+00 3.858359389921942202e-13 4.485913143328412552e-13 2.257341714334530037e-07
5.966507602594677273e+00 3.075063674793441961e-13 3.771141762754040406e-13 6.092558089917117114e-08
5.969587885301230301e+00 1.676327284733958353e-13 4.065347111073983022e-13 1.694102231509266015e-07
5.972668168007784217e+00 3.865610581524847376e-13 6.542305864273061495e-13 8.830322169600167976e-08
5.975748450714338134e+00 1.392326840471696411e-13 1.266416750978882136e-12 9.059812562930720964e-08
5.978828733420892050e+00 8.548597676559029332e-14 9.720312458791244863e-13 9.003145064727139539e-08
5.981909016127445966e+00 5.316839397002284786e-12 1.569545533202023094e-11 1.031612842940397998e-06
5.984989298833998994e+00 1.783048479031794798e-11 5.102039114112293346e-11 3.422702200185509748e-06
5.988069581540552910e+00 4.388282191071296162e-12 1.187832161850686640e-11 8.628178728871115316e-07
5.991149864247106827e+00 3.491075159105458812e-13 5.445396425191103316e-13 2.302302651690887132e-07
5.994230146953661631e+00 2.471660173926721636e-13 2.858957521691068687e-13 2.692114453731411088e-07
5.997310429660214659e+00 4.120867902578251377e-13 1.346899288333132980e-13 2.843290872368830629e-07
6.000390712366768575e+00 3.787702872800055151e-12 1.634534301637405599e-12 4.316606381326920472e-06
6.003470995073322491e+00 3.943628164135478221e-12 1.915889357894472277e-12 4.555336583789525834e-06
6.006551277779876408e+00 3.181951207110335971e-13 7.365788447043888301e-13 2.615376564305584064e-07
6.009631560486430324e+00 1.868968304000802053e-13 1.158386965436162138e-12 1.828383841117547766e-07
6.012711843192983352e+00 4.740352357334403327e-13 1.030646771629964213e-12 3.492054086833399725e-08
6.015792125899537268e+00 7.198067901196663616e-13 1.172949521858238275e-12 1.948100626146696764e-07
6.018872408606091184e+00 6.420939103633304596e-13 8.668594243995275357e-13 5.646597728993483179e-08
6.021952691312645101e+00 4.654399362595363943e-13 4.262298571119301350e-13 2.638014819527986612e-07
6.025032974019198129e+00 2.828435250224795820e-13 3.895716824065141484e-13 3.745407639831618149e-07
6.028113256725752045e+00 5.365553490478945459e-13 2.690639780785164692e-13 2.474278927716169080e-07
6.031193539432305961e+00 3.671527287237911333e-13 4.231749035768244949e-13 8.641708614574709953e-08
6.034273822138859877e+00 4.146500663363567402e-13 2.926202928072739962e-13 2.780935956114836082e-07
6.037354104845413794e+00 7.105796144854754708e-13 9.185396524625070322e-13 4.414186979183555596e-08
6.040434387551967710e+00 4.585930889080831751e-13 9.881866220214073552e-13 1.517458162654980654e-07
6.043514670258521626e+00 2.350514124036102958e-12 2.924774616553090190e-12 4.375818004253271616e-07
6.046594952965075542e+00 3.055058225179080619e-11 3.324099020947973804e-11 5.534155581710705545e-06
6.049675235671629459e+00 2.426008064710402950e-11 2.611461132743852793e-11 4.404712097861219575e-06
6.052755518378182487e+00 1.151745158997653520e-12 1.022475191808979650e-12 3.592582361060495928e-07
6.055835801084736403e+00 3.079561719321737040e-13 4.092282358224294586e-13 3.812905455070307591e-07
6.058916083791290319e+00 1.537660428025098683e-13 6.370849054719345010e-14 2.517361439931352129e-07
6.061996366497844235e+00 1.797821574102321231e-12 1.023001576698390098e-12 1.798705914009417622e-06
6.065076649204398151e+00 5.614336995825572425e-12 3.471430013782655711e-12 6.218265635618822998e-06
6.068156931910951180e+00 1.699112900873512496e-12 1.235257624319429448e-12 1.512400101669086319e-06
6.071237214617505096e+00 5.404453956184028429e-13 7.755120212534871135e-13 1.188867786615161748e-07
6.074317497324059012e+00 9.258640351057789941e-13 9.997584724309883577e-13 1.046578816186801587e-07
6.077397780030613816e+00 9.701212692606481528e-13 8.246343401001814397e-13 1.753248326738970200e-07
6.080478062737166844e+00 1.032929910507093977e-12 8.111858312430179540e-13 1.864105035458944020e-07
6.083558345443720761e+00 7.145613286442255679e-13 4.652062657129028428e-13 1.642038379971124387e-07
6.086638628150274677e+00 2.596295440685619906e-13 2.537756590062192888e-13 3.777750993663151159e-07
6.089718910856828593e+00 2.558245619319415124e-13 2.436920728054605836e-13 3.570041932191660135e-07
6.092799193563381621e+00 5.540539846389921124e-13 3.011703956246117888e-13 9.487848562972939424e-08
6.095879476269935537e+00 2.293955774474077452e-13 2.765812013274055216e-13 2.483175949549749583e-07
6.098959758976489454e+00 7.516405524912685109e-13 5.035410678566401968e-13 1.145060254184485608e-07
6.102040041683043370e+00 1.029550341359313519e-12 9.313575750965446552e-13 1.053655039920521900e-07
6.105120324389597286e+00 7.143342723813410513e-13 7.255106053163300335e-13 1.034236453830039692e-07
6.108200607096150314e+00 1.467501428167332456e-11 1.148805520955392222e-11 2.538571865133109152e-06
6.111280889802704230e+00 3.718334034603255619e-11 2.867891916994449693e-11 6.550607620592600046e-06
6.114361172509258147e+00 6.640776967695058325e-12 4.996814653361226053e-12 1.202939013192600803e-06
6.117441455215812063e+00 2.883125356164014615e-13 3.166174448937273016e-13 2.868922997398319529e-07
6.120521737922365979e+00 5.553257669903171210e-14 9.509664723372802341e-14 2.909332139640892282e-07
6.123602020628919895e+00 2.680748986255511498e-13 2.799090125554840092e-13 3.608349626585753519e-07
6.126682303335473812e+00 3.452464601065257009e-12 3.895091171064988723e-12 4.448667855717825098e-06
6.129762586042027728e+00 3.073739089457833582e-12 3.446019497461207011e-12 3.660493689000914178e-06
6.132842868748581644e+00 7.136207490762398626e-13 6.300999602237623200e-13 1.445447527954783948e-07
6.135923151455134672e+00 8.559876257424172311e-13 8.258350338282979399e-13 1.674214623112047049e-07
6.139003434161688588e+00 7.818159471862783817e-13 6.895166252164934670e-13 3.517521201699928659e-08
6.142083716868242504e+00 6.601506674047450743e-13 5.688717122733348997e-13 2.305125388140709108e-07
6.145163999574796421e+00 6.188416087677485941e-13 4.744164638624862138e-13 4.415157819648583743e-08
6.148244282281350337e+00 1.235825549940593247e-13 1.207573589159384867e-13 2.238917390493021187e-07
6.151324564987903365e+00 1.349114175504849553e-13 2.279279594366894807e-13 2.750154956133324281e-07
6.154404847694457281e+00 1.012141745370490808e-13 9.445301463769443489e-14 1.598110707403759779e-07
6.157485130401011197e+00 3.005058529696999481e-13 3.478871047437508461e-13 9.757620751291231386e-08
6.160565413107565114e+00 1.962856866097929092e-13 2.088329623098399149e-13 2.225650234410015486e-07
6.163645695814119030e+00 7.518082620646903573e-13 7.571453046497721283e-13 4.057768446243285279e-08
6.166725978520672946e+00 7.787362723013558079e-13 7.141920979158888711e-13 1.049643483334833344e-07
6.169806261227226862e+00 1.897982324682897087e-12 2.105517316757378416e-12 3.680923271304173253e-07
6.172886543933780779e+00 1.595790838640854698e-11 1.721616943321587552e-11 3.434559078862507930e-06
6.175966826640333807e+00 9.743282049391015368e-12 1.051241692631761591e-11 2.116048753300910442e-06
6.179047109346887723e+00 2.385690221751816966e-13 2.801725039489415499e-13 1.561152460363703086e-07
6.182127392053441639e+00 5.374741849116393653e-14 1.203091633901547001e-13 2.280001075479308909e-07
6.185207674759995555e+00 4.532993345321997120e-14 3.546684616800897576e-14 1.168081262561846152e-07
6.188287957466549472e+00 1.601299774985908974e-12 2.279976067088589662e-12 1.973228296524723948e-06
6.191368240173102500e+00 4.416207316585100405e-12 6.205870792443887411e-12 5.285854879309488883e-06
6.194448522879656416e+00 1.171096985884214963e-12 1.518100820231654791e-12 9.630535592463999031e-07
6.197528805586210332e+00 5.783508607966934999e-13 5.745864211426553949e-13 1.010235202989231261e-07
6.200609088292764248e+00 4.748385810802657221e-13 6.932918915274531882e-13 6.691017362161729727e-08
6.203689370999318164e+00 1.977505592218884196e-13 3.795882702347843643e-13 8.953028723791497536e-08
6.206769653705872081e+00 2.712591846096667888e-13 3.858102263286415192e-13 8.177351167848251077e-08
6.209849936412425997e+00 3.269360863487326655e-14 1.332755740077770984e-13 6.627187859108573638e-08
6.212930219118979913e+00 1.361391764206379623e-13 1.081527260789535666e-13 1.786259694795026193e-07
6.216010501825533829e+00 6.962031641192860308e-14 5.379217021078484338e-14 1.544669591035498435e-07
6.219090784532086857e+00 9.373995304124259683e-14 2.108006243803056612e-13 4.211686607241779933e-08
6.222171067238640774e+00 1.624934837915189828e-13 2.092979823002925875e-13 1.718747789310704055e-07
6.225251349945194690e+00 1.945676106149870372e-13 4.242592861398653076e-13 4.968920747531675921e-08
6.228331632651748606e+00 4.313183258230751192e-13 7.148068332822588182e-13 5.750929146213113648e-08
6.231411915358301634e+00 3.156261437257512836e-13 4.926962286020670827e-13 4.448769825161891653e-08
6.234492198064855550e+00 2.267518882515160202e-12 6.138562997635153801e-12 8.691762623749053036e-07
6.237572480771409467e+00 4.304128887395038456e-12 1.174046573662086929e-11 1.727651128765605080e-06
6.240652763477963383e+00 5.762326398656569511e-13 1.492396445674654556e-12 2.443422795182123597e-07
6.243733046184517299e+00 1.068690972400598603e-13 8.566894223791862252e-14 1.129569009086930860e-07
6.246813328891071215e+00 1.570307669988853790e-13 3.851081645653091744e-14 9.527859297684993609e-08
6.249893611597625132e+00 5.573682298098703401e-13 5.890151291846409457e-13 2.203045153164770001e-07
6.252973894304179048e+00 4.746634473933895557e-12 6.370747430527081730e-12 2.198339171466857972e-06
6.256054177010732964e+00 3.122170143208648352e-12 4.347553102839921232e-12 1.403286092989558654e-06
6.259134459717285992e+00 3.135958041206644365e-13 4.898913847659039663e-13 3.447675772129053921e-08
6.262214742423839908e+00 2.219802532299245073e-13 5.961004609120606298e-13 4.683108478587960822e-08
6.265295025130393824e+00 5.150716593588922874e-14 4.332430222163613509e-13 6.607987729150786675e-09
6.268375307836947741e+00 8.626310565459740328e-14 2.384803758686820915e-13 4.470001996876797915e-08
6.271455590543501657e+00 3.239648504992188984e-14 2.271129156005619681e-13 6.392946672800787839e-09
6.274535873250054685e+00 1.571345856186145075e-13 1.385865228878569858e-14 4.671950569245217582e-08
6.277616155956608601e+00 2.242936379734306198e-13 8.158067842791854048e-14 5.389096330410679872e-08
6.280696438663162517e+00 1.010265993887406070e-13 5.203075198410265779e-14 2.420116993515847716e-08
6.283776721369717322e+00 1.165100169294798145e-13 2.601338907329672118e-13 2.012888737962981545e-08
6.286857004076270350e+00 9.457010330066548142e-14 2.171657218679178232e-13 2.915147323478968734e-08
6.289937286782824266e+00 8.597256243082718655e-14 5.877442169147744916e-13 3.660679896349893687e-09
6.293017569489377294e+00 1.395137747028389358e-13 4.836711682111611660e-13 2.526558580310074331e-09
6.296097852195932099e+00 4.935516445017822636e-13 1.445059589172149110e-12 5.082684530014101223e-08
6.299178134902485127e+00 3.082800358883933866e-12 8.428516659299090332e-12 3.459972556218492876e-07
6.302258417609039043e+00 1.538082775373848713e-12 3.983568804145512446e-12 1.659495047136725606e-07
6.305338700315592071e+00 2.065157132575170622e-13 6.561316126124532697e-14 1.466500381657312987e-08
6.308418983022146875e+00 8.506289753719130004e-14 1.595926864298690007e-14 1.834351722044441765e-08
