$MeshFormat
4.1 0 8
$EndMeshFormat
$Entities
28 31 4 0
1 -100 0 0 0 
2 0 0 0 0 
3 0 -1 0 0 
4 55 -1 0 0 
5 55 0 0 0 
6 1055 0 0 0 
7 1055 0.25 0 0 
8 1055 150 0 0 
9 -100 150 0 0 
10 -100 0.25 0 0 
11 0 0.25 0 0 
12 55 0.25 0 0 
13 27.5 0 0 0 
14 27.5 0.25 0 0 
15 0 -0.5 0 0 
16 27.5 -1 0 0 
17 55 -0.5 0 0 
18 -16 0 0 0 
19 -16 0.25 0 0 
20 71 0 0 0 
21 71 0.25 0 0 
22 -100 3.75 0 0 
23 -16 3.75 0 0 
24 71 3.75 0 0 
25 1055 3.75 0 0 
26 0 3.75 0 0 
27 27.5 3.75 0 0 
28 55 3.75 0 0 
1 -100 0 0 -16 0 0 1 4 2 1 -18 
2 0 -0.5 0 0 0 0 1 4 2 2 -15 
3 0 -1 0 27.5 -1 0 1 4 2 3 -16 
4 55 -1 0 55 -0.5 0 1 4 2 4 -17 
5 55 0 0 71 0 0 1 4 2 5 -20 
6 1055 0 0 1055 0.25 0 1 2 2 6 -7 
7 1055 0.25 0 1055 3.75 0 1 2 2 7 -25 
8 -100 150 0 1055 150 0 1 3 2 8 -9 
9 -100 3.75 0 -100 150 0 1 1 2 9 -22 
10 -100 0.25 0 -16 0.25 0 0 2 10 -19 
11 -100 0 0 -100 0.25 0 1 1 2 10 -1 
12 0 0.25 0 27.5 0.25 0 0 2 11 -14 
13 55 0.25 0 71 0.25 0 0 2 12 -21 
14 0 0 0 27.5 0 0 0 2 2 -13 
15 0 -1 0 0 -0.5 0 1 4 2 15 -3 
16 27.5 -1 0 55 -1 0 1 4 2 16 -4 
17 55 -0.5 0 55 0 0 1 4 2 17 -5 
18 27.5 0 0 55 0 0 0 2 13 -5 
19 27.5 0.25 0 55 0.25 0 0 2 14 -12 
20 -16 0 0 0 0 0 1 4 2 18 -2 
21 71 0 0 1055 0 0 1 4 2 20 -6 
22 71 0.25 0 1055 0.25 0 0 2 21 -7 
23 -16 0.25 0 0 0.25 0 0 2 19 -11 
24 -100 0.25 0 -100 3.75 0 1 1 2 22 -10 
25 1055 3.75 0 1055 150 0 1 2 2 25 -8 
26 71 3.75 0 1055 3.75 0 0 2 25 -24 
27 -100 3.75 0 -16 3.75 0 0 2 22 -23 
30 -16 3.75 0 0 3.75 0 0 2 23 -26 
31 0 3.75 0 27.5 3.75 0 0 2 26 -27 
32 27.5 3.75 0 55 3.75 0 0 2 27 -28 
33 55 3.75 0 71 3.75 0 0 2 28 -24 
1 -100 0 0 1055 0.25 0 1 100 14 5 21 6 -22 -13 -19 -12 -23 -10 11 1 20 14 18 
2 0 -1 0 55 0 0 1 101 8 2 15 3 16 4 17 -18 -14 
3 -100 3.75 0 1055 150 0 1 102 9 -26 25 8 9 27 30 31 32 33 
4 -100 0.25 0 1055 3.75 0 1 101 14 -24 27 30 31 32 33 -26 -7 -22 -13 -19 -12 -23 -10 
$EndEntities
$Nodes
63 4076 1 4076
0 1 0 1
1
-100 0 0
0 2 0 1
2
0 0 0
0 3 0 1
3
0 -1 0
0 4 0 1
4
55 -1 0
0 5 0 1
5
55 0 0
0 6 0 1
6
1055 0 0
0 7 0 1
7
1055 0.25 0
0 8 0 1
8
1055 150 0
0 9 0 1
9
-100 150 0
0 10 0 1
10
-100 0.25 0
0 11 0 1
11
0 0.25 0
0 12 0 1
12
55 0.25 0
0 13 0 1
13
27.5 0 0
0 14 0 1
14
27.5 0.25 0
0 15 0 1
15
0 -0.5 0
0 16 0 1
16
27.5 -1 0
0 17 0 1
17
55 -0.5 0
0 18 0 1
18
-16 0 0
0 19 0 1
19
-16 0.25 0
0 20 0 1
20
71 0 0
0 21 0 1
21
71 0.25 0
0 22 0 1
22
-100 3.75 0
0 23 0 1
23
-16 3.75 0
0 24 0 1
24
71 3.75 0
0 25 0 1
25
1055 3.75 0
0 26 0 1
26
0 3.75 0
0 27 0 1
27
27.5 3.75 0
0 28 0 1
28
55 3.75 0
1 1 0 20
29
30
31
32
33
34
35
36
37
38
39
40
41
42
43
44
45
46
47
48
-95.58527046937866 0 0
-91.21468823266611 0 0
-86.88781181580126 0 0
-82.60420415867605 0 0
-78.36343257713837 0 0
-74.16506871323423 0 0
-70.00868848650846 0 0
-65.8938720650049 0 0
-61.82020381161699 0 0
-57.78727223817417 0 0
-53.79466997884192 0 0
-49.84199374553916 0 0
-45.92884427781397 0 0
-42.05482630008553 0 0
-38.21954849842778 0 0
-34.42262347905 0 0
-30.66366770896734 0 0
-26.94230149533101 0 0
-23.25814894616619 0 0
-19.61083791980739 0 0
1 2 0 2
49
50
0 -0.1494464946011799 0
0 -0.3154981550644918 0
1 3 0 45
51
52
53
54
55
56
57
58
59
60
61
62
63
64
65
66
67
68
69
70
71
72
73
74
75
76
77
78
79
80
81
82
83
84
85
86
87
88
89
90
91
92
93
94
95
0.1081854074111959 -1 0
0.2232766417625921 -1 0
0.3457145338131435 -1 0
0.4759680288684228 -1 0
0.614536030733698 -1 0
0.7619492866075251 -1 0
0.9187724093675987 -1 0
1.085606062136809 -1 0
1.2630892525654 -1 0
1.451901769636841 -1 0
1.652766803872303 -1 0
1.866453714404362 -1 0
2.093780954332801 -1 0
2.335619235699588 -1 0
2.592894842024358 -1 0
2.866593185416226 -1 0
3.15776259365853 -1 0
3.467518296443897 -1 0
3.797046721845336 -1 0
4.147610024007882 -1 0
4.520550919794491 -1 0
4.917297856751476 -1 0
5.339370454610254 -1 0
5.788385327616277 -1 0
6.266062283471138 -1 0
6.774230919602386 -1 0
7.314837618246113 -1 0
7.889953002100012 -1 0
8.501779876215238 -1 0
9.152661660502794 -1 0
9.845091356184229 -1 0
10.58172109737423 -1 0
11.36537232968191 -1 0
12.1990465872905 -1 0
13.08593698822202 -1 0
14.02944050262383 -1 0
15.03317093557204 -1 0
16.10097275373484 -1 0
17.23693584718418 -1 0
18.44541118235909 -1 0
19.73102745226695 -1 0
21.09870880187362 -1 0
22.55369371419548 -1 0
24.10155507810594 -1 0
25.74822149651463 -1 0
1 4 0 1
96
55 -0.7631578947172351 0
1 5 0 25
97
98
99
100
101
102
103
104
105
106
107
108
109
110
111
112
113
114
115
116
117
118
119
120
121
55.12279774173529 0 0
55.25923966375125 0 0
55.41084180384853 0 0
55.57928863656311 0 0
55.76645178887914 0 0
55.97441084248818 0 0
56.20547645584054 0 0
56.46221602984375 0 0
56.74748222208136 0 0
57.06444465714426 0 0
57.41662513784771 0 0
57.80793678317239 0 0
58.24272750588644 0 0
58.72582831026313 0 0
59.26260697509448 0 0
59.85902771100093 0 0
60.52171741724657 0 0
61.2580393130326 0 0
62.07617474825502 0 0
62.98521412389081 0 0
63.99525787641139 0 0
65.11752870764055 0 0
66.3644963015366 0 0
67.75001585590337 0 0
69.28948203224259 0 0
1 6 0 0
1 7 0 2
122
123
1055 0.7500000064154115 0
1055 1.750000003309903 0
1 8 0 17
124
125
126
127
128
129
130
131
132
133
134
135
136
137
138
139
140
990.8333333335503 150 0
926.6666666668687 150 0
862.5000000001476 150 0
798.3333333334264 150 0
734.1666666667052 150 0
669.9999999999841 150 0
605.8333333332629 150 0
541.6666666665811 150 0
477.5000000004643 150 0
413.3333333337657 150 0
349.1666666670451 150 0
285.0000000003243 150 0
220.8333333336036 150 0
156.666666666883 150 0
92.50000000016234 150 0
28.33333333344149 150 0
-35.83333333327914 150 0
1 9 0 10
141
142
143
144
145
146
147
148
149
150
-100 118.0013358388749 0
-100 92.40240446935607 0
-100 71.92325935088901 0
-100 55.53994313122593 0
-100 42.43329018160613 0
-100 31.94796775765479 0
-100 23.55970984317716 0
-100 16.8491036351063 0
-100 11.48061855653569 0
-100 7.185830365230487 0
1 10 0 20
151
152
153
154
155
156
157
158
159
160
161
162
163
164
165
166
167
168
169
170
-95.58527046937866 0.25 0
-91.21468823266611 0.25 0
-86.88781181580126 0.25 0
-82.60420415867605 0.25 0
-78.36343257713837 0.25 0
-74.16506871323423 0.25 0
-70.00868848650846 0.25 0
-65.8938720650049 0.25 0
-61.82020381161699 0.25 0
-57.78727223817417 0.25 0
-53.79466997884192 0.25 0
-49.84199374553916 0.25 0
-45.92884427781397 0.25 0
-42.05482630008553 0.25 0
-38.21954849842778 0.25 0
-34.42262347905 0.25 0
-30.66366770896734 0.25 0
-26.94230149533101 0.25 0
-23.25814894616619 0.25 0
-19.61083791980739 0.25 0
1 11 0 0
1 12 0 45
171
172
173
174
175
176
177
178
179
180
181
182
183
184
185
186
187
188
189
190
191
192
193
194
195
196
197
198
199
200
201
202
203
204
205
206
207
208
209
210
211
212
213
214
215
0.1081854074111959 0.25 0
0.2232766417625921 0.25 0
0.3457145338131435 0.25 0
0.4759680288684228 0.25 0
0.614536030733698 0.25 0
0.7619492866075251 0.25 0
0.9187724093675987 0.25 0
1.085606062136809 0.25 0
1.2630892525654 0.25 0
1.451901769636841 0.25 0
1.652766803872303 0.25 0
1.866453714404362 0.25 0
2.093780954332801 0.25 0
2.335619235699588 0.25 0
2.592894842024358 0.25 0
2.866593185416226 0.25 0
3.15776259365853 0.25 0
3.467518296443897 0.25 0
3.797046721845336 0.25 0
4.147610024007882 0.25 0
4.520550919794491 0.25 0
4.917297856751476 0.25 0
5.339370454610254 0.25 0
5.788385327616277 0.25 0
6.266062283471138 0.25 0
6.774230919602386 0.25 0
7.314837618246113 0.25 0
7.889953002100012 0.25 0
8.501779876215238 0.25 0
9.152661660502794 0.25 0
9.845091356184229 0.25 0
10.58172109737423 0.25 0
11.36537232968191 0.25 0
12.1990465872905 0.25 0
13.08593698822202 0.25 0
14.02944050262383 0.25 0
15.03317093557204 0.25 0
16.10097275373484 0.25 0
17.23693584718418 0.25 0
18.44541118235909 0.25 0
19.73102745226695 0.25 0
21.09870880187362 0.25 0
22.55369371419548 0.25 0
24.10155507810594 0.25 0
25.74822149651463 0.25 0
1 13 0 25
216
217
218
219
220
221
222
223
224
225
226
227
228
229
230
231
232
233
234
235
236
237
238
239
240
55.12279774173529 0.25 0
55.25923966375125 0.25 0
55.41084180384853 0.25 0
55.57928863656311 0.25 0
55.76645178887914 0.25 0
55.97441084248818 0.25 0
56.20547645584054 0.25 0
56.46221602984375 0.25 0
56.74748222208136 0.25 0
57.06444465714426 0.25 0
57.41662513784771 0.25 0
57.80793678317239 0.25 0
58.24272750588644 0.25 0
58.72582831026313 0.25 0
59.26260697509448 0.25 0
59.85902771100093 0.25 0
60.52171741724657 0.25 0
61.2580393130326 0.25 0
62.07617474825502 0.25 0
62.98521412389081 0.25 0
63.99525787641139 0.25 0
65.11752870764055 0.25 0
66.3644963015366 0.25 0
67.75001585590337 0.25 0
69.28948203224259 0.25 0
1 14 0 45
241
242
243
244
245
246
247
248
249
250
251
252
253
254
255
256
257
258
259
260
261
262
263
264
265
266
267
268
269
270
271
272
273
274
275
276
277
278
279
280
281
282
283
284
285
0.1081854074111959 0 0
0.2232766417625921 0 0
0.3457145338131435 0 0
0.4759680288684228 0 0
0.614536030733698 0 0
0.7619492866075251 0 0
0.9187724093675987 0 0
1.085606062136809 0 0
1.2630892525654 0 0
1.451901769636841 0 0
1.652766803872303 0 0
1.866453714404362 0 0
2.093780954332801 0 0
2.335619235699588 0 0
2.592894842024358 0 0
2.866593185416226 0 0
3.15776259365853 0 0
3.467518296443897 0 0
3.797046721845336 0 0
4.147610024007882 0 0
4.520550919794491 0 0
4.917297856751476 0 0
5.339370454610254 0 0
5.788385327616277 0 0
6.266062283471138 0 0
6.774230919602386 0 0
7.314837618246113 0 0
7.889953002100012 0 0
8.501779876215238 0 0
9.152661660502794 0 0
9.845091356184229 0 0
10.58172109737423 0 0
11.36537232968191 0 0
12.1990465872905 0 0
13.08593698822202 0 0
14.02944050262383 0 0
15.03317093557204 0 0
16.10097275373484 0 0
17.23693584718418 0 0
18.44541118235909 0 0
19.73102745226695 0 0
21.09870880187362 0 0
22.55369371419548 0 0
24.10155507810594 0 0
25.74822149651463 0 0
1 15 0 1
286
0 -0.7631578945407743 0
1 16 0 58
287
288
289
290
291
292
293
294
295
296
297
298
299
300
301
302
303
304
305
306
307
308
309
310
311
312
313
314
315
316
317
318
319
320
321
322
323
324
325
326
327
328
329
330
331
332
333
334
335
336
337
338
339
340
341
342
343
344
28.74145388093399 -1 0
29.93148243129548 -1 0
31.07221587018972 -1 0
32.16569617082274 -1 0
33.2138807151537 -1 0
34.21864581647736 -1 0
35.18179005662933 -1 0
36.10503751921832 -1 0
36.99004086674198 -1 0
37.83838430341059 -1 0
38.65158641123672 -1 0
39.43110285802008 -1 0
40.17832902560508 -1 0
40.89460249150933 -1 0
41.58120542634688 -1 0
42.23936688676641 -1 0
42.870265006248 -1 0
43.4750291332514 -1 0
44.05474183606159 -1 0
44.61044082113638 -1 0
45.14312081980027 -1 0
45.65373536300449 -1 0
46.14319847970498 -1 0
46.61238633947475 -1 0
47.06213881201438 -1 0
47.49326097503349 -1 0
47.90652455758344 -1 0
48.30266932511734 -1 0
48.68240440136805 -1 0
49.04640953341746 -1 0
49.39533631176555 -1 0
49.72980933313835 -1 0
50.05042731875869 -1 0
50.35776419188338 -1 0
50.65237010083861 -1 0
50.93477240966296 -1 0
51.20547663198886 -1 0
51.46496734068141 -1 0
51.71370904356736 -1 0
51.95214700612762 -1 0
52.18070803926846 -1 0
52.39980128316935 -1 0
52.60981892480965 -1 0
52.81113690228298 -1 0
53.00411559013753 -1 0
53.18910043191255 -1 0
53.36642256077852 -1 0
53.5363993878059 -1 0
53.69933518337056 -1 0
53.85552161143654 -1 0
54.00523825428984 -1 0
54.14875311893072 -1 0
54.28632310255587 -1 0
54.41819446189358 -1 0
54.54460325399397 -1 0
54.66577575355694 -1 0
54.78192886764455 -1 0
54.89327051184921 -1 0
1 17 0 2
345
346
55 -0.3154981553008643 0
55 -0.1494464947080274 0
1 18 0 58
347
348
349
350
351
352
353
354
355
356
357
358
359
360
361
362
363
364
365
366
367
368
369
370
371
372
373
374
375
376
377
378
379
380
381
382
383
384
385
386
387
388
389
390
391
392
393
394
395
396
397
398
399
400
401
402
403
404
28.74145388093399 0 0
29.93148243129548 0 0
31.07221587018972 0 0
32.16569617082274 0 0
33.2138807151537 0 0
34.21864581647736 0 0
35.18179005662933 0 0
36.10503751921832 0 0
36.99004086674198 0 0
37.83838430341059 0 0
38.65158641123672 0 0
39.43110285802008 0 0
40.17832902560508 0 0
40.89460249150933 0 0
41.58120542634688 0 0
42.23936688676641 0 0
42.870265006248 0 0
43.4750291332514 0 0
44.05474183606159 0 0
44.61044082113638 0 0
45.14312081980027 0 0
45.65373536300449 0 0
46.14319847970498 0 0
46.61238633947475 0 0
47.06213881201438 0 0
47.49326097503349 0 0
47.90652455758344 0 0
48.30266932511734 0 0
48.68240440136805 0 0
49.04640953341746 0 0
49.39533631176555 0 0
49.72980933313835 0 0
50.05042731875869 0 0
50.35776419188338 0 0
50.65237010083861 0 0
50.93477240966296 0 0
51.20547663198886 0 0
51.46496734068141 0 0
51.71370904356736 0 0
51.95214700612762 0 0
52.18070803926846 0 0
52.39980128316935 0 0
52.60981892480965 0 0
52.81113690228298 0 0
53.00411559013753 0 0
53.18910043191255 0 0
53.36642256077852 0 0
53.5363993878059 0 0
53.69933518337056 0 0
53.85552161143654 0 0
54.00523825428984 0 0
54.14875311893072 0 0
54.28632310255587 0 0
54.41819446189358 0 0
54.54460325399397 0 0
54.66577575355694 0 0
54.78192886764455 0 0
54.89327051184921 0 0
1 19 0 58
405
406
407
408
409
410
411
412
413
414
415
416
417
418
419
420
421
422
423
424
425
426
427
428
429
430
431
432
433
434
435
436
437
438
439
440
441
442
443
444
445
446
447
448
449
450
451
452
453
454
455
456
457
458
459
460
461
462
28.74145388093399 0.25 0
29.93148243129548 0.25 0
31.07221587018972 0.25 0
32.16569617082274 0.25 0
33.2138807151537 0.25 0
34.21864581647736 0.25 0
35.18179005662933 0.25 0
36.10503751921832 0.25 0
36.99004086674198 0.25 0
37.83838430341059 0.25 0
38.65158641123672 0.25 0
39.43110285802008 0.25 0
40.17832902560508 0.25 0
40.89460249150933 0.25 0
41.58120542634688 0.25 0
42.23936688676641 0.25 0
42.870265006248 0.25 0
43.4750291332514 0.25 0
44.05474183606159 0.25 0
44.61044082113638 0.25 0
45.14312081980027 0.25 0
45.65373536300449 0.25 0
46.14319847970498 0.25 0
46.61238633947475 0.25 0
47.06213881201438 0.25 0
47.49326097503349 0.25 0
47.90652455758344 0.25 0
48.30266932511734 0.25 0
48.68240440136805 0.25 0
49.04640953341746 0.25 0
49.39533631176555 0.25 0
49.72980933313835 0.25 0
50.05042731875869 0.25 0
50.35776419188338 0.25 0
50.65237010083861 0.25 0
50.93477240966296 0.25 0
51.20547663198886 0.25 0
51.46496734068141 0.25 0
51.71370904356736 0.25 0
51.95214700612762 0.25 0
52.18070803926846 0.25 0
52.39980128316935 0.25 0
52.60981892480965 0.25 0
52.81113690228298 0.25 0
53.00411559013753 0.25 0
53.18910043191255 0.25 0
53.36642256077852 0.25 0
53.5363993878059 0.25 0
53.69933518337056 0.25 0
53.85552161143654 0.25 0
54.00523825428984 0.25 0
54.14875311893072 0.25 0
54.28632310255587 0.25 0
54.41819446189358 0.25 0
54.54460325399397 0.25 0
54.66577575355694 0.25 0
54.78192886764455 0.25 0
54.89327051184921 0.25 0
1 20 0 14
463
464
465
466
467
468
469
470
471
472
473
474
475
476
-12.68330415973807 0 0
-10.02994746988198 0 0
-7.907262126115331 0 0
-6.209113842362191 0 0
-4.850595198151922 0 0
-3.763780287483396 0 0
-2.894328378170989 0 0
-2.198766852323695 0 0
-1.642317627629778 0 0
-1.197158246781052 0 0
-0.8410307380482873 0 0
-0.5561287214612172 0 0
-0.3282071132265294 0 0
-0.1458698370245859 0 0
1 21 0 270
477
478
479
480
481
482
483
484
485
486
487
488
489
490
491
492
493
494
495
496
497
498
499
500
501
502
503
504
505
506
507
508
509
510
511
512
513
514
515
516
517
518
519
520
521
522
523
524
525
526
527
528
529
530
531
532
533
534
535
536
537
538
539
540
541
542
543
544
545
546
547
548
549
550
551
552
553
554
555
556
557
558
559
560
561
562
563
564
565
566
567
568
569
570
571
572
573
574
575
576
577
578
579
580
581
582
583
584
585
586
587
588
589
590
591
592
593
594
595
596
597
598
599
600
601
602
603
604
605
606
607
608
609
610
611
612
613
614
615
616
617
618
619
620
621
622
623
624
625
626
627
628
629
630
631
632
633
634
635
636
637
638
639
640
641
642
643
644
645
646
647
648
649
650
651
652
653
654
655
656
657
658
659
660
661
662
663
664
665
666
667
668
669
670
671
672
673
674
675
676
677
678
679
680
681
682
683
684
685
686
687
688
689
690
691
692
693
694
695
696
697
698
699
700
701
702
703
704
705
706
707
708
709
710
711
712
713
714
715
716
717
718
719
720
721
722
723
724
725
726
727
728
729
730
731
732
733
734
735
736
737
738
739
740
741
742
743
744
745
746
72.71100082002559 0 0
74.43059960153107 0 0
76.15883957666807 0 0
77.89576419144861 0 0
79.6414170711647 0 0
81.39584205895272 0 0
83.15908325511086 0 0
84.93118498256834 0 0
86.71219175237141 0 0
88.50214830231421 0 0
90.30109959957466 0 0
92.10909084263072 0 0
93.92616746393051 0 0
95.75237513184297 0 0
97.58775975336265 0 0
99.43236740259789 0 0
101.2862444330183 0 0
103.1494374438314 0 0
105.0219932081543 0 0
106.9039587856828 0 0
108.7953814887521 0 0
110.6963088476796 0 0
112.6067886132417 0 0
114.5268687588007 0 0
116.4565975563135 0 0
118.3960235057355 0 0
120.3451953000842 0 0
122.3041619015038 0 0
124.2729725438513 0 0
126.2516767353014 0 0
128.2403241874738 0 0
130.2389648173385 0 0
132.2476488601214 0 0
134.2664267988564 0 0
136.2953493295984 0 0
138.3344674376387 0 0
140.3838324002424 0 0
142.4434956791599 0 0
144.5135089957943 0 0
146.5939244082309 0 0
148.6847941666897 0 0
150.7861707891207 0 0
152.8981071011752 0 0
155.020656165215 0 0
157.1538713195874 0 0
159.2978061447917 0 0
161.4525145024243 0 0
163.6180505385035 0 0
165.7944686857076 0 0
167.9818236299914 0 0
170.180170275749 0 0
172.3895638958449 0 0
174.6100600247947 0 0
176.8417144239919 0 0
179.0845831583036 0 0
181.3387225620755 0 0
183.6041892786534 0 0
185.8810402635477 0 0
188.1693327137538 0 0
190.4691241069701 0 0
192.7804722415756 0 0
195.1034352027627 0 0
197.4380713654417 0 0
199.7844393604181 0 0
202.1425981504687 0 0
204.5126069973 0 0
206.8945254270557 0 0
209.2884133071965 0 0
211.6943307760408 0 0
214.1123382822051 0 0
216.5424965880551 0 0
218.9848667356942 0 0
221.439510086841 0 0
223.9064883259816 0 0
226.3858634270847 0 0
228.8776976917339 0 0
231.382053755612 0 0
233.8989945149875 0 0
236.4285832045596 0 0
238.9708834008297 0 0
241.525958988302 0 0
244.0938741628254 0 0
246.6746934345897 0 0
249.2684816315156 0 0
251.8753039390486 0 0
254.4952258672174 0 0
257.1283132166129 0 0
259.774632155372 0 0
262.4342491859434 0 0
265.107231148257 0 0
267.7936451865393 0 0
270.4935587889133 0 0
273.2070397913814 0 0
275.9341563807269 0 0
278.6749770985497 0 0
281.4295707707228 0 0
284.1980066209866 0 0
286.980354201563 0 0
289.7766833958202 0 0
292.587064495933 0 0
295.4115681328404 0 0
298.2502652797273 0 0
301.1032272187812 0 0
303.970525617868 0 0
306.8522325715202 0 0
309.7484204943937 0 0
312.6591621244028 0 0
315.5845305999156 0 0
318.5245994270335 0 0
321.4794424461722 0 0
324.4491339092853 0 0
327.4337484472369 0 0
330.4333610364681 0 0
333.4480470763047 0 0
336.4778823196671 0 0
339.5229428394528 0 0
342.5833051426775 0 0
345.6590461747682 0 0
348.7502432132723 0 0
351.8569739078525 0 0
354.9793163214157 0 0
358.1173488970381 0 0
361.271150462036 0 0
364.4408002684469 0 0
367.6263779607801 0 0
370.827963579441 0 0
374.0456375652911 0 0
377.2794807631317 0 0
380.5295744263253 0 0
383.7960002203396 0 0
387.0788402274311 0 0
390.378176913503 0 0
393.6940931692293 0 0
397.0266723140921 0 0
400.37599810082 0 0
403.7421546827409 0 0
407.1252266179159 0 0
410.5252989100497 0 0
413.9424570130584 0 0
417.3767867617996 0 0
420.8283744494631 0 0
424.2973067958532 0 0
427.7836709509772 0 0
431.2875545368912 0 0
434.8090455782265 0 0
438.3482325433631 0 0
441.9052043488894 0 0
445.4800504008421 0 0
449.0728605261046 0 0
452.6837249762305 0 0
456.3127344691528 0 0
459.9599801934451 0 0
463.6255537766043 0 0
467.3095473257569 0 0
471.0120533963801 0 0
474.7331649959642 0 0
478.4729756630463 0 0
482.2315793614357 0 0
486.0090705214642 0 0
489.8055440448955 0 0
493.6210953094998 0 0
497.4558202107807 0 0
501.3098150934964 0 0
505.1831767927226 0 0
509.0760026393089 0 0
512.9883904275262 0 0
516.9204384569728 0 0
520.8722455006284 0 0
524.8439108465118 0 0
528.835534302939 0 0
532.8472161667162 0 0
536.8790572281239 0 0
540.93115881268 0 0
545.0036227498217 0 0
549.0965513408811 0 0
553.2100474009685 0 0
557.3442142641428 0 0
561.4991558253746 0 0
565.6749765094148 0 0
569.8717812389689 0 0
574.0896754400262 0 0
578.3287650836102 0 0
582.5891566915546 0 0
586.8709573048382 0 0
591.1742744890726 0 0
595.4992163764138 0 0
599.8458916347523 0 0
604.2144094725887 0 0
608.6048796818053 0 0
613.0174125694917 0 0
617.4521189633175 0 0
621.9091102904341 0 0
626.3884985836672 0 0
630.8903963767617 0 0
635.4149167463004 0 0
639.9621733911471 0 0
644.5322806016869 0 0
649.125353191997 0 0
653.7415065419331 0 0
658.380856639998 0 0
663.0435200523871 0 0
667.7296139288287 0 0
672.439256008468 0 0
677.172564625792 0 0
681.9296587166048 0 0
686.7106578240426 0 0
691.5156820678898 0 0
696.3448521503149 0 0
701.1982893987747 0 0
706.07611577221 0 0
710.9784538305433 0 0
715.9054267406011 0 0
720.8571583191994 0 0
725.8337730027791 0 0
730.8353958167211 0 0
735.8621523814544 0 0
740.914169028859 0 0
745.9915726993274 0 0
751.0944909469165 0 0
756.2230520202454 0 0
761.377384758234 0 0
766.5576186699957 0 0
771.7638839049017 0 0
776.99631125871 0 0
782.2550322172258 0 0
787.5401789261463 0 0
792.8518841609567 0 0
798.190281370006 0 0
803.5555046816144 0 0
808.9476889105041 0 0
814.3669695650113 0 0
819.8134827801169 0 0
825.2873653975248 0 0
830.7887549730281 0 0
836.3177897096948 0 0
841.8746085381005 0 0
847.4593510871039 0 0
853.0721576535692 0 0
858.7131692831247 0 0
864.3825277042899 0 0
870.0803753703036 0 0
875.8068554700194 0 0
881.5621118580407 0 0
887.3462891001835 0 0
893.1595325538783 0 0
899.00198830268 0 0
904.8738031261097 0 0
910.7751245441502 0 0
916.7061008243159 0 0
922.6668810262614 0 0
928.6576148990829 0 0
934.6784529616862 0 0
940.7295465111838 0 0
946.8110475563822 0 0
952.9231088990481 0 0
959.0658841050007 0 0
965.2395275483813 0 0
971.444194346471 0 0
977.6800403665962 0 0
983.9472223080653 0 0
990.2458975996694 0 0
996.5762245173887 0 0
1002.938362156615 0 0
1009.332470329113 0 0
1015.758709681263 0 0
1022.217241702478 0 0
1028.708228659834 0 0
1035.231833642624 0 0
1041.788220570972 0 0
1048.377554167009 0 0
1 22 0 270
747
748
749
750
751
752
753
754
755
756
757
758
759
760
761
762
763
764
765
766
767
768
769
770
771
772
773
774
775
776
777
778
779
780
781
782
783
784
785
786
787
788
789
790
791
792
793
794
795
796
797
798
799
800
801
802
803
804
805
806
807
808
809
810
811
812
813
814
815
816
817
818
819
820
821
822
823
824
825
826
827
828
829
830
831
832
833
834
835
836
837
838
839
840
841
842
843
844
845
846
847
848
849
850
851
852
853
854
855
856
857
858
859
860
861
862
863
864
865
866
867
868
869
870
871
872
873
874
875
876
877
878
879
880
881
882
883
884
885
886
887
888
889
890
891
892
893
894
895
896
897
898
899
900
901
902
903
904
905
906
907
908
909
910
911
912
913
914
915
916
917
918
919
920
921
922
923
924
925
926
927
928
929
930
931
932
933
934
935
936
937
938
939
940
941
942
943
944
945
946
947
948
949
950
951
952
953
954
955
956
957
958
959
960
961
962
963
964
965
966
967
968
969
970
971
972
973
974
975
976
977
978
979
980
981
982
983
984
985
986
987
988
989
990
991
992
993
994
995
996
997
998
999
1000
1001
1002
1003
1004
1005
1006
1007
1008
1009
1010
1011
1012
1013
1014
1015
1016
72.71100082002559 0.25 0
74.43059960153107 0.25 0
76.15883957666807 0.25 0
77.89576419144861 0.25 0
79.6414170711647 0.25 0
81.39584205895272 0.25 0
83.15908325511086 0.25 0
84.93118498256834 0.25 0
86.71219175237141 0.25 0
88.50214830231421 0.25 0
90.30109959957466 0.25 0
92.10909084263072 0.25 0
93.92616746393051 0.25 0
95.75237513184297 0.25 0
97.58775975336265 0.25 0
99.43236740259789 0.25 0
101.2862444330183 0.25 0
103.1494374438314 0.25 0
105.0219932081543 0.25 0
106.9039587856828 0.25 0
108.7953814887521 0.25 0
110.6963088476796 0.25 0
112.6067886132417 0.25 0
114.5268687588007 0.25 0
116.4565975563135 0.25 0
118.3960235057355 0.25 0
120.3451953000842 0.25 0
122.3041619015038 0.25 0
124.2729725438513 0.25 0
126.2516767353014 0.25 0
128.2403241874738 0.25 0
130.2389648173385 0.25 0
132.2476488601214 0.25 0
134.2664267988564 0.25 0
136.2953493295984 0.25 0
138.3344674376387 0.25 0
140.3838324002424 0.25 0
142.4434956791599 0.25 0
144.5135089957943 0.25 0
146.5939244082309 0.25 0
148.6847941666897 0.25 0
150.7861707891207 0.25 0
152.8981071011752 0.25 0
155.020656165215 0.25 0
157.1538713195874 0.25 0
159.2978061447917 0.25 0
161.4525145024243 0.25 0
163.6180505385035 0.25 0
165.7944686857076 0.25 0
167.9818236299914 0.25 0
170.180170275749 0.25 0
172.3895638958449 0.25 0
174.6100600247947 0.25 0
176.8417144239919 0.25 0
179.0845831583036 0.25 0
181.3387225620755 0.25 0
183.6041892786534 0.25 0
185.8810402635477 0.25 0
188.1693327137538 0.25 0
190.4691241069701 0.25 0
192.7804722415756 0.25 0
195.1034352027627 0.25 0
197.4380713654417 0.25 0
199.7844393604181 0.25 0
202.1425981504687 0.25 0
204.5126069973 0.25 0
206.8945254270557 0.25 0
209.2884133071965 0.25 0
211.6943307760408 0.25 0
214.1123382822051 0.25 0
216.5424965880551 0.25 0
218.9848667356942 0.25 0
221.439510086841 0.25 0
223.9064883259816 0.25 0
226.3858634270847 0.25 0
228.8776976917339 0.25 0
231.382053755612 0.25 0
233.8989945149875 0.25 0
236.4285832045596 0.25 0
238.9708834008297 0.25 0
241.525958988302 0.25 0
244.0938741628254 0.25 0
246.6746934345897 0.25 0
249.2684816315156 0.25 0
251.8753039390486 0.25 0
254.4952258672174 0.25 0
257.1283132166129 0.25 0
259.774632155372 0.25 0
262.4342491859434 0.25 0
265.107231148257 0.25 0
267.7936451865393 0.25 0
270.4935587889133 0.25 0
273.2070397913814 0.25 0
275.9341563807269 0.25 0
278.6749770985497 0.25 0
281.4295707707228 0.25 0
284.1980066209866 0.25 0
286.980354201563 0.25 0
289.7766833958202 0.25 0
292.587064495933 0.25 0
295.4115681328404 0.25 0
298.2502652797273 0.25 0
301.1032272187812 0.25 0
303.970525617868 0.25 0
306.8522325715202 0.25 0
309.7484204943937 0.25 0
312.6591621244028 0.25 0
315.5845305999156 0.25 0
318.5245994270335 0.25 0
321.4794424461722 0.25 0
324.4491339092853 0.25 0
327.4337484472369 0.25 0
330.4333610364681 0.25 0
333.4480470763047 0.25 0
336.4778823196671 0.25 0
339.5229428394528 0.25 0
342.5833051426775 0.25 0
345.6590461747682 0.25 0
348.7502432132723 0.25 0
351.8569739078525 0.25 0
354.9793163214157 0.25 0
358.1173488970381 0.25 0
361.271150462036 0.25 0
364.4408002684469 0.25 0
367.6263779607801 0.25 0
370.827963579441 0.25 0
374.0456375652911 0.25 0
377.2794807631317 0.25 0
380.5295744263253 0.25 0
383.7960002203396 0.25 0
387.0788402274311 0.25 0
390.378176913503 0.25 0
393.6940931692293 0.25 0
397.0266723140921 0.25 0
400.37599810082 0.25 0
403.7421546827409 0.25 0
407.1252266179159 0.25 0
410.5252989100497 0.25 0
413.9424570130584 0.25 0
417.3767867617996 0.25 0
420.8283744494631 0.25 0
424.2973067958532 0.25 0
427.7836709509772 0.25 0
431.2875545368912 0.25 0
434.8090455782265 0.25 0
438.3482325433631 0.25 0
441.9052043488894 0.25 0
445.4800504008421 0.25 0
449.0728605261046 0.25 0
452.6837249762305 0.25 0
456.3127344691528 0.25 0
459.9599801934451 0.25 0
463.6255537766043 0.25 0
467.3095473257569 0.25 0
471.0120533963801 0.25 0
474.7331649959642 0.25 0
478.4729756630463 0.25 0
482.2315793614357 0.25 0
486.0090705214642 0.25 0
489.8055440448955 0.25 0
493.6210953094998 0.25 0
497.4558202107807 0.25 0
501.3098150934964 0.25 0
505.1831767927226 0.25 0
509.0760026393089 0.25 0
512.9883904275262 0.25 0
516.9204384569728 0.25 0
520.8722455006284 0.25 0
524.8439108465118 0.25 0
528.835534302939 0.25 0
532.8472161667162 0.25 0
536.8790572281239 0.25 0
540.93115881268 0.25 0
545.0036227498217 0.25 0
549.0965513408811 0.25 0
553.2100474009685 0.25 0
557.3442142641428 0.25 0
561.4991558253746 0.25 0
565.6749765094148 0.25 0
569.8717812389689 0.25 0
574.0896754400262 0.25 0
578.3287650836102 0.25 0
582.5891566915546 0.25 0
586.8709573048382 0.25 0
591.1742744890726 0.25 0
595.4992163764138 0.25 0
599.8458916347523 0.25 0
604.2144094725887 0.25 0
608.6048796818053 0.25 0
613.0174125694917 0.25 0
617.4521189633175 0.25 0
621.9091102904341 0.25 0
626.3884985836672 0.25 0
630.8903963767617 0.25 0
635.4149167463004 0.25 0
639.9621733911471 0.25 0
644.5322806016869 0.25 0
649.125353191997 0.25 0
653.7415065419331 0.25 0
658.380856639998 0.25 0
663.0435200523871 0.25 0
667.7296139288287 0.25 0
672.439256008468 0.25 0
677.172564625792 0.25 0
681.9296587166048 0.25 0
686.7106578240426 0.25 0
691.5156820678898 0.25 0
696.3448521503149 0.25 0
701.1982893987747 0.25 0
706.07611577221 0.25 0
710.9784538305433 0.25 0
715.9054267406011 0.25 0
720.8571583191994 0.25 0
725.8337730027791 0.25 0
730.8353958167211 0.25 0
735.8621523814544 0.25 0
740.914169028859 0.25 0
745.9915726993274 0.25 0
751.0944909469165 0.25 0
756.2230520202454 0.25 0
761.377384758234 0.25 0
766.5576186699957 0.25 0
771.7638839049017 0.25 0
776.99631125871 0.25 0
782.2550322172258 0.25 0
787.5401789261463 0.25 0
792.8518841609567 0.25 0
798.190281370006 0.25 0
803.5555046816144 0.25 0
808.9476889105041 0.25 0
814.3669695650113 0.25 0
819.8134827801169 0.25 0
825.2873653975248 0.25 0
830.7887549730281 0.25 0
836.3177897096948 0.25 0
841.8746085381005 0.25 0
847.4593510871039 0.25 0
853.0721576535692 0.25 0
858.7131692831247 0.25 0
864.3825277042899 0.25 0
870.0803753703036 0.25 0
875.8068554700194 0.25 0
881.5621118580407 0.25 0
887.3462891001835 0.25 0
893.1595325538783 0.25 0
899.00198830268 0.25 0
904.8738031261097 0.25 0
910.7751245441502 0.25 0
916.7061008243159 0.25 0
922.6668810262614 0.25 0
928.6576148990829 0.25 0
934.6784529616862 0.25 0
940.7295465111838 0.25 0
946.8110475563822 0.25 0
952.9231088990481 0.25 0
959.0658841050007 0.25 0
965.2395275483813 0.25 0
971.444194346471 0.25 0
977.6800403665962 0.25 0
983.9472223080653 0.25 0
990.2458975996694 0.25 0
996.5762245173887 0.25 0
1002.938362156615 0.25 0
1009.332470329113 0.25 0
1015.758709681263 0.25 0
1022.217241702478 0.25 0
1028.708228659834 0.25 0
1035.231833642624 0.25 0
1041.788220570972 0.25 0
1048.377554167009 0.25 0
1 23 0 14
1017
1018
1019
1020
1021
1022
1023
1024
1025
1026
1027
1028
1029
1030
-12.68330415973807 0.25 0
-10.02994746988198 0.25 0
-7.907262126115331 0.25 0
-6.209113842362191 0.25 0
-4.850595198151922 0.25 0
-3.763780287483396 0.25 0
-2.894328378170989 0.25 0
-2.198766852323695 0.25 0
-1.642317627629778 0.25 0
-1.197158246781052 0.25 0
-0.8410307380482873 0.25 0
-0.5561287214612172 0.25 0
-0.3282071132265294 0.25 0
-0.1458698370245859 0.25 0
1 24 0 2
1031
1032
-100 1.749999985925977 0
-100 0.749999984684742 0
1 25 0 10
1033
1034
1035
1036
1037
1038
1039
1040
1041
1042
1055 7.185830660888021 0
1055 11.48061886021433 0
1055 16.84910396803901 0
1055 23.55971020098647 0
1055 31.94796817867106 0
1055 42.43329055812072 0
1055 55.5399435000393 0
1055 71.92325965393924 0
1055 92.40240467022062 0
1055 118.0013358676537 0
1 26 0 270
1043
1044
1045
1046
1047
1048
1049
1050
1051
1052
1053
1054
1055
1056
1057
1058
1059
1060
1061
1062
1063
1064
1065
1066
1067
1068
1069
1070
1071
1072
1073
1074
1075
1076
1077
1078
1079
1080
1081
1082
1083
1084
1085
1086
1087
1088
1089
1090
1091
1092
1093
1094
1095
1096
1097
1098
1099
1100
1101
1102
1103
1104
1105
1106
1107
1108
1109
1110
1111
1112
1113
1114
1115
1116
1117
1118
1119
1120
1121
1122
1123
1124
1125
1126
1127
1128
1129
1130
1131
1132
1133
1134
1135
1136
1137
1138
1139
1140
1141
1142
1143
1144
1145
1146
1147
1148
1149
1150
1151
1152
1153
1154
1155
1156
1157
1158
1159
1160
1161
1162
1163
1164
1165
1166
1167
1168
1169
1170
1171
1172
1173
1174
1175
1176
1177
1178
1179
1180
1181
1182
1183
1184
1185
1186
1187
1188
1189
1190
1191
1192
1193
1194
1195
1196
1197
1198
1199
1200
1201
1202
1203
1204
1205
1206
1207
1208
1209
1210
1211
1212
1213
1214
1215
1216
1217
1218
1219
1220
1221
1222
1223
1224
1225
1226
1227
1228
1229
1230
1231
1232
1233
1234
1235
1236
1237
1238
1239
1240
1241
1242
1243
1244
1245
1246
1247
1248
1249
1250
1251
1252
1253
1254
1255
1256
1257
1258
1259
1260
1261
1262
1263
1264
1265
1266
1267
1268
1269
1270
1271
1272
1273
1274
1275
1276
1277
1278
1279
1280
1281
1282
1283
1284
1285
1286
1287
1288
1289
1290
1291
1292
1293
1294
1295
1296
1297
1298
1299
1300
1301
1302
1303
1304
1305
1306
1307
1308
1309
1310
1311
1312
1048.377554202937 3.75 0
1041.788220606085 3.75 0
1035.231833676932 3.75 0
1028.708228693341 3.75 0
1022.21724173521 3.75 0
1015.758709713284 3.75 0
1009.332470360429 3.75 0
1002.938362187231 3.75 0
996.5762245473118 3.75 0
990.2458976288691 3.75 0
983.9472223365118 3.75 0
977.6800403942977 3.75 0
971.4441943734325 3.75 0
965.2395275746107 3.75 0
959.0658841305049 3.75 0
952.9231089238322 3.75 0
946.8110475804531 3.75 0
940.7295465345492 3.75 0
934.6784529843509 3.75 0
928.6576149210925 3.75 0
922.6668810476009 3.75 0
916.706100844975 3.75 0
910.7751245641343 3.75 0
904.873803145425 3.75 0
899.0019883213329 3.75 0
893.1595325718745 3.75 0
887.3462891175295 3.75 0
881.5621118747425 3.75 0
875.8068554860831 3.75 0
870.0803753857354 3.75 0
864.3825277190583 3.75 0
858.7131692973101 3.75 0
853.0721576671406 3.75 0
847.4593511000669 3.75 0
841.8746085504607 3.75 0
836.3177897214578 3.75 0
830.7887549841997 3.75 0
825.2873654081106 3.75 0
819.8134827901224 3.75 0
814.366969574442 3.75 0
808.9476889193659 3.75 0
803.5555046899123 3.75 0
798.1902813777452 3.75 0
792.8518841681433 3.75 0
787.5401789327847 3.75 0
782.2550322233219 3.75 0
776.9963112642691 3.75 0
771.7638839099291 3.75 0
766.5576186744967 3.75 0
761.3773847622138 3.75 0
756.2230520237083 3.75 0
751.0944909498676 3.75 0
745.9915727017722 3.75 0
740.9141690308021 3.75 0
735.8621523829017 3.75 0
730.8353958176767 3.75 0
725.833773003248 3.75 0
720.8571583191863 3.75 0
715.9054267401109 3.75 0
710.9784538295809 3.75 0
706.0761157707799 3.75 0
701.198289396882 3.75 0
696.3448521479643 3.75 0
691.5156820650855 3.75 0
686.7106578207895 3.75 0
681.9296587129066 3.75 0
677.1725646216537 3.75 0
672.4392560038941 3.75 0
667.7296139238242 3.75 0
663.043520046956 3.75 0
658.3808566341452 3.75 0
653.7415065356631 3.75 0
649.1253531853138 3.75 0
644.5322805945945 3.75 0
639.9621733836498 3.75 0
635.4149167384028 3.75 0
630.8903963684677 3.75 0
626.3884985749805 3.75 0
621.9091102813595 3.75 0
617.4521189538586 3.75 0
613.0174125596534 3.75 0
608.6048796715916 3.75 0
604.2144094620039 3.75 0
599.8458916237996 3.75 0
595.499216365097 3.75 0
591.1742744773953 3.75 0
586.8709572928044 3.75 0
582.5891566791684 3.75 0
578.3287650708751 3.75 0
574.0896754269468 3.75 0
569.8717812255485 3.75 0
565.6749764956573 3.75 0
561.4991558112836 3.75 0
557.3442142497217 3.75 0
553.210047386221 3.75 0
549.0965513258112 3.75 0
545.0036227344328 3.75 0
540.9311587969759 3.75 0
536.8790572121075 3.75 0
532.847216150392 3.75 0
528.8355342863098 3.75 0
524.8439108295813 3.75 0
520.8722454833998 3.75 0
516.9204384394495 3.75 0
512.9883904097117 3.75 0
509.0760026211906 3.75 0
505.1831767742972 3.75 0
501.3098150747676 3.75 0
497.4558201917516 3.75 0
493.6210952901743 3.75 0
489.8055440252774 3.75 0
486.0090705015564 3.75 0
482.2315793412414 3.75 0
478.4729756425691 3.75 0
474.7331649752074 3.75 0
471.0120533753473 3.75 0
467.309547304451 3.75 0
463.625553755029 3.75 0
459.9599801716035 3.75 0
456.3127344470478 3.75 0
452.6837249538653 3.75 0
449.0728605034828 3.75 0
445.4800503779667 3.75 0
441.9052043257633 3.75 0
438.3482325199896 3.75 0
434.8090455546082 3.75 0
431.2875545130314 3.75 0
427.7836709268786 3.75 0
424.2973067715192 3.75 0
420.8283744248964 3.75 0
417.3767867370033 3.75 0
413.9424569880352 3.75 0
410.5252988848029 3.75 0
407.1252265924484 3.75 0
403.7421546570554 3.75 0
400.3759980749192 3.75 0
397.0266722879786 3.75 0
393.6940931429062 3.75 0
390.3781768869731 3.75 0
387.078840200697 3.75 0
383.7960001934043 3.75 0
380.5295743991911 3.75 0
377.2794807358017 3.75 0
374.0456375377676 3.75 0
370.8279635517265 3.75 0
367.6263779328771 3.75 0
364.440800240358 3.75 0
361.2711504337639 3.75 0
358.1173488685853 3.75 0
354.9793162927846 3.75 0
351.856973879046 3.75 0
348.7502431842928 3.75 0
345.6590461456184 3.75 0
342.5833051133595 3.75 0
339.522942809969 3.75 0
336.4778822900199 3.75 0
333.4480470464966 3.75 0
330.4333610065014 3.75 0
327.4337484171137 3.75 0
324.4491338790081 3.75 0
321.4794424157433 3.75 0
318.524599396455 3.75 0
315.5845305691895 3.75 0
312.6591620935316 3.75 0
309.7484204633796 3.75 0
306.8522325403651 3.75 0
303.9705255866527 3.75 0
301.1032271873511 3.75 0
298.2502652481631 3.75 0
295.4115681011442 3.75 0
292.5870644641067 3.75 0
289.7766833638665 3.75 0
286.9803541694836 3.75 0
284.1980065887833 3.75 0
281.4295707383978 3.75 0
278.6749770661054 3.75 0
275.9341563481649 3.75 0
273.2070397587038 3.75 0
270.4935587561224 3.75 0
267.7936451536366 3.75 0
265.1072311152444 3.75 0
262.4342491528226 3.75 0
259.7746321221456 3.75 0
257.1283131832823 3.75 0
254.4952258337846 3.75 0
251.8753039055154 3.75 0
249.268481597884 3.75 0
246.6746934008614 3.75 0
244.0938741290021 3.75 0
241.5259589543857 3.75 0
238.9708833668221 3.75 0
236.4285831704628 3.75 0
233.8989944808028 3.75 0
231.3820537213415 3.75 0
228.877697657379 3.75 0
226.3858633927332 3.75 0
223.9064882914631 3.75 0
221.4395100522432 3.75 0
218.9848667010185 3.75 0
216.5424965533034 3.75 0
214.1123382473792 3.75 0
211.6943307411416 3.75 0
209.2884132722259 3.75 0
206.8945253920156 3.75 0
204.5126069621919 3.75 0
202.1425981152943 3.75 0
199.7844393251786 3.75 0
197.4380713301391 3.75 0
195.1034351673981 3.75 0
192.7804722061504 3.75 0
190.469124071486 3.75 0
188.1693326782121 3.75 0
185.8810402279502 3.75 0
183.6041892430017 3.75 0
181.3387225263706 3.75 0
179.0845831225471 3.75 0
176.8417143881851 3.75 0
174.6100599889393 3.75 0
172.3895638599419 3.75 0
170.1801702397998 3.75 0
167.9818235939974 3.75 0
165.7944686496701 3.75 0
163.618050502424 3.75 0
161.4525144663043 3.75 0
159.2978061086322 3.75 0
157.15387128339 3.75 0
155.0206561289809 3.75 0
152.8981070649054 3.75 0
150.786170752817 3.75 0
148.6847941303531 3.75 0
146.5939243718624 3.75 0
144.5135089593953 3.75 0
142.4434956427317 3.75 0
140.383832363786 3.75 0
138.3344674011554 3.75 0
136.2953492930892 3.75 0
134.2664267623226 3.75 0
132.2476488235641 3.75 0
130.2389647807589 3.75 0
128.240324150873 3.75 0
126.2516766986806 3.75 0
124.2729725072116 3.75 0
122.3041618648464 3.75 0
120.34519526341 3.75 0
118.3960234690456 3.75 0
116.4565975196091 3.75 0
114.5268687220829 3.75 0
112.6067885765116 3.75 0
110.6963088109379 3.75 0
108.7953814520001 3.75 0
106.9039587489214 3.75 0
105.0219931713845 3.75 0
103.1494374070541 3.75 0
101.2862443962347 3.75 0
99.43236736580889 3.75 0
97.58775971656939 3.75 0
95.75237509504666 3.75 0
93.92616742713176 3.75 0
92.10909080583031 3.75 0
90.30109956277397 3.75 0
88.50214826551371 3.75 0
86.71219171557186 3.75 0
84.93118494577061 3.75 0
83.15908321831637 3.75 0
81.3958420221619 3.75 0
79.64141703437883 3.75 0
77.89576415466843 3.75 0
76.15883953989476 3.75 0
74.43059956476498 3.75 0
72.71100078326765 3.75 0
1 27 0 20
1313
1314
1315
1316
1317
1318
1319
1320
1321
1322
1323
1324
1325
1326
1327
1328
1329
1330
1331
1332
-95.58527046937866 3.75 0
-91.21468823266611 3.75 0
-86.88781181580126 3.75 0
-82.60420415867605 3.75 0
-78.36343257713837 3.75 0
-74.16506871323423 3.75 0
-70.00868848650846 3.75 0
-65.8938720650049 3.75 0
-61.82020381161699 3.75 0
-57.78727223817417 3.75 0
-53.79466997884192 3.75 0
-49.84199374553916 3.75 0
-45.92884427781397 3.75 0
-42.05482630008553 3.75 0
-38.21954849842778 3.75 0
-34.42262347905 3.75 0
-30.66366770896734 3.75 0
-26.94230149533101 3.75 0
-23.25814894616619 3.75 0
-19.61083791980739 3.75 0
1 30 0 14
1333
1334
1335
1336
1337
1338
1339
1340
1341
1342
1343
1344
1345
1346
-12.68330415973807 3.75 0
-10.02994746988198 3.75 0
-7.907262126115331 3.75 0
-6.209113842362191 3.75 0
-4.850595198151922 3.75 0
-3.763780287483396 3.75 0
-2.894328378170989 3.75 0
-2.198766852323695 3.75 0
-1.642317627629778 3.75 0
-1.197158246781052 3.75 0
-0.8410307380482873 3.75 0
-0.5561287214612172 3.75 0
-0.3282071132265294 3.75 0
-0.1458698370245859 3.75 0
1 31 0 45
1347
1348
1349
1350
1351
1352
1353
1354
1355
1356
1357
1358
1359
1360
1361
1362
1363
1364
1365
1366
1367
1368
1369
1370
1371
1372
1373
1374
1375
1376
1377
1378
1379
1380
1381
1382
1383
1384
1385
1386
1387
1388
1389
1390
1391
0.1081854074111959 3.75 0
0.2232766417625921 3.75 0
0.3457145338131435 3.75 0
0.4759680288684228 3.75 0
0.614536030733698 3.75 0
0.7619492866075251 3.75 0
0.9187724093675987 3.75 0
1.085606062136809 3.75 0
1.2630892525654 3.75 0
1.451901769636841 3.75 0
1.652766803872303 3.75 0
1.866453714404362 3.75 0
2.093780954332801 3.75 0
2.335619235699588 3.75 0
2.592894842024358 3.75 0
2.866593185416226 3.75 0
3.15776259365853 3.75 0
3.467518296443897 3.75 0
3.797046721845336 3.75 0
4.147610024007882 3.75 0
4.520550919794491 3.75 0
4.917297856751476 3.75 0
5.339370454610254 3.75 0
5.788385327616277 3.75 0
6.266062283471138 3.75 0
6.774230919602386 3.75 0
7.314837618246113 3.75 0
7.889953002100012 3.75 0
8.501779876215238 3.75 0
9.152661660502794 3.75 0
9.845091356184229 3.75 0
10.58172109737423 3.75 0
11.36537232968191 3.75 0
12.1990465872905 3.75 0
13.08593698822202 3.75 0
14.02944050262383 3.75 0
15.03317093557204 3.75 0
16.10097275373484 3.75 0
17.23693584718418 3.75 0
18.44541118235909 3.75 0
19.73102745226695 3.75 0
21.09870880187362 3.75 0
22.55369371419548 3.75 0
24.10155507810594 3.75 0
25.74822149651463 3.75 0
1 32 0 58
1392
1393
1394
1395
1396
1397
1398
1399
1400
1401
1402
1403
1404
1405
1406
1407
1408
1409
1410
1411
1412
1413
1414
1415
1416
1417
1418
1419
1420
1421
1422
1423
1424
1425
1426
1427
1428
1429
1430
1431
1432
1433
1434
1435
1436
1437
1438
1439
1440
1441
1442
1443
1444
1445
1446
1447
1448
1449
28.74145388093399 3.75 0
29.93148243129548 3.75 0
31.07221587018972 3.75 0
32.16569617082274 3.75 0
33.2138807151537 3.75 0
34.21864581647736 3.75 0
35.18179005662933 3.75 0
36.10503751921832 3.75 0
36.99004086674198 3.75 0
37.83838430341059 3.75 0
38.65158641123672 3.75 0
39.43110285802008 3.75 0
40.17832902560508 3.75 0
40.89460249150933 3.75 0
41.58120542634688 3.75 0
42.23936688676641 3.75 0
42.870265006248 3.75 0
43.4750291332514 3.75 0
44.05474183606159 3.75 0
44.61044082113638 3.75 0
45.14312081980027 3.75 0
45.65373536300449 3.75 0
46.14319847970498 3.75 0
46.61238633947475 3.75 0
47.06213881201438 3.75 0
47.49326097503349 3.75 0
47.90652455758344 3.75 0
48.30266932511734 3.75 0
48.68240440136805 3.75 0
49.04640953341746 3.75 0
49.39533631176555 3.75 0
49.72980933313835 3.75 0
50.05042731875869 3.75 0
50.35776419188338 3.75 0
50.65237010083861 3.75 0
50.93477240966296 3.75 0
51.20547663198886 3.75 0
51.46496734068141 3.75 0
51.71370904356736 3.75 0
51.95214700612762 3.75 0
52.18070803926846 3.75 0
52.39980128316935 3.75 0
52.60981892480965 3.75 0
52.81113690228298 3.75 0
53.00411559013753 3.75 0
53.18910043191255 3.75 0
53.36642256077852 3.75 0
53.5363993878059 3.75 0
53.69933518337056 3.75 0
53.85552161143654 3.75 0
54.00523825428984 3.75 0
54.14875311893072 3.75 0
54.28632310255587 3.75 0
54.41819446189358 3.75 0
54.54460325399397 3.75 0
54.66577575355694 3.75 0
54.78192886764455 3.75 0
54.89327051184921 3.75 0
1 33 0 25
1450
1451
1452
1453
1454
1455
1456
1457
1458
1459
1460
1461
1462
1463
1464
1465
1466
1467
1468
1469
1470
1471
1472
1473
1474
55.12279774173529 3.75 0
55.25923966375125 3.75 0
55.41084180384853 3.75 0
55.57928863656311 3.75 0
55.76645178887914 3.75 0
55.97441084248818 3.75 0
56.20547645584054 3.75 0
56.46221602984375 3.75 0
56.74748222208136 3.75 0
57.06444465714426 3.75 0
57.41662513784771 3.75 0
57.80793678317239 3.75 0
58.24272750588644 3.75 0
58.72582831026313 3.75 0
59.26260697509448 3.75 0
59.85902771100093 3.75 0
60.52171741724657 3.75 0
61.2580393130326 3.75 0
62.07617474825502 3.75 0
62.98521412389081 3.75 0
63.99525787641139 3.75 0
65.11752870764055 3.75 0
66.3644963015366 3.75 0
67.75001585590337 3.75 0
69.28948203224259 3.75 0
2 1 0 0
2 2 0 416
1475
1476
1477
1478
1479
1480
1481
1482
1483
1484
1485
1486
1487
1488
1489
1490
1491
1492
1493
1494
1495
1496
1497
1498
1499
1500
1501
1502
1503
1504
1505
1506
1507
1508
1509
1510
1511
1512
1513
1514
1515
1516
1517
1518
1519
1520
1521
1522
1523
1524
1525
1526
1527
1528
1529
1530
1531
1532
1533
1534
1535
1536
1537
1538
1539
1540
1541
1542
1543
1544
1545
1546
1547
1548
1549
1550
1551
1552
1553
1554
1555
1556
1557
1558
1559
1560
1561
1562
1563
1564
1565
1566
1567
1568
1569
1570
1571
1572
1573
1574
1575
1576
1577
1578
1579
1580
1581
1582
1583
1584
1585
1586
1587
1588
1589
1590
1591
1592
1593
1594
1595
1596
1597
1598
1599
1600
1601
1602
1603
1604
1605
1606
1607
1608
1609
1610
1611
1612
1613
1614
1615
1616
1617
1618
1619
1620
1621
1622
1623
1624
1625
1626
1627
1628
1629
1630
1631
1632
1633
1634
1635
1636
1637
1638
1639
1640
1641
1642
1643
1644
1645
1646
1647
1648
1649
1650
1651
1652
1653
1654
1655
1656
1657
1658
1659
1660
1661
1662
1663
1664
1665
1666
1667
1668
1669
1670
1671
1672
1673
1674
1675
1676
1677
1678
1679
1680
1681
1682
1683
1684
1685
1686
1687
1688
1689
1690
1691
1692
1693
1694
1695
1696
1697
1698
1699
1700
1701
1702
1703
1704
1705
1706
1707
1708
1709
1710
1711
1712
1713
1714
1715
1716
1717
1718
1719
1720
1721
1722
1723
1724
1725
1726
1727
1728
1729
1730
1731
1732
1733
1734
1735
1736
1737
1738
1739
1740
1741
1742
1743
1744
1745
1746
1747
1748
1749
1750
1751
1752
1753
1754
1755
1756
1757
1758
1759
1760
1761
1762
1763
1764
1765
1766
1767
1768
1769
1770
1771
1772
1773
1774
1775
1776
1777
1778
1779
1780
1781
1782
1783
1784
1785
1786
1787
1788
1789
1790
1791
1792
1793
1794
1795
1796
1797
1798
1799
1800
1801
1802
1803
1804
1805
1806
1807
1808
1809
1810
1811
1812
1813
1814
1815
1816
1817
1818
1819
1820
1821
1822
1823
1824
1825
1826
1827
1828
1829
1830
1831
1832
1833
1834
1835
1836
1837
1838
1839
1840
1841
1842
1843
1844
1845
1846
1847
1848
1849
1850
1851
1852
1853
1854
1855
1856
1857
1858
1859
1860
1861
1862
1863
1864
1865
1866
1867
1868
1869
1870
1871
1872
1873
1874
1875
1876
1877
1878
1879
1880
1881
1882
1883
1884
1885
1886
1887
1888
1889
1890
0.108185407411196 -0.7631578945411215 0
0.1081854074111959 -0.5 0
0.1081854074111959 -0.3154981550649567 0
0.108185407411196 -0.14944649460139 0
0.2232766417625922 -0.7631578945414907 0
0.2232766417625921 -0.5 0
0.2232766417625921 -0.3154981550654514 0
0.2232766417625922 -0.1494464946016136 0
0.3457145338131435 -0.7631578945418835 0
0.3457145338131435 -0.5 0
0.3457145338131435 -0.3154981550659777 0
0.3457145338131435 -0.1494464946018516 0
0.4759680288684228 -0.7631578945423015 0
0.4759680288684228 -0.5 0
0.4759680288684228 -0.3154981550665374 0
0.4759680288684228 -0.1494464946021046 0
0.614536030733698 -0.7631578945427462 0
0.614536030733698 -0.5 0
0.614536030733698 -0.3154981550671328 0
0.614536030733698 -0.1494464946023737 0
0.7619492866075253 -0.7631578945432189 0
0.7619492866075251 -0.5 0
0.7619492866075253 -0.3154981550677665 0
0.7619492866075251 -0.1494464946026601 0
0.918772409367599 -0.7631578945437223 0
0.9187724093675987 -0.5 0
0.9187724093675989 -0.3154981550684403 0
0.918772409367599 -0.1494464946029648 0
1.085606062136809 -0.7631578945442573 0
1.085606062136809 -0.5 0
1.085606062136809 -0.3154981550691573 0
1.085606062136809 -0.1494464946032889 0
1.2630892525654 -0.7631578945448267 0
1.2630892525654 -0.5 0
1.2630892525654 -0.3154981550699201 0
1.2630892525654 -0.1494464946036337 0
1.451901769636841 -0.7631578945454325 0
1.451901769636841 -0.5 0
1.451901769636841 -0.3154981550707316 0
1.451901769636841 -0.1494464946040005 0
1.652766803872303 -0.7631578945460771 0
1.652766803872303 -0.5 0
1.652766803872303 -0.315498155071595 0
1.652766803872303 -0.1494464946043907 0
1.866453714404362 -0.7631578945467625 0
1.866453714404362 -0.5 0
1.866453714404362 -0.3154981550725133 0
1.866453714404362 -0.1494464946048058 0
2.093780954332801 -0.7631578945474918 0
2.093780954332801 -0.5 0
2.093780954332802 -0.3154981550734902 0
2.093780954332801 -0.1494464946052474 0
2.335619235699587 -0.7631578945482679 0
2.335619235699588 -0.5 0
2.335619235699588 -0.3154981550745295 0
2.335619235699588 -0.1494464946057172 0
2.592894842024357 -0.7631578945490933 0
2.592894842024358 -0.5 0
2.592894842024358 -0.3154981550756353 0
2.592894842024358 -0.1494464946062171 0
2.866593185416226 -0.7631578945499715 0
2.866593185416226 -0.5 0
2.866593185416226 -0.3154981550768116 0
2.866593185416226 -0.1494464946067488 0
3.157762593658529 -0.7631578945509057 0
3.15776259365853 -0.5 0
3.15776259365853 -0.3154981550780629 0
3.15776259365853 -0.1494464946073144 0
3.467518296443897 -0.7631578945518993 0
3.467518296443897 -0.5 0
3.467518296443897 -0.315498155079394 0
3.467518296443897 -0.1494464946079161 0
3.797046721845336 -0.7631578945529567 0
3.797046721845336 -0.5 0
3.797046721845335 -0.3154981550808102 0
3.797046721845336 -0.1494464946085564 0
4.147610024007882 -0.7631578945540816 0
4.147610024007882 -0.5 0
4.147610024007882 -0.3154981550823169 0
4.147610024007882 -0.1494464946092374 0
4.52055091979449 -0.7631578945552779 0
4.520550919794491 -0.5 0
4.520550919794491 -0.3154981550839198 0
4.520550919794491 -0.1494464946099618 0
4.917297856751476 -0.7631578945565509 0
4.917297856751476 -0.5 0
4.917297856751476 -0.3154981550856248 0
4.917297856751476 -0.1494464946107327 0
5.339370454610253 -0.7631578945579051 0
5.339370454610254 -0.5 0
5.339370454610254 -0.3154981550874387 0
5.339370454610254 -0.1494464946115526 0
5.788385327616277 -0.7631578945593457 0
5.788385327616277 -0.5 0
5.788385327616277 -0.3154981550893685 0
5.788385327616277 -0.1494464946124249 0
6.266062283471137 -0.7631578945608781 0
6.266062283471138 -0.5 0
6.266062283471137 -0.3154981550914213 0
6.266062283471137 -0.1494464946133529 0
6.774230919602386 -0.7631578945625086 0
6.774230919602386 -0.5 0
6.774230919602384 -0.3154981550936053 0
6.774230919602385 -0.1494464946143401 0
7.314837618246114 -0.763157894564243 0
7.314837618246113 -0.5 0
7.314837618246113 -0.3154981550959287 0
7.314837618246112 -0.1494464946153903 0
7.889953002100013 -0.7631578945660883 0
7.889953002100012 -0.5 0
7.889953002100011 -0.3154981550984003 0
7.889953002100012 -0.1494464946165076 0
8.501779876215238 -0.7631578945680513 0
8.501779876215238 -0.5 0
8.501779876215238 -0.3154981551010297 0
8.501779876215238 -0.1494464946176962 0
9.152661660502792 -0.7631578945701395 0
9.152661660502794 -0.5 0
9.152661660502794 -0.3154981551038269 0
9.152661660502794 -0.1494464946189606 0
9.845091356184229 -0.7631578945723612 0
9.845091356184229 -0.5 0
9.845091356184229 -0.3154981551068028 0
9.845091356184229 -0.1494464946203058 0
10.58172109737422 -0.7631578945747246 0
10.58172109737423 -0.5 0
10.58172109737423 -0.3154981551099686 0
10.58172109737423 -0.1494464946217368 0
11.36537232968191 -0.7631578945772386 0
11.36537232968191 -0.5 0
11.36537232968191 -0.3154981551133366 0
11.36537232968191 -0.1494464946232592 0
12.1990465872905 -0.7631578945799133 0
12.1990465872905 -0.5 0
12.1990465872905 -0.3154981551169194 0
12.1990465872905 -0.1494464946248787 0
13.08593698822202 -0.7631578945827591 0
13.08593698822202 -0.5 0
13.08593698822202 -0.315498155120731 0
13.08593698822202 -0.1494464946266017 0
14.02944050262383 -0.763157894585786 0
14.02944050262383 -0.5 0
14.02944050262383 -0.315498155124786 0
14.02944050262384 -0.1494464946284346 0
15.03317093557204 -0.7631578945890063 0
15.03317093557204 -0.5 0
15.03317093557204 -0.3154981551290996 0
15.03317093557204 -0.1494464946303846 0
16.10097275373484 -0.7631578945924322 0
16.10097275373484 -0.5 0
16.10097275373484 -0.3154981551336886 0
16.10097275373484 -0.149446494632459 0
17.23693584718418 -0.7631578945960769 0
17.23693584718418 -0.5 0
17.23693584718418 -0.3154981551385707 0
17.23693584718418 -0.1494464946346657 0
18.44541118235909 -0.7631578945999542 0
18.44541118235909 -0.5 0
18.44541118235909 -0.3154981551437643 0
18.44541118235908 -0.1494464946370135 0
19.73102745226695 -0.7631578946040789 0
19.73102745226695 -0.5 0
19.73102745226695 -0.3154981551492895 0
19.73102745226695 -0.149446494639511 0
21.09870880187362 -0.7631578946084669 0
21.09870880187362 -0.5 0
21.09870880187362 -0.3154981551551674 0
21.09870880187362 -0.149446494642168 0
22.55369371419548 -0.7631578946131352 0
22.55369371419548 -0.5 0
22.55369371419548 -0.3154981551614204 0
22.55369371419548 -0.1494464946449945 0
24.10155507810594 -0.7631578946181012 0
24.10155507810594 -0.5 0
24.10155507810595 -0.3154981551680727 0
24.10155507810595 -0.1494464946480015 0
25.74822149651462 -0.7631578946233843 0
25.74822149651463 -0.5 0
25.74822149651463 -0.3154981551751495 0
25.74822149651463 -0.1494464946512005 0
27.5 -0.7631578946290047 0
27.5 -0.5 0
27.5 -0.3154981551826781 0
27.5 -0.1494464946546036 0
28.74145388093399 -0.7631578946329878 0
28.74145388093399 -0.5 0
28.74145388093399 -0.3154981551880134 0
28.74145388093399 -0.1494464946570154 0
29.93148243129547 -0.7631578946368058 0
29.93148243129548 -0.5 0
29.93148243129549 -0.3154981551931278 0
29.93148243129548 -0.1494464946593272 0
31.07221587018972 -0.7631578946404658 0
31.07221587018972 -0.5 0
31.07221587018972 -0.3154981551980303 0
31.07221587018972 -0.1494464946615434 0
32.16569617082274 -0.7631578946439741 0
32.16569617082274 -0.5 0
32.16569617082274 -0.3154981552027297 0
32.16569617082274 -0.1494464946636676 0
33.21388071515369 -0.763157894647337 0
33.2138807151537 -0.5 0
33.2138807151537 -0.3154981552072345 0
33.2138807151537 -0.1494464946657039 0
34.21864581647736 -0.7631578946505606 0
34.21864581647736 -0.5 0
34.21864581647736 -0.3154981552115527 0
34.21864581647735 -0.1494464946676558 0
35.18179005662933 -0.7631578946536508 0
35.18179005662933 -0.5 0
35.18179005662933 -0.3154981552156919 0
35.18179005662934 -0.1494464946695269 0
36.10503751921832 -0.7631578946566129 0
36.10503751921832 -0.5 0
36.10503751921832 -0.3154981552196598 0
36.10503751921832 -0.1494464946713205 0
36.99004086674198 -0.7631578946594524 0
36.99004086674198 -0.5 0
36.99004086674198 -0.3154981552234633 0
36.99004086674198 -0.1494464946730398 0
37.83838430341059 -0.7631578946621742 0
37.83838430341059 -0.5 0
37.83838430341059 -0.3154981552271092 0
37.8383843034106 -0.1494464946746878 0
38.65158641123672 -0.7631578946647832 0
38.65158641123672 -0.5 0
38.65158641123672 -0.315498155230604 0
38.65158641123672 -0.1494464946762676 0
39.43110285802007 -0.7631578946672841 0
39.43110285802008 -0.5 0
39.43110285802008 -0.3154981552339542 0
39.43110285802008 -0.149446494677782 0
40.17832902560508 -0.7631578946696815 0
40.17832902560508 -0.5 0
40.17832902560508 -0.3154981552371655 0
40.17832902560508 -0.1494464946792336 0
40.89460249150933 -0.7631578946719797 0
40.89460249150933 -0.5 0
40.89460249150933 -0.3154981552402438 0
40.89460249150933 -0.1494464946806251 0
41.58120542634688 -0.7631578946741826 0
41.58120542634688 -0.5 0
41.58120542634688 -0.3154981552431946 0
41.58120542634688 -0.1494464946819589 0
42.23936688676642 -0.763157894676294 0
42.23936688676641 -0.5 0
42.23936688676642 -0.3154981552460232 0
42.23936688676642 -0.1494464946832376 0
42.870265006248 -0.7631578946783182 0
42.870265006248 -0.5 0
42.870265006248 -0.3154981552487346 0
42.870265006248 -0.1494464946844632 0
43.47502913325139 -0.7631578946802586 0
43.4750291332514 -0.5 0
43.4750291332514 -0.3154981552513336 0
43.4750291332514 -0.149446494685638 0
44.05474183606159 -0.7631578946821187 0
44.05474183606159 -0.5 0
44.05474183606159 -0.3154981552538251 0
44.05474183606159 -0.1494464946867642 0
44.61044082113638 -0.7631578946839015 0
44.61044082113638 -0.5 0
44.61044082113638 -0.3154981552562133 0
44.61044082113638 -0.1494464946878438 0
45.14312081980027 -0.7631578946856106 0
45.14312081980027 -0.5 0
45.14312081980027 -0.3154981552585026 0
45.14312081980027 -0.1494464946888786 0
45.6537353630045 -0.7631578946872488 0
45.65373536300449 -0.5 0
45.65373536300449 -0.315498155260697 0
45.65373536300449 -0.1494464946898706 0
46.14319847970499 -0.7631578946888191 0
46.14319847970498 -0.5 0
46.14319847970498 -0.3154981552628007 0
46.14319847970498 -0.1494464946908215 0
46.61238633947474 -0.7631578946903246 0
46.61238633947475 -0.5 0
46.61238633947475 -0.3154981552648171 0
46.61238633947475 -0.1494464946917329 0
47.06213881201438 -0.7631578946917674 0
47.06213881201438 -0.5 0
47.06213881201438 -0.31549815526675 0
47.06213881201438 -0.1494464946926067 0
47.49326097503349 -0.7631578946931505 0
47.49326097503349 -0.5 0
47.49326097503349 -0.3154981552686027 0
47.49326097503349 -0.1494464946934442 0
47.90652455758344 -0.7631578946944764 0
47.90652455758344 -0.5 0
47.90652455758344 -0.3154981552703788 0
47.90652455758344 -0.149446494694247 0
48.30266932511733 -0.7631578946957474 0
48.30266932511734 -0.5 0
48.30266932511733 -0.3154981552720814 0
48.30266932511734 -0.1494464946950166 0
48.68240440136804 -0.7631578946969659 0
48.68240440136805 -0.5 0
48.68240440136805 -0.3154981552737133 0
48.68240440136805 -0.1494464946957543 0
49.04640953341746 -0.7631578946981337 0
49.04640953341746 -0.5 0
49.04640953341746 -0.3154981552752777 0
49.04640953341746 -0.1494464946964614 0
49.39533631176555 -0.7631578946992532 0
49.39533631176555 -0.5 0
49.39533631176555 -0.3154981552767773 0
49.39533631176555 -0.1494464946971393 0
49.72980933313834 -0.7631578947003264 0
49.72980933313835 -0.5 0
49.72980933313836 -0.3154981552782148 0
49.72980933313836 -0.1494464946977891 0
50.05042731875868 -0.7631578947013549 0
50.05042731875869 -0.5 0
50.05042731875869 -0.3154981552795926 0
50.05042731875869 -0.149446494698412 0
50.35776419188337 -0.763157894702341 0
50.35776419188338 -0.5 0
50.35776419188338 -0.3154981552809135 0
50.35776419188338 -0.149446494699009 0
50.65237010083862 -0.7631578947032862 0
50.65237010083861 -0.5 0
50.65237010083861 -0.3154981552821796 0
50.65237010083861 -0.1494464946995813 0
50.93477240966297 -0.7631578947041922 0
50.93477240966296 -0.5 0
50.93477240966294 -0.3154981552833933 0
50.93477240966297 -0.1494464947001299 0
51.20547663198887 -0.7631578947050608 0
51.20547663198886 -0.5 0
51.20547663198886 -0.3154981552845566 0
51.20547663198886 -0.1494464947006559 0
51.46496734068143 -0.7631578947058935 0
51.46496734068141 -0.5 0
51.46496734068141 -0.3154981552856719 0
51.46496734068141 -0.1494464947011599 0
51.71370904356736 -0.7631578947066915 0
51.71370904356736 -0.5 0
51.71370904356736 -0.3154981552867409 0
51.71370904356736 -0.1494464947016432 0
51.95214700612761 -0.7631578947074564 0
51.95214700612762 -0.5 0
51.95214700612762 -0.3154981552877656 0
51.95214700612762 -0.1494464947021064 0
52.18070803926845 -0.7631578947081898 0
52.18070803926846 -0.5 0
52.18070803926847 -0.3154981552887479 0
52.18070803926846 -0.1494464947025504 0
52.39980128316937 -0.7631578947088926 0
52.39980128316935 -0.5 0
52.39980128316936 -0.3154981552896895 0
52.39980128316936 -0.1494464947029761 0
52.60981892480965 -0.7631578947095665 0
52.60981892480965 -0.5 0
52.60981892480965 -0.3154981552905921 0
52.60981892480965 -0.1494464947033841 0
52.81113690228297 -0.7631578947102122 0
52.81113690228298 -0.5 0
52.81113690228297 -0.3154981552914573 0
52.81113690228298 -0.1494464947037751 0
53.00411559013753 -0.7631578947108315 0
53.00411559013753 -0.5 0
53.00411559013753 -0.3154981552922866 0
53.00411559013753 -0.1494464947041501 0
53.18910043191255 -0.763157894711425 0
53.18910043191255 -0.5 0
53.18910043191255 -0.3154981552930816 0
53.18910043191255 -0.1494464947045094 0
53.36642256077852 -0.7631578947119939 0
53.36642256077852 -0.5 0
53.36642256077852 -0.3154981552938438 0
53.36642256077852 -0.1494464947048539 0
53.5363993878059 -0.7631578947125393 0
53.5363993878059 -0.5 0
53.53639938780589 -0.3154981552945743 0
53.53639938780589 -0.1494464947051841 0
53.69933518337056 -0.7631578947130619 0
53.69933518337056 -0.5 0
53.69933518337056 -0.3154981552952745 0
53.69933518337056 -0.1494464947055006 0
53.85552161143654 -0.7631578947135631 0
53.85552161143654 -0.5 0
53.85552161143655 -0.3154981552959457 0
53.85552161143654 -0.1494464947058041 0
54.00523825428983 -0.7631578947140434 0
54.00523825428984 -0.5 0
54.00523825428984 -0.3154981552965892 0
54.00523825428984 -0.1494464947060949 0
54.14875311893071 -0.7631578947145039 0
54.14875311893072 -0.5 0
54.14875311893072 -0.3154981552972059 0
54.14875311893072 -0.1494464947063737 0
54.28632310255587 -0.7631578947149453 0
54.28632310255587 -0.5 0
54.28632310255587 -0.3154981552977971 0
54.28632310255587 -0.149446494706641 0
54.41819446189358 -0.7631578947153683 0
54.41819446189358 -0.5 0
54.41819446189358 -0.3154981552983639 0
54.41819446189358 -0.1494464947068971 0
54.54460325399397 -0.763157894715774 0
54.54460325399397 -0.5 0
54.54460325399397 -0.3154981552989071 0
54.54460325399397 -0.1494464947071427 0
54.66577575355694 -0.7631578947161628 0
54.66577575355694 -0.5 0
54.66577575355694 -0.315498155299428 0
54.66577575355694 -0.1494464947073781 0
54.78192886764455 -0.7631578947165354 0
54.78192886764455 -0.5 0
54.78192886764455 -0.3154981552999272 0
54.78192886764455 -0.1494464947076037 0
54.89327051184921 -0.7631578947168927 0
54.89327051184921 -0.5 0
54.89327051184921 -0.3154981553004057 0
54.89327051184921 -0.14944649470782 0
2 3 0 1312
1891
1892
1893
1894
1895
1896
1897
1898
1899
1900
1901
1902
1903
1904
1905
1906
1907
1908
1909
1910
1911
1912
1913
1914
1915
1916
1917
1918
1919
1920
1921
1922
1923
1924
1925
1926
1927
1928
1929
1930
1931
1932
1933
1934
1935
1936
1937
1938
1939
1940
1941
1942
1943
1944
1945
1946
1947
1948
1949
1950
1951
1952
1953
1954
1955
1956
1957
1958
1959
1960
1961
1962
1963
1964
1965
1966
1967
1968
1969
1970
1971
1972
1973
1974
1975
1976
1977
1978
1979
1980
1981
1982
1983
1984
1985
1986
1987
1988
1989
1990
1991
1992
1993
1994
1995
1996
1997
1998
1999
2000
2001
2002
2003
2004
2005
2006
2007
2008
2009
2010
2011
2012
2013
2014
2015
2016
2017
2018
2019
2020
2021
2022
2023
2024
2025
2026
2027
2028
2029
2030
2031
2032
2033
2034
2035
2036
2037
2038
2039
2040
2041
2042
2043
2044
2045
2046
2047
2048
2049
2050
2051
2052
2053
2054
2055
2056
2057
2058
2059
2060
2061
2062
2063
2064
2065
2066
2067
2068
2069
2070
2071
2072
2073
2074
2075
2076
2077
2078
2079
2080
2081
2082
2083
2084
2085
2086
2087
2088
2089
2090
2091
2092
2093
2094
2095
2096
2097
2098
2099
2100
2101
2102
2103
2104
2105
2106
2107
2108
2109
2110
2111
2112
2113
2114
2115
2116
2117
2118
2119
2120
2121
2122
2123
2124
2125
2126
2127
2128
2129
2130
2131
2132
2133
2134
2135
2136
2137
2138
2139
2140
2141
2142
2143
2144
2145
2146
2147
2148
2149
2150
2151
2152
2153
2154
2155
2156
2157
2158
2159
2160
2161
2162
2163
2164
2165
2166
2167
2168
2169
2170
2171
2172
2173
2174
2175
2176
2177
2178
2179
2180
2181
2182
2183
2184
2185
2186
2187
2188
2189
2190
2191
2192
2193
2194
2195
2196
2197
2198
2199
2200
2201
2202
2203
2204
2205
2206
2207
2208
2209
2210
2211
2212
2213
2214
2215
2216
2217
2218
2219
2220
2221
2222
2223
2224
2225
2226
2227
2228
2229
2230
2231
2232
2233
2234
2235
2236
2237
2238
2239
2240
2241
2242
2243
2244
2245
2246
2247
2248
2249
2250
2251
2252
2253
2254
2255
2256
2257
2258
2259
2260
2261
2262
2263
2264
2265
2266
2267
2268
2269
2270
2271
2272
2273
2274
2275
2276
2277
2278
2279
2280
2281
2282
2283
2284
2285
2286
2287
2288
2289
2290
2291
2292
2293
2294
2295
2296
2297
2298
2299
2300
2301
2302
2303
2304
2305
2306
2307
2308
2309
2310
2311
2312
2313
2314
2315
2316
2317
2318
2319
2320
2321
2322
2323
2324
2325
2326
2327
2328
2329
2330
2331
2332
2333
2334
2335
2336
2337
2338
2339
2340
2341
2342
2343
2344
2345
2346
2347
2348
2349
2350
2351
2352
2353
2354
2355
2356
2357
2358
2359
2360
2361
2362
2363
2364
2365
2366
2367
2368
2369
2370
2371
2372
2373
2374
2375
2376
2377
2378
2379
2380
2381
2382
2383
2384
2385
2386
2387
2388
2389
2390
2391
2392
2393
2394
2395
2396
2397
2398
2399
2400
2401
2402
2403
2404
2405
2406
2407
2408
2409
2410
2411
2412
2413
2414
2415
2416
2417
2418
2419
2420
2421
2422
2423
2424
2425
2426
2427
2428
2429
2430
2431
2432
2433
2434
2435
2436
2437
2438
2439
2440
2441
2442
2443
2444
2445
2446
2447
2448
2449
2450
2451
2452
2453
2454
2455
2456
2457
2458
2459
2460
2461
2462
2463
2464
2465
2466
2467
2468
2469
2470
2471
2472
2473
2474
2475
2476
2477
2478
2479
2480
2481
2482
2483
2484
2485
2486
2487
2488
2489
2490
2491
2492
2493
2494
2495
2496
2497
2498
2499
2500
2501
2502
2503
2504
2505
2506
2507
2508
2509
2510
2511
2512
2513
2514
2515
2516
2517
2518
2519
2520
2521
2522
2523
2524
2525
2526
2527
2528
2529
2530
2531
2532
2533
2534
2535
2536
2537
2538
2539
2540
2541
2542
2543
2544
2545
2546
2547
2548
2549
2550
2551
2552
2553
2554
2555
2556
2557
2558
2559
2560
2561
2562
2563
2564
2565
2566
2567
2568
2569
2570
2571
2572
2573
2574
2575
2576
2577
2578
2579
2580
2581
2582
2583
2584
2585
2586
2587
2588
2589
2590
2591
2592
2593
2594
2595
2596
2597
2598
2599
2600
2601
2602
2603
2604
2605
2606
2607
2608
2609
2610
2611
2612
2613
2614
2615
2616
2617
2618
2619
2620
2621
2622
2623
2624
2625
2626
2627
2628
2629
2630
2631
2632
2633
2634
2635
2636
2637
2638
2639
2640
2641
2642
2643
2644
2645
2646
2647
2648
2649
2650
2651
2652
2653
2654
2655
2656
2657
2658
2659
2660
2661
2662
2663
2664
2665
2666
2667
2668
2669
2670
2671
2672
2673
2674
2675
2676
2677
2678
2679
2680
2681
2682
2683
2684
2685
2686
2687
2688
2689
2690
2691
2692
2693
2694
2695
2696
2697
2698
2699
2700
2701
2702
2703
2704
2705
2706
2707
2708
2709
2710
2711
2712
2713
2714
2715
2716
2717
2718
2719
2720
2721
2722
2723
2724
2725
2726
2727
2728
2729
2730
2731
2732
2733
2734
2735
2736
2737
2738
2739
2740
2741
2742
2743
2744
2745
2746
2747
2748
2749
2750
2751
2752
2753
2754
2755
2756
2757
2758
2759
2760
2761
2762
2763
2764
2765
2766
2767
2768
2769
2770
2771
2772
2773
2774
2775
2776
2777
2778
2779
2780
2781
2782
2783
2784
2785
2786
2787
2788
2789
2790
2791
2792
2793
2794
2795
2796
2797
2798
2799
2800
2801
2802
2803
2804
2805
2806
2807
2808
2809
2810
2811
2812
2813
2814
2815
2816
2817
2818
2819
2820
2821
2822
2823
2824
2825
2826
2827
2828
2829
2830
2831
2832
2833
2834
2835
2836
2837
2838
2839
2840
2841
2842
2843
2844
2845
2846
2847
2848
2849
2850
2851
2852
2853
2854
2855
2856
2857
2858
2859
2860
2861
2862
2863
2864
2865
2866
2867
2868
2869
2870
2871
2872
2873
2874
2875
2876
2877
2878
2879
2880
2881
2882
2883
2884
2885
2886
2887
2888
2889
2890
2891
2892
2893
2894
2895
2896
2897
2898
2899
2900
2901
2902
2903
2904
2905
2906
2907
2908
2909
2910
2911
2912
2913
2914
2915
2916
2917
2918
2919
2920
2921
2922
2923
2924
2925
2926
2927
2928
2929
2930
2931
2932
2933
2934
2935
2936
2937
2938
2939
2940
2941
2942
2943
2944
2945
2946
2947
2948
2949
2950
2951
2952
2953
2954
2955
2956
2957
2958
2959
2960
2961
2962
2963
2964
2965
2966
2967
2968
2969
2970
2971
2972
2973
2974
2975
2976
2977
2978
2979
2980
2981
2982
2983
2984
2985
2986
2987
2988
2989
2990
2991
2992
2993
2994
2995
2996
2997
2998
2999
3000
3001
3002
3003
3004
3005
3006
3007
3008
3009
3010
3011
3012
3013
3014
3015
3016
3017
3018
3019
3020
3021
3022
3023
3024
3025
3026
3027
3028
3029
3030
3031
3032
3033
3034
3035
3036
3037
3038
3039
3040
3041
3042
3043
3044
3045
3046
3047
3048
3049
3050
3051
3052
3053
3054
3055
3056
3057
3058
3059
3060
3061
3062
3063
3064
3065
3066
3067
3068
3069
3070
3071
3072
3073
3074
3075
3076
3077
3078
3079
3080
3081
3082
3083
3084
3085
3086
3087
3088
3089
3090
3091
3092
3093
3094
3095
3096
3097
3098
3099
3100
3101
3102
3103
3104
3105
3106
3107
3108
3109
3110
3111
3112
3113
3114
3115
3116
3117
3118
3119
3120
3121
3122
3123
3124
3125
3126
3127
3128
3129
3130
3131
3132
3133
3134
3135
3136
3137
3138
3139
3140
3141
3142
3143
3144
3145
3146
3147
3148
3149
3150
3151
3152
3153
3154
3155
3156
3157
3158
3159
3160
3161
3162
3163
3164
3165
3166
3167
3168
3169
3170
3171
3172
3173
3174
3175
3176
3177
3178
3179
3180
3181
3182
3183
3184
3185
3186
3187
3188
3189
3190
3191
3192
3193
3194
3195
3196
3197
3198
3199
3200
3201
3202
-28.80109205292047 7.230296810700461 -0
-7.015007882895589 5.118445817493434 -0
-0.8269197494177736 4.049251436582058 -0
0.2844955877878678 3.852853128801405 0
-43.99183528894975 7.088222995118298 -0
-59.99567400641045 7.703526020737635 -0
987.0965599826903 9.191175792733631 0
962.1527058525573 9.083165717609356 0
937.0994330422878 8.276722310476638 0
913.8127364447315 8.572289687070441 0
889.3848759849104 11.58259888378537 0
867.2286686705354 9.256280079411308 0
844.6669798252644 8.574437595849542 0
822.7867041831744 9.089364742810568 0
801.0947114716597 8.976667481062149 0
779.189369843328 8.779711367694844 0
758.8002183929605 8.202623632954799 0
738.6011140952049 9.187832910715308 0
713.6267546902698 9.558746517279475 0
688.6324574808973 7.471633683428975 0
665.3704291405121 9.431552237091498 0
641.8677422995763 8.123909466503299 0
619.170786594504 9.54116860218994 0
597.5777643562092 7.219814442193283 0
576.209220248911 7.411981424723717 0
555.1564473026303 8.539326614635351 0
534.5372713730183 6.665658903158723 0
515.256018739512 7.734598663688801 0
495.5384577409629 7.062666753066648 0
476.6030703088882 6.980674109537535 0
458.1363573093255 6.900710931490198 0
436.230260398945 8.060998499309724 0
415.7186309966469 7.634431385805122 0
395.4789048268067 7.729143642749484 0
375.6141148249534 6.822711494443186 0
356.8633968132905 6.120299437858471 0
338.2564612891312 6.668199223823252 0
320.2503833714266 6.614175224540485 0
302.75324541346 6.661554537817739 0
285.8231387707393 6.417216436524785 0
269.3706287543886 6.33820672605578 0
250.5178419398839 6.509583854290314 0
232.8492952971951 6.162965981097138 0
215.5317461400519 6.199517172381917 0
198.3885257655165 6.131123502999075 0
182.663027538926 6.019034473817915 0
166.4527705912677 6.179452064945449 0
151.999928469154 5.893922813119665 0
137.4079405356197 5.532484951762989 0
121.3246785641282 5.442273566134398 0
106.1199089186304 5.565015954248608 0
91.09490321958427 5.773472777653485 0
76.85372195297644 5.057928507814521 0
63.43682374454098 4.494203871919479 0
-2.583747307719065 4.342387815198581 -0
1012.545229080581 9.409216745607322 0
-72.08687859987135 7.331533208531652 -0
-87.89753266643905 62.28727068798938 -0
1044.610299448047 63.61709980063746 0
-0.2445918722558522 3.899429898340143 -0
-91.17919674351697 35.84146125511314 -0
1032.827462315774 9.847726610717608 0
14.62935660586831 4.743688707739739 0
35.64341378792383 4.53299556898567 0
-84.63717168748053 7.603572009168605 -0
1047.88746429648 36.4328087209326 0
-4.130701557956841 4.629209706949851 -0
-51.89711324125881 6.870373783376937 -0
999.7567374701177 9.403971069114101 0
-36.50523257285321 7.14098088429141 -0
-21.43449343298679 6.892870685915584 -0
-94.84226519419352 19.98885228109688 -0
1049.642877338887 20.61892642604815 0
56.17224449339756 108.6497781529545 0
24.92488828731029 5.133271106291772 0
0.09775819082439041 3.950072808433247 0
4.021838279568814 4.143690054932897 0
7.035684874458513 4.401912752404026 0
1.759610259138332 3.929506257678457 0
2.7758857408247 3.971467113341113 0
1.007451865960098 3.891670984971129 0
5.128334155680865 4.104559259132702 0
6.171834267876506 4.286646906841655 0
5.472157548118155 4.995838750274065 0
10.29005345199053 4.315841179141614 0
11.78220945848621 4.450322480227801 0
8.76182205156813 4.537826475688417 0
0.3819568293895981 4.176709441766077 0
3.434902251872715 4.126194906103143 0
2.920421307147729 4.612590481456646 0
2.244906972407883 4.047811150880824 0
1.356651946010555 3.945971779708836 0
1.594892083829098 4.392816905157492 0
189.7236043091356 97.31798093482368 0
313.1601547364305 107.0759438082395 0
440.9424556075967 96.81599077596793 0
573.6348727590978 98.2408058265904 0
702.5543723443471 102.3578571243512 0
830.4166666667873 94.43003659045129 0
965.1524822848683 96.31984829375448 0
-93.60494949375675 6.855816121342051 -0
1044.696470535223 9.708670672364221 0
121.832732567905 106.8783484002423 0
91.35760124761801 61.3747317409002 0
46.35314191189383 4.250261051847946 0
52.06158079174384 3.993444813662465 0
244.0959341030444 99.52268891068039 0
215.9889358748138 56.77627542065348 0
368.6406122188718 99.76594366876868 0
348.9980969178264 59.2363902744157 0
503.342841126361 101.522797292306 0
474.7326481322797 56.74992108729564 0
1030.822556511984 112.9886470465937 0
-77.14176960810487 99.32826281721528 -0
639.0941873026832 112.7968136354931 0
669.2212953115483 58.33481333723536 0
769.5999750921753 108.0239727089666 0
734.7451561024599 60.31722643139188 0
894.8132895452459 102.8792699774755 0
859.7180064462275 60.4914016815031 0
-0.1131044513367199 4.439070820801446 -0
-1.176992618045041 106.0829358050152 -0
-95.81567993228822 14.16486109582099 -0
-90.16595699667069 16.46839402584758 -0
-88.97443672959297 22.38021295344781 -0
-84.10484878700558 18.36127860768014 -0
-82.73648504815449 24.81787043830859 -0
-77.6037372559443 20.31296614772335 -0
-76.03600905932186 27.36775089439526 -0
-70.78058594571118 22.4519105393424 -0
-68.87632999353211 31.00878224304415 -0
-79.19042258429222 13.65263392909088 -0
-82.27744072333465 32.232598917997 -0
1049.586643661613 14.16486141412667 0
1044.130791565394 17.10869802897641 0
1043.878097622058 24.2322631952658 0
1038.223807933885 20.66953279517806 0
1037.564835322908 28.58588624276216 0
1030.414026508372 23.57019426967413 0
1030.478862052191 34.21822876535607 0
1021.068637794281 29.5380482217962 0
1022.702684252685 42.17788451148991 0
1010.455437001627 35.59197156576749 0
1012.646946088548 51.1629782761687 0
997.1598618915357 42.86021449875802 0
998.6020484879423 60.18618678205586 0
981.2933964931495 51.18663197212988 0
981.3791750474729 32.27719878472674 0
965.3830673142763 41.63931284281991 0
974.2316928092588 9.859515654031167 0
1021.38218208833 20.29583573534366 0
998.071085980867 26.59169716771041 0
1016.367363409998 70.59651463077577 0
999.514300303005 81.87073609714123 0
1033.047915064299 44.39335318625222 0
966.8241041767025 27.15677825360386 0
952.564247355414 29.89686782666134 0
950.1314582790264 8.477775334647081 0
948.5115641843332 49.01713955441692 0
933.6417816211793 36.25322663685724 0
929.9262929473639 59.11153797341577 0
913.4681454123854 45.67529321596671 0
917.1537087649219 27.32520009346378 0
925.0637069965027 8.232524426916047 0
898.8444607989755 31.62129462471637 0
901.6377347151193 10.61828788340294 0
893.1693594580045 51.26624209690966 0
881.8951070464473 35.7781520395999 0
-72.82166419421954 16.05798441168731 -0
-66.48165252164877 17.37368030937783 -0
1038.795475032382 13.30096674194287 0
1050.532133679955 9.257996321518645 0
930.4580625407818 23.19035323421214 0
-90.01342263774586 48.4119437988825 -0
-77.44087573351463 52.49135322948476 -0
-72.75145161661048 67.38154971044108 -0
-60.86175465713801 52.51747315139976 -0
-55.26830646575941 72.51699227563473 -0
-43.56654625282199 57.46158804554685 -0
-47.47217258753036 39.25909906884407 -0
-32.92020500725248 43.68293323981757 -0
-36.57151393313096 31.10880693922364 -0
-25.04676429252531 31.17296280606277 -0
-19.63950376639266 44.55449290982131 -0
-11.38356420126187 30.76618397052234 -0
-7.066141079204196 42.31380965604811 -0
-0.5415109841181984 34.85579584214641 -0
6.428911197148347 44.01090365908048 0
15.43569655263562 35.36924214783237 0
8.77579363460689 22.42285347859136 0
19.09083296769313 4.788967482120742 0
21.82293910023387 5.067622364608469 0
22.70249140659759 44.83329131212984 0
55.88914222026954 3.92064229901032 0
54.0794152648334 3.889526815009553 0
58.0633420319073 4.213153926765653 0
54.83759968974685 3.844427570225927 0
55.33591338386933 3.921762412755255 0
54.48427505486469 3.867077440570727 0
31.45314226877579 35.84770220349633 0
42.64290477866562 4.280592254433903 0
39.74466500710539 4.704655780365797 0
55.10303982339742 3.885684087630862 0
54.9171273759282 4.100692605328867 0
38.53057218300733 45.64091224154846 0
46.72366666468186 36.57001887948058 0
39.69808393021023 22.37173026748333 0
49.89316646895397 4.051917953027918 0
30.61455580349649 4.58155000076684 0
28.12069170420688 5.323293895183567 0
32.79169102815825 4.505329139777472 0
24.06482559736202 21.90751747600866 0
-18.97232547745586 24.25688711271304 -0
29.40909096452064 63.26612248441923 0
54.83975199088341 46.82058738234783 0
63.66706459412967 37.33549486330233 0
69.84654354065694 5.544085477227329 0
67.0572560787199 4.889900372765828 0
56.07402285030137 22.35266194269069 0
-53.83854180895845 28.5088488266607 -0
-43.91921921217665 20.4626454614921 -0
-8.017208138782349 22.79418796035457 -0
-13.28049675932033 15.61879378583109 -0
-11.17082679959967 6.005230900168719 -0
-7.438872296233953 56.45259730313025 -0
-30.50806334688788 23.45954510356588 -0
-37.29543495631246 76.41863754953663 -0
-84.39602328767643 79.64914553410902 -0
1037.515902733824 81.03925017482162 0
1045.02820475885 48.98661702907999 0
0.6882426586706115 3.873833517104143 0
1010.169026541527 23.50099753057966 0
0.9514818292341958 4.337775674538062 0
1.212070671778344 5.055847871601622 0
908.2599287706516 69.61875759319589 0
941.9445596444021 21.49891464686104 0
-93.90134570374123 26.74602952757922 -0
887.0604452070449 23.05021214877452 0
878.6844836804164 8.72173773951948 0
873.070921608291 23.17005291761391 0
863.6377666429711 34.77213095329957 0
842.667538080221 45.62944748949219 0
856.6451906357919 22.94764733524295 0
855.8926634822254 8.623046224192086 0
-53.11824503523597 93.84677692387382 -0
987.85474065966 21.47070352742536 0
-59.50553377438551 36.22637949988577 -0
-14.28156543826449 6.265218648401554 -0
-12.42599695187689 8.936096990311167 -0
-15.95086681736551 9.369475618775683 -0
-9.087083005158107 8.410430394751122 -0
-8.822279415017146 5.271112320290949 -0
-1.908519681671606 4.220890700845774 -0
-2.123140087155644 4.983105935277421 -0
-3.13601255159994 5.15770673251635 -0
-2.358381954857725 6.260239040017699 -0
-5.399173967234228 4.939534788966209 -0
-5.972112544271347 6.610896713712878 -0
1025.606311521387 9.390222405467222 0
1027.792376519617 15.59185082204702 0
-85.94878460723096 12.86802145860233 -0
-80.52891831184218 7.55361315949219 -0
-25.09948077708302 7.041080605661875 -0
-23.33660911879059 11.10957857989591 -0
72.52354903632116 48.53011135650677 0
83.36593617607846 33.18830410717477 0
84.03455933054758 5.200309861484177 0
87.75648392150843 5.466397170750231 0
103.2365488189141 42.14442704015216 0
73.29719434034669 22.41210050607766 0
-89.05125002423358 7.472313037298996 -0
-68.91920898785945 11.8917844110478 -0
-63.59935223732825 11.57361971736345 -0
-60.40526951204737 17.62618687873355 -0
-62.50601255857124 25.05626924549409 -0
-70.82261705210234 41.39437927854226 -0
-57.5749244630808 12.34461238147113 -0
-54.31633989797107 17.28306422377137 -0
905.9492800199723 19.52592374386779 0
-67.95128027575664 7.295717873477785 -0
1018.987975724249 9.32464941967627 0
-76.41366568708102 7.882457656181888 -0
-10.26589106893844 11.75230565289054 -0
-6.406315727292093 11.24933616465551 -0
-8.318940036799734 16.25273840594366 -0
-3.44101543942115 14.8590240025125 -0
-2.665872027834237 10.78171423616639 -0
0.7286086987687727 12.91594416672781 0
2.503104998867925 9.431226110704918 0
4.740622421302792 11.95635811900685 0
5.460277766390816 8.629628927758805 0
7.914625970918416 10.71723759702842 0
8.404072894607413 7.63617497738558 0
10.95310120870333 9.540729617509987 0
10.67724322325681 13.15745700748445 0
14.50813181635973 10.9783045730281 0
14.1894912674372 14.911089137478 0
18.11854281088717 13.64364447660533 0
0.7207825711543854 18.60695853865039 0
18.43677783551687 9.800144486928501 0
21.54632065927908 11.50054420466351 0
16.5794589185827 4.812401450185479 0
13.6920239445485 7.757917742208568 0
3.22196302218152 7.100368294701644 0
11.07635704023578 6.871762657069406 0
1.275444194125478 7.518656690325024 0
21.18064139192561 8.357228289261714 0
24.53632573264689 9.062829164060862 0
25.21281532814205 12.92231500676983 0
28.52155090684411 10.15039266083809 0
29.38964205017113 14.55441111234396 0
32.42657280561114 11.6787040297201 0
31.62356786196716 8.393623693895604 0
34.47910498925889 9.097454755380459 0
36.09125918205225 11.24595429109154 0
38.63011880091079 9.865860093203056 0
39.51551600377044 12.48205360919285 0
42.77310907296955 10.92723664607126 0
43.59163870570275 13.24651293560699 0
45.57473336943504 10.48246592605821 0
48.18162183056655 4.156873283038103 0
47.23097064719229 4.255156834891289 0
48.87732654216609 4.090882941476202 0
44.95185062680925 7.495055505278395 0
44.27480727022664 4.155548548589141 0
47.53129712163307 14.18208332999195 0
50.61979936906032 11.73253435789048 0
49.20251242139702 7.863350161303169 0
51.13136466891586 4.026838334151641 0
50.47481487092315 3.986147724477838 0
41.11086210601864 7.072234858299971 0
37.98799215022858 6.609553591117738 0
37.41421258507629 4.469470325538646 0
35.50335945630388 15.67811307075856 0
52.89546285545038 15.3234869684108 0
56.09481292461481 12.23652776389876 0
60.24282217918393 4.386903432705505 0
61.58315495396795 4.518639722493801 0
53.46478864538635 8.261903719836532 0
53.11105986321427 3.943867385911757 0
47.23139917393603 19.73499916613241 0
33.50864425384406 6.97266578007952 0
35.86850127717442 6.826724260798916 0
27.14007361026069 7.615694322903588 0
29.46355723402872 6.911936341484866 0
12.80402251001869 6.013612277108155 0
6.499002846058304 6.65556387431737 0
39.59374991856918 6.087203673947555 0
41.18869140637472 4.465833098364578 0
9.353120676245268 5.639072631137918 0
16.04342225699792 18.88756217486411 0
-63.85207647922343 6.814572722315773 -0
1015.762161424376 15.26831986434033 0
-91.8976345231326 11.19377169996584 -0
-96.79918608461533 9.333224460883084 -0
-55.53702771491574 7.828207218944114 -0
31.04385083989436 19.63880293119641 0
-47.8854190116766 7.116393185041538 -0
-45.45040620278654 11.74659664170201 -0
-40.63609286487373 10.63078113787837 -0
1006.134748566822 9.468013192833018 0
1003.333331625382 16.44002790011001 0
2.181264112245671 5.002234138879782 0
-4.250624040402458 5.982569476421332 -0
-4.778952944067267 8.620265086402663 -0
-40.281507105038 6.471997003457616 -0
-35.46240844017505 11.64782533990357 -0
896.4929261954363 17.53186726076227 0
-51.51334953953455 11.36074166280974 -0
993.4109109566181 9.264516372563975 0
-32.74880540038522 7.560401117215004 -0
-30.63780814834531 11.84330366839459 -0
13.54104594598701 4.756800583487769 0
17.92853045057737 4.992605209273985 0
17.0556077259622 6.098320940034368 0
15.53374032550462 5.926322268032027 0
18.92029444773518 6.645205713065502 0
23.18106860639428 4.880706572929141 0
20.28404591329835 5.046382611701083 0
38.32530044395556 4.342986418231819 0
33.71626326581553 4.6021297410313 0
15.5753399078525 4.596482485191449 0
980.813631365409 9.159486559435276 0
977.6629707386066 16.0410494292647 0
-81.08033018324195 40.80319381726915 -0
36.50444382423689 4.597070847683482 0
37.04113840845955 5.547097964390731 0
34.64908575758302 5.549661959132359 0
39.02192074003253 4.399094971899473 0
38.62006808768992 5.293661371211644 0
40.55305978038777 5.243049869763086 0
41.77964626292886 5.460790332592334 0
42.97792310265169 6.686273141385775 0
42.91024765373811 5.472187561909677 0
43.3151188562336 4.76550140051248 0
44.08655472050451 5.726948932738314 0
45.11009314882954 5.035430026582463 0
45.43236806891342 4.288060948867642 0
40.51186954219646 4.382707749698691 0
29.66423293222296 5.05009548623382 0
955.7449333605992 9.667418627100853 0
959.6486318435406 18.33213592421991 0
31.61895602050625 4.671305571622247 0
31.39102472493695 6.047769608616674 0
43.72658859238885 4.24427425372105 0
34.68183973688581 4.436957453829866 0
44.77300291961942 4.30325702664457 0
45.9626198103853 4.714732205019701 0
46.79511061635459 4.814709616432546 0
46.20869953642931 5.599334100596837 0
47.28440743486366 5.760427085705616 0
46.5746929999213 6.743022415528855 0
47.57774293899161 4.925311011102425 0
48.35077815108654 5.591744215421702 0
48.02515284675378 6.757155593631802 0
47.19053332978662 8.256802179731139 0
47.76412209358217 4.274365078291916 0
968.503115923929 8.758742476880103 0
931.668033952716 8.946856086593678 0
5.386185131654332 16.30351167090152 0
46.81074966538597 4.164025500634357 0
908.5200301504766 10.63987273545722 0
943.2178887241757 11.21835783217845 0
884.0717418293157 8.693640259498524 0
839.0961991359583 8.578462987080794 0
841.8862758149307 15.06191697810524 0
833.5064079740624 14.82602760022161 0
837.4176234519712 26.1543433769753 0
825.8026371815628 22.02338722427158 0
850.6235261301266 14.38260748574574 0
919.6864909462897 8.895017433980804 0
924.0962223896427 15.76003274678215 0
816.6754493149213 9.083762305753549 0
819.7506780178549 15.86019140647445 0
815.0092624113474 24.69425979626313 0
811.6032866494398 14.60991021949937 0
803.480845556197 23.01069995740704 0
807.0819025277552 35.62120596139612 0
792.2546881986036 33.03585427484031 0
799.2020628103152 54.76065508247282 0
777.7014769896429 46.17401146055163 0
771.4828367662857 28.67749619106567 0
768.4831860356868 10.14673288651153 0
760.8458799879431 39.99865294903227 0
759.5032016554526 65.63677900589499 0
736.2508233983621 34.98188430481405 0
791.3721225068168 19.48282644467229 0
758.449498188139 24.4054146804104 0
748.1196518693586 8.631952554354971 0
819.9112454077346 53.14632257985507 0
788.445762001993 81.98713267078045 0
790.3696972906666 10.38554057362956 0
766.8290663013889 18.32480342906378 0
833.5532723528245 8.554379362908762 0
861.5445806025059 9.33457929103384 0
864.5308612175288 16.86715341576241 0
895.9354115577346 9.446550805590116 0
872.3736181427195 7.929588259959321 0
850.3429356409649 7.816018261157475 0
811.6573292469069 8.459010047492562 0
828.0380601961526 8.498496731760666 0
796.1344251808969 8.29325979805996 0
798.1655515962693 14.6040909356081 0
806.2515968046354 8.404236694300145 0
784.3187467539506 8.221492017537265 0
783.2010129920485 14.18503246803312 0
774.7239642812531 15.08648197320506 0
774.2313430668931 8.302585245482286 0
753.0633525528928 7.693449666872914 0
752.8857397229826 14.14192958659477 0
743.4144791933513 14.14076294159031 0
735.7852344334005 15.41879756858348 0
723.3213724008895 9.290240616235156 0
748.6005062886011 22.15654643512124 0
732.8447546334485 9.437611433520271 0
728.5506558734022 16.06890150438154 0
718.8713794817478 15.69834337911868 0
710.0194628718873 16.32531517138219 0
698.9618293420265 8.993154130597361 0
713.6026496799935 24.15949859736051 0
702.2553672483565 23.96575610541539 0
710.381077418892 34.44169199284817 0
694.8947339558617 37.01215779304314 0
688.2346585419457 23.44577380870463 0
678.5473431140708 8.781557400658203 0
703.4725678747454 50.07983610684021 0
679.442394218732 37.58796221640541 0
675.0974306399247 23.58647311445328 0
664.7931614019609 33.57182331343602 0
649.9360024112196 45.60933206166789 0
641.3047863095035 31.38614562229874 0
629.9381134515314 45.32500534333896 0
625.2864450615286 25.67745541638032 0
613.0617651069679 39.86847522972827 0
616.1178098391784 59.47271610624783 0
608.9799961297749 22.80122127310651 0
597.9677611229356 35.09579745118412 0
606.6047981557011 7.131358628912195 0
656.6895600243122 21.77496795340481 0
651.4363174509234 7.569826424916848 0
594.946324934444 21.26542817585541 0
583.8806622783584 30.48546954107535 0
588.8430075097856 7.953735715068483 0
586.4058212932603 47.38147667546399 0
570.7740695540111 38.98730305990534 0
567.6286274212662 23.4479193863368 0
555.0987658361018 32.71549232322617 0
554.7766463300388 49.97613008037478 0
539.9622922954695 43.13291793619263 0
563.9084526075752 7.980657523460412 0
537.0481989091136 59.67125607358248 0
519.1089429608528 46.27872296284124 0
520.2002659541125 28.08280494989736 0
537.7490667290834 22.56829010360044 0
498.9207155673631 40.55026047276135 0
503.9662356444612 22.11628083965638 0
506.9472738885288 8.327338452986847 0
549.1583740552024 19.97606667223195 0
543.1072639690578 7.326033199086139 0
585.2392848081745 18.20136503714435 0
637.6160921585082 19.73900236312101 0
628.2650159404407 8.304989564908247 0
618.2818785679981 18.01882129408614 0
665.4858708347399 18.9720807693554 0
572.1663609125112 60.09354083662601 0
602.0993388843018 15.65202864174414 0
496.8449858932594 63.62277318719526 0
519.2426975410289 76.0717845596545 0
538.7298007480791 100.7780575296355 0
593.3331506389018 68.89386357335034 0
610.9120144838034 94.01174332527107 0
707.2735365934551 10.17950920914617 0
695.7743137045234 15.97186592249973 0
672.8389267588641 13.26153316285365 0
659.2906598306328 13.43130256099875 0
680.4810683061709 16.38107099058702 0
674.2165050924688 7.471638887412007 0
763.5022149844781 8.07549238157595 0
743.408197378098 7.892109681332119 0
718.5164183264408 8.409466102526661 0
3.136943122709389 5.610199330099205 0
3.804841110206525 4.889669070294503 0
614.8416513390883 7.50912990125495 0
584.7300569859885 7.470566811587668 0
571.9807283262493 7.415036889625902 0
574.3207569126733 11.83363089792355 0
568.3276441513503 12.63021516040053 0
561.0901539993035 13.78763917838848 0
580.4373329083261 12.13991464735062 0
557.9140261475604 21.81510579722056 0
554.5754721777844 14.84053402130417 0
550.1233372001631 12.00378302420933 0
543.0422599342525 13.13214029521888 0
535.9833727164851 14.78117644290243 0
526.4462342258713 6.756065439298225 0
683.8311179300114 9.032910217396818 0
692.9857761476217 8.99997549437213 0
670.2427845338509 7.712276243782605 0
647.150851701125 8.521921523803156 0
643.6289586678299 14.22597054867223 0
655.8310429751148 8.525985281932796 0
660.3833017254722 7.77776801600461 0
522.7556001071273 7.276550019410988 0
526.049995602394 11.43274961911782 0
519.5717800726445 10.76724113166438 0
512.8233593576758 12.95728684575227 0
520.1127151422548 17.16720197384554 0
512.3218203271718 21.24561297248835 0
505.7327283652405 15.17715454499497 0
497.5597277324544 16.63092275903162 0
487.9073072634177 7.029622911870683 0
501.7495314951014 10.73113884152633 0
496.8256477282744 27.23109559227564 0
487.1343162606694 20.18425018516624 0
486.4144371342002 33.22623298990124 0
460.0806462780475 42.08499202441836 0
476.2091473886891 25.64952990948685 0
477.7545577610482 16.29480389452156 0
469.0062238556046 7.368739158158548 0
467.2823496725108 17.9565351806057 0
45.9090127267804 4.150610841147057 0
633.467853588745 8.416405728201335 0
637.5235814915249 12.06705009136956 0
631.0494051308126 14.50685104485021 0
624.1374425441281 12.83620310512077 0
637.6472535003797 7.221473057214838 0
610.5671183914817 7.99586431859252 0
613.2008060015394 13.15727979587651 0
484.1203249213996 7.032359346610756 0
484.8255747022764 12.18093939482399 0
480.0141864366213 10.42488969764446 0
491.704597575777 11.26886894295483 0
624.0240661131072 7.630726312509302 0
593.5720885996636 8.131629021208349 0
590.9270139166423 13.64924032750628 0
602.1260607566297 9.168004467280005 0
580.4589608750198 7.427335580999769 0
465.4675505297383 6.951116862002569 0
454.4982297004579 6.903339806299646 0
447.5505783982287 7.395575897550345 0
455.3317800202607 12.08869866068196 0
450.4851760273551 10.46301094470932 0
445.4868233259506 12.00067443801776 0
449.6372226629147 16.55607042844746 0
441.7529480292873 19.07509670201086 0
426.0794006576671 6.644469227987223 0
447.5031844923615 26.13775344465965 0
436.7828315156582 28.74885366007483 0
430.1079372089545 19.20583756591005 0
423.5605186620949 30.83799063879634 0
432.4689589197184 42.9172762900358 0
416.136580375343 43.96341086212102 0
408.6608340351302 29.31406963944378 0
406.1750020061023 7.687750230586445 0
399.4235248420118 42.59892135598647 0
394.0339620400566 28.89125420354874 0
385.4374201970504 6.585915280120354 0
403.7814477569916 60.9333490012094 0
382.2501177170038 37.03483506208626 0
373.6712036836847 27.46365322125919 0
366.3165031301996 6.259235767728462 0
400.2254858829299 18.44217059864571 0
411.6027681357516 17.60704976682782 0
389.0574682814826 17.18788142818775 0
457.3911177182316 19.42569152616714 0
366.7826749000172 41.22259447607505 0
360.9017499260889 28.02970210293556 0
346.8999212433804 6.081007184771833 0
377.7016998112422 57.25971835414455 0
367.5905527710023 18.04057619340236 0
358.3673165278655 17.57783986440334 0
349.1890925313357 23.7604937716432 0
349.8985235525736 39.54566924041342 0
337.3508200853872 30.40857800536589 0
328.6378595867932 6.012092843819328 0
336.6391002446144 20.8503560633369 0
325.761528065443 27.50060999101852 0
328.8194067295446 43.09649947709696 0
313.1434955768684 34.42126167733139 0
311.4485457420169 6.539837182491896 0
313.5026385402941 20.29643237765331 0
301.769689273108 26.26489487411147 0
294.0555461732793 6.756752042627954 0
299.8068080133627 40.93824353866719 0
289.1076464789625 32.98515862557418 0
284.6560452599257 47.14766124629054 0
273.3688758155913 32.82314497690643 0
274.8052208324128 21.40190958110645 0
261.2700746161746 6.277503775070211 0
260.7501812215048 25.56880457992609 0
277.5110435539191 6.533441231619727 0
257.7635410008739 38.67693137339586 0
249.6643652702187 27.93479889476355 0
239.9965484376922 5.67814383803685 0
245.59957082285 6.224512610343333 0
287.687996374447 18.38802739777097 0
253.9598538345826 17.36646458003089 0
243.1189692065963 18.22217832916011 0
237.7326423451437 27.63552549489682 0
232.5018591269574 18.07867450846287 0
222.8815932515085 6.115960290825135 0
227.6317805250557 5.902596799207154 0
227.0275921490642 27.09724149901775 0
222.0369975020633 17.89722975466722 0
215.6742547943498 25.2435596195589 0
207.8514465006189 5.709100724466589 0
211.4667248529528 17.9464422242301 0
206.3955343202719 26.45889813447256 0
201.7975798399877 17.91729190149937 0
195.433565240411 24.71502866743 0
191.4330099912323 5.966679140373014 0
192.9311752935238 18.35615845568623 0
185.4270403311154 24.55388407089717 0
194.41443912938 35.3837493251405 0
178.0812783868127 35.63349631967601 0
171.8340891283816 22.56502473196289 0
164.8238455764733 33.42716728804536 0
175.7258871885622 5.677837729465474 0
161.3685519445146 24.79997680343436 0
152.4568931059511 30.75927114532757 0
158.4071182225568 5.806598683026512 0
162.363856046877 5.926007695709374 0
153.6881578051477 44.84744361265504 0
147.9195706863425 19.74864030957902 0
143.3594344295483 5.547529868730543 0
148.0319848458739 6.096341150332663 0
140.7166250405545 26.73268762178272 0
129.0738022058544 5.667206491597359 0
133.25801092688 5.418483430101237 0
137.7813990278385 18.1671202735381 0
131.1480694650389 26.6432584816509 0
113.886694909645 5.681959196629826 0
117.5880892762368 5.610428815107507 0
134.185434693544 38.05310732639488 0
127.8287277569765 17.06052892512543 0
121.1091912698656 22.89189489164475 0
118.5648950200048 15.73161270969249 0
112.7678092099702 22.64504783571045 0
98.59803326898671 6.17877512933197 0
102.0315213358252 5.177003053611346 0
110.5307931768469 15.06044487966951 0
105.05042414113 20.04184048386961 0
142.0610368363351 56.52082014575199 0
101.786710673918 13.7665524701795 0
97.39468150195054 19.05007625019371 0
95.10868406049859 12.18034972924463 0
90.73229485350788 17.55467226195321 0
95.02262113673569 5.128626709289271 0
263.777657612665 15.64921149276756 0
169.0084686290967 14.89155395893931 0
155.2823799675774 14.27146022954477 0
323.8924487115565 16.39914586007815 0
184.1589327436436 49.7008778451744 0
164.5737134912135 68.34308265129779 0
88.92096892855443 11.39384136127161 0
84.70716720451281 15.91691051973545 0
144.0790495871024 13.47505983130255 0
305.8216351087236 15.19871765077804 0
123.8787771379396 11.64210923437532 0
125.4269028094187 5.743171392056677 0
133.8262791998289 12.25615146963086 0
91.72472317506337 25.70573933690644 0
229.874026900211 41.21288376731038 0
83.66457885785383 10.58541013936466 0
80.69477615375905 5.073418782584585 0
79.19868038209211 14.00156046721171 0
344.5349423493722 15.50950811666614 0
212.836309265933 37.36397502634647 0
242.3102409136714 59.30371028742582 0
114.6472423158486 11.26002289634652 0
110.3636397099772 9.695718523927434 0
299.6778981016239 58.588070956259 0
281.7832819407637 69.79018576627973 0
196.6681408042249 12.51184943174512 0
203.1399408090253 11.19895705752974 0
203.5658482416076 5.456501534408376 0
321.3516802324561 68.12748137398491 0
237.4411489338466 13.11217959118776 0
217.0557359211661 12.69901503498409 0
247.2454060558026 12.66105210005976 0
351.2866553839221 12.55599891394601 0
109.9710995471679 6.21578175549682 0
211.1342357589775 11.57072535859157 0
228.0180949754359 12.50800131056475 0
332.1193464432246 14.05424277790236 0
120.1463987141239 54.7744907184 0
317.5140761259081 13.28136282583722 0
378.3382292218254 17.05997979384884 0
465.0729721324415 29.47478467163239 0
180.9285921314362 16.59067068246506 0
185.6036099075401 11.88389232117059 0
187.0271880455709 5.929545594663441 0
258.0906983268623 12.05956252817973 0
256.2320889445505 7.321344337768287 0
79.33661368061486 9.55469233682868 0
75.21054902079453 10.99510758571275 0
73.53213148531971 5.22301488407857 0
117.5770561860584 33.37769915629228 0
99.27644300828176 9.434791130216954 0
461.6823610099243 11.67543961304782 0
373.2042313560229 11.93093433895557 0
362.8707920404642 12.6577855618049 0
102.8339144262594 9.89547952800069 0
92.21441588807079 8.24455809236917 0
435.8764191489562 14.32862884671635 0
404.8403561742963 12.30879713336404 0
399.0240070747007 11.17427145624071 0
410.5317817501332 10.12975785389854 0
416.0896947242731 12.12011673529578 0
420.2663361762613 10.17006293111119 0
421.1276244936304 15.81936601341572 0
393.6868245416368 12.26513171695841 0
391.4382902819662 7.820297138023925 0
78.87672145784343 22.14328664624602 0
200.0183856226309 49.5027240333688 0
402.1431421947535 7.501414531722915 0
567.9014772182269 7.18154447560465 0
443.4428844630748 7.42953464845115 0
440.1079319276602 10.86077522371566 0
431.5711148678818 10.68722326702082 0
559.799684794103 7.561524663296848 0
530.5762052019879 7.250637191187243 0
538.2419977545146 8.681869892142798 0
519.0752165684266 6.655677962952836 0
432.7900268745805 6.663201391937844 0
823.5622502648164 35.23843354661035 0
849.3350841235247 30.45669090771716 0
411.9086862716485 6.389788907451004 0
511.4182090033237 7.303844792485584 0
491.7154003791218 6.572231721578432 0
382.1627872963002 6.58828149879275 0
383.7499936456281 11.38212336311346 0
378.662313985371 10.05655541445136 0
371.3630117985049 8.404222687819107 0
136.2458318920282 79.28757898741436 0
473.0035374424411 7.363632014974062 0
471.5145013057604 11.91657253521026 0
362.8762301517644 7.722218672168087 0
480.2884273301439 6.38758463075855 0
461.7743605551242 6.605453481308118 0
429.2882233519691 7.296294184851877 0
344.0101125244813 6.499456877170433 0
75.29471955232971 5.241721644174302 0
76.47194410342672 7.373935517454942 0
73.33645316706814 7.666514320358857 0
70.94677172668153 11.25501379009389 0
70.24224654039014 8.156799724429391 0
67.0022804665858 10.10428521569745 0
67.87968913725122 14.5355159765 0
63.40679132664236 13.37684631567876 0
62.90975464094712 8.901423981911316 0
63.06317574216476 18.81178721503101 0
58.51513603959627 15.58081118052807 0
65.66302399599554 7.598214323373671 0
59.42330144804493 11.17546398916174 0
59.95184440221381 7.960506421543131 0
61.698040251538 6.826083745757137 0
60.10704683675867 6.05813972076022 0
58.16688618367631 6.526163612071277 0
56.92927346155699 4.043124999115386 0
57.55023603547335 8.365951251140235 0
56.10655920822695 6.883279765850572 0
56.98564592589567 5.763826895341276 0
55.38791203148216 5.80750039113752 0
55.89815451598173 4.999409292343501 0
56.33384624284236 3.961225842173874 0
58.98655731675867 5.197366503723317 0
58.91782412281108 4.298224544876042 0
73.50589597695981 16.34373136950716 0
59.51042189735001 4.413963323463786 0
59.9319109546246 5.031696998383728 0
60.77402021887551 4.989254446820859 0
68.07867818886281 7.128755750807217 0
65.36148060217289 6.071993956854732 0
55.3626651882208 9.085614547984088 0
56.57345055901757 4.047522498567226 0
56.70423986041923 4.359271847221269 0
57.14586834087825 4.467723434808235 0
353.8996458447837 7.129013802170853 0
335.321473406161 6.095525474832388 0
336.271265662686 9.609664772533199 0
341.0375816262202 9.777640073933464 0
316.8532031311362 6.62857370402564 0
325.8644316348214 6.400960284188013 0
327.5672209081388 9.81920648095725 0
322.3691027342074 9.814073496640553 0
450.858113916678 6.452385329711863 0
308.1018666761297 6.580555070522423 0
309.4963506346692 10.21087034228677 0
305.3960920637088 9.520589020076581 0
300.4959345753249 10.1735230393402 0
297.5805307324744 16.4248812782572 0
314.1069888781622 9.511860371974153 0
295.5784803376586 10.83788212106115 0
290.9591823197242 6.524900887327391 0
440.0411357830272 6.784524719188974 0
409.1309315689119 6.43954394100553 0
299.8867178197906 6.107056945100894 0
282.624083164175 6.456211449069434 0
284.2066097547374 9.658384627362558 0
279.9013532381785 9.616337763215471 0
275.7965955900909 10.18720104579482 0
282.9425967631432 15.19358426496156 0
288.3643158144951 9.257828160219017 0
266.2663531398857 6.376048606881922 0
267.5731657157457 10.32268258891499 0
263.1326377882464 9.30620555937602 0
271.1300649470826 14.76203941798799 0
274.3559419292516 6.567903098810003 0
271.6794493656622 9.045026726252752 0
237.6079237178831 6.024434806980163 0
378.8496542483235 6.193509681537459 0
349.7264953768764 7.219484375379828 0
359.6942496511745 6.472187966319441 0
357.979755201895 10.0336206026673 0
341.0531239616628 6.391536343061153 0
322.8824988070414 6.065841801073811 0
331.9625046259388 7.232310547845363 0
220.0441778772692 6.150224525937999 0
221.0514752523173 9.083553559296682 0
217.5941198986068 8.222874347721833 0
225.1405046594642 8.636629662743008 0
82.27746262023936 5.271932767010603 0
81.39056849749153 7.338409644633246 0
213.1895379417865 5.774597802768642 0
214.1661246112122 8.382230879322215 0
196.2427086439253 5.753863692448073 0
314.1304860828073 6.036054251698338 0
297.2797520425601 6.895869024688365 0
173.499811924441 5.679446268805835 0
174.6147495550505 8.308070864033546 0
171.3871775256505 7.851798731491993 0
177.8077155236685 7.832816686559364 0
176.7965938067933 11.66007347541999 0
155.9412538765204 5.836451996361373 0
156.9211190519518 9.014794208994401 0
153.7744226017556 7.728563134036421 0
150.4269623328458 8.362632785374215 0
160.6676937941997 11.581579290014 0
146.5604327520123 9.12110181669318 0
149.5701563697203 12.71768625857712 0
160.3993112824182 7.793264934718228 0
163.8706872232734 8.430891532517904 0
167.869592316514 9.519355298799054 0
142.9693729212859 9.66482794431648 0
140.4781678146644 7.158667723957378 0
139.2210871685747 10.81803500421142 0
85.68693423169888 5.584443774336089 0
86.56829780690867 8.047199347030487 0
89.32611561312842 7.371370752817494 0
305.4113790635105 6.237330849196759 0
288.3807348876617 5.939989096814236 0
271.8502992574137 6.092127479952944 0
280.0282055521552 6.021198088780927 0
263.6421091624747 5.89195158826563 0
180.0335084690255 5.987873656989432 0
181.2828625676423 9.330350131244247 0
184.9250821448381 8.079666078197254 0
258.6772640403433 6.019730347724563 0
242.8099165416938 5.966483058568433 0
244.0170183170227 9.085614271025463 0
247.965560132143 8.883947484797661 0
252.4566734433535 10.11618961593831 0
21.79438370197932 15.94872319009716 0
248.0052295787245 5.823608789886261 0
225.1573873638465 5.822634392884336 0
96.67006740580842 5.334202985534286 0
95.70112769783751 7.402814903369227 0
230.0597331118885 6.234997236852268 0
231.2864730032271 9.244336839068849 0
235.150793310636 8.753873327225618 0
210.6004920687182 6.907080273181562 0
253.18526486965 6.011372426441548 0
171.3075440933465 5.335747373423899 0
205.7017889974516 6.044940544346484 0
207.1041684160462 9.116350531707138 0
206.8901852522332 13.73354269729456 0
235.1637888256335 5.933401759928488 0
217.73948143405 5.614523209208349 0
200.9635187202377 5.785432896234105 0
199.8250826473995 8.627176113532945 0
194.071689372074 6.145260978179263 0
193.075321779201 9.061710288253773 0
189.3137796999641 8.326163022144785 0
189.2824868972931 5.544477551436247 0
177.9302574201783 5.539892678555247 0
89.40162391414394 5.302755767829987 0
160.3841212253577 5.405174262690823 0
145.5537166656289 5.545700086815274 0
131.3838566163101 5.839809290276261 0
129.9079252013016 7.759373056292744 0
127.4174061630112 7.324589108715439 0
128.59817458028 10.83246476371589 0
164.4199666027024 5.607270258634546 0
149.9859681062088 5.57057934976531 0
135.1275490220327 5.827815788073689 0
136.4760340129642 8.235839274400048 0
132.9467798475872 8.309877022005297 0
115.781148748025 5.299723735208109 0
116.2274962024356 7.896627944955618 0
119.3660788691414 7.608288689878513 0
184.8201054400574 5.505649229335722 0
127.2820224055676 5.246993398473894 0
169.196513060096 6.064392244776731 0
153.9268736282633 5.391787588703491 0
100.3593058810218 5.350164635091601 0
111.9513257752832 5.4937217547509 0
112.7711032544674 7.811180338573092 0
107.8046887118443 7.49235079344002 0
106.5686459851612 11.07578775731289 0
119.3706093662277 5.432417837073198 0
104.085715289219 5.366287102652249 0
123.2364601537044 5.814732065257123 0
124.5537557337848 8.287892682392918 0
107.8677191881459 5.375298378626789 0
93.34472102919838 5.674912080446857 0
78.89782936818797 5.985483541330852 0
-1.362251234867066 4.726680742306842 -0
-0.4439892716195091 5.545639179339809 -0
-0.7487754428004824 6.99878801874138 -0
190.6703377836503 12.84715472613917 0
54.44212631876496 6.821907274723164 0
52.7744673220956 6.596192347997753 0
51.64994239399421 8.40916404030707 0
53.65275568642336 5.674358694403651 0
52.3224950545071 5.339513320935732 0
51.47410435914991 6.300448004626743 0
51.31581186321831 5.036380619122046 0
50.47049702524239 5.682328118810188 0
53.18107369915683 4.902031971820889 0
53.63351776786218 3.893190768184185 0
54.51575527337423 4.902663798003107 0
51.9720500027977 4.64888823657275 0
51.60848122605581 3.985679601395127 0
50.47232115407657 4.871091278008216 0
49.72161253999261 5.093362919833035 0
49.28390018520604 6.097158077706558 0
48.85737868901494 4.993621667579288 0
50.41619127699791 6.870489680550746 0
51.37634435645416 3.956045809263558 0
51.47109259208327 4.299695989108648 0
50.9261007257067 4.440762196166173 0
51.86103398974708 4.211820986330176 0
52.23876421582708 4.260964172659551 0
52.72585440344233 3.937528512264622 0
52.52816505983833 3.908533643980261 0
52.61940600971901 4.166584211762603 0
52.56200920392138 4.614977766309018 0
53.03742993085223 4.38870417438413 0
53.55455119342142 4.448136517163339 0
52.33807089992766 3.971587807010813 0
12.52226130935193 4.72995590704646 0
56.2270412753268 4.357768213195711 0
56.58142187884376 4.88203220017581 0
55.68117474103657 4.45401722805136 0
-2.57859445833651 8.154724255344657 -0
964.860895417599 62.63587274366873 0
16.31686602275997 7.893948556655418 0
58.43337927284248 4.681895884122016 0
57.70726486244672 4.691431130044164 0
881.5451468882657 15.42893708080752 0
338.1204472652234 13.96028236087441 0
-68.54950966902794 83.12385422840013 -0
26.52384100459618 5.372541179866734 0
4.576796641572538 4.595153255820779 0
4.516958512949254 5.695173416687132 0
6.45054130700548 5.225855081514645 0
7.826563978194164 5.111695602206581 0
-47.51174089440202 16.55880937139658 -0
57.58119297229067 4.166724642357416 0
11.04861571469378 4.545972222432002 0
10.49805495960268 5.226325881990991 0
688.3232320185282 13.55053835283155 0
346.2492847507087 9.607182590311282 0
53.35053354735557 4.174903037258701 0
8.155374808796651 4.288705979173563 0
418.7210905640393 22.97059890983417 0
63.21027424545873 70.14315886448414 0
425.9604775219942 11.31432735169192 0
426.4222040546048 63.9889306423058 0
448.679940164206 58.49949774199171 0
412.2602903212244 81.42618383031319 0
-17.8054189599037 6.447643187918353 -0
367.6354988557514 10.18669511447428 0
1049.821325667925 27.75383918982876 0
9.650134026015605 4.536511027993156 0
-73.88636801066473 11.36327872330791 -0
-40.45381924032949 15.83637372216436 -0
-38.0354287306642 22.53775941179778 -0
232.8796738700206 12.33941311530197 0
62.49499594826978 4.616715355213849 0
63.01839271173166 5.631725882550796 0
14.04003786638543 5.839668315715252 0
383.4701961888107 25.52752074178616 0
266.4744581713442 52.95091919265604 0
61.80315821221576 5.525623344469069 0
928.5353942623121 90.93045738440009 0
-87.82389132943641 28.50250441161903 -0
-7.531301245151671 6.854451080674891 -0
446.7102546548381 38.76579971410696 0
837.058694977125 69.6714075127915 0
292.2922209467398 22.58405744759381 0
49.32823967335577 4.502939001594696 0
48.49825107766114 4.455601099391605 0
914.6416754224263 15.83486912818897 0
68.34855369601053 5.192362727371736 0
1.983558960463935 6.136228111856198 0
-1.151599971647111 25.78583846105086 -0
23.1993581082547 6.491592194626462 0
58.49571676961739 4.168465127056551 0
195.2610126763842 68.53870514037061 0
243.4689632860237 38.95276996355849 0
85.88136857340119 22.90178257440317 0
7.623868548023076 4.244889021520695 0
239.7898222216434 8.633321893242403 0
641.2511668575286 72.0874904364366 0
1017.061604416499 91.22511935327488 0
1000.676855369981 106.4808701581529 0
45.38637820649878 6.119958196144973 0
761.3620935892686 14.23650447229315 0
291.5060927265965 14.32981951683463 0
49.92785477887605 4.441557815996915 0
49.5599920154198 4.099813502920481 0
387.6954185304435 80.62267315044352 0
52.91093075016991 4.119747895590671 0
651.4379681697513 13.62061699100914 0
1009.413140562792 14.84749038507001 0
57.24779459156581 5.080589405544577 0
41.91087922312558 4.358550492613845 0
312.1029753392743 13.91366275787754 0
-75.81854540230658 34.56134103024957 -0
71.7780625861171 5.681735734349024 0
1030.274187965178 57.42481394417509 0
48.6281363342177 10.15439999921367 0
647.5183167053985 21.96460377310063 0
-33.61407626948891 16.971164772015 -0
-27.14404468264168 15.9600662685223 -0
-20.10235813627628 16.28297223517997 -0
542.3644538612538 30.39077233023853 0
64.82308398279173 26.14882288771785 0
7.597059231871474 14.00035997931085 0
50.18035660980816 4.06532301612482 0
861.2620192363011 91.87720339463185 0
1038.751131280336 37.12479911858063 0
724.4288191974172 27.495463974865 0
723.8235245992366 45.4554376451776 0
50.46155836431385 4.300522397355702 0
-1.41437418528233 4.081514881129999 -0
50.76349685672685 4.042378442025225 0
56.09555122407154 3.989996172055257 0
55.878687926483 4.152295698142544 0
44.21436091796709 4.70516003146467 0
687.0357182664893 51.31325695632945 0
101.5144629214343 7.333395858380618 0
37.09109507622509 8.364739741594116 0
995.4434704993419 16.30869528800485 0
-19.37101915076757 10.4315507197147 -0
-16.49046054452165 12.74957583299828 -0
55.42539693302795 32.24376386447613 0
882.4654250002447 72.0192531508257 0
601.3772616002487 50.14246580719491 0
41.68048256495679 16.87774452910149 0
104.875931983649 7.75687878720648 0
53.29370547551062 3.901101538456175 0
28.33333333344156 112.9533577269678 0
106.9996247393707 29.28795122078671 0
422.7557460222145 7.034957715242862 0
388.6830842485998 10.26077105371942 0
139.603614423697 5.123658229818062 0
111.1402610927417 75.64674203018546 0
89.36885227454721 95.44879319812775 0
528.568408964604 17.71224427245101 0
51.83939041144833 3.938189080277553 0
16.16044504174843 26.5237857996228 0
-82.58104090207223 10.58949898050155 -0
52.9126195018494 3.90022875875341 0
847.1815400312689 21.80064121675728 0
280.8911111682546 103.3987582969818 0
54.52230064482512 5.485678375911595 0
55.14568837628173 4.938982941051819 0
55.19326760918155 4.451521202013854 0
54.77892643368169 4.483174056504754 0
54.61931745743549 4.143688741530245 0
54.34860419645321 4.440180552967373 0
53.9701644014066 4.845450381637975 0
53.91945138163666 4.22962622062262 0
54.28661345098099 4.071189427255446 0
53.87068815475355 3.984760288682639 0
54.67601254002248 3.94721060538468 0
55.22142722128577 4.124737849301128 0
55.49597650577547 4.135174170371939 0
53.63002550322026 4.102892350170317 0
95.2176165735745 34.13819074338574 0
596.8747652413151 12.51435751263124 0
546.9210557532891 7.791018741686851 0
499.4880443089517 7.108915374253658 0
312.5598577307711 49.03431140466789 0
340.7749422142456 85.10579397590814 0
64.45958389875733 4.963306050377235 0
744.2661692599823 46.5939484477812 0
329.6031058662096 19.70108867308398 0
49.24146081522494 4.038727089198275 0
292.2356497205141 9.521365425554215 0
286.9415222866839 13.36552879342974 0
172.3031625150977 11.4462647309275 0
174.1741812421611 15.43071751594295 0
-33.67217061489711 104.637630522256 -0
63.9279714816318 6.736369305943961 0
53.46843404042217 3.928681282344895 0
728.2771903457329 8.459350710827392 0
11.65031622274361 5.407089484448441 0
-6.755153093188096 8.349075888039412 -0
-27.00380695595622 10.63686518663503 -0
99.27741402621785 25.64475960702844 0
703.0374234815969 7.998375829691256 0
702.5413767111268 13.73810646543365 0
217.7689370060875 88.86648292744373 0
157.72084864985 113.5619899786087 0
119.0856038360959 10.3342690825857 0
398.8097448918317 6.780965926142621 0
-26.86091747727748 58.51015594651981 -0
419.3891748714045 6.467890406431835 0
369.1039669500042 6.33826339747637 0
54.7133012709491 3.828378061255417 0
388.7285085438345 6.323277395912631 0
169.0651856006582 46.39041354336972 0
989.5466393411207 14.17576739912412 0
473.8649116726135 89.30174555345894 0
141.2537089348855 5.065971164501196 0
83.95029850420443 7.272540995362422 0
969.1057129332667 16.17315458072031 0
263.1110052594157 76.99325249080475 0
575.2253778466422 20.04858221699817 0
-50.36500938301997 21.97002235016154 -0
65.83877705704414 4.971660897733766 0
53.34791189612113 10.84153856638795 0
318.3079278173269 9.370117816385903 0
223.0404252365583 12.21068557037376 0
47.3257095410958 27.29398186346486 0
934.6759627626434 15.64538612381926 0
982.4311568700914 69.99897333033212 0
669.4020061338297 94.73081948985049 0
5.559332050536319 5.92979942715914 0
747.7062102741866 32.17622690563223 0
-4.041596203099192 19.6597494737024 -0
735.5442497538916 91.60280855292602 0
812.7096413074578 77.68558765512064 0
950.541953201193 16.51524503194478 0
-56.28623463211361 22.08887830496425 -0
39.35826381997873 31.75315770047426 0
1038.622788064201 7.948034643549289 0
12.15503488879148 60.11349641725329 0
17.90720180238472 83.00623689701347 0
0.6891509605823061 76.1692945970195 0
-0.2476806728681758 9.300175579668363 -0
0.4191067490010674 5.027579221457144 0
1021.906201455592 13.9741756493749 0
782.4292927427783 24.11807997173397 0
690.7303477655282 70.01626651025971 0
497.2080717706494 10.56050253416662 0
-3.309525535512088 4.347033110334776 -0
400.6823530481915 106.0195684123728 0
55.68501761183919 3.934242045307548 0
984.5949084174972 14.00763654159662 0
259.4805527432354 8.196869309623761 0
39.14855160972932 7.85177339433181 0
-24.57040079515372 22.18127280890746 -0
35.86290081327711 5.598416303922627 0
48.19731122982616 4.789084152191768 0
804.3377850364435 14.22761977059914 0
585.9125084963141 12.30662001921629 0
552.4478970177274 76.05678560642114 0
43.20598127335749 4.158073581733486 0
826.1738316723815 14.38843461856132 0
196.3785781687235 8.038497334526372 0
466.8145994408156 11.26445840026437 0
1033.821330603694 16.49223843829037 0
474.8030438883317 39.23339643936193 0
486.3174589789186 47.81445951993702 0
45.44466747183555 61.99179034940286 0
40.07946871850645 83.33507407920699 0
52.98269794054572 5.628024083789506 0
26.15232409085204 16.94761161710843 0
475.7779706509518 10.59611445037757 0
-97.19788120955015 6.174974189491123 -0
7.517955911728994 31.49473656472071 0
42.97766164738464 8.629052414153671 0
228.2941641958181 8.845725782093256 0
-45.03364760924676 27.3078636763633 -0
33.09176366576221 5.568652519129791 0
0.6162359768248054 6.047123182220195 0
60.87595081646131 4.278959520404032 0
53.7647656793557 3.844487764216705 0
4.996219182173859 6.880523709518438 0
25.26489734861375 6.735185593549884 0
153.1828751583905 10.67851168206643 0
502.9355683083294 6.733478533753368 0
550.9014877936228 7.166825676106305 0
508.5572713637059 30.91746296498671 0
10.16945391944555 17.25950648313515 0
32.17535127714811 26.67132605447558 0
276.7862591601668 15.56689097325802 0
57.92125469219761 5.323545571807771 0
-1.407307598260085 5.70289058313663 -0
1043.927547469916 30.48420321593272 0
-63.76496195780663 121.2977320481001 -0
57.24685546764844 4.04793770399945 0
652.7295566653384 30.91267300630055 0
121.9075590491323 8.188260886770662 0
715.1450364067014 69.97157206182443 0
737.8195326655316 23.20551194785541 0
802.6717278584191 115.4581309738223 0
282.5252005552314 23.62735868252063 0
48.49531553336851 4.06477535382696 0
87.81539096983427 46.12997422063371 0
68.51380783590285 19.65039159096674 0
56.1482995737373 5.668691764046478 0
299.3728252359057 81.396088040349 0
21.08145579228955 6.321606234652647 0
-13.68274242840456 11.68524957616135 -0
975.6599179244304 23.28838966336938 0
72.75892493125184 31.62635339450422 0
164.9479954919501 12.37239411819116 0
55.50140758837912 3.898235725686948 0
364.7621539385259 76.39810388473612 0
532.3262086021672 11.08738938682667 0
267.7076337768975 21.35363337681286 0
40.69263654013055 9.4713685025421 0
-17.62587283369729 79.71187528724624 -0
780.9670736743277 33.00136047454789 0
947.3973258192954 71.6029711899312 0
54.61679357467744 3.828533221442165 0
23.64472579154648 30.5415283991413 0
186.9172505545946 16.87400999028961 0
42.39277884706762 4.910469918520632 0
144.5081272840756 7.751275345417864 0
66.69900630260261 6.18574272668356 0
607.2630197199047 12.65095952091864 0
529.8537703904112 33.56109461594146 0
242.3224729469823 12.3428692369351 0
162.5434751469556 17.21004316433208 0
155.5658807138972 20.96657395552771 0
876.1298678681677 51.73020066985254 0
203.3833913052946 7.704893112959798 0
-13.43894714863501 21.14375800207835 -0
857.8473644136358 14.43100675039541 0
872.9056167012927 13.56229158217899 0
105.9804107186544 14.93048343008273 0
455.1785869134279 32.04312451827246 0
864.4711850261456 24.43924615547971 0
57.09762693084205 10.38539706579673 0
574.968217575559 29.06919106061983 0
2 4 0 874
3203
3204
3205
3206
3207
3208
3209
3210
3211
3212
3213
3214
3215
3216
3217
3218
3219
3220
3221
3222
3223
3224
3225
3226
3227
3228
3229
3230
3231
3232
3233
3234
3235
3236
3237
3238
3239
3240
3241
3242
3243
3244
3245
3246
3247
3248
3249
3250
3251
3252
3253
3254
3255
3256
3257
3258
3259
3260
3261
3262
3263
3264
3265
3266
3267
3268
3269
3270
3271
3272
3273
3274
3275
3276
3277
3278
3279
3280
3281
3282
3283
3284
3285
3286
3287
3288
3289
3290
3291
3292
3293
3294
3295
3296
3297
3298
3299
3300
3301
3302
3303
3304
3305
3306
3307
3308
3309
3310
3311
3312
3313
3314
3315
3316
3317
3318
3319
3320
3321
3322
3323
3324
3325
3326
3327
3328
3329
3330
3331
3332
3333
3334
3335
3336
3337
3338
3339
3340
3341
3342
3343
3344
3345
3346
3347
3348
3349
3350
3351
3352
3353
3354
3355
3356
3357
3358
3359
3360
3361
3362
3363
3364
3365
3366
3367
3368
3369
3370
3371
3372
3373
3374
3375
3376
3377
3378
3379
3380
3381
3382
3383
3384
3385
3386
3387
3388
3389
3390
3391
3392
3393
3394
3395
3396
3397
3398
3399
3400
3401
3402
3403
3404
3405
3406
3407
3408
3409
3410
3411
3412
3413
3414
3415
3416
3417
3418
3419
3420
3421
3422
3423
3424
3425
3426
3427
3428
3429
3430
3431
3432
3433
3434
3435
3436
3437
3438
3439
3440
3441
3442
3443
3444
3445
3446
3447
3448
3449
3450
3451
3452
3453
3454
3455
3456
3457
3458
3459
3460
3461
3462
3463
3464
3465
3466
3467
3468
3469
3470
3471
3472
3473
3474
3475
3476
3477
3478
3479
3480
3481
3482
3483
3484
3485
3486
3487
3488
3489
3490
3491
3492
3493
3494
3495
3496
3497
3498
3499
3500
3501
3502
3503
3504
3505
3506
3507
3508
3509
3510
3511
3512
3513
3514
3515
3516
3517
3518
3519
3520
3521
3522
3523
3524
3525
3526
3527
3528
3529
3530
3531
3532
3533
3534
3535
3536
3537
3538
3539
3540
3541
3542
3543
3544
3545
3546
3547
3548
3549
3550
3551
3552
3553
3554
3555
3556
3557
3558
3559
3560
3561
3562
3563
3564
3565
3566
3567
3568
3569
3570
3571
3572
3573
3574
3575
3576
3577
3578
3579
3580
3581
3582
3583
3584
3585
3586
3587
3588
3589
3590
3591
3592
3593
3594
3595
3596
3597
3598
3599
3600
3601
3602
3603
3604
3605
3606
3607
3608
3609
3610
3611
3612
3613
3614
3615
3616
3617
3618
3619
3620
3621
3622
3623
3624
3625
3626
3627
3628
3629
3630
3631
3632
3633
3634
3635
3636
3637
3638
3639
3640
3641
3642
3643
3644
3645
3646
3647
3648
3649
3650
3651
3652
3653
3654
3655
3656
3657
3658
3659
3660
3661
3662
3663
3664
3665
3666
3667
3668
3669
3670
3671
3672
3673
3674
3675
3676
3677
3678
3679
3680
3681
3682
3683
3684
3685
3686
3687
3688
3689
3690
3691
3692
3693
3694
3695
3696
3697
3698
3699
3700
3701
3702
3703
3704
3705
3706
3707
3708
3709
3710
3711
3712
3713
3714
3715
3716
3717
3718
3719
3720
3721
3722
3723
3724
3725
3726
3727
3728
3729
3730
3731
3732
3733
3734
3735
3736
3737
3738
3739
3740
3741
3742
3743
3744
3745
3746
3747
3748
3749
3750
3751
3752
3753
3754
3755
3756
3757
3758
3759
3760
3761
3762
3763
3764
3765
3766
3767
3768
3769
3770
3771
3772
3773
3774
3775
3776
3777
3778
3779
3780
3781
3782
3783
3784
3785
3786
3787
3788
3789
3790
3791
3792
3793
3794
3795
3796
3797
3798
3799
3800
3801
3802
3803
3804
3805
3806
3807
3808
3809
3810
3811
3812
3813
3814
3815
3816
3817
3818
3819
3820
3821
3822
3823
3824
3825
3826
3827
3828
3829
3830
3831
3832
3833
3834
3835
3836
3837
3838
3839
3840
3841
3842
3843
3844
3845
3846
3847
3848
3849
3850
3851
3852
3853
3854
3855
3856
3857
3858
3859
3860
3861
3862
3863
3864
3865
3866
3867
3868
3869
3870
3871
3872
3873
3874
3875
3876
3877
3878
3879
3880
3881
3882
3883
3884
3885
3886
3887
3888
3889
3890
3891
3892
3893
3894
3895
3896
3897
3898
3899
3900
3901
3902
3903
3904
3905
3906
3907
3908
3909
3910
3911
3912
3913
3914
3915
3916
3917
3918
3919
3920
3921
3922
3923
3924
3925
3926
3927
3928
3929
3930
3931
3932
3933
3934
3935
3936
3937
3938
3939
3940
3941
3942
3943
3944
3945
3946
3947
3948
3949
3950
3951
3952
3953
3954
3955
3956
3957
3958
3959
3960
3961
3962
3963
3964
3965
3966
3967
3968
3969
3970
3971
3972
3973
3974
3975
3976
3977
3978
3979
3980
3981
3982
3983
3984
3985
3986
3987
3988
3989
3990
3991
3992
3993
3994
3995
3996
3997
3998
3999
4000
4001
4002
4003
4004
4005
4006
4007
4008
4009
4010
4011
4012
4013
4014
4015
4016
4017
4018
4019
4020
4021
4022
4023
4024
4025
4026
4027
4028
4029
4030
4031
4032
4033
4034
4035
4036
4037
4038
4039
4040
4041
4042
4043
4044
4045
4046
4047
4048
4049
4050
4051
4052
4053
4054
4055
4056
4057
4058
4059
4060
4061
4062
4063
4064
4065
4066
4067
4068
4069
4070
4071
4072
4073
4074
4075
4076
1048.377554172141 0.7500000062908139 0
1041.788220575988 0.7500000061668396 0
1035.231833647525 0.7500000060434847 0
1028.70822866462 0.7500000059207466 0
1022.217241707154 0.7500000057986225 0
1015.758709685837 0.7500000056771089 0
1009.332470333587 0.7500000055562028 0
1002.938362160989 0.7500000054359014 0
996.5762245216636 0.7500000053162014 0
990.2458976038409 0.7500000051970996 0
983.947222312129 0.7500000050785942 0
977.6800403705536 0.7500000049606803 0
971.4441943503225 0.7500000048433564 0
965.2395275521283 0.7500000047266192 0
959.065884108644 0.7500000046104656 0
952.9231089025885 0.7500000044948927 0
946.8110475598208 0.7500000043798979 0
940.7295465145216 0.7500000042654777 0
934.6784529649242 0.7500000041516298 0
928.6576149022272 0.750000004038351 0
922.6668810293099 0.7500000039256389 0
916.7061008272671 0.7500000038134903 0
910.7751245470051 0.7500000037019022 0
904.8738031288688 0.7500000035908727 0
899.0019883053445 0.7500000034803975 0
893.1595325564493 0.7500000033704748 0
887.3462891026616 0.7500000032611022 0
881.5621118604269 0.7500000031522759 0
875.8068554723143 0.7500000030439943 0
870.0803753725081 0.7500000029362539 0
864.3825277063996 0.750000002829052 0
858.7131692851513 0.7500000027223862 0
853.072157655508 0.7500000026162539 0
847.4593510889556 0.750000002510652 0
841.8746085398662 0.7500000024055783 0
836.3177897113752 0.7500000023010297 0
830.7887549746241 0.7500000021970042 0
825.2873653990371 0.7500000020934986 0
819.8134827815462 0.7500000019905108 0
814.3669695663586 0.7500000018880374 0
808.9476889117699 0.7500000017860766 0
803.5555046827998 0.7500000016846259 0
798.1902813711115 0.7500000015836824 0
792.8518841619832 0.7500000014832435 0
787.5401789270945 0.750000001383307 0
782.2550322180965 0.7500000012838698 0
776.9963112595041 0.7500000011849302 0
771.7638839056195 0.7500000010864848 0
766.5576186706388 0.7500000009885318 0
761.3773847588026 0.7500000008910687 0
756.2230520207401 0.7500000007940929 0
751.094490947338 0.750000000697602 0
745.9915726996768 0.7500000006015933 0
740.9141690291367 0.7500000005060647 0
735.8621523816611 0.750000000411014 0
730.8353958168577 0.7500000003164385 0
725.8337730028461 0.7500000002223356 0
720.8571583191975 0.7500000001287035 0
715.9054267405313 0.7500000000355396 0
710.9784538304059 0.7499999999428413 0
706.0761157720059 0.7499999998506067 0
701.1982893985045 0.749999999758833 0
696.344852149979 0.7499999996675184 0
691.5156820674891 0.7499999995766605 0
686.7106578235778 0.7499999994862565 0
681.9296587160763 0.7499999993963049 0
677.1725646252007 0.7499999993068028 0
672.4392560078147 0.7499999992177481 0
667.7296139281135 0.7499999991291391 0
663.0435200516112 0.7499999990409729 0
658.3808566391619 0.7499999989532474 0
653.7415065410374 0.7499999988659607 0
649.1253531910421 0.7499999987791105 0
644.532280600674 0.7499999986926943 0
639.962173390076 0.7499999986067105 0
635.414916745172 0.7499999985211564 0
630.8903963755764 0.74999999843603 0
626.3884985824262 0.7499999983513296 0
621.9091102891376 0.7499999982670524 0
617.4521189619659 0.7499999981831963 0
613.0174125680861 0.7499999980997599 0
608.604879680346 0.7499999980167407 0
604.2144094710766 0.7499999979341365 0
599.8458916331876 0.7499999978519452 0
595.4992163747971 0.7499999977701651 0
591.1742744874044 0.7499999976887938 0
586.870957303119 0.7499999976078294 0
582.5891566897851 0.7499999975272696 0
578.3287650817908 0.7499999974471129 0
574.0896754381577 0.7499999973673567 0
569.8717812370516 0.7499999972879994 0
565.6749765074494 0.7499999972090389 0
561.4991558233614 0.7499999971304734 0
557.3442142620828 0.7499999970523002 0
553.2100473988619 0.7499999969745185 0
549.0965513387283 0.7499999968971253 0
545.0036227476232 0.7499999968201191 0
540.9311588104366 0.749999996743498 0
536.8790572258357 0.74999999666726 0
532.8472161643841 0.749999996591403 0
528.8355343005633 0.7499999965159256 0
524.8439108440931 0.7499999964408256 0
520.8722454981673 0.749999996366101 0
516.9204384544695 0.74999999629175 0
512.9883904249812 0.7499999962177707 0
509.0760026367205 0.7499999961441614 0
505.1831767900904 0.7499999960709199 0
501.3098150908208 0.7499999959980448 0
497.4558202080622 0.7499999959255342 0
493.6210953067389 0.7499999958533861 0
489.8055440420929 0.7499999957815986 0
486.0090705186203 0.74999999571017 0
482.2315793585508 0.7499999956390989 0
478.4729756601208 0.7499999955683827 0
474.733164992999 0.7499999954980203 0
471.0120533933754 0.7499999954280098 0
467.3095473227131 0.7499999953583492 0
463.6255537735223 0.7499999952890369 0
459.9599801903248 0.7499999952200712 0
456.3127344659949 0.7499999951514505 0
452.6837249730355 0.7499999950831727 0
449.0728605228731 0.7499999950152364 0
445.4800503975742 0.7499999949476396 0
441.9052043455856 0.7499999948803809 0
438.348232540024 0.7499999948134587 0
434.8090455748524 0.7499999947468708 0
431.2875545334828 0.749999994680616 0
427.7836709475346 0.7499999946146924 0
424.297306792377 0.7499999945490984 0
420.8283744459536 0.7499999944838324 0
417.3767867582573 0.7499999944188925 0
413.9424570094837 0.7499999943542776 0
410.525298906443 0.7499999942899858 0
407.1252266142777 0.7499999942260152 0
403.7421546790715 0.7499999941623648 0
400.3759980971197 0.7499999940990323 0
397.0266723103617 0.7499999940360168 0
393.6940931654688 0.7499999939733162 0
390.378176909713 0.7499999939109293 0
387.0788402236118 0.749999993848854 0
383.7960002164916 0.749999993787089 0
380.5295744224491 0.7499999937256334 0
377.2794807592274 0.7499999936644847 0
374.0456375613593 0.7499999936036417 0
370.8279635754818 0.7499999935431031 0
367.626377956794 0.7499999934828671 0
364.4408002644342 0.749999993422932 0
361.2711504579971 0.749999993363297 0
358.1173488929733 0.7499999933039599 0
354.9793163173255 0.7499999932449196 0
351.8569739037374 0.7499999931861746 0
348.7502432091323 0.7499999931277231 0
345.6590461706039 0.7499999930695641 0
342.5833051384893 0.7499999930116957 0
339.5229428352409 0.7499999929541167 0
336.4778823154317 0.7499999928968256 0
333.4480470720464 0.749999992839821 0
330.4333610321871 0.7499999927831014 0
327.4337484429336 0.7499999927266655 0
324.4491339049599 0.7499999926705117 0
321.4794424418253 0.7499999926146385 0
318.5245994226652 0.7499999925590447 0
315.5845305955262 0.749999992503729 0
312.6591621199927 0.7499999924486901 0
309.7484204899632 0.749999992393926 0
306.8522325670696 0.7499999923394357 0
303.9705256134085 0.7499999922852182 0
301.1032272142912 0.7499999922312716 0
298.2502652752181 0.7499999921775947 0
295.4115681283125 0.7499999921241862 0
292.5870644913864 0.7499999920710448 0
289.7766833912555 0.7499999920181694 0
286.9803541969803 0.7499999919655576 0
284.1980066163861 0.7499999919132092 0
281.4295707661049 0.7499999918611231 0
278.6749770939148 0.7499999918092968 0
275.9341563760751 0.74999999175773 0
273.2070397867132 0.7499999917064208 0
270.4935587842288 0.7499999916553679 0
267.7936451818389 0.7499999916045709 0
265.107231143541 0.7499999915540273 0
262.4342491812119 0.7499999915037368 0
259.7746321506254 0.7499999914536976 0
257.1283132118515 0.7499999914039087 0
254.4952258624413 0.7499999913543687 0
251.8753039342581 0.7499999913050762 0
249.268481626711 0.7499999912560301 0
246.6746934297714 0.7499999912072295 0
244.0938741579935 0.7499999911586729 0
241.5259589834567 0.749999991110359 0
238.9708833959714 0.7499999910622868 0
236.4285831996887 0.749999991014455 0
233.898994510104 0.749999990966862 0
231.3820537507164 0.7499999909195073 0
228.877697686826 0.7499999908723894 0
226.3858634221774 0.7499999908255069 0
223.9064883210505 0.7499999907788588 0
221.4395100818985 0.7499999907324441 0
218.9848667307405 0.7499999906862614 0
216.5424965830906 0.7499999906403093 0
214.11233827723 0.7499999905945873 0
211.6943307710552 0.7499999905490941 0
209.2884133022006 0.749999990503828 0
206.8945254220499 0.7499999904587883 0
204.5126069922846 0.7499999904139739 0
202.1425981454437 0.7499999903693835 0
199.7844393553838 0.7499999903250161 0
197.4380713603985 0.7499999902808706 0
195.1034351977106 0.7499999902369457 0
192.7804722365148 0.7499999901932403 0
190.4691241019009 0.7499999901497537 0
188.1693327086764 0.7499999901064844 0
185.8810402584624 0.7499999900634317 0
183.6041892735603 0.7499999900205939 0
181.3387225569748 0.7499999899779703 0
179.0845831531956 0.7499999899355602 0
176.8417144188766 0.7499999898933617 0
174.6100600196725 0.7499999898513746 0
172.3895638907159 0.749999989809597 0
170.1801702706135 0.7499999897680286 0
167.9818236248494 0.7499999897266679 0
165.7944686805593 0.7499999896855142 0
163.6180505333492 0.749999989644566 0
161.4525144972642 0.7499999896038229 0
159.297806139626 0.7499999895632833 0
157.1538713144163 0.7499999895229462 0
155.0206561600387 0.749999989482811 0
152.8981070959938 0.7499999894428765 0
150.7861707839345 0.7499999894031416 0
148.6847941614986 0.7499999893636053 0
146.5939244030354 0.7499999893242669 0
144.5135089905944 0.7499999892851249 0
142.4434956739559 0.7499999892461787 0
140.3838323950343 0.7499999892074275 0
138.3344674324268 0.74999998916887 0
136.2953493243827 0.7499999891305049 0
134.2664267936373 0.749999989092332 0
132.247648854899 0.7499999890543499 0
130.2389648121128 0.7499999890165575 0
128.2403241822452 0.7499999889789543 0
126.2516767300699 0.7499999889415387 0
124.2729725386171 0.7499999889043107 0
122.3041618962671 0.7499999888672687 0
120.345195294845 0.7499999888304117 0
118.3960235004941 0.7499999887937393 0
116.45659755107 0.7499999887572504 0
114.5268687535552 0.7499999887209432 0
112.6067886079945 0.7499999886848182 0
110.6963088424307 0.7499999886488735 0
108.7953814835018 0.7499999886131086 0
106.9039587804312 0.7499999885775225 0
105.0219932029015 0.7499999885421145 0
103.1494374385775 0.7499999885068834 0
101.2862444277635 0.7499999884718284 0
99.4323673973423 0.7499999884369487 0
97.58775974810648 0.7499999884022436 0
95.75237512658639 0.749999988367712 0
93.92616745867355 0.7499999883333529 0
92.1090908373735 0.7499999882991656 0
90.30109959431742 0.7499999882651492 0
88.50214829705702 0.7499999882313029 0
86.71219174711432 0.7499999881976259 0
84.93118497731153 0.7499999881641175 0
83.1590832498545 0.7499999881307763 0
81.3958420536969 0.7499999880976019 0
79.64141706590958 0.7499999880645932 0
77.89576418619433 0.7499999880317497 0
76.15883957141473 0.7499999879990705 0
74.43059959627875 0.7499999879665548 0
72.71100081477444 0.7499999879342014 0
70.99999999999999 0.7499999879020099 0
69.28948203224257 0.7499999878698277 0
67.75001585590338 0.7499999878408633 0
66.36449630153659 0.7499999878147957 0
65.11752870764056 0.7499999877913345 0
63.99525787641139 0.7499999877702198 0
62.98521412389083 0.7499999877512162 0
62.07617474825501 0.7499999877341134 0
61.25803931303255 0.7499999877187206 0
60.52171741724658 0.7499999877048672 0
59.85902771100091 0.749999987692399 0
59.26260697509449 0.7499999876811777 0
58.72582831026311 0.7499999876710784 0
58.24272750588642 0.7499999876619891 0
57.80793678317238 0.7499999876538088 0
57.4166251378477 0.7499999876464464 0
57.06444465714425 0.7499999876398205 0
56.74748222208136 0.7499999876338569 0
56.46221602984377 0.7499999876284899 0
56.20547645584058 0.7499999876236595 0
55.97441084248818 0.749999987619312 0
55.76645178887914 0.7499999876153994 0
55.57928863656312 0.749999987611878 0
55.41084180384854 0.7499999876087087 0
55.25923966375126 0.7499999876058566 0
55.1227977417353 0.7499999876032893 0
55 0.7499999876009793 0
54.89327051184925 0.7499999875989711 0
54.78192886764457 0.7499999875968761 0
54.66577575355694 0.7499999875946909 0
54.54460325399396 0.7499999875924109 0
54.41819446189358 0.7499999875900329 0
54.28632310255588 0.7499999875875517 0
54.14875311893071 0.7499999875849634 0
54.00523825428981 0.7499999875822631 0
53.85552161143653 0.7499999875794462 0
53.69933518337055 0.7499999875765075 0
53.53639938780591 0.7499999875734423 0
53.36642256077852 0.7499999875702441 0
53.18910043191256 0.749999987566908 0
53.00411559013753 0.7499999875634273 0
52.81113690228297 0.7499999875597968 0
52.60981892480967 0.7499999875560092 0
52.39980128316935 0.7499999875520579 0
52.18070803926847 0.7499999875479358 0
51.95214700612759 0.7499999875436355 0
51.71370904356739 0.7499999875391493 0
51.46496734068143 0.7499999875344693 0
51.20547663198882 0.7499999875295873 0
50.93477240966297 0.7499999875244941 0
50.6523701008386 0.7499999875191811 0
50.35776419188339 0.7499999875136379 0
50.05042731875872 0.7499999875078557 0
49.72980933313835 0.7499999875018234 0
49.39533631176556 0.7499999874955307 0
49.04640953341746 0.7499999874889657 0
48.68240440136807 0.7499999874821172 0
48.30266932511734 0.7499999874749724 0
47.90652455758342 0.7499999874675193 0
47.49326097503351 0.7499999874597443 0
47.06213881201438 0.7499999874516329 0
46.61238633947472 0.7499999874431706 0
46.14319847970498 0.7499999874343435 0
45.6537353630045 0.7499999874251345 0
45.14312081980029 0.7499999874155274 0
44.61044082113639 0.7499999874055053 0
44.05474183606159 0.7499999873950501 0
43.47502913325141 0.7499999873841432 0
42.87026500624799 0.7499999873727649 0
42.23936688676642 0.7499999873608949 0
41.58120542634687 0.7499999873485121 0
40.8946024915093 0.7499999873355941 0
40.17832902560508 0.7499999873221177 0
39.43110285802005 0.7499999873080591 0
38.65158641123671 0.749999987293393 0
37.83838430341058 0.7499999872780929 0
36.99004086674196 0.749999987262132 0
36.1050375192183 0.7499999872454811 0
35.18179005662932 0.7499999872281107 0
34.21864581647736 0.7499999872099897 0
33.21388071515369 0.7499999871910857 0
32.16569617082274 0.7499999871713647 0
31.07221587018972 0.7499999871507912 0
29.93148243129546 0.7499999871293295 0
28.74145388093399 0.7499999871069394 0
27.49999999999999 0.7499999870835822 0
25.74822149651462 0.7499999870506233 0
24.10155507810595 0.7499999870196424 0
22.55369371419548 0.7499999869905205 0
21.09870880187364 0.7499999869631454 0
19.73102745226693 0.7499999869374133 0
18.44541118235911 0.7499999869132252 0
17.23693584718418 0.7499999868904884 0
16.10097275373485 0.749999986869116 0
15.03317093557202 0.7499999868490261 0
14.02944050262381 0.7499999868301415 0
13.08593698822202 0.7499999868123899 0
12.19904658729048 0.7499999867957033 0
11.36537232968192 0.7499999867800183 0
10.58172109737423 0.7499999867652745 0
9.845091356184227 0.7499999867514153 0
9.152661660502787 0.7499999867383875 0
8.501779876215252 0.7499999867261415 0
7.889953002100015 0.7499999867146305 0
7.314837618246116 0.7499999867038097 0
6.774230919602402 0.7499999866936385 0
6.266062283471143 0.7499999866840774 0
5.788385327616282 0.7499999866750905 0
5.339370454610247 0.7499999866666427 0
4.917297856751475 0.7499999866587014 0
4.520550919794459 0.749999986651237 0
4.147610024007875 0.7499999866442202 0
3.797046721845334 0.7499999866376243 0
3.467518296443913 0.7499999866314248 0
3.157762593658532 0.7499999866255967 0
2.866593185416235 0.7499999866201184 0
2.592894842024378 0.7499999866149691 0
2.335619235699582 0.7499999866101286 0
2.0937809543328 0.7499999866055785 0
1.866453714404358 0.7499999866013014 0
1.652766803872311 0.7499999865972813 0
1.451901769636834 0.7499999865935021 0
1.263089252565393 0.7499999865899498 0
1.085606062136804 0.7499999865866104 0
0.9187724093676053 0.7499999865834714 0
0.7619492866075035 0.7499999865805209 0
0.6145360307337029 0.7499999865777475 0
0.4759680288684223 0.7499999865751402 0
0.3457145338131511 0.7499999865726897 0
0.2232766417626095 0.749999986570386 0
0.1081854074111988 0.7499999865682209 0
-1.4210854715202e-14 0.7499999865661851 0
-0.145869837024577 0.7499999865634408 0
-0.3282071132265401 0.7499999865600102 0
-0.5561287214612207 0.749999986555722 0
-0.8410307380482891 0.7499999865503619 0
-1.197158246781072 0.7499999865436614 0
-1.642317627629794 0.7499999865352859 0
-2.198766852323686 0.7499999865248167 0
-2.894328378170997 0.7499999865117301 0
-3.763780287483399 0.749999986495372 0
-4.850595198151908 0.7499999864749241 0
-6.2091138423622 0.7499999864493643 0
-7.907262126115327 0.7499999864174148 0
-10.02994746988198 0.7499999863774774 0
-12.68330415973806 0.749999986327556 0
-15.99999999999999 0.7499999862651544 0
-19.61083791980738 0.7499999861972185 0
-23.25814894616619 0.7499999861285964 0
-26.94230149533102 0.7499999860592814 0
-30.66366770896735 0.7499999859892656 0
-34.42262347905 0.7499999859185432 0
-38.21954849842777 0.7499999858471061 0
-42.05482630008552 0.7499999857749475 0
-45.92884427781397 0.7499999857020602 0
-49.84199374553916 0.7499999856284365 0
-53.79466997884191 0.7499999855540691 0
-57.78727223817418 0.7499999854789505 0
-61.820203811617 0.7499999854030734 0
-65.89387206500487 0.7499999853264294 0
-70.00868848650846 0.7499999852490118 0
-74.16506871323422 0.7499999851708116 0
-78.36343257713835 0.7499999850918219 0
-82.60420415867605 0.749999985012034 0
-86.88781181580123 0.7499999849314403 0
-91.21468823266612 0.7499999848500327 0
-95.58527046937866 0.7499999847678028 0
1048.377554182407 1.750000003210229 0
1041.78822058602 1.750000003111052 0
1035.231833657328 1.750000003012372 0
1028.708228674194 1.750000002914185 0
1022.217241716506 1.750000002816489 0
1015.758709694986 1.750000002719282 0
1009.332470342534 1.75000000262256 0
1002.938362169736 1.750000002526322 0
996.5762245302128 1.750000002430566 0
990.2458976121836 1.750000002335288 0
983.9472223202566 1.750000002240486 0
977.6800403784681 1.750000002146159 0
971.4441943580259 1.750000002052303 0
965.2395275596225 1.750000001958917 0
959.0658841159311 1.750000001865997 0
952.9231089096698 1.750000001773542 0
946.8110475666982 1.75000000168155 0
940.7295465211974 1.750000001590016 0
934.6784529713996 1.750000001498941 0
928.6576149085157 1.750000001408321 0
922.666881035407 1.750000001318154 0
916.7061008331697 1.750000001228439 0
910.7751245527149 1.750000001139172 0
904.8738031343877 1.750000001050351 0
899.0019883106742 1.750000000961974 0
893.159532561591 1.750000000874039 0
887.3462891076173 1.750000000786544 0
881.5621118651989 1.750000000699486 0
875.8068554769038 1.750000000612864 0
870.0803753769173 1.750000000526674 0
864.3825277106193 1.750000000440916 0
858.7131692892042 1.750000000355586 0
853.0721576593855 1.750000000270683 0
847.4593510926594 1.750000000186205 0
841.8746085433975 1.750000000102149 0
836.317789714736 1.750000000018513 0
830.788754977816 1.749999999935296 0
825.2873654020615 1.749999999852493 0
819.8134827844051 1.749999999770106 0
814.366969569053 1.749999999688131 0
808.947688914302 1.749999999606565 0
803.5555046851706 1.749999999525407 0
798.1902813733227 1.749999999444655 0
792.8518841640366 1.749999999364307 0
787.5401789289913 1.749999999284361 0
782.2550322198383 1.749999999204814 0
776.9963112610925 1.749999999125665 0
771.7638839070563 1.749999999046912 0
766.5576186719248 1.749999998968551 0
761.3773847599392 1.749999998890584 0
756.2230520217296 1.749999998813006 0
751.0944909481811 1.749999998735815 0
745.9915727003753 1.749999998659011 0
740.9141690296919 1.749999998582591 0
735.8621523820747 1.749999998506554 0
730.8353958171306 1.749999998430896 0
725.8337730029801 1.749999998355616 0
720.8571583191936 1.749999998280713 0
715.9054267403911 1.749999998206184 0
710.978453830131 1.749999998132029 0
706.0761157715973 1.749999998058243 0
701.1982893979634 1.749999997984827 0
696.3448521493074 1.749999997911778 0
691.5156820666879 1.749999997839094 0
686.7106578226483 1.749999997766774 0
681.92965871502 1.749999997694815 0
677.1725646240184 1.749999997623215 0
672.4392560065077 1.749999997551974 0
667.7296139266838 1.749999997481089 0
663.0435200500594 1.749999997410559 0
658.3808566374898 1.749999997340381 0
653.7415065392458 1.749999997270554 0
649.1253531891326 1.749999997201076 0
644.5322805986474 1.749999997131946 0
639.9621733879337 1.749999997063161 0
635.4149167429156 1.74999999699472 0
630.8903963732072 1.749999996926622 0
626.3884985799442 1.749999996858863 0
621.9091102865449 1.749999996791444 0
617.4521189592639 1.749999996724362 0
613.0174125652754 1.749999996657615 0
608.6048796774279 1.749999996591203 0
604.2144094680523 1.749999996525121 0
599.8458916300583 1.74999999645937 0
595.4992163715638 1.749999996393948 0
591.1742744840678 1.749999996328853 0
586.8709572996809 1.749999996264084 0
582.5891566862464 1.749999996199639 0
578.3287650781523 1.749999996135516 0
574.0896754344209 1.749999996071713 0
569.871781233217 1.749999996008229 0
565.6749765035188 1.749999995945063 0
561.4991558193357 1.749999995882213 0
557.3442142579622 1.749999995819676 0
553.2100473946482 1.749999995757453 0
549.0965513344225 1.749999995695541 0
545.0036227432264 1.749999995633938 0
540.9311588059496 1.749999995572644 0
536.8790572212597 1.749999995511655 0
532.8472161597199 1.749999995450972 0
528.8355342958122 1.749999995390592 0
524.843910839256 1.749999995330514 0
520.8722454932446 1.749999995270736 0
516.9204384494628 1.749999995211257 0
512.9883904198916 1.749999995152077 0
509.0760026315439 1.749999995093191 0
505.1831767848261 1.7499999950346 0
501.3098150854698 1.749999994976302 0
497.4558202026255 1.749999994918295 0
493.6210953012174 1.749999994860579 0
489.8055440364877 1.749999994803151 0
486.0090705129322 1.74999999474601 0
482.2315793527809 1.749999994689155 0
478.4729756542703 1.749999994632584 0
474.7331649870684 1.749999994576296 0
471.012053387366 1.74999999452029 0
467.3095473166259 1.749999994464563 0
463.6255537673578 1.749999994409115 0
459.9599801840844 1.749999994353944 0
456.3127344596793 1.74999999429905 0
452.6837249666454 1.74999999424443 0
449.0728605164097 1.749999994190082 0
445.4800503910383 1.749999994136007 0
441.9052043389783 1.749999994082202 0
438.3482325333458 1.749999994028666 0
434.8090455681042 1.749999993975398 0
431.2875545266656 1.749999993922396 0
427.7836709406492 1.749999993869658 0
424.2973067854244 1.749999993817185 0
420.8283744389346 1.749999993764974 0
417.3767867511727 1.749999993713024 0
413.9424570023341 1.749999993661334 0
410.5252988992295 1.749999993609903 0
407.1252266070012 1.749999993558728 0
403.7421546717326 1.749999993507809 0
400.3759980897196 1.749999993457145 0
397.0266723029007 1.749999993406735 0
393.694093157948 1.749999993356576 0
390.378176902133 1.749999993306668 0
387.0788402159737 1.749999993257009 0
383.796000208796 1.7499999932076 0
380.5295744146964 1.749999993158436 0
377.2794807514189 1.749999993109519 0
374.0456375534953 1.749999993060847 0
370.8279635675633 1.749999993012417 0
367.6263779488216 1.74999999296423 0
364.4408002564087 1.749999992916284 0
361.2711504499194 1.749999992868577 0
358.1173488848439 1.749999992821109 0
354.9793163091453 1.749999992773879 0
351.8569738955069 1.749999992726885 0
348.7502432008526 1.749999992680125 0
345.6590461622753 1.749999992633599 0
342.5833051301126 1.749999992587306 0
339.5229428268169 1.749999992541245 0
336.4778823069611 1.749999992495414 0
333.4480470635299 1.749999992449811 0
330.4333610236252 1.749999992404437 0
327.433748434327 1.74999999235929 0
324.4491338963094 1.749999992314368 0
321.4794424331311 1.749999992269672 0
318.5245994139284 1.749999992225198 0
315.5845305867472 1.749999992180947 0
312.6591621111722 1.749999992136917 0
309.748420481102 1.749999992093108 0
306.8522325581681 1.749999992049517 0
303.97052560449 1.749999992006144 0
301.1032272053111 1.749999991962988 0
298.2502652661997 1.749999991920048 0
295.4115681192564 1.749999991877323 0
292.5870644822932 1.749999991834811 0
289.7766833821257 1.749999991792513 0
286.9803541878147 1.749999991750425 0
284.1980066071851 1.749999991708548 0
281.4295707568692 1.74999999166688 0
278.674977084645 1.749999991625421 0
275.9341563667718 1.749999991584169 0
273.2070397773767 1.749999991543123 0
270.49355877486 1.749999991502282 0
267.7936451724381 1.749999991461646 0
265.1072311341087 1.749999991421213 0
262.4342491717488 1.749999991380981 0
259.7746321411321 1.749999991340951 0
257.1283132023283 1.749999991301122 0
254.4952258528891 1.74999999126149 0
251.8753039246772 1.749999991222058 0
249.2684816171021 1.749999991182823 0
246.6746934201347 1.749999991143784 0
244.0938741483297 1.74999999110494 0
241.5259589737664 1.74999999106629 0
238.970883386255 1.749999991027834 0
236.4285831899467 1.749999990989569 0
233.8989945003369 1.749999990951497 0
231.3820537409247 1.749999990913614 0
228.8776976770104 1.749999990875921 0
226.3858634123626 1.749999990838416 0
223.9064883111879 1.749999990801099 0
221.4395100720134 1.749999990763969 0
218.9848667208332 1.749999990727024 0
216.5424965731616 1.749999990690264 0
214.1123382672797 1.749999990653688 0
211.694330761084 1.749999990617294 0
209.288413292209 1.749999990581082 0
206.8945254120385 1.749999990545052 0
204.5126069822537 1.749999990509202 0
202.1425981353939 1.749999990473531 0
199.7844393453154 1.749999990438038 0
197.438071350312 1.749999990402722 0
195.1034351876064 1.749999990367584 0
192.7804722263934 1.749999990332621 0
190.4691240917626 1.749999990297833 0
188.1693326985216 1.749999990263218 0
185.8810402482916 1.749999990228777 0
183.6041892633741 1.749999990194508 0
181.3387225467734 1.749999990160411 0
179.0845831429794 1.749999990126484 0
176.8417144086461 1.749999990092726 0
174.6100600094281 1.749999990059138 0
172.3895638804578 1.749999990025717 0
170.1801702603422 1.749999989992464 0
167.9818236145654 1.749999989959376 0
165.7944686702629 1.749999989926454 0
163.6180505230408 1.749999989893697 0
161.4525144869442 1.749999989861103 0
159.2978061292948 1.749999989828673 0
157.1538713040742 1.749999989796405 0
155.0206561496861 1.749999989764297 0
152.898107085631 1.749999989732351 0
150.786170773562 1.749999989700564 0
148.6847941511168 1.749999989668936 0
146.5939243926444 1.749999989637466 0
144.5135089801947 1.749999989606154 0
142.4434956635478 1.749999989574999 0
140.3838323846182 1.749999989543999 0
138.334467422003 1.749999989513153 0
136.2953493139516 1.749999989482462 0
134.2664267831991 1.749999989451925 0
132.247648844454 1.749999989421541 0
130.2389648016616 1.749999989391308 0
128.2403241717878 1.749999989361226 0
126.2516767196068 1.749999989331295 0
124.2729725281486 1.749999989301513 0
122.3041618857934 1.74999998927188 0
120.3451952843667 1.749999989242397 0
118.3960234900112 1.749999989213059 0
116.456597540583 1.749999989183869 0
114.5268687430644 1.749999989154825 0
112.6067885975002 1.749999989125926 0
110.6963088319332 1.749999989097171 0
108.7953814730012 1.74999998906856 0
106.9039587699279 1.749999989040092 0
105.0219931923958 1.749999989011766 0
103.1494374280697 1.749999988983582 0
101.2862444172538 1.74999998895554 0
99.43236738683117 1.749999988927637 0
97.58775973759415 1.749999988899874 0
95.75237511607311 1.74999998887225 0
93.92616744815967 1.749999988844763 0
92.10909082685912 1.749999988817414 0
90.30109958380297 1.749999988790202 0
88.50214828654258 1.749999988763126 0
86.71219173660022 1.749999988736185 0
84.93118496679789 1.74999998870938 0
83.15908323934178 1.749999988682708 0
81.39584204318524 1.749999988656169 0
79.64141705539933 1.749999988629763 0
77.89576417568566 1.74999998860349 0
76.15883956090808 1.749999988577346 0
74.43059958577417 1.749999988551335 0
72.7110008042722 1.749999988525453 0
70.99999999999999 1.749999988499701 0
69.28948203224257 1.749999988473956 0
67.75001585590337 1.749999988450785 0
66.36449630153658 1.749999988429932 0
65.11752870764056 1.749999988411164 0
63.99525787641139 1.749999988394273 0
62.9852141238908 1.74999998837907 0
62.07617474825503 1.749999988365388 0
61.25803931303256 1.749999988353075 0
60.52171741724658 1.749999988341992 0
59.85902771100093 1.749999988332018 0
59.26260697509446 1.749999988323041 0
58.7258283102631 1.749999988314962 0
58.24272750588642 1.74999998830769 0
57.80793678317238 1.749999988301147 0
57.41662513784773 1.749999988295257 0
57.06444465714426 1.749999988289956 0
56.74748222208137 1.749999988285186 0
56.46221602984375 1.749999988280893 0
56.20547645584057 1.749999988277028 0
55.97441084248816 1.749999988273551 0
55.76645178887913 1.749999988270421 0
55.57928863656313 1.749999988267603 0
55.41084180384853 1.749999988265068 0
55.25923966375126 1.749999988262786 0
55.12279774173528 1.749999988260733 0
55 1.749999988258884 0
54.89327051184922 1.749999988257278 0
54.78192886764457 1.749999988255603 0
54.66577575355694 1.749999988253854 0
54.54460325399396 1.74999998825203 0
54.41819446189358 1.749999988250128 0
54.28632310255589 1.749999988248143 0
54.14875311893073 1.749999988246073 0
54.00523825428984 1.749999988243912 0
53.85552161143653 1.749999988241659 0
53.69933518337055 1.749999988239308 0
53.53639938780594 1.749999988236856 0
53.36642256077852 1.749999988234298 0
53.18910043191254 1.749999988231629 0
53.00411559013752 1.749999988228844 0
52.81113690228298 1.74999998822594 0
52.60981892480967 1.74999998822291 0
52.39980128316935 1.749999988219749 0
52.18070803926847 1.749999988216451 0
51.9521470061276 1.749999988213012 0
51.71370904356741 1.749999988209423 0
51.4649673406814 1.749999988205679 0
51.20547663198882 1.749999988201773 0
50.93477240966296 1.749999988197699 0
50.65237010083859 1.749999988193449 0
50.35776419188338 1.749999988189014 0
50.05042731875869 1.749999988184388 0
49.72980933313832 1.749999988179563 0
49.39533631176557 1.749999988174529 0
49.0464095334175 1.749999988169277 0
48.68240440136805 1.749999988163799 0
48.30266932511733 1.749999988158083 0
47.90652455758343 1.74999998815212 0
47.49326097503349 1.749999988145901 0
47.06213881201437 1.749999988139412 0
46.61238633947474 1.749999988132642 0
46.14319847970498 1.749999988125581 0
45.6537353630045 1.749999988118214 0
45.14312081980029 1.749999988110528 0
44.61044082113636 1.749999988102511 0
44.05474183606159 1.749999988094147 0
43.47502913325141 1.749999988085422 0
42.87026500624799 1.74999998807632 0
42.23936688676639 1.749999988066824 0
41.58120542634688 1.749999988056918 0
40.8946024915093 1.749999988046584 0
40.17832902560509 1.749999988035803 0
39.43110285802008 1.749999988024557 0
38.65158641123671 1.749999988012824 0
37.8383843034106 1.749999988000585 0
36.99004086674196 1.749999987987816 0
36.10503751921833 1.749999987974496 0
35.18179005662931 1.7499999879606 0
34.21864581647736 1.749999987946104 0
33.21388071515372 1.749999987930981 0
32.16569617082274 1.749999987915205 0
31.07221587018971 1.749999987898747 0
29.93148243129548 1.749999987881578 0
28.74145388093399 1.749999987863667 0
27.49999999999997 1.749999987844982 0
25.74822149651463 1.749999987818616 0
24.10155507810595 1.749999987793831 0
22.55369371419546 1.749999987770535 0
21.09870880187365 1.749999987748636 0
19.73102745226695 1.749999987728051 0
18.44541118235911 1.7499999877087 0
17.23693584718418 1.749999987690512 0
16.10097275373486 1.749999987673414 0
15.03317093557204 1.749999987657343 0
14.02944050262384 1.749999987642236 0
13.08593698822202 1.749999987628035 0
12.19904658729049 1.749999987614687 0
11.36537232968191 1.749999987602139 0
10.58172109737423 1.749999987590344 0
9.84509135618422 1.749999987579257 0
9.152661660502794 1.749999987568836 0
8.501779876215231 1.749999987559039 0
7.889953002100029 1.74999998754983 0
7.314837618246109 1.749999987541175 0
6.774230919602381 1.749999987533038 0
6.266062283471136 1.749999987525389 0
5.78838532761629 1.7499999875182 0
5.339370454610247 1.749999987511442 0
4.917297856751475 1.749999987505089 0
4.520550919794466 1.749999987499117 0
4.147610024007875 1.749999987493504 0
3.797046721845327 1.749999987488228 0
3.467518296443892 1.749999987483268 0
3.157762593658532 1.749999987478606 0
2.866593185416228 1.749999987474224 0
2.592894842024364 1.749999987470104 0
2.335619235699582 1.749999987466232 0
2.0937809543328 1.749999987462592 0
1.866453714404358 1.74999998745917 0
1.652766803872275 1.749999987455954 0
1.451901769636841 1.749999987452932 0
1.263089252565408 1.74999998745009 0
1.085606062136804 1.749999987447418 0
0.9187724093675982 1.749999987444907 0
0.7619492866075248 1.749999987442547 0
0.61453603073371 1.749999987440328 0
0.4759680288684436 1.749999987438242 0
0.3457145338131369 1.749999987436282 0
0.2232766417626095 1.749999987434439 0
0.1081854074112059 1.749999987432707 0
-1.4210854715202e-14 1.749999987431079 0
-0.145869837024577 1.749999987428883 0
-0.3282071132265401 1.749999987426139 0
-0.5561287214612278 1.749999987422708 0
-0.8410307380483033 1.74999998741842 0
-1.197158246781065 1.749999987413061 0
-1.642317627629772 1.74999998740636 0
-2.198766852323686 1.749999987397985 0
-2.894328378170982 1.749999987387516 0
-3.763780287483414 1.74999998737443 0
-4.850595198151915 1.749999987358072 0
-6.209113842362193 1.749999987337625 0
-7.907262126115327 1.749999987312066 0
-10.02994746988199 1.749999987280118 0
-12.68330415973807 1.749999987240182 0
-15.99999999999999 1.749999987190262 0
-19.61083791980738 1.749999987135916 0
-23.25814894616617 1.74999998708102 0
-26.94230149533103 1.74999998702557 0
-30.66366770896735 1.749999986969559 0
-34.42262347905 1.749999986912983 0
-38.21954849842776 1.749999986855836 0
-42.05482630008552 1.749999986798111 0
-45.92884427781398 1.749999986739802 0
-49.84199374553915 1.749999986680906 0
-53.79466997884192 1.749999986621414 0
-57.78727223817418 1.749999986561321 0
-61.82020381161698 1.749999986500621 0
-65.89387206500489 1.749999986439309 0
-70.00868848650845 1.749999986377377 0
-74.16506871323422 1.749999986314819 0
-78.36343257713834 1.749999986251629 0
-82.60420415867605 1.749999986187801 0
-86.88781181580124 1.749999986123329 0
-91.21468823266612 1.749999986058205 0
-95.58527046937866 1.749999985992423 0
$EndNodes
$Elements
21 5873 1 5873
1 1 1 21
1 1 29 
2 29 30 
3 30 31 
4 31 32 
5 32 33 
6 33 34 
7 34 35 
8 35 36 
9 36 37 
10 37 38 
11 38 39 
12 39 40 
13 40 41 
14 41 42 
15 42 43 
16 43 44 
17 44 45 
18 45 46 
19 46 47 
20 47 48 
21 48 18 
1 2 1 3
22 2 49 
23 49 50 
24 50 15 
1 3 1 46
25 3 51 
26 51 52 
27 52 53 
28 53 54 
29 54 55 
30 55 56 
31 56 57 
32 57 58 
33 58 59 
34 59 60 
35 60 61 
36 61 62 
37 62 63 
38 63 64 
39 64 65 
40 65 66 
41 66 67 
42 67 68 
43 68 69 
44 69 70 
45 70 71 
46 71 72 
47 72 73 
48 73 74 
49 74 75 
50 75 76 
51 76 77 
52 77 78 
53 78 79 
54 79 80 
55 80 81 
56 81 82 
57 82 83 
58 83 84 
59 84 85 
60 85 86 
61 86 87 
62 87 88 
63 88 89 
64 89 90 
65 90 91 
66 91 92 
67 92 93 
68 93 94 
69 94 95 
70 95 16 
1 4 1 2
71 4 96 
72 96 17 
1 5 1 26
73 5 97 
74 97 98 
75 98 99 
76 99 100 
77 100 101 
78 101 102 
79 102 103 
80 103 104 
81 104 105 
82 105 106 
83 106 107 
84 107 108 
85 108 109 
86 109 110 
87 110 111 
88 111 112 
89 112 113 
90 113 114 
91 114 115 
92 115 116 
93 116 117 
94 117 118 
95 118 119 
96 119 120 
97 120 121 
98 121 20 
1 6 1 1
99 6 7 
1 7 1 3
100 7 122 
101 122 123 
102 123 25 
1 8 1 18
103 8 124 
104 124 125 
105 125 126 
106 126 127 
107 127 128 
108 128 129 
109 129 130 
110 130 131 
111 131 132 
112 132 133 
113 133 134 
114 134 135 
115 135 136 
116 136 137 
117 137 138 
118 138 139 
119 139 140 
120 140 9 
1 9 1 11
121 9 141 
122 141 142 
123 142 143 
124 143 144 
125 144 145 
126 145 146 
127 146 147 
128 147 148 
129 148 149 
130 149 150 
131 150 22 
1 11 1 1
132 10 1 
1 15 1 2
133 15 286 
134 286 3 
1 16 1 59
135 16 287 
136 287 288 
137 288 289 
138 289 290 
139 290 291 
140 291 292 
141 292 293 
142 293 294 
143 294 295 
144 295 296 
145 296 297 
146 297 298 
147 298 299 
148 299 300 
149 300 301 
150 301 302 
151 302 303 
152 303 304 
153 304 305 
154 305 306 
155 306 307 
156 307 308 
157 308 309 
158 309 310 
159 310 311 
160 311 312 
161 312 313 
162 313 314 
163 314 315 
164 315 316 
165 316 317 
166 317 318 
167 318 319 
168 319 320 
169 320 321 
170 321 322 
171 322 323 
172 323 324 
173 324 325 
174 325 326 
175 326 327 
176 327 328 
177 328 329 
178 329 330 
179 330 331 
180 331 332 
181 332 333 
182 333 334 
183 334 335 
184 335 336 
185 336 337 
186 337 338 
187 338 339 
188 339 340 
189 340 341 
190 341 342 
191 342 343 
192 343 344 
193 344 4 
1 17 1 3
194 17 345 
195 345 346 
196 346 5 
1 20 1 15
197 18 463 
198 463 464 
199 464 465 
200 465 466 
201 466 467 
202 467 468 
203 468 469 
204 469 470 
205 470 471 
206 471 472 
207 472 473 
208 473 474 
209 474 475 
210 475 476 
211 476 2 
1 21 1 271
212 20 477 
213 477 478 
214 478 479 
215 479 480 
216 480 481 
217 481 482 
218 482 483 
219 483 484 
220 484 485 
221 485 486 
222 486 487 
223 487 488 
224 488 489 
225 489 490 
226 490 491 
227 491 492 
228 492 493 
229 493 494 
230 494 495 
231 495 496 
232 496 497 
233 497 498 
234 498 499 
235 499 500 
236 500 501 
237 501 502 
238 502 503 
239 503 504 
240 504 505 
241 505 506 
242 506 507 
243 507 508 
244 508 509 
245 509 510 
246 510 511 
247 511 512 
248 512 513 
249 513 514 
250 514 515 
251 515 516 
252 516 517 
253 517 518 
254 518 519 
255 519 520 
256 520 521 
257 521 522 
258 522 523 
259 523 524 
260 524 525 
261 525 526 
262 526 527 
263 527 528 
264 528 529 
265 529 530 
266 530 531 
267 531 532 
268 532 533 
269 533 534 
270 534 535 
271 535 536 
272 536 537 
273 537 538 
274 538 539 
275 539 540 
276 540 541 
277 541 542 
278 542 543 
279 543 544 
280 544 545 
281 545 546 
282 546 547 
283 547 548 
284 548 549 
285 549 550 
286 550 551 
287 551 552 
288 552 553 
289 553 554 
290 554 555 
291 555 556 
292 556 557 
293 557 558 
294 558 559 
295 559 560 
296 560 561 
297 561 562 
298 562 563 
299 563 564 
300 564 565 
301 565 566 
302 566 567 
303 567 568 
304 568 569 
305 569 570 
306 570 571 
307 571 572 
308 572 573 
309 573 574 
310 574 575 
311 575 576 
312 576 577 
313 577 578 
314 578 579 
315 579 580 
316 580 581 
317 581 582 
318 582 583 
319 583 584 
320 584 585 
321 585 586 
322 586 587 
323 587 588 
324 588 589 
325 589 590 
326 590 591 
327 591 592 
328 592 593 
329 593 594 
330 594 595 
331 595 596 
332 596 597 
333 597 598 
334 598 599 
335 599 600 
336 600 601 
337 601 602 
338 602 603 
339 603 604 
340 604 605 
341 605 606 
342 606 607 
343 607 608 
344 608 609 
345 609 610 
346 610 611 
347 611 612 
348 612 613 
349 613 614 
350 614 615 
351 615 616 
352 616 617 
353 617 618 
354 618 619 
355 619 620 
356 620 621 
357 621 622 
358 622 623 
359 623 624 
360 624 625 
361 625 626 
362 626 627 
363 627 628 
364 628 629 
365 629 630 
366 630 631 
367 631 632 
368 632 633 
369 633 634 
370 634 635 
371 635 636 
372 636 637 
373 637 638 
374 638 639 
375 639 640 
376 640 641 
377 641 642 
378 642 643 
379 643 644 
380 644 645 
381 645 646 
382 646 647 
383 647 648 
384 648 649 
385 649 650 
386 650 651 
387 651 652 
388 652 653 
389 653 654 
390 654 655 
391 655 656 
392 656 657 
393 657 658 
394 658 659 
395 659 660 
396 660 661 
397 661 662 
398 662 663 
399 663 664 
400 664 665 
401 665 666 
402 666 667 
403 667 668 
404 668 669 
405 669 670 
406 670 671 
407 671 672 
408 672 673 
409 673 674 
410 674 675 
411 675 676 
412 676 677 
413 677 678 
414 678 679 
415 679 680 
416 680 681 
417 681 682 
418 682 683 
419 683 684 
420 684 685 
421 685 686 
422 686 687 
423 687 688 
424 688 689 
425 689 690 
426 690 691 
427 691 692 
428 692 693 
429 693 694 
430 694 695 
431 695 696 
432 696 697 
433 697 698 
434 698 699 
435 699 700 
436 700 701 
437 701 702 
438 702 703 
439 703 704 
440 704 705 
441 705 706 
442 706 707 
443 707 708 
444 708 709 
445 709 710 
446 710 711 
447 711 712 
448 712 713 
449 713 714 
450 714 715 
451 715 716 
452 716 717 
453 717 718 
454 718 719 
455 719 720 
456 720 721 
457 721 722 
458 722 723 
459 723 724 
460 724 725 
461 725 726 
462 726 727 
463 727 728 
464 728 729 
465 729 730 
466 730 731 
467 731 732 
468 732 733 
469 733 734 
470 734 735 
471 735 736 
472 736 737 
473 737 738 
474 738 739 
475 739 740 
476 740 741 
477 741 742 
478 742 743 
479 743 744 
480 744 745 
481 745 746 
482 746 6 
1 24 1 3
483 22 1031 
484 1031 1032 
485 1032 10 
1 25 1 11
486 25 1033 
487 1033 1034 
488 1034 1035 
489 1035 1036 
490 1036 1037 
491 1037 1038 
492 1038 1039 
493 1039 1040 
494 1040 1041 
495 1041 1042 
496 1042 8 
2 1 3 438
497 1 29 151 10 
498 29 30 152 151 
499 30 31 153 152 
500 31 32 154 153 
501 32 33 155 154 
502 33 34 156 155 
503 34 35 157 156 
504 35 36 158 157 
505 36 37 159 158 
506 37 38 160 159 
507 38 39 161 160 
508 39 40 162 161 
509 40 41 163 162 
510 41 42 164 163 
511 42 43 165 164 
512 43 44 166 165 
513 44 45 167 166 
514 45 46 168 167 
515 46 47 169 168 
516 47 48 170 169 
517 48 18 19 170 
518 18 463 1017 19 
519 463 464 1018 1017 
520 464 465 1019 1018 
521 465 466 1020 1019 
522 466 467 1021 1020 
523 467 468 1022 1021 
524 468 469 1023 1022 
525 469 470 1024 1023 
526 470 471 1025 1024 
527 471 472 1026 1025 
528 472 473 1027 1026 
529 473 474 1028 1027 
530 474 475 1029 1028 
531 475 476 1030 1029 
532 476 2 11 1030 
533 2 241 171 11 
534 241 242 172 171 
535 242 243 173 172 
536 243 244 174 173 
537 244 245 175 174 
538 245 246 176 175 
539 246 247 177 176 
540 247 248 178 177 
541 248 249 179 178 
542 249 250 180 179 
543 250 251 181 180 
544 251 252 182 181 
545 252 253 183 182 
546 253 254 184 183 
547 254 255 185 184 
548 255 256 186 185 
549 256 257 187 186 
550 257 258 188 187 
551 258 259 189 188 
552 259 260 190 189 
553 260 261 191 190 
554 261 262 192 191 
555 262 263 193 192 
556 263 264 194 193 
557 264 265 195 194 
558 265 266 196 195 
559 266 267 197 196 
560 267 268 198 197 
561 268 269 199 198 
562 269 270 200 199 
563 270 271 201 200 
564 271 272 202 201 
565 272 273 203 202 
566 273 274 204 203 
567 274 275 205 204 
568 275 276 206 205 
569 276 277 207 206 
570 277 278 208 207 
571 278 279 209 208 
572 279 280 210 209 
573 280 281 211 210 
574 281 282 212 211 
575 282 283 213 212 
576 283 284 214 213 
577 284 285 215 214 
578 285 13 14 215 
579 13 347 405 14 
580 347 348 406 405 
581 348 349 407 406 
582 349 350 408 407 
583 350 351 409 408 
584 351 352 410 409 
585 352 353 411 410 
586 353 354 412 411 
587 354 355 413 412 
588 355 356 414 413 
589 356 357 415 414 
590 357 358 416 415 
591 358 359 417 416 
592 359 360 418 417 
593 360 361 419 418 
594 361 362 420 419 
595 362 363 421 420 
596 363 364 422 421 
597 364 365 423 422 
598 365 366 424 423 
599 366 367 425 424 
600 367 368 426 425 
601 368 369 427 426 
602 369 370 428 427 
603 370 371 429 428 
604 371 372 430 429 
605 372 373 431 430 
606 373 374 432 431 
607 374 375 433 432 
608 375 376 434 433 
609 376 377 435 434 
610 377 378 436 435 
611 378 379 437 436 
612 379 380 438 437 
613 380 381 439 438 
614 381 382 440 439 
615 382 383 441 440 
616 383 384 442 441 
617 384 385 443 442 
618 385 386 444 443 
619 386 387 445 444 
620 387 388 446 445 
621 388 389 447 446 
622 389 390 448 447 
623 390 391 449 448 
624 391 392 450 449 
625 392 393 451 450 
626 393 394 452 451 
627 394 395 453 452 
628 395 396 454 453 
629 396 397 455 454 
630 397 398 456 455 
631 398 399 457 456 
632 399 400 458 457 
633 400 401 459 458 
634 401 402 460 459 
635 402 403 461 460 
636 403 404 462 461 
637 404 5 12 462 
638 5 97 216 12 
639 97 98 217 216 
640 98 99 218 217 
641 99 100 219 218 
642 100 101 220 219 
643 101 102 221 220 
644 102 103 222 221 
645 103 104 223 222 
646 104 105 224 223 
647 105 106 225 224 
648 106 107 226 225 
649 107 108 227 226 
650 108 109 228 227 
651 109 110 229 228 
652 110 111 230 229 
653 111 112 231 230 
654 112 113 232 231 
655 113 114 233 232 
656 114 115 234 233 
657 115 116 235 234 
658 116 117 236 235 
659 117 118 237 236 
660 118 119 238 237 
661 119 120 239 238 
662 120 121 240 239 
663 121 20 21 240 
664 20 477 747 21 
665 477 478 748 747 
666 478 479 749 748 
667 479 480 750 749 
668 480 481 751 750 
669 481 482 752 751 
670 482 483 753 752 
671 483 484 754 753 
672 484 485 755 754 
673 485 486 756 755 
674 486 487 757 756 
675 487 488 758 757 
676 488 489 759 758 
677 489 490 760 759 
678 490 491 761 760 
679 491 492 762 761 
680 492 493 763 762 
681 493 494 764 763 
682 494 495 765 764 
683 495 496 766 765 
684 496 497 767 766 
685 497 498 768 767 
686 498 499 769 768 
687 499 500 770 769 
688 500 501 771 770 
689 501 502 772 771 
690 502 503 773 772 
691 503 504 774 773 
692 504 505 775 774 
693 505 506 776 775 
694 506 507 777 776 
695 507 508 778 777 
696 508 509 779 778 
697 509 510 780 779 
698 510 511 781 780 
699 511 512 782 781 
700 512 513 783 782 
701 513 514 784 783 
702 514 515 785 784 
703 515 516 786 785 
704 516 517 787 786 
705 517 518 788 787 
706 518 519 789 788 
707 519 520 790 789 
708 520 521 791 790 
709 521 522 792 791 
710 522 523 793 792 
711 523 524 794 793 
712 524 525 795 794 
713 525 526 796 795 
714 526 527 797 796 
715 527 528 798 797 
716 528 529 799 798 
717 529 530 800 799 
718 530 531 801 800 
719 531 532 802 801 
720 532 533 803 802 
721 533 534 804 803 
722 534 535 805 804 
723 535 536 806 805 
724 536 537 807 806 
725 537 538 808 807 
726 538 539 809 808 
727 539 540 810 809 
728 540 541 811 810 
729 541 542 812 811 
730 542 543 813 812 
731 543 544 814 813 
732 544 545 815 814 
733 545 546 816 815 
734 546 547 817 816 
735 547 548 818 817 
736 548 549 819 818 
737 549 550 820 819 
738 550 551 821 820 
739 551 552 822 821 
740 552 553 823 822 
741 553 554 824 823 
742 554 555 825 824 
743 555 556 826 825 
744 556 557 827 826 
745 557 558 828 827 
746 558 559 829 828 
747 559 560 830 829 
748 560 561 831 830 
749 561 562 832 831 
750 562 563 833 832 
751 563 564 834 833 
752 564 565 835 834 
753 565 566 836 835 
754 566 567 837 836 
755 567 568 838 837 
756 568 569 839 838 
757 569 570 840 839 
758 570 571 841 840 
759 571 572 842 841 
760 572 573 843 842 
761 573 574 844 843 
762 574 575 845 844 
763 575 576 846 845 
764 576 577 847 846 
765 577 578 848 847 
766 578 579 849 848 
767 579 580 850 849 
768 580 581 851 850 
769 581 582 852 851 
770 582 583 853 852 
771 583 584 854 853 
772 584 585 855 854 
773 585 586 856 855 
774 586 587 857 856 
775 587 588 858 857 
776 588 589 859 858 
777 589 590 860 859 
778 590 591 861 860 
779 591 592 862 861 
780 592 593 863 862 
781 593 594 864 863 
782 594 595 865 864 
783 595 596 866 865 
784 596 597 867 866 
785 597 598 868 867 
786 598 599 869 868 
787 599 600 870 869 
788 600 601 871 870 
789 601 602 872 871 
790 602 603 873 872 
791 603 604 874 873 
792 604 605 875 874 
793 605 606 876 875 
794 606 607 877 876 
795 607 608 878 877 
796 608 609 879 878 
797 609 610 880 879 
798 610 611 881 880 
799 611 612 882 881 
800 612 613 883 882 
801 613 614 884 883 
802 614 615 885 884 
803 615 616 886 885 
804 616 617 887 886 
805 617 618 888 887 
806 618 619 889 888 
807 619 620 890 889 
808 620 621 891 890 
809 621 622 892 891 
810 622 623 893 892 
811 623 624 894 893 
812 624 625 895 894 
813 625 626 896 895 
814 626 627 897 896 
815 627 628 898 897 
816 628 629 899 898 
817 629 630 900 899 
818 630 631 901 900 
819 631 632 902 901 
820 632 633 903 902 
821 633 634 904 903 
822 634 635 905 904 
823 635 636 906 905 
824 636 637 907 906 
825 637 638 908 907 
826 638 639 909 908 
827 639 640 910 909 
828 640 641 911 910 
829 641 642 912 911 
830 642 643 913 912 
831 643 644 914 913 
832 644 645 915 914 
833 645 646 916 915 
834 646 647 917 916 
835 647 648 918 917 
836 648 649 919 918 
837 649 650 920 919 
838 650 651 921 920 
839 651 652 922 921 
840 652 653 923 922 
841 653 654 924 923 
842 654 655 925 924 
843 655 656 926 925 
844 656 657 927 926 
845 657 658 928 927 
846 658 659 929 928 
847 659 660 930 929 
848 660 661 931 930 
849 661 662 932 931 
850 662 663 933 932 
851 663 664 934 933 
852 664 665 935 934 
853 665 666 936 935 
854 666 667 937 936 
855 667 668 938 937 
856 668 669 939 938 
857 669 670 940 939 
858 670 671 941 940 
859 671 672 942 941 
860 672 673 943 942 
861 673 674 944 943 
862 674 675 945 944 
863 675 676 946 945 
864 676 677 947 946 
865 677 678 948 947 
866 678 679 949 948 
867 679 680 950 949 
868 680 681 951 950 
869 681 682 952 951 
870 682 683 953 952 
871 683 684 954 953 
872 684 685 955 954 
873 685 686 956 955 
874 686 687 957 956 
875 687 688 958 957 
876 688 689 959 958 
877 689 690 960 959 
878 690 691 961 960 
879 691 692 962 961 
880 692 693 963 962 
881 693 694 964 963 
882 694 695 965 964 
883 695 696 966 965 
884 696 697 967 966 
885 697 698 968 967 
886 698 699 969 968 
887 699 700 970 969 
888 700 701 971 970 
889 701 702 972 971 
890 702 703 973 972 
891 703 704 974 973 
892 704 705 975 974 
893 705 706 976 975 
894 706 707 977 976 
895 707 708 978 977 
896 708 709 979 978 
897 709 710 980 979 
898 710 711 981 980 
899 711 712 982 981 
900 712 713 983 982 
901 713 714 984 983 
902 714 715 985 984 
903 715 716 986 985 
904 716 717 987 986 
905 717 718 988 987 
906 718 719 989 988 
907 719 720 990 989 
908 720 721 991 990 
909 721 722 992 991 
910 722 723 993 992 
911 723 724 994 993 
912 724 725 995 994 
913 725 726 996 995 
914 726 727 997 996 
915 727 728 998 997 
916 728 729 999 998 
917 729 730 1000 999 
918 730 731 1001 1000 
919 731 732 1002 1001 
920 732 733 1003 1002 
921 733 734 1004 1003 
922 734 735 1005 1004 
923 735 736 1006 1005 
924 736 737 1007 1006 
925 737 738 1008 1007 
926 738 739 1009 1008 
927 739 740 1010 1009 
928 740 741 1011 1010 
929 741 742 1012 1011 
930 742 743 1013 1012 
931 743 744 1014 1013 
932 744 745 1015 1014 
933 745 746 1016 1015 
934 746 6 7 1016 
2 2 3 525
935 3 51 1475 286 
936 286 1475 1476 15 
937 15 1476 1477 50 
938 50 1477 1478 49 
939 49 1478 241 2 
940 51 52 1479 1475 
941 1475 1479 1480 1476 
942 1476 1480 1481 1477 
943 1477 1481 1482 1478 
944 1478 1482 242 241 
945 52 53 1483 1479 
946 1479 1483 1484 1480 
947 1480 1484 1485 1481 
948 1481 1485 1486 1482 
949 1482 1486 243 242 
950 53 54 1487 1483 
951 1483 1487 1488 1484 
952 1484 1488 1489 1485 
953 1485 1489 1490 1486 
954 1486 1490 244 243 
955 54 55 1491 1487 
956 1487 1491 1492 1488 
957 1488 1492 1493 1489 
958 1489 1493 1494 1490 
959 1490 1494 245 244 
960 55 56 1495 1491 
961 1491 1495 1496 1492 
962 1492 1496 1497 1493 
963 1493 1497 1498 1494 
964 1494 1498 246 245 
965 56 57 1499 1495 
966 1495 1499 1500 1496 
967 1496 1500 1501 1497 
968 1497 1501 1502 1498 
969 1498 1502 247 246 
970 57 58 1503 1499 
971 1499 1503 1504 1500 
972 1500 1504 1505 1501 
973 1501 1505 1506 1502 
974 1502 1506 248 247 
975 58 59 1507 1503 
976 1503 1507 1508 1504 
977 1504 1508 1509 1505 
978 1505 1509 1510 1506 
979 1506 1510 249 248 
980 59 60 1511 1507 
981 1507 1511 1512 1508 
982 1508 1512 1513 1509 
983 1509 1513 1514 1510 
984 1510 1514 250 249 
985 60 61 1515 1511 
986 1511 1515 1516 1512 
987 1512 1516 1517 1513 
988 1513 1517 1518 1514 
989 1514 1518 251 250 
990 61 62 1519 1515 
991 1515 1519 1520 1516 
992 1516 1520 1521 1517 
993 1517 1521 1522 1518 
994 1518 1522 252 251 
995 62 63 1523 1519 
996 1519 1523 1524 1520 
997 1520 1524 1525 1521 
998 1521 1525 1526 1522 
999 1522 1526 253 252 
1000 63 64 1527 1523 
1001 1523 1527 1528 1524 
1002 1524 1528 1529 1525 
1003 1525 1529 1530 1526 
1004 1526 1530 254 253 
1005 64 65 1531 1527 
1006 1527 1531 1532 1528 
1007 1528 1532 1533 1529 
1008 1529 1533 1534 1530 
1009 1530 1534 255 254 
1010 65 66 1535 1531 
1011 1531 1535 1536 1532 
1012 1532 1536 1537 1533 
1013 1533 1537 1538 1534 
1014 1534 1538 256 255 
1015 66 67 1539 1535 
1016 1535 1539 1540 1536 
1017 1536 1540 1541 1537 
1018 1537 1541 1542 1538 
1019 1538 1542 257 256 
1020 67 68 1543 1539 
1021 1539 1543 1544 1540 
1022 1540 1544 1545 1541 
1023 1541 1545 1546 1542 
1024 1542 1546 258 257 
1025 68 69 1547 1543 
1026 1543 1547 1548 1544 
1027 1544 1548 1549 1545 
1028 1545 1549 1550 1546 
1029 1546 1550 259 258 
1030 69 70 1551 1547 
1031 1547 1551 1552 1548 
1032 1548 1552 1553 1549 
1033 1549 1553 1554 1550 
1034 1550 1554 260 259 
1035 70 71 1555 1551 
1036 1551 1555 1556 1552 
1037 1552 1556 1557 1553 
1038 1553 1557 1558 1554 
1039 1554 1558 261 260 
1040 71 72 1559 1555 
1041 1555 1559 1560 1556 
1042 1556 1560 1561 1557 
1043 1557 1561 1562 1558 
1044 1558 1562 262 261 
1045 72 73 1563 1559 
1046 1559 1563 1564 1560 
1047 1560 1564 1565 1561 
1048 1561 1565 1566 1562 
1049 1562 1566 263 262 
1050 73 74 1567 1563 
1051 1563 1567 1568 1564 
1052 1564 1568 1569 1565 
1053 1565 1569 1570 1566 
1054 1566 1570 264 263 
1055 74 75 1571 1567 
1056 1567 1571 1572 1568 
1057 1568 1572 1573 1569 
1058 1569 1573 1574 1570 
1059 1570 1574 265 264 
1060 75 76 1575 1571 
1061 1571 1575 1576 1572 
1062 1572 1576 1577 1573 
1063 1573 1577 1578 1574 
1064 1574 1578 266 265 
1065 76 77 1579 1575 
1066 1575 1579 1580 1576 
1067 1576 1580 1581 1577 
1068 1577 1581 1582 1578 
1069 1578 1582 267 266 
1070 77 78 1583 1579 
1071 1579 1583 1584 1580 
1072 1580 1584 1585 1581 
1073 1581 1585 1586 1582 
1074 1582 1586 268 267 
1075 78 79 1587 1583 
1076 1583 1587 1588 1584 
1077 1584 1588 1589 1585 
1078 1585 1589 1590 1586 
1079 1586 1590 269 268 
1080 79 80 1591 1587 
1081 1587 1591 1592 1588 
1082 1588 1592 1593 1589 
1083 1589 1593 1594 1590 
1084 1590 1594 270 269 
1085 80 81 1595 1591 
1086 1591 1595 1596 1592 
1087 1592 1596 1597 1593 
1088 1593 1597 1598 1594 
1089 1594 1598 271 270 
1090 81 82 1599 1595 
1091 1595 1599 1600 1596 
1092 1596 1600 1601 1597 
1093 1597 1601 1602 1598 
1094 1598 1602 272 271 
1095 82 83 1603 1599 
1096 1599 1603 1604 1600 
1097 1600 1604 1605 1601 
1098 1601 1605 1606 1602 
1099 1602 1606 273 272 
1100 83 84 1607 1603 
1101 1603 1607 1608 1604 
1102 1604 1608 1609 1605 
1103 1605 1609 1610 1606 
1104 1606 1610 274 273 
1105 84 85 1611 1607 
1106 1607 1611 1612 1608 
1107 1608 1612 1613 1609 
1108 1609 1613 1614 1610 
1109 1610 1614 275 274 
1110 85 86 1615 1611 
1111 1611 1615 1616 1612 
1112 1612 1616 1617 1613 
1113 1613 1617 1618 1614 
1114 1614 1618 276 275 
1115 86 87 1619 1615 
1116 1615 1619 1620 1616 
1117 1616 1620 1621 1617 
1118 1617 1621 1622 1618 
1119 1618 1622 277 276 
1120 87 88 1623 1619 
1121 1619 1623 1624 1620 
1122 1620 1624 1625 1621 
1123 1621 1625 1626 1622 
1124 1622 1626 278 277 
1125 88 89 1627 1623 
1126 1623 1627 1628 1624 
1127 1624 1628 1629 1625 
1128 1625 1629 1630 1626 
1129 1626 1630 279 278 
1130 89 90 1631 1627 
1131 1627 1631 1632 1628 
1132 1628 1632 1633 1629 
1133 1629 1633 1634 1630 
1134 1630 1634 280 279 
1135 90 91 1635 1631 
1136 1631 1635 1636 1632 
1137 1632 1636 1637 1633 
1138 1633 1637 1638 1634 
1139 1634 1638 281 280 
1140 91 92 1639 1635 
1141 1635 1639 1640 1636 
1142 1636 1640 1641 1637 
1143 1637 1641 1642 1638 
1144 1638 1642 282 281 
1145 92 93 1643 1639 
1146 1639 1643 1644 1640 
1147 1640 1644 1645 1641 
1148 1641 1645 1646 1642 
1149 1642 1646 283 282 
1150 93 94 1647 1643 
1151 1643 1647 1648 1644 
1152 1644 1648 1649 1645 
1153 1645 1649 1650 1646 
1154 1646 1650 284 283 
1155 94 95 1651 1647 
1156 1647 1651 1652 1648 
1157 1648 1652 1653 1649 
1158 1649 1653 1654 1650 
1159 1650 1654 285 284 
1160 95 16 1655 1651 
1161 1651 1655 1656 1652 
1162 1652 1656 1657 1653 
1163 1653 1657 1658 1654 
1164 1654 1658 13 285 
1165 16 287 1659 1655 
1166 1655 1659 1660 1656 
1167 1656 1660 1661 1657 
1168 1657 1661 1662 1658 
1169 1658 1662 347 13 
1170 287 288 1663 1659 
1171 1659 1663 1664 1660 
1172 1660 1664 1665 1661 
1173 1661 1665 1666 1662 
1174 1662 1666 348 347 
1175 288 289 1667 1663 
1176 1663 1667 1668 1664 
1177 1664 1668 1669 1665 
1178 1665 1669 1670 1666 
1179 1666 1670 349 348 
1180 289 290 1671 1667 
1181 1667 1671 1672 1668 
1182 1668 1672 1673 1669 
1183 1669 1673 1674 1670 
1184 1670 1674 350 349 
1185 290 291 1675 1671 
1186 1671 1675 1676 1672 
1187 1672 1676 1677 1673 
1188 1673 1677 1678 1674 
1189 1674 1678 351 350 
1190 291 292 1679 1675 
1191 1675 1679 1680 1676 
1192 1676 1680 1681 1677 
1193 1677 1681 1682 1678 
1194 1678 1682 352 351 
1195 292 293 1683 1679 
1196 1679 1683 1684 1680 
1197 1680 1684 1685 1681 
1198 1681 1685 1686 1682 
1199 1682 1686 353 352 
1200 293 294 1687 1683 
1201 1683 1687 1688 1684 
1202 1684 1688 1689 1685 
1203 1685 1689 1690 1686 
1204 1686 1690 354 353 
1205 294 295 1691 1687 
1206 1687 1691 1692 1688 
1207 1688 1692 1693 1689 
1208 1689 1693 1694 1690 
1209 1690 1694 355 354 
1210 295 296 1695 1691 
1211 1691 1695 1696 1692 
1212 1692 1696 1697 1693 
1213 1693 1697 1698 1694 
1214 1694 1698 356 355 
1215 296 297 1699 1695 
1216 1695 1699 1700 1696 
1217 1696 1700 1701 1697 
1218 1697 1701 1702 1698 
1219 1698 1702 357 356 
1220 297 298 1703 1699 
1221 1699 1703 1704 1700 
1222 1700 1704 1705 1701 
1223 1701 1705 1706 1702 
1224 1702 1706 358 357 
1225 298 299 1707 1703 
1226 1703 1707 1708 1704 
1227 1704 1708 1709 1705 
1228 1705 1709 1710 1706 
1229 1706 1710 359 358 
1230 299 300 1711 1707 
1231 1707 1711 1712 1708 
1232 1708 1712 1713 1709 
1233 1709 1713 1714 1710 
1234 1710 1714 360 359 
1235 300 301 1715 1711 
1236 1711 1715 1716 1712 
1237 1712 1716 1717 1713 
1238 1713 1717 1718 1714 
1239 1714 1718 361 360 
1240 301 302 1719 1715 
1241 1715 1719 1720 1716 
1242 1716 1720 1721 1717 
1243 1717 1721 1722 1718 
1244 1718 1722 362 361 
1245 302 303 1723 1719 
1246 1719 1723 1724 1720 
1247 1720 1724 1725 1721 
1248 1721 1725 1726 1722 
1249 1722 1726 363 362 
1250 303 304 1727 1723 
1251 1723 1727 1728 1724 
1252 1724 1728 1729 1725 
1253 1725 1729 1730 1726 
1254 1726 1730 364 363 
1255 304 305 1731 1727 
1256 1727 1731 1732 1728 
1257 1728 1732 1733 1729 
1258 1729 1733 1734 1730 
1259 1730 1734 365 364 
1260 305 306 1735 1731 
1261 1731 1735 1736 1732 
1262 1732 1736 1737 1733 
1263 1733 1737 1738 1734 
1264 1734 1738 366 365 
1265 306 307 1739 1735 
1266 1735 1739 1740 1736 
1267 1736 1740 1741 1737 
1268 1737 1741 1742 1738 
1269 1738 1742 367 366 
1270 307 308 1743 1739 
1271 1739 1743 1744 1740 
1272 1740 1744 1745 1741 
1273 1741 1745 1746 1742 
1274 1742 1746 368 367 
1275 308 309 1747 1743 
1276 1743 1747 1748 1744 
1277 1744 1748 1749 1745 
1278 1745 1749 1750 1746 
1279 1746 1750 369 368 
1280 309 310 1751 1747 
1281 1747 1751 1752 1748 
1282 1748 1752 1753 1749 
1283 1749 1753 1754 1750 
1284 1750 1754 370 369 
1285 310 311 1755 1751 
1286 1751 1755 1756 1752 
1287 1752 1756 1757 1753 
1288 1753 1757 1758 1754 
1289 1754 1758 371 370 
1290 311 312 1759 1755 
1291 1755 1759 1760 1756 
1292 1756 1760 1761 1757 
1293 1757 1761 1762 1758 
1294 1758 1762 372 371 
1295 312 313 1763 1759 
1296 1759 1763 1764 1760 
1297 1760 1764 1765 1761 
1298 1761 1765 1766 1762 
1299 1762 1766 373 372 
1300 313 314 1767 1763 
1301 1763 1767 1768 1764 
1302 1764 1768 1769 1765 
1303 1765 1769 1770 1766 
1304 1766 1770 374 373 
1305 314 315 1771 1767 
1306 1767 1771 1772 1768 
1307 1768 1772 1773 1769 
1308 1769 1773 1774 1770 
1309 1770 1774 375 374 
1310 315 316 1775 1771 
1311 1771 1775 1776 1772 
1312 1772 1776 1777 1773 
1313 1773 1777 1778 1774 
1314 1774 1778 376 375 
1315 316 317 1779 1775 
1316 1775 1779 1780 1776 
1317 1776 1780 1781 1777 
1318 1777 1781 1782 1778 
1319 1778 1782 377 376 
1320 317 318 1783 1779 
1321 1779 1783 1784 1780 
1322 1780 1784 1785 1781 
1323 1781 1785 1786 1782 
1324 1782 1786 378 377 
1325 318 319 1787 1783 
1326 1783 1787 1788 1784 
1327 1784 1788 1789 1785 
1328 1785 1789 1790 1786 
1329 1786 1790 379 378 
1330 319 320 1791 1787 
1331 1787 1791 1792 1788 
1332 1788 1792 1793 1789 
1333 1789 1793 1794 1790 
1334 1790 1794 380 379 
1335 320 321 1795 1791 
1336 1791 1795 1796 1792 
1337 1792 1796 1797 1793 
1338 1793 1797 1798 1794 
1339 1794 1798 381 380 
1340 321 322 1799 1795 
1341 1795 1799 1800 1796 
1342 1796 1800 1801 1797 
1343 1797 1801 1802 1798 
1344 1798 1802 382 381 
1345 322 323 1803 1799 
1346 1799 1803 1804 1800 
1347 1800 1804 1805 1801 
1348 1801 1805 1806 1802 
1349 1802 1806 383 382 
1350 323 324 1807 1803 
1351 1803 1807 1808 1804 
1352 1804 1808 1809 1805 
1353 1805 1809 1810 1806 
1354 1806 1810 384 383 
1355 324 325 1811 1807 
1356 1807 1811 1812 1808 
1357 1808 1812 1813 1809 
1358 1809 1813 1814 1810 
1359 1810 1814 385 384 
1360 325 326 1815 1811 
1361 1811 1815 1816 1812 
1362 1812 1816 1817 1813 
1363 1813 1817 1818 1814 
1364 1814 1818 386 385 
1365 326 327 1819 1815 
1366 1815 1819 1820 1816 
1367 1816 1820 1821 1817 
1368 1817 1821 1822 1818 
1369 1818 1822 387 386 
1370 327 328 1823 1819 
1371 1819 1823 1824 1820 
1372 1820 1824 1825 1821 
1373 1821 1825 1826 1822 
1374 1822 1826 388 387 
1375 328 329 1827 1823 
1376 1823 1827 1828 1824 
1377 1824 1828 1829 1825 
1378 1825 1829 1830 1826 
1379 1826 1830 389 388 
1380 329 330 1831 1827 
1381 1827 1831 1832 1828 
1382 1828 1832 1833 1829 
1383 1829 1833 1834 1830 
1384 1830 1834 390 389 
1385 330 331 1835 1831 
1386 1831 1835 1836 1832 
1387 1832 1836 1837 1833 
1388 1833 1837 1838 1834 
1389 1834 1838 391 390 
1390 331 332 1839 1835 
1391 1835 1839 1840 1836 
1392 1836 1840 1841 1837 
1393 1837 1841 1842 1838 
1394 1838 1842 392 391 
1395 332 333 1843 1839 
1396 1839 1843 1844 1840 
1397 1840 1844 1845 1841 
1398 1841 1845 1846 1842 
1399 1842 1846 393 392 
1400 333 334 1847 1843 
1401 1843 1847 1848 1844 
1402 1844 1848 1849 1845 
1403 1845 1849 1850 1846 
1404 1846 1850 394 393 
1405 334 335 1851 1847 
1406 1847 1851 1852 1848 
1407 1848 1852 1853 1849 
1408 1849 1853 1854 1850 
1409 1850 1854 395 394 
1410 335 336 1855 1851 
1411 1851 1855 1856 1852 
1412 1852 1856 1857 1853 
1413 1853 1857 1858 1854 
1414 1854 1858 396 395 
1415 336 337 1859 1855 
1416 1855 1859 1860 1856 
1417 1856 1860 1861 1857 
1418 1857 1861 1862 1858 
1419 1858 1862 397 396 
1420 337 338 1863 1859 
1421 1859 1863 1864 1860 
1422 1860 1864 1865 1861 
1423 1861 1865 1866 1862 
1424 1862 1866 398 397 
1425 338 339 1867 1863 
1426 1863 1867 1868 1864 
1427 1864 1868 1869 1865 
1428 1865 1869 1870 1866 
1429 1866 1870 399 398 
1430 339 340 1871 1867 
1431 1867 1871 1872 1868 
1432 1868 1872 1873 1869 
1433 1869 1873 1874 1870 
1434 1870 1874 400 399 
1435 340 341 1875 1871 
1436 1871 1875 1876 1872 
1437 1872 1876 1877 1873 
1438 1873 1877 1878 1874 
1439 1874 1878 401 400 
1440 341 342 1879 1875 
1441 1875 1879 1880 1876 
1442 1876 1880 1881 1877 
1443 1877 1881 1882 1878 
1444 1878 1882 402 401 
1445 342 343 1883 1879 
1446 1879 1883 1884 1880 
1447 1880 1884 1885 1881 
1448 1881 1885 1886 1882 
1449 1882 1886 403 402 
1450 343 344 1887 1883 
1451 1883 1887 1888 1884 
1452 1884 1888 1889 1885 
1453 1885 1889 1890 1886 
1454 1886 1890 404 403 
1455 344 4 96 1887 
1456 1887 96 17 1888 
1457 1888 17 345 1889 
1458 1889 345 346 1890 
1459 1890 346 5 404 
2 3 2 3100
1460 1344 1950 1893 
1461 2596 2649 2594 
1462 2559 2827 2557 
1463 2089 3037 1444 
1464 1355 1971 1354 
1465 2383 2475 2474 
1466 1977 2936 2240 
1467 2240 2918 1977 
1468 1939 3019 2796 
1469 2072 2116 2073 
1470 2503 2927 2500 
1471 2011 2868 1893 
1472 1442 3038 1441 
1473 2580 2607 2574 
1474 2608 2740 2739 
1475 2584 2648 2581 
1476 2189 2310 2080 
1477 2587 2609 2585 
1478 2386 2413 2383 
1479 1916 2671 2438 
1480 1998 2618 2613 
1481 2009 2947 125 
1482 2640 2807 2641 
1483 2573 2584 2570 
1484 2000 2528 2523 
1485 2407 2679 2456 
1486 2330 2341 2331 
1487 2706 2707 2701 
1488 1186 2684 1187 
1489 2585 2611 2580 
1490 2638 2682 2514 
1491 2664 2963 2156 
1492 2526 2617 2522 
1493 2383 2411 2381 
1494 1911 2448 2424 
1495 2047 3098 2292 
1496 2548 2630 2547 
1497 2591 2620 2587 
1498 2088 2093 1451 
1499 1985 3048 134 
1500 2181 2237 2183 
1501 2152 2172 2022 
1502 2741 2779 2748 
1503 2313 3090 1899 
1504 2857 2858 2632 
1505 2694 2867 2645 
1506 2447 2923 1910 
1507 2531 2602 2527 
1508 2063 2126 2050 
1509 2664 3172 2160 
1510 2793 2844 1937 
1511 1444 3037 2085 
1512 2309 2322 2054 
1513 2248 2259 1958 
1514 1965 2959 2268 
1515 2649 2818 2589 
1516 2250 2938 2249 
1517 2128 2911 1901 
1518 2468 2481 2480 
1519 2179 2194 2181 
1520 2508 2519 2505 
1521 2070 2072 2071 
1522 2210 3137 2214 
1523 2092 2280 2279 
1524 2297 3002 2215 
1525 2067 2166 2137 
1526 2506 2512 2503 
1527 2917 2918 2237 
1528 2576 2845 2788 
1529 2031 2122 2041 
1530 2270 2280 2223 
1531 1968 2917 1973 
1532 2132 2676 2318 
1533 2512 2656 2513 
1534 2644 3115 2643 
1535 1913 2478 2433 
1536 2566 2640 2563 
1537 2635 2768 2731 
1538 1350 1894 1349 
1539 1901 2911 2314 
1540 2165 3099 2110 
1541 2099 2294 2290 
1542 2613 2618 2553 
1543 2558 2618 2564 
1544 2078 3102 2115 
1545 2569 3191 2566 
1546 2352 2353 2342 
1547 2101 3140 2293 
1548 2046 3171 2038 
1549 2073 2103 2075 
1550 2527 3051 2526 
1551 2342 2356 2355 
1552 2333 2970 2428 
1553 2195 2236 2193 
1554 2731 2768 2730 
1555 2159 2636 1994 
1556 2056 2312 2169 
1557 1907 2360 2359 
1558 2443 2673 2409 
1559 2045 2983 2032 
1560 2410 3121 2485 
1561 2784 2807 2640 
1562 2517 2520 2510 
1563 2067 2137 2070 
1564 2423 2923 2447 
1565 1964 3021 138 
1566 9 3156 140 
1567 2705 2706 2701 
1568 2170 2242 2163 
1569 2002 3078 2931 
1570 2183 2918 2240 
1571 2129 3197 2348 
1572 2038 2042 2035 
1573 2856 3004 2589 
1574 2862 3004 2590 
1575 1942 2866 2654 
1576 2543 2547 2540 
1577 1968 1973 1372 
1578 2335 3096 2008 
1579 2774 2867 2615 
1580 2445 2672 2454 
1581 2234 2914 2100 
1582 2729 2765 2631 
1583 140 2012 139 
1584 2283 2286 2214 
1585 2712 2713 2709 
1586 2237 2918 2183 
1587 134 3048 1999 
1588 1943 2867 2694 
1589 2818 2866 2598 
1590 2619 3067 1998 
1591 1997 3028 135 
1592 2511 2934 2688 
1593 1926 2765 2729 
1594 2547 2643 2599 
1595 2281 2282 2221 
1596 2763 2924 2518 
1597 1999 3112 134 
1598 2525 2768 2735 
1599 2504 2747 2658 
1600 2849 2850 2582 
1601 125 2947 1990 
1602 2524 2526 2522 
1603 2589 2818 2817 
1604 2688 2765 2764 
1605 2810 2965 2544 
1606 1901 2258 2128 
1607 2425 2452 1911 
1608 2286 2969 2214 
1609 2112 2958 2075 
1610 2562 2624 2559 
1611 1984 3067 136 
1612 2550 2628 2548 
1613 1989 2993 126 
1614 2299 2311 2212 
1615 2953 2954 2213 
1616 2557 2629 2554 
1617 2670 2675 1922 
1618 2807 2808 2641 
1619 2658 2678 1923 
1620 2873 2875 2872 
1621 2047 2292 2046 
1622 2554 2634 2550 
1623 2413 2478 1913 
1624 2006 2379 2377 
1625 2659 2661 2513 
1626 2626 3194 2830 
1627 2070 3139 2072 
1628 1986 3078 132 
1629 2249 2938 2919 
1630 2080 2958 2189 
1631 2735 2768 2635 
1632 2080 3150 2241 
1633 2097 2247 2224 
1634 2038 2136 2042 
1635 135 3028 1985 
1636 2537 3177 2538 
1637 2444 2673 2443 
1638 2110 3139 2070 
1639 1180 2663 1181 
1640 2318 2676 2319 
1641 2718 2720 2717 
1642 2207 3012 2224 
1643 2050 2126 2047 
1644 2331 2341 2335 
1645 2119 2983 1949 
1646 2001 2419 131 
1647 1913 2475 2413 
1648 2211 3119 2307 
1649 2997 2999 2892 
1650 2547 2599 2540 
1651 129 3092 1988 
1652 126 3162 1989 
1653 1988 3096 128 
1654 2881 3143 3038 
1655 2424 2427 2375 
1656 2636 2648 2584 
1657 2604 3068 2685 
1658 2643 2813 2644 
1659 2214 2306 2210 
1660 2457 3022 2403 
1661 2378 2426 2374 
1662 2249 2259 2248 
1663 2645 2867 2774 
1664 2637 3087 2736 
1665 2220 2999 2997 
1666 2651 2684 1925 
1667 2404 2443 2408 
1668 2072 2073 2071 
1669 2100 2235 2234 
1670 2709 2717 2708 
1671 2726 2903 2716 
1672 2514 2662 2512 
1673 2178 3105 2179 
1674 2423 2447 2369 
1675 2120 2983 2045 
1676 2532 2608 2531 
1677 2137 2165 2110 
1678 2589 3004 2649 
1679 2181 2183 2182 
1680 2624 2831 2625 
1681 2186 2908 2190 
1682 139 1964 138 
1683 1965 3145 2959 
1684 2480 2482 2464 
1685 2930 2931 1986 
1686 2231 3012 2216 
1687 2179 2181 2180 
1688 2531 2637 2602 
1689 2701 2704 2698 
1690 2529 2531 2527 
1691 2172 2937 2022 
1692 2230 3014 2925 
1693 2318 2677 2132 
1694 2878 2883 2876 
1695 2203 2232 2204 
1696 2384 2386 2383 
1697 2097 3012 2231 
1698 2890 2891 2219 
1699 2122 2243 2041 
1700 2382 2383 2381 
1701 2413 2475 2383 
1702 2522 2631 2521 
1703 135 1985 134 
1704 2605 2654 2596 
1705 2184 2195 2193 
1706 2444 3176 2673 
1707 133 1986 132 
1708 2072 2939 2116 
1709 1925 2683 2651 
1710 2617 2631 2522 
1711 1102 2422 1103 
1712 2543 2548 2547 
1713 131 1987 130 
1714 1993 3068 137 
1715 2294 3140 2232 
1716 2813 2823 2644 
1717 129 1988 128 
1718 2389 2414 2379 
1719 2925 2975 2230 
1720 2162 2170 2163 
1721 2520 2651 2638 
1722 2654 2866 2818 
1723 2918 2926 1977 
1724 3028 3082 2623 
1725 125 1990 124 
1726 1370 1973 1972 
1727 3036 3038 2085 
1728 2208 3137 2210 
1729 1967 2432 1979 
1730 2897 2901 2896 
1731 2538 3163 2537 
1732 2595 2596 2594 
1733 1981 2253 1983 
1734 2922 2936 1975 
1735 2244 2245 1991 
1736 2656 2666 2504 
1737 2633 2826 2822 
1738 2013 2245 2244 
1739 2643 3115 2757 
1740 2004 3156 141 
1741 2151 3025 2022 
1742 2151 2161 1955 
1743 2588 2591 2587 
1744 2499 2927 2661 
1745 1987 2421 130 
1746 2873 3132 2875 
1747 1958 2259 2246 
1748 2156 2963 2612 
1749 1982 2123 1971 
1750 1990 2968 124 
1751 2739 2980 2608 
1752 2409 3045 2443 
1753 2586 2587 2585 
1754 2067 2070 2069 
1755 2241 3150 2187 
1756 2006 2966 2380 
1757 2580 2797 2607 
1758 2103 3195 2075 
1759 2107 2982 2697 
1760 131 2419 1987 
1761 2581 2585 2580 
1762 2614 2799 2605 
1763 2535 2952 2532 
1764 2100 2290 2235 
1765 2577 2580 2574 
1766 2599 2757 2756 
1767 2464 2482 2460 
1768 130 2421 2005 
1769 1035 2024 1034 
1770 138 3021 1993 
1771 2396 2438 2437 
1772 2631 2763 2729 
1773 2506 2514 2512 
1774 1034 2062 1033 
1775 146 2127 1951 
1776 2512 2513 2503 
1777 2064 2065 1948 
1778 2032 2983 2034 
1779 126 2993 2009 
1780 2132 2677 2131 
1781 2877 2878 2876 
1782 2567 2569 2566 
1783 2200 2203 2202 
1784 2874 2877 2873 
1785 2611 2797 2580 
1786 2410 2485 2391 
1787 2402 3149 2403 
1788 2238 2280 2092 
1789 144 2064 1948 
1790 2499 2655 2495 
1791 2174 2255 2177 
1792 2250 2256 1960 
1793 1990 3091 2044 
1794 2075 2958 2077 
1795 2092 2281 2238 
1796 1177 2666 1178 
1797 2417 3078 2002 
1798 2722 2946 2708 
1799 2177 3105 2178 
1800 2337 2353 2327 
1801 2753 3163 3152 
1802 2672 3176 2454 
1803 2460 3110 2462 
1804 1097 2365 1098 
1805 2043 2983 2119 
1806 2088 3040 2093 
1807 2693 2695 2647 
1808 2700 2701 2698 
1809 2085 3037 3036 
1810 2088 3174 3041 
1811 133 3112 1986 
1812 2887 2888 2886 
1813 2796 2847 1939 
1814 1923 3072 2660 
1815 1925 2684 1186 
1816 2391 2416 2386 
1817 2633 2822 2776 
1818 2874 2984 2218 
1819 1980 2253 1981 
1820 2363 3060 2366 
1821 3032 3033 2094 
1822 2070 2071 2069 
1823 2619 2962 2542 
1824 2383 2474 2411 
1825 2491 2494 2492 
1826 2374 2423 2371 
1827 2042 2122 2033 
1828 1984 3068 2604 
1829 2006 2380 2379 
1830 2000 2523 2516 
1831 2574 2791 2601 
1832 2146 2906 2254 
1833 2200 2235 2203 
1834 2646 2694 2645 
1835 1944 3049 2942 
1836 2611 2847 2797 
1837 2212 2307 2303 
1838 2065 2275 2166 
1839 2224 3012 2097 
1840 2470 2687 2468 
1841 2065 2166 2067 
1842 2151 2244 2161 
1843 2874 2889 2877 
1844 2156 3172 2664 
1845 2309 3090 2322 
1846 2619 3082 1997 
1847 1367 2915 1967 
1848 2055 2169 2053 
1849 2186 2190 2188 
1850 2041 2150 2029 
1851 2073 3117 2103 
1852 2436 3083 2437 
1853 2193 2908 2186 
1854 2631 2924 2763 
1855 2042 3006 2252 
1856 2007 3162 127 
1857 28 2093 2087 
1858 1911 2424 2414 
1859 2042 2252 2122 
1860 2275 2981 2166 
1861 2379 2414 2378 
1862 2025 2061 1992 
1863 2404 3189 3022 
1864 2521 2652 2520 
1865 2455 2457 2456 
1866 2226 2705 2703 
1867 2593 2685 2636 
1868 2016 2151 2022 
1869 2116 3117 2073 
1870 1924 3070 2657 
1871 2397 2440 2396 
1872 2597 2605 2596 
1873 2456 2459 2407 
1874 2911 3197 2129 
1875 2024 2025 1992 
1876 2169 2258 2056 
1877 2212 2303 2299 
1878 1960 2261 2257 
1879 2126 3090 2313 
1880 2841 2848 2843 
1881 138 1993 137 
1882 2664 2719 2616 
1883 2267 2908 2265 
1884 2673 3176 1917 
1885 2109 2703 2702 
1886 136 1997 135 
1887 2380 3158 2379 
1888 2387 2391 2386 
1889 2246 2259 2167 
1890 2159 2648 2636 
1891 2127 2948 1951 
1892 2515 2650 2470 
1893 1949 2983 2120 
1894 2302 2306 2214 
1895 2052 2053 2050 
1896 1972 2915 1367 
1897 132 2001 131 
1898 2520 2638 2510 
1899 2283 3137 2221 
1900 2058 2128 2055 
1901 130 2005 129 
1902 136 3067 1997 
1903 2654 2800 1942 
1904 2075 3195 2112 
1905 2223 2280 2277 
1906 1350 1978 1894 
1907 128 2007 127 
1908 2005 3092 129 
1909 132 3078 2001 
1910 2878 2891 2883 
1911 2758 2760 2752 
1912 126 2009 125 
1913 2851 3069 2850 
1914 2604 2961 1984 
1915 2217 3086 2225 
1916 128 3096 2007 
1917 2655 2670 1922 
1918 2723 2956 2107 
1919 2796 3079 2575 
1920 2293 3140 2294 
1921 2284 2286 2283 
1922 2039 2046 2038 
1923 2414 2425 1911 
1924 2113 3195 2988 
1925 2504 2658 2656 
1926 1907 2970 2360 
1927 2603 2961 2604 
1928 2516 2517 2510 
1929 2549 2550 2548 
1930 2560 2562 2559 
1931 2558 2559 2557 
1932 2136 3006 2042 
1933 2002 2931 2466 
1934 2555 2557 2554 
1935 2517 2521 2520 
1936 2505 2506 2503 
1937 2553 2554 2550 
1938 3031 3032 2094 
1939 2114 2142 2141 
1940 2604 3076 2603 
1941 2972 2973 2098 
1942 2081 2267 2264 
1943 2638 2683 2682 
1944 2334 2338 2332 
1945 2377 2378 2374 
1946 2705 2711 2706 
1947 2529 2532 2531 
1948 2403 3189 2402 
1949 2375 2446 2426 
1950 2033 2122 2031 
1951 2340 2676 2132 
1952 2000 2627 2528 
1953 1896 2167 2163 
1954 2226 2703 2225 
1955 2109 3089 2231 
1956 2783 2807 2784 
1957 2183 2240 2195 
1958 2342 2353 2337 
1959 2016 2022 2018 
1960 2021 2165 2137 
1961 2183 2195 2184 
1962 2150 3127 2029 
1963 137 3068 136 
1964 1932 2823 2813 
1965 2164 2165 2060 
1966 2203 2204 2202 
1967 1350 2121 1978 
1968 2233 2277 2222 
1969 2468 2480 2464 
1970 2060 2165 2020 
1971 2392 2410 2391 
1972 2565 2566 2563 
1973 2175 3195 2113 
1974 2338 2343 2332 
1975 2287 3002 2297 
1976 2094 3040 3031 
1977 2621 2858 2620 
1978 2282 2283 2221 
1979 2401 3122 2418 
1980 2037 2038 2035 
1981 2022 3025 2152 
1982 2404 2444 2443 
1983 2193 2943 2266 
1984 2809 3115 2644 
1985 2624 2625 2559 
1986 2226 3201 2705 
1987 2744 2779 2741 
1988 2652 2765 2688 
1989 2850 2858 2582 
1990 2510 2944 2509 
1991 2875 3029 2872 
1992 2929 3017 2496 
1993 2184 2193 2186 
1994 2238 2281 2221 
1995 2988 3008 2113 
1996 2682 3018 2514 
1997 1909 2430 2367 
1998 1996 2901 2894 
1999 2697 2982 2695 
2000 2786 2789 2601 
2001 2537 3163 2535 
2002 2830 3194 2831 
2003 2308 3081 1898 
2004 2385 2421 2420 
2005 2431 2916 2194 
2006 2900 3035 2880 
2007 2843 2864 2842 
2008 1951 2948 2023 
2009 2329 2337 2327 
2010 2059 2060 2020 
2011 2491 2650 2515 
2012 2862 3013 3004 
2013 2608 2980 2531 
2014 2611 2848 2847 
2015 3022 3189 2403 
2016 2198 2234 2200 
2017 2010 2132 2131 
2018 2878 2892 2891 
2019 2006 3092 2966 
2020 2438 2441 1916 
2021 2542 2945 2619 
2022 2512 2662 2657 
2023 2540 3177 2537 
2024 2385 2966 2421 
2025 2509 2944 2506 
2026 2811 2965 2810 
2027 2443 3045 2442 
2028 2247 3151 2102 
2029 2931 3078 1986 
2030 1997 3067 2619 
2031 2098 2992 2972 
2032 2053 2063 2050 
2033 2523 2524 2522 
2034 3049 3058 2942 
2035 2024 2062 1034 
2036 2959 3145 2198 
2037 2458 2459 2456 
2038 2517 2523 2522 
2039 1960 2257 2250 
2040 2255 2906 2177 
2041 2048 3098 2313 
2042 2125 2947 2009 
2043 2637 2736 2602 
2044 2872 3029 2714 
2045 2386 3188 2478 
2046 1932 2813 2812 
2047 2876 2898 2880 
2048 1973 2917 1974 
2049 2575 3186 2796 
2050 2614 3080 2799 
2051 2035 2042 2033 
2052 2643 2757 2599 
2053 1924 2663 1180 
2054 134 3112 133 
2055 2713 3153 2709 
2056 2240 2936 2922 
2057 2782 3055 2794 
2058 2395 2397 2396 
2059 1423 2973 1422 
2060 2788 2790 2576 
2061 2027 2061 2025 
2062 2261 2262 2257 
2063 2236 2902 2263 
2064 2613 2619 1998 
2065 2225 3086 2226 
2066 2218 2889 2874 
2067 2903 3000 2716 
2068 2298 2300 2287 
2069 2695 2982 2647 
2070 1923 2659 2658 
2071 2886 2972 2885 
2072 2337 2356 2342 
2073 2899 2925 2900 
2074 2833 3125 2624 
2075 2566 3056 2640 
2076 2987 3063 2154 
2077 2089 3039 3033 
2078 1937 2794 2793 
2079 2591 2621 2620 
2080 2154 2988 2987 
2081 146 1951 145 
2082 3033 3037 2089 
2083 2018 2059 2020 
2084 2375 2426 2424 
2085 2460 2462 2459 
2086 2573 2593 2584 
2087 2204 3005 2205 
2088 2044 2968 1990 
2089 2022 2059 2018 
2090 2085 3038 1442 
2091 2786 2792 2789 
2092 2657 2662 1924 
2093 2602 2736 2735 
2094 2190 2197 2191 
2095 2499 2929 2670 
2096 2282 2284 2283 
2097 2502 2503 2500 
2098 2052 2055 2053 
2099 2031 2041 2029 
2100 2794 3055 2600 
2101 2606 2614 2605 
2102 2120 2994 1956 
2103 2642 2834 2808 
2104 2073 2075 2074 
2105 2080 3136 2958 
2106 1968 2964 2918 
2107 2081 2269 2267 
2108 1438 3014 1437 
2109 2756 2758 2599 
2110 2234 2235 2200 
2111 27 2914 1391 
2112 3137 3178 2221 
2113 2203 2294 2232 
2114 2007 3096 2335 
2115 148 1962 147 
2116 2526 2912 2617 
2117 1998 2665 2618 
2118 2790 2839 2576 
2119 144 1948 143 
2120 2360 2970 2338 
2121 2687 3134 2468 
2122 2650 3126 2470 
2123 1994 2928 2155 
2124 2585 2843 2611 
2125 2587 3069 2609 
2126 2799 2800 2605 
2127 2524 2527 2526 
2128 2285 3185 2091 
2129 2366 2367 2363 
2130 1896 2246 2167 
2131 2197 2959 2198 
2132 2700 2705 2701 
2133 2891 2893 2883 
2134 2343 2970 2333 
2135 2369 3066 2423 
2136 3043 3064 3016 
2137 2213 3052 2953 
2138 2711 2712 2709 
2139 2467 2468 2464 
2140 2208 2210 2209 
2141 2629 2771 2770 
2142 2163 2242 1896 
2143 2950 3199 2466 
2144 1909 2422 1102 
2145 1937 2854 2794 
2146 147 2127 146 
2147 2879 2885 2878 
2148 1900 2955 2312 
2149 2245 3135 1991 
2150 2516 2519 2000 
2151 2290 2294 2235 
2152 2332 3180 2331 
2153 2592 3198 2591 
2154 2533 2779 2744 
2155 2205 3005 2206 
2156 2053 2322 2063 
2157 2546 3163 2753 
2158 149 2013 148 
2159 2312 2955 2169 
2160 2532 2742 2608 
2161 2179 2180 2178 
2162 2417 2418 2001 
2163 2194 3144 2181 
2164 2703 2705 2700 
2165 2075 2077 2076 
2166 148 2013 1962 
2167 2064 2275 2065 
2168 3102 3104 2115 
2169 2786 3146 2787 
2170 2366 2995 2367 
2171 2632 2858 2621 
2172 2130 2911 2128 
2173 2029 3127 2027 
2174 2390 2976 2449 
2175 1040 1949 1039 
2176 2373 2374 2371 
2177 2381 3158 2380 
2178 2542 2543 2540 
2179 2596 2818 2649 
2180 2688 2934 2652 
2181 2616 2719 2646 
2182 2059 2162 2060 
2183 1922 2669 2655 
2184 2451 2976 2390 
2185 2013 2014 1962 
2186 2770 3088 2629 
2187 2789 3191 2601 
2188 2001 3078 2417 
2189 2756 2760 2758 
2190 1038 1956 1037 
2191 2190 2191 2188 
2192 2399 2989 2397 
2193 1461 2920 1460 
2194 1036 1963 1035 
2195 2630 3190 2811 
2196 2304 2888 2887 
2197 2873 2877 2876 
2198 1039 2120 1038 
2199 2141 3062 2174 
2200 1997 3082 3028 
2201 2174 2177 2176 
2202 2728 2904 2727 
2203 2601 3146 2786 
2204 1901 2347 2258 
2205 2942 3058 2707 
2206 2602 2735 2635 
2207 2402 3189 2399 
2208 2258 2347 2056 
2209 2498 2499 2495 
2210 2241 3024 2080 
2211 2388 3188 2486 
2212 2333 2357 2343 
2213 2013 2244 2014 
2214 2691 2929 2496 
2215 1996 2894 2893 
2216 2880 3035 2875 
2217 2751 3152 2752 
2218 1967 1979 1365 
2219 1949 2120 1039 
2220 127 3162 126 
2221 1979 2432 1980 
2222 2646 2695 2694 
2223 2607 2791 2574 
2224 2405 3149 2402 
2225 2307 3119 2303 
2226 2685 3020 2636 
2227 2380 2966 2382 
2228 2367 2368 1909 
2229 1986 2932 2930 
2230 2386 2478 2413 
2231 3042 3059 2881 
2232 2264 2267 2265 
2233 2371 3066 2368 
2234 2183 2184 2182 
2235 2850 3069 2620 
2236 2396 3202 2395 
2237 1313 3135 22 
2238 1963 2024 1035 
2239 2057 2058 2055 
2240 2380 2382 2381 
2241 2990 3166 2160 
2242 2697 2723 2107 
2243 2331 2334 2332 
2244 2579 2848 2840 
2245 2070 2137 2110 
2246 2384 2387 2386 
2247 2090 3100 2095 
2248 2037 2039 2038 
2249 149 2245 2013 
2250 2335 2341 2007 
2251 2631 2765 2521 
2252 1898 3081 2292 
2253 2706 2709 2708 
2254 145 2064 144 
2255 2623 3168 3028 
2256 2616 2645 2614 
2257 2382 2384 2383 
2258 2486 3044 1914 
2259 1923 2660 2659 
2260 2154 3007 2988 
2261 2515 3199 2497 
2262 2039 2047 2046 
2263 2181 2182 2180 
2264 2504 2666 1177 
2265 2045 2994 2120 
2266 2508 2974 2519 
2267 2846 2848 2579 
2268 1038 2120 1956 
2269 3151 3183 2102 
2270 2798 3080 2157 
2271 1991 3135 1313 
2272 2724 3058 3049 
2273 2095 3100 2096 
2274 2706 2708 2707 
2275 1908 2365 1097 
2276 2133 3200 2131 
2277 2499 2670 2655 
2278 2897 2975 2899 
2279 2491 2515 2494 
2280 2609 2843 2585 
2281 2731 2912 2635 
2282 150 2245 149 
2283 2112 3195 2175 
2284 2636 3020 1994 
2285 2694 2695 2693 
2286 2411 2473 2450 
2287 2660 3017 2929 
2288 2952 2971 2742 
2289 1956 2935 1037 
2290 2313 3098 2126 
2291 2459 2462 2407 
2292 1314 1991 1313 
2293 2142 2949 2141 
2294 2362 3161 2366 
2295 2225 2703 2109 
2296 2618 2665 2564 
2297 1043 1992 1044 
2298 1986 3112 2932 
2299 1935 3125 2777 
2300 1043 2062 1992 
2301 2091 3123 2285 
2302 2370 2995 2372 
2303 2408 2443 2442 
2304 1363 1979 1970 
2305 1968 2918 2917 
2306 2797 2847 2796 
2307 26 1966 1950 
2308 2136 3171 2274 
2309 2367 2430 2363 
2310 2600 3056 2566 
2311 2023 2275 1951 
2312 2595 2597 2596 
2313 1947 2170 2162 
2314 2274 3114 2136 
2315 2570 3192 2569 
2316 2077 3136 2078 
2317 2175 3095 2112 
2318 2592 2595 2594 
2319 2654 2818 2596 
2320 3191 3192 2601 
2321 3001 3113 2084 
2322 2437 3083 2396 
2323 2162 2937 1947 
2324 2096 3009 2105 
2325 2876 3132 2873 
2326 2715 3030 2905 
2327 2366 3060 2365 
2328 2843 2848 2611 
2329 2198 2200 2199 
2330 2588 2592 2591 
2331 2361 3161 2362 
2332 2136 3077 3006 
2333 2014 2151 2016 
2334 2408 2442 2441 
2335 2514 2944 2638 
2336 2321 2955 1900 
2337 2717 2909 2718 
2338 2894 2898 2883 
2339 2712 2872 2714 
2340 2684 3073 1187 
2341 3035 3036 3034 
2342 3152 3163 2538 
2343 2008 3050 2335 
2344 2157 3080 2773 
2345 2200 2202 2201 
2346 2586 2588 2587 
2347 2432 2916 2431 
2348 2894 2901 2897 
2349 1952 3101 2061 
2350 2252 2977 2122 
2351 2395 3202 2392 
2352 2462 3147 2407 
2353 2162 2163 2060 
2354 2885 2892 2878 
2355 2581 2586 2585 
2356 2467 2470 2468 
2357 1994 3021 2928 
2358 2791 3146 2601 
2359 2377 3003 2006 
2360 2892 2999 2219 
2361 2196 2957 2194 
2362 2442 3148 1916 
2363 2909 3153 2910 
2364 2574 3192 2570 
2365 2336 3050 2996 
2366 2634 3138 2820 
2367 2577 2581 2580 
2368 2698 2723 2697 
2369 143 2118 142 
2370 2457 2458 2456 
2371 2548 3190 2630 
2372 2869 3141 2870 
2373 2396 2440 2438 
2374 2106 3172 2155 
2375 2105 3009 2106 
2376 2633 2776 2629 
2377 2727 2903 2726 
2378 2613 2962 2619 
2379 2174 3062 2255 
2380 2794 2854 2782 
2381 2466 3128 2002 
2382 2661 2927 2513 
2383 2570 2577 2574 
2384 2277 2280 2222 
2385 2624 2871 2833 
2386 2392 3083 2410 
2387 2640 3184 2563 
2388 2557 2633 2629 
2389 2088 3041 3040 
2390 1315 2161 1314 
2391 2016 2018 2017 
2392 2210 2984 2216 
2393 2078 3136 2079 
2394 2231 3089 2097 
2395 2340 3097 2330 
2396 2567 2570 2569 
2397 2137 2166 2021 
2398 1992 2062 2024 
2399 2645 2774 2614 
2400 2266 2908 2193 
2401 1045 1952 1046 
2402 2022 2937 2059 
2403 2720 2721 2717 
2404 2416 3044 2486 
2405 1314 2161 1991 
2406 2405 2465 2463 
2407 2331 3180 2329 
2408 1970 1981 1361 
2409 2018 2020 2019 
2410 2155 3172 2156 
2411 2061 3127 1952 
2412 2608 2741 2740 
2413 2534 2535 2532 
2414 3040 3041 3031 
2415 2494 2515 2497 
2416 2058 2130 2128 
2417 2725 3086 2229 
2418 2083 3183 2090 
2419 2207 3178 2208 
2420 2565 2567 2566 
2421 2079 3183 2083 
2422 2621 2859 2632 
2423 2330 3097 2341 
2424 2486 3188 2416 
2425 3038 3143 1441 
2426 2126 3098 2047 
2427 2536 2537 2535 
2428 1454 3113 1453 
2429 2877 2879 2878 
2430 2657 2666 2656 
2431 1334 2114 1333 
2432 2014 2016 2015 
2433 2128 2258 2055 
2434 2014 2244 2151 
2435 2287 2297 2288 
2436 2712 3167 2713 
2437 2132 2951 2340 
2438 2630 2813 2547 
2439 2179 2196 2194 
2440 2639 3199 2515 
2441 2114 2141 2139 
2442 2097 3151 2247 
2443 2249 2919 2259 
2444 1046 2149 1047 
2445 2988 3195 2103 
2446 1332 1961 1331 
2447 2304 2887 2305 
2448 2408 2989 2404 
2449 1891 2262 2261 
2450 2387 2392 2391 
2451 2093 3040 2094 
2452 2919 2938 2111 
2453 1041 2119 1040 
2454 2011 2869 2868 
2455 142 2118 2004 
2456 2382 2966 2385 
2457 2441 2442 1916 
2458 2206 3178 2207 
2459 1316 1955 1315 
2460 2594 3198 2592 
2461 2597 2606 2605 
2462 2500 2927 2499 
2463 2131 3200 2130 
2464 2651 2683 2638 
2465 2262 3063 2987 
2466 2216 2984 2217 
2467 2891 2892 2219 
2468 2254 2906 2255 
2469 2888 2954 2953 
2470 1995 2311 2299 
2471 3009 3089 2109 
2472 2197 2198 2191 
2473 2953 2973 2972 
2474 2546 2971 2952 
2475 2229 2873 2872 
2476 2356 3108 2357 
2477 1047 2171 1048 
2478 2903 3001 3000 
2479 2662 2663 1924 
2480 2454 3176 3022 
2481 2956 3187 2108 
2482 2109 2231 2225 
2483 1336 1892 1335 
2484 1048 1946 1049 
2485 2232 2278 2233 
2486 2702 2990 2109 
2487 3030 3032 3031 
2488 2517 2522 2521 
2489 2701 3058 2704 
2490 2051 2052 2050 
2491 2061 3101 1992 
2492 2305 2887 2218 
2493 2377 2379 2378 
2494 2023 2981 2275 
2495 2900 3036 3035 
2496 2931 2950 2466 
2497 1317 2152 1316 
2498 2098 2973 1423 
2499 1359 1981 1969 
2500 2470 2639 2515 
2501 1319 1947 1318 
2502 1318 2172 1317 
2503 2190 2267 2197 
2504 1995 2299 2298 
2505 2130 3197 2911 
2506 2067 2069 2068 
2507 2463 2464 2460 
2508 2049 2050 2047 
2509 2612 3043 2156 
2510 2465 2467 2464 
2511 2714 3030 2715 
2512 2366 3161 2995 
2513 2446 2923 2426 
2514 2547 2813 2643 
2515 2702 3166 2990 
2516 2752 3152 2758 
2517 2239 2979 2282 
2518 2073 2074 2071 
2519 2094 3039 2087 
2520 2617 2924 2631 
2521 2777 3125 2832 
2522 2177 2178 2176 
2523 2102 3024 2241 
2524 1469 2941 1468 
2525 2883 2898 2876 
2526 1471 3049 1470 
2527 2418 3122 2419 
2528 1040 2119 1949 
2529 1333 2138 23 
2530 1320 2170 1319 
2531 1322 1896 1321 
2532 1321 2242 1320 
2533 2343 2357 2332 
2534 1049 2251 1050 
2535 1037 2935 1036 
2536 2601 3192 2574 
2537 2543 2549 2548 
2538 2310 3150 2080 
2539 2820 2940 2634 
2540 1971 2121 1353 
2541 1036 2935 1963 
2542 2495 2669 2493 
2543 1323 2246 1322 
2544 2516 2523 2517 
2545 2300 2969 2287 
2546 2609 2864 2843 
2547 2725 2872 2712 
2548 2509 2516 2510 
2549 2505 2509 2506 
2550 1952 2149 1046 
2551 1335 2142 1334 
2552 1324 1958 1323 
2553 1955 2161 1315 
2554 2327 3120 2326 
2555 2141 2174 2173 
2556 2298 2471 1995 
2557 1334 2142 2114 
2558 2367 2995 2370 
2559 1976 3061 2921 
2560 2560 2563 2562 
2561 2558 2560 2559 
2562 2555 2558 2557 
2563 2553 2555 2554 
2564 2549 2553 2550 
2565 2239 2282 2281 
2566 2055 2258 2169 
2567 2502 2505 2503 
2568 2606 2616 2614 
2569 1338 1957 1337 
2570 2902 3061 1976 
2571 2629 3088 2554 
2572 2027 3127 2061 
2573 1325 2248 1324 
2574 2282 3185 2284 
2575 1963 2025 2024 
2576 2232 2233 2204 
2577 2217 2984 2874 
2578 1474 2956 1473 
2579 2708 2946 2707 
2580 2398 2399 2397 
2581 1992 3101 1044 
2582 2160 2719 2664 
2583 1326 1895 1325 
2584 3038 3042 2881 
2585 2907 3091 1990 
2586 1962 2127 147 
2587 2288 2298 2287 
2588 1050 1959 1051 
2589 2616 2646 2645 
2590 1998 3067 2961 
2591 2605 2800 2654 
2592 2373 2377 2374 
2593 1331 2153 1330 
2594 2119 2967 2043 
2595 1998 2961 2665 
2596 2163 2167 2164 
2597 2131 2677 2133 
2598 2065 2067 2066 
2599 2415 2420 1987 
2600 2714 3167 2712 
2601 2341 3162 2007 
2602 2034 2983 2043 
2603 2425 2976 2451 
2604 2269 3169 2267 
2605 2408 2440 2397 
2606 2916 3144 2194 
2607 2704 2723 2698 
2608 1969 1982 1357 
2609 1042 2003 1041 
2610 2938 2986 2939 
2611 2374 2923 2423 
2612 1463 2960 1462 
2613 2401 2402 2399 
2614 2449 2976 2450 
2615 2161 2244 1991 
2616 2528 2529 2527 
2617 2122 2977 2243 
2618 3030 3031 2905 
2619 2717 3153 2909 
2620 2992 2997 2972 
2621 2379 3158 2389 
2622 1337 2147 1336 
2623 2879 2886 2885 
2624 1327 2256 1326 
2625 2563 3184 2562 
2626 2329 3108 2337 
2627 2030 2031 2029 
2628 2439 3083 2436 
2629 2163 2164 2060 
2630 2028 2029 2027 
2631 2790 3186 2839 
2632 1051 2260 1052 
2633 2707 3058 2701 
2634 2160 3172 2990 
2635 2905 3001 2903 
2636 150 3135 2245 
2637 2149 2171 1047 
2638 2885 2997 2892 
2639 2278 2296 1954 
2640 3041 3113 3001 
2641 2236 3061 2902 
2642 1914 3044 2484 
2643 2640 3056 2784 
2644 2753 3152 2751 
2645 2670 2929 2691 
2646 1328 1960 1327 
2647 2190 2908 2267 
2648 2040 3081 2308 
2649 3034 3037 3033 
2650 2405 3129 2465 
2651 2010 2951 2132 
2652 2593 2636 2584 
2653 1957 2254 2147 
2654 2423 3066 2371 
2655 2440 2441 2438 
2656 1955 3025 2151 
2657 2368 2422 1909 
2658 2016 2017 2015 
2659 2450 2985 2411 
2660 2288 2471 2298 
2661 2325 2327 2326 
2662 2014 2015 1962 
2663 2696 2697 2695 
2664 2089 3182 3039 
2665 2357 3108 2332 
2666 2887 2889 2218 
2667 2406 2459 2458 
2668 2018 2019 2017 
2669 2338 2364 2360 
2670 142 2004 141 
2671 1048 2171 1946 
2672 1316 2152 1955 
2673 1470 1944 1469 
2674 2952 3163 2546 
2675 2325 2326 2324 
2676 1052 1897 1053 
2677 2100 2914 27 
2678 1045 3101 1952 
2679 1329 2261 1328 
2680 2910 2920 2086 
2681 1953 2272 2266 
2682 2146 2254 2145 
2683 1355 1982 1971 
2684 2131 3193 2010 
2685 2026 2027 2025 
2686 2663 3075 1181 
2687 1952 2150 2149 
2688 1382 2263 1381 
2689 2138 2933 23 
2690 23 2933 1332 
2691 2608 2742 2741 
2692 2281 2289 2239 
2693 2020 2165 2021 
2694 2204 2205 2202 
2695 1340 1945 1339 
2696 2562 2871 2624 
2697 2899 2900 2880 
2698 2989 3189 2404 
2699 2498 2500 2499 
2700 2840 2848 2841 
2701 2222 3116 3005 
2702 2322 3090 2063 
2703 2705 3201 2711 
2704 1456 3000 1455 
2705 2602 3051 2527 
2706 2685 3068 1993 
2707 2661 2929 2499 
2708 2831 3125 1935 
2709 1330 1891 1329 
2710 2253 2957 2124 
2711 2851 3159 3069 
2712 1317 2172 2152 
2713 2620 2858 2850 
2714 2799 3080 2798 
2715 2075 2076 2074 
2716 2303 3119 2304 
2717 1947 2172 1318 
2718 2226 3086 2725 
2719 1336 2147 1892 
2720 2699 2700 2698 
2721 2882 3034 3032 
2722 2184 2186 2185 
2723 1467 3142 1466 
2724 1951 2064 145 
2725 2372 2996 2376 
2726 2229 2874 2873 
2727 2257 2986 2938 
2728 2627 3047 2528 
2729 1946 2251 1049 
2730 2646 2696 2695 
2731 2988 3117 2987 
2732 1053 2273 1054 
2733 2063 3090 2126 
2734 2556 2826 2825 
2735 2808 2834 2641 
2736 2090 2095 2083 
2737 2438 2671 2400 
2738 2222 3005 2233 
2739 2364 3161 2361 
2740 2206 2207 2205 
2741 2909 2910 2086 
2742 2899 2975 2925 
2743 2847 2848 2846 
2744 2456 2679 1918 
2745 1961 2153 1331 
2746 2521 2765 2652 
2747 2744 3053 2533 
2748 1462 2086 1461 
2749 2058 2131 2130 
2750 1956 3155 2935 
2751 1473 2108 1472 
2752 2537 2542 2540 
2753 2186 2188 2187 
2754 3039 3074 2087 
2755 1319 2170 1947 
2756 2106 2155 2105 
2757 2394 2395 2392 
2758 2096 2105 2095 
2759 2543 2962 2549 
2760 2322 2955 2321 
2761 2271 2296 2278 
2762 2628 3190 2548 
2763 2493 2668 2490 
2764 2811 2812 2630 
2765 1468 2228 1467 
2766 2656 2658 2513 
2767 1407 2979 1406 
2768 2235 2294 2203 
2769 2732 2924 2617 
2770 3031 3041 2905 
2771 2513 2927 2503 
2772 2079 2083 2078 
2773 2741 2748 1929 
2774 2655 2669 2495 
2775 1437 3014 2230 
2776 2788 2845 1938 
2777 2752 2759 2541 
2778 2742 2744 2741 
2779 2077 2078 2076 
2780 2287 2969 2286 
2781 3007 3008 2988 
2782 2717 2721 2708 
2783 1320 2242 2170 
2784 1896 2242 1321 
2785 2241 2814 2102 
2786 2607 2797 2795 
2787 1341 2143 1340 
2788 2406 2460 2459 
2789 2214 3137 2283 
2790 1332 2933 1961 
2791 2208 2209 2207 
2792 24 2107 1474 
2793 2302 2969 2300 
2794 1983 2123 1982 
2795 2416 3188 2386 
2796 1460 3157 1459 
2797 2706 2711 2709 
2798 1425 2992 1424 
2799 2015 2127 1962 
2800 1322 2246 1896 
2801 1054 2040 1055 
2802 2195 3061 2236 
2803 2773 3080 2774 
2804 2550 2940 2628 
2805 2954 3119 2211 
2806 2532 2952 2742 
2807 2882 3032 3030 
2808 2472 2474 2412 
2809 1385 2192 1384 
2810 2511 3073 2934 
2811 2709 3153 2717 
2812 1391 1965 1390 
2813 2361 2362 1908 
2814 2020 2021 2019 
2815 1389 2082 1388 
2816 2167 2259 2168 
2817 3055 3056 2600 
2818 2285 3002 2286 
2819 2174 2176 2175 
2820 2262 2987 2986 
2821 2437 2438 2400 
2822 1387 2081 1386 
2823 2052 2057 2055 
2824 3094 3161 2364 
2825 2210 2216 2209 
2826 2774 3080 2614 
2827 2455 2456 1918 
2828 2167 2168 2164 
2829 1963 2935 2026 
2830 1958 2246 1323 
2831 1427 2999 1426 
2832 2028 2030 2029 
2833 1464 2718 1463 
2834 2492 2493 2490 
2835 2925 3059 3042 
2836 2030 2045 2032 
2837 1055 2308 1056 
2838 2625 2827 2559 
2839 2422 3065 1103 
2840 1386 2264 1385 
2841 1390 2268 1389 
2842 2032 2033 2031 
2843 1058 2048 1059 
2844 2411 2985 2381 
2845 3014 3059 2925 
2846 2653 2860 2594 
2847 2171 2243 1946 
2848 1388 2269 1387 
2849 1050 2251 1959 
2850 1408 2091 1407 
2851 2059 2937 2162 
2852 2702 2703 2700 
2853 2092 2289 2281 
2854 1459 2710 1458 
2855 2897 2899 2898 
2856 2572 2844 2793 
2857 2501 2950 2931 
2858 1895 2250 2249 
2859 2066 2118 1948 
2860 2053 2955 2322 
2861 2740 2741 1929 
2862 2118 2913 2004 
2863 2058 3193 2131 
2864 1057 2291 1058 
2865 1384 2272 1383 
2866 1324 2248 1958 
2867 1383 1953 1382 
2868 3033 3039 2094 
2869 2751 2752 2541 
2870 1339 3111 1338 
2871 2217 2225 2216 
2872 1397 2271 1396 
2873 2368 3066 2422 
2874 2520 2934 2651 
2875 1401 2223 1400 
2876 1402 2270 1401 
2877 1420 3164 1419 
2878 1056 1898 1057 
2879 1404 2092 1403 
2880 2658 2659 2513 
2881 2026 2028 2027 
2882 1059 2313 1060 
2883 1406 2239 1405 
2884 1994 3165 2159 
2885 1963 2026 2025 
2886 2467 2639 2470 
2887 2263 2943 2236 
2888 2787 2788 1938 
2889 2657 3070 2666 
2890 2019 2023 2017 
2891 1424 2098 1423 
2892 1394 2099 1393 
2893 2102 3183 3024 
2894 2641 3184 2640 
2895 2147 2254 2148 
2896 2266 2272 2192 
2897 1895 2248 1325 
2898 1396 2101 1395 
2899 1403 2279 1402 
2900 2284 3185 2285 
2901 2214 2969 2302 
2902 1405 2289 1404 
2903 1466 2227 1465 
2904 1062 2054 1063 
2905 2420 2421 1987 
2906 2696 2698 2697 
2907 1077 2315 1078 
2908 1078 2344 1079 
2909 2796 3186 2795 
2910 2610 2864 2863 
2911 1952 3127 2150 
2912 1411 2215 1410 
2913 2591 2860 2621 
2914 2474 2475 2412 
2915 1082 2350 1083 
2916 1465 2720 1464 
2917 2065 2066 1948 
2918 1066 2056 1067 
2919 1081 2323 1082 
2920 1421 2213 1420 
2921 1061 2309 1062 
2922 1398 2296 1397 
2923 1395 2293 1394 
2924 1399 1954 1398 
2925 2319 2325 2324 
2926 1400 2276 1399 
2927 1063 2321 1064 
2928 2958 3095 2189 
2929 2790 2791 2607 
2930 1060 1899 1061 
2931 2038 3171 2136 
2932 1312 2982 24 
2933 2607 2795 2790 
2934 1413 2288 1412 
2935 1070 2129 1071 
2936 2473 2474 2472 
2937 1065 2312 1066 
2938 1948 2118 143 
2939 1109 2427 1110 
2940 2792 2793 2789 
2941 1067 2347 1068 
2942 1410 2295 1409 
2943 1064 1900 1065 
2944 1426 2220 1425 
2945 2328 2329 2327 
2946 1069 2314 1070 
2947 1071 2348 1072 
2948 1074 2134 1075 
2949 1122 2433 1123 
2950 1068 1901 1069 
2951 1419 2211 1418 
2952 1072 1902 1073 
2953 1076 1903 1077 
2954 1129 2434 1130 
2955 1132 2435 1133 
2956 1073 2345 1074 
2957 1075 2349 1076 
2958 2159 3016 2648 
2959 2086 2960 2909 
2960 1080 1904 1081 
2961 1144 2453 1145 
2962 1086 2342 1087 
2963 1084 1905 1085 
2964 1088 1906 1089 
2965 1079 2351 1080 
2966 2728 2920 2910 
2967 1455 2084 1454 
2968 1083 2354 1084 
2969 1090 2333 1091 
2970 1085 2352 1086 
2971 1087 2355 1088 
2972 1412 2297 1411 
2973 1154 2479 1155 
2974 1089 2358 1090 
2975 1094 2339 1095 
2976 1092 1907 1093 
2977 1159 2488 1160 
2978 1096 1908 1097 
2979 1101 1909 1102 
2980 2299 2303 2301 
2981 3069 3159 2609 
2982 1099 2363 1100 
2983 1162 2489 1163 
2984 2870 3105 2906 
2985 1165 2668 1166 
2986 1091 2428 1092 
2987 1093 2359 1094 
2988 1104 2369 1105 
2989 1095 2429 1096 
2990 1168 2675 1169 
2991 1100 2430 1101 
2992 2041 3107 2150 
2993 1108 2375 1109 
2994 1458 2726 1457 
2995 3128 3129 2002 
2996 1106 1910 1107 
2997 1174 2678 1175 
2998 1111 1911 1112 
2999 1116 1912 1117 
3000 1114 2390 1115 
3001 1105 2447 1106 
3002 1107 2446 1108 
3003 1119 2412 1120 
3004 2507 3075 3018 
3005 1183 2681 1184 
3006 1110 2448 1111 
3007 1112 2452 1113 
3008 1115 2449 1116 
3009 1113 2451 1114 
3010 2330 2331 2329 
3011 1117 2476 1118 
3012 1189 2688 1190 
3013 1124 2388 1125 
3014 1118 2472 1119 
3015 1195 2692 1196 
3016 1121 1913 1122 
3017 1192 2729 1193 
3018 1198 2730 1199 
3019 1128 2393 1129 
3020 1126 1914 1127 
3021 1131 1915 1132 
3022 1201 2734 1202 
3023 2208 3178 3137 
3024 2291 3098 2048 
3025 1204 2733 1205 
3026 1120 2483 1121 
3027 1123 2477 1124 
3028 1134 2400 1135 
3029 1125 2486 1126 
3030 1210 2748 1211 
3031 1207 2738 1208 
3032 1213 2745 1214 
3033 1127 2484 1128 
3034 1130 2487 1131 
3035 1139 2409 1140 
3036 2389 2425 2414 
3037 2173 2175 2113 
3038 1133 2667 1134 
3039 1136 1916 1137 
3040 1143 2445 1144 
3041 1457 2716 1456 
3042 1219 2759 1220 
3043 1216 2749 1217 
3044 1222 2755 1223 
3045 1141 1917 1142 
3046 1146 1918 1147 
3047 2034 2035 2033 
3048 1135 2671 1136 
3049 1140 2673 1141 
3050 2108 3187 3085 
3051 1148 2407 1149 
3052 1142 2672 1143 
3053 1145 2674 1146 
3054 1153 2461 1154 
3055 1233 2761 1234 
3056 1240 2769 1241 
3057 1147 2679 1148 
3058 1158 2469 1159 
3059 1151 1919 1152 
3060 1243 2775 1244 
3061 1250 2777 1251 
3062 2086 2920 1461 
3063 1156 1920 1157 
3064 2159 3043 3016 
3065 1161 1921 1162 
3066 1170 2496 1171 
3067 1311 2647 1312 
3068 1152 2680 1153 
3069 1155 2689 1156 
3070 1261 2824 1262 
3071 2634 2940 2550 
3072 1164 2490 1165 
3073 1260 2780 1261 
3074 1157 2686 1158 
3075 1160 2690 1161 
3076 1268 2785 1269 
3077 1257 2806 1258 
3078 1163 2737 1164 
3079 2265 2908 2266 
3080 1167 1922 1168 
3081 1169 2691 1170 
3082 1173 1923 1174 
3083 1179 1924 1180 
3084 1176 2504 1177 
3085 1428 2219 1427 
3086 1166 2746 1167 
3087 2831 3194 2625 
3088 1182 2507 1183 
3089 1417 2212 1416 
3090 1175 2747 1176 
3091 1188 2511 1189 
3092 1326 2256 1895 
3093 1934 2776 2775 
3094 1185 1925 1186 
3095 1194 2518 1195 
3096 1191 1926 1192 
3097 1197 1927 1198 
3098 1203 1928 1204 
3099 1200 2525 1201 
3100 1418 2307 1417 
3101 1307 2615 1308 
3102 1184 2762 1185 
3103 1206 2530 1207 
3104 1212 2533 1213 
3105 1190 2764 1191 
3106 2554 3088 2634 
3107 1193 2763 1194 
3108 1196 2766 1197 
3109 1202 2767 1203 
3110 1199 2768 1200 
3111 1305 2157 1306 
3112 1205 2778 1206 
3113 2406 3149 2463 
3114 1973 1974 1972 
3115 1209 1929 1210 
3116 1974 2915 1972 
3117 1215 1930 1216 
3118 1221 1931 1222 
3119 1218 2541 1219 
3120 1211 2779 1212 
3121 1224 2539 1225 
3122 1306 2773 1307 
3123 2141 2173 2139 
3124 2485 3044 2391 
3125 1208 2801 1209 
3126 1226 2644 1227 
3127 2030 2994 2045 
3128 1214 2802 1215 
3129 1232 2544 1233 
3130 1220 2803 1221 
3131 1217 2804 1218 
3132 1223 2805 1224 
3133 2572 2793 2792 
3134 1230 2545 1231 
3135 1310 2693 1311 
3136 1239 2551 1240 
3137 1225 2809 1226 
3138 2003 2119 1041 
3139 1299 2598 1300 
3140 1237 2552 1238 
3141 1245 2556 1246 
3142 1228 1932 1229 
3143 1247 2626 1248 
3144 1235 1933 1236 
3145 1242 1934 1243 
3146 1249 1935 1250 
3147 1252 2561 1253 
3148 1304 2798 1305 
3149 1231 2810 1232 
3150 1227 2823 1228 
3151 1254 2642 1255 
3152 2140 2933 2138 
3153 1259 2568 1260 
3154 1229 2815 1230 
3155 1238 2816 1239 
3156 1303 2158 1304 
3157 1234 2828 1235 
3158 1267 2571 1268 
3159 1414 2471 1413 
3160 1241 2829 1242 
3161 1244 2822 1245 
3162 1236 2819 1237 
3163 1246 2825 1247 
3164 1248 2830 1249 
3165 1251 2832 1252 
3166 1274 2575 1275 
3167 1308 2867 1309 
3168 1253 2835 1254 
3169 1281 2578 1282 
3170 1265 2572 1266 
3171 1272 2576 1273 
3172 1279 2579 1280 
3173 1289 2582 1290 
3174 1256 1936 1257 
3175 1283 2610 1284 
3176 1263 1937 1264 
3177 1270 1938 1271 
3178 1277 1939 1278 
3179 1298 2817 1299 
3180 1297 2589 1298 
3181 1258 2836 1259 
3182 1291 2632 1292 
3183 1255 2852 1256 
3184 1266 2838 1267 
3185 2402 2417 2405 
3186 1273 2839 1274 
3187 1262 2854 1263 
3188 2257 2938 2250 
3189 1280 2840 1281 
3190 1269 2855 1270 
3191 1287 2583 1288 
3192 1282 2853 1283 
3193 1264 2844 1265 
3194 1271 2845 1272 
3195 1300 2866 1301 
3196 1278 2846 1279 
3197 1295 2590 1296 
3198 1290 2857 1291 
3199 1288 2849 1289 
3200 1302 2837 1303 
3201 1959 2260 1051 
3202 1296 2856 1297 
3203 2599 3177 2540 
3204 1285 1940 1286 
3205 1293 1941 1294 
3206 1301 1942 1302 
3207 1309 1943 1310 
3208 1284 2863 1285 
3209 1292 2865 1293 
3210 1286 2861 1287 
3211 1294 2862 1295 
3212 3036 3037 3034 
3213 2052 2125 2057 
3214 2222 2280 2238 
3215 2259 2919 2168 
3216 2069 3071 2117 
3217 2266 2943 1953 
3218 2635 2912 2526 
3219 2757 3115 2539 
3220 1470 3049 1944 
3221 1415 1995 1414 
3222 1895 2256 2250 
3223 1393 2290 1392 
3224 2198 2199 2191 
3225 2200 2201 2199 
3226 1416 2311 1415 
3227 2234 3145 2914 
3228 2155 3165 1994 
3229 2921 3061 2922 
3230 2274 3081 2040 
3231 1429 2890 1428 
3232 1381 2902 1380 
3233 2620 3069 2587 
3234 1902 2346 2345 
3235 1430 2884 1429 
3236 2397 2989 2408 
3237 2034 2043 2036 
3238 2036 2037 2035 
3239 1432 1996 1431 
3240 2880 3132 2876 
3241 1435 2895 1434 
3242 2888 2953 2886 
3243 2198 3145 2234 
3244 1348 1966 1347 
3245 2236 2943 2193 
3246 2529 2534 2532 
3247 1437 2230 1436 
3248 2493 2669 2668 
3249 1472 3085 1471 
3250 1375 2926 1374 
3251 2933 3007 1961 
3252 2166 2981 2021 
3253 2336 3161 3094 
3254 1433 2901 1432 
3255 1434 2896 1433 
3256 2069 2117 2068 
3257 2832 3125 2833 
3258 1276 3019 1277 
3259 1171 3017 1172 
3260 1990 3181 2907 
3261 1947 2937 2172 
3262 2286 3002 2287 
3263 2842 2864 2610 
3264 1453 3174 1452 
3265 2414 2424 2378 
3266 2426 2923 2374 
3267 2009 3010 2125 
3268 2103 3117 2988 
3269 2666 3070 1178 
3270 1960 2256 1327 
3271 2652 2934 2520 
3272 1392 2100 27 
3273 1440 2881 1439 
3274 2868 2998 1893 
3275 1913 2483 2475 
3276 2501 2931 2930 
3277 2030 2032 2031 
3278 2240 2922 2195 
3279 2995 2996 2372 
3280 1347 1966 26 
3281 2622 3047 2627 
3282 2365 3060 1098 
3283 2771 2776 1934 
3284 2627 3168 2622 
3285 2147 2148 1892 
3286 2649 2653 2594 
3287 2164 3099 2165 
3288 2265 2266 2192 
3289 2677 3027 2133 
3290 2328 2676 2340 
3291 2389 3158 2985 
3292 2319 3124 2317 
3293 2475 2483 2412 
3294 2752 2760 2759 
3295 1380 1976 1379 
3296 2067 2068 2066 
3297 2292 3081 2046 
3298 2904 3167 2715 
3299 2996 3050 2008 
3300 2534 2536 2535 
3301 2362 2365 1908 
3302 1936 2807 2806 
3303 2415 3122 2398 
3304 2318 2319 2317 
3305 1468 2941 2228 
3306 2039 2049 2047 
3307 1330 2153 1891 
3308 2139 2140 2138 
3309 1974 2916 2915 
3310 2782 2824 2780 
3311 1052 2260 1897 
3312 1431 3023 1430 
3313 2202 2224 2201 
3314 1172 3072 1173 
3315 2278 3140 2271 
3316 2317 2351 2344 
3317 1936 2808 2807 
3318 2882 3035 3034 
3319 2398 3122 2401 
3320 1436 3026 1435 
3321 2958 3136 2077 
3322 2326 2350 2323 
3323 2317 2344 2315 
3324 2326 2354 2350 
3325 1138 3045 1139 
3326 2814 3133 2102 
3327 1150 3046 1151 
3328 2812 2813 2630 
3329 2229 2872 2725 
3330 1951 2275 2064 
3331 2285 2286 2284 
3332 1891 3063 2262 
3333 2051 2125 2052 
3334 2303 2304 2301 
3335 1044 3101 1045 
3336 1343 1893 1342 
3337 2564 2565 2563 
3338 2093 2094 2087 
3339 2728 2978 2904 
3340 2074 3071 2071 
3341 2421 2966 2005 
3342 2012 3103 3015 
3343 1328 2261 1960 
3344 2392 3202 3083 
3345 1275 3079 1276 
3346 2251 2252 1959 
3347 2316 2317 2315 
3348 2324 2326 2323 
3349 1967 2915 2432 
3350 2941 2946 2228 
3351 2582 2858 2857 
3352 2333 2358 2357 
3353 1473 2956 2108 
3354 2049 2051 2050 
3355 2484 3044 2485 
3356 2370 2371 2368 
3357 2711 2725 2712 
3358 1961 2154 2153 
3359 1908 2429 2361 
3360 3096 3160 2008 
3361 2400 2667 2437 
3362 2568 2836 2783 
3363 2870 3154 2869 
3364 2506 2944 2514 
3365 2004 2913 2135 
3366 2624 3125 2831 
3367 2638 2944 2510 
3368 1918 2674 2455 
3369 2357 2358 1906 
3370 2395 2398 2397 
3371 2472 2476 2473 
3372 140 3156 3057 
3373 2649 3004 2653 
3374 2569 3192 3191 
3375 2463 2465 2464 
3376 2361 2429 2339 
3377 1903 2320 2316 
3378 1462 2960 2086 
3379 1920 2689 2481 
3380 1379 2921 1378 
3381 2437 2667 2435 
3382 2490 2737 2492 
3383 2372 2373 2371 
3384 1903 2349 2320 
3385 2781 2782 2780 
3386 2406 2463 2460 
3387 3004 3013 2653 
3388 2318 3027 2677 
3389 2612 3064 3043 
3390 2356 2357 1906 
3391 1895 2249 2248 
3392 2966 3092 2005 
3393 2455 2674 2453 
3394 2536 2945 2537 
3395 2473 2476 1912 
3396 3085 3187 2724 
3397 2860 3013 2859 
3398 1187 3073 1188 
3399 1922 2746 2669 
3400 2360 2361 2339 
3401 2939 3139 2111 
3402 1925 2762 2683 
3403 2481 2689 2479 
3404 2573 3076 2604 
3405 2299 2301 2300 
3406 2806 2807 2783 
3407 2320 2349 2134 
3408 1928 2767 2736 
3409 2568 2783 2781 
3410 2609 3159 2864 
3411 2871 3184 2641 
3412 2492 2737 2489 
3413 2893 3023 1996 
3414 1409 3123 1408 
3415 2003 2968 2967 
3416 1439 3059 1438 
3417 1929 2801 2740 
3418 1987 3122 2415 
3419 2870 3141 2196 
3420 2436 2437 2435 
3421 2227 2722 2721 
3422 2450 2473 1912 
3423 2541 2804 2751 
3424 2174 2175 2173 
3425 2991 3150 2310 
3426 2403 2458 2457 
3427 2524 2528 2527 
3428 2669 2746 2668 
3429 1954 3118 2278 
3430 2539 2805 2757 
3431 2898 2899 2880 
3432 1919 3110 2482 
3433 2945 3082 2619 
3434 2008 3160 2996 
3435 1342 2998 1341 
3436 2573 2604 2593 
3437 2996 3160 2376 
3438 2683 2762 2681 
3439 1891 2261 1329 
3440 2454 2455 2453 
3441 2410 3083 2439 
3442 1934 2829 2771 
3443 2736 2767 2734 
3444 2228 2946 2722 
3445 1103 3065 1104 
3446 1378 1975 1377 
3447 1181 3075 1182 
3448 2811 3190 2965 
3449 1897 2273 1053 
3450 2740 2801 2738 
3451 2480 2481 2479 
3452 2482 3110 2460 
3453 1098 3060 1099 
3454 2501 2502 2500 
3455 1936 2852 2808 
3456 1938 2855 2787 
3457 2262 2986 2257 
3458 2491 2492 2489 
3459 2751 2804 2749 
3460 2757 2805 2755 
3461 2882 3030 3029 
3462 2398 2401 2399 
3463 1915 2439 2436 
3464 3029 3035 2882 
3465 2071 3071 2069 
3466 1915 2487 2439 
3467 2660 2661 2659 
3468 2771 2829 2769 
3469 2180 2310 2178 
3470 3032 3034 3033 
3471 1178 3070 1179 
3472 2134 3196 2320 
3473 2401 2418 2402 
3474 2402 2418 2417 
3475 2461 2680 2482 
3476 2808 2852 2642 
3477 2736 3087 1928 
3478 2461 2482 2480 
3479 2642 2835 2834 
3480 2682 2683 2681 
3481 2787 2855 2785 
3482 2338 2970 2343 
3483 2233 3118 2277 
3484 1422 3052 1421 
3485 2114 2138 1333 
3486 2715 2905 2903 
3487 2610 2853 2842 
3488 2735 2736 2734 
3489 2227 2721 2720 
3490 2733 3087 2743 
3491 2795 2797 2796 
3492 2408 2441 2440 
3493 1921 2650 2491 
3494 2169 2955 2053 
3495 1921 2690 2650 
3496 2934 3073 2684 
3497 2159 3165 3043 
3498 2739 2740 2738 
3499 2439 2487 2434 
3500 2507 3018 2682 
3501 2185 3150 2991 
3502 2707 2946 2942 
3503 2335 3050 2334 
3504 2482 2680 1919 
3505 3057 3156 2135 
3506 2834 2835 2561 
3507 2150 3107 2149 
3508 2750 2751 2749 
3509 2328 2340 2330 
3510 2545 2815 2812 
3511 2756 2757 2755 
3512 2184 2185 2182 
3513 2879 2887 2886 
3514 2470 3126 2687 
3515 2842 2853 2578 
3516 2692 2924 2732 
3517 2158 2837 2800 
3518 2477 3188 2388 
3519 2331 2335 2334 
3520 2512 2657 2656 
3521 2158 2800 2799 
3522 2920 3157 1460 
3523 2770 2771 2769 
3524 22 3135 150 
3525 2545 2812 2811 
3526 2859 3013 1941 
3527 2125 3010 2057 
3528 1933 2828 2821 
3529 2782 2854 2824 
3530 2650 2690 2488 
3531 1927 2766 2732 
3532 1927 2732 2731 
3533 2660 2929 2661 
3534 2114 2139 2138 
3535 2530 2778 2743 
3536 2145 2254 1957 
3537 2583 2861 2851 
3538 2786 2787 2785 
3539 2812 2815 1932 
3540 2530 2743 2739 
3541 2600 3173 2794 
3542 2467 3128 2639 
3543 1971 2123 2121 
3544 1933 2821 2820 
3545 2753 3054 2546 
3546 2761 2965 2821 
3547 2745 3053 2754 
3548 1930 2802 2754 
3549 2551 2816 2772 
3550 2220 2997 2992 
3551 1931 2803 2760 
3552 1930 2754 2750 
3553 2833 2834 2561 
3554 2875 3035 3029 
3555 2617 2912 2732 
3556 1377 2936 1376 
3557 2800 2837 1942 
3558 1931 2760 2756 
3559 2583 2851 2850 
3560 2551 2772 2770 
3561 1892 2142 1335 
3562 2549 2962 2613 
3563 2186 2187 2185 
3564 2571 2838 2792 
3565 2110 3099 3084 
3566 2821 2828 2761 
3567 1957 3111 2145 
3568 2732 2766 2692 
3569 2023 2948 2017 
3570 2841 2842 2578 
3571 1338 3111 1957 
3572 2494 2495 2493 
3573 2571 2792 2786 
3574 2743 2778 2733 
3575 2851 2861 1940 
3576 2424 2426 2378 
3577 2178 2189 2176 
3578 2336 3094 3050 
3579 2754 3053 2971 
3580 2382 2385 2384 
3581 2772 2816 2552 
3582 2188 2241 2187 
3583 2722 3142 2228 
3584 2754 2802 2745 
3585 1988 3160 3096 
3586 2760 2803 2759 
3587 1980 2431 2253 
3588 2387 2394 2392 
3589 2792 2838 2572 
3590 1149 3147 1150 
3591 2497 2498 2495 
3592 1137 3148 1138 
3593 2723 3187 2956 
3594 2696 2699 2698 
3595 3106 3141 2869 
3596 2187 3150 2185 
3597 2939 2986 2116 
3598 2795 3186 2790 
3599 1941 2865 2859 
3600 3097 3162 2341 
3601 1441 3143 1440 
3602 2542 2962 2543 
3603 2292 3098 2291 
3604 2957 3141 2124 
3605 2066 2913 2118 
3606 2906 3105 2177 
3607 1376 1977 1375 
3608 2821 2965 2628 
3609 2606 2664 2616 
3610 2043 2044 2036 
3611 1054 2273 2040 
3612 2859 2865 2632 
3613 2032 2034 2033 
3614 2394 2415 2395 
3615 2884 3023 2893 
3616 2419 3122 1987 
3617 2391 3044 2416 
3618 3084 3099 2168 
3619 2875 3132 2880 
3620 1910 2923 2446 
3621 2394 2420 2415 
3622 2595 2612 2597 
3623 1983 2253 2124 
3624 2351 3124 1904 
3625 2148 3062 2949 
3626 2224 2247 2201 
3627 2017 2948 2015 
3628 2699 2702 2700 
3629 2354 3120 1905 
3630 2557 2827 2633 
3631 2531 2980 2637 
3632 1946 2977 2251 
3633 2084 3113 1454 
3634 2893 2894 2883 
3635 2171 3107 2243 
3636 2255 3062 2148 
3637 2653 3013 2860 
3638 1374 2964 1373 
3639 2870 2906 2146 
3640 2367 2370 2368 
3641 2919 3084 2168 
3642 2325 2328 2327 
3643 1452 2088 1451 
3644 1957 2147 1337 
3645 2586 2648 2588 
3646 1944 2941 1469 
3647 2635 3051 2602 
3648 2783 2836 2806 
3649 2010 2993 2951 
3650 2393 3121 2434 
3651 2788 2791 2790 
3652 2577 2584 2581 
3653 1447 3182 1446 
3654 2519 3175 2000 
3655 2076 2115 2074 
3656 2276 3118 1954 
3657 2567 2573 2570 
3658 2090 3183 3151 
3659 2362 2366 2365 
3660 2742 2971 2744 
3661 1893 2998 1342 
3662 2417 3129 2405 
3663 2874 3086 2217 
3664 2328 2330 2329 
3665 2015 2948 2127 
3666 2715 3167 2714 
3667 2034 2036 2035 
3668 2469 3126 2488 
3669 2191 2814 2188 
3670 2909 2960 2718 
3671 2117 2135 2068 
3672 1455 3000 2084 
3673 2928 3021 1964 
3674 2091 2979 1407 
3675 2646 2719 2696 
3676 2243 2977 1946 
3677 1391 2914 1965 
3678 2833 2871 2834 
3679 2040 2308 1055 
3680 2623 2945 2536 
3681 2140 3007 2933 
3682 3109 3160 1988 
3683 2095 2104 2083 
3684 2622 2623 2536 
3685 2152 3025 1955 
3686 2986 2987 2116 
3687 2324 3124 2319 
3688 2509 2519 2516 
3689 2979 3185 2282 
3690 2502 2508 2505 
3691 2325 2676 2328 
3692 2254 2255 2148 
3693 3028 3168 1985 
3694 2227 3142 2722 
3695 1466 3142 2227 
3696 1966 2011 1950 
3697 2051 2947 2125 
3698 1340 2143 1945 
3699 2156 3165 2155 
3700 2418 2419 2001 
3701 2404 3022 2444 
3702 2555 2618 2558 
3703 2108 3085 1472 
3704 2549 2613 2553 
3705 2560 2564 2563 
3706 2954 3164 2213 
3707 2316 2318 2317 
3708 2772 3138 2634 
3709 2334 3094 2338 
3710 2037 2907 2039 
3711 2928 3131 3130 
3712 2319 2676 2325 
3713 2112 3095 2958 
3714 2819 3138 2552 
3715 2188 2814 2241 
3716 2133 3027 2320 
3717 2373 3003 2377 
3718 1438 3059 3014 
3719 2135 3156 2004 
3720 2498 2501 2500 
3721 2299 2300 2298 
3722 2863 3159 1940 
3723 1058 2291 2048 
3724 2028 2994 2030 
3725 2953 2972 2886 
3726 2205 2224 2202 
3727 2395 2415 2398 
3728 1056 2308 1898 
3729 2149 3107 2171 
3730 2492 2494 2493 
3731 2370 2372 2371 
3732 2360 2364 2361 
3733 2048 2313 1059 
3734 3071 3179 2117 
3735 1965 2268 1390 
3736 2372 2376 2373 
3737 2534 2622 2536 
3738 1385 2264 2192 
3739 1459 3157 2710 
3740 2537 2945 2542 
3741 2304 2305 2301 
3742 3010 3193 2057 
3743 2431 2957 2253 
3744 2877 2889 2879 
3745 2273 2274 2040 
3746 2082 2269 1388 
3747 2081 2264 1386 
3748 2704 3187 2723 
3749 1389 2268 2082 
3750 2220 2992 1425 
3751 1898 2291 1057 
3752 2192 2272 1384 
3753 2011 3106 2869 
3754 2976 2985 2450 
3755 1387 2269 2081 
3756 2884 2893 2891 
3757 3003 3109 2006 
3758 2897 2898 2894 
3759 2604 2685 2593 
3760 3005 3116 2206 
3761 2006 3109 3092 
3762 2710 2728 2727 
3763 1953 2263 1382 
3764 3020 3021 1994 
3765 2973 3052 1422 
3766 2454 2457 2455 
3767 2010 3010 2993 
3768 2564 2603 2565 
3769 2209 3012 2207 
3770 1945 3111 1339 
3771 2267 3169 2197 
3772 1980 2432 2431 
3773 2975 3026 2230 
3774 2783 2784 2781 
3775 2938 2939 2111 
3776 2155 2928 2105 
3777 1373 1968 1372 
3778 2140 3008 3007 
3779 2501 2930 2502 
3780 2633 2827 2826 
3781 2494 2497 2495 
3782 2243 3107 2041 
3783 2199 2814 2191 
3784 2317 3124 2351 
3785 1989 3162 3097 
3786 2326 3120 2354 
3787 2497 2950 2498 
3788 2538 3177 2758 
3789 1448 3074 1447 
3790 1060 2313 1899 
3791 1953 2943 2263 
3792 2864 3159 2863 
3793 2528 3047 2529 
3794 2750 2753 2751 
3795 1383 2272 1953 
3796 2588 3016 2592 
3797 2225 2231 2216 
3798 2263 2902 1381 
3799 2228 3142 1467 
3800 2219 2999 1427 
3801 2732 2912 2731 
3802 2463 3149 2405 
3803 2107 2956 1474 
3804 2233 3005 2204 
3805 1401 2270 2223 
3806 1062 2309 2054 
3807 2054 2321 1063 
3808 2932 2974 2508 
3809 2821 2940 2820 
3810 2213 3164 1420 
3811 1402 2279 2270 
3812 1899 2309 1061 
3813 1066 2312 2056 
3814 1404 2289 2092 
3815 2092 2279 1403 
3816 2301 2302 2300 
3817 2176 3095 2175 
3818 2056 2347 1067 
3819 1396 2271 2101 
3820 2399 3189 2989 
3821 1397 2296 2271 
3822 1064 2321 1900 
3823 2239 2289 1405 
3824 2315 2344 1078 
3825 1900 2312 1065 
3826 2146 3154 2870 
3827 1070 2314 2129 
3828 2841 2843 2842 
3829 2129 2348 1071 
3830 2218 2984 2306 
3831 2072 3139 2939 
3832 2223 2276 1400 
3833 2323 2350 1082 
3834 1068 2347 1901 
3835 1903 2315 1077 
3836 2961 3067 1984 
3837 1901 2314 1069 
3838 2344 2351 1079 
3839 1072 2348 1902 
3840 1394 2293 2099 
3841 2134 2349 1075 
3842 1074 2345 2134 
3843 24 2982 2107 
3844 2350 2354 1083 
3845 2000 3048 2627 
3846 1904 2323 1081 
3847 1902 2345 1073 
3848 1076 2349 1903 
3849 2590 3004 2856 
3850 1406 2979 2239 
3851 2102 3133 2247 
3852 1080 2351 1904 
3853 2019 2981 2023 
3854 1084 2354 1905 
3855 2277 3118 2276 
3856 2342 2355 1087 
3857 1086 2352 2342 
3858 1905 2352 1085 
3859 2101 2293 1395 
3860 1088 2355 1906 
3861 2514 3018 2662 
3862 1906 2358 1089 
3863 1090 2358 2333 
3864 2333 2428 1091 
3865 1092 2428 1907 
3866 2375 2427 1109 
3867 1094 2359 2339 
3868 1907 2359 1093 
3869 2339 2429 1095 
3870 1096 2429 1908 
3871 2427 2448 1110 
3872 1101 2430 1909 
3873 2363 2430 1100 
3874 2647 2982 1312 
3875 2990 3009 2109 
3876 1898 2292 2291 
3877 2057 3193 2058 
3878 1464 2720 2718 
3879 1471 3085 3049 
3880 2115 3071 2074 
3881 1399 2276 1954 
3882 2369 2447 1105 
3883 1954 2296 1398 
3884 1106 2447 1910 
3885 1108 2446 2375 
3886 1910 2446 1107 
3887 1913 2433 1122 
3888 2834 2871 2641 
3889 2433 2477 1123 
3890 1111 2448 1911 
3891 1911 2452 1112 
3892 2393 2434 1129 
3893 1116 2449 1912 
3894 1912 2476 1117 
3895 1915 2435 1132 
3896 2215 2295 1410 
3897 2434 2487 1130 
3898 2390 2449 1115 
3899 1114 2451 2390 
3900 1113 2452 2451 
3901 2435 2667 1133 
3902 1118 2476 2472 
3903 2003 2967 2119 
3904 1119 2472 2412 
3905 2412 2483 1120 
3906 2251 2977 2252 
3907 2535 3163 2952 
3908 1124 2477 2388 
3909 1121 2483 1913 
3910 1408 3123 2091 
3911 2388 2486 1125 
3912 2910 2978 2728 
3913 2445 2453 1144 
3914 1126 2486 1914 
3915 1914 2484 1127 
3916 1128 2484 2393 
3917 1131 2487 1915 
3918 2453 2674 1145 
3919 1411 2297 2215 
3920 2389 2985 2976 
3921 1134 2667 2400 
3922 2718 2960 1463 
3923 2400 2671 1135 
3924 2268 2959 2082 
3925 2461 2479 1154 
3926 2409 2673 1140 
3927 1136 2671 1916 
3928 2564 2665 2603 
3929 2479 2689 1155 
3930 1141 2673 1917 
3931 2469 2488 1159 
3932 1143 2672 2445 
3933 1917 2672 1142 
3934 1146 2674 1918 
3935 2488 2690 1160 
3936 1921 2489 1162 
3937 1918 2679 1147 
3938 2793 3173 2789 
3939 2710 2726 1458 
3940 2629 2776 2771 
3941 2288 2297 1412 
3942 2489 2737 1163 
3943 2490 2668 1165 
3944 1148 2679 2407 
3945 2727 2904 2903 
3946 2668 2746 1166 
3947 1424 2992 2098 
3948 2675 2691 1169 
3949 1153 2680 2461 
3950 1922 2675 1168 
3951 1919 2680 1152 
3952 1158 2686 2469 
3953 1156 2689 1920 
3954 2389 2976 2425 
3955 1920 2686 1157 
3956 2178 2310 2189 
3957 1161 2690 1921 
3958 1923 2678 1174 
3959 2678 2747 1175 
3960 2338 3094 2364 
3961 2394 3011 2420 
3962 1170 2691 2496 
3963 1164 2737 2490 
3964 2621 2860 2859 
3965 2507 2681 1183 
3966 1961 3007 2154 
3967 2681 2762 1184 
3968 1167 2746 1922 
3969 2511 2688 1189 
3970 3103 3131 3015 
3971 2895 2975 2897 
3972 2688 2764 1190 
3973 2518 2692 1195 
3974 2434 3121 2439 
3975 1926 2729 1192 
3976 1176 2747 2504 
3977 1927 2730 1198 
3978 2729 2763 1193 
3979 2692 2766 1196 
3980 2211 3164 2954 
3981 2525 2734 1201 
3982 1928 2733 1204 
3983 2730 2768 1199 
3984 2734 2767 1202 
3985 2733 2778 1205 
3986 2143 2998 2868 
3987 2628 2940 2821 
3988 2530 2738 1207 
3989 2533 2745 1213 
3990 2529 3047 2534 
3991 2748 2779 1211 
3992 2227 2720 1465 
3993 2738 2801 1208 
3994 1929 2748 1210 
3995 1311 2693 2647 
3996 2745 2802 1214 
3997 1185 2762 1925 
3998 1194 2763 2518 
3999 1191 2764 1926 
4000 1197 2766 1927 
4001 1930 2749 1216 
4002 1203 2767 1928 
4003 2541 2759 1219 
4004 1931 2755 1222 
4005 1200 2768 2525 
4006 2759 2803 1220 
4007 2749 2804 1217 
4008 1941 3013 2862 
4009 2755 2805 1223 
4010 1206 2778 2530 
4011 1979 1980 1970 
4012 1307 2773 2615 
4013 1212 2779 2533 
4014 2544 2761 1233 
4015 2780 2824 1261 
4016 2157 2773 1306 
4017 3015 3131 1964 
4018 1443 2085 1442 
4019 1209 2801 1929 
4020 2551 2769 1240 
4021 2761 2828 1234 
4022 1215 2802 1930 
4023 2769 2829 1241 
4024 1934 2775 1243 
4025 1221 2803 1931 
4026 1218 2804 2541 
4027 1935 2777 1250 
4028 2775 2822 1244 
4029 1224 2805 2539 
4030 2777 2832 1251 
4031 2099 2290 1393 
4032 2539 2809 1225 
4033 2615 2867 1308 
4034 1305 2798 2157 
4035 1226 2809 2644 
4036 1413 2471 2288 
4037 2568 2780 1260 
4038 2644 2823 1227 
4039 2211 2307 1418 
4040 2478 3188 2477 
4041 2028 3155 2994 
4042 2571 2785 1268 
4043 1232 2810 2544 
4044 2806 2836 1258 
4045 2545 2810 1231 
4046 2824 2854 1262 
4047 2264 2265 2192 
4048 1230 2815 2545 
4049 1228 2823 1932 
4050 1936 2806 1257 
4051 1239 2816 2551 
4052 2785 2855 1269 
4053 2552 2816 1238 
4054 1932 2815 1229 
4055 2953 3052 2973 
4056 1237 2819 2552 
4057 1235 2828 1933 
4058 1245 2822 2556 
4059 2556 2825 1246 
4060 1933 2819 1236 
4061 1247 2825 2626 
4062 1242 2829 1934 
4063 2626 2830 1248 
4064 1249 2830 1935 
4065 1983 2124 2123 
4066 2158 2798 1304 
4067 1252 2832 2561 
4068 2561 2835 1253 
4069 2496 3017 1171 
4070 1299 2817 2598 
4071 1254 2835 2642 
4072 2651 2934 2684 
4073 2598 2866 1300 
4074 2642 2852 1255 
4075 1259 2836 2568 
4076 1267 2838 2571 
4077 1943 2693 1310 
4078 2481 3134 1920 
4079 1274 2839 2575 
4080 2572 2838 1266 
4081 2589 2817 1298 
4082 2576 2839 1273 
4083 1256 2852 1936 
4084 1281 2840 2578 
4085 2578 2853 1282 
4086 1265 2844 2572 
4087 1303 2837 2158 
4088 2579 2840 1280 
4089 1272 2845 2576 
4090 1263 2854 1937 
4091 2488 3126 2650 
4092 1279 2846 2579 
4093 1270 2855 1938 
4094 1283 2853 2610 
4095 1937 2844 1264 
4096 2582 2857 1290 
4097 1938 2845 1271 
4098 1939 2846 1278 
4099 1289 2849 2582 
4100 1309 2867 1943 
4101 2021 2981 2019 
4102 2826 3194 2825 
4103 1291 2857 2632 
4104 1297 2856 2589 
4105 2610 2863 1284 
4106 2583 2849 1288 
4107 2632 2865 1292 
4108 2590 2856 1296 
4109 1301 2866 1942 
4110 1419 3164 2211 
4111 1287 2861 2583 
4112 2139 3170 2140 
4113 1942 2837 1302 
4114 1295 2862 2590 
4115 1285 2863 1940 
4116 1293 2865 1941 
4117 1940 2861 1286 
4118 1941 2862 1294 
4119 1139 3045 2409 
4120 2696 2719 2699 
4121 1928 3087 2733 
4122 2994 3155 1956 
4123 1417 2307 2212 
4124 1426 2999 2220 
4125 2974 3175 2519 
4126 2922 3061 2195 
4127 2181 3144 2237 
4128 2117 3179 3057 
4129 1151 3046 1919 
4130 2879 2889 2887 
4131 2710 3157 2728 
4132 1173 3072 1923 
4133 1277 3019 1939 
4134 2068 2913 2066 
4135 2895 3026 2975 
4136 1450 2093 28 
4137 1099 3060 2363 
4138 1104 3065 2369 
4139 2054 2322 2321 
4140 1421 3052 2213 
4141 2978 3153 2713 
4142 3029 3030 2714 
4143 2951 3097 2340 
4144 1899 3090 2309 
4145 2917 3093 1974 
4146 2168 3099 2164 
4147 1371 1973 1370 
4148 2826 2827 2625 
4149 1940 3159 2851 
4150 2115 3179 3071 
4151 2113 3170 2173 
4152 2295 3123 1409 
4153 2144 2146 2145 
4154 2212 2311 1416 
4155 1428 2890 2219 
4156 2597 2963 2606 
4157 1457 2726 2716 
4158 3065 3066 2369 
4159 2293 2294 2099 
4160 3022 3176 2444 
4161 1904 3124 2324 
4162 2575 3079 1275 
4163 3017 3072 1172 
4164 1995 2471 1414 
4165 1188 3073 2511 
4166 1905 3120 2353 
4167 2552 3138 2772 
4168 2039 2907 2049 
4169 2314 2911 2129 
4170 1996 3023 1431 
4171 2182 2991 2180 
4172 1182 3075 2507 
4173 3048 3175 1999 
4174 1916 3148 1137 
4175 1179 3070 1924 
4176 2465 3129 3128 
4177 2905 3041 3001 
4178 2279 2280 2270 
4179 2223 2277 2276 
4180 2407 3147 1149 
4181 1415 2311 1995 
4182 2465 3128 2467 
4183 2987 3117 2116 
4184 1993 3020 2685 
4185 1903 2316 2315 
4186 1904 2324 2323 
4187 2230 3026 1436 
4188 1905 2353 2352 
4189 2355 2356 1906 
4190 2353 3120 2327 
4191 1276 3079 3019 
4192 1959 3006 2260 
4193 2428 2970 1907 
4194 2111 3084 2919 
4195 2359 2360 2339 
4196 2721 2722 2708 
4197 2665 2961 2603 
4198 2526 3051 2635 
4199 2884 2890 1429 
4200 2449 2450 1912 
4201 2985 3158 2381 
4202 2433 2478 2477 
4203 2484 2485 2393 
4204 2485 3121 2393 
4205 1915 2436 2435 
4206 2304 3119 2888 
4207 2971 3053 2744 
4208 3113 3174 1453 
4209 2445 2454 2453 
4210 2189 3095 2176 
4211 2686 2687 2469 
4212 2461 2480 2479 
4213 1432 2901 1996 
4214 2148 2949 1892 
4215 1985 3168 2627 
4216 1921 2491 2489 
4217 2229 3086 2874 
4218 1392 2290 2100 
4219 2895 2896 1434 
4220 2896 2901 1433 
4221 1943 2694 2693 
4222 2758 3152 2538 
4223 2507 2682 2681 
4224 2687 3126 2469 
4225 2764 2765 1926 
4226 2773 2774 2615 
4227 2518 2924 2692 
4228 1927 2731 2730 
4229 2525 2735 2734 
4230 2123 3106 1978 
4231 2530 2739 2738 
4232 1446 2089 1445 
4233 2158 2799 2798 
4234 1930 2750 2749 
4235 2384 3011 2387 
4236 1931 2756 2755 
4237 2545 2811 2810 
4238 1933 2820 2819 
4239 2544 2965 2761 
4240 2830 2831 1935 
4241 2817 2818 2598 
4242 2832 2833 2561 
4243 2551 2770 2769 
4244 2568 2781 2780 
4245 1939 2847 2846 
4246 2840 2841 2578 
4247 2571 2786 2785 
4248 1944 2942 2941 
4249 2583 2850 2849 
4250 2562 3184 2871 
4251 1138 3148 3045 
4252 2743 2980 2739 
4253 2194 2957 2431 
4254 1150 3147 3046 
4255 2942 2946 2941 
4256 2043 2967 2044 
4257 2320 3027 2316 
4258 2010 3193 3010 
4259 2713 3167 2904 
4260 2716 3000 1456 
4261 1380 2902 1976 
4262 1892 2949 2142 
4263 2305 2306 2302 
4264 2860 3198 2594 
4265 2135 2913 2068 
4266 2794 3173 2793 
4267 2247 3133 2201 
4268 2180 2991 2310 
4269 2218 2306 2305 
4270 2376 3109 3003 
4271 2252 3006 1959 
4272 2918 2964 2926 
4273 2533 3053 2745 
4274 2915 2916 2432 
4275 2306 2984 2210 
4276 2820 3138 2819 
4277 2083 3102 2078 
4278 2153 3063 1891 
4279 2971 3054 2754 
4280 2781 3055 2782 
4281 2930 2932 2508 
4282 1430 3023 2884 
4283 2337 3108 2356 
4284 2710 2727 2726 
4285 2758 3177 2599 
4286 1920 3134 2686 
4287 3000 3001 2084 
4288 1435 3026 2895 
4289 2238 3116 2222 
4290 2634 3088 2772 
4291 2026 3155 2028 
4292 3089 3100 2097 
4293 2144 2145 1945 
4294 2271 3140 2101 
4295 2725 3201 2226 
4296 2592 3064 2595 
4297 2376 3003 2373 
4298 1369 1972 1368 
4299 3024 3136 2080 
4300 2458 3149 2406 
4301 1964 3131 2928 
4302 2884 2891 2890 
4303 2301 2305 2302 
4304 2881 3059 1439 
4305 2154 3063 2153 
4306 2565 3076 2567 
4307 2910 3153 2978 
4308 2411 2474 2473 
4309 2754 3054 2750 
4310 2346 3196 2345 
4311 1346 1950 1345 
4312 2237 3144 3093 
4313 2454 3022 2457 
4314 2329 3180 3108 
4315 2921 2922 1975 
4316 2104 3103 3102 
4317 2772 3088 2770 
4318 2502 2930 2508 
4319 2346 3197 2130 
4320 2787 3146 2788 
4321 2145 3111 1945 
4322 1902 3197 2346 
4323 2173 3170 2139 
4324 2534 3047 2622 
4325 3057 3179 2012 
4326 2422 3066 3065 
4327 2385 3011 2384 
4328 1449 2087 1448 
4329 2788 3146 2791 
4330 1974 3093 2916 
4331 2686 3134 2687 
4332 2895 2897 2896 
4333 1976 2921 1379 
4334 2424 2448 2427 
4335 2051 3181 2947 
4336 2498 2950 2501 
4337 2260 3077 1897 
4338 2196 3105 2870 
4339 3043 3165 2156 
4340 2320 3196 2133 
4341 1440 3143 2881 
4342 2036 3091 2037 
4343 3093 3144 2916 
4344 2420 3011 2385 
4345 2639 3128 2466 
4346 2140 3170 3008 
4347 1341 2998 2143 
4348 2539 3115 2809 
4349 2603 3076 2565 
4350 3050 3094 2334 
4351 2784 3056 3055 
4352 2185 2991 2182 
4353 2606 2963 2664 
4354 2044 3091 2036 
4355 2612 2963 2597 
4356 2967 2968 2044 
4357 2990 3172 2106 
4358 2124 3141 3106 
4359 2221 3116 2238 
4360 2096 3089 3009 
4361 1978 3106 2011 
4362 2121 2123 1978 
4363 2215 3002 2295 
4364 2117 3057 2135 
4365 3036 3042 3038 
4366 2648 3016 2588 
4367 2336 2996 2995 
4368 2232 3140 2278 
4369 1452 3174 2088 
4370 2627 3048 1985 
4371 1378 2921 1975 
4372 2704 3058 2724 
4373 3103 3104 3102 
4374 2403 3149 2458 
4375 2002 3129 2417 
4376 2903 2904 2715 
4377 3024 3183 2079 
4378 2935 3155 2026 
4379 2179 3105 2196 
4380 2111 3139 3084 
4381 2387 3011 2394 
4382 2105 3130 2095 
4383 2900 3042 3036 
4384 1897 3114 2273 
4385 3173 3191 2789 
4386 2995 3161 2336 
4387 2914 3145 1965 
4388 2104 3102 2083 
4389 1969 1983 1982 
4390 2622 3168 2623 
4391 2947 3181 1990 
4392 2316 3027 2318 
4393 2926 2964 1374 
4394 2993 3010 2009 
4395 2091 3185 2979 
4396 1977 2926 1375 
4397 2037 3091 2907 
4398 2160 3166 2719 
4399 1975 2936 1377 
4400 2839 3186 2575 
4401 2637 2980 2743 
4402 2497 3199 2950 
4403 2743 3087 2637 
4404 1993 3021 3020 
4405 2273 3114 2274 
4406 3104 3179 2115 
4407 1917 3176 2672 
4408 3016 3064 2592 
4409 1366 1967 1365 
4410 3130 3131 2104 
4411 2972 2997 2885 
4412 2595 3064 2612 
4413 2104 3131 3103 
4414 2784 3055 2781 
4415 2201 3133 2199 
4416 2143 2144 1945 
4417 2711 3201 2725 
4418 2082 3169 2269 
4419 2750 3054 2753 
4420 2012 3179 3104 
4421 2468 3134 2481 
4422 2925 3042 2900 
4423 2932 3112 2974 
4424 2567 3076 2573 
4425 2000 3175 3048 
4426 2274 3171 3081 
4427 1364 1979 1363 
4428 1376 2936 1977 
4429 3006 3077 2260 
4430 3100 3151 2097 
4431 2278 3118 2233 
4432 2869 3154 2868 
4433 2928 3130 2105 
4434 2591 3198 2860 
4435 2095 3130 2104 
4436 2724 3187 2704 
4437 1352 2121 1351 
4438 2451 2452 2425 
4439 2959 3169 2082 
4440 1362 1970 1361 
4441 2658 2747 2678 
4442 2623 3082 2945 
4443 3046 3110 1919 
4444 2144 3154 2146 
4445 2825 3194 2626 
4446 2199 3133 2814 
4447 2345 3196 2134 
4448 2130 3200 2346 
4449 2662 3018 2663 
4450 2348 3197 1902 
4451 2049 3181 2051 
4452 2012 3104 3103 
4453 1360 1981 1359 
4454 3018 3075 2663 
4455 2951 2993 1989 
4456 2124 3106 2123 
4457 2949 3062 2141 
4458 2728 3157 2920 
4459 3077 3114 1897 
4460 2699 3166 2702 
4461 1358 1969 1357 
4462 2719 3166 2699 
4463 2143 2868 2144 
4464 3074 3182 1447 
4465 1373 2964 1968 
4466 2136 3114 3077 
4467 2670 2691 2675 
4468 2439 3121 2410 
4469 2221 3178 3116 
4470 2096 3100 3089 
4471 2600 3191 3173 
4472 1356 1982 1355 
4473 2466 3199 2639 
4474 2295 3002 2285 
4475 3041 3174 3113 
4476 3092 3109 1988 
4477 2907 3181 2049 
4478 3116 3178 2206 
4479 2106 3009 2990 
4480 1894 1966 1348 
4481 2888 3119 2954 
4482 1354 1971 1353 
4483 2376 3160 3109 
4484 2196 3141 2957 
4485 2965 3190 2628 
4486 3083 3202 2396 
4487 2237 3093 2917 
4488 3084 3139 2110 
4489 2625 3194 2826 
4490 2904 2978 2713 
4491 1989 3097 2951 
4492 2197 3169 2959 
4493 1446 3182 2089 
4494 2346 3200 2133 
4495 3008 3170 2113 
4496 2974 3112 1999 
4497 3108 3180 2332 
4498 1999 3175 2974 
4499 2285 3123 2295 
4500 3049 3085 2724 
4501 1349 1894 1348 
4502 2546 3054 2971 
4503 2079 3136 3024 
4504 1978 2011 1966 
4505 2660 3072 3017 
4506 2090 3151 3100 
4507 2462 3110 3046 
4508 3045 3148 2442 
4509 2133 3196 2346 
4510 3046 3147 2462 
4511 2868 3154 2144 
4512 3019 3079 2796 
4513 3081 3171 2046 
4514 2087 3074 1448 
4515 1894 1978 1966 
4516 3039 3182 3074 
4517 26 1950 1346 
4518 28 2087 1449 
4519 1353 2121 1352 
4520 1357 1982 1356 
4521 1359 1969 1358 
4522 1361 1981 1360 
4523 1363 1970 1362 
4524 1365 1979 1364 
4525 1367 1967 1366 
4526 1370 1972 1369 
4527 1372 1973 1371 
4528 1451 2093 1450 
4529 124 2003 8 
4530 8 2003 1042 
4531 141 3156 9 
4532 1033 1043 25 
4533 124 2968 2003 
4534 136 3068 1984 
4535 139 3015 1964 
4536 2012 3015 139 
4537 140 3057 2012 
4538 1033 2062 1043 
4539 1344 1893 1343 
4540 1345 1950 1344 
4541 1351 2121 1350 
4542 1368 1972 1367 
4543 1444 2085 1443 
4544 1445 2089 1444 
4545 1950 2011 1893 
4546 1981 1983 1969 
4547 1980 1981 1970 
4548 2078 2115 2076 
4549 2207 2224 2205 
4550 2216 3012 2209 
4551 2505 2519 2509 
4552 2523 2528 2524 
4553 2553 2618 2555 
4554 2822 2826 2556 
4555 2558 2564 2560 
4556 2566 3191 2600 
4557 2570 2584 2577 
4558 2581 2648 2586 
4559 2776 2822 2775 
2 4 3 1314
4560 7 1016 3203 122 
4561 1016 1015 3204 3203 
4562 1015 1014 3205 3204 
4563 1014 1013 3206 3205 
4564 1013 1012 3207 3206 
4565 1012 1011 3208 3207 
4566 1011 1010 3209 3208 
4567 1010 1009 3210 3209 
4568 1009 1008 3211 3210 
4569 1008 1007 3212 3211 
4570 1007 1006 3213 3212 
4571 1006 1005 3214 3213 
4572 1005 1004 3215 3214 
4573 1004 1003 3216 3215 
4574 1003 1002 3217 3216 
4575 1002 1001 3218 3217 
4576 1001 1000 3219 3218 
4577 1000 999 3220 3219 
4578 999 998 3221 3220 
4579 998 997 3222 3221 
4580 997 996 3223 3222 
4581 996 995 3224 3223 
4582 995 994 3225 3224 
4583 994 993 3226 3225 
4584 993 992 3227 3226 
4585 992 991 3228 3227 
4586 991 990 3229 3228 
4587 990 989 3230 3229 
4588 989 988 3231 3230 
4589 988 987 3232 3231 
4590 987 986 3233 3232 
4591 986 985 3234 3233 
4592 985 984 3235 3234 
4593 984 983 3236 3235 
4594 983 982 3237 3236 
4595 982 981 3238 3237 
4596 981 980 3239 3238 
4597 980 979 3240 3239 
4598 979 978 3241 3240 
4599 978 977 3242 3241 
4600 977 976 3243 3242 
4601 976 975 3244 3243 
4602 975 974 3245 3244 
4603 974 973 3246 3245 
4604 973 972 3247 3246 
4605 972 971 3248 3247 
4606 971 970 3249 3248 
4607 970 969 3250 3249 
4608 969 968 3251 3250 
4609 968 967 3252 3251 
4610 967 966 3253 3252 
4611 966 965 3254 3253 
4612 965 964 3255 3254 
4613 964 963 3256 3255 
4614 963 962 3257 3256 
4615 962 961 3258 3257 
4616 961 960 3259 3258 
4617 960 959 3260 3259 
4618 959 958 3261 3260 
4619 958 957 3262 3261 
4620 957 956 3263 3262 
4621 956 955 3264 3263 
4622 955 954 3265 3264 
4623 954 953 3266 3265 
4624 953 952 3267 3266 
4625 952 951 3268 3267 
4626 951 950 3269 3268 
4627 950 949 3270 3269 
4628 949 948 3271 3270 
4629 948 947 3272 3271 
4630 947 946 3273 3272 
4631 946 945 3274 3273 
4632 945 944 3275 3274 
4633 944 943 3276 3275 
4634 943 942 3277 3276 
4635 942 941 3278 3277 
4636 941 940 3279 3278 
4637 940 939 3280 3279 
4638 939 938 3281 3280 
4639 938 937 3282 3281 
4640 937 936 3283 3282 
4641 936 935 3284 3283 
4642 935 934 3285 3284 
4643 934 933 3286 3285 
4644 933 932 3287 3286 
4645 932 931 3288 3287 
4646 931 930 3289 3288 
4647 930 929 3290 3289 
4648 929 928 3291 3290 
4649 928 927 3292 3291 
4650 927 926 3293 3292 
4651 926 925 3294 3293 
4652 925 924 3295 3294 
4653 924 923 3296 3295 
4654 923 922 3297 3296 
4655 922 921 3298 3297 
4656 921 920 3299 3298 
4657 920 919 3300 3299 
4658 919 918 3301 3300 
4659 918 917 3302 3301 
4660 917 916 3303 3302 
4661 916 915 3304 3303 
4662 915 914 3305 3304 
4663 914 913 3306 3305 
4664 913 912 3307 3306 
4665 912 911 3308 3307 
4666 911 910 3309 3308 
4667 910 909 3310 3309 
4668 909 908 3311 3310 
4669 908 907 3312 3311 
4670 907 906 3313 3312 
4671 906 905 3314 3313 
4672 905 904 3315 3314 
4673 904 903 3316 3315 
4674 903 902 3317 3316 
4675 902 901 3318 3317 
4676 901 900 3319 3318 
4677 900 899 3320 3319 
4678 899 898 3321 3320 
4679 898 897 3322 3321 
4680 897 896 3323 3322 
4681 896 895 3324 3323 
4682 895 894 3325 3324 
4683 894 893 3326 3325 
4684 893 892 3327 3326 
4685 892 891 3328 3327 
4686 891 890 3329 3328 
4687 890 889 3330 3329 
4688 889 888 3331 3330 
4689 888 887 3332 3331 
4690 887 886 3333 3332 
4691 886 885 3334 3333 
4692 885 884 3335 3334 
4693 884 883 3336 3335 
4694 883 882 3337 3336 
4695 882 881 3338 3337 
4696 881 880 3339 3338 
4697 880 879 3340 3339 
4698 879 878 3341 3340 
4699 878 877 3342 3341 
4700 877 876 3343 3342 
4701 876 875 3344 3343 
4702 875 874 3345 3344 
4703 874 873 3346 3345 
4704 873 872 3347 3346 
4705 872 871 3348 3347 
4706 871 870 3349 3348 
4707 870 869 3350 3349 
4708 869 868 3351 3350 
4709 868 867 3352 3351 
4710 867 866 3353 3352 
4711 866 865 3354 3353 
4712 865 864 3355 3354 
4713 864 863 3356 3355 
4714 863 862 3357 3356 
4715 862 861 3358 3357 
4716 861 860 3359 3358 
4717 860 859 3360 3359 
4718 859 858 3361 3360 
4719 858 857 3362 3361 
4720 857 856 3363 3362 
4721 856 855 3364 3363 
4722 855 854 3365 3364 
4723 854 853 3366 3365 
4724 853 852 3367 3366 
4725 852 851 3368 3367 
4726 851 850 3369 3368 
4727 850 849 3370 3369 
4728 849 848 3371 3370 
4729 848 847 3372 3371 
4730 847 846 3373 3372 
4731 846 845 3374 3373 
4732 845 844 3375 3374 
4733 844 843 3376 3375 
4734 843 842 3377 3376 
4735 842 841 3378 3377 
4736 841 840 3379 3378 
4737 840 839 3380 3379 
4738 839 838 3381 3380 
4739 838 837 3382 3381 
4740 837 836 3383 3382 
4741 836 835 3384 3383 
4742 835 834 3385 3384 
4743 834 833 3386 3385 
4744 833 832 3387 3386 
4745 832 831 3388 3387 
4746 831 830 3389 3388 
4747 830 829 3390 3389 
4748 829 828 3391 3390 
4749 828 827 3392 3391 
4750 827 826 3393 3392 
4751 826 825 3394 3393 
4752 825 824 3395 3394 
4753 824 823 3396 3395 
4754 823 822 3397 3396 
4755 822 821 3398 3397 
4756 821 820 3399 3398 
4757 820 819 3400 3399 
4758 819 818 3401 3400 
4759 818 817 3402 3401 
4760 817 816 3403 3402 
4761 816 815 3404 3403 
4762 815 814 3405 3404 
4763 814 813 3406 3405 
4764 813 812 3407 3406 
4765 812 811 3408 3407 
4766 811 810 3409 3408 
4767 810 809 3410 3409 
4768 809 808 3411 3410 
4769 808 807 3412 3411 
4770 807 806 3413 3412 
4771 806 805 3414 3413 
4772 805 804 3415 3414 
4773 804 803 3416 3415 
4774 803 802 3417 3416 
4775 802 801 3418 3417 
4776 801 800 3419 3418 
4777 800 799 3420 3419 
4778 799 798 3421 3420 
4779 798 797 3422 3421 
4780 797 796 3423 3422 
4781 796 795 3424 3423 
4782 795 794 3425 3424 
4783 794 793 3426 3425 
4784 793 792 3427 3426 
4785 792 791 3428 3427 
4786 791 790 3429 3428 
4787 790 789 3430 3429 
4788 789 788 3431 3430 
4789 788 787 3432 3431 
4790 787 786 3433 3432 
4791 786 785 3434 3433 
4792 785 784 3435 3434 
4793 784 783 3436 3435 
4794 783 782 3437 3436 
4795 782 781 3438 3437 
4796 781 780 3439 3438 
4797 780 779 3440 3439 
4798 779 778 3441 3440 
4799 778 777 3442 3441 
4800 777 776 3443 3442 
4801 776 775 3444 3443 
4802 775 774 3445 3444 
4803 774 773 3446 3445 
4804 773 772 3447 3446 
4805 772 771 3448 3447 
4806 771 770 3449 3448 
4807 770 769 3450 3449 
4808 769 768 3451 3450 
4809 768 767 3452 3451 
4810 767 766 3453 3452 
4811 766 765 3454 3453 
4812 765 764 3455 3454 
4813 764 763 3456 3455 
4814 763 762 3457 3456 
4815 762 761 3458 3457 
4816 761 760 3459 3458 
4817 760 759 3460 3459 
4818 759 758 3461 3460 
4819 758 757 3462 3461 
4820 757 756 3463 3462 
4821 756 755 3464 3463 
4822 755 754 3465 3464 
4823 754 753 3466 3465 
4824 753 752 3467 3466 
4825 752 751 3468 3467 
4826 751 750 3469 3468 
4827 750 749 3470 3469 
4828 749 748 3471 3470 
4829 748 747 3472 3471 
4830 747 21 3473 3472 
4831 21 240 3474 3473 
4832 240 239 3475 3474 
4833 239 238 3476 3475 
4834 238 237 3477 3476 
4835 237 236 3478 3477 
4836 236 235 3479 3478 
4837 235 234 3480 3479 
4838 234 233 3481 3480 
4839 233 232 3482 3481 
4840 232 231 3483 3482 
4841 231 230 3484 3483 
4842 230 229 3485 3484 
4843 229 228 3486 3485 
4844 228 227 3487 3486 
4845 227 226 3488 3487 
4846 226 225 3489 3488 
4847 225 224 3490 3489 
4848 224 223 3491 3490 
4849 223 222 3492 3491 
4850 222 221 3493 3492 
4851 221 220 3494 3493 
4852 220 219 3495 3494 
4853 219 218 3496 3495 
4854 218 217 3497 3496 
4855 217 216 3498 3497 
4856 216 12 3499 3498 
4857 12 462 3500 3499 
4858 462 461 3501 3500 
4859 461 460 3502 3501 
4860 460 459 3503 3502 
4861 459 458 3504 3503 
4862 458 457 3505 3504 
4863 457 456 3506 3505 
4864 456 455 3507 3506 
4865 455 454 3508 3507 
4866 454 453 3509 3508 
4867 453 452 3510 3509 
4868 452 451 3511 3510 
4869 451 450 3512 3511 
4870 450 449 3513 3512 
4871 449 448 3514 3513 
4872 448 447 3515 3514 
4873 447 446 3516 3515 
4874 446 445 3517 3516 
4875 445 444 3518 3517 
4876 444 443 3519 3518 
4877 443 442 3520 3519 
4878 442 441 3521 3520 
4879 441 440 3522 3521 
4880 440 439 3523 3522 
4881 439 438 3524 3523 
4882 438 437 3525 3524 
4883 437 436 3526 3525 
4884 436 435 3527 3526 
4885 435 434 3528 3527 
4886 434 433 3529 3528 
4887 433 432 3530 3529 
4888 432 431 3531 3530 
4889 431 430 3532 3531 
4890 430 429 3533 3532 
4891 429 428 3534 3533 
4892 428 427 3535 3534 
4893 427 426 3536 3535 
4894 426 425 3537 3536 
4895 425 424 3538 3537 
4896 424 423 3539 3538 
4897 423 422 3540 3539 
4898 422 421 3541 3540 
4899 421 420 3542 3541 
4900 420 419 3543 3542 
4901 419 418 3544 3543 
4902 418 417 3545 3544 
4903 417 416 3546 3545 
4904 416 415 3547 3546 
4905 415 414 3548 3547 
4906 414 413 3549 3548 
4907 413 412 3550 3549 
4908 412 411 3551 3550 
4909 411 410 3552 3551 
4910 410 409 3553 3552 
4911 409 408 3554 3553 
4912 408 407 3555 3554 
4913 407 406 3556 3555 
4914 406 405 3557 3556 
4915 405 14 3558 3557 
4916 14 215 3559 3558 
4917 215 214 3560 3559 
4918 214 213 3561 3560 
4919 213 212 3562 3561 
4920 212 211 3563 3562 
4921 211 210 3564 3563 
4922 210 209 3565 3564 
4923 209 208 3566 3565 
4924 208 207 3567 3566 
4925 207 206 3568 3567 
4926 206 205 3569 3568 
4927 205 204 3570 3569 
4928 204 203 3571 3570 
4929 203 202 3572 3571 
4930 202 201 3573 3572 
4931 201 200 3574 3573 
4932 200 199 3575 3574 
4933 199 198 3576 3575 
4934 198 197 3577 3576 
4935 197 196 3578 3577 
4936 196 195 3579 3578 
4937 195 194 3580 3579 
4938 194 193 3581 3580 
4939 193 192 3582 3581 
4940 192 191 3583 3582 
4941 191 190 3584 3583 
4942 190 189 3585 3584 
4943 189 188 3586 3585 
4944 188 187 3587 3586 
4945 187 186 3588 3587 
4946 186 185 3589 3588 
4947 185 184 3590 3589 
4948 184 183 3591 3590 
4949 183 182 3592 3591 
4950 182 181 3593 3592 
4951 181 180 3594 3593 
4952 180 179 3595 3594 
4953 179 178 3596 3595 
4954 178 177 3597 3596 
4955 177 176 3598 3597 
4956 176 175 3599 3598 
4957 175 174 3600 3599 
4958 174 173 3601 3600 
4959 173 172 3602 3601 
4960 172 171 3603 3602 
4961 171 11 3604 3603 
4962 11 1030 3605 3604 
4963 1030 1029 3606 3605 
4964 1029 1028 3607 3606 
4965 1028 1027 3608 3607 
4966 1027 1026 3609 3608 
4967 1026 1025 3610 3609 
4968 1025 1024 3611 3610 
4969 1024 1023 3612 3611 
4970 1023 1022 3613 3612 
4971 1022 1021 3614 3613 
4972 1021 1020 3615 3614 
4973 1020 1019 3616 3615 
4974 1019 1018 3617 3616 
4975 1018 1017 3618 3617 
4976 1017 19 3619 3618 
4977 19 170 3620 3619 
4978 170 169 3621 3620 
4979 169 168 3622 3621 
4980 168 167 3623 3622 
4981 167 166 3624 3623 
4982 166 165 3625 3624 
4983 165 164 3626 3625 
4984 164 163 3627 3626 
4985 163 162 3628 3627 
4986 162 161 3629 3628 
4987 161 160 3630 3629 
4988 160 159 3631 3630 
4989 159 158 3632 3631 
4990 158 157 3633 3632 
4991 157 156 3634 3633 
4992 156 155 3635 3634 
4993 155 154 3636 3635 
4994 154 153 3637 3636 
4995 153 152 3638 3637 
4996 152 151 3639 3638 
4997 151 10 1032 3639 
4998 122 3203 3640 123 
4999 3203 3204 3641 3640 
5000 3204 3205 3642 3641 
5001 3205 3206 3643 3642 
5002 3206 3207 3644 3643 
5003 3207 3208 3645 3644 
5004 3208 3209 3646 3645 
5005 3209 3210 3647 3646 
5006 3210 3211 3648 3647 
5007 3211 3212 3649 3648 
5008 3212 3213 3650 3649 
5009 3213 3214 3651 3650 
5010 3214 3215 3652 3651 
5011 3215 3216 3653 3652 
5012 3216 3217 3654 3653 
5013 3217 3218 3655 3654 
5014 3218 3219 3656 3655 
5015 3219 3220 3657 3656 
5016 3220 3221 3658 3657 
5017 3221 3222 3659 3658 
5018 3222 3223 3660 3659 
5019 3223 3224 3661 3660 
5020 3224 3225 3662 3661 
5021 3225 3226 3663 3662 
5022 3226 3227 3664 3663 
5023 3227 3228 3665 3664 
5024 3228 3229 3666 3665 
5025 3229 3230 3667 3666 
5026 3230 3231 3668 3667 
5027 3231 3232 3669 3668 
5028 3232 3233 3670 3669 
5029 3233 3234 3671 3670 
5030 3234 3235 3672 3671 
5031 3235 3236 3673 3672 
5032 3236 3237 3674 3673 
5033 3237 3238 3675 3674 
5034 3238 3239 3676 3675 
5035 3239 3240 3677 3676 
5036 3240 3241 3678 3677 
5037 3241 3242 3679 3678 
5038 3242 3243 3680 3679 
5039 3243 3244 3681 3680 
5040 3244 3245 3682 3681 
5041 3245 3246 3683 3682 
5042 3246 3247 3684 3683 
5043 3247 3248 3685 3684 
5044 3248 3249 3686 3685 
5045 3249 3250 3687 3686 
5046 3250 3251 3688 3687 
5047 3251 3252 3689 3688 
5048 3252 3253 3690 3689 
5049 3253 3254 3691 3690 
5050 3254 3255 3692 3691 
5051 3255 3256 3693 3692 
5052 3256 3257 3694 3693 
5053 3257 3258 3695 3694 
5054 3258 3259 3696 3695 
5055 3259 3260 3697 3696 
5056 3260 3261 3698 3697 
5057 3261 3262 3699 3698 
5058 3262 3263 3700 3699 
5059 3263 3264 3701 3700 
5060 3264 3265 3702 3701 
5061 3265 3266 3703 3702 
5062 3266 3267 3704 3703 
5063 3267 3268 3705 3704 
5064 3268 3269 3706 3705 
5065 3269 3270 3707 3706 
5066 3270 3271 3708 3707 
5067 3271 3272 3709 3708 
5068 3272 3273 3710 3709 
5069 3273 3274 3711 3710 
5070 3274 3275 3712 3711 
5071 3275 3276 3713 3712 
5072 3276 3277 3714 3713 
5073 3277 3278 3715 3714 
5074 3278 3279 3716 3715 
5075 3279 3280 3717 3716 
5076 3280 3281 3718 3717 
5077 3281 3282 3719 3718 
5078 3282 3283 3720 3719 
5079 3283 3284 3721 3720 
5080 3284 3285 3722 3721 
5081 3285 3286 3723 3722 
5082 3286 3287 3724 3723 
5083 3287 3288 3725 3724 
5084 3288 3289 3726 3725 
5085 3289 3290 3727 3726 
5086 3290 3291 3728 3727 
5087 3291 3292 3729 3728 
5088 3292 3293 3730 3729 
5089 3293 3294 3731 3730 
5090 3294 3295 3732 3731 
5091 3295 3296 3733 3732 
5092 3296 3297 3734 3733 
5093 3297 3298 3735 3734 
5094 3298 3299 3736 3735 
5095 3299 3300 3737 3736 
5096 3300 3301 3738 3737 
5097 3301 3302 3739 3738 
5098 3302 3303 3740 3739 
5099 3303 3304 3741 3740 
5100 3304 3305 3742 3741 
5101 3305 3306 3743 3742 
5102 3306 3307 3744 3743 
5103 3307 3308 3745 3744 
5104 3308 3309 3746 3745 
5105 3309 3310 3747 3746 
5106 3310 3311 3748 3747 
5107 3311 3312 3749 3748 
5108 3312 3313 3750 3749 
5109 3313 3314 3751 3750 
5110 3314 3315 3752 3751 
5111 3315 3316 3753 3752 
5112 3316 3317 3754 3753 
5113 3317 3318 3755 3754 
5114 3318 3319 3756 3755 
5115 3319 3320 3757 3756 
5116 3320 3321 3758 3757 
5117 3321 3322 3759 3758 
5118 3322 3323 3760 3759 
5119 3323 3324 3761 3760 
5120 3324 3325 3762 3761 
5121 3325 3326 3763 3762 
5122 3326 3327 3764 3763 
5123 3327 3328 3765 3764 
5124 3328 3329 3766 3765 
5125 3329 3330 3767 3766 
5126 3330 3331 3768 3767 
5127 3331 3332 3769 3768 
5128 3332 3333 3770 3769 
5129 3333 3334 3771 3770 
5130 3334 3335 3772 3771 
5131 3335 3336 3773 3772 
5132 3336 3337 3774 3773 
5133 3337 3338 3775 3774 
5134 3338 3339 3776 3775 
5135 3339 3340 3777 3776 
5136 3340 3341 3778 3777 
5137 3341 3342 3779 3778 
5138 3342 3343 3780 3779 
5139 3343 3344 3781 3780 
5140 3344 3345 3782 3781 
5141 3345 3346 3783 3782 
5142 3346 3347 3784 3783 
5143 3347 3348 3785 3784 
5144 3348 3349 3786 3785 
5145 3349 3350 3787 3786 
5146 3350 3351 3788 3787 
5147 3351 3352 3789 3788 
5148 3352 3353 3790 3789 
5149 3353 3354 3791 3790 
5150 3354 3355 3792 3791 
5151 3355 3356 3793 3792 
5152 3356 3357 3794 3793 
5153 3357 3358 3795 3794 
5154 3358 3359 3796 3795 
5155 3359 3360 3797 3796 
5156 3360 3361 3798 3797 
5157 3361 3362 3799 3798 
5158 3362 3363 3800 3799 
5159 3363 3364 3801 3800 
5160 3364 3365 3802 3801 
5161 3365 3366 3803 3802 
5162 3366 3367 3804 3803 
5163 3367 3368 3805 3804 
5164 3368 3369 3806 3805 
5165 3369 3370 3807 3806 
5166 3370 3371 3808 3807 
5167 3371 3372 3809 3808 
5168 3372 3373 3810 3809 
5169 3373 3374 3811 3810 
5170 3374 3375 3812 3811 
5171 3375 3376 3813 3812 
5172 3376 3377 3814 3813 
5173 3377 3378 3815 3814 
5174 3378 3379 3816 3815 
5175 3379 3380 3817 3816 
5176 3380 3381 3818 3817 
5177 3381 3382 3819 3818 
5178 3382 3383 3820 3819 
5179 3383 3384 3821 3820 
5180 3384 3385 3822 3821 
5181 3385 3386 3823 3822 
5182 3386 3387 3824 3823 
5183 3387 3388 3825 3824 
5184 3388 3389 3826 3825 
5185 3389 3390 3827 3826 
5186 3390 3391 3828 3827 
5187 3391 3392 3829 3828 
5188 3392 3393 3830 3829 
5189 3393 3394 3831 3830 
5190 3394 3395 3832 3831 
5191 3395 3396 3833 3832 
5192 3396 3397 3834 3833 
5193 3397 3398 3835 3834 
5194 3398 3399 3836 3835 
5195 3399 3400 3837 3836 
5196 3400 3401 3838 3837 
5197 3401 3402 3839 3838 
5198 3402 3403 3840 3839 
5199 3403 3404 3841 3840 
5200 3404 3405 3842 3841 
5201 3405 3406 3843 3842 
5202 3406 3407 3844 3843 
5203 3407 3408 3845 3844 
5204 3408 3409 3846 3845 
5205 3409 3410 3847 3846 
5206 3410 3411 3848 3847 
5207 3411 3412 3849 3848 
5208 3412 3413 3850 3849 
5209 3413 3414 3851 3850 
5210 3414 3415 3852 3851 
5211 3415 3416 3853 3852 
5212 3416 3417 3854 3853 
5213 3417 3418 3855 3854 
5214 3418 3419 3856 3855 
5215 3419 3420 3857 3856 
5216 3420 3421 3858 3857 
5217 3421 3422 3859 3858 
5218 3422 3423 3860 3859 
5219 3423 3424 3861 3860 
5220 3424 3425 3862 3861 
5221 3425 3426 3863 3862 
5222 3426 3427 3864 3863 
5223 3427 3428 3865 3864 
5224 3428 3429 3866 3865 
5225 3429 3430 3867 3866 
5226 3430 3431 3868 3867 
5227 3431 3432 3869 3868 
5228 3432 3433 3870 3869 
5229 3433 3434 3871 3870 
5230 3434 3435 3872 3871 
5231 3435 3436 3873 3872 
5232 3436 3437 3874 3873 
5233 3437 3438 3875 3874 
5234 3438 3439 3876 3875 
5235 3439 3440 3877 3876 
5236 3440 3441 3878 3877 
5237 3441 3442 3879 3878 
5238 3442 3443 3880 3879 
5239 3443 3444 3881 3880 
5240 3444 3445 3882 3881 
5241 3445 3446 3883 3882 
5242 3446 3447 3884 3883 
5243 3447 3448 3885 3884 
5244 3448 3449 3886 3885 
5245 3449 3450 3887 3886 
5246 3450 3451 3888 3887 
5247 3451 3452 3889 3888 
5248 3452 3453 3890 3889 
5249 3453 3454 3891 3890 
5250 3454 3455 3892 3891 
5251 3455 3456 3893 3892 
5252 3456 3457 3894 3893 
5253 3457 3458 3895 3894 
5254 3458 3459 3896 3895 
5255 3459 3460 3897 3896 
5256 3460 3461 3898 3897 
5257 3461 3462 3899 3898 
5258 3462 3463 3900 3899 
5259 3463 3464 3901 3900 
5260 3464 3465 3902 3901 
5261 3465 3466 3903 3902 
5262 3466 3467 3904 3903 
5263 3467 3468 3905 3904 
5264 3468 3469 3906 3905 
5265 3469 3470 3907 3906 
5266 3470 3471 3908 3907 
5267 3471 3472 3909 3908 
5268 3472 3473 3910 3909 
5269 3473 3474 3911 3910 
5270 3474 3475 3912 3911 
5271 3475 3476 3913 3912 
5272 3476 3477 3914 3913 
5273 3477 3478 3915 3914 
5274 3478 3479 3916 3915 
5275 3479 3480 3917 3916 
5276 3480 3481 3918 3917 
5277 3481 3482 3919 3918 
5278 3482 3483 3920 3919 
5279 3483 3484 3921 3920 
5280 3484 3485 3922 3921 
5281 3485 3486 3923 3922 
5282 3486 3487 3924 3923 
5283 3487 3488 3925 3924 
5284 3488 3489 3926 3925 
5285 3489 3490 3927 3926 
5286 3490 3491 3928 3927 
5287 3491 3492 3929 3928 
5288 3492 3493 3930 3929 
5289 3493 3494 3931 3930 
5290 3494 3495 3932 3931 
5291 3495 3496 3933 3932 
5292 3496 3497 3934 3933 
5293 3497 3498 3935 3934 
5294 3498 3499 3936 3935 
5295 3499 3500 3937 3936 
5296 3500 3501 3938 3937 
5297 3501 3502 3939 3938 
5298 3502 3503 3940 3939 
5299 3503 3504 3941 3940 
5300 3504 3505 3942 3941 
5301 3505 3506 3943 3942 
5302 3506 3507 3944 3943 
5303 3507 3508 3945 3944 
5304 3508 3509 3946 3945 
5305 3509 3510 3947 3946 
5306 3510 3511 3948 3947 
5307 3511 3512 3949 3948 
5308 3512 3513 3950 3949 
5309 3513 3514 3951 3950 
5310 3514 3515 3952 3951 
5311 3515 3516 3953 3952 
5312 3516 3517 3954 3953 
5313 3517 3518 3955 3954 
5314 3518 3519 3956 3955 
5315 3519 3520 3957 3956 
5316 3520 3521 3958 3957 
5317 3521 3522 3959 3958 
5318 3522 3523 3960 3959 
5319 3523 3524 3961 3960 
5320 3524 3525 3962 3961 
5321 3525 3526 3963 3962 
5322 3526 3527 3964 3963 
5323 3527 3528 3965 3964 
5324 3528 3529 3966 3965 
5325 3529 3530 3967 3966 
5326 3530 3531 3968 3967 
5327 3531 3532 3969 3968 
5328 3532 3533 3970 3969 
5329 3533 3534 3971 3970 
5330 3534 3535 3972 3971 
5331 3535 3536 3973 3972 
5332 3536 3537 3974 3973 
5333 3537 3538 3975 3974 
5334 3538 3539 3976 3975 
5335 3539 3540 3977 3976 
5336 3540 3541 3978 3977 
5337 3541 3542 3979 3978 
5338 3542 3543 3980 3979 
5339 3543 3544 3981 3980 
5340 3544 3545 3982 3981 
5341 3545 3546 3983 3982 
5342 3546 3547 3984 3983 
5343 3547 3548 3985 3984 
5344 3548 3549 3986 3985 
5345 3549 3550 3987 3986 
5346 3550 3551 3988 3987 
5347 3551 3552 3989 3988 
5348 3552 3553 3990 3989 
5349 3553 3554 3991 3990 
5350 3554 3555 3992 3991 
5351 3555 3556 3993 3992 
5352 3556 3557 3994 3993 
5353 3557 3558 3995 3994 
5354 3558 3559 3996 3995 
5355 3559 3560 3997 3996 
5356 3560 3561 3998 3997 
5357 3561 3562 3999 3998 
5358 3562 3563 4000 3999 
5359 3563 3564 4001 4000 
5360 3564 3565 4002 4001 
5361 3565 3566 4003 4002 
5362 3566 3567 4004 4003 
5363 3567 3568 4005 4004 
5364 3568 3569 4006 4005 
5365 3569 3570 4007 4006 
5366 3570 3571 4008 4007 
5367 3571 3572 4009 4008 
5368 3572 3573 4010 4009 
5369 3573 3574 4011 4010 
5370 3574 3575 4012 4011 
5371 3575 3576 4013 4012 
5372 3576 3577 4014 4013 
5373 3577 3578 4015 4014 
5374 3578 3579 4016 4015 
5375 3579 3580 4017 4016 
5376 3580 3581 4018 4017 
5377 3581 3582 4019 4018 
5378 3582 3583 4020 4019 
5379 3583 3584 4021 4020 
5380 3584 3585 4022 4021 
5381 3585 3586 4023 4022 
5382 3586 3587 4024 4023 
5383 3587 3588 4025 4024 
5384 3588 3589 4026 4025 
5385 3589 3590 4027 4026 
5386 3590 3591 4028 4027 
5387 3591 3592 4029 4028 
5388 3592 3593 4030 4029 
5389 3593 3594 4031 4030 
5390 3594 3595 4032 4031 
5391 3595 3596 4033 4032 
5392 3596 3597 4034 4033 
5393 3597 3598 4035 4034 
5394 3598 3599 4036 4035 
5395 3599 3600 4037 4036 
5396 3600 3601 4038 4037 
5397 3601 3602 4039 4038 
5398 3602 3603 4040 4039 
5399 3603 3604 4041 4040 
5400 3604 3605 4042 4041 
5401 3605 3606 4043 4042 
5402 3606 3607 4044 4043 
5403 3607 3608 4045 4044 
5404 3608 3609 4046 4045 
5405 3609 3610 4047 4046 
5406 3610 3611 4048 4047 
5407 3611 3612 4049 4048 
5408 3612 3613 4050 4049 
5409 3613 3614 4051 4050 
5410 3614 3615 4052 4051 
5411 3615 3616 4053 4052 
5412 3616 3617 4054 4053 
5413 3617 3618 4055 4054 
5414 3618 3619 4056 4055 
5415 3619 3620 4057 4056 
5416 3620 3621 4058 4057 
5417 3621 3622 4059 4058 
5418 3622 3623 4060 4059 
5419 3623 3624 4061 4060 
5420 3624 3625 4062 4061 
5421 3625 3626 4063 4062 
5422 3626 3627 4064 4063 
5423 3627 3628 4065 4064 
5424 3628 3629 4066 4065 
5425 3629 3630 4067 4066 
5426 3630 3631 4068 4067 
5427 3631 3632 4069 4068 
5428 3632 3633 4070 4069 
5429 3633 3634 4071 4070 
5430 3634 3635 4072 4071 
5431 3635 3636 4073 4072 
5432 3636 3637 4074 4073 
5433 3637 3638 4075 4074 
5434 3638 3639 4076 4075 
5435 3639 1032 1031 4076 
5436 123 3640 1043 25 
5437 3640 3641 1044 1043 
5438 3641 3642 1045 1044 
5439 3642 3643 1046 1045 
5440 3643 3644 1047 1046 
5441 3644 3645 1048 1047 
5442 3645 3646 1049 1048 
5443 3646 3647 1050 1049 
5444 3647 3648 1051 1050 
5445 3648 3649 1052 1051 
5446 3649 3650 1053 1052 
5447 3650 3651 1054 1053 
5448 3651 3652 1055 1054 
5449 3652 3653 1056 1055 
5450 3653 3654 1057 1056 
5451 3654 3655 1058 1057 
5452 3655 3656 1059 1058 
5453 3656 3657 1060 1059 
5454 3657 3658 1061 1060 
5455 3658 3659 1062 1061 
5456 3659 3660 1063 1062 
5457 3660 3661 1064 1063 
5458 3661 3662 1065 1064 
5459 3662 3663 1066 1065 
5460 3663 3664 1067 1066 
5461 3664 3665 1068 1067 
5462 3665 3666 1069 1068 
5463 3666 3667 1070 1069 
5464 3667 3668 1071 1070 
5465 3668 3669 1072 1071 
5466 3669 3670 1073 1072 
5467 3670 3671 1074 1073 
5468 3671 3672 1075 1074 
5469 3672 3673 1076 1075 
5470 3673 3674 1077 1076 
5471 3674 3675 1078 1077 
5472 3675 3676 1079 1078 
5473 3676 3677 1080 1079 
5474 3677 3678 1081 1080 
5475 3678 3679 1082 1081 
5476 3679 3680 1083 1082 
5477 3680 3681 1084 1083 
5478 3681 3682 1085 1084 
5479 3682 3683 1086 1085 
5480 3683 3684 1087 1086 
5481 3684 3685 1088 1087 
5482 3685 3686 1089 1088 
5483 3686 3687 1090 1089 
5484 3687 3688 1091 1090 
5485 3688 3689 1092 1091 
5486 3689 3690 1093 1092 
5487 3690 3691 1094 1093 
5488 3691 3692 1095 1094 
5489 3692 3693 1096 1095 
5490 3693 3694 1097 1096 
5491 3694 3695 1098 1097 
5492 3695 3696 1099 1098 
5493 3696 3697 1100 1099 
5494 3697 3698 1101 1100 
5495 3698 3699 1102 1101 
5496 3699 3700 1103 1102 
5497 3700 3701 1104 1103 
5498 3701 3702 1105 1104 
5499 3702 3703 1106 1105 
5500 3703 3704 1107 1106 
5501 3704 3705 1108 1107 
5502 3705 3706 1109 1108 
5503 3706 3707 1110 1109 
5504 3707 3708 1111 1110 
5505 3708 3709 1112 1111 
5506 3709 3710 1113 1112 
5507 3710 3711 1114 1113 
5508 3711 3712 1115 1114 
5509 3712 3713 1116 1115 
5510 3713 3714 1117 1116 
5511 3714 3715 1118 1117 
5512 3715 3716 1119 1118 
5513 3716 3717 1120 1119 
5514 3717 3718 1121 1120 
5515 3718 3719 1122 1121 
5516 3719 3720 1123 1122 
5517 3720 3721 1124 1123 
5518 3721 3722 1125 1124 
5519 3722 3723 1126 1125 
5520 3723 3724 1127 1126 
5521 3724 3725 1128 1127 
5522 3725 3726 1129 1128 
5523 3726 3727 1130 1129 
5524 3727 3728 1131 1130 
5525 3728 3729 1132 1131 
5526 3729 3730 1133 1132 
5527 3730 3731 1134 1133 
5528 3731 3732 1135 1134 
5529 3732 3733 1136 1135 
5530 3733 3734 1137 1136 
5531 3734 3735 1138 1137 
5532 3735 3736 1139 1138 
5533 3736 3737 1140 1139 
5534 3737 3738 1141 1140 
5535 3738 3739 1142 1141 
5536 3739 3740 1143 1142 
5537 3740 3741 1144 1143 
5538 3741 3742 1145 1144 
5539 3742 3743 1146 1145 
5540 3743 3744 1147 1146 
5541 3744 3745 1148 1147 
5542 3745 3746 1149 1148 
5543 3746 3747 1150 1149 
5544 3747 3748 1151 1150 
5545 3748 3749 1152 1151 
5546 3749 3750 1153 1152 
5547 3750 3751 1154 1153 
5548 3751 3752 1155 1154 
5549 3752 3753 1156 1155 
5550 3753 3754 1157 1156 
5551 3754 3755 1158 1157 
5552 3755 3756 1159 1158 
5553 3756 3757 1160 1159 
5554 3757 3758 1161 1160 
5555 3758 3759 1162 1161 
5556 3759 3760 1163 1162 
5557 3760 3761 1164 1163 
5558 3761 3762 1165 1164 
5559 3762 3763 1166 1165 
5560 3763 3764 1167 1166 
5561 3764 3765 1168 1167 
5562 3765 3766 1169 1168 
5563 3766 3767 1170 1169 
5564 3767 3768 1171 1170 
5565 3768 3769 1172 1171 
5566 3769 3770 1173 1172 
5567 3770 3771 1174 1173 
5568 3771 3772 1175 1174 
5569 3772 3773 1176 1175 
5570 3773 3774 1177 1176 
5571 3774 3775 1178 1177 
5572 3775 3776 1179 1178 
5573 3776 3777 1180 1179 
5574 3777 3778 1181 1180 
5575 3778 3779 1182 1181 
5576 3779 3780 1183 1182 
5577 3780 3781 1184 1183 
5578 3781 3782 1185 1184 
5579 3782 3783 1186 1185 
5580 3783 3784 1187 1186 
5581 3784 3785 1188 1187 
5582 3785 3786 1189 1188 
5583 3786 3787 1190 1189 
5584 3787 3788 1191 1190 
5585 3788 3789 1192 1191 
5586 3789 3790 1193 1192 
5587 3790 3791 1194 1193 
5588 3791 3792 1195 1194 
5589 3792 3793 1196 1195 
5590 3793 3794 1197 1196 
5591 3794 3795 1198 1197 
5592 3795 3796 1199 1198 
5593 3796 3797 1200 1199 
5594 3797 3798 1201 1200 
5595 3798 3799 1202 1201 
5596 3799 3800 1203 1202 
5597 3800 3801 1204 1203 
5598 3801 3802 1205 1204 
5599 3802 3803 1206 1205 
5600 3803 3804 1207 1206 
5601 3804 3805 1208 1207 
5602 3805 3806 1209 1208 
5603 3806 3807 1210 1209 
5604 3807 3808 1211 1210 
5605 3808 3809 1212 1211 
5606 3809 3810 1213 1212 
5607 3810 3811 1214 1213 
5608 3811 3812 1215 1214 
5609 3812 3813 1216 1215 
5610 3813 3814 1217 1216 
5611 3814 3815 1218 1217 
5612 3815 3816 1219 1218 
5613 3816 3817 1220 1219 
5614 3817 3818 1221 1220 
5615 3818 3819 1222 1221 
5616 3819 3820 1223 1222 
5617 3820 3821 1224 1223 
5618 3821 3822 1225 1224 
5619 3822 3823 1226 1225 
5620 3823 3824 1227 1226 
5621 3824 3825 1228 1227 
5622 3825 3826 1229 1228 
5623 3826 3827 1230 1229 
5624 3827 3828 1231 1230 
5625 3828 3829 1232 1231 
5626 3829 3830 1233 1232 
5627 3830 3831 1234 1233 
5628 3831 3832 1235 1234 
5629 3832 3833 1236 1235 
5630 3833 3834 1237 1236 
5631 3834 3835 1238 1237 
5632 3835 3836 1239 1238 
5633 3836 3837 1240 1239 
5634 3837 3838 1241 1240 
5635 3838 3839 1242 1241 
5636 3839 3840 1243 1242 
5637 3840 3841 1244 1243 
5638 3841 3842 1245 1244 
5639 3842 3843 1246 1245 
5640 3843 3844 1247 1246 
5641 3844 3845 1248 1247 
5642 3845 3846 1249 1248 
5643 3846 3847 1250 1249 
5644 3847 3848 1251 1250 
5645 3848 3849 1252 1251 
5646 3849 3850 1253 1252 
5647 3850 3851 1254 1253 
5648 3851 3852 1255 1254 
5649 3852 3853 1256 1255 
5650 3853 3854 1257 1256 
5651 3854 3855 1258 1257 
5652 3855 3856 1259 1258 
5653 3856 3857 1260 1259 
5654 3857 3858 1261 1260 
5655 3858 3859 1262 1261 
5656 3859 3860 1263 1262 
5657 3860 3861 1264 1263 
5658 3861 3862 1265 1264 
5659 3862 3863 1266 1265 
5660 3863 3864 1267 1266 
5661 3864 3865 1268 1267 
5662 3865 3866 1269 1268 
5663 3866 3867 1270 1269 
5664 3867 3868 1271 1270 
5665 3868 3869 1272 1271 
5666 3869 3870 1273 1272 
5667 3870 3871 1274 1273 
5668 3871 3872 1275 1274 
5669 3872 3873 1276 1275 
5670 3873 3874 1277 1276 
5671 3874 3875 1278 1277 
5672 3875 3876 1279 1278 
5673 3876 3877 1280 1279 
5674 3877 3878 1281 1280 
5675 3878 3879 1282 1281 
5676 3879 3880 1283 1282 
5677 3880 3881 1284 1283 
5678 3881 3882 1285 1284 
5679 3882 3883 1286 1285 
5680 3883 3884 1287 1286 
5681 3884 3885 1288 1287 
5682 3885 3886 1289 1288 
5683 3886 3887 1290 1289 
5684 3887 3888 1291 1290 
5685 3888 3889 1292 1291 
5686 3889 3890 1293 1292 
5687 3890 3891 1294 1293 
5688 3891 3892 1295 1294 
5689 3892 3893 1296 1295 
5690 3893 3894 1297 1296 
5691 3894 3895 1298 1297 
5692 3895 3896 1299 1298 
5693 3896 3897 1300 1299 
5694 3897 3898 1301 1300 
5695 3898 3899 1302 1301 
5696 3899 3900 1303 1302 
5697 3900 3901 1304 1303 
5698 3901 3902 1305 1304 
5699 3902 3903 1306 1305 
5700 3903 3904 1307 1306 
5701 3904 3905 1308 1307 
5702 3905 3906 1309 1308 
5703 3906 3907 1310 1309 
5704 3907 3908 1311 1310 
5705 3908 3909 1312 1311 
5706 3909 3910 24 1312 
5707 3910 3911 1474 24 
5708 3911 3912 1473 1474 
5709 3912 3913 1472 1473 
5710 3913 3914 1471 1472 
5711 3914 3915 1470 1471 
5712 3915 3916 1469 1470 
5713 3916 3917 1468 1469 
5714 3917 3918 1467 1468 
5715 3918 3919 1466 1467 
5716 3919 3920 1465 1466 
5717 3920 3921 1464 1465 
5718 3921 3922 1463 1464 
5719 3922 3923 1462 1463 
5720 3923 3924 1461 1462 
5721 3924 3925 1460 1461 
5722 3925 3926 1459 1460 
5723 3926 3927 1458 1459 
5724 3927 3928 1457 1458 
5725 3928 3929 1456 1457 
5726 3929 3930 1455 1456 
5727 3930 3931 1454 1455 
5728 3931 3932 1453 1454 
5729 3932 3933 1452 1453 
5730 3933 3934 1451 1452 
5731 3934 3935 1450 1451 
5732 3935 3936 28 1450 
5733 3936 3937 1449 28 
5734 3937 3938 1448 1449 
5735 3938 3939 1447 1448 
5736 3939 3940 1446 1447 
5737 3940 3941 1445 1446 
5738 3941 3942 1444 1445 
5739 3942 3943 1443 1444 
5740 3943 3944 1442 1443 
5741 3944 3945 1441 1442 
5742 3945 3946 1440 1441 
5743 3946 3947 1439 1440 
5744 3947 3948 1438 1439 
5745 3948 3949 1437 1438 
5746 3949 3950 1436 1437 
5747 3950 3951 1435 1436 
5748 3951 3952 1434 1435 
5749 3952 3953 1433 1434 
5750 3953 3954 1432 1433 
5751 3954 3955 1431 1432 
5752 3955 3956 1430 1431 
5753 3956 3957 1429 1430 
5754 3957 3958 1428 1429 
5755 3958 3959 1427 1428 
5756 3959 3960 1426 1427 
5757 3960 3961 1425 1426 
5758 3961 3962 1424 1425 
5759 3962 3963 1423 1424 
5760 3963 3964 1422 1423 
5761 3964 3965 1421 1422 
5762 3965 3966 1420 1421 
5763 3966 3967 1419 1420 
5764 3967 3968 1418 1419 
5765 3968 3969 1417 1418 
5766 3969 3970 1416 1417 
5767 3970 3971 1415 1416 
5768 3971 3972 1414 1415 
5769 3972 3973 1413 1414 
5770 3973 3974 1412 1413 
5771 3974 3975 1411 1412 
5772 3975 3976 1410 1411 
5773 3976 3977 1409 1410 
5774 3977 3978 1408 1409 
5775 3978 3979 1407 1408 
5776 3979 3980 1406 1407 
5777 3980 3981 1405 1406 
5778 3981 3982 1404 1405 
5779 3982 3983 1403 1404 
5780 3983 3984 1402 1403 
5781 3984 3985 1401 1402 
5782 3985 3986 1400 1401 
5783 3986 3987 1399 1400 
5784 3987 3988 1398 1399 
5785 3988 3989 1397 1398 
5786 3989 3990 1396 1397 
5787 3990 3991 1395 1396 
5788 3991 3992 1394 1395 
5789 3992 3993 1393 1394 
5790 3993 3994 1392 1393 
5791 3994 3995 27 1392 
5792 3995 3996 1391 27 
5793 3996 3997 1390 1391 
5794 3997 3998 1389 1390 
5795 3998 3999 1388 1389 
5796 3999 4000 1387 1388 
5797 4000 4001 1386 1387 
5798 4001 4002 1385 1386 
5799 4002 4003 1384 1385 
5800 4003 4004 1383 1384 
5801 4004 4005 1382 1383 
5802 4005 4006 1381 1382 
5803 4006 4007 1380 1381 
5804 4007 4008 1379 1380 
5805 4008 4009 1378 1379 
5806 4009 4010 1377 1378 
5807 4010 4011 1376 1377 
5808 4011 4012 1375 1376 
5809 4012 4013 1374 1375 
5810 4013 4014 1373 1374 
5811 4014 4015 1372 1373 
5812 4015 4016 1371 1372 
5813 4016 4017 1370 1371 
5814 4017 4018 1369 1370 
5815 4018 4019 1368 1369 
5816 4019 4020 1367 1368 
5817 4020 4021 1366 1367 
5818 4021 4022 1365 1366 
5819 4022 4023 1364 1365 
5820 4023 4024 1363 1364 
5821 4024 4025 1362 1363 
5822 4025 4026 1361 1362 
5823 4026 4027 1360 1361 
5824 4027 4028 1359 1360 
5825 4028 4029 1358 1359 
5826 4029 4030 1357 1358 
5827 4030 4031 1356 1357 
5828 4031 4032 1355 1356 
5829 4032 4033 1354 1355 
5830 4033 4034 1353 1354 
5831 4034 4035 1352 1353 
5832 4035 4036 1351 1352 
5833 4036 4037 1350 1351 
5834 4037 4038 1349 1350 
5835 4038 4039 1348 1349 
5836 4039 4040 1347 1348 
5837 4040 4041 26 1347 
5838 4041 4042 1346 26 
5839 4042 4043 1345 1346 
5840 4043 4044 1344 1345 
5841 4044 4045 1343 1344 
5842 4045 4046 1342 1343 
5843 4046 4047 1341 1342 
5844 4047 4048 1340 1341 
5845 4048 4049 1339 1340 
5846 4049 4050 1338 1339 
5847 4050 4051 1337 1338 
5848 4051 4052 1336 1337 
5849 4052 4053 1335 1336 
5850 4053 4054 1334 1335 
5851 4054 4055 1333 1334 
5852 4055 4056 23 1333 
5853 4056 4057 1332 23 
5854 4057 4058 1331 1332 
5855 4058 4059 1330 1331 
5856 4059 4060 1329 1330 
5857 4060 4061 1328 1329 
5858 4061 4062 1327 1328 
5859 4062 4063 1326 1327 
5860 4063 4064 1325 1326 
5861 4064 4065 1324 1325 
5862 4065 4066 1323 1324 
5863 4066 4067 1322 1323 
5864 4067 4068 1321 1322 
5865 4068 4069 1320 1321 
5866 4069 4070 1319 1320 
5867 4070 4071 1318 1319 
5868 4071 4072 1317 1318 
5869 4072 4073 1316 1317 
5870 4073 4074 1315 1316 
5871 4074 4075 1314 1315 
5872 4075 4076 1313 1314 
5873 4076 1031 22 1313 
$EndElements
