$MeshFormat
4.1 0 8
$EndMeshFormat
$Entities
25 29 5 0
1 -100 0 0 0 
2 0 0 0 0 
3 0 -1.5 0 0 
4 75 -1.5 0 0 
5 75 0 0 0 
6 1075 0 0 0 
7 1075 0.25 0 0 
8 1075 150 0 0 
9 -100 150 0 0 
10 -100 0.25 0 0 
11 0 0.25 0 0 
12 75 0.25 0 0 
13 37.5 0 0 0 
14 37.5 0.25 0 0 
15 0 -0.75 0 0 
16 37.5 -1.5 0 0 
17 75 -0.75 0 0 
18 -8 0 0 0 
19 -8 0.25 0 0 
20 83 0 0 0 
21 83 0.25 0 0 
22 -100 3.75 0 0 
23 -8 3.75 0 0 
24 83 3.75 0 0 
25 1075 3.75 0 0 
1 -100 0 0 -8 0 0 1 4 2 1 -18 
2 0 -0.75 0 0 0 0 1 4 2 2 -15 
3 0 -1.5 0 37.5 -1.5 0 1 4 2 3 -16 
4 75 -1.5 0 75 -0.75 0 1 4 2 4 -17 
5 75 0 0 83 0 0 1 4 2 5 -20 
6 1075 0 0 1075 0.25 0 1 2 2 6 -7 
7 1075 0.25 0 1075 3.75 0 1 2 2 7 -25 
8 -100 150 0 1075 150 0 1 3 2 8 -9 
9 -100 3.75 0 -100 150 0 1 1 2 9 -22 
10 -100 0.25 0 -8 0.25 0 0 2 10 -19 
11 -100 0 0 -100 0.25 0 1 1 2 10 -1 
12 0 0.25 0 37.5 0.25 0 0 2 11 -14 
13 75 0.25 0 83 0.25 0 0 2 12 -21 
14 0 0 0 37.5 0 0 0 2 2 -13 
15 0 -1.5 0 0 -0.75 0 1 4 2 15 -3 
16 37.5 -1.5 0 75 -1.5 0 1 4 2 16 -4 
17 75 -0.75 0 75 0 0 1 4 2 17 -5 
18 37.5 0 0 75 0 0 0 2 13 -5 
19 37.5 0.25 0 75 0.25 0 0 2 14 -12 
20 -8 0 0 0 0 0 1 4 2 18 -2 
21 83 0 0 1075 0 0 1 4 2 20 -6 
22 83 0.25 0 1075 0.25 0 0 2 21 -7 
23 -8 0.25 0 0 0.25 0 0 2 19 -11 
24 -100 0.25 0 -100 3.75 0 1 1 2 22 -10 
25 1075 3.75 0 1075 150 0 1 2 2 25 -8 
26 83 3.75 0 1075 3.75 0 0 2 25 -24 
27 -100 3.75 0 -8 3.75 0 0 2 22 -23 
28 -8 0.25 0 -8 3.75 0 0 2 23 -19 
29 83 0.25 0 83 3.75 0 0 2 24 -21 
1 -100 0 0 1075 0.25 0 1 100 14 5 21 6 -22 -13 -19 -12 -23 -10 11 1 20 14 18 
2 0 -1.5 0 75 0 0 1 101 8 2 15 3 16 4 17 -18 -14 
3 -100 0.25 0 1075 150 0 1 102 11 23 12 19 13 -29 -26 25 8 9 27 28 
4 -100 0.25 0 -8 3.75 0 1 101 4 -24 27 28 -10 
5 83 0.25 0 1075 3.75 0 1 101 4 -29 -26 -7 -22 
$EndEntities
$Nodes
59 9576 1 9576
0 1 0 1
1
-100 0 0
0 2 0 1
2
0 0 0
0 3 0 1
3
0 -1.5 0
0 4 0 1
4
75 -1.5 0
0 5 0 1
5
75 0 0
0 6 0 1
6
1075 0 0
0 7 0 1
7
1075 0.25 0
0 8 0 1
8
1075 150 0
0 9 0 1
9
-100 150 0
0 10 0 1
10
-100 0.25 0
0 11 0 1
11
0 0.25 0
0 12 0 1
12
75 0.25 0
0 13 0 1
13
37.5 0 0
0 14 0 1
14
37.5 0.25 0
0 15 0 1
15
0 -0.75 0
0 16 0 1
16
37.5 -1.5 0
0 17 0 1
17
75 -0.75 0
0 18 0 1
18
-8 0 0
0 19 0 1
19
-8 0.25 0
0 20 0 1
20
83 0 0
0 21 0 1
21
83 0.25 0
0 22 0 1
22
-100 3.75 0
0 23 0 1
23
-8 3.75 0
0 24 0 1
24
83 3.75 0
0 25 0 1
25
1075 3.75 0
1 1 0 42
26
27
28
29
30
31
32
33
34
35
36
37
38
39
40
41
42
43
44
45
46
47
48
49
50
51
52
53
54
55
56
57
58
59
60
61
62
63
64
65
66
67
-97.37815078444656 0 0
-94.78252005661764 0 0
-92.21284563433379 0 0
-89.66886795439586 0 0
-87.15033005468914 0 0
-84.65697753578264 0 0
-82.18855853744789 0 0
-79.74482372890807 0 0
-77.32552627224484 0 0
-74.93042179319056 0 0
-72.55926835941875 0 0
-70.21182645915931 0 0
-67.88785897351963 0 0
-65.58713116303223 0 0
-63.30941063383505 0 0
-61.05446731159504 0 0
-58.822073422496 0 0
-56.61200346797407 0 0
-54.42403421355375 0 0
-52.25794465050966 0 0
-50.11351597905517 0 0
-47.99053159833917 0 0
-45.88877706268672 0 0
-43.80804007294434 0 0
-41.74811045400076 0 0
-39.70878012633915 0 0
-37.68984310522756 0 0
-35.69109545893041 0 0
-33.7123352884874 0 0
-31.7533627211956 0 0
-29.81397987714774 0 0
-27.89399085690435 0 0
-25.99320172935012 0 0
-24.11142049245036 0 0
-22.24845706228903 0 0
-20.40412326888406 0 0
-18.57823281813606 0 0
-16.77060126812385 0 0
-14.98104603324309 0 0
-13.20938635390576 0 0
-11.4554432672083 0 0
-9.719039612037918 0 0
1 2 0 7
68
69
70
71
72
73
74
0 -0.06298543013679746 0
0 -0.1329692409324323 0
0 -0.2107290304184046 0
0 -0.2971287967759622 0
0 -0.39312853694169 0
0 -0.4997949150462524 0
0 -0.6183131134683791 0
1 3 0 77
75
76
77
78
79
80
81
82
83
84
85
86
87
88
89
90
91
92
93
94
95
96
97
98
99
100
101
102
103
104
105
106
107
108
109
110
111
112
113
114
115
116
117
118
119
120
121
122
123
124
125
126
127
128
129
130
131
132
133
134
135
136
137
138
139
140
141
142
143
144
145
146
147
148
149
150
151
0.05290742394052341 -1.5 0
0.1082552316198098 -1.5 0
0.1661559996005339 -1.5 0
0.2267274870118612 -1.5 0
0.2900928737572071 -1.5 0
0.3563810353452075 -1.5 0
0.4257267906646959 -1.5 0
0.4982711723882104 -1.5 0
0.5741617113452591 -1.5 0
0.6535527457979331 -1.5 0
0.7366057482807846 -1.5 0
0.8234896296101823 -1.5 0
0.9143810975982359 -1.5 0
1.009465011953953 -1.5 0
1.108934744315515 -1.5 0
1.212992586072749 -1.5 0
1.321850170920288 -1.5 0
1.435728891362284 -1.5 0
1.554860349200524 -1.5 0
1.679486828871029 -1.5 0
1.809861792631549 -1.5 0
1.9462503954421 -1.5 0
2.088930021269221 -1.5 0
2.238190844949516 -1.5 0
2.394336432237298 -1.5 0
2.557684346139542 -1.5 0
2.72856679425432 -1.5 0
2.907331327635221 -1.5 0
3.094341506673162 -1.5 0
3.289977656701613 -1.5 0
3.494637663548409 -1.5 0
3.70873776620827 -1.5 0
3.93271339113962 -1.5 0
4.167020054473838 -1.5 0
4.412134282880386 -1.5 0
4.668554581649741 -1.5 0
4.936802456326024 -1.5 0
5.217423455718953 -1.5 0
5.510988297237274 -1.5 0
5.818094026802738 -1.5 0
6.139365234289694 -1.5 0
6.475455304710522 -1.5 0
6.827047770250911 -1.5 0
7.194857688483843 -1.5 0
7.579633103339386 -1.5 0
7.982156564963011 -1.5 0
8.403246711169402 -1.5 0
8.843759948262427 -1.5 0
9.304592170472564 -1.5 0
9.786680616515621 -1.5 0
10.29100574871447 -1.5 0
10.81859323426492 -1.5 0
11.3705160759632 -1.5 0
11.94789675992875 -1.5 0
12.55190954375754 -1.5 0
13.18378284337222 -1.5 0
13.84480175236791 -1.5 0
14.53631064799518 -1.5 0
15.25971589548271 -1.5 0
16.01648872489735 -1.5 0
16.80816824272845 -1.5 0
17.63636454614008 -1.5 0
18.50276199760538 -1.5 0
19.40912265965607 -1.5 0
20.35728987659274 -1.5 0
21.34919199041899 -1.5 0
22.38684629817831 -1.5 0
23.47236316110616 -1.5 0
24.60795026355657 -1.5 0
25.79591713902271 -1.5 0
27.03867984506456 -1.5 0
28.33876587892963 -1.5 0
29.69881932045187 -1.5 0
31.12160620556984 -1.5 0
32.61002016141174 -1.5 0
34.16708827904249 -1.5 0
35.79597729299925 -1.5 0
1 4 0 7
152
153
154
155
156
157
158
75 -1.437014569862975 0
75 -1.367030759067049 0
75 -1.289270969580793 0
75 -1.202871203222895 0
75 -1.106871463056903 0
75 -1.000205084952704 0
75 -0.8816868865310399 0
1 5 0 25
159
160
161
162
163
164
165
166
167
168
169
170
171
172
173
174
175
176
177
178
179
180
181
182
183
75.06139887086819 0 0
75.12961983187678 0 0
75.2054209019263 0 0
75.28964431828456 0 0
75.38322589444375 0 0
75.48720542124967 0 0
75.60273822792749 0 0
75.73110801493104 0 0
75.87374111105214 0 0
76.03222232858629 0 0
76.20831256894115 0 0
76.40396839160717 0 0
76.62136375296845 0 0
76.86291415516176 0 0
77.13130348758318 0 0
77.42951385554306 0 0
77.76085870867358 0 0
78.12901965657548 0 0
78.53808737419692 0 0
78.99260706202659 0 0
79.49762893830041 0 0
80.05876435390513 0 0
80.68224815083902 0 0
81.37500792800405 0 0
82.14474101615038 0 0
1 6 0 1
184
1075 0.08333333364356656 0
1 7 0 2
185
186
1075 0.6089743686713268 0
1075 1.506410258758808 0
1 8 0 35
187
188
189
190
191
192
193
194
195
196
197
198
199
200
201
202
203
204
205
206
207
208
209
210
211
212
213
214
215
216
217
218
219
220
221
1042.361111110984 150 0
1009.722222222328 150 0
977.0833333336035 150 0
944.4444444448787 150 0
911.805555556154 150 0
879.1666666674291 150 0
846.5277777787044 150 0
813.8888888899796 150 0
781.2500000012549 150 0
748.61111111253 150 0
715.9722222238051 150 0
683.3333333350804 150 0
650.6944444463556 150 0
618.0555555576309 150 0
585.416666668906 150 0
552.7777777801813 150 0
520.1388888914565 150 0
487.5000000027095 150 0
454.8611111136909 150 0
422.2222222246504 150 0
389.5833333356096 150 0
356.9444444465689 150 0
324.3055555575285 150 0
291.6666666684877 150 0
259.027777779447 150 0
226.3888888904064 150 0
193.7500000013657 150 0
161.1111111123249 150 0
128.4722222232845 150 0
95.83333333424366 150 0
63.19444444520309 150 0
30.55555555616252 150 0
-2.083333332878283 150 0
-34.72222222191886 150 0
-67.36111111095943 150 0
1 9 0 10
222
223
224
225
226
227
228
229
230
231
-100 118.0013358388749 0
-100 92.40240446935607 0
-100 71.92325935088901 0
-100 55.53994313122593 0
-100 42.43329018160613 0
-100 31.94796775765479 0
-100 23.55970984317716 0
-100 16.8491036351063 0
-100 11.48061855653569 0
-100 7.185830365230487 0
1 10 0 42
232
233
234
235
236
237
238
239
240
241
242
243
244
245
246
247
248
249
250
251
252
253
254
255
256
257
258
259
260
261
262
263
264
265
266
267
268
269
270
271
272
273
-97.37815078444656 0.25 0
-94.78252005661764 0.25 0
-92.21284563433379 0.25 0
-89.66886795439586 0.25 0
-87.15033005468914 0.25 0
-84.65697753578264 0.25 0
-82.18855853744789 0.25 0
-79.74482372890807 0.25 0
-77.32552627224484 0.25 0
-74.93042179319056 0.25 0
-72.55926835941875 0.25 0
-70.21182645915931 0.25 0
-67.88785897351963 0.25 0
-65.58713116303223 0.25 0
-63.30941063383505 0.25 0
-61.05446731159504 0.25 0
-58.822073422496 0.25 0
-56.61200346797407 0.25 0
-54.42403421355375 0.25 0
-52.25794465050966 0.25 0
-50.11351597905517 0.25 0
-47.99053159833917 0.25 0
-45.88877706268672 0.25 0
-43.80804007294434 0.25 0
-41.74811045400076 0.25 0
-39.70878012633915 0.25 0
-37.68984310522756 0.25 0
-35.69109545893041 0.25 0
-33.7123352884874 0.25 0
-31.7533627211956 0.25 0
-29.81397987714774 0.25 0
-27.89399085690435 0.25 0
-25.99320172935012 0.25 0
-24.11142049245036 0.25 0
-22.24845706228903 0.25 0
-20.40412326888406 0.25 0
-18.57823281813606 0.25 0
-16.77060126812385 0.25 0
-14.98104603324309 0.25 0
-13.20938635390576 0.25 0
-11.4554432672083 0.25 0
-9.719039612037918 0.25 0
1 11 0 1
274
-100 0.08333333271279861 0
1 12 0 77
275
276
277
278
279
280
281
282
283
284
285
286
287
288
289
290
291
292
293
294
295
296
297
298
299
300
301
302
303
304
305
306
307
308
309
310
311
312
313
314
315
316
317
318
319
320
321
322
323
324
325
326
327
328
329
330
331
332
333
334
335
336
337
338
339
340
341
342
343
344
345
346
347
348
349
350
351
0.05290742394052341 0.25 0
0.1082552316198098 0.25 0
0.1661559996005339 0.25 0
0.2267274870118612 0.25 0
0.2900928737572071 0.25 0
0.3563810353452075 0.25 0
0.4257267906646959 0.25 0
0.4982711723882104 0.25 0
0.5741617113452591 0.25 0
0.6535527457979331 0.25 0
0.7366057482807846 0.25 0
0.8234896296101823 0.25 0
0.9143810975982359 0.25 0
1.009465011953953 0.25 0
1.108934744315515 0.25 0
1.212992586072749 0.25 0
1.321850170920288 0.25 0
1.435728891362284 0.25 0
1.554860349200524 0.25 0
1.679486828871029 0.25 0
1.809861792631549 0.25 0
1.9462503954421 0.25 0
2.088930021269221 0.25 0
2.238190844949516 0.25 0
2.394336432237298 0.25 0
2.557684346139542 0.25 0
2.72856679425432 0.25 0
2.907331327635221 0.25 0
3.094341506673162 0.25 0
3.289977656701613 0.25 0
3.494637663548409 0.25 0
3.70873776620827 0.25 0
3.93271339113962 0.25 0
4.167020054473838 0.25 0
4.412134282880386 0.25 0
4.668554581649741 0.25 0
4.936802456326024 0.25 0
5.217423455718953 0.25 0
5.510988297237274 0.25 0
5.818094026802738 0.25 0
6.139365234289694 0.25 0
6.475455304710522 0.25 0
6.827047770250911 0.25 0
7.194857688483843 0.25 0
7.579633103339386 0.25 0
7.982156564963011 0.25 0
8.403246711169402 0.25 0
8.843759948262427 0.25 0
9.304592170472564 0.25 0
9.786680616515621 0.25 0
10.29100574871447 0.25 0
10.81859323426492 0.25 0
11.3705160759632 0.25 0
11.94789675992875 0.25 0
12.55190954375754 0.25 0
13.18378284337222 0.25 0
13.84480175236791 0.25 0
14.53631064799518 0.25 0
15.25971589548271 0.25 0
16.01648872489735 0.25 0
16.80816824272845 0.25 0
17.63636454614008 0.25 0
18.50276199760538 0.25 0
19.40912265965607 0.25 0
20.35728987659274 0.25 0
21.34919199041899 0.25 0
22.38684629817831 0.25 0
23.47236316110616 0.25 0
24.60795026355657 0.25 0
25.79591713902271 0.25 0
27.03867984506456 0.25 0
28.33876587892963 0.25 0
29.69881932045187 0.25 0
31.12160620556984 0.25 0
32.61002016141174 0.25 0
34.16708827904249 0.25 0
35.79597729299925 0.25 0
1 13 0 25
352
353
354
355
356
357
358
359
360
361
362
363
364
365
366
367
368
369
370
371
372
373
374
375
376
75.06139887086819 0.25 0
75.12961983187678 0.25 0
75.2054209019263 0.25 0
75.28964431828456 0.25 0
75.38322589444375 0.25 0
75.48720542124967 0.25 0
75.60273822792749 0.25 0
75.73110801493104 0.25 0
75.87374111105214 0.25 0
76.03222232858629 0.25 0
76.20831256894115 0.25 0
76.40396839160717 0.25 0
76.62136375296845 0.25 0
76.86291415516176 0.25 0
77.13130348758318 0.25 0
77.42951385554306 0.25 0
77.76085870867358 0.25 0
78.12901965657548 0.25 0
78.53808737419692 0.25 0
78.99260706202659 0.25 0
79.49762893830041 0.25 0
80.05876435390513 0.25 0
80.68224815083902 0.25 0
81.37500792800405 0.25 0
82.14474101615038 0.25 0
1 14 0 77
377
378
379
380
381
382
383
384
385
386
387
388
389
390
391
392
393
394
395
396
397
398
399
400
401
402
403
404
405
406
407
408
409
410
411
412
413
414
415
416
417
418
419
420
421
422
423
424
425
426
427
428
429
430
431
432
433
434
435
436
437
438
439
440
441
442
443
444
445
446
447
448
449
450
451
452
453
0.05290742394052341 0 0
0.1082552316198098 0 0
0.1661559996005339 0 0
0.2267274870118612 0 0
0.2900928737572071 0 0
0.3563810353452075 0 0
0.4257267906646959 0 0
0.4982711723882104 0 0
0.5741617113452591 0 0
0.6535527457979331 0 0
0.7366057482807846 0 0
0.8234896296101823 0 0
0.9143810975982359 0 0
1.009465011953953 0 0
1.108934744315515 0 0
1.212992586072749 0 0
1.321850170920288 0 0
1.435728891362284 0 0
1.554860349200524 0 0
1.679486828871029 0 0
1.809861792631549 0 0
1.9462503954421 0 0
2.088930021269221 0 0
2.238190844949516 0 0
2.394336432237298 0 0
2.557684346139542 0 0
2.72856679425432 0 0
2.907331327635221 0 0
3.094341506673162 0 0
3.289977656701613 0 0
3.494637663548409 0 0
3.70873776620827 0 0
3.93271339113962 0 0
4.167020054473838 0 0
4.412134282880386 0 0
4.668554581649741 0 0
4.936802456326024 0 0
5.217423455718953 0 0
5.510988297237274 0 0
5.818094026802738 0 0
6.139365234289694 0 0
6.475455304710522 0 0
6.827047770250911 0 0
7.194857688483843 0 0
7.579633103339386 0 0
7.982156564963011 0 0
8.403246711169402 0 0
8.843759948262427 0 0
9.304592170472564 0 0
9.786680616515621 0 0
10.29100574871447 0 0
10.81859323426492 0 0
11.3705160759632 0 0
11.94789675992875 0 0
12.55190954375754 0 0
13.18378284337222 0 0
13.84480175236791 0 0
14.53631064799518 0 0
15.25971589548271 0 0
16.01648872489735 0 0
16.80816824272845 0 0
17.63636454614008 0 0
18.50276199760538 0 0
19.40912265965607 0 0
20.35728987659274 0 0
21.34919199041899 0 0
22.38684629817831 0 0
23.47236316110616 0 0
24.60795026355657 0 0
25.79591713902271 0 0
27.03867984506456 0 0
28.33876587892963 0 0
29.69881932045187 0 0
31.12160620556984 0 0
32.61002016141174 0 0
34.16708827904249 0 0
35.79597729299925 0 0
1 15 0 7
454
455
456
457
458
459
460
0 -0.8816868865300701 0
0 -1.000205084951956 0
0 -1.106871463056341 0
0 -1.20287120322249 0
0 -1.28927096958052 0
0 -1.367030759066885 0
0 -1.437014569862901 0
1 16 0 101
461
462
463
464
465
466
467
468
469
470
471
472
473
474
475
476
477
478
479
480
481
482
483
484
485
486
487
488
489
490
491
492
493
494
495
496
497
498
499
500
501
502
503
504
505
506
507
508
509
510
511
512
513
514
515
516
517
518
519
520
521
522
523
524
525
526
527
528
529
530
531
532
533
534
535
536
537
538
539
540
541
542
543
544
545
546
547
548
549
550
551
552
553
554
555
556
557
558
559
560
561
38.69802072450833 -1.5 0
39.85937468732362 -1.5 0
40.98518410856803 -1.5 0
42.07653686909098 -1.5 0
43.13448756151891 -1.5 0
44.16005848641254 -1.5 0
45.15424066485664 -1.5 0
46.11799478843304 -1.5 0
47.05225213917765 -1.5 0
47.95791549417327 -1.5 0
48.83586000272305 -1.5 0
49.68693403431826 -1.5 0
50.51195999387013 -1.5 0
51.3117351114818 -1.5 0
52.08703221964723 -1.5 0
52.83860049154098 -1.5 0
53.56716616699623 -1.5 0
54.27343327999607 -1.5 0
54.95808429719538 -1.5 0
55.62178079572917 -1.5 0
56.26516412413055 -1.5 0
56.88885599034229 -1.5 0
57.49345906486718 -1.5 0
58.07955758081939 -1.5 0
58.64771789828963 -1.5 0
59.19848903417163 -1.5 0
59.73240320296983 -1.5 0
60.24997633215936 -1.5 0
60.75170855629034 -1.5 0
61.23808470540605 -1.5 0
61.70957476474801 -1.5 0
62.16663434021466 -1.5 0
62.60970509562442 -1.5 0
63.03921517228065 -1.5 0
63.45557961704118 -1.5 0
63.85920076692092 -1.5 0
64.25046863696062 -1.5 0
64.62976131736447 -1.5 0
64.99744532190148 -1.5 0
65.35387594067325 -1.5 0
65.69939759666862 -1.5 0
66.03434417237852 -1.5 0
66.35903933402039 -1.5 0
66.673796844005 -1.5 0
66.97892084626393 -1.5 0
67.27470618554818 -1.5 0
67.56143868940144 -1.5 0
67.8393954174111 -1.5 0
68.10884496265301 -1.5 0
68.37004770899344 -1.5 0
68.62325605692223 -1.5 0
68.86871467725075 -1.5 0
69.10666075811491 -1.5 0
69.33732422861016 -1.5 0
69.56092798631013 -1.5 0
69.77768810164601 -1.5 0
69.98781402797221 -1.5 0
70.19150881468563 -1.5 0
70.38896930010256 -1.5 0
70.58038629172327 -1.5 0
70.76594475336442 -1.5 0
70.94582398866106 -1.5 0
71.12019781389091 -1.5 0
71.28923472889001 -1.5 0
71.45309807774234 -1.5 0
71.61194620782328 -1.5 0
71.76593261958749 -1.5 0
71.91520610732016 -1.5 0
72.0599109072958 -1.5 0
72.20018685565068 -1.5 0
72.33616950132111 -1.5 0
72.4679902473973 -1.5 0
72.59577647381386 -1.5 0
72.71965165431965 -1.5 0
72.83973549903513 -1.5 0
72.95614404642788 -1.5 0
73.06898977557226 -1.5 0
73.17838173631787 -1.5 0
73.28442563799423 -1.5 0
73.38722394144131 -1.5 0
73.486875987769 -1.5 0
73.58347807624011 -1.5 0
73.67712354742204 -1.5 0
73.76790289360017 -1.5 0
73.85590383810467 -1.5 0
73.94121140920376 -1.5 0
74.02390804481315 -1.5 0
74.10407366257745 -1.5 0
74.18178572092617 -1.5 0
74.25711931594462 -1.5 0
74.33014723943631 -1.5 0
74.40094005950365 -1.5 0
74.46956618652982 -1.5 0
74.53609193668134 -1.5 0
74.60058158988065 -1.5 0
74.66309746303652 -1.5 0
74.72369996835127 -1.5 0
74.78244766173668 -1.5 0
74.83939732059986 -1.5 0
74.89460397518549 -1.5 0
74.94812096362436 -1.5 0
1 17 0 7
562
563
564
565
566
567
568
75 -0.6183131134697926 0
75 -0.4997949150477985 0
75 -0.3931285369440746 0
75 -0.2971287967779107 0
75 -0.2107290304197512 0
75 -0.1329692409332776 0
75 -0.06298543013717195 0
1 18 0 101
569
570
571
572
573
574
575
576
577
578
579
580
581
582
583
584
585
586
587
588
589
590
591
592
593
594
595
596
597
598
599
600
601
602
603
604
605
606
607
608
609
610
611
612
613
614
615
616
617
618
619
620
621
622
623
624
625
626
627
628
629
630
631
632
633
634
635
636
637
638
639
640
641
642
643
644
645
646
647
648
649
650
651
652
653
654
655
656
657
658
659
660
661
662
663
664
665
666
667
668
669
38.69802072450833 0 0
39.85937468732362 0 0
40.98518410856803 0 0
42.07653686909098 0 0
43.13448756151891 0 0
44.16005848641254 0 0
45.15424066485664 0 0
46.11799478843304 0 0
47.05225213917765 0 0
47.95791549417327 0 0
48.83586000272305 0 0
49.68693403431826 0 0
50.51195999387013 0 0
51.3117351114818 0 0
52.08703221964723 0 0
52.83860049154098 0 0
53.56716616699623 0 0
54.27343327999607 0 0
54.95808429719538 0 0
55.62178079572917 0 0
56.26516412413055 0 0
56.88885599034229 0 0
57.49345906486718 0 0
58.07955758081939 0 0
58.64771789828963 0 0
59.19848903417163 0 0
59.73240320296983 0 0
60.24997633215936 0 0
60.75170855629034 0 0
61.23808470540605 0 0
61.70957476474801 0 0
62.16663434021466 0 0
62.60970509562442 0 0
63.03921517228065 0 0
63.45557961704118 0 0
63.85920076692092 0 0
64.25046863696062 0 0
64.62976131736447 0 0
64.99744532190148 0 0
65.35387594067325 0 0
65.69939759666862 0 0
66.03434417237852 0 0
66.35903933402039 0 0
66.673796844005 0 0
66.97892084626393 0 0
67.27470618554818 0 0
67.56143868940144 0 0
67.8393954174111 0 0
68.10884496265301 0 0
68.37004770899344 0 0
68.62325605692223 0 0
68.86871467725075 0 0
69.10666075811491 0 0
69.33732422861016 0 0
69.56092798631013 0 0
69.77768810164601 0 0
69.98781402797221 0 0
70.19150881468563 0 0
70.38896930010256 0 0
70.58038629172327 0 0
70.76594475336442 0 0
70.94582398866106 0 0
71.12019781389091 0 0
71.28923472889001 0 0
71.45309807774234 0 0
71.61194620782328 0 0
71.76593261958749 0 0
71.91520610732016 0 0
72.0599109072958 0 0
72.20018685565068 0 0
72.33616950132111 0 0
72.4679902473973 0 0
72.59577647381386 0 0
72.71965165431965 0 0
72.83973549903513 0 0
72.95614404642788 0 0
73.06898977557226 0 0
73.17838173631787 0 0
73.28442563799423 0 0
73.38722394144131 0 0
73.486875987769 0 0
73.58347807624011 0 0
73.67712354742204 0 0
73.76790289360017 0 0
73.85590383810467 0 0
73.94121140920376 0 0
74.02390804481315 0 0
74.10407366257745 0 0
74.18178572092617 0 0
74.25711931594462 0 0
74.33014723943631 0 0
74.40094005950365 0 0
74.46956618652982 0 0
74.53609193668134 0 0
74.60058158988065 0 0
74.66309746303652 0 0
74.72369996835127 0 0
74.78244766173668 0 0
74.83939732059986 0 0
74.89460397518549 0 0
74.94812096362436 0 0
1 19 0 101
670
671
672
673
674
675
676
677
678
679
680
681
682
683
684
685
686
687
688
689
690
691
692
693
694
695
696
697
698
699
700
701
702
703
704
705
706
707
708
709
710
711
712
713
714
715
716
717
718
719
720
721
722
723
724
725
726
727
728
729
730
731
732
733
734
735
736
737
738
739
740
741
742
743
744
745
746
747
748
749
750
751
752
753
754
755
756
757
758
759
760
761
762
763
764
765
766
767
768
769
770
38.69802072450833 0.25 0
39.85937468732362 0.25 0
40.98518410856803 0.25 0
42.07653686909098 0.25 0
43.13448756151891 0.25 0
44.16005848641254 0.25 0
45.15424066485664 0.25 0
46.11799478843304 0.25 0
47.05225213917765 0.25 0
47.95791549417327 0.25 0
48.83586000272305 0.25 0
49.68693403431826 0.25 0
50.51195999387013 0.25 0
51.3117351114818 0.25 0
52.08703221964723 0.25 0
52.83860049154098 0.25 0
53.56716616699623 0.25 0
54.27343327999607 0.25 0
54.95808429719538 0.25 0
55.62178079572917 0.25 0
56.26516412413055 0.25 0
56.88885599034229 0.25 0
57.49345906486718 0.25 0
58.07955758081939 0.25 0
58.64771789828963 0.25 0
59.19848903417163 0.25 0
59.73240320296983 0.25 0
60.24997633215936 0.25 0
60.75170855629034 0.25 0
61.23808470540605 0.25 0
61.70957476474801 0.25 0
62.16663434021466 0.25 0
62.60970509562442 0.25 0
63.03921517228065 0.25 0
63.45557961704118 0.25 0
63.85920076692092 0.25 0
64.25046863696062 0.25 0
64.62976131736447 0.25 0
64.99744532190148 0.25 0
65.35387594067325 0.25 0
65.69939759666862 0.25 0
66.03434417237852 0.25 0
66.35903933402039 0.25 0
66.673796844005 0.25 0
66.97892084626393 0.25 0
67.27470618554818 0.25 0
67.56143868940144 0.25 0
67.8393954174111 0.25 0
68.10884496265301 0.25 0
68.37004770899344 0.25 0
68.62325605692223 0.25 0
68.86871467725075 0.25 0
69.10666075811491 0.25 0
69.33732422861016 0.25 0
69.56092798631013 0.25 0
69.77768810164601 0.25 0
69.98781402797221 0.25 0
70.19150881468563 0.25 0
70.38896930010256 0.25 0
70.58038629172327 0.25 0
70.76594475336442 0.25 0
70.94582398866106 0.25 0
71.12019781389091 0.25 0
71.28923472889001 0.25 0
71.45309807774234 0.25 0
71.61194620782328 0.25 0
71.76593261958749 0.25 0
71.91520610732016 0.25 0
72.0599109072958 0.25 0
72.20018685565068 0.25 0
72.33616950132111 0.25 0
72.4679902473973 0.25 0
72.59577647381386 0.25 0
72.71965165431965 0.25 0
72.83973549903513 0.25 0
72.95614404642788 0.25 0
73.06898977557226 0.25 0
73.17838173631787 0.25 0
73.28442563799423 0.25 0
73.38722394144131 0.25 0
73.486875987769 0.25 0
73.58347807624011 0.25 0
73.67712354742204 0.25 0
73.76790289360017 0.25 0
73.85590383810467 0.25 0
73.94121140920376 0.25 0
74.02390804481315 0.25 0
74.10407366257745 0.25 0
74.18178572092617 0.25 0
74.25711931594462 0.25 0
74.33014723943631 0.25 0
74.40094005950365 0.25 0
74.46956618652982 0.25 0
74.53609193668134 0.25 0
74.60058158988065 0.25 0
74.66309746303652 0.25 0
74.72369996835127 0.25 0
74.78244766173668 0.25 0
74.83939732059986 0.25 0
74.89460397518549 0.25 0
74.94812096362436 0.25 0
1 20 0 14
771
772
773
774
775
776
777
778
779
780
781
782
783
784
-6.341652079869036 0 0
-5.01497373494099 0 0
-3.953631063057665 0 0
-3.104556921181095 0 0
-2.425297599075961 0 0
-1.881890143741698 0 0
-1.447164189085495 0 0
-1.099383426161848 0 0
-0.8211588138148889 0 0
-0.5985791233905262 0 0
-0.4205153690241437 0 0
-0.2780643607306086 0 0
-0.1641035566132647 0 0
-0.07293491851229295 0 0
1 21 0 383
785
786
787
788
789
790
791
792
793
794
795
796
797
798
799
800
801
802
803
804
805
806
807
808
809
810
811
812
813
814
815
816
817
818
819
820
821
822
823
824
825
826
827
828
829
830
831
832
833
834
835
836
837
838
839
840
841
842
843
844
845
846
847
848
849
850
851
852
853
854
855
856
857
858
859
860
861
862
863
864
865
866
867
868
869
870
871
872
873
874
875
876
877
878
879
880
881
882
883
884
885
886
887
888
889
890
891
892
893
894
895
896
897
898
899
900
901
902
903
904
905
906
907
908
909
910
911
912
913
914
915
916
917
918
919
920
921
922
923
924
925
926
927
928
929
930
931
932
933
934
935
936
937
938
939
940
941
942
943
944
945
946
947
948
949
950
951
952
953
954
955
956
957
958
959
960
961
962
963
964
965
966
967
968
969
970
971
972
973
974
975
976
977
978
979
980
981
982
983
984
985
986
987
988
989
990
991
992
993
994
995
996
997
998
999
1000
1001
1002
1003
1004
1005
1006
1007
1008
1009
1010
1011
1012
1013
1014
1015
1016
1017
1018
1019
1020
1021
1022
1023
1024
1025
1026
1027
1028
1029
1030
1031
1032
1033
1034
1035
1036
1037
1038
1039
1040
1041
1042
1043
1044
1045
1046
1047
1048
1049
1050
1051
1052
1053
1054
1055
1056
1057
1058
1059
1060
1061
1062
1063
1064
1065
1066
1067
1068
1069
1070
1071
1072
1073
1074
1075
1076
1077
1078
1079
1080
1081
1082
1083
1084
1085
1086
1087
1088
1089
1090
1091
1092
1093
1094
1095
1096
1097
1098
1099
1100
1101
1102
1103
1104
1105
1106
1107
1108
1109
1110
1111
1112
1113
1114
1115
1116
1117
1118
1119
1120
1121
1122
1123
1124
1125
1126
1127
1128
1129
1130
1131
1132
1133
1134
1135
1136
1137
1138
1139
1140
1141
1142
1143
1144
1145
1146
1147
1148
1149
1150
1151
1152
1153
1154
1155
1156
1157
1158
1159
1160
1161
1162
1163
1164
1165
1166
1167
83.85155796640477 0 0
84.70739509578247 0 0
85.56753290726517 0 0
86.43199302530712 0 0
87.30079714315235 0 0
88.17396709819484 0 0
89.05152483620513 0 0
89.93349241224149 0 0
90.81989199194061 0 0
91.71074585244527 0 0
92.60607638371181 0 0
93.50590605240723 0 0
94.41025747695623 0 0
95.31915339219822 0 0
96.23261661293856 0 0
97.15067010939305 0 0
98.07333693445192 0 0
99.00064026135152 0 0
99.93260342246896 0 0
100.8692498362414 0 0
101.8106030081884 0 0
102.7566865689895 0 0
103.7075243129431 0 0
104.6631401623393 0 0
105.6235580944242 0 0
106.5888022532371 0 0
107.5588969147533 0 0
108.5338664131325 0 0
109.5137352533261 0 0
110.4985280384573 0 0
111.4882695076099 0 0
112.4829845747406 0 0
113.4826982186695 0 0
114.4874355208963 0 0
115.497221741218 0 0
116.5120822822123 0 0
117.5320426533589 0 0
118.5571284351733 0 0
119.5873653911654 0 0
120.6227794331049 0 0
121.663396547392 0 0
122.7092429077894 0 0
123.7603448029271 0 0
124.8167286001216 0 0
125.8784208577653 0 0
126.9454482532326 0 0
128.0178375834049 0 0
129.0956158037389 0 0
130.1788099921359 0 0
131.2674473876592 0 0
132.361555317748 0 0
133.4611612732598 0 0
134.5662928734947 0 0
135.6769779038396 0 0
136.7932442811858 0 0
137.9151200171279 0 0
139.0426333312198 0 0
140.1758125412148 0 0
141.3146861011338 0 0
142.4592826400873 0 0
143.6096309266424 0 0
144.7657598702478 0 0
145.9276985226695 0 0
147.0954760423911 0 0
148.2691217697929 0 0
149.4486652293649 0 0
150.6341360567204 0 0
151.8255640371346 0 0
153.0229790699998 0 0
154.2264112440616 0 0
155.4358908396867 0 0
156.6514482188862 0 0
157.8731139376345 0 0
159.1009186740757 0 0
160.3348932660286 0 0
161.5750687507299 0 0
162.8214762545439 0 0
164.0741471057103 0 0
165.3331127992864 0 0
166.5984049613576 0 0
167.8700553877269 0 0
169.1480960085211 0 0
170.4325589265312 0 0
171.7234764563094 0 0
173.0208810147175 0 0
174.3248051959802 0 0
175.6352817741423 0 0
176.9523436299584 0 0
178.2760238637724 0 0
179.6063557605941 0 0
180.9433727544444 0 0
182.2871084301327 0 0
183.6375965617215 0 0
184.9948710776533 0 0
186.3589660618225 0 0
187.7299157928213 0 0
189.1077547083613 0 0
190.4925174441752 0 0
191.8842387988358 0 0
193.2829537352647 0 0
194.688697382625 0 0
196.1015050378559 0 0
197.5214122416866 0 0
198.9484546697988 0 0
200.3826681336596 0 0
201.8240886939936 0 0
203.2727525886619 0 0
204.7286961972312 0 0
206.1919561166973 0 0
207.6625691268223 0 0
209.1405721543766 0 0
210.6260023122292 0 0
212.1188969380745 0 0
213.6192935598298 0 0
215.1272298599295 0 0
216.6427437144712 0 0
218.1658731949567 0 0
219.6966566074675 0 0
221.2351324207119 0 0
222.781339267439 0 0
224.3353159836562 0 0
225.8971016104433 0 0
227.4667354332 0 0
229.0442568727199 0 0
230.6297055233527 0 0
232.2231212667623 0 0
233.8245441259977 0 0
235.4340143407483 0 0
237.051572370377 0 0
238.6772588210173 0 0
240.3111145219871 0 0
241.953180564801 0 0
243.6034981947517 0 0
245.2621088488389 0 0
246.9290542329887 0 0
248.604376249615 0 0
250.2881170000345 0 0
251.9803187491066 0 0
253.6810240014015 0 0
255.3902755036628 0 0
257.1081162098662 0 0
258.8345892833431 0 0
260.56973809892 0 0
262.3136062450737 0 0
264.0662375631503 0 0
265.8276760758312 0 0
267.5979660256419 0 0
269.377151914965 0 0
271.1652784338109 0 0
272.9623905361699 0 0
274.76853336856 0 0
276.5837522715742 0 0
278.4080928566517 0 0
280.2416009713544 0 0
282.084322701708 0 0
283.936304374561 0 0
285.7975924858653 0 0
287.6682337764208 0 0
289.5482752720777 0 0
291.4377642116964 0 0
293.3367480866439 0 0
295.2452746062096 0 0
297.1633916997164 0 0
299.0911475560682 0 0
301.0285906262681 0 0
302.975769588908 0 0
304.9327333893989 0 0
306.899531205871 0 0
308.8762124139735 0 0
310.8628267006281 0 0
312.8594239929346 0 0
314.8660544230291 0 0
316.8827684048462 0 0
318.9096166368034 0 0
320.9466500304142 0 0
322.9939197493145 0 0
325.0514772494264 0 0
327.1193742443021 0 0
329.1976627079076 0 0
331.2863948400052 0 0
333.3856231056513 0 0
335.4954002380389 0 0
337.6157792780331 0 0
339.746813503331 0 0
341.8885564302485 0 0
344.041061891108 0 0
346.2043839627142 0 0
348.3785770059928 0 0
350.5636956319257 0 0
352.7597947408593 0 0
354.9669295258992 0 0
357.1851554381661 0 0
359.4145282269081 0 0
361.6551039051698 0 0
363.9069387525282 0 0
366.1700893548984 0 0
368.4446125706356 0 0
370.7305655329659 0 0
373.0280056902249 0 0
375.3369907716554 0 0
377.6575787902727 0 0
379.9898280457523 0 0
382.3337971643858 0 0
384.6895450282895 0 0
387.0571308146637 0 0
389.4366140365567 0 0
391.8280544713986 0 0
394.2315122010692 0 0
396.6470475778935 0 0
399.0747213014313 0 0
401.5145944223088 0 0
403.966728233818 0 0
406.4311843117289 0 0
408.9080245915411 0 0
411.3973112979421 0 0
413.8991069843178 0 0
416.4134744996765 0 0
418.9404770278347 0 0
421.4801780918074 0 0
424.0326414448529 0 0
426.5979312219849 0 0
429.1761119066457 0 0
431.7672482966605 0 0
434.3714054705874 0 0
436.9886488644908 0 0
439.6190442390835 0 0
442.2626576820828 0 0
444.9195556124506 0 0
447.5898047827988 0 0
450.273472283679 0 0
452.9706255460402 0 0
455.6813323455677 0 0
458.4056607681446 0 0
461.1436792879656 0 0
463.8954566967454 0 0
466.6610621440946 0 0
469.4405651041984 0 0
472.2340354158725 0 0
475.0415432867132 0 0
477.8631592220663 0 0
480.6989541396273 0 0
483.5489992995766 0 0
486.413366270304 0 0
489.2921270434612 0 0
492.185353963808 0 0
495.093119695387 0 0
498.0154972992419 0 0
500.9525602374373 0 0
503.9043823026444 0 0
506.8710376214722 0 0
509.8526007693448 0 0
512.8491466638679 0 0
515.8607505675018 0 0
518.8874881661956 0 0
521.9294354987983 0 0
524.9866689979701 0 0
528.0592654570396 0 0
531.1473021076572 0 0
534.2508565504094 0 0
537.3700067206453 0 0
540.5048310040131 0 0
543.6554081664151 0 0
546.8218173947614 0 0
550.0041382273614 0 0
553.2024505939904 0 0
556.4168348949026 0 0
559.6473718935144 0 0
562.8941427573131 0 0
566.1572290621186 0 0
569.4367127589526 0 0
572.7326762520884 0 0
576.0452024037766 0 0
579.3743744271135 0 0
582.7202759638126 0 0
586.0829910890257 0 0
589.4626042780257 0 0
592.8592004477737 0 0
596.2728649240366 0 0
599.7036834826442 0 0
603.1517423540938 0 0
606.6171281537252 0 0
610.0999279227004 0 0
613.6002292068026 0 0
617.118119950031 0 0
620.653688535313 0 0
624.2070237896741 0 0
627.778214987966 0 0
631.3673518951572 0 0
634.9745246593541 0 0
638.5998239271414 0 0
642.2433407748346 0 0
645.9051667490475 0 0
649.5853938724811 0 0
653.2841145734183 0 0
657.0014218019827 0 0
660.7374089978656 0 0
664.4921700210421 0 0
668.2657991558779 0 0
672.0583912271533 0 0
675.8700415683026 0 0
679.700845951907 0 0
683.5509005943113 0 0
687.4203022343734 0 0
691.3091481018514 0 0
695.2175359217637 0 0
699.1455638828429 0 0
703.0933306786502 0 0
707.0609355135252 0 0
711.0484780326261 0 0
715.0560584383564 0 0
719.0837774586404 0 0
723.1317362778208 0 0
727.2000365783653 0 0
731.2887806203895 0 0
735.398071136003 0 0
739.5280113337053 0 0
743.6787049780301 0 0
747.8502563947757 0 0
752.0427704025369 0 0
756.2563523172638 0 0
760.4911079950235 0 0
764.7471438370059 0 0
769.0245667953154 0 0
773.3234843410155 0 0
777.6440045066745 0 0
781.9862358548603 0 0
786.3502874463087 0 0
790.7362689192648 0 0
795.1442904955215 0 0
799.5744629487084 0 0
804.0268975729915 0 0
808.5017062251709 0 0
812.9990013679266 0 0
817.5188960012345 0 0
822.0615036679073 0 0
826.6269384962335 0 0
831.2153152059798 0 0
835.8267490770169 0 0
840.4613559920895 0 0
845.1192524058998 0 0
849.8005553134935 0 0
854.5053823672605 0 0
859.2338517724186 0 0
863.9860823288931 0 0
868.7621934384125 0 0
873.5623051094254 0 0
878.3865379642874 0 0
883.2350131701699 0 0
888.1078525567436 0 0
893.0051785853376 0 0
897.9271143181518 0 0
902.8737833871414 0 0
907.8453100740912 0 0
912.841819317384 0 0
917.863436643978 0 0
922.9102882125733 0 0
927.982500857203 0 0
933.0802020197186 0 0
938.2035197556877 0 0
943.3525828151705 0 0
948.527520575356 0 0
953.728463046601 0 0
958.9555409163058 0 0
964.2088855183728 0 0
969.4886288397674 0 0
974.7949035271228 0 0
980.127842893394 0 0
985.4875809245674 0 0
990.874252323463 0 0
996.2879924428232 0 0
1001.728937291426 0 0
1007.197223578414 0 0
1012.69298868284 0 0
1018.216370697729 0 0
1023.767508400089 0 0
1029.346541257664 0 0
1034.953609436108 0 0
1040.588853842873 0 0
1046.252416060771 0 0
1051.944438391237 0 0
1057.665063862452 0 0
1063.414436198619 0 0
1069.192699864874 0 0
1 22 0 383
1168
1169
1170
1171
1172
1173
1174
1175
1176
1177
1178
1179
1180
1181
1182
1183
1184
1185
1186
1187
1188
1189
1190
1191
1192
1193
1194
1195
1196
1197
1198
1199
1200
1201
1202
1203
1204
1205
1206
1207
1208
1209
1210
1211
1212
1213
1214
1215
1216
1217
1218
1219
1220
1221
1222
1223
1224
1225
1226
1227
1228
1229
1230
1231
1232
1233
1234
1235
1236
1237
1238
1239
1240
1241
1242
1243
1244
1245
1246
1247
1248
1249
1250
1251
1252
1253
1254
1255
1256
1257
1258
1259
1260
1261
1262
1263
1264
1265
1266
1267
1268
1269
1270
1271
1272
1273
1274
1275
1276
1277
1278
1279
1280
1281
1282
1283
1284
1285
1286
1287
1288
1289
1290
1291
1292
1293
1294
1295
1296
1297
1298
1299
1300
1301
1302
1303
1304
1305
1306
1307
1308
1309
1310
1311
1312
1313
1314
1315
1316
1317
1318
1319
1320
1321
1322
1323
1324
1325
1326
1327
1328
1329
1330
1331
1332
1333
1334
1335
1336
1337
1338
1339
1340
1341
1342
1343
1344
1345
1346
1347
1348
1349
1350
1351
1352
1353
1354
1355
1356
1357
1358
1359
1360
1361
1362
1363
1364
1365
1366
1367
1368
1369
1370
1371
1372
1373
1374
1375
1376
1377
1378
1379
1380
1381
1382
1383
1384
1385
1386
1387
1388
1389
1390
1391
1392
1393
1394
1395
1396
1397
1398
1399
1400
1401
1402
1403
1404
1405
1406
1407
1408
1409
1410
1411
1412
1413
1414
1415
1416
1417
1418
1419
1420
1421
1422
1423
1424
1425
1426
1427
1428
1429
1430
1431
1432
1433
1434
1435
1436
1437
1438
1439
1440
1441
1442
1443
1444
1445
1446
1447
1448
1449
1450
1451
1452
1453
1454
1455
1456
1457
1458
1459
1460
1461
1462
1463
1464
1465
1466
1467
1468
1469
1470
1471
1472
1473
1474
1475
1476
1477
1478
1479
1480
1481
1482
1483
1484
1485
1486
1487
1488
1489
1490
1491
1492
1493
1494
1495
1496
1497
1498
1499
1500
1501
1502
1503
1504
1505
1506
1507
1508
1509
1510
1511
1512
1513
1514
1515
1516
1517
1518
1519
1520
1521
1522
1523
1524
1525
1526
1527
1528
1529
1530
1531
1532
1533
1534
1535
1536
1537
1538
1539
1540
1541
1542
1543
1544
1545
1546
1547
1548
1549
1550
83.85155796640477 0.25 0
84.70739509578247 0.25 0
85.56753290726517 0.25 0
86.43199302530712 0.25 0
87.30079714315235 0.25 0
88.17396709819484 0.25 0
89.05152483620513 0.25 0
89.93349241224149 0.25 0
90.81989199194061 0.25 0
91.71074585244527 0.25 0
92.60607638371181 0.25 0
93.50590605240723 0.25 0
94.41025747695623 0.25 0
95.31915339219822 0.25 0
96.23261661293856 0.25 0
97.15067010939305 0.25 0
98.07333693445192 0.25 0
99.00064026135152 0.25 0
99.93260342246896 0.25 0
100.8692498362414 0.25 0
101.8106030081884 0.25 0
102.7566865689895 0.25 0
103.7075243129431 0.25 0
104.6631401623393 0.25 0
105.6235580944242 0.25 0
106.5888022532371 0.25 0
107.5588969147533 0.25 0
108.5338664131325 0.25 0
109.5137352533261 0.25 0
110.4985280384573 0.25 0
111.4882695076099 0.25 0
112.4829845747406 0.25 0
113.4826982186695 0.25 0
114.4874355208963 0.25 0
115.497221741218 0.25 0
116.5120822822123 0.25 0
117.5320426533589 0.25 0
118.5571284351733 0.25 0
119.5873653911654 0.25 0
120.6227794331049 0.25 0
121.663396547392 0.25 0
122.7092429077894 0.25 0
123.7603448029271 0.25 0
124.8167286001216 0.25 0
125.8784208577653 0.25 0
126.9454482532326 0.25 0
128.0178375834049 0.25 0
129.0956158037389 0.25 0
130.1788099921359 0.25 0
131.2674473876592 0.25 0
132.361555317748 0.25 0
133.4611612732598 0.25 0
134.5662928734947 0.25 0
135.6769779038396 0.25 0
136.7932442811858 0.25 0
137.9151200171279 0.25 0
139.0426333312198 0.25 0
140.1758125412148 0.25 0
141.3146861011338 0.25 0
142.4592826400873 0.25 0
143.6096309266424 0.25 0
144.7657598702478 0.25 0
145.9276985226695 0.25 0
147.0954760423911 0.25 0
148.2691217697929 0.25 0
149.4486652293649 0.25 0
150.6341360567204 0.25 0
151.8255640371346 0.25 0
153.0229790699998 0.25 0
154.2264112440616 0.25 0
155.4358908396867 0.25 0
156.6514482188862 0.25 0
157.8731139376345 0.25 0
159.1009186740757 0.25 0
160.3348932660286 0.25 0
161.5750687507299 0.25 0
162.8214762545439 0.25 0
164.0741471057103 0.25 0
165.3331127992864 0.25 0
166.5984049613576 0.25 0
167.8700553877269 0.25 0
169.1480960085211 0.25 0
170.4325589265312 0.25 0
171.7234764563094 0.25 0
173.0208810147175 0.25 0
174.3248051959802 0.25 0
175.6352817741423 0.25 0
176.9523436299584 0.25 0
178.2760238637724 0.25 0
179.6063557605941 0.25 0
180.9433727544444 0.25 0
182.2871084301327 0.25 0
183.6375965617215 0.25 0
184.9948710776533 0.25 0
186.3589660618225 0.25 0
187.7299157928213 0.25 0
189.1077547083613 0.25 0
190.4925174441752 0.25 0
191.8842387988358 0.25 0
193.2829537352647 0.25 0
194.688697382625 0.25 0
196.1015050378559 0.25 0
197.5214122416866 0.25 0
198.9484546697988 0.25 0
200.3826681336596 0.25 0
201.8240886939936 0.25 0
203.2727525886619 0.25 0
204.7286961972312 0.25 0
206.1919561166973 0.25 0
207.6625691268223 0.25 0
209.1405721543766 0.25 0
210.6260023122292 0.25 0
212.1188969380745 0.25 0
213.6192935598298 0.25 0
215.1272298599295 0.25 0
216.6427437144712 0.25 0
218.1658731949567 0.25 0
219.6966566074675 0.25 0
221.2351324207119 0.25 0
222.781339267439 0.25 0
224.3353159836562 0.25 0
225.8971016104433 0.25 0
227.4667354332 0.25 0
229.0442568727199 0.25 0
230.6297055233527 0.25 0
232.2231212667623 0.25 0
233.8245441259977 0.25 0
235.4340143407483 0.25 0
237.051572370377 0.25 0
238.6772588210173 0.25 0
240.3111145219871 0.25 0
241.953180564801 0.25 0
243.6034981947517 0.25 0
245.2621088488389 0.25 0
246.9290542329887 0.25 0
248.604376249615 0.25 0
250.2881170000345 0.25 0
251.9803187491066 0.25 0
253.6810240014015 0.25 0
255.3902755036628 0.25 0
257.1081162098662 0.25 0
258.8345892833431 0.25 0
260.56973809892 0.25 0
262.3136062450737 0.25 0
264.0662375631503 0.25 0
265.8276760758312 0.25 0
267.5979660256419 0.25 0
269.377151914965 0.25 0
271.1652784338109 0.25 0
272.9623905361699 0.25 0
274.76853336856 0.25 0
276.5837522715742 0.25 0
278.4080928566517 0.25 0
280.2416009713544 0.25 0
282.084322701708 0.25 0
283.936304374561 0.25 0
285.7975924858653 0.25 0
287.6682337764208 0.25 0
289.5482752720777 0.25 0
291.4377642116964 0.25 0
293.3367480866439 0.25 0
295.2452746062096 0.25 0
297.1633916997164 0.25 0
299.0911475560682 0.25 0
301.0285906262681 0.25 0
302.975769588908 0.25 0
304.9327333893989 0.25 0
306.899531205871 0.25 0
308.8762124139735 0.25 0
310.8628267006281 0.25 0
312.8594239929346 0.25 0
314.8660544230291 0.25 0
316.8827684048462 0.25 0
318.9096166368034 0.25 0
320.9466500304142 0.25 0
322.9939197493145 0.25 0
325.0514772494264 0.25 0
327.1193742443021 0.25 0
329.1976627079076 0.25 0
331.2863948400052 0.25 0
333.3856231056513 0.25 0
335.4954002380389 0.25 0
337.6157792780331 0.25 0
339.746813503331 0.25 0
341.8885564302485 0.25 0
344.041061891108 0.25 0
346.2043839627142 0.25 0
348.3785770059928 0.25 0
350.5636956319257 0.25 0
352.7597947408593 0.25 0
354.9669295258992 0.25 0
357.1851554381661 0.25 0
359.4145282269081 0.25 0
361.6551039051698 0.25 0
363.9069387525282 0.25 0
366.1700893548984 0.25 0
368.4446125706356 0.25 0
370.7305655329659 0.25 0
373.0280056902249 0.25 0
375.3369907716554 0.25 0
377.6575787902727 0.25 0
379.9898280457523 0.25 0
382.3337971643858 0.25 0
384.6895450282895 0.25 0
387.0571308146637 0.25 0
389.4366140365567 0.25 0
391.8280544713986 0.25 0
394.2315122010692 0.25 0
396.6470475778935 0.25 0
399.0747213014313 0.25 0
401.5145944223088 0.25 0
403.966728233818 0.25 0
406.4311843117289 0.25 0
408.9080245915411 0.25 0
411.3973112979421 0.25 0
413.8991069843178 0.25 0
416.4134744996765 0.25 0
418.9404770278347 0.25 0
421.4801780918074 0.25 0
424.0326414448529 0.25 0
426.5979312219849 0.25 0
429.1761119066457 0.25 0
431.7672482966605 0.25 0
434.3714054705874 0.25 0
436.9886488644908 0.25 0
439.6190442390835 0.25 0
442.2626576820828 0.25 0
444.9195556124506 0.25 0
447.5898047827988 0.25 0
450.273472283679 0.25 0
452.9706255460402 0.25 0
455.6813323455677 0.25 0
458.4056607681446 0.25 0
461.1436792879656 0.25 0
463.8954566967454 0.25 0
466.6610621440946 0.25 0
469.4405651041984 0.25 0
472.2340354158725 0.25 0
475.0415432867132 0.25 0
477.8631592220663 0.25 0
480.6989541396273 0.25 0
483.5489992995766 0.25 0
486.413366270304 0.25 0
489.2921270434612 0.25 0
492.185353963808 0.25 0
495.093119695387 0.25 0
498.0154972992419 0.25 0
500.9525602374373 0.25 0
503.9043823026444 0.25 0
506.8710376214722 0.25 0
509.8526007693448 0.25 0
512.8491466638679 0.25 0
515.8607505675018 0.25 0
518.8874881661956 0.25 0
521.9294354987983 0.25 0
524.9866689979701 0.25 0
528.0592654570396 0.25 0
531.1473021076572 0.25 0
534.2508565504094 0.25 0
537.3700067206453 0.25 0
540.5048310040131 0.25 0
543.6554081664151 0.25 0
546.8218173947614 0.25 0
550.0041382273614 0.25 0
553.2024505939904 0.25 0
556.4168348949026 0.25 0
559.6473718935144 0.25 0
562.8941427573131 0.25 0
566.1572290621186 0.25 0
569.4367127589526 0.25 0
572.7326762520884 0.25 0
576.0452024037766 0.25 0
579.3743744271135 0.25 0
582.7202759638126 0.25 0
586.0829910890257 0.25 0
589.4626042780257 0.25 0
592.8592004477737 0.25 0
596.2728649240366 0.25 0
599.7036834826442 0.25 0
603.1517423540938 0.25 0
606.6171281537252 0.25 0
610.0999279227004 0.25 0
613.6002292068026 0.25 0
617.118119950031 0.25 0
620.653688535313 0.25 0
624.2070237896741 0.25 0
627.778214987966 0.25 0
631.3673518951572 0.25 0
634.9745246593541 0.25 0
638.5998239271414 0.25 0
642.2433407748346 0.25 0
645.9051667490475 0.25 0
649.5853938724811 0.25 0
653.2841145734183 0.25 0
657.0014218019827 0.25 0
660.7374089978656 0.25 0
664.4921700210421 0.25 0
668.2657991558779 0.25 0
672.0583912271533 0.25 0
675.8700415683026 0.25 0
679.700845951907 0.25 0
683.5509005943113 0.25 0
687.4203022343734 0.25 0
691.3091481018514 0.25 0
695.2175359217637 0.25 0
699.1455638828429 0.25 0
703.0933306786502 0.25 0
707.0609355135252 0.25 0
711.0484780326261 0.25 0
715.0560584383564 0.25 0
719.0837774586404 0.25 0
723.1317362778208 0.25 0
727.2000365783653 0.25 0
731.2887806203895 0.25 0
735.398071136003 0.25 0
739.5280113337053 0.25 0
743.6787049780301 0.25 0
747.8502563947757 0.25 0
752.0427704025369 0.25 0
756.2563523172638 0.25 0
760.4911079950235 0.25 0
764.7471438370059 0.25 0
769.0245667953154 0.25 0
773.3234843410155 0.25 0
777.6440045066745 0.25 0
781.9862358548603 0.25 0
786.3502874463087 0.25 0
790.7362689192648 0.25 0
795.1442904955215 0.25 0
799.5744629487084 0.25 0
804.0268975729915 0.25 0
808.5017062251709 0.25 0
812.9990013679266 0.25 0
817.5188960012345 0.25 0
822.0615036679073 0.25 0
826.6269384962335 0.25 0
831.2153152059798 0.25 0
835.8267490770169 0.25 0
840.4613559920895 0.25 0
845.1192524058998 0.25 0
849.8005553134935 0.25 0
854.5053823672605 0.25 0
859.2338517724186 0.25 0
863.9860823288931 0.25 0
868.7621934384125 0.25 0
873.5623051094254 0.25 0
878.3865379642874 0.25 0
883.2350131701699 0.25 0
888.1078525567436 0.25 0
893.0051785853376 0.25 0
897.9271143181518 0.25 0
902.8737833871414 0.25 0
907.8453100740912 0.25 0
912.841819317384 0.25 0
917.863436643978 0.25 0
922.9102882125733 0.25 0
927.982500857203 0.25 0
933.0802020197186 0.25 0
938.2035197556877 0.25 0
943.3525828151705 0.25 0
948.527520575356 0.25 0
953.728463046601 0.25 0
958.9555409163058 0.25 0
964.2088855183728 0.25 0
969.4886288397674 0.25 0
974.7949035271228 0.25 0
980.127842893394 0.25 0
985.4875809245674 0.25 0
990.874252323463 0.25 0
996.2879924428232 0.25 0
1001.728937291426 0.25 0
1007.197223578414 0.25 0
1012.69298868284 0.25 0
1018.216370697729 0.25 0
1023.767508400089 0.25 0
1029.346541257664 0.25 0
1034.953609436108 0.25 0
1040.588853842873 0.25 0
1046.252416060771 0.25 0
1051.944438391237 0.25 0
1057.665063862452 0.25 0
1063.414436198619 0.25 0
1069.192699864874 0.25 0
1 23 0 14
1551
1552
1553
1554
1555
1556
1557
1558
1559
1560
1561
1562
1563
1564
-6.341652079869036 0.25 0
-5.01497373494099 0.25 0
-3.953631063057665 0.25 0
-3.104556921181095 0.25 0
-2.425297599075961 0.25 0
-1.881890143741698 0.25 0
-1.447164189085495 0.25 0
-1.099383426161848 0.25 0
-0.8211588138148889 0.25 0
-0.5985791233905262 0.25 0
-0.4205153690241437 0.25 0
-0.2780643607306086 0.25 0
-0.1641035566132647 0.25 0
-0.07293491851229295 0.25 0
1 24 0 2
1565
1566
-100 1.50641026471989 0
-100 0.6089743698635424 0
1 25 0 10
1567
1568
1569
1570
1571
1572
1573
1574
1575
1576
1075 7.185830660888021 0
1075 11.48061886021433 0
1075 16.84910396803901 0
1075 23.55971020098647 0
1075 31.94796817867106 0
1075 42.43329055812072 0
1075 55.5399435000393 0
1075 71.92325965393924 0
1075 92.40240467022062 0
1075 118.0013358676537 0
1 26 0 383
1577
1578
1579
1580
1581
1582
1583
1584
1585
1586
1587
1588
1589
1590
1591
1592
1593
1594
1595
1596
1597
1598
1599
1600
1601
1602
1603
1604
1605
1606
1607
1608
1609
1610
1611
1612
1613
1614
1615
1616
1617
1618
1619
1620
1621
1622
1623
1624
1625
1626
1627
1628
1629
1630
1631
1632
1633
1634
1635
1636
1637
1638
1639
1640
1641
1642
1643
1644
1645
1646
1647
1648
1649
1650
1651
1652
1653
1654
1655
1656
1657
1658
1659
1660
1661
1662
1663
1664
1665
1666
1667
1668
1669
1670
1671
1672
1673
1674
1675
1676
1677
1678
1679
1680
1681
1682
1683
1684
1685
1686
1687
1688
1689
1690
1691
1692
1693
1694
1695
1696
1697
1698
1699
1700
1701
1702
1703
1704
1705
1706
1707
1708
1709
1710
1711
1712
1713
1714
1715
1716
1717
1718
1719
1720
1721
1722
1723
1724
1725
1726
1727
1728
1729
1730
1731
1732
1733
1734
1735
1736
1737
1738
1739
1740
1741
1742
1743
1744
1745
1746
1747
1748
1749
1750
1751
1752
1753
1754
1755
1756
1757
1758
1759
1760
1761
1762
1763
1764
1765
1766
1767
1768
1769
1770
1771
1772
1773
1774
1775
1776
1777
1778
1779
1780
1781
1782
1783
1784
1785
1786
1787
1788
1789
1790
1791
1792
1793
1794
1795
1796
1797
1798
1799
1800
1801
1802
1803
1804
1805
1806
1807
1808
1809
1810
1811
1812
1813
1814
1815
1816
1817
1818
1819
1820
1821
1822
1823
1824
1825
1826
1827
1828
1829
1830
1831
1832
1833
1834
1835
1836
1837
1838
1839
1840
1841
1842
1843
1844
1845
1846
1847
1848
1849
1850
1851
1852
1853
1854
1855
1856
1857
1858
1859
1860
1861
1862
1863
1864
1865
1866
1867
1868
1869
1870
1871
1872
1873
1874
1875
1876
1877
1878
1879
1880
1881
1882
1883
1884
1885
1886
1887
1888
1889
1890
1891
1892
1893
1894
1895
1896
1897
1898
1899
1900
1901
1902
1903
1904
1905
1906
1907
1908
1909
1910
1911
1912
1913
1914
1915
1916
1917
1918
1919
1920
1921
1922
1923
1924
1925
1926
1927
1928
1929
1930
1931
1932
1933
1934
1935
1936
1937
1938
1939
1940
1941
1942
1943
1944
1945
1946
1947
1948
1949
1950
1951
1952
1953
1954
1955
1956
1957
1958
1959
1069.192699864234 3.75 0
1063.414436197344 3.75 0
1057.665063860549 3.75 0
1051.944438388713 3.75 0
1046.252416057631 3.75 0
1040.588853839123 3.75 0
1034.953609431755 3.75 0
1029.346541252715 3.75 0
1023.767508394547 3.75 0
1018.216370691603 3.75 0
1012.692988676136 3.75 0
1007.197223571136 3.75 0
1001.728937283581 3.75 0
996.2879924344174 3.75 0
990.8742523145022 3.75 0
985.4875809150567 3.75 0
980.1278428833398 3.75 0
974.7949035165306 3.75 0
969.4886288286427 3.75 0
964.2088855067205 3.75 0
958.9555409041319 3.75 0
953.7284630339118 3.75 0
948.5275205621563 3.75 0
943.3525828014651 3.75 0
938.2035197414823 3.75 0
933.0802020050187 3.75 0
927.9825008420145 3.75 0
922.9102881969019 3.75 0
917.8634366278277 3.75 0
912.8418193007607 3.75 0
907.8453100569997 3.75 0
902.8737833695864 3.75 0
897.9271143001388 3.75 0
893.0051785668718 3.75 0
888.10785253783 3.75 0
883.2350131508131 3.75 0
878.3865379444919 3.75 0
873.5623050891971 3.75 0
868.7621934177557 3.75 0
863.9860823078125 3.75 0
859.2338517509195 3.75 0
854.5053823453477 3.75 0
849.8005552911716 3.75 0
845.1192523831714 3.75 0
840.4613559689614 3.75 0
835.826749053493 3.75 0
831.2153151820644 3.75 0
826.6269384719316 3.75 0
822.0615036432227 3.75 0
817.5188959761718 3.75 0
812.9990013424906 3.75 0
808.5017061993656 3.75 0
804.0268975468223 3.75 0
799.5744629221783 3.75 0
795.1442904686351 3.75 0
790.7362688920259 3.75 0
786.3502874187217 3.75 0
781.9862358269295 3.75 0
777.6440044784033 3.75 0
773.3234843124091 3.75 0
769.0245667663777 3.75 0
764.7471438077405 3.75 0
760.4911079654348 3.75 0
756.2563522873554 3.75 0
752.0427703723128 3.75 0
747.8502563642404 3.75 0
743.6787049471869 3.75 0
739.5280113025577 3.75 0
735.398071104556 3.75 0
731.2887805886455 3.75 0
727.2000365463282 3.75 0
723.1317362454959 3.75 0
719.083777426029 3.75 0
715.0560584054632 3.75 0
711.0484779994556 3.75 0
707.0609354800804 3.75 0
703.0933306449347 3.75 0
699.1455638488603 3.75 0
695.2175358875179 3.75 0
691.3091480673467 3.75 0
687.4203021996118 3.75 0
683.5509005592962 3.75 0
679.7008459166417 3.75 0
675.8700415327903 3.75 0
672.0583911913972 3.75 0
668.2657991198819 3.75 0
664.4921699848092 3.75 0
660.7374089613998 3.75 0
657.0014217652875 3.75 0
653.2841145364961 3.75 0
649.5853938353348 3.75 0
645.9051667116813 3.75 0
642.2433407372509 3.75 0
638.5998238893435 3.75 0
634.9745246213445 3.75 0
631.3673518569396 3.75 0
627.7782149495438 3.75 0
624.2070237510496 3.75 0
620.6536884964893 3.75 0
617.1181199110114 3.75 0
613.6002291675895 3.75 0
610.0999278832985 3.75 0
606.6171281141362 3.75 0
603.1517423143205 3.75 0
599.7036834426897 3.75 0
596.2728648839029 3.75 0
592.859200407463 3.75 0
589.4626042375417 3.75 0
586.0829910483701 3.75 0
582.7202759229897 3.75 0
579.3743743861246 3.75 0
576.0452023626249 3.75 0
572.7326762107773 3.75 0
569.4367127175449 3.75 0
566.1572290204958 3.75 0
562.894142715539 3.75 0
559.6473718515904 3.75 0
556.4168348528315 3.75 0
553.2024505517749 3.75 0
550.0041381850037 3.75 0
546.8218173522647 3.75 0
543.6554081237807 3.75 0
540.5048309612444 3.75 0
537.3700066777441 3.75 0
534.2508565073783 3.75 0
531.1473020644992 3.75 0
528.0592654137566 3.75 0
524.9866689545647 3.75 0
521.9294354552723 3.75 0
518.8874881225516 3.75 0
515.8607505237418 3.75 0
512.8491466199945 3.75 0
509.852600725348 3.75 0
506.8710375773494 3.75 0
503.9043822583982 3.75 0
500.9525601930698 3.75 0
498.0154972547551 3.75 0
495.0931196507834 3.75 0
492.1853539190898 3.75 0
489.2921269986308 3.75 0
486.4133662253638 3.75 0
483.548999254529 3.75 0
480.6989540944743 3.75 0
477.8631591768103 3.75 0
475.0415432413558 3.75 0
472.2340353704158 3.75 0
469.4405650586448 3.75 0
466.6610620984462 3.75 0
463.8954566510043 3.75 0
461.1436792421338 3.75 0
458.4056607222243 3.75 0
455.6813322995609 3.75 0
452.9706254999489 3.75 0
450.2734722375052 3.75 0
447.5898047365444 3.75 0
444.9195555661175 3.75 0
442.2626576356731 3.75 0
439.6190441925989 3.75 0
436.9886488179334 3.75 0
434.3714054239588 3.75 0
431.7672482499629 3.75 0
429.1761118598806 3.75 0
426.5979311751547 3.75 0
424.0326413979592 3.75 0
421.480178044852 3.75 0
418.9404769808193 3.75 0
416.4134744526031 3.75 0
413.8991069371875 3.75 0
411.3973112507571 3.75 0
408.9080245443032 3.75 0
406.4311842644398 3.75 0
403.9667281864793 3.75 0
401.5145943749224 3.75 0
399.0747212539987 3.75 0
396.6470475304162 3.75 0
394.2315121535487 3.75 0
391.8280544238366 3.75 0
389.4366139889547 3.75 0
387.0571307670233 3.75 0
384.6895449806124 3.75 0
382.3337971166734 3.75 0
379.9898279980064 3.75 0
377.6575787424949 3.75 0
375.3369907238471 3.75 0
373.0280056423874 3.75 0
370.7305654851009 3.75 0
368.4446125227444 3.75 0
366.1700893069823 3.75 0
363.9069387045889 3.75 0
361.6551038572088 3.75 0
359.414528178927 3.75 0
357.1851553901661 3.75 0
354.9669294778815 3.75 0
352.7597946928255 3.75 0
350.5636955838771 3.75 0
348.3785769579307 3.75 0
346.2043839146402 3.75 0
344.0410618430233 3.75 0
341.8885563821543 3.75 0
339.7468134552286 3.75 0
337.6157792299236 3.75 0
335.4954001899237 3.75 0
333.3856230575318 3.75 0
331.2863947918826 3.75 0
329.1976626597832 3.75 0
327.1193741961773 3.75 0
325.0514772013021 3.75 0
322.9939197011918 3.75 0
320.9466499822945 3.75 0
318.909616588688 3.75 0
316.8827683567359 3.75 0
314.8660543749256 3.75 0
312.8594239448385 3.75 0
310.8628266525408 3.75 0
308.876212365896 3.75 0
306.8995311578045 3.75 0
304.9327333413444 3.75 0
302.9757695408664 3.75 0
301.0285905782409 3.75 0
299.0911475080563 3.75 0
297.1633916517206 3.75 0
295.245274558231 3.75 0
293.3367480386838 3.75 0
291.4377641637558 3.75 0
289.5482752241571 3.75 0
287.6682337285216 3.75 0
285.7975924379882 3.75 0
283.9363043267073 3.75 0
282.0843226538788 3.75 0
280.2416009235502 3.75 0
278.4080928088738 3.75 0
276.5837522238234 3.75 0
274.7685333208373 3.75 0
272.9623904884761 3.75 0
271.1652783861472 3.75 0
269.3771518673319 3.75 0
267.5979659780406 3.75 0
265.8276760282624 3.75 0
264.0662375156151 3.75 0
262.3136061975729 3.75 0
260.5697380514542 3.75 0
258.8345892359131 3.75 0
257.1081161624729 3.75 0
255.3902754563071 3.75 0
253.6810239540844 3.75 0
251.9803187018287 3.75 0
250.2881169527966 3.75 0
248.6043762024178 3.75 0
246.9290541858329 3.75 0
245.2621088017255 3.75 0
243.6034981476813 3.75 0
241.9531805177743 3.75 0
240.3111144750051 3.75 0
238.6772587740807 3.75 0
237.0515723234864 3.75 0
235.4340142939043 3.75 0
233.824544079201 3.75 0
232.2231212200138 3.75 0
230.6297054766529 3.75 0
229.0442568260696 3.75 0
227.4667353866 3.75 0
225.8971015638938 3.75 0
224.3353159371586 3.75 0
222.7813392209937 3.75 0
221.2351323743196 3.75 0
219.6966565611287 3.75 0
218.1658731486719 3.75 0
216.6427436682408 3.75 0
215.1272298137543 3.75 0
213.6192935137105 3.75 0
212.1188968920119 3.75 0
210.6260022662235 3.75 0
209.1405721084287 3.75 0
207.6625690809326 3.75 0
206.1919560708686 3.75 0
204.7286961514664 3.75 0
203.272752542961 3.75 0
201.8240886483574 3.75 0
200.3826680880883 3.75 0
198.9484546242929 3.75 0
197.5214121962467 3.75 0
196.1015049924825 3.75 0
194.6886973373187 3.75 0
193.2829536900257 3.75 0
191.8842387536647 3.75 0
190.4925173990724 3.75 0
189.1077546633275 3.75 0
187.7299157478566 3.75 0
186.3589660169274 3.75 0
184.9948710328283 3.75 0
183.6375965169668 3.75 0
182.2871083854487 3.75 0
180.9433727098319 3.75 0
179.6063557160533 3.75 0
178.2760238193035 3.75 0
176.9523435855619 3.75 0
175.635281729819 3.75 0
174.3248051517297 3.75 0
173.0208809705408 3.75 0
171.7234764122067 3.75 0
170.4325588825028 3.75 0
169.1480959645672 3.75 0
167.870055343848 3.75 0
166.5984049175537 3.75 0
165.3331127555585 3.75 0
164.0741470620585 3.75 0
162.8214762109683 3.75 0
161.575068707231 3.75 0
160.3348932226068 3.75 0
159.1009186307311 3.75 0
157.8731138943675 3.75 0
156.6514481756974 3.75 0
155.4358907965762 3.75 0
154.2264112010296 3.75 0
153.0229790270467 3.75 0
151.8255639942607 3.75 0
150.634136013926 3.75 0
149.4486651866505 3.75 0
148.2691217271586 3.75 0
147.0954759998372 3.75 0
145.9276984801961 3.75 0
144.7657598278553 3.75 0
143.6096308843308 3.75 0
142.4592825978571 3.75 0
141.3146860589849 3.75 0
140.1758124991477 3.75 0
139.0426332892348 3.75 0
137.9151199752251 3.75 0
136.7932442393654 3.75 0
135.6769778621023 3.75 0
134.5662928318404 3.75 0
133.4611612316888 3.75 0
132.3615552762602 3.75 0
131.2674473462548 3.75 0
130.1788099508154 3.75 0
129.0956157625023 3.75 0
128.0178375422523 3.75 0
126.9454482121643 3.75 0
125.8784208167815 3.75 0
124.8167285592227 3.75 0
123.7603447621133 3.75 0
122.7092428670607 3.75 0
121.6633965067483 3.75 0
120.6227793925466 3.75 0
119.5873653506929 3.75 0
118.5571283947864 3.75 0
117.5320426130581 3.75 0
116.5120822419976 3.75 0
115.4972217010893 3.75 0
114.4874354808532 3.75 0
113.4826981787122 3.75 0
112.4829845348698 3.75 0
111.4882694678258 3.75 0
110.4985279987601 3.75 0
109.513735213716 3.75 0
108.5338663736094 3.75 0
107.5588968753176 3.75 0
106.5888022138887 3.75 0
105.6235580551634 3.75 0
104.6631401231659 3.75 0
103.7075242738574 3.75 0
102.7566865299916 3.75 0
101.8106029692785 3.75 0
100.8692497974193 3.75 0
99.93260338373511 3.75 0
99.00064022270578 3.75 0
98.07333689589427 3.75 0
97.15067007092375 3.75 0
96.2326165745576 3.75 0
95.3191533539059 3.75 0
94.4102574387523 3.75 0
93.50590601429212 3.75 0
92.60607634568521 3.75 0
91.71074581450739 3.75 0
90.81989195409153 3.75 0
89.93349237448126 3.75 0
89.05152479853382 3.75 0
88.17396706061231 3.75 0
87.30079710565894 3.75 0
86.43199298790273 3.75 0
85.5675328699499 3.75 0
84.70739505855647 3.75 0
83.8515579292681 3.75 0
1 27 0 42
1960
1961
1962
1963
1964
1965
1966
1967
1968
1969
1970
1971
1972
1973
1974
1975
1976
1977
1978
1979
1980
1981
1982
1983
1984
1985
1986
1987
1988
1989
1990
1991
1992
1993
1994
1995
1996
1997
1998
1999
2000
2001
-97.37815078444656 3.75 0
-94.78252005661764 3.75 0
-92.21284563433379 3.75 0
-89.66886795439586 3.75 0
-87.15033005468914 3.75 0
-84.65697753578264 3.75 0
-82.18855853744789 3.75 0
-79.74482372890807 3.75 0
-77.32552627224484 3.75 0
-74.93042179319056 3.75 0
-72.55926835941875 3.75 0
-70.21182645915931 3.75 0
-67.88785897351963 3.75 0
-65.58713116303223 3.75 0
-63.30941063383505 3.75 0
-61.05446731159504 3.75 0
-58.822073422496 3.75 0
-56.61200346797407 3.75 0
-54.42403421355375 3.75 0
-52.25794465050966 3.75 0
-50.11351597905517 3.75 0
-47.99053159833917 3.75 0
-45.88877706268672 3.75 0
-43.80804007294434 3.75 0
-41.74811045400076 3.75 0
-39.70878012633915 3.75 0
-37.68984310522756 3.75 0
-35.69109545893041 3.75 0
-33.7123352884874 3.75 0
-31.7533627211956 3.75 0
-29.81397987714774 3.75 0
-27.89399085690435 3.75 0
-25.99320172935012 3.75 0
-24.11142049245036 3.75 0
-22.24845706228903 3.75 0
-20.40412326888406 3.75 0
-18.57823281813606 3.75 0
-16.77060126812385 3.75 0
-14.98104603324309 3.75 0
-13.20938635390576 3.75 0
-11.4554432672083 3.75 0
-9.719039612037918 3.75 0
1 28 0 2
2002
2003
-8 1.50641026471989 0
-8 0.6089743698635424 0
1 29 0 2
2004
2005
83 1.50641026471989 0
83 0.6089743698635424 0
2 1 0 647
2006
2007
2008
2009
2010
2011
2012
2013
2014
2015
2016
2017
2018
2019
2020
2021
2022
2023
2024
2025
2026
2027
2028
2029
2030
2031
2032
2033
2034
2035
2036
2037
2038
2039
2040
2041
2042
2043
2044
2045
2046
2047
2048
2049
2050
2051
2052
2053
2054
2055
2056
2057
2058
2059
2060
2061
2062
2063
2064
2065
2066
2067
2068
2069
2070
2071
2072
2073
2074
2075
2076
2077
2078
2079
2080
2081
2082
2083
2084
2085
2086
2087
2088
2089
2090
2091
2092
2093
2094
2095
2096
2097
2098
2099
2100
2101
2102
2103
2104
2105
2106
2107
2108
2109
2110
2111
2112
2113
2114
2115
2116
2117
2118
2119
2120
2121
2122
2123
2124
2125
2126
2127
2128
2129
2130
2131
2132
2133
2134
2135
2136
2137
2138
2139
2140
2141
2142
2143
2144
2145
2146
2147
2148
2149
2150
2151
2152
2153
2154
2155
2156
2157
2158
2159
2160
2161
2162
2163
2164
2165
2166
2167
2168
2169
2170
2171
2172
2173
2174
2175
2176
2177
2178
2179
2180
2181
2182
2183
2184
2185
2186
2187
2188
2189
2190
2191
2192
2193
2194
2195
2196
2197
2198
2199
2200
2201
2202
2203
2204
2205
2206
2207
2208
2209
2210
2211
2212
2213
2214
2215
2216
2217
2218
2219
2220
2221
2222
2223
2224
2225
2226
2227
2228
2229
2230
2231
2232
2233
2234
2235
2236
2237
2238
2239
2240
2241
2242
2243
2244
2245
2246
2247
2248
2249
2250
2251
2252
2253
2254
2255
2256
2257
2258
2259
2260
2261
2262
2263
2264
2265
2266
2267
2268
2269
2270
2271
2272
2273
2274
2275
2276
2277
2278
2279
2280
2281
2282
2283
2284
2285
2286
2287
2288
2289
2290
2291
2292
2293
2294
2295
2296
2297
2298
2299
2300
2301
2302
2303
2304
2305
2306
2307
2308
2309
2310
2311
2312
2313
2314
2315
2316
2317
2318
2319
2320
2321
2322
2323
2324
2325
2326
2327
2328
2329
2330
2331
2332
2333
2334
2335
2336
2337
2338
2339
2340
2341
2342
2343
2344
2345
2346
2347
2348
2349
2350
2351
2352
2353
2354
2355
2356
2357
2358
2359
2360
2361
2362
2363
2364
2365
2366
2367
2368
2369
2370
2371
2372
2373
2374
2375
2376
2377
2378
2379
2380
2381
2382
2383
2384
2385
2386
2387
2388
2389
2390
2391
2392
2393
2394
2395
2396
2397
2398
2399
2400
2401
2402
2403
2404
2405
2406
2407
2408
2409
2410
2411
2412
2413
2414
2415
2416
2417
2418
2419
2420
2421
2422
2423
2424
2425
2426
2427
2428
2429
2430
2431
2432
2433
2434
2435
2436
2437
2438
2439
2440
2441
2442
2443
2444
2445
2446
2447
2448
2449
2450
2451
2452
2453
2454
2455
2456
2457
2458
2459
2460
2461
2462
2463
2464
2465
2466
2467
2468
2469
2470
2471
2472
2473
2474
2475
2476
2477
2478
2479
2480
2481
2482
2483
2484
2485
2486
2487
2488
2489
2490
2491
2492
2493
2494
2495
2496
2497
2498
2499
2500
2501
2502
2503
2504
2505
2506
2507
2508
2509
2510
2511
2512
2513
2514
2515
2516
2517
2518
2519
2520
2521
2522
2523
2524
2525
2526
2527
2528
2529
2530
2531
2532
2533
2534
2535
2536
2537
2538
2539
2540
2541
2542
2543
2544
2545
2546
2547
2548
2549
2550
2551
2552
2553
2554
2555
2556
2557
2558
2559
2560
2561
2562
2563
2564
2565
2566
2567
2568
2569
2570
2571
2572
2573
2574
2575
2576
2577
2578
2579
2580
2581
2582
2583
2584
2585
2586
2587
2588
2589
2590
2591
2592
2593
2594
2595
2596
2597
2598
2599
2600
2601
2602
2603
2604
2605
2606
2607
2608
2609
2610
2611
2612
2613
2614
2615
2616
2617
2618
2619
2620
2621
2622
2623
2624
2625
2626
2627
2628
2629
2630
2631
2632
2633
2634
2635
2636
2637
2638
2639
2640
2641
2642
2643
2644
2645
2646
2647
2648
2649
2650
2651
2652
-97.37815078444655 0.08333333271487547 0
-94.78252005661761 0.08333333271693161 0
-92.21284563433377 0.08333333271896713 0
-89.66886795439586 0.08333333272098237 0
-87.15033005468911 0.08333333272297738 0
-84.65697753578266 0.08333333272495247 0
-82.1885585374479 0.08333333272690782 0
-79.7448237289081 0.08333333272884358 0
-77.32552627224484 0.08333333273076005 0
-74.93042179319058 0.08333333273265731 0
-72.55926835941872 0.08333333273453558 0
-70.21182645915928 0.08333333273639509 0
-67.88785897351964 0.08333333273823601 0
-65.58713116303221 0.0833333327400585 0
-63.30941063383503 0.08333333274186279 0
-61.05446731159506 0.08333333274364904 0
-58.822073422496 0.0833333327454174 0
-56.61200346797406 0.08333333274716809 0
-54.42403421355375 0.08333333274890128 0
-52.25794465050964 0.08333333275061713 0
-50.11351597905516 0.08333333275231583 0
-47.99053159833919 0.08333333275399754 0
-45.88877706268673 0.08333333275566243 0
-43.80804007294433 0.08333333275731067 0
-41.74811045400076 0.08333333275894246 0
-39.70878012633914 0.08333333276055788 0
-37.68984310522755 0.08333333276215715 0
-35.6910954589304 0.08333333276374044 0
-33.71233528848738 0.08333333276530791 0
-31.7533627211956 0.0833333327668597 0
-29.81397987714775 0.08333333276839597 0
-27.89399085690433 0.08333333276991686 0
-25.99320172935011 0.08333333277142257 0
-24.11142049245037 0.08333333277291322 0
-22.24845706228904 0.08333333277438892 0
-20.40412326888407 0.08333333277584992 0
-18.57823281813605 0.08333333277729629 0
-16.77060126812385 0.08333333277872818 0
-14.9810460332431 0.08333333278014576 0
-13.20938635390575 0.08333333278154918 0
-11.45544326720829 0.08333333278293856 0
-9.719039612037914 0.08333333278431405 0
-7.999999999999993 0.08333333278567577 0
-6.341652079869036 0.0833333327869894 0
-5.014973734940993 0.08333333278804034 0
-3.953631063057676 0.08333333278888105 0
-3.104556921181096 0.08333333278955365 0
-2.425297599075964 0.08333333279009172 0
-1.881890143741695 0.08333333279052219 0
-1.447164189085495 0.08333333279086655 0
-1.099383426161848 0.08333333279114202 0
-0.8211588138149031 0.08333333279136243 0
-0.5985791233905191 0.08333333279153875 0
-0.4205153690241437 0.08333333279167979 0
-0.2780643607306121 0.08333333279179261 0
-0.1641035566132754 0.08333333279188293 0
-0.07293491851227518 0.08333333279195512 0
-3.552713678800501e-15 0.08333333279201291 0
0.05290742394052342 0.08333333279205481 0
0.108255231619824 0.08333333279209865 0
0.1661559996005162 0.08333333279214453 0
0.2267274870118612 0.08333333279219252 0
0.2900928737572213 0.0833333327922427 0
0.3563810353452112 0.08333333279229521 0
0.4257267906646887 0.08333333279235014 0
0.4982711723882176 0.08333333279240762 0
0.574161711345252 0.08333333279246775 0
0.6535527457979331 0.08333333279253061 0
0.736605748280774 0.08333333279259643 0
0.8234896296101895 0.08333333279266524 0
0.9143810975982358 0.08333333279273722 0
1.009465011953957 0.08333333279281255 0
1.108934744315497 0.08333333279289135 0
1.21299258607276 0.08333333279297378 0
1.321850170920288 0.08333333279305999 0
1.435728891362287 0.08333333279315019 0
1.554860349200531 0.08333333279324458 0
1.679486828871011 0.08333333279334329 0
1.809861792631546 0.08333333279344657 0
1.946250395442096 0.08333333279355462 0
2.088930021269221 0.08333333279366761 0
2.238190844949516 0.08333333279378588 0
2.394336432237281 0.08333333279390957 0
2.55768434613955 0.08333333279403896 0
2.728566794254327 0.08333333279417432 0
2.907331327635231 0.08333333279431591 0
3.094341506673162 0.08333333279446406 0
3.289977656701605 0.08333333279461902 0
3.494637663548419 0.08333333279478117 0
3.708737766208267 0.08333333279495075 0
3.932713391139623 0.08333333279512817 0
4.167020054473831 0.08333333279531377 0
4.4121342828804 0.08333333279550792 0
4.668554581649754 0.08333333279571106 0
4.936802456326028 0.08333333279592355 0
5.217423455718947 0.08333333279614585 0
5.510988297237285 0.08333333279637839 0
5.818094026802731 0.08333333279662164 0
6.139365234289691 0.08333333279687617 0
6.475455304710529 0.08333333279714239 0
6.82704777025091 0.08333333279742089 0
7.194857688483852 0.08333333279771227 0
7.579633103339383 0.08333333279801708 0
7.982156564963017 0.08333333279833591 0
8.403246711169398 0.08333333279866947 0
8.843759948262431 0.08333333279901846 0
9.304592170472571 0.08333333279938346 0
9.786680616515625 0.08333333279976535 0
10.29100574871449 0.08333333280016487 0
10.81859323426492 0.08333333280058276 0
11.37051607596321 0.08333333280101998 0
11.94789675992876 0.08333333280147734 0
12.55190954375754 0.08333333280195582 0
13.18378284337222 0.08333333280245633 0
13.8448017523679 0.08333333280297994 0
14.5363106479952 0.08333333280352773 0
15.25971589548269 0.08333333280410077 0
16.01648872489735 0.08333333280470023 0
16.80816824272846 0.08333333280532737 0
17.63636454614008 0.08333333280598343 0
18.50276199760538 0.08333333280666971 0
19.40912265965608 0.08333333280738771 0
20.35728987659274 0.08333333280813879 0
21.349191990419 0.08333333280892452 0
22.3868462981783 0.08333333280974647 0
23.47236316110617 0.08333333281060637 0
24.60795026355656 0.08333333281150593 0
25.79591713902271 0.08333333281244695 0
27.03867984506457 0.08333333281343142 0
28.33876587892962 0.08333333281446127 0
29.69881932045186 0.08333333281553862 0
31.12160620556983 0.08333333281666566 0
32.61002016141173 0.08333333281784472 0
34.1670882790425 0.08333333281907812 0
35.79597729299923 0.08333333282036842 0
37.5 0.08333333282171826 0
38.69802072450831 0.08333333282266725 0
39.85937468732361 0.08333333282358724 0
40.98518410856802 0.08333333282447904 0
42.07653686909099 0.08333333282534353 0
43.13448756151892 0.08333333282618161 0
44.16005848641252 0.08333333282699397 0
45.15424066485664 0.08333333282778152 0
46.11799478843305 0.08333333282854494 0
47.05225213917763 0.08333333282928501 0
47.95791549417328 0.08333333283000244 0
48.83586000272305 0.08333333283069788 0
49.68693403431823 0.08333333283137205 0
50.51195999387014 0.0833333328320256 0
51.31173511148178 0.08333333283265913 0
52.08703221964723 0.08333333283327327 0
52.83860049154099 0.08333333283386862 0
53.5671661669962 0.08333333283444574 0
54.27343327999604 0.08333333283500521 0
54.95808429719538 0.08333333283554756 0
55.62178079572916 0.0833333328360733 0
56.26516412413055 0.08333333283658295 0
56.88885599034228 0.083333332837077 0
57.4934590648672 0.08333333283755595 0
58.07955758081939 0.08333333283802022 0
58.64771789828964 0.08333333283847028 0
59.19848903417159 0.08333333283890659 0
59.73240320296982 0.0833333328393295 0
60.24997633215935 0.0833333328397395 0
60.75170855629034 0.08333333284013694 0
61.23808470540607 0.08333333284052222 0
61.709574764748 0.0833333328408957 0
62.16663434021466 0.08333333284125777 0
62.60970509562444 0.08333333284160874 0
63.03921517228065 0.08333333284194899 0
63.45557961704117 0.08333333284227878 0
63.85920076692091 0.08333333284259853 0
64.25046863696063 0.08333333284290845 0
64.62976131736445 0.0833333328432089 0
64.99744532190144 0.08333333284350017 0
65.35387594067326 0.08333333284378253 0
65.6993975966686 0.08333333284405622 0
66.03434417237855 0.08333333284432154 0
66.35903933402038 0.08333333284457875 0
66.673796844005 0.08333333284482809 0
66.97892084626396 0.08333333284506977 0
67.27470618554815 0.08333333284530409 0
67.56143868940144 0.08333333284553124 0
67.83939541741107 0.0833333328457514 0
68.108844962653 0.08333333284596484 0
68.37004770899344 0.08333333284617175 0
68.62325605692223 0.08333333284637234 0
68.86871467725075 0.08333333284656677 0
69.10666075811491 0.08333333284675526 0
69.33732422861017 0.08333333284693797 0
69.56092798631016 0.08333333284711508 0
69.77768810164601 0.08333333284728681 0
69.98781402797222 0.08333333284745326 0
70.19150881468562 0.0833333328476146 0
70.38896930010256 0.08333333284777102 0
70.58038629172327 0.08333333284792266 0
70.76594475336445 0.08333333284806965 0
70.94582398866105 0.08333333284821215 0
71.12019781389091 0.08333333284835026 0
71.28923472889001 0.08333333284848415 0
71.45309807774234 0.08333333284861397 0
71.61194620782329 0.08333333284873978 0
71.76593261958749 0.0833333328488618 0
71.91520610732017 0.08333333284898004 0
72.05991090729582 0.08333333284909467 0
72.2001868556507 0.08333333284920577 0
72.33616950132112 0.08333333284931349 0
72.46799024739727 0.08333333284941791 0
72.59577647381388 0.08333333284951913 0
72.71965165431966 0.08333333284961725 0
72.83973549903516 0.08333333284971239 0
72.95614404642787 0.0833333328498046 0
73.06898977557226 0.08333333284989397 0
73.17838173631785 0.08333333284998062 0
73.28442563799422 0.08333333285006464 0
73.38722394144128 0.08333333285014607 0
73.48687598776898 0.08333333285022501 0
73.58347807624013 0.08333333285030153 0
73.67712354742207 0.08333333285037572 0
73.76790289360017 0.08333333285044764 0
73.85590383810464 0.08333333285051733 0
73.94121140920377 0.08333333285058492 0
74.02390804481314 0.08333333285065042 0
74.10407366257745 0.08333333285071393 0
74.18178572092617 0.08333333285077549 0
74.25711931594462 0.08333333285083516 0
74.33014723943631 0.083333332850893 0
74.40094005950364 0.08333333285094907 0
74.46956618652979 0.08333333285100344 0
74.53609193668133 0.08333333285105615 0
74.60058158988062 0.08333333285110722 0
74.66309746303652 0.08333333285115674 0
74.72369996835128 0.08333333285120476 0
74.78244766173668 0.0833333328512513 0
74.83939732059986 0.08333333285129639 0
74.89460397518548 0.08333333285134012 0
74.94812096362438 0.0833333328513825 0
75 0.08333333285142361 0
75.06139887086819 0.08333333285147226 0
75.12961983187677 0.0833333328515263 0
75.20542090192629 0.08333333285158634 0
75.28964431828454 0.08333333285165306 0
75.38322589444377 0.0833333328517272 0
75.48720542124964 0.08333333285180955 0
75.60273822792747 0.08333333285190109 0
75.73110801493102 0.08333333285200276 0
75.87374111105213 0.08333333285211575 0
76.03222232858627 0.08333333285224129 0
76.20831256894115 0.08333333285238076 0
76.40396839160718 0.08333333285253575 0
76.62136375296845 0.08333333285270797 0
76.86291415516176 0.08333333285289932 0
77.13130348758318 0.08333333285311192 0
77.42951385554304 0.08333333285334815 0
77.76085870867357 0.08333333285361061 0
78.12901965657547 0.08333333285390226 0
78.53808737419693 0.08333333285422628 0
78.99260706202659 0.08333333285458633 0
79.49762893830044 0.0833333328549864 0
80.05876435390513 0.08333333285543087 0
80.68224815083899 0.08333333285592476 0
81.37500792800404 0.08333333285647354 0
82.14474101615038 0.08333333285708328 0
83 0.08333333285776076 0
83.85155796640478 0.08333333285843531 0
84.7073950957825 0.08333333285911326 0
85.56753290726517 0.08333333285979462 0
86.43199302530712 0.08333333286047939 0
87.30079714315234 0.08333333286116762 0
88.17396709819485 0.08333333286185929 0
89.05152483620512 0.08333333286255443 0
89.93349241224153 0.08333333286325309 0
90.81989199194061 0.08333333286395524 0
91.71074585244527 0.08333333286466094 0
92.60607638371178 0.08333333286537016 0
93.50590605240724 0.08333333286608294 0
94.41025747695622 0.08333333286679934 0
95.31915339219822 0.08333333286751929 0
96.23261661293856 0.0833333328682429 0
97.15067010939305 0.0833333328689701 0
98.07333693445193 0.08333333286970102 0
99.00064026135155 0.08333333287043557 0
99.93260342246896 0.08333333287117381 0
100.8692498362415 0.08333333287191574 0
101.8106030081884 0.08333333287266145 0
102.7566865689895 0.08333333287341088 0
103.7075243129431 0.08333333287416408 0
104.6631401623393 0.08333333287492106 0
105.6235580944242 0.08333333287568187 0
106.5888022532371 0.08333333287644645 0
107.5588969147533 0.08333333287721494 0
108.5338664131326 0.08333333287798725 0
109.5137352533261 0.08333333287876343 0
110.4985280384574 0.08333333287954353 0
111.4882695076098 0.08333333288032754 0
112.4829845747406 0.0833333328811155 0
113.4826982186695 0.08333333288190742 0
114.4874355208963 0.08333333288270331 0
115.497221741218 0.0833333328835032 0
116.5120822822123 0.08333333288430711 0
117.5320426533589 0.08333333288511507 0
118.5571284351733 0.08333333288592709 0
119.5873653911654 0.08333333288674319 0
120.6227794331048 0.08333333288756339 0
121.6633965473919 0.08333333288838771 0
122.7092429077894 0.08333333288921616 0
123.7603448029272 0.08333333289004879 0
124.8167286001216 0.0833333328908856 0
125.8784208577653 0.08333333289172663 0
126.9454482532326 0.08333333289257183 0
128.0178375834049 0.08333333289342132 0
129.0956158037389 0.08333333289427508 0
130.1788099921359 0.08333333289513312 0
131.2674473876592 0.08333333289599548 0
132.361555317748 0.08333333289686218 0
133.4611612732598 0.08333333289773319 0
134.5662928734947 0.08333333289860864 0
135.6769779038396 0.08333333289948847 0
136.7932442811858 0.0833333329003727 0
137.9151200171279 0.08333333290126138 0
139.0426333312198 0.08333333290215457 0
140.1758125412147 0.08333333290305217 0
141.3146861011338 0.08333333290395434 0
142.4592826400873 0.083333332904861 0
143.6096309266424 0.08333333290577227 0
144.7657598702477 0.08333333290668807 0
145.9276985226696 0.0833333329076085 0
147.0954760423911 0.08333333290853354 0
148.2691217697929 0.08333333290946324 0
149.4486652293649 0.0833333329103976 0
150.6341360567204 0.08333333291133665 0
151.8255640371346 0.08333333291228046 0
153.0229790699998 0.08333333291322897 0
154.2264112440617 0.08333333291418227 0
155.4358908396867 0.08333333291514033 0
156.6514482188862 0.08333333291610323 0
157.8731139376344 0.08333333291707096 0
159.1009186740757 0.08333333291804357 0
160.3348932660286 0.08333333291902106 0
161.5750687507299 0.08333333292000344 0
162.8214762545439 0.08333333292099077 0
164.0741471057103 0.08333333292198308 0
165.3331127992864 0.08333333292298037 0
166.5984049613575 0.08333333292398265 0
167.870055387727 0.08333333292498998 0
169.1480960085211 0.08333333292600237 0
170.4325589265312 0.08333333292701983 0
171.7234764563094 0.08333333292804246 0
173.0208810147175 0.08333333292907016 0
174.3248051959802 0.08333333293010306 0
175.6352817741423 0.08333333293114115 0
176.9523436299583 0.08333333293218445 0
178.2760238637724 0.083333332933233 0
179.6063557605941 0.0833333329342868 0
180.9433727544444 0.08333333293534592 0
182.2871084301327 0.08333333293641035 0
183.6375965617215 0.08333333293748013 0
184.9948710776533 0.08333333293855529 0
186.3589660618225 0.08333333293963585 0
187.7299157928212 0.08333333294072182 0
189.1077547083612 0.08333333294181328 0
190.4925174441752 0.0833333329429102 0
191.8842387988358 0.08333333294401263 0
193.2829537352646 0.08333333294512062 0
194.688697382625 0.08333333294623418 0
196.1015050378559 0.08333333294735332 0
197.5214122416865 0.08333333294847808 0
198.9484546697987 0.08333333294960851 0
200.3826681336596 0.08333333295074463 0
201.8240886939935 0.08333333295188644 0
203.2727525886619 0.08333333295303397 0
204.7286961972312 0.08333333295418729 0
206.1919561166974 0.0833333329553464 0
207.6625691268223 0.08333333295651135 0
209.1405721543766 0.08333333295768214 0
210.6260023122293 0.08333333295885881 0
212.1188969380745 0.08333333296004139 0
213.6192935598298 0.08333333296122991 0
215.1272298599295 0.0833333329624244 0
216.6427437144711 0.08333333296362494 0
218.1658731949566 0.08333333296483147 0
219.6966566074675 0.08333333296604406 0
221.2351324207119 0.08333333296726275 0
222.7813392674389 0.08333333296848755 0
224.3353159836562 0.08333333296971854 0
225.8971016104432 0.08333333297095569 0
227.4667354332 0.08333333297219908 0
229.0442568727199 0.08333333297344869 0
230.6297055233527 0.0833333329747046 0
232.2231212667624 0.08333333297596679 0
233.8245441259977 0.08333333297723536 0
235.4340143407484 0.08333333297851028 0
237.051572370377 0.08333333297979162 0
238.6772588210173 0.08333333298107942 0
240.3111145219871 0.08333333298237366 0
241.953180564801 0.0833333329836744 0
243.6034981947518 0.08333333298498169 0
245.2621088488389 0.08333333298629556 0
246.9290542329887 0.08333333298761603 0
248.604376249615 0.0833333329889431 0
250.2881170000344 0.08333333299027687 0
251.9803187491066 0.08333333299161733 0
253.6810240014015 0.08333333299296453 0
255.3902755036628 0.0833333329943185 0
257.1081162098662 0.0833333329956793 0
258.8345892833431 0.0833333329970469 0
260.5697380989199 0.08333333299842138 0
262.3136062450737 0.08333333299980278 0
264.0662375631503 0.08333333300119111 0
265.8276760758312 0.08333333300258641 0
267.5979660256419 0.08333333300398874 0
269.377151914965 0.08333333300539811 0
271.1652784338109 0.08333333300681456 0
272.9623905361699 0.08333333300823814 0
274.76853336856 0.08333333300966886 0
276.5837522715741 0.08333333301110676 0
278.4080928566517 0.08333333301255191 0
280.2416009713544 0.08333333301400431 0
282.0843227017081 0.083333333015464 0
283.936304374561 0.08333333301693102 0
285.7975924858652 0.08333333301840545 0
287.6682337764208 0.08333333301988727 0
289.5482752720777 0.08333333302137652 0
291.4377642116963 0.08333333302287327 0
293.336748086644 0.08333333302437754 0
295.2452746062096 0.08333333302588936 0
297.1633916997164 0.08333333302740881 0
299.0911475560681 0.08333333302893584 0
301.0285906262681 0.08333333303047058 0
302.9757695889079 0.08333333303201301 0
304.9327333893988 0.08333333303356322 0
306.899531205871 0.08333333303512119 0
308.8762124139734 0.083333333036687 0
310.8628267006281 0.08333333303826068 0
312.8594239929346 0.08333333303984231 0
314.8660544230291 0.08333333304143181 0
316.8827684048461 0.08333333304302937 0
318.9096166368034 0.08333333304463492 0
320.9466500304143 0.08333333304624851 0
322.9939197493146 0.08333333304787024 0
325.0514772494264 0.08333333304950014 0
327.119374244302 0.08333333305113821 0
329.1976627079076 0.08333333305278451 0
331.2863948400052 0.08333333305443907 0
333.3856231056512 0.08333333305610197 0
335.4954002380388 0.08333333305777321 0
337.6157792780331 0.08333333305945287 0
339.7468135033311 0.08333333306114094 0
341.8885564302483 0.08333333306283749 0
344.0410618911079 0.0833333330645426 0
346.2043839627142 0.08333333306625626 0
348.3785770059928 0.08333333306797852 0
350.5636956319257 0.08333333306970944 0
352.7597947408594 0.08333333307144908 0
354.9669295258992 0.08333333307319746 0
357.1851554381661 0.08333333307495461 0
359.4145282269081 0.08333333307672058 0
361.6551039051698 0.08333333307849544 0
363.9069387525282 0.08333333308027921 0
366.1700893548984 0.08333333308207197 0
368.4446125706356 0.0833333330838737 0
370.7305655329658 0.0833333330856845 0
373.0280056902248 0.0833333330875044 0
375.3369907716555 0.08333333308933344 0
377.6575787902726 0.08333333309117169 0
379.9898280457523 0.08333333309301916 0
382.3337971643858 0.08333333309487592 0
384.6895450282895 0.08333333309674201 0
387.0571308146637 0.08333333309861746 0
389.4366140365568 0.08333333310050237 0
391.8280544713986 0.08333333310239671 0
394.2315122010692 0.08333333310430061 0
396.6470475778934 0.08333333310621405 0
399.0747213014313 0.08333333310813712 0
401.5145944223089 0.08333333311006985 0
403.9667282338179 0.0833333331120123 0
406.431184311729 0.08333333311396449 0
408.9080245915411 0.0833333331159265 0
411.397311297942 0.08333333311789837 0
413.8991069843179 0.08333333311988014 0
416.4134744996764 0.08333333312187188 0
418.9404770278346 0.08333333312387364 0
421.4801780918074 0.08333333312588545 0
424.0326414448528 0.08333333312790736 0
426.597931221985 0.08333333312993943 0
429.1761119066457 0.08333333313198171 0
431.7672482966605 0.08333333313403429 0
434.3714054705874 0.08333333313609714 0
436.9886488644909 0.08333333313817037 0
439.6190442390835 0.08333333314025404 0
442.2626576820828 0.08333333314234814 0
444.9195556124507 0.08333333314445279 0
447.5898047827988 0.08333333314656799 0
450.2734722836791 0.08333333314869384 0
452.9706255460403 0.08333333315083039 0
455.6813323455676 0.08333333315297764 0
458.4056607681446 0.08333333315513572 0
461.1436792879656 0.08333333315730462 0
463.8954566967455 0.08333333315948441 0
466.6610621440946 0.08333333316167518 0
469.4405651041982 0.08333333316387692 0
472.2340354158725 0.08333333316608976 0
475.0415432867132 0.08333333316831371 0
477.8631592220663 0.08333333317054883 0
480.6989541396274 0.08333333317279518 0
483.5489992995764 0.08333333317505282 0
486.4133662703041 0.08333333317732181 0
489.2921270434611 0.0833333331796022 0
492.185353963808 0.08333333318189406 0
495.093119695387 0.08333333318419742 0
498.0154972992419 0.08333333318651237 0
500.9525602374373 0.08333333318883893 0
503.9043823026443 0.08333333319117719 0
506.8710376214724 0.0833333331935272 0
509.8526007693447 0.08333333319588904 0
512.8491466638681 0.08333333319826272 0
515.860750567502 0.08333333320064834 0
518.8874881661955 0.08333333320304595 0
521.9294354987985 0.08333333320545561 0
524.98666899797 0.08333333320787739 0
528.0592654570396 0.08333333321031133 0
531.147302107657 0.08333333321275749 0
534.2508565504094 0.08333333321521594 0
537.3700067206453 0.08333333321768677 0
540.504831004013 0.08333333322017 0
543.6554081664152 0.08333333322266567 0
546.8218173947613 0.08333333322517394 0
550.0041382273612 0.08333333322769479 0
553.2024505939904 0.08333333323022832 0
556.4168348949025 0.08333333323277456 0
559.6473718935146 0.08333333323533362 0
562.894142757313 0.08333333323790554 0
566.1572290621185 0.08333333324049036 0
569.4367127589527 0.08333333324308817 0
572.7326762520884 0.08333333324569905 0
576.0452024037767 0.08333333324832304 0
579.3743744271136 0.08333333325096021 0
582.7202759638126 0.08333333325361064 0
586.0829910890257 0.0833333332562744 0
589.4626042780257 0.08333333325895154 0
592.8592004477738 0.08333333326164213 0
596.2728649240366 0.08333333326434622 0
599.7036834826444 0.08333333326706394 0
603.1517423540939 0.08333333326979531 0
606.617128153725 0.08333333327254036 0
610.0999279227005 0.08333333327529924 0
613.6002292068027 0.08333333327807199 0
617.118119950031 0.08333333328085868 0
620.6536885353131 0.08333333328365933 0
624.2070237896742 0.08333333328647408 0
627.7782149879658 0.08333333328930298 0
631.3673518951571 0.08333333329214609 0
634.974524659354 0.08333333329500348 0
638.5998239271415 0.08333333329787523 0
642.2433407748346 0.08333333330076143 0
645.9051667490476 0.0833333333036621 0
649.5853938724809 0.08333333330657738 0
653.2841145734183 0.08333333330950732 0
657.0014218019828 0.08333333331245193 0
660.7374089978654 0.08333333331541137 0
664.4921700210422 0.08333333331838566 0
668.265799155878 0.08333333332137494 0
672.0583912271533 0.0833333333243792 0
675.8700415683026 0.08333333332739856 0
679.700845951907 0.08333333333043313 0
683.5509005943113 0.08333333333348292 0
687.4203022343734 0.08333333333654802 0
691.3091481018515 0.08333333333962856 0
695.2175359217637 0.08333333334272458 0
699.1455638828427 0.08333333334583612 0
703.0933306786502 0.08333333334896331 0
707.0609355135254 0.08333333335210624 0
711.0484780326261 0.08333333335526494 0
715.0560584383564 0.08333333335843951 0
719.0837774586406 0.08333333336163004 0
723.1317362778209 0.08333333336483661 0
727.2000365783653 0.08333333336805926 0
731.2887806203895 0.08333333337129814 0
735.398071136003 0.08333333337455329 0
739.5280113337053 0.08333333337782478 0
743.6787049780301 0.08333333338111273 0
747.8502563947757 0.0833333333844172 0
752.0427704025367 0.08333333338773827 0
756.2563523172638 0.08333333339107601 0
760.4911079950238 0.08333333339443055 0
764.7471438370059 0.08333333339780197 0
769.0245667953156 0.08333333340119028 0
773.3234843410155 0.08333333340459564 0
777.6440045066745 0.0833333334080181 0
781.9862358548603 0.08333333341145777 0
786.3502874463089 0.08333333341491472 0
790.7362689192649 0.08333333341838906 0
795.1442904955214 0.08333333342188085 0
799.5744629487084 0.08333333342539018 0
804.0268975729916 0.08333333342891713 0
808.501706225171 0.0833333334324618 0
812.9990013679264 0.08333333343602434 0
817.5188960012345 0.08333333343960472 0
822.0615036679075 0.08333333344320312 0
826.6269384962338 0.08333333344681959 0
831.2153152059799 0.08333333345045424 0
835.8267490770169 0.08333333345410715 0
840.4613559920895 0.08333333345777844 0
845.1192524058999 0.08333333346146815 0
849.8005553134938 0.08333333346517641 0
854.5053823672604 0.08333333346890331 0
859.2338517724188 0.08333333347264893 0
863.9860823288931 0.08333333347641336 0
868.7621934384126 0.08333333348019673 0
873.5623051094256 0.08333333348399913 0
878.3865379642874 0.0833333334878206 0
883.23501317017 0.08333333349166128 0
888.1078525567435 0.08333333349552127 0
893.0051785853375 0.08333333349940064 0
897.9271143181518 0.08333333350329952 0
902.8737833871414 0.083333333507218 0
907.8453100740912 0.08333333351115615 0
912.8418193173839 0.0833333335151141 0
917.863436643978 0.08333333351909195 0
922.9102882125733 0.08333333352308975 0
927.982500857203 0.0833333335271077 0
933.0802020197184 0.0833333335311458 0
938.203519755688 0.0833333335352042 0
943.3525828151705 0.08333333353928299 0
948.5275205753562 0.08333333354338229 0
953.7284630466011 0.08333333354750216 0
958.9555409163057 0.08333333355164274 0
964.208885518373 0.08333333355580416 0
969.4886288397674 0.08333333355998646 0
974.7949035271226 0.08333333356418979 0
980.1278428933942 0.08333333356841424 0
985.4875809245674 0.08333333357265993 0
990.8742523234631 0.08333333357692696 0
996.2879924428228 0.08333333358121542 0
1001.728937291425 0.08333333358552542 0
1007.197223578414 0.08333333358985706 0
1012.69298868284 0.0833333335942105 0
1018.216370697729 0.0833333335985858 0
1023.767508400088 0.08333333360298309 0
1029.346541257664 0.08333333360740247 0
1034.953609436108 0.08333333361184408 0
1040.588853842873 0.08333333361630801 0
1046.252416060771 0.08333333362079437 0
1051.944438391237 0.08333333362530326 0
1057.665063862452 0.0833333336298348 0
1063.414436198619 0.08333333363438913 0
1069.192699864875 0.08333333363896633 0
2 2 0 2685
2653
2654
2655
2656
2657
2658
2659
2660
2661
2662
2663
2664
2665
2666
2667
2668
2669
2670
2671
2672
2673
2674
2675
2676
2677
2678
2679
2680
2681
2682
2683
2684
2685
2686
2687
2688
2689
2690
2691
2692
2693
2694
2695
2696
2697
2698
2699
2700
2701
2702
2703
2704
2705
2706
2707
2708
2709
2710
2711
2712
2713
2714
2715
2716
2717
2718
2719
2720
2721
2722
2723
2724
2725
2726
2727
2728
2729
2730
2731
2732
2733
2734
2735
2736
2737
2738
2739
2740
2741
2742
2743
2744
2745
2746
2747
2748
2749
2750
2751
2752
2753
2754
2755
2756
2757
2758
2759
2760
2761
2762
2763
2764
2765
2766
2767
2768
2769
2770
2771
2772
2773
2774
2775
2776
2777
2778
2779
2780
2781
2782
2783
2784
2785
2786
2787
2788
2789
2790
2791
2792
2793
2794
2795
2796
2797
2798
2799
2800
2801
2802
2803
2804
2805
2806
2807
2808
2809
2810
2811
2812
2813
2814
2815
2816
2817
2818
2819
2820
2821
2822
2823
2824
2825
2826
2827
2828
2829
2830
2831
2832
2833
2834
2835
2836
2837
2838
2839
2840
2841
2842
2843
2844
2845
2846
2847
2848
2849
2850
2851
2852
2853
2854
2855
2856
2857
2858
2859
2860
2861
2862
2863
2864
2865
2866
2867
2868
2869
2870
2871
2872
2873
2874
2875
2876
2877
2878
2879
2880
2881
2882
2883
2884
2885
2886
2887
2888
2889
2890
2891
2892
2893
2894
2895
2896
2897
2898
2899
2900
2901
2902
2903
2904
2905
2906
2907
2908
2909
2910
2911
2912
2913
2914
2915
2916
2917
2918
2919
2920
2921
2922
2923
2924
2925
2926
2927
2928
2929
2930
2931
2932
2933
2934
2935
2936
2937
2938
2939
2940
2941
2942
2943
2944
2945
2946
2947
2948
2949
2950
2951
2952
2953
2954
2955
2956
2957
2958
2959
2960
2961
2962
2963
2964
2965
2966
2967
2968
2969
2970
2971
2972
2973
2974
2975
2976
2977
2978
2979
2980
2981
2982
2983
2984
2985
2986
2987
2988
2989
2990
2991
2992
2993
2994
2995
2996
2997
2998
2999
3000
3001
3002
3003
3004
3005
3006
3007
3008
3009
3010
3011
3012
3013
3014
3015
3016
3017
3018
3019
3020
3021
3022
3023
3024
3025
3026
3027
3028
3029
3030
3031
3032
3033
3034
3035
3036
3037
3038
3039
3040
3041
3042
3043
3044
3045
3046
3047
3048
3049
3050
3051
3052
3053
3054
3055
3056
3057
3058
3059
3060
3061
3062
3063
3064
3065
3066
3067
3068
3069
3070
3071
3072
3073
3074
3075
3076
3077
3078
3079
3080
3081
3082
3083
3084
3085
3086
3087
3088
3089
3090
3091
3092
3093
3094
3095
3096
3097
3098
3099
3100
3101
3102
3103
3104
3105
3106
3107
3108
3109
3110
3111
3112
3113
3114
3115
3116
3117
3118
3119
3120
3121
3122
3123
3124
3125
3126
3127
3128
3129
3130
3131
3132
3133
3134
3135
3136
3137
3138
3139
3140
3141
3142
3143
3144
3145
3146
3147
3148
3149
3150
3151
3152
3153
3154
3155
3156
3157
3158
3159
3160
3161
3162
3163
3164
3165
3166
3167
3168
3169
3170
3171
3172
3173
3174
3175
3176
3177
3178
3179
3180
3181
3182
3183
3184
3185
3186
3187
3188
3189
3190
3191
3192
3193
3194
3195
3196
3197
3198
3199
3200
3201
3202
3203
3204
3205
3206
3207
3208
3209
3210
3211
3212
3213
3214
3215
3216
3217
3218
3219
3220
3221
3222
3223
3224
3225
3226
3227
3228
3229
3230
3231
3232
3233
3234
3235
3236
3237
3238
3239
3240
3241
3242
3243
3244
3245
3246
3247
3248
3249
3250
3251
3252
3253
3254
3255
3256
3257
3258
3259
3260
3261
3262
3263
3264
3265
3266
3267
3268
3269
3270
3271
3272
3273
3274
3275
3276
3277
3278
3279
3280
3281
3282
3283
3284
3285
3286
3287
3288
3289
3290
3291
3292
3293
3294
3295
3296
3297
3298
3299
3300
3301
3302
3303
3304
3305
3306
3307
3308
3309
3310
3311
3312
3313
3314
3315
3316
3317
3318
3319
3320
3321
3322
3323
3324
3325
3326
3327
3328
3329
3330
3331
3332
3333
3334
3335
3336
3337
3338
3339
3340
3341
3342
3343
3344
3345
3346
3347
3348
3349
3350
3351
3352
3353
3354
3355
3356
3357
3358
3359
3360
3361
3362
3363
3364
3365
3366
3367
3368
3369
3370
3371
3372
3373
3374
3375
3376
3377
3378
3379
3380
3381
3382
3383
3384
3385
3386
3387
3388
3389
3390
3391
3392
3393
3394
3395
3396
3397
3398
3399
3400
3401
3402
3403
3404
3405
3406
3407
3408
3409
3410
3411
3412
3413
3414
3415
3416
3417
3418
3419
3420
3421
3422
3423
3424
3425
3426
3427
3428
3429
3430
3431
3432
3433
3434
3435
3436
3437
3438
3439
3440
3441
3442
3443
3444
3445
3446
3447
3448
3449
3450
3451
3452
3453
3454
3455
3456
3457
3458
3459
3460
3461
3462
3463
3464
3465
3466
3467
3468
3469
3470
3471
3472
3473
3474
3475
3476
3477
3478
3479
3480
3481
3482
3483
3484
3485
3486
3487
3488
3489
3490
3491
3492
3493
3494
3495
3496
3497
3498
3499
3500
3501
3502
3503
3504
3505
3506
3507
3508
3509
3510
3511
3512
3513
3514
3515
3516
3517
3518
3519
3520
3521
3522
3523
3524
3525
3526
3527
3528
3529
3530
3531
3532
3533
3534
3535
3536
3537
3538
3539
3540
3541
3542
3543
3544
3545
3546
3547
3548
3549
3550
3551
3552
3553
3554
3555
3556
3557
3558
3559
3560
3561
3562
3563
3564
3565
3566
3567
3568
3569
3570
3571
3572
3573
3574
3575
3576
3577
3578
3579
3580
3581
3582
3583
3584
3585
3586
3587
3588
3589
3590
3591
3592
3593
3594
3595
3596
3597
3598
3599
3600
3601
3602
3603
3604
3605
3606
3607
3608
3609
3610
3611
3612
3613
3614
3615
3616
3617
3618
3619
3620
3621
3622
3623
3624
3625
3626
3627
3628
3629
3630
3631
3632
3633
3634
3635
3636
3637
3638
3639
3640
3641
3642
3643
3644
3645
3646
3647
3648
3649
3650
3651
3652
3653
3654
3655
3656
3657
3658
3659
3660
3661
3662
3663
3664
3665
3666
3667
3668
3669
3670
3671
3672
3673
3674
3675
3676
3677
3678
3679
3680
3681
3682
3683
3684
3685
3686
3687
3688
3689
3690
3691
3692
3693
3694
3695
3696
3697
3698
3699
3700
3701
3702
3703
3704
3705
3706
3707
3708
3709
3710
3711
3712
3713
3714
3715
3716
3717
3718
3719
3720
3721
3722
3723
3724
3725
3726
3727
3728
3729
3730
3731
3732
3733
3734
3735
3736
3737
3738
3739
3740
3741
3742
3743
3744
3745
3746
3747
3748
3749
3750
3751
3752
3753
3754
3755
3756
3757
3758
3759
3760
3761
3762
3763
3764
3765
3766
3767
3768
3769
3770
3771
3772
3773
3774
3775
3776
3777
3778
3779
3780
3781
3782
3783
3784
3785
3786
3787
3788
3789
3790
3791
3792
3793
3794
3795
3796
3797
3798
3799
3800
3801
3802
3803
3804
3805
3806
3807
3808
3809
3810
3811
3812
3813
3814
3815
3816
3817
3818
3819
3820
3821
3822
3823
3824
3825
3826
3827
3828
3829
3830
3831
3832
3833
3834
3835
3836
3837
3838
3839
3840
3841
3842
3843
3844
3845
3846
3847
3848
3849
3850
3851
3852
3853
3854
3855
3856
3857
3858
3859
3860
3861
3862
3863
3864
3865
3866
3867
3868
3869
3870
3871
3872
3873
3874
3875
3876
3877
3878
3879
3880
3881
3882
3883
3884
3885
3886
3887
3888
3889
3890
3891
3892
3893
3894
3895
3896
3897
3898
3899
3900
3901
3902
3903
3904
3905
3906
3907
3908
3909
3910
3911
3912
3913
3914
3915
3916
3917
3918
3919
3920
3921
3922
3923
3924
3925
3926
3927
3928
3929
3930
3931
3932
3933
3934
3935
3936
3937
3938
3939
3940
3941
3942
3943
3944
3945
3946
3947
3948
3949
3950
3951
3952
3953
3954
3955
3956
3957
3958
3959
3960
3961
3962
3963
3964
3965
3966
3967
3968
3969
3970
3971
3972
3973
3974
3975
3976
3977
3978
3979
3980
3981
3982
3983
3984
3985
3986
3987
3988
3989
3990
3991
3992
3993
3994
3995
3996
3997
3998
3999
4000
4001
4002
4003
4004
4005
4006
4007
4008
4009
4010
4011
4012
4013
4014
4015
4016
4017
4018
4019
4020
4021
4022
4023
4024
4025
4026
4027
4028
4029
4030
4031
4032
4033
4034
4035
4036
4037
4038
4039
4040
4041
4042
4043
4044
4045
4046
4047
4048
4049
4050
4051
4052
4053
4054
4055
4056
4057
4058
4059
4060
4061
4062
4063
4064
4065
4066
4067
4068
4069
4070
4071
4072
4073
4074
4075
4076
4077
4078
4079
4080
4081
4082
4083
4084
4085
4086
4087
4088
4089
4090
4091
4092
4093
4094
4095
4096
4097
4098
4099
4100
4101
4102
4103
4104
4105
4106
4107
4108
4109
4110
4111
4112
4113
4114
4115
4116
4117
4118
4119
4120
4121
4122
4123
4124
4125
4126
4127
4128
4129
4130
4131
4132
4133
4134
4135
4136
4137
4138
4139
4140
4141
4142
4143
4144
4145
4146
4147
4148
4149
4150
4151
4152
4153
4154
4155
4156
4157
4158
4159
4160
4161
4162
4163
4164
4165
4166
4167
4168
4169
4170
4171
4172
4173
4174
4175
4176
4177
4178
4179
4180
4181
4182
4183
4184
4185
4186
4187
4188
4189
4190
4191
4192
4193
4194
4195
4196
4197
4198
4199
4200
4201
4202
4203
4204
4205
4206
4207
4208
4209
4210
4211
4212
4213
4214
4215
4216
4217
4218
4219
4220
4221
4222
4223
4224
4225
4226
4227
4228
4229
4230
4231
4232
4233
4234
4235
4236
4237
4238
4239
4240
4241
4242
4243
4244
4245
4246
4247
4248
4249
4250
4251
4252
4253
4254
4255
4256
4257
4258
4259
4260
4261
4262
4263
4264
4265
4266
4267
4268
4269
4270
4271
4272
4273
4274
4275
4276
4277
4278
4279
4280
4281
4282
4283
4284
4285
4286
4287
4288
4289
4290
4291
4292
4293
4294
4295
4296
4297
4298
4299
4300
4301
4302
4303
4304
4305
4306
4307
4308
4309
4310
4311
4312
4313
4314
4315
4316
4317
4318
4319
4320
4321
4322
4323
4324
4325
4326
4327
4328
4329
4330
4331
4332
4333
4334
4335
4336
4337
4338
4339
4340
4341
4342
4343
4344
4345
4346
4347
4348
4349
4350
4351
4352
4353
4354
4355
4356
4357
4358
4359
4360
4361
4362
4363
4364
4365
4366
4367
4368
4369
4370
4371
4372
4373
4374
4375
4376
4377
4378
4379
4380
4381
4382
4383
4384
4385
4386
4387
4388
4389
4390
4391
4392
4393
4394
4395
4396
4397
4398
4399
4400
4401
4402
4403
4404
4405
4406
4407
4408
4409
4410
4411
4412
4413
4414
4415
4416
4417
4418
4419
4420
4421
4422
4423
4424
4425
4426
4427
4428
4429
4430
4431
4432
4433
4434
4435
4436
4437
4438
4439
4440
4441
4442
4443
4444
4445
4446
4447
4448
4449
4450
4451
4452
4453
4454
4455
4456
4457
4458
4459
4460
4461
4462
4463
4464
4465
4466
4467
4468
4469
4470
4471
4472
4473
4474
4475
4476
4477
4478
4479
4480
4481
4482
4483
4484
4485
4486
4487
4488
4489
4490
4491
4492
4493
4494
4495
4496
4497
4498
4499
4500
4501
4502
4503
4504
4505
4506
4507
4508
4509
4510
4511
4512
4513
4514
4515
4516
4517
4518
4519
4520
4521
4522
4523
4524
4525
4526
4527
4528
4529
4530
4531
4532
4533
4534
4535
4536
4537
4538
4539
4540
4541
4542
4543
4544
4545
4546
4547
4548
4549
4550
4551
4552
4553
4554
4555
4556
4557
4558
4559
4560
4561
4562
4563
4564
4565
4566
4567
4568
4569
4570
4571
4572
4573
4574
4575
4576
4577
4578
4579
4580
4581
4582
4583
4584
4585
4586
4587
4588
4589
4590
4591
4592
4593
4594
4595
4596
4597
4598
4599
4600
4601
4602
4603
4604
4605
4606
4607
4608
4609
4610
4611
4612
4613
4614
4615
4616
4617
4618
4619
4620
4621
4622
4623
4624
4625
4626
4627
4628
4629
4630
4631
4632
4633
4634
4635
4636
4637
4638
4639
4640
4641
4642
4643
4644
4645
4646
4647
4648
4649
4650
4651
4652
4653
4654
4655
4656
4657
4658
4659
4660
4661
4662
4663
4664
4665
4666
4667
4668
4669
4670
4671
4672
4673
4674
4675
4676
4677
4678
4679
4680
4681
4682
4683
4684
4685
4686
4687
4688
4689
4690
4691
4692
4693
4694
4695
4696
4697
4698
4699
4700
4701
4702
4703
4704
4705
4706
4707
4708
4709
4710
4711
4712
4713
4714
4715
4716
4717
4718
4719
4720
4721
4722
4723
4724
4725
4726
4727
4728
4729
4730
4731
4732
4733
4734
4735
4736
4737
4738
4739
4740
4741
4742
4743
4744
4745
4746
4747
4748
4749
4750
4751
4752
4753
4754
4755
4756
4757
4758
4759
4760
4761
4762
4763
4764
4765
4766
4767
4768
4769
4770
4771
4772
4773
4774
4775
4776
4777
4778
4779
4780
4781
4782
4783
4784
4785
4786
4787
4788
4789
4790
4791
4792
4793
4794
4795
4796
4797
4798
4799
4800
4801
4802
4803
4804
4805
4806
4807
4808
4809
4810
4811
4812
4813
4814
4815
4816
4817
4818
4819
4820
4821
4822
4823
4824
4825
4826
4827
4828
4829
4830
4831
4832
4833
4834
4835
4836
4837
4838
4839
4840
4841
4842
4843
4844
4845
4846
4847
4848
4849
4850
4851
4852
4853
4854
4855
4856
4857
4858
4859
4860
4861
4862
4863
4864
4865
4866
4867
4868
4869
4870
4871
4872
4873
4874
4875
4876
4877
4878
4879
4880
4881
4882
4883
4884
4885
4886
4887
4888
4889
4890
4891
4892
4893
4894
4895
4896
4897
4898
4899
4900
4901
4902
4903
4904
4905
4906
4907
4908
4909
4910
4911
4912
4913
4914
4915
4916
4917
4918
4919
4920
4921
4922
4923
4924
4925
4926
4927
4928
4929
4930
4931
4932
4933
4934
4935
4936
4937
4938
4939
4940
4941
4942
4943
4944
4945
4946
4947
4948
4949
4950
4951
4952
4953
4954
4955
4956
4957
4958
4959
4960
4961
4962
4963
4964
4965
4966
4967
4968
4969
4970
4971
4972
4973
4974
4975
4976
4977
4978
4979
4980
4981
4982
4983
4984
4985
4986
4987
4988
4989
4990
4991
4992
4993
4994
4995
4996
4997
4998
4999
5000
5001
5002
5003
5004
5005
5006
5007
5008
5009
5010
5011
5012
5013
5014
5015
5016
5017
5018
5019
5020
5021
5022
5023
5024
5025
5026
5027
5028
5029
5030
5031
5032
5033
5034
5035
5036
5037
5038
5039
5040
5041
5042
5043
5044
5045
5046
5047
5048
5049
5050
5051
5052
5053
5054
5055
5056
5057
5058
5059
5060
5061
5062
5063
5064
5065
5066
5067
5068
5069
5070
5071
5072
5073
5074
5075
5076
5077
5078
5079
5080
5081
5082
5083
5084
5085
5086
5087
5088
5089
5090
5091
5092
5093
5094
5095
5096
5097
5098
5099
5100
5101
5102
5103
5104
5105
5106
5107
5108
5109
5110
5111
5112
5113
5114
5115
5116
5117
5118
5119
5120
5121
5122
5123
5124
5125
5126
5127
5128
5129
5130
5131
5132
5133
5134
5135
5136
5137
5138
5139
5140
5141
5142
5143
5144
5145
5146
5147
5148
5149
5150
5151
5152
5153
5154
5155
5156
5157
5158
5159
5160
5161
5162
5163
5164
5165
5166
5167
5168
5169
5170
5171
5172
5173
5174
5175
5176
5177
5178
5179
5180
5181
5182
5183
5184
5185
5186
5187
5188
5189
5190
5191
5192
5193
5194
5195
5196
5197
5198
5199
5200
5201
5202
5203
5204
5205
5206
5207
5208
5209
5210
5211
5212
5213
5214
5215
5216
5217
5218
5219
5220
5221
5222
5223
5224
5225
5226
5227
5228
5229
5230
5231
5232
5233
5234
5235
5236
5237
5238
5239
5240
5241
5242
5243
5244
5245
5246
5247
5248
5249
5250
5251
5252
5253
5254
5255
5256
5257
5258
5259
5260
5261
5262
5263
5264
5265
5266
5267
5268
5269
5270
5271
5272
5273
5274
5275
5276
5277
5278
5279
5280
5281
5282
5283
5284
5285
5286
5287
5288
5289
5290
5291
5292
5293
5294
5295
5296
5297
5298
5299
5300
5301
5302
5303
5304
5305
5306
5307
5308
5309
5310
5311
5312
5313
5314
5315
5316
5317
5318
5319
5320
5321
5322
5323
5324
5325
5326
5327
5328
5329
5330
5331
5332
5333
5334
5335
5336
5337
0.0529074239405234 -1.437014569862901 0
0.0529074239405234 -1.367030759066885 0
0.05290742394052341 -1.28927096958052 0
0.05290742394052341 -1.20287120322249 0
0.05290742394052341 -1.106871463056341 0
0.0529074239405234 -1.000205084951956 0
0.0529074239405234 -0.8816868865300703 0
0.0529074239405234 -0.7499999999999998 0
0.0529074239405234 -0.6183131134683799 0
0.05290742394052341 -0.4997949150462534 0
0.05290742394052341 -0.3931285369416916 0
0.05290742394052339 -0.2971287967759634 0
0.0529074239405234 -0.2107290304184055 0
0.0529074239405234 -0.1329692409324328 0
0.05290742394052341 -0.06298543013679768 0
0.1082552316198098 -1.437014569862901 0
0.1082552316198098 -1.367030759066885 0
0.1082552316198098 -1.28927096958052 0
0.1082552316198098 -1.20287120322249 0
0.1082552316198098 -1.106871463056341 0
0.1082552316198098 -1.000205084951957 0
0.1082552316198098 -0.8816868865300713 0
0.1082552316198098 -0.7499999999999998 0
0.1082552316198098 -0.6183131134683809 0
0.1082552316198098 -0.4997949150462546 0
0.1082552316198098 -0.3931285369416934 0
0.1082552316198098 -0.2971287967759649 0
0.1082552316198098 -0.2107290304184064 0
0.1082552316198098 -0.1329692409324335 0
0.1082552316198098 -0.06298543013679796 0
0.1661559996005339 -1.437014569862901 0
0.1661559996005339 -1.367030759066885 0
0.166155999600534 -1.28927096958052 0
0.1661559996005339 -1.20287120322249 0
0.1661559996005339 -1.106871463056341 0
0.1661559996005339 -1.000205084951957 0
0.1661559996005339 -0.8816868865300719 0
0.1661559996005339 -0.7499999999999998 0
0.1661559996005339 -0.6183131134683821 0
0.1661559996005339 -0.4997949150462558 0
0.1661559996005339 -0.3931285369416952 0
0.1661559996005339 -0.2971287967759664 0
0.1661559996005339 -0.2107290304184075 0
0.1661559996005339 -0.1329692409324341 0
0.1661559996005339 -0.06298543013679825 0
0.2267274870118612 -1.437014569862901 0
0.2267274870118612 -1.367030759066886 0
0.2267274870118612 -1.28927096958052 0
0.2267274870118612 -1.202871203222491 0
0.2267274870118612 -1.106871463056342 0
0.2267274870118612 -1.000205084951958 0
0.2267274870118612 -0.8816868865300727 0
0.2267274870118612 -0.7499999999999998 0
0.2267274870118612 -0.6183131134683831 0
0.2267274870118612 -0.4997949150462569 0
0.2267274870118612 -0.3931285369416971 0
0.2267274870118612 -0.297128796775968 0
0.2267274870118612 -0.2107290304184087 0
0.2267274870118612 -0.1329692409324348 0
0.2267274870118612 -0.06298543013679854 0
0.2900928737572071 -1.437014569862901 0
0.2900928737572072 -1.367030759066886 0
0.2900928737572072 -1.28927096958052 0
0.2900928737572071 -1.202871203222491 0
0.2900928737572072 -1.106871463056342 0
0.2900928737572072 -1.000205084951958 0
0.2900928737572071 -0.8816868865300735 0
0.2900928737572072 -0.7499999999999998 0
0.2900928737572071 -0.6183131134683844 0
0.2900928737572072 -0.4997949150462582 0
0.2900928737572071 -0.3931285369416991 0
0.2900928737572071 -0.2971287967759695 0
0.2900928737572071 -0.2107290304184098 0
0.290092873757207 -0.1329692409324355 0
0.2900928737572072 -0.06298543013679886 0
0.3563810353452075 -1.437014569862901 0
0.3563810353452075 -1.367030759066885 0
0.3563810353452075 -1.289270969580521 0
0.3563810353452075 -1.202871203222491 0
0.3563810353452077 -1.106871463056343 0
0.3563810353452075 -1.000205084951959 0
0.3563810353452075 -0.8816868865300745 0
0.3563810353452076 -0.7499999999999998 0
0.3563810353452075 -0.6183131134683857 0
0.3563810353452075 -0.4997949150462597 0
0.3563810353452075 -0.3931285369417013 0
0.3563810353452075 -0.2971287967759713 0
0.3563810353452075 -0.2107290304184109 0
0.3563810353452075 -0.1329692409324363 0
0.3563810353452075 -0.06298543013679922 0
0.4257267906646959 -1.437014569862901 0
0.4257267906646959 -1.367030759066886 0
0.4257267906646959 -1.289270969580521 0
0.4257267906646959 -1.202871203222492 0
0.4257267906646958 -1.106871463056343 0
0.4257267906646959 -1.00020508495196 0
0.4257267906646959 -0.8816868865300752 0
0.4257267906646958 -0.7499999999999998 0
0.4257267906646959 -0.618313113468387 0
0.4257267906646959 -0.4997949150462611 0
0.4257267906646958 -0.3931285369417035 0
0.4257267906646959 -0.2971287967759731 0
0.4257267906646959 -0.2107290304184122 0
0.4257267906646958 -0.132969240932437 0
0.4257267906646959 -0.06298543013679958 0
0.4982711723882104 -1.437014569862902 0
0.4982711723882104 -1.367030759066886 0
0.4982711723882104 -1.289270969580521 0
0.4982711723882104 -1.202871203222493 0
0.4982711723882104 -1.106871463056344 0
0.4982711723882105 -1.00020508495196 0
0.4982711723882104 -0.8816868865300761 0
0.4982711723882104 -0.7499999999999998 0
0.4982711723882104 -0.6183131134683884 0
0.4982711723882104 -0.4997949150462627 0
0.4982711723882104 -0.3931285369417057 0
0.4982711723882104 -0.2971287967759751 0
0.4982711723882104 -0.2107290304184135 0
0.4982711723882104 -0.1329692409324378 0
0.4982711723882104 -0.06298543013679991 0
0.5741617113452591 -1.437014569862902 0
0.5741617113452591 -1.367030759066886 0
0.5741617113452591 -1.289270969580522 0
0.5741617113452591 -1.202871203222493 0
0.5741617113452592 -1.106871463056344 0
0.5741617113452591 -1.000205084951961 0
0.5741617113452591 -0.8816868865300773 0
0.5741617113452591 -0.7499999999999998 0
0.5741617113452591 -0.6183131134683897 0
0.5741617113452591 -0.4997949150462642 0
0.5741617113452591 -0.3931285369417082 0
0.5741617113452591 -0.297128796775977 0
0.5741617113452591 -0.2107290304184149 0
0.5741617113452591 -0.1329692409324387 0
0.5741617113452591 -0.0629854301368003 0
0.6535527457979329 -1.437014569862902 0
0.6535527457979331 -1.367030759066886 0
0.6535527457979331 -1.289270969580522 0
0.6535527457979331 -1.202871203222493 0
0.6535527457979329 -1.106871463056345 0
0.6535527457979331 -1.000205084951962 0
0.6535527457979331 -0.8816868865300784 0
0.6535527457979331 -0.7499999999999999 0
0.6535527457979331 -0.6183131134683912 0
0.6535527457979331 -0.4997949150462657 0
0.6535527457979331 -0.3931285369417107 0
0.6535527457979331 -0.2971287967759791 0
0.6535527457979331 -0.2107290304184163 0
0.6535527457979331 -0.1329692409324396 0
0.6535527457979331 -0.06298543013680068 0
0.7366057482807846 -1.437014569862902 0
0.7366057482807845 -1.367030759066886 0
0.7366057482807846 -1.289270969580522 0
0.7366057482807845 -1.202871203222494 0
0.7366057482807846 -1.106871463056346 0
0.7366057482807843 -1.000205084951963 0
0.7366057482807846 -0.8816868865300793 0
0.7366057482807844 -0.7499999999999998 0
0.7366057482807846 -0.6183131134683929 0
0.7366057482807845 -0.4997949150462675 0
0.7366057482807846 -0.3931285369417133 0
0.7366057482807846 -0.2971287967759812 0
0.7366057482807845 -0.2107290304184177 0
0.7366057482807846 -0.1329692409324405 0
0.7366057482807846 -0.06298543013680111 0
0.8234896296101825 -1.437014569862902 0
0.8234896296101825 -1.367030759066887 0
0.8234896296101827 -1.289270969580523 0
0.8234896296101823 -1.202871203222494 0
0.8234896296101825 -1.106871463056346 0
0.8234896296101823 -1.000205084951964 0
0.8234896296101823 -0.8816868865300805 0
0.8234896296101825 -0.7499999999999998 0
0.8234896296101823 -0.6183131134683943 0
0.8234896296101825 -0.4997949150462693 0
0.8234896296101825 -0.3931285369417161 0
0.8234896296101823 -0.2971287967759835 0
0.8234896296101825 -0.2107290304184193 0
0.8234896296101825 -0.1329692409324415 0
0.8234896296101825 -0.06298543013680152 0
0.9143810975982357 -1.437014569862902 0
0.914381097598236 -1.367030759066887 0
0.914381097598236 -1.289270969580523 0
0.9143810975982358 -1.202871203222494 0
0.9143810975982359 -1.106871463056347 0
0.9143810975982358 -1.000205084951965 0
0.9143810975982362 -0.8816868865300815 0
0.914381097598236 -0.7499999999999998 0
0.9143810975982357 -0.6183131134683962 0
0.9143810975982358 -0.4997949150462711 0
0.9143810975982359 -0.3931285369417191 0
0.9143810975982359 -0.2971287967759857 0
0.9143810975982362 -0.210729030418421 0
0.9143810975982358 -0.1329692409324425 0
0.9143810975982359 -0.062985430136802 0
1.009465011953953 -1.437014569862902 0
1.009465011953953 -1.367030759066887 0
1.009465011953954 -1.289270969580524 0
1.009465011953953 -1.202871203222495 0
1.009465011953953 -1.106871463056348 0
1.009465011953953 -1.000205084951966 0
1.009465011953953 -0.8816868865300828 0
1.009465011953953 -0.7499999999999999 0
1.009465011953953 -0.6183131134683979 0
1.009465011953954 -0.499794915046273 0
1.009465011953953 -0.3931285369417219 0
1.009465011953953 -0.2971287967759883 0
1.009465011953953 -0.2107290304184226 0
1.009465011953953 -0.1329692409324436 0
1.009465011953953 -0.06298543013680247 0
1.108934744315515 -1.437014569862902 0
1.108934744315515 -1.367030759066887 0
1.108934744315515 -1.289270969580524 0
1.108934744315515 -1.202871203222495 0
1.108934744315515 -1.106871463056349 0
1.108934744315515 -1.000205084951967 0
1.108934744315515 -0.8816868865300842 0
1.108934744315515 -0.7499999999999998 0
1.108934744315515 -0.6183131134684 0
1.108934744315515 -0.4997949150462752 0
1.108934744315515 -0.3931285369417253 0
1.108934744315515 -0.2971287967759909 0
1.108934744315515 -0.2107290304184244 0
1.108934744315515 -0.1329692409324447 0
1.108934744315515 -0.06298543013680297 0
1.212992586072749 -1.437014569862902 0
1.212992586072749 -1.367030759066888 0
1.212992586072749 -1.289270969580524 0
1.212992586072749 -1.202871203222496 0
1.212992586072749 -1.106871463056349 0
1.212992586072749 -1.000205084951968 0
1.212992586072749 -0.8816868865300854 0
1.212992586072749 -0.7499999999999998 0
1.212992586072749 -0.6183131134684018 0
1.212992586072749 -0.4997949150462773 0
1.212992586072749 -0.3931285369417284 0
1.212992586072749 -0.2971287967759935 0
1.212992586072749 -0.2107290304184263 0
1.212992586072749 -0.1329692409324459 0
1.212992586072749 -0.06298543013680347 0
1.321850170920289 -1.437014569862902 0
1.321850170920288 -1.367030759066888 0
1.321850170920288 -1.289270969580525 0
1.321850170920288 -1.202871203222496 0
1.321850170920288 -1.10687146305635 0
1.321850170920288 -1.000205084951969 0
1.321850170920288 -0.8816868865300869 0
1.321850170920289 -0.7499999999999998 0
1.321850170920288 -0.6183131134684039 0
1.321850170920288 -0.4997949150462795 0
1.321850170920288 -0.393128536941732 0
1.321850170920288 -0.2971287967759964 0
1.321850170920288 -0.2107290304184283 0
1.321850170920288 -0.1329692409324472 0
1.321850170920288 -0.06298543013680401 0
1.435728891362283 -1.437014569862903 0
1.435728891362284 -1.367030759066888 0
1.435728891362284 -1.289270969580525 0
1.435728891362283 -1.202871203222497 0
1.435728891362284 -1.106871463056351 0
1.435728891362284 -1.00020508495197 0
1.435728891362284 -0.8816868865300885 0
1.435728891362284 -0.7499999999999998 0
1.435728891362284 -0.6183131134684061 0
1.435728891362284 -0.499794915046282 0
1.435728891362283 -0.3931285369417356 0
1.435728891362283 -0.2971287967759993 0
1.435728891362284 -0.2107290304184303 0
1.435728891362283 -0.1329692409324484 0
1.435728891362284 -0.0629854301368046 0
1.554860349200524 -1.437014569862903 0
1.554860349200524 -1.367030759066888 0
1.554860349200524 -1.289270969580525 0
1.554860349200524 -1.202871203222498 0
1.554860349200524 -1.106871463056352 0
1.554860349200524 -1.000205084951971 0
1.554860349200524 -0.88168688653009 0
1.554860349200524 -0.7499999999999999 0
1.554860349200524 -0.6183131134684083 0
1.554860349200524 -0.4997949150462843 0
1.554860349200524 -0.3931285369417393 0
1.554860349200524 -0.2971287967760024 0
1.554860349200524 -0.2107290304184324 0
1.554860349200524 -0.1329692409324497 0
1.554860349200524 -0.06298543013680519 0
1.679486828871029 -1.437014569862903 0
1.679486828871029 -1.367030759066888 0
1.679486828871029 -1.289270969580526 0
1.679486828871029 -1.202871203222499 0
1.679486828871029 -1.106871463056352 0
1.679486828871029 -1.000205084951972 0
1.679486828871029 -0.8816868865300918 0
1.679486828871029 -0.7499999999999997 0
1.679486828871029 -0.6183131134684106 0
1.679486828871029 -0.4997949150462869 0
1.679486828871029 -0.3931285369417433 0
1.679486828871029 -0.2971287967760057 0
1.679486828871029 -0.2107290304184347 0
1.679486828871029 -0.1329692409324512 0
1.679486828871029 -0.0629854301368058 0
1.809861792631549 -1.437014569862903 0
1.80986179263155 -1.367030759066888 0
1.809861792631549 -1.289270969580526 0
1.809861792631549 -1.202871203222499 0
1.809861792631549 -1.106871463056354 0
1.809861792631549 -1.000205084951973 0
1.80986179263155 -0.8816868865300934 0
1.809861792631549 -0.7499999999999998 0
1.80986179263155 -0.6183131134684131 0
1.809861792631549 -0.4997949150462896 0
1.809861792631549 -0.3931285369417475 0
1.809861792631549 -0.2971287967760091 0
1.809861792631549 -0.210729030418437 0
1.809861792631549 -0.1329692409324526 0
1.809861792631549 -0.06298543013680646 0
1.9462503954421 -1.437014569862903 0
1.9462503954421 -1.367030759066889 0
1.9462503954421 -1.289270969580526 0
1.9462503954421 -1.2028712032225 0
1.9462503954421 -1.106871463056355 0
1.9462503954421 -1.000205084951975 0
1.9462503954421 -0.8816868865300951 0
1.9462503954421 -0.7499999999999998 0
1.9462503954421 -0.6183131134684158 0
1.9462503954421 -0.4997949150462924 0
1.9462503954421 -0.3931285369417518 0
1.9462503954421 -0.2971287967760126 0
1.9462503954421 -0.2107290304184395 0
1.9462503954421 -0.1329692409324542 0
1.9462503954421 -0.06298543013680713 0
2.088930021269221 -1.437014569862903 0
2.088930021269221 -1.367030759066889 0
2.088930021269221 -1.289270969580527 0
2.088930021269221 -1.2028712032225 0
2.088930021269221 -1.106871463056356 0
2.088930021269221 -1.000205084951976 0
2.088930021269221 -0.8816868865300967 0
2.088930021269221 -0.7499999999999998 0
2.088930021269221 -0.6183131134684183 0
2.088930021269221 -0.4997949150462954 0
2.088930021269221 -0.3931285369417563 0
2.088930021269221 -0.2971287967760163 0
2.088930021269221 -0.210729030418442 0
2.088930021269221 -0.1329692409324558 0
2.088930021269221 -0.06298543013680785 0
2.238190844949516 -1.437014569862903 0
2.238190844949517 -1.367030759066889 0
2.238190844949516 -1.289270969580528 0
2.238190844949516 -1.202871203222501 0
2.238190844949516 -1.106871463056356 0
2.238190844949516 -1.000205084951978 0
2.238190844949516 -0.8816868865300989 0
2.238190844949516 -0.7499999999999998 0
2.238190844949516 -0.618313113468421 0
2.238190844949516 -0.4997949150462984 0
2.238190844949516 -0.393128536941761 0
2.238190844949516 -0.2971287967760202 0
2.238190844949516 -0.2107290304184447 0
2.238190844949516 -0.1329692409324575 0
2.238190844949516 -0.0629854301368086 0
2.394336432237298 -1.437014569862903 0
2.394336432237298 -1.36703075906689 0
2.394336432237298 -1.289270969580528 0
2.394336432237298 -1.202871203222502 0
2.394336432237298 -1.106871463056358 0
2.394336432237298 -1.000205084951979 0
2.394336432237298 -0.8816868865301009 0
2.394336432237298 -0.7499999999999998 0
2.394336432237298 -0.618313113468424 0
2.394336432237298 -0.4997949150463017 0
2.394336432237298 -0.393128536941766 0
2.394336432237298 -0.2971287967760243 0
2.394336432237298 -0.2107290304184475 0
2.394336432237298 -0.1329692409324592 0
2.394336432237298 -0.06298543013680941 0
2.557684346139543 -1.437014569862904 0
2.557684346139542 -1.36703075906689 0
2.557684346139543 -1.289270969580529 0
2.557684346139542 -1.202871203222503 0
2.557684346139543 -1.106871463056359 0
2.557684346139543 -1.000205084951981 0
2.557684346139542 -0.8816868865301029 0
2.557684346139543 -0.7499999999999999 0
2.557684346139542 -0.6183131134684272 0
2.557684346139543 -0.499794915046305 0
2.557684346139543 -0.3931285369417712 0
2.557684346139542 -0.2971287967760284 0
2.557684346139542 -0.2107290304184505 0
2.557684346139542 -0.1329692409324611 0
2.557684346139542 -0.06298543013681017 0
2.728566794254319 -1.437014569862904 0
2.72856679425432 -1.367030759066891 0
2.72856679425432 -1.28927096958053 0
2.72856679425432 -1.202871203222504 0
2.72856679425432 -1.106871463056361 0
2.72856679425432 -1.000205084951983 0
2.72856679425432 -0.881686886530105 0
2.72856679425432 -0.7499999999999998 0
2.72856679425432 -0.6183131134684307 0
2.72856679425432 -0.4997949150463086 0
2.72856679425432 -0.3931285369417767 0
2.72856679425432 -0.2971287967760329 0
2.728566794254319 -0.2107290304184535 0
2.72856679425432 -0.132969240932463 0
2.72856679425432 -0.06298543013681106 0
2.907331327635222 -1.437014569862904 0
2.907331327635221 -1.367030759066891 0
2.907331327635221 -1.28927096958053 0
2.90733132763522 -1.202871203222505 0
2.90733132763522 -1.106871463056362 0
2.90733132763522 -1.000205084951985 0
2.907331327635221 -0.8816868865301072 0
2.90733132763522 -0.7499999999999998 0
2.907331327635221 -0.6183131134684338 0
2.907331327635221 -0.4997949150463123 0
2.907331327635221 -0.3931285369417823 0
2.907331327635221 -0.2971287967760376 0
2.907331327635221 -0.2107290304184567 0
2.907331327635221 -0.132969240932465 0
2.907331327635221 -0.06298543013681196 0
3.094341506673161 -1.437014569862904 0
3.094341506673163 -1.367030759066892 0
3.094341506673162 -1.289270969580531 0
3.094341506673161 -1.202871203222506 0
3.094341506673161 -1.106871463056363 0
3.094341506673163 -1.000205084951987 0
3.094341506673162 -0.8816868865301098 0
3.094341506673161 -0.7499999999999998 0
3.094341506673162 -0.6183131134684372 0
3.094341506673163 -0.4997949150463161 0
3.094341506673162 -0.3931285369417883 0
3.094341506673161 -0.2971287967760424 0
3.094341506673163 -0.2107290304184601 0
3.094341506673162 -0.1329692409324671 0
3.094341506673162 -0.0629854301368129 0
3.289977656701613 -1.437014569862904 0
3.289977656701613 -1.367030759066892 0
3.289977656701613 -1.289270969580532 0
3.289977656701613 -1.202871203222507 0
3.289977656701613 -1.106871463056365 0
3.289977656701613 -1.000205084951988 0
3.289977656701613 -0.8816868865301124 0
3.289977656701613 -0.7499999999999999 0
3.289977656701613 -0.618313113468441 0
3.289977656701613 -0.4997949150463202 0
3.289977656701613 -0.3931285369417946 0
3.289977656701613 -0.2971287967760475 0
3.289977656701613 -0.2107290304184636 0
3.289977656701613 -0.1329692409324693 0
3.289977656701613 -0.06298543013681383 0
3.494637663548409 -1.437014569862904 0
3.494637663548409 -1.367030759066892 0
3.49463766354841 -1.289270969580532 0
3.494637663548409 -1.202871203222509 0
3.494637663548409 -1.106871463056366 0
3.494637663548409 -1.00020508495199 0
3.494637663548409 -0.8816868865301152 0
3.494637663548408 -0.7499999999999998 0
3.494637663548409 -0.6183131134684446 0
3.494637663548409 -0.4997949150463244 0
3.494637663548409 -0.3931285369418009 0
3.494637663548409 -0.2971287967760528 0
3.494637663548409 -0.2107290304184673 0
3.494637663548409 -0.1329692409324716 0
3.494637663548409 -0.06298543013681489 0
3.70873776620827 -1.437014569862904 0
3.708737766208271 -1.367030759066893 0
3.708737766208269 -1.289270969580533 0
3.708737766208269 -1.20287120322251 0
3.708737766208269 -1.106871463056368 0
3.70873776620827 -1.000205084951993 0
3.70873776620827 -0.8816868865301181 0
3.70873776620827 -0.7499999999999998 0
3.70873776620827 -0.6183131134684487 0
3.70873776620827 -0.4997949150463288 0
3.70873776620827 -0.3931285369418079 0
3.70873776620827 -0.2971287967760584 0
3.70873776620827 -0.2107290304184712 0
3.70873776620827 -0.132969240932474 0
3.70873776620827 -0.06298543013681596 0
3.93271339113962 -1.437014569862905 0
3.93271339113962 -1.367030759066893 0
3.932713391139619 -1.289270969580534 0
3.93271339113962 -1.202871203222511 0
3.93271339113962 -1.10687146305637 0
3.93271339113962 -1.000205084951995 0
3.93271339113962 -0.8816868865301206 0
3.93271339113962 -0.7499999999999998 0
3.93271339113962 -0.6183131134684532 0
3.93271339113962 -0.4997949150463334 0
3.93271339113962 -0.393128536941815 0
3.93271339113962 -0.2971287967760642 0
3.93271339113962 -0.2107290304184751 0
3.93271339113962 -0.1329692409324766 0
3.932713391139619 -0.06298543013681705 0
4.167020054473838 -1.437014569862906 0
4.167020054473838 -1.367030759066894 0
4.167020054473838 -1.289270969580534 0
4.167020054473838 -1.202871203222512 0
4.167020054473838 -1.106871463056371 0
4.167020054473838 -1.000205084951997 0
4.167020054473838 -0.8816868865301237 0
4.167020054473838 -0.7499999999999998 0
4.167020054473838 -0.6183131134684575 0
4.167020054473838 -0.4997949150463381 0
4.167020054473838 -0.3931285369418224 0
4.167020054473838 -0.2971287967760703 0
4.167020054473838 -0.2107290304184793 0
4.167020054473838 -0.1329692409324792 0
4.167020054473838 -0.06298543013681822 0
4.412134282880386 -1.437014569862905 0
4.412134282880385 -1.367030759066895 0
4.412134282880384 -1.289270969580536 0
4.412134282880386 -1.202871203222513 0
4.412134282880386 -1.106871463056373 0
4.412134282880386 -1.000205084952 0
4.412134282880386 -0.8816868865301268 0
4.412134282880386 -0.7499999999999998 0
4.412134282880386 -0.6183131134684621 0
4.412134282880386 -0.4997949150463432 0
4.412134282880386 -0.3931285369418302 0
4.412134282880386 -0.2971287967760766 0
4.412134282880386 -0.2107290304184837 0
4.412134282880386 -0.132969240932482 0
4.412134282880386 -0.06298543013681944 0
4.668554581649741 -1.437014569862905 0
4.668554581649741 -1.367030759066895 0
4.668554581649742 -1.289270969580537 0
4.668554581649741 -1.202871203222515 0
4.668554581649742 -1.106871463056375 0
4.668554581649741 -1.000205084952002 0
4.668554581649741 -0.8816868865301302 0
4.668554581649742 -0.7499999999999998 0
4.668554581649741 -0.618313113468467 0
4.668554581649742 -0.4997949150463485 0
4.668554581649741 -0.3931285369418383 0
4.668554581649741 -0.2971287967760833 0
4.668554581649741 -0.2107290304184884 0
4.668554581649742 -0.1329692409324849 0
4.668554581649741 -0.06298543013682073 0
4.936802456326024 -1.437014569862905 0
4.936802456326026 -1.367030759066896 0
4.936802456326024 -1.289270969580538 0
4.936802456326024 -1.202871203222516 0
4.936802456326024 -1.106871463056377 0
4.936802456326024 -1.000205084952005 0
4.936802456326024 -0.8816868865301336 0
4.936802456326024 -0.7499999999999998 0
4.936802456326024 -0.6183131134684718 0
4.936802456326024 -0.4997949150463541 0
4.936802456326024 -0.393128536941847 0
4.936802456326023 -0.2971287967760903 0
4.936802456326024 -0.2107290304184931 0
4.936802456326024 -0.1329692409324879 0
4.936802456326023 -0.06298543013682205 0
5.217423455718955 -1.437014569862906 0
5.217423455718952 -1.367030759066896 0
5.217423455718953 -1.289270969580538 0
5.217423455718953 -1.202871203222517 0
5.217423455718953 -1.106871463056379 0
5.217423455718955 -1.000205084952007 0
5.217423455718954 -0.8816868865301373 0
5.217423455718952 -0.7499999999999998 0
5.217423455718954 -0.6183131134684772 0
5.217423455718953 -0.4997949150463599 0
5.217423455718954 -0.3931285369418558 0
5.217423455718954 -0.2971287967760975 0
5.217423455718954 -0.2107290304184982 0
5.217423455718953 -0.1329692409324911 0
5.217423455718954 -0.06298543013682346 0
5.510988297237274 -1.437014569862906 0
5.510988297237274 -1.367030759066896 0
5.510988297237275 -1.28927096958054 0
5.510988297237275 -1.202871203222519 0
5.510988297237275 -1.106871463056381 0
5.510988297237275 -1.000205084952011 0
5.510988297237274 -0.881686886530141 0
5.510988297237273 -0.7499999999999998 0
5.510988297237275 -0.6183131134684831 0
5.510988297237274 -0.4997949150463659 0
5.510988297237274 -0.3931285369418652 0
5.510988297237275 -0.2971287967761052 0
5.510988297237275 -0.2107290304185034 0
5.510988297237274 -0.1329692409324943 0
5.510988297237275 -0.06298543013682494 0
5.81809402680274 -1.437014569862907 0
5.818094026802737 -1.367030759066897 0
5.818094026802738 -1.289270969580541 0
5.81809402680274 -1.202871203222521 0
5.818094026802738 -1.106871463056384 0
5.81809402680274 -1.000205084952013 0
5.818094026802738 -0.881686886530145 0
5.818094026802736 -0.7499999999999998 0
5.818094026802738 -0.6183131134684886 0
5.818094026802738 -0.4997949150463724 0
5.818094026802738 -0.3931285369418749 0
5.818094026802738 -0.2971287967761131 0
5.818094026802739 -0.210729030418509 0
5.818094026802737 -0.1329692409324978 0
5.818094026802738 -0.06298543013682649 0
6.139365234289694 -1.437014569862907 0
6.139365234289692 -1.367030759066898 0
6.139365234289696 -1.289270969580542 0
6.139365234289693 -1.202871203222523 0
6.139365234289695 -1.106871463056386 0
6.139365234289693 -1.000205084952017 0
6.139365234289693 -0.881686886530149 0
6.139365234289693 -0.7499999999999998 0
6.139365234289693 -0.6183131134684946 0
6.139365234289694 -0.4997949150463788 0
6.139365234289693 -0.3931285369418852 0
6.139365234289694 -0.2971287967761215 0
6.139365234289693 -0.2107290304185147 0
6.139365234289694 -0.1329692409325015 0
6.139365234289693 -0.06298543013682809 0
6.475455304710522 -1.437014569862907 0
6.475455304710521 -1.367030759066899 0
6.475455304710521 -1.289270969580543 0
6.475455304710522 -1.202871203222525 0
6.475455304710522 -1.106871463056388 0
6.475455304710522 -1.00020508495202 0
6.475455304710522 -0.8816868865301536 0
6.475455304710522 -0.7499999999999998 0
6.475455304710522 -0.6183131134685013 0
6.475455304710522 -0.4997949150463858 0
6.475455304710522 -0.3931285369418958 0
6.475455304710521 -0.2971287967761303 0
6.475455304710522 -0.2107290304185208 0
6.475455304710521 -0.1329692409325052 0
6.475455304710522 -0.06298543013682978 0
6.827047770250913 -1.437014569862908 0
6.82704777025091 -1.3670307590669 0
6.827047770250911 -1.289270969580544 0
6.827047770250912 -1.202871203222526 0
6.827047770250911 -1.106871463056391 0
6.827047770250913 -1.000205084952024 0
6.82704777025091 -0.8816868865301583 0
6.827047770250912 -0.7499999999999997 0
6.827047770250911 -0.6183131134685075 0
6.82704777025091 -0.499794915046393 0
6.82704777025091 -0.3931285369419069 0
6.827047770250909 -0.2971287967761394 0
6.827047770250911 -0.2107290304185271 0
6.82704777025091 -0.1329692409325092 0
6.827047770250911 -0.0629854301368315 0
7.194857688483841 -1.437014569862908 0
7.194857688483843 -1.3670307590669 0
7.194857688483846 -1.289270969580546 0
7.194857688483843 -1.202871203222528 0
7.194857688483845 -1.106871463056394 0
7.194857688483843 -1.000205084952028 0
7.194857688483843 -0.8816868865301629 0
7.194857688483843 -0.7499999999999997 0
7.194857688483843 -0.6183131134685145 0
7.194857688483845 -0.4997949150464005 0
7.194857688483843 -0.3931285369419187 0
7.194857688483843 -0.297128796776149 0
7.194857688483843 -0.2107290304185338 0
7.194857688483843 -0.1329692409325133 0
7.194857688483843 -0.06298543013683336 0
7.579633103339388 -1.437014569862908 0
7.579633103339387 -1.367030759066901 0
7.579633103339386 -1.289270969580547 0
7.579633103339386 -1.202871203222531 0
7.579633103339385 -1.106871463056397 0
7.579633103339388 -1.000205084952031 0
7.579633103339386 -0.8816868865301676 0
7.579633103339386 -0.7499999999999998 0
7.579633103339386 -0.6183131134685218 0
7.579633103339386 -0.4997949150464085 0
7.579633103339386 -0.3931285369419309 0
7.579633103339386 -0.2971287967761589 0
7.579633103339386 -0.2107290304185406 0
7.579633103339386 -0.1329692409325177 0
7.579633103339385 -0.06298543013683527 0
7.982156564963012 -1.437014569862909 0
7.982156564963011 -1.367030759066902 0
7.982156564963011 -1.289270969580549 0
7.982156564963011 -1.202871203222533 0
7.982156564963012 -1.1068714630564 0
7.982156564963011 -1.000205084952035 0
7.982156564963011 -0.8816868865301729 0
7.98215656496301 -0.7499999999999998 0
7.982156564963011 -0.6183131134685294 0
7.982156564963011 -0.4997949150464169 0
7.982156564963011 -0.3931285369419438 0
7.982156564963011 -0.2971287967761694 0
7.982156564963012 -0.2107290304185479 0
7.982156564963011 -0.1329692409325222 0
7.982156564963012 -0.06298543013683727 0
8.403246711169402 -1.437014569862909 0
8.403246711169402 -1.367030759066903 0
8.403246711169402 -1.289270969580551 0
8.403246711169402 -1.202871203222535 0
8.403246711169402 -1.106871463056403 0
8.403246711169402 -1.000205084952039 0
8.403246711169402 -0.8816868865301786 0
8.403246711169402 -0.7499999999999998 0
8.403246711169402 -0.6183131134685373 0
8.403246711169402 -0.4997949150464256 0
8.4032467111694 -0.3931285369419571 0
8.403246711169402 -0.2971287967761804 0
8.403246711169402 -0.2107290304185554 0
8.403246711169402 -0.132969240932527 0
8.403246711169402 -0.06298543013683938 0
8.843759948262431 -1.43701456986291 0
8.843759948262425 -1.367030759066904 0
8.843759948262424 -1.289270969580552 0
8.843759948262427 -1.202871203222537 0
8.843759948262427 -1.106871463056406 0
8.843759948262427 -1.000205084952044 0
8.843759948262427 -0.8816868865301841 0
8.843759948262427 -0.7499999999999998 0
8.843759948262427 -0.6183131134685457 0
8.843759948262427 -0.4997949150464346 0
8.843759948262427 -0.3931285369419711 0
8.843759948262427 -0.2971287967761918 0
8.843759948262427 -0.2107290304185633 0
8.843759948262427 -0.1329692409325319 0
8.843759948262427 -0.0629854301368416 0
9.304592170472564 -1.43701456986291 0
9.304592170472565 -1.367030759066905 0
9.304592170472564 -1.289270969580553 0
9.304592170472564 -1.202871203222539 0
9.30459217047256 -1.10687146305641 0
9.304592170472564 -1.000205084952049 0
9.304592170472564 -0.8816868865301903 0
9.304592170472564 -0.7499999999999997 0
9.304592170472562 -0.6183131134685542 0
9.304592170472564 -0.4997949150464441 0
9.304592170472564 -0.3931285369419858 0
9.304592170472564 -0.2971287967762038 0
9.304592170472564 -0.2107290304185716 0
9.304592170472564 -0.1329692409325371 0
9.304592170472562 -0.06298543013684388 0
9.786680616515621 -1.43701456986291 0
9.786680616515621 -1.367030759066906 0
9.786680616515621 -1.289270969580555 0
9.786680616515618 -1.202871203222542 0
9.786680616515621 -1.106871463056413 0
9.786680616515625 -1.000205084952053 0
9.786680616515621 -0.8816868865301964 0
9.786680616515621 -0.7499999999999998 0
9.786680616515621 -0.6183131134685634 0
9.786680616515621 -0.4997949150464541 0
9.786680616515621 -0.3931285369420011 0
9.786680616515621 -0.2971287967762162 0
9.786680616515621 -0.2107290304185803 0
9.786680616515621 -0.1329692409325425 0
9.786680616515621 -0.06298543013684629 0
10.29100574871447 -1.437014569862911 0
10.29100574871447 -1.367030759066907 0
10.29100574871447 -1.289270969580557 0
10.29100574871447 -1.202871203222545 0
10.29100574871447 -1.106871463056417 0
10.29100574871447 -1.000205084952058 0
10.29100574871447 -0.8816868865302029 0
10.29100574871447 -0.7499999999999998 0
10.29100574871447 -0.6183131134685729 0
10.29100574871447 -0.4997949150464644 0
10.29100574871447 -0.393128536942017 0
10.29100574871447 -0.2971287967762294 0
10.29100574871447 -0.2107290304185893 0
10.29100574871447 -0.1329692409325482 0
10.29100574871447 -0.06298543013684882 0
10.81859323426491 -1.437014569862912 0
10.81859323426492 -1.367030759066908 0
10.81859323426492 -1.289270969580559 0
10.81859323426491 -1.202871203222547 0
10.81859323426491 -1.106871463056421 0
10.81859323426492 -1.000205084952064 0
10.81859323426492 -0.8816868865302099 0
10.81859323426492 -0.7499999999999998 0
10.81859323426492 -0.6183131134685829 0
10.81859323426492 -0.4997949150464754 0
10.81859323426492 -0.3931285369420339 0
10.81859323426492 -0.2971287967762431 0
10.81859323426492 -0.2107290304185988 0
10.81859323426492 -0.1329692409325542 0
10.81859323426492 -0.06298543013685141 0
11.3705160759632 -1.437014569862912 0
11.3705160759632 -1.36703075906691 0
11.3705160759632 -1.289270969580561 0
11.3705160759632 -1.202871203222551 0
11.3705160759632 -1.106871463056425 0
11.3705160759632 -1.000205084952069 0
11.3705160759632 -0.8816868865302169 0
11.3705160759632 -0.7499999999999999 0
11.3705160759632 -0.6183131134685931 0
11.3705160759632 -0.4997949150464866 0
11.3705160759632 -0.3931285369420515 0
11.3705160759632 -0.2971287967762575 0
11.3705160759632 -0.2107290304186087 0
11.3705160759632 -0.1329692409325604 0
11.3705160759632 -0.0629854301368542 0
11.94789675992875 -1.437014569862913 0
11.94789675992875 -1.367030759066911 0
11.94789675992875 -1.289270969580563 0
11.94789675992875 -1.202871203222554 0
11.94789675992875 -1.106871463056429 0
11.94789675992875 -1.000205084952074 0
11.94789675992875 -0.8816868865302243 0
11.94789675992875 -0.7499999999999997 0
11.94789675992876 -0.6183131134686043 0
11.94789675992875 -0.4997949150464988 0
11.94789675992875 -0.3931285369420698 0
11.94789675992875 -0.2971287967762724 0
11.94789675992875 -0.210729030418619 0
11.94789675992875 -0.1329692409325669 0
11.94789675992875 -0.06298543013685709 0
12.55190954375755 -1.437014569862913 0
12.55190954375754 -1.367030759066912 0
12.55190954375754 -1.289270969580566 0
12.55190954375754 -1.202871203222557 0
12.55190954375754 -1.106871463056434 0
12.55190954375754 -1.000205084952081 0
12.55190954375754 -0.8816868865302321 0
12.55190954375754 -0.7499999999999997 0
12.55190954375754 -0.6183131134686154 0
12.55190954375754 -0.4997949150465111 0
12.55190954375754 -0.393128536942089 0
12.55190954375754 -0.2971287967762882 0
12.55190954375754 -0.2107290304186299 0
12.55190954375754 -0.1329692409325737 0
12.55190954375754 -0.06298543013686009 0
13.18378284337222 -1.437014569862914 0
13.18378284337222 -1.367030759066913 0
13.18378284337222 -1.289270969580567 0
13.18378284337222 -1.20287120322256 0
13.18378284337222 -1.106871463056439 0
13.18378284337222 -1.000205084952087 0
13.18378284337222 -0.8816868865302405 0
13.18378284337222 -0.7499999999999998 0
13.18378284337222 -0.6183131134686273 0
13.18378284337222 -0.499794915046524 0
13.18378284337222 -0.3931285369421091 0
13.18378284337222 -0.2971287967763046 0
13.18378284337222 -0.2107290304186412 0
13.18378284337222 -0.1329692409325808 0
13.18378284337222 -0.06298543013686324 0
13.84480175236791 -1.437014569862914 0
13.84480175236791 -1.367030759066915 0
13.84480175236791 -1.28927096958057 0
13.84480175236791 -1.202871203222564 0
13.84480175236791 -1.106871463056444 0
13.84480175236791 -1.000205084952094 0
13.84480175236791 -0.8816868865302488 0
13.84480175236791 -0.7499999999999998 0
13.8448017523679 -0.6183131134686398 0
13.84480175236791 -0.4997949150465378 0
13.84480175236791 -0.3931285369421301 0
13.84480175236791 -0.2971287967763217 0
13.84480175236791 -0.2107290304186531 0
13.84480175236791 -0.1329692409325883 0
13.84480175236791 -0.06298543013686655 0
14.53631064799518 -1.437014569862915 0
14.53631064799518 -1.367030759066916 0
14.53631064799518 -1.289270969580573 0
14.53631064799519 -1.202871203222568 0
14.53631064799519 -1.106871463056449 0
14.53631064799519 -1.0002050849521 0
14.53631064799519 -0.8816868865302577 0
14.53631064799518 -0.7499999999999999 0
14.53631064799518 -0.6183131134686528 0
14.53631064799519 -0.4997949150465519 0
14.53631064799519 -0.3931285369421521 0
14.53631064799519 -0.2971287967763397 0
14.53631064799518 -0.2107290304186655 0
14.53631064799518 -0.132969240932596 0
14.53631064799519 -0.06298543013687002 0
15.25971589548271 -1.437014569862916 0
15.25971589548271 -1.367030759066918 0
15.25971589548271 -1.289270969580575 0
15.25971589548271 -1.202871203222571 0
15.25971589548271 -1.106871463056454 0
15.25971589548271 -1.000205084952108 0
15.25971589548271 -0.8816868865302672 0
15.25971589548271 -0.7499999999999998 0
15.25971589548271 -0.6183131134686665 0
15.25971589548271 -0.4997949150465669 0
15.25971589548271 -0.3931285369421751 0
15.25971589548271 -0.2971287967763586 0
15.25971589548271 -0.2107290304186785 0
15.25971589548271 -0.1329692409326043 0
15.25971589548271 -0.06298543013687363 0
16.01648872489735 -1.437014569862917 0
16.01648872489735 -1.367030759066919 0
16.01648872489735 -1.289270969580578 0
16.01648872489735 -1.202871203222576 0
16.01648872489735 -1.10687146305646 0
16.01648872489735 -1.000205084952116 0
16.01648872489735 -0.8816868865302768 0
16.01648872489735 -0.7499999999999998 0
16.01648872489735 -0.6183131134686809 0
16.01648872489736 -0.4997949150465825 0
16.01648872489735 -0.3931285369421991 0
16.01648872489735 -0.297128796776378 0
16.01648872489735 -0.2107290304186921 0
16.01648872489735 -0.1329692409326128 0
16.01648872489735 -0.06298543013687741 0
16.80816824272845 -1.437014569862918 0
16.80816824272846 -1.367030759066921 0
16.80816824272845 -1.289270969580581 0
16.80816824272845 -1.202871203222581 0
16.80816824272845 -1.106871463056466 0
16.80816824272846 -1.000205084952123 0
16.80816824272846 -0.881686886530287 0
16.80816824272845 -0.7499999999999998 0
16.80816824272846 -0.6183131134686957 0
16.80816824272845 -0.4997949150465988 0
16.80816824272845 -0.3931285369422243 0
16.80816824272845 -0.2971287967763988 0
16.80816824272846 -0.2107290304187063 0
16.80816824272845 -0.1329692409326217 0
16.80816824272846 -0.06298543013688135 0
17.63636454614009 -1.437014569862918 0
17.63636454614008 -1.367030759066923 0
17.63636454614009 -1.289270969580584 0
17.63636454614008 -1.202871203222585 0
17.63636454614008 -1.106871463056472 0
17.63636454614008 -1.000205084952132 0
17.63636454614008 -0.8816868865302978 0
17.63636454614008 -0.7499999999999998 0
17.63636454614008 -0.6183131134687113 0
17.63636454614008 -0.4997949150466159 0
17.63636454614008 -0.3931285369422506 0
17.63636454614008 -0.2971287967764203 0
17.63636454614008 -0.2107290304187212 0
17.63636454614008 -0.132969240932631 0
17.63636454614008 -0.06298543013688547 0
18.50276199760538 -1.437014569862919 0
18.50276199760538 -1.367030759066925 0
18.50276199760538 -1.289270969580587 0
18.50276199760538 -1.202871203222589 0
18.50276199760538 -1.106871463056479 0
18.50276199760538 -1.00020508495214 0
18.50276199760538 -0.8816868865303094 0
18.50276199760538 -0.7499999999999999 0
18.50276199760538 -0.6183131134687276 0
18.50276199760538 -0.4997949150466338 0
18.50276199760538 -0.3931285369422782 0
18.50276199760538 -0.2971287967764427 0
18.50276199760538 -0.2107290304187367 0
18.50276199760538 -0.1329692409326408 0
18.50276199760538 -0.06298543013688984 0
19.40912265965607 -1.43701456986292 0
19.40912265965607 -1.367030759066927 0
19.40912265965608 -1.28927096958059 0
19.40912265965607 -1.202871203222594 0
19.40912265965607 -1.106871463056485 0
19.40912265965607 -1.000205084952149 0
19.40912265965607 -0.8816868865303209 0
19.40912265965607 -0.7499999999999998 0
19.40912265965607 -0.6183131134687445 0
19.40912265965607 -0.4997949150466523 0
19.40912265965607 -0.393128536942307 0
19.40912265965607 -0.2971287967764663 0
19.40912265965607 -0.210729030418753 0
19.40912265965607 -0.132969240932651 0
19.40912265965607 -0.06298543013689434 0
20.35728987659274 -1.437014569862921 0
20.35728987659274 -1.367030759066929 0
20.35728987659274 -1.289270969580594 0
20.35728987659274 -1.202871203222599 0
20.35728987659274 -1.106871463056493 0
20.35728987659275 -1.000205084952159 0
20.35728987659274 -0.8816868865303331 0
20.35728987659274 -0.7499999999999999 0
20.35728987659274 -0.6183131134687627 0
20.35728987659274 -0.4997949150466721 0
20.35728987659274 -0.3931285369423372 0
20.35728987659274 -0.2971287967764909 0
20.35728987659274 -0.21072903041877 0
20.35728987659274 -0.1329692409326617 0
20.35728987659274 -0.06298543013689904 0
21.349191990419 -1.437014569862922 0
21.34919199041899 -1.367030759066931 0
21.34919199041899 -1.289270969580598 0
21.349191990419 -1.202871203222604 0
21.34919199041899 -1.1068714630565 0
21.34919199041899 -1.000205084952169 0
21.34919199041899 -0.8816868865303457 0
21.34919199041899 -0.7499999999999998 0
21.34919199041899 -0.6183131134687814 0
21.34919199041899 -0.4997949150466925 0
21.34919199041899 -0.3931285369423688 0
21.34919199041899 -0.2971287967765167 0
21.34919199041899 -0.2107290304187879 0
21.34919199041899 -0.1329692409326729 0
21.34919199041899 -0.06298543013690402 0
22.38684629817831 -1.437014569862923 0
22.3868462981783 -1.367030759066934 0
22.3868462981783 -1.289270969580601 0
22.3868462981783 -1.20287120322261 0
22.38684629817831 -1.106871463056508 0
22.38684629817831 -1.000205084952179 0
22.38684629817831 -0.8816868865303591 0
22.3868462981783 -0.7499999999999997 0
22.38684629817831 -0.618313113468801 0
22.38684629817831 -0.4997949150467139 0
22.38684629817831 -0.3931285369424016 0
22.38684629817831 -0.2971287967765436 0
22.38684629817831 -0.2107290304188065 0
22.38684629817831 -0.1329692409326845 0
22.38684629817831 -0.06298543013690922 0
23.47236316110616 -1.437014569862924 0
23.47236316110616 -1.367030759066935 0
23.47236316110616 -1.289270969580605 0
23.47236316110616 -1.202871203222616 0
23.47236316110616 -1.106871463056516 0
23.47236316110616 -1.00020508495219 0
23.47236316110616 -0.8816868865303733 0
23.47236316110616 -0.7499999999999998 0
23.47236316110616 -0.6183131134688215 0
23.47236316110616 -0.4997949150467362 0
23.47236316110616 -0.3931285369424362 0
23.47236316110616 -0.2971287967765718 0
23.47236316110616 -0.210729030418826 0
23.47236316110616 -0.1329692409326967 0
23.47236316110616 -0.06298543013691463 0
24.60795026355657 -1.437014569862925 0
24.60795026355656 -1.367030759066938 0
24.60795026355656 -1.289270969580609 0
24.60795026355657 -1.202871203222622 0
24.60795026355657 -1.106871463056524 0
24.60795026355657 -1.000205084952201 0
24.60795026355657 -0.8816868865303878 0
24.60795026355656 -0.7499999999999998 0
24.60795026355657 -0.6183131134688427 0
24.60795026355657 -0.4997949150467596 0
24.60795026355656 -0.3931285369424724 0
24.60795026355656 -0.2971287967766014 0
24.60795026355657 -0.2107290304188464 0
24.60795026355656 -0.1329692409327096 0
24.60795026355657 -0.06298543013692032 0
25.79591713902271 -1.437014569862926 0
25.79591713902271 -1.367030759066941 0
25.79591713902272 -1.289270969580614 0
25.79591713902271 -1.202871203222629 0
25.79591713902271 -1.106871463056533 0
25.79591713902271 -1.000205084952213 0
25.79591713902271 -0.8816868865304035 0
25.79591713902271 -0.7499999999999998 0
25.79591713902271 -0.618313113468865 0
25.79591713902271 -0.499794915046784 0
25.79591713902272 -0.3931285369425102 0
25.79591713902271 -0.2971287967766322 0
25.79591713902271 -0.2107290304188677 0
25.79591713902271 -0.1329692409327229 0
25.79591713902271 -0.06298543013692623 0
27.03867984506457 -1.437014569862928 0
27.03867984506456 -1.367030759066943 0
27.03867984506457 -1.289270969580618 0
27.03867984506457 -1.202871203222636 0
27.03867984506456 -1.106871463056543 0
27.03867984506456 -1.000205084952226 0
27.03867984506456 -0.8816868865304196 0
27.03867984506457 -0.7499999999999998 0
27.03867984506456 -0.6183131134688885 0
27.03867984506456 -0.4997949150468098 0
27.03867984506456 -0.3931285369425495 0
27.03867984506456 -0.2971287967766645 0
27.03867984506456 -0.21072903041889 0
27.03867984506456 -0.1329692409327369 0
27.03867984506456 -0.06298543013693242 0
28.33876587892963 -1.437014569862928 0
28.33876587892963 -1.367030759066947 0
28.33876587892963 -1.289270969580623 0
28.33876587892963 -1.202871203222643 0
28.33876587892963 -1.106871463056553 0
28.33876587892963 -1.000205084952238 0
28.33876587892963 -0.8816868865304363 0
28.33876587892963 -0.7499999999999999 0
28.33876587892963 -0.6183131134689127 0
28.33876587892963 -0.4997949150468366 0
28.33876587892963 -0.3931285369425909 0
28.33876587892963 -0.2971287967766982 0
28.33876587892963 -0.2107290304189133 0
28.33876587892963 -0.1329692409327516 0
28.33876587892963 -0.06298543013693893 0
29.69881932045186 -1.43701456986293 0
29.69881932045188 -1.36703075906695 0
29.69881932045186 -1.289270969580628 0
29.69881932045187 -1.20287120322265 0
29.69881932045186 -1.106871463056562 0
29.69881932045187 -1.000205084952252 0
29.69881932045187 -0.8816868865304538 0
29.69881932045187 -0.7499999999999999 0
29.69881932045187 -0.6183131134689386 0
29.69881932045187 -0.4997949150468646 0
29.69881932045187 -0.3931285369426341 0
29.69881932045187 -0.2971287967767336 0
29.69881932045187 -0.2107290304189377 0
29.69881932045186 -0.1329692409327669 0
29.69881932045187 -0.06298543013694574 0
31.12160620556985 -1.437014569862931 0
31.12160620556984 -1.367030759066952 0
31.12160620556984 -1.289270969580633 0
31.12160620556984 -1.202871203222658 0
31.12160620556983 -1.106871463056573 0
31.12160620556985 -1.000205084952267 0
31.12160620556984 -0.8816868865304723 0
31.12160620556984 -0.7499999999999998 0
31.12160620556984 -0.6183131134689652 0
31.12160620556984 -0.4997949150468939 0
31.12160620556983 -0.3931285369426794 0
31.12160620556985 -0.2971287967767706 0
31.12160620556984 -0.2107290304189633 0
31.12160620556984 -0.132969240932783 0
31.12160620556984 -0.06298543013695283 0
32.61002016141174 -1.437014569862933 0
32.61002016141174 -1.367030759066956 0
32.61002016141174 -1.289270969580638 0
32.61002016141174 -1.202871203222666 0
32.61002016141174 -1.106871463056584 0
32.61002016141174 -1.000205084952281 0
32.61002016141173 -0.8816868865304913 0
32.61002016141174 -0.7499999999999997 0
32.61002016141173 -0.6183131134689935 0
32.61002016141173 -0.4997949150469246 0
32.61002016141174 -0.3931285369427267 0
32.61002016141174 -0.2971287967768093 0
32.61002016141174 -0.21072903041899 0
32.61002016141173 -0.1329692409327998 0
32.61002016141174 -0.06298543013696023 0
34.16708827904249 -1.437014569862935 0
34.16708827904247 -1.367030759066959 0
34.16708827904249 -1.289270969580644 0
34.16708827904249 -1.202871203222674 0
34.16708827904249 -1.106871463056596 0
34.16708827904249 -1.000205084952297 0
34.16708827904249 -0.8816868865305115 0
34.16708827904249 -0.7499999999999998 0
34.16708827904249 -0.6183131134690231 0
34.16708827904248 -0.4997949150469567 0
34.16708827904249 -0.3931285369427762 0
34.16708827904249 -0.2971287967768497 0
34.16708827904249 -0.2107290304190181 0
34.16708827904248 -0.1329692409328173 0
34.16708827904249 -0.06298543013696806 0
35.79597729299925 -1.437014569862936 0
35.79597729299924 -1.367030759066963 0
35.79597729299925 -1.28927096958065 0
35.79597729299925 -1.202871203222682 0
35.79597729299925 -1.106871463056608 0
35.79597729299925 -1.000205084952313 0
35.79597729299925 -0.8816868865305326 0
35.79597729299923 -0.7499999999999998 0
35.79597729299925 -0.6183131134690537 0
35.79597729299924 -0.4997949150469903 0
35.79597729299925 -0.393128536942828 0
35.79597729299925 -0.297128796776892 0
35.79597729299925 -0.2107290304190472 0
35.79597729299925 -0.1329692409328356 0
35.79597729299925 -0.06298543013697616 0
37.5 -1.437014569862937 0
37.49999999999999 -1.367030759066967 0
37.5 -1.289270969580656 0
37.50000000000001 -1.202871203222692 0
37.5 -1.106871463056621 0
37.5 -1.000205084952329 0
37.5 -0.8816868865305549 0
37.5 -0.7499999999999998 0
37.5 -0.6183131134690856 0
37.5 -0.4997949150470253 0
37.5 -0.3931285369428821 0
37.5 -0.2971287967769363 0
37.5 -0.2107290304190779 0
37.5 -0.1329692409328548 0
37.5 -0.06298543013698465 0
38.69802072450833 -1.437014569862939 0
38.69802072450833 -1.367030759066969 0
38.69802072450833 -1.289270969580661 0
38.69802072450833 -1.202871203222698 0
38.69802072450834 -1.10687146305663 0
38.69802072450833 -1.000205084952342 0
38.69802072450833 -0.8816868865305703 0
38.69802072450834 -0.7499999999999998 0
38.69802072450833 -0.6183131134691083 0
38.69802072450833 -0.49979491504705 0
38.69802072450834 -0.3931285369429203 0
38.69802072450834 -0.2971287967769674 0
38.69802072450833 -0.2107290304190994 0
38.69802072450833 -0.1329692409328684 0
38.69802072450834 -0.06298543013699064 0
39.85937468732362 -1.43701456986294 0
39.85937468732361 -1.367030759066971 0
39.85937468732362 -1.289270969580665 0
39.85937468732361 -1.202871203222705 0
39.85937468732362 -1.106871463056639 0
39.85937468732362 -1.000205084952354 0
39.85937468732362 -0.881686886530585 0
39.85937468732361 -0.7499999999999998 0
39.85937468732362 -0.6183131134691301 0
39.85937468732362 -0.499794915047074 0
39.85937468732361 -0.3931285369429572 0
39.85937468732361 -0.2971287967769976 0
39.85937468732362 -0.2107290304191202 0
39.85937468732362 -0.1329692409328815 0
39.85937468732362 -0.06298543013699648 0
40.98518410856804 -1.437014569862941 0
40.98518410856804 -1.367030759066974 0
40.98518410856804 -1.289270969580669 0
40.98518410856803 -1.202871203222711 0
40.98518410856804 -1.106871463056647 0
40.98518410856805 -1.000205084952364 0
40.98518410856804 -0.8816868865305997 0
40.98518410856804 -0.7499999999999998 0
40.98518410856803 -0.6183131134691513 0
40.98518410856803 -0.4997949150470973 0
40.98518410856804 -0.3931285369429929 0
40.98518410856803 -0.2971287967770269 0
40.98518410856804 -0.2107290304191404 0
40.98518410856803 -0.1329692409328941 0
40.98518410856803 -0.06298543013700207 0
42.07653686909098 -1.437014569862942 0
42.07653686909098 -1.367030759066976 0
42.07653686909099 -1.289270969580673 0
42.07653686909099 -1.202871203222716 0
42.07653686909099 -1.106871463056655 0
42.07653686909099 -1.000205084952376 0
42.07653686909098 -0.8816868865306139 0
42.07653686909099 -0.7499999999999998 0
42.07653686909099 -0.6183131134691717 0
42.07653686909099 -0.4997949150471198 0
42.07653686909098 -0.3931285369430277 0
42.07653686909098 -0.2971287967770552 0
42.07653686909099 -0.21072903041916 0
42.07653686909098 -0.1329692409329064 0
42.07653686909099 -0.06298543013700753 0
43.13448756151891 -1.437014569862944 0
43.13448756151891 -1.367030759066979 0
43.1344875615189 -1.289270969580677 0
43.1344875615189 -1.202871203222722 0
43.1344875615189 -1.106871463056663 0
43.1344875615189 -1.000205084952386 0
43.13448756151891 -0.8816868865306277 0
43.13448756151891 -0.7499999999999998 0
43.13448756151891 -0.6183131134691917 0
43.13448756151891 -0.4997949150471415 0
43.13448756151891 -0.3931285369430613 0
43.13448756151891 -0.2971287967770826 0
43.13448756151891 -0.210729030419179 0
43.13448756151891 -0.1329692409329183 0
43.13448756151892 -0.06298543013701279 0
44.16005848641254 -1.437014569862945 0
44.16005848641254 -1.367030759066981 0
44.16005848641252 -1.28927096958068 0
44.16005848641255 -1.202871203222728 0
44.16005848641254 -1.106871463056671 0
44.16005848641254 -1.000205084952396 0
44.16005848641254 -0.881686886530641 0
44.16005848641254 -0.7499999999999998 0
44.16005848641254 -0.6183131134692114 0
44.16005848641254 -0.4997949150471626 0
44.16005848641254 -0.393128536943094 0
44.16005848641254 -0.2971287967771093 0
44.16005848641254 -0.2107290304191974 0
44.16005848641255 -0.1329692409329299 0
44.16005848641255 -0.06298543013701793 0
45.15424066485665 -1.437014569862946 0
45.15424066485664 -1.367030759066983 0
45.15424066485664 -1.289270969580684 0
45.15424066485664 -1.202871203222733 0
45.15424066485665 -1.106871463056678 0
45.15424066485664 -1.000205084952406 0
45.15424066485664 -0.8816868865306536 0
45.15424066485664 -0.7499999999999998 0
45.15424066485664 -0.61831311346923 0
45.15424066485664 -0.4997949150471832 0
45.15424066485664 -0.3931285369431255 0
45.15424066485664 -0.2971287967771352 0
45.15424066485664 -0.2107290304192153 0
45.15424066485664 -0.1329692409329411 0
45.15424066485664 -0.0629854301370229 0
46.11799478843304 -1.437014569862946 0
46.11799478843304 -1.367030759066985 0
46.11799478843305 -1.289270969580687 0
46.11799478843303 -1.202871203222738 0
46.11799478843304 -1.106871463056686 0
46.11799478843305 -1.000205084952416 0
46.11799478843307 -0.8816868865306664 0
46.11799478843305 -0.7499999999999998 0
46.11799478843305 -0.6183131134692481 0
46.11799478843305 -0.499794915047203 0
46.11799478843307 -0.3931285369431561 0
46.11799478843305 -0.2971287967771601 0
46.11799478843305 -0.2107290304192326 0
46.11799478843305 -0.132969240932952 0
46.11799478843305 -0.06298543013702773 0
47.05225213917766 -1.437014569862947 0
47.05225213917766 -1.367030759066987 0
47.05225213917766 -1.289270969580691 0
47.05225213917765 -1.202871203222744 0
47.05225213917765 -1.106871463056693 0
47.05225213917766 -1.000205084952425 0
47.05225213917765 -0.8816868865306785 0
47.05225213917764 -0.7499999999999998 0
47.05225213917765 -0.6183131134692658 0
47.05225213917765 -0.4997949150472223 0
47.05225213917765 -0.3931285369431859 0
47.05225213917765 -0.2971287967771845 0
47.05225213917765 -0.2107290304192494 0
47.05225213917765 -0.1329692409329625 0
47.05225213917764 -0.06298543013703237 0
47.95791549417327 -1.437014569862948 0
47.95791549417327 -1.367030759066989 0
47.95791549417326 -1.289270969580694 0
47.95791549417326 -1.202871203222748 0
47.95791549417327 -1.106871463056699 0
47.95791549417326 -1.000205084952434 0
47.95791549417329 -0.8816868865306899 0
47.95791549417326 -0.7499999999999998 0
47.95791549417327 -0.6183131134692827 0
47.95791549417327 -0.4997949150472409 0
47.95791549417327 -0.3931285369432148 0
47.95791549417326 -0.297128796777208 0
47.95791549417326 -0.2107290304192656 0
47.95791549417327 -0.1329692409329727 0
47.95791549417326 -0.06298543013703689 0
48.83586000272305 -1.437014569862949 0
48.83586000272305 -1.367030759066991 0
48.83586000272305 -1.289270969580697 0
48.83586000272305 -1.202871203222753 0
48.83586000272305 -1.106871463056706 0
48.83586000272307 -1.000205084952443 0
48.83586000272306 -0.8816868865307016 0
48.83586000272304 -0.7499999999999998 0
48.83586000272303 -0.6183131134692993 0
48.83586000272305 -0.4997949150472591 0
48.83586000272305 -0.3931285369432426 0
48.83586000272305 -0.2971287967772308 0
48.83586000272305 -0.2107290304192814 0
48.83586000272305 -0.1329692409329826 0
48.83586000272304 -0.06298543013704128 0
49.68693403431827 -1.43701456986295 0
49.68693403431826 -1.367030759066993 0
49.68693403431826 -1.289270969580701 0
49.68693403431826 -1.202871203222758 0
49.68693403431827 -1.106871463056713 0
49.68693403431826 -1.000205084952451 0
49.68693403431827 -0.881686886530712 0
49.68693403431827 -0.7499999999999998 0
49.68693403431828 -0.6183131134693153 0
49.68693403431826 -0.4997949150472765 0
49.68693403431827 -0.3931285369432696 0
49.68693403431826 -0.297128796777253 0
49.68693403431826 -0.2107290304192967 0
49.68693403431826 -0.1329692409329922 0
49.68693403431826 -0.06298543013704555 0
50.51195999387013 -1.437014569862951 0
50.51195999387014 -1.367030759066995 0
50.51195999387013 -1.289270969580703 0
50.51195999387014 -1.202871203222762 0
50.51195999387014 -1.106871463056719 0
50.51195999387012 -1.00020508495246 0
50.51195999387013 -0.8816868865307227 0
50.51195999387012 -0.7499999999999999 0
50.51195999387014 -0.6183131134693308 0
50.51195999387013 -0.4997949150472936 0
50.51195999387013 -0.3931285369432959 0
50.51195999387012 -0.2971287967772743 0
50.51195999387012 -0.2107290304193115 0
50.51195999387013 -0.1329692409330015 0
50.51195999387013 -0.06298543013704964 0
51.3117351114818 -1.437014569862951 0
51.31173511148181 -1.367030759066997 0
51.31173511148181 -1.289270969580706 0
51.3117351114818 -1.202871203222767 0
51.3117351114818 -1.106871463056725 0
51.3117351114818 -1.000205084952467 0
51.3117351114818 -0.8816868865307336 0
51.3117351114818 -0.7499999999999999 0
51.3117351114818 -0.6183131134693458 0
51.3117351114818 -0.49979491504731 0
51.3117351114818 -0.3931285369433213 0
51.31173511148179 -0.2971287967772951 0
51.3117351114818 -0.2107290304193259 0
51.3117351114818 -0.1329692409330105 0
51.31173511148179 -0.06298543013705364 0
52.08703221964724 -1.437014569862952 0
52.08703221964723 -1.367030759066999 0
52.08703221964723 -1.289270969580709 0
52.08703221964723 -1.202871203222771 0
52.08703221964724 -1.10687146305673 0
52.08703221964722 -1.000205084952475 0
52.08703221964723 -0.8816868865307432 0
52.08703221964723 -0.7499999999999998 0
52.08703221964723 -0.6183131134693606 0
52.08703221964723 -0.499794915047326 0
52.08703221964722 -0.393128536943346 0
52.08703221964722 -0.2971287967773152 0
52.08703221964723 -0.2107290304193398 0
52.08703221964722 -0.1329692409330192 0
52.08703221964721 -0.0629854301370575 0
52.83860049154097 -1.437014569862952 0
52.83860049154099 -1.367030759067 0
52.83860049154099 -1.289270969580712 0
52.83860049154099 -1.202871203222775 0
52.83860049154098 -1.106871463056736 0
52.838600491541 -1.000205084952483 0
52.83860049154098 -0.8816868865307529 0
52.83860049154099 -0.7499999999999999 0
52.83860049154098 -0.6183131134693748 0
52.83860049154098 -0.4997949150473415 0
52.83860049154099 -0.3931285369433699 0
52.83860049154098 -0.2971287967773348 0
52.83860049154098 -0.2107290304193533 0
52.83860049154098 -0.1329692409330277 0
52.83860049154096 -0.06298543013706125 0
53.56716616699623 -1.437014569862953 0
53.56716616699623 -1.367030759067001 0
53.56716616699623 -1.289270969580715 0
53.56716616699623 -1.202871203222779 0
53.56716616699624 -1.106871463056742 0
53.56716616699623 -1.00020508495249 0
53.56716616699623 -0.8816868865307623 0
53.56716616699623 -0.7499999999999999 0
53.56716616699623 -0.6183131134693886 0
53.56716616699623 -0.4997949150473566 0
53.56716616699623 -0.3931285369433931 0
53.56716616699623 -0.2971287967773538 0
53.56716616699623 -0.2107290304193663 0
53.56716616699623 -0.1329692409330359 0
53.56716616699624 -0.06298543013706488 0
54.27343327999607 -1.437014569862954 0
54.27343327999606 -1.367030759067003 0
54.27343327999608 -1.289270969580717 0
54.27343327999607 -1.202871203222782 0
54.27343327999608 -1.106871463056747 0
54.27343327999607 -1.000205084952497 0
54.27343327999607 -0.8816868865307715 0
54.27343327999606 -0.7499999999999998 0
54.27343327999607 -0.6183131134694018 0
54.27343327999607 -0.499794915047371 0
54.27343327999606 -0.3931285369434155 0
54.27343327999607 -0.2971287967773721 0
54.27343327999607 -0.210729030419379 0
54.27343327999607 -0.1329692409330439 0
54.27343327999608 -0.06298543013706842 0
54.95808429719538 -1.437014569862955 0
54.95808429719538 -1.367030759067005 0
54.95808429719538 -1.28927096958072 0
54.95808429719538 -1.202871203222787 0
54.95808429719538 -1.106871463056752 0
54.95808429719538 -1.000205084952503 0
54.95808429719538 -0.8816868865307804 0
54.95808429719537 -0.7499999999999998 0
54.95808429719538 -0.6183131134694146 0
54.95808429719538 -0.4997949150473853 0
54.95808429719538 -0.3931285369434372 0
54.95808429719538 -0.2971287967773898 0
54.95808429719538 -0.2107290304193913 0
54.95808429719538 -0.1329692409330516 0
54.95808429719538 -0.06298543013707185 0
55.62178079572917 -1.437014569862955 0
55.62178079572917 -1.367030759067006 0
55.62178079572917 -1.289270969580722 0
55.62178079572917 -1.20287120322279 0
55.62178079572917 -1.106871463056757 0
55.62178079572917 -1.000205084952511 0
55.62178079572917 -0.8816868865307891 0
55.62178079572917 -0.7499999999999998 0
55.62178079572917 -0.6183131134694271 0
55.62178079572917 -0.499794915047399 0
55.62178079572916 -0.3931285369434583 0
55.62178079572917 -0.2971287967774071 0
55.62178079572917 -0.2107290304194032 0
55.62178079572917 -0.1329692409330591 0
55.62178079572916 -0.06298543013707517 0
56.26516412413055 -1.437014569862956 0
56.26516412413054 -1.367030759067007 0
56.26516412413055 -1.289270969580725 0
56.26516412413054 -1.202871203222793 0
56.26516412413054 -1.106871463056762 0
56.26516412413055 -1.000205084952517 0
56.26516412413054 -0.8816868865307975 0
56.26516412413055 -0.7499999999999998 0
56.26516412413055 -0.6183131134694393 0
56.26516412413055 -0.4997949150474122 0
56.26516412413055 -0.3931285369434788 0
56.26516412413055 -0.2971287967774238 0
56.26516412413055 -0.2107290304194148 0
56.26516412413054 -0.1329692409330663 0
56.26516412413055 -0.06298543013707836 0
56.88885599034229 -1.437014569862957 0
56.88885599034229 -1.367030759067009 0
56.88885599034229 -1.289270969580726 0
56.88885599034229 -1.202871203222796 0
56.88885599034228 -1.106871463056766 0
56.88885599034228 -1.000205084952523 0
56.88885599034231 -0.8816868865308053 0
56.88885599034229 -0.7499999999999997 0
56.88885599034229 -0.6183131134694511 0
56.88885599034228 -0.4997949150474251 0
56.88885599034229 -0.3931285369434986 0
56.88885599034229 -0.29712879677744 0
56.88885599034227 -0.210729030419426 0
56.88885599034229 -0.1329692409330734 0
56.88885599034229 -0.06298543013708148 0
57.49345906486717 -1.437014569862957 0
57.49345906486718 -1.36703075906701 0
57.49345906486717 -1.289270969580729 0
57.49345906486717 -1.2028712032228 0
57.49345906486719 -1.106871463056771 0
57.49345906486718 -1.000205084952529 0
57.49345906486717 -0.8816868865308134 0
57.4934590648672 -0.7499999999999998 0
57.49345906486717 -0.6183131134694624 0
57.49345906486717 -0.4997949150474375 0
57.49345906486719 -0.3931285369435178 0
57.49345906486718 -0.2971287967774557 0
57.49345906486719 -0.2107290304194368 0
57.49345906486718 -0.1329692409330802 0
57.49345906486719 -0.06298543013708452 0
58.07955758081939 -1.437014569862958 0
58.0795575808194 -1.367030759067011 0
58.07955758081939 -1.289270969580731 0
58.07955758081938 -1.202871203222803 0
58.0795575808194 -1.106871463056776 0
58.07955758081938 -1.000205084952535 0
58.07955758081938 -0.8816868865308208 0
58.07955758081938 -0.7499999999999998 0
58.07955758081939 -0.6183131134694735 0
58.07955758081938 -0.4997949150474496 0
58.0795575808194 -0.3931285369435366 0
58.07955758081938 -0.297128796777471 0
58.07955758081937 -0.2107290304194474 0
58.07955758081939 -0.1329692409330868 0
58.07955758081939 -0.06298543013708742 0
58.64771789828963 -1.437014569862958 0
58.64771789828962 -1.367030759067013 0
58.64771789828961 -1.289270969580733 0
58.64771789828963 -1.202871203222806 0
58.64771789828961 -1.10687146305678 0
58.64771789828961 -1.000205084952541 0
58.64771789828963 -0.8816868865308279 0
58.64771789828963 -0.7499999999999998 0
58.64771789828962 -0.6183131134694841 0
58.64771789828963 -0.4997949150474612 0
58.64771789828963 -0.3931285369435546 0
58.64771789828963 -0.2971287967774857 0
58.64771789828963 -0.2107290304194576 0
58.64771789828963 -0.1329692409330932 0
58.64771789828962 -0.06298543013709029 0
59.19848903417163 -1.437014569862959 0
59.19848903417162 -1.367030759067014 0
59.19848903417164 -1.289270969580735 0
59.19848903417162 -1.202871203222809 0
59.19848903417163 -1.106871463056784 0
59.19848903417163 -1.000205084952546 0
59.19848903417163 -0.881686886530835 0
59.19848903417162 -0.7499999999999998 0
59.19848903417163 -0.6183131134694946 0
59.19848903417163 -0.4997949150474725 0
59.19848903417163 -0.3931285369435721 0
59.19848903417163 -0.2971287967775001 0
59.19848903417163 -0.2107290304194674 0
59.19848903417163 -0.1329692409330994 0
59.19848903417163 -0.06298543013709301 0
59.73240320296983 -1.43701456986296 0
59.73240320296985 -1.367030759067015 0
59.73240320296982 -1.289270969580737 0
59.73240320296985 -1.202871203222812 0
59.73240320296983 -1.106871463056788 0
59.73240320296983 -1.000205084952552 0
59.73240320296983 -0.8816868865308422 0
59.73240320296983 -0.7499999999999997 0
59.73240320296983 -0.6183131134695048 0
59.73240320296983 -0.4997949150474837 0
59.73240320296984 -0.3931285369435891 0
59.73240320296983 -0.2971287967775139 0
59.73240320296983 -0.210729030419477 0
59.73240320296984 -0.1329692409331054 0
59.73240320296983 -0.06298543013709568 0
60.24997633215936 -1.43701456986296 0
60.24997633215936 -1.367030759067016 0
60.24997633215937 -1.289270969580739 0
60.24997633215933 -1.202871203222815 0
60.24997633215936 -1.106871463056792 0
60.24997633215935 -1.000205084952557 0
60.24997633215936 -0.8816868865308489 0
60.24997633215936 -0.7499999999999998 0
60.24997633215936 -0.6183131134695143 0
60.24997633215935 -0.4997949150474943 0
60.24997633215936 -0.3931285369436056 0
60.24997633215936 -0.2971287967775274 0
60.24997633215936 -0.2107290304194863 0
60.24997633215937 -0.1329692409331113 0
60.24997633215936 -0.06298543013709829 0
60.75170855629034 -1.437014569862961 0
60.75170855629035 -1.367030759067017 0
60.75170855629033 -1.289270969580741 0
60.75170855629034 -1.202871203222817 0
60.75170855629035 -1.106871463056795 0
60.75170855629034 -1.000205084952562 0
60.75170855629034 -0.8816868865308556 0
60.75170855629034 -0.7499999999999997 0
60.75170855629033 -0.618313113469524 0
60.75170855629034 -0.4997949150475047 0
60.75170855629034 -0.3931285369436214 0
60.75170855629035 -0.2971287967775404 0
60.75170855629033 -0.2107290304194953 0
60.75170855629033 -0.1329692409331169 0
60.75170855629034 -0.06298543013710077 0
61.23808470540605 -1.437014569862961 0
61.23808470540605 -1.367030759067018 0
61.23808470540604 -1.289270969580742 0
61.23808470540605 -1.20287120322282 0
61.23808470540605 -1.106871463056799 0
61.23808470540605 -1.000205084952567 0
61.23808470540605 -0.8816868865308618 0
61.23808470540605 -0.7499999999999997 0
61.23808470540605 -0.6183131134695328 0
61.23808470540605 -0.4997949150475147 0
61.23808470540605 -0.3931285369436369 0
61.23808470540605 -0.2971287967775529 0
61.23808470540605 -0.2107290304195041 0
61.23808470540605 -0.1329692409331224 0
61.23808470540605 -0.0629854301371032 0
61.70957476474801 -1.437014569862961 0
61.70957476474801 -1.367030759067019 0
61.709574764748 -1.289270969580744 0
61.70957476474801 -1.202871203222823 0
61.70957476474801 -1.106871463056802 0
61.70957476474801 -1.000205084952571 0
61.70957476474803 -0.8816868865308678 0
61.709574764748 -0.7499999999999997 0
61.70957476474801 -0.6183131134695419 0
61.70957476474802 -0.4997949150475245 0
61.70957476474801 -0.393128536943652 0
61.70957476474801 -0.2971287967775653 0
61.70957476474801 -0.2107290304195125 0
61.70957476474801 -0.1329692409331277 0
61.70957476474801 -0.06298543013710556 0
62.16663434021466 -1.437014569862962 0
62.16663434021466 -1.367030759067021 0
62.16663434021467 -1.289270969580746 0
62.16663434021466 -1.202871203222825 0
62.16663434021466 -1.106871463056806 0
62.16663434021466 -1.000205084952575 0
62.16663434021466 -0.8816868865308737 0
62.16663434021466 -0.7499999999999998 0
62.16663434021466 -0.6183131134695505 0
62.16663434021466 -0.4997949150475338 0
62.16663434021466 -0.3931285369436664 0
62.16663434021466 -0.2971287967775771 0
62.16663434021467 -0.2107290304195207 0
62.16663434021467 -0.1329692409331328 0
62.16663434021467 -0.06298543013710782 0
62.60970509562443 -1.437014569862962 0
62.60970509562442 -1.367030759067021 0
62.60970509562442 -1.289270969580748 0
62.60970509562443 -1.202871203222827 0
62.60970509562441 -1.10687146305681 0
62.60970509562442 -1.00020508495258 0
62.60970509562442 -0.8816868865308795 0
62.60970509562442 -0.7499999999999998 0
62.60970509562442 -0.6183131134695589 0
62.60970509562442 -0.4997949150475429 0
62.60970509562442 -0.3931285369436805 0
62.60970509562442 -0.2971287967775887 0
62.60970509562442 -0.2107290304195287 0
62.60970509562442 -0.1329692409331378 0
62.60970509562442 -0.06298543013711005 0
63.03921517228065 -1.437014569862963 0
63.03921517228066 -1.367030759067023 0
63.03921517228063 -1.289270969580749 0
63.03921517228065 -1.20287120322283 0
63.03921517228066 -1.106871463056813 0
63.03921517228065 -1.000205084952584 0
63.03921517228065 -0.8816868865308849 0
63.03921517228066 -0.7499999999999998 0
63.03921517228065 -0.6183131134695671 0
63.03921517228065 -0.4997949150475519 0
63.03921517228066 -0.3931285369436942 0
63.03921517228066 -0.2971287967775998 0
63.03921517228065 -0.2107290304195364 0
63.03921517228065 -0.1329692409331427 0
63.03921517228065 -0.06298543013711221 0
63.45557961704117 -1.437014569862963 0
63.45557961704118 -1.367030759067023 0
63.45557961704117 -1.28927096958075 0
63.45557961704118 -1.202871203222832 0
63.45557961704117 -1.106871463056816 0
63.45557961704117 -1.000205084952589 0
63.45557961704118 -0.8816868865308903 0
63.45557961704118 -0.7499999999999998 0
63.45557961704118 -0.6183131134695748 0
63.45557961704118 -0.4997949150475605 0
63.45557961704117 -0.3931285369437075 0
63.45557961704118 -0.2971287967776107 0
63.45557961704118 -0.2107290304195439 0
63.45557961704119 -0.1329692409331474 0
63.45557961704118 -0.06298543013711427 0
63.85920076692092 -1.437014569862963 0
63.85920076692093 -1.367030759067024 0
63.85920076692092 -1.289270969580752 0
63.85920076692094 -1.202871203222835 0
63.85920076692092 -1.106871463056819 0
63.85920076692092 -1.000205084952592 0
63.85920076692092 -0.8816868865308957 0
63.85920076692091 -0.7499999999999998 0
63.85920076692092 -0.6183131134695825 0
63.85920076692094 -0.4997949150475687 0
63.85920076692093 -0.3931285369437203 0
63.85920076692092 -0.2971287967776211 0
63.85920076692092 -0.2107290304195511 0
63.85920076692092 -0.1329692409331519 0
63.85920076692093 -0.06298543013711627 0
64.25046863696062 -1.437014569862964 0
64.25046863696062 -1.367030759067025 0
64.25046863696062 -1.289270969580753 0
64.25046863696062 -1.202871203222836 0
64.25046863696062 -1.106871463056822 0
64.2504686369606 -1.000205084952597 0
64.25046863696062 -0.8816868865309007 0
64.25046863696062 -0.7499999999999998 0
64.2504686369606 -0.6183131134695896 0
64.25046863696062 -0.4997949150475768 0
64.25046863696062 -0.3931285369437327 0
64.25046863696062 -0.2971287967776313 0
64.2504686369606 -0.2107290304195582 0
64.2504686369606 -0.1329692409331564 0
64.25046863696062 -0.06298543013711824 0
64.62976131736447 -1.437014569862964 0
64.62976131736447 -1.367030759067026 0
64.62976131736447 -1.289270969580755 0
64.62976131736447 -1.202871203222838 0
64.62976131736447 -1.106871463056825 0
64.62976131736447 -1.000205084952601 0
64.62976131736447 -0.8816868865309055 0
64.62976131736448 -0.7499999999999998 0
64.62976131736447 -0.6183131134695967 0
64.62976131736447 -0.4997949150475847 0
64.62976131736447 -0.3931285369437448 0
64.62976131736447 -0.2971287967776411 0
64.62976131736445 -0.210729030419565 0
64.62976131736447 -0.1329692409331606 0
64.62976131736447 -0.06298543013712014 0
64.99744532190148 -1.437014569862965 0
64.99744532190148 -1.367030759067027 0
64.99744532190149 -1.289270969580756 0
64.99744532190148 -1.202871203222841 0
64.99744532190148 -1.106871463056827 0
64.99744532190149 -1.000205084952604 0
64.99744532190149 -0.8816868865309103 0
64.99744532190149 -0.7499999999999998 0
64.99744532190148 -0.6183131134696038 0
64.99744532190148 -0.4997949150475923 0
64.99744532190148 -0.3931285369437564 0
64.99744532190148 -0.2971287967776506 0
64.99744532190148 -0.2107290304195716 0
64.99744532190148 -0.1329692409331648 0
64.99744532190148 -0.06298543013712198 0
65.35387594067325 -1.437014569862965 0
65.35387594067325 -1.367030759067027 0
65.35387594067325 -1.289270969580757 0
65.35387594067325 -1.202871203222843 0
65.35387594067325 -1.10687146305683 0
65.35387594067325 -1.000205084952607 0
65.35387594067325 -0.881686886530915 0
65.35387594067325 -0.7499999999999998 0
65.35387594067325 -0.6183131134696105 0
65.35387594067325 -0.4997949150475995 0
65.35387594067325 -0.3931285369437678 0
65.35387594067326 -0.29712879677766 0
65.35387594067325 -0.2107290304195779 0
65.35387594067325 -0.1329692409331688 0
65.35387594067325 -0.06298543013712377 0
65.69939759666862 -1.437014569862965 0
65.69939759666862 -1.367030759067028 0
65.69939759666862 -1.289270969580758 0
65.69939759666863 -1.202871203222844 0
65.69939759666863 -1.106871463056833 0
65.69939759666862 -1.000205084952611 0
65.69939759666862 -0.8816868865309194 0
65.6993975966686 -0.7499999999999998 0
65.69939759666863 -0.6183131134696173 0
65.69939759666862 -0.4997949150476067 0
65.69939759666862 -0.3931285369437788 0
65.69939759666862 -0.2971287967776688 0
65.69939759666862 -0.2107290304195841 0
65.69939759666862 -0.1329692409331727 0
65.69939759666862 -0.06298543013712549 0
66.03434417237852 -1.437014569862966 0
66.03434417237852 -1.367030759067029 0
66.03434417237852 -1.28927096958076 0
66.03434417237852 -1.202871203222846 0
66.03434417237852 -1.106871463056835 0
66.03434417237852 -1.000205084952615 0
66.03434417237852 -0.8816868865309239 0
66.03434417237852 -0.7499999999999998 0
66.03434417237851 -0.6183131134696234 0
66.03434417237852 -0.4997949150476135 0
66.03434417237852 -0.3931285369437894 0
66.03434417237851 -0.2971287967776776 0
66.03434417237852 -0.2107290304195902 0
66.03434417237852 -0.1329692409331765 0
66.03434417237852 -0.06298543013712714 0
66.35903933402039 -1.437014569862966 0
66.35903933402039 -1.36703075906703 0
66.35903933402039 -1.289270969580761 0
66.35903933402039 -1.202871203222848 0
66.35903933402039 -1.106871463056837 0
66.35903933402039 -1.000205084952617 0
66.35903933402039 -0.8816868865309281 0
66.35903933402039 -0.7499999999999998 0
66.35903933402039 -0.6183131134696297 0
66.35903933402039 -0.4997949150476202 0
66.35903933402039 -0.3931285369437997 0
66.35903933402039 -0.297128796777686 0
66.35903933402039 -0.210729030419596 0
66.35903933402039 -0.1329692409331801 0
66.35903933402039 -0.06298543013712875 0
66.673796844005 -1.437014569862966 0
66.673796844005 -1.36703075906703 0
66.673796844005 -1.289270969580762 0
66.67379684400501 -1.20287120322285 0
66.67379684400501 -1.106871463056839 0
66.67379684400501 -1.000205084952621 0
66.67379684400501 -0.881686886530932 0
66.67379684400501 -0.7499999999999998 0
66.673796844005 -0.6183131134696352 0
66.67379684400501 -0.4997949150476268 0
66.673796844005 -0.3931285369438097 0
66.673796844005 -0.2971287967776942 0
66.67379684400501 -0.2107290304196017 0
66.67379684400501 -0.1329692409331837 0
66.673796844005 -0.06298543013713034 0
66.97892084626393 -1.437014569862967 0
66.97892084626393 -1.367030759067031 0
66.97892084626393 -1.289270969580763 0
66.97892084626393 -1.202871203222851 0
66.97892084626393 -1.106871463056842 0
66.97892084626393 -1.000205084952623 0
66.97892084626393 -0.8816868865309359 0
66.97892084626395 -0.7499999999999998 0
66.97892084626393 -0.6183131134696411 0
66.97892084626393 -0.4997949150476331 0
66.97892084626393 -0.3931285369438194 0
66.97892084626393 -0.2971287967777022 0
66.97892084626393 -0.2107290304196071 0
66.97892084626395 -0.1329692409331871 0
66.97892084626393 -0.06298543013713187 0
67.27470618554818 -1.437014569862967 0
67.27470618554818 -1.367030759067031 0
67.27470618554818 -1.289270969580764 0
67.27470618554818 -1.202871203222853 0
67.27470618554818 -1.106871463056844 0
67.27470618554818 -1.000205084952627 0
67.27470618554818 -0.8816868865309397 0
67.27470618554818 -0.7499999999999998 0
67.27470618554818 -0.6183131134696469 0
67.27470618554818 -0.4997949150476391 0
67.27470618554818 -0.3931285369438289 0
67.27470618554818 -0.2971287967777098 0
67.27470618554818 -0.2107290304196124 0
67.27470618554818 -0.1329692409331904 0
67.27470618554818 -0.06298543013713337 0
67.56143868940144 -1.437014569862967 0
67.56143868940144 -1.367030759067032 0
67.56143868940144 -1.289270969580765 0
67.56143868940144 -1.202871203222854 0
67.56143868940144 -1.106871463056847 0
67.56143868940144 -1.00020508495263 0
67.56143868940144 -0.8816868865309435 0
67.56143868940146 -0.7499999999999998 0
67.56143868940144 -0.6183131134696522 0
67.56143868940144 -0.4997949150476451 0
67.56143868940144 -0.3931285369438379 0
67.56143868940144 -0.2971287967777172 0
67.56143868940144 -0.2107290304196175 0
67.56143868940144 -0.1329692409331937 0
67.56143868940144 -0.06298543013713478 0
67.8393954174111 -1.437014569862968 0
67.8393954174111 -1.367030759067032 0
67.8393954174111 -1.289270969580766 0
67.8393954174111 -1.202871203222856 0
67.8393954174111 -1.106871463056848 0
67.8393954174111 -1.000205084952632 0
67.8393954174111 -0.8816868865309471 0
67.83939541741111 -0.7499999999999998 0
67.8393954174111 -0.6183131134696573 0
67.8393954174111 -0.4997949150476508 0
67.8393954174111 -0.3931285369438468 0
67.8393954174111 -0.2971287967777246 0
67.8393954174111 -0.2107290304196225 0
67.8393954174111 -0.1329692409331968 0
67.8393954174111 -0.06298543013713616 0
68.10884496265301 -1.437014569862967 0
68.10884496265301 -1.367030759067033 0
68.10884496265301 -1.289270969580767 0
68.10884496265301 -1.202871203222857 0
68.10884496265302 -1.10687146305685 0
68.10884496265301 -1.000205084952635 0
68.10884496265301 -0.8816868865309506 0
68.10884496265302 -0.7499999999999998 0
68.10884496265301 -0.6183131134696624 0
68.10884496265301 -0.4997949150476564 0
68.10884496265301 -0.3931285369438554 0
68.10884496265301 -0.2971287967777315 0
68.10884496265301 -0.2107290304196275 0
68.10884496265301 -0.1329692409331998 0
68.10884496265301 -0.06298543013713749 0
68.37004770899344 -1.437014569862968 0
68.37004770899345 -1.367030759067034 0
68.37004770899344 -1.289270969580768 0
68.37004770899344 -1.202871203222858 0
68.37004770899344 -1.106871463056852 0
68.37004770899344 -1.000205084952638 0
68.37004770899344 -0.881686886530954 0
68.37004770899344 -0.7499999999999998 0
68.37004770899344 -0.6183131134696673 0
68.37004770899344 -0.4997949150476618 0
68.37004770899344 -0.3931285369438637 0
68.37004770899344 -0.2971287967777383 0
68.37004770899344 -0.2107290304196321 0
68.37004770899344 -0.1329692409332028 0
68.37004770899344 -0.0629854301371388 0
68.62325605692223 -1.437014569862968 0
68.62325605692222 -1.367030759067034 0
68.62325605692223 -1.289270969580769 0
68.62325605692223 -1.20287120322286 0
68.62325605692224 -1.106871463056855 0
68.62325605692223 -1.00020508495264 0
68.62325605692223 -0.8816868865309572 0
68.62325605692223 -0.7499999999999998 0
68.62325605692223 -0.6183131134696722 0
68.62325605692223 -0.499794915047667 0
68.62325605692223 -0.3931285369438717 0
68.62325605692223 -0.2971287967777448 0
68.62325605692223 -0.2107290304196366 0
68.62325605692223 -0.1329692409332056 0
68.62325605692224 -0.06298543013714009 0
68.86871467725078 -1.437014569862968 0
68.86871467725078 -1.367030759067035 0
68.86871467725075 -1.28927096958077 0
68.86871467725075 -1.202871203222861 0
68.86871467725075 -1.106871463056857 0
68.86871467725075 -1.000205084952643 0
68.86871467725075 -0.8816868865309603 0
68.86871467725075 -0.7499999999999998 0
68.86871467725075 -0.618313113469677 0
68.86871467725075 -0.4997949150476719 0
68.86871467725075 -0.3931285369438796 0
68.86871467725075 -0.2971287967777512 0
68.86871467725075 -0.2107290304196411 0
68.86871467725075 -0.1329692409332084 0
68.86871467725075 -0.06298543013714129 0
69.10666075811491 -1.437014569862968 0
69.10666075811491 -1.367030759067035 0
69.10666075811491 -1.289270969580771 0
69.10666075811491 -1.202871203222863 0
69.10666075811491 -1.106871463056858 0
69.10666075811491 -1.000205084952645 0
69.10666075811491 -0.8816868865309635 0
69.10666075811491 -0.7499999999999998 0
69.10666075811491 -0.6183131134696813 0
69.10666075811491 -0.4997949150476768 0
69.10666075811491 -0.3931285369438872 0
69.10666075811491 -0.2971287967777574 0
69.10666075811491 -0.2107290304196454 0
69.10666075811491 -0.1329692409332111 0
69.10666075811491 -0.06298543013714247 0
69.33732422861016 -1.437014569862969 0
69.33732422861016 -1.367030759067036 0
69.33732422861016 -1.289270969580772 0
69.33732422861017 -1.202871203222864 0
69.33732422861016 -1.10687146305686 0
69.33732422861016 -1.000205084952647 0
69.33732422861016 -0.8816868865309667 0
69.33732422861016 -0.7499999999999998 0
69.33732422861016 -0.6183131134696855 0
69.33732422861016 -0.4997949150476818 0
69.33732422861016 -0.3931285369438944 0
69.33732422861016 -0.2971287967777634 0
69.33732422861016 -0.2107290304196495 0
69.33732422861016 -0.1329692409332137 0
69.33732422861014 -0.06298543013714364 0
69.56092798631013 -1.437014569862969 0
69.56092798631013 -1.367030759067036 0
69.56092798631013 -1.289270969580772 0
69.56092798631013 -1.202871203222865 0
69.56092798631013 -1.106871463056862 0
69.56092798631013 -1.00020508495265 0
69.56092798631013 -0.8816868865309693 0
69.56092798631013 -0.7499999999999998 0
69.56092798631013 -0.61831311346969 0
69.56092798631013 -0.4997949150476863 0
69.56092798631013 -0.3931285369439015 0
69.56092798631013 -0.2971287967777692 0
69.56092798631013 -0.2107290304196535 0
69.56092798631013 -0.1329692409332162 0
69.56092798631013 -0.06298543013714475 0
69.77768810164604 -1.437014569862969 0
69.77768810164601 -1.367030759067037 0
69.77768810164601 -1.289270969580773 0
69.77768810164599 -1.202871203222866 0
69.77768810164601 -1.106871463056863 0
69.77768810164599 -1.000205084952652 0
69.77768810164601 -0.8816868865309722 0
69.77768810164601 -0.7499999999999998 0
69.77768810164599 -0.618313113469694 0
69.77768810164601 -0.4997949150476907 0
69.77768810164599 -0.3931285369439084 0
69.77768810164601 -0.2971287967777749 0
69.77768810164599 -0.2107290304196574 0
69.77768810164601 -0.1329692409332187 0
69.77768810164601 -0.06298543013714586 0
69.98781402797221 -1.437014569862969 0
69.98781402797221 -1.367030759067038 0
69.98781402797221 -1.289270969580774 0
69.98781402797221 -1.202871203222867 0
69.98781402797221 -1.106871463056864 0
69.98781402797221 -1.000205084952654 0
69.98781402797221 -0.8816868865309748 0
69.98781402797221 -0.7499999999999998 0
69.98781402797221 -0.6183131134696981 0
69.98781402797221 -0.4997949150476951 0
69.98781402797221 -0.3931285369439151 0
69.98781402797221 -0.2971287967777803 0
69.98781402797221 -0.2107290304196612 0
69.98781402797221 -0.132969240933221 0
69.98781402797221 -0.06298543013714691 0
70.19150881468563 -1.43701456986297 0
70.19150881468563 -1.367030759067038 0
70.19150881468563 -1.289270969580775 0
70.19150881468565 -1.202871203222868 0
70.19150881468565 -1.106871463056866 0
70.19150881468565 -1.000205084952656 0
70.19150881468565 -0.8816868865309776 0
70.19150881468565 -0.7499999999999998 0
70.19150881468565 -0.6183131134697015 0
70.19150881468563 -0.4997949150476992 0
70.19150881468565 -0.3931285369439215 0
70.19150881468563 -0.2971287967777856 0
70.19150881468563 -0.2107290304196649 0
70.19150881468563 -0.1329692409332233 0
70.19150881468563 -0.06298543013714791 0
70.38896930010259 -1.43701456986297 0
70.38896930010256 -1.367030759067039 0
70.38896930010256 -1.289270969580776 0
70.38896930010256 -1.20287120322287 0
70.38896930010256 -1.106871463056868 0
70.38896930010256 -1.000205084952658 0
70.38896930010256 -0.8816868865309799 0
70.38896930010256 -0.7499999999999998 0
70.38896930010256 -0.6183131134697056 0
70.38896930010256 -0.4997949150477033 0
70.38896930010256 -0.3931285369439279 0
70.38896930010256 -0.2971287967777907 0
70.38896930010256 -0.2107290304196684 0
70.38896930010256 -0.1329692409332255 0
70.38896930010256 -0.06298543013714891 0
70.58038629172327 -1.43701456986297 0
70.5803862917233 -1.367030759067039 0
70.58038629172327 -1.289270969580776 0
70.58038629172327 -1.202871203222871 0
70.58038629172327 -1.106871463056869 0
70.58038629172327 -1.00020508495266 0
70.58038629172327 -0.8816868865309826 0
70.58038629172327 -0.7499999999999998 0
70.58038629172327 -0.6183131134697091 0
70.58038629172327 -0.4997949150477073 0
70.58038629172327 -0.393128536943934 0
70.58038629172327 -0.2971287967777957 0
70.58038629172327 -0.2107290304196718 0
70.58038629172329 -0.1329692409332277 0
70.58038629172327 -0.06298543013714984 0
70.76594475336442 -1.43701456986297 0
70.76594475336438 -1.367030759067039 0
70.76594475336442 -1.289270969580777 0
70.76594475336442 -1.202871203222872 0
70.76594475336442 -1.106871463056871 0
70.76594475336442 -1.000205084952662 0
70.76594475336442 -0.8816868865309848 0
70.76594475336444 -0.7499999999999998 0
70.76594475336442 -0.6183131134697127 0
70.76594475336442 -0.499794915047711 0
70.76594475336442 -0.3931285369439398 0
70.76594475336442 -0.2971287967778005 0
70.76594475336444 -0.2107290304196752 0
70.76594475336442 -0.1329692409332298 0
70.76594475336442 -0.06298543013715079 0
70.94582398866106 -1.437014569862971 0
70.94582398866106 -1.367030759067039 0
70.94582398866106 -1.289270969580778 0
70.94582398866106 -1.202871203222873 0
70.94582398866108 -1.106871463056872 0
70.94582398866106 -1.000205084952663 0
70.94582398866106 -0.8816868865309873 0
70.94582398866106 -0.7499999999999998 0
70.94582398866106 -0.618313113469716 0
70.94582398866106 -0.4997949150477148 0
70.94582398866106 -0.3931285369439455 0
70.94582398866106 -0.2971287967778052 0
70.94582398866106 -0.2107290304196784 0
70.94582398866106 -0.1329692409332318 0
70.94582398866106 -0.06298543013715169 0
71.12019781389091 -1.437014569862971 0
71.12019781389091 -1.36703075906704 0
71.12019781389091 -1.289270969580778 0
71.12019781389091 -1.202871203222874 0
71.12019781389091 -1.106871463056873 0
71.12019781389091 -1.000205084952665 0
71.12019781389091 -0.8816868865309896 0
71.12019781389091 -0.7499999999999998 0
71.12019781389091 -0.6183131134697193 0
71.12019781389091 -0.4997949150477184 0
71.12019781389091 -0.3931285369439511 0
71.12019781389091 -0.2971287967778097 0
71.12019781389091 -0.2107290304196815 0
71.12019781389091 -0.1329692409332338 0
71.12019781389091 -0.06298543013715255 0
71.28923472889001 -1.437014569862971 0
71.28923472888997 -1.36703075906704 0
71.28923472889001 -1.289270969580779 0
71.28923472889001 -1.202871203222875 0
71.28923472888998 -1.106871463056874 0
71.28923472889001 -1.000205084952667 0
71.28923472888999 -0.8816868865309917 0
71.28923472889001 -0.7499999999999998 0
71.28923472889001 -0.6183131134697224 0
71.28923472889001 -0.4997949150477219 0
71.28923472889001 -0.3931285369439565 0
71.28923472889001 -0.2971287967778141 0
71.28923472889001 -0.2107290304196845 0
71.28923472888999 -0.1329692409332356 0
71.28923472889001 -0.06298543013715341 0
71.45309807774234 -1.437014569862971 0
71.45309807774234 -1.36703075906704 0
71.45309807774234 -1.28927096958078 0
71.45309807774234 -1.202871203222875 0
71.45309807774234 -1.106871463056876 0
71.45309807774234 -1.000205084952669 0
71.45309807774234 -0.8816868865309937 0
71.45309807774234 -0.7499999999999998 0
71.45309807774234 -0.6183131134697255 0
71.45309807774234 -0.4997949150477252 0
71.45309807774234 -0.3931285369439617 0
71.45309807774234 -0.2971287967778184 0
71.45309807774234 -0.2107290304196875 0
71.45309807774234 -0.1329692409332375 0
71.45309807774233 -0.06298543013715421 0
71.61194620782331 -1.437014569862971 0
71.61194620782328 -1.367030759067041 0
71.61194620782328 -1.28927096958078 0
71.61194620782328 -1.202871203222876 0
71.61194620782328 -1.106871463056877 0
71.61194620782328 -1.00020508495267 0
71.61194620782328 -0.8816868865309959 0
71.61194620782328 -0.7499999999999998 0
71.61194620782328 -0.6183131134697287 0
71.61194620782327 -0.4997949150477285 0
71.61194620782328 -0.3931285369439668 0
71.61194620782327 -0.2971287967778224 0
71.61194620782328 -0.2107290304196903 0
71.61194620782328 -0.1329692409332393 0
71.61194620782328 -0.06298543013715502 0
71.76593261958749 -1.437014569862971 0
71.76593261958749 -1.367030759067041 0
71.76593261958749 -1.28927096958078 0
71.76593261958749 -1.202871203222877 0
71.76593261958749 -1.106871463056878 0
71.76593261958749 -1.000205084952672 0
71.76593261958749 -0.8816868865309977 0
71.76593261958749 -0.7499999999999998 0
71.76593261958749 -0.6183131134697313 0
71.76593261958749 -0.4997949150477316 0
71.76593261958749 -0.3931285369439715 0
71.76593261958749 -0.2971287967778265 0
71.76593261958749 -0.2107290304196931 0
71.76593261958749 -0.1329692409332411 0
71.76593261958749 -0.06298543013715577 0
71.91520610732016 -1.437014569862971 0
71.91520610732016 -1.367030759067042 0
71.91520610732016 -1.289270969580782 0
71.91520610732016 -1.202871203222878 0
71.91520610732016 -1.106871463056879 0
71.91520610732016 -1.000205084952673 0
71.91520610732016 -0.8816868865309997 0
71.91520610732016 -0.7499999999999998 0
71.91520610732016 -0.6183131134697344 0
71.91520610732016 -0.4997949150477348 0
71.91520610732016 -0.3931285369439764 0
71.91520610732016 -0.2971287967778304 0
71.91520610732016 -0.2107290304196958 0
71.91520610732016 -0.1329692409332427 0
71.91520610732015 -0.06298543013715652 0
72.0599109072958 -1.437014569862972 0
72.05991090729583 -1.367030759067042 0
72.05991090729577 -1.289270969580782 0
72.0599109072958 -1.202871203222879 0
72.0599109072958 -1.106871463056881 0
72.0599109072958 -1.000205084952674 0
72.0599109072958 -0.8816868865310017 0
72.0599109072958 -0.7499999999999998 0
72.0599109072958 -0.6183131134697371 0
72.0599109072958 -0.4997949150477378 0
72.0599109072958 -0.3931285369439811 0
72.0599109072958 -0.2971287967778342 0
72.0599109072958 -0.2107290304196984 0
72.0599109072958 -0.1329692409332443 0
72.0599109072958 -0.06298543013715724 0
72.20018685565068 -1.437014569862972 0
72.20018685565068 -1.367030759067042 0
72.20018685565068 -1.289270969580782 0
72.20018685565068 -1.202871203222879 0
72.20018685565068 -1.106871463056881 0
72.20018685565068 -1.000205084952676 0
72.20018685565068 -0.8816868865310035 0
72.20018685565068 -0.7499999999999998 0
72.20018685565068 -0.6183131134697397 0
72.20018685565068 -0.4997949150477407 0
72.20018685565068 -0.3931285369439855 0
72.20018685565068 -0.2971287967778378 0
72.20018685565068 -0.2107290304197009 0
72.20018685565067 -0.132969240933246 0
72.20018685565068 -0.06298543013715796 0
72.33616950132114 -1.437014569862972 0
72.33616950132111 -1.367030759067043 0
72.33616950132111 -1.289270969580783 0
72.33616950132111 -1.20287120322288 0
72.33616950132111 -1.106871463056882 0
72.33616950132111 -1.000205084952677 0
72.33616950132111 -0.8816868865310052 0
72.33616950132111 -0.7499999999999998 0
72.33616950132109 -0.6183131134697422 0
72.33616950132111 -0.4997949150477435 0
72.33616950132111 -0.3931285369439897 0
72.33616950132111 -0.2971287967778414 0
72.33616950132109 -0.2107290304197034 0
72.33616950132109 -0.1329692409332475 0
72.33616950132109 -0.06298543013715863 0
72.4679902473973 -1.437014569862972 0
72.4679902473973 -1.367030759067043 0
72.4679902473973 -1.289270969580783 0
72.4679902473973 -1.202871203222881 0
72.4679902473973 -1.106871463056883 0
72.46799024739728 -1.000205084952678 0
72.4679902473973 -0.881686886531007 0
72.4679902473973 -0.7499999999999998 0
72.4679902473973 -0.6183131134697447 0
72.4679902473973 -0.4997949150477462 0
72.4679902473973 -0.3931285369439939 0
72.4679902473973 -0.2971287967778447 0
72.4679902473973 -0.2107290304197057 0
72.4679902473973 -0.132969240933249 0
72.4679902473973 -0.06298543013715928 0
72.59577647381386 -1.437014569862972 0
72.59577647381386 -1.367030759067043 0
72.59577647381383 -1.289270969580784 0
72.59577647381386 -1.202871203222881 0
72.59577647381387 -1.106871463056884 0
72.59577647381387 -1.00020508495268 0
72.59577647381386 -0.8816868865310085 0
72.59577647381386 -0.7499999999999998 0
72.59577647381386 -0.6183131134697472 0
72.59577647381386 -0.4997949150477488 0
72.59577647381386 -0.3931285369439981 0
72.59577647381386 -0.297128796777848 0
72.59577647381386 -0.2107290304197081 0
72.59577647381386 -0.1329692409332504 0
72.59577647381386 -0.06298543013715989 0
72.71965165431968 -1.437014569862972 0
72.71965165431965 -1.367030759067043 0
72.71965165431965 -1.289270969580784 0
72.71965165431965 -1.202871203222882 0
72.71965165431965 -1.106871463056885 0
72.71965165431965 -1.000205084952681 0
72.71965165431965 -0.88168688653101 0
72.71965165431965 -0.7499999999999998 0
72.71965165431965 -0.6183131134697495 0
72.71965165431965 -0.4997949150477515 0
72.71965165431965 -0.393128536944002 0
72.71965165431965 -0.2971287967778514 0
72.71965165431965 -0.2107290304197103 0
72.71965165431965 -0.1329692409332518 0
72.71965165431965 -0.06298543013716053 0
72.83973549903513 -1.437014569862972 0
72.83973549903513 -1.367030759067044 0
72.83973549903513 -1.289270969580785 0
72.83973549903513 -1.202871203222883 0
72.83973549903513 -1.106871463056886 0
72.83973549903513 -1.000205084952682 0
72.83973549903513 -0.8816868865310118 0
72.83973549903513 -0.7499999999999998 0
72.83973549903513 -0.6183131134697517 0
72.83973549903513 -0.4997949150477539 0
72.83973549903513 -0.3931285369440058 0
72.83973549903513 -0.2971287967778545 0
72.83973549903513 -0.2107290304197124 0
72.83973549903513 -0.1329692409332532 0
72.83973549903513 -0.06298543013716112 0
72.95614404642787 -1.437014569862972 0
72.95614404642788 -1.367030759067044 0
72.95614404642785 -1.289270969580785 0
72.95614404642787 -1.202871203222883 0
72.95614404642788 -1.106871463056887 0
72.95614404642788 -1.000205084952683 0
72.95614404642788 -0.8816868865310131 0
72.95614404642788 -0.7499999999999998 0
72.95614404642788 -0.618313113469754 0
72.95614404642788 -0.4997949150477562 0
72.95614404642787 -0.3931285369440095 0
72.95614404642788 -0.2971287967778573 0
72.95614404642788 -0.2107290304197145 0
72.95614404642788 -0.1329692409332545 0
72.95614404642788 -0.06298543013716171 0
73.06898977557226 -1.437014569862973 0
73.06898977557226 -1.367030759067044 0
73.06898977557225 -1.289270969580786 0
73.06898977557223 -1.202871203222884 0
73.06898977557228 -1.106871463056888 0
73.06898977557228 -1.000205084952685 0
73.06898977557226 -0.8816868865310145 0
73.06898977557225 -0.7499999999999998 0
73.06898977557226 -0.6183131134697559 0
73.06898977557228 -0.4997949150477586 0
73.06898977557228 -0.3931285369440131 0
73.06898977557228 -0.2971287967778604 0
73.06898977557228 -0.2107290304197165 0
73.06898977557226 -0.1329692409332557 0
73.06898977557228 -0.06298543013716229 0
73.17838173631787 -1.437014569862973 0
73.17838173631786 -1.367030759067045 0
73.17838173631787 -1.289270969580786 0
73.17838173631787 -1.202871203222885 0
73.17838173631787 -1.106871463056889 0
73.17838173631787 -1.000205084952686 0
73.17838173631787 -0.8816868865310158 0
73.17838173631787 -0.7499999999999998 0
73.17838173631787 -0.6183131134697579 0
73.17838173631787 -0.4997949150477607 0
73.17838173631787 -0.3931285369440166 0
73.17838173631787 -0.2971287967778632 0
73.17838173631787 -0.2107290304197185 0
73.17838173631786 -0.132969240933257 0
73.17838173631789 -0.06298543013716285 0
73.28442563799426 -1.437014569862973 0
73.28442563799423 -1.367030759067045 0
73.2844256379942 -1.289270969580786 0
73.28442563799423 -1.202871203222885 0
73.28442563799425 -1.106871463056889 0
73.28442563799423 -1.000205084952687 0
73.28442563799423 -0.8816868865310176 0
73.28442563799425 -0.7499999999999998 0
73.28442563799422 -0.6183131134697603 0
73.28442563799422 -0.499794915047763 0
73.28442563799423 -0.3931285369440199 0
73.28442563799423 -0.297128796777866 0
73.28442563799423 -0.2107290304197203 0
73.28442563799423 -0.1329692409332582 0
73.28442563799423 -0.06298543013716335 0
73.38722394144131 -1.437014569862973 0
73.38722394144131 -1.367030759067045 0
73.38722394144131 -1.289270969580787 0
73.38722394144131 -1.202871203222886 0
73.38722394144131 -1.10687146305689 0
73.38722394144131 -1.000205084952688 0
73.38722394144131 -0.8816868865310188 0
73.38722394144131 -0.7499999999999998 0
73.38722394144131 -0.6183131134697619 0
73.38722394144131 -0.4997949150477652 0
73.38722394144131 -0.3931285369440233 0
73.38722394144131 -0.2971287967778687 0
73.38722394144131 -0.2107290304197222 0
73.38722394144131 -0.1329692409332593 0
73.38722394144131 -0.06298543013716387 0
73.486875987769 -1.437014569862973 0
73.486875987769 -1.367030759067045 0
73.486875987769 -1.289270969580787 0
73.486875987769 -1.202871203222886 0
73.48687598776901 -1.106871463056891 0
73.486875987769 -1.000205084952689 0
73.486875987769 -0.88168688653102 0
73.486875987769 -0.7499999999999998 0
73.486875987769 -0.618313113469764 0
73.486875987769 -0.4997949150477672 0
73.486875987769 -0.3931285369440264 0
73.486875987769 -0.2971287967778712 0
73.486875987769 -0.210729030419724 0
73.486875987769 -0.1329692409332605 0
73.48687598776898 -0.06298543013716437 0
73.5834780762401 -1.437014569862973 0
73.58347807624011 -1.367030759067045 0
73.58347807624014 -1.289270969580788 0
73.58347807624011 -1.202871203222887 0
73.58347807624011 -1.106871463056891 0
73.58347807624011 -1.00020508495269 0
73.58347807624011 -0.8816868865310212 0
73.58347807624011 -0.7499999999999998 0
73.58347807624011 -0.6183131134697658 0
73.58347807624011 -0.4997949150477692 0
73.58347807624011 -0.3931285369440295 0
73.58347807624011 -0.2971287967778738 0
73.58347807624011 -0.2107290304197258 0
73.58347807624011 -0.1329692409332615 0
73.5834780762401 -0.06298543013716484 0
73.67712354742204 -1.437014569862973 0
73.67712354742204 -1.367030759067046 0
73.67712354742204 -1.289270969580788 0
73.67712354742201 -1.202871203222887 0
73.67712354742204 -1.106871463056892 0
73.67712354742204 -1.00020508495269 0
73.67712354742204 -0.8816868865310227 0
73.67712354742204 -0.7499999999999998 0
73.67712354742204 -0.6183131134697676 0
73.67712354742204 -0.4997949150477712 0
73.67712354742204 -0.3931285369440325 0
73.67712354742204 -0.2971287967778762 0
73.67712354742204 -0.2107290304197274 0
73.67712354742204 -0.1329692409332626 0
73.67712354742204 -0.06298543013716532 0
73.76790289360017 -1.437014569862973 0
73.76790289360015 -1.367030759067046 0
73.76790289360017 -1.289270969580788 0
73.76790289360017 -1.202871203222888 0
73.76790289360017 -1.106871463056893 0
73.76790289360017 -1.000205084952691 0
73.76790289360017 -0.8816868865310237 0
73.76790289360017 -0.7499999999999998 0
73.76790289360017 -0.618313113469769 0
73.76790289360017 -0.4997949150477729 0
73.76790289360017 -0.3931285369440353 0
73.76790289360017 -0.2971287967778786 0
73.76790289360017 -0.210729030419729 0
73.76790289360017 -0.1329692409332636 0
73.76790289360017 -0.06298543013716579 0
73.85590383810469 -1.437014569862973 0
73.85590383810467 -1.367030759067046 0
73.85590383810467 -1.289270969580788 0
73.85590383810465 -1.202871203222888 0
73.85590383810467 -1.106871463056894 0
73.85590383810467 -1.000205084952692 0
73.85590383810467 -0.8816868865310247 0
73.85590383810467 -0.7499999999999998 0
73.85590383810467 -0.6183131134697708 0
73.85590383810467 -0.4997949150477748 0
73.85590383810467 -0.3931285369440382 0
73.85590383810467 -0.2971287967778808 0
73.85590383810467 -0.2107290304197306 0
73.85590383810467 -0.1329692409332646 0
73.85590383810467 -0.06298543013716619 0
73.9412114092038 -1.437014569862973 0
73.94121140920372 -1.367030759067046 0
73.94121140920377 -1.289270969580789 0
73.94121140920376 -1.202871203222889 0
73.94121140920376 -1.106871463056895 0
73.94121140920376 -1.000205084952693 0
73.94121140920376 -0.8816868865310259 0
73.94121140920376 -0.7499999999999998 0
73.94121140920376 -0.6183131134697724 0
73.94121140920376 -0.4997949150477765 0
73.94121140920376 -0.3931285369440408 0
73.94121140920376 -0.297128796777883 0
73.94121140920376 -0.2107290304197322 0
73.94121140920376 -0.1329692409332656 0
73.94121140920376 -0.06298543013716662 0
74.02390804481315 -1.437014569862974 0
74.02390804481315 -1.367030759067046 0
74.02390804481314 -1.289270969580789 0
74.02390804481315 -1.202871203222889 0
74.02390804481314 -1.106871463056895 0
74.02390804481315 -1.000205084952694 0
74.02390804481317 -0.8816868865310271 0
74.02390804481317 -0.7499999999999998 0
74.02390804481315 -0.618313113469774 0
74.02390804481315 -0.4997949150477783 0
74.02390804481315 -0.3931285369440434 0
74.02390804481315 -0.2971287967778851 0
74.02390804481315 -0.2107290304197336 0
74.02390804481315 -0.1329692409332665 0
74.02390804481315 -0.06298543013716706 0
74.10407366257745 -1.437014569862974 0
74.10407366257745 -1.367030759067047 0
74.10407366257745 -1.28927096958079 0
74.10407366257745 -1.202871203222889 0
74.10407366257743 -1.106871463056895 0
74.10407366257745 -1.000205084952695 0
74.10407366257745 -0.8816868865310281 0
74.10407366257746 -0.7499999999999998 0
74.10407366257746 -0.6183131134697755 0
74.10407366257745 -0.4997949150477798 0
74.10407366257745 -0.393128536944046 0
74.10407366257746 -0.2971287967778873 0
74.10407366257745 -0.2107290304197351 0
74.10407366257745 -0.1329692409332674 0
74.10407366257745 -0.06298543013716745 0
74.18178572092619 -1.437014569862974 0
74.18178572092617 -1.367030759067047 0
74.18178572092617 -1.289270969580789 0
74.18178572092617 -1.20287120322289 0
74.18178572092619 -1.106871463056896 0
74.18178572092617 -1.000205084952696 0
74.18178572092617 -0.8816868865310291 0
74.18178572092617 -0.7499999999999998 0
74.18178572092617 -0.618313113469777 0
74.18178572092617 -0.4997949150477815 0
74.18178572092617 -0.3931285369440485 0
74.18178572092617 -0.2971287967778893 0
74.18178572092617 -0.2107290304197365 0
74.18178572092617 -0.1329692409332683 0
74.18178572092617 -0.06298543013716784 0
74.25711931594462 -1.437014569862974 0
74.25711931594462 -1.367030759067047 0
74.25711931594465 -1.28927096958079 0
74.25711931594462 -1.202871203222891 0
74.25711931594464 -1.106871463056896 0
74.25711931594462 -1.000205084952696 0
74.25711931594462 -0.8816868865310301 0
74.25711931594461 -0.7499999999999998 0
74.25711931594462 -0.6183131134697784 0
74.25711931594462 -0.4997949150477831 0
74.25711931594462 -0.3931285369440508 0
74.25711931594462 -0.2971287967778912 0
74.25711931594462 -0.2107290304197378 0
74.25711931594462 -0.1329692409332691 0
74.25711931594462 -0.0629854301371682 0
74.33014723943631 -1.437014569862974 0
74.3301472394363 -1.367030759067047 0
74.33014723943631 -1.28927096958079 0
74.33014723943631 -1.20287120322289 0
74.33014723943631 -1.106871463056897 0
74.33014723943631 -1.000205084952697 0
74.33014723943631 -0.881686886531031 0
74.33014723943631 -0.7499999999999998 0
74.33014723943631 -0.6183131134697798 0
74.33014723943631 -0.4997949150477844 0
74.33014723943631 -0.3931285369440532 0
74.33014723943631 -0.2971287967778931 0
74.33014723943631 -0.2107290304197391 0
74.33014723943631 -0.1329692409332699 0
74.3301472394363 -0.06298543013716856 0
74.40094005950364 -1.437014569862974 0
74.40094005950363 -1.367030759067047 0
74.40094005950365 -1.28927096958079 0
74.40094005950364 -1.202871203222891 0
74.40094005950363 -1.106871463056898 0
74.40094005950365 -1.000205084952698 0
74.40094005950365 -0.8816868865310319 0
74.40094005950365 -0.7499999999999998 0
74.40094005950365 -0.618313113469781 0
74.40094005950365 -0.4997949150477861 0
74.40094005950365 -0.3931285369440554 0
74.40094005950365 -0.2971287967778949 0
74.40094005950365 -0.2107290304197404 0
74.40094005950364 -0.1329692409332707 0
74.40094005950365 -0.06298543013716892 0
74.46956618652982 -1.437014569862974 0
74.46956618652982 -1.367030759067048 0
74.46956618652983 -1.28927096958079 0
74.46956618652982 -1.202871203222891 0
74.46956618652982 -1.106871463056898 0
74.46956618652982 -1.000205084952699 0
74.46956618652982 -0.8816868865310328 0
74.46956618652982 -0.7499999999999998 0
74.46956618652982 -0.6183131134697823 0
74.46956618652982 -0.4997949150477874 0
74.46956618652982 -0.3931285369440576 0
74.46956618652982 -0.2971287967778968 0
74.46956618652982 -0.2107290304197416 0
74.46956618652982 -0.1329692409332715 0
74.46956618652982 -0.06298543013716927 0
74.53609193668134 -1.437014569862974 0
74.53609193668136 -1.367030759067047 0
74.53609193668136 -1.289270969580791 0
74.53609193668134 -1.202871203222892 0
74.53609193668136 -1.106871463056899 0
74.53609193668134 -1.000205084952699 0
74.53609193668136 -0.8816868865310337 0
74.53609193668134 -0.7499999999999998 0
74.53609193668134 -0.6183131134697837 0
74.53609193668134 -0.4997949150477887 0
74.53609193668134 -0.3931285369440596 0
74.53609193668134 -0.2971287967778984 0
74.53609193668134 -0.2107290304197429 0
74.53609193668134 -0.1329692409332723 0
74.53609193668134 -0.06298543013716962 0
74.60058158988068 -1.437014569862974 0
74.60058158988063 -1.367030759067047 0
74.60058158988065 -1.289270969580791 0
74.60058158988065 -1.202871203222892 0
74.60058158988065 -1.106871463056899 0
74.60058158988065 -1.0002050849527 0
74.60058158988065 -0.8816868865310346 0
74.60058158988065 -0.7499999999999998 0
74.60058158988065 -0.6183131134697848 0
74.60058158988065 -0.4997949150477902 0
74.60058158988065 -0.3931285369440618 0
74.60058158988065 -0.2971287967779002 0
74.60058158988065 -0.210729030419744 0
74.60058158988065 -0.132969240933273 0
74.60058158988065 -0.06298543013716992 0
74.66309746303652 -1.437014569862974 0
74.66309746303652 -1.367030759067048 0
74.66309746303651 -1.289270969580791 0
74.66309746303648 -1.202871203222893 0
74.66309746303652 -1.1068714630569 0
74.66309746303652 -1.000205084952701 0
74.66309746303652 -0.8816868865310353 0
74.66309746303649 -0.7499999999999998 0
74.66309746303652 -0.618313113469786 0
74.66309746303652 -0.4997949150477914 0
74.66309746303652 -0.3931285369440637 0
74.66309746303652 -0.2971287967779018 0
74.66309746303651 -0.2107290304197451 0
74.66309746303652 -0.1329692409332737 0
74.66309746303652 -0.06298543013717021 0
74.72369996835127 -1.437014569862974 0
74.7236999683513 -1.367030759067048 0
74.72369996835123 -1.289270969580792 0
74.72369996835127 -1.202871203222893 0
74.72369996835127 -1.1068714630569 0
74.72369996835127 -1.000205084952701 0
74.72369996835127 -0.881686886531036 0
74.72369996835127 -0.7499999999999998 0
74.72369996835127 -0.6183131134697872 0
74.72369996835126 -0.4997949150477927 0
74.72369996835127 -0.3931285369440657 0
74.72369996835127 -0.2971287967779033 0
74.72369996835127 -0.2107290304197462 0
74.72369996835127 -0.1329692409332744 0
74.72369996835126 -0.06298543013717053 0
74.78244766173671 -1.437014569862974 0
74.78244766173667 -1.367030759067048 0
74.7824476617367 -1.289270969580792 0
74.78244766173668 -1.202871203222893 0
74.78244766173668 -1.106871463056901 0
74.78244766173668 -1.000205084952702 0
74.78244766173668 -0.8816868865310368 0
74.78244766173668 -0.7499999999999998 0
74.78244766173668 -0.6183131134697881 0
74.78244766173668 -0.4997949150477938 0
74.78244766173668 -0.3931285369440677 0
74.78244766173668 -0.2971287967779049 0
74.78244766173668 -0.2107290304197472 0
74.78244766173667 -0.132969240933275 0
74.78244766173668 -0.06298543013717084 0
74.83939732059983 -1.437014569862974 0
74.83939732059986 -1.367030759067048 0
74.83939732059986 -1.289270969580792 0
74.83939732059989 -1.202871203222893 0
74.83939732059986 -1.106871463056901 0
74.83939732059986 -1.000205084952702 0
74.83939732059986 -0.8816868865310377 0
74.83939732059986 -0.7499999999999998 0
74.83939732059986 -0.6183131134697895 0
74.83939732059986 -0.4997949150477951 0
74.83939732059986 -0.3931285369440695 0
74.83939732059986 -0.2971287967779064 0
74.83939732059986 -0.2107290304197483 0
74.83939732059987 -0.1329692409332757 0
74.83939732059986 -0.06298543013717112 0
74.89460397518549 -1.437014569862975 0
74.89460397518549 -1.367030759067048 0
74.8946039751855 -1.289270969580792 0
74.89460397518549 -1.202871203222894 0
74.89460397518549 -1.106871463056902 0
74.89460397518549 -1.000205084952702 0
74.89460397518549 -0.8816868865310383 0
74.8946039751855 -0.7499999999999998 0
74.89460397518549 -0.6183131134697905 0
74.89460397518549 -0.4997949150477962 0
74.8946039751855 -0.3931285369440711 0
74.8946039751855 -0.2971287967779078 0
74.89460397518549 -0.2107290304197492 0
74.89460397518549 -0.1329692409332763 0
74.89460397518549 -0.06298543013717138 0
74.94812096362436 -1.437014569862975 0
74.94812096362436 -1.367030759067049 0
74.94812096362438 -1.289270969580792 0
74.94812096362436 -1.202871203222894 0
74.94812096362435 -1.106871463056902 0
74.94812096362438 -1.000205084952703 0
74.94812096362436 -0.8816868865310389 0
74.94812096362435 -0.7499999999999998 0
74.94812096362436 -0.6183131134697912 0
74.94812096362438 -0.4997949150477974 0
74.94812096362436 -0.3931285369440727 0
74.94812096362436 -0.297128796777909 0
74.94812096362436 -0.2107290304197502 0
74.94812096362436 -0.1329692409332769 0
74.94812096362436 -0.06298543013717166 0
2 3 0 3389
5338
5339
5340
5341
5342
5343
5344
5345
5346
5347
5348
5349
5350
5351
5352
5353
5354
5355
5356
5357
5358
5359
5360
5361
5362
5363
5364
5365
5366
5367
5368
5369
5370
5371
5372
5373
5374
5375
5376
5377
5378
5379
5380
5381
5382
5383
5384
5385
5386
5387
5388
5389
5390
5391
5392
5393
5394
5395
5396
5397
5398
5399
5400
5401
5402
5403
5404
5405
5406
5407
5408
5409
5410
5411
5412
5413
5414
5415
5416
5417
5418
5419
5420
5421
5422
5423
5424
5425
5426
5427
5428
5429
5430
5431
5432
5433
5434
5435
5436
5437
5438
5439
5440
5441
5442
5443
5444
5445
5446
5447
5448
5449
5450
5451
5452
5453
5454
5455
5456
5457
5458
5459
5460
5461
5462
5463
5464
5465
5466
5467
5468
5469
5470
5471
5472
5473
5474
5475
5476
5477
5478
5479
5480
5481
5482
5483
5484
5485
5486
5487
5488
5489
5490
5491
5492
5493
5494
5495
5496
5497
5498
5499
5500
5501
5502
5503
5504
5505
5506
5507
5508
5509
5510
5511
5512
5513
5514
5515
5516
5517
5518
5519
5520
5521
5522
5523
5524
5525
5526
5527
5528
5529
5530
5531
5532
5533
5534
5535
5536
5537
5538
5539
5540
5541
5542
5543
5544
5545
5546
5547
5548
5549
5550
5551
5552
5553
5554
5555
5556
5557
5558
5559
5560
5561
5562
5563
5564
5565
5566
5567
5568
5569
5570
5571
5572
5573
5574
5575
5576
5577
5578
5579
5580
5581
5582
5583
5584
5585
5586
5587
5588
5589
5590
5591
5592
5593
5594
5595
5596
5597
5598
5599
5600
5601
5602
5603
5604
5605
5606
5607
5608
5609
5610
5611
5612
5613
5614
5615
5616
5617
5618
5619
5620
5621
5622
5623
5624
5625
5626
5627
5628
5629
5630
5631
5632
5633
5634
5635
5636
5637
5638
5639
5640
5641
5642
5643
5644
5645
5646
5647
5648
5649
5650
5651
5652
5653
5654
5655
5656
5657
5658
5659
5660
5661
5662
5663
5664
5665
5666
5667
5668
5669
5670
5671
5672
5673
5674
5675
5676
5677
5678
5679
5680
5681
5682
5683
5684
5685
5686
5687
5688
5689
5690
5691
5692
5693
5694
5695
5696
5697
5698
5699
5700
5701
5702
5703
5704
5705
5706
5707
5708
5709
5710
5711
5712
5713
5714
5715
5716
5717
5718
5719
5720
5721
5722
5723
5724
5725
5726
5727
5728
5729
5730
5731
5732
5733
5734
5735
5736
5737
5738
5739
5740
5741
5742
5743
5744
5745
5746
5747
5748
5749
5750
5751
5752
5753
5754
5755
5756
5757
5758
5759
5760
5761
5762
5763
5764
5765
5766
5767
5768
5769
5770
5771
5772
5773
5774
5775
5776
5777
5778
5779
5780
5781
5782
5783
5784
5785
5786
5787
5788
5789
5790
5791
5792
5793
5794
5795
5796
5797
5798
5799
5800
5801
5802
5803
5804
5805
5806
5807
5808
5809
5810
5811
5812
5813
5814
5815
5816
5817
5818
5819
5820
5821
5822
5823
5824
5825
5826
5827
5828
5829
5830
5831
5832
5833
5834
5835
5836
5837
5838
5839
5840
5841
5842
5843
5844
5845
5846
5847
5848
5849
5850
5851
5852
5853
5854
5855
5856
5857
5858
5859
5860
5861
5862
5863
5864
5865
5866
5867
5868
5869
5870
5871
5872
5873
5874
5875
5876
5877
5878
5879
5880
5881
5882
5883
5884
5885
5886
5887
5888
5889
5890
5891
5892
5893
5894
5895
5896
5897
5898
5899
5900
5901
5902
5903
5904
5905
5906
5907
5908
5909
5910
5911
5912
5913
5914
5915
5916
5917
5918
5919
5920
5921
5922
5923
5924
5925
5926
5927
5928
5929
5930
5931
5932
5933
5934
5935
5936
5937
5938
5939
5940
5941
5942
5943
5944
5945
5946
5947
5948
5949
5950
5951
5952
5953
5954
5955
5956
5957
5958
5959
5960
5961
5962
5963
5964
5965
5966
5967
5968
5969
5970
5971
5972
5973
5974
5975
5976
5977
5978
5979
5980
5981
5982
5983
5984
5985
5986
5987
5988
5989
5990
5991
5992
5993
5994
5995
5996
5997
5998
5999
6000
6001
6002
6003
6004
6005
6006
6007
6008
6009
6010
6011
6012
6013
6014
6015
6016
6017
6018
6019
6020
6021
6022
6023
6024
6025
6026
6027
6028
6029
6030
6031
6032
6033
6034
6035
6036
6037
6038
6039
6040
6041
6042
6043
6044
6045
6046
6047
6048
6049
6050
6051
6052
6053
6054
6055
6056
6057
6058
6059
6060
6061
6062
6063
6064
6065
6066
6067
6068
6069
6070
6071
6072
6073
6074
6075
6076
6077
6078
6079
6080
6081
6082
6083
6084
6085
6086
6087
6088
6089
6090
6091
6092
6093
6094
6095
6096
6097
6098
6099
6100
6101
6102
6103
6104
6105
6106
6107
6108
6109
6110
6111
6112
6113
6114
6115
6116
6117
6118
6119
6120
6121
6122
6123
6124
6125
6126
6127
6128
6129
6130
6131
6132
6133
6134
6135
6136
6137
6138
6139
6140
6141
6142
6143
6144
6145
6146
6147
6148
6149
6150
6151
6152
6153
6154
6155
6156
6157
6158
6159
6160
6161
6162
6163
6164
6165
6166
6167
6168
6169
6170
6171
6172
6173
6174
6175
6176
6177
6178
6179
6180
6181
6182
6183
6184
6185
6186
6187
6188
6189
6190
6191
6192
6193
6194
6195
6196
6197
6198
6199
6200
6201
6202
6203
6204
6205
6206
6207
6208
6209
6210
6211
6212
6213
6214
6215
6216
6217
6218
6219
6220
6221
6222
6223
6224
6225
6226
6227
6228
6229
6230
6231
6232
6233
6234
6235
6236
6237
6238
6239
6240
6241
6242
6243
6244
6245
6246
6247
6248
6249
6250
6251
6252
6253
6254
6255
6256
6257
6258
6259
6260
6261
6262
6263
6264
6265
6266
6267
6268
6269
6270
6271
6272
6273
6274
6275
6276
6277
6278
6279
6280
6281
6282
6283
6284
6285
6286
6287
6288
6289
6290
6291
6292
6293
6294
6295
6296
6297
6298
6299
6300
6301
6302
6303
6304
6305
6306
6307
6308
6309
6310
6311
6312
6313
6314
6315
6316
6317
6318
6319
6320
6321
6322
6323
6324
6325
6326
6327
6328
6329
6330
6331
6332
6333
6334
6335
6336
6337
6338
6339
6340
6341
6342
6343
6344
6345
6346
6347
6348
6349
6350
6351
6352
6353
6354
6355
6356
6357
6358
6359
6360
6361
6362
6363
6364
6365
6366
6367
6368
6369
6370
6371
6372
6373
6374
6375
6376
6377
6378
6379
6380
6381
6382
6383
6384
6385
6386
6387
6388
6389
6390
6391
6392
6393
6394
6395
6396
6397
6398
6399
6400
6401
6402
6403
6404
6405
6406
6407
6408
6409
6410
6411
6412
6413
6414
6415
6416
6417
6418
6419
6420
6421
6422
6423
6424
6425
6426
6427
6428
6429
6430
6431
6432
6433
6434
6435
6436
6437
6438
6439
6440
6441
6442
6443
6444
6445
6446
6447
6448
6449
6450
6451
6452
6453
6454
6455
6456
6457
6458
6459
6460
6461
6462
6463
6464
6465
6466
6467
6468
6469
6470
6471
6472
6473
6474
6475
6476
6477
6478
6479
6480
6481
6482
6483
6484
6485
6486
6487
6488
6489
6490
6491
6492
6493
6494
6495
6496
6497
6498
6499
6500
6501
6502
6503
6504
6505
6506
6507
6508
6509
6510
6511
6512
6513
6514
6515
6516
6517
6518
6519
6520
6521
6522
6523
6524
6525
6526
6527
6528
6529
6530
6531
6532
6533
6534
6535
6536
6537
6538
6539
6540
6541
6542
6543
6544
6545
6546
6547
6548
6549
6550
6551
6552
6553
6554
6555
6556
6557
6558
6559
6560
6561
6562
6563
6564
6565
6566
6567
6568
6569
6570
6571
6572
6573
6574
6575
6576
6577
6578
6579
6580
6581
6582
6583
6584
6585
6586
6587
6588
6589
6590
6591
6592
6593
6594
6595
6596
6597
6598
6599
6600
6601
6602
6603
6604
6605
6606
6607
6608
6609
6610
6611
6612
6613
6614
6615
6616
6617
6618
6619
6620
6621
6622
6623
6624
6625
6626
6627
6628
6629
6630
6631
6632
6633
6634
6635
6636
6637
6638
6639
6640
6641
6642
6643
6644
6645
6646
6647
6648
6649
6650
6651
6652
6653
6654
6655
6656
6657
6658
6659
6660
6661
6662
6663
6664
6665
6666
6667
6668
6669
6670
6671
6672
6673
6674
6675
6676
6677
6678
6679
6680
6681
6682
6683
6684
6685
6686
6687
6688
6689
6690
6691
6692
6693
6694
6695
6696
6697
6698
6699
6700
6701
6702
6703
6704
6705
6706
6707
6708
6709
6710
6711
6712
6713
6714
6715
6716
6717
6718
6719
6720
6721
6722
6723
6724
6725
6726
6727
6728
6729
6730
6731
6732
6733
6734
6735
6736
6737
6738
6739
6740
6741
6742
6743
6744
6745
6746
6747
6748
6749
6750
6751
6752
6753
6754
6755
6756
6757
6758
6759
6760
6761
6762
6763
6764
6765
6766
6767
6768
6769
6770
6771
6772
6773
6774
6775
6776
6777
6778
6779
6780
6781
6782
6783
6784
6785
6786
6787
6788
6789
6790
6791
6792
6793
6794
6795
6796
6797
6798
6799
6800
6801
6802
6803
6804
6805
6806
6807
6808
6809
6810
6811
6812
6813
6814
6815
6816
6817
6818
6819
6820
6821
6822
6823
6824
6825
6826
6827
6828
6829
6830
6831
6832
6833
6834
6835
6836
6837
6838
6839
6840
6841
6842
6843
6844
6845
6846
6847
6848
6849
6850
6851
6852
6853
6854
6855
6856
6857
6858
6859
6860
6861
6862
6863
6864
6865
6866
6867
6868
6869
6870
6871
6872
6873
6874
6875
6876
6877
6878
6879
6880
6881
6882
6883
6884
6885
6886
6887
6888
6889
6890
6891
6892
6893
6894
6895
6896
6897
6898
6899
6900
6901
6902
6903
6904
6905
6906
6907
6908
6909
6910
6911
6912
6913
6914
6915
6916
6917
6918
6919
6920
6921
6922
6923
6924
6925
6926
6927
6928
6929
6930
6931
6932
6933
6934
6935
6936
6937
6938
6939
6940
6941
6942
6943
6944
6945
6946
6947
6948
6949
6950
6951
6952
6953
6954
6955
6956
6957
6958
6959
6960
6961
6962
6963
6964
6965
6966
6967
6968
6969
6970
6971
6972
6973
6974
6975
6976
6977
6978
6979
6980
6981
6982
6983
6984
6985
6986
6987
6988
6989
6990
6991
6992
6993
6994
6995
6996
6997
6998
6999
7000
7001
7002
7003
7004
7005
7006
7007
7008
7009
7010
7011
7012
7013
7014
7015
7016
7017
7018
7019
7020
7021
7022
7023
7024
7025
7026
7027
7028
7029
7030
7031
7032
7033
7034
7035
7036
7037
7038
7039
7040
7041
7042
7043
7044
7045
7046
7047
7048
7049
7050
7051
7052
7053
7054
7055
7056
7057
7058
7059
7060
7061
7062
7063
7064
7065
7066
7067
7068
7069
7070
7071
7072
7073
7074
7075
7076
7077
7078
7079
7080
7081
7082
7083
7084
7085
7086
7087
7088
7089
7090
7091
7092
7093
7094
7095
7096
7097
7098
7099
7100
7101
7102
7103
7104
7105
7106
7107
7108
7109
7110
7111
7112
7113
7114
7115
7116
7117
7118
7119
7120
7121
7122
7123
7124
7125
7126
7127
7128
7129
7130
7131
7132
7133
7134
7135
7136
7137
7138
7139
7140
7141
7142
7143
7144
7145
7146
7147
7148
7149
7150
7151
7152
7153
7154
7155
7156
7157
7158
7159
7160
7161
7162
7163
7164
7165
7166
7167
7168
7169
7170
7171
7172
7173
7174
7175
7176
7177
7178
7179
7180
7181
7182
7183
7184
7185
7186
7187
7188
7189
7190
7191
7192
7193
7194
7195
7196
7197
7198
7199
7200
7201
7202
7203
7204
7205
7206
7207
7208
7209
7210
7211
7212
7213
7214
7215
7216
7217
7218
7219
7220
7221
7222
7223
7224
7225
7226
7227
7228
7229
7230
7231
7232
7233
7234
7235
7236
7237
7238
7239
7240
7241
7242
7243
7244
7245
7246
7247
7248
7249
7250
7251
7252
7253
7254
7255
7256
7257
7258
7259
7260
7261
7262
7263
7264
7265
7266
7267
7268
7269
7270
7271
7272
7273
7274
7275
7276
7277
7278
7279
7280
7281
7282
7283
7284
7285
7286
7287
7288
7289
7290
7291
7292
7293
7294
7295
7296
7297
7298
7299
7300
7301
7302
7303
7304
7305
7306
7307
7308
7309
7310
7311
7312
7313
7314
7315
7316
7317
7318
7319
7320
7321
7322
7323
7324
7325
7326
7327
7328
7329
7330
7331
7332
7333
7334
7335
7336
7337
7338
7339
7340
7341
7342
7343
7344
7345
7346
7347
7348
7349
7350
7351
7352
7353
7354
7355
7356
7357
7358
7359
7360
7361
7362
7363
7364
7365
7366
7367
7368
7369
7370
7371
7372
7373
7374
7375
7376
7377
7378
7379
7380
7381
7382
7383
7384
7385
7386
7387
7388
7389
7390
7391
7392
7393
7394
7395
7396
7397
7398
7399
7400
7401
7402
7403
7404
7405
7406
7407
7408
7409
7410
7411
7412
7413
7414
7415
7416
7417
7418
7419
7420
7421
7422
7423
7424
7425
7426
7427
7428
7429
7430
7431
7432
7433
7434
7435
7436
7437
7438
7439
7440
7441
7442
7443
7444
7445
7446
7447
7448
7449
7450
7451
7452
7453
7454
7455
7456
7457
7458
7459
7460
7461
7462
7463
7464
7465
7466
7467
7468
7469
7470
7471
7472
7473
7474
7475
7476
7477
7478
7479
7480
7481
7482
7483
7484
7485
7486
7487
7488
7489
7490
7491
7492
7493
7494
7495
7496
7497
7498
7499
7500
7501
7502
7503
7504
7505
7506
7507
7508
7509
7510
7511
7512
7513
7514
7515
7516
7517
7518
7519
7520
7521
7522
7523
7524
7525
7526
7527
7528
7529
7530
7531
7532
7533
7534
7535
7536
7537
7538
7539
7540
7541
7542
7543
7544
7545
7546
7547
7548
7549
7550
7551
7552
7553
7554
7555
7556
7557
7558
7559
7560
7561
7562
7563
7564
7565
7566
7567
7568
7569
7570
7571
7572
7573
7574
7575
7576
7577
7578
7579
7580
7581
7582
7583
7584
7585
7586
7587
7588
7589
7590
7591
7592
7593
7594
7595
7596
7597
7598
7599
7600
7601
7602
7603
7604
7605
7606
7607
7608
7609
7610
7611
7612
7613
7614
7615
7616
7617
7618
7619
7620
7621
7622
7623
7624
7625
7626
7627
7628
7629
7630
7631
7632
7633
7634
7635
7636
7637
7638
7639
7640
7641
7642
7643
7644
7645
7646
7647
7648
7649
7650
7651
7652
7653
7654
7655
7656
7657
7658
7659
7660
7661
7662
7663
7664
7665
7666
7667
7668
7669
7670
7671
7672
7673
7674
7675
7676
7677
7678
7679
7680
7681
7682
7683
7684
7685
7686
7687
7688
7689
7690
7691
7692
7693
7694
7695
7696
7697
7698
7699
7700
7701
7702
7703
7704
7705
7706
7707
7708
7709
7710
7711
7712
7713
7714
7715
7716
7717
7718
7719
7720
7721
7722
7723
7724
7725
7726
7727
7728
7729
7730
7731
7732
7733
7734
7735
7736
7737
7738
7739
7740
7741
7742
7743
7744
7745
7746
7747
7748
7749
7750
7751
7752
7753
7754
7755
7756
7757
7758
7759
7760
7761
7762
7763
7764
7765
7766
7767
7768
7769
7770
7771
7772
7773
7774
7775
7776
7777
7778
7779
7780
7781
7782
7783
7784
7785
7786
7787
7788
7789
7790
7791
7792
7793
7794
7795
7796
7797
7798
7799
7800
7801
7802
7803
7804
7805
7806
7807
7808
7809
7810
7811
7812
7813
7814
7815
7816
7817
7818
7819
7820
7821
7822
7823
7824
7825
7826
7827
7828
7829
7830
7831
7832
7833
7834
7835
7836
7837
7838
7839
7840
7841
7842
7843
7844
7845
7846
7847
7848
7849
7850
7851
7852
7853
7854
7855
7856
7857
7858
7859
7860
7861
7862
7863
7864
7865
7866
7867
7868
7869
7870
7871
7872
7873
7874
7875
7876
7877
7878
7879
7880
7881
7882
7883
7884
7885
7886
7887
7888
7889
7890
7891
7892
7893
7894
7895
7896
7897
7898
7899
7900
7901
7902
7903
7904
7905
7906
7907
7908
7909
7910
7911
7912
7913
7914
7915
7916
7917
7918
7919
7920
7921
7922
7923
7924
7925
7926
7927
7928
7929
7930
7931
7932
7933
7934
7935
7936
7937
7938
7939
7940
7941
7942
7943
7944
7945
7946
7947
7948
7949
7950
7951
7952
7953
7954
7955
7956
7957
7958
7959
7960
7961
7962
7963
7964
7965
7966
7967
7968
7969
7970
7971
7972
7973
7974
7975
7976
7977
7978
7979
7980
7981
7982
7983
7984
7985
7986
7987
7988
7989
7990
7991
7992
7993
7994
7995
7996
7997
7998
7999
8000
8001
8002
8003
8004
8005
8006
8007
8008
8009
8010
8011
8012
8013
8014
8015
8016
8017
8018
8019
8020
8021
8022
8023
8024
8025
8026
8027
8028
8029
8030
8031
8032
8033
8034
8035
8036
8037
8038
8039
8040
8041
8042
8043
8044
8045
8046
8047
8048
8049
8050
8051
8052
8053
8054
8055
8056
8057
8058
8059
8060
8061
8062
8063
8064
8065
8066
8067
8068
8069
8070
8071
8072
8073
8074
8075
8076
8077
8078
8079
8080
8081
8082
8083
8084
8085
8086
8087
8088
8089
8090
8091
8092
8093
8094
8095
8096
8097
8098
8099
8100
8101
8102
8103
8104
8105
8106
8107
8108
8109
8110
8111
8112
8113
8114
8115
8116
8117
8118
8119
8120
8121
8122
8123
8124
8125
8126
8127
8128
8129
8130
8131
8132
8133
8134
8135
8136
8137
8138
8139
8140
8141
8142
8143
8144
8145
8146
8147
8148
8149
8150
8151
8152
8153
8154
8155
8156
8157
8158
8159
8160
8161
8162
8163
8164
8165
8166
8167
8168
8169
8170
8171
8172
8173
8174
8175
8176
8177
8178
8179
8180
8181
8182
8183
8184
8185
8186
8187
8188
8189
8190
8191
8192
8193
8194
8195
8196
8197
8198
8199
8200
8201
8202
8203
8204
8205
8206
8207
8208
8209
8210
8211
8212
8213
8214
8215
8216
8217
8218
8219
8220
8221
8222
8223
8224
8225
8226
8227
8228
8229
8230
8231
8232
8233
8234
8235
8236
8237
8238
8239
8240
8241
8242
8243
8244
8245
8246
8247
8248
8249
8250
8251
8252
8253
8254
8255
8256
8257
8258
8259
8260
8261
8262
8263
8264
8265
8266
8267
8268
8269
8270
8271
8272
8273
8274
8275
8276
8277
8278
8279
8280
8281
8282
8283
8284
8285
8286
8287
8288
8289
8290
8291
8292
8293
8294
8295
8296
8297
8298
8299
8300
8301
8302
8303
8304
8305
8306
8307
8308
8309
8310
8311
8312
8313
8314
8315
8316
8317
8318
8319
8320
8321
8322
8323
8324
8325
8326
8327
8328
8329
8330
8331
8332
8333
8334
8335
8336
8337
8338
8339
8340
8341
8342
8343
8344
8345
8346
8347
8348
8349
8350
8351
8352
8353
8354
8355
8356
8357
8358
8359
8360
8361
8362
8363
8364
8365
8366
8367
8368
8369
8370
8371
8372
8373
8374
8375
8376
8377
8378
8379
8380
8381
8382
8383
8384
8385
8386
8387
8388
8389
8390
8391
8392
8393
8394
8395
8396
8397
8398
8399
8400
8401
8402
8403
8404
8405
8406
8407
8408
8409
8410
8411
8412
8413
8414
8415
8416
8417
8418
8419
8420
8421
8422
8423
8424
8425
8426
8427
8428
8429
8430
8431
8432
8433
8434
8435
8436
8437
8438
8439
8440
8441
8442
8443
8444
8445
8446
8447
8448
8449
8450
8451
8452
8453
8454
8455
8456
8457
8458
8459
8460
8461
8462
8463
8464
8465
8466
8467
8468
8469
8470
8471
8472
8473
8474
8475
8476
8477
8478
8479
8480
8481
8482
8483
8484
8485
8486
8487
8488
8489
8490
8491
8492
8493
8494
8495
8496
8497
8498
8499
8500
8501
8502
8503
8504
8505
8506
8507
8508
8509
8510
8511
8512
8513
8514
8515
8516
8517
8518
8519
8520
8521
8522
8523
8524
8525
8526
8527
8528
8529
8530
8531
8532
8533
8534
8535
8536
8537
8538
8539
8540
8541
8542
8543
8544
8545
8546
8547
8548
8549
8550
8551
8552
8553
8554
8555
8556
8557
8558
8559
8560
8561
8562
8563
8564
8565
8566
8567
8568
8569
8570
8571
8572
8573
8574
8575
8576
8577
8578
8579
8580
8581
8582
8583
8584
8585
8586
8587
8588
8589
8590
8591
8592
8593
8594
8595
8596
8597
8598
8599
8600
8601
8602
8603
8604
8605
8606
8607
8608
8609
8610
8611
8612
8613
8614
8615
8616
8617
8618
8619
8620
8621
8622
8623
8624
8625
8626
8627
8628
8629
8630
8631
8632
8633
8634
8635
8636
8637
8638
8639
8640
8641
8642
8643
8644
8645
8646
8647
8648
8649
8650
8651
8652
8653
8654
8655
8656
8657
8658
8659
8660
8661
8662
8663
8664
8665
8666
8667
8668
8669
8670
8671
8672
8673
8674
8675
8676
8677
8678
8679
8680
8681
8682
8683
8684
8685
8686
8687
8688
8689
8690
8691
8692
8693
8694
8695
8696
8697
8698
8699
8700
8701
8702
8703
8704
8705
8706
8707
8708
8709
8710
8711
8712
8713
8714
8715
8716
8717
8718
8719
8720
8721
8722
8723
8724
8725
8726
60.50116183650616 0.6921763577273318 0
66.24131708018217 0.5823669234409266 0
53.19998282925148 0.9938906422258824 0
69.9268730793126 0.4632221607372358 0
72.40525861975463 0.3975774630963912 0
74.05939516865243 0.334887990315763 0
75.24753261010542 0.3192926352283467 0
43.77456888414677 1.242924575160805 0
14.18885986657376 0.941462584696892 0
22.92960472964223 1.169360085198916 0
7.690335137901231 0.6810157811976696 0
4.049866722806729 0.4484420518712223 0
1.746682416535098 0.3573603731826958 0
0.3269646791871034 0.3188829607157576 0
76.29287350531993 0.413828294050679 0
-0.5095472462073349 0.3887869633757143 0
33.38855422022711 1.568732421198711 0
73.33594090758641 0.3423161838797133 0
74.63690476563943 0.3092396730145919 0
63.61919732169379 0.6640058924863015 0
0.8605383584700205 0.365686022905084 0
68.22958754127372 0.4783113683815076 0
71.37116640331618 0.38973816942453 0
10.57622347924618 0.7521134786240369 0
5.634482570749082 0.4778555937640911 0
2.660762429275108 0.3803519540582001 0
77.59518628210834 0.5226054072747073 0
-1.675541208782645 0.6069492399679531 0
0.03201786984309758 0.3155907431839953 0
74.92510985541549 0.3084521628902327 0
75.66687108801455 0.3548473829751698 0
-27.1252600054465 5.664665612987862 0
-12.33220040450031 5.297792127764431 0
-40.8273116231704 5.68625755029637 0
-53.45891150726454 5.887952291059156 0
-64.44827089843363 5.712701021080008 0
70.65343012441464 0.4519588540142134 0
72.89793977273123 0.3492700137036903 0
73.72800552501627 0.3164360732215108 0
-73.74008490654619 5.824147954180255 0
-19.49141288702187 5.296214119915001 0
1.273919626801169 0.3594572083801327 0
74.36855682038723 0.3236965135518187 0
1004.444733715084 7.932651082820371 0
982.8077118991991 8.380065130797671 0
961.7005040041513 7.773330004658454 0
940.7780512714737 8.198071363535021 0
920.2083372516222 9.122971210644939 0
895.089146614696 8.769295197933801 0
871.0067786568279 8.244871322557401 0
847.1332139600438 7.867137259307478 0
823.8536370622553 7.416758535694067 0
801.9878340758071 7.008106343017107 0
779.8153528566418 7.556997431941179 0
758.3743660973812 7.369601473900159 0
737.3227981164255 7.348279364405027 0
717.0699112244874 7.333456858181187 0
697.2625654803861 7.684458287754843 0
677.9155111795944 7.155635676004391 0
658.8431185588323 6.417836375094932 0
640.3000557892744 7.167145778393921 0
622.403362887831 7.339260587365855 0
601.8671329327735 6.659692048621164 0
581.0473103141178 6.72903031082226 0
561.2712484360433 6.524417097909001 0
542.0801195425126 6.47165866262559 0
523.4580522049185 6.391022771399216 0
505.4289796699608 6.454078018586164 0
487.9829225919428 6.260972326788048 0
470.8373002145302 6.163168214068655 0
454.3398049142779 5.863439789690974 0
438.3038465052663 6.022294241763239 0
420.2091940335667 5.84948143305016 0
402.7406612807009 5.868301139508855 0
385.965565577985 5.454361182448562 0
369.5875890039226 5.724744111802245 0
353.925064088419 5.8343714867809 0
338.681296342576 5.590915944870099 0
324.0225030411219 5.583693138532466 0
307.9227501769826 5.188919989508531 0
292.6340505525677 5.706683813006106 0
277.4290534860901 5.077718126632563 0
263.4852578659021 5.265109949883073 0
249.5872889191155 5.218208324854966 0
236.2427933086954 5.147344219140528 0
222.008193357543 5.100244609664061 0
208.3178886079979 5.445640503776717 0
195.3950837102704 5.010533140005997 0
182.9621961537956 4.949346213704931 0
171.0779551779638 4.884467696459259 0
158.4870162625494 4.810651819939327 0
146.5115872400166 4.758796694271875 0
135.1216695117567 4.729714387155449 0
124.2885480775556 4.691247999433881 0
112.9246688449988 4.880440564054481 0
102.2112593766616 4.571050196014538 0
92.14771145918009 4.675285202397252 0
83.49723145504024 4.671522348727812 0
164.7329453429432 4.654613167503459 0
152.4243199126164 4.803505814401655 0
316.0030846156968 5.524952411969033 0
300.0596694222234 5.479810548074228 0
284.8667028345626 5.409682963344736 0
270.2712151267397 5.294691584327854 0
256.1612332439531 5.372827526398187 0
242.7328395312491 5.28953659974866 0
228.4801418117368 5.10282275765501 0
215.8849867409977 5.05919232044958 0
78.78329330488202 0.5465659622521186 0
1026.557024823631 8.569505227188337 0
16.38978547393338 0.9315643145593335 0
-88.46459899714887 59.33422386593733 0
58.92014322653151 0.7370848117612928 0
12.24995185183501 0.7813791921112194 0
62.3791265559563 0.6398731729127537 0
1043.240841105318 8.727360493182374 0
65.15340387195482 0.5631208079772567 0
-46.86479222058048 5.620916010178458 0
-81.2224414392395 5.874171305079881 0
67.43469035194649 0.547187779400003 0
-32.75962340229508 5.21507421827113 0
69.22602254947142 0.4206964862838847 0
9.074176059367495 0.6402940326711455 0
71.98542482355205 0.3972146240356462 0
611.8501839100791 6.822704082233696 0
591.1611204302844 6.725526128587355 0
570.7505323820711 6.555502088722069 0
551.5112203590156 6.84645893033554 0
532.6267156578713 6.623205277169889 0
514.3549485718686 6.351605177575687 0
496.5543084527696 6.274526118195347 0
479.2810566356431 6.199730759223185 0
462.5201366597203 6.061600869113279 0
446.2546603581673 6.129334472880548 0
427.8870215175178 5.977188041819417 0
410.1526476890547 5.96850131099408 0
393.1722100061228 6.262096347455313 0
376.3585482700597 5.810118197575026 0
360.1909033713408 5.651970561835761 0
345.122722878832 5.61880814074253 0
6.651251537480715 0.54777527294066 0
332.2438799594824 5.832823140964841 0
4.807372082847438 0.5487151533555277 0
3.192159581687387 0.4156907208181775 0
2.176649523462455 0.4076668871109384 0
0.5287610224934561 0.3070262310888536 0
1062.425098972456 63.93715843784146 0
-91.43934910584377 38.20682375517057 0
-3.529093992119381 0.9117878026310127 0
80.36675309703115 0.7509914677657681 0
1066.827499975177 37.19062936839589 0
11.96932481223084 122.980634397382 0
-88.33667594213144 6.006541338805393 0
109.4388945125834 123.7630843254379 0
175.1451828291214 122.9959493109474 0
241.3397143474831 123.4964093154991 0
310.3418534923052 123.7635031965022 0
376.5094848759992 126.1298788823484 0
438.5416666691705 121.7338930708028 0
-0.9573525558141673 0.4739707206455298 0
506.4061862220243 123.0195631201438 0
573.7827068830775 122.9842112339777 0
640.2418042520414 123.5318081005318 0
701.6083732700092 125.2189720291117 0
764.8302708667463 123.9524854896889 0
828.1438645149575 122.8549715037313 0
932.3634670426245 123.2756348393074 0
-94.76960004556861 20.20440673914173 0
76.73407623260141 0.4668005171128842 0
75.96360491167518 0.3910836809562193 0
1069.835086918667 19.99383408372498 0
75.43521565784668 0.3355464669837295 0
-0.1095960259069378 0.3391883258433429 0
990.1082263942194 121.1274226088134 0
61.47382973507694 0.6520737862095072 0
1015.177191362962 8.908823950307951 0
-58.07643283029385 5.331299800072429 0
-69.10822772801771 5.800714236947816 0
-36.73074830765139 5.256674713194443 0
993.4629304927066 9.017324339797854 0
972.1417661725874 8.333880260707524 0
951.0796551600887 7.444815780127643 0
930.5313514235197 8.153701856063645 0
905.5640936400264 8.417153467799725 0
880.9594496669899 8.57625096380527 0
857.1894707361563 7.890911044424593 0
833.764982925355 7.157557403636057 0
810.8157143414923 7.022389609772727 0
64.44011497716255 0.5734503925967355 0
789.0730946462605 7.208696950900297 0
767.2630906587449 7.439279982119309 0
745.7632940359435 7.686867889025128 0
725.2409420879412 7.482677942814423 0
705.0771330625078 7.177456456515625 0
685.4134505833184 6.658079981239829 0
666.2832548847646 6.51983627679399 0
647.7452802735093 6.929202249437428 0
630.3982803455978 7.423962253957621 0
75.0853824927654 0.3157952695648414 0
66.79288587452618 0.5249645769905693 0
68.74494305023276 0.5156246406918641 0
70.3015293984578 0.4432583251306508 0
71.06646723120173 0.4532330526254252 0
71.68908349933179 0.3890543347251759 0
1055.041619628027 9.091866180696503 0
3.584413078148075 0.4558092273049316 0
1.049289241334472 0.3245155127654704 0
0.7036301446777771 0.3139148387282645 0
74.5116059491253 0.3396416731526773 0
0.1886909079576217 0.324224909552791 0
74.74771310211088 0.3078965981263413 0
82.04111558792891 2.358646268698122 0
-93.49768284547582 5.964276313319879 0
-5.521577693898902 1.137520282604564 0
1058.049946642932 107.416447750405 0
-80.92038061812141 104.7617286081229 0
1066.617395964742 8.988932439984975 0
81.69434891018184 0.9117468304549059 0
-6.769882586326064 2.628205132359946 0
-96.98523385721812 9.110657081945481 0
-2.81252011336378 0.8837121224003482 0
-3.165541795647018 1.532016608431847 0
-2.32360062495738 1.470933447049198 0
-2.836769306999032 2.346291894085071 0
-1.89346230639294 2.329536059099876 0
-2.433009672930996 3.375334546927975 0
-1.10692405233788 3.194593084362412 0
-1.871084131677885 4.547233139694534 0
-0.3688554376689193 4.568217398678325 0
-1.192375708372504 6.061779658168226 0
0.08946417884707197 3.334889622546022 0
1.079859258070583 4.337917772729109 0
1.810053750661803 3.420562175624541 0
2.551573083959619 4.264727583790894 0
3.413882688050842 2.993881818383398 0
4.040088364933937 4.414410026749877 0
-3.411012713647251 4.424131832927252 0
4.818388200811893 2.939461313379852 0
5.528097222551171 4.41794039746844 0
4.527762951054799 5.900784832100342 0
6.265887462168044 3.304180252086183 0
7.014798373612146 4.444069911601533 0
7.636911501858239 3.093488939268351 0
8.481776333790478 4.373281203263369 0
1.096828299029358 2.191921821949038 0
9.324920699688816 2.953984902565975 0
9.986514371967644 4.302359130983677 0
10.82606729434734 3.063049705269774 0
11.53399749317489 4.311739391078055 0
10.99040334712838 6.093464583213653 0
-3.811612389891075 2.365293014725327 0
3.981297099531206 2.24499398023626 0
5.103513369051249 2.071998383071576 0
12.23920341660081 2.910148347947696 0
13.05599450679958 4.256085293042162 0
2.864095457722379 2.254082551163216 0
6.261420800830138 1.791027168693342 0
13.78924050364106 2.778807033437932 0
14.601733797677 4.188482629834568 0
18.96355192754137 1.0181209350014 0
20.87887257754428 1.301204885660891 0
3.326459466987973 1.362292168033838 0
15.26282873439771 2.918143676765323 0
16.16018890932475 4.131350061460858 0
16.89981058075961 2.739898730238926 0
17.74609160346663 4.105857329562363 0
17.00026756040856 5.619986378908434 0
8.506455218169313 1.969928622328046 0
9.605680830282099 1.801533535484857 0
4.525128914268009 1.378120867667959 0
11.43698391230899 2.155678110092689 0
18.52094543545546 2.674382558504732 0
19.35257033413451 4.056295405052712 0
27.6517655357537 1.348621423432953 0
30.44862011173619 1.461821948201813 0
150.2722019778335 123.9896815496914 0
131.0522010679246 100.4694348104385 0
162.8908933190874 99.31082868017432 0
184.7709939981249 98.72702339076187 0
174.6233974005689 80.52755911215783 0
192.7712612950761 79.31343566099136 0
182.6585487812607 63.75153329997579 0
167.0583921716353 64.91704620952466 0
198.8554573651331 63.89741655825989 0
172.7435004261245 53.23871938628054 0
161.023539443383 52.94763609143076 0
166.3830006435649 43.16896374515417 0
156.390043429346 42.90414550112727 0
177.485678805126 42.15702899718505 0
161.5078628924 33.77614043907744 0
152.0910586212187 34.57766970033775 0
147.2329207092808 42.05578090376166 0
143.1992989416541 33.22175223979032 0
140.7679365274924 4.887000540664127 0
138.5478845981364 40.79680558035494 0
134.7331154982187 33.39872690825728 0
130.2212756457039 40.01716294178172 0
129.637066330699 4.716614297878518 0
126.9389411129769 32.88558500985044 0
122.1053404529481 39.28819207615911 0
119.1385153288876 31.17003143932077 0
114.1522539940838 38.51648321584627 0
118.0445855039223 4.635530960113373 0
121.1491217592067 4.747822043784452 0
111.1066782365481 31.45500449894708 0
106.4064576828341 37.78504291234891 0
107.0648352067758 4.729917010013589 0
110.0297328797852 4.606542166826813 0
103.4695441540083 29.93920682138142 0
98.65391539026757 37.02462568865568 0
96.0956092266828 30.02067261607516 0
91.13797909259281 36.18253919482819 0
97.6119228917677 4.570436196722497 0
94.25439896457624 44.19034717325651 0
85.39621303025032 43.12153605528141 0
82.7912625023035 33.95213702234412 0
76.67790628510606 41.52547488295498 0
73.45731024980736 33.52813690863292 0
68.1759227503363 40.10455421221266 0
65.48047079691132 32.8150986572172 0
60.00376216286853 38.77544013399237 0
57.11572920293933 30.81038505540704 0
52.01909996738136 37.09463792333877 0
49.45970268146972 30.16053758232 0
44.28749218545283 35.69338836705484 0
61.82152139103928 47.59975272450191 0
41.6294826796907 28.37486690197722 0
36.74809824046195 34.20124638625196 0
39.08237557141915 41.96597490080097 0
30.65183740542684 40.34675475362288 0
70.20248015986405 26.89277287405652 0
34.71350040764577 27.16712986149881 0
53.6547831372247 24.98476973205196 0
48.39654558415742 0.989996047784643 0
38.62158090259602 22.09350458665989 0
39.3860989051024 1.346306612010362 0
33.07943544747874 21.26409887826013 0
89.03982154210645 51.94375887396029 0
117.4015104300677 46.39761863362705 0
33.48513097089623 49.50807814931746 0
23.32854528144417 47.55028141200485 0
28.32305569627638 25.18995330239005 0
131.0237137223787 27.46710154345566 0
114.7705707561051 25.67543762388188 0
148.9809125383532 27.96205546349055 0
36.57190433594946 1.471139779435647 0
99.26226272248229 24.53253542246241 0
93.51919370262706 23.96498659496329 0
87.68564908556527 4.40491153094482 0
46.63574040651108 1.147735705159264 0
36.05783798460864 17.11247857540922 0
31.58477119649208 16.30345186432762 0
50.0994470140942 0.9535595044599694 0
143.0344567410937 4.743740259516624 0
131.8145013112575 4.695156450913458 0
99.4665388436417 4.579114488435081 0
138.3960423861827 4.747952257802451 0
127.4816282353347 4.707133677808358 0
89.49250858650744 4.511896810206149 0
115.9390336790803 4.796710846466768 0
105.1433327356904 4.6125155114216 0
95.77588496423181 4.539104653213022 0
96.64439785889448 19.68115815704244 0
91.9737568821409 19.07400508336735 0
86.0866005495064 4.389850384465591 0
34.32639331374138 12.55929886044029 0
38.42790972463546 13.41191838859265 0
30.24663664357004 12.32794797551057 0
27.68399691869243 15.22658437682821 0
26.84810058633489 58.12636718168213 0
15.60958018678775 55.65049494378195 0
12.65238171505735 44.02000354172603 0
4.557124620555322 52.63285224712898 0
1.450148843576648 41.85782249904363 0
-6.047708698487591 49.76538054038642 0
-8.672423495739896 39.83418663465218 0
-16.05387145319859 47.01835906713271 0
-18.08995297156502 36.11800466575284 0
-25.63632736328051 44.16418962192804 0
-23.84511942530375 54.27044814601942 0
-28.18749475464591 33.93285837563483 0
-34.70142947685993 41.37754686419317 0
-37.42956327882504 32.85737815981399 0
-43.43912785293694 39.17193250346789 0
-46.0908570572974 30.19960005036129 0
-51.73970759847622 36.80582201002971 0
-49.71415070280339 45.57021043517749 0
-53.86067230354679 28.70169061987176 0
-2.743442031306238 32.9359967185898 0
-21.81625353073478 28.73560839926581 0
-59.33037831764396 34.12728450301673 0
-61.05833659565932 26.62192156240795 0
94.59607633549041 15.33924798283089 0
98.64639265199175 15.93559904146054 0
90.56329691229304 14.97064341855117 0
87.88931477592257 18.13360897592572 0
86.6280759789703 14.73401524695445 0
-4.428394175921241 61.8858551418929 0
-39.45538699075686 25.41221460565302 0
26.93008881527422 11.46543113988659 0
23.93573420689378 13.69342284412155 0
84.08704934746338 17.3033340962109 0
83.07704589382037 13.70587814243266 0
140.1662079588563 50.77121104529494 0
39.29196370675277 58.40275214529539 0
37.17806114180552 10.04919958915873 0
40.51077849690332 10.41419326511202 0
42.00379226888688 13.5967089690897 0
43.88597850393024 10.6103069448712 0
-56.76245802971482 21.80335322897163 0
-62.78319585395053 20.28851988966267 0
-67.42445310538552 24.43305787804723 0
97.14153076434668 12.58805097383945 0
100.2295104045933 12.64466710332932 0
102.0284095131474 15.41992203765461 0
103.3632118027803 12.37280087795041 0
105.260278185604 15.21364137078636 0
106.6564137153204 11.97543764251822 0
108.4473771535213 15.01182567999602 0
109.7775366118123 12.21332373403696 0
111.5738361179414 14.82001602786577 0
112.8696413137705 11.67059212831646 0
114.7064996568182 14.61490696396456 0
115.9917760015146 11.88071549178792 0
117.7852571081343 14.41863878662673 0
119.0170863588836 11.3642578673651 0
120.8316195050094 14.22319337479193 0
122.0866389688576 11.54757753922214 0
123.8470346967847 14.02890919507064 0
125.0530961473009 11.0339172811276 0
126.8330964207295 13.83586788256274 0
128.0632085125091 11.21051098340863 0
129.7737071307669 13.69132192211901 0
130.9769508643294 10.81946057499761 0
132.7163297016265 13.44805308733207 0
133.9830384904054 10.50430781286008 0
135.6187920463745 13.24126194130569 0
80.49716254676771 16.47668287332921 0
79.48303713826714 12.91774767738868 0
77.08406446866375 15.69660305627834 0
76.31870283192313 12.48553543236798 0
77.92251027868326 10.46922226889908 0
75.38360353219049 9.919190265244207 0
73.59409837677947 11.75777296257462 0
73.28381839967143 8.838090985518335 0
71.29726128858704 10.45983837994306 0
70.1890894137608 8.356746201454865 0
68.82061252015859 10.02390606730798 0
68.30059936345205 7.823272200396464 0
66.66232531629444 9.406987292985484 0
75.10878850233138 7.771325112442302 0
66.1455331412342 7.23079913550027 0
64.53818867320086 8.729466561621461 0
64.98541932862837 11.02419237753155 0
62.69969143307083 10.23677647568502 0
69.61558762810715 6.878184807050162 0
64.22041008933481 6.659453069960277 0
82.24561064309096 4.50679580233084 0
71.57335990685719 14.06217629463929 0
65.40279011565546 5.387138564385571 0
63.83914872074941 4.728207398439098 0
62.58160043640453 5.95328286287285 0
56.57701005723642 0.7818673110089123 0
55.29905913529956 0.8462649889893299 0
83.00902478583782 5.799847729901868 0
63.30202635328138 13.09378130241896 0
60.68481514749701 11.98940710135263 0
62.27426430936644 4.396344523672727 0
61.10996554317391 5.358185076165503 0
65.10642403717267 3.916464587503805 0
66.34045707522874 4.234604900363462 0
45.49450391795688 13.62158778096522 0
47.09533317127411 10.69279896029138 0
45.64345723114917 8.185630492559071 0
48.41647503765061 7.94989874941193 0
50.03987750863889 10.52680450650919 0
51.07712084565788 8.054393922639978 0
136.6925330798856 10.63362511232924 0
138.7391149631582 12.8033735178503 0
60.90245880597222 3.852936294017226 0
59.7655605982273 4.779459004080348 0
88.65157730772179 12.10501713055725 0
122.8442287313512 17.49542401135687 0
81.52680705447355 5.776529272017737 0
137.2552196545666 15.97544588148012 0
140.5871458032557 15.69475278907712 0
141.8642925431785 12.54676921645254 0
143.9158211360941 15.24964623993112 0
145.0875404638609 12.24081999177408 0
147.1612655573996 14.78284639161855 0
148.2272052000304 11.44837639355855 0
150.3685512656579 14.25605586661576 0
151.4720225045693 10.96038775151806 0
153.4479096000307 13.75498240319313 0
154.315218103496 10.8777353604229 0
156.6581759427467 12.81260003487555 0
155.5065900693958 16.33431841523046 0
158.881227915044 15.74792056812369 0
160.0776718542043 12.54414259979412 0
162.286725834891 15.10433568956406 0
208.7776018988114 76.7373382964808 0
213.793416360275 59.96547309603777 0
224.2659981474272 73.49565892981161 0
228.3814333480515 59.17542496600414 0
221.0902352770316 48.52318093746775 0
232.4470758753991 47.76987616195105 0
240.8604829006573 56.47860675356974 0
243.3087469861656 44.43274135681844 0
252.1479556152165 52.90936702582086 0
254.7037324375667 42.86398599641007 0
262.8472551607018 50.0541186173926 0
264.5921931178112 39.46985478129799 0
272.8701069733079 47.11577155919998 0
275.3807728072109 37.58457102721009 0
282.7209248224594 44.43087115497586 0
284.6747646973408 34.10884969426265 0
291.8766633541662 41.76522833726873 0
294.0996447343302 32.43287265429353 0
300.6154748890809 39.33751926612954 0
303.1626194179309 30.72909886365603 0
309.1865990836295 37.17834825771412 0
306.9698507711528 46.26973137291743 0
316.2366313712284 43.36723154763125 0
225.5247640257228 38.76220113268159 0
317.2933124667236 35.17819861945865 0
325.6166819190476 39.24694842122917 0
323.5380676265902 50.71881041143715 0
333.4155926557188 46.16733881408473 0
335.8899035079809 35.68234292823612 0
343.4130971207525 41.95974631036904 0
248.0231842188174 35.86024725121245 0
342.0463391080481 52.22033957804432 0
351.6740024535169 47.18030747427196 0
352.3025710549067 37.0476719277639 0
361.2187415265521 42.2585066471028 0
270.7604946401502 57.79250217982808 0
360.7328433330808 52.7192383268972 0
370.5221295771071 47.23949433874884 0
369.5404610173116 35.92442514850416 0
379.3085132233468 41.32117242002938 0
380.3924716873321 52.38152557398872 0
390.0035009765343 44.82753644024282 0
391.3031708558022 57.40369157533539 0
400.5705284687795 49.92375941302154 0
398.52612437159 40.51066825461943 0
409.2040971490286 41.75400998603939 0
411.4127859772626 53.84698639351578 0
419.7042600157429 46.06584186695581 0
269.4355720303699 31.65666722778091 0
215.6968060524389 39.59726959737091 0
218.8529945778387 31.69371843667879 0
211.2129803567918 32.40843513192803 0
214.1947857859281 25.26831327726182 0
207.4971337258598 26.22327008975774 0
201.1031854676411 5.035858559635058 0
220.6730886935485 25.21983035528787 0
204.0209065645158 5.024190626900372 0
378.0531554999982 31.82226557370175 0
418.2568086627313 35.76826006542284 0
428.2965049058805 37.50273755569408 0
430.438571470017 48.93681362610755 0
438.1817606366333 41.22069034532963 0
441.1713410952872 52.0208373245174 0
448.8606535470099 43.99272443074636 0
452.2800974147611 54.89507931539616 0
460.6549909808916 45.37068949710402 0
464.0637436172912 58.13868075921687 0
472.2469099149726 48.96290902460667 0
432.9911627380529 60.57846076398797 0
469.0460000070811 39.29223105917713 0
479.8614243863681 39.7742144191733 0
483.8645197848011 51.07158906742848 0
491.6967514962395 41.62539623765373 0
495.4430003779138 53.04915264495361 0
503.1928742957255 44.48431139322084 0
507.2179064351877 55.32051775561215 0
514.6577423788358 46.03277477038968 0
519.3009018846485 57.46954356173982 0
527.1455208985799 46.36820202928983 0
531.7765280364949 59.30898687221658 0
539.4007495969111 49.11071162350048 0
488.0304794358518 63.95866707287864 0
380.610826035035 65.15806327303451 0
393.5556834431663 71.25644349754404 0
288.2534858634417 26.99367763446905 0
371.1609310038376 27.41299966136337 0
535.7503199902571 38.57360980212717 0
546.494308790839 38.33082279608025 0
551.4741734425842 50.14620730024368 0
558.3316045691241 38.91057439527236 0
563.1334994115073 50.91991606146446 0
569.6636612706239 41.4135942981456 0
574.8287582570231 52.14703520386892 0
582.0015553129343 40.62007349271472 0
586.8443626526855 52.85682777039914 0
593.5667837821709 43.01822536598437 0
598.9246193465581 54.09183263968607 0
605.9163587198695 43.66506167455972 0
611.2941052087687 55.18911224922929 0
618.3409419714527 45.76521245557764 0
623.8837406713139 56.47501583283984 0
631.569052975941 44.71072707141857 0
636.8007108224203 57.27898739712597 0
644.4622383890005 46.63025069996963 0
649.7627013859413 58.2874872053318 0
656.8195654798462 48.10485241500324 0
663.0502310497495 59.55753214146741 0
669.7760394305946 47.21898219817292 0
556.427685448797 61.47570860950096 0
676.5976510698221 60.58905277649416 0
684.2365494805586 47.75697688281944 0
690.43648583401 61.7301531733007 0
698.2279501055543 51.0596904149895 0
704.52221965935 63.18125461935091 0
712.4104866110637 50.36648697004235 0
718.8594305254452 64.27017721156886 0
726.2480638339973 52.17944873816795 0
445.3774273310086 33.44847748973864 0
604.1512494649322 69.23564818679513 0
290.6485054078159 51.57811370760892 0
209.6242586457658 20.68158672260874 0
203.9019752964584 20.86498325686267 0
201.4154729929386 26.17886852107144 0
198.5228352520067 21.25843693164555 0
188.4187012372227 4.978750168329803 0
191.1882427168919 4.991143337599057 0
510.1335109110512 35.35226395477463 0
250.2055721975084 64.58845525684373 0
424.4422366333864 29.20985223029462 0
417.0000970241643 26.90734668756908 0
486.9590561870933 33.89005385884295 0
721.5469177537854 40.41859967872385 0
733.3903522543053 41.26731866034653 0
739.6780625160088 52.12144744494442 0
745.8921272886465 41.27341466604655 0
752.1925226906138 52.24218158973397 0
758.7716718586805 39.84274574672437 0
764.7875587489585 52.00597839344945 0
771.3164535837097 41.237346790045 0
777.3604035000023 52.18261764374944 0
783.6867084657206 40.73417702146382 0
789.9218201428862 52.11395798019738 0
795.3567051284419 42.50617809174904 0
802.5068984549276 51.95990202587858 0
807.2695406018132 40.40354728100239 0
814.9300306419043 51.99707711450774 0
821.5987484184734 39.42077362398636 0
827.8734692403697 51.82974064858789 0
834.5247187084589 40.91300663981245 0
840.6917529778053 52.03421480427384 0
847.5342788728822 39.19691364393383 0
853.5212348218334 51.76444668408523 0
859.9770624383688 40.76636514114905 0
866.2782295881231 51.96573052754731 0
873.1397191675183 39.05561508458709 0
879.1662995769391 51.50620059531201 0
872.6681564466578 63.84328293077758 0
745.8554523720502 64.92405404017232 0
885.5579796590561 40.63015547529199 0
891.9776773649974 51.10048287735984 0
898.735522760253 38.98878842034357 0
904.9335835051654 51.09331488307818 0
911.2954529965867 40.50808431608355 0
917.8355313092472 51.53363220027174 0
924.2714086374194 38.8668029659936 0
930.8132550056436 51.31035154338316 0
937.6233229245623 38.64820207803384 0
943.8752168873386 51.17501505105921 0
950.2786477998917 40.34576282674116 0
956.8479781726667 51.41058244254474 0
963.30890842331 38.68881760674124 0
969.8797433806317 51.41050025006966 0
976.0690903170237 40.26758597699875 0
982.8494410276777 51.59508157634512 0
988.9106765214639 38.75425114199206 0
995.8564535866315 51.39007440591421 0
1001.85202983768 40.26529331975868 0
1008.574209166926 51.37427153900251 0
1014.512677821112 38.73916067289603 0
797.243837193702 67.1665194667635 0
962.429492939121 62.30814792631662 0
989.4989421186439 63.43294540411066 0
937.3467595604654 65.00622169102881 0
910.1511753258035 64.47999070496594 0
846.4426984524113 64.44678613992455 0
820.73893677963 65.10608523777617 0
773.4364682370783 65.19389174462026 0
377.4096561892155 22.81846671923123 0
693.2637714373287 39.0229502806075 0
629.2429074286046 68.7789071688611 0
655.7636616399534 71.41366341353384 0
579.3612600358712 66.32423409859126 0
651.411683896675 36.36465991357046 0
511.1315629454687 67.67183124287692 0
455.1225617076992 68.18136830178794 0
623.2159433796483 36.68967733900622 0
575.1162400501323 31.88812566445667 0
599.4793891727046 33.86240499137021 0
195.6508684463438 26.32978868491889 0
193.2164904828922 21.35438791118087 0
198.4317678917752 31.80285875818875 0
195.32674228548 17.00452135668964 0
190.7996667865373 16.92772560560961 0
188.2971037151284 21.03130609706253 0
177.6141818520055 4.89533734547986 0
186.3669775594538 16.46511232819794 0
183.6487081363132 20.4584416520775 0
180.2374793382849 5.051743814445121 0
174.9179442613984 4.898847280337254 0
181.8109654684602 16.43320586479616 0
179.1620929188327 20.07207225681029 0
177.4477956121942 15.58054988853359 0
174.7258224294264 19.59079405454848 0
552.9543548993894 31.12089363378791 0
206.8426951254581 16.57193087341913 0
211.1507995953724 15.97632286077031 0
1021.498263916418 51.17942420822155 0
1026.934063477828 40.05355570258352 0
1014.967593872697 63.46677741772178 0
371.0712032194641 20.43648150827862 0
163.1242367918497 11.92388533289246 0
422.8480478128464 21.85280506153629 0
416.5396614801002 19.66704823354508 0
29.10608683512729 9.057178333704542 0
26.32982448087839 8.292941978937439 0
-67.82086209007562 18.72219683068362 0
-73.21740501872333 21.42184341790336 0
-72.34303045561802 28.51105996920653 0
365.6636497019792 23.3595517291248 0
65.89752192653476 2.998247811785209 0
67.02290492029245 3.340916313499994 0
751.7643952332638 33.11594042087383 0
80.78833476466521 4.474071048756081 0
80.08394055618874 5.71947862780057 0
79.44981861753385 4.459109084298868 0
64.991946892261 2.968005081937118 0
727.1492649640414 31.26882408128609 0
717.7246529366226 30.27517119749855 0
410.9999837493734 24.02121288501084 0
82.23827912397445 7.169314739418711 0
83.97896084970107 7.117114210155848 0
50.06576596913815 5.991725915258222 0
52.19759760615133 5.990243692294634 0
53.40361400729385 7.808726770418673 0
54.23659647275296 5.569011592305634 0
55.5576195006999 7.502507848756595 0
60.00089363061745 6.094584082832863 0
54.82220528685542 9.52704292469762 0
161.3299646846811 18.66821483594489 0
19.11173957310728 67.23966855691648 0
193.3914670324375 13.348736513385 0
197.0458670914364 13.16938700287733 0
365.5186802290415 16.94860282448983 0
360.7213011337444 20.00533836952413 0
429.4211943518818 23.66491149149958 0
-78.45769469521406 26.0374521065952 0
-79.42736332708459 19.70659429567147 0
38.90167626253849 7.652503579942377 0
35.91004769470136 7.093267493320842 0
78.68945782519336 5.650493820351724 0
78.1928911915553 4.417639934615355 0
78.74123365157368 3.421806488912104 0
77.69470734087975 3.284245627543052 0
77.07813096131403 4.24752646998812 0
76.72215365726171 3.39310482188863 0
76.07405674922634 4.073884848434354 0
75.74170362855136 3.122461543227383 0
75.13922416361513 3.894577396882793 0
74.78374731206188 3.039216971310507 0
74.22955578100429 3.76453754237482 0
73.98095895881214 2.946633697875264 0
74.38152738042288 2.348013736615023 0
73.71804260889593 2.238641060596422 0
73.26700924411182 2.783492948506787 0
73.14063996762843 2.145462644036185 0
72.56386628233601 2.543041805681651 0
72.75796296537584 3.277254084269111 0
71.97083090656677 3.125139330682633 0
71.86677616921855 2.309131661788721 0
71.29045673509586 2.835910341931848 0
74.16522579788403 1.792152337109958 0
74.65851400133386 1.831321389740538 0
76.18333114902578 2.438426372616499 0
71.18249761333951 2.130520934802817 0
70.63624941539693 2.583504966040295 0
74.46908146736678 1.435585176093233 0
74.87104364258744 1.435362064701377 0
74.02170528958915 1.342103645867826 0
70.55503250974921 1.842895196117441 0
70.00314607004069 2.334252143392063 0
74.68999533946163 1.108194861626328 0
75.07726545078003 1.069761519510561 0
75.25180419885679 1.408372534588382 0
75.4309903420631 1.097274796319992 0
72.14125915782179 4.094569199724206 0
70.05564001380887 3.074338430145278 0
71.62696091022427 1.685403548714011 0
69.84432825020711 1.637379524652448 0
69.39038957576624 2.104430667838821 0
139.0527784149289 19.11326010546838 0
173.1882970539707 15.56831002474423 0
183.9482614799995 13.08212738190102 0
776.4162061083235 31.38829928496326 0
107.044276197821 18.12032082188206 0
840.5610143504412 30.68237615395368 0
185.473305890617 24.90398728664559 0
176.6033435712944 24.1230967547095 0
78.36425620578758 2.507709195117308 0
79.20149067034447 2.541656819695826 0
813.8096538838674 30.67329980259928 0
75.61164354517236 1.402381798696154 0
75.77721189015527 1.079224856293673 0
175.0738836429678 12.48706477615747 0
171.866668423282 12.23779991781582 0
171.4974016157153 23.55523148242577 0
75.97178774656788 1.386565246938884 0
98.49106094195135 10.12518123841034 0
96.11293220751716 9.907124736077789 0
384.1858943640855 26.85017335797461 0
383.6683011219358 19.98794869985565 0
389.3336432217465 22.51973179847013 0
74.88558377007988 0.8373496884182086 0
74.63848415868402 0.8038759875597878 0
59.61578440771741 3.261306492008897 0
58.47652622631937 4.223175018050336 0
409.9523858600952 17.06786356523152 0
866.1399873250259 30.51458644161017 0
60.76031578738629 15.3343986479188 0
64.36270768603603 16.36880214528604 0
404.5331881753301 21.195218498462 0
66.69601570351635 2.305180422643816 0
108.4069862069541 9.797700271646923 0
149.6616669245778 9.064936834734393 0
58.41230374259758 2.763793583443423 0
57.78650832284323 0.7498087361432144 0
148.8588934569044 4.768960807845592 0
61.96685268883773 3.071854147038001 0
388.2421493209752 16.16793574392093 0
681.9708836122544 77.89862300767741 0
208.5106388181206 12.86800165092612 0
212.2004781989174 11.82772945469748 0
214.8510012404863 14.99972988878326 0
215.5448981182706 11.43030095658255 0
218.1875613016712 13.49621800006177 0
81.55986804391701 20.21776010974209 0
890.9541757387728 30.32215506417815 0
114.5544435011717 9.125005864734073 0
-58.98378569221671 15.8980948826019 0
-53.46369148736846 17.25706402944107 0
76.1413731056216 1.070404894412762 0
76.35362890937047 1.388694404561494 0
1022.592148261997 30.09317281228815 0
1032.567302706714 30.39793547409883 0
1038.460364037713 38.92187114772544 0
1042.380187581988 29.33667319786613 0
916.6075537993538 30.07036242313453 0
75.44058011384531 1.742103616841195 0
57.28241185890465 3.701042256933111 0
955.613050828044 29.83802780522772 0
161.023503786764 9.779710508099061 0
162.1983782717868 4.834826841309548 0
428.1758830676704 17.68402129929478 0
433.6855606093839 19.10023401246127 0
52.89267885503688 4.227370015637987 0
383.1915323026625 14.21104980309309 0
381.1615077490574 5.839177314542501 0
69.21717982369051 1.552186817297504 0
68.81569520881713 1.89478204507811 0
68.81973953735383 2.683950904741697 0
370.3405453740767 14.80358095676258 0
219.8454028892504 10.54368920318552 0
221.7107209945841 13.066556041555 0
218.9310602528744 5.115523987289261 0
28.26015186367249 6.369264095362563 0
25.61962608736599 5.405362451357778 0
23.88619571887486 7.331282045221197 0
25.20242838347492 1.250390554062244 0
996.6001366509247 29.92596278458003 0
120.7420508319368 9.260444389269976 0
143.3791271359979 9.874271678574503 0
128.5345810431899 16.53653397468322 0
414.6284427620808 14.16371309612042 0
415.1239304392616 6.300899826340118 0
404.8277499259437 15.2967737971012 0
360.9919074832794 14.78598539469547 0
356.3853114232148 16.4539267475935 0
1028.546969676646 63.10058344541017 0
1022.027697960671 76.75463329931634 0
58.07154656869094 13.721843409328 0
67.50476479603027 4.393812309027453 0
30.75386645850338 6.926618107950739 0
432.4162211483922 13.33403041700041 0
437.401319637996 15.11651559118247 0
205.0273984576993 13.05440664601876 0
126.7435882216633 8.967430175539526 0
23.36567728608645 5.17675691665895 0
393.8143326178878 18.82434275544989 0
394.3551166309288 24.86850307349137 0
723.3664735466281 23.05306095864048 0
731.4819360813959 23.32806300117999 0
714.9493121956466 21.2154004113175 0
76.31152231724907 5.054019176672711 0
439.1665013995797 20.30424240567841 0
442.4358204603959 16.19303658522879 0
70.29526387284493 1.304709427069498 0
222.2573346199831 10.25739431880442 0
224.9592475577387 11.91713361865852 0
225.0590604827067 5.377106233578432 0
37.92728659920277 5.355077886293213 0
40.17976463697875 5.568235463792838 0
41.5031760870155 1.309235916766198 0
35.99123476801408 4.713818366166613 0
173.5513137978992 9.806759462619235 0
176.3360244153423 9.741486269418811 0
170.8785750850923 9.475879028099916 0
168.4968553591505 5.031038037825742 0
163.9556462926863 9.127109850901695 0
710.345967693552 77.78935850046145 0
165.5457490057133 14.3187539308455 0
-77.6521651594759 33.30744259142569 0
355.6133859527969 22.49002070454002 0
351.497276254364 18.99182449953024 0
351.9223049269913 14.03671904221119 0
347.6485352783484 16.0510300652845 0
349.5252315561908 5.69741387049697 0
346.6429421045656 20.98839552794394 0
342.7290023229843 16.94229266227532 0
224.0247049261286 15.72536394008853 0
227.5302042182377 14.71076108554422 0
228.4276316100867 11.25685927125593 0
230.8669446665174 13.61412588082034 0
230.3495042019297 17.29894816938852 0
234.2326600652487 15.43162118019145 0
233.4847462577812 20.22484986168026 0
237.6537683517486 18.56552744220846 0
238.4400189790209 14.30830935683896 0
241.7246574588847 16.90297632979444 0
236.9728559589119 23.49065085176068 0
241.8764642836859 12.95582538534567 0
245.4482250319506 14.64790084374768 0
245.159449782724 19.35635835495524 0
249.0598339285649 17.43418292310228 0
249.437065202851 13.26569282332994 0
252.694726518682 15.50263607653801 0
252.8373968406703 19.90051140894422 0
256.8419572299513 16.97142268028637 0
256.9632436921101 22.38522520489143 0
261.1537769074495 19.71128789743724 0
261.2180951936589 15.03904500749278 0
265.1532355899076 17.1471856630217 0
264.6849484182071 12.92246117597612 0
268.716778722558 14.17097342101051 0
231.2268374976006 10.30392350943088 0
232.9515135387817 5.343268357998882 0
252.4767077135194 11.65220419979527 0
252.8504194312432 5.730607036172101 0
261.1733684721995 10.8604789903587 0
259.7492247916115 5.295690744342647 0
231.6116387463352 25.56471422637682 0
269.6207923066978 19.13210864202788 0
272.719193277743 16.25424607906312 0
272.5536019484464 12.1195858484975 0
275.9368334570148 13.92225017323554 0
276.7048181966052 18.03163599056175 0
279.7508971629918 15.02504694919965 0
273.8654619046569 5.310255154876626 0
239.0108643174403 10.47008400127782 0
239.6511006561995 5.647478010304397 0
206.3111169343469 10.14450150373671 0
203.4955583893503 10.22545525071632 0
433.0693268369611 5.99962810330474 0
341.5342768781449 22.56706719548714 0
337.6827600444008 18.86438183688834 0
338.4938202504991 14.05634403918268 0
333.7220147851283 14.70031758512131 0
332.6083087010201 20.12464051506144 0
329.1086820265123 16.49999940085971 0
327.665029237743 21.38681784918211 0
324.2681838988178 17.55164665053537 0
237.4277679301915 30.01341554159399 0
194.9884000785985 10.42931409817657 0
192.0108725427111 10.33058351442217 0
325.9533716309435 13.23437338543101 0
321.3636087993266 13.49014121855094 0
319.5646929262614 18.21990745056619 0
317.03842707784 14.74922330955615 0
319.9281332854919 5.509712362853259 0
314.910356883568 18.94427107516024 0
312.5074901017301 14.88120107090315 0
328.1585638698975 5.536677223629432 0
310.2216995330053 19.7873910823192 0
307.390732741984 15.89649491145982 0
149.8740670018808 18.35871361031828 0
134.8962032161261 18.96967331456943 0
709.2876445904518 28.49858517099422 0
706.4561934590425 20.74370081450991 0
74.79402798591696 0.6181561492052278 0
74.99120057171561 0.6375429738317477 0
74.58672710498448 0.607921366569898 0
74.44558791307969 0.749583817360772 0
100.5547537414357 52.19247244008741 0
92.44145986374743 62.89954112399296 0
105.9824299426682 64.04069516197022 0
98.44046925856968 75.17891335054856 0
82.99039751342923 74.04700107086204 0
90.97801583553189 90.26801813259317 0
72.31776104193065 87.66537803670855 0
132.3230562114363 8.708727027949688 0
76.55589346958884 1.004751208563782 0
76.75844826373198 1.378384418391945 0
76.95030550207491 1.032541829745506 0
77.17995469997224 1.379237764340747 0
381.0473196585685 79.61189324141326 0
394.5583447448324 87.22747213614248 0
97.50550612006609 8.08453000009216 0
99.4852096517094 8.0969435182775 0
95.28050337943986 7.68210427609806 0
93.95795400610565 4.558127238921096 0
93.99382144880606 9.46077570153777 0
93.2069954785365 7.644307829319724 0
74.55518830751497 4.702465591553661 0
61.43554790372986 19.08444371840075 0
68.67598059194668 1.381437532236982 0
68.27157871159812 1.699249405496566 0
69.88218587392967 1.123456715683355 0
76.97879581756726 1.789201029972519 0
75.59077396678423 0.820458110450602 0
83.0095293540513 8.916674308295649 0
84.99292101042505 8.670606166327925 0
-55.04821078299326 12.57811291942027 0
-50.30513374265434 13.64255441362774 0
-48.60369447593059 17.93266541152045 0
-45.99392568321466 14.18284592355683 0
-59.01051320282964 11.68051666529691 0
213.863231259246 9.145893382684637 0
211.3724495791174 5.039652461651905 0
278.6057039536459 11.25455001768703 0
282.6093297335321 12.2563724277287 0
281.1630664995146 5.323941631398512 0
283.6349744664991 16.11098011844 0
286.7194940542913 12.65231505254056 0
288.6710344410351 5.520214200272943 0
287.7056848406712 17.01509206183716 0
290.6987539877257 13.97125841737188 0
291.866755469706 18.18929752210718 0
294.7482458316967 14.95726856147471 0
296.0639449755118 19.71807491133326 0
305.3789364201971 20.36974511264907 0
393.1758403309307 13.05263195766299 0
397.8536464910119 5.519927176761172 0
444.6135819644938 21.37453028034106 0
448.0266473401992 16.41358786555453 0
450.3051350624969 22.49380551220093 0
454.2121146613713 18.03866855424467 0
456.1859578034726 23.78878455659127 0
459.9534330143236 19.08134172622552 0
457.8527170490448 13.39917020507942 0
463.5573103200968 14.72072311492789 0
465.5956881250037 19.84993596519654 0
468.6661169483082 15.54167924635558 0
471.1734521911374 20.41264867467962 0
474.2092327293356 15.33398064785057 0
476.8660250561647 20.86612387723445 0
480.3369763478732 16.28041090694573 0
219.2857382221433 88.92366956007197 0
234.9106694182751 84.98465248148226 0
309.0826311005521 11.9538004166937 0
305.0567852496863 12.47442126152246 0
311.725308488742 5.850902851684147 0
303.9540728449996 5.492023836649939 0
1036.650986748463 75.33650773435285 0
152.8669103728451 63.63243635060495 0
21.81511776459799 6.537763322683447 0
21.99082048651344 8.835983198435731 0
173.64039869963 28.51022232931981 0
1036.704700438351 22.04283192756667 0
1045.624988894101 20.37846392318514 0
1051.837252655264 27.86106511602459 0
78.69751998732832 1.770782166244957 0
79.57990102093089 1.734673459531536 0
80.02415935892812 2.482991367188668 0
24.77296604906482 17.90799346836953 0
20.81412872863653 16.80486719594786 0
21.60042399009719 20.97696458397279 0
17.22127060077182 19.67698983164058 0
17.2862721816443 15.6090819810118 0
12.95925288563625 17.34562364815594 0
13.58776002957405 22.78309065530401 0
9.005834531225812 20.73046197642346 0
8.261466531645409 16.04445390242161 0
4.645613152767941 18.70222358678158 0
3.972121819735887 13.91114602868368 0
0.7068038835483339 16.71914660965671 0
7.391805911518079 12.01819401578187 0
0.3400047333046214 12.62677145473281 0
-2.988990826773561 14.3831952371455 0
-2.845979655810415 19.00260692307187 0
-6.647434430240368 17.01923645612883 0
-6.850509541448248 12.90858823700175 0
-10.37736030065412 14.9268946776871 0
-10.47635002061163 19.22056622591948 0
-14.17947035276193 16.8372204773292 0
-13.47784791081215 12.7524346493604 0
-17.43756517041775 13.74728603923296 0
-15.87552074451345 5.339325247601019 0
8.413598407191598 26.71781525717459 0
14.94055544842797 28.50587147337065 0
-18.21027498791129 18.57934348870662 0
-21.51183640361105 15.76369443577818 0
-21.08505438811741 11.77607876921538 0
-24.82394156627914 13.14725728720641 0
-25.55615886645226 17.30530929904624 0
-28.76410145408686 14.33042988908625 0
-23.17956508488108 5.410218051459204 0
-29.72807973208595 18.54892342121571 0
-32.91483328894257 15.48871032859189 0
-31.96664334626472 11.07054203426736 0
-35.61579673679515 12.44020521961808 0
335.6471517535618 10.74914639276399 0
79.76455921488781 105.4090004781926 0
59.04480192603043 102.7392756467319 0
293.5545877436952 10.81346530621724 0
296.0260725612238 5.500563957062191 0
297.3313857341157 11.94188561407369 0
57.12344698747136 2.450804236914021 0
56.17304047918644 3.211161275934867 0
74.3997612757851 0.5691994502261044 0
74.25708645510696 0.7082535907001519 0
74.30162290821423 0.9189849787934168 0
74.09725177397087 0.8408723456749405 0
74.0722411242423 0.6295611374854811 0
73.89951843493618 0.7636803149143049 0
73.88977764619523 0.3123955936982329 0
191.9828743905958 31.68317571245648 0
195.2148190592502 36.95841708642646 0
-84.1723691331745 22.91135969438141 0
-84.51154185864165 17.23984856198278 0
-80.1413157405712 14.38906158493507 0
-84.98192041398406 12.18557851485835 0
-37.19440234139 15.86345761330183 0
4.639616373899155 10.41369602184265 0
92.00121402608917 9.045842941712007 0
91.40518184389605 7.035228615111671 0
92.55997303855078 11.12019637989559 0
388.8166287291565 11.41348687304777 0
67.32013305888754 72.31034565450196 0
116.7234532048434 17.43288816484164 0
725.973963626524 78.73621912356515 0
198.2527640742385 9.967924590638839 0
198.23479795526 5.009929237470469 0
59.33488747607129 2.170434750475719 0
241.9924495389612 26.84334943803125 0
348.183189889105 11.45223522032195 0
410.934102261756 11.79893763682925 0
409.899010410608 76.24567573790478 0
427.3756522580264 12.04124550962556 0
-44.37622986529156 17.96364376667157 0
1053.78371631568 20.2743040469494 0
261.8955092876641 31.47508375817147 0
29.93768147138142 4.35764808381545 0
32.24994805426994 4.854254543634918 0
63.15026857530944 3.396196753986244 0
62.83266425094345 2.357166913365598 0
62.01291462563096 2.017142025918306 0
318.2736668183109 11.18246918618768 0
249.7339274063195 9.399768562410761 0
246.0956674699074 5.167937956870268 0
193.3851049643378 7.844775215618646 0
74.92670540169047 2.304497069578895 0
79.30424583866534 6.975718411872074 0
77.70863114390535 6.885087873893272 0
242.3101871380433 9.293643326666508 0
90.14017443601929 8.583010616114697 0
89.57093019910143 6.727496738442536 0
88.6191668065461 8.013803754312647 0
43.74949699363574 16.91755695297561 0
47.60079010659402 16.92733084246215 0
701.2184502524731 26.7340775207206 0
698.6907454189218 18.98352618642238 0
693.6332526683693 24.95298118118493 0
691.3016293853991 18.21983405988237 0
686.3500133159952 23.59172625352854 0
684.5621296874599 16.49640703118918 0
678.9676351733975 21.12735234308181 0
681.4493640991354 29.37123535127878 0
673.6842063107506 27.78808234607387 0
671.3195206800721 20.0989447675743 0
666.1093212807727 25.58015983950675 0
664.4131257077544 17.43945276143074 0
659.0533046903946 23.27278631157035 0
657.474261990221 15.83325069882433 0
652.3474088273914 21.27687960840672 0
71.11926586944234 1.53794827717069 0
71.45783233357113 1.173552656018867 0
71.8907631948192 1.253000833118651 0
71.00932653148153 1.049895739370152 0
71.91151065003807 0.8829030587393731 0
72.22070021436292 1.002781484351834 0
72.33302567344414 1.361000720300785 0
72.53688861731439 1.0358165282297 0
454.544089921606 36.46568177047421 0
710.5717190313394 15.01141339327594 0
216.42025933845 8.528993007470703 0
482.6838674730298 21.60200191046564 0
486.0218583320741 16.91843101895228 0
488.5996612122899 22.22695502534454 0
492.6424763343356 16.82129883211871 0
494.6663152834939 22.90001316428733 0
498.8088738387192 18.02270945064902 0
500.9024325774716 23.62115426685905 0
504.3653840325554 18.50710308175467 0
502.0288403285948 13.71186321152079 0
507.2676323912941 13.2331665756501 0
510.1570677227849 18.52135976102378 0
513.2328590905573 13.31299617352225 0
515.7086401485794 18.62237545432381 0
518.7677945388633 14.13999034635651 0
521.2633926559831 18.86129034530511 0
524.3095860644015 13.54195080316458 0
527.336587066643 18.74449697226105 0
523.8905371856115 24.08363910309746 0
530.4226089753129 24.24411930790144 0
533.671899813137 18.55692802308113 0
537.0493382698568 24.06318628101549 0
539.9245326078191 18.2990044295867 0
483.4688826733005 11.97854600820943 0
488.817064004246 12.41183584775193 0
73.85263435537894 0.5572497499379233 0
73.69663228621323 0.6889985028639403 0
73.54471500479492 0.3194423845317365 0
73.73060759322053 0.9117991592761356 0
73.48315984508878 0.7878980115007426 0
73.53525948572775 1.073591915359415 0
73.2869019786809 0.9681774699547145 0
73.31603530502721 1.264665859879884 0
73.23760255699101 0.7182525453787766 0
73.12878228665728 0.3608848980520666 0
72.73586844036713 1.354474066194488 0
73.04954411460503 0.858064475047156 0
72.48132289115 1.727553244353458 0
536.945622461536 13.05659902451617 0
497.3539901401729 29.30364733586511 0
468.2653967481875 72.07373039301231 0
457.675902307798 84.09348878912687 0
476.2868661446993 89.33917162342541 0
198.7976931691972 115.4235312804589 0
19.70734245118997 7.71574971184412 0
19.98177781640446 10.50343735965916 0
17.34606546105599 9.080087786121076 0
14.14087031320069 5.99558693935766 0
57.39730773219907 5.064808546502806 0
27.66561396944093 3.892380454060453 0
493.7881641934713 12.22791301853065 0
85.79352788437208 6.862591293947222 0
72.40102958278891 0.7581971652645285 0
72.65771406406704 0.3556373566620553 0
520.5391043075024 37.71371187106554 0
137.7513249254928 27.08168901139457 0
72.43411122208954 7.05457547201384 0
408.65643679715 97.20903519142782 0
77.47951748847616 1.786926378596922 0
77.66625448447627 1.232816799974444 0
71.48901940694499 0.8007515469684456 0
264.2733026456575 9.136855755412471 0
266.7345936726084 5.670873590212838 0
313.3890678077074 23.95198969745369 0
72.13620370665984 0.727308983158698 0
190.6304556531575 7.820521416797964 0
189.2927290960956 10.15958479686574 0
727.7156970459567 16.08004650995578 0
735.4956486118338 16.63112011492672 0
739.1476783685945 23.10429714941549 0
742.7466611438628 16.46665242599403 0
720.7104519900796 16.39303675988854 0
650.8505291252962 15.24282390128344 0
645.9168449873096 19.23480457259284 0
81.13706631418749 8.961923908400644 0
-88.86715316249685 14.79569877012904 0
406.3621706073953 27.51625277748045 0
77.15319363772703 2.279904048936484 0
68.17267074193234 1.131576347089272 0
67.75355039395635 1.493332431519772 0
67.88767199142757 2.105369293925339 0
405.4024220419846 10.54679139103019 0
246.8308385842996 11.00642730928907 0
180.6457807198393 12.96053040849343 0
182.6966434008857 10.35741113663499 0
368.3356906411585 72.94680350270961 0
367.0088311709508 89.21085377906132 0
351.7588044830063 79.17782543904755 0
351.1142533004029 99.55711807741604 0
333.9577332324046 90.68392168129618 0
345.7703051615251 26.46048931491888 0
124.8462302877796 26.60524454506019 0
110.7891812639795 9.68310168607076 0
109.458762054363 7.578891028835708 0
107.3150696912598 7.8015417497599 0
111.448022389126 7.658421498317999 0
145.901724449087 9.566276833243588 0
144.4735903644481 7.741952228049195 0
142.3415801828096 7.879852956940988 0
-32.90693418374233 27.00150176019147 0
-10.06985420829434 31.11685039803503 0
116.9532373125825 9.363448324474479 0
115.8865202735042 7.520204263406317 0
117.8356150010483 7.30137460840948 0
276.9718265003802 29.60392236201429 0
0.4323460592331269 9.69294579958216 0
73.53238148804564 0.5753568955031424 0
467.8864123600043 25.1601145875108 0
1029.55056979847 92.05619219976029 0
123.0403372480774 9.142948016686276 0
121.7677706098785 7.185221052393194 0
123.8088995872764 7.009098342218937 0
466.4520367795342 10.32452406094042 0
129.004033320677 8.995607012857519 0
217.5318527134781 17.64744913625315 0
57.06544918171615 8.99757471919572 0
65.91812565783667 2.0593103934779 0
64.86744266137072 1.761333975176887 0
66.36960600198134 1.589720900579265 0
65.81022782615837 1.413057694124804 0
73.73230471446647 1.710517474704884 0
209.1987663013587 9.728501587535687 0
543.565880114983 23.68414116193825 0
545.9007479755522 17.67692538996654 0
146.6118461466696 7.296270931356037 0
45.64978939776354 20.6401248419368 0
75.29865808067372 0.7974904860928166 0
75.43058246091552 0.6036599165066547 0
257.9752656680586 12.74350659737235 0
258.4734274918702 9.450452083775062 0
87.62981751387306 6.648351571435983 0
-23.93321915590939 9.445394607278983 0
73.03645597235091 0.5990461859168124 0
72.88512986096485 0.737602408288289 0
196.2189340586785 7.832136361755751 0
78.01528096186732 27.32315749588461 0
84.87969549997419 27.5435317278298 0
440.4898720995029 11.66722318288787 0
69.33044449330799 0.9656277728957903 0
-47.63058290879335 10.25745236003664 0
-44.00674571893374 10.88755730196042 0
113.4865208215585 74.79669711559292 0
56.01544326570248 2.118436461120755 0
55.1592943929664 2.844916893061519 0
542.6528162234929 13.4893695653883 0
547.9187794946995 12.32735146864395 0
551.550565629395 17.15321226603795 0
252.5524396286553 25.00307643727126 0
1012.545963586152 92.98040949756269 0
366.9301419535387 12.32578297469126 0
365.181064366291 5.947577872227876 0
361.6776138631947 10.77273907380189 0
172.3998275834451 7.689699602843122 0
170.1189720198612 7.312277676898319 0
168.9226827132911 8.859169461249374 0
426.5491695270092 85.94277675851075 0
2.007861035147658 5.814924336358704 0
312.855841622459 10.90475263306222 0
120.5623281912796 62.98158173526208 0
285.064102109355 9.516676252747104 0
174.7884756086196 7.816022906657263 0
766.6442187584778 31.32704894715026 0
771.8066880968897 23.39899872237957 0
780.1327914366927 22.91640651082956 0
763.3754387075603 22.82406824926877 0
775.6452634862682 16.75199232235298 0
782.9511532532607 15.84836853084285 0
787.8364330489117 21.87779404432397 0
768.0679903701712 16.8384688826926 0
760.3053628800075 15.4096145191002 0
756.4173104293637 20.86229922917993 0
753.6913197985868 13.69154182087369 0
829.9156202385054 30.79991231292551 0
834.9359299473481 21.34583480720748 0
843.6803911584775 21.8076658866892 0
825.9776035970847 22.34433043082744 0
855.7379486081084 30.17062174503367 0
860.9613577743839 22.28544928818067 0
869.3225487886432 21.78332907228972 0
881.2290697040745 29.96460152609115 0
886.4726121101671 22.0836467084703 0
895.303651062535 21.72907401264116 0
907.0199437589501 30.01796764176812 0
912.5146442367269 21.97956066482191 0
920.4622798350506 21.6043889099446 0
839.4068823748589 15.14774008650471 0
74.92277889887859 0.4965649474744458 0
75.07387519005675 0.5019721355477309 0
397.5533488155776 15.63163257785837 0
590.377701873851 32.69126868411939 0
595.9504526626689 25.57767069763554 0
603.9188387649566 25.77863514483906 0
599.9886233617282 19.21241241151345 0
607.9060013877388 18.54268105643472 0
593.1872007608789 18.66978487471697 0
611.510063846839 25.14296191685235 0
615.1660019938618 19.05864371235984 0
596.513863453557 13.38776158899312 0
602.9294979944099 13.47656992698074 0
618.6297866695771 24.70172169625342 0
621.7237783721955 18.60432399400734 0
617.9322129395619 13.41802010541797 0
625.6575079938002 24.05789040942207 0
628.5435102122841 17.11675586975983 0
632.693814763001 23.77162604443363 0
635.2460848504825 17.54129205041534 0
640.4169743504377 37.72238562383032 0
609.1850590393868 12.94171224708149 0
565.9613935146016 31.83272210174417 0
570.7614536654073 24.53300009340559 0
563.3509292849085 23.76042176115727 0
567.3100157359474 18.11139132496841 0
573.7741558474296 17.95124168113643 0
561.1004935202662 17.45164679815846 0
556.3661553907443 22.51518774327365 0
127.9039759969062 7.025109235626857 0
129.8472437638623 7.006418491551877 0
65.4629550041316 20.10480174959797 0
62.24709292154477 23.31902302609294 0
7.069692226659258 8.516054603186189 0
9.798579985467679 9.713600884685546 0
108.9077539670988 25.24166620782204 0
39.37524280382969 3.826389604212153 0
41.36676146501321 3.898501589903812 0
42.25255168188878 5.625870319991868 0
43.11709065380461 3.972209602167684 0
864.980944067384 14.87167867879801 0
267.3245023502218 10.66083396037252 0
25.75256379543066 3.33639881647817 0
645.8521994309482 13.58384834850704 0
512.9078768967021 24.00900339146762 0
668.3102399864309 35.15836150174642 0
98.75230012172182 6.463575271475463 0
100.4749247128942 6.6096558942494 0
101.3305045124828 7.984831278569748 0
96.87732712613044 6.324778559329038 0
564.5953102392957 13.1178893560197 0
370.4688070499994 10.74314196024471 0
373.8201936807691 12.42081708700682 0
379.2097895900882 16.77475826181205 0
559.0915768426353 12.24922223103318 0
80.39114409047724 1.802095733961519 0
397.4762186003484 11.23125141961491 0
-70.83847212603619 36.23798383902825 0
-77.01429705770961 41.94397126057854 0
-67.20712789930438 45.44901818515002 0
436.7504686114958 10.98025310064651 0
339.1788044785535 10.192169697637 0
342.1404486740665 12.36799820717796 0
188.1244320608405 7.863554625545889 0
185.6767754723766 4.968567653563243 0
185.2843416985431 10.3552195060832 0
183.8306678705575 7.877730200026773 0
181.4330919376773 7.811106001778096 0
220.6396448017626 8.406404944868255 0
108.2679094799407 6.172555359053552 0
351.8993506419544 9.907624027447037 0
355.3980486062125 12.03181549127452 0
331.1732361220657 25.54859339090853 0
73.61710134846399 4.489529157443565 0
717.2980491920981 93.95678826615999 0
738.1146586177086 93.85865193776215 0
235.8751714791773 11.66948949463434 0
236.7794117825214 8.909257701560609 0
1006.587924303766 29.95820810807081 0
1001.200550023472 22.17656239561921 0
992.834207621888 21.6280817235425 0
1010.779707244259 20.83527932548156 0
60.60385119689693 2.798114829478739 0
290.0857287859317 10.4923749002849 0
10.04434186712975 32.06642572477741 0
479.1346579803797 26.69473745216323 0
58.08151055897071 1.825071715290005 0
-75.66242767040991 15.74591787638423 0
-70.14995284871469 12.70178106598538 0
-76.71831674632277 11.15966406247991 0
74.68780416134776 0.4697826804309352 0
1020.907730005728 110.4713595664064 0
153.1166636239498 8.780546191247838 0
154.9250305376719 4.942800398104131 0
155.1843774935107 8.464116705448053 0
150.6885478052507 7.059506078863715 0
158.4316736149318 10.13105194694935 0
159.2329201215908 7.721795772675879 0
161.7777013099608 7.324865988769418 0
177.2204561602217 7.36930841754197 0
178.7682096877546 9.085158124581335 0
284.6693751745471 20.24253811972553 0
104.7068042116044 9.930675636107303 0
-34.88098218749028 8.980326447617125 0
-37.80509209084006 10.03373440556182 0
570.3237693434405 13.41268647707023 0
576.2441262267866 12.85044835069464 0
579.9957452503625 17.66096476827453 0
577.8461730169474 23.74637997300034 0
588.8294105950441 24.10546604761493 0
333.9836177652272 73.14247931674126 0
319.0110541567636 81.60663577313518 0
200.0830282505779 13.01035623301954 0
202.6215258622576 15.85298564190947 0
229.2778457270178 8.533239833505025 0
226.4011554015177 8.955661604880861 0
70.21368700388604 0.9191621917673416 0
33.27464516617361 7.242876089643513 0
135.6730611807653 8.534217336184351 0
137.7890025390761 8.376357936732822 0
133.9042066218244 6.627607746501123 0
136.6879993612847 6.992866852990724 0
191.4556714519608 54.08069997157408 0
203.0526206215858 51.81931236297879 0
206.2351171111501 40.81056148247008 0
281.6400427310327 8.858069055519531 0
74.55140619269311 22.62195409527483 0
478.0770376843285 12.10714090445175 0
474.0335742549373 11.24434065352068 0
-63.86023765918497 15.41405800832971 0
698.0460968085063 88.51366458344609 0
62.69097642015505 1.577176486180805 0
63.42009317903888 1.755995697755447 0
1059.990687976364 26.90915443245652 0
423.5409165251952 15.99204777324096 0
422.6131633855271 10.91116740612042 0
329.9937389763177 12.10862137280834 0
165.9324891302149 11.30702687712176 0
790.7027645302771 15.72423548248721 0
795.128036363823 20.86272818030453 0
805.4328489695581 30.65440315905307 0
808.7316453662597 22.64483916398324 0
141.1230599355725 9.965885026395421 0
22.62460011549925 37.97131386287522 0
590.7145471053896 13.48713394546742 0
615.8756930392265 31.36328460033815 0
384.2243485631313 10.24061131757118 0
75.95959743304358 0.7947884782420884 0
76.28889395750225 0.7954799736003397 0
792.4994889579846 27.87143722034939 0
75.60412041011548 0.5789439433463806 0
102.102805500266 6.576616723328131 0
103.0478019729643 7.785276421910758 0
103.7101849249187 6.397644855344575 0
104.7064966685639 7.907554340394563 0
670.141978656049 13.42058320895988 0
675.6332148614855 14.83432265657731 0
702.860577489351 34.64967796922015 0
187.3490520547086 12.48234256150493 0
931.2011903842258 29.23087288500129 0
945.6486347099122 29.95759839865011 0
950.8107605725727 20.72803142505497 0
942.1743756388443 21.37864099722324 0
959.2436011843249 21.44963642962092 0
122.7361511453996 5.773425583981371 0
830.1603052029459 15.39701194711041 0
822.5117942865605 16.11340996005462 0
80.84776097472256 2.424560217963397 0
971.2257194483311 29.75639091099662 0
980.7532169901971 29.6391381279919 0
975.3859976008658 20.173054840869 0
198.5863421109165 7.504153627693531 0
7.837569047322498 6.056504859734656 0
530.7817819278345 13.32807471065586 0
306.6886462728306 9.524005894922496 0
303.062385594551 9.362738939030388 0
-25.2433219901352 22.62255896591575 0
325.5841132838415 26.97327644958029 0
452.1698360782054 13.02767892768327 0
447.967099005143 11.27025045300493 0
37.52008423957523 3.59500356338098 0
102.6588953474972 9.699972033599597 0
106.5818326538024 6.082518023977632 0
459.2516084210206 105.2562045270786 0
204.488911293557 8.073139156208955 0
201.899458262958 7.907541836741702 0
207.0390947461391 7.487675194179192 0
341.9632509870284 8.46554802047884 0
310.0082449079669 8.416758844977238 0
73.92237332919825 5.457050411512768 0
34.97909648294926 1.537348461171844 0
34.25780096547821 2.734441346519836 0
95.31495110741568 6.105031685939169 0
327.3831650961836 9.450600855394056 0
323.8744238040782 10.12815827298241 0
90.6930378271605 5.641638783236694 0
-20.72606234865231 8.663497672841643 0
-18.33870024413708 9.76280951138324 0
-28.0605778592731 10.41667120978595 0
63.7467441408449 2.495357597122892 0
360.4488747566451 33.26791451014374 0
647.5583640167711 24.87426577654757 0
623.7049389272618 12.19524002913055 0
127.3595377937511 76.73371303111929 0
436.5129162346498 31.97608955560743 0
167.3746476009246 28.09146753745948 0
179.7603770729345 28.87914506380519 0
279.9425833489719 123.4140425697697 0
292.059904416401 99.26031039263916 0
269.8695318647722 99.9123741654538 0
276.7168480264736 83.02781286130957 0
252.7192143455742 8.407795965281171 0
797.9803626570291 14.16338809111446 0
-76.4201909658095 52.36699567696189 0
-66.50643742653726 55.2674033396862 0
51.14506671959502 4.365629738287901 0
49.34779620954654 4.173391950163968 0
51.94774285055505 2.852033016484624 0
51.69938366556448 0.911152103645118 0
48.10717232993103 5.595632224460047 0
47.64920221701383 3.832143569659862 0
46.22319445559113 4.776128061626233 0
45.96222558164067 3.246142671420542 0
48.74167156246415 2.637029353400024 0
53.4365311438318 2.785996828544131 0
68.54168987240072 16.57224253625351 0
50.36681022858525 2.780162539809031 0
163.7941968852666 7.149768128552793 0
165.604101314734 7.633722071662122 0
531.0498009314022 123.620677083387 0
548.5588973019975 98.40854836496688 0
519.3018014335494 103.0060893124865 0
745.3810535145502 22.5302899551623 0
596.6819960995064 123.8906923194793 0
586.2692802984077 103.8178248319119 0
614.2297872854939 98.5937919307615 0
-30.50047947015716 8.360091537508195 0
667.3915517166718 124.8405905151992 0
654.9674144663389 102.3317981424158 0
-1.431019615295131 1.453492152905808 0
-0.4699823473442042 2.307172928016493 0
20.0959376464924 2.576694090202983 0
20.96385746915218 3.975432442485497 0
21.84809006225831 2.291311131575443 0
510.1671223701745 9.689087818971185 0
153.9786643361172 7.070147611228137 0
703.4919362753744 14.59706927664213 0
407.3814044153539 122.7219096975918 0
797.6735165736337 120.6232820870654 0
782.258493008605 98.50776510089196 0
814.4498472545163 98.13468681066914 0
839.8048043402082 96.25098925799603 0
854.9391472326998 116.3123172336319 0
865.7207867253612 91.39290703221201 0
887.5945835921142 118.5485713446524 0
12.98204798356633 1.814877332600412 0
961.3918646418562 123.6034455768452 0
972.8422533429681 100.3043387118238 0
948.5699822005821 100.083583446278 0
922.6320179722318 96.5875359321262 0
70.5823287852385 1.004113382033766 0
68.18374770046005 3.448594977021852 0
68.59246680825225 4.494980867501209 0
67.95665458077703 5.50428924639855 0
386.8846810179687 35.3439263311639 0
890.789249375334 14.23938219423162 0
-54.35827903020627 125.9634433592418 0
-12.92224325728043 123.5561775531145 0
-32.48156915751211 93.38978857707608 0
-0.6563589374079398 100.0121760804366 0
23.19930004617505 98.21628319122183 0
247.0375252027951 8.258125193156502 0
586.0517944814134 17.13975960597602 0
586.0813622713457 10.88401475292832 0
74.53462281309247 0.4666807923079973 0
-89.15312896789553 10.66686497399071 0
-93.03114183750098 11.5561477839018 0
155.6661099024802 27.98982623570098 0
224.241826977659 7.340664377839035 0
-45.60348990409052 22.86984388231928 0
261.5760570537454 8.006092078849317 0
67.65494341984591 0.9351742430622889 0
67.24027475542255 1.224454211204998 0
152.1914170558524 23.15048322965455 0
79.09479494835821 1.241284025165081 0
10.94928014880519 13.13406417805245 0
12.78139828724127 10.45932228581172 0
-85.26799147944472 46.46279594689697 0
84.07917565370661 10.70513398882218 0
32.81071007245762 2.95830749879575 0
374.0183092514164 8.263719709742164 0
377.6122815468382 10.63581546396791 0
632.4105393296605 12.20161690617143 0
225.7780153105857 29.50574868592375 0
76.20965324804763 1.853102731809326 0
-91.97412133053871 29.969174290156 0
-41.65186011938762 14.52700979780785 0
527.3796421210243 9.853368198982977 0
-7.382091512691439 0.8583155856899435 0
55.35147735584281 4.275089539597471 0
137.0204056813009 63.17993235105165 0
-2.212613905719565 0.7959497003630036 0
17.67393428671581 1.778591831826233 0
167.7951949231683 6.888858000011505 0
1070.510019889203 13.81764302175332 0
1065.022111884482 16.12491895440927 0
-51.60946115464522 10.11277095573557 0
-55.04968725752151 8.724595388803303 0
-80.30233039763893 10.047369584213 0
-77.69831846076291 8.017516181510178 0
330.7282183233718 8.658770335999034 0
-78.29211765155858 84.31842957388278 0
-63.07180780115043 93.20130897774069 0
-61.33170948820973 75.469402116743 0
73.68406306390989 0.5365645966427701 0
1028.136786836824 22.39407736911667 0
450.4428070407849 9.080568385771715 0
231.8139844736998 7.331151248681479 0
637.4671048830279 11.16726140407114 0
81.15993985460935 1.588310942788968 0
75.1736520217286 5.847848462059119 0
846.6126890783277 16.36379529313514 0
414.0096907180913 9.560915701022228 0
417.8203942617099 11.21789713166609 0
47.37109587722167 2.28691743711832 0
62.65321874274339 7.897325614271974 0
60.69381676487825 9.039878693812202 0
44.46797605139475 5.70258073807601 0
43.24169352162091 7.365333309468155 0
301.0727789643298 12.45679007826362 0
80.62573701256589 3.322179083248904 0
732.68560157557 11.07622980786857 0
78.51004146159914 1.212046578229994 0
430.7116084590007 9.492424775877371 0
138.4822375323097 6.831513835747725 0
110.6303016605275 6.43397081188987 0
112.0831580744809 6.088950916852975 0
113.1244384626839 7.48550573373117 0
-4.502122113749568 1.056120552805855 0
-5.146297112409261 2.166465538992393 0
-5.672863805367085 3.605488620791053 0
-83.16272839173951 8.043271183291088 0
-5.017187267765959 26.65241952026423 0
857.5450932360928 16.07149860858273 0
852.1971005499042 21.46475217414764 0
333.8655703378164 111.4329984967168 0
296.3131516700027 9.329388091674369 0
299.292614835572 9.243429500693788 0
661.9687989968464 12.32698758283637 0
262.262382199528 85.45305851611784 0
1032.217733504706 14.32721553134265 0
179.3842138622072 6.840773926848794 0
724.1172433810018 111.0727775551691 0
29.40516116148073 32.44941745268057 0
22.95711375366687 29.81033167688631 0
278.934980001489 8.016436036904899 0
276.4742020783161 9.021726732388911 0
71.91978628285402 0.5962646146598094 0
155.6006890285141 6.491978974755723 0
31.95121295512191 1.553023012763435 0
31.2719509862071 2.959681517410148 0
1061.974270717395 78.12982152398853 0
209.4947813445469 7.206829502051614 0
944.9580745725417 14.44318532093305 0
72.73643673991023 5.358755977041612 0
71.45078853587341 4.989770643853762 0
165.7719987683921 22.40366544238213 0
187.5510385777503 38.15177487455191 0
169.1334537772877 14.73176385456701 0
170.1130001856511 19.04320221240797 0
160.1581934202907 5.993389617463777 0
74.01278936478516 0.451084638850033 0
74.15580950025729 0.4912904359344035 0
74.21538616823226 0.3071575711319121 0
1061.866730387909 49.30539357837262 0
1052.195989072711 57.97951466971208 0
1056.018708950674 40.61969300519728 0
883.2534603173098 14.96531518224016 0
75.16638512057665 0.6315591858903654 0
75.23025462025052 0.4749887042024136 0
61.95596488432354 1.155135340272533 0
61.32237274252871 1.609048051478611 0
640.6407525371752 23.41571348439479 0
92.67325419473545 5.949030810056419 0
28.99047869411577 2.919196554773817 0
112.046956211895 21.31842073835852 0
744.1746074853297 30.27916905999871 0
143.8618945833757 76.12382974043464 0
38.24137865448566 117.4160811302349 0
86.43510534419502 10.36804998643275 0
695.6515961195198 13.25237313628217 0
689.6358272801035 11.79058767972707 0
78.01287283544485 1.81721101728929 0
239.9485394954746 7.877419116652051 0
1.463915971154861 26.62122049417782 0
367.3872713684239 8.324201797327593 0
916.7814343192045 15.22112597236684 0
909.569880278169 13.73142874214635 0
391.5822877121027 8.873371775384751 0
818.0643566144932 22.61280467245549 0
814.5472164182576 15.25703427307521 0
807.3410859857811 14.98268715472491 0
461.7945355918218 10.68438086409503 0
458.6641556662307 9.027450375494654 0
129.5552316305841 54.11383121111621 0
-10.18562147867922 11.14296908850315 0
-8.931264229937895 5.506359326431249 0
-7.028054744900071 9.289261302010349 0
-12.97553725730572 9.001925053705735 0
-4.14475379785141 10.78395293900639 0
-4.319011535428863 7.854996292252964 0
-6.962966379113746 5.115840642805894 0
-10.25361297163479 7.962969430950425 0
-4.93374310737077 5.349509740283958 0
872.2438162582646 15.08158152700201 0
877.9012918828498 20.54530270425115 0
71.15995163761798 3.84451402064815 0
70.36273561591112 4.733812655896159 0
76.5676758281314 0.6929259529765504 0
1033.61291654614 49.97783473664981 0
128.5499401746786 22.99643276549901 0
389.1201463482591 8.018236637827178 0
68.55465013881221 0.8767411239533044 0
79.79412028104588 0.7120444061758132 0
490.9220829959794 8.803737773417973 0
78.41247304765967 0.6821816114522492 0
903.4815232446028 20.4763873031689 0
298.7912335793324 15.95123632449813 0
77.28040867156344 0.4953448671534301 0
77.44433215812808 0.8043039394149527 0
77.76211627021095 0.8314298038908206 0
1067.784902654972 27.69923093244247 0
-1.278511599822065 0.5286046708332286 0
-1.051432504296314 0.7281049121031509 0
-0.7340479972284522 0.7252867005831972 0
-0.9265639219740387 1.055658604741812 0
-0.4624121323328333 1.04100812537025 0
955.8807873505317 15.69655308794172 0
261.4278282120268 25.17618379917743 0
35.92226327004261 2.875881452469007 0
540.6622433436742 30.55173092796036 0
51.16046128004191 2.02836529973484 0
339.9264561752905 28.52529477337182 0
100.7781708179751 19.54816480021701 0
498.4066533564652 99.25557652866388 0
52.7186192415501 1.908128390104817 0
897.9536696400769 14.8242905507968 0
771.4280999272236 11.268824967258 0
336.6050482549918 7.770068384212936 0
1060.424159890399 12.23133119410582 0
206.6056520543599 5.584433912928706 0
1050.27912327056 14.44345822174395 0
116.5960497149098 6.05357643078427 0
115.0741737026783 5.832849327603082 0
297.4329982202397 26.06798925246588 0
318.6467073576906 63.43154741582215 0
305.1513622906101 72.60809843102584 0
84.58932904453745 5.555678190981928 0
57.4001986517796 1.484593038996084 0
653.8663412450649 11.04764690469255 0
170.3298333468516 34.86772295146498 0
69.7289269413162 21.12066399912138 0
76.0998262973801 0.5799853205825108 0
605.652981883951 9.290790722130929 0
146.3180407164788 22.224154969993 0
38.02734280704237 1.382922460729124 0
923.3052979268714 14.4033493153648 0
927.9169185338898 19.80654205405289 0
119.8008265421008 7.450133649529321 0
42.39887432088816 2.55402921182662 0
1071.790931256577 9.479158765732777 0
798.3600688268657 86.03235792892659 0
73.1923854673901 0.4999882647411987 0
239.8027747022594 37.14187694185588 0
125.8418594288548 6.962461843753641 0
80.99074127669806 0.7886888715214837 0
81.96333582340661 1.577300952204521 0
79.22727590713333 0.7327826693428479 0
271.250942854143 24.65131162601481 0
553.057704762974 11.2256682735953 0
680.5901190520697 12.02105235812765 0
-49.68509284856006 7.746114039462597 0
63.23363257314909 1.100655149407432 0
63.89742699975425 1.158269598079905 0
64.15200281269148 1.807588231297571 0
64.54580268914904 1.298480395403323 0
312.947625861425 8.271289379308399 0
140.0025871879434 7.887621647666357 0
634.0468074105544 8.621666767627383 0
-0.7098689686027074 0.4193429371024575 0
77.95172370264494 59.99687162029501 0
40.4690874181915 2.367830173397175 0
76.99906525084512 0.4831900377465506 0
-47.54574335107716 83.1760279985138 0
-47.06088757362012 68.17010148182497 0
-31.86728434520161 75.11034186944347 0
169.0105944817234 11.27274599256067 0
801.8933339743676 18.53792587104093 0
88.0825884651659 23.16951457312917 0
145.3352577136588 5.935102103653379 0
-34.69109860531222 20.78039210991674 0
76.50273097448937 0.4384133478892966 0
32.06286020082392 9.773676315393351 0
-2.033870295367756 9.109038838029774 0
166.247449749926 6.0518543607333 0
69.85666611346016 0.7353002873877116 0
-16.87817285348462 86.4831299908183 0
316.8927652202809 99.80080396530757 0
291.9790863152494 8.197200680030752 0
303.0668560219169 16.25455189362075 0
-89.06352929701058 19.50894689657713 0
255.2640366540448 9.710557126109176 0
7.542193710235075 2.11594166976521 0
69.51585216540157 0.6729929604353093 0
525.5258667088551 30.67534527672867 0
157.7785658077219 22.48115724998492 0
401.4429589154346 12.54396238346727 0
400.3890591820126 8.836160626020886 0
1039.26531445934 14.58792998865787 0
54.97277932984097 85.13178633038834 0
914.5645176423967 9.477319335493126 0
886.8956903302118 9.883568011719289 0
481.2886333869055 115.0120844040372 0
355.2898286890656 8.507350499063078 0
358.1441984965714 9.961523622214461 0
74.41313999144181 0.4157490079750801 0
76.11936792238053 0.3769794591178818 0
199.0696710976073 16.53828583175037 0
190.2585748837753 12.49632728301239 0
442.0355676072207 96.99842155216012 0
69.27204005403257 3.531769172623934 0
214.7295667366006 6.682114318294463 0
212.7142602683821 6.674379593344442 0
75.00078223623838 0.3722098865149991 0
48.99346119205914 13.64184724624055 0
52.00330252234449 13.0326050573252 0
66.18630402645694 1.042773409201685 0
65.66686325048761 0.9118212037860147 0
65.23550062395834 1.191140175508905 0
161.618710422573 26.25219397843789 0
682.559084375472 101.4002491246508 0
440.8307425666934 25.94441159859561 0
11.67191906100355 8.204975433927421 0
14.3934211389266 8.298995481774924 0
76.82344135934295 0.7365630813153455 0
266.8999115936363 7.999098228422519 0
269.3361120825465 8.813100332672899 0
996.7524077893602 15.15143387007977 0
29.06553642443613 1.597386501365573 0
-0.4111513867028707 0.725029582268753 0
-0.08082976847982448 0.9204704019082328 0
-0.1456769067846418 1.351096951835648 0
0.2463385495439454 1.125821232935785 0
0.38589951590927 0.77689082448066 0
0.6511529555676168 0.9855872364562013 0
0.2754586504472896 1.63754008276815 0
0.03178066879939755 0.6187637776558574 0
0.6365085166998661 0.6848189930248501 0
0.9089873934234203 0.823543132617472 0
0.96275481181641 1.179121129667656 0
1.292327318857552 0.9400472620825384 0
1.292820033521541 1.475124405039407 0
1.693366010868043 1.190415072014581 0
1.746695373631397 1.761657598156483 0
2.171211178753643 1.323058060908047 0
2.227840487145133 0.8253164686678649 0
2.594854398024287 1.057485652149323 0
1.649139471456391 0.7653061642931157 0
1.483131989057264 0.3660803697862518 0
0.4298582157486712 0.5276320927005362 0
1.352767502395376 0.6531797013898474 0
-0.1961214564333073 0.5784950575462748 0
1.937261571179363 0.6764878269515826 0
1.095367463347691 0.6447000497137408 0
521.3486294622461 10.38324001099165 0
517.0257250626097 9.692786681467544 0
75.80379873019116 0.3723830231431962 0
75.89195680174524 0.5486784886361069 0
678.2130906964594 39.97706202119341 0
-26.13550649337892 7.622840063279014 0
-14.67830671521757 21.64717064974666 0
673.4212731730288 10.28881008169049 0
-15.80451915677872 70.58026066715082 0
-1.511082590642651 78.13591797398014 0
292.5485268649547 23.25957394197133 0
-0.6795575504581214 1.569808288798174 0
139.9715546422156 6.207520943191545 0
141.6588438865727 6.038705419369402 0
-45.34724411870856 8.178249998466272 0
-42.62443844029129 7.694918581286236 0
55.07376654645024 1.737468724782847 0
495.8282173169662 77.17115687326942 0
72.84317834328257 0.5270286546622129 0
233.9101229068974 9.013007072843338 0
14.54393140339857 1.896596491511223 0
57.32879983262544 6.82091419615818 0
157.2557618639913 7.85843255705728 0
346.6010215938171 64.87079302270357 0
793.1383491582977 10.20400875833824 0
49.77229501070146 68.39699897049336 0
37.36321412415633 83.45937145169913 0
51.40280617377445 52.94432680624891 0
43.83742812007635 2.550513680866931 0
44.91463044864176 1.892557115329967 0
1037.771231635431 8.6180641485576 0
33.69415796951391 4.172184981738706 0
-84.63066590172241 30.25119617987244 0
156.233168545521 5.129349178835621 0
1048.822518698906 8.804815147532832 0
53.67715329247643 1.726601096846098 0
15.61198580723948 1.711688093326962 0
826.6256483843838 81.10346023411904 0
989.9849589467226 14.61307630390927 0
984.3114300907409 19.96176516898218 0
344.949997139458 33.33984975263485 0
759.1318421277999 99.22919118675526 0
254.7724115757883 6.907338133476319 0
250.8738479727488 6.752421433800555 0
81.57579608066341 3.710547249824481 0
66.69636272917292 1.186083860663198 0
-58.18976969503664 9.070802145509354 0
-59.87733636225142 7.046649215198949 0
1024.350846321688 15.00567889656219 0
1019.694763120834 21.85689393945006 0
7.81393608641601 1.304628960131806 0
8.56757842680879 1.087923921717778 0
7.258267416845876 0.9765786924276424 0
-10.4141648284159 24.6267350164918 0
75.54502727036297 0.3457223443366991 0
26.41729849204365 1.29523992519565 0
26.89362040321172 2.419810841586064 0
-8.005952859770211 7.024154460906232 0
82.46707095828981 0.8507387362071432 0
101.3163819974271 5.403091263985799 0
15.63810231019004 0.8909359083610372 0
70.45776892715821 0.653053269400271 0
70.78766423696912 0.7001926043851541 0
71.08858682409166 0.7142381399512796 0
962.2889313460292 83.64288352311321 0
981.1009049544881 80.5484090323328 0
1032.169228129648 7.802956981417719 0
237.7740415201566 6.888804558947226 0
120.6379323501371 6.07294975304962 0
119.0433921427698 5.833950121673504 0
2.513147563569684 0.7189654134673304 0
2.876949224684652 0.777144169844967 0
73.04728100802373 1.150411530674994 0
88.75712858464506 5.55670159101532 0
53.95461470967098 0.9285716977876011 0
979.5027945380283 14.26786651191443 0
13.48217784352853 0.9266095284542699 0
24.04000821072349 1.235658415459269 0
23.38909620212009 2.337726395487358 0
40.44058424124021 1.104674540434747 0
549.7109294001556 23.40917230446965 0
1021.044980830816 9.117664968099675 0
1017.593598857357 14.85704415357159 0
1011.015799752851 14.19588337515251 0
333.0385576845152 58.42521809313885 0
59.46482565208925 0.7221277368661507 0
59.27928759577335 1.334721458100985 0
59.87299535049958 1.66184226154029 0
452.0712384026173 28.77050966148234 0
34.55040150344916 9.343663669591345 0
567.4231468492605 9.095784235928386 0
75.4901290041924 0.4529035761126143 0
398.8655951381775 20.87428567582378 0
1009.945106123634 8.493642008426292 0
81.59456962057267 11.28974028637039 0
938.6353131766032 14.28604215874181 0
353.2233595075672 29.14755472748373 0
173.6047678734146 6.059428441120953 0
42.60551221530493 1.147768586067125 0
72.31716811100075 0.567953380835993 0
72.52254514905249 0.5204648419084096 0
72.2401071866289 0.4158090650713285 0
50.88477074194151 0.9978362524146069 0
50.04652058523511 20.79415588375337 0
45.60194232916517 1.075479721072612 0
999.5034897422045 9.137449754253 0
21.86801914429865 1.122731142545122 0
52.40927119624692 1.002579845688108 0
-15.71971079520386 27.62333495455268 0
49.26161859149336 0.9956855091502439 0
49.69929559129759 1.810747813944148 0
358.0397784971022 7.212812968438017 0
47.52025168324887 1.041184334258686 0
113.6340182645598 6.04922550375143 0
114.1523464867697 4.908670058008035 0
111.8274143739861 4.856001619325826 0
-73.90579654312107 66.34742465784772 0
425.7618108300006 8.432329985303113 0
768.4675581565436 80.8994046672135 0
752.0924359341063 80.93307945156144 0
820.0512913357339 10.76396318227392 0
987.8308826065083 8.838473363531422 0
57.17410973683802 0.7939418286336111 0
54.65885864488709 0.9220424045573675 0
865.7485702262817 8.971024460266232 0
-51.13897052324729 5.726152927302313 0
977.3891636603462 8.452315108444143 0
842.8003582895844 7.103338660245905 0
-44.77122353084265 5.613192399526776 0
419.0816625975193 15.13906422472131 0
966.8487571676841 8.307183886846286 0
969.8882542186832 14.18161747831283 0
956.3360747827937 9.494010070616282 0
946.2730289633098 8.346940449621318 0
-30.72397012475124 5.96194578384237 0
935.7157649521733 8.660340778357373 0
933.0661520949427 13.82422929180377 0
775.169462743485 7.492641121032584 0
925.4463945194549 8.128054821287799 0
58.36293688432499 0.7343097556162994 0
55.94506290092829 0.8137344975904602 0
754.2504503155124 7.5328388153648 0
900.3886582462466 8.371522571974968 0
875.7545467074084 8.688023886727841 0
62.82446013395203 0.6297806898866456 0
861.6099670293695 7.851863899793874 0
713.0514299832063 7.332035627928453 0
14.96315098847995 0.9901138463160192 0
852.1527255438725 7.806551791237437 0
838.4617615633874 8.554675004608836 0
693.0735663280584 7.889009475437263 0
829.5651293433216 8.903342713234441 0
815.2538475510031 8.5235389488618 0
806.5287784049635 8.438629666596457 0
59.99318957689279 0.6950759423389414 0
-85.57092338566395 6.01762212970357 0
655.1427681508899 6.961234291257002 0
784.1682616228281 7.51680918648497 0
76.13288233920875 6.960121485903332 0
618.8859042037458 6.80423748169376 0
762.6815751704586 7.531713644848905 0
764.7307756937523 11.73968324416894 0
750.2388997052465 8.226759152398063 0
747.7842190362692 12.79863082574427 0
741.579422170929 7.501662180732673 0
738.9159592808003 11.66574118732107 0
608.1993950517151 6.597170476589159 0
729.4751108183269 7.412217043784266 0
598.0608094394628 6.787416246436498 0
587.7739616156769 6.898838640486519 0
577.7097883743738 6.625939672059758 0
46.13189809091407 2.013123914443208 0
721.113884878504 7.326458895506941 0
-55.58900621946002 5.65834543095874 0
-42.75582482424988 5.298873706221876 0
66.50845671950979 13.73114734565972 0
-66.80488783384698 5.88836555877347 0
-65.6469884659887 8.211063439056804 0
709.0542136944065 7.316829683039325 0
558.0318595446615 6.532704160204817 0
548.1560123984226 6.657063982318977 0
538.9367567483406 6.540015909103085 0
701.1194472468951 7.157495050235203 0
-71.38554740928907 5.769450696703045 0
-72.24763222922532 8.08493367419843 0
313.7204398758733 52.05836754161373 0
303.2109422527045 56.50451696026069 0
292.1112136820921 63.88107540900535 0
689.3647251334769 7.106637748859501 0
681.7352477889084 7.181896586541326 0
-38.58693884125266 5.640008929508269 0
-39.59761114492979 7.895407798793567 0
529.6032837391344 6.417632388299383 0
670.0023334396576 7.920459841305825 0
520.4084617889096 6.377817659134607 0
511.3508736726683 6.338597148762058 0
-34.76106081681204 5.892341074411013 0
502.4284712257368 6.299962006560051 0
503.9778829842165 9.754780817331552 0
499.651626108554 9.241686868885298 0
662.4179109315039 7.783775181294274 0
651.5334046026474 7.184513215409959 0
644.0742537244638 6.910686670817388 0
11.65920641794597 0.7390027709041062 0
493.4296216037105 6.315506473162669 0
485.0022700429025 6.304298330458832 0
486.4610445832258 9.13023310107714 0
229.9688024516333 6.254265919458193 0
-28.85398536702606 5.40172273526696 0
-83.3603258579747 5.487012923614907 0
626.0427067880196 7.487427628606483 0
476.4176998159458 5.833064587521157 0
615.3591745392985 6.786449695208988 0
613.529450682774 10.56958582268988 0
468.0168349961682 6.519280696978983 0
459.8064678844778 6.142360649153174 0
451.6220488687235 6.079963737159574 0
454.5906951611656 8.93996597215336 0
594.5780446104015 6.755077251036757 0
584.4032974607372 6.931838462704026 0
443.590541201717 6.127242017023193 0
445.0554608964438 8.751485457712816 0
574.3332203226341 6.636327927496414 0
425.4071629284082 5.5725327892274 0
564.7384375397879 6.454272357058258 0
554.7709716693205 6.938976668231623 0
545.0922086324184 6.157010013233646 0
407.6690497427766 5.971667439254922 0
408.429523207299 9.073336270033032 0
-21.3264389669271 5.323142643885499 0
535.8015339814449 6.535336587740137 0
390.5643641428783 6.060710630920074 0
526.2711241795021 6.577781469327654 0
-90.94085679436471 5.938525938184568 0
-92.10187297387137 8.504727834988216 0
517.3074748139363 5.984441903635568 0
508.4639506625575 6.545203039375375 0
374.1242278902906 5.461372365014881 0
-25.10788282128767 5.577446377263532 0
499.5204926469771 5.86323499872814 0
75.33643510636519 0.3258792421038152 0
342.9648091125886 5.609464096995294 0
-17.67409034672749 5.359651569827929 0
-16.81332337739693 7.42464183522455 0
482.1272512620479 6.295028386475702 0
336.5676071282285 5.286405571700058 0
473.8375067356178 6.196723922420286 0
-14.09485408981996 5.333895343444878 0
465.2782593747245 6.137118422959333 0
457.0434965108924 6.101490384193921 0
60.9953322960917 0.684009192922449 0
60.80960518230964 1.177854292497741 0
19.87439855423908 1.0916217892301 0
448.9612486091787 6.198874143050338 0
213.6715459678938 5.680694886398159 0
440.9405681053384 6.102987802324282 0
430.1636201769808 6.241493727331651 0
422.7963411841919 6.527925720748411 0
435.5526119435943 6.109755245284714 0
412.6519394135797 5.994540112862828 0
417.8794136688819 6.197150603567074 0
405.0669801387604 6.013753677065084 0
395.4392798419819 5.834957226266261 0
400.1499336714851 5.916539887880258 0
378.8069459462285 5.820815290650399 0
379.9807397961931 8.151770602938328 0
226.6082077780146 18.61516753661107 0
221.9711571502725 19.77728299955691 0
383.8003885507595 5.818050936906941 0
231.2373513853572 5.216464338469304 0
371.8792855637424 5.733023917757216 0
362.5116709484747 5.884454976527737 0
356.2248928296241 5.706526738521182 0
367.3243969785713 5.635277341366787 0
-96.01791968616718 5.995462773446296 0
-0.2107939044704699 0.3275310462922433 0
-0.309761661782074 0.3948412414786825 0
347.406161237228 5.855353317865733 0
346.3201335777951 8.026651111750347 0
351.6811905716728 5.64802624651323 0
193.9855133254643 5.01061313716159 0
194.6842168766165 6.40997997337352 0
340.8311428944972 5.799614212780726 0
374.7515500747191 16.88543238719092 0
334.4405116237276 5.571043529417255 0
333.739784995846 8.131478888190516 0
326.0852249487693 5.596738568576109 0
330.1873064655459 5.682040685290136 0
167.1622865217003 5.046386184431498 0
321.9700564410932 5.584183149599355 0
320.8641885714545 7.236409690182876 0
318.0879336597893 7.705800088454366 0
315.4988384374569 9.550888825019729 0
317.9623073012804 5.248092972655331 0
160.926063541972 4.838320824549943 0
313.862739159881 5.48201296962302 0
305.916132249571 5.447631625755958 0
151.229666095937 4.800156266642741 0
145.3461529139946 4.66936925450879 0
309.5746163657587 5.748135647383492 0
302.0019299393839 5.503746841069636 0
294.2823721822704 5.264078535099816 0
286.7329130832534 5.364634635283016 0
287.7326929458513 7.00982933519434 0
279.0808190102576 5.708750223357622 0
298.0975038954493 5.447213562525146 0
137.3507814480058 4.570101260340798 0
290.5465969190957 5.477642736011881 0
283.010045543147 5.406890690717235 0
283.9290684741363 7.249127243610328 0
126.4116958450707 4.70725358361262 0
272.0283799158491 5.405390546200359 0
272.9668468966993 7.160560088814318 0
275.0400228486596 7.186249370920914 0
275.6761427723306 5.316797078397978 0
134.0135376392441 4.728211224672378 0
123.2397200843364 4.698363899569888 0
268.4875589226864 5.285695344262055 0
264.945197026696 6.697573040931262 0
261.6471565850702 5.27577621635608 0
258.0301313095803 5.418034730418758 0
256.9874914373415 7.366998400843301 0
254.5485589716245 5.180442153127935 0
247.7901741092629 5.203275028664674 0
244.4288596917215 5.213581571554849 0
243.5472600617219 7.104026643436139 0
120.0188063113489 4.798994295073062 0
241.2648363683396 5.091072315144697 0
91.24266097313364 4.628713781414797 0
237.875085382884 5.070004709281831 0
223.5339735133846 5.306550673102893 0
234.6540777948286 5.275238839790394 0
-10.61383767850372 5.310284017039714 0
108.9837037879563 4.746370634797147 0
226.7603047927515 5.309677424406263 0
226.045754362929 6.781059984595484 0
220.4658542055412 5.091095115591493 0
217.372912159158 5.16246938669137 0
218.0951317430089 6.660387657226428 0
202.5515558015503 5.052376853214168 0
189.799955704047 4.997974131730798 0
199.6654025008918 5.020748662934327 0
200.3184278723609 6.584722125442627 0
192.5833847494445 5.011730677892896 0
209.9877054151571 5.294271871356597 0
165.8865902598204 17.67293001947429 0
104.1852701110366 4.574861761781848 0
196.8112701098076 5.022516656873403 0
184.3161677439706 4.939621687777359 0
187.044260491559 4.985903730399872 0
186.4642470221125 6.356838799153577 0
181.6088178108616 4.975999029540731 0
178.9107918543639 5.01034351644599 0
169.7882175446153 4.91161258982779 0
176.2833331731405 4.927931222879517 0
163.5816389532716 4.845850295346223 0
150.0412658590382 4.808515129586351 0
149.4457708065514 5.982349642031017 0
147.9957411991954 6.035564603624373 0
148.6995820500721 7.413832600482285 0
172.4700937453931 4.893275419968434 0
153.6404396611825 4.801214647576838 0
147.6822988634983 4.76302641752336 0
144.1876953560933 4.747906874559656 0
143.5342574375187 6.108649650038602 0
141.8470411624002 4.633889243910031 0
123.8486192559944 21.81589699820244 0
130.7229550604095 4.727030002818061 0
131.2329958909903 5.955880822011844 0
139.6092228941898 4.728097934644508 0
132.9113730837496 4.692412903837359 0
128.5565525840819 4.722334592625314 0
136.3386565624004 4.728019110472323 0
125.3474315398603 4.708002073689748 0
124.8199193111067 5.757136379689193 0
122.1912153354868 4.696291837183376 0
117.0736687522953 4.804103096932935 0
103.2200110828826 4.582659175855814 0
93.06554108154387 4.690278069154999 0
119.0722468727403 4.639243851930799 0
61.93810455248165 0.6378571395767044 0
938.2337076696728 82.85195934966929 0
106.1039133822139 4.75254587929103 0
108.0198400672376 4.682164898607719 0
64.56471392637917 122.6076484020454 0
100.4391491867821 4.569268384398567 0
96.69155050553053 4.569963289599617 0
90.32400345149802 4.618343343638491 0
98.53687947606912 4.582624581359376 0
94.86473131210255 4.53188904494506 0
322.3624146585237 22.38062326396141 0
191.88082789391 6.382755639981044 0
88.61274592957317 4.507459550181048 0
12.86784619356486 0.7814443410827805 0
72.52985691081706 0.3547359323333712 0
51.21064138227899 16.64017832754183 0
73.01280573234662 0.3477301804334298 0
63.23441696362335 0.5788883463560758 0
967.1898381858059 21.22311186039119 0
56.29471114402463 11.53493226384524 0
73.43704996460444 0.3345639407466502 0
73.42215215105833 0.4505461606927326 0
73.81190336585105 0.3246769018520387 0
665.7154965256418 84.93845247381725 0
80.03241047761936 48.91884052546817 0
714.8952693317411 11.25114970316067 0
64.22952124157088 3.294183120819668 0
10.03884318261505 0.6771296086976992 0
10.23280896584897 1.300608367224559 0
73.88374357760051 0.3989365427814483 0
64.05453671293203 0.5973067217130007 0
-19.64877559645297 23.24197473260838 0
395.3199043204674 32.61740092391955 0
75.6259149278782 2.50603247367806 0
233.7961353672921 6.769035782124111 0
126.9420398520333 5.770778270678668 0
582.8685057690241 29.0081056967029 0
74.14471021321906 0.3258603546476831 0
75.02614613607891 0.2974255856926393 0
534.2433485301494 9.59387463847718 0
-62.89252985530519 7.903584266804669 0
-64.23510344085446 11.0747573335052 0
-67.64623064115993 10.76785147290052 0
64.81613855398827 0.5224050314452368 0
-83.4068324437641 38.00693123808275 0
142.7126959498664 18.63853518462547 0
141.2850404226386 22.58986050536454 0
77.97009744289366 0.5848533852195563 0
67.74100613659917 0.53581042963013 0
67.98144875095731 0.7538477996126423 0
628.2199951205648 11.28500053752518 0
311.7443262517817 29.91501987622768 0
231.5572280616458 33.96083825558927 0
74.12969063415223 1.069295476225733 0
11.07271871254306 0.672321086606975 0
158.7937372642455 78.9296987699818 0
230.7545263486788 103.9784954948705 0
93.53632129044156 5.447075885964937 0
276.9240188077246 23.03925055788861 0
850.4169012060639 82.30128677751706 0
200.8095514687534 10.11013877769387 0
65.89247714914094 0.5946152611940445 0
344.6787906869521 10.3473787110684 0
349.0069415871953 8.481378943665257 0
0.6190845479305631 0.4813018275843408 0
0.8131204282890242 0.5305423590964898 0
66.50877469959163 0.4947883304821314 0
118.8697632093104 8.947931767809672 0
67.12586899597382 0.5101302513362821 0
67.28806182198672 0.796404392205377 0
411.3602857655958 31.74934492188724 0
-35.69105555232632 59.6994131055344 0
504.3889723031492 30.08608779783868 0
1004.805970627266 13.98898597311896 0
67.97412019003283 0.4786527557058462 0
8.616292556734866 0.5664761370270643 0
-96.56458531872508 13.1531191748928 0
68.46680129078845 0.5230087206679992 0
68.98191032001532 0.7775818791957061 0
301.0437836480926 7.373381822987157 0
73.40035027080127 17.72194968135391 0
68.98768771768144 0.4519191592418035 0
360.1715272546688 26.2287111331507 0
124.8975561266346 8.623171131865195 0
237.4764127752957 70.17999769920215 0
69.67536971827401 0.4515977763219173 0
69.44912610746003 0.4397747579421714 0
70.12048515472956 0.4080993291512161 0
265.712406408838 21.94590958301515 0
70.4764168083713 0.409654089709027 0
70.85588437101241 0.4026440932682889 0
325.1185546101458 7.610431431539125 0
71.2278348323144 0.384348196136405 0
71.29621066352766 0.585891114909166 0
71.54798867605653 0.3675753051922481 0
71.57014847551619 0.5471985603765888 0
71.84067634228683 0.392895179321522 0
72.7751149777099 0.3735937232662294 0
73.23214792222936 0.3440664952244287 0
73.63030081182879 0.3294668056293513 0
73.96847086854169 0.3328841276075795 0
-4.402039150335587 3.518642907891397 0
24.28485104068507 10.14291369102449 0
300.6187782706352 20.58006487966229 0
9.545132177883655 0.6808652780436559 0
9.211363148659194 1.202300913575679 0
77.5074839959975 5.458565335193229 0
76.9353980234773 8.46675782494547 0
52.48489820088649 10.20445895653479 0
74.29162511057629 0.4702198343610123 0
70.71224351375132 1.34791240435231 0
85.13746396425304 4.493038945443969 0
84.35659549033106 4.444047897030742 0
660.0566246031782 31.30504707098688 0
86.86639504678051 4.499903915690164 0
86.32540134351484 5.439723424346957 0
1.627432661122019 0.381903923538194 0
1.536990728461196 0.5394428103267721 0
74.39411517100496 14.34480748544283 0
951.212653599907 72.62009404669361 0
923.3221679884368 75.60610131109672 0
907.228031602838 83.10856370375163 0
895.184439425901 72.39994613616781 0
889.2868531058433 88.27256119818364 0
899.0361383460456 102.020711841132 0
379.6372753450044 13.21971081120032 0
579.2482950978487 9.767427731509272 0
4.781315178151713 7.733084026323135 0
203.2670769825756 6.490175795510351 0
1047.205326729498 47.54452059322315 0
112.6002666009082 9.092854515655427 0
75.16752036690339 0.311462180176758 0
7.358362409680135 0.5526718959754577 0
6.575804552834982 1.060400961117472 0
5.874650904157903 1.279579632515673 0
402.5015537559707 62.08915532558343 0
190.5450058904024 25.96176940251409 0
75.08381859876516 0.7947407707487399 0
1006.326817700146 77.61704632323521 0
91.70788661957528 5.440267368098635 0
732.7733768957156 64.65605622460362 0
599.6928996576521 10.20697228631088 0
6.324462443442256 0.5901007147977896 0
64.62035666201103 58.43551883294261 0
244.8822005638605 8.973173677777016 0
28.73332935670007 19.56044286827986 0
962.441116699139 14.01792040262681 0
157.2656115085978 5.852850140443079 0
226.0444923182871 23.30583833076665 0
78.0943861633892 0.9802237083920138 0
707.0522023725837 10.85451270495932 0
8.178924247332217 0.6900074666790529 0
469.4317864511293 8.990873483905494 0
723.2378761977016 11.41558192214026 0
73.47879355808992 3.575159409699281 0
5.349413877080823 0.5121888223702735 0
5.609080544240535 0.8307505506574131 0
5.101881634548066 0.7781959308534041 0
5.197515687707483 1.284005326002093 0
241.3034967762788 21.29522267968729 0
4.613477182687421 0.9022839080268339 0
4.061639783431135 1.021369101808895 0
4.477406276851283 0.5870688357306518 0
507.1280124275851 23.93461656226596 0
72.81783396893321 0.9720321406279179 0
-58.19133550307164 42.21396116281262 0
6.977598562596077 0.6062378037435385 0
20.41485813824242 5.413694885400927 0
363.8134875253695 8.084365319851265 0
544.2015578392018 61.00727668486051 0
536.0642009123012 70.0163879037456 0
79.65875755416391 3.233946290785528 0
653.0782744345983 28.16073748555037 0
711.8072858922249 37.79528976644551 0
80.06446187308374 1.229892455378933 0
5.94194220338595 0.5518210095371004 0
1.098973660405748 21.23007041300773 0
462.0198170863145 24.72478208558663 0
465.6844474563076 31.43785618736569 0
440.4568140512889 75.3639246784095 0
22.75102475658875 3.601317392627341 0
976.309998973238 63.21747251634108 0
289.7935869404805 7.622709790572681 0
797.5597923521386 8.026145692010967 0
1001.361478222807 63.83715441684536 0
476.329836472696 61.34293080283922 0
302.9489544396484 24.5058584450597 0
74.29363327769396 0.3119709169007426 0
318.878264911135 27.67094747630271 0
689.1107721556706 30.8187236701549 0
878.0225129665645 13.57129485280528 0
5.078535734365308 0.4812820407234096 0
2.957270800618753 0.4751548972964728 0
-1.378985013227467 0.8771744545920621 0
-1.809542753532257 1.029070862246673 0
109.5690604953595 5.668785617714477 0
73.06326431876326 1.427882528450988 0
54.48613401335475 44.15637446601952 0
2.496918769739161 0.4519050097730141 0
2.312635422510602 0.5696265958424901 0
1.985618396553148 0.4385890657147573 0
18.58270092618028 24.56010118809036 0
54.72254011346126 14.91005494837378 0
57.94196915451534 17.46841139093755 0
336.3077695956814 24.08657162348896 0
214.0742412295239 19.43682629562308 0
77.62980438579189 19.34437234976759 0
105.5739177798137 5.549509356240093 0
86.67828849224874 8.276094503119031 0
17.47671022926923 12.04095078474671 0
68.14835024032432 2.651258646266048 0
422.1312218306367 57.3213807999167 0
292.0661268507858 79.21593126347169 0
67.31565992980029 1.901452892185904 0
7.216010892706061 65.19156566547876 0
73.57875416355381 0.4289325763113819 0
-40.90699746736264 48.12443609585745 0
-32.46523308743154 50.57292985367336 0
-15.37842645827132 58.03857219808164 0
-40.07347621101395 19.96869425390429 0
685.2169165875559 10.20911023094742 0
733.2340724407047 6.667345243211573 0
-66.09261181541771 31.23145039786107 0
88.72609371061984 124.8982633841611 0
58.68919896187737 5.8150471635673 0
298.664287334984 47.09102192883705 0
175.6320678746348 6.229647428219094 0
281.5090994356953 55.18865433244611 0
280.0346621209143 68.35016473249155 0
264.0120262095571 70.86527859645742 0
0.4568599859893651 0.316695059483423 0
0.5063197350322923 0.3899902429516396 0
0.3979015320221667 0.3787817387618497 0
0.2819723176596267 0.4022919231293443 0
0.1405559093527206 0.4395248760498331 0
0.2282524265556892 0.5825699009253089 0
-0.02319871663343406 0.4216430841581847 0
0.09264215231839071 0.3485885913343303 0
56.46739198878462 4.428474677313706 0
784.9705477122957 29.74306548383755 0
369.9781974064349 59.06182276872573 0
-78.4528282293125 128.166335566648 0
3.795627039024053 0.4225266041978208 0
3.792585695367662 0.6818473942834765 0
3.392675705788673 0.6451033601563826 0
1053.688966043744 128.581777843188 0
260.0764758125518 59.51755596375898 0
280.7056928137386 19.77303827287152 0
76.38393584273453 0.5959688425610041 0
350.5494537961638 23.61565695488336 0
3.392307660125007 0.4221316630925924 0
259.2237083488126 7.342780804882308 0
-22.03407356891255 19.50257618441103 0
248.8077310681284 22.15795581633358 0
247.3284901961501 28.11705857844394 0
-48.84521903978075 5.69223439750381 0
2.812107099413535 0.3986240472764832 0
9.437985555566168 7.359560069478199 0
129.0913849949943 5.79027728191546 0
131.3149323401237 7.473477668608891 0
46.87017858817929 42.8954081981893 0
220.7112611606918 16.06029256099725 0
2.323746198579806 0.3858396985452885 0
111.7179878538612 54.14724730059515 0
834.2912812305783 62.95777246708911 0
859.1004078818639 65.27145218850298 0
865.3813141488409 76.92455882407877 0
69.08226669595803 12.67180058447463 0
517.3397816525334 29.16826039789638 0
498.003726899868 13.17630674314066 0
56.0565321471508 5.610134400105732 0
90.71337531897048 10.44377530756565 0
1.375053929355365 0.3449163725919213 0
61.03426681151553 7.041766410622444 0
1.143096461299885 0.352243452811735 0
1055.678164152254 14.46211819496149 0
202.7741154497126 93.48934097486794 0
0.9619230547760944 0.3299714178666435 0
0.7800476889454833 0.3230746922030472 0
784.6260499533232 62.89691190065381 0
0.6170853170100526 0.3459942699763652 0
759.4719993565584 66.03309831445848 0
809.5070692750007 62.80384022204384 0
532.9014046570147 30.95028221516326 0
548.7280934208734 73.33094268858119 0
564.7336868848793 72.75245293257053 0
80.60771853867237 7.233094150466727 0
0.3927668046417077 0.3028719517922061 0
-40.76407689343205 10.65834998694976 0
-38.74949537180125 12.80590028545154 0
159.7179059266687 4.795721578872689 0
389.07425504184 107.2979468861268 0
-6.479899049076298 21.65345490526941 0
74.43525312301547 0.3082355899376047 0
572.6710675671077 9.860362782810277 0
94.59908020966897 11.9121244315289 0
96.41227513072607 107.7784241983064 0
1.830651676135493 2.44969298610976 0
84.87586318270566 20.59986342674113 0
13.79725152014165 1.671670594140146 0
282.0331939761954 25.62687944020528 0
71.54664021145949 49.43016879972922 0
114.809588027367 94.88420516366644 0
41.18674771349706 7.49808642283891 0
-61.92004757141098 5.545471530794783 0
72.12145649869473 0.5098578841225305 0
138.9162142707302 10.11719525365316 0
67.1716705947252 11.53776837172867 0
73.80775315224842 1.147898936826609 0
608.0507086553623 32.7972572662991 0
735.4796670924675 30.03366893994004 0
145.996378072344 17.85077927929729 0
152.671753104801 16.50399566028888 0
-24.10234312221906 7.266954535855116 0
641.2265030809815 15.85614841373497 0
180.9295655179984 23.68734860280961 0
185.960286015542 30.88928989030181 0
150.9585804859983 51.08120167764504 0
69.50089351058169 2.730052030196147 0
109.5828894921973 45.01072747546517 0
70.66687221747043 3.244744127708676 0
131.4243358547995 16.11404952672092 0
104.6136938960533 22.29455559423448 0
649.4722548261959 10.66246830636403 0
518.2220457078819 22.94891373841808 0
696.8844617475637 74.01089045169167 0
416.6244647986088 8.482263977666836 0
110.2421756769002 17.89626319306188 0
642.8820915615364 70.69540174083869 0
635.1864331970881 82.0767925115116 0
618.6057096248481 82.03820113924399 0
598.9319137811513 88.29836979226907 0
590.5507340121296 74.68080715581998 0
304.9280042852198 7.433463916639589 0
134.3821760946986 15.54969675028165 0
130.6437813586526 19.51345466418925 0
993.4088027127332 94.2167610152167 0
394.8751531413556 8.765448277432817 0
125.8081228433175 16.22222477037579 0
119.7307047080467 19.99545265009476 0
119.8621060959629 24.45448557514582 0
74.50073552932659 0.9712790923050484 0
480.4598676154681 9.096467117326181 0
24.24272945701054 3.676553990632783 0
119.5528017422666 16.78107602478671 0
181.2689583821634 34.71595069728757 0
617.2074950446245 66.35047273495395 0
113.5599364434855 17.88280807059329 0
567.8983842575072 61.14087921685616 0
165.9657588365553 4.80656670801844 0
540.4538610369181 9.815372165691819 0
217.6890251145502 21.46994041279657 0
189.1043782061067 6.356391641258766 0
186.0159840642701 8.080878973596649 0
40.05670146770277 16.76704958985457 0
117.7674246088575 5.781099680636014 0
903.3915650098245 13.16415652717735 0
89.41772141489105 29.13889695486162 0
101.8904830542622 43.24064313796273 0
910.246465373046 7.697432089310523 0
-6.200182377095421 6.932090670458137 0
388.2468723779936 5.710559024853203 0
490.7624216218708 5.776043314673739 0
204.684172894684 31.79191094215054 0
17.23060452168698 0.9674022999072822 0
727.6710455450993 10.69335064531266 0
74.57481535538949 0.3059266105666718 0
473.9829547208047 25.07438888794677 0
473.7809102558958 31.41327406309469 0
308.1514398692394 24.78239411686526 0
499.8922751609103 36.54620415904753 0
100.5442580768736 9.75528833322695 0
18.70056372653464 5.68166983597298 0
249.7941036046452 97.24738947682478 0
67.43397463868182 2.645470671066544 0
-61.03427183496555 9.935286544480576 0
524.1812315795069 70.68572116978689 0
514.6011883356467 83.21355572408903 0
458.6067532560616 30.21992476534465 0
116.0916587334374 21.1695721118374 0
20.28404424558094 13.27683464807919 0
499.5302333022776 63.43426511791814 0
-51.48073402332878 21.84880578351254 0
177.9231186117405 11.98713366410353 0
241.6759466614697 7.018346965670426 0
2.80742410823394 1.564996457871733 0
73.93296431770564 0.9467092465835446 0
75.1252674615382 0.3931187094126695 0
-78.62150137338503 5.790008239058517 0
661.274830679345 39.63038061989599 0
435.0552828404517 25.0726108700771 0
92.79015966183147 13.33450055914686 0
-0.03646745925614647 0.3016006128723887 0
75.4507287118668 4.714559095120527 0
65.5255561337014 0.5392205995401476 0
38.6800274481002 2.468069234055626 0
12.43712890694434 5.56460683686409 0
583.1183258225582 22.33213521831374 0
749.7603725760083 18.49249690851828 0
495.3915883757255 9.339946165888765 0
446.639625065462 26.40634690847172 0
73.33233691807891 1.642961971377515 0
786.8111918032677 11.43633610924165 0
197.4826702141474 6.296114614673248 0
173.6676984004953 4.670310228285328 0
1049.011097369486 36.3109113821956 0
632.8845139199398 98.6924199840158 0
110.9933987332929 4.516595606811487 0
157.3020716773466 4.658570227843606 0
72.69016886128723 0.4945096823663575 0
72.6522917723242 0.6958238353328805 0
71.67624891133993 6.134399504562221 0
1050.278478953097 70.89794064489593 0
79.08352960376202 8.497906208229416 0
444.4043954014178 62.20793407681979 0
74.81454803999225 0.3085103936115221 0
74.77858683015248 0.3805515965843125 0
74.87071242086601 0.3709045075284823 0
74.69104288246226 0.3586752438807691 0
744.3120785148491 112.20033906042 0
182.2819489546678 6.270876023299737 0
699.4552102995675 11.06918390853117 0
329.7280398796582 31.60718299602867 0
227.76642416001 6.922190282272832 0
464.2886039186995 128.4004364003837 0
317.8153710137231 22.35523939546303 0
74.10615772408005 0.4052454662801802 0
66.75978861124651 5.43214630491686 0
74.69249163632007 0.2951623030043404 0
115.0192668903449 4.583691439234833 0
-27.12415051366141 27.26525974826652 0
-13.1634978443874 6.637817338349291 0
0.8247822817361194 1.711611743958664 0
248.6582032754983 6.887260680484369 0
289.0087656426641 21.14003585602205 0
577.6159592357726 84.61983861319118 0
137.331211182767 22.53801893100857 0
205.2790755688948 4.876865179556105 0
0.262889653114684 0.3090799586795786 0
513.4467894442316 9.351190571292978 0
419.8071287104834 8.438134616209739 0
6.126539166558597 6.17807310506905 0
403.4886040000889 33.40010410543072 0
620.0068837925988 9.886955462352359 0
-76.14724546869527 5.684731010319359 0
96.18735170175565 5.358575173650781 0
439.5280288389512 8.606106294961238 0
444.1913839066984 12.13741872556558 0
73.0707834059956 0.4638874435099275 0
-86.69606035302583 8.682395725254061 0
18.08873766812183 0.9990170925363971 0
147.8008138204942 9.021869388166824 0
99.93035686926123 5.502621649284153 0
98.07112056613435 5.482990360204956 0
221.6838378365009 122.9869733695873 0
825.9085738426731 11.8688525669404 0
273.4317060694718 20.65279671554364 0
32.20818109963549 69.30718387825053 0
21.94683599525889 80.44310749160387 0
41.37053729566415 98.50848219725583 0
413.708484909011 64.74103191324643 0
1048.467498267212 89.94926853908223 0
-15.66882510170976 9.919252766435786 0
77.12718264430005 0.7494910439019444 0
102.7431358378984 5.501946166893726 0
47.23145033370173 24.8594719801214 0
935.1812585068997 20.71707339904578 0
-3.165178444103676 6.004075586366285 0
890.5565155523425 7.420485695819815 0
251.1342178273113 5.09235443807058 0
1.014904601180754 0.4383983245565261 0
256.7758205855722 28.42515793985135 0
252.1077418535197 30.65924577506231 0
130.6932433000858 8.600738155193119 0
61.28996915437725 2.415594561481246 0
211.4076759928465 8.5261403801622 0
403.1709585614428 8.681866486246669 0
58.36147347279967 21.71207335195463 0
143.5069235089235 26.6159024380066 0
15.59099685728933 5.426444868062315 0
72.08342301271988 1.702802439866526 0
360.7296087836755 7.927977753778188 0
-57.06270532828327 51.68484730533691 0
-48.00646349597505 55.91168927184815 0
1.76588304847772 0.5028472957674136 0
211.6642637507604 47.78874999831137 0
274.1050506807422 9.068946928215421 0
75.83188967806966 1.705136597292116 0
75.08677177305435 1.81203340676526 0
10.46335569353474 2.1139122679246 0
1.206782437276783 0.4911705036075341 0
636.9659210503752 30.60008448498202 0
216.4529015013837 6.669423392071867 0
218.7040490796113 8.455794296007877 0
353.5808209704763 120.9632487839559 0
6.065188129612324 0.8625305737250897 0
-28.56662988667216 7.237989490445056 0
433.9307034751207 8.993391322872991 0
85.5379806885465 12.40220962056184 0
42.0194575487883 49.34737039413193 0
77.65055569916726 2.432754643490674 0
771.2417408816481 6.74014921408198 0
704.8862611836989 43.59674105605026 0
101.3293286655137 4.40868196887978 0
134.5661155207948 5.718551005690609 0
76.59639787380944 1.722895633609101 0
76.62509653723735 2.134571846912477 0
44.71319580077225 3.670090976857857 0
229.6248462309661 21.15228618084347 0
70.18308582693069 3.828485647318154 0
74.86887432241181 0.2975734128060474 0
490.9807817313793 28.33168419384521 0
154.2140276826548 19.55922481997748 0
-68.22173699070704 8.276284505191386 0
400.4874298120647 26.74529417576798 0
1064.141419655479 22.14811621208626 0
75.35740729845628 0.4543085219731891 0
16.07564560044115 6.933256126548955 0
17.87190772490876 7.090534622829419 0
158.7547523159795 6.138361769779087 0
834.7176710529957 12.8270151025238 0
75.81967063868991 2.087501973642669 0
777.6318093468331 11.56154020895869 0
-37.06040556482935 7.283082228181038 0
16.7830627502292 1.647228300427906 0
271.6250027334216 9.240344611708743 0
-52.26633436539721 7.673718351728559 0
88.818576025344 9.879975226054627 0
74.98003183827142 0.2956175270195742 0
802.3577503178324 12.0488941715158 0
-32.75656618303596 7.644994331722441 0
294.3709606597485 7.510982882490969 0
46.64775443888124 6.516962560948643 0
11.84169687663469 1.409819969020784 0
151.8039451157969 5.918190532145742 0
696.0173648006386 31.23568212437761 0
507.1130899598443 9.289455249932853 0
559.3928875317536 29.62795992704707 0
424.2893105777678 70.032208441996 0
556.3690575415458 15.8872314436046 0
530.7050715135082 9.785445844170752 0
3.217184653404724 6.936367560644508 0
545.192811493009 9.179073279238844 0
72.12141725436445 0.3645763146459011 0
0.5920974498222762 1.327936285157292 0
59.10799845051964 7.742592336920518 0
556.9184824600252 9.212974183831378 0
24.73408908292848 2.35065350609468 0
811.1542346190163 76.7244916500497 0
56.2991153528576 1.370247007425395 0
14.46702855537869 13.14922709233275 0
800.1415567104006 25.69558235909942 0
592.8520294272219 9.856175316949679 0
674.0763766237766 6.794472551009134 0
10.22192984787284 87.63300479895483 0
74.80778041966212 0.4770224257350675 0
169.3255581055722 6.024067848662787 0
718.8443971602452 11.60194544536009 0
320.9468927070569 9.715009208463314 0
782.2755537765663 10.78401029349387 0
339.7421310874074 7.631757214340128 0
743.4458291143098 11.15150870983086 0
264.9638340235747 5.075160092124401 0
78.76520080544979 23.11451475028247 0
-1.116189174365655 2.170920502636553 0
710.9249668826553 10.35318822247274 0
546.9134002057607 29.1014851242487 0
305.0362425869682 86.49835596511589 0
425.33272984886 105.4244662821954 0
790.2370238460687 35.4455239169171 0
4.111000033264611 32.40078055372177 0
171.6833611801906 6.135950296006777 0
582.6447284771612 9.550285857033098 0
4.945066996233002 22.93265488490061 0
589.641591041657 9.587664204804458 0
0.4896746028958853 5.985631693687979 0
-0.5127209228039585 7.627315828891659 0
-22.27768927020571 7.142128192527942 0
94.07009083142948 6.35931606144465 0
534.1498066728133 86.34767515063308 0
-92.98443666559703 16.18498137631921 0
185.9680433284686 46.35141622302454 0
613.1266577643767 38.73510469615147 0
370.7106825504427 7.85863819173839 0
537.2762245516777 9.108239665105677 0
73.62423247752298 1.363623300669355 0
878.9602217860734 75.76877541063179 0
9.346849731155036 5.637033969334711 0
0.3261338837804471 2.37549703573179 0
406.2995191064193 8.059852984298514 0
596.3395293176591 9.398680537945387 0
847.9421467079627 28.66446592075161 0
447.7362551819436 8.286102582484071 0
235.6509781222532 6.88251339130646 0
60.58822867504891 1.874277593310773 0
411.2355806579562 8.479246206348284 0
483.503863235389 8.560914588709457 0
784.3803577427609 77.08131252525261 0
58.65305620955443 10.50437142074238 0
382.8352170993024 8.176105415692977 0
381.2468991088554 10.7725105690773 0
222.68372590471 6.49070085407438 0
299.130668975948 6.924561286894224 0
255.0725664328988 13.5020417053552 0
567.701211701832 5.921111736341743 0
69.04000792914563 1.133679484346973 0
132.6373511281771 6.886402877092184 0
270.8686304141355 7.179789691251936 0
442.2993091747752 8.898743913412495 0
758.4396426433404 29.0808288031747 0
285.9780217302629 7.35455122192482 0
4.27704741404532 0.4504195367931397 0
873.5465233736224 28.37268696576585 0
2.31688773429254 2.036357153920986 0
184.9898151527402 6.386245870420376 0
322.7994365291584 7.642980815216591 0
-18.90701602443017 7.208396058839928 0
80.59460803837992 1.231995894283334 0
302.9980352624494 7.033071071275342 0
219.6776835802824 6.690025000290778 0
201.8213246032512 6.264036137239238 0
48.82413666147667 1.654518999157078 0
60.25335056726784 1.205362954027275 0
297.2051620996574 7.32602321355678 0
899.0989633130226 28.30687448841998 0
605.0976760593793 6.009530649468251 0
821.8731965504849 29.17022416855882 0
-14.76525973585553 7.276142930793545 0
196.1059549408782 6.177184280986159 0
54.32298797425251 19.41827393910219 0
245.4863281721258 6.868101763802256 0
668.875769595433 71.34864684053183 0
180.9891103807398 6.190099759182496 0
130.1063292081911 5.639244179235152 0
190.5207720348226 6.109757233473527 0
193.3038095619546 6.13197092880554 0
187.8312038035683 6.108287792937581 0
3.546984092795449 1.011988276858937 0
3.845339841641702 1.4746769818328 0
19.25184851009518 1.843410314855745 0
127.9951163326701 5.603126611730932 0
177.0047161212758 5.893081717581755 0
178.147689721702 6.022053975314529 0
566.4347949519502 101.2240257235106 0
642.4691267035369 10.76726027473364 0
183.6761591751464 6.084763999045835 0
221.2817696211388 6.668732534428436 0
104.6606664748131 5.426104080306293 0
103.8138602425633 17.97265212061847 0
153.0207188759893 5.828496521946405 0
87.56201849887009 5.343204941446168 0
125.8725891953852 5.581126430284775 0
121.6614092067666 5.562719065488262 0
66.57302589356941 24.01731695325351 0
64.28276106041663 0.9413320245814149 0
135.8922534558832 5.824193780495905 0
135.2246901905403 6.886956982178374 0
390.0158479110394 28.43994709700392 0
628.9388420985301 30.1724357578621 0
170.3988128056406 5.853675221570986 0
549.5731395404691 9.29050142843132 0
101.6792994586387 11.2237003219576 0
152.3614428540952 7.171699704410624 0
61.24385686637854 1.083890562636775 0
591.9631965525425 63.57984450042906 0
484.8714165774162 27.53413471483125 0
70.160034614849 0.612349327060249 0
123.778647641135 5.585854440978654 0
55.68098843682894 1.367578378907917 0
205.1167862016737 6.25607997754728 0
72.90097139330018 1.735096662430574 0
1.858629748244752 0.360068363913489 0
75.72653723310512 0.4861320905279949 0
94.48108500122923 5.363717443875785 0
344.9889979571579 13.86378740488117 0
54.30626486821537 2.393247132124985 0
332.7661817668451 10.86966691497664 0
75.75763054582607 0.6845135639408865 0
938.3657564328889 27.98647755159085 0
70.94877912907785 0.5778599278553328 0
98.95143917536564 5.322185270151806 0
75.60653700115812 0.4437098674597717 0
54.164927440638 3.712945692819869 0
97.08785455826373 5.261348715901377 0
665.8814206903929 11.08472152629606 0
401.3386412607132 17.54246301734786 0
11.04042772258037 1.306208007199678 0
988.681933575043 27.98183978941773 0
1.893878476922358 0.9021152329219136 0
314.8593707979541 7.312030211718008 0
636.6932988432161 6.401773373512397 0
907.6603772628729 122.6786066938558 0
42.20519845650495 20.12412258202319 0
162.9612922579274 6.032760124277904 0
161.6043257603876 5.804832679274117 0
34.28462591817836 5.440470921548687 0
233.1936906641683 12.26805598052988 0
195.8490840738583 43.57069021070541 0
42.26010382501121 9.172388329091316 0
277.1191736689589 6.8692597799286 0
157.5481915676479 18.6981724420083 0
1045.025765460892 13.6305717979992 0
1031.378669004761 130.374483837362 0
107.5302200980074 5.448158477917021 0
74.60296460286574 0.3810292155643911 0
11.39708674366048 75.72865289738682 0
739.4827828823871 76.17265475161628 0
885.5197808638358 61.77939634237099 0
715.9942299418103 15.09458914260055 0
69.32378314057189 5.477059470900268 0
613.0208949219165 14.75379999764614 0
58.61263081239434 1.246561093279379 0
58.08993160781158 1.226211038132418 0
2.719525981216815 0.5336909152860778 0
760.4829667996987 11.14171716890502 0
145.2530261247501 57.16619535614915 0
58.911647951128 25.88190683211696 0
562.7933365645928 9.426647477340079 0
82.69641615984663 23.66139034726821 0
476.3337505419098 8.438467540447506 0
74.33137855518852 0.3915871021692292 0
386.1653693995716 8.380751010241113 0
265.9444517586084 26.98103119883196 0
15.29292473437436 10.60571668615744 0
51.91200872992722 1.702307938152832 0
-67.58018545749644 14.19157631534247 0
67.44748717958471 6.536154647058537 0
229.87205159029 4.814710603116502 0
868.4950273021894 11.79228899715591 0
199.9733087578455 8.414896191642114 0
125.5497412875688 46.6853584359324 0
739.7377320814039 35.94491251749119 0
1014.626216298786 28.23786597937302 0
25.80000003141789 2.130498728683361 0
493.2539267216116 34.85652375798465 0
15.01101779355497 35.10790283689176 0
132.8080682241699 46.47687384289605 0
2.784144661908241 8.861785999866942 0
2.961010073688516 1.13121513258533 0
-0.5529978360251714 0.5575876964813417 0
188.8907824762278 14.91207427469508 0
323.4200824920812 32.1353107925199 0
-0.3971895357028202 0.5291035913291341 0
734.8133542696513 131.8088757901089 0
-29.93871700498742 23.24372720110124 0
854.9835590449744 11.99679465640158 0
-74.94399651461526 8.334531376190002 0
632.4793766023911 36.23686909097196 0
984.739071460418 13.30028504178606 0
89.76242899361378 5.427810686973315 0
77.16996356645654 2.822782081277956 0
59.77272974850456 1.123826070574729 0
510.2844051795308 28.61088775050673 0
71.7164983579558 0.7167033064720251 0
527.9980506541326 37.59370169524644 0
352.7528190319672 7.581150626109757 0
74.21981436417821 0.3861902402035947 0
106.4088913502239 9.228691431870601 0
68.38226150100179 2.219836298479357 0
287.5526612201041 9.337927917104771 0
62.60454249803909 1.02698215415225 0
43.03347840170147 23.49954925287096 0
54.3512922661601 1.535404155381108 0
358.211051653432 5.214262053758993 0
8.653778050516664 37.09058703123213 0
7.035252854872784 1.581092280224289 0
849.3507541329565 12.08853180958504 0
4.199874253567843 0.6963800030107102 0
-1.730106684397245 11.40500666156749 0
210.99537452001 6.548254761713352 0
68.2810316927528 0.752697071940945 0
924.3413157996094 61.60233648503853 0
282.0200495401527 6.79416553698292 0
72.302694979885 2.08294452215769 0
810.9422671382663 11.27438713804881 0
1040.998516617069 60.59164249271431 0
-49.35168920926475 26.0313835960636 0
214.6591822052465 104.9604021359713 0
470.6065089556719 11.98886758936684 0
146.7015994142857 6.005923838343221 0
91.02125877214772 12.54409362927372 0
244.3105252759933 11.53862460999806 0
328.8511520947778 7.324046541845219 0
377.6532553039069 7.762416203542792 0
244.6917728980031 23.67296405833826 0
167.3142463588898 12.77420192059595 0
-11.55498340111547 6.758496279478404 0
315.4444925410576 12.16093113250062 0
25.2903980383557 21.79038139115705 0
72.67789910285993 2.046819775731912 0
1059.840043312443 18.69165717249479 0
149.5474703716383 89.22478927751251 0
144.5628910230221 103.5990638915884 0
-57.60298435145454 62.22112720735767 0
269.8378364930934 11.09867406393356 0
461.9921511071223 37.3329564748006 0
12.4329441051888 1.379605334236725 0
110.8555110362387 5.361807789903573 0
-3.886311561561397 1.537837760179027 0
69.24890234878941 0.665688338264528 0
70.55779408916827 5.90189839729292 0
133.4276171970053 5.682300473953754 0
819.7478351136775 6.840852133365958 0
156.3420081202938 10.06963020919419 0
358.3301650466367 13.10477894103568 0
44.70281999492741 0.9299835135099789 0
-25.68130796708256 64.40622478712643 0
23.25687465769379 24.70869108686322 0
327.1129729692531 7.324342969406764 0
1059.361190590894 33.83160104867393 0
481.1081049697922 73.08423910931569 0
2.464524065137112 2.903217378165465 0
180.3841750021274 10.59732844904076 0
164.6981976200892 5.882162122299176 0
-0.2203833814540438 1.820058720071791 0
950.3453155087113 60.73879257694167 0
150.6346092000382 5.76832649133956 0
-71.40335201399201 15.89817410884665 0
556.8074027547132 85.99243110050649 0
1005.95519752785 108.6056414590288 0
64.84189028206971 0.8807884726848858 0
22.09544555921554 11.29051834826402 0
797.5090357606261 33.64397077214577 0
263.0810399943196 6.987339484670096 0
50.4830453379208 1.65526391043588 0
66.89152267225404 1.634761587676822 0
73.73848640901987 0.4131804637680606 0
602.5834521227856 106.3274985247947 0
-6.553539939593122 1.58446327936003 0
358.5964556047632 64.09963652216729 0
609.6834141135813 9.244392670145031 0
104.9682452806875 6.517953224110618 0
365.3585924752805 29.10188675808782 0
0.732775718288849 0.4037926439582251 0
2.267205227299693 10.96867846880192 0
249.2186752910375 78.24415760138459 0
108.5709711899537 20.97424531107179 0
839.5162667227291 77.41205897532916 0
-56.82454523459526 10.51350677975746 0
927.9686960361958 12.14129582531323 0
80.11765852994429 3.890821902760704 0
275.1921153213733 11.2500269011746 0
77.2736058977903 1.039678275475519 0
1060.573563833349 7.295256040647946 0
877.9315318548756 107.9178161344819 0
105.9961071289075 7.507651754022664 0
1039.171158551259 108.7643632572418 0
397.730161114558 7.891095158450206 0
139.0407064626291 5.651417304060144 0
198.8575281307153 6.08313365364284 0
-98.25135073032551 5.818254369407541 0
335.8076489609391 131.231950095435 0
-61.79061311550367 12.82270302477919 0
974.8615952381023 13.08174684004958 0
151.3224415674426 8.566445119790338 0
463.5663549073113 8.316202317110632 0
307.6623866314462 7.123365856512118 0
645.8946433125259 9.918471032877378 0
200.478216823486 36.93996248968078 0
182.0695452510195 52.80259686344169 0
650.1561654643992 85.23773431409394 0
133.4759545385897 23.24964961545743 0
133.9322005852753 8.077078677129858 0
3.37308311036134 1.982487326253541 0
5.790012549859279 2.398227228013107 0
18.49980356558592 1.662704546544901 0
677.1029968238499 10.7186047082814 0
617.1080000045938 9.678019108153661 0
73.35889031938888 0.5771313333453536 0
-57.24223976877757 7.060852314101393 0
66.93671475705108 0.8514412407299308 0
74.35765163949395 1.158190021062995 0
-70.23034365927518 9.913065103813315 0
-73.06843767915765 11.56116472615951 0
757.0855186459935 10.95286466564642 0
-2.244631381215351 7.331441240741782 0
54.06553145351447 11.84181883015533 0
73.3083033535306 0.4428096875766854 0
-19.26908809880943 104.1577045137527 0
633.1709382391418 6.035788588082733 0
60.00314942124683 2.353195185362883 0
363.6971193699583 12.94277586679567 0
-94.00593287420723 48.83272211241128 0
75.2850054440036 0.400141342197174 0
436.9373774540682 8.158372885808761 0
63.52397704040159 27.40200640431199 0
268.5784009179735 7.039564320099583 0
69.61455968934446 0.9362397611618374 0
69.48811767660422 1.224761679339651 0
81.46989041019646 2.19045927234969 0
81.48230075048782 2.892003945349558 0
166.8200687690319 9.222024827076293 0
114.4547188409196 7.202558138645215 0
-89.58209147701763 7.981850728649066 0
3.123683696658238 0.6414500726285576 0
793.1303591034716 6.587770280249901 0
72.96335646694126 0.4501070543435314 0
224.2502275127997 9.415769021198134 0
-79.91173027894534 7.633595322847937 0
212.8690952028602 4.689806304213329 0
622.472535916985 29.53064204329246 0
1071.747316696163 6.107071096837903 0
703.2391858513856 10.17114347937669 0
238.3782142788982 8.536391344609424 0
280.4731387097989 6.901321933661971 0
536.9149434629838 105.6956336631048 0
64.54314241611736 2.352345628781997 0
581.6395265590288 12.99079047508828 0
-0.1698943530452446 0.4123397510637457 0
684.8900473223823 36.94659945182151 0
75.77130345895227 0.8447462522318124 0
430.714781880522 29.44577615662036 0
2.12800108017014 0.5835373688575267 0
68.52882237849856 6.443792074360797 0
200.8729461157507 18.85454143618423 0
658.2855333122263 10.06178850566658 0
137.4555253155279 5.62086634313001 0
-6.84667567984828 3.636191917056657 0
79.90536438586113 10.45974771848018 0
30.08522727538767 2.616969172282094 0
3.268894017700147 5.466242867928866 0
950.8897302336396 12.6922560223825 0
-89.72840576549406 24.63465897366232 0
369.7169312460742 106.2978760505707 0
21.91872996482509 4.888532482439334 0
65.27752423574256 2.322613269750553 0
48.0707368692098 1.715378536246443 0
-48.74551157395278 102.4036702662542 0
82.25538496554887 3.184990395589702 0
524.1398326436142 9.304665457284347 0
428.3799426483052 8.436936407991423 0
-70.20490146715541 7.529286592779294 0
255.9617051406712 35.29249804988879 0
56.83507835995256 1.266637363657358 0
56.73188551712371 1.785113338937028 0
924.0918702379879 27.91579384762538 0
559.6213007695916 8.789193030063691 0
214.3732616637325 4.676479329740405 0
472.4322921044317 8.709853930539978 0
233.8889232247308 40.29709632741488 0
-3.436705773328082 3.200968699628406 0
69.54682228913973 4.413221562847945 0
72.94631075393237 4.159053565635555 0
120.5538388062585 54.00966458886315 0
843.7275070592869 11.53373122383586 0
351.9301324186453 56.21806298481687 0
222.4609247074807 8.135843486691501 0
126.9816733245322 19.21438878820549 0
0.1301052643566952 0.2942294167326204 0
-47.48054125175045 7.528983588207076 0
1012.805264940417 124.2322546071445 0
380.2811363724531 93.92920841866291 0
74.23876892100867 0.5762124723728044 0
963.3162236139633 28.19119692259554 0
70.95477688325778 7.167457685510356 0
58.74412403716146 1.868116520117902 0
71.26583626309439 0.8867821948773329 0
480.9214930774306 31.86128290162108 0
187.2671333360269 9.821926454736383 0
334.6050810561353 29.08999714240682 0
407.4798596905078 12.91431307907426 0
140.1606704281598 11.35830575358785 0
161.624809920842 22.45130787668746 0
43.14646692902805 1.906029319449787 0
129.7918660419184 117.4392597318335 0
852.0938877113601 15.9673782353467 0
75.29422879562011 0.5870404057059228 0
66.56039319449681 0.7804030569180732 0
-96.07965550747267 16.59790273136501 0
870.5484010198322 130.3340245298079 0
9.726765661057794 1.13248754060529 0
-59.95007149960946 5.084684109213232 0
78.08562740450817 1.355582598846904 0
65.34696317309971 0.8122688810996148 0
202.4912758546624 12.43104075151987 0
103.7799995501574 8.830869608003056 0
5.619552548800636 1.759864822391339 0
61.19078296152103 3.034624958003802 0
49.13902314555762 135.0059323830701 0
71.75794202156285 8.26762656881094 0
-33.74981888994664 116.5784640449066 0
6.749767924158562 2.424924918803887 0
293.0836639207415 27.18852837079994 0
-64.46333482980003 38.8627101220337 0
12.18657525885993 1.934025818779661 0
260.1116403416569 8.914950989466346 0
13.01557329918831 7.019030747010049 0
79.57876140475123 1.127619082356077 0
260.325125063721 117.3212654172254 0
132.3714837255108 5.57437399665037 0
969.6205084394974 73.47823172598898 0
103.7038536863099 5.296643208036451 0
385.9262866882993 12.37574437227945 0
576.0412995177502 9.148101292914072 0
-64.39153354025684 110.9747183231538 0
-95.29442542832028 26.06318352075841 0
71.74723859158892 0.5284231991110242 0
76.62920749724701 2.723901264530936 0
679.938274693603 16.11978359724399 0
420.5025721039153 18.16274132326091 0
34.83001657824544 3.98735941368857 0
71.66693004912821 0.9624177213552003 0
699.406223434102 14.79807935203636 0
751.5969810134961 25.46500363205637 0
217.5301344167104 10.17543286746208 0
-2.365087509402597 23.05729722434502 0
704.7257694054174 104.0324903117075 0
461.2325196645609 8.098470829058687 0
95.3224630328512 5.204261570588157 0
75.23090349532825 2.680306501945155 0
645.255432401595 30.87646640430115 0
65.43778158215652 1.77932826315456 0
0.08058132778016662 0.2943034538811353 0
176.2371527408048 33.73358562289291 0
364.701126816097 10.48997300649353 0
551.5864868852653 116.9888493448245 0
73.77653003582157 6.721274403431328 0
154.233108487895 5.826927630722246 0
28.05340300539165 2.435479155043772 0
798.1854814159051 100.8245229818883 0
992.9448528917972 75.74181141108777 0
-88.13250263836571 74.86514838358259 0
898.4131877808404 60.3815823549679 0
-94.32677024004668 8.226254357520334 0
1.038831841087459 3.018413569115043 0
617.4461848728996 116.8393684765972 0
247.0135796459179 6.476940124595614 0
-20.54572389944743 6.726675737602003 0
392.6835526716401 38.32488298748643 0
4.523979442089035 1.949435517951015 0
260.6943181117331 6.556870856257762 0
136.3265117837401 87.5303017771278 0
73.49438993141963 1.935058521832709 0
75.37198328001224 2.150543765141175 0
860.734978310071 11.82400362761607 0
75.21111610056023 0.3798007142434723 0
78.81382383966434 0.9173824220417299 0
350.8552300489278 7.409433815087967 0
37.3323198757757 2.338991781611188 0
0.1398550482160094 0.8128214540243215 0
76.64680711999164 6.050626067755876 0
242.9316661889168 31.87771118412253 0
1.403081681630946 7.486495203171991 0
344.2099414486392 7.613570016207081 0
376.8356193604067 14.02217193912637 0
3.199363170511727 0.8941572150267878 0
1.371441035557859 0.4590411610137433 0
2 4 0 84
8727
8728
8729
8730
8731
8732
8733
8734
8735
8736
8737
8738
8739
8740
8741
8742
8743
8744
8745
8746
8747
8748
8749
8750
8751
8752
8753
8754
8755
8756
8757
8758
8759
8760
8761
8762
8763
8764
8765
8766
8767
8768
8769
8770
8771
8772
8773
8774
8775
8776
8777
8778
8779
8780
8781
8782
8783
8784
8785
8786
8787
8788
8789
8790
8791
8792
8793
8794
8795
8796
8797
8798
8799
8800
8801
8802
8803
8804
8805
8806
8807
8808
8809
8810
-9.719039612037921 0.6089743698635423 0
-11.4554432672083 0.6089743698635425 0
-13.20938635390576 0.6089743698635426 0
-14.98104603324309 0.6089743698635424 0
-16.77060126812385 0.6089743698635424 0
-18.57823281813606 0.6089743698635424 0
-20.40412326888406 0.6089743698635424 0
-22.24845706228903 0.6089743698635424 0
-24.11142049245036 0.6089743698635424 0
-25.99320172935012 0.6089743698635424 0
-27.89399085690435 0.6089743698635424 0
-29.81397987714774 0.6089743698635421 0
-31.7533627211956 0.6089743698635424 0
-33.7123352884874 0.6089743698635424 0
-35.69109545893041 0.6089743698635425 0
-37.68984310522756 0.6089743698635423 0
-39.70878012633915 0.6089743698635423 0
-41.74811045400075 0.6089743698635424 0
-43.80804007294434 0.6089743698635424 0
-45.88877706268671 0.6089743698635423 0
-47.99053159833917 0.6089743698635424 0
-50.11351597905517 0.6089743698635424 0
-52.25794465050966 0.6089743698635425 0
-54.42403421355375 0.6089743698635424 0
-56.61200346797406 0.6089743698635424 0
-58.822073422496 0.6089743698635424 0
-61.05446731159503 0.6089743698635424 0
-63.30941063383505 0.6089743698635424 0
-65.58713116303223 0.6089743698635424 0
-67.88785897351963 0.6089743698635424 0
-70.2118264591593 0.6089743698635424 0
-72.55926835941875 0.6089743698635424 0
-74.93042179319056 0.6089743698635424 0
-77.32552627224484 0.6089743698635424 0
-79.74482372890807 0.6089743698635424 0
-82.1885585374479 0.6089743698635424 0
-84.65697753578266 0.6089743698635424 0
-87.15033005468914 0.6089743698635424 0
-89.66886795439586 0.6089743698635424 0
-92.21284563433377 0.6089743698635424 0
-94.78252005661764 0.6089743698635424 0
-97.37815078444656 0.6089743698635424 0
-9.719039612037921 1.50641026471989 0
-11.4554432672083 1.50641026471989 0
-13.20938635390576 1.50641026471989 0
-14.98104603324309 1.50641026471989 0
-16.77060126812385 1.50641026471989 0
-18.57823281813606 1.50641026471989 0
-20.40412326888406 1.50641026471989 0
-22.24845706228903 1.50641026471989 0
-24.11142049245036 1.50641026471989 0
-25.99320172935012 1.50641026471989 0
-27.89399085690435 1.50641026471989 0
-29.81397987714775 1.50641026471989 0
-31.7533627211956 1.50641026471989 0
-33.7123352884874 1.50641026471989 0
-35.69109545893041 1.50641026471989 0
-37.68984310522757 1.50641026471989 0
-39.70878012633915 1.50641026471989 0
-41.74811045400076 1.50641026471989 0
-43.80804007294434 1.50641026471989 0
-45.88877706268671 1.50641026471989 0
-47.99053159833918 1.50641026471989 0
-50.11351597905515 1.50641026471989 0
-52.25794465050966 1.50641026471989 0
-54.42403421355375 1.50641026471989 0
-56.61200346797406 1.50641026471989 0
-58.822073422496 1.50641026471989 0
-61.05446731159503 1.50641026471989 0
-63.30941063383504 1.50641026471989 0
-65.58713116303224 1.50641026471989 0
-67.88785897351963 1.50641026471989 0
-70.21182645915931 1.50641026471989 0
-72.55926835941875 1.50641026471989 0
-74.93042179319056 1.50641026471989 0
-77.32552627224484 1.50641026471989 0
-79.74482372890809 1.50641026471989 0
-82.1885585374479 1.50641026471989 0
-84.65697753578264 1.50641026471989 0
-87.15033005468914 1.50641026471989 0
-89.66886795439588 1.50641026471989 0
-92.21284563433376 1.50641026471989 0
-94.78252005661764 1.50641026471989 0
-97.37815078444653 1.50641026471989 0
2 5 0 766
8811
8812
8813
8814
8815
8816
8817
8818
8819
8820
8821
8822
8823
8824
8825
8826
8827
8828
8829
8830
8831
8832
8833
8834
8835
8836
8837
8838
8839
8840
8841
8842
8843
8844
8845
8846
8847
8848
8849
8850
8851
8852
8853
8854
8855
8856
8857
8858
8859
8860
8861
8862
8863
8864
8865
8866
8867
8868
8869
8870
8871
8872
8873
8874
8875
8876
8877
8878
8879
8880
8881
8882
8883
8884
8885
8886
8887
8888
8889
8890
8891
8892
8893
8894
8895
8896
8897
8898
8899
8900
8901
8902
8903
8904
8905
8906
8907
8908
8909
8910
8911
8912
8913
8914
8915
8916
8917
8918
8919
8920
8921
8922
8923
8924
8925
8926
8927
8928
8929
8930
8931
8932
8933
8934
8935
8936
8937
8938
8939
8940
8941
8942
8943
8944
8945
8946
8947
8948
8949
8950
8951
8952
8953
8954
8955
8956
8957
8958
8959
8960
8961
8962
8963
8964
8965
8966
8967
8968
8969
8970
8971
8972
8973
8974
8975
8976
8977
8978
8979
8980
8981
8982
8983
8984
8985
8986
8987
8988
8989
8990
8991
8992
8993
8994
8995
8996
8997
8998
8999
9000
9001
9002
9003
9004
9005
9006
9007
9008
9009
9010
9011
9012
9013
9014
9015
9016
9017
9018
9019
9020
9021
9022
9023
9024
9025
9026
9027
9028
9029
9030
9031
9032
9033
9034
9035
9036
9037
9038
9039
9040
9041
9042
9043
9044
9045
9046
9047
9048
9049
9050
9051
9052
9053
9054
9055
9056
9057
9058
9059
9060
9061
9062
9063
9064
9065
9066
9067
9068
9069
9070
9071
9072
9073
9074
9075
9076
9077
9078
9079
9080
9081
9082
9083
9084
9085
9086
9087
9088
9089
9090
9091
9092
9093
9094
9095
9096
9097
9098
9099
9100
9101
9102
9103
9104
9105
9106
9107
9108
9109
9110
9111
9112
9113
9114
9115
9116
9117
9118
9119
9120
9121
9122
9123
9124
9125
9126
9127
9128
9129
9130
9131
9132
9133
9134
9135
9136
9137
9138
9139
9140
9141
9142
9143
9144
9145
9146
9147
9148
9149
9150
9151
9152
9153
9154
9155
9156
9157
9158
9159
9160
9161
9162
9163
9164
9165
9166
9167
9168
9169
9170
9171
9172
9173
9174
9175
9176
9177
9178
9179
9180
9181
9182
9183
9184
9185
9186
9187
9188
9189
9190
9191
9192
9193
9194
9195
9196
9197
9198
9199
9200
9201
9202
9203
9204
9205
9206
9207
9208
9209
9210
9211
9212
9213
9214
9215
9216
9217
9218
9219
9220
9221
9222
9223
9224
9225
9226
9227
9228
9229
9230
9231
9232
9233
9234
9235
9236
9237
9238
9239
9240
9241
9242
9243
9244
9245
9246
9247
9248
9249
9250
9251
9252
9253
9254
9255
9256
9257
9258
9259
9260
9261
9262
9263
9264
9265
9266
9267
9268
9269
9270
9271
9272
9273
9274
9275
9276
9277
9278
9279
9280
9281
9282
9283
9284
9285
9286
9287
9288
9289
9290
9291
9292
9293
9294
9295
9296
9297
9298
9299
9300
9301
9302
9303
9304
9305
9306
9307
9308
9309
9310
9311
9312
9313
9314
9315
9316
9317
9318
9319
9320
9321
9322
9323
9324
9325
9326
9327
9328
9329
9330
9331
9332
9333
9334
9335
9336
9337
9338
9339
9340
9341
9342
9343
9344
9345
9346
9347
9348
9349
9350
9351
9352
9353
9354
9355
9356
9357
9358
9359
9360
9361
9362
9363
9364
9365
9366
9367
9368
9369
9370
9371
9372
9373
9374
9375
9376
9377
9378
9379
9380
9381
9382
9383
9384
9385
9386
9387
9388
9389
9390
9391
9392
9393
9394
9395
9396
9397
9398
9399
9400
9401
9402
9403
9404
9405
9406
9407
9408
9409
9410
9411
9412
9413
9414
9415
9416
9417
9418
9419
9420
9421
9422
9423
9424
9425
9426
9427
9428
9429
9430
9431
9432
9433
9434
9435
9436
9437
9438
9439
9440
9441
9442
9443
9444
9445
9446
9447
9448
9449
9450
9451
9452
9453
9454
9455
9456
9457
9458
9459
9460
9461
9462
9463
9464
9465
9466
9467
9468
9469
9470
9471
9472
9473
9474
9475
9476
9477
9478
9479
9480
9481
9482
9483
9484
9485
9486
9487
9488
9489
9490
9491
9492
9493
9494
9495
9496
9497
9498
9499
9500
9501
9502
9503
9504
9505
9506
9507
9508
9509
9510
9511
9512
9513
9514
9515
9516
9517
9518
9519
9520
9521
9522
9523
9524
9525
9526
9527
9528
9529
9530
9531
9532
9533
9534
9535
9536
9537
9538
9539
9540
9541
9542
9543
9544
9545
9546
9547
9548
9549
9550
9551
9552
9553
9554
9555
9556
9557
9558
9559
9560
9561
9562
9563
9564
9565
9566
9567
9568
9569
9570
9571
9572
9573
9574
9575
9576
1069.192699864808 0.6089743686783062 0
1063.414436198488 0.6089743686852505 0
1057.665063862257 0.6089743686921604 0
1051.944438390978 0.6089743686990355 0
1046.252416060449 0.6089743687058763 0
1040.588853842488 0.6089743687126828 0
1034.953609435661 0.6089743687194558 0
1029.346541257157 0.6089743687261946 0
1023.76750839952 0.6089743687328997 0
1018.2163706971 0.6089743687395709 0
1012.692988682153 0.6089743687462092 0
1007.197223577668 0.6089743687528141 0
1001.728937290621 0.608974368759386 0
996.287992441961 0.6089743687659251 0
990.874252322544 0.6089743687724315 0
985.4875809235917 0.6089743687789055 0
980.127842892363 0.6089743687853471 0
974.7949035260363 0.608974368791756 0
969.4886288386266 0.6089743687981334 0
964.2088855171778 0.6089743688044791 0
958.9555409150574 0.6089743688107927 0
953.7284630452993 0.6089743688170745 0
948.5275205740023 0.6089743688233251 0
943.3525828137648 0.6089743688295446 0
938.2035197542306 0.608974368835733 0
933.0802020182109 0.6089743688418903 0
927.9825008556453 0.6089743688480169 0
922.9102882109659 0.6089743688541129 0
917.8634366423217 0.6089743688601783 0
912.8418193156791 0.6089743688662135 0
907.8453100723383 0.6089743688722183 0
902.8737833853411 0.6089743688781932 0
897.9271143163044 0.6089743688841385 0
893.0051785834438 0.6089743688900537 0
888.1078525548038 0.6089743688959394 0
883.2350131681843 0.6089743689017956 0
878.3865379622571 0.6089743689076228 0
873.5623051073508 0.6089743689134206 0
868.7621934362937 0.6089743689191895 0
863.986082326731 0.6089743689249297 0
859.2338517702136 0.6089743689306409 0
854.5053823650132 0.6089743689363237 0
849.8005553112039 0.6089743689419783 0
845.1192524035685 0.6089743689476045 0
840.4613559897175 0.6089743689532026 0
835.8267490746043 0.6089743689587722 0
831.2153152035271 0.6089743689643146 0
826.626938493741 0.608974368969829 0
822.0615036653754 0.6089743689753159 0
817.518895998664 0.6089743689807754 0
812.9990013653177 0.6089743689862075 0
808.501706222524 0.6089743689916124 0
804.0268975703076 0.6089743689969905 0
799.5744629459875 0.6089743690023415 0
795.1442904927638 0.6089743690076659 0
790.7362689164711 0.6089743690129635 0
786.350287443479 0.6089743690182348 0
781.9862358519958 0.6089743690234793 0
777.644004503775 0.6089743690286981 0
773.3234843380815 0.6089743690338907 0
769.0245667923474 0.6089743690390572 0
764.7471438340044 0.608974369044198 0
760.4911079919888 0.6089743690493132 0
756.2563523141962 0.6089743690544027 0
752.0427703994368 0.6089743690594666 0
747.8502563916437 0.6089743690645052 0
743.6787049748668 0.6089743690695185 0
739.5280113305107 0.608974369074507 0
735.3980711327774 0.6089743690794707 0
731.288780617134 0.6089743690844093 0
727.2000365750794 0.6089743690893233 0
723.1317362745053 0.6089743690942125 0
719.0837774552957 0.6089743690990775 0
715.0560584349828 0.6089743691039182 0
711.048478029224 0.6089743691087346 0
707.0609355100951 0.6089743691135272 0
703.0933306751921 0.6089743691182954 0
699.1455638793576 0.60897436912304 0
695.2175359182511 0.6089743691277609 0
691.3091480983127 0.6089743691324581 0
687.420302230808 0.6089743691371315 0
683.5509005907199 0.6089743691417822 0
679.7008459482898 0.6089743691464091 0
675.8700415646599 0.6089743691510131 0
672.058391223486 0.6089743691555941 0
668.265799152186 0.6089743691601524 0
664.4921700173259 0.6089743691646874 0
660.7374089941255 0.6089743691691999 0
657.0014217982191 0.6089743691736899 0
653.2841145696315 0.6089743691781576 0
649.5853938686711 0.6089743691826028 0
645.9051667452151 0.608974369187026 0
642.2433407709798 0.6089743691914269 0
638.5998239232648 0.6089743691958056 0
634.9745246554558 0.6089743692001626 0
631.3673518912371 0.608974369204498 0
627.7782149840251 0.6089743692088114 0
624.2070237857125 0.6089743692131033 0
620.653688531331 0.6089743692173738 0
617.118119946029 0.6089743692216231 0
613.6002292027806 0.6089743692258509 0
610.0999279186592 0.6089743692300578 0
606.6171281496646 0.6089743692342432 0
603.1517423500146 0.6089743692384084 0
599.7036834785464 0.608974369242552 0
596.2728649199204 0.6089743692466756 0
592.8592004436392 0.608974369250778 0
589.4626042738735 0.6089743692548601 0
586.0829910848558 0.6089743692589219 0
582.7202759596256 0.6089743692629634 0
579.3743744229097 0.6089743692669847 0
576.0452023995558 0.6089743692709856 0
572.7326762478513 0.6089743692749666 0
569.4367127547057 0.608974369278928 0
566.1572290578496 0.6089743692828693 0
562.8941427530287 0.6089743692867911 0
559.6473718892147 0.6089743692906933 0
556.4168348905879 0.6089743692945757 0
553.2024505896607 0.6089743692984387 0
550.0041382230171 0.6089743693022825 0
546.8218173904028 0.6089743693061072 0
543.6554081620424 0.6089743693099128 0
540.5048309996267 0.6089743693136992 0
537.3700067162451 0.6089743693174666 0
534.2508565459958 0.6089743693212155 0
531.1473021032306 0.6089743693249453 0
528.0592654526006 0.6089743693286567 0
524.9866689935184 0.6089743693323493 0
521.929435494334 0.6089743693360236 0
518.8874881617193 0.6089743693396795 0
515.8607505630135 0.6089743693433174 0
512.849146659368 0.6089743693469367 0
509.8526007648322 0.6089743693505381 0
506.8710376169469 0.6089743693541212 0
503.9043822981062 0.6089743693576867 0
500.9525602328867 0.6089743693612344 0
498.015497294679 0.6089743693647642 0
495.0931196908122 0.6089743693682763 0
492.1853539592216 0.608974369371771 0
489.2921270388632 0.6089743693752483 0
486.4133662656947 0.608974369378708 0
483.5489992949563 0.6089743693821505 0
480.6989541349961 0.6089743693855758 0
477.8631592174246 0.608974369388984 0
475.041543282061 0.608974369392375 0
472.2340354112102 0.6089743693957492 0
469.4405650995262 0.6089743693991065 0
466.6610621394126 0.608974369402447 0
463.895456692054 0.6089743694057705 0
461.1436792832649 0.6089743694090779 0
458.4056607634348 0.6089743694123686 0
455.6813323408491 0.6089743694156425 0
452.9706255413129 0.6089743694189005 0
450.2734722789433 0.6089743694221418 0
447.5898047780547 0.6089743694253672 0
444.9195556076986 0.6089743694285765 0
442.2626576773229 0.6089743694317697 0
439.6190442343158 0.6089743694349468 0
436.9886488597156 0.6089743694381082 0
434.371405465805 0.6089743694412537 0
431.7672482918709 0.6089743694443832 0
429.1761119018494 0.6089743694474973 0
426.5979312171818 0.608974369450596 0
424.0326414400434 0.6089743694536791 0
421.4801780869915 0.6089743694567467 0
418.9404770230127 0.6089743694597989 0
416.4134744948485 0.6089743694628359 0
413.8991069794839 0.6089743694658577 0
411.3973112931027 0.6089743694688644 0
408.9080245866961 0.6089743694718563 0
406.4311843068788 0.608974369474833 0
403.9667282289628 0.6089743694777947 0
401.5145944174485 0.6089743694807419 0
399.0747212965665 0.6089743694836741 0
396.6470475730241 0.6089743694865919 0
394.2315121961954 0.6089743694894949 0
391.8280544665205 0.6089743694923835 0
389.4366140316744 0.6089743694952575 0
387.0571308097774 0.6089743694981173 0
384.6895450233995 0.6089743695009628 0
382.3337971594921 0.6089743695037938 0
379.9898280408552 0.6089743695066109 0
377.6575787853725 0.6089743695094141 0
375.336990766752 0.6089743695122029 0
373.0280056853185 0.6089743695149779 0
370.7305655280566 0.6089743695177392 0
368.4446125657237 0.6089743695204863 0
366.1700893499838 0.6089743695232199 0
363.9069387476114 0.60897436952594 0
361.6551039002507 0.6089743695286463 0
359.414528221987 0.608974369531339 0
357.185155433243 0.6089743695340184 0
354.9669295209744 0.6089743695366843 0
352.7597947359328 0.608974369539337 0
350.5636956269977 0.6089743695419761 0
348.3785770010634 0.6089743695446023 0
346.2043839577835 0.6089743695472153 0
344.0410618861762 0.6089743695498153 0
341.8885564253158 0.6089743695524024 0
339.7468134983974 0.6089743695549763 0
337.6157792730988 0.6089743695575374 0
335.495400233104 0.6089743695600858 0
333.385623100716 0.6089743695626212 0
331.2863948350696 0.6089743695651444 0
329.1976627029717 0.6089743695676546 0
327.1193742393662 0.6089743695701524 0
325.0514772444906 0.6089743695726375 0
322.9939197443787 0.6089743695751103 0
320.9466500254789 0.6089743695775709 0
318.9096166318686 0.6089743695800192 0
316.8827683999118 0.608974369582455 0
314.8660544180955 0.6089743695848788 0
312.8594239880017 0.6089743695872903 0
310.8628266956962 0.6089743695896899 0
308.8762124090424 0.6089743695920774 0
306.8995312009411 0.6089743695944532 0
304.9327333844702 0.6089743695968168 0
302.9757695839806 0.6089743695991687 0
301.0285906213423 0.6089743696015091 0
299.0911475511439 0.6089743696038374 0
297.1633916947938 0.6089743696061541 0
295.2452746012888 0.6089743696084595 0
293.3367480817249 0.6089743696107532 0
291.4377642067794 0.6089743696130356 0
289.5482752671628 0.6089743696153065 0
287.6682337715081 0.608974369617566 0
285.7975924809548 0.608974369619814 0
283.9363043696529 0.6089743696220511 0
282.0843226968025 0.6089743696242769 0
280.2416009664514 0.6089743696264913 0
278.4080928517513 0.6089743696286948 0
276.5837522666767 0.6089743696308876 0
274.7685333636654 0.6089743696330692 0
272.9623905312782 0.6089743696352399 0
271.1652784289223 0.6089743696373996 0
269.3771519100795 0.6089743696395487 0
267.5979660207597 0.6089743696416869 0
265.8276760709524 0.6089743696438145 0
264.0662375582749 0.6089743696459314 0
262.3136062402018 0.6089743696480377 0
260.5697380940517 0.6089743696501337 0
258.8345892784784 0.6089743696522192 0
257.1081162050054 0.608974369654294 0
255.3902754988059 0.6089743696563585 0
253.6810239965484 0.6089743696584127 0
251.9803187442576 0.6089743696604566 0
250.2881169951895 0.6089743696624905 0
248.6043762447742 0.6089743696645139 0
246.9290542281522 0.6089743696665275 0
245.2621088440068 0.6089743696685309 0
243.6034981899239 0.6089743696705241 0
241.9531805599778 0.6089743696725075 0
240.3111145171684 0.6089743696744809 0
238.6772588162032 0.6089743696764446 0
237.0515723655678 0.6089743696783987 0
235.4340143359439 0.6089743696803425 0
233.8245441211981 0.6089743696822769 0
232.2231212619676 0.6089743696842016 0
230.6297055185629 0.6089743696861164 0
229.0442568679353 0.6089743696880221 0
227.4667354284205 0.6089743696899178 0
225.897101605669 0.6089743696918044 0
224.3353159788873 0.6089743696936813 0
222.7813392626753 0.608974369695549 0
221.2351324159537 0.6089743696974071 0
219.6966566027148 0.6089743696992561 0
218.1658731902095 0.6089743697010961 0
216.6427437097295 0.6089743697029266 0
215.1272298551935 0.6089743697047478 0
213.6192935550997 0.60897436970656 0
212.1188969333502 0.6089743697083633 0
210.6260023075106 0.6089743697101577 0
209.1405721496641 0.608974369711943 0
207.6625691221157 0.6089743697137191 0
206.1919561119969 0.6089743697154865 0
204.7286961925373 0.6089743697172452 0
203.2727525839746 0.6089743697189951 0
201.8240886893129 0.6089743697207359 0
200.3826681289856 0.6089743697224683 0
198.9484546651315 0.6089743697241918 0
197.5214122370261 0.608974369725907 0
196.1015050332022 0.6089743697276135 0
194.6886973779783 0.6089743697293114 0
193.2829537306249 0.6089743697310011 0
191.8842387942029 0.6089743697326819 0
190.4925174395493 0.6089743697343546 0
189.1077547037424 0.6089743697360188 0
187.7299157882095 0.6089743697376748 0
186.3589660572179 0.6089743697393223 0
184.9948710730559 0.608974369740962 0
183.6375965571312 0.6089743697425931 0
182.2871084255497 0.6089743697442161 0
180.9433727498688 0.6089743697458309 0
179.6063557560258 0.6089743697474379 0
178.2760238592115 0.6089743697490368 0
176.9523436254049 0.6089743697506276 0
175.6352817695964 0.6089743697522102 0
174.3248051914416 0.6089743697537855 0
173.0208810101865 0.6089743697553527 0
171.7234764517861 0.6089743697569119 0
170.4325589220154 0.6089743697584633 0
169.148096004013 0.608974369760007 0
167.8700553832266 0.6089743697615427 0
166.5984049568648 0.6089743697630714 0
165.3331127948015 0.6089743697645918 0
164.0741471012332 0.6089743697661049 0
162.8214762500746 0.6089743697676103 0
161.5750687462684 0.6089743697691083 0
160.3348932615751 0.6089743697705988 0
159.10091866963 0.6089743697720819 0
157.8731139331969 0.6089743697735577 0
156.6514482144567 0.6089743697750258 0
155.4358908352651 0.6089743697764867 0
154.2264112396481 0.6089743697779403 0
153.0229790655944 0.6089743697793868 0
151.8255640327372 0.6089743697808256 0
150.6341360523312 0.6089743697822575 0
149.4486652249839 0.6089743697836824 0
148.2691217654201 0.6089743697851 0
147.0954760380265 0.6089743697865103 0
145.9276985183133 0.608974369787914 0
144.7657598658999 0.6089743697893104 0
143.6096309223028 0.6089743697906999 0
142.459282635756 0.6089743697920824 0
141.3146860968108 0.608974369793458 0
140.1758125369002 0.6089743697948269 0
139.0426333269136 0.6089743697961887 0
137.9151200128302 0.6089743697975438 0
136.7932442768965 0.6089743697988921 0
135.6769778995588 0.6089743698002337 0
134.5662928692224 0.6089743698015683 0
133.4611612689961 0.6089743698028964 0
132.3615553134928 0.608974369804218 0
131.2674473834125 0.608974369805533 0
130.178809987898 0.6089743698068413 0
129.0956157995095 0.6089743698081433 0
128.0178375791841 0.6089743698094388 0
126.9454482490204 0.6089743698107274 0
125.8784208535618 0.6089743698120097 0
124.8167285959269 0.6089743698132857 0
123.7603447987411 0.6089743698145553 0
122.7092429036121 0.6089743698158185 0
121.6633965432234 0.6089743698170755 0
120.622779428945 0.608974369818326 0
119.5873653870144 0.6089743698195706 0
118.5571284310311 0.6089743698208088 0
117.5320426492255 0.6089743698220407 0
116.5120822780877 0.6089743698232666 0
115.4972217371022 0.6089743698244862 0
114.4874355167893 0.6089743698256997 0
113.4826982145714 0.6089743698269073 0
112.4829845706513 0.6089743698281086 0
111.4882695035294 0.6089743698293041 0
110.4985280343858 0.6089743698304939 0
109.5137352492636 0.6089743698316773 0
108.5338664090789 0.6089743698328551 0
107.5588969107086 0.6089743698340266 0
106.5888022492014 0.6089743698351926 0
105.6235580903975 0.6089743698363528 0
104.6631401583215 0.6089743698375069 0
103.7075243089343 0.6089743698386554 0
102.7566865649897 0.6089743698397982 0
101.8106030041976 0.6089743698409353 0
100.8692498322597 0.6089743698420664 0
99.93260341849626 0.6089743698431921 0
99.00064025738786 0.6089743698443121 0
98.07333693049729 0.6089743698454269 0
97.15067010544749 0.6089743698465357 0
96.23261660900206 0.6089743698476389 0
95.31915338827081 0.6089743698487369 0
94.41025747303784 0.6089743698498291 0
93.50590604849799 0.6089743698509159 0
92.60607637981163 0.6089743698519975 0
91.71074584855421 0.6089743698530736 0
90.81989198805863 0.6089743698541441 0
89.93349240836864 0.6089743698552094 0
89.05152483234143 0.6089743698562693 0
88.17396709434023 0.6089743698573241 0
87.30079713930687 0.6089743698583734 0
86.43199302147077 0.6089743698594177 0
85.56753290343798 0.6089743698604565 0
84.70739509196441 0.6089743698614903 0
83.85155796259588 0.608974369862519 0
1069.192699864645 1.506410258793705 0
1063.414436198162 1.506410258828427 0
1057.665063861768 1.506410258862976 0
1051.944438390331 1.506410258897352 0
1046.252416059644 1.506410258931556 0
1040.588853841527 1.50641025896559 0
1034.953609434545 1.506410258999453 0
1029.346541255887 1.506410259033146 0
1023.767508398099 1.506410259066672 0
1018.216370695529 1.50641025910003 0
1012.692988680434 1.50641025913322 0
1007.197223575801 1.506410259166245 0
1001.728937288609 1.506410259199105 0
996.2879924398059 1.5064102592318 0
990.8742523202467 1.506410259264332 0
985.4875809211535 1.506410259296701 0
980.1278428897848 1.506410259328909 0
974.7949035233205 1.506410259360956 0
969.4886288357742 1.506410259392842 0
964.2088855141899 1.506410259424569 0
958.9555409119357 1.506410259456137 0
953.7284630420457 1.506410259487547 0
948.5275205706176 1.5064102595188 0
943.3525828102505 1.506410259549897 0
938.2035197505883 1.506410259580839 0
933.0802020144417 1.506410259611626 0
927.9825008517506 1.506410259642258 0
922.9102882069477 1.506410259672739 0
917.8634366381806 1.506410259703066 0
912.8418193114168 1.506410259733241 0
907.8453100679557 1.506410259763266 0
902.8737833808395 1.506410259793141 0
897.9271143116856 1.506410259822866 0
893.0051785787088 1.506410259852443 0
888.1078525499543 1.506410259881872 0
883.2350131632214 1.506410259911154 0
878.3865379571811 1.506410259940288 0
873.5623051021641 1.506410259969278 0
868.7621934309974 1.506410259998123 0
863.9860823213254 1.506410260026823 0
859.2338517647011 1.50641026005538 0
854.5053823593945 1.506410260083795 0
849.8005553054803 1.506410260112066 0
845.1192523977408 1.506410260140197 0
840.4613559837873 1.506410260168187 0
835.8267490685726 1.506410260196037 0
831.2153151973947 1.506410260223748 0
826.6269384875095 1.50641026025132 0
822.0615036590464 1.506410260278755 0
817.5188959922374 1.506410260306052 0
812.9990013587956 1.506410260333212 0
808.5017062159075 1.506410260360237 0
804.0268975635977 1.506410260387127 0
799.5744629391846 1.506410260413882 0
795.14429048587 1.506410260440504 0
790.7362689094867 1.506410260466993 0
786.3502874364057 1.506410260493348 0
781.986235844834 1.506410260519573 0
777.644004496526 1.506410260545666 0
773.3234843307465 1.506410260571629 0
769.0245667849273 1.506410260597462 0
764.7471438265005 1.506410260623166 0
760.4911079844021 1.50641026064874 0
756.2563523065272 1.506410260674188 0
752.042770391687 1.506410260699508 0
747.8502563838141 1.506410260724701 0
743.6787049669581 1.506410260749769 0
739.5280113225243 1.506410260774711 0
735.3980711247142 1.506410260799529 0
731.2887806089943 1.506410260824222 0
727.2000365668648 1.506410260848791 0
723.1317362662168 1.506410260873239 0
719.0837774469337 1.506410260897564 0
715.0560584265486 1.506410260921767 0
711.0484780207188 1.506410260945849 0
707.0609355015195 1.506410260969811 0
703.0933306665471 1.506410260993653 0
699.1455638706441 1.506410261017376 0
695.2175359094701 1.50641026104098 0
691.3091480894652 1.506410261064466 0
687.420302221895 1.506410261087835 0
683.5509005817419 1.506410261111086 0
679.7008459392476 1.506410261134222 0
675.8700415555544 1.506410261157242 0
672.0583912143179 1.506410261180147 0
668.2657991429562 1.506410261202937 0
664.4921700080354 1.506410261225614 0
660.7374089847752 1.506410261248176 0
657.0014217888099 1.506410261270626 0
653.2841145601643 1.506410261292964 0
649.5853938591464 1.50641026131519 0
645.9051667356339 1.506410261337305 0
642.2433407613431 1.50641026135931 0
638.5998239135727 1.506410261381204 0
634.9745246457097 1.506410261402989 0
631.3673518814379 1.506410261424665 0
627.7782149741736 1.506410261446233 0
624.207023775809 1.506410261467693 0
620.6536885213762 1.506410261489046 0
617.1181199360238 1.506410261510291 0
613.600229192726 1.506410261531431 0
610.0999279085563 1.506410261552464 0
606.6171281395136 1.506410261573393 0
603.1517423398162 1.506410261594217 0
599.7036834683015 1.506410261614937 0
596.2728649096298 1.506410261635553 0
592.8592004333032 1.506410261656066 0
589.4626042634929 1.506410261676478 0
586.0829910744316 1.506410261696786 0
582.7202759491583 1.506410261716993 0
579.3743744123997 1.506410261737099 0
576.0452023890042 1.506410261757105 0
572.7326762372588 1.50641026177701 0
569.4367127440883 1.506410261796816 0
566.1572290471769 1.506410261816523 0
562.8941427423172 1.506410261836131 0
559.647371878465 1.506410261855642 0
556.4168348798004 1.506410261875055 0
553.2024505788361 1.506410261894371 0
550.0041382121559 1.50641026191359 0
546.8218173795061 1.506410261932713 0
543.6554081511105 1.50641026195174 0
540.5048309886603 1.506410261970672 0
537.3700067052448 1.50641026198951 0
534.2508565349624 1.506410262008253 0
531.1473020921645 1.506410262026904 0
528.059265441502 1.50641026204546 0
524.9866689823887 1.506410262063923 0
521.9294354831736 1.506410262082295 0
518.8874881505284 1.506410262100574 0
515.860750551793 1.506410262118762 0
512.8491466481184 1.50641026213686 0
509.8526007535511 1.506410262154867 0
506.8710376056333 1.506410262172783 0
503.9043822867611 1.50641026219061 0
500.9525602215105 1.506410262208348 0
498.0154972832722 1.506410262225998 0
495.0931196793754 1.506410262243558 0
492.1853539477553 1.506410262261032 0
489.2921270273683 1.506410262278417 0
486.4133662541716 1.506410262295717 0
483.5489992834057 1.506410262312929 0
480.6989541234185 1.506410262330055 0
477.8631592058206 1.506410262347096 0
475.0415432704311 1.506410262364052 0
472.2340353995546 1.506410262380923 0
469.4405650878458 1.506410262397709 0
466.6610621277079 1.506410262414411 0
463.8954566803254 1.50641026243103 0
461.143679271513 1.506410262447566 0
458.4056607516605 1.506410262464019 0
455.6813323290525 1.50641026248039 0
452.9706255294945 1.506410262496679 0
450.2734722671038 1.506410262512887 0
447.5898047661946 1.506410262529013 0
444.9195555958182 1.506410262545059 0
442.2626576654229 1.506410262561025 0
439.6190442223967 1.506410262576911 0
436.9886488477778 1.506410262592717 0
434.3714054538488 1.506410262608445 0
431.7672482798973 1.506410262624094 0
429.1761118898582 1.506410262639664 0
426.5979312051742 1.506410262655157 0
424.0326414280193 1.506410262670572 0
421.4801780749516 1.50641026268591 0
418.9404770109574 1.506410262701172 0
416.4134744827784 1.506410262716357 0
413.8991069673993 1.506410262731466 0
411.3973112810039 1.506410262746499 0
408.9080245745839 1.506410262761458 0
406.4311842947532 1.506410262776342 0
403.9667282168244 1.506410262791151 0
401.5145944052983 1.506410262805887 0
399.0747212844042 1.506410262820548 0
396.6470475608504 1.506410262835136 0
394.2315121840104 1.506410262849651 0
391.828054454325 1.506410262864094 0
389.4366140194688 1.506410262878465 0
387.057130797562 1.506410262892764 0
384.6895450111746 1.506410262906991 0
382.3337971472583 1.506410262921147 0
379.9898280286128 1.506410262935232 0
377.6575787731218 1.506410262949247 0
375.3369907544936 1.506410262963192 0
373.0280056730523 1.506410262977067 0
370.7305655157836 1.506410262990873 0
368.4446125534439 1.506410263004609 0
366.1700893376978 1.506410263018277 0
363.9069387353194 1.506410263031877 0
361.655103887953 1.506410263045409 0
359.4145282096841 1.506410263058872 0
357.1851554209352 1.506410263072269 0
354.9669295086621 1.506410263085599 0
352.7597947236164 1.506410263098862 0
350.5636956146775 1.506410263112058 0
348.3785769887398 1.506410263125189 0
346.2043839454569 1.506410263138254 0
344.0410618738467 1.506410263151254 0
341.8885564129839 1.506410263164188 0
339.7468134860634 1.506410263177059 0
337.6157792607631 1.506410263189865 0
335.4954002207669 1.506410263202606 0
333.3856230883775 1.506410263215284 0
331.2863948227305 1.506410263227899 0
329.1976626906321 1.50641026324045 0
327.1193742270264 1.506410263252939 0
325.051477232151 1.506410263265365 0
322.9939197320397 1.50641026327773 0
320.9466500131405 1.506410263290032 0
318.9096166195313 1.506410263302272 0
316.8827683875758 1.506410263314452 0
314.8660544057612 1.506410263326571 0
312.8594239756694 1.506410263338629 0
310.8628266833661 1.506410263350627 0
308.8762123967148 1.506410263362565 0
306.8995311886163 1.506410263374443 0
304.9327333721484 1.506410263386262 0
302.9757695716622 1.506410263398022 0
301.0285906090276 1.506410263409723 0
299.0911475388332 1.506410263421365 0
297.1633916824872 1.506410263432949 0
295.2452745889865 1.506410263444475 0
293.3367480694274 1.506410263455944 0
291.437764194487 1.506410263467356 0
289.5482752548754 1.506410263478709 0
287.6682337592262 1.506410263490007 0
285.7975924686787 1.506410263501248 0
283.9363043573828 1.506410263512432 0
282.0843226845385 1.506410263523561 0
280.2416009541939 1.506410263534635 0
278.4080928395007 1.506410263545653 0
276.5837522544328 1.506410263556616 0
274.7685333514287 1.506410263567524 0
272.9623905190491 1.506410263578377 0
271.1652784167009 1.506410263589176 0
269.3771518978659 1.506410263599921 0
267.5979660085543 1.506410263610613 0
265.8276760587552 1.50641026362125 0
264.0662375460863 1.506410263631835 0
262.3136062280221 1.506410263642367 0
260.569738081881 1.506410263652846 0
258.8345892663169 1.506410263663273 0
257.1081161928532 1.506410263673647 0
255.3902754866634 1.50641026368397 0
253.6810239844158 1.506410263694242 0
251.9803187321351 1.506410263704461 0
250.2881169830773 1.50641026371463 0
248.6043762326723 1.506410263724748 0
246.9290542160609 1.506410263734815 0
245.2621088319264 1.506410263744832 0
243.6034981778546 1.506410263754799 0
241.9531805479196 1.506410263764716 0
240.3111145051218 1.506410263774583 0
238.6772588041682 1.506410263784401 0
237.0515723535445 1.506410263794171 0
235.4340143239325 1.506410263803891 0
233.8245441091989 1.506410263813562 0
232.2231212499808 1.506410263823185 0
230.6297055065886 1.50641026383276 0
229.0442568559737 1.506410263842288 0
227.4667354164718 1.506410263851767 0
225.8971015937332 1.5064102638612 0
224.3353159669648 1.506410263870584 0
222.7813392507663 1.506410263879923 0
221.2351324040582 1.506410263889214 0
219.6966565908331 1.506410263898459 0
218.1658731783417 1.506410263907658 0
216.6427436978757 1.50641026391681 0
215.1272298433538 1.506410263925917 0
213.6192935432742 1.506410263934979 0
212.1188969215393 1.506410263943995 0
210.6260022957143 1.506410263952966 0
209.1405721378825 1.506410263961892 0
207.6625691103491 1.506410263970773 0
206.191956100246 1.50641026397961 0
204.7286961808028 1.506410263988404 0
203.2727525722565 1.506410263997152 0
201.8240886776113 1.506410264005858 0
200.3826681173007 1.50641026401452 0
198.9484546534633 1.506410264023138 0
197.5214122253748 1.506410264031713 0
196.1015050215681 1.506410264040246 0
194.6886973663613 1.506410264048736 0
193.282953719025 1.506410264057183 0
191.8842387826205 1.506410264065588 0
190.4925174279844 1.506410264073951 0
189.1077546921952 1.506410264082272 0
187.7299157766801 1.506410264090552 0
186.3589660457063 1.50641026409879 0
184.9948710615623 1.506410264106987 0
183.6375965456557 1.506410264115143 0
182.2871084140923 1.506410264123259 0
180.9433727384297 1.506410264131333 0
179.6063557446051 1.506410264139367 0
178.2760238478092 1.506410264147362 0
176.9523436140211 1.506410264155316 0
175.6352817582314 1.50641026416323 0
174.3248051800955 1.506410264171106 0
173.0208809988592 1.506410264178941 0
171.7234764404777 1.506410264186737 0
170.4325589107261 1.506410264194494 0
169.1480959927428 1.506410264202213 0
167.8700553719756 1.506410264209893 0
166.5984049456331 1.506410264217535 0
165.3331127835892 1.506410264225138 0
164.0741470900404 1.506410264232703 0
162.8214762389014 1.506410264240231 0
161.5750687351149 1.50641026424772 0
160.3348932504413 1.506410264255173 0
159.1009186585162 1.506410264262588 0
157.8731139221027 1.506410264269966 0
156.6514482033826 1.506410264277307 0
155.4358908242111 1.506410264284612 0
154.2264112286142 1.50641026429188 0
153.0229790545807 1.506410264299112 0
151.825564021744 1.506410264306306 0
150.6341360413583 1.506410264313466 0
149.4486652140315 1.50641026432059 0
148.2691217544883 1.506410264327678 0
147.0954760271153 1.506410264334731 0
145.9276985074227 1.506410264341748 0
144.76575985503 1.50641026434873 0
143.6096309114536 1.506410264355678 0
142.4592826249277 1.50641026436259 0
141.3146860860034 1.506410264369468 0
140.1758125261138 1.506410264376312 0
139.0426333161482 1.506410264383121 0
137.9151200020858 1.506410264389897 0
136.7932442661734 1.506410264396638 0
135.676977888857 1.506410264403347 0
134.5662928585419 1.50641026441002 0
133.4611612583369 1.506410264416661 0
132.3615553028549 1.506410264423269 0
131.2674473727961 1.506410264429844 0
130.178809977303 1.506410264436386 0
129.0956157889361 1.506410264442894 0
128.0178375686322 1.506410264449371 0
126.9454482384901 1.506410264455815 0
125.8784208430532 1.506410264462227 0
124.81672858544 1.506410264468607 0
123.760344788276 1.506410264474955 0
122.7092428931688 1.506410264481272 0
121.663396532802 1.506410264487556 0
120.6227794185455 1.506410264493809 0
119.5873653766369 1.506410264500031 0
118.5571284206754 1.506410264506222 0
117.5320426388919 1.506410264512382 0
116.5120822677763 1.506410264518511 0
115.4972217268128 1.506410264524609 0
114.4874355065218 1.506410264530678 0
113.4826982043259 1.506410264536715 0
112.482984560428 1.506410264542723 0
111.4882694933284 1.5064102645487 0
110.498528024207 1.506410264554648 0
109.5137352391071 1.506410264560565 0
108.5338663989447 1.506410264566453 0
107.5588969005969 1.506410264572312 0
106.588802239112 1.506410264578142 0
105.6235580803306 1.506410264583942 0
104.6631401482771 1.506410264589713 0
103.7075242989123 1.506410264595456 0
102.7566865549903 1.506410264601169 0
101.8106029942208 1.506410264606855 0
100.8692498223053 1.506410264612512 0
99.93260340856449 1.50641026461814 0
99.00064024747871 1.50641026462374 0
98.0733369206107 1.506410264629312 0
97.15067009558356 1.506410264634856 0
96.23261659916075 1.506410264640374 0
95.31915337845226 1.506410264645863 0
94.41025746324198 1.506410264651324 0
93.50590603872487 1.506410264656759 0
92.60607637006123 1.506410264662166 0
91.71074583882654 1.506410264667546 0
90.81989197835378 1.506410264672899 0
89.93349239868654 1.506410264678226 0
89.0515248226821 1.506410264683526 0
88.17396708470369 1.506410264688799 0
87.30079712969317 1.506410264694046 0
86.4319930118799 1.506410264699267 0
85.56753289386997 1.506410264704461 0
84.70739508241931 1.50641026470963 0
83.85155795307364 1.506410264714773 0
$EndNodes
$Elements
22 13693 1 13693
1 1 1 43
1 1 26 
2 26 27 
3 27 28 
4 28 29 
5 29 30 
6 30 31 
7 31 32 
8 32 33 
9 33 34 
10 34 35 
11 35 36 
12 36 37 
13 37 38 
14 38 39 
15 39 40 
16 40 41 
17 41 42 
18 42 43 
19 43 44 
20 44 45 
21 45 46 
22 46 47 
23 47 48 
24 48 49 
25 49 50 
26 50 51 
27 51 52 
28 52 53 
29 53 54 
30 54 55 
31 55 56 
32 56 57 
33 57 58 
34 58 59 
35 59 60 
36 60 61 
37 61 62 
38 62 63 
39 63 64 
40 64 65 
41 65 66 
42 66 67 
43 67 18 
1 2 1 8
44 2 68 
45 68 69 
46 69 70 
47 70 71 
48 71 72 
49 72 73 
50 73 74 
51 74 15 
1 3 1 78
52 3 75 
53 75 76 
54 76 77 
55 77 78 
56 78 79 
57 79 80 
58 80 81 
59 81 82 
60 82 83 
61 83 84 
62 84 85 
63 85 86 
64 86 87 
65 87 88 
66 88 89 
67 89 90 
68 90 91 
69 91 92 
70 92 93 
71 93 94 
72 94 95 
73 95 96 
74 96 97 
75 97 98 
76 98 99 
77 99 100 
78 100 101 
79 101 102 
80 102 103 
81 103 104 
82 104 105 
83 105 106 
84 106 107 
85 107 108 
86 108 109 
87 109 110 
88 110 111 
89 111 112 
90 112 113 
91 113 114 
92 114 115 
93 115 116 
94 116 117 
95 117 118 
96 118 119 
97 119 120 
98 120 121 
99 121 122 
100 122 123 
101 123 124 
102 124 125 
103 125 126 
104 126 127 
105 127 128 
106 128 129 
107 129 130 
108 130 131 
109 131 132 
110 132 133 
111 133 134 
112 134 135 
113 135 136 
114 136 137 
115 137 138 
116 138 139 
117 139 140 
118 140 141 
119 141 142 
120 142 143 
121 143 144 
122 144 145 
123 145 146 
124 146 147 
125 147 148 
126 148 149 
127 149 150 
128 150 151 
129 151 16 
1 4 1 8
130 4 152 
131 152 153 
132 153 154 
133 154 155 
134 155 156 
135 156 157 
136 157 158 
137 158 17 
1 5 1 26
138 5 159 
139 159 160 
140 160 161 
141 161 162 
142 162 163 
143 163 164 
144 164 165 
145 165 166 
146 166 167 
147 167 168 
148 168 169 
149 169 170 
150 170 171 
151 171 172 
152 172 173 
153 173 174 
154 174 175 
155 175 176 
156 176 177 
157 177 178 
158 178 179 
159 179 180 
160 180 181 
161 181 182 
162 182 183 
163 183 20 
1 6 1 2
164 6 184 
165 184 7 
1 7 1 3
166 7 185 
167 185 186 
168 186 25 
1 8 1 36
169 8 187 
170 187 188 
171 188 189 
172 189 190 
173 190 191 
174 191 192 
175 192 193 
176 193 194 
177 194 195 
178 195 196 
179 196 197 
180 197 198 
181 198 199 
182 199 200 
183 200 201 
184 201 202 
185 202 203 
186 203 204 
187 204 205 
188 205 206 
189 206 207 
190 207 208 
191 208 209 
192 209 210 
193 210 211 
194 211 212 
195 212 213 
196 213 214 
197 214 215 
198 215 216 
199 216 217 
200 217 218 
201 218 219 
202 219 220 
203 220 221 
204 221 9 
1 9 1 11
205 9 222 
206 222 223 
207 223 224 
208 224 225 
209 225 226 
210 226 227 
211 227 228 
212 228 229 
213 229 230 
214 230 231 
215 231 22 
1 11 1 2
216 10 274 
217 274 1 
1 15 1 8
218 15 454 
219 454 455 
220 455 456 
221 456 457 
222 457 458 
223 458 459 
224 459 460 
225 460 3 
1 16 1 102
226 16 461 
227 461 462 
228 462 463 
229 463 464 
230 464 465 
231 465 466 
232 466 467 
233 467 468 
234 468 469 
235 469 470 
236 470 471 
237 471 472 
238 472 473 
239 473 474 
240 474 475 
241 475 476 
242 476 477 
243 477 478 
244 478 479 
245 479 480 
246 480 481 
247 481 482 
248 482 483 
249 483 484 
250 484 485 
251 485 486 
252 486 487 
253 487 488 
254 488 489 
255 489 490 
256 490 491 
257 491 492 
258 492 493 
259 493 494 
260 494 495 
261 495 496 
262 496 497 
263 497 498 
264 498 499 
265 499 500 
266 500 501 
267 501 502 
268 502 503 
269 503 504 
270 504 505 
271 505 506 
272 506 507 
273 507 508 
274 508 509 
275 509 510 
276 510 511 
277 511 512 
278 512 513 
279 513 514 
280 514 515 
281 515 516 
282 516 517 
283 517 518 
284 518 519 
285 519 520 
286 520 521 
287 521 522 
288 522 523 
289 523 524 
290 524 525 
291 525 526 
292 526 527 
293 527 528 
294 528 529 
295 529 530 
296 530 531 
297 531 532 
298 532 533 
299 533 534 
300 534 535 
301 535 536 
302 536 537 
303 537 538 
304 538 539 
305 539 540 
306 540 541 
307 541 542 
308 542 543 
309 543 544 
310 544 545 
311 545 546 
312 546 547 
313 547 548 
314 548 549 
315 549 550 
316 550 551 
317 551 552 
318 552 553 
319 553 554 
320 554 555 
321 555 556 
322 556 557 
323 557 558 
324 558 559 
325 559 560 
326 560 561 
327 561 4 
1 17 1 8
328 17 562 
329 562 563 
330 563 564 
331 564 565 
332 565 566 
333 566 567 
334 567 568 
335 568 5 
1 20 1 15
336 18 771 
337 771 772 
338 772 773 
339 773 774 
340 774 775 
341 775 776 
342 776 777 
343 777 778 
344 778 779 
345 779 780 
346 780 781 
347 781 782 
348 782 783 
349 783 784 
350 784 2 
1 21 1 384
351 20 785 
352 785 786 
353 786 787 
354 787 788 
355 788 789 
356 789 790 
357 790 791 
358 791 792 
359 792 793 
360 793 794 
361 794 795 
362 795 796 
363 796 797 
364 797 798 
365 798 799 
366 799 800 
367 800 801 
368 801 802 
369 802 803 
370 803 804 
371 804 805 
372 805 806 
373 806 807 
374 807 808 
375 808 809 
376 809 810 
377 810 811 
378 811 812 
379 812 813 
380 813 814 
381 814 815 
382 815 816 
383 816 817 
384 817 818 
385 818 819 
386 819 820 
387 820 821 
388 821 822 
389 822 823 
390 823 824 
391 824 825 
392 825 826 
393 826 827 
394 827 828 
395 828 829 
396 829 830 
397 830 831 
398 831 832 
399 832 833 
400 833 834 
401 834 835 
402 835 836 
403 836 837 
404 837 838 
405 838 839 
406 839 840 
407 840 841 
408 841 842 
409 842 843 
410 843 844 
411 844 845 
412 845 846 
413 846 847 
414 847 848 
415 848 849 
416 849 850 
417 850 851 
418 851 852 
419 852 853 
420 853 854 
421 854 855 
422 855 856 
423 856 857 
424 857 858 
425 858 859 
426 859 860 
427 860 861 
428 861 862 
429 862 863 
430 863 864 
431 864 865 
432 865 866 
433 866 867 
434 867 868 
435 868 869 
436 869 870 
437 870 871 
438 871 872 
439 872 873 
440 873 874 
441 874 875 
442 875 876 
443 876 877 
444 877 878 
445 878 879 
446 879 880 
447 880 881 
448 881 882 
449 882 883 
450 883 884 
451 884 885 
452 885 886 
453 886 887 
454 887 888 
455 888 889 
456 889 890 
457 890 891 
458 891 892 
459 892 893 
460 893 894 
461 894 895 
462 895 896 
463 896 897 
464 897 898 
465 898 899 
466 899 900 
467 900 901 
468 901 902 
469 902 903 
470 903 904 
471 904 905 
472 905 906 
473 906 907 
474 907 908 
475 908 909 
476 909 910 
477 910 911 
478 911 912 
479 912 913 
480 913 914 
481 914 915 
482 915 916 
483 916 917 
484 917 918 
485 918 919 
486 919 920 
487 920 921 
488 921 922 
489 922 923 
490 923 924 
491 924 925 
492 925 926 
493 926 927 
494 927 928 
495 928 929 
496 929 930 
497 930 931 
498 931 932 
499 932 933 
500 933 934 
501 934 935 
502 935 936 
503 936 937 
504 937 938 
505 938 939 
506 939 940 
507 940 941 
508 941 942 
509 942 943 
510 943 944 
511 944 945 
512 945 946 
513 946 947 
514 947 948 
515 948 949 
516 949 950 
517 950 951 
518 951 952 
519 952 953 
520 953 954 
521 954 955 
522 955 956 
523 956 957 
524 957 958 
525 958 959 
526 959 960 
527 960 961 
528 961 962 
529 962 963 
530 963 964 
531 964 965 
532 965 966 
533 966 967 
534 967 968 
535 968 969 
536 969 970 
537 970 971 
538 971 972 
539 972 973 
540 973 974 
541 974 975 
542 975 976 
543 976 977 
544 977 978 
545 978 979 
546 979 980 
547 980 981 
548 981 982 
549 982 983 
550 983 984 
551 984 985 
552 985 986 
553 986 987 
554 987 988 
555 988 989 
556 989 990 
557 990 991 
558 991 992 
559 992 993 
560 993 994 
561 994 995 
562 995 996 
563 996 997 
564 997 998 
565 998 999 
566 999 1000 
567 1000 1001 
568 1001 1002 
569 1002 1003 
570 1003 1004 
571 1004 1005 
572 1005 1006 
573 1006 1007 
574 1007 1008 
575 1008 1009 
576 1009 1010 
577 1010 1011 
578 1011 1012 
579 1012 1013 
580 1013 1014 
581 1014 1015 
582 1015 1016 
583 1016 1017 
584 1017 1018 
585 1018 1019 
586 1019 1020 
587 1020 1021 
588 1021 1022 
589 1022 1023 
590 1023 1024 
591 1024 1025 
592 1025 1026 
593 1026 1027 
594 1027 1028 
595 1028 1029 
596 1029 1030 
597 1030 1031 
598 1031 1032 
599 1032 1033 
600 1033 1034 
601 1034 1035 
602 1035 1036 
603 1036 1037 
604 1037 1038 
605 1038 1039 
606 1039 1040 
607 1040 1041 
608 1041 1042 
609 1042 1043 
610 1043 1044 
611 1044 1045 
612 1045 1046 
613 1046 1047 
614 1047 1048 
615 1048 1049 
616 1049 1050 
617 1050 1051 
618 1051 1052 
619 1052 1053 
620 1053 1054 
621 1054 1055 
622 1055 1056 
623 1056 1057 
624 1057 1058 
625 1058 1059 
626 1059 1060 
627 1060 1061 
628 1061 1062 
629 1062 1063 
630 1063 1064 
631 1064 1065 
632 1065 1066 
633 1066 1067 
634 1067 1068 
635 1068 1069 
636 1069 1070 
637 1070 1071 
638 1071 1072 
639 1072 1073 
640 1073 1074 
641 1074 1075 
642 1075 1076 
643 1076 1077 
644 1077 1078 
645 1078 1079 
646 1079 1080 
647 1080 1081 
648 1081 1082 
649 1082 1083 
650 1083 1084 
651 1084 1085 
652 1085 1086 
653 1086 1087 
654 1087 1088 
655 1088 1089 
656 1089 1090 
657 1090 1091 
658 1091 1092 
659 1092 1093 
660 1093 1094 
661 1094 1095 
662 1095 1096 
663 1096 1097 
664 1097 1098 
665 1098 1099 
666 1099 1100 
667 1100 1101 
668 1101 1102 
669 1102 1103 
670 1103 1104 
671 1104 1105 
672 1105 1106 
673 1106 1107 
674 1107 1108 
675 1108 1109 
676 1109 1110 
677 1110 1111 
678 1111 1112 
679 1112 1113 
680 1113 1114 
681 1114 1115 
682 1115 1116 
683 1116 1117 
684 1117 1118 
685 1118 1119 
686 1119 1120 
687 1120 1121 
688 1121 1122 
689 1122 1123 
690 1123 1124 
691 1124 1125 
692 1125 1126 
693 1126 1127 
694 1127 1128 
695 1128 1129 
696 1129 1130 
697 1130 1131 
698 1131 1132 
699 1132 1133 
700 1133 1134 
701 1134 1135 
702 1135 1136 
703 1136 1137 
704 1137 1138 
705 1138 1139 
706 1139 1140 
707 1140 1141 
708 1141 1142 
709 1142 1143 
710 1143 1144 
711 1144 1145 
712 1145 1146 
713 1146 1147 
714 1147 1148 
715 1148 1149 
716 1149 1150 
717 1150 1151 
718 1151 1152 
719 1152 1153 
720 1153 1154 
721 1154 1155 
722 1155 1156 
723 1156 1157 
724 1157 1158 
725 1158 1159 
726 1159 1160 
727 1160 1161 
728 1161 1162 
729 1162 1163 
730 1163 1164 
731 1164 1165 
732 1165 1166 
733 1166 1167 
734 1167 6 
1 24 1 3
735 22 1565 
736 1565 1566 
737 1566 10 
1 25 1 11
738 25 1567 
739 1567 1568 
740 1568 1569 
741 1569 1570 
742 1570 1571 
743 1571 1572 
744 1572 1573 
745 1573 1574 
746 1574 1575 
747 1575 1576 
748 1576 8 
2 1 3 1296
749 1 26 2006 274 
750 274 2006 232 10 
751 26 27 2007 2006 
752 2006 2007 233 232 
753 27 28 2008 2007 
754 2007 2008 234 233 
755 28 29 2009 2008 
756 2008 2009 235 234 
757 29 30 2010 2009 
758 2009 2010 236 235 
759 30 31 2011 2010 
760 2010 2011 237 236 
761 31 32 2012 2011 
762 2011 2012 238 237 
763 32 33 2013 2012 
764 2012 2013 239 238 
765 33 34 2014 2013 
766 2013 2014 240 239 
767 34 35 2015 2014 
768 2014 2015 241 240 
769 35 36 2016 2015 
770 2015 2016 242 241 
771 36 37 2017 2016 
772 2016 2017 243 242 
773 37 38 2018 2017 
774 2017 2018 244 243 
775 38 39 2019 2018 
776 2018 2019 245 244 
777 39 40 2020 2019 
778 2019 2020 246 245 
779 40 41 2021 2020 
780 2020 2021 247 246 
781 41 42 2022 2021 
782 2021 2022 248 247 
783 42 43 2023 2022 
784 2022 2023 249 248 
785 43 44 2024 2023 
786 2023 2024 250 249 
787 44 45 2025 2024 
788 2024 2025 251 250 
789 45 46 2026 2025 
790 2025 2026 252 251 
791 46 47 2027 2026 
792 2026 2027 253 252 
793 47 48 2028 2027 
794 2027 2028 254 253 
795 48 49 2029 2028 
796 2028 2029 255 254 
797 49 50 2030 2029 
798 2029 2030 256 255 
799 50 51 2031 2030 
800 2030 2031 257 256 
801 51 52 2032 2031 
802 2031 2032 258 257 
803 52 53 2033 2032 
804 2032 2033 259 258 
805 53 54 2034 2033 
806 2033 2034 260 259 
807 54 55 2035 2034 
808 2034 2035 261 260 
809 55 56 2036 2035 
810 2035 2036 262 261 
811 56 57 2037 2036 
812 2036 2037 263 262 
813 57 58 2038 2037 
814 2037 2038 264 263 
815 58 59 2039 2038 
816 2038 2039 265 264 
817 59 60 2040 2039 
818 2039 2040 266 265 
819 60 61 2041 2040 
820 2040 2041 267 266 
821 61 62 2042 2041 
822 2041 2042 268 267 
823 62 63 2043 2042 
824 2042 2043 269 268 
825 63 64 2044 2043 
826 2043 2044 270 269 
827 64 65 2045 2044 
828 2044 2045 271 270 
829 65 66 2046 2045 
830 2045 2046 272 271 
831 66 67 2047 2046 
832 2046 2047 273 272 
833 67 18 2048 2047 
834 2047 2048 19 273 
835 18 771 2049 2048 
836 2048 2049 1551 19 
837 771 772 2050 2049 
838 2049 2050 1552 1551 
839 772 773 2051 2050 
840 2050 2051 1553 1552 
841 773 774 2052 2051 
842 2051 2052 1554 1553 
843 774 775 2053 2052 
844 2052 2053 1555 1554 
845 775 776 2054 2053 
846 2053 2054 1556 1555 
847 776 777 2055 2054 
848 2054 2055 1557 1556 
849 777 778 2056 2055 
850 2055 2056 1558 1557 
851 778 779 2057 2056 
852 2056 2057 1559 1558 
853 779 780 2058 2057 
854 2057 2058 1560 1559 
855 780 781 2059 2058 
856 2058 2059 1561 1560 
857 781 782 2060 2059 
858 2059 2060 1562 1561 
859 782 783 2061 2060 
860 2060 2061 1563 1562 
861 783 784 2062 2061 
862 2061 2062 1564 1563 
863 784 2 2063 2062 
864 2062 2063 11 1564 
865 2 377 2064 2063 
866 2063 2064 275 11 
867 377 378 2065 2064 
868 2064 2065 276 275 
869 378 379 2066 2065 
870 2065 2066 277 276 
871 379 380 2067 2066 
872 2066 2067 278 277 
873 380 381 2068 2067 
874 2067 2068 279 278 
875 381 382 2069 2068 
876 2068 2069 280 279 
877 382 383 2070 2069 
878 2069 2070 281 280 
879 383 384 2071 2070 
880 2070 2071 282 281 
881 384 385 2072 2071 
882 2071 2072 283 282 
883 385 386 2073 2072 
884 2072 2073 284 283 
885 386 387 2074 2073 
886 2073 2074 285 284 
887 387 388 2075 2074 
888 2074 2075 286 285 
889 388 389 2076 2075 
890 2075 2076 287 286 
891 389 390 2077 2076 
892 2076 2077 288 287 
893 390 391 2078 2077 
894 2077 2078 289 288 
895 391 392 2079 2078 
896 2078 2079 290 289 
897 392 393 2080 2079 
898 2079 2080 291 290 
899 393 394 2081 2080 
900 2080 2081 292 291 
901 394 395 2082 2081 
902 2081 2082 293 292 
903 395 396 2083 2082 
904 2082 2083 294 293 
905 396 397 2084 2083 
906 2083 2084 295 294 
907 397 398 2085 2084 
908 2084 2085 296 295 
909 398 399 2086 2085 
910 2085 2086 297 296 
911 399 400 2087 2086 
912 2086 2087 298 297 
913 400 401 2088 2087 
914 2087 2088 299 298 
915 401 402 2089 2088 
916 2088 2089 300 299 
917 402 403 2090 2089 
918 2089 2090 301 300 
919 403 404 2091 2090 
920 2090 2091 302 301 
921 404 405 2092 2091 
922 2091 2092 303 302 
923 405 406 2093 2092 
924 2092 2093 304 303 
925 406 407 2094 2093 
926 2093 2094 305 304 
927 407 408 2095 2094 
928 2094 2095 306 305 
929 408 409 2096 2095 
930 2095 2096 307 306 
931 409 410 2097 2096 
932 2096 2097 308 307 
933 410 411 2098 2097 
934 2097 2098 309 308 
935 411 412 2099 2098 
936 2098 2099 310 309 
937 412 413 2100 2099 
938 2099 2100 311 310 
939 413 414 2101 2100 
940 2100 2101 312 311 
941 414 415 2102 2101 
942 2101 2102 313 312 
943 415 416 2103 2102 
944 2102 2103 314 313 
945 416 417 2104 2103 
946 2103 2104 315 314 
947 417 418 2105 2104 
948 2104 2105 316 315 
949 418 419 2106 2105 
950 2105 2106 317 316 
951 419 420 2107 2106 
952 2106 2107 318 317 
953 420 421 2108 2107 
954 2107 2108 319 318 
955 421 422 2109 2108 
956 2108 2109 320 319 
957 422 423 2110 2109 
958 2109 2110 321 320 
959 423 424 2111 2110 
960 2110 2111 322 321 
961 424 425 2112 2111 
962 2111 2112 323 322 
963 425 426 2113 2112 
964 2112 2113 324 323 
965 426 427 2114 2113 
966 2113 2114 325 324 
967 427 428 2115 2114 
968 2114 2115 326 325 
969 428 429 2116 2115 
970 2115 2116 327 326 
971 429 430 2117 2116 
972 2116 2117 328 327 
973 430 431 2118 2117 
974 2117 2118 329 328 
975 431 432 2119 2118 
976 2118 2119 330 329 
977 432 433 2120 2119 
978 2119 2120 331 330 
979 433 434 2121 2120 
980 2120 2121 332 331 
981 434 435 2122 2121 
982 2121 2122 333 332 
983 435 436 2123 2122 
984 2122 2123 334 333 
985 436 437 2124 2123 
986 2123 2124 335 334 
987 437 438 2125 2124 
988 2124 2125 336 335 
989 438 439 2126 2125 
990 2125 2126 337 336 
991 439 440 2127 2126 
992 2126 2127 338 337 
993 440 441 2128 2127 
994 2127 2128 339 338 
995 441 442 2129 2128 
996 2128 2129 340 339 
997 442 443 2130 2129 
998 2129 2130 341 340 
999 443 444 2131 2130 
1000 2130 2131 342 341 
1001 444 445 2132 2131 
1002 2131 2132 343 342 
1003 445 446 2133 2132 
1004 2132 2133 344 343 
1005 446 447 2134 2133 
1006 2133 2134 345 344 
1007 447 448 2135 2134 
1008 2134 2135 346 345 
1009 448 449 2136 2135 
1010 2135 2136 347 346 
1011 449 450 2137 2136 
1012 2136 2137 348 347 
1013 450 451 2138 2137 
1014 2137 2138 349 348 
1015 451 452 2139 2138 
1016 2138 2139 350 349 
1017 452 453 2140 2139 
1018 2139 2140 351 350 
1019 453 13 2141 2140 
1020 2140 2141 14 351 
1021 13 569 2142 2141 
1022 2141 2142 670 14 
1023 569 570 2143 2142 
1024 2142 2143 671 670 
1025 570 571 2144 2143 
1026 2143 2144 672 671 
1027 571 572 2145 2144 
1028 2144 2145 673 672 
1029 572 573 2146 2145 
1030 2145 2146 674 673 
1031 573 574 2147 2146 
1032 2146 2147 675 674 
1033 574 575 2148 2147 
1034 2147 2148 676 675 
1035 575 576 2149 2148 
1036 2148 2149 677 676 
1037 576 577 2150 2149 
1038 2149 2150 678 677 
1039 577 578 2151 2150 
1040 2150 2151 679 678 
1041 578 579 2152 2151 
1042 2151 2152 680 679 
1043 579 580 2153 2152 
1044 2152 2153 681 680 
1045 580 581 2154 2153 
1046 2153 2154 682 681 
1047 581 582 2155 2154 
1048 2154 2155 683 682 
1049 582 583 2156 2155 
1050 2155 2156 684 683 
1051 583 584 2157 2156 
1052 2156 2157 685 684 
1053 584 585 2158 2157 
1054 2157 2158 686 685 
1055 585 586 2159 2158 
1056 2158 2159 687 686 
1057 586 587 2160 2159 
1058 2159 2160 688 687 
1059 587 588 2161 2160 
1060 2160 2161 689 688 
1061 588 589 2162 2161 
1062 2161 2162 690 689 
1063 589 590 2163 2162 
1064 2162 2163 691 690 
1065 590 591 2164 2163 
1066 2163 2164 692 691 
1067 591 592 2165 2164 
1068 2164 2165 693 692 
1069 592 593 2166 2165 
1070 2165 2166 694 693 
1071 593 594 2167 2166 
1072 2166 2167 695 694 
1073 594 595 2168 2167 
1074 2167 2168 696 695 
1075 595 596 2169 2168 
1076 2168 2169 697 696 
1077 596 597 2170 2169 
1078 2169 2170 698 697 
1079 597 598 2171 2170 
1080 2170 2171 699 698 
1081 598 599 2172 2171 
1082 2171 2172 700 699 
1083 599 600 2173 2172 
1084 2172 2173 701 700 
1085 600 601 2174 2173 
1086 2173 2174 702 701 
1087 601 602 2175 2174 
1088 2174 2175 703 702 
1089 602 603 2176 2175 
1090 2175 2176 704 703 
1091 603 604 2177 2176 
1092 2176 2177 705 704 
1093 604 605 2178 2177 
1094 2177 2178 706 705 
1095 605 606 2179 2178 
1096 2178 2179 707 706 
1097 606 607 2180 2179 
1098 2179 2180 708 707 
1099 607 608 2181 2180 
1100 2180 2181 709 708 
1101 608 609 2182 2181 
1102 2181 2182 710 709 
1103 609 610 2183 2182 
1104 2182 2183 711 710 
1105 610 611 2184 2183 
1106 2183 2184 712 711 
1107 611 612 2185 2184 
1108 2184 2185 713 712 
1109 612 613 2186 2185 
1110 2185 2186 714 713 
1111 613 614 2187 2186 
1112 2186 2187 715 714 
1113 614 615 2188 2187 
1114 2187 2188 716 715 
1115 615 616 2189 2188 
1116 2188 2189 717 716 
1117 616 617 2190 2189 
1118 2189 2190 718 717 
1119 617 618 2191 2190 
1120 2190 2191 719 718 
1121 618 619 2192 2191 
1122 2191 2192 720 719 
1123 619 620 2193 2192 
1124 2192 2193 721 720 
1125 620 621 2194 2193 
1126 2193 2194 722 721 
1127 621 622 2195 2194 
1128 2194 2195 723 722 
1129 622 623 2196 2195 
1130 2195 2196 724 723 
1131 623 624 2197 2196 
1132 2196 2197 725 724 
1133 624 625 2198 2197 
1134 2197 2198 726 725 
1135 625 626 2199 2198 
1136 2198 2199 727 726 
1137 626 627 2200 2199 
1138 2199 2200 728 727 
1139 627 628 2201 2200 
1140 2200 2201 729 728 
1141 628 629 2202 2201 
1142 2201 2202 730 729 
1143 629 630 2203 2202 
1144 2202 2203 731 730 
1145 630 631 2204 2203 
1146 2203 2204 732 731 
1147 631 632 2205 2204 
1148 2204 2205 733 732 
1149 632 633 2206 2205 
1150 2205 2206 734 733 
1151 633 634 2207 2206 
1152 2206 2207 735 734 
1153 634 635 2208 2207 
1154 2207 2208 736 735 
1155 635 636 2209 2208 
1156 2208 2209 737 736 
1157 636 637 2210 2209 
1158 2209 2210 738 737 
1159 637 638 2211 2210 
1160 2210 2211 739 738 
1161 638 639 2212 2211 
1162 2211 2212 740 739 
1163 639 640 2213 2212 
1164 2212 2213 741 740 
1165 640 641 2214 2213 
1166 2213 2214 742 741 
1167 641 642 2215 2214 
1168 2214 2215 743 742 
1169 642 643 2216 2215 
1170 2215 2216 744 743 
1171 643 644 2217 2216 
1172 2216 2217 745 744 
1173 644 645 2218 2217 
1174 2217 2218 746 745 
1175 645 646 2219 2218 
1176 2218 2219 747 746 
1177 646 647 2220 2219 
1178 2219 2220 748 747 
1179 647 648 2221 2220 
1180 2220 2221 749 748 
1181 648 649 2222 2221 
1182 2221 2222 750 749 
1183 649 650 2223 2222 
1184 2222 2223 751 750 
1185 650 651 2224 2223 
1186 2223 2224 752 751 
1187 651 652 2225 2224 
1188 2224 2225 753 752 
1189 652 653 2226 2225 
1190 2225 2226 754 753 
1191 653 654 2227 2226 
1192 2226 2227 755 754 
1193 654 655 2228 2227 
1194 2227 2228 756 755 
1195 655 656 2229 2228 
1196 2228 2229 757 756 
1197 656 657 2230 2229 
1198 2229 2230 758 757 
1199 657 658 2231 2230 
1200 2230 2231 759 758 
1201 658 659 2232 2231 
1202 2231 2232 760 759 
1203 659 660 2233 2232 
1204 2232 2233 761 760 
1205 660 661 2234 2233 
1206 2233 2234 762 761 
1207 661 662 2235 2234 
1208 2234 2235 763 762 
1209 662 663 2236 2235 
1210 2235 2236 764 763 
1211 663 664 2237 2236 
1212 2236 2237 765 764 
1213 664 665 2238 2237 
1214 2237 2238 766 765 
1215 665 666 2239 2238 
1216 2238 2239 767 766 
1217 666 667 2240 2239 
1218 2239 2240 768 767 
1219 667 668 2241 2240 
1220 2240 2241 769 768 
1221 668 669 2242 2241 
1222 2241 2242 770 769 
1223 669 5 2243 2242 
1224 2242 2243 12 770 
1225 5 159 2244 2243 
1226 2243 2244 352 12 
1227 159 160 2245 2244 
1228 2244 2245 353 352 
1229 160 161 2246 2245 
1230 2245 2246 354 353 
1231 161 162 2247 2246 
1232 2246 2247 355 354 
1233 162 163 2248 2247 
1234 2247 2248 356 355 
1235 163 164 2249 2248 
1236 2248 2249 357 356 
1237 164 165 2250 2249 
1238 2249 2250 358 357 
1239 165 166 2251 2250 
1240 2250 2251 359 358 
1241 166 167 2252 2251 
1242 2251 2252 360 359 
1243 167 168 2253 2252 
1244 2252 2253 361 360 
1245 168 169 2254 2253 
1246 2253 2254 362 361 
1247 169 170 2255 2254 
1248 2254 2255 363 362 
1249 170 171 2256 2255 
1250 2255 2256 364 363 
1251 171 172 2257 2256 
1252 2256 2257 365 364 
1253 172 173 2258 2257 
1254 2257 2258 366 365 
1255 173 174 2259 2258 
1256 2258 2259 367 366 
1257 174 175 2260 2259 
1258 2259 2260 368 367 
1259 175 176 2261 2260 
1260 2260 2261 369 368 
1261 176 177 2262 2261 
1262 2261 2262 370 369 
1263 177 178 2263 2262 
1264 2262 2263 371 370 
1265 178 179 2264 2263 
1266 2263 2264 372 371 
1267 179 180 2265 2264 
1268 2264 2265 373 372 
1269 180 181 2266 2265 
1270 2265 2266 374 373 
1271 181 182 2267 2266 
1272 2266 2267 375 374 
1273 182 183 2268 2267 
1274 2267 2268 376 375 
1275 183 20 2269 2268 
1276 2268 2269 21 376 
1277 20 785 2270 2269 
1278 2269 2270 1168 21 
1279 785 786 2271 2270 
1280 2270 2271 1169 1168 
1281 786 787 2272 2271 
1282 2271 2272 1170 1169 
1283 787 788 2273 2272 
1284 2272 2273 1171 1170 
1285 788 789 2274 2273 
1286 2273 2274 1172 1171 
1287 789 790 2275 2274 
1288 2274 2275 1173 1172 
1289 790 791 2276 2275 
1290 2275 2276 1174 1173 
1291 791 792 2277 2276 
1292 2276 2277 1175 1174 
1293 792 793 2278 2277 
1294 2277 2278 1176 1175 
1295 793 794 2279 2278 
1296 2278 2279 1177 1176 
1297 794 795 2280 2279 
1298 2279 2280 1178 1177 
1299 795 796 2281 2280 
1300 2280 2281 1179 1178 
1301 796 797 2282 2281 
1302 2281 2282 1180 1179 
1303 797 798 2283 2282 
1304 2282 2283 1181 1180 
1305 798 799 2284 2283 
1306 2283 2284 1182 1181 
1307 799 800 2285 2284 
1308 2284 2285 1183 1182 
1309 800 801 2286 2285 
1310 2285 2286 1184 1183 
1311 801 802 2287 2286 
1312 2286 2287 1185 1184 
1313 802 803 2288 2287 
1314 2287 2288 1186 1185 
1315 803 804 2289 2288 
1316 2288 2289 1187 1186 
1317 804 805 2290 2289 
1318 2289 2290 1188 1187 
1319 805 806 2291 2290 
1320 2290 2291 1189 1188 
1321 806 807 2292 2291 
1322 2291 2292 1190 1189 
1323 807 808 2293 2292 
1324 2292 2293 1191 1190 
1325 808 809 2294 2293 
1326 2293 2294 1192 1191 
1327 809 810 2295 2294 
1328 2294 2295 1193 1192 
1329 810 811 2296 2295 
1330 2295 2296 1194 1193 
1331 811 812 2297 2296 
1332 2296 2297 1195 1194 
1333 812 813 2298 2297 
1334 2297 2298 1196 1195 
1335 813 814 2299 2298 
1336 2298 2299 1197 1196 
1337 814 815 2300 2299 
1338 2299 2300 1198 1197 
1339 815 816 2301 2300 
1340 2300 2301 1199 1198 
1341 816 817 2302 2301 
1342 2301 2302 1200 1199 
1343 817 818 2303 2302 
1344 2302 2303 1201 1200 
1345 818 819 2304 2303 
1346 2303 2304 1202 1201 
1347 819 820 2305 2304 
1348 2304 2305 1203 1202 
1349 820 821 2306 2305 
1350 2305 2306 1204 1203 
1351 821 822 2307 2306 
1352 2306 2307 1205 1204 
1353 822 823 2308 2307 
1354 2307 2308 1206 1205 
1355 823 824 2309 2308 
1356 2308 2309 1207 1206 
1357 824 825 2310 2309 
1358 2309 2310 1208 1207 
1359 825 826 2311 2310 
1360 2310 2311 1209 1208 
1361 826 827 2312 2311 
1362 2311 2312 1210 1209 
1363 827 828 2313 2312 
1364 2312 2313 1211 1210 
1365 828 829 2314 2313 
1366 2313 2314 1212 1211 
1367 829 830 2315 2314 
1368 2314 2315 1213 1212 
1369 830 831 2316 2315 
1370 2315 2316 1214 1213 
1371 831 832 2317 2316 
1372 2316 2317 1215 1214 
1373 832 833 2318 2317 
1374 2317 2318 1216 1215 
1375 833 834 2319 2318 
1376 2318 2319 1217 1216 
1377 834 835 2320 2319 
1378 2319 2320 1218 1217 
1379 835 836 2321 2320 
1380 2320 2321 1219 1218 
1381 836 837 2322 2321 
1382 2321 2322 1220 1219 
1383 837 838 2323 2322 
1384 2322 2323 1221 1220 
1385 838 839 2324 2323 
1386 2323 2324 1222 1221 
1387 839 840 2325 2324 
1388 2324 2325 1223 1222 
1389 840 841 2326 2325 
1390 2325 2326 1224 1223 
1391 841 842 2327 2326 
1392 2326 2327 1225 1224 
1393 842 843 2328 2327 
1394 2327 2328 1226 1225 
1395 843 844 2329 2328 
1396 2328 2329 1227 1226 
1397 844 845 2330 2329 
1398 2329 2330 1228 1227 
1399 845 846 2331 2330 
1400 2330 2331 1229 1228 
1401 846 847 2332 2331 
1402 2331 2332 1230 1229 
1403 847 848 2333 2332 
1404 2332 2333 1231 1230 
1405 848 849 2334 2333 
1406 2333 2334 1232 1231 
1407 849 850 2335 2334 
1408 2334 2335 1233 1232 
1409 850 851 2336 2335 
1410 2335 2336 1234 1233 
1411 851 852 2337 2336 
1412 2336 2337 1235 1234 
1413 852 853 2338 2337 
1414 2337 2338 1236 1235 
1415 853 854 2339 2338 
1416 2338 2339 1237 1236 
1417 854 855 2340 2339 
1418 2339 2340 1238 1237 
1419 855 856 2341 2340 
1420 2340 2341 1239 1238 
1421 856 857 2342 2341 
1422 2341 2342 1240 1239 
1423 857 858 2343 2342 
1424 2342 2343 1241 1240 
1425 858 859 2344 2343 
1426 2343 2344 1242 1241 
1427 859 860 2345 2344 
1428 2344 2345 1243 1242 
1429 860 861 2346 2345 
1430 2345 2346 1244 1243 
1431 861 862 2347 2346 
1432 2346 2347 1245 1244 
1433 862 863 2348 2347 
1434 2347 2348 1246 1245 
1435 863 864 2349 2348 
1436 2348 2349 1247 1246 
1437 864 865 2350 2349 
1438 2349 2350 1248 1247 
1439 865 866 2351 2350 
1440 2350 2351 1249 1248 
1441 866 867 2352 2351 
1442 2351 2352 1250 1249 
1443 867 868 2353 2352 
1444 2352 2353 1251 1250 
1445 868 869 2354 2353 
1446 2353 2354 1252 1251 
1447 869 870 2355 2354 
1448 2354 2355 1253 1252 
1449 870 871 2356 2355 
1450 2355 2356 1254 1253 
1451 871 872 2357 2356 
1452 2356 2357 1255 1254 
1453 872 873 2358 2357 
1454 2357 2358 1256 1255 
1455 873 874 2359 2358 
1456 2358 2359 1257 1256 
1457 874 875 2360 2359 
1458 2359 2360 1258 1257 
1459 875 876 2361 2360 
1460 2360 2361 1259 1258 
1461 876 877 2362 2361 
1462 2361 2362 1260 1259 
1463 877 878 2363 2362 
1464 2362 2363 1261 1260 
1465 878 879 2364 2363 
1466 2363 2364 1262 1261 
1467 879 880 2365 2364 
1468 2364 2365 1263 1262 
1469 880 881 2366 2365 
1470 2365 2366 1264 1263 
1471 881 882 2367 2366 
1472 2366 2367 1265 1264 
1473 882 883 2368 2367 
1474 2367 2368 1266 1265 
1475 883 884 2369 2368 
1476 2368 2369 1267 1266 
1477 884 885 2370 2369 
1478 2369 2370 1268 1267 
1479 885 886 2371 2370 
1480 2370 2371 1269 1268 
1481 886 887 2372 2371 
1482 2371 2372 1270 1269 
1483 887 888 2373 2372 
1484 2372 2373 1271 1270 
1485 888 889 2374 2373 
1486 2373 2374 1272 1271 
1487 889 890 2375 2374 
1488 2374 2375 1273 1272 
1489 890 891 2376 2375 
1490 2375 2376 1274 1273 
1491 891 892 2377 2376 
1492 2376 2377 1275 1274 
1493 892 893 2378 2377 
1494 2377 2378 1276 1275 
1495 893 894 2379 2378 
1496 2378 2379 1277 1276 
1497 894 895 2380 2379 
1498 2379 2380 1278 1277 
1499 895 896 2381 2380 
1500 2380 2381 1279 1278 
1501 896 897 2382 2381 
1502 2381 2382 1280 1279 
1503 897 898 2383 2382 
1504 2382 2383 1281 1280 
1505 898 899 2384 2383 
1506 2383 2384 1282 1281 
1507 899 900 2385 2384 
1508 2384 2385 1283 1282 
1509 900 901 2386 2385 
1510 2385 2386 1284 1283 
1511 901 902 2387 2386 
1512 2386 2387 1285 1284 
1513 902 903 2388 2387 
1514 2387 2388 1286 1285 
1515 903 904 2389 2388 
1516 2388 2389 1287 1286 
1517 904 905 2390 2389 
1518 2389 2390 1288 1287 
1519 905 906 2391 2390 
1520 2390 2391 1289 1288 
1521 906 907 2392 2391 
1522 2391 2392 1290 1289 
1523 907 908 2393 2392 
1524 2392 2393 1291 1290 
1525 908 909 2394 2393 
1526 2393 2394 1292 1291 
1527 909 910 2395 2394 
1528 2394 2395 1293 1292 
1529 910 911 2396 2395 
1530 2395 2396 1294 1293 
1531 911 912 2397 2396 
1532 2396 2397 1295 1294 
1533 912 913 2398 2397 
1534 2397 2398 1296 1295 
1535 913 914 2399 2398 
1536 2398 2399 1297 1296 
1537 914 915 2400 2399 
1538 2399 2400 1298 1297 
1539 915 916 2401 2400 
1540 2400 2401 1299 1298 
1541 916 917 2402 2401 
1542 2401 2402 1300 1299 
1543 917 918 2403 2402 
1544 2402 2403 1301 1300 
1545 918 919 2404 2403 
1546 2403 2404 1302 1301 
1547 919 920 2405 2404 
1548 2404 2405 1303 1302 
1549 920 921 2406 2405 
1550 2405 2406 1304 1303 
1551 921 922 2407 2406 
1552 2406 2407 1305 1304 
1553 922 923 2408 2407 
1554 2407 2408 1306 1305 
1555 923 924 2409 2408 
1556 2408 2409 1307 1306 
1557 924 925 2410 2409 
1558 2409 2410 1308 1307 
1559 925 926 2411 2410 
1560 2410 2411 1309 1308 
1561 926 927 2412 2411 
1562 2411 2412 1310 1309 
1563 927 928 2413 2412 
1564 2412 2413 1311 1310 
1565 928 929 2414 2413 
1566 2413 2414 1312 1311 
1567 929 930 2415 2414 
1568 2414 2415 1313 1312 
1569 930 931 2416 2415 
1570 2415 2416 1314 1313 
1571 931 932 2417 2416 
1572 2416 2417 1315 1314 
1573 932 933 2418 2417 
1574 2417 2418 1316 1315 
1575 933 934 2419 2418 
1576 2418 2419 1317 1316 
1577 934 935 2420 2419 
1578 2419 2420 1318 1317 
1579 935 936 2421 2420 
1580 2420 2421 1319 1318 
1581 936 937 2422 2421 
1582 2421 2422 1320 1319 
1583 937 938 2423 2422 
1584 2422 2423 1321 1320 
1585 938 939 2424 2423 
1586 2423 2424 1322 1321 
1587 939 940 2425 2424 
1588 2424 2425 1323 1322 
1589 940 941 2426 2425 
1590 2425 2426 1324 1323 
1591 941 942 2427 2426 
1592 2426 2427 1325 1324 
1593 942 943 2428 2427 
1594 2427 2428 1326 1325 
1595 943 944 2429 2428 
1596 2428 2429 1327 1326 
1597 944 945 2430 2429 
1598 2429 2430 1328 1327 
1599 945 946 2431 2430 
1600 2430 2431 1329 1328 
1601 946 947 2432 2431 
1602 2431 2432 1330 1329 
1603 947 948 2433 2432 
1604 2432 2433 1331 1330 
1605 948 949 2434 2433 
1606 2433 2434 1332 1331 
1607 949 950 2435 2434 
1608 2434 2435 1333 1332 
1609 950 951 2436 2435 
1610 2435 2436 1334 1333 
1611 951 952 2437 2436 
1612 2436 2437 1335 1334 
1613 952 953 2438 2437 
1614 2437 2438 1336 1335 
1615 953 954 2439 2438 
1616 2438 2439 1337 1336 
1617 954 955 2440 2439 
1618 2439 2440 1338 1337 
1619 955 956 2441 2440 
1620 2440 2441 1339 1338 
1621 956 957 2442 2441 
1622 2441 2442 1340 1339 
1623 957 958 2443 2442 
1624 2442 2443 1341 1340 
1625 958 959 2444 2443 
1626 2443 2444 1342 1341 
1627 959 960 2445 2444 
1628 2444 2445 1343 1342 
1629 960 961 2446 2445 
1630 2445 2446 1344 1343 
1631 961 962 2447 2446 
1632 2446 2447 1345 1344 
1633 962 963 2448 2447 
1634 2447 2448 1346 1345 
1635 963 964 2449 2448 
1636 2448 2449 1347 1346 
1637 964 965 2450 2449 
1638 2449 2450 1348 1347 
1639 965 966 2451 2450 
1640 2450 2451 1349 1348 
1641 966 967 2452 2451 
1642 2451 2452 1350 1349 
1643 967 968 2453 2452 
1644 2452 2453 1351 1350 
1645 968 969 2454 2453 
1646 2453 2454 1352 1351 
1647 969 970 2455 2454 
1648 2454 2455 1353 1352 
1649 970 971 2456 2455 
1650 2455 2456 1354 1353 
1651 971 972 2457 2456 
1652 2456 2457 1355 1354 
1653 972 973 2458 2457 
1654 2457 2458 1356 1355 
1655 973 974 2459 2458 
1656 2458 2459 1357 1356 
1657 974 975 2460 2459 
1658 2459 2460 1358 1357 
1659 975 976 2461 2460 
1660 2460 2461 1359 1358 
1661 976 977 2462 2461 
1662 2461 2462 1360 1359 
1663 977 978 2463 2462 
1664 2462 2463 1361 1360 
1665 978 979 2464 2463 
1666 2463 2464 1362 1361 
1667 979 980 2465 2464 
1668 2464 2465 1363 1362 
1669 980 981 2466 2465 
1670 2465 2466 1364 1363 
1671 981 982 2467 2466 
1672 2466 2467 1365 1364 
1673 982 983 2468 2467 
1674 2467 2468 1366 1365 
1675 983 984 2469 2468 
1676 2468 2469 1367 1366 
1677 984 985 2470 2469 
1678 2469 2470 1368 1367 
1679 985 986 2471 2470 
1680 2470 2471 1369 1368 
1681 986 987 2472 2471 
1682 2471 2472 1370 1369 
1683 987 988 2473 2472 
1684 2472 2473 1371 1370 
1685 988 989 2474 2473 
1686 2473 2474 1372 1371 
1687 989 990 2475 2474 
1688 2474 2475 1373 1372 
1689 990 991 2476 2475 
1690 2475 2476 1374 1373 
1691 991 992 2477 2476 
1692 2476 2477 1375 1374 
1693 992 993 2478 2477 
1694 2477 2478 1376 1375 
1695 993 994 2479 2478 
1696 2478 2479 1377 1376 
1697 994 995 2480 2479 
1698 2479 2480 1378 1377 
1699 995 996 2481 2480 
1700 2480 2481 1379 1378 
1701 996 997 2482 2481 
1702 2481 2482 1380 1379 
1703 997 998 2483 2482 
1704 2482 2483 1381 1380 
1705 998 999 2484 2483 
1706 2483 2484 1382 1381 
1707 999 1000 2485 2484 
1708 2484 2485 1383 1382 
1709 1000 1001 2486 2485 
1710 2485 2486 1384 1383 
1711 1001 1002 2487 2486 
1712 2486 2487 1385 1384 
1713 1002 1003 2488 2487 
1714 2487 2488 1386 1385 
1715 1003 1004 2489 2488 
1716 2488 2489 1387 1386 
1717 1004 1005 2490 2489 
1718 2489 2490 1388 1387 
1719 1005 1006 2491 2490 
1720 2490 2491 1389 1388 
1721 1006 1007 2492 2491 
1722 2491 2492 1390 1389 
1723 1007 1008 2493 2492 
1724 2492 2493 1391 1390 
1725 1008 1009 2494 2493 
1726 2493 2494 1392 1391 
1727 1009 1010 2495 2494 
1728 2494 2495 1393 1392 
1729 1010 1011 2496 2495 
1730 2495 2496 1394 1393 
1731 1011 1012 2497 2496 
1732 2496 2497 1395 1394 
1733 1012 1013 2498 2497 
1734 2497 2498 1396 1395 
1735 1013 1014 2499 2498 
1736 2498 2499 1397 1396 
1737 1014 1015 2500 2499 
1738 2499 2500 1398 1397 
1739 1015 1016 2501 2500 
1740 2500 2501 1399 1398 
1741 1016 1017 2502 2501 
1742 2501 2502 1400 1399 
1743 1017 1018 2503 2502 
1744 2502 2503 1401 1400 
1745 1018 1019 2504 2503 
1746 2503 2504 1402 1401 
1747 1019 1020 2505 2504 
1748 2504 2505 1403 1402 
1749 1020 1021 2506 2505 
1750 2505 2506 1404 1403 
1751 1021 1022 2507 2506 
1752 2506 2507 1405 1404 
1753 1022 1023 2508 2507 
1754 2507 2508 1406 1405 
1755 1023 1024 2509 2508 
1756 2508 2509 1407 1406 
1757 1024 1025 2510 2509 
1758 2509 2510 1408 1407 
1759 1025 1026 2511 2510 
1760 2510 2511 1409 1408 
1761 1026 1027 2512 2511 
1762 2511 2512 1410 1409 
1763 1027 1028 2513 2512 
1764 2512 2513 1411 1410 
1765 1028 1029 2514 2513 
1766 2513 2514 1412 1411 
1767 1029 1030 2515 2514 
1768 2514 2515 1413 1412 
1769 1030 1031 2516 2515 
1770 2515 2516 1414 1413 
1771 1031 1032 2517 2516 
1772 2516 2517 1415 1414 
1773 1032 1033 2518 2517 
1774 2517 2518 1416 1415 
1775 1033 1034 2519 2518 
1776 2518 2519 1417 1416 
1777 1034 1035 2520 2519 
1778 2519 2520 1418 1417 
1779 1035 1036 2521 2520 
1780 2520 2521 1419 1418 
1781 1036 1037 2522 2521 
1782 2521 2522 1420 1419 
1783 1037 1038 2523 2522 
1784 2522 2523 1421 1420 
1785 1038 1039 2524 2523 
1786 2523 2524 1422 1421 
1787 1039 1040 2525 2524 
1788 2524 2525 1423 1422 
1789 1040 1041 2526 2525 
1790 2525 2526 1424 1423 
1791 1041 1042 2527 2526 
1792 2526 2527 1425 1424 
1793 1042 1043 2528 2527 
1794 2527 2528 1426 1425 
1795 1043 1044 2529 2528 
1796 2528 2529 1427 1426 
1797 1044 1045 2530 2529 
1798 2529 2530 1428 1427 
1799 1045 1046 2531 2530 
1800 2530 2531 1429 1428 
1801 1046 1047 2532 2531 
1802 2531 2532 1430 1429 
1803 1047 1048 2533 2532 
1804 2532 2533 1431 1430 
1805 1048 1049 2534 2533 
1806 2533 2534 1432 1431 
1807 1049 1050 2535 2534 
1808 2534 2535 1433 1432 
1809 1050 1051 2536 2535 
1810 2535 2536 1434 1433 
1811 1051 1052 2537 2536 
1812 2536 2537 1435 1434 
1813 1052 1053 2538 2537 
1814 2537 2538 1436 1435 
1815 1053 1054 2539 2538 
1816 2538 2539 1437 1436 
1817 1054 1055 2540 2539 
1818 2539 2540 1438 1437 
1819 1055 1056 2541 2540 
1820 2540 2541 1439 1438 
1821 1056 1057 2542 2541 
1822 2541 2542 1440 1439 
1823 1057 1058 2543 2542 
1824 2542 2543 1441 1440 
1825 1058 1059 2544 2543 
1826 2543 2544 1442 1441 
1827 1059 1060 2545 2544 
1828 2544 2545 1443 1442 
1829 1060 1061 2546 2545 
1830 2545 2546 1444 1443 
1831 1061 1062 2547 2546 
1832 2546 2547 1445 1444 
1833 1062 1063 2548 2547 
1834 2547 2548 1446 1445 
1835 1063 1064 2549 2548 
1836 2548 2549 1447 1446 
1837 1064 1065 2550 2549 
1838 2549 2550 1448 1447 
1839 1065 1066 2551 2550 
1840 2550 2551 1449 1448 
1841 1066 1067 2552 2551 
1842 2551 2552 1450 1449 
1843 1067 1068 2553 2552 
1844 2552 2553 1451 1450 
1845 1068 1069 2554 2553 
1846 2553 2554 1452 1451 
1847 1069 1070 2555 2554 
1848 2554 2555 1453 1452 
1849 1070 1071 2556 2555 
1850 2555 2556 1454 1453 
1851 1071 1072 2557 2556 
1852 2556 2557 1455 1454 
1853 1072 1073 2558 2557 
1854 2557 2558 1456 1455 
1855 1073 1074 2559 2558 
1856 2558 2559 1457 1456 
1857 1074 1075 2560 2559 
1858 2559 2560 1458 1457 
1859 1075 1076 2561 2560 
1860 2560 2561 1459 1458 
1861 1076 1077 2562 2561 
1862 2561 2562 1460 1459 
1863 1077 1078 2563 2562 
1864 2562 2563 1461 1460 
1865 1078 1079 2564 2563 
1866 2563 2564 1462 1461 
1867 1079 1080 2565 2564 
1868 2564 2565 1463 1462 
1869 1080 1081 2566 2565 
1870 2565 2566 1464 1463 
1871 1081 1082 2567 2566 
1872 2566 2567 1465 1464 
1873 1082 1083 2568 2567 
1874 2567 2568 1466 1465 
1875 1083 1084 2569 2568 
1876 2568 2569 1467 1466 
1877 1084 1085 2570 2569 
1878 2569 2570 1468 1467 
1879 1085 1086 2571 2570 
1880 2570 2571 1469 1468 
1881 1086 1087 2572 2571 
1882 2571 2572 1470 1469 
1883 1087 1088 2573 2572 
1884 2572 2573 1471 1470 
1885 1088 1089 2574 2573 
1886 2573 2574 1472 1471 
1887 1089 1090 2575 2574 
1888 2574 2575 1473 1472 
1889 1090 1091 2576 2575 
1890 2575 2576 1474 1473 
1891 1091 1092 2577 2576 
1892 2576 2577 1475 1474 
1893 1092 1093 2578 2577 
1894 2577 2578 1476 1475 
1895 1093 1094 2579 2578 
1896 2578 2579 1477 1476 
1897 1094 1095 2580 2579 
1898 2579 2580 1478 1477 
1899 1095 1096 2581 2580 
1900 2580 2581 1479 1478 
1901 1096 1097 2582 2581 
1902 2581 2582 1480 1479 
1903 1097 1098 2583 2582 
1904 2582 2583 1481 1480 
1905 1098 1099 2584 2583 
1906 2583 2584 1482 1481 
1907 1099 1100 2585 2584 
1908 2584 2585 1483 1482 
1909 1100 1101 2586 2585 
1910 2585 2586 1484 1483 
1911 1101 1102 2587 2586 
1912 2586 2587 1485 1484 
1913 1102 1103 2588 2587 
1914 2587 2588 1486 1485 
1915 1103 1104 2589 2588 
1916 2588 2589 1487 1486 
1917 1104 1105 2590 2589 
1918 2589 2590 1488 1487 
1919 1105 1106 2591 2590 
1920 2590 2591 1489 1488 
1921 1106 1107 2592 2591 
1922 2591 2592 1490 1489 
1923 1107 1108 2593 2592 
1924 2592 2593 1491 1490 
1925 1108 1109 2594 2593 
1926 2593 2594 1492 1491 
1927 1109 1110 2595 2594 
1928 2594 2595 1493 1492 
1929 1110 1111 2596 2595 
1930 2595 2596 1494 1493 
1931 1111 1112 2597 2596 
1932 2596 2597 1495 1494 
1933 1112 1113 2598 2597 
1934 2597 2598 1496 1495 
1935 1113 1114 2599 2598 
1936 2598 2599 1497 1496 
1937 1114 1115 2600 2599 
1938 2599 2600 1498 1497 
1939 1115 1116 2601 2600 
1940 2600 2601 1499 1498 
1941 1116 1117 2602 2601 
1942 2601 2602 1500 1499 
1943 1117 1118 2603 2602 
1944 2602 2603 1501 1500 
1945 1118 1119 2604 2603 
1946 2603 2604 1502 1501 
1947 1119 1120 2605 2604 
1948 2604 2605 1503 1502 
1949 1120 1121 2606 2605 
1950 2605 2606 1504 1503 
1951 1121 1122 2607 2606 
1952 2606 2607 1505 1504 
1953 1122 1123 2608 2607 
1954 2607 2608 1506 1505 
1955 1123 1124 2609 2608 
1956 2608 2609 1507 1506 
1957 1124 1125 2610 2609 
1958 2609 2610 1508 1507 
1959 1125 1126 2611 2610 
1960 2610 2611 1509 1508 
1961 1126 1127 2612 2611 
1962 2611 2612 1510 1509 
1963 1127 1128 2613 2612 
1964 2612 2613 1511 1510 
1965 1128 1129 2614 2613 
1966 2613 2614 1512 1511 
1967 1129 1130 2615 2614 
1968 2614 2615 1513 1512 
1969 1130 1131 2616 2615 
1970 2615 2616 1514 1513 
1971 1131 1132 2617 2616 
1972 2616 2617 1515 1514 
1973 1132 1133 2618 2617 
1974 2617 2618 1516 1515 
1975 1133 1134 2619 2618 
1976 2618 2619 1517 1516 
1977 1134 1135 2620 2619 
1978 2619 2620 1518 1517 
1979 1135 1136 2621 2620 
1980 2620 2621 1519 1518 
1981 1136 1137 2622 2621 
1982 2621 2622 1520 1519 
1983 1137 1138 2623 2622 
1984 2622 2623 1521 1520 
1985 1138 1139 2624 2623 
1986 2623 2624 1522 1521 
1987 1139 1140 2625 2624 
1988 2624 2625 1523 1522 
1989 1140 1141 2626 2625 
1990 2625 2626 1524 1523 
1991 1141 1142 2627 2626 
1992 2626 2627 1525 1524 
1993 1142 1143 2628 2627 
1994 2627 2628 1526 1525 
1995 1143 1144 2629 2628 
1996 2628 2629 1527 1526 
1997 1144 1145 2630 2629 
1998 2629 2630 1528 1527 
1999 1145 1146 2631 2630 
2000 2630 2631 1529 1528 
2001 1146 1147 2632 2631 
2002 2631 2632 1530 1529 
2003 1147 1148 2633 2632 
2004 2632 2633 1531 1530 
2005 1148 1149 2634 2633 
2006 2633 2634 1532 1531 
2007 1149 1150 2635 2634 
2008 2634 2635 1533 1532 
2009 1150 1151 2636 2635 
2010 2635 2636 1534 1533 
2011 1151 1152 2637 2636 
2012 2636 2637 1535 1534 
2013 1152 1153 2638 2637 
2014 2637 2638 1536 1535 
2015 1153 1154 2639 2638 
2016 2638 2639 1537 1536 
2017 1154 1155 2640 2639 
2018 2639 2640 1538 1537 
2019 1155 1156 2641 2640 
2020 2640 2641 1539 1538 
2021 1156 1157 2642 2641 
2022 2641 2642 1540 1539 
2023 1157 1158 2643 2642 
2024 2642 2643 1541 1540 
2025 1158 1159 2644 2643 
2026 2643 2644 1542 1541 
2027 1159 1160 2645 2644 
2028 2644 2645 1543 1542 
2029 1160 1161 2646 2645 
2030 2645 2646 1544 1543 
2031 1161 1162 2647 2646 
2032 2646 2647 1545 1544 
2033 1162 1163 2648 2647 
2034 2647 2648 1546 1545 
2035 1163 1164 2649 2648 
2036 2648 2649 1547 1546 
2037 1164 1165 2650 2649 
2038 2649 2650 1548 1547 
2039 1165 1166 2651 2650 
2040 2650 2651 1549 1548 
2041 1166 1167 2652 2651 
2042 2651 2652 1550 1549 
2043 1167 6 184 2652 
2044 2652 184 7 1550 
2 2 3 2880
2045 3 75 2653 460 
2046 460 2653 2654 459 
2047 459 2654 2655 458 
2048 458 2655 2656 457 
2049 457 2656 2657 456 
2050 456 2657 2658 455 
2051 455 2658 2659 454 
2052 454 2659 2660 15 
2053 15 2660 2661 74 
2054 74 2661 2662 73 
2055 73 2662 2663 72 
2056 72 2663 2664 71 
2057 71 2664 2665 70 
2058 70 2665 2666 69 
2059 69 2666 2667 68 
2060 68 2667 377 2 
2061 75 76 2668 2653 
2062 2653 2668 2669 2654 
2063 2654 2669 2670 2655 
2064 2655 2670 2671 2656 
2065 2656 2671 2672 2657 
2066 2657 2672 2673 2658 
2067 2658 2673 2674 2659 
2068 2659 2674 2675 2660 
2069 2660 2675 2676 2661 
2070 2661 2676 2677 2662 
2071 2662 2677 2678 2663 
2072 2663 2678 2679 2664 
2073 2664 2679 2680 2665 
2074 2665 2680 2681 2666 
2075 2666 2681 2682 2667 
2076 2667 2682 378 377 
2077 76 77 2683 2668 
2078 2668 2683 2684 2669 
2079 2669 2684 2685 2670 
2080 2670 2685 2686 2671 
2081 2671 2686 2687 2672 
2082 2672 2687 2688 2673 
2083 2673 2688 2689 2674 
2084 2674 2689 2690 2675 
2085 2675 2690 2691 2676 
2086 2676 2691 2692 2677 
2087 2677 2692 2693 2678 
2088 2678 2693 2694 2679 
2089 2679 2694 2695 2680 
2090 2680 2695 2696 2681 
2091 2681 2696 2697 2682 
2092 2682 2697 379 378 
2093 77 78 2698 2683 
2094 2683 2698 2699 2684 
2095 2684 2699 2700 2685 
2096 2685 2700 2701 2686 
2097 2686 2701 2702 2687 
2098 2687 2702 2703 2688 
2099 2688 2703 2704 2689 
2100 2689 2704 2705 2690 
2101 2690 2705 2706 2691 
2102 2691 2706 2707 2692 
2103 2692 2707 2708 2693 
2104 2693 2708 2709 2694 
2105 2694 2709 2710 2695 
2106 2695 2710 2711 2696 
2107 2696 2711 2712 2697 
2108 2697 2712 380 379 
2109 78 79 2713 2698 
2110 2698 2713 2714 2699 
2111 2699 2714 2715 2700 
2112 2700 2715 2716 2701 
2113 2701 2716 2717 2702 
2114 2702 2717 2718 2703 
2115 2703 2718 2719 2704 
2116 2704 2719 2720 2705 
2117 2705 2720 2721 2706 
2118 2706 2721 2722 2707 
2119 2707 2722 2723 2708 
2120 2708 2723 2724 2709 
2121 2709 2724 2725 2710 
2122 2710 2725 2726 2711 
2123 2711 2726 2727 2712 
2124 2712 2727 381 380 
2125 79 80 2728 2713 
2126 2713 2728 2729 2714 
2127 2714 2729 2730 2715 
2128 2715 2730 2731 2716 
2129 2716 2731 2732 2717 
2130 2717 2732 2733 2718 
2131 2718 2733 2734 2719 
2132 2719 2734 2735 2720 
2133 2720 2735 2736 2721 
2134 2721 2736 2737 2722 
2135 2722 2737 2738 2723 
2136 2723 2738 2739 2724 
2137 2724 2739 2740 2725 
2138 2725 2740 2741 2726 
2139 2726 2741 2742 2727 
2140 2727 2742 382 381 
2141 80 81 2743 2728 
2142 2728 2743 2744 2729 
2143 2729 2744 2745 2730 
2144 2730 2745 2746 2731 
2145 2731 2746 2747 2732 
2146 2732 2747 2748 2733 
2147 2733 2748 2749 2734 
2148 2734 2749 2750 2735 
2149 2735 2750 2751 2736 
2150 2736 2751 2752 2737 
2151 2737 2752 2753 2738 
2152 2738 2753 2754 2739 
2153 2739 2754 2755 2740 
2154 2740 2755 2756 2741 
2155 2741 2756 2757 2742 
2156 2742 2757 383 382 
2157 81 82 2758 2743 
2158 2743 2758 2759 2744 
2159 2744 2759 2760 2745 
2160 2745 2760 2761 2746 
2161 2746 2761 2762 2747 
2162 2747 2762 2763 2748 
2163 2748 2763 2764 2749 
2164 2749 2764 2765 2750 
2165 2750 2765 2766 2751 
2166 2751 2766 2767 2752 
2167 2752 2767 2768 2753 
2168 2753 2768 2769 2754 
2169 2754 2769 2770 2755 
2170 2755 2770 2771 2756 
2171 2756 2771 2772 2757 
2172 2757 2772 384 383 
2173 82 83 2773 2758 
2174 2758 2773 2774 2759 
2175 2759 2774 2775 2760 
2176 2760 2775 2776 2761 
2177 2761 2776 2777 2762 
2178 2762 2777 2778 2763 
2179 2763 2778 2779 2764 
2180 2764 2779 2780 2765 
2181 2765 2780 2781 2766 
2182 2766 2781 2782 2767 
2183 2767 2782 2783 2768 
2184 2768 2783 2784 2769 
2185 2769 2784 2785 2770 
2186 2770 2785 2786 2771 
2187 2771 2786 2787 2772 
2188 2772 2787 385 384 
2189 83 84 2788 2773 
2190 2773 2788 2789 2774 
2191 2774 2789 2790 2775 
2192 2775 2790 2791 2776 
2193 2776 2791 2792 2777 
2194 2777 2792 2793 2778 
2195 2778 2793 2794 2779 
2196 2779 2794 2795 2780 
2197 2780 2795 2796 2781 
2198 2781 2796 2797 2782 
2199 2782 2797 2798 2783 
2200 2783 2798 2799 2784 
2201 2784 2799 2800 2785 
2202 2785 2800 2801 2786 
2203 2786 2801 2802 2787 
2204 2787 2802 386 385 
2205 84 85 2803 2788 
2206 2788 2803 2804 2789 
2207 2789 2804 2805 2790 
2208 2790 2805 2806 2791 
2209 2791 2806 2807 2792 
2210 2792 2807 2808 2793 
2211 2793 2808 2809 2794 
2212 2794 2809 2810 2795 
2213 2795 2810 2811 2796 
2214 2796 2811 2812 2797 
2215 2797 2812 2813 2798 
2216 2798 2813 2814 2799 
2217 2799 2814 2815 2800 
2218 2800 2815 2816 2801 
2219 2801 2816 2817 2802 
2220 2802 2817 387 386 
2221 85 86 2818 2803 
2222 2803 2818 2819 2804 
2223 2804 2819 2820 2805 
2224 2805 2820 2821 2806 
2225 2806 2821 2822 2807 
2226 2807 2822 2823 2808 
2227 2808 2823 2824 2809 
2228 2809 2824 2825 2810 
2229 2810 2825 2826 2811 
2230 2811 2826 2827 2812 
2231 2812 2827 2828 2813 
2232 2813 2828 2829 2814 
2233 2814 2829 2830 2815 
2234 2815 2830 2831 2816 
2235 2816 2831 2832 2817 
2236 2817 2832 388 387 
2237 86 87 2833 2818 
2238 2818 2833 2834 2819 
2239 2819 2834 2835 2820 
2240 2820 2835 2836 2821 
2241 2821 2836 2837 2822 
2242 2822 2837 2838 2823 
2243 2823 2838 2839 2824 
2244 2824 2839 2840 2825 
2245 2825 2840 2841 2826 
2246 2826 2841 2842 2827 
2247 2827 2842 2843 2828 
2248 2828 2843 2844 2829 
2249 2829 2844 2845 2830 
2250 2830 2845 2846 2831 
2251 2831 2846 2847 2832 
2252 2832 2847 389 388 
2253 87 88 2848 2833 
2254 2833 2848 2849 2834 
2255 2834 2849 2850 2835 
2256 2835 2850 2851 2836 
2257 2836 2851 2852 2837 
2258 2837 2852 2853 2838 
2259 2838 2853 2854 2839 
2260 2839 2854 2855 2840 
2261 2840 2855 2856 2841 
2262 2841 2856 2857 2842 
2263 2842 2857 2858 2843 
2264 2843 2858 2859 2844 
2265 2844 2859 2860 2845 
2266 2845 2860 2861 2846 
2267 2846 2861 2862 2847 
2268 2847 2862 390 389 
2269 88 89 2863 2848 
2270 2848 2863 2864 2849 
2271 2849 2864 2865 2850 
2272 2850 2865 2866 2851 
2273 2851 2866 2867 2852 
2274 2852 2867 2868 2853 
2275 2853 2868 2869 2854 
2276 2854 2869 2870 2855 
2277 2855 2870 2871 2856 
2278 2856 2871 2872 2857 
2279 2857 2872 2873 2858 
2280 2858 2873 2874 2859 
2281 2859 2874 2875 2860 
2282 2860 2875 2876 2861 
2283 2861 2876 2877 2862 
2284 2862 2877 391 390 
2285 89 90 2878 2863 
2286 2863 2878 2879 2864 
2287 2864 2879 2880 2865 
2288 2865 2880 2881 2866 
2289 2866 2881 2882 2867 
2290 2867 2882 2883 2868 
2291 2868 2883 2884 2869 
2292 2869 2884 2885 2870 
2293 2870 2885 2886 2871 
2294 2871 2886 2887 2872 
2295 2872 2887 2888 2873 
2296 2873 2888 2889 2874 
2297 2874 2889 2890 2875 
2298 2875 2890 2891 2876 
2299 2876 2891 2892 2877 
2300 2877 2892 392 391 
2301 90 91 2893 2878 
2302 2878 2893 2894 2879 
2303 2879 2894 2895 2880 
2304 2880 2895 2896 2881 
2305 2881 2896 2897 2882 
2306 2882 2897 2898 2883 
2307 2883 2898 2899 2884 
2308 2884 2899 2900 2885 
2309 2885 2900 2901 2886 
2310 2886 2901 2902 2887 
2311 2887 2902 2903 2888 
2312 2888 2903 2904 2889 
2313 2889 2904 2905 2890 
2314 2890 2905 2906 2891 
2315 2891 2906 2907 2892 
2316 2892 2907 393 392 
2317 91 92 2908 2893 
2318 2893 2908 2909 2894 
2319 2894 2909 2910 2895 
2320 2895 2910 2911 2896 
2321 2896 2911 2912 2897 
2322 2897 2912 2913 2898 
2323 2898 2913 2914 2899 
2324 2899 2914 2915 2900 
2325 2900 2915 2916 2901 
2326 2901 2916 2917 2902 
2327 2902 2917 2918 2903 
2328 2903 2918 2919 2904 
2329 2904 2919 2920 2905 
2330 2905 2920 2921 2906 
2331 2906 2921 2922 2907 
2332 2907 2922 394 393 
2333 92 93 2923 2908 
2334 2908 2923 2924 2909 
2335 2909 2924 2925 2910 
2336 2910 2925 2926 2911 
2337 2911 2926 2927 2912 
2338 2912 2927 2928 2913 
2339 2913 2928 2929 2914 
2340 2914 2929 2930 2915 
2341 2915 2930 2931 2916 
2342 2916 2931 2932 2917 
2343 2917 2932 2933 2918 
2344 2918 2933 2934 2919 
2345 2919 2934 2935 2920 
2346 2920 2935 2936 2921 
2347 2921 2936 2937 2922 
2348 2922 2937 395 394 
2349 93 94 2938 2923 
2350 2923 2938 2939 2924 
2351 2924 2939 2940 2925 
2352 2925 2940 2941 2926 
2353 2926 2941 2942 2927 
2354 2927 2942 2943 2928 
2355 2928 2943 2944 2929 
2356 2929 2944 2945 2930 
2357 2930 2945 2946 2931 
2358 2931 2946 2947 2932 
2359 2932 2947 2948 2933 
2360 2933 2948 2949 2934 
2361 2934 2949 2950 2935 
2362 2935 2950 2951 2936 
2363 2936 2951 2952 2937 
2364 2937 2952 396 395 
2365 94 95 2953 2938 
2366 2938 2953 2954 2939 
2367 2939 2954 2955 2940 
2368 2940 2955 2956 2941 
2369 2941 2956 2957 2942 
2370 2942 2957 2958 2943 
2371 2943 2958 2959 2944 
2372 2944 2959 2960 2945 
2373 2945 2960 2961 2946 
2374 2946 2961 2962 2947 
2375 2947 2962 2963 2948 
2376 2948 2963 2964 2949 
2377 2949 2964 2965 2950 
2378 2950 2965 2966 2951 
2379 2951 2966 2967 2952 
2380 2952 2967 397 396 
2381 95 96 2968 2953 
2382 2953 2968 2969 2954 
2383 2954 2969 2970 2955 
2384 2955 2970 2971 2956 
2385 2956 2971 2972 2957 
2386 2957 2972 2973 2958 
2387 2958 2973 2974 2959 
2388 2959 2974 2975 2960 
2389 2960 2975 2976 2961 
2390 2961 2976 2977 2962 
2391 2962 2977 2978 2963 
2392 2963 2978 2979 2964 
2393 2964 2979 2980 2965 
2394 2965 2980 2981 2966 
2395 2966 2981 2982 2967 
2396 2967 2982 398 397 
2397 96 97 2983 2968 
2398 2968 2983 2984 2969 
2399 2969 2984 2985 2970 
2400 2970 2985 2986 2971 
2401 2971 2986 2987 2972 
2402 2972 2987 2988 2973 
2403 2973 2988 2989 2974 
2404 2974 2989 2990 2975 
2405 2975 2990 2991 2976 
2406 2976 2991 2992 2977 
2407 2977 2992 2993 2978 
2408 2978 2993 2994 2979 
2409 2979 2994 2995 2980 
2410 2980 2995 2996 2981 
2411 2981 2996 2997 2982 
2412 2982 2997 399 398 
2413 97 98 2998 2983 
2414 2983 2998 2999 2984 
2415 2984 2999 3000 2985 
2416 2985 3000 3001 2986 
2417 2986 3001 3002 2987 
2418 2987 3002 3003 2988 
2419 2988 3003 3004 2989 
2420 2989 3004 3005 2990 
2421 2990 3005 3006 2991 
2422 2991 3006 3007 2992 
2423 2992 3007 3008 2993 
2424 2993 3008 3009 2994 
2425 2994 3009 3010 2995 
2426 2995 3010 3011 2996 
2427 2996 3011 3012 2997 
2428 2997 3012 400 399 
2429 98 99 3013 2998 
2430 2998 3013 3014 2999 
2431 2999 3014 3015 3000 
2432 3000 3015 3016 3001 
2433 3001 3016 3017 3002 
2434 3002 3017 3018 3003 
2435 3003 3018 3019 3004 
2436 3004 3019 3020 3005 
2437 3005 3020 3021 3006 
2438 3006 3021 3022 3007 
2439 3007 3022 3023 3008 
2440 3008 3023 3024 3009 
2441 3009 3024 3025 3010 
2442 3010 3025 3026 3011 
2443 3011 3026 3027 3012 
2444 3012 3027 401 400 
2445 99 100 3028 3013 
2446 3013 3028 3029 3014 
2447 3014 3029 3030 3015 
2448 3015 3030 3031 3016 
2449 3016 3031 3032 3017 
2450 3017 3032 3033 3018 
2451 3018 3033 3034 3019 
2452 3019 3034 3035 3020 
2453 3020 3035 3036 3021 
2454 3021 3036 3037 3022 
2455 3022 3037 3038 3023 
2456 3023 3038 3039 3024 
2457 3024 3039 3040 3025 
2458 3025 3040 3041 3026 
2459 3026 3041 3042 3027 
2460 3027 3042 402 401 
2461 100 101 3043 3028 
2462 3028 3043 3044 3029 
2463 3029 3044 3045 3030 
2464 3030 3045 3046 3031 
2465 3031 3046 3047 3032 
2466 3032 3047 3048 3033 
2467 3033 3048 3049 3034 
2468 3034 3049 3050 3035 
2469 3035 3050 3051 3036 
2470 3036 3051 3052 3037 
2471 3037 3052 3053 3038 
2472 3038 3053 3054 3039 
2473 3039 3054 3055 3040 
2474 3040 3055 3056 3041 
2475 3041 3056 3057 3042 
2476 3042 3057 403 402 
2477 101 102 3058 3043 
2478 3043 3058 3059 3044 
2479 3044 3059 3060 3045 
2480 3045 3060 3061 3046 
2481 3046 3061 3062 3047 
2482 3047 3062 3063 3048 
2483 3048 3063 3064 3049 
2484 3049 3064 3065 3050 
2485 3050 3065 3066 3051 
2486 3051 3066 3067 3052 
2487 3052 3067 3068 3053 
2488 3053 3068 3069 3054 
2489 3054 3069 3070 3055 
2490 3055 3070 3071 3056 
2491 3056 3071 3072 3057 
2492 3057 3072 404 403 
2493 102 103 3073 3058 
2494 3058 3073 3074 3059 
2495 3059 3074 3075 3060 
2496 3060 3075 3076 3061 
2497 3061 3076 3077 3062 
2498 3062 3077 3078 3063 
2499 3063 3078 3079 3064 
2500 3064 3079 3080 3065 
2501 3065 3080 3081 3066 
2502 3066 3081 3082 3067 
2503 3067 3082 3083 3068 
2504 3068 3083 3084 3069 
2505 3069 3084 3085 3070 
2506 3070 3085 3086 3071 
2507 3071 3086 3087 3072 
2508 3072 3087 405 404 
2509 103 104 3088 3073 
2510 3073 3088 3089 3074 
2511 3074 3089 3090 3075 
2512 3075 3090 3091 3076 
2513 3076 3091 3092 3077 
2514 3077 3092 3093 3078 
2515 3078 3093 3094 3079 
2516 3079 3094 3095 3080 
2517 3080 3095 3096 3081 
2518 3081 3096 3097 3082 
2519 3082 3097 3098 3083 
2520 3083 3098 3099 3084 
2521 3084 3099 3100 3085 
2522 3085 3100 3101 3086 
2523 3086 3101 3102 3087 
2524 3087 3102 406 405 
2525 104 105 3103 3088 
2526 3088 3103 3104 3089 
2527 3089 3104 3105 3090 
2528 3090 3105 3106 3091 
2529 3091 3106 3107 3092 
2530 3092 3107 3108 3093 
2531 3093 3108 3109 3094 
2532 3094 3109 3110 3095 
2533 3095 3110 3111 3096 
2534 3096 3111 3112 3097 
2535 3097 3112 3113 3098 
2536 3098 3113 3114 3099 
2537 3099 3114 3115 3100 
2538 3100 3115 3116 3101 
2539 3101 3116 3117 3102 
2540 3102 3117 407 406 
2541 105 106 3118 3103 
2542 3103 3118 3119 3104 
2543 3104 3119 3120 3105 
2544 3105 3120 3121 3106 
2545 3106 3121 3122 3107 
2546 3107 3122 3123 3108 
2547 3108 3123 3124 3109 
2548 3109 3124 3125 3110 
2549 3110 3125 3126 3111 
2550 3111 3126 3127 3112 
2551 3112 3127 3128 3113 
2552 3113 3128 3129 3114 
2553 3114 3129 3130 3115 
2554 3115 3130 3131 3116 
2555 3116 3131 3132 3117 
2556 3117 3132 408 407 
2557 106 107 3133 3118 
2558 3118 3133 3134 3119 
2559 3119 3134 3135 3120 
2560 3120 3135 3136 3121 
2561 3121 3136 3137 3122 
2562 3122 3137 3138 3123 
2563 3123 3138 3139 3124 
2564 3124 3139 3140 3125 
2565 3125 3140 3141 3126 
2566 3126 3141 3142 3127 
2567 3127 3142 3143 3128 
2568 3128 3143 3144 3129 
2569 3129 3144 3145 3130 
2570 3130 3145 3146 3131 
2571 3131 3146 3147 3132 
2572 3132 3147 409 408 
2573 107 108 3148 3133 
2574 3133 3148 3149 3134 
2575 3134 3149 3150 3135 
2576 3135 3150 3151 3136 
2577 3136 3151 3152 3137 
2578 3137 3152 3153 3138 
2579 3138 3153 3154 3139 
2580 3139 3154 3155 3140 
2581 3140 3155 3156 3141 
2582 3141 3156 3157 3142 
2583 3142 3157 3158 3143 
2584 3143 3158 3159 3144 
2585 3144 3159 3160 3145 
2586 3145 3160 3161 3146 
2587 3146 3161 3162 3147 
2588 3147 3162 410 409 
2589 108 109 3163 3148 
2590 3148 3163 3164 3149 
2591 3149 3164 3165 3150 
2592 3150 3165 3166 3151 
2593 3151 3166 3167 3152 
2594 3152 3167 3168 3153 
2595 3153 3168 3169 3154 
2596 3154 3169 3170 3155 
2597 3155 3170 3171 3156 
2598 3156 3171 3172 3157 
2599 3157 3172 3173 3158 
2600 3158 3173 3174 3159 
2601 3159 3174 3175 3160 
2602 3160 3175 3176 3161 
2603 3161 3176 3177 3162 
2604 3162 3177 411 410 
2605 109 110 3178 3163 
2606 3163 3178 3179 3164 
2607 3164 3179 3180 3165 
2608 3165 3180 3181 3166 
2609 3166 3181 3182 3167 
2610 3167 3182 3183 3168 
2611 3168 3183 3184 3169 
2612 3169 3184 3185 3170 
2613 3170 3185 3186 3171 
2614 3171 3186 3187 3172 
2615 3172 3187 3188 3173 
2616 3173 3188 3189 3174 
2617 3174 3189 3190 3175 
2618 3175 3190 3191 3176 
2619 3176 3191 3192 3177 
2620 3177 3192 412 411 
2621 110 111 3193 3178 
2622 3178 3193 3194 3179 
2623 3179 3194 3195 3180 
2624 3180 3195 3196 3181 
2625 3181 3196 3197 3182 
2626 3182 3197 3198 3183 
2627 3183 3198 3199 3184 
2628 3184 3199 3200 3185 
2629 3185 3200 3201 3186 
2630 3186 3201 3202 3187 
2631 3187 3202 3203 3188 
2632 3188 3203 3204 3189 
2633 3189 3204 3205 3190 
2634 3190 3205 3206 3191 
2635 3191 3206 3207 3192 
2636 3192 3207 413 412 
2637 111 112 3208 3193 
2638 3193 3208 3209 3194 
2639 3194 3209 3210 3195 
2640 3195 3210 3211 3196 
2641 3196 3211 3212 3197 
2642 3197 3212 3213 3198 
2643 3198 3213 3214 3199 
2644 3199 3214 3215 3200 
2645 3200 3215 3216 3201 
2646 3201 3216 3217 3202 
2647 3202 3217 3218 3203 
2648 3203 3218 3219 3204 
2649 3204 3219 3220 3205 
2650 3205 3220 3221 3206 
2651 3206 3221 3222 3207 
2652 3207 3222 414 413 
2653 112 113 3223 3208 
2654 3208 3223 3224 3209 
2655 3209 3224 3225 3210 
2656 3210 3225 3226 3211 
2657 3211 3226 3227 3212 
2658 3212 3227 3228 3213 
2659 3213 3228 3229 3214 
2660 3214 3229 3230 3215 
2661 3215 3230 3231 3216 
2662 3216 3231 3232 3217 
2663 3217 3232 3233 3218 
2664 3218 3233 3234 3219 
2665 3219 3234 3235 3220 
2666 3220 3235 3236 3221 
2667 3221 3236 3237 3222 
2668 3222 3237 415 414 
2669 113 114 3238 3223 
2670 3223 3238 3239 3224 
2671 3224 3239 3240 3225 
2672 3225 3240 3241 3226 
2673 3226 3241 3242 3227 
2674 3227 3242 3243 3228 
2675 3228 3243 3244 3229 
2676 3229 3244 3245 3230 
2677 3230 3245 3246 3231 
2678 3231 3246 3247 3232 
2679 3232 3247 3248 3233 
2680 3233 3248 3249 3234 
2681 3234 3249 3250 3235 
2682 3235 3250 3251 3236 
2683 3236 3251 3252 3237 
2684 3237 3252 416 415 
2685 114 115 3253 3238 
2686 3238 3253 3254 3239 
2687 3239 3254 3255 3240 
2688 3240 3255 3256 3241 
2689 3241 3256 3257 3242 
2690 3242 3257 3258 3243 
2691 3243 3258 3259 3244 
2692 3244 3259 3260 3245 
2693 3245 3260 3261 3246 
2694 3246 3261 3262 3247 
2695 3247 3262 3263 3248 
2696 3248 3263 3264 3249 
2697 3249 3264 3265 3250 
2698 3250 3265 3266 3251 
2699 3251 3266 3267 3252 
2700 3252 3267 417 416 
2701 115 116 3268 3253 
2702 3253 3268 3269 3254 
2703 3254 3269 3270 3255 
2704 3255 3270 3271 3256 
2705 3256 3271 3272 3257 
2706 3257 3272 3273 3258 
2707 3258 3273 3274 3259 
2708 3259 3274 3275 3260 
2709 3260 3275 3276 3261 
2710 3261 3276 3277 3262 
2711 3262 3277 3278 3263 
2712 3263 3278 3279 3264 
2713 3264 3279 3280 3265 
2714 3265 3280 3281 3266 
2715 3266 3281 3282 3267 
2716 3267 3282 418 417 
2717 116 117 3283 3268 
2718 3268 3283 3284 3269 
2719 3269 3284 3285 3270 
2720 3270 3285 3286 3271 
2721 3271 3286 3287 3272 
2722 3272 3287 3288 3273 
2723 3273 3288 3289 3274 
2724 3274 3289 3290 3275 
2725 3275 3290 3291 3276 
2726 3276 3291 3292 3277 
2727 3277 3292 3293 3278 
2728 3278 3293 3294 3279 
2729 3279 3294 3295 3280 
2730 3280 3295 3296 3281 
2731 3281 3296 3297 3282 
2732 3282 3297 419 418 
2733 117 118 3298 3283 
2734 3283 3298 3299 3284 
2735 3284 3299 3300 3285 
2736 3285 3300 3301 3286 
2737 3286 3301 3302 3287 
2738 3287 3302 3303 3288 
2739 3288 3303 3304 3289 
2740 3289 3304 3305 3290 
2741 3290 3305 3306 3291 
2742 3291 3306 3307 3292 
2743 3292 3307 3308 3293 
2744 3293 3308 3309 3294 
2745 3294 3309 3310 3295 
2746 3295 3310 3311 3296 
2747 3296 3311 3312 3297 
2748 3297 3312 420 419 
2749 118 119 3313 3298 
2750 3298 3313 3314 3299 
2751 3299 3314 3315 3300 
2752 3300 3315 3316 3301 
2753 3301 3316 3317 3302 
2754 3302 3317 3318 3303 
2755 3303 3318 3319 3304 
2756 3304 3319 3320 3305 
2757 3305 3320 3321 3306 
2758 3306 3321 3322 3307 
2759 3307 3322 3323 3308 
2760 3308 3323 3324 3309 
2761 3309 3324 3325 3310 
2762 3310 3325 3326 3311 
2763 3311 3326 3327 3312 
2764 3312 3327 421 420 
2765 119 120 3328 3313 
2766 3313 3328 3329 3314 
2767 3314 3329 3330 3315 
2768 3315 3330 3331 3316 
2769 3316 3331 3332 3317 
2770 3317 3332 3333 3318 
2771 3318 3333 3334 3319 
2772 3319 3334 3335 3320 
2773 3320 3335 3336 3321 
2774 3321 3336 3337 3322 
2775 3322 3337 3338 3323 
2776 3323 3338 3339 3324 
2777 3324 3339 3340 3325 
2778 3325 3340 3341 3326 
2779 3326 3341 3342 3327 
2780 3327 3342 422 421 
2781 120 121 3343 3328 
2782 3328 3343 3344 3329 
2783 3329 3344 3345 3330 
2784 3330 3345 3346 3331 
2785 3331 3346 3347 3332 
2786 3332 3347 3348 3333 
2787 3333 3348 3349 3334 
2788 3334 3349 3350 3335 
2789 3335 3350 3351 3336 
2790 3336 3351 3352 3337 
2791 3337 3352 3353 3338 
2792 3338 3353 3354 3339 
2793 3339 3354 3355 3340 
2794 3340 3355 3356 3341 
2795 3341 3356 3357 3342 
2796 3342 3357 423 422 
2797 121 122 3358 3343 
2798 3343 3358 3359 3344 
2799 3344 3359 3360 3345 
2800 3345 3360 3361 3346 
2801 3346 3361 3362 3347 
2802 3347 3362 3363 3348 
2803 3348 3363 3364 3349 
2804 3349 3364 3365 3350 
2805 3350 3365 3366 3351 
2806 3351 3366 3367 3352 
2807 3352 3367 3368 3353 
2808 3353 3368 3369 3354 
2809 3354 3369 3370 3355 
2810 3355 3370 3371 3356 
2811 3356 3371 3372 3357 
2812 3357 3372 424 423 
2813 122 123 3373 3358 
2814 3358 3373 3374 3359 
2815 3359 3374 3375 3360 
2816 3360 3375 3376 3361 
2817 3361 3376 3377 3362 
2818 3362 3377 3378 3363 
2819 3363 3378 3379 3364 
2820 3364 3379 3380 3365 
2821 3365 3380 3381 3366 
2822 3366 3381 3382 3367 
2823 3367 3382 3383 3368 
2824 3368 3383 3384 3369 
2825 3369 3384 3385 3370 
2826 3370 3385 3386 3371 
2827 3371 3386 3387 3372 
2828 3372 3387 425 424 
2829 123 124 3388 3373 
2830 3373 3388 3389 3374 
2831 3374 3389 3390 3375 
2832 3375 3390 3391 3376 
2833 3376 3391 3392 3377 
2834 3377 3392 3393 3378 
2835 3378 3393 3394 3379 
2836 3379 3394 3395 3380 
2837 3380 3395 3396 3381 
2838 3381 3396 3397 3382 
2839 3382 3397 3398 3383 
2840 3383 3398 3399 3384 
2841 3384 3399 3400 3385 
2842 3385 3400 3401 3386 
2843 3386 3401 3402 3387 
2844 3387 3402 426 425 
2845 124 125 3403 3388 
2846 3388 3403 3404 3389 
2847 3389 3404 3405 3390 
2848 3390 3405 3406 3391 
2849 3391 3406 3407 3392 
2850 3392 3407 3408 3393 
2851 3393 3408 3409 3394 
2852 3394 3409 3410 3395 
2853 3395 3410 3411 3396 
2854 3396 3411 3412 3397 
2855 3397 3412 3413 3398 
2856 3398 3413 3414 3399 
2857 3399 3414 3415 3400 
2858 3400 3415 3416 3401 
2859 3401 3416 3417 3402 
2860 3402 3417 427 426 
2861 125 126 3418 3403 
2862 3403 3418 3419 3404 
2863 3404 3419 3420 3405 
2864 3405 3420 3421 3406 
2865 3406 3421 3422 3407 
2866 3407 3422 3423 3408 
2867 3408 3423 3424 3409 
2868 3409 3424 3425 3410 
2869 3410 3425 3426 3411 
2870 3411 3426 3427 3412 
2871 3412 3427 3428 3413 
2872 3413 3428 3429 3414 
2873 3414 3429 3430 3415 
2874 3415 3430 3431 3416 
2875 3416 3431 3432 3417 
2876 3417 3432 428 427 
2877 126 127 3433 3418 
2878 3418 3433 3434 3419 
2879 3419 3434 3435 3420 
2880 3420 3435 3436 3421 
2881 3421 3436 3437 3422 
2882 3422 3437 3438 3423 
2883 3423 3438 3439 3424 
2884 3424 3439 3440 3425 
2885 3425 3440 3441 3426 
2886 3426 3441 3442 3427 
2887 3427 3442 3443 3428 
2888 3428 3443 3444 3429 
2889 3429 3444 3445 3430 
2890 3430 3445 3446 3431 
2891 3431 3446 3447 3432 
2892 3432 3447 429 428 
2893 127 128 3448 3433 
2894 3433 3448 3449 3434 
2895 3434 3449 3450 3435 
2896 3435 3450 3451 3436 
2897 3436 3451 3452 3437 
2898 3437 3452 3453 3438 
2899 3438 3453 3454 3439 
2900 3439 3454 3455 3440 
2901 3440 3455 3456 3441 
2902 3441 3456 3457 3442 
2903 3442 3457 3458 3443 
2904 3443 3458 3459 3444 
2905 3444 3459 3460 3445 
2906 3445 3460 3461 3446 
2907 3446 3461 3462 3447 
2908 3447 3462 430 429 
2909 128 129 3463 3448 
2910 3448 3463 3464 3449 
2911 3449 3464 3465 3450 
2912 3450 3465 3466 3451 
2913 3451 3466 3467 3452 
2914 3452 3467 3468 3453 
2915 3453 3468 3469 3454 
2916 3454 3469 3470 3455 
2917 3455 3470 3471 3456 
2918 3456 3471 3472 3457 
2919 3457 3472 3473 3458 
2920 3458 3473 3474 3459 
2921 3459 3474 3475 3460 
2922 3460 3475 3476 3461 
2923 3461 3476 3477 3462 
2924 3462 3477 431 430 
2925 129 130 3478 3463 
2926 3463 3478 3479 3464 
2927 3464 3479 3480 3465 
2928 3465 3480 3481 3466 
2929 3466 3481 3482 3467 
2930 3467 3482 3483 3468 
2931 3468 3483 3484 3469 
2932 3469 3484 3485 3470 
2933 3470 3485 3486 3471 
2934 3471 3486 3487 3472 
2935 3472 3487 3488 3473 
2936 3473 3488 3489 3474 
2937 3474 3489 3490 3475 
2938 3475 3490 3491 3476 
2939 3476 3491 3492 3477 
2940 3477 3492 432 431 
2941 130 131 3493 3478 
2942 3478 3493 3494 3479 
2943 3479 3494 3495 3480 
2944 3480 3495 3496 3481 
2945 3481 3496 3497 3482 
2946 3482 3497 3498 3483 
2947 3483 3498 3499 3484 
2948 3484 3499 3500 3485 
2949 3485 3500 3501 3486 
2950 3486 3501 3502 3487 
2951 3487 3502 3503 3488 
2952 3488 3503 3504 3489 
2953 3489 3504 3505 3490 
2954 3490 3505 3506 3491 
2955 3491 3506 3507 3492 
2956 3492 3507 433 432 
2957 131 132 3508 3493 
2958 3493 3508 3509 3494 
2959 3494 3509 3510 3495 
2960 3495 3510 3511 3496 
2961 3496 3511 3512 3497 
2962 3497 3512 3513 3498 
2963 3498 3513 3514 3499 
2964 3499 3514 3515 3500 
2965 3500 3515 3516 3501 
2966 3501 3516 3517 3502 
2967 3502 3517 3518 3503 
2968 3503 3518 3519 3504 
2969 3504 3519 3520 3505 
2970 3505 3520 3521 3506 
2971 3506 3521 3522 3507 
2972 3507 3522 434 433 
2973 132 133 3523 3508 
2974 3508 3523 3524 3509 
2975 3509 3524 3525 3510 
2976 3510 3525 3526 3511 
2977 3511 3526 3527 3512 
2978 3512 3527 3528 3513 
2979 3513 3528 3529 3514 
2980 3514 3529 3530 3515 
2981 3515 3530 3531 3516 
2982 3516 3531 3532 3517 
2983 3517 3532 3533 3518 
2984 3518 3533 3534 3519 
2985 3519 3534 3535 3520 
2986 3520 3535 3536 3521 
2987 3521 3536 3537 3522 
2988 3522 3537 435 434 
2989 133 134 3538 3523 
2990 3523 3538 3539 3524 
2991 3524 3539 3540 3525 
2992 3525 3540 3541 3526 
2993 3526 3541 3542 3527 
2994 3527 3542 3543 3528 
2995 3528 3543 3544 3529 
2996 3529 3544 3545 3530 
2997 3530 3545 3546 3531 
2998 3531 3546 3547 3532 
2999 3532 3547 3548 3533 
3000 3533 3548 3549 3534 
3001 3534 3549 3550 3535 
3002 3535 3550 3551 3536 
3003 3536 3551 3552 3537 
3004 3537 3552 436 435 
3005 134 135 3553 3538 
3006 3538 3553 3554 3539 
3007 3539 3554 3555 3540 
3008 3540 3555 3556 3541 
3009 3541 3556 3557 3542 
3010 3542 3557 3558 3543 
3011 3543 3558 3559 3544 
3012 3544 3559 3560 3545 
3013 3545 3560 3561 3546 
3014 3546 3561 3562 3547 
3015 3547 3562 3563 3548 
3016 3548 3563 3564 3549 
3017 3549 3564 3565 3550 
3018 3550 3565 3566 3551 
3019 3551 3566 3567 3552 
3020 3552 3567 437 436 
3021 135 136 3568 3553 
3022 3553 3568 3569 3554 
3023 3554 3569 3570 3555 
3024 3555 3570 3571 3556 
3025 3556 3571 3572 3557 
3026 3557 3572 3573 3558 
3027 3558 3573 3574 3559 
3028 3559 3574 3575 3560 
3029 3560 3575 3576 3561 
3030 3561 3576 3577 3562 
3031 3562 3577 3578 3563 
3032 3563 3578 3579 3564 
3033 3564 3579 3580 3565 
3034 3565 3580 3581 3566 
3035 3566 3581 3582 3567 
3036 3567 3582 438 437 
3037 136 137 3583 3568 
3038 3568 3583 3584 3569 
3039 3569 3584 3585 3570 
3040 3570 3585 3586 3571 
3041 3571 3586 3587 3572 
3042 3572 3587 3588 3573 
3043 3573 3588 3589 3574 
3044 3574 3589 3590 3575 
3045 3575 3590 3591 3576 
3046 3576 3591 3592 3577 
3047 3577 3592 3593 3578 
3048 3578 3593 3594 3579 
3049 3579 3594 3595 3580 
3050 3580 3595 3596 3581 
3051 3581 3596 3597 3582 
3052 3582 3597 439 438 
3053 137 138 3598 3583 
3054 3583 3598 3599 3584 
3055 3584 3599 3600 3585 
3056 3585 3600 3601 3586 
3057 3586 3601 3602 3587 
3058 3587 3602 3603 3588 
3059 3588 3603 3604 3589 
3060 3589 3604 3605 3590 
3061 3590 3605 3606 3591 
3062 3591 3606 3607 3592 
3063 3592 3607 3608 3593 
3064 3593 3608 3609 3594 
3065 3594 3609 3610 3595 
3066 3595 3610 3611 3596 
3067 3596 3611 3612 3597 
3068 3597 3612 440 439 
3069 138 139 3613 3598 
3070 3598 3613 3614 3599 
3071 3599 3614 3615 3600 
3072 3600 3615 3616 3601 
3073 3601 3616 3617 3602 
3074 3602 3617 3618 3603 
3075 3603 3618 3619 3604 
3076 3604 3619 3620 3605 
3077 3605 3620 3621 3606 
3078 3606 3621 3622 3607 
3079 3607 3622 3623 3608 
3080 3608 3623 3624 3609 
3081 3609 3624 3625 3610 
3082 3610 3625 3626 3611 
3083 3611 3626 3627 3612 
3084 3612 3627 441 440 
3085 139 140 3628 3613 
3086 3613 3628 3629 3614 
3087 3614 3629 3630 3615 
3088 3615 3630 3631 3616 
3089 3616 3631 3632 3617 
3090 3617 3632 3633 3618 
3091 3618 3633 3634 3619 
3092 3619 3634 3635 3620 
3093 3620 3635 3636 3621 
3094 3621 3636 3637 3622 
3095 3622 3637 3638 3623 
3096 3623 3638 3639 3624 
3097 3624 3639 3640 3625 
3098 3625 3640 3641 3626 
3099 3626 3641 3642 3627 
3100 3627 3642 442 441 
3101 140 141 3643 3628 
3102 3628 3643 3644 3629 
3103 3629 3644 3645 3630 
3104 3630 3645 3646 3631 
3105 3631 3646 3647 3632 
3106 3632 3647 3648 3633 
3107 3633 3648 3649 3634 
3108 3634 3649 3650 3635 
3109 3635 3650 3651 3636 
3110 3636 3651 3652 3637 
3111 3637 3652 3653 3638 
3112 3638 3653 3654 3639 
3113 3639 3654 3655 3640 
3114 3640 3655 3656 3641 
3115 3641 3656 3657 3642 
3116 3642 3657 443 442 
3117 141 142 3658 3643 
3118 3643 3658 3659 3644 
3119 3644 3659 3660 3645 
3120 3645 3660 3661 3646 
3121 3646 3661 3662 3647 
3122 3647 3662 3663 3648 
3123 3648 3663 3664 3649 
3124 3649 3664 3665 3650 
3125 3650 3665 3666 3651 
3126 3651 3666 3667 3652 
3127 3652 3667 3668 3653 
3128 3653 3668 3669 3654 
3129 3654 3669 3670 3655 
3130 3655 3670 3671 3656 
3131 3656 3671 3672 3657 
3132 3657 3672 444 443 
3133 142 143 3673 3658 
3134 3658 3673 3674 3659 
3135 3659 3674 3675 3660 
3136 3660 3675 3676 3661 
3137 3661 3676 3677 3662 
3138 3662 3677 3678 3663 
3139 3663 3678 3679 3664 
3140 3664 3679 3680 3665 
3141 3665 3680 3681 3666 
3142 3666 3681 3682 3667 
3143 3667 3682 3683 3668 
3144 3668 3683 3684 3669 
3145 3669 3684 3685 3670 
3146 3670 3685 3686 3671 
3147 3671 3686 3687 3672 
3148 3672 3687 445 444 
3149 143 144 3688 3673 
3150 3673 3688 3689 3674 
3151 3674 3689 3690 3675 
3152 3675 3690 3691 3676 
3153 3676 3691 3692 3677 
3154 3677 3692 3693 3678 
3155 3678 3693 3694 3679 
3156 3679 3694 3695 3680 
3157 3680 3695 3696 3681 
3158 3681 3696 3697 3682 
3159 3682 3697 3698 3683 
3160 3683 3698 3699 3684 
3161 3684 3699 3700 3685 
3162 3685 3700 3701 3686 
3163 3686 3701 3702 3687 
3164 3687 3702 446 445 
3165 144 145 3703 3688 
3166 3688 3703 3704 3689 
3167 3689 3704 3705 3690 
3168 3690 3705 3706 3691 
3169 3691 3706 3707 3692 
3170 3692 3707 3708 3693 
3171 3693 3708 3709 3694 
3172 3694 3709 3710 3695 
3173 3695 3710 3711 3696 
3174 3696 3711 3712 3697 
3175 3697 3712 3713 3698 
3176 3698 3713 3714 3699 
3177 3699 3714 3715 3700 
3178 3700 3715 3716 3701 
3179 3701 3716 3717 3702 
3180 3702 3717 447 446 
3181 145 146 3718 3703 
3182 3703 3718 3719 3704 
3183 3704 3719 3720 3705 
3184 3705 3720 3721 3706 
3185 3706 3721 3722 3707 
3186 3707 3722 3723 3708 
3187 3708 3723 3724 3709 
3188 3709 3724 3725 3710 
3189 3710 3725 3726 3711 
3190 3711 3726 3727 3712 
3191 3712 3727 3728 3713 
3192 3713 3728 3729 3714 
3193 3714 3729 3730 3715 
3194 3715 3730 3731 3716 
3195 3716 3731 3732 3717 
3196 3717 3732 448 447 
3197 146 147 3733 3718 
3198 3718 3733 3734 3719 
3199 3719 3734 3735 3720 
3200 3720 3735 3736 3721 
3201 3721 3736 3737 3722 
3202 3722 3737 3738 3723 
3203 3723 3738 3739 3724 
3204 3724 3739 3740 3725 
3205 3725 3740 3741 3726 
3206 3726 3741 3742 3727 
3207 3727 3742 3743 3728 
3208 3728 3743 3744 3729 
3209 3729 3744 3745 3730 
3210 3730 3745 3746 3731 
3211 3731 3746 3747 3732 
3212 3732 3747 449 448 
3213 147 148 3748 3733 
3214 3733 3748 3749 3734 
3215 3734 3749 3750 3735 
3216 3735 3750 3751 3736 
3217 3736 3751 3752 3737 
3218 3737 3752 3753 3738 
3219 3738 3753 3754 3739 
3220 3739 3754 3755 3740 
3221 3740 3755 3756 3741 
3222 3741 3756 3757 3742 
3223 3742 3757 3758 3743 
3224 3743 3758 3759 3744 
3225 3744 3759 3760 3745 
3226 3745 3760 3761 3746 
3227 3746 3761 3762 3747 
3228 3747 3762 450 449 
3229 148 149 3763 3748 
3230 3748 3763 3764 3749 
3231 3749 3764 3765 3750 
3232 3750 3765 3766 3751 
3233 3751 3766 3767 3752 
3234 3752 3767 3768 3753 
3235 3753 3768 3769 3754 
3236 3754 3769 3770 3755 
3237 3755 3770 3771 3756 
3238 3756 3771 3772 3757 
3239 3757 3772 3773 3758 
3240 3758 3773 3774 3759 
3241 3759 3774 3775 3760 
3242 3760 3775 3776 3761 
3243 3761 3776 3777 3762 
3244 3762 3777 451 450 
3245 149 150 3778 3763 
3246 3763 3778 3779 3764 
3247 3764 3779 3780 3765 
3248 3765 3780 3781 3766 
3249 3766 3781 3782 3767 
3250 3767 3782 3783 3768 
3251 3768 3783 3784 3769 
3252 3769 3784 3785 3770 
3253 3770 3785 3786 3771 
3254 3771 3786 3787 3772 
3255 3772 3787 3788 3773 
3256 3773 3788 3789 3774 
3257 3774 3789 3790 3775 
3258 3775 3790 3791 3776 
3259 3776 3791 3792 3777 
3260 3777 3792 452 451 
3261 150 151 3793 3778 
3262 3778 3793 3794 3779 
3263 3779 3794 3795 3780 
3264 3780 3795 3796 3781 
3265 3781 3796 3797 3782 
3266 3782 3797 3798 3783 
3267 3783 3798 3799 3784 
3268 3784 3799 3800 3785 
3269 3785 3800 3801 3786 
3270 3786 3801 3802 3787 
3271 3787 3802 3803 3788 
3272 3788 3803 3804 3789 
3273 3789 3804 3805 3790 
3274 3790 3805 3806 3791 
3275 3791 3806 3807 3792 
3276 3792 3807 453 452 
3277 151 16 3808 3793 
3278 3793 3808 3809 3794 
3279 3794 3809 3810 3795 
3280 3795 3810 3811 3796 
3281 3796 3811 3812 3797 
3282 3797 3812 3813 3798 
3283 3798 3813 3814 3799 
3284 3799 3814 3815 3800 
3285 3800 3815 3816 3801 
3286 3801 3816 3817 3802 
3287 3802 3817 3818 3803 
3288 3803 3818 3819 3804 
3289 3804 3819 3820 3805 
3290 3805 3820 3821 3806 
3291 3806 3821 3822 3807 
3292 3807 3822 13 453 
3293 16 461 3823 3808 
3294 3808 3823 3824 3809 
3295 3809 3824 3825 3810 
3296 3810 3825 3826 3811 
3297 3811 3826 3827 3812 
3298 3812 3827 3828 3813 
3299 3813 3828 3829 3814 
3300 3814 3829 3830 3815 
3301 3815 3830 3831 3816 
3302 3816 3831 3832 3817 
3303 3817 3832 3833 3818 
3304 3818 3833 3834 3819 
3305 3819 3834 3835 3820 
3306 3820 3835 3836 3821 
3307 3821 3836 3837 3822 
3308 3822 3837 569 13 
3309 461 462 3838 3823 
3310 3823 3838 3839 3824 
3311 3824 3839 3840 3825 
3312 3825 3840 3841 3826 
3313 3826 3841 3842 3827 
3314 3827 3842 3843 3828 
3315 3828 3843 3844 3829 
3316 3829 3844 3845 3830 
3317 3830 3845 3846 3831 
3318 3831 3846 3847 3832 
3319 3832 3847 3848 3833 
3320 3833 3848 3849 3834 
3321 3834 3849 3850 3835 
3322 3835 3850 3851 3836 
3323 3836 3851 3852 3837 
3324 3837 3852 570 569 
3325 462 463 3853 3838 
3326 3838 3853 3854 3839 
3327 3839 3854 3855 3840 
3328 3840 3855 3856 3841 
3329 3841 3856 3857 3842 
3330 3842 3857 3858 3843 
3331 3843 3858 3859 3844 
3332 3844 3859 3860 3845 
3333 3845 3860 3861 3846 
3334 3846 3861 3862 3847 
3335 3847 3862 3863 3848 
3336 3848 3863 3864 3849 
3337 3849 3864 3865 3850 
3338 3850 3865 3866 3851 
3339 3851 3866 3867 3852 
3340 3852 3867 571 570 
3341 463 464 3868 3853 
3342 3853 3868 3869 3854 
3343 3854 3869 3870 3855 
3344 3855 3870 3871 3856 
3345 3856 3871 3872 3857 
3346 3857 3872 3873 3858 
3347 3858 3873 3874 3859 
3348 3859 3874 3875 3860 
3349 3860 3875 3876 3861 
3350 3861 3876 3877 3862 
3351 3862 3877 3878 3863 
3352 3863 3878 3879 3864 
3353 3864 3879 3880 3865 
3354 3865 3880 3881 3866 
3355 3866 3881 3882 3867 
3356 3867 3882 572 571 
3357 464 465 3883 3868 
3358 3868 3883 3884 3869 
3359 3869 3884 3885 3870 
3360 3870 3885 3886 3871 
3361 3871 3886 3887 3872 
3362 3872 3887 3888 3873 
3363 3873 3888 3889 3874 
3364 3874 3889 3890 3875 
3365 3875 3890 3891 3876 
3366 3876 3891 3892 3877 
3367 3877 3892 3893 3878 
3368 3878 3893 3894 3879 
3369 3879 3894 3895 3880 
3370 3880 3895 3896 3881 
3371 3881 3896 3897 3882 
3372 3882 3897 573 572 
3373 465 466 3898 3883 
3374 3883 3898 3899 3884 
3375 3884 3899 3900 3885 
3376 3885 3900 3901 3886 
3377 3886 3901 3902 3887 
3378 3887 3902 3903 3888 
3379 3888 3903 3904 3889 
3380 3889 3904 3905 3890 
3381 3890 3905 3906 3891 
3382 3891 3906 3907 3892 
3383 3892 3907 3908 3893 
3384 3893 3908 3909 3894 
3385 3894 3909 3910 3895 
3386 3895 3910 3911 3896 
3387 3896 3911 3912 3897 
3388 3897 3912 574 573 
3389 466 467 3913 3898 
3390 3898 3913 3914 3899 
3391 3899 3914 3915 3900 
3392 3900 3915 3916 3901 
3393 3901 3916 3917 3902 
3394 3902 3917 3918 3903 
3395 3903 3918 3919 3904 
3396 3904 3919 3920 3905 
3397 3905 3920 3921 3906 
3398 3906 3921 3922 3907 
3399 3907 3922 3923 3908 
3400 3908 3923 3924 3909 
3401 3909 3924 3925 3910 
3402 3910 3925 3926 3911 
3403 3911 3926 3927 3912 
3404 3912 3927 575 574 
3405 467 468 3928 3913 
3406 3913 3928 3929 3914 
3407 3914 3929 3930 3915 
3408 3915 3930 3931 3916 
3409 3916 3931 3932 3917 
3410 3917 3932 3933 3918 
3411 3918 3933 3934 3919 
3412 3919 3934 3935 3920 
3413 3920 3935 3936 3921 
3414 3921 3936 3937 3922 
3415 3922 3937 3938 3923 
3416 3923 3938 3939 3924 
3417 3924 3939 3940 3925 
3418 3925 3940 3941 3926 
3419 3926 3941 3942 3927 
3420 3927 3942 576 575 
3421 468 469 3943 3928 
3422 3928 3943 3944 3929 
3423 3929 3944 3945 3930 
3424 3930 3945 3946 3931 
3425 3931 3946 3947 3932 
3426 3932 3947 3948 3933 
3427 3933 3948 3949 3934 
3428 3934 3949 3950 3935 
3429 3935 3950 3951 3936 
3430 3936 3951 3952 3937 
3431 3937 3952 3953 3938 
3432 3938 3953 3954 3939 
3433 3939 3954 3955 3940 
3434 3940 3955 3956 3941 
3435 3941 3956 3957 3942 
3436 3942 3957 577 576 
3437 469 470 3958 3943 
3438 3943 3958 3959 3944 
3439 3944 3959 3960 3945 
3440 3945 3960 3961 3946 
3441 3946 3961 3962 3947 
3442 3947 3962 3963 3948 
3443 3948 3963 3964 3949 
3444 3949 3964 3965 3950 
3445 3950 3965 3966 3951 
3446 3951 3966 3967 3952 
3447 3952 3967 3968 3953 
3448 3953 3968 3969 3954 
3449 3954 3969 3970 3955 
3450 3955 3970 3971 3956 
3451 3956 3971 3972 3957 
3452 3957 3972 578 577 
3453 470 471 3973 3958 
3454 3958 3973 3974 3959 
3455 3959 3974 3975 3960 
3456 3960 3975 3976 3961 
3457 3961 3976 3977 3962 
3458 3962 3977 3978 3963 
3459 3963 3978 3979 3964 
3460 3964 3979 3980 3965 
3461 3965 3980 3981 3966 
3462 3966 3981 3982 3967 
3463 3967 3982 3983 3968 
3464 3968 3983 3984 3969 
3465 3969 3984 3985 3970 
3466 3970 3985 3986 3971 
3467 3971 3986 3987 3972 
3468 3972 3987 579 578 
3469 471 472 3988 3973 
3470 3973 3988 3989 3974 
3471 3974 3989 3990 3975 
3472 3975 3990 3991 3976 
3473 3976 3991 3992 3977 
3474 3977 3992 3993 3978 
3475 3978 3993 3994 3979 
3476 3979 3994 3995 3980 
3477 3980 3995 3996 3981 
3478 3981 3996 3997 3982 
3479 3982 3997 3998 3983 
3480 3983 3998 3999 3984 
3481 3984 3999 4000 3985 
3482 3985 4000 4001 3986 
3483 3986 4001 4002 3987 
3484 3987 4002 580 579 
3485 472 473 4003 3988 
3486 3988 4003 4004 3989 
3487 3989 4004 4005 3990 
3488 3990 4005 4006 3991 
3489 3991 4006 4007 3992 
3490 3992 4007 4008 3993 
3491 3993 4008 4009 3994 
3492 3994 4009 4010 3995 
3493 3995 4010 4011 3996 
3494 3996 4011 4012 3997 
3495 3997 4012 4013 3998 
3496 3998 4013 4014 3999 
3497 3999 4014 4015 4000 
3498 4000 4015 4016 4001 
3499 4001 4016 4017 4002 
3500 4002 4017 581 580 
3501 473 474 4018 4003 
3502 4003 4018 4019 4004 
3503 4004 4019 4020 4005 
3504 4005 4020 4021 4006 
3505 4006 4021 4022 4007 
3506 4007 4022 4023 4008 
3507 4008 4023 4024 4009 
3508 4009 4024 4025 4010 
3509 4010 4025 4026 4011 
3510 4011 4026 4027 4012 
3511 4012 4027 4028 4013 
3512 4013 4028 4029 4014 
3513 4014 4029 4030 4015 
3514 4015 4030 4031 4016 
3515 4016 4031 4032 4017 
3516 4017 4032 582 581 
3517 474 475 4033 4018 
3518 4018 4033 4034 4019 
3519 4019 4034 4035 4020 
3520 4020 4035 4036 4021 
3521 4021 4036 4037 4022 
3522 4022 4037 4038 4023 
3523 4023 4038 4039 4024 
3524 4024 4039 4040 4025 
3525 4025 4040 4041 4026 
3526 4026 4041 4042 4027 
3527 4027 4042 4043 4028 
3528 4028 4043 4044 4029 
3529 4029 4044 4045 4030 
3530 4030 4045 4046 4031 
3531 4031 4046 4047 4032 
3532 4032 4047 583 582 
3533 475 476 4048 4033 
3534 4033 4048 4049 4034 
3535 4034 4049 4050 4035 
3536 4035 4050 4051 4036 
3537 4036 4051 4052 4037 
3538 4037 4052 4053 4038 
3539 4038 4053 4054 4039 
3540 4039 4054 4055 4040 
3541 4040 4055 4056 4041 
3542 4041 4056 4057 4042 
3543 4042 4057 4058 4043 
3544 4043 4058 4059 4044 
3545 4044 4059 4060 4045 
3546 4045 4060 4061 4046 
3547 4046 4061 4062 4047 
3548 4047 4062 584 583 
3549 476 477 4063 4048 
3550 4048 4063 4064 4049 
3551 4049 4064 4065 4050 
3552 4050 4065 4066 4051 
3553 4051 4066 4067 4052 
3554 4052 4067 4068 4053 
3555 4053 4068 4069 4054 
3556 4054 4069 4070 4055 
3557 4055 4070 4071 4056 
3558 4056 4071 4072 4057 
3559 4057 4072 4073 4058 
3560 4058 4073 4074 4059 
3561 4059 4074 4075 4060 
3562 4060 4075 4076 4061 
3563 4061 4076 4077 4062 
3564 4062 4077 585 584 
3565 477 478 4078 4063 
3566 4063 4078 4079 4064 
3567 4064 4079 4080 4065 
3568 4065 4080 4081 4066 
3569 4066 4081 4082 4067 
3570 4067 4082 4083 4068 
3571 4068 4083 4084 4069 
3572 4069 4084 4085 4070 
3573 4070 4085 4086 4071 
3574 4071 4086 4087 4072 
3575 4072 4087 4088 4073 
3576 4073 4088 4089 4074 
3577 4074 4089 4090 4075 
3578 4075 4090 4091 4076 
3579 4076 4091 4092 4077 
3580 4077 4092 586 585 
3581 478 479 4093 4078 
3582 4078 4093 4094 4079 
3583 4079 4094 4095 4080 
3584 4080 4095 4096 4081 
3585 4081 4096 4097 4082 
3586 4082 4097 4098 4083 
3587 4083 4098 4099 4084 
3588 4084 4099 4100 4085 
3589 4085 4100 4101 4086 
3590 4086 4101 4102 4087 
3591 4087 4102 4103 4088 
3592 4088 4103 4104 4089 
3593 4089 4104 4105 4090 
3594 4090 4105 4106 4091 
3595 4091 4106 4107 4092 
3596 4092 4107 587 586 
3597 479 480 4108 4093 
3598 4093 4108 4109 4094 
3599 4094 4109 4110 4095 
3600 4095 4110 4111 4096 
3601 4096 4111 4112 4097 
3602 4097 4112 4113 4098 
3603 4098 4113 4114 4099 
3604 4099 4114 4115 4100 
3605 4100 4115 4116 4101 
3606 4101 4116 4117 4102 
3607 4102 4117 4118 4103 
3608 4103 4118 4119 4104 
3609 4104 4119 4120 4105 
3610 4105 4120 4121 4106 
3611 4106 4121 4122 4107 
3612 4107 4122 588 587 
3613 480 481 4123 4108 
3614 4108 4123 4124 4109 
3615 4109 4124 4125 4110 
3616 4110 4125 4126 4111 
3617 4111 4126 4127 4112 
3618 4112 4127 4128 4113 
3619 4113 4128 4129 4114 
3620 4114 4129 4130 4115 
3621 4115 4130 4131 4116 
3622 4116 4131 4132 4117 
3623 4117 4132 4133 4118 
3624 4118 4133 4134 4119 
3625 4119 4134 4135 4120 
3626 4120 4135 4136 4121 
3627 4121 4136 4137 4122 
3628 4122 4137 589 588 
3629 481 482 4138 4123 
3630 4123 4138 4139 4124 
3631 4124 4139 4140 4125 
3632 4125 4140 4141 4126 
3633 4126 4141 4142 4127 
3634 4127 4142 4143 4128 
3635 4128 4143 4144 4129 
3636 4129 4144 4145 4130 
3637 4130 4145 4146 4131 
3638 4131 4146 4147 4132 
3639 4132 4147 4148 4133 
3640 4133 4148 4149 4134 
3641 4134 4149 4150 4135 
3642 4135 4150 4151 4136 
3643 4136 4151 4152 4137 
3644 4137 4152 590 589 
3645 482 483 4153 4138 
3646 4138 4153 4154 4139 
3647 4139 4154 4155 4140 
3648 4140 4155 4156 4141 
3649 4141 4156 4157 4142 
3650 4142 4157 4158 4143 
3651 4143 4158 4159 4144 
3652 4144 4159 4160 4145 
3653 4145 4160 4161 4146 
3654 4146 4161 4162 4147 
3655 4147 4162 4163 4148 
3656 4148 4163 4164 4149 
3657 4149 4164 4165 4150 
3658 4150 4165 4166 4151 
3659 4151 4166 4167 4152 
3660 4152 4167 591 590 
3661 483 484 4168 4153 
3662 4153 4168 4169 4154 
3663 4154 4169 4170 4155 
3664 4155 4170 4171 4156 
3665 4156 4171 4172 4157 
3666 4157 4172 4173 4158 
3667 4158 4173 4174 4159 
3668 4159 4174 4175 4160 
3669 4160 4175 4176 4161 
3670 4161 4176 4177 4162 
3671 4162 4177 4178 4163 
3672 4163 4178 4179 4164 
3673 4164 4179 4180 4165 
3674 4165 4180 4181 4166 
3675 4166 4181 4182 4167 
3676 4167 4182 592 591 
3677 484 485 4183 4168 
3678 4168 4183 4184 4169 
3679 4169 4184 4185 4170 
3680 4170 4185 4186 4171 
3681 4171 4186 4187 4172 
3682 4172 4187 4188 4173 
3683 4173 4188 4189 4174 
3684 4174 4189 4190 4175 
3685 4175 4190 4191 4176 
3686 4176 4191 4192 4177 
3687 4177 4192 4193 4178 
3688 4178 4193 4194 4179 
3689 4179 4194 4195 4180 
3690 4180 4195 4196 4181 
3691 4181 4196 4197 4182 
3692 4182 4197 593 592 
3693 485 486 4198 4183 
3694 4183 4198 4199 4184 
3695 4184 4199 4200 4185 
3696 4185 4200 4201 4186 
3697 4186 4201 4202 4187 
3698 4187 4202 4203 4188 
3699 4188 4203 4204 4189 
3700 4189 4204 4205 4190 
3701 4190 4205 4206 4191 
3702 4191 4206 4207 4192 
3703 4192 4207 4208 4193 
3704 4193 4208 4209 4194 
3705 4194 4209 4210 4195 
3706 4195 4210 4211 4196 
3707 4196 4211 4212 4197 
3708 4197 4212 594 593 
3709 486 487 4213 4198 
3710 4198 4213 4214 4199 
3711 4199 4214 4215 4200 
3712 4200 4215 4216 4201 
3713 4201 4216 4217 4202 
3714 4202 4217 4218 4203 
3715 4203 4218 4219 4204 
3716 4204 4219 4220 4205 
3717 4205 4220 4221 4206 
3718 4206 4221 4222 4207 
3719 4207 4222 4223 4208 
3720 4208 4223 4224 4209 
3721 4209 4224 4225 4210 
3722 4210 4225 4226 4211 
3723 4211 4226 4227 4212 
3724 4212 4227 595 594 
3725 487 488 4228 4213 
3726 4213 4228 4229 4214 
3727 4214 4229 4230 4215 
3728 4215 4230 4231 4216 
3729 4216 4231 4232 4217 
3730 4217 4232 4233 4218 
3731 4218 4233 4234 4219 
3732 4219 4234 4235 4220 
3733 4220 4235 4236 4221 
3734 4221 4236 4237 4222 
3735 4222 4237 4238 4223 
3736 4223 4238 4239 4224 
3737 4224 4239 4240 4225 
3738 4225 4240 4241 4226 
3739 4226 4241 4242 4227 
3740 4227 4242 596 595 
3741 488 489 4243 4228 
3742 4228 4243 4244 4229 
3743 4229 4244 4245 4230 
3744 4230 4245 4246 4231 
3745 4231 4246 4247 4232 
3746 4232 4247 4248 4233 
3747 4233 4248 4249 4234 
3748 4234 4249 4250 4235 
3749 4235 4250 4251 4236 
3750 4236 4251 4252 4237 
3751 4237 4252 4253 4238 
3752 4238 4253 4254 4239 
3753 4239 4254 4255 4240 
3754 4240 4255 4256 4241 
3755 4241 4256 4257 4242 
3756 4242 4257 597 596 
3757 489 490 4258 4243 
3758 4243 4258 4259 4244 
3759 4244 4259 4260 4245 
3760 4245 4260 4261 4246 
3761 4246 4261 4262 4247 
3762 4247 4262 4263 4248 
3763 4248 4263 4264 4249 
3764 4249 4264 4265 4250 
3765 4250 4265 4266 4251 
3766 4251 4266 4267 4252 
3767 4252 4267 4268 4253 
3768 4253 4268 4269 4254 
3769 4254 4269 4270 4255 
3770 4255 4270 4271 4256 
3771 4256 4271 4272 4257 
3772 4257 4272 598 597 
3773 490 491 4273 4258 
3774 4258 4273 4274 4259 
3775 4259 4274 4275 4260 
3776 4260 4275 4276 4261 
3777 4261 4276 4277 4262 
3778 4262 4277 4278 4263 
3779 4263 4278 4279 4264 
3780 4264 4279 4280 4265 
3781 4265 4280 4281 4266 
3782 4266 4281 4282 4267 
3783 4267 4282 4283 4268 
3784 4268 4283 4284 4269 
3785 4269 4284 4285 4270 
3786 4270 4285 4286 4271 
3787 4271 4286 4287 4272 
3788 4272 4287 599 598 
3789 491 492 4288 4273 
3790 4273 4288 4289 4274 
3791 4274 4289 4290 4275 
3792 4275 4290 4291 4276 
3793 4276 4291 4292 4277 
3794 4277 4292 4293 4278 
3795 4278 4293 4294 4279 
3796 4279 4294 4295 4280 
3797 4280 4295 4296 4281 
3798 4281 4296 4297 4282 
3799 4282 4297 4298 4283 
3800 4283 4298 4299 4284 
3801 4284 4299 4300 4285 
3802 4285 4300 4301 4286 
3803 4286 4301 4302 4287 
3804 4287 4302 600 599 
3805 492 493 4303 4288 
3806 4288 4303 4304 4289 
3807 4289 4304 4305 4290 
3808 4290 4305 4306 4291 
3809 4291 4306 4307 4292 
3810 4292 4307 4308 4293 
3811 4293 4308 4309 4294 
3812 4294 4309 4310 4295 
3813 4295 4310 4311 4296 
3814 4296 4311 4312 4297 
3815 4297 4312 4313 4298 
3816 4298 4313 4314 4299 
3817 4299 4314 4315 4300 
3818 4300 4315 4316 4301 
3819 4301 4316 4317 4302 
3820 4302 4317 601 600 
3821 493 494 4318 4303 
3822 4303 4318 4319 4304 
3823 4304 4319 4320 4305 
3824 4305 4320 4321 4306 
3825 4306 4321 4322 4307 
3826 4307 4322 4323 4308 
3827 4308 4323 4324 4309 
3828 4309 4324 4325 4310 
3829 4310 4325 4326 4311 
3830 4311 4326 4327 4312 
3831 4312 4327 4328 4313 
3832 4313 4328 4329 4314 
3833 4314 4329 4330 4315 
3834 4315 4330 4331 4316 
3835 4316 4331 4332 4317 
3836 4317 4332 602 601 
3837 494 495 4333 4318 
3838 4318 4333 4334 4319 
3839 4319 4334 4335 4320 
3840 4320 4335 4336 4321 
3841 4321 4336 4337 4322 
3842 4322 4337 4338 4323 
3843 4323 4338 4339 4324 
3844 4324 4339 4340 4325 
3845 4325 4340 4341 4326 
3846 4326 4341 4342 4327 
3847 4327 4342 4343 4328 
3848 4328 4343 4344 4329 
3849 4329 4344 4345 4330 
3850 4330 4345 4346 4331 
3851 4331 4346 4347 4332 
3852 4332 4347 603 602 
3853 495 496 4348 4333 
3854 4333 4348 4349 4334 
3855 4334 4349 4350 4335 
3856 4335 4350 4351 4336 
3857 4336 4351 4352 4337 
3858 4337 4352 4353 4338 
3859 4338 4353 4354 4339 
3860 4339 4354 4355 4340 
3861 4340 4355 4356 4341 
3862 4341 4356 4357 4342 
3863 4342 4357 4358 4343 
3864 4343 4358 4359 4344 
3865 4344 4359 4360 4345 
3866 4345 4360 4361 4346 
3867 4346 4361 4362 4347 
3868 4347 4362 604 603 
3869 496 497 4363 4348 
3870 4348 4363 4364 4349 
3871 4349 4364 4365 4350 
3872 4350 4365 4366 4351 
3873 4351 4366 4367 4352 
3874 4352 4367 4368 4353 
3875 4353 4368 4369 4354 
3876 4354 4369 4370 4355 
3877 4355 4370 4371 4356 
3878 4356 4371 4372 4357 
3879 4357 4372 4373 4358 
3880 4358 4373 4374 4359 
3881 4359 4374 4375 4360 
3882 4360 4375 4376 4361 
3883 4361 4376 4377 4362 
3884 4362 4377 605 604 
3885 497 498 4378 4363 
3886 4363 4378 4379 4364 
3887 4364 4379 4380 4365 
3888 4365 4380 4381 4366 
3889 4366 4381 4382 4367 
3890 4367 4382 4383 4368 
3891 4368 4383 4384 4369 
3892 4369 4384 4385 4370 
3893 4370 4385 4386 4371 
3894 4371 4386 4387 4372 
3895 4372 4387 4388 4373 
3896 4373 4388 4389 4374 
3897 4374 4389 4390 4375 
3898 4375 4390 4391 4376 
3899 4376 4391 4392 4377 
3900 4377 4392 606 605 
3901 498 499 4393 4378 
3902 4378 4393 4394 4379 
3903 4379 4394 4395 4380 
3904 4380 4395 4396 4381 
3905 4381 4396 4397 4382 
3906 4382 4397 4398 4383 
3907 4383 4398 4399 4384 
3908 4384 4399 4400 4385 
3909 4385 4400 4401 4386 
3910 4386 4401 4402 4387 
3911 4387 4402 4403 4388 
3912 4388 4403 4404 4389 
3913 4389 4404 4405 4390 
3914 4390 4405 4406 4391 
3915 4391 4406 4407 4392 
3916 4392 4407 607 606 
3917 499 500 4408 4393 
3918 4393 4408 4409 4394 
3919 4394 4409 4410 4395 
3920 4395 4410 4411 4396 
3921 4396 4411 4412 4397 
3922 4397 4412 4413 4398 
3923 4398 4413 4414 4399 
3924 4399 4414 4415 4400 
3925 4400 4415 4416 4401 
3926 4401 4416 4417 4402 
3927 4402 4417 4418 4403 
3928 4403 4418 4419 4404 
3929 4404 4419 4420 4405 
3930 4405 4420 4421 4406 
3931 4406 4421 4422 4407 
3932 4407 4422 608 607 
3933 500 501 4423 4408 
3934 4408 4423 4424 4409 
3935 4409 4424 4425 4410 
3936 4410 4425 4426 4411 
3937 4411 4426 4427 4412 
3938 4412 4427 4428 4413 
3939 4413 4428 4429 4414 
3940 4414 4429 4430 4415 
3941 4415 4430 4431 4416 
3942 4416 4431 4432 4417 
3943 4417 4432 4433 4418 
3944 4418 4433 4434 4419 
3945 4419 4434 4435 4420 
3946 4420 4435 4436 4421 
3947 4421 4436 4437 4422 
3948 4422 4437 609 608 
3949 501 502 4438 4423 
3950 4423 4438 4439 4424 
3951 4424 4439 4440 4425 
3952 4425 4440 4441 4426 
3953 4426 4441 4442 4427 
3954 4427 4442 4443 4428 
3955 4428 4443 4444 4429 
3956 4429 4444 4445 4430 
3957 4430 4445 4446 4431 
3958 4431 4446 4447 4432 
3959 4432 4447 4448 4433 
3960 4433 4448 4449 4434 
3961 4434 4449 4450 4435 
3962 4435 4450 4451 4436 
3963 4436 4451 4452 4437 
3964 4437 4452 610 609 
3965 502 503 4453 4438 
3966 4438 4453 4454 4439 
3967 4439 4454 4455 4440 
3968 4440 4455 4456 4441 
3969 4441 4456 4457 4442 
3970 4442 4457 4458 4443 
3971 4443 4458 4459 4444 
3972 4444 4459 4460 4445 
3973 4445 4460 4461 4446 
3974 4446 4461 4462 4447 
3975 4447 4462 4463 4448 
3976 4448 4463 4464 4449 
3977 4449 4464 4465 4450 
3978 4450 4465 4466 4451 
3979 4451 4466 4467 4452 
3980 4452 4467 611 610 
3981 503 504 4468 4453 
3982 4453 4468 4469 4454 
3983 4454 4469 4470 4455 
3984 4455 4470 4471 4456 
3985 4456 4471 4472 4457 
3986 4457 4472 4473 4458 
3987 4458 4473 4474 4459 
3988 4459 4474 4475 4460 
3989 4460 4475 4476 4461 
3990 4461 4476 4477 4462 
3991 4462 4477 4478 4463 
3992 4463 4478 4479 4464 
3993 4464 4479 4480 4465 
3994 4465 4480 4481 4466 
3995 4466 4481 4482 4467 
3996 4467 4482 612 611 
3997 504 505 4483 4468 
3998 4468 4483 4484 4469 
3999 4469 4484 4485 4470 
4000 4470 4485 4486 4471 
4001 4471 4486 4487 4472 
4002 4472 4487 4488 4473 
4003 4473 4488 4489 4474 
4004 4474 4489 4490 4475 
4005 4475 4490 4491 4476 
4006 4476 4491 4492 4477 
4007 4477 4492 4493 4478 
4008 4478 4493 4494 4479 
4009 4479 4494 4495 4480 
4010 4480 4495 4496 4481 
4011 4481 4496 4497 4482 
4012 4482 4497 613 612 
4013 505 506 4498 4483 
4014 4483 4498 4499 4484 
4015 4484 4499 4500 4485 
4016 4485 4500 4501 4486 
4017 4486 4501 4502 4487 
4018 4487 4502 4503 4488 
4019 4488 4503 4504 4489 
4020 4489 4504 4505 4490 
4021 4490 4505 4506 4491 
4022 4491 4506 4507 4492 
4023 4492 4507 4508 4493 
4024 4493 4508 4509 4494 
4025 4494 4509 4510 4495 
4026 4495 4510 4511 4496 
4027 4496 4511 4512 4497 
4028 4497 4512 614 613 
4029 506 507 4513 4498 
4030 4498 4513 4514 4499 
4031 4499 4514 4515 4500 
4032 4500 4515 4516 4501 
4033 4501 4516 4517 4502 
4034 4502 4517 4518 4503 
4035 4503 4518 4519 4504 
4036 4504 4519 4520 4505 
4037 4505 4520 4521 4506 
4038 4506 4521 4522 4507 
4039 4507 4522 4523 4508 
4040 4508 4523 4524 4509 
4041 4509 4524 4525 4510 
4042 4510 4525 4526 4511 
4043 4511 4526 4527 4512 
4044 4512 4527 615 614 
4045 507 508 4528 4513 
4046 4513 4528 4529 4514 
4047 4514 4529 4530 4515 
4048 4515 4530 4531 4516 
4049 4516 4531 4532 4517 
4050 4517 4532 4533 4518 
4051 4518 4533 4534 4519 
4052 4519 4534 4535 4520 
4053 4520 4535 4536 4521 
4054 4521 4536 4537 4522 
4055 4522 4537 4538 4523 
4056 4523 4538 4539 4524 
4057 4524 4539 4540 4525 
4058 4525 4540 4541 4526 
4059 4526 4541 4542 4527 
4060 4527 4542 616 615 
4061 508 509 4543 4528 
4062 4528 4543 4544 4529 
4063 4529 4544 4545 4530 
4064 4530 4545 4546 4531 
4065 4531 4546 4547 4532 
4066 4532 4547 4548 4533 
4067 4533 4548 4549 4534 
4068 4534 4549 4550 4535 
4069 4535 4550 4551 4536 
4070 4536 4551 4552 4537 
4071 4537 4552 4553 4538 
4072 4538 4553 4554 4539 
4073 4539 4554 4555 4540 
4074 4540 4555 4556 4541 
4075 4541 4556 4557 4542 
4076 4542 4557 617 616 
4077 509 510 4558 4543 
4078 4543 4558 4559 4544 
4079 4544 4559 4560 4545 
4080 4545 4560 4561 4546 
4081 4546 4561 4562 4547 
4082 4547 4562 4563 4548 
4083 4548 4563 4564 4549 
4084 4549 4564 4565 4550 
4085 4550 4565 4566 4551 
4086 4551 4566 4567 4552 
4087 4552 4567 4568 4553 
4088 4553 4568 4569 4554 
4089 4554 4569 4570 4555 
4090 4555 4570 4571 4556 
4091 4556 4571 4572 4557 
4092 4557 4572 618 617 
4093 510 511 4573 4558 
4094 4558 4573 4574 4559 
4095 4559 4574 4575 4560 
4096 4560 4575 4576 4561 
4097 4561 4576 4577 4562 
4098 4562 4577 4578 4563 
4099 4563 4578 4579 4564 
4100 4564 4579 4580 4565 
4101 4565 4580 4581 4566 
4102 4566 4581 4582 4567 
4103 4567 4582 4583 4568 
4104 4568 4583 4584 4569 
4105 4569 4584 4585 4570 
4106 4570 4585 4586 4571 
4107 4571 4586 4587 4572 
4108 4572 4587 619 618 
4109 511 512 4588 4573 
4110 4573 4588 4589 4574 
4111 4574 4589 4590 4575 
4112 4575 4590 4591 4576 
4113 4576 4591 4592 4577 
4114 4577 4592 4593 4578 
4115 4578 4593 4594 4579 
4116 4579 4594 4595 4580 
4117 4580 4595 4596 4581 
4118 4581 4596 4597 4582 
4119 4582 4597 4598 4583 
4120 4583 4598 4599 4584 
4121 4584 4599 4600 4585 
4122 4585 4600 4601 4586 
4123 4586 4601 4602 4587 
4124 4587 4602 620 619 
4125 512 513 4603 4588 
4126 4588 4603 4604 4589 
4127 4589 4604 4605 4590 
4128 4590 4605 4606 4591 
4129 4591 4606 4607 4592 
4130 4592 4607 4608 4593 
4131 4593 4608 4609 4594 
4132 4594 4609 4610 4595 
4133 4595 4610 4611 4596 
4134 4596 4611 4612 4597 
4135 4597 4612 4613 4598 
4136 4598 4613 4614 4599 
4137 4599 4614 4615 4600 
4138 4600 4615 4616 4601 
4139 4601 4616 4617 4602 
4140 4602 4617 621 620 
4141 513 514 4618 4603 
4142 4603 4618 4619 4604 
4143 4604 4619 4620 4605 
4144 4605 4620 4621 4606 
4145 4606 4621 4622 4607 
4146 4607 4622 4623 4608 
4147 4608 4623 4624 4609 
4148 4609 4624 4625 4610 
4149 4610 4625 4626 4611 
4150 4611 4626 4627 4612 
4151 4612 4627 4628 4613 
4152 4613 4628 4629 4614 
4153 4614 4629 4630 4615 
4154 4615 4630 4631 4616 
4155 4616 4631 4632 4617 
4156 4617 4632 622 621 
4157 514 515 4633 4618 
4158 4618 4633 4634 4619 
4159 4619 4634 4635 4620 
4160 4620 4635 4636 4621 
4161 4621 4636 4637 4622 
4162 4622 4637 4638 4623 
4163 4623 4638 4639 4624 
4164 4624 4639 4640 4625 
4165 4625 4640 4641 4626 
4166 4626 4641 4642 4627 
4167 4627 4642 4643 4628 
4168 4628 4643 4644 4629 
4169 4629 4644 4645 4630 
4170 4630 4645 4646 4631 
4171 4631 4646 4647 4632 
4172 4632 4647 623 622 
4173 515 516 4648 4633 
4174 4633 4648 4649 4634 
4175 4634 4649 4650 4635 
4176 4635 4650 4651 4636 
4177 4636 4651 4652 4637 
4178 4637 4652 4653 4638 
4179 4638 4653 4654 4639 
4180 4639 4654 4655 4640 
4181 4640 4655 4656 4641 
4182 4641 4656 4657 4642 
4183 4642 4657 4658 4643 
4184 4643 4658 4659 4644 
4185 4644 4659 4660 4645 
4186 4645 4660 4661 4646 
4187 4646 4661 4662 4647 
4188 4647 4662 624 623 
4189 516 517 4663 4648 
4190 4648 4663 4664 4649 
4191 4649 4664 4665 4650 
4192 4650 4665 4666 4651 
4193 4651 4666 4667 4652 
4194 4652 4667 4668 4653 
4195 4653 4668 4669 4654 
4196 4654 4669 4670 4655 
4197 4655 4670 4671 4656 
4198 4656 4671 4672 4657 
4199 4657 4672 4673 4658 
4200 4658 4673 4674 4659 
4201 4659 4674 4675 4660 
4202 4660 4675 4676 4661 
4203 4661 4676 4677 4662 
4204 4662 4677 625 624 
4205 517 518 4678 4663 
4206 4663 4678 4679 4664 
4207 4664 4679 4680 4665 
4208 4665 4680 4681 4666 
4209 4666 4681 4682 4667 
4210 4667 4682 4683 4668 
4211 4668 4683 4684 4669 
4212 4669 4684 4685 4670 
4213 4670 4685 4686 4671 
4214 4671 4686 4687 4672 
4215 4672 4687 4688 4673 
4216 4673 4688 4689 4674 
4217 4674 4689 4690 4675 
4218 4675 4690 4691 4676 
4219 4676 4691 4692 4677 
4220 4677 4692 626 625 
4221 518 519 4693 4678 
4222 4678 4693 4694 4679 
4223 4679 4694 4695 4680 
4224 4680 4695 4696 4681 
4225 4681 4696 4697 4682 
4226 4682 4697 4698 4683 
4227 4683 4698 4699 4684 
4228 4684 4699 4700 4685 
4229 4685 4700 4701 4686 
4230 4686 4701 4702 4687 
4231 4687 4702 4703 4688 
4232 4688 4703 4704 4689 
4233 4689 4704 4705 4690 
4234 4690 4705 4706 4691 
4235 4691 4706 4707 4692 
4236 4692 4707 627 626 
4237 519 520 4708 4693 
4238 4693 4708 4709 4694 
4239 4694 4709 4710 4695 
4240 4695 4710 4711 4696 
4241 4696 4711 4712 4697 
4242 4697 4712 4713 4698 
4243 4698 4713 4714 4699 
4244 4699 4714 4715 4700 
4245 4700 4715 4716 4701 
4246 4701 4716 4717 4702 
4247 4702 4717 4718 4703 
4248 4703 4718 4719 4704 
4249 4704 4719 4720 4705 
4250 4705 4720 4721 4706 
4251 4706 4721 4722 4707 
4252 4707 4722 628 627 
4253 520 521 4723 4708 
4254 4708 4723 4724 4709 
4255 4709 4724 4725 4710 
4256 4710 4725 4726 4711 
4257 4711 4726 4727 4712 
4258 4712 4727 4728 4713 
4259 4713 4728 4729 4714 
4260 4714 4729 4730 4715 
4261 4715 4730 4731 4716 
4262 4716 4731 4732 4717 
4263 4717 4732 4733 4718 
4264 4718 4733 4734 4719 
4265 4719 4734 4735 4720 
4266 4720 4735 4736 4721 
4267 4721 4736 4737 4722 
4268 4722 4737 629 628 
4269 521 522 4738 4723 
4270 4723 4738 4739 4724 
4271 4724 4739 4740 4725 
4272 4725 4740 4741 4726 
4273 4726 4741 4742 4727 
4274 4727 4742 4743 4728 
4275 4728 4743 4744 4729 
4276 4729 4744 4745 4730 
4277 4730 4745 4746 4731 
4278 4731 4746 4747 4732 
4279 4732 4747 4748 4733 
4280 4733 4748 4749 4734 
4281 4734 4749 4750 4735 
4282 4735 4750 4751 4736 
4283 4736 4751 4752 4737 
4284 4737 4752 630 629 
4285 522 523 4753 4738 
4286 4738 4753 4754 4739 
4287 4739 4754 4755 4740 
4288 4740 4755 4756 4741 
4289 4741 4756 4757 4742 
4290 4742 4757 4758 4743 
4291 4743 4758 4759 4744 
4292 4744 4759 4760 4745 
4293 4745 4760 4761 4746 
4294 4746 4761 4762 4747 
4295 4747 4762 4763 4748 
4296 4748 4763 4764 4749 
4297 4749 4764 4765 4750 
4298 4750 4765 4766 4751 
4299 4751 4766 4767 4752 
4300 4752 4767 631 630 
4301 523 524 4768 4753 
4302 4753 4768 4769 4754 
4303 4754 4769 4770 4755 
4304 4755 4770 4771 4756 
4305 4756 4771 4772 4757 
4306 4757 4772 4773 4758 
4307 4758 4773 4774 4759 
4308 4759 4774 4775 4760 
4309 4760 4775 4776 4761 
4310 4761 4776 4777 4762 
4311 4762 4777 4778 4763 
4312 4763 4778 4779 4764 
4313 4764 4779 4780 4765 
4314 4765 4780 4781 4766 
4315 4766 4781 4782 4767 
4316 4767 4782 632 631 
4317 524 525 4783 4768 
4318 4768 4783 4784 4769 
4319 4769 4784 4785 4770 
4320 4770 4785 4786 4771 
4321 4771 4786 4787 4772 
4322 4772 4787 4788 4773 
4323 4773 4788 4789 4774 
4324 4774 4789 4790 4775 
4325 4775 4790 4791 4776 
4326 4776 4791 4792 4777 
4327 4777 4792 4793 4778 
4328 4778 4793 4794 4779 
4329 4779 4794 4795 4780 
4330 4780 4795 4796 4781 
4331 4781 4796 4797 4782 
4332 4782 4797 633 632 
4333 525 526 4798 4783 
4334 4783 4798 4799 4784 
4335 4784 4799 4800 4785 
4336 4785 4800 4801 4786 
4337 4786 4801 4802 4787 
4338 4787 4802 4803 4788 
4339 4788 4803 4804 4789 
4340 4789 4804 4805 4790 
4341 4790 4805 4806 4791 
4342 4791 4806 4807 4792 
4343 4792 4807 4808 4793 
4344 4793 4808 4809 4794 
4345 4794 4809 4810 4795 
4346 4795 4810 4811 4796 
4347 4796 4811 4812 4797 
4348 4797 4812 634 633 
4349 526 527 4813 4798 
4350 4798 4813 4814 4799 
4351 4799 4814 4815 4800 
4352 4800 4815 4816 4801 
4353 4801 4816 4817 4802 
4354 4802 4817 4818 4803 
4355 4803 4818 4819 4804 
4356 4804 4819 4820 4805 
4357 4805 4820 4821 4806 
4358 4806 4821 4822 4807 
4359 4807 4822 4823 4808 
4360 4808 4823 4824 4809 
4361 4809 4824 4825 4810 
4362 4810 4825 4826 4811 
4363 4811 4826 4827 4812 
4364 4812 4827 635 634 
4365 527 528 4828 4813 
4366 4813 4828 4829 4814 
4367 4814 4829 4830 4815 
4368 4815 4830 4831 4816 
4369 4816 4831 4832 4817 
4370 4817 4832 4833 4818 
4371 4818 4833 4834 4819 
4372 4819 4834 4835 4820 
4373 4820 4835 4836 4821 
4374 4821 4836 4837 4822 
4375 4822 4837 4838 4823 
4376 4823 4838 4839 4824 
4377 4824 4839 4840 4825 
4378 4825 4840 4841 4826 
4379 4826 4841 4842 4827 
4380 4827 4842 636 635 
4381 528 529 4843 4828 
4382 4828 4843 4844 4829 
4383 4829 4844 4845 4830 
4384 4830 4845 4846 4831 
4385 4831 4846 4847 4832 
4386 4832 4847 4848 4833 
4387 4833 4848 4849 4834 
4388 4834 4849 4850 4835 
4389 4835 4850 4851 4836 
4390 4836 4851 4852 4837 
4391 4837 4852 4853 4838 
4392 4838 4853 4854 4839 
4393 4839 4854 4855 4840 
4394 4840 4855 4856 4841 
4395 4841 4856 4857 4842 
4396 4842 4857 637 636 
4397 529 530 4858 4843 
4398 4843 4858 4859 4844 
4399 4844 4859 4860 4845 
4400 4845 4860 4861 4846 
4401 4846 4861 4862 4847 
4402 4847 4862 4863 4848 
4403 4848 4863 4864 4849 
4404 4849 4864 4865 4850 
4405 4850 4865 4866 4851 
4406 4851 4866 4867 4852 
4407 4852 4867 4868 4853 
4408 4853 4868 4869 4854 
4409 4854 4869 4870 4855 
4410 4855 4870 4871 4856 
4411 4856 4871 4872 4857 
4412 4857 4872 638 637 
4413 530 531 4873 4858 
4414 4858 4873 4874 4859 
4415 4859 4874 4875 4860 
4416 4860 4875 4876 4861 
4417 4861 4876 4877 4862 
4418 4862 4877 4878 4863 
4419 4863 4878 4879 4864 
4420 4864 4879 4880 4865 
4421 4865 4880 4881 4866 
4422 4866 4881 4882 4867 
4423 4867 4882 4883 4868 
4424 4868 4883 4884 4869 
4425 4869 4884 4885 4870 
4426 4870 4885 4886 4871 
4427 4871 4886 4887 4872 
4428 4872 4887 639 638 
4429 531 532 4888 4873 
4430 4873 4888 4889 4874 
4431 4874 4889 4890 4875 
4432 4875 4890 4891 4876 
4433 4876 4891 4892 4877 
4434 4877 4892 4893 4878 
4435 4878 4893 4894 4879 
4436 4879 4894 4895 4880 
4437 4880 4895 4896 4881 
4438 4881 4896 4897 4882 
4439 4882 4897 4898 4883 
4440 4883 4898 4899 4884 
4441 4884 4899 4900 4885 
4442 4885 4900 4901 4886 
4443 4886 4901 4902 4887 
4444 4887 4902 640 639 
4445 532 533 4903 4888 
4446 4888 4903 4904 4889 
4447 4889 4904 4905 4890 
4448 4890 4905 4906 4891 
4449 4891 4906 4907 4892 
4450 4892 4907 4908 4893 
4451 4893 4908 4909 4894 
4452 4894 4909 4910 4895 
4453 4895 4910 4911 4896 
4454 4896 4911 4912 4897 
4455 4897 4912 4913 4898 
4456 4898 4913 4914 4899 
4457 4899 4914 4915 4900 
4458 4900 4915 4916 4901 
4459 4901 4916 4917 4902 
4460 4902 4917 641 640 
4461 533 534 4918 4903 
4462 4903 4918 4919 4904 
4463 4904 4919 4920 4905 
4464 4905 4920 4921 4906 
4465 4906 4921 4922 4907 
4466 4907 4922 4923 4908 
4467 4908 4923 4924 4909 
4468 4909 4924 4925 4910 
4469 4910 4925 4926 4911 
4470 4911 4926 4927 4912 
4471 4912 4927 4928 4913 
4472 4913 4928 4929 4914 
4473 4914 4929 4930 4915 
4474 4915 4930 4931 4916 
4475 4916 4931 4932 4917 
4476 4917 4932 642 641 
4477 534 535 4933 4918 
4478 4918 4933 4934 4919 
4479 4919 4934 4935 4920 
4480 4920 4935 4936 4921 
4481 4921 4936 4937 4922 
4482 4922 4937 4938 4923 
4483 4923 4938 4939 4924 
4484 4924 4939 4940 4925 
4485 4925 4940 4941 4926 
4486 4926 4941 4942 4927 
4487 4927 4942 4943 4928 
4488 4928 4943 4944 4929 
4489 4929 4944 4945 4930 
4490 4930 4945 4946 4931 
4491 4931 4946 4947 4932 
4492 4932 4947 643 642 
4493 535 536 4948 4933 
4494 4933 4948 4949 4934 
4495 4934 4949 4950 4935 
4496 4935 4950 4951 4936 
4497 4936 4951 4952 4937 
4498 4937 4952 4953 4938 
4499 4938 4953 4954 4939 
4500 4939 4954 4955 4940 
4501 4940 4955 4956 4941 
4502 4941 4956 4957 4942 
4503 4942 4957 4958 4943 
4504 4943 4958 4959 4944 
4505 4944 4959 4960 4945 
4506 4945 4960 4961 4946 
4507 4946 4961 4962 4947 
4508 4947 4962 644 643 
4509 536 537 4963 4948 
4510 4948 4963 4964 4949 
4511 4949 4964 4965 4950 
4512 4950 4965 4966 4951 
4513 4951 4966 4967 4952 
4514 4952 4967 4968 4953 
4515 4953 4968 4969 4954 
4516 4954 4969 4970 4955 
4517 4955 4970 4971 4956 
4518 4956 4971 4972 4957 
4519 4957 4972 4973 4958 
4520 4958 4973 4974 4959 
4521 4959 4974 4975 4960 
4522 4960 4975 4976 4961 
4523 4961 4976 4977 4962 
4524 4962 4977 645 644 
4525 537 538 4978 4963 
4526 4963 4978 4979 4964 
4527 4964 4979 4980 4965 
4528 4965 4980 4981 4966 
4529 4966 4981 4982 4967 
4530 4967 4982 4983 4968 
4531 4968 4983 4984 4969 
4532 4969 4984 4985 4970 
4533 4970 4985 4986 4971 
4534 4971 4986 4987 4972 
4535 4972 4987 4988 4973 
4536 4973 4988 4989 4974 
4537 4974 4989 4990 4975 
4538 4975 4990 4991 4976 
4539 4976 4991 4992 4977 
4540 4977 4992 646 645 
4541 538 539 4993 4978 
4542 4978 4993 4994 4979 
4543 4979 4994 4995 4980 
4544 4980 4995 4996 4981 
4545 4981 4996 4997 4982 
4546 4982 4997 4998 4983 
4547 4983 4998 4999 4984 
4548 4984 4999 5000 4985 
4549 4985 5000 5001 4986 
4550 4986 5001 5002 4987 
4551 4987 5002 5003 4988 
4552 4988 5003 5004 4989 
4553 4989 5004 5005 4990 
4554 4990 5005 5006 4991 
4555 4991 5006 5007 4992 
4556 4992 5007 647 646 
4557 539 540 5008 4993 
4558 4993 5008 5009 4994 
4559 4994 5009 5010 4995 
4560 4995 5010 5011 4996 
4561 4996 5011 5012 4997 
4562 4997 5012 5013 4998 
4563 4998 5013 5014 4999 
4564 4999 5014 5015 5000 
4565 5000 5015 5016 5001 
4566 5001 5016 5017 5002 
4567 5002 5017 5018 5003 
4568 5003 5018 5019 5004 
4569 5004 5019 5020 5005 
4570 5005 5020 5021 5006 
4571 5006 5021 5022 5007 
4572 5007 5022 648 647 
4573 540 541 5023 5008 
4574 5008 5023 5024 5009 
4575 5009 5024 5025 5010 
4576 5010 5025 5026 5011 
4577 5011 5026 5027 5012 
4578 5012 5027 5028 5013 
4579 5013 5028 5029 5014 
4580 5014 5029 5030 5015 
4581 5015 5030 5031 5016 
4582 5016 5031 5032 5017 
4583 5017 5032 5033 5018 
4584 5018 5033 5034 5019 
4585 5019 5034 5035 5020 
4586 5020 5035 5036 5021 
4587 5021 5036 5037 5022 
4588 5022 5037 649 648 
4589 541 542 5038 5023 
4590 5023 5038 5039 5024 
4591 5024 5039 5040 5025 
4592 5025 5040 5041 5026 
4593 5026 5041 5042 5027 
4594 5027 5042 5043 5028 
4595 5028 5043 5044 5029 
4596 5029 5044 5045 5030 
4597 5030 5045 5046 5031 
4598 5031 5046 5047 5032 
4599 5032 5047 5048 5033 
4600 5033 5048 5049 5034 
4601 5034 5049 5050 5035 
4602 5035 5050 5051 5036 
4603 5036 5051 5052 5037 
4604 5037 5052 650 649 
4605 542 543 5053 5038 
4606 5038 5053 5054 5039 
4607 5039 5054 5055 5040 
4608 5040 5055 5056 5041 
4609 5041 5056 5057 5042 
4610 5042 5057 5058 5043 
4611 5043 5058 5059 5044 
4612 5044 5059 5060 5045 
4613 5045 5060 5061 5046 
4614 5046 5061 5062 5047 
4615 5047 5062 5063 5048 
4616 5048 5063 5064 5049 
4617 5049 5064 5065 5050 
4618 5050 5065 5066 5051 
4619 5051 5066 5067 5052 
4620 5052 5067 651 650 
4621 543 544 5068 5053 
4622 5053 5068 5069 5054 
4623 5054 5069 5070 5055 
4624 5055 5070 5071 5056 
4625 5056 5071 5072 5057 
4626 5057 5072 5073 5058 
4627 5058 5073 5074 5059 
4628 5059 5074 5075 5060 
4629 5060 5075 5076 5061 
4630 5061 5076 5077 5062 
4631 5062 5077 5078 5063 
4632 5063 5078 5079 5064 
4633 5064 5079 5080 5065 
4634 5065 5080 5081 5066 
4635 5066 5081 5082 5067 
4636 5067 5082 652 651 
4637 544 545 5083 5068 
4638 5068 5083 5084 5069 
4639 5069 5084 5085 5070 
4640 5070 5085 5086 5071 
4641 5071 5086 5087 5072 
4642 5072 5087 5088 5073 
4643 5073 5088 5089 5074 
4644 5074 5089 5090 5075 
4645 5075 5090 5091 5076 
4646 5076 5091 5092 5077 
4647 5077 5092 5093 5078 
4648 5078 5093 5094 5079 
4649 5079 5094 5095 5080 
4650 5080 5095 5096 5081 
4651 5081 5096 5097 5082 
4652 5082 5097 653 652 
4653 545 546 5098 5083 
4654 5083 5098 5099 5084 
4655 5084 5099 5100 5085 
4656 5085 5100 5101 5086 
4657 5086 5101 5102 5087 
4658 5087 5102 5103 5088 
4659 5088 5103 5104 5089 
4660 5089 5104 5105 5090 
4661 5090 5105 5106 5091 
4662 5091 5106 5107 5092 
4663 5092 5107 5108 5093 
4664 5093 5108 5109 5094 
4665 5094 5109 5110 5095 
4666 5095 5110 5111 5096 
4667 5096 5111 5112 5097 
4668 5097 5112 654 653 
4669 546 547 5113 5098 
4670 5098 5113 5114 5099 
4671 5099 5114 5115 5100 
4672 5100 5115 5116 5101 
4673 5101 5116 5117 5102 
4674 5102 5117 5118 5103 
4675 5103 5118 5119 5104 
4676 5104 5119 5120 5105 
4677 5105 5120 5121 5106 
4678 5106 5121 5122 5107 
4679 5107 5122 5123 5108 
4680 5108 5123 5124 5109 
4681 5109 5124 5125 5110 
4682 5110 5125 5126 5111 
4683 5111 5126 5127 5112 
4684 5112 5127 655 654 
4685 547 548 5128 5113 
4686 5113 5128 5129 5114 
4687 5114 5129 5130 5115 
4688 5115 5130 5131 5116 
4689 5116 5131 5132 5117 
4690 5117 5132 5133 5118 
4691 5118 5133 5134 5119 
4692 5119 5134 5135 5120 
4693 5120 5135 5136 5121 
4694 5121 5136 5137 5122 
4695 5122 5137 5138 5123 
4696 5123 5138 5139 5124 
4697 5124 5139 5140 5125 
4698 5125 5140 5141 5126 
4699 5126 5141 5142 5127 
4700 5127 5142 656 655 
4701 548 549 5143 5128 
4702 5128 5143 5144 5129 
4703 5129 5144 5145 5130 
4704 5130 5145 5146 5131 
4705 5131 5146 5147 5132 
4706 5132 5147 5148 5133 
4707 5133 5148 5149 5134 
4708 5134 5149 5150 5135 
4709 5135 5150 5151 5136 
4710 5136 5151 5152 5137 
4711 5137 5152 5153 5138 
4712 5138 5153 5154 5139 
4713 5139 5154 5155 5140 
4714 5140 5155 5156 5141 
4715 5141 5156 5157 5142 
4716 5142 5157 657 656 
4717 549 550 5158 5143 
4718 5143 5158 5159 5144 
4719 5144 5159 5160 5145 
4720 5145 5160 5161 5146 
4721 5146 5161 5162 5147 
4722 5147 5162 5163 5148 
4723 5148 5163 5164 5149 
4724 5149 5164 5165 5150 
4725 5150 5165 5166 5151 
4726 5151 5166 5167 5152 
4727 5152 5167 5168 5153 
4728 5153 5168 5169 5154 
4729 5154 5169 5170 5155 
4730 5155 5170 5171 5156 
4731 5156 5171 5172 5157 
4732 5157 5172 658 657 
4733 550 551 5173 5158 
4734 5158 5173 5174 5159 
4735 5159 5174 5175 5160 
4736 5160 5175 5176 5161 
4737 5161 5176 5177 5162 
4738 5162 5177 5178 5163 
4739 5163 5178 5179 5164 
4740 5164 5179 5180 5165 
4741 5165 5180 5181 5166 
4742 5166 5181 5182 5167 
4743 5167 5182 5183 5168 
4744 5168 5183 5184 5169 
4745 5169 5184 5185 5170 
4746 5170 5185 5186 5171 
4747 5171 5186 5187 5172 
4748 5172 5187 659 658 
4749 551 552 5188 5173 
4750 5173 5188 5189 5174 
4751 5174 5189 5190 5175 
4752 5175 5190 5191 5176 
4753 5176 5191 5192 5177 
4754 5177 5192 5193 5178 
4755 5178 5193 5194 5179 
4756 5179 5194 5195 5180 
4757 5180 5195 5196 5181 
4758 5181 5196 5197 5182 
4759 5182 5197 5198 5183 
4760 5183 5198 5199 5184 
4761 5184 5199 5200 5185 
4762 5185 5200 5201 5186 
4763 5186 5201 5202 5187 
4764 5187 5202 660 659 
4765 552 553 5203 5188 
4766 5188 5203 5204 5189 
4767 5189 5204 5205 5190 
4768 5190 5205 5206 5191 
4769 5191 5206 5207 5192 
4770 5192 5207 5208 5193 
4771 5193 5208 5209 5194 
4772 5194 5209 5210 5195 
4773 5195 5210 5211 5196 
4774 5196 5211 5212 5197 
4775 5197 5212 5213 5198 
4776 5198 5213 5214 5199 
4777 5199 5214 5215 5200 
4778 5200 5215 5216 5201 
4779 5201 5216 5217 5202 
4780 5202 5217 661 660 
4781 553 554 5218 5203 
4782 5203 5218 5219 5204 
4783 5204 5219 5220 5205 
4784 5205 5220 5221 5206 
4785 5206 5221 5222 5207 
4786 5207 5222 5223 5208 
4787 5208 5223 5224 5209 
4788 5209 5224 5225 5210 
4789 5210 5225 5226 5211 
4790 5211 5226 5227 5212 
4791 5212 5227 5228 5213 
4792 5213 5228 5229 5214 
4793 5214 5229 5230 5215 
4794 5215 5230 5231 5216 
4795 5216 5231 5232 5217 
4796 5217 5232 662 661 
4797 554 555 5233 5218 
4798 5218 5233 5234 5219 
4799 5219 5234 5235 5220 
4800 5220 5235 5236 5221 
4801 5221 5236 5237 5222 
4802 5222 5237 5238 5223 
4803 5223 5238 5239 5224 
4804 5224 5239 5240 5225 
4805 5225 5240 5241 5226 
4806 5226 5241 5242 5227 
4807 5227 5242 5243 5228 
4808 5228 5243 5244 5229 
4809 5229 5244 5245 5230 
4810 5230 5245 5246 5231 
4811 5231 5246 5247 5232 
4812 5232 5247 663 662 
4813 555 556 5248 5233 
4814 5233 5248 5249 5234 
4815 5234 5249 5250 5235 
4816 5235 5250 5251 5236 
4817 5236 5251 5252 5237 
4818 5237 5252 5253 5238 
4819 5238 5253 5254 5239 
4820 5239 5254 5255 5240 
4821 5240 5255 5256 5241 
4822 5241 5256 5257 5242 
4823 5242 5257 5258 5243 
4824 5243 5258 5259 5244 
4825 5244 5259 5260 5245 
4826 5245 5260 5261 5246 
4827 5246 5261 5262 5247 
4828 5247 5262 664 663 
4829 556 557 5263 5248 
4830 5248 5263 5264 5249 
4831 5249 5264 5265 5250 
4832 5250 5265 5266 5251 
4833 5251 5266 5267 5252 
4834 5252 5267 5268 5253 
4835 5253 5268 5269 5254 
4836 5254 5269 5270 5255 
4837 5255 5270 5271 5256 
4838 5256 5271 5272 5257 
4839 5257 5272 5273 5258 
4840 5258 5273 5274 5259 
4841 5259 5274 5275 5260 
4842 5260 5275 5276 5261 
4843 5261 5276 5277 5262 
4844 5262 5277 665 664 
4845 557 558 5278 5263 
4846 5263 5278 5279 5264 
4847 5264 5279 5280 5265 
4848 5265 5280 5281 5266 
4849 5266 5281 5282 5267 
4850 5267 5282 5283 5268 
4851 5268 5283 5284 5269 
4852 5269 5284 5285 5270 
4853 5270 5285 5286 5271 
4854 5271 5286 5287 5272 
4855 5272 5287 5288 5273 
4856 5273 5288 5289 5274 
4857 5274 5289 5290 5275 
4858 5275 5290 5291 5276 
4859 5276 5291 5292 5277 
4860 5277 5292 666 665 
4861 558 559 5293 5278 
4862 5278 5293 5294 5279 
4863 5279 5294 5295 5280 
4864 5280 5295 5296 5281 
4865 5281 5296 5297 5282 
4866 5282 5297 5298 5283 
4867 5283 5298 5299 5284 
4868 5284 5299 5300 5285 
4869 5285 5300 5301 5286 
4870 5286 5301 5302 5287 
4871 5287 5302 5303 5288 
4872 5288 5303 5304 5289 
4873 5289 5304 5305 5290 
4874 5290 5305 5306 5291 
4875 5291 5306 5307 5292 
4876 5292 5307 667 666 
4877 559 560 5308 5293 
4878 5293 5308 5309 5294 
4879 5294 5309 5310 5295 
4880 5295 5310 5311 5296 
4881 5296 5311 5312 5297 
4882 5297 5312 5313 5298 
4883 5298 5313 5314 5299 
4884 5299 5314 5315 5300 
4885 5300 5315 5316 5301 
4886 5301 5316 5317 5302 
4887 5302 5317 5318 5303 
4888 5303 5318 5319 5304 
4889 5304 5319 5320 5305 
4890 5305 5320 5321 5306 
4891 5306 5321 5322 5307 
4892 5307 5322 668 667 
4893 560 561 5323 5308 
4894 5308 5323 5324 5309 
4895 5309 5324 5325 5310 
4896 5310 5325 5326 5311 
4897 5311 5326 5327 5312 
4898 5312 5327 5328 5313 
4899 5313 5328 5329 5314 
4900 5314 5329 5330 5315 
4901 5315 5330 5331 5316 
4902 5316 5331 5332 5317 
4903 5317 5332 5333 5318 
4904 5318 5333 5334 5319 
4905 5319 5334 5335 5320 
4906 5320 5335 5336 5321 
4907 5321 5336 5337 5322 
4908 5322 5337 669 668 
4909 561 4 152 5323 
4910 5323 152 153 5324 
4911 5324 153 154 5325 
4912 5325 154 155 5326 
4913 5326 155 156 5327 
4914 5327 156 157 5328 
4915 5328 157 158 5329 
4916 5329 158 17 5330 
4917 5330 17 562 5331 
4918 5331 562 563 5332 
4919 5332 563 564 5333 
4920 5333 564 565 5334 
4921 5334 565 566 5335 
4922 5335 566 567 5336 
4923 5336 567 568 5337 
4924 5337 568 5 669 
2 3 2 7488
4925 7109 5434 7678 
4926 5644 6908 7682 
4927 5605 7351 7785 
4928 6640 5715 7408 
4929 7417 6861 7557 
4930 6974 5502 6975 
4931 7441 6711 7462 
4932 5527 7324 8082 
4933 7576 7575 8588 
4934 5511 6982 6983 
4935 6024 7418 7961 
4936 6031 7317 8061 
4937 6254 6824 6953 
4938 6928 5399 7510 
4939 6589 6212 6768 
4940 1556 5365 7027 
4941 7151 5446 8716 
4942 5649 5653 8037 
4943 6899 6556 7023 
4944 6671 6448 6924 
4945 6539 6972 7830 
4946 6912 5424 7088 
4947 6639 5736 7226 
4948 6948 7329 7471 
4949 6775 6354 6918 
4950 6530 6126 7790 
4951 7057 5393 7465 
4952 8122 7712 8194 
4953 7469 6999 7519 
4954 6312 6862 8356 
4955 6523 6522 7304 
4956 5339 7262 7741 
4957 5796 6951 7947 
4958 6533 6986 7362 
4959 6828 5753 6907 
4960 7317 6031 8057 
4961 7807 5577 8121 
4962 6963 5500 6964 
4963 7451 5524 8200 
4964 6898 6759 8121 
4965 7022 6477 7899 
4966 6159 6160 6334 
4967 7183 7791 7795 
4968 7485 7181 7486 
4969 7350 5348 7831 
4970 7701 7700 7895 
4971 7034 6476 7067 
4972 6779 6025 7583 
4973 7731 6603 7868 
4974 7126 6867 7127 
4975 6671 6924 7305 
4976 5945 6771 7304 
4977 6743 6928 7730 
4978 6176 6856 7266 
4979 6771 6523 7304 
4980 6967 5598 6969 
4981 5501 7078 8423 
4982 6937 6293 7342 
4983 6871 6033 8262 
4984 5583 5606 8169 
4985 6780 7205 8226 
4986 5343 7097 7780 
4987 5400 7189 7821 
4988 6248 7195 7217 
4989 6931 5627 7265 
4990 6364 6666 6667 
4991 5546 7000 7251 
4992 7760 5777 7886 
4993 5546 7251 7973 
4994 6141 8002 8328 
4995 6025 6057 7583 
4996 5575 5572 5589 
4997 6456 6312 8356 
4998 7102 7100 7809 
4999 7115 5819 8178 
5000 8259 7964 8498 
5001 5686 7692 8330 
5002 7863 5390 8209 
5003 5395 7116 7450 
5004 1612 1611 7247 
5005 6104 6120 8677 
5006 7025 7918 7950 
5007 7888 6512 8207 
5008 7116 7117 7450 
5009 6352 6354 6775 
5010 6245 7004 7630 
5011 7633 6795 7683 
5012 5418 7234 7607 
5013 5424 6912 7176 
5014 6729 5931 7716 
5015 6254 6197 6824 
5016 5413 7121 7573 
5017 7711 6902 7932 
5018 6367 6371 8518 
5019 5386 6991 8148 
5020 6771 5945 8069 
5021 7299 7745 8150 
5022 6533 7362 7363 
5023 5347 6969 7406 
5024 7315 7428 7474 
5025 6638 7313 7664 
5026 7329 6948 8187 
5027 5853 6644 7980 
5028 6793 6826 7077 
5029 6633 6795 7875 
5030 7132 7138 7632 
5031 6220 7048 7559 
5032 5587 7268 7937 
5033 6251 6700 6825 
5034 7773 5360 7775 
5035 7003 5682 7009 
5036 6611 6238 8388 
5037 7231 5341 8346 
5038 6697 6914 7212 
5039 6748 5927 8217 
5040 6117 6115 7142 
5041 6994 7221 7232 
5042 5736 5722 7005 
5043 5788 7458 7787 
5044 7266 6856 8686 
5045 5528 7173 7461 
5046 6109 6110 6118 
5047 6859 7157 8489 
5048 1553 5486 7064 
5049 6185 5748 6855 
5050 7053 6947 8212 
5051 6708 6704 6709 
5052 7097 7709 7780 
5053 6486 6674 6897 
5054 6965 7161 7311 
5055 6697 6404 6914 
5056 7850 7964 8259 
5057 7018 5535 7214 
5058 5697 7178 7179 
5059 6994 7219 7221 
5060 5354 350 6916 
5061 6121 6126 6530 
5062 6557 6556 6899 
5063 6185 6855 8532 
5064 5691 7313 7665 
5065 5488 1572 7100 
5066 6951 5796 7760 
5067 5869 7323 7384 
5068 6129 6128 6159 
5069 7090 6132 8622 
5070 6134 6530 6531 
5071 6939 5449 7013 
5072 5606 5605 7785 
5073 7049 6861 7429 
5074 6812 6462 7184 
5075 6905 6389 8127 
5076 5628 5682 7003 
5077 6943 6941 6952 
5078 6119 6118 6123 
5079 7226 5736 7899 
5080 6096 6843 8375 
5081 213 6583 8134 
5082 7523 7417 7557 
5083 7018 6743 7730 
5084 5931 6034 7716 
5085 6124 6123 6128 
5086 7079 6869 7080 
5087 6733 6738 6747 
5088 5598 6967 7552 
5089 192 6980 8371 
5090 7557 6861 8120 
5091 5536 7259 7718 
5092 5474 7124 7531 
5093 6987 6206 7256 
5094 6178 6177 6661 
5095 6406 6914 7599 
5096 6558 7240 7948 
5097 5715 5727 7408 
5098 7007 5457 7728 
5099 6661 6306 6912 
5100 6752 6831 6832 
5101 6906 6249 7165 
5102 7514 6652 7548 
5103 6178 6661 8155 
5104 6661 6912 7088 
5105 6984 5504 6985 
5106 6759 7807 8121 
5107 6670 6591 7795 
5108 7087 1575 8141 
5109 6475 6476 7034 
5110 6145 6100 8180 
5111 6171 6462 6812 
5112 6334 6336 6816 
5113 5742 7325 8137 
5114 6253 7029 7588 
5115 7836 5362 7855 
5116 6335 6334 6726 
5117 7170 7317 8057 
5118 6539 6333 6972 
5119 5398 7044 8370 
5120 6637 6638 7664 
5121 1554 1555 5558 
5122 6614 6365 7394 
5123 5406 7150 7506 
5124 7067 5456 8578 
5125 1851 1850 7176 
5126 7296 7286 7299 
5127 6666 6129 7817 
5128 6873 6149 8590 
5129 5759 6632 7810 
5130 7155 6599 8522 
5131 6343 6341 7982 
5132 6534 6532 8681 
5133 7005 6494 7899 
5134 5727 6902 7711 
5135 5837 6256 7645 
5136 5438 7591 8369 
5137 6486 6318 6674 
5138 8142 7543 8307 
5139 7126 7127 8454 
5140 6176 7266 7703 
5141 5496 6973 8248 
5142 7878 5363 8393 
5143 6904 6389 6905 
5144 5583 5580 5605 
5145 6168 6656 6658 
5146 5626 5624 7186 
5147 7342 6293 7622 
5148 5731 5752 7169 
5149 6330 7009 7190 
5150 5797 5798 5807 
5151 7432 5383 7826 
5152 6943 6952 7167 
5153 7313 5691 7664 
5154 6246 6249 6906 
5155 5372 7033 7473 
5156 7343 6503 8113 
5157 6154 6155 6352 
5158 7140 5387 7443 
5159 1555 1556 7027 
5160 6341 6681 7982 
5161 7462 6711 7463 
5162 7418 7419 7961 
5163 6768 6212 8023 
5164 5700 5701 5730 
5165 6211 6212 6589 
5166 7016 5475 8463 
5167 5653 6675 6676 
5168 7248 204 8104 
5169 6082 7025 7950 
5170 6159 6128 6160 
5171 6853 6399 6854 
5172 6673 7844 8090 
5173 6991 5386 7172 
5174 6334 6160 6336 
5175 7121 5413 8263 
5176 5627 6931 7186 
5177 5475 7016 7537 
5178 7264 7211 8500 
5179 5798 6499 7706 
5180 5771 6653 8153 
5181 6297 7204 7768 
5182 6826 6793 8492 
5183 8180 6100 8430 
5184 5589 5572 8543 
5185 6663 6684 6685 
5186 7213 7312 7313 
5187 7858 6647 8048 
5188 5568 5564 6966 
5189 7376 6981 7693 
5190 6293 6937 7343 
5191 6236 6238 6611 
5192 6251 6250 6700 
5193 7000 6464 7251 
5194 6353 6352 6772 
5195 6498 6497 7086 
5196 5713 5715 6640 
5197 5731 5730 5750 
5198 5853 5851 6644 
5199 5684 5685 5700 
5200 7133 7131 7138 
5201 6969 5347 7378 
5202 5992 6164 8292 
5203 5751 5750 6154 
5204 5496 206 6973 
5205 7013 5449 8562 
5206 6494 7022 7899 
5207 5558 1555 7027 
5208 6537 6592 8090 
5209 5602 7336 8204 
5210 6633 6634 6795 
5211 7340 6630 7396 
5212 7916 5366 7917 
5213 7061 6633 7875 
5214 5777 7760 7798 
5215 6431 6478 6759 
5216 7262 7263 7741 
5217 7151 7058 7829 
5218 7282 7276 7297 
5219 5667 6869 7079 
5220 6068 6067 6168 
5221 6725 6713 8200 
5222 6242 6362 6842 
5223 5808 5807 6067 
5224 6632 6169 6633 
5225 6631 5638 8020 
5226 6250 6252 6692 
5227 6719 5992 8292 
5228 5393 7057 7901 
5229 6336 6464 7000 
5230 5988 6142 8271 
5231 7328 7329 8187 
5232 6914 6406 7212 
5233 6099 6100 6145 
5234 6441 6923 8142 
5235 6531 6530 6533 
5236 5626 7186 8693 
5237 6582 7170 7248 
5238 6053 6052 6177 
5239 6330 7992 8192 
5240 6641 6184 6642 
5241 6713 6891 8200 
5242 7002 5557 8703 
5243 6716 5988 8271 
5244 6636 6217 6637 
5245 5554 7030 7031 
5246 5618 5617 5619 
5247 6546 6544 7949 
5248 6891 7451 8200 
5249 5843 5842 5861 
5250 6150 6151 6250 
5251 5616 5615 5617 
5252 6139 6623 6624 
5253 6649 6216 6650 
5254 7325 7327 7823 
5255 6651 6650 6890 
5256 7108 6927 8690 
5257 5568 6966 8268 
5258 6500 6501 6857 
5259 5627 5628 7003 
5260 5624 5625 5627 
5261 5782 6596 8696 
5262 6653 6232 6755 
5263 6318 6319 6505 
5264 5622 5623 5624 
5265 7534 7002 8703 
5266 6174 5817 8657 
5267 5619 5620 5622 
5268 7095 7092 7645 
5269 6089 6088 6318 
5270 296 297 7880 
5271 6845 6844 6847 
5272 6558 7948 8004 
5273 6116 6121 6134 
5274 5555 7045 7201 
5275 6702 6704 6708 
5276 6131 6129 6666 
5277 6106 6108 6109 
5278 6761 5646 8002 
5279 6123 6118 6125 
5280 5741 7130 8416 
5281 6599 7155 7156 
5282 7009 6330 8192 
5283 5906 7859 8218 
5284 6608 7057 7465 
5285 6326 6697 8467 
5286 309 310 7842 
5287 6508 6507 8093 
5288 7161 6965 7873 
5289 5807 5798 7706 
5290 5747 5748 6185 
5291 5966 5967 6059 
5292 6647 8047 8048 
5293 199 5500 6963 
5294 6646 6569 8548 
5295 6025 5923 6057 
5296 6039 6040 6088 
5297 6947 7053 8187 
5298 7420 5389 8135 
5299 5741 7026 7130 
5300 6733 6732 6738 
5301 6791 6624 6792 
5302 5348 7352 7812 
5303 6320 6321 6920 
5304 6207 6689 6777 
5305 6861 7049 8120 
5306 6288 6294 6601 
5307 6752 6751 6831 
5308 7117 6520 7900 
5309 7058 7151 8716 
5310 6207 6090 6689 
5311 6126 6135 6242 
5312 7159 7161 7873 
5313 7574 5557 8530 
5314 5780 5782 5788 
5315 7131 6440 7134 
5316 7258 6373 8579 
5317 6535 6534 6604 
5318 6177 6231 6306 
5319 5688 5689 5703 
5320 5522 1612 7247 
5321 7058 6416 8652 
5322 7129 6394 7517 
5323 5621 5619 6848 
5324 5374 7361 7769 
5325 6934 6935 6936 
5326 8279 7568 8401 
5327 5672 5674 5688 
5328 6134 6121 6530 
5329 7119 6305 8064 
5330 5828 5826 6636 
5331 5895 5923 6025 
5332 7133 7138 7357 
5333 5958 5959 6052 
5334 195 5502 6974 
5335 7125 6867 7126 
5336 8222 7480 8340 
5337 5511 189 6982 
5338 5890 5891 5958 
5339 1572 1573 7100 
5340 5861 5887 5888 
5341 6206 6987 7890 
5342 5888 5889 5890 
5343 5927 6051 8217 
5344 5642 5646 6761 
5345 7128 6394 7129 
5346 6751 6753 6776 
5347 6431 6429 6478 
5348 7936 7872 8393 
5349 7188 5352 7928 
5350 6212 6233 8023 
5351 7181 7182 7486 
5352 5636 5638 6631 
5353 6999 7469 8254 
5354 8002 6141 8516 
5355 6749 6750 6751 
5356 6670 7795 8330 
5357 7256 6206 7998 
5358 6828 6907 8655 
5359 6416 6145 7118 
5360 6623 6049 8063 
5361 5341 7231 7765 
5362 5788 5782 8696 
5363 6499 6174 6500 
5364 6095 6096 6246 
5365 7451 6891 8135 
5366 6047 6049 6623 
5367 6184 7063 8572 
5368 7591 5438 7593 
5369 5784 5786 5793 
5370 5805 5817 6174 
5371 5583 5605 5606 
5372 6132 7090 7091 
5373 6732 6734 6737 
5374 6061 6062 6211 
5375 6242 6135 6362 
5376 7093 6472 8377 
5377 5817 6161 6808 
5378 6518 6520 7117 
5379 5445 7257 8617 
5380 6291 7043 7569 
5381 5366 7916 8072 
5382 6364 6131 6666 
5383 6669 6668 7237 
5384 6086 5837 7645 
5385 5506 7144 7227 
5386 5492 5613 5615 
5387 6982 5504 6984 
5388 7283 7279 7295 
5389 7361 5374 7362 
5390 6386 7124 8017 
5391 6537 6535 6592 
5392 6308 7059 7556 
5393 6754 6686 8219 
5394 6161 6171 6488 
5395 5732 5734 5819 
5396 6348 6346 7270 
5397 5789 5794 5797 
5398 6500 6174 6501 
5399 5763 6641 7747 
5400 6034 6748 6749 
5401 6999 6998 8587 
5402 6675 5668 6852 
5403 6059 5967 6060 
5404 6782 6386 8017 
5405 7291 7290 8368 
5406 6030 6746 8690 
5407 6074 6075 6236 
5408 6035 6729 6730 
5409 5501 7266 8686 
5410 7157 5488 8489 
5411 5489 6993 6995 
5412 6197 6822 6823 
5413 6219 6163 6491 
5414 6658 6656 6659 
5415 5828 6636 8131 
5416 6276 6304 6509 
5417 7787 6508 8093 
5418 5767 6649 7763 
5419 7526 7480 8222 
5420 5494 6933 6934 
5421 6159 6334 6335 
5422 5759 5757 6632 
5423 5479 7036 7587 
5424 6294 6669 8665 
5425 7214 5535 8559 
5426 6866 5982 8502 
5427 5704 5703 5743 
5428 5381 7393 7753 
5429 7368 7369 7626 
5430 6427 6429 6431 
5431 7259 5367 8208 
5432 6436 7131 7133 
5433 5798 5805 6499 
5434 7516 5408 7517 
5435 6920 6321 8238 
5436 7025 6082 8362 
5437 7015 6498 7086 
5438 6731 6730 6732 
5439 6948 6947 8187 
5440 5461 7083 7776 
5441 5763 5761 6641 
5442 5776 5778 5779 
5443 7982 6929 8711 
5444 1552 1553 7064 
5445 6067 5807 6073 
5446 6186 6185 6367 
5447 6292 6280 6503 
5448 6109 6108 6110 
5449 6288 6286 6294 
5450 5591 5585 5608 
5451 6057 6090 6207 
5452 5925 5924 7166 
5453 6168 6067 6656 
5454 6276 6273 6304 
5455 5767 5765 6649 
5456 5485 7021 7332 
5457 6352 6155 6354 
5458 7859 5906 8094 
5459 6152 7092 7095 
5460 6703 6702 6705 
5461 7198 6574 7778 
5462 5744 5743 6095 
5463 7364 7681 7799 
5464 6060 6163 6219 
5465 7363 5540 7773 
5466 5624 5627 7186 
5467 5771 5769 6653 
5468 5507 7188 7303 
5469 6201 6941 6943 
5470 6045 7077 7652 
5471 6082 6080 6201 
5472 7496 6829 8203 
5473 7000 5546 8384 
5474 5655 5657 5668 
5475 5538 7148 7757 
5476 6908 5644 8383 
5477 6290 6267 6840 
5478 5797 5794 5798 
5479 5697 7179 8109 
5480 6175 6157 6202 
5481 5895 5876 5923 
5482 5811 7053 8212 
5483 6907 5753 8341 
5484 5574 7139 7781 
5485 5866 7168 7340 
5486 6386 6175 6482 
5487 6180 6178 6372 
5488 5820 8018 8627 
5489 8171 7108 8690 
5490 5779 5778 5780 
5491 6099 6098 6100 
5492 6475 6474 6476 
5493 6714 6713 6725 
5494 5956 8010 8011 
5495 6026 6883 8182 
5496 5730 5701 5732 
5497 5653 5655 6675 
5498 6389 6241 8127 
5499 5811 5746 7054 
5500 6149 6131 6364 
5501 6424 7011 8230 
5502 6140 6701 6702 
5503 6109 6118 6119 
5504 6955 5498 6957 
5505 7106 5512 7680 
5506 6720 6719 7141 
5507 6550 6549 7498 
5508 5925 7166 8246 
5509 6237 6236 6607 
5510 5711 5713 5726 
5511 6247 6246 6762 
5512 739 740 7401 
5513 6072 6098 6099 
5514 6718 6717 6766 
5515 7089 5384 7433 
5516 6260 6490 6796 
5517 6147 6866 6867 
5518 6243 6208 6794 
5519 6717 6716 7070 
5520 6058 5836 6197 
5521 5847 5845 5868 
5522 7960 5545 8513 
5523 6154 5750 6155 
5524 6772 6352 6775 
5525 6876 7391 8361 
5526 7097 5343 8106 
5527 5602 5600 7336 
5528 5501 6963 7266 
5529 5851 5849 5886 
5530 6142 6712 6713 
5531 7030 5554 7196 
5532 5855 5853 5922 
5533 5748 6063 6855 
5534 6079 5812 6945 
5535 5922 6827 8114 
5536 6959 5499 6960 
5537 5736 7005 7899 
5538 5646 5648 5684 
5539 5354 6916 6917 
5540 6094 6474 6475 
5541 7019 6296 7732 
5542 7280 7279 7283 
5543 5638 5642 5681 
5544 6544 6564 6590 
5545 5836 5833 6822 
5546 7099 7867 8436 
5547 5755 5753 6828 
5548 6164 6716 6717 
5549 5715 5718 5727 
5550 6201 6943 6950 
5551 6904 6905 7042 
5552 5628 5630 5682 
5553 351 14 5683 
5554 6304 6803 8583 
5555 5966 5896 5967 
5556 6183 6719 6720 
5557 6821 6170 7659 
5558 6311 6456 6787 
5559 7844 6537 8090 
5560 6211 6062 6212 
5561 6969 5598 7406 
5562 7223 6867 8231 
5563 5757 5755 6169 
5564 5630 5633 6595 
5565 5814 5812 6079 
5566 6193 6722 6723 
5567 5633 5636 5680 
5568 5841 5839 5842 
5569 5546 8046 8384 
5570 6229 6199 6493 
5571 6197 6823 6824 
5572 6480 6511 6921 
5573 6876 6667 7391 
5574 5830 5828 6170 
5575 5832 5830 6818 
5576 5720 5722 5736 
5577 6228 6211 6497 
5578 6941 6079 6942 
5579 6946 6948 7050 
5580 6080 6079 6941 
5581 6267 6244 6841 
5582 5970 5969 6074 
5583 5826 5824 6217 
5584 5700 5685 5701 
5585 5839 6849 8165 
5586 5726 5713 6640 
5587 6365 7014 7394 
5588 6394 6904 7517 
5589 7315 7314 7428 
5590 6592 6535 6604 
5591 5659 5661 5670 
5592 6049 6138 6150 
5593 5725 5729 5747 
5594 7286 7284 7299 
5595 6043 6047 6139 
5596 6713 6715 6891 
5597 5761 5759 6184 
5598 5575 5589 8709 
5599 7922 5349 7923 
5600 5705 5737 6061 
5601 7396 6630 7929 
5602 1577 25 8581 
5603 7178 5697 7676 
5604 5851 5886 6644 
5605 6639 7226 8424 
5606 6636 6637 6664 
5607 7139 7066 7781 
5608 6061 5737 6062 
5609 6180 6372 6540 
5610 6273 6270 6802 
5611 6924 6454 6962 
5612 6909 5496 7255 
5613 6692 6252 6693 
5614 6424 6427 7011 
5615 7138 7132 7357 
5616 6196 6886 6887 
5617 7657 6821 7659 
5618 5765 5763 6216 
5619 6058 6197 6254 
5620 6409 7026 8395 
5621 7607 7234 7862 
5622 7305 5369 7538 
5623 7205 5465 7525 
5624 6053 6177 6178 
5625 7692 7373 8330 
5626 5367 7259 8097 
5627 6973 6597 8248 
5628 6092 6059 6199 
5629 5503 6974 6976 
5630 5769 5767 6232 
5631 6862 6320 6919 
5632 5664 5669 5672 
5633 6941 6942 6952 
5634 6895 6894 6896 
5635 5922 5853 7980 
5636 6250 6151 6252 
5637 5773 5771 6345 
5638 7320 5346 7447 
5639 5842 5839 8165 
5640 6187 6149 6873 
5641 6304 6802 6803 
5642 7351 7350 7831 
5643 5700 5731 7169 
5644 6433 6436 7135 
5645 5815 5773 6844 
5646 5780 5788 7787 
5647 6550 7498 8216 
5648 6681 6929 7982 
5649 7122 5385 7192 
5650 7250 6691 8484 
5651 6119 6123 6124 
5652 6280 6277 6622 
5653 7927 6827 7980 
5654 7978 7224 8398 
5655 6367 6185 6371 
5656 5718 5720 6639 
5657 5888 5890 5893 
5658 6311 6312 6456 
5659 5535 7018 7730 
5660 6496 5849 8612 
5661 6306 6307 6910 
5662 6200 6199 6229 
5663 5862 7731 7868 
5664 6686 6754 7380 
5665 5839 5621 6849 
5666 7324 6864 8082 
5667 7115 7888 8207 
5668 6896 7431 8533 
5669 6632 6633 6635 
5670 7571 7848 8161 
5671 6404 6405 6900 
5672 5958 6052 6053 
5673 7109 7678 7737 
5674 5747 5729 5748 
5675 7405 5381 7753 
5676 6853 6854 8399 
5677 5516 7496 8203 
5678 6663 6562 6684 
5679 6792 6624 6793 
5680 7135 7133 7136 
5681 6246 6096 6249 
5682 6177 6306 6661 
5683 7837 7838 7840 
5684 5961 6037 6039 
5685 6118 6110 6660 
5686 7011 6760 7012 
5687 6364 6667 6876 
5688 5688 5674 5689 
5689 6820 6818 6971 
5690 6983 6982 6984 
5691 7124 7147 7531 
5692 5556 2002 8508 
5693 6437 6440 7131 
5694 6743 6740 6928 
5695 6641 6642 6643 
5696 6238 6333 6539 
5697 6064 6094 6813 
5698 6597 6973 7971 
5699 6286 6283 6668 
5700 8437 6880 8525 
5701 6524 6526 6881 
5702 5703 5689 5705 
5703 6998 6833 8587 
5704 6146 6145 6416 
5705 6646 7701 7895 
5706 6124 6128 6129 
5707 6813 6475 6815 
5708 5802 5435 7183 
5709 6649 6650 6651 
5710 6560 6557 6899 
5711 5814 6079 6080 
5712 5810 5746 5811 
5713 5841 5842 5843 
5714 6601 6294 7006 
5715 6450 6454 6924 
5716 8261 7093 8377 
5717 7273 7405 7753 
5718 6885 7193 8146 
5719 5565 5567 8147 
5720 5348 7350 7352 
5721 5560 7027 7874 
5722 6653 6755 6756 
5723 7568 5412 8401 
5724 7745 5358 8150 
5725 7131 7134 7138 
5726 5616 5617 5618 
5727 5618 5619 5621 
5728 6129 6159 7817 
5729 6088 6040 7254 
5730 7148 5538 7758 
5731 5488 7100 7102 
5732 6938 7863 8209 
5733 7434 7508 8176 
5734 6454 6455 6829 
5735 7257 7554 8617 
5736 6804 6215 6805 
5737 5703 7228 7389 
5738 6699 6375 6851 
5739 6312 6314 6862 
5740 6532 6531 8681 
5741 6292 6503 6937 
5742 6381 6378 6809 
5743 5672 5669 5674 
5744 5700 5730 5731 
5745 6909 6582 7248 
5746 7779 5376 8506 
5747 5832 6818 6820 
5748 5826 6217 6636 
5749 7039 7037 7416 
5750 6459 6381 6809 
5751 6795 7633 7875 
5752 6633 6169 6634 
5753 6822 5833 8483 
5754 6447 6671 6922 
5755 5434 7109 7819 
5756 5432 7062 7415 
5757 5681 5642 6761 
5758 6368 6367 7032 
5759 7916 5510 8072 
5760 7682 6908 7887 
5761 6401 6399 6853 
5762 5622 5624 5626 
5763 7050 6948 7471 
5764 6154 6352 6353 
5765 7208 5357 7209 
5766 6591 6670 7888 
5767 6171 6812 8635 
5768 191 192 8371 
5769 5876 5872 6926 
5770 6951 7475 7947 
5771 5680 5636 6631 
5772 7180 6384 7783 
5773 6150 6138 6151 
5774 6139 6047 6623 
5775 6134 6531 6532 
5776 5492 5615 5616 
5777 5897 5896 5966 
5778 6391 6389 6904 
5779 6505 6319 6605 
5780 6521 6524 6882 
5781 6157 6025 6779 
5782 6353 6772 6773 
5783 6638 7213 7313 
5784 5358 7957 8150 
5785 6089 6318 6486 
5786 6776 6753 6780 
5787 7281 8112 8268 
5788 6318 6088 6319 
5789 6937 6503 7343 
5790 5532 7488 7900 
5791 6318 6505 6674 
5792 5489 6995 6996 
5793 7100 7101 7809 
5794 6488 6171 8635 
5795 7813 5478 7846 
5796 5684 5648 5685 
5797 5627 5625 5628 
5798 5929 5927 6748 
5799 6441 6447 6923 
5800 7517 5408 7549 
5801 6497 6211 6589 
5802 5731 5750 5751 
5803 6751 6750 6753 
5804 6928 7510 7730 
5805 6814 8497 8553 
5806 6621 7528 8640 
5807 5757 6169 6632 
5808 6448 6450 6924 
5809 5399 6928 8123 
5810 5624 5623 5625 
5811 6314 6320 6862 
5812 6562 6560 6578 
5813 5675 6339 7216 
5814 6532 6534 6535 
5815 5933 5931 6729 
5816 6039 6088 6089 
5817 5544 7954 8150 
5818 6243 6794 8626 
5819 6621 6221 7242 
5820 6260 6261 6490 
5821 5622 5620 5623 
5822 7032 6367 7033 
5823 5619 5617 5620 
5824 217 7684 7903 
5825 6095 5743 6096 
5826 6593 7400 7694 
5827 6740 6736 6741 
5828 6236 6075 6238 
5829 6737 6734 6870 
5830 6942 6946 6949 
5831 6621 7242 8156 
5832 6749 6748 6750 
5833 6033 5937 8262 
5834 7650 8033 8294 
5835 7134 8142 8307 
5836 6370 6368 6679 
5837 5941 5939 6746 
5838 7890 6987 8054 
5839 6677 6230 6786 
5840 5585 5583 8169 
5841 5761 6184 6641 
5842 6895 6896 7339 
5843 7033 5372 8206 
5844 5899 5897 6930 
5845 5617 5615 7735 
5846 6462 6682 8614 
5847 6375 6374 6851 
5848 6147 6867 7125 
5849 5965 7909 8515 
5850 197 5501 8423 
5851 6414 6413 7244 
5852 5621 6848 6849 
5853 7188 6873 7303 
5854 7803 6979 8266 
5855 8021 6128 8551 
5856 6795 6634 6908 
5857 7399 5342 7400 
5858 6394 6391 6904 
5859 7276 7275 7297 
5860 1606 1605 7246 
5861 5765 6216 6649 
5862 6721 6720 6991 
5863 6732 6730 6734 
5864 6223 6260 6797 
5865 6230 6229 6786 
5866 5976 5974 6701 
5867 6335 6726 6727 
5868 7205 6780 8219 
5869 6321 6323 6502 
5870 5456 7067 7509 
5871 6604 6534 7083 
5872 5769 6232 6653 
5873 6156 6025 6157 
5874 6184 5759 7810 
5875 5557 231 8530 
5876 5955 5899 6930 
5877 6447 6448 6671 
5878 7327 5663 7823 
5879 6607 6236 6611 
5880 5815 6844 6845 
5881 6414 7244 8381 
5882 6326 6329 6404 
5883 6762 6246 6906 
5884 6326 6404 6697 
5885 212 213 8134 
5886 5986 5984 6712 
5887 5797 5807 5808 
5888 6102 6104 8677 
5889 1850 5424 7176 
5890 6074 5969 6075 
5891 5743 5703 7389 
5892 6824 6823 7096 
5893 6986 6533 7790 
5894 5990 5988 6716 
5895 7895 7779 8506 
5896 5808 6067 6068 
5897 6057 6066 6090 
5898 6829 7496 8210 
5899 7382 6807 7383 
5900 7050 5687 7412 
5901 7330 7076 7366 
5902 5419 7604 8379 
5903 6416 7118 8652 
5904 5996 5992 6719 
5905 6294 6668 6669 
5906 5638 5681 8020 
5907 1927 1926 7414 
5908 7734 7503 8366 
5909 6069 5972 7112 
5910 6746 5939 8427 
5911 6000 5998 6722 
5912 6250 6692 6700 
5913 7088 5424 7644 
5914 5927 5925 6051 
5915 6728 6386 6782 
5916 6115 6132 7142 
5917 7982 5614 8644 
5918 6397 6395 6652 
5919 6158 6157 6175 
5920 6234 6175 6386 
5921 7493 6881 8364 
5922 5572 5593 8543 
5923 6431 6760 7011 
5924 5974 5972 6069 
5925 6139 6624 6791 
5926 6150 6250 6251 
5927 5810 5811 5812 
5928 5478 7813 7822 
5929 7004 6245 7635 
5930 7044 7214 8370 
5931 5819 5734 8178 
5932 7080 6444 7881 
5933 7554 7258 8579 
5934 6850 8377 8538 
5935 6901 7055 7073 
5936 7749 7008 8550 
5937 6809 6378 8439 
5938 6563 6401 6853 
5939 5978 5976 6140 
5940 6637 6217 6638 
5941 6199 6059 6860 
5942 6177 6052 6231 
5943 2005 2004 7358 
5944 6657 7211 7264 
5945 5340 7171 7407 
5946 6552 6550 6970 
5947 6012 6010 6895 
5948 6542 6401 6563 
5949 7163 7432 7826 
5950 5931 5929 6034 
5951 5574 5565 8147 
5952 7065 5556 8508 
5953 6679 6368 7032 
5954 6264 6311 6788 
5955 6039 6037 6040 
5956 6090 6091 6222 
5957 5984 5982 6147 
5958 5703 5705 7228 
5959 6934 6933 6935 
5960 6006 6004 6886 
5961 6228 6843 7228 
5962 7189 6738 7821 
5963 6569 6573 8548 
5964 6548 6546 6549 
5965 6667 6666 8646 
5966 6914 6900 8536 
5967 1929 1928 7415 
5968 5935 5933 6035 
5969 7148 7758 8285 
5970 5988 5986 6142 
5971 5627 7003 7265 
5972 7323 6836 7384 
5973 5939 5937 6033 
5974 6306 6231 6307 
5975 5595 5591 6981 
5976 6566 6646 7040 
5977 6747 6738 7189 
5978 6404 6900 6914 
5979 6082 6201 8362 
5980 5992 5990 6164 
5981 6229 6493 7059 
5982 5476 7571 8161 
5983 5943 5941 6030 
5984 5587 8076 8666 
5985 7390 5464 7974 
5986 6930 5897 8591 
5987 5352 7188 7252 
5988 7301 6552 8119 
5989 6916 5683 7165 
5990 8318 5607 8709 
5991 5998 5996 6183 
5992 6219 6491 7048 
5993 6002 6000 6193 
5994 5950 5948 6026 
5995 7140 7443 7870 
5996 7494 7301 7535 
5997 5855 5922 8662 
5998 6902 5727 8110 
5999 6016 6014 6804 
6000 5612 7085 7086 
6001 5910 5908 5968 
6002 6004 6002 6885 
6003 5861 5842 5887 
6004 7911 5483 7960 
6005 5954 5952 5969 
6006 6314 6316 6320 
6007 6305 7119 7367 
6008 5958 5891 5959 
6009 6256 7094 7645 
6010 6034 5929 6748 
6011 5384 7089 7395 
6012 7307 6881 7493 
6013 6454 6829 8210 
6014 5957 7487 7907 
6015 6705 6702 6708 
6016 8010 5956 8026 
6017 7337 6023 7944 
6018 6035 5933 6729 
6019 6600 7773 7775 
6020 5750 5730 7975 
6021 5890 5889 5891 
6022 6241 6230 6677 
6023 6010 6008 6894 
6024 6008 6006 6196 
6025 5681 6761 7111 
6026 6608 6607 7057 
6027 5914 5912 5964 
6028 5888 5887 5889 
6029 6702 6701 6704 
6030 7017 7565 8280 
6031 6030 5941 6746 
6032 5582 7287 7289 
6033 6722 5998 8304 
6034 6703 6705 6706 
6035 5512 7106 8343 
6036 7173 6708 7461 
6037 7062 5432 7413 
6038 6635 6633 7061 
6039 5918 5916 5924 
6040 6841 6244 8577 
6041 5503 6976 6977 
6042 5540 7363 8359 
6043 5726 6640 7068 
6044 6554 6552 7301 
6045 6140 6702 6703 
6046 6749 6751 6752 
6047 6751 6776 6831 
6048 6562 6578 6684 
6049 5678 5709 6869 
6050 7121 6690 7573 
6051 5896 5883 7750 
6052 6713 6712 6715 
6053 7372 6575 7844 
6054 6813 6815 8553 
6055 5655 5668 6675 
6056 6393 6391 6394 
6057 6591 7183 7795 
6058 6378 6375 6699 
6059 6440 6441 8142 
6060 6881 6526 8364 
6061 6732 6737 6738 
6062 7183 5435 7792 
6063 7804 6985 8371 
6064 6701 5974 8289 
6065 6521 6882 8678 
6066 6287 6286 6288 
6067 7083 5461 7985 
6068 6642 6184 8572 
6069 6142 6713 6714 
6070 5554 7031 7175 
6071 6944 7167 7402 
6072 6383 6381 6459 
6073 5452 7106 7680 
6074 6740 6741 6928 
6075 7092 6086 7645 
6076 6014 6012 6215 
6077 6035 6730 6731 
6078 204 205 8104 
6079 5877 5876 5895 
6080 6966 5564 8244 
6081 5633 5680 6595 
6082 5688 5703 5704 
6083 5882 5879 8708 
6084 6164 6717 6718 
6085 6712 5984 8306 
6086 7171 5340 7335 
6087 6731 6732 6733 
6088 5605 5580 7238 
6089 6296 7019 7828 
6090 7209 5357 7710 
6091 7260 7261 7695 
6092 7029 7230 7588 
6093 1889 1888 7333 
6094 6183 6720 6721 
6095 6544 6542 6564 
6096 7150 5406 8042 
6097 6296 6317 7732 
6098 5533 7493 8364 
6099 6193 6723 6724 
6100 5704 5743 5744 
6101 5955 6930 7267 
6102 6106 6109 6506 
6103 6759 6898 7937 
6104 6839 6838 8654 
6105 6887 6886 6888 
6106 5861 5888 7019 
6107 6247 6762 6763 
6108 6395 6394 7128 
6109 6333 6516 6972 
6110 5630 6595 8158 
6111 6923 6922 8296 
6112 7082 6374 8521 
6113 5901 5899 5955 
6114 6306 6910 6912 
6115 6957 7170 8057 
6116 6095 6246 6247 
6117 6017 7962 8228 
6118 6578 6560 6899 
6119 7909 5965 7926 
6120 6851 6374 7081 
6121 7300 7301 7494 
6122 6956 8259 8498 
6123 6196 6887 6889 
6124 6012 6895 8367 
6125 5905 5903 5907 
6126 6290 6840 7043 
6127 6891 6715 6892 
6128 6055 6016 6189 
6129 6264 6310 6311 
6130 6192 6190 6413 
6131 7194 6643 7369 
6132 7123 5521 8039 
6133 7626 7369 7679 
6134 6590 6564 7150 
6135 6346 6187 6874 
6136 6777 6689 7121 
6137 6468 6565 7097 
6138 6074 6236 6237 
6139 6786 6229 8177 
6140 7359 5433 8144 
6141 7543 6923 8296 
6142 6861 6860 7429 
6143 6587 8159 8197 
6144 7219 7039 7220 
6145 6187 6873 6874 
6146 6140 5976 6701 
6147 6289 6288 6767 
6148 6147 5982 6866 
6149 5895 6156 6990 
6150 6793 6624 8492 
6151 6962 6454 8210 
6152 8373 7655 8493 
6153 6965 5560 7874 
6154 1575 5552 8141 
6155 6370 6679 6680 
6156 7958 5358 8513 
6157 6070 7056 7344 
6158 5747 6185 6186 
6159 6237 6607 6608 
6160 6142 5986 6712 
6161 5890 5958 7885 
6162 6190 6189 7041 
6163 6226 7699 8278 
6164 6302 6300 6374 
6165 6436 6437 7131 
6166 6164 5990 6716 
6167 7048 6220 8006 
6168 6843 6096 7389 
6169 6183 5996 6719 
6170 6815 7034 7035 
6171 6509 6304 7119 
6172 7065 7064 8478 
6173 6886 6004 8358 
6174 6573 6576 6672 
6175 6450 6453 6454 
6176 6242 6842 6986 
6177 6193 6000 6722 
6178 6323 6326 8467 
6179 7020 6120 8201 
6180 6815 6475 7034 
6181 7362 5374 7770 
6182 7559 7048 8275 
6183 6923 7543 8142 
6184 6497 6589 7110 
6185 7076 5447 7366 
6186 7231 7239 7765 
6187 5885 5883 5896 
6188 6804 6805 6807 
6189 8013 7596 8536 
6190 7541 6913 7582 
6191 6060 6076 6163 
6192 6816 6336 7000 
6193 5755 6828 8437 
6194 7336 7320 7447 
6195 7349 6807 7382 
6196 7174 5415 8240 
6197 6805 6215 6806 
6198 5469 8022 8399 
6199 6186 6367 6368 
6200 6503 6622 6997 
6201 6281 6280 6292 
6202 6197 5836 6822 
6203 7400 5342 7694 
6204 7284 7283 7745 
6205 6196 6006 6886 
6206 5805 6174 6499 
6207 7548 6652 8535 
6208 6016 6804 8412 
6209 7127 7453 8454 
6210 6192 6413 6414 
6211 6404 6329 6405 
6212 6589 6768 7356 
6213 7055 6461 7073 
6214 6351 6597 7971 
6215 6010 6894 6895 
6216 7103 5522 7247 
6217 1571 5488 7157 
6218 7005 5722 8456 
6219 7299 7284 7745 
6220 6787 6456 7174 
6221 7738 7927 7980 
6222 8211 6460 8303 
6223 6778 6777 7016 
6224 5872 5871 6926 
6225 6064 6813 8497 
6226 6169 5755 8437 
6227 5385 7122 7246 
6228 7237 7342 7621 
6229 6223 6259 6260 
6230 6427 6428 6429 
6231 5494 6934 7233 
6232 5673 7217 8075 
6233 5867 5866 7340 
6234 5916 5914 6594 
6235 7150 6564 7506 
6236 213 5492 6583 
6237 6014 6215 6804 
6238 7217 5673 7379 
6239 5449 225 8562 
6240 6163 6167 6221 
6241 218 5489 7114 
6242 6429 6430 6432 
6243 6123 6125 8551 
6244 6727 6726 7259 
6245 5801 7316 7423 
6246 6228 6497 6498 
6247 6887 6888 7089 
6248 6386 6482 7124 
6249 5612 348 7085 
6250 5457 7007 7749 
6251 6531 6533 8636 
6252 5751 6154 8051 
6253 6480 6921 7819 
6254 5492 214 5613 
6255 5511 6983 8016 
6256 7393 7383 7753 
6257 6201 6080 6941 
6258 6802 6270 8376 
6259 5447 7076 7348 
6260 6026 5948 8589 
6261 5886 5849 6496 
6262 5410 7557 8120 
6263 6542 6563 6564 
6264 5646 5684 8002 
6265 7760 5796 7798 
6266 6526 7074 8364 
6267 6650 6216 7194 
6268 5489 219 6993 
6269 5804 6226 8278 
6270 6441 6446 6447 
6271 6444 7080 8415 
6272 7739 6022 7945 
6273 6548 6549 6550 
6274 5468 7499 8079 
6275 7519 6999 8252 
6276 6827 5922 7980 
6277 5720 5736 6639 
6278 6987 6068 8054 
6279 6942 6949 6952 
6280 5494 210 6933 
6281 6298 6289 6299 
6282 7325 7326 8137 
6283 5680 6631 7146 
6284 2002 7024 8508 
6285 8033 6792 8294 
6286 6055 6189 6190 
6287 5954 5969 5970 
6288 5590 5607 7838 
6289 6493 6860 6861 
6290 6500 6857 6858 
6291 6730 6729 6835 
6292 6706 8202 8239 
6293 6950 6943 7171 
6294 6061 6228 7228 
6295 6149 6364 8590 
6296 5486 1554 5558 
6297 6788 6787 6913 
6298 7188 5507 7252 
6299 7244 7076 7330 
6300 6685 6684 8222 
6301 6754 6051 7380 
6302 6856 6176 8005 
6303 6901 7073 7759 
6304 7591 7590 8238 
6305 6061 6211 6228 
6306 6573 6672 7198 
6307 7308 5735 7309 
6308 6051 5925 8246 
6309 7172 5386 7442 
6310 5718 6639 8110 
6311 7836 7855 8175 
6312 6745 6743 7018 
6313 6755 6232 7200 
6314 7034 7067 8578 
6315 5881 5879 5882 
6316 6832 6831 7974 
6317 6900 6405 6901 
6318 5411 7243 7563 
6319 7560 5410 8120 
6320 6212 6213 6233 
6321 6417 6416 7010 
6322 6910 6307 6911 
6323 5982 5980 8502 
6324 6346 6874 7144 
6325 6100 6101 6102 
6326 6643 6642 7178 
6327 7176 6912 8349 
6328 7503 8213 8366 
6329 5961 6039 7253 
6330 203 5498 6955 
6331 7254 6040 8420 
6332 8006 7560 8120 
6333 6477 7022 7969 
6334 7084 6819 7333 
6335 6433 7135 8448 
6336 7904 6084 8225 
6337 7042 7516 7517 
6338 6216 5763 7747 
6339 5498 204 7248 
6340 6705 6708 7173 
6341 6526 6528 7074 
6342 6840 6267 6841 
6343 7371 7370 8393 
6344 6336 6337 6464 
6345 201 5499 6959 
6346 6860 6059 8679 
6347 6116 6134 8160 
6348 7552 6967 8319 
6349 6232 5767 7763 
6350 5587 7937 8267 
6351 6668 6283 8283 
6352 7026 5741 8395 
6353 6468 6469 6565 
6354 7053 5811 7054 
6355 6622 6277 8461 
6356 6413 7041 7076 
6357 7601 6460 8211 
6358 6979 7946 8266 
6359 5914 5964 6594 
6360 6664 6637 7225 
6361 6274 6273 6276 
6362 6845 6847 7060 
6363 5458 7434 8210 
6364 7014 5740 7394 
6365 6949 6946 7050 
6366 5501 198 6963 
6367 6658 6659 7262 
6368 5375 7318 7777 
6369 207 5495 6973 
6370 7029 6253 8236 
6371 7528 6491 8640 
6372 5918 5924 5925 
6373 6320 6316 6321 
6374 6857 6501 7106 
6375 6660 6110 8712 
6376 5663 7327 7877 
6377 5966 6059 6092 
6378 6654 7567 8031 
6379 7195 6248 7398 
6380 6825 6700 7906 
6381 6120 7020 8186 
6382 6437 6439 6440 
6383 5798 5799 5805 
6384 5551 7065 8508 
6385 5503 194 6974 
6386 7290 7288 8368 
6387 5485 227 7021 
6388 6724 6723 7122 
6389 6357 6480 7109 
6390 8497 6813 8553 
6391 6100 6102 8430 
6392 6102 6103 6104 
6393 7326 6996 8138 
6394 5641 7368 7626 
6395 7312 5631 7313 
6396 190 5504 6982 
6397 7699 7882 8556 
6398 6669 7237 7621 
6399 6393 6394 6395 
6400 6644 5886 7204 
6401 5969 5952 7853 
6402 7069 6717 7070 
6403 6936 6935 7075 
6404 7020 8185 8186 
6405 6607 6611 7833 
6406 6094 6473 6474 
6407 6126 6242 7790 
6408 6429 6432 8514 
6409 6862 6919 7036 
6410 7322 7827 8199 
6411 6869 5709 8415 
6412 5875 5872 5876 
6413 6052 5959 6839 
6414 6676 6675 8398 
6415 7630 7004 8281 
6416 7124 5474 8017 
6417 6461 6459 7072 
6418 7174 6456 7585 
6419 7195 6763 7217 
6420 6043 6139 6884 
6421 6592 6604 7399 
6422 7369 5640 7679 
6423 5780 5781 5782 
6424 6714 6725 7047 
6425 7259 5536 8067 
6426 7416 6940 8473 
6427 7735 5615 8471 
6428 7116 5395 8101 
6429 6954 7029 8571 
6430 5903 5901 6538 
6431 6285 6283 6286 
6432 5609 5602 7028 
6433 5803 5791 7475 
6434 7965 6029 8115 
6435 6852 7760 7886 
6436 7453 7127 8209 
6437 7043 6291 7714 
6438 7059 6308 8177 
6439 6217 5824 6868 
6440 193 5503 6978 
6441 5789 5797 8107 
6442 6691 6222 8484 
6443 6792 6793 8100 
6444 7137 7066 7139 
6445 7181 5864 7384 
6446 6708 6709 7461 
6447 7010 6416 7058 
6448 6867 6866 8231 
6449 6849 6848 8377 
6450 7683 6795 8383 
6451 7103 6720 7141 
6452 6099 6145 6146 
6453 8002 7169 8328 
6454 6874 6873 7188 
6455 6092 6199 6200 
6456 6431 6759 6760 
6457 6304 6273 6802 
6458 6627 6629 6836 
6459 5415 7174 7545 
6460 6383 6459 6461 
6461 6725 7449 8624 
6462 6803 6802 7319 
6463 6679 7032 7207 
6464 6161 6162 6171 
6465 6331 8001 8014 
6466 6200 6229 6230 
6467 5748 5749 6063 
6468 6049 6150 8063 
6469 5560 5558 7027 
6470 5805 5806 5817 
6471 6723 6722 7152 
6472 6919 6320 6920 
6473 6524 6881 6882 
6474 6799 7090 8622 
6475 5779 5780 7787 
6476 6733 6747 8390 
6477 5383 7430 7826 
6478 7693 6981 8476 
6479 6709 6710 6711 
6480 6002 6193 8615 
6481 7501 7185 8003 
6482 6885 6002 8615 
6483 6975 5502 7341 
6484 6823 6822 7322 
6485 6957 5498 7170 
6486 5817 5818 6161 
6487 7912 7295 7913 
6488 7066 7137 8597 
6489 6171 6195 6462 
6490 6059 6060 8679 
6491 6652 7514 7832 
6492 5901 5955 6538 
6493 7106 5452 8440 
6494 6067 6073 8605 
6495 7036 5479 7585 
6496 14 670 7191 
6497 7197 6017 8228 
6498 6360 6618 7148 
6499 6766 6717 7069 
6500 6785 7845 8162 
6501 5730 5732 8071 
6502 6476 6615 7001 
6503 6094 6475 6813 
6504 6756 6755 7938 
6505 6034 6749 6834 
6506 6591 6078 7183 
6507 6599 6349 8522 
6508 5705 5706 5737 
6509 6894 6008 8633 
6510 6008 6196 8633 
6511 6889 6887 7163 
6512 6540 6372 7257 
6513 7988 6125 8265 
6514 6268 6267 6290 
6515 5905 5907 5908 
6516 7237 6668 8283 
6517 6413 6190 7041 
6518 5784 5793 8634 
6519 7173 5528 8181 
6520 5849 5847 8612 
6521 7867 8400 8436 
6522 5595 6981 7979 
6523 5556 7065 7066 
6524 6121 6122 6126 
6525 6566 6569 6646 
6526 6116 6117 6121 
6527 6433 6435 6436 
6528 7120 6443 8250 
6529 6462 6463 6682 
6530 7212 6406 7595 
6531 7725 7190 7726 
6532 5793 5786 8593 
6533 6483 7325 7823 
6534 6829 6455 6830 
6535 6126 6127 6135 
6536 7152 6721 7172 
6537 7008 7345 8550 
6538 5447 7348 7381 
6539 6912 6910 8349 
6540 7750 5883 8122 
6541 6756 7939 8153 
6542 7222 6863 8571 
6543 6194 8167 8201 
6544 216 217 7903 
6545 6372 6178 8155 
6546 6135 6136 6204 
6547 6690 7121 7848 
6548 6984 6985 7681 
6549 6311 6310 6312 
6550 6578 6899 7719 
6551 6972 6516 8682 
6552 6208 6181 8684 
6553 5870 5867 5871 
6554 6845 7060 7213 
6555 6354 6356 6357 
6556 7246 7123 8039 
6557 6279 6277 6280 
6558 6172 7184 7422 
6559 215 216 5491 
6560 6459 6809 7234 
6561 6624 6623 8492 
6562 5844 5843 5845 
6563 6204 6205 6360 
6564 230 231 5557 
6565 6104 6105 6106 
6566 213 214 5492 
6567 6612 6613 6769 
6568 5357 7208 7697 
6569 6081 6080 6082 
6570 6528 6529 6612 
6571 6711 7441 8554 
6572 5553 223 7037 
6573 6892 7420 8135 
6574 5978 6140 7919 
6575 6360 6361 6618 
6576 6128 6123 8551 
6577 5683 14 7191 
6578 218 219 5489 
6579 8415 5709 8444 
6580 6526 6527 6528 
6581 211 212 5493 
6582 5956 8011 8012 
6583 6427 6431 7011 
6584 349 5354 7085 
6585 6424 6426 6427 
6586 6996 6995 8234 
6587 6516 6518 7116 
6588 7045 5555 7202 
6589 220 221 6992 
6590 5783 5784 8659 
6591 209 210 5494 
6592 6078 5802 7183 
6593 7838 5607 7840 
6594 6110 6111 6112 
6595 7297 7576 8588 
6596 7165 5683 8718 
6597 6317 7199 7732 
6598 7200 6651 7674 
6599 7768 7204 8402 
6600 6179 6178 6180 
6601 5354 7015 7085 
6602 5740 5775 5776 
6603 5950 6026 8182 
6604 6499 6500 6925 
6605 6436 7133 7135 
6606 6706 6705 8202 
6607 5776 5777 5778 
6608 6503 6280 6622 
6609 7706 6925 8586 
6610 207 208 5495 
6611 6524 6525 6526 
6612 5998 6183 8304 
6613 8335 7672 8596 
6614 6807 6805 7753 
6615 6945 5812 8212 
6616 228 229 5505 
6617 7369 6643 8035 
6618 6357 6479 6480 
6619 7086 6497 8599 
6620 205 206 5496 
6621 7923 5349 8447 
6622 226 227 5485 
6623 6072 6099 7851 
6624 5846 5845 5847 
6625 5935 6035 7989 
6626 6663 6686 7380 
6627 6480 6510 6511 
6628 5711 5726 8250 
6629 203 204 5498 
6630 5856 5855 5857 
6631 8355 6683 8362 
6632 7416 7037 8701 
6633 5854 5853 5855 
6634 5580 5578 8661 
6635 7430 7431 7826 
6636 5711 5712 5713 
6637 5786 5787 5789 
6638 5784 5785 5786 
6639 6490 7578 7743 
6640 5713 5714 5715 
6641 6454 6453 6455 
6642 6772 6775 8133 
6643 7511 5469 8399 
6644 5848 5847 5849 
6645 6858 6857 7208 
6646 5852 5851 5853 
6647 5817 6808 8657 
6648 7420 7126 7452 
6649 5850 5849 5851 
6650 7026 6409 7113 
6651 6229 7059 8177 
6652 7190 7725 7991 
6653 5715 5716 5718 
6654 5744 6095 7983 
6655 201 202 5499 
6656 7128 7129 8687 
6657 350 351 6916 
6658 6302 6374 6375 
6659 224 225 5449 
6660 6569 6571 6573 
6661 6146 6416 6417 
6662 5732 5733 5734 
6663 7309 5735 7894 
6664 5709 5710 5711 
6665 7305 7538 7993 
6666 6528 6612 7185 
6667 6599 7156 7829 
6668 5718 5719 5720 
6669 5789 5790 5794 
6670 7449 6725 8200 
6671 7287 5582 8112 
6672 199 200 5500 
6673 5830 6170 8534 
6674 6796 6490 7743 
6675 5672 5688 8034 
6676 5591 5608 8664 
6677 6773 6772 8132 
6678 5882 7712 8122 
6679 6819 7084 8697 
6680 6505 6605 7691 
6681 7328 5345 7329 
6682 349 350 5354 
6683 6209 6208 6243 
6684 197 198 5501 
6685 5895 6025 6156 
6686 6288 6601 6767 
6687 7029 6954 7230 
6688 6423 6424 8230 
6689 5864 7181 7485 
6690 5885 5896 5897 
6691 188 189 5511 
6692 6575 6537 7844 
6693 6981 7376 7979 
6694 5720 5721 5722 
6695 7431 6896 7698 
6696 7397 6046 7906 
6697 5722 5723 5725 
6698 195 196 5502 
6699 5725 5728 5729 
6700 5384 7395 7435 
6701 7129 7517 7549 
6702 5773 6345 8542 
6703 5684 5700 7169 
6704 7196 5554 8581 
6705 6423 7889 8060 
6706 6952 6949 7410 
6707 7877 7327 7940 
6708 6652 6395 7128 
6709 6763 6762 7217 
6710 5734 5739 5740 
6711 7999 6338 8038 
6712 193 194 5503 
6713 7012 6760 7268 
6714 5970 6074 7990 
6715 7114 6458 7684 
6716 6692 6693 8251 
6717 5865 5863 5866 
6718 6072 6097 6098 
6719 7813 7814 8175 
6720 7251 5380 7973 
6721 6478 6429 8514 
6722 7224 6676 8398 
6723 5537 8550 8647 
6724 7038 7037 7039 
6725 6057 5923 6066 
6726 6238 6332 6333 
6727 7591 7592 8369 
6728 6752 6833 6834 
6729 7116 6518 7117 
6730 6810 8415 8444 
6731 5974 6069 8289 
6732 7453 5525 8454 
6733 6511 6512 6670 
6734 6885 8146 8358 
6735 6684 6578 8030 
6736 190 191 5504 
6737 7499 5468 7539 
6738 1605 5385 7246 
6739 7054 5746 8378 
6740 5566 5564 5568 
6741 5984 6147 8306 
6742 6465 6467 6468 
6743 6021 7801 7802 
6744 5893 5890 8031 
6745 5837 5836 6058 
6746 6844 5773 8542 
6747 6618 6619 7007 
6748 6120 6104 7713 
6749 5579 5578 5580 
6750 6699 6851 7609 
6751 8012 8011 8115 
6752 6718 6766 7140 
6753 6272 6270 6273 
6754 7040 6646 7895 
6755 8085 6415 8489 
6756 7450 7117 7488 
6757 7077 6045 8312 
6758 222 223 5553 
6759 7913 5547 8118 
6760 6759 6478 7807 
6761 5857 5855 7180 
6762 6870 6998 6999 
6763 5862 5858 7731 
6764 7152 7172 8036 
6765 7288 7286 7293 
6766 6260 6259 6261 
6767 1575 1576 5552 
6768 5838 5621 5839 
6769 5578 5575 8544 
6770 6415 6414 6495 
6771 7577 6262 7743 
6772 6820 6971 7084 
6773 7189 5400 8305 
6774 6986 6842 7361 
6775 6170 6821 8534 
6776 6745 7018 7044 
6777 6518 6519 6520 
6778 6985 5504 8371 
6779 6516 6517 6518 
6780 5957 7486 7487 
6781 5687 7050 7471 
6782 6333 6515 6516 
6783 6207 6777 6778 
6784 6064 6093 6094 
6785 6850 6849 8377 
6786 6135 6204 8568 
6787 6104 6106 8689 
6788 6818 5830 8534 
6789 6294 6286 6668 
6790 5813 5812 5814 
6791 5725 5747 8062 
6792 7017 7016 8463 
6793 6700 6692 7397 
6794 6962 7434 8176 
6795 6215 6012 8367 
6796 8010 8009 8086 
6797 7242 6782 7243 
6798 5571 5570 8491 
6799 6610 6608 7465 
6800 7655 5436 8493 
6801 6181 6180 8684 
6802 6106 6107 6108 
6803 6420 6423 8060 
6804 5449 6939 7416 
6805 7847 6584 8052 
6806 6004 6885 8358 
6807 5529 7462 7463 
6808 5444 7507 8103 
6809 7578 6490 7742 
6810 7278 7279 7280 
6811 7914 7282 7916 
6812 1551 1552 5551 
6813 5664 5665 5669 
6814 6110 6112 8712 
6815 6728 6782 7242 
6816 6420 6422 6423 
6817 5782 5783 8659 
6818 6852 5668 7187 
6819 6156 6157 6158 
6820 6234 6386 6728 
6821 7452 7126 8454 
6822 7048 6491 8275 
6823 6090 6222 8561 
6824 6963 6964 7266 
6825 7632 7138 8466 
6826 7122 7123 7246 
6827 7026 6698 7130 
6828 5840 5839 5841 
6829 7722 7721 8405 
6830 6158 6175 6234 
6831 6726 6334 8235 
6832 7063 6184 7810 
6833 5661 5662 5664 
6834 6605 6606 6789 
6835 7822 7813 8175 
6836 6384 7180 7310 
6837 6974 6975 8699 
6838 6339 6342 7216 
6839 6635 7061 7062 
6840 6828 6880 8437 
6841 6942 6945 6946 
6842 7010 7058 8716 
6843 7240 6594 7948 
6844 7364 6984 7681 
6845 7109 6480 7819 
6846 7103 7141 7870 
6847 6289 6767 8474 
6848 6694 7222 8571 
6849 7337 7944 8517 
6850 5653 5654 5655 
6851 5432 1927 7414 
6852 5659 5660 5661 
6853 1553 1554 5486 
6854 8112 5582 8268 
6855 6175 6202 8672 
6856 6808 6161 8560 
6857 6254 6954 8571 
6858 6447 6446 6448 
6859 7199 5845 8619 
6860 7293 7286 7296 
6861 7875 5645 8477 
6862 7488 7117 7900 
6863 6342 6483 7216 
6864 5655 5656 5657 
6865 6674 6505 7581 
6866 7666 5820 8627 
6867 5860 5858 5862 
6868 6514 7260 7695 
6869 6666 7104 8646 
6870 7325 5742 7327 
6871 6765 6763 7195 
6872 5628 5629 5630 
6873 6298 6299 6300 
6874 6090 6066 6091 
6875 7582 6913 8240 
6876 5505 229 8648 
6877 5657 5658 5659 
6878 6222 6091 6223 
6879 6838 6839 7253 
6880 7229 6645 8448 
6881 5886 6496 8402 
6882 6991 6720 7103 
6883 7596 5417 8536 
6884 6503 6997 8113 
6885 7400 6593 8089 
6886 7499 7949 8079 
6887 6151 7094 7222 
6888 6189 6016 8412 
6889 7044 5398 8324 
6890 5881 5882 5883 
6891 6040 6041 6043 
6892 6680 6679 7314 
6893 6374 6300 8521 
6894 5491 7982 8644 
6895 8334 5526 8500 
6896 1573 1574 5484 
6897 7249 5414 7572 
6898 7456 7185 7501 
6899 5876 6926 8512 
6900 6113 6115 6116 
6901 5675 7216 7704 
6902 6266 6244 6267 
6903 7136 7133 8040 
6904 6132 7091 7142 
6905 7205 7525 8226 
6906 6831 6776 7390 
6907 7234 5418 8211 
6908 7219 7220 7221 
6909 6842 6362 7231 
6910 6495 6414 7177 
6911 6029 8012 8115 
6912 7303 6873 8357 
6913 7206 5396 7489 
6914 348 349 7085 
6915 5831 5830 5832 
6916 5517 7273 7338 
6917 5829 5828 5830 
6918 5792 5804 7052 
6919 5827 5826 5828 
6920 6946 6947 6948 
6921 5572 5571 8491 
6922 6202 6157 6779 
6923 6617 8180 8430 
6924 6978 6977 6979 
6925 7876 8081 8350 
6926 6191 6190 6192 
6927 5871 7340 7396 
6928 5825 5824 5826 
6929 6774 6773 6877 
6930 5630 5632 5633 
6931 5564 5562 8244 
6932 7419 5995 7961 
6933 6070 6071 6072 
6934 6616 8122 8194 
6935 5404 7300 7494 
6936 5752 5751 5753 
6937 6049 6050 6138 
6938 6043 6044 6047 
6939 7317 5919 8061 
6940 5619 5622 8539 
6941 6755 7200 7715 
6942 6047 6048 6049 
6943 6073 7706 8586 
6944 6586 7269 8197 
6945 7232 7221 7308 
6946 6892 7125 7126 
6947 6983 6984 7364 
6948 6922 6671 8257 
6949 6990 6156 8337 
6950 1928 5432 7415 
6951 5633 5634 5636 
6952 5636 5637 5638 
6953 740 5342 7401 
6954 7233 6934 8247 
6955 7167 6944 8404 
6956 6496 7164 8402 
6957 6163 6221 8640 
6958 5638 5639 5642 
6959 7269 6587 8197 
6960 7135 7136 7229 
6961 6521 6523 6524 
6962 6693 6694 7029 
6963 5727 5718 8110 
6964 6707 6706 6864 
6965 6574 7198 8128 
6966 7347 5514 8549 
6967 6330 7190 7991 
6968 6795 6908 8383 
6969 6736 6733 8390 
6970 5877 5895 6990 
6971 5642 5643 5646 
6972 7202 5555 7358 
6973 1573 5484 7100 
6974 7242 7243 8156 
6975 6287 6288 6289 
6976 6170 5828 8131 
6977 6978 6979 8524 
6978 7160 5497 7215 
6979 6117 7142 8000 
6980 6511 6670 7373 
6981 7273 5517 7405 
6982 6764 6763 6765 
6983 5588 7065 8478 
6984 5897 5966 8591 
6985 5592 5591 5595 
6986 5429 7225 7598 
6987 6883 6026 8215 
6988 7013 5485 7724 
6989 6977 6976 7337 
6990 6595 5680 8541 
6991 7733 7988 8066 
6992 7321 7904 8225 
6993 7604 7081 8379 
6994 6878 6877 6879 
6995 7093 5626 8025 
6996 8155 7088 8449 
6997 214 215 5613 
6998 5754 5753 5755 
6999 5460 7351 7755 
7000 7497 7498 7499 
7001 5678 5708 5709 
7002 7292 7291 7370 
7003 6819 1889 7333 
7004 7141 7140 7870 
7005 6677 6786 8126 
7006 6676 7224 8037 
7007 7204 6297 8136 
7008 5614 7982 8711 
7009 5866 5863 8102 
7010 6897 6674 8083 
7011 6613 7108 7994 
7012 5646 5647 5648 
7013 7712 6235 8194 
7014 215 5491 8644 
7015 219 220 6993 
7016 6366 6078 6591 
7017 210 211 6933 
7018 6865 6864 6938 
7019 6168 6658 8505 
7020 6890 6650 8332 
7021 5667 5678 6869 
7022 5756 5755 5757 
7023 6491 7528 8275 
7024 5485 7332 7724 
7025 7449 7427 8624 
7026 6882 6881 7307 
7027 5551 1552 7064 
7028 7035 7034 8578 
7029 6991 7247 8148 
7030 5845 5843 8619 
7031 6440 6439 6441 
7032 6223 6797 8484 
7033 5726 7068 7120 
7034 7434 6962 8210 
7035 7619 8503 8710 
7036 5758 5757 5759 
7037 5615 5613 8472 
7038 5590 5575 8709 
7039 6776 6780 8397 
7040 211 5493 8668 
7041 6737 6870 8232 
7042 5576 5575 5578 
7043 7007 7728 7729 
7044 5760 5759 5761 
7045 5762 5761 5763 
7046 7796 5350 8164 
7047 7381 7348 7382 
7048 6805 6806 7273 
7049 6698 6340 7943 
7050 6775 6918 8125 
7051 220 6992 8660 
7052 5764 5763 5765 
7053 202 203 6955 
7054 6826 6825 7077 
7055 6260 6796 6797 
7056 5613 215 8644 
7057 5600 5595 7320 
7058 5766 5765 5767 
7059 6877 6773 7359 
7060 7124 6482 7147 
7061 6362 6135 8568 
7062 6354 6357 8258 
7063 200 201 6959 
7064 6689 6090 8561 
7065 6845 7213 7986 
7066 7227 7144 7928 
7067 6060 5967 6076 
7068 5768 5767 5769 
7069 6934 6936 7892 
7070 198 199 6963 
7071 5586 5585 5591 
7072 5875 5876 5877 
7073 6938 7324 7863 
7074 5772 5771 5773 
7075 6735 6733 6736 
7076 5774 5773 5815 
7077 7370 7878 8393 
7078 5770 5769 5771 
7079 7170 6582 7317 
7080 1571 1572 5488 
7081 5908 5907 8048 
7082 206 207 6973 
7083 5496 6909 8104 
7084 5835 5833 5836 
7085 5959 5960 5961 
7086 6933 211 8668 
7087 7192 5385 7438 
7088 6653 6756 8153 
7089 6993 220 8660 
7090 189 190 6982 
7091 6285 6286 6287 
7092 194 195 6974 
7093 6762 6906 8075 
7094 1556 1557 5365 
7095 5557 7002 7756 
7096 6493 6861 7417 
7097 6227 6068 6987 
7098 5819 7115 8207 
7099 5745 5744 5746 
7100 6565 6566 7040 
7101 6536 6535 6537 
7102 6836 6629 6837 
7103 5740 5776 7394 
7104 7663 7225 7664 
7105 6476 6474 6615 
7106 5499 202 8695 
7107 5626 8261 8539 
7108 5812 5811 8212 
7109 6959 6960 8507 
7110 5573 5572 5575 
7111 5696 7373 7692 
7112 5737 5738 7782 
7113 6657 7210 7211 
7114 6563 6853 8022 
7115 6938 6864 7324 
7116 7431 7698 7826 
7117 7178 6642 7179 
7118 5809 5746 5810 
7119 5500 200 8705 
7120 6488 7386 7387 
7121 5569 5568 8704 
7122 6926 5871 7396 
7123 5649 5652 5653 
7124 5871 5867 7340 
7125 7486 5957 7905 
7126 5581 5580 5583 
7127 6627 6836 7323 
7128 7201 7045 8297 
7129 202 6955 8695 
7130 6739 6736 6740 
7131 351 5683 6916 
7132 6744 6743 6745 
7133 6086 7092 8642 
7134 6792 8100 8325 
7135 6742 6740 6743 
7136 7262 6659 7263 
7137 7445 7424 8714 
7138 6872 8401 8672 
7139 5682 5630 8158 
7140 7489 5532 7900 
7141 200 6959 8705 
7142 6060 6219 7429 
7143 5961 6036 6037 
7144 6721 6991 7172 
7145 6609 6608 6610 
7146 6662 6562 6663 
7147 6204 6360 8285 
7148 5488 7102 8489 
7149 5485 7013 8562 
7150 7746 5537 8647 
7151 5916 6594 8434 
7152 6342 6344 6483 
7153 6443 7120 8253 
7154 7344 7056 8570 
7155 6645 6432 8448 
7156 7044 7018 7214 
7157 7913 7295 7915 
7158 6491 6163 8640 
7159 5740 7014 8178 
7160 6561 6560 6562 
7161 6855 6063 8405 
7162 6248 7217 7379 
7163 8286 6846 8542 
7164 6859 6495 8470 
7165 5542 7177 7334 
7166 7392 6167 8194 
7167 6664 7658 7659 
7168 6538 5955 7388 
7169 6651 6890 8347 
7170 6212 6062 6213 
7171 5868 5845 7199 
7172 7490 5516 8203 
7173 6461 7072 7073 
7174 6013 6012 6014 
7175 6606 6884 8638 
7176 6054 6016 6055 
7177 6836 6837 7181 
7178 6605 6789 8032 
7179 6778 7016 7017 
7180 6015 6014 6016 
7181 6011 6010 6012 
7182 5670 5661 8145 
7183 7907 7487 7908 
7184 6465 6468 8632 
7185 6256 6058 6863 
7186 5601 5600 5602 
7187 6130 6129 6131 
7188 6564 6563 7506 
7189 5358 7745 8513 
7190 6872 8279 8401 
7191 5786 5789 8406 
7192 5948 7304 8589 
7193 5526 7723 8500 
7194 6222 6691 8561 
7195 6847 6844 8336 
7196 7383 6807 7753 
7197 6021 7800 7801 
7198 5971 5970 5972 
7199 7279 7278 8719 
7200 227 228 8675 
7201 6928 6741 8123 
7202 6493 6199 6860 
7203 7352 7813 7846 
7204 5907 7858 8048 
7205 7039 7416 8473 
7206 5584 5583 5585 
7207 6709 6704 6710 
7208 6468 7097 7098 
7209 7198 7778 8557 
7210 7051 5792 7052 
7211 6789 7650 8316 
7212 7491 7490 8203 
7213 5570 5569 8704 
7214 7699 6226 7882 
7215 6447 6922 6923 
7216 6461 7055 7153 
7217 7940 7327 8179 
7218 7909 7075 8515 
7219 7127 6867 7223 
7220 7056 6070 8520 
7221 6436 6435 6437 
7222 7259 6726 8097 
7223 6311 6787 6788 
7224 5418 7601 8211 
7225 6854 6399 8458 
7226 6299 6289 8474 
7227 5603 5602 5609 
7228 5823 5816 5824 
7229 2004 7202 7358 
7230 6551 6550 6552 
7231 5428 7827 8088 
7232 7739 7945 7946 
7233 7584 7174 7585 
7234 7841 5607 8318 
7235 6840 6841 8103 
7236 6163 6076 6167 
7237 7123 7152 8036 
7238 6251 6826 8063 
7239 223 224 8701 
7240 6618 7007 7729 
7241 7001 7002 7534 
7242 5547 7917 8628 
7243 5346 7320 7979 
7244 6084 7953 8225 
7245 7314 5455 7428 
7246 5973 5972 5974 
7247 5521 7123 8036 
7248 6823 7322 8199 
7249 5371 7315 7474 
7250 5975 5974 5976 
7251 7112 5972 8411 
7252 6009 6008 6010 
7253 7138 7134 8466 
7254 5977 5976 5978 
7255 5870 5871 5872 
7256 7424 6766 8714 
7257 5987 5986 5988 
7258 6003 6002 6004 
7259 7220 7039 8473 
7260 6921 6511 8429 
7261 5979 5978 5980 
7262 6607 7833 8045 
7263 6929 6698 7026 
7264 5985 5984 5986 
7265 5989 5988 5990 
7266 5722 5725 8456 
7267 6005 6004 6006 
7268 5981 5980 5982 
7269 6001 6000 6002 
7270 6024 7959 8277 
7271 6670 6512 7888 
7272 7567 6654 7941 
7273 5991 5990 5992 
7274 5596 5595 5600 
7275 6321 6502 8238 
7276 6602 7271 7618 
7277 5983 5982 5984 
7278 6219 7048 7049 
7279 6143 6932 7995 
7280 5993 5992 5996 
7281 6656 6067 8605 
7282 6007 6006 6008 
7283 6896 6894 7698 
7284 7041 6189 7349 
7285 7293 7296 7797 
7286 5997 5996 5998 
7287 7268 6760 7937 
7288 5999 5998 6000 
7289 6279 6280 6281 
7290 6892 7126 7420 
7291 6553 6552 6554 
7292 5421 7343 8113 
7293 5847 5868 8612 
7294 7546 8399 8618 
7295 6950 8355 8362 
7296 6369 6368 6370 
7297 7805 7017 8280 
7298 6612 6769 8003 
7299 6953 6824 8373 
7300 6555 6554 6556 
7301 5631 7312 7669 
7302 6738 6737 7821 
7303 6968 6967 6969 
7304 5753 5751 8341 
7305 6910 6911 7808 
7306 7672 7606 8596 
7307 5422 7367 8273 
7308 7800 6985 7801 
7309 6113 6116 8453 
7310 7880 8164 8351 
7311 229 230 7756 
7312 7210 7209 7211 
7313 6429 6428 6430 
7314 5964 5912 8050 
7315 5365 1557 7158 
7316 7776 7083 8676 
7317 6848 5619 8539 
7318 7361 5539 7769 
7319 7496 5458 8210 
7320 7268 5587 8666 
7321 6978 8524 8649 
7322 7122 6723 7123 
7323 6627 7323 8509 
7324 7029 6694 8571 
7325 6371 6185 8532 
7326 7178 7676 8035 
7327 6502 7591 8238 
7328 6891 6892 8135 
7329 6507 7966 8093 
7330 8195 6859 8470 
7331 6070 6072 8520 
7332 7213 7060 7312 
7333 7758 5538 7761 
7334 5610 5609 6967 
7335 6498 7015 7331 
7336 7184 6172 8392 
7337 6427 6426 6428 
7338 670 5673 7191 
7339 5843 5861 8619 
7340 7009 5682 7190 
7341 7290 7291 7292 
7342 6556 6554 7300 
7343 7216 7823 7981 
7344 6100 6098 6101 
7345 6264 6788 8354 
7346 6663 6685 6686 
7347 6432 6430 6433 
7348 5926 5925 5927 
7349 6233 6213 6410 
7350 6919 6920 7771 
7351 6964 5500 8086 
7352 7090 6915 8696 
7353 6152 6931 7092 
7354 6752 6832 6833 
7355 6767 6601 7271 
7356 5824 5816 8641 
7357 6816 7000 8384 
7358 5387 7140 8408 
7359 6221 6621 8640 
7360 6709 6711 8554 
7361 7243 5411 8156 
7362 6613 6927 7108 
7363 5661 5664 8145 
7364 5795 5821 6070 
7365 231 22 8530 
7366 7323 5869 8625 
7367 5746 5744 8378 
7368 7069 7070 8645 
7369 5575 5590 8544 
7370 6900 6901 8013 
7371 7072 6459 8211 
7372 5513 7382 7383 
7373 5705 6061 7228 
7374 5734 5740 8178 
7375 7813 5594 7814 
7376 6625 6627 8509 
7377 347 348 5612 
7378 6321 6322 6323 
7379 7668 6756 8313 
7380 6296 7828 8188 
7381 6148 6131 6149 
7382 5928 5927 5929 
7383 6913 6787 8240 
7384 6685 8222 8340 
7385 7418 6024 8277 
7386 6254 6953 6954 
7387 5930 5929 5931 
7388 7704 7216 7981 
7389 6274 6276 6277 
7390 5790 5792 7051 
7391 5709 5711 8444 
7392 5932 5931 5933 
7393 5780 5778 5781 
7394 6396 6395 6397 
7395 5934 5933 5935 
7396 5940 5939 5941 
7397 7085 7015 7086 
7398 6378 6699 8439 
7399 6710 6704 8289 
7400 8389 7143 8480 
7401 6791 6792 8033 
7402 5938 5937 5939 
7403 5942 5941 5943 
7404 5748 5729 5749 
7405 5936 5935 5937 
7406 6610 7463 8078 
7407 9 222 7921 
7408 7975 5730 8071 
7409 1576 8 7925 
7410 6251 6825 6826 
7411 5944 5943 5945 
7412 5951 5950 5952 
7413 6996 7326 8139 
7414 7043 6840 7507 
7415 1574 1575 7087 
7416 7578 7577 7743 
7417 5949 5948 5950 
7418 5879 5877 6990 
7419 5953 5952 5954 
7420 5947 5945 5948 
7421 6360 7148 8285 
7422 7367 5422 7629 
7423 6995 6993 8558 
7424 6559 6557 6560 
7425 6650 7194 7368 
7426 6955 6957 8585 
7427 5732 5819 8460 
7428 5798 5794 5799 
7429 7793 6030 7852 
7430 5857 7866 8049 
7431 6040 6043 8420 
7432 8063 6826 8492 
7433 7859 6695 8218 
7434 6777 7121 8263 
7435 8089 7318 8090 
7436 1557 1558 7158 
7437 7071 5494 7233 
7438 5640 7369 8035 
7439 6432 6645 8514 
7440 5968 5908 8637 
7441 5865 5866 5867 
7442 7038 7039 7219 
7443 7336 5448 8204 
7444 5668 5657 8565 
7445 6323 6325 6326 
7446 6672 6576 6673 
7447 6058 6254 6863 
7448 8081 6112 8350 
7449 7727 7151 7829 
7450 6326 6328 6329 
7451 5945 5943 8069 
7452 6226 6165 7883 
7453 6836 7181 7384 
7454 7726 7190 8158 
7455 7497 7499 7539 
7456 7271 6602 8566 
7457 6161 6488 8560 
7458 6398 6397 6399 
7459 6387 7563 8527 
7460 8251 6693 8339 
7461 7923 7841 8317 
7462 6681 6340 6698 
7463 5907 5903 8475 
7464 6400 6399 6401 
7465 6541 6401 6542 
7466 5795 6070 7344 
7467 6545 6544 6546 
7468 7032 7033 8206 
7469 6543 6542 6544 
7470 6960 5499 8323 
7471 5923 5876 8512 
7472 7313 5631 7665 
7473 5705 5689 5706 
7474 6249 6096 8375 
7475 6547 6546 6548 
7476 7064 5486 8478 
7477 6133 7256 7998 
7478 7335 5340 7374 
7479 7362 7770 8359 
7480 5948 5945 7304 
7481 6924 6962 8176 
7482 6272 6273 6274 
7483 1569 1570 5508 
7484 6030 7793 8069 
7485 6405 6329 7235 
7486 8166 6299 8205 
7487 6017 7197 8277 
7488 6033 6871 8580 
7489 6797 6796 7249 
7490 5449 7416 8701 
7491 6932 6143 7996 
7492 6476 7001 8129 
7493 7098 7097 8106 
7494 8238 7590 8295 
7495 5505 7236 8602 
7496 6094 6093 6473 
7497 6068 6168 8054 
7498 1558 1559 5497 
7499 6336 6160 6337 
7500 7994 7044 8324 
7501 7598 7225 7663 
7502 7435 7395 7436 
7503 6192 6414 6415 
7504 7914 7916 7917 
7505 6884 6606 7254 
7506 6973 5495 7971 
7507 6292 6937 7237 
7508 7209 7710 8334 
7509 7043 7507 7569 
7510 6057 6207 7583 
7511 7003 7009 7241 
7512 5909 5908 5910 
7513 5519 7432 8601 
7514 7916 7297 8588 
7515 6594 5964 7948 
7516 7062 7061 8477 
7517 7073 7072 8303 
7518 6602 7617 8566 
7519 7206 7489 7900 
7520 7097 6565 7709 
7521 7021 227 8675 
7522 6970 6550 8216 
7523 5657 5659 8565 
7524 7403 5670 8145 
7525 5522 7103 7870 
7526 5674 5669 5679 
7527 6766 7069 8714 
7528 6423 6422 6424 
7529 6991 7103 7247 
7530 7001 6615 7002 
7531 8030 6578 8264 
7532 6125 7733 8551 
7533 6831 7390 7974 
7534 7545 7174 7584 
7535 7321 6588 7904 
7536 7878 7370 7879 
7537 375 5555 7201 
7538 7282 7914 7915 
7539 6143 7816 7996 
7540 5737 5706 5738 
7541 7118 6145 8180 
7542 6979 7803 8524 
7543 5369 7305 8176 
7544 6573 6571 6576 
7545 6874 7188 7928 
7546 5841 5843 5844 
7547 7145 6191 7809 
7548 5833 5832 8483 
7549 6334 6816 8235 
7550 6153 6149 6187 
7551 6588 7321 7950 
7552 7976 6343 7982 
7553 5814 6080 6081 
7554 6415 6495 6859 
7555 5903 6538 8475 
7556 7211 7209 8334 
7557 5972 5970 8411 
7558 5495 208 8174 
7559 6399 6397 8458 
7560 6418 6417 6781 
7561 8099 5502 8423 
7562 5494 7071 8531 
7563 5959 5961 8594 
7564 6194 8201 8713 
7565 5911 5910 5912 
7566 5913 5912 5914 
7567 7047 6725 8624 
7568 5553 7037 7038 
7569 5915 5914 5916 
7570 5888 5893 7019 
7571 6053 6178 6179 
7572 7094 7095 7645 
7573 7889 8230 8403 
7574 6549 6546 7949 
7575 5917 5916 5918 
7576 7351 5460 7785 
7577 5924 5916 8434 
7578 6240 6230 6241 
7579 6693 6252 6694 
7580 5674 5679 7825 
7581 5605 7238 7350 
7582 6063 5749 6064 
7583 6312 6313 6314 
7584 5961 7253 8594 
7585 6238 6075 6332 
7586 5608 5585 8169 
7587 6125 6660 8265 
7588 8030 5403 8222 
7589 5342 7399 7401 
7590 6870 6999 8254 
7591 193 6978 8649 
7592 6969 7378 7860 
7593 6413 7076 7244 
7594 5388 8446 8624 
7595 6612 6529 6613 
7596 7782 5738 8501 
7597 6354 6155 6356 
7598 6698 7943 8623 
7599 6528 6527 6529 
7600 5474 7562 8017 
7601 8001 6331 8015 
7602 6019 7365 7861 
7603 6171 6162 6195 
7604 6055 6191 7145 
7605 6600 6531 8636 
7606 6977 7337 8517 
7607 6533 6530 7790 
7608 5890 7885 8031 
7609 6526 6525 6527 
7610 6953 8373 8493 
7611 6565 7040 8506 
7612 6345 5771 8153 
7613 5860 5862 5863 
7614 5403 7526 8222 
7615 5805 5799 5806 
7616 6165 6359 7883 
7617 5732 5701 5733 
7618 7652 7077 8322 
7619 6166 5803 7475 
7620 7301 5467 7535 
7621 7221 7220 7751 
7622 7546 7511 8399 
7623 6161 5818 6162 
7624 6833 6998 8077 
7625 6102 6101 6103 
7626 7105 8196 8646 
7627 6760 6759 7937 
7628 6462 6195 6463 
7629 373 374 5487 
7630 6979 6977 7739 
7631 6753 6750 6754 
7632 375 376 5555 
7633 6388 6241 6389 
7634 6314 6315 6316 
7635 6879 6877 8144 
7636 6390 6389 6391 
7637 6682 6463 6683 
7638 6392 6391 6393 
7639 370 371 5446 
7640 6151 6138 7094 
7641 6686 6685 7205 
7642 6870 6734 6998 
7643 6981 5591 8664 
7644 7169 5752 8328 
7645 8401 6482 8672 
7646 5817 5806 5818 
7647 7092 6931 7265 
7648 7055 6405 7235 
7649 7777 7318 8089 
7650 7080 7881 8487 
7651 6961 8010 8086 
7652 7037 223 8701 
7653 6502 6323 8467 
7654 7360 7336 7447 
7655 7274 5612 8599 
7656 6125 6118 6660 
7657 7315 5371 7491 
7658 7060 6847 8596 
7659 6266 6267 6268 
7660 5665 5667 7079 
7661 7487 7892 7908 
7662 310 5480 7842 
7663 6055 6190 6191 
7664 6952 7410 8504 
7665 7104 6727 7105 
7666 5491 7976 7982 
7667 6695 7255 8248 
7668 6734 6730 6835 
7669 6509 7625 7824 
7670 226 5485 8562 
7671 7144 5506 7270 
7672 7320 5595 7979 
7673 367 368 5364 
7674 6734 6835 6998 
7675 6951 6166 7475 
7676 5397 7500 8595 
7677 7396 6258 7762 
7678 5776 5779 8598 
7679 6051 6754 8217 
7680 6524 6523 6525 
7681 5589 8318 8709 
7682 7799 6018 8670 
7683 6710 8289 8683 
7684 7263 6659 7264 
7685 5382 7375 7426 
7686 7304 6522 8589 
7687 8150 7954 8170 
7688 7024 1551 8508 
7689 7262 5339 8647 
7690 6976 6974 8699 
7691 5898 5897 5899 
7692 6377 6375 6378 
7693 7562 6387 8527 
7694 7444 7208 8440 
7695 7147 6482 8401 
7696 1568 1569 7030 
7697 6724 7122 7192 
7698 5442 7342 7622 
7699 6188 6187 6346 
7700 5883 5882 8122 
7701 5489 6996 7114 
7702 6829 6830 8203 
7703 6942 6079 6945 
7704 5618 5621 5838 
7705 5788 7046 7458 
7706 6597 6695 8248 
7707 5844 5845 5846 
7708 5694 8528 8596 
7709 8132 6772 8360 
7710 6076 5967 7750 
7711 1570 1571 7157 
7712 7761 5459 8479 
7713 7105 6727 8067 
7714 7051 7052 7953 
7715 6347 6346 6348 
7716 5554 1577 8581 
7717 6880 6828 8655 
7718 5856 5857 5858 
7719 5715 5714 5716 
7720 7436 7193 8519 
7721 5718 5716 5719 
7722 5854 5855 5856 
7723 7721 6855 8405 
7724 5713 5712 5714 
7725 7853 5952 8182 
7726 6893 6781 7045 
7727 6482 6175 8672 
7728 7081 6374 7082 
7729 5492 5616 6583 
7730 8377 6472 8538 
7731 7752 5964 8050 
7732 5622 5626 8539 
7733 6110 6108 6111 
7734 5852 5853 5854 
7735 5846 5847 5848 
7736 6995 7232 7309 
7737 6992 221 7921 
7738 5711 5710 5712 
7739 5850 5851 5852 
7740 7225 6637 7664 
7741 6565 6469 6566 
7742 5848 5849 5850 
7743 5720 5719 5721 
7744 7473 7033 8549 
7745 6601 7006 8503 
7746 7156 7727 7829 
7747 5900 5899 5901 
7748 6081 6082 6083 
7749 5902 5901 5903 
7750 6757 6166 6951 
7751 6380 6378 6381 
7752 6863 6254 8571 
7753 6126 6122 6127 
7754 6721 7152 8304 
7755 364 365 5506 
7756 5659 5670 8396 
7757 7528 6621 8269 
7758 6121 6117 6122 
7759 7872 7371 8393 
7760 5810 5812 5813 
7761 5725 5723 5728 
7762 5904 5903 5905 
7763 5735 7308 7898 
7764 6382 6381 6383 
7765 6135 6127 6136 
7766 297 5482 7880 
7767 5722 5721 5723 
7768 5782 5781 5783 
7769 5441 8287 8566 
7770 6468 6467 6469 
7771 6292 7237 8283 
7772 5503 6977 6978 
7773 6104 6103 6105 
7774 7938 6755 8320 
7775 6486 6897 8409 
7776 5511 8016 8499 
7777 6204 6136 6205 
7778 6373 7258 8449 
7779 6464 6337 6465 
7780 6179 6180 6181 
7781 8052 6584 8198 
7782 6766 7424 8408 
7783 6793 7077 8312 
7784 6333 6332 6515 
7785 6520 6519 6521 
7786 6116 8160 8453 
7787 7387 7386 8431 
7788 6518 6517 6519 
7789 6605 6319 6606 
7790 6209 6243 6244 
7791 6261 6263 6264 
7792 6360 6205 6361 
7793 6516 6515 6517 
7794 6968 6969 7860 
7795 6181 6208 6209 
7796 6089 6486 6838 
7797 6618 6361 6619 
7798 7758 7761 8479 
7799 6116 6115 6117 
7800 6756 7668 7939 
7801 6552 6970 8119 
7802 5776 5775 5777 
7803 7318 5375 8576 
7804 6063 6064 8497 
7805 5709 5708 5710 
7806 5502 196 8423 
7807 7016 6777 8263 
7808 8425 5523 8714 
7809 1578 1577 5554 
7810 5648 5649 8037 
7811 6918 6354 8258 
7812 6892 6715 7125 
7813 5751 8051 8341 
7814 7375 6896 8533 
7815 218 7114 8658 
7816 7943 6338 7999 
7817 5607 5590 8709 
7818 1558 5497 7158 
7819 7074 7500 8364 
7820 7341 6801 7419 
7821 6703 6706 6707 
7822 6815 7035 8426 
7823 6940 6785 8162 
7824 6638 6868 7213 
7825 5628 5625 5629 
7826 372 7149 7203 
7827 6106 6506 8689 
7828 7208 7444 7697 
7829 6468 7098 8632 
7830 372 373 7149 
7831 6459 7234 8211 
7832 362 363 5352 
7833 6965 7311 8244 
7834 5664 5672 8441 
7835 5837 6058 6256 
7836 6842 7231 8346 
7837 5740 5739 5775 
7838 5784 5783 5785 
7839 6357 6356 6479 
7840 5786 5785 5787 
7841 5433 7359 8183 
7842 5396 7206 8546 
7843 6264 6309 6310 
7844 5789 5787 5790 
7845 6753 6754 8219 
7846 7141 6719 8292 
7847 6664 7659 8131 
7848 5623 5620 6409 
7849 6672 6673 7318 
7850 7744 7960 8513 
7851 7500 7074 8595 
7852 7617 5441 8566 
7853 7053 6765 8187 
7854 8164 5350 8351 
7855 6040 6037 6041 
7856 5955 7267 8080 
7857 7224 5685 8037 
7858 7319 6802 8376 
7859 7339 6896 7375 
7860 7237 6937 7342 
7861 6448 6449 6450 
7862 7319 7714 8273 
7863 6675 6852 8243 
7864 6480 6479 6510 
7865 6598 6349 6599 
7866 7619 5420 8503 
7867 6247 6763 6764 
7868 7120 7068 8685 
7869 5664 5662 5665 
7870 1551 5551 8508 
7871 7628 6921 7687 
7872 5566 5568 5569 
7873 5816 5815 7986 
7874 7620 6295 7931 
7875 6949 7050 8606 
7876 6168 7893 8054 
7877 364 5506 7227 
7878 6050 6152 7095 
7879 7739 6977 8517 
7880 6587 7269 8666 
7881 5884 5883 5885 
7882 5661 5660 5662 
7883 7157 6859 8195 
7884 6474 6473 7236 
7885 6835 7716 8077 
7886 5943 6030 8069 
7887 7282 7297 7916 
7888 6967 5609 8319 
7889 7329 5345 8485 
7890 6497 7110 8599 
7891 7162 7160 7275 
7892 7278 7276 8719 
7893 6301 6300 6302 
7894 5448 7336 7360 
7895 6101 6098 7786 
7896 6345 8286 8542 
7897 6300 6299 8521 
7898 5835 5836 5837 
7899 5493 212 8134 
7900 7222 7094 8465 
7901 7650 6789 8033 
7902 5912 5910 8050 
7903 7007 6619 7008 
7904 6877 7359 8144 
7905 5734 5733 5739 
7906 7177 5542 7955 
7907 7042 6905 8272 
7908 6794 6208 8173 
7909 6895 7339 8367 
7910 7585 6456 8356 
7911 5562 5560 6965 
7912 6864 6706 8082 
7913 5838 5839 5840 
7914 7070 6716 8271 
7915 7587 7036 8462 
7916 7145 7809 8455 
7917 6604 7083 7985 
7918 1567 1568 7196 
7919 6450 6452 6453 
7920 7094 6256 8465 
7921 6583 5616 7956 
7922 7660 7397 8251 
7923 7423 7316 8442 
7924 7046 6239 8720 
7925 5659 5658 5660 
7926 7840 7841 8447 
7927 6213 6062 7782 
7928 6222 6223 8484 
7929 5491 216 7903 
7930 5731 5751 5752 
7931 6202 6779 7805 
7932 7413 5432 7414 
7933 6353 6773 6774 
7934 5453 7244 7330 
7935 7508 5369 8176 
7936 7368 7194 7369 
7937 1559 1560 7215 
7938 7250 7249 7411 
7939 7100 5484 7101 
7940 7280 7283 7284 
7941 6021 7802 8702 
7942 6749 6752 6834 
7943 7225 5429 8459 
7944 6432 6433 8448 
7945 7007 7008 7749 
7946 8017 7562 8527 
7947 7715 7200 8331 
7948 7498 6549 7499 
7949 7068 6640 7353 
7950 6731 6733 6735 
7951 6946 6945 6947 
7952 6511 6510 6512 
7953 7744 7911 7960 
7954 6787 7174 8240 
7955 5657 5656 5658 
7956 7731 5857 8049 
7957 7263 7264 8653 
7958 7167 6952 8504 
7959 7036 6919 8462 
7960 5861 7019 7732 
7961 5525 7452 8454 
7962 7168 5866 8639 
7963 7181 6837 7182 
7964 5465 7205 8340 
7965 6415 6859 8489 
7966 7074 6528 8595 
7967 6483 6344 7245 
7968 6872 6202 8280 
7969 6223 6258 6259 
7970 6531 6600 8681 
7971 7896 7751 8163 
7972 6139 6791 6884 
7973 366 367 7154 
7974 6072 6071 6097 
7975 6112 6111 6113 
7976 8290 7603 8439 
7977 7027 5365 7874 
7978 5939 6033 8427 
7979 6686 7205 8219 
7980 7108 6745 7994 
7981 7080 6869 8415 
7982 5655 5654 5656 
7983 369 370 7151 
7984 6980 192 8649 
7985 6231 6052 6839 
7986 7106 7107 8343 
7987 7180 7783 7866 
7988 6086 7241 8380 
7989 5937 5935 8262 
7990 205 5496 8104 
7991 7247 1611 8148 
7992 6106 6105 6107 
7993 6238 6539 8388 
7994 5781 5778 7798 
7995 7599 6914 8536 
7996 347 5612 7274 
7997 7223 6938 8209 
7998 6489 6275 7839 
7999 5653 5652 5654 
8000 6283 6281 8283 
8001 6277 6276 8461 
8002 6638 6217 6868 
8003 6841 7004 7635 
8004 7492 7023 7532 
8005 6834 6833 8077 
8006 7342 5442 7621 
8007 374 375 7201 
8008 6237 6608 6609 
8009 6635 7062 7063 
8010 6707 6864 6865 
8011 5582 7289 7977 
8012 6616 6076 7750 
8013 5831 5832 5833 
8014 7052 5804 8278 
8015 5829 5830 5831 
8016 5827 5828 5829 
8017 7112 6958 8683 
8018 5411 7561 8156 
8019 7193 7192 8519 
8020 6741 6736 8390 
8021 7966 6614 8093 
8022 5472 7417 7523 
8023 5825 5826 5827 
8024 5704 5744 5745 
8025 5841 5844 7764 
8026 5414 7249 8435 
8027 7153 7235 7783 
8028 5959 5891 5960 
8029 6597 6492 6695 
8030 6492 5921 7815 
8031 6693 7029 8236 
8032 5980 5978 8249 
8033 5630 5629 5632 
8034 7059 6493 8610 
8035 6043 6041 6044 
8036 209 5494 8531 
8037 7257 6372 7258 
8038 6054 6055 7145 
8039 6370 6680 7022 
8040 6781 6417 7854 
8041 8011 6960 8115 
8042 6049 6048 6050 
8043 6047 6044 6048 
8044 360 361 5507 
8045 7537 7016 7570 
8046 6769 7994 8324 
8047 6997 7824 8310 
8048 6015 6016 6054 
8049 6682 6683 7316 
8050 5889 5887 6850 
8051 8152 8151 8612 
8052 6657 7264 8691 
8053 6483 7245 7325 
8054 6013 6014 6015 
8055 6443 6810 8250 
8056 5789 8107 8406 
8057 7346 7347 8549 
8058 6658 7262 7345 
8059 6764 6765 7053 
8060 7327 5742 8179 
8061 7187 6951 7760 
8062 6241 6677 8127 
8063 6441 6445 6446 
8064 6109 6119 6506 
8065 6011 6012 6013 
8066 5633 5632 5634 
8067 7144 6874 7928 
8068 6906 7165 8718 
8069 6936 7075 7909 
8070 8333 5668 8565 
8071 5954 5970 5971 
8072 7023 6556 8609 
8073 6410 6584 7847 
8074 7076 7041 7348 
8075 1580 1579 5542 
8076 7106 6501 7107 
8077 5823 5824 5825 
8078 5878 5877 5879 
8079 6661 7088 8155 
8080 7797 7796 8164 
8081 6297 6289 6298 
8082 6887 7089 8601 
8083 5636 5634 5637 
8084 5493 7736 8053 
8085 7676 5640 8035 
8086 6501 6174 8154 
8087 6494 6370 7022 
8088 7019 5893 7828 
8089 1569 5508 7030 
8090 371 372 7203 
8091 7681 6985 7800 
8092 7551 8274 8302 
8093 7953 7052 8225 
8094 7567 5893 8031 
8095 7152 6722 8304 
8096 7266 6964 7703 
8097 7257 7258 7554 
8098 5638 5637 5639 
8099 5814 6081 7788 
8100 5808 6068 6227 
8101 5910 5968 8414 
8102 363 364 7227 
8103 373 5487 7149 
8104 5623 6409 7997 
8105 5880 5879 5881 
8106 7500 5533 8364 
8107 7363 7362 8359 
8108 6596 7090 8696 
8109 6009 6010 6011 
8110 5642 5639 5643 
8111 5547 7913 7914 
8112 7716 6834 8077 
8113 8524 6980 8649 
8114 6234 6728 7392 
8115 5711 8250 8444 
8116 6901 6405 7055 
8117 7109 7737 8258 
8118 345 346 5611 
8119 7745 7744 8513 
8120 366 7154 7218 
8121 7324 5527 8575 
8122 5752 5753 5754 
8123 5380 7251 8400 
8124 7475 5791 7987 
8125 7046 5788 8696 
8126 6548 6550 6551 
8127 6490 6261 8354 
8128 6290 7043 7319 
8129 1560 1561 5353 
8130 6774 6877 6878 
8131 6735 6736 6739 
8132 6096 5743 7389 
8133 5754 5755 5756 
8134 6697 7212 7592 
8135 5646 5643 5647 
8136 7179 7414 8109 
8137 6744 6745 7108 
8138 5820 7666 8019 
8139 7067 6476 8129 
8140 6742 6743 6744 
8141 6739 6740 6742 
8142 6029 7965 8028 
8143 5756 5757 5758 
8144 7127 7223 8209 
8145 5612 7086 8599 
8146 6878 6879 6880 
8147 7757 7148 8450 
8148 6329 6385 7235 
8149 7084 6971 8697 
8150 6835 6729 7716 
8151 1581 1580 7334 
8152 24 5795 8608 
8153 5758 5759 5760 
8154 5504 191 8371 
8155 5760 5761 5762 
8156 7300 5404 8609 
8157 6397 6652 8458 
8158 5762 5763 5764 
8159 6228 6498 6843 
8160 5764 5765 5766 
8161 7257 5445 8172 
8162 6070 5821 6071 
8163 7371 7872 8574 
8164 8156 7561 8269 
8165 5648 5647 5649 
8166 6815 8426 8553 
8167 6954 6953 8493 
8168 5766 5767 5768 
8169 6351 5921 6492 
8170 5772 5773 5774 
8171 5774 5815 5816 
8172 7185 6612 8003 
8173 6858 7208 7209 
8174 8500 5454 8653 
8175 5770 5771 5772 
8176 5768 5769 5770 
8177 6186 6368 6369 
8178 365 366 7218 
8179 6561 6562 6662 
8180 5978 7919 8249 
8181 7709 6565 8506 
8182 6714 7047 7070 
8183 8111 7134 8307 
8184 225 226 8562 
8185 346 347 7274 
8186 7049 7048 8006 
8187 6308 7558 8177 
8188 5497 1559 7215 
8189 7228 6843 7389 
8190 7625 6509 8064 
8191 6988 6987 7256 
8192 6609 6610 6958 
8193 6857 7106 8440 
8194 6007 6008 6009 
8195 6532 6535 6536 
8196 6865 6938 7223 
8197 5513 7381 7382 
8198 7143 8389 8621 
8199 7089 6888 7395 
8200 1851 7176 8117 
8201 6695 6492 8218 
8202 7486 7182 7487 
8203 6003 6004 6005 
8204 5486 5558 5559 
8205 7578 7742 8723 
8206 6001 6002 6003 
8207 6005 6006 6007 
8208 6803 7319 8273 
8209 7295 7279 7915 
8210 8196 7105 8563 
8211 6514 5809 7260 
8212 6167 7392 8365 
8213 7719 6899 8220 
8214 7425 7207 8206 
8215 6023 7337 8228 
8216 6767 7271 7272 
8217 6034 6834 7716 
8218 5745 5746 5809 
8219 7411 7249 7572 
8220 5999 6000 6001 
8221 5645 8087 8477 
8222 6852 7187 7760 
8223 5987 5988 5989 
8224 7213 6868 7986 
8225 5517 7338 7421 
8226 6437 6438 6439 
8227 5985 5986 5987 
8228 5989 5990 5991 
8229 5971 5972 5973 
8230 5961 5960 6036 
8231 7345 7262 8647 
8232 5991 5992 5993 
8233 6231 6839 8654 
8234 5918 5925 5926 
8235 6559 6560 6561 
8236 6124 6129 6130 
8237 7134 6440 8142 
8238 5993 5996 5997 
8239 5973 5974 5975 
8240 5975 5976 5977 
8241 7893 6168 8505 
8242 5997 5998 5999 
8243 5977 5978 5979 
8244 7591 6502 7592 
8245 5983 5984 5985 
8246 188 5511 8630 
8247 6258 7396 7929 
8248 5979 5980 5981 
8249 5874 5872 5875 
8250 6950 7171 7335 
8251 5981 5982 5983 
8252 7123 6723 7152 
8253 1582 1581 5453 
8254 5952 5950 8182 
8255 6643 7194 7747 
8256 6769 6613 7994 
8257 7172 7442 8036 
8258 8056 7850 8259 
8259 6046 7397 8084 
8260 7570 7016 8263 
8261 6364 6876 8357 
8262 6147 7125 8306 
8263 5505 8602 8675 
8264 7576 7297 8422 
8265 6820 7084 7322 
8266 7818 8016 8700 
8267 6418 6781 6893 
8268 370 5446 7151 
8269 7742 6490 8354 
8270 5794 5790 7051 
8271 5626 7093 8261 
8272 5795 7344 8608 
8273 7868 6603 8105 
8274 7432 7163 8601 
8275 8116 6595 8541 
8276 7134 8111 8466 
8277 5390 7453 8209 
8278 7282 7915 8719 
8279 6073 5807 7706 
8280 6290 7319 8376 
8281 6851 7081 8584 
8282 6411 6213 7782 
8283 5354 6917 7015 
8284 5514 7347 8651 
8285 7199 6317 8721 
8286 5480 7837 7840 
8287 6282 6281 6283 
8288 7848 6691 8161 
8289 367 5364 7154 
8290 7256 6133 8189 
8291 7332 7021 8602 
8292 7022 6680 7968 
8293 6384 7153 7783 
8294 6915 7046 8696 
8295 368 369 7727 
8296 6958 6610 8078 
8297 6111 6108 7834 
8298 7756 7002 8260 
8299 8102 5863 8421 
8300 6335 6727 7104 
8301 8285 6678 8568 
8302 7077 6825 8322 
8303 6379 7607 7862 
8304 6393 6395 6396 
8305 358 359 5368 
8306 7606 5694 8596 
8307 6551 6552 6553 
8308 6239 7046 8073 
8309 6321 6316 6322 
8310 6553 6554 6555 
8311 5706 5689 7825 
8312 7952 7294 8726 
8313 6555 6556 6557 
8314 6500 6858 6925 
8315 5935 7989 8262 
8316 6146 6417 6418 
8317 7563 7243 8527 
8318 6681 6698 6929 
8319 6975 7341 7418 
8320 5669 5665 7079 
8321 6284 6283 6285 
8322 7751 7896 7897 
8323 6797 7249 7250 
8324 5455 7314 8629 
8325 7456 5397 8595 
8326 6625 6626 6627 
8327 5576 5578 5579 
8328 5729 5728 7902 
8329 7674 6651 8347 
8330 7882 7883 8309 
8331 7300 6554 7301 
8332 344 345 7355 
8333 7681 6020 7799 
8334 7030 5508 7031 
8335 6651 7200 7763 
8336 6227 6987 6988 
8337 7407 7171 8404 
8338 6575 7372 7876 
8339 6627 6628 6629 
8340 6929 7026 7113 
8341 6089 6838 7253 
8342 6680 7314 7315 
8343 7824 7625 8310 
8344 5539 7361 8346 
8345 8151 6496 8612 
8346 8196 6667 8646 
8347 359 360 7302 
8348 5779 7787 8093 
8349 5513 7383 7393 
8350 7163 6887 8601 
8351 6849 6850 8165 
8352 7738 6301 7927 
8353 5417 7599 8536 
8354 686 687 7374 
8355 7882 7261 8556 
8356 6917 6916 7165 
8357 6218 8001 8015 
8358 5586 5591 5592 
8359 6218 8015 8627 
8360 369 7151 7727 
8361 5610 6967 6968 
8362 6221 6167 8365 
8363 5717 7898 8486 
8364 6904 7042 7517 
8365 5601 5602 5603 
8366 7433 5519 8601 
8367 7269 6586 8403 
8368 6655 6083 7321 
8369 6369 6370 6494 
8370 7319 7043 7714 
8371 7283 7295 7744 
8372 7229 7136 8555 
8373 5967 5896 7750 
8374 6997 6622 7824 
8375 7217 6762 8075 
8376 6700 7397 7906 
8377 6410 6411 6584 
8378 6041 6037 7816 
8379 6920 8238 8295 
8380 5905 5908 5909 
8381 5951 5952 5953 
8382 6261 6264 8354 
8383 5949 5950 5951 
8384 5926 5927 5928 
8385 5464 7390 8284 
8386 5940 5941 5942 
8387 6299 8166 8521 
8388 6305 7367 7629 
8389 362 5352 7252 
8390 6433 6434 6435 
8391 5938 5939 5940 
8392 5942 5943 5944 
8393 5928 5929 5930 
8394 5930 5931 5932 
8395 7232 7308 7309 
8396 1583 1582 7330 
8397 5947 5948 5949 
8398 5944 5945 5947 
8399 5932 5933 5934 
8400 5869 5867 5870 
8401 8003 6769 8537 
8402 7012 7268 7269 
8403 5936 5937 5938 
8404 6593 7777 8089 
8405 7695 7882 8309 
8406 6383 6461 7153 
8407 5934 5935 5936 
8408 6020 7681 7800 
8409 7603 7862 8439 
8410 7165 6249 8680 
8411 6662 6663 7380 
8412 8282 7073 8303 
8413 7040 7895 8506 
8414 6765 7195 7328 
8415 6039 6089 7253 
8416 1584 1583 7366 
8417 1585 1584 5447 
8418 7193 6885 8615 
8419 6191 6192 8085 
8420 6528 7185 8595 
8421 695 696 7385 
8422 5920 6350 6625 
8423 7893 6620 8054 
8424 6899 7023 8220 
8425 5889 6850 8043 
8426 361 362 7252 
8427 7063 7062 7413 
8428 5603 5609 5610 
8429 6477 7226 7899 
8430 7401 7399 7985 
8431 7292 7370 7371 
8432 6278 6277 6279 
8433 8177 7558 8564 
8434 7823 5663 7981 
8435 6536 6537 6575 
8436 343 344 6214 
8437 5579 5580 5581 
8438 6200 6230 6240 
8439 6718 7140 7141 
8440 6592 7399 7400 
8441 7391 6667 8196 
8442 6083 6082 7950 
8443 7507 5444 8407 
8444 6671 7993 8257 
8445 7524 7390 8397 
8446 7621 7620 7931 
8447 6863 7222 8465 
8448 5919 7317 8490 
8449 6252 6151 7222 
8450 6239 6101 7786 
8451 1586 1585 7381 
8452 6138 6050 7095 
8453 6925 6858 7210 
8454 6112 8081 8712 
8455 6072 7851 8520 
8456 7102 8085 8489 
8457 8397 6780 8616 
8458 6636 6664 8131 
8459 6807 7349 8412 
8460 7057 6607 8045 
8461 6605 8032 8314 
8462 7816 6471 7996 
8463 6943 7167 8404 
8464 5858 5857 7731 
8465 6396 6397 6398 
8466 7203 7149 8667 
8467 7427 5388 8624 
8468 7368 5641 8332 
8469 8145 5664 8441 
8470 7153 7055 7235 
8471 7316 5801 8348 
8472 6971 6818 8342 
8473 5467 7301 8119 
8474 6312 6310 6313 
8475 6398 6399 6400 
8476 7733 6125 7988 
8477 6543 6544 6545 
8478 6545 6546 6547 
8479 6332 6075 7853 
8480 6506 6119 8168 
8481 6541 6542 6543 
8482 6400 6401 6541 
8483 1587 1586 5513 
8484 7065 5588 7781 
8485 7802 7801 7803 
8486 6323 6322 6325 
8487 5744 7983 8378 
8488 8426 7484 8553 
8489 6417 7010 8667 
8490 1568 7030 7196 
8491 6062 5737 7782 
8492 6326 6325 6328 
8493 7179 7413 7414 
8494 6584 6585 6586 
8495 6329 6328 6385 
8496 5596 5600 5601 
8497 8027 6484 8059 
8498 8233 5396 8546 
8499 5554 7175 8523 
8500 5524 7449 8200 
8501 6424 6425 6426 
8502 7419 6801 8386 
8503 5476 7411 8443 
8504 6167 6616 8194 
8505 1580 5542 7334 
8506 5569 5570 5571 
8507 8503 7006 8710 
8508 6270 6268 8376 
8509 8092 7087 8141 
8510 7658 6664 8459 
8511 6344 6458 7245 
8512 6634 8437 8525 
8513 1588 1587 7393 
8514 6053 6179 7885 
8515 7081 7604 8584 
8516 6130 6131 6148 
8517 6868 5824 8641 
8518 5592 5595 5596 
8519 702 703 7444 
8520 6724 7192 7193 
8521 5701 5685 7224 
8522 5436 8029 8493 
8523 7088 7644 8449 
8524 5659 8396 8565 
8525 6245 7634 7635 
8526 5844 5965 7764 
8527 7322 6822 8483 
8528 5796 5781 7798 
8529 7171 6943 8404 
8530 672 673 6248 
8531 7170 5498 7248 
8532 6455 6453 6477 
8533 357 358 7354 
8534 7965 8115 8498 
8535 1589 1588 5381 
8536 7010 7203 8667 
8537 5885 5897 5898 
8538 7315 7491 7968 
8539 8293 5593 8491 
8540 6498 7331 8375 
8541 342 343 7377 
8542 7892 6936 7908 
8543 7634 5444 8103 
8544 6337 6160 8021 
8545 7023 7492 8220 
8546 7218 7154 8143 
8547 7949 6590 8079 
8548 5970 7990 8411 
8549 5909 5910 5911 
8550 6408 8092 8141 
8551 7326 7245 8139 
8552 5913 5914 5915 
8553 341 342 5347 
8554 5864 5863 5865 
8555 5911 5912 5913 
8556 7507 6840 8103 
8557 5915 5916 5917 
8558 5672 8034 8372 
8559 7373 5696 8429 
8560 6632 6635 7810 
8561 670 671 5673 
8562 1590 1589 7405 
8563 6678 7758 8479 
8564 5510 7916 8588 
8565 6302 6375 6377 
8566 7809 6191 8085 
8567 6499 6925 7706 
8568 5584 5585 5586 
8569 6064 6065 6093 
8570 7110 6589 8698 
8571 1591 1590 5517 
8572 6833 6832 8587 
8573 5920 6625 7920 
8574 7272 7271 8566 
8575 8096 8097 8235 
8576 671 672 7379 
8577 5809 5810 7260 
8578 8057 8056 8259 
8579 7495 5467 8119 
8580 1979 1980 7425 
8581 5738 6419 6420 
8582 5453 7334 8381 
8583 7521 8127 8288 
8584 5954 5971 7820 
8585 1982 1983 7428 
8586 7072 8211 8303 
8587 7827 5428 8199 
8588 7140 6766 8408 
8589 356 357 5509 
8590 6509 7119 8064 
8591 1592 1591 7421 
8592 7698 6889 7826 
8593 6269 6268 6270 
8594 6384 6383 7153 
8595 1964 1965 7455 
8596 1989 1990 7434 
8597 673 674 7398 
8598 6900 8013 8536 
8599 221 9 7921 
8600 6357 7109 8258 
8601 8 187 7925 
8602 6356 6155 7975 
8603 674 675 5345 
8604 1593 1592 5382 
8605 6750 6748 8217 
8606 6784 7013 7724 
8607 7718 7259 8208 
8608 7081 7082 8379 
8609 7742 6913 8723 
8610 683 684 6944 
8611 1595 1594 5518 
8612 7318 6673 8090 
8613 6926 7396 7762 
8614 1594 1593 7426 
8615 8086 8009 8540 
8616 6911 6307 7740 
8617 7242 6221 8365 
8618 6069 7112 8683 
8619 1561 1562 7576 
8620 6976 7197 8228 
8621 7285 7284 7286 
8622 5389 7420 8482 
8623 7635 7634 8103 
8624 6986 7361 7362 
8625 1597 1596 5383 
8626 6784 6939 7013 
8627 1599 1598 5519 
8628 5412 8041 8401 
8629 6240 6241 6388 
8630 1601 1600 5384 
8631 7197 6975 8277 
8632 1596 1595 7430 
8633 6261 6259 6263 
8634 1603 1602 5520 
8635 5529 7463 8241 
8636 6599 7829 8652 
8637 1605 1604 5385 
8638 1598 1597 7432 
8639 677 678 5687 
8640 1600 1599 7433 
8641 7104 6666 7817 
8642 6390 6391 6392 
8643 6081 6085 7788 
8644 1602 1601 7435 
8645 7146 6631 7666 
8646 7114 7684 8658 
8647 1608 1607 5521 
8648 6219 7049 7429 
8649 6388 6389 6390 
8650 7723 5454 8500 
8651 6761 8002 8516 
8652 7298 7293 8164 
8653 5725 8062 8456 
8654 1604 1603 7438 
8655 1610 1609 5386 
8656 1613 1612 5522 
8657 1615 1614 5387 
8658 1616 1615 7424 
8659 7708 5606 8650 
8660 676 677 7404 
8661 1618 1617 5523 
8662 6458 7114 8139 
8663 6824 7096 8374 
8664 1609 1608 7442 
8665 1620 1619 5388 
8666 6271 6270 6272 
8667 1621 1620 7427 
8668 6148 6149 6153 
8669 1614 1613 7443 
8670 7164 6496 8151 
8671 685 686 5340 
8672 7264 6659 8691 
8673 1623 1622 5524 
8674 1617 1616 7445 
8675 681 682 5690 
8676 6314 6313 6315 
8677 679 680 5671 
8678 1625 1624 5389 
8679 1619 1618 7448 
8680 1628 1627 5525 
8681 1630 1629 5390 
8682 7136 7139 8147 
8683 1622 1621 7449 
8684 1633 1632 5527 
8685 6233 6410 8604 
8686 1624 1623 7451 
8687 1635 1634 5391 
8688 6319 6088 7254 
8689 1636 1635 7437 
8690 1627 1626 7452 
8691 1629 1628 7453 
8692 7240 7963 8434 
8693 6757 6951 7187 
8694 1638 1637 5528 
8695 8394 6709 8554 
8696 7166 5924 7963 
8697 1641 1640 7441 
8698 1640 1639 5392 
8699 1634 1633 7457 
8700 1643 1642 5529 
8701 1645 1644 5393 
8702 7773 6600 8636 
8703 7271 6601 7618 
8704 6832 7806 8587 
8705 1648 1647 5530 
8706 5559 5558 5560 
8707 1639 1638 7460 
8708 1650 1649 5394 
8709 1651 1650 7446 
8710 1642 1641 7462 
8711 1644 1643 7464 
8712 5679 7079 7080 
8713 340 341 7406 
8714 1653 1652 5531 
8715 1647 1646 7467 
8716 684 685 7407 
8717 1656 1655 7450 
8718 1655 1654 5395 
8719 1649 1648 7472 
8720 1658 1657 5532 
8721 682 683 7402 
8722 1660 1659 5396 
8723 7879 7291 8592 
8724 692 693 6172 
8725 688 689 5801 
8726 1652 1651 7478 
8727 1663 1662 5533 
8728 334 335 5448 
8729 1666 1665 7456 
8730 1654 1653 7482 
8731 1665 1664 5397 
8732 1978 1979 5372 
8733 1668 1667 5534 
8734 1670 1669 5398 
8735 1657 1656 7488 
8736 339 340 5598 
8737 1981 1982 5455 
8738 1976 1977 5514 
8739 1659 1658 7489 
8740 6317 6275 6489 
8741 5453 1581 7334 
8742 678 679 7412 
8743 1984 1985 5371 
8744 1973 1974 5373 
8745 1673 1672 5535 
8746 1662 1661 7493 
8747 1675 1674 5399 
8748 1664 1663 7500 
8749 1971 1972 5515 
8750 1986 1987 5516 
8751 1676 1675 7459 
8752 1667 1666 7501 
8753 1669 1668 7502 
8754 1678 1677 5462 
8755 1969 1970 5377 
8756 1679 1678 7466 
8757 6420 6421 6422 
8758 7287 7286 7288 
8759 6521 6522 6523 
8760 680 681 7409 
8761 1682 1681 7468 
8762 1988 1989 5458 
8763 8147 5567 8555 
8764 1685 1684 7469 
8765 1681 1680 5400 
8766 1674 1673 7510 
8767 1684 1683 5463 
8768 1687 1686 5401 
8769 1688 1687 7470 
8770 6276 6509 8461 
8771 6548 6551 7843 
8772 1977 1978 7473 
8773 1677 1676 7512 
8774 1690 1689 5464 
8775 716 717 7728 
8776 6242 6986 7790 
8777 6650 7368 8332 
8778 7212 7595 8369 
8779 1991 1992 5369 
8780 1966 1967 5456 
8781 687 688 7423 
8782 1693 1692 5402 
8783 1696 1695 5465 
8784 694 695 5450 
8785 1699 1698 5403 
8786 1694 1693 7479 
8787 1683 1682 7518 
8788 690 691 5800 
8789 1985 1986 7490 
8790 1972 1973 7476 
8791 1686 1685 7519 
8792 1697 1696 7480 
8793 6043 6884 8420 
8794 1700 1699 7481 
8795 5881 5883 5884 
8796 1702 1701 5466 
8797 5573 5575 5576 
8798 1970 1971 7483 
8799 1689 1688 7522 
8800 1983 1984 7474 
8801 1703 1702 7492 
8802 5859 5858 5860 
8803 1987 1988 7496 
8804 6448 6446 6449 
8805 1705 1704 5404 
8806 1708 1707 5467 
8807 1692 1691 7524 
8808 1711 1710 5405 
8809 1706 1705 7494 
8810 1695 1694 7525 
8811 7050 7412 8606 
8812 1698 1697 7526 
8813 1709 1708 7495 
8814 1714 1713 5468 
8815 1712 1711 7497 
8816 7273 6806 7338 
8817 1701 1700 7530 
8818 1715 1714 7504 
8819 1717 1716 5406 
8820 1704 1703 7532 
8821 360 5507 7302 
8822 5581 5583 5584 
8823 1707 1706 7535 
8824 1718 1717 7505 
8825 1995 1996 5378 
8826 1710 1709 7536 
8827 1720 1719 5469 
8828 1721 1720 7511 
8829 1713 1712 7539 
8830 1990 1991 7508 
8831 1965 1966 7509 
8832 1723 1722 5407 
8833 1726 1725 5470 
8834 1963 1964 5490 
8835 1729 1728 5408 
8836 1727 1726 7515 
8837 1724 1723 7514 
8838 5611 346 7274 
8839 1730 1729 7516 
8840 1732 1731 5471 
8841 697 698 5338 
8842 1993 1994 6451 
8843 1719 1718 7544 
8844 5620 5617 7735 
8845 1733 1732 7520 
8846 6614 7394 8598 
8847 1735 1734 5409 
8848 5898 5899 5900 
8849 1722 1721 7546 
8850 6788 6913 7742 
8851 1739 1738 5472 
8852 1742 1741 5410 
8853 1992 1993 7538 
8854 1737 1736 6308 
8855 1725 1724 7548 
8856 1740 1739 7523 
8857 1728 1727 7549 
8858 1997 1998 6442 
8859 7818 6688 8016 
8860 5618 5838 7956 
8861 1746 1745 5473 
8862 6796 7743 8717 
8863 1731 1730 7553 
8864 1744 1743 6220 
8865 1747 1746 7527 
8866 1749 1748 5411 
8867 5902 5903 5904 
8868 5900 5901 5902 
8869 1753 1752 5474 
8870 1999 2000 5370 
8871 1756 1755 5412 
8872 693 694 7439 
8873 1734 1733 7555 
8874 689 690 7440 
8875 691 692 7422 
8876 1754 1753 7531 
8877 6158 6234 6235 
8878 1736 1735 7558 
8879 1738 1737 7556 
8880 1994 1995 7529 
8881 1741 1740 7557 
8882 1751 1750 6387 
8883 1760 1759 5475 
8884 1743 1742 7560 
8885 5487 374 7201 
8886 6298 6300 6301 
8887 1758 1757 6203 
8888 1996 1997 7542 
8889 1761 1760 7537 
8890 1745 1744 7559 
8891 1763 1762 5413 
8892 1767 1766 5476 
8893 1770 1769 5414 
8894 1748 1747 7561 
8895 1765 1764 6690 
8896 5345 7328 8643 
8897 7809 7101 8455 
8898 1750 1749 7563 
8899 1752 1751 7562 
8900 6699 8290 8439 
8901 1774 1773 5477 
8902 1772 1771 6262 
8903 6847 8335 8596 
8904 1757 1756 7568 
8905 6652 7128 8535 
8906 1775 1774 7541 
8907 5689 5674 7825 
8908 1759 1758 7564 
8909 1778 1777 7545 
8910 1777 1776 5415 
8911 7175 5542 8523 
8912 1780 1779 5479 
8913 1784 1783 5416 
8914 7309 7894 8385 
8915 1998 1999 7547 
8916 1762 1761 7570 
8917 1782 1781 6327 
8918 1764 1763 7573 
8919 1786 1785 6324 
8920 7841 7923 8447 
8921 1766 1765 7571 
8922 1769 1768 7572 
8923 7028 5602 8204 
8924 1788 1787 5438 
8925 1771 1770 7579 
8926 1790 1789 6406 
8927 1773 1772 7577 
8928 1794 1793 6407 
8929 1792 1791 5417 
8930 1796 1795 5439 
8931 1800 1799 5418 
8932 1804 1803 5440 
8933 1808 1807 5419 
8934 1776 1775 7582 
8935 1962 1963 7533 
8936 7827 7333 8088 
8937 1779 1778 7584 
8938 1798 1797 6460 
8939 1781 1780 7587 
8940 1783 1782 7586 
8941 1802 1801 6379 
8942 1785 1784 7589 
8943 1961 1962 5550 
8944 331 332 5346 
8945 1806 1805 6376 
8946 1812 1811 5441 
8947 7142 7091 7143 
8948 1787 1786 7593 
8949 5459 7766 8479 
8950 1810 1809 6303 
8951 1789 1788 7595 
8952 1814 1813 6602 
8953 1818 1817 6295 
8954 1816 1815 5420 
8955 7306 7353 7408 
8956 1820 1819 5442 
8957 1824 1823 5421 
8958 1791 1790 7599 
8959 1793 1792 7596 
8960 1795 1794 7600 
8961 696 697 7454 
8962 7110 7274 8599 
8963 1822 1821 6293 
8964 1826 1825 6504 
8965 1797 1796 7605 
8966 1799 1798 7601 
8967 1801 1800 7607 
8968 1803 1802 7602 
8969 1805 1804 7608 
8970 1807 1806 7604 
8971 1828 1827 5443 
8972 1809 1808 7614 
8973 1830 1829 6305 
8974 6377 6378 6380 
8975 1811 1810 7611 
8976 7115 6366 7888 
8977 1813 1812 7617 
8978 7200 7674 8331 
8979 1832 1831 5422 
8980 1837 1836 5444 
8981 1841 1840 5423 
8982 1835 1834 7569 
8983 1834 1833 6291 
8984 1817 1816 7619 
8985 1819 1818 7620 
8986 1960 1961 7574 
8987 1821 1820 7622 
8988 1839 1838 6245 
8989 1825 1824 7623 
8990 1843 1842 6210 
8991 1845 1844 5445 
8992 6265 6244 6266 
8993 1848 1847 6373 
8994 2000 2001 7632 
8995 1855 1854 5892 
8996 1827 1826 7624 
8997 1853 1852 5894 
8998 6838 6486 7740 
8999 1829 1828 7627 
9000 1864 1863 5962 
9001 1857 1856 6487 
9002 1862 1861 5963 
9003 1850 1849 5424 
9004 1860 1859 7580 
9005 1831 1830 7629 
9006 1859 1858 5425 
9007 1868 1867 5426 
9008 1866 1865 6790 
9009 1870 1869 6045 
9010 1872 1871 6042 
9011 1833 1832 7631 
9012 1838 1837 7634 
9013 1840 1839 7630 
9014 1842 1841 7636 
9015 6728 7242 8365 
9016 1879 1878 6253 
9017 1874 1873 6046 
9018 1844 1843 7637 
9019 1880 1879 7588 
9020 6380 6381 6382 
9021 1884 1883 6198 
9022 1885 1884 7594 
9023 6848 8261 8377 
9024 1854 1853 7639 
9025 6382 6383 6384 
9026 1890 1889 6819 
9027 1856 1855 7641 
9028 1895 1894 6173 
9029 1849 1848 7644 
9030 1893 1892 7597 
9031 1877 1876 5427 
9032 1882 1881 5436 
9033 1898 1897 7598 
9034 1887 1886 5428 
9035 1892 1891 5437 
9036 1897 1896 5429 
9037 1863 1862 7640 
9038 1900 1899 5691 
9039 6085 6083 6655 
9040 1902 1901 5631 
9041 1865 1864 7649 
9042 1858 1857 7647 
9043 1861 1860 7643 
9044 1867 1866 7648 
9045 1869 1868 7651 
9046 1871 1870 7652 
9047 6223 6091 6258 
9048 1912 1911 5635 
9049 1904 1903 5694 
9050 1905 1904 7606 
9051 1873 1872 7654 
9052 1910 1909 5692 
9053 1914 1913 5695 
9054 1908 1907 7615 
9055 1876 1875 7660 
9056 1878 1877 7653 
9057 1907 1906 5430 
9058 1917 1916 5431 
9059 1928 1927 5432 
9060 1883 1882 7655 
9061 1894 1893 7656 
9062 1891 1890 7661 
9063 1896 1895 7662 
9064 1915 1914 7610 
9065 333 334 7360 
9066 1899 1898 7663 
9067 1901 1900 7665 
9068 6927 7852 8690 
9069 1903 1902 7669 
9070 1918 1917 7616 
9071 1920 1919 5641 
9072 1911 1910 7667 
9073 1913 1912 7671 
9074 1925 1924 5697 
9075 1906 1905 7672 
9076 1909 1908 7670 
9077 1939 1938 5433 
9078 1950 1949 5434 
9079 1921 1920 7626 
9080 1916 1915 7673 
9081 2001 23 7132 
9082 5480 7840 7842 
9083 699 700 5512 
9084 1923 1922 5640 
9085 1931 1930 5645 
9086 6207 6778 7583 
9087 7139 5574 8147 
9088 1919 1918 7675 
9089 7241 6086 8642 
9090 5429 7662 8459 
9091 8019 8020 8059 
9092 1936 1935 5698 
9093 6805 7273 7753 
9094 6992 7921 8674 
9095 6419 5706 7825 
9096 1924 1923 7676 
9097 1922 1921 7679 
9098 7146 8015 8541 
9099 698 699 7550 
9100 5571 5572 5573 
9101 6703 6707 7919 
9102 1932 1931 7633 
9103 1934 1933 5644 
9104 6643 7178 8035 
9105 8098 6816 8384 
9106 1935 1934 7682 
9107 6224 6054 7145 
9108 1938 1937 7677 
9109 1933 1932 7683 
9110 5493 8053 8668 
9111 7325 7245 7326 
9112 1937 1936 7646 
9113 7089 7433 8601 
9114 6164 6718 8292 
9115 6814 8405 8497 
9116 338 339 7552 
9117 5790 5791 5792 
9118 1942 1941 5693 
9119 5918 5926 7849 
9120 1949 1948 7678 
9121 6153 6187 6188 
9122 1946 1945 5699 
9123 7338 6806 7339 
9124 7854 6417 8667 
9125 7873 6965 7874 
9126 7289 7288 7290 
9127 1953 1952 5696 
9128 1951 1950 7628 
9129 332 333 7447 
9130 5428 7970 8199 
9131 1941 1940 7685 
9132 6142 6714 8271 
9133 7322 7084 7827 
9134 337 338 5597 
9135 1952 1951 7687 
9136 6598 6599 7118 
9137 6264 6263 6309 
9138 1943 1942 7688 
9139 1945 1944 7686 
9140 1947 1946 7689 
9141 1944 1943 5650 
9142 1948 1947 6355 
9143 6347 6348 6349 
9144 8022 6853 8399 
9145 6408 6224 8455 
9146 330 331 7376 
9147 1980 1981 7935 
9148 7190 5682 8158 
9149 6188 6346 6347 
9150 5446 371 7203 
9151 7603 6379 7862 
9152 1954 1953 7692 
9153 5520 7435 7436 
9154 6812 7184 8392 
9155 6244 6243 8577 
9156 1955 1954 5686 
9157 5792 5803 5804 
9158 5551 7064 7065 
9159 701 702 5452 
9160 6586 8197 8198 
9161 6301 7738 8136 
9162 6056 6054 6224 
9163 1578 5554 8523 
9164 700 701 7680 
9165 6839 5959 8594 
9166 5804 6165 6226 
9167 345 5611 7355 
9168 7096 6823 8199 
9169 7937 6898 8267 
9170 6683 7025 8362 
9171 5875 5877 5878 
9172 7258 8155 8449 
9173 6441 6439 6445 
9174 5665 5666 5667 
9175 6655 8225 8278 
9176 7243 6782 8527 
9177 7255 5496 8248 
9178 6801 6485 8386 
9179 1646 1645 7901 
9180 5523 7445 8714 
9181 6287 6289 6297 
9182 7111 6761 8516 
9183 6402 5840 6403 
9184 6075 5969 7853 
9185 7345 7008 8505 
9186 7132 23 7137 
9187 7685 7359 8132 
9188 6450 6449 6452 
9189 7159 5497 7160 
9190 5629 5625 7997 
9191 7977 8293 8491 
9192 7067 7455 7509 
9193 1606 7246 8039 
9194 7825 5679 8468 
9195 6566 6568 6569 
9196 7695 7261 7882 
9197 1560 5353 7215 
9198 7149 5487 7854 
9199 7177 6414 8381 
9200 7260 5813 7261 
9201 6393 6396 7857 
9202 355 356 7540 
9203 7139 7136 8040 
9204 7627 5443 8064 
9205 8274 7387 8302 
9206 7364 7799 8670 
9207 6837 6629 7233 
9208 6858 7209 7210 
9209 5552 7925 8526 
9210 7902 5728 8663 
9211 6202 6872 8672 
9212 5364 368 7727 
9213 7721 7720 8055 
9214 5678 5707 5708 
9215 5667 5677 5678 
9216 7556 7059 8610 
9217 6225 6224 6408 
9218 6620 7890 8054 
9219 703 704 7697 
9220 7255 6695 7859 
9221 1886 1885 7970 
9222 7337 6976 8228 
9223 5863 5862 8421 
9224 7352 7350 8445 
9225 6255 6800 6856 
9226 6097 6507 6508 
9227 6569 6570 6571 
9228 5352 363 7227 
9229 8550 7345 8647 
9230 5490 7455 8129 
9231 7840 5607 7841 
9232 1582 5453 7330 
9233 7277 7276 7278 
9234 5958 6053 7885 
9235 5868 7199 8721 
9236 6644 7204 7738 
9237 6403 5840 7764 
9238 742 743 6593 
9239 8075 6906 8718 
9240 7411 5476 8161 
9241 6247 6764 7983 
9242 7348 7349 7382 
9243 5840 5841 7764 
9244 7310 5922 8114 
9245 5484 1574 7087 
9246 7614 5419 8379 
9247 7162 7275 7276 
9248 8097 6726 8235 
9249 5834 5833 5835 
9250 6843 6498 8375 
9251 6114 6111 7834 
9252 335 336 8044 
9253 6317 6489 8721 
9254 6675 8243 8398 
9255 6160 6128 8021 
9256 746 747 6574 
9257 329 330 7693 
9258 704 705 5357 
9259 6727 7259 8067 
9260 5600 7320 7336 
9261 6097 6508 7786 
9262 7003 7241 7265 
9263 6473 7332 8602 
9264 6077 5802 6078 
9265 6645 7229 8256 
9266 6641 6643 7747 
9267 6581 6909 7255 
9268 309 7842 8291 
9269 750 751 6567 
9270 6584 6586 8198 
9271 6050 6144 6152 
9272 5506 7218 7270 
9273 7959 6017 8277 
9274 7370 7291 7879 
9275 328 329 5451 
9276 6820 7322 8483 
9277 296 7880 8351 
9278 6983 7364 7365 
9279 6316 6315 7690 
9280 6615 6474 7236 
9281 5506 365 7218 
9282 6351 6492 6597 
9283 754 755 6470 
9284 6581 7255 7859 
9285 6098 6097 7786 
9286 7154 5364 7155 
9287 6113 6114 6115 
9288 5605 7350 7351 
9289 6465 6466 6467 
9290 6649 6651 7763 
9291 6821 7657 8496 
9292 5813 5814 7788 
9293 5870 5872 5874 
9294 6437 6435 6438 
9295 7329 7404 7471 
9296 5778 5777 7798 
9297 5905 5909 7865 
9298 6731 6735 7989 
9299 354 355 5344 
9300 710 711 7741 
9301 5542 7175 7955 
9302 5681 7111 8059 
9303 7343 5421 8149 
9304 327 328 7503 
9305 6152 6412 6931 
9306 6883 6332 7853 
9307 6365 6078 6366 
9308 5680 7146 8541 
9309 7491 6830 7968 
9310 7216 6483 7823 
9311 6884 6791 8638 
9312 1631 1630 7863 
9313 6167 6076 6616 
9314 6975 7418 8277 
9315 6155 5750 7975 
9316 7321 6083 7950 
9317 7261 5813 7788 
9318 192 193 8649 
9319 6256 6863 8465 
9320 705 706 7710 
9321 5878 5879 5880 
9322 706 707 5526 
9323 5515 7476 8193 
9324 7270 7218 8143 
9325 6889 7163 7826 
9326 7348 7041 7349 
9327 6344 6457 6458 
9328 7948 6770 8004 
9329 5606 7708 8169 
9330 6342 6343 6344 
9331 1881 1880 8029 
9332 25 1567 8581 
9333 6279 6281 6282 
9334 7203 7010 8716 
9335 7105 8067 8715 
9336 7418 7341 7419 
9337 6410 6213 6411 
9338 7114 6996 8139 
9339 6590 7150 8079 
9340 5649 5651 5652 
9341 222 5553 7921 
9342 6143 6041 7816 
9343 8127 6677 8288 
9344 7182 6837 8247 
9345 7125 6715 8306 
9346 6180 6540 8684 
9347 7045 6781 8297 
9348 6596 5782 8659 
9349 7207 7032 8206 
9350 8173 7638 8299 
9351 5552 1576 7925 
9352 6339 6341 6342 
9353 7014 6366 7115 
9354 8053 6403 8515 
9355 6293 7343 8149 
9356 7339 6806 8367 
9357 5616 5618 7956 
9358 6237 6609 7990 
9359 6140 6703 7919 
9360 6107 6358 6799 
9361 7740 6486 8409 
9362 6705 7173 8202 
9363 7244 5453 8381 
9364 7267 6930 8070 
9365 5822 5816 5823 
9366 6353 6774 8051 
9367 6056 6225 7818 
9368 6691 7250 8161 
9369 7402 7167 8504 
9370 7084 7333 7827 
9371 7898 7308 8486 
9372 758 759 7099 
9373 717 718 7754 
9374 7887 6908 8511 
9375 7699 6655 8278 
9376 723 724 7766 
9377 6225 6648 6688 
9378 7638 6540 8172 
9379 6179 6654 7885 
9380 7403 6514 7695 
9381 6281 6292 8283 
9382 5887 5842 8165 
9383 7721 8055 8532 
9384 8065 5599 8543 
9385 8126 6786 8564 
9386 7365 6019 8700 
9387 6513 5809 6514 
9388 1755 1754 8041 
9389 1583 7330 7366 
9390 6921 7628 7819 
9391 707 708 7723 
9392 6366 6591 7888 
9393 7075 8053 8515 
9394 708 709 5454 
9395 187 188 8382 
9396 8186 6617 8677 
9397 5815 6845 7986 
9398 6711 6710 8078 
9399 7375 5382 8428 
9400 7275 7160 8419 
9401 1716 1715 8042 
9402 5717 7751 7897 
9403 8375 7331 8680 
9404 6159 6335 7817 
9405 6453 6452 7226 
9406 23 5556 8597 
9407 6473 6093 7332 
9408 6313 6310 7884 
9409 5865 5867 5869 
9410 6036 6038 6471 
9411 7794 5686 8330 
9412 5447 1584 7366 
9413 6558 6557 6559 
9414 6345 7939 8286 
9415 6471 7093 7996 
9416 7842 7840 8447 
9417 6799 6915 7090 
9418 7296 7299 8170 
9419 1929 7415 8087 
9420 6655 7321 8225 
9421 7061 7875 8477 
9422 7113 6409 7735 
9423 8133 6775 8363 
9424 324 325 7707 
9425 7492 5466 8220 
9426 6944 7407 8404 
9427 5685 5648 8037 
9428 6556 7300 8609 
9429 5960 5891 8043 
9430 6274 6277 6278 
9431 6433 6430 6434 
9432 5704 5745 8034 
9433 5995 7419 8386 
9434 7185 7456 8595 
9435 7515 7129 7549 
9436 6112 6113 8469 
9437 6665 6514 7403 
9438 1562 1563 7575 
9439 6255 5953 6485 
9440 6150 6251 8063 
9441 6471 6472 7093 
9442 1956 1955 7794 
9443 5542 1579 8523 
9444 7915 7279 8719 
9445 7458 7046 8720 
9446 5446 7203 8716 
9447 6613 6529 6927 
9448 1585 5447 7381 
9449 7017 7805 8724 
9450 6315 6903 7690 
9451 7208 6857 8440 
9452 326 327 7734 
9453 5359 7729 7754 
9454 5625 5623 7997 
9455 6324 7590 7591 
9456 5880 5881 7815 
9457 7513 6741 8390 
9458 6800 6485 6801 
9459 6525 6523 6771 
9460 7755 7351 7831 
9461 6841 7635 8103 
9462 7414 1926 8109 
9463 6201 6950 8362 
9464 6235 6234 7392 
9465 6464 6465 8632 
9466 5609 7028 8545 
9467 7269 7268 8666 
9468 6214 344 7355 
9469 5738 5706 6419 
9470 709 710 8074 
9471 6586 7889 8403 
9472 7111 8027 8059 
9473 7137 23 8597 
9474 7455 7067 8129 
9475 8352 7303 8357 
9476 6173 7657 7658 
9477 6520 6521 8678 
9478 6466 6337 8021 
9479 7463 6610 8241 
9480 6077 6365 6614 
9481 5816 7986 8641 
9482 724 725 7765 
9483 6064 5749 6065 
9484 6424 6422 6425 
9485 6418 6893 7056 
9486 6998 6835 8077 
9487 6035 6731 7989 
9488 1875 1874 8084 
9489 6037 6036 7816 
9490 6627 6626 6628 
9491 6282 6283 6284 
9492 5885 5898 7891 
9493 6625 6350 6626 
9494 5795 5802 5821 
9495 5822 6137 6331 
9496 7230 6954 8493 
9497 8112 7281 8224 
9498 6603 7731 8049 
9499 7251 6464 7789 
9500 7241 7009 8192 
9501 5857 7180 7866 
9502 6629 6628 7071 
9503 6284 6285 7164 
9504 743 744 7777 
9505 6095 6247 7983 
9506 6077 6614 7966 
9507 5953 5954 7820 
9508 325 326 5361 
9509 7281 8268 8494 
9510 741 742 7694 
9511 6074 6237 7990 
9512 5513 1586 7381 
9513 6455 6477 7969 
9514 747 748 7778 
9515 7202 5549 8569 
9516 745 746 7696 
9517 5860 5863 5864 
9518 6015 6054 6056 
9519 7856 7120 8685 
9520 711 712 5339 
9521 751 752 7779 
9522 7690 6903 7868 
9523 5359 7757 8450 
9524 6515 6332 6883 
9525 1974 1975 7984 
9526 6107 6799 7834 
9527 749 750 7700 
9528 6521 6519 6522 
9529 230 5557 7756 
9530 6995 7309 8234 
9531 5675 5651 6338 
9532 6579 6547 7752 
9533 755 756 7780 
9534 7612 6303 7613 
9535 6527 6525 7793 
9536 6495 7177 7955 
9537 6011 6013 6019 
9538 753 754 7702 
9539 6481 6356 7975 
9540 6108 6107 7834 
9541 7717 7099 8436 
9542 6302 6377 7927 
9543 713 714 5537 
9544 6439 6438 7306 
9545 7161 7160 7162 
9546 7148 6618 8450 
9547 6255 6856 8005 
9548 7245 6458 8139 
9549 6339 6338 6340 
9550 7307 8233 8546 
9551 5679 5669 7079 
9552 8020 5681 8059 
9553 8259 6956 8585 
9554 5361 7734 8366 
9555 715 716 5457 
9556 6939 6940 7416 
9557 5738 6420 8060 
9558 5971 5995 7820 
9559 6341 6340 6681 
9560 6493 7417 8610 
9561 6266 6268 6269 
9562 6970 7495 8119 
9563 712 713 7746 
9564 7333 1888 8088 
9565 6235 7712 8337 
9566 6412 6144 6932 
9567 1967 1968 8068 
9568 5594 8445 8661 
9569 7334 7177 8381 
9570 7477 7721 7722 
9571 12 352 7718 
9572 6905 7521 8272 
9573 5723 5721 5724 
9574 8296 6922 8707 
9575 6584 6411 6585 
9576 6672 7318 8576 
9577 1587 5513 7393 
9578 7553 7042 8272 
9579 6724 7193 8615 
9580 7397 7660 8084 
9581 2002 2003 7024 
9582 7417 5472 8610 
9583 7729 7728 7754 
9584 6737 8232 8270 
9585 714 715 7748 
9586 757 758 7717 
9587 7397 6692 8251 
9588 5799 5794 7051 
9589 5716 5714 5717 
9590 718 719 5359 
9591 7516 7042 7553 
9592 6707 6865 6875 
9593 6007 6009 6018 
9594 5856 5858 5859 
9595 5555 376 7358 
9596 6683 6463 7025 
9597 5852 5854 5957 
9598 7380 6051 8246 
9599 6154 6353 8051 
9600 6780 6753 8219 
9601 5688 5704 8034 
9602 6263 6259 7929 
9603 6547 6548 7843 
9604 7373 6670 8330 
9605 7235 6385 7783 
9606 5848 5850 5873 
9607 6195 6162 6588 
9608 321 322 7755 
9609 7814 7836 8175 
9610 7390 6776 8397 
9611 720 721 5538 
9612 6778 7017 8724 
9613 7852 6030 8690 
9614 5712 5710 5735 
9615 6801 7341 8099 
9616 7963 5924 8434 
9617 5593 5572 8491 
9618 5844 5846 5965 
9619 7732 7199 8619 
9620 5707 5677 5742 
9621 6694 6252 7222 
9622 6003 6005 6020 
9623 7133 7357 8040 
9624 5808 6227 8107 
9625 6586 6585 7889 
9626 5891 5889 8043 
9627 8213 5608 8366 
9628 7207 7425 7935 
9629 5908 8048 8637 
9630 5838 6402 7956 
9631 5547 7914 7917 
9632 7801 6985 7804 
9633 7211 8334 8500 
9634 5823 5825 7725 
9635 336 337 8130 
9636 7006 6294 8665 
9637 5999 6001 6021 
9638 8050 5910 8414 
9639 7004 6841 8577 
9640 722 723 5459 
9641 5818 5806 6084 
9642 719 720 7757 
9643 6186 6369 8062 
9644 1958 1957 7791 
9645 7094 6138 7095 
9646 5917 5918 7849 
9647 8570 5549 8608 
9648 5381 1588 7393 
9649 6876 8352 8357 
9650 6179 6181 6654 
9651 6209 6244 6265 
9652 6862 7036 8356 
9653 7845 6785 8663 
9654 6093 6065 6257 
9655 7234 6809 7862 
9656 7150 7504 8079 
9657 6099 6146 7851 
9658 7803 7804 8524 
9659 5991 5993 5994 
9660 6036 6471 7816 
9661 7847 6968 8604 
9662 5507 361 7252 
9663 5987 5989 6022 
9664 323 324 7784 
9665 6032 7859 8094 
9666 7862 6809 8439 
9667 8174 208 8531 
9668 6629 7071 7233 
9669 721 722 7761 
9670 5665 5662 5666 
9671 5983 5985 6023 
9672 6081 6083 6085 
9673 5738 8060 8501 
9674 7306 7408 7711 
9675 6449 6446 7932 
9676 7618 5420 8242 
9677 6659 6656 8691 
9678 6426 6425 6443 
9679 5565 5564 5566 
9680 6747 7189 8510 
9681 6707 6875 7919 
9682 1968 1969 8124 
9683 6609 6958 7112 
9684 725 726 5341 
9685 358 5368 7354 
9686 6315 6798 6903 
9687 7353 6640 7408 
9688 5864 5865 7384 
9689 5859 7485 7486 
9690 5971 5973 5995 
9691 6225 6688 7818 
9692 5979 5981 6017 
9693 5563 5565 5574 
9694 6509 7824 8461 
9695 727 728 5539 
9696 6265 7566 7567 
9697 5975 5977 6024 
9698 5368 359 7302 
9699 6257 6065 6783 
9700 1823 1822 8149 
9701 6764 7053 7054 
9702 729 730 5374 
9703 7294 7797 8726 
9704 7066 7065 7781 
9705 6435 6434 7972 
9706 731 732 5540 
9707 343 6214 7377 
9708 6735 6739 6871 
9709 5835 5837 6086 
9710 6032 5904 6580 
9711 7355 5611 7356 
9712 1589 5381 7405 
9713 7803 7801 7804 
9714 733 734 5360 
9715 5810 5813 7260 
9716 6297 6298 8136 
9717 6511 7373 8429 
9718 6551 6770 7843 
9719 6392 6393 7857 
9720 7305 6924 8176 
9721 8092 6408 8455 
9722 735 736 5541 
9723 5838 5840 6402 
9724 6606 6319 7254 
9725 7191 5673 8075 
9726 6385 6328 8049 
9727 6060 7429 8679 
9728 737 738 5461 
9729 7791 7183 7792 
9730 7291 7298 8592 
9731 5747 6186 8062 
9732 5658 5656 5663 
9733 6581 6580 6582 
9734 7631 5422 8273 
9735 726 727 7767 
9736 7198 6672 8128 
9737 6420 6419 6421 
9738 740 741 5342 
9739 6602 7618 8242 
9740 744 745 5375 
9741 728 729 7769 
9742 6409 5620 7735 
9743 748 749 5355 
9744 752 753 5376 
9745 730 731 7770 
9746 7090 6596 8091 
9747 6269 6270 6271 
9748 6561 6662 7166 
9749 756 757 5343 
9750 6056 6224 6225 
9751 5443 7625 8064 
9752 5904 5905 7865 
9753 732 733 7772 
9754 7078 5501 8686 
9755 5517 1590 7405 
9756 5733 5701 7224 
9757 5790 5787 5791 
9758 7195 7398 8643 
9759 6271 6272 6275 
9760 734 735 7774 
9761 8115 8323 8498 
9762 5951 5953 6255 
9763 7758 6678 8285 
9764 1607 1606 8039 
9765 736 737 7776 
9766 6165 5803 6166 
9767 5947 5949 6176 
9768 6092 6200 8070 
9769 5775 5739 6182 
9770 7917 5366 8692 
9771 6830 7491 8203 
9772 1957 1956 5702 
9773 7302 5507 7303 
9774 7191 8075 8718 
9775 6784 6783 6785 
9776 5873 7908 7909 
9777 6271 6275 6296 
9778 7495 6970 7536 
9779 7925 8382 8526 
9780 6225 6408 6648 
9781 6422 6421 7881 
9782 5831 5833 5834 
9783 5942 5944 6028 
9784 5827 5829 6330 
9785 5938 5940 6027 
9786 5508 1570 7157 
9787 7399 6604 7985 
9788 8405 6063 8497 
9789 5654 5652 7704 
9790 7476 7477 8193 
9791 6915 6358 7046 
9792 5783 5781 5796 
9793 6044 6041 6143 
9794 6555 6557 6558 
9795 6939 6785 6940 
9796 6050 6048 6144 
9797 7194 6216 7747 
9798 5859 5860 7485 
9799 1591 5517 7421 
9800 7463 6711 8078 
9801 5353 1561 7576 
9802 6551 6553 6770 
9803 7363 7773 8636 
9804 6619 6361 6620 
9805 6309 6630 7168 
9806 7011 7012 8230 
9807 7173 7437 8202 
9808 5926 5928 5946 
9809 1940 1939 8183 
9810 5797 5808 8107 
9811 5934 5936 5956 
9812 5632 5629 5741 
9813 5930 5932 6029 
9814 6205 6136 6206 
9815 6127 6122 6133 
9816 7751 7220 8163 
9817 6443 6425 6444 
9818 6097 6071 6507 
9819 6027 8009 8010 
9820 5745 5809 6513 
9821 7892 7182 8247 
9822 739 7401 8223 
9823 6103 6101 6239 
9824 1637 1636 8181 
9825 8268 5582 8704 
9826 5793 8389 8480 
9827 6249 8375 8680 
9828 6576 6571 7372 
9829 6673 6576 7844 
9830 672 6248 7379 
9831 6589 7356 8698 
9832 7049 8006 8120 
9833 322 323 5460 
9834 5884 5885 7891 
9835 6635 7063 7810 
9836 6359 6166 6757 
9837 5382 1592 7421 
9838 6310 6309 7884 
9839 6479 6356 6481 
9840 5610 6968 7847 
9841 8146 6888 8358 
9842 5875 5878 7920 
9843 7756 8260 8648 
9844 6248 673 7398 
9845 6265 6266 7566 
9846 7766 7239 8479 
9847 6789 6606 8638 
9848 6545 6547 6579 
9849 318 319 7812 
9850 6520 7206 7900 
9851 7413 7179 8572 
9852 6532 6536 8160 
9853 5926 5946 7849 
9854 353 354 7811 
9855 6396 6398 6647 
9856 7102 7809 8085 
9857 5913 5915 6031 
9858 6400 6541 6811 
9859 5639 5637 5676 
9860 5909 5911 5919 
9861 5530 7467 8045 
9862 5673 671 7379 
9863 6704 6701 8289 
9864 5347 342 7377 
9865 5774 5816 5822 
9866 1593 5382 7426 
9867 6124 6130 8168 
9868 5768 5770 6218 
9869 6369 6494 7005 
9870 6485 5953 7820 
9871 6322 6316 7690 
9872 5518 1594 7426 
9873 6925 7210 8586 
9874 6036 5960 6038 
9875 5874 5875 7920 
9876 208 209 8531 
9877 5881 5884 7815 
9878 5741 5629 7997 
9879 8029 7230 8493 
9880 6688 6648 6817 
9881 6278 6279 7933 
9882 5764 5766 5820 
9883 1595 5518 7430 
9884 1563 1564 5510 
9885 5563 5562 5564 
9886 5760 5762 6484 
9887 6204 8285 8568 
9888 7205 6685 8340 
9889 5649 5647 5651 
9890 5728 5723 7845 
9891 7551 7107 8274 
9892 7964 5946 7965 
9893 5383 1596 7430 
9894 6715 6712 8306 
9895 7703 6964 8540 
9896 7155 5364 7156 
9897 7374 687 7423 
9898 7935 5455 8629 
9899 7200 6232 7763 
9900 7306 6438 7353 
9901 6363 6349 6598 
9902 1597 5383 7432 
9903 5519 1598 7432 
9904 1599 5519 7433 
9905 6301 6302 7927 
9906 6259 6258 7929 
9907 6477 6453 7226 
9908 5384 1600 7433 
9909 5878 5880 5920 
9910 6390 6392 7388 
9911 7015 6917 7331 
9912 7164 6285 7768 
9913 1601 5384 7435 
9914 5902 5904 6032 
9915 6085 6655 7699 
9916 6183 6721 8304 
9917 5898 5900 5906 
9918 5340 686 7374 
9919 7308 7221 8486 
9920 6540 7638 8173 
9921 5520 1602 7435 
9922 6240 6388 7267 
9923 8458 7832 8618 
9924 6022 7739 8517 
9925 6282 6284 6687 
9926 1603 5520 7438 
9927 5754 5756 6141 
9928 759 760 7867 
9929 6446 6445 7932 
9930 5920 5880 5921 
9931 7644 6373 8449 
9932 5385 1604 7438 
9933 6956 8323 8695 
9934 8399 6854 8618 
9935 7513 6747 8510 
9936 6445 6439 7306 
9937 7977 7289 8293 
9938 6328 6325 6603 
9939 5792 5791 5803 
9940 1608 5521 7442 
9941 292 293 7294 
9942 6402 6403 7736 
9943 6032 6581 7859 
9944 1615 5387 7424 
9945 5386 1609 7442 
9946 6445 7306 7711 
9947 5667 5666 5677 
9948 1613 5522 7443 
9949 7158 5497 7159 
9950 5387 1614 7443 
9951 7367 6803 8273 
9952 5678 5677 5707 
9953 5708 5707 6087 
9954 1616 7424 7445 
9955 6800 6801 7078 
9956 6255 6485 6800 
9957 5523 1617 7445 
9958 7175 7031 8470 
9959 6350 5921 6351 
9960 6746 8171 8690 
9961 1618 5523 7448 
9962 5804 5803 6165 
9963 1930 1929 8087 
9964 1620 5388 7427 
9965 6610 7465 8241 
9966 6764 7054 7983 
9967 5388 1619 7448 
9968 6964 8086 8540 
9969 6774 6878 6907 
9970 1852 1851 8117 
9971 6077 6078 6365 
9972 1621 7427 7449 
9973 6913 7541 8723 
9974 5524 1622 7449 
9975 6315 6313 6798 
9976 1623 5524 7451 
9977 6452 6449 6902 
9978 5389 1624 7451 
9979 6309 6263 6630 
9980 6268 6290 8376 
9981 5525 1627 7452 
9982 6091 6066 7762 
9983 1628 5525 7453 
9984 5390 1629 7453 
9985 7565 7017 8463 
9986 674 5345 7398 
9987 6932 7996 8025 
9988 315 316 7822 
9989 5601 5603 5604 
9990 1633 5527 7457 
9991 1635 5391 7437 
9992 7132 7137 7357 
9993 5391 1634 7457 
9994 6382 6384 7310 
9995 6377 6380 6827 
9996 6583 7956 8457 
9997 5466 7719 8220 
9998 6107 6105 6358 
9999 6027 8010 8026 
10000 320 321 7831 
10001 7962 6023 8228 
10002 7458 6508 7787 
10003 6558 6559 7240 
10004 1638 5528 7460 
10005 1640 5392 7441 
10006 6457 6343 7976 
10007 6516 7116 8682 
10008 5392 1639 7460 
10009 6119 6124 8168 
10010 1641 7441 7462 
10011 5529 1642 7462 
10012 1643 5529 7464 
10013 5393 1644 7464 
10014 5832 6820 8483 
10015 5490 8129 8573 
10016 6134 6532 8160 
10017 1888 1887 8088 
10018 8041 7147 8401 
10019 7705 8237 8388 
10020 5530 1647 7467 
10021 1648 5530 7472 
10022 1650 5394 7446 
10023 5679 7080 8487 
10024 6340 6338 7943 
10025 5394 1649 7472 
10026 6152 6144 6412 
10027 6396 6647 7857 
10028 1651 7446 7478 
10029 5372 1979 7425 
10030 7091 7090 8091 
10031 5531 1652 7478 
10032 1655 5395 7450 
10033 1653 5531 7482 
10034 6888 6886 8358 
10035 6931 6412 7186 
10036 5395 1654 7482 
10037 5455 1982 7428 
10038 1656 7450 7488 
10039 6735 6871 7989 
10040 341 5347 7406 
10041 5532 1657 7488 
10042 1658 5532 7489 
10043 5396 1659 7489 
10044 6113 6111 6114 
10045 6671 7305 7993 
10046 5352 7227 7928 
10047 6458 6457 7684 
10048 6344 6343 6457 
10049 5445 7637 8172 
10050 7736 6403 8053 
10051 5533 1662 7493 
10052 7428 1983 7474 
10053 1665 5397 7456 
10054 1663 5533 7500 
10055 7022 7968 7969 
10056 6257 6783 6784 
10057 196 197 8423 
10058 5577 7807 8221 
10059 5397 1664 7500 
10060 6342 6341 6343 
10061 1666 7456 7501 
10062 5534 1667 7501 
10063 1661 1660 8233 
10064 1668 5534 7502 
10065 5398 1669 7502 
10066 1926 1925 8109 
10067 6513 6514 6665 
10068 677 5687 7404 
10069 5458 1989 7434 
10070 1815 1814 8242 
10071 1673 5535 7510 
10072 6784 6785 6939 
10073 7386 6488 8635 
10074 1675 5399 7459 
10075 5652 5651 5675 
10076 5399 1674 7510 
10077 8446 7047 8624 
10078 7385 696 7454 
10079 5920 5921 6350 
10080 6944 684 7407 
10081 1676 7459 7512 
10082 1678 5462 7466 
10083 7388 5955 8080 
10084 7752 6547 7843 
10085 6992 8607 8660 
10086 5462 1677 7512 
10087 5450 695 7385 
10088 7882 6226 7883 
10089 7160 7215 8419 
10090 5594 7813 8445 
10091 1611 1610 8148 
10092 1681 5400 7468 
10093 6806 6215 8367 
10094 7434 1990 7508 
10095 6348 7270 8143 
10096 7455 1965 7509 
10097 1684 5463 7469 
10098 7712 6990 8337 
10099 683 6944 7402 
10100 7349 6189 8412 
10101 7249 6796 8435 
10102 1682 7468 7518 
10103 1687 5401 7470 
10104 6745 7044 7994 
10105 5463 1683 7518 
10106 1685 7469 7519 
10107 6365 6366 7014 
10108 5401 1686 7519 
10109 1978 5372 7473 
10110 6566 6469 6568 
10111 5514 1977 7473 
10112 1688 7470 7522 
10113 5464 1689 7522 
10114 7129 7515 8687 
10115 6285 6287 7768 
10116 5472 7556 8610 
10117 6093 6257 7332 
10118 6032 6580 6581 
10119 6581 6582 6909 
10120 217 218 8658 
10121 5822 5823 6137 
10122 1693 5402 7479 
10123 6324 7591 7593 
10124 5371 1985 7490 
10125 5490 1964 7455 
10126 7045 7202 8569 
10127 1696 5465 7480 
10128 1973 5373 7476 
10129 5402 1692 7524 
10130 1699 5403 7481 
10131 7521 6905 8127 
10132 6465 6337 6466 
10133 5465 1695 7525 
10134 1694 7479 7525 
10135 1984 5371 7474 
10136 5515 1972 7476 
10137 5403 1698 7526 
10138 1986 5516 7490 
10139 1697 7480 7526 
10140 1702 5466 7492 
10141 1971 5515 7483 
10142 5687 678 7412 
10143 1700 7481 7530 
10144 5516 1987 7496 
10145 5466 1701 7530 
10146 5377 1970 7483 
10147 6279 6282 7933 
10148 6471 6038 6472 
10149 5865 5869 7384 
10150 1703 7492 7532 
10151 1705 5404 7494 
10152 1988 5458 7496 
10153 5404 1704 7532 
10154 1708 5467 7495 
10155 7658 7657 7659 
10156 5441 7611 8287 
10157 5690 682 7402 
10158 685 5340 7407 
10159 5467 1707 7535 
10160 1711 5405 7497 
10161 1706 7494 7535 
10162 7425 1980 7935 
10163 6609 7112 7990 
10164 5405 1710 7536 
10165 1709 7495 7536 
10166 5821 5802 6077 
10167 7204 5886 8402 
10168 1714 5468 7504 
10169 5468 1713 7539 
10170 1712 7497 7539 
10171 7130 6698 8623 
10172 6227 6988 6989 
10173 6056 7818 7864 
10174 1717 5406 7505 
10175 1645 5393 7901 
10176 679 5671 7412 
10177 6146 6418 7851 
10178 6335 7104 7817 
10179 1720 5469 7511 
10180 6173 7658 7662 
10181 1991 5369 7508 
10182 1966 5456 7509 
10183 1718 7505 7544 
10184 6028 7703 8540 
10185 5671 680 7409 
10186 5469 1719 7544 
10187 6794 8173 8299 
10188 681 5690 7409 
10189 1721 7511 7546 
10190 6443 6444 6810 
10191 7467 1646 7901 
10192 1723 5407 7514 
10193 1726 5470 7515 
10194 7168 6630 7340 
10195 7408 5727 7711 
10196 5407 1722 7546 
10197 5369 1992 7538 
10198 1729 5408 7516 
10199 5470 1725 7548 
10200 5408 1728 7549 
10201 1724 7514 7548 
10202 1727 7515 7549 
10203 5339 7746 8647 
10204 7797 7296 8726 
10205 7142 7143 8189 
10206 1732 5471 7520 
10207 1730 7516 7553 
10208 5471 1731 7553 
10209 6830 6455 7969 
10210 1733 7520 7555 
10211 1739 5472 7523 
10212 5409 1734 7555 
10213 5509 357 7354 
10214 1735 5409 7558 
10215 5472 1738 7556 
10216 5410 1741 7557 
10217 6308 1736 7558 
10218 1737 6308 7556 
10219 1740 7523 7557 
10220 1742 5410 7560 
10221 5592 5596 6587 
10222 7359 6773 8132 
10223 5675 6338 6339 
10224 1746 5473 7527 
10225 6220 1743 7560 
10226 299 300 7878 
10227 5473 1745 7559 
10228 6658 7345 8505 
10229 1744 6220 7559 
10230 6339 6340 6341 
10231 1993 6451 7538 
10232 1753 5474 7531 
10233 1747 7527 7561 
10234 7338 7339 8428 
10235 1995 5378 7529 
10236 5411 1748 7561 
10237 5909 5919 7865 
10238 6296 6275 6317 
10239 5378 1996 7542 
10240 1749 5411 7563 
10241 7687 6921 8429 
10242 5474 1752 7562 
10243 6679 7207 8629 
10244 8058 7858 8475 
10245 1756 5412 7568 
10246 6634 6169 8437 
10247 7662 7658 8459 
10248 6387 1750 7563 
10249 1751 6387 7562 
10250 1981 5455 7935 
10251 6451 1994 7529 
10252 1760 5475 7537 
10253 6902 8110 8424 
10254 6203 1757 7568 
10255 688 5801 7423 
10256 5475 1759 7564 
10257 5351 7913 8118 
10258 6783 7902 8663 
10259 1758 6203 7564 
10260 1761 7537 7570 
10261 1630 5390 7863 
10262 5413 1762 7570 
10263 1763 5413 7573 
10264 5476 1766 7571 
10265 5414 1769 7572 
10266 1997 6442 7542 
10267 1770 5414 7579 
10268 6690 1764 7573 
10269 1765 6690 7571 
10270 6115 6114 6132 
10271 6846 8336 8542 
10272 1774 5477 7541 
10273 6262 1771 7579 
10274 1772 6262 7577 
10275 5477 1773 7577 
10276 1963 5490 7533 
10277 6804 6807 8412 
10278 317 318 7846 
10279 1777 5415 7545 
10280 7283 7744 7745 
10281 6442 1998 7547 
10282 1775 7541 7582 
10283 5415 1776 7582 
10284 1778 7545 7584 
10285 5479 1779 7584 
10286 1780 5479 7587 
10287 1999 5370 7547 
10288 5416 1783 7586 
10289 1784 5416 7589 
10290 6327 1781 7587 
10291 1782 6327 7586 
10292 6202 7805 8280 
10293 6324 1785 7589 
10294 1786 6324 7593 
10295 5438 1787 7593 
10296 1788 5438 7595 
10297 6406 1789 7595 
10298 5598 340 7406 
10299 7889 6585 8060 
10300 1790 6406 7599 
10301 6172 693 7439 
10302 7332 6257 7724 
10303 5801 689 7440 
10304 1794 6407 7600 
10305 6407 1793 7596 
10306 5417 1791 7599 
10307 1792 5417 7596 
10308 5439 1795 7600 
10309 7477 5373 7720 
10310 1796 5439 7605 
10311 5418 1799 7601 
10312 1800 5418 7607 
10313 5440 1803 7602 
10314 1804 5440 7608 
10315 1798 6460 7601 
10316 6460 1797 7605 
10317 5419 1807 7604 
10318 1808 5419 7614 
10319 692 6172 7422 
10320 7588 7230 8029 
10321 1802 6379 7602 
10322 6379 1801 7607 
10323 1806 6376 7604 
10324 6376 1805 7608 
10325 7618 6601 8503 
10326 6774 6907 8051 
10327 6303 1809 7614 
10328 6347 6349 6363 
10329 8025 5626 8693 
10330 5441 1811 7611 
10331 1812 5441 7617 
10332 1810 6303 7611 
10333 1691 1690 8284 
10334 5370 2000 7632 
10335 8117 7176 8349 
10336 6602 1813 7617 
10337 1818 6295 7620 
10338 6295 1817 7619 
10339 1816 5420 7619 
10340 5442 1819 7620 
10341 1820 5442 7622 
10342 1824 5421 7623 
10343 6799 6358 6915 
10344 5584 5586 5587 
10345 8008 6028 8540 
10346 6293 1821 7622 
10347 6504 1825 7623 
10348 5550 1962 7533 
10349 1826 6504 7624 
10350 5443 1827 7624 
10351 302 303 7872 
10352 1828 5443 7627 
10353 8225 7052 8278 
10354 6305 1829 7627 
10355 1830 6305 7629 
10356 5800 691 7422 
10357 1834 6291 7569 
10358 5422 1831 7629 
10359 694 5450 7439 
10360 1832 5422 7631 
10361 690 5800 7440 
10362 6291 1833 7631 
10363 1837 5444 7634 
10364 1841 5423 7636 
10365 5423 1840 7630 
10366 2001 7132 7632 
10367 1839 6245 7630 
10368 6245 1838 7634 
10369 6741 7513 8547 
10370 6210 1842 7636 
10371 1961 5550 7574 
10372 1843 6210 7637 
10373 5445 1844 7637 
10374 5822 6331 8014 
10375 5777 5775 7886 
10376 5892 1854 7639 
10377 1855 5892 7641 
10378 7070 7047 8645 
10379 1848 6373 7644 
10380 1853 5894 7639 
10381 1859 5425 7580 
10382 6569 6568 6570 
10383 6487 1856 7641 
10384 5962 1863 7640 
10385 1864 5962 7649 
10386 5424 1849 7644 
10387 1862 5963 7640 
10388 1857 6487 7647 
10389 5963 1861 7643 
10390 7290 7292 8065 
10391 1860 7580 7643 
10392 5660 5658 7877 
10393 5425 1858 7647 
10394 6790 1865 7649 
10395 1866 6790 7648 
10396 5426 1867 7648 
10397 1868 5426 7651 
10398 6045 1869 7651 
10399 1870 6045 7652 
10400 6042 1871 7652 
10401 1879 6253 7588 
10402 1872 6042 7654 
10403 6571 6570 6572 
10404 7156 5364 7727 
10405 6046 1873 7654 
10406 1884 6198 7594 
10407 7008 6619 7893 
10408 6253 1878 7653 
10409 7720 5373 7984 
10410 1892 5437 7597 
10411 1897 5429 7598 
10412 7033 6367 8518 
10413 6198 1883 7655 
10414 1877 5427 7653 
10415 5427 1876 7660 
10416 7613 6303 7614 
10417 1890 6819 7661 
10418 5684 7169 8002 
10419 6173 1894 7656 
10420 1895 6173 7662 
10421 1893 7597 7656 
10422 1882 5436 7655 
10423 7567 7566 7828 
10424 5437 1891 7661 
10425 5429 1896 7662 
10426 1898 7598 7663 
10427 5691 1899 7663 
10428 1900 5691 7665 
10429 5631 1901 7665 
10430 1904 5694 7606 
10431 1902 5631 7669 
10432 6438 6435 7972 
10433 8317 7841 8318 
10434 5694 1903 7669 
10435 1912 5635 7671 
10436 5635 1911 7667 
10437 1910 5692 7667 
10438 1905 7606 7672 
10439 5599 8065 8418 
10440 8400 7789 8436 
10441 5695 1913 7671 
10442 1907 5430 7615 
10443 1914 5695 7610 
10444 7970 7096 8199 
10445 5692 1909 7670 
10446 6617 8430 8677 
10447 6880 6879 8511 
10448 7251 7789 8400 
10449 1959 1958 7792 
10450 1908 7615 7670 
10451 6425 6422 7881 
10452 6165 6166 6359 
10453 7069 8425 8714 
10454 5430 1906 7672 
10455 1917 5431 7616 
10456 5431 1916 7673 
10457 319 320 5348 
10458 5795 5435 5802 
10459 5745 6513 8034 
10460 1915 7610 7673 
10461 6908 6634 8525 
10462 6153 6188 7020 
10463 7033 7346 8549 
10464 1918 7616 7675 
10465 1920 5641 7626 
10466 5641 1919 7675 
10467 697 5338 7454 
10468 6359 6757 6758 
10469 5697 1924 7676 
10470 1680 1679 8305 
10471 7499 6549 7949 
10472 7861 7365 8670 
10473 1921 7626 7679 
10474 314 315 7855 
10475 1923 5640 7676 
10476 7206 6882 8546 
10477 5640 1922 7679 
10478 7430 5518 7431 
10479 6505 7691 8315 
10480 7613 7614 8379 
10481 5433 1938 7677 
10482 1931 5645 7633 
10483 6038 5960 8043 
10484 6579 7752 8050 
10485 5698 1935 7682 
10486 6130 6148 6194 
10487 8607 6994 8660 
10488 6009 6011 7861 
10489 7740 6307 8654 
10490 1934 5644 7682 
10491 1932 7633 7683 
10492 5644 1933 7683 
10493 6013 6015 7864 
10494 5434 1949 7678 
10495 6338 5651 8038 
10496 1936 5698 7646 
10497 5860 5864 7485 
10498 5347 7377 7378 
10499 6092 8070 8591 
10500 7238 5580 8661 
10501 5338 698 7550 
10502 1937 7646 7677 
10503 6536 6575 6577 
10504 1950 5434 7628 
10505 7714 7631 8273 
10506 1715 7504 8042 
10507 7795 7794 8330 
10508 5382 7421 8428 
10509 7889 6423 8230 
10510 6363 6598 6617 
10511 8010 6961 8011 
10512 6192 6415 8085 
10513 5785 5783 7947 
10514 1885 7594 7970 
10515 5406 1716 8042 
10516 8096 6816 8098 
10517 6467 6466 7733 
10518 5428 1886 7970 
10519 6798 6313 7884 
10520 6768 8023 8227 
10521 8169 7708 8366 
10522 7592 7212 8369 
10523 339 5598 7552 
10524 334 5448 7360 
10525 7004 8577 8626 
10526 5563 5564 5565 
10527 8323 5499 8695 
10528 5565 5566 5567 
10529 7814 5594 8656 
10530 5693 1941 7685 
10531 1754 7531 8041 
10532 5521 1607 8039 
10533 7101 5484 8092 
10534 5373 1974 7984 
10535 1942 5693 7688 
10536 5412 1755 8041 
10537 7996 7093 8025 
10538 316 317 5478 
10539 1946 5699 7689 
10540 1948 6355 7678 
10541 5699 1945 7686 
10542 1951 7628 7687 
10543 5696 1952 7687 
10544 7833 5530 8045 
10545 8019 7666 8020 
10546 352 353 5536 
10547 6825 7906 8321 
10548 8237 6611 8388 
10549 5921 5880 7815 
10550 5452 702 7444 
10551 7392 6728 8365 
10552 5608 8169 8366 
10553 7293 7797 8164 
10554 1953 5696 7692 
10555 6664 7225 8459 
10556 5650 1943 7688 
10557 8070 6930 8591 
10558 1944 5650 7686 
10559 6355 1947 7689 
10560 7210 6657 8586 
10561 1880 7588 8029 
10562 7422 7184 8613 
10563 5579 5581 6898 
10564 7444 703 7697 
10565 6266 6269 7566 
10566 5436 1881 8029 
10567 5456 1967 8068 
10568 699 5512 7550 
10569 1636 7437 8181 
10570 5686 1954 7692 
10571 5573 5576 5577 
10572 6747 7513 8390 
10573 7460 5528 7461 
10574 6510 6479 7951 
10575 6529 6527 7852 
10576 5528 1637 8181 
10577 5898 5906 7891 
10578 6328 6603 8049 
10579 6648 6408 8141 
10580 6932 6144 7995 
10581 6489 7839 8464 
10582 5393 7464 7465 
10583 6258 6091 7762 
10584 5599 8318 8543 
10585 7708 5361 8366 
10586 1610 5386 8148 
10587 6652 7832 8458 
10588 7472 5530 7833 
10589 6934 7892 8247 
10590 5696 7687 8429 
10591 5448 335 8044 
10592 7446 5394 7705 
10593 6466 8021 8551 
10594 6426 6443 8253 
10595 5346 332 7447 
10596 7404 5687 7471 
10597 5531 7478 7830 
10598 6272 6274 7839 
10599 5879 6990 8708 
10600 7883 6359 8157 
10601 308 309 8291 
10602 6193 6724 8615 
10603 1969 5377 8124 
10604 291 292 7952 
10605 6682 7316 8348 
10606 6484 8019 8059 
10607 6196 6889 8633 
10608 333 7360 7447 
10609 8009 8008 8540 
10610 5534 7501 8003 
10611 5512 700 7680 
10612 6909 7248 8104 
10613 5404 7532 8609 
10614 313 314 5362 
10615 6580 5904 7865 
10616 1874 6046 8084 
10617 7335 7374 8442 
10618 760 761 5380 
10619 6570 6568 7988 
10620 7120 7856 8253 
10621 7285 7287 8112 
10622 293 294 7796 
10623 6492 7815 8140 
10624 7477 7720 7721 
10625 6275 6272 7839 
10626 7510 5535 7730 
10627 8445 7238 8661 
10628 7394 5776 8598 
10629 5365 7158 7873 
10630 7660 1875 8084 
10631 331 5346 7376 
10632 5462 7512 7513 
10633 5351 7912 7913 
10634 7880 7298 8164 
10635 5873 7907 7908 
10636 6492 8140 8218 
10637 5379 7952 8726 
10638 5873 7909 7926 
10639 7468 5400 7821 
10640 1660 5396 8233 
10641 7137 7139 8040 
10642 6506 8168 8713 
10643 7729 5359 8450 
10644 5698 7682 7887 
10645 6519 6517 7869 
10646 7690 7868 8105 
10647 6680 7315 7968 
10648 7470 5401 7806 
10649 6377 6827 7927 
10650 312 313 7835 
10651 24 5435 5795 
10652 7258 6372 8155 
10653 5597 338 7552 
10654 8033 6789 8638 
10655 738 739 8223 
10656 7409 5690 7410 
10657 5466 7530 7719 
10658 7493 1661 8233 
10659 7312 7060 8528 
10660 356 5509 7540 
10661 7476 5373 7477 
10662 5345 675 8485 
10663 6430 6428 7856 
10664 6616 7750 8122 
10665 5377 7483 7484 
10666 1822 6293 8149 
10667 8528 7060 8596 
10668 5726 7120 8250 
10669 7497 5405 7498 
10670 7443 5522 7870 
10671 5917 7849 7850 
10672 7481 5403 8030 
10673 7985 5461 8223 
10674 298 299 7942 
10675 6935 6933 8668 
10676 5421 1823 8149 
10677 5464 7522 7974 
10678 6287 6297 7768 
10679 5371 7490 7491 
10680 7505 5406 7506 
10681 701 5452 7680 
10682 6369 7005 8062 
10683 7997 6409 8395 
10684 7514 5407 7832 
10685 301 302 7936 
10686 6669 7621 7931 
10687 5742 5677 8179 
10688 7934 5868 8721 
10689 7317 6582 8490 
10690 5569 5571 6696 
10691 6630 6263 7929 
10692 5985 5987 7944 
10693 5989 5991 7945 
10694 6525 6771 7793 
10695 7520 5471 7521 
10696 6298 6301 8136 
10697 7885 6654 8031 
10698 5508 7157 8195 
10699 1690 5464 8284 
10700 7193 7436 8146 
10701 6220 7560 8006 
10702 7726 6595 8116 
10703 5749 5729 7902 
10704 7527 5473 7528 
10705 7908 6936 7909 
10706 1679 7466 8305 
10707 295 296 8351 
10708 5606 7785 8650 
10709 310 311 5480 
10710 6540 7257 8172 
10711 7538 6451 7993 
10712 7564 6203 7565 
10713 5550 7533 7534 
10714 7571 6690 7848 
10715 7783 6385 7866 
10716 311 312 7871 
10717 7524 1691 8284 
10718 7075 6935 8053 
10719 7883 8157 8309 
10720 7542 6442 7543 
10721 5477 7577 7578 
10722 5400 1680 8305 
10723 5981 5983 7962 
10724 5977 5979 7959 
10725 5973 5975 7961 
10726 5479 7584 7585 
10727 5416 7586 7771 
10728 6324 7589 7590 
10729 6227 6989 8107 
10730 7421 7338 8428 
10731 7637 7638 8172 
10732 5820 8019 8024 
10733 6744 7108 8171 
10734 6592 7400 8090 
10735 5439 7600 7759 
10736 1836 1835 8407 
10737 5719 5716 7897 
10738 8053 6935 8668 
10739 6902 6449 7932 
10740 7701 8548 8557 
10741 7608 5440 7609 
10742 7602 6379 7603 
10743 5861 7732 8619 
10744 7107 8154 8274 
10745 5721 5719 7896 
10746 1814 6602 8242 
10747 8065 7292 8418 
10748 1671 1670 8370 
10749 7611 6303 7612 
10750 1625 5389 8482 
10751 1939 5433 8183 
10752 5442 7620 7621 
10753 7860 7378 8023 
10754 5894 1852 8117 
10755 6309 7168 7884 
10756 5443 7624 7625 
10757 1670 5398 8370 
10758 6615 7236 8260 
10759 6120 7713 8201 
10760 5714 5712 7898 
10761 5420 1815 8242 
10762 1887 5428 8088 
10763 5854 5856 7905 
10764 6595 7726 8158 
10765 6291 7631 7714 
10766 6539 7830 8245 
10767 6559 6561 7963 
10768 7637 6210 7638 
10769 7285 7286 7287 
10770 6665 7403 8145 
10771 5850 5852 7907 
10772 7611 7612 8287 
10773 7639 5894 7808 
10774 7641 5892 7642 
10775 5710 5708 7894 
10776 5405 7536 8216 
10777 5963 7643 7691 
10778 7580 5425 7581 
10779 5962 7640 8032 
10780 6156 6158 8337 
10781 6790 7649 7650 
10782 6307 6231 8654 
10783 7452 1626 8482 
10784 6046 7654 7906 
10785 5562 6965 8244 
10786 8230 7012 8403 
10787 7265 7241 8642 
10788 5846 5848 7926 
10789 6410 7847 8604 
10790 6173 7656 7657 
10791 5662 5660 7940 
10792 6137 5823 7725 
10793 5691 7663 7664 
10794 330 7376 7693 
10795 5645 1930 8087 
10796 6512 6510 8207 
10797 7002 6615 8260 
10798 7868 6903 8421 
10799 1925 5697 8109 
10800 7685 1940 8183 
10801 761 762 7973 
10802 7667 5692 7668 
10803 7671 5635 7938 
10804 5652 5675 7704 
10805 6618 7729 8450 
10806 7487 7182 7892 
10807 5469 7544 8022 
10808 7751 5717 8486 
10809 7642 6897 8529 
10810 7610 5695 7715 
10811 6517 6515 8215 
10812 7837 5480 7871 
10813 5643 5639 7999 
10814 5431 7673 7674 
10815 7477 7722 8193 
10816 7854 5487 8297 
10817 6699 7609 8290 
10818 6463 6195 7918 
10819 6407 7596 8013 
10820 6697 7592 8467 
10821 5527 1632 8575 
10822 7504 5468 8079 
10823 337 5597 8130 
10824 6257 6784 7724 
10825 7192 7438 8519 
10826 6966 7311 8494 
10827 6162 5818 7904 
10828 6181 6209 7941 
10829 307 308 5349 
10830 5878 5920 7920 
10831 6158 6235 8337 
10832 5450 7385 7386 
10833 5574 7781 8620 
10834 6428 6426 8253 
10835 6071 5821 7966 
10836 5338 7550 7551 
10837 7484 8552 8553 
10838 7733 6466 8551 
10839 305 306 5543 
10840 7467 7057 8045 
10841 6265 7567 7941 
10842 5770 5772 8001 
10843 6854 8458 8618 
10844 7669 7312 8528 
10845 5484 7087 8092 
10846 7314 6679 8629 
10847 7536 6970 8216 
10848 676 7404 8485 
10849 7633 5645 7875 
10850 704 5357 7697 
10851 7347 7346 8055 
10852 675 676 8485 
10853 6644 7738 7980 
10854 7046 6358 8073 
10855 303 304 5481 
10856 8019 6484 8024 
10857 7939 7668 8286 
10858 1564 11 8072 
10859 8548 7198 8557 
10860 5756 5758 8007 
10861 6903 6798 8102 
10862 7965 5946 8028 
10863 8382 188 8630 
10864 5676 7943 7999 
10865 5859 7486 7905 
10866 7031 5508 8195 
10867 7287 7288 7289 
10868 5535 1672 8559 
10869 1768 1767 8443 
10870 6571 6572 7372 
10871 7280 7284 7285 
10872 8373 6824 8374 
10873 7703 6028 8311 
10874 1767 5476 8443 
10875 7006 7931 8710 
10876 5509 7354 7391 
10877 7684 6457 7903 
10878 300 301 5363 
10879 7236 5505 8260 
10880 7857 6647 7858 
10881 306 307 7922 
10882 6968 7860 8604 
10883 7119 6304 8583 
10884 7356 6768 8413 
10885 6947 6945 8212 
10886 1835 7569 8407 
10887 1955 5686 7794 
10888 7547 5370 8111 
10889 7328 7195 8643 
10890 7728 717 7754 
10891 5420 7618 8503 
10892 5893 7567 7828 
10893 7101 8092 8455 
10894 6087 8137 8138 
10895 304 305 7930 
10896 7092 7265 8642 
10897 6481 7975 8071 
10898 7288 7293 8368 
10899 7701 6646 8548 
10900 6538 8058 8475 
10901 7943 5676 8623 
10902 7572 1768 8443 
10903 297 298 5482 
10904 8068 1968 8124 
10905 6582 6580 8490 
10906 6983 7365 8016 
10907 1976 5514 8651 
10908 5806 5799 7953 
10909 7219 6994 8607 
10910 5444 1836 8407 
10911 7628 5434 7819 
10912 6553 6555 8004 
10913 5656 5654 7981 
10914 6444 6425 7881 
10915 5829 5831 7992 
10916 7189 7466 8510 
10917 6489 7934 8721 
10918 5825 5827 7991 
10919 7107 6501 8154 
10920 6048 6044 7995 
10921 7678 6355 7737 
10922 6200 6240 8070 
10923 7802 7803 8266 
10924 7179 6642 8572 
10925 5708 6087 7894 
10926 5874 7920 8509 
10927 7401 7985 8223 
10928 7014 7115 8178 
10929 762 763 5546 
10930 8106 7717 8436 
10931 8044 336 8130 
10932 7001 7534 8573 
10933 6137 7725 7726 
10934 8091 6596 8634 
10935 6997 8310 8706 
10936 5739 5733 7978 
10937 6418 7056 7851 
10938 294 295 5350 
10939 6768 8227 8413 
10940 1579 1578 8523 
10941 7457 5527 8082 
10942 290 291 5379 
10943 6282 6687 7933 
10944 288 289 5544 
10945 7836 7814 7838 
10946 286 287 5358 
10947 5451 329 7693 
10948 6821 8342 8534 
10949 284 285 5545 
10950 5949 5951 8005 
10951 6783 6065 7902 
10952 6901 7759 8298 
10953 282 283 5483 
10954 5357 705 7710 
10955 5772 5774 8014 
10956 7121 6689 8694 
10957 6855 7721 8532 
10958 7365 7364 8670 
10959 281 282 7910 
10960 7651 5426 8100 
10961 7879 5482 7942 
10962 279 280 5351 
10963 7804 6980 8524 
10964 7698 6894 8633 
10965 7743 6262 8717 
10966 5766 5768 8018 
10967 1626 1625 8482 
10968 5787 5785 7987 
10969 1845 5445 8617 
10970 5940 5942 8008 
10971 5762 5764 8024 
10972 5723 5724 7845 
10973 7082 7613 8379 
10974 6911 7642 8300 
10975 7921 5553 8674 
10976 5563 5574 8620 
10977 710 7741 8074 
10978 5567 8256 8555 
10979 289 290 7954 
10980 7057 7467 7901 
10981 5758 5760 8027 
10982 287 288 7957 
10983 8157 5670 8309 
10984 6130 6194 8168 
10985 285 286 7958 
10986 6527 7793 7852 
10987 6979 7739 7946 
10988 283 284 7960 
10989 5936 5938 8026 
10990 6373 1847 8579 
10991 280 281 7967 
10992 5928 5930 8028 
10993 8511 6908 8525 
10994 6351 7971 8631 
10995 6648 8141 8526 
10996 6349 6348 8522 
10997 7374 7423 8442 
10998 6536 6577 8160 
10999 7307 7493 8233 
11000 6770 7948 8432 
11001 7918 6588 7950 
11002 5870 5874 8625 
11003 8012 6029 8344 
11004 6543 6545 8191 
11005 8137 7326 8138 
11006 6961 8086 8705 
11007 6271 6296 8188 
11008 328 5451 7503 
11009 6598 7118 8180 
11010 706 5526 7710 
11011 7339 7375 8428 
11012 7789 6464 8632 
11013 8607 6992 8674 
11014 5409 7555 8126 
11015 7903 6457 7976 
11016 6136 6127 7998 
11017 6850 5887 8165 
11018 8078 6710 8683 
11019 7647 6487 8083 
11020 6445 7711 7932 
11021 7744 7295 7911 
11022 7793 6771 8069 
11023 7390 7524 8284 
11024 5647 5643 8038 
11025 1562 7575 7576 
11026 6176 7703 8311 
11027 1631 7863 8575 
11028 6011 6019 7861 
11029 6019 6013 7864 
11030 8318 5589 8543 
11031 7353 6438 7972 
11032 6122 6117 8000 
11033 6019 7864 8700 
11034 5454 709 8074 
11035 1960 7574 8530 
11036 6015 6056 7864 
11037 7532 7023 8609 
11038 7659 6170 8131 
11039 5376 7702 8506 
11040 8301 6949 8606 
11041 7180 5855 8662 
11042 7945 5994 7946 
11043 5344 355 7540 
11044 7835 7836 7837 
11045 7878 7879 7942 
11046 229 7756 8648 
11047 5693 7685 8132 
11048 7264 8500 8653 
11049 6927 6529 7852 
11050 6274 6278 7839 
11051 7239 7231 8567 
11052 7240 6559 7963 
11053 7968 6830 7969 
11054 5526 707 7723 
11055 7056 6893 8570 
11056 6018 6009 7861 
11057 6754 6750 8217 
11058 7924 5481 7930 
11059 7722 6814 8552 
11060 7442 5521 8036 
11061 6364 8357 8590 
11062 5603 5610 8052 
11063 7738 7204 8136 
11064 8168 6194 8713 
11065 6950 7335 8355 
11066 6087 8138 8385 
11067 763 764 8046 
11068 8389 6988 8621 
11069 7347 7720 7984 
11070 7498 5405 8216 
11071 6515 6883 8215 
11072 6865 7223 8231 
11073 7920 6625 8509 
11074 6593 743 7777 
11075 7146 7666 8627 
11076 5457 716 7728 
11077 5561 5560 5562 
11078 6398 6400 8047 
11079 5821 6077 7966 
11080 5868 7934 8152 
11081 7359 7685 8183 
11082 7154 7155 8143 
11083 7361 6842 8346 
11084 5611 7274 8698 
11085 742 6593 7694 
11086 6574 747 7778 
11087 8266 5994 8387 
11088 5650 7688 8133 
11089 8016 7365 8700 
11090 6600 7775 8433 
11091 7293 7298 8368 
11092 5699 7686 8125 
11093 7504 7150 8042 
11094 6434 6430 7856 
11095 746 6574 7696 
11096 6567 751 7779 
11097 7277 7278 7281 
11098 22 1960 8530 
11099 8083 6674 8308 
11100 6363 6617 8186 
11101 5716 5717 7897 
11102 5395 7482 8101 
11103 7376 5346 7979 
11104 6576 7372 7844 
11105 5557 7574 8703 
11106 327 7503 7734 
11107 6522 6519 7869 
11108 708 5454 7723 
11109 5582 7977 8704 
11110 5944 5947 8311 
11111 750 6567 7700 
11112 7955 7175 8470 
11113 6816 8096 8235 
11114 5956 8012 8344 
11115 5957 5854 7905 
11116 6470 755 7780 
11117 5481 7924 8574 
11118 1672 1671 8559 
11119 7459 5399 8123 
11120 1632 1631 8575 
11121 6027 8008 8009 
11122 5712 5735 7898 
11123 6195 6588 7918 
11124 5873 5850 7907 
11125 7531 7147 8041 
11126 711 5339 7741 
11127 5915 5917 8056 
11128 754 6470 7702 
11129 5911 5913 8061 
11130 5389 7451 8135 
11131 7096 7594 8374 
11132 8047 6811 8048 
11133 7276 7282 8719 
11134 6838 7740 8654 
11135 7344 8570 8608 
11136 5658 5663 7877 
11137 5965 5846 7926 
11138 6623 8063 8492 
11139 5818 6084 7904 
11140 5835 6086 8380 
11141 7162 7276 7277 
11142 5586 5592 8076 
11143 724 7765 7766 
11144 5433 7677 8144 
11145 7623 5421 8113 
11146 6837 7233 8247 
11147 6911 7740 8409 
11148 5561 5562 5563 
11149 6882 7307 8546 
11150 7984 1975 8651 
11151 5670 8157 8396 
11152 7866 6385 8049 
11153 764 765 5356 
11154 5487 7201 8297 
11155 6065 5749 7902 
11156 7350 7238 8445 
11157 5987 6022 7944 
11158 5991 5994 7945 
11159 8552 7484 8611 
11160 7078 6801 8099 
11161 6031 8056 8057 
11162 6105 6103 8073 
11163 6022 5989 7945 
11164 6023 5985 7944 
11165 7372 6572 7876 
11166 8055 6371 8532 
11167 5932 5934 8344 
11168 5799 7051 7953 
11169 5775 6182 7886 
11170 5966 6092 8591 
11171 7341 5502 8099 
11172 5983 6023 7962 
11173 6883 7853 8182 
11174 6654 6181 7941 
11175 7207 7935 8629 
11176 6875 6865 8231 
11177 7702 7709 8506 
11178 7835 7837 7871 
11179 1847 1846 8579 
11180 5520 7436 8519 
11181 7437 5391 8202 
11182 5979 6017 7959 
11183 5975 6024 7961 
11184 6325 6322 8105 
11185 5724 5721 7896 
11186 6017 5981 7962 
11187 6563 8022 8276 
11188 6889 7698 8633 
11189 5995 5973 7961 
11190 7789 7098 8436 
11191 6619 6620 7893 
11192 6024 5977 7959 
11193 1975 1976 8651 
11194 6573 7198 8548 
11195 8468 5679 8487 
11196 8336 6844 8542 
11197 8689 6506 8713 
11198 1567 7196 8581 
11199 8255 6696 8722 
11200 5372 7425 8206 
11201 6714 7070 8271 
11202 6541 6543 8345 
11203 6469 6467 8066 
11204 5717 5714 7898 
11205 6388 6390 8080 
11206 6742 6744 8338 
11207 5856 5859 7905 
11208 7215 5353 8419 
11209 5735 5710 7894 
11210 5852 5957 7907 
11211 278 279 8118 
11212 8043 6850 8538 
11213 6684 8030 8222 
11214 5783 5796 7947 
11215 5576 5579 8121 
11216 7933 6687 7934 
11217 6467 7733 8066 
11218 718 5359 7754 
11219 758 7099 7717 
11220 7725 5825 7991 
11221 8279 6872 8280 
11222 5848 5873 7926 
11223 7720 7347 8055 
11224 767 768 8095 
11225 1846 1845 8617 
11226 7440 5800 8229 
11227 6561 7166 7963 
11228 6918 8258 8353 
11229 6893 7045 8569 
11230 7696 6574 8128 
11231 6588 6162 7904 
11232 7748 5457 7749 
11233 7025 6463 7918 
11234 6066 5923 8512 
11235 8205 6299 8474 
11236 5951 6255 8005 
11237 7615 5430 8184 
11238 5361 326 7734 
11239 5752 5754 8328 
11240 8015 6331 8541 
11241 5666 5662 7940 
11242 325 5361 7707 
11243 5900 5902 8094 
11244 5459 723 7766 
11245 6209 6265 7941 
11246 8093 6614 8598 
11247 8258 7737 8353 
11248 6718 7141 8292 
11249 5670 7403 8309 
11250 6479 6481 7951 
11251 7946 5994 8266 
11252 7849 5946 7964 
11253 24 1959 5435 
11254 7068 7353 7972 
11255 6331 6137 8116 
11256 8162 8163 8473 
11257 5543 7923 7924 
11258 7111 8007 8027 
11259 6814 7722 8405 
11260 765 766 8108 
11261 5702 7794 7795 
11262 6852 7886 8243 
11263 5654 7704 7981 
11264 7236 6473 8602 
11265 7612 7613 8166 
11266 5942 6028 8008 
11267 7410 6949 8301 
11268 6567 7779 7895 
11269 6594 7240 8434 
11270 7250 7411 8161 
11271 7292 7371 8418 
11272 8452 6851 8584 
11273 5938 6027 8026 
11274 5415 7582 8240 
11275 7387 8274 8560 
11276 6555 6558 8004 
11277 6176 5949 8005 
11278 7800 6021 8451 
11279 6617 6598 8180 
11280 8294 6792 8325 
11281 5559 5561 5588 
11282 5353 7576 8422 
11283 6330 5829 7992 
11284 7864 7818 8700 
11285 6020 7800 8451 
11286 7890 6620 8438 
11287 6897 7642 8409 
11288 5930 6029 8028 
11289 8060 6585 8501 
11290 6538 7388 8058 
11291 6084 5806 7953 
11292 5874 8509 8625 
11293 7400 8089 8090 
11294 5947 6176 8311 
11295 6044 6143 7995 
11296 7702 6470 7709 
11297 6770 6553 8004 
11298 5596 5601 8159 
11299 8256 7229 8555 
11300 7988 6568 8066 
11301 5339 712 7746 
11302 6027 5940 8008 
11303 5834 5835 8380 
11304 6507 6071 7966 
11305 5663 5656 7981 
11306 7426 7375 8533 
11307 6127 6133 7998 
11308 6545 6579 8191 
11309 8433 7775 8676 
11310 7071 6628 8174 
11311 7594 7096 7970 
11312 5702 1956 7794 
11313 7848 7121 8694 
11314 6003 6020 8451 
11315 713 5537 7746 
11316 6380 6382 8114 
11317 7865 5919 8490 
11318 6958 8078 8683 
11319 6662 7380 8246 
11320 5639 5676 7999 
11321 6133 8000 8189 
11322 5956 5936 8026 
11323 7159 7160 7161 
11324 7666 6631 8020 
11325 6007 6018 8495 
11326 324 7707 7784 
11327 6021 6001 8451 
11328 5946 5928 8028 
11329 7597 5437 8214 
11330 5413 7570 8263 
11331 5537 714 7748 
11332 5913 6031 8061 
11333 7947 7475 7987 
11334 5733 7224 7978 
11335 6218 5770 8001 
11336 5831 5834 7992 
11337 275 276 8692 
11338 5827 6330 7991 
11339 5463 7518 8232 
11340 766 767 5548 
11341 7063 7413 8572 
11342 7083 6534 8433 
11343 6240 7267 8070 
11344 5994 5993 8387 
11345 7281 7278 8224 
11346 6144 6048 7995 
11347 6400 6811 8047 
11348 6020 6005 8495 
11349 5934 5956 8344 
11350 5902 6032 8094 
11351 8023 7378 8227 
11352 715 5457 7748 
11353 6755 7715 8320 
11354 5427 7660 8251 
11355 5791 5787 7987 
11356 6253 7653 8236 
11357 7616 6890 7675 
11358 8185 6363 8186 
11359 7856 6428 8253 
11360 6452 6902 8424 
11361 7525 7479 8226 
11362 6182 5739 7978 
11363 6028 5944 8311 
11364 8015 7146 8627 
11365 7850 7849 7964 
11366 276 277 8628 
11367 725 5341 7765 
11368 6361 6205 8438 
11369 6765 7328 8187 
11370 7166 6662 8246 
11371 6390 7388 8080 
11372 7609 6851 8452 
11373 7135 7229 8448 
11374 7161 7162 7311 
11375 7613 7082 8166 
11376 5660 7877 7940 
11377 7107 7551 8343 
11378 5559 5560 5561 
11379 770 12 8208 
11380 6141 5756 8007 
11381 6884 7254 8420 
11382 7239 6678 8479 
11383 5993 5997 8387 
11384 7272 8205 8474 
11385 5637 5634 8410 
11386 7036 7585 8356 
11387 7772 5360 7773 
11388 5820 5766 8018 
11389 7971 8603 8631 
11390 7164 7768 8402 
11391 7118 6599 8652 
11392 5774 5822 8014 
11393 6484 5762 8024 
11394 5355 7700 7701 
11395 7437 7173 8181 
11396 7774 5541 7775 
11397 7828 7566 8188 
11398 6103 6239 8073 
11399 8154 6174 8657 
11400 5768 6218 8018 
11401 6882 7206 8678 
11402 5707 5742 8137 
11403 5567 8255 8256 
11404 5610 7847 8052 
11405 7436 7395 8146 
11406 7357 7137 8040 
11407 6029 5932 8344 
11408 6018 7799 8495 
11409 7099 759 7867 
11410 6205 6206 8438 
11411 7762 6066 8512 
11412 5764 5820 8024 
11413 8471 8472 8711 
11414 8256 8255 8722 
11415 744 5375 7777 
11416 7799 6020 8495 
11417 5359 719 7757 
11418 6382 7310 8114 
11419 6647 6398 8047 
11420 7786 6508 8720 
11421 6578 7719 8264 
11422 5342 741 7694 
11423 7837 7836 7838 
11424 748 5355 7778 
11425 5760 6484 8027 
11426 7869 6517 8215 
11427 5604 5603 8052 
11428 7642 6911 8409 
11429 5917 7850 8056 
11430 5375 745 7696 
11431 5543 7924 7930 
11432 6488 7387 8560 
11433 752 5376 7779 
11434 6031 5915 8056 
11435 7691 6605 8314 
11436 5355 749 7700 
11437 7355 7356 8413 
11438 6603 6325 8105 
11439 720 5538 7757 
11440 6767 7272 8474 
11441 8096 8095 8097 
11442 5919 5911 8061 
11443 756 5343 7780 
11444 7296 8170 8726 
11445 5651 5647 8038 
11446 5376 753 7702 
11447 6206 6136 7998 
11448 5999 6021 8702 
11449 354 5344 7811 
11450 277 278 5547 
11451 8124 5377 8426 
11452 6001 6003 8451 
11453 5538 721 7761 
11454 7232 6995 8558 
11455 8000 7142 8189 
11456 228 5505 8675 
11457 6133 6122 8000 
11458 6994 7232 8558 
11459 5592 6587 8076 
11460 7581 6505 8315 
11461 6392 7857 8058 
11462 5567 5566 8255 
11463 6148 6153 8167 
11464 6994 8558 8660 
11465 7896 5719 7897 
11466 8382 6817 8526 
11467 6972 8101 8582 
11468 6811 6541 8345 
11469 5356 8098 8384 
11470 5634 5632 8416 
11471 6871 6739 8580 
11472 722 5459 7761 
11473 5632 5741 8416 
11474 1957 5702 7791 
11475 7540 5509 8196 
11476 5601 5604 8159 
11477 7388 6392 8058 
11478 7813 7352 8445 
11479 7919 6875 8249 
11480 5343 757 7717 
11481 7992 5834 8192 
11482 6758 6757 8333 
11483 5785 7947 7987 
11484 6403 7764 8515 
11485 6989 6988 8389 
11486 7876 6572 8081 
11487 6235 7392 8194 
11488 5368 7302 8352 
11489 5894 8117 8349 
11490 7713 6104 8689 
11491 7503 5451 8213 
11492 7267 6388 8080 
11493 7226 6452 8424 
11494 6757 7187 8333 
11495 8013 6901 8298 
11496 5676 8410 8623 
11497 6926 7762 8512 
11498 7857 7858 8058 
11499 7311 6966 8244 
11500 7869 6026 8589 
11501 6533 7363 8636 
11502 6510 7951 8207 
11503 6919 7771 8488 
11504 5906 5900 8094 
11505 7707 5361 7708 
11506 7083 8433 8676 
11507 224 5449 8701 
11508 7274 7110 8698 
11509 1671 8370 8559 
11510 7771 6920 8295 
11511 7808 5894 8349 
11512 5341 726 7767 
11513 7934 6687 8152 
11514 7886 6182 8243 
11515 5683 7191 8718 
11516 5343 7717 8106 
11517 6621 8156 8269 
11518 6322 7690 8105 
11519 7736 5493 8134 
11520 7346 7033 8518 
11521 727 5539 7767 
11522 5539 728 7769 
11523 7592 6502 8467 
11524 7031 8195 8470 
11525 6508 7458 8720 
11526 729 5374 7769 
11527 5374 730 7770 
11528 8110 6639 8424 
11529 5676 5637 8410 
11530 8558 6993 8660 
11531 8577 6243 8626 
11532 5754 6141 8328 
11533 5398 7502 8324 
11534 6214 7355 8413 
11535 5587 5586 8076 
11536 731 5540 7770 
11537 6797 7250 8484 
11538 5540 732 7772 
11539 6005 6007 8495 
11540 5590 7838 8656 
11541 7924 7923 8317 
11542 768 769 8190 
11543 5548 8096 8098 
11544 6975 7197 8699 
11545 6233 7860 8023 
11546 6188 6347 8185 
11547 733 5360 7772 
11548 8435 6796 8717 
11549 5360 734 7774 
11550 7583 6778 8724 
11551 7565 8279 8280 
11552 7162 7277 7311 
11553 5423 7630 8281 
11554 7299 8150 8170 
11555 735 5541 7774 
11556 5461 738 8223 
11557 5541 736 7776 
11558 7197 6976 8699 
11559 7765 7239 7766 
11560 6620 6361 8438 
11561 737 5461 7776 
11562 6800 7078 8686 
11563 7989 6871 8262 
11564 5579 6898 8121 
11565 8170 5379 8726 
11566 8086 5500 8705 
11567 6113 8453 8469 
11568 6827 6380 8114 
11569 7912 5351 7967 
11570 7187 5668 8333 
11571 6359 6758 8157 
11572 6026 7869 8215 
11573 8268 6966 8494 
11574 7403 7695 8309 
11575 8287 7272 8566 
11576 6284 7164 8151 
11577 322 5460 7755 
11578 5597 7552 8319 
11579 8071 5732 8460 
11580 7845 5724 8162 
11581 6358 6105 8073 
11582 5365 7873 7874 
11583 7415 7062 8477 
11584 5460 323 7784 
11585 5868 8152 8612 
11586 8289 6069 8683 
11587 6687 6284 8151 
11588 7911 7295 7912 
11589 7815 5884 8140 
11590 6347 6363 8185 
11591 8081 6572 8265 
11592 6350 6351 8631 
11593 8167 7020 8201 
11594 7302 7303 8352 
11595 7971 5495 8603 
11596 6786 8177 8564 
11597 5460 7784 7785 
11598 6087 5707 8137 
11599 6785 6783 8663 
11600 7012 7269 8403 
11601 8001 5772 8014 
11602 6206 7890 8438 
11603 6412 6932 8693 
11604 8342 6818 8534 
11605 321 7755 7831 
11606 7395 6888 8146 
11607 7377 6214 8227 
11608 7713 8689 8713 
11609 7595 5438 8369 
11610 6587 5596 8159 
11611 7833 6611 8237 
11612 6580 7865 8490 
11613 6744 8171 8338 
11614 5566 5569 8255 
11615 7808 6911 8300 
11616 5643 7999 8038 
11617 769 770 5367 
11618 7420 7452 8482 
11619 8326 8281 8626 
11620 5392 7460 8394 
11621 6568 6469 8066 
11622 8007 5758 8027 
11623 6907 6878 8655 
11624 7881 6421 8487 
11625 5491 7903 7976 
11626 7802 8266 8387 
11627 5922 7310 8662 
11628 5884 7891 8140 
11629 5862 7868 8421 
11630 6331 8116 8541 
11631 7285 8112 8224 
11632 7480 5465 8340 
11633 5536 7811 8067 
11634 7914 7913 7915 
11635 7184 6462 8614 
11636 7506 6563 8276 
11637 6137 7726 8116 
11638 6153 7020 8167 
11639 7569 7507 8407 
11640 5581 5584 8267 
11641 5577 5576 8121 
11642 8159 5604 8197 
11643 7038 7219 8607 
11644 8480 8091 8634 
11645 7206 6520 8678 
11646 5394 7472 8237 
11647 5486 5559 8478 
11648 7464 5529 8241 
11649 7231 6362 8567 
11650 8191 6579 8414 
11651 8128 6672 8576 
11652 8141 5552 8526 
11653 8462 6919 8488 
11654 1563 5510 7575 
11655 6269 6271 8188 
11656 5677 5666 8179 
11657 1958 7791 7792 
11658 7478 7446 8245 
11659 5553 7038 8674 
11660 8197 5604 8198 
11661 5391 7457 8239 
11662 5448 8044 8204 
11663 6810 6444 8415 
11664 5402 7524 8397 
11665 7261 7788 8556 
11666 6678 7239 8567 
11667 7933 7934 8464 
11668 7460 7461 8394 
11669 7316 6683 8355 
11670 7931 7006 8665 
11671 6543 8191 8345 
11672 5869 5870 8625 
11673 5584 5587 8267 
11674 6451 7529 8257 
11675 7149 7854 8667 
11676 5401 7519 8252 
11677 7143 7091 8480 
11678 6674 7581 8308 
11679 6696 8221 8722 
11680 8051 6907 8341 
11681 5728 7845 8663 
11682 7566 6269 8188 
11683 5561 5563 8620 
11684 7472 7833 8237 
11685 7446 7705 8245 
11686 6198 7655 8373 
11687 7469 5463 8254 
11688 7972 6434 8685 
11689 7411 7572 8443 
11690 8579 1846 8617 
11691 7346 6371 8055 
11692 8544 5594 8661 
11693 7705 5394 8237 
11694 7378 7377 8227 
11695 7465 7464 8241 
11696 5594 8544 8656 
11697 7530 7481 8264 
11698 7767 5539 8346 
11699 7561 7527 8269 
11700 6665 8145 8441 
11701 8138 8234 8385 
11702 5604 8052 8198 
11703 7830 7478 8245 
11704 7964 7965 8498 
11705 7431 5518 8533 
11706 6739 6742 8580 
11707 5593 8065 8543 
11708 5644 7683 8383 
11709 7931 6295 8710 
11710 6980 7804 8371 
11711 8138 6996 8234 
11712 5471 7553 8272 
11713 7104 7105 8646 
11714 7812 7352 7846 
11715 8634 6596 8659 
11716 7710 5526 8334 
11717 8586 6657 8605 
11718 7939 6345 8153 
11719 5588 5561 8620 
11720 7605 5439 8282 
11721 7544 7505 8276 
11722 7518 7468 8270 
11723 6932 8025 8693 
11724 7038 8607 8674 
11725 6788 7742 8354 
11726 6194 6148 8167 
11727 5473 7559 8275 
11728 7468 7821 8270 
11729 7424 5387 8408 
11730 6687 8151 8152 
11731 7806 5401 8252 
11732 6203 7568 8279 
11733 7579 5414 8435 
11734 7020 6188 8185 
11735 7386 7385 8431 
11736 7367 7119 8583 
11737 7481 8030 8264 
11738 7098 7789 8632 
11739 7410 5690 8504 
11740 6278 7933 8464 
11741 7555 7520 8288 
11742 318 7812 7846 
11743 7719 7530 8264 
11744 7466 7189 8305 
11745 7648 6790 8294 
11746 7612 8166 8205 
11747 7505 7506 8276 
11748 7448 5523 8425 
11749 5440 7602 8290 
11750 7993 6451 8257 
11751 8201 7713 8713 
11752 7136 8147 8555 
11753 5509 7391 8196 
11754 6781 7854 8297 
11755 7983 7054 8378 
11756 7589 5416 8295 
11757 5462 7513 8510 
11758 5378 7542 8296 
11759 5534 8003 8537 
11760 7527 7528 8269 
11761 5531 7830 8582 
11762 5724 7896 8163 
11763 7600 6407 8298 
11764 7289 7290 8293 
11765 7520 7521 8288 
11766 6376 7608 8452 
11767 5556 7066 8597 
11768 7612 8205 8287 
11769 7521 5471 8272 
11770 7550 5512 8343 
11771 6210 7636 8299 
11772 6045 7651 8312 
11773 5892 7639 8300 
11774 7624 6504 8310 
11775 6442 7547 8307 
11776 7528 5473 8275 
11777 5425 7647 8308 
11778 5482 7879 8592 
11779 5439 7759 8282 
11780 5388 7448 8446 
11781 7565 6203 8279 
11782 7457 8082 8239 
11783 8192 5834 8380 
11784 7543 6442 8307 
11785 5671 7409 8301 
11786 5452 7444 8440 
11787 7781 5588 8620 
11788 7298 7291 8368 
11789 5435 1959 7792 
11790 5416 7771 8295 
11791 7158 7159 7873 
11792 7640 5963 8314 
11793 7649 5962 8316 
11794 7643 7580 8315 
11795 7513 7512 8547 
11796 6579 8050 8414 
11797 6660 8081 8265 
11798 6460 7605 8303 
11799 7646 5698 8327 
11800 5635 7667 8313 
11801 7910 7912 7967 
11802 7654 6042 8321 
11803 6811 8345 8637 
11804 319 5348 7812 
11805 5666 7940 8179 
11806 7855 7822 8175 
11807 7564 7565 8463 
11808 6875 8231 8502 
11809 8396 6758 8565 
11810 5695 7671 8320 
11811 7461 6709 8394 
11812 5573 5577 8600 
11813 6539 7705 8388 
11814 5377 7484 8426 
11815 6898 5581 8267 
11816 5475 7564 8463 
11817 5698 7887 8327 
11818 7602 7603 8290 
11819 8338 8171 8427 
11820 5741 7997 8395 
11821 8163 7220 8473 
11822 6988 7256 8621 
11823 8022 7544 8276 
11824 7608 7609 8452 
11825 5569 6696 8255 
11826 7609 5440 8290 
11827 7590 7589 8295 
11828 7673 7610 8331 
11829 5367 8097 8190 
11830 6790 7650 8294 
11831 7759 7600 8298 
11832 7470 7806 8673 
11833 7542 7543 8296 
11834 7594 6198 8374 
11835 5641 7675 8332 
11836 7858 5907 8475 
11837 5793 8480 8634 
11838 7586 6327 8488 
11839 6407 8013 8298 
11840 315 7822 7855 
11841 5426 7648 8325 
11842 7894 6087 8385 
11843 5348 320 7831 
11844 5963 7691 8314 
11845 7639 7808 8300 
11846 5962 8032 8316 
11847 7404 7329 8485 
11848 7771 7586 8488 
11849 7580 7581 8315 
11850 7409 7410 8301 
11851 6513 6665 8372 
11852 7638 6210 8299 
11853 7454 5338 8302 
11854 7534 7533 8573 
11855 7625 7624 8310 
11856 5437 7661 8329 
11857 7642 5892 8300 
11858 7297 7275 8422 
11859 5430 7672 8335 
11860 8174 6628 8603 
11861 7670 7615 8481 
11862 6570 7988 8265 
11863 7764 5965 8515 
11864 7581 5425 8308 
11865 6411 7782 8501 
11866 8162 5724 8163 
11867 6817 6648 8526 
11868 7653 5427 8339 
11869 6042 7652 8322 
11870 6628 6626 8603 
11871 7691 7643 8315 
11872 7636 5423 8326 
11873 8032 7640 8314 
11874 7484 7483 8611 
11875 7650 7649 8316 
11876 7667 7668 8313 
11877 7671 7938 8320 
11878 7278 7280 8224 
11879 7906 7654 8321 
11880 7610 7715 8331 
11881 6481 8071 8460 
11882 7820 5995 8386 
11883 7938 5635 8313 
11884 7832 5407 8618 
11885 8154 6808 8274 
11886 7910 7911 7912 
11887 7974 7522 8673 
11888 7990 7112 8411 
11889 5997 5999 8702 
11890 760 5380 7867 
11891 7616 5431 8347 
11892 7715 5695 8320 
11893 7551 7550 8343 
11894 6879 8327 8511 
11895 8585 6956 8695 
11896 5431 7674 8347 
11897 7256 8189 8621 
11898 7354 5368 8361 
11899 7805 6779 8724 
11900 7641 7642 8529 
11901 7008 7893 8505 
11902 7656 7597 8496 
11903 7834 6799 8622 
11904 7674 7673 8331 
11905 8111 5370 8466 
11906 8101 6972 8682 
11907 6878 6880 8655 
11908 6224 7145 8455 
11909 7657 7656 8496 
11910 292 7294 7952 
11911 316 5478 7822 
11912 7466 5462 8510 
11913 5801 7440 8348 
11914 7547 8111 8307 
11915 5614 8472 8644 
11916 6957 8057 8259 
11917 7824 6622 8461 
11918 7705 6539 8245 
11919 6355 7689 8353 
11920 7651 8100 8312 
11921 6182 7978 8398 
11922 6794 8326 8626 
11923 7684 217 8658 
11924 7835 5362 7836 
11925 7294 293 7796 
11926 8126 7555 8288 
11927 5536 353 7811 
11928 6803 7367 8583 
11929 8202 5391 8239 
11930 6742 8338 8580 
11931 5559 5588 8478 
11932 352 5536 7718 
11933 6779 7583 8724 
11934 6626 6350 8631 
11935 6846 8286 8481 
11936 7688 5693 8360 
11937 8317 5599 8725 
11938 5477 7578 8723 
11939 5866 8102 8639 
11940 8243 6182 8398 
11941 7948 5964 8432 
11942 5338 7551 8302 
11943 6879 8144 8671 
11944 6572 6570 8265 
11945 7241 8192 8380 
11946 5370 7632 8466 
11947 5968 8191 8414 
11948 8100 5426 8325 
11949 6327 7587 8462 
11950 8410 5634 8416 
11951 6782 8017 8527 
11952 7736 8134 8457 
11953 6172 7439 8392 
11954 6903 8102 8421 
11955 7863 7324 8575 
11956 8125 6918 8688 
11957 7221 7751 8486 
11958 7686 5650 8363 
11959 6856 6800 8686 
11960 7647 8083 8308 
11961 8130 5597 8545 
11962 8097 8095 8190 
11963 8389 5793 8593 
11964 7891 5906 8218 
11965 8213 8476 8664 
11966 7078 8099 8423 
11967 5478 317 7846 
11968 6472 6038 8538 
11969 5550 7534 8703 
11970 8157 6758 8396 
11971 6929 7113 8711 
11972 6487 7641 8529 
11973 7502 5534 8537 
11974 7668 5692 8669 
11975 5409 8126 8564 
11976 6696 5571 8600 
11977 7770 5540 8359 
11978 8227 6214 8413 
11979 7737 6355 8353 
11980 7512 7459 8547 
11981 8291 7842 8447 
11982 8107 6989 8406 
11983 6419 7825 8468 
11984 7829 7058 8652 
11985 7839 6278 8464 
11986 6955 8585 8695 
11987 7439 5450 8391 
11988 6688 6817 8499 
11989 7951 6481 8460 
11990 8083 6487 8529 
11991 8472 5614 8711 
11992 5349 8291 8447 
11993 8034 6513 8372 
11994 7459 8123 8547 
11995 6577 6575 8350 
11996 7253 6839 8594 
11997 7356 5611 8698 
11998 7113 7735 8471 
11999 8134 6583 8457 
12000 5456 8068 8578 
12001 299 7878 7942 
12002 5571 5573 8600 
12003 5463 8232 8254 
12004 7035 8068 8124 
12005 8101 7482 8582 
12006 5543 7922 7923 
12007 5693 8132 8360 
12008 7867 5380 8400 
12009 6421 6419 8468 
12010 8387 5997 8702 
12011 5819 7951 8460 
12012 5470 7548 8535 
12013 7091 8091 8480 
12014 6585 6411 8501 
12015 7438 5520 8519 
12016 7558 5409 8564 
12017 5599 8418 8725 
12018 7482 5531 8582 
12019 6917 7165 8680 
12020 6402 7736 8457 
12021 8232 7518 8270 
12022 5362 314 7855 
12023 7441 5392 8554 
12024 5690 7402 8504 
12025 5450 7386 8391 
12026 8410 7130 8623 
12027 8102 6798 8639 
12028 302 7872 7936 
12029 5650 8133 8363 
12030 7843 6770 8432 
12031 8561 6691 8694 
12032 5548 8095 8096 
12033 5518 7426 8533 
12034 7533 5490 8573 
12035 8133 7688 8360 
12036 6485 7820 8386 
12037 8115 6960 8323 
12038 7347 7984 8651 
12039 7951 5819 8207 
12040 8274 6808 8560 
12041 8125 7686 8363 
12042 5368 8352 8361 
12043 7615 8184 8481 
12044 7575 5510 8588 
12045 5964 7752 8432 
12046 8419 5353 8422 
12047 7186 6412 8693 
12048 11 275 5366 
12049 8184 5430 8335 
12050 6960 8011 8507 
12051 5363 7936 8393 
12052 8011 6961 8507 
12053 7294 7796 7797 
12054 7807 6478 8417 
12055 8319 5609 8545 
12056 6825 8321 8322 
12057 7035 8124 8426 
12058 8481 8286 8669 
12059 7759 7073 8282 
12060 8229 5800 8613 
12061 6239 7786 8720 
12062 6348 8143 8522 
12063 6846 8184 8336 
12064 7675 6890 8332 
12065 8214 5437 8329 
12066 5427 8251 8339 
12067 8140 7891 8218 
12068 8391 6812 8392 
12069 6371 7346 8518 
12070 7429 6860 8679 
12071 7597 8214 8496 
12072 6756 7938 8313 
12073 7479 5402 8616 
12074 5694 7669 8528 
12075 7440 8229 8348 
12076 7623 8113 8706 
12077 7788 6085 8556 
12078 5699 8125 8688 
12079 6893 8569 8570 
12080 8236 7653 8339 
12081 5510 1564 8072 
12082 300 5363 7878 
12083 7331 6917 8680 
12084 6575 7876 8350 
12085 8062 7005 8456 
12086 313 5362 7835 
12087 7412 5671 8606 
12088 5349 308 8291 
12089 7280 7285 8224 
12090 7956 6402 8457 
12091 8129 7001 8573 
12092 7391 7354 8361 
12093 7310 7180 8662 
12094 303 5481 7872 
12095 5407 7546 8618 
12096 6890 7616 8347 
12097 6691 7848 8694 
12098 6910 7808 8349 
12099 7838 7814 8656 
12100 6677 8126 8288 
12101 6990 7712 8708 
12102 7385 7454 8431 
12103 8602 7021 8675 
12104 8569 5549 8570 
12105 8016 6688 8499 
12106 5515 8193 8611 
12107 8144 7677 8671 
12108 6085 7699 8556 
12109 8226 7479 8616 
12110 8160 6577 8453 
12111 312 7835 7871 
12112 8234 7309 8385 
12113 5380 761 7973 
12114 8205 7272 8287 
12115 8046 5356 8384 
12116 8007 7111 8516 
12117 7604 6376 8584 
12118 8193 8552 8611 
12119 8221 8417 8722 
12120 6832 7974 8673 
12121 6758 8333 8565 
12122 5423 8281 8326 
12123 8324 7502 8537 
12124 12 7718 8208 
12125 5548 8098 8108 
12126 7522 7470 8673 
12127 5672 8372 8441 
12128 8250 6810 8444 
12129 7071 8174 8531 
12130 7398 5345 8643 
12131 5480 311 7871 
12132 8231 6866 8502 
12133 6821 8214 8342 
12134 8603 6626 8631 
12135 8372 6665 8441 
12136 7752 7843 8432 
12137 7028 8044 8130 
12138 5568 8268 8704 
12139 7880 5482 8592 
12140 7954 5379 8170 
12141 8087 7415 8477 
12142 5692 7670 8669 
12143 8286 7668 8669 
12144 7448 8425 8446 
12145 7851 7056 8520 
12146 8100 6793 8312 
12147 5392 8394 8554 
12148 5350 295 8351 
12149 7677 7646 8671 
12150 8048 6811 8637 
12151 7957 5544 8150 
12152 7741 7263 8074 
12153 6038 8043 8538 
12154 5545 7958 8513 
12155 5786 8406 8593 
12156 5379 291 7952 
12157 8249 6875 8502 
12158 8507 6961 8705 
12159 8476 6981 8664 
12160 8193 7722 8552 
12161 294 5350 7796 
12162 5363 301 7936 
12163 8472 5613 8644 
12164 5344 7540 8563 
12165 6495 7955 8470 
12166 5482 298 7942 
12167 6198 8373 8374 
12168 7934 6489 8464 
12169 7605 8282 8303 
12170 7515 5470 8687 
12171 7529 5378 8707 
12172 5800 7422 8613 
12173 7944 6022 8517 
12174 8098 5356 8108 
12175 8032 6789 8316 
12176 8171 6746 8427 
12177 6504 7623 8706 
12178 7483 5515 8611 
12179 7925 187 8382 
12180 8370 7214 8559 
12181 5577 8221 8600 
12182 7689 5699 8688 
12183 7028 8130 8545 
12184 7910 5483 7911 
12185 7661 6819 8697 
12186 8221 6696 8600 
12187 7648 8294 8325 
12188 7986 6868 8641 
12189 7316 8355 8442 
12190 6132 6114 8622 
12191 8166 7082 8521 
12192 5402 8397 8616 
12193 762 5546 7973 
12194 7540 8196 8563 
12195 8552 6814 8553 
12196 307 5349 7922 
12197 7113 8471 8711 
12198 8299 7636 8326 
12199 8321 6042 8322 
12200 5543 306 7922 
12201 305 5543 7930 
12202 6421 8468 8487 
12203 5451 7693 8476 
12204 5481 304 7930 
12205 7775 5541 8676 
12206 8345 5968 8637 
12207 8184 8335 8336 
12208 8327 7887 8511 
12209 6327 8462 8488 
12210 6114 7834 8622 
12211 8352 6876 8361 
12212 8221 7807 8417 
12213 7748 7749 8550 
12214 7712 5882 8708 
12215 6989 8389 8593 
12216 7821 6737 8270 
12217 8229 6682 8348 
12218 7977 5570 8704 
12219 7574 5550 8703 
12220 5608 8213 8664 
12221 8323 6956 8498 
12222 6522 7869 8589 
12223 5671 8301 8606 
12224 8257 7529 8707 
12225 7290 8065 8293 
12226 7541 5477 8723 
12227 8281 7004 8626 
12228 6262 7579 8717 
12229 8214 8329 8342 
12230 290 5379 7954 
12231 6812 8391 8635 
12232 288 5544 7957 
12233 282 5483 7910 
12234 286 5358 7958 
12235 5544 289 7954 
12236 6376 8452 8584 
12237 5358 287 7957 
12238 284 5545 7960 
12239 5545 285 7958 
12240 8355 7335 8442 
12241 281 7910 7967 
12242 5483 283 7960 
12243 8327 6879 8671 
12244 6295 7619 8710 
12245 8082 6706 8239 
12246 5351 280 7967 
12247 7806 6832 8673 
12248 7924 8317 8725 
12249 6940 8162 8473 
12250 6434 7856 8685 
12251 8018 6218 8627 
12252 8044 7028 8204 
12253 5378 8296 8707 
12254 5546 763 8046 
12255 8574 7924 8725 
12256 7439 8391 8392 
12257 7579 8435 8717 
12258 8310 6504 8706 
12259 5495 8174 8603 
12260 5779 8093 8598 
12261 8425 7069 8645 
12262 7830 6972 8582 
12263 8418 7371 8725 
12264 7554 8579 8617 
12265 8335 6847 8336 
12266 5597 8319 8545 
12267 7646 8327 8671 
12268 8068 7035 8578 
12269 7670 8481 8669 
12270 5355 7701 8557 
12271 7696 8128 8576 
12272 8213 5451 8476 
12273 8329 7661 8697 
12274 7707 7708 8650 
12275 7806 8252 8587 
12276 6141 8007 8516 
12277 6018 7861 8670 
12278 7068 7972 8685 
12279 6033 8338 8427 
12280 5470 8535 8687 
12281 6918 8353 8688 
12282 6808 8154 8657 
12283 8446 8425 8645 
12284 8229 8613 8614 
12285 8509 7323 8625 
12286 8191 5968 8345 
12287 8353 7689 8688 
12288 8406 6989 8593 
12289 279 5351 8118 
12290 8544 5590 8656 
12291 6959 8507 8705 
12292 5537 7748 8550 
12293 6073 8586 8605 
12294 764 5356 8046 
12295 7454 8302 8431 
12296 7778 5355 8557 
12297 8613 7184 8614 
12298 6791 8033 8638 
12299 6798 7884 8639 
12300 8329 6971 8342 
12301 8357 6873 8590 
12302 8252 6999 8587 
12303 8076 6587 8666 
12304 8081 6660 8712 
12305 8143 7155 8522 
12306 6772 8133 8360 
12307 7047 8446 8645 
12308 5454 8074 8653 
12309 5514 7473 8549 
12310 8567 6362 8568 
12311 5541 7776 8676 
12312 6817 8382 8630 
12313 5356 765 8108 
12314 5375 7696 8576 
12315 8338 6033 8580 
12316 7098 8106 8436 
12317 7311 7277 8494 
12318 7860 6233 8604 
12319 7872 5481 8574 
12320 8302 7387 8431 
12321 7277 7281 8494 
12322 7884 7168 8639 
12323 276 8628 8692 
12324 6689 8561 8694 
12325 8453 6577 8469 
12326 5599 8317 8318 
12327 7802 8387 8702 
12328 7785 7784 8650 
12329 6540 8173 8684 
12330 8173 6208 8684 
12331 6577 8350 8469 
12332 7784 7707 8650 
12333 8261 6848 8539 
12334 6669 7931 8665 
12335 8065 5593 8293 
12336 8067 7811 8715 
12337 7371 8574 8725 
12338 8430 6102 8677 
12339 7130 8410 8416 
12340 8471 5615 8472 
12341 6682 8229 8614 
12342 6645 8417 8514 
12343 8123 6741 8547 
12344 766 5548 8108 
12345 8605 6657 8691 
12346 6794 8299 8326 
12347 6957 8259 8585 
12348 8232 6870 8254 
12349 277 5547 8628 
12350 5547 278 8118 
12351 8417 6478 8514 
12352 5548 767 8095 
12353 6120 8186 8677 
12354 5578 8544 8661 
12355 6897 8083 8529 
12356 8350 6112 8469 
12357 7811 5344 8715 
12358 6775 8125 8363 
12359 5570 7977 8491 
12360 6678 8567 8568 
12361 8113 6997 8706 
12362 7116 8101 8682 
12363 6693 8236 8339 
12364 8391 7386 8635 
12365 8095 768 8190 
12366 6922 8257 8707 
12367 6780 8226 8616 
12368 8184 6846 8481 
12369 5980 8249 8502 
12370 6769 8324 8537 
12371 8214 6821 8496 
12372 6656 8605 8691 
12373 5344 8563 8715 
12374 11 5366 8072 
12375 5511 8499 8630 
12376 5367 770 8208 
12377 8260 5505 8648 
12378 6971 8329 8697 
12379 8417 6645 8722 
12380 8074 7263 8653 
12381 7275 8419 8422 
12382 769 5367 8190 
12383 8189 7143 8621 
12384 6600 8433 8681 
12385 6880 8511 8525 
12386 8563 7105 8715 
12387 6645 8256 8722 
12388 7298 7880 8592 
12389 5366 275 8692 
12390 8535 7128 8687 
12391 8433 6534 8681 
12392 8499 6817 8630 
12393 5784 8634 8659 
12394 8628 7917 8692 
12395 19 1551 7024 
12396 2003 19 7024 
12397 376 21 7358 
12398 21 2005 7358 
12399 23 2002 5556 
12400 2004 24 8608 
12401 2004 5549 7202 
12402 5549 2004 8608 
12403 5341 7767 8346 
12404 5360 7774 7775 
12405 5540 7772 7773 
12406 5653 6676 8037 
12407 7791 5702 7795 
12408 6305 7627 8064 
12409 6346 7144 7270 
12410 7709 6470 7780 
12411 6544 6590 7949 
12412 7700 6567 7895 
2 4 3 129
12413 19 273 8727 2003 
12414 273 272 8728 8727 
12415 272 271 8729 8728 
12416 271 270 8730 8729 
12417 270 269 8731 8730 
12418 269 268 8732 8731 
12419 268 267 8733 8732 
12420 267 266 8734 8733 
12421 266 265 8735 8734 
12422 265 264 8736 8735 
12423 264 263 8737 8736 
12424 263 262 8738 8737 
12425 262 261 8739 8738 
12426 261 260 8740 8739 
12427 260 259 8741 8740 
12428 259 258 8742 8741 
12429 258 257 8743 8742 
12430 257 256 8744 8743 
12431 256 255 8745 8744 
12432 255 254 8746 8745 
12433 254 253 8747 8746 
12434 253 252 8748 8747 
12435 252 251 8749 8748 
12436 251 250 8750 8749 
12437 250 249 8751 8750 
12438 249 248 8752 8751 
12439 248 247 8753 8752 
12440 247 246 8754 8753 
12441 246 245 8755 8754 
12442 245 244 8756 8755 
12443 244 243 8757 8756 
12444 243 242 8758 8757 
12445 242 241 8759 8758 
12446 241 240 8760 8759 
12447 240 239 8761 8760 
12448 239 238 8762 8761 
12449 238 237 8763 8762 
12450 237 236 8764 8763 
12451 236 235 8765 8764 
12452 235 234 8766 8765 
12453 234 233 8767 8766 
12454 233 232 8768 8767 
12455 232 10 1566 8768 
12456 2003 8727 8769 2002 
12457 8727 8728 8770 8769 
12458 8728 8729 8771 8770 
12459 8729 8730 8772 8771 
12460 8730 8731 8773 8772 
12461 8731 8732 8774 8773 
12462 8732 8733 8775 8774 
12463 8733 8734 8776 8775 
12464 8734 8735 8777 8776 
12465 8735 8736 8778 8777 
12466 8736 8737 8779 8778 
12467 8737 8738 8780 8779 
12468 8738 8739 8781 8780 
12469 8739 8740 8782 8781 
12470 8740 8741 8783 8782 
12471 8741 8742 8784 8783 
12472 8742 8743 8785 8784 
12473 8743 8744 8786 8785 
12474 8744 8745 8787 8786 
12475 8745 8746 8788 8787 
12476 8746 8747 8789 8788 
12477 8747 8748 8790 8789 
12478 8748 8749 8791 8790 
12479 8749 8750 8792 8791 
12480 8750 8751 8793 8792 
12481 8751 8752 8794 8793 
12482 8752 8753 8795 8794 
12483 8753 8754 8796 8795 
12484 8754 8755 8797 8796 
12485 8755 8756 8798 8797 
12486 8756 8757 8799 8798 
12487 8757 8758 8800 8799 
12488 8758 8759 8801 8800 
12489 8759 8760 8802 8801 
12490 8760 8761 8803 8802 
12491 8761 8762 8804 8803 
12492 8762 8763 8805 8804 
12493 8763 8764 8806 8805 
12494 8764 8765 8807 8806 
12495 8765 8766 8808 8807 
12496 8766 8767 8809 8808 
12497 8767 8768 8810 8809 
12498 8768 1566 1565 8810 
12499 2002 8769 2001 23 
12500 8769 8770 2000 2001 
12501 8770 8771 1999 2000 
12502 8771 8772 1998 1999 
12503 8772 8773 1997 1998 
12504 8773 8774 1996 1997 
12505 8774 8775 1995 1996 
12506 8775 8776 1994 1995 
12507 8776 8777 1993 1994 
12508 8777 8778 1992 1993 
12509 8778 8779 1991 1992 
12510 8779 8780 1990 1991 
12511 8780 8781 1989 1990 
12512 8781 8782 1988 1989 
12513 8782 8783 1987 1988 
12514 8783 8784 1986 1987 
12515 8784 8785 1985 1986 
12516 8785 8786 1984 1985 
12517 8786 8787 1983 1984 
12518 8787 8788 1982 1983 
12519 8788 8789 1981 1982 
12520 8789 8790 1980 1981 
12521 8790 8791 1979 1980 
12522 8791 8792 1978 1979 
12523 8792 8793 1977 1978 
12524 8793 8794 1976 1977 
12525 8794 8795 1975 1976 
12526 8795 8796 1974 1975 
12527 8796 8797 1973 1974 
12528 8797 8798 1972 1973 
12529 8798 8799 1971 1972 
12530 8799 8800 1970 1971 
12531 8800 8801 1969 1970 
12532 8801 8802 1968 1969 
12533 8802 8803 1967 1968 
12534 8803 8804 1966 1967 
12535 8804 8805 1965 1966 
12536 8805 8806 1964 1965 
12537 8806 8807 1963 1964 
12538 8807 8808 1962 1963 
12539 8808 8809 1961 1962 
12540 8809 8810 1960 1961 
12541 8810 1565 22 1960 
2 5 3 1152
12542 7 1550 8811 185 
12543 1550 1549 8812 8811 
12544 1549 1548 8813 8812 
12545 1548 1547 8814 8813 
12546 1547 1546 8815 8814 
12547 1546 1545 8816 8815 
12548 1545 1544 8817 8816 
12549 1544 1543 8818 8817 
12550 1543 1542 8819 8818 
12551 1542 1541 8820 8819 
12552 1541 1540 8821 8820 
12553 1540 1539 8822 8821 
12554 1539 1538 8823 8822 
12555 1538 1537 8824 8823 
12556 1537 1536 8825 8824 
12557 1536 1535 8826 8825 
12558 1535 1534 8827 8826 
12559 1534 1533 8828 8827 
12560 1533 1532 8829 8828 
12561 1532 1531 8830 8829 
12562 1531 1530 8831 8830 
12563 1530 1529 8832 8831 
12564 1529 1528 8833 8832 
12565 1528 1527 8834 8833 
12566 1527 1526 8835 8834 
12567 1526 1525 8836 8835 
12568 1525 1524 8837 8836 
12569 1524 1523 8838 8837 
12570 1523 1522 8839 8838 
12571 1522 1521 8840 8839 
12572 1521 1520 8841 8840 
12573 1520 1519 8842 8841 
12574 1519 1518 8843 8842 
12575 1518 1517 8844 8843 
12576 1517 1516 8845 8844 
12577 1516 1515 8846 8845 
12578 1515 1514 8847 8846 
12579 1514 1513 8848 8847 
12580 1513 1512 8849 8848 
12581 1512 1511 8850 8849 
12582 1511 1510 8851 8850 
12583 1510 1509 8852 8851 
12584 1509 1508 8853 8852 
12585 1508 1507 8854 8853 
12586 1507 1506 8855 8854 
12587 1506 1505 8856 8855 
12588 1505 1504 8857 8856 
12589 1504 1503 8858 8857 
12590 1503 1502 8859 8858 
12591 1502 1501 8860 8859 
12592 1501 1500 8861 8860 
12593 1500 1499 8862 8861 
12594 1499 1498 8863 8862 
12595 1498 1497 8864 8863 
12596 1497 1496 8865 8864 
12597 1496 1495 8866 8865 
12598 1495 1494 8867 8866 
12599 1494 1493 8868 8867 
12600 1493 1492 8869 8868 
12601 1492 1491 8870 8869 
12602 1491 1490 8871 8870 
12603 1490 1489 8872 8871 
12604 1489 1488 8873 8872 
12605 1488 1487 8874 8873 
12606 1487 1486 8875 8874 
12607 1486 1485 8876 8875 
12608 1485 1484 8877 8876 
12609 1484 1483 8878 8877 
12610 1483 1482 8879 8878 
12611 1482 1481 8880 8879 
12612 1481 1480 8881 8880 
12613 1480 1479 8882 8881 
12614 1479 1478 8883 8882 
12615 1478 1477 8884 8883 
12616 1477 1476 8885 8884 
12617 1476 1475 8886 8885 
12618 1475 1474 8887 8886 
12619 1474 1473 8888 8887 
12620 1473 1472 8889 8888 
12621 1472 1471 8890 8889 
12622 1471 1470 8891 8890 
12623 1470 1469 8892 8891 
12624 1469 1468 8893 8892 
12625 1468 1467 8894 8893 
12626 1467 1466 8895 8894 
12627 1466 1465 8896 8895 
12628 1465 1464 8897 8896 
12629 1464 1463 8898 8897 
12630 1463 1462 8899 8898 
12631 1462 1461 8900 8899 
12632 1461 1460 8901 8900 
12633 1460 1459 8902 8901 
12634 1459 1458 8903 8902 
12635 1458 1457 8904 8903 
12636 1457 1456 8905 8904 
12637 1456 1455 8906 8905 
12638 1455 1454 8907 8906 
12639 1454 1453 8908 8907 
12640 1453 1452 8909 8908 
12641 1452 1451 8910 8909 
12642 1451 1450 8911 8910 
12643 1450 1449 8912 8911 
12644 1449 1448 8913 8912 
12645 1448 1447 8914 8913 
12646 1447 1446 8915 8914 
12647 1446 1445 8916 8915 
12648 1445 1444 8917 8916 
12649 1444 1443 8918 8917 
12650 1443 1442 8919 8918 
12651 1442 1441 8920 8919 
12652 1441 1440 8921 8920 
12653 1440 1439 8922 8921 
12654 1439 1438 8923 8922 
12655 1438 1437 8924 8923 
12656 1437 1436 8925 8924 
12657 1436 1435 8926 8925 
12658 1435 1434 8927 8926 
12659 1434 1433 8928 8927 
12660 1433 1432 8929 8928 
12661 1432 1431 8930 8929 
12662 1431 1430 8931 8930 
12663 1430 1429 8932 8931 
12664 1429 1428 8933 8932 
12665 1428 1427 8934 8933 
12666 1427 1426 8935 8934 
12667 1426 1425 8936 8935 
12668 1425 1424 8937 8936 
12669 1424 1423 8938 8937 
12670 1423 1422 8939 8938 
12671 1422 1421 8940 8939 
12672 1421 1420 8941 8940 
12673 1420 1419 8942 8941 
12674 1419 1418 8943 8942 
12675 1418 1417 8944 8943 
12676 1417 1416 8945 8944 
12677 1416 1415 8946 8945 
12678 1415 1414 8947 8946 
12679 1414 1413 8948 8947 
12680 1413 1412 8949 8948 
12681 1412 1411 8950 8949 
12682 1411 1410 8951 8950 
12683 1410 1409 8952 8951 
12684 1409 1408 8953 8952 
12685 1408 1407 8954 8953 
12686 1407 1406 8955 8954 
12687 1406 1405 8956 8955 
12688 1405 1404 8957 8956 
12689 1404 1403 8958 8957 
12690 1403 1402 8959 8958 
12691 1402 1401 8960 8959 
12692 1401 1400 8961 8960 
12693 1400 1399 8962 8961 
12694 1399 1398 8963 8962 
12695 1398 1397 8964 8963 
12696 1397 1396 8965 8964 
12697 1396 1395 8966 8965 
12698 1395 1394 8967 8966 
12699 1394 1393 8968 8967 
12700 1393 1392 8969 8968 
12701 1392 1391 8970 8969 
12702 1391 1390 8971 8970 
12703 1390 1389 8972 8971 
12704 1389 1388 8973 8972 
12705 1388 1387 8974 8973 
12706 1387 1386 8975 8974 
12707 1386 1385 8976 8975 
12708 1385 1384 8977 8976 
12709 1384 1383 8978 8977 
12710 1383 1382 8979 8978 
12711 1382 1381 8980 8979 
12712 1381 1380 8981 8980 
12713 1380 1379 8982 8981 
12714 1379 1378 8983 8982 
12715 1378 1377 8984 8983 
12716 1377 1376 8985 8984 
12717 1376 1375 8986 8985 
12718 1375 1374 8987 8986 
12719 1374 1373 8988 8987 
12720 1373 1372 8989 8988 
12721 1372 1371 8990 8989 
12722 1371 1370 8991 8990 
12723 1370 1369 8992 8991 
12724 1369 1368 8993 8992 
12725 1368 1367 8994 8993 
12726 1367 1366 8995 8994 
12727 1366 1365 8996 8995 
12728 1365 1364 8997 8996 
12729 1364 1363 8998 8997 
12730 1363 1362 8999 8998 
12731 1362 1361 9000 8999 
12732 1361 1360 9001 9000 
12733 1360 1359 9002 9001 
12734 1359 1358 9003 9002 
12735 1358 1357 9004 9003 
12736 1357 1356 9005 9004 
12737 1356 1355 9006 9005 
12738 1355 1354 9007 9006 
12739 1354 1353 9008 9007 
12740 1353 1352 9009 9008 
12741 1352 1351 9010 9009 
12742 1351 1350 9011 9010 
12743 1350 1349 9012 9011 
12744 1349 1348 9013 9012 
12745 1348 1347 9014 9013 
12746 1347 1346 9015 9014 
12747 1346 1345 9016 9015 
12748 1345 1344 9017 9016 
12749 1344 1343 9018 9017 
12750 1343 1342 9019 9018 
12751 1342 1341 9020 9019 
12752 1341 1340 9021 9020 
12753 1340 1339 9022 9021 
12754 1339 1338 9023 9022 
12755 1338 1337 9024 9023 
12756 1337 1336 9025 9024 
12757 1336 1335 9026 9025 
12758 1335 1334 9027 9026 
12759 1334 1333 9028 9027 
12760 1333 1332 9029 9028 
12761 1332 1331 9030 9029 
12762 1331 1330 9031 9030 
12763 1330 1329 9032 9031 
12764 1329 1328 9033 9032 
12765 1328 1327 9034 9033 
12766 1327 1326 9035 9034 
12767 1326 1325 9036 9035 
12768 1325 1324 9037 9036 
12769 1324 1323 9038 9037 
12770 1323 1322 9039 9038 
12771 1322 1321 9040 9039 
12772 1321 1320 9041 9040 
12773 1320 1319 9042 9041 
12774 1319 1318 9043 9042 
12775 1318 1317 9044 9043 
12776 1317 1316 9045 9044 
12777 1316 1315 9046 9045 
12778 1315 1314 9047 9046 
12779 1314 1313 9048 9047 
12780 1313 1312 9049 9048 
12781 1312 1311 9050 9049 
12782 1311 1310 9051 9050 
12783 1310 1309 9052 9051 
12784 1309 1308 9053 9052 
12785 1308 1307 9054 9053 
12786 1307 1306 9055 9054 
12787 1306 1305 9056 9055 
12788 1305 1304 9057 9056 
12789 1304 1303 9058 9057 
12790 1303 1302 9059 9058 
12791 1302 1301 9060 9059 
12792 1301 1300 9061 9060 
12793 1300 1299 9062 9061 
12794 1299 1298 9063 9062 
12795 1298 1297 9064 9063 
12796 1297 1296 9065 9064 
12797 1296 1295 9066 9065 
12798 1295 1294 9067 9066 
12799 1294 1293 9068 9067 
12800 1293 1292 9069 9068 
12801 1292 1291 9070 9069 
12802 1291 1290 9071 9070 
12803 1290 1289 9072 9071 
12804 1289 1288 9073 9072 
12805 1288 1287 9074 9073 
12806 1287 1286 9075 9074 
12807 1286 1285 9076 9075 
12808 1285 1284 9077 9076 
12809 1284 1283 9078 9077 
12810 1283 1282 9079 9078 
12811 1282 1281 9080 9079 
12812 1281 1280 9081 9080 
12813 1280 1279 9082 9081 
12814 1279 1278 9083 9082 
12815 1278 1277 9084 9083 
12816 1277 1276 9085 9084 
12817 1276 1275 9086 9085 
12818 1275 1274 9087 9086 
12819 1274 1273 9088 9087 
12820 1273 1272 9089 9088 
12821 1272 1271 9090 9089 
12822 1271 1270 9091 9090 
12823 1270 1269 9092 9091 
12824 1269 1268 9093 9092 
12825 1268 1267 9094 9093 
12826 1267 1266 9095 9094 
12827 1266 1265 9096 9095 
12828 1265 1264 9097 9096 
12829 1264 1263 9098 9097 
12830 1263 1262 9099 9098 
12831 1262 1261 9100 9099 
12832 1261 1260 9101 9100 
12833 1260 1259 9102 9101 
12834 1259 1258 9103 9102 
12835 1258 1257 9104 9103 
12836 1257 1256 9105 9104 
12837 1256 1255 9106 9105 
12838 1255 1254 9107 9106 
12839 1254 1253 9108 9107 
12840 1253 1252 9109 9108 
12841 1252 1251 9110 9109 
12842 1251 1250 9111 9110 
12843 1250 1249 9112 9111 
12844 1249 1248 9113 9112 
12845 1248 1247 9114 9113 
12846 1247 1246 9115 9114 
12847 1246 1245 9116 9115 
12848 1245 1244 9117 9116 
12849 1244 1243 9118 9117 
12850 1243 1242 9119 9118 
12851 1242 1241 9120 9119 
12852 1241 1240 9121 9120 
12853 1240 1239 9122 9121 
12854 1239 1238 9123 9122 
12855 1238 1237 9124 9123 
12856 1237 1236 9125 9124 
12857 1236 1235 9126 9125 
12858 1235 1234 9127 9126 
12859 1234 1233 9128 9127 
12860 1233 1232 9129 9128 
12861 1232 1231 9130 9129 
12862 1231 1230 9131 9130 
12863 1230 1229 9132 9131 
12864 1229 1228 9133 9132 
12865 1228 1227 9134 9133 
12866 1227 1226 9135 9134 
12867 1226 1225 9136 9135 
12868 1225 1224 9137 9136 
12869 1224 1223 9138 9137 
12870 1223 1222 9139 9138 
12871 1222 1221 9140 9139 
12872 1221 1220 9141 9140 
12873 1220 1219 9142 9141 
12874 1219 1218 9143 9142 
12875 1218 1217 9144 9143 
12876 1217 1216 9145 9144 
12877 1216 1215 9146 9145 
12878 1215 1214 9147 9146 
12879 1214 1213 9148 9147 
12880 1213 1212 9149 9148 
12881 1212 1211 9150 9149 
12882 1211 1210 9151 9150 
12883 1210 1209 9152 9151 
12884 1209 1208 9153 9152 
12885 1208 1207 9154 9153 
12886 1207 1206 9155 9154 
12887 1206 1205 9156 9155 
12888 1205 1204 9157 9156 
12889 1204 1203 9158 9157 
12890 1203 1202 9159 9158 
12891 1202 1201 9160 9159 
12892 1201 1200 9161 9160 
12893 1200 1199 9162 9161 
12894 1199 1198 9163 9162 
12895 1198 1197 9164 9163 
12896 1197 1196 9165 9164 
12897 1196 1195 9166 9165 
12898 1195 1194 9167 9166 
12899 1194 1193 9168 9167 
12900 1193 1192 9169 9168 
12901 1192 1191 9170 9169 
12902 1191 1190 9171 9170 
12903 1190 1189 9172 9171 
12904 1189 1188 9173 9172 
12905 1188 1187 9174 9173 
12906 1187 1186 9175 9174 
12907 1186 1185 9176 9175 
12908 1185 1184 9177 9176 
12909 1184 1183 9178 9177 
12910 1183 1182 9179 9178 
12911 1182 1181 9180 9179 
12912 1181 1180 9181 9180 
12913 1180 1179 9182 9181 
12914 1179 1178 9183 9182 
12915 1178 1177 9184 9183 
12916 1177 1176 9185 9184 
12917 1176 1175 9186 9185 
12918 1175 1174 9187 9186 
12919 1174 1173 9188 9187 
12920 1173 1172 9189 9188 
12921 1172 1171 9190 9189 
12922 1171 1170 9191 9190 
12923 1170 1169 9192 9191 
12924 1169 1168 9193 9192 
12925 1168 21 2005 9193 
12926 185 8811 9194 186 
12927 8811 8812 9195 9194 
12928 8812 8813 9196 9195 
12929 8813 8814 9197 9196 
12930 8814 8815 9198 9197 
12931 8815 8816 9199 9198 
12932 8816 8817 9200 9199 
12933 8817 8818 9201 9200 
12934 8818 8819 9202 9201 
12935 8819 8820 9203 9202 
12936 8820 8821 9204 9203 
12937 8821 8822 9205 9204 
12938 8822 8823 9206 9205 
12939 8823 8824 9207 9206 
12940 8824 8825 9208 9207 
12941 8825 8826 9209 9208 
12942 8826 8827 9210 9209 
12943 8827 8828 9211 9210 
12944 8828 8829 9212 9211 
12945 8829 8830 9213 9212 
12946 8830 8831 9214 9213 
12947 8831 8832 9215 9214 
12948 8832 8833 9216 9215 
12949 8833 8834 9217 9216 
12950 8834 8835 9218 9217 
12951 8835 8836 9219 9218 
12952 8836 8837 9220 9219 
12953 8837 8838 9221 9220 
12954 8838 8839 9222 9221 
12955 8839 8840 9223 9222 
12956 8840 8841 9224 9223 
12957 8841 8842 9225 9224 
12958 8842 8843 9226 9225 
12959 8843 8844 9227 9226 
12960 8844 8845 9228 9227 
12961 8845 8846 9229 9228 
12962 8846 8847 9230 9229 
12963 8847 8848 9231 9230 
12964 8848 8849 9232 9231 
12965 8849 8850 9233 9232 
12966 8850 8851 9234 9233 
12967 8851 8852 9235 9234 
12968 8852 8853 9236 9235 
12969 8853 8854 9237 9236 
12970 8854 8855 9238 9237 
12971 8855 8856 9239 9238 
12972 8856 8857 9240 9239 
12973 8857 8858 9241 9240 
12974 8858 8859 9242 9241 
12975 8859 8860 9243 9242 
12976 8860 8861 9244 9243 
12977 8861 8862 9245 9244 
12978 8862 8863 9246 9245 
12979 8863 8864 9247 9246 
12980 8864 8865 9248 9247 
12981 8865 8866 9249 9248 
12982 8866 8867 9250 9249 
12983 8867 8868 9251 9250 
12984 8868 8869 9252 9251 
12985 8869 8870 9253 9252 
12986 8870 8871 9254 9253 
12987 8871 8872 9255 9254 
12988 8872 8873 9256 9255 
12989 8873 8874 9257 9256 
12990 8874 8875 9258 9257 
12991 8875 8876 9259 9258 
12992 8876 8877 9260 9259 
12993 8877 8878 9261 9260 
12994 8878 8879 9262 9261 
12995 8879 8880 9263 9262 
12996 8880 8881 9264 9263 
12997 8881 8882 9265 9264 
12998 8882 8883 9266 9265 
12999 8883 8884 9267 9266 
13000 8884 8885 9268 9267 
13001 8885 8886 9269 9268 
13002 8886 8887 9270 9269 
13003 8887 8888 9271 9270 
13004 8888 8889 9272 9271 
13005 8889 8890 9273 9272 
13006 8890 8891 9274 9273 
13007 8891 8892 9275 9274 
13008 8892 8893 9276 9275 
13009 8893 8894 9277 9276 
13010 8894 8895 9278 9277 
13011 8895 8896 9279 9278 
13012 8896 8897 9280 9279 
13013 8897 8898 9281 9280 
13014 8898 8899 9282 9281 
13015 8899 8900 9283 9282 
13016 8900 8901 9284 9283 
13017 8901 8902 9285 9284 
13018 8902 8903 9286 9285 
13019 8903 8904 9287 9286 
13020 8904 8905 9288 9287 
13021 8905 8906 9289 9288 
13022 8906 8907 9290 9289 
13023 8907 8908 9291 9290 
13024 8908 8909 9292 9291 
13025 8909 8910 9293 9292 
13026 8910 8911 9294 9293 
13027 8911 8912 9295 9294 
13028 8912 8913 9296 9295 
13029 8913 8914 9297 9296 
13030 8914 8915 9298 9297 
13031 8915 8916 9299 9298 
13032 8916 8917 9300 9299 
13033 8917 8918 9301 9300 
13034 8918 8919 9302 9301 
13035 8919 8920 9303 9302 
13036 8920 8921 9304 9303 
13037 8921 8922 9305 9304 
13038 8922 8923 9306 9305 
13039 8923 8924 9307 9306 
13040 8924 8925 9308 9307 
13041 8925 8926 9309 9308 
13042 8926 8927 9310 9309 
13043 8927 8928 9311 9310 
13044 8928 8929 9312 9311 
13045 8929 8930 9313 9312 
13046 8930 8931 9314 9313 
13047 8931 8932 9315 9314 
13048 8932 8933 9316 9315 
13049 8933 8934 9317 9316 
13050 8934 8935 9318 9317 
13051 8935 8936 9319 9318 
13052 8936 8937 9320 9319 
13053 8937 8938 9321 9320 
13054 8938 8939 9322 9321 
13055 8939 8940 9323 9322 
13056 8940 8941 9324 9323 
13057 8941 8942 9325 9324 
13058 8942 8943 9326 9325 
13059 8943 8944 9327 9326 
13060 8944 8945 9328 9327 
13061 8945 8946 9329 9328 
13062 8946 8947 9330 9329 
13063 8947 8948 9331 9330 
13064 8948 8949 9332 9331 
13065 8949 8950 9333 9332 
13066 8950 8951 9334 9333 
13067 8951 8952 9335 9334 
13068 8952 8953 9336 9335 
13069 8953 8954 9337 9336 
13070 8954 8955 9338 9337 
13071 8955 8956 9339 9338 
13072 8956 8957 9340 9339 
13073 8957 8958 9341 9340 
13074 8958 8959 9342 9341 
13075 8959 8960 9343 9342 
13076 8960 8961 9344 9343 
13077 8961 8962 9345 9344 
13078 8962 8963 9346 9345 
13079 8963 8964 9347 9346 
13080 8964 8965 9348 9347 
13081 8965 8966 9349 9348 
13082 8966 8967 9350 9349 
13083 8967 8968 9351 9350 
13084 8968 8969 9352 9351 
13085 8969 8970 9353 9352 
13086 8970 8971 9354 9353 
13087 8971 8972 9355 9354 
13088 8972 8973 9356 9355 
13089 8973 8974 9357 9356 
13090 8974 8975 9358 9357 
13091 8975 8976 9359 9358 
13092 8976 8977 9360 9359 
13093 8977 8978 9361 9360 
13094 8978 8979 9362 9361 
13095 8979 8980 9363 9362 
13096 8980 8981 9364 9363 
13097 8981 8982 9365 9364 
13098 8982 8983 9366 9365 
13099 8983 8984 9367 9366 
13100 8984 8985 9368 9367 
13101 8985 8986 9369 9368 
13102 8986 8987 9370 9369 
13103 8987 8988 9371 9370 
13104 8988 8989 9372 9371 
13105 8989 8990 9373 9372 
13106 8990 8991 9374 9373 
13107 8991 8992 9375 9374 
13108 8992 8993 9376 9375 
13109 8993 8994 9377 9376 
13110 8994 8995 9378 9377 
13111 8995 8996 9379 9378 
13112 8996 8997 9380 9379 
13113 8997 8998 9381 9380 
13114 8998 8999 9382 9381 
13115 8999 9000 9383 9382 
13116 9000 9001 9384 9383 
13117 9001 9002 9385 9384 
13118 9002 9003 9386 9385 
13119 9003 9004 9387 9386 
13120 9004 9005 9388 9387 
13121 9005 9006 9389 9388 
13122 9006 9007 9390 9389 
13123 9007 9008 9391 9390 
13124 9008 9009 9392 9391 
13125 9009 9010 9393 9392 
13126 9010 9011 9394 9393 
13127 9011 9012 9395 9394 
13128 9012 9013 9396 9395 
13129 9013 9014 9397 9396 
13130 9014 9015 9398 9397 
13131 9015 9016 9399 9398 
13132 9016 9017 9400 9399 
13133 9017 9018 9401 9400 
13134 9018 9019 9402 9401 
13135 9019 9020 9403 9402 
13136 9020 9021 9404 9403 
13137 9021 9022 9405 9404 
13138 9022 9023 9406 9405 
13139 9023 9024 9407 9406 
13140 9024 9025 9408 9407 
13141 9025 9026 9409 9408 
13142 9026 9027 9410 9409 
13143 9027 9028 9411 9410 
13144 9028 9029 9412 9411 
13145 9029 9030 9413 9412 
13146 9030 9031 9414 9413 
13147 9031 9032 9415 9414 
13148 9032 9033 9416 9415 
13149 9033 9034 9417 9416 
13150 9034 9035 9418 9417 
13151 9035 9036 9419 9418 
13152 9036 9037 9420 9419 
13153 9037 9038 9421 9420 
13154 9038 9039 9422 9421 
13155 9039 9040 9423 9422 
13156 9040 9041 9424 9423 
13157 9041 9042 9425 9424 
13158 9042 9043 9426 9425 
13159 9043 9044 9427 9426 
13160 9044 9045 9428 9427 
13161 9045 9046 9429 9428 
13162 9046 9047 9430 9429 
13163 9047 9048 9431 9430 
13164 9048 9049 9432 9431 
13165 9049 9050 9433 9432 
13166 9050 9051 9434 9433 
13167 9051 9052 9435 9434 
13168 9052 9053 9436 9435 
13169 9053 9054 9437 9436 
13170 9054 9055 9438 9437 
13171 9055 9056 9439 9438 
13172 9056 9057 9440 9439 
13173 9057 9058 9441 9440 
13174 9058 9059 9442 9441 
13175 9059 9060 9443 9442 
13176 9060 9061 9444 9443 
13177 9061 9062 9445 9444 
13178 9062 9063 9446 9445 
13179 9063 9064 9447 9446 
13180 9064 9065 9448 9447 
13181 9065 9066 9449 9448 
13182 9066 9067 9450 9449 
13183 9067 9068 9451 9450 
13184 9068 9069 9452 9451 
13185 9069 9070 9453 9452 
13186 9070 9071 9454 9453 
13187 9071 9072 9455 9454 
13188 9072 9073 9456 9455 
13189 9073 9074 9457 9456 
13190 9074 9075 9458 9457 
13191 9075 9076 9459 9458 
13192 9076 9077 9460 9459 
13193 9077 9078 9461 9460 
13194 9078 9079 9462 9461 
13195 9079 9080 9463 9462 
13196 9080 9081 9464 9463 
13197 9081 9082 9465 9464 
13198 9082 9083 9466 9465 
13199 9083 9084 9467 9466 
13200 9084 9085 9468 9467 
13201 9085 9086 9469 9468 
13202 9086 9087 9470 9469 
13203 9087 9088 9471 9470 
13204 9088 9089 9472 9471 
13205 9089 9090 9473 9472 
13206 9090 9091 9474 9473 
13207 9091 9092 9475 9474 
13208 9092 9093 9476 9475 
13209 9093 9094 9477 9476 
13210 9094 9095 9478 9477 
13211 9095 9096 9479 9478 
13212 9096 9097 9480 9479 
13213 9097 9098 9481 9480 
13214 9098 9099 9482 9481 
13215 9099 9100 9483 9482 
13216 9100 9101 9484 9483 
13217 9101 9102 9485 9484 
13218 9102 9103 9486 9485 
13219 9103 9104 9487 9486 
13220 9104 9105 9488 9487 
13221 9105 9106 9489 9488 
13222 9106 9107 9490 9489 
13223 9107 9108 9491 9490 
13224 9108 9109 9492 9491 
13225 9109 9110 9493 9492 
13226 9110 9111 9494 9493 
13227 9111 9112 9495 9494 
13228 9112 9113 9496 9495 
13229 9113 9114 9497 9496 
13230 9114 9115 9498 9497 
13231 9115 9116 9499 9498 
13232 9116 9117 9500 9499 
13233 9117 9118 9501 9500 
13234 9118 9119 9502 9501 
13235 9119 9120 9503 9502 
13236 9120 9121 9504 9503 
13237 9121 9122 9505 9504 
13238 9122 9123 9506 9505 
13239 9123 9124 9507 9506 
13240 9124 9125 9508 9507 
13241 9125 9126 9509 9508 
13242 9126 9127 9510 9509 
13243 9127 9128 9511 9510 
13244 9128 9129 9512 9511 
13245 9129 9130 9513 9512 
13246 9130 9131 9514 9513 
13247 9131 9132 9515 9514 
13248 9132 9133 9516 9515 
13249 9133 9134 9517 9516 
13250 9134 9135 9518 9517 
13251 9135 9136 9519 9518 
13252 9136 9137 9520 9519 
13253 9137 9138 9521 9520 
13254 9138 9139 9522 9521 
13255 9139 9140 9523 9522 
13256 9140 9141 9524 9523 
13257 9141 9142 9525 9524 
13258 9142 9143 9526 9525 
13259 9143 9144 9527 9526 
13260 9144 9145 9528 9527 
13261 9145 9146 9529 9528 
13262 9146 9147 9530 9529 
13263 9147 9148 9531 9530 
13264 9148 9149 9532 9531 
13265 9149 9150 9533 9532 
13266 9150 9151 9534 9533 
13267 9151 9152 9535 9534 
13268 9152 9153 9536 9535 
13269 9153 9154 9537 9536 
13270 9154 9155 9538 9537 
13271 9155 9156 9539 9538 
13272 9156 9157 9540 9539 
13273 9157 9158 9541 9540 
13274 9158 9159 9542 9541 
13275 9159 9160 9543 9542 
13276 9160 9161 9544 9543 
13277 9161 9162 9545 9544 
13278 9162 9163 9546 9545 
13279 9163 9164 9547 9546 
13280 9164 9165 9548 9547 
13281 9165 9166 9549 9548 
13282 9166 9167 9550 9549 
13283 9167 9168 9551 9550 
13284 9168 9169 9552 9551 
13285 9169 9170 9553 9552 
13286 9170 9171 9554 9553 
13287 9171 9172 9555 9554 
13288 9172 9173 9556 9555 
13289 9173 9174 9557 9556 
13290 9174 9175 9558 9557 
13291 9175 9176 9559 9558 
13292 9176 9177 9560 9559 
13293 9177 9178 9561 9560 
13294 9178 9179 9562 9561 
13295 9179 9180 9563 9562 
13296 9180 9181 9564 9563 
13297 9181 9182 9565 9564 
13298 9182 9183 9566 9565 
13299 9183 9184 9567 9566 
13300 9184 9185 9568 9567 
13301 9185 9186 9569 9568 
13302 9186 9187 9570 9569 
13303 9187 9188 9571 9570 
13304 9188 9189 9572 9571 
13305 9189 9190 9573 9572 
13306 9190 9191 9574 9573 
13307 9191 9192 9575 9574 
13308 9192 9193 9576 9575 
13309 9193 2005 2004 9576 
13310 186 9194 1577 25 
13311 9194 9195 1578 1577 
13312 9195 9196 1579 1578 
13313 9196 9197 1580 1579 
13314 9197 9198 1581 1580 
13315 9198 9199 1582 1581 
13316 9199 9200 1583 1582 
13317 9200 9201 1584 1583 
13318 9201 9202 1585 1584 
13319 9202 9203 1586 1585 
13320 9203 9204 1587 1586 
13321 9204 9205 1588 1587 
13322 9205 9206 1589 1588 
13323 9206 9207 1590 1589 
13324 9207 9208 1591 1590 
13325 9208 9209 1592 1591 
13326 9209 9210 1593 1592 
13327 9210 9211 1594 1593 
13328 9211 9212 1595 1594 
13329 9212 9213 1596 1595 
13330 9213 9214 1597 1596 
13331 9214 9215 1598 1597 
13332 9215 9216 1599 1598 
13333 9216 9217 1600 1599 
13334 9217 9218 1601 1600 
13335 9218 9219 1602 1601 
13336 9219 9220 1603 1602 
13337 9220 9221 1604 1603 
13338 9221 9222 1605 1604 
13339 9222 9223 1606 1605 
13340 9223 9224 1607 1606 
13341 9224 9225 1608 1607 
13342 9225 9226 1609 1608 
13343 9226 9227 1610 1609 
13344 9227 9228 1611 1610 
13345 9228 9229 1612 1611 
13346 9229 9230 1613 1612 
13347 9230 9231 1614 1613 
13348 9231 9232 1615 1614 
13349 9232 9233 1616 1615 
13350 9233 9234 1617 1616 
13351 9234 9235 1618 1617 
13352 9235 9236 1619 1618 
13353 9236 9237 1620 1619 
13354 9237 9238 1621 1620 
13355 9238 9239 1622 1621 
13356 9239 9240 1623 1622 
13357 9240 9241 1624 1623 
13358 9241 9242 1625 1624 
13359 9242 9243 1626 1625 
13360 9243 9244 1627 1626 
13361 9244 9245 1628 1627 
13362 9245 9246 1629 1628 
13363 9246 9247 1630 1629 
13364 9247 9248 1631 1630 
13365 9248 9249 1632 1631 
13366 9249 9250 1633 1632 
13367 9250 9251 1634 1633 
13368 9251 9252 1635 1634 
13369 9252 9253 1636 1635 
13370 9253 9254 1637 1636 
13371 9254 9255 1638 1637 
13372 9255 9256 1639 1638 
13373 9256 9257 1640 1639 
13374 9257 9258 1641 1640 
13375 9258 9259 1642 1641 
13376 9259 9260 1643 1642 
13377 9260 9261 1644 1643 
13378 9261 9262 1645 1644 
13379 9262 9263 1646 1645 
13380 9263 9264 1647 1646 
13381 9264 9265 1648 1647 
13382 9265 9266 1649 1648 
13383 9266 9267 1650 1649 
13384 9267 9268 1651 1650 
13385 9268 9269 1652 1651 
13386 9269 9270 1653 1652 
13387 9270 9271 1654 1653 
13388 9271 9272 1655 1654 
13389 9272 9273 1656 1655 
13390 9273 9274 1657 1656 
13391 9274 9275 1658 1657 
13392 9275 9276 1659 1658 
13393 9276 9277 1660 1659 
13394 9277 9278 1661 1660 
13395 9278 9279 1662 1661 
13396 9279 9280 1663 1662 
13397 9280 9281 1664 1663 
13398 9281 9282 1665 1664 
13399 9282 9283 1666 1665 
13400 9283 9284 1667 1666 
13401 9284 9285 1668 1667 
13402 9285 9286 1669 1668 
13403 9286 9287 1670 1669 
13404 9287 9288 1671 1670 
13405 9288 9289 1672 1671 
13406 9289 9290 1673 1672 
13407 9290 9291 1674 1673 
13408 9291 9292 1675 1674 
13409 9292 9293 1676 1675 
13410 9293 9294 1677 1676 
13411 9294 9295 1678 1677 
13412 9295 9296 1679 1678 
13413 9296 9297 1680 1679 
13414 9297 9298 1681 1680 
13415 9298 9299 1682 1681 
13416 9299 9300 1683 1682 
13417 9300 9301 1684 1683 
13418 9301 9302 1685 1684 
13419 9302 9303 1686 1685 
13420 9303 9304 1687 1686 
13421 9304 9305 1688 1687 
13422 9305 9306 1689 1688 
13423 9306 9307 1690 1689 
13424 9307 9308 1691 1690 
13425 9308 9309 1692 1691 
13426 9309 9310 1693 1692 
13427 9310 9311 1694 1693 
13428 9311 9312 1695 1694 
13429 9312 9313 1696 1695 
13430 9313 9314 1697 1696 
13431 9314 9315 1698 1697 
13432 9315 9316 1699 1698 
13433 9316 9317 1700 1699 
13434 9317 9318 1701 1700 
13435 9318 9319 1702 1701 
13436 9319 9320 1703 1702 
13437 9320 9321 1704 1703 
13438 9321 9322 1705 1704 
13439 9322 9323 1706 1705 
13440 9323 9324 1707 1706 
13441 9324 9325 1708 1707 
13442 9325 9326 1709 1708 
13443 9326 9327 1710 1709 
13444 9327 9328 1711 1710 
13445 9328 9329 1712 1711 
13446 9329 9330 1713 1712 
13447 9330 9331 1714 1713 
13448 9331 9332 1715 1714 
13449 9332 9333 1716 1715 
13450 9333 9334 1717 1716 
13451 9334 9335 1718 1717 
13452 9335 9336 1719 1718 
13453 9336 9337 1720 1719 
13454 9337 9338 1721 1720 
13455 9338 9339 1722 1721 
13456 9339 9340 1723 1722 
13457 9340 9341 1724 1723 
13458 9341 9342 1725 1724 
13459 9342 9343 1726 1725 
13460 9343 9344 1727 1726 
13461 9344 9345 1728 1727 
13462 9345 9346 1729 1728 
13463 9346 9347 1730 1729 
13464 9347 9348 1731 1730 
13465 9348 9349 1732 1731 
13466 9349 9350 1733 1732 
13467 9350 9351 1734 1733 
13468 9351 9352 1735 1734 
13469 9352 9353 1736 1735 
13470 9353 9354 1737 1736 
13471 9354 9355 1738 1737 
13472 9355 9356 1739 1738 
13473 9356 9357 1740 1739 
13474 9357 9358 1741 1740 
13475 9358 9359 1742 1741 
13476 9359 9360 1743 1742 
13477 9360 9361 1744 1743 
13478 9361 9362 1745 1744 
13479 9362 9363 1746 1745 
13480 9363 9364 1747 1746 
13481 9364 9365 1748 1747 
13482 9365 9366 1749 1748 
13483 9366 9367 1750 1749 
13484 9367 9368 1751 1750 
13485 9368 9369 1752 1751 
13486 9369 9370 1753 1752 
13487 9370 9371 1754 1753 
13488 9371 9372 1755 1754 
13489 9372 9373 1756 1755 
13490 9373 9374 1757 1756 
13491 9374 9375 1758 1757 
13492 9375 9376 1759 1758 
13493 9376 9377 1760 1759 
13494 9377 9378 1761 1760 
13495 9378 9379 1762 1761 
13496 9379 9380 1763 1762 
13497 9380 9381 1764 1763 
13498 9381 9382 1765 1764 
13499 9382 9383 1766 1765 
13500 9383 9384 1767 1766 
13501 9384 9385 1768 1767 
13502 9385 9386 1769 1768 
13503 9386 9387 1770 1769 
13504 9387 9388 1771 1770 
13505 9388 9389 1772 1771 
13506 9389 9390 1773 1772 
13507 9390 9391 1774 1773 
13508 9391 9392 1775 1774 
13509 9392 9393 1776 1775 
13510 9393 9394 1777 1776 
13511 9394 9395 1778 1777 
13512 9395 9396 1779 1778 
13513 9396 9397 1780 1779 
13514 9397 9398 1781 1780 
13515 9398 9399 1782 1781 
13516 9399 9400 1783 1782 
13517 9400 9401 1784 1783 
13518 9401 9402 1785 1784 
13519 9402 9403 1786 1785 
13520 9403 9404 1787 1786 
13521 9404 9405 1788 1787 
13522 9405 9406 1789 1788 
13523 9406 9407 1790 1789 
13524 9407 9408 1791 1790 
13525 9408 9409 1792 1791 
13526 9409 9410 1793 1792 
13527 9410 9411 1794 1793 
13528 9411 9412 1795 1794 
13529 9412 9413 1796 1795 
13530 9413 9414 1797 1796 
13531 9414 9415 1798 1797 
13532 9415 9416 1799 1798 
13533 9416 9417 1800 1799 
13534 9417 9418 1801 1800 
13535 9418 9419 1802 1801 
13536 9419 9420 1803 1802 
13537 9420 9421 1804 1803 
13538 9421 9422 1805 1804 
13539 9422 9423 1806 1805 
13540 9423 9424 1807 1806 
13541 9424 9425 1808 1807 
13542 9425 9426 1809 1808 
13543 9426 9427 1810 1809 
13544 9427 9428 1811 1810 
13545 9428 9429 1812 1811 
13546 9429 9430 1813 1812 
13547 9430 9431 1814 1813 
13548 9431 9432 1815 1814 
13549 9432 9433 1816 1815 
13550 9433 9434 1817 1816 
13551 9434 9435 1818 1817 
13552 9435 9436 1819 1818 
13553 9436 9437 1820 1819 
13554 9437 9438 1821 1820 
13555 9438 9439 1822 1821 
13556 9439 9440 1823 1822 
13557 9440 9441 1824 1823 
13558 9441 9442 1825 1824 
13559 9442 9443 1826 1825 
13560 9443 9444 1827 1826 
13561 9444 9445 1828 1827 
13562 9445 9446 1829 1828 
13563 9446 9447 1830 1829 
13564 9447 9448 1831 1830 
13565 9448 9449 1832 1831 
13566 9449 9450 1833 1832 
13567 9450 9451 1834 1833 
13568 9451 9452 1835 1834 
13569 9452 9453 1836 1835 
13570 9453 9454 1837 1836 
13571 9454 9455 1838 1837 
13572 9455 9456 1839 1838 
13573 9456 9457 1840 1839 
13574 9457 9458 1841 1840 
13575 9458 9459 1842 1841 
13576 9459 9460 1843 1842 
13577 9460 9461 1844 1843 
13578 9461 9462 1845 1844 
13579 9462 9463 1846 1845 
13580 9463 9464 1847 1846 
13581 9464 9465 1848 1847 
13582 9465 9466 1849 1848 
13583 9466 9467 1850 1849 
13584 9467 9468 1851 1850 
13585 9468 9469 1852 1851 
13586 9469 9470 1853 1852 
13587 9470 9471 1854 1853 
13588 9471 9472 1855 1854 
13589 9472 9473 1856 1855 
13590 9473 9474 1857 1856 
13591 9474 9475 1858 1857 
13592 9475 9476 1859 1858 
13593 9476 9477 1860 1859 
13594 9477 9478 1861 1860 
13595 9478 9479 1862 1861 
13596 9479 9480 1863 1862 
13597 9480 9481 1864 1863 
13598 9481 9482 1865 1864 
13599 9482 9483 1866 1865 
13600 9483 9484 1867 1866 
13601 9484 9485 1868 1867 
13602 9485 9486 1869 1868 
13603 9486 9487 1870 1869 
13604 9487 9488 1871 1870 
13605 9488 9489 1872 1871 
13606 9489 9490 1873 1872 
13607 9490 9491 1874 1873 
13608 9491 9492 1875 1874 
13609 9492 9493 1876 1875 
13610 9493 9494 1877 1876 
13611 9494 9495 1878 1877 
13612 9495 9496 1879 1878 
13613 9496 9497 1880 1879 
13614 9497 9498 1881 1880 
13615 9498 9499 1882 1881 
13616 9499 9500 1883 1882 
13617 9500 9501 1884 1883 
13618 9501 9502 1885 1884 
13619 9502 9503 1886 1885 
13620 9503 9504 1887 1886 
13621 9504 9505 1888 1887 
13622 9505 9506 1889 1888 
13623 9506 9507 1890 1889 
13624 9507 9508 1891 1890 
13625 9508 9509 1892 1891 
13626 9509 9510 1893 1892 
13627 9510 9511 1894 1893 
13628 9511 9512 1895 1894 
13629 9512 9513 1896 1895 
13630 9513 9514 1897 1896 
13631 9514 9515 1898 1897 
13632 9515 9516 1899 1898 
13633 9516 9517 1900 1899 
13634 9517 9518 1901 1900 
13635 9518 9519 1902 1901 
13636 9519 9520 1903 1902 
13637 9520 9521 1904 1903 
13638 9521 9522 1905 1904 
13639 9522 9523 1906 1905 
13640 9523 9524 1907 1906 
13641 9524 9525 1908 1907 
13642 9525 9526 1909 1908 
13643 9526 9527 1910 1909 
13644 9527 9528 1911 1910 
13645 9528 9529 1912 1911 
13646 9529 9530 1913 1912 
13647 9530 9531 1914 1913 
13648 9531 9532 1915 1914 
13649 9532 9533 1916 1915 
13650 9533 9534 1917 1916 
13651 9534 9535 1918 1917 
13652 9535 9536 1919 1918 
13653 9536 9537 1920 1919 
13654 9537 9538 1921 1920 
13655 9538 9539 1922 1921 
13656 9539 9540 1923 1922 
13657 9540 9541 1924 1923 
13658 9541 9542 1925 1924 
13659 9542 9543 1926 1925 
13660 9543 9544 1927 1926 
13661 9544 9545 1928 1927 
13662 9545 9546 1929 1928 
13663 9546 9547 1930 1929 
13664 9547 9548 1931 1930 
13665 9548 9549 1932 1931 
13666 9549 9550 1933 1932 
13667 9550 9551 1934 1933 
13668 9551 9552 1935 1934 
13669 9552 9553 1936 1935 
13670 9553 9554 1937 1936 
13671 9554 9555 1938 1937 
13672 9555 9556 1939 1938 
13673 9556 9557 1940 1939 
13674 9557 9558 1941 1940 
13675 9558 9559 1942 1941 
13676 9559 9560 1943 1942 
13677 9560 9561 1944 1943 
13678 9561 9562 1945 1944 
13679 9562 9563 1946 1945 
13680 9563 9564 1947 1946 
13681 9564 9565 1948 1947 
13682 9565 9566 1949 1948 
13683 9566 9567 1950 1949 
13684 9567 9568 1951 1950 
13685 9568 9569 1952 1951 
13686 9569 9570 1953 1952 
13687 9570 9571 1954 1953 
13688 9571 9572 1955 1954 
13689 9572 9573 1956 1955 
13690 9573 9574 1957 1956 
13691 9574 9575 1958 1957 
13692 9575 9576 1959 1958 
13693 9576 2004 24 1959 
$EndElements
