Variables = x, y, u, v, p

Zone, I=4300, F=POINT
          -3           -3            0            0            0 
          -3     -2.99949            0            0            0 
          -3     -2.99796            0            0            0 
          -3     -2.99541            0            0            0 
          -3     -2.99184            0            0            0 
          -3     -2.98725            0            0            0 
          -3     -2.98163            0            0            0 
          -3       -2.975            0            0            0 
          -3     -2.96735            0            0            0 
          -3     -2.95868            0            0            0 
          -3     -2.94898            0            0            0 
          -3     -2.93827            0            0            0 
          -3     -2.92654            0            0            0 
          -3     -2.91378            0            0            0 
          -3     -2.90001            0            0            0 
          -3     -2.88522            0            0            0 
          -3      -2.8694            0            0            0 
          -3     -2.85257            0            0            0 
          -3     -2.83471            0            0            0 
          -3     -2.81584            0            0            0 
          -3     -2.79594            0            0            0 
          -3     -2.77502            0            0            0 
          -3     -2.75309            0            0            0 
          -3     -2.73013            0            0            0 
          -3     -2.70615            0            0            0 
          -3     -2.68116            0            0            0 
          -3     -2.65514            0            0            0 
          -3      -2.6281            0            0            0 
          -3     -2.60004            0            0            0 
          -3     -2.57096            0            0            0 
          -3     -2.54087            0            0            0 
          -3     -2.50975            0            0            0 
          -3     -2.47761            0            0            0 
          -3     -2.44445            0            0            0 
          -3     -2.41027            0            0            0 
          -3     -2.37507            0            0            0 
          -3     -2.33885            0            0            0 
          -3      -2.3016            0            0            0 
          -3     -2.26334            0            0            0 
          -3     -2.22406            0            0            0 
          -3     -2.18376            0            0            0 
          -3     -2.14244            0            0            0 
          -3     -2.10009            0            0            0 
          -3     -2.05673            0            0            0 
          -3     -2.01235            0            0            0 
          -3     -1.96694            0            0            0 
          -3     -1.92052            0            0            0 
          -3     -1.87308            0            0            0 
          -3     -1.82461            0            0            0 
          -3     -1.77513            0            0            0 
          -3     -1.72462            0            0            0 
          -3      -1.6731            0            0            0 
          -3     -1.62055            0            0            0 
          -3     -1.56699            0            0            0 
          -3      -1.5124            0            0            0 
          -3     -1.45679            0            0            0 
          -3     -1.40017            0            0            0 
          -3     -1.34252            0            0            0 
          -3     -1.28385            0            0            0 
          -3     -1.22416            0            0            0 
          -3     -1.16346            0            0            0 
          -3     -1.10173            0            0            0 
          -3     -1.03898            0            0            0 
          -3    -0.975211            0            0            0 
          -3    -0.910422            0            0            0 
          -3    -0.844613            0            0            0 
          -3    -0.777783            0            0            0 
          -3    -0.709933            0            0            0 
          -3    -0.641062            0            0            0 
          -3    -0.571172            0            0            0 
          -3    -0.500261            0            0            0 
          -3    -0.428329            0            0            0 
          -3    -0.355378            0            0            0 
          -3    -0.281406            0            0            0 
          -3    -0.206414            0            0            0 
          -3    -0.130401            0            0            0 
          -3    -0.053368            0            0            0 
          -3     0.024685     0.014463 -1.56495e-07 -0.000550012 
          -3     0.103758    0.0606515 -2.09323e-06 -0.000550029 
          -3     0.183852      0.10722 -4.57423e-06 -0.000550003 
          -3     0.264966     0.154153 -5.77933e-06 -0.000549912 
          -3       0.3471     0.201426 -4.09748e-06 -0.000549723 
          -3     0.430255     0.248965  1.39161e-06  -0.00054941 
          -3      0.51443     0.296699  1.17023e-05 -0.000548927 
          -3     0.599625      0.34448  2.71848e-05 -0.000548237 
          -3     0.685841     0.392142  4.81143e-05 -0.000547303 
          -3     0.773076     0.439505  7.47745e-05 -0.000546085 
          -3     0.861332     0.486333  0.000107109 -0.000544543 
          -3     0.950609     0.532385  0.000144764 -0.000542655 
          -3      1.04091     0.577337  0.000187563 -0.000540369 
          -3      1.13222     0.620924  0.000234867 -0.000537672 
          -3      1.22456     0.662866   0.00028599 -0.000534554 
          -3      1.31792      0.70287  0.000340188 -0.000531003 
          -3       1.4123      0.74061  0.000396655 -0.000526996 
          -3      1.50769     0.775878  0.000454309 -0.000522561 
          -3      1.60411     0.808462  0.000512153 -0.000517705 
          -3      1.70155     0.838241  0.000569386  -0.00051244 
          -3      1.80001     0.864978  0.000624421 -0.000506812 
          -3      1.89949     0.888747   0.00067675 -0.000500849 
          -3            2      0.90964  0.000725856 -0.000494581 
        -2.5           -3            0            0            0 
        -2.5     -2.99949            0            0            0 
        -2.5     -2.99796            0            0            0 
        -2.5     -2.99541            0            0            0 
        -2.5     -2.99184            0            0            0 
        -2.5     -2.98725            0            0            0 
        -2.5     -2.98163            0            0            0 
        -2.5       -2.975            0            0            0 
        -2.5     -2.96735            0            0            0 
        -2.5     -2.95868            0            0            0 
        -2.5     -2.94898            0            0            0 
        -2.5     -2.93827            0            0            0 
        -2.5     -2.92654            0            0            0 
        -2.5     -2.91378            0            0            0 
        -2.5     -2.90001            0            0            0 
        -2.5     -2.88522            0            0            0 
        -2.5      -2.8694            0            0            0 
        -2.5     -2.85257            0            0            0 
        -2.5     -2.83471            0            0            0 
        -2.5     -2.81584            0            0            0 
        -2.5     -2.79594            0            0            0 
        -2.5     -2.77502            0            0            0 
        -2.5     -2.75309            0            0            0 
        -2.5     -2.73013            0            0            0 
        -2.5     -2.70615            0            0            0 
        -2.5     -2.68116            0            0            0 
        -2.5     -2.65514            0            0            0 
        -2.5      -2.6281            0            0            0 
        -2.5     -2.60004            0            0            0 
        -2.5     -2.57096            0            0            0 
        -2.5     -2.54087            0            0            0 
        -2.5     -2.50975            0            0            0 
        -2.5     -2.47761            0            0            0 
        -2.5     -2.44445            0            0            0 
        -2.5     -2.41027            0            0            0 
        -2.5     -2.37507            0            0            0 
        -2.5     -2.33885            0            0            0 
        -2.5      -2.3016            0            0            0 
        -2.5     -2.26334            0            0            0 
        -2.5     -2.22406            0            0            0 
        -2.5     -2.18376            0            0            0 
        -2.5     -2.14244            0            0            0 
        -2.5     -2.10009            0            0            0 
        -2.5     -2.05673            0            0            0 
        -2.5     -2.01235            0            0            0 
        -2.5     -1.96694            0            0            0 
        -2.5     -1.92052            0            0            0 
        -2.5     -1.87308            0            0            0 
        -2.5     -1.82461            0            0            0 
        -2.5     -1.77513            0            0            0 
        -2.5     -1.72462            0            0            0 
        -2.5      -1.6731            0            0            0 
        -2.5     -1.62055            0            0            0 
        -2.5     -1.56699            0            0            0 
        -2.5      -1.5124            0            0            0 
        -2.5     -1.45679            0            0            0 
        -2.5     -1.40017            0            0            0 
        -2.5     -1.34252            0            0            0 
        -2.5     -1.28385            0            0            0 
        -2.5     -1.22416            0            0            0 
        -2.5     -1.16346            0            0            0 
        -2.5     -1.10173            0            0            0 
        -2.5     -1.03898            0            0            0 
        -2.5    -0.975211            0            0            0 
        -2.5    -0.910422            0            0            0 
        -2.5    -0.844613            0            0            0 
        -2.5    -0.777783            0            0            0 
        -2.5    -0.709933            0            0            0 
        -2.5    -0.641062            0            0            0 
        -2.5    -0.571172            0            0            0 
        -2.5    -0.500261            0            0            0 
        -2.5    -0.428329            0            0            0 
        -2.5    -0.355378            0            0            0 
        -2.5    -0.281406            0            0            0 
        -2.5    -0.206414            0            0            0 
        -2.5    -0.130401            0            0            0 
        -2.5    -0.053368            0            0            0 
        -2.5     0.024685    0.0144702 -2.17303e-07 -0.000567894 
        -2.5     0.103758    0.0606714 -3.02867e-06 -0.000567922 
        -2.5     0.183852     0.107239 -7.11826e-06 -0.000567895 
        -2.5     0.264966     0.154159 -1.03702e-05 -0.000567783 
        -2.5       0.3471     0.201412 -1.09976e-05 -0.000567548 
        -2.5     0.430255     0.248931 -7.88994e-06 -0.000567145 
        -2.5      0.51443     0.296634 -8.98196e-08 -0.000566525 
        -2.5     0.599625     0.344375  1.27927e-05 -0.000565644 
        -2.5     0.685841     0.392011   3.1278e-05 -0.000564452 
        -2.5     0.773076     0.439348  5.55511e-05   -0.0005629 
        -2.5     0.861332     0.486147  8.54819e-05 -0.000560951 
        -2.5     0.950609      0.53215  0.000120917 -0.000558567 
        -2.5      1.04091     0.577099  0.000161505 -0.000555715 
        -2.5      1.13222     0.620673  0.000206781 -0.000552375 
        -2.5      1.22456     0.662592  0.000256077 -0.000548533 
        -2.5      1.31792     0.702561  0.000308635 -0.000544186 
        -2.5       1.4123     0.740306  0.000363582  -0.00053933 
        -2.5      1.50769     0.775492  0.000419692 -0.000533981 
        -2.5      1.60411     0.808202  0.000476798 -0.000528206 
        -2.5      1.70155     0.837936  0.000532913 -0.000521989 
        -2.5      1.80001     0.864708  0.000587349 -0.000515376 
        -2.5      1.89949      0.88857  0.000639515  -0.00050842 
        -2.5            2      0.90941  0.000688065 -0.000501182 
          -2           -3            0            0            0 
          -2     -2.99949            0            0            0 
          -2     -2.99796            0            0            0 
          -2     -2.99541            0            0            0 
          -2     -2.99184            0            0            0 
          -2     -2.98725            0            0            0 
          -2     -2.98163            0            0            0 
          -2       -2.975            0            0            0 
          -2     -2.96735            0            0            0 
          -2     -2.95868            0            0            0 
          -2     -2.94898            0            0            0 
          -2     -2.93827            0            0            0 
          -2     -2.92654            0            0            0 
          -2     -2.91378            0            0            0 
          -2     -2.90001            0            0            0 
          -2     -2.88522            0            0            0 
          -2      -2.8694            0            0            0 
          -2     -2.85257            0            0            0 
          -2     -2.83471            0            0            0 
          -2     -2.81584            0            0            0 
          -2     -2.79594            0            0            0 
          -2     -2.77502            0            0            0 
          -2     -2.75309            0            0            0 
          -2     -2.73013            0            0            0 
          -2     -2.70615            0            0            0 
          -2     -2.68116            0            0            0 
          -2     -2.65514            0            0            0 
          -2      -2.6281            0            0            0 
          -2     -2.60004            0            0            0 
          -2     -2.57096            0            0            0 
          -2     -2.54087            0            0            0 
          -2     -2.50975            0            0            0 
          -2     -2.47761            0            0            0 
          -2     -2.44445            0            0            0 
          -2     -2.41027            0            0            0 
          -2     -2.37507            0            0            0 
          -2     -2.33885            0            0            0 
          -2      -2.3016            0            0            0 
          -2     -2.26334            0            0            0 
          -2     -2.22406            0            0            0 
          -2     -2.18376            0            0            0 
          -2     -2.14244            0            0            0 
          -2     -2.10009            0            0            0 
          -2     -2.05673            0            0            0 
          -2     -2.01235            0            0            0 
          -2     -1.96694            0            0            0 
          -2     -1.92052            0            0            0 
          -2     -1.87308            0            0            0 
          -2     -1.82461            0            0            0 
          -2     -1.77513            0            0            0 
          -2     -1.72462            0            0            0 
          -2      -1.6731            0            0            0 
          -2     -1.62055            0            0            0 
          -2     -1.56699            0            0            0 
          -2      -1.5124            0            0            0 
          -2     -1.45679            0            0            0 
          -2     -1.40017            0            0            0 
          -2     -1.34252            0            0            0 
          -2     -1.28385            0            0            0 
          -2     -1.22416            0            0            0 
          -2     -1.16346            0            0            0 
          -2     -1.10173            0            0            0 
          -2     -1.03898            0            0            0 
          -2    -0.975211            0            0            0 
          -2    -0.910422            0            0            0 
          -2    -0.844613            0            0            0 
          -2    -0.777783            0            0            0 
          -2    -0.709933            0            0            0 
          -2    -0.641062            0            0            0 
          -2    -0.571172            0            0            0 
          -2    -0.500261            0            0            0 
          -2    -0.428329            0            0            0 
          -2    -0.355378            0            0            0 
          -2    -0.281406            0            0            0 
          -2    -0.206414            0            0            0 
          -2    -0.130401            0            0            0 
          -2    -0.053368            0            0            0 
          -2     0.024685    0.0144804 -3.09291e-07  -0.00058726 
          -2     0.103758    0.0607011 -4.41874e-06 -0.000587302 
          -2     0.183852     0.107271 -1.08302e-05 -0.000587269 
          -2     0.264966     0.154183 -1.69471e-05 -0.000587115 
          -2       0.3471     0.201416  -2.0726e-05 -0.000586782 
          -2     0.430255      0.24891 -2.08729e-05  -0.00058621 
          -2      0.51443     0.296577 -1.64378e-05 -0.000585334 
          -2     0.599625     0.344291 -6.74482e-06 -0.000584094 
          -2     0.685841     0.391901  8.67001e-06 -0.000582429 
          -2     0.773076     0.439202  2.99215e-05 -0.000580289 
          -2     0.861332      0.48597   5.7033e-05  -0.00057763 
          -2     0.950609     0.531949  8.98501e-05 -0.000574419 
          -2      1.04091     0.576865  0.000128052 -0.000570633 
          -2      1.13222     0.620421  0.000171166 -0.000566258 
          -2      1.22456     0.662322   0.00021856 -0.000561293 
          -2      1.31792     0.702279  0.000269473 -0.000555756 
          -2       1.4123     0.740017  0.000323023  -0.00054967 
          -2      1.50769     0.775259  0.000378158 -0.000543074 
          -2      1.60411     0.807916  0.000434294 -0.000535994 
          -2      1.70155     0.837628  0.000489718 -0.000528506 
          -2      1.80001     0.864407   0.00054375  -0.00052066 
          -2      1.89949     0.888272  0.000595671 -0.000512504 
          -2            2     0.909161  0.000644413 -0.000504109 
        -1.5           -3            0            0            0 
        -1.5     -2.99949            0            0            0 
        -1.5     -2.99796            0            0            0 
        -1.5     -2.99541            0            0            0 
        -1.5     -2.99184            0            0            0 
        -1.5     -2.98725            0            0            0 
        -1.5     -2.98163            0            0            0 
        -1.5       -2.975            0            0            0 
        -1.5     -2.96735            0            0            0 
        -1.5     -2.95868            0            0            0 
        -1.5     -2.94898            0            0            0 
        -1.5     -2.93827            0            0            0 
        -1.5     -2.92654            0            0            0 
        -1.5     -2.91378            0            0            0 
        -1.5     -2.90001            0            0            0 
        -1.5     -2.88522            0            0            0 
        -1.5      -2.8694            0            0            0 
        -1.5     -2.85257            0            0            0 
        -1.5     -2.83471            0            0            0 
        -1.5     -2.81584            0            0            0 
        -1.5     -2.79594            0            0            0 
        -1.5     -2.77502            0            0            0 
        -1.5     -2.75309            0            0            0 
        -1.5     -2.73013            0            0            0 
        -1.5     -2.70615            0            0            0 
        -1.5     -2.68116            0            0            0 
        -1.5     -2.65514            0            0            0 
        -1.5      -2.6281            0            0            0 
        -1.5     -2.60004            0            0            0 
        -1.5     -2.57096            0            0            0 
        -1.5     -2.54087            0            0            0 
        -1.5     -2.50975            0            0            0 
        -1.5     -2.47761            0            0            0 
        -1.5     -2.44445            0            0            0 
        -1.5     -2.41027            0            0            0 
        -1.5     -2.37507            0            0            0 
        -1.5     -2.33885            0            0            0 
        -1.5      -2.3016            0            0            0 
        -1.5     -2.26334            0            0            0 
        -1.5     -2.22406            0            0            0 
        -1.5     -2.18376            0            0            0 
        -1.5     -2.14244            0            0            0 
        -1.5     -2.10009            0            0            0 
        -1.5     -2.05673            0            0            0 
        -1.5     -2.01235            0            0            0 
        -1.5     -1.96694            0            0            0 
        -1.5     -1.92052            0            0            0 
        -1.5     -1.87308            0            0            0 
        -1.5     -1.82461            0            0            0 
        -1.5     -1.77513            0            0            0 
        -1.5     -1.72462            0            0            0 
        -1.5      -1.6731            0            0            0 
        -1.5     -1.62055            0            0            0 
        -1.5     -1.56699            0            0            0 
        -1.5      -1.5124            0            0            0 
        -1.5     -1.45679            0            0            0 
        -1.5     -1.40017            0            0            0 
        -1.5     -1.34252            0            0            0 
        -1.5     -1.28385            0            0            0 
        -1.5     -1.22416            0            0            0 
        -1.5     -1.16346            0            0            0 
        -1.5     -1.10173            0            0            0 
        -1.5     -1.03898            0            0            0 
        -1.5    -0.975211            0            0            0 
        -1.5    -0.910422            0            0            0 
        -1.5    -0.844613            0            0            0 
        -1.5    -0.777783            0            0            0 
        -1.5    -0.709933            0            0            0 
        -1.5    -0.641062            0            0            0 
        -1.5    -0.571172            0            0            0 
        -1.5    -0.500261            0            0            0 
        -1.5    -0.428329            0            0            0 
        -1.5    -0.355378            0            0            0 
        -1.5    -0.281406            0            0            0 
        -1.5    -0.206414            0            0            0 
        -1.5    -0.130401            0            0            0 
        -1.5    -0.053368            0            0            0 
        -1.5     0.024685    0.0144954  -4.7582e-07 -0.000608569 
        -1.5     0.103758    0.0607465 -6.87176e-06 -0.000608634 
        -1.5     0.183852     0.107325 -1.72075e-05 -0.000608574 
        -1.5     0.264966     0.154229 -2.79881e-05 -0.000608307 
        -1.5       0.3471      0.20144  -3.6723e-05 -0.000607736 
        -1.5     0.430255     0.248911 -4.17369e-05 -0.000606761 
        -1.5      0.51443     0.296546 -4.20145e-05 -0.000605297 
        -1.5     0.599625     0.344231 -3.66843e-05 -0.000603261 
        -1.5     0.685841     0.391806 -2.53348e-05 -0.000600591 
        -1.5     0.773076     0.439073 -7.73894e-06 -0.000597245 
        -1.5     0.861332     0.485809  1.61558e-05 -0.000593196 
        -1.5     0.950609     0.531758  4.61972e-05 -0.000588436 
        -1.5      1.04091     0.576656  8.20424e-05 -0.000582974 
        -1.5      1.13222      0.62018   0.00012327 -0.000576845 
        -1.5      1.22456     0.662058  0.000169168 -0.000570073 
        -1.5      1.31792     0.702006  0.000218954 -0.000562724 
        -1.5       1.4123     0.739727  0.000271776 -0.000554846 
        -1.5      1.50769     0.775005  0.000326591 -0.000546506 
        -1.5      1.60411     0.807577   0.00038234 -0.000537773 
        -1.5      1.70155     0.837352   0.00043808 -0.000528702 
        -1.5      1.80001     0.864192  0.000492686 -0.000519403 
        -1.5      1.89949     0.888024  0.000545084 -0.000509926 
        -1.5            2     0.908948  0.000594695 -0.000500328 
          -1           -3            0            0            0 
          -1     -2.99949            0            0            0 
          -1     -2.99796            0            0            0 
          -1     -2.99541            0            0            0 
          -1     -2.99184            0            0            0 
          -1     -2.98725            0            0            0 
          -1     -2.98163            0            0            0 
          -1       -2.975            0            0            0 
          -1     -2.96735            0            0            0 
          -1     -2.95868            0            0            0 
          -1     -2.94898            0            0            0 
          -1     -2.93827            0            0            0 
          -1     -2.92654            0            0            0 
          -1     -2.91378            0            0            0 
          -1     -2.90001            0            0            0 
          -1     -2.88522            0            0            0 
          -1      -2.8694            0            0            0 
          -1     -2.85257            0            0            0 
          -1     -2.83471            0            0            0 
          -1     -2.81584            0            0            0 
          -1     -2.79594            0            0            0 
          -1     -2.77502            0            0            0 
          -1     -2.75309            0            0            0 
          -1     -2.73013            0            0            0 
          -1     -2.70615            0            0            0 
          -1     -2.68116            0            0            0 
          -1     -2.65514            0            0            0 
          -1      -2.6281            0            0            0 
          -1     -2.60004            0            0            0 
          -1     -2.57096            0            0            0 
          -1     -2.54087            0            0            0 
          -1     -2.50975            0            0            0 
          -1     -2.47761            0            0            0 
          -1     -2.44445            0            0            0 
          -1     -2.41027            0            0            0 
          -1     -2.37507            0            0            0 
          -1     -2.33885            0            0            0 
          -1      -2.3016            0            0            0 
          -1     -2.26334            0            0            0 
          -1     -2.22406            0            0            0 
          -1     -2.18376            0            0            0 
          -1     -2.14244            0            0            0 
          -1     -2.10009            0            0            0 
          -1     -2.05673            0            0            0 
          -1     -2.01235            0            0            0 
          -1     -1.96694            0            0            0 
          -1     -1.92052            0            0            0 
          -1     -1.87308            0            0            0 
          -1     -1.82461            0            0            0 
          -1     -1.77513            0            0            0 
          -1     -1.72462            0            0            0 
          -1      -1.6731            0            0            0 
          -1     -1.62055            0            0            0 
          -1     -1.56699            0            0            0 
          -1      -1.5124            0            0            0 
          -1     -1.45679            0            0            0 
          -1     -1.40017            0            0            0 
          -1     -1.34252            0            0            0 
          -1     -1.28385            0            0            0 
          -1     -1.22416            0            0            0 
          -1     -1.16346            0            0            0 
          -1     -1.10173            0            0            0 
          -1     -1.03898            0            0            0 
          -1    -0.975211            0            0            0 
          -1    -0.910422            0            0            0 
          -1    -0.844613            0            0            0 
          -1    -0.777783            0            0            0 
          -1    -0.709933            0            0            0 
          -1    -0.641062            0            0            0 
          -1    -0.571172            0            0            0 
          -1    -0.500261            0            0            0 
          -1    -0.428329            0            0            0 
          -1    -0.355378            0            0            0 
          -1    -0.281406            0            0            0 
          -1    -0.206414            0            0            0 
          -1    -0.130401            0            0            0 
          -1    -0.053368            0            0            0 
          -1     0.024685    0.0145208 -8.90004e-07 -0.000632826 
          -1     0.103758    0.0608234 -1.27479e-05 -0.000632935 
          -1     0.183852     0.107418 -3.18578e-05 -0.000632751 
          -1     0.264966     0.154317 -5.23178e-05 -0.000632066 
          -1       0.3471     0.201509   -7.043e-05 -0.000630677 
          -1     0.430255     0.248947 -8.39767e-05 -0.000628416 
          -1      0.51443     0.296551 -9.15214e-05 -0.000625182 
          -1     0.599625     0.344199 -9.22047e-05 -0.000620933 
          -1     0.685841     0.391734 -8.55325e-05 -0.000615672 
          -1     0.773076     0.438966 -7.13891e-05 -0.000609471 
          -1     0.861332     0.485664 -4.98574e-05 -0.000602402 
          -1     0.950609     0.531579 -2.12096e-05 -0.000594578 
          -1      1.04091     0.576435  1.40295e-05 -0.000586098 
          -1      1.13222     0.619943  5.52419e-05 -0.000577071 
          -1      1.22456     0.661805  0.000101637  -0.00056757 
          -1      1.31792      0.70176  0.000152436 -0.000557777 
          -1       1.4123     0.739511   0.00020655 -0.000547675 
          -1      1.50769     0.774707  0.000262705 -0.000537401 
          -1      1.60411     0.807244  0.000319981 -0.000527005 
          -1      1.70155     0.837017  0.000377393 -0.000516542 
          -1      1.80001     0.863918  0.000433895 -0.000506069 
          -1      1.89949     0.887838  0.000488375 -0.000495646 
          -1            2     0.908668   0.00053966 -0.000485338 
        -0.5           -3            0            0            0 
        -0.5     -2.99949            0            0            0 
        -0.5     -2.99796            0            0            0 
        -0.5     -2.99541            0            0            0 
        -0.5     -2.99184            0            0            0 
        -0.5     -2.98725            0            0            0 
        -0.5     -2.98163            0            0            0 
        -0.5       -2.975            0            0            0 
        -0.5     -2.96735            0            0            0 
        -0.5     -2.95868            0            0            0 
        -0.5     -2.94898            0            0            0 
        -0.5     -2.93827            0            0            0 
        -0.5     -2.92654            0            0            0 
        -0.5     -2.91378            0            0            0 
        -0.5     -2.90001            0            0            0 
        -0.5     -2.88522            0            0            0 
        -0.5      -2.8694            0            0            0 
        -0.5     -2.85257            0            0            0 
        -0.5     -2.83471            0            0            0 
        -0.5     -2.81584            0            0            0 
        -0.5     -2.79594            0            0            0 
        -0.5     -2.77502            0            0            0 
        -0.5     -2.75309            0            0            0 
        -0.5     -2.73013            0            0            0 
        -0.5     -2.70615            0            0            0 
        -0.5     -2.68116            0            0            0 
        -0.5     -2.65514            0            0            0 
        -0.5      -2.6281            0            0            0 
        -0.5     -2.60004            0            0            0 
        -0.5     -2.57096            0            0            0 
        -0.5     -2.54087            0            0            0 
        -0.5     -2.50975            0            0            0 
        -0.5     -2.47761            0            0            0 
        -0.5     -2.44445            0            0            0 
        -0.5     -2.41027            0            0            0 
        -0.5     -2.37507            0            0            0 
        -0.5     -2.33885            0            0            0 
        -0.5      -2.3016            0            0            0 
        -0.5     -2.26334            0            0            0 
        -0.5     -2.22406            0            0            0 
        -0.5     -2.18376            0            0            0 
        -0.5     -2.14244            0            0            0 
        -0.5     -2.10009            0            0            0 
        -0.5     -2.05673            0            0            0 
        -0.5     -2.01235            0            0            0 
        -0.5     -1.96694            0            0            0 
        -0.5     -1.92052            0            0            0 
        -0.5     -1.87308            0            0            0 
        -0.5     -1.82461            0            0            0 
        -0.5     -1.77513            0            0            0 
        -0.5     -1.72462            0            0            0 
        -0.5      -1.6731            0            0            0 
        -0.5     -1.62055            0            0            0 
        -0.5     -1.56699            0            0            0 
        -0.5      -1.5124            0            0            0 
        -0.5     -1.45679            0            0            0 
        -0.5     -1.40017            0            0            0 
        -0.5     -1.34252            0            0            0 
        -0.5     -1.28385            0            0            0 
        -0.5     -1.22416            0            0            0 
        -0.5     -1.16346            0            0            0 
        -0.5     -1.10173            0            0            0 
        -0.5     -1.03898            0            0            0 
        -0.5    -0.975211            0            0            0 
        -0.5    -0.910422            0            0            0 
        -0.5    -0.844613            0            0            0 
        -0.5    -0.777783            0            0            0 
        -0.5    -0.709933            0            0            0 
        -0.5    -0.641062            0            0            0 
        -0.5    -0.571172            0            0            0 
        -0.5    -0.500261            0            0            0 
        -0.5    -0.428329            0            0            0 
        -0.5    -0.355378            0            0            0 
        -0.5    -0.281406            0            0            0 
        -0.5    -0.206414            0            0            0 
        -0.5    -0.130401            0            0            0 
        -0.5    -0.053368            0            0            0 
        -0.5     0.024685    0.0145824 -2.90383e-06  -0.00066344 
        -0.5     0.103758    0.0610008  -3.9428e-05 -0.000663635 
        -0.5     0.183852     0.107624 -9.25989e-05 -0.000662308 
        -0.5     0.264966     0.154504 -0.000143368 -0.000658636 
        -0.5       0.3471     0.201655 -0.000183229 -0.000652334 
        -0.5     0.430255     0.249043 -0.000209572 -0.000643683 
        -0.5      0.51443     0.296592 -0.000222424 -0.000633264 
        -0.5     0.599625     0.344186 -0.000222975 -0.000621678 
        -0.5     0.685841     0.391671 -0.000212599 -0.000609449 
        -0.5     0.773076     0.438853 -0.000192656 -0.000596956 
        -0.5     0.861332      0.48551 -0.000164209  -0.00058448 
        -0.5     0.950609     0.531387 -0.000128442 -0.000572163 
        -0.5      1.04091      0.57621 -8.61432e-05 -0.000560088 
        -0.5      1.13222     0.619691 -3.82645e-05 -0.000548297 
        -0.5      1.22456     0.661525  1.42746e-05   -0.0005368 
        -0.5      1.31792     0.701434  7.05902e-05 -0.000525617 
        -0.5       1.4123     0.739148  0.000129715 -0.000514693 
        -0.5      1.50769     0.774393  0.000190546 -0.000504065 
        -0.5      1.60411     0.806988  0.000252091 -0.000493598 
        -0.5      1.70155     0.836796  0.000313386 -0.000483457 
        -0.5      1.80001     0.863636  0.000373153  -0.00047352 
        -0.5      1.89949     0.887482  0.000430448 -0.000463792 
        -0.5            2     0.908427  0.000484741 -0.000454274 
           0           -3  2.53816e-10 -2.65306e-10 -0.000126814 
           0     -2.99949  3.77921e-10 -1.98136e-10  -0.00013115 
           0     -2.99796  7.26401e-10  2.66887e-12 -0.000143356 
           0     -2.99541  1.23088e-09  3.34362e-10  -0.00016114 
           0     -2.99184  1.78663e-09  7.89522e-10 -0.000181036 
           0     -2.98725  2.26808e-09   1.3527e-09 -0.000198986 
           0     -2.98163  2.54916e-09  1.99514e-09 -0.000211118 
           0       -2.975  2.52975e-09  2.66769e-09 -0.000214744 
           0     -2.96735  2.16838e-09  3.29294e-09 -0.000209601 
           0     -2.95868  1.52037e-09  3.75537e-09 -0.000199302 
           0     -2.94898  7.82337e-10  3.88991e-09 -0.000193015 
           0     -2.93827  3.42157e-10  3.46947e-09 -0.000207366 
           0     -2.92654 -2.05933e-10  3.12919e-09 -0.000202378 
           0     -2.91378 -5.80436e-10  2.64396e-09 -0.000202383 
           0     -2.90001 -8.34274e-10  2.13963e-09 -0.000202388 
           0     -2.88522 -9.78135e-10   1.6494e-09  -0.00020239 
           0      -2.8694 -1.04033e-09  1.21953e-09 -0.000202391 
           0     -2.85257 -1.04621e-09  8.56324e-10 -0.000202389 
           0     -2.83471 -1.01323e-09   5.5397e-10 -0.000202382 
           0     -2.81584 -9.56353e-10  3.10623e-10 -0.000202372 
           0     -2.79594 -8.85993e-10  1.19766e-10 -0.000202357 
           0     -2.77502 -8.13008e-10 -2.85183e-11 -0.000202336 
           0     -2.75309 -7.40242e-10 -1.40819e-10 -0.000202308 
           0     -2.73013 -6.71647e-10 -2.24816e-10 -0.000202274 
           0     -2.70615 -6.08913e-10 -2.86034e-10 -0.000202231 
           0     -2.68116  -5.5332e-10 -3.30651e-10 -0.000202181 
           0     -2.65514 -5.04896e-10 -3.62411e-10 -0.000202122 
           0      -2.6281 -4.63583e-10  -3.8488e-10 -0.000202054 
           0     -2.60004  -4.2902e-10 -4.00971e-10 -0.000201977 
           0     -2.57096 -4.00678e-10 -4.13098e-10 -0.000201889 
           0     -2.54087  -3.7794e-10  -4.2314e-10 -0.000201792 
           0     -2.50975 -3.60251e-10 -4.32511e-10 -0.000201684 
           0     -2.47761 -3.46948e-10 -4.42604e-10 -0.000201565 
           0     -2.44445 -3.37516e-10 -4.54364e-10 -0.000201436 
           0     -2.41027 -3.31364e-10 -4.68741e-10 -0.000201296 
           0     -2.37507 -3.28037e-10 -4.86481e-10 -0.000201145 
           0     -2.33885 -3.27049e-10 -5.08338e-10 -0.000200985 
           0      -2.3016 -3.27999e-10 -5.34978e-10 -0.000200815 
           0     -2.26334  -3.3053e-10 -5.67093e-10 -0.000200635 
           0     -2.22406 -3.34289e-10 -6.05414e-10 -0.000200448 
           0     -2.18376 -3.38996e-10 -6.50725e-10 -0.000200253 
           0     -2.14244 -3.44362e-10 -7.03901e-10 -0.000200053 
           0     -2.10009 -3.50176e-10 -7.65966e-10 -0.000199849 
           0     -2.05673 -3.56216e-10 -8.38067e-10 -0.000199643 
           0     -2.01235  -3.6233e-10 -9.21591e-10 -0.000199439 
           0     -1.96694 -3.68385e-10 -1.01814e-09 -0.000199238 
           0     -1.92052 -3.74314e-10 -1.12966e-09 -0.000199045 
           0     -1.87308  -3.8009e-10 -1.25842e-09 -0.000198865 
           0     -1.82461 -3.85768e-10 -1.40714e-09 -0.000198703 
           0     -1.77513 -3.91531e-10 -1.57921e-09 -0.000198566 
           0     -1.72462 -3.97673e-10 -1.77861e-09  -0.00019846 
           0      -1.6731 -4.04693e-10 -2.01027e-09 -0.000198395 
           0     -1.62055 -4.13257e-10 -2.27997e-09 -0.000198381 
           0     -1.56699 -4.24545e-10 -2.59547e-09  -0.00019843 
           0      -1.5124 -4.40039e-10 -2.96584e-09 -0.000198556 
           0     -1.45679 -4.62018e-10 -3.40314e-09 -0.000198775 
           0     -1.40017  -4.9335e-10 -3.92166e-09 -0.000199104 
           0     -1.34252 -5.38801e-10 -4.54242e-09 -0.000199567 
           0     -1.28385 -6.04153e-10 -5.29018e-09 -0.000200187 
           0     -1.22416 -6.98764e-10 -6.20253e-09 -0.000200994 
           0     -1.16346 -8.35045e-10 -7.32803e-09 -0.000202022 
           0     -1.10173  -1.0311e-09 -8.73616e-09 -0.000203308 
           0     -1.03898 -1.31526e-09 -1.05385e-08 -0.000204902 
           0    -0.975211 -1.72651e-09 -1.28896e-08 -0.000206859 
           0    -0.910422  -2.3245e-09 -1.60422e-08 -0.000209247 
           0    -0.844613  -3.1976e-09 -2.03975e-08 -0.000212153 
           0    -0.777783 -4.47934e-09   -2.665e-08 -0.000215687 
           0    -0.709933 -6.35954e-09 -3.60334e-08 -0.000219998 
           0    -0.641062 -9.09572e-09 -5.07673e-08 -0.000225294 
           0    -0.571172 -1.29342e-08  -7.5295e-08  -0.00023189 
           0    -0.500261 -1.77712e-08 -1.18707e-07 -0.000240282 
           0    -0.428329 -2.16898e-08 -2.01048e-07 -0.000251327 
           0    -0.355378 -1.42072e-08 -3.71356e-07 -0.000266638 
           0    -0.281406  5.78912e-08 -7.65157e-07 -0.000289614 
           0    -0.206414  5.12619e-07 -1.81208e-06 -0.000328351 
           0    -0.130401   3.9146e-06 -4.56575e-06 -0.000407188 
           0    -0.053368  9.42466e-05 -8.34519e-06 -0.000646613 
           0     0.024685    0.0167696  -0.00187446 -0.000779572 
           0     0.103758    0.0617181  -0.00154624 -0.000669854 
           0     0.183852     0.107922  -0.00110486 -0.000617346 
           0     0.264966     0.154595 -0.000869576 -0.000582841 
           0       0.3471     0.201633 -0.000722541 -0.000558578 
           0     0.430255     0.248954  -0.00061918 -0.000540247 
           0      0.51443     0.296458 -0.000539689 -0.000525641 
           0     0.599625     0.344018 -0.000473243 -0.000513504 
           0     0.685841     0.391472 -0.000413826 -0.000503131 
           0     0.773076      0.43863 -0.000357214 -0.000494004 
           0     0.861332     0.485262 -0.000301404 -0.000485771 
           0     0.950609     0.531118  -0.00024481 -0.000478191 
           0      1.04091     0.575921   -0.0001866 -0.000471078 
           0      1.13222     0.619385 -0.000126332 -0.000464263 
           0      1.22456     0.661206 -6.40607e-05 -0.000457683 
           0      1.31792     0.701108  -1.0034e-07 -0.000451258 
           0       1.4123     0.738808   6.5226e-05 -0.000444871 
           0      1.50769     0.774065  0.000131056 -0.000438526 
           0      1.60411     0.806665  0.000196747 -0.000432209 
           0      1.70155     0.836445  0.000261333  -0.00042587 
           0      1.80001     0.863305  0.000324034 -0.000419505 
           0      1.89949      0.88723  0.000384076 -0.000413127 
           0            2     0.908206   0.00044065 -0.000406748 
         0.5           -3  3.63123e-10 -4.27015e-11 -0.000117288 
         0.5     -2.99949  1.31636e-07 -1.44914e-11 -0.000122207 
         0.5     -2.99796  5.20828e-07  3.27056e-10 -0.000136051 
         0.5     -2.99541  1.15436e-06  1.78469e-09 -0.000156223 
         0.5     -2.99184  2.00913e-06  5.79953e-09  -0.00017879 
         0.5     -2.98725  3.05359e-06  1.46076e-08 -0.000199149 
         0.5     -2.98163  4.24814e-06  3.14619e-08 -0.000212907 
         0.5       -2.975  5.54501e-06  6.09054e-08 -0.000217016 
         0.5     -2.96735  6.88961e-06   1.0912e-07 -0.000211178 
         0.5     -2.95868  8.22129e-06  1.84343e-07 -0.000199488 
         0.5     -2.94898  9.47374e-06  2.97306e-07 -0.000192348 
         0.5     -2.93827  1.05766e-05  4.61793e-07 -0.000208616 
         0.5     -2.92654  1.14544e-05  6.95413e-07 -0.000202947 
         0.5     -2.91378  1.20302e-05  1.02008e-06 -0.000202941 
         0.5     -2.90001  1.22239e-05  1.46285e-06 -0.000202934 
         0.5     -2.88522  1.19535e-05  2.05672e-06 -0.000202925 
         0.5      -2.8694   1.1137e-05   2.8415e-06 -0.000202915 
         0.5     -2.85257  9.69179e-06  3.86461e-06 -0.000202903 
         0.5     -2.83471  7.53567e-06  5.18215e-06  -0.00020289 
         0.5     -2.81584  4.58641e-06  6.85984e-06 -0.000202874 
         0.5     -2.79594  7.62753e-07  8.97379e-06 -0.000202856 
         0.5     -2.77502 -4.01415e-06  1.16119e-05 -0.000202836 
         0.5     -2.75309 -9.82412e-06  1.48748e-05 -0.000202812 
         0.5     -2.73013 -1.67436e-05  1.88764e-05 -0.000202786 
         0.5     -2.70615 -2.48504e-05   2.3746e-05 -0.000202757 
         0.5     -2.68116 -3.42194e-05  2.96288e-05 -0.000202725 
         0.5     -2.65514 -4.49257e-05  3.66866e-05 -0.000202689 
         0.5      -2.6281 -5.70444e-05  4.50996e-05  -0.00020265 
         0.5     -2.60004 -7.06508e-05  5.50672e-05 -0.000202607 
         0.5     -2.57096 -8.58205e-05  6.68096e-05 -0.000202561 
         0.5     -2.54087 -0.000102631  8.05691e-05  -0.00020251 
         0.5     -2.50975 -0.000121163    9.661e-05 -0.000202456 
         0.5     -2.47761 -0.000141495   0.00011522 -0.000202398 
         0.5     -2.44445 -0.000163716  0.000136713 -0.000202337 
         0.5     -2.41027  -0.00018791   0.00016143 -0.000202272 
         0.5     -2.37507 -0.000214172  0.000189735 -0.000202205 
         0.5     -2.33885 -0.000242599  0.000222027 -0.000202135 
         0.5      -2.3016 -0.000273292  0.000258729 -0.000202063 
         0.5     -2.26334 -0.000306358  0.000300297 -0.000201991 
         0.5     -2.22406 -0.000341907  0.000347215 -0.000201919 
         0.5     -2.18376 -0.000380058  0.000400005 -0.000201849 
         0.5     -2.14244 -0.000420933  0.000459218 -0.000201782 
         0.5     -2.10009 -0.000464659  0.000525441  -0.00020172 
         0.5     -2.05673 -0.000511367  0.000599294 -0.000201667 
         0.5     -2.01235 -0.000561192   0.00068143 -0.000201624 
         0.5     -1.96694 -0.000614276  0.000772539 -0.000201596 
         0.5     -1.92052 -0.000670762  0.000873347 -0.000201586 
         0.5     -1.87308 -0.000730799   0.00098461   -0.0002016 
         0.5     -1.82461 -0.000794536   0.00110712 -0.000201643 
         0.5     -1.77513 -0.000862131    0.0012417 -0.000201723 
         0.5     -1.72462 -0.000933741   0.00138919 -0.000201846 
         0.5      -1.6731  -0.00100953   0.00155048 -0.000202022 
         0.5     -1.62055  -0.00108968   0.00172646 -0.000202262 
         0.5     -1.56699  -0.00117437   0.00191804 -0.000202578 
         0.5      -1.5124  -0.00126379   0.00212615 -0.000202984 
         0.5     -1.45679  -0.00135817   0.00235169 -0.000203496 
         0.5     -1.40017  -0.00145775   0.00259558 -0.000204132 
         0.5     -1.34252   -0.0015628   0.00285866 -0.000204914 
         0.5     -1.28385  -0.00167363   0.00314177 -0.000205865 
         0.5     -1.22416  -0.00179062   0.00344556 -0.000207013 
         0.5     -1.16346  -0.00191418   0.00377062 -0.000208387 
         0.5     -1.10173  -0.00204478   0.00411725 -0.000210022 
         0.5     -1.03898  -0.00218287   0.00448535 -0.000211954 
         0.5    -0.975211   -0.0023289   0.00487439 -0.000214225 
         0.5    -0.910422  -0.00248303   0.00528294 -0.000216878 
         0.5    -0.844613  -0.00264492   0.00570838 -0.000219956 
         0.5    -0.777783  -0.00281288    0.0061461 -0.000223502 
         0.5    -0.709933  -0.00298242   0.00658852 -0.000227545 
         0.5    -0.641062  -0.00314376   0.00702356 -0.000232099 
         0.5    -0.571172  -0.00327548   0.00743181  -0.00023713 
         0.5    -0.500261  -0.00333378   0.00778297 -0.000242531 
         0.5    -0.428329  -0.00322956   0.00803021 -0.000248059 
         0.5    -0.355378  -0.00278101   0.00810271 -0.000253247 
         0.5    -0.281406  -0.00161903   0.00789869 -0.000257286 
         0.5    -0.206414  0.000988916    0.0072868 -0.000258947 
         0.5    -0.130401   0.00644425   0.00613623 -0.000256756 
         0.5    -0.053368    0.0171784   0.00441741 -0.000249949 
         0.5     0.024685    0.0365705   0.00238586 -0.000240644 
         0.5     0.103758    0.0672672  0.000656229 -0.000235119 
         0.5     0.183852     0.108023 -0.000238651 -0.000239119 
         0.5     0.264966     0.153888 -0.000471125 -0.000250989 
         0.5       0.3471     0.201049 -0.000490725 -0.000265852 
         0.5     0.430255     0.248491 -0.000476409 -0.000280937 
         0.5      0.51443      0.29607 -0.000451549 -0.000295041 
         0.5     0.599625     0.343673 -0.000419664 -0.000307645 
         0.5     0.685841     0.391152  -0.00038257 -0.000318555 
         0.5     0.773076     0.438316  -0.00034121 -0.000327798 
         0.5     0.861332      0.48495  -0.00029577 -0.000335551 
         0.5     0.950609     0.530801 -0.000246492 -0.000341884 
         0.5      1.04091     0.575596 -0.000193614 -0.000346972 
         0.5      1.13222     0.619051 -0.000137386 -0.000350964 
         0.5      1.22456      0.66087 -7.82037e-05  -0.00035395 
         0.5      1.31792     0.700764  -1.6638e-05 -0.000356043 
         0.5       1.4123     0.738463  4.67217e-05 -0.000357327 
         0.5      1.50769      0.77372  0.000111016 -0.000357886 
         0.5      1.60411     0.806327  0.000175426 -0.000357766 
         0.5      1.70155     0.836122  0.000239007 -0.000357045 
         0.5      1.80001     0.862991  0.000300872 -0.000355752 
         0.5      1.89949     0.886922  0.000360229 -0.000353986 
         0.5            2     0.907932  0.000416329 -0.000351781 
           1           -3  4.88492e-12 -1.00586e-10 -7.86462e-05 
           1     -2.99949 -1.28088e-07  1.20949e-10 -8.58806e-05 
           1     -2.99796 -5.17946e-07  3.25487e-09 -0.000106244 
           1     -2.99541 -1.18656e-06  1.67203e-08 -0.000135912 
           1     -2.99184 -2.16151e-06  5.28874e-08 -0.000169102 
           1     -2.98725 -3.48158e-06  1.29101e-07 -0.000199044 
           1     -2.98163 -5.19676e-06  2.67736e-07 -0.000219276 
           1       -2.975 -7.36711e-06  4.96166e-07 -0.000225312 
           1     -2.96735 -1.00634e-05  8.46858e-07 -0.000216714 
           1     -2.95868 -1.33671e-05  1.35747e-06 -0.000199509 
           1     -2.94898 -1.73687e-05  2.07077e-06 -0.000188996 
           1     -2.93827 -2.21687e-05  3.03478e-06 -0.000212914 
           1     -2.92654 -2.78768e-05  4.30341e-06 -0.000204563 
           1     -2.91378 -3.46122e-05  5.93611e-06 -0.000204543 
           1     -2.90001 -4.25013e-05  7.99828e-06  -0.00020452 
           1     -2.88522  -5.1679e-05   1.0562e-05 -0.000204496 
           1      -2.8694 -6.22886e-05  1.37059e-05  -0.00020447 
           1     -2.85257 -7.44788e-05  1.75156e-05 -0.000204443 
           1     -2.83471 -8.84058e-05  2.20849e-05 -0.000204413 
           1     -2.81584 -0.000104233  2.75161e-05 -0.000204381 
           1     -2.79594 -0.000122127    3.392e-05 -0.000204348 
           1     -2.77502  -0.00014226  4.14174e-05 -0.000204312 
           1     -2.75309 -0.000164813  5.01402e-05 -0.000204274 
           1     -2.73013 -0.000189966  6.02306e-05 -0.000204234 
           1     -2.70615 -0.000217906  7.18451e-05 -0.000204192 
           1     -2.68116 -0.000248824  8.51524e-05 -0.000204148 
           1     -2.65514 -0.000282913  0.000100335 -0.000204101 
           1      -2.6281 -0.000320369  0.000117592 -0.000204053 
           1     -2.60004 -0.000361392  0.000137138 -0.000204001 
           1     -2.57096 -0.000406184  0.000159206 -0.000203948 
           1     -2.54087 -0.000454951  0.000184046 -0.000203893 
           1     -2.50975 -0.000507899   0.00021193 -0.000203835 
           1     -2.47761 -0.000565234  0.000243146 -0.000203776 
           1     -2.44445 -0.000627167  0.000278006 -0.000203715 
           1     -2.41027 -0.000693908  0.000316841 -0.000203652 
           1     -2.37507 -0.000765665  0.000360006 -0.000203589 
           1     -2.33885 -0.000842649  0.000407879 -0.000203526 
           1      -2.3016 -0.000925066  0.000460856 -0.000203463 
           1     -2.26334  -0.00101312  0.000519359 -0.000203402 
           1     -2.22406    -0.001107  0.000583827 -0.000203343 
           1     -2.18376  -0.00120691  0.000654723 -0.000203288 
           1     -2.14244  -0.00131303  0.000732528 -0.000203239 
           1     -2.10009  -0.00142552  0.000817739 -0.000203198 
           1     -2.05673  -0.00154455   0.00091087 -0.000203167 
           1     -2.01235  -0.00167023   0.00101244 -0.000203149 
           1     -1.96694  -0.00180268   0.00112298 -0.000203148 
           1     -1.92052  -0.00194199   0.00124303 -0.000203167 
           1     -1.87308  -0.00208819   0.00137311 -0.000203212 
           1     -1.82461  -0.00224129   0.00151374 -0.000203288 
           1     -1.77513  -0.00240123   0.00166542 -0.000203402 
           1     -1.72462   -0.0025679    0.0018286  -0.00020356 
           1      -1.6731  -0.00274112   0.00200371 -0.000203772 
           1     -1.62055  -0.00292061   0.00219111 -0.000204046 
           1     -1.56699  -0.00310598   0.00239106 -0.000204393 
           1      -1.5124  -0.00329672   0.00260373 -0.000204825 
           1     -1.45679  -0.00349215   0.00282913 -0.000205355 
           1     -1.40017  -0.00369143   0.00306715 -0.000205997 
           1     -1.34252  -0.00389337   0.00331738 -0.000206764 
           1     -1.28385  -0.00409658   0.00357923 -0.000207674 
           1     -1.22416  -0.00429911   0.00385167 -0.000208742 
           1     -1.16346  -0.00449852   0.00413331 -0.000209983 
           1     -1.10173  -0.00469161   0.00442221 -0.000211411 
           1     -1.03898  -0.00487383    0.0047157 -0.000213037 
           1    -0.975211   -0.0050393   0.00501034  -0.00021487 
           1    -0.910422  -0.00517965   0.00530158  -0.00021691 
           1    -0.844613  -0.00528307    0.0055835 -0.000219147 
           1    -0.777783  -0.00533214    0.0058484 -0.000221558 
           1    -0.709933   -0.0053009   0.00608632   -0.0002241 
           1    -0.641062  -0.00515012   0.00628436 -0.000226705 
           1    -0.571172   -0.0048178   0.00642573 -0.000229265 
           1    -0.500261  -0.00420521    0.0064887 -0.000231629 
           1    -0.428329  -0.00315163   0.00644534 -0.000233584 
           1    -0.355378  -0.00139036   0.00626057 -0.000234845 
           1    -0.281406   0.00152401   0.00589281 -0.000235055 
           1    -0.206414   0.00632396   0.00529933 -0.000233813 
           1    -0.130401    0.0141759   0.00445166 -0.000230787 
           1    -0.053368    0.0267909   0.00336806 -0.000225971 
           1     0.024685    0.0462902   0.00215898 -0.000220089 
           1     0.103758    0.0744643   0.00104432 -0.000214809 
           1     0.183852     0.111437  0.000268802 -0.000212109 
           1     0.264966     0.154844 -9.95021e-05 -0.000212722 
           1       0.3471     0.201225 -0.000213259  -0.00021586 
           1     0.430255     0.248503 -0.000243524 -0.000220551 
           1      0.51443     0.296033 -0.000251182 -0.000226296 
           1     0.599625     0.343583 -0.000251374 -0.000232823 
           1     0.685841     0.391021 -0.000243035 -0.000239821 
           1     0.773076     0.438148 -0.000226579 -0.000247066 
           1     0.861332     0.484745 -0.000202456 -0.000254339 
           1     0.950609     0.530564 -0.000171013 -0.000261421 
           1      1.04091     0.575336 -0.000133071 -0.000268137 
           1      1.13222     0.618771 -8.94376e-05 -0.000274384 
           1      1.22456     0.660568 -4.07376e-05 -0.000280106 
           1      1.31792     0.700448  1.20025e-05 -0.000285207 
           1       1.4123     0.738142  6.78855e-05 -0.000289664 
           1      1.50769     0.773403  0.000125872 -0.000293495 
           1      1.60411     0.806002  0.000184934 -0.000296619 
           1      1.70155     0.835817  0.000243991 -0.000299103 
           1      1.80001     0.862705  0.000301999  -0.00030093 
           1      1.89949     0.886645     0.000358 -0.000302141 
           1            2     0.907674  0.000411257 -0.000302784 
         1.5           -3 -4.40552e-11 -2.21814e-11 -0.000233228 
         1.5     -2.99949 -5.72028e-07  2.13875e-10 -0.000231694 
         1.5     -2.99796 -2.29393e-06  3.71433e-09 -0.000227374 
         1.5     -2.99541 -5.18472e-06  1.88712e-08  -0.00022108 
         1.5     -2.99184 -9.27304e-06  5.96851e-08 -0.000214037 
         1.5     -2.98725 -1.46005e-05  1.45804e-07 -0.000207681 
         1.5     -2.98163 -2.12219e-05  3.02606e-07 -0.000203381 
         1.5       -2.975 -2.92015e-05  5.61181e-07 -0.000202087 
         1.5     -2.96735 -3.86167e-05  9.58471e-07 -0.000203893 
         1.5     -2.95868  -4.9558e-05  1.53741e-06 -0.000207521 
         1.5     -2.94898 -6.21254e-05  2.34686e-06 -0.000209728 
         1.5     -2.93827 -7.64319e-05  3.44186e-06 -0.000204635 
         1.5     -2.92654 -9.26023e-05  4.88383e-06  -0.00020638 
         1.5     -2.91378 -0.000110775  6.74081e-06 -0.000206356 
         1.5     -2.90001 -0.000131096  9.08729e-06  -0.00020633 
         1.5     -2.88522 -0.000153727  1.20049e-05 -0.000206303 
         1.5      -2.8694 -0.000178839  1.55825e-05 -0.000206273 
         1.5     -2.85257 -0.000206614  1.99163e-05 -0.000206241 
         1.5     -2.83471 -0.000237245  2.51104e-05 -0.000206206 
         1.5     -2.81584 -0.000270939  3.12774e-05  -0.00020617 
         1.5     -2.79594 -0.000307909  3.85382e-05 -0.000206131 
         1.5     -2.77502 -0.000348381  4.70225e-05  -0.00020609 
         1.5     -2.75309  -0.00039259  5.68706e-05 -0.000206046 
         1.5     -2.73013 -0.000440777  6.82311e-05 -0.000206001 
         1.5     -2.70615 -0.000493199  8.12654e-05 -0.000205952 
         1.5     -2.68116 -0.000550117  9.61449e-05 -0.000205902 
         1.5     -2.65514 -0.000611798  0.000113053 -0.000205849 
         1.5      -2.6281 -0.000678515  0.000132184 -0.000205794 
         1.5     -2.60004  -0.00075055  0.000153748 -0.000205737 
         1.5     -2.57096 -0.000828186  0.000177966 -0.000205677 
         1.5     -2.54087 -0.000911715  0.000205077 -0.000205616 
         1.5     -2.50975  -0.00100143  0.000235331 -0.000205553 
         1.5     -2.47761   -0.0010976  0.000268992 -0.000205488 
         1.5     -2.44445  -0.00120054  0.000306345 -0.000205423 
         1.5     -2.41027  -0.00131051  0.000347685 -0.000205357 
         1.5     -2.37507   -0.0014278  0.000393325 -0.000205291 
         1.5     -2.33885  -0.00155268  0.000443595 -0.000205226 
         1.5      -2.3016  -0.00168539  0.000498837 -0.000205162 
         1.5     -2.26334  -0.00182617  0.000559408 -0.000205102 
         1.5     -2.22406  -0.00197523  0.000625678 -0.000205045 
         1.5     -2.18376  -0.00213275  0.000698028 -0.000204995 
         1.5     -2.14244   -0.0022989  0.000776849 -0.000204952 
         1.5     -2.10009  -0.00247376  0.000862537 -0.000204919 
         1.5     -2.05673   -0.0026574  0.000955491 -0.000204898 
         1.5     -2.01235  -0.00284982    0.0010561 -0.000204893 
         1.5     -1.96694  -0.00305094   0.00116477 -0.000204908 
         1.5     -1.92052  -0.00326059   0.00128185 -0.000204946 
         1.5     -1.87308  -0.00347853   0.00140772 -0.000205012 
         1.5     -1.82461  -0.00370437   0.00154267 -0.000205112 
         1.5     -1.77513  -0.00393759   0.00168699 -0.000205251 
         1.5     -1.72462  -0.00417753   0.00184089 -0.000205436 
         1.5      -1.6731  -0.00442329   0.00200451 -0.000205675 
         1.5     -1.62055  -0.00467384   0.00217792 -0.000205976 
         1.5     -1.56699  -0.00492777   0.00236101 -0.000206347 
         1.5      -1.5124  -0.00518344   0.00255362 -0.000206798 
         1.5     -1.45679  -0.00543881   0.00275533 -0.000207339 
         1.5     -1.40017  -0.00569145   0.00296561 -0.000207979 
         1.5     -1.34252  -0.00593825   0.00318358 -0.000208728 
         1.5     -1.28385  -0.00617561   0.00340818 -0.000209596 
         1.5     -1.22416  -0.00639892   0.00363792 -0.000210591 
         1.5     -1.16346  -0.00660262   0.00387093 -0.000211719 
         1.5     -1.10173  -0.00677978   0.00410489 -0.000212984 
         1.5     -1.03898  -0.00692131   0.00433684 -0.000214385 
         1.5    -0.975211  -0.00701596   0.00456318 -0.000215919 
         1.5    -0.910422  -0.00704874   0.00477948 -0.000217573 
         1.5    -0.844613  -0.00699971   0.00498029 -0.000219327 
         1.5    -0.777783  -0.00684119   0.00515891 -0.000221148 
         1.5    -0.709933  -0.00653443    0.0053071 -0.000222991 
         1.5    -0.641062  -0.00602394   0.00541472 -0.000224793 
         1.5    -0.571172  -0.00522733   0.00546922 -0.000226468 
         1.5    -0.500261  -0.00402097   0.00545515 -0.000227908 
         1.5    -0.428329  -0.00221601   0.00535372 -0.000228972 
         1.5    -0.355378  0.000479964   0.00514284 -0.000229489 
         1.5    -0.281406   0.00452018   0.00479845 -0.000229264 
         1.5    -0.206414    0.0105937   0.00429876 -0.000228101 
         1.5    -0.130401    0.0197131   0.00363365 -0.000225865 
         1.5    -0.053368    0.0332577   0.00282151 -0.000222597 
         1.5     0.024685    0.0528531   0.00192973 -0.000218666 
         1.5     0.103758    0.0799078    0.0010823 -0.000214846 
         1.5     0.183852     0.114822   0.00042682 -0.000212106 
         1.5     0.264966     0.156302   4.3883e-05 -0.000211015 
         1.5       0.3471     0.201554 -0.000120249 -0.000211366 
         1.5     0.430255     0.248565 -0.000165437 -0.000212712 
         1.5      0.51443     0.296234 -0.000161586 -0.000214752 
         1.5     0.599625     0.343375 -0.000184024 -0.000217163 
         1.5     0.685841     0.390964 -0.000168932 -0.000220187 
         1.5     0.773076     0.438048 -0.000156919  -0.00022358 
         1.5     0.861332     0.484609 -0.000138043  -0.00022733 
         1.5     0.950609     0.530393 -0.000112568 -0.000231333 
         1.5      1.04091     0.575131 -8.07915e-05 -0.000235475 
         1.5      1.13222     0.618556 -4.32096e-05 -0.000239694 
         1.5      1.22456     0.660338 -4.51447e-07 -0.000243871 
         1.5      1.31792     0.700161   4.6605e-05  -0.00024789 
         1.5       1.4123     0.737817  9.70864e-05 -0.000251697 
         1.5      1.50769     0.773092  0.000150056 -0.000255233 
         1.5      1.60411     0.805758   0.00020451 -0.000258438 
         1.5      1.70155      0.83558   0.00025938 -0.000261247 
         1.5      1.80001     0.862371  0.000313483 -0.000263642 
         1.5      1.89949     0.886399  0.000365728 -0.000265557 
         1.5            2      0.90744  0.000416493 -0.000267099 
           2           -3 -4.23863e-11 -1.14646e-11 -0.000195554 
           2     -2.99949 -1.01585e-06  2.07092e-10 -0.000196298 
           2     -2.99796 -4.06997e-06  3.46513e-09 -0.000198393 
           2     -2.99541 -9.18455e-06  1.75862e-08 -0.000201445 
           2     -2.99184 -1.63912e-05  5.56305e-08 -0.000204858 
           2     -2.98725  -2.5737e-05  1.35943e-07 -0.000207935 
           2     -2.98163 -3.72846e-05  2.82245e-07  -0.00021001 
           2       -2.975  -5.1106e-05  5.23645e-07 -0.000210622 
           2     -2.96735 -6.72891e-05  8.94785e-07 -0.000209725 
           2     -2.95868 -8.59374e-05  1.43601e-06 -0.000207939 
           2     -2.94898 -0.000107164  2.19334e-06 -0.000206841 
           2     -2.93827 -0.000131098  3.21875e-06 -0.000209288 
           2     -2.92654 -0.000157882  4.57034e-06  -0.00020841 
           2     -2.91378 -0.000187675  6.31266e-06 -0.000208387 
           2     -2.90001 -0.000220645  8.51656e-06 -0.000208363 
           2     -2.88522 -0.000256977  1.12598e-05 -0.000208336 
           2      -2.8694 -0.000296872  1.46274e-05 -0.000208308 
           2     -2.85257  -0.00034054  1.87113e-05 -0.000208277 
           2     -2.83471 -0.000388206  2.36113e-05 -0.000208245 
           2     -2.81584 -0.000440112  2.94358e-05  -0.00020821 
           2     -2.79594 -0.000496509  3.63008e-05 -0.000208173 
           2     -2.77502 -0.000557662  4.43313e-05 -0.000208133 
           2     -2.75309 -0.000623852  5.36623e-05 -0.000208091 
           2     -2.73013 -0.000695363   6.4437e-05 -0.000208047 
           2     -2.70615 -0.000772503  7.68107e-05 -0.000208001 
           2     -2.68116 -0.000855583  9.09483e-05 -0.000207952 
           2     -2.65514 -0.000944922  0.000107025 -0.000207901 
           2      -2.6281  -0.00104085   0.00012523 -0.000207848 
           2     -2.60004   -0.0011437  0.000145761 -0.000207793 
           2     -2.57096  -0.00125381  0.000168832 -0.000207735 
           2     -2.54087  -0.00137153  0.000194668 -0.000207676 
           2     -2.50975  -0.00149721  0.000223508 -0.000207616 
           2     -2.47761  -0.00163118  0.000255603 -0.000207554 
           2     -2.44445  -0.00177377  0.000291219 -0.000207492 
           2     -2.41027  -0.00192532  0.000330636  -0.00020743 
           2     -2.37507  -0.00208612  0.000374145 -0.000207368 
           2     -2.33885  -0.00225648  0.000422054 -0.000207308 
           2      -2.3016  -0.00243664  0.000474679  -0.00020725 
           2     -2.26334  -0.00262685  0.000532351 -0.000207196 
           2     -2.22406  -0.00282727  0.000595404 -0.000207147 
           2     -2.18376  -0.00303804  0.000664186 -0.000207105 
           2     -2.14244  -0.00325925  0.000739049 -0.000207072 
           2     -2.10009  -0.00349086  0.000820341  -0.00020705 
           2     -2.05673   -0.0037328  0.000908413 -0.000207042 
           2     -2.01235  -0.00398485    0.0010036 -0.000207052 
           2     -1.96694  -0.00424668   0.00110623 -0.000207082 
           2     -1.92052  -0.00451781   0.00121661 -0.000207138 
           2     -1.87308  -0.00479759     0.001335 -0.000207222 
           2     -1.82461  -0.00508519   0.00146165 -0.000207342 
           2     -1.77513  -0.00537951   0.00159671 -0.000207502 
           2     -1.72462   -0.0056792   0.00174029 -0.000207708 
           2      -1.6731  -0.00598262    0.0018924 -0.000207967 
           2     -1.62055  -0.00628779   0.00205299 -0.000208287 
           2     -1.56699  -0.00659225   0.00222181 -0.000208673 
           2      -1.5124  -0.00689314    0.0023985 -0.000209135 
           2     -1.45679  -0.00718699   0.00258251  -0.00020968 
           2     -1.40017  -0.00746981   0.00277312 -0.000210314 
           2     -1.34252   -0.0077366   0.00296929 -0.000211045 
           2     -1.28385  -0.00798172   0.00316976 -0.000211878 
           2     -1.22416  -0.00819813   0.00337291 -0.000212816 
           2     -1.16346  -0.00837759   0.00357676 -0.000213863 
           2     -1.10173  -0.00851005   0.00377889 -0.000215016 
           2     -1.03898   -0.0085828   0.00397635 -0.000216271 
           2    -0.975211  -0.00858042   0.00416564 -0.000217617 
           2    -0.910422  -0.00848297   0.00434259  -0.00021904 
           2    -0.844613  -0.00826462   0.00450219 -0.000220516 
           2    -0.777783  -0.00789054   0.00463848 -0.000222013 
           2    -0.709933  -0.00731328   0.00474433 -0.000223489 
           2    -0.641062  -0.00646679   0.00481127 -0.000224891 
           2    -0.571172  -0.00525609   0.00482913 -0.000226149 
           2    -0.500261  -0.00354336    0.0047859 -0.000227181 
           2    -0.428329  -0.00112574   0.00466757 -0.000227885 
           2    -0.355378   0.00229797   0.00445857 -0.000228146 
           2    -0.281406   0.00717374   0.00414305  -0.00022784 
           2    -0.206414    0.0141477   0.00370826 -0.000226855 
           2    -0.130401     0.024124   0.00315091 -0.000225126 
           2    -0.053368    0.0382799   0.00248744 -0.000222699 
           2     0.024685    0.0579622   0.00176562  -0.00021981 
           2     0.103758     0.084354   0.00106861 -0.000216917 
           2     0.183852     0.117932  0.000498069 -0.000214603 
           2     0.264966     0.157896  0.000123058 -0.000213275 
           2       0.3471     0.202162 -6.30995e-05 -0.000212922 
           2     0.430255     0.248773  -0.00012615 -0.000213277 
           2      0.51443     0.296217 -0.000137333 -0.000214048 
           2     0.599625     0.343498 -0.000144225 -0.000215036 
           2     0.685841     0.390911 -0.000135672 -0.000216348 
           2     0.773076     0.437963 -0.000123321 -0.000217908 
           2     0.861332     0.484486 -0.000104909 -0.000219709 
           2     0.950609     0.530236 -8.04378e-05 -0.000221715 
           2      1.04091     0.574943  -5.0094e-05 -0.000223886 
           2      1.13222     0.618325 -1.44308e-05 -0.000226189 
           2      1.22456     0.660099  2.61131e-05 -0.000228573 
           2      1.31792     0.699952  7.07659e-05 -0.000230971 
           2       1.4123     0.737586  0.000118716 -0.000233338 
           2      1.50769     0.772812  0.000169057 -0.000235625 
           2      1.60411     0.805437  0.000220818 -0.000237781 
           2      1.70155     0.835209   0.00027272 -0.000239758 
           2      1.80001     0.862186    0.0003247 -0.000241454 
           2      1.89949     0.886131  0.000374658 -0.000242888 
           2            2     0.907157  0.000422192 -0.000244045 
         2.5           -3 -5.69777e-11 -1.63971e-11 -0.000237138 
         2.5     -2.99949 -1.41033e-06  1.67935e-10 -0.000235626 
         2.5     -2.99796 -5.64872e-06  2.90344e-09 -0.000231372 
         2.5     -2.99541 -1.27408e-05  1.47541e-08 -0.000225173 
         2.5     -2.99184 -2.27219e-05   4.6686e-08 -0.000218236 
         2.5     -2.98725 -3.56451e-05  1.14121e-07 -0.000211977 
         2.5     -2.98163 -5.15821e-05  2.37032e-07 -0.000207743 
         2.5       -2.975  -7.0614e-05  4.39973e-07 -0.000206471 
         2.5     -2.96735 -9.28406e-05  7.52236e-07 -0.000208252 
         2.5     -2.95868  -0.00011838  1.20803e-06 -0.000211829 
         2.5     -2.94898  -0.00014736  1.84646e-06 -0.000214007 
         2.5     -2.93827 -0.000179929  2.71187e-06 -0.000208994 
         2.5     -2.92654 -0.000216249  3.85404e-06 -0.000210716 
         2.5     -2.91378 -0.000256503  5.32845e-06 -0.000210697 
         2.5     -2.90001 -0.000300883  7.19629e-06 -0.000210676 
         2.5     -2.88522 -0.000349602  9.52505e-06 -0.000210653 
         2.5      -2.8694  -0.00040289  1.23889e-05 -0.000210629 
         2.5     -2.85257 -0.000460991  1.58685e-05 -0.000210603 
         2.5     -2.83471 -0.000524164  2.00518e-05 -0.000210574 
         2.5     -2.81584 -0.000592691  2.50351e-05 -0.000210544 
         2.5     -2.79594 -0.000666862  3.09218e-05 -0.000210511 
         2.5     -2.77502 -0.000746985  3.78243e-05 -0.000210477 
         2.5     -2.75309 -0.000833389  4.58647e-05  -0.00021044 
         2.5     -2.73013 -0.000926405  5.51733e-05 -0.000210402 
         2.5     -2.70615  -0.00102639  6.58922e-05 -0.000210361 
         2.5     -2.68116  -0.00113371  7.81738e-05 -0.000210317 
         2.5     -2.65514  -0.00124874   9.2181e-05 -0.000210272 
         2.5      -2.6281  -0.00137187  0.000108089 -0.000210225 
         2.5     -2.60004  -0.00150348  0.000126087 -0.000210175 
         2.5     -2.57096  -0.00164397  0.000146374 -0.000210124 
         2.5     -2.54087  -0.00179374  0.000169167 -0.000210072 
         2.5     -2.50975   -0.0019532  0.000194695 -0.000210017 
         2.5     -2.47761  -0.00212273  0.000223198 -0.000209962 
         2.5     -2.44445  -0.00230271  0.000254937 -0.000209907 
         2.5     -2.41027   -0.0024935  0.000290183 -0.000209852 
         2.5     -2.37507  -0.00269544  0.000329222 -0.000209797 
         2.5     -2.33885  -0.00290884  0.000372357 -0.000209744 
         2.5      -2.3016  -0.00313397  0.000419903 -0.000209694 
         2.5     -2.26334  -0.00337103  0.000472185 -0.000209648 
         2.5     -2.22406  -0.00362017  0.000529538 -0.000209608 
         2.5     -2.18376  -0.00388146   0.00059231 -0.000209574 
         2.5     -2.14244  -0.00415487  0.000660851 -0.000209551 
         2.5     -2.10009  -0.00444026  0.000735511 -0.000209539 
         2.5     -2.05673  -0.00473735  0.000816639 -0.000209542 
         2.5     -2.01235  -0.00504569  0.000904571 -0.000209563 
         2.5     -1.96694  -0.00536468  0.000999631 -0.000209606 
         2.5     -1.92052  -0.00569345   0.00110211 -0.000209674 
         2.5     -1.87308  -0.00603094   0.00121228 -0.000209772 
         2.5     -1.82461  -0.00637576   0.00133034 -0.000209905 
         2.5     -1.77513  -0.00672621   0.00145645 -0.000210078 
         2.5     -1.72462   -0.0070802   0.00159068 -0.000210298 
         2.5      -1.6731  -0.00743522   0.00173301  -0.00021057 
         2.5     -1.62055  -0.00778835   0.00188332 -0.000210901 
         2.5     -1.56699  -0.00813596    0.0020413 -0.000211297 
         2.5      -1.5124  -0.00847394   0.00220654 -0.000211764 
         2.5     -1.45679  -0.00879737   0.00237839  -0.00021231 
         2.5     -1.40017  -0.00910066   0.00255605 -0.000212939 
         2.5     -1.34252    -0.009377   0.00273837 -0.000213656 
         2.5     -1.28385  -0.00961878   0.00292401 -0.000214465 
         2.5     -1.22416  -0.00981673   0.00311125 -0.000215367 
         2.5     -1.16346  -0.00996014   0.00329803 -0.000216361 
         2.5     -1.10173   -0.0100363   0.00348188 -0.000217443 
         2.5     -1.03898   -0.0100293   0.00365985 -0.000218607 
         2.5    -0.975211  -0.00992032   0.00382851 -0.000219839 
         2.5    -0.910422  -0.00968552   0.00398383 -0.000221123 
         2.5    -0.844613  -0.00929446   0.00412109 -0.000222435 
         2.5    -0.777783  -0.00870698   0.00423481 -0.000223744 
         2.5    -0.709933  -0.00786935   0.00431861 -0.000225012 
         2.5    -0.641062  -0.00670825   0.00436507  -0.00022619 
         2.5    -0.571172  -0.00512056    0.0043656 -0.000227222 
         2.5    -0.500261  -0.00296005   0.00431038  -0.00022804 
         2.5    -0.428329 -1.70634e-05   0.00418841 -0.000228567 
         2.5    -0.355378   0.00401076     0.003988 -0.000228719 
         2.5    -0.281406   0.00955713   0.00369804  -0.00022841 
         2.5    -0.206414    0.0172297    0.0033106 -0.000227571 
         2.5    -0.130401    0.0278509   0.00282557 -0.000226167 
         2.5    -0.053368    0.0424589   0.00225758 -0.000224246 
         2.5     0.024685    0.0622179   0.00164339 -0.000221975 
         2.5     0.103758    0.0881604   0.00104431 -0.000219665 
         2.5     0.183852     0.120781  0.000536107 -0.000217708 
         2.5     0.264966     0.159612  0.000177742 -0.000216411 
         2.5       0.3471     0.202909 -2.25688e-05 -0.000215825 
         2.5     0.430255     0.248819 -0.000108882 -0.000215762 
         2.5      0.51443     0.296206 -0.000123949 -0.000216057 
         2.5     0.599625     0.343841 -0.000113937 -0.000216535 
         2.5     0.685841     0.390893 -0.000118194 -0.000217053 
         2.5     0.773076     0.437872 -0.000107366 -0.000217738 
         2.5     0.861332     0.484372 -8.87174e-05 -0.000218555 
         2.5     0.950609     0.530098 -6.42262e-05 -0.000219485 
         2.5      1.04091     0.574762 -3.41398e-05 -0.000220519 
         2.5      1.13222     0.618102  1.02175e-06 -0.000221632 
         2.5      1.22456     0.659844  4.06929e-05 -0.000222797 
         2.5      1.31792     0.699696  8.42617e-05 -0.000223984 
         2.5       1.4123     0.737353  0.000131067 -0.000225162 
         2.5      1.50769     0.772576  0.000180139  -0.00022628 
         2.5      1.60411     0.805131  0.000230309 -0.000227365 
         2.5      1.70155      0.83513  0.000281754 -0.000228328 
         2.5      1.80001     0.862025   0.00033177 -0.000229118 
         2.5      1.89949     0.885911  0.000379783 -0.000229725 
         2.5            2     0.906905  0.000425479 -0.000230136 
           3           -3 -7.06776e-11 -1.95292e-11  -0.00022439 
           3     -2.99949 -1.71241e-06   1.0496e-10  -0.00022376 
           3     -2.99796 -6.85811e-06  1.93759e-09 -0.000221985 
           3     -2.99541 -1.54666e-05  9.87399e-09   -0.0002194 
           3     -2.99184 -2.75782e-05  3.12816e-08 -0.000216506 
           3     -2.98725 -4.32537e-05  7.65713e-08 -0.000213895 
           3     -2.98163 -6.25756e-05  1.59311e-07 -0.000212127 
           3       -2.975 -8.56367e-05  2.96313e-07 -0.000211594 
           3     -2.96735 -0.000112552   5.0781e-07 -0.000212334 
           3     -2.95868 -0.000143457  8.17676e-07 -0.000213822 
           3     -2.94898   -0.0001785  1.25353e-06 -0.000214726 
           3     -2.93827  -0.00021785  1.84704e-06 -0.000212632 
           3     -2.92654 -0.000261697  2.63431e-06 -0.000213345 
           3     -2.91378 -0.000310251   3.6561e-06 -0.000213331 
           3     -2.90001 -0.000363737  4.95809e-06 -0.000213316 
           3     -2.88522 -0.000422401  6.59148e-06 -0.000213299 
           3      -2.8694 -0.000486513  8.61338e-06 -0.000213281 
           3     -2.85257 -0.000556356  1.10871e-05 -0.000213262 
           3     -2.83471 -0.000632236  1.40827e-05  -0.00021324 
           3     -2.81584 -0.000714483  1.76783e-05 -0.000213217 
           3     -2.79594 -0.000803437  2.19594e-05 -0.000213192 
           3     -2.77502 -0.000899465  2.70203e-05 -0.000213165 
           3     -2.75309  -0.00100295  3.29654e-05 -0.000213136 
           3     -2.73013   -0.0011143  3.99081e-05 -0.000213105 
           3     -2.70615  -0.00123392  4.79742e-05 -0.000213072 
           3     -2.68116  -0.00136225  5.73007e-05 -0.000213037 
           3     -2.65514  -0.00149975  6.80368e-05 -0.000212999 
           3      -2.6281  -0.00164686  8.03457e-05  -0.00021296 
           3     -2.60004  -0.00180406   9.4405e-05 -0.000212918 
           3     -2.57096  -0.00197182  0.000110408 -0.000212875 
           3     -2.54087  -0.00215063  0.000128563  -0.00021283 
           3     -2.50975  -0.00234095  0.000149097 -0.000212783 
           3     -2.47761  -0.00254324  0.000172253 -0.000212736 
           3     -2.44445  -0.00275796  0.000198292 -0.000212687 
           3     -2.41027  -0.00298553  0.000227496 -0.000212639 
           3     -2.37507  -0.00322633   0.00026016 -0.000212591 
           3     -2.33885  -0.00348072  0.000296604 -0.000212545 
           3      -2.3016  -0.00374899  0.000337161 -0.000212502 
           3     -2.26334  -0.00403134  0.000382182 -0.000212462 
           3     -2.22406  -0.00432789   0.00043203 -0.000212428 
           3     -2.18376  -0.00463865  0.000487084 -0.000212401 
           3     -2.14244  -0.00496352   0.00054773 -0.000212384 
           3     -2.10009  -0.00530219  0.000614354 -0.000212378 
           3     -2.05673   -0.0056542  0.000687349 -0.000212387 
           3     -2.01235  -0.00601885  0.000767087 -0.000212415 
           3     -1.96694   -0.0063952  0.000853935 -0.000212464 
           3     -1.92052  -0.00678199   0.00094822 -0.000212538 
           3     -1.87308  -0.00717764   0.00105024 -0.000212643 
           3     -1.82461  -0.00758019   0.00116024 -0.000212783 
           3     -1.77513  -0.00798721   0.00127839 -0.000212964 
           3     -1.72462   -0.0083958   0.00140475  -0.00021319 
           3      -1.6731  -0.00880249   0.00153932 -0.000213469 
           3     -1.62055  -0.00920328   0.00168195 -0.000213805 
           3     -1.56699   -0.0095933   0.00183231 -0.000214206 
           3      -1.5124  -0.00996708   0.00198992 -0.000214676 
           3     -1.45679   -0.0103182   0.00215409 -0.000215222 
           3     -1.40017   -0.0106393   0.00232391 -0.000215848 
           3     -1.34252   -0.0109219   0.00249816 -0.000216556 
           3     -1.28385   -0.0111564    0.0026754 -0.000217351 
           3     -1.22416   -0.0113313   0.00285381 -0.000218231 
           3     -1.16346   -0.0114337   0.00303126 -0.000219194 
           3     -1.10173   -0.0114483    0.0032052 -0.000220234 
           3     -1.03898   -0.0113567   0.00337266 -0.000221343 
           3    -0.975211    -0.011137   0.00353023 -0.000222508 
           3    -0.910422   -0.0107622   0.00367398 -0.000223709 
           3    -0.844613   -0.0101981    0.0037994 -0.000224923 
           3    -0.777783  -0.00940062   0.00390133 -0.000226121 
           3    -0.709933  -0.00831141   0.00397392 -0.000227266 
           3    -0.641062  -0.00685207   0.00401052 -0.000228315 
           3    -0.571172  -0.00491426   0.00400363 -0.000229219 
           3    -0.500261  -0.00234699   0.00394495 -0.000229919 
           3    -0.428329   0.00106204    0.0038255 -0.000230355 
           3    -0.355378   0.00561237   0.00363615 -0.000230461 
           3    -0.281406    0.0117237   0.00336876 -0.000230176 
           3    -0.206414      0.01997   0.00301831 -0.000229452 
           3    -0.130401    0.0311085   0.00258635 -0.000228274 
           3    -0.053368     0.046075   0.00208606 -0.000226686 
           3     0.024685    0.0659032   0.00154721 -0.000224817 
           3     0.103758    0.0915163   0.00101783 -0.000222893 
           3     0.183852     0.123407   0.00055747 -0.000221196 
           3     0.264966     0.161383  0.000217585 -0.000219981 
           3       0.3471     0.203882  1.31184e-05 -0.000219324 
           3     0.430255      0.24895 -9.51548e-05 -0.000219034 
           3      0.51443     0.296007 -0.000123796 -0.000219047 
           3     0.599625     0.343313 -0.000129378 -0.000219171 
           3     0.685841     0.390815 -0.000112904 -0.000219398 
           3     0.773076     0.437941 -9.27356e-05 -0.000219663 
           3     0.861332     0.484077 -8.85838e-05 -0.000219899 
           3     0.950609     0.529938 -5.68554e-05  -0.00022027 
           3      1.04091      0.57459 -2.70051e-05  -0.00022064 
           3      1.13222     0.617907  7.81199e-06 -0.000221011 
           3      1.22456     0.659667  4.71234e-05 -0.000221406 
           3      1.31792     0.699449  9.01997e-05 -0.000221778 
           3       1.4123     0.737056  0.000136261  -0.00022211 
           3      1.50769     0.772285  0.000184469 -0.000222381 
           3      1.60411     0.804922  0.000233929  -0.00022257 
           3      1.70155      0.83469  0.000283397 -0.000222649 
           3      1.80001     0.861687  0.000332769 -0.000222618 
           3      1.89949     0.885658   0.00038011  -0.00022244 
           3            2     0.906716  0.000425022 -0.000222105 
         3.5           -3 -7.49435e-11 -2.07884e-11 -8.86078e-05 
         3.5     -2.99949 -1.86782e-06  1.42193e-11 -9.59464e-05 
         3.5     -2.99796 -7.48141e-06  5.03463e-10 -0.000116603 
         3.5     -2.99541 -1.68756e-05  2.62261e-09 -0.000146699 
         3.5     -2.99184 -3.00987e-05  8.40273e-09 -0.000180369 
         3.5     -2.98725 -4.72234e-05  2.08402e-08 -0.000210745 
         3.5     -2.98163 -6.83476e-05  4.40546e-08 -0.000231273 
         3.5       -2.975 -9.35827e-05  8.34744e-08 -0.000237404 
         3.5     -2.96735 -0.000123066  1.46086e-07 -0.000228693 
         3.5     -2.95868 -0.000156959  2.40727e-07 -0.000211253 
         3.5     -2.94898 -0.000195439  3.78385e-07 -0.000200602 
         3.5     -2.93827 -0.000238711  5.72596e-07 -0.000224875 
         3.5     -2.92654 -0.000287001  8.39958e-07 -0.000216419 
         3.5     -2.91378 -0.000340561  1.20052e-06 -0.000216413 
         3.5     -2.90001 -0.000399663  1.67834e-06 -0.000216407 
         3.5     -2.88522 -0.000464604  2.30219e-06 -0.000216399 
         3.5      -2.8694 -0.000535709  3.10613e-06  -0.00021639 
         3.5     -2.85257 -0.000613321  4.13017e-06 -0.000216379 
         3.5     -2.83471 -0.000697812  5.42118e-06 -0.000216367 
         3.5     -2.81584 -0.000789582  7.03382e-06 -0.000216354 
         3.5     -2.79594 -0.000889048  9.03122e-06 -0.000216339 
         3.5     -2.77502 -0.000996656   1.1486e-05 -0.000216322 
         3.5     -2.75309  -0.00111288  1.44819e-05 -0.000216303 
         3.5     -2.73013   -0.0012382  1.81135e-05 -0.000216282 
         3.5     -2.70615  -0.00137315  2.24895e-05 -0.000216258 
         3.5     -2.68116  -0.00151826  2.77321e-05 -0.000216233 
         3.5     -2.65514  -0.00167407  3.39788e-05 -0.000216205 
         3.5      -2.6281  -0.00184117  4.13844e-05 -0.000216175 
         3.5     -2.60004  -0.00202013  5.01213e-05 -0.000216142 
         3.5     -2.57096  -0.00221153  6.03816e-05 -0.000216107 
         3.5     -2.54087    -0.002416  7.23787e-05  -0.00021607 
         3.5     -2.50975   -0.0026341   8.6347e-05 -0.000216031 
         3.5     -2.47761  -0.00286641  0.000102544 -0.000215991 
         3.5     -2.44445  -0.00311349  0.000121251 -0.000215949 
         3.5     -2.41027  -0.00337588  0.000142775 -0.000215906 
         3.5     -2.37507  -0.00365404  0.000167445 -0.000215863 
         3.5     -2.33885   -0.0039484  0.000195619 -0.000215821 
         3.5      -2.3016  -0.00425931  0.000227676 -0.000215782 
         3.5     -2.26334    -0.004587  0.000264017 -0.000215745 
         3.5     -2.22406  -0.00493157  0.000305064 -0.000215713 
         3.5     -2.18376    -0.005293  0.000351256 -0.000215688 
         3.5     -2.14244  -0.00567109   0.00040305 -0.000215671 
         3.5     -2.10009  -0.00606537  0.000460899 -0.000215666 
         3.5     -2.05673  -0.00647517  0.000525268 -0.000215675 
         3.5     -2.01235  -0.00689949  0.000596601 -0.000215701 
         3.5     -1.96694    -0.007337  0.000675333 -0.000215749 
         3.5     -1.92052  -0.00778596  0.000761854 -0.000215822 
         3.5     -1.87308  -0.00824421  0.000856521 -0.000215925 
         3.5     -1.82461  -0.00870906  0.000959622 -0.000216062 
         3.5     -1.77513  -0.00917725   0.00107135  -0.00021624 
         3.5     -1.72462  -0.00964492    0.0011918 -0.000216463 
         3.5      -1.6731   -0.0101075   0.00132094 -0.000216738 
         3.5     -1.62055   -0.0105597   0.00145861 -0.000217071 
         3.5     -1.56699   -0.0109953   0.00160442 -0.000217466 
         3.5      -1.5124   -0.0114074   0.00175784  -0.00021793 
         3.5     -1.45679   -0.0117878   0.00191807 -0.000218467 
         3.5     -1.40017   -0.0121275   0.00208409 -0.000219082 
         3.5     -1.34252   -0.0124162   0.00225457 -0.000219777 
         3.5     -1.28385   -0.0126422   0.00242794 -0.000220553 
         3.5     -1.22416   -0.0127922   0.00260227  -0.00022141 
         3.5     -1.16346    -0.012851   0.00277529 -0.000222345 
         3.5     -1.10173   -0.0128013   0.00294442  -0.00022335 
         3.5     -1.03898   -0.0126222   0.00310665 -0.000224416 
         3.5    -0.975211   -0.0122895    0.0032586 -0.000225529 
         3.5    -0.910422   -0.0117734   0.00339643 -0.000226671 
         3.5    -0.844613   -0.0110371   0.00351584 -0.000227818 
         3.5    -0.777783   -0.0100332   0.00361199 -0.000228941 
         3.5    -0.709933  -0.00869993   0.00367944 -0.000230006 
         3.5    -0.641062  -0.00695549   0.00371218 -0.000230974 
         3.5    -0.571172  -0.00468812   0.00370353   -0.0002318 
         3.5    -0.500261  -0.00174442   0.00364627 -0.000232433 
         3.5    -0.428329   0.00208797   0.00353281 -0.000232821 
         3.5    -0.355378   0.00710362   0.00335578 -0.000232912 
         3.5    -0.281406    0.0137078   0.00310899 -0.000232659 
         3.5    -0.206414    0.0224441   0.00278919 -0.000232029 
         3.5    -0.130401    0.0340171   0.00239889 -0.000231016 
         3.5    -0.053368    0.0492821   0.00195005  -0.00022966 
         3.5     0.024685    0.0691746   0.00146771 -0.000228068 
         3.5     0.103758    0.0945348  0.000991115 -0.000226412 
         3.5     0.183852     0.125846  0.000568883 -0.000224917 
         3.5     0.264966     0.162994   0.00024493 -0.000223774 
         3.5       0.3471     0.204795  3.63377e-05 -0.000223046 
         3.5     0.430255     0.249344 -7.70012e-05  -0.00022265 
         3.5      0.51443     0.295861 -0.000118924   -0.0002225 
         3.5     0.599625     0.343314 -0.000122584 -0.000222483 
         3.5     0.685841     0.390639  -0.00011487 -0.000222464 
         3.5     0.773076       0.4378  -9.4345e-05 -0.000222478 
         3.5     0.861332     0.484305 -7.21444e-05 -0.000222488 
         3.5     0.950609     0.529625 -6.02105e-05 -0.000222455 
         3.5      1.04091     0.574428 -2.52546e-05  -0.00022245 
         3.5      1.13222     0.617772  9.26578e-06 -0.000222389 
         3.5      1.22456     0.659419  4.82009e-05 -0.000222283 
         3.5      1.31792     0.699159  9.08227e-05 -0.000222118 
         3.5       1.4123     0.736775  0.000136347 -0.000221877 
         3.5      1.50769     0.772038  0.000183932 -0.000221544 
         3.5      1.60411      0.80471  0.000232678 -0.000221101 
         3.5      1.70155     0.834542  0.000281625  -0.00022053 
         3.5      1.80001     0.861411  0.000329802 -0.000219608 
         3.5      1.89949     0.885444  0.000376506 -0.000218912 
         3.5            2     0.906549  0.000420835  -0.00021793 
           4           -3 -7.29161e-11 -2.06021e-11 -0.000261953 
           4     -2.99949  -1.8177e-06 -1.05642e-10 -0.000259554 
           4     -2.99796 -7.28364e-06 -1.41497e-09 -0.000252801 
           4     -2.99541 -1.64406e-05 -7.07937e-09 -0.000242962 
           4     -2.99184 -2.93506e-05 -2.21968e-08 -0.000231956 
           4     -2.98725 -4.61052e-05 -5.36597e-08 -0.000222027 
           4     -2.98163 -6.68266e-05 -1.09921e-07 -0.000215318 
           4       -2.975 -9.16564e-05 -2.00655e-07 -0.000213316 
           4     -2.96735 -0.000120767 -3.36388e-07 -0.000216168 
           4     -2.95868 -0.000154363  -5.2807e-07 -0.000221873 
           4     -2.94898 -0.000192668 -7.86484e-07 -0.000225359 
           4     -2.93827  -0.00023594 -1.12171e-06 -0.000217426 
           4     -2.92654 -0.000284463 -1.54231e-06 -0.000220194 
           4     -2.91378 -0.000338559 -2.05481e-06 -0.000220198 
           4     -2.90001 -0.000398568 -2.66254e-06 -0.000220202 
           4     -2.88522 -0.000464867 -3.36488e-06 -0.000220205 
           4      -2.8694 -0.000537868 -4.15633e-06 -0.000220207 
           4     -2.85257 -0.000618006 -5.02518e-06 -0.000220209 
           4     -2.83471 -0.000705752 -5.95248e-06 -0.000220209 
           4     -2.81584 -0.000801615 -6.91072e-06 -0.000220207 
           4     -2.79594 -0.000906123 -7.86233e-06 -0.000220204 
           4     -2.77502  -0.00101985  -8.7585e-06 -0.000220199 
           4     -2.75309  -0.00114339 -9.53729e-06 -0.000220192 
           4     -2.73013  -0.00127737 -1.01222e-05 -0.000220183 
           4     -2.70615  -0.00142246 -1.04203e-05 -0.000220171 
           4     -2.68116  -0.00157934 -1.03207e-05 -0.000220157 
           4     -2.65514  -0.00174873 -9.69227e-06 -0.000220139 
           4      -2.6281  -0.00193135 -8.38217e-06 -0.000220119 
           4     -2.60004  -0.00212795 -6.21374e-06 -0.000220096 
           4     -2.57096   -0.0023393 -2.98471e-06 -0.000220069 
           4     -2.54087  -0.00256617   1.5351e-06 -0.000220039 
           4     -2.50975  -0.00280933  7.60446e-06 -0.000220007 
           4     -2.47761   -0.0030695  1.55133e-05 -0.000219972 
           4     -2.44445  -0.00334742  2.55823e-05 -0.000219934 
           4     -2.41027  -0.00364377  3.81675e-05 -0.000219895 
           4     -2.37507  -0.00395915  5.36549e-05 -0.000219854 
           4     -2.33885  -0.00429411  7.24665e-05 -0.000219813 
           4      -2.3016  -0.00464907  9.50558e-05 -0.000219772 
           4     -2.26334  -0.00502433  0.000121904 -0.000219733 
           4     -2.22406     -0.00542  0.000153521 -0.000219697 
           4     -2.18376  -0.00583599  0.000190439 -0.000219667 
           4     -2.14244    -0.006272  0.000233212 -0.000219643 
           4     -2.10009  -0.00672736  0.000282391  -0.00021963 
           4     -2.05673  -0.00720115  0.000338541 -0.000219629 
           4     -2.01235  -0.00769195    0.0004022 -0.000219644 
           4     -1.96694  -0.00819796  0.000473892 -0.000219679 
           4     -1.92052  -0.00871682  0.000554084 -0.000219737 
           4     -1.87308  -0.00924562  0.000643196 -0.000219824 
           4     -1.82461  -0.00978078  0.000741564 -0.000219943 
           4     -1.77513    -0.010318  0.000849395 -0.000220101 
           4     -1.72462   -0.0108522  0.000966784 -0.000220303 
           4      -1.6731   -0.0113775   0.00109366 -0.000220554 
           4     -1.62055   -0.0118872    0.0012298  -0.00022086 
           4     -1.56699   -0.0123735   0.00137471 -0.000221227 
           4      -1.5124   -0.0128276   0.00152771 -0.000221659 
           4     -1.45679   -0.0132398   0.00168784 -0.000222161 
           4     -1.40017   -0.0135992    0.0018539 -0.000222737 
           4     -1.34252   -0.0138936   0.00202435 -0.000223388 
           4     -1.28385   -0.0141095   0.00219741 -0.000224116 
           4     -1.22416   -0.0142318   0.00237096 -0.000224918 
           4     -1.16346   -0.0142436   0.00254261 -0.000225793 
           4     -1.10173   -0.0141257   0.00270964 -0.000226732 
           4     -1.03898   -0.0138554   0.00286904 -0.000227726 
           4    -0.975211   -0.0134069   0.00301749 -0.000228762 
           4    -0.910422   -0.0127483   0.00315134 -0.000229823 
           4    -0.844613   -0.0118407   0.00326657 -0.000230886 
           4    -0.777783   -0.0106342   0.00335876 -0.000231925 
           4    -0.709933  -0.00906469   0.00342302 -0.000232908 
           4    -0.641062  -0.00704753   0.00345394 -0.000233799 
           4    -0.571172  -0.00446877   0.00344562 -0.000234556 
           4    -0.500261  -0.00117381   0.00339171 -0.000235136 
           4    -0.428329   0.00304843   0.00328566 -0.000235492 
           4    -0.355378   0.00848641   0.00312124 -0.000235579 
           4    -0.281406    0.0155311   0.00289348 -0.000235358 
           4    -0.206414    0.0246989   0.00260023 -0.000234804 
           4    -0.130401    0.0366493   0.00224438 -0.000233917 
           4    -0.053368     0.052173   0.00183685 -0.000232735 
           4     0.024685    0.0721276   0.00139924 -0.000231345 
           4     0.103758    0.0972877  0.000964588  -0.00022989 
           4     0.183852     0.128124   0.00057388 -0.000228542 
           4     0.264966     0.164656  0.000265004 -0.000227474 
           4       0.3471     0.205833  5.94715e-05 -0.000226755 
           4     0.430255      0.24979 -6.28898e-05 -0.000226307 
           4      0.51443     0.295821 -0.000118556 -0.000226067 
           4     0.599625     0.343166 -0.000125413 -0.000225967 
           4     0.685841     0.391007 -0.000102799 -0.000225932 
           4     0.773076     0.437644 -9.67348e-05 -0.000225804 
           4     0.861332     0.484204 -7.17531e-05 -0.000225672 
           4     0.950609     0.529744 -5.10088e-05 -0.000225477 
           4      1.04091     0.574176 -2.62488e-05  -0.00022522 
           4      1.13222     0.617541  7.70149e-06 -0.000224905 
           4      1.22456     0.659216  4.59911e-05 -0.000224497 
           4      1.31792      0.69901  8.80473e-05 -0.000224055 
           4       1.4123     0.736585  0.000132903 -0.000223455 
           4      1.50769     0.771759   0.00017974 -0.000222717 
           4      1.60411     0.804371  0.000227719 -0.000221837 
           4      1.70155     0.834254  0.000275946 -0.000220809 
           4      1.80001     0.861236  0.000323468 -0.000219629 
           4      1.89949     0.885136  0.000369275 -0.000218292 
           4            2     0.906338  0.000412922 -0.000216671 
         4.5           -3 -7.76165e-11 -2.02138e-11  -8.2225e-05 
         4.5     -2.99949  -1.5028e-06  -2.5541e-10 -9.04201e-05 
         4.5     -2.99796 -6.02827e-06 -3.81408e-09 -0.000113488 
         4.5     -2.99541 -1.36314e-05   -1.921e-08 -0.000147098 
         4.5     -2.99184  -2.4396e-05 -6.04442e-08   -0.0001847 
         4.5     -2.98725 -3.84436e-05  -1.4674e-07 -0.000218626 
         4.5     -2.98163 -5.59344e-05   -3.022e-07 -0.000241559 
         4.5       -2.975 -7.70578e-05 -5.55243e-07 -0.000248418 
         4.5     -2.96735 -0.000102042 -9.38073e-07 -0.000238707 
         4.5     -2.95868 -0.000131156 -1.48603e-06 -0.000219251 
         4.5     -2.94898 -0.000164698 -2.23662e-06 -0.000207377 
         4.5     -2.93827 -0.000203008 -3.22872e-06   -0.0002345 
         4.5     -2.92654 -0.000246464 -4.50144e-06 -0.000225081 
         4.5     -2.91378 -0.000295487 -6.09321e-06 -0.000225097 
         4.5     -2.90001  -0.00035053 -8.04004e-06 -0.000225114 
         4.5     -2.88522 -0.000412089 -1.03745e-05  -0.00022513 
         4.5      -2.8694 -0.000480708 -1.31242e-05 -0.000225146 
         4.5     -2.85257 -0.000556962 -1.63099e-05 -0.000225162 
         4.5     -2.83471 -0.000641473 -1.99439e-05 -0.000225176 
         4.5     -2.81584 -0.000734909 -2.40283e-05 -0.000225189 
         4.5     -2.79594 -0.000837972 -2.85526e-05   -0.0002252 
         4.5     -2.77502 -0.000951411  -3.3492e-05 -0.000225209 
         4.5     -2.75309  -0.00107602 -3.88051e-05 -0.000225215 
         4.5     -2.73013  -0.00121262 -4.44309e-05 -0.000225219 
         4.5     -2.70615  -0.00136209 -5.02877e-05 -0.000225219 
         4.5     -2.68116  -0.00152535 -5.62695e-05 -0.000225217 
         4.5     -2.65514  -0.00170331 -6.22433e-05  -0.00022521 
         4.5      -2.6281  -0.00189696 -6.80473e-05   -0.0002252 
         4.5     -2.60004  -0.00210727 -7.34881e-05 -0.000225185 
         4.5     -2.57096  -0.00233526 -7.83379e-05 -0.000225166 
         4.5     -2.54087  -0.00258194 -8.23317e-05 -0.000225143 
         4.5     -2.50975  -0.00284832 -8.51668e-05 -0.000225115 
         4.5     -2.47761  -0.00313538 -8.64973e-05 -0.000225083 
         4.5     -2.44445  -0.00344405 -8.59388e-05 -0.000225047 
         4.5     -2.41027  -0.00377524 -8.30582e-05 -0.000225007 
         4.5     -2.37507  -0.00412972 -7.73836e-05 -0.000224964 
         4.5     -2.33885  -0.00450823 -6.83961e-05 -0.000224918 
         4.5      -2.3016  -0.00491128 -5.55351e-05 -0.000224871 
         4.5     -2.26334  -0.00533922 -3.82055e-05 -0.000224823 
         4.5     -2.22406  -0.00579218 -1.57726e-05 -0.000224777 
         4.5     -2.18376     -0.00627  1.24207e-05 -0.000224732 
         4.5     -2.14244  -0.00677222  4.70642e-05 -0.000224693 
         4.5     -2.10009  -0.00729788  8.88347e-05  -0.00022466 
         4.5     -2.05673   -0.0078457  0.000138432 -0.000224637 
         4.5     -2.01235  -0.00841373  0.000196509 -0.000224627 
         4.5     -1.96694   -0.0089995  0.000263703 -0.000224633 
         4.5     -1.92052  -0.00959983  0.000340565 -0.000224659 
         4.5     -1.87308   -0.0102108  0.000427588 -0.000224709 
         4.5     -1.82461   -0.0108277  0.000525145 -0.000224788 
         4.5     -1.77513   -0.0114448  0.000633439 -0.000224901 
         4.5     -1.72462   -0.0120557  0.000752526 -0.000225053 
         4.5      -1.6731   -0.0126526  0.000882246 -0.000225248 
         4.5     -1.62055   -0.0132271   0.00102224 -0.000225491 
         4.5     -1.56699   -0.0137695    0.0011718 -0.000225788 
         4.5      -1.5124   -0.0142692   0.00133001 -0.000226143 
         4.5     -1.45679   -0.0147142    0.0014956 -0.000226559 
         4.5     -1.40017   -0.0150919   0.00166703 -0.000227039 
         4.5     -1.34252   -0.0153883   0.00184239 -0.000227585 
         4.5     -1.28385   -0.0155881   0.00201951 -0.000228196 
         4.5     -1.22416   -0.0156749   0.00219591 -0.000228872 
         4.5     -1.16346   -0.0156305   0.00236887 -0.000229608 
         4.5     -1.10173   -0.0154348   0.00253545   -0.0002304 
         4.5     -1.03898   -0.0150642   0.00269256 -0.000231238 
         4.5    -0.975211   -0.0144921   0.00283693 -0.000232112 
         4.5    -0.910422   -0.0136858   0.00296517 -0.000233008 
         4.5    -0.844613   -0.0126052   0.00307374 -0.000233907 
         4.5    -0.777783   -0.0111992   0.00315887 -0.000234787 
         4.5    -0.709933  -0.00940148   0.00321652 -0.000235624 
         4.5    -0.641062  -0.00712537   0.00324225 -0.000236385 
         4.5    -0.571172  -0.00425484   0.00323116 -0.000237035 
         4.5    -0.500261 -0.000634191   0.00317791 -0.000237535 
         4.5    -0.428329   0.00394633    0.0030769 -0.000237843 
         4.5    -0.355378   0.00976925   0.00292277 -0.000237918 
         4.5    -0.281406     0.017212   0.00271128 -0.000237726 
         4.5    -0.206414    0.0267664   0.00244072 -0.000237245 
         4.5    -0.130401    0.0390528   0.00211391 -0.000236475 
         4.5    -0.053368    0.0548072   0.00174063 -0.000235449 
         4.5     0.024685    0.0748238   0.00133973 -0.000234244 
         4.5     0.103758    0.0998231  0.000939637  -0.00023298 
         4.5     0.183852     0.130263  0.000575496 -0.000231809 
         4.5     0.264966     0.166189  0.000281304 -0.000230875 
         4.5       0.3471     0.206791  7.52462e-05 -0.000230224 
         4.5     0.430255     0.250294 -4.89447e-05 -0.000229837 
         4.5      0.51443     0.295997 -0.000107793 -0.000229651 
         4.5     0.599625     0.343366 -0.000115383 -0.000229664 
         4.5     0.685841     0.390369 -0.000118094 -0.000229601 
         4.5     0.773076      0.43743 -0.000102007 -0.000229554 
         4.5     0.861332     0.484046 -7.64241e-05 -0.000229482 
         4.5     0.950609     0.529676 -5.13406e-05 -0.000229342 
         4.5      1.04091     0.573746 -3.74639e-05 -0.000229084 
         4.5      1.13222     0.617356  4.71966e-06 -0.000228805 
         4.5      1.22456     0.658966   4.2284e-05 -0.000228337 
         4.5      1.31792     0.698677  8.34386e-05 -0.000227724 
         4.5       1.4123     0.736276  0.000127415 -0.000226947 
         4.5      1.50769     0.771546  0.000173391 -0.000225988 
         4.5      1.60411     0.804086   0.00022039 -0.000224759 
         4.5      1.70155     0.833978  0.000267725 -0.000223315 
         4.5      1.80001     0.861012  0.000314367 -0.000221669 
         4.5      1.89949     0.885012  0.000359304 -0.000219816 
         4.5            2     0.906124  0.000401884 -0.000217803 
           5           -3 -1.15831e-10 -2.23316e-11 -0.000281242 
           5     -2.99949 -8.62839e-07 -4.39112e-10 -0.000278386 
           5     -2.99796 -3.47473e-06 -6.72271e-09 -0.000270348 
           5     -2.99541 -7.90872e-06 -3.39084e-08 -0.000258637 
           5     -2.99184  -1.4282e-05 -1.06774e-07 -0.000245537 
           5     -2.98725 -2.27612e-05 -2.59451e-07 -0.000233723 
           5     -2.98163 -3.35633e-05 -5.34928e-07 -0.000225747 
           5       -2.975 -4.69499e-05 -9.84201e-07 -0.000223379 
           5     -2.96735 -6.32336e-05  -1.6655e-06 -0.000226792 
           5     -2.95868  -8.2779e-05 -2.64337e-06 -0.000233607 
           5     -2.94898 -0.000105997 -3.98713e-06 -0.000237779 
           5     -2.93827 -0.000133351 -5.76985e-06 -0.000228355 
           5     -2.92654 -0.000165357 -8.06659e-06 -0.000231676 
           5     -2.91378 -0.000202587 -1.09531e-05 -0.000231707 
           5     -2.90001 -0.000245658 -1.45034e-05 -0.000231739 
           5     -2.88522 -0.000295247 -1.87878e-05 -0.000231771 
           5      -2.8694 -0.000352088 -2.38717e-05 -0.000231803 
           5     -2.85257 -0.000416964 -2.98116e-05 -0.000231834 
           5     -2.83471 -0.000490716 -3.66538e-05 -0.000231865 
           5     -2.81584 -0.000574247 -4.44319e-05 -0.000231894 
           5     -2.79594 -0.000668507 -5.31623e-05 -0.000231921 
           5     -2.77502 -0.000774505 -6.28431e-05 -0.000231945 
           5     -2.75309 -0.000893311 -7.34506e-05 -0.000231966 
           5     -2.73013  -0.00102603 -8.49341e-05 -0.000231984 
           5     -2.70615  -0.00117384 -9.72166e-05 -0.000231998 
           5     -2.68116  -0.00133796 -0.000110187 -0.000232007 
           5     -2.65514  -0.00151965   -0.0001237 -0.000232012 
           5      -2.6281  -0.00172018  -0.00013757 -0.000232011 
           5     -2.60004  -0.00194089 -0.000151569 -0.000232005 
           5     -2.57096   -0.0021831 -0.000165425 -0.000231992 
           5     -2.54087  -0.00244819 -0.000178814 -0.000231974 
           5     -2.50975  -0.00273747 -0.000191365 -0.000231949 
           5     -2.47761  -0.00305223 -0.000202646 -0.000231918 
           5     -2.44445  -0.00339372 -0.000212178  -0.00023188 
           5     -2.41027  -0.00376312 -0.000219415 -0.000231837 
           5     -2.37507  -0.00416143 -0.000223763 -0.000231788 
           5     -2.33885  -0.00458958 -0.000224566 -0.000231733 
           5      -2.3016  -0.00504824 -0.000221113 -0.000231674 
           5     -2.26334  -0.00553782 -0.000212651 -0.000231612 
           5     -2.22406  -0.00605842 -0.000198377 -0.000231548 
           5     -2.18376  -0.00660975 -0.000177459 -0.000231483 
           5     -2.14244  -0.00719112 -0.000149028 -0.000231419 
           5     -2.10009  -0.00780119 -0.000112235 -0.000231358 
           5     -2.05673  -0.00843813 -6.62022e-05 -0.000231302 
           5     -2.01235  -0.00909926  -1.0121e-05 -0.000231255 
           5     -1.96694  -0.00978123  5.67919e-05 -0.000231219 
           5     -1.92052   -0.0104797  0.000135202 -0.000231197 
           5     -1.87308   -0.0111894  0.000225692 -0.000231194 
           5     -1.82461   -0.0119041  0.000328682 -0.000231213 
           5     -1.77513   -0.0126163  0.000444357 -0.000231258 
           5     -1.72462   -0.0133174  0.000572711 -0.000231332 
           5      -1.6731   -0.0139977  0.000713444 -0.000231441 
           5     -1.62055   -0.0146463  0.000865982 -0.000231587 
           5     -1.56699   -0.0152511    0.0010293 -0.000231773 
           5      -1.5124    -0.015799    0.0012021 -0.000232004 
           5     -1.45679   -0.0162758   0.00138261 -0.000232279 
           5     -1.40017   -0.0166665   0.00156871 -0.000232601 
           5     -1.34252   -0.0169552   0.00175785 -0.000232969 
           5     -1.28385   -0.0171252   0.00194715 -0.000233383 
           5     -1.22416    -0.017159   0.00213341  -0.00023384 
           5     -1.16346   -0.0170379   0.00231323 -0.000234337 
           5     -1.10173   -0.0167419   0.00248308 -0.000234868 
           5     -1.03898   -0.0162483   0.00263946 -0.000235428 
           5    -0.975211   -0.0155312   0.00277892 -0.000236011 
           5    -0.910422   -0.0145594   0.00289824 -0.000236607 
           5    -0.844613   -0.0132938    0.0029944 -0.000237206 
           5    -0.777783   -0.0116833   0.00306461 -0.000237797 
           5    -0.709933  -0.00966142   0.00310614 -0.000238363 
           5    -0.641062  -0.00713966   0.00311616 -0.000238884 
           5    -0.571172  -0.00399975   0.00309151 -0.000239336 
           5    -0.500261 -8.38305e-05   0.00302855 -0.000239688 
           5    -0.428329   0.00481821   0.00292315 -0.000239906 
           5    -0.355378     0.010985   0.00277102 -0.000239953 
           5    -0.281406    0.0187829    0.0025685 -0.000239795 
           5    -0.206414    0.0286821   0.00231396 -0.000239409 
           5    -0.130401    0.0412685   0.00200963 -0.000238792 
           5    -0.053368    0.0572308   0.00166386 -0.000237972 
           5     0.024685    0.0773087   0.00129289 -0.000237014 
           5     0.103758     0.102177  0.000921314 -0.000236022 
           5     0.183852     0.132279  0.000579948 -0.000235134 
           5     0.264966     0.167711   0.00029709 -0.000234374 
           5       0.3471     0.207735  9.55448e-05 -0.000234016 
           5     0.430255     0.250822 -3.10586e-05 -0.000233932 
           5      0.51443     0.296242  -9.6374e-05 -0.000234056 
           5     0.599625     0.343203 -0.000115239 -0.000234316 
           5     0.685841     0.390854 -0.000103708 -0.000234636 
           5     0.773076     0.438278 -7.90928e-05 -0.000234933 
           5     0.861332     0.484042 -7.12403e-05 -0.000235137 
           5     0.950609     0.529562 -5.04222e-05 -0.000235273 
           5      1.04091     0.573503 -4.22672e-05 -0.000235276 
           5      1.13222     0.617165  2.16736e-06 -0.000235106 
           5      1.22456     0.658759  3.84081e-05 -0.000234744 
           5      1.31792     0.698455  7.82447e-05 -0.000234167 
           5       1.4123     0.736086  0.000121015 -0.000233367 
           5      1.50769     0.771246  0.000165503 -0.000232232 
           5      1.60411     0.803875  0.000211185 -0.000230812 
           5      1.70155      0.83378  0.000257193 -0.000229093 
           5      1.80001     0.860762  0.000302602  -0.00022706 
           5      1.89949     0.884751  0.000346142 -0.000224697 
           5            2     0.905914  0.000387782 -0.000221981 
         5.5           -3 -2.37155e-10 -2.86703e-11 -0.000132839 
         5.5     -2.99949  1.71012e-07 -6.67707e-10 -0.000139019 
         5.5     -2.99796  6.51749e-07 -1.02937e-08 -0.000156416 
         5.5     -2.99541  1.34313e-06 -5.19423e-08 -0.000181764 
         5.5     -2.99184  2.07942e-06 -1.63603e-07 -0.000210126 
         5.5     -2.98725   2.6287e-06 -3.97666e-07  -0.00023572 
         5.5     -2.98163  2.69208e-06 -8.20212e-07 -0.000253029 
         5.5       -2.975  1.90308e-06 -1.50979e-06 -0.000258222 
         5.5     -2.96735 -1.72646e-07 -2.55633e-06 -0.000250926 
         5.5     -2.95868 -4.03873e-06  -4.0598e-06 -0.000236286 
         5.5     -2.94898 -1.02677e-05 -6.12804e-06 -0.000227364 
         5.5     -2.93827  -1.9503e-05 -8.87525e-06 -0.000247846 
         5.5     -2.92654  -3.2458e-05 -1.24196e-05 -0.000240779 
         5.5     -2.91378 -4.99206e-05 -1.68812e-05 -0.000240827 
         5.5     -2.90001 -7.27487e-05 -2.23786e-05 -0.000240878 
         5.5     -2.88522 -0.000101873 -2.90267e-05 -0.000240929 
         5.5      -2.8694 -0.000138304 -3.69339e-05  -0.00024098 
         5.5     -2.85257 -0.000183118 -4.61975e-05  -0.00024103 
         5.5     -2.83471 -0.000237472 -5.69014e-05  -0.00024108 
         5.5     -2.81584 -0.000302596 -6.91124e-05 -0.000241127 
         5.5     -2.79594 -0.000379792  -8.2875e-05 -0.000241173 
         5.5     -2.77502 -0.000470435 -9.82086e-05 -0.000241215 
         5.5     -2.75309 -0.000575975 -0.000115104 -0.000241253 
         5.5     -2.73013 -0.000697919 -0.000133514 -0.000241287 
         5.5     -2.70615 -0.000837853 -0.000153359 -0.000241315 
         5.5     -2.68116 -0.000997419 -0.000174513 -0.000241338 
         5.5     -2.65514   -0.0011783   -0.0001968 -0.000241354 
         5.5      -2.6281  -0.00138223 -0.000219996 -0.000241364 
         5.5     -2.60004  -0.00161098 -0.000243819 -0.000241365 
         5.5     -2.57096  -0.00186633 -0.000267925 -0.000241359 
         5.5     -2.54087  -0.00215007 -0.000291907 -0.000241345 
         5.5     -2.50975  -0.00246396 -0.000315292 -0.000241322 
         5.5     -2.47761  -0.00280971 -0.000337527  -0.00024129 
         5.5     -2.44445  -0.00318895 -0.000358001  -0.00024125 
         5.5     -2.41027  -0.00360319 -0.000376011 -0.000241201 
         5.5     -2.37507  -0.00405377 -0.000390794 -0.000241145 
         5.5     -2.33885  -0.00454182 -0.000401507  -0.00024108 
         5.5      -2.3016   -0.0050682 -0.000407236 -0.000241008 
         5.5     -2.26334  -0.00563337 -0.000407013 -0.000240931 
         5.5     -2.22406  -0.00623738 -0.000399803 -0.000240848 
         5.5     -2.18376  -0.00687976 -0.000384543 -0.000240762 
         5.5     -2.14244  -0.00755947 -0.000360114 -0.000240674 
         5.5     -2.10009  -0.00827463 -0.000325429 -0.000240586 
         5.5     -2.05673  -0.00902267 -0.000279365 -0.000240501 
         5.5     -2.01235  -0.00979994  -0.00022089 -0.000240421 
         5.5     -1.96694   -0.0106018 -0.000149006 -0.000240348 
         5.5     -1.92052   -0.0114225 -6.28708e-05 -0.000240286 
         5.5     -1.87308    -0.012255  3.82489e-05 -0.000240238 
         5.5     -1.82461   -0.0130907  0.000154872 -0.000240206 
         5.5     -1.77513     -0.01392  0.000287206 -0.000240195 
         5.5     -1.72462   -0.0147316  0.000435203 -0.000240206 
         5.5      -1.6731   -0.0155127  0.000598425 -0.000240242 
         5.5     -1.62055   -0.0162494  0.000776064 -0.000240305 
         5.5     -1.56699   -0.0169263  0.000966697 -0.000240395 
         5.5      -1.5124    -0.017527   0.00116853 -0.000240512 
         5.5     -1.45679   -0.0180342   0.00137911 -0.000240657 
         5.5     -1.40017   -0.0184297    0.0015955 -0.000240825 
         5.5     -1.34252   -0.0186955   0.00181415 -0.000241013 
         5.5     -1.28385   -0.0188128   0.00203105 -0.000241217 
         5.5     -1.22416   -0.0187633   0.00224177 -0.000241432 
         5.5     -1.16346   -0.0185284   0.00244158 -0.000241652 
         5.5     -1.10173   -0.0180895   0.00262567 -0.000241871 
         5.5     -1.03898   -0.0174266   0.00278943 -0.000242084 
         5.5    -0.975211   -0.0165176    0.0029285 -0.000242289 
         5.5    -0.910422    -0.015336   0.00303919 -0.000242484 
         5.5    -0.844613   -0.0138474   0.00311865 -0.000242668 
         5.5    -0.777783   -0.0120053   0.00316496 -0.000242844 
         5.5    -0.709933  -0.00974598   0.00317698 -0.000243012 
         5.5    -0.641062  -0.00698169   0.00315428 -0.000243172 
         5.5    -0.571172  -0.00359238   0.00309657 -0.000243319 
         5.5    -0.500261  0.000583473   0.00300333 -0.000243442 
         5.5    -0.428329    0.0057598   0.00287333  -0.00024352 
         5.5    -0.355378    0.0122162   0.00270455 -0.000243528 
         5.5    -0.281406    0.0203134   0.00249468 -0.000243435 
         5.5    -0.206414    0.0305056    0.0022423 -0.000243217 
         5.5    -0.130401    0.0433496   0.00194879 -0.000242862 
         5.5    -0.053368    0.0594925   0.00162056 -0.000242387 
         5.5     0.024685    0.0796258     0.001271 -0.000241843 
         5.5     0.103758     0.104383  0.000921037  -0.00024132 
         5.5     0.183852     0.134195  0.000596936 -0.000240894 
         5.5     0.264966     0.169162  0.000325298 -0.000240904 
         5.5       0.3471     0.208702  0.000123607 -0.000241043 
         5.5     0.430255     0.251393 -4.77644e-06 -0.000241468 
         5.5      0.51443     0.296506  -7.3565e-05 -0.000242113 
         5.5     0.599625     0.343254 -9.76576e-05 -0.000242907 
         5.5     0.685841     0.390582 -9.41687e-05 -0.000243817 
         5.5     0.773076     0.437199 -9.30489e-05 -0.000244652 
         5.5     0.861332     0.483556 -7.81038e-05 -0.000245408 
         5.5     0.950609     0.529279  -5.3376e-05 -0.000246018 
         5.5      1.04091     0.573967 -2.32171e-05 -0.000246409 
         5.5      1.13222     0.617195  7.70412e-06 -0.000246504 
         5.5      1.22456     0.658513  3.43926e-05 -0.000246221 
         5.5      1.31792      0.69829    7.311e-05 -0.000245658 
         5.5       1.4123     0.735901  0.000113615 -0.000244717 
         5.5      1.50769     0.771097  0.000156084 -0.000243353 
         5.5      1.60411     0.803691  0.000199701 -0.000241545 
         5.5      1.70155     0.833544   0.00024404 -0.000239278 
         5.5      1.80001     0.860528  0.000287785 -0.000236665 
         5.5      1.89949      0.88455  0.000329917 -0.000233586 
         5.5            2     0.905695   0.00036994 -0.000230079 
           6           -3 -5.28527e-10 -1.99982e-11  -0.00018911 
           6     -2.99949  1.70906e-06 -9.47937e-10 -0.000192783 
           6     -2.99796  6.79149e-06 -1.48889e-08 -0.000203123 
           6     -2.99541  1.51109e-05 -7.51868e-08  -0.00021819 
           6     -2.99184  2.64319e-05 -2.36843e-07 -0.000235051 
           6     -2.98725  4.04291e-05 -5.75732e-07 -0.000250273 
           6     -2.98163  5.66862e-05  -1.1876e-06 -0.000260577 
           6       -2.975  7.46866e-05 -2.18634e-06 -0.000263688 
           6     -2.96735   9.3822e-05 -3.70242e-06 -0.000259384 
           6     -2.95868   0.00011339 -5.88104e-06 -0.000250721 
           6     -2.94898  0.000132586 -8.87902e-06 -0.000245457 
           6     -2.93827  0.000150512 -1.28626e-05 -0.000257661 
           6     -2.92654  0.000166172 -1.80044e-05 -0.000253504 
           6     -2.91378   0.00017847 -2.44802e-05 -0.000253575 
           6     -2.90001   0.00018621 -3.24642e-05 -0.000253648 
           6     -2.88522  0.000188098 -4.21263e-05 -0.000253722 
           6      -2.8694   0.00018274  -5.3628e-05 -0.000253797 
           6     -2.85257  0.000168641  -6.7116e-05 -0.000253872 
           6     -2.83471  0.000144211  -8.2719e-05 -0.000253945 
           6     -2.81584  0.000107758 -0.000100544 -0.000254016 
           6     -2.79594  5.74992e-05 -0.000120666 -0.000254084 
           6     -2.77502  -8.4458e-06  -0.00014313 -0.000254147 
           6     -2.75309 -9.20466e-05  -0.00016794 -0.000254206 
           6     -2.73013 -0.000195351 -0.000195051 -0.000254259 
           6     -2.70615 -0.000320496 -0.000224375 -0.000254305 
           6     -2.68116 -0.000469693 -0.000255763 -0.000254343 
           6     -2.65514 -0.000645202 -0.000289001 -0.000254373 
           6      -2.6281 -0.000849337 -0.000323812 -0.000254395 
           6     -2.60004  -0.00108444 -0.000359842 -0.000254406 
           6     -2.57096  -0.00135289 -0.000396662 -0.000254407 
           6     -2.54087  -0.00165705 -0.000433756 -0.000254398 
           6     -2.50975  -0.00199921 -0.000470527 -0.000254378 
           6     -2.47761  -0.00238163 -0.000506273 -0.000254348 
           6     -2.44445  -0.00280641  -0.00054022 -0.000254306 
           6     -2.41027  -0.00327553 -0.000571475 -0.000254255 
           6     -2.37507  -0.00379068 -0.000599069 -0.000254193 
           6     -2.33885  -0.00435332 -0.000621929 -0.000254123 
           6      -2.3016   -0.0049645 -0.000638892 -0.000254045 
           6     -2.26334  -0.00562476 -0.000648724 -0.000253961 
           6     -2.22406  -0.00633409 -0.000650101 -0.000253872 
           6     -2.18376  -0.00709178  -0.00064166 -0.000253781 
           6     -2.14244  -0.00789638  -0.00062196 -0.000253691 
           6     -2.10009  -0.00874531  -0.00058959 -0.000253604 
           6     -2.05673  -0.00963513 -0.000543086 -0.000253525 
           6     -2.01235   -0.0105609 -0.000481078 -0.000253457 
           6     -1.96694   -0.0115166 -0.000402229 -0.000253405 
           6     -1.92052   -0.0124943 -0.000305378 -0.000253374 
           6     -1.87308   -0.0134849 -0.000189481 -0.000253368 
           6     -1.82461   -0.0144772 -5.37469e-05 -0.000253392 
           6     -1.77513   -0.0154582  0.000102238 -0.000253451 
           6     -1.72462   -0.0164131  0.000278571 -0.000253547 
           6      -1.6731   -0.0173255  0.000474853 -0.000253684 
           6     -1.62055   -0.0181768  0.000690218 -0.000253863 
           6     -1.56699   -0.0189474  0.000922944 -0.000254082 
           6      -1.5124   -0.0196159   0.00117082 -0.000254338 
           6     -1.45679   -0.0201606   0.00143067 -0.000254625 
           6     -1.40017   -0.0205585   0.00169865 -0.000254934 
           6     -1.34252   -0.0207882   0.00196987 -0.000255252 
           6     -1.28385   -0.0208273   0.00223884 -0.000255565 
           6     -1.22416   -0.0206563   0.00249926 -0.000255859 
           6     -1.16346   -0.0202565   0.00274434 -0.000256115 
           6     -1.10173   -0.0196111     0.002967 -0.000256319 
           6     -1.03898   -0.0187048   0.00316045 -0.000256459 
           6    -0.975211   -0.0175222   0.00331819 -0.000256528 
           6    -0.910422   -0.0160458   0.00343484 -0.000256524 
           6    -0.844613   -0.0142519   0.00350645 -0.000256454 
           6    -0.777783    -0.012105   0.00353097  -0.00025633 
           6    -0.709933  -0.00955135    0.0035083 -0.000256175 
           6    -0.641062  -0.00651051   0.00344031 -0.000256013 
           6    -0.571172  -0.00286516   0.00333032 -0.000255869 
           6    -0.500261   0.00154862   0.00318234 -0.000255763 
           6    -0.428329    0.0069513   0.00300011 -0.000255707 
           6    -0.355378    0.0136303   0.00278623   -0.0002557 
           6    -0.281406      0.02195   0.00254186 -0.000255726 
           6    -0.206414    0.0323595   0.00226739 -0.000255766 
           6    -0.130401     0.045396   0.00196408 -0.000255802 
           6    -0.053368    0.0616731   0.00163646 -0.000255836 
           6     0.024685    0.0818397   0.00129465 -0.000255899 
           6     0.103758     0.106492  0.000955255 -0.000256056 
           6     0.183852     0.136041  0.000641205 -0.000256525 
           6     0.264966     0.170754  0.000372526 -0.000257353 
           6       0.3471     0.209133  0.000151638   -0.0002571 
           6     0.430255     0.253094  5.39161e-05 -0.000258572 
           6      0.51443     0.298106 -1.66258e-05 -0.000260092 
           6     0.599625     0.343898  -6.2482e-05 -0.000261605 
           6     0.685841     0.390177 -8.63916e-05 -0.000263053 
           6     0.773076     0.436628 -9.13447e-05 -0.000264373 
           6     0.861332     0.482917 -8.05922e-05 -0.000265499 
           6     0.950609     0.528684  -5.7652e-05  -0.00026636 
           6      1.04091     0.573547 -2.63187e-05  -0.00026688 
           6      1.13222     0.617099  9.32974e-06 -0.000266978 
           6      1.22456     0.658908  4.49229e-05 -0.000266571 
           6      1.31792     0.698519  7.57904e-05 -0.000265568 
           6       1.4123     0.735447  9.69525e-05 -0.000263874 
           6      1.50769     0.770805  0.000142763 -0.000261665 
           6      1.60411     0.803528  0.000184421 -0.000259083 
           6      1.70155     0.833345  0.000226192  -0.00025585 
           6      1.80001     0.860268   0.00026748 -0.000252011 
           6      1.89949     0.884317  0.000307653 -0.000247612 
           6            2     0.905518  0.000346043 -0.000242706 
         6.5           -3 -1.04478e-09  3.04154e-11 -0.000308319 
         6.5     -2.99949  3.85472e-06   -1.257e-09 -0.000306158 
         6.5     -2.99796  1.53573e-05 -2.04915e-08 -0.000300076 
         6.5     -2.99541  3.43201e-05 -1.03615e-07 -0.000291218 
         6.5     -2.99184  6.04117e-05 -3.26418e-07 -0.000281315 
         6.5     -2.98725  9.31784e-05 -7.93461e-07 -0.000272394 
         6.5     -2.98163  0.000132043 -1.63672e-06 -0.000266387 
         6.5       -2.975  0.000176283 -3.01319e-06 -0.000264639 
         6.5     -2.96735   0.00022505 -5.10281e-06 -0.000267278 
         6.5     -2.95868  0.000277372 -8.10587e-06 -0.000272502 
         6.5     -2.94898  0.000332129 -1.22388e-05 -0.000275728 
         6.5     -2.93827  0.000388071 -1.77311e-05 -0.000268651 
         6.5     -2.92654  0.000443821 -2.48216e-05  -0.00027124 
         6.5     -2.91378  0.000497865 -3.37537e-05 -0.000271338 
         6.5     -2.90001   0.00054855 -4.47693e-05 -0.000271439 
         6.5     -2.88522  0.000594095 -5.81054e-05 -0.000271542 
         6.5      -2.8694   0.00063259 -7.39883e-05 -0.000271646 
         6.5     -2.85257  0.000661986 -9.26254e-05 -0.000271749 
         6.5     -2.83471  0.000680113 -0.000114202 -0.000271851 
         6.5     -2.81584  0.000684676 -0.000138873  -0.00027195 
         6.5     -2.79594  0.000673259 -0.000166759 -0.000272046 
         6.5     -2.77502  0.000643326 -0.000197935 -0.000272136 
         6.5     -2.75309  0.000592236 -0.000232428  -0.00027222 
         6.5     -2.73013  0.000517249 -0.000270206 -0.000272297 
         6.5     -2.70615  0.000415525  -0.00031118 -0.000272365 
         6.5     -2.68116  0.000284136 -0.000355184 -0.000272424 
         6.5     -2.65514  0.000120102 -0.000401978 -0.000272473 
         6.5      -2.6281 -7.96162e-05 -0.000451237  -0.00027251 
         6.5     -2.60004 -0.000318085  -0.00050255 -0.000272537 
         6.5     -2.57096 -0.000598382 -0.000555406 -0.000272551 
         6.5     -2.54087  -0.00092358 -0.000609197 -0.000272553 
         6.5     -2.50975  -0.00129665 -0.000663212 -0.000272543 
         6.5     -2.47761  -0.00172048 -0.000716616  -0.00027252 
         6.5     -2.44445  -0.00219776 -0.000768483 -0.000272486 
         6.5     -2.41027  -0.00273103 -0.000817748 -0.000272441 
         6.5     -2.37507  -0.00332244 -0.000863251 -0.000272387 
         6.5     -2.33885  -0.00397385 -0.000903703 -0.000272326 
         6.5      -2.3016  -0.00468658 -0.000937703 -0.000272259 
         6.5     -2.26334   -0.0054613 -0.000963757  -0.00027219 
         6.5     -2.22406  -0.00629803 -0.000980253 -0.000272124 
         6.5     -2.18376  -0.00719583 -0.000985513 -0.000272063 
         6.5     -2.14244   -0.0081529 -0.000977751 -0.000272015 
         6.5     -2.10009  -0.00916598 -0.000955182 -0.000271987 
         6.5     -2.05673   -0.0102307  -0.00091593 -0.000271985 
         6.5     -2.01235    -0.011341 -0.000858182  -0.00027202 
         6.5     -1.96694   -0.0124889 -0.000780117 -0.000272101 
         6.5     -1.92052   -0.0136649 -0.000680061 -0.000272239 
         6.5     -1.87308    -0.014857 -0.000556426 -0.000272447 
         6.5     -1.82461   -0.0160512 -0.000407849 -0.000272736 
         6.5     -1.77513   -0.0172309 -0.000233358 -0.000273118 
         6.5     -1.72462   -0.0183772 -3.23075e-05 -0.000273605 
         6.5      -1.6731   -0.0194686  0.000195389 -0.000274203 
         6.5     -1.62055   -0.0204812  0.000449303 -0.000274922 
         6.5     -1.56699   -0.0213893  0.000727892 -0.000275759 
         6.5      -1.5124    -0.022165     0.001029 -0.000276713 
         6.5     -1.45679   -0.0227797   0.00134918 -0.000277773 
         6.5     -1.40017   -0.0232034   0.00168398 -0.000278922 
         6.5     -1.34252   -0.0234083    0.0020274 -0.000280134 
         6.5     -1.28385   -0.0233663   0.00237247 -0.000281376 
         6.5     -1.22416   -0.0230536   0.00271081 -0.000282609 
         6.5     -1.16346   -0.0224495   0.00303308  -0.00028379 
         6.5     -1.10173   -0.0215381   0.00332922 -0.000284874 
         6.5     -1.03898   -0.0203085    0.0035891 -0.000285819 
         6.5    -0.975211   -0.0187538   0.00380272 -0.000286591 
         6.5    -0.910422   -0.0168688   0.00396124 -0.000287165 
         6.5    -0.844613   -0.0146467   0.00405763 -0.000287533 
         6.5    -0.777783   -0.0120715    0.0040876 -0.000287706 
         6.5    -0.709933  -0.00910979   0.00405001 -0.000287713 
         6.5    -0.641062  -0.00569963   0.00394733 -0.000287601 
         6.5    -0.571172  -0.00173706   0.00378554  -0.00028743 
         6.5    -0.500261   0.00293671   0.00357335 -0.000287262 
         6.5    -0.428329   0.00854662   0.00332086  -0.00028716 
         6.5    -0.355378    0.0153925   0.00303779 -0.000287169 
         6.5    -0.281406    0.0238539   0.00273192 -0.000287315 
         6.5    -0.206414    0.0343891   0.00240848 -0.000287601 
         6.5    -0.130401    0.0475318   0.00207087 -0.000288015 
         6.5    -0.053368    0.0638744   0.00172293 -0.000288547 
         6.5     0.024685    0.0840315    0.0013718 -0.000289199 
         6.5     0.103758     0.108563    0.0010299     -0.00029 
         6.5     0.183852     0.137862  0.000714534 -0.000290979 
         6.5     0.264966      0.17215  0.000446917 -0.000292054 
         6.5       0.3471     0.211015  0.000239569 -0.000293694 
         6.5     0.430255     0.252798  9.27896e-05 -0.000295434 
         6.5      0.51443     0.296946 -1.32971e-06 -0.000297188 
         6.5     0.599625      0.34286 -5.14246e-05 -0.000298859 
         6.5     0.685841     0.389893 -6.68797e-05 -0.000300344 
         6.5     0.773076     0.437347 -5.78512e-05 -0.000301536 
         6.5     0.861332     0.484477 -3.52912e-05 -0.000302315 
         6.5     0.950609     0.529017 -4.27973e-05 -0.000302258 
         6.5      1.04091     0.573632 -2.29203e-05 -0.000301861 
         6.5      1.13222     0.616917  1.60526e-06  -0.00030082 
         6.5      1.22456     0.658438  2.64246e-05 -0.000299042 
         6.5      1.31792      0.69774  4.68831e-05  -0.00029643 
         6.5       1.4123     0.735458  8.44487e-05 -0.000293148 
         6.5      1.50769     0.770789  0.000121093 -0.000289116 
         6.5      1.60411     0.803301  0.000159056 -0.000284404 
         6.5      1.70155     0.833002  0.000197799 -0.000279053 
         6.5      1.80001     0.859911  0.000236749 -0.000273109 
         6.5      1.89949      0.88403  0.000275417 -0.000266569 
         6.5            2     0.905302  0.000312443 -0.000259598 
           7           -3 -1.78597e-09  1.80804e-10 -0.000139628 
           7     -2.99949  6.73982e-06 -1.49438e-09 -0.000148559 
           7     -2.99796  2.68753e-05 -2.62584e-08 -0.000173698 
           7     -2.99541  6.01493e-05 -1.33108e-07  -0.00021033 
           7     -2.99184  0.000106101 -4.19382e-07 -0.000251321 
           7     -2.98725  0.000164105 -1.01941e-06 -0.000288318 
           7     -2.98163  0.000233367  -2.1028e-06 -0.000313352 
           7       -2.975  0.000312889 -3.87141e-06 -0.000320889 
           7     -2.96735  0.000401506 -6.55671e-06 -0.000310389 
           7     -2.95868  0.000497883 -1.04166e-05 -0.000289283 
           7     -2.94898  0.000600482 -1.57299e-05 -0.000276442 
           7     -2.93827  0.000707593 -2.27928e-05  -0.00030608 
           7     -2.92654  0.000817338 -3.19144e-05 -0.000295924 
           7     -2.91378   0.00092766 -4.34106e-05 -0.000296051 
           7     -2.90001   0.00103631  -5.7597e-05 -0.000296182 
           7     -2.88522    0.0011409 -7.47849e-05 -0.000296315 
           7      -2.8694   0.00123884 -9.52742e-05  -0.00029645 
           7     -2.85257   0.00132739 -0.000119344 -0.000296585 
           7     -2.83471   0.00140366 -0.000147248 -0.000296718 
           7     -2.81584    0.0014646  -0.00017921 -0.000296849 
           7     -2.79594   0.00150703  -0.00021541 -0.000296976 
           7     -2.77502   0.00152761  -0.00025598 -0.000297098 
           7     -2.75309    0.0015229 -0.000301002 -0.000297212 
           7     -2.73013   0.00148933 -0.000350487 -0.000297319 
           7     -2.70615   0.00142326 -0.000404389 -0.000297417 
           7     -2.68116   0.00132091 -0.000462576 -0.000297506 
           7     -2.65514   0.00117848 -0.000524834 -0.000297583 
           7      -2.6281   0.00099212 -0.000590864 -0.000297649 
           7     -2.60004  0.000757942 -0.000660268 -0.000297702 
           7     -2.57096   0.00047208 -0.000732549 -0.000297744 
           7     -2.54087  0.000130682 -0.000807101 -0.000297772 
           7     -2.50975 -0.000269968 -0.000883215 -0.000297789 
           7     -2.47761 -0.000733477 -0.000960044 -0.000297793 
           7     -2.44445  -0.00126322  -0.00103665 -0.000297787 
           7     -2.41027  -0.00186236  -0.00111195 -0.000297772 
           7     -2.37507  -0.00253363  -0.00118474  -0.00029775 
           7     -2.33885  -0.00327939  -0.00125369 -0.000297724 
           7      -2.3016   -0.0041014  -0.00131733   -0.0002977 
           7     -2.26334  -0.00500069  -0.00137408 -0.000297681 
           7     -2.22406  -0.00597749   -0.0014222 -0.000297677 
           7     -2.18376  -0.00703101  -0.00145984 -0.000297696 
           7     -2.14244   -0.0081594    -0.001485 -0.000297749 
           7     -2.10009  -0.00935922  -0.00149559 -0.000297852 
           7     -2.05673   -0.0106257  -0.00148934 -0.000298021 
           7     -2.01235    -0.011952  -0.00146395 -0.000298277 
           7     -1.96694   -0.0133293  -0.00141698 -0.000298643 
           7     -1.92052   -0.0147466  -0.00134595 -0.000299147 
           7     -1.87308     -0.01619  -0.00124836 -0.000299819 
           7     -1.82461   -0.0176429  -0.00112172 -0.000300691 
           7     -1.77513   -0.0190854 -0.000963785 -0.000301797 
           7     -1.72462   -0.0204941 -0.000772471 -0.000303171 
           7      -1.6731   -0.0218423 -0.000546164 -0.000304845 
           7     -1.62055   -0.0230995 -0.000283637 -0.000306849 
           7     -1.56699   -0.0242317  1.50205e-05 -0.000309199 
           7      -1.5124    -0.025202   0.00034908 -0.000311907 
           7     -1.45679   -0.0259712  0.000716092 -0.000314964 
           7     -1.40017   -0.0264982   0.00111232  -0.00031835 
           7     -1.34252    -0.026744   0.00153148 -0.000322015 
           7     -1.28385   -0.0266695   0.00196592 -0.000325897 
           7     -1.22416   -0.0262421   0.00240541 -0.000329904 
           7     -1.16346   -0.0254345   0.00283794  -0.00033393 
           7     -1.10173   -0.0242282   0.00324988 -0.000337853 
           7     -1.03898    -0.022615   0.00362676 -0.000341553 
           7    -0.975211   -0.0205962   0.00395364 -0.000344908 
           7    -0.910422   -0.0181812    0.0042165 -0.000347819 
           7    -0.844613   -0.0153843   0.00440311 -0.000350215 
           7    -0.777783    -0.012216   0.00450443 -0.000352062 
           7    -0.709933  -0.00867343   0.00451537  -0.00035337 
           7    -0.641062  -0.00472656   0.00443579  -0.00035419 
           7    -0.571172 -0.000300226   0.00427098 -0.000354612 
           7    -0.500261   0.00474327   0.00403142 -0.000354752 
           7    -0.428329    0.0106203   0.00373169 -0.000354737 
           7    -0.355378    0.0176373   0.00338848 -0.000354688 
           7    -0.281406     0.026193   0.00301804 -0.000354704 
           7    -0.206414    0.0367698   0.00263388 -0.000354846 
           7    -0.130401    0.0499188   0.00224568 -0.000355139 
           7    -0.053368    0.0662337   0.00186028 -0.000355576 
           7     0.024685    0.0863108   0.00148424 -0.000356139 
           7     0.103758     0.110682    0.0011268 -0.000356808 
           7     0.183852     0.139719  0.000800824 -0.000357571 
           7     0.264966     0.173624  0.000521784 -0.000358542 
           7       0.3471     0.212088  0.000302151 -0.000359385 
           7     0.430255     0.253528  0.000143228 -0.000360107 
           7      0.51443     0.297392  3.71174e-05 -0.000360613 
           7     0.599625     0.343084 -2.48051e-05 -0.000360799 
           7     0.685841      0.38996 -5.19133e-05 -0.000360555 
           7     0.773076     0.437323 -5.43518e-05 -0.000359764 
           7     0.861332     0.484432 -4.30616e-05   -0.0003583 
           7     0.950609     0.530489 -2.98022e-05 -0.000356031 
           7      1.04091     0.574644 -2.71773e-05 -0.000352817 
           7      1.13222     0.617012  -1.9909e-05 -0.000348442 
           7      1.22456     0.657761 -1.54002e-05 -0.000343334 
           7      1.31792     0.697823  1.83132e-05 -0.000337613 
           7       1.4123     0.735326  4.79136e-05 -0.000331152 
           7      1.50769     0.770662  8.13003e-05 -0.000323566 
           7      1.60411     0.803202  0.000116857 -0.000315429 
           7      1.70155      0.83291  0.000153627 -0.000306689 
           7      1.80001      0.85979  0.000190932 -0.000297407 
           7      1.89949     0.883855  0.000228049 -0.000287651 
           7            2     0.905121  0.000264215  -0.00027749 
         7.5           -3 -2.37669e-09  3.79184e-10 -0.000212808 
         7.5     -2.99949  1.02172e-05 -1.50714e-09 -0.000219443 
         7.5     -2.99796  4.07576e-05   -2.906e-08 -0.000238123 
         7.5     -2.99541  9.12835e-05 -1.47742e-07 -0.000265342 
         7.5     -2.99184  0.000161183 -4.65637e-07 -0.000295804 
         7.5     -2.98725  0.000249628 -1.13207e-06 -0.000323305 
         7.5     -2.98163  0.000355574 -2.33587e-06 -0.000341924 
         7.5       -2.975  0.000477701 -4.30222e-06 -0.000347551 
         7.5     -2.96735  0.000614478 -7.28999e-06 -0.000339785 
         7.5     -2.95868  0.000764155 -1.15885e-05 -0.000324146 
         7.5     -2.94898  0.000924713 -1.75117e-05 -0.000314649 
         7.5     -2.93827   0.00109392  -2.5395e-05 -0.000336706 
         7.5     -2.92654   0.00126934 -3.55908e-05  -0.00032921 
         7.5     -2.91378   0.00144829 -4.84624e-05 -0.000329353 
         7.5     -2.90001   0.00162789 -6.43769e-05 -0.000329502 
         7.5     -2.88522   0.00180502 -8.37021e-05 -0.000329655 
         7.5      -2.8694   0.00197641 -0.000106799 -0.000329811 
         7.5     -2.85257   0.00213855 -0.000134013 -0.000329969 
         7.5     -2.83471   0.00228776  -0.00016567 -0.000330127 
         7.5     -2.81584   0.00242021 -0.000202072 -0.000330284 
         7.5     -2.79594    0.0025319 -0.000243485  -0.00033044 
         7.5     -2.77502   0.00261866 -0.000290135 -0.000330592 
         7.5     -2.75309   0.00267623 -0.000342206 -0.000330741 
         7.5     -2.73013   0.00270021 -0.000399821 -0.000330885 
         7.5     -2.70615   0.00268612 -0.000463058 -0.000331023 
         7.5     -2.68116   0.00262466  -0.00052831 -0.000331155 
         7.5     -2.65514   0.00252099 -0.000602294  -0.00033128 
         7.5      -2.6281    0.0023655 -0.000681682 -0.000331398 
         7.5     -2.60004   0.00215356 -0.000766261 -0.000331507 
         7.5     -2.57096   0.00188054 -0.000855734 -0.000331609 
         7.5     -2.54087   0.00154186 -0.000949716 -0.000331702 
         7.5     -2.50975   0.00113311  -0.00104774 -0.000331788 
         7.5     -2.47761  0.000649995  -0.00114921 -0.000331865 
         7.5     -2.44445  8.84759e-05  -0.00125348 -0.000331936 
         7.5     -2.41027 -0.000555257  -0.00135976 -0.000332001 
         7.5     -2.37507  -0.00128457  -0.00146717 -0.000332063 
         7.5     -2.33885  -0.00210246  -0.00157469 -0.000332126 
         7.5      -2.3016  -0.00301132  -0.00168119 -0.000332194 
         7.5     -2.26334  -0.00401285  -0.00178541 -0.000332275 
         7.5     -2.22406  -0.00510794  -0.00188591 -0.000332379 
         7.5     -2.18376   -0.0063099  -0.00199238 -0.000332498 
         7.5     -2.14244  -0.00759333   -0.0020809 -0.000332694 
         7.5     -2.10009  -0.00896673  -0.00216023 -0.000332967 
         7.5     -2.05673   -0.0104262  -0.00222813 -0.000333346 
         7.5     -2.01235   -0.0119656  -0.00228201 -0.000333866 
         7.5     -1.96694    -0.013577  -0.00231901 -0.000334569 
         7.5     -1.92052   -0.0152497  -0.00233591 -0.000335506 
         7.5     -1.87308   -0.0169378  -0.00231791 -0.000336676 
         7.5     -1.82461   -0.0186865  -0.00228456 -0.000338234 
         7.5     -1.77513   -0.0204449  -0.00221987 -0.000340219 
         7.5     -1.72462   -0.0221875  -0.00211949 -0.000342707 
         7.5      -1.6731   -0.0238836  -0.00197901 -0.000345779 
         7.5     -1.62055    -0.025497  -0.00179394  -0.00034952 
         7.5     -1.56699   -0.0269851  -0.00156073 -0.000353993 
         7.5      -1.5124   -0.0283001  -0.00127616  -0.00035926 
         7.5     -1.45679   -0.0293891 -0.000938686 -0.000365351 
         7.5     -1.40017   -0.0301939 -0.000548044 -0.000372271 
         7.5     -1.34252   -0.0306572  -0.00010752 -0.000379965 
         7.5     -1.28385   -0.0307268  0.000404714 -0.000389076 
         7.5     -1.22416    -0.030327  0.000929099 -0.000398026 
         7.5     -1.16346   -0.0294306   0.00147496 -0.000407278 
         7.5     -1.10173   -0.0280079   0.00202581 -0.000416572 
         7.5     -1.03898   -0.0260469   0.00256255 -0.000425624 
         7.5    -0.975211   -0.0235527   0.00306411 -0.000434137 
         7.5    -0.910422   -0.0205478   0.00350928 -0.000441835 
         7.5    -0.844613   -0.0170696   0.00387799 -0.000448491 
         7.5    -0.777783   -0.0131601   0.00415328 -0.000453949 
         7.5    -0.709933  -0.00885491   0.00432245  -0.00045814 
         7.5    -0.641062  -0.00416714   0.00437851 -0.000461085 
         7.5    -0.571172  0.000934254   0.00432118 -0.000462888 
         7.5    -0.500261   0.00654698   0.00415733 -0.000463723 
         7.5    -0.428329     0.012858   0.00390068 -0.000463801 
         7.5    -0.355378    0.0201615   0.00357057 -0.000463348 
         7.5    -0.281406    0.0288467   0.00317635 -0.000461949 
         7.5    -0.206414    0.0394632   0.00276896 -0.000460992 
         7.5    -0.130401     0.052572   0.00235189 -0.000459969 
         7.5    -0.053368    0.0687911   0.00193948 -0.000458918 
         7.5     0.024685    0.0887266   0.00154785 -0.000458523 
         7.5     0.103758     0.112891    0.0011745 -0.000457358 
         7.5     0.183852     0.141651  0.000836312 -0.000455894 
         7.5     0.264966     0.171902  0.000490176 -0.000452645 
         7.5       0.3471     0.212471   0.00029972 -0.000451363 
         7.5     0.430255     0.254962  0.000151035 -0.000449241 
         7.5      0.51443     0.299029  4.02202e-05 -0.000446262 
         7.5     0.599625     0.344302 -3.70144e-05 -0.000442412 
         7.5     0.685841     0.390379 -8.53606e-05 -0.000437676 
         7.5     0.773076     0.436828 -0.000109921 -0.000432041 
         7.5     0.861332     0.483188 -0.000116224 -0.000425494 
         7.5     0.950609     0.528964 -0.000110236 -0.000418023 
         7.5      1.04091     0.573627 -9.83768e-05 -0.000409618 
         7.5      1.13222     0.616616 -8.75274e-05 -0.000400269 
         7.5      1.22456     0.657962 -7.27972e-05 -0.000390109 
         7.5      1.31792     0.697681 -4.83204e-05 -0.000379112 
         7.5       1.4123     0.735133 -1.94282e-05  -0.00036751 
         7.5      1.50769     0.770196  1.30972e-05 -0.000355367 
         7.5      1.60411     0.802746  4.84154e-05 -0.000342755 
         7.5      1.70155     0.832655  8.56272e-05 -0.000329749 
         7.5      1.80001     0.859794  0.000123771 -0.000316432 
         7.5      1.89949     0.884026  0.000161823  -0.00030289 
         7.5            2     0.905218  0.000198698 -0.000289215 
           8           -3 -1.87236e-09  3.70626e-10 -0.000326343 
           8     -2.99949  1.35389e-05 -1.16722e-09 -0.000328866 
           8     -2.99796  5.40192e-05 -2.35055e-08 -0.000335968 
           8     -2.99541   0.00012104  -1.1971e-07  -0.00034632 
           8     -2.99184  0.000213865 -3.77631e-07 -0.000357909 
           8     -2.98725  0.000331505 -9.19128e-07 -0.000368379 
           8     -2.98163  0.000472713 -1.89915e-06 -0.000375482 
           8       -2.975  0.000635913 -3.50381e-06 -0.000377658 
           8     -2.96735   0.00081928 -5.94899e-06 -0.000374754 
           8     -2.95868   0.00102074  -9.4786e-06 -0.000368866 
           8     -2.94898   0.00123789  -1.4361e-05 -0.000365315 
           8     -2.93827    0.0014681 -2.08874e-05 -0.000373751 
           8     -2.92654   0.00170848   -2.937e-05 -0.000370971 
           8     -2.91378   0.00195591 -4.01383e-05 -0.000371096 
           8     -2.90001   0.00220696 -5.35346e-05 -0.000371228 
           8     -2.88522   0.00245802 -6.99135e-05 -0.000371367 
           8      -2.8694   0.00270526 -8.96372e-05 -0.000371511 
           8     -2.85257    0.0029446  -0.00011307 -0.000371661 
           8     -2.83471   0.00317177 -0.000140578 -0.000371817 
           8     -2.81584   0.00338236 -0.000172525 -0.000371977 
           8     -2.79594   0.00357172 -0.000209266 -0.000372142 
           8     -2.77502    0.0037351 -0.000251144 -0.000372312 
           8     -2.75309   0.00386762 -0.000298492 -0.000372487 
           8     -2.73013   0.00396425 -0.000351617 -0.000372667 
           8     -2.70615   0.00401991 -0.000410815 -0.000372852 
           8     -2.68116   0.00402944 -0.000476349 -0.000373042 
           8     -2.65514   0.00398763 -0.000548455 -0.000373237 
           8      -2.6281   0.00388926 -0.000627339 -0.000373437 
           8     -2.60004   0.00372915 -0.000713175 -0.000373642 
           8     -2.57096   0.00350215 -0.000806099 -0.000373852 
           8     -2.54087   0.00320317 -0.000906212 -0.000374067 
           8     -2.50975   0.00282729  -0.00101358 -0.000374285 
           8     -2.47761   0.00236973   -0.0011282 -0.000374506 
           8     -2.44445   0.00182595  -0.00125006  -0.00037473 
           8     -2.41027   0.00119162  -0.00137908 -0.000374956 
           8     -2.37507  0.000462791  -0.00151511 -0.000375184 
           8     -2.33885 -0.000364159  -0.00165795 -0.000375415 
           8      -2.3016  -0.00129237  -0.00180732 -0.000375652 
           8     -2.26334  -0.00232446  -0.00196284 -0.000375898 
           8     -2.22406  -0.00346242  -0.00212399 -0.000376162 
           8     -2.18376  -0.00470759  -0.00229011 -0.000376454 
           8     -2.14244  -0.00606051  -0.00246036 -0.000376789 
           8     -2.10009  -0.00752066   -0.0026336  -0.00037719 
           8     -2.05673   -0.0090865  -0.00280843 -0.000377687 
           8     -2.01235   -0.0107549    -0.002983 -0.000378319 
           8     -1.96694   -0.0125214  -0.00315502 -0.000379137 
           8     -1.92052   -0.0143788  -0.00332154 -0.000380204 
           8     -1.87308   -0.0163177  -0.00347902 -0.000381598 
           8     -1.82461   -0.0183255  -0.00362305 -0.000383413 
           8     -1.77513   -0.0203843  -0.00374826 -0.000385761 
           8     -1.72462   -0.0224716  -0.00384837 -0.000388767 
           8      -1.6731   -0.0245583  -0.00391612 -0.000392572 
           8     -1.62055   -0.0266083  -0.00394314 -0.000397333 
           8     -1.56699   -0.0285744  -0.00392051 -0.000403201 
           8      -1.5124   -0.0304017  -0.00383867 -0.000410328 
           8     -1.45679   -0.0320241  -0.00368836 -0.000418837 
           8     -1.40017   -0.0333656  -0.00346044 -0.000428832 
           8     -1.34252   -0.0343434  -0.00314917 -0.000440317 
           8     -1.28385   -0.0348684  -0.00275008 -0.000453252 
           8     -1.22416   -0.0348554  -0.00226485  -0.00046746 
           8     -1.16346   -0.0342239  -0.00169991 -0.000482658 
           8     -1.10173   -0.0329108  -0.00106858 -0.000498441 
           8     -1.03898   -0.0308797 -0.000391129 -0.000514305 
           8    -0.975211   -0.0281212  0.000306236 -0.000529678 
           8    -0.910422   -0.0246598  0.000993127 -0.000543979 
           8    -0.844613   -0.0205511   0.00163715 -0.000556679 
           8    -0.777783   -0.0158708   0.00220758 -0.000567368 
           8    -0.709933   -0.0106995    0.0026776 -0.000575781 
           8    -0.641062  -0.00510371   0.00302687 -0.000581832 
           8    -0.571172  0.000890991   0.00324322 -0.000585597 
           8    -0.500261   0.00732649   0.00332349 -0.000587292 
           8    -0.428329    0.0143398   0.00327374 -0.000587223 
           8    -0.355378    0.0221875   0.00310872 -0.000585738 
           8    -0.281406    0.0312585   0.00285034 -0.000583178 
           8    -0.206414     0.042066   0.00252482 -0.000579833 
           8    -0.130401    0.0552199   0.00215911 -0.000575917 
           8    -0.053368    0.0713741   0.00177739  -0.00057155 
           8     0.024685     0.091161   0.00139921 -0.000566758 
           8     0.103758     0.115114   0.00103992 -0.000561496 
           8     0.183852     0.143593  0.000712711 -0.000555684 
           8     0.264966     0.176737   0.00042749 -0.000549228 
           8       0.3471     0.214255  0.000198927 -0.000541871 
           8     0.430255     0.255094  2.97787e-05 -0.000533549 
           8      0.51443     0.298607 -8.76453e-05 -0.000524253 
           8     0.599625     0.344094 -0.000161745 -0.000513975 
           8     0.685841     0.390798  -0.00020165 -0.000502711 
           8     0.773076     0.437905 -0.000217242 -0.000490456 
           8     0.861332     0.484543  -0.00021918 -0.000477207 
           8     0.950609     0.529777 -0.000218922 -0.000462964 
           8      1.04091     0.572611 -0.000228748 -0.000447727 
           8      1.13222     0.611982 -0.000261784 -0.000431499 
           8      1.22456     0.657363 -0.000183029 -0.000416581 
           8      1.31792     0.697507 -0.000154674 -0.000400134 
           8       1.4123     0.735145 -0.000122174 -0.000383542 
           8      1.50769     0.770215 -8.62482e-05 -0.000366855 
           8      1.60411     0.802654 -4.76686e-05 -0.000350124 
           8      1.70155     0.832401 -7.26095e-06 -0.000333405 
           8      1.80001     0.859396  3.40918e-05 -0.000316756 
           8      1.89949      0.88358  7.54495e-05  -0.00030024 
           8            2     0.904898  0.000115816  -0.00028392 
         8.5           -3 -9.10937e-12  2.73691e-11 -0.000231017 
         8.5     -2.99949  1.55848e-05 -4.86228e-10 -0.000241702 
         8.5     -2.99796  6.21925e-05 -8.12128e-09  -0.00027178 
         8.5     -2.99541  0.000139413 -4.12643e-08 -0.000315604 
         8.5     -2.99184  0.000246483 -1.30825e-07 -0.000364635 
         8.5     -2.98725  0.000382379 -3.20676e-07 -0.000408876 
         8.5     -2.98163  0.000545817 -6.68323e-07 -0.000438786 
         8.5       -2.975  0.000735167 -1.24551e-06 -0.000447742 
         8.5     -2.96735  0.000948548 -2.13929e-06 -0.000435096 
         8.5     -2.95868   0.00118382 -3.45327e-06 -0.000409749 
         8.5     -2.94898   0.00143853 -5.30849e-06 -0.000394291 
         8.5     -2.93827   0.00170997 -7.84521e-06 -0.000429682 
         8.5     -2.92654   0.00199515 -1.12244e-05 -0.000417435 
         8.5     -2.91378   0.00229089   -1.563e-05 -0.000417497 
         8.5     -2.90001   0.00259368 -2.12692e-05 -0.000417566 
         8.5     -2.88522   0.00289979 -2.83749e-05 -0.000417644 
         8.5      -2.8694    0.0032053 -3.72089e-05 -0.000417731 
         8.5     -2.85257   0.00350601 -4.80604e-05 -0.000417828 
         8.5     -2.83471   0.00379753 -6.12502e-05 -0.000417937 
         8.5     -2.81584   0.00407531 -7.71311e-05 -0.000418059 
         8.5     -2.79594   0.00433458 -9.60865e-05 -0.000418196 
         8.5     -2.77502    0.0045704 -0.000118536 -0.000418349 
         8.5     -2.75309   0.00477772 -0.000144932  -0.00041852 
         8.5     -2.73013   0.00495136  -0.00017576 -0.000418711 
         8.5     -2.70615   0.00508603 -0.000211541 -0.000418923 
         8.5     -2.68116   0.00517639  -0.00025283 -0.000419159 
         8.5     -2.65514   0.00521703 -0.000300215 -0.000419419 
         8.5      -2.6281   0.00520254 -0.000354315 -0.000419706 
         8.5     -2.60004   0.00512756 -0.000415783 -0.000420019 
         8.5     -2.57096   0.00498673 -0.000485305 -0.000420359 
         8.5     -2.54087   0.00477481 -0.000563602 -0.000420725 
         8.5     -2.50975   0.00448667 -0.000651418 -0.000421118 
         8.5     -2.47761   0.00411737 -0.000749529 -0.000421534 
         8.5     -2.44445   0.00366211 -0.000858742 -0.000421971 
         8.5     -2.41027   0.00311636 -0.000979891 -0.000422427 
         8.5     -2.37507   0.00247583  -0.00111382 -0.000422896 
         8.5     -2.33885   0.00173647  -0.00126142 -0.000423375 
         8.5      -2.3016  0.000894614  -0.00142354  -0.00042386 
         8.5     -2.26334 -5.31832e-05  -0.00160105 -0.000424346 
         8.5     -2.22406  -0.00110992  -0.00179478 -0.000424832 
         8.5     -2.18376  -0.00227839   -0.0020055 -0.000425317 
         8.5     -2.14244  -0.00356089  -0.00223391 -0.000425803 
         8.5     -2.10009  -0.00495942  -0.00248049 -0.000426298 
         8.5     -2.05673  -0.00647542  -0.00274559 -0.000426815 
         8.5     -2.01235  -0.00810974  -0.00302915 -0.000427376 
         8.5     -1.96694  -0.00986253  -0.00333083  -0.00042801 
         8.5     -1.92052   -0.0117327  -0.00364958 -0.000428764 
         8.5     -1.87308   -0.0137175   -0.0039838 -0.000429695 
         8.5     -1.82461   -0.0158124  -0.00433098 -0.000430878 
         8.5     -1.77513   -0.0180088  -0.00468727 -0.000432415 
         8.5     -1.72462   -0.0202942  -0.00504765 -0.000434426 
         8.5      -1.6731     -0.02265  -0.00540532 -0.000437058 
         8.5     -1.62055   -0.0250514  -0.00575181 -0.000440487 
         8.5     -1.56699     -0.02746  -0.00607576 -0.000444913 
         8.5      -1.5124    -0.029829  -0.00636403 -0.000450558 
         8.5     -1.45679   -0.0320948  -0.00660051 -0.000457651 
         8.5     -1.40017   -0.0341799  -0.00676665 -0.000466434 
         8.5     -1.34252   -0.0359854  -0.00684244 -0.000477081 
         8.5     -1.28385   -0.0373995  -0.00680644 -0.000489746 
         8.5     -1.22416   -0.0382951  -0.00663955 -0.000504433 
         8.5     -1.16346    -0.038537  -0.00632551 -0.000521021 
         8.5     -1.10173   -0.0379946  -0.00585584 -0.000539188 
         8.5     -1.03898   -0.0365617   -0.0052341 -0.000558395 
         8.5    -0.975211   -0.0341615  -0.00447613 -0.000577913 
         8.5    -0.910422   -0.0307705  -0.00361258 -0.000596882 
         8.5    -0.844613   -0.0264248  -0.00268737 -0.000614389 
         8.5    -0.777783    -0.021214  -0.00175184 -0.000629618 
         8.5    -0.709933   -0.0152627 -0.000859031 -0.000641931 
         8.5    -0.641062  -0.00870468 -5.74394e-05 -0.000650952 
         8.5    -0.571172  -0.00164546  0.000614563 -0.000656584 
         8.5    -0.500261   0.00587422   0.00113161 -0.000658981 
         8.5    -0.428329    0.0139134   0.00148233 -0.000658475 
         8.5    -0.355378    0.0226611   0.00166901 -0.000655499 
         8.5    -0.281406    0.0324553   0.00170606 -0.000650508 
         8.5    -0.206414     0.043781   0.00161749 -0.000643921 
         8.5    -0.130401    0.0572469   0.00143361 -0.000636073 
         8.5    -0.053368    0.0735304   0.00118673 -0.000627196 
         8.5     0.024685    0.0932993  0.000907125 -0.000617414 
         8.5     0.103758     0.117121  0.000620535  -0.00060675 
         8.5     0.183852     0.145377  0.000348097 -0.000595219 
         8.5     0.264966      0.17822  0.000107458 -0.000582838 
         8.5       0.3471     0.214997 -9.99104e-05 -0.000568994 
         8.5     0.430255     0.256483 -0.000235844 -0.000554247 
         8.5      0.51443     0.299906 -0.000331845 -0.000538411 
         8.5     0.599625     0.344817  -0.00039295 -0.000521622 
         8.5     0.685841     0.390732 -0.000424656 -0.000504027 
         8.5     0.773076     0.437127  -0.00043293 -0.000485786 
         8.5     0.861332     0.483443 -0.000424229  -0.00046707 
         8.5     0.950609     0.529082  -0.00040551 -0.000448066 
         8.5      1.04091     0.573403 -0.000384249 -0.000428973 
         8.5      1.13222     0.615725 -0.000368453 -0.000410001 
         8.5      1.22456     0.657732 -0.000328483 -0.000390884 
         8.5      1.31792     0.697353  -0.00029115 -0.000372168 
         8.5       1.4123     0.734762 -0.000250177 -0.000353815 
         8.5      1.50769     0.769818 -0.000206289 -0.000335827 
         8.5      1.60411     0.802377 -0.000160264 -0.000318206 
         8.5      1.70155      0.83229 -0.000112936 -0.000300952 
         8.5      1.80001     0.859403  -6.5193e-05 -0.000284065 
         8.5      1.89949      0.88344 -1.88807e-05 -0.000267693 
         8.5            2     0.904669  2.65185e-05 -0.000251663 
           9           -3  1.90643e-09 -4.24777e-10 -0.000369084 
           9     -2.99949  1.53616e-05  3.60195e-10 -0.000374382 
           9     -2.99796  6.13148e-05  1.13147e-08 -0.000389297 
           9     -2.99541  0.000137514   5.7947e-08 -0.000411025 
           9     -2.99184  0.000243302  1.81688e-07 -0.000435331 
           9     -2.98725  0.000377801  4.38327e-07 -0.000457252 
           9     -2.98163  0.000539913  8.95889e-07 -0.000472056 
           9       -2.975  0.000728238  1.63157e-06 -0.000476455 
           9     -2.96735  0.000941161  2.72844e-06 -0.000470131 
           9     -2.95868   0.00117685  4.27145e-06 -0.000457499 
           9     -2.94898   0.00143319  6.34224e-06 -0.000449771 
           9     -2.93827   0.00170785  9.01415e-06 -0.000467275 
           9     -2.92654   0.00199826  1.23485e-05 -0.000461137 
           9     -2.91378   0.00230165  1.63859e-05 -0.000461108 
           9     -2.90001   0.00261499  2.11416e-05 -0.000461085 
           9     -2.88522   0.00293502  2.66005e-05 -0.000461069 
           9      -2.8694   0.00325831  3.27069e-05 -0.000461063 
           9     -2.85257   0.00358114  3.93606e-05 -0.000461069 
           9     -2.83471   0.00389965   4.6409e-05 -0.000461089 
           9     -2.81584   0.00420974  5.36431e-05 -0.000461128 
           9     -2.79594   0.00450713  6.07896e-05 -0.000461186 
           9     -2.77502   0.00478734   6.7501e-05 -0.000461269 
           9     -2.75309   0.00504577  7.33605e-05 -0.000461378 
           9     -2.73013   0.00527762  7.78653e-05 -0.000461519 
           9     -2.70615     0.005478  8.04349e-05 -0.000461694 
           9     -2.68116    0.0056419  8.03921e-05 -0.000461906 
           9     -2.65514   0.00576424  7.69744e-05  -0.00046216 
           9      -2.6281   0.00583988  6.93258e-05 -0.000462458 
           9     -2.60004   0.00586369  5.64943e-05 -0.000462803 
           9     -2.57096   0.00583055  3.74299e-05 -0.000463196 
           9     -2.54087   0.00573539  1.09818e-05 -0.000463638 
           9     -2.50975   0.00557325 -2.40857e-05 -0.000464131 
           9     -2.47761   0.00533928 -6.91212e-05 -0.000464672 
           9     -2.44445   0.00502879  -0.00012555 -0.000465258 
           9     -2.41027   0.00463729 -0.000194916 -0.000465887 
           9     -2.37507   0.00416044 -0.000278829 -0.000466551 
           9     -2.33885   0.00359412 -0.000379013 -0.000467243 
           9      -2.3016   0.00293443 -0.000497259 -0.000467953 
           9     -2.26334   0.00217758 -0.000635431 -0.000468671 
           9     -2.22406   0.00132001 -0.000795466 -0.000469382 
           9     -2.18376  0.000358125 -0.000979339 -0.000470074 
           9     -2.14244 -0.000711499  -0.00118909  -0.00047073 
           9     -2.10009   -0.0018925  -0.00142669 -0.000471334 
           9     -2.05673  -0.00318839  -0.00169416 -0.000471871 
           9     -2.01235  -0.00460288  -0.00199335 -0.000472326 
           9     -1.96694  -0.00613977  -0.00232603 -0.000472684 
           9     -1.92052  -0.00780272  -0.00269364 -0.000472938 
           9     -1.87308  -0.00959499  -0.00309734  -0.00047308 
           9     -1.82461   -0.0115195  -0.00353783 -0.000473111 
           9     -1.77513   -0.0135769  -0.00401493 -0.000473041 
           9     -1.72462   -0.0157661  -0.00452771 -0.000472891 
           9      -1.6731   -0.0180819  -0.00507395 -0.000472697 
           9     -1.62055   -0.0205155  -0.00565028 -0.000472511 
           9     -1.56699   -0.0230476  -0.00625051 -0.000472418 
           9      -1.5124   -0.0256527  -0.00686683 -0.000472522 
           9     -1.45679   -0.0282908  -0.00748769  -0.00047297 
           9     -1.40017   -0.0309105  -0.00809861  -0.00047394 
           9     -1.34252   -0.0334355  -0.00867876 -0.000475655 
           9     -1.28385   -0.0357749  -0.00920351 -0.000478365 
           9     -1.22416   -0.0378066  -0.00964077 -0.000482328 
           9     -1.16346   -0.0393829  -0.00995255 -0.000487798 
           9     -1.10173   -0.0403275    -0.010096 -0.000494954 
           9     -1.03898   -0.0404473   -0.0100296  -0.00050382 
           9    -0.975211    -0.039539  -0.00971602  -0.00051424 
           9    -0.910422   -0.0374258  -0.00913575 -0.000525788 
           9    -0.844613   -0.0339881  -0.00829599 -0.000537753 
           9    -0.777783   -0.0292017  -0.00723779  -0.00054923 
           9    -0.709933   -0.0231437    -0.006032 -0.000559247 
           9    -0.641062   -0.0159827  -0.00477056 -0.000566936 
           9    -0.571172  -0.00792647  -0.00354825  -0.00057169 
           9    -0.500261   0.00084238   -0.0024468 -0.000573231 
           9    -0.428329     0.010235  -0.00152372 -0.000571596 
           9    -0.355378    0.0203087 -0.000808893 -0.000567053 
           9    -0.281406    0.0312971 -0.000306898 -0.000559996 
           9    -0.206414    0.0436117 -2.59563e-06 -0.000550856 
           9    -0.130401    0.0578214  0.000133369 -0.000540031 
           9    -0.053368    0.0745971  0.000138552 -0.000527849 
           9     0.024685    0.0946296  5.30199e-05  -0.00051456 
           9     0.103758     0.118524  -8.5538e-05 -0.000500331 
           9     0.183852     0.146704 -0.000244654 -0.000485267 
           9     0.264966     0.179324   -0.0004008 -0.000469561 
           9       0.3471     0.216183 -0.000530792 -0.000453074 
           9     0.430255     0.256511 -0.000619602 -0.000436116 
           9      0.51443     0.299622 -0.000672274 -0.000418829 
           9     0.599625      0.34477 -0.000694323  -0.00040137 
           9     0.685841     0.391154 -0.000691746 -0.000383905 
           9     0.773076     0.437909 -0.000671041 -0.000366613 
           9     0.861332     0.484107 -0.000639217 -0.000349683 
           9     0.950609     0.528758 -0.000603813 -0.000333321 
           9      1.04091     0.570802 -0.000572916 -0.000317741 
           9      1.13222     0.615594 -0.000517212 -0.000302664 
           9      1.22456     0.657465 -0.000469214 -0.000288179 
           9      1.31792      0.69717 -0.000418761 -0.000274425 
           9       1.4123     0.734594 -0.000366419 -0.000261315 
           9      1.50769     0.769617 -0.000312793 -0.000248758 
           9      1.60411     0.802117 -0.000258532 -0.000236654 
           9      1.70155     0.831968 -0.000204325 -0.000224896 
           9      1.80001     0.859043 -0.000150908 -0.000213369 
           9      1.89949     0.883209 -9.90579e-05 -0.000201949 
           9            2     0.904336  -4.9598e-05 -0.000190505 
         9.5           -3  1.89737e-09 -7.07555e-10 -0.000497114 
         9.5     -2.99949  1.30745e-05  8.71435e-10  -0.00049705 
         9.5     -2.99796   5.2203e-05  2.31731e-08 -0.000496871 
         9.5     -2.99541  0.000117145  1.18585e-07 -0.000496607 
         9.5     -2.99184  0.000207427  3.73169e-07 -0.000496304 
         9.5     -2.98725  0.000322423  9.04895e-07 -0.000496016 
         9.5     -2.98163  0.000461354  1.86134e-06 -0.000495796 
         9.5       -2.975  0.000623212  3.41597e-06  -0.00049568 
         9.5     -2.96735  0.000806834  5.76462e-06 -0.000495672 
         9.5     -2.95868    0.0010109  9.12108e-06 -0.000495725 
         9.5     -2.94898   0.00123388  1.37107e-05  -0.00049572 
         9.5     -2.93827   0.00147407  1.97652e-05 -0.000495436 
         9.5     -2.92654   0.00172958  2.75193e-05 -0.000495406 
         9.5     -2.91378   0.00199838  3.72003e-05 -0.000495309 
         9.5     -2.90001    0.0022782  4.90224e-05 -0.000495213 
         9.5     -2.88522    0.0025666  6.31816e-05  -0.00049512 
         9.5      -2.8694   0.00286097  7.98451e-05 -0.000495031 
         9.5     -2.85257    0.0031585  9.91436e-05  -0.00049495 
         9.5     -2.83471   0.00345617  0.000121165 -0.000494879 
         9.5     -2.81584    0.0037508  0.000145948  -0.00049482 
         9.5     -2.79594   0.00403901  0.000173469 -0.000494778 
         9.5     -2.77502   0.00431721  0.000203634 -0.000494755 
         9.5     -2.75309   0.00458169  0.000236281 -0.000494754 
         9.5     -2.73013   0.00482852  0.000271154  -0.00049478 
         9.5     -2.70615   0.00505365  0.000307918 -0.000494837 
         9.5     -2.68116   0.00525288  0.000346129 -0.000494928 
         9.5     -2.65514    0.0054219  0.000385242 -0.000495057 
         9.5      -2.6281   0.00555629  0.000424604  -0.00049523 
         9.5     -2.60004    0.0056516  0.000463446 -0.000495449 
         9.5     -2.57096   0.00570332  0.000500875 -0.000495719 
         9.5     -2.54087   0.00570694  0.000535877 -0.000496043 
         9.5     -2.50975   0.00565801  0.000567321 -0.000496425 
         9.5     -2.47761   0.00555209  0.000593929 -0.000496865 
         9.5     -2.44445   0.00538488  0.000614328 -0.000497364 
         9.5     -2.41027   0.00515214  0.000626983 -0.000497922 
         9.5     -2.37507   0.00484981  0.000630267 -0.000498535 
         9.5     -2.33885   0.00447387  0.000622412 -0.000499198 
         9.5      -2.3016    0.0040205  0.000601539 -0.000499902 
         9.5     -2.26334   0.00348585  0.000565675 -0.000500636 
         9.5     -2.22406   0.00286622  0.000512724 -0.000501384 
         9.5     -2.18376   0.00215771  0.000440517 -0.000502122 
         9.5     -2.14244   0.00135646  0.000346766 -0.000502825 
         9.5     -2.10009   0.00045818  0.000229159 -0.000503456 
         9.5     -2.05673 -0.000541537  8.52704e-05 -0.000503975 
         9.5     -2.01235  -0.00164767 -8.73253e-05 -0.000504327 
         9.5     -1.96694   -0.0028656 -0.000291118  -0.00050445 
         9.5     -1.92052  -0.00420121 -0.000528576 -0.000504266 
         9.5     -1.87308  -0.00566055  -0.00080218 -0.000503684 
         9.5     -1.82461  -0.00725004  -0.00111436 -0.000502595 
         9.5     -1.77513  -0.00897533   -0.0014674 -0.000500869 
         9.5     -1.72462   -0.0108411  -0.00186346 -0.000498359 
         9.5      -1.6731   -0.0128498  -0.00230442 -0.000494895 
         9.5     -1.62055   -0.0150018  -0.00279197 -0.000490286 
         9.5     -1.56699   -0.0172902  -0.00332697 -0.000484331 
         9.5      -1.5124   -0.0197039  -0.00390984 -0.000476819 
         9.5     -1.45679   -0.0222219  -0.00453983 -0.000467551 
         9.5     -1.40017   -0.0248155  -0.00521531 -0.000456335 
         9.5     -1.34252   -0.0274402  -0.00593184 -0.000443075 
         9.5     -1.28385   -0.0300426  -0.00668357 -0.000427708 
         9.5     -1.22416   -0.0325496  -0.00745924 -0.000410337 
         9.5     -1.16346   -0.0348723  -0.00824285 -0.000391196 
         9.5     -1.10173   -0.0368981    -0.009009 -0.000370707 
         9.5     -1.03898   -0.0384788  -0.00971803  -0.00034949 
         9.5    -0.975211   -0.0394273   -0.0103145 -0.000328343 
         9.5    -0.910422   -0.0395031   -0.0107244 -0.000308169 
         9.5    -0.844613   -0.0384132   -0.0108596 -0.000289879 
         9.5    -0.777783   -0.0358511   -0.0106406 -0.000274181 
         9.5    -0.709933   -0.0315613   -0.0100224 -0.000261432 
         9.5    -0.641062    -0.025423  -0.00902399 -0.000251498 
         9.5    -0.571172    -0.017509  -0.00773875 -0.000243783 
         9.5    -0.500261  -0.00806256   -0.0063148 -0.000237405 
         9.5    -0.428329   0.00260992   -0.0049121 -0.000231462 
         9.5    -0.355378    0.0142837  -0.00366055 -0.000225246 
         9.5    -0.281406    0.0269323  -0.00263767  -0.00021834 
         9.5    -0.206414    0.0407734  -0.00186968 -0.000210594 
         9.5    -0.130401     0.056257  -0.00134362 -0.000202054 
         9.5    -0.053368    0.0740005  -0.00102296 -0.000192895 
         9.5     0.024685    0.0946911 -0.000860443 -0.000183351 
         9.5     0.103758     0.118967 -0.000807258 -0.000173683 
         9.5     0.183852       0.1473 -0.000818932 -0.000164144 
         9.5     0.264966     0.179864 -0.000861273 -0.000155056 
         9.5       0.3471     0.216562 -0.000899936 -0.000145833 
         9.5     0.430255     0.256934 -0.000927125 -0.000138529 
         9.5      0.51443     0.300038 -0.000924508 -0.000132094 
         9.5     0.599625     0.344863 -0.000901307 -0.000126724 
         9.5     0.685841     0.390793  -0.00086208 -0.000122455 
         9.5     0.773076     0.437167 -0.000811755  -0.00011932 
         9.5     0.861332     0.483275 -0.000755644 -0.000117354 
         9.5     0.950609     0.528357 -0.000699454  -0.00011659 
         9.5      1.04091     0.572722 -0.000642272 -0.000116437 
         9.5      1.13222     0.615777 -0.000585095 -0.000117132 
         9.5      1.22456     0.657171  -0.00052772  -0.00011816 
         9.5      1.31792     0.696704 -0.000470285 -0.000119347 
         9.5       1.4123     0.734164 -0.000412936 -0.000120504 
         9.5      1.50769     0.769332 -0.000355829  -0.00012143 
         9.5      1.60411     0.801977 -0.000299127 -0.000121913 
         9.5      1.70155     0.831763 -0.000244223 -0.000121061 
         9.5      1.80001     0.858797 -0.000190483 -0.000120167 
         9.5      1.89949      0.88287 -0.000139691 -0.000118665 
         9.5            2     0.904148 -9.08303e-05 -0.000115541 
          10           -3 -1.12458e-09  -6.9866e-10 -0.000214952 
          10     -2.99949  1.03737e-05  4.48561e-10 -0.000232445 
          10     -2.99796   4.1436e-05  1.62831e-08 -0.000281682 
          10     -2.99541  9.30185e-05  8.39279e-08 -0.000353419 
          10     -2.99184  0.000164788  2.64905e-07 -0.000433669 
          10     -2.98725  0.000256304  6.44692e-07 -0.000506059 
          10     -2.98163  0.000367018  1.33222e-06 -0.000554963 
          10       -2.975  0.000496208  2.45869e-06 -0.000569534 
          10     -2.96735   0.00064304  4.17685e-06 -0.000548714 
          10     -2.95868  0.000806561     6.66e-06 -0.000507075 
          10     -2.94898  0.000985636  1.00998e-05 -0.000481617 
          10     -2.93827   0.00117901  1.47054e-05 -0.000539422 
          10     -2.92654   0.00138526  2.07048e-05  -0.00051919 
          10     -2.91378   0.00160286  2.83403e-05 -0.000519101 
          10     -2.90001   0.00183007  3.78679e-05 -0.000519006 
          10     -2.88522   0.00206501  4.95572e-05 -0.000518906 
          10      -2.8694   0.00230566  6.36891e-05 -0.000518802 
          10     -2.85257    0.0025498  8.05521e-05 -0.000518693 
          10     -2.83471   0.00279506  0.000100443 -0.000518581 
          10     -2.81584   0.00303892  0.000123663 -0.000518465 
          10     -2.79594   0.00327868  0.000150514 -0.000518347 
          10     -2.77502   0.00351147  0.000181296 -0.000518226 
          10     -2.75309   0.00373431  0.000216304 -0.000518104 
          10     -2.73013     0.003944  0.000255817 -0.000517982 
          10     -2.70615   0.00413728  0.000300106 -0.000517863 
          10     -2.68116   0.00431073  0.000349418 -0.000517746 
          10     -2.65514   0.00446079  0.000403971 -0.000517637 
          10      -2.6281   0.00458384  0.000463952 -0.000517536 
          10     -2.60004   0.00467619   0.00052951 -0.000517449 
          10     -2.57096   0.00473406  0.000600754  -0.00051738 
          10     -2.54087   0.00475365  0.000677746 -0.000517333 
          10     -2.50975   0.00473116  0.000760498 -0.000517315 
          10     -2.47761   0.00466275  0.000848961  -0.00051733 
          10     -2.44445   0.00454463  0.000943054 -0.000517384 
          10     -2.41027   0.00437301   0.00104262 -0.000517483 
          10     -2.37507   0.00414417   0.00114748  -0.00051763 
          10     -2.33885   0.00385434   0.00125738 -0.000517826 
          10      -2.3016   0.00349983   0.00137205 -0.000518072 
          10     -2.26334   0.00307686   0.00149119 -0.000518358 
          10     -2.22406   0.00258163   0.00161445 -0.000518674 
          10     -2.18376   0.00201018   0.00174145 -0.000518996 
          10     -2.14244   0.00135844   0.00187178 -0.000519292 
          10     -2.10009  0.000622017   0.00200499 -0.000519512 
          10     -2.05673 -0.000203624   0.00214053 -0.000519591 
          10     -2.01235  -0.00112337   0.00227771 -0.000519435 
          10     -1.96694  -0.00214236    0.0024157 -0.000518924 
          10     -1.92052  -0.00326581   0.00255329 -0.000517899 
          10     -1.87308  -0.00449887   0.00268893 -0.000516162 
          10     -1.82461  -0.00584651   0.00282052 -0.000513466 
          10     -1.77513   -0.0073124   0.00294505 -0.000509496 
          10     -1.72462  -0.00889892   0.00305868 -0.000503882 
          10      -1.6731   -0.0106059   0.00315635 -0.000496182 
          10     -1.62055   -0.0124309   0.00323174 -0.000485881 
          10     -1.56699   -0.0143646   0.00327663 -0.000472405 
          10      -1.5124   -0.0163944   0.00328157 -0.000455129 
          10     -1.45679   -0.0184992    0.0032352 -0.000433408 
          10     -1.40017   -0.0206516   0.00312469  -0.00040658 
          10     -1.34252   -0.0228137   0.00293621 -0.000374131 
          10     -1.28385   -0.0249413   0.00265491 -0.000335587 
          10     -1.22416   -0.0269811   0.00226641 -0.000290783 
          10     -1.16346   -0.0288733    0.0017568 -0.000239789 
          10     -1.10173   -0.0305541   0.00111418 -0.000183063 
          10     -1.03898    -0.031956   0.00033195  -0.00012151 
          10    -0.975211   -0.0330091 -0.000591346 -5.64513e-05 
          10    -0.910422   -0.0336319  -0.00164331  1.03543e-05 
          10    -0.844613   -0.0337151  -0.00278945  7.67525e-05 
          10    -0.777783    -0.033076  -0.00395619  0.000140316 
          10    -0.709933   -0.0314211  -0.00502346  0.000198486 
          10    -0.641062   -0.0283188  -0.00582692  0.000248805 
          10    -0.571172   -0.0232699  -0.00620263   0.00028931 
          10    -0.500261   -0.0158676  -0.00605605  0.000318967 
          10    -0.428329  -0.00599528  -0.00542632  0.000338009 
          10    -0.355378   0.00611866  -0.00448493  0.000347904 
          10    -0.281406     0.020076  -0.00345931  0.000350833 
          10    -0.206414    0.0355969  -0.00253856  0.000348986 
          10    -0.130401    0.0527249  -0.00182319  0.000344045 
          10    -0.053368    0.0718448  -0.00133141  0.000337032 
          10     0.024685     0.093559  -0.00103237  0.000328406 
          10     0.103758     0.118511 -0.000876521  0.000318252 
          10     0.183852     0.147225  -0.00081336  0.000306448 
          10     0.264966     0.179947 -0.000800613  0.000292764 
          10       0.3471     0.216623 -0.000806295   0.00027714 
          10     0.430255     0.256827 -0.000802362  0.000259379 
          10      0.51443     0.299802 -0.000788304  0.000239507 
          10     0.599625     0.344728 -0.000763598  0.000217556 
          10     0.685841     0.390635 -0.000719128  0.000194013 
          10     0.773076     0.436957  -0.00067115  0.000169452 
          10     0.861332     0.482727 -0.000619436  0.000144127 
          10     0.950609     0.528108 -0.000571057  0.000118936 
          10      1.04091     0.572401 -0.000523416  9.39847e-05 
          10      1.13222     0.615431 -0.000477252  6.94986e-05 
          10      1.22456      0.65689 -0.000431696  4.65488e-05 
          10      1.31792     0.696458 -0.000386459  2.51918e-05 
          10       1.4123     0.733925 -0.000341584  5.67996e-06 
          10      1.50769      0.76907 -0.000297117 -1.17214e-05 
          10      1.60411     0.801666 -0.000253105 -2.67335e-05 
          10      1.70155     0.831474 -0.000209595 -3.90636e-05 
          10      1.80001     0.858504 -0.000167672 -4.91583e-05 
          10      1.89949      0.88265 -0.000126958 -5.64276e-05 
          10            2     0.903937 -8.84606e-05 -6.14158e-05 
        10.5           -3 -5.95554e-09    1.555e-09 -0.000539973 
        10.5     -2.99949  9.88761e-06  7.08499e-10 -0.000540059 
        10.5     -2.99796  3.94805e-05 -9.03381e-09 -0.000540299 
        10.5     -2.99541  8.85282e-05 -4.85908e-08 -0.000540651 
        10.5     -2.99184  0.000156571 -1.50432e-07 -0.000541047 
        10.5     -2.98725  0.000242991 -3.55036e-07 -0.000541408 
        10.5     -2.98163  0.000347009 -7.05986e-07 -0.000541659 
        10.5       -2.975  0.000467628 -1.24339e-06 -0.000541747 
        10.5     -2.96735  0.000603686 -1.99621e-06 -0.000541664 
        10.5     -2.95868  0.000753853 -2.97308e-06 -0.000541478 
        10.5     -2.94898  0.000916572 -4.15133e-06 -0.000541362 
        10.5     -2.93827   0.00109011 -5.46519e-06 -0.000541632 
        10.5     -2.92654   0.00127258 -6.80074e-06  -0.00054152 
        10.5     -2.91378   0.00146188 -7.97266e-06 -0.000541487 
        10.5     -2.90001   0.00165573 -8.71974e-06 -0.000541435 
        10.5     -2.88522    0.0018517 -8.69311e-06 -0.000541361 
        10.5      -2.8694   0.00204717 -7.43307e-06 -0.000541261 
        10.5     -2.85257   0.00223936 -4.36546e-06  -0.00054113 
        10.5     -2.83471   0.00242535  1.21455e-06 -0.000540965 
        10.5     -2.81584   0.00260209  1.01515e-05 -0.000540762 
        10.5     -2.79594   0.00276638    2.344e-05 -0.000540516 
        10.5     -2.77502   0.00291492  4.22509e-05 -0.000540224 
        10.5     -2.75309   0.00304429  6.79154e-05 -0.000539883 
        10.5     -2.73013   0.00315097  0.000101957 -0.000539489 
        10.5     -2.70615   0.00323136  0.000146085  -0.00053904 
        10.5     -2.68116   0.00328179  0.000202226 -0.000538534 
        10.5     -2.65514    0.0032985  0.000272503 -0.000537971 
        10.5      -2.6281   0.00327768  0.000359261 -0.000537352 
        10.5     -2.60004   0.00321547  0.000465076 -0.000536678 
        10.5     -2.57096   0.00310796  0.000592758 -0.000535953 
        10.5     -2.54087   0.00295122  0.000745375 -0.000535183 
        10.5     -2.50975   0.00274129  0.000926213 -0.000534375 
        10.5     -2.47761   0.00247423   0.00113883 -0.000533537 
        10.5     -2.44445   0.00214612   0.00138701 -0.000532679 
        10.5     -2.41027   0.00175307   0.00167479 -0.000531811 
        10.5     -2.37507   0.00129132    0.0020064 -0.000530943 
        10.5     -2.33885  0.000757197   0.00238625 -0.000530084 
        10.5      -2.3016  0.000147262    0.0028189 -0.000529238 
        10.5     -2.26334 -0.000541621   0.00330883 -0.000528403 
        10.5     -2.22406   -0.0013122   0.00386052 -0.000527567 
        10.5     -2.18376   -0.0021667    0.0044781 -0.000526702 
        10.5     -2.14244  -0.00310676   0.00516546 -0.000525768 
        10.5     -2.10009  -0.00413288   0.00592535 -0.000524686 
        10.5     -2.05673  -0.00524476   0.00675999 -0.000523355 
        10.5     -2.01235  -0.00644037   0.00766973  -0.00052162 
        10.5     -1.96694  -0.00771629   0.00865347 -0.000519281 
        10.5     -1.92052  -0.00906678   0.00970745 -0.000516061 
        10.5     -1.87308    -0.010484    0.0108257 -0.000511623 
        10.5     -1.82461   -0.0119575    0.0119989 -0.000505533 
        10.5     -1.77513   -0.0134732    0.0132137  -0.00049726 
        10.5     -1.72462   -0.0150144    0.0144535 -0.000486183 
        10.5      -1.6731   -0.0165608    0.0156974  -0.00047159 
        10.5     -1.62055   -0.0180886    0.0169205 -0.000452667 
        10.5     -1.56699   -0.0195705    0.0180943 -0.000428574 
        10.5      -1.5124   -0.0209763    0.0191869 -0.000398427 
        10.5     -1.45679   -0.0222735     0.020164 -0.000361395 
        10.5     -1.40017   -0.0234269    0.0209894 -0.000316683 
        10.5     -1.34252   -0.0244022    0.0216282 -0.000263798 
        10.5     -1.28385   -0.0251634    0.0220448 -0.000202351 
        10.5     -1.22416   -0.0256783    0.0222081  -0.00013243 
        10.5     -1.16346   -0.0259165    0.0220902 -5.44568e-05 
        10.5     -1.10173   -0.0258528    0.0216688  3.06585e-05 
        10.5     -1.03898   -0.0254691    0.0209293   0.00012149 
        10.5    -0.975211   -0.0247538    0.0198633  0.000216155 
        10.5    -0.910422   -0.0237042    0.0184708  0.000312337 
        10.5    -0.844613   -0.0223266      0.01676  0.000407364 
        10.5    -0.777783   -0.0206322    0.0147488  0.000498368 
        10.5    -0.709933   -0.0186192    0.0124704  0.000582408 
        10.5    -0.641062   -0.0162332    0.0099858  0.000656621 
        10.5    -0.571172   -0.0132646    0.0074122  0.000718372 
        10.5    -0.500261  -0.00923112     0.004948  0.000765404 
        10.5    -0.428329  -0.00334045   0.00285994  0.000796101 
        10.5    -0.355378   0.00528169    0.0013871  0.000809948 
        10.5    -0.281406    0.0171524  0.000602069  0.000808033 
        10.5    -0.206414    0.0321821  0.000359829  0.000793062 
        10.5    -0.130401    0.0499123  0.000394793  0.000768595 
        10.5    -0.053368    0.0700333  0.000480066  0.000737861 
        10.5     0.024685    0.0926694  0.000504911  0.000703052 
        10.5     0.103758     0.118275  0.000452735  0.000665322 
        10.5     0.183852      0.14736   0.00034843  0.000625153 
        10.5     0.264966     0.180222  0.000223412   0.00058283 
        10.5       0.3471     0.216907  0.000101703  0.000538137 
        10.5     0.430255     0.257029  3.48322e-06  0.000491449 
        10.5      0.51443     0.299871 -7.16856e-05   0.00044324 
        10.5     0.599625     0.344655 -0.000124333  0.000394018 
        10.5     0.685841     0.390544 -0.000155081  0.000344333 
        10.5     0.773076     0.436736 -0.000167277  0.000294583 
        10.5     0.861332     0.482683 -0.000177264  0.000246628 
        10.5     0.950609     0.527961 -0.000182895  0.000200241 
        10.5      1.04091     0.572265 -0.000186812   0.00015668 
        10.5      1.13222     0.615271 -0.000186706  0.000116137 
        10.5      1.22456      0.65672 -0.000183546  7.90947e-05 
        10.5      1.31792     0.696327 -0.000177407  4.58751e-05 
        10.5       1.4123     0.733787 -0.000168376  1.68141e-05 
        10.5      1.50769     0.768938 -0.000155943 -8.09305e-06 
        10.5      1.60411     0.801534 -0.000141096 -2.89381e-05 
        10.5      1.70155     0.831341 -0.000123895 -4.52181e-05 
        10.5      1.80001     0.858347 -0.000105411 -5.71686e-05 
        10.5      1.89949     0.882463 -8.59897e-05 -6.54442e-05 
        10.5            2     0.903766 -6.60012e-05 -7.00171e-05 
          11           -3 -5.36612e-09  4.40227e-09 -0.000708801 
          11     -2.99949  1.14693e-05  3.50867e-09 -0.000701851 
          11     -2.99796    4.567e-05 -1.38756e-09 -0.000682288 
          11     -2.99541  0.000101949 -1.49679e-08 -0.000653783 
          11     -2.99184  0.000179172 -3.84483e-08 -0.000621892 
          11     -2.98725  0.000275786 -5.97278e-08 -0.000593115 
          11     -2.98163  0.000389829 -3.95747e-08 -0.000573657 
          11       -2.975  0.000518871  1.06135e-07 -0.000567823 
          11     -2.96735   0.00066009   5.2809e-07 -0.000576029 
          11     -2.95868  0.000810281  1.46932e-06 -0.000592478 
          11     -2.94898  0.000965813  3.29454e-06 -0.000602466 
          11     -2.93827    0.0011227  6.52381e-06 -0.000579338 
          11     -2.92654   0.00127663  1.18467e-05 -0.000587163 
          11     -2.91378   0.00142296  2.01878e-05 -0.000586931 
          11     -2.90001   0.00155674  3.27188e-05 -0.000586638 
          11     -2.88522   0.00167275  5.08982e-05 -0.000586274 
          11      -2.8694   0.00176552  7.65335e-05 -0.000585831 
          11     -2.85257   0.00182939  0.000111797   -0.0005853 
          11     -2.83471   0.00185847  0.000159278 -0.000584671 
          11     -2.81584   0.00184673   0.00022202 -0.000583936 
          11     -2.79594   0.00178799  0.000303552 -0.000583088 
          11     -2.77502   0.00167596  0.000407968 -0.000582118 
          11     -2.75309   0.00150426  0.000539906 -0.000581021 
          11     -2.73013   0.00126646  0.000704626 -0.000579793 
          11     -2.70615  0.000956075  0.000908021 -0.000578431 
          11     -2.68116   0.00056667   0.00115668 -0.000576936 
          11     -2.65514   9.1893e-05   0.00145782 -0.000575313 
          11      -2.6281 -0.000474438   0.00181933 -0.000573569 
          11     -2.60004  -0.00113823   0.00224977  -0.00057172 
          11     -2.57096  -0.00190497   0.00275826 -0.000569786 
          11     -2.54087  -0.00277968   0.00335453 -0.000567795 
          11     -2.50975  -0.00376632   0.00404843 -0.000565785 
          11     -2.47761  -0.00486798    0.0048503 -0.000563805 
          11     -2.44445  -0.00608603   0.00576982 -0.000561912 
          11     -2.41027  -0.00742048     0.006817 -0.000560179 
          11     -2.37507   -0.0088686   0.00800013 -0.000558688 
          11     -2.33885   -0.0104255    0.0093268 -0.000557533 
          11      -2.3016   -0.0120828    0.0108023 -0.000556818 
          11     -2.26334   -0.0138284    0.0124289 -0.000556648 
          11     -2.22406   -0.0156468     0.014206  -0.00055713 
          11     -2.18376   -0.0175177    0.0161285 -0.000558356 
          11     -2.14244    -0.019417    0.0181871 -0.000560406 
          11     -2.10009   -0.0213165    0.0203666 -0.000563301 
          11     -2.05673   -0.0231839    0.0226472 -0.000567034 
          11     -2.01235   -0.0249846    0.0250029 -0.000571498 
          11     -1.96694   -0.0266812    0.0274028 -0.000576511 
          11     -1.92052   -0.0282367     0.029812 -0.000581758 
          11     -1.87308    -0.029613    0.0321915 -0.000586829 
          11     -1.82461   -0.0307745    0.0344999 -0.000591158 
          11     -1.77513   -0.0316898    0.0366962 -0.000594053 
          11     -1.72462     -0.03233     0.038739 -0.000594717 
          11      -1.6731   -0.0326721    0.0405893 -0.000592256 
          11     -1.62055   -0.0326975    0.0422103 -0.000585683 
          11     -1.56699   -0.0323955    0.0435725  -0.00057406 
          11      -1.5124   -0.0317588    0.0446484 -0.000556418 
          11     -1.45679   -0.0307869    0.0454181 -0.000531916 
          11     -1.40017   -0.0294833    0.0458654 -0.000499787 
          11     -1.34252   -0.0278564    0.0459822 -0.000459576 
          11     -1.28385   -0.0259179    0.0457624 -0.000410931 
          11     -1.22416   -0.0236832    0.0452067   -0.0003539 
          11     -1.16346   -0.0211704    0.0443182 -0.000288793 
          11     -1.10173   -0.0184006    0.0431035 -0.000216278 
          11     -1.03898   -0.0153979    0.0415712 -0.000137411 
          11    -0.975211   -0.0121896    0.0397317 -5.35987e-05 
          11    -0.910422  -0.00880718    0.0375969  3.33862e-05 
          11    -0.844613  -0.00528686    0.0351795  0.000121418 
          11    -0.777783  -0.00167047    0.0324933  0.000208077 
          11    -0.709933   0.00199444     0.029554  0.000290707 
          11    -0.641062   0.00565644    0.0263799  0.000366501 
          11    -0.571172   0.00927931    0.0229975  0.000432635 
          11    -0.500261    0.0128991    0.0194536   0.00048644 
          11    -0.428329    0.0167734    0.0158464  0.000525649 
          11    -0.355378    0.0216027    0.0123661  0.000548763 
          11    -0.281406    0.0285928   0.00929034  0.000555437 
          11    -0.206414    0.0390534   0.00687842  0.000546751 
          11    -0.130401    0.0537021   0.00520869  0.000525232 
          11    -0.053368    0.0723913    0.0041301  0.000494312 
          11     0.024685     0.094614   0.00339447  0.000457285 
          11     0.103758     0.120141   0.00281691  0.000416458 
          11     0.183852     0.149134   0.00231861  0.000373088 
          11     0.264966      0.18181   0.00188391  0.000327756 
          11       0.3471      0.21825   0.00151251  0.000280886 
          11     0.430255     0.258078   0.00120766  0.000233103 
          11      0.51443     0.300684  0.000961728  0.000184848 
          11     0.599625      0.34526  0.000764207  0.000136924 
          11     0.685841     0.391003  0.000607071  9.00894e-05 
          11     0.773076     0.437052  0.000481607  4.51567e-05 
          11     0.861332     0.482977  0.000372718  2.81705e-06 
          11     0.950609     0.528196  0.000280307 -3.58155e-05 
          11      1.04091     0.572455  0.000201103   -7.061e-05 
          11      1.13222     0.615454  0.000133836 -0.000101117 
          11      1.22456     0.656878  7.71262e-05 -0.000126864 
          11      1.31792     0.696392  2.94755e-05 -0.000147358 
          11       1.4123     0.733837 -7.93217e-06 -0.000162916 
          11      1.50769     0.768994 -3.60858e-05 -0.000174078 
          11      1.60411     0.801587 -5.71623e-05 -0.000179884 
          11      1.70155     0.831375 -7.15929e-05 -0.000181646 
          11      1.80001     0.858311 -8.01746e-05 -0.000178996 
          11      1.89949     0.882415  -8.3784e-05 -0.000172385 
          11            2     0.903711 -8.33613e-05 -0.000162296 
        11.5           -3   8.1833e-10  1.00911e-08 -0.000566822 
        11.5     -2.99949  6.20172e-06  1.59153e-08 -0.000574531 
        11.5     -2.99796  2.42841e-05  1.22634e-07 -0.000596225 
        11.5     -2.99541  5.27013e-05  6.02059e-07 -0.000627811 
        11.5     -2.99184  8.88552e-05  1.91965e-06   -0.0006631 
        11.5     -2.98725  0.000129149   4.7537e-06 -0.000694847 
        11.5     -2.98163  0.000169006  1.00232e-05 -0.000716134 
        11.5       -2.975  0.000202874  1.89195e-05 -0.000722154 
        11.5     -2.96735   0.00022429  3.29503e-05  -0.00071243 
        11.5     -2.95868  0.000225911  5.39916e-05 -0.000693397 
        11.5     -2.94898  0.000199564  8.43378e-05 -0.000681403 
        11.5     -2.93827  0.000136308  0.000126772 -0.000706103 
        11.5     -2.92654  2.64912e-05  0.000184584  -0.00069615 
        11.5     -2.91378 -0.000140197  0.000261709 -0.000694949 
        11.5     -2.90001 -0.000374612  0.000362724 -0.000693577 
        11.5     -2.88522 -0.000688088  0.000492914 -0.000692023 
        11.5      -2.8694  -0.00109238  0.000658412 -0.000690278 
        11.5     -2.85257  -0.00159945  0.000866155 -0.000688334 
        11.5     -2.83471  -0.00222144   0.00112399 -0.000686192 
        11.5     -2.81584  -0.00297047   0.00144067 -0.000683856 
        11.5     -2.79594   -0.0038583   0.00182576 -0.000681342 
        11.5     -2.77502  -0.00489632   0.00228987 -0.000678674 
        11.5     -2.75309    -0.006095   0.00284417 -0.000675896 
        11.5     -2.73013  -0.00746355   0.00350062 -0.000673067 
        11.5     -2.70615  -0.00900941   0.00427134 -0.000670275 
        11.5     -2.68116    -0.010738   0.00516888 -0.000667632 
        11.5     -2.65514   -0.0126513   0.00620513  -0.00066529 
        11.5      -2.6281   -0.0147476   0.00739108 -0.000663439 
        11.5     -2.60004   -0.0170209   0.00873619  -0.00066232 
        11.5     -2.57096   -0.0194598    0.0102478 -0.000662221 
        11.5     -2.54087   -0.0220468    0.0119302 -0.000663486 
        11.5     -2.50975   -0.0247576     0.013783 -0.000666512 
        11.5     -2.47761   -0.0275608     0.015802  -0.00067175 
        11.5     -2.44445   -0.0304193    0.0179765 -0.000679668 
        11.5     -2.41027   -0.0332873    0.0202908 -0.000690795 
        11.5     -2.37507   -0.0361156    0.0227221 -0.000705617 
        11.5     -2.33885   -0.0388496    0.0252426 -0.000724624 
        11.5      -2.3016   -0.0414321     0.027818 -0.000748235 
        11.5     -2.26334   -0.0438083    0.0304112 -0.000776742 
        11.5     -2.22406   -0.0459231     0.032981 -0.000810337 
        11.5     -2.18376   -0.0477294    0.0354867 -0.000849004 
        11.5     -2.14244   -0.0491831    0.0378861 -0.000892583 
        11.5     -2.10009   -0.0502544    0.0401436 -0.000940647 
        11.5     -2.05673   -0.0509172    0.0422231 -0.000992616 
        11.5     -2.01235   -0.0511603    0.0440978  -0.00104768 
        11.5     -1.96694     -0.05098     0.045745  -0.00110485 
        11.5     -1.92052   -0.0503824    0.0471501  -0.00116305 
        11.5     -1.87308     -0.04938    0.0483026  -0.00122104 
        11.5     -1.82461   -0.0479932    0.0492002  -0.00127755 
        11.5     -1.77513   -0.0462451    0.0498452  -0.00133133 
        11.5     -1.72462   -0.0441622    0.0502443  -0.00138112 
        11.5      -1.6731   -0.0417722    0.0504076  -0.00142572 
        11.5     -1.62055   -0.0391036    0.0503488    -0.001464 
        11.5     -1.56699   -0.0361804    0.0500818  -0.00149503 
        11.5      -1.5124   -0.0330276    0.0496225  -0.00151791 
        11.5     -1.45679   -0.0296652    0.0489857  -0.00153192 
        11.5     -1.40017   -0.0261115    0.0481866  -0.00153647 
        11.5     -1.34252   -0.0223795    0.0472372  -0.00153117 
        11.5     -1.28385   -0.0184819    0.0461498  -0.00151572 
        11.5     -1.22416    -0.014427    0.0449325  -0.00149004 
        11.5     -1.16346   -0.0102228    0.0435923  -0.00145419 
        11.5     -1.10173   -0.0058766    0.0421333  -0.00140845 
        11.5     -1.03898  -0.00139719    0.0405566   -0.0013533 
        11.5    -0.975211   0.00320415    0.0388611  -0.00128946 
        11.5    -0.910422   0.00791094    0.0370428  -0.00121791 
        11.5    -0.844613    0.0126993    0.0350952  -0.00113996 
        11.5    -0.777783    0.0175347    0.0330097  -0.00105725 
        11.5    -0.709933    0.0223695    0.0307763 -0.000971803 
        11.5    -0.641062    0.0271404    0.0283844 -0.000886049 
        11.5    -0.571172      0.03177     0.025825  -0.00080279 
        11.5    -0.500261     0.036182    0.0230935 -0.000725131 
        11.5    -0.428329    0.0403582    0.0201982 -0.000656293 
        11.5    -0.355378    0.0444939     0.017179 -0.000599226 
        11.5    -0.281406    0.0492505    0.0141398  -0.00055599 
        11.5    -0.206414    0.0559043    0.0112687 -0.000527147 
        11.5    -0.130401    0.0660593   0.00879551 -0.000511483 
        11.5    -0.053368    0.0808877   0.00687059 -0.000506375 
        11.5     0.024685     0.100604   0.00547148 -0.000508604 
        11.5     0.103758     0.124763   0.00444734 -0.000515278 
        11.5     0.183852     0.152945   0.00364529 -0.000524402 
        11.5     0.264966     0.185004    0.0029833 -0.000534772 
        11.5       0.3471     0.220852    0.0024287 -0.000545816 
        11.5     0.430255     0.260203   0.00196937  -0.00055671 
        11.5      0.51443     0.302383   0.00159212  -0.00056686 
        11.5     0.599625     0.346626    0.0012833  -0.00057558 
        11.5     0.685841     0.392103    0.0010281  -0.00058214 
        11.5     0.773076        0.438  0.000814355 -0.000585987 
        11.5     0.861332     0.483743  0.000631678 -0.000586487 
        11.5     0.950609     0.528877  0.000474091 -0.000583418 
        11.5      1.04091     0.573038  0.000336704 -0.000576575 
        11.5      1.13222     0.615928  0.000218619 -0.000565735 
        11.5      1.22456     0.657249  0.000118337 -0.000550728 
        11.5      1.31792     0.696757  3.32955e-05 -0.000531755 
        11.5       1.4123     0.734123 -3.65105e-05   -0.0005088 
        11.5      1.50769     0.769131 -9.27781e-05 -0.000482248 
        11.5      1.60411     0.801623 -0.000136812 -0.000452458 
        11.5      1.70155      0.83144 -0.000170025 -0.000419815 
        11.5      1.80001     0.858382 -0.000193199 -0.000384805 
        11.5      1.89949     0.882491  -0.00020916 -0.000347767 
        11.5            2     0.903762 -0.000217482 -0.000308969 
          12           -3 -1.03064e-07  2.64222e-08 -0.000647052 
          12     -2.99949 -2.69667e-05  5.17954e-08 -0.000663475 
          12     -2.99796 -0.000108478  4.78233e-07 -0.000709683 
          12     -2.99541 -0.000247443   2.3598e-06 -0.000776933 
          12     -2.99184 -0.000448366   7.4591e-06 -0.000852004 
          12     -2.98725 -0.000717557  1.82583e-05 -0.000919417 
          12     -2.98163  -0.00106308  3.79776e-05   -0.0009644 
          12       -2.975  -0.00149449  7.05849e-05 -0.000976696 
          12     -2.96735   -0.0020229  0.000120826 -0.000955298 
          12     -2.95868  -0.00266087  0.000194257 -0.000913979 
          12     -2.94898  -0.00342207  0.000297258 -0.000887706 
          12     -2.93827   -0.0043213  0.000437079  -0.00093988 
          12     -2.92654  -0.00537372  0.000621716 -0.000918059 
          12     -2.91378  -0.00659526  0.000860129  -0.00091505 
          12     -2.90001  -0.00800135   0.00116195 -0.000911839 
          12     -2.88522  -0.00960654   0.00153733 -0.000908473 
          12      -2.8694   -0.0114246   0.00199718 -0.000905018 
          12     -2.85257   -0.0134666   0.00255255 -0.000901571 
          12     -2.83471   -0.0157408    0.0032145 -0.000898265 
          12     -2.81584   -0.0182514   0.00399354 -0.000895281 
          12     -2.79594   -0.0209968   0.00489895 -0.000892852 
          12     -2.77502     -0.02397   0.00593902 -0.000891272 
          12     -2.75309   -0.0271559   0.00711902 -0.000890909 
          12     -2.73013   -0.0305309   0.00844141 -0.000892206 
          12     -2.70615   -0.0340629   0.00990455 -0.000895679 
          12     -2.68116   -0.0377102    0.0115028 -0.000901923 
          12     -2.65514   -0.0414218    0.0132248 -0.000911593 
          12      -2.6281   -0.0451392     0.015054 -0.000925386 
          12     -2.60004    -0.048798    0.0169691 -0.000944013 
          12     -2.57096    -0.052329     0.018944 -0.000968177 
          12     -2.54087   -0.0556614    0.0209481 -0.000998539 
          12     -2.50975   -0.0587306    0.0229503  -0.00103561 
          12     -2.47761    -0.061471    0.0249162  -0.00107982 
          12     -2.44445   -0.0638326    0.0268153  -0.00113137 
          12     -2.41027   -0.0657685    0.0286157  -0.00119032 
          12     -2.37507    -0.067249    0.0302925  -0.00125645 
          12     -2.33885   -0.0682518    0.0318221  -0.00132938 
          12      -2.3016   -0.0687696    0.0331875  -0.00140847 
          12     -2.26334   -0.0688045    0.0343765  -0.00149292 
          12     -2.22406   -0.0683679    0.0353803  -0.00158175 
          12     -2.18376   -0.0674803    0.0361963  -0.00167389 
          12     -2.14244   -0.0661692    0.0368244  -0.00176814 
          12     -2.10009   -0.0644664    0.0372696  -0.00186333 
          12     -2.05673   -0.0624101    0.0375399  -0.00195819 
          12     -2.01235   -0.0600387    0.0376467  -0.00205159 
          12     -1.96694   -0.0573933     0.037604  -0.00214239 
          12     -1.92052   -0.0545113    0.0374271   -0.0022296 
          12     -1.87308   -0.0514305    0.0371329  -0.00231228 
          12     -1.82461   -0.0481828    0.0367385  -0.00238963 
          12     -1.77513    -0.044793    0.0362591  -0.00246099 
          12     -1.72462    -0.041283    0.0357096  -0.00252574 
          12      -1.6731   -0.0376675    0.0351024  -0.00258338 
          12     -1.62055   -0.0339564    0.0344485  -0.00263348 
          12     -1.56699    -0.030153     0.033755  -0.00267568 
          12      -1.5124    -0.026259    0.0330286  -0.00270966 
          12     -1.45679   -0.0222711     0.032273  -0.00273517 
          12     -1.40017   -0.0181848    0.0314911  -0.00275197 
          12     -1.34252   -0.0139934     0.030684  -0.00275989 
          12     -1.28385  -0.00968952    0.0298524  -0.00275878 
          12     -1.22416  -0.00526496    0.0289959  -0.00274856 
          12     -1.16346 -0.000711645    0.0281137  -0.00272919 
          12     -1.10173   0.00397814    0.0272044  -0.00270071 
          12     -1.03898   0.00881031    0.0262659  -0.00266322 
          12    -0.975211    0.0137886    0.0252951  -0.00261695 
          12    -0.910422    0.0189119    0.0242877  -0.00256224 
          12    -0.844613    0.0241715    0.0232375  -0.00249961 
          12    -0.777783     0.029547    0.0221363   -0.0024298 
          12    -0.709933    0.0350015    0.0209736  -0.00235385 
          12    -0.641062    0.0404767    0.0197366  -0.00227315 
          12    -0.571172    0.0458894    0.0184104  -0.00218953 
          12    -0.500261     0.051138    0.0169789  -0.00210529 
          12    -0.428329    0.0561343    0.0154266  -0.00202315 
          12    -0.355378    0.0608988    0.0137438  -0.00194606 
          12    -0.281406    0.0657471    0.0119395  -0.00187669 
          12    -0.206414    0.0715082    0.0100634  -0.00181677 
          12    -0.130401    0.0795767   0.00822374  -0.00176654 
          12    -0.053368    0.0915377   0.00656665  -0.00172465 
          12     0.024685     0.108487     0.005205  -0.00168867 
          12     0.103758      0.13063   0.00415344  -0.00165588 
          12     0.183852     0.157557    0.0033409  -0.00162397 
          12     0.264966     0.188789   0.00268562  -0.00159132 
          12       0.3471     0.223987   0.00213716  -0.00155692 
          12     0.430255      0.26277   0.00167635  -0.00151983 
          12      0.51443     0.304476   0.00129242   -0.0014796 
          12     0.599625     0.348339  0.000973443   -0.0014357 
          12     0.685841     0.393523  0.000707701  -0.00138774 
          12     0.773076     0.439168  0.000482718  -0.00133574 
          12     0.861332     0.484747  0.000291304  -0.00127968 
          12     0.950609     0.529741  0.000126005  -0.00121964 
          12      1.04091     0.573783 -1.62632e-05  -0.00115598 
          12      1.13222     0.616551 -0.000137922  -0.00108924 
          12      1.22456     0.657773 -0.000239963  -0.00101963 
          12      1.31792     0.697191 -0.000324026  -0.00094757 
          12       1.4123      0.73447  -0.00039103 -0.000873745 
          12      1.50769     0.769397 -0.000442599 -0.000798787 
          12      1.60411     0.801815  -0.00048015 -0.000723245 
          12      1.70155     0.831568 -0.000505222 -0.000647703 
          12      1.80001     0.858475 -0.000518964 -0.000572751 
          12      1.89949      0.88253 -0.000523983 -0.000498783 
          12            2     0.903751 -0.000520506 -0.000426468 
        12.5           -3 -6.68442e-07  3.86607e-08  -0.00139418 
        12.5     -2.99949 -0.000112583  8.95513e-08   -0.0013833 
        12.5     -2.99796  -0.00044891  9.13889e-07  -0.00135265 
        12.5     -2.99541   -0.0010116  4.51556e-06  -0.00130786 
        12.5     -2.99184  -0.00180325  1.41886e-05  -0.00125746 
        12.5     -2.98725  -0.00282763  3.44529e-05  -0.00121145 
        12.5     -2.98163  -0.00408954  7.09702e-05  -0.00117936 
        12.5       -2.975  -0.00559395  0.000130409  -0.00116783 
        12.5     -2.96735  -0.00734639  0.000220312  -0.00117754 
        12.5     -2.95868  -0.00935268  0.000348945  -0.00119968 
        12.5     -2.94898   -0.0116179   0.00052505  -0.00121176 
        12.5     -2.93827   -0.0141467  0.000757667  -0.00117301 
        12.5     -2.92654   -0.0169394   0.00105563  -0.00118179 
        12.5     -2.91378    -0.019995   0.00142752  -0.00117843 
        12.5     -2.90001   -0.0233064   0.00188089  -0.00117539 
        12.5     -2.88522   -0.0268606   0.00242188   -0.0011729 
        12.5      -2.8694   -0.0306382   0.00305495  -0.00117126 
        12.5     -2.85257   -0.0346108   0.00378204  -0.00117082 
        12.5     -2.83471   -0.0387402   0.00460197  -0.00117201 
        12.5     -2.81584   -0.0429805   0.00551044  -0.00117533 
        12.5     -2.79594   -0.0472771   0.00649959  -0.00118133 
        12.5     -2.77502   -0.0515658   0.00755748  -0.00119063 
        12.5     -2.75309   -0.0557807   0.00866955  -0.00120389 
        12.5     -2.73013   -0.0598502   0.00981758  -0.00122177 
        12.5     -2.70615   -0.0637082    0.0109829   -0.0012449 
        12.5     -2.68116   -0.0672871    0.0121444  -0.00127391 
        12.5     -2.65514   -0.0705309    0.0132824   -0.0013093 
        12.5      -2.6281    -0.073392     0.014379  -0.00135149 
        12.5     -2.60004   -0.0758324     0.015418  -0.00140075 
        12.5     -2.57096   -0.0778239    0.0163859  -0.00145723 
        12.5     -2.54087   -0.0793488    0.0172723   -0.0015209 
        12.5     -2.50975   -0.0803959     0.018069  -0.00159154 
        12.5     -2.47761   -0.0809611    0.0187694   -0.0016688 
        12.5     -2.44445   -0.0810456    0.0193687  -0.00175215 
        12.5     -2.41027   -0.0806573    0.0198627  -0.00184089 
        12.5     -2.37507   -0.0798098     0.020249   -0.0019342 
        12.5     -2.33885   -0.0785245    0.0205263  -0.00203115 
        12.5      -2.3016   -0.0768311    0.0206953  -0.00213069 
        12.5     -2.26334   -0.0747662    0.0207595  -0.00223181 
        12.5     -2.22406   -0.0723741    0.0207246  -0.00233342 
        12.5     -2.18376   -0.0697018    0.0205994  -0.00243456 
        12.5     -2.14244   -0.0668015    0.0203951  -0.00253426 
        12.5     -2.10009   -0.0637178    0.0201237  -0.00263175 
        12.5     -2.05673   -0.0604977    0.0197989  -0.00272627 
        12.5     -2.01235   -0.0571758    0.0194335  -0.00281727 
        12.5     -1.96694   -0.0537814    0.0190398  -0.00290424 
        12.5     -1.92052   -0.0503325    0.0186276  -0.00298677 
        12.5     -1.87308   -0.0468423    0.0182059  -0.00306451 
        12.5     -1.82461   -0.0433133    0.0177805  -0.00313714 
        12.5     -1.77513   -0.0397432    0.0173551  -0.00320437 
        12.5     -1.72462   -0.0361262    0.0169319  -0.00326592 
        12.5      -1.6731   -0.0324535    0.0165117  -0.00332152 
        12.5     -1.62055    -0.028715     0.016094  -0.00337086 
        12.5     -1.56699    -0.024901    0.0156777  -0.00341366 
        12.5      -1.5124   -0.0210016    0.0152615  -0.00344963 
        12.5     -1.45679   -0.0170083    0.0148442   -0.0034785 
        12.5     -1.40017   -0.0129125    0.0144244  -0.00349999 
        12.5     -1.34252  -0.00870732    0.0140016  -0.00351387 
        12.5     -1.28385  -0.00438516     0.013575  -0.00351993 
        12.5     -1.22416  6.10973e-05    0.0131447    -0.003518 
        12.5     -1.16346   0.00463897     0.012711  -0.00350798 
        12.5     -1.10173   0.00935646    0.0122742  -0.00348978 
        12.5     -1.03898    0.0142215    0.0118349  -0.00346342 
        12.5    -0.975211    0.0192414    0.0113939  -0.00342895 
        12.5    -0.910422    0.0244214    0.0109516  -0.00338654 
        12.5    -0.844613    0.0297616    0.0105079  -0.00333645 
        12.5    -0.777783    0.0352528    0.0100622  -0.00327909 
        12.5    -0.709933    0.0408712   0.00961271  -0.00321509 
        12.5    -0.641062    0.0465734   0.00915583  -0.00314532 
        12.5    -0.571172    0.0522918   0.00868558  -0.00307098 
        12.5    -0.500261    0.0579412   0.00819215  -0.00299368 
        12.5    -0.428329    0.0634462   0.00766023  -0.00291537 
        12.5    -0.355378    0.0688144   0.00706799  -0.00283829 
        12.5    -0.281406    0.0742711   0.00639005  -0.00276452 
        12.5    -0.206414    0.0804214   0.00560952   -0.0026956 
        12.5    -0.130401    0.0883438   0.00473832  -0.00263196 
        12.5    -0.053368    0.0994397   0.00383189  -0.00257281 
        12.5     0.024685     0.114996   0.00297493  -0.00251634 
        12.5     0.103758     0.135706   0.00223676  -0.00246028 
        12.5     0.183852     0.161537   0.00163478  -0.00240238 
        12.5     0.264966     0.192041   0.00114288   -0.0023408 
        12.5       0.3471     0.226714  0.000727914  -0.00227413 
        12.5     0.430255     0.265024  0.000374898  -0.00220153 
        12.5      0.51443     0.306337  7.73389e-05  -0.00212236 
        12.5     0.599625      0.34987 -0.000170517  -0.00203634 
        12.5     0.685841     0.394762 -0.000374623  -0.00194354 
        12.5     0.773076     0.440231 -0.000542721  -0.00184446 
        12.5     0.861332     0.485646 -0.000681918  -0.00173973 
        12.5     0.950609     0.530478  -0.00079718  -0.00163031 
        12.5      1.04091     0.574401 -0.000891344  -0.00151715 
        12.5      1.13222     0.617054 -0.000966301  -0.00140134 
        12.5      1.22456     0.658163  -0.00102318   -0.0012839 
        12.5      1.31792     0.697463  -0.00106311  -0.00116583 
        12.5       1.4123     0.734678  -0.00108734  -0.00104821 
        12.5      1.50769     0.769553  -0.00109727 -0.000932098 
        12.5      1.60411     0.801921  -0.00109387 -0.000818062 
        12.5      1.70155      0.83162  -0.00107932 -0.000706902 
        12.5      1.80001     0.858468  -0.00105544  -0.00060011 
        12.5      1.89949     0.882438  -0.00102318 -0.000497275 
        12.5            2     0.903609 -0.000984086 -0.000399223 
          13           -3 -6.77581e-07 -1.02608e-07 -0.000899964 
          13     -2.99949 -0.000224139  -3.9683e-08 -0.000909568 
          13     -2.99796 -0.000892871  7.20398e-07 -0.000936573 
          13     -2.99541  -0.00200234  3.86452e-06  -0.00097582 
          13     -2.99184  -0.00354377  1.21064e-05  -0.00101951 
          13     -2.98725  -0.00550537  2.90438e-05  -0.00105852 
          13     -2.98163  -0.00787217  5.89637e-05  -0.00108416 
          13       -2.975   -0.0106247  0.000106569  -0.00109043 
          13     -2.96735   -0.0137398  0.000176672  -0.00107682 
          13     -2.95868   -0.0171909  0.000273834  -0.00105161 
          13     -2.94898   -0.0209458  0.000401897  -0.00103563 
          13     -2.93827   -0.0249685  0.000563527  -0.00106658 
          13     -2.92654    -0.029215  0.000760309   -0.0010544 
          13     -2.91378   -0.0336373  0.000991525  -0.00105429 
          13     -2.90001   -0.0381798   0.00125459  -0.00105527 
          13     -2.88522   -0.0427845   0.00154531  -0.00105769 
          13      -2.8694   -0.0473873   0.00185652  -0.00106197 
          13     -2.85257   -0.0519226   0.00217948  -0.00106857 
          13     -2.83471   -0.0563263   0.00250404  -0.00107801 
          13     -2.81584   -0.0605394   0.00281988  -0.00109083 
          13     -2.79594     -0.06451   0.00311727  -0.00110759 
          13     -2.77502   -0.0681924   0.00338605  -0.00112888 
          13     -2.75309   -0.0715557   0.00362014  -0.00115525 
          13     -2.73013   -0.0745775     0.003815  -0.00118724 
          13     -2.70615   -0.0772427   0.00396943  -0.00122531 
          13     -2.68116    -0.079544   0.00408403  -0.00126989 
          13     -2.65514    -0.081474    0.0041622   -0.0013213 
          13      -2.6281   -0.0830231   0.00420753  -0.00137975 
          13     -2.60004    -0.084179   0.00422368  -0.00144534 
          13     -2.57096   -0.0849262   0.00421359    -0.001518 
          13     -2.54087   -0.0852458   0.00417861  -0.00159749 
          13     -2.50975    -0.085122   0.00411813  -0.00168337 
          13     -2.47761   -0.0845441    0.0040309  -0.00177503 
          13     -2.44445    -0.083513   0.00391471   -0.0018717 
          13     -2.41027   -0.0820413   0.00376706  -0.00197238 
          13     -2.37507   -0.0801574    0.0035866  -0.00207608 
          13     -2.33885   -0.0779019   0.00337273  -0.00218168 
          13      -2.3016   -0.0753291   0.00312661   -0.0022881 
          13     -2.26334   -0.0724965   0.00285102  -0.00239437 
          13     -2.22406   -0.0694668   0.00254998  -0.00249956 
          13     -2.18376   -0.0662965    0.0022288  -0.00260295 
          13     -2.14244   -0.0630401   0.00189352  -0.00270388 
          13     -2.10009   -0.0597338   0.00155002  -0.00280191 
          13     -2.05673    -0.056411   0.00120455  -0.00289661 
          13     -2.01235    -0.053086  0.000862295  -0.00298772 
          13     -1.96694   -0.0497655  0.000527966  -0.00307498 
          13     -1.92052   -0.0464461  0.000205107  -0.00315814 
          13     -1.87308   -0.0431194 -0.000103189  -0.00323698 
          13     -1.82461   -0.0397709 -0.000394973  -0.00331123 
          13     -1.77513   -0.0363858 -0.000668853  -0.00338059 
          13     -1.72462   -0.0329488 -0.000923786  -0.00344472 
          13      -1.6731   -0.0294458  -0.00115911  -0.00350327 
          13     -1.62055   -0.0258641  -0.00137435  -0.00355585 
          13     -1.56699   -0.0221944  -0.00156905  -0.00360205 
          13      -1.5124   -0.0184279   -0.0017428  -0.00364148 
          13     -1.45679   -0.0145583   -0.0018951  -0.00367374 
          13     -1.40017   -0.0105799  -0.00202543  -0.00369847 
          13     -1.34252  -0.00648808   -0.0021331  -0.00371536 
          13     -1.28385  -0.00227785  -0.00221741  -0.00372411 
          13     -1.22416   0.00205595  -0.00227751  -0.00372452 
          13     -1.16346   0.00651901  -0.00231242  -0.00371641 
          13     -1.10173    0.0111178  -0.00232101   -0.0036997 
          13     -1.03898    0.0158589  -0.00230187   -0.0036744 
          13    -0.975211    0.0207486  -0.00225329   -0.0036406 
          13    -0.910422    0.0257914  -0.00217315  -0.00359851 
          13    -0.844613    0.0309875  -0.00205887  -0.00354847 
          13    -0.777783      0.03633  -0.00190758  -0.00349101 
          13    -0.709933    0.0418011  -0.00171661  -0.00342686 
          13    -0.641062    0.0473699  -0.00148437  -0.00335701 
          13    -0.571172    0.0529934  -0.00121244  -0.00328274 
          13    -0.500261    0.0586278 -0.000908435  -0.00320563 
          13    -0.428329    0.0642585 -0.000589924  -0.00312747 
          13    -0.355378    0.0699599 -0.000287849  -0.00305007 
          13    -0.281406    0.0759881 -4.59466e-05  -0.00297495 
          13    -0.206414    0.0828798  8.78103e-05  -0.00290297 
          13    -0.130401    0.0915078  7.88159e-05  -0.00283402 
          13    -0.053368     0.103003 -7.41465e-05    -0.002767 
          13     0.024685     0.118499 -0.000332122  -0.00270004 
          13     0.103758     0.138789 -0.000633651  -0.00263092 
          13     0.183852     0.164108 -0.000926575  -0.00255742 
          13     0.264966     0.194189  -0.00118876  -0.00247763 
          13       0.3471     0.228534  -0.00141913  -0.00239003 
          13     0.430255     0.266556  -0.00161837  -0.00229383 
          13      0.51443     0.307599  -0.00178517  -0.00218846 
          13     0.599625     0.350888  -0.00191729  -0.00207405 
          13     0.685841     0.395566  -0.00201477  -0.00195127 
          13     0.773076     0.440834  -0.00208236  -0.00182117 
          13     0.861332     0.486112  -0.00212446  -0.00168518 
          13     0.950609     0.530824  -0.00214544  -0.00154496 
          13      1.04091     0.574629  -0.00214856  -0.00140209 
          13      1.13222     0.617194  -0.00213527  -0.00125824 
          13      1.22456      0.65822  -0.00210748  -0.00111496 
          13      1.31792     0.697433  -0.00206628  -0.00097364 
          13       1.4123     0.734575  -0.00201306 -0.000835576 
          13      1.50769     0.769397  -0.00194926 -0.000701676 
          13      1.60411     0.801687  -0.00187647 -0.000573161 
          13      1.70155     0.831317  -0.00179627 -0.000450506 
          13      1.80001     0.858166  -0.00171017 -0.000334307 
          13      1.89949     0.882146  -0.00161968 -0.000225319 
          13            2     0.903307  -0.00152608 -0.000123087 
        13.5           -3  1.02884e-06 -1.87162e-07 -3.13457e-05 
        13.5     -2.99949 -0.000253859 -1.89566e-07 -3.45709e-05 
        13.5     -2.99796  -0.00101442 -5.51534e-07 -4.36707e-05 
        13.5     -2.99541  -0.00226889 -2.34092e-06 -5.70028e-05 
        13.5     -2.99184  -0.00399651 -7.34507e-06 -7.20834e-05 
        13.5     -2.98725  -0.00616924 -1.80842e-05 -8.60088e-05 
        13.5     -2.98163  -0.00875213 -3.78336e-05 -9.60136e-05 
        13.5       -2.975   -0.0117023 -7.06373e-05 -0.000100191 
        13.5     -2.96735   -0.0149709 -0.000121344 -9.83868e-05 
        13.5     -2.95868   -0.0185039 -0.000195648 -9.32437e-05 
        13.5     -2.94898   -0.0222411 -0.000300105 -9.14123e-05 
        13.5     -2.93827   -0.0261189 -0.000442193  -0.00010492 
        13.5     -2.92654   -0.0300755 -0.000629304 -0.000105255 
        13.5     -2.91378   -0.0340478  -0.00086973 -0.000110081 
        13.5     -2.90001   -0.0379776  -0.00117118 -0.000116089 
        13.5     -2.88522   -0.0418142  -0.00154037 -0.000123619 
        13.5      -2.8694   -0.0455154  -0.00198346 -0.000133087 
        13.5     -2.85257   -0.0490507  -0.00250445  -0.00014498 
        13.5     -2.83471   -0.0524047  -0.00310477 -0.000159852 
        13.5     -2.81584   -0.0555721  -0.00378329 -0.000178313 
        13.5     -2.79594   -0.0585564  -0.00453601 -0.000201011 
        13.5     -2.77502   -0.0613741  -0.00535578 -0.000228666 
        13.5     -2.75309   -0.0640359  -0.00623318 -0.000261984 
        13.5     -2.73013   -0.0665539  -0.00715609 -0.000301708 
        13.5     -2.70615   -0.0689249  -0.00811179 -0.000348544 
        13.5     -2.68116   -0.0711423  -0.00908527 -0.000403191 
        13.5     -2.65514   -0.0731756    -0.010062 -0.000466245 
        13.5      -2.6281   -0.0749845   -0.0110274 -0.000538178 
        13.5     -2.60004   -0.0765188   -0.0119672  -0.00061929 
        13.5     -2.57096   -0.0777224   -0.0128677 -0.000709665 
        13.5     -2.54087    -0.078537   -0.0137165  -0.00080911 
        13.5     -2.50975   -0.0789168    -0.014504  -0.00091709 
        13.5     -2.47761   -0.0788214   -0.0152213  -0.00103278 
        13.5     -2.44445   -0.0782344   -0.0158641  -0.00115508 
        13.5     -2.41027   -0.0771536     -0.01643  -0.00128256 
        13.5     -2.37507   -0.0756022   -0.0169212  -0.00141372 
        13.5     -2.33885    -0.073619   -0.0173422   -0.0015469 
        13.5      -2.3016   -0.0712638   -0.0177013   -0.0016805 
        13.5     -2.26334   -0.0686025    -0.018008   -0.0018131 
        13.5     -2.22406   -0.0657094   -0.0182736  -0.00194334 
        13.5     -2.18376   -0.0626536   -0.0185086  -0.00207026 
        13.5     -2.14244   -0.0595029   -0.0187236  -0.00219298 
        13.5     -2.10009   -0.0563041   -0.0189259    -0.002311 
        13.5     -2.05673   -0.0531014   -0.0191223  -0.00242388 
        13.5     -2.01235   -0.0499155   -0.0193155  -0.00253141 
        13.5     -1.96694   -0.0467582   -0.0195067  -0.00263342 
        13.5     -1.92052   -0.0436279   -0.0196941   -0.0027298 
        13.5     -1.87308   -0.0405176   -0.0198748  -0.00282043 
        13.5     -1.82461   -0.0374113    -0.020044  -0.00290515 
        13.5     -1.77513   -0.0342922    -0.020196  -0.00298373 
        13.5     -1.72462   -0.0311425   -0.0203247  -0.00305589 
        13.5      -1.6731   -0.0279449    -0.020424  -0.00312131 
        13.5     -1.62055   -0.0246835   -0.0204874  -0.00317958 
        13.5     -1.56699   -0.0213462   -0.0205094  -0.00323027 
        13.5      -1.5124   -0.0179213   -0.0204844  -0.00327293 
        13.5     -1.45679   -0.0144005   -0.0204076  -0.00330707 
        13.5     -1.40017   -0.0107758   -0.0202743  -0.00333224 
        13.5     -1.34252  -0.00704168   -0.0200805  -0.00334804 
        13.5     -1.28385  -0.00319215   -0.0198224  -0.00335406 
        13.5     -1.22416  0.000777822   -0.0194964  -0.00335003 
        13.5     -1.16346   0.00487337   -0.0190989  -0.00333571 
        13.5     -1.10173   0.00909954   -0.0186264  -0.00331102 
        13.5     -1.03898     0.013461   -0.0180752    -0.003276 
        13.5    -0.975211    0.0179615   -0.0174415  -0.00323085 
        13.5    -0.910422    0.0226034   -0.0167217  -0.00317598 
        13.5    -0.844613    0.0273864   -0.0159121  -0.00311202 
        13.5    -0.777783    0.0323069   -0.0150104   -0.0030399 
        13.5    -0.709933    0.0373586   -0.0140166  -0.00296081 
        13.5    -0.641062     0.042535   -0.0129346  -0.00287624 
        13.5    -0.571172    0.0478371   -0.0117757  -0.00278796 
        13.5    -0.500261    0.0532889   -0.0105612  -0.00269786 
        13.5    -0.428329    0.0589641  -0.00932599  -0.00260782 
        13.5    -0.355378    0.0650283  -0.00811962  -0.00251943 
        13.5    -0.281406    0.0717921  -0.00700317  -0.00243365 
        13.5    -0.206414    0.0797574  -0.00604011   -0.0023506 
        13.5    -0.130401    0.0896391  -0.00528106  -0.00226944 
        13.5    -0.053368     0.102314  -0.00474704   -0.0021885 
        13.5     0.024685     0.118677  -0.00442025  -0.00210555 
        13.5     0.103758     0.139426  -0.00425062  -0.00201827 
        13.5     0.183852     0.164884  -0.00417666  -0.00192458 
        13.5     0.264966     0.194944  -0.00414933  -0.00182297 
        13.5       0.3471     0.229206  -0.00413847  -0.00171255 
        13.5     0.430255      0.26711  -0.00412727  -0.00159332 
        13.5      0.51443     0.307996  -0.00410399  -0.00146578 
        13.5     0.599625      0.35109  -0.00405962  -0.00133117 
        13.5     0.685841     0.395599  -0.00399189  -0.00119117 
        13.5     0.773076     0.440757  -0.00390197  -0.00104773 
        13.5     0.861332     0.485895  -0.00379327 -0.000903009 
        13.5     0.950609     0.530526  -0.00367075 -0.000759035 
        13.5      1.04091     0.574258  -0.00353793  -0.00061732 
        13.5      1.13222     0.616758  -0.00339715 -0.000479721 
        13.5      1.22456     0.657739  -0.00325012 -0.000347408 
        13.5      1.31792     0.696911  -0.00309838 -0.000221094 
        13.5       1.4123     0.734009  -0.00294311 -0.000101813 
        13.5      1.50769     0.768806  -0.00278543  1.01136e-05 
        13.5      1.60411     0.801091  -0.00262649  0.000114319 
        13.5      1.70155     0.830698  -0.00246752  0.000210894 
        13.5      1.80001     0.857518  -0.00230967  0.000299623 
        13.5      1.89949     0.881539  -0.00215363  0.000380431 
        13.5            2     0.902691  -0.00200117  0.000453805 
          14           -3    1.049e-06   2.7964e-07   0.00110742 
          14     -2.99949  -0.00010714  1.38939e-07   0.00109823 
          14     -2.99796 -0.000430106 -1.46164e-06   0.00107228 
          14     -2.99541 -0.000963289 -8.02082e-06   0.00103426 
          14     -2.99184  -0.00169862 -2.52316e-05  0.000991251 
          14     -2.98725  -0.00262531 -6.07821e-05  0.000951551 
          14     -2.98163  -0.00373001 -0.000124087  0.000923097 
          14       -2.975  -0.00499651 -0.000225894   0.00091143 
          14     -2.96735  -0.00640663 -0.000377866  0.000917171 
          14     -2.95868  -0.00794056 -0.000592078  0.000933075 
          14     -2.94898  -0.00957679 -0.000880341   0.00094061 
          14     -2.93827   -0.0112931  -0.00125358  0.000906093 
          14     -2.92654   -0.0130718  -0.00172262  0.000910674 
          14     -2.91378   -0.0148951  -0.00229591  0.000904943 
          14     -2.90001   -0.0167504  -0.00298069  0.000898953 
          14     -2.88522   -0.0186297  -0.00378316  0.000892568 
          14      -2.8694   -0.0205312  -0.00470671  0.000885575 
          14     -2.85257   -0.0224589  -0.00575354  0.000877697 
          14     -2.83471   -0.0244237  -0.00692466  0.000868588 
          14     -2.81584   -0.0264397  -0.00822037  0.000857843 
          14     -2.79594   -0.0285227  -0.00964029  0.000844997 
          14     -2.77502    -0.030693   -0.0111825    0.0008295 
          14     -2.75309   -0.0329633   -0.0128459  0.000810764 
          14     -2.73013   -0.0353445    -0.014628   0.00078812 
          14     -2.70615   -0.0378369   -0.0165254  0.000760838 
          14     -2.68116   -0.0404354   -0.0185325    0.0007281 
          14     -2.65514   -0.0431201    -0.020641  0.000689034 
          14      -2.6281   -0.0458611   -0.0228389  0.000642704 
          14     -2.60004   -0.0486176   -0.0251092  0.000588144 
          14     -2.57096   -0.0513379   -0.0274299  0.000524387 
          14     -2.54087   -0.0539592   -0.0297725  0.000450496 
          14     -2.50975   -0.0564125   -0.0321033  0.000365752 
          14     -2.47761   -0.0586197   -0.0343821  0.000269546 
          14     -2.44445    -0.060508   -0.0365684  0.000161715 
          14     -2.41027   -0.0619973   -0.0386155  4.23482e-05 
          14     -2.37507   -0.0630266   -0.0404833 -8.78644e-05 
          14     -2.33885   -0.0635413   -0.0421327 -0.000227869 
          14      -2.3016   -0.0635106   -0.0435344 -0.000376016 
          14     -2.26334   -0.0629293    -0.044672 -0.000530342 
          14     -2.22406   -0.0618117   -0.0455384 -0.000688562 
          14     -2.18376   -0.0602008   -0.0461435 -0.000848312 
          14     -2.14244    -0.058156   -0.0465066  -0.00100714 
          14     -2.10009   -0.0557496   -0.0466584  -0.00116301 
          14     -2.05673   -0.0530638   -0.0466362   -0.0013139 
          14     -2.01235   -0.0501758   -0.0464792  -0.00145835 
          14     -1.96694   -0.0471591   -0.0462271  -0.00159517 
          14     -1.92052   -0.0440705   -0.0459126  -0.00172358 
          14     -1.87308   -0.0409602   -0.0455659  -0.00184294 
          14     -1.82461   -0.0378576   -0.0452069  -0.00195296 
          14     -1.77513   -0.0347784   -0.0448466  -0.00205337 
          14     -1.72462     -0.03173   -0.0444907  -0.00214397 
          14      -1.6731   -0.0287094   -0.0441378  -0.00222458 
          14     -1.62055   -0.0257072   -0.0437812  -0.00229496 
          14     -1.56699   -0.0227108     -0.04341  -0.00235479 
          14      -1.5124   -0.0197058   -0.0430116   -0.0024037 
          14     -1.45679   -0.0166773   -0.0425712  -0.00244124 
          14     -1.40017   -0.0136103   -0.0420732  -0.00246692 
          14     -1.34252   -0.0104919   -0.0415026   -0.0024802 
          14     -1.28385  -0.00730874   -0.0408436  -0.00248058 
          14     -1.22416  -0.00404938   -0.0400821  -0.00246757 
          14     -1.16346 -0.000702425    -0.039204  -0.00244077 
          14     -1.10173   0.00274328   -0.0381967  -0.00239992 
          14     -1.03898   0.00629935   -0.0370491  -0.00234492 
          14    -0.975211    0.0099782   -0.0357519  -0.00227592 
          14    -0.910422    0.0137943   -0.0342984  -0.00219334 
          14    -0.844613    0.0177652   -0.0326858  -0.00209793 
          14    -0.777783    0.0219142   -0.0309162  -0.00199082 
          14    -0.709933    0.0262733   -0.0289982  -0.00187349 
          14    -0.641062    0.0308887   -0.0269492  -0.00174777 
          14    -0.571172    0.0358291   -0.0247971  -0.00161573 
          14    -0.500261    0.0411981   -0.0225819  -0.00147953 
          14    -0.428329    0.0471502   -0.0203558  -0.00134124 
          14    -0.355378    0.0539126   -0.0181822   -0.0012025 
          14    -0.281406    0.0618093   -0.0161299  -0.00106435 
          14    -0.206414    0.0712793   -0.0142655 -0.000927058 
          14    -0.130401    0.0828824   -0.0126413 -0.000790133 
          14    -0.053368    0.0972687   -0.0112845 -0.000652579 
          14     0.024685     0.115102   -0.0101893  -0.00051332 
          14     0.103758     0.136932  -0.00931966 -0.000371713 
          14     0.183852     0.163073  -0.00862214 -0.000227931 
          14     0.264966     0.193516  -0.00804438 -8.31377e-05 
          14       0.3471     0.227979  -0.00754619  6.07368e-05 
          14     0.430255      0.26597  -0.00710136  0.000201342 
          14      0.51443     0.306865  -0.00669193  0.000336361 
          14     0.599625     0.349935  -0.00630624  0.000463584 
          14     0.685841     0.394402  -0.00593718  0.000581643 
          14     0.773076     0.439519  -0.00558194  0.000689393 
          14     0.861332     0.484657   -0.0052421  0.000786311 
          14     0.950609       0.5293  -0.00491805  0.000872466 
          14      1.04091     0.573056  -0.00461036  0.000948277 
          14      1.13222     0.615587   -0.0043185   0.00101416 
          14      1.22456     0.656594  -0.00404161   0.00107093 
          14      1.31792     0.695797   -0.0037777   0.00111931 
          14       1.4123     0.732932  -0.00352591    0.0011606 
          14      1.50769     0.767756  -0.00328534   0.00119497 
          14      1.60411     0.800083  -0.00305413   0.00122315 
          14      1.70155     0.829723  -0.00283305   0.00124589 
          14      1.80001     0.856595  -0.00262136   0.00126371 
          14      1.89949      0.88063  -0.00241887   0.00127701 
          14            2     0.901845  -0.00222548   0.00128731 
        14.5           -3  1.45705e-07 -5.62261e-08  0.000919305 
        14.5     -2.99949  1.51595e-05  -6.0046e-08  0.000919876 
        14.5     -2.99796  5.94586e-05 -2.27562e-07  0.000921471 
        14.5     -2.99541  0.000130862 -1.02989e-06  0.000923761 
        14.5     -2.99184  0.000225718  -3.2601e-06  0.000926247 
        14.5     -2.98725  0.000339085 -8.04594e-06  0.000928343 
        14.5     -2.98163   0.00046485 -1.68692e-05   0.00092949 
        14.5       -2.975  0.000595822 -3.15839e-05  0.000929294 
        14.5     -2.96735  0.000724011 -5.44473e-05  0.000927709 
        14.5     -2.95868  0.000840847 -8.81557e-05   0.00092524 
        14.5     -2.94898  0.000937414 -0.000135871  0.000923186 
        14.5     -2.93827   0.00100481 -0.000201273   0.00092391 
        14.5     -2.92654   0.00103371 -0.000288335  0.000921679 
        14.5     -2.91378   0.00101554 -0.000401668  0.000919951 
        14.5     -2.90001  0.000941886 -0.000546252  0.000917992 
        14.5     -2.88522  0.000804723 -0.000727544  0.000915776 
        14.5      -2.8694  0.000597065 -0.000951545  0.000913276 
        14.5     -2.85257  0.000312571  -0.00122472  0.000910465 
        14.5     -2.83471 -5.42447e-05  -0.00155409  0.000907313 
        14.5     -2.81584 -0.000508039  -0.00194734  0.000903794 
        14.5     -2.79594  -0.00105255  -0.00241286  0.000899882 
        14.5     -2.77502  -0.00169012  -0.00295979  0.000895554 
        14.5     -2.75309  -0.00242277  -0.00359831  0.000890787 
        14.5     -2.73013  -0.00325106  -0.00433946  0.000885561 
        14.5     -2.70615  -0.00417541   -0.0051956  0.000879852 
        14.5     -2.68116  -0.00519504  -0.00618016  0.000873628 
        14.5     -2.65514  -0.00630931  -0.00730784  0.000866841 
        14.5      -2.6281  -0.00751768  -0.00859461  0.000859416 
        14.5     -2.60004  -0.00881996   -0.0100576  0.000851239 
        14.5     -2.57096   -0.0102165    -0.011715  0.000842145 
        14.5     -2.54087   -0.0117086   -0.0135861  0.000831907 
        14.5     -2.50975   -0.0132978   -0.0156894  0.000820195 
        14.5     -2.47761   -0.0149857   -0.0180439  0.000806606 
        14.5     -2.44445    -0.016771   -0.0206647  0.000790601 
        14.5     -2.41027   -0.0186518   -0.0235661  0.000771536 
        14.5     -2.37507   -0.0206184   -0.0267539  0.000748626 
        14.5     -2.33885   -0.0226565   -0.0302283  0.000720969 
        14.5      -2.3016   -0.0247419   -0.0339783  0.000687535 
        14.5     -2.26334   -0.0268401    -0.037979  0.000647239 
        14.5     -2.22406   -0.0289081   -0.0421936  0.000598946 
        14.5     -2.18376   -0.0308925   -0.0465678  0.000541594 
        14.5     -2.14244   -0.0327325   -0.0510341  0.000474181 
        14.5     -2.10009   -0.0343661   -0.0555119  0.000396121 
        14.5     -2.05673   -0.0357275   -0.0599095  0.000307001 
        14.5     -2.01235   -0.0367603   -0.0641332  0.000207056 
        14.5     -1.96694   -0.0374147   -0.0680872  9.69833e-05 
        14.5     -1.92052   -0.0376599   -0.0716896 -2.18567e-05 
        14.5     -1.87308   -0.0374764    -0.074865  -0.00014765 
        14.5     -1.82461   -0.0368684   -0.0775611 -0.000277942 
        14.5     -1.77513    -0.035858    -0.079751 -0.000410039 
        14.5     -1.72462   -0.0344804   -0.0814244 -0.000540993 
        14.5      -1.6731   -0.0327832   -0.0825936 -0.000667808 
        14.5     -1.62055   -0.0308234   -0.0832896  -0.00078748 
        14.5     -1.56699   -0.0286545   -0.0835538 -0.000897413 
        14.5      -1.5124   -0.0263327   -0.0834345 -0.000995001 
        14.5     -1.45679    -0.023905   -0.0829818  -0.00107806 
        14.5     -1.40017   -0.0214143   -0.0822453  -0.00114452 
        14.5     -1.34252   -0.0188877   -0.0812625  -0.00119265 
        14.5     -1.28385   -0.0163498   -0.0800702  -0.00122073 
        14.5     -1.22416   -0.0138098   -0.0786901  -0.00122726 
        14.5     -1.16346   -0.0112706   -0.0771374  -0.00121075 
        14.5     -1.10173  -0.00872581   -0.0754185  -0.00116978 
        14.5     -1.03898  -0.00615961   -0.0735311  -0.00110295 
        14.5    -0.975211  -0.00354832   -0.0714675   -0.0010089 
        14.5    -0.910422  -0.00085793   -0.0692147 -0.000886264 
        14.5    -0.844613   0.00195726   -0.0667561 -0.000733766 
        14.5    -0.777783   0.00495809   -0.0640732 -0.000550191 
        14.5    -0.709933   0.00822422   -0.0611467 -0.000334471 
        14.5    -0.641062    0.0118604   -0.0579585 -8.57731e-05 
        14.5    -0.571172    0.0160048   -0.0544942  0.000196283 
        14.5    -0.500261    0.0208392   -0.0507459   0.00051132 
        14.5    -0.428329    0.0266008   -0.0467177  0.000857607 
        14.5    -0.355378    0.0335948   -0.0424331   0.00123112 
        14.5    -0.281406    0.0422049   -0.0379456   0.00162434 
        14.5    -0.206414    0.0528905   -0.0333497   0.00202493 
        14.5    -0.130401    0.0661696   -0.0287879   0.00241521 
        14.5    -0.053368    0.0825708   -0.0244418   0.00277357 
        14.5     0.024685     0.102565    -0.020498   0.00307883 
        14.5     0.103758     0.126488   -0.0170978   0.00331601 
        14.5     0.183852     0.154488   -0.0142991   0.00348023 
        14.5     0.264966     0.186486   -0.0120724   0.00357654 
        14.5       0.3471     0.222201   -0.0103354   0.00361581 
        14.5     0.430255     0.261179  -0.00898636   0.00361061 
        14.5      0.51443      0.30283  -0.00792977    0.0035728 
        14.5     0.599625     0.346474  -0.00708619   0.00351176 
        14.5     0.685841     0.391383  -0.00639848   0.00343477 
        14.5     0.773076     0.436859  -0.00582207   0.00334772 
        14.5     0.861332     0.482288  -0.00533073   0.00325417 
        14.5     0.950609     0.527177  -0.00490358   0.00315739 
        14.5      1.04091     0.571144  -0.00452661   0.00305942 
        14.5      1.13222     0.613846  -0.00419049   0.00296171 
        14.5      1.22456     0.655005  -0.00388449   0.00286564 
        14.5      1.31792     0.694325  -0.00360365   0.00277173 
        14.5       1.4123     0.731563  -0.00334272   0.00268053 
        14.5      1.50769     0.766483  -0.00309781   0.00259225 
        14.5      1.60411     0.798879  -0.00286676   0.00250789 
        14.5      1.70155     0.828586  -0.00264795    0.0024266 
        14.5      1.80001     0.855534  -0.00244068   0.00234885 
        14.5      1.89949     0.879622  -0.00224264   0.00227421 
        14.5            2     0.900901  -0.00205459   0.00220335 
          15           -3  3.09877e-08  3.00442e-08   0.00083444 
          15     -2.99949  4.45404e-08  2.23203e-08  0.000834431 
          15     -2.99796  8.25111e-08 -6.81867e-10   0.00083441 
          15     -2.99541  1.37195e-07 -3.83962e-08   0.00083439 
          15     -2.99184  1.96822e-07 -8.95991e-08  0.000834396 
          15     -2.98725  2.47327e-07 -1.52095e-07  0.000834456 
          15     -2.98163  2.74708e-07 -2.22208e-07  0.000834599 
          15       -2.975   2.6806e-07 -2.94096e-07  0.000834855 
          15     -2.96735  2.23348e-07 -3.58999e-07  0.000835243 
          15     -2.95868   1.4779e-07  -4.0429e-07  0.000835767 
          15     -2.94898  6.49908e-08  -4.1238e-07  0.000836407 
          15     -2.93827  2.06873e-08 -3.59514e-07  0.000837115 
          15     -2.92654 -3.67883e-08  -3.1896e-07  0.000837828 
          15     -2.91378 -7.40434e-08 -2.63792e-07  0.000838483 
          15     -2.90001 -9.80566e-08 -2.07739e-07  0.000839001 
          15     -2.88522 -1.10146e-07 -1.54062e-07  0.000839305 
          15      -2.8694 -1.13601e-07 -1.07165e-07  0.000839299 
          15     -2.85257 -1.10952e-07 -6.74682e-08  0.000838895 
          15     -2.83471 -1.03824e-07 -3.44018e-08  0.000838008 
          15     -2.81584 -9.37111e-08 -7.87569e-09  0.000836555 
          15     -2.79594 -8.16629e-08  1.25941e-08  0.000834462 
          15     -2.77502 -6.88149e-08  2.77961e-08   0.00083166 
          15     -2.75309 -5.56066e-08  3.81645e-08  0.000828094 
          15     -2.73013 -4.26555e-08   4.4285e-08  0.000823721 
          15     -2.70615 -3.04033e-08  4.66138e-08  0.000818507 
          15     -2.68116 -1.93041e-08  4.57278e-08  0.000812431 
          15     -2.65514 -9.69388e-09  4.21013e-08  0.000805481 
          15      -2.6281  -1.8714e-09  3.62928e-08   0.00079765 
          15     -2.60004  3.94255e-09  2.89024e-08  0.000788927 
          15     -2.57096  7.61612e-09  2.05746e-08  0.000779303 
          15     -2.54087  9.13398e-09  1.19919e-08  0.000768753 
          15     -2.50975  8.61677e-09   3.7732e-09  0.000757231 
          15     -2.47761  6.29009e-09 -3.41874e-09  0.000744673 
          15     -2.44445  2.47926e-09 -9.15113e-09  0.000730978 
          15     -2.41027 -2.36504e-09 -1.30091e-08  0.000716018 
          15     -2.37507  -7.8093e-09 -1.49399e-08  0.000699626 
          15     -2.33885 -1.33955e-08 -1.50525e-08  0.000681605 
          15      -2.3016  -1.8752e-08  -1.3833e-08  0.000661724 
          15     -2.26334 -2.36807e-08 -1.20697e-08  0.000639729 
          15     -2.22406 -2.80908e-08 -1.08003e-08  0.000615349 
          15     -2.18376 -3.21232e-08 -1.13684e-08  0.000588304 
          15     -2.14244 -3.60201e-08 -1.53079e-08  0.000558304 
          15     -2.10009  -4.0142e-08 -2.44514e-08  0.000525086 
          15     -2.05673 -4.48902e-08 -4.08977e-08  0.000488384 
          15     -2.01235 -5.06461e-08 -6.71468e-08  0.000447988 
          15     -1.96694 -5.77594e-08 -1.06148e-07   0.00040372 
          15     -1.92052 -6.64983e-08 -1.61314e-07    0.0003555 
          15     -1.87308 -7.70873e-08 -2.36394e-07  0.000303324 
          15     -1.82461  -8.9654e-08 -3.35529e-07  0.000247331 
          15     -1.77513 -1.04169e-07 -4.62394e-07  0.000187868 
          15     -1.72462 -1.20474e-07 -6.20286e-07  0.000125468 
          15      -1.6731 -1.38209e-07  -8.1137e-07  6.09346e-05 
          15     -1.62055 -1.56789e-07  -1.0366e-06 -4.66221e-06 
          15     -1.56699 -1.75438e-07   -1.294e-06 -6.98239e-05 
          15      -1.5124 -1.93272e-07 -1.58029e-06 -0.000132785 
          15     -1.45679 -2.09358e-07 -1.88915e-06 -0.000191324 
          15     -1.40017   -2.228e-07 -2.21245e-06 -0.000242876 
          15     -1.34252 -2.33009e-07 -2.53996e-06 -0.000284414 
          15     -1.28385 -2.39496e-07 -2.86029e-06 -0.000312578 
          15     -1.22416 -2.42125e-07 -3.16102e-06 -0.000323568 
          15     -1.16346 -2.40909e-07 -3.42912e-06 -0.000313213 
          15     -1.10173 -2.35854e-07 -3.65073e-06 -0.000276926 
          15     -1.03898 -2.26489e-07 -3.80956e-06 -0.000209616 
          15    -0.975211 -2.11729e-07 -3.88639e-06 -0.000105668 
          15    -0.910422  -1.8889e-07 -3.85468e-06   4.1279e-05 
          15    -0.844613 -1.52882e-07 -3.67668e-06  0.000238536 
          15    -0.777783 -9.43808e-08 -3.29485e-06  0.000494768 
          15    -0.709933  2.56769e-09 -2.62215e-06  0.000820415 
          15    -0.641062  1.64552e-07 -1.52689e-06   0.00122836 
          15    -0.571172  4.37255e-07  1.92507e-07   0.00173486 
          15    -0.500261  8.99122e-07  2.83929e-06   0.00236077 
          15    -0.428329  1.69065e-06  6.86613e-06    0.0031331 
          15    -0.355378  3.08438e-06  1.29359e-05   0.00408737 
          15    -0.281406  5.68061e-06  2.19477e-05   0.00527103 
          15    -0.206414  1.11291e-05  3.46601e-05   0.00674852 
          15    -0.130401  2.56856e-05  4.55677e-05   0.00861603 
          15    -0.053368  0.000298112  1.38165e-05     0.011027 
          15     0.024685    0.0518156    0.0104274   0.00946977 
          15     0.103758     0.103382   0.00378994   0.00871671 
          15     0.183852     0.139936 -0.000174595   0.00805879 
          15     0.264966     0.176795  -0.00176712   0.00751549 
          15       0.3471     0.215512  -0.00250982   0.00705613 
          15     0.430255     0.256369  -0.00287527   0.00665617 
          15      0.51443     0.299216   -0.0030521   0.00629802 
          15     0.599625     0.343628  -0.00312121   0.00597195 
          15     0.685841     0.389045   -0.0031237   0.00567115 
          15     0.773076     0.434866  -0.00308062   0.00539176 
          15     0.861332     0.480552  -0.00300867    0.0051298 
          15     0.950609     0.525637  -0.00291589   0.00488418 
          15      1.04091     0.569747  -0.00281015   0.00465309 
          15      1.13222      0.61257  -0.00269521   0.00443526 
          15      1.22456     0.653812  -0.00257245   0.00422958 
          15      1.31792     0.693208  -0.00244496   0.00403565 
          15       1.4123     0.730506  -0.00231327   0.00385241 
          15      1.50769     0.765473  -0.00217884   0.00367856 
          15      1.60411      0.79792  -0.00204286   0.00351534 
          15      1.70155     0.827693  -0.00190549   0.00336045 
          15      1.80001     0.854651   -0.0017688   0.00321487 
          15      1.89949     0.878779  -0.00163373   0.00307751 
          15            2     0.900116  -0.00150113    0.0029482 
        15.5           -3            0            0            0 
        15.5     -2.99949            0            0            0 
        15.5     -2.99796            0            0            0 
        15.5     -2.99541            0            0            0 
        15.5     -2.99184            0            0            0 
        15.5     -2.98725            0            0            0 
        15.5     -2.98163            0            0            0 
        15.5       -2.975            0            0            0 
        15.5     -2.96735            0            0            0 
        15.5     -2.95868            0            0            0 
        15.5     -2.94898            0            0            0 
        15.5     -2.93827            0            0            0 
        15.5     -2.92654            0            0            0 
        15.5     -2.91378            0            0            0 
        15.5     -2.90001            0            0            0 
        15.5     -2.88522            0            0            0 
        15.5      -2.8694            0            0            0 
        15.5     -2.85257            0            0            0 
        15.5     -2.83471            0            0            0 
        15.5     -2.81584            0            0            0 
        15.5     -2.79594            0            0            0 
        15.5     -2.77502            0            0            0 
        15.5     -2.75309            0            0            0 
        15.5     -2.73013            0            0            0 
        15.5     -2.70615            0            0            0 
        15.5     -2.68116            0            0            0 
        15.5     -2.65514            0            0            0 
        15.5      -2.6281            0            0            0 
        15.5     -2.60004            0            0            0 
        15.5     -2.57096            0            0            0 
        15.5     -2.54087            0            0            0 
        15.5     -2.50975            0            0            0 
        15.5     -2.47761            0            0            0 
        15.5     -2.44445            0            0            0 
        15.5     -2.41027            0            0            0 
        15.5     -2.37507            0            0            0 
        15.5     -2.33885            0            0            0 
        15.5      -2.3016            0            0            0 
        15.5     -2.26334            0            0            0 
        15.5     -2.22406            0            0            0 
        15.5     -2.18376            0            0            0 
        15.5     -2.14244            0            0            0 
        15.5     -2.10009            0            0            0 
        15.5     -2.05673            0            0            0 
        15.5     -2.01235            0            0            0 
        15.5     -1.96694            0            0            0 
        15.5     -1.92052            0            0            0 
        15.5     -1.87308            0            0            0 
        15.5     -1.82461            0            0            0 
        15.5     -1.77513            0            0            0 
        15.5     -1.72462            0            0            0 
        15.5      -1.6731            0            0            0 
        15.5     -1.62055            0            0            0 
        15.5     -1.56699            0            0            0 
        15.5      -1.5124            0            0            0 
        15.5     -1.45679            0            0            0 
        15.5     -1.40017            0            0            0 
        15.5     -1.34252            0            0            0 
        15.5     -1.28385            0            0            0 
        15.5     -1.22416            0            0            0 
        15.5     -1.16346            0            0            0 
        15.5     -1.10173            0            0            0 
        15.5     -1.03898            0            0            0 
        15.5    -0.975211            0            0            0 
        15.5    -0.910422            0            0            0 
        15.5    -0.844613            0            0            0 
        15.5    -0.777783            0            0            0 
        15.5    -0.709933            0            0            0 
        15.5    -0.641062            0            0            0 
        15.5    -0.571172            0            0            0 
        15.5    -0.500261            0            0            0 
        15.5    -0.428329            0            0            0 
        15.5    -0.355378            0            0            0 
        15.5    -0.281406            0            0            0 
        15.5    -0.206414            0            0            0 
        15.5    -0.130401            0            0            0 
        15.5    -0.053368            0            0            0 
        15.5     0.024685    0.0262509   0.00013891   0.00570344 
        15.5     0.103758    0.0976049   0.00176215   0.00572707 
        15.5     0.183852     0.147557   0.00302552   0.00574957 
        15.5     0.264966     0.184874    0.0028347   0.00576717 
        15.5       0.3471     0.221397   0.00210318   0.00576395 
        15.5     0.430255     0.260526    0.0014084   0.00573341 
        15.5      0.51443     0.302143  0.000822578    0.0056754 
        15.5     0.599625     0.345665  0.000343871   0.00559206 
        15.5     0.685841     0.390431 -3.78547e-05   0.00548701 
        15.5     0.773076     0.435771 -0.000336146   0.00536357 
        15.5     0.861332     0.481104 -0.000564591   0.00522592 
        15.5     0.950609     0.525926 -0.000736361   0.00507747 
        15.5      1.04091     0.569842 -0.000860423   0.00492099 
        15.5      1.13222      0.61251  -0.00094575    0.0047598 
        15.5      1.22456     0.653637 -0.000998425   0.00459591 
        15.5      1.31792     0.692946  -0.00102403   0.00443092 
        15.5       1.4123     0.730167  -0.00102714   0.00426653 
        15.5      1.50769     0.765078  -0.00101152   0.00410428 
        15.5      1.60411     0.797485 -0.000980248   0.00394485 
        15.5      1.70155     0.827218 -0.000937071   0.00378961 
        15.5      1.80001     0.854173 -0.000884082   0.00363876 
        15.5      1.89949     0.878313 -0.000824006   0.00349328 
        15.5            2     0.899622 -0.000759111   0.00335331 
          16           -3            0            0            0 
          16     -2.99949            0            0            0 
          16     -2.99796            0            0            0 
          16     -2.99541            0            0            0 
          16     -2.99184            0            0            0 
          16     -2.98725            0            0            0 
          16     -2.98163            0            0            0 
          16       -2.975            0            0            0 
          16     -2.96735            0            0            0 
          16     -2.95868            0            0            0 
          16     -2.94898            0            0            0 
          16     -2.93827            0            0            0 
          16     -2.92654            0            0            0 
          16     -2.91378            0            0            0 
          16     -2.90001            0            0            0 
          16     -2.88522            0            0            0 
          16      -2.8694            0            0            0 
          16     -2.85257            0            0            0 
          16     -2.83471            0            0            0 
          16     -2.81584            0            0            0 
          16     -2.79594            0            0            0 
          16     -2.77502            0            0            0 
          16     -2.75309            0            0            0 
          16     -2.73013            0            0            0 
          16     -2.70615            0            0            0 
          16     -2.68116            0            0            0 
          16     -2.65514            0            0            0 
          16      -2.6281            0            0            0 
          16     -2.60004            0            0            0 
          16     -2.57096            0            0            0 
          16     -2.54087            0            0            0 
          16     -2.50975            0            0            0 
          16     -2.47761            0            0            0 
          16     -2.44445            0            0            0 
          16     -2.41027            0            0            0 
          16     -2.37507            0            0            0 
          16     -2.33885            0            0            0 
          16      -2.3016            0            0            0 
          16     -2.26334            0            0            0 
          16     -2.22406            0            0            0 
          16     -2.18376            0            0            0 
          16     -2.14244            0            0            0 
          16     -2.10009            0            0            0 
          16     -2.05673            0            0            0 
          16     -2.01235            0            0            0 
          16     -1.96694            0            0            0 
          16     -1.92052            0            0            0 
          16     -1.87308            0            0            0 
          16     -1.82461            0            0            0 
          16     -1.77513            0            0            0 
          16     -1.72462            0            0            0 
          16      -1.6731            0            0            0 
          16     -1.62055            0            0            0 
          16     -1.56699            0            0            0 
          16      -1.5124            0            0            0 
          16     -1.45679            0            0            0 
          16     -1.40017            0            0            0 
          16     -1.34252            0            0            0 
          16     -1.28385            0            0            0 
          16     -1.22416            0            0            0 
          16     -1.16346            0            0            0 
          16     -1.10173            0            0            0 
          16     -1.03898            0            0            0 
          16    -0.975211            0            0            0 
          16    -0.910422            0            0            0 
          16    -0.844613            0            0            0 
          16    -0.777783            0            0            0 
          16    -0.709933            0            0            0 
          16    -0.641062            0            0            0 
          16    -0.571172            0            0            0 
          16    -0.500261            0            0            0 
          16    -0.428329            0            0            0 
          16    -0.355378            0            0            0 
          16    -0.281406            0            0            0 
          16    -0.206414            0            0            0 
          16    -0.130401            0            0            0 
          16    -0.053368            0            0            0 
          16     0.024685    0.0228544  5.57895e-05   0.00470113 
          16     0.103758    0.0890475  0.000789467   0.00471134 
          16     0.183852     0.143114   0.00172582    0.0047207 
          16     0.264966     0.186076   0.00215389   0.00473257 
          16       0.3471     0.224305    0.0020223   0.00474416 
          16     0.430255     0.263298   0.00170323   0.00475081 
          16      0.51443     0.304513   0.00139035   0.00474958 
          16     0.599625     0.347648   0.00111646   0.00473856 
          16     0.685841     0.392059  0.000880045   0.00471641 
          16     0.773076     0.437098  0.000677566   0.00468224 
          16     0.861332      0.48216  0.000504984   0.00463575 
          16     0.950609     0.526763  0.000359215   0.00457711 
          16      1.04091     0.570487   0.00023703   0.00450686 
          16      1.13222     0.612993  0.000137006   0.00442628 
          16      1.22456     0.653973  5.74249e-05   0.00433613 
          16      1.31792     0.693157 -3.45992e-06   0.00423795 
          16       1.4123     0.730279 -4.70544e-05   0.00413311 
          16      1.50769       0.7651 -7.54077e-05   0.00402283 
          16      1.60411     0.797427 -9.01582e-05   0.00390874 
          16      1.70155     0.827115 -9.33131e-05   0.00379202 
          16      1.80001     0.854024 -8.67972e-05   0.00367401 
          16      1.89949     0.878108 -7.24938e-05   0.00355558 
          16            2     0.899425 -5.17324e-05   0.00343801 
        16.5           -3            0            0            0 
        16.5     -2.99949            0            0            0 
        16.5     -2.99796            0            0            0 
        16.5     -2.99541            0            0            0 
        16.5     -2.99184            0            0            0 
        16.5     -2.98725            0            0            0 
        16.5     -2.98163            0            0            0 
        16.5       -2.975            0            0            0 
        16.5     -2.96735            0            0            0 
        16.5     -2.95868            0            0            0 
        16.5     -2.94898            0            0            0 
        16.5     -2.93827            0            0            0 
        16.5     -2.92654            0            0            0 
        16.5     -2.91378            0            0            0 
        16.5     -2.90001            0            0            0 
        16.5     -2.88522            0            0            0 
        16.5      -2.8694            0            0            0 
        16.5     -2.85257            0            0            0 
        16.5     -2.83471            0            0            0 
        16.5     -2.81584            0            0            0 
        16.5     -2.79594            0            0            0 
        16.5     -2.77502            0            0            0 
        16.5     -2.75309            0            0            0 
        16.5     -2.73013            0            0            0 
        16.5     -2.70615            0            0            0 
        16.5     -2.68116            0            0            0 
        16.5     -2.65514            0            0            0 
        16.5      -2.6281            0            0            0 
        16.5     -2.60004            0            0            0 
        16.5     -2.57096            0            0            0 
        16.5     -2.54087            0            0            0 
        16.5     -2.50975            0            0            0 
        16.5     -2.47761            0            0            0 
        16.5     -2.44445            0            0            0 
        16.5     -2.41027            0            0            0 
        16.5     -2.37507            0            0            0 
        16.5     -2.33885            0            0            0 
        16.5      -2.3016            0            0            0 
        16.5     -2.26334            0            0            0 
        16.5     -2.22406            0            0            0 
        16.5     -2.18376            0            0            0 
        16.5     -2.14244            0            0            0 
        16.5     -2.10009            0            0            0 
        16.5     -2.05673            0            0            0 
        16.5     -2.01235            0            0            0 
        16.5     -1.96694            0            0            0 
        16.5     -1.92052            0            0            0 
        16.5     -1.87308            0            0            0 
        16.5     -1.82461            0            0            0 
        16.5     -1.77513            0            0            0 
        16.5     -1.72462            0            0            0 
        16.5      -1.6731            0            0            0 
        16.5     -1.62055            0            0            0 
        16.5     -1.56699            0            0            0 
        16.5      -1.5124            0            0            0 
        16.5     -1.45679            0            0            0 
        16.5     -1.40017            0            0            0 
        16.5     -1.34252            0            0            0 
        16.5     -1.28385            0            0            0 
        16.5     -1.22416            0            0            0 
        16.5     -1.16346            0            0            0 
        16.5     -1.10173            0            0            0 
        16.5     -1.03898            0            0            0 
        16.5    -0.975211            0            0            0 
        16.5    -0.910422            0            0            0 
        16.5    -0.844613            0            0            0 
        16.5    -0.777783            0            0            0 
        16.5    -0.709933            0            0            0 
        16.5    -0.641062            0            0            0 
        16.5    -0.571172            0            0            0 
        16.5    -0.500261            0            0            0 
        16.5    -0.428329            0            0            0 
        16.5    -0.355378            0            0            0 
        16.5    -0.281406            0            0            0 
        16.5    -0.206414            0            0            0 
        16.5    -0.130401            0            0            0 
        16.5    -0.053368            0            0            0 
        16.5     0.024685     0.021184  3.25091e-05   0.00404684 
        16.5     0.103758    0.0841136  0.000478641     0.004053 
        16.5     0.183852     0.138796   0.00114278   0.00405821 
        16.5     0.264966     0.184792   0.00161557   0.00406484 
        16.5       0.3471      0.22524   0.00171561   0.00407284 
        16.5     0.430255     0.264764   0.00158314   0.00408027 
        16.5      0.51443      0.30586   0.00140211   0.00408519 
        16.5     0.599625     0.348787   0.00123993   0.00408632 
        16.5     0.685841      0.39302   0.00110481   0.00408256 
        16.5     0.773076     0.437906   0.00099185   0.00407297 
        16.5     0.861332      0.48285  0.000896485   0.00405673 
        16.5     0.950609     0.527342  0.000815048   0.00403317 
        16.5      1.04091     0.570973  0.000745214   0.00400196 
        16.5      1.13222     0.613391  0.000685704   0.00396286 
        16.5      1.22456     0.654295  0.000635894   0.00391599 
        16.5      1.31792     0.693401  0.000595363   0.00386157 
        16.5       1.4123     0.730455  0.000563593    0.0038001 
        16.5      1.50769     0.765221  0.000540015   0.00373221 
        16.5      1.60411     0.797498  0.000523738    0.0036586 
        16.5      1.70155     0.827129  0.000513959    0.0035801 
        16.5      1.80001     0.854009  0.000509619   0.00349764 
        16.5      1.89949     0.878082  0.000509672   0.00341214 
        16.5            2     0.899355  0.000513265   0.00332441 
          17           -3            0            0            0 
          17     -2.99949            0            0            0 
          17     -2.99796            0            0            0 
          17     -2.99541            0            0            0 
          17     -2.99184            0            0            0 
          17     -2.98725            0            0            0 
          17     -2.98163            0            0            0 
          17       -2.975            0            0            0 
          17     -2.96735            0            0            0 
          17     -2.95868            0            0            0 
          17     -2.94898            0            0            0 
          17     -2.93827            0            0            0 
          17     -2.92654            0            0            0 
          17     -2.91378            0            0            0 
          17     -2.90001            0            0            0 
          17     -2.88522            0            0            0 
          17      -2.8694            0            0            0 
          17     -2.85257            0            0            0 
          17     -2.83471            0            0            0 
          17     -2.81584            0            0            0 
          17     -2.79594            0            0            0 
          17     -2.77502            0            0            0 
          17     -2.75309            0            0            0 
          17     -2.73013            0            0            0 
          17     -2.70615            0            0            0 
          17     -2.68116            0            0            0 
          17     -2.65514            0            0            0 
          17      -2.6281            0            0            0 
          17     -2.60004            0            0            0 
          17     -2.57096            0            0            0 
          17     -2.54087            0            0            0 
          17     -2.50975            0            0            0 
          17     -2.47761            0            0            0 
          17     -2.44445            0            0            0 
          17     -2.41027            0            0            0 
          17     -2.37507            0            0            0 
          17     -2.33885            0            0            0 
          17      -2.3016            0            0            0 
          17     -2.26334            0            0            0 
          17     -2.22406            0            0            0 
          17     -2.18376            0            0            0 
          17     -2.14244            0            0            0 
          17     -2.10009            0            0            0 
          17     -2.05673            0            0            0 
          17     -2.01235            0            0            0 
          17     -1.96694            0            0            0 
          17     -1.92052            0            0            0 
          17     -1.87308            0            0            0 
          17     -1.82461            0            0            0 
          17     -1.77513            0            0            0 
          17     -1.72462            0            0            0 
          17      -1.6731            0            0            0 
          17     -1.62055            0            0            0 
          17     -1.56699            0            0            0 
          17      -1.5124            0            0            0 
          17     -1.45679            0            0            0 
          17     -1.40017            0            0            0 
          17     -1.34252            0            0            0 
          17     -1.28385            0            0            0 
          17     -1.22416            0            0            0 
          17     -1.16346            0            0            0 
          17     -1.10173            0            0            0 
          17     -1.03898            0            0            0 
          17    -0.975211            0            0            0 
          17    -0.910422            0            0            0 
          17    -0.844613            0            0            0 
          17    -0.777783            0            0            0 
          17    -0.709933            0            0            0 
          17    -0.641062            0            0            0 
          17    -0.571172            0            0            0 
          17    -0.500261            0            0            0 
          17    -0.428329            0            0            0 
          17    -0.355378            0            0            0 
          17    -0.281406            0            0            0 
          17    -0.206414            0            0            0 
          17    -0.130401            0            0            0 
          17    -0.053368            0            0            0 
          17     0.024685     0.020124  2.21952e-05   0.00355558 
          17     0.103758    0.0807803  0.000334094   0.00355988 
          17     0.183852     0.135294  0.000835408   0.00356335 
          17     0.264966     0.182896   0.00126749   0.00356751 
          17       0.3471     0.225193   0.00145465   0.00357287 
          17     0.430255     0.265458   0.00143771   0.00357861 
          17      0.51443     0.306773   0.00133505   0.00358355 
          17     0.599625      0.34947   0.00123242    0.0035868 
          17     0.685841     0.393558   0.00115357   0.00358761 
          17     0.773076     0.438336   0.00109432   0.00358533 
          17     0.861332     0.483201   0.00104989   0.00357935 
          17     0.950609     0.527625   0.00101552   0.00356906 
          17      1.04091     0.571213  0.000988775   0.00355402 
          17      1.13222     0.613588  0.000967583   0.00353382 
          17      1.22456     0.654453  0.000951199   0.00350826 
          17      1.31792     0.693528  0.000939033   0.00347709 
          17       1.4123     0.730543  0.000930725   0.00344043 
          17      1.50769     0.765285  0.000925755   0.00339846 
          17      1.60411     0.797538  0.000923602   0.00335138 
          17      1.70155     0.827151  0.000923579   0.00329962 
          17      1.80001     0.854008  0.000925092    0.0032436 
          17      1.89949     0.878073  0.000927478   0.00318391 
          17            2     0.899343  0.000930158   0.00312117 
        17.5           -3            0            0            0 
        17.5     -2.99949            0            0            0 
        17.5     -2.99796            0            0            0 
        17.5     -2.99541            0            0            0 
        17.5     -2.99184            0            0            0 
        17.5     -2.98725            0            0            0 
        17.5     -2.98163            0            0            0 
        17.5       -2.975            0            0            0 
        17.5     -2.96735            0            0            0 
        17.5     -2.95868            0            0            0 
        17.5     -2.94898            0            0            0 
        17.5     -2.93827            0            0            0 
        17.5     -2.92654            0            0            0 
        17.5     -2.91378            0            0            0 
        17.5     -2.90001            0            0            0 
        17.5     -2.88522            0            0            0 
        17.5      -2.8694            0            0            0 
        17.5     -2.85257            0            0            0 
        17.5     -2.83471            0            0            0 
        17.5     -2.81584            0            0            0 
        17.5     -2.79594            0            0            0 
        17.5     -2.77502            0            0            0 
        17.5     -2.75309            0            0            0 
        17.5     -2.73013            0            0            0 
        17.5     -2.70615            0            0            0 
        17.5     -2.68116            0            0            0 
        17.5     -2.65514            0            0            0 
        17.5      -2.6281            0            0            0 
        17.5     -2.60004            0            0            0 
        17.5     -2.57096            0            0            0 
        17.5     -2.54087            0            0            0 
        17.5     -2.50975            0            0            0 
        17.5     -2.47761            0            0            0 
        17.5     -2.44445            0            0            0 
        17.5     -2.41027            0            0            0 
        17.5     -2.37507            0            0            0 
        17.5     -2.33885            0            0            0 
        17.5      -2.3016            0            0            0 
        17.5     -2.26334            0            0            0 
        17.5     -2.22406            0            0            0 
        17.5     -2.18376            0            0            0 
        17.5     -2.14244            0            0            0 
        17.5     -2.10009            0            0            0 
        17.5     -2.05673            0            0            0 
        17.5     -2.01235            0            0            0 
        17.5     -1.96694            0            0            0 
        17.5     -1.92052            0            0            0 
        17.5     -1.87308            0            0            0 
        17.5     -1.82461            0            0            0 
        17.5     -1.77513            0            0            0 
        17.5     -1.72462            0            0            0 
        17.5      -1.6731            0            0            0 
        17.5     -1.62055            0            0            0 
        17.5     -1.56699            0            0            0 
        17.5      -1.5124            0            0            0 
        17.5     -1.45679            0            0            0 
        17.5     -1.40017            0            0            0 
        17.5     -1.34252            0            0            0 
        17.5     -1.28385            0            0            0 
        17.5     -1.22416            0            0            0 
        17.5     -1.16346            0            0            0 
        17.5     -1.10173            0            0            0 
        17.5     -1.03898            0            0            0 
        17.5    -0.975211            0            0            0 
        17.5    -0.910422            0            0            0 
        17.5    -0.844613            0            0            0 
        17.5    -0.777783            0            0            0 
        17.5    -0.709933            0            0            0 
        17.5    -0.641062            0            0            0 
        17.5    -0.571172            0            0            0 
        17.5    -0.500261            0            0            0 
        17.5    -0.428329            0            0            0 
        17.5    -0.355378            0            0            0 
        17.5    -0.281406            0            0            0 
        17.5    -0.206414            0            0            0 
        17.5    -0.130401            0            0            0 
        17.5    -0.053368            0            0            0 
        17.5     0.024685    0.0193654   1.6542e-05   0.00316255 
        17.5     0.103758    0.0783074  0.000252741   0.00316582 
        17.5     0.183852     0.132433  0.000650681   0.00316838 
        17.5     0.264966     0.180935   0.00103278   0.00317126 
        17.5       0.3471     0.224574   0.00125352   0.00317505 
        17.5     0.430255     0.265811   0.00130323    0.0031794 
        17.5      0.51443      0.30718   0.00125645   0.00318361 
        17.5     0.599625     0.349887   0.00119573   0.00318699 
        17.5     0.685841     0.393846   0.00115079   0.00318902 
        17.5     0.773076     0.438525     0.001125   0.00318927 
        17.5     0.861332     0.483317   0.00111312   0.00318728 
        17.5     0.950609     0.527703   0.00111061   0.00318264 
        17.5      1.04091     0.571256   0.00111414   0.00317494 
        17.5      1.13222      0.61361   0.00112157   0.00316383 
        17.5      1.22456     0.654457   0.00113169   0.00314903 
        17.5      1.31792     0.693504    0.0011437   0.00313032 
        17.5       1.4123     0.730531   0.00115703   0.00310761 
        17.5      1.50769     0.765251   0.00117102   0.00308081 
        17.5      1.60411     0.797503   0.00118509   0.00305002 
        17.5      1.70155     0.827119   0.00119863   0.00301537 
        17.5      1.80001     0.853981     0.001211   0.00297706 
        17.5      1.89949     0.878041   0.00122166    0.0029354 
        17.5            2     0.899322   0.00123019   0.00289072 
          18           -3            0            0            0 
          18     -2.99949            0            0            0 
          18     -2.99796            0            0            0 
          18     -2.99541            0            0            0 
          18     -2.99184            0            0            0 
          18     -2.98725            0            0            0 
          18     -2.98163            0            0            0 
          18       -2.975            0            0            0 
          18     -2.96735            0            0            0 
          18     -2.95868            0            0            0 
          18     -2.94898            0            0            0 
          18     -2.93827            0            0            0 
          18     -2.92654            0            0            0 
          18     -2.91378            0            0            0 
          18     -2.90001            0            0            0 
          18     -2.88522            0            0            0 
          18      -2.8694            0            0            0 
          18     -2.85257            0            0            0 
          18     -2.83471            0            0            0 
          18     -2.81584            0            0            0 
          18     -2.79594            0            0            0 
          18     -2.77502            0            0            0 
          18     -2.75309            0            0            0 
          18     -2.73013            0            0            0 
          18     -2.70615            0            0            0 
          18     -2.68116            0            0            0 
          18     -2.65514            0            0            0 
          18      -2.6281            0            0            0 
          18     -2.60004            0            0            0 
          18     -2.57096            0            0            0 
          18     -2.54087            0            0            0 
          18     -2.50975            0            0            0 
          18     -2.47761            0            0            0 
          18     -2.44445            0            0            0 
          18     -2.41027            0            0            0 
          18     -2.37507            0            0            0 
          18     -2.33885            0            0            0 
          18      -2.3016            0            0            0 
          18     -2.26334            0            0            0 
          18     -2.22406            0            0            0 
          18     -2.18376            0            0            0 
          18     -2.14244            0            0            0 
          18     -2.10009            0            0            0 
          18     -2.05673            0            0            0 
          18     -2.01235            0            0            0 
          18     -1.96694            0            0            0 
          18     -1.92052            0            0            0 
          18     -1.87308            0            0            0 
          18     -1.82461            0            0            0 
          18     -1.77513            0            0            0 
          18     -1.72462            0            0            0 
          18      -1.6731            0            0            0 
          18     -1.62055            0            0            0 
          18     -1.56699            0            0            0 
          18      -1.5124            0            0            0 
          18     -1.45679            0            0            0 
          18     -1.40017            0            0            0 
          18     -1.34252            0            0            0 
          18     -1.28385            0            0            0 
          18     -1.22416            0            0            0 
          18     -1.16346            0            0            0 
          18     -1.10173            0            0            0 
          18     -1.03898            0            0            0 
          18    -0.975211            0            0            0 
          18    -0.910422            0            0            0 
          18    -0.844613            0            0            0 
          18    -0.777783            0            0            0 
          18    -0.709933            0            0            0 
          18    -0.641062            0            0            0 
          18    -0.571172            0            0            0 
          18    -0.500261            0            0            0 
          18    -0.428329            0            0            0 
          18    -0.355378            0            0            0 
          18    -0.281406            0            0            0 
          18    -0.206414            0            0            0 
          18    -0.130401            0            0            0 
          18    -0.053368            0            0            0 
          18     0.024685    0.0187829  1.30298e-05   0.00283642 
          18     0.103758    0.0763614  0.000201319   0.00283903 
          18     0.183852     0.130041  0.000529059   0.00284106 
          18     0.264966     0.179052  0.000867417   0.00284322 
          18       0.3471     0.223683   0.00109536   0.00284604 
          18     0.430255     0.265742   0.00119134    0.0028494 
          18      0.51443     0.307427   0.00118481   0.00285291 
          18     0.599625     0.350125   0.00115265   0.00285603 
          18     0.685841     0.393981   0.00113152   0.00285836 
          18     0.773076      0.43856   0.00112739   0.00285958 
          18     0.861332     0.483288   0.00113772   0.00285937 
          18     0.950609     0.527642   0.00115686   0.00285744 
          18      1.04091     0.571157   0.00118163   0.00285345 
          18      1.13222     0.613504   0.00120993   0.00284715 
          18      1.22456     0.654342   0.00123988   0.00283828 
          18      1.31792     0.693391   0.00127059   0.00282663 
          18       1.4123      0.73042   0.00130139   0.00281208 
          18      1.50769     0.765144   0.00133135   0.00279445 
          18      1.60411     0.797385   0.00135981   0.00277378 
          18      1.70155     0.827015   0.00138613   0.00275011 
          18      1.80001     0.853903   0.00140963   0.00272348 
          18      1.89949     0.877977   0.00142969   0.00269405 
          18            2     0.899265   0.00144593   0.00266202 
