Variables = x, y, u, v, p, uu, uv, vv

Zone, I=4000, F=POINT
          -2           -3            0            0            0            0            0            0 
          -2     -2.99987            0            0            0            0            0            0 
          -2      -2.9995            0            0            0            0            0            0 
          -2     -2.99886            0            0            0            0            0            0 
          -2     -2.99798            0            0            0            0            0            0 
          -2     -2.99684            0            0            0            0            0            0 
          -2     -2.99546            0            0            0            0            0            0 
          -2     -2.99381            0            0            0            0            0            0 
          -2     -2.99192            0            0            0            0            0            0 
          -2     -2.98977            0            0            0            0            0            0 
          -2     -2.98738            0            0            0            0            0            0 
          -2     -2.98472            0            0            0            0            0            0 
          -2     -2.98182            0            0            0            0            0            0 
          -2     -2.97866            0            0            0            0            0            0 
          -2     -2.97525            0            0            0            0            0            0 
          -2     -2.97159            0            0            0            0            0            0 
          -2     -2.96768            0            0            0            0            0            0 
          -2     -2.96351            0            0            0            0            0            0 
          -2     -2.95909            0            0            0            0            0            0 
          -2     -2.95442            0            0            0            0            0            0 
          -2      -2.9495            0            0            0            0            0            0 
          -2     -2.94432            0            0            0            0            0            0 
          -2     -2.93889            0            0            0            0            0            0 
          -2     -2.93321            0            0            0            0            0            0 
          -2     -2.92727            0            0            0            0            0            0 
          -2     -2.92109            0            0            0            0            0            0 
          -2     -2.91465            0            0            0            0            0            0 
          -2     -2.90796            0            0            0            0            0            0 
          -2     -2.90101            0            0            0            0            0            0 
          -2     -2.89382            0            0            0            0            0            0 
          -2     -2.88637            0            0            0            0            0            0 
          -2     -2.87867            0            0            0            0            0            0 
          -2     -2.87071            0            0            0            0            0            0 
          -2      -2.8625            0            0            0            0            0            0 
          -2     -2.85405            0            0            0            0            0            0 
          -2     -2.84533            0            0            0            0            0            0 
          -2     -2.83637            0            0            0            0            0            0 
          -2     -2.82715            0            0            0            0            0            0 
          -2     -2.81768            0            0            0            0            0            0 
          -2     -2.80796            0            0            0            0            0            0 
          -2     -2.79799            0            0            0            0            0            0 
          -2     -2.78776            0            0            0            0            0            0 
          -2     -2.77728            0            0            0            0            0            0 
          -2     -2.76655            0            0            0            0            0            0 
          -2     -2.75556            0            0            0            0            0            0 
          -2     -2.74433            0            0            0            0            0            0 
          -2     -2.73284            0            0            0            0            0            0 
          -2      -2.7211            0            0            0            0            0            0 
          -2      -2.7091            0            0            0            0            0            0 
          -2     -2.69685            0            0            0            0            0            0 
          -2     -2.68435            0            0            0            0            0            0 
          -2      -2.6716            0            0            0            0            0            0 
          -2      -2.6586            0            0            0            0            0            0 
          -2     -2.64534            0            0            0            0            0            0 
          -2     -2.63183            0            0            0            0            0            0 
          -2     -2.61807            0            0            0            0            0            0 
          -2     -2.60405            0            0            0            0            0            0 
          -2     -2.58978            0            0            0            0            0            0 
          -2     -2.57526            0            0            0            0            0            0 
          -2     -2.56049            0            0            0            0            0            0 
          -2     -2.54547            0            0            0            0            0            0 
          -2     -2.53019            0            0            0            0            0            0 
          -2     -2.51466            0            0            0            0            0            0 
          -2     -2.49888            0            0            0            0            0            0 
          -2     -2.48284            0            0            0            0            0            0 
          -2     -2.46656            0            0            0            0            0            0 
          -2     -2.45002            0            0            0            0            0            0 
          -2     -2.43322            0            0            0            0            0            0 
          -2     -2.41618            0            0            0            0            0            0 
          -2     -2.39888            0            0            0            0            0            0 
          -2     -2.38133            0            0            0            0            0            0 
          -2     -2.36353            0            0            0            0            0            0 
          -2     -2.34547            0            0            0            0            0            0 
          -2     -2.32716            0            0            0            0            0            0 
          -2     -2.30861            0            0            0            0            0            0 
          -2     -2.28979            0            0            0            0            0            0 
          -2     -2.27073            0            0            0            0            0            0 
          -2     -2.25141            0            0            0            0            0            0 
          -2     -2.23184            0            0            0            0            0            0 
          -2     -2.21202            0            0            0            0            0            0 
          -2     -2.19194            0            0            0            0            0            0 
          -2     -2.17161            0            0            0            0            0            0 
          -2     -2.15103            0            0            0            0            0            0 
          -2      -2.1302            0            0            0            0            0            0 
          -2     -2.10912            0            0            0            0            0            0 
          -2     -2.08778            0            0            0            0            0            0 
          -2     -2.06619            0            0            0            0            0            0 
          -2     -2.04435            0            0            0            0            0            0 
          -2     -2.02225            0            0            0            0            0            0 
          -2      -1.9999            0            0            0            0            0            0 
          -2      -1.9773            0            0            0            0            0            0 
          -2     -1.95445            0            0            0            0            0            0 
          -2     -1.93134            0            0            0            0            0            0 
          -2     -1.90799            0            0            0            0            0            0 
          -2     -1.88438            0            0            0            0            0            0 
          -2     -1.86051            0            0            0            0            0            0 
          -2     -1.83639            0            0            0            0            0            0 
          -2     -1.81203            0            0            0            0            0            0 
          -2     -1.78741            0            0            0            0            0            0 
          -2     -1.76253            0            0            0            0            0            0 
          -2     -1.73741            0            0            0            0            0            0 
          -2     -1.71203            0            0            0            0            0            0 
          -2      -1.6864            0            0            0            0            0            0 
          -2     -1.66052            0            0            0            0            0            0 
          -2     -1.63438            0            0            0            0            0            0 
          -2     -1.60799            0            0            0            0            0            0 
          -2     -1.58135            0            0            0            0            0            0 
          -2     -1.55446            0            0            0            0            0            0 
          -2     -1.52731            0            0            0            0            0            0 
          -2     -1.49992            0            0            0            0            0            0 
          -2     -1.47227            0            0            0            0            0            0 
          -2     -1.44436            0            0            0            0            0            0 
          -2      -1.4162            0            0            0            0            0            0 
          -2     -1.38779            0            0            0            0            0            0 
          -2     -1.35913            0            0            0            0            0            0 
          -2     -1.33022            0            0            0            0            0            0 
          -2     -1.30106            0            0            0            0            0            0 
          -2     -1.27164            0            0            0            0            0            0 
          -2     -1.24197            0            0            0            0            0            0 
          -2     -1.21205            0            0            0            0            0            0 
          -2     -1.18186            0            0            0            0            0            0 
          -2     -1.15144            0            0            0            0            0            0 
          -2     -1.12076            0            0            0            0            0            0 
          -2     -1.08982            0            0            0            0            0            0 
          -2     -1.05864            0            0            0            0            0            0 
          -2      -1.0272            0            0            0            0            0            0 
          -2    -0.995511            0            0            0            0            0            0 
          -2    -0.963568            0            0            0            0            0            0 
          -2    -0.931366            0            0            0            0            0            0 
          -2    -0.898919            0            0            0            0            0            0 
          -2    -0.866218            0            0            0            0            0            0 
          -2    -0.833265            0            0            0            0            0            0 
          -2     -0.80006            0            0            0            0            0            0 
          -2    -0.766602            0            0            0            0            0            0 
          -2    -0.732892            0            0            0            0            0            0 
          -2    -0.698929            0            0            0            0            0            0 
          -2    -0.664707            0            0            0            0            0            0 
          -2    -0.630239            0            0            0            0            0            0 
          -2    -0.595518            0            0            0            0            0            0 
          -2    -0.560545            0            0            0            0            0            0 
          -2     -0.52532            0            0            0            0            0            0 
          -2    -0.489842            0            0            0            0            0            0 
          -2    -0.454111            0            0            0            0            0            0 
          -2    -0.418128            0            0            0            0            0            0 
          -2    -0.381885            0            0            0            0            0            0 
          -2    -0.345397            0            0            0            0            0            0 
          -2    -0.308657            0            0            0            0            0            0 
          -2    -0.271664            0            0            0            0            0            0 
          -2    -0.234418            0            0            0            0            0            0 
          -2     -0.19692            0            0            0            0            0            0 
          -2     -0.15917            0            0            0            0            0            0 
          -2    -0.121166            0            0            0            0            0            0 
          -2    -0.082903            0            0            0            0            0            0 
          -2    -0.044395            0            0            0            0            0            0 
          -2    -0.005634            0            0            0            0            0            0 
          -2     0.033379 -1.38232e-07   8.6951e-10  5.80901e-05  9.17134e-10  -2.2937e-12  3.93074e-14 
          -2     0.072644 -2.90455e-07  3.55615e-09  5.80902e-05  3.33114e-09 -2.03573e-11  7.24029e-13 
          -2     0.112163 -4.23903e-07  7.30016e-09  5.80902e-05   6.1284e-09  -6.3489e-11  3.38762e-12 
          -2     0.151933  -5.3616e-07  1.15783e-08  5.80902e-05  8.74794e-09 -1.32365e-10  9.42765e-12 
          -2     0.191957 -6.28514e-07  1.59572e-08  5.80902e-05  1.09674e-08 -2.22767e-10   1.9953e-11 
          -2      0.23224 -7.03864e-07  2.03499e-08  5.80901e-05  1.27435e-08 -3.28491e-10  3.57321e-11 
          -2     0.272769 -7.65352e-07  2.43625e-08  5.80901e-05   1.4114e-08 -4.43391e-10   5.7207e-11 
          -2     0.313549 -8.15692e-07  2.82379e-08    5.809e-05   1.5144e-08 -5.61605e-10  8.45853e-11 
          -2     0.354583 -8.57093e-07  3.18334e-08  5.80899e-05  1.58985e-08 -6.78616e-10  1.17954e-10 
          -2     0.395868 -8.91031e-07  3.51448e-08  5.80898e-05   1.6427e-08 -7.90489e-10  1.57327e-10 
          -2     0.437407 -9.18379e-07  3.82555e-08  5.80897e-05  1.67638e-08 -8.93962e-10  2.02694e-10 
          -2     0.479197 -9.39544e-07  4.12763e-08  5.80896e-05  1.69297e-08 -9.86653e-10    2.541e-10 
          -2     0.521241 -9.54658e-07  4.41308e-08  5.80895e-05  1.69369e-08 -1.06654e-09  3.11356e-10 
          -2     0.563545 -9.63589e-07  4.68952e-08  5.80894e-05  1.67918e-08 -1.13242e-09  3.74331e-10 
          -2     0.606093 -9.66112e-07  4.96847e-08  5.80894e-05  1.64997e-08 -1.18384e-09  4.42779e-10 
          -2     0.648894 -9.62138e-07  5.25389e-08  5.80893e-05   1.6069e-08 -1.22137e-09  5.16393e-10 
          -2     0.691948 -9.51519e-07  5.52925e-08  5.80893e-05  1.55119e-08 -1.24628e-09  5.94657e-10 
          -2     0.735253  -9.3424e-07  5.81412e-08  5.80892e-05  1.48444e-08 -1.26058e-09  6.77021e-10 
          -2     0.778812 -9.10591e-07  6.11146e-08  5.80893e-05  1.40858e-08 -1.26678e-09  7.62858e-10 
          -2     0.822623 -8.80775e-07  6.40797e-08  5.80893e-05  1.32572e-08 -1.26755e-09  8.51587e-10 
          -2     0.866686 -8.45175e-07  6.69429e-08  5.80894e-05  1.23812e-08 -1.26531e-09  9.42283e-10 
          -2     0.911011 -8.04444e-07  7.00161e-08  5.80894e-05  1.14807e-08 -1.26244e-09  1.03439e-09 
          -2     0.955579 -7.59274e-07  7.30202e-08  5.80895e-05  1.05782e-08 -1.26053e-09  1.12709e-09 
          -2       1.0004 -7.10394e-07   7.5624e-08  5.80897e-05  9.69288e-09 -1.26073e-09  1.21984e-09 
          -2      1.04547 -6.58607e-07  7.87496e-08    5.809e-05  8.83766e-09 -1.26304e-09  1.31182e-09 
          -2       1.0908 -6.04446e-07  8.14631e-08  5.80903e-05  8.02051e-09 -1.26722e-09  1.40284e-09 
          -2      1.13638 -5.48475e-07  8.41556e-08  5.80906e-05  7.24509e-09  -1.2722e-09  1.49215e-09 
          -2      1.18221 -4.91166e-07  8.68511e-08   5.8091e-05   6.5127e-09 -1.27669e-09  1.57922e-09 
          -2      1.22829 -4.32964e-07   8.9383e-08  5.80914e-05  5.82312e-09 -1.27941e-09  1.66365e-09 
          -2      1.27464 -3.74316e-07  9.16281e-08  5.80918e-05  5.17531e-09 -1.27926e-09  1.74525e-09 
          -2      1.32123 -3.15835e-07  9.37586e-08  5.80923e-05  4.56884e-09 -1.27531e-09  1.82327e-09 
          -2      1.36807 -2.57931e-07  9.58781e-08  5.80929e-05  4.00307e-09 -1.26689e-09  1.89744e-09 
          -2      1.41516 -2.01004e-07  9.78205e-08  5.80935e-05  3.47872e-09 -1.25411e-09  1.96753e-09 
          -2      1.46251 -1.45556e-07  9.96256e-08  5.80942e-05  2.99873e-09 -1.23838e-09   2.0331e-09 
          -2      1.51011 -9.22701e-08  1.01425e-07   5.8095e-05  2.56767e-09 -1.22111e-09  2.09386e-09 
          -2      1.55796  -4.1028e-08  1.03027e-07  5.80959e-05  2.18227e-09 -1.19899e-09  2.14942e-09 
          -2      1.60606  7.78917e-09  1.04465e-07  5.80967e-05  1.84316e-09 -1.17175e-09  2.19936e-09 
          -2      1.65443  5.38347e-08  1.05765e-07  5.80976e-05   1.5496e-09 -1.13935e-09  2.24353e-09 
          -2      1.70304   9.6889e-08  1.06922e-07  5.80985e-05  1.29976e-09 -1.10185e-09  2.28187e-09 
          -2       1.7519  1.36875e-07  1.07924e-07  5.80995e-05  1.09088e-09 -1.05942e-09  2.31442e-09 
          -2      1.80101  1.73797e-07  1.08758e-07  5.81005e-05  9.19688e-10 -1.01243e-09  2.34125e-09 
          -2      1.85038   2.0772e-07  1.09426e-07  5.81016e-05   7.8273e-10 -9.61422e-10  2.36249e-09 
          -2          1.9  2.38748e-07  1.09944e-07  5.81028e-05  6.76506e-10 -9.07138e-10  2.37828e-09 
          -2      1.94987  2.67027e-07  1.10358e-07  5.81041e-05  5.97632e-10 -8.50508e-10  2.38879e-09 
          -2            2  2.92983e-07  1.10822e-07  5.81051e-05  5.43291e-10 -7.92901e-10  2.39414e-09 
          -1           -3            0            0            0            0            0            0 
          -1     -2.99987            0            0            0            0            0            0 
          -1      -2.9995            0            0            0            0            0            0 
          -1     -2.99886            0            0            0            0            0            0 
          -1     -2.99798            0            0            0            0            0            0 
          -1     -2.99684            0            0            0            0            0            0 
          -1     -2.99546            0            0            0            0            0            0 
          -1     -2.99381            0            0            0            0            0            0 
          -1     -2.99192            0            0            0            0            0            0 
          -1     -2.98977            0            0            0            0            0            0 
          -1     -2.98738            0            0            0            0            0            0 
          -1     -2.98472            0            0            0            0            0            0 
          -1     -2.98182            0            0            0            0            0            0 
          -1     -2.97866            0            0            0            0            0            0 
          -1     -2.97525            0            0            0            0            0            0 
          -1     -2.97159            0            0            0            0            0            0 
          -1     -2.96768            0            0            0            0            0            0 
          -1     -2.96351            0            0            0            0            0            0 
          -1     -2.95909            0            0            0            0            0            0 
          -1     -2.95442            0            0            0            0            0            0 
          -1      -2.9495            0            0            0            0            0            0 
          -1     -2.94432            0            0            0            0            0            0 
          -1     -2.93889            0            0            0            0            0            0 
          -1     -2.93321            0            0            0            0            0            0 
          -1     -2.92727            0            0            0            0            0            0 
          -1     -2.92109            0            0            0            0            0            0 
          -1     -2.91465            0            0            0            0            0            0 
          -1     -2.90796            0            0            0            0            0            0 
          -1     -2.90101            0            0            0            0            0            0 
          -1     -2.89382            0            0            0            0            0            0 
          -1     -2.88637            0            0            0            0            0            0 
          -1     -2.87867            0            0            0            0            0            0 
          -1     -2.87071            0            0            0            0            0            0 
          -1      -2.8625            0            0            0            0            0            0 
          -1     -2.85405            0            0            0            0            0            0 
          -1     -2.84533            0            0            0            0            0            0 
          -1     -2.83637            0            0            0            0            0            0 
          -1     -2.82715            0            0            0            0            0            0 
          -1     -2.81768            0            0            0            0            0            0 
          -1     -2.80796            0            0            0            0            0            0 
          -1     -2.79799            0            0            0            0            0            0 
          -1     -2.78776            0            0            0            0            0            0 
          -1     -2.77728            0            0            0            0            0            0 
          -1     -2.76655            0            0            0            0            0            0 
          -1     -2.75556            0            0            0            0            0            0 
          -1     -2.74433            0            0            0            0            0            0 
          -1     -2.73284            0            0            0            0            0            0 
          -1      -2.7211            0            0            0            0            0            0 
          -1      -2.7091            0            0            0            0            0            0 
          -1     -2.69685            0            0            0            0            0            0 
          -1     -2.68435            0            0            0            0            0            0 
          -1      -2.6716            0            0            0            0            0            0 
          -1      -2.6586            0            0            0            0            0            0 
          -1     -2.64534            0            0            0            0            0            0 
          -1     -2.63183            0            0            0            0            0            0 
          -1     -2.61807            0            0            0            0            0            0 
          -1     -2.60405            0            0            0            0            0            0 
          -1     -2.58978            0            0            0            0            0            0 
          -1     -2.57526            0            0            0            0            0            0 
          -1     -2.56049            0            0            0            0            0            0 
          -1     -2.54547            0            0            0            0            0            0 
          -1     -2.53019            0            0            0            0            0            0 
          -1     -2.51466            0            0            0            0            0            0 
          -1     -2.49888            0            0            0            0            0            0 
          -1     -2.48284            0            0            0            0            0            0 
          -1     -2.46656            0            0            0            0            0            0 
          -1     -2.45002            0            0            0            0            0            0 
          -1     -2.43322            0            0            0            0            0            0 
          -1     -2.41618            0            0            0            0            0            0 
          -1     -2.39888            0            0            0            0            0            0 
          -1     -2.38133            0            0            0            0            0            0 
          -1     -2.36353            0            0            0            0            0            0 
          -1     -2.34547            0            0            0            0            0            0 
          -1     -2.32716            0            0            0            0            0            0 
          -1     -2.30861            0            0            0            0            0            0 
          -1     -2.28979            0            0            0            0            0            0 
          -1     -2.27073            0            0            0            0            0            0 
          -1     -2.25141            0            0            0            0            0            0 
          -1     -2.23184            0            0            0            0            0            0 
          -1     -2.21202            0            0            0            0            0            0 
          -1     -2.19194            0            0            0            0            0            0 
          -1     -2.17161            0            0            0            0            0            0 
          -1     -2.15103            0            0            0            0            0            0 
          -1      -2.1302            0            0            0            0            0            0 
          -1     -2.10912            0            0            0            0            0            0 
          -1     -2.08778            0            0            0            0            0            0 
          -1     -2.06619            0            0            0            0            0            0 
          -1     -2.04435            0            0            0            0            0            0 
          -1     -2.02225            0            0            0            0            0            0 
          -1      -1.9999            0            0            0            0            0            0 
          -1      -1.9773            0            0            0            0            0            0 
          -1     -1.95445            0            0            0            0            0            0 
          -1     -1.93134            0            0            0            0            0            0 
          -1     -1.90799            0            0            0            0            0            0 
          -1     -1.88438            0            0            0            0            0            0 
          -1     -1.86051            0            0            0            0            0            0 
          -1     -1.83639            0            0            0            0            0            0 
          -1     -1.81203            0            0            0            0            0            0 
          -1     -1.78741            0            0            0            0            0            0 
          -1     -1.76253            0            0            0            0            0            0 
          -1     -1.73741            0            0            0            0            0            0 
          -1     -1.71203            0            0            0            0            0            0 
          -1      -1.6864            0            0            0            0            0            0 
          -1     -1.66052            0            0            0            0            0            0 
          -1     -1.63438            0            0            0            0            0            0 
          -1     -1.60799            0            0            0            0            0            0 
          -1     -1.58135            0            0            0            0            0            0 
          -1     -1.55446            0            0            0            0            0            0 
          -1     -1.52731            0            0            0            0            0            0 
          -1     -1.49992            0            0            0            0            0            0 
          -1     -1.47227            0            0            0            0            0            0 
          -1     -1.44436            0            0            0            0            0            0 
          -1      -1.4162            0            0            0            0            0            0 
          -1     -1.38779            0            0            0            0            0            0 
          -1     -1.35913            0            0            0            0            0            0 
          -1     -1.33022            0            0            0            0            0            0 
          -1     -1.30106            0            0            0            0            0            0 
          -1     -1.27164            0            0            0            0            0            0 
          -1     -1.24197            0            0            0            0            0            0 
          -1     -1.21205            0            0            0            0            0            0 
          -1     -1.18186            0            0            0            0            0            0 
          -1     -1.15144            0            0            0            0            0            0 
          -1     -1.12076            0            0            0            0            0            0 
          -1     -1.08982            0            0            0            0            0            0 
          -1     -1.05864            0            0            0            0            0            0 
          -1      -1.0272            0            0            0            0            0            0 
          -1    -0.995511            0            0            0            0            0            0 
          -1    -0.963568            0            0            0            0            0            0 
          -1    -0.931366            0            0            0            0            0            0 
          -1    -0.898919            0            0            0            0            0            0 
          -1    -0.866218            0            0            0            0            0            0 
          -1    -0.833265            0            0            0            0            0            0 
          -1     -0.80006            0            0            0            0            0            0 
          -1    -0.766602            0            0            0            0            0            0 
          -1    -0.732892            0            0            0            0            0            0 
          -1    -0.698929            0            0            0            0            0            0 
          -1    -0.664707            0            0            0            0            0            0 
          -1    -0.630239            0            0            0            0            0            0 
          -1    -0.595518            0            0            0            0            0            0 
          -1    -0.560545            0            0            0            0            0            0 
          -1     -0.52532            0            0            0            0            0            0 
          -1    -0.489842            0            0            0            0            0            0 
          -1    -0.454111            0            0            0            0            0            0 
          -1    -0.418128            0            0            0            0            0            0 
          -1    -0.381885            0            0            0            0            0            0 
          -1    -0.345397            0            0            0            0            0            0 
          -1    -0.308657            0            0            0            0            0            0 
          -1    -0.271664            0            0            0            0            0            0 
          -1    -0.234418            0            0            0            0            0            0 
          -1     -0.19692            0            0            0            0            0            0 
          -1     -0.15917            0            0            0            0            0            0 
          -1    -0.121166            0            0            0            0            0            0 
          -1    -0.082903            0            0            0            0            0            0 
          -1    -0.044395            0            0            0            0            0            0 
          -1    -0.005634            0            0            0            0            0            0 
          -1     0.033379 -1.84557e-07  7.97704e-10  5.80248e-05  1.24467e-09 -4.04966e-12  4.09614e-14 
          -1     0.072644 -3.69222e-07  3.20029e-09  5.80249e-05  4.48022e-09 -3.42013e-11  7.47514e-13 
          -1     0.112163 -5.17982e-07  6.44218e-09  5.80249e-05  8.15934e-09 -1.02337e-10  3.46493e-12 
          -1     0.151933 -6.34125e-07   9.9701e-09   5.8025e-05  1.15229e-08 -2.06024e-10  9.55223e-12 
          -1     0.191957 -7.23433e-07  1.34329e-08   5.8025e-05   1.4291e-08 -3.36473e-10  2.00329e-11 
          -1      0.23224 -7.92024e-07  1.66308e-08   5.8025e-05  1.64311e-08 -4.83619e-10  3.55457e-11 
          -1     0.272769 -8.45226e-07   1.9474e-08   5.8025e-05  1.80181e-08 -6.38557e-10  5.64133e-11 
          -1     0.313549 -8.87222e-07  2.19415e-08   5.8025e-05  1.91583e-08 -7.94463e-10  8.27731e-11 
          -1     0.354583 -9.20987e-07  2.40502e-08   5.8025e-05  1.99503e-08 -9.46327e-10  1.14659e-10 
          -1     0.395868 -9.48443e-07  2.58504e-08   5.8025e-05  2.04701e-08 -1.09048e-09  1.52074e-10 
          -1     0.437407 -9.70623e-07  2.73925e-08   5.8025e-05  2.07694e-08 -1.22424e-09  1.95039e-10 
          -1     0.479197 -9.87984e-07  2.87272e-08  5.80249e-05  2.08792e-08 -1.34538e-09  2.43537e-10 
          -1     0.521241 -1.00055e-06  2.99517e-08  5.80249e-05   2.0816e-08 -1.45232e-09  2.97608e-10 
          -1     0.563545 -1.00804e-06  3.10551e-08  5.80249e-05  2.05881e-08 -1.54384e-09  3.57154e-10 
          -1     0.606093 -1.01008e-06  3.20941e-08  5.80248e-05  2.02018e-08 -1.61938e-09   4.2203e-10 
          -1     0.648894 -1.00629e-06  3.31858e-08  5.80248e-05  1.96644e-08 -1.67924e-09  4.92106e-10 
          -1     0.691948 -9.96365e-07  3.42824e-08  5.80248e-05  1.89874e-08 -1.72432e-09   5.6699e-10 
          -1     0.735253 -9.80088e-07  3.53563e-08  5.80248e-05  1.81874e-08 -1.75618e-09  6.46174e-10 
          -1     0.778812 -9.57407e-07  3.66529e-08  5.80248e-05  1.72846e-08 -1.77715e-09  7.29321e-10 
          -1     0.822623 -9.28481e-07  3.78038e-08  5.80248e-05  1.63034e-08 -1.78946e-09    8.155e-10 
          -1     0.866686 -8.93623e-07   3.9128e-08  5.80248e-05  1.52698e-08 -1.79588e-09  9.04322e-10 
          -1     0.911011 -8.53265e-07  4.05219e-08  5.80249e-05  1.42089e-08 -1.79849e-09  9.95054e-10 
          -1     0.955579 -8.08062e-07  4.19394e-08   5.8025e-05  1.31448e-08 -1.79894e-09  1.08691e-09 
          -1       1.0004  -7.5872e-07   4.3363e-08  5.80251e-05  1.20976e-08 -1.79835e-09  1.17923e-09 
          -1      1.04547 -7.05949e-07  4.47831e-08  5.80253e-05  1.10818e-08 -1.79716e-09  1.27146e-09 
          -1       1.0908 -6.50401e-07  4.61943e-08  5.80255e-05  1.01068e-08 -1.79518e-09  1.36311e-09 
          -1      1.13638 -5.92661e-07  4.76067e-08  5.80257e-05  9.17694e-09 -1.79161e-09  1.45369e-09 
          -1      1.18221 -5.33331e-07   4.9043e-08  5.80258e-05  8.29482e-09 -1.78527e-09  1.54253e-09 
          -1      1.22829 -4.73258e-07  5.02819e-08  5.80262e-05   7.4618e-09 -1.77558e-09  1.62889e-09 
          -1      1.27464 -4.12526e-07  5.15525e-08  5.80266e-05  6.67311e-09 -1.76231e-09  1.71359e-09 
          -1      1.32123 -3.51873e-07  5.27356e-08  5.80269e-05  5.92843e-09 -1.74182e-09  1.79532e-09 
          -1      1.36807 -2.91786e-07  5.38663e-08  5.80274e-05  5.22906e-09 -1.71518e-09  1.87332e-09 
          -1      1.41516 -2.32698e-07  5.49326e-08  5.80278e-05  4.57782e-09  -1.6833e-09  1.94723e-09 
          -1      1.46251 -1.75044e-07  5.59314e-08  5.80284e-05   3.9769e-09 -1.64652e-09  2.01671e-09 
          -1      1.51011 -1.19243e-07  5.68646e-08  5.80289e-05  3.42785e-09 -1.60479e-09  2.08146e-09 
          -1      1.55796 -6.56752e-08  5.77359e-08  5.80295e-05  2.93145e-09 -1.55786e-09  2.14122e-09 
          -1      1.60606 -1.46641e-08  5.85486e-08  5.80302e-05  2.48768e-09 -1.50544e-09   2.1958e-09 
          -1      1.65443  3.35429e-08  5.93038e-08  5.80309e-05  2.09565e-09 -1.44729e-09  2.24504e-09 
          -1      1.70304  7.87507e-08  5.99989e-08  5.80316e-05  1.75394e-09 -1.38344e-09  2.28878e-09 
          -1       1.7519  1.20869e-07  6.06293e-08  5.80324e-05  1.46024e-09 -1.31413e-09  2.32697e-09 
          -1      1.80101  1.59878e-07   6.1189e-08  5.80332e-05  1.21171e-09 -1.23991e-09  2.35954e-09 
          -1      1.85038  1.95826e-07  6.16735e-08  5.80341e-05  1.00521e-09 -1.16164e-09  2.38646e-09 
          -1          1.9  2.28812e-07  6.20842e-08   5.8035e-05   8.3738e-10 -1.08044e-09  2.40774e-09 
          -1      1.94987  2.58967e-07   6.2434e-08   5.8036e-05   7.0506e-10 -9.97581e-10   2.4234e-09 
          -1            2  2.86424e-07  6.27551e-08   5.8037e-05  6.05562e-10 -9.14317e-10  2.43345e-09 
           0           -3 -1.59921e-23   9.1593e-24  5.78239e-05  1.11329e-19 -1.45649e-19  9.03767e-20 
           0     -2.99987 -1.50489e-23  9.05348e-24  5.78239e-05  9.82172e-20  -1.3068e-19  8.23894e-20 
           0      -2.9995 -1.24191e-23   8.7713e-24  5.78239e-05  6.15311e-20 -8.86623e-20  6.00386e-20 
           0     -2.99886 -8.68641e-24  8.41128e-24  5.78239e-05   9.1176e-21 -2.80778e-20  2.79896e-20 
           0     -2.99798 -4.66569e-24  8.10289e-24  5.78239e-05  -4.7789e-20  3.92568e-20 -7.43294e-21 
           0     -2.99684 -1.24362e-24  7.96438e-24  5.78239e-05 -9.63566e-20  1.00459e-19 -3.97502e-20 
           0     -2.99546  8.43031e-25  8.04956e-24  5.78239e-05 -1.24828e-19  1.44824e-19 -6.44073e-20 
           0     -2.99381  1.17713e-24  8.29893e-24  5.78239e-05 -1.24637e-19  1.66227e-19 -8.04032e-20 
           0     -2.99192  -2.1371e-25  8.50381e-24  5.78239e-05 -9.21991e-20  1.64952e-19 -9.15558e-20 
           0     -2.98977 -2.83739e-24  8.29615e-24  5.78239e-05 -2.96871e-20  1.47915e-19 -1.06755e-19 
           0     -2.98738 -5.83194e-24  7.17665e-24  5.78239e-05  5.53909e-20  1.27346e-19 -1.39227e-19 
           0     -2.98472 -8.16354e-24  4.58912e-24  5.78239e-05   1.5159e-19  1.17958e-19 -2.04672e-19 
           0     -2.98182   -8.905e-24  4.97233e-26  5.78239e-05  2.45806e-19  1.33105e-19 -3.18536e-19 
           0     -2.97866 -7.53043e-24 -6.68321e-24  5.78239e-05  3.25931e-19  1.80843e-19 -4.92971e-19 
           0     -2.97525 -4.13958e-24 -1.54102e-23  5.78239e-05  3.82921e-19  2.61187e-19 -7.34158e-19 
           0     -2.97159  4.69617e-25 -2.52992e-23  5.78239e-05  4.11537e-19  3.65669e-19 -1.04042e-18 
           0     -2.96768  4.96648e-24 -3.47549e-23  5.78239e-05   4.0929e-19  4.80496e-19  -1.4027e-18 
           0     -2.96351  7.90118e-24  -4.1524e-23  5.78239e-05  3.73288e-19  5.92947e-19 -1.80614e-18 
           0     -2.95909  8.32454e-24 -4.30623e-23  5.78239e-05   2.9604e-19  7.00424e-19 -2.23507e-18 
           0     -2.95442  6.34215e-24 -3.75201e-23  5.78239e-05  1.62894e-19  8.17013e-19 -2.67665e-18 
           0      -2.9495  3.14469e-24 -2.54557e-23  5.78239e-05 -4.34847e-20  9.70162e-19  -3.1219e-18 
           0     -2.94432 -3.50236e-25 -1.30944e-23  5.78239e-05 -3.22672e-19  1.17333e-18 -3.55715e-18 
           0     -2.93889 -7.58665e-24 -1.69856e-23  5.78239e-05 -6.05695e-19  1.35281e-18  -3.9353e-18 
           0     -2.93321 -1.80684e-23  5.12866e-23  5.78239e-05 -6.33217e-19  1.22972e-18 -4.17297e-18 
           0     -2.92727  1.17081e-23  4.76354e-24  5.78239e-05 -8.88819e-19  1.48939e-18 -4.82903e-18 
           0     -2.92109  7.89354e-24 -5.68025e-23  5.78239e-05 -1.08654e-18  1.56953e-18 -5.12716e-18 
           0     -2.91465  4.92845e-25 -1.11548e-22  5.78239e-05 -1.21802e-18  1.59608e-18 -5.43451e-18 
           0     -2.90796  9.43792e-25 -1.53416e-22  5.78239e-05 -1.29754e-18  1.63411e-18 -5.87422e-18 
           0     -2.90101  7.28588e-24 -1.82523e-22   5.7824e-05 -1.34752e-18  1.69848e-18 -6.40629e-18 
           0     -2.89382  1.16174e-23 -1.96134e-22   5.7824e-05 -1.38276e-18  1.77268e-18 -6.93458e-18 
           0     -2.88637  8.23203e-24 -1.83073e-22   5.7824e-05 -1.39943e-18  1.83341e-18   -7.415e-18 
           0     -2.87867 -2.20046e-25 -1.30128e-22   5.7824e-05 -1.37744e-18  1.87549e-18 -7.92129e-18 
           0     -2.87071 -2.60524e-24 -5.01183e-23   5.7824e-05 -1.30816e-18  1.92868e-18 -8.60402e-18 
           0      -2.8625  9.05357e-24 -4.32946e-23  5.78241e-05 -1.26471e-18  2.05391e-18  -9.4512e-18 
           0     -2.85405  4.27559e-24  -1.3245e-22  5.78241e-05 -1.19582e-18  2.13294e-18 -1.00578e-17 
           0     -2.84533  1.44273e-24 -4.19407e-23  5.78241e-05 -1.10877e-18  2.23275e-18 -1.09232e-17 
           0     -2.83637  2.21606e-26 -5.83118e-24  5.78241e-05  -1.0265e-18  2.35777e-18 -1.18462e-17 
           0     -2.82715  2.32489e-24 -3.72521e-23  5.78242e-05 -9.44482e-19  2.49383e-18 -1.28065e-17 
           0     -2.81768  5.37044e-24 -1.01577e-22  5.78242e-05 -8.59239e-19  2.63195e-18 -1.38488e-17 
           0     -2.80796  6.36227e-24  -1.4995e-22  5.78242e-05 -7.73385e-19  2.77498e-18 -1.50058e-17 
           0     -2.79799  5.56964e-24 -1.54442e-22  5.78243e-05 -6.94777e-19  2.93425e-18 -1.62598e-17 
           0     -2.78776  4.13756e-24 -1.38996e-22  5.78243e-05 -6.26236e-19  3.10856e-18 -1.75713e-17 
           0     -2.77728  9.99095e-24  3.97861e-23  5.78244e-05 -5.53598e-19  3.26591e-18 -1.90201e-17 
           0     -2.76655  3.94424e-24   1.9309e-22  5.78244e-05 -4.94629e-19  3.44608e-18 -2.05717e-17 
           0     -2.75556  6.94883e-24  2.20204e-22  5.78245e-05 -4.40127e-19  3.62316e-18 -2.22354e-17 
           0     -2.74433  1.01627e-23  2.26663e-22  5.78245e-05 -3.91774e-19  3.80153e-18 -2.40345e-17 
           0     -2.73284  1.03922e-23  2.50293e-22  5.78246e-05  -3.5061e-19  3.98421e-18 -2.59711e-17 
           0      -2.7211  9.27946e-24  2.45453e-22  5.78246e-05  -3.1632e-19  4.17002e-18 -2.80455e-17 
           0      -2.7091  8.29855e-24  1.40709e-22  5.78247e-05 -2.87506e-19  4.35499e-18 -3.02707e-17 
           0     -2.69685 -2.22046e-24  4.90842e-24  5.78248e-05 -2.63736e-19  4.53917e-18 -3.26633e-17 
           0     -2.68435 -3.82011e-24  2.49968e-23  5.78248e-05 -2.46262e-19  4.72914e-18 -3.52175e-17 
           0      -2.6716 -8.81908e-24  5.28423e-23  5.78249e-05 -2.32643e-19   4.9173e-18 -3.79523e-17 
           0      -2.6586 -7.31191e-24  5.37029e-23   5.7825e-05 -2.23305e-19  5.10809e-18  -4.0873e-17 
           0     -2.64534 -6.18974e-24  1.84551e-23  5.78251e-05 -2.17503e-19  5.30088e-18 -4.39857e-17 
           0     -2.63183 -4.62652e-24 -3.70959e-23  5.78252e-05 -2.14609e-19  5.49558e-18 -4.73011e-17 
           0     -2.61807  -3.6091e-24 -2.13319e-23  5.78253e-05 -2.14181e-19  5.69313e-18 -5.08283e-17 
           0     -2.60405  -2.7017e-24   1.1182e-22  5.78254e-05 -2.15843e-19  5.89477e-18 -5.45738e-17 
           0     -2.58978  7.36116e-24  2.24359e-22  5.78255e-05 -2.18928e-19  6.09968e-18  -5.8547e-17 
           0     -2.57526  8.31079e-24 -1.06712e-22  5.78256e-05 -2.23266e-19  6.30993e-18 -6.27545e-17 
           0     -2.56049 -1.30533e-24  3.48007e-23  5.78257e-05 -2.28323e-19   6.5251e-18  -6.7207e-17 
           0     -2.54547 -9.99688e-24  2.94085e-23  5.78259e-05 -2.33834e-19  6.74609e-18 -7.19126e-17 
           0     -2.53019 -1.45954e-23 -6.80621e-23   5.7826e-05 -2.39544e-19  6.97353e-18 -7.68797e-17 
           0     -2.51466 -1.05809e-23 -7.54422e-23  5.78261e-05 -2.45219e-19  7.20787e-18 -8.21177e-17 
           0     -2.49888  2.41688e-24  5.23309e-24  5.78263e-05 -2.50665e-19  7.44952e-18 -8.76365e-17 
           0     -2.48284  -6.0125e-24  3.04806e-23  5.78264e-05 -2.55759e-19  7.69908e-18 -9.34472e-17 
           0     -2.46656 -8.56545e-24 -9.42365e-23  5.78266e-05 -2.60399e-19  7.95681e-18 -9.95575e-17 
           0     -2.45002 -1.04974e-23 -6.66658e-23  5.78268e-05 -2.64512e-19  8.22305e-18  -1.0598e-16 
           0     -2.43322 -6.97061e-24 -2.05795e-22  5.78269e-05 -2.68068e-19  8.49817e-18 -1.12726e-16 
           0     -2.41618 -2.71957e-24 -3.57139e-22  5.78271e-05 -2.71052e-19  8.78241e-18 -1.19807e-16 
           0     -2.39888 -5.02415e-25 -3.04893e-22  5.78273e-05 -2.73475e-19  9.07602e-18 -1.27237e-16 
           0     -2.38133 -1.45951e-25 -1.52822e-22  5.78275e-05 -2.75368e-19  9.37928e-18 -1.35029e-16 
           0     -2.36353  -9.4133e-24 -7.56101e-23  5.78277e-05 -2.76769e-19  9.69243e-18 -1.43198e-16 
           0     -2.34547  3.59403e-24 -1.08344e-22  5.78279e-05 -2.77721e-19  1.00156e-17 -1.51759e-16 
           0     -2.32716   9.9535e-24 -8.46599e-23  5.78282e-05 -2.78287e-19  1.03492e-17 -1.60726e-16 
           0     -2.30861  1.46948e-23  -1.4089e-22  5.78284e-05 -2.78519e-19  1.06933e-17 -1.70117e-16 
           0     -2.28979  9.33311e-24 -1.57017e-22  5.78287e-05 -2.78472e-19  1.10483e-17  -1.7995e-16 
           0     -2.27073  1.68745e-24 -1.77255e-22  5.78289e-05 -2.78202e-19  1.14146e-17 -1.90242e-16 
           0     -2.25141  1.88796e-24 -2.06061e-22  5.78292e-05  -2.7776e-19  1.17924e-17 -2.01014e-16 
           0     -2.23184  8.01964e-24 -2.51004e-22  5.78295e-05 -2.77192e-19  1.21822e-17 -2.12286e-16 
           0     -2.21202  5.04502e-24  2.74968e-22  5.78298e-05 -2.76535e-19  1.25845e-17 -2.24078e-16 
           0     -2.19194  9.63463e-24  2.02615e-22  5.78301e-05 -2.75826e-19  1.29999e-17 -2.36418e-16 
           0     -2.17161 -2.99467e-24  6.22469e-23  5.78304e-05 -2.75095e-19  1.34287e-17 -2.49321e-16 
           0     -2.15103 -2.95343e-24 -1.09195e-22  5.78307e-05 -2.74364e-19  1.38718e-17 -2.62817e-16 
           0      -2.1302  1.90287e-24 -3.54936e-22  5.78311e-05  -2.7365e-19  1.43299e-17 -2.76931e-16 
           0     -2.10912  2.42458e-24 -3.24079e-22  5.78314e-05 -2.72967e-19  1.48036e-17 -2.91691e-16 
           0     -2.08778  3.04998e-24  1.43723e-22  5.78318e-05 -2.72325e-19  1.52939e-17 -3.07125e-16 
           0     -2.06619 -1.50242e-23 -3.47492e-22  5.78322e-05 -2.71727e-19  1.58016e-17 -3.23264e-16 
           0     -2.04435 -1.33728e-25   1.5455e-22  5.78326e-05 -2.71183e-19  1.63279e-17 -3.40139e-16 
           0     -2.02225 -6.80398e-24  3.33119e-22   5.7833e-05 -2.70689e-19  1.68737e-17 -3.57789e-16 
           0      -1.9999  -5.6458e-24  2.78026e-22  5.78334e-05  -2.7025e-19  1.74401e-17 -3.76243e-16 
           0      -1.9773 -2.30145e-24  2.74094e-22  5.78338e-05 -2.69862e-19  1.80284e-17  -3.9554e-16 
           0     -1.95445 -4.52166e-24  3.87562e-22  5.78343e-05 -2.69524e-19    1.864e-17 -4.15722e-16 
           0     -1.93134 -7.87461e-24  4.31523e-22  5.78348e-05 -2.69239e-19  1.92762e-17  -4.3683e-16 
           0     -1.90799 -5.40386e-24  4.10595e-22  5.78353e-05 -2.69003e-19  1.99384e-17 -4.58911e-16 
           0     -1.88438   5.6962e-25  -4.9047e-22  5.78358e-05  -2.6882e-19  2.06287e-17 -4.82012e-16 
           0     -1.86051 -1.65155e-24 -7.02111e-22  5.78363e-05 -2.68686e-19  2.13485e-17 -5.06185e-16 
           0     -1.83639 -2.24431e-24 -6.71495e-22  5.78368e-05 -2.68612e-19  2.20998e-17 -5.31489e-16 
           0     -1.81203 -1.50026e-24  -5.6294e-22  5.78374e-05   -2.686e-19  2.28847e-17 -5.57973e-16 
           0     -1.78741 -3.82675e-24 -5.57942e-22   5.7838e-05 -2.68648e-19  2.37055e-17 -5.85703e-16 
           0     -1.76253 -6.79974e-24 -5.33458e-22  5.78386e-05 -2.68765e-19  2.45646e-17 -6.14745e-16 
           0     -1.73741 -4.27323e-24 -2.68495e-22  5.78392e-05 -2.68963e-19  2.54646e-17 -6.45171e-16 
           0     -1.71203 -6.83242e-24 -3.00422e-22  5.78398e-05 -2.69237e-19   2.6408e-17 -6.77062e-16 
           0      -1.6864  5.22043e-24  2.58712e-22  5.78405e-05 -2.69621e-19  2.73996e-17 -7.10492e-16 
           0     -1.66052  8.11399e-24  1.89463e-22  5.78412e-05 -2.70097e-19  2.84406e-17 -7.45555e-16 
           0     -1.63438  1.11983e-23 -1.32447e-22  5.78419e-05 -2.70712e-19  2.95361e-17 -7.82351e-16 
           0     -1.60799  8.00885e-24 -4.11916e-22  5.78426e-05 -2.71462e-19  3.06899e-17 -8.20972e-16 
           0     -1.58135  -1.4942e-24 -4.22539e-22  5.78434e-05  -2.7235e-19  3.19068e-17 -8.61533e-16 
           0     -1.55446 -8.51646e-24 -1.26006e-22  5.78441e-05 -2.73406e-19  3.31916e-17 -9.04153e-16 
           0     -1.52731 -5.43782e-24  2.30784e-22   5.7845e-05 -2.74666e-19  3.45496e-17 -9.48964e-16 
           0     -1.49992 -6.12692e-23 -4.18555e-22  5.78458e-05 -2.76097e-19  3.59851e-17 -9.96116e-16 
           0     -1.47227 -4.99951e-23 -2.52255e-22  5.78466e-05 -2.77813e-19  3.75121e-17 -1.04574e-15 
           0     -1.44436 -6.16182e-23 -9.03934e-22  5.78475e-05 -2.79764e-19  3.91288e-17 -1.09803e-15 
           0      -1.4162 -3.73235e-23 -9.35452e-22  5.78484e-05 -2.82049e-19  4.08484e-17 -1.15316e-15 
           0     -1.38779 -2.37154e-23 -5.90281e-22  5.78494e-05 -2.84646e-19  4.26799e-17 -1.21132e-15 
           0     -1.35913  -4.2919e-23 -3.92482e-22  5.78504e-05 -2.87582e-19  4.46339e-17 -1.27274e-15 
           0     -1.33022  -5.5308e-23 -3.57704e-22  5.78514e-05 -2.90955e-19  4.67215e-17 -1.33764e-15 
           0     -1.30106 -3.43968e-23  4.36642e-23  5.78524e-05 -2.94791e-19  4.89528e-17 -1.40632e-15 
           0     -1.27164 -5.50286e-23  5.33199e-22  5.78535e-05 -2.99145e-19  5.13524e-17 -1.47905e-15 
           0     -1.24197 -6.11654e-23  6.91579e-22  5.78546e-05 -3.04032e-19  5.39248e-17 -1.55615e-15 
           0     -1.21205 -4.47718e-23  6.50208e-23  5.78558e-05 -3.09645e-19  5.66946e-17 -1.63799e-15 
           0     -1.18186  -4.3602e-23 -3.80295e-22  5.78569e-05 -3.15944e-19  5.96872e-17   -1.725e-15 
           0     -1.15144 -5.71127e-23 -2.29086e-22  5.78582e-05 -3.23017e-19  6.29249e-17 -1.81756e-15 
           0     -1.12076 -3.53187e-23  1.16557e-22  5.78594e-05 -3.31054e-19  6.64318e-17 -1.91618e-15 
           0     -1.08982 -6.41469e-23  4.19549e-22  5.78607e-05 -3.40067e-19  7.02496e-17 -2.02147e-15 
           0     -1.05864  -1.5334e-22  8.23666e-22  5.78621e-05 -3.50155e-19  7.44087e-17 -2.13399e-15 
           0      -1.0272 -1.18111e-22  2.57714e-22  5.78635e-05 -3.61608e-19  7.89521e-17 -2.25451e-15 
           0    -0.995511 -1.37003e-22 -9.22809e-24  5.78649e-05 -3.74386e-19  8.39457e-17 -2.38381e-15 
           0    -0.963568  -1.3495e-22  4.05581e-22  5.78664e-05 -3.88716e-19  8.94433e-17 -2.52276e-15 
           0    -0.931366 -1.76674e-22  2.49324e-22  5.78679e-05 -4.04595e-19  9.54974e-17 -2.67256e-15 
           0    -0.898919 -1.21969e-22  2.00247e-21  5.78695e-05 -4.22543e-19  1.02247e-16 -2.83417e-15 
           0    -0.866218 -1.38405e-22  1.06253e-21  5.78712e-05 -4.42423e-19  1.09738e-16 -3.00917e-15 
           0    -0.833265 -1.05386e-22  1.23573e-21  5.78729e-05 -4.64415e-19   1.1814e-16 -3.19911e-15 
           0     -0.80006 -5.72581e-23  1.49373e-21  5.78746e-05 -4.88717e-19  1.27575e-16  -3.4058e-15 
           0    -0.766602 -2.05956e-23  2.61921e-21  5.78765e-05 -5.15862e-19  1.38225e-16 -3.63158e-15 
           0    -0.732892 -9.17222e-23  2.18671e-21  5.78784e-05 -5.43997e-19  1.50395e-16 -3.87885e-15 
           0    -0.698929 -7.94288e-23  2.19666e-21  5.78803e-05 -5.77181e-19  1.64226e-16 -4.15101e-15 
           0    -0.664707 -1.34979e-22  2.80842e-21  5.78824e-05  -6.1094e-19  1.80297e-16 -4.45136e-15 
           0    -0.630239 -9.06602e-23   1.8668e-21  5.78845e-05 -6.42597e-19  1.99101e-16 -4.78502e-15 
           0    -0.595518 -1.55275e-22   1.8492e-21  5.78867e-05 -7.03954e-19  2.20399e-16 -5.15712e-15 
           0    -0.560545 -1.42513e-22  3.03005e-21   5.7889e-05 -7.69427e-19  2.46022e-16 -5.57362e-15 
           0     -0.52532  4.73071e-24  4.52382e-22  5.78914e-05 -7.77245e-19  2.77808e-16  -6.0461e-15 
           0    -0.489842 -3.72355e-22  6.47277e-21   5.7894e-05 -8.40665e-19  3.15487e-16 -6.58413e-15 
           0    -0.454111  -1.4475e-22  2.15087e-21  5.78966e-05 -1.48931e-18  3.55976e-16  -7.2004e-15 
           0    -0.418128 -1.92991e-22  3.54336e-21  5.78993e-05 -2.35912e-18  4.09304e-16 -7.90422e-15 
           0    -0.381885 -6.52329e-22  7.19347e-21  5.79022e-05 -5.62371e-18   4.6691e-16 -8.74028e-15 
           0    -0.345397  -6.1573e-22  3.19689e-21  5.79053e-05 -4.09975e-18  5.80502e-16 -9.73256e-15 
           0    -0.308657 -8.13889e-22    9.856e-21  5.79086e-05  4.01986e-18  7.30346e-16 -1.08021e-14 
           0    -0.271664 -8.32685e-22  1.00617e-20   5.7912e-05  -2.6305e-17  8.64104e-16 -1.23004e-14 
           0    -0.234418 -7.42799e-22  1.12247e-20  5.79157e-05  3.44869e-18  1.22998e-15 -1.41301e-14 
           0     -0.19692 -5.45447e-22   1.7807e-20  5.79198e-05  -3.7026e-16  1.14355e-15 -1.60037e-14 
           0     -0.15917  -5.9391e-22   1.8905e-20  5.79242e-05 -4.77802e-16    1.971e-15 -1.81754e-14 
           0    -0.121166 -4.30423e-23    1.444e-20  5.79292e-05 -7.88006e-16  7.66889e-15   -3.276e-14 
           0    -0.082903 -2.80269e-22  1.67963e-20  5.79351e-05 -2.94766e-15   5.0213e-15 -2.18513e-14 
           0    -0.044395  6.77689e-21  6.96816e-21  5.79437e-05   2.2841e-13 -1.29092e-13 -1.01369e-13 
           0    -0.005634  5.40668e-21  7.79187e-21  5.79613e-05  1.58459e-12  1.09099e-13  -1.9488e-12 
           0     0.033379 -2.56203e-07   2.6368e-08  5.79569e-05  2.50113e-09 -3.35509e-10  6.11629e-11 
           0     0.072644 -4.68527e-07  2.80179e-08  5.79585e-05  7.43543e-09 -5.44336e-10  7.29513e-11 
           0     0.112163 -6.25984e-07  3.06758e-08  5.79599e-05  1.25169e-08 -6.83027e-10  8.00698e-11 
           0     0.151933 -7.37601e-07  3.42981e-08  5.79612e-05  1.67897e-08 -8.00589e-10  8.30973e-11 
           0     0.191957 -8.15669e-07  3.76301e-08  5.79625e-05  2.00743e-08 -9.12366e-10  8.31957e-11 
           0      0.23224 -8.70278e-07  4.03111e-08  5.79635e-05  2.24519e-08 -1.02557e-09  8.23621e-11 
           0     0.272769 -9.09304e-07  4.22708e-08  5.79645e-05  2.41013e-08 -1.14443e-09  8.24233e-11 
           0     0.313549 -9.38063e-07  4.35672e-08  5.79653e-05  2.51941e-08 -1.26957e-09  8.51238e-11 
           0     0.354583 -9.60206e-07  4.42885e-08  5.79661e-05  2.58814e-08 -1.39993e-09   9.1713e-11 
           0     0.395868 -9.77873e-07   4.4522e-08  5.79667e-05  2.62709e-08  -1.5331e-09  1.03115e-10 
           0     0.437407 -9.92149e-07  4.43584e-08  5.79672e-05  2.64318e-08 -1.66617e-09  1.20039e-10 
           0     0.479197 -1.00337e-06  4.38738e-08  5.79676e-05  2.64025e-08  -1.7959e-09  1.43026e-10 
           0     0.521241 -1.01141e-06  4.31517e-08   5.7968e-05  2.62008e-08 -1.91899e-09  1.72485e-10 
           0     0.563545 -1.01582e-06  4.22536e-08  5.79683e-05  2.58323e-08 -2.03239e-09  2.08721e-10 
           0     0.606093 -1.01604e-06  4.12435e-08  5.79686e-05   2.5299e-08  -2.1334e-09  2.51885e-10 
           0     0.648894 -1.01146e-06  4.01736e-08  5.79688e-05  2.46045e-08 -2.22005e-09  3.01981e-10 
           0     0.691948 -1.00154e-06  3.90806e-08  5.79689e-05  2.37572e-08 -2.29125e-09  3.58851e-10 
           0     0.735253 -9.85862e-07  3.80132e-08   5.7969e-05  2.27725e-08 -2.34709e-09  4.22247e-10 
           0     0.778812 -9.64172e-07   3.6983e-08  5.79691e-05  2.16716e-08 -2.38815e-09  4.91612e-10 
           0     0.822623 -9.36431e-07  3.60161e-08  5.79691e-05  2.04807e-08 -2.41625e-09  5.66457e-10 
           0     0.866686 -9.02792e-07   3.5134e-08  5.79691e-05  1.92287e-08 -2.43331e-09   6.4603e-10 
           0     0.911011 -8.63576e-07  3.43337e-08  5.79692e-05  1.79443e-08  -2.4415e-09  7.29594e-10 
           0     0.955579 -8.19298e-07  3.36091e-08  5.79692e-05  1.66546e-08 -2.44289e-09  8.16371e-10 
           0       1.0004 -7.70571e-07  3.29456e-08  5.79692e-05  1.53819e-08 -2.43897e-09  9.05589e-10 
           0      1.04547 -7.18083e-07  3.23276e-08  5.79692e-05  1.41431e-08 -2.43056e-09  9.96457e-10 
           0       1.0908 -6.62501e-07  3.17562e-08  5.79692e-05  1.29493e-08 -2.41827e-09  1.08836e-09 
           0      1.13638 -6.04594e-07  3.12363e-08  5.79692e-05  1.18069e-08 -2.40131e-09  1.18047e-09 
           0      1.18221  -5.4496e-07  3.07837e-08  5.79693e-05  1.07186e-08 -2.37985e-09  1.27239e-09 
           0      1.22829 -4.84225e-07  3.03398e-08  5.79694e-05  9.68452e-09 -2.35262e-09  1.36334e-09 
           0      1.27464 -4.22881e-07  2.98441e-08  5.79694e-05  8.70286e-09 -2.31865e-09  1.45281e-09 
           0      1.32123 -3.61618e-07  2.94361e-08  5.79696e-05  7.77272e-09 -2.27716e-09  1.54021e-09 
           0      1.36807 -3.00871e-07  2.90306e-08  5.79698e-05  6.89483e-09 -2.22794e-09  1.62506e-09 
           0      1.41516 -2.41083e-07  2.86155e-08  5.79699e-05  6.07119e-09 -2.17131e-09  1.70692e-09 
           0      1.46251  -1.8273e-07  2.82079e-08  5.79701e-05   5.3049e-09 -2.10788e-09  1.78533e-09 
           0      1.51011 -1.26249e-07  2.78093e-08  5.79704e-05  4.59928e-09 -2.03835e-09  1.85978e-09 
           0      1.55796  -7.2027e-08   2.7483e-08  5.79707e-05  3.95633e-09 -1.96294e-09  1.92957e-09 
           0      1.60606 -2.04194e-08  2.71112e-08  5.79711e-05  3.37533e-09 -1.88141e-09  1.99495e-09 
           0      1.65443  2.83225e-08  2.67682e-08  5.79715e-05  2.85536e-09 -1.79339e-09  2.05497e-09 
           0      1.70304  7.40897e-08  2.64707e-08  5.79719e-05  2.39465e-09 -1.69912e-09   2.1097e-09 
           0       1.7519  1.16778e-07  2.61944e-08  5.79724e-05  1.99138e-09 -1.59915e-09  2.15907e-09 
           0      1.80101  1.56323e-07  2.59105e-08  5.79729e-05  1.64358e-09 -1.49441e-09  2.20293e-09 
           0      1.85038  1.92741e-07   2.5611e-08  5.79735e-05  1.34882e-09 -1.38616e-09  2.24116e-09 
           0          1.9  2.26133e-07  2.53227e-08  5.79741e-05  1.10401e-09 -1.27584e-09  2.27372e-09 
           0      1.94987   2.5665e-07  2.51097e-08  5.79748e-05   9.0539e-10 -1.16488e-09  2.30072e-09 
           0            2  2.84422e-07  2.50611e-08  5.79756e-05  7.48515e-10  -1.0544e-09  2.32231e-09 
           1           -3  2.96959e-22 -6.07426e-24  5.78147e-05 -3.02564e-16  1.09508e-17 -2.37408e-19 
           1     -2.99987 -2.72781e-12 -1.30594e-15  5.78147e-05  2.45178e-16  9.57255e-18 -2.11343e-19 
           1      -2.9995 -1.14112e-11  7.05397e-15  5.78147e-05  6.63082e-15  3.97819e-18  -1.3914e-19 
           1     -2.99886 -2.74424e-11  6.23336e-14  5.78147e-05     3.29e-14 -1.99686e-17  -2.7674e-20 
           1     -2.99798 -5.31468e-11  2.28242e-13  5.78147e-05  1.02079e-13 -1.18179e-16  1.89338e-19 
           1     -2.99684 -9.15963e-11  5.96704e-13  5.78147e-05  2.45304e-13 -4.34897e-16  8.95536e-19 
           1     -2.99546 -1.46623e-10  1.29167e-12  5.78147e-05   5.0123e-13 -1.26583e-15  3.38788e-18 
           1     -2.99381 -2.22569e-10  2.47145e-12  5.78147e-05  9.14347e-13 -3.13188e-15  1.10487e-17 
           1     -2.99192 -3.24328e-10  4.33519e-12  5.78147e-05  1.53439e-12 -6.86628e-15  3.13917e-17 
           1     -2.98977 -4.57047e-10  7.12478e-12  5.78147e-05  2.41379e-12 -1.36987e-14  7.92277e-17 
           1     -2.98738 -6.26253e-10  1.11341e-11  5.78147e-05  3.60738e-12 -2.53537e-14  1.81378e-16 
           1     -2.98472 -8.37593e-10  1.67113e-11  5.78147e-05  5.16967e-12 -4.41309e-14  3.83072e-16 
           1     -2.98182 -1.09672e-09  2.42623e-11  5.78147e-05  7.15263e-12 -7.29722e-14  7.56233e-16 
           1     -2.97866 -1.40937e-09  3.42593e-11  5.78147e-05  9.60518e-12 -1.15536e-13  1.41017e-15 
           1     -2.97525 -1.78128e-09  4.72481e-11  5.78147e-05   1.2572e-11 -1.76261e-13  2.50479e-15 
           1     -2.97159 -2.21779e-09  6.38397e-11  5.78147e-05  1.60896e-11 -2.60338e-13  4.26502e-15 
           1     -2.96768 -2.72417e-09  8.47339e-11  5.78147e-05  2.01892e-11 -3.73816e-13   7.0004e-15 
           1     -2.96351 -3.30441e-09  1.10679e-10  5.78147e-05  2.48879e-11 -5.23362e-13  1.11195e-14 
           1     -2.95909 -3.96226e-09  1.42526e-10  5.78147e-05  3.01982e-11 -7.16496e-13  1.71581e-14 
           1     -2.95442 -4.70009e-09  1.81184e-10  5.78148e-05  3.61197e-11 -9.61311e-13  2.57967e-14 
           1      -2.9495 -5.51889e-09  2.27623e-10  5.78148e-05    4.264e-11 -1.26634e-12  3.78822e-14 
           1     -2.94432 -6.41889e-09  2.82882e-10  5.78148e-05  4.97366e-11 -1.64053e-12  5.44539e-14 
           1     -2.93889  -7.4005e-09   3.4807e-10  5.78148e-05  5.73771e-11 -2.09312e-12  7.67697e-14 
           1     -2.93321 -8.46419e-09  4.24344e-10  5.78148e-05  6.55166e-11 -2.63328e-12  1.06321e-13 
           1     -2.92727 -9.60258e-09  5.12873e-10  5.78148e-05  7.41018e-11 -3.27009e-12  1.44852e-13 
           1     -2.92109 -1.08149e-08  6.14836e-10  5.78148e-05  8.30658e-11 -4.01194e-12   1.9436e-13 
           1     -2.91465 -1.20957e-08  7.31505e-10  5.78148e-05  9.23419e-11 -4.86723e-12  2.57163e-13 
           1     -2.90796  -1.3438e-08  8.64042e-10  5.78148e-05  1.01848e-10 -5.84285e-12  3.35813e-13 
           1     -2.90101  -1.4835e-08  1.01369e-09  5.78148e-05  1.11503e-10 -6.94532e-12  4.33201e-13 
           1     -2.89382 -1.62788e-08   1.1816e-09  5.78148e-05  1.21222e-10 -8.17978e-12  5.52492e-13 
           1     -2.88637 -1.77604e-08   1.3689e-09  5.78149e-05  1.30914e-10 -9.54982e-12  6.97107e-13 
           1     -2.87867   -1.927e-08  1.57662e-09  5.78149e-05   1.4049e-10 -1.10578e-11  8.70747e-13 
           1     -2.87071 -2.07979e-08  1.80584e-09  5.78149e-05  1.49867e-10  -1.2705e-11  1.07744e-12 
           1      -2.8625 -2.23331e-08  2.05734e-09  5.78149e-05  1.58957e-10 -1.44899e-11  1.32125e-12 
           1     -2.85405  -2.3865e-08  2.33193e-09  5.78149e-05  1.67681e-10 -1.64102e-11  1.60656e-12 
           1     -2.84533 -2.53829e-08  2.63031e-09   5.7815e-05  1.75967e-10 -1.84621e-11  1.93793e-12 
           1     -2.83637 -2.68763e-08  2.95299e-09   5.7815e-05  1.83749e-10 -2.06399e-11  2.31996e-12 
           1     -2.82715 -2.83346e-08  3.30039e-09   5.7815e-05   1.9097e-10 -2.29365e-11  2.75735e-12 
           1     -2.81768 -2.97485e-08  3.67285e-09   5.7815e-05  1.97583e-10 -2.53445e-11  3.25498e-12 
           1     -2.80796 -3.11083e-08  4.07041e-09  5.78151e-05   2.0355e-10 -2.78538e-11  3.81746e-12 
           1     -2.79799 -3.24063e-08  4.49327e-09  5.78151e-05  2.08846e-10 -3.04556e-11  4.44984e-12 
           1     -2.78776 -3.36341e-08  4.94099e-09  5.78151e-05  2.13452e-10 -3.31375e-11  5.15636e-12 
           1     -2.77728  -3.4786e-08  5.41352e-09  5.78152e-05  2.17364e-10   -3.589e-11  5.94192e-12 
           1     -2.76655 -3.58561e-08  5.91033e-09  5.78152e-05  2.20587e-10 -3.87012e-11  6.81076e-12 
           1     -2.75556 -3.68407e-08  6.43104e-09  5.78153e-05  2.23137e-10 -4.15611e-11  7.76746e-12 
           1     -2.74433 -3.77366e-08   6.9749e-09  5.78153e-05  2.25037e-10 -4.44588e-11  8.81594e-12 
           1     -2.73284 -3.85421e-08  7.54134e-09  5.78154e-05  2.26321e-10 -4.73853e-11  9.96049e-12 
           1      -2.7211 -3.92565e-08  8.12944e-09  5.78154e-05  2.27027e-10 -5.03314e-11  1.12047e-11 
           1      -2.7091 -3.98807e-08   8.7386e-09  5.78155e-05  2.27203e-10 -5.32907e-11  1.25529e-11 
           1     -2.69685  -4.0416e-08  9.36763e-09  5.78155e-05  2.26899e-10 -5.62555e-11   1.4008e-11 
           1     -2.68435 -4.08652e-08  1.00157e-08  5.78156e-05  2.26169e-10 -5.92214e-11  1.55737e-11 
           1      -2.6716 -4.12321e-08   1.0682e-08  5.78157e-05  2.25071e-10 -6.21853e-11  1.72536e-11 
           1      -2.6586 -4.15208e-08  1.13655e-08  5.78157e-05  2.23662e-10 -6.51452e-11  1.90512e-11 
           1     -2.64534 -4.17365e-08  1.20653e-08  5.78158e-05  2.21999e-10 -6.81003e-11  2.09697e-11 
           1     -2.63183 -4.18847e-08  1.27805e-08  5.78159e-05   2.2014e-10 -7.10514e-11  2.30125e-11 
           1     -2.61807 -4.19712e-08  1.35103e-08   5.7816e-05  2.18138e-10 -7.40007e-11  2.51834e-11 
           1     -2.60405 -4.20024e-08  1.42541e-08  5.78161e-05  2.16043e-10 -7.69518e-11  2.74863e-11 
           1     -2.58978 -4.19843e-08  1.50108e-08  5.78162e-05  2.13902e-10 -7.99077e-11  2.99243e-11 
           1     -2.57526 -4.19233e-08  1.57799e-08  5.78163e-05  2.11756e-10 -8.28737e-11  3.25015e-11 
           1     -2.56049 -4.18254e-08  1.65609e-08  5.78164e-05  2.09643e-10 -8.58553e-11  3.52223e-11 
           1     -2.54547 -4.16963e-08  1.73533e-08  5.78165e-05  2.07593e-10 -8.88583e-11  3.80913e-11 
           1     -2.53019 -4.15415e-08  1.81565e-08  5.78166e-05  2.05631e-10 -9.18881e-11  4.11128e-11 
           1     -2.51466 -4.13661e-08  1.89703e-08  5.78167e-05  2.03779e-10 -9.49505e-11  4.42918e-11 
           1     -2.49888 -4.11745e-08  1.97942e-08  5.78169e-05  2.02051e-10 -9.80512e-11  4.76337e-11 
           1     -2.48284 -4.09706e-08  2.06284e-08   5.7817e-05  2.00456e-10 -1.01196e-10  5.11446e-11 
           1     -2.46656 -4.07579e-08  2.14721e-08  5.78171e-05  1.98999e-10 -1.04387e-10  5.48287e-11 
           1     -2.45002 -4.05392e-08  2.23255e-08  5.78173e-05  1.97683e-10 -1.07631e-10  5.86929e-11 
           1     -2.43322 -4.03168e-08  2.31885e-08  5.78174e-05  1.96503e-10 -1.10928e-10  6.27432e-11 
           1     -2.41618 -4.00925e-08   2.4061e-08  5.78176e-05  1.95454e-10 -1.14282e-10  6.69858e-11 
           1     -2.39888 -3.98673e-08  2.49429e-08  5.78178e-05  1.94528e-10 -1.17695e-10  7.14277e-11 
           1     -2.38133 -3.96421e-08  2.58343e-08   5.7818e-05  1.93714e-10 -1.21167e-10  7.60757e-11 
           1     -2.36353 -3.94172e-08  2.67352e-08  5.78181e-05  1.93001e-10 -1.24697e-10  8.09363e-11 
           1     -2.34547 -3.91925e-08  2.76456e-08  5.78183e-05  1.92376e-10 -1.28286e-10  8.60178e-11 
           1     -2.32716 -3.89676e-08  2.85654e-08  5.78185e-05  1.91826e-10  -1.3193e-10  9.13252e-11 
           1     -2.30861 -3.87419e-08  2.94945e-08  5.78187e-05  1.91339e-10  -1.3563e-10  9.68669e-11 
           1     -2.28979 -3.85147e-08  3.04331e-08   5.7819e-05  1.90903e-10  -1.3938e-10   1.0265e-10 
           1     -2.27073 -3.82848e-08  3.13811e-08  5.78192e-05  1.90505e-10  -1.4318e-10  1.08681e-10 
           1     -2.25141 -3.80513e-08  3.23383e-08  5.78194e-05  1.90136e-10 -1.47026e-10  1.14969e-10 
           1     -2.23184 -3.78129e-08  3.33048e-08  5.78197e-05  1.89785e-10 -1.50914e-10  1.21519e-10 
           1     -2.21202 -3.75686e-08  3.42804e-08  5.78199e-05  1.89444e-10 -1.54841e-10   1.2834e-10 
           1     -2.19194  -3.7317e-08  3.52652e-08  5.78202e-05  1.89106e-10 -1.58804e-10  1.35441e-10 
           1     -2.17161 -3.70572e-08  3.62586e-08  5.78205e-05  1.88766e-10 -1.62799e-10  1.42825e-10 
           1     -2.15103  -3.6788e-08  3.72608e-08  5.78207e-05  1.88418e-10 -1.66822e-10  1.50502e-10 
           1      -2.1302 -3.65084e-08  3.82714e-08   5.7821e-05   1.8806e-10  -1.7087e-10  1.58478e-10 
           1     -2.10912 -3.62174e-08  3.92904e-08  5.78213e-05  1.87688e-10  -1.7494e-10  1.66762e-10 
           1     -2.08778 -3.59142e-08  4.03174e-08  5.78217e-05  1.87302e-10 -1.79029e-10  1.75361e-10 
           1     -2.06619 -3.55977e-08  4.13522e-08   5.7822e-05  1.86902e-10 -1.83135e-10  1.84282e-10 
           1     -2.04435 -3.52674e-08  4.23946e-08  5.78223e-05  1.86486e-10 -1.87254e-10  1.93532e-10 
           1     -2.02225 -3.49223e-08  4.34446e-08  5.78227e-05  1.86057e-10 -1.91384e-10  2.03123e-10 
           1      -1.9999 -3.45619e-08  4.45014e-08   5.7823e-05  1.85615e-10 -1.95522e-10  2.13057e-10 
           1      -1.9773 -3.41854e-08  4.55649e-08  5.78234e-05  1.85162e-10 -1.99666e-10  2.23344e-10 
           1     -1.95445 -3.37923e-08  4.66349e-08  5.78238e-05  1.84701e-10 -2.03813e-10  2.33992e-10 
           1     -1.93134 -3.33817e-08  4.77111e-08  5.78242e-05  1.84232e-10 -2.07961e-10   2.4501e-10 
           1     -1.90799 -3.29531e-08  4.87931e-08  5.78246e-05   1.8376e-10 -2.12108e-10  2.56406e-10 
           1     -1.88438 -3.25057e-08  4.98807e-08  5.78251e-05  1.83286e-10  -2.1625e-10  2.68188e-10 
           1     -1.86051  -3.2039e-08  5.09735e-08  5.78255e-05  1.82813e-10 -2.20386e-10  2.80365e-10 
           1     -1.83639 -3.15519e-08  5.20715e-08   5.7826e-05  1.82344e-10 -2.24513e-10  2.92948e-10 
           1     -1.81203  -3.1044e-08  5.31738e-08  5.78265e-05  1.81883e-10 -2.28627e-10  3.05943e-10 
           1     -1.78741 -3.05143e-08  5.42804e-08  5.78269e-05  1.81431e-10 -2.32725e-10  3.19359e-10 
           1     -1.76253 -2.99621e-08  5.53909e-08  5.78275e-05  1.80992e-10 -2.36805e-10  3.33207e-10 
           1     -1.73741 -2.93864e-08   5.6505e-08   5.7828e-05   1.8057e-10 -2.40863e-10  3.47498e-10 
           1     -1.71203 -2.87862e-08  5.76225e-08  5.78285e-05  1.80167e-10 -2.44894e-10  3.62242e-10 
           1      -1.6864 -2.81605e-08  5.87429e-08  5.78291e-05  1.79788e-10 -2.48896e-10  3.77448e-10 
           1     -1.66052 -2.75085e-08  5.98659e-08  5.78297e-05  1.79437e-10 -2.52863e-10  3.93127e-10 
           1     -1.63438 -2.68287e-08  6.09914e-08  5.78302e-05  1.79118e-10 -2.56793e-10  4.09295e-10 
           1     -1.60799 -2.61203e-08  6.21189e-08  5.78309e-05  1.78835e-10 -2.60678e-10  4.25958e-10 
           1     -1.58135 -2.53821e-08   6.3248e-08  5.78315e-05  1.78593e-10 -2.64515e-10   4.4313e-10 
           1     -1.55446 -2.46129e-08  6.43786e-08  5.78321e-05  1.78398e-10 -2.68297e-10  4.60824e-10 
           1     -1.52731 -2.38112e-08  6.55104e-08  5.78328e-05  1.78257e-10  -2.7202e-10  4.79054e-10 
           1     -1.49992 -2.29759e-08  6.66431e-08  5.78335e-05  1.78174e-10 -2.75676e-10  4.97834e-10 
           1     -1.47227 -2.21055e-08  6.77767e-08  5.78342e-05  1.78158e-10  -2.7926e-10  5.17179e-10 
           1     -1.44436 -2.11987e-08  6.89108e-08  5.78349e-05  1.78215e-10 -2.82763e-10  5.37105e-10 
           1      -1.4162 -2.02538e-08  7.00456e-08  5.78357e-05  1.78355e-10  -2.8618e-10  5.57632e-10 
           1     -1.38779 -1.92698e-08  7.11805e-08  5.78365e-05  1.78587e-10 -2.89501e-10  5.78771e-10 
           1     -1.35913 -1.82449e-08  7.23158e-08  5.78373e-05   1.7892e-10 -2.92717e-10  6.00543e-10 
           1     -1.33022 -1.71776e-08  7.34516e-08  5.78381e-05  1.79364e-10  -2.9582e-10   6.2297e-10 
           1     -1.30106 -1.60663e-08  7.45878e-08  5.78389e-05  1.79933e-10 -2.98799e-10  6.46072e-10 
           1     -1.27164 -1.49095e-08  7.57248e-08  5.78398e-05  1.80637e-10 -3.01643e-10  6.69874e-10 
           1     -1.24197 -1.37055e-08  7.68628e-08  5.78407e-05  1.81489e-10 -3.04341e-10  6.94398e-10 
           1     -1.21205 -1.24529e-08  7.80023e-08  5.78416e-05  1.82505e-10 -3.06879e-10  7.19674e-10 
           1     -1.18186 -1.11501e-08  7.91442e-08  5.78425e-05  1.83699e-10 -3.09245e-10  7.45733e-10 
           1     -1.15144 -9.79588e-09  8.02886e-08  5.78435e-05  1.85085e-10 -3.11422e-10  7.72598e-10 
           1     -1.12076 -8.38894e-09  8.14368e-08  5.78445e-05   1.8668e-10 -3.13393e-10  8.00307e-10 
           1     -1.08982 -6.92822e-09  8.25899e-08  5.78455e-05  1.88499e-10 -3.15141e-10  8.28897e-10 
           1     -1.05864 -5.41282e-09  8.37492e-08  5.78466e-05  1.90557e-10 -3.16644e-10  8.58406e-10 
           1      -1.0272 -3.84248e-09  8.49165e-08  5.78477e-05  1.92869e-10 -3.17879e-10  8.88879e-10 
           1    -0.995511 -2.21739e-09  8.60937e-08  5.78488e-05  1.95446e-10 -3.18821e-10   9.2036e-10 
           1    -0.963568 -5.38226e-10  8.72832e-08  5.78499e-05  1.98296e-10 -3.19441e-10  9.52901e-10 
           1    -0.931366  1.19344e-09   8.8488e-08  5.78511e-05  2.01423e-10 -3.19705e-10   9.8656e-10 
           1    -0.898919    2.974e-09  8.97107e-08  5.78523e-05   2.0482e-10 -3.19572e-10  1.02138e-09 
           1    -0.866218    4.799e-09  9.09556e-08  5.78535e-05  2.08471e-10 -3.19002e-10  1.05743e-09 
           1    -0.833265  6.66126e-09  9.22269e-08  5.78547e-05  2.12343e-10 -3.17941e-10  1.09478e-09 
           1     -0.80006  8.55109e-09  9.35298e-08   5.7856e-05  2.16377e-10 -3.16328e-10  1.13348e-09 
           1    -0.766602  1.04544e-08  9.48703e-08  5.78574e-05  2.20485e-10  -3.1409e-10  1.17361e-09 
           1    -0.732892  1.23521e-08  9.62552e-08  5.78587e-05  2.24529e-10 -3.11137e-10  1.21524e-09 
           1    -0.698929  1.42173e-08  9.76924e-08  5.78601e-05  2.28319e-10 -3.07373e-10  1.25842e-09 
           1    -0.664707  1.60145e-08  9.91915e-08  5.78615e-05  2.31576e-10 -3.02667e-10  1.30323e-09 
           1    -0.630239  1.76931e-08  1.00762e-07   5.7863e-05  2.33915e-10  -2.9688e-10  1.34969e-09 
           1    -0.595518  1.91864e-08  1.02416e-07  5.78644e-05  2.34812e-10 -2.89837e-10  1.39783e-09 
           1    -0.560545  2.04009e-08  1.04168e-07   5.7866e-05  2.33581e-10 -2.81367e-10  1.44764e-09 
           1     -0.52532   2.1211e-08   1.0603e-07  5.78675e-05  2.29327e-10 -2.71271e-10  1.49906e-09 
           1    -0.489842  2.14433e-08  1.08021e-07  5.78691e-05   2.2096e-10 -2.59388e-10  1.55197e-09 
           1    -0.454111   2.0861e-08  1.10155e-07  5.78707e-05  2.07242e-10 -2.45645e-10  1.60613e-09 
           1    -0.418128   1.9143e-08   1.1245e-07  5.78723e-05  1.86961e-10 -2.30127e-10  1.66117e-09 
           1    -0.381885  1.58533e-08  1.14922e-07   5.7874e-05  1.59358e-10  -2.1327e-10  1.71652e-09 
           1    -0.345397  1.04116e-08  1.17581e-07  5.78757e-05  1.25027e-10 -1.96097e-10  1.77131e-09 
           1    -0.308657   2.0536e-09  1.20431e-07  5.78774e-05  8.75241e-11 -1.80521e-10  1.82431e-09 
           1    -0.271664 -1.02049e-08  1.23464e-07  5.78792e-05   5.6292e-11  -1.6982e-10   1.8738e-09 
           1    -0.234418 -2.75907e-08   1.2665e-07  5.78809e-05  5.13395e-11 -1.69084e-10  1.91746e-09 
           1     -0.19692 -5.15665e-08  1.29933e-07  5.78827e-05  1.10186e-10 -1.85532e-10  1.95222e-09 
           1     -0.15917 -8.37733e-08  1.33214e-07  5.78844e-05  2.96942e-10 -2.28467e-10  1.97421e-09 
           1    -0.121166 -1.25884e-07  1.36348e-07  5.78862e-05  7.11923e-10 -3.08346e-10   1.9789e-09 
           1    -0.082903 -1.79347e-07  1.39132e-07  5.78879e-05  1.49751e-09  -4.3467e-10   1.9614e-09 
           1    -0.044395 -2.44945e-07  1.41314e-07  5.78897e-05  2.83139e-09 -6.12284e-10  1.91724e-09 
           1    -0.005634 -3.22351e-07   1.4261e-07  5.78913e-05  4.89891e-09 -8.37219e-10  1.84343e-09 
           1     0.033379 -4.09582e-07  1.42754e-07   5.7893e-05  7.83465e-09 -1.09348e-09  1.73988e-09 
           1     0.072644 -5.02677e-07  1.41559e-07  5.78945e-05  1.16422e-08 -1.35346e-09  1.61041e-09 
           1     0.112163 -5.95954e-07  1.39002e-07   5.7896e-05  1.61254e-08 -1.58562e-09  1.46288e-09 
           1     0.151933 -6.82681e-07  1.35271e-07  5.78975e-05  2.08738e-08   -1.764e-09  1.30801e-09 
           1     0.191957 -7.56775e-07   1.3074e-07  5.78988e-05  2.53569e-08 -1.88021e-09  1.15658e-09 
           1      0.23224 -8.14658e-07  1.25863e-07     5.79e-05  2.91008e-08 -1.94776e-09  1.01692e-09 
           1     0.272769 -8.55887e-07  1.21041e-07  5.79011e-05  3.18368e-08 -1.99226e-09  8.93681e-10 
           1     0.313549  -8.8334e-07  1.16467e-07  5.79022e-05  3.35733e-08  -2.0416e-09   7.8766e-10 
           1     0.354583 -9.01658e-07   1.1197e-07  5.79031e-05  3.45172e-08 -2.11056e-09  6.96692e-10 
           1     0.395868 -9.14509e-07  1.07442e-07  5.79039e-05  3.48953e-08 -2.20303e-09   6.1932e-10 
           1     0.437407 -9.24276e-07  1.02836e-07  5.79047e-05   3.4895e-08   -2.317e-09  5.54733e-10 
           1     0.479197  -9.3209e-07   9.8139e-08  5.79053e-05  3.46388e-08  -2.4469e-09  5.02636e-10 
           1     0.521241 -9.38101e-07  9.33646e-08  5.79059e-05  3.41872e-08 -2.58536e-09  4.62946e-10 
           1     0.563545 -9.41891e-07  8.85112e-08  5.79064e-05  3.35625e-08 -2.72372e-09  4.35499e-10 
           1     0.606093 -9.42526e-07  8.36379e-08  5.79069e-05  3.27592e-08 -2.85538e-09  4.20474e-10 
           1     0.648894 -9.39236e-07  7.88043e-08  5.79073e-05  3.17792e-08 -2.97484e-09  4.17754e-10 
           1     0.691948 -9.31346e-07  7.40505e-08  5.79076e-05  3.06334e-08 -3.07811e-09  4.27032e-10 
           1     0.735253 -9.18301e-07  6.94056e-08  5.79079e-05    2.934e-08 -3.16281e-09  4.47817e-10 
           1     0.778812 -8.99701e-07  6.48917e-08  5.79081e-05  2.79229e-08 -3.22804e-09  4.79452e-10 
           1     0.822623 -8.75333e-07  6.05288e-08  5.79083e-05  2.64099e-08 -3.27425e-09  5.21135e-10 
           1     0.866686 -8.45149e-07  5.63271e-08  5.79084e-05  2.48322e-08  -3.3029e-09  5.71904e-10 
           1     0.911011 -8.09361e-07  5.23104e-08  5.79085e-05   2.3221e-08 -3.31614e-09  6.30741e-10 
           1     0.955579 -7.68383e-07  4.84778e-08  5.79086e-05  2.16077e-08 -3.31646e-09  6.96537e-10 
           1       1.0004 -7.22717e-07  4.47974e-08  5.79087e-05  2.00159e-08 -3.30607e-09  7.68245e-10 
           1      1.04547 -6.73005e-07  4.13079e-08  5.79087e-05  1.84643e-08 -3.28644e-09   8.4475e-10 
           1       1.0908 -6.19956e-07  3.79428e-08  5.79088e-05  1.69655e-08  -3.2587e-09  9.25049e-10 
           1      1.13638 -5.64224e-07  3.47213e-08  5.79088e-05  1.55283e-08 -3.22378e-09  1.00827e-09 
           1      1.18221 -5.06598e-07  3.16199e-08  5.79089e-05  1.41538e-08 -3.18096e-09  1.09347e-09 
           1      1.22829 -4.47699e-07  2.86562e-08   5.7909e-05  1.28432e-08 -3.13006e-09  1.17982e-09 
           1      1.27464 -3.88108e-07  2.58293e-08  5.79091e-05  1.15954e-08 -3.07052e-09   1.2666e-09 
           1      1.32123 -3.28445e-07  2.31296e-08  5.79092e-05  1.04091e-08 -3.00162e-09  1.35306e-09 
           1      1.36807 -2.69273e-07  2.05458e-08  5.79093e-05  9.28502e-09 -2.92327e-09  1.43857e-09 
           1      1.41516 -2.11094e-07  1.80397e-08  5.79094e-05  8.22734e-09 -2.83628e-09  1.52252e-09 
           1      1.46251 -1.54322e-07  1.56449e-08  5.79096e-05  7.23836e-09  -2.7408e-09   1.6042e-09 
           1      1.51011 -9.93914e-08  1.33797e-08  5.79098e-05  6.32152e-09 -2.63751e-09  1.68301e-09 
           1      1.55796 -4.66888e-08  1.12506e-08    5.791e-05  5.47955e-09  -2.5271e-09  1.75836e-09 
           1      1.60606  3.45557e-09  9.22673e-09  5.79103e-05  4.71334e-09 -2.41009e-09   1.8297e-09 
           1      1.65443  5.08217e-08  7.28278e-09  5.79106e-05  4.01842e-09 -2.28558e-09   1.8967e-09 
           1      1.70304  9.51559e-08  5.48677e-09   5.7911e-05  3.39485e-09 -2.15414e-09  1.95924e-09 
           1       1.7519  1.36344e-07  3.78327e-09  5.79113e-05  2.84411e-09 -2.01782e-09  2.01674e-09 
           1      1.80101  1.74437e-07  2.17011e-09  5.79118e-05  2.36338e-09 -1.87732e-09    2.069e-09 
           1      1.85038  2.09512e-07  6.62372e-10  5.79122e-05  1.94938e-09 -1.73361e-09  2.11598e-09 
           1          1.9  2.41636e-07 -7.12773e-10  5.79127e-05   1.5986e-09 -1.58806e-09  2.15763e-09 
           1      1.94987  2.70875e-07 -1.94005e-09  5.79133e-05  1.30734e-09 -1.44233e-09  2.19386e-09 
           1            2  2.97358e-07 -3.06187e-09  5.79139e-05  1.07141e-09 -1.29791e-09  2.22455e-09 
           2           -3 -1.14169e-21 -1.51757e-23  5.77899e-05   -9.202e-16  1.32726e-17 -2.89176e-19 
           2     -2.99987 -3.28081e-11  1.32648e-15  5.77899e-05  1.37361e-15   1.1547e-17 -2.58148e-19 
           2      -2.9995 -1.32313e-10  4.12338e-14  5.77899e-05  3.00329e-14  2.73324e-18  -1.7303e-19 
           2     -2.99886 -3.00674e-10  2.27488e-13  5.77899e-05  1.49559e-13 -4.70076e-17 -4.32217e-20 
           2     -2.99798 -5.42083e-10  7.40933e-13  5.77899e-05  4.65672e-13 -2.69954e-16  2.16631e-19 
           2     -2.99684 -8.61533e-10  1.83514e-12  5.77899e-05   1.1213e-12 -1.00626e-15  1.10446e-18 
           2     -2.99546 -1.26571e-09  3.84027e-12  5.77899e-05  2.29383e-12 -2.95252e-15  4.30618e-18 
           2     -2.99381 -1.76165e-09  7.16063e-12  5.77899e-05  4.18736e-12  -7.3359e-15  1.42212e-17 
           2     -2.99192 -2.35767e-09  1.22824e-11  5.77899e-05  7.02997e-12 -1.61205e-14  4.06244e-17 
           2     -2.98977 -3.06192e-09  1.97673e-11  5.77899e-05  1.10621e-11 -3.22077e-14  1.02786e-16 
           2     -2.98738 -3.88347e-09  3.02648e-11  5.77899e-05  1.65349e-11 -5.96716e-14  2.35605e-16 
           2     -2.98472 -4.83117e-09  4.45059e-11  5.77899e-05  2.36984e-11 -1.03953e-13  4.97928e-16 
           2     -2.98182 -5.91342e-09  6.32987e-11  5.77899e-05  3.27905e-11 -1.72024e-13   9.8333e-16 
           2     -2.97866 -7.13866e-09  8.75391e-11  5.77899e-05  4.40356e-11 -2.72572e-13  1.83401e-15 
           2     -2.97525 -8.51534e-09  1.18216e-10  5.77899e-05  5.76386e-11 -4.16155e-13    3.258e-15 
           2     -2.97159 -1.00504e-08  1.56381e-10  5.77899e-05  7.37663e-11 -6.15155e-13  5.54782e-15 
           2     -2.96768 -1.17508e-08  2.03199e-10  5.77899e-05  9.25627e-11  -8.8403e-13  9.10606e-15 
           2     -2.96351 -1.36202e-08  2.59845e-10  5.77899e-05  1.14106e-10 -1.23876e-12   1.4464e-14 
           2     -2.95909 -1.56622e-08  3.27623e-10  5.77899e-05  1.38454e-10 -1.69742e-12  2.23181e-14 
           2     -2.95442 -1.78773e-08  4.07872e-10  5.77899e-05  1.65605e-10 -2.27951e-12  3.35531e-14 
           2      -2.9495  -2.0263e-08  5.01959e-10  5.77899e-05  1.95502e-10 -3.00567e-12  4.92696e-14 
           2     -2.94432 -2.28154e-08  6.11304e-10  5.77899e-05  2.28041e-10 -3.89761e-12  7.08182e-14 
           2     -2.93889 -2.55307e-08  7.37379e-10  5.77899e-05  2.63075e-10 -4.97783e-12  9.98329e-14 
           2     -2.93321 -2.84049e-08  8.81659e-10  5.77899e-05  3.00399e-10 -6.26883e-12   1.3825e-13 
           2     -2.92727 -3.14196e-08   1.0456e-09  5.77899e-05  3.39768e-10  -7.7929e-12  1.88337e-13 
           2     -2.92109  -3.4568e-08  1.23058e-09  5.77899e-05  3.80875e-10 -9.57083e-12  2.52685e-13 
           2     -2.91465 -3.78354e-08   1.4381e-09    5.779e-05  4.23417e-10 -1.16235e-11  3.34303e-13 
           2     -2.90796 -4.12034e-08  1.66944e-09    5.779e-05  4.67015e-10 -1.39683e-11  4.36502e-13 
           2     -2.90101 -4.46549e-08  1.92593e-09    5.779e-05  5.11304e-10 -1.66218e-11  5.63034e-13 
           2     -2.89382 -4.81704e-08  2.20881e-09    5.779e-05  5.55886e-10 -1.95971e-11  7.18002e-13 
           2     -2.88637 -5.17286e-08  2.51913e-09    5.779e-05  6.00352e-10 -2.29038e-11  9.05843e-13 
           2     -2.87867 -5.53073e-08  2.85789e-09    5.779e-05  6.44295e-10 -2.65484e-11  1.13135e-12 
           2     -2.87071 -5.88848e-08   3.2261e-09    5.779e-05  6.87333e-10 -3.05351e-11  1.39975e-12 
           2      -2.8625 -6.24369e-08  3.62432e-09    5.779e-05  7.29061e-10 -3.48607e-11  1.71631e-12 
           2     -2.85405 -6.59407e-08  4.05316e-09  5.77901e-05  7.69121e-10 -3.95204e-11   2.0867e-12 
           2     -2.84533 -6.93744e-08  4.51312e-09  5.77901e-05  8.07186e-10 -4.45056e-11  2.51683e-12 
           2     -2.83637 -7.27158e-08  5.00441e-09  5.77901e-05   8.4295e-10 -4.98026e-11  3.01264e-12 
           2     -2.82715 -7.59444e-08  5.52715e-09  5.77901e-05  8.76155e-10 -5.53949e-11  3.58025e-12 
           2     -2.81768 -7.90416e-08  6.08141e-09  5.77901e-05   9.0659e-10 -6.12639e-11  4.22596e-12 
           2     -2.80796 -8.19892e-08  6.66681e-09  5.77902e-05  9.34075e-10 -6.73851e-11  4.95574e-12 
           2     -2.79799 -8.47734e-08  7.28331e-09  5.77902e-05  9.58501e-10  -7.3737e-11  5.77615e-12 
           2     -2.78776  -8.7379e-08  7.92998e-09  5.77902e-05  9.79779e-10 -8.02885e-11  6.69268e-12 
           2     -2.77728 -8.97967e-08  8.60652e-09  5.77902e-05  9.97897e-10 -8.70154e-11  7.71169e-12 
           2     -2.76655 -9.20179e-08  9.31201e-09  5.77903e-05  1.01287e-09 -9.38878e-11   8.8387e-12 
           2     -2.75556 -9.40375e-08  1.00458e-08  5.77903e-05  1.02478e-09  -1.0088e-10  1.00797e-11 
           2     -2.74433 -9.58523e-08  1.08068e-08  5.77903e-05  1.03373e-09 -1.07964e-10  1.14397e-11 
           2     -2.73284 -9.74624e-08  1.15942e-08  5.77904e-05  1.03987e-09 -1.15117e-10  1.29245e-11 
           2      -2.7211 -9.88698e-08  1.24069e-08  5.77904e-05  1.04339e-09 -1.22313e-10  1.45387e-11 
           2      -2.7091  -1.0008e-07   1.3244e-08  5.77905e-05  1.04449e-09 -1.29536e-10  1.62881e-11 
           2     -2.69685 -1.01098e-07  1.41042e-08  5.77905e-05  1.04342e-09 -1.36766e-10  1.81764e-11 
           2     -2.68435 -1.01934e-07  1.49865e-08  5.77905e-05  1.04041e-09  -1.4399e-10  2.02088e-11 
           2      -2.6716 -1.02598e-07  1.58901e-08  5.77906e-05  1.03574e-09 -1.51198e-10  2.23901e-11 
           2      -2.6586 -1.03102e-07  1.68139e-08  5.77906e-05  1.02966e-09 -1.58385e-10  2.47249e-11 
           2     -2.64534 -1.03459e-07   1.7757e-08  5.77907e-05  1.02244e-09 -1.65547e-10  2.72176e-11 
           2     -2.63183 -1.03683e-07  1.87185e-08  5.77908e-05  1.01434e-09 -1.72686e-10  2.98732e-11 
           2     -2.61807 -1.03787e-07  1.96978e-08  5.77908e-05   1.0056e-09 -1.79806e-10  3.26965e-11 
           2     -2.60405 -1.03787e-07  2.06944e-08  5.77909e-05  9.96454e-10 -1.86916e-10  3.56933e-11 
           2     -2.58978 -1.03697e-07  2.17074e-08   5.7791e-05  9.87119e-10 -1.94023e-10  3.88677e-11 
           2     -2.57526 -1.03531e-07  2.27363e-08   5.7791e-05  9.77783e-10 -2.01141e-10  4.22258e-11 
           2     -2.56049 -1.03302e-07   2.3781e-08  5.77911e-05  9.68615e-10 -2.08284e-10  4.57737e-11 
           2     -2.54547 -1.03022e-07  2.48411e-08  5.77912e-05  9.59756e-10 -2.15466e-10  4.95178e-11 
           2     -2.53019 -1.02704e-07  2.59164e-08  5.77913e-05  9.51326e-10 -2.22704e-10  5.34644e-11 
           2     -2.51466 -1.02357e-07  2.70068e-08  5.77913e-05  9.43417e-10 -2.30012e-10  5.76207e-11 
           2     -2.49888 -1.01992e-07  2.81123e-08  5.77914e-05  9.36097e-10 -2.37406e-10  6.19942e-11 
           2     -2.48284 -1.01615e-07  2.92331e-08  5.77915e-05  9.29411e-10 -2.44903e-10  6.65938e-11 
           2     -2.46656 -1.01234e-07  3.03689e-08  5.77916e-05  9.23385e-10 -2.52511e-10  7.14258e-11 
           2     -2.45002 -1.00853e-07  3.15201e-08  5.77917e-05  9.18023e-10 -2.60246e-10  7.64998e-11 
           2     -2.43322 -1.00478e-07  3.26868e-08  5.77918e-05  9.13314e-10 -2.68115e-10  8.18245e-11 
           2     -2.41618 -1.00111e-07  3.38692e-08  5.77919e-05  9.09232e-10 -2.76129e-10  8.74094e-11 
           2     -2.39888 -9.97543e-08  3.50676e-08   5.7792e-05  9.05739e-10 -2.84292e-10  9.32643e-11 
           2     -2.38133 -9.94084e-08  3.62823e-08  5.77922e-05   9.0279e-10 -2.92609e-10  9.93992e-11 
           2     -2.36353 -9.90737e-08  3.75134e-08  5.77923e-05  9.00332e-10 -3.01082e-10  1.05824e-10 
           2     -2.34547 -9.87496e-08  3.87614e-08  5.77924e-05  8.98309e-10 -3.09713e-10   1.1255e-10 
           2     -2.32716  -9.8435e-08  4.00262e-08  5.77926e-05  8.96663e-10 -3.18498e-10  1.19587e-10 
           2     -2.30861 -9.81284e-08  4.13082e-08  5.77927e-05  8.95336e-10 -3.27434e-10  1.26945e-10 
           2     -2.28979 -9.78278e-08  4.26075e-08  5.77928e-05  8.94272e-10 -3.36519e-10  1.34637e-10 
           2     -2.27073 -9.75312e-08  4.39244e-08   5.7793e-05   8.9342e-10 -3.45746e-10  1.42672e-10 
           2     -2.25141 -9.72362e-08   4.5259e-08  5.77932e-05  8.92729e-10  -3.5511e-10  1.51063e-10 
           2     -2.23184 -9.69407e-08  4.66116e-08  5.77933e-05  8.92156e-10 -3.64605e-10  1.59821e-10 
           2     -2.21202 -9.66424e-08  4.79823e-08  5.77935e-05  8.91664e-10 -3.74222e-10  1.68957e-10 
           2     -2.19194 -9.63392e-08  4.93714e-08  5.77937e-05   8.9122e-10 -3.83958e-10  1.78486e-10 
           2     -2.17161 -9.60292e-08  5.07785e-08  5.77938e-05  8.90796e-10 -3.93801e-10  1.88416e-10 
           2     -2.15103 -9.57106e-08   5.2204e-08   5.7794e-05  8.90371e-10 -4.03748e-10   1.9876e-10 
           2      -2.1302 -9.53817e-08   5.3648e-08  5.77942e-05  8.89929e-10  -4.1379e-10  2.09531e-10 
           2     -2.10912 -9.50412e-08  5.51106e-08  5.77944e-05  8.89458e-10 -4.23922e-10  2.20742e-10 
           2     -2.08778 -9.46878e-08  5.65918e-08  5.77946e-05   8.8895e-10 -4.34138e-10  2.32404e-10 
           2     -2.06619 -9.43205e-08  5.80918e-08  5.77949e-05  8.88403e-10 -4.44433e-10  2.44533e-10 
           2     -2.04435 -9.39384e-08  5.96106e-08  5.77951e-05  8.87814e-10 -4.54801e-10  2.57141e-10 
           2     -2.02225 -9.35407e-08  6.11486e-08  5.77953e-05  8.87186e-10 -4.65242e-10  2.70244e-10 
           2      -1.9999 -9.31269e-08  6.27054e-08  5.77956e-05  8.86522e-10 -4.75746e-10  2.83852e-10 
           2      -1.9773 -9.26965e-08  6.42812e-08  5.77958e-05  8.85827e-10 -4.86311e-10  2.97981e-10 
           2     -1.95445 -9.22491e-08  6.58763e-08  5.77961e-05  8.85109e-10 -4.96934e-10  3.12647e-10 
           2     -1.93134 -9.17841e-08  6.74908e-08  5.77963e-05  8.84372e-10 -5.07611e-10  3.27864e-10 
           2     -1.90799 -9.13013e-08  6.91247e-08  5.77966e-05  8.83626e-10  -5.1834e-10  3.43648e-10 
           2     -1.88438 -9.08003e-08  7.07783e-08  5.77969e-05  8.82877e-10 -5.29116e-10  3.60016e-10 
           2     -1.86051 -9.02808e-08  7.24516e-08  5.77972e-05  8.82131e-10 -5.39935e-10  3.76985e-10 
           2     -1.83639 -8.97423e-08  7.41453e-08  5.77975e-05  8.81398e-10 -5.50798e-10  3.94574e-10 
           2     -1.81203 -8.91849e-08  7.58588e-08  5.77978e-05  8.80682e-10 -5.61695e-10  4.12796e-10 
           2     -1.78741 -8.86079e-08  7.75927e-08  5.77981e-05  8.79991e-10 -5.72625e-10  4.31671e-10 
           2     -1.76253  -8.8011e-08  7.93471e-08  5.77984e-05   8.7933e-10 -5.83583e-10  4.51218e-10 
           2     -1.73741 -8.73939e-08  8.11223e-08  5.77987e-05  8.78706e-10 -5.94564e-10  4.71457e-10 
           2     -1.71203 -8.67562e-08  8.29187e-08  5.77991e-05  8.78123e-10 -6.05564e-10  4.92408e-10 
           2      -1.6864 -8.60976e-08  8.47364e-08  5.77994e-05  8.77585e-10 -6.16576e-10  5.14091e-10 
           2     -1.66052 -8.54175e-08  8.65757e-08  5.77998e-05  8.77098e-10 -6.27595e-10  5.36528e-10 
           2     -1.63438 -8.47157e-08  8.84373e-08  5.78002e-05  8.76667e-10 -6.38617e-10  5.59745e-10 
           2     -1.60799  -8.3992e-08   9.0321e-08  5.78006e-05  8.76295e-10  -6.4963e-10  5.83757e-10 
           2     -1.58135 -8.32459e-08  9.22273e-08  5.78009e-05  8.75986e-10 -6.60629e-10  6.08589e-10 
           2     -1.55446 -8.24773e-08  9.41566e-08  5.78014e-05  8.75743e-10 -6.71606e-10  6.34267e-10 
           2     -1.52731 -8.16858e-08  9.61096e-08  5.78018e-05  8.75569e-10 -6.82553e-10  6.60817e-10 
           2     -1.49992 -8.08714e-08  9.80863e-08  5.78022e-05  8.75469e-10 -6.93459e-10  6.88262e-10 
           2     -1.47227 -8.00339e-08  1.00088e-07  5.78026e-05  8.75442e-10 -7.04316e-10  7.16629e-10 
           2     -1.44436 -7.91731e-08  1.02114e-07  5.78031e-05  8.75492e-10 -7.15112e-10  7.45946e-10 
           2      -1.4162 -7.82891e-08  1.04166e-07  5.78035e-05   8.7562e-10 -7.25839e-10  7.76246e-10 
           2     -1.38779 -7.73822e-08  1.06244e-07   5.7804e-05  8.75827e-10 -7.36481e-10  8.07547e-10 
           2     -1.35913 -7.64526e-08  1.08348e-07  5.78045e-05  8.76111e-10 -7.47025e-10  8.39883e-10 
           2     -1.33022 -7.55004e-08  1.10481e-07   5.7805e-05  8.76468e-10 -7.57459e-10  8.73285e-10 
           2     -1.30106 -7.45262e-08  1.12641e-07  5.78055e-05  8.76896e-10 -7.67766e-10  9.07784e-10 
           2     -1.27164 -7.35305e-08   1.1483e-07   5.7806e-05  8.77388e-10 -7.77933e-10  9.43413e-10 
           2     -1.24197  -7.2514e-08  1.17049e-07  5.78066e-05  8.77932e-10 -7.87938e-10  9.80202e-10 
           2     -1.21205 -7.14777e-08  1.19298e-07  5.78071e-05  8.78517e-10 -7.97765e-10  1.01819e-09 
           2     -1.18186 -7.04227e-08   1.2158e-07  5.78077e-05  8.79126e-10 -8.07395e-10   1.0574e-09 
           2     -1.15144 -6.93507e-08  1.23893e-07  5.78083e-05  8.79732e-10 -8.16802e-10  1.09788e-09 
           2     -1.12076 -6.82631e-08   1.2624e-07  5.78088e-05  8.80305e-10 -8.25961e-10  1.13965e-09 
           2     -1.08982 -6.71624e-08  1.28621e-07  5.78094e-05  8.80807e-10 -8.34848e-10  1.18275e-09 
           2     -1.05864 -6.60508e-08  1.31037e-07  5.78101e-05  8.81182e-10  -8.4343e-10  1.22721e-09 
           2      -1.0272 -6.49321e-08  1.33491e-07  5.78107e-05  8.81371e-10 -8.51678e-10  1.27308e-09 
           2    -0.995511 -6.38102e-08  1.35981e-07  5.78113e-05  8.81292e-10 -8.59556e-10  1.32037e-09 
           2    -0.963568 -6.26898e-08  1.38511e-07   5.7812e-05  8.80837e-10  -8.6702e-10  1.36912e-09 
           2    -0.931366 -6.15772e-08  1.41081e-07  5.78126e-05   8.7988e-10  -8.7403e-10  1.41937e-09 
           2    -0.898919 -6.04802e-08  1.43691e-07  5.78133e-05  8.78257e-10 -8.80527e-10  1.47112e-09 
           2    -0.866218 -5.94083e-08  1.46343e-07   5.7814e-05  8.75768e-10 -8.86459e-10   1.5244e-09 
           2    -0.833265 -5.83738e-08  1.49038e-07  5.78147e-05  8.72166e-10 -8.91764e-10  1.57922e-09 
           2     -0.80006 -5.73912e-08  1.51776e-07  5.78154e-05  8.67133e-10  -8.9636e-10  1.63559e-09 
           2    -0.766602 -5.64798e-08  1.54559e-07  5.78162e-05  8.60292e-10 -9.00169e-10  1.69351e-09 
           2    -0.732892 -5.56626e-08  1.57386e-07  5.78169e-05  8.51165e-10 -9.03084e-10  1.75294e-09 
           2    -0.698929  -5.4971e-08  1.60259e-07  5.78177e-05  8.39195e-10 -9.05008e-10  1.81386e-09 
           2    -0.664707  -5.4442e-08  1.63175e-07  5.78185e-05  8.23687e-10 -9.05804e-10   1.8762e-09 
           2    -0.630239 -5.41248e-08  1.66135e-07  5.78193e-05   8.0385e-10 -9.05343e-10  1.93985e-09 
           2    -0.595518 -5.40802e-08  1.69136e-07  5.78201e-05  7.78759e-10 -9.03466e-10   2.0047e-09 
           2    -0.560545  -5.4389e-08  1.72174e-07  5.78209e-05  7.47439e-10 -9.00045e-10  2.07054e-09 
           2     -0.52532  -5.5151e-08  1.75246e-07  5.78217e-05  7.08886e-10 -8.94934e-10  2.13713e-09 
           2    -0.489842 -5.64978e-08  1.78343e-07  5.78226e-05  6.62299e-10 -8.88067e-10  2.20413e-09 
           2    -0.454111 -5.85985e-08  1.81456e-07  5.78234e-05  6.07367e-10  -8.7948e-10  2.27109e-09 
           2    -0.418128 -6.16693e-08  1.84569e-07  5.78243e-05  5.44816e-10 -8.69381e-10  2.33741e-09 
           2    -0.381885 -6.59923e-08  1.87663e-07  5.78252e-05  4.77359e-10 -8.58328e-10  2.40233e-09 
           2    -0.345397 -7.19238e-08  1.90708e-07   5.7826e-05  4.11211e-10 -8.47377e-10  2.46482e-09 
           2    -0.308657 -7.99168e-08  1.93667e-07  5.78269e-05  3.58264e-10 -8.38297e-10  2.52359e-09 
           2    -0.271664 -9.05366e-08  1.96488e-07  5.78278e-05   3.3945e-10 -8.33901e-10    2.577e-09 
           2    -0.234418 -1.04468e-07  1.99104e-07  5.78287e-05   3.8914e-10  -8.3827e-10  2.62298e-09 
           2     -0.19692 -1.22511e-07  2.01428e-07  5.78296e-05  5.60597e-10 -8.56958e-10  2.65902e-09 
           2     -0.15917 -1.45554e-07  2.03354e-07  5.78305e-05  9.31703e-10 -8.96946e-10  2.68215e-09 
           2    -0.121166 -1.74508e-07  2.04753e-07  5.78314e-05  1.60923e-09 -9.66185e-10  2.68906e-09 
           2    -0.082903 -2.10193e-07   2.0548e-07  5.78323e-05   2.7286e-09 -1.07258e-09  2.67623e-09 
           2    -0.044395 -2.53138e-07   2.0538e-07  5.78332e-05  4.44353e-09 -1.22218e-09  2.64039e-09 
           2    -0.005634 -3.03397e-07  2.04303e-07  5.78341e-05  6.90387e-09 -1.41713e-09    2.579e-09 
           2     0.033379  -3.6029e-07  2.02128e-07  5.78349e-05  1.02154e-08 -1.65351e-09  2.49096e-09 
           2     0.072644 -4.22215e-07  1.98788e-07  5.78357e-05  1.43893e-08 -1.92017e-09  2.37726e-09 
           2     0.112163 -4.86701e-07  1.94292e-07  5.78365e-05  1.92963e-08 -2.20062e-09   2.2414e-09 
           2     0.151933 -5.50405e-07  1.88749e-07  5.78372e-05  2.46424e-08  -2.4743e-09  2.08943e-09 
           2     0.191957  -6.0966e-07  1.82346e-07  5.78379e-05  3.00011e-08  -2.7218e-09  1.92891e-09 
           2      0.23224 -6.61396e-07  1.75347e-07  5.78385e-05   3.4907e-08 -2.93316e-09  1.76819e-09 
           2     0.272769 -7.03181e-07  1.68017e-07   5.7839e-05  3.89504e-08 -3.10359e-09  1.61454e-09 
           2     0.313549 -7.34439e-07  1.60589e-07  5.78395e-05  4.19034e-08  -3.2403e-09   1.4734e-09 
           2     0.354583 -7.56725e-07  1.53232e-07    5.784e-05  4.37735e-08 -3.36185e-09  1.34781e-09 
           2     0.395868 -7.72142e-07  1.46014e-07  5.78404e-05  4.47131e-08 -3.48207e-09  1.23859e-09 
           2     0.437407 -7.82763e-07  1.38915e-07  5.78407e-05  4.49335e-08 -3.60843e-09   1.1449e-09 
           2     0.479197 -7.90226e-07  1.31864e-07   5.7841e-05  4.46404e-08 -3.74255e-09  1.06518e-09 
           2     0.521241 -7.95523e-07  1.24786e-07  5.78413e-05  4.39933e-08  -3.8816e-09  9.98051e-10 
           2     0.563545 -7.98998e-07  1.17644e-07  5.78415e-05  4.30924e-08 -4.02078e-09  9.42958e-10 
           2     0.606093 -8.00539e-07  1.10451e-07  5.78417e-05  4.20109e-08 -4.15508e-09  8.99895e-10 
           2     0.648894 -7.99368e-07  1.03343e-07  5.78419e-05  4.07481e-08 -4.28211e-09  8.70042e-10 
           2     0.691948 -7.94437e-07  9.63176e-08   5.7842e-05  3.92984e-08 -4.39333e-09  8.53031e-10 
           2     0.735253 -7.84932e-07  8.93869e-08  5.78421e-05  3.76732e-08 -4.48264e-09  8.48356e-10 
           2     0.778812 -7.70342e-07  8.25752e-08  5.78422e-05     3.59e-08 -4.54795e-09  8.55436e-10 
           2     0.822623 -7.50382e-07  7.59063e-08  5.78423e-05  3.40152e-08 -4.58944e-09  8.73563e-10 
           2     0.866686 -7.24925e-07  6.94055e-08  5.78423e-05  3.20556e-08 -4.60867e-09  9.01996e-10 
           2     0.911011 -6.93986e-07  6.30953e-08  5.78424e-05  3.00546e-08 -4.60787e-09  9.39955e-10 
           2     0.955579 -6.57795e-07  5.69881e-08  5.78425e-05  2.80451e-08 -4.58962e-09  9.86437e-10 
           2       1.0004 -6.16877e-07  5.10566e-08  5.78425e-05   2.6065e-08 -4.55665e-09  1.03996e-09 
           2      1.04547 -5.71789e-07  4.53074e-08  5.78426e-05  2.41297e-08 -4.51043e-09  1.09939e-09 
           2       1.0908 -5.23099e-07  3.97946e-08  5.78427e-05  2.22553e-08  -4.4537e-09  1.16414e-09 
           2      1.13638 -4.71608e-07  3.45223e-08  5.78428e-05  2.04486e-08 -4.38735e-09  1.23322e-09 
           2      1.18221 -4.17955e-07  2.93529e-08  5.78428e-05  1.87051e-08 -4.30984e-09  1.30566e-09 
           2      1.22829 -3.62822e-07  2.43631e-08   5.7843e-05  1.70363e-08 -4.22176e-09   1.3804e-09 
           2      1.27464 -3.06916e-07  1.95996e-08  5.78431e-05  1.54433e-08 -4.12306e-09  1.45657e-09 
           2      1.32123  -2.5089e-07  1.50347e-08  5.78433e-05  1.39278e-08 -4.01364e-09  1.53335e-09 
           2      1.36807 -1.95302e-07  1.06451e-08  5.78435e-05  1.24909e-08 -3.89363e-09  1.61003e-09 
           2      1.41516 -1.40659e-07  6.41932e-09  5.78437e-05  1.11345e-08 -3.76339e-09  1.68597e-09 
           2      1.46251  -8.7413e-08  2.35827e-09   5.7844e-05  9.86138e-09 -3.62344e-09  1.76056e-09 
           2      1.51011 -3.59716e-08 -1.52733e-09  5.78443e-05  8.67414e-09 -3.47442e-09  1.83317e-09 
           2      1.55796  1.32982e-08 -5.22409e-09  5.78446e-05  7.57519e-09 -3.31695e-09  1.90318e-09 
           2      1.60606  6.00643e-08 -8.72785e-09   5.7845e-05  6.56568e-09 -3.15152e-09  1.96998e-09 
           2      1.65443  1.04027e-07  -1.2061e-08  5.78454e-05  5.64438e-09 -2.97825e-09  2.03307e-09 
           2      1.70304  1.44982e-07 -1.52474e-08  5.78459e-05  4.81056e-09 -2.79807e-09  2.09219e-09 
           2       1.7519  1.82982e-07 -1.81838e-08  5.78463e-05  4.06987e-09 -2.61412e-09  2.14705e-09 
           2      1.80101  2.17855e-07 -2.09408e-08  5.78469e-05  3.41574e-09 -2.42597e-09  2.19697e-09 
           2      1.85038  2.49713e-07 -2.35223e-08  5.78474e-05  2.84575e-09 -2.23527e-09  2.24182e-09 
           2          1.9  2.78689e-07 -2.59299e-08  5.78481e-05  2.35661e-09 -2.04371e-09  2.28153e-09 
           2      1.94987  3.04924e-07 -2.81646e-08  5.78487e-05  1.94429e-09 -1.85297e-09  2.31604e-09 
           2            2  3.28567e-07  -3.0228e-08  5.78494e-05  1.60398e-09 -1.66473e-09  2.34536e-09 
           3           -3   -3.948e-21 -5.66867e-23  5.77545e-05 -1.51963e-15  1.14155e-17 -3.97885e-19 
           3     -2.99987 -9.81653e-11  4.22437e-15  5.77545e-05  3.87113e-15  9.87557e-18 -3.55665e-19 
           3      -2.9995 -3.94347e-10  8.07723e-14  5.77545e-05  7.51445e-14 -1.36745e-18 -2.40438e-19 
           3     -2.99886 -8.90431e-10  4.20668e-13  5.77545e-05  3.75499e-13 -8.27473e-17 -6.59579e-20 
           3     -2.99798  -1.5915e-09  1.34283e-12  5.77545e-05  1.17238e-12 -4.69115e-16  2.87578e-19 
           3     -2.99684 -2.50244e-09  3.29088e-12  5.77545e-05  2.82728e-12  -1.7635e-15  1.52268e-18 
           3     -2.99546 -3.63088e-09  6.83662e-12  5.77545e-05  5.78874e-12 -5.20058e-15  6.02012e-18 
           3     -2.99381 -4.98362e-09  1.26714e-11  5.77545e-05  1.05727e-11 -1.29563e-14   1.9994e-17 
           3     -2.99192 -6.56957e-09  2.16146e-11  5.77545e-05  1.77555e-11 -2.85159e-14  5.72513e-17 
           3     -2.98977 -8.39618e-09  3.45968e-11  5.77545e-05  2.79444e-11 -5.70333e-14   1.4501e-16 
           3     -2.98738 -1.04724e-08  5.26753e-11  5.77545e-05  4.17742e-11 -1.05754e-13  3.32555e-16 
           3     -2.98472 -1.28061e-08   7.7016e-11  5.77545e-05  5.98752e-11  -1.8437e-13  7.02982e-16 
           3     -2.98182 -1.54034e-08   1.0888e-10  5.77545e-05  8.28488e-11  -3.0532e-13   1.3884e-15 
           3     -2.97866 -1.82706e-08  1.49635e-10  5.77546e-05   1.1126e-10 -4.84132e-13  2.58951e-15 
           3     -2.97525 -2.14137e-08  2.00759e-10  5.77546e-05  1.45627e-10 -7.39715e-13  4.59989e-15 
           3     -2.97159 -2.48354e-08  2.63783e-10  5.77546e-05   1.8637e-10 -1.09429e-12  7.83222e-15 
           3     -2.96768 -2.85391e-08  3.40368e-10  5.77546e-05  2.33852e-10 -1.57386e-12  1.28543e-14 
           3     -2.96351 -3.25213e-08  4.32137e-10  5.77546e-05   2.8827e-10 -2.20725e-12  2.04151e-14 
           3     -2.95909   -3.678e-08  5.40862e-10  5.77546e-05  3.49768e-10 -3.02713e-12  3.14962e-14 
           3     -2.95442 -4.13075e-08  6.68312e-10  5.77546e-05   4.1834e-10 -4.06884e-12  4.73441e-14 
           3      -2.9495 -4.60919e-08   8.1624e-10  5.77546e-05  4.93841e-10 -5.36993e-12  6.95087e-14 
           3     -2.94432  -5.1119e-08  9.86423e-10  5.77546e-05  5.76008e-10 -6.96999e-12  9.98908e-14 
           3     -2.93889 -5.63751e-08  1.18066e-09  5.77546e-05  6.64465e-10 -8.91021e-12  1.40789e-13 
           3     -2.93321 -6.18452e-08  1.40069e-09  5.77546e-05  7.58695e-10  -1.1232e-11  1.94927e-13 
           3     -2.92727 -6.74958e-08  1.64819e-09  5.77546e-05  8.58075e-10 -1.39763e-11  2.65489e-13 
           3     -2.92109 -7.33075e-08  1.92467e-09  5.77546e-05  9.61835e-10 -1.71819e-11  3.56115e-13 
           3     -2.91465 -7.92525e-08  2.23178e-09  5.77546e-05   1.0692e-09 -2.08876e-11  4.71028e-13 
           3     -2.90796 -8.52962e-08  2.57076e-09  5.77546e-05  1.17922e-09  -2.5126e-11  6.14869e-13 
           3     -2.90101 -9.14077e-08  2.94298e-09  5.77546e-05  1.29096e-09 -2.99283e-11  7.92897e-13 
           3     -2.89382 -9.75526e-08  3.34957e-09  5.77546e-05  1.40343e-09 -3.53198e-11  1.01085e-12 
           3     -2.88637 -1.03694e-07  3.79145e-09  5.77546e-05  1.51558e-09 -4.13192e-11  1.27495e-12 
           3     -2.87867 -1.09797e-07   4.2694e-09  5.77547e-05  1.62641e-09 -4.79393e-11  1.59188e-12 
           3     -2.87071 -1.15824e-07  4.78424e-09  5.77547e-05  1.73493e-09  -5.5189e-11  1.96893e-12 
           3      -2.8625 -1.21739e-07  5.33613e-09  5.77547e-05  1.84013e-09 -6.30634e-11  2.41345e-12 
           3     -2.85405 -1.27505e-07   5.9254e-09  5.77547e-05  1.94111e-09 -7.15547e-11  2.93335e-12 
           3     -2.84533 -1.33091e-07  6.55214e-09  5.77547e-05  2.03704e-09 -8.06476e-11  3.53683e-12 
           3     -2.83637 -1.38463e-07  7.21616e-09  5.77547e-05  2.12717e-09 -9.03176e-11  4.23215e-12 
           3     -2.82715 -1.43594e-07  7.91714e-09  5.77547e-05  2.21084e-09 -1.00534e-10   5.0278e-12 
           3     -2.81768 -1.48458e-07  8.65472e-09  5.77547e-05  2.28752e-09 -1.11264e-10  5.93251e-12 
           3     -2.80796  -1.5303e-07  9.42804e-09  5.77548e-05  2.35676e-09  -1.2246e-10  6.95455e-12 
           3     -2.79799 -1.57295e-07  1.02367e-08  5.77548e-05  2.41831e-09 -1.34083e-10  8.10296e-12 
           3     -2.78776 -1.61234e-07  1.10792e-08  5.77548e-05  2.47193e-09 -1.46074e-10  9.38531e-12 
           3     -2.77728 -1.64839e-07  1.19548e-08  5.77548e-05  2.51761e-09 -1.58388e-10  1.08104e-11 
           3     -2.76655 -1.68101e-07  1.28623e-08  5.77548e-05   2.5554e-09 -1.70966e-10  1.23858e-11 
           3     -2.75556 -1.71021e-07  1.38007e-08  5.77549e-05  2.58549e-09 -1.83761e-10  1.41197e-11 
           3     -2.74433 -1.73599e-07  1.47685e-08  5.77549e-05  2.60817e-09 -1.96717e-10  1.60192e-11 
           3     -2.73284 -1.75841e-07  1.57646e-08  5.77549e-05  2.62382e-09 -2.09789e-10  1.80921e-11 
           3      -2.7211 -1.77757e-07  1.67876e-08  5.77549e-05  2.63292e-09 -2.22929e-10  2.03447e-11 
           3      -2.7091  -1.7936e-07  1.78367e-08  5.77549e-05  2.63599e-09 -2.36103e-10   2.2785e-11 
           3     -2.69685 -1.80667e-07  1.89102e-08   5.7755e-05  2.63364e-09 -2.49271e-10  2.54183e-11 
           3     -2.68435 -1.81695e-07  2.00071e-08   5.7755e-05  2.62649e-09 -2.62407e-10  2.82515e-11 
           3      -2.6716 -1.82467e-07  2.11265e-08   5.7755e-05  2.61521e-09 -2.75492e-10  3.12915e-11 
           3      -2.6586 -1.83005e-07  2.22674e-08  5.77551e-05  2.60046e-09 -2.88512e-10  3.45445e-11 
           3     -2.64534 -1.83332e-07  2.34289e-08  5.77551e-05  2.58292e-09  -3.0146e-10   3.8017e-11 
           3     -2.63183 -1.83474e-07  2.46102e-08  5.77551e-05  2.56324e-09 -3.14336e-10  4.17155e-11 
           3     -2.61807 -1.83454e-07   2.5811e-08  5.77551e-05  2.54202e-09 -3.27149e-10  4.56473e-11 
           3     -2.60405 -1.83297e-07  2.70308e-08  5.77552e-05  2.51986e-09 -3.39914e-10  4.98203e-11 
           3     -2.58978 -1.83027e-07  2.82688e-08  5.77552e-05  2.49729e-09 -3.52645e-10  5.42404e-11 
           3     -2.57526 -1.82666e-07  2.95251e-08  5.77553e-05  2.47478e-09 -3.65366e-10  5.89163e-11 
           3     -2.56049 -1.82234e-07  3.07995e-08  5.77553e-05  2.45276e-09 -3.78106e-10  6.38567e-11 
           3     -2.54547 -1.81753e-07   3.2092e-08  5.77553e-05  2.43158e-09 -3.90893e-10  6.90707e-11 
           3     -2.53019 -1.81237e-07  3.34025e-08  5.77554e-05  2.41153e-09 -4.03757e-10  7.45674e-11 
           3     -2.51466 -1.80704e-07  3.47314e-08  5.77554e-05  2.39285e-09  -4.1673e-10  8.03568e-11 
           3     -2.49888 -1.80166e-07  3.60787e-08  5.77555e-05   2.3757e-09 -4.29843e-10  8.64501e-11 
           3     -2.48284 -1.79633e-07  3.74451e-08  5.77555e-05  2.36018e-09 -4.43127e-10  9.28596e-11 
           3     -2.46656 -1.79115e-07  3.88303e-08  5.77556e-05  2.34636e-09 -4.56606e-10  9.95943e-11 
           3     -2.45002 -1.78619e-07  4.02349e-08  5.77556e-05  2.33424e-09 -4.70306e-10  1.06668e-10 
           3     -2.43322 -1.78148e-07  4.16593e-08  5.77557e-05   2.3238e-09 -4.84249e-10  1.14093e-10 
           3     -2.41618 -1.77706e-07  4.31038e-08  5.77557e-05  2.31496e-09 -4.98452e-10  1.21883e-10 
           3     -2.39888 -1.77295e-07  4.45688e-08  5.77558e-05  2.30763e-09 -5.12932e-10  1.30052e-10 
           3     -2.38133 -1.76913e-07  4.60548e-08  5.77559e-05  2.30169e-09 -5.27698e-10  1.38614e-10 
           3     -2.36353 -1.76561e-07  4.75619e-08  5.77559e-05  2.29701e-09 -5.42757e-10  1.47582e-10 
           3     -2.34547 -1.76236e-07  4.90909e-08   5.7756e-05  2.29344e-09 -5.58116e-10  1.56975e-10 
           3     -2.32716 -1.75936e-07  5.06415e-08  5.77561e-05  2.29084e-09 -5.73767e-10  1.66802e-10 
           3     -2.30861 -1.75656e-07  5.22142e-08  5.77561e-05  2.28907e-09 -5.89712e-10  1.77082e-10 
           3     -2.28979 -1.75394e-07  5.38092e-08  5.77562e-05  2.28799e-09 -6.05945e-10  1.87829e-10 
           3     -2.27073 -1.75145e-07  5.54269e-08  5.77563e-05  2.28746e-09 -6.22459e-10   1.9906e-10 
           3     -2.25141 -1.74907e-07  5.70672e-08  5.77563e-05  2.28736e-09 -6.39243e-10  2.10791e-10 
           3     -2.23184 -1.74675e-07  5.87305e-08  5.77564e-05  2.28758e-09 -6.56288e-10  2.23037e-10 
           3     -2.21202 -1.74445e-07  6.04168e-08  5.77565e-05  2.28803e-09 -6.73582e-10  2.35815e-10 
           3     -2.19194 -1.74216e-07  6.21266e-08  5.77566e-05  2.28862e-09 -6.91118e-10  2.49144e-10 
           3     -2.17161 -1.73983e-07  6.38593e-08  5.77567e-05   2.2893e-09 -7.08877e-10  2.63037e-10 
           3     -2.15103 -1.73745e-07  6.56154e-08  5.77568e-05  2.28999e-09 -7.26851e-10  2.77512e-10 
           3      -2.1302   -1.735e-07  6.73948e-08  5.77569e-05  2.29067e-09 -7.45029e-10  2.92587e-10 
           3     -2.10912 -1.73245e-07  6.91978e-08   5.7757e-05   2.2913e-09 -7.63401e-10   3.0828e-10 
           3     -2.08778  -1.7298e-07  7.10243e-08  5.77571e-05  2.29185e-09 -7.81958e-10  3.24609e-10 
           3     -2.06619 -1.72703e-07  7.28744e-08  5.77572e-05  2.29232e-09 -8.00691e-10  3.41592e-10 
           3     -2.04435 -1.72413e-07  7.47482e-08  5.77573e-05   2.2927e-09 -8.19592e-10  3.59248e-10 
           3     -2.02225 -1.72111e-07  7.66462e-08  5.77574e-05  2.29298e-09 -8.38658e-10    3.776e-10 
           3      -1.9999 -1.71794e-07  7.85676e-08  5.77575e-05  2.29318e-09 -8.57876e-10  3.96662e-10 
           3      -1.9773 -1.71464e-07   8.0513e-08  5.77576e-05  2.29329e-09 -8.77242e-10  4.16454e-10 
           3     -1.95445  -1.7112e-07  8.24823e-08  5.77577e-05  2.29332e-09  -8.9675e-10  4.36999e-10 
           3     -1.93134 -1.70762e-07  8.44757e-08  5.77578e-05   2.2933e-09 -9.16397e-10  4.58318e-10 
           3     -1.90799  -1.7039e-07  8.64934e-08   5.7758e-05  2.29321e-09 -9.36177e-10  4.80432e-10 
           3     -1.88438 -1.70003e-07  8.85353e-08  5.77581e-05  2.29307e-09 -9.56084e-10  5.03362e-10 
           3     -1.86051 -1.69602e-07  9.06017e-08  5.77582e-05  2.29289e-09 -9.76114e-10  5.27132e-10 
           3     -1.83639 -1.69187e-07  9.26931e-08  5.77584e-05  2.29268e-09 -9.96265e-10   5.5177e-10 
           3     -1.81203 -1.68757e-07  9.48089e-08  5.77585e-05  2.29243e-09 -1.01652e-09  5.77289e-10 
           3     -1.78741 -1.68313e-07  9.69494e-08  5.77587e-05  2.29215e-09 -1.03689e-09  6.03718e-10 
           3     -1.76253 -1.67854e-07  9.91149e-08  5.77588e-05  2.29184e-09 -1.05735e-09   6.3108e-10 
           3     -1.73741 -1.67381e-07  1.01306e-07  5.77589e-05   2.2915e-09  -1.0779e-09  6.59402e-10 
           3     -1.71203 -1.66893e-07  1.03522e-07  5.77591e-05  2.29112e-09 -1.09853e-09  6.88709e-10 
           3      -1.6864 -1.66391e-07  1.05763e-07  5.77593e-05   2.2907e-09 -1.11923e-09  7.19025e-10 
           3     -1.66052 -1.65874e-07   1.0803e-07  5.77594e-05  2.29023e-09 -1.13999e-09  7.50377e-10 
           3     -1.63438 -1.65342e-07  1.10324e-07  5.77596e-05   2.2897e-09 -1.16081e-09  7.82799e-10 
           3     -1.60799 -1.64795e-07  1.12643e-07  5.77598e-05   2.2891e-09 -1.18167e-09  8.16305e-10 
           3     -1.58135 -1.64234e-07  1.14988e-07  5.77599e-05  2.28843e-09 -1.20255e-09  8.50929e-10 
           3     -1.55446 -1.63658e-07   1.1736e-07  5.77601e-05  2.28765e-09 -1.22344e-09  8.86696e-10 
           3     -1.52731 -1.63068e-07  1.19758e-07  5.77603e-05  2.28676e-09 -1.24433e-09  9.23639e-10 
           3     -1.49992 -1.62463e-07  1.22184e-07  5.77605e-05  2.28574e-09  -1.2652e-09  9.61781e-10 
           3     -1.47227 -1.61845e-07  1.24636e-07  5.77607e-05  2.28456e-09 -1.28603e-09  1.00115e-09 
           3     -1.44436 -1.61213e-07  1.27116e-07  5.77608e-05   2.2832e-09  -1.3068e-09  1.04178e-09 
           3      -1.4162 -1.60568e-07  1.29624e-07   5.7761e-05  2.28164e-09  -1.3275e-09  1.08371e-09 
           3     -1.38779 -1.59911e-07  1.32159e-07  5.77612e-05  2.27984e-09 -1.34811e-09  1.12694e-09 
           3     -1.35913 -1.59242e-07  1.34722e-07  5.77614e-05  2.27777e-09 -1.36859e-09  1.17152e-09 
           3     -1.33022  -1.5856e-07  1.37314e-07  5.77617e-05   2.2754e-09 -1.38893e-09  1.21747e-09 
           3     -1.30106 -1.57869e-07  1.39934e-07  5.77619e-05  2.27267e-09  -1.4091e-09  1.26482e-09 
           3     -1.27164 -1.57167e-07  1.42582e-07  5.77621e-05  2.26954e-09 -1.42908e-09  1.31361e-09 
           3     -1.24197 -1.56455e-07   1.4526e-07  5.77623e-05  2.26595e-09 -1.44882e-09  1.36384e-09 
           3     -1.21205 -1.55736e-07  1.47966e-07  5.77625e-05  2.26183e-09 -1.46831e-09  1.41556e-09 
           3     -1.18186 -1.55009e-07  1.50702e-07  5.77628e-05  2.25711e-09 -1.48751e-09   1.4688e-09 
           3     -1.15144 -1.54275e-07  1.53467e-07   5.7763e-05   2.2517e-09 -1.50638e-09  1.52356e-09 
           3     -1.12076 -1.53536e-07   1.5626e-07  5.77632e-05  2.24548e-09 -1.52489e-09  1.57988e-09 
           3     -1.08982 -1.52794e-07  1.59084e-07  5.77635e-05  2.23836e-09 -1.54298e-09  1.63777e-09 
           3     -1.05864 -1.52048e-07  1.61936e-07  5.77637e-05  2.23015e-09 -1.56062e-09  1.69726e-09 
           3      -1.0272 -1.51302e-07  1.64817e-07   5.7764e-05  2.22072e-09 -1.57776e-09  1.75836e-09 
           3    -0.995511 -1.50556e-07  1.67726e-07  5.77642e-05  2.20986e-09 -1.59435e-09  1.82107e-09 
           3    -0.963568 -1.49814e-07  1.70664e-07  5.77645e-05  2.19732e-09 -1.61032e-09  1.88542e-09 
           3    -0.931366 -1.49077e-07  1.73629e-07  5.77647e-05  2.18283e-09 -1.62561e-09   1.9514e-09 
           3    -0.898919  -1.4835e-07  1.76621e-07   5.7765e-05  2.16605e-09 -1.64016e-09    2.019e-09 
           3    -0.866218 -1.47635e-07  1.79638e-07  5.77653e-05  2.14658e-09 -1.65388e-09   2.0882e-09 
           3    -0.833265 -1.46938e-07  1.82679e-07  5.77655e-05  2.12396e-09  -1.6667e-09  2.15899e-09 
           3     -0.80006 -1.46265e-07  1.85742e-07  5.77658e-05  2.09763e-09 -1.67851e-09  2.23132e-09 
           3    -0.766602 -1.45624e-07  1.88825e-07  5.77661e-05  2.06695e-09 -1.68922e-09  2.30514e-09 
           3    -0.732892 -1.45024e-07  1.91925e-07  5.77664e-05  2.03114e-09 -1.69871e-09  2.38037e-09 
           3    -0.698929 -1.44478e-07  1.95038e-07  5.77667e-05  1.98937e-09 -1.70687e-09  2.45693e-09 
           3    -0.664707 -1.44002e-07  1.98161e-07   5.7767e-05  1.94062e-09 -1.71355e-09  2.53468e-09 
           3    -0.630239 -1.43616e-07  2.01287e-07  5.77673e-05  1.88388e-09 -1.71863e-09  2.61344e-09 
           3    -0.595518 -1.43345e-07  2.04409e-07  5.77676e-05  1.81799e-09 -1.72193e-09  2.69301e-09 
           3    -0.560545 -1.43224e-07  2.07519e-07  5.77679e-05  1.74192e-09 -1.72336e-09  2.77312e-09 
           3     -0.52532 -1.43293e-07  2.10606e-07  5.77682e-05  1.65479e-09 -1.72277e-09  2.85342e-09 
           3    -0.489842 -1.43609e-07  2.13657e-07  5.77685e-05  1.55628e-09 -1.72014e-09  2.93349e-09 
           3    -0.454111 -1.44242e-07  2.16655e-07  5.77688e-05    1.447e-09 -1.71551e-09   3.0128e-09 
           3    -0.418128 -1.45283e-07   2.1958e-07  5.77691e-05  1.32928e-09 -1.70911e-09  3.09066e-09 
           3    -0.381885 -1.46852e-07  2.22406e-07  5.77694e-05  1.20828e-09 -1.70145e-09  3.16627e-09 
           3    -0.345397 -1.49104e-07    2.251e-07  5.77697e-05  1.09376e-09 -1.69349e-09  3.23856e-09 
           3    -0.308657 -1.52239e-07  2.27623e-07    5.777e-05  1.00228e-09 -1.68677e-09  3.30625e-09 
           3    -0.271664 -1.56517e-07  2.29925e-07  5.77704e-05  9.60551e-10  -1.6837e-09   3.3678e-09 
           3    -0.234418 -1.62262e-07  2.31946e-07  5.77707e-05  1.00945e-09 -1.68776e-09  3.42131e-09 
           3     -0.19692 -1.69878e-07  2.33612e-07   5.7771e-05  1.20867e-09  -1.7037e-09  3.46455e-09 
           3     -0.15917 -1.79843e-07  2.34838e-07  5.77713e-05  1.64132e-09 -1.73763e-09  3.49493e-09 
           3    -0.121166 -1.92699e-07  2.35521e-07  5.77716e-05  2.41686e-09 -1.79684e-09  3.50955e-09 
           3    -0.082903 -2.09018e-07   2.3555e-07  5.77719e-05  3.67037e-09  -1.8893e-09  3.50536e-09 
           3    -0.044395 -2.29322e-07  2.34803e-07  5.77722e-05  5.55335e-09 -2.02258e-09  3.47933e-09 
           3    -0.005634 -2.54003e-07  2.33162e-07  5.77725e-05  8.21647e-09 -2.20251e-09  3.42888e-09 
           3     0.033379 -2.83184e-07  2.30518e-07  5.77728e-05  1.17775e-08 -2.43144e-09  3.35226e-09 
           3     0.072644 -3.16581e-07  2.26793e-07   5.7773e-05  1.62802e-08 -2.70654e-09   3.2491e-09 
           3     0.112163 -3.53467e-07  2.21954e-07  5.77732e-05  2.16531e-08  -3.0203e-09  3.12096e-09 
           3     0.151933 -3.92472e-07     2.16e-07  5.77735e-05  2.76743e-08 -3.35727e-09  2.97084e-09 
           3     0.191957 -4.31748e-07  2.09082e-07  5.77736e-05  3.39761e-08 -3.70127e-09  2.80572e-09 
           3      0.23224 -4.69508e-07  2.01325e-07  5.77738e-05  4.01013e-08  -4.0351e-09  2.63209e-09 
           3     0.272769 -5.03916e-07  1.93088e-07  5.77739e-05  4.56073e-08 -4.35294e-09  2.46097e-09 
           3     0.313549  -5.3211e-07  1.84248e-07   5.7774e-05  4.99882e-08 -4.61995e-09  2.29272e-09 
           3     0.354583 -5.54584e-07  1.75107e-07  5.77741e-05  5.31333e-08 -4.84957e-09  2.13465e-09 
           3     0.395868 -5.72261e-07  1.65848e-07  5.77741e-05  5.51154e-08 -5.05506e-09  1.99051e-09 
           3     0.437407 -5.85981e-07  1.56581e-07  5.77742e-05  5.60721e-08 -5.24541e-09  1.86257e-09 
           3     0.479197 -5.96445e-07  1.47403e-07  5.77742e-05  5.61742e-08 -5.42604e-09  1.75261e-09 
           3     0.521241 -6.04166e-07    1.383e-07  5.77742e-05  5.56143e-08 -5.59849e-09  1.65997e-09 
           3     0.563545 -6.09445e-07  1.29256e-07  5.77742e-05   5.4552e-08 -5.76224e-09  1.58373e-09 
           3     0.606093 -6.12339e-07  1.20274e-07  5.77741e-05  5.31295e-08  -5.9144e-09  1.52308e-09 
           3     0.648894 -6.12665e-07   1.1136e-07  5.77741e-05  5.14508e-08 -6.05093e-09  1.47712e-09 
           3     0.691948 -6.10009e-07  1.02527e-07   5.7774e-05  4.95793e-08 -6.16705e-09  1.44501e-09 
           3     0.735253   -6.038e-07  9.37922e-08   5.7774e-05  4.75455e-08 -6.25789e-09  1.42591e-09 
           3     0.778812 -5.93405e-07  8.51621e-08   5.7774e-05   4.5363e-08 -6.31932e-09   1.4189e-09 
           3     0.822623 -5.78284e-07  7.66151e-08   5.7774e-05  4.30582e-08 -6.34879e-09  1.42275e-09 
           3     0.866686 -5.58191e-07  6.80727e-08  5.77739e-05  4.07114e-08 -6.34639e-09  1.43556e-09 
           3     0.911011 -5.32898e-07  5.99084e-08  5.77739e-05  3.82631e-08 -6.32144e-09  1.46114e-09 
           3     0.955579 -5.02309e-07  5.19919e-08   5.7774e-05   3.5795e-08 -6.27544e-09  1.49743e-09 
           3       1.0004 -4.66941e-07  4.42645e-08   5.7774e-05  3.33533e-08  -6.2102e-09  1.54185e-09 
           3      1.04547 -4.27401e-07  3.67446e-08  5.77741e-05  3.09582e-08  -6.1275e-09  1.59313e-09 
           3       1.0908 -3.84319e-07  2.94518e-08  5.77742e-05  2.86233e-08 -6.02926e-09  1.65039e-09 
           3      1.13638 -3.38257e-07   2.2401e-08  5.77743e-05  2.63637e-08 -5.91658e-09  1.71249e-09 
           3      1.18221 -2.89874e-07    1.559e-08  5.77745e-05  2.41912e-08 -5.79066e-09  1.77736e-09 
           3      1.22829 -2.39979e-07  9.03157e-09  5.77747e-05   2.2103e-08 -5.65194e-09  1.84514e-09 
           3      1.27464 -1.89245e-07  2.72352e-09   5.7775e-05  2.01007e-08 -5.49998e-09  1.91487e-09 
           3      1.32123 -1.38315e-07 -3.33765e-09  5.77753e-05  1.81886e-08 -5.33503e-09  1.98566e-09 
           3      1.36807 -8.77557e-08 -9.16161e-09  5.77756e-05  1.63707e-08 -5.15767e-09  2.05672e-09 
           3      1.41516 -3.80928e-08 -1.47572e-08   5.7776e-05  1.46518e-08 -4.96875e-09  2.12724e-09 
           3      1.46251  1.01985e-08  -2.0131e-08  5.77764e-05  1.30363e-08 -4.76926e-09  2.19644e-09 
           3      1.51011  5.66911e-08 -2.52831e-08  5.77768e-05  1.15276e-08 -4.56007e-09  2.26353e-09 
           3      1.55796  1.01008e-07 -3.02032e-08  5.77774e-05  1.01273e-08 -4.34181e-09  2.32781e-09 
           3      1.60606   1.4283e-07  -3.4866e-08  5.77779e-05  8.83458e-09 -4.11461e-09  2.38872e-09 
           3      1.65443  1.81899e-07 -3.92258e-08  5.77785e-05  7.64522e-09 -3.87785e-09  2.44602e-09 
           3      1.70304  2.18004e-07 -4.32866e-08  5.77792e-05  6.55695e-09 -3.63156e-09  2.49962e-09 
           3       1.7519  2.51109e-07 -4.72693e-08  5.77798e-05  5.58412e-09 -3.38295e-09  2.54814e-09 
           3      1.80101  2.81267e-07 -5.09466e-08  5.77806e-05  4.72154e-09 -3.13093e-09  2.59178e-09 
           3      1.85038  3.08547e-07 -5.43467e-08  5.77814e-05  3.96657e-09 -2.87782e-09  2.63021e-09 
           3          1.9  3.33057e-07 -5.74903e-08  5.77822e-05  3.31529e-09 -2.62581e-09  2.66322e-09 
           3      1.94987   3.5493e-07 -6.03921e-08  5.77831e-05  2.76271e-09 -2.37699e-09  2.69072e-09 
           3            2  3.74324e-07 -6.30633e-08   5.7784e-05  2.30273e-09 -2.13325e-09  2.71272e-09 
           4           -3 -4.72701e-21  4.56736e-25  5.77146e-05 -2.08666e-15  1.06726e-17 -5.62376e-19 
           4     -2.99987 -1.99327e-10  6.74607e-15  5.77146e-05  8.13926e-15  9.23969e-18 -5.02903e-19 
           4      -2.9995 -7.99571e-10  1.16575e-13  5.77146e-05    1.489e-13 -5.56401e-18 -3.40873e-19 
           4     -2.99886 -1.80113e-09  5.97048e-13  5.77146e-05  7.46239e-13 -1.29086e-16 -9.63157e-20 
           4     -2.99798 -3.20869e-09  1.89373e-12  5.77146e-05  2.33439e-12 -7.31265e-16  3.99653e-19 
           4     -2.99684 -5.02464e-09  4.62403e-12  5.77146e-05  5.63535e-12 -2.76182e-15  2.14123e-18 
           4     -2.99546 -7.25509e-09  9.57973e-12  5.77146e-05  1.15447e-11 -8.16573e-15  8.49983e-18 
           4     -2.99381 -9.90309e-09   1.7712e-11  5.77146e-05  2.10924e-11 -2.03724e-14  2.82762e-17 
           4     -2.99192 -1.29747e-08    3.014e-11  5.77146e-05  3.54286e-11 -4.48785e-14  8.10238e-17 
           4     -2.98977  -1.6472e-08  4.81232e-11  5.77146e-05  5.57649e-11 -8.98192e-14  2.05284e-16 
           4     -2.98738 -2.03995e-08  7.30794e-11  5.77146e-05  8.33667e-11 -1.66643e-13  4.70832e-16 
           4     -2.98472 -2.47588e-08  1.06554e-10  5.77146e-05  1.19491e-10 -2.90677e-13  9.95288e-16 
           4     -2.98182 -2.95482e-08    1.502e-10  5.77146e-05  1.65335e-10 -4.81621e-13   1.9656e-15 
           4     -2.97866 -3.47658e-08  2.05785e-10  5.77146e-05  2.22027e-10 -7.64097e-13  3.66573e-15 
           4     -2.97525 -4.04093e-08  2.75193e-10  5.77146e-05  2.90593e-10 -1.16813e-12  6.51085e-15 
           4     -2.97159 -4.64704e-08   3.6035e-10  5.77146e-05  3.71872e-10 -1.72906e-12  1.10844e-14 
           4     -2.96768 -5.29429e-08  4.63311e-10  5.77146e-05  4.66583e-10 -2.48831e-12  1.81889e-14 
           4     -2.96351 -5.98086e-08  5.86043e-10  5.77146e-05  5.75117e-10 -3.49187e-12  2.88824e-14 
           4     -2.95909 -6.70536e-08  7.30669e-10  5.77146e-05  6.97752e-10 -4.79195e-12  4.45509e-14 
           4     -2.95442 -7.46557e-08   8.9926e-10  5.77146e-05  8.34476e-10 -6.44516e-12  6.69534e-14 
           4      -2.9495 -8.25866e-08  1.09383e-09  5.77146e-05  9.84989e-10 -8.51175e-12  9.82761e-14 
           4     -2.94432 -9.08158e-08  1.31636e-09  5.77146e-05  1.14876e-09 -1.10554e-11  1.41198e-13 
           4     -2.93889 -9.93133e-08  1.56885e-09  5.77146e-05  1.32503e-09 -1.41424e-11  1.98958e-13 
           4     -2.93321 -1.08047e-07  1.85314e-09  5.77146e-05  1.51276e-09 -1.78396e-11  2.75389e-13 
           4     -2.92727 -1.16965e-07  2.17096e-09  5.77146e-05  1.71071e-09 -2.22136e-11   3.7497e-13 
           4     -2.92109 -1.26027e-07  2.52381e-09  5.77146e-05  1.91733e-09 -2.73269e-11  5.02816e-13 
           4     -2.91465 -1.35191e-07  2.91331e-09  5.77146e-05  2.13106e-09  -3.3243e-11  6.64855e-13 
           4     -2.90796 -1.44401e-07  3.34054e-09  5.77146e-05     2.35e-09  -4.0015e-11  8.67599e-13 
           4     -2.90101 -1.53609e-07  3.80674e-09  5.77146e-05  2.57231e-09 -4.76941e-11  1.11841e-12 
           4     -2.89382 -1.62764e-07  4.31278e-09  5.77147e-05  2.79598e-09 -5.63219e-11  1.42533e-12 
           4     -2.88637 -1.71812e-07  4.85929e-09  5.77147e-05  3.01893e-09 -6.59293e-11  1.79703e-12 
           4     -2.87867 -1.80702e-07  5.44671e-09  5.77147e-05  3.23914e-09 -7.65379e-11  2.24287e-12 
           4     -2.87071 -1.89385e-07  6.07552e-09  5.77147e-05  3.45467e-09 -8.81627e-11  2.77298e-12 
           4      -2.8625 -1.97808e-07  6.74543e-09  5.77147e-05   3.6635e-09 -1.00796e-10  3.39762e-12 
           4     -2.85405 -2.05927e-07  7.45631e-09  5.77147e-05  3.86384e-09 -1.14427e-10  4.12774e-12 
           4     -2.84533 -2.13699e-07  8.20783e-09  5.77147e-05  4.05405e-09 -1.29029e-10  4.97472e-12 
           4     -2.83637 -2.21085e-07  8.99928e-09  5.77147e-05  4.23262e-09 -1.44564e-10  5.95002e-12 
           4     -2.82715  -2.2805e-07  9.82986e-09  5.77147e-05  4.39827e-09 -1.60981e-10  7.06533e-12 
           4     -2.81768 -2.34568e-07  1.06988e-08  5.77147e-05  4.54997e-09 -1.78225e-10  8.33271e-12 
           4     -2.80796  -2.4061e-07  1.16046e-08  5.77147e-05  4.68684e-09 -1.96221e-10  9.76352e-12 
           4     -2.79799 -2.46164e-07  1.25466e-08  5.77147e-05  4.80836e-09 -2.14901e-10  1.13702e-11 
           4     -2.78776 -2.51214e-07  1.35227e-08  5.77147e-05  4.91413e-09  -2.3417e-10   1.3163e-11 
           4     -2.77728 -2.55755e-07  1.45321e-08  5.77147e-05  5.00411e-09  -2.5395e-10  1.51542e-11 
           4     -2.76655 -2.59788e-07  1.55728e-08  5.77148e-05  5.07844e-09 -2.74148e-10  1.73538e-11 
           4     -2.75556  -2.6332e-07  1.66438e-08  5.77148e-05  5.13752e-09 -2.94682e-10  1.97732e-11 
           4     -2.74433 -2.66362e-07  1.77432e-08  5.77148e-05  5.18194e-09 -3.15458e-10   2.2422e-11 
           4     -2.73284 -2.68931e-07  1.88699e-08  5.77148e-05   5.2125e-09 -3.36403e-10  2.53105e-11 
           4      -2.7211  -2.7105e-07  2.00221e-08  5.77148e-05  5.23014e-09 -3.57436e-10  2.84477e-11 
           4      -2.7091 -2.72744e-07  2.11992e-08  5.77148e-05  5.23596e-09 -3.78498e-10  3.18442e-11 
           4     -2.69685 -2.74044e-07  2.23992e-08  5.77148e-05  5.23114e-09 -3.99522e-10  3.55073e-11 
           4     -2.68435 -2.74981e-07  2.36213e-08  5.77148e-05  5.21696e-09 -4.20464e-10  3.94464e-11 
           4      -2.6716  -2.7559e-07  2.48645e-08  5.77148e-05  5.19476e-09 -4.41292e-10  4.36707e-11 
           4      -2.6586 -2.75909e-07  2.61282e-08  5.77148e-05  5.16585e-09 -4.61983e-10   4.8189e-11 
           4     -2.64534 -2.75972e-07  2.74114e-08  5.77148e-05  5.13158e-09 -4.82522e-10    5.301e-11 
           4     -2.63183 -2.75818e-07  2.87138e-08  5.77149e-05  5.09324e-09 -5.02912e-10  5.81428e-11 
           4     -2.61807 -2.75482e-07  3.00349e-08  5.77149e-05  5.05205e-09 -5.23166e-10  6.35975e-11 
           4     -2.60405 -2.74999e-07  3.13747e-08  5.77149e-05  5.00915e-09 -5.43308e-10  6.93849e-11 
           4     -2.58978 -2.74401e-07  3.27327e-08  5.77149e-05  4.96561e-09 -5.63363e-10  7.55136e-11 
           4     -2.57526  -2.7372e-07  3.41091e-08  5.77149e-05  4.92236e-09 -5.83372e-10  8.19954e-11 
           4     -2.56049 -2.72983e-07  3.55041e-08  5.77149e-05  4.88022e-09 -6.03382e-10  8.88426e-11 
           4     -2.54547 -2.72214e-07  3.69179e-08  5.77149e-05  4.83987e-09 -6.23442e-10  9.60679e-11 
           4     -2.53019 -2.71436e-07  3.83507e-08  5.77149e-05  4.80187e-09 -6.43604e-10  1.03684e-10 
           4     -2.51466 -2.70667e-07   3.9803e-08  5.77149e-05  4.76668e-09  -6.6392e-10  1.11705e-10 
           4     -2.49888 -2.69922e-07  4.12751e-08  5.77149e-05  4.73459e-09 -6.84444e-10  1.20147e-10 
           4     -2.48284 -2.69213e-07   4.2768e-08  5.77149e-05  4.70579e-09 -7.05232e-10  1.29026e-10 
           4     -2.46656 -2.68548e-07  4.42813e-08   5.7715e-05  4.68041e-09 -7.26322e-10  1.38356e-10 
           4     -2.45002 -2.67934e-07  4.58159e-08   5.7715e-05  4.65843e-09 -7.47762e-10  1.48156e-10 
           4     -2.43322 -2.67374e-07  4.73722e-08   5.7715e-05  4.63978e-09 -7.69588e-10  1.58442e-10 
           4     -2.41618 -2.66869e-07  4.89507e-08   5.7715e-05   4.6243e-09 -7.91833e-10  1.69233e-10 
           4     -2.39888 -2.66418e-07  5.05517e-08   5.7715e-05   4.6118e-09 -8.14524e-10  1.80549e-10 
           4     -2.38133 -2.66018e-07  5.21758e-08   5.7715e-05  4.60204e-09  -8.3768e-10  1.92409e-10 
           4     -2.36353 -2.65667e-07  5.38231e-08   5.7715e-05  4.59474e-09 -8.61313e-10  2.04832e-10 
           4     -2.34547 -2.65358e-07  5.54942e-08   5.7715e-05  4.58962e-09 -8.85436e-10  2.17841e-10 
           4     -2.32716 -2.65087e-07  5.71889e-08   5.7715e-05   4.5864e-09 -9.10041e-10  2.31452e-10 
           4     -2.30861 -2.64848e-07  5.89075e-08   5.7715e-05  4.58478e-09 -9.35131e-10  2.45689e-10 
           4     -2.28979 -2.64634e-07  6.06502e-08   5.7715e-05  4.58449e-09 -9.60697e-10  2.60572e-10 
           4     -2.27073 -2.64441e-07  6.24172e-08   5.7715e-05  4.58527e-09 -9.86729e-10  2.76123e-10 
           4     -2.25141 -2.64262e-07  6.42084e-08   5.7715e-05  4.58689e-09 -1.01321e-09  2.92363e-10 
           4     -2.23184 -2.64093e-07   6.6024e-08  5.77151e-05  4.58912e-09 -1.04013e-09  3.09315e-10 
           4     -2.21202 -2.63928e-07  6.78639e-08  5.77151e-05  4.59179e-09 -1.06747e-09  3.26999e-10 
           4     -2.19194 -2.63763e-07  6.97285e-08  5.77151e-05  4.59473e-09 -1.09522e-09  3.45444e-10 
           4     -2.17161 -2.63596e-07  7.16169e-08  5.77151e-05  4.59781e-09 -1.12335e-09  3.64663e-10 
           4     -2.15103 -2.63423e-07  7.35296e-08  5.77151e-05  4.60094e-09 -1.15184e-09  3.84685e-10 
           4      -2.1302 -2.63241e-07  7.54663e-08  5.77151e-05  4.60401e-09 -1.18069e-09   4.0553e-10 
           4     -2.10912 -2.63049e-07  7.74272e-08  5.77151e-05  4.60697e-09 -1.20987e-09  4.27226e-10 
           4     -2.08778 -2.62845e-07  7.94119e-08  5.77151e-05  4.60977e-09 -1.23936e-09  4.49793e-10 
           4     -2.06619 -2.62629e-07  8.14207e-08  5.77151e-05  4.61237e-09 -1.26917e-09  4.73258e-10 
           4     -2.04435 -2.62399e-07  8.34531e-08  5.77151e-05  4.61477e-09 -1.29927e-09  4.97645e-10 
           4     -2.02225 -2.62155e-07  8.55097e-08  5.77151e-05  4.61695e-09 -1.32967e-09  5.22984e-10 
           4      -1.9999 -2.61898e-07  8.75896e-08  5.77151e-05  4.61891e-09 -1.36033e-09  5.49293e-10 
           4      -1.9773 -2.61627e-07   8.9693e-08  5.77151e-05  4.62064e-09 -1.39125e-09  5.76601e-10 
           4     -1.95445 -2.61342e-07  9.18198e-08  5.77151e-05  4.62215e-09 -1.42242e-09  6.04935e-10 
           4     -1.93134 -2.61043e-07    9.397e-08  5.77151e-05  4.62344e-09 -1.45385e-09  6.34322e-10 
           4     -1.90799  -2.6073e-07  9.61434e-08  5.77151e-05  4.62451e-09  -1.4855e-09   6.6479e-10 
           4     -1.88438 -2.60405e-07  9.83401e-08  5.77151e-05  4.62536e-09 -1.51739e-09  6.96367e-10 
           4     -1.86051 -2.60066e-07   1.0056e-07  5.77151e-05  4.62598e-09 -1.54949e-09   7.2908e-10 
           4     -1.83639 -2.59714e-07  1.02803e-07  5.77151e-05  4.62638e-09  -1.5818e-09  7.62967e-10 
           4     -1.81203  -2.5935e-07  1.05069e-07  5.77151e-05  4.62653e-09 -1.61431e-09  7.98042e-10 
           4     -1.78741 -2.58973e-07  1.07358e-07   5.7715e-05  4.62642e-09 -1.64699e-09   8.3434e-10 
           4     -1.76253 -2.58584e-07   1.0967e-07   5.7715e-05  4.62602e-09 -1.67984e-09   8.7189e-10 
           4     -1.73741 -2.58182e-07  1.12004e-07   5.7715e-05  4.62532e-09 -1.71285e-09  9.10723e-10 
           4     -1.71203 -2.57768e-07  1.14361e-07   5.7715e-05  4.62429e-09 -1.74599e-09   9.5087e-10 
           4      -1.6864 -2.57341e-07  1.16741e-07   5.7715e-05  4.62289e-09 -1.77925e-09  9.92358e-10 
           4     -1.66052 -2.56903e-07  1.19143e-07   5.7715e-05  4.62109e-09 -1.81261e-09  1.03522e-09 
           4     -1.63438 -2.56453e-07  1.21569e-07   5.7715e-05  4.61885e-09 -1.84605e-09  1.07949e-09 
           4     -1.60799 -2.55991e-07  1.24016e-07   5.7715e-05  4.61612e-09 -1.87953e-09  1.12518e-09 
           4     -1.58135 -2.55518e-07  1.26487e-07  5.77149e-05  4.61286e-09 -1.91305e-09  1.17233e-09 
           4     -1.55446 -2.55034e-07  1.28979e-07  5.77149e-05  4.60902e-09 -1.94657e-09  1.22097e-09 
           4     -1.52731 -2.54538e-07  1.31495e-07  5.77149e-05  4.60455e-09 -1.98007e-09  1.27114e-09 
           4     -1.49992 -2.54033e-07  1.34033e-07  5.77149e-05  4.59939e-09 -2.01351e-09  1.32284e-09 
           4     -1.47227 -2.53516e-07  1.36594e-07  5.77148e-05  4.59349e-09 -2.04686e-09  1.37612e-09 
           4     -1.44436  -2.5299e-07  1.39177e-07  5.77148e-05  4.58679e-09  -2.0801e-09  1.43101e-09 
           4      -1.4162 -2.52454e-07  1.41784e-07  5.77148e-05   4.5792e-09  -2.1132e-09  1.48753e-09 
           4     -1.38779 -2.51908e-07  1.44413e-07  5.77147e-05  4.57068e-09  -2.1461e-09  1.54569e-09 
           4     -1.35913 -2.51352e-07  1.47066e-07  5.77147e-05  4.56113e-09 -2.17878e-09  1.60554e-09 
           4     -1.33022 -2.50787e-07  1.49741e-07  5.77147e-05  4.55048e-09 -2.21119e-09  1.66709e-09 
           4     -1.30106 -2.50212e-07   1.5244e-07  5.77146e-05  4.53863e-09  -2.2433e-09  1.73036e-09 
           4     -1.27164 -2.49627e-07  1.55163e-07  5.77146e-05  4.52548e-09 -2.27507e-09  1.79538e-09 
           4     -1.24197 -2.49031e-07  1.57908e-07  5.77145e-05  4.51091e-09 -2.30644e-09  1.86217e-09 
           4     -1.21205 -2.48424e-07  1.60678e-07  5.77145e-05   4.4948e-09 -2.33738e-09  1.93074e-09 
           4     -1.18186 -2.47805e-07  1.63471e-07  5.77144e-05  4.47701e-09 -2.36785e-09  2.00113e-09 
           4     -1.15144 -2.47172e-07  1.66288e-07  5.77144e-05  4.45737e-09 -2.39777e-09  2.07332e-09 
           4     -1.12076 -2.46523e-07  1.69127e-07  5.77143e-05  4.43569e-09 -2.42711e-09  2.14734e-09 
           4     -1.08982 -2.45858e-07   1.7199e-07  5.77142e-05  4.41175e-09 -2.45581e-09  2.22319e-09 
           4     -1.05864 -2.45171e-07  1.74876e-07  5.77142e-05  4.38529e-09  -2.4838e-09  2.30089e-09 
           4      -1.0272 -2.44462e-07  1.77783e-07  5.77141e-05  4.35602e-09 -2.51102e-09  2.38042e-09 
           4    -0.995511 -2.43727e-07  1.80712e-07   5.7714e-05  4.32361e-09 -2.53741e-09  2.46179e-09 
           4    -0.963568  -2.4296e-07  1.83661e-07   5.7714e-05  4.28764e-09 -2.56288e-09  2.54498e-09 
           4    -0.931366 -2.42158e-07  1.86629e-07  5.77139e-05  4.24765e-09 -2.58737e-09     2.63e-09 
           4    -0.898919 -2.41314e-07  1.89613e-07  5.77138e-05  4.20309e-09 -2.61076e-09  2.71677e-09 
           4    -0.866218 -2.40423e-07  1.92612e-07  5.77137e-05  4.15334e-09 -2.63297e-09  2.80528e-09 
           4    -0.833265 -2.39478e-07  1.95623e-07  5.77136e-05  4.09767e-09  -2.6539e-09  2.89547e-09 
           4     -0.80006 -2.38469e-07  1.98642e-07  5.77135e-05  4.03522e-09 -2.67342e-09  2.98727e-09 
           4    -0.766602  -2.3739e-07  2.01665e-07  5.77134e-05  3.96505e-09 -2.69141e-09  3.08059e-09 
           4    -0.732892  -2.3623e-07  2.04688e-07  5.77133e-05  3.88604e-09 -2.70771e-09  3.17532e-09 
           4    -0.698929 -2.34978e-07  2.07704e-07  5.77132e-05  3.79703e-09 -2.72222e-09  3.27131e-09 
           4    -0.664707 -2.33622e-07  2.10707e-07  5.77131e-05  3.69664e-09 -2.73474e-09   3.3684e-09 
           4    -0.630239 -2.32149e-07  2.13688e-07   5.7713e-05  3.58356e-09 -2.74512e-09  3.46632e-09 
           4    -0.595518 -2.30546e-07  2.16638e-07  5.77129e-05  3.45638e-09 -2.75321e-09  3.56482e-09 
           4    -0.560545 -2.28798e-07  2.19544e-07  5.77128e-05  3.31395e-09 -2.75886e-09  3.66356e-09 
           4     -0.52532 -2.26887e-07  2.22395e-07  5.77126e-05  3.15541e-09 -2.76196e-09   3.7621e-09 
           4    -0.489842   -2.248e-07  2.25173e-07  5.77125e-05  2.98073e-09 -2.76248e-09  3.85994e-09 
           4    -0.454111 -2.22521e-07  2.27861e-07  5.77124e-05  2.79118e-09 -2.76049e-09  3.95646e-09 
           4    -0.418128 -2.20038e-07  2.30435e-07  5.77122e-05  2.59023e-09 -2.75621e-09  4.05088e-09 
           4    -0.381885 -2.17344e-07  2.32871e-07  5.77121e-05  2.38479e-09 -2.75019e-09  4.14231e-09 
           4    -0.345397 -2.14443e-07  2.35136e-07   5.7712e-05  2.18713e-09 -2.74336e-09  4.22958e-09 
           4    -0.308657 -2.11354e-07  2.37195e-07  5.77118e-05  2.01705e-09 -2.73718e-09  4.31137e-09 
           4    -0.271664 -2.08125e-07  2.39003e-07  5.77117e-05  1.90526e-09 -2.73395e-09   4.3861e-09 
           4    -0.234418 -2.04838e-07  2.40509e-07  5.77115e-05  1.89723e-09 -2.73695e-09  4.45188e-09 
           4     -0.19692 -2.01629e-07  2.41655e-07  5.77113e-05   2.0575e-09 -2.75067e-09  4.50653e-09 
           4     -0.15917 -1.98701e-07  2.42369e-07  5.77112e-05   2.4739e-09 -2.78098e-09  4.54755e-09 
           4    -0.121166 -1.96335e-07  2.42572e-07   5.7711e-05  3.26025e-09 -2.83512e-09  4.57218e-09 
           4    -0.082903 -1.94899e-07  2.42175e-07  5.77108e-05  4.55607e-09 -2.92147e-09   4.5775e-09 
           4    -0.044395 -1.94839e-07  2.41081e-07  5.77107e-05  6.51891e-09 -3.04886e-09  4.56054e-09 
           4    -0.005634 -1.96655e-07  2.39191e-07  5.77105e-05  9.31049e-09 -3.22567e-09  4.51862e-09 
           4     0.033379 -2.00845e-07  2.36407e-07  5.77103e-05  1.30697e-08 -3.45837e-09  4.44959e-09 
           4     0.072644 -2.07832e-07  2.32645e-07  5.77101e-05  1.78765e-08 -3.74989e-09  4.35241e-09 
           4     0.112163 -2.17921e-07   2.2784e-07  5.77099e-05  2.37132e-08  -4.0991e-09  4.22726e-09 
           4     0.151933 -2.31118e-07  2.21996e-07  5.77097e-05  3.04233e-08 -4.49946e-09  4.07759e-09 
           4     0.191957 -2.47101e-07  2.15082e-07  5.77095e-05  3.76995e-08 -4.93627e-09  3.90561e-09 
           4      0.23224 -2.65402e-07  2.07246e-07  5.77093e-05  4.51155e-08 -5.40073e-09  3.72075e-09 
           4     0.272769 -2.84234e-07  1.98428e-07   5.7709e-05  5.21694e-08 -5.85452e-09  3.52313e-09 
           4     0.313549 -3.01482e-07  1.88878e-07  5.77088e-05  5.81358e-08 -6.25313e-09  3.32426e-09 
           4     0.354583 -3.17355e-07  1.78766e-07  5.77086e-05  6.27776e-08  -6.6067e-09  3.13068e-09 
           4     0.395868 -3.31925e-07  1.68296e-07  5.77084e-05  6.60789e-08 -6.92696e-09  2.94901e-09 
           4     0.437407 -3.45175e-07  1.57618e-07  5.77081e-05  6.81101e-08 -7.22074e-09  2.78374e-09 
           4     0.479197 -3.57003e-07   1.4684e-07  5.77079e-05  6.90004e-08 -7.49092e-09  2.63755e-09 
           4     0.521241  -3.6723e-07  1.36037e-07  5.77077e-05  6.89144e-08 -7.73751e-09   2.5117e-09 
           4     0.563545 -3.75609e-07  1.25258e-07  5.77075e-05  6.80293e-08 -7.95851e-09  2.40633e-09 
           4     0.606093 -3.81828e-07   1.1454e-07  5.77073e-05  6.65185e-08 -8.15071e-09  2.32083e-09 
           4     0.648894 -3.85539e-07  1.03904e-07  5.77071e-05  6.45357e-08 -8.31074e-09  2.25408e-09 
           4     0.691948 -3.86356e-07   9.3368e-08  5.77069e-05   6.2206e-08 -8.43555e-09  2.20472e-09 
           4     0.735253 -3.83883e-07  8.29521e-08  5.77068e-05  5.96216e-08 -8.52304e-09  2.17142e-09 
           4     0.778812 -3.77564e-07  7.26292e-08  5.77067e-05  5.68512e-08 -8.57282e-09  2.15155e-09 
           4     0.822623 -3.67006e-07  6.24403e-08  5.77066e-05  5.39723e-08 -8.58301e-09  2.14419e-09 
           4     0.866686 -3.52022e-07  5.24632e-08  5.77065e-05  5.09929e-08 -8.55674e-09  2.14982e-09 
           4     0.911011 -3.32422e-07  4.27185e-08  5.77065e-05  4.79466e-08  -8.4973e-09  2.16751e-09 
           4     0.955579 -3.08205e-07  3.32102e-08  5.77065e-05  4.48909e-08 -8.41016e-09  2.19592e-09 
           4       1.0004 -2.79592e-07  2.38992e-08  5.77066e-05  4.19332e-08 -8.30318e-09  2.23305e-09 
           4      1.04547  -2.4694e-07  1.48078e-08  5.77067e-05  3.91117e-08 -8.18079e-09  2.27731e-09 
           4       1.0908 -2.10424e-07  6.09568e-09  5.77069e-05  3.62272e-08 -8.02756e-09  2.32956e-09 
           4      1.13638 -1.70945e-07 -2.36699e-09  5.77071e-05  3.34142e-08 -7.85457e-09  2.38784e-09 
           4      1.18221 -1.29243e-07  -1.0575e-08  5.77074e-05  3.06874e-08 -7.66332e-09  2.45088e-09 
           4      1.22829  -8.5991e-08 -1.85193e-08  5.77077e-05  2.80553e-08 -7.45467e-09  2.51777e-09 
           4      1.27464 -4.17913e-08 -2.61326e-08  5.77081e-05   2.5552e-08  -7.2321e-09  2.58498e-09 
           4      1.32123  2.69419e-09 -3.34606e-08  5.77085e-05  2.31695e-08 -6.99627e-09  2.65291e-09 
           4      1.36807  4.68624e-08 -4.04977e-08   5.7709e-05  2.09068e-08 -6.74618e-09  2.72109e-09 
           4      1.41516  9.01563e-08 -4.72304e-08  5.77096e-05  1.87647e-08 -6.48216e-09   2.7885e-09 
           4      1.46251  1.32076e-07 -5.36519e-08  5.77102e-05  1.67447e-08  -6.2048e-09  2.85427e-09 
           4      1.51011  1.72182e-07 -5.97606e-08  5.77109e-05  1.48488e-08  -5.9149e-09   2.9176e-09 
           4      1.55796  2.10099e-07 -6.55582e-08  5.77116e-05  1.30793e-08 -5.61353e-09  2.97777e-09 
           4      1.60606  2.45524e-07 -7.10491e-08  5.77124e-05  1.14392e-08 -5.30198e-09  3.03413e-09 
           4      1.65443  2.78236e-07 -7.62384e-08  5.77132e-05  9.93108e-09 -4.98176e-09  3.08609e-09 
           4      1.70304  3.08077e-07 -8.11267e-08  5.77141e-05  8.55817e-09 -4.65485e-09  3.13311e-09 
           4       1.7519  3.34997e-07 -8.57135e-08  5.77151e-05  7.32221e-09 -4.32338e-09  3.17475e-09 
           4      1.80101  3.59034e-07 -8.99906e-08   5.7716e-05  6.22383e-09 -3.98998e-09  3.21066e-09 
           4      1.85038  3.80326e-07 -9.39401e-08  5.77171e-05  5.26156e-09 -3.65774e-09  3.24061e-09 
           4          1.9  3.99122e-07 -9.75322e-08  5.77182e-05  4.43085e-09 -3.33036e-09  3.26455e-09 
           4      1.94987  4.15462e-07 -1.00893e-07  5.77193e-05  3.72586e-09 -3.00919e-09  3.28192e-09 
           4            2  4.29345e-07 -1.03973e-07  5.77204e-05  3.13303e-09 -2.69467e-09  3.29334e-09 
           5           -3  6.87778e-21 -1.15645e-22  5.76753e-05 -2.77144e-15  1.29042e-17 -7.91235e-19 
           5     -2.99987 -3.32064e-10   8.9059e-15  5.76753e-05  1.46022e-14  1.12543e-17  -7.0764e-19 
           5      -2.9995 -1.33101e-09   1.4674e-13  5.76753e-05  2.60188e-13 -9.44359e-18 -4.79978e-19 
           5     -2.99886 -2.99448e-09  7.45045e-13  5.76753e-05  1.30697e-12 -1.90718e-16 -1.36591e-19 
           5     -2.99798 -5.32539e-09    2.355e-12  5.76753e-05  4.09371e-12 -1.08019e-15  5.59212e-19 
           5     -2.99684 -8.32106e-09  5.73835e-12  5.76753e-05  9.88892e-12 -4.08271e-15  3.00087e-18 
           5     -2.99546 -1.19834e-08  1.18687e-11  5.76753e-05  2.02657e-11 -1.20752e-14  1.19113e-17 
           5     -2.99381 -1.63081e-08  2.19104e-11  5.76754e-05  3.70329e-11 -3.01313e-14  3.96142e-17 
           5     -2.99192 -2.12944e-08  3.72265e-11  5.76754e-05  6.22097e-11 -6.63869e-14  1.13479e-16 
           5     -2.98977 -2.69345e-08  5.93416e-11  5.76754e-05   9.7922e-11 -1.32889e-13  2.87438e-16 
           5     -2.98738 -3.32236e-08  8.99601e-11  5.76754e-05   1.4639e-10 -2.46605e-13  6.59097e-16 
           5     -2.98472 -4.01516e-08  1.30926e-10  5.76754e-05  2.09818e-10 -4.30265e-13  1.39294e-15 
           5     -2.98182 -4.77031e-08  1.84191e-10  5.76754e-05  2.90304e-10  -7.1311e-13  2.75031e-15 
           5     -2.97866 -5.58619e-08  2.51827e-10  5.76754e-05   3.8982e-10 -1.13172e-12  5.12806e-15 
           5     -2.97525 -6.46113e-08  3.36017e-10  5.76754e-05  5.10166e-10 -1.73076e-12  9.10618e-15 
           5     -2.97159 -7.39256e-08  4.38963e-10  5.76754e-05  6.52803e-10 -2.56283e-12  1.54995e-14 
           5     -2.96768 -8.37823e-08  5.62994e-10  5.76754e-05  8.18987e-10 -3.68968e-12   2.5428e-14 
           5     -2.96351 -9.41419e-08  7.10295e-10  5.76754e-05  1.00939e-09 -5.17994e-12   4.0368e-14 
           5     -2.95909 -1.04972e-07    8.832e-10  5.76754e-05  1.22449e-09 -7.11161e-12  6.22523e-14 
           5     -2.95442  -1.1623e-07  1.08395e-09  5.76754e-05  1.46425e-09 -9.56938e-12  9.35326e-14 
           5      -2.9495 -1.27865e-07  1.31466e-09  5.76754e-05  1.72813e-09 -1.26435e-11  1.37254e-13 
           5     -2.94432 -1.39825e-07   1.5774e-09  5.76754e-05  2.01517e-09 -1.64293e-11  1.97145e-13 
           5     -2.93889 -1.52057e-07  1.87419e-09  5.76754e-05  2.32404e-09 -2.10266e-11  2.77711e-13 
           5     -2.93321 -1.64508e-07  2.20684e-09  5.76754e-05   2.6529e-09 -2.65358e-11   3.8428e-13 
           5     -2.92727 -1.77101e-07    2.577e-09  5.76754e-05  2.99952e-09  -3.3057e-11   5.2307e-13 
           5     -2.92109 -1.89776e-07  2.98601e-09  5.76754e-05  3.36119e-09 -4.06847e-11   7.0118e-13 
           5     -2.91465 -2.02468e-07  3.43532e-09  5.76754e-05  3.73516e-09 -4.95144e-11  9.26825e-13 
           5     -2.90796 -2.15101e-07  3.92574e-09  5.76754e-05  4.11809e-09 -5.96265e-11  1.20902e-12 
           5     -2.90101 -2.27606e-07  4.45822e-09  5.76754e-05   4.5067e-09 -7.10985e-11  1.55795e-12 
           5     -2.89382 -2.39916e-07  5.03332e-09  5.76754e-05  4.89748e-09 -8.39932e-11  1.98472e-12 
           5     -2.88637 -2.51958e-07  5.65124e-09  5.76754e-05  5.28679e-09 -9.83575e-11   2.5013e-12 
           5     -2.87867 -2.63667e-07  6.31203e-09  5.76754e-05  5.67105e-09 -1.14224e-10  3.12055e-12 
           5     -2.87071 -2.74983e-07  7.01575e-09  5.76755e-05   6.0469e-09 -1.31616e-10  3.85645e-12 
           5      -2.8625  -2.8584e-07  7.76161e-09  5.76755e-05  6.41078e-09 -1.50521e-10  4.72305e-12 
           5     -2.85405 -2.96185e-07  8.54902e-09  5.76755e-05  6.75957e-09 -1.70921e-10  5.73537e-12 
           5     -2.84533 -3.05971e-07  9.37718e-09  5.76755e-05  7.09042e-09 -1.92778e-10  6.90899e-12 
           5     -2.83637 -3.15155e-07  1.02449e-08  5.76755e-05   7.4007e-09 -2.16031e-10  8.25954e-12 
           5     -2.82715 -3.23702e-07  1.11509e-08  5.76755e-05   7.6882e-09 -2.40605e-10  9.80296e-12 
           5     -2.81768 -3.31585e-07  1.20941e-08  5.76755e-05  7.95115e-09 -2.66412e-10  1.15556e-11 
           5     -2.80796 -3.38783e-07  1.30725e-08  5.76755e-05  8.18805e-09 -2.93339e-10   1.3533e-11 
           5     -2.79799 -3.45288e-07  1.40851e-08  5.76755e-05  8.39804e-09 -3.21281e-10  1.57519e-11 
           5     -2.78776 -3.51092e-07  1.51295e-08  5.76755e-05  8.58045e-09 -3.50093e-10  1.82262e-11 
           5     -2.77728 -3.56203e-07  1.62045e-08  5.76755e-05  8.73528e-09 -3.79655e-10  2.09723e-11 
           5     -2.76655 -3.60633e-07  1.73082e-08  5.76755e-05  8.86282e-09 -4.09822e-10   2.4004e-11 
           5     -2.75556 -3.64402e-07  1.84392e-08  5.76755e-05  8.96383e-09 -4.40468e-10  2.73363e-11 
           5     -2.74433 -3.67538e-07  1.95956e-08  5.76755e-05  9.03938e-09 -4.71453e-10  3.09821e-11 
           5     -2.73284 -3.70074e-07  2.07763e-08  5.76755e-05  9.09093e-09 -5.02661e-10  3.49555e-11 
           5      -2.7211 -3.72048e-07  2.19796e-08  5.76755e-05  9.12016e-09 -5.33968e-10  3.92683e-11 
           5      -2.7091 -3.73503e-07  2.32049e-08  5.76755e-05  9.12903e-09 -5.65285e-10  4.39349e-11 
           5     -2.69685 -3.74487e-07  2.44504e-08  5.76754e-05  9.11966e-09  -5.9651e-10  4.89651e-11 
           5     -2.68435 -3.75047e-07  2.57155e-08  5.76754e-05  9.09432e-09 -6.27576e-10  5.43716e-11 
           5      -2.6716 -3.75235e-07  2.69996e-08  5.76754e-05  9.05534e-09 -6.58433e-10  6.01668e-11 
           5      -2.6586 -3.75101e-07  2.83022e-08  5.76754e-05  9.00507e-09 -6.89047e-10  6.63628e-11 
           5     -2.64534 -3.74697e-07  2.96229e-08  5.76754e-05  8.94584e-09   -7.194e-10  7.29715e-11 
           5     -2.63183 -3.74072e-07  3.09615e-08  5.76754e-05  8.87989e-09 -7.49495e-10  8.00056e-11 
           5     -2.61807 -3.73274e-07  3.23181e-08  5.76754e-05  8.80937e-09 -7.79353e-10  8.74787e-11 
           5     -2.60405 -3.72346e-07   3.3693e-08  5.76754e-05  8.73625e-09 -8.09016e-10   9.5406e-11 
           5     -2.58978 -3.71329e-07  3.50861e-08  5.76754e-05  8.66236e-09 -8.38523e-10    1.038e-10 
           5     -2.57526 -3.70262e-07  3.64981e-08  5.76753e-05  8.58929e-09  -8.6794e-10  1.12676e-10 
           5     -2.56049 -3.69176e-07  3.79294e-08  5.76753e-05  8.51843e-09 -8.97341e-10  1.22052e-10 
           5     -2.54547 -3.68099e-07  3.93808e-08  5.76753e-05  8.45095e-09 -9.26804e-10  1.31946e-10 
           5     -2.53019 -3.67056e-07  4.08527e-08  5.76753e-05  8.38779e-09 -9.56408e-10  1.42376e-10 
           5     -2.51466 -3.66066e-07   4.2346e-08  5.76753e-05  8.32965e-09  -9.8624e-10  1.53361e-10 
           5     -2.49888 -3.65142e-07  4.38613e-08  5.76752e-05  8.27705e-09 -1.01638e-09  1.64923e-10 
           5     -2.48284 -3.64295e-07  4.53998e-08  5.76752e-05  8.23027e-09 -1.04692e-09  1.77087e-10 
           5     -2.46656 -3.63532e-07  4.69614e-08  5.76752e-05  8.18947e-09 -1.07792e-09   1.8987e-10 
           5     -2.45002 -3.62856e-07  4.85472e-08  5.76752e-05  8.15459e-09 -1.10945e-09  2.03298e-10 
           5     -2.43322 -3.62266e-07  5.01578e-08  5.76751e-05  8.12547e-09 -1.14157e-09  2.17397e-10 
           5     -2.41618 -3.61761e-07  5.17938e-08  5.76751e-05  8.10183e-09 -1.17433e-09  2.32191e-10 
           5     -2.39888 -3.61333e-07  5.34557e-08  5.76751e-05  8.08328e-09 -1.20777e-09  2.47707e-10 
           5     -2.38133 -3.60979e-07  5.51441e-08   5.7675e-05   8.0694e-09 -1.24193e-09  2.63973e-10 
           5     -2.36353 -3.60688e-07  5.68592e-08   5.7675e-05  8.05971e-09 -1.27683e-09  2.81015e-10 
           5     -2.34547 -3.60454e-07  5.86018e-08  5.76749e-05  8.05369e-09 -1.31248e-09  2.98865e-10 
           5     -2.32716 -3.60267e-07  6.03715e-08  5.76749e-05  8.05084e-09 -1.34887e-09  3.17544e-10 
           5     -2.30861 -3.60118e-07  6.21688e-08  5.76748e-05  8.05066e-09 -1.38601e-09  3.37086e-10 
           5     -2.28979 -3.59999e-07  6.39939e-08  5.76748e-05  8.05267e-09 -1.42389e-09  3.57519e-10 
           5     -2.27073 -3.59901e-07   6.5847e-08  5.76747e-05  8.05642e-09 -1.46249e-09  3.78873e-10 
           5     -2.25141 -3.59816e-07  6.77281e-08  5.76747e-05  8.06152e-09  -1.5018e-09  4.01176e-10 
           5     -2.23184 -3.59737e-07  6.96372e-08  5.76746e-05  8.06759e-09 -1.54178e-09  4.24461e-10 
           5     -2.21202 -3.59659e-07  7.15742e-08  5.76746e-05  8.07432e-09 -1.58242e-09  4.48757e-10 
           5     -2.19194 -3.59577e-07  7.35397e-08  5.76745e-05  8.08143e-09  -1.6237e-09  4.74101e-10 
           5     -2.17161 -3.59485e-07  7.55326e-08  5.76744e-05   8.0887e-09 -1.66557e-09  5.00513e-10 
           5     -2.15103 -3.59379e-07  7.75533e-08  5.76743e-05  8.09594e-09 -1.70803e-09  5.28032e-10 
           5      -2.1302 -3.59258e-07  7.96017e-08  5.76743e-05  8.10301e-09 -1.75104e-09  5.56687e-10 
           5     -2.10912 -3.59119e-07  8.16776e-08  5.76742e-05  8.10977e-09 -1.79458e-09  5.86513e-10 
           5     -2.08778 -3.58959e-07  8.37809e-08  5.76741e-05  8.11615e-09 -1.83862e-09  6.17542e-10 
           5     -2.06619 -3.58777e-07  8.59112e-08   5.7674e-05  8.12206e-09 -1.88316e-09  6.49809e-10 
           5     -2.04435 -3.58573e-07  8.80684e-08  5.76739e-05  8.12747e-09 -1.92816e-09  6.83345e-10 
           5     -2.02225 -3.58345e-07  9.02525e-08  5.76738e-05  8.13234e-09 -1.97361e-09  7.18194e-10 
           5      -1.9999 -3.58092e-07  9.24626e-08  5.76737e-05  8.13662e-09 -2.01949e-09  7.54378e-10 
           5      -1.9773 -3.57814e-07  9.46985e-08  5.76736e-05   8.1403e-09 -2.06578e-09  7.91936e-10 
           5     -1.95445 -3.57511e-07  9.69597e-08  5.76735e-05  8.14334e-09 -2.11245e-09  8.30904e-10 
           5     -1.93134  -3.5718e-07   9.9246e-08  5.76734e-05  8.14573e-09 -2.15951e-09  8.71318e-10 
           5     -1.90799 -3.56823e-07  1.01557e-07  5.76733e-05  8.14742e-09 -2.20691e-09  9.13214e-10 
           5     -1.88438 -3.56438e-07  1.03891e-07  5.76732e-05  8.14839e-09 -2.25464e-09  9.56628e-10 
           5     -1.86051 -3.56025e-07  1.06248e-07   5.7673e-05  8.14858e-09 -2.30268e-09   1.0016e-09 
           5     -1.83639 -3.55582e-07  1.08629e-07  5.76729e-05  8.14796e-09 -2.35101e-09  1.04816e-09 
           5     -1.81203 -3.55108e-07   1.1103e-07  5.76728e-05  8.14645e-09 -2.39959e-09  1.09635e-09 
           5     -1.78741 -3.54604e-07  1.13452e-07  5.76726e-05  8.14401e-09 -2.44839e-09  1.14619e-09 
           5     -1.76253 -3.54067e-07  1.15894e-07  5.76725e-05  8.14057e-09 -2.49738e-09  1.19773e-09 
           5     -1.73741 -3.53497e-07  1.18354e-07  5.76723e-05  8.13603e-09 -2.54652e-09    1.251e-09 
           5     -1.71203 -3.52894e-07  1.20832e-07  5.76722e-05  8.13034e-09 -2.59578e-09  1.30603e-09 
           5      -1.6864 -3.52256e-07  1.23326e-07   5.7672e-05  8.12342e-09 -2.64511e-09  1.36286e-09 
           5     -1.66052 -3.51584e-07  1.25835e-07  5.76718e-05  8.11517e-09 -2.69447e-09  1.42151e-09 
           5     -1.63438 -3.50876e-07  1.28357e-07  5.76716e-05  8.10551e-09 -2.74382e-09  1.48203e-09 
           5     -1.60799 -3.50132e-07  1.30892e-07  5.76714e-05  8.09435e-09 -2.79309e-09  1.54443e-09 
           5     -1.58135 -3.49354e-07  1.33436e-07  5.76713e-05  8.08162e-09 -2.84224e-09  1.60875e-09 
           5     -1.55446 -3.48541e-07   1.3599e-07  5.76711e-05  8.06722e-09 -2.89121e-09    1.675e-09 
           5     -1.52731 -3.47693e-07  1.38551e-07  5.76708e-05  8.05107e-09 -2.93995e-09  1.74322e-09 
           5     -1.49992 -3.46812e-07  1.41117e-07  5.76706e-05   8.0331e-09 -2.98839e-09  1.81343e-09 
           5     -1.47227   -3.459e-07  1.43687e-07  5.76704e-05  8.01322e-09 -3.03649e-09  1.88565e-09 
           5     -1.44436 -3.44957e-07  1.46259e-07  5.76702e-05  7.99137e-09 -3.08417e-09   1.9599e-09 
           5      -1.4162 -3.43985e-07  1.48832e-07  5.76699e-05  7.96746e-09 -3.13139e-09  2.03621e-09 
           5     -1.38779 -3.42987e-07  1.51402e-07  5.76697e-05  7.94143e-09 -3.17807e-09  2.11457e-09 
           5     -1.35913 -3.41965e-07  1.53969e-07  5.76694e-05   7.9132e-09 -3.22416e-09  2.19501e-09 
           5     -1.33022 -3.40922e-07  1.56532e-07  5.76692e-05  7.88271e-09 -3.26959e-09  2.27753e-09 
           5     -1.30106  -3.3986e-07  1.59087e-07  5.76689e-05  7.84986e-09 -3.31432e-09  2.36215e-09 
           5     -1.27164 -3.38783e-07  1.61634e-07  5.76686e-05  7.81456e-09 -3.35829e-09  2.44887e-09 
           5     -1.24197 -3.37693e-07  1.64171e-07  5.76683e-05  7.77671e-09 -3.40143e-09  2.53769e-09 
           5     -1.21205 -3.36593e-07  1.66698e-07   5.7668e-05   7.7362e-09 -3.44371e-09  2.62862e-09 
           5     -1.18186 -3.35485e-07  1.69212e-07  5.76677e-05  7.69286e-09 -3.48509e-09  2.72167e-09 
           5     -1.15144 -3.34372e-07  1.71713e-07  5.76674e-05  7.64653e-09  -3.5255e-09   2.8168e-09 
           5     -1.12076 -3.33255e-07  1.74201e-07  5.76671e-05  7.59698e-09 -3.56491e-09  2.91402e-09 
           5     -1.08982 -3.32132e-07  1.76674e-07  5.76668e-05  7.54392e-09 -3.60328e-09  3.01333e-09 
           5     -1.05864 -3.31003e-07  1.79133e-07  5.76664e-05  7.48698e-09 -3.64056e-09  3.11469e-09 
           5      -1.0272 -3.29865e-07  1.81579e-07  5.76661e-05  7.42578e-09 -3.67672e-09   3.2181e-09 
           5    -0.995511 -3.28712e-07  1.84011e-07  5.76657e-05  7.35979e-09 -3.71173e-09  3.32353e-09 
           5    -0.963568 -3.27536e-07   1.8643e-07  5.76653e-05  7.28836e-09 -3.74553e-09  3.43095e-09 
           5    -0.931366 -3.26326e-07  1.88838e-07   5.7665e-05  7.21075e-09 -3.77809e-09  3.54034e-09 
           5    -0.898919 -3.25068e-07  1.91234e-07  5.76646e-05  7.12607e-09 -3.80932e-09   3.6516e-09 
           5    -0.866218 -3.23743e-07  1.93621e-07  5.76642e-05  7.03328e-09 -3.83918e-09  3.76471e-09 
           5    -0.833265 -3.22328e-07     1.96e-07  5.76638e-05  6.93118e-09 -3.86759e-09  3.87958e-09 
           5     -0.80006 -3.20794e-07   1.9837e-07  5.76633e-05  6.81837e-09 -3.89442e-09  3.99612e-09 
           5    -0.766602 -3.19108e-07  2.00732e-07  5.76629e-05  6.69334e-09 -3.91958e-09  4.11422e-09 
           5    -0.732892  -3.1723e-07  2.03085e-07  5.76625e-05  6.55431e-09 -3.94291e-09  4.23373e-09 
           5    -0.698929 -3.15117e-07  2.05428e-07   5.7662e-05  6.39951e-09 -3.96425e-09  4.35448e-09 
           5    -0.664707 -3.12713e-07  2.07757e-07  5.76616e-05  6.22688e-09 -3.98341e-09  4.47626e-09 
           5    -0.630239 -3.09964e-07  2.10067e-07  5.76611e-05  6.03458e-09 -4.00019e-09  4.59875e-09 
           5    -0.595518 -3.06802e-07   2.1235e-07  5.76606e-05  5.82068e-09 -4.01436e-09  4.72165e-09 
           5    -0.560545 -3.03155e-07  2.14599e-07  5.76601e-05  5.58368e-09 -4.02573e-09  4.84454e-09 
           5     -0.52532 -2.98944e-07  2.16799e-07  5.76596e-05   5.3226e-09 -4.03411e-09  4.96693e-09 
           5    -0.489842 -2.94082e-07  2.18936e-07  5.76591e-05  5.03759e-09  -4.0394e-09  5.08821e-09 
           5    -0.454111 -2.88474e-07  2.20991e-07  5.76586e-05  4.73051e-09 -4.04161e-09  5.20765e-09 
           5    -0.418128 -2.82018e-07  2.22941e-07  5.76581e-05  4.40588e-09 -4.04091e-09  5.32436e-09 
           5    -0.381885 -2.74607e-07  2.24758e-07  5.76575e-05  4.07228e-09 -4.03782e-09   5.4373e-09 
           5    -0.345397 -2.66134e-07  2.26411e-07   5.7657e-05  3.74439e-09 -4.03326e-09  5.54517e-09 
           5    -0.308657 -2.56487e-07  2.27864e-07  5.76564e-05  3.44512e-09 -4.02871e-09  5.64649e-09 
           5    -0.271664 -2.45567e-07  2.29076e-07  5.76559e-05  3.20913e-09  -4.0265e-09  5.73951e-09 
           5    -0.234418 -2.33293e-07  2.29998e-07  5.76553e-05  3.08657e-09 -4.02998e-09  5.82218e-09 
           5     -0.19692 -2.19621e-07  2.30577e-07  5.76548e-05  3.14737e-09 -4.04374e-09  5.89217e-09 
           5     -0.15917 -2.04562e-07  2.30754e-07  5.76542e-05  3.48537e-09 -4.07387e-09  5.94685e-09 
           5    -0.121166 -1.88207e-07   2.3046e-07  5.76536e-05  4.22123e-09   -4.128e-09  5.98336e-09 
           5    -0.082903 -1.70754e-07  2.29622e-07   5.7653e-05  5.50256e-09 -4.21524e-09  5.99863e-09 
           5    -0.044395 -1.52543e-07  2.28159e-07  5.76525e-05  7.49771e-09 -4.34572e-09  5.98958e-09 
           5    -0.005634 -1.34049e-07  2.25987e-07  5.76519e-05  1.03842e-08 -4.52992e-09   5.9533e-09 
           5     0.033379 -1.15902e-07  2.23019e-07  5.76513e-05  1.43248e-08 -4.77747e-09  5.88737e-09 
           5     0.072644 -9.88491e-08  2.19173e-07  5.76507e-05  1.94352e-08 -5.09562e-09  5.79025e-09 
           5     0.112163 -8.37439e-08  2.14376e-07  5.76502e-05  2.57457e-08 -5.48846e-09  5.66144e-09 
           5     0.151933 -7.13826e-08  2.08582e-07  5.76496e-05  3.31578e-08 -5.95481e-09  5.50316e-09 
           5     0.191957 -6.24376e-08   2.0174e-07   5.7649e-05  4.14207e-08 -6.48368e-09  5.31665e-09 
           5      0.23224 -5.74921e-08  1.93885e-07  5.76485e-05  5.01303e-08 -7.06423e-09  5.10881e-09 
           5     0.272769 -5.60941e-08  1.84994e-07   5.7648e-05  5.87525e-08 -7.65468e-09  4.88101e-09 
           5     0.313549 -5.71513e-08  1.75193e-07  5.76475e-05   6.6539e-08 -8.20533e-09  4.64535e-09 
           5     0.354583 -6.08503e-08  1.64649e-07   5.7647e-05  7.30347e-08 -8.71302e-09  4.41003e-09 
           5     0.395868 -6.69575e-08  1.53527e-07  5.76465e-05  7.80501e-08 -9.18329e-09  4.18358e-09 
           5     0.437407  -7.5016e-08  1.41976e-07   5.7646e-05  8.15373e-08 -9.61764e-09  3.97246e-09 
           5     0.479197 -8.44073e-08  1.30125e-07  5.76456e-05  8.35551e-08 -1.00145e-08  3.78127e-09 
           5     0.521241 -9.44128e-08  1.18086e-07  5.76452e-05  8.42379e-08 -1.03705e-08  3.61291e-09 
           5     0.563545 -1.04267e-07  1.05951e-07  5.76449e-05  8.37664e-08 -1.06811e-08  3.46882e-09 
           5     0.606093 -1.13202e-07  9.37995e-08  5.76446e-05  8.23428e-08 -1.09415e-08  3.34922e-09 
           5     0.648894 -1.20495e-07  8.16888e-08  5.76443e-05  8.01679e-08 -1.11477e-08  3.25327e-09 
           5     0.691948 -1.25498e-07  6.96644e-08  5.76441e-05  7.74249e-08 -1.12967e-08  3.17935e-09 
           5     0.735253 -1.27658e-07  5.77607e-08  5.76439e-05  7.42678e-08 -1.13873e-08  3.12536e-09 
           5     0.778812 -1.26532e-07  4.60022e-08  5.76437e-05  7.08157e-08   -1.142e-08  3.08896e-09 
           5     0.822623 -1.21778e-07  3.44109e-08  5.76436e-05  6.71548e-08 -1.13973e-08  3.06784e-09 
           5     0.866686 -1.12668e-07  2.30169e-08  5.76436e-05   6.3421e-08 -1.13312e-08  3.06146e-09 
           5     0.911011 -9.94419e-08  1.18685e-08  5.76436e-05  5.96257e-08 -1.12186e-08   3.0686e-09 
           5     0.955579 -8.21353e-08  9.99165e-10  5.76437e-05  5.58132e-08 -1.10687e-08  3.08786e-09 
           5       1.0004 -6.08043e-08 -9.58044e-09  5.76438e-05  5.20708e-08 -1.08918e-08    3.118e-09 
           5      1.04547  -3.5565e-08  -1.9875e-08  5.76441e-05  4.85504e-08 -1.07013e-08  3.15751e-09 
           5       1.0908 -6.71698e-09 -2.98916e-08  5.76443e-05  4.51261e-08 -1.04944e-08  3.20512e-09 
           5      1.13638  2.49873e-08 -3.95801e-08  5.76447e-05  4.17025e-08  -1.0251e-08   3.2607e-09 
           5      1.18221  5.88603e-08 -4.89352e-08  5.76451e-05  3.83429e-08 -9.98011e-09  3.32229e-09 
           5      1.22829  9.42425e-08 -5.79527e-08  5.76456e-05  3.50859e-08 -9.68581e-09  3.38777e-09 
           5      1.27464   1.3051e-07 -6.66276e-08  5.76461e-05  3.19568e-08 -9.37108e-09  3.45537e-09 
           5      1.32123  1.67053e-07 -7.49503e-08  5.76467e-05  2.89727e-08 -9.03822e-09  3.52354e-09 
           5      1.36807  2.03341e-07  -8.2905e-08  5.76474e-05  2.61516e-08 -8.68909e-09  3.59044e-09 
           5      1.41516  2.38769e-07 -9.04842e-08  5.76482e-05  2.34896e-08 -8.32556e-09  3.65527e-09 
           5      1.46251  2.72797e-07 -9.76998e-08   5.7649e-05  2.09812e-08 -7.94749e-09  3.71814e-09 
           5      1.51011  3.05008e-07  -1.0455e-07  5.76499e-05  1.86277e-08  -7.5559e-09  3.77813e-09 
           5      1.55796  3.35059e-07 -1.11032e-07  5.76509e-05  1.64311e-08 -7.15194e-09  3.83434e-09 
           5      1.60606  3.62688e-07 -1.17139e-07  5.76519e-05  1.43944e-08 -6.73708e-09  3.88596e-09 
           5      1.65443  3.87712e-07 -1.22867e-07   5.7653e-05  1.25223e-08 -6.31317e-09  3.93226e-09 
           5      1.70304  4.10008e-07 -1.28209e-07  5.76541e-05  1.08206e-08 -5.88282e-09  3.97258e-09 
           5       1.7519  4.29528e-07 -1.33168e-07  5.76553e-05  9.29221e-09 -5.44885e-09  4.00644e-09 
           5      1.80101  4.46261e-07 -1.37759e-07  5.76566e-05  7.93482e-09 -5.01448e-09   4.0335e-09 
           5      1.85038  4.60212e-07 -1.42011e-07  5.76579e-05  6.73562e-09 -4.58301e-09   4.0537e-09 
           5          1.9  4.71569e-07 -1.45913e-07  5.76592e-05  5.68808e-09 -4.15582e-09   4.0661e-09 
           5      1.94987  4.80976e-07 -1.49429e-07  5.76606e-05  4.81049e-09 -3.74262e-09  4.07092e-09 
           5            2  4.88447e-07 -1.52609e-07   5.7662e-05  4.08572e-09 -3.34553e-09  4.06982e-09 
           6           -3 -1.46578e-20  1.03866e-22  5.76418e-05 -3.72814e-15  1.85619e-17 -1.10356e-18 
           6     -2.99987 -4.88072e-10  9.84803e-15  5.76418e-05  2.38512e-14  1.63441e-17 -9.87005e-19 
           6      -2.9995 -1.95538e-09  1.64445e-13  5.76418e-05  4.20455e-13 -1.24955e-17 -6.69714e-19 
           6     -2.99886 -4.39565e-09  8.36623e-13  5.76418e-05  2.11564e-12 -2.68076e-16 -1.92532e-19 
           6     -2.99798 -7.80853e-09  2.64521e-12  5.76418e-05  6.63218e-12 -1.52562e-15  7.67728e-19 
           6     -2.99684 -1.21838e-08  6.44336e-12  5.76418e-05  1.60275e-11 -5.77508e-15  4.12895e-18 
           6     -2.99546 -1.75167e-08  1.33179e-11  5.76418e-05  3.28526e-11 -1.70934e-14  1.64039e-17 
           6     -2.99381 -2.37915e-08  2.45635e-11  5.76418e-05  6.00398e-11 -4.26745e-14  5.45984e-17 
           6     -2.99192 -3.09972e-08  4.16882e-11  5.76418e-05  1.00862e-10 -9.40597e-14  1.56493e-16 
           6     -2.98977 -3.91114e-08  6.63683e-11  5.76418e-05  1.58762e-10  -1.8835e-13  3.96537e-16 
           6     -2.98738 -4.81154e-08  1.00466e-10  5.76418e-05  2.37338e-10 -3.49641e-13  9.09467e-16 
           6     -2.98472 -5.79822e-08   1.4598e-10  5.76418e-05  3.40154e-10 -6.10245e-13  1.92231e-15 
           6     -2.98182 -6.86768e-08  2.05005e-10  5.76418e-05  4.70605e-10 -1.01175e-12  3.79573e-15 
           6     -2.97866 -8.01634e-08  2.79746e-10  5.76418e-05  6.31879e-10 -1.60624e-12  7.07721e-15 
           6     -2.97525 -9.24048e-08  3.72497e-10  5.76418e-05  8.26878e-10 -2.45734e-12  1.25667e-14 
           6     -2.97159 -1.05352e-07  4.85543e-10  5.76418e-05  1.05796e-09 -3.64007e-12  2.13876e-14 
           6     -2.96768  -1.1896e-07   6.2127e-10  5.76418e-05  1.32713e-09 -5.24257e-12  3.50836e-14 
           6     -2.96351 -1.33162e-07  7.81868e-10  5.76418e-05  1.63547e-09  -7.3629e-12  5.56882e-14 
           6     -2.95909 -1.47903e-07  9.69651e-10  5.76418e-05  1.98372e-09 -1.01126e-11  8.58628e-14 
           6     -2.95442 -1.63112e-07  1.18678e-09  5.76418e-05  2.37181e-09 -1.36129e-11  1.28981e-13 
           6      -2.9495 -1.78712e-07  1.43525e-09  5.76418e-05  2.79881e-09  -1.7993e-11  1.89229e-13 
           6     -2.94432 -1.94624e-07  1.71695e-09  5.76418e-05  3.26315e-09 -2.33899e-11  2.71734e-13 
           6     -2.93889 -2.10769e-07  2.03365e-09  5.76418e-05  3.76262e-09 -2.99465e-11   3.8268e-13 
           6     -2.93321 -2.27068e-07   2.3869e-09  5.76418e-05  4.29423e-09 -3.78073e-11  5.29377e-13 
           6     -2.92727 -2.43419e-07    2.778e-09  5.76418e-05  4.85432e-09 -4.71159e-11  7.20351e-13 
           6     -2.92109 -2.59736e-07  3.20788e-09  5.76418e-05  5.43847e-09 -5.80084e-11  9.65319e-13 
           6     -2.91465 -2.75932e-07  3.67756e-09  5.76418e-05  6.04219e-09 -7.06223e-11  1.27552e-12 
           6     -2.90796 -2.91907e-07  4.18736e-09  5.76418e-05  6.66003e-09 -8.50731e-11  1.66328e-12 
           6     -2.90101 -3.07576e-07  4.73769e-09  5.76418e-05  7.28669e-09 -1.01472e-10  2.14249e-12 
           6     -2.89382 -3.22851e-07  5.32854e-09  5.76419e-05  7.91643e-09  -1.1991e-10  2.72828e-12 
           6     -2.88637 -3.37647e-07  5.95953e-09  5.76419e-05  8.54337e-09 -1.40454e-10  3.43692e-12 
           6     -2.87867 -3.51885e-07  6.63011e-09  5.76419e-05  9.16171e-09  -1.6315e-10  4.28592e-12 
           6     -2.87071 -3.65494e-07   7.3397e-09  5.76419e-05  9.76599e-09 -1.88031e-10  5.29422e-12 
           6      -2.8625 -3.78402e-07   8.0869e-09  5.76419e-05  1.03505e-08 -2.15079e-10  6.48083e-12 
           6     -2.85405 -3.90552e-07  8.87049e-09  5.76419e-05  1.09102e-08 -2.44265e-10  7.86605e-12 
           6     -2.84533 -4.01897e-07  9.68909e-09  5.76419e-05  1.14405e-08 -2.75534e-10  9.47088e-12 
           6     -2.83637 -4.12393e-07  1.05409e-08  5.76418e-05  1.19373e-08 -3.08796e-10  1.13164e-11 
           6     -2.82715 -4.22012e-07  1.14243e-08  5.76418e-05  1.23969e-08  -3.4394e-10  1.34239e-11 
           6     -2.81768 -4.30734e-07  1.23374e-08  5.76418e-05  1.28167e-08 -3.80838e-10  1.58154e-11 
           6     -2.80796 -4.38549e-07   1.3278e-08  5.76418e-05  1.31942e-08 -4.19323e-10  1.85114e-11 
           6     -2.79799  -4.4546e-07  1.42447e-08  5.76418e-05  1.35282e-08 -4.59243e-10  2.15345e-11 
           6     -2.78776 -4.51475e-07  1.52348e-08  5.76418e-05  1.38177e-08 -5.00383e-10  2.49032e-11 
           6     -2.77728 -4.56619e-07  1.62468e-08  5.76418e-05  1.40628e-08 -5.42571e-10   2.8639e-11 
           6     -2.76655  -4.6092e-07  1.72787e-08  5.76418e-05   1.4264e-08 -5.85596e-10  3.27604e-11 
           6     -2.75556  -4.6442e-07   1.8329e-08  5.76418e-05  1.44228e-08 -6.29273e-10  3.72872e-11 
           6     -2.74433 -4.67165e-07  1.93959e-08  5.76418e-05  1.45408e-08   -6.734e-10  4.22364e-11 
           6     -2.73284 -4.69209e-07  2.04782e-08  5.76418e-05  1.46206e-08 -7.17807e-10  4.76268e-11 
           6      -2.7211 -4.70609e-07  2.15744e-08  5.76417e-05   1.4665e-08 -7.62319e-10  5.34739e-11 
           6      -2.7091 -4.71431e-07   2.2684e-08  5.76417e-05  1.46773e-08 -8.06808e-10  5.97969e-11 
           6     -2.69685 -4.71738e-07  2.38056e-08  5.76417e-05  1.46608e-08 -8.51128e-10  6.66089e-11 
           6     -2.68435   -4.716e-07  2.49389e-08  5.76417e-05  1.46194e-08 -8.95187e-10   7.3927e-11 
           6      -2.6716 -4.71082e-07  2.60836e-08  5.76417e-05  1.45568e-08 -9.38917e-10  8.17679e-11 
           6      -2.6586 -4.70252e-07  2.72396e-08  5.76416e-05  1.44768e-08 -9.82273e-10  9.01481e-11 
           6     -2.64534 -4.69174e-07  2.84068e-08  5.76416e-05  1.43833e-08 -1.02524e-09  9.90839e-11 
           6     -2.63183 -4.67908e-07  2.95856e-08  5.76416e-05  1.42797e-08 -1.06782e-09  1.08593e-10 
           6     -2.61807 -4.66513e-07  3.07763e-08  5.76415e-05  1.41696e-08 -1.11005e-09  1.18694e-10 
           6     -2.60405 -4.65039e-07  3.19799e-08  5.76415e-05   1.4056e-08 -1.15201e-09  1.29409e-10 
           6     -2.58978 -4.63534e-07  3.31964e-08  5.76415e-05  1.39419e-08 -1.19376e-09  1.40754e-10 
           6     -2.57526 -4.62039e-07   3.4427e-08  5.76414e-05  1.38298e-08  -1.2354e-09  1.52753e-10 
           6     -2.56049 -4.60587e-07  3.56725e-08  5.76414e-05  1.37218e-08 -1.27705e-09   1.6543e-10 
           6     -2.54547 -4.59208e-07  3.69339e-08  5.76413e-05  1.36197e-08 -1.31882e-09  1.78811e-10 
           6     -2.53019 -4.57923e-07   3.8212e-08  5.76413e-05   1.3525e-08 -1.36084e-09  1.92921e-10 
           6     -2.51466  -4.5675e-07  3.95077e-08  5.76412e-05  1.34386e-08 -1.40323e-09  2.07788e-10 
           6     -2.49888 -4.55699e-07   4.0822e-08  5.76412e-05  1.33614e-08 -1.44614e-09  2.23443e-10 
           6     -2.48284 -4.54775e-07   4.2156e-08  5.76411e-05  1.32937e-08 -1.48967e-09   2.3992e-10 
           6     -2.46656  -4.5398e-07    4.351e-08  5.76411e-05  1.32356e-08 -1.53394e-09  2.57245e-10 
           6     -2.45002 -4.53312e-07  4.48849e-08   5.7641e-05   1.3187e-08 -1.57904e-09  2.75456e-10 
           6     -2.43322 -4.52764e-07  4.62814e-08  5.76409e-05  1.31476e-08 -1.62507e-09  2.94586e-10 
           6     -2.41618 -4.52328e-07  4.76999e-08  5.76409e-05  1.31169e-08 -1.67211e-09  3.14673e-10 
           6     -2.39888 -4.51994e-07  4.91411e-08  5.76408e-05  1.30942e-08 -1.72021e-09  3.35754e-10 
           6     -2.38133 -4.51749e-07  5.06053e-08  5.76407e-05  1.30787e-08 -1.76942e-09  3.57867e-10 
           6     -2.36353 -4.51581e-07  5.20927e-08  5.76406e-05  1.30698e-08 -1.81978e-09  3.81051e-10 
           6     -2.34547 -4.51476e-07  5.36039e-08  5.76405e-05  1.30665e-08 -1.87131e-09  4.05349e-10 
           6     -2.32716 -4.51423e-07  5.51385e-08  5.76404e-05   1.3068e-08   -1.924e-09  4.30793e-10 
           6     -2.30861 -4.51407e-07  5.66968e-08  5.76403e-05  1.30736e-08 -1.97786e-09  4.57429e-10 
           6     -2.28979 -4.51419e-07  5.82788e-08  5.76402e-05  1.30824e-08 -2.03288e-09  4.85297e-10 
           6     -2.27073 -4.51446e-07  5.98847e-08  5.76401e-05  1.30937e-08 -2.08903e-09   5.1444e-10 
           6     -2.25141 -4.51479e-07  6.15141e-08    5.764e-05   1.3107e-08 -2.14628e-09  5.44899e-10 
           6     -2.23184  -4.5151e-07  6.31673e-08  5.76399e-05  1.31215e-08 -2.20462e-09  5.76718e-10 
           6     -2.21202 -4.51532e-07  6.48438e-08  5.76397e-05  1.31369e-08   -2.264e-09  6.09939e-10 
           6     -2.19194 -4.51538e-07  6.65441e-08  5.76396e-05  1.31526e-08 -2.32439e-09  6.44615e-10 
           6     -2.17161 -4.51523e-07  6.82673e-08  5.76395e-05  1.31683e-08 -2.38575e-09  6.80775e-10 
           6     -2.15103 -4.51483e-07  7.00135e-08  5.76393e-05  1.31837e-08 -2.44804e-09  7.18472e-10 
           6      -2.1302 -4.51415e-07  7.17825e-08  5.76392e-05  1.31985e-08 -2.51123e-09  7.57751e-10 
           6     -2.10912 -4.51316e-07  7.35742e-08   5.7639e-05  1.32124e-08 -2.57528e-09   7.9866e-10 
           6     -2.08778 -4.51184e-07  7.53883e-08  5.76388e-05  1.32253e-08 -2.64015e-09  8.41243e-10 
           6     -2.06619 -4.51016e-07  7.72246e-08  5.76387e-05  1.32371e-08 -2.70582e-09  8.85551e-10 
           6     -2.04435 -4.50812e-07  7.90827e-08  5.76385e-05  1.32476e-08 -2.77224e-09  9.31629e-10 
           6     -2.02225 -4.50571e-07  8.09629e-08  5.76383e-05  1.32566e-08 -2.83939e-09  9.79537e-10 
           6      -1.9999  -4.5029e-07   8.2864e-08  5.76381e-05   1.3264e-08 -2.90722e-09  1.02931e-09 
           6      -1.9773  -4.4997e-07  8.47859e-08  5.76379e-05  1.32698e-08 -2.97569e-09  1.08099e-09 
           6     -1.95445 -4.49608e-07  8.67281e-08  5.76377e-05  1.32738e-08 -3.04476e-09  1.13465e-09 
           6     -1.93134 -4.49203e-07  8.86902e-08  5.76375e-05  1.32758e-08 -3.11439e-09  1.19032e-09 
           6     -1.90799 -4.48754e-07  9.06716e-08  5.76373e-05  1.32758e-08 -3.18454e-09  1.24806e-09 
           6     -1.88438  -4.4826e-07  9.26715e-08   5.7637e-05  1.32735e-08 -3.25515e-09  1.30792e-09 
           6     -1.86051 -4.47718e-07  9.46893e-08  5.76368e-05  1.32688e-08 -3.32615e-09  1.36994e-09 
           6     -1.83639 -4.47128e-07  9.67244e-08  5.76365e-05  1.32615e-08 -3.39751e-09  1.43418e-09 
           6     -1.81203 -4.46486e-07  9.87752e-08  5.76363e-05  1.32515e-08 -3.46913e-09  1.50068e-09 
           6     -1.78741 -4.45793e-07  1.00841e-07   5.7636e-05  1.32386e-08 -3.54094e-09  1.56948e-09 
           6     -1.76253 -4.45045e-07   1.0292e-07  5.76357e-05  1.32225e-08 -3.61287e-09  1.64064e-09 
           6     -1.73741 -4.44241e-07  1.05012e-07  5.76354e-05  1.32031e-08 -3.68482e-09  1.71419e-09 
           6     -1.71203 -4.43379e-07  1.07116e-07  5.76351e-05  1.31801e-08 -3.75669e-09  1.79017e-09 
           6      -1.6864 -4.42458e-07  1.09229e-07  5.76348e-05  1.31535e-08  -3.8284e-09  1.86863e-09 
           6     -1.66052 -4.41478e-07   1.1135e-07  5.76345e-05   1.3123e-08 -3.89982e-09  1.94959e-09 
           6     -1.63438 -4.40435e-07  1.13478e-07  5.76341e-05  1.30884e-08 -3.97086e-09  2.03312e-09 
           6     -1.60799 -4.39331e-07  1.15611e-07  5.76338e-05  1.30496e-08 -4.04136e-09   2.1192e-09 
           6     -1.58135 -4.38164e-07  1.17748e-07  5.76334e-05  1.30064e-08  -4.1112e-09  2.20787e-09 
           6     -1.55446 -4.36934e-07  1.19887e-07  5.76331e-05  1.29587e-08 -4.18026e-09  2.29916e-09 
           6     -1.52731 -4.35641e-07  1.22026e-07  5.76327e-05  1.29065e-08 -4.24841e-09   2.3931e-09 
           6     -1.49992 -4.34287e-07  1.24165e-07  5.76323e-05  1.28496e-08 -4.31548e-09  2.48967e-09 
           6     -1.47227 -4.32872e-07  1.26301e-07  5.76319e-05  1.27881e-08 -4.38136e-09  2.58889e-09 
           6     -1.44436 -4.31397e-07  1.28434e-07  5.76315e-05  1.27219e-08  -4.4459e-09  2.69078e-09 
           6      -1.4162 -4.29864e-07  1.30563e-07   5.7631e-05  1.26511e-08 -4.50894e-09  2.79534e-09 
           6     -1.38779 -4.28276e-07  1.32688e-07  5.76306e-05  1.25757e-08 -4.57033e-09  2.90252e-09 
           6     -1.35913 -4.26633e-07  1.34807e-07  5.76301e-05  1.24959e-08 -4.62994e-09  3.01234e-09 
           6     -1.33022 -4.24941e-07  1.36922e-07  5.76297e-05  1.24118e-08 -4.68766e-09  3.12477e-09 
           6     -1.30106   -4.232e-07  1.39032e-07  5.76292e-05  1.23237e-08 -4.74334e-09   3.2398e-09 
           6     -1.27164 -4.21412e-07  1.41138e-07  5.76287e-05  1.22316e-08 -4.79686e-09   3.3574e-09 
           6     -1.24197 -4.19582e-07  1.43243e-07  5.76282e-05  1.21359e-08 -4.84813e-09  3.47753e-09 
           6     -1.21205 -4.17712e-07  1.45346e-07  5.76276e-05  1.20367e-08 -4.89706e-09  3.60017e-09 
           6     -1.18186 -4.15803e-07   1.4745e-07  5.76271e-05  1.19344e-08 -4.94359e-09   3.7253e-09 
           6     -1.15144 -4.13858e-07  1.49556e-07  5.76265e-05  1.18291e-08 -4.98765e-09  3.85282e-09 
           6     -1.12076 -4.11877e-07  1.51667e-07  5.76259e-05  1.17211e-08 -5.02923e-09  3.98271e-09 
           6     -1.08982 -4.09859e-07  1.53784e-07  5.76254e-05  1.16103e-08 -5.06831e-09  4.11492e-09 
           6     -1.05864 -4.07804e-07   1.5591e-07  5.76248e-05  1.14969e-08  -5.1049e-09   4.2494e-09 
           6      -1.0272 -4.05707e-07  1.58047e-07  5.76241e-05  1.13806e-08 -5.13908e-09  4.38607e-09 
           6    -0.995511 -4.03565e-07  1.60194e-07  5.76235e-05  1.12612e-08 -5.17092e-09  4.52487e-09 
           6    -0.963568 -4.01368e-07  1.62354e-07  5.76228e-05  1.11381e-08 -5.20055e-09  4.66573e-09 
           6    -0.931366 -3.99104e-07  1.64527e-07  5.76222e-05  1.10104e-08 -5.22811e-09  4.80858e-09 
           6    -0.898919 -3.96758e-07   1.6671e-07  5.76215e-05  1.08771e-08 -5.25372e-09  4.95325e-09 
           6    -0.866218 -3.94309e-07  1.68902e-07  5.76208e-05  1.07365e-08 -5.27763e-09  5.09969e-09 
           6    -0.833265 -3.91731e-07  1.71101e-07  5.76201e-05  1.05867e-08 -5.30005e-09  5.24774e-09 
           6     -0.80006 -3.88987e-07  1.73303e-07  5.76194e-05  1.04252e-08 -5.32117e-09  5.39725e-09 
           6    -0.766602 -3.86035e-07  1.75501e-07  5.76186e-05   1.0249e-08 -5.34123e-09  5.54805e-09 
           6    -0.732892 -3.82821e-07  1.77689e-07  5.76179e-05  1.00548e-08  -5.3604e-09  5.69993e-09 
           6    -0.698929 -3.79279e-07  1.79859e-07  5.76171e-05  9.83886e-09  -5.3789e-09  5.85264e-09 
           6    -0.664707  -3.7533e-07  1.82003e-07  5.76163e-05  9.59681e-09 -5.39677e-09  6.00592e-09 
           6    -0.630239 -3.70881e-07  1.84107e-07  5.76155e-05  9.32461e-09 -5.41411e-09  6.15936e-09 
           6    -0.595518 -3.65824e-07  1.86161e-07  5.76147e-05  9.01807e-09 -5.43087e-09  6.31259e-09 
           6    -0.560545 -3.60031e-07  1.88151e-07  5.76139e-05  8.67367e-09 -5.44696e-09  6.46512e-09 
           6     -0.52532 -3.53359e-07  1.90062e-07   5.7613e-05  8.28875e-09 -5.46217e-09  6.61637e-09 
           6    -0.489842 -3.45647e-07  1.91877e-07  5.76122e-05  7.86255e-09 -5.47632e-09  6.76566e-09 
           6    -0.454111 -3.36717e-07  1.93576e-07  5.76113e-05  7.39678e-09 -5.48919e-09  6.91214e-09 
           6    -0.418128 -3.26373e-07  1.95138e-07  5.76104e-05  6.89692e-09 -5.50064e-09   7.0548e-09 
           6    -0.381885 -3.14404e-07  1.96539e-07  5.76095e-05  6.37372e-09 -5.51081e-09  7.19248e-09 
           6    -0.345397 -3.00595e-07   1.9775e-07  5.76086e-05  5.84548e-09 -5.52019e-09  7.32366e-09 
           6    -0.308657 -2.84718e-07   1.9874e-07  5.76077e-05  5.33997e-09 -5.52985e-09  7.44668e-09 
           6    -0.271664 -2.66548e-07  1.99474e-07  5.76068e-05  4.89808e-09 -5.54176e-09  7.55953e-09 
           6    -0.234418 -2.45876e-07  1.99911e-07  5.76059e-05  4.57736e-09 -5.55899e-09  7.65992e-09 
           6     -0.19692 -2.22522e-07  2.00006e-07   5.7605e-05  4.45625e-09 -5.58608e-09  7.74519e-09 
           6     -0.15917 -1.96355e-07  1.99708e-07   5.7604e-05  4.63805e-09 -5.62926e-09  7.81239e-09 
           6    -0.121166 -1.67329e-07  1.98961e-07  5.76031e-05  5.25405e-09 -5.69663e-09  7.85828e-09 
           6    -0.082903 -1.35504e-07  1.97704e-07  5.76022e-05  6.46413e-09 -5.79819e-09  7.87939e-09 
           6    -0.044395 -1.01115e-07  1.95868e-07  5.76013e-05   8.4517e-09 -5.94544e-09  7.87213e-09 
           6    -0.005634   -6.457e-08  1.93381e-07  5.76003e-05  1.14137e-08 -6.15086e-09    7.833e-09 
           6     0.033379 -2.65079e-08  1.90165e-07  5.75994e-05  1.55391e-08 -6.42673e-09  7.75887e-09 
           6     0.072644  1.22005e-08  1.86142e-07  5.75985e-05  2.09779e-08 -6.78327e-09  7.64718e-09 
           6     0.112163  5.04498e-08  1.81231e-07  5.75976e-05  2.78022e-08 -7.22838e-09  7.49675e-09 
           6     0.151933  8.69555e-08   1.7539e-07  5.75968e-05  3.59563e-08  -7.7576e-09  7.30642e-09 
           6     0.191957  1.20275e-07  1.68561e-07  5.75959e-05  4.52228e-08 -8.37635e-09  7.08401e-09 
           6      0.23224  1.48598e-07  1.60861e-07  5.75951e-05   5.5211e-08 -9.07343e-09  6.83704e-09 
           6     0.272769  1.72241e-07  1.52287e-07  5.75943e-05  6.56905e-08 -9.87048e-09  6.59096e-09 
           6     0.313549  1.91009e-07  1.42721e-07  5.75935e-05  7.55068e-08 -1.06268e-08  6.32581e-09 
           6     0.354583  2.03769e-07   1.3235e-07  5.75928e-05  8.41378e-08 -1.13191e-08  6.06269e-09 
           6     0.395868  2.10354e-07  1.21168e-07  5.75922e-05  9.09894e-08 -1.19884e-08   5.7972e-09 
           6     0.437407  2.11676e-07  1.09333e-07  5.75916e-05  9.60707e-08 -1.26124e-08  5.53806e-09 
           6     0.479197  2.08732e-07  9.69916e-08   5.7591e-05  9.94452e-08 -1.31743e-08  5.29228e-09 
           6     0.521241  2.02568e-07  8.42724e-08  5.75905e-05  1.01223e-07 -1.36626e-08  5.06531e-09 
           6     0.563545  1.94247e-07  7.12908e-08  5.75901e-05  1.01548e-07 -1.40705e-08  4.86112e-09 
           6     0.606093  1.84824e-07  5.81553e-08  5.75897e-05  1.00591e-07 -1.43946e-08  4.68251e-09 
           6     0.648894  1.75307e-07  4.49548e-08  5.75894e-05  9.85406e-08  -1.4635e-08  4.53096e-09 
           6     0.691948  1.66638e-07  3.17692e-08  5.75891e-05  9.55913e-08 -1.47944e-08  4.40703e-09 
           6     0.735253  1.59662e-07  1.86682e-08  5.75889e-05  9.19378e-08 -1.48771e-08  4.31039e-09 
           6     0.778812  1.55106e-07  5.71006e-09  5.75888e-05  8.77662e-08  -1.4889e-08  4.23995e-09 
           6     0.822623  1.53564e-07 -7.05451e-09  5.75887e-05  8.32482e-08 -1.48364e-08  4.19407e-09 
           6     0.866686  1.55475e-07 -1.95836e-08  5.75888e-05   7.8535e-08 -1.47261e-08  4.17064e-09 
           6     0.911011  1.61118e-07 -3.18452e-08  5.75889e-05  7.37519e-08 -1.45646e-08  4.16722e-09 
           6     0.955579    1.706e-07 -4.38058e-08   5.7589e-05      6.9e-08  -1.4358e-08  4.18118e-09 
           6       1.0004   1.8386e-07 -5.54449e-08  5.75893e-05  6.43477e-08 -1.41112e-08  4.20977e-09 
           6      1.04547  2.00677e-07 -6.67438e-08  5.75896e-05  5.98363e-08 -1.38284e-08  4.25029e-09 
           6       1.0908  2.20675e-07 -7.76868e-08    5.759e-05  5.54811e-08 -1.35127e-08  4.30012e-09 
           6      1.13638  2.43352e-07 -8.82608e-08  5.75905e-05  5.12759e-08 -1.31661e-08  4.35681e-09 
           6      1.18221  2.68106e-07 -9.84544e-08  5.75911e-05  4.72006e-08 -1.27897e-08  4.41813e-09 
           6      1.22829  2.94272e-07 -1.08256e-07  5.75917e-05  4.32312e-08 -1.23843e-08  4.48213e-09 
           6      1.27464  3.21179e-07 -1.17656e-07  5.75925e-05  3.93521e-08 -1.19507e-08  4.54711e-09 
           6      1.32123  3.48189e-07 -1.26637e-07  5.75933e-05  3.55753e-08 -1.14908e-08  4.61162e-09 
           6      1.36807  3.74799e-07 -1.35185e-07  5.75942e-05  3.19563e-08 -1.10078e-08   4.6744e-09 
           6      1.41516  4.00706e-07 -1.43283e-07  5.75952e-05  2.86207e-08 -1.05082e-08  4.73436e-09 
           6      1.46251  4.25916e-07 -1.50908e-07  5.75962e-05  2.57919e-08 -1.00027e-08  4.79036e-09 
           6      1.51011  4.49634e-07  -1.5814e-07  5.75973e-05  2.29207e-08 -9.51062e-09  4.84451e-09 
           6      1.55796  4.70668e-07 -1.64974e-07  5.75986e-05  2.02407e-08  -8.9828e-09  4.89498e-09 
           6      1.60606  4.89089e-07 -1.71373e-07  5.75998e-05  1.77382e-08 -8.43767e-09  4.93995e-09 
           6      1.65443  5.04849e-07 -1.77339e-07  5.76012e-05  1.54347e-08 -7.88195e-09  4.97883e-09 
           6      1.70304   5.1795e-07  -1.8287e-07  5.76026e-05  1.33442e-08  -7.3218e-09    5.011e-09 
           6       1.7519  5.28457e-07 -1.87971e-07   5.7604e-05  1.14721e-08 -6.76229e-09  5.03589e-09 
           6      1.80101  5.36474e-07 -1.92643e-07  5.76055e-05  9.81801e-09 -6.20783e-09  5.05295e-09 
           6      1.85038  5.42139e-07  -1.9689e-07  5.76071e-05   8.3766e-09 -5.66224e-09  5.06173e-09 
           6          1.9  5.45615e-07 -2.00717e-07  5.76087e-05  7.13845e-09 -5.12874e-09   5.0619e-09 
           6      1.94987  5.47083e-07 -2.04129e-07  5.76104e-05  6.09136e-09  -4.6101e-09  5.05323e-09 
           6            2  5.46738e-07 -2.07136e-07  5.76121e-05  5.22116e-09 -4.10863e-09  5.03567e-09 
           7           -3  2.11248e-20 -3.02219e-23  5.76183e-05 -5.05753e-15  2.85709e-17 -1.46024e-18 
           7     -2.99987 -6.58133e-10  1.10227e-14  5.76183e-05  3.63768e-14  2.53482e-17 -1.30606e-18 
           7      -2.9995 -2.63574e-09  1.72848e-13  5.76183e-05  6.38813e-13 -1.27296e-17 -8.86261e-19 
           7     -2.99886  -5.9215e-09   8.6898e-13  5.76183e-05  3.21827e-12 -3.44013e-16 -2.54172e-19 
           7     -2.99798 -1.05103e-08  2.73483e-12  5.76183e-05  1.00942e-11 -1.97188e-15  1.01749e-18 
           7     -2.99684 -1.63819e-08  6.64404e-12  5.76183e-05     2.44e-11 -7.47499e-15  5.45418e-18 
           7     -2.99546 -2.35219e-08  1.37055e-11  5.76183e-05  5.00202e-11 -2.21412e-14  2.16171e-17 
           7     -2.99381 -3.19002e-08  2.52339e-11  5.76183e-05  9.14185e-11 -5.53089e-14  7.18375e-17 
           7     -2.99192 -4.14913e-08  4.27521e-11  5.76183e-05  1.53575e-10 -1.21974e-13  2.05691e-16 
           7     -2.98977 -5.22538e-08  6.79413e-11  5.76183e-05  2.41731e-10 -2.44376e-13   5.2082e-16 
           7     -2.98738 -6.41504e-08  1.02655e-10  5.76183e-05  3.61353e-10 -4.53891e-13  1.19385e-15 
           7     -2.98472 -7.71322e-08  1.48862e-10  5.76183e-05  5.17859e-10 -7.92637e-13   2.5223e-15 
           7     -2.98182 -9.11395e-08  2.08608e-10  5.76183e-05  7.16406e-10  -1.3149e-12  4.97858e-15 
           7     -2.97866 -1.06111e-07  2.84013e-10  5.76183e-05  9.61827e-10 -2.08876e-12  9.27963e-15 
           7     -2.97525 -1.21984e-07  3.77262e-10  5.76183e-05  1.25852e-09  -3.1975e-12  1.64726e-14 
           7     -2.97159  -1.3868e-07  4.90485e-10  5.76183e-05  1.61004e-09 -4.73948e-12  2.80274e-14 
           7     -2.96768 -1.56128e-07  6.25877e-10  5.76183e-05  2.01943e-09 -6.83046e-12  4.59631e-14 
           7     -2.96351 -1.74227e-07  7.85392e-10  5.76183e-05  2.48828e-09 -9.59945e-12  7.29386e-14 
           7     -2.95909 -1.92894e-07  9.71058e-10  5.76183e-05  3.01769e-09 -1.31934e-11  1.12432e-13 
           7     -2.95442 -2.12028e-07  1.18471e-09  5.76184e-05  3.60747e-09 -1.77725e-11  1.68849e-13 
           7      -2.9495  -2.3152e-07  1.42796e-09  5.76184e-05   4.2562e-09 -2.35076e-11  2.47657e-13 
           7     -2.94432 -2.51261e-07  1.70227e-09  5.76184e-05  4.96143e-09 -3.05802e-11  3.55543e-13 
           7     -2.93889 -2.71144e-07  2.00894e-09  5.76184e-05  5.71973e-09 -3.91803e-11  5.00573e-13 
           7     -2.93321 -2.91062e-07    2.349e-09  5.76184e-05  6.52647e-09 -4.94999e-11  6.92274e-13 
           7     -2.92727 -3.10885e-07  2.72321e-09  5.76184e-05  7.37608e-09 -6.17308e-11  9.41747e-13 
           7     -2.92109 -3.30501e-07   3.1319e-09  5.76184e-05  8.26172e-09 -7.60549e-11  1.26164e-12 
           7     -2.91465 -3.49804e-07  3.57547e-09  5.76184e-05  9.17657e-09 -9.26562e-11  1.66657e-12 
           7     -2.90796  -3.6867e-07  4.05364e-09  5.76184e-05  1.01123e-08  -1.1169e-10  2.17254e-12 
           7     -2.90101 -3.86998e-07  4.56615e-09  5.76184e-05  1.10607e-08 -1.33307e-10  2.79759e-12 
           7     -2.89382 -4.04687e-07  5.11236e-09  5.76184e-05  1.20132e-08 -1.57628e-10  3.56135e-12 
           7     -2.88637 -4.21638e-07  5.69126e-09  5.76184e-05  1.29607e-08 -1.84745e-10  4.48489e-12 
           7     -2.87867 -4.37764e-07  6.30168e-09  5.76184e-05  1.38944e-08 -2.14722e-10  5.59088e-12 
           7     -2.87071 -4.52991e-07  6.94245e-09  5.76184e-05  1.48062e-08 -2.47603e-10  6.90379e-12 
           7      -2.8625 -4.67245e-07  7.61166e-09  5.76184e-05  1.56872e-08 -2.83365e-10  8.44817e-12 
           7     -2.85405 -4.80471e-07  8.30759e-09  5.76184e-05    1.653e-08 -3.21972e-10  1.02502e-11 
           7     -2.84533 -4.92627e-07  9.02843e-09  5.76183e-05  1.73276e-08 -3.63349e-10   1.2337e-11 
           7     -2.83637  -5.0368e-07  9.77209e-09  5.76183e-05  1.80739e-08 -4.07376e-10  1.47355e-11 
           7     -2.82715 -5.13612e-07  1.05365e-08  5.76183e-05  1.87635e-08 -4.53902e-10  1.74733e-11 
           7     -2.81768  -5.2242e-07  1.13198e-08  5.76183e-05  1.93924e-08 -5.02758e-10  2.05785e-11 
           7     -2.80796  -5.3011e-07  1.21196e-08  5.76183e-05  1.99572e-08 -5.53716e-10  2.40776e-11 
           7     -2.79799 -5.36705e-07  1.29344e-08  5.76183e-05   2.0456e-08 -6.06571e-10  2.79992e-11 
           7     -2.78776 -5.42236e-07  1.37618e-08  5.76183e-05  2.08876e-08 -6.61035e-10  3.23671e-11 
           7     -2.77728 -5.46748e-07  1.46004e-08  5.76183e-05  2.12522e-08 -7.16871e-10  3.72088e-11 
           7     -2.76655 -5.50297e-07  1.54486e-08  5.76182e-05   2.1551e-08 -7.73797e-10  4.25478e-11 
           7     -2.75556 -5.52946e-07  1.63051e-08  5.76182e-05  2.17862e-08  -8.3156e-10  4.84095e-11 
           7     -2.74433 -5.54768e-07  1.71688e-08  5.76182e-05  2.19607e-08  -8.8989e-10  5.48156e-11 
           7     -2.73284  -5.5584e-07  1.80389e-08  5.76182e-05  2.20783e-08 -9.48557e-10  6.17901e-11 
           7      -2.7211 -5.56244e-07  1.89149e-08  5.76181e-05  2.21436e-08 -1.00733e-09  6.93529e-11 
           7      -2.7091 -5.56066e-07  1.97967e-08  5.76181e-05  2.21616e-08 -1.06602e-09  7.75285e-11 
           7     -2.69685 -5.55392e-07  2.06839e-08  5.76181e-05  2.21377e-08 -1.12446e-09  8.63337e-11 
           7     -2.68435 -5.54309e-07   2.1577e-08   5.7618e-05  2.20776e-08 -1.18252e-09  9.57906e-11 
           7      -2.6716   -5.529e-07  2.24767e-08   5.7618e-05  2.19871e-08  -1.2401e-09  1.05921e-10 
           7      -2.6586 -5.51248e-07  2.33836e-08   5.7618e-05  2.18721e-08 -1.29717e-09  1.16746e-10 
           7     -2.64534 -5.49428e-07  2.42989e-08  5.76179e-05  2.17381e-08  -1.3537e-09  1.28287e-10 
           7     -2.63183 -5.47512e-07  2.52238e-08  5.76179e-05  2.15908e-08 -1.40971e-09  1.40567e-10 
           7     -2.61807 -5.45562e-07  2.61597e-08  5.76178e-05  2.14352e-08 -1.46527e-09  1.53612e-10 
           7     -2.60405 -5.43637e-07  2.71085e-08  5.76178e-05   2.1276e-08 -1.52049e-09  1.67448e-10 
           7     -2.58978 -5.41785e-07  2.80714e-08  5.76177e-05  2.11174e-08 -1.57546e-09  1.82098e-10 
           7     -2.57526 -5.40049e-07  2.90504e-08  5.76176e-05  2.09632e-08 -1.63033e-09  1.97594e-10 
           7     -2.56049 -5.38459e-07  3.00474e-08  5.76176e-05  2.08164e-08 -1.68529e-09  2.13968e-10 
           7     -2.54547 -5.37044e-07  3.10644e-08  5.76175e-05  2.06797e-08  -1.7405e-09  2.31251e-10 
           7     -2.53019 -5.35819e-07   3.2103e-08  5.76174e-05   2.0555e-08 -1.79615e-09   2.4948e-10 
           7     -2.51466 -5.34796e-07  3.31653e-08  5.76173e-05  2.04437e-08 -1.85243e-09   2.6869e-10 
           7     -2.49888 -5.33979e-07  3.42532e-08  5.76173e-05  2.03469e-08 -1.90952e-09  2.88922e-10 
           7     -2.48284 -5.33368e-07  3.53685e-08  5.76172e-05  2.02649e-08 -1.96763e-09  3.10221e-10 
           7     -2.46656 -5.32956e-07  3.65126e-08  5.76171e-05  2.01979e-08 -2.02688e-09  3.32621e-10 
           7     -2.45002 -5.32734e-07  3.76873e-08   5.7617e-05  2.01454e-08 -2.08745e-09  3.56171e-10 
           7     -2.43322 -5.32689e-07  3.88942e-08  5.76169e-05   2.0107e-08 -2.14947e-09  3.80916e-10 
           7     -2.41618 -5.32805e-07  4.01346e-08  5.76168e-05  2.00817e-08 -2.21306e-09  4.06903e-10 
           7     -2.39888 -5.33067e-07  4.14102e-08  5.76166e-05  2.00685e-08 -2.27832e-09  4.34182e-10 
           7     -2.38133 -5.33455e-07   4.2722e-08  5.76165e-05  2.00662e-08 -2.34533e-09  4.62803e-10 
           7     -2.36353 -5.33953e-07  4.40713e-08  5.76164e-05  2.00736e-08 -2.41414e-09  4.92814e-10 
           7     -2.34547 -5.34542e-07  4.54594e-08  5.76163e-05  2.00894e-08 -2.48481e-09  5.24274e-10 
           7     -2.32716 -5.35206e-07  4.68869e-08  5.76161e-05  2.01124e-08 -2.55735e-09  5.57223e-10 
           7     -2.30861 -5.35928e-07   4.8355e-08   5.7616e-05  2.01414e-08 -2.63177e-09  5.91721e-10 
           7     -2.28979 -5.36694e-07  4.98645e-08  5.76158e-05  2.01751e-08 -2.70808e-09   6.2782e-10 
           7     -2.27073 -5.37491e-07  5.14161e-08  5.76157e-05  2.02126e-08 -2.78628e-09  6.65576e-10 
           7     -2.25141 -5.38305e-07  5.30106e-08  5.76155e-05  2.02529e-08 -2.86634e-09  7.05042e-10 
           7     -2.23184 -5.39126e-07  5.46485e-08  5.76153e-05  2.02951e-08 -2.94824e-09  7.46277e-10 
           7     -2.21202 -5.39943e-07  5.63303e-08  5.76151e-05  2.03384e-08 -3.03196e-09  7.89336e-10 
           7     -2.19194 -5.40748e-07  5.80568e-08  5.76149e-05  2.03821e-08  -3.1175e-09  8.34287e-10 
           7     -2.17161 -5.41531e-07  5.98274e-08  5.76147e-05  2.04257e-08 -3.20478e-09  8.81171e-10 
           7     -2.15103 -5.42285e-07  6.16428e-08  5.76145e-05  2.04687e-08 -3.29381e-09  9.30059e-10 
           7      -2.1302 -5.43002e-07  6.35028e-08  5.76143e-05  2.05105e-08 -3.38456e-09   9.8101e-10 
           7     -2.10912 -5.43674e-07  6.54074e-08  5.76141e-05  2.05508e-08   -3.477e-09  1.03409e-09 
           7     -2.08778 -5.44295e-07  6.73563e-08  5.76138e-05  2.05892e-08 -3.57111e-09  1.08936e-09 
           7     -2.06619 -5.44855e-07  6.93491e-08  5.76136e-05  2.06253e-08 -3.66687e-09  1.14689e-09 
           7     -2.04435 -5.45346e-07  7.13851e-08  5.76133e-05  2.06588e-08 -3.76424e-09  1.20675e-09 
           7     -2.02225  -5.4576e-07  7.34641e-08   5.7613e-05  2.06894e-08 -3.86324e-09  1.26902e-09 
           7      -1.9999 -5.46087e-07  7.55845e-08  5.76127e-05  2.07166e-08 -3.96378e-09  1.33375e-09 
           7      -1.9773 -5.46317e-07  7.77457e-08  5.76124e-05  2.07401e-08 -4.06586e-09  1.40102e-09 
           7     -1.95445  -5.4644e-07  7.99464e-08  5.76121e-05  2.07595e-08 -4.16943e-09  1.47091e-09 
           7     -1.93134 -5.46444e-07  8.21857e-08  5.76118e-05  2.07743e-08 -4.27445e-09  1.54349e-09 
           7     -1.90799 -5.46319e-07  8.44622e-08  5.76115e-05  2.07841e-08 -4.38086e-09  1.61885e-09 
           7     -1.88438 -5.46051e-07  8.67745e-08  5.76111e-05  2.07884e-08  -4.4886e-09  1.69706e-09 
           7     -1.86051 -5.45629e-07  8.91211e-08  5.76108e-05  2.07866e-08 -4.59758e-09  1.77819e-09 
           7     -1.83639  -5.4504e-07  9.15012e-08  5.76104e-05  2.07782e-08 -4.70774e-09  1.86236e-09 
           7     -1.81203 -5.44272e-07   9.3912e-08    5.761e-05  2.07625e-08 -4.81892e-09  1.94961e-09 
           7     -1.78741 -5.43311e-07  9.63524e-08  5.76096e-05   2.0739e-08 -4.93102e-09  2.04003e-09 
           7     -1.76253 -5.42146e-07  9.88203e-08  5.76092e-05  2.07071e-08 -5.04387e-09  2.13369e-09 
           7     -1.73741 -5.40763e-07  1.01314e-07  5.76088e-05  2.06659e-08 -5.15732e-09  2.23068e-09 
           7     -1.71203  -5.3915e-07  1.03831e-07  5.76083e-05   2.0615e-08 -5.27117e-09  2.33107e-09 
           7      -1.6864 -5.37298e-07  1.06368e-07  5.76079e-05  2.05537e-08 -5.38521e-09  2.43494e-09 
           7     -1.66052 -5.35193e-07  1.08922e-07  5.76074e-05  2.04812e-08 -5.49919e-09  2.54233e-09 
           7     -1.63438 -5.32827e-07  1.11491e-07  5.76069e-05  2.03971e-08 -5.61286e-09  2.65333e-09 
           7     -1.60799  -5.3019e-07  1.14068e-07  5.76064e-05  2.03008e-08 -5.72587e-09  2.76796e-09 
           7     -1.58135 -5.27275e-07   1.1665e-07  5.76058e-05  2.01916e-08 -5.83791e-09  2.88628e-09 
           7     -1.55446 -5.24077e-07  1.19229e-07  5.76053e-05  2.00693e-08 -5.94863e-09  3.00832e-09 
           7     -1.52731 -5.20592e-07  1.21798e-07  5.76047e-05  1.99335e-08 -6.05767e-09  3.13411e-09 
           7     -1.49992 -5.16819e-07  1.24349e-07  5.76041e-05  1.97839e-08 -6.16461e-09  3.26366e-09 
           7     -1.47227 -5.12762e-07  1.26872e-07  5.76035e-05  1.96207e-08 -6.26908e-09  3.39698e-09 
           7     -1.44436 -5.08425e-07  1.29355e-07  5.76029e-05  1.94437e-08 -6.37064e-09  3.53406e-09 
           7      -1.4162 -5.03819e-07  1.31787e-07  5.76023e-05  1.92531e-08 -6.46881e-09  3.67492e-09 
           7     -1.38779 -4.98958e-07  1.34152e-07  5.76016e-05  1.90492e-08 -6.56313e-09  3.81947e-09 
           7     -1.35913 -4.93864e-07  1.36436e-07  5.76009e-05  1.88328e-08 -6.65318e-09  3.96771e-09 
           7     -1.33022 -4.88565e-07  1.38622e-07  5.76002e-05  1.86048e-08 -6.73856e-09  4.11958e-09 
           7     -1.30106 -4.83091e-07  1.40694e-07  5.75995e-05  1.83659e-08 -6.81883e-09  4.27504e-09 
           7     -1.27164 -4.77482e-07  1.42634e-07  5.75988e-05  1.81172e-08 -6.89356e-09  4.43402e-09 
           7     -1.24197 -4.71785e-07  1.44425e-07   5.7598e-05  1.78603e-08 -6.96248e-09  4.59647e-09 
           7     -1.21205 -4.66049e-07  1.46049e-07  5.75972e-05  1.75965e-08  -7.0252e-09  4.76233e-09 
           7     -1.18186 -4.60331e-07  1.47492e-07  5.75964e-05  1.73275e-08 -7.08143e-09  4.93156e-09 
           7     -1.15144 -4.54694e-07  1.48739e-07  5.75956e-05  1.70552e-08   -7.131e-09  5.10403e-09 
           7     -1.12076 -4.49202e-07  1.49779e-07  5.75948e-05  1.67813e-08 -7.17373e-09  5.27971e-09 
           7     -1.08982 -4.43916e-07  1.50604e-07  5.75939e-05  1.65075e-08 -7.20939e-09  5.45856e-09 
           7     -1.05864 -4.38899e-07  1.51209e-07  5.75931e-05  1.62357e-08 -7.23799e-09   5.6405e-09 
           7      -1.0272 -4.34208e-07  1.51595e-07  5.75922e-05  1.59675e-08 -7.25951e-09  5.82549e-09 
           7    -0.995511 -4.29892e-07  1.51768e-07  5.75913e-05  1.57044e-08 -7.27403e-09  6.01345e-09 
           7    -0.963568 -4.25988e-07  1.51738e-07  5.75904e-05  1.54477e-08 -7.28171e-09  6.20431e-09 
           7    -0.931366 -4.22518e-07  1.51522e-07  5.75894e-05  1.51981e-08 -7.28272e-09  6.39803e-09 
           7    -0.898919 -4.19481e-07  1.51144e-07  5.75885e-05  1.49557e-08  -7.2773e-09   6.5944e-09 
           7    -0.866218 -4.16858e-07   1.5063e-07  5.75875e-05  1.47202e-08 -7.26593e-09  6.79333e-09 
           7    -0.833265 -4.14602e-07  1.50013e-07  5.75865e-05  1.44904e-08 -7.24912e-09   6.9946e-09 
           7     -0.80006 -4.12635e-07   1.4933e-07  5.75855e-05   1.4264e-08 -7.22748e-09  7.19796e-09 
           7    -0.766602  -4.1085e-07  1.48619e-07  5.75845e-05  1.40374e-08 -7.20184e-09  7.40312e-09 
           7    -0.732892 -4.09106e-07   1.4792e-07  5.75834e-05  1.38056e-08 -7.17305e-09  7.60964e-09 
           7    -0.698929 -4.07231e-07  1.47271e-07  5.75824e-05  1.35625e-08 -7.14234e-09  7.81706e-09 
           7    -0.664707  -4.0502e-07  1.46708e-07  5.75813e-05  1.32998e-08 -7.11086e-09  8.02482e-09 
           7    -0.630239 -4.02239e-07  1.46261e-07  5.75802e-05  1.30083e-08 -7.08009e-09  8.23214e-09 
           7    -0.595518 -3.98627e-07  1.45954e-07  5.75791e-05  1.26773e-08 -7.05144e-09  8.43824e-09 
           7    -0.560545   -3.939e-07  1.45801e-07  5.75779e-05  1.22956e-08 -7.02651e-09   8.6422e-09 
           7     -0.52532 -3.87755e-07  1.45807e-07  5.75768e-05  1.18523e-08 -7.00665e-09  8.84294e-09 
           7    -0.489842  -3.7988e-07  1.45965e-07  5.75756e-05  1.13382e-08 -6.99332e-09   9.0393e-09 
           7    -0.454111 -3.69952e-07  1.46255e-07  5.75744e-05  1.07476e-08  -6.9876e-09  9.22996e-09 
           7    -0.418128  -3.5765e-07  1.46646e-07  5.75732e-05  1.00801e-08  -6.9903e-09  9.41348e-09 
           7    -0.381885 -3.42655e-07  1.47097e-07   5.7572e-05   9.3438e-09 -7.00213e-09  9.58829e-09 
           7    -0.345397 -3.24666e-07  1.47554e-07  5.75708e-05  8.55814e-09 -7.02349e-09   9.7526e-09 
           7    -0.308657 -3.03391e-07  1.47957e-07  5.75695e-05  7.75646e-09 -7.05481e-09  9.90449e-09 
           7    -0.271664 -2.78557e-07   1.4824e-07  5.75683e-05  6.98997e-09 -7.09694e-09  1.00418e-08 
           7    -0.234418 -2.49921e-07  1.48333e-07  5.75671e-05  6.33084e-09  -7.1514e-09  1.01623e-08 
           7     -0.19692 -2.17276e-07  1.48164e-07  5.75658e-05  5.87572e-09 -7.22103e-09  1.02632e-08 
           7     -0.15917 -1.80468e-07  1.47662e-07  5.75645e-05  5.74858e-09 -7.31046e-09  1.03417e-08 
           7    -0.121166 -1.39412e-07  1.46757e-07  5.75633e-05   6.1027e-09 -7.42663e-09  1.03945e-08 
           7    -0.082903 -9.41287e-08  1.45381e-07  5.75621e-05  7.12085e-09 -7.57914e-09  1.04183e-08 
           7    -0.044395 -4.48059e-08  1.43468e-07  5.75608e-05  9.01045e-09 -7.78015e-09  1.04095e-08 
           7    -0.005634  8.19883e-09  1.40953e-07  5.75596e-05  1.19948e-08 -8.04419e-09  1.03646e-08 
           7     0.033379   6.4274e-08   1.3777e-07  5.75584e-05  1.62941e-08 -8.38715e-09  1.02803e-08 
           7     0.072644  1.22529e-07  1.33852e-07  5.75572e-05  2.20976e-08 -8.82468e-09  1.01541e-08 
           7     0.112163  1.81756e-07  1.29135e-07  5.75561e-05  2.95284e-08 -9.37164e-09    9.985e-09 
           7     0.151933  2.40467e-07  1.23563e-07  5.75549e-05  3.85927e-08  -1.0035e-08  9.77116e-09 
           7     0.191957  2.96935e-07  1.17067e-07  5.75539e-05  4.91384e-08 -1.08179e-08  9.51817e-09 
           7      0.23224  3.49274e-07  1.09589e-07  5.75528e-05  6.08325e-08 -1.17102e-08   9.2223e-09 
           7     0.272769  3.96461e-07  1.01126e-07  5.75518e-05  7.30183e-08 -1.26456e-08  8.90006e-09 
           7     0.313549  4.36309e-07  9.17628e-08  5.75509e-05  8.47723e-08 -1.35426e-08  8.54957e-09 
           7     0.354583  4.67518e-07  8.14939e-08    5.755e-05  9.54525e-08 -1.44173e-08  8.18484e-09 
           7     0.395868  4.90147e-07  7.04118e-08  5.75492e-05  1.04585e-07 -1.52574e-08  7.81905e-09 
           7     0.437407  5.04661e-07  5.86166e-08  5.75485e-05  1.11877e-07 -1.60496e-08  7.46327e-09 
           7     0.479197  5.11849e-07  4.62169e-08  5.75479e-05  1.17185e-07 -1.67798e-08  7.12665e-09 
           7     0.521241  5.12747e-07  3.33232e-08  5.75473e-05  1.20498e-07 -1.74342e-08  6.81634e-09 
           7     0.563545  5.08564e-07  2.00461e-08  5.75468e-05    1.219e-07 -1.80006e-08  6.53763e-09 
           7     0.606093  5.00609e-07  6.50189e-09  5.75464e-05  1.21559e-07 -1.84683e-08  6.29419e-09 
           7     0.648894  4.90222e-07 -7.20461e-09   5.7546e-05  1.19692e-07 -1.88297e-08  6.08785e-09 
           7     0.691948  4.78707e-07 -2.09717e-08  5.75458e-05  1.16552e-07   -1.908e-08  5.91901e-09 
           7     0.735253  4.67277e-07 -3.47048e-08  5.75456e-05  1.12403e-07 -1.92182e-08  5.78667e-09 
           7     0.778812  4.57005e-07 -4.83201e-08  5.75456e-05  1.07504e-07 -1.92463e-08  5.68866e-09 
           7     0.822623  4.48776e-07 -6.17429e-08  5.75456e-05  1.02094e-07 -1.91703e-08  5.62181e-09 
           7     0.866686  4.43262e-07 -7.49108e-08  5.75457e-05  9.63801e-08 -1.89989e-08  5.58219e-09 
           7     0.911011  4.40895e-07 -8.77759e-08  5.75459e-05  9.05279e-08 -1.87436e-08  5.56533e-09 
           7     0.955579  4.41865e-07 -1.00294e-07  5.75462e-05  8.46635e-08 -1.84174e-08  5.56657e-09 
           7       1.0004  4.46121e-07 -1.12441e-07  5.75465e-05  7.88662e-08 -1.80339e-08  5.58128e-09 
           7      1.04547  4.53399e-07 -1.24199e-07   5.7547e-05  7.31796e-08 -1.76053e-08  5.60525e-09 
           7       1.0908  4.63267e-07  -1.3565e-07  5.75476e-05  6.76801e-08 -1.71448e-08  5.64053e-09 
           7      1.13638  4.75298e-07 -1.46652e-07  5.75483e-05  6.23108e-08 -1.66474e-08  5.68115e-09 
           7      1.18221  4.89179e-07 -1.57174e-07  5.75491e-05  5.71238e-08 -1.61183e-08  5.72516e-09 
           7      1.22829  5.04884e-07 -1.67201e-07    5.755e-05  5.22196e-08 -1.55589e-08    5.774e-09 
           7      1.27464  5.22736e-07 -1.76719e-07  5.75509e-05  4.76826e-08 -1.49813e-08   5.8299e-09 
           7      1.32123  5.39268e-07  -1.8592e-07   5.7552e-05  4.31951e-08 -1.43773e-08  5.89027e-09 
           7      1.36807  5.55612e-07 -1.94696e-07  5.75532e-05  3.89456e-08 -1.37572e-08  5.95336e-09 
           7      1.41516  5.71197e-07 -2.03031e-07  5.75544e-05  3.49414e-08 -1.31222e-08  6.01722e-09 
           7      1.46251  5.85528e-07 -2.10921e-07  5.75557e-05  3.11879e-08 -1.24737e-08  6.08047e-09 
           7      1.51011  5.98121e-07 -2.18263e-07  5.75571e-05  2.76942e-08 -1.18075e-08  6.13631e-09 
           7      1.55796  6.08578e-07 -2.25071e-07  5.75585e-05  2.44354e-08 -1.11254e-08  6.18364e-09 
           7      1.60606  6.16656e-07 -2.31378e-07    5.756e-05  2.14292e-08 -1.04308e-08  6.22322e-09 
           7      1.65443  6.22231e-07 -2.37189e-07  5.75616e-05  1.86791e-08 -9.72809e-09   6.2545e-09 
           7      1.70304  6.25286e-07 -2.42507e-07  5.75632e-05  1.61899e-08 -9.02276e-09    6.277e-09 
           7       1.7519  6.25893e-07 -2.47339e-07  5.75649e-05  1.39628e-08 -8.32024e-09  6.29032e-09 
           7      1.80101   6.2419e-07 -2.51691e-07  5.75666e-05  1.19969e-08 -7.62608e-09  6.29412e-09 
           7      1.85038  6.20356e-07 -2.55573e-07  5.75684e-05  1.02879e-08 -6.94549e-09  6.28815e-09 
           7          1.9  6.14602e-07 -2.58993e-07  5.75702e-05  8.82741e-09 -6.28311e-09   6.2722e-09 
           7      1.94987  6.07146e-07  -2.6196e-07  5.75721e-05  7.60301e-09 -5.64283e-09  6.24614e-09 
           7            2   5.9821e-07 -2.64486e-07   5.7574e-05  6.59826e-09 -5.02759e-09  6.20991e-09 
           8           -3  4.47032e-20 -9.99546e-23  5.76089e-05 -6.73057e-15  4.02528e-17  -1.7357e-18 
           8     -2.99987 -8.14202e-10  8.84444e-15  5.76089e-05  5.06837e-14   3.5911e-17 -1.55208e-18 
           8      -2.9995 -3.25976e-09  1.42729e-13  5.76089e-05  8.90849e-13 -5.46514e-18 -1.05239e-18 
           8     -2.99886 -7.31962e-09  7.20823e-13  5.76089e-05  4.49182e-12 -3.43308e-16 -3.02768e-19 
           8     -2.99798 -1.29824e-08  2.26999e-12  5.76089e-05  1.40935e-11 -1.98791e-15  1.19128e-18 
           8     -2.99684 -2.02165e-08  5.51052e-12  5.76089e-05  3.40725e-11 -7.54092e-15  6.38211e-18 
           8     -2.99546 -2.89955e-08  1.13498e-11  5.76089e-05  6.98539e-11 -2.23488e-14  2.53019e-17 
           8     -2.99381 -3.92721e-08  2.08527e-11  5.76089e-05  1.27671e-10 -5.58768e-14  8.41485e-17 
           8     -2.99192 -5.10037e-08  3.52385e-11  5.76089e-05  2.14479e-10 -1.23369e-13  2.41127e-16 
           8     -2.98977 -6.41271e-08  5.58326e-11  5.76089e-05  3.37591e-10 -2.47509e-13  6.10956e-16 
           8     -2.98738 -7.85828e-08  8.40711e-11  5.76089e-05  5.04639e-10 -4.60419e-13   1.4013e-15 
           8     -2.98472  -9.4297e-08  1.21448e-10  5.76089e-05  7.23186e-10 -8.05405e-13  2.96219e-15 
           8     -2.98182 -1.11182e-07  1.69475e-10  5.76089e-05  1.00042e-09 -1.33855e-12  5.84996e-15 
           8     -2.97866 -1.29148e-07  2.29673e-10  5.76089e-05  1.34309e-09 -2.13054e-12  1.09096e-14 
           8     -2.97525 -1.48105e-07  3.03555e-10  5.76089e-05  1.75732e-09 -3.26835e-12  1.93764e-14 
           8     -2.97159 -1.67941e-07  3.92531e-10  5.76089e-05  2.24807e-09 -4.85532e-12  3.29868e-14 
           8     -2.96768 -1.88558e-07  4.97986e-10  5.76089e-05  2.81957e-09 -7.01385e-12  5.41284e-14 
           8     -2.96351 -2.09819e-07  6.21042e-10  5.76089e-05  3.47403e-09 -9.88141e-12  8.59503e-14 
           8     -2.95909 -2.31613e-07    7.628e-10  5.76089e-05  4.21298e-09 -1.36157e-11  1.32578e-13 
           8     -2.95442 -2.53807e-07  9.24123e-10  5.76089e-05  5.03615e-09 -1.83899e-11  1.99248e-13 
           8      -2.9495 -2.76263e-07  1.10562e-09  5.76089e-05  5.94152e-09 -2.43908e-11  2.92468e-13 
           8     -2.94432 -2.98841e-07  1.30772e-09  5.76089e-05  6.92568e-09 -3.18183e-11  4.20221e-13 
           8     -2.93889 -3.21411e-07   1.5306e-09  5.76089e-05  7.98383e-09 -4.08839e-11  5.92154e-13 
           8     -2.93321 -3.43838e-07  1.77419e-09  5.76089e-05  9.10953e-09 -5.18041e-11  8.19694e-13 
           8     -2.92727 -3.65971e-07  2.03811e-09  5.76089e-05   1.0295e-08 -6.47977e-11   1.1162e-12 
           8     -2.92109 -3.87677e-07  2.32164e-09  5.76089e-05  1.15306e-08 -8.00756e-11  1.49695e-12 
           8     -2.91465 -4.08832e-07  2.62399e-09  5.76089e-05   1.2807e-08  -9.7854e-11  1.97964e-12 
           8     -2.90796   -4.293e-07  2.94385e-09  5.76089e-05  1.41124e-08 -1.18321e-10  2.58377e-12 
           8     -2.90101 -4.48969e-07  3.27989e-09  5.76089e-05  1.54356e-08  -1.4166e-10  3.33137e-12 
           8     -2.89382  -4.6773e-07  3.63046e-09  5.76089e-05  1.67645e-08 -1.68028e-10  4.24658e-12 
           8     -2.88637 -4.85482e-07  3.99363e-09  5.76089e-05  1.80864e-08 -1.97548e-10  5.35543e-12 
           8     -2.87867 -5.02136e-07  4.36736e-09  5.76089e-05  1.93893e-08 -2.30317e-10  6.68611e-12 
           8     -2.87071 -5.17624e-07   4.7496e-09  5.76089e-05  2.06615e-08 -2.66405e-10  8.26924e-12 
           8      -2.8625 -5.31879e-07  5.13786e-09  5.76089e-05  2.18911e-08 -3.05814e-10  1.01358e-11 
           8     -2.85405 -5.44856e-07   5.5298e-09  5.76089e-05  2.30675e-08 -3.48527e-10  1.23191e-11 
           8     -2.84533 -5.56528e-07  5.92306e-09  5.76089e-05  2.41813e-08  -3.9448e-10  1.48538e-11 
           8     -2.83637 -5.66878e-07  6.31518e-09  5.76088e-05  2.52236e-08 -4.43559e-10   1.7775e-11 
           8     -2.82715 -5.75909e-07   6.7038e-09  5.76088e-05  2.61874e-08 -4.95612e-10  2.11186e-11 
           8     -2.81768 -5.83639e-07  7.08674e-09  5.76088e-05  2.70668e-08 -5.50455e-10  2.49219e-11 
           8     -2.80796 -5.90097e-07  7.46173e-09  5.76088e-05  2.78573e-08 -6.07843e-10  2.92202e-11 
           8     -2.79799 -5.95333e-07  7.82699e-09  5.76088e-05  2.85563e-08  -6.6754e-10  3.40523e-11 
           8     -2.78776 -5.99402e-07  8.18046e-09  5.76087e-05  2.91621e-08 -7.29216e-10   3.9451e-11 
           8     -2.77728 -6.02377e-07  8.52078e-09  5.76087e-05  2.96752e-08 -7.92591e-10  4.54542e-11 
           8     -2.76655  -6.0434e-07  8.84653e-09  5.76087e-05  3.00972e-08 -8.57323e-10  5.20952e-11 
           8     -2.75556  -6.0538e-07  9.15676e-09  5.76086e-05  3.04312e-08 -9.23101e-10  5.94097e-11 
           8     -2.74433 -6.05594e-07  9.45063e-09  5.76086e-05  3.06813e-08 -9.89582e-10   6.7429e-11 
           8     -2.73284 -6.05083e-07  9.72774e-09  5.76086e-05  3.08531e-08 -1.05647e-09  7.61873e-11 
           8      -2.7211 -6.03952e-07  9.98783e-09  5.76085e-05  3.09528e-08 -1.12345e-09  8.57135e-11 
           8      -2.7091 -6.02306e-07  1.02311e-08  5.76085e-05  3.09875e-08 -1.19027e-09  9.60424e-11 
           8     -2.69685  -6.0025e-07  1.04578e-08  5.76084e-05  3.09648e-08 -1.25668e-09  1.07199e-10 
           8     -2.68435 -5.97884e-07  1.06687e-08  5.76084e-05  3.08927e-08 -1.32247e-09  1.19213e-10 
           8      -2.6716 -5.95306e-07  1.08645e-08  5.76083e-05  3.07795e-08 -1.38751e-09  1.32115e-10 
           8      -2.6586 -5.92605e-07  1.10465e-08  5.76083e-05  3.06332e-08 -1.45167e-09  1.45934e-10 
           8     -2.64534 -5.89865e-07  1.12158e-08  5.76082e-05  3.04619e-08  -1.5149e-09  1.60697e-10 
           8     -2.63183 -5.87161e-07   1.1374e-08  5.76081e-05  3.02734e-08 -1.57717e-09  1.76433e-10 
           8     -2.61807 -5.84559e-07  1.15226e-08  5.76081e-05  3.00747e-08 -1.63854e-09  1.93173e-10 
           8     -2.60405 -5.82113e-07  1.16634e-08   5.7608e-05  2.98725e-08 -1.69907e-09  2.10951e-10 
           8     -2.58978 -5.79872e-07  1.17981e-08  5.76079e-05  2.96728e-08 -1.75888e-09  2.29791e-10 
           8     -2.57526 -5.77869e-07  1.19284e-08  5.76078e-05  2.94808e-08 -1.81812e-09  2.49727e-10 
           8     -2.56049 -5.76132e-07  1.20563e-08  5.76077e-05  2.93009e-08 -1.87698e-09  2.70797e-10 
           8     -2.54547 -5.74677e-07  1.21836e-08  5.76076e-05  2.91366e-08 -1.93569e-09  2.93035e-10 
           8     -2.53019 -5.73513e-07  1.23121e-08  5.76075e-05  2.89909e-08 -1.99445e-09  3.16476e-10 
           8     -2.51466 -5.72641e-07  1.24434e-08  5.76074e-05  2.88658e-08 -2.05351e-09   3.4116e-10 
           8     -2.49888 -5.72053e-07  1.25794e-08  5.76073e-05  2.87626e-08 -2.11313e-09  3.67129e-10 
           8     -2.48284 -5.71739e-07  1.27215e-08  5.76072e-05  2.86819e-08 -2.17355e-09  3.94429e-10 
           8     -2.46656 -5.71681e-07  1.28714e-08   5.7607e-05   2.8624e-08 -2.23498e-09  4.23093e-10 
           8     -2.45002 -5.71859e-07  1.30306e-08  5.76069e-05  2.85883e-08 -2.29767e-09  4.53173e-10 
           8     -2.43322 -5.72251e-07  1.32003e-08  5.76068e-05   2.8574e-08 -2.36181e-09  4.84712e-10 
           8     -2.41618 -5.72831e-07  1.33821e-08  5.76066e-05    2.858e-08 -2.42761e-09   5.1776e-10 
           8     -2.39888 -5.73574e-07   1.3577e-08  5.76064e-05  2.86048e-08 -2.49523e-09  5.52366e-10 
           8     -2.38133 -5.74456e-07  1.37866e-08  5.76063e-05  2.86468e-08 -2.56483e-09  5.88582e-10 
           8     -2.36353 -5.75452e-07  1.40119e-08  5.76061e-05  2.87043e-08 -2.63652e-09  6.26455e-10 
           8     -2.34547 -5.76539e-07  1.42544e-08  5.76059e-05  2.87756e-08 -2.71043e-09  6.66046e-10 
           8     -2.32716 -5.77697e-07  1.45154e-08  5.76057e-05   2.8859e-08 -2.78663e-09  7.07393e-10 
           8     -2.30861 -5.78907e-07  1.47962e-08  5.76055e-05  2.89529e-08 -2.86521e-09  7.50557e-10 
           8     -2.28979 -5.80152e-07  1.50985e-08  5.76053e-05  2.90557e-08 -2.94623e-09  7.95588e-10 
           8     -2.27073 -5.81418e-07   1.5424e-08  5.76051e-05  2.91661e-08 -3.02974e-09  8.42544e-10 
           8     -2.25141 -5.82694e-07  1.57746e-08  5.76048e-05  2.92828e-08  -3.1158e-09  8.91475e-10 
           8     -2.23184 -5.83971e-07  1.61524e-08  5.76046e-05  2.94046e-08 -3.20446e-09   9.4244e-10 
           8     -2.21202 -5.85241e-07  1.65597e-08  5.76043e-05  2.95307e-08 -3.29575e-09  9.95491e-10 
           8     -2.19194 -5.86501e-07  1.69993e-08  5.76041e-05  2.96602e-08 -3.38977e-09   1.0507e-09 
           8     -2.17161 -5.87746e-07  1.74739e-08  5.76038e-05  2.97924e-08 -3.48653e-09  1.10809e-09 
           8     -2.15103 -5.88976e-07  1.79868e-08  5.76035e-05  2.99267e-08 -3.58613e-09  1.16775e-09 
           8      -2.1302 -5.90189e-07  1.85415e-08  5.76032e-05  3.00626e-08 -3.68864e-09  1.22972e-09 
           8     -2.10912 -5.91387e-07  1.91418e-08  5.76029e-05  3.01996e-08 -3.79416e-09  1.29407e-09 
           8     -2.08778  -5.9257e-07  1.97916e-08  5.76025e-05  3.03373e-08  -3.9028e-09  1.36086e-09 
           8     -2.06619  -5.9374e-07  2.04953e-08  5.76022e-05  3.04752e-08 -4.01469e-09  1.43015e-09 
           8     -2.04435 -5.94898e-07  2.12571e-08  5.76018e-05   3.0613e-08 -4.12995e-09  1.50201e-09 
           8     -2.02225 -5.96046e-07  2.20819e-08  5.76014e-05    3.075e-08 -4.24876e-09  1.57652e-09 
           8      -1.9999 -5.97183e-07  2.29736e-08  5.76011e-05  3.08859e-08 -4.37125e-09  1.65374e-09 
           8      -1.9773 -5.98308e-07  2.39368e-08  5.76007e-05  3.10199e-08  -4.4976e-09  1.73373e-09 
           8     -1.95445 -5.99419e-07  2.49756e-08  5.76002e-05  3.11513e-08 -4.62798e-09  1.81659e-09 
           8     -1.93134  -6.0051e-07  2.60938e-08  5.75998e-05  3.12792e-08 -4.76258e-09  1.90239e-09 
           8     -1.90799 -6.01576e-07  2.72945e-08  5.75993e-05  3.14026e-08  -4.9016e-09  1.99123e-09 
           8     -1.88438 -6.02605e-07  2.85803e-08  5.75989e-05  3.15205e-08 -5.04522e-09  2.08319e-09 
           8     -1.86051 -6.03586e-07  2.99529e-08  5.75984e-05  3.16313e-08  -5.1936e-09  2.17837e-09 
           8     -1.83639 -6.04502e-07  3.14133e-08  5.75979e-05  3.17337e-08 -5.34697e-09   2.2769e-09 
           8     -1.81203 -6.05334e-07  3.29605e-08  5.75974e-05  3.18259e-08 -5.50544e-09  2.37886e-09 
           8     -1.78741 -6.06057e-07  3.45931e-08  5.75968e-05  3.19062e-08 -5.66916e-09  2.48437e-09 
           8     -1.76253 -6.06646e-07  3.63082e-08  5.75963e-05  3.19723e-08 -5.83823e-09  2.59356e-09 
           8     -1.73741 -6.07068e-07  3.81014e-08  5.75957e-05   3.2022e-08 -6.01271e-09  2.70658e-09 
           8     -1.71203 -6.07291e-07  3.99668e-08  5.75951e-05  3.20528e-08 -6.19265e-09  2.82356e-09 
           8      -1.6864 -6.07277e-07  4.18971e-08  5.75945e-05  3.20621e-08 -6.37798e-09  2.94466e-09 
           8     -1.66052 -6.06988e-07  4.38835e-08  5.75938e-05  3.20469e-08 -6.56856e-09  3.07002e-09 
           8     -1.63438 -6.06381e-07  4.59167e-08  5.75932e-05  3.20045e-08 -6.76428e-09  3.19986e-09 
           8     -1.60799 -6.05417e-07  4.79847e-08  5.75925e-05  3.19319e-08 -6.96478e-09  3.33429e-09 
           8     -1.58135 -6.04052e-07  5.00758e-08  5.75918e-05  3.18259e-08 -7.16964e-09  3.47351e-09 
           8     -1.55446 -6.02245e-07  5.21773e-08  5.75911e-05  3.16835e-08 -7.37829e-09   3.6177e-09 
           8     -1.52731 -5.99958e-07  5.42759e-08  5.75903e-05  3.15019e-08 -7.59005e-09  3.76703e-09 
           8     -1.49992 -5.97156e-07  5.63581e-08  5.75896e-05  3.12786e-08 -7.80411e-09  3.92166e-09 
           8     -1.47227 -5.93805e-07  5.84106e-08  5.75888e-05  3.10116e-08 -8.01952e-09  4.08175e-09 
           8     -1.44436 -5.89879e-07  6.04206e-08   5.7588e-05  3.06989e-08 -8.23503e-09  4.24742e-09 
           8      -1.4162 -5.85354e-07  6.23759e-08  5.75872e-05  3.03391e-08 -8.44932e-09  4.41879e-09 
           8     -1.38779 -5.80217e-07  6.42649e-08  5.75863e-05  2.99318e-08 -8.66082e-09  4.59587e-09 
           8     -1.35913 -5.74458e-07  6.60777e-08  5.75854e-05  2.94776e-08 -8.86799e-09   4.7787e-09 
           8     -1.33022  -5.6808e-07  6.78061e-08  5.75845e-05  2.89779e-08 -9.06916e-09  4.96724e-09 
           8     -1.30106  -5.6109e-07  6.94431e-08  5.75836e-05  2.84352e-08  -9.2626e-09   5.1614e-09 
           8     -1.27164 -5.53506e-07   7.0984e-08  5.75827e-05  2.78529e-08 -9.44661e-09  5.36105e-09 
           8     -1.24197 -5.45361e-07  7.24258e-08  5.75817e-05  2.72362e-08 -9.61967e-09  5.56599e-09 
           8     -1.21205 -5.36688e-07  7.37673e-08  5.75807e-05  2.65897e-08    -9.78e-09  5.77599e-09 
           8     -1.18186 -5.27539e-07  7.50094e-08  5.75797e-05  2.59196e-08  -9.9263e-09  5.99084e-09 
           8     -1.15144 -5.17981e-07  7.61537e-08  5.75787e-05  2.52337e-08 -1.00576e-08   6.2102e-09 
           8     -1.12076 -5.08086e-07  7.72038e-08  5.75776e-05  2.45394e-08 -1.01731e-08  6.43385e-09 
           8     -1.08982 -4.97939e-07  7.81636e-08  5.75766e-05  2.38431e-08 -1.02719e-08  6.66164e-09 
           8     -1.05864 -4.87641e-07  7.90374e-08  5.75755e-05  2.31531e-08 -1.03542e-08  6.89344e-09 
           8      -1.0272 -4.77298e-07   7.9829e-08  5.75743e-05  2.24756e-08 -1.04197e-08  7.12926e-09 
           8    -0.995511 -4.67031e-07  8.05408e-08  5.75732e-05   2.1817e-08 -1.04687e-08  7.36919e-09 
           8    -0.963568 -4.56966e-07  8.11741e-08   5.7572e-05   2.1183e-08 -1.05015e-08  7.61347e-09 
           8    -0.931366 -4.47231e-07  8.17279e-08  5.75708e-05  2.05772e-08 -1.05185e-08  7.86248e-09 
           8    -0.898919 -4.37958e-07  8.21987e-08  5.75696e-05  2.00027e-08 -1.05198e-08  8.11649e-09 
           8    -0.866218 -4.29268e-07  8.25814e-08  5.75683e-05  1.94619e-08 -1.05059e-08  8.37603e-09 
           8    -0.833265  -4.2127e-07   8.2869e-08   5.7567e-05  1.89558e-08  -1.0477e-08  8.64151e-09 
           8     -0.80006  -4.1405e-07  8.30541e-08  5.75658e-05   1.8484e-08 -1.04332e-08   8.9133e-09 
           8    -0.766602 -4.07657e-07  8.31293e-08  5.75644e-05  1.80444e-08 -1.03746e-08  9.19165e-09 
           8    -0.732892 -4.02096e-07  8.30891e-08  5.75631e-05  1.76335e-08 -1.03011e-08  9.47657e-09 
           8    -0.698929 -3.97318e-07  8.29312e-08  5.75617e-05  1.72463e-08 -1.02133e-08  9.76788e-09 
           8    -0.664707 -3.93199e-07  8.26577e-08  5.75604e-05  1.68745e-08 -1.01117e-08  1.00651e-08 
           8    -0.630239  -3.8954e-07  8.22761e-08   5.7559e-05   1.6508e-08 -9.99732e-09  1.03674e-08 
           8    -0.595518 -3.86051e-07  8.17995e-08  5.75575e-05  1.61326e-08  -9.8717e-09  1.06734e-08 
           8    -0.560545 -3.82356e-07  8.12465e-08  5.75561e-05  1.57315e-08 -9.73727e-09  1.09818e-08 
           8     -0.52532 -3.77983e-07  8.06399e-08  5.75546e-05  1.52846e-08 -9.59694e-09  1.12903e-08 
           8    -0.489842  -3.7238e-07  8.00049e-08  5.75531e-05  1.47703e-08 -9.45473e-09  1.15965e-08 
           8    -0.454111 -3.64926e-07  7.93661e-08  5.75516e-05  1.41665e-08 -9.31525e-09  1.18976e-08 
           8    -0.418128 -3.54945e-07  7.87444e-08  5.75501e-05  1.34544e-08 -9.18366e-09  1.21903e-08 
           8    -0.381885  -3.4174e-07  7.81531e-08  5.75486e-05  1.26227e-08 -9.06581e-09  1.24709e-08 
           8    -0.345397 -3.24621e-07  7.75953e-08  5.75471e-05  1.16731e-08  -8.9676e-09  1.27355e-08 
           8    -0.308657  -3.0293e-07  7.70593e-08  5.75455e-05  1.06265e-08  -8.8948e-09  1.29798e-08 
           8    -0.271664 -2.76082e-07  7.65177e-08   5.7544e-05  9.52973e-09 -8.85304e-09  1.31998e-08 
           8    -0.234418 -2.43589e-07  7.59262e-08  5.75424e-05  8.46232e-09  -8.8475e-09  1.33911e-08 
           8     -0.19692 -2.05088e-07  7.52247e-08  5.75408e-05  7.54127e-09 -8.88322e-09  1.35495e-08 
           8     -0.15917  -1.6036e-07  7.43396e-08  5.75393e-05  6.92398e-09 -8.96544e-09   1.3671e-08 
           8    -0.121166  -1.0934e-07   7.3188e-08  5.75377e-05  6.80805e-09 -9.10026e-09   1.3752e-08 
           8    -0.082903 -5.21328e-08  7.16817e-08  5.75362e-05  7.42772e-09 -9.29541e-09  1.37887e-08 
           8    -0.044395  1.09421e-08  6.97336e-08  5.75347e-05  9.04463e-09 -9.56079e-09   1.3778e-08 
           8    -0.005634  7.93852e-08  6.72593e-08  5.75332e-05  1.19345e-08 -9.90892e-09  1.37169e-08 
           8     0.033379  1.52444e-07   6.4182e-08  5.75317e-05  1.63658e-08 -1.03546e-08  1.36031e-08 
           8     0.072644  2.29091e-07  6.04327e-08  5.75303e-05  2.25699e-08 -1.09137e-08  1.34346e-08 
           8     0.112163  3.07988e-07  5.59516e-08  5.75289e-05  3.07058e-08 -1.16022e-08  1.32106e-08 
           8     0.151933  3.87458e-07  5.06814e-08  5.75276e-05   4.0807e-08 -1.24299e-08  1.29308e-08 
           8     0.191957   4.6552e-07  4.45777e-08  5.75263e-05  5.27335e-08 -1.33972e-08  1.25979e-08 
           8      0.23224  5.39938e-07  3.75744e-08  5.75251e-05  6.61378e-08 -1.44946e-08   1.2214e-08 
           8     0.272769  6.08534e-07  2.96902e-08  5.75239e-05  8.03571e-08 -1.56739e-08  1.17938e-08 
           8     0.313549  6.69057e-07  2.09271e-08  5.75229e-05  9.45707e-08  -1.6846e-08  1.13389e-08 
           8     0.354583  7.19814e-07  1.13073e-08  5.75219e-05  1.07924e-07 -1.79963e-08  1.08641e-08 
           8     0.395868  7.60029e-07   8.7093e-10   5.7521e-05  1.19732e-07 -1.91119e-08  1.03857e-08 
           8     0.437407  7.89627e-07 -1.03196e-08  5.75202e-05  1.29531e-07 -2.01749e-08  9.91773e-09 
           8     0.479197  8.09092e-07 -2.21811e-08  5.75195e-05  1.37049e-07 -2.11645e-08  9.47199e-09 
           8     0.521241  8.19357e-07 -3.46176e-08  5.75189e-05   1.4218e-07  -2.2059e-08  9.05798e-09 
           8     0.563545   8.2167e-07 -4.75241e-08  5.75185e-05  1.44955e-07  -2.2838e-08  8.68279e-09 
           8     0.606093  8.17493e-07 -6.07829e-08  5.75181e-05  1.45512e-07  -2.3483e-08  8.35139e-09 
           8     0.648894  8.08385e-07 -7.42823e-08  5.75178e-05  1.44074e-07 -2.39805e-08  8.06628e-09 
           8     0.691948  7.95912e-07 -8.79096e-08  5.75177e-05  1.40917e-07 -2.43215e-08   7.8279e-09 
           8     0.735253  7.81554e-07 -1.01556e-07  5.75177e-05  1.36353e-07 -2.45029e-08  7.63481e-09 
           8     0.778812  7.66638e-07 -1.15124e-07  5.75178e-05  1.30702e-07 -2.45278e-08  7.48388e-09 
           8     0.822623  7.52279e-07 -1.28522e-07   5.7518e-05  1.24274e-07 -2.44051e-08  7.37067e-09 
           8     0.866686  7.39341e-07 -1.41672e-07  5.75183e-05   1.1735e-07 -2.41487e-08  7.28988e-09 
           8     0.911011   7.2842e-07 -1.54511e-07  5.75187e-05  1.10168e-07 -2.37762e-08  7.23583e-09 
           8     0.955579  7.19858e-07  -1.6698e-07  5.75192e-05   1.0292e-07 -2.33072e-08  7.20311e-09 
           8       1.0004  7.13759e-07  -1.7904e-07  5.75199e-05  9.57302e-08 -2.27604e-08  7.18727e-09 
           8      1.04547  7.10067e-07 -1.90657e-07  5.75206e-05  8.86664e-08 -2.21496e-08   7.1857e-09 
           8       1.0908  7.08654e-07 -2.01804e-07  5.75214e-05  8.17384e-08   -2.148e-08  7.19858e-09 
           8      1.13638  7.09453e-07 -2.12455e-07  5.75224e-05  7.49088e-08 -2.07425e-08  7.22998e-09 
           8      1.18221  7.13132e-07 -2.22699e-07  5.75234e-05  6.88325e-08 -2.00806e-08  7.27562e-09 
           8      1.22829  7.18207e-07 -2.32706e-07  5.75246e-05  6.29677e-08 -1.93891e-08  7.33837e-09 
           8      1.27464  7.23779e-07 -2.42228e-07  5.75257e-05  5.73084e-08 -1.86575e-08  7.40651e-09 
           8      1.32123  7.29333e-07  -2.5122e-07   5.7527e-05  5.19103e-08 -1.78926e-08  7.47583e-09 
           8      1.36807  7.34338e-07 -2.59676e-07  5.75284e-05  4.67862e-08  -1.7099e-08  7.54401e-09 
           8      1.41516  7.38321e-07 -2.67586e-07  5.75299e-05  4.19493e-08 -1.62811e-08  7.60899e-09 
           8      1.46251  7.40881e-07 -2.74946e-07  5.75314e-05  3.74113e-08 -1.54431e-08   7.6689e-09 
           8      1.51011  7.41688e-07 -2.81753e-07   5.7533e-05  3.31825e-08 -1.45892e-08  7.72215e-09 
           8      1.55796   7.4049e-07 -2.88007e-07  5.75347e-05  2.92712e-08  -1.3724e-08  7.76734e-09 
           8      1.60606  7.37114e-07 -2.93711e-07  5.75364e-05  2.56834e-08 -1.28519e-08  7.80331e-09 
           8      1.65443  7.31464e-07  -2.9887e-07  5.75382e-05  2.24218e-08 -1.19775e-08  7.82914e-09 
           8      1.70304  7.23528e-07  -3.0349e-07    5.754e-05  1.94881e-08 -1.11061e-08  7.84407e-09 
           8       1.7519  7.13361e-07 -3.07582e-07  5.75419e-05   1.6879e-08 -1.02425e-08  7.84756e-09 
           8      1.80101  7.01091e-07 -3.11157e-07  5.75437e-05  1.45887e-08 -9.39208e-09  7.83922e-09 
           8      1.85038  6.86903e-07 -3.14226e-07  5.75457e-05  1.26079e-08 -8.55997e-09   7.8188e-09 
           8          1.9  6.71032e-07 -3.16803e-07  5.75476e-05  1.09239e-08 -7.75131e-09  7.78615e-09 
           8      1.94987  6.53748e-07   -3.189e-07  5.75496e-05  9.52092e-09 -6.97099e-09  7.74119e-09 
           8            2  6.35335e-07 -3.20527e-07  5.75516e-05   8.3796e-09 -6.22316e-09  7.68382e-09 
           9           -3 -7.39941e-20  9.11318e-23  5.76164e-05 -8.46236e-15  5.15968e-17 -2.06865e-18 
           9     -2.99987 -9.28563e-10  5.80484e-15  5.76164e-05  6.28805e-14  4.61816e-17 -1.84939e-18 
           9      -2.9995  -3.7165e-09  8.07388e-14  5.76164e-05  1.11034e-12  7.76311e-18 -1.25268e-18 
           9     -2.99886 -8.34109e-09  3.94969e-13  5.76164e-05  5.60211e-12 -2.69028e-16 -3.58754e-19 
           9     -2.99798  -1.4784e-08  1.22672e-12  5.76164e-05  1.75809e-11 -1.58814e-15  1.40518e-18 
           9     -2.99684 -2.30016e-08  2.95067e-12  5.76164e-05  4.25075e-11 -6.02788e-15  7.46746e-18 
           9     -2.99546 -3.29547e-08  6.02913e-12  5.76164e-05   8.7151e-11  -1.7877e-14  2.94675e-17 
           9     -2.99381 -4.45786e-08  1.09897e-11  5.76164e-05  1.59289e-10 -4.47649e-14  9.77752e-17 
           9     -2.99192 -5.78124e-08  1.84154e-11  5.76164e-05  2.67599e-10 -9.90465e-14  2.79833e-16 
           9     -2.98977 -7.25706e-08  2.89108e-11  5.76164e-05  4.21208e-10 -1.99225e-13  7.08537e-16 
           9     -2.98738 -8.87713e-08  4.30943e-11  5.76164e-05   6.2964e-10 -3.71685e-13  1.62446e-15 
           9     -2.98472 -1.06315e-07   6.1561e-11  5.76164e-05  9.02336e-10 -6.52279e-13   3.4332e-15 
           9     -2.98182 -1.25088e-07  8.48506e-11  5.76164e-05  1.24828e-09 -1.08784e-12  6.77958e-15 
           9     -2.97866 -1.44972e-07  1.13435e-10  5.76164e-05  1.67588e-09 -1.73795e-12  1.26435e-14 
           9     -2.97525 -1.65849e-07  1.47698e-10  5.76164e-05  2.19283e-09 -2.67661e-12  2.24587e-14 
           9     -2.97159 -1.87579e-07  1.87877e-10  5.76164e-05  2.80533e-09 -3.99276e-12  3.82414e-14 
           9     -2.96768 -2.10035e-07  2.34093e-10  5.76164e-05  3.51869e-09 -5.79282e-12  6.27673e-14 
           9     -2.96351 -2.33052e-07  2.86237e-10  5.76164e-05  4.33574e-09 -8.19786e-12   9.9701e-14 
           9     -2.95909 -2.56491e-07  3.44066e-10  5.76164e-05  5.25843e-09 -1.13483e-11  1.53849e-13 
           9     -2.95442 -2.80195e-07  4.07104e-10  5.76164e-05  6.28653e-09 -1.54007e-11  2.31322e-13 
           9      -2.9495    -3.04e-07   4.7464e-10  5.76164e-05  7.41761e-09 -2.05258e-11  3.39728e-13 
           9     -2.94432 -3.27745e-07  5.45743e-10  5.76164e-05  8.64752e-09 -2.69095e-11  4.88412e-13 
           9     -2.93889 -3.51279e-07  6.19261e-10  5.76164e-05  9.97043e-09  -3.4751e-11    6.887e-13 
           9     -2.93321 -3.74451e-07  6.93791e-10  5.76164e-05  1.13784e-08  -4.4258e-11  9.54037e-13 
           9     -2.92727 -3.97094e-07    7.677e-10  5.76164e-05   1.2862e-08  -5.5644e-11  1.30019e-12 
           9     -2.92109 -4.19066e-07  8.39109e-10  5.76164e-05  1.44093e-08 -6.91199e-11  1.74523e-12 
           9     -2.91465 -4.40235e-07   9.0599e-10  5.76164e-05  1.60088e-08 -8.49047e-11  2.31021e-12 
           9     -2.90796  -4.6046e-07  9.66063e-10  5.76164e-05  1.76461e-08 -1.03196e-10  3.01836e-12 
           9     -2.90101 -4.79628e-07  1.01694e-09  5.76164e-05  1.93072e-08 -1.24192e-10  3.89613e-12 
           9     -2.89382 -4.97633e-07  1.05606e-09  5.76164e-05  2.09772e-08 -1.48067e-10  4.97257e-12 
           9     -2.88637  -5.1438e-07  1.08076e-09  5.76164e-05  2.26405e-08 -1.74969e-10  6.27929e-12 
           9     -2.87867 -5.29792e-07  1.08833e-09  5.76163e-05  2.42822e-08 -2.05021e-10  7.85065e-12 
           9     -2.87071  -5.4381e-07    1.076e-09  5.76163e-05  2.58878e-08 -2.38326e-10  9.72432e-12 
           9      -2.8625 -5.56385e-07    1.041e-09  5.76163e-05  2.74424e-08  -2.7492e-10  1.19388e-11 
           9     -2.85405  -5.6749e-07  9.80612e-10  5.76163e-05  2.89328e-08 -3.14818e-10  1.45358e-11 
           9     -2.84533 -5.77119e-07  8.92185e-10  5.76163e-05   3.0347e-08 -3.57993e-10  1.75591e-11 
           9     -2.83637 -5.85278e-07  7.73189e-10  5.76163e-05  3.16741e-08  -4.0436e-10  2.10538e-11 
           9     -2.82715 -5.91992e-07  6.21234e-10  5.76162e-05  3.29048e-08 -4.53797e-10  2.50666e-11 
           9     -2.81768 -5.97307e-07  4.34066e-10  5.76162e-05  3.40316e-08 -5.06143e-10  2.96465e-11 
           9     -2.80796 -6.01277e-07  2.09731e-10  5.76162e-05  3.50485e-08 -5.61167e-10  3.48411e-11 
           9     -2.79799 -6.03978e-07 -5.36834e-11  5.76162e-05   3.5952e-08 -6.18644e-10   4.0703e-11 
           9     -2.78776 -6.05493e-07 -3.57532e-10  5.76161e-05  3.67393e-08 -6.78239e-10  4.72784e-11 
           9     -2.77728  -6.0592e-07 -7.03231e-10  5.76161e-05  3.74108e-08 -7.39657e-10  5.46211e-11 
           9     -2.76655 -6.05365e-07 -1.09169e-09  5.76161e-05  3.79677e-08  -8.0253e-10  6.27797e-11 
           9     -2.75556 -6.03942e-07 -1.52374e-09   5.7616e-05  3.84135e-08 -8.66509e-10  7.18072e-11 
           9     -2.74433  -6.0177e-07 -1.99973e-09   5.7616e-05  3.87529e-08 -9.31195e-10  8.17521e-11 
           9     -2.73284  -5.9897e-07 -2.51995e-09   5.7616e-05  3.89922e-08 -9.96226e-10  9.26675e-11 
           9      -2.7211 -5.95666e-07  -3.0842e-09  5.76159e-05  3.91388e-08 -1.06121e-09  1.04601e-10 
           9      -2.7091 -5.91979e-07 -3.69238e-09  5.76159e-05  3.92013e-08 -1.12581e-09  1.17609e-10 
           9     -2.69685 -5.88027e-07 -4.34361e-09  5.76158e-05  3.91887e-08 -1.18965e-09  1.31734e-10 
           9     -2.68435 -5.83924e-07 -5.03721e-09  5.76158e-05  3.91109e-08 -1.25244e-09  1.47029e-10 
           9      -2.6716 -5.79775e-07 -5.77222e-09  5.76157e-05   3.8978e-08 -1.31391e-09  1.63547e-10 
           9      -2.6586 -5.75679e-07 -6.54748e-09  5.76156e-05  3.88001e-08 -1.37382e-09  1.81338e-10 
           9     -2.64534 -5.71724e-07  -7.3616e-09  5.76156e-05  3.85875e-08 -1.43198e-09  2.00453e-10 
           9     -2.63183 -5.67989e-07  -8.2131e-09  5.76155e-05  3.83498e-08 -1.48826e-09  2.20943e-10 
           9     -2.61807 -5.64539e-07 -9.10047e-09  5.76154e-05  3.80964e-08 -1.54257e-09  2.42864e-10 
           9     -2.60405 -5.61432e-07 -1.00222e-08  5.76153e-05   3.7836e-08 -1.59488e-09  2.66273e-10 
           9     -2.58978  -5.5871e-07 -1.09761e-08  5.76152e-05  3.75765e-08 -1.64519e-09  2.91218e-10 
           9     -2.57526 -5.56408e-07 -1.19606e-08  5.76151e-05   3.7325e-08 -1.69357e-09  3.17759e-10 
           9     -2.56049 -5.54547e-07 -1.29739e-08   5.7615e-05  3.70877e-08 -1.74011e-09  3.45957e-10 
           9     -2.54547  -5.5314e-07 -1.40142e-08  5.76149e-05  3.68697e-08 -1.78497e-09  3.75872e-10 
           9     -2.53019 -5.52189e-07 -1.50794e-08  5.76148e-05  3.66753e-08  -1.8283e-09  4.07566e-10 
           9     -2.51466  -5.5169e-07 -1.61678e-08  5.76147e-05  3.65078e-08 -1.87031e-09  4.41103e-10 
           9     -2.49888  -5.5163e-07 -1.72776e-08  5.76146e-05  3.63694e-08 -1.91121e-09  4.76553e-10 
           9     -2.48284 -5.51992e-07 -1.84072e-08  5.76145e-05  3.62617e-08 -1.95124e-09  5.13992e-10 
           9     -2.46656 -5.52753e-07 -1.95543e-08  5.76143e-05  3.61853e-08 -1.99061e-09  5.53477e-10 
           9     -2.45002 -5.53887e-07 -2.07175e-08  5.76142e-05  3.61404e-08 -2.02957e-09  5.95091e-10 
           9     -2.43322 -5.55367e-07 -2.18951e-08   5.7614e-05  3.61262e-08 -2.06833e-09  6.38909e-10 
           9     -2.41618 -5.57164e-07 -2.30856e-08  5.76139e-05  3.61417e-08  -2.1071e-09  6.85011e-10 
           9     -2.39888  -5.5925e-07 -2.42874e-08  5.76137e-05  3.61854e-08 -2.14607e-09  7.33481e-10 
           9     -2.38133 -5.61597e-07 -2.54992e-08  5.76136e-05  3.62556e-08 -2.18541e-09  7.84405e-10 
           9     -2.36353 -5.64178e-07 -2.67195e-08  5.76134e-05  3.63502e-08 -2.22526e-09  8.37868e-10 
           9     -2.34547 -5.66971e-07 -2.79474e-08  5.76132e-05  3.64673e-08 -2.26575e-09  8.93971e-10 
           9     -2.32716 -5.69953e-07 -2.91813e-08   5.7613e-05  3.66048e-08 -2.30695e-09  9.52784e-10 
           9     -2.30861 -5.73106e-07 -3.04204e-08  5.76128e-05  3.67607e-08 -2.34895e-09  1.01442e-09 
           9     -2.28979 -5.76416e-07 -3.16636e-08  5.76126e-05  3.69331e-08 -2.39178e-09  1.07896e-09 
           9     -2.27073 -5.79869e-07 -3.29102e-08  5.76124e-05  3.71203e-08 -2.43547e-09  1.14651e-09 
           9     -2.25141 -5.83456e-07 -3.41592e-08  5.76121e-05  3.73208e-08 -2.48003e-09  1.21717e-09 
           9     -2.23184  -5.8717e-07 -3.54102e-08  5.76119e-05  3.75334e-08 -2.52544e-09  1.29104e-09 
           9     -2.21202 -5.91006e-07 -3.66625e-08  5.76116e-05  3.77569e-08  -2.5717e-09  1.36822e-09 
           9     -2.19194 -5.94961e-07 -3.79157e-08  5.76114e-05  3.79907e-08 -2.61878e-09  1.44883e-09 
           9     -2.17161 -5.99032e-07 -3.91689e-08  5.76111e-05   3.8234e-08 -2.66666e-09  1.53294e-09 
           9     -2.15103 -6.03219e-07 -4.04219e-08  5.76108e-05  3.84866e-08  -2.7153e-09  1.62068e-09 
           9      -2.1302  -6.0752e-07 -4.16741e-08  5.76105e-05  3.87482e-08 -2.76471e-09  1.71215e-09 
           9     -2.10912 -6.11934e-07 -4.29249e-08  5.76102e-05  3.90189e-08 -2.81489e-09  1.80745e-09 
           9     -2.08778 -6.16459e-07 -4.41736e-08  5.76099e-05  3.92988e-08 -2.86585e-09  1.90668e-09 
           9     -2.06619 -6.21093e-07 -4.54192e-08  5.76095e-05  3.95882e-08 -2.91763e-09  2.00996e-09 
           9     -2.04435 -6.25832e-07 -4.66606e-08  5.76092e-05  3.98874e-08  -2.9703e-09  2.11738e-09 
           9     -2.02225 -6.30669e-07 -4.78961e-08  5.76088e-05   4.0197e-08 -3.02396e-09  2.22908e-09 
           9      -1.9999 -6.35596e-07 -4.91232e-08  5.76084e-05  4.05172e-08 -3.07872e-09  2.34511e-09 
           9      -1.9773 -6.40602e-07  -5.0339e-08   5.7608e-05  4.08485e-08 -3.13474e-09  2.46558e-09 
           9     -1.95445 -6.45675e-07 -5.15398e-08  5.76076e-05  4.11914e-08 -3.19224e-09  2.59059e-09 
           9     -1.93134   -6.508e-07 -5.27204e-08  5.76072e-05  4.15463e-08 -3.25146e-09  2.72024e-09 
           9     -1.90799  -6.5596e-07 -5.38748e-08  5.76067e-05  4.19133e-08 -3.31271e-09  2.85459e-09 
           9     -1.88438 -6.61134e-07 -5.49951e-08  5.76062e-05  4.22927e-08 -3.37633e-09  2.99374e-09 
           9     -1.86051   -6.663e-07 -5.60718e-08  5.76057e-05  4.26845e-08 -3.44272e-09  3.13773e-09 
           9     -1.83639 -6.71435e-07 -5.70937e-08  5.76052e-05  4.30884e-08  -3.5124e-09  3.28666e-09 
           9     -1.81203 -6.76507e-07 -5.80467e-08  5.76047e-05   4.3504e-08 -3.58589e-09  3.44048e-09 
           9     -1.78741 -6.81487e-07 -5.89152e-08  5.76041e-05  4.39306e-08 -3.66382e-09  3.59924e-09 
           9     -1.76253 -6.86342e-07 -5.96808e-08  5.76035e-05  4.43671e-08 -3.74688e-09  3.76291e-09 
           9     -1.73741 -6.91034e-07 -6.03224e-08  5.76029e-05   4.4812e-08 -3.83586e-09  3.93146e-09 
           9     -1.71203 -6.95524e-07 -6.08162e-08  5.76023e-05  4.52635e-08 -3.93167e-09   4.1048e-09 
           9      -1.6864 -6.99766e-07 -6.11361e-08  5.76016e-05  4.57189e-08 -4.03523e-09   4.2828e-09 
           9     -1.66052 -7.03711e-07 -6.12528e-08  5.76009e-05  4.61752e-08 -4.14763e-09  4.46529e-09 
           9     -1.63438 -7.07301e-07 -6.11348e-08  5.76002e-05  4.66287e-08 -4.27019e-09  4.65211e-09 
           9     -1.60799 -7.10475e-07 -6.07484e-08  5.75994e-05  4.70749e-08 -4.40422e-09  4.84291e-09 
           9     -1.58135 -7.13163e-07 -6.00577e-08  5.75986e-05  4.75083e-08 -4.55117e-09  5.03738e-09 
           9     -1.55446 -7.15291e-07 -5.90251e-08  5.75977e-05  4.79227e-08 -4.71259e-09  5.23516e-09 
           9     -1.52731 -7.16773e-07 -5.76113e-08  5.75969e-05  4.83106e-08 -4.89024e-09  5.43579e-09 
           9     -1.49992 -7.17514e-07 -5.57763e-08  5.75959e-05  4.86638e-08 -5.08613e-09  5.63876e-09 
           9     -1.47227 -7.17413e-07 -5.34799e-08   5.7595e-05  4.89727e-08 -5.30215e-09   5.8435e-09 
           9     -1.44436 -7.16359e-07 -5.06815e-08   5.7594e-05  4.92263e-08 -5.54045e-09  6.04942e-09 
           9      -1.4162 -7.14228e-07 -4.73419e-08  5.75929e-05  4.94131e-08 -5.80355e-09   6.2559e-09 
           9     -1.38779 -7.10893e-07 -4.34256e-08  5.75918e-05  4.95199e-08 -6.09367e-09  6.46221e-09 
           9     -1.35913 -7.06219e-07 -3.88993e-08  5.75906e-05  4.95321e-08 -6.41301e-09  6.66778e-09 
           9     -1.33022 -7.00063e-07 -3.37351e-08  5.75895e-05  4.94346e-08 -6.76371e-09  6.87206e-09 
           9     -1.30106 -6.92281e-07 -2.79136e-08  5.75882e-05   4.9212e-08 -7.14779e-09  7.07461e-09 
           9     -1.27164 -6.82726e-07 -2.14259e-08  5.75869e-05  4.88487e-08 -7.56689e-09  7.27525e-09 
           9     -1.24197 -6.71265e-07 -1.42774e-08  5.75856e-05  4.83296e-08 -8.02125e-09  7.47399e-09 
           9     -1.21205 -6.57773e-07  -6.4916e-09  5.75842e-05  4.76417e-08 -8.51054e-09  7.67132e-09 
           9     -1.18186 -6.42149e-07  1.88634e-09  5.75827e-05  4.67747e-08 -9.03283e-09  7.86821e-09 
           9     -1.15144 -6.24338e-07  1.07792e-08  5.75812e-05  4.57236e-08 -9.58399e-09  8.06601e-09 
           9     -1.12076  -6.0433e-07  2.00823e-08  5.75797e-05  4.44898e-08 -1.01582e-08  8.26669e-09 
           9     -1.08982 -5.82185e-07  2.96542e-08  5.75781e-05  4.30832e-08 -1.07473e-08  8.47265e-09 
           9     -1.05864 -5.58053e-07  3.93154e-08  5.75765e-05   4.1523e-08 -1.13409e-08  8.68658e-09 
           9      -1.0272 -5.32181e-07  4.88519e-08  5.75749e-05  3.98363e-08 -1.19259e-08  8.91125e-09 
           9    -0.995511  -5.0493e-07  5.80195e-08  5.75732e-05  3.80606e-08 -1.24889e-08  9.14921e-09 
           9    -0.963568 -4.76771e-07  6.65525e-08  5.75715e-05  3.62412e-08 -1.30168e-08  9.40243e-09 
           9    -0.931366  -4.4827e-07  7.41792e-08  5.75698e-05  3.44244e-08 -1.34969e-08  9.67212e-09 
           9    -0.898919 -4.20092e-07  8.06342e-08  5.75681e-05  3.26581e-08 -1.39196e-08  9.95843e-09 
           9    -0.866218 -3.92919e-07  8.56874e-08  5.75664e-05  3.09807e-08 -1.42783e-08  1.02608e-08 
           9    -0.833265 -3.67443e-07  8.91565e-08  5.75646e-05  2.94219e-08 -1.45704e-08  1.05777e-08 
           9     -0.80006 -3.44295e-07  9.09261e-08  5.75629e-05  2.79991e-08 -1.47973e-08  1.09076e-08 
           9    -0.766602 -3.23988e-07  9.09595e-08  5.75611e-05  2.67123e-08 -1.49614e-08  1.12493e-08 
           9    -0.732892 -3.06882e-07  8.93024e-08  5.75594e-05  2.55527e-08 -1.50677e-08   1.1602e-08 
           9    -0.698929 -2.93143e-07  8.60783e-08  5.75576e-05  2.45018e-08 -1.51204e-08  1.19659e-08 
           9    -0.664707 -2.82722e-07  8.14758e-08  5.75558e-05  2.35364e-08 -1.51224e-08  1.23422e-08 
           9    -0.630239 -2.75361e-07  7.57345e-08   5.7554e-05  2.26317e-08 -1.50743e-08  1.27321e-08 
           9    -0.595518 -2.70592e-07  6.91185e-08  5.75523e-05  2.17641e-08  -1.4975e-08  1.31372e-08 
           9    -0.560545 -2.67779e-07  6.18986e-08  5.75505e-05  2.09136e-08 -1.48234e-08  1.35579e-08 
           9     -0.52532 -2.66132e-07  5.43331e-08  5.75487e-05    2.006e-08 -1.46179e-08  1.39938e-08 
           9    -0.489842 -2.64748e-07  4.66526e-08  5.75469e-05  1.91841e-08 -1.43592e-08  1.44427e-08 
           9    -0.454111 -2.62638e-07  3.90521e-08  5.75451e-05  1.82648e-08 -1.40507e-08  1.49004e-08 
           9    -0.418128 -2.58754e-07  3.16856e-08  5.75432e-05  1.72798e-08  -1.3699e-08  1.53615e-08 
           9    -0.381885 -2.52014e-07  2.46643e-08  5.75414e-05  1.62082e-08 -1.33153e-08  1.58186e-08 
           9    -0.345397 -2.41335e-07  1.80637e-08  5.75396e-05  1.50357e-08  -1.2914e-08  1.62633e-08 
           9    -0.308657 -2.25656e-07   1.1919e-08  5.75378e-05  1.37611e-08 -1.25129e-08  1.66865e-08 
           9    -0.271664 -2.03976e-07  6.23464e-09  5.75359e-05  1.24081e-08 -1.21323e-08  1.70787e-08 
           9    -0.234418 -1.75394e-07  9.87319e-10  5.75341e-05  1.10359e-08 -1.17935e-08  1.74301e-08 
           9     -0.19692 -1.39155e-07 -3.87012e-09  5.75323e-05   9.7512e-09 -1.15188e-08  1.77316e-08 
           9     -0.15917 -9.46952e-08 -8.40536e-09  5.75305e-05  8.71709e-09 -1.13297e-08  1.79746e-08 
           9    -0.121166  -4.1688e-08 -1.27032e-08  5.75287e-05  8.15732e-09 -1.12467e-08  1.81514e-08 
           9    -0.082903   1.9924e-08 -1.68623e-08   5.7527e-05  8.35425e-09 -1.12886e-08  1.82555e-08 
           9    -0.044395  8.98556e-08 -2.09884e-08  5.75253e-05  9.63693e-09 -1.14726e-08  1.82819e-08 
           9    -0.005634  1.67526e-07  -2.5195e-08  5.75236e-05    1.236e-08 -1.18143e-08  1.82273e-08 
           9     0.033379  2.51999e-07 -2.95948e-08   5.7522e-05  1.68724e-08 -1.23275e-08    1.809e-08 
           9     0.072644  3.41994e-07 -3.42961e-08  5.75204e-05   2.3477e-08  -1.3024e-08  1.78699e-08 
           9     0.112163  4.35901e-07 -3.94022e-08  5.75189e-05  3.23874e-08 -1.39145e-08  1.75691e-08 
           9     0.151933   5.3177e-07 -4.49874e-08  5.75175e-05  4.36714e-08 -1.50008e-08  1.71902e-08 
           9     0.191957  6.27356e-07 -5.11482e-08  5.75162e-05  5.72037e-08 -1.62778e-08  1.67408e-08 
           9      0.23224  7.20189e-07 -5.79077e-08   5.7515e-05  7.26377e-08 -1.77254e-08  1.62259e-08 
           9     0.272769  8.07441e-07 -6.53862e-08  5.75139e-05  8.92733e-08 -1.93014e-08  1.56626e-08 
           9     0.313549  8.86732e-07   -7.349e-08  5.75129e-05  1.06374e-07 -2.09045e-08  1.50506e-08 
           9     0.354583  9.55715e-07 -8.22685e-08   5.7512e-05  1.22886e-07 -2.25015e-08   1.4413e-08 
           9     0.395868  1.01279e-06 -9.17286e-08  5.75112e-05  1.37875e-07 -2.40593e-08  1.37697e-08 
           9     0.437407  1.05732e-06 -1.01851e-07  5.75106e-05   1.5067e-07 -2.55431e-08  1.31381e-08 
           9     0.479197   1.0894e-06 -1.12589e-07  5.75101e-05  1.60833e-07  -2.6918e-08  1.25336e-08 
           9     0.521241  1.10977e-06 -1.23879e-07  5.75097e-05  1.68137e-07 -2.81511e-08  1.19687e-08 
           9     0.563545  1.11959e-06 -1.35638e-07  5.75095e-05  1.72532e-07 -2.92135e-08   1.1453e-08 
           9     0.606093  1.12034e-06 -1.47766e-07  5.75094e-05  1.74119e-07  -3.0081e-08  1.09932e-08 
           9     0.648894  1.11366e-06 -1.60159e-07  5.75095e-05  1.73123e-07 -3.07365e-08  1.05932e-08 
           9     0.691948  1.10125e-06 -1.72703e-07  5.75097e-05  1.69856e-07 -3.11701e-08  1.02536e-08 
           9     0.735253  1.08474e-06 -1.85285e-07    5.751e-05  1.64694e-07 -3.13798e-08  9.97288e-09 
           9     0.778812  1.06561e-06 -1.97792e-07  5.75104e-05  1.58042e-07 -3.13713e-08  9.74691e-09 
           9     0.822623  1.04516e-06  -2.1012e-07   5.7511e-05  1.50308e-07 -3.11581e-08  9.57008e-09 
           9     0.866686  1.02445e-06 -2.22173e-07  5.75117e-05  1.41869e-07 -3.07604e-08  9.43571e-09 
           9     0.911011  1.00429e-06 -2.33876e-07  5.75125e-05   1.3305e-07 -3.02029e-08  9.33701e-09 
           9     0.955579  9.85307e-07 -2.45163e-07  5.75134e-05  1.24095e-07 -2.95139e-08  9.26825e-09 
           9       1.0004  9.67986e-07    -2.56e-07  5.75144e-05  1.15138e-07  -2.8721e-08  9.22591e-09 
           9      1.04547  9.52792e-07 -2.66378e-07  5.75155e-05  1.06184e-07 -2.78478e-08  9.21036e-09 
           9       1.0908  9.40494e-07 -2.76414e-07  5.75167e-05  9.77294e-08 -2.69747e-08  9.22609e-09 
           9      1.13638  9.31526e-07 -2.86155e-07  5.75181e-05  9.00334e-08 -2.61405e-08  9.26877e-09 
           9      1.18221  9.23826e-07 -2.95449e-07  5.75195e-05  8.25699e-08 -2.52651e-08  9.33061e-09 
           9      1.22829  9.16774e-07 -3.04201e-07   5.7521e-05   7.5372e-08 -2.43368e-08  9.39901e-09 
           9      1.27464  9.09952e-07 -3.12403e-07  5.75225e-05  6.84778e-08 -2.33656e-08  9.47149e-09 
           9      1.32123  9.02945e-07 -3.20045e-07  5.75242e-05  6.19209e-08 -2.23604e-08  9.54553e-09 
           9      1.36807  8.95343e-07 -3.27121e-07  5.75258e-05  5.57247e-08 -2.13283e-08  9.61872e-09 
           9      1.41516  8.86768e-07 -3.33629e-07  5.75276e-05  4.99074e-08  -2.0276e-08  9.68875e-09 
           9      1.46251  8.76878e-07 -3.39568e-07  5.75294e-05  4.44821e-08  -1.9209e-08  9.75347e-09 
           9      1.51011  8.65384e-07 -3.44938e-07  5.75312e-05  3.94574e-08 -1.81328e-08  9.81089e-09 
           9      1.55796   8.5206e-07 -3.49743e-07   5.7533e-05  3.48379e-08 -1.70523e-08  9.85924e-09 
           9      1.60606  8.36746e-07 -3.53989e-07  5.75349e-05   3.0625e-08 -1.59723e-08  9.89696e-09 
           9      1.65443  8.19358e-07 -3.57683e-07  5.75368e-05  2.68162e-08 -1.48975e-08   9.9227e-09 
           9      1.70304  7.99896e-07 -3.60832e-07  5.75387e-05  2.34086e-08 -1.38329e-08  9.93534e-09 
           9       1.7519  7.78433e-07 -3.63448e-07  5.75407e-05  2.03944e-08 -1.27835e-08  9.93393e-09 
           9      1.80101  7.55119e-07 -3.65541e-07  5.75426e-05  1.77639e-08 -1.17544e-08  9.91769e-09 
           9      1.85038  7.30172e-07 -3.67119e-07  5.75445e-05  1.55043e-08 -1.07508e-08  9.88592e-09 
           9          1.9  7.03869e-07 -3.68194e-07  5.75464e-05  1.35995e-08 -9.77817e-09  9.83798e-09 
           9      1.94987  6.76535e-07  -3.6877e-07  5.75483e-05  1.20291e-08 -8.84167e-09  9.77315e-09 
           9            2  6.48508e-07 -3.68851e-07  5.75502e-05  1.07675e-08 -7.94609e-09  9.69053e-09 
          10           -3  5.07368e-20 -9.90495e-24  5.76412e-05 -9.77345e-15  7.07621e-17 -2.75179e-18 
          10     -2.99987 -9.80326e-10  3.91633e-15  5.76412e-05  7.31347e-14  6.33189e-17 -2.46093e-18 
          10      -2.9995 -3.92243e-09  4.74153e-14  5.76412e-05  1.29342e-12  2.09037e-17 -1.66943e-18 
          10     -2.99886  -8.7986e-09   2.2349e-13  5.76412e-05  6.52819e-12 -2.44623e-16 -4.89298e-19 
          10     -2.99798 -1.55833e-08  6.81143e-13  5.76412e-05  2.04892e-11 -1.47313e-15  1.79287e-18 
          10     -2.99684 -2.42223e-08  1.61451e-12  5.76412e-05  4.95401e-11 -5.58274e-15  9.51662e-18 
          10     -2.99546 -3.46634e-08  3.25193e-12  5.76412e-05  1.01567e-10  -1.6543e-14  3.74495e-17 
          10     -2.99381 -4.68262e-08  5.83615e-12  5.76412e-05  1.85626e-10 -4.14379e-14  1.24128e-16 
          10     -2.99192 -6.06322e-08  9.60993e-12  5.76412e-05   3.1182e-10 -9.17787e-14  3.55079e-16 
          10     -2.98977 -7.59761e-08   1.4788e-11  5.76412e-05  4.90767e-10 -1.84871e-13  8.98676e-16 
          10     -2.98738 -9.27546e-08  2.15418e-11  5.76412e-05  7.33539e-10 -3.45495e-13  2.05936e-15 
          10     -2.98472 -1.10846e-07  2.99681e-11  5.76412e-05   1.0511e-09 -6.07467e-13  4.34965e-15 
          10     -2.98182 -1.30112e-07  4.00619e-11  5.76412e-05  1.45388e-09 -1.01516e-12  8.58312e-15 
          10     -2.97866 -1.50411e-07  5.16979e-11  5.76412e-05  1.95163e-09 -1.62527e-12  1.59938e-14 
          10     -2.97525 -1.71601e-07  6.46068e-11  5.76412e-05  2.55324e-09 -2.50856e-12  2.83834e-14 
          10     -2.97159 -1.93517e-07  7.83414e-11  5.76412e-05  3.26585e-09 -3.75039e-12    4.828e-14 
          10     -2.96768 -2.16009e-07  9.22732e-11  5.76412e-05  4.09558e-09 -5.45335e-12  7.91549e-14 
          10     -2.96351 -2.38892e-07  1.05546e-10  5.76412e-05  5.04562e-09 -7.73459e-12  1.25578e-13 
          10     -2.95909 -2.62005e-07  1.17098e-10  5.76412e-05  6.11817e-09 -1.07304e-11  1.93523e-13 
          10     -2.95442 -2.85172e-07  1.25624e-10  5.76412e-05  7.31283e-09  -1.4593e-11  2.90559e-13 
          10      -2.9495 -3.08214e-07  1.29577e-10  5.76412e-05   8.6267e-09 -1.94891e-11  4.26072e-13 
          10     -2.94432 -3.30957e-07  1.27172e-10  5.76412e-05  1.00548e-08 -2.55999e-11  6.11544e-13 
          10     -2.93889 -3.53238e-07  1.16385e-10  5.76412e-05  1.15904e-08 -3.31199e-11  8.60821e-13 
          10     -2.93321 -3.74899e-07  9.49589e-11  5.76412e-05   1.3224e-08 -4.22518e-11  1.19026e-12 
          10     -2.92727  -3.9577e-07  6.04285e-11  5.76412e-05  1.49445e-08 -5.32032e-11  1.61893e-12 
          10     -2.92109 -4.15707e-07  1.01505e-11  5.76412e-05  1.67383e-08 -6.61784e-11  2.16855e-12 
          10     -2.91465 -4.34582e-07 -5.87238e-11  5.76412e-05  1.85917e-08 -8.13886e-11  2.86427e-12 
          10     -2.90796 -4.52261e-07 -1.49122e-10  5.76412e-05  2.04879e-08 -9.90225e-11  3.73361e-12 
          10     -2.90101 -4.68641e-07 -2.64129e-10  5.76412e-05  2.24109e-08 -1.19266e-10  4.80768e-12 
          10     -2.89382 -4.83629e-07 -4.06872e-10  5.76412e-05  2.43432e-08 -1.42282e-10  6.12034e-12 
          10     -2.88637 -4.97147e-07 -5.80479e-10  5.76412e-05   2.6267e-08 -1.68202e-10  7.70809e-12 
          10     -2.87867 -5.09137e-07  -7.8807e-10  5.76411e-05  2.81646e-08 -1.97131e-10   9.6102e-12 
          10     -2.87071 -5.19562e-07  -1.0328e-09  5.76411e-05  3.00197e-08 -2.29151e-10  1.18693e-11 
          10      -2.8625 -5.28397e-07  -1.3175e-09  5.76411e-05  3.18149e-08 -2.64276e-10  1.45284e-11 
          10     -2.85405 -5.35643e-07 -1.64501e-09  5.76411e-05  3.35351e-08 -3.02495e-10  1.76335e-11 
          10     -2.84533 -5.41317e-07 -2.01797e-09  5.76411e-05  3.51665e-08 -3.43753e-10  2.12325e-11 
          10     -2.83637 -5.45457e-07 -2.43873e-09   5.7641e-05  3.66965e-08 -3.87938e-10  2.53736e-11 
          10     -2.82715 -5.48115e-07 -2.90942e-09   5.7641e-05  3.81146e-08 -4.34896e-10  3.01065e-11 
          10     -2.81768 -5.49362e-07 -3.43201e-09   5.7641e-05  3.94123e-08 -4.84437e-10  3.54825e-11 
          10     -2.80796 -5.49283e-07 -4.00788e-09   5.7641e-05  4.05825e-08 -5.36301e-10  4.15505e-11 
          10     -2.79799 -5.47976e-07 -4.63859e-09  5.76409e-05  4.16215e-08 -5.90233e-10  4.83645e-11 
          10     -2.78776 -5.45552e-07 -5.32461e-09  5.76409e-05  4.25261e-08 -6.45877e-10  5.59704e-11 
          10     -2.77728 -5.42128e-07  -6.0669e-09  5.76409e-05  4.32967e-08 -7.02912e-10  6.44222e-11 
          10     -2.76655 -5.37831e-07 -6.86555e-09  5.76408e-05  4.39347e-08 -7.60955e-10   7.3768e-11 
          10     -2.75556 -5.32791e-07 -7.72085e-09  5.76408e-05  4.44442e-08  -8.1964e-10  8.40607e-11 
          10     -2.74433 -5.27142e-07 -8.63235e-09  5.76407e-05  4.48305e-08 -8.78564e-10   9.5348e-11 
          10     -2.73284 -5.21015e-07 -9.59987e-09  5.76407e-05  4.51009e-08 -9.37358e-10  1.07684e-10 
          10      -2.7211 -5.14541e-07 -1.06226e-08  5.76406e-05  4.52637e-08 -9.95636e-10  1.21116e-10 
          10      -2.7091 -5.07845e-07 -1.17002e-08  5.76405e-05  4.53285e-08 -1.05307e-09  1.35705e-10 
          10     -2.69685 -5.01049e-07 -1.28314e-08  5.76405e-05  4.53058e-08  -1.1093e-09  1.51497e-10 
          10     -2.68435 -4.94263e-07 -1.40155e-08  5.76404e-05  4.52066e-08 -1.16405e-09  1.68552e-10 
          10      -2.6716 -4.87589e-07 -1.52518e-08  5.76403e-05  4.50425e-08 -1.21706e-09  1.86932e-10 
          10      -2.6586 -4.81119e-07 -1.65396e-08  5.76403e-05   4.4825e-08 -1.26815e-09  2.06701e-10 
          10     -2.64534 -4.74931e-07 -1.78782e-08  5.76402e-05  4.45656e-08 -1.31713e-09  2.27927e-10 
          10     -2.63183 -4.69094e-07 -1.92671e-08  5.76401e-05  4.42754e-08  -1.3639e-09  2.50685e-10 
          10     -2.61807 -4.63662e-07 -2.07062e-08    5.764e-05   4.3965e-08  -1.4084e-09  2.75057e-10 
          10     -2.60405 -4.58676e-07 -2.21957e-08  5.76399e-05  4.36443e-08 -1.45063e-09  3.01134e-10 
          10     -2.58978 -4.54168e-07 -2.37354e-08  5.76398e-05  4.33226e-08 -1.49062e-09  3.29003e-10 
          10     -2.57526 -4.50156e-07  -2.5326e-08  5.76397e-05   4.3008e-08 -1.52845e-09  3.58773e-10 
          10     -2.56049 -4.46646e-07 -2.69686e-08  5.76396e-05  4.27077e-08 -1.56425e-09  3.90559e-10 
          10     -2.54547 -4.43636e-07 -2.86642e-08  5.76395e-05  4.24279e-08 -1.59817e-09  4.24484e-10 
          10     -2.53019 -4.41114e-07 -3.04143e-08  5.76394e-05  4.21737e-08 -1.63041e-09  4.60681e-10 
          10     -2.51466 -4.39062e-07 -3.22205e-08  5.76392e-05  4.19491e-08 -1.66118e-09  4.99295e-10 
          10     -2.49888 -4.37454e-07 -3.40851e-08  5.76391e-05  4.17572e-08 -1.69071e-09  5.40485e-10 
          10     -2.48284 -4.36258e-07 -3.60107e-08   5.7639e-05     4.16e-08 -1.71926e-09  5.84431e-10 
          10     -2.46656 -4.35443e-07  -3.7999e-08  5.76388e-05  4.14788e-08 -1.74706e-09  6.31296e-10 
          10     -2.45002  -4.3497e-07 -4.00533e-08  5.76387e-05  4.13941e-08 -1.77436e-09  6.81288e-10 
          10     -2.43322 -4.34803e-07 -4.21764e-08  5.76385e-05  4.13456e-08 -1.80143e-09  7.34614e-10 
          10     -2.41618 -4.34904e-07 -4.43712e-08  5.76383e-05  4.13324e-08 -1.82851e-09  7.91501e-10 
          10     -2.39888 -4.35236e-07 -4.66413e-08  5.76381e-05  4.13533e-08 -1.85583e-09  8.52194e-10 
          10     -2.38133 -4.35763e-07   -4.899e-08   5.7638e-05  4.14067e-08  -1.8836e-09  9.16953e-10 
          10     -2.36353 -4.36454e-07 -5.14205e-08  5.76378e-05  4.14906e-08 -1.91205e-09  9.86052e-10 
          10     -2.34547  -4.3728e-07  -5.3937e-08  5.76376e-05  4.16032e-08 -1.94136e-09   1.0598e-09 
          10     -2.32716 -4.38212e-07 -5.65421e-08  5.76373e-05  4.17422e-08 -1.97171e-09   1.1385e-09 
          10     -2.30861  -4.3923e-07   -5.924e-08  5.76371e-05  4.19056e-08 -2.00326e-09  1.22249e-09 
          10     -2.28979 -4.40315e-07 -6.20342e-08  5.76369e-05  4.20914e-08 -2.03616e-09  1.31213e-09 
          10     -2.27073  -4.4145e-07 -6.49287e-08  5.76366e-05  4.22978e-08 -2.07055e-09  1.40782e-09 
          10     -2.25141 -4.42625e-07 -6.79272e-08  5.76364e-05  4.25232e-08 -2.10657e-09  1.50997e-09 
          10     -2.23184 -4.43833e-07 -7.10338e-08  5.76361e-05  4.27662e-08 -2.14433e-09  1.61902e-09 
          10     -2.21202 -4.45067e-07 -7.42525e-08  5.76358e-05  4.30255e-08 -2.18394e-09  1.73545e-09 
          10     -2.19194 -4.46327e-07 -7.75882e-08  5.76356e-05  4.33003e-08 -2.22553e-09  1.85979e-09 
          10     -2.17161 -4.47613e-07 -8.10438e-08  5.76353e-05  4.35899e-08 -2.26918e-09  1.99253e-09 
          10     -2.15103 -4.48929e-07 -8.46247e-08   5.7635e-05  4.38938e-08   -2.315e-09  2.13428e-09 
          10      -2.1302  -4.5028e-07 -8.83355e-08  5.76346e-05  4.42119e-08 -2.36308e-09  2.28564e-09 
          10     -2.10912 -4.51674e-07 -9.21814e-08  5.76343e-05  4.45442e-08 -2.41353e-09  2.44728e-09 
          10     -2.08778 -4.53118e-07 -9.61675e-08  5.76339e-05   4.4891e-08 -2.46642e-09   2.6199e-09 
          10     -2.06619 -4.54624e-07   -1.003e-07  5.76336e-05  4.52525e-08 -2.52183e-09  2.80424e-09 
          10     -2.04435 -4.56202e-07 -1.04584e-07  5.76332e-05  4.56293e-08 -2.57982e-09  3.00107e-09 
          10     -2.02225 -4.57865e-07 -1.09027e-07  5.76328e-05   4.6022e-08 -2.64044e-09  3.21129e-09 
          10      -1.9999 -4.59626e-07 -1.13636e-07  5.76324e-05  4.64311e-08 -2.70368e-09  3.43568e-09 
          10      -1.9773 -4.61498e-07 -1.18417e-07   5.7632e-05  4.68574e-08 -2.76954e-09   3.6752e-09 
          10     -1.95445 -4.63496e-07  -1.2338e-07  5.76315e-05  4.73014e-08 -2.83794e-09  3.93082e-09 
          10     -1.93134 -4.65636e-07 -1.28532e-07  5.76311e-05  4.77639e-08 -2.90878e-09  4.20356e-09 
          10     -1.90799 -4.67934e-07 -1.33883e-07  5.76306e-05  4.82452e-08 -2.98186e-09  4.49445e-09 
          10     -1.88438 -4.70405e-07 -1.39443e-07  5.76301e-05  4.87459e-08 -3.05691e-09   4.8046e-09 
          10     -1.86051 -4.73068e-07 -1.45222e-07  5.76296e-05  4.92661e-08 -3.13356e-09  5.13513e-09 
          10     -1.83639  -4.7594e-07 -1.51233e-07  5.76291e-05   4.9806e-08  -3.2114e-09  5.48727e-09 
          10     -1.81203 -4.79038e-07 -1.57483e-07  5.76285e-05  5.03655e-08 -3.28982e-09  5.86208e-09 
          10     -1.78741 -4.82381e-07 -1.63986e-07  5.76279e-05   5.0944e-08 -3.36813e-09   6.2608e-09 
          10     -1.76253 -4.85987e-07 -1.70753e-07  5.76273e-05  5.15411e-08 -3.44547e-09  6.68465e-09 
          10     -1.73741 -4.89877e-07 -1.77795e-07  5.76267e-05  5.21558e-08 -3.52084e-09  7.13485e-09 
          10     -1.71203  -4.9407e-07 -1.85122e-07  5.76261e-05   5.2787e-08 -3.59312e-09  7.61259e-09 
          10      -1.6864 -4.98586e-07 -1.92743e-07  5.76254e-05   5.3433e-08 -3.66094e-09  8.11903e-09 
          10     -1.66052 -5.03447e-07 -2.00667e-07  5.76247e-05  5.40919e-08 -3.72277e-09  8.65529e-09 
          10     -1.63438 -5.08671e-07 -2.08902e-07   5.7624e-05  5.47618e-08 -3.77711e-09  9.22252e-09 
          10     -1.60799 -5.14277e-07 -2.17446e-07  5.76233e-05  5.54397e-08 -3.82221e-09  9.82145e-09 
          10     -1.58135 -5.20286e-07 -2.26303e-07  5.76225e-05  5.61231e-08 -3.85611e-09   1.0453e-08 
          10     -1.55446 -5.26721e-07 -2.35469e-07  5.76217e-05  5.68085e-08 -3.87673e-09  1.11177e-08 
          10     -1.52731 -5.33601e-07 -2.44937e-07  5.76209e-05  5.74927e-08 -3.88195e-09   1.1816e-08 
          10     -1.49992 -5.40942e-07 -2.54695e-07    5.762e-05  5.81718e-08 -3.86977e-09   1.2548e-08 
          10     -1.47227 -5.48762e-07 -2.64726e-07  5.76192e-05  5.88422e-08 -3.83798e-09  1.33135e-08 
          10     -1.44436 -5.57078e-07  -2.7501e-07  5.76182e-05  5.94996e-08 -3.78433e-09  1.41118e-08 
          10      -1.4162 -5.65901e-07  -2.8552e-07  5.76173e-05  6.01401e-08 -3.70691e-09   1.4942e-08 
          10     -1.38779 -5.75237e-07 -2.96221e-07  5.76163e-05  6.07597e-08 -3.60387e-09   1.5802e-08 
          10     -1.35913 -5.85091e-07 -3.07075e-07  5.76153e-05  6.13545e-08 -3.47352e-09  1.66897e-08 
          10     -1.33022  -5.9546e-07 -3.18041e-07  5.76143e-05  6.19209e-08  -3.3145e-09  1.76021e-08 
          10     -1.30106 -6.06329e-07 -3.29068e-07  5.76132e-05  6.24554e-08 -3.12613e-09  1.85355e-08 
          10     -1.27164  -6.1767e-07 -3.40102e-07  5.76121e-05  6.29553e-08 -2.90846e-09  1.94853e-08 
          10     -1.24197  -6.2945e-07 -3.51083e-07  5.76109e-05  6.34179e-08 -2.66184e-09  2.04464e-08 
          10     -1.21205 -6.41623e-07 -3.61947e-07  5.76097e-05  6.38415e-08 -2.38754e-09  2.14125e-08 
          10     -1.18186 -6.54126e-07 -3.72622e-07  5.76085e-05  6.42245e-08 -2.08796e-09  2.23771e-08 
          10     -1.15144 -6.66869e-07 -3.83028e-07  5.76072e-05  6.45656e-08 -1.76695e-09   2.3332e-08 
          10     -1.12076 -6.79744e-07 -3.93076e-07  5.76059e-05  6.48634e-08 -1.42974e-09  2.42689e-08 
          10     -1.08982 -6.92617e-07 -4.02669e-07  5.76045e-05  6.51155e-08 -1.08329e-09  2.51787e-08 
          10     -1.05864 -7.05314e-07 -4.11692e-07  5.76031e-05   6.5318e-08 -7.36882e-10  2.60513e-08 
          10      -1.0272 -7.17603e-07 -4.20009e-07  5.76016e-05  6.54633e-08 -4.03183e-10  2.68753e-08 
          10    -0.995511 -7.29186e-07 -4.27453e-07  5.76001e-05  6.55388e-08 -9.85892e-11  2.76379e-08 
          10    -0.963568 -7.39675e-07  -4.3382e-07  5.75985e-05  6.55231e-08  1.55678e-10  2.83245e-08 
          10    -0.931366  -7.4855e-07 -4.38858e-07  5.75968e-05   6.5383e-08  3.31723e-10  2.89182e-08 
          10    -0.898919 -7.55148e-07 -4.42246e-07  5.75951e-05  6.50698e-08  3.95194e-10  2.93985e-08 
          10    -0.866218 -7.58567e-07 -4.43601e-07  5.75934e-05  6.45151e-08  3.00382e-10  2.97426e-08 
          10    -0.833265 -7.57708e-07 -4.42473e-07  5.75916e-05   6.3631e-08 -4.70789e-12  2.99253e-08 
          10     -0.80006 -7.51296e-07 -4.38363e-07  5.75897e-05  6.23143e-08 -5.74505e-10   2.9922e-08 
          10    -0.766602 -7.37874e-07 -4.30774e-07  5.75878e-05  6.04584e-08  -1.4628e-09  2.97121e-08 
          10    -0.732892 -7.16032e-07 -4.19276e-07  5.75858e-05  5.79773e-08 -2.70504e-09  2.92852e-08 
          10    -0.698929 -6.84585e-07 -4.03618e-07  5.75837e-05  5.48348e-08 -4.30649e-09  2.86486e-08 
          10    -0.664707 -6.42881e-07 -3.83837e-07  5.75816e-05  5.10766e-08 -6.22683e-09   2.7832e-08 
          10    -0.630239 -5.91108e-07 -3.60371e-07  5.75794e-05   4.6854e-08 -8.37406e-09  2.68895e-08 
          10    -0.595518 -5.30516e-07 -3.34099e-07  5.75772e-05  4.24106e-08   -1.061e-08  2.58946e-08 
          10    -0.560545 -4.63547e-07  -3.0632e-07   5.7575e-05  3.80402e-08  -1.2768e-08  2.49296e-08 
          10     -0.52532 -3.93543e-07 -2.78623e-07  5.75728e-05  3.40194e-08  -1.4692e-08  2.40705e-08 
          10    -0.489842 -3.24385e-07  -2.5267e-07  5.75706e-05  3.05291e-08 -1.62603e-08  2.33748e-08 
          10    -0.454111 -2.59797e-07  -2.2994e-07  5.75684e-05  2.76177e-08 -1.74095e-08  2.28745e-08 
          10    -0.418128 -2.02687e-07 -2.11499e-07  5.75663e-05  2.52061e-08 -1.81321e-08  2.25761e-08 
          10    -0.381885 -1.54613e-07 -1.97849e-07  5.75642e-05  2.31341e-08  -1.8461e-08  2.24671e-08 
          10    -0.345397 -1.15513e-07 -1.88922e-07  5.75622e-05  2.12365e-08 -1.84544e-08  2.25228e-08 
          10    -0.308657 -8.37562e-08 -1.84157e-07  5.75602e-05  1.93881e-08 -1.81795e-08  2.27121e-08 
          10    -0.271664 -5.65334e-08 -1.82689e-07  5.75583e-05  1.75322e-08 -1.77073e-08  2.29997e-08 
          10    -0.234418 -3.03726e-08 -1.83538e-07  5.75564e-05  1.56838e-08 -1.71129e-08  2.33472e-08 
          10     -0.19692 -1.69554e-09 -1.85785e-07  5.75546e-05  1.39235e-08 -1.64752e-08   2.3715e-08 
          10     -0.15917  3.27187e-08  -1.8868e-07  5.75528e-05  1.23979e-08  -1.5875e-08  2.40641e-08 
          10    -0.121166  7.54189e-08 -1.91696e-07  5.75511e-05  1.13252e-08 -1.53899e-08  2.43587e-08 
          10    -0.082903  1.28127e-07 -1.94525e-07  5.75494e-05  1.10027e-08 -1.50893e-08  2.45689e-08 
          10    -0.044395  1.91666e-07 -1.97041e-07  5.75478e-05  1.18027e-08 -1.50302e-08  2.46718e-08 
          10    -0.005634  2.66064e-07 -1.99254e-07  5.75463e-05  1.41534e-08 -1.52547e-08  2.46518e-08 
          10     0.033379    3.506e-07 -2.01256e-07  5.75448e-05  1.85014e-08   -1.579e-08  2.45009e-08 
          10     0.072644  4.43915e-07 -2.03186e-07  5.75434e-05  2.52572e-08 -1.66484e-08  2.42172e-08 
          10     0.112163  5.44143e-07 -2.05197e-07  5.75421e-05  3.47358e-08 -1.78311e-08  2.38046e-08 
          10     0.151933  6.48925e-07 -2.07436e-07  5.75409e-05  4.70787e-08 -1.93218e-08  2.32709e-08 
          10     0.191957  7.55567e-07 -2.10034e-07  5.75398e-05  6.21994e-08 -2.10881e-08  2.26304e-08 
          10      0.23224  8.61151e-07 -2.13057e-07  5.75388e-05  7.97471e-08 -2.30838e-08  2.18936e-08 
          10     0.272769  9.62486e-07 -2.16557e-07   5.7538e-05  9.90427e-08 -2.52385e-08  2.10775e-08 
          10     0.313549  1.05689e-06 -2.20666e-07  5.75373e-05  1.19299e-07 -2.74881e-08  2.02065e-08 
          10     0.354583  1.14104e-06   -2.254e-07  5.75367e-05  1.39264e-07 -2.97369e-08   1.9308e-08 
          10     0.395868  1.21266e-06 -2.30794e-07  5.75362e-05  1.57792e-07 -3.19085e-08  1.84076e-08 
          10     0.437407  1.27056e-06 -2.36851e-07  5.75359e-05  1.73981e-07 -3.39408e-08  1.75281e-08 
          10     0.479197  1.31448e-06 -2.43547e-07  5.75358e-05  1.87177e-07 -3.57829e-08  1.66887e-08 
          10     0.521241  1.34486e-06 -2.50832e-07  5.75358e-05  1.96974e-07 -3.73936e-08  1.59049e-08 
          10     0.563545  1.36264e-06 -2.58634e-07   5.7536e-05  2.03203e-07 -3.87397e-08  1.51879e-08 
          10     0.606093  1.36912e-06 -2.66857e-07  5.75363e-05  2.05908e-07 -3.97947e-08  1.45454e-08 
          10     0.648894   1.3658e-06 -2.75383e-07  5.75367e-05  2.05359e-07 -4.05386e-08   1.3982e-08 
          10     0.691948  1.35429e-06 -2.84137e-07  5.75373e-05  2.01924e-07 -4.09651e-08  1.35019e-08 
          10     0.735253  1.33624e-06 -2.92989e-07   5.7538e-05  1.96048e-07 -4.10746e-08  1.31011e-08 
          10     0.778812  1.31333e-06 -3.01813e-07  5.75389e-05  1.88247e-07 -4.08813e-08  1.27732e-08 
          10     0.822623  1.28723e-06   -3.105e-07  5.75398e-05  1.79051e-07 -4.04185e-08  1.25114e-08 
          10     0.866686  1.25972e-06 -3.18968e-07  5.75409e-05  1.68954e-07 -3.97448e-08  1.23105e-08 
          10     0.911011   1.2316e-06 -3.27202e-07  5.75421e-05  1.58335e-07  -3.8893e-08  1.21691e-08 
          10     0.955579  1.20344e-06 -3.35229e-07  5.75434e-05  1.47404e-07 -3.78974e-08   1.2084e-08 
          10       1.0004  1.17661e-06 -3.42986e-07  5.75447e-05  1.36599e-07 -3.68182e-08  1.20468e-08 
          10      1.04547  1.15178e-06 -3.50381e-07  5.75461e-05   1.2615e-07 -3.56873e-08  1.20473e-08 
          10       1.0908  1.12899e-06  -3.5738e-07  5.75476e-05  1.16148e-07 -3.45207e-08  1.20779e-08 
          10      1.13638   1.1079e-06 -3.63997e-07  5.75491e-05  1.06588e-07 -3.33243e-08  1.21345e-08 
          10      1.18221  1.08807e-06 -3.70114e-07  5.75506e-05  9.74781e-08 -3.20942e-08   1.2207e-08 
          10      1.22829  1.06903e-06  -3.7572e-07  5.75522e-05  8.88182e-08 -3.08345e-08  1.22907e-08 
          10      1.27464   1.0503e-06 -3.80815e-07  5.75538e-05  8.06071e-08 -2.95492e-08  1.23819e-08 
          10      1.32123  1.03141e-06 -3.85399e-07  5.75555e-05  7.28512e-08 -2.82428e-08  1.24771e-08 
          10      1.36807  1.01188e-06 -3.89478e-07  5.75571e-05  6.55545e-08 -2.69196e-08  1.25733e-08 
          10      1.41516  9.91341e-07 -3.93058e-07  5.75588e-05   5.8725e-08 -2.55845e-08  1.26677e-08 
          10      1.46251  9.69454e-07 -3.96142e-07  5.75605e-05  5.23717e-08 -2.42426e-08  1.27573e-08 
          10      1.51011  9.45982e-07 -3.98731e-07  5.75621e-05  4.65046e-08 -2.28994e-08  1.28393e-08 
          10      1.55796  9.20777e-07 -4.00824e-07  5.75637e-05  4.11322e-08 -2.15609e-08  1.29106e-08 
          10      1.60606  8.93778e-07 -4.02412e-07  5.75653e-05  3.62598e-08 -2.02329e-08  1.29682e-08 
          10      1.65443  8.64999e-07 -4.03487e-07  5.75669e-05  3.18861e-08 -1.89211e-08  1.30087e-08 
          10      1.70304  8.34534e-07 -4.04038e-07  5.75685e-05  2.80025e-08 -1.76312e-08  1.30293e-08 
          10       1.7519  8.02474e-07 -4.04099e-07  5.75699e-05  2.45975e-08 -1.63703e-08  1.30307e-08 
          10      1.80101  7.68813e-07   -4.037e-07  5.75714e-05  2.16448e-08 -1.51391e-08  1.30136e-08 
          10      1.85038  7.33818e-07 -4.02841e-07  5.75728e-05  1.91283e-08 -1.39426e-08  1.29758e-08 
          10          1.9  6.97908e-07 -4.01547e-07  5.75741e-05  1.70304e-08 -1.27897e-08  1.29171e-08 
          10      1.94987  6.61589e-07 -3.99849e-07  5.75754e-05  1.53291e-08 -1.16906e-08  1.28374e-08 
          10            2  6.25202e-07  -3.9774e-07  5.75766e-05  1.39874e-08 -1.06499e-08  1.27364e-08 
          11           -3  3.47004e-20  7.28816e-23  5.76846e-05 -1.03392e-14  7.11296e-17 -7.57571e-18 
          11     -2.99987 -9.85918e-10  1.10308e-15  5.76846e-05  8.87513e-14  6.30199e-17 -6.77017e-18 
          11      -2.9995 -3.94318e-09 -8.94289e-15  5.76846e-05  1.55276e-12 -2.12235e-17 -4.58306e-18 
          11     -2.99886 -8.83908e-09 -7.28605e-14  5.76846e-05  7.83652e-12  -7.2928e-16  -1.3928e-18 
          11     -2.99798   -1.564e-08 -2.70943e-13  5.76846e-05   2.4597e-11 -4.19379e-15  4.28829e-18 
          11     -2.99684 -2.42804e-08 -7.33685e-13  5.76846e-05  5.94725e-11 -1.59086e-14  2.23459e-17 
          11     -2.99546 -3.46943e-08 -1.66074e-12  5.76846e-05  1.21925e-10 -4.71709e-14  8.69089e-17 
          11     -2.99381 -4.67846e-08 -3.34137e-12  5.76846e-05  2.22818e-10 -1.17999e-13  2.87452e-16 
          11     -2.99192 -6.04541e-08  -6.1834e-12  5.76846e-05  3.74257e-10 -2.60666e-13  8.23064e-16 
          11     -2.98977 -7.55769e-08 -1.07379e-11  5.76846e-05  5.88963e-10 -5.23266e-13  2.08657e-15 
          11     -2.98738 -9.20276e-08 -1.77371e-11  5.76846e-05  8.80184e-10 -9.74013e-13  4.78998e-15 
          11     -2.98472 -1.09661e-07 -2.81225e-11  5.76846e-05  1.26103e-09 -1.70506e-12  1.01355e-14 
          11     -2.98182 -1.28316e-07 -4.30743e-11  5.76846e-05  1.74392e-09 -2.83603e-12  2.00377e-14 
          11     -2.97866 -1.47827e-07  -6.4051e-11  5.76846e-05   2.3405e-09 -4.51813e-12  3.74125e-14 
          11     -2.97525 -1.68028e-07 -9.28278e-11  5.76846e-05  3.06129e-09 -6.93804e-12  6.65369e-14 
          11     -2.97159 -1.88733e-07 -1.31502e-10  5.76846e-05  3.91476e-09 -1.03185e-11  1.13445e-13 
          11     -2.96768 -2.09769e-07 -1.82567e-10  5.76846e-05  4.90808e-09 -1.49246e-11  1.86473e-13 
          11     -2.96351 -2.30933e-07 -2.48838e-10  5.76846e-05  6.04492e-09 -2.10559e-11  2.96678e-13 
          11     -2.95909 -2.52047e-07 -3.33599e-10  5.76846e-05  7.32774e-09 -2.90583e-11  4.58635e-13 
          11     -2.95442 -2.72921e-07 -4.40523e-10  5.76846e-05   8.7559e-09 -3.93149e-11  6.90985e-13 
          11      -2.9495 -2.93365e-07 -5.73676e-10  5.76846e-05  1.03257e-08 -5.22435e-11  1.01711e-12 
          11     -2.94432 -3.13199e-07 -7.37559e-10  5.76845e-05  1.20311e-08 -6.82968e-11  1.46598e-12 
          11     -2.93889 -3.32254e-07 -9.37123e-10  5.76845e-05  1.38637e-08 -8.79607e-11  2.07304e-12 
          11     -2.93321 -3.50373e-07  -1.1777e-09  5.76845e-05  1.58123e-08 -1.11743e-10  2.88089e-12 
          11     -2.92727  -3.6739e-07   -1.465e-09  5.76845e-05  1.78634e-08 -1.40168e-10  3.94012e-12 
          11     -2.92109 -3.83171e-07 -1.80499e-09  5.76845e-05  2.00006e-08  -1.7376e-10  5.30976e-12 
          11     -2.91465 -3.97596e-07 -2.20421e-09  5.76845e-05  2.22077e-08  -2.1307e-10  7.05963e-12 
          11     -2.90796 -4.10549e-07  -2.6692e-09  5.76845e-05  2.44648e-08 -2.58612e-10  9.26868e-12 
          11     -2.90101 -4.21944e-07 -3.20704e-09  5.76845e-05  2.67528e-08 -3.10911e-10  1.20287e-11 
          11     -2.89382 -4.31711e-07 -3.82495e-09  5.76844e-05  2.90514e-08 -3.70461e-10  1.54436e-11 
          11     -2.88637 -4.39796e-07 -4.53027e-09  5.76844e-05  3.13395e-08 -4.37712e-10  1.96299e-11 
          11     -2.87867 -4.46167e-07 -5.33055e-09  5.76844e-05  3.35968e-08 -5.13085e-10   2.4719e-11 
          11     -2.87071 -4.50813e-07  -6.2339e-09  5.76844e-05  3.58041e-08 -5.96984e-10  3.08601e-11 
          11      -2.8625 -4.53741e-07 -7.24772e-09  5.76843e-05  3.79416e-08  -6.8969e-10  3.82142e-11 
          11     -2.85405 -4.54979e-07 -8.38008e-09  5.76843e-05   3.9992e-08 -7.91474e-10  4.69636e-11 
          11     -2.84533 -4.54573e-07 -9.63918e-09  5.76843e-05  4.19397e-08 -9.02554e-10  5.73108e-11 
          11     -2.83637 -4.52587e-07 -1.10331e-08  5.76842e-05  4.37705e-08 -1.02306e-09  6.94772e-11 
          11     -2.82715   -4.491e-07   -1.257e-08  5.76842e-05  4.54726e-08 -1.15305e-09  8.37086e-11 
          11     -2.81768 -4.44205e-07 -1.42586e-08  5.76841e-05  4.70367e-08  -1.2926e-09   1.0028e-10 
          11     -2.80796 -4.38007e-07 -1.61071e-08  5.76841e-05  4.84552e-08 -1.44159e-09  1.19484e-10 
          11     -2.79799  -4.3062e-07 -1.81249e-08   5.7684e-05  4.97241e-08 -1.60001e-09  1.41663e-10 
          11     -2.78776 -4.22171e-07 -2.03195e-08   5.7684e-05    5.084e-08 -1.76761e-09  1.67165e-10 
          11     -2.77728 -4.12785e-07 -2.27011e-08  5.76839e-05  5.18036e-08 -1.94425e-09  1.96401e-10 
          11     -2.76655 -4.02594e-07 -2.52782e-08  5.76838e-05  5.26168e-08 -2.12966e-09  2.29807e-10 
          11     -2.75556 -3.91728e-07 -2.80611e-08  5.76838e-05  5.32841e-08 -2.32364e-09  2.67876e-10 
          11     -2.74433 -3.80321e-07  -3.1059e-08  5.76837e-05  5.38114e-08 -2.52584e-09  3.11137e-10 
          11     -2.73284 -3.68494e-07 -3.42827e-08  5.76836e-05  5.42067e-08 -2.73604e-09  3.60189e-10 
          11      -2.7211 -3.56373e-07 -3.77418e-08  5.76835e-05  5.44789e-08 -2.95389e-09  4.15668e-10 
          11      -2.7091 -3.44065e-07 -4.14486e-08  5.76834e-05  5.46383e-08 -3.17921e-09   4.7831e-10 
          11     -2.69685 -3.31682e-07 -4.54121e-08  5.76834e-05   5.4696e-08  -3.4116e-09  5.48864e-10 
          11     -2.68435 -3.19318e-07  -4.9644e-08  5.76832e-05  5.46636e-08 -3.65088e-09  6.28191e-10 
          11      -2.6716 -3.07056e-07  -5.4156e-08  5.76831e-05  5.45532e-08 -3.89685e-09  7.17223e-10 
          11      -2.6586 -2.94972e-07 -5.89593e-08   5.7683e-05  5.43767e-08 -4.14933e-09   8.1697e-10 
          11     -2.64534  -2.8313e-07 -6.40646e-08  5.76829e-05  5.41462e-08 -4.40819e-09  9.28514e-10 
          11     -2.63183 -2.71582e-07 -6.94828e-08  5.76828e-05  5.38732e-08 -4.67333e-09  1.05303e-09 
          11     -2.61807 -2.60371e-07 -7.52248e-08  5.76826e-05  5.35689e-08 -4.94474e-09  1.19179e-09 
          11     -2.60405 -2.49529e-07 -8.13014e-08  5.76825e-05  5.32438e-08 -5.22245e-09  1.34615e-09 
          11     -2.58978 -2.39082e-07 -8.77193e-08  5.76824e-05  5.29076e-08  -5.5064e-09   1.5175e-09 
          11     -2.57526 -2.29047e-07 -9.44874e-08  5.76822e-05  5.25694e-08 -5.79672e-09  1.70736e-09 
          11     -2.56049 -2.19431e-07 -1.01613e-07  5.76821e-05  5.22374e-08  -6.0935e-09  1.91732e-09 
          11     -2.54547  -2.1024e-07 -1.09101e-07  5.76819e-05  5.19186e-08 -6.39687e-09    2.149e-09 
          11     -2.53019 -2.01473e-07 -1.16954e-07  5.76817e-05  5.16197e-08  -6.7069e-09  2.40408e-09 
          11     -2.51466 -1.93128e-07 -1.25174e-07  5.76816e-05  5.13461e-08 -7.02369e-09  2.68427e-09 
          11     -2.49888 -1.85199e-07  -1.3376e-07  5.76814e-05  5.11026e-08 -7.34729e-09  2.99131e-09 
          11     -2.48284 -1.77679e-07  -1.4271e-07  5.76812e-05  5.08932e-08 -7.67774e-09  3.32696e-09 
          11     -2.46656 -1.70565e-07 -1.52014e-07  5.76811e-05  5.07211e-08 -8.01478e-09  3.69273e-09 
          11     -2.45002 -1.63851e-07 -1.61664e-07  5.76809e-05  5.05889e-08 -8.35826e-09   4.0903e-09 
          11     -2.43322 -1.57535e-07 -1.71648e-07  5.76807e-05  5.04987e-08 -8.70779e-09  4.52109e-09 
          11     -2.41618 -1.51616e-07 -1.81948e-07  5.76805e-05   5.0452e-08  -9.0628e-09  4.98642e-09 
          11     -2.39888 -1.46095e-07 -1.92547e-07  5.76804e-05  5.04499e-08 -9.42254e-09  5.48742e-09 
          11     -2.38133 -1.40978e-07 -2.03419e-07  5.76802e-05  5.04929e-08 -9.78601e-09  6.02493e-09 
          11     -2.36353 -1.36272e-07 -2.14537e-07    5.768e-05  5.05813e-08 -1.01519e-08  6.59948e-09 
          11     -2.34547 -1.31988e-07 -2.25873e-07  5.76799e-05  5.07152e-08 -1.05188e-08  7.21139e-09 
          11     -2.32716 -1.28141e-07 -2.37388e-07  5.76797e-05  5.08942e-08 -1.08845e-08  7.86024e-09 
          11     -2.30861 -1.24746e-07 -2.49044e-07  5.76796e-05  5.11178e-08 -1.12471e-08  8.54549e-09 
          11     -2.28979  -1.2182e-07   -2.608e-07  5.76795e-05  5.13852e-08  -1.1604e-08  9.26597e-09 
          11     -2.27073 -1.19382e-07  -2.7261e-07  5.76793e-05  5.16955e-08 -1.19522e-08    1.002e-08 
          11     -2.25141 -1.17453e-07 -2.84426e-07  5.76792e-05  5.20478e-08 -1.22887e-08  1.08054e-08 
          11     -2.23184 -1.16052e-07 -2.96196e-07  5.76791e-05  5.24406e-08   -1.261e-08  1.16192e-08 
          11     -2.21202 -1.15197e-07 -3.07866e-07   5.7679e-05  5.28728e-08 -1.29122e-08  1.24581e-08 
          11     -2.19194 -1.14906e-07 -3.19384e-07   5.7679e-05  5.33429e-08 -1.31916e-08  1.33183e-08 
          11     -2.17161 -1.15194e-07 -3.30689e-07  5.76789e-05  5.38492e-08 -1.34439e-08  1.41948e-08 
          11     -2.15103 -1.16074e-07 -3.41725e-07  5.76789e-05  5.43899e-08 -1.36649e-08  1.50829e-08 
          11      -2.1302 -1.17555e-07 -3.52436e-07  5.76788e-05  5.49632e-08 -1.38504e-08  1.59769e-08 
          11     -2.10912 -1.19642e-07 -3.62765e-07  5.76788e-05  5.55669e-08 -1.39961e-08   1.6871e-08 
          11     -2.08778 -1.22335e-07 -3.72659e-07  5.76788e-05  5.61989e-08  -1.4098e-08  1.77589e-08 
          11     -2.06619  -1.2563e-07 -3.82064e-07  5.76789e-05  5.68566e-08 -1.41524e-08  1.86345e-08 
          11     -2.04435 -1.29514e-07 -3.90932e-07  5.76789e-05  5.75376e-08 -1.41559e-08  1.94912e-08 
          11     -2.02225 -1.33972e-07 -3.99219e-07  5.76789e-05   5.8239e-08 -1.41055e-08  2.03228e-08 
          11      -1.9999 -1.38983e-07 -4.06884e-07   5.7679e-05  5.89571e-08 -1.39986e-08  2.11231e-08 
          11      -1.9773 -1.44523e-07 -4.13892e-07  5.76791e-05  5.96885e-08 -1.38333e-08  2.18862e-08 
          11     -1.95445 -1.50561e-07 -4.20214e-07  5.76791e-05  6.04293e-08 -1.36085e-08  2.26071e-08 
          11     -1.93134 -1.57058e-07 -4.25831e-07  5.76792e-05  6.11753e-08 -1.33236e-08  2.32809e-08 
          11     -1.90799 -1.63974e-07 -4.30727e-07  5.76793e-05  6.19218e-08 -1.29791e-08   2.3904e-08 
          11     -1.88438 -1.71271e-07 -4.34896e-07  5.76794e-05  6.26634e-08 -1.25755e-08   2.4473e-08 
          11     -1.86051 -1.78894e-07 -4.38339e-07  5.76795e-05  6.33951e-08 -1.21154e-08  2.49859e-08 
          11     -1.83639   -1.868e-07 -4.41067e-07  5.76796e-05  6.41111e-08 -1.16008e-08  2.54414e-08 
          11     -1.81203 -1.94942e-07 -4.43094e-07  5.76796e-05  6.48047e-08 -1.10349e-08  2.58391e-08 
          11     -1.78741 -2.03274e-07 -4.44448e-07  5.76797e-05  6.54697e-08 -1.04216e-08  2.61796e-08 
          11     -1.76253 -2.11746e-07 -4.45161e-07  5.76798e-05  6.60994e-08 -9.76547e-09  2.64644e-08 
          11     -1.73741  -2.2031e-07 -4.45275e-07  5.76798e-05  6.66873e-08 -9.07144e-09  2.66959e-08 
          11     -1.71203  -2.2893e-07 -4.44836e-07  5.76799e-05  6.72264e-08 -8.34451e-09  2.68773e-08 
          11      -1.6864 -2.37574e-07 -4.43899e-07  5.76799e-05  6.77099e-08 -7.58984e-09  2.70122e-08 
          11     -1.66052 -2.46202e-07 -4.42523e-07  5.76799e-05  6.81316e-08 -6.81352e-09  2.71049e-08 
          11     -1.63438 -2.54795e-07 -4.40773e-07  5.76799e-05  6.84855e-08 -6.02062e-09    2.716e-08 
          11     -1.60799 -2.63334e-07 -4.38718e-07  5.76799e-05   6.8766e-08 -5.21677e-09  2.71824e-08 
          11     -1.58135 -2.71809e-07 -4.36433e-07  5.76798e-05  6.89683e-08 -4.40712e-09  2.71773e-08 
          11     -1.55446 -2.80215e-07 -4.33993e-07  5.76798e-05  6.90883e-08 -3.59677e-09  2.71497e-08 
          11     -1.52731 -2.88554e-07 -4.31477e-07  5.76797e-05  6.91232e-08 -2.79035e-09  2.71049e-08 
          11     -1.49992 -2.96844e-07 -4.28964e-07  5.76796e-05  6.90708e-08 -1.99179e-09  2.70479e-08 
          11     -1.47227 -3.05113e-07 -4.26535e-07  5.76794e-05  6.89304e-08 -1.20434e-09  2.69835e-08 
          11     -1.44436 -3.13388e-07 -4.24272e-07  5.76793e-05  6.87024e-08 -4.31187e-10  2.69167e-08 
          11      -1.4162 -3.21713e-07 -4.22253e-07  5.76791e-05  6.83888e-08  3.25571e-10  2.68518e-08 
          11     -1.38779 -3.30137e-07 -4.20556e-07  5.76789e-05   6.7993e-08  1.06411e-09  2.67935e-08 
          11     -1.35913 -3.38717e-07 -4.19257e-07  5.76787e-05  6.75195e-08  1.78367e-09   2.6746e-08 
          11     -1.33022 -3.47522e-07 -4.18424e-07  5.76785e-05  6.69746e-08  2.48417e-09  2.67135e-08 
          11     -1.30106 -3.56626e-07 -4.18125e-07  5.76782e-05  6.63663e-08  3.16634e-09  2.67003e-08 
          11     -1.27164 -3.66112e-07 -4.18417e-07  5.76779e-05  6.57039e-08  3.83182e-09  2.67103e-08 
          11     -1.24197 -3.76067e-07 -4.19353e-07  5.76776e-05  6.49986e-08  4.48292e-09  2.67479e-08 
          11     -1.21205 -3.86582e-07 -4.20976e-07  5.76773e-05  6.42629e-08  5.12284e-09  2.68172e-08 
          11     -1.18186 -3.97752e-07  -4.2332e-07  5.76769e-05  6.35112e-08  5.75569e-09  2.69225e-08 
          11     -1.15144 -4.09666e-07 -4.26405e-07  5.76765e-05  6.27597e-08  6.38603e-09   2.7068e-08 
          11     -1.12076 -4.22415e-07 -4.30241e-07  5.76761e-05  6.20262e-08  7.01947e-09   2.7258e-08 
          11     -1.08982 -4.36083e-07 -4.34825e-07  5.76756e-05  6.13302e-08  7.66221e-09  2.74966e-08 
          11     -1.05864 -4.50739e-07 -4.40138e-07  5.76751e-05  6.06931e-08  8.32085e-09   2.7788e-08 
          11      -1.0272 -4.66439e-07 -4.46148e-07  5.76746e-05  6.01381e-08  9.00247e-09  2.81358e-08 
          11    -0.995511 -4.83216e-07  -4.5281e-07   5.7674e-05    5.969e-08  9.71422e-09  2.85435e-08 
          11    -0.963568 -5.01078e-07 -4.60062e-07  5.76733e-05  5.93753e-08  1.04632e-08  2.90139e-08 
          11    -0.931366 -5.20004e-07 -4.67832e-07  5.76726e-05  5.92218e-08  1.12563e-08  2.95493e-08 
          11    -0.898919 -5.39924e-07 -4.76035e-07  5.76718e-05  5.92585e-08  1.20989e-08  3.01506e-08 
          11    -0.866218 -5.60743e-07  -4.8458e-07   5.7671e-05  5.95147e-08  1.29959e-08  3.08183e-08 
          11    -0.833265  -5.8232e-07  -4.9337e-07  5.76701e-05  6.00193e-08  1.39501e-08  3.15511e-08 
          11     -0.80006 -6.04475e-07 -5.02311e-07  5.76691e-05     6.08e-08  1.49622e-08  3.23466e-08 
          11    -0.766602 -6.26994e-07  -5.1131e-07  5.76681e-05  6.18811e-08  1.60296e-08  3.32008e-08 
          11    -0.732892 -6.49639e-07 -5.20286e-07   5.7667e-05  6.32813e-08  1.71463e-08  3.41077e-08 
          11    -0.698929 -6.72142e-07 -5.29165e-07  5.76658e-05  6.50087e-08  1.83004e-08  3.50595e-08 
          11    -0.664707 -6.94207e-07 -5.37884e-07  5.76645e-05  6.70543e-08  1.94733e-08  3.60455e-08 
          11    -0.630239 -7.15458e-07 -5.46367e-07  5.76632e-05  6.93776e-08  2.06339e-08  3.70506e-08 
          11    -0.595518 -7.35399e-07 -5.54516e-07  5.76617e-05  7.18896e-08  2.17356e-08  3.80547e-08 
          11    -0.560545 -7.53186e-07 -5.62153e-07  5.76602e-05  7.44159e-08  2.27006e-08   3.9028e-08 
          11     -0.52532 -7.67498e-07 -5.68974e-07  5.76587e-05  7.66653e-08  2.34139e-08  3.99274e-08 
          11    -0.489842  -7.7625e-07 -5.74483e-07   5.7657e-05  7.81918e-08  2.37091e-08   4.0693e-08 
          11    -0.454111 -7.76437e-07 -5.77972e-07  5.76553e-05  7.83947e-08  2.33691e-08  4.12472e-08 
          11    -0.418128 -7.64276e-07 -5.78549e-07  5.76535e-05  7.65947e-08   2.2155e-08  4.15021e-08 
          11    -0.381885 -7.35616e-07 -5.75284e-07  5.76516e-05  7.22058e-08  1.98578e-08  4.13767e-08 
          11    -0.345397 -6.87046e-07 -5.67445e-07  5.76497e-05  6.50147e-08  1.63966e-08  4.08234e-08 
          11    -0.308657  -6.1701e-07 -5.54798e-07  5.76478e-05  5.54123e-08  1.18935e-08  3.98559e-08 
          11    -0.271664 -5.26814e-07 -5.37837e-07  5.76458e-05  4.44429e-08  6.69706e-09  3.85611e-08 
          11    -0.234418 -4.21016e-07 -5.17836e-07  5.76438e-05  3.35532e-08  1.32368e-09   3.7087e-08 
          11     -0.19692 -3.06523e-07 -4.96646e-07  5.76418e-05  2.41075e-08 -3.69375e-09  3.56055e-08 
          11     -0.15917 -1.90842e-07 -4.76262e-07  5.76399e-05  1.69521e-08 -7.95742e-09  3.42668e-08 
          11    -0.121166 -7.99506e-08 -4.58326e-07   5.7638e-05  1.22832e-08 -1.12958e-08  3.31643e-08 
          11    -0.082903  2.32696e-08 -4.43756e-07  5.76361e-05  9.85527e-09 -1.37602e-08  3.23225e-08 
          11    -0.044395  1.19394e-07 -4.32648e-07  5.76343e-05  9.34588e-09 -1.55578e-08  3.17052e-08 
          11    -0.005634  2.11707e-07 -4.24436e-07  5.76326e-05   1.0639e-08 -1.69679e-08  3.12365e-08 
          11     0.033379   3.0452e-07 -4.18242e-07   5.7631e-05  1.39276e-08 -1.82676e-08   3.0825e-08 
          11     0.072644  4.01586e-07 -4.13204e-07  5.76294e-05  1.96503e-08 -1.96847e-08  3.03862e-08 
          11     0.112163  5.05053e-07 -4.08695e-07  5.76279e-05  2.83392e-08 -2.13748e-08  2.98563e-08 
          11     0.151933  6.15022e-07 -4.04382e-07  5.76266e-05  4.04279e-08 -2.34123e-08  2.91982e-08 
          11     0.191957  7.29815e-07 -4.00193e-07  5.76253e-05  5.60867e-08 -2.58021e-08  2.84012e-08 
          11      0.23224  8.46628e-07 -3.96188e-07  5.76241e-05   7.5129e-08 -2.85042e-08  2.74731e-08 
          11     0.272769  9.61933e-07 -3.92527e-07   5.7623e-05  9.69458e-08 -3.14439e-08  2.64372e-08 
          11     0.313549  1.07236e-06 -3.89372e-07  5.76221e-05  1.20629e-07 -3.45369e-08  2.53254e-08 
          11     0.354583  1.17373e-06 -3.86841e-07  5.76213e-05  1.44773e-07 -3.76372e-08  2.41721e-08 
          11     0.395868  1.26294e-06 -3.85022e-07  5.76206e-05  1.67956e-07 -4.06254e-08  2.30138e-08 
          11     0.437407  1.33811e-06 -3.83962e-07  5.76201e-05  1.88924e-07  -4.3409e-08  2.18838e-08 
          11     0.479197  1.39832e-06 -3.83671e-07  5.76198e-05  2.06649e-07 -4.59142e-08  2.08095e-08 
          11     0.521241  1.44344e-06 -3.84099e-07  5.76195e-05  2.20463e-07  -4.8081e-08  1.98142e-08 
          11     0.563545  1.47388e-06 -3.85181e-07  5.76194e-05  2.29984e-07 -4.98594e-08  1.89146e-08 
          11     0.606093  1.49053e-06  -3.8683e-07  5.76195e-05  2.35119e-07 -5.12113e-08  1.81222e-08 
          11     0.648894  1.49463e-06 -3.88944e-07  5.76197e-05  2.36049e-07 -5.21144e-08  1.74422e-08 
          11     0.691948  1.48771e-06 -3.91414e-07    5.762e-05  2.33184e-07 -5.25656e-08  1.68754e-08 
          11     0.735253  1.47164e-06 -3.94136e-07  5.76204e-05  2.27107e-07 -5.25878e-08  1.64191e-08 
          11     0.778812  1.44862e-06 -3.97024e-07  5.76209e-05  2.18512e-07 -5.22377e-08  1.60687e-08 
          11     0.822623  1.42073e-06 -3.99965e-07  5.76215e-05   2.0813e-07 -5.15707e-08  1.58149e-08 
          11     0.866686  1.38945e-06 -4.02889e-07  5.76221e-05  1.96508e-07  -5.0634e-08  1.56486e-08 
          11     0.911011  1.35631e-06 -4.05732e-07  5.76228e-05  1.84186e-07  -4.9488e-08    1.556e-08 
          11     0.955579  1.32256e-06 -4.08435e-07  5.76236e-05  1.71604e-07 -4.81881e-08  1.55389e-08 
          11       1.0004  1.28911e-06 -4.10947e-07  5.76244e-05  1.59091e-07  -4.6781e-08  1.55755e-08 
          11      1.04547  1.25659e-06 -4.13226e-07  5.76253e-05   1.4688e-07 -4.53036e-08  1.56603e-08 
          11       1.0908  1.22528e-06 -4.15231e-07  5.76261e-05  1.35122e-07 -4.37828e-08   1.5784e-08 
          11      1.13638  1.19519e-06 -4.16929e-07   5.7627e-05  1.23899e-07 -4.22351e-08  1.59384e-08 
          11      1.18221  1.16607e-06  -4.1829e-07  5.76278e-05  1.13237e-07 -4.06683e-08  1.61154e-08 
          11      1.22829  1.13751e-06  -4.1929e-07  5.76287e-05  1.03131e-07  -3.9084e-08  1.63079e-08 
          11      1.27464  1.10902e-06 -4.19911e-07  5.76295e-05  9.35631e-08 -3.74808e-08  1.65093e-08 
          11      1.32123  1.08015e-06  -4.2014e-07  5.76302e-05  8.45388e-08 -3.58612e-08  1.67133e-08 
          11      1.36807  1.05066e-06 -4.19981e-07  5.76309e-05  7.61065e-08 -3.42366e-08  1.69143e-08 
          11      1.41516  1.02064e-06 -4.19518e-07  5.76315e-05  6.83195e-08 -3.26388e-08  1.71194e-08 
          11      1.46251  9.89212e-07  -4.1862e-07  5.76321e-05  6.10836e-08 -3.10328e-08  1.73091e-08 
          11      1.51011  9.56123e-07 -4.17362e-07  5.76326e-05  5.43982e-08 -2.94236e-08  1.74846e-08 
          11      1.55796  9.21362e-07 -4.15724e-07   5.7633e-05  4.82841e-08 -2.78222e-08  1.76416e-08 
          11      1.60606  8.84945e-07 -4.13694e-07  5.76334e-05  4.27601e-08 -2.62375e-08  1.77761e-08 
          11      1.65443  8.47024e-07 -4.11275e-07  5.76337e-05  3.78258e-08   -2.468e-08  1.78845e-08 
          11      1.70304  8.07732e-07 -4.08483e-07  5.76339e-05  3.34734e-08 -2.31569e-08  1.79646e-08 
          11       1.7519  7.67216e-07 -4.05335e-07   5.7634e-05  2.96839e-08 -2.16736e-08  1.80151e-08 
          11      1.80101  7.25668e-07 -4.01853e-07   5.7634e-05  2.64323e-08 -2.02348e-08   1.8035e-08 
          11      1.85038  6.83325e-07 -3.98055e-07  5.76339e-05  2.36881e-08 -1.88449e-08  1.80239e-08 
          11          1.9  6.40465e-07 -3.93959e-07  5.76337e-05  2.14163e-08 -1.75079e-08  1.79816e-08 
          11      1.94987  5.97406e-07 -3.89582e-07  5.76334e-05  1.95795e-08 -1.62279e-08  1.79082e-08 
          11            2  5.54487e-07 -3.84936e-07   5.7633e-05  1.81373e-08 -1.50089e-08   1.7804e-08 
          12           -3 -9.70817e-21 -1.73868e-22  5.77506e-05 -1.08288e-14  4.47138e-17 -1.52981e-17 
          12     -2.99987 -8.38712e-10 -3.00325e-14  5.77506e-05  9.52043e-14  4.11706e-17 -1.36421e-17 
          12      -2.9995  -3.3518e-09 -5.01846e-13  5.77506e-05  1.66522e-12  8.35047e-17 -9.14436e-18 
          12     -2.99886 -7.50364e-09 -2.55761e-12  5.77506e-05  8.40643e-12  6.11747e-16 -2.34137e-18 
          12     -2.99798 -1.32527e-08 -8.10686e-12  5.77506e-05    2.639e-11  3.26354e-15  1.19608e-17 
          12     -2.99684 -2.05254e-08  -1.9811e-11  5.77506e-05  6.38158e-11  1.20975e-14  6.39916e-17 
          12     -2.99546 -2.92432e-08 -4.11095e-11  5.77506e-05  1.30847e-10  3.50917e-14  2.56427e-16 
          12     -2.99381  -3.9297e-08 -7.61745e-11  5.77506e-05  2.39166e-10  8.56051e-14   8.5849e-16 
          12     -2.99192 -5.05734e-08  -1.2997e-10  5.77506e-05  4.01812e-10  1.83703e-13  2.47186e-15 
          12     -2.98977 -6.29315e-08 -2.08159e-10  5.77506e-05  6.32527e-10    3.567e-13   6.2909e-15 
          12     -2.98738 -7.62278e-08  -3.1721e-10  5.77506e-05  9.45685e-10  6.39172e-13  1.44956e-14 
          12     -2.98472 -9.02999e-08 -4.64296e-10  5.77506e-05  1.35561e-09  1.07136e-12  3.07951e-14 
          12     -2.98182  -1.0497e-07  -6.5723e-10  5.77505e-05  1.87605e-09  1.69597e-12  6.11474e-14 
          12     -2.97866 -1.20055e-07 -9.04552e-10  5.77505e-05  2.52006e-09  2.55367e-12  1.14708e-13 
          12     -2.97525 -1.35373e-07 -1.21556e-09  5.77505e-05   3.2998e-09  3.67648e-12   2.0504e-13 
          12     -2.97159 -1.50722e-07 -1.59999e-09  5.77505e-05  4.22552e-09   5.0777e-12  3.51476e-13 
          12     -2.96768 -1.65915e-07 -2.06851e-09  5.77505e-05  5.30649e-09  6.74234e-12  5.81023e-13 
          12     -2.96351  -1.8074e-07 -2.63173e-09  5.77505e-05  6.54867e-09  8.61016e-12  9.29924e-13 
          12     -2.95909 -1.95006e-07 -3.30134e-09  5.77505e-05  7.95731e-09  1.05641e-11  1.44652e-12 
          12     -2.95442 -2.08518e-07 -4.08922e-09  5.77504e-05  9.53497e-09  1.24099e-11  2.19343e-12 
          12      -2.9495 -2.21082e-07 -5.00746e-09  5.77504e-05  1.12816e-08  1.38569e-11   3.2502e-12 
          12     -2.94432 -2.32514e-07 -6.06851e-09  5.77504e-05  1.31955e-08  1.44996e-11  4.71657e-12 
          12     -2.93889 -2.42647e-07 -7.28532e-09  5.77504e-05  1.52731e-08  1.37962e-11   6.7161e-12 
          12     -2.93321 -2.51324e-07 -8.67076e-09  5.77503e-05  1.75087e-08  1.10478e-11  9.39894e-12 
          12     -2.92727 -2.58385e-07 -1.02377e-08  5.77503e-05  1.98951e-08  5.38056e-12  1.29454e-11 
          12     -2.92109 -2.63706e-07 -1.19984e-08  5.77503e-05  2.24227e-08 -4.26754e-12  1.75678e-11 
          12     -2.91465  -2.6717e-07 -1.39665e-08  5.77503e-05  2.50828e-08 -1.91709e-11  2.35189e-11 
          12     -2.90796 -2.68678e-07 -1.61532e-08  5.77502e-05  2.78634e-08 -4.08053e-11   3.1086e-11 
          12     -2.90101 -2.68152e-07 -1.85714e-08  5.77502e-05  3.07538e-08 -7.08754e-11  4.06039e-11 
          12     -2.89382 -2.65534e-07 -2.12325e-08  5.77502e-05  3.37422e-08 -1.11296e-10  5.24498e-11 
          12     -2.88637 -2.60784e-07 -2.41471e-08  5.77502e-05  3.68161e-08 -1.64177e-10  6.70447e-11 
          12     -2.87867 -2.53886e-07 -2.73253e-08  5.77501e-05  3.99635e-08 -2.31814e-10  8.48564e-11 
          12     -2.87071 -2.44839e-07 -3.07775e-08  5.77501e-05  4.31737e-08 -3.16689e-10  1.06406e-10 
          12      -2.8625 -2.33671e-07 -3.45103e-08  5.77501e-05  4.64332e-08 -4.21325e-10  1.32238e-10 
          12     -2.85405 -2.20425e-07  -3.8531e-08  5.77501e-05  4.97309e-08  -5.4835e-10  1.62947e-10 
          12     -2.84533 -2.05165e-07 -4.28454e-08  5.77501e-05  5.30558e-08 -7.00398e-10  1.99159e-10 
          12     -2.83637 -1.87975e-07  -4.7457e-08  5.77501e-05   5.6396e-08 -8.79993e-10  2.41514e-10 
          12     -2.82715 -1.68956e-07 -5.23675e-08    5.775e-05  5.97401e-08  -1.0895e-09  2.90663e-10 
          12     -2.81768 -1.48225e-07 -5.75777e-08    5.775e-05  6.30771e-08 -1.33109e-09  3.47266e-10 
          12     -2.80796 -1.25924e-07 -6.30835e-08    5.775e-05  6.63936e-08 -1.60643e-09  4.11925e-10 
          12     -2.79799 -1.02192e-07 -6.88821e-08    5.775e-05  6.96782e-08 -1.91692e-09  4.85251e-10 
          12     -2.78776 -7.72121e-08 -7.49613e-08  5.77501e-05  7.29144e-08 -2.26302e-09  5.67699e-10 
          12     -2.77728  -5.1151e-08 -8.13124e-08  5.77501e-05  7.60887e-08 -2.64485e-09  6.59715e-10 
          12     -2.76655 -2.42068e-08 -8.79183e-08  5.77501e-05  7.91831e-08 -3.06142e-09  7.61555e-10 
          12     -2.75556   3.4269e-09 -9.47622e-08  5.77501e-05  8.21803e-08 -3.51108e-09  8.73378e-10 
          12     -2.74433  3.15326e-08 -1.01819e-07  5.77502e-05  8.50593e-08 -3.99091e-09  9.95106e-10 
          12     -2.73284  5.99005e-08 -1.09065e-07  5.77502e-05  8.77992e-08 -4.49722e-09  1.12652e-09 
          12      -2.7211   8.8301e-08 -1.16466e-07  5.77503e-05  9.03761e-08 -5.02498e-09  1.26712e-09 
          12      -2.7091   1.1652e-07 -1.23991e-07  5.77504e-05  9.27667e-08 -5.56847e-09  1.41626e-09 
          12     -2.69685  1.44316e-07 -1.31598e-07  5.77505e-05  9.49446e-08  -6.1205e-09  1.57296e-09 
          12     -2.68435  1.71467e-07 -1.39246e-07  5.77506e-05  9.68849e-08 -6.67338e-09  1.73611e-09 
          12      -2.6716  1.97755e-07 -1.46891e-07  5.77507e-05  9.85631e-08 -7.21873e-09  1.90445e-09 
          12      -2.6586  2.22963e-07 -1.54487e-07  5.77508e-05  9.99552e-08 -7.74763e-09  2.07655e-09 
          12     -2.64534  2.46879e-07 -1.61983e-07   5.7751e-05   1.0104e-07 -8.25095e-09  2.25095e-09 
          12     -2.63183   2.6931e-07 -1.69332e-07  5.77512e-05  1.01798e-07 -8.71978e-09  2.42622e-09 
          12     -2.61807  2.90077e-07 -1.76485e-07  5.77514e-05  1.02215e-07 -9.14573e-09   2.6011e-09 
          12     -2.60405  3.09019e-07 -1.83397e-07  5.77516e-05  1.02282e-07 -9.52125e-09  2.77456e-09 
          12     -2.58978  3.25983e-07 -1.90021e-07  5.77519e-05  1.01994e-07 -9.83977e-09  2.94587e-09 
          12     -2.57526  3.40853e-07 -1.96319e-07  5.77522e-05  1.01352e-07 -1.00965e-08  3.11484e-09 
          12     -2.56049  3.53531e-07 -2.02255e-07  5.77525e-05  1.00365e-07 -1.02881e-08  3.28182e-09 
          12     -2.54547   3.6394e-07 -2.07799e-07  5.77528e-05  9.90455e-08 -1.04135e-08  3.44779e-09 
          12     -2.53019  3.72028e-07 -2.12928e-07  5.77532e-05  9.74149e-08 -1.04731e-08  3.61438e-09 
          12     -2.51466  3.77773e-07 -2.17625e-07  5.77536e-05  9.54989e-08 -1.04697e-08  3.78391e-09 
          12     -2.49888  3.81172e-07 -2.21882e-07   5.7754e-05  9.33284e-08 -1.04078e-08  3.95935e-09 
          12     -2.48284  3.82245e-07 -2.25694e-07  5.77544e-05  9.09374e-08 -1.02933e-08  4.14427e-09 
          12     -2.46656  3.81027e-07 -2.29063e-07  5.77549e-05   8.8364e-08 -1.01334e-08  4.34254e-09 
          12     -2.45002  3.77579e-07 -2.31998e-07  5.77554e-05  8.56472e-08 -9.93621e-09  4.55844e-09 
          12     -2.43322  3.71969e-07 -2.34511e-07   5.7756e-05  8.28262e-08 -9.71021e-09  4.79624e-09 
          12     -2.41618  3.64277e-07 -2.36617e-07  5.77565e-05  7.99394e-08 -9.46371e-09  5.06014e-09 
          12     -2.39888  3.54593e-07 -2.38332e-07  5.77571e-05  7.70234e-08 -9.20451e-09  5.35394e-09 
          12     -2.38133  3.43014e-07 -2.39674e-07  5.77577e-05  7.41119e-08 -8.93951e-09  5.68085e-09 
          12     -2.36353  3.29635e-07 -2.40658e-07  5.77584e-05  7.12357e-08 -8.67422e-09  6.04323e-09 
          12     -2.34547  3.14546e-07   -2.413e-07   5.7759e-05    6.842e-08 -8.41242e-09  6.44252e-09 
          12     -2.32716  2.97855e-07 -2.41611e-07  5.77597e-05  6.56886e-08 -8.15647e-09  6.87875e-09 
          12     -2.30861  2.79654e-07 -2.41601e-07  5.77604e-05  6.30594e-08  -7.9067e-09  7.35081e-09 
          12     -2.28979   2.6004e-07 -2.41275e-07  5.77611e-05  6.05469e-08  -7.6617e-09  7.85612e-09 
          12     -2.27073  2.39106e-07 -2.40638e-07  5.77618e-05  5.81622e-08 -7.41846e-09  8.39068e-09 
          12     -2.25141   2.1695e-07 -2.39691e-07  5.77625e-05  5.59136e-08 -7.17259e-09  8.94904e-09 
          12     -2.23184   1.9367e-07 -2.38436e-07  5.77632e-05  5.38071e-08  -6.9186e-09  9.52443e-09 
          12     -2.21202  1.69367e-07 -2.36874e-07  5.77639e-05  5.18466e-08 -6.65024e-09  1.01089e-08 
          12     -2.19194  1.44138e-07 -2.35008e-07  5.77646e-05  5.00345e-08 -6.36085e-09  1.06935e-08 
          12     -2.17161  1.18107e-07 -2.32845e-07  5.77653e-05  4.83738e-08 -6.04417e-09  1.12684e-08 
          12     -2.15103  9.13881e-08 -2.30392e-07  5.77659e-05  4.68658e-08 -5.69434e-09  1.18236e-08 
          12      -2.1302  6.41083e-08 -2.27666e-07  5.77666e-05  4.55122e-08 -5.30643e-09  1.23487e-08 
          12     -2.10912  3.63985e-08 -2.24686e-07  5.77672e-05  4.43149e-08  -4.8767e-09  1.28337e-08 
          12     -2.08778  8.39932e-09 -2.21479e-07  5.77678e-05  4.32759e-08   -4.403e-09  1.32693e-08 
          12     -2.06619 -1.97426e-08 -2.18076e-07  5.77684e-05  4.23975e-08 -3.88501e-09   1.3647e-08 
          12     -2.04435 -4.78764e-08 -2.14517e-07  5.77689e-05   4.1682e-08 -3.32408e-09  1.39595e-08 
          12     -2.02225 -7.58557e-08 -2.10844e-07  5.77694e-05  4.11314e-08  -2.7232e-09  1.42012e-08 
          12      -1.9999  -1.0351e-07 -2.07107e-07  5.77699e-05  4.07474e-08  -2.0878e-09  1.43682e-08 
          12      -1.9773 -1.30685e-07 -2.03358e-07  5.77703e-05  4.05308e-08 -1.42445e-09  1.44584e-08 
          12     -1.95445 -1.57225e-07 -1.99652e-07  5.77706e-05   4.0481e-08 -7.40863e-10  1.44719e-08 
          12     -1.93134 -1.82982e-07 -1.96046e-07   5.7771e-05  4.05962e-08 -4.55549e-11  1.44105e-08 
          12     -1.90799 -2.07804e-07 -1.92597e-07  5.77712e-05  4.08726e-08  6.52218e-10  1.42779e-08 
          12     -1.88438 -2.31548e-07  -1.8936e-07  5.77715e-05  4.13047e-08  1.34284e-09  1.40794e-08 
          12     -1.86051 -2.54085e-07  -1.8639e-07  5.77717e-05  4.18848e-08  2.01777e-09  1.38219e-08 
          12     -1.83639 -2.75294e-07 -1.83737e-07  5.77718e-05  4.26035e-08  2.66876e-09  1.35131e-08 
          12     -1.81203 -2.95052e-07 -1.81448e-07  5.77719e-05  4.34486e-08  3.28809e-09  1.31618e-08 
          12     -1.78741 -3.13261e-07 -1.79565e-07  5.77719e-05  4.44072e-08  3.86992e-09   1.2777e-08 
          12     -1.76253 -3.29837e-07 -1.78123e-07  5.77719e-05  4.54644e-08   4.4098e-09   1.2368e-08 
          12     -1.73741  -3.4471e-07  -1.7715e-07  5.77719e-05  4.66049e-08  4.90483e-09  1.19439e-08 
          12     -1.71203 -3.57822e-07 -1.76669e-07  5.77718e-05  4.78122e-08   5.3533e-09  1.15132e-08 
          12      -1.6864  -3.6913e-07 -1.76695e-07  5.77717e-05  4.90698e-08  5.75479e-09   1.1084e-08 
          12     -1.66052 -3.78618e-07 -1.77233e-07  5.77715e-05  5.03615e-08  6.11067e-09  1.06636e-08 
          12     -1.63438  -3.8628e-07 -1.78284e-07  5.77713e-05   5.1672e-08  6.42299e-09  1.02581e-08 
          12     -1.60799  -3.9213e-07 -1.79837e-07  5.77711e-05  5.29861e-08  6.69448e-09  9.87311e-09 
          12     -1.58135 -3.96201e-07 -1.81876e-07  5.77709e-05  5.42904e-08  6.92865e-09  9.51295e-09 
          12     -1.55446 -3.98549e-07 -1.84376e-07  5.77707e-05  5.55731e-08   7.1293e-09  9.18106e-09 
          12     -1.52731 -3.99243e-07 -1.87307e-07  5.77704e-05  5.68232e-08  7.30026e-09  8.88001e-09 
          12     -1.49992  -3.9837e-07 -1.90632e-07  5.77701e-05  5.80314e-08  7.44511e-09  8.61161e-09 
          12     -1.47227 -3.96033e-07 -1.94308e-07  5.77698e-05  5.91895e-08  7.56716e-09  8.37691e-09 
          12     -1.44436 -3.92354e-07 -1.98289e-07  5.77695e-05   6.0291e-08  7.66942e-09  8.17635e-09 
          12      -1.4162 -3.87468e-07 -2.02526e-07  5.77692e-05  6.13305e-08  7.75432e-09  8.00986e-09 
          12     -1.38779 -3.81526e-07 -2.06964e-07  5.77689e-05  6.23031e-08  7.82374e-09    7.877e-09 
          12     -1.35913 -3.74689e-07 -2.11552e-07  5.77686e-05  6.32052e-08  7.87901e-09  7.77691e-09 
          12     -1.33022 -3.67131e-07 -2.16238e-07  5.77683e-05  6.40336e-08  7.92094e-09  7.70852e-09 
          12     -1.30106 -3.59037e-07 -2.20972e-07   5.7768e-05  6.47857e-08  7.94987e-09  7.67056e-09 
          12     -1.27164 -3.50598e-07 -2.25708e-07  5.77677e-05  6.54591e-08  7.96572e-09  7.66168e-09 
          12     -1.24197 -3.42018e-07 -2.30404e-07  5.77674e-05  6.60518e-08  7.96813e-09  7.68042e-09 
          12     -1.21205 -3.33505e-07 -2.35026e-07  5.77671e-05   6.6562e-08  7.95662e-09  7.72536e-09 
          12     -1.18186 -3.25273e-07 -2.39546e-07  5.77668e-05  6.69884e-08  7.93065e-09  7.79516e-09 
          12     -1.15144 -3.17542e-07 -2.43944e-07  5.77666e-05  6.73298e-08   7.8898e-09  7.88854e-09 
          12     -1.12076 -3.10531e-07 -2.48214e-07  5.77663e-05  6.75856e-08  7.83395e-09  8.00445e-09 
          12     -1.08982 -3.04459e-07 -2.52357e-07  5.77661e-05  6.77565e-08  7.76344e-09  8.14211e-09 
          12     -1.05864 -2.99538e-07 -2.56388e-07  5.77658e-05  6.78441e-08  7.67917e-09  8.30104e-09 
          12      -1.0272  -2.9597e-07 -2.60334e-07  5.77655e-05  6.78521e-08  7.58293e-09  8.48121e-09 
          12    -0.995511 -2.93944e-07 -2.64235e-07  5.77653e-05  6.77864e-08  7.47746e-09  8.68309e-09 
          12    -0.963568 -2.93622e-07 -2.68144e-07   5.7765e-05  6.76562e-08  7.36657e-09  8.90776e-09 
          12    -0.931366 -2.95137e-07 -2.72127e-07  5.77647e-05  6.74747e-08  7.25536e-09  9.15705e-09 
          12    -0.898919 -2.98577e-07 -2.76261e-07  5.77644e-05  6.72597e-08  7.15023e-09   9.4334e-09 
          12    -0.866218 -3.03981e-07 -2.80633e-07  5.77641e-05  6.70349e-08   7.0589e-09  9.74023e-09 
          12    -0.833265 -3.11329e-07 -2.85339e-07  5.77638e-05  6.68306e-08  6.99037e-09  1.00817e-08 
          12     -0.80006 -3.20525e-07 -2.90479e-07  5.77634e-05  6.66843e-08  6.95459e-09   1.0463e-08 
          12    -0.766602 -3.31403e-07 -2.96156e-07   5.7763e-05  6.66412e-08  6.96239e-09  1.08899e-08 
          12    -0.732892 -3.43722e-07 -3.02469e-07  5.77626e-05  6.67546e-08  7.02484e-09  1.13691e-08 
          12    -0.698929 -3.57175e-07 -3.09512e-07  5.77621e-05  6.70854e-08   7.1529e-09  1.19078e-08 
          12    -0.664707 -3.71406e-07 -3.17371e-07  5.77615e-05  6.77011e-08  7.35656e-09  1.25139e-08 
          12    -0.630239 -3.86028e-07 -3.26114e-07   5.7761e-05  6.86728e-08  7.64412e-09  1.31954e-08 
          12    -0.595518 -4.00669e-07 -3.35799e-07  5.77603e-05  7.00707e-08  8.02134e-09  1.39606e-08 
          12    -0.560545 -4.14988e-07  -3.4646e-07  5.77596e-05  7.19547e-08  8.48979e-09  1.48176e-08 
          12     -0.52532 -4.28696e-07 -3.58111e-07  5.77588e-05  7.43599e-08  9.04538e-09  1.57736e-08 
          12    -0.489842 -4.41553e-07 -3.70739e-07   5.7758e-05   7.7273e-08   9.6759e-09  1.68345e-08 
          12    -0.454111 -4.53282e-07 -3.84295e-07  5.77571e-05  8.05949e-08  1.03561e-08  1.80036e-08 
          12    -0.418128 -4.63453e-07 -3.98688e-07  5.77561e-05  8.40952e-08  1.10428e-08  1.92798e-08 
          12    -0.381885 -4.71285e-07 -4.13762e-07  5.77551e-05  8.73601e-08   1.1667e-08  2.06556e-08 
          12    -0.345397 -4.75394e-07 -4.29268e-07   5.7754e-05  8.97522e-08  1.21255e-08  2.21131e-08 
          12    -0.308657 -4.73639e-07 -4.44852e-07  5.77528e-05  9.04297e-08  1.22782e-08  2.36225e-08 
          12    -0.271664 -4.63058e-07 -4.60033e-07  5.77516e-05  8.84511e-08  1.19525e-08   2.5139e-08 
          12    -0.234418 -4.40158e-07 -4.74213e-07  5.77503e-05  8.30125e-08  1.09675e-08  2.66031e-08 
          12     -0.19692 -4.01493e-07  -4.8674e-07   5.7749e-05  7.37796e-08  9.17557e-09  2.79461e-08 
          12     -0.15917 -3.44536e-07 -4.97004e-07  5.77476e-05   6.1204e-08  6.51753e-09     2.91e-08 
          12    -0.121166 -2.68551e-07 -5.04574e-07  5.77462e-05   4.6643e-08  3.06618e-09  3.00111e-08 
          12    -0.082903 -1.75121e-07  -5.0932e-07  5.77449e-05  3.21443e-08 -9.66825e-10  3.06526e-08 
          12    -0.044395 -6.80956e-08  -5.1146e-07  5.77435e-05  1.99304e-08 -5.27462e-09  3.10295e-08 
          12    -0.005634  4.73978e-08 -5.11521e-07  5.77422e-05  1.17825e-08 -9.54756e-09   3.1175e-08 
          12     0.033379  1.66258e-07 -5.10174e-07  5.77409e-05  8.68608e-09 -1.35632e-08  3.11356e-08 
          12     0.072644  2.84761e-07 -5.08046e-07  5.77397e-05  1.08542e-08 -1.72431e-08  3.09545e-08 
          12     0.112163  4.01228e-07 -5.05547e-07  5.77386e-05  1.80503e-08 -2.06506e-08  3.06583e-08 
          12     0.151933  5.15892e-07 -5.02824e-07  5.77376e-05  2.99501e-08 -2.39468e-08  3.02533e-08 
          12     0.191957  6.29935e-07 -4.99802e-07  5.77367e-05  4.63161e-08 -2.73191e-08  2.97304e-08 
          12      0.23224  7.44136e-07 -4.96343e-07  5.77358e-05  6.69117e-08 -3.09083e-08  2.90786e-08 
          12     0.272769  8.58125e-07 -4.92297e-07  5.77351e-05  9.12965e-08 -3.47765e-08  2.82931e-08 
          12     0.313549  9.70292e-07 -4.87675e-07  5.77346e-05   1.1867e-07 -3.88991e-08  2.73852e-08 
          12     0.354583  1.07726e-06 -4.82606e-07  5.77341e-05  1.47664e-07 -4.31528e-08  2.63885e-08 
          12     0.395868  1.17563e-06 -4.77269e-07  5.77338e-05  1.76628e-07 -4.73853e-08  2.53454e-08 
          12     0.437407  1.26248e-06 -4.71851e-07  5.77336e-05  2.03847e-07  -5.1442e-08  2.43016e-08 
          12     0.479197  1.33562e-06 -4.66516e-07  5.77335e-05  2.27773e-07 -5.51785e-08   2.3301e-08 
          12     0.521241  1.39369e-06  -4.6138e-07  5.77335e-05  2.47203e-07 -5.84714e-08  2.23815e-08 
          12     0.563545  1.43622e-06  -4.5651e-07  5.77336e-05  2.61379e-07 -6.12258e-08  2.15726e-08 
          12     0.606093  1.46345e-06 -4.51932e-07  5.77338e-05  2.69999e-07 -6.33766e-08  2.08948e-08 
          12     0.648894  1.47617e-06 -4.47654e-07   5.7734e-05  2.73152e-07 -6.48907e-08  2.03599e-08 
          12     0.691948  1.47578e-06  -4.4362e-07  5.77343e-05  2.71293e-07  -6.5772e-08  1.99703e-08 
          12     0.735253  1.46459e-06 -4.39789e-07  5.77347e-05  2.65288e-07 -6.60771e-08  1.97222e-08 
          12     0.778812  1.44474e-06 -4.36118e-07   5.7735e-05  2.56013e-07 -6.58742e-08  1.96087e-08 
          12     0.822623   1.4182e-06 -4.32558e-07  5.77354e-05  2.44305e-07 -6.52365e-08   1.9619e-08 
          12     0.866686  1.38675e-06 -4.29051e-07  5.77357e-05  2.30928e-07  -6.4239e-08  1.97396e-08 
          12     0.911011    1.352e-06 -4.25536e-07   5.7736e-05  2.16549e-07 -6.29548e-08  1.99552e-08 
          12     0.955579  1.31538e-06 -4.21993e-07  5.77362e-05   2.0174e-07 -6.14592e-08  2.02522e-08 
          12       1.0004   1.2781e-06 -4.18373e-07  5.77364e-05  1.86958e-07 -5.98167e-08  2.06154e-08 
          12      1.04547  1.24105e-06 -4.14632e-07  5.77364e-05   1.7253e-07 -5.80793e-08  2.10308e-08 
          12       1.0908  1.20477e-06 -4.10747e-07  5.77364e-05  1.58675e-07 -5.62894e-08  2.14869e-08 
          12      1.13638   1.1695e-06 -4.06707e-07  5.77363e-05  1.45518e-07 -5.44752e-08  2.19727e-08 
          12      1.18221  1.13475e-06  -4.0247e-07   5.7736e-05  1.32996e-07 -5.26268e-08  2.24762e-08 
          12      1.22829  1.10006e-06 -3.98033e-07  5.77356e-05   1.2109e-07 -5.07429e-08  2.29883e-08 
          12      1.27464  1.06516e-06 -3.93468e-07  5.77351e-05  1.09827e-07 -4.88394e-08   2.3508e-08 
          12      1.32123  1.03005e-06 -3.88681e-07  5.77344e-05  9.92912e-08 -4.69272e-08  2.40174e-08 
          12      1.36807  9.94453e-07 -3.83674e-07  5.77335e-05  8.94834e-08 -4.50126e-08   2.4509e-08 
          12      1.41516   9.5806e-07 -3.78455e-07  5.77325e-05  8.03954e-08 -4.30992e-08  2.49762e-08 
          12      1.46251  9.20594e-07 -3.73034e-07  5.77314e-05  7.20151e-08 -4.11895e-08  2.54135e-08 
          12      1.51011  8.81835e-07 -3.67425e-07    5.773e-05  6.43304e-08 -3.92856e-08  2.58156e-08 
          12      1.55796  8.41648e-07  -3.6164e-07  5.77285e-05  5.73307e-08 -3.73912e-08  2.61782e-08 
          12      1.60606  8.00004e-07 -3.55694e-07  5.77268e-05  5.10071e-08 -3.55115e-08  2.64971e-08 
          12      1.65443  7.56976e-07 -3.49599e-07   5.7725e-05  4.53519e-08 -3.36531e-08  2.67685e-08 
          12      1.70304  7.12761e-07 -3.43369e-07  5.77229e-05  4.03593e-08 -3.18255e-08  2.69888e-08 
          12       1.7519  6.67609e-07 -3.37011e-07  5.77208e-05  3.60163e-08  -3.0038e-08  2.71546e-08 
          12      1.80101  6.21825e-07 -3.30532e-07  5.77184e-05  3.22944e-08 -2.82992e-08  2.72642e-08 
          12      1.85038  5.75697e-07 -3.23946e-07  5.77159e-05  2.91654e-08 -2.66189e-08   2.7318e-08 
          12          1.9  5.29466e-07 -3.17265e-07  5.77132e-05  2.65832e-08 -2.49997e-08  2.73147e-08 
          12      1.94987  4.83412e-07 -3.10511e-07  5.77104e-05  2.44929e-08 -2.34418e-08  2.72555e-08 
          12            2  4.37846e-07 -3.03703e-07  5.77075e-05  2.28397e-08  -2.1946e-08   2.7142e-08 
          13           -3  5.04385e-21 -8.15109e-24  5.78215e-05 -1.63848e-14  6.00217e-16 -4.69185e-17 
          13     -2.99987 -4.50228e-10  2.72256e-15  5.78215e-05  1.02488e-13  5.38125e-16 -4.20305e-17 
          13      -2.9995 -1.79617e-09  2.46931e-14  5.78215e-05  1.86146e-12  4.18572e-16 -2.87901e-17 
          13     -2.99886 -4.00946e-09  1.09747e-13  5.78215e-05  9.41628e-12  7.24342e-16 -1.08883e-17 
          13     -2.99798 -7.05261e-09  3.39809e-13  5.78215e-05  2.95825e-11   3.2165e-15  8.96941e-18 
          13     -2.99684 -1.08656e-08  8.47089e-13  5.78215e-05   7.1585e-11  1.24262e-14  3.73025e-17 
          13     -2.99546 -1.53803e-08  1.83307e-12  5.78215e-05   1.4689e-10   3.7894e-14  1.08424e-16 
          13     -2.99381 -2.05084e-08  3.58921e-12  5.78215e-05  2.68719e-10  9.71913e-14  3.19886e-16 
          13     -2.99192 -2.61554e-08  6.52724e-12  5.78215e-05  4.51886e-10  2.20064e-13  8.95024e-16 
          13     -2.98977 -3.22096e-08  1.12062e-11  5.78215e-05  7.12067e-10  4.53467e-13  2.28327e-15 
          13     -2.98738 -3.85561e-08  1.83747e-11  5.78215e-05  1.06572e-09  8.68388e-13  5.31695e-15 
          13     -2.98472 -4.50696e-08   2.9005e-11  5.78215e-05  1.52929e-09  1.56771e-12  1.14393e-14 
          13     -2.98182 -5.16175e-08   4.4331e-11  5.78215e-05  2.11857e-09  2.69549e-12   2.3025e-14 
          13     -2.97866 -5.80672e-08  6.58993e-11  5.78215e-05  2.84858e-09  4.44879e-12  4.38301e-14 
          13     -2.97525 -6.42871e-08  9.56217e-11  5.78215e-05  3.73315e-09  7.09164e-12  7.96073e-14 
          13     -2.97159 -7.01437e-08  1.35797e-10  5.78215e-05  4.78373e-09  1.09679e-11  1.38879e-13 
          13     -2.96768 -7.55117e-08  1.89206e-10  5.78215e-05  6.01026e-09   1.6523e-11  2.34054e-13 
          13     -2.96351 -8.02652e-08  2.59053e-10  5.78215e-05  7.41841e-09  2.43109e-11  3.82593e-13 
          13     -2.95909 -8.42928e-08  3.49141e-10  5.78215e-05  9.01227e-09  3.50278e-11  6.08946e-13 
          13     -2.95442 -8.74899e-08  4.63813e-10  5.78215e-05  1.07919e-08  4.95209e-11  9.46526e-13 
          13      -2.9495 -8.97633e-08  6.07965e-10  5.78215e-05  1.27533e-08  6.88042e-11  1.44028e-12 
          13     -2.94432 -9.10349e-08   7.8711e-10  5.78215e-05  1.48891e-08  9.40792e-11  2.15005e-12 
          13     -2.93889  -9.1244e-08   1.0074e-09  5.78215e-05  1.71882e-08  1.26749e-10  3.15469e-12 
          13     -2.93321 -9.03481e-08  1.27554e-09  5.78215e-05  1.96357e-08  1.68414e-10  4.55657e-12 
          13     -2.92727 -8.83106e-08  1.59881e-09  5.78215e-05  2.22126e-08  2.20875e-10  6.48678e-12 
          13     -2.92109 -8.51286e-08  1.98488e-09  5.78216e-05  2.48958e-08  2.86091e-10  9.11088e-12 
          13     -2.91465 -8.08068e-08  2.44215e-09  5.78216e-05  2.76614e-08  3.66237e-10  1.26382e-11 
          13     -2.90796 -7.53727e-08    2.979e-09  5.78216e-05  3.04802e-08  4.63536e-10  1.73247e-11 
          13     -2.90101 -6.88688e-08  3.60444e-09  5.78216e-05  3.33234e-08  5.80346e-10  2.34859e-11 
          13     -2.89382 -6.13553e-08  4.32753e-09  5.78216e-05  3.61604e-08  7.19008e-10  3.15012e-11 
          13     -2.88637 -5.29091e-08  5.15723e-09  5.78216e-05  3.89597e-08  8.81764e-10  4.18194e-11 
          13     -2.87867 -4.36197e-08  6.10253e-09  5.78216e-05  4.16915e-08  1.07071e-09  5.49667e-11 
          13     -2.87071 -3.35844e-08  7.17262e-09  5.78216e-05  4.43282e-08  1.28779e-09  7.15555e-11 
          13      -2.8625 -2.29203e-08   8.3755e-09  5.78217e-05  4.68433e-08  1.53437e-09  9.22638e-11 
          13     -2.85405 -1.17457e-08  9.71938e-09  5.78217e-05  4.92152e-08  1.81154e-09  1.17854e-10 
          13     -2.84533  -1.8474e-10  1.12121e-08  5.78217e-05  5.14274e-08  2.11985e-09  1.49159e-10 
          13     -2.83637   1.1632e-08  1.28608e-08  5.78217e-05  5.34681e-08   2.4592e-09  1.87055e-10 
          13     -2.82715  2.35735e-08  1.46723e-08  5.78217e-05  5.53317e-08   2.8289e-09  2.32459e-10 
          13     -2.81768  3.55108e-08  1.66536e-08  5.78218e-05  5.70192e-08  3.22766e-09  2.86311e-10 
          13     -2.80796  4.73096e-08  1.88108e-08  5.78218e-05  5.85368e-08  3.65334e-09  3.49506e-10 
          13     -2.79799  5.88476e-08  2.11517e-08  5.78218e-05  5.98979e-08  4.10354e-09   4.2295e-10 
          13     -2.78776  6.99911e-08  2.36821e-08  5.78219e-05  6.11198e-08  4.57473e-09  5.07396e-10 
          13     -2.77728  8.06231e-08  2.64115e-08  5.78219e-05  6.22257e-08   5.0634e-09  6.03595e-10 
          13     -2.76655  9.06201e-08   2.9349e-08   5.7822e-05  6.32412e-08  5.56525e-09  7.12137e-10 
          13     -2.75556  9.98667e-08  3.25072e-08   5.7822e-05  6.41945e-08  6.07584e-09  8.33566e-10 
          13     -2.74433  1.08243e-07  3.58995e-08  5.78221e-05  6.51137e-08  6.59011e-09  9.68289e-10 
          13     -2.73284  1.15637e-07   3.9544e-08  5.78221e-05  6.60267e-08  7.10299e-09  1.11674e-09 
          13      -2.7211  1.21929e-07  4.34601e-08  5.78222e-05  6.69584e-08  7.60886e-09  1.27928e-09 
          13      -2.7091  1.27011e-07  4.76734e-08  5.78222e-05  6.79306e-08  8.10215e-09   1.4565e-09 
          13     -2.69685  1.30764e-07  5.22091e-08  5.78223e-05  6.89585e-08  8.57659e-09  1.64897e-09 
          13     -2.68435  1.33081e-07  5.70986e-08  5.78224e-05  7.00514e-08  9.02597e-09  1.85767e-09 
          13      -2.6716   1.3386e-07  6.23756e-08  5.78224e-05  7.12113e-08  9.44388e-09  2.08396e-09 
          13      -2.6586  1.33003e-07  6.80755e-08  5.78225e-05   7.2431e-08  9.82368e-09  2.32961e-09 
          13     -2.64534   1.3043e-07  7.42337e-08  5.78226e-05  7.36946e-08  1.01587e-08  2.59694e-09 
          13     -2.63183  1.26077e-07  8.08856e-08  5.78227e-05  7.49775e-08  1.04425e-08  2.88883e-09 
          13     -2.61807  1.19909e-07  8.80644e-08  5.78227e-05  7.62469e-08  1.06692e-08  3.20878e-09 
          13     -2.60405  1.11915e-07  9.57995e-08  5.78228e-05  7.74619e-08  1.08333e-08  3.56088e-09 
          13     -2.58978  1.02129e-07   1.0411e-07  5.78229e-05  7.85748e-08  1.09306e-08  3.94947e-09 
          13     -2.57526  9.06195e-08  1.13009e-07  5.78229e-05  7.95337e-08   1.0958e-08  4.37939e-09 
          13     -2.56049  7.75077e-08  1.22498e-07   5.7823e-05  8.02848e-08  1.09144e-08  4.85562e-09 
          13     -2.54547  6.29626e-08  1.32567e-07   5.7823e-05   8.0774e-08  1.08006e-08  5.38297e-09 
          13     -2.53019  4.72049e-08  1.43187e-07  5.78231e-05    8.095e-08  1.06196e-08  5.96587e-09 
          13     -2.51466  3.05032e-08  1.54314e-07  5.78231e-05  8.07667e-08  1.03769e-08  6.60812e-09 
          13     -2.49888  1.31703e-08  1.65889e-07  5.78231e-05  8.01859e-08  1.00807e-08   7.3126e-09 
          13     -2.48284  -4.4439e-09  1.77836e-07  5.78231e-05  7.91794e-08  9.74142e-09  8.08103e-09 
          13     -2.46656 -2.19488e-08  1.90053e-07  5.78231e-05   7.7732e-08  9.37233e-09  8.91305e-09 
          13     -2.45002 -3.89478e-08  2.02432e-07  5.78231e-05  7.58415e-08  8.98834e-09  9.80704e-09 
          13     -2.43322 -5.50307e-08  2.14843e-07  5.78231e-05  7.35207e-08  8.60625e-09  1.07591e-08 
          13     -2.41618 -6.97978e-08  2.27149e-07  5.78231e-05  7.07972e-08   8.2438e-09  1.17633e-08 
          13     -2.39888 -8.28728e-08  2.39199e-07   5.7823e-05  6.77129e-08  7.91904e-09  1.28116e-08 
          13     -2.38133  -9.3915e-08  2.50839e-07   5.7823e-05   6.4323e-08  7.64956e-09  1.38936e-08 
          13     -2.36353 -1.02631e-07   2.6191e-07   5.7823e-05  6.06953e-08  7.45177e-09  1.49972e-08 
          13     -2.34547 -1.08789e-07  2.72255e-07   5.7823e-05  5.69057e-08  7.34002e-09  1.61084e-08 
          13     -2.32716 -1.12224e-07  2.81717e-07  5.78229e-05  5.30392e-08  7.32577e-09  1.72116e-08 
          13     -2.30861 -1.12862e-07  2.90155e-07   5.7823e-05  4.91813e-08  7.41628e-09  1.82907e-08 
          13     -2.28979 -1.10703e-07  2.97434e-07   5.7823e-05  4.54185e-08  7.61497e-09  1.93289e-08 
          13     -2.27073 -1.05823e-07  3.03438e-07   5.7823e-05  4.18331e-08  7.92121e-09  2.03096e-08 
          13     -2.25141 -9.83738e-08  3.08064e-07  5.78231e-05  3.85006e-08  8.33006e-09  2.12167e-08 
          13     -2.23184 -8.85798e-08  3.11233e-07  5.78232e-05   3.5485e-08  8.83227e-09  2.20353e-08 
          13     -2.21202 -7.67343e-08  3.12883e-07  5.78233e-05  3.28371e-08   9.4144e-09  2.27524e-08 
          13     -2.19194 -6.31542e-08  3.12974e-07  5.78235e-05  3.05924e-08  1.00618e-08  2.33569e-08 
          13     -2.17161 -4.82234e-08  3.11489e-07  5.78237e-05  2.87707e-08  1.07558e-08  2.38401e-08 
          13     -2.15103 -3.23348e-08  3.08429e-07   5.7824e-05  2.73734e-08  1.14772e-08  2.41964e-08 
          13      -2.1302 -1.58831e-08  3.03818e-07  5.78243e-05  2.63879e-08  1.22074e-08  2.44227e-08 
          13     -2.10912  7.48296e-10  2.97695e-07  5.78247e-05  2.57878e-08  1.29288e-08  2.45191e-08 
          13     -2.08778  1.71907e-08  2.90115e-07  5.78251e-05  2.55354e-08  1.36252e-08  2.44882e-08 
          13     -2.06619  3.30972e-08   2.8115e-07  5.78255e-05  2.55837e-08  1.42821e-08  2.43356e-08 
          13     -2.04435  4.81692e-08  2.70879e-07   5.7826e-05  2.58819e-08  1.48886e-08  2.40689e-08 
          13     -2.02225  6.21665e-08  2.59391e-07  5.78265e-05  2.63787e-08  1.54377e-08  2.36979e-08 
          13      -1.9999  7.48807e-08  2.46785e-07   5.7827e-05   2.7023e-08  1.59244e-08  2.32338e-08 
          13      -1.9773  8.61668e-08  2.33162e-07  5.78276e-05  2.77687e-08  1.63473e-08  2.26894e-08 
          13     -1.95445  9.59304e-08  2.18625e-07  5.78283e-05  2.85759e-08  1.67078e-08  2.20778e-08 
          13     -1.93134  1.04124e-07  2.03276e-07  5.78289e-05  2.94122e-08  1.70095e-08  2.14126e-08 
          13     -1.90799  1.10742e-07  1.87219e-07  5.78296e-05  3.02527e-08  1.72575e-08  2.07075e-08 
          13     -1.88438  1.15812e-07  1.70553e-07  5.78303e-05    3.108e-08  1.74578e-08  1.99759e-08 
          13     -1.86051  1.19401e-07  1.53375e-07   5.7831e-05  3.18852e-08  1.76178e-08  1.92304e-08 
          13     -1.83639  1.21598e-07  1.35772e-07  5.78317e-05  3.26662e-08  1.77453e-08  1.84825e-08 
          13     -1.81203  1.22509e-07  1.17839e-07  5.78324e-05  3.34252e-08  1.78475e-08  1.77435e-08 
          13     -1.78741  1.22246e-07  9.96548e-08  5.78332e-05  3.41688e-08  1.79312e-08  1.70228e-08 
          13     -1.76253   1.2093e-07  8.12957e-08  5.78339e-05  3.49057e-08  1.80023e-08  1.63289e-08 
          13     -1.73741  1.18676e-07  6.28319e-08  5.78347e-05  3.56466e-08  1.80661e-08  1.56688e-08 
          13     -1.71203  1.15598e-07  4.43287e-08  5.78354e-05  3.64025e-08  1.81267e-08  1.50488e-08 
          13      -1.6864  1.11798e-07  2.58469e-08  5.78362e-05  3.71841e-08  1.81875e-08  1.44736e-08 
          13     -1.66052   1.0737e-07  7.44147e-09   5.7837e-05  3.80008e-08  1.82506e-08   1.3947e-08 
          13     -1.63438  1.02393e-07 -1.08419e-08  5.78377e-05  3.88615e-08  1.83175e-08  1.34718e-08 
          13     -1.60799  9.69374e-08 -2.89508e-08  5.78385e-05  3.97728e-08  1.83887e-08  1.30499e-08 
          13     -1.58135  9.10603e-08 -4.68473e-08  5.78392e-05  4.07398e-08  1.84643e-08  1.26825e-08 
          13     -1.55446  8.48078e-08  -6.4495e-08  5.78399e-05  4.17662e-08  1.85434e-08    1.237e-08 
          13     -1.52731  7.82163e-08 -8.18627e-08  5.78407e-05  4.28543e-08  1.86251e-08  1.21122e-08 
          13     -1.49992  7.13155e-08 -9.89201e-08  5.78414e-05  4.40054e-08   1.8708e-08  1.19085e-08 
          13     -1.47227  6.41289e-08 -1.15644e-07  5.78421e-05  4.52195e-08  1.87906e-08  1.17579e-08 
          13     -1.44436  5.66772e-08 -1.32013e-07  5.78428e-05  4.64955e-08  1.88709e-08  1.16591e-08 
          13      -1.4162  4.89781e-08 -1.48013e-07  5.78435e-05  4.78317e-08  1.89471e-08  1.16105e-08 
          13     -1.38779  4.10529e-08 -1.63625e-07  5.78441e-05  4.92256e-08  1.90171e-08  1.16105e-08 
          13     -1.35913  3.29217e-08 -1.78842e-07  5.78448e-05  5.06748e-08   1.9079e-08  1.16572e-08 
          13     -1.33022  2.46086e-08  -1.9366e-07  5.78454e-05  5.21762e-08  1.91308e-08  1.17487e-08 
          13     -1.30106  1.61433e-08 -2.08075e-07   5.7846e-05  5.37268e-08  1.91706e-08  1.18831e-08 
          13     -1.27164  7.56033e-09 -2.22092e-07  5.78466e-05  5.53233e-08  1.91965e-08  1.20585e-08 
          13     -1.24197 -1.09794e-09 -2.35717e-07  5.78472e-05  5.69624e-08  1.92064e-08  1.22728e-08 
          13     -1.21205 -9.78254e-09 -2.48962e-07  5.78478e-05  5.86407e-08  1.91985e-08  1.25243e-08 
          13     -1.18186  -1.8438e-08 -2.61845e-07  5.78483e-05  6.03554e-08  1.91708e-08  1.28111e-08 
          13     -1.15144 -2.69965e-08 -2.74382e-07  5.78489e-05  6.21029e-08  1.91213e-08  1.31314e-08 
          13     -1.12076 -3.53867e-08 -2.86602e-07  5.78494e-05  6.38811e-08  1.90479e-08  1.34834e-08 
          13     -1.08982 -4.35282e-08 -2.98536e-07  5.78499e-05   6.5688e-08  1.89486e-08  1.38656e-08 
          13     -1.05864 -5.13327e-08 -3.10218e-07  5.78503e-05  6.75225e-08  1.88211e-08  1.42764e-08 
          13      -1.0272 -5.87077e-08 -3.21689e-07  5.78508e-05  6.93853e-08  1.86631e-08  1.47142e-08 
          13    -0.995511 -6.55543e-08 -3.32993e-07  5.78512e-05  7.12784e-08  1.84724e-08  1.51776e-08 
          13    -0.963568 -7.17702e-08 -3.44175e-07  5.78517e-05  7.32063e-08  1.82465e-08  1.56656e-08 
          13    -0.931366 -7.72544e-08 -3.55287e-07  5.78521e-05  7.51768e-08  1.79831e-08   1.6177e-08 
          13    -0.898919 -8.19037e-08 -3.66373e-07  5.78525e-05     7.72e-08  1.76799e-08  1.67111e-08 
          13    -0.866218 -8.56287e-08 -3.77486e-07  5.78529e-05  7.92921e-08  1.73351e-08  1.72675e-08 
          13    -0.833265 -8.83499e-08 -3.88669e-07  5.78533e-05  8.14731e-08  1.69468e-08  1.78464e-08 
          13     -0.80006 -9.00064e-08 -3.99965e-07  5.78536e-05  8.37684e-08  1.65141e-08  1.84484e-08 
          13    -0.766602 -9.05695e-08 -4.11405e-07   5.7854e-05  8.62086e-08  1.60366e-08  1.90752e-08 
          13    -0.732892 -9.00452e-08 -4.23012e-07  5.78544e-05  8.88278e-08   1.5515e-08  1.97292e-08 
          13    -0.698929 -8.84902e-08 -4.34796e-07  5.78547e-05  9.16627e-08  1.49511e-08  2.04139e-08 
          13    -0.664707 -8.60166e-08 -4.46757e-07  5.78551e-05  9.47483e-08  1.43482e-08  2.11343e-08 
          13    -0.630239 -8.28082e-08  -4.5887e-07  5.78555e-05  9.81108e-08  1.37116e-08  2.18961e-08 
          13    -0.595518 -7.91158e-08 -4.71106e-07  5.78558e-05  1.01762e-07  1.30484e-08  2.27064e-08 
          13    -0.560545 -7.52499e-08 -4.83416e-07  5.78562e-05  1.05682e-07  1.23677e-08   2.3573e-08 
          13     -0.52532 -7.15744e-08 -4.95745e-07  5.78565e-05  1.09809e-07  1.16808e-08  2.45041e-08 
          13    -0.489842 -6.84659e-08  -5.0803e-07  5.78569e-05  1.14013e-07  1.10009e-08  2.55077e-08 
          13    -0.454111 -6.62495e-08 -5.20209e-07  5.78572e-05  1.18076e-07  1.03415e-08  2.65902e-08 
          13    -0.418128 -6.51408e-08 -5.32223e-07  5.78575e-05  1.21667e-07  9.71481e-09  2.77556e-08 
          13    -0.381885 -6.51328e-08 -5.44018e-07  5.78578e-05  1.24333e-07  9.12743e-09  2.90044e-08 
          13    -0.345397 -6.58991e-08 -5.55541e-07   5.7858e-05  1.25491e-07  8.57537e-09  3.03308e-08 
          13    -0.308657 -6.67067e-08 -5.66738e-07  5.78583e-05  1.24475e-07  8.03672e-09  3.17225e-08 
          13    -0.271664 -6.63396e-08  -5.7754e-07  5.78584e-05  1.20602e-07  7.46356e-09  3.31584e-08 
          13    -0.234418  -6.3127e-08 -5.87843e-07  5.78586e-05  1.13307e-07  6.77753e-09  3.46079e-08 
          13     -0.19692 -5.50321e-08 -5.97497e-07  5.78587e-05  1.02314e-07    5.869e-09  3.60298e-08 
          13     -0.15917 -3.98657e-08 -6.06294e-07  5.78588e-05  8.78172e-08  4.60602e-09  3.73735e-08 
          13    -0.121166 -1.55846e-08 -6.13975e-07  5.78589e-05  7.06306e-08  2.85281e-09  3.85819e-08 
          13    -0.082903   1.9368e-08 -6.20248e-07  5.78589e-05  5.22237e-08   4.9556e-10  3.95961e-08 
          13    -0.044395    6.572e-08 -6.24819e-07   5.7859e-05  3.46126e-08 -2.52917e-09   4.0362e-08 
          13    -0.005634  1.23225e-07 -6.27449e-07  5.78591e-05  2.00487e-08 -6.22054e-09  4.08394e-08 
          13     0.033379   1.9067e-07 -6.27985e-07  5.78592e-05  1.06385e-08 -1.05144e-08  4.10075e-08 
          13     0.072644  2.66121e-07 -6.26387e-07  5.78594e-05  7.95783e-09 -1.53052e-08  4.08686e-08 
          13     0.112163   3.4743e-07 -6.22723e-07  5.78596e-05  1.28244e-08 -2.04869e-08  4.04467e-08 
          13     0.151933   4.3258e-07  -6.1714e-07  5.78599e-05  2.52767e-08 -2.59777e-08  3.97814e-08 
          13     0.191957  5.20074e-07  -6.0981e-07  5.78602e-05  4.47412e-08 -3.17409e-08  3.89189e-08 
          13      0.23224  6.09036e-07 -6.00894e-07  5.78607e-05  7.02708e-08 -3.77787e-08   3.7906e-08 
          13     0.272769  6.98644e-07  -5.9053e-07  5.78612e-05  1.00664e-07 -4.40819e-08   3.6786e-08 
          13     0.313549  7.88051e-07 -5.78828e-07  5.78618e-05  1.34559e-07 -5.06137e-08  3.55988e-08 
          13     0.354583  8.75772e-07 -5.65905e-07  5.78624e-05  1.70369e-07 -5.72669e-08  3.43849e-08 
          13     0.395868   9.5965e-07 -5.51922e-07   5.7863e-05  2.06256e-07 -6.38658e-08  3.31894e-08 
          13     0.437407   1.0372e-06 -5.37079e-07  5.78637e-05  2.40279e-07 -7.01961e-08  3.20608e-08 
          13     0.479197  1.10592e-06 -5.21612e-07  5.78644e-05  2.70559e-07 -7.60328e-08  3.10479e-08 
          13     0.521241  1.16366e-06 -5.05759e-07  5.78651e-05  2.95514e-07 -8.11723e-08  3.01948e-08 
          13     0.563545  1.20886e-06 -4.89703e-07  5.78657e-05  3.14045e-07 -8.54509e-08  2.95333e-08 
          13     0.606093  1.24058e-06 -4.73671e-07  5.78662e-05  3.25563e-07 -8.87642e-08  2.90899e-08 
          13     0.648894  1.25903e-06 -4.57787e-07  5.78666e-05  3.30176e-07 -9.10832e-08  2.88721e-08 
          13     0.691948  1.26521e-06 -4.42137e-07  5.78669e-05  3.28519e-07 -9.24425e-08  2.88757e-08 
          13     0.735253  1.26054e-06 -4.26806e-07  5.78671e-05  3.21528e-07 -9.29253e-08  2.90907e-08 
          13     0.778812   1.2467e-06 -4.11849e-07  5.78671e-05  3.10286e-07 -9.26432e-08  2.95003e-08 
          13     0.822623  1.22546e-06 -3.97292e-07  5.78668e-05  2.95882e-07  -9.1719e-08  3.00821e-08 
          13     0.866686  1.19855e-06 -3.83131e-07  5.78664e-05  2.79331e-07 -9.02762e-08  3.08095e-08 
          13     0.911011  1.16766e-06 -3.69352e-07  5.78656e-05  2.61536e-07  -8.8436e-08   3.1655e-08 
          13     0.955579  1.13451e-06 -3.55959e-07  5.78647e-05  2.43344e-07 -8.63302e-08  3.25942e-08 
          13       1.0004  1.10019e-06  -3.4291e-07  5.78634e-05   2.2526e-07 -8.40404e-08  3.36008e-08 
          13      1.04547  1.06541e-06 -3.30188e-07  5.78619e-05  2.07584e-07 -8.16197e-08  3.46523e-08 
          13       1.0908  1.03073e-06 -3.17779e-07  5.78601e-05  1.90558e-07 -7.91171e-08  3.57297e-08 
          13      1.13638  9.96423e-07 -3.05665e-07   5.7858e-05  1.74333e-07 -7.65664e-08  3.68146e-08 
          13      1.18221  9.62482e-07 -2.93816e-07  5.78556e-05  1.58975e-07  -7.3985e-08  3.78886e-08 
          13      1.22829  9.28689e-07 -2.82213e-07  5.78529e-05  1.44485e-07 -7.13773e-08  3.89363e-08 
          13      1.27464  8.94755e-07 -2.70859e-07  5.78499e-05  1.30854e-07 -6.87465e-08   3.9945e-08 
          13      1.32123  8.60431e-07 -2.59758e-07  5.78466e-05  1.18087e-07 -6.60992e-08  4.09031e-08 
          13      1.36807  8.25515e-07 -2.48904e-07   5.7843e-05  1.06198e-07 -6.34451e-08  4.18003e-08 
          13      1.41516  7.89868e-07 -2.38284e-07  5.78391e-05  9.52128e-08 -6.07983e-08  4.26268e-08 
          13      1.46251  7.53215e-07 -2.27904e-07  5.78349e-05  8.50783e-08 -5.81478e-08  4.33711e-08 
          13      1.51011    7.155e-07 -2.17762e-07  5.78305e-05  7.58365e-08   -5.552e-08  4.40294e-08 
          13      1.55796  6.76554e-07 -2.07853e-07  5.78258e-05  6.74414e-08 -5.29086e-08   4.4594e-08 
          13      1.60606  6.36316e-07 -1.98182e-07  5.78208e-05  5.98565e-08 -5.03104e-08  4.50599e-08 
          13      1.65443  5.94853e-07  -1.8876e-07  5.78156e-05  5.30603e-08 -4.77303e-08  4.54243e-08 
          13      1.70304  5.52359e-07 -1.79596e-07  5.78102e-05  4.70443e-08 -4.51818e-08  4.56856e-08 
          13       1.7519  5.09093e-07 -1.70692e-07  5.78046e-05  4.17968e-08 -4.26815e-08  4.58428e-08 
          13      1.80101  4.65361e-07 -1.62046e-07  5.77988e-05  3.72986e-08 -4.02469e-08  4.58952e-08 
          13      1.85038  4.21467e-07 -1.53645e-07  5.77928e-05  3.35094e-08   -3.789e-08  4.58428e-08 
          13          1.9   3.7765e-07 -1.45502e-07  5.77866e-05  3.03636e-08  -3.5611e-08  4.56873e-08 
          13      1.94987   3.3418e-07 -1.37631e-07  5.77803e-05  2.77967e-08 -3.34095e-08  4.54345e-08 
          13            2  2.91382e-07 -1.30013e-07  5.77739e-05  2.57498e-08 -3.12904e-08  4.50882e-08 
          14           -3 -1.11812e-20 -1.45868e-23  5.78604e-05  1.78562e-15 -2.33143e-17 -1.14704e-16 
          14     -2.99987  2.35907e-10  -5.3025e-15  5.78604e-05  5.40363e-14 -2.23226e-17 -1.02777e-16 
          14      -2.9995  9.46838e-10 -1.13928e-13  5.78604e-05  8.39367e-13  -1.4255e-16 -7.03864e-17 
          14     -2.99886  2.13488e-09 -6.03551e-13  5.78604e-05  4.21928e-12  -1.4799e-15 -2.47852e-17 
          14     -2.99798  3.80834e-09 -1.93882e-12  5.78604e-05  1.32424e-11 -8.24888e-15  4.12685e-17 
          14     -2.99684  5.97396e-09 -4.76794e-12  5.78604e-05  3.20257e-11 -3.11985e-14  2.05709e-16 
          14     -2.99546  8.64414e-09 -9.92839e-12  5.78604e-05  6.56699e-11 -9.21876e-14  7.49998e-16 
          14     -2.99381  1.18288e-08  -1.8434e-11  5.78604e-05  1.20031e-10 -2.29441e-13  2.41367e-15 
          14     -2.99192  1.55425e-08 -3.14846e-11  5.78604e-05   2.0163e-10  -5.0364e-13  6.82845e-15 
          14     -2.98977  1.97961e-08 -5.04355e-11  5.78604e-05  3.17313e-10 -1.00358e-12  1.71732e-14 
          14     -2.98738  2.46037e-08 -7.68111e-11  5.78604e-05  4.74194e-10 -1.85265e-12  3.91226e-14 
          14     -2.98472  2.99761e-08 -1.12262e-10  5.78604e-05  6.79283e-10 -3.21364e-12  8.20904e-14 
          14     -2.98182  3.59197e-08 -1.58528e-10  5.78604e-05  9.39186e-10 -5.29236e-12  1.60774e-13 
          14     -2.97866  4.24396e-08 -2.17427e-10  5.78604e-05  1.26002e-09  -8.3415e-12  2.97059e-13 
          14     -2.97525  4.95393e-08 -2.90826e-10  5.78604e-05  1.64723e-09 -1.26632e-11  5.22251e-13 
          14     -2.97159  5.72131e-08 -3.80528e-10  5.78604e-05  2.10508e-09 -1.86054e-11  8.79263e-13 
          14     -2.96768  6.54564e-08 -4.88335e-10  5.78603e-05    2.637e-09 -2.65669e-11  1.42554e-12 
          14     -2.96351  7.42481e-08 -6.15773e-10  5.78603e-05  3.24442e-09 -3.69788e-11  2.23448e-12 
          14     -2.95909  8.35712e-08 -7.64306e-10  5.78603e-05  3.92799e-09 -5.03189e-11  3.39908e-12 
          14     -2.95442  9.33979e-08 -9.35081e-10  5.78603e-05  4.68657e-09 -6.70911e-11   5.0329e-12 
          14      -2.9495  1.03691e-07 -1.12888e-09  5.78603e-05  5.51725e-09 -8.78164e-11   7.2711e-12 
          14     -2.94432  1.14409e-07 -1.34616e-09  5.78603e-05  6.41574e-09 -1.13031e-10  1.02718e-11 
          14     -2.93889  1.25503e-07   -1.587e-09  5.78603e-05  7.37643e-09  -1.4328e-10  1.42164e-11 
          14     -2.93321  1.36913e-07   -1.851e-09  5.78603e-05  8.39217e-09 -1.79101e-10  1.93075e-11 
          14     -2.92727   1.4858e-07  -2.1373e-09  5.78603e-05  9.45457e-09 -2.21017e-10  2.57666e-11 
          14     -2.92109  1.60425e-07  -2.4445e-09  5.78603e-05  1.05539e-08 -2.69518e-10  3.38278e-11 
          14     -2.91465  1.72379e-07 -2.77104e-09  5.78603e-05  1.16804e-08 -3.25106e-10  4.37427e-11 
          14     -2.90796  1.84354e-07 -3.11472e-09  5.78603e-05  1.28229e-08  -3.8821e-10  5.57592e-11 
          14     -2.90101  1.96268e-07 -3.47333e-09  5.78602e-05  1.39708e-08 -4.59275e-10  7.01314e-11 
          14     -2.89382   2.0803e-07 -3.84439e-09  5.78602e-05   1.5113e-08 -5.38705e-10  8.71015e-11 
          14     -2.88637  2.19545e-07 -4.22542e-09  5.78602e-05  1.62389e-08  -6.2687e-10  1.06892e-10 
          14     -2.87867  2.30719e-07 -4.61417e-09  5.78602e-05  1.73383e-08 -7.24131e-10    1.297e-10 
          14     -2.87071   2.4146e-07 -5.00896e-09  5.78602e-05  1.84026e-08 -8.30878e-10  1.55703e-10 
          14      -2.8625  2.51665e-07 -5.40844e-09  5.78602e-05  1.94231e-08 -9.47395e-10  1.85011e-10 
          14     -2.85405  2.61239e-07 -5.81247e-09  5.78602e-05  2.03931e-08 -1.07401e-09  2.17706e-10 
          14     -2.84533  2.70086e-07  -6.2222e-09  5.78602e-05  2.13074e-08 -1.21104e-09  2.53818e-10 
          14     -2.83637  2.78109e-07 -6.64034e-09  5.78602e-05  2.21623e-08 -1.35873e-09  2.93316e-10 
          14     -2.82715  2.85209e-07 -7.07163e-09  5.78602e-05  2.29556e-08 -1.51727e-09  3.36124e-10 
          14     -2.81768   2.9129e-07 -7.52336e-09  5.78602e-05  2.36871e-08 -1.68678e-09  3.82127e-10 
          14     -2.80796  2.96249e-07  -8.0055e-09  5.78602e-05  2.43578e-08 -1.86713e-09  4.31153e-10 
          14     -2.79799  2.99986e-07 -8.53175e-09  5.78602e-05  2.49708e-08 -2.05812e-09  4.83053e-10 
          14     -2.78776  3.02389e-07 -9.11899e-09  5.78603e-05  2.55299e-08   -2.259e-09   5.3762e-10 
          14     -2.77728  3.03349e-07 -9.78896e-09  5.78603e-05  2.60412e-08 -2.46883e-09  5.94747e-10 
          14     -2.76655  3.02746e-07 -1.05676e-08  5.78603e-05  2.65112e-08 -2.68595e-09  6.54364e-10 
          14     -2.75556  3.00453e-07 -1.14863e-08  5.78604e-05  2.69477e-08 -2.90818e-09  7.16558e-10 
          14     -2.74433  2.96336e-07 -1.25812e-08  5.78604e-05  2.73592e-08 -3.13238e-09  7.81574e-10 
          14     -2.73284  2.90252e-07 -1.38945e-08  5.78605e-05  2.77548e-08 -3.35453e-09  8.49943e-10 
          14      -2.7211  2.82056e-07 -1.54729e-08  5.78606e-05  2.81439e-08 -3.56935e-09  9.22496e-10 
          14      -2.7091  2.71588e-07 -1.73696e-08  5.78607e-05  2.85362e-08 -3.77042e-09  1.00054e-09 
          14     -2.69685    2.587e-07 -1.96402e-08  5.78608e-05  2.89414e-08 -3.94967e-09   1.0858e-09 
          14     -2.68435  2.43237e-07 -2.23454e-08  5.78609e-05  2.93696e-08 -4.09764e-09  1.18067e-09 
          14      -2.6716  2.25053e-07 -2.55478e-08  5.78611e-05  2.98306e-08 -4.20312e-09   1.2882e-09 
          14      -2.6586  2.04016e-07 -2.93104e-08  5.78612e-05  3.03345e-08 -4.25323e-09  1.41217e-09 
          14     -2.64534   1.8002e-07 -3.36942e-08  5.78614e-05  3.08913e-08 -4.23341e-09  1.55717e-09 
          14     -2.63183  1.52988e-07 -3.87557e-08  5.78616e-05  3.15113e-08 -4.12757e-09  1.72852e-09 
          14     -2.61807  1.22881e-07 -4.45442e-08  5.78618e-05   3.2205e-08 -3.91828e-09  1.93235e-09 
          14     -2.60405  8.97113e-08 -5.10985e-08   5.7862e-05  3.29831e-08 -3.58709e-09  2.17538e-09 
          14     -2.58978  5.35686e-08 -5.84385e-08  5.78623e-05  3.38556e-08 -3.11532e-09  2.46465e-09 
          14     -2.57526  1.46022e-08 -6.65677e-08  5.78625e-05  3.48326e-08 -2.48447e-09  2.80741e-09 
          14     -2.56049 -2.69544e-08  -7.5466e-08  5.78627e-05   3.5923e-08 -1.67714e-09  3.21062e-09 
          14     -2.54547 -7.07723e-08 -8.50856e-08  5.78629e-05  3.71338e-08 -6.78283e-10   3.6804e-09 
          14     -2.53019  -1.1642e-07 -9.53471e-08  5.78631e-05  3.84692e-08  5.23507e-10  4.22145e-09 
          14     -2.51466 -1.63365e-07 -1.06139e-07  5.78633e-05  3.99294e-08  1.93466e-09  4.83633e-09 
          14     -2.49888 -2.10974e-07 -1.17315e-07  5.78635e-05  4.15097e-08  3.55521e-09  5.52481e-09 
          14     -2.48284 -2.58524e-07 -1.28698e-07  5.78636e-05   4.3199e-08  5.37755e-09  6.28313e-09 
          14     -2.46656 -3.05168e-07 -1.40069e-07  5.78637e-05  4.49771e-08  7.38345e-09  7.10276e-09 
          14     -2.45002 -3.50016e-07 -1.51189e-07  5.78638e-05  4.68164e-08  9.54547e-09  7.97081e-09 
          14     -2.43322 -3.92115e-07 -1.61793e-07  5.78638e-05  4.86799e-08  1.18248e-08  8.86902e-09 
          14     -2.41618 -4.30477e-07 -1.71603e-07  5.78638e-05  5.05206e-08  1.41711e-08    9.774e-09 
          14     -2.39888 -4.64115e-07 -1.80332e-07  5.78638e-05  5.22826e-08  1.65238e-08  1.06576e-08 
          14     -2.38133  -4.9207e-07 -1.87702e-07  5.78637e-05  5.39026e-08  1.88127e-08  1.14878e-08 
          14     -2.36353 -5.13452e-07  -1.9345e-07  5.78636e-05  5.53127e-08  2.09608e-08  1.22296e-08 
          14     -2.34547 -5.27477e-07 -1.97343e-07  5.78634e-05  5.64438e-08   2.2888e-08  1.28477e-08 
          14     -2.32716 -5.33476e-07 -1.99189e-07  5.78632e-05  5.72253e-08  2.45123e-08  1.33075e-08 
          14     -2.30861 -5.30969e-07 -1.98851e-07  5.78631e-05  5.75975e-08  2.57581e-08  1.35787e-08 
          14     -2.28979 -5.19654e-07 -1.96253e-07  5.78629e-05  5.75097e-08  2.65581e-08  1.36372e-08 
          14     -2.27073 -4.99432e-07 -1.91387e-07  5.78628e-05  5.69264e-08  2.68587e-08  1.34681e-08 
          14     -2.25141 -4.70424e-07 -1.84317e-07  5.78627e-05  5.58327e-08  2.66245e-08  1.30677e-08 
          14     -2.23184  -4.3297e-07 -1.75182e-07  5.78627e-05  5.42376e-08  2.58419e-08  1.24456e-08 
          14     -2.21202 -3.87622e-07 -1.64192e-07  5.78627e-05  5.21765e-08  2.45217e-08  1.16258e-08 
          14     -2.19194   -3.351e-07 -1.51616e-07  5.78629e-05   4.9707e-08  2.26987e-08  1.06463e-08 
          14     -2.17161 -2.76327e-07 -1.37789e-07  5.78632e-05  4.69132e-08  2.04334e-08  9.56012e-09 
          14     -2.15103 -2.12324e-07 -1.23079e-07  5.78636e-05  4.38997e-08  1.78082e-08   8.4315e-09 
          14      -2.1302 -1.44229e-07  -1.0789e-07  5.78642e-05  4.07888e-08  1.49247e-08  7.33473e-09 
          14     -2.10912 -7.32265e-08 -9.26373e-08   5.7865e-05  3.77128e-08  1.18985e-08  6.35017e-09 
          14     -2.08778 -5.27194e-10 -7.77409e-08  5.78659e-05  3.48074e-08  8.85332e-09  5.56061e-09 
          14     -2.06619  7.26879e-08 -6.36044e-08   5.7867e-05  3.22045e-08   5.9144e-09  5.04667e-09 
          14     -2.04435  1.45284e-07 -5.06067e-08  5.78683e-05  3.00262e-08  3.20287e-09  4.88286e-09 
          14     -2.02225  2.16233e-07 -3.90855e-08  5.78698e-05  2.83759e-08  8.28046e-10  5.13349e-09 
          14      -1.9999  2.84577e-07 -2.93389e-08  5.78715e-05  2.73368e-08 -1.11494e-09  5.84934e-09 
          14      -1.9773   3.4952e-07 -2.16061e-08  5.78733e-05  2.69655e-08 -2.55208e-09  7.06508e-09 
          14     -1.95445  4.10395e-07 -1.60718e-08  5.78753e-05  2.72918e-08 -3.43138e-09   8.7979e-09 
          14     -1.93134  4.66682e-07 -1.28636e-08  5.78775e-05  2.83184e-08 -3.72465e-09  1.10471e-08 
          14     -1.90799  5.18002e-07 -1.20532e-08  5.78799e-05  3.00227e-08 -3.42719e-09  1.37944e-08 
          14     -1.88438  5.64112e-07 -1.36592e-08  5.78823e-05  3.23604e-08 -2.55586e-09  1.70056e-08 
          14     -1.86051  6.04893e-07 -1.76532e-08  5.78849e-05  3.52688e-08 -1.14539e-09  2.06325e-08 
          14     -1.83639  6.40351e-07 -2.39666e-08  5.78877e-05  3.86737e-08  7.53251e-10  2.46172e-08 
          14     -1.81203  6.70561e-07 -3.24919e-08  5.78905e-05  4.24905e-08   3.0769e-09  2.88914e-08 
          14     -1.78741    6.957e-07 -4.30971e-08  5.78934e-05  4.66339e-08  5.75639e-09  3.33845e-08 
          14     -1.76253  7.16006e-07 -5.56289e-08  5.78964e-05  5.10196e-08  8.71868e-09  3.80237e-08 
          14     -1.73741  7.31761e-07 -6.99204e-08  5.78994e-05  5.55686e-08  1.18904e-08  4.27378e-08 
          14     -1.71203  7.43279e-07 -8.57962e-08  5.79025e-05  6.02091e-08  1.52003e-08  4.74593e-08 
          14      -1.6864  7.50893e-07 -1.03077e-07  5.79057e-05  6.48792e-08  1.85834e-08   5.2126e-08 
          14     -1.66052  7.54944e-07 -1.21585e-07  5.79089e-05  6.95301e-08  2.19827e-08  5.66831e-08 
          14     -1.63438   7.5577e-07 -1.41154e-07  5.79121e-05  7.41238e-08  2.53484e-08  6.10846e-08 
          14     -1.60799  7.53699e-07 -1.61613e-07  5.79154e-05   7.8631e-08  2.86374e-08  6.52905e-08 
          14     -1.58135  7.49046e-07  -1.8281e-07  5.79186e-05  8.30353e-08  3.18167e-08  6.92711e-08 
          14     -1.55446  7.42106e-07 -2.04603e-07  5.79219e-05  8.73291e-08  3.48606e-08   7.3004e-08 
          14     -1.52731  7.33153e-07 -2.26861e-07  5.79252e-05  9.15129e-08  3.77512e-08  7.64744e-08 
          14     -1.49992  7.22437e-07 -2.49464e-07  5.79285e-05  9.55935e-08  4.04763e-08  7.96735e-08 
          14     -1.47227  7.10187e-07 -2.72306e-07  5.79318e-05  9.95832e-08  4.30296e-08   8.2599e-08 
          14     -1.44436  6.96608e-07 -2.95289e-07  5.79351e-05  1.03499e-07  4.54092e-08  8.52527e-08 
          14      -1.4162  6.81881e-07 -3.18331e-07  5.79383e-05   1.0736e-07  4.76172e-08  8.76403e-08 
          14     -1.38779  6.66177e-07 -3.41348e-07  5.79416e-05  1.11187e-07  4.96567e-08  8.97699e-08 
          14     -1.35913  6.49643e-07 -3.64274e-07  5.79449e-05  1.15002e-07  5.15339e-08  9.16525e-08 
          14     -1.33022   6.3241e-07 -3.87048e-07  5.79481e-05  1.18826e-07   5.3256e-08  9.33004e-08 
          14     -1.30106  6.14594e-07 -4.09613e-07  5.79514e-05  1.22683e-07  5.48312e-08  9.47268e-08 
          14     -1.27164  5.96301e-07 -4.31917e-07  5.79546e-05  1.26592e-07  5.62679e-08  9.59452e-08 
          14     -1.24197  5.77629e-07 -4.53913e-07  5.79578e-05  1.30574e-07  5.75734e-08  9.69689e-08 
          14     -1.21205  5.58662e-07 -4.75552e-07   5.7961e-05  1.34647e-07  5.87558e-08  9.78111e-08 
          14     -1.18186  5.39474e-07 -4.96794e-07  5.79642e-05  1.38827e-07  5.98224e-08  9.84844e-08 
          14     -1.15144  5.20143e-07 -5.17583e-07  5.79674e-05  1.43128e-07  6.07797e-08  9.90004e-08 
          14     -1.12076  5.00726e-07 -5.37876e-07  5.79705e-05  1.47563e-07  6.16343e-08    9.937e-08 
          14     -1.08982  4.81277e-07 -5.57624e-07  5.79737e-05   1.5214e-07  6.23923e-08  9.96035e-08 
          14     -1.05864  4.61841e-07 -5.76774e-07  5.79768e-05  1.56867e-07  6.30592e-08    9.971e-08 
          14      -1.0272  4.42457e-07 -5.95269e-07  5.79799e-05  1.61744e-07  6.36406e-08  9.96978e-08 
          14    -0.995511   4.2315e-07 -6.13051e-07   5.7983e-05  1.66771e-07  6.41422e-08  9.95746e-08 
          14    -0.963568  4.03933e-07 -6.30056e-07  5.79861e-05  1.71938e-07  6.45705e-08  9.93472e-08 
          14    -0.931366  3.84804e-07 -6.46221e-07  5.79892e-05  1.77232e-07   6.4932e-08   9.9022e-08 
          14    -0.898919  3.65758e-07  -6.6147e-07  5.79922e-05  1.82628e-07  6.52345e-08   9.8605e-08 
          14    -0.866218  3.46761e-07 -6.75735e-07  5.79952e-05  1.88093e-07  6.54865e-08  9.81017e-08 
          14    -0.833265  3.27768e-07 -6.88944e-07  5.79982e-05  1.93579e-07  6.56979e-08  9.75178e-08 
          14     -0.80006  3.08714e-07 -7.01024e-07  5.80011e-05  1.99024e-07  6.58803e-08  9.68588e-08 
          14    -0.766602  2.89521e-07 -7.11908e-07   5.8004e-05  2.04345e-07  6.60459e-08  9.61306e-08 
          14    -0.732892   2.7009e-07 -7.21531e-07  5.80069e-05  2.09438e-07  6.62083e-08  9.53395e-08 
          14    -0.698929  2.50319e-07 -7.29836e-07  5.80097e-05  2.14171e-07  6.63806e-08  9.44925e-08 
          14    -0.664707  2.30087e-07 -7.36775e-07  5.80124e-05  2.18385e-07  6.65763e-08  9.35971e-08 
          14    -0.630239  2.09291e-07 -7.42309e-07  5.80151e-05  2.21882e-07  6.68056e-08  9.26625e-08 
          14    -0.595518  1.87821e-07 -7.46418e-07  5.80177e-05  2.24436e-07  6.70753e-08  9.16984e-08 
          14    -0.560545  1.65601e-07 -7.49095e-07  5.80201e-05  2.25779e-07  6.73844e-08  9.07158e-08 
          14     -0.52532  1.42583e-07 -7.50347e-07  5.80225e-05  2.25616e-07  6.77228e-08  8.97266e-08 
          14    -0.489842  1.18779e-07 -7.50201e-07  5.80248e-05  2.23623e-07  6.80652e-08  8.87436e-08 
          14    -0.454111  9.42733e-08 -7.48695e-07  5.80269e-05  2.19466e-07  6.83676e-08  8.77797e-08 
          14    -0.418128  6.92391e-08 -7.45881e-07  5.80289e-05  2.12818e-07  6.85636e-08  8.68476e-08 
          14    -0.381885   4.3963e-08 -7.41815e-07  5.80307e-05  2.03387e-07  6.85581e-08  8.59582e-08 
          14    -0.345397   1.8869e-08 -7.36559e-07  5.80324e-05  1.90963e-07   6.8226e-08  8.51201e-08 
          14    -0.308657 -5.49805e-09 -7.30162e-07  5.80339e-05  1.75458e-07  6.74107e-08  8.43376e-08 
          14    -0.271664 -2.84452e-08 -7.22665e-07  5.80353e-05  1.56962e-07   6.5925e-08  8.36089e-08 
          14    -0.234418 -4.91571e-08 -7.14081e-07  5.80364e-05   1.3581e-07  6.35595e-08  8.29259e-08 
          14     -0.19692 -6.67137e-08 -7.04401e-07  5.80374e-05  1.12626e-07  6.00929e-08  8.22723e-08 
          14     -0.15917 -8.01393e-08 -6.93581e-07  5.80382e-05  8.83683e-08  5.53101e-08  8.16247e-08 
          14    -0.121166 -8.84586e-08 -6.81551e-07  5.80388e-05  6.43232e-08  4.90237e-08  8.09532e-08 
          14    -0.082903 -9.07654e-08 -6.68214e-07  5.80392e-05  4.20659e-08  4.10987e-08  8.02251e-08 
          14    -0.044395 -8.62975e-08 -6.53473e-07  5.80394e-05   2.3367e-08  3.14813e-08  7.94094e-08 
          14    -0.005634 -7.45031e-08 -6.37227e-07  5.80394e-05  1.00062e-08  2.02088e-08  7.84812e-08 
          14     0.033379  -5.5076e-08 -6.19404e-07  5.80392e-05   3.5846e-09  7.42212e-09  7.74277e-08 
          14     0.072644 -2.79761e-08 -5.99973e-07  5.80388e-05  5.30472e-09 -6.64133e-09  7.62521e-08 
          14     0.112163  6.65832e-09 -5.78957e-07  5.80381e-05  1.57978e-08 -2.16773e-08  7.49751e-08 
          14     0.151933  4.84134e-08 -5.56432e-07  5.80371e-05  3.50216e-08 -3.73244e-08  7.36333e-08 
          14     0.191957  9.67495e-08 -5.32526e-07  5.80359e-05  6.22638e-08 -5.32116e-08  7.22742e-08 
          14      0.23224  1.51131e-07 -5.07399e-07  5.80344e-05  9.62658e-08 -6.89944e-08  7.09502e-08 
          14     0.272769   2.1069e-07 -4.81245e-07  5.80326e-05  1.35297e-07 -8.43224e-08  6.97133e-08 
          14     0.313549  2.74515e-07 -4.54251e-07  5.80305e-05  1.77409e-07 -9.88947e-08  6.86081e-08 
          14     0.354583  3.41333e-07 -4.26611e-07  5.80281e-05  2.20497e-07 -1.12419e-07  6.76721e-08 
          14     0.395868   4.0948e-07 -3.98523e-07  5.80253e-05  2.62403e-07 -1.24612e-07  6.69356e-08 
          14     0.437407  4.76935e-07 -3.70185e-07  5.80223e-05  3.01034e-07 -1.35213e-07  6.64201e-08 
          14     0.479197  5.41437e-07 -3.41814e-07  5.80189e-05  3.34473e-07    -1.44e-07  6.61406e-08 
          14     0.521241  6.00741e-07  -3.1363e-07  5.80152e-05  3.61152e-07 -1.50812e-07  6.61038e-08 
          14     0.563545  6.52901e-07  -2.8586e-07  5.80112e-05  3.80035e-07 -1.55591e-07  6.63113e-08 
          14     0.606093  6.96476e-07 -2.58724e-07  5.80068e-05  3.90721e-07 -1.58374e-07  6.67509e-08 
          14     0.648894  7.30653e-07 -2.32397e-07  5.80022e-05  3.93421e-07 -1.59292e-07  6.74021e-08 
          14     0.691948  7.55249e-07 -2.07032e-07  5.79973e-05  3.88859e-07 -1.58548e-07  6.82373e-08 
          14     0.735253  7.70713e-07 -1.82737e-07   5.7992e-05  3.78181e-07 -1.56401e-07  6.92184e-08 
          14     0.778812  7.77943e-07 -1.59576e-07  5.79865e-05  3.62749e-07 -1.53137e-07  7.03091e-08 
          14     0.822623  7.78053e-07 -1.37571e-07  5.79807e-05   3.4386e-07 -1.49023e-07  7.14735e-08 
          14     0.866686  7.72299e-07 -1.16718e-07  5.79747e-05  3.22715e-07 -1.44301e-07  7.26757e-08 
          14     0.911011     7.62e-07 -9.69943e-08  5.79684e-05  3.00393e-07 -1.39189e-07  7.38815e-08 
          14     0.955579  7.48387e-07 -7.83428e-08  5.79618e-05  2.77759e-07 -1.33865e-07  7.50603e-08 
          14       1.0004  7.32497e-07 -6.07227e-08   5.7955e-05  2.55401e-07 -1.28455e-07  7.61928e-08 
          14      1.04547  7.15125e-07 -4.40604e-08   5.7948e-05  2.33735e-07 -1.23049e-07  7.72598e-08 
          14       1.0908  6.96837e-07 -2.83024e-08  5.79408e-05  2.13002e-07 -1.17695e-07  7.82424e-08 
          14      1.13638  6.77907e-07 -1.33846e-08  5.79334e-05  1.93364e-07 -1.12436e-07  7.91288e-08 
          14      1.18221  6.58419e-07  7.48336e-10  5.79258e-05  1.74862e-07 -1.07279e-07  7.99095e-08 
          14      1.22829  6.38323e-07   1.4138e-08   5.7918e-05  1.57478e-07 -1.02217e-07  8.05767e-08 
          14      1.27464  6.17477e-07  2.68227e-08    5.791e-05  1.41195e-07 -9.72447e-08  8.11237e-08 
          14      1.32123  5.95704e-07  3.88351e-08  5.79019e-05  1.26044e-07 -9.23748e-08   8.1544e-08 
          14      1.36807  5.72833e-07  5.01981e-08  5.78935e-05  1.12024e-07 -8.76135e-08   8.1834e-08 
          14      1.41516  5.48746e-07  6.09431e-08  5.78851e-05  9.91247e-08 -8.29601e-08  8.19879e-08 
          14      1.46251  5.23318e-07  7.10921e-08  5.78764e-05  8.73199e-08 -7.84133e-08  8.20057e-08 
          14      1.51011  4.96412e-07  8.06604e-08  5.78677e-05  7.65777e-08 -7.39704e-08  8.18857e-08 
          14      1.55796  4.68009e-07   8.9653e-08  5.78588e-05  6.68648e-08 -6.96242e-08   8.1624e-08 
          14      1.60606  4.38097e-07  9.80891e-08  5.78498e-05  5.81695e-08 -6.53863e-08  8.12232e-08 
          14      1.65443  4.06753e-07   1.0598e-07  5.78407e-05   5.0473e-08 -6.12683e-08  8.06854e-08 
          14      1.70304  3.74162e-07  1.13331e-07  5.78315e-05  4.37437e-08  -5.7277e-08  8.00136e-08 
          14       1.7519  3.40562e-07  1.20153e-07  5.78223e-05  3.79352e-08 -5.34147e-08  7.92116e-08 
          14      1.80101   3.0623e-07  1.26459e-07   5.7813e-05  3.29971e-08 -4.96863e-08  7.82839e-08 
          14      1.85038  2.71453e-07  1.32265e-07  5.78036e-05  2.88774e-08 -4.61013e-08  7.72361e-08 
          14          1.9  2.36489e-07  1.37585e-07  5.77942e-05  2.55254e-08 -4.26756e-08  7.60756e-08 
          14      1.94987  2.01599e-07   1.4242e-07  5.77848e-05  2.28751e-08 -3.94167e-08  7.48089e-08 
          14            2   1.6711e-07  1.46798e-07  5.77754e-05  2.08479e-08 -3.63228e-08  7.34431e-08 
          15           -3 -2.24183e-22 -6.21667e-22  5.78801e-05  2.44202e-17  2.16899e-17  2.88163e-17 
          15     -2.99987 -2.14071e-22 -6.01606e-22  5.78801e-05   2.1796e-17  1.97787e-17  2.63326e-17 
          15      -2.9995 -1.85691e-22   -5.461e-22  5.78801e-05   1.4488e-17  1.45306e-17   1.9442e-17 
          15     -2.99886 -1.44857e-22 -4.68652e-22  5.78801e-05  4.16061e-18  7.35103e-18  9.75918e-18 
          15     -2.99798 -9.98854e-23 -3.87827e-22  5.78801e-05 -6.80822e-18  2.05938e-19 -5.19287e-19 
          15     -2.99684 -6.02655e-23 -3.23148e-22  5.78801e-05 -1.57214e-17 -4.77896e-18 -9.13798e-18 
          15     -2.99546 -3.46266e-23 -2.89754e-22  5.78801e-05  -2.0135e-17 -5.84532e-18 -1.44763e-17 
          15     -2.99381 -2.90942e-23 -2.94415e-22  5.78801e-05  -1.8318e-17 -2.02664e-18 -1.60905e-17 
          15     -2.99192 -4.58144e-23 -3.33052e-22  5.78801e-05 -9.63123e-18  6.55838e-18 -1.50938e-17 
          15     -2.98977  -8.2249e-23 -3.91028e-22  5.78801e-05  5.31223e-18   1.8642e-17 -1.41898e-17 
          15     -2.98738 -1.31346e-22 -4.46453e-22  5.78801e-05  2.47503e-17  3.20357e-17 -1.73317e-17 
          15     -2.98472 -1.82584e-22 -4.75899e-22  5.78801e-05  4.60832e-17  4.40767e-17 -2.90176e-17 
          15     -2.98182 -2.23882e-22 -4.61641e-22  5.78801e-05  6.63732e-17  5.22567e-17 -5.32999e-17 
          15     -2.97866 -2.44123e-22 -3.98366e-22  5.78801e-05  8.29191e-17  5.48744e-17 -9.27332e-17 
          15     -2.97525 -2.35691e-22 -2.96858e-22    5.788e-05  9.36907e-17  5.14819e-17  -1.4752e-16 
          15     -2.97159 -1.96584e-22 -1.82557e-22    5.788e-05   9.7471e-17   4.2954e-17 -2.15067e-16 
          15     -2.96768 -1.31488e-22 -8.70717e-23    5.788e-05  9.36035e-17  3.10071e-17 -2.90392e-16 
          15     -2.96351 -5.15949e-23 -3.36928e-23    5.788e-05  8.13099e-17  1.72002e-17 -3.67158e-16 
          15     -2.95909  2.72264e-23 -2.04364e-23    5.788e-05  5.88196e-17  1.62168e-18 -4.39698e-16 
          15     -2.95442  8.65333e-23 -1.18494e-23    5.788e-05  2.29776e-17 -1.78949e-17 -5.04675e-16 
          15      -2.9495  1.06124e-22  4.16607e-23  5.78799e-05 -2.94254e-17 -4.46537e-17 -5.61433e-16 
          15     -2.94432  5.96091e-23  1.24497e-22  5.78799e-05 -9.65283e-17 -7.76342e-17  -6.0826e-16 
          15     -2.93889 -1.01661e-22 -3.28338e-23  5.78799e-05 -1.59159e-16 -9.78849e-17 -6.30441e-16 
          15     -2.93321  2.06344e-22  2.50431e-21  5.78799e-05 -1.58631e-16 -6.05712e-17  -5.9417e-16 
          15     -2.92727 -3.93938e-22  1.91269e-21  5.78799e-05 -2.20287e-16 -1.03815e-16 -6.82715e-16 
          15     -2.92109 -7.16371e-22  2.09971e-21  5.78799e-05 -2.63997e-16 -1.06445e-16 -6.47742e-16 
          15     -2.91465 -8.09347e-22  2.34521e-21  5.78799e-05  -2.9097e-16 -9.53519e-17 -6.05145e-16 
          15     -2.90796  -7.7089e-22  2.51051e-21  5.78799e-05 -3.06151e-16 -8.55404e-17 -5.92736e-16 
          15     -2.90101 -6.94742e-22   2.6935e-21  5.78799e-05 -3.15136e-16 -8.13412e-17 -5.96141e-16 
          15     -2.89382 -6.19376e-22  2.87495e-21    5.788e-05 -3.20998e-16 -7.94866e-17 -5.83452e-16 
          15     -2.88637 -5.03203e-22  2.71247e-21    5.788e-05 -3.22376e-16 -7.38663e-17 -5.39878e-16 
          15     -2.87867 -2.59505e-22  1.71795e-21  5.78801e-05 -3.14632e-16 -6.15236e-17 -4.88473e-16 
          15     -2.87071  1.01628e-22  1.52801e-22  5.78801e-05   -2.967e-16 -4.90071e-17 -4.76046e-16 
          15      -2.8625  1.59432e-22  1.10415e-21  5.78802e-05  -2.8724e-16 -5.77299e-17 -4.95029e-16 
          15     -2.85405 -3.68527e-22 -3.90528e-21  5.78803e-05 -2.68787e-16  -4.9234e-17 -4.17493e-16 
          15     -2.84533 -2.29953e-22 -3.07171e-21  5.78803e-05 -2.47304e-16 -4.55958e-17 -4.01047e-16 
          15     -2.83637 -8.09959e-23 -1.75089e-21  5.78804e-05 -2.27288e-16 -4.76436e-17  -3.7957e-16 
          15     -2.82715  1.14882e-22 -1.31879e-21  5.78805e-05 -2.07149e-16 -5.04789e-17 -3.45658e-16 
          15     -2.81768  4.46183e-22   -1.301e-21  5.78807e-05 -1.86081e-16 -5.18446e-17 -3.12018e-16 
          15     -2.80796  6.89026e-22 -1.80777e-21  5.78808e-05 -1.64889e-16 -5.30095e-17  -2.8733e-16 
          15     -2.79799  4.47915e-22 -3.57709e-21   5.7881e-05 -1.45491e-16 -5.70688e-17 -2.63827e-16 
          15     -2.78776  1.45942e-22 -3.83211e-21  5.78811e-05 -1.28375e-16  -6.3115e-17 -2.27779e-16 
          15     -2.77728  7.63672e-22 -1.04828e-21  5.78813e-05 -1.10288e-16  -6.2435e-17 -2.03236e-16 
          15     -2.76655  9.80002e-22 -1.25786e-22  5.78815e-05  -9.5867e-17  -6.6677e-17 -1.76264e-16 
          15     -2.75556  1.04611e-21  2.22026e-21  5.78817e-05 -8.26897e-17  -6.7689e-17 -1.48068e-16 
          15     -2.74433  6.84089e-22  3.04809e-21   5.7882e-05  -7.1406e-17 -6.67962e-17 -1.24806e-16 
          15     -2.73284  2.84198e-22  3.53264e-21  5.78822e-05 -6.23953e-17 -6.49674e-17 -1.05188e-16 
          15      -2.7211  1.00206e-22  3.23317e-21  5.78825e-05 -5.56723e-17 -6.18174e-17 -8.71906e-17 
          15      -2.7091 -1.64087e-23  1.09769e-22  5.78828e-05 -5.09896e-17 -5.58532e-17 -7.20631e-17 
          15     -2.69685  3.79708e-24 -3.59121e-22  5.78831e-05  -4.8289e-17 -4.66604e-17 -6.36625e-17 
          15     -2.68435 -1.04675e-21 -7.86802e-21  5.78834e-05 -4.78893e-17 -3.63817e-17 -6.02516e-17 
          15      -2.6716 -6.08779e-22  1.45854e-21  5.78838e-05 -4.92879e-17 -2.29703e-17 -6.29462e-17 
          15      -2.6586 -1.11941e-23  7.38154e-21  5.78842e-05 -5.24567e-17 -6.94827e-18 -7.21681e-17 
          15     -2.64534  4.08238e-22   1.4209e-20  5.78846e-05 -5.71603e-17  1.17718e-17 -8.89768e-17 
          15     -2.63183  2.79716e-22  1.19528e-20   5.7885e-05 -6.31746e-17  3.29011e-17 -1.14714e-16 
          15     -2.61807  4.68245e-23  4.43534e-21  5.78855e-05 -7.02815e-17  5.60335e-17 -1.49106e-16 
          15     -2.60405  1.29279e-22  4.26689e-21   5.7886e-05  -7.8222e-17  8.11503e-17 -1.90934e-16 
          15     -2.58978  -4.7194e-22 -1.96215e-20  5.78865e-05 -8.65997e-17  1.09308e-16 -2.42524e-16 
          15     -2.57526 -1.69375e-21 -2.34806e-20   5.7887e-05 -9.53101e-17   1.3811e-16 -3.06054e-16 
          15     -2.56049 -1.72092e-21 -3.77999e-20  5.78876e-05 -1.03991e-16  1.67928e-16 -3.78131e-16 
          15     -2.54547 -1.56174e-21 -4.48224e-20  5.78882e-05 -1.12384e-16  1.98745e-16  -4.6027e-16 
          15     -2.53019 -1.65773e-21 -4.50596e-20  5.78889e-05 -1.20275e-16  2.30182e-16 -5.52227e-16 
          15     -2.51466 -1.57442e-21   -3.886e-20  5.78896e-05 -1.27487e-16  2.61431e-16 -6.54522e-16 
          15     -2.49888 -7.46363e-22 -2.45565e-20  5.78903e-05 -1.33873e-16  2.91613e-16 -7.67521e-16 
          15     -2.48284 -6.59936e-22 -2.02075e-20  5.78911e-05 -1.39307e-16  3.20713e-16 -8.85728e-16 
          15     -2.46656  -3.9644e-22  5.32478e-21  5.78919e-05 -1.43561e-16  3.50508e-16 -1.01636e-15 
          15     -2.45002 -1.21569e-21 -1.32184e-20  5.78928e-05 -1.46702e-16  3.76602e-16 -1.15605e-15 
          15     -2.43322 -9.28784e-22 -1.36439e-20  5.78937e-05  -1.4861e-16  3.99442e-16 -1.30349e-15 
          15     -2.41618 -8.94918e-22 -1.25193e-20  5.78946e-05 -1.49263e-16  4.19873e-16 -1.45518e-15 
          15     -2.39888 -1.65577e-21 -2.20361e-20  5.78956e-05 -1.48682e-16  4.37701e-16 -1.61176e-15 
          15     -2.38133 -1.88605e-21  -2.4749e-20  5.78966e-05 -1.46887e-16  4.51429e-16 -1.77821e-15 
          15     -2.36353 -6.90015e-22 -1.02657e-20  5.78977e-05 -1.43966e-16  4.58714e-16  -1.9482e-15 
          15     -2.34547  3.66153e-22  1.65489e-20  5.78987e-05 -1.39936e-16  4.63496e-16 -2.11013e-15 
          15     -2.32716  5.34203e-23  2.22015e-20  5.78999e-05 -1.34943e-16  4.63854e-16 -2.28158e-15 
          15     -2.30861 -2.52797e-22  1.55425e-20   5.7901e-05 -1.29118e-16  4.57371e-16 -2.45087e-15 
          15     -2.28979 -3.79347e-22  8.29973e-21  5.79022e-05 -1.22614e-16  4.45738e-16 -2.61491e-15 
          15     -2.27073 -3.82347e-22   1.1071e-20  5.79034e-05 -1.15645e-16  4.30398e-16 -2.77263e-15 
          15     -2.25141 -5.04548e-22  1.59691e-20  5.79047e-05 -1.08412e-16  4.11967e-16 -2.92594e-15 
          15     -2.23184 -6.66255e-22  6.93641e-21  5.79059e-05  -1.0114e-16  3.88784e-16 -3.07774e-15 
          15     -2.21202 -5.01564e-22 -1.92683e-20  5.79072e-05 -9.41523e-17  3.58742e-16 -3.21303e-15 
          15     -2.19194 -5.83658e-22 -3.25595e-20  5.79085e-05 -8.76051e-17  3.30925e-16 -3.34372e-15 
          15     -2.17161 -3.81855e-22 -1.59844e-20  5.79099e-05  -8.1838e-17  3.01893e-16 -3.46639e-15 
          15     -2.15103 -2.12503e-22  3.70153e-21  5.79112e-05 -7.70512e-17   2.7187e-16  -3.5786e-15 
          15      -2.1302  3.85675e-23  4.02082e-21  5.79125e-05 -7.34161e-17  2.42646e-16 -3.68982e-15 
          15     -2.10912  1.92128e-22 -5.72787e-21  5.79139e-05 -7.10586e-17   2.1712e-16 -3.79324e-15 
          15     -2.08778  1.18257e-22 -1.16905e-21  5.79153e-05  -7.0024e-17  1.97758e-16 -3.88233e-15 
          15     -2.06619  5.40104e-22 -1.33535e-21  5.79166e-05 -7.02071e-17  1.83429e-16 -4.02276e-15 
          15     -2.04435  2.86727e-22  2.71677e-20   5.7918e-05 -7.18597e-17  1.67233e-16 -4.08672e-15 
          15     -2.02225  5.02599e-22  4.15593e-20  5.79194e-05 -7.43601e-17  1.70676e-16 -4.19205e-15 
          15      -1.9999   3.2801e-22  5.16444e-20  5.79208e-05 -7.77958e-17  1.83577e-16 -4.29679e-15 
          15      -1.9773  9.88096e-23  5.08638e-20  5.79222e-05 -8.16306e-17   2.0603e-16 -4.42264e-15 
          15     -1.95445    2.364e-22  3.99238e-20  5.79236e-05 -8.54016e-17  2.41185e-16 -4.56929e-15 
          15     -1.93134  5.54466e-22  2.84654e-20   5.7925e-05 -8.88325e-17  2.93454e-16 -4.70854e-15 
          15     -1.90799  1.11722e-22  8.92949e-21  5.79265e-05 -9.12043e-17  3.73649e-16  -4.8795e-15 
          15     -1.88438 -3.66431e-22 -2.23989e-20  5.79279e-05 -9.22574e-17  4.54232e-16 -5.13811e-15 
          15     -1.86051 -7.38193e-22 -4.48005e-20  5.79294e-05 -9.10731e-17  5.65448e-16 -5.40037e-15 
          15     -1.83639 -9.08225e-22 -5.03381e-20  5.79309e-05   -8.818e-17  7.08493e-16 -5.73272e-15 
          15     -1.81203 -1.16589e-21 -4.54845e-20  5.79325e-05 -8.33239e-17  8.67103e-16 -6.18106e-15 
          15     -1.78741 -8.06546e-22 -2.68985e-20  5.79341e-05 -7.59222e-17  1.03926e-15 -6.78363e-15 
          15     -1.76253 -1.34971e-22 -9.86845e-21  5.79357e-05   -6.669e-17  1.22003e-15 -7.52713e-15 
          15     -1.73741 -4.17575e-22 -1.97704e-20  5.79374e-05 -5.72847e-17   1.4096e-15 -8.41153e-15 
          15     -1.71203 -1.29394e-21  -3.7885e-20  5.79392e-05 -4.75061e-17  1.65215e-15 -9.64755e-15 
          15      -1.6864 -7.70399e-22 -2.38165e-20   5.7941e-05 -4.05119e-17   1.7908e-15 -1.12234e-14 
          15     -1.66052 -1.13204e-21 -4.04369e-20  5.79429e-05 -3.69918e-17  1.94591e-15 -1.30846e-14 
          15     -1.63438 -1.61561e-21 -5.12374e-20   5.7945e-05 -4.14045e-17  2.06286e-15 -1.54225e-14 
          15     -1.60799 -1.72625e-21 -4.74766e-20  5.79471e-05 -5.62157e-17  2.10963e-15 -1.82896e-14 
          15     -1.58135 -1.35024e-21 -4.18359e-20  5.79494e-05 -8.40393e-17  2.06472e-15 -2.17025e-14 
          15     -1.55446 -7.33796e-22 -2.78564e-20  5.79518e-05 -1.28961e-16  1.89994e-15 -2.56794e-14 
          15     -1.52731 -2.30802e-22  -1.0474e-21  5.79543e-05 -1.95995e-16  1.59954e-15 -3.02258e-14 
          15     -1.49992  2.70661e-22  2.73463e-21   5.7957e-05  -2.8845e-16  1.22275e-15  -3.5258e-14 
          15     -1.47227  9.79804e-22 -5.59116e-20  5.79599e-05 -4.08482e-16   6.0523e-16 -4.10706e-14 
          15     -1.44436  9.74194e-22 -4.04161e-20   5.7963e-05 -5.58792e-16 -1.66993e-16 -4.70696e-14 
          15      -1.4162  8.41782e-22 -1.12881e-20  5.79663e-05 -7.41234e-16 -1.09414e-15 -5.33287e-14 
          15     -1.38779  5.98545e-22  3.17893e-21  5.79698e-05 -9.56241e-16 -2.16832e-15 -5.95791e-14 
          15     -1.35913  3.01776e-22 -1.26647e-20  5.79735e-05  -1.2029e-15 -3.37242e-15  -6.5489e-14 
          15     -1.33022  3.23838e-22 -5.31375e-20  5.79774e-05  -1.4787e-15 -4.67507e-15 -7.07265e-14 
          15     -1.30106  1.21165e-21 -4.85214e-20  5.79816e-05  -1.7792e-15 -6.02272e-15 -7.47777e-14 
          15     -1.27164 -3.80052e-22 -2.60733e-20   5.7986e-05 -2.09866e-15 -7.30308e-15 -7.71042e-14 
          15     -1.24197   1.1141e-22  -3.2184e-20  5.79906e-05 -2.42794e-15 -8.48426e-15 -7.71633e-14 
          15     -1.21205  1.21351e-21 -2.72573e-20  5.79954e-05 -2.75815e-15 -9.43453e-15 -7.42681e-14 
          15     -1.18186  7.75422e-22 -1.79269e-20  5.80005e-05 -3.07616e-15 -1.00183e-14 -6.77445e-14 
          15     -1.15144 -7.87495e-22 -9.02302e-21  5.80057e-05 -3.36609e-15 -1.00942e-14 -5.69012e-14 
          15     -1.12076  2.68688e-22 -1.42576e-20  5.80111e-05 -3.61075e-15 -9.50223e-15 -4.10553e-14 
          15     -1.08982  5.25866e-21 -8.08267e-21  5.80167e-05  -3.7897e-15 -8.05155e-15 -1.94888e-14 
          15     -1.05864  5.96972e-21 -4.59851e-22  5.80224e-05 -3.87784e-15 -5.51884e-15  8.29606e-15 
          15      -1.0272  5.90359e-21  1.06514e-21  5.80282e-05 -3.84726e-15  -1.6787e-15  4.27977e-14 
          15    -0.995511  3.39205e-21 -1.60135e-21  5.80341e-05 -3.66335e-15  3.74244e-15  8.42651e-14 
          15    -0.963568  3.69125e-21  3.49311e-21  5.80401e-05 -3.28676e-15  1.10386e-14  1.32686e-13 
          15    -0.931366 -7.65278e-21 -4.24142e-20   5.8046e-05 -2.67031e-15  2.05242e-14  1.87655e-13 
          15    -0.898919  3.88554e-21  1.15081e-20  5.80518e-05 -1.76077e-15  3.25596e-14  2.48294e-13 
          15    -0.866218  6.22764e-22  1.44732e-20  5.80576e-05 -4.91823e-16  4.75196e-14  3.12919e-13 
          15    -0.833265  9.33968e-22   6.9465e-21  5.80632e-05  1.21113e-15  6.57922e-14  3.78967e-13 
          15     -0.80006  8.15941e-21  3.72517e-20  5.80687e-05  3.44383e-15  8.78161e-14  4.42504e-13 
          15    -0.766602  2.33642e-21  6.40208e-20  5.80739e-05   6.3211e-15  1.14003e-13   4.9789e-13 
          15    -0.732892 -3.89718e-21  8.57268e-20  5.80787e-05  9.89351e-15  1.44479e-13   5.3699e-13 
          15    -0.698929 -3.75219e-21   6.3892e-20  5.80832e-05  1.44217e-14  1.79905e-13   5.4803e-13 
          15    -0.664707 -8.91287e-22  3.26596e-20  5.80872e-05  1.98808e-14   2.1968e-13  5.17121e-13 
          15    -0.630239   4.1977e-21  1.67151e-19  5.80907e-05  2.63403e-14  2.62498e-13  4.19676e-13 
          15    -0.595518  4.90765e-21  4.71394e-20  5.80936e-05  3.48271e-14   3.1283e-13  2.27906e-13 
          15    -0.560545   4.2598e-21 -6.44103e-20  5.80957e-05  4.44034e-14  3.63428e-13 -8.80572e-14 
          15     -0.52532  2.07064e-22  1.06307e-19  5.80971e-05  5.38922e-14  4.00272e-13 -6.04663e-13 
          15    -0.489842  1.57038e-21  1.17103e-19  5.80975e-05  6.54461e-14  4.30241e-13 -1.38404e-12 
          15    -0.454111 -2.83143e-21  6.11488e-20   5.8097e-05  8.72703e-14  5.09192e-13 -2.50687e-12 
          15    -0.418128 -2.08721e-21  6.57137e-20  5.80952e-05   1.0939e-13  5.63781e-13  -3.9553e-12 
          15    -0.381885 -1.27261e-22  7.52333e-20  5.80921e-05  1.59781e-13  7.80017e-13 -6.10269e-12 
          15    -0.345397 -3.47859e-21  2.71919e-19  5.80874e-05  1.31063e-13  2.93702e-13 -8.99597e-12 
          15    -0.308657 -1.98027e-21  1.88111e-19   5.8081e-05 -3.26365e-16 -9.43722e-13 -1.12353e-11 
          15    -0.271664  3.10415e-21 -6.93559e-20  5.80726e-05  3.16677e-13  9.82131e-13   -1.528e-11 
          15    -0.234418  3.39123e-21 -2.80003e-19  5.80617e-05 -2.61761e-13 -4.38735e-12 -2.14193e-11 
          15     -0.19692  2.50209e-21  8.65372e-20   5.8048e-05  5.04108e-12  3.37027e-11 -1.43457e-11 
          15     -0.15917 -1.59331e-21  4.72014e-20  5.80301e-05  6.42784e-12  3.68547e-11 -9.95653e-12 
          15    -0.121166  2.51132e-20 -1.50465e-20  5.80046e-05 -8.33629e-11 -5.09851e-10 -7.83337e-10 
          15    -0.082903  2.31426e-20 -1.02848e-19  5.79694e-05  -1.4631e-10 -6.28666e-10   -3.475e-10 
          15    -0.044395 -5.94981e-21 -5.53887e-20  5.79594e-05  1.53184e-09  4.41047e-09  8.85315e-10 
          15    -0.005634  5.81178e-20  4.12519e-19  5.78629e-05  5.36643e-09 -2.04971e-09 -6.41836e-08 
          15     0.033379  2.82663e-06  2.03109e-06  5.74634e-05   2.0197e-06  1.52112e-06  1.14796e-06 
          15     0.072644  2.81804e-06  1.97844e-06  5.75379e-05  1.81654e-06  1.41682e-06  1.11573e-06 
          15     0.112163  2.33312e-06  1.62417e-06  5.75733e-05  1.17946e-06  9.84693e-07  8.46583e-07 
          15     0.151933  1.87288e-06  1.30551e-06  5.76019e-05  6.94167e-07  6.37037e-07  6.27181e-07 
          15     0.191957  1.52218e-06  1.06451e-06  5.76263e-05  4.02992e-07  4.08256e-07  4.83776e-07 
          15      0.23224   1.2449e-06  8.86699e-07   5.7644e-05  2.25566e-07  2.49573e-07  3.90504e-07 
          15     0.272769  1.03621e-06  7.51314e-07  5.76604e-05  1.29682e-07  1.37962e-07  3.25441e-07 
          15     0.313549  8.77279e-07  6.45847e-07  5.76737e-05  8.64579e-08  5.59943e-08  2.77515e-07 
          15     0.354583  7.58726e-07  5.65711e-07  5.76853e-05  7.85059e-08 -4.82626e-09  2.42502e-07 
          15     0.395868   6.7347e-07  5.03514e-07  5.76953e-05  9.32892e-08 -5.02713e-08  2.15565e-07 
          15     0.437407   6.1479e-07  4.56612e-07   5.7704e-05  1.21244e-07 -8.40693e-08  1.94985e-07 
          15     0.479197  5.77003e-07  4.21382e-07  5.77116e-05  1.55067e-07  -1.0885e-07  1.78853e-07 
          15     0.521241  5.54899e-07  3.95577e-07  5.77182e-05  1.89291e-07 -1.26506e-07  1.66135e-07 
          15     0.563545  5.43889e-07  3.77284e-07  5.77239e-05  2.20022e-07 -1.38455e-07  1.56038e-07 
          15     0.606093  5.40004e-07   3.6495e-07  5.77287e-05  2.44743e-07 -1.45816e-07  1.47986e-07 
          15     0.648894  5.39973e-07  3.57302e-07  5.77328e-05  2.62173e-07 -1.49515e-07  1.41542e-07 
          15     0.691948  5.41303e-07  3.53295e-07  5.77362e-05  2.72027e-07 -1.50332e-07  1.36367e-07 
          15     0.735253  5.42258e-07  3.52084e-07  5.77389e-05  2.74734e-07 -1.48923e-07  1.32198e-07 
          15     0.778812  5.41688e-07  3.53002e-07   5.7741e-05  2.71283e-07  -1.4588e-07   1.2883e-07 
          15     0.822623  5.39023e-07  3.55515e-07  5.77425e-05  2.62917e-07 -1.41695e-07  1.26088e-07 
          15     0.866686  5.34196e-07  3.59203e-07  5.77434e-05  2.50864e-07 -1.36749e-07  1.23836e-07 
          15     0.911011  5.27435e-07  3.63742e-07  5.77438e-05  2.36262e-07 -1.31337e-07  1.21965e-07 
          15     0.955579  5.19117e-07  3.68883e-07  5.77437e-05  2.20107e-07 -1.25691e-07  1.20389e-07 
          15       1.0004  5.09638e-07  3.74434e-07  5.77431e-05  2.03215e-07 -1.19981e-07  1.19035e-07 
          15      1.04547  4.99422e-07  3.80242e-07   5.7742e-05  1.86147e-07   -1.143e-07  1.17843e-07 
          15       1.0908   4.8879e-07  3.86191e-07  5.77404e-05  1.69298e-07 -1.08699e-07  1.16768e-07 
          15      1.13638   4.7791e-07  3.92181e-07  5.77384e-05  1.52926e-07 -1.03202e-07  1.15773e-07 
          15      1.18221  4.66808e-07  3.98132e-07  5.77359e-05  1.37211e-07 -9.78198e-08  1.14822e-07 
          15      1.22829  4.55388e-07   4.0397e-07  5.77331e-05  1.22266e-07 -9.25542e-08  1.13888e-07 
          15      1.27464  4.43477e-07  4.09634e-07  5.77298e-05  1.08167e-07 -8.74049e-08  1.12949e-07 
          15      1.32123  4.30895e-07  4.15067e-07  5.77262e-05  9.49759e-08 -8.23716e-08  1.11986e-07 
          15      1.36807  4.17479e-07  4.20228e-07  5.77222e-05  8.27269e-08 -7.74495e-08  1.10984e-07 
          15      1.41516  4.03048e-07  4.25055e-07  5.77179e-05   7.1448e-08 -7.26358e-08  1.09924e-07 
          15      1.46251  3.87488e-07  4.29519e-07  5.77132e-05  6.11479e-08 -6.79253e-08  1.08796e-07 
          15      1.51011  3.70639e-07  4.33584e-07  5.77082e-05  5.18384e-08 -6.33238e-08  1.07592e-07 
          15      1.55796  3.52385e-07  4.37221e-07  5.77029e-05  4.35264e-08 -5.88406e-08  1.06303e-07 
          15      1.60606   3.3269e-07  4.40412e-07  5.76973e-05  3.62098e-08 -5.44849e-08  1.04925e-07 
          15      1.65443  3.11722e-07  4.43126e-07  5.76915e-05  2.98477e-08 -5.02388e-08  1.03458e-07 
          15      1.70304   2.8953e-07  4.45343e-07  5.76855e-05  2.44401e-08 -4.61288e-08  1.01891e-07 
          15       1.7519  2.66264e-07  4.47057e-07  5.76792e-05  1.99553e-08  -4.2168e-08  1.00224e-07 
          15      1.80101  2.42111e-07  4.48259e-07  5.76727e-05  1.63483e-08 -3.83688e-08  9.84589e-08 
          15      1.85038  2.17282e-07  4.48949e-07  5.76661e-05  1.35636e-08 -3.47432e-08  9.66024e-08 
          15          1.9  1.92007e-07   4.4913e-07  5.76593e-05  1.15356e-08 -3.13008e-08  9.46605e-08 
          15      1.94987   1.6654e-07   4.4881e-07  5.76524e-05  1.01906e-08 -2.80481e-08  9.26397e-08 
          15            2  1.41141e-07  4.48004e-07  5.76453e-05  9.44811e-09 -2.49872e-08  9.05463e-08 
          16           -3            0            0            0            0            0            0 
          16     -2.99987            0            0            0            0            0            0 
          16      -2.9995            0            0            0            0            0            0 
          16     -2.99886            0            0            0            0            0            0 
          16     -2.99798            0            0            0            0            0            0 
          16     -2.99684            0            0            0            0            0            0 
          16     -2.99546            0            0            0            0            0            0 
          16     -2.99381            0            0            0            0            0            0 
          16     -2.99192            0            0            0            0            0            0 
          16     -2.98977            0            0            0            0            0            0 
          16     -2.98738            0            0            0            0            0            0 
          16     -2.98472            0            0            0            0            0            0 
          16     -2.98182            0            0            0            0            0            0 
          16     -2.97866            0            0            0            0            0            0 
          16     -2.97525            0            0            0            0            0            0 
          16     -2.97159            0            0            0            0            0            0 
          16     -2.96768            0            0            0            0            0            0 
          16     -2.96351            0            0            0            0            0            0 
          16     -2.95909            0            0            0            0            0            0 
          16     -2.95442            0            0            0            0            0            0 
          16      -2.9495            0            0            0            0            0            0 
          16     -2.94432            0            0            0            0            0            0 
          16     -2.93889            0            0            0            0            0            0 
          16     -2.93321            0            0            0            0            0            0 
          16     -2.92727            0            0            0            0            0            0 
          16     -2.92109            0            0            0            0            0            0 
          16     -2.91465            0            0            0            0            0            0 
          16     -2.90796            0            0            0            0            0            0 
          16     -2.90101            0            0            0            0            0            0 
          16     -2.89382            0            0            0            0            0            0 
          16     -2.88637            0            0            0            0            0            0 
          16     -2.87867            0            0            0            0            0            0 
          16     -2.87071            0            0            0            0            0            0 
          16      -2.8625            0            0            0            0            0            0 
          16     -2.85405            0            0            0            0            0            0 
          16     -2.84533            0            0            0            0            0            0 
          16     -2.83637            0            0            0            0            0            0 
          16     -2.82715            0            0            0            0            0            0 
          16     -2.81768            0            0            0            0            0            0 
          16     -2.80796            0            0            0            0            0            0 
          16     -2.79799            0            0            0            0            0            0 
          16     -2.78776            0            0            0            0            0            0 
          16     -2.77728            0            0            0            0            0            0 
          16     -2.76655            0            0            0            0            0            0 
          16     -2.75556            0            0            0            0            0            0 
          16     -2.74433            0            0            0            0            0            0 
          16     -2.73284            0            0            0            0            0            0 
          16      -2.7211            0            0            0            0            0            0 
          16      -2.7091            0            0            0            0            0            0 
          16     -2.69685            0            0            0            0            0            0 
          16     -2.68435            0            0            0            0            0            0 
          16      -2.6716            0            0            0            0            0            0 
          16      -2.6586            0            0            0            0            0            0 
          16     -2.64534            0            0            0            0            0            0 
          16     -2.63183            0            0            0            0            0            0 
          16     -2.61807            0            0            0            0            0            0 
          16     -2.60405            0            0            0            0            0            0 
          16     -2.58978            0            0            0            0            0            0 
          16     -2.57526            0            0            0            0            0            0 
          16     -2.56049            0            0            0            0            0            0 
          16     -2.54547            0            0            0            0            0            0 
          16     -2.53019            0            0            0            0            0            0 
          16     -2.51466            0            0            0            0            0            0 
          16     -2.49888            0            0            0            0            0            0 
          16     -2.48284            0            0            0            0            0            0 
          16     -2.46656            0            0            0            0            0            0 
          16     -2.45002            0            0            0            0            0            0 
          16     -2.43322            0            0            0            0            0            0 
          16     -2.41618            0            0            0            0            0            0 
          16     -2.39888            0            0            0            0            0            0 
          16     -2.38133            0            0            0            0            0            0 
          16     -2.36353            0            0            0            0            0            0 
          16     -2.34547            0            0            0            0            0            0 
          16     -2.32716            0            0            0            0            0            0 
          16     -2.30861            0            0            0            0            0            0 
          16     -2.28979            0            0            0            0            0            0 
          16     -2.27073            0            0            0            0            0            0 
          16     -2.25141            0            0            0            0            0            0 
          16     -2.23184            0            0            0            0            0            0 
          16     -2.21202            0            0            0            0            0            0 
          16     -2.19194            0            0            0            0            0            0 
          16     -2.17161            0            0            0            0            0            0 
          16     -2.15103            0            0            0            0            0            0 
          16      -2.1302            0            0            0            0            0            0 
          16     -2.10912            0            0            0            0            0            0 
          16     -2.08778            0            0            0            0            0            0 
          16     -2.06619            0            0            0            0            0            0 
          16     -2.04435            0            0            0            0            0            0 
          16     -2.02225            0            0            0            0            0            0 
          16      -1.9999            0            0            0            0            0            0 
          16      -1.9773            0            0            0            0            0            0 
          16     -1.95445            0            0            0            0            0            0 
          16     -1.93134            0            0            0            0            0            0 
          16     -1.90799            0            0            0            0            0            0 
          16     -1.88438            0            0            0            0            0            0 
          16     -1.86051            0            0            0            0            0            0 
          16     -1.83639            0            0            0            0            0            0 
          16     -1.81203            0            0            0            0            0            0 
          16     -1.78741            0            0            0            0            0            0 
          16     -1.76253            0            0            0            0            0            0 
          16     -1.73741            0            0            0            0            0            0 
          16     -1.71203            0            0            0            0            0            0 
          16      -1.6864            0            0            0            0            0            0 
          16     -1.66052            0            0            0            0            0            0 
          16     -1.63438            0            0            0            0            0            0 
          16     -1.60799            0            0            0            0            0            0 
          16     -1.58135            0            0            0            0            0            0 
          16     -1.55446            0            0            0            0            0            0 
          16     -1.52731            0            0            0            0            0            0 
          16     -1.49992            0            0            0            0            0            0 
          16     -1.47227            0            0            0            0            0            0 
          16     -1.44436            0            0            0            0            0            0 
          16      -1.4162            0            0            0            0            0            0 
          16     -1.38779            0            0            0            0            0            0 
          16     -1.35913            0            0            0            0            0            0 
          16     -1.33022            0            0            0            0            0            0 
          16     -1.30106            0            0            0            0            0            0 
          16     -1.27164            0            0            0            0            0            0 
          16     -1.24197            0            0            0            0            0            0 
          16     -1.21205            0            0            0            0            0            0 
          16     -1.18186            0            0            0            0            0            0 
          16     -1.15144            0            0            0            0            0            0 
          16     -1.12076            0            0            0            0            0            0 
          16     -1.08982            0            0            0            0            0            0 
          16     -1.05864            0            0            0            0            0            0 
          16      -1.0272            0            0            0            0            0            0 
          16    -0.995511            0            0            0            0            0            0 
          16    -0.963568            0            0            0            0            0            0 
          16    -0.931366            0            0            0            0            0            0 
          16    -0.898919            0            0            0            0            0            0 
          16    -0.866218            0            0            0            0            0            0 
          16    -0.833265            0            0            0            0            0            0 
          16     -0.80006            0            0            0            0            0            0 
          16    -0.766602            0            0            0            0            0            0 
          16    -0.732892            0            0            0            0            0            0 
          16    -0.698929            0            0            0            0            0            0 
          16    -0.664707            0            0            0            0            0            0 
          16    -0.630239            0            0            0            0            0            0 
          16    -0.595518            0            0            0            0            0            0 
          16    -0.560545            0            0            0            0            0            0 
          16     -0.52532            0            0            0            0            0            0 
          16    -0.489842            0            0            0            0            0            0 
          16    -0.454111            0            0            0            0            0            0 
          16    -0.418128            0            0            0            0            0            0 
          16    -0.381885            0            0            0            0            0            0 
          16    -0.345397            0            0            0            0            0            0 
          16    -0.308657            0            0            0            0            0            0 
          16    -0.271664            0            0            0            0            0            0 
          16    -0.234418            0            0            0            0            0            0 
          16     -0.19692            0            0            0            0            0            0 
          16     -0.15917            0            0            0            0            0            0 
          16    -0.121166            0            0            0            0            0            0 
          16    -0.082903            0            0            0            0            0            0 
          16    -0.044395            0            0            0            0            0            0 
          16    -0.005634            0            0            0            0            0            0 
          16     0.033379  4.01204e-07 -1.19911e-10  5.74201e-05  1.76877e-08 -4.65362e-11  2.66238e-12 
          16     0.072644  7.89605e-07  2.96673e-09  5.74203e-05  7.01849e-08 -2.57289e-10   5.8284e-11 
          16     0.112163  1.09693e-06  1.32991e-08  5.74206e-05  1.37187e-07 -2.91424e-10  3.30401e-10 
          16     0.151933  1.31209e-06  3.12801e-08  5.74212e-05  1.97372e-07  2.80078e-10  1.09087e-09 
          16     0.191957  1.41467e-06  5.37108e-08   5.7422e-05  2.31602e-07  1.13102e-09   2.6017e-09 
          16      0.23224  1.39508e-06  7.57316e-08   5.7423e-05  2.31731e-07  9.15937e-10   4.9085e-09 
          16     0.272769  1.26931e-06  9.37057e-08  5.74243e-05  2.06241e-07 -1.94715e-09  7.75028e-09 
          16     0.313549  1.07786e-06   1.0724e-07  5.74257e-05  1.74571e-07 -8.00775e-09   1.0727e-08 
          16     0.354583  8.67074e-07  1.18626e-07  5.74273e-05  1.54025e-07 -1.65942e-08  1.35513e-08 
          16     0.395868  6.71909e-07  1.30749e-07  5.74291e-05  1.51637e-07 -2.65089e-08   1.6148e-08 
          16     0.437407  5.09736e-07  1.45539e-07   5.7431e-05   1.6538e-07  -3.6714e-08  1.85835e-08 
          16     0.479197  3.84436e-07  1.63585e-07   5.7433e-05   1.8927e-07 -4.65138e-08   2.0959e-08 
          16     0.521241  2.92977e-07  1.84644e-07  5.74351e-05  2.17068e-07 -5.54664e-08  2.33659e-08 
          16     0.563545  2.29931e-07  2.08121e-07  5.74372e-05  2.43761e-07 -6.32787e-08  2.58679e-08 
          16     0.606093   1.8951e-07  2.33332e-07  5.74395e-05  2.65903e-07 -6.97659e-08  2.85004e-08 
          16     0.648894   1.6631e-07  2.59646e-07  5.74417e-05  2.81475e-07 -7.48423e-08  3.12812e-08 
          16     0.691948  1.55603e-07  2.86502e-07   5.7444e-05  2.89683e-07 -7.85095e-08  3.42081e-08 
          16     0.735253  1.53502e-07  3.13426e-07  5.74463e-05   2.9065e-07 -8.08409e-08  3.72647e-08 
          16     0.778812  1.56829e-07  3.40021e-07  5.74485e-05  2.85239e-07 -8.19795e-08  4.04196e-08 
          16     0.822623  1.63217e-07  3.65981e-07  5.74506e-05  2.74661e-07 -8.21033e-08  4.36354e-08 
          16     0.866686  1.71078e-07  3.91092e-07  5.74527e-05  2.60194e-07 -8.13962e-08   4.6875e-08 
          16     0.911011   1.7941e-07    4.152e-07  5.74547e-05   2.4307e-07 -8.00362e-08  5.01016e-08 
          16     0.955579  1.87653e-07  4.38181e-07  5.74564e-05  2.24393e-07 -7.81822e-08  5.32753e-08 
          16       1.0004  1.95569e-07  4.59979e-07  5.74581e-05  2.05041e-07 -7.59654e-08   5.6362e-08 
          16      1.04547  2.03137e-07  4.80564e-07  5.74595e-05  1.85655e-07 -7.34824e-08  5.93344e-08 
          16       1.0908  2.10384e-07  4.99932e-07  5.74608e-05  1.66684e-07 -7.08037e-08  6.21706e-08 
          16      1.13638  2.17312e-07  5.18084e-07  5.74618e-05  1.48439e-07   -6.798e-08  6.48497e-08 
          16      1.18221  2.23895e-07  5.35024e-07  5.74625e-05  1.31105e-07 -6.50426e-08  6.73552e-08 
          16      1.22829  2.30079e-07  5.50764e-07  5.74631e-05  1.14784e-07 -6.20072e-08  6.96746e-08 
          16      1.27464  2.35738e-07  5.65326e-07  5.74633e-05  9.95397e-08 -5.88875e-08  7.17987e-08 
          16      1.32123  2.40683e-07  5.78717e-07  5.74633e-05  8.54293e-08    -5.57e-08  7.37179e-08 
          16      1.36807    2.447e-07  5.90949e-07   5.7463e-05  7.24901e-08  -5.2462e-08  7.54252e-08 
          16      1.41516  2.47612e-07  6.02032e-07  5.74625e-05  6.07388e-08 -4.91878e-08  7.69156e-08 
          16      1.46251  2.49247e-07  6.11986e-07  5.74617e-05  5.01801e-08 -4.58908e-08  7.81863e-08 
          16      1.51011  2.49427e-07  6.20819e-07  5.74606e-05  4.08119e-08 -4.25875e-08  7.92347e-08 
          16      1.55796  2.48066e-07   6.2855e-07  5.74592e-05  3.26198e-08 -3.92904e-08  8.00609e-08 
          16      1.60606  2.45123e-07  6.35198e-07  5.74576e-05  2.55822e-08 -3.60128e-08  8.06666e-08 
          16      1.65443  2.40602e-07  6.40782e-07  5.74557e-05  1.96693e-08 -3.27685e-08  8.10549e-08 
          16      1.70304  2.34564e-07  6.45317e-07  5.74536e-05  1.48453e-08  -2.9575e-08  8.12296e-08 
          16       1.7519  2.27109e-07  6.48823e-07  5.74513e-05  1.10615e-08 -2.64498e-08  8.11954e-08 
          16      1.80101  2.18347e-07  6.51326e-07  5.74487e-05  8.26047e-09 -2.34156e-08   8.0959e-08 
          16      1.85038  2.08345e-07   6.5286e-07  5.74459e-05  6.37355e-09 -2.05006e-08  8.05291e-08 
          16          1.9  1.97265e-07  6.53469e-07  5.74429e-05  5.31339e-09 -1.77194e-08  7.99152e-08 
          16      1.94987  1.85386e-07  6.53181e-07  5.74398e-05  4.98323e-09 -1.50751e-08  7.91331e-08 
          16            2  1.72939e-07  6.52037e-07  5.74364e-05  5.28442e-09 -1.25766e-08  7.81886e-08 
          17           -3            0            0            0            0            0            0 
          17     -2.99987            0            0            0            0            0            0 
          17      -2.9995            0            0            0            0            0            0 
          17     -2.99886            0            0            0            0            0            0 
          17     -2.99798            0            0            0            0            0            0 
          17     -2.99684            0            0            0            0            0            0 
          17     -2.99546            0            0            0            0            0            0 
          17     -2.99381            0            0            0            0            0            0 
          17     -2.99192            0            0            0            0            0            0 
          17     -2.98977            0            0            0            0            0            0 
          17     -2.98738            0            0            0            0            0            0 
          17     -2.98472            0            0            0            0            0            0 
          17     -2.98182            0            0            0            0            0            0 
          17     -2.97866            0            0            0            0            0            0 
          17     -2.97525            0            0            0            0            0            0 
          17     -2.97159            0            0            0            0            0            0 
          17     -2.96768            0            0            0            0            0            0 
          17     -2.96351            0            0            0            0            0            0 
          17     -2.95909            0            0            0            0            0            0 
          17     -2.95442            0            0            0            0            0            0 
          17      -2.9495            0            0            0            0            0            0 
          17     -2.94432            0            0            0            0            0            0 
          17     -2.93889            0            0            0            0            0            0 
          17     -2.93321            0            0            0            0            0            0 
          17     -2.92727            0            0            0            0            0            0 
          17     -2.92109            0            0            0            0            0            0 
          17     -2.91465            0            0            0            0            0            0 
          17     -2.90796            0            0            0            0            0            0 
          17     -2.90101            0            0            0            0            0            0 
          17     -2.89382            0            0            0            0            0            0 
          17     -2.88637            0            0            0            0            0            0 
          17     -2.87867            0            0            0            0            0            0 
          17     -2.87071            0            0            0            0            0            0 
          17      -2.8625            0            0            0            0            0            0 
          17     -2.85405            0            0            0            0            0            0 
          17     -2.84533            0            0            0            0            0            0 
          17     -2.83637            0            0            0            0            0            0 
          17     -2.82715            0            0            0            0            0            0 
          17     -2.81768            0            0            0            0            0            0 
          17     -2.80796            0            0            0            0            0            0 
          17     -2.79799            0            0            0            0            0            0 
          17     -2.78776            0            0            0            0            0            0 
          17     -2.77728            0            0            0            0            0            0 
          17     -2.76655            0            0            0            0            0            0 
          17     -2.75556            0            0            0            0            0            0 
          17     -2.74433            0            0            0            0            0            0 
          17     -2.73284            0            0            0            0            0            0 
          17      -2.7211            0            0            0            0            0            0 
          17      -2.7091            0            0            0            0            0            0 
          17     -2.69685            0            0            0            0            0            0 
          17     -2.68435            0            0            0            0            0            0 
          17      -2.6716            0            0            0            0            0            0 
          17      -2.6586            0            0            0            0            0            0 
          17     -2.64534            0            0            0            0            0            0 
          17     -2.63183            0            0            0            0            0            0 
          17     -2.61807            0            0            0            0            0            0 
          17     -2.60405            0            0            0            0            0            0 
          17     -2.58978            0            0            0            0            0            0 
          17     -2.57526            0            0            0            0            0            0 
          17     -2.56049            0            0            0            0            0            0 
          17     -2.54547            0            0            0            0            0            0 
          17     -2.53019            0            0            0            0            0            0 
          17     -2.51466            0            0            0            0            0            0 
          17     -2.49888            0            0            0            0            0            0 
          17     -2.48284            0            0            0            0            0            0 
          17     -2.46656            0            0            0            0            0            0 
          17     -2.45002            0            0            0            0            0            0 
          17     -2.43322            0            0            0            0            0            0 
          17     -2.41618            0            0            0            0            0            0 
          17     -2.39888            0            0            0            0            0            0 
          17     -2.38133            0            0            0            0            0            0 
          17     -2.36353            0            0            0            0            0            0 
          17     -2.34547            0            0            0            0            0            0 
          17     -2.32716            0            0            0            0            0            0 
          17     -2.30861            0            0            0            0            0            0 
          17     -2.28979            0            0            0            0            0            0 
          17     -2.27073            0            0            0            0            0            0 
          17     -2.25141            0            0            0            0            0            0 
          17     -2.23184            0            0            0            0            0            0 
          17     -2.21202            0            0            0            0            0            0 
          17     -2.19194            0            0            0            0            0            0 
          17     -2.17161            0            0            0            0            0            0 
          17     -2.15103            0            0            0            0            0            0 
          17      -2.1302            0            0            0            0            0            0 
          17     -2.10912            0            0            0            0            0            0 
          17     -2.08778            0            0            0            0            0            0 
          17     -2.06619            0            0            0            0            0            0 
          17     -2.04435            0            0            0            0            0            0 
          17     -2.02225            0            0            0            0            0            0 
          17      -1.9999            0            0            0            0            0            0 
          17      -1.9773            0            0            0            0            0            0 
          17     -1.95445            0            0            0            0            0            0 
          17     -1.93134            0            0            0            0            0            0 
          17     -1.90799            0            0            0            0            0            0 
          17     -1.88438            0            0            0            0            0            0 
          17     -1.86051            0            0            0            0            0            0 
          17     -1.83639            0            0            0            0            0            0 
          17     -1.81203            0            0            0            0            0            0 
          17     -1.78741            0            0            0            0            0            0 
          17     -1.76253            0            0            0            0            0            0 
          17     -1.73741            0            0            0            0            0            0 
          17     -1.71203            0            0            0            0            0            0 
          17      -1.6864            0            0            0            0            0            0 
          17     -1.66052            0            0            0            0            0            0 
          17     -1.63438            0            0            0            0            0            0 
          17     -1.60799            0            0            0            0            0            0 
          17     -1.58135            0            0            0            0            0            0 
          17     -1.55446            0            0            0            0            0            0 
          17     -1.52731            0            0            0            0            0            0 
          17     -1.49992            0            0            0            0            0            0 
          17     -1.47227            0            0            0            0            0            0 
          17     -1.44436            0            0            0            0            0            0 
          17      -1.4162            0            0            0            0            0            0 
          17     -1.38779            0            0            0            0            0            0 
          17     -1.35913            0            0            0            0            0            0 
          17     -1.33022            0            0            0            0            0            0 
          17     -1.30106            0            0            0            0            0            0 
          17     -1.27164            0            0            0            0            0            0 
          17     -1.24197            0            0            0            0            0            0 
          17     -1.21205            0            0            0            0            0            0 
          17     -1.18186            0            0            0            0            0            0 
          17     -1.15144            0            0            0            0            0            0 
          17     -1.12076            0            0            0            0            0            0 
          17     -1.08982            0            0            0            0            0            0 
          17     -1.05864            0            0            0            0            0            0 
          17      -1.0272            0            0            0            0            0            0 
          17    -0.995511            0            0            0            0            0            0 
          17    -0.963568            0            0            0            0            0            0 
          17    -0.931366            0            0            0            0            0            0 
          17    -0.898919            0            0            0            0            0            0 
          17    -0.866218            0            0            0            0            0            0 
          17    -0.833265            0            0            0            0            0            0 
          17     -0.80006            0            0            0            0            0            0 
          17    -0.766602            0            0            0            0            0            0 
          17    -0.732892            0            0            0            0            0            0 
          17    -0.698929            0            0            0            0            0            0 
          17    -0.664707            0            0            0            0            0            0 
          17    -0.630239            0            0            0            0            0            0 
          17    -0.595518            0            0            0            0            0            0 
          17    -0.560545            0            0            0            0            0            0 
          17     -0.52532            0            0            0            0            0            0 
          17    -0.489842            0            0            0            0            0            0 
          17    -0.454111            0            0            0            0            0            0 
          17    -0.418128            0            0            0            0            0            0 
          17    -0.381885            0            0            0            0            0            0 
          17    -0.345397            0            0            0            0            0            0 
          17    -0.308657            0            0            0            0            0            0 
          17    -0.271664            0            0            0            0            0            0 
          17    -0.234418            0            0            0            0            0            0 
          17     -0.19692            0            0            0            0            0            0 
          17     -0.15917            0            0            0            0            0            0 
          17    -0.121166            0            0            0            0            0            0 
          17    -0.082903            0            0            0            0            0            0 
          17    -0.044395            0            0            0            0            0            0 
          17    -0.005634            0            0            0            0            0            0 
          17     0.033379  3.60015e-07  1.10467e-09  5.72317e-05  2.40959e-08 -7.12257e-11  1.47099e-12 
          17     0.072644  6.22658e-07  6.50377e-09  5.72319e-05  8.81658e-08 -6.04835e-10  2.88681e-11 
          17     0.112163  7.69459e-07  1.75583e-08  5.72321e-05  1.61806e-07 -1.80048e-09  1.45736e-10 
          17     0.151933  8.40648e-07   3.4394e-08  5.72324e-05  2.26058e-07 -3.57803e-09  4.39202e-10 
          17     0.191957  8.57389e-07  5.61049e-08  5.72327e-05  2.70065e-07 -5.76623e-09  9.99734e-10 
          17      0.23224  8.26298e-07  8.10009e-08   5.7233e-05   2.9008e-07 -8.29051e-09  1.89148e-09 
          17     0.272769   7.4697e-07  1.07029e-07  5.72334e-05  2.89169e-07 -1.12765e-08  3.11799e-09 
          17     0.313549  6.20742e-07  1.32354e-07  5.72338e-05  2.75734e-07 -1.50046e-08  4.60784e-09 
          17     0.354583  4.56273e-07  1.55843e-07  5.72342e-05  2.60508e-07 -1.97271e-08  6.23435e-09 
          17     0.395868   2.7015e-07   1.7742e-07  5.72346e-05  2.52871e-07 -2.54581e-08  7.86892e-09 
          17     0.437407  8.21522e-08  1.97868e-07  5.72349e-05  2.57785e-07 -3.19314e-08  9.43189e-09 
          17     0.479197 -8.94151e-08  2.18394e-07  5.72353e-05  2.74742e-07 -3.86702e-08  1.09162e-08 
          17     0.521241 -2.31943e-07  2.39972e-07  5.72356e-05  2.99083e-07 -4.51703e-08  1.23763e-08 
          17     0.563545 -3.40686e-07  2.62998e-07  5.72359e-05   3.2537e-07 -5.10303e-08  1.38662e-08 
          17     0.606093 -4.16213e-07  2.87631e-07  5.72362e-05  3.48647e-07 -5.60002e-08  1.54545e-08 
          17     0.648894 -4.62188e-07  3.13677e-07  5.72364e-05   3.6541e-07 -5.99433e-08  1.71902e-08 
          17     0.691948 -4.83844e-07   3.4075e-07  5.72366e-05  3.73988e-07 -6.28328e-08  1.90961e-08 
          17     0.735253 -4.86509e-07  3.68418e-07  5.72367e-05  3.74072e-07 -6.47116e-08  2.11759e-08 
          17     0.778812 -4.74938e-07  3.96286e-07  5.72368e-05  3.66335e-07 -6.56722e-08  2.34197e-08 
          17     0.822623 -4.53407e-07  4.24001e-07  5.72368e-05  3.52117e-07  -6.5851e-08  2.58063e-08 
          17     0.866686 -4.25071e-07  4.51246e-07  5.72368e-05  3.32944e-07 -6.53792e-08   2.8305e-08 
          17     0.911011 -3.92494e-07  4.77792e-07  5.72368e-05  3.10385e-07 -6.43988e-08  3.08849e-08 
          17     0.955579 -3.57509e-07  5.03455e-07  5.72366e-05  2.85836e-07 -6.30369e-08  3.35136e-08 
          17       1.0004 -3.21295e-07  5.28114e-07  5.72365e-05  2.60421e-07 -6.13941e-08  3.61609e-08 
          17      1.04547 -2.84588e-07  5.51671e-07  5.72362e-05  2.35001e-07 -5.95456e-08  3.87978e-08 
          17       1.0908 -2.47837e-07  5.74058e-07  5.72359e-05  2.10181e-07 -5.75436e-08  4.13978e-08 
          17      1.13638 -2.11329e-07   5.9523e-07  5.72356e-05   1.8637e-07 -5.54224e-08   4.3937e-08 
          17      1.18221 -1.75309e-07  6.15174e-07  5.72351e-05   1.6383e-07 -5.32074e-08  4.63965e-08 
          17      1.22829 -1.39905e-07  6.33858e-07  5.72346e-05  1.42698e-07 -5.09075e-08  4.87578e-08 
          17      1.27464 -1.05322e-07  6.51286e-07   5.7234e-05  1.23056e-07 -4.85296e-08  5.10051e-08 
          17      1.32123 -7.18085e-08  6.67429e-07  5.72334e-05   1.0497e-07 -4.60857e-08  5.31213e-08 
          17      1.36807 -3.95986e-08  6.82286e-07  5.72326e-05  8.84639e-08 -4.35841e-08  5.50944e-08 
          17      1.41516 -8.90704e-09  6.95856e-07  5.72318e-05  7.35455e-08 -4.10338e-08  5.69138e-08 
          17      1.46251  2.00684e-08  7.08142e-07   5.7231e-05  6.02085e-08 -3.84439e-08  5.85701e-08 
          17      1.51011  4.71422e-08  7.19151e-07    5.723e-05  4.84357e-08 -3.58249e-08  6.00547e-08 
          17      1.55796  7.21517e-08  7.28886e-07   5.7229e-05  3.82001e-08 -3.31886e-08  6.13599e-08 
          17      1.60606  9.49854e-08  7.37344e-07  5.72278e-05   2.9466e-08 -3.05483e-08    6.248e-08 
          17      1.65443  1.15608e-07  7.44541e-07  5.72267e-05  2.21815e-08 -2.79148e-08  6.34125e-08 
          17      1.70304  1.34026e-07  7.50508e-07  5.72254e-05  1.62881e-08 -2.53004e-08  6.41566e-08 
          17       1.7519  1.50241e-07  7.55254e-07  5.72241e-05  1.17181e-08 -2.27236e-08  6.47128e-08 
          17      1.80101  1.64255e-07  7.58813e-07  5.72227e-05  8.38697e-09 -2.02034e-08  6.50827e-08 
          17      1.85038  1.76116e-07  7.61216e-07  5.72212e-05  6.19628e-09 -1.77579e-08  6.52696e-08 
          17          1.9   1.8597e-07  7.62502e-07  5.72197e-05  5.03503e-09 -1.54018e-08  6.52786e-08 
          17      1.94987  1.93994e-07  7.62704e-07  5.72181e-05  4.78017e-09 -1.31428e-08  6.51161e-08 
          17            2  2.00383e-07  7.61865e-07  5.72165e-05   5.3063e-09 -1.09863e-08  6.47901e-08 
