Time u_L2 u_Linf u_H1 v_L2 v_Linf v_H1 p_L2 p_Linf p_H1
1.799999999969e+04 4.092890353308e+02 1.073282415256e+00 4.097062023385e+02 1.041541353511e+00 3.273362594172e-01 1.845092462102e+00 5.887469065684e-01 1.283332794411e-01 6.787903144421e-01
1.800010199969e+04 4.092890161491e+02 1.073555656899e+00 4.097061958681e+02 1.043823710024e+00 3.316051980475e-01 1.856613206054e+00 5.900263566955e-01 1.295104608865e-01 6.807067393535e-01
1.800020399969e+04 4.092889982218e+02 1.073824396422e+00 4.097061895274e+02 1.046073543019e+00 3.358225743020e-01 1.868220630225e+00 5.918690702858e-01 1.306807292121e-01 6.831125500131e-01
1.800030599969e+04 4.092889810916e+02 1.074083311493e+00 4.097061828887e+02 1.048288725332e+00 3.399574165663e-01 1.879894460691e+00 5.939220872187e-01 1.318344653198e-01 6.857010942545e-01
1.800040799969e+04 4.092889649238e+02 1.074343467658e+00 4.097061761366e+02 1.050466347940e+00 3.439840312697e-01 1.891612321035e+00 5.961766712909e-01 1.329324555011e-01 6.884621278265e-01
1.800050999969e+04 4.092889498309e+02 1.074589310204e+00 4.097061694105e+02 1.052603501094e+00 3.478828818964e-01 1.903351705493e+00 5.987630727829e-01 1.340047215953e-01 6.915062903486e-01
1.800061199969e+04 4.092889358568e+02 1.074816725356e+00 4.097061627874e+02 1.054697278958e+00 3.516408664316e-01 1.915089872795e+00 6.016862251180e-01 1.350392109959e-01 6.948359305058e-01
1.800071399969e+04 4.092889230668e+02 1.075072244672e+00 4.097061563718e+02 1.056744791640e+00 3.552511500634e-01 1.926803768217e+00 6.049637120793e-01 1.360406560168e-01 6.984646785482e-01
1.800081599969e+04 4.092889115228e+02 1.075280353251e+00 4.097061502704e+02 1.058743171507e+00 3.587126031928e-01 1.938469938640e+00 6.086130955891e-01 1.369967706788e-01 7.024065249346e-01
1.800091799969e+04 4.092889012866e+02 1.075504791605e+00 4.097061445946e+02 1.060689582318e+00 3.620289318766e-01 1.950064471068e+00 6.126545313622e-01 1.379547339754e-01 7.066781190514e-01
1.800101999969e+04 4.092888924301e+02 1.075721398910e+00 4.097061394700e+02 1.062581229371e+00 3.652076099557e-01 1.961562974471e+00 6.171094846659e-01 1.388555396382e-01 7.112977009265e-01
1.800112199969e+04 4.092888850276e+02 1.075910072082e+00 4.097061350277e+02 1.064415369005e+00 3.682587305353e-01 1.972940622196e+00 6.219999109364e-01 1.396977378431e-01 7.162844259008e-01
1.800122399969e+04 4.092888791511e+02 1.076110402844e+00 4.097061313988e+02 1.066189318708e+00 3.711938871206e-01 1.984172267508e+00 6.273363935839e-01 1.405181918830e-01 7.216480743728e-01
1.800132599969e+04 4.092888748614e+02 1.076289634720e+00 4.097061287044e+02 1.067900467493e+00 3.740251743756e-01 1.995232635537e+00 6.331186048406e-01 1.413353524080e-01 7.273893951405e-01
1.800142799969e+04 4.092888722091e+02 1.076458291824e+00 4.097061270555e+02 1.069546286867e+00 3.767643698827e-01 2.006096585878e+00 6.393327895745e-01 1.420923819795e-01 7.334978212622e-01
1.800152999969e+04 4.092888712233e+02 1.076611843128e+00 4.097061265393e+02 1.071124341086e+00 3.794492369319e-01 2.016739430977e+00 6.459237364733e-01 1.427885703795e-01 7.399268616531e-01
1.800163199969e+04 4.092888718941e+02 1.076763574239e+00 4.097061272009e+02 1.072632296657e+00 3.822009557338e-01 2.027137289427e+00 6.527890547747e-01 1.434635777744e-01 7.465887193419e-01
1.800173399969e+04 4.092888741683e+02 1.076876692781e+00 4.097061290369e+02 1.074067931802e+00 3.849055823761e-01 2.037267450691e+00 6.597992486656e-01 1.441403274258e-01 7.533714101680e-01
1.800183599969e+04 4.092888779472e+02 1.077026683933e+00 4.097061319917e+02 1.075429144953e+00 3.875657749172e-01 2.047108725876e+00 6.667787311784e-01 1.447576278165e-01 7.601217978132e-01
1.800193799969e+04 4.092888830755e+02 1.077124978983e+00 4.097061359456e+02 1.076713961519e+00 3.901829920069e-01 2.056641761481e+00 6.735143575730e-01 1.453182385062e-01 7.666527119896e-01
1.800203999969e+04 4.092888893443e+02 1.077227576462e+00 4.097061407168e+02 1.077920539941e+00 3.927576974014e-01 2.065849299414e+00 6.797919514751e-01 1.459004809715e-01 7.727748915854e-01
1.800214199969e+04 4.092888964984e+02 1.077323061184e+00 4.097061460680e+02 1.079047176507e+00 3.952895515457e-01 2.074716370572e+00 6.854036739256e-01 1.464243279862e-01 7.783036577845e-01
1.800224399969e+04 4.092889042410e+02 1.077386004294e+00 4.097061517119e+02 1.080092308504e+00 3.977775817673e-01 2.083230415388e+00 6.901630372824e-01 1.469290497578e-01 7.830724732103e-01
1.800234599969e+04 4.092889122448e+02 1.077454545856e+00 4.097061573217e+02 1.081054516308e+00 4.002203279165e-01 2.091381331309e+00 6.939326174904e-01 1.474031998669e-01 7.869578165206e-01
1.800244799969e+04 4.092889201660e+02 1.077498975547e+00 4.097061625451e+02 1.081932524578e+00 4.027164624454e-01 2.099161450891e+00 6.966307584508e-01 1.478287761681e-01 7.898855469964e-01
1.800254999969e+04 4.092889276558e+02 1.077528703773e+00 4.097061670159e+02 1.082725202398e+00 4.051649354955e-01 2.106565457148e+00 6.982302383061e-01 1.482642529598e-01 7.918300155560e-01
1.800265199969e+04 4.092889343715e+02 1.077546541379e+00 4.097061703655e+02 1.083431562644e+00 4.075579819672e-01 2.113590245571e+00 6.987583393713e-01 1.486516886809e-01 7.928142036908e-01
1.800275399969e+04 4.092889399862e+02 1.077545873068e+00 4.097061722324e+02 1.084050760683e+00 4.098930654908e-01 2.120234743320e+00 6.982871822886e-01 1.489872872866e-01 7.929010773826e-01
1.800285599969e+04 4.092889441958e+02 1.077526131659e+00 4.097061722703e+02 1.084582092404e+00 4.121676496526e-01 2.126499696682e+00 6.969236722826e-01 1.493505412363e-01 7.921844593591e-01
1.800295799969e+04 4.092889467255e+02 1.077513144547e+00 4.097061701550e+02 1.085024991723e+00 4.144432918765e-01 2.132387438270e+00 6.948047688706e-01 1.496468845545e-01 7.907845171893e-01
1.800305999969e+04 4.092889473352e+02 1.077444506587e+00 4.097061655924e+02 1.085379027563e+00 4.166679465701e-01 2.137901644486e+00 6.920830831178e-01 1.499002483140e-01 7.888347365621e-01
1.800316199969e+04 4.092889458219e+02 1.077411457130e+00 4.097061583215e+02 1.085643900119e+00 4.188226347406e-01 2.143047092432e+00 6.889120176757e-01 1.501748182608e-01 7.864685976008e-01
1.800326399969e+04 4.092889420195e+02 1.077329624336e+00 4.097061481172e+02 1.085819436577e+00 4.209049099706e-01 2.147829424311e+00 6.854419564409e-01 1.503768011130e-01 7.838160851962e-01
1.800336599969e+04 4.092889358011e+02 1.077248955289e+00 4.097061347937e+02 1.085905586506e+00 4.229123773010e-01 2.152254925432e+00 6.818152045426e-01 1.505358829992e-01 7.809992135954e-01
1.800346799969e+04 4.092889270790e+02 1.077143487944e+00 4.097061182065e+02 1.085902416921e+00 4.248426903837e-01 2.156330319685e+00 6.781558543928e-01 1.506802435260e-01 7.781232474413e-01
1.800356999969e+04 4.092889158022e+02 1.077021864990e+00 4.097060982507e+02 1.085810107050e+00 4.266935472686e-01 2.160062584845e+00 6.745631153636e-01 1.507669805990e-01 7.752710904617e-01
1.800367199969e+04 4.092889019519e+02 1.076875181454e+00 4.097060748587e+02 1.085628943016e+00 4.284626858953e-01 2.163458789061e+00 6.711108598275e-01 1.508248245550e-01 7.725031720350e-01
1.800377399969e+04 4.092888855376e+02 1.076727604143e+00 4.097060479959e+02 1.085359312648e+00 4.301478803667e-01 2.166525949112e+00 6.678477087159e-01 1.508154093339e-01 7.698578148834e-01
1.800387599969e+04 4.092888665906e+02 1.076541596756e+00 4.097060176554e+02 1.085001700483e+00 4.317469389400e-01 2.169270910511e+00 6.647989624898e-01 1.508108294068e-01 7.673531839813e-01
1.800397799969e+04 4.092888451568e+02 1.076372875185e+00 4.097059838520e+02 1.084556683068e+00 4.332577044268e-01 2.171700249533e+00 6.619719036785e-01 1.507283375600e-01 7.649921040552e-01
1.800407999969e+04 4.092888212907e+02 1.076146220066e+00 4.097059466167e+02 1.084024924783e+00 4.346780573542e-01 2.173820197146e+00 6.593622024903e-01 1.506126632551e-01 7.627677548547e-01
1.800418199969e+04 4.092887950496e+02 1.075948763450e+00 4.097059059912e+02 1.083407174236e+00 4.360223050821e-01 2.175636584401e+00 6.569589377419e-01 1.504831443456e-01 7.606680967132e-01
1.800428399969e+04 4.092887664887e+02 1.075700589753e+00 4.097058620237e+02 1.082704261295e+00 4.373456240771e-01 2.177154808401e+00 6.547494147390e-01 1.502734397672e-01 7.586800675895e-01
1.800438599969e+04 4.092887356575e+02 1.075459845039e+00 4.097058147649e+02 1.081917094877e+00 4.385656074370e-01 2.178379817533e+00 6.527235212567e-01 1.500308756109e-01 7.567933426629e-01
1.800448799969e+04 4.092887025981e+02 1.075189095456e+00 4.097057642666e+02 1.081046661564e+00 4.396801842951e-01 2.179316113997e+00 6.508755836816e-01 1.497780579586e-01 7.550019144071e-01
1.800458999969e+04 4.092886673459e+02 1.074899876420e+00 4.097057105807e+02 1.080094025041e+00 4.406873989640e-01 2.179967771102e+00 6.492046979953e-01 1.494473730835e-01 7.533043509062e-01
1.800469199969e+04 4.092886299294e+02 1.074600885751e+00 4.097056537591e+02 1.079060326302e+00 4.415854313837e-01 2.180338462715e+00 6.477140639885e-01 1.490997766937e-01 7.517031960306e-01
1.800479399969e+04 4.092885903736e+02 1.074269481232e+00 4.097055938550e+02 1.077946784645e+00 4.423726183777e-01 2.180431502263e+00 6.464089467338e-01 1.487008098693e-01 7.502031900930e-01
1.800489599969e+04 4.092885487028e+02 1.073946973569e+00 4.097055309249e+02 1.076754699363e+00 4.430474756771e-01 2.180249888839e+00 6.452937142841e-01 1.482577200632e-01 7.488086964732e-01
1.800499799969e+04 4.092885049442e+02 1.073588050198e+00 4.097054650311e+02 1.075485451937e+00 4.436087205827e-01 2.179796358241e+00 6.443692289094e-01 1.477911897914e-01 7.475214296719e-01
1.800509999969e+04 4.092884591308e+02 1.073229447537e+00 4.097053962436e+02 1.074140508583e+00 4.440552949983e-01 2.179073437309e+00 6.436303178333e-01 1.472550224491e-01 7.463382426009e-01
1.800520199969e+04 4.092884113045e+02 1.072843438363e+00 4.097053246420e+02 1.072721423015e+00 4.443863883893e-01 2.178083500350e+00 6.430631487923e-01 1.467162309296e-01 7.452488166779e-01
1.800530399969e+04 4.092883615189e+02 1.072454857726e+00 4.097052503175e+02 1.071229839233e+00 4.446014600397e-01 2.176828826661e+00 6.426436725787e-01 1.461033271814e-01 7.442342527694e-01
1.800540599969e+04 4.092883098412e+02 1.072041666471e+00 4.097051733749e+02 1.069667494083e+00 4.447002598460e-01 2.175311658280e+00 6.423376445455e-01 1.454532382309e-01 7.432670072819e-01
1.800550799969e+04 4.092882563528e+02 1.071610357859e+00 4.097050939316e+02 1.068036219395e+00 4.446828468307e-01 2.173534257224e+00 6.421020442368e-01 1.448021880760e-01 7.423120267829e-01
1.800560999969e+04 4.092882011493e+02 1.071175891605e+00 4.097050121182e+02 1.066337943518e+00 4.446456766415e-01 2.171498961471e+00 6.418868896258e-01 1.440790254587e-01 7.413282260940e-01
1.800571199969e+04 4.092881443393e+02 1.070705764308e+00 4.097049280765e+02 1.064574692090e+00 4.448053397880e-01 2.169208238772e+00 6.416377352939e-01 1.432843456492e-01 7.402705706609e-01
1.800581399969e+04 4.092880860431e+02 1.070252992446e+00 4.097048419577e+02 1.062748587897e+00 4.448503730888e-01 2.166664737265e+00 6.412995282788e-01 1.425111933679e-01 7.390933588277e-01
1.800591599969e+04 4.092880263897e+02 1.069760184538e+00 4.097047539204e+02 1.060861849657e+00 4.447805705708e-01 2.163871331749e+00 6.408202894917e-01 1.416782926267e-01 7.377533867072e-01
1.800601799969e+04 4.092879655142e+02 1.069277588301e+00 4.097046641266e+02 1.058916789673e+00 4.445962236746e-01 2.160831164495e+00 6.401546233054e-01 1.407815744687e-01 7.362129979905e-01
1.800611999969e+04 4.092879035538e+02 1.068772224113e+00 4.097045727389e+02 1.056915810305e+00 4.442981203745e-01 2.157547679539e+00 6.392657817261e-01 1.398637701864e-01 7.344419063794e-01
1.800622199969e+04 4.092878406455e+02 1.068255247004e+00 4.097044799169e+02 1.054861399254e+00 4.438875349389e-01 2.154024649562e+00 6.381278051754e-01 1.389074795450e-01 7.324191026565e-01
1.800632399969e+04 4.092877769220e+02 1.067721971777e+00 4.097043858144e+02 1.052756123678e+00 4.433662089010e-01 2.150266194769e+00 6.367264777148e-01 1.378913092894e-01 7.301337404649e-01
1.800642599969e+04 4.092877125089e+02 1.067186600535e+00 4.097042905764e+02 1.050602623196e+00 4.427772385796e-01 2.146276793544e+00 6.350595726315e-01 1.368497401623e-01 7.275854042936e-01
1.800652799969e+04 4.092876475225e+02 1.066629503876e+00 4.097041943361e+02 1.048403601916e+00 4.421049644221e-01 2.142061285064e+00 6.331356590509e-01 1.357772135779e-01 7.247831154947e-01
1.800662999969e+04 4.092875820676e+02 1.066074537153e+00 4.097040972140e+02 1.046161819604e+00 4.413314257006e-01 2.137624864384e+00 6.309726391034e-01 1.346441374151e-01 7.217440905405e-01
1.800673199969e+04 4.092875162364e+02 1.065508331546e+00 4.097039993164e+02 1.043880082176e+00 4.404593355549e-01 2.132973070691e+00 6.285954568920e-01 1.334742357585e-01 7.184917627103e-01
1.800683399969e+04 4.092874501076e+02 1.064927343659e+00 4.097039007352e+02 1.041561231680e+00 4.394917398214e-01 2.128111769420e+00 6.260346944066e-01 1.323024937286e-01 7.150545674277e-01
1.800693599969e+04 4.092873837467e+02 1.064350178832e+00 4.097038015480e+02 1.039208135971e+00 4.384319758488e-01 2.123047128775e+00 6.233244947405e-01 1.310809322413e-01 7.114641314176e-01
1.800703799969e+04 4.092873172061e+02 1.063759141180e+00 4.097037018187e+02 1.036823678288e+00 4.372836284059e-01 2.117785590930e+00 6.205003225258e-01 1.298059387888e-01 7.077533120134e-01
1.800713999969e+04 4.092872505260e+02 1.063163880381e+00 4.097036015992e+02 1.034410746955e+00 4.360504837995e-01 2.112333837895e+00 6.175964110391e-01 1.285222302238e-01 7.039539554756e-01
1.800724199969e+04 4.092871837366e+02 1.062557017610e+00 4.097035009311e+02 1.031972225405e+00 4.347364832447e-01 2.106698751957e+00 6.146444141689e-01 1.272080853079e-01 7.000957065299e-01
1.800734399969e+04 4.092871168592e+02 1.061949299302e+00 4.097033998482e+02 1.029510982713e+00 4.333456764387e-01 2.100887370703e+00 6.116715556512e-01 1.258767360033e-01 6.962043736633e-01
1.800744599969e+04 4.092870499092e+02 1.061345120042e+00 4.097032983784e+02 1.027029864821e+00 4.318821761740e-01 2.094906837174e+00 6.086996123282e-01 1.244984403841e-01 6.923010222205e-01
1.800754799969e+04 4.092869828976e+02 1.060733299048e+00 4.097031965470e+02 1.024531686592e+00 4.303501147105e-01 2.088764346303e+00 6.057436321326e-01 1.230747764156e-01 6.884008303362e-01
1.800764999969e+04 4.092869158343e+02 1.060118846304e+00 4.097030943786e+02 1.022019224840e+00 4.287536025116e-01 2.082467089604e+00 6.028112270155e-01 1.216265100148e-01 6.845124449218e-01
1.800775199969e+04 4.092868487299e+02 1.059502562289e+00 4.097029919004e+02 1.019495212413e+00 4.270966898343e-01 2.076022200589e+00 5.999017619937e-01 1.201933326843e-01 6.806372411166e-01
1.800785399969e+04 4.092867815984e+02 1.058881611163e+00 4.097028891441e+02 1.016962333378e+00 4.253833315654e-01 2.069436703640e+00 5.970062429345e-01 1.187203904310e-01 6.767691922137e-01
1.800795599969e+04 4.092867144595e+02 1.058264180233e+00 4.097027861485e+02 1.014423219333e+00 4.236173556000e-01 2.062717468762e+00 5.941076062184e-01 1.172071308910e-01 6.728950921053e-01
1.800805799969e+04 4.092866473402e+02 1.057655797361e+00 4.097026829612e+02 1.011880446812e+00 4.218024349769e-01 2.055871173886e+00 5.911818349936e-01 1.156612361877e-01 6.689955092334e-01
1.800815999969e+04 4.092865802760e+02 1.057045293395e+00 4.097025796396e+02 1.009336535733e+00 4.199420639130e-01 2.048904275373e+00 5.881993484469e-01 1.140921978639e-01 6.650459891376e-01
1.800826199969e+04 4.092865133116e+02 1.056434366740e+00 4.097024762518e+02 1.006793948796e+00 4.180395378120e-01 2.041822986374e+00 5.851273595372e-01 1.125199815518e-01 6.610191250466e-01
1.800836399969e+04 4.092864465014e+02 1.055828909221e+00 4.097023728764e+02 1.004255091729e+00 4.160979372616e-01 2.034633262074e+00 5.819321196591e-01 1.109211219659e-01 6.568865450373e-01
1.800846599969e+04 4.092863799078e+02 1.055233183976e+00 4.097022696020e+02 1.001722314258e+00 4.141201159813e-01 2.027340790786e+00 5.785821653836e-01 1.092900141584e-01 6.526218039564e-01
1.800856799969e+04 4.092863136012e+02 1.054644700030e+00 4.097021665256e+02 9.991979116545e-01 4.121086926299e-01 2.019950990361e+00 5.750505844208e-01 1.076673143426e-01 6.482024236970e-01
1.800866999969e+04 4.092862476571e+02 1.054065571494e+00 4.097020637506e+02 9.966841267303e-01 4.100660463403e-01 2.012469010187e+00 5.713168962542e-01 1.060135309976e-01 6.436116022281e-01
1.800877199969e+04 4.092861821549e+02 1.053496383238e+00 4.097019613854e+02 9.941831521215e-01 4.079943158097e-01 2.004899739809e+00 5.673676327636e-01 1.043301102499e-01 6.388387729811e-01
1.800887399969e+04 4.092861171758e+02 1.052936193940e+00 4.097018595410e+02 9.916971327216e-01 4.058954017458e-01 1.997247825428e+00 5.631961823632e-01 1.026214122677e-01 6.338795069909e-01
1.800897599969e+04 4.092860528017e+02 1.052389640842e+00 4.097017583300e+02 9.892281681013e-01 4.037709724384e-01 1.989517695180e+00 5.588014664743e-01 1.008903715061e-01 6.287343702814e-01
1.800907799969e+04 4.092859891134e+02 1.051851765706e+00 4.097016578648e+02 9.867783147525e-01 4.016224722158e-01 1.981713593106e+00 5.541875519719e-01 9.918421799623e-02 6.234086038741e-01
1.800917999969e+04 4.092859261903e+02 1.051331367380e+00 4.097015582570e+02 9.843495879991e-01 3.994511325310e-01 1.973839620631e+00 5.493632472450e-01 9.746229722875e-02 6.179117819147e-01
1.800928199969e+04 4.092858641090e+02 1.050820596984e+00 4.097014596166e+02 9.819439634338e-01 3.972579854186e-01 1.965899783392e+00 5.443413636061e-01 9.571773800580e-02 6.122571650405e-01
1.800938399969e+04 4.092858029430e+02 1.050329950408e+00 4.097013620507e+02 9.795633777607e-01 3.950438790631e-01 1.957898040934e+00 5.391384382532e-01 9.395201250574e-02 6.064614572365e-01
1.800948599969e+04 4.092857427618e+02 1.049852186025e+00 4.097012656637e+02 9.772097289443e-01 3.928094952158e-01 1.949838357000e+00 5.337745391267e-01 9.216659627830e-02 6.005446290876e-01
1.800958799969e+04 4.092856836302e+02 1.049394049365e+00 4.097011705556e+02 9.748848755885e-01 3.905553681930e-01 1.941724748745e+00 5.282728909576e-01 9.037451889316e-02 5.945295756693e-01
1.800968999969e+04 4.092856256081e+02 1.048955710631e+00 4.097010768228e+02 9.725906354969e-01 3.882819051880e-01 1.933561333846e+00 5.226585164009e-01 8.861307558244e-02 5.884408934385e-01
1.800979199969e+04 4.092855687503e+02 1.048532939820e+00 4.097009845570e+02 9.703287833932e-01 3.859894076185e-01 1.925352374736e+00 5.169563552727e-01 8.683579395984e-02 5.823031904846e-01
1.800989399969e+04 4.092855131069e+02 1.048130799402e+00 4.097008938462e+02 9.681010478005e-01 3.837513359520e-01 1.917102319022e+00 5.111886308016e-01 8.504398436846e-02 5.761387290137e-01
1.800999599969e+04 4.092854587246e+02 1.047746303488e+00 4.097008047761e+02 9.659091070915e-01 3.815952886906e-01 1.908815834673e+00 5.053725364069e-01 8.323889838201e-02 5.699653579060e-01
1.801009799969e+04 4.092854056483e+02 1.047381592139e+00 4.097007174310e+02 9.637545847380e-01 3.794317280697e-01 1.900497838180e+00 4.995190458889e-01 8.143104581262e-02 5.637954492975e-01
1.801019999969e+04 4.092853539226e+02 1.047036492585e+00 4.097006318963e+02 9.616390438006e-01 3.772610664874e-01 1.892153513878e+00 4.936326050385e-01 7.964678719226e-02 5.576356228097e-01
1.801030199969e+04 4.092853035940e+02 1.046711184698e+00 4.097005482602e+02 9.595639807286e-01 3.750836393665e-01 1.883788323161e+00 4.877122053215e-01 7.785194702150e-02 5.514876974272e-01
1.801040399969e+04 4.092852547121e+02 1.046404495259e+00 4.097004666149e+02 9.575308185672e-01 3.728997211214e-01 1.875408003151e+00 4.817519634438e-01 7.604746754667e-02 5.453492058393e-01
1.801050599969e+04 4.092852073315e+02 1.046117916379e+00 4.097003870585e+02 9.555408996941e-01 3.707095409505e-01 1.867018555325e+00 4.757430199328e-01 7.425407450008e-02 5.392150738638e-01
1.801060799969e+04 4.092851615126e+02 1.045850158415e+00 4.097003096961e+02 9.535954782321e-01 3.685132982230e-01 1.858626225282e+00 4.696746835284e-01 7.245261296931e-02 5.330786275323e-01
1.801070999969e+04 4.092851173226e+02 1.045597780161e+00 4.097002346405e+02 9.516957122956e-01 3.663111772123e-01 1.850237475190e+00 4.635362755171e-01 7.064373137958e-02 5.269332109971e-01
1.801081199969e+04 4.092850748362e+02 1.045364007998e+00 4.097001620128e+02 9.498426562449e-01 3.641033609072e-01 1.841858950647e+00 4.573192180517e-01 6.883395126911e-02 5.207740056822e-01
1.801091399969e+04 4.092850341361e+02 1.045147509058e+00 4.097000919426e+02 9.480372531258e-01 3.618900436190e-01 1.833497443796e+00 4.510193075461e-01 6.703348538923e-02 5.145999913339e-01
1.801101599969e+04 4.092849953125e+02 1.044953963333e+00 4.097000245680e+02 9.462803274812e-01 3.596714420976e-01 1.825159854875e+00 4.446395248830e-01 6.522898453934e-02 5.084163472783e-01
1.801111799969e+04 4.092849584627e+02 1.044776312903e+00 4.096999600341e+02 9.445725787253e-01 3.574478048768e-01 1.816853154758e+00 4.381926063117e-01 6.343256819221e-02 5.022366002113e-01
1.801121999969e+04 4.092849236900e+02 1.044609006887e+00 4.096998984919e+02 9.429145752687e-01 3.552194195894e-01 1.808584351485e+00 4.317036093347e-01 6.166578964261e-02 4.960847148900e-01
1.801132199969e+04 4.092848911019e+02 1.044451353719e+00 4.096998400966e+02 9.413067495808e-01 3.529866180355e-01 1.800360463871e+00 4.252111810868e-01 6.092623519215e-02 4.899959968435e-01
1.801142399969e+04 4.092848608085e+02 1.044312767319e+00 4.096997850046e+02 9.397493943555e-01 3.507497788421e-01 1.792188505140e+00 4.187688277713e-01 6.129695821327e-02 4.840179483861e-01
1.801152599969e+04 4.092848329200e+02 1.044190718541e+00 4.096997333713e+02 9.382426599301e-01 3.485093276307e-01 1.784075478905e+00 4.124443865003e-01 6.164538122995e-02 4.782095314017e-01
1.801162799969e+04 4.092848075450e+02 1.044075838285e+00 4.096996853482e+02 9.367865530726e-01 3.462657346993e-01 1.776028388930e+00 4.063193799777e-01 6.197128492899e-02 4.726403302501e-01
1.801172999969e+04 4.092847847878e+02 1.043972220000e+00 4.096996410797e+02 9.353809372191e-01 3.440195103297e-01 1.768054262953e+00 4.004863158535e-01 6.227442372586e-02 4.673879827685e-01
1.801183199969e+04 4.092847647464e+02 1.043878222683e+00 4.096996007004e+02 9.340255342033e-01 3.418094405894e-01 1.760160189476e+00 3.950458153964e-01 6.255452076117e-02 4.625355634104e-01
1.801193399969e+04 4.092847475105e+02 1.043787912484e+00 4.096995643322e+02 9.327199274739e-01 3.397229193702e-01 1.752353364824e+00 3.901025926613e-01 6.281126352945e-02 4.581681242180e-01
1.801203599969e+04 4.092847331592e+02 1.043708527701e+00 4.096995320813e+02 9.314635667577e-01 3.377690572941e-01 1.744641146058e+00 3.857601209399e-01 6.308316155538e-02 4.543683039947e-01
1.801213799969e+04 4.092847217595e+02 1.043645263863e+00 4.096995040361e+02 9.302557740842e-01 3.358550147466e-01 1.737031103504e+00 3.821152753048e-01 6.336475072516e-02 4.512121258005e-01
1.801223999969e+04 4.092847133645e+02 1.043582781142e+00 4.096994802644e+02 9.290957510570e-01 3.339470898769e-01 1.729531065105e+00 3.792523270655e-01 6.362280050741e-02 4.487644288516e-01
1.801234199969e+04 4.092847080120e+02 1.043525289865e+00 4.096994608123e+02 9.279825872303e-01 3.320452391807e-01 1.722149143633e+00 3.772370414696e-01 6.385669663750e-02 4.470745127801e-01
1.801244399969e+04 4.092847057239e+02 1.043467685077e+00 4.096994457024e+02 9.269152694326e-01 3.301946354751e-01 1.714893737382e+00 3.761119884554e-01 6.414990376927e-02 4.461728283254e-01
1.801254599969e+04 4.092847065056e+02 1.043426734294e+00 4.096994349336e+02 9.258926918676e-01 3.283545841641e-01 1.707773495574e+00 3.758934369518e-01 6.441960565040e-02 4.460689022301e-01
1.801264799969e+04 4.092847103461e+02 1.043380554074e+00 4.096994284815e+02 9.249136668210e-01 3.265185856643e-01 1.700797241459e+00 3.765705404962e-01 6.466147646760e-02 4.467509856240e-01
1.801274999969e+04 4.092847172192e+02 1.043341900130e+00 4.096994262992e+02 9.239769358015e-01 3.246866254403e-01 1.693973849172e+00 3.781070099273e-01 6.487782472099e-02 4.481875315558e-01
1.801285199969e+04 4.092847270845e+02 1.043308396012e+00 4.096994283191e+02 9.230811809568e-01 3.228586693589e-01 1.687312074589e+00 3.804448081746e-01 6.508460558461e-02 4.503301177628e-01
1.801295399969e+04 4.092847398890e+02 1.043269836880e+00 4.096994344557e+02 9.222250366126e-01 3.210346574801e-01 1.680820345388e+00 3.835092198236e-01 6.526107307828e-02 4.531173359813e-01
1.801305599969e+04 4.092847555694e+02 1.043246779264e+00 4.096994446072e+02 9.214071007982e-01 3.192144989473e-01 1.674506520645e+00 3.872141237524e-01 6.541247072093e-02 4.564787562231e-01
1.801315799969e+04 4.092847740532e+02 1.043220161220e+00 4.096994586582e+02 9.206259466289e-01 3.173980683997e-01 1.668377634728e+00 3.914666940821e-01 6.554634748517e-02 4.603384040598e-01
1.801325999969e+04 4.092847952598e+02 1.043185029815e+00 4.096994764817e+02 9.198801334237e-01 3.157002265452e-01 1.662439643227e+00 3.961705643560e-01 6.564751524923e-02 4.646169974143e-01
1.801336199969e+04 4.092848191016e+02 1.043167244150e+00 4.096994979396e+02 9.191682174382e-01 3.140113445537e-01 1.656697189581e+00 4.012269825928e-01 6.571516152536e-02 4.692325656711e-01
1.801346399969e+04 4.092848454831e+02 1.043129828144e+00 4.096995228838e+02 9.184887620994e-01 3.124308565711e-01 1.651153409514e+00 4.065351190007e-01 6.574844622172e-02 4.741004393930e-01
1.801356599969e+04 4.092848742998e+02 1.043116772320e+00 4.096995511553e+02 9.178403476315e-01 3.109115158050e-01 1.645809786760e+00 4.119910727899e-01 6.576166122335e-02 4.791322149405e-01
1.801366799969e+04 4.092849054375e+02 1.043078710944e+00 4.096995825834e+02 9.172215799798e-01 3.093961367519e-01 1.640666068420e+00 4.174880465688e-01 6.579540312131e-02 4.842358011671e-01
1.801376999969e+04 4.092849387705e+02 1.043069843581e+00 4.096996169855e+02 9.166310989518e-01 3.078839844541e-01 1.635720242797e+00 4.229186593193e-01 6.579769642515e-02 4.893174029110e-01
1.801387199969e+04 4.092849741621e+02 1.043040043418e+00 4.096996541676e+02 9.160675855109e-01 3.063743129646e-01 1.630968577713e+00 4.281800484751e-01 6.576584017460e-02 4.942860270205e-01
1.801397399969e+04 4.092850114656e+02 1.043021751771e+00 4.096996939261e+02 9.155297681646e-01 3.048663751860e-01 1.626405714002e+00 4.331812081288e-01 6.570743903299e-02 4.990600455756e-01
1.801407599969e+04 4.092850505277e+02 1.042995899103e+00 4.096997360521e+02 9.150164283855e-01 3.033594342048e-01 1.622024807220e+00 4.378509940891e-01 6.562592806254e-02 5.035744371973e-01
1.801417799969e+04 4.092850911935e+02 1.042968731358e+00 4.096997803358e+02 9.145264049873e-01 3.018527757993e-01 1.617817710573e+00 4.421444766860e-01 6.653988901373e-02 5.077866387415e-01
1.801427999969e+04 4.092851333119e+02 1.042942666962e+00 4.096998265733e+02 9.140585973633e-01 3.003457217496e-01 1.613775192813e+00 4.460444286772e-01 6.864576629794e-02 5.116781388451e-01
1.801438199969e+04 4.092851767403e+02 1.042911653830e+00 4.096998745708e+02 9.136119674960e-01 2.988376435451e-01 1.609887185584e+00 4.495573763034e-01 7.067627567134e-02 5.152512495342e-01
1.801448399969e+04 4.092852213479e+02 1.042878564381e+00 4.096999241480e+02 9.131855406680e-01 2.973279760804e-01 1.606143054623e+00 4.527039539395e-01 7.263138900864e-02 5.185208055272e-01
1.801458599969e+04 4.092852670157e+02 1.042857035971e+00 4.096999751384e+02 9.127784048724e-01 2.958162309381e-01 1.602531887934e+00 4.555072875835e-01 7.451151983044e-02 5.215040583573e-01
1.801468799969e+04 4.092853136343e+02 1.042812492709e+00 4.097000273869e+02 9.123897090099e-01 2.943020088798e-01 1.599042791923e+00 4.579819158905e-01 7.631746977066e-02 5.242110007674e-01
1.801478999969e+04 4.092853610995e+02 1.042793990532e+00 4.097000807451e+02 9.120186600642e-01 2.928249706880e-01 1.595665184352e+00 4.601279858385e-01 7.805041336824e-02 5.266393026438e-01
1.801489199969e+04 4.092854093073e+02 1.042759195993e+00 4.097001350672e+02 9.116645195378e-01 2.914620920567e-01 1.592389071812e+00 4.619323305006e-01 7.971193002516e-02 5.287752903283e-01
1.801499399969e+04 4.092854581510e+02 1.042726904278e+00 4.097001902067e+02 9.113265994804e-01 2.902021033529e-01 1.589205299501e+00 4.633769218109e-01 8.130408218012e-02 5.306013990752e-01
1.801509599969e+04 4.092855075206e+02 1.042692637700e+00 4.097002460168e+02 9.110042584334e-01 2.890524853279e-01 1.586105762347e+00 4.644516322460e-01 8.282951428288e-02 5.321073912553e-01
1.801519799969e+04 4.092855573063e+02 1.042655031487e+00 4.097003023538e+02 9.106968975523e-01 2.878971112975e-01 1.583083568657e+00 4.651678301096e-01 8.429154391485e-02 5.333022580413e-01
1.801529999969e+04 4.092856074047e+02 1.042614871705e+00 4.097003590848e+02 9.104039570615e-01 2.867354999803e-01 1.580133150317e+00 4.655673273515e-01 8.569420332853e-02 5.342219777693e-01
1.801540199969e+04 4.092856577276e+02 1.042574380359e+00 4.097004160961e+02 9.101249130730e-01 2.855673053995e-01 1.577250317367e+00 4.657233760146e-01 8.704220567116e-02 5.349302449702e-01
1.801550399969e+04 4.092857082095e+02 1.042536399384e+00 4.097004733017e+02 9.098592747046e-01 2.843923209275e-01 1.574432258808e+00 4.657321127585e-01 8.834082104629e-02 5.355108267410e-01
1.801560599969e+04 4.092857588125e+02 1.042479349283e+00 4.097005306486e+02 9.096065813768e-01 2.832104811294e-01 1.571677494891e+00 4.656976236241e-01 8.959568273463e-02 5.360543986241e-01
1.801570799969e+04 4.092858095270e+02 1.042447198986e+00 4.097005881175e+02 9.093664001813e-01 2.820218613922e-01 1.568985787677e+00 4.657135234798e-01 9.081254621829e-02 5.366424551305e-01
1.801580999969e+04 4.092858603678e+02 1.042404916667e+00 4.097006457189e+02 9.091383232812e-01 2.808266754284e-01 1.566358016369e+00 4.658473987973e-01 9.199705415179e-02 5.373338360959e-01
1.801591199969e+04 4.092859113655e+02 1.042344756387e+00 4.097007034846e+02 9.089219654003e-01 2.796252708401e-01 1.563796023024e+00 4.661314604398e-01 9.315454568282e-02 5.381567286571e-01
1.801601399969e+04 4.092859625565e+02 1.042310353673e+00 4.097007614574e+02 9.087169615561e-01 2.784181230165e-01 1.561302434210e+00 4.665620423515e-01 9.428994467413e-02 5.391083539800e-01
1.801611599969e+04 4.092860139730e+02 1.042265134851e+00 4.097008196808e+02 9.085229652412e-01 2.772058276955e-01 1.558880465406e+00 4.671068598243e-01 9.540772867554e-02 5.401613312851e-01
1.801621799969e+04 4.092860656365e+02 1.042211593374e+00 4.097008781917e+02 9.083396472534e-01 2.759890925519e-01 1.556533716656e+00 4.677187277925e-01 9.651197088964e-02 5.412755650518e-01
1.801631999969e+04 4.092861175548e+02 1.042170043670e+00 4.097009370175e+02 9.081666953039e-01 2.747687281778e-01 1.554265968789e+00 4.683509505969e-01 9.760641356713e-02 5.424115139692e-01
1.801642199969e+04 4.092861697243e+02 1.042119699232e+00 4.097009961771e+02 9.080038144221e-01 2.735456388012e-01 1.552080988933e+00 4.689708270744e-01 9.869453759392e-02 5.435417840846e-01
1.801652399969e+04 4.092862221346e+02 1.042068133586e+00 4.097010556856e+02 9.078507280580e-01 2.723208130558e-01 1.549982352611e+00 4.695672447084e-01 9.977958985388e-02 5.446575857332e-01
1.801662599969e+04 4.092862747756e+02 1.042071308817e+00 4.097011155604e+02 9.077071796918e-01 2.710953150771e-01 1.547973288354e+00 4.701510004136e-01 1.008645545746e-01 5.457689006534e-01
1.801672799969e+04 4.092863276432e+02 1.042070796347e+00 4.097011758263e+02 9.075729347248e-01 2.700856360164e-01 1.546056549764e+00 4.707478311803e-01 1.019520678680e-01 5.468983751577e-01
1.801682999969e+04 4.092863807427e+02 1.042060594267e+00 4.097012365183e+02 9.074477824502e-01 2.691160127132e-01 1.544234318940e+00 4.713880121055e-01 1.030443077153e-01 5.480722956648e-01
1.801693199969e+04 4.092864340880e+02 1.042067198213e+00 4.097012976801e+02 9.073315379720e-01 2.681406196422e-01 1.542508143622e+00 4.720943671059e-01 1.041428792071e-01 5.493102539669e-01
1.801703399969e+04 4.092864876988e+02 1.042049288473e+00 4.097013593607e+02 9.072240440278e-01 2.671604908242e-01 1.540878908240e+00 4.728736944581e-01 1.052487414513e-01 5.506178045481e-01
1.801713599969e+04 4.092865415938e+02 1.042049413071e+00 4.097014216072e+02 9.071251727491e-01 2.663194612017e-01 1.539346837059e+00 4.737126593969e-01 1.063621901389e-01 5.519829951730e-01
1.801723799969e+04 4.092865957850e+02 1.042055352000e+00 4.097014844584e+02 9.070348274329e-01 2.655362895677e-01 1.537911526109e+00 4.745789395144e-01 1.074829052654e-01 5.533774203840e-01
1.801733999969e+04 4.092866502719e+02 1.042037109568e+00 4.097015479389e+02 9.069529443986e-01 2.647461766458e-01 1.536571999976e+00 4.754273249570e-01 1.086100588109e-01 5.547615220352e-01
1.801744199969e+04 4.092867050388e+02 1.042027305623e+00 4.097016120556e+02 9.068794949746e-01 2.639500236619e-01 1.535326789113e+00 4.762088095269e-01 1.097424607585e-01 5.560924400213e-01
1.801754399969e+04 4.092867600547e+02 1.042032788222e+00 4.097016767978e+02 9.068144875996e-01 2.631488055974e-01 1.534174022710e+00 4.768804019369e-01 1.108787171319e-01 5.573324591729e-01
1.801764599969e+04 4.092868152765e+02 1.042014396423e+00 4.097017421402e+02 9.067579699718e-01 2.623435697882e-01 1.533111531184e+00 4.774138276846e-01 1.120173778795e-01 5.584564771127e-01
1.801774799969e+04 4.092868706542e+02 1.042003223604e+00 4.097018080476e+02 9.067100311295e-01 2.615354351973e-01 1.532136951474e+00 4.777997256955e-01 1.131570415669e-01 5.594555822259e-01
1.801784999969e+04 4.092869261368e+02 1.041991987217e+00 4.097018744817e+02 9.066708033194e-01 2.607255921829e-01 1.531247828209e+00 4.780475310577e-01 1.142964142434e-01 5.603369145932e-01
1.801795199969e+04 4.092869816778e+02 1.041982171536e+00 4.097019414059e+02 9.066404635145e-01 2.599153025576e-01 1.530441704701e+00 4.781806599292e-01 1.154343167930e-01 5.611195029226e-01
1.801805399969e+04 4.092870372388e+02 1.041966535326e+00 4.097020087893e+02 9.066192344718e-01 2.591058997183e-01 1.529716199410e+00 4.782286160289e-01 1.165696522119e-01 5.618274913379e-01
1.801815599969e+04 4.092870927898e+02 1.042011784842e+00 4.097020766074e+02 9.066073852776e-01 2.582987886359e-01 1.529069065345e+00 4.782190233124e-01 1.177013586783e-01 5.624833419261e-01
1.801825799969e+04 4.092871483086e+02 1.042303466915e+00 4.097021448416e+02 9.066052313987e-01 2.574954455075e-01 1.528498231441e+00 4.781715833142e-01 1.188283682642e-01 5.631027186130e-01
1.801835999969e+04 4.092872037772e+02 1.042597240475e+00 4.097022134759e+02 9.066131343141e-01 2.566974169026e-01 1.528001826372e+00 4.780961156330e-01 1.199495948086e-01 5.636928716634e-01
1.801846199969e+04 4.092872591791e+02 1.042901724345e+00 4.097022824945e+02 9.066315008447e-01 2.559063182629e-01 1.527578186554e+00 4.779943829073e-01 1.210639526371e-01 5.642542392066e-01
1.801856399969e+04 4.092873144971e+02 1.043183925134e+00 4.097023518797e+02 9.066607823022e-01 2.551238316480e-01 1.527225851397e+00 4.778648107317e-01 1.221704012540e-01 5.647844844509e-01
1.801866599969e+04 4.092873697133e+02 1.043485024866e+00 4.097024216125e+02 9.067014735524e-01 2.543517026502e-01 1.526943549647e+00 4.777080424314e-01 1.232679979123e-01 5.652832065403e-01
1.801876799969e+04 4.092874248103e+02 1.043800638892e+00 4.097024916738e+02 9.067541120415e-01 2.535917364317e-01 1.526730180696e+00 4.775310223597e-01 1.243559350194e-01 5.657553728570e-01
1.801886999969e+04 4.092874797742e+02 1.044090116520e+00 4.097025620475e+02 9.068192767786e-01 2.528457928662e-01 1.526584793994e+00 4.773479428117e-01 1.254335442103e-01 5.662120808360e-01
1.801897199969e+04 4.092875345971e+02 1.044353205406e+00 4.097026327233e+02 9.068975872256e-01 2.522055559548e-01 1.526506568819e+00 4.771776178091e-01 1.265002598956e-01 5.666683057397e-01
1.801907399969e+04 4.092875892778e+02 1.044690273496e+00 4.097027036981e+02 9.069897020286e-01 2.516528837116e-01 1.526494795968e+00 4.770379713955e-01 1.275555470121e-01 5.671382395633e-01
1.801917599969e+04 4.092876438212e+02 1.045012916991e+00 4.097027749744e+02 9.070963175368e-01 2.511098951703e-01 1.526548862735e+00 4.769401948512e-01 1.285988195667e-01 5.676303862382e-01
1.801927799969e+04 4.092876982346e+02 1.045308689138e+00 4.097028465575e+02 9.072181660941e-01 2.505786484859e-01 1.526668242303e+00 4.768834654458e-01 1.296293626382e-01 5.681431603535e-01
1.801937999969e+04 4.092877525222e+02 1.045577333708e+00 4.097029184503e+02 9.073560141345e-01 2.500612518538e-01 1.526852488166e+00 4.768530400090e-01 1.306462921521e-01 5.686633392813e-01
1.801948199969e+04 4.092878066804e+02 1.045905716623e+00 4.097029906475e+02 9.075106601534e-01 2.495598544425e-01 1.527101233450e+00 4.768223985130e-01 1.316485651019e-01 5.691679115264e-01
1.801958399969e+04 4.092878606929e+02 1.046235120627e+00 4.097030631316e+02 9.076829326477e-01 2.490766368198e-01 1.527414194266e+00 4.767586150311e-01 1.326350339699e-01 5.696286125609e-01
1.801968599969e+04 4.092879145290e+02 1.046536906664e+00 4.097031358713e+02 9.078736881010e-01 2.486138010119e-01 1.527791175901e+00 4.766302819784e-01 1.336045377725e-01 5.700185722437e-01
1.801978799969e+04 4.092879681457e+02 1.046815730782e+00 4.097032088225e+02 9.080838090564e-01 2.481735603348e-01 1.528232080582e+00 4.764151924458e-01 1.345559977387e-01 5.703187277674e-01
1.801988999969e+04 4.092880214916e+02 1.047152699696e+00 4.097032819330e+02 9.083142022648e-01 2.477581291226e-01 1.528736915508e+00 4.761067891401e-01 1.354885046361e-01 5.705231734948e-01
1.801999199969e+04 4.092880745136e+02 1.047461499922e+00 4.097033551488e+02 9.085657968434e-01 2.473865444332e-01 1.529305799568e+00 4.757157592949e-01 1.364013552741e-01 5.706404303746e-01
1.802009399969e+04 4.092881271640e+02 1.047772519156e+00 4.097034284211e+02 9.088395423459e-01 2.470571953999e-01 1.529938966852e+00 4.752681529469e-01 1.372940491851e-01 5.706918073328e-01
1.802019599969e+04 4.092881794065e+02 1.048081890131e+00 4.097035017120e+02 9.091364066331e-01 2.467464749665e-01 1.530636764872e+00 4.747990479732e-01 1.381662279537e-01 5.707060655077e-01
1.802029799969e+04 4.092882312191e+02 1.048389055213e+00 4.097035749973e+02 9.094573734548e-01 2.464566162497e-01 1.531399645784e+00 4.743443299510e-01 1.390175791842e-01 5.707125514403e-01
1.802039999969e+04 4.092882825941e+02 1.048681177714e+00 4.097036482667e+02 9.098034396973e-01 2.461898458772e-01 1.532228149557e+00 4.739326272447e-01 1.398477251434e-01 5.707345056833e-01
1.802050199969e+04 4.092883335342e+02 1.049017836548e+00 4.097037215190e+02 9.101756123120e-01 2.459483736446e-01 1.533122878836e+00 4.735791065462e-01 1.406561177083e-01 5.707839542565e-01
1.802060399969e+04 4.092883840461e+02 1.049325148571e+00 4.097037947562e+02 9.105749050015e-01 2.457343823039e-01 1.534084465924e+00 4.732825861218e-01 1.414419650449e-01 5.708593701658e-01
1.802070599969e+04 4.092884341322e+02 1.049602854496e+00 4.097038679745e+02 9.110023347866e-01 2.455859070292e-01 1.535113532742e+00 4.730258427714e-01 1.422041978495e-01 5.709459776113e-01
1.802080799970e+04 4.092884837830e+02 1.049941999585e+00 4.097039411566e+02 9.114589186068e-01 2.454886462658e-01 1.536210645108e+00 4.727791701992e-01 1.429414835768e-01 5.710187316339e-01
1.802090999970e+04 4.092885329703e+02 1.050275733468e+00 4.097040142651e+02 9.119456700977e-01 2.454362448582e-01 1.537376263103e+00 4.725062485319e-01 1.436522794060e-01 5.710471888256e-01
1.802101199970e+04 4.092885816441e+02 1.050579316694e+00 4.097040872387e+02 9.124635966665e-01 2.454303070954e-01 1.538610689769e+00 4.721714488555e-01 1.443349119005e-01 5.710015455172e-01
1.802111399970e+04 4.092886297321e+02 1.050852496911e+00 4.097041599916e+02 9.130136969297e-01 2.454723353260e-01 1.539914020545e+00 4.717471226499e-01 1.449876624804e-01 5.708586461213e-01
1.802121599970e+04 4.092886771428e+02 1.051210353516e+00 4.097042324168e+02 9.135969585220e-01 2.455637242490e-01 1.541286095570e+00 4.712196007535e-01 1.456088424700e-01 5.706069082024e-01
1.802131799970e+04 4.092887237712e+02 1.051540291140e+00 4.097043043913e+02 9.142143562269e-01 2.457057556572e-01 1.542726456293e+00 4.705926436189e-01 1.461968430204e-01 5.702491259062e-01
1.802141999970e+04 4.092887695062e+02 1.051839277601e+00 4.097043757834e+02 9.148668503321e-01 2.458995936061e-01 1.544234307052e+00 4.698875952041e-01 1.467501524972e-01 5.698025411621e-01
1.802152199970e+04 4.092888142381e+02 1.052161713078e+00 4.097044464605e+02 9.155553850855e-01 2.461462799771e-01 1.545808481742e+00 4.691401552427e-01 1.472673374372e-01 5.692961274060e-01
1.802162399970e+04 4.092888578655e+02 1.052490819857e+00 4.097045162956e+02 9.162808871216e-01 2.464467304051e-01 1.547447415645e+00 4.683949336559e-01 1.477469992838e-01 5.687660653127e-01
1.802172599970e+04 4.092889003005e+02 1.052808147515e+00 4.097045851730e+02 9.170442637382e-01 2.468017305454e-01 1.549149122869e+00 4.676986717540e-01 1.481877066538e-01 5.682501552689e-01
1.802182799970e+04 4.092889414715e+02 1.053126003149e+00 4.097046529906e+02 9.178464009313e-01 2.472119326578e-01 1.550911180407e+00 4.670942926496e-01 1.485879277075e-01 5.677829521485e-01
1.802192999970e+04 4.092889813234e+02 1.053445276199e+00 4.097047196606e+02 9.186881611298e-01 2.476778524919e-01 1.552730720180e+00 4.666165954777e-01 1.489459677363e-01 5.673922827773e-01
1.802203199970e+04 4.092890198159e+02 1.053748853920e+00 4.097047851085e+02 9.195703806079e-01 2.481998664637e-01 1.554604430568e+00 4.662904031027e-01 1.492599270274e-01 5.670977949604e-01
1.802213399970e+04 4.092890569203e+02 1.054092376792e+00 4.097048492693e+02 9.204938665870e-01 2.487782091156e-01 1.556528568735e+00 4.661310016627e-01 1.495276849652e-01 5.669113884028e-01
1.802223599970e+04 4.092890926147e+02 1.054403403708e+00 4.097049120841e+02 9.214593940607e-01 2.494129708569e-01 1.558498984826e+00 4.661462861502e-01 1.497469144097e-01 5.668390368729e-01
1.802233799970e+04 4.092891268803e+02 1.054694558990e+00 4.097049734965e+02 9.224677023976e-01 2.501040959795e-01 1.560511158983e+00 4.663397332745e-01 1.499151244979e-01 5.668832789662e-01
1.802243999970e+04 4.092891596973e+02 1.055056462216e+00 4.097050334490e+02 9.235194917801e-01 2.508513809463e-01 1.562560252149e+00 4.667133506237e-01 1.500297273555e-01 5.670456833809e-01
1.802254199970e+04 4.092891910428e+02 1.055385318461e+00 4.097050918818e+02 9.246154195409e-01 2.516544729405e-01 1.564641171620e+00 4.672699431827e-01 1.500881220151e-01 5.673287533527e-01
1.802264399970e+04 4.092892208892e+02 1.055680870142e+00 4.097051487325e+02 9.257560964522e-01 2.525128686664e-01 1.566748652215e+00 4.680143190377e-01 1.500877888425e-01 5.677369628684e-01
1.802274599970e+04 4.092892492055e+02 1.056017218397e+00 4.097052039370e+02 9.269420830161e-01 2.534628038472e-01 1.568877353491e+00 4.689532184069e-01 1.500263834408e-01 5.682767458378e-01
1.802284799970e+04 4.092892759584e+02 1.056363970193e+00 4.097052574330e+02 9.281738857947e-01 2.546360764934e-01 1.571021972834e+00 4.700940876955e-01 1.499018264131e-01 5.689555321299e-01
1.802294999970e+04 4.092893011162e+02 1.056676873188e+00 4.097053091636e+02 9.294519538117e-01 2.558586766193e-01 1.573177373492e+00 4.714429232684e-01 1.497123803989e-01 5.697800052724e-01
1.802305199970e+04 4.092893246516e+02 1.057004919063e+00 4.097053590817e+02 9.307766750491e-01 2.571287506066e-01 1.575338726006e+00 4.730017452835e-01 1.494567092500e-01 5.707540321932e-01
1.802315399970e+04 4.092893465460e+02 1.057342122676e+00 4.097054071546e+02 9.321483730586e-01 2.584443088959e-01 1.577501661113e+00 4.747661292524e-01 1.491339201830e-01 5.718766081103e-01
1.802325599970e+04 4.092893667921e+02 1.057669724897e+00 4.097054533677e+02 9.335673037086e-01 2.598032265439e-01 1.579662431916e+00 4.767236844374e-01 1.487435809041e-01 5.731405484739e-01
1.802335799970e+04 4.092893853965e+02 1.058000193696e+00 4.097054977271e+02 9.350336520834e-01 2.612032437490e-01 1.581818082960e+00 4.788536906555e-01 1.482857239876e-01 5.745321095721e-01
1.802345999970e+04 4.092894023801e+02 1.058318591395e+00 4.097055402609e+02 9.365475295608e-01 2.626419663422e-01 1.583966623478e+00 4.811283888617e-01 1.477608320128e-01 5.760319652978e-01
1.802356199970e+04 4.092894177773e+02 1.058653675773e+00 4.097055810181e+02 9.381089710920e-01 2.641168662573e-01 1.586107201488e+00 4.835158925185e-01 1.471698102215e-01 5.776175379224e-01
1.802366399970e+04 4.092894316335e+02 1.058990108043e+00 4.097056200663e+02 9.397179327194e-01 2.656252820106e-01 1.588240274603e+00 4.859839828588e-01 1.465139564831e-01 5.792660932643e-01
1.802376599970e+04 4.092894440016e+02 1.059291205780e+00 4.097056574876e+02 9.413742893661e-01 2.671644192241e-01 1.590367772599e+00 4.885042215479e-01 1.457949303315e-01 5.809581424177e-01
1.802386799970e+04 4.092894549374e+02 1.059648279664e+00 4.097056933730e+02 9.430778329406e-01 2.687313512106e-01 1.592493246130e+00 4.910556692932e-01 1.450147226758e-01 5.826805577927e-01
1.802396999970e+04 4.092894644941e+02 1.059993597481e+00 4.097057278168e+02 9.448282707967e-01 2.703230195925e-01 1.594621995716e+00 4.936272610864e-01 1.441756346445e-01 5.844285954243e-01
1.802407199970e+04 4.092894727182e+02 1.060303076373e+00 4.097057609109e+02 9.466252245862e-01 2.719362348486e-01 1.596761175290e+00 4.962185495772e-01 1.432802622220e-01 5.862065582263e-01
1.802417399970e+04 4.092894796454e+02 1.060647115893e+00 4.097057927392e+02 9.484682295385e-01 2.735676765640e-01 1.598919865135e+00 4.988387667091e-01 1.423314865256e-01 5.880270334647e-01
1.802427599970e+04 4.092894852983e+02 1.061001119065e+00 4.097058233739e+02 9.503567341830e-01 2.752138930110e-01 1.601109109735e+00 5.015041802279e-01 1.413324678622e-01 5.899086619386e-01
1.802437799970e+04 4.092894896858e+02 1.061318811862e+00 4.097058528734e+02 9.522901005190e-01 2.768712995199e-01 1.603341916809e+00 5.042345176562e-01 1.402866360734e-01 5.918730769873e-01
1.802447999970e+04 4.092894928041e+02 1.061667997166e+00 4.097058812820e+02 9.542676046161e-01 2.785361749380e-01 1.605633214448e+00 5.070486973949e-01 1.391976733447e-01 5.939412095314e-01
1.802458199970e+04 4.092894946405e+02 1.062003608195e+00 4.097059086310e+02 9.562884376076e-01 2.802046553583e-01 1.607999763722e+00 5.099605165553e-01 1.380694833026e-01 5.961295101439e-01
1.802468399970e+04 4.092894951775e+02 1.062343572789e+00 4.097059349421e+02 9.583517070251e-01 2.818727242780e-01 1.610460024662e+00 5.129748576166e-01 1.369061390848e-01 5.984465735228e-01
1.802478599970e+04 4.092894943984e+02 1.062684664626e+00 4.097059602315e+02 9.604564384054e-01 2.835361984632e-01 1.613033974032e+00 5.160849306430e-01 1.357118058966e-01 6.008906199447e-01
1.802488799970e+04 4.092894922933e+02 1.063011555307e+00 4.097059845143e+02 9.626015770965e-01 2.851907091240e-01 1.615742874201e+00 5.192708610387e-01 1.344906381991e-01 6.034481184685e-01
1.802498999970e+04 4.092894888644e+02 1.063368684778e+00 4.097060078085e+02 9.647859901898e-01 2.868316785679e-01 1.618608993640e+00 5.225001186637e-01 1.332466502313e-01 6.060940020471e-01
1.802509199970e+04 4.092894841300e+02 1.063688483268e+00 4.097060301390e+02 9.670084685110e-01 2.884542933473e-01 1.621655281338e+00 5.257296408449e-01 1.319835667840e-01 6.087933752568e-01
1.802519399970e+04 4.092894781271e+02 1.064039691103e+00 4.097060515389e+02 9.692677286183e-01 2.900534760248e-01 1.624904999679e+00 5.289104285764e-01 1.307046513019e-01 6.115054120359e-01
1.802529599970e+04 4.092894709115e+02 1.064396891391e+00 4.097060720496e+02 9.715624147698e-01 2.916238590267e-01 1.628381323072e+00 5.319929911993e-01 1.294125349900e-01 6.141880598078e-01
1.802539799970e+04 4.092894625564e+02 1.064716361899e+00 4.097060917191e+02 9.738911008403e-01 2.931597655329e-01 1.632106912676e+00 5.349336354008e-01 1.281090450688e-01 6.168035444225e-01
1.802549999970e+04 4.092894531478e+02 1.065071441865e+00 4.097061105984e+02 9.762522921838e-01 2.946552038352e-01 1.636103480687e+00 5.377004552619e-01 1.267950492603e-01 6.193236722669e-01
1.802560199970e+04 4.092894427797e+02 1.065428471917e+00 4.097061287364e+02 9.786444274468e-01 2.961038828940e-01 1.640391360409e+00 5.402777769460e-01 1.254703272655e-01 6.217338211100e-01
1.802570399970e+04 4.092894315475e+02 1.065747390006e+00 4.097061461746e+02 9.810658803442e-01 2.974992577269e-01 1.644989100246e+00 5.426684395452e-01 1.241334793442e-01 6.240350511771e-01
1.802580599970e+04 4.092894195411e+02 1.066115625132e+00 4.097061629409e+02 9.835149614091e-01 2.988346135391e-01 1.649913100223e+00 5.448934777660e-01 1.227818811430e-01 6.262439351147e-01
1.802590799970e+04 4.092894068387e+02 1.066458436053e+00 4.097061790453e+02 9.859899197201e-01 3.001031969419e-01 1.655177308343e+00 5.469892808422e-01 1.214116909995e-01 6.283901607042e-01
1.802600999970e+04 4.092893935020e+02 1.066803919199e+00 4.097061944753e+02 9.884889446017e-01 3.012984010306e-01 1.660792990766e+00 5.490026111189e-01 1.200179157817e-01 6.305122428977e-01
1.802611199970e+04 4.092893795726e+02 1.067137886275e+00 4.097062091949e+02 9.910101672818e-01 3.024140084044e-01 1.666768584714e+00 5.509846516177e-01 1.185945322663e-01 6.326523749866e-01
1.802621399970e+04 4.092893650710e+02 1.067492068860e+00 4.097062231443e+02 9.935516624834e-01 3.034444924186e-01 1.673109636746e+00 5.529847221543e-01 1.177617862596e-01 6.348509895695e-01
1.802631599970e+04 4.092893499976e+02 1.067831571184e+00 4.097062362430e+02 9.961114499248e-01 3.043853721847e-01 1.679818822527e+00 5.550445935068e-01 1.176471243887e-01 6.371418474253e-01
1.802641799970e+04 4.092893343364e+02 1.068159851682e+00 4.097062483943e+02 9.986874957051e-01 3.052336113326e-01 1.686896038393e+00 5.571940250214e-01 1.174533663952e-01 6.395482003917e-01
1.802651999970e+04 4.092893180603e+02 1.068529410370e+00 4.097062594920e+02 1.001277713561e+00 3.059880447123e-01 1.694338550832e+00 5.594475979473e-01 1.171718555461e-01 6.420800863797e-01
1.802662199970e+04 4.092893011379e+02 1.068859694853e+00 4.097062694284e+02 1.003879965995e+00 3.066498115126e-01 1.702141187921e+00 5.618036802996e-01 1.167943704075e-01 6.447334772624e-01
1.802672399970e+04 4.092892835414e+02 1.069196038211e+00 4.097062781023e+02 1.006492065295e+00 3.072227682836e-01 1.710296556852e+00 5.642441892605e-01 1.163133176853e-01 6.474901111618e-01
1.802682599970e+04 4.092892652542e+02 1.069556297012e+00 4.097062854278e+02 1.009111774466e+00 3.077138516271e-01 1.718795273619e+00 5.667365328521e-01 1.157218637518e-01 6.503192104216e-01
1.802692799970e+04 4.092892462778e+02 1.069876773743e+00 4.097062913414e+02 1.011736808112e+00 3.082037040633e-01 1.727626193858e+00 5.692366849374e-01 1.150140066236e-01 6.531801755668e-01
1.802702999970e+04 4.092892266376e+02 1.070229679515e+00 4.097062958075e+02 1.014364833324e+00 3.086874440441e-01 1.736776637122e+00 5.716934541440e-01 1.154586484521e-01 6.560263121443e-01
1.802713199970e+04 4.092892063861e+02 1.070563804733e+00 4.097062988225e+02 1.016993470582e+00 3.090742261780e-01 1.746232599600e+00 5.740541791268e-01 1.168116192838e-01 6.588097969975e-01
1.802723399970e+04 4.092891856048e+02 1.070898818059e+00 4.097063004159e+02 1.019620294732e+00 3.093723856837e-01 1.755978952250e+00 5.762709317253e-01 1.181541020894e-01 6.614870842416e-01
1.802733599970e+04 4.092891644025e+02 1.071220558005e+00 4.097063006496e+02 1.022242836050e+00 3.095937481988e-01 1.765999622213e+00 5.783067877542e-01 1.194814555491e-01 6.640243629788e-01
1.802743799970e+04 4.092891429129e+02 1.071559974630e+00 4.097062996149e+02 1.024858581421e+00 3.097609506902e-01 1.776277755517e+00 5.801411000801e-01 1.208015424325e-01 6.664021304016e-01
1.802753999970e+04 4.092891212896e+02 1.071879803083e+00 4.097062974276e+02 1.027464975669e+00 3.101565862528e-01 1.786795858756e+00 5.817735412595e-01 1.221248555658e-01 6.686186693181e-01
1.802764199970e+04 4.092890996999e+02 1.072192502752e+00 4.097062942221e+02 1.030059423058e+00 3.106404592299e-01 1.797535917085e+00 5.832258206480e-01 1.233986156282e-01 6.706914732296e-01
1.802774399970e+04 4.092890783184e+02 1.072533641576e+00 4.097062901452e+02 1.032639289035e+00 3.132291164123e-01 1.808479485817e+00 5.845408690288e-01 1.246662079146e-01 6.726564459087e-01
1.802784599970e+04 4.092890573203e+02 1.072833014553e+00 4.097062853495e+02 1.035201902260e+00 3.174730677298e-01 1.819607753329e+00 5.857798105333e-01 1.259369968677e-01 6.745651710377e-01
1.802794799970e+04 4.092890368752e+02 1.073149211177e+00 4.097062799876e+02 1.037744557002e+00 3.217880841080e-01 1.830901574096e+00 5.870169382514e-01 1.271572109172e-01 6.764804641040e-01
1.802804999970e+04 4.092890171416e+02 1.073469338266e+00 4.097062742064e+02 1.040264515979e+00 3.261869968722e-01 1.842341472242e+00 5.883335053643e-01 1.283269547766e-01 6.784709359877e-01
1.802815199970e+04 4.092889982625e+02 1.073753074920e+00 4.097062681441e+02 1.042759013713e+00 3.306262364329e-01 1.853907618109e+00 5.898110743756e-01 1.295027375327e-01 6.806052287649e-01
1.802825399970e+04 4.092889803626e+02 1.074069452273e+00 4.097062619265e+02 1.045225260469e+00 3.349581751834e-01 1.865579782657e+00 5.915252725013e-01 1.306616782822e-01 6.829466618534e-01
1.802835599970e+04 4.092889635464e+02 1.074360907772e+00 4.097062556660e+02 1.047660446820e+00 3.391626463811e-01 1.877337276880e+00 5.935406830781e-01 1.317704589299e-01 6.855489090530e-01
1.802845799970e+04 4.092889478979e+02 1.074647469881e+00 4.097062494615e+02 1.050061748873e+00 3.432255958217e-01 1.889158885488e+00 5.959074090342e-01 1.328349660598e-01 6.884531481452e-01
1.802855999970e+04 4.092889334818e+02 1.074910414467e+00 4.097062433990e+02 1.052426334146e+00 3.471474662565e-01 1.901022805647e+00 5.986596850550e-01 1.339123574943e-01 6.916869831829e-01
1.802866199970e+04 4.092889203455e+02 1.075203772416e+00 4.097062375537e+02 1.054751368097e+00 3.510154390025e-01 1.912906602250e+00 6.018163637178e-01 1.349392128141e-01 6.952649668174e-01
1.802876399970e+04 4.092889085223e+02 1.075452501633e+00 4.097062319932e+02 1.057034021250e+00 3.547343170413e-01 1.924787190829e+00 6.053832630397e-01 1.359356890268e-01 6.991907004829e-01
1.802886599970e+04 4.092888980351e+02 1.075723232820e+00 4.097062267802e+02 1.059271476888e+00 3.582997024611e-01 1.936640857696e+00 6.093565632008e-01 1.368953667529e-01 7.034598093837e-01
1.802896799970e+04 4.092888889002e+02 1.075982712569e+00 4.097062219766e+02 1.061460939240e+00 3.617124274085e-01 1.948443324282e+00 6.137265422357e-01 1.378336706937e-01 7.080631856017e-01
1.802906999970e+04 4.092888811309e+02 1.076196373871e+00 4.097062176455e+02 1.063599642110e+00 3.649777019796e-01 1.960169859128e+00 6.184806663458e-01 1.387194277073e-01 7.129896572681e-01
1.802917199970e+04 4.092888747394e+02 1.076460884088e+00 4.097062138531e+02 1.065684857871e+00 3.681040953676e-01 1.971795436899e+00 6.236051479104e-01 1.396009439465e-01 7.182273214705e-01
1.802927399970e+04 4.092888697375e+02 1.076684217426e+00 4.097062106683e+02 1.067713906750e+00 3.711024540365e-01 1.983294939659e+00 6.290842826771e-01 1.404492864527e-01 7.237629412928e-01
1.802937599970e+04 4.092888661350e+02 1.076903575427e+00 4.097062081602e+02 1.069684166304e+00 3.739848547713e-01 1.994643391869e+00 6.348973665779e-01 1.412427626402e-01 7.295792212268e-01
1.802947799970e+04 4.092888639365e+02 1.077112338758e+00 4.097062063930e+02 1.071593080977e+00 3.767636730033e-01 2.005816217728e+00 6.410134524624e-01 1.420089502765e-01 7.356501674178e-01
1.802957999970e+04 4.092888631348e+02 1.077312242163e+00 4.097062054194e+02 1.073438171597e+00 3.794508217854e-01 2.016789507759e+00 6.473849340106e-01 1.427786360202e-01 7.419353715937e-01
1.802968199970e+04 4.092888637049e+02 1.077498099541e+00 4.097062052718e+02 1.075217044652e+00 3.820571889995e-01 2.027540281287e+00 6.539414096069e-01 1.434952177890e-01 7.483744746257e-01
1.802978399970e+04 4.092888655958e+02 1.077678674008e+00 4.097062059540e+02 1.076927401164e+00 3.847133023326e-01 2.038046732461e+00 6.605855352229e-01 1.441600118902e-01 7.548833120555e-01
1.802988599970e+04 4.092888687245e+02 1.077842650996e+00 4.097062074327e+02 1.078567044986e+00 3.873609645077e-01 2.048288449620e+00 6.671927124932e-01 1.448293620731e-01 7.613533940417e-01
1.802998799970e+04 4.092888729707e+02 1.077985351398e+00 4.097062096318e+02 1.080133890345e+00 3.899647568422e-01 2.058246600658e+00 6.736152290154e-01 1.454740533374e-01 7.676553229802e-01
1.803008999970e+04 4.092888781742e+02 1.078149110472e+00 4.097062124288e+02 1.081625968499e+00 3.925260288830e-01 2.067904080105e+00 6.796911952953e-01 1.460623790683e-01 7.736465186874e-01
1.803019199970e+04 4.092888841362e+02 1.078262861735e+00 4.097062156549e+02 1.083041433417e+00 3.950451501778e-01 2.077245616577e+00 6.852568052180e-01 1.466428103923e-01 7.791820083022e-01
1.803029399970e+04 4.092888906223e+02 1.078392706597e+00 4.097062190977e+02 1.084378566436e+00 3.975217101696e-01 2.086257841532e+00 6.901602345338e-01 1.472014482658e-01 7.841268066602e-01
1.803039599970e+04 4.092888973688e+02 1.078505242844e+00 4.097062225070e+02 1.085635779906e+00 3.999546954870e-01 2.094929321850e+00 6.942742156070e-01 1.477271105242e-01 7.883672411310e-01
1.803049799970e+04 4.092889040913e+02 1.078591983689e+00 4.097062256027e+02 1.086811619876e+00 4.023426402667e-01 2.103250559564e+00 6.975061221999e-01 1.482258656806e-01 7.918201177393e-01
1.803059999970e+04 4.092889104926e+02 1.078679624955e+00 4.097062280833e+02 1.087904767867e+00 4.047365616241e-01 2.111213962212e+00 6.998033205133e-01 1.486912258369e-01 7.944376710713e-01
1.803070199970e+04 4.092889162724e+02 1.078745923276e+00 4.097062296345e+02 1.088914041823e+00 4.071303483135e-01 2.118813787102e+00 7.011548319320e-01 1.491413017596e-01 7.962091569730e-01
1.803080399970e+04 4.092889211350e+02 1.078797892410e+00 4.097062299377e+02 1.089838396264e+00 4.094695564346e-01 2.126046062451e+00 7.015886713464e-01 1.495710039999e-01 7.971585034509e-01
1.803090599970e+04 4.092889247968e+02 1.078838266751e+00 4.097062286777e+02 1.090676921698e+00 4.117518211805e-01 2.132908488124e+00 7.011672851084e-01 1.499382854715e-01 7.973401664435e-01
1.803100799970e+04 4.092889269921e+02 1.078861030519e+00 4.097062255494e+02 1.091428843288e+00 4.139747790389e-01 2.139400318604e+00 6.999810708739e-01 1.503181283943e-01 7.968332114366e-01
1.803110999970e+04 4.092889274786e+02 1.078862621605e+00 4.097062202642e+02 1.092093518787e+00 4.161565285507e-01 2.145522230913e+00 6.981414190107e-01 1.506696736337e-01 7.957349369902e-01
1.803121199970e+04 4.092889260411e+02 1.078874927908e+00 4.097062125551e+02 1.092670435750e+00 4.183352868531e-01 2.151276180311e+00 6.957735675888e-01 1.509535283518e-01 7.941543459778e-01
1.803131399970e+04 4.092889224948e+02 1.078833109093e+00 4.097062021818e+02 1.093159208051e+00 4.204460676374e-01 2.156665246710e+00 6.930088320035e-01 1.512396645706e-01 7.922051245805e-01
1.803141599970e+04 4.092889166873e+02 1.078820444264e+00 4.097061889345e+02 1.093559571764e+00 4.224865332440e-01 2.161693474810e+00 6.899774032732e-01 1.514926657358e-01 7.899992119205e-01
1.803151799970e+04 4.092889085003e+02 1.078767291014e+00 4.097061726366e+02 1.093871380482e+00 4.244543902224e-01 2.166365710927e+00 6.868010383282e-01 1.516893536312e-01 7.876403868519e-01
1.803161999970e+04 4.092888978489e+02 1.078708516080e+00 4.097061531463e+02 1.094094600184e+00 4.263473868899e-01 2.170687439502e+00 6.835870369697e-01 1.518881822850e-01 7.852190940810e-01
1.803172199970e+04 4.092888846799e+02 1.078629412343e+00 4.097061303562e+02 1.094229303775e+00 4.281633096097e-01 2.174664622259e+00 6.804236443665e-01 1.520247107725e-01 7.828086100172e-01
1.803182399970e+04 4.092888689695e+02 1.078535014104e+00 4.097061041918e+02 1.094275665434e+00 4.298999787434e-01 2.178303543066e+00 6.773777884651e-01 1.521203035550e-01 7.804633047391e-01
1.803192599970e+04 4.092888507183e+02 1.078410463821e+00 4.097060746084e+02 1.094233954921e+00 4.315552452374e-01 2.181610661570e+00 6.744950093239e-01 1.521732558266e-01 7.782188305010e-01
1.803202799970e+04 4.092888299463e+02 1.078296416155e+00 4.097060415870e+02 1.094104531976e+00 4.331269886516e-01 2.184592478645e+00 6.718019378061e-01 1.521983881862e-01 7.760945053207e-01
1.803212999970e+04 4.092888066877e+02 1.078129087343e+00 4.097060051302e+02 1.093887840988e+00 4.346131171674e-01 2.187255416442e+00 6.693100201691e-01 1.521778339203e-01 7.740967303023e-01
1.803223199970e+04 4.092887809854e+02 1.077995706704e+00 4.097059652570e+02 1.093584406053e+00 4.360115697812e-01 2.189605715350e+00 6.670201755348e-01 1.520846946127e-01 7.722231571816e-01
1.803233399970e+04 4.092887528860e+02 1.077805324733e+00 4.097059219994e+02 1.093194826604e+00 4.373717107383e-01 2.191649349463e+00 6.649273626529e-01 1.520171366016e-01 7.704667206456e-01
1.803243599970e+04 4.092887224365e+02 1.077626910506e+00 4.097058753977e+02 1.092719773711e+00 4.386918290173e-01 2.193391961250e+00 6.630244809205e-01 1.518703976093e-01 7.688190490014e-01
1.803253799970e+04 4.092886896816e+02 1.077416594678e+00 4.097058254984e+02 1.092159987213e+00 4.399118556070e-01 2.194838815192e+00 6.613050865229e-01 1.516566293945e-01 7.672728193080e-01
1.803263999970e+04 4.092886546625e+02 1.077199372758e+00 4.097057723521e+02 1.091516273736e+00 4.410296902215e-01 2.195994769308e+00 6.597647552080e-01 1.514651134672e-01 7.658229256546e-01
1.803274199970e+04 4.092886174171e+02 1.076960505065e+00 4.097057160123e+02 1.090789505689e+00 4.420433222572e-01 2.196864262896e+00 6.584013420192e-01 1.511942107540e-01 7.644666867953e-01
1.803284399970e+04 4.092885779809e+02 1.076704102059e+00 4.097056565356e+02 1.089980621243e+00 4.429508479255e-01 2.197451318420e+00 6.572140677936e-01 1.508970800823e-01 7.632030387444e-01
1.803294599970e+04 4.092885363889e+02 1.076429971396e+00 4.097055939824e+02 1.089090625268e+00 4.437504886370e-01 2.197759555461e+00 6.562019226425e-01 1.505578887598e-01 7.620311367784e-01
1.803304799970e+04 4.092884926781e+02 1.076139550274e+00 4.097055284182e+02 1.088120591183e+00 4.444406106818e-01 2.197792214713e+00 6.553616720064e-01 1.501630425910e-01 7.609486114864e-01
1.803314999970e+04 4.092884468897e+02 1.075837589745e+00 4.097054599152e+02 1.087071663585e+00 4.450197461181e-01 2.197552190306e+00 6.546858355270e-01 1.497172249709e-01 7.599497945560e-01
1.803325199970e+04 4.092883990715e+02 1.075520559240e+00 4.097053885542e+02 1.085945061553e+00 4.454866146165e-01 2.197042069007e+00 6.541609966431e-01 1.492311930919e-01 7.590242191949e-01
1.803335399970e+04 4.092883492802e+02 1.075182709788e+00 4.097053144254e+02 1.084742082424e+00 4.458401458193e-01 2.196264175071e+00 6.537667728544e-01 1.487451876895e-01 7.581556776556e-01
1.803345599970e+04 4.092882975821e+02 1.074839266989e+00 4.097052376299e+02 1.083464105884e+00 4.460795016186e-01 2.195220619749e+00 6.534756287817e-01 1.481829297121e-01 7.573219941273e-01
1.803355799970e+04 4.092882440544e+02 1.074476752452e+00 4.097051582791e+02 1.082112598152e+00 4.462040976357e-01 2.193913354515e+00 6.532535968780e-01 1.475446875770e-01 7.564955736814e-01
1.803365999970e+04 4.092881887847e+02 1.074098545773e+00 4.097050764946e+02 1.080689116066e+00 4.462136231290e-01 2.192344227134e+00 6.530617823330e-01 1.469297924114e-01 7.556446283866e-01
1.803376199970e+04 4.092881318703e+02 1.073702730308e+00 4.097049924062e+02 1.079195310855e+00 4.461275884153e-01 2.190515039625e+00 6.528584715965e-01 1.462508114177e-01 7.547349332953e-01
1.803386399970e+04 4.092880734165e+02 1.073295722975e+00 4.097049061507e+02 1.077632931413e+00 4.463245946188e-01 2.188427607125e+00 6.526016099732e-01 1.454980881462e-01 7.537319174830e-01
1.803396599970e+04 4.092880135351e+02 1.072860295462e+00 4.097048178692e+02 1.076003826869e+00 4.464081558399e-01 2.186083816510e+00 6.522511739510e-01 1.447390513665e-01 7.526026848348e-01
1.803406799970e+04 4.092879523419e+02 1.072438466899e+00 4.097047277049e+02 1.074309948319e+00 4.463775464603e-01 2.183485683540e+00 6.517712912308e-01 1.439451887803e-01 7.513178380882e-01
1.803416999970e+04 4.092878899542e+02 1.071972451670e+00 4.097046358004e+02 1.072553349537e+00 4.462325131120e-01 2.180635407211e+00 6.511319751690e-01 1.430802437372e-01 7.498529884410e-01
1.803427199970e+04 4.092878264889e+02 1.071528407575e+00 4.097045422956e+02 1.070736186590e+00 4.459732810451e-01 2.177535419941e+00 6.503102005941e-01 1.421918088276e-01 7.481897091007e-01
1.803437399970e+04 4.092877620601e+02 1.071050620572e+00 4.097044473256e+02 1.068860716242e+00 4.456005514550e-01 2.174188432312e+00 6.492905660076e-01 1.412610366549e-01 7.463161393018e-01
1.803447599970e+04 4.092876967770e+02 1.070568603497e+00 4.097043510185e+02 1.066929293123e+00 4.451154901740e-01 2.170597471155e+00 6.480653631987e-01 1.402802139764e-01 7.442270778268e-01
1.803457799970e+04 4.092876307429e+02 1.070070173507e+00 4.097042534943e+02 1.064944365639e+00 4.445197083974e-01 2.166765910002e+00 6.466342002604e-01 1.392533524916e-01 7.419236877545e-01
1.803467999970e+04 4.092875640530e+02 1.069563011132e+00 4.097041548634e+02 1.062908470666e+00 4.438152363306e-01 2.162697491203e+00 6.450032542723e-01 1.381834924419e-01 7.394128751872e-01
1.803478199970e+04 4.092874967945e+02 1.069030334021e+00 4.097040552259e+02 1.060824227087e+00 4.430044907885e-01 2.158396339305e+00 6.431844372746e-01 1.370762929699e-01 7.367065871311e-01
1.803488399970e+04 4.092874290451e+02 1.068514861375e+00 4.097039546715e+02 1.058694328275e+00 4.420902378634e-01 2.153866965677e+00 6.411939145952e-01 1.359589283744e-01 7.338205380811e-01
1.803498599970e+04 4.092873608736e+02 1.067973345302e+00 4.097038532794e+02 1.056521533662e+00 4.410755518057e-01 2.149114264747e+00 6.390509264258e-01 1.347823613834e-01 7.307731941376e-01
1.803508799970e+04 4.092872923399e+02 1.067426639021e+00 4.097037511193e+02 1.054308659557e+00 4.399646381184e-01 2.144143502511e+00 6.367762956262e-01 1.335463963048e-01 7.275844768720e-01
1.803518999970e+04 4.092872234956e+02 1.066878160187e+00 4.097036482518e+02 1.052058569374e+00 4.388210645221e-01 2.138960298272e+00 6.343906768023e-01 1.323101172312e-01 7.242742341459e-01
1.803529199970e+04 4.092871543852e+02 1.066317676492e+00 4.097035447306e+02 1.049774163497e+00 4.375881142845e-01 2.133570600628e+00 6.319131640320e-01 1.310563378892e-01 7.208610181028e-01
1.803539399970e+04 4.092870850477e+02 1.065750249344e+00 4.097034406038e+02 1.047458368941e+00 4.362693969813e-01 2.127980658744e+00 6.293599795303e-01 1.297478619953e-01 7.173609284270e-01
1.803549599970e+04 4.092870155179e+02 1.065168596211e+00 4.097033359163e+02 1.045114129049e+00 4.348686775522e-01 2.122196989760e+00 6.267433393217e-01 1.283862251894e-01 7.137866052963e-01
1.803559799970e+04 4.092869458281e+02 1.064595592270e+00 4.097032307113e+02 1.042744393377e+00 4.333898334869e-01 2.116226342973e+00 6.240709611780e-01 1.269934852969e-01 7.101467813580e-01
1.803569999970e+04 4.092868760102e+02 1.064016888404e+00 4.097031250327e+02 1.040352107979e+00 4.318368129993e-01 2.110075661211e+00 6.213458095768e-01 1.255957817968e-01 7.064460392856e-01
1.803580199970e+04 4.092868060965e+02 1.063432391092e+00 4.097030189267e+02 1.037940206236e+00 4.302135948190e-01 2.103752039728e+00 6.185665505360e-01 1.241753547294e-01 7.026851923508e-01
1.803590399970e+04 4.092867361216e+02 1.062845684141e+00 4.097029124427e+02 1.035511600375e+00 4.285241501364e-01 2.097262682948e+00 6.157287287025e-01 1.227075436803e-01 6.988623029347e-01
1.803600599970e+04 4.092866661223e+02 1.062256784001e+00 4.097028056345e+02 1.033069173800e+00 4.267724071436e-01 2.090614859688e+00 6.128254412159e-01 1.212108129629e-01 6.949732626780e-01
1.803610799970e+04 4.092865961386e+02 1.061661338132e+00 4.097026985606e+02 1.030615774327e+00 4.249622185293e-01 2.083815857828e+00 6.098484725201e-01 1.196877032142e-01 6.910127830556e-01
1.803620999970e+04 4.092865262133e+02 1.061075464435e+00 4.097025912842e+02 1.028154208378e+00 4.230973322024e-01 2.076872939870e+00 6.067893613085e-01 1.181227098251e-01 6.869753320718e-01
1.803631199970e+04 4.092864563922e+02 1.060492939637e+00 4.097024838731e+02 1.025687236169e+00 4.211813654491e-01 2.069793301188e+00 6.036394890172e-01 1.165457898346e-01 6.828552118570e-01
1.803641399970e+04 4.092863867239e+02 1.059908715316e+00 4.097023763995e+02 1.023217567885e+00 4.192177826553e-01 2.062584032859e+00 6.003903642417e-01 1.149577881099e-01 6.786468112034e-01
1.803651599970e+04 4.092863172593e+02 1.059325221701e+00 4.097022689397e+02 1.020747860799e+00 4.172098766655e-01 2.055252090726e+00 5.970333024305e-01 1.133403822949e-01 6.743443251554e-01
1.803661799970e+04 4.092862480519e+02 1.058746460684e+00 4.097021615743e+02 1.018280717260e+00 4.151607537894e-01 2.047804271815e+00 5.935593246059e-01 1.116869030520e-01 6.699416687417e-01
1.803671999970e+04 4.092861791580e+02 1.058176571881e+00 4.097020543878e+02 1.015818683453e+00 4.130733224161e-01 2.040247198434e+00 5.899592040919e-01 1.099990130710e-01 6.654325231316e-01
1.803682199970e+04 4.092861106359e+02 1.057613895236e+00 4.097019474685e+02 1.013364248800e+00 4.109502851451e-01 2.032587309642e+00 5.862235522964e-01 1.083308476241e-01 6.608104183210e-01
1.803692399970e+04 4.092860425466e+02 1.057060195399e+00 4.097018409088e+02 1.010919845864e+00 4.087941343045e-01 2.024830859321e+00 5.823435357485e-01 1.066323327724e-01 6.560693781882e-01
1.803702599970e+04 4.092859749531e+02 1.056516672679e+00 4.097017348043e+02 1.008487850612e+00 4.066071506844e-01 2.016983920050e+00 5.783118595546e-01 1.049041004777e-01 6.512048057643e-01
1.803712799970e+04 4.092859079200e+02 1.055982533441e+00 4.097016292536e+02 1.006070582884e+00 4.043914052856e-01 2.009052392321e+00 5.741227873790e-01 1.031477883850e-01 6.462135156733e-01
1.803722999970e+04 4.092858415132e+02 1.055462069253e+00 4.097015243576e+02 1.003670306921e+00 4.021487638539e-01 2.001042019054e+00 5.697727444378e-01 1.013655197615e-01 6.410942843816e-01
1.803733199970e+04 4.092857757994e+02 1.054949509443e+00 4.097014202194e+02 1.001289231818e+00 3.998808939531e-01 1.992958405727e+00 5.652594987924e-01 9.961692711916e-02 6.358471364585e-01
1.803743399970e+04 4.092857108458e+02 1.054454985417e+00 4.097013169437e+02 9.989295117507e-01 3.975892743121e-01 1.984807046270e+00 5.605815077136e-01 9.784994045261e-02 6.304727746336e-01
1.803753599970e+04 4.092856467206e+02 1.053970034911e+00 4.097012146372e+02 9.965932458629e-01 3.952752061762e-01 1.976593354398e+00 5.557371236037e-01 9.606063386094e-02 6.249718828706e-01
1.803763799970e+04 4.092855834928e+02 1.053500606525e+00 4.097011134081e+02 9.942824776872e-01 3.929398263882e-01 1.968322699127e+00 5.507239655910e-01 9.425048211036e-02 6.193445755033e-01
1.803773999970e+04 4.092855212327e+02 1.053050233608e+00 4.097010133675e+02 9.919991939992e-01 3.905841219253e-01 1.960000442485e+00 5.455391340967e-01 9.242092855677e-02 6.135905958006e-01
1.803784199970e+04 4.092854600124e+02 1.052611283223e+00 4.097009146285e+02 9.897453230239e-01 3.882089456227e-01 1.951631976900e+00 5.401798966061e-01 9.058691326173e-02 6.077099335228e-01
1.803794399970e+04 4.092853999052e+02 1.052196999505e+00 4.097008173069e+02 9.875227319428e-01 3.858150328166e-01 1.943222759923e+00 5.346452822871e-01 8.878077957328e-02 6.017042488049e-01
1.803804599970e+04 4.092853409860e+02 1.051800525505e+00 4.097007215204e+02 9.853332236806e-01 3.834030186452e-01 1.934778344450e+00 5.289368237942e-01 8.695879397063e-02 5.955775332473e-01
1.803814799970e+04 4.092852833305e+02 1.051416430920e+00 4.097006273884e+02 9.831785329806e-01 3.809734557450e-01 1.926304403365e+00 5.230595399215e-01 8.512223228730e-02 5.893369778121e-01
1.803824999970e+04 4.092852270144e+02 1.051054105825e+00 4.097005350313e+02 9.810603218103e-01 3.785268320820e-01 1.917806748097e+00 5.170215424675e-01 8.327235762527e-02 5.829926099460e-01
1.803835199970e+04 4.092851721138e+02 1.050711216526e+00 4.097004445704e+02 9.789801741598e-01 3.762250864639e-01 1.909291340759e+00 5.108334613463e-01 8.141832696913e-02 5.765567622865e-01
1.803845399970e+04 4.092851187043e+02 1.050386674849e+00 4.097003561274e+02 9.769395903170e-01 3.739493308134e-01 1.900764299373e+00 5.045069935767e-01 7.958840556657e-02 5.700427599357e-01
1.803855599970e+04 4.092850668621e+02 1.050077212426e+00 4.097002698247e+02 9.749399807182e-01 3.716688991987e-01 1.892231895465e+00 4.980543220317e-01 7.774809013029e-02 5.634643774580e-01
1.803865799970e+04 4.092850166635e+02 1.049788556995e+00 4.097001857863e+02 9.729826594914e-01 3.693842991229e-01 1.883700543293e+00 4.914877437214e-01 7.589847570922e-02 5.568354791880e-01
1.803875999970e+04 4.092849681864e+02 1.049519602297e+00 4.097001041377e+02 9.710688378265e-01 3.670959752377e-01 1.875176780410e+00 4.848201678840e-01 7.405803854480e-02 5.501704243240e-01
1.803886199970e+04 4.092849215101e+02 1.049272702647e+00 4.097000250064e+02 9.691996173234e-01 3.648043205126e-01 1.866667240057e+00 4.780658276932e-01 7.221209722668e-02 5.434846511536e-01
1.803896399970e+04 4.092848767157e+02 1.049040290177e+00 4.096999485225e+02 9.673759834914e-01 3.625096868822e-01 1.858178616818e+00 4.712416546718e-01 7.036138843454e-02 5.367958304760e-01
1.803906599970e+04 4.092848338867e+02 1.048823080264e+00 4.096998748180e+02 9.655987995792e-01 3.602123952233e-01 1.849717627716e+00 4.643682711334e-01 6.851274114952e-02 5.301246620092e-01
1.803916799970e+04 4.092847931081e+02 1.048623981548e+00 4.096998040273e+02 9.638688009286e-01 3.579127445108e-01 1.841290971368e+00 4.574708957776e-01 6.667280053823e-02 5.234955729753e-01
1.803926999970e+04 4.092847544671e+02 1.048440514030e+00 4.096997362861e+02 9.621865900358e-01 3.556110200022e-01 1.832905287983e+00 4.505808350399e-01 6.579632451065e-02 5.169379041852e-01
1.803937199970e+04 4.092847180521e+02 1.048273256880e+00 4.096996717312e+02 9.605526324996e-01 3.533075003006e-01 1.824567123017e+00 4.437358712943e-01 6.622910424967e-02 5.104861048370e-01
1.803947399970e+04 4.092846839525e+02 1.048120482306e+00 4.096996104994e+02 9.589672540179e-01 3.510024631643e-01 1.816282897433e+00 4.369818459189e-01 6.663794891582e-02 5.041809464645e-01
1.803957599970e+04 4.092846522575e+02 1.047979169398e+00 4.096995527260e+02 9.574306385746e-01 3.486961899484e-01 1.808058887551e+00 4.303730329968e-01 6.703485660141e-02 4.980696616349e-01
1.803967799970e+04 4.092846230553e+02 1.047850462057e+00 4.096994985432e+02 9.559428279323e-01 3.463889686026e-01 1.799901217488e+00 4.239728849540e-01 6.741526183319e-02 4.922063986497e-01
1.803977999970e+04 4.092845964312e+02 1.047730310783e+00 4.096994480779e+02 9.545037225199e-01 3.440810951883e-01 1.791815866690e+00 4.178529897114e-01 6.777085489693e-02 4.866511437543e-01
1.803988199970e+04 4.092845724662e+02 1.047625552984e+00 4.096994014498e+02 9.531130837643e-01 3.417960090468e-01 1.783808694150e+00 4.120921064315e-01 6.810155757469e-02 4.814687620607e-01
1.803998399970e+04 4.092845512351e+02 1.047538007964e+00 4.096993587680e+02 9.517705378809e-01 3.396469552246e-01 1.775885479384e+00 4.067732923086e-01 6.840722332811e-02 4.767264827936e-01
1.804008599970e+04 4.092845328045e+02 1.047449703909e+00 4.096993201292e+02 9.504755810893e-01 3.374977426762e-01 1.768051978465e+00 4.019804396284e-01 6.875315323744e-02 4.724910079013e-01
1.804018799970e+04 4.092845172315e+02 1.047376153869e+00 4.096992856149e+02 9.492275861823e-01 3.353485956495e-01 1.760313991420e+00 3.977940578045e-01 6.909073694788e-02 4.688251253668e-01
1.804028999970e+04 4.092845045613e+02 1.047306970938e+00 4.096992552890e+02 9.480258103297e-01 3.331997537444e-01 1.752677435321e+00 3.942864660963e-01 6.940301828150e-02 4.657839729254e-01
1.804039199970e+04 4.092844948270e+02 1.047236552442e+00 4.096992291961e+02 9.468694039655e-01 3.310575722349e-01 1.745148415640e+00 3.915174193897e-01 6.968949992867e-02 4.634117925371e-01
1.804049399970e+04 4.092844880478e+02 1.047193253888e+00 4.096992073604e+02 9.457574205784e-01 3.291474333931e-01 1.737733286963e+00 3.895298421935e-01 7.003714537719e-02 4.617388398697e-01
1.804059599970e+04 4.092844842292e+02 1.047146616617e+00 4.096991897845e+02 9.446888272027e-01 3.272424894744e-01 1.730438693484e+00 3.883471479880e-01 7.038892817819e-02 4.607796190866e-01
1.804069799970e+04 4.092844833629e+02 1.047101960676e+00 4.096991764500e+02 9.436625154022e-01 3.253425355026e-01 1.723271579894e+00 3.879719072345e-01 7.071048268780e-02 4.605321571856e-01
1.804079999970e+04 4.092844854279e+02 1.047055571952e+00 4.096991673180e+02 9.426773125331e-01 3.234473646045e-01 1.716239164771e+00 3.883866240136e-01 7.100104500788e-02 4.609788956570e-01
1.804090199970e+04 4.092844903916e+02 1.047026842783e+00 4.096991623313e+02 9.417319930831e-01 3.215567665541e-01 1.709348871328e+00 3.895562517257e-01 7.125992029299e-02 4.620888609707e-01
1.804100399970e+04 4.092844982120e+02 1.046991698906e+00 4.096991614162e+02 9.408252898955e-01 3.196705258907e-01 1.702608214180e+00 3.914321851568e-01 7.148650116182e-02 4.638209091146e-01
1.804110599970e+04 4.092845088396e+02 1.046963280336e+00 4.096991644860e+02 9.399559051045e-01 3.177884199335e-01 1.696024645178e+00 3.939568253653e-01 7.168027606265e-02 4.661273318128e-01
1.804120799970e+04 4.092845222198e+02 1.046938799082e+00 4.096991714433e+02 9.391225206324e-01 3.159102170383e-01 1.689605365817e+00 3.970677943182e-01 7.184083074004e-02 4.689571068457e-01
1.804130999970e+04 4.092845382941e+02 1.046910500019e+00 4.096991821827e+02 9.383238081212e-01 3.140356754391e-01 1.683357117427e+00 4.007010277801e-01 7.198434721647e-02 4.722581925958e-01
1.804141199970e+04 4.092845570016e+02 1.046895737550e+00 4.096991965927e+02 9.375584382005e-01 3.121645429894e-01 1.677285962861e+00 4.047920669123e-01 7.210916885694e-02 4.759783211629e-01
1.804151399970e+04 4.092845782790e+02 1.046876536606e+00 4.096992145567e+02 9.368250890186e-01 3.103197923488e-01 1.671397074194e+00 4.092756521476e-01 7.227078889950e-02 4.800643832064e-01
1.804161599970e+04 4.092846020594e+02 1.046850058233e+00 4.096992359522e+02 9.361224539927e-01 3.085775913216e-01 1.665694540107e+00 4.140839156230e-01 7.240029497740e-02 4.844606480727e-01
1.804171799970e+04 4.092846282707e+02 1.046839543971e+00 4.096992606506e+02 9.354492487561e-01 3.068383119560e-01 1.660181204509e+00 4.191439969464e-01 7.249753598785e-02 4.891065116207e-01
1.804181999970e+04 4.092846568335e+02 1.046804291026e+00 4.096992885148e+02 9.348042173083e-01 3.052136277291e-01 1.654858545153e+00 4.243764699198e-01 7.256229664253e-02 4.939349595182e-01
1.804192199970e+04 4.092846876590e+02 1.046802279304e+00 4.096993193981e+02 9.341861373911e-01 3.036449365689e-01 1.649726598090e+00 4.296955522173e-01 7.259430562580e-02 4.988726011752e-01
1.804202399970e+04 4.092847206472e+02 1.046773196978e+00 4.096993531432e+02 9.335938251255e-01 3.020793548184e-01 1.644783931146e+00 4.350116862151e-01 7.259326076552e-02 5.038418141717e-01
1.804212599970e+04 4.092847556873e+02 1.046766586652e+00 4.096993895822e+02 9.330261389471e-01 3.005161775809e-01 1.640027667228e+00 4.402375708965e-01 7.260986486888e-02 5.087659672885e-01
1.804222799970e+04 4.092847926589e+02 1.046743185451e+00 4.096994285393e+02 9.324819828600e-01 2.989547234570e-01 1.635453556075e+00 4.452953937200e-01 7.261931495197e-02 5.135758030338e-01
1.804232999970e+04 4.092848314358e+02 1.046732261222e+00 4.096994698341e+02 9.319603090000e-01 2.973943443172e-01 1.631056091093e+00 4.501242721746e-01 7.259146320141e-02 5.182161032276e-01
1.804243199970e+04 4.092848718903e+02 1.046713935057e+00 4.096995132870e+02 9.314601194580e-01 2.958344357209e-01 1.626828666298e+00 4.546854309351e-01 7.256700713090e-02 5.226504462482e-01
1.804253399970e+04 4.092849138983e+02 1.046695123070e+00 4.096995587241e+02 9.309804672821e-01 2.942744476885e-01 1.622763767130e+00 4.589627582423e-01 7.252056151147e-02 5.268619422029e-01
1.804263599970e+04 4.092849573433e+02 1.046664759037e+00 4.096996059816e+02 9.305204565581e-01 2.927138955099e-01 1.618853187944e+00 4.629573143128e-01 7.244099664131e-02 5.308486424788e-01
1.804273799970e+04 4.092850021179e+02 1.046648054550e+00 4.096996549073e+02 9.300792414968e-01 2.911523702626e-01 1.615088267937e+00 4.666781268519e-01 7.236095407355e-02 5.346156268499e-01
1.804283999970e+04 4.092850481229e+02 1.046606630680e+00 4.096997053598e+02 9.296560245145e-01 2.895895487215e-01 1.611460136172e+00 4.701302159480e-01 7.224335614225e-02 5.381645985124e-01
1.804294199970e+04 4.092850952635e+02 1.046598993342e+00 4.096997572045e+02 9.292500533955e-01 2.880252023634e-01 1.607959955505e+00 4.733050913949e-01 7.352157672236e-02 5.414855926776e-01
1.804304399970e+04 4.092851434440e+02 1.046569176211e+00 4.096998103084e+02 9.288606177328e-01 2.865215667717e-01 1.604579155231e+00 4.761765139989e-01 7.523007203353e-02 5.445532813880e-01
1.804314599970e+04 4.092851925627e+02 1.046541816125e+00 4.096998645344e+02 9.284870449330e-01 2.851095407878e-01 1.601309643269e+00 4.787038371010e-01 7.687397974681e-02 5.473299341594e-01
1.804324799970e+04 4.092852425088e+02 1.046523504627e+00 4.096999197392e+02 9.281286961169e-01 2.836981322830e-01 1.598143990300e+00 4.808433354714e-01 7.845522622558e-02 5.497754051705e-01
1.804334999970e+04 4.092852931627e+02 1.046485790996e+00 4.096999757729e+02 9.277849622223e-01 2.822872401295e-01 1.595075579788e+00 4.825635337029e-01 7.997624399841e-02 5.518606400494e-01
1.804345199970e+04 4.092853444013e+02 1.046465671220e+00 4.097000324849e+02 9.274552605397e-01 2.810378150201e-01 1.592098719074e+00 4.838604040669e-01 8.144006116230e-02 5.535810385339e-01
1.804355399970e+04 4.092853961057e+02 1.046435633416e+00 4.097000897316e+02 9.271390317876e-01 2.798413332574e-01 1.589208708349e+00 4.847669183667e-01 8.285033683646e-02 5.549647932145e-01
1.804365599970e+04 4.092854481703e+02 1.046403982618e+00 4.097001473864e+02 9.268357377128e-01 2.786407549127e-01 1.586401866980e+00 4.853528661103e-01 8.421131396357e-02 5.560726108493e-01
1.804375799970e+04 4.092855005121e+02 1.046360636915e+00 4.097002053486e+02 9.265448591060e-01 2.774360018267e-01 1.583675520104e+00 4.857148457979e-01 8.552768764855e-02 5.569887786731e-01
1.804385999970e+04 4.092855530755e+02 1.046334741900e+00 4.097002635492e+02 9.262658940891e-01 2.762271198589e-01 1.581027951299e+00 4.859589970779e-01 8.680440645483e-02 5.578059084797e-01
1.804396199970e+04 4.092856058330e+02 1.046295464456e+00 4.097003219510e+02 9.259983565520e-01 2.750142764416e-01 1.578458328184e+00 4.861809532627e-01 8.804644025341e-02 5.586073542812e-01
1.804406399970e+04 4.092856587805e+02 1.046246039244e+00 4.097003805451e+02 9.257417746993e-01 2.737977563305e-01 1.575966606773e+00 4.864497475996e-01 8.925856944921e-02 5.594532047010e-01
1.804416599970e+04 4.092857119293e+02 1.046237307442e+00 4.097004393415e+02 9.254956897521e-01 2.725779557669e-01 1.573553418619e+00 4.867983758590e-01 9.044522622343e-02 5.603721666319e-01
1.804426799970e+04 4.092857652958e+02 1.046268090705e+00 4.097004983599e+02 9.252596549346e-01 2.713553753369e-01 1.571219943879e+00 4.872233963752e-01 9.161041601768e-02 5.613613418040e-01
1.804436999970e+04 4.092858188920e+02 1.046293116313e+00 4.097005576192e+02 9.250332349066e-01 2.701306118593e-01 1.568967773880e+00 4.876931640279e-01 9.275772376818e-02 5.623934784427e-01
1.804447199970e+04 4.092858727189e+02 1.046289500526e+00 4.097006171312e+02 9.248160057880e-01 2.689043496460e-01 1.566798767961e+00 4.881612906310e-01 9.389037968962e-02 5.634287021460e-01
1.804457399970e+04 4.092859267644e+02 1.046326643966e+00 4.097006768977e+02 9.246075558568e-01 2.676773514718e-01 1.564714910034e+00 4.885826578550e-01 9.501135953363e-02 5.644283968785e-01
1.804467599970e+04 4.092859810050e+02 1.046342267043e+00 4.097007369122e+02 9.244074869086e-01 2.664504495576e-01 1.562718170042e+00 4.889274425875e-01 9.612347835530e-02 5.653673019475e-01
1.804477799970e+04 4.092860354115e+02 1.046348939586e+00 4.097007971652e+02 9.242154161688e-01 2.652245368316e-01 1.560810374774e+00 4.891892533065e-01 9.722944174624e-02 5.662404572614e-01
1.804487999970e+04 4.092860899563e+02 1.046365810148e+00 4.097008576509e+02 9.240309785737e-01 2.640005586865e-01 1.558993092094e+00 4.893863081949e-01 9.833184181832e-02 5.670640952332e-01
1.804498199970e+04 4.092861446198e+02 1.046376421982e+00 4.097009183733e+02 9.238538292065e-01 2.627989490493e-01 1.557267532630e+00 4.895548414470e-01 9.943308910474e-02 5.678698158320e-01
1.804508399970e+04 4.092861993951e+02 1.046393520355e+00 4.097009793505e+02 9.236836456959e-01 2.618474214950e-01 1.555634472668e+00 4.897382334537e-01 1.005353071420e-01 5.686951123654e-01
1.804518599970e+04 4.092862542882e+02 1.046383938802e+00 4.097010406143e+02 9.235201304513e-01 2.608970443652e-01 1.554094200819e+00 4.899742151840e-01 1.016402105765e-01 5.695723092316e-01
1.804528799970e+04 4.092863093155e+02 1.046410049602e+00 4.097011022073e+02 9.233630126982e-01 2.599484427380e-01 1.552646488964e+00 4.902854603925e-01 1.027490152019e-01 5.705204945592e-01
1.804538999970e+04 4.092863644980e+02 1.046408838974e+00 4.097011641771e+02 9.232120503588e-01 2.590022815916e-01 1.551290585910e+00 4.906741919035e-01 1.038623917799e-01 5.715409582407e-01
1.804549199970e+04 4.092864198552e+02 1.046406487628e+00 4.097012265689e+02 9.230670318748e-01 2.580790616206e-01 1.550025231043e+00 4.911226895273e-01 1.049804850945e-01 5.726177212258e-01
1.804559399970e+04 4.092864753991e+02 1.046432445189e+00 4.097012894197e+02 9.229277780796e-01 2.573252810183e-01 1.548848685160e+00 4.915984892329e-01 1.061029892232e-01 5.737220807907e-01
1.804569599970e+04 4.092865311300e+02 1.046430919898e+00 4.097013527537e+02 9.227941441913e-01 2.565681612889e-01 1.547758776026e+00 4.920620196588e-01 1.072292574126e-01 5.748192187761e-01
1.804579799970e+04 4.092865870356e+02 1.046418539160e+00 4.097014165813e+02 9.226660219500e-01 2.558084265847e-01 1.546752956226e+00 4.924758777962e-01 1.083584339593e-01 5.758761808748e-01
1.804589999970e+04 4.092866430927e+02 1.046444128167e+00 4.097014809000e+02 9.225433418589e-01 2.550468509033e-01 1.545828370143e+00 4.928119901941e-01 1.094895699113e-01 5.768680101922e-01
1.804600199970e+04 4.092866992702e+02 1.046442418816e+00 4.097015456983e+02 9.224260754394e-01 2.542842576112e-01 1.544981925983e+00 4.930562019264e-01 1.106217132578e-01 5.777816505993e-01
1.804610399970e+04 4.092867555345e+02 1.046432910451e+00 4.097016109598e+02 9.223142373839e-01 2.535215195706e-01 1.544210368242e+00 4.932094933309e-01 1.117539631402e-01 5.786169455366e-01
1.804620599970e+04 4.092868118536e+02 1.046439399425e+00 4.097016766682e+02 9.222078874822e-01 2.527595597067e-01 1.543510346409e+00 4.932851732290e-01 1.128854796706e-01 5.793841946874e-01
1.804630799970e+04 4.092868682005e+02 1.046439259970e+00 4.097017428105e+02 9.221071322155e-01 2.519993518402e-01 1.542878476831e+00 4.933035714091e-01 1.140154608309e-01 5.800995918216e-01
1.804640999970e+04 4.092869245550e+02 1.046434797129e+00 4.097018093782e+02 9.220121259473e-01 2.512419216118e-01 1.542311396066e+00 4.932855865196e-01 1.151430987777e-01 5.807797181123e-01
1.804651199970e+04 4.092869809031e+02 1.046422291577e+00 4.097018763676e+02 9.219230716892e-01 2.504883473364e-01 1.541805805442e+00 4.932467137259e-01 1.162675314920e-01 5.814364816309e-01
1.804661399970e+04 4.092870372342e+02 1.046421990791e+00 4.097019437764e+02 9.218402214705e-01 2.497397606435e-01 1.541358507670e+00 4.931939048810e-01 1.173878156639e-01 5.820744945689e-01
1.804671599970e+04 4.092870935384e+02 1.046424675059e+00 4.097020116013e+02 9.217638763819e-01 2.489973467841e-01 1.540966437377e+00 4.931248185225e-01 1.185029213475e-01 5.826904923353e-01
1.804681799970e+04 4.092871498037e+02 1.046400032504e+00 4.097020798349e+02 9.216943863860e-01 2.482623445093e-01 1.540626687947e+00 4.930311064046e-01 1.196117682744e-01 5.832761683209e-01
1.804691999970e+04 4.092872060141e+02 1.046394178893e+00 4.097021484644e+02 9.216321499869e-01 2.475360454451e-01 1.540336537074e+00 4.929036897171e-01 1.207132868123e-01 5.838226677264e-01
1.804702199970e+04 4.092872621506e+02 1.046406394123e+00 4.097022174720e+02 9.215776138186e-01 2.468197929102e-01 1.540093472550e+00 4.927379224366e-01 1.218064830460e-01 5.843249540635e-01
1.804712399970e+04 4.092873181934e+02 1.046391409690e+00 4.097022868378e+02 9.215312721627e-01 2.461149801351e-01 1.539895218494e+00 4.925381956385e-01 1.228905011453e-01 5.847856735471e-01
1.804722599970e+04 4.092873741255e+02 1.046357020097e+00 4.097023565431e+02 9.214936663513e-01 2.454230478578e-01 1.539739760739e+00 4.923185707169e-01 1.239646453016e-01 5.852156509829e-01
1.804732799970e+04 4.092874299365e+02 1.046378795714e+00 4.097024265744e+02 9.214653839661e-01 2.447454812832e-01 1.539625369284e+00 4.920996432814e-01 1.250283581043e-01 5.856312154663e-01
1.804742999970e+04 4.092874856240e+02 1.046373471246e+00 4.097024969253e+02 9.214470577312e-01 2.442519838221e-01 1.539550615582e+00 4.919029243388e-01 1.260811641110e-01 5.860494629661e-01
1.804753199970e+04 4.092875411936e+02 1.046340405781e+00 4.097025675962e+02 9.214393640163e-01 2.437884810457e-01 1.539514382926e+00 4.917435081085e-01 1.271225855221e-01 5.864821163966e-01
1.804763399970e+04 4.092875966546e+02 1.046347795911e+00 4.097026385909e+02 9.214430209256e-01 2.437369239407e-01 1.539515868966e+00 4.916242218546e-01 1.281520655298e-01 5.869306651123e-01
1.804773599970e+04 4.092876520149e+02 1.046333268607e+00 4.097027099111e+02 9.214587860155e-01 2.449995435463e-01 1.539554580115e+00 4.915324129733e-01 1.291689178262e-01 5.873837335094e-01
1.804783799970e+04 4.092877072744e+02 1.046434143911e+00 4.097027815506e+02 9.214874537537e-01 2.461725273151e-01 1.539630318418e+00 4.914414558769e-01 1.301723304743e-01 5.878183994933e-01
1.804793999970e+04 4.092877624194e+02 1.046762084652e+00 4.097028534896e+02 9.215298528739e-01 2.472563722753e-01 1.539743162223e+00 4.913157807477e-01 1.311614150672e-01 5.882044380126e-01
1.804804199970e+04 4.092878174203e+02 1.047061983329e+00 4.097029256930e+02 9.215868437815e-01 2.482516494460e-01 1.539893442740e+00 4.911197312599e-01 1.321353048353e-01 5.885117341033e-01
1.804814399970e+04 4.092878722323e+02 1.047335013095e+00 4.097029981110e+02 9.216593161308e-01 2.491589713769e-01 1.540081718789e+00 4.908265579409e-01 1.330932591110e-01 5.887177713692e-01
1.804824599970e+04 4.092879268003e+02 1.047670931528e+00 4.097030706845e+02 9.217481866253e-01 2.499789603356e-01 1.540308751655e+00 4.904264733359e-01 1.340347611665e-01 5.888142997435e-01
1.804834799970e+04 4.092879810669e+02 1.047978250955e+00 4.097031433530e+02 9.218543970170e-01 2.507122183185e-01 1.540575481032e+00 4.899300455691e-01 1.349595655990e-01 5.888100832649e-01
1.804844999970e+04 4.092880349809e+02 1.048285149240e+00 4.097032160634e+02 9.219789122109e-01 2.513592997414e-01 1.540883002103e+00 4.893671614185e-01 1.358676952752e-01 5.887299424476e-01
1.804855199970e+04 4.092880885052e+02 1.048589999149e+00 4.097032887782e+02 9.221227183403e-01 2.519206873027e-01 1.541232543247e+00 4.887800890624e-01 1.367593629037e-01 5.886088999660e-01
1.804865399970e+04 4.092881416220e+02 1.048895932873e+00 4.097033614801e+02 9.222868206735e-01 2.523967711512e-01 1.541625443795e+00 4.882140471552e-01 1.376348486674e-01 5.884842985519e-01
1.804875599970e+04 4.092881943331e+02 1.049177497889e+00 4.097034341727e+02 9.224722412511e-01 2.527878311673e-01 1.542063131394e+00 4.877072949367e-01 1.384943518214e-01 5.883875792207e-01
1.804885799970e+04 4.092882466562e+02 1.049513641813e+00 4.097035068767e+02 9.226800162130e-01 2.530940219205e-01 1.542547098584e+00 4.872825207964e-01 1.393378388237e-01 5.883371874765e-01
1.804895999970e+04 4.092882986171e+02 1.049820000794e+00 4.097035796214e+02 9.229111928546e-01 2.533153597115e-01 1.543078878028e+00 4.869423757832e-01 1.401649345650e-01 5.883349407359e-01
1.804906199970e+04 4.092883502388e+02 1.050096326643e+00 4.097036524342e+02 9.231668265252e-01 2.534517110585e-01 1.543660015855e+00 4.866686599803e-01 1.409748650171e-01 5.883654164119e-01
1.804916399970e+04 4.092884015311e+02 1.050418575589e+00 4.097037253297e+02 9.234479775272e-01 2.535027820220e-01 1.544292043072e+00 4.864252716955e-01 1.417664635376e-01 5.883984324164e-01
1.804926599970e+04 4.092884524813e+02 1.050752094793e+00 4.097037982997e+02 9.237557081927e-01 2.534681078664e-01 1.544976445847e+00 4.861647883479e-01 1.425382428952e-01 5.883945059711e-01
1.804936799970e+04 4.092885030485e+02 1.051055019623e+00 4.097038713074e+02 9.240910802874e-01 2.533470426915e-01 1.545714636416e+00 4.858370858031e-01 1.432885060182e-01 5.883119775900e-01
1.804946999970e+04 4.092885531623e+02 1.051327108444e+00 4.097039442858e+02 9.244551528359e-01 2.531387487929e-01 1.546507926606e+00 4.853990799175e-01 1.440154776991e-01 5.881150487917e-01
1.804957199970e+04 4.092886027266e+02 1.051662916517e+00 4.097040171409e+02 9.248489803830e-01 2.528421856054e-01 1.547357505433e+00 4.848237116544e-01 1.447174298606e-01 5.877811808082e-01
1.804967399970e+04 4.092886516265e+02 1.051992913158e+00 4.097040897582e+02 9.252736116244e-01 2.524560981177e-01 1.548264420946e+00 4.841057362671e-01 1.453927702258e-01 5.873058357060e-01
1.804977599970e+04 4.092886997385e+02 1.052291508839e+00 4.097041620123e+02 9.257300882674e-01 2.519790046199e-01 1.549229565295e+00 4.832633555291e-01 1.460400875149e-01 5.867037676261e-01
1.804987799970e+04 4.092887469412e+02 1.052592473210e+00 4.097042337773e+02 9.262194439360e-01 2.514091835719e-01 1.550253661317e+00 4.823346945787e-01 1.466581389208e-01 5.860060544688e-01
1.804997999970e+04 4.092887931242e+02 1.052921869755e+00 4.097043049354e+02 9.267427029231e-01 2.507446592753e-01 1.551337249176e+00 4.813703370982e-01 1.472457880662e-01 5.852538973260e-01
1.805008199970e+04 4.092888381957e+02 1.053227899031e+00 4.097043753838e+02 9.273008786100e-01 2.499831859409e-01 1.552480672286e+00 4.804241401284e-01 1.478019105519e-01 5.844910428960e-01
1.805018399970e+04 4.092888820854e+02 1.053537884413e+00 4.097044450373e+02 9.278949714175e-01 2.491222297016e-01 1.553684062592e+00 4.795446126036e-01 1.483252826538e-01 5.837567187910e-01
1.805028599970e+04 4.092889247440e+02 1.053854206919e+00 4.097045138276e+02 9.285259662174e-01 2.481589481644e-01 1.554947325636e+00 4.787690692736e-01 1.488144793987e-01 5.830808894370e-01
1.805038799970e+04 4.092889661395e+02 1.054141221701e+00 4.097045816995e+02 9.291948291973e-01 2.470901672568e-01 1.556270125824e+00 4.781213858273e-01 1.492677964506e-01 5.824824861130e-01
1.805048999970e+04 4.092890062512e+02 1.054475515030e+00 4.097046486045e+02 9.299025042280e-01 2.459123554143e-01 1.557651872110e+00 4.776132339298e-01 1.496832120223e-01 5.819704872713e-01
1.805059199970e+04 4.092890450624e+02 1.054786958372e+00 4.097047144936e+02 9.306499088311e-01 2.446215955823e-01 1.559091704278e+00 4.772477382103e-01 1.500583917253e-01 5.815469677039e-01
1.805069399970e+04 4.092890825539e+02 1.055065187034e+00 4.097047793110e+02 9.314379298594e-01 2.432135560432e-01 1.560588480387e+00 4.770242194919e-01 1.503907346123e-01 5.812110208016e-01
1.805079599970e+04 4.092891186986e+02 1.055401620061e+00 4.097048429888e+02 9.322674190159e-01 2.425697115693e-01 1.562140766590e+00 4.769427648874e-01 1.506774531372e-01 5.809625293337e-01
1.805089799970e+04 4.092891534581e+02 1.055731363007e+00 4.097049054445e+02 9.331391883162e-01 2.432443618494e-01 1.563746831172e+00 4.770076539962e-01 1.509156687008e-01 5.808049986770e-01
1.805099999970e+04 4.092891867831e+02 1.056027312029e+00 4.097049665814e+02 9.340540055822e-01 2.439709775497e-01 1.565404644901e+00 4.772291798892e-01 1.511025193026e-01 5.807470813831e-01
1.805110199970e+04 4.092892186146e+02 1.056319142075e+00 4.097050262915e+02 9.350125900241e-01 2.447494574048e-01 1.567111889720e+00 4.776234663748e-01 1.512352572517e-01 5.808024680811e-01
1.805120399970e+04 4.092892488894e+02 1.056667218644e+00 4.097050844610e+02 9.360156079430e-01 2.455795825778e-01 1.568865977410e+00 4.782103355303e-01 1.513113331641e-01 5.809881848245e-01
1.805130599970e+04 4.092892775449e+02 1.056980938495e+00 4.097051409775e+02 9.370636685676e-01 2.464610156372e-01 1.570664079674e+00 4.790095893575e-01 1.513284567494e-01 5.813215852635e-01
1.805140799970e+04 4.092893045264e+02 1.057271068209e+00 4.097051957376e+02 9.381573200248e-01 2.473932996898e-01 1.572503171220e+00 4.800363111181e-01 1.512846324980e-01 5.818165196169e-01
1.805150999970e+04 4.092893297929e+02 1.057609551769e+00 4.097052486544e+02 9.392970454422e-01 2.483758576559e-01 1.574380088049e+00 4.812962769689e-01 1.511781700401e-01 5.824795605770e-01
1.805161199970e+04 4.092893533218e+02 1.057918811446e+00 4.097052996643e+02 9.404832591846e-01 2.494079916721e-01 1.576291603863e+00 4.827825903280e-01 1.510076730274e-01 5.833071911140e-01
1.805171399970e+04 4.092893751128e+02 1.058231797356e+00 4.097053487315e+02 9.417163032340e-01 2.504888826012e-01 1.578234528019e+00 4.844745281405e-01 1.507720130104e-01 5.842847724817e-01
1.805181599970e+04 4.092893951880e+02 1.058551204293e+00 4.097053958500e+02 9.429964437356e-01 2.516175896167e-01 1.580205828238e+00 4.863390784173e-01 1.504702964398e-01 5.853877091944e-01
1.805191799970e+04 4.092894135908e+02 1.058845695855e+00 4.097054410438e+02 9.443238677443e-01 2.528999047337e-01 1.582202780182e+00 4.883350990134e-01 1.501018319330e-01 5.865847891635e-01
1.805201999970e+04 4.092894303818e+02 1.059183491864e+00 4.097054843634e+02 9.456986802123e-01 2.543232255935e-01 1.584223144005e+00 4.904193806556e-01 1.496661042647e-01 5.878431452416e-01
1.805212199970e+04 4.092894456330e+02 1.059485406658e+00 4.097055258807e+02 9.471209012734e-01 2.557868270514e-01 1.586265365444e+00 4.925532347298e-01 1.491627660615e-01 5.891337214170e-01
1.805222399970e+04 4.092894594205e+02 1.059786117025e+00 4.097055656825e+02 9.485904638788e-01 2.572887534408e-01 1.588328796148e+00 4.947085079375e-01 1.485916462283e-01 5.904363369100e-01
1.805232599970e+04 4.092894718165e+02 1.060132945226e+00 4.097056038622e+02 9.501072118426e-01 2.588269394494e-01 1.590413925296e+00 4.968716284617e-01 1.479527819973e-01 5.917431674296e-01
1.805242799970e+04 4.092894828822e+02 1.060443369733e+00 4.097056405117e+02 9.516708983533e-01 2.603992091813e-01 1.592522612166e+00 4.990453237684e-01 1.472464697689e-01 5.930603089187e-01
1.805252999970e+04 4.092894926614e+02 1.060727109108e+00 4.097056757147e+02 9.532811849970e-01 2.620032752579e-01 1.594658307571e+00 5.012476210235e-01 1.464733355755e-01 5.944070593004e-01
1.805263199970e+04 4.092895011755e+02 1.061082728160e+00 4.097057095401e+02 9.549376413237e-01 2.636367381133e-01 1.596826251062e+00 5.035085897936e-01 1.456344166698e-01 5.958132689066e-01
1.805273399970e+04 4.092895084227e+02 1.061401454063e+00 4.097057420394e+02 9.566397449685e-01 2.652970856094e-01 1.599033630618e+00 5.058654966667e-01 1.447312441990e-01 5.973152982747e-01
1.805283599970e+04 4.092895143784e+02 1.061702256833e+00 4.097057732450e+02 9.583868823132e-01 2.669816930079e-01 1.601289692554e+00 5.083569015824e-01 1.437659187911e-01 5.989510142253e-01
1.805293799970e+04 4.092895189993e+02 1.062039127158e+00 4.097058031727e+02 9.601783496450e-01 2.686878231754e-01 1.603605791446e+00 5.110164626065e-01 1.427411638423e-01 6.007544630044e-01
1.805303999970e+04 4.092895222308e+02 1.062356331235e+00 4.097058318259e+02 9.620133547431e-01 2.704126266588e-01 1.605995373176e+00 5.138668175463e-01 1.416603452154e-01 6.027505288283e-01
1.805314199970e+04 4.092895240148e+02 1.062675992024e+00 4.097058592015e+02 9.638910187974e-01 2.721531409686e-01 1.608473888221e+00 5.169142159356e-01 1.405274457162e-01 6.049501517049e-01
1.805324399970e+04 4.092895242999e+02 1.062984903519e+00 4.097058852980e+02 9.658103785498e-01 2.739062880654e-01 1.611058636681e+00 5.201443563467e-01 1.393469878775e-01 6.073465042235e-01
1.805334599970e+04 4.092895230503e+02 1.063313303631e+00 4.097059101222e+02 9.677703885393e-01 2.756688687175e-01 1.613768550486e+00 5.235202775501e-01 1.381239029443e-01 6.099128784332e-01
1.805344799970e+04 4.092895202545e+02 1.063633897471e+00 4.097059336960e+02 9.697699233413e-01 2.774375521465e-01 1.616623921118e+00 5.269831619289e-01 1.368633467667e-01 6.126030639616e-01
1.805354999970e+04 4.092895159305e+02 1.063921339381e+00 4.097059560604e+02 9.718077797043e-01 2.792088592978e-01 1.619646082611e+00 5.304568325554e-01 1.355704698489e-01 6.153549510849e-01
1.805365199970e+04 4.092895101287e+02 1.064279780554e+00 4.097059772774e+02 9.738826785197e-01 2.809791382504e-01 1.622857059404e+00 5.338551340954e-01 1.342501623494e-01 6.180967263001e-01
1.805375399970e+04 4.092895029310e+02 1.064599830101e+00 4.097059974282e+02 9.759932665896e-01 2.827445308243e-01 1.626279187292e+00 5.370928350006e-01 1.329067751005e-01 6.207562535092e-01
1.805385599970e+04 4.092894944466e+02 1.064890239962e+00 4.097060166088e+02 9.781381181970e-01 2.845009304137e-01 1.629934713877e+00 5.400962908887e-01 1.315438580220e-01 6.232704043009e-01
1.805395799970e+04 4.092894848046e+02 1.065248253512e+00 4.097060349233e+02 9.803157365123e-01 2.862439325301e-01 1.633845383676e+00 5.428140501490e-01 1.301639125090e-01 6.255944508602e-01
1.805405999970e+04 4.092894741447e+02 1.065567450958e+00 4.097060524744e+02 9.825245548998e-01 2.879687814530e-01 1.638032013113e+00 5.452237385811e-01 1.287681924671e-01 6.277082847179e-01
1.805416199970e+04 4.092894626070e+02 1.065885949146e+00 4.097060693545e+02 9.847629381937e-01 2.896703186754e-01 1.642514062731e+00 5.473348672667e-01 1.273565604518e-01 6.296190759551e-01
1.805426399970e+04 4.092894503210e+02 1.066216631947e+00 4.097060856360e+02 9.870291840207e-01 2.913429413238e-01 1.647309217840e+00 5.491865011476e-01 1.259274145438e-01 6.313594001348e-01
1.805436599970e+04 4.092894373976e+02 1.066539182916e+00 4.097061013641e+02 9.893215242230e-01 2.929805811600e-01 1.652432993871e+00 5.508409052463e-01 1.244776887129e-01 6.329817882819e-01
1.805446799970e+04 4.092894239210e+02 1.066863113727e+00 4.097061165512e+02 9.916381264174e-01 2.945767168050e-01 1.657898387389e+00 5.523742188806e-01 1.230029304508e-01 6.345506324539e-01
1.805456999970e+04 4.092894099458e+02 1.067170992591e+00 4.097061311747e+02 9.939770956854e-01 2.961244330442e-01 1.663715596461e+00 5.538661496444e-01 1.214974495656e-01 6.361332145376e-01
1.805467199970e+04 4.092893954957e+02 1.067510195130e+00 4.097061451784e+02 9.963364763594e-01 2.976165410883e-01 1.669891833192e+00 5.553902200284e-01 1.199545318715e-01 6.377912244126e-01
1.805477399970e+04 4.092893805666e+02 1.067809453096e+00 4.097061584763e+02 9.987142538351e-01 2.990457720715e-01 1.676431245906e+00 5.570062213207e-01 1.188562877711e-01 6.395742243754e-01
1.805487599970e+04 4.092893651313e+02 1.068148318300e+00 4.097061709596e+02 1.001108356323e+00 3.004050526003e-01 1.683334958664e+00 5.587550205493e-01 1.186676336103e-01 6.415151856980e-01
1.805497799970e+04 4.092893491478e+02 1.068477470217e+00 4.097061825061e+02 1.003516656441e+00 3.016878657055e-01 1.690601222916e+00 5.606561502963e-01 1.183894155304e-01 6.436284591694e-01
1.805507999970e+04 4.092893325680e+02 1.068766099622e+00 4.097061929897e+02 1.005936972574e+00 3.028886931932e-01 1.698225662399e+00 5.627076829099e-01 1.180128911494e-01 6.459097306381e-01
1.805518199970e+04 4.092893153473e+02 1.069115178654e+00 4.097062022914e+02 1.008367069934e+00 3.040035265176e-01 1.706201580690e+00 5.648880395906e-01 1.175300148905e-01 6.483376464749e-01
1.805528399970e+04 4.092892974532e+02 1.069433499128e+00 4.097062103079e+02 1.010804661333e+00 3.050304235542e-01 1.714520293818e+00 5.671592961742e-01 1.169335798462e-01 6.508767238526e-01
1.805538599970e+04 4.092892788733e+02 1.069743148843e+00 4.097062169602e+02 1.013247407703e+00 3.059700789257e-01 1.723171449707e+00 5.694714758459e-01 1.162172911231e-01 6.534811046936e-01
1.805548799970e+04 4.092892596206e+02 1.070065614534e+00 4.097062221990e+02 1.015692918449e+00 3.068263669097e-01 1.732143302272e+00 5.717682798411e-01 1.153757633677e-01 6.560995528224e-01
1.805558999970e+04 4.092892397364e+02 1.070377732256e+00 4.097062260079e+02 1.018138751795e+00 3.076068095761e-01 1.741422919467e+00 5.739930168232e-01 1.154475537949e-01 6.586806203871e-01
1.805569199970e+04 4.092892192913e+02 1.070689226132e+00 4.097062284041e+02 1.020582415255e+00 3.083229197574e-01 1.750996318966e+00 5.760952360916e-01 1.168265504198e-01 6.611784256250e-01
1.805579399970e+04 4.092891983830e+02 1.070990344651e+00 4.097062294364e+02 1.023021366401e+00 3.089903695981e-01 1.760848539353e+00 5.780365354900e-01 1.181662045958e-01 6.635577059101e-01
1.805589599970e+04 4.092891771323e+02 1.071305707149e+00 4.097062291815e+02 1.025453014034e+00 3.096289413008e-01 1.770963665699e+00 5.797954657228e-01 1.195455139161e-01 6.657980704535e-01
1.805599799970e+04 4.092891556782e+02 1.071578370557e+00 4.097062277389e+02 1.027874719874e+00 3.102622273332e-01 1.781324834283e+00 5.813701777535e-01 1.208763971360e-01 6.678962665891e-01
1.805609999970e+04 4.092891341708e+02 1.071908135973e+00 4.097062252242e+02 1.030283800784e+00 3.109170623667e-01 1.791914241185e+00 5.827793309379e-01 1.222368885167e-01 6.698669091173e-01
1.805620199970e+04 4.092891127655e+02 1.072201155031e+00 4.097062217630e+02 1.032677531524e+00 3.116226876551e-01 1.802713174177e+00 5.840601730712e-01 1.235692224792e-01 6.717407316429e-01
1.805630399970e+04 4.092890916161e+02 1.072474156605e+00 4.097062174849e+02 1.035053148006e+00 3.154996086582e-01 1.813702078556e+00 5.852649229467e-01 1.248514637755e-01 6.735613601025e-01
1.805640599970e+04 4.092890708701e+02 1.072787263380e+00 4.097062125185e+02 1.037407850974e+00 3.197171389778e-01 1.824860657404e+00 5.864555068443e-01 1.260999290953e-01 6.753806727827e-01
1.805650799970e+04 4.092890506641e+02 1.073056215405e+00 4.097062069875e+02 1.039738810075e+00 3.239877953203e-01 1.836167997548e+00 5.876981527453e-01 1.273724722398e-01 6.772540715150e-01
1.805660999970e+04 4.092890311215e+02 1.073346056437e+00 4.097062010081e+02 1.042043168276e+00 3.282722147286e-01 1.847602705859e+00 5.890577925224e-01 1.285966201765e-01 6.792356298423e-01
1.805671199970e+04 4.092890123507e+02 1.073617612443e+00 4.097061946885e+02 1.044318046616e+00 3.325326044613e-01 1.859143037518e+00 5.905938031378e-01 1.297694264969e-01 6.813744465314e-01
1.805681399970e+04 4.092889944456e+02 1.073884886996e+00 4.097061881296e+02 1.046560549342e+00 3.367343696076e-01 1.870766998693e+00 5.923570092166e-01 1.309396695291e-01 6.837121256766e-01
1.805691599970e+04 4.092889774872e+02 1.074133786836e+00 4.097061814258e+02 1.048767769447e+00 3.408474988917e-01 1.882452410201e+00 5.943883982360e-01 1.320787745258e-01 6.862817589745e-01
1.805701799970e+04 4.092889615457e+02 1.074401165083e+00 4.097061746686e+02 1.050936794698e+00 3.448476061851e-01 1.894176925432e+00 5.967195206594e-01 1.331659936489e-01 6.891083700039e-01
1.805711999970e+04 4.092889466840e+02 1.074636827808e+00 4.097061679489e+02 1.053064714196e+00 3.487165559116e-01 1.905918003741e+00 5.993742742020e-01 1.342338448353e-01 6.922105481007e-01
1.805722199970e+04 4.092889329614e+02 1.074876586508e+00 4.097061613604e+02 1.055148625537e+00 3.524426409220e-01 1.917652848615e+00 6.023715725370e-01 1.352628001530e-01 6.956028337403e-01
1.805732399970e+04 4.092889204366e+02 1.075121800073e+00 4.097061550026e+02 1.057185642587e+00 3.560203263113e-01 1.929358326899e+00 6.057283413459e-01 1.362523430296e-01 6.992983736647e-01
1.805742599970e+04 4.092889091712e+02 1.075319452453e+00 4.097061489829e+02 1.059172903890e+00 3.594496155800e-01 1.941010890189e+00 6.094620972390e-01 1.372109695039e-01 7.033112052587e-01
1.805752799970e+04 4.092888992311e+02 1.075556253139e+00 4.097061434176e+02 1.061107581671e+00 3.627351301294e-01 1.952586521509e+00 6.135923729335e-01 1.381565396780e-01 7.076575363063e-01
1.805762999970e+04 4.092888906865e+02 1.075762276171e+00 4.097061384314e+02 1.062986891386e+00 3.658850143124e-01 1.964060729021e+00 6.181402282122e-01 1.390446827215e-01 7.123553609992e-01
1.805773199970e+04 4.092888836101e+02 1.075958040362e+00 4.097061341545e+02 1.064808101720e+00 3.689097836277e-01 1.975408604044e+00 6.231253133689e-01 1.398739765590e-01 7.174219412869e-01
1.805783399970e+04 4.092888780727e+02 1.076147616474e+00 4.097061307171e+02 1.066568544927e+00 3.718212235434e-01 1.986604953460e+00 6.285601646735e-01 1.407019305526e-01 7.228688555275e-01
1.805793599970e+04 4.092888741366e+02 1.076325385511e+00 4.097061282420e+02 1.068265627335e+00 3.746314239740e-01 1.997624507837e+00 6.344420180614e-01 1.415059537921e-01 7.286948314417e-01
1.805803799970e+04 4.092888718473e+02 1.076489968951e+00 4.097061268346e+02 1.069896839832e+00 3.773520045877e-01 2.008442197437e+00 6.407431131310e-01 1.422497656925e-01 7.348771716205e-01
1.805813999970e+04 4.092888712241e+02 1.076649325161e+00 4.097061265719e+02 1.071459768121e+00 3.800550743014e-01 2.019033480212e+00 6.474012847697e-01 1.429326425474e-01 7.413633082521e-01
1.805824199970e+04 4.092888722497e+02 1.076789941876e+00 4.097061274906e+02 1.072952102475e+00 3.827962177331e-01 2.029374699998e+00 6.543132285675e-01 1.436165614433e-01 7.480645695954e-01
1.805834399970e+04 4.092888748624e+02 1.076913842834e+00 4.097061295775e+02 1.074371646764e+00 3.854909504166e-01 2.039443450114e+00 6.613325356281e-01 1.442803318062e-01 7.548540384254e-01
1.805844599970e+04 4.092888789496e+02 1.077052592027e+00 4.097061327614e+02 1.075716326514e+00 3.881416516081e-01 2.049218917805e+00 6.682749152820e-01 1.448846598716e-01 7.615707194538e-01
1.805854799970e+04 4.092888843449e+02 1.077139494994e+00 4.097061369097e+02 1.076984195819e+00 3.907495483867e-01 2.058682187867e+00 6.749302155815e-01 1.454504600143e-01 7.680298058637e-01
1.805864999970e+04 4.092888908296e+02 1.077252918226e+00 4.097061418287e+02 1.078173442970e+00 3.933149173560e-01 2.067816488769e+00 6.810801756959e-01 1.460199770337e-01 7.740382172793e-01
1.805875199970e+04 4.092888981377e+02 1.077336885671e+00 4.097061472688e+02 1.079282394794e+00 3.958372709032e-01 2.076607370460e+00 6.865190015325e-01 1.465387549028e-01 7.794128935107e-01
1.805885399970e+04 4.092889059649e+02 1.077405520812e+00 4.097061529331e+02 1.080309519703e+00 3.983155212725e-01 2.085042809009e+00 6.910728269206e-01 1.470317440480e-01 7.839983264762e-01
1.805895599970e+04 4.092889139798e+02 1.077462671298e+00 4.097061584886e+02 1.081253429589e+00 4.007662688111e-01 2.093113238457e+00 6.946147850989e-01 1.475013631738e-01 7.876803175654e-01
1.805905799970e+04 4.092889218363e+02 1.077507239202e+00 4.097061635789e+02 1.082112880692e+00 4.032562980188e-01 2.100811514406e+00 6.970735170310e-01 1.479180733436e-01 7.903938950955e-01
1.805915999970e+04 4.092889291855e+02 1.077528744123e+00 4.097061678358e+02 1.082886773580e+00 4.056928665480e-01 2.108132816902e+00 6.984344159294e-01 1.483542800751e-01 7.921246585436e-01
1.805926199970e+04 4.092889356874e+02 1.077551055596e+00 4.097061708914e+02 1.083574152385e+00 4.080734558075e-01 2.115074502163e+00 6.987355421978e-01 1.487278243657e-01 7.929052082053e-01
1.805936399970e+04 4.092889410193e+02 1.077538382053e+00 4.097061723867e+02 1.084174203361e+00 4.103955262111e-01 2.121635913899e+00 6.980587884648e-01 1.490722354263e-01 7.928071929765e-01
1.805946599970e+04 4.092889448838e+02 1.077527997537e+00 4.097061719803e+02 1.084686252831e+00 4.126578288373e-01 2.127818165461e+00 6.965198699092e-01 1.494210550668e-01 7.919321950567e-01
1.805956799970e+04 4.092889470136e+02 1.077502890897e+00 4.097061693548e+02 1.085109764530e+00 4.149354121163e-01 2.133623903970e+00 6.942576320851e-01 1.497024047155e-01 7.904019664327e-01
1.805966999970e+04 4.092889471762e+02 1.077436278296e+00 4.097061642221e+02 1.085444336370e+00 4.171449766924e-01 2.139057066831e+00 6.914239262370e-01 1.499662583941e-01 7.883491938560e-01
1.805977199970e+04 4.092889451758e+02 1.077398360033e+00 4.097061563283e+02 1.085689696638e+00 4.192840355926e-01 2.144122639769e+00 6.881742683153e-01 1.502251764111e-01 7.859090405363e-01
1.805987399970e+04 4.092889408554e+02 1.077304191977e+00 4.097061454572e+02 1.085845699691e+00 4.213501538792e-01 2.148826423836e+00 6.846591864011e-01 1.504109529651e-01 7.832114189070e-01
1.805997599970e+04 4.092889340970e+02 1.077227927246e+00 4.097061314324e+02 1.085912321219e+00 4.233409475258e-01 2.153174816882e+00 6.810162594019e-01 1.505739015198e-01 7.803740143212e-01
1.806007799970e+04 4.092889248211e+02 1.077117929001e+00 4.097061141178e+02 1.085889653197e+00 4.252540802198e-01 2.157174613174e+00 6.773637919032e-01 1.507013539307e-01 7.774968792950e-01
1.806017999970e+04 4.092889129836e+02 1.076991217354e+00 4.097060934169e+02 1.085777898644e+00 4.270872590372e-01 2.160832823295e+00 6.737961427346e-01 1.507805696719e-01 7.746585817503e-01
1.806028199970e+04 4.092888985726e+02 1.076847812331e+00 4.097060692695e+02 1.085577366344e+00 4.288382300451e-01 2.164156515366e+00 6.703816279321e-01 1.508295103685e-01 7.719146626076e-01
1.806038399970e+04 4.092888816026e+02 1.076687654697e+00 4.097060416473e+02 1.085288465668e+00 4.305047748848e-01 2.167152678049e+00 6.671633991671e-01 1.508190728721e-01 7.692986943186e-01
1.806048599970e+04 4.092888621086e+02 1.076509633832e+00 4.097060105490e+02 1.084911701631e+00 4.320847092380e-01 2.169828105458e+00 6.641626708157e-01 1.507996053701e-01 7.668253448072e-01
1.806058799970e+04 4.092888401392e+02 1.076328262643e+00 4.097059759933e+02 1.084447670320e+00 4.335758838051e-01 2.172189304020e+00 6.613837755533e-01 1.506994218361e-01 7.644949634257e-01
1.806068999970e+04 4.092888157501e+02 1.076102187507e+00 4.097059380141e+02 1.083897054810e+00 4.349761880628e-01 2.174242421118e+00 6.588201576035e-01 1.505911056620e-01 7.622989042647e-01
1.806079199970e+04 4.092887889984e+02 1.075899462984e+00 4.097058966548e+02 1.083260621686e+00 4.363201541017e-01 2.175993195067e+00 6.564600357495e-01 1.504440534008e-01 7.602244949280e-01
1.806089399970e+04 4.092887599380e+02 1.075647058506e+00 4.097058519643e+02 1.082539218246e+00 4.376210595904e-01 2.177446925459e+00 6.542912145180e-01 1.502168531369e-01 7.582592166414e-01
1.806099599970e+04 4.092887286170e+02 1.075401080169e+00 4.097058039936e+02 1.081733770475e+00 4.388181680479e-01 2.178608462357e+00 6.523044263905e-01 1.499822003169e-01 7.563935819258e-01
1.806109799970e+04 4.092886950761e+02 1.075126235468e+00 4.097057527947e+02 1.080845281823e+00 4.399094321082e-01 2.179482212241e+00 6.504950173010e-01 1.497123289944e-01 7.546225657279e-01
1.806119999970e+04 4.092886593487e+02 1.074830171323e+00 4.097056984192e+02 1.079874832818e+00 4.408929240021e-01 2.180072158214e+00 6.488631383182e-01 1.493647007702e-01 7.529457434737e-01
1.806130199970e+04 4.092886214627e+02 1.074533387397e+00 4.097056409194e+02 1.078823581467e+00 4.417668561868e-01 2.180381891787e+00 6.474125734775e-01 1.490190578314e-01 7.513662553621e-01
1.806140399970e+04 4.092885814426e+02 1.074189305396e+00 4.097055803491e+02 1.077692764405e+00 4.425296027683e-01 2.180414653615e+00 6.461485999763e-01 1.486033162570e-01 7.498889404391e-01
1.806150599970e+04 4.092885393132e+02 1.073873439453e+00 4.097055167659e+02 1.076483698688e+00 4.431797216714e-01 2.180173380799e+00 6.450752094027e-01 1.481620597992e-01 7.485179212022e-01
1.806160799970e+04 4.092884951023e+02 1.073501900434e+00 4.097054502334e+02 1.075197784079e+00 4.437159774106e-01 2.179660758798e+00 6.441922011858e-01 1.476792179823e-01 7.472540737040e-01
1.806170999970e+04 4.092884488447e+02 1.073149961062e+00 4.097053808234e+02 1.073836505682e+00 4.441373641502e-01 2.178879276341e+00 6.434924881987e-01 1.471435449120e-01 7.460926695117e-01
1.806181199970e+04 4.092884005849e+02 1.072753183783e+00 4.097053086182e+02 1.072401436729e+00 4.444431285640e-01 2.177831282160e+00 6.429599785776e-01 1.465885195830e-01 7.450214978941e-01
1.806191399970e+04 4.092883503793e+02 1.072365140319e+00 4.097052337120e+02 1.070894241313e+00 4.446327918323e-01 2.176519042599e+00 6.425685525629e-01 1.459594717988e-01 7.440199138328e-01
1.806201599970e+04 4.092882982981e+02 1.071949713090e+00 4.097051562121e+02 1.069316676872e+00 4.447061700074e-01 2.174944799315e+00 6.422820519041e-01 1.453170640899e-01 7.430587442594e-01
1.806211799970e+04 4.092882444259e+02 1.071510329855e+00 4.097050762390e+02 1.067670596224e+00 4.446633919207e-01 2.173110826334e+00 6.420555088259e-01 1.446502100439e-01 7.421012570426e-01
1.806221999970e+04 4.092881888612e+02 1.071076192785e+00 4.097049939258e+02 1.065957948949e+00 4.446901266911e-01 2.171019485628e+00 6.418375795389e-01 1.439113596458e-01 7.411051754431e-01
1.806232199970e+04 4.092881317155e+02 1.070611535087e+00 4.097049094167e+02 1.064180781974e+00 4.448247732092e-01 2.168673280313e+00 6.415735221279e-01 1.431133566376e-01 7.400251806880e-01
1.806242399970e+04 4.092880731112e+02 1.070146655665e+00 4.097048228648e+02 1.062341239189e+00 4.448447038915e-01 2.166074904398e+00 6.412087289219e-01 1.423350324261e-01 7.388159217043e-01
1.806252599970e+04 4.092880131788e+02 1.069659353339e+00 4.097047344295e+02 1.060441559998e+00 4.447498211155e-01 2.163227287973e+00 6.406923828511e-01 1.414869660558e-01 7.374351655110e-01
1.806262799970e+04 4.092879520542e+02 1.069164876273e+00 4.097046442734e+02 1.058484076726e+00 4.445405252788e-01 2.160133636680e+00 6.399806795656e-01 1.405769688858e-01 7.358466038139e-01
1.806272999970e+04 4.092878898750e+02 1.068661080970e+00 4.097045525585e+02 1.056471210822e+00 4.442177118395e-01 2.156797464446e+00 6.390391424947e-01 1.396603462107e-01 7.340218981335e-01
1.806283199970e+04 4.092878267772e+02 1.068138696134e+00 4.097044594438e+02 1.054405467885e+00 4.437827590969e-01 2.153222618648e+00 6.378444757930e-01 1.386896663219e-01 7.319423402365e-01
1.806293399970e+04 4.092877628923e+02 1.067600371263e+00 4.097043650810e+02 1.052289431526e+00 4.432375073449e-01 2.149413297197e+00 6.363850584030e-01 1.376656270038e-01 7.295993371359e-01
1.806303599970e+04 4.092876983441e+02 1.067065181494e+00 4.097042696127e+02 1.050125756157e+00 4.426388605246e-01 2.145374057410e+00 6.346610164333e-01 1.366205261732e-01 7.269945264638e-01
1.806313799970e+04 4.092876332466e+02 1.066512560080e+00 4.097041731697e+02 1.047917158818e+00 4.419442421504e-01 2.141109816932e+00 6.326828911784e-01 1.355346264827e-01 7.241386587962e-01
1.806323999970e+04 4.092875677020e+02 1.065946506153e+00 4.097040758695e+02 1.045666410183e+00 4.411489229954e-01 2.136625847260e+00 6.304702512096e-01 1.343885317096e-01 7.210504184871e-01
1.806334199970e+04 4.092875017995e+02 1.065384831662e+00 4.097039778152e+02 1.043376324917e+00 4.402556921852e-01 2.131927760585e+00 6.280499398155e-01 1.332187055311e-01 7.177549141823e-01
1.806344399970e+04 4.092874356149e+02 1.064804880158e+00 4.097038790955e+02 1.041049751571e+00 4.392676628341e-01 2.127021490655e+00 6.254536249797e-01 1.320401014268e-01 7.142815482623e-01
1.806354599970e+04 4.092873692107e+02 1.064222542039e+00 4.097037797848e+02 1.038689562227e+00 4.381882301301e-01 2.121913268125e+00 6.227157125314e-01 1.308067174167e-01 7.106621942498e-01
1.806364799970e+04 4.092873026365e+02 1.063626124459e+00 4.097036799443e+02 1.036298642087e+00 4.370210267605e-01 2.116609590607e+00 6.198713815302e-01 1.295202788115e-01 7.069294747675e-01
1.806374999970e+04 4.092872359303e+02 1.063031314842e+00 4.097035796235e+02 1.033879879227e+00 4.357698767812e-01 2.111117187359e+00 6.169543802935e-01 1.282379394102e-01 7.031148246165e-01
1.806385199970e+04 4.092871691200e+02 1.062428138511e+00 4.097034788621e+02 1.031436154710e+00 4.344387489556e-01 2.105442978519e+00 6.139955240783e-01 1.269211439217e-01 6.992471646214e-01
1.806395399970e+04 4.092871022257e+02 1.061810489389e+00 4.097033776924e+02 1.028970333263e+00 4.330317104893e-01 2.099594029007e+00 6.110211428799e-01 1.255793980098e-01 6.953515283441e-01
1.806405599970e+04 4.092870352614e+02 1.061210023415e+00 4.097032761416e+02 1.026485254663e+00 4.315528819716e-01 2.093577497736e+00 6.080514592045e-01 1.241910523812e-01 6.914476225811e-01
1.806415799970e+04 4.092869682378e+02 1.060598931984e+00 4.097031742344e+02 1.023983726001e+00 4.300063942187e-01 2.087400583493e+00 6.051001870888e-01 1.227576803942e-01 6.875494561666e-01
1.806425999970e+04 4.092869011646e+02 1.059984293284e+00 4.097030719960e+02 1.021468514938e+00 4.283963475966e-01 2.081070469553e+00 6.021730790903e-01 1.213153610118e-01 6.836640392281e-01
1.806436199970e+04 4.092868340530e+02 1.059368153045e+00 4.097029694543e+02 1.018942344019e+00 4.267267742920e-01 2.074594269632e+00 5.992676475875e-01 1.198748670332e-01 6.797911093253e-01
1.806446399970e+04 4.092867669182e+02 1.058750262040e+00 4.097028666423e+02 1.016407886111e+00 4.250016039009e-01 2.067978977851e+00 5.963732481644e-01 1.183929997875e-01 6.759231734777e-01
1.806456599970e+04 4.092866997812e+02 1.058130650235e+00 4.097027636006e+02 1.013867760951e+00 4.232246326142e-01 2.061231425036e+00 5.934711136006e-01 1.168711096518e-01 6.720455054336e-01
1.806466799970e+04 4.092866326706e+02 1.057518539167e+00 4.097026603787e+02 1.011324532793e+00 4.213994961964e-01 2.054358242796e+00 5.905357272110e-01 1.153206611835e-01 6.681373270540e-01
1.806476999970e+04 4.092865656241e+02 1.056912826216e+00 4.097025570364e+02 1.008780709066e+00 4.195296468858e-01 2.047365835812e+00 5.875366235380e-01 1.137479559354e-01 6.641733765832e-01
1.806487199970e+04 4.092864986885e+02 1.056304027025e+00 4.097024536443e+02 1.006238739971e+00 4.176183342762e-01 2.040260361790e+00 5.844403968551e-01 1.121734932595e-01 6.601256739929e-01
1.806497399970e+04 4.092864319201e+02 1.055699304461e+00 4.097023502833e+02 1.003701018895e+00 4.156685901832e-01 2.033047718069e+00 5.812137608875e-01 1.105670100225e-01 6.559662331601e-01
1.806507599970e+04 4.092863653832e+02 1.055101666760e+00 4.097022470438e+02 1.001169883514e+00 4.136832174448e-01 2.025733533889e+00 5.778261363009e-01 1.089380392718e-01 6.516693748278e-01
1.806517799970e+04 4.092862991493e+02 1.054517688741e+00 4.097021440243e+02 9.986476174533e-01 4.116647825571e-01 2.018323167971e+00 5.742519879132e-01 1.073084267370e-01 6.472138325199e-01
1.806527999970e+04 4.092862332950e+02 1.053941103893e+00 4.097020413296e+02 9.961364523572e-01 4.096156120025e-01 2.010821711866e+00 5.704722993814e-01 1.056480428457e-01 6.425841028251e-01
1.806538199970e+04 4.092861679002e+02 1.053371739134e+00 4.097019390688e+02 9.936385702247e-01 4.075377920929e-01 2.003234000192e+00 5.664749144271e-01 1.039583435094e-01 6.377707916510e-01
1.806548399970e+04 4.092861030464e+02 1.052813504035e+00 4.097018373532e+02 9.911561058500e-01 4.054331721180e-01 1.995564629002e+00 5.622545131742e-01 1.022453114335e-01 6.327706322829e-01
1.806558599970e+04 4.092860388153e+02 1.052268911529e+00 4.097017362957e+02 9.886911492149e-01 4.033033705695e-01 1.987817983002e+00 5.578114067755e-01 1.005130540214e-01 6.275854462313e-01
1.806568799970e+04 4.092859752876e+02 1.051737611761e+00 4.097016360084e+02 9.862457476715e-01 4.011497841934e-01 1.979998271304e+00 5.531508424148e-01 9.880984748989e-02 6.222215484546e-01
1.806578999970e+04 4.092859125420e+02 1.051216443421e+00 4.097015366027e+02 9.838219077631e-01 3.989735996174e-01 1.972109570281e+00 5.482823404298e-01 9.708285531412e-02 6.166891734179e-01
1.806589199970e+04 4.092858506545e+02 1.050711790069e+00 4.097014381880e+02 9.814215965434e-01 3.967758072914e-01 1.964155871236e+00 5.432192959416e-01 9.533354411553e-02 6.110021293034e-01
1.806599399970e+04 4.092857896980e+02 1.050224643616e+00 4.097013408710e+02 9.790467422741e-01 3.945572174827e-01 1.956141130404e+00 5.379792286746e-01 9.356338824111e-02 6.051780220231e-01
1.806609599970e+04 4.092857297408e+02 1.049752585349e+00 4.097012447550e+02 9.766992344074e-01 3.923184780597e-01 1.948069319115e+00 5.325830782306e-01 9.177386473197e-02 5.992376239609e-01
1.806619799970e+04 4.092856708467e+02 1.049297757229e+00 4.097011499395e+02 9.743809227875e-01 3.900600938003e-01 1.939944472616e+00 5.270547389153e-01 8.999092497806e-02 5.932044493266e-01
1.806629999970e+04 4.092856130745e+02 1.048861637003e+00 4.097010565196e+02 9.720936160307e-01 3.877824469543e-01 1.931770736625e+00 5.214194446644e-01 8.822590843125e-02 5.871033023724e-01
1.806640199970e+04 4.092855564778e+02 1.048443894296e+00 4.097009645861e+02 9.698390790647e-01 3.854858187793e-01 1.923552410822e+00 5.157014007413e-01 8.644534311673e-02 5.809581546936e-01
1.806650399970e+04 4.092855011059e+02 1.048044835249e+00 4.097008742265e+02 9.676190298257e-01 3.832807463234e-01 1.915293988264e+00 5.099216828266e-01 8.465052608270e-02 5.747902623316e-01
1.806660599970e+04 4.092854470052e+02 1.047663518618e+00 4.097007855260e+02 9.654351351298e-01 3.811230164964e-01 1.907000189193e+00 5.040964659864e-01 8.284269663077e-02 5.686165805763e-01
1.806670799970e+04 4.092853942202e+02 1.047301959808e+00 4.097006985693e+02 9.632890057474e-01 3.789578701712e-01 1.898675987397e+00 4.982352715917e-01 8.104199657726e-02 5.624482017908e-01
1.806680999970e+04 4.092853427958e+02 1.046964163635e+00 4.097006134419e+02 9.611821907343e-01 3.767857015912e-01 1.890326627411e+00 4.923416171938e-01 7.925534128622e-02 5.562909300185e-01
1.806691199970e+04 4.092852927790e+02 1.046641681065e+00 4.097005302329e+02 9.591161710948e-01 3.746068315239e-01 1.881957631428e+00 4.864131879656e-01 7.745831590331e-02 5.501454336495e-01
1.806701399970e+04 4.092852442205e+02 1.046339074968e+00 4.097004490356e+02 9.570923528764e-01 3.724215232072e-01 1.873574795702e+00 4.804432882667e-01 7.565608425519e-02 5.440085323245e-01
1.806711599970e+04 4.092851971758e+02 1.046056509376e+00 4.097003699495e+02 9.551120598255e-01 3.702299980736e-01 1.865184177127e+00 4.744223938630e-01 7.386098731783e-02 5.378745690067e-01
1.806721799970e+04 4.092851517068e+02 1.045794142545e+00 4.097002930814e+02 9.531765257480e-01 3.680324510149e-01 1.856792071255e+00 4.683395084579e-01 7.205783410384e-02 5.317366036726e-01
1.806731999970e+04 4.092851078825e+02 1.045548421901e+00 4.097002185458e+02 9.512868867416e-01 3.658290649369e-01 1.848404983378e+00 4.621843367462e-01 7.024743551187e-02 5.255883182458e-01
1.806742199970e+04 4.092850657793e+02 1.045319572377e+00 4.097001464657e+02 9.494441734730e-01 3.636200243306e-01 1.840029594394e+00 4.559492088722e-01 6.844090165673e-02 5.194256863957e-01
1.806752399970e+04 4.092850254814e+02 1.045107801165e+00 4.097000769728e+02 9.476493036822e-01 3.614055275773e-01 1.831672723386e+00 4.496312137130e-01 6.663919276378e-02 5.132488057118e-01
1.806762599970e+04 4.092849870808e+02 1.044916275738e+00 4.097000102065e+02 9.459030751022e-01 3.591857977001e-01 1.823341289153e+00 4.432353383050e-01 6.483439091021e-02 5.070645798022e-01
1.806772799970e+04 4.092849506761e+02 1.044739806903e+00 4.096999463135e+02 9.442061589830e-01 3.569610912858e-01 1.815042273365e+00 4.367768164184e-01 6.304670496892e-02 5.008886600632e-01
1.806782999970e+04 4.092849163716e+02 1.044575914844e+00 4.096998854459e+02 9.425590944076e-01 3.547317053249e-01 1.806782688369e+00 4.302832594476e-01 6.127913895253e-02 4.947471458394e-01
1.806793199970e+04 4.092848842757e+02 1.044423923438e+00 4.096998277592e+02 9.409622835806e-01 3.524979817636e-01 1.798569552762e+00 4.237966740915e-01 6.100930390319e-02 4.886781293708e-01
1.806803399970e+04 4.092848544985e+02 1.044282114994e+00 4.096997734101e+02 9.394159882555e-01 3.502603096224e-01 1.790409877545e+00 4.173737300755e-01 6.137517290910e-02 4.827316692460e-01
1.806813599970e+04 4.092848271504e+02 1.044161648929e+00 4.096997225532e+02 9.379203274424e-01 3.480191246149e-01 1.782310665029e+00 4.110855085979e-01 6.171869556922e-02 4.769692909242e-01
1.806823799970e+04 4.092848023389e+02 1.044053184328e+00 4.096996753388e+02 9.364752765072e-01 3.457749062974e-01 1.774278921695e+00 4.050161097991e-01 6.203964726743e-02 4.714625084642e-01
1.806833999970e+04 4.092847801673e+02 1.043948012375e+00 4.096996319094e+02 9.350806677341e-01 3.435281728819e-01 1.766321684997e+00 3.992601348732e-01 6.233777556261e-02 4.662904313377e-01
1.806844199970e+04 4.092847607318e+02 1.043857356416e+00 4.096995923969e+02 9.337361923827e-01 3.413534385698e-01 1.758446062682e+00 3.939194613826e-01 6.261279630688e-02 4.615368709249e-01
1.806854399970e+04 4.092847441201e+02 1.043773342517e+00 4.096995569202e+02 9.324414042282e-01 3.392689495514e-01 1.750659281583e+00 3.890988172099e-01 6.286439190180e-02 4.572865742841e-01
1.806864599970e+04 4.092847304087e+02 1.043688177677e+00 4.096995255817e+02 9.311957245288e-01 3.373500997493e-01 1.742968741023e+00 3.849009056762e-01 6.314684656775e-02 4.536212694795e-01
1.806874799970e+04 4.092847196617e+02 1.043629835280e+00 4.096994984655e+02 9.299984483332e-01 3.354373922597e-01 1.735382064285e+00 3.814203252254e-01 6.342334333964e-02 4.506148899858e-01
1.806884999970e+04 4.092847119290e+02 1.043570328622e+00 4.096994756349e+02 9.288487520051e-01 3.335307943547e-01 1.727907140005e+00 3.787377897874e-01 6.367616952143e-02 4.483292339232e-01
1.806895199970e+04 4.092847072451e+02 1.043514578860e+00 4.096994571308e+02 9.277457018212e-01 3.316352360399e-01 1.720552144386e+00 3.769143627905e-01 6.392033225347e-02 4.468097379313e-01
1.806905399970e+04 4.092847056282e+02 1.043459958832e+00 4.096994429707e+02 9.266882634799e-01 3.297920111445e-01 1.713325534886e+00 3.759870344389e-01 6.421136182233e-02 4.460823811506e-01
1.806915599970e+04 4.092847070799e+02 1.043414159604e+00 4.096994331483e+02 9.256753123505e-01 3.279528413549e-01 1.706236006894e+00 3.759661153701e-01 6.447503293459e-02 4.461519936825e-01
1.806925799970e+04 4.092847115861e+02 1.043374752830e+00 4.096994276342e+02 9.247056442893e-01 3.261177227233e-01 1.699292406930e+00 3.768349799410e-01 6.471074228899e-02 4.470023193542e-01
1.806935999970e+04 4.092847191171e+02 1.043329522978e+00 4.096994263768e+02 9.237779868539e-01 3.242866370064e-01 1.692503599261e+00 3.785522386022e-01 6.492574013713e-02 4.485978547528e-01
1.806946199970e+04 4.092847296297e+02 1.043302542626e+00 4.096994293045e+02 9.228910107575e-01 3.224595449315e-01 1.685878287217e+00 3.810557562860e-01 6.512595773315e-02 4.508869955163e-01
1.806956399970e+04 4.092847430687e+02 1.043267261508e+00 4.096994363278e+02 9.220433414158e-01 3.206363801889e-01 1.679424795542e+00 3.842678316383e-01 6.529570999404e-02 4.538059883423e-01
1.806966599970e+04 4.092847593683e+02 1.043242131483e+00 4.096994473419e+02 9.212335704514e-01 3.188170446212e-01 1.673150825164e+00 3.881005700265e-01 6.544465639781e-02 4.572829721104e-01
1.806976799970e+04 4.092847784544e+02 1.043214538161e+00 4.096994622288e+02 9.204602670295e-01 3.170224008613e-01 1.667063195954e+00 3.924600834715e-01 6.557145338685e-02 4.612410401878e-01
1.806986999971e+04 4.092848002448e+02 1.043183650723e+00 4.096994808587e+02 9.197219889017e-01 3.153306579076e-01 1.661167595603e+00 3.972494576482e-01 6.566536527165e-02 4.656003278243e-01
1.806997199971e+04 4.092848246501e+02 1.043159647601e+00 4.096995030917e+02 9.190172930404e-01 3.136425287634e-01 1.655468353152e+00 4.023695777639e-01 6.572557545848e-02 4.702783724925e-01
1.807007399971e+04 4.092848515731e+02 1.043129429615e+00 4.096995287771e+02 9.183447457490e-01 3.120982713674e-01 1.649968253643e+00 4.077190149758e-01 6.575123551209e-02 4.751897636790e-01
1.807017599971e+04 4.092848809073e+02 1.043110293026e+00 4.096995577534e+02 9.177029321415e-01 3.105798547878e-01 1.644668406360e+00 4.131931678103e-01 6.577077284303e-02 4.802452396823e-01
1.807027799971e+04 4.092849125359e+02 1.043079174438e+00 4.096995898475e+02 9.170904649008e-01 3.090652408126e-01 1.639568173784e+00 4.186847796730e-01 6.579897724879e-02 4.853520484018e-01
1.807037999971e+04 4.092849463310e+02 1.043064363257e+00 4.096996248742e+02 9.165059922390e-01 3.075536913212e-01 1.634665162952e+00 4.240869863933e-01 6.579384910251e-02 4.904165876777e-01
1.807048199971e+04 4.092849821534e+02 1.043038347478e+00 4.096996626371e+02 9.159482049987e-01 3.060444592119e-01 1.629955276373e+00 4.292987283690e-01 6.575447120484e-02 4.953492067735e-01
1.807058399971e+04 4.092850198545e+02 1.043015559359e+00 4.096997029311e+02 9.154158428354e-01 3.045367985925e-01 1.625432816676e+00 4.342326554750e-01 6.569287271035e-02 5.000712845599e-01
1.807068599971e+04 4.092850592803e+02 1.042992164324e+00 4.096997455465e+02 9.149076994179e-01 3.030299764008e-01 1.621090637900e+00 4.388230332053e-01 6.560794147118e-02 5.045224015098e-01
1.807078799971e+04 4.092851002764e+02 1.042959557323e+00 4.096997902744e+02 9.144226265644e-01 3.015232851219e-01 1.616920336574e+00 4.430309915381e-01 6.700651977518e-02 5.086652325290e-01
1.807088999971e+04 4.092851426929e+02 1.042938010452e+00 4.096998369127e+02 9.139595372200e-01 3.000160562193e-01 1.612912476494e+00 4.468451923807e-01 6.909595217766e-02 5.124864108172e-01
1.807099199971e+04 4.092851863899e+02 1.042901764101e+00 4.096998852703e+02 9.135174071856e-01 2.985076738755e-01 1.609056841794e+00 4.502760900338e-01 7.110997009750e-02 5.159917162626e-01
1.807109399971e+04 4.092852312390e+02 1.042875943847e+00 4.096999351702e+02 9.130952755426e-01 2.969975886313e-01 1.605342712503e+00 4.533458540744e-01 7.304864695802e-02 5.191973756921e-01
1.807119599971e+04 4.092852771238e+02 1.042849277061e+00 4.096999864486e+02 9.126922437862e-01 2.954853305263e-01 1.601759155309e+00 4.560766696712e-01 7.491248545882e-02 5.221198720429e-01
1.807129799971e+04 4.092853239364e+02 1.042805587798e+00 4.097000389522e+02 9.123074737795e-01 2.939705213702e-01 1.598295320007e+00 4.584800372520e-01 7.670236724254e-02 5.247665970547e-01
1.807139999971e+04 4.092853715729e+02 1.042788324686e+00 4.097000925336e+02 9.119401847413e-01 2.925270079319e-01 1.594940730138e+00 4.605528741725e-01 7.841955114552e-02 5.271324575030e-01
1.807150199971e+04 4.092854199290e+02 1.042748759487e+00 4.097001470470e+02 9.115896495644e-01 2.911639075606e-01 1.591685555421e+00 4.622801000079e-01 8.006571477541e-02 5.292021793298e-01
1.807160399971e+04 4.092854688973e+02 1.042720588468e+00 4.097002023456e+02 9.112551907991e-01 2.899511312543e-01 1.588520853951e+00 4.636440616539e-01 8.164303792117e-02 5.309586131578e-01
1.807170599971e+04 4.092855183671e+02 1.042685735198e+00 4.097002582829e+02 9.109361766180e-01 2.888003005275e-01 1.585438773624e+00 4.646384661304e-01 8.315430697528e-02 5.323949699083e-01
1.807180799971e+04 4.092855682297e+02 1.042648045266e+00 4.097003147169e+02 9.106320170023e-01 2.876435974426e-01 1.582432704483e+00 4.652807956280e-01 8.460299428806e-02 5.335256755625e-01
1.807190999971e+04 4.092856183841e+02 1.042603486887e+00 4.097003715181e+02 9.103421602761e-01 2.864805698384e-01 1.579497376816e+00 4.656198875797e-01 8.599328625809e-02 5.343929148759e-01
1.807201199971e+04 4.092856687466e+02 1.042567809845e+00 4.097004285782e+02 9.100660899999e-01 2.853109019258e-01 1.576628903681e+00 4.657349402567e-01 8.733003057301e-02 5.350656087718e-01
1.807211399971e+04 4.092857192573e+02 1.042525582951e+00 4.097004858182e+02 9.098033221382e-01 2.841344178580e-01 1.573824770578e+00 4.657254470784e-01 8.861859647088e-02 5.356304550199e-01
1.807221599971e+04 4.092857698846e+02 1.042467304899e+00 4.097005431923e+02 9.095534023801e-01 2.829510830869e-01 1.571083778032e+00 4.656946328352e-01 8.986466416408e-02 5.361773651380e-01
1.807231799971e+04 4.092858206249e+02 1.042439580109e+00 4.097006006885e+02 9.093159035149e-01 2.817610035176e-01 1.568405943927e+00 4.657316950683e-01 9.107398433006e-02 5.367839793748e-01
1.807241999971e+04 4.092858714971e+02 1.042393323260e+00 4.097006583226e+02 9.090904228432e-01 2.805644225678e-01 1.565792371915e+00 4.658968318269e-01 9.225214589883e-02 5.375027247642e-01
1.807252199971e+04 4.092859225339e+02 1.042333604792e+00 4.097007161298e+02 9.088765797039e-01 2.793617163425e-01 1.563245091378e+00 4.662143821704e-01 9.340440561039e-02 5.383549846966e-01
1.807262399971e+04 4.092859737718e+02 1.042301992430e+00 4.097007741538e+02 9.086740132869e-01 2.781533872095e-01 1.560766874665e+00 4.666734502393e-01 9.453558879646e-02 5.393317544550e-01
1.807272599971e+04 4.092860252409e+02 1.042253050589e+00 4.097008324372e+02 9.084823809401e-01 2.769400561167e-01 1.558361038810e+00 4.672371504342e-01 9.565007898527e-02 5.404017121570e-01
1.807282799971e+04 4.092860769600e+02 1.042203979716e+00 4.097008910150e+02 9.083013571622e-01 2.757224540167e-01 1.556031240520e+00 4.678571420790e-01 9.675187065508e-02 5.415237968653e-01
1.807292999971e+04 4.092861289340e+02 1.042158843706e+00 4.097009499124e+02 9.081306333875e-01 2.745014127615e-01 1.553781273718e+00 4.684888168900e-01 9.784464419220e-02 5.426602907216e-01
1.807303199971e+04 4.092861811571e+02 1.042108674827e+00 4.097010091470e+02 9.079699185552e-01 2.732778558067e-01 1.551614878120e+00 4.691036948640e-01 9.893182809010e-02 5.437874458473e-01
1.807313399971e+04 4.092862336186e+02 1.042069292272e+00 4.097010687339e+02 9.078189403412e-01 2.720527890306e-01 1.549535565782e+00 4.696957349176e-01 1.000166166967e-01 5.449008287537e-01
1.807323599971e+04 4.092862863092e+02 1.042073394410e+00 4.097011286918e+02 9.076774468485e-01 2.708385007439e-01 1.547546471319e+00 4.702797523785e-01 1.011019267637e-01 5.460138458183e-01
1.807333799971e+04 4.092863392267e+02 1.042067458204e+00 4.097011890476e+02 9.075452085311e-01 2.698740564334e-01 1.545650230535e+00 4.708835284353e-01 1.021903047321e-01 5.471508491203e-01
1.807343999971e+04 4.092863923785e+02 1.042064214054e+00 4.097012498382e+02 9.074220201614e-01 2.689030867114e-01 1.543848891083e+00 4.715365941333e-01 1.032838117315e-01 5.483374224065e-01
1.807354199971e+04 4.092864457801e+02 1.042065448399e+00 4.097013111091e+02 9.073077027290e-01 2.679265670786e-01 1.542143857077e+00 4.722588991927e-01 1.043839165059e-01 5.495906257535e-01
1.807364399971e+04 4.092864994514e+02 1.042042195947e+00 4.097013729095e+02 9.072021052447e-01 2.669455473865e-01 1.540535867373e+00 4.730531191662e-01 1.054914333209e-01 5.509124200088e-01
1.807374599971e+04 4.092865534105e+02 1.042052856466e+00 4.097014352852e+02 9.071051064971e-01 2.661487302763e-01 1.539025005317e+00 4.739013711504e-01 1.066065161208e-01 5.522869089439e-01
1.807384799971e+04 4.092866076668e+02 1.042053503807e+00 4.097014982723e+02 9.070166168356e-01 2.653639678520e-01 1.537610736456e+00 4.747678776894e-01 1.077287231164e-01 5.536826966387e-01
1.807394999971e+04 4.092866622168e+02 1.042029982751e+00 4.097015618918e+02 9.069365800554e-01 2.645724548523e-01 1.536291970196e+00 4.756057258030e-01 1.088571335695e-01 5.550587503151e-01
1.807405199971e+04 4.092867170412e+02 1.042030620201e+00 4.097016261467e+02 9.068649754108e-01 2.637751087806e-01 1.535067140964e+00 4.763664692632e-01 1.099905001124e-01 5.563726852037e-01
1.807415399971e+04 4.092867721060e+02 1.042030884002e+00 4.097016910226e+02 9.068018197352e-01 2.629729205240e-01 1.533934303726e+00 4.770096285263e-01 1.111274043423e-01 5.575889390485e-01
1.807425599971e+04 4.092868273662e+02 1.042007271653e+00 4.097017564916e+02 9.067471695871e-01 2.621669531124e-01 1.532891237684e+00 4.775109667561e-01 1.122664003983e-01 5.586858681403e-01
1.807435799971e+04 4.092868827711e+02 1.042002862822e+00 4.097018225173e+02 9.067011232957e-01 2.613583411158e-01 1.531935551253e+00 4.778652927240e-01 1.134061061186e-01 5.596581258867e-01
1.807445999971e+04 4.092869382701e+02 1.041991725048e+00 4.097018890614e+02 9.066638227653e-01 2.605482904948e-01 1.531064781458e+00 4.780856960718e-01 1.145452541178e-01 5.605159664030e-01
1.807456199971e+04 4.092869938185e+02 1.041977022076e+00 4.097019560883e+02 9.066354548995e-01 2.597380786928e-01 1.530276482072e+00 4.781976837478e-01 1.156826872862e-01 5.612801871972e-01
1.807466399971e+04 4.092870493795e+02 1.041962592277e+00 4.097020235685e+02 9.066162525489e-01 2.589290547540e-01 1.529568296501e+00 4.782309027953e-01 1.168173196451e-01 5.619750361240e-01
1.807476599971e+04 4.092871049252e+02 1.042074559071e+00 4.097020914790e+02 9.066064949456e-01 2.581226392548e-01 1.528938013277e+00 4.782117234524e-01 1.179480915401e-01 5.626218925813e-01
1.807486799971e+04 4.092871604344e+02 1.042369899289e+00 4.097021598019e+02 9.066065076534e-01 2.573203238593e-01 1.528383603519e+00 4.781577173059e-01 1.190739310593e-01 5.632346021159e-01
1.807496999971e+04 4.092872158898e+02 1.042663426649e+00 4.097022285215e+02 9.066166621235e-01 2.565236703341e-01 1.527903241089e+00 4.780765766307e-01 1.201937486483e-01 5.638186110028e-01
1.807507199971e+04 4.092872712749e+02 1.042965662810e+00 4.097022976218e+02 9.066373749748e-01 2.557343088924e-01 1.527495307515e+00 4.779689530094e-01 1.213064648893e-01 5.643734253558e-01
1.807517399971e+04 4.092873265722e+02 1.043242234961e+00 4.097023670847e+02 9.066691071167e-01 2.549539357636e-01 1.527158384951e+00 4.778332309186e-01 1.224110556943e-01 5.648966868437e-01
1.807527599971e+04 4.092873817637e+02 1.043556287167e+00 4.097024368908e+02 9.067123628031e-01 2.541843099187e-01 1.526891241112e+00 4.776712115786e-01 1.235066059216e-01 5.653889852856e-01
1.807537799971e+04 4.092874368327e+02 1.043866213538e+00 4.097025070216e+02 9.067676886507e-01 2.534272489128e-01 1.526692809929e+00 4.774914412788e-01 1.245923391944e-01 5.658566464290e-01
1.807547999971e+04 4.092874917663e+02 1.044149946391e+00 4.097025774620e+02 9.068356726070e-01 2.526846238319e-01 1.526562170885e+00 4.773094891766e-01 1.256676143574e-01 5.663119272630e-01
1.807558199971e+04 4.092875465580e+02 1.044419684881e+00 4.097026482033e+02 9.069169428106e-01 2.520838466904e-01 1.526498529077e+00 4.771444984545e-01 1.267318794018e-01 5.667700733695e-01
1.807568399971e+04 4.092876012082e+02 1.044763135405e+00 4.097027192436e+02 9.070121662807e-01 2.515331191287e-01 1.526501197518e+00 4.770134808913e-01 1.277845958843e-01 5.672445018837e-01
1.807578599971e+04 4.092876557227e+02 1.045079931030e+00 4.097027905865e+02 9.071220473852e-01 2.509925204253e-01 1.526569582999e+00 4.769252434690e-01 1.288251541407e-01 5.677417103186e-01
1.807588799971e+04 4.092877101085e+02 1.045369797276e+00 4.097028622374e+02 9.072473260855e-01 2.504641204031e-01 1.526703176544e+00 4.768759475101e-01 1.298528040507e-01 5.682575875290e-01
1.807598999971e+04 4.092877643687e+02 1.045632483039e+00 4.097029341976e+02 9.073887759972e-01 2.499500369938e-01 1.526901548949e+00 4.768481247119e-01 1.308666259301e-01 5.687766408616e-01
1.807609199971e+04 4.092878184970e+02 1.045980120327e+00 4.097030064595e+02 9.075472023473e-01 2.494524270485e-01 1.527164351069e+00 4.768131677505e-01 1.318655465354e-01 5.692741324876e-01
1.807619399971e+04 4.092878724741e+02 1.046303513606e+00 4.097030790028e+02 9.077234399176e-01 2.489734766710e-01 1.527491317904e+00 4.767377992318e-01 1.328484072683e-01 5.697215305575e-01
1.807629599971e+04 4.092879262665e+02 1.046599230204e+00 4.097031517930e+02 9.079183510480e-01 2.485153912163e-01 1.527882275237e+00 4.765918811817e-01 1.338140558242e-01 5.700930535099e-01
1.807639799971e+04 4.092879798286e+02 1.046891834884e+00 4.097032247837e+02 9.081328237281e-01 2.480803850892e-01 1.528337147571e+00 4.763563881192e-01 1.347614462625e-01 5.703723191006e-01
1.807649999971e+04 4.092880331083e+02 1.047222673152e+00 4.097032979219e+02 9.083677697551e-01 2.476706714658e-01 1.528855966025e+00 4.760283863835e-01 1.356897111771e-01 5.705564591637e-01
1.807660199971e+04 4.092880860530e+02 1.047525282995e+00 4.097033711540e+02 9.086241228825e-01 2.473129111446e-01 1.529438874521e+00 4.756223596095e-01 1.365981952467e-01 5.706571613653e-01
1.807670399971e+04 4.092881386170e+02 1.047839551380e+00 4.097034444333e+02 9.089028368555e-01 2.469874443897e-01 1.530086132312e+00 4.751669221610e-01 1.374864351998e-01 5.706978596954e-01
1.807680599971e+04 4.092881907671e+02 1.048151557035e+00 4.097035177247e+02 9.092048832254e-01 2.466810942886e-01 1.530798110801e+00 4.746980058770e-01 1.383540911351e-01 5.707080076256e-01
1.807690799971e+04 4.092882424844e+02 1.048452403812e+00 4.097035910072e+02 9.095312488599e-01 2.463960934149e-01 1.531575283068e+00 4.742505979630e-01 1.392008464791e-01 5.707161863744e-01
1.807700999971e+04 4.092882937639e+02 1.048757316171e+00 4.097036642728e+02 9.098829331179e-01 2.461346655864e-01 1.532418205214e+00 4.738508045447e-01 1.400262943339e-01 5.707435295292e-01
1.807711199971e+04 4.092883446100e+02 1.049087586606e+00 4.097037375218e+02 9.102609447167e-01 2.458990155431e-01 1.533327489453e+00 4.735104470378e-01 1.408298395814e-01 5.707992850985e-01
1.807721399971e+04 4.092883950290e+02 1.049388451356e+00 4.097038107556e+02 9.106662983793e-01 2.456918637344e-01 1.534303769468e+00 4.732245930635e-01 1.416106296687e-01 5.708788237666e-01
1.807731599971e+04 4.092884450215e+02 1.049660464076e+00 4.097038839682e+02 9.111000113968e-01 2.455607270761e-01 1.535347659003e+00 4.729729026192e-01 1.423675351742e-01 5.709648015995e-01
1.807741799971e+04 4.092884945742e+02 1.050017568668e+00 4.097039571383e+02 9.115631002543e-01 2.454731290087e-01 1.536459705115e+00 4.727236677023e-01 1.430991720147e-01 5.710305330503e-01
1.807751999971e+04 4.092885436545e+02 1.050344737941e+00 4.097040302236e+02 9.120565774661e-01 2.454307491954e-01 1.537640337978e+00 4.724400883844e-01 1.438039617346e-01 5.710451934984e-01
1.807762199971e+04 4.092885922073e+02 1.050641699141e+00 4.097041031572e+02 9.125814487259e-01 2.454351701521e-01 1.538889819533e+00 4.720876941384e-01 1.444802140767e-01 5.709799500706e-01
1.807772399971e+04 4.092886401557e+02 1.050931223321e+00 4.097041758484e+02 9.131387104270e-01 2.454878711676e-01 1.540208193394e+00 4.716413832317e-01 1.451262102432e-01 5.708137596698e-01
1.807782599971e+04 4.092886874049e+02 1.051285162489e+00 4.097042481861e+02 9.137293475484e-01 2.455902226946e-01 1.541595237993e+00 4.710911862557e-01 1.457402769678e-01 5.705380959328e-01
1.807792799971e+04 4.092887338477e+02 1.051608359926e+00 4.097043200448e+02 9.143543318432e-01 2.457434811900e-01 1.543050424249e+00 4.704447405628e-01 1.463208252857e-01 5.701589435393e-01
1.807802999971e+04 4.092887793727e+02 1.051900550462e+00 4.097043912920e+02 9.150146202277e-01 2.459487843715e-01 1.544572878254e+00 4.697269703078e-01 1.468663643892e-01 5.696964777386e-01
1.807813199971e+04 4.092888238715e+02 1.052236391296e+00 4.097044617958e+02 9.157111532417e-01 2.462071468632e-01 1.546161349058e+00 4.689760269692e-01 1.473754726722e-01 5.691816648374e-01
1.807823399971e+04 4.092888672454e+02 1.052558628981e+00 4.097045314312e+02 9.164448534520e-01 2.465194561998e-01 1.547814181666e+00 4.682375465637e-01 1.478467501437e-01 5.686514999167e-01
1.807833599971e+04 4.092889094098e+02 1.052878658997e+00 4.097046000853e+02 9.172166236825e-01 2.468864691641e-01 1.549529295825e+00 4.675579367977e-01 1.482787500486e-01 5.681434823508e-01
1.807843799971e+04 4.092889502967e+02 1.053198585269e+00 4.097046676592e+02 9.180273449875e-01 2.473088084380e-01 1.551304171690e+00 4.669785956208e-01 1.486699088028e-01 5.676908966635e-01
1.807853999971e+04 4.092889898546e+02 1.053510856117e+00 4.097047340683e+02 9.188778743167e-01 2.477869595530e-01 1.553135843829e+00 4.665322467921e-01 1.490184905902e-01 5.673198621739e-01
1.807864199971e+04 4.092890280460e+02 1.053826763595e+00 4.097047992403e+02 9.197690418575e-01 2.483212681281e-01 1.555020905001e+00 4.662414920489e-01 1.493225468697e-01 5.670482151718e-01
1.807874399971e+04 4.092890648440e+02 1.054163209024e+00 4.097048631120e+02 9.207016480727e-01 2.489119373926e-01 1.556955520988e+00 4.661197900317e-01 1.495799101986e-01 5.668863813053e-01
1.807884599971e+04 4.092891002278e+02 1.054467102072e+00 4.097049256254e+02 9.216764604720e-01 2.495590259861e-01 1.558935457516e+00 4.661737986888e-01 1.497882126335e-01 5.668393567529e-01
1.807894799971e+04 4.092891341787e+02 1.054776531178e+00 4.097049867239e+02 9.226942101737e-01 2.502624460352e-01 1.560956120199e+00 4.664064412591e-01 1.499449358651e-01 5.669092736720e-01
1.807904999971e+04 4.092891666764e+02 1.055131237456e+00 4.097050463497e+02 9.237555883163e-01 2.510219614992e-01 1.563012608480e+00 4.668197358363e-01 1.500474817092e-01 5.670977667330e-01
1.807915199971e+04 4.092891976968e+02 1.055452838112e+00 4.097051044424e+02 9.248612423800e-01 2.518371867761e-01 1.565099784533e+00 4.674168748311e-01 1.500932588337e-01 5.674077244917e-01
1.807925399971e+04 4.092892272117e+02 1.055741081459e+00 4.097051609389e+02 9.260117724719e-01 2.527075855552e-01 1.567212357914e+00 4.682031209398e-01 1.500797778004e-01 5.678440717595e-01
1.807935599971e+04 4.092892551893e+02 1.056095949581e+00 4.097052157755e+02 9.272077276228e-01 2.537146985969e-01 1.569344986292e+00 4.691855284494e-01 1.500047442213e-01 5.684135879908e-01
1.807945799971e+04 4.092892815963e+02 1.056435327693e+00 4.097052688905e+02 9.284496021301e-01 2.548989010819e-01 1.571492391903e+00 4.703714157417e-01 1.498661484109e-01 5.691236932243e-01
1.807955999971e+04 4.092893064017e+02 1.056740802225e+00 4.097053202288e+02 9.297378319784e-01 2.561320376052e-01 1.573649492655e+00 4.717661543492e-01 1.496623352553e-01 5.699806566776e-01
1.807966199971e+04 4.092893295799e+02 1.057081613933e+00 4.097053697461e+02 9.310727913595e-01 2.574122248097e-01 1.575811546248e+00 4.733705169446e-01 1.493920637042e-01 5.709874161030e-01
1.807976399971e+04 4.092893511143e+02 1.057411316592e+00 4.097054174134e+02 9.324547893117e-01 2.587374435220e-01 1.577974305285e+00 4.751784705671e-01 1.490545393054e-01 5.721417312138e-01
1.807986599971e+04 4.092893710008e+02 1.057740960115e+00 4.097054632203e+02 9.338840664986e-01 2.601055393041e-01 1.580134181171e+00 4.771757367276e-01 1.486494332486e-01 5.734349355888e-01
1.807996799971e+04 4.092893892488e+02 1.058072829787e+00 4.097055071779e+02 9.353607921450e-01 2.615142229712e-01 1.582288414341e+00 4.793399075942e-01 1.481768772600e-01 5.748519496664e-01
1.808006999971e+04 4.092894058824e+02 1.058383598841e+00 4.097055493188e+02 9.368850611559e-01 2.629610710764e-01 1.584435248008e+00 4.816420474248e-01 1.476374484788e-01 5.763725153338e-01
1.808017199971e+04 4.092894209387e+02 1.058730279824e+00 4.097055896964e+02 9.384568914458e-01 2.644435263795e-01 1.586574101923e+00 4.840498368871e-01 1.470321409835e-01 5.779737249519e-01
1.808027399971e+04 4.092894344652e+02 1.059059011923e+00 4.097056283819e+02 9.400762215123e-01 2.659588983335e-01 1.588705741835e+00 4.865315132704e-01 1.463623346609e-01 5.796332455784e-01
1.808037599971e+04 4.092894465157e+02 1.059353709783e+00 4.097056654597e+02 9.417429082914e-01 2.675043636213e-01 1.590832439531e+00 4.890600314819e-01 1.456297630330e-01 5.813327712796e-01
1.808047799971e+04 4.092894571458e+02 1.059726867971e+00 4.097057010222e+02 9.434567253357e-01 2.690769667522e-01 1.592958117741e+00 4.916164468274e-01 1.448364866281e-01 5.830608663475e-01
1.808057999971e+04 4.092894664078e+02 1.060064375229e+00 4.097057351637e+02 9.452173613572e-01 2.706736206776e-01 1.595088474043e+00 4.941919940359e-01 1.439848721649e-01 5.848147432661e-01
1.808068199971e+04 4.092894743460e+02 1.060365993982e+00 4.097057679746e+02 9.470244191716e-01 2.722911072964e-01 1.597231078147e+00 4.967885426923e-01 1.430775780641e-01 5.866006838409e-01
1.808078399971e+04 4.092894809934e+02 1.060727641886e+00 4.097057995365e+02 9.488774150726e-01 2.739260775969e-01 1.599395437516e+00 4.994170650796e-01 1.421175474957e-01 5.884327706539e-01
1.808088599971e+04 4.092894863696e+02 1.061073731225e+00 4.097058299188e+02 9.507757786533e-01 2.755750510251e-01 1.601593027036e+00 5.020949669417e-01 1.411080002876e-01 5.903306263292e-01
1.808098799971e+04 4.092894904804e+02 1.061383461290e+00 4.097058591768e+02 9.527188530719e-01 2.772344135023e-01 1.603837279141e+00 5.048421221835e-01 1.400524238519e-01 5.923160127700e-01
1.808108999971e+04 4.092894933201e+02 1.061744547154e+00 4.097058873517e+02 9.547058957415e-01 2.789004133604e-01 1.606143531426e+00 5.076766958562e-01 1.389545518655e-01 5.944092037675e-01
1.808119199971e+04 4.092894948742e+02 1.062079637282e+00 4.097059144725e+02 9.567360794040e-01 2.805691543614e-01 1.608528929235e+00 5.106108556354e-01 1.378183300760e-01 5.966252180908e-01
1.808129399971e+04 4.092894951249e+02 1.062418081574e+00 4.097059405592e+02 9.588084935296e-01 2.822365849705e-01 1.611012281215e+00 5.136471489686e-01 1.366478588836e-01 5.989705822440e-01
1.808139599971e+04 4.092894940566e+02 1.062755264622e+00 4.097059656275e+02 9.609221459738e-01 2.838984832157e-01 1.613613866433e+00 5.167759676131e-01 1.354473111833e-01 6.014409980072e-01
1.808149799971e+04 4.092894916615e+02 1.063092851129e+00 4.097059896926e+02 9.630759648171e-01 2.855504368346e-01 1.616355192577e+00 5.199745937160e-01 1.342208225339e-01 6.040203590727e-01
1.808159999971e+04 4.092894879452e+02 1.063441842738e+00 4.097060127740e+02 9.652688003154e-01 2.871878190412e-01 1.619258706120e+00 5.232078459385e-01 1.329723583849e-01 6.066811582539e-01
1.808170199971e+04 4.092894829298e+02 1.063753456922e+00 4.097060348981e+02 9.674994268963e-01 2.888057611453e-01 1.622347457181e+00 5.264310373759e-01 1.317055563824e-01 6.093869252076e-01
1.808180399971e+04 4.092894766566e+02 1.064121036036e+00 4.097060561000e+02 9.697665451535e-01 2.903991244279e-01 1.625644724200e+00 5.295944982043e-01 1.304235573065e-01 6.120960766944e-01
1.808190599971e+04 4.092894691853e+02 1.064470011260e+00 4.097060764227e+02 9.720687838038e-01 2.919624750555e-01 1.629173606346e+00 5.326494495375e-01 1.291288310145e-01 6.147670070597e-01
1.808200799971e+04 4.092894605922e+02 1.064781210281e+00 4.097060959152e+02 9.744047015924e-01 2.934900673136e-01 1.632956594708e+00 5.355543516379e-01 1.278230071082e-01 6.173636588394e-01
1.808210999971e+04 4.092894509658e+02 1.065152781489e+00 4.097061146286e+02 9.767727891436e-01 2.949758418954e-01 1.637015136376e+00 5.382804569892e-01 1.265067262182e-01 6.198604550317e-01
1.808221199971e+04 4.092894404008e+02 1.065501503453e+00 4.097061326106e+02 9.791714707649e-01 2.964134472173e-01 1.641369208149e+00 5.408160854875e-01 1.251795160819e-01 6.222461448111e-01
1.808231399971e+04 4.092894289921e+02 1.065830756212e+00 4.097061499002e+02 9.815991062164e-01 2.977962925137e-01 1.646036918241e+00 5.431681859190e-01 1.238397113538e-01 6.245252864158e-01
1.808241599971e+04 4.092894168274e+02 1.066191198604e+00 4.097061665219e+02 9.840539924558e-01 2.991176415792e-01 1.651034154483e+00 5.453614470661e-01 1.224844193236e-01 6.267175731836e-01
1.808251799971e+04 4.092894039818e+02 1.066534711354e+00 4.097061824809e+02 9.865343653603e-01 3.003707552503e-01 1.656374295766e+00 5.474349597478e-01 1.211095396388e-01 6.288549969862e-01
1.808261999971e+04 4.092893905128e+02 1.066880278705e+00 4.097061977597e+02 9.890384014197e-01 3.015490889068e-01 1.662067999740e+00 5.494370367301e-01 1.197098412076e-01 6.309773827413e-01
1.808272199971e+04 4.092893764574e+02 1.067205784391e+00 4.097062123169e+02 9.915642193810e-01 3.026465483407e-01 1.668123074374e+00 5.514189837012e-01 1.182790972956e-01 6.331269974014e-01
1.808282399971e+04 4.092893618314e+02 1.067569658915e+00 4.097062260881e+02 9.941098818233e-01 3.036578033157e-01 1.674544434591e+00 5.534289314103e-01 1.177431526224e-01 6.353432129490e-01
1.808292599971e+04 4.092893466314e+02 1.067900643873e+00 4.097062389886e+02 9.966733966338e-01 3.045786531809e-01 1.681334138723e+00 5.555063295219e-01 1.176119630802e-01 6.376577537447e-01
1.808302799971e+04 4.092893308385e+02 1.068244022594e+00 4.097062509190e+02 9.992527183662e-01 3.054064332941e-01 1.688491494029e+00 5.576777583707e-01 1.173997603202e-01 6.400910995173e-01
1.808312999971e+04 4.092893144238e+02 1.068605025812e+00 4.097062617722e+02 1.001845749469e+00 3.061404451526e-01 1.696013216734e+00 5.599544933940e-01 1.170979623486e-01 6.426504170794e-01
1.808323199971e+04 4.092892973562e+02 1.068926689496e+00 4.097062714410e+02 1.004450341389e+00 3.067823875413e-01 1.703893630477e+00 5.623310787617e-01 1.166984725321e-01 6.453283655097e-01
1.808333399971e+04 4.092892796096e+02 1.069278218107e+00 4.097062798270e+02 1.007064295566e+00 3.073367612414e-01 1.712124887596e+00 5.647861871892e-01 1.161938526488e-01 6.481038817889e-01
1.808343599971e+04 4.092892611709e+02 1.069629813889e+00 4.097062868487e+02 1.009685364352e+00 3.078112164766e-01 1.720697199889e+00 5.672843148006e-01 1.155774480796e-01 6.509436809480e-01
1.808353799971e+04 4.092892420464e+02 1.069947674814e+00 4.097062924480e+02 1.012311251895e+00 3.083179796069e-01 1.729599068575e+00 5.697794701936e-01 1.148434420193e-01 6.538054830712e-01
1.808363999971e+04 4.092892222672e+02 1.070304258104e+00 4.097062965963e+02 1.014939615019e+00 3.087800048497e-01 1.738817506379e+00 5.722197065397e-01 1.157575148988e-01 6.566419684610e-01
1.808374199971e+04 4.092892018920e+02 1.070638325796e+00 4.097062992971e+02 1.017568064144e+00 3.091466033111e-01 1.748338247284e+00 5.745527759692e-01 1.171089771708e-01 6.594057077403e-01
1.808384399971e+04 4.092891810085e+02 1.070972676087e+00 4.097063005871e+02 1.020194164283e+00 3.094268604446e-01 1.758145941175e+00 5.767326978175e-01 1.184452745973e-01 6.620548849489e-01
1.808394599971e+04 4.092891597312e+02 1.071285506787e+00 4.097063005351e+02 1.022815436123e+00 3.096333772379e-01 1.768224331335e+00 5.787255790522e-01 1.197660718457e-01 6.645583602901e-01
1.808404799971e+04 4.092891381988e+02 1.071633452819e+00 4.097062992380e+02 1.025429357238e+00 3.098414266429e-01 1.778556412775e+00 5.805150360483e-01 1.210949745969e-01 6.669003682117e-01
1.808414999971e+04 4.092891165681e+02 1.071944272647e+00 4.097062968162e+02 1.028033363451e+00 3.102538313653e-01 1.789124568966e+00 5.821055356067e-01 1.224074862320e-01 6.690833777746e-01
1.808425199971e+04 4.092890950089e+02 1.072270664787e+00 4.097062934075e+02 1.030624850384e+00 3.107609088854e-01 1.799910684302e+00 5.835234316821e-01 1.236703880863e-01 6.711289200888e-01
1.808435399971e+04 4.092890736963e+02 1.072602720960e+00 4.097062891606e+02 1.033201175260e+00 3.141484911449e-01 1.810896229584e+00 5.848161067267e-01 1.249482741232e-01 6.730767473769e-01
1.808445599971e+04 4.092890528048e+02 1.072892901089e+00 4.097062842283e+02 1.035759659001e+00 3.184112138761e-01 1.822062318465e+00 5.860479437399e-01 1.262080062611e-01 6.749812348197e-01
1.808455799971e+04 4.092890325021e+02 1.073222856685e+00 4.097062787625e+02 1.038297588723e+00 3.227366683981e-01 1.833389733934e+00 5.872953863583e-01 1.274171853334e-01 6.769070131371e-01
1.808465999971e+04 4.092890129436e+02 1.073533707063e+00 4.097062729086e+02 1.040812220672e+00 3.271649437660e-01 1.844858925684e+00 5.886403002712e-01 1.285759178262e-01 6.789231701554e-01
1.808476199971e+04 4.092889942685e+02 1.073825949220e+00 4.097062668021e+02 1.043300783711e+00 3.315827574602e-01 1.856449981339e+00 5.901634267590e-01 1.297603383310e-01 6.810975903079e-01
1.808486399971e+04 4.092889765971e+02 1.074132923996e+00 4.097062605660e+02 1.045760483387e+00 3.358883565950e-01 1.868142576894e+00 5.919383823928e-01 1.309083102145e-01 6.834918241064e-01
1.808496599971e+04 4.092889600295e+02 1.074423312203e+00 4.097062543099e+02 1.048188506640e+00 3.400628886743e-01 1.879915914017e+00 5.940267994108e-01 1.320061428517e-01 6.861569882437e-01
1.808506799971e+04 4.092889446454e+02 1.074708206261e+00 4.097062481295e+02 1.050582027173e+00 3.440936507341e-01 1.891748653874e+00 5.964753961787e-01 1.330747646187e-01 6.891313561230e-01
1.808516999971e+04 4.092889305054e+02 1.074978371663e+00 4.097062421084e+02 1.052938211473e+00 3.480049753822e-01 1.903618858502e+00 5.993149101035e-01 1.341411391888e-01 6.924395544738e-01
1.808527199971e+04 4.092889176535e+02 1.075262033917e+00 4.097062363198e+02 1.055254225471e+00 3.518410330542e-01 1.915503951196e+00 6.025611100452e-01 1.351569067840e-01 6.960935345101e-01
1.808537399971e+04 4.092889061205e+02 1.075500925128e+00 4.097062308299e+02 1.057527241803e+00 3.555265538760e-01 1.927380706817e+00 6.062173855071e-01 1.361495705769e-01 7.000948736345e-01
1.808547599971e+04 4.092888959275e+02 1.075783887061e+00 4.097062257012e+02 1.059754447609e+00 3.590583435786e-01 1.939225281101e+00 6.102783234274e-01 1.371049106641e-01 7.044378999012e-01
1.808557799971e+04 4.092888870900e+02 1.076033413573e+00 4.097062209953e+02 1.061933052829e+00 3.624382710998e-01 1.951013285254e+00 6.147333467562e-01 1.380318271213e-01 7.091128469163e-01
1.808567999971e+04 4.092888796206e+02 1.076254128523e+00 4.097062167762e+02 1.064060298911e+00 3.656723713525e-01 1.962719908414e+00 6.195696199601e-01 1.389059525850e-01 7.141083607596e-01
1.808578199971e+04 4.092888735317e+02 1.076513743858e+00 4.097062131107e+02 1.066133467882e+00 3.687698037500e-01 1.974320086455e+00 6.247730403321e-01 1.397910244219e-01 7.194123399044e-01
1.808588399971e+04 4.092888688349e+02 1.076726855911e+00 4.097062100680e+02 1.068149891678e+00 3.717417700940e-01 1.985788711466e+00 6.303271867613e-01 1.406274829034e-01 7.250109918598e-01
1.808598599971e+04 4.092888655391e+02 1.076953315173e+00 4.097062077166e+02 1.070106961653e+00 3.746004867316e-01 1.997100872696e+00 6.362096042958e-01 1.414088128839e-01 7.308855528001e-01
1.808608799971e+04 4.092888636469e+02 1.077159565494e+00 4.097062061190e+02 1.072002138134e+00 3.773582863966e-01 2.008232117059e+00 6.423862820781e-01 1.421820128853e-01 7.370073943985e-01
1.808618999971e+04 4.092888631479e+02 1.077357046521e+00 4.097062053240e+02 1.073832959882e+00 3.800268991059e-01 2.019158715952e+00 6.488050932920e-01 1.429394088757e-01 7.433321685589e-01
1.808629199971e+04 4.092888640120e+02 1.077532337372e+00 4.097062053587e+02 1.075597053300e+00 3.826169337133e-01 2.029857925133e+00 6.553900170966e-01 1.436454309170e-01 7.497945696583e-01
1.808639399971e+04 4.092888661817e+02 1.077718764917e+00 4.097062062192e+02 1.077292141194e+00 3.852957093560e-01 2.040308225703e+00 6.620376440902e-01 1.442977674345e-01 7.563050423983e-01
1.808649599971e+04 4.092888695663e+02 1.077872000602e+00 4.097062078635e+02 1.078916050915e+00 3.879336158771e-01 2.050489536560e+00 6.686177542485e-01 1.449751134927e-01 7.627500434505e-01
1.808659799971e+04 4.092888740367e+02 1.078025441808e+00 4.097062102055e+02 1.080466721728e+00 3.905280419542e-01 2.060383391660e+00 6.749786834081e-01 1.456075325444e-01 7.689965506414e-01
1.808669999971e+04 4.092888794244e+02 1.078178335887e+00 4.097062131124e+02 1.081942211252e+00 3.930801050540e-01 2.069973078466e+00 6.809569236615e-01 1.461834714074e-01 7.749004000440e-01
1.808680199971e+04 4.092888855220e+02 1.078281064441e+00 4.097062164055e+02 1.083340700924e+00 3.955899878601e-01 2.079243736789e+00 6.863901637958e-01 1.467697725010e-01 7.803177950760e-01
1.808690399971e+04 4.092888920884e+02 1.078421713099e+00 4.097062198635e+02 1.084660500430e+00 3.980571338458e-01 2.088182419387e+00 6.911308594041e-01 1.473160810007e-01 7.851174273404e-01
1.808700599971e+04 4.092888988547e+02 1.078523104172e+00 4.097062232293e+02 1.085900051140e+00 4.004804188892e-01 2.096778117076e+00 6.950587106425e-01 1.478381208626e-01 7.891917302167e-01
1.808710799971e+04 4.092889055326e+02 1.078615615623e+00 4.097062262170e+02 1.087057928580e+00 4.028582955206e-01 2.105021751735e+00 6.980894378145e-01 1.483326599658e-01 7.924648886597e-01
1.808720999971e+04 4.092889118238e+02 1.078693801925e+00 4.097062285218e+02 1.088132844030e+00 4.052642049693e-01 2.112906140696e+00 7.001795415428e-01 1.487851101414e-01 7.948972487866e-01
1.808731199971e+04 4.092889174282e+02 1.078759746195e+00 4.097062298276e+02 1.089123645289e+00 4.076462705983e-01 2.120425935708e+00 7.013268523957e-01 1.492405036667e-01 7.964859019505e-01
1.808741399971e+04 4.092889220521e+02 1.078802890559e+00 4.097062298160e+02 1.090029316668e+00 4.099732417805e-01 2.127577539395e+00 7.015674043206e-01 1.496567679366e-01 7.972618975867e-01
1.808751599971e+04 4.092889254155e+02 1.078847854055e+00 4.097062281734e+02 1.090848978239e+00 4.122427524555e-01 2.134359001880e+00 7.009702675329e-01 1.500100961241e-01 7.972855438960e-01
1.808761799971e+04 4.092889272573e+02 1.078858963932e+00 4.097062245980e+02 1.091581884340e+00 4.144524415608e-01 2.140769900238e+00 6.996311760185e-01 1.504006897537e-01 7.966405716346e-01
1.808771999971e+04 4.092889273408e+02 1.078869969238e+00 4.097062188052e+02 1.092227421349e+00 4.166383480504e-01 2.146811203493e+00 6.976651381946e-01 1.507376661437e-01 7.954273771224e-01
1.808782199971e+04 4.092889254573e+02 1.078870502374e+00 4.097062105335e+02 1.092785104745e+00 4.188024581984e-01 2.152485126039e+00 6.951992264349e-01 1.510063884897e-01 7.937564455055e-01
1.808792399971e+04 4.092889214287e+02 1.078823972773e+00 4.097061995492e+02 1.093254575479e+00 4.208980761724e-01 2.157794972422e+00 6.923652855230e-01 1.513011309225e-01 7.917417670897e-01
1.808802599971e+04 4.092889151103e+02 1.078813585578e+00 4.097061856492e+02 1.093635595721e+00 4.229228740781e-01 2.162744976502e+00 6.892921797485e-01 1.515384540977e-01 7.894939468898e-01
1.808812799971e+04 4.092889063910e+02 1.078748409284e+00 4.097061686648e+02 1.093928044076e+00 4.248745678510e-01 2.167340137958e+00 6.860990311119e-01 1.517392656219e-01 7.871142967667e-01
1.808822999971e+04 4.092888951929e+02 1.078694188069e+00 4.097061484615e+02 1.094131910362e+00 4.267509144586e-01 2.171586059113e+00 6.828892799515e-01 1.519217009075e-01 7.846897574395e-01
1.808833199971e+04 4.092888814698e+02 1.078610781524e+00 4.097061249395e+02 1.094247290104e+00 4.285497080234e-01 2.175488785084e+00 6.797466161122e-01 1.520510896973e-01 7.822895423748e-01
1.808843399971e+04 4.092888652034e+02 1.078511519965e+00 4.097060980309e+02 1.094274378851e+00 4.302687758357e-01 2.179054650293e+00 6.767331648726e-01 1.521387205567e-01 7.799637981734e-01
1.808853599971e+04 4.092888463991e+02 1.078390416142e+00 4.097060676972e+02 1.094213466499e+00 4.319059751928e-01 2.182290134430e+00 6.738901747323e-01 1.521743423370e-01 7.777444507899e-01
1.808863799971e+04 4.092888250805e+02 1.078264041435e+00 4.097060339243e+02 1.094064931730e+00 4.334591918263e-01 2.185201730863e+00 6.712405115609e-01 1.522008048320e-01 7.756475940120e-01
1.808873999971e+04 4.092888012841e+02 1.078104852523e+00 4.097059967189e+02 1.093829236757e+00 4.349263403814e-01 2.187795830213e+00 6.687929324229e-01 1.521627865420e-01 7.736773709904e-01
1.808884199971e+04 4.092887750539e+02 1.077959047389e+00 4.097059561032e+02 1.093506922491e+00 4.363053670836e-01 2.190078621246e+00 6.665466761636e-01 1.520768019470e-01 7.718300706865e-01
1.808894399971e+04 4.092887464371e+02 1.077756165663e+00 4.097059121112e+02 1.093098604309e+00 4.376687043615e-01 2.192056010513e+00 6.644959772438e-01 1.519918943730e-01 7.700981032310e-01
1.808904599971e+04 4.092887154802e+02 1.077585923361e+00 4.097058647848e+02 1.092604968527e+00 4.389671377662e-01 2.193733561214e+00 6.626336864282e-01 1.518278028937e-01 7.684731601502e-01
1.808914799971e+04 4.092886822271e+02 1.077363035057e+00 4.097058141717e+02 1.092026769714e+00 4.401650135931e-01 2.195116450862e+00 6.609537069635e-01 1.516216520744e-01 7.669483227291e-01
1.808924999971e+04 4.092886467184e+02 1.077149239959e+00 4.097057603229e+02 1.091364828926e+00 4.412602497445e-01 2.196209446512e+00 6.594521533033e-01 1.514127925075e-01 7.655190515056e-01
1.808935199971e+04 4.092886089912e+02 1.076905280021e+00 4.097057032927e+02 1.090620032911e+00 4.422508574468e-01 2.197016895776e+00 6.581272733682e-01 1.511245464276e-01 7.641831018047e-01
1.808945399971e+04 4.092885690809e+02 1.076643276097e+00 4.097056431385e+02 1.089793334304e+00 4.431349586492e-01 2.197542731523e+00 6.569783939866e-01 1.508297224897e-01 7.629395943156e-01
1.808955599971e+04 4.092885270227e+02 1.076371519853e+00 4.097055799216e+02 1.088885752771e+00 4.439108046915e-01 2.197790488187e+00 6.560042080885e-01 1.504734804196e-01 7.617875163354e-01
1.808965799971e+04 4.092884828542e+02 1.076068426717e+00 4.097055137088e+02 1.087898377035e+00 4.445767962606e-01 2.197763327723e+00 6.552007077825e-01 1.500704225604e-01 7.607239137815e-01
1.808975999971e+04 4.092884366179e+02 1.075773322477e+00 4.097054445741e+02 1.086832367672e+00 4.451315045169e-01 2.197464073549e+00 6.545592369170e-01 1.496158611983e-01 7.597421784602e-01
1.808986199971e+04 4.092883883634e+02 1.075443623596e+00 4.097053726001e+02 1.085688960525e+00 4.455736930945e-01 2.196895251070e+00 6.540649304356e-01 1.491316084249e-01 7.588306577038e-01
1.808996399971e+04 4.092883381494e+02 1.075112659880e+00 4.097052978797e+02 1.084469470575e+00 4.459023404991e-01 2.196059133636e+00 6.536958348509e-01 1.486289254731e-01 7.579718387427e-01
1.809006599971e+04 4.092882860445e+02 1.074756577955e+00 4.097052205160e+02 1.083175296061e+00 4.461166622753e-01 2.194957792938e+00 6.534228630379e-01 1.480500373951e-01 7.571422417973e-01
1.809016799971e+04 4.092882321283e+02 1.074396497654e+00 4.097051406227e+02 1.081807922668e+00 4.462161322103e-01 2.193593152929e+00 6.532109153996e-01 1.474088114379e-01 7.563133139358e-01
1.809026999971e+04 4.092881764906e+02 1.074012768638e+00 4.097050583234e+02 1.080368927552e+00 4.462005017936e-01 2.191967046391e+00 6.530201902314e-01 1.467878470305e-01 7.554524885587e-01
1.809037199971e+04 4.092881192305e+02 1.073610998737e+00 4.097049737496e+02 1.078859983032e+00 4.461803966042e-01 2.190081273185e+00 6.528087136317e-01 1.460927013694e-01 7.545253080930e-01
1.809047399971e+04 4.092880604551e+02 1.073205473530e+00 4.097048870392e+02 1.077282859712e+00 4.463527005053e-01 2.187937659161e+00 6.525346922296e-01 1.453239535108e-01 7.534974116097e-01
1.809057599971e+04 4.092880002771e+02 1.072763425511e+00 4.097047983341e+02 1.075639428895e+00 4.464113610383e-01 2.185538114566e+00 6.521588904438e-01 1.445717914728e-01 7.523365646842e-01
1.809067799971e+04 4.092879388128e+02 1.072341472345e+00 4.097047077773e+02 1.073931664089e+00 4.463557547775e-01 2.182884690696e+00 6.516464985528e-01 1.437623174634e-01 7.510142696445e-01
1.809077999971e+04 4.092878761797e+02 1.071877084217e+00 4.097046155113e+02 1.072161641500e+00 4.461857327227e-01 2.179979633448e+00 6.509690123782e-01 1.428819725705e-01 7.495074046826e-01
1.809088199971e+04 4.092878124942e+02 1.071424860093e+00 4.097045216750e+02 1.070331539381e+00 4.459016246724e-01 2.176825432434e+00 6.501050661684e-01 1.419943872782e-01 7.477989694809e-01
1.809098399971e+04 4.092877478695e+02 1.070948700504e+00 4.097044264022e+02 1.068443636168e+00 4.455042346188e-01 2.173424864351e+00 6.490409007329e-01 1.410486440208e-01 7.458785219186e-01
1.809108599971e+04 4.092876824138e+02 1.070461064383e+00 4.097043298192e+02 1.066500307378e+00 4.449948276335e-01 2.169781029485e+00 6.477704779770e-01 1.400615626246e-01 7.437423108467e-01
1.809118799971e+04 4.092876162285e+02 1.069956686336e+00 4.097042320441e+02 1.064504021247e+00 4.443751089640e-01 2.165897380389e+00 6.462949373528e-01 1.390205522886e-01 7.413928355013e-01
1.809128999971e+04 4.092875494072e+02 1.069450350017e+00 4.097041331850e+02 1.062457333165e+00 4.436471962678e-01 2.161777742104e+00 6.446217566274e-01 1.379469766150e-01 7.388381430217e-01
1.809139199971e+04 4.092874820351e+02 1.068922298165e+00 4.097040333398e+02 1.060362878967e+00 4.428135860359e-01 2.157426323624e+00 6.427638757967e-01 1.368361440476e-01 7.360910882054e-01
1.809149399971e+04 4.092874141879e+02 1.068395196908e+00 4.097039325960e+02 1.058223367213e+00 4.418771153368e-01 2.152847720639e+00 6.407383119665e-01 1.357070767624e-01 7.331681429426e-01
1.809159599971e+04 4.092873459324e+02 1.067858362697e+00 4.097038310305e+02 1.056041570573e+00 4.408409200173e-01 2.148046910016e+00 6.385647825410e-01 1.345173983213e-01 7.300882058074e-01
1.809169799971e+04 4.092872773266e+02 1.067306081547e+00 4.097037287108e+02 1.053820316498e+00 4.397227013100e-01 2.143029236743e+00 6.362641300324e-01 1.332702890027e-01 7.268712316559e-01
1.809179999971e+04 4.092872084206e+02 1.066756639696e+00 4.097036256961e+02 1.051562477360e+00 4.385592994971e-01 2.137800394319e+00 6.338568434406e-01 1.320409893292e-01 7.235369391390e-01
1.809190199971e+04 4.092871392575e+02 1.066192495207e+00 4.097035220386e+02 1.049270960245e+00 4.373072943395e-01 2.132366399632e+00 6.313615841171e-01 1.307751290564e-01 7.201035161069e-01
1.809200399971e+04 4.092870698751e+02 1.065625458077e+00 4.097034177855e+02 1.046948696612e+00 4.359703330592e-01 2.126733563317e+00 6.287936367584e-01 1.294549065406e-01 7.165862531647e-01
1.809210599971e+04 4.092870003075e+02 1.065047598865e+00 4.097033129812e+02 1.044598632013e+00 4.345522088368e-01 2.120908456415e+00 6.261643109059e-01 1.280818599367e-01 7.129970051308e-01
1.809220799971e+04 4.092869305870e+02 1.064463956375e+00 4.097032076690e+02 1.042223716051e+00 4.330568181552e-01 2.114897873907e+00 6.234803068937e-01 1.266869854625e-01 7.093436180971e-01
1.809230999971e+04 4.092868607453e+02 1.063889153363e+00 4.097031018930e+02 1.039826892771e+00 4.314881192757e-01 2.108708795525e+00 6.207435361170e-01 1.252896147889e-01 7.056297526139e-01
1.809241199971e+04 4.092867908153e+02 1.063305331466e+00 4.097029957000e+02 1.037411091626e+00 4.298500924579e-01 2.102348344139e+00 6.179519911585e-01 1.238587062121e-01 7.018556297211e-01
1.809251399971e+04 4.092867208317e+02 1.062718329204e+00 4.097028891404e+02 1.034979219168e+00 4.281467024376e-01 2.095823742107e+00 6.151004921398e-01 1.223807447349e-01 6.980186714705e-01
1.809261599971e+04 4.092866508323e+02 1.062129479201e+00 4.097027822689e+02 1.032534151567e+00 4.263818635847e-01 2.089142266274e+00 6.121818416928e-01 1.208817474769e-01 6.941145054068e-01
1.809271799971e+04 4.092865808576e+02 1.061537169400e+00 4.097026751452e+02 1.030078728050e+00 4.245594080829e-01 2.082311202700e+00 6.091876900808e-01 1.193493498611e-01 6.901377190631e-01
1.809281999971e+04 4.092865109510e+02 1.060943104487e+00 4.097025678334e+02 1.027615745317e+00 4.226830573888e-01 2.075337802648e+00 6.061094057667e-01 1.177754206114e-01 6.860826241774e-01
1.809292199971e+04 4.092864411591e+02 1.060362294215e+00 4.097024604024e+02 1.025147952939e+00 4.207563971587e-01 2.068229241670e+00 6.029385899919e-01 1.161998455840e-01 6.819437111686e-01
1.809302399971e+04 4.092863715308e+02 1.059781709774e+00 4.097023529251e+02 1.022678049752e+00 4.187828557618e-01 2.060992583677e+00 5.996666500718e-01 1.146076241257e-01 6.777152741345e-01
1.809312599971e+04 4.092863021177e+02 1.059198062316e+00 4.097022454789e+02 1.020208681164e+00 4.167656864372e-01 2.053634751543e+00 5.962848581888e-01 1.129821961644e-01 6.733914652610e-01
1.809322799971e+04 4.092862329740e+02 1.058619016736e+00 4.097021381452e+02 1.017742437331e+00 4.147079530940e-01 2.046162505188e+00 5.927841251818e-01 1.113210561560e-01 6.689660983648e-01
1.809332999971e+04 4.092861641561e+02 1.058048363611e+00 4.097020310093e+02 1.015281852060e+00 4.126125197031e-01 2.038582427344e+00 5.891551441113e-01 1.096365764879e-01 6.644327810863e-01
1.809343199971e+04 4.092860957233e+02 1.057490108739e+00 4.097019241606e+02 1.012829402338e+00 4.104820431810e-01 2.030900916536e+00 5.853886263119e-01 1.079624180541e-01 6.597851314012e-01
1.809353399971e+04 4.092860277369e+02 1.056940908037e+00 4.097018176921e+02 1.010387508326e+00 4.083189696267e-01 2.023124186483e+00 5.814760779181e-01 1.062572713826e-01 6.550174764037e-01
1.809363599971e+04 4.092859602603e+02 1.056398601792e+00 4.097017117001e+02 1.007958533677e+00 4.061255337320e-01 2.015258271167e+00 5.774104074201e-01 1.045227636634e-01 6.501254045589e-01
1.809373799971e+04 4.092858933584e+02 1.055866414232e+00 4.097016062837e+02 1.005544786035e+00 4.039037611592e-01 2.007309035189e+00 5.731864164345e-01 1.027605360129e-01 6.451062161600e-01
1.809383999971e+04 4.092858270972e+02 1.055347905757e+00 4.097015015444e+02 1.003148517553e+00 4.016554736525e-01 1.999282189490e+00 5.688008271248e-01 1.009813955981e-01 6.399589624550e-01
1.809394199971e+04 4.092857615437e+02 1.054840568709e+00 4.097013975857e+02 1.000771925313e+00 3.993822966303e-01 1.991183312731e+00 5.642516788965e-01 9.923289808360e-02 6.346839226341e-01
1.809404399971e+04 4.092856967653e+02 1.054346737606e+00 4.097012945126e+02 9.984171514866e-01 3.970856689940e-01 1.983017878437e+00 5.595374775773e-01 9.746090725354e-02 6.292818581654e-01
1.809414599971e+04 4.092856328303e+02 1.053863093332e+00 4.097011924321e+02 9.960862831311e-01 3.947668548811e-01 1.974791287377e+00 5.546564475688e-01 9.566692144038e-02 6.237533565476e-01
1.809424799971e+04 4.092855698079e+02 1.053402339711e+00 4.097010914532e+02 9.937813514939e-01 3.924269570871e-01 1.966508903761e+00 5.496060079892e-01 9.385240833488e-02 6.180983732926e-01
1.809434999971e+04 4.092855077688e+02 1.052952025180e+00 4.097009916872e+02 9.915043307316e-01 3.900669318857e-01 1.958176093091e+00 5.443832449181e-01 9.201880468633e-02 6.123166596746e-01
1.809445199971e+04 4.092854467854e+02 1.052521848042e+00 4.097008932480e+02 9.892571359667e-01 3.876876049751e-01 1.949798259163e+00 5.389856673382e-01 9.019376732655e-02 6.064084425098e-01
1.809455399971e+04 4.092853869314e+02 1.052110284248e+00 4.097007962517e+02 9.870416206387e-01 3.852896882882e-01 1.941380877932e+00 5.334127797968e-01 8.838406047169e-02 6.003758277658e-01
1.809465599971e+04 4.092853282818e+02 1.051714295709e+00 4.097007008164e+02 9.848595731324e-01 3.828737974017e-01 1.932929526582e+00 5.276669059289e-01 8.655878158756e-02 5.942235328405e-01
1.809475799971e+04 4.092852709125e+02 1.051338075880e+00 4.097006070619e+02 9.827127127036e-01 3.804404692848e-01 1.924449906875e+00 5.217537500924e-01 8.471920395513e-02 5.879593784976e-01
1.809485999971e+04 4.092852148992e+02 1.050978988754e+00 4.097005151088e+02 9.806026847451e-01 3.780001182258e-01 1.915947862334e+00 5.156820261681e-01 8.286658709588e-02 5.815939438893e-01
1.809496199971e+04 4.092851603179e+02 1.050639309450e+00 4.097004250784e+02 9.785310554639e-01 3.757284196605e-01 1.907429388918e+00 5.094626424269e-01 8.101950852618e-02 5.751398209204e-01
1.809506399971e+04 4.092851072444e+02 1.050318476696e+00 4.097003370925e+02 9.764993060536e-01 3.734515972885e-01 1.898900638654e+00 5.031074987905e-01 7.918722014171e-02 5.686105212103e-01
1.809516599971e+04 4.092850557547e+02 1.050015834264e+00 4.097002512740e+02 9.745088264682e-01 3.711702157462e-01 1.890367915456e+00 4.966289057265e-01 7.734478062704e-02 5.620199324368e-01
1.809526799971e+04 4.092850059256e+02 1.049731389990e+00 4.097001677469e+02 9.725609089149e-01 3.688847678178e-01 1.881837662462e+00 4.900391603574e-01 7.549548987331e-02 5.553819120089e-01
1.809536999971e+04 4.092849578352e+02 1.049466573326e+00 4.097000866374e+02 9.706567412060e-01 3.665956859147e-01 1.873316440738e+00 4.833513878273e-01 7.365538700941e-02 5.487109942642e-01
1.809547199971e+04 4.092849115630e+02 1.049220959564e+00 4.097000080733e+02 9.687974001250e-01 3.643033531436e-01 1.864810900043e+00 4.765802947415e-01 7.180800500964e-02 5.420230084603e-01
1.809557399971e+04 4.092848671909e+02 1.048989727589e+00 4.096999321853e+02 9.669838449819e-01 3.620081138192e-01 1.856327743289e+00 4.697434183495e-01 6.995642234747e-02 5.353361181020e-01
1.809567599971e+04 4.092848248025e+02 1.048774727764e+00 4.096998591059e+02 9.652169115421e-01 3.597102832760e-01 1.847873686972e+00 4.628624751822e-01 6.811115988961e-02 5.286719255264e-01
1.809577799971e+04 4.092847844835e+02 1.048580734912e+00 4.096997889698e+02 9.634973065181e-01 3.574101568243e-01 1.839455420275e+00 4.559638441150e-01 6.627030963123e-02 5.220557936782e-01
1.809587999971e+04 4.092847463212e+02 1.048402259572e+00 4.096997219131e+02 9.618256028103e-01 3.551080177021e-01 1.831079565621e+00 4.490801192730e-01 6.589288979059e-02 5.155180815358e-01
1.809598199971e+04 4.092847104045e+02 1.048238483033e+00 4.096996580726e+02 9.602022356709e-01 3.528041438752e-01 1.822752643522e+00 4.422508499986e-01 6.632041834666e-02 5.090946402882e-01
1.809608399971e+04 4.092846768226e+02 1.048086025777e+00 4.096995975849e+02 9.586274999494e-01 3.504988135566e-01 1.814481044666e+00 4.355235898312e-01 6.672406634048e-02 5.028275560758e-01
1.809618599971e+04 4.092846456648e+02 1.047947578664e+00 4.096995405848e+02 9.571015485551e-01 3.481923093379e-01 1.806271012278e+00 4.289546708721e-01 6.712004071673e-02 4.967656345570e-01
1.809628799971e+04 4.092846170187e+02 1.047824753623e+00 4.096994872036e+02 9.556243922491e-01 3.458849208641e-01 1.798128637662e+00 4.226093328902e-01 6.749502867916e-02 4.909643218636e-01
1.809638999971e+04 4.092845909689e+02 1.047710384957e+00 4.096994375668e+02 9.541959008434e-01 3.435769460293e-01 1.790059871295e+00 4.165609899319e-01 6.784519241054e-02 4.854849023061e-01
1.809649199971e+04 4.092845675950e+02 1.047608198551e+00 4.096993917919e+02 9.528158058525e-01 3.413266364443e-01 1.782070550749e+00 4.108895032474e-01 6.817044022685e-02 4.803928974188e-01
1.809659399971e+04 4.092845469704e+02 1.047517748493e+00 4.096993499856e+02 9.514837045987e-01 3.391775303035e-01 1.774166445174e+00 4.056785034384e-01 6.847196417359e-02 4.757557448318e-01
1.809669599971e+04 4.092845291597e+02 1.047430896387e+00 4.096993122416e+02 9.501990657319e-01 3.370283129476e-01 1.766353314201e+00 4.010114612537e-01 6.882899510009e-02 4.716395387858e-01
1.809679799971e+04 4.092845142174e+02 1.047357051929e+00 4.096992786375e+02 9.489612360791e-01 3.348792121601e-01 1.758636977129e+00 3.969675753720e-01 6.916109226731e-02 4.681057680124e-01
1.809689999971e+04 4.092845021863e+02 1.047294443661e+00 4.096992492333e+02 9.477694486994e-01 3.327304705742e-01 1.751023386332e+00 3.936167699511e-01 6.946778010902e-02 4.652074435162e-01
1.809700199971e+04 4.092844930965e+02 1.047228246817e+00 4.096992240692e+02 9.466228319847e-01 3.306399213506e-01 1.743518697082e+00 3.910154288810e-01 6.974855833842e-02 4.629859653941e-01
1.809710399971e+04 4.092844869641e+02 1.047179736176e+00 4.096992031647e+02 9.455204196205e-01 3.287309354577e-01 1.736129324677e+00 3.892024326556e-01 7.011648577256e-02 4.614682923404e-01
1.809720599971e+04 4.092844837917e+02 1.047136189642e+00 4.096991865177e+02 9.444611612032e-01 3.268270997648e-01 1.728861979238e+00 3.881966333914e-01 7.046173329999e-02 4.606652930131e-01
1.809730799971e+04 4.092844835680e+02 1.047094439826e+00 4.096991741054e+02 9.434439333021e-01 3.249282089797e-01 1.721723668996e+00 3.879961383042e-01 7.077657962601e-02 4.605715087422e-01
1.809740999971e+04 4.092844862695e+02 1.047052075560e+00 4.096991658845e+02 9.424675507567e-01 3.230340556466e-01 1.714721664692e+00 3.885793185722e-01 7.106027569102e-02 4.611662007197e-01
1.809751199971e+04 4.092844918612e+02 1.047016203330e+00 4.096991617941e+02 9.415307780060e-01 3.211444285715e-01 1.707863420686e+00 3.899077978269e-01 7.131214431262e-02 4.624158790094e-01
1.809761399971e+04 4.092845002994e+02 1.046988190580e+00 4.096991617575e+02 9.406323402634e-01 3.192591108887e-01 1.701156452358e+00 3.919306073942e-01 7.153159824033e-02 4.642776531824e-01
1.809771599971e+04 4.092845115333e+02 1.046952828485e+00 4.096991656853e+02 9.397709343691e-01 3.173778780985e-01 1.694608173855e+00 3.945887843080e-01 7.171814772341e-02 4.667028481287e-01
1.809781799971e+04 4.092845255071e+02 1.046935235779e+00 4.096991734781e+02 9.389452391725e-01 3.155004964226e-01 1.688225704580e+00 3.978193545319e-01 7.187139875455e-02 4.696400533681e-01
1.809791999971e+04 4.092845421621e+02 1.046907536597e+00 4.096991850292e+02 9.381539253271e-01 3.136267218172e-01 1.682015656300e+00 4.015581142783e-01 7.201403912374e-02 4.730371572276e-01
1.809802199971e+04 4.092845614367e+02 1.046892207525e+00 4.096992002260e+02 9.373956644022e-01 3.117562999476e-01 1.675983914912e+00 4.057405831113e-01 7.214715333412e-02 4.768418602274e-01
1.809812399971e+04 4.092845832668e+02 1.046873260617e+00 4.096992189503e+02 9.366691372470e-01 3.099390174661e-01 1.670135431335e+00 4.103010725905e-01 7.230176744037e-02 4.810006204024e-01
1.809822599971e+04 4.092846075847e+02 1.046846743593e+00 4.096992410788e+02 9.359730415654e-01 3.081974942825e-01 1.664474034819e+00 4.151708186714e-01 7.242423978092e-02 4.854568263586e-01
1.809832799971e+04 4.092846343169e+02 1.046834246846e+00 4.096992664809e+02 9.353060986885e-01 3.064587925874e-01 1.659002279665e+00 4.202755802369e-01 7.251440509708e-02 4.901485345795e-01
1.809842999971e+04 4.092846633821e+02 1.046805140527e+00 4.096992950177e+02 9.346670595529e-01 3.048707338258e-01 1.653721333451e+00 4.255345116698e-01 7.257203517727e-02 4.950073215594e-01
1.809853199971e+04 4.092846946891e+02 1.046798271045e+00 4.096993265401e+02 9.340547099122e-01 3.033027834900e-01 1.648630912008e+00 4.308606313271e-01 7.259684869788e-02 4.999585533540e-01
1.809863399971e+04 4.092847281355e+02 1.046765491174e+00 4.096993608885e+02 9.334678748174e-01 3.017377870200e-01 1.643729263797e+00 4.361643595201e-01 7.258854340334e-02 5.049243737884e-01
1.809873599971e+04 4.092847636083e+02 1.046763760567e+00 4.096993978929e+02 9.329054224031e-01 3.001750438617e-01 1.639013203990e+00 4.413597574261e-01 7.261505613066e-02 5.098291331956e-01
1.809883799971e+04 4.092848009853e+02 1.046738356271e+00 4.096994373763e+02 9.323662669920e-01 2.986138790245e-01 1.634478196415e+00 4.463719542932e-01 7.261633995228e-02 5.146059637886e-01
1.809893999971e+04 4.092848401396e+02 1.046727550521e+00 4.096994791579e+02 9.318493715024e-01 2.970536530181e-01 1.630118479635e+00 4.511448821328e-01 7.258037363440e-02 5.192037169180e-01
1.809904199971e+04 4.092848809440e+02 1.046708099622e+00 4.096995230590e+02 9.313537491003e-01 2.954937723751e-01 1.625927231851e+00 4.556447260007e-01 7.256011032012e-02 5.235902264634e-01
1.809914399971e+04 4.092849232757e+02 1.046688674352e+00 4.096995689075e+02 9.308784640080e-01 2.939337004583e-01 1.621896768196e+00 4.598597022382e-01 7.250520294340e-02 5.277523553134e-01
1.809924599971e+04 4.092849670201e+02 1.046663230791e+00 4.096996165421e+02 9.304226313726e-01 2.923729682342e-01 1.618018762999e+00 4.637936138552e-01 7.242663730579e-02 5.316905572703e-01
1.809934799971e+04 4.092850120718e+02 1.046641026938e+00 4.096996658132e+02 9.299854161315e-01 2.908111846846e-01 1.614284488527e+00 4.674556460953e-01 7.233840197436e-02 5.354100743587e-01
1.809944999971e+04 4.092850583330e+02 1.046605444399e+00 4.096997165814e+02 9.295660308808e-01 2.892480465427e-01 1.610685060656e+00 4.708484820722e-01 7.221257670627e-02 5.389105975589e-01
1.809955199971e+04 4.092851057093e+02 1.046594459383e+00 4.096997687127e+02 9.291637328597e-01 2.876833470641e-01 1.607211681189e+00 4.739598648697e-01 7.390052174906e-02 5.421789011845e-01
1.809965399971e+04 4.092851541038e+02 1.046559489492e+00 4.096998220737e+02 9.287778202694e-01 2.862131460807e-01 1.603855866758e+00 4.767598644289e-01 7.559476519500e-02 5.451864678935e-01
1.809975599971e+04 4.092852034132e+02 1.046539753861e+00 4.096998765261e+02 9.284076282267e-01 2.848012691130e-01 1.600609655471e+00 4.792060009950e-01 7.722480421140e-02 5.478940164998e-01
1.809985799971e+04 4.092852535243e+02 1.046516395754e+00 4.096999319249e+02 9.280525246841e-01 2.833899793663e-01 1.597465784069e+00 4.812558945900e-01 7.879266721678e-02 5.502626518011e-01
1.809995999971e+04 4.092853043166e+02 1.046483262674e+00 4.096999881197e+02 9.277119066118e-01 2.819791968021e-01 1.594417829812e+00 4.828827182013e-01 8.030090934156e-02 5.522674790726e-01
1.810006199971e+04 4.092853556669e+02 1.046458271216e+00 4.097000449604e+02 9.273851966464e-01 2.807768953074e-01 1.591460312565e+00 4.840901546331e-01 8.175269707129e-02 5.539107413385e-01
1.810016399971e+04 4.092854074583e+02 1.046427792198e+00 4.097001023063e+02 9.270718402862e-01 2.795795322378e-01 1.588588754383e+00 4.849194517567e-01 8.315182320946e-02 5.552279514298e-01
1.810026599971e+04 4.092854595897e+02 1.046396249023e+00 4.097001600359e+02 9.267713035938e-01 2.783780448610e-01 1.585799696795e+00 4.854475614270e-01 8.450264443097e-02 5.562861252634e-01
1.810036799971e+04 4.092855119838e+02 1.046351064359e+00 4.097002180550e+02 9.264830712837e-01 2.771723822256e-01 1.583090679408e+00 4.857748217216e-01 8.580992998006e-02 5.571728265922e-01
1.810046999971e+04 4.092855645911e+02 1.046327845076e+00 4.097002763017e+02 9.262066450500e-01 2.759626170261e-01 1.580460186099e+00 4.860066635360e-01 8.707865237480e-02 5.579800322083e-01
1.810057199971e+04 4.092856173897e+02 1.046284141136e+00 4.097003347456e+02 9.259415420284e-01 2.747489427500e-01 1.577907565532e+00 4.862341164014e-01 8.831375691025e-02 5.587870600936e-01
1.810067399971e+04 4.092856703800e+02 1.046242891297e+00 4.097003933825e+02 9.256872933687e-01 2.735316690595e-01 1.575432931461e+00 4.865188574297e-01 8.951995906399e-02 5.596475823683e-01
1.810077599971e+04 4.092857235750e+02 1.046234632711e+00 4.097004522257e+02 9.254434429866e-01 2.723112156425e-01 1.573037046541e+00 4.868856156580e-01 9.070160126540e-02 5.605831244955e-01
1.810087799971e+04 4.092857769910e+02 1.046275971424e+00 4.097005112953e+02 9.252095466335e-01 2.710881048313e-01 1.570721192749e+00 4.873238868658e-01 9.186259432496e-02 5.615846784108e-01
1.810097999971e+04 4.092858306381e+02 1.046294724463e+00 4.097005706093e+02 9.249851714472e-01 2.698629533226e-01 1.568487032255e+00 4.877974435527e-01 9.300643786252e-02 5.626210511531e-01
1.810108199971e+04 4.092858845143e+02 1.046294627157e+00 4.097006301771e+02 9.247698961200e-01 2.686364633478e-01 1.566336463738e+00 4.882588644601e-01 9.413629790325e-02 5.636515094959e-01
1.810118399971e+04 4.092859386048e+02 1.046332435579e+00 4.097006899986e+02 9.245633117451e-01 2.674094136202e-01 1.564271479597e+00 4.886653208238e-01 9.525510802802e-02 5.646394503321e-01
1.810128599971e+04 4.092859928842e+02 1.046341867110e+00 4.097007500661e+02 9.243650233102e-01 2.661826503584e-01 1.562294029091e+00 4.889916389231e-01 9.636565672471e-02 5.655636512981e-01
1.810138799971e+04 4.092860473231e+02 1.046354982714e+00 4.097008103702e+02 9.241746517068e-01 2.649570786381e-01 1.560405891748e+00 4.892370259820e-01 9.747062774974e-02 5.664239858313e-01
1.810148999971e+04 4.092861018952e+02 1.046366287286e+00 4.097008709069e+02 9.239918360642e-01 2.637336542837e-01 1.558608565061e+00 4.894242805043e-01 9.857258008337e-02 5.672406104623e-01
1.810159199971e+04 4.092861565833e+02 1.046381525695e+00 4.097009316831e+02 9.238162361916e-01 2.625911485496e-01 1.556903170518e+00 4.895924116232e-01 9.967387295338e-02 5.680474659129e-01
1.810169399971e+04 4.092862113835e+02 1.046393767100e+00 4.097009927197e+02 9.236475349492e-01 2.616398219023e-01 1.555290381528e+00 4.897844025224e-01 1.007765488280e-01 5.688816376200e-01
1.810179599971e+04 4.092862663043e+02 1.046391662438e+00 4.097010540516e+02 9.234854404394e-01 2.606897785970e-01 1.553770375434e+00 4.900355475785e-01 1.018822211820e-01 5.697732877421e-01
1.810189799971e+04 4.092863213636e+02 1.046412107205e+00 4.097011157230e+02 9.233296880019e-01 2.597416528224e-01 1.552342809610e+00 4.903642552174e-01 1.029919879934e-01 5.707377823975e-01
1.810199999971e+04 4.092863765829e+02 1.046404831653e+00 4.097011777814e+02 9.231800420731e-01 2.587961177035e-01 1.551006819736e+00 4.907682199023e-01 1.041064018753e-01 5.717724835501e-01
1.810210199971e+04 4.092864319803e+02 1.046414455078e+00 4.097012402708e+02 9.230362980106e-01 2.579148614191e-01 1.549761037437e+00 4.912258618076e-01 1.052255004298e-01 5.728580780211e-01
1.810220399971e+04 4.092864875655e+02 1.046434416370e+00 4.097013032256e+02 9.228982839872e-01 2.571602927090e-01 1.548603624525e+00 4.917023717949e-01 1.063488923793e-01 5.739638436852e-01
1.810230599971e+04 4.092865433361e+02 1.046426865519e+00 4.097013666672e+02 9.227658630159e-01 2.564025387722e-01 1.547532321471e+00 4.921580640913e-01 1.074758755918e-01 5.750548642372e-01
1.810240799971e+04 4.092865992772e+02 1.046426405467e+00 4.097014306027e+02 9.226389351152e-01 2.556423347313e-01 1.546544507548e+00 4.925568864911e-01 1.086055635379e-01 5.760993448349e-01
1.810250999971e+04 4.092866553635e+02 1.046446044976e+00 4.097014950276e+02 9.225174395619e-01 2.548804653910e-01 1.545637269297e+00 4.928736014256e-01 1.097370006925e-01 5.770747561123e-01
1.810261199971e+04 4.092867115629e+02 1.046438340349e+00 4.097015599286e+02 9.224013571347e-01 2.541177649068e-01 1.544807473038e+00 4.930973684905e-01 1.108692428571e-01 5.779708708548e-01
1.810271399971e+04 4.092867678419e+02 1.046436599400e+00 4.097016252892e+02 9.222907122279e-01 2.533551170220e-01 1.544051836840e+00 4.932322174027e-01 1.120014030063e-01 5.787901246007e-01
1.810281599971e+04 4.092868241691e+02 1.046437139988e+00 4.097016910935e+02 9.221855747130e-01 2.525934557085e-01 1.543366997952e+00 4.932935380722e-01 1.131326527432e-01 5.795445735361e-01
1.810291799971e+04 4.092868805192e+02 1.046437427356e+00 4.097017573293e+02 9.220860614491e-01 2.518337660333e-01 1.542749572896e+00 4.933022676899e-01 1.142621922478e-01 5.802509072631e-01
1.810301999971e+04 4.092869368734e+02 1.046434348485e+00 4.097018239895e+02 9.219923373809e-01 2.510770850815e-01 1.542196208882e+00 4.932786885280e-01 1.153892067021e-01 5.809251629111e-01
1.810312199971e+04 4.092869932187e+02 1.046415852666e+00 4.097018910708e+02 9.219046162144e-01 2.503245027745e-01 1.541703626515e+00 4.932365486267e-01 1.165128173789e-01 5.815777513436e-01
1.810322399971e+04 4.092870495448e+02 1.046424838218e+00 4.097019585709e+02 9.218231607075e-01 2.495771624476e-01 1.541268654904e+00 4.931806168095e-01 1.176320603443e-01 5.822114296020e-01
1.810332599971e+04 4.092871058418e+02 1.046421589485e+00 4.097020264860e+02 9.217482826544e-01 2.488362610703e-01 1.540888261163e+00 4.931069778071e-01 1.187458916196e-01 5.828216065016e-01
1.810342799971e+04 4.092871620966e+02 1.046390910573e+00 4.097020948075e+02 9.216803426586e-01 2.481030490203e-01 1.540559576791e+00 4.930066085687e-01 1.198532271950e-01 5.833994182332e-01
1.810352999971e+04 4.092872182926e+02 1.046399094044e+00 4.097021635214e+02 9.216197497809e-01 2.473788293409e-01 1.540279923180e+00 4.928708790057e-01 1.209530075131e-01 5.839364059101e-01
1.810363199971e+04 4.092872744104e+02 1.046405409495e+00 4.097022326091e+02 9.215669611131e-01 2.466649564308e-01 1.540046837544e+00 4.926970101284e-01 1.220442663180e-01 5.844291237814e-01
1.810373399971e+04 4.092873304303e+02 1.046384408011e+00 4.097023020506e+02 9.215224812769e-01 2.459628341290e-01 1.539858099107e+00 4.924914800804e-01 1.231261812712e-01 5.848819864571e-01
1.810383599971e+04 4.092873863366e+02 1.046364011520e+00 4.097023718281e+02 9.214868617900e-01 2.452739131716e-01 1.539711754045e+00 4.922700707702e-01 1.241980892262e-01 5.853072702836e-01
1.810393799971e+04 4.092874421205e+02 1.046379914970e+00 4.097024419296e+02 9.214607002078e-01 2.446203474614e-01 1.539606136990e+00 4.920542695152e-01 1.252594579918e-01 5.857220535890e-01
1.810403999971e+04 4.092874977817e+02 1.046368586117e+00 4.097025123503e+02 9.214446389357e-01 2.441503470050e-01 1.539539886930e+00 4.918647524487e-01 1.263098185934e-01 5.861427316604e-01
1.810414199971e+04 4.092875533267e+02 1.046342095602e+00 4.097025830917e+02 9.214393636426e-01 2.436883025566e-01 1.539511955937e+00 4.917143970971e-01 1.273486822715e-01 5.865791753589e-01
1.810424399971e+04 4.092876087652e+02 1.046346333340e+00 4.097026541576e+02 9.214456012615e-01 2.440204502045e-01 1.539521609897e+00 4.916027195370e-01 1.283754660550e-01 5.870301172081e-01
1.810434599971e+04 4.092876641040e+02 1.046333132213e+00 4.097027255486e+02 9.214641176396e-01 2.452634460750e-01 1.539568421201e+00 4.915137935795e-01 1.293894546272e-01 5.874814698632e-01
1.810444799971e+04 4.092877193402e+02 1.046508236460e+00 4.097027972559e+02 9.214957149605e-01 2.464169068395e-01 1.539652254108e+00 4.914184223549e-01 1.303898128370e-01 5.879081972540e-01
1.810454999971e+04 4.092877744569e+02 1.046830071351e+00 4.097028692563e+02 9.215412290976e-01 2.474813484559e-01 1.539773244328e+00 4.912802635346e-01 1.313756484640e-01 5.882794690014e-01
1.810465199971e+04 4.092878294208e+02 1.047123808085e+00 4.097029415113e+02 9.216015270489e-01 2.484573537898e-01 1.539931774990e+00 4.910648014640e-01 1.323461128198e-01 5.885661609093e-01
1.810475399971e+04 4.092878841845e+02 1.047410895920e+00 4.097030139686e+02 9.216775045610e-01 2.493455401832e-01 1.540128451278e+00 4.907484103288e-01 1.333005068891e-01 5.887483935961e-01
1.810485599971e+04 4.092879386915e+02 1.047740587204e+00 4.097030865680e+02 9.217700839780e-01 2.501465279502e-01 1.540364075473e+00 4.903256307706e-01 1.342383710339e-01 5.888215426666e-01
1.810495799971e+04 4.092879928851e+02 1.048041622318e+00 4.097031592499e+02 9.218802122736e-01 2.508609109127e-01 1.540639623171e+00 4.898116296314e-01 1.351595222408e-01 5.887982029461e-01
1.810505999971e+04 4.092880467165e+02 1.048351849499e+00 4.097032319639e+02 9.220088591612e-01 2.514892297561e-01 1.540956220556e+00 4.892395513218e-01 1.360640313606e-01 5.887058894284e-01
1.810516199971e+04 4.092881001527e+02 1.048659401885e+00 4.097033046767e+02 9.221570151436e-01 2.520319486158e-01 1.541315122157e+00 4.886532893801e-01 1.369521390769e-01 5.885809486952e-01
1.810526399971e+04 4.092881531800e+02 1.048958922623e+00 4.097033773757e+02 9.223256893682e-01 2.524894349519e-01 1.541717688554e+00 4.880973801743e-01 1.378241212323e-01 5.884601273943e-01
1.810536599971e+04 4.092882058044e+02 1.049253530568e+00 4.097034500687e+02 9.225159071966e-01 2.528619424601e-01 1.542165363612e+00 4.876072468318e-01 1.386801375822e-01 5.883724910182e-01
1.810546799971e+04 4.092882580462e+02 1.049583187875e+00 4.097035227790e+02 9.227287074666e-01 2.531495965384e-01 1.542659650809e+00 4.872014799907e-01 1.395200879990e-01 5.883330781484e-01
1.810556999971e+04 4.092883099313e+02 1.049883003792e+00 4.097035955366e+02 9.229651395023e-01 2.533523816995e-01 1.543202088094e+00 4.868781097366e-01 1.403435129942e-01 5.883398807232e-01
1.810567199971e+04 4.092883614809e+02 1.050152735702e+00 4.097036683671e+02 9.232262599977e-01 2.534701302895e-01 1.543794220792e+00 4.866145937651e-01 1.411495491326e-01 5.883738922003e-01
1.810577399971e+04 4.092884127005e+02 1.050494103516e+00 4.097037412805e+02 9.235131299402e-01 2.535025119240e-01 1.544437572655e+00 4.863717436631e-01 1.419369524590e-01 5.884023907158e-01
1.810587599971e+04 4.092884635716e+02 1.050820958663e+00 4.097038142630e+02 9.238268117469e-01 2.534490231698e-01 1.545133616116e+00 4.861007599319e-01 1.427041794170e-01 5.883847682421e-01
1.810597799971e+04 4.092885140467e+02 1.051117164369e+00 4.097038872711e+02 9.241683667557e-01 2.533089771327e-01 1.545883743600e+00 4.857521948392e-01 1.434495041049e-01 5.882799352170e-01
1.810607999971e+04 4.092885640495e+02 1.051383388159e+00 4.097039602316e+02 9.245388531469e-01 2.530814927371e-01 1.546689241852e+00 4.852857838051e-01 1.441711519167e-01 5.880544296798e-01
1.810618199971e+04 4.092886134789e+02 1.051737743272e+00 4.097040330452e+02 9.249393242942e-01 2.527654835625e-01 1.547551270491e+00 4.846788609040e-01 1.448674181011e-01 5.876893418349e-01
1.810628399971e+04 4.092886622173e+02 1.052060898971e+00 4.097041055940e+02 9.253708274592e-01 2.523596461253e-01 1.548470844689e+00 4.839313893854e-01 1.455367487585e-01 5.871844243936e-01
1.810638599971e+04 4.092887101407e+02 1.052352600171e+00 4.097041777519e+02 9.258344026788e-01 2.518624474558e-01 1.549448820709e+00 4.830663213979e-01 1.461777712542e-01 5.865583309150e-01
1.810648799971e+04 4.092887571294e+02 1.052667219344e+00 4.097042493940e+02 9.263310816535e-01 2.512721117348e-01 1.550485882619e+00 4.821252643259e-01 1.467892731205e-01 5.858449806583e-01
1.810658999971e+04 4.092888030767e+02 1.052989644586e+00 4.097043204053e+02 9.268618864412e-01 2.505866056517e-01 1.551582528801e+00 4.811603428287e-01 1.473701300358e-01 5.850868103675e-01
1.810669199971e+04 4.092888478952e+02 1.053298439498e+00 4.097043906867e+02 9.274278277837e-01 2.498036220615e-01 1.552739057714e+00 4.802248842967e-01 1.479192048408e-01 5.843271009121e-01
1.810679399971e+04 4.092888915194e+02 1.053607247123e+00 4.097044601569e+02 9.280299029438e-01 2.489205614907e-01 1.553955553080e+00 4.793653502748e-01 1.484352384072e-01 5.836033773384e-01
1.810689599971e+04 4.092889339042e+02 1.053919763597e+00 4.097045287509e+02 9.286690929956e-01 2.479345111105e-01 1.555231868963e+00 4.786161781355e-01 1.489167500391e-01 5.829432354718e-01
1.810699799971e+04 4.092889750206e+02 1.054209208592e+00 4.097045964156e+02 9.293463595749e-01 2.468422209859e-01 1.556567615127e+00 4.779983628411e-01 1.493619678975e-01 5.823632509921e-01
1.810709999971e+04 4.092890148495e+02 1.054546441856e+00 4.097046631030e+02 9.300626411498e-01 2.456400777284e-01 1.557962142817e+00 4.775213263365e-01 1.497687994843e-01 5.818705768744e-01
1.810720199971e+04 4.092890533741e+02 1.054850646115e+00 4.097047287630e+02 9.308188489148e-01 2.443240761344e-01 1.559414531229e+00 4.771869495704e-01 1.501348468513e-01 5.814662958738e-01
1.810730399971e+04 4.092890905740e+02 1.055121586617e+00 4.097047933377e+02 9.316158624267e-01 2.428897899515e-01 1.560923575350e+00 4.769943750142e-01 1.504574615400e-01 5.811493884666e-01
1.810740599971e+04 4.092891264196e+02 1.055476594506e+00 4.097048567560e+02 9.324545251014e-01 2.427129060114e-01 1.562487776527e+00 4.769443469602e-01 1.507338265425e-01 5.809203144589e-01
1.810750799971e+04 4.092891608702e+02 1.055798972712e+00 4.097049189323e+02 9.333356396782e-01 2.433989142900e-01 1.564105337694e+00 4.770423773427e-01 1.509610582351e-01 5.807836339598e-01
1.810760999971e+04 4.092891938741e+02 1.056087505580e+00 4.097049797669e+02 9.342599637274e-01 2.441368758550e-01 1.565774165399e+00 4.773001107621e-01 1.511363116689e-01 5.807491601308e-01
1.810771199971e+04 4.092892253709e+02 1.056398170238e+00 4.097050391501e+02 9.352282052577e-01 2.449266638473e-01 1.567491880537e+00 4.777347330906e-01 1.512568752823e-01 5.808315167331e-01
1.810781399971e+04 4.092892552969e+02 1.056738759965e+00 4.097050969679e+02 9.362410184470e-01 2.457680335983e-01 1.569255839392e+00 4.783664227955e-01 1.513202530259e-01 5.810480941546e-01
1.810791599971e+04 4.092892835909e+02 1.057044939321e+00 4.097051531089e+02 9.372989995088e-01 2.466606216424e-01 1.571063166412e+00 4.792143667677e-01 1.513242159140e-01 5.814158207294e-01
1.810801799971e+04 4.092893102005e+02 1.057348050570e+00 4.097052074729e+02 9.384026826918e-01 2.476039448815e-01 1.572910800403e+00 4.802919643380e-01 1.512668364067e-01 5.819472455752e-01
1.810811999971e+04 4.092893350884e+02 1.057678917421e+00 4.097052599775e+02 9.395525364110e-01 2.485973998898e-01 1.574795556505e+00 4.816024760088e-01 1.511464881677e-01 5.826469505411e-01
1.810822199971e+04 4.092893582367e+02 1.057990257077e+00 4.097053105649e+02 9.407489595145e-01 2.496402623423e-01 1.576714207007e+00 4.831359797238e-01 1.509618370523e-01 5.835089930309e-01
1.810832399971e+04 4.092893796501e+02 1.058304628553e+00 4.097053592058e+02 9.419922776975e-01 2.507316865431e-01 1.578663584468e+00 4.848688076342e-01 1.507118093957e-01 5.845163534333e-01
1.810842599971e+04 4.092893993554e+02 1.058616331083e+00 4.097054059007e+02 9.432827400893e-01 2.518707050227e-01 1.580640710171e+00 4.867657840264e-01 1.503955573026e-01 5.856426777466e-01
1.810852799971e+04 4.092894174003e+02 1.058922607793e+00 4.097054506798e+02 9.446205160472e-01 2.532076022185e-01 1.582642949674e+00 4.887847280209e-01 1.500124302149e-01 5.868559089493e-01
1.810862999971e+04 4.092894338484e+02 1.059252582133e+00 4.097054935987e+02 9.460056922058e-01 2.546398864514e-01 1.584668195023e+00 4.908828702912e-01 1.495619496240e-01 5.881235554521e-01
1.810873199971e+04 4.092894487732e+02 1.059546625929e+00 4.097055347335e+02 9.474382698323e-01 2.561120332365e-01 1.586715070602e+00 4.930233557509e-01 1.490438053209e-01 5.894181032583e-01
1.810883399971e+04 4.092894622507e+02 1.059865047346e+00 4.097055741728e+02 9.489181625469e-01 2.576220630158e-01 1.588783156697e+00 4.951809455679e-01 1.484578682987e-01 5.907218344196e-01
1.810893599971e+04 4.092894743513e+02 1.060203939565e+00 4.097056120104e+02 9.504451944660e-01 2.591678863839e-01 1.590873222274e+00 4.973455804151e-01 1.478042273751e-01 5.920299141925e-01
1.810903799971e+04 4.092894851329e+02 1.060506379140e+00 4.097056483372e+02 9.520190988217e-01 2.607473031453e-01 1.592987456191e+00 4.995234896482e-01 1.470832446713e-01 5.933514469900e-01
1.810913999971e+04 4.092894946345e+02 1.060808002346e+00 4.097056832338e+02 9.536395171019e-01 2.623580014452e-01 1.595129684480e+00 5.017357288103e-01 1.462956281834e-01 5.947083645045e-01
1.810924199971e+04 4.092895028728e+02 1.061155578264e+00 4.097057167658e+02 9.553059987373e-01 2.639975571255e-01 1.597305560463e+00 5.040143529290e-01 1.454425167506e-01 5.961322863449e-01
1.810934399971e+04 4.092895098406e+02 1.061466212578e+00 4.097057489802e+02 9.570180013434e-01 2.656634334195e-01 1.599522714557e+00 5.063974436867e-01 1.445255600616e-01 5.976603560006e-01
1.810944599971e+04 4.092895155087e+02 1.061779096677e+00 4.097057799058e+02 9.587748914951e-01 2.673529809929e-01 1.601790851841e+00 5.089230125047e-01 1.435469914411e-01 5.993300576025e-01
1.810954799971e+04 4.092895198309e+02 1.062107812201e+00 4.097058095551e+02 9.605759459861e-01 2.690634381604e-01 1.604121787825e+00 5.116228225265e-01 1.425096742439e-01 6.011738863434e-01
1.810964999971e+04 4.092895227510e+02 1.062426376802e+00 4.097058379294e+02 9.624203534964e-01 2.707919308567e-01 1.606529416337e+00 5.145163647948e-01 1.414171130516e-01 6.032140698874e-01
1.810975199971e+04 4.092895242114e+02 1.062746764702e+00 4.097058650255e+02 9.643072165700e-01 2.725354716243e-01 1.609029607626e+00 5.176056858703e-01 1.402734170899e-01 6.054579365016e-01
1.810985399971e+04 4.092895241634e+02 1.063047412543e+00 4.097058908430e+02 9.662355537888e-01 2.742909565411e-01 1.611640039071e+00 5.208716604787e-01 1.390832110102e-01 6.078944510596e-01
1.810995599971e+04 4.092895225760e+02 1.063386652966e+00 4.097059153915e+02 9.682043020254e-01 2.760551586889e-01 1.614379964696e+00 5.242723001627e-01 1.378514931769e-01 6.104924542594e-01
1.811005799971e+04 4.092895194436e+02 1.063698922385e+00 4.097059386969e+02 9.702123186673e-01 2.778247165462e-01 1.617269932273e+00 5.277445550798e-01 1.365834385246e-01 6.132019033679e-01
1.811015999971e+04 4.092895147912e+02 1.064002977487e+00 4.097059608046e+02 9.722583837217e-01 2.795961156548e-01 1.620331457853e+00 5.312092256544e-01 1.352841642753e-01 6.159578519183e-01
1.811026199971e+04 4.092895086763e+02 1.064353047909e+00 4.097059817811e+02 9.743412017432e-01 2.813656621604e-01 1.623586667103e+00 5.345795117998e-01 1.339584650764e-01 6.186876817119e-01
1.811036399971e+04 4.092895011872e+02 1.064664678354e+00 4.097060017113e+02 9.764594035560e-01 2.831294474562e-01 1.627057911287e+00 5.377716495922e-01 1.326105400399e-01 6.213202907099e-01
1.811046599971e+04 4.092894924383e+02 1.064971820392e+00 4.097060206938e+02 9.786115477852e-01 2.848833042366e-01 1.630767363953e+00 5.407161385056e-01 1.312437288487e-01 6.237959392939e-01
1.811056799971e+04 4.092894825617e+02 1.065321371469e+00 4.097060388329e+02 9.807961222352e-01 2.866227558259e-01 1.634736603330e+00 5.433673734077e-01 1.298602758423e-01 6.260748180119e-01
1.811066999971e+04 4.092894716983e+02 1.065632055279e+00 4.097060562301e+02 9.830115451829e-01 2.883429626507e-01 1.638986185987e+00 5.457099233180e-01 1.284611405354e-01 6.281427410822e-01
1.811077199971e+04 4.092894599865e+02 1.065961599584e+00 4.097060729741e+02 9.852561666588e-01 2.900386720805e-01 1.643535219753e+00 5.477600847853e-01 1.270458693729e-01 6.300127045209e-01
1.811087399971e+04 4.092894475526e+02 1.066283710502e+00 4.097060891320e+02 9.875282697861e-01 2.917041803615e-01 1.648400948199e+00 5.495626339824e-01 1.256125380277e-01 6.317221985331e-01
1.811097599971e+04 4.092894345020e+02 1.066606914222e+00 4.097061047420e+02 9.898260722329e-01 2.933333177447e-01 1.653598364039e+00 5.511837855325e-01 1.241577677077e-01 6.333271442570e-01
1.811107799971e+04 4.092894209129e+02 1.066930863773e+00 4.097061198092e+02 9.921477278007e-01 2.949194697940e-01 1.659139873247e+00 5.527013348097e-01 1.226768202851e-01 6.348933281914e-01
1.811117999971e+04 4.092894068329e+02 1.067248555917e+00 4.097061343032e+02 9.944913281403e-01 2.964556488604e-01 1.665035033729e+00 5.541943613299e-01 1.211637622743e-01 6.364874385921e-01
1.811128199971e+04 4.092893922795e+02 1.067579054596e+00 4.097061481610e+02 9.968549045501e-01 2.979346293916e-01 1.671290390611e+00 5.557340324789e-01 1.196116879691e-01 6.381690732885e-01
1.811138399971e+04 4.092893772427e+02 1.067869543764e+00 4.097061612908e+02 9.992364297835e-01 2.993491587701e-01 1.677909423826e+00 5.573763337137e-01 1.188222946949e-01 6.399844504285e-01
1.811148599971e+04 4.092893616916e+02 1.068223732707e+00 4.097061735801e+02 1.001633819773e+00 3.006922514715e-01 1.684892613062e+00 5.591574933306e-01 1.186148422714e-01 6.419624865973e-01
1.811158799971e+04 4.092893455819e+02 1.068544058013e+00 4.097061849051e+02 1.004044935181e+00 3.019575684370e-01 1.692237611870e+00 5.610924024994e-01 1.183158648953e-01 6.441134906485e-01
1.811168999971e+04 4.092893288655e+02 1.068838049217e+00 4.097061951402e+02 1.006467582689e+00 3.031398758301e-01 1.699939509198e+00 5.631745529493e-01 1.179167576248e-01 6.464291718724e-01
1.811179199971e+04 4.092893114998e+02 1.069188279652e+00 4.097062041691e+02 1.008899516005e+00 3.042355682180e-01 1.707991145755e+00 5.653785357077e-01 1.174096476525e-01 6.488848620832e-01
1.811189399971e+04 4.092892934561e+02 1.069497634657e+00 4.097062118933e+02 1.011338436568e+00 3.052432313916e-01 1.716383446899e+00 5.676632956000e-01 1.167875247862e-01 6.514423772733e-01
1.811199599971e+04 4.092892747271e+02 1.069817191616e+00 4.097062182399e+02 1.013781994020e+00 3.061642104588e-01 1.725105734584e+00 5.699770500122e-01 1.160442943421e-01 6.540543143000e-01
1.811209799971e+04 4.092892553318e+02 1.070130598515e+00 4.097062231664e+02 1.016227786554e+00 3.070031406153e-01 1.734145988305e+00 5.722628439705e-01 1.151747644280e-01 6.566688937740e-01
1.811219999971e+04 4.092892353180e+02 1.070444200138e+00 4.097062266640e+02 1.018673361263e+00 3.077683922559e-01 1.743491037352e+00 5.744647940448e-01 1.157524855089e-01 6.592354001322e-01
1.811230199971e+04 4.092892147624e+02 1.070753203539e+00 4.097062287569e+02 1.021116214671e+00 3.084723798953e-01 1.753126681272e+00 5.765346172241e-01 1.171220072285e-01 6.617098677707e-01
1.811240399971e+04 4.092891937682e+02 1.071062923478e+00 4.097062295004e+02 1.023553793576e+00 3.091316865195e-01 1.763037749185e+00 5.784372547735e-01 1.184718309528e-01 6.640599715755e-01
1.811250599971e+04 4.092891724607e+02 1.071368998320e+00 4.097062289769e+02 1.025983496330e+00 3.097669619063e-01 1.773208118605e+00 5.801553086468e-01 1.198405934764e-01 6.662688680704e-01
1.811260799971e+04 4.092891509818e+02 1.071649144172e+00 4.097062272896e+02 1.028402674642e+00 3.104025651166e-01 1.783620719007e+00 5.816915779877e-01 1.211610473895e-01 6.683373601253e-01
1.811270999971e+04 4.092891294834e+02 1.071975913712e+00 4.097062245571e+02 1.030808635922e+00 3.110659372007e-01 1.794257544129e+00 5.830689566086e-01 1.225324074497e-01 6.702837418218e-01
1.811281199971e+04 4.092891081209e+02 1.072259434332e+00 4.097062209062e+02 1.033198646148e+00 3.122661812337e-01 1.805099690727e+00 5.843282847608e-01 1.238538031585e-01 6.721418497102e-01
1.811291399971e+04 4.092890870474e+02 1.072546362514e+00 4.097062164669e+02 1.035569933221e+00 3.164148512461e-01 1.816127432240e+00 5.855243929137e-01 1.251250849685e-01 6.739575438832e-01
1.811301599971e+04 4.092890664081e+02 1.072849870996e+00 4.097062113668e+02 1.037919690732e+00 3.206473721920e-01 1.827320325698e+00 5.867206584470e-01 1.263824172532e-01 6.757839179612e-01
1.811311799971e+04 4.092890463371e+02 1.073109124651e+00 4.097062057281e+02 1.040245082109e+00 3.249243698461e-01 1.838657341416e+00 5.879834506514e-01 1.276444521281e-01 6.776764497846e-01
1.811321999971e+04 4.092890269544e+02 1.073407482273e+00 4.097061996654e+02 1.042543245110e+00 3.292066773694e-01 1.850116999134e+00 5.893768083207e-01 1.288573923809e-01 6.796883986530e-01
1.811332199971e+04 4.092890083652e+02 1.073677809226e+00 4.097061932851e+02 1.044811296656e+00 3.334570685716e-01 1.861677492092e+00 5.909584662018e-01 1.300189530531e-01 6.818674144918e-01
1.811342399971e+04 4.092889906605e+02 1.073943234739e+00 4.097061866866e+02 1.047046338047e+00 3.376418425412e-01 1.873316782111e+00 5.927771168551e-01 1.311930863722e-01 6.842532479903e-01
1.811352599971e+04 4.092889739187e+02 1.074184776730e+00 4.097061799635e+02 1.049245460602e+00 3.417321420733e-01 1.885012653571e+00 5.948716134825e-01 1.323209024112e-01 6.868771571978e-01
1.811362799971e+04 4.092889582080e+02 1.074456684344e+00 4.097061732067e+02 1.051405751801e+00 3.457049090899e-01 1.896742721197e+00 5.972716337292e-01 1.334039091465e-01 6.897625789040e-01
1.811372999971e+04 4.092889435903e+02 1.074682138375e+00 4.097061665075e+02 1.053524301971e+00 3.495434133873e-01 1.908484394687e+00 5.999997549555e-01 1.344602555693e-01 6.929270116142e-01
1.811383199971e+04 4.092889301244e+02 1.074934241623e+00 4.097061599607e+02 1.055598211579e+00 3.532373329298e-01 1.920214811138e+00 6.030741868249e-01 1.354838342732e-01 6.963844530218e-01
1.811393399971e+04 4.092889178695e+02 1.075169120408e+00 4.097061536674e+02 1.057624599145e+00 3.567824089421e-01 1.931910752824e+00 6.065117989614e-01 1.364612764219e-01 7.001480800100e-01
1.811403599971e+04 4.092889068880e+02 1.075361751511e+00 4.097061477368e+02 1.059600609787e+00 3.601797406813e-01 1.943548572134e+00 6.103304811095e-01 1.374225172314e-01 7.042323421323e-01
1.811413799971e+04 4.092888972468e+02 1.075605452453e+00 4.097061422872e+02 1.061523424347e+00 3.634348167856e-01 1.955104146785e+00 6.145502177015e-01 1.383556588684e-01 7.086539366963e-01
1.811423999971e+04 4.092888890170e+02 1.075800862253e+00 4.097061374449e+02 1.063390269044e+00 3.665563979828e-01 1.966552886330e+00 6.191921149441e-01 1.392310625060e-01 7.134310036129e-01
1.811434199971e+04 4.092888822711e+02 1.076003712023e+00 4.097061333405e+02 1.065198425570e+00 3.695553677908e-01 1.977869805869e+00 6.242748434068e-01 1.400473098445e-01 7.185800634180e-01
1.811444399971e+04 4.092888770788e+02 1.076189172319e+00 4.097061301034e+02 1.066945241466e+00 3.724436546880e-01 1.989029675219e+00 6.298083327082e-01 1.408828076911e-01 7.241105339168e-01
1.811454599971e+04 4.092888734996e+02 1.076365666917e+00 4.097061278536e+02 1.068628140651e+00 3.752333046920e-01 2.000007242857e+00 6.357852470554e-01 1.416737460695e-01 7.300172514745e-01
1.811464799971e+04 4.092888715740e+02 1.076519283273e+00 4.097061266911e+02 1.070244633873e+00 3.779357525781e-01 2.010777524892e+00 6.421710659134e-01 1.424042963179e-01 7.362716774902e-01
1.811474999971e+04 4.092888713140e+02 1.076684437852e+00 4.097061266851e+02 1.071792328878e+00 3.806583072827e-01 2.021316141692e+00 6.488950585281e-01 1.430737819288e-01 7.428137589527e-01
1.811485199971e+04 4.092888726936e+02 1.076813911384e+00 4.097061278622e+02 1.073268940024e+00 3.833890393154e-01 2.031599679406e+00 6.558443937116e-01 1.437667566292e-01 7.495464098597e-01
1.811495399971e+04 4.092888756401e+02 1.076948596955e+00 4.097061301971e+02 1.074672297121e+00 3.860739895773e-01 2.041606051420e+00 6.628637758925e-01 1.444175526101e-01 7.563347646244e-01
1.811505599971e+04 4.092888800293e+02 1.077076074990e+00 4.097061336053e+02 1.076000353246e+00 3.887152679120e-01 2.051314835573e+00 6.697619465099e-01 1.450088665819e-01 7.630114863625e-01
1.811515799971e+04 4.092888856832e+02 1.077151558240e+00 4.097061379406e+02 1.077251191384e+00 3.913138768247e-01 2.060707566447e+00 6.763253270146e-01 1.455799536139e-01 7.693885019119e-01
1.811525999971e+04 4.092888923720e+02 1.077275808302e+00 4.097061429967e+02 1.078423029781e+00 3.938699106937e-01 2.069767967256e+00 6.823365708040e-01 1.461367432440e-01 7.752733025854e-01
1.811536199971e+04 4.092888998207e+02 1.077348230449e+00 4.097061485126e+02 1.079514225985e+00 3.963827375651e-01 2.078482111882e+00 6.875954012186e-01 1.466515878214e-01 7.804875244278e-01
1.811546399971e+04 4.092889077180e+02 1.077422551237e+00 4.097061541826e+02 1.080523279644e+00 3.988511579704e-01 2.086838513402e+00 6.919370828732e-01 1.471371997644e-01 7.848836412864e-01
1.811556599971e+04 4.092889157282e+02 1.077476167673e+00 4.097061596675e+02 1.081448834154e+00 4.013149374657e-01 2.094828140508e+00 6.952463738126e-01 1.475967363341e-01 7.883577355615e-01
1.811566799971e+04 4.092889235034e+02 1.077516609006e+00 4.097061646072e+02 1.082289677325e+00 4.037934973510e-01 2.102444367097e+00 6.974644442363e-01 1.480187045876e-01 7.908559851966e-01
1.811576999971e+04 4.092889306961e+02 1.077526238063e+00 4.097061686329e+02 1.083044741191e+00 4.062180496704e-01 2.109682863099e+00 6.985888166677e-01 1.484414174261e-01 7.923748121981e-01
1.811587199971e+04 4.092889369691e+02 1.077553016506e+00 4.097061713776e+02 1.083713101086e+00 4.085860685342e-01 2.116541436428e+00 6.986678567744e-01 1.488009524148e-01 7.929560103208e-01
1.811597399971e+04 4.092889420047e+02 1.077528314360e+00 4.097061724857e+02 1.084293974071e+00 4.108950136012e-01 2.123019836962e+00 6.977918482103e-01 1.491541682599e-01 7.926786788740e-01
1.811607599971e+04 4.092889455117e+02 1.077527285589e+00 4.097061716205e+02 1.084786716745e+00 4.131613177073e-01 2.129119533816e+00 6.960823511677e-01 1.494884616816e-01 7.916495335068e-01
1.811617799971e+04 4.092889472303e+02 1.077490037000e+00 4.097061684704e+02 1.085190822461e+00 4.154242526619e-01 2.134843476955e+00 6.936819943685e-01 1.497551163125e-01 7.899935693950e-01
1.811627999971e+04 4.092889469355e+02 1.077432808991e+00 4.097061627547e+02 1.085505917965e+00 4.176186210490e-01 2.140195853316e+00 6.907441401726e-01 1.500290333261e-01 7.878446559684e-01
1.811638199971e+04 4.092889444400e+02 1.077382640090e+00 4.097061542273e+02 1.085731759476e+00 4.197419472223e-01 2.145181846239e+00 6.874239438225e-01 1.502721768732e-01 7.853374555606e-01
1.811648399971e+04 4.092889395955e+02 1.077290601133e+00 4.097061426805e+02 1.085868228284e+00 4.217918075442e-01 2.149807405233e+00 6.838697257505e-01 1.504416544239e-01 7.825997487437e-01
1.811658599971e+04 4.092889322924e+02 1.077204251140e+00 4.097061279469e+02 1.085915325929e+00 4.237658287360e-01 2.154079031161e+00 6.802153685260e-01 1.506084331061e-01 7.797458034476e-01
1.811668799971e+04 4.092889224592e+02 1.077089710466e+00 4.097061098991e+02 1.085873169099e+00 4.256616843478e-01 2.158003580159e+00 6.765742924345e-01 1.507188923948e-01 7.768712589903e-01
1.811678999971e+04 4.092889100592e+02 1.076957899713e+00 4.097060884488e+02 1.085741984376e+00 4.274770903256e-01 2.161588088132e+00 6.730351847901e-01 1.507949383130e-01 7.740496427196e-01
1.811689199971e+04 4.092888950868e+02 1.076817766061e+00 4.097060635433e+02 1.085522102958e+00 4.292098007415e-01 2.164839616718e+00 6.696607262601e-01 1.508305552568e-01 7.713315518369e-01
1.811699399971e+04 4.092888775616e+02 1.076645018726e+00 4.097060351607e+02 1.085213955525e+00 4.308576047184e-01 2.167765121071e+00 6.664889027548e-01 1.508217500348e-01 7.687460842953e-01
1.811709599971e+04 4.092888575221e+02 1.076474978134e+00 4.097060033044e+02 1.084818067366e+00 4.324183254042e-01 2.170371339574e+00 6.635367628492e-01 1.507846953575e-01 7.663043510302e-01
1.811719799971e+04 4.092888350190e+02 1.076280951598e+00 4.097059679971e+02 1.084335053903e+00 4.338898215465e-01 2.172664705480e+00 6.608057598815e-01 1.506668106718e-01 7.640042939829e-01
1.811729999971e+04 4.092888101086e+02 1.076062886505e+00 4.097059292752e+02 1.083765616733e+00 4.352699918595e-01 2.174651280274e+00 6.582877137901e-01 1.505658923518e-01 7.618359661797e-01
1.811740199971e+04 4.092887828478e+02 1.075847455028e+00 4.097058871835e+02 1.083110540288e+00 4.366132960213e-01 2.176336708204e+00 6.559703916845e-01 1.504013105411e-01 7.597864162721e-01
1.811750399971e+04 4.092887532895e+02 1.075598317793e+00 4.097058417716e+02 1.082370689202e+00 4.378916992093e-01 2.177726190890e+00 6.538420124562e-01 1.501566304173e-01 7.578435947384e-01
1.811760599971e+04 4.092887214801e+02 1.075341032321e+00 4.097057930909e+02 1.081547006460e+00 4.390658486760e-01 2.178824480378e+00 6.518942172011e-01 1.499299593707e-01 7.559989056668e-01
1.811770799971e+04 4.092886874586e+02 1.075066545710e+00 4.097057411932e+02 1.080640512358e+00 4.401337214663e-01 2.179635888427e+00 6.501234560583e-01 1.496430538443e-01 7.542483783643e-01
1.811780999971e+04 4.092886512572e+02 1.074761856736e+00 4.097056861303e+02 1.079652304288e+00 4.410934186621e-01 2.180164309474e+00 6.485307970972e-01 1.492905026197e-01 7.525924753942e-01
1.811791199971e+04 4.092886129027e+02 1.074463183129e+00 4.097056279547e+02 1.078583557314e+00 4.419431861872e-01 2.180413254596e+00 6.471205648639e-01 1.489348255798e-01 7.510348945819e-01
1.811801399971e+04 4.092885724194e+02 1.074123529294e+00 4.097055667207e+02 1.077435525470e+00 4.426814363996e-01 2.180385893863e+00 6.458980072627e-01 1.485023410779e-01 7.495805370784e-01
1.811811599971e+04 4.092885298325e+02 1.073797209947e+00 4.097055024872e+02 1.076209543669e+00 4.433067704099e-01 2.180085104812e+00 6.448664579601e-01 1.480629881609e-01 7.482330408666e-01
1.811821799971e+04 4.092884851710e+02 1.073421402372e+00 4.097054353194e+02 1.074907030088e+00 4.438180009484e-01 2.179513525127e+00 6.440243996506e-01 1.475638498101e-01 7.469922230090e-01
1.811831999971e+04 4.092884384716e+02 1.073067795894e+00 4.097053652910e+02 1.073529488848e+00 4.442141754302e-01 2.178673608046e+00 6.433629394788e-01 1.470286637325e-01 7.458518647398e-01
1.811842199971e+04 4.092883897812e+02 1.072673310285e+00 4.097052924869e+02 1.072078512803e+00 4.444945986870e-01 2.177567679353e+00 6.428638470917e-01 1.464574275887e-01 7.447979643620e-01
1.811852399971e+04 4.092883391592e+02 1.072274351729e+00 4.097052170042e+02 1.070555786244e+00 4.446588546768e-01 2.176197995074e+00 6.424987726270e-01 1.458122616255e-01 7.438079894480e-01
1.811862599971e+04 4.092882866789e+02 1.071858310394e+00 4.097051389530e+02 1.068963087295e+00 4.447068263823e-01 2.174566799101e+00 6.422294595715e-01 1.451775774791e-01 7.428509734476e-01
1.811872799971e+04 4.092882324278e+02 1.071420295745e+00 4.097050584567e+02 1.067302289823e+00 4.446387130732e-01 2.172676379993e+00 6.420093951946e-01 1.444949442436e-01 7.418888487231e-01
1.811882999971e+04 4.092881765077e+02 1.070973902016e+00 4.097049756509e+02 1.065575364663e+00 4.447294242821e-01 2.170529126125e+00 6.417860878165e-01 1.437404393545e-01 7.408783286143e-01
1.811893199972e+04 4.092881190324e+02 1.070514705608e+00 4.097048906819e+02 1.063784379996e+00 4.448390343270e-01 2.168127578220e+00 6.415045756467e-01 1.429493327925e-01 7.397738744684e-01
1.811903399972e+04 4.092880601265e+02 1.070037771424e+00 4.097048037046e+02 1.061931500745e+00 4.448338647980e-01 2.165474478200e+00 6.411108323495e-01 1.421556949363e-01 7.385306029685e-01
1.811913599972e+04 4.092879999218e+02 1.069555966210e+00 4.097047148793e+02 1.060018986884e+00 4.447139266915e-01 2.162572813219e+00 6.405552513376e-01 1.412935196972e-01 7.371072945397e-01
1.811923799972e+04 4.092879385549e+02 1.069049667450e+00 4.097046243686e+02 1.058049190577e+00 4.444797291905e-01 2.159425853746e+00 6.397958353061e-01 1.403728522728e-01 7.354691777939e-01
1.811933999972e+04 4.092878761634e+02 1.068547448048e+00 4.097045323345e+02 1.056024552129e+00 4.441322746418e-01 2.156037184708e+00 6.388005596360e-01 1.394539091510e-01 7.335900216068e-01
1.811944199972e+04 4.092878128827e+02 1.068025334232e+00 4.097044389342e+02 1.053947594750e+00 4.436730443872e-01 2.152410728915e+00 6.375485999300e-01 1.384689047705e-01 7.314532540822e-01
1.811954399972e+04 4.092877488425e+02 1.067487902842e+00 4.097043443180e+02 1.051820918174e+00 4.431101023389e-01 2.148550762347e+00 6.360309612001e-01 1.374370430599e-01 7.290525650512e-01
1.811964599972e+04 4.092876841650e+02 1.066941366690e+00 4.097042486260e+02 1.049647191228e+00 4.424958862790e-01 2.144461921260e+00 6.342501597062e-01 1.363885119388e-01 7.263916798189e-01
1.811974799972e+04 4.092876189615e+02 1.066393217526e+00 4.097041519861e+02 1.047429143467e+00 4.417790401175e-01 2.140149201430e+00 6.322188085131e-01 1.352893177862e-01 7.234831668153e-01
1.811984999972e+04 4.092875533315e+02 1.065816150429e+00 4.097040545127e+02 1.045169556023e+00 4.409620730509e-01 2.135617950154e+00 6.299582826224e-01 1.341302907343e-01 7.203473021422e-01
1.811995199972e+04 4.092874873613e+02 1.065259004460e+00 4.097039563060e+02 1.042871251840e+00 4.400478484272e-01 2.130873851732e+00 6.274966988468e-01 1.329659738694e-01 7.170103238278e-01
1.812005399972e+04 4.092874211239e+02 1.064680105057e+00 4.097038574512e+02 1.040537085505e+00 4.390395447069e-01 2.125922907094e+00 6.248664317650e-01 1.317752525325e-01 7.135022689975e-01
1.812015599972e+04 4.092873546787e+02 1.064092643019e+00 4.097037580199e+02 1.038169932853e+00 4.379406128703e-01 2.120771407984e+00 6.221022715656e-01 1.305301268891e-01 7.098553637764e-01
1.812025799972e+04 4.092872880728e+02 1.063494940221e+00 4.097036580706e+02 1.035772680582e+00 4.367547314106e-01 2.115425905848e+00 6.192392222327e-01 1.292429648775e-01 7.061020924095e-01
1.812035999972e+04 4.092872213417e+02 1.062896562045e+00 4.097035576503e+02 1.033348216065e+00 4.354857600025e-01 2.109893175337e+00 6.163105845877e-01 1.279513658416e-01 7.022735108233e-01
1.812046199972e+04 4.092871545116e+02 1.062297076881e+00 4.097034567972e+02 1.030899417572e+00 4.341376928524e-01 2.104180172349e+00 6.133462810135e-01 1.266320555034e-01 6.983977680979e-01
1.812056399972e+04 4.092870876009e+02 1.061683183754e+00 4.097033555419e+02 1.028429145085e+00 4.327146126316e-01 2.098293986834e+00 6.103714036165e-01 1.252799905327e-01 6.944988201587e-01
1.812066599972e+04 4.092870206228e+02 1.061072834573e+00 4.097032539111e+02 1.025940231869e+00 4.312206457783e-01 2.092241791130e+00 6.074049030489e-01 1.238816727209e-01 6.905952626023e-01
1.812076799972e+04 4.092869535875e+02 1.060464375875e+00 4.097031519294e+02 1.023435476942e+00 4.296599198369e-01 2.086030785368e+00 6.044586703351e-01 1.224386670857e-01 6.866995038953e-01
1.812086999972e+04 4.092868865049e+02 1.059847701362e+00 4.097030496221e+02 1.020917638553e+00 4.280365233887e-01 2.079668142148e+00 6.015367445886e-01 1.210042342825e-01 6.828170441396e-01
1.812097199972e+04 4.092868193868e+02 1.059231733481e+00 4.097029470182e+02 1.018389428745e+00 4.263544690199e-01 2.073160953144e+00 5.986349151174e-01 1.195545824292e-01 6.789460959227e-01
1.812107399972e+04 4.092867522494e+02 1.058616914826e+00 4.097028441522e+02 1.015853509032e+00 4.246176596756e-01 2.066516180280e+00 5.957406491524e-01 1.180638541073e-01 6.750774885411e-01
1.812117599972e+04 4.092866851154e+02 1.058000423610e+00 4.097027410665e+02 1.013312487195e+00 4.228298586595e-01 2.059740613638e+00 5.928336407906e-01 1.165333960020e-01 6.711951193469e-01
1.812127799972e+04 4.092866180153e+02 1.057388309716e+00 4.097026378128e+02 1.010768915149e+00 4.209946634618e-01 2.052840837332e+00 5.898871532767e-01 1.149784710843e-01 6.672771095778e-01
1.812137999972e+04 4.092865509887e+02 1.056778893401e+00 4.097025344533e+02 1.008225287826e+00 4.191154835261e-01 2.045823203542e+00 5.868696678388e-01 1.134043998434e-01 6.632972406678e-01
1.812148199972e+04 4.092864840846e+02 1.056173589119e+00 4.097024310606e+02 1.005684042952e+00 4.171955220039e-01 2.038693814022e+00 5.837477242747e-01 1.118254660778e-01 6.592274586911e-01
1.812158399972e+04 4.092864173610e+02 1.055571355883e+00 4.097023277181e+02 1.003147561625e+00 4.152377614869e-01 2.031458508004e+00 5.804883212146e-01 1.102114245220e-01 6.550400077161e-01
1.812168599972e+04 4.092863508840e+02 1.054976251371e+00 4.097022245180e+02 1.000618169553e+00 4.132449536557e-01 2.024122855639e+00 5.770619640114e-01 1.085846807975e-01 6.507101538357e-01
1.812178799972e+04 4.092862847264e+02 1.054392321130e+00 4.097021215603e+02 9.980981388147e-01 4.112196127359e-01 2.016692156767e+00 5.734442555671e-01 1.069482218437e-01 6.462176322215e-01
1.812188999972e+04 4.092862189656e+02 1.053815082422e+00 4.097020189510e+02 9.955896900030e-01 4.091640126117e-01 2.009171445658e+00 5.696177757082e-01 1.052813053831e-01 6.415483569310e-01
1.812199199972e+04 4.092861536820e+02 1.053245349800e+00 4.097019167997e+02 9.930949945929e-01 4.070801874091e-01 2.001565502935e+00 5.655719406132e-01 1.035853986945e-01 6.366943395217e-01
1.812209399972e+04 4.092860889574e+02 1.052692736833e+00 4.097018152183e+02 9.906161773880e-01 4.049699353381e-01 1.993878875839e+00 5.613026407788e-01 1.018680751261e-01 6.316534049400e-01
1.812219599972e+04 4.092860248731e+02 1.052153993379e+00 4.097017143194e+02 9.881553188792e-01 4.028348255553e-01 1.986115907382e+00 5.568113983016e-01 1.001430177143e-01 6.264284724888e-01
1.812229799972e+04 4.092859615097e+02 1.051621745979e+00 4.097016142153e+02 9.857144573618e-01 4.006762078018e-01 1.978280773813e+00 5.521044252183e-01 9.843448813952e-02 6.210267402114e-01
1.812239999972e+04 4.092858989452e+02 1.051105516411e+00 4.097015150169e+02 9.832955906578e-01 3.984952245581e-01 1.970377528730e+00 5.471921572456e-01 9.670249317236e-02 6.154592840659e-01
1.812250199972e+04 4.092858372551e+02 1.050605538787e+00 4.097014168330e+02 9.809006773086e-01 3.962928254567e-01 1.962410151476e+00 5.420888427978e-01 9.494850088915e-02 6.097406994938e-01
1.812260399972e+04 4.092857765112e+02 1.050118596837e+00 4.097013197697e+02 9.785316371233e-01 3.940697836897e-01 1.954382597337e+00 5.368126958756e-01 9.317398588788e-02 6.038892378333e-01
1.812270599972e+04 4.092857167810e+02 1.049652379270e+00 4.097012239295e+02 9.761903509954e-01 3.918267141497e-01 1.946298847515e+00 5.313855861016e-01 9.138042691577e-02 5.979265245630e-01
1.812280799972e+04 4.092856581273e+02 1.049199803176e+00 4.097011294110e+02 9.738786599273e-01 3.895640930351e-01 1.938162957527e+00 5.258317284501e-01 8.960667122458e-02 5.918763821035e-01
1.812290999972e+04 4.092856006075e+02 1.048767440869e+00 4.097010363081e+02 9.715983632277e-01 3.872822786497e-01 1.929979103149e+00 5.201762940990e-01 8.783814302485e-02 5.857635783174e-01
1.812301199972e+04 4.092855442744e+02 1.048355519789e+00 4.097009447112e+02 9.693512158661e-01 3.849815331135e-01 1.921751623130e+00 5.144432003091e-01 8.605435475029e-02 5.796118442852e-01
1.812311399972e+04 4.092854891764e+02 1.047957237791e+00 4.097008547069e+02 9.671389249882e-01 3.828099665759e-01 1.913485057521e+00 5.086523111591e-01 8.425659018720e-02 5.734413722018e-01
1.812321599972e+04 4.092854353594e+02 1.047579406476e+00 4.097007663802e+02 9.649631456093e-01 3.806505793559e-01 1.905184180021e+00 5.028186543158e-01 8.244607504972e-02 5.672681085722e-01
1.812331799972e+04 4.092853828678e+02 1.047228207534e+00 4.097006798157e+02 9.628254755212e-01 3.784838688764e-01 1.896854022466e+00 4.969502623392e-01 8.065255281140e-02 5.611018333562e-01
1.812341999972e+04 4.092853317469e+02 1.046891528165e+00 4.097005950998e+02 9.607274494702e-01 3.763102119517e-01 1.888499889847e+00 4.910494153621e-01 7.886354939351e-02 5.549472610378e-01
1.812352199972e+04 4.092852820443e+02 1.046570559311e+00 4.097005123222e+02 9.586705326861e-01 3.741299154129e-01 1.880127364915e+00 4.851126345215e-01 7.706438357984e-02 5.488040358459e-01
1.812362399972e+04 4.092852338116e+02 1.046272039424e+00 4.097004315774e+02 9.566561138698e-01 3.719432320259e-01 1.871742302347e+00 4.791325007149e-01 7.526459128611e-02 5.426683432749e-01
1.812372599972e+04 4.092851871057e+02 1.045996336850e+00 4.097003529666e+02 9.546854977707e-01 3.697503761348e-01 1.863350813335e+00 4.730989345443e-01 7.346766299990e-02 5.365340404373e-01
1.812382799972e+04 4.092851419900e+02 1.045739186013e+00 4.097002765980e+02 9.527598975055e-01 3.675515387942e-01 1.854959241941e+00 4.670011093696e-01 7.166285811848e-02 5.303943392676e-01
1.812392999972e+04 4.092850985349e+02 1.045497425224e+00 4.097002025882e+02 9.508804267845e-01 3.653469021330e-01 1.846574134888e+00 4.608289314344e-01 6.985098215722e-02 5.242430973841e-01
1.812403199972e+04 4.092850568187e+02 1.045273492378e+00 4.097001310619e+02 9.490480922232e-01 3.631366526729e-01 1.838202206534e+00 4.545757358274e-01 6.804771761726e-02 5.180771636770e-01
1.812413399972e+04 4.092850169273e+02 1.045066529752e+00 4.097000621526e+02 9.472637859208e-01 3.609209933186e-01 1.829850301019e+00 4.482400445413e-01 6.624480581367e-02 5.118978734381e-01
1.812423599972e+04 4.092849789542e+02 1.044876949077e+00 4.096999960014e+02 9.455282784961e-01 3.587001537326e-01 1.821525353901e+00 4.418287323046e-01 6.443975653473e-02 5.057137456424e-01
1.812433799972e+04 4.092849429994e+02 1.044702295716e+00 4.096999327563e+02 9.438422127686e-01 3.564743988223e-01 1.813234356070e+00 4.353596526188e-01 6.266080492765e-02 4.995426566918e-01
1.812443999972e+04 4.092849091681e+02 1.044541201363e+00 4.096998725704e+02 9.422060982720e-01 3.542440350955e-01 1.804984322982e+00 4.288635306386e-01 6.089249566293e-02 4.934133189529e-01
1.812454199972e+04 4.092848775694e+02 1.044394855219e+00 4.096998155997e+02 9.406203067784e-01 3.520094146908e-01 1.796782272323e+00 4.223854954162e-01 6.109119775294e-02 4.873663914354e-01
1.812464399972e+04 4.092848483137e+02 1.044258591457e+00 4.096997620006e+02 9.390850689941e-01 3.497709369522e-01 1.788635212794e+00 4.159854567395e-01 6.145220073865e-02 4.814545415601e-01
1.812474599972e+04 4.092848215108e+02 1.044137227090e+00 4.096997119271e+02 9.376004725633e-01 3.475290475022e-01 1.780550146003e+00 4.097374601549e-01 6.179081068681e-02 4.757416029536e-01
1.812484799972e+04 4.092847972676e+02 1.044029497999e+00 4.096996655279e+02 9.361664614820e-01 3.452842348659e-01 1.772534082415e+00 4.037281484326e-01 6.210679710498e-02 4.703009793194e-01
1.812494999972e+04 4.092847756859e+02 1.043925009280e+00 4.096996229435e+02 9.347828369866e-01 3.430370248011e-01 1.764594071070e+00 3.980540637596e-01 6.239990041599e-02 4.652131148664e-01
1.812505199972e+04 4.092847568604e+02 1.043834917212e+00 4.096995843033e+02 9.334492599373e-01 3.408976338263e-01 1.756737241295e+00 3.928180581014e-01 6.266982990191e-02 4.605623180021e-01
1.812515399972e+04 4.092847408762e+02 1.043757172496e+00 4.096995497227e+02 9.321652546761e-01 3.388492010514e-01 1.748970852970e+00 3.881249151111e-01 6.291625941359e-02 4.564330765507e-01
1.812525599972e+04 4.092847278076e+02 1.043678166148e+00 4.096995193003e+02 9.309302142959e-01 3.369316965834e-01 1.741302350145e+00 3.840760655895e-01 6.320929621990e-02 4.529057984076e-01
1.812535799972e+04 4.092847177156e+02 1.043612855705e+00 4.096994931160e+02 9.297434072256e-01 3.350203282008e-01 1.733739411033e+00 3.807635555570e-01 6.348067098599e-02 4.500521208663e-01
1.812545999972e+04 4.092847106468e+02 1.043556471779e+00 4.096994712281e+02 9.286039850020e-01 3.331150604898e-01 1.726289986019e+00 3.782643040146e-01 6.372824191685e-02 4.479306316228e-01
1.812556199972e+04 4.092847066321e+02 1.043503359231e+00 4.096994536726e+02 9.275109910811e-01 3.312321968567e-01 1.718962314427e+00 3.766344338968e-01 6.398626488640e-02 4.465827336572e-01
1.812566399972e+04 4.092847056861e+02 1.043452575576e+00 4.096994404617e+02 9.264633705234e-01 3.293898585296e-01 1.711764910793e+00 3.759052316982e-01 6.427136676101e-02 4.460298544907e-01
1.812576599972e+04 4.092847078070e+02 1.043400090994e+00 4.096994315840e+02 9.254599803819e-01 3.275515752684e-01 1.704706512495e+00 3.760810640391e-01 6.452897826821e-02 4.462721529804e-01
1.812586799972e+04 4.092847129772e+02 1.043367420590e+00 4.096994270052e+02 9.244996006189e-01 3.257173405977e-01 1.697795982904e+00 3.771396385978e-01 6.475849699635e-02 4.472889606096e-01
1.812596999972e+04 4.092847211638e+02 1.043316949691e+00 4.096994266690e+02 9.235809453867e-01 3.238871322379e-01 1.691042167823e+00 3.790346148473e-01 6.497208262745e-02 4.490409315002e-01
1.812607199972e+04 4.092847323210e+02 1.043295198058e+00 4.096994304999e+02 9.227026745134e-01 3.220609054880e-01 1.684453707566e+00 3.817000092158e-01 6.516570042750e-02 4.514734691682e-01
1.812617399972e+04 4.092847463910e+02 1.043263347762e+00 4.096994384047e+02 9.218634050522e-01 3.202385874413e-01 1.678038812147e+00 3.850554971753e-01 6.532870493646e-02 4.545207575788e-01
1.812627599972e+04 4.092847633061e+02 1.043236369803e+00 4.096994502756e+02 9.210617227594e-01 3.184200724930e-01 1.671805011981e+00 3.890114693921e-01 6.547515042127e-02 4.581095305198e-01
1.812637799972e+04 4.092847829904e+02 1.043207477613e+00 4.096994659918e+02 9.202961933763e-01 3.166524834797e-01 1.665758900378e+00 3.934732357292e-01 6.559482827675e-02 4.621621489208e-01
1.812647999972e+04 4.092848053601e+02 1.043180814692e+00 4.096994854213e+02 9.195653735940e-01 3.149615635165e-01 1.659905886264e+00 3.983433746495e-01 6.568144466774e-02 4.665981839338e-01
1.812658199972e+04 4.092848303241e+02 1.043150667928e+00 4.096995084219e+02 9.188678215828e-01 3.132880852718e-01 1.654249975398e+00 4.035224243505e-01 6.573417804353e-02 4.713346831056e-01
1.812668399972e+04 4.092848577834e+02 1.043127602948e+00 4.096995348406e+02 9.182021069725e-01 3.117661946597e-01 1.648793595851e+00 4.089080956949e-01 6.575216931005e-02 4.762852632176e-01
1.812678599972e+04 4.092848876293e+02 1.043102458707e+00 4.096995645134e+02 9.175668201823e-01 3.102486716422e-01 1.643537479089e+00 4.143952710266e-01 6.577946486782e-02 4.813599582795e-01
1.812688799972e+04 4.092849197426e+02 1.043078238813e+00 4.096995972645e+02 9.169605810103e-01 3.087347911222e-01 1.638480602605e+00 4.198763948297e-01 6.580076517524e-02 4.864654941374e-01
1.812698999972e+04 4.092849539929e+02 1.043057556131e+00 4.096996329062e+02 9.163820464112e-01 3.072238122295e-01 1.633620194663e+00 4.252452502825e-01 6.578818999322e-02 4.915085805598e-01
1.812709199972e+04 4.092849902387e+02 1.043035308180e+00 4.096996712399e+02 9.158299174015e-01 3.057149872026e-01 1.628951797523e+00 4.304031233478e-01 6.574127009914e-02 4.964013899514e-01
1.812719399972e+04 4.092850283300e+02 1.043011282540e+00 4.096997120591e+02 9.153029450337e-01 3.042075719176e-01 1.624469382892e+00 4.352666970419e-01 6.567641801929e-02 5.010686509507e-01
1.812729599972e+04 4.092850681120e+02 1.042987141668e+00 4.096997551537e+02 9.147999353713e-01 3.027008377786e-01 1.620165512479e+00 4.397757388098e-01 6.559273160024e-02 5.054546423948e-01
1.812739799972e+04 4.092851094309e+02 1.042949347558e+00 4.096998003160e+02 9.143197533802e-01 3.011940846249e-01 1.616031536915e+00 4.438977861488e-01 6.746952207737e-02 5.095275935909e-01
1.812749999972e+04 4.092851521388e+02 1.042932111515e+00 4.096998473458e+02 9.138613256404e-01 2.996866542646e-01 1.612057827179e+00 4.476267316117e-01 6.954249152055e-02 5.132787179983e-01
1.812760199972e+04 4.092851960980e+02 1.042890694134e+00 4.096998960550e+02 9.134236417923e-01 2.981779442287e-01 1.608234033101e+00 4.509766573737e-01 7.154002313432e-02 5.167170052972e-01
1.812770399972e+04 4.092852411830e+02 1.042872100698e+00 4.096999462697e+02 9.130057546758e-01 2.966674213336e-01 1.604549362948e+00 4.539707613658e-01 7.346228935980e-02 5.198596329039e-01
1.812780599972e+04 4.092852872795e+02 1.042840357821e+00 4.096999978286e+02 9.126067791919e-01 2.951546346629e-01 1.600992876312e+00 4.566294422084e-01 7.530987733860e-02 5.227215763009e-01
1.812790799972e+04 4.092853342809e+02 1.042803761347e+00 4.097000505801e+02 9.122258900250e-01 2.936392276025e-01 1.597553780322e+00 4.589613927477e-01 7.708375171517e-02 5.253078280869e-01
1.812800999972e+04 4.092853820837e+02 1.042781518769e+00 4.097001043776e+02 9.118623184558e-01 2.922293188712e-01 1.594221717371e+00 4.609602842083e-01 7.878525657504e-02 5.276105197860e-01
1.812811199972e+04 4.092854305829e+02 1.042738550347e+00 4.097001590751e+02 9.115153485785e-01 2.908659828633e-01 1.590987031928e+00 4.626094551372e-01 8.041617093443e-02 5.296130709337e-01
1.812821399972e+04 4.092854796702e+02 1.042713174656e+00 4.097002145257e+02 9.111843132546e-01 2.897002137916e-01 1.587841004662e+00 4.638925516833e-01 8.197879871417e-02 5.312995582075e-01
1.812831599972e+04 4.092855292350e+02 1.042677756802e+00 4.097002705833e+02 9.108685901094e-01 2.885481452675e-01 1.584776043749e+00 4.648075002041e-01 8.347607060116e-02 5.326669777785e-01
1.812841799972e+04 4.092855791694e+02 1.042640002292e+00 4.097003271080e+02 9.105675977875e-01 2.873900941604e-01 1.581785825689e+00 4.653782335157e-01 8.491161496369e-02 5.337354809614e-01
1.812851999972e+04 4.092856293757e+02 1.042591093250e+00 4.097003839741e+02 9.102807925686e-01 2.862256376961e-01 1.578865381221e+00 4.656606743813e-01 8.628977051820e-02 5.345535035868e-01
1.812862199972e+04 4.092856797747e+02 1.042560216443e+00 4.097004410791e+02 9.100076653308e-01 2.850544904389e-01 1.576011125942e+00 4.657396160477e-01 8.761551388706e-02 5.351948774318e-01
1.812872399972e+04 4.092857303125e+02 1.042513789380e+00 4.097004983510e+02 9.097477387615e-01 2.838765073820e-01 1.573220839125e+00 4.657169369153e-01 8.889430215712e-02 5.357483775714e-01
1.812882599972e+04 4.092857809640e+02 1.042462852656e+00 4.097005557517e+02 9.095005646968e-01 2.826916848190e-01 1.570493596920e+00 4.656941096427e-01 9.013185062164e-02 5.363023749052e-01
1.812892799972e+04 4.092858317308e+02 1.042430999849e+00 4.097006132758e+02 9.092657215031e-01 2.815001590268e-01 1.567829666779e+00 4.657551780744e-01 9.133389384771e-02 5.369300191399e-01
1.812902999972e+04 4.092858826359e+02 1.042380808097e+00 4.097006709442e+02 9.090428115033e-01 2.803022028929e-01 1.565230369189e+00 4.659529188607e-01 9.250596113737e-02 5.376773019031e-01
1.812913199972e+04 4.092859337136e+02 1.042328193386e+00 4.097007287950e+02 9.088314585491e-01 2.790982207139e-01 1.562697912147e+00 4.663033944613e-01 9.365321871698e-02 5.385584574340e-01
1.812923399972e+04 4.092859849997e+02 1.042292727111e+00 4.097007868722e+02 9.086313059237e-01 2.778887414653e-01 1.560235204328e+00 4.667890755049e-01 9.478039420545e-02 5.395587750398e-01
1.812933599972e+04 4.092860365224e+02 1.042240095581e+00 4.097008452172e+02 9.084420147846e-01 2.766744108923e-01 1.557845654547e+00 4.673693194137e-01 9.589178068007e-02 5.406437220021e-01
1.812943799972e+04 4.092860882971e+02 1.042195492578e+00 4.097009038630e+02 9.082632633242e-01 2.754559827883e-01 1.555532966514e+00 4.679952803360e-01 9.699129705627e-02 5.417718318290e-01
1.812953999972e+04 4.092861403263e+02 1.042146801194e+00 4.097009628327e+02 9.080947467300e-01 2.742343098198e-01 1.553300938127e+00 4.686249295536e-01 9.808256403570e-02 5.429076314269e-01
1.812964199972e+04 4.092861926024e+02 1.042096822031e+00 4.097010221429e+02 9.079361779140e-01 2.730103342312e-01 1.551153273428e+00 4.692345476437e-01 9.916896046677e-02 5.440314797244e-01
1.812974399972e+04 4.092862451146e+02 1.042069648884e+00 4.097010818091e+02 9.077872888628e-01 2.717850787256e-01 1.549093413871e+00 4.698229737134e-01 1.002536252591e-01 5.451431289350e-01
1.812984599972e+04 4.092862978546e+02 1.042074189689e+00 4.097011418512e+02 9.076478323983e-01 2.706284410961e-01 1.547124394383e+00 4.704086289507e-01 1.013394028282e-01 5.462590499470e-01
1.812994799972e+04 4.092863508223e+02 1.042062838646e+00 4.097012022984e+02 9.075175841249e-01 2.696624914777e-01 1.545248728727e+00 4.710208726353e-01 1.024287451172e-01 5.474048964716e-01
1.813004999972e+04 4.092864040271e+02 1.042066554865e+00 4.097012631898e+02 9.073963443886e-01 2.686902230048e-01 1.543468327491e+00 4.716878632085e-01 1.035235904903e-01 5.486050084745e-01
1.813015199972e+04 4.092864574859e+02 1.042062427604e+00 4.097013245722e+02 9.072839401541e-01 2.677126278619e-01 1.541784450155e+00 4.724263594350e-01 1.046252687887e-01 5.498736438987e-01
1.813025399972e+04 4.092865112188e+02 1.042035441604e+00 4.097013864946e+02 9.071802267933e-01 2.667568460951e-01 1.540197690498e+00 4.732345939635e-01 1.057344478273e-01 5.512088980145e-01
1.813035599972e+04 4.092865652423e+02 1.042055038171e+00 4.097014490012e+02 9.070850898397e-01 2.659779491831e-01 1.538707992773e+00 4.740903905807e-01 1.068511437933e-01 5.525911529743e-01
1.813045799972e+04 4.092866195636e+02 1.042050398960e+00 4.097015121253e+02 9.069984467900e-01 2.651916370425e-01 1.537314695008e+00 4.749548412447e-01 1.079747987942e-01 5.539863038419e-01
1.813055999972e+04 4.092866741757e+02 1.042021599802e+00 4.097015758840e+02 9.069202490149e-01 2.643987684679e-01 1.536016595328e+00 4.757798492716e-01 1.091044072981e-01 5.553522910279e-01
1.813066199972e+04 4.092867290559e+02 1.042032689376e+00 4.097016402763e+02 9.068504838007e-01 2.636002771455e-01 1.534812036719e+00 4.765178734044e-01 1.102386709492e-01 5.566475023502e-01
1.813076399972e+04 4.092867841676e+02 1.042027736270e+00 4.097017052845e+02 9.067891764834e-01 2.627971698117e-01 1.533699004896e+00 4.771315281475e-01 1.113761553857e-01 5.578390275085e-01
1.813086599972e+04 4.092868394638e+02 1.041999206032e+00 4.097017708784e+02 9.067363925843e-01 2.619905251653e-01 1.532675232885e+00 4.776004603853e-01 1.125154208712e-01 5.589085487670e-01
1.813096799972e+04 4.092868948933e+02 1.042001269595e+00 4.097018370206e+02 9.066922398158e-01 2.611814933807e-01 1.531738305338e+00 4.779238680810e-01 1.136551091140e-01 5.598544700804e-01
1.813106999972e+04 4.092869504067e+02 1.041990495788e+00 4.097019036730e+02 9.066568698130e-01 2.603712960298e-01 1.530885755903e+00 4.781181643738e-01 1.147939786556e-01 5.606898741988e-01
1.813117199972e+04 4.092870059606e+02 1.041971782607e+00 4.097019708012e+02 9.066304794605e-01 2.595612261986e-01 1.530115152301e+00 4.782103634291e-01 1.159308908159e-01 5.614368280948e-01
1.813127399972e+04 4.092870615204e+02 1.041957422670e+00 4.097020383771e+02 9.066133117287e-01 2.587526485814e-01 1.529424165541e+00 4.782301741995e-01 1.170647708858e-01 5.621196141133e-01
1.813137599972e+04 4.092871170597e+02 1.042136060694e+00 4.097021063790e+02 9.066056559977e-01 2.579469993457e-01 1.528810621476e+00 4.782022025845e-01 1.181945573242e-01 5.627580959738e-01
1.813147799972e+04 4.092871725585e+02 1.042435054857e+00 4.097021747899e+02 9.066078479123e-01 2.571457855823e-01 1.528272534375e+00 4.781419163581e-01 1.193191746193e-01 5.633643259080e-01
1.813157999972e+04 4.092872280000e+02 1.042731655818e+00 4.097022435941e+02 9.066202688662e-01 2.563505841846e-01 1.527808123529e+00 4.780551147744e-01 1.204375320691e-01 5.639421475565e-01
1.813168199972e+04 4.092872833673e+02 1.043028302036e+00 4.097023127752e+02 9.066433452393e-01 2.555630400296e-01 1.527415815247e+00 4.779414284879e-01 1.215485573824e-01 5.644902127559e-01
1.813178399972e+04 4.092873386430e+02 1.043299229380e+00 4.097023823147e+02 9.066775474990e-01 2.547848633689e-01 1.527094233721e+00 4.777995993788e-01 1.226512465966e-01 5.650064791807e-01
1.813188599972e+04 4.092873938091e+02 1.043626241296e+00 4.097024521932e+02 9.067233892453e-01 2.540178263637e-01 1.526842184721e+00 4.776327351308e-01 1.237447135618e-01 5.654926514788e-01
1.813198799972e+04 4.092874488493e+02 1.043930462411e+00 4.097025223927e+02 9.067814262219e-01 2.532637587309e-01 1.526658635754e+00 4.774509616119e-01 1.248282125997e-01 5.659563928607e-01
