Variables = x, y, rho, rhou, rhov, E, u, v, p, T, s, a, Mach, Sensor

Zone, I=2700, F=POINT
        -100            0     0.999914  5.59029e-06  6.32909e-08      4.95989  5.46027e-06  6.26411e-08      1.98396            1  0.000171742      1.66667  2.89381e-06     -5.03144 
        -100      0.00051     0.999894  0.000367462  2.81273e-07      4.95989  0.000367386  2.80729e-07      1.98396      1.00002  0.000306512      1.66668   0.00022006     -5.03144 
        -100      0.00204     0.999836   0.00145273  9.26257e-07      4.95989    0.0014529  9.26054e-07      1.98396      1.00008  0.000710247      1.66673  0.000871375     -5.03144 
        -100     0.004591     0.999739   0.00326108  1.97177e-06      4.95989   0.00326192  1.97221e-06      1.98396      1.00017   0.00138148      1.66681   0.00195671     -5.03144 
        -100     0.008162     0.999605   0.00579008  3.37255e-06      4.95991    0.0057924  3.37407e-06      1.98396      1.00031   0.00231707      1.66692   0.00347472     -5.03144 
        -100     0.012753     0.999432   0.00903731  5.06588e-06      4.95993    0.0090425  5.06906e-06      1.98396      1.00048   0.00351299      1.66707    0.0054241     -5.03144 
        -100     0.018365     0.999224    0.0130004   6.9714e-06      4.95997    0.0130105  6.97705e-06      1.98396      1.00069   0.00496431      1.66724   0.00780363     -5.03144 
        -100     0.024997     0.998979    0.0176748  8.99015e-06      4.96004    0.0176929  8.99932e-06      1.98395      1.00094   0.00666443      1.66745    0.0106109     -5.03144 
        -100     0.032649       0.9987    0.0230562  1.10056e-05      4.96015    0.0230861  1.10197e-05      1.98395      1.00122   0.00860588      1.66768    0.0138434     -5.03144 
        -100     0.041322     0.998387    0.0291399  1.28835e-05      4.96031     0.029187  1.29042e-05      1.98396      1.00153    0.0107803      1.66794    0.0174988     -5.03144 
        -100     0.051015     0.998042    0.0359302  1.48385e-05      4.96053    0.0360004  1.48674e-05      1.98396      1.00187    0.0131784      1.66823    0.0215801     -4.71665 
        -100     0.061728     0.997667    0.0434297  1.67178e-05      4.96083    0.0435314   1.6757e-05      1.98395      1.00225    0.0157895      1.66854    0.0260895     -4.71665 
        -100     0.073461     0.997263     0.051634  1.86872e-05      4.96122    0.0517758  1.87386e-05      1.98395      1.00266    0.0186016      1.66888    0.0310243     -4.71665 
        -100     0.086215     0.996832     0.060541  2.07228e-05      4.96172    0.0607334  2.07886e-05      1.98395      1.00309    0.0216019      1.66924    0.0363839     -4.71665 
        -100     0.099989     0.996377    0.0701474  2.27979e-05      4.96236    0.0704023  2.28807e-05      1.98395      1.00355    0.0247762      1.66962    0.0421667     -4.71665 
        -100     0.114783     0.995899    0.0804501  2.48843e-05      4.96314    0.0807814  2.49868e-05      1.98395      1.00403    0.0281091      1.67002    0.0483714     -4.71665 
        -100     0.130598       0.9954    0.0914471  2.71776e-05      4.96409    0.0918692  2.73035e-05      1.98395      1.00453    0.0315856      1.67044    0.0549971     -4.36832 
        -100     0.147433     0.994884     0.103136  3.02447e-05      4.96523     0.103667  3.03999e-05      1.98395      1.00505    0.0351858      1.67087    0.0620432     -4.36832 
        -100     0.165288     0.994353      0.11551   3.3872e-05      4.96659     0.116166   3.4064e-05      1.98395      1.00559    0.0388914      1.67132    0.0695057     -4.36832 
        -100     0.184164      0.99381     0.128567  3.81255e-05       4.9682     0.129368  3.83631e-05      1.98395      1.00614    0.0426828      1.67178    0.0773834     -4.36832 
        -100      0.20406     0.993259     0.142302  4.30751e-05      4.97008     0.143267  4.33678e-05      1.98395       1.0067    0.0465387      1.67224    0.0856738     -4.36832 
        -100     0.224976     0.992701      0.15671  4.87941e-05      4.97225     0.157862  4.91529e-05      1.98395      1.00726    0.0504371      1.67271     0.094375     -4.36832 
        -100     0.246913      0.99214     0.171782  5.45778e-05      4.97475      0.17314  5.50104e-05      1.98395      1.00783    0.0543605      1.67318     0.103481      -4.0096 
        -100     0.269869     0.991581     0.187529  6.34652e-05      4.97762     0.189122  6.40037e-05      1.98395       1.0084    0.0582779      1.67365     0.112999      -4.0096 
        -100     0.293846     0.991025     0.203924   7.3543e-05      4.98086     0.205773  7.42088e-05      1.98395      1.00897    0.0621674      1.67412     0.122913      -4.0096 
        -100     0.318844     0.990478     0.220961   8.4915e-05      4.98453     0.223086  8.57315e-05      1.98395      1.00952    0.0660027      1.67458     0.133219      -4.0096 
        -100     0.344862     0.989943     0.238633   9.7689e-05      4.98864     0.241056  9.86819e-05      1.98395      1.01007    0.0697561      1.67504     0.143911      -4.0096 
        -100       0.3719     0.989423     0.256932  0.000111978      4.99323     0.259676  0.000113175      1.98395       1.0106     0.073399      1.67548     0.154987      -4.0096 
        -100     0.399958     0.988924      0.27585  0.000127897      4.99835      0.27894  0.000129329      1.98395      1.01111    0.0769016       1.6759     0.166442      -4.0096 
        -100     0.429036     0.988447      0.29533   0.00013931      5.00397     0.298773  0.000140928      1.98395       1.0116    0.0802629      1.67631     0.178235     -3.66835 
        -100     0.459135     0.987997     0.315481  0.000163059      5.01026     0.319317  0.000165044      1.98395      1.01206     0.083418      1.67669     0.190444     -3.66835 
        -100     0.490255     0.987577     0.336165   0.00018774      5.01711     0.340401   0.00019011      1.98395      1.01249    0.0863641      1.67704     0.202975     -3.66835 
        -100     0.522394     0.987192     0.357366  0.000213365      5.02457     0.362008  0.000216139      1.98395      1.01288    0.0890695      1.67737     0.215818     -3.66835 
        -100     0.555554     0.986846     0.379071  0.000239947      5.03267     0.384123  0.000243145      1.98395      1.01324    0.0915018      1.67766     0.228964     -3.66835 
        -100     0.589734     0.986544     0.401261  0.000267499      5.04145     0.406728  0.000271141      1.98395      1.01355    0.0936271      1.67792     0.242402     -3.66835 
        -100     0.624934     0.986291      0.42392  0.000296036      5.05095     0.429806  0.000300143      1.98395      1.01381    0.0954109      1.67813     0.256123     -3.66835 
        -100     0.661155     0.986092     0.447033  0.000325573       5.0612      0.45334  0.000330166      1.98395      1.01401    0.0968173       1.6783     0.270117     -3.66835 
        -100     0.698396      0.98593     0.470236  0.000307392      5.07177     0.476922   0.00031175      1.98396      1.01419    0.0979956      1.67845     0.284149     -3.45674 
        -100     0.736658     0.985852     0.494279  0.000378021      5.08381     0.501373  0.000383456      1.98396      1.01427    0.0985308      1.67851       0.2987     -3.45674 
        -100     0.775939     0.985822     0.518474   0.00044463      5.09636     0.525944  0.000451047      1.98395      1.01429    0.0987316      1.67854     0.313331     -3.45674 
        -100     0.816241     0.985843     0.542785  0.000506757      5.10945     0.550594  0.000514051      1.98395      1.01427    0.0985707      1.67852     0.328021     -3.45674 
        -100     0.857563     0.985919      0.56717  0.000563922       5.1231     0.575279  0.000571978      1.98394      1.01419    0.0980197      1.67845     0.342743     -3.45674 
        -100     0.899906     0.986055      0.59159  0.000615636      5.13731     0.599955  0.000624329      1.98394      1.01405    0.0970497      1.67833     0.357473     -3.45674 
        -100     0.943269     0.986255     0.616003  0.000661396       5.1521     0.624578  0.000670591      1.98394      1.01384     0.095631      1.67816     0.372185     -3.45674 
        -100     0.987652     0.986524     0.640366  0.000700687       5.1675     0.649099  0.000710239      1.98393      1.01356    0.0937333      1.67793     0.386851     -3.45674 
        -100      1.03306     0.986865     0.664636  0.000732983      5.18352     0.673473  0.000742734      1.98393      1.01321    0.0913256      1.67764     0.401444     -3.45674 
        -100      1.07948     0.987283     0.688769  0.000757747      5.20018     0.697651  0.000767528      1.98393      1.01278    0.0883758      1.67728     0.415937     -3.45674 
        -100      1.12692     0.987688      0.71235  0.000700226      5.21624     0.721256  0.000709275      1.98403      1.01242    0.0858003      1.67698     0.430077     -4.96212 
        -100      1.17539     0.988246     0.735479  0.000831105       5.2337     0.744229  0.000841021      1.98402      1.01184    0.0818305       1.6765     0.443913     -4.96212 
        -100      1.22487     0.988818      0.75796  0.000950869      5.25086     0.766521  0.000961486        1.984      1.01124     0.077775      1.67601     0.457351     -4.96212 
        -100      1.27538     0.989401     0.779723   0.00105865      5.26768     0.788059   0.00106979      1.98398      1.01064    0.0736335      1.67551     0.470346     -4.96212 
        -100       1.3269     0.989998     0.800694   0.00115356      5.28412     0.808768   0.00116503      1.98397      1.01002     0.069406        1.675     0.482855     -4.96212 
        -100      1.37945     0.990607       0.8208    0.0012347      5.30013     0.828574    0.0012463      1.98395      1.00939    0.0650922      1.67447     0.494833     -4.96212 
        -100      1.43301     0.991229     0.839966   0.00130115      5.31566     0.847399   0.00131266      1.98393      1.00875    0.0606921      1.67394     0.506234     -4.96212 
        -100       1.4876     0.991864     0.858115   0.00135197      5.33068     0.865163   0.00136317      1.98392       1.0081    0.0562055       1.6734      0.51701     -4.96212 
        -100      1.54321     0.992512     0.875169    0.0013862      5.34513     0.881787   0.00139685       1.9839      1.00743    0.0516323      1.67285     0.527116     -4.96212 
        -100      1.59983     0.993173     0.891047   0.00140287      5.35898     0.897189   0.00141271      1.98389      1.00675    0.0469723      1.67228     0.536502     -4.96212 
        -100      1.65748     0.993846      0.90567   0.00140099      5.37216     0.911285   0.00140976      1.98387      1.00606    0.0422253      1.67171     0.545118     -4.96212 
        -100      1.71615     0.994533     0.918953   0.00137954      5.38464     0.923991   0.00138696      1.98386      1.00536    0.0373912      1.67113     0.552915     -4.96212 
        -100      1.77584     0.995194     0.933481   0.00151905      5.39759     0.938013   0.00152653      1.98399      1.00476    0.0331023      1.67063     0.561467     -3.25987 
        -100      1.83654     0.995721     0.942357    0.0015687      5.40588      0.94641   0.00157546      1.98399      1.00423    0.0294298      1.67019     0.566649     -3.25987 
        -100      1.89827     0.996221     0.950693   0.00161494      5.41366      0.95429   0.00162101      1.98398      1.00372    0.0259399      1.66977     0.571515     -3.25987 
        -100      1.96102     0.996693     0.958456   0.00165756      5.42092     0.961621   0.00166297      1.98398      1.00325    0.0226446      1.66937     0.576044     -3.25987 
        -100      2.02479     0.997135      0.96561   0.00169634       5.4276     0.968369   0.00170113      1.98398       1.0028    0.0195564        1.669     0.580216     -3.25987 
        -100      2.08958     0.997545      0.97212   0.00173107      5.43369     0.974501   0.00173526      1.98397      1.00238    0.0166879      1.66865     0.584009     -3.25987 
        -100      2.15539     0.997922      0.97795   0.00176151      5.43915     0.979981   0.00176515      1.98397        1.002     0.014052      1.66833     0.587403     -3.25987 
        -100      2.22222     0.998263     0.983063   0.00178746      5.44393     0.984775   0.00179058      1.98396      1.00166    0.0116616      1.66805     0.590377     -3.25987 
        -100      2.29007     0.998567     0.987421   0.00180867      5.44802     0.988847   0.00181132      1.98396      1.00135   0.00952992      1.66779     0.592907     -3.25987 
        -100      2.35894     0.998831     0.990988   0.00182491      5.45136     0.992162   0.00182712      1.98395      1.00108   0.00767045      1.66757     0.594973     -3.25987 
        -100      2.42883     0.999054     0.993725   0.00183595      5.45394     0.994681   0.00183778      1.98394      1.00085   0.00609683      1.66738     0.596551     -3.25987 
        -100      2.49974     0.999234     0.995592   0.00184154       5.4557     0.996369   0.00184303      1.98393      1.00067   0.00482282      1.66722     0.597619     -3.25987 
        -100      2.57167     0.999369     0.996551   0.00184144      5.45662     0.997187   0.00184265      1.98392      1.00053   0.00386247      1.66711     0.598154     -3.25987 
        -100      2.64462     0.999456      0.99656   0.00183541      5.45665     0.997097   0.00183638      1.98391      1.00043   0.00323001      1.66703     0.598131     -3.25987 
        -100      2.71859     0.999494      0.99558    0.0018232      5.45577      0.99606   0.00182398      1.98389      1.00039   0.00293987      1.66699     0.597528     -3.25987 
        -100      2.79359     0.999683     0.998552   0.00186532      5.45861     0.998869   0.00186591      1.98396      1.00023   0.00177974      1.66686     0.599253     -4.31787 
        -100       2.8696     0.999726     0.998833   0.00186563      5.45886     0.999107   0.00186614      1.98396      1.00019   0.00147881      1.66682     0.599409     -4.31787 
        -100      2.94663     0.999766     0.999091   0.00186606       5.4591     0.999325    0.0018665      1.98396      1.00015   0.00120103      1.66679     0.599552     -4.31787 
        -100      3.02468     0.999802     0.999324    0.0018666      5.45931     0.999522   0.00186697      1.98396      1.00011  0.000947495      1.66676     0.599681     -4.31787 
        -100      3.10376     0.999834     0.999532   0.00186727       5.4595     0.999698   0.00186758      1.98395      1.00008  0.000719308      1.66673     0.599796     -4.31787 
        -100      3.18385     0.999863     0.999713   0.00186806      5.45967     0.999851   0.00186831      1.98395      1.00005  0.000517582      1.66671     0.599897     -4.31787 
        -100      3.26497     0.999887     0.999867   0.00186897       5.4598     0.999979   0.00186918      1.98395      1.00002   0.00034345      1.66669     0.599981     -4.31787 
        -100       3.3471     0.999908     0.999992   0.00187002      5.45991      1.00008   0.00187019      1.98395            1  0.000198057      1.66667      0.60005     -4.31787 
        -100      3.43025     0.999924      1.00009   0.00187121         5.46      1.00016   0.00187135      1.98395     0.999986  8.25621e-05      1.66666     0.600103     -4.31787 
        -100      3.51443     0.999935      1.00015   0.00187254      5.46005      1.00021   0.00187266      1.98395     0.999974 -1.85981e-06      1.66664     0.600138     -4.31787 
        -100      3.59963     0.999942      1.00018   0.00187401      5.46007      1.00024   0.00187412      1.98394     0.999966 -5.40201e-05      1.66664     0.600154     -4.31787 
        -100      3.68584     0.999944      1.00018   0.00187564      5.46006      1.00023   0.00187575      1.98394     0.999963  -7.2716e-05      1.66664     0.600153     -4.31787 
        -100      3.77308     0.999941      1.00014   0.00187743      5.46002       1.0002   0.00187754      1.98394     0.999965   -5.673e-05      1.66664     0.600132     -4.31787 
        -100      3.86133     0.999932      1.00007   0.00187937      5.45994      1.00014    0.0018795      1.98394     0.999972 -4.83029e-06      1.66664     0.600091     -4.31787 
        -100      3.95061     0.999918     0.999957   0.00188148      5.45983      1.00004   0.00188164      1.98393     0.999984  8.42304e-05      1.66665     0.600029     -4.31787 
        -100      4.04091     0.999899     0.999808   0.00188377      5.45969     0.999909   0.00188396      1.98393            1  0.000211712      1.66667     0.599946     -4.31787 
        -100      4.13222     0.999936      1.00004   0.00186933      5.45996       1.0001   0.00186945      1.98395     0.999977  1.11948e-05      1.66665     0.600069     -5.72553 
        -100      4.22456     0.999936      1.00004   0.00186894      5.45995       1.0001   0.00186906      1.98395     0.999976  1.02012e-05      1.66665      0.60007     -5.72553 
        -100      4.31792     0.999936      1.00004   0.00186858      5.45995       1.0001   0.00186871      1.98395     0.999976  9.30244e-06      1.66665      0.60007     -5.72553 
        -100       4.4123     0.999935      1.00004   0.00186826      5.45995       1.0001   0.00186839      1.98395     0.999976   8.5021e-06      1.66665     0.600071     -5.72553 
        -100      4.50769     0.999935      1.00004   0.00186798      5.45995       1.0001    0.0018681      1.98395     0.999976  7.80371e-06      1.66665     0.600071     -5.72553 
        -100      4.60411     0.999935      1.00004   0.00186774      5.45995      1.00011   0.00186786      1.98395     0.999975  7.21083e-06      1.66665     0.600072     -5.72553 
        -100      4.70155     0.999935      1.00004   0.00186753      5.45995      1.00011   0.00186765      1.98395     0.999975  6.72706e-06      1.66665     0.600072     -5.72553 
        -100      4.80001     0.999935      1.00004   0.00186737      5.45994      1.00011   0.00186749      1.98395     0.999975  6.35604e-06      1.66665     0.600072     -5.72553 
        -100      4.89949     0.999934      1.00004   0.00186725      5.45994      1.00011   0.00186737      1.98395     0.999975  6.10146e-06      1.66665     0.600072     -5.72553 
        -100            5     0.999934      1.00004   0.00186717      5.45994      1.00011   0.00186729      1.98395     0.999975  5.96703e-06      1.66665     0.600073     -5.72553 
         -75            0     0.999892  2.94615e-08 -1.67622e-08      4.95978 -6.77865e-08 -1.66388e-08      1.98391            1  0.000214325      1.66667 -9.89271e-09     -5.15062 
         -75      0.00051     0.999874  0.000339989 -1.55285e-08      4.95978  0.000339946 -1.54206e-08      1.98391      1.00002   0.00034249      1.66668  0.000203993     -5.15062 
         -75      0.00204     0.999818   0.00135977 -9.83021e-09      4.95978   0.00135996 -9.76377e-09      1.98391      1.00007  0.000726463      1.66673  0.000815963     -5.15062 
         -75     0.004591     0.999726   0.00305972   6.3314e-09      4.95979   0.00306055  6.34722e-09      1.98391      1.00017   0.00136492       1.6668   0.00183618     -5.15062 
         -75     0.008162     0.999598   0.00543869  4.29423e-08       4.9598    0.0054409   4.2926e-08      1.98391      1.00029   0.00225501      1.66691   0.00326405     -5.15062 
         -75     0.012753     0.999434   0.00849595  1.13985e-07      4.95982    0.0085008  1.13994e-07      1.98391      1.00046   0.00339306      1.66705    0.0050993     -5.15062 
         -75     0.018365     0.999236    0.0122313  2.37462e-07      4.95986    0.0122406  2.37603e-07      1.98391      1.00066   0.00477461      1.66721   0.00734197     -5.15062 
         -75     0.024997     0.999003    0.0166428  4.35335e-07      4.95992    0.0166594  4.35775e-07      1.98391      1.00089   0.00639367      1.66741   0.00999122     -5.15062 
         -75     0.032649     0.998737    0.0217294  7.33572e-07      4.96002    0.0217568  7.34552e-07      1.98391      1.00116   0.00824343      1.66763    0.0130466     -5.15062 
         -75     0.041322     0.998439      0.02749  1.16219e-06      4.96016     0.027533  1.16403e-06      1.98391      1.00146    0.0103163      1.66788    0.0165078     -5.15062 
         -75     0.051015      0.99811    0.0339225   1.7175e-06      4.96036    0.0339865  1.72098e-06      1.98391      1.00179    0.0126034      1.66815    0.0203738     -4.78275 
         -75     0.061728     0.997752    0.0410249  2.58867e-06      4.96063    0.0411175   2.5944e-06      1.98391      1.00215    0.0150944      1.66845     0.024644     -4.78275 
         -75     0.073461     0.997366    0.0487957  3.70025e-06      4.96098    0.0489247  3.70988e-06      1.98391      1.00253    0.0177789      1.66878    0.0293177     -4.78275 
         -75     0.086215     0.996955    0.0572332  5.09529e-06      4.96143    0.0574081  5.11086e-06      1.98391      1.00295    0.0206453      1.66912    0.0343942     -4.78275 
         -75     0.099989     0.996519    0.0663346  6.82036e-06      4.96199    0.0665661  6.84434e-06      1.98391      1.00338    0.0236803      1.66948    0.0398723     -4.78275 
         -75     0.114783     0.996061    0.0760971  8.92588e-06      4.96269     0.076398  8.96118e-06      1.98391      1.00385    0.0268702      1.66987    0.0457509     -4.78275 
         -75     0.130598     0.995584    0.0865192  1.13777e-05      4.96354    0.0869025  1.14284e-05      1.98391      1.00433     0.030201      1.67027    0.0520292     -4.41679 
         -75     0.147433     0.995089    0.0975975  1.47322e-05      4.96457    0.0980796  1.48046e-05      1.98391      1.00483    0.0336549      1.67068    0.0587061     -4.41679 
         -75     0.165288     0.994579     0.109328  1.86154e-05      4.96579     0.109925  1.87166e-05      1.98391      1.00534    0.0372168      1.67111    0.0657793     -4.41679 
         -75     0.184164     0.994056     0.121709   2.3085e-05      4.96723     0.122437  2.32232e-05      1.98391      1.00587    0.0408691      1.67155    0.0732475     -4.41679 
         -75      0.20406     0.993523     0.134736  2.82016e-05      4.96892     0.135614  2.83857e-05      1.98391      1.00641    0.0445926        1.672    0.0811089     -4.41679 
         -75     0.224976     0.992983     0.148405   3.4029e-05      4.97087     0.149454  3.42695e-05      1.98391      1.00696    0.0483675      1.67246    0.0893619     -4.41679 
         -75     0.246913     0.992438     0.162712  3.98274e-05      4.97312     0.163949  4.01303e-05      1.98391      1.00751    0.0521787      1.67291    0.0980028     -4.05542 
         -75     0.269869     0.991893     0.177655  4.87425e-05      4.97569     0.179108  4.91411e-05      1.98391      1.00806    0.0559918      1.67337     0.107034     -4.05542 
         -75     0.293846      0.99135     0.193221  5.84168e-05      4.97862     0.194909  5.89269e-05      1.98391      1.00862    0.0597947      1.67383     0.116444     -4.05542 
         -75     0.318844     0.990812     0.209403  6.88973e-05      4.98191     0.211346  6.95364e-05      1.98391      1.00916    0.0635638      1.67429      0.12623     -4.05542 
         -75     0.344862     0.990283     0.226196  8.02332e-05      4.98561     0.228414  8.10203e-05      1.98391       1.0097    0.0672745      1.67473     0.136389     -4.05542 
         -75       0.3719     0.989766     0.243593  9.24756e-05      4.98976      0.24611  9.34314e-05      1.98391      1.01023    0.0709014      1.67517     0.146917     -4.05542 
         -75     0.399958     0.989265     0.261588  0.000105678      4.99437     0.264427  0.000106825      1.98391      1.01074     0.074418      1.67559     0.157811     -4.05542 
         -75     0.429036     0.988778     0.280159   0.00011389      4.99945     0.283332  0.000115173      1.98391      1.01124    0.0778364      1.67601     0.169054     -3.71569 
         -75     0.459135     0.988322     0.299339  0.000137278      5.00512      0.30288  0.000138905      1.98391      1.01171    0.0810385      1.67639     0.180672     -3.71569 
         -75     0.490255     0.987892     0.319043  0.000160812      5.01132      0.32296  0.000162792      1.98391      1.01215    0.0840656      1.67676     0.192608     -3.71569 
         -75     0.522394      0.98749     0.339256  0.000184426      5.01808     0.343558  0.000186768      1.98391      1.01256    0.0868893       1.6771     0.204851     -3.71569 
         -75     0.555554     0.987122     0.359966  0.000208053      5.02542     0.364662  0.000210766      1.98391      1.01294    0.0894805      1.67741     0.217396     -3.71569 
         -75     0.589734     0.986791      0.38116  0.000231624      5.03338     0.386257  0.000234717      1.98391      1.01328    0.0918089      1.67769     0.230232     -3.71569 
         -75     0.624934     0.986502     0.402823  0.000255068      5.04201     0.408329   0.00025855      1.98391      1.01357    0.0938432      1.67794     0.243353     -3.71569 
         -75     0.661155     0.986259     0.424941  0.000278312      5.05133     0.430863  0.000282191      1.98391      1.01382    0.0955517      1.67815     0.256749     -3.71569 
         -75     0.698396      0.98602     0.447334  0.000247326      5.06101     0.453654  0.000250808      1.98391      1.01407    0.0972306      1.67835     0.270303     -3.48707 
         -75     0.736658       0.9859     0.470475  0.000317641      5.07204     0.477205  0.000322195      1.98391      1.01419    0.0980791      1.67845     0.284311     -3.48707 
         -75     0.775939     0.985823     0.493793  0.000382972      5.08358     0.500906    0.0003885      1.98391      1.01427    0.0986241      1.67852     0.298418     -3.48707 
         -75     0.816241     0.985793     0.517254  0.000442779      5.09563     0.524722  0.000449175      1.98392       1.0143      0.09884      1.67854     0.312602     -3.48707 
         -75     0.857563     0.985813     0.540822  0.000496507      5.10823     0.548613  0.000503653      1.98392      1.01428    0.0987004      1.67853     0.326841     -3.48707 
         -75     0.899906     0.985887     0.564461  0.000543586      5.12138      0.57254  0.000551354      1.98392      1.01421    0.0981782      1.67846     0.341111     -3.48707 
         -75     0.943269     0.986019     0.588133  0.000583433       5.1351     0.596462  0.000591684      1.98392      1.01407    0.0972456      1.67835      0.35539     -3.48707 
         -75     0.987652     0.986214     0.611799  0.000615449      5.14941     0.620338  0.000624034      1.98391      1.01387    0.0958743      1.67819     0.369653     -3.48707 
         -75      1.03306     0.986474     0.635422  0.000639023      5.16433     0.644125  0.000647781      1.98391       1.0136    0.0940351      1.67796     0.383876     -3.48707 
         -75      1.07948     0.986805     0.658959  0.000653529      5.17989      0.66778  0.000662288      1.98391      1.01326    0.0916983      1.67768     0.398034     -3.48707 
         -75      1.12692     0.987024     0.681929  0.000531073       5.1946     0.690915  0.000538473      1.98391      1.01304     0.090161      1.67749      0.41186     -4.16655 
         -75      1.17539     0.987531     0.705603  0.000688173      5.21184     0.714514  0.000696911      1.98391      1.01252    0.0865998      1.67707     0.426046     -4.16655 
         -75      1.22487     0.988056     0.728685  0.000829478      5.22886     0.737486  0.000839334      1.98392      1.01198    0.0829181      1.67662     0.439866     -4.16655 
         -75      1.27538     0.988598     0.751108  0.000953788      5.24562     0.759758  0.000964529      1.98392      1.01143    0.0791131      1.67616     0.453277     -4.16655 
         -75       1.3269     0.989158     0.772801   0.00105989       5.2621      0.78126   0.00107126      1.98392      1.01085    0.0751817      1.67569     0.466239     -4.16655 
         -75      1.37945     0.989737     0.793695   0.00114653      5.27825     0.801918   0.00115827      1.98392      1.01026    0.0711211       1.6752     0.478707     -4.16655 
         -75      1.43301     0.990334     0.813716   0.00121245      5.29404     0.821658   0.00122428      1.98392      1.00965    0.0669282      1.67469     0.490637     -4.16655 
         -75       1.4876     0.990952     0.832792   0.00125636      5.30942     0.840403   0.00126797      1.98392      1.00903       0.0626      1.67417     0.501984     -4.16655 
         -75      1.54321     0.991589     0.850846   0.00127694      5.32436     0.858075   0.00128801      1.98392      1.00838    0.0581333      1.67363     0.512702     -4.16655 
         -75      1.59983     0.992246     0.867803   0.00127284      5.33881     0.874597   0.00128304      1.98391      1.00771    0.0535249      1.67308     0.522745     -4.16655 
         -75      1.65748     0.992925     0.883584    0.0012427      5.35274     0.889886   0.00125168      1.98391      1.00702    0.0487715       1.6725     0.532066     -4.16655 
         -75      1.71615     0.993625      0.89811   0.00118512      5.36611     0.903862   0.00119251      1.98391      1.00631    0.0438699      1.67191     0.540615     -4.16655 
         -75      1.77584     0.994152      0.91259    0.0013248      5.37839     0.917992   0.00133284      1.98393      1.00578     0.040231      1.67148     0.549199     -3.26191 
         -75      1.83654     0.994734     0.923448   0.00139902      5.38841     0.928342   0.00140646      1.98392      1.00519    0.0361589      1.67099     0.555563     -3.26191 
         -75      1.89827     0.995291     0.933706   0.00146724      5.39788     0.938111   0.00147408      1.98392      1.00463    0.0322624      1.67052     0.561573     -3.26191 
         -75      1.96102     0.995822     0.943324   0.00152908      5.40677     0.947262   0.00153534      1.98392      1.00409    0.0285534      1.67007     0.567205     -3.26191 
         -75      2.02479     0.996325     0.952264   0.00158419      5.41504     0.955756   0.00158988      1.98392      1.00358    0.0250446      1.66965     0.572436     -3.26191 
         -75      2.08958     0.996797     0.960484   0.00163217      5.42267     0.963555    0.0016373      1.98391      1.00311    0.0217484      1.66925     0.577243     -3.26191 
         -75      2.15539     0.997237     0.967944   0.00167267       5.4296     0.970618   0.00167725      1.98391      1.00266    0.0186777      1.66888     0.581601     -3.26191 
         -75      2.22222     0.997643     0.974602   0.00170528       5.4358     0.976906   0.00170933      1.98391      1.00225    0.0158454      1.66854     0.585485     -3.26191 
         -75      2.29007     0.998014     0.980416   0.00172961      5.44124     0.982377   0.00173314      1.98391      1.00188    0.0132648      1.66823     0.588871     -3.26191 
         -75      2.35894     0.998347     0.985342   0.00174527      5.44587     0.986991    0.0017483      1.98391      1.00155    0.0109492      1.66796     0.591733     -3.26191 
         -75      2.42883      0.99864     0.989337   0.00175185      5.44966     0.990705    0.0017544      1.98391      1.00125    0.0089124      1.66771     0.594046     -3.26191 
         -75      2.49974     0.998892     0.992357   0.00174894      5.45256     0.993477   0.00175102      1.98392        1.001   0.00716801       1.6675     0.595783     -3.26191 
         -75      2.57167       0.9991     0.994357   0.00173613      5.45454     0.995262   0.00173776      1.98392       1.0008   0.00573011      1.66733     0.596918     -3.26191 
         -75      2.64462     0.999263      0.99529   0.00171298      5.45554     0.996018   0.00171419      1.98392      1.00064   0.00461294       1.6672     0.597424     -3.26191 
         -75      2.71859     0.999378     0.995112   0.00167908      5.45554     0.995699   0.00167988      1.98393      1.00052   0.00383087       1.6671     0.597273     -3.26191 
         -75      2.79359     0.999461     0.996586     0.001765      5.45665     0.997123   0.00176595      1.98392      1.00043   0.00321797      1.66703     0.598145      -4.4404 
         -75       2.8696     0.999546     0.997292   0.00175973      5.45732     0.997745   0.00176052      1.98392      1.00035   0.00263455      1.66696     0.598543     -4.19257 
         -75      2.94663     0.999621      0.99791    0.0017658      5.45791     0.998289   0.00176647      1.98392      1.00028   0.00212235       1.6669     0.598892     -4.19257 
         -75      3.02468     0.999687     0.998461   0.00177105      5.45843     0.998773    0.0017716      1.98392      1.00021   0.00166133      1.66684     0.599202     -4.19257 
         -75      3.10376     0.999746     0.998941   0.00177543      5.45888     0.999195   0.00177588      1.98392      1.00015   0.00125378      1.66679     0.599472     -4.19257 
         -75      3.18385     0.999797     0.999348   0.00177891      5.45926     0.999551   0.00177928      1.98392       1.0001  0.000902004      1.66675     0.599701     -4.19257 
         -75      3.26497     0.999839     0.999679   0.00178146      5.45957     0.999839   0.00178175      1.98392      1.00006  0.000608357      1.66672     0.599887     -4.19257 
         -75       3.3471     0.999873      0.99993   0.00178303       5.4598      1.00006   0.00178326      1.98392      1.00002  0.000375217      1.66669     0.600028     -4.19257 
         -75      3.43025     0.999897       1.0001   0.00178359      5.45996       1.0002   0.00178378      1.98392            1  0.000204988      1.66667     0.600121     -4.19257 
         -75      3.51443     0.999912      1.00018    0.0017831      5.46003      1.00027   0.00178326      1.98392     0.999985   0.00010011      1.66665     0.600167     -4.19257 
         -75      3.59963     0.999917      1.00017   0.00178152      5.46002      1.00026   0.00178167      1.98392     0.999979  6.30511e-05      1.66665     0.600161     -4.19257 
         -75      3.68584     0.999919      1.00013   0.00178275      5.45998      1.00021   0.00178289      1.98392     0.999979  5.41731e-05      1.66665     0.600134     -6.19713 
         -75      3.77308     0.999919      1.00009   0.00178298      5.45995      1.00018   0.00178312      1.98392     0.999978  5.21986e-05      1.66665     0.600113     -6.19713 
         -75      3.86133      0.99992      1.00006   0.00178312      5.45992      1.00014   0.00178326      1.98392     0.999978  4.98378e-05      1.66665     0.600095     -6.19713 
         -75      3.95061      0.99992      1.00004   0.00178317      5.45989      1.00012   0.00178331      1.98392     0.999978  4.70781e-05      1.66665      0.60008     -6.19713 
         -75      4.04091     0.999921      1.00002   0.00178313      5.45987       1.0001   0.00178327      1.98392     0.999977  4.39066e-05      1.66665     0.600068     -6.19713 
         -75      4.13222     0.999921      1.00001   0.00178299      5.45986      1.00009   0.00178313      1.98392     0.999977  4.03105e-05      1.66665     0.600061     -6.19713 
         -75      4.22456     0.999922            1   0.00178275      5.45985      1.00008   0.00178289      1.98392     0.999976  3.62765e-05      1.66665     0.600056     -6.19713 
         -75      4.31792     0.999923            1    0.0017824      5.45985      1.00008   0.00178254      1.98392     0.999975  3.17914e-05      1.66665     0.600056     -6.19713 
         -75       4.4123     0.999923      1.00001   0.00178196      5.45986      1.00009   0.00178209      1.98392     0.999975  2.68419e-05      1.66665      0.60006     -6.19713 
         -75      4.50769     0.999925      1.00002   0.00178107      5.45988       1.0001    0.0017812      1.98393     0.999974  2.12102e-05      1.66665     0.600067     -6.21356 
         -75      4.60411     0.999926      1.00003   0.00178212      5.45989      1.00011   0.00178225      1.98393     0.999974  1.64902e-05      1.66664     0.600073     -6.21356 
         -75      4.70155     0.999926      1.00004   0.00178232      5.45989      1.00011   0.00178246      1.98393     0.999973  1.38173e-05      1.66664     0.600076     -6.40055 
         -75      4.80001     0.999926      1.00004   0.00178238       5.4599      1.00012   0.00178251      1.98393     0.999973  1.16865e-05      1.66664     0.600079     -6.40055 
         -75      4.89949     0.999927      1.00005   0.00178243      5.45991      1.00012   0.00178256      1.98393     0.999973  9.83054e-06      1.66664     0.600082     -6.40055 
         -75            5     0.999927      1.00005   0.00178249      5.45991      1.00012   0.00178262      1.98393     0.999973  8.25849e-06      1.66664     0.600084     -6.40055 
         -50            0       0.9999  2.56541e-08  -1.4412e-08      4.95982 -5.83933e-08   -1.431e-08      1.98393            1  0.000198715      1.66667 -8.46256e-09     -5.19294 
         -50      0.00051     0.999882  0.000323809 -1.33511e-08      4.95982  0.000323773  -1.3262e-08      1.98393      1.00002  0.000320888      1.66668  0.000194286     -5.19294 
         -50      0.00204      0.99983   0.00129507 -8.44453e-09      4.95982   0.00129524 -8.38962e-09      1.98393      1.00007  0.000686931      1.66673  0.000777132     -5.19294 
         -50     0.004591     0.999742   0.00291416  5.48666e-09      4.95983    0.0029149  5.49974e-09      1.98393      1.00016   0.00129566       1.6668   0.00174881     -5.19294 
         -50     0.008162      0.99962   0.00517999  3.70635e-08      4.95983   0.00518198  3.70499e-08      1.98393      1.00028   0.00214446       1.6669   0.00310875     -5.19294 
         -50     0.012753     0.999464   0.00809191  9.83573e-08      4.95985   0.00809629  9.83641e-08      1.98393      1.00044   0.00323002      1.66703   0.00485671     -5.19294 
         -50     0.018365     0.999274    0.0116497   2.0491e-07      4.95989    0.0116582  2.05025e-07      1.98393      1.00063   0.00454829      1.66719   0.00699274     -5.19294 
         -50     0.024997     0.999051    0.0158518  3.75681e-07      4.95995    0.0158669  3.76042e-07      1.98393      1.00085   0.00609383      1.66737   0.00951608     -5.19294 
         -50     0.032649     0.998797     0.020697  6.33089e-07      4.96004    0.0207219  6.33894e-07      1.98393       1.0011   0.00786046      1.66759    0.0124263     -5.19294 
         -50     0.041322     0.998512    0.0261844  1.00305e-06      4.96016    0.0262234  1.00456e-06      1.98393      1.00139    0.0098413      1.66782    0.0157231     -5.19294 
         -50     0.051015     0.998198    0.0323121  1.48276e-06      4.96034    0.0323703  1.48563e-06      1.98393       1.0017    0.0120283      1.66809    0.0194057     -4.82476 
         -50     0.061728     0.997855    0.0390784  2.23451e-06      4.96059    0.0391624  2.23923e-06      1.98393      1.00205     0.014412      1.66837    0.0234734     -4.82476 
         -50     0.073461     0.997486    0.0464816  3.19409e-06       4.9609    0.0465989  3.20203e-06      1.98393      1.00242    0.0169831      1.66868    0.0279255     -4.82476 
         -50     0.086215     0.997092    0.0545205  4.39876e-06      4.96131    0.0546795   4.4116e-06      1.98393      1.00282    0.0197309      1.66901    0.0327616     -4.82476 
         -50     0.099989     0.996673    0.0631923  5.88883e-06      4.96182    0.0634031  5.90861e-06      1.98393      1.00324    0.0226436      1.66936    0.0379805     -4.82476 
         -50     0.114783     0.996234    0.0724948  7.70791e-06      4.96246    0.0727688  7.73705e-06      1.98393      1.00368    0.0257083      1.66973    0.0435812     -4.82476 
         -50     0.130598     0.995774    0.0824262  9.83029e-06      4.96323    0.0827756  9.87223e-06      1.98393      1.00414    0.0289127      1.67012    0.0495629     -4.45833 
         -50     0.147433     0.995297    0.0929838   1.2725e-05      4.96417    0.0934235  1.27849e-05      1.98393      1.00462    0.0322405      1.67052    0.0559248     -4.45833 
         -50     0.165288     0.994805     0.104164  1.60794e-05      4.96528     0.104709  1.61631e-05      1.98393      1.00512    0.0356779      1.67093    0.0626648     -4.45833 
         -50     0.184164     0.994299     0.115965  1.99436e-05      4.96658      0.11663  2.00581e-05      1.98393      1.00563    0.0392089      1.67135    0.0697818     -4.45833 
         -50      0.20406     0.993782     0.128383  2.43707e-05      4.96811     0.129186  2.45234e-05      1.98393      1.00616    0.0428162      1.67179    0.0772741     -4.45833 
         -50     0.224976     0.993258     0.141414  2.94163e-05      4.96989     0.142374   2.9616e-05      1.98393      1.00669    0.0464816      1.67223    0.0851404     -4.45833 
         -50     0.246913     0.992728     0.155055  3.44858e-05      4.97193     0.156189  3.47381e-05      1.98393      1.00722     0.050191      1.67268    0.0933775     -4.09582 
         -50     0.269869     0.992196     0.169305  4.21609e-05      4.97427     0.170638  4.24926e-05      1.98393      1.00777    0.0539143      1.67313     0.101987     -4.09582 
         -50     0.293846     0.991664     0.184151  5.05117e-05      4.97692     0.185701  5.09365e-05      1.98393      1.00831    0.0576394      1.67357      0.11096     -4.09582 
         -50     0.318844     0.991135     0.199589  5.95818e-05      4.97992     0.201375  6.01149e-05      1.98393      1.00884    0.0613449      1.67402     0.120294     -4.09582 
         -50     0.344862     0.990612     0.215613  6.94164e-05      4.98329     0.217655  7.00742e-05      1.98393      1.00938    0.0650083      1.67446     0.129985     -4.09582 
         -50       0.3719     0.990099     0.232217  8.00628e-05      4.98705     0.234538  8.08632e-05      1.98393       1.0099    0.0686065       1.6749     0.140032     -4.09582 
         -50     0.399958     0.989598     0.249397  9.15701e-05      4.99125     0.252019  9.25326e-05      1.98393      1.01041    0.0721154      1.67532      0.15043     -4.09582 
         -50     0.429036      0.98911     0.267135  9.91539e-05      4.99587     0.270069  0.000100238      1.98393      1.01091    0.0755419      1.67573     0.161167     -3.75177 
         -50     0.459135     0.988648     0.285455  0.000119138      5.00104     0.288735  0.000120509      1.98393      1.01138    0.0787877      1.67612     0.172263     -3.75177 
         -50     0.490255     0.988208     0.304289  0.000139352      5.00669     0.307925  0.000141022      1.98393      1.01183    0.0818829       1.6765      0.18367     -3.75177 
         -50     0.522394     0.987793     0.323624  0.000159751      5.01285     0.327627   0.00016173      1.98393      1.01226    0.0848011      1.67685     0.195381     -3.75177 
         -50     0.555554     0.987407      0.34345  0.000180289      5.01955      0.34783  0.000182588      1.98393      1.01265    0.0875157      1.67718      0.20739     -3.75177 
         -50     0.589734     0.987054     0.363755  0.000200918      5.02684     0.368522  0.000203548      1.98393      1.01302    0.0899987      1.67748     0.219689     -3.75177 
         -50     0.624934     0.986737     0.384528   0.00022159      5.03473     0.389691  0.000224562      1.98393      1.01334    0.0922215      1.67775     0.232272     -3.75177 
         -50     0.661155     0.986463     0.405756  0.000242253      5.04327     0.411325  0.000245579      1.98393      1.01362    0.0941547      1.67798     0.245131     -3.75177 
         -50     0.698396     0.986195     0.427291  0.000218752      5.05219     0.433251  0.000221785      1.98393       1.0139    0.0960351      1.67821     0.258168     -3.50143 
         -50     0.736658     0.986029     0.449518  0.000278047      5.06229     0.455888  0.000281995      1.98393      1.01407    0.0972099      1.67835     0.271628     -3.50143 
         -50     0.775939     0.985903      0.47197  0.000333436      5.07289      0.47873  0.000338225      1.98393       1.0142    0.0981006      1.67846     0.285217     -3.50143 
         -50     0.816241     0.985821     0.494621  0.000384491      5.08403     0.501748  0.000390039      1.98393      1.01428    0.0986825      1.67853     0.298918     -3.50143 
         -50     0.857563     0.985786     0.517439  0.000430767       5.0957     0.524908  0.000436982      1.98393      1.01432    0.0989299      1.67856     0.312712     -3.50143 
         -50     0.899906     0.985802     0.540395  0.000471807      5.10794     0.548178  0.000478592      1.98393       1.0143    0.0988168      1.67854     0.326581     -3.50143 
         -50     0.943269     0.985873     0.563458  0.000507146      5.12077     0.571523  0.000514393      1.98393      1.01423    0.0983162      1.67848     0.340503     -3.50143 
         -50     0.987652     0.986002     0.586595  0.000536304       5.1342     0.594909  0.000543898      1.98393       1.0141    0.0974007      1.67837      0.35446     -3.50143 
         -50      1.03306     0.986195     0.609773  0.000558794      5.14826       0.6183  0.000566609      1.98393       1.0139    0.0960422      1.67821     0.368432     -3.50143 
         -50      1.07948     0.986454      0.63296  0.000574115      5.16296     0.641661  0.000582018      1.98393      1.01363    0.0942119      1.67799     0.382396     -3.50143 
         -50      1.12692     0.986614     0.655681  0.000448718      5.17698     0.664589  0.000455159      1.98393      1.01346    0.0930842      1.67785     0.396085     -3.87837 
         -50      1.17539     0.987049     0.679282  0.000595226      5.19353     0.688197  0.000603086      1.98393      1.01302    0.0900294      1.67748     0.410252     -3.87837 
         -50      1.22487     0.987506     0.702382  0.000727085      5.20996     0.711264   0.00073615      1.98393      1.01255    0.0868213      1.67709     0.424105     -3.87837 
         -50      1.27538     0.987985     0.724918  0.000843186      5.22625     0.733726  0.000853224      1.98393      1.01206    0.0834545      1.67669     0.437608     -3.87837 
         -50       1.3269     0.988488     0.746827  0.000942396      5.24236     0.755517  0.000953163      1.98393      1.01155    0.0799234      1.67626      0.45072     -3.87837 
         -50      1.37945     0.989015     0.768044   0.00102356      5.25826     0.776569    0.0010348      1.98393      1.01101    0.0762221      1.67582     0.463403     -3.87837 
         -50      1.43301     0.989568     0.788503   0.00108551      5.27393     0.796814   0.00109693      1.98393      1.01044    0.0723448      1.67535     0.475616     -3.87837 
         -50       1.4876     0.990146     0.808135   0.00112703      5.28933     0.816181   0.00113835      1.98393      1.00985    0.0682854      1.67486     0.487317     -3.87837 
         -50      1.54321     0.990752     0.826873   0.00114691      5.30443     0.834598   0.00115782      1.98393      1.00924    0.0640379      1.67435     0.498463     -3.87837 
         -50      1.59983     0.991385     0.844646   0.00114391       5.3192     0.851994   0.00115407      1.98393      1.00859    0.0595958      1.67381     0.509014     -3.87837 
         -50      1.65748     0.992047     0.861383   0.00111674      5.33361     0.868293   0.00112581      1.98393      1.00792    0.0549531      1.67325     0.518924     -3.87837 
         -50      1.71615     0.992738      0.87701   0.00106413      5.34761      0.88342   0.00107174      1.98392      1.00721    0.0501031      1.67267     0.528149     -3.87837 
         -50      1.77584     0.993249     0.892426   0.00116422      5.36038     0.898532   0.00117245      1.98394       1.0067    0.0465673      1.67224     0.537308     -3.27625 
         -50      1.83654     0.993866     0.904908   0.00124985      5.37174       0.9105   0.00125761      1.98394      1.00607    0.0422517      1.67172     0.544645     -3.27625 
         -50      1.89827      0.99446     0.916751    0.0013284      5.38254     0.921845   0.00133568      1.98393      1.00547    0.0380994      1.67122     0.551603     -3.27625 
         -50      1.96102     0.995029     0.927912   0.00139944      5.39273     0.932524   0.00140624      1.98393       1.0049    0.0341222      1.67074     0.558157     -3.27625 
         -50      2.02479     0.995572     0.938347   0.00146253      5.40227     0.942496   0.00146884      1.98393      1.00435    0.0303321      1.67029      0.56428     -3.27625 
         -50      2.08958     0.996086     0.948013   0.00151724      5.41114     0.951719   0.00152306      1.98393      1.00383    0.0267414      1.66986     0.569948     -3.27625 
         -50      2.15539     0.996571     0.956866   0.00156312      5.41928     0.960148   0.00156843      1.98393      1.00334    0.0233623      1.66945     0.575133     -3.27625 
         -50      2.22222     0.997023     0.964859   0.00159972      5.42667     0.967741   0.00160452      1.98393      1.00289    0.0202074      1.66907      0.57981     -3.27625 
         -50      2.29007     0.997442     0.971947   0.00162657      5.43324     0.974452   0.00163085      1.98393      1.00246    0.0172896      1.66872      0.58395     -3.27625 
         -50      2.35894     0.997825     0.978083   0.00164321      5.43898     0.980236   0.00164696      1.98393      1.00208    0.0146216       1.6684     0.587526     -3.27625 
         -50      2.42883     0.998171      0.98322   0.00164915      5.44383     0.985047   0.00165238      1.98393      1.00173    0.0122169      1.66811     0.590511     -3.27625 
         -50      2.49974     0.998477      0.98731   0.00164393      5.44774     0.988838   0.00164661      1.98393      1.00143    0.0100886      1.66785     0.592875     -3.27625 
         -50      2.57167     0.998743     0.990303   0.00162704      5.45069     0.991563   0.00162918      1.98393      1.00116   0.00825035      1.66763     0.594589     -3.27625 
         -50      2.64462     0.998965     0.992151   0.00159799      5.45262     0.993172   0.00159958      1.98394      1.00094   0.00671588      1.66745     0.595626     -3.27625 
         -50      2.71859     0.999142     0.992804   0.00155628      5.45348     0.993617   0.00155731      1.98394      1.00077   0.00549911       1.6673     0.595954     -3.27625 
         -50      2.79359     0.999253     0.994782   0.00167002      5.45501     0.995526   0.00167127      1.98394      1.00065    0.0047133      1.66721     0.597122     -4.23697 
         -50       2.8696     0.999366     0.995773   0.00167573      5.45594     0.996404   0.00167679      1.98394      1.00054    0.0039216      1.66711     0.597683     -4.23697 
         -50      2.94663     0.999471     0.996672   0.00168256      5.45678       0.9972   0.00168345      1.98393      1.00043   0.00319717      1.66703     0.598191     -4.07167 
         -50      3.02468     0.999565     0.997475   0.00168549      5.45754     0.997909   0.00168622      1.98394      1.00034   0.00254431      1.66695     0.598645     -4.07167 
         -50      3.10376     0.999648     0.998177   0.00168813       5.4582     0.998529   0.00168872      1.98394      1.00026   0.00196594      1.66688     0.599041     -4.07167 
         -50      3.18385      0.99972     0.998774   0.00169047      5.45876     0.999054   0.00169094      1.98394      1.00018   0.00146532      1.66682     0.599378     -4.07167 
         -50      3.26497     0.999781     0.999262   0.00169249      5.45921      0.99948   0.00169286      1.98394      1.00012   0.00104571      1.66677     0.599652     -4.07167 
         -50       3.3471     0.999829     0.999634   0.00169419      5.45956     0.999805   0.00169448      1.98394      1.00007  0.000710438      1.66673     0.599861     -4.07167 
         -50      3.43025     0.999865     0.999889   0.00169554       5.4598      1.00002   0.00169577      1.98394      1.00004  0.000462861       1.6667     0.600003     -4.07167 
         -50      3.51443     0.999888      1.00002   0.00169654      5.45992      1.00013   0.00169673      1.98394      1.00002  0.000306384      1.66668     0.600075     -4.07167 
         -50      3.59963     0.999897      1.00002   0.00169717      5.45992      1.00013   0.00169735      1.98394      1.00001  0.000244449      1.66667     0.600074     -4.07167 
         -50      3.68584     0.999903            1   0.00169348       5.4599       1.0001   0.00169364      1.98394            1   0.00020388      1.66667     0.600061     -5.37468 
         -50      3.77308     0.999909      1.00001   0.00169507      5.45991       1.0001   0.00169523      1.98394     0.999997  0.000164134      1.66666     0.600064     -5.37468 
         -50      3.86133     0.999914      1.00002   0.00169661      5.45991       1.0001   0.00169676      1.98394     0.999991  0.000128666      1.66666     0.600066     -5.37468 
         -50      3.95061     0.999918      1.00002   0.00169808      5.45991       1.0001   0.00169822      1.98394     0.999987  9.76421e-05      1.66666     0.600068     -5.37468 
         -50      4.04091     0.999922      1.00003    0.0016995      5.45991       1.0001   0.00169963      1.98394     0.999983   7.1229e-05      1.66665     0.600069     -5.37468 
         -50      4.13222     0.999924      1.00002    0.0016975      5.45991       1.0001   0.00169762      1.98394     0.999981  5.41122e-05      1.66665     0.600066     -5.42852 
         -50      4.22456     0.999927      1.00002   0.00169739       5.4599      1.00009   0.00169752      1.98394     0.999978  3.80706e-05      1.66665     0.600064     -5.42852 
         -50      4.31792     0.999928      1.00002   0.00169735       5.4599      1.00009   0.00169747      1.98394     0.999977  2.55705e-05      1.66665     0.600063     -5.42852 
         -50       4.4123      0.99993      1.00002   0.00169738       5.4599      1.00009    0.0016975      1.98394     0.999975  1.67346e-05      1.66665     0.600062     -5.42852 
         -50      4.50769     0.999931      1.00002   0.00169748       5.4599      1.00009    0.0016976      1.98394     0.999975  1.16868e-05      1.66665     0.600061     -5.42852 
         -50      4.60411     0.999931      1.00002   0.00169766      5.45991      1.00009   0.00169777      1.98394     0.999975  1.05524e-05      1.66665     0.600061     -5.42852 
         -50      4.70155     0.999931      1.00002    0.0016979      5.45991      1.00009   0.00169802      1.98394     0.999975  1.34581e-05      1.66665     0.600061     -5.42852 
         -50      4.80001     0.999931      1.00002   0.00169802      5.45991      1.00009   0.00169814      1.98394     0.999975  1.51924e-05      1.66665     0.600065     -6.56128 
         -50      4.89949     0.999931      1.00003   0.00169814      5.45992       1.0001   0.00169825      1.98394     0.999975  1.37515e-05      1.66665     0.600067     -6.56128 
         -50            5     0.999931      1.00003   0.00169824      5.45992       1.0001   0.00169835      1.98394     0.999975  1.24189e-05      1.66665     0.600069     -6.56128 
         -25            0     0.999909  2.26126e-08 -1.25713e-08      4.95986 -5.09561e-08 -1.24857e-08      1.98395            1   0.00018143      1.66667 -7.33169e-09     -5.23152 
         -25      0.00051     0.999892  0.000309723 -1.16464e-08      4.95986  0.000309692 -1.15717e-08      1.98395      1.00002  0.000298354      1.66668  0.000185834     -5.23152 
         -25      0.00204     0.999841   0.00123874  -7.3668e-09      4.95986    0.0012389 -7.32073e-09      1.98395      1.00007  0.000648692      1.66672  0.000743327     -5.23152 
         -25     0.004591     0.999757   0.00278743  4.78906e-09      4.95987    0.0027881  4.80003e-09      1.98395      1.00015   0.00123137      1.66679   0.00167274     -5.23152 
         -25     0.008162      0.99964   0.00495477  3.23478e-08      4.95988   0.00495657  3.23362e-08      1.98395      1.00027   0.00204399      1.66689   0.00297354     -5.23152 
         -25     0.012753     0.999491   0.00774016  8.58483e-08      4.95989   0.00774413  8.58534e-08      1.98395      1.00042   0.00308351      1.66701    0.0046455     -5.23152 
         -25     0.018365     0.999309    0.0111435  1.78859e-07      4.95993    0.0111512  1.78954e-07      1.98395       1.0006   0.00434625      1.66717    0.0066887     -5.23152 
         -25     0.024997     0.999096    0.0151631  3.27933e-07      4.95998    0.0151768  3.28234e-07      1.98395      1.00081    0.0058272      1.66734    0.0091024     -5.23152 
         -25     0.032649     0.998852    0.0197981  5.52644e-07      4.96006    0.0198208  5.53315e-07      1.98395      1.00106   0.00752073      1.66755    0.0118862     -5.23152 
         -25     0.041322     0.998579    0.0250477  8.75615e-07      4.96018    0.0250833  8.76878e-07      1.98395      1.00133   0.00942053      1.66778      0.01504     -5.23152 
         -25     0.051015     0.998277    0.0309099   1.2946e-06      4.96034    0.0309631    1.297e-06      1.98395      1.00163    0.0115192      1.66803    0.0185628     -4.86311 
         -25     0.061728     0.997948    0.0373833  1.95075e-06      4.96056    0.0374603  1.95468e-06      1.98395      1.00196    0.0138082       1.6683    0.0224541     -4.86311 
         -25     0.073461     0.997593    0.0444665  2.78845e-06      4.96086    0.0445739  2.79508e-06      1.98395      1.00232    0.0162788       1.6686    0.0267133     -4.86311 
         -25     0.086215     0.997214    0.0521582  3.84027e-06      4.96123    0.0523039  3.85101e-06      1.98395       1.0027    0.0189215      1.66892      0.03134     -4.86311 
         -25     0.099989     0.996811    0.0604559  5.14145e-06       4.9617    0.0606491    5.158e-06      1.98395      1.00311    0.0217251      1.66925    0.0363331     -4.86311 
         -25     0.114783     0.996388    0.0693574  6.73009e-06      4.96228    0.0696089  6.75449e-06      1.98395      1.00353    0.0246783      1.66961    0.0416917     -4.86311 
         -25     0.130598     0.995944    0.0788614  8.58624e-06      4.96299    0.0791822   8.6214e-06      1.98395      1.00398    0.0277693      1.66998    0.0474152     -4.49639 
         -25     0.147433     0.995483    0.0889652  1.11116e-05      4.96384    0.0893692  1.11618e-05      1.98395      1.00445    0.0309835      1.67037    0.0535026     -4.49639 
         -25     0.165288     0.995007    0.0996658  1.40395e-05      4.96486     0.100166  1.41098e-05      1.98395      1.00493    0.0343082      1.67077    0.0599522     -4.49639 
         -25     0.184164     0.994517     0.110961  1.74143e-05      4.96605     0.111573  1.75104e-05      1.98395      1.00542    0.0377288      1.67118    0.0667631     -4.49639 
         -25      0.20406     0.994016     0.122848  2.12823e-05      4.96746     0.123587  2.14107e-05      1.98395      1.00593    0.0412292       1.6716    0.0739338     -4.49639 
         -25     0.224976     0.993506     0.135324  2.56926e-05      4.96908     0.136208  2.58606e-05      1.98395      1.00644     0.044793      1.67203    0.0814629     -4.49639 
         -25     0.246913     0.992989     0.148384   3.0159e-05      4.97095      0.14943  3.03718e-05      1.98395      1.00697    0.0484067      1.67246    0.0893478     -4.13313 
         -25     0.269869     0.992469     0.162028  3.68325e-05      4.97309     0.163259   3.7112e-05      1.98395       1.0075    0.0520438       1.6729    0.0975898     -4.13313 
         -25     0.293846     0.991948     0.176246  4.41073e-05      4.97552     0.177678  4.44654e-05      1.98395      1.00803    0.0556923      1.67334     0.106181     -4.13313 
         -25     0.318844     0.991428     0.191034  5.20231e-05      4.97827     0.192686   5.2473e-05      1.98395      1.00855    0.0593327      1.67378      0.11512     -4.13313 
         -25     0.344862     0.990912     0.206386  6.06211e-05      4.98136     0.208278  6.11771e-05      1.98395      1.00908    0.0629444      1.67422     0.124403     -4.13313 
         -25       0.3719     0.990404     0.222298  6.99444e-05      4.98481      0.22445  7.06219e-05      1.98395       1.0096    0.0665061      1.67464     0.134029     -4.13313 
         -25     0.399958     0.989907     0.238765  8.00377e-05      4.98866     0.241199  8.08537e-05      1.98395       1.0101    0.0699957      1.67507     0.143994     -4.13313 
         -25     0.429036     0.989419     0.255772  8.70133e-05      4.99291     0.258501  8.79377e-05      1.98395       1.0106    0.0734164      1.67548     0.154287      -3.7857 
         -25     0.459135     0.988954     0.273339  0.000104224      4.99765     0.276395  0.000105391      1.98395      1.01108    0.0766855      1.67587     0.164925      -3.7857 
         -25     0.490255     0.988507      0.29141  0.000121713      5.00283     0.294803  0.000123134      1.98395      1.01153    0.0798245      1.67625     0.175869      -3.7857 
         -25     0.522394     0.988082     0.309974  0.000139448       5.0085     0.313716  0.000141134      1.98395      1.01197     0.082809      1.67661     0.187112      -3.7857 
         -25     0.555554     0.987683     0.329021  0.000157399      5.01467     0.333124  0.000159362      1.98395      1.01238    0.0856144      1.67695     0.198649      -3.7857 
         -25     0.589734     0.987313     0.348543  0.000175533      5.02138     0.353018  0.000177784      1.98395      1.01276    0.0882148      1.67726     0.210474      -3.7857 
         -25     0.624934     0.986976     0.368529  0.000193816      5.02866     0.373387  0.000196368      1.98395       1.0131    0.0905838      1.67755      0.22258      -3.7857 
         -25     0.661155     0.986676     0.388968  0.000212213      5.03654     0.394221   0.00021508      1.98395      1.01341    0.0926941      1.67781     0.234962      -3.7857 
         -25     0.698396     0.986385     0.409736   0.00019392       5.0448      0.41537  0.000196566      1.98394      1.01371    0.0947381      1.67805     0.247536     -3.51782 
         -25     0.736658     0.986182     0.431156  0.000244586      5.05411     0.437197  0.000248019      1.98395      1.01392    0.0961743      1.67823     0.260511     -3.51782 
         -25     0.775939     0.986016     0.452835  0.000292156      5.06393     0.459268  0.000296319      1.98395      1.01409    0.0973452      1.67837     0.273636     -3.51782 
         -25     0.816241     0.985891      0.47475  0.000336282      5.07427     0.481556  0.000341112      1.98395      1.01422    0.0982269      1.67847     0.286898     -3.51782 
         -25     0.857563     0.985811     0.496875  0.000376603      5.08515     0.504034  0.000382029      1.98395       1.0143    0.0987949      1.67854     0.300279     -3.51782 
         -25     0.899906     0.985778     0.519185   0.00041275      5.09659     0.526674  0.000418697      1.98395      1.01434    0.0990239      1.67857     0.313765     -3.51782 
         -25     0.943269     0.985797     0.541653  0.000444345      5.10861     0.549448  0.000450728      1.98395      1.01432    0.0988881      1.67855     0.327337     -3.51782 
         -25     0.987652     0.985872     0.564251  0.000471001      5.12124     0.572325   0.00047773      1.98395      1.01424    0.0983611      1.67849      0.34098     -3.51782 
         -25      1.03306     0.986006     0.586953   0.00049232       5.1345     0.595275  0.000499299      1.98395       1.0141    0.0974157      1.67838     0.354676     -3.51782 
         -25      1.07948     0.986203      0.60973  0.000507898      5.14841     0.618268  0.000515022      1.98394       1.0139    0.0960244      1.67821     0.368407     -3.51782 
         -25      1.12692     0.986314     0.632127  0.000386684      5.16176     0.640904  0.000392339      1.98394      1.01378    0.0952423      1.67811     0.381912     -3.73653 
         -25      1.17539     0.986681     0.655468  0.000521511      5.17755     0.664317  0.000528599      1.98395      1.01341    0.0926616       1.6778     0.395941     -3.73653 
         -25      1.22487     0.987074     0.678395   0.00064298      5.19331     0.687278  0.000651297      1.98395        1.013    0.0899034      1.67747     0.409711     -3.73653 
         -25      1.27538     0.987493     0.700852  0.000750075      5.20901     0.709726  0.000759403      1.98395      1.01257      0.08696      1.67711     0.423185     -3.73653 
         -25       1.3269     0.987939     0.722781  0.000841764      5.22464     0.731602  0.000851868      1.98395      1.01212    0.0838235      1.67673     0.436329     -3.73653 
         -25      1.37945     0.988414     0.744124  0.000916994      5.24018     0.752844  0.000927625      1.98395      1.01163    0.0804859      1.67633     0.449106     -3.73653 
         -25      1.43301     0.988919      0.76482  0.000974687      5.25559     0.773388  0.000985582      1.98395      1.01112    0.0769391       1.6759      0.46148     -3.73653 
         -25       1.4876     0.989455     0.784808   0.00101375      5.27085     0.793172   0.00102463      1.98395      1.01057    0.0731747      1.67545     0.473412     -3.73653 
         -25      1.54321     0.990024     0.804026   0.00103306      5.28595      0.81213   0.00104363      1.98395      1.00999    0.0691843      1.67497     0.484865     -3.73653 
         -25      1.59983     0.990626      0.82241   0.00103149      5.30084     0.830196   0.00104143      1.98395      1.00937    0.0649591      1.67446       0.4958     -3.73653 
         -25      1.65748     0.991262     0.839895   0.00100788      5.31552     0.847301   0.00101686      1.98394      1.00872    0.0604904      1.67392     0.506176     -3.73653 
         -25      1.71615     0.991935     0.856416  0.000961038      5.32994     0.863377   0.00096872      1.98394      1.00804    0.0557692      1.67335     0.515954     -3.73653 
         -25      1.77584     0.992422     0.872602   0.00102058      5.34303     0.879312   0.00102875      1.98395      1.00755    0.0523875      1.67294     0.525591     -3.30252 
         -25      1.83654      0.99306     0.886465    0.0011163      5.35546     0.892669   0.00112417      1.98395       1.0069    0.0479273      1.67241     0.533759     -3.30252 
         -25      1.89827     0.993677     0.899665   0.00120396      5.36732     0.905376   0.00121148      1.98395      1.00627    0.0436142      1.67189     0.541533     -3.30252 
         -25      1.96102     0.994271      0.91216   0.00128305      5.37858     0.917389   0.00129022      1.98395      1.00567    0.0394589      1.67139     0.548887     -3.30252 
         -25      2.02479     0.994842     0.923903   0.00135309      5.38918     0.928665   0.00135988      1.98395       1.0051    0.0354731      1.67091     0.555795     -3.30252 
         -25      2.08958     0.995386     0.934848   0.00141359       5.3991     0.939159   0.00141996      1.98395      1.00455    0.0316679      1.67045     0.562227     -3.30252 
         -25      2.15539     0.995904     0.944949   0.00146402      5.40829     0.948823   0.00146995      1.98395      1.00402    0.0280552      1.67002     0.568158     -3.30252 
         -25      2.22222     0.996392     0.954157   0.00150388       5.4167     0.957612   0.00150935      1.98395      1.00353    0.0246467      1.66961     0.573558     -3.30252 
         -25      2.29007      0.99685     0.962424   0.00153265      5.42431     0.965478   0.00153761      1.98395      1.00307    0.0214545      1.66922     0.578398     -3.30252 
         -25      2.35894     0.997276     0.969701   0.00154978      5.43106     0.972373   0.00155421      1.98395      1.00264    0.0184907      1.66887      0.58265     -3.30252 
         -25      2.42883     0.997667     0.975939   0.00155474      5.43691     0.978249   0.00155861      1.98395      1.00225    0.0157677      1.66854     0.586284     -3.30252 
         -25      2.49974     0.998022     0.981086   0.00154698      5.44182     0.983056   0.00155026      1.98395      1.00189    0.0132981      1.66824      0.58927     -3.30252 
         -25      2.57167      0.99834     0.985091   0.00152595      5.44574     0.986744    0.0015286      1.98395      1.00157    0.0110946      1.66798     0.591577     -3.30252 
         -25      2.64462     0.998618     0.987901   0.00149108      5.44862     0.989262   0.00149307      1.98395       1.0013   0.00917014      1.66775     0.593175     -3.30252 
         -25      2.71859     0.998854     0.989466   0.00144179      5.45043     0.990558   0.00144308      1.98395      1.00106   0.00753786      1.66755     0.594032     -3.30252 
         -25      2.79359     0.998991     0.992094   0.00158204       5.4525     0.993096   0.00158364      1.98395      1.00092   0.00657515      1.66743     0.595584     -4.16379 
         -25       2.8696     0.999141      0.99354   0.00159017      5.45387     0.994394   0.00159153      1.98395      1.00077   0.00552729      1.66731     0.596407     -4.16379 
         -25      2.94663     0.999279     0.994853   0.00159729       5.4551     0.995571   0.00159844      1.98395      1.00063   0.00456566      1.66719     0.597154     -4.16379 
         -25      3.02468     0.999406     0.996027   0.00160399      5.45621      0.99662   0.00160494      1.98395      1.00051    0.0036934      1.66709     0.597821     -3.99088 
         -25      3.10376     0.999517     0.997058   0.00160768      5.45719     0.997539   0.00160846      1.98395      1.00039   0.00291643        1.667     0.598406     -3.99088 
         -25      3.18385     0.999615     0.997937   0.00161093      5.45802     0.998322   0.00161155      1.98395       1.0003   0.00223876      1.66691     0.598905     -3.99088 
         -25      3.26497     0.999698     0.998659   0.00161371      5.45869     0.998961   0.00161419      1.98395      1.00021   0.00166459      1.66685     0.599313     -3.99088 
         -25       3.3471     0.999765     0.999216     0.001616      5.45922     0.999451   0.00161638      1.98395      1.00015    0.0011982      1.66679     0.599627     -3.99088 
         -25      3.43025     0.999816     0.999602   0.00161778      5.45958     0.999786   0.00161808      1.98395       1.0001  0.000843885      1.66675     0.599843     -3.99088 
         -25      3.51443      0.99985      0.99981   0.00161903      5.45977      0.99996   0.00161927      1.98395      1.00006  0.000606017      1.66672     0.599958     -3.99088 
         -25      3.59963     0.999867     0.999834   0.00161974      5.45979     0.999967   0.00161995      1.98395      1.00005  0.000489015       1.6667     0.599967     -3.99088 
         -25      3.68584     0.999883      0.99989   0.00161787      5.45984      1.00001   0.00161806      1.98395      1.00003  0.000379227      1.66669     0.599996     -5.20705 
         -25      3.77308     0.999894      0.99992   0.00161956      5.45986      1.00003   0.00161973      1.98395      1.00002  0.000306441      1.66668     0.600011     -5.20705 
         -25      3.86133     0.999903     0.999946   0.00162098      5.45988      1.00004   0.00162114      1.98395      1.00001  0.000241073      1.66667     0.600024     -5.20705 
         -25      3.95061     0.999911     0.999968   0.00162213       5.4599      1.00006   0.00162228      1.98395            1  0.000183411      1.66667     0.600034     -5.20705 
         -25      4.04091     0.999918     0.999986   0.00162301      5.45991      1.00007   0.00162314      1.98395     0.999994  0.000133749      1.66666     0.600043     -5.20705 
         -25      4.13222     0.999924     0.999999   0.00162359      5.45992      1.00007   0.00162371      1.98395     0.999988  9.23811e-05      1.66666     0.600049     -5.20705 
         -25      4.22456     0.999929      1.00001   0.00162388      5.45993      1.00008   0.00162399      1.98395     0.999984  5.96057e-05      1.66665     0.600053     -5.20705 
         -25      4.31792     0.999933      1.00001   0.00162385      5.45994      1.00008   0.00162396      1.98396      0.99998  3.57244e-05      1.66665     0.600055     -5.20705 
         -25       4.4123     0.999935      1.00001   0.00162351      5.45994      1.00008   0.00162362      1.98396     0.999978  2.10427e-05      1.66665     0.600054     -5.20705 
         -25      4.50769     0.999936      1.00001   0.00162159      5.45993      1.00007   0.00162169      1.98396     0.999978  1.44966e-05      1.66665      0.60005     -5.12275 
         -25      4.60411     0.999936            1   0.00162069      5.45992      1.00006    0.0016208      1.98396     0.999978  1.74453e-05      1.66665     0.600046     -5.12275 
         -25      4.70155     0.999934     0.999987   0.00161959      5.45991      1.00005    0.0016197      1.98396      0.99998  3.02318e-05      1.66665     0.600039     -5.12275 
         -25      4.80001     0.999937      1.00001   0.00162315      5.45994      1.00007   0.00162326      1.98396     0.999978  1.47209e-05      1.66665     0.600052     -6.73408 
         -25      4.89949     0.999937      1.00002   0.00162325      5.45994      1.00008   0.00162335      1.98396     0.999977  1.30727e-05      1.66665     0.600055     -6.95257 
         -25            5     0.999937      1.00002   0.00162306      5.45995      1.00008   0.00162316      1.98396     0.999977  1.14707e-05      1.66665     0.600057     -6.95257 
           0            0     0.999918    2.016e-08 -1.10993e-08      4.95991 -4.49859e-08 -1.10268e-08      1.98396            1  0.000162787      1.66667 -6.42527e-09     -5.26678 
           0      0.00051     0.999902  0.000297391  -1.0285e-08      4.95991  0.000297363 -1.02217e-08      1.98396      1.00002  0.000275107      1.66668  0.000178435     -5.26678 
           0      0.00204     0.999853   0.00118943 -6.51875e-09      4.95991   0.00118957  -6.4797e-09      1.98396      1.00006  0.000611666      1.66672  0.000713728     -5.26678 
           0     0.004591     0.999773   0.00267648  4.17448e-09      4.95991   0.00267708  4.18375e-09      1.98396      1.00015   0.00117148      1.66679   0.00160613     -5.26678 
           0     0.008162      0.99966   0.00475757  2.84119e-08      4.95992   0.00475921  2.84019e-08      1.98396      1.00026   0.00195234      1.66688   0.00285515     -5.26678 
           0     0.012753     0.999517   0.00743217  7.54589e-08      4.95994   0.00743579  7.54627e-08      1.98396       1.0004   0.00295142        1.667   0.00446057     -5.26678 
           0     0.018365     0.999342    0.0107001  1.57245e-07      4.95997    0.0107072  1.57324e-07      1.98396      1.00058   0.00416536      1.66715   0.00642247     -5.26678 
           0     0.024997     0.999137    0.0145601  2.88322e-07      4.96002    0.0145727  2.88574e-07      1.98396      1.00078   0.00558951      1.66732   0.00874018     -5.26678 
           0     0.032649     0.998903     0.019011  4.85898e-07      4.96009    0.0190318  4.86462e-07      1.98396      1.00102   0.00721869      1.66751    0.0114133     -5.26678 
           0     0.041322      0.99864    0.0240522  7.69864e-07       4.9602    0.0240849  7.70928e-07      1.98396      1.00128   0.00904709      1.66773    0.0144417     -5.26678 
           0     0.051015     0.998349     0.029682  1.13827e-06      4.96035    0.0297309  1.14029e-06      1.98396      1.00157    0.0110679      1.66798    0.0178246     -4.89817 
           0     0.061728     0.998032    0.0358989   1.7154e-06      4.96056    0.0359697  1.71872e-06      1.98396      1.00189    0.0132731      1.66824    0.0215614     -4.89817 
           0     0.073461      0.99769    0.0427016  2.45227e-06      4.96082    0.0428006  2.45787e-06      1.98396      1.00223    0.0156549      1.66853    0.0256517     -4.89817 
           0     0.086215     0.997324     0.050089  3.37755e-06      4.96117    0.0502234  3.38662e-06      1.98396       1.0026    0.0182043      1.66883     0.030095     -4.89817 
           0     0.099989     0.996935    0.0580588  4.52224e-06       4.9616    0.0582372  4.53623e-06      1.98396      1.00299    0.0209112      1.66916    0.0348902     -4.89817 
           0     0.114783     0.996525     0.066609  5.91988e-06      4.96214    0.0668413  5.94053e-06      1.98396       1.0034    0.0237648       1.6695    0.0400367     -4.89817 
           0     0.130598     0.996096    0.0757384   7.5546e-06      4.96279    0.0760349  7.58438e-06      1.98396      1.00384    0.0267545      1.66986    0.0455338      -4.5312 
           0     0.147433      0.99565    0.0854443  9.77536e-06      4.96358    0.0858179  9.81789e-06      1.98396      1.00429    0.0298669      1.67024    0.0513806      -4.5312 
           0     0.165288     0.995188    0.0957242  1.23513e-05      4.96452    0.0961874  1.24109e-05      1.98396      1.00475    0.0330901      1.67062    0.0575757      -4.5312 
           0     0.184164     0.994712     0.106576  1.53216e-05      4.96562     0.107143  1.54031e-05      1.98396      1.00523    0.0364106      1.67102    0.0641182      -4.5312 
           0      0.20406     0.994225     0.117998  1.87273e-05      4.96691     0.118683  1.88363e-05      1.98396      1.00573    0.0398136      1.67143    0.0710067      -4.5312 
           0     0.224976     0.993728     0.129985  2.26116e-05      4.96841     0.130805  2.27543e-05      1.98396      1.00623     0.043284      1.67185    0.0782399      -4.5312 
           0     0.246913     0.993224     0.142536  2.65703e-05      4.97014     0.143507  2.67515e-05      1.98396      1.00674    0.0468091      1.67227    0.0858158     -4.16737 
           0     0.269869     0.992716     0.155648  3.24258e-05      4.97211     0.156791  3.26637e-05      1.98396      1.00726    0.0503649       1.6727    0.0937352     -4.16737 
           0     0.293846     0.992205     0.169315  3.88192e-05      4.97436     0.170646  3.91242e-05      1.98396      1.00777      0.05394      1.67313     0.101992     -4.16737 
           0     0.318844     0.991694      0.18353  4.57867e-05      4.97689     0.185068  4.61703e-05      1.98396      1.00829    0.0575164      1.67356     0.110583     -4.16737 
           0     0.344862     0.991186     0.198292  5.33659e-05      4.97975     0.200054  5.38405e-05      1.98396      1.00881    0.0610749      1.67399     0.119507     -4.16737 
           0       0.3719     0.990683     0.213594  6.15959e-05      4.98294     0.215601  6.21751e-05      1.98396      1.00932    0.0645959      1.67442     0.128762     -4.16737 
           0     0.399958     0.990189     0.229432  7.05175e-05      4.98649     0.231706  7.12161e-05      1.98396      1.00983     0.068059      1.67483     0.138345     -4.16737 
           0     0.429036     0.989704     0.245795  7.69165e-05      4.99042     0.248347  7.77118e-05      1.98396      1.01032    0.0714647      1.67524     0.148247     -3.81722 
           0     0.459135     0.989237     0.262699  9.19089e-05       4.9948     0.265559   9.2911e-05      1.98396       1.0108    0.0747423      1.67564     0.158482     -3.81722 
           0     0.490255     0.988786     0.280095  0.000107205       4.9996     0.283276  0.000108425      1.98396      1.01126    0.0779071      1.67602     0.169016     -3.81722 
           0     0.522394     0.988355     0.297975  0.000122782      5.00484     0.301489  0.000124231      1.98397       1.0117    0.0809363      1.67639     0.179843     -3.81722 
           0     0.555554     0.987947     0.316331  0.000138621      5.01056      0.32019  0.000140311      1.98397      1.01212    0.0838071      1.67673      0.19096     -3.81722 
           0     0.589734     0.987564     0.335154  0.000154698      5.01677      0.33937  0.000156643      1.98397      1.01251    0.0864955      1.67706     0.202362     -3.81722 
           0     0.624934     0.987211     0.354435  0.000170993      5.02353     0.359022  0.000173204      1.98396      1.01287    0.0889768      1.67736     0.214041     -3.81722 
           0     0.661155     0.986892     0.374166  0.000187481      5.03084     0.379136  0.000189972      1.98396       1.0132    0.0912259      1.67763     0.225995     -3.81722 
           0     0.698396     0.986582      0.39424  0.000173053      5.03854     0.399581  0.000175377      1.98396      1.01352    0.0934009      1.67789      0.23815     -3.53571 
           0     0.736658     0.986349     0.414932   0.00021691      5.04719     0.420675  0.000219917      1.98396      1.01376    0.0950461      1.67809     0.250686     -3.53571 
           0     0.775939     0.986151     0.435906  0.000258279      5.05632     0.442038  0.000261925      1.98397      1.01396     0.096444      1.67826     0.263387     -3.53571 
           0     0.816241     0.985991     0.457143  0.000296874      5.06597      0.46365  0.000301109      1.98397      1.01413    0.0975716       1.6784     0.276242     -3.53571 
           0     0.857563     0.985873      0.47862  0.000332396      5.07615     0.485485  0.000337166      1.98397      1.01425    0.0984054       1.6785     0.289236     -3.53571 
           0     0.899906     0.985799     0.500315  0.000364545      5.08688     0.507522  0.000369789      1.98397      1.01432    0.0989211      1.67856     0.302356     -3.53571 
           0     0.943269     0.985775     0.522206  0.000393006      5.09818     0.529733  0.000398661      1.98397      1.01435    0.0990939      1.67858     0.315587     -3.53571 
           0     0.987652     0.985802     0.544268  0.000417463      5.11008     0.552095  0.000423456      1.98397      1.01432    0.0988985      1.67856     0.328914     -3.53571 
           0      1.03306     0.985886     0.566478  0.000437589       5.1226      0.57458  0.000443845      1.98396      1.01423     0.098309      1.67849     0.342323     -3.53571 
           0      1.07948     0.986028     0.588811  0.000453051      5.13577     0.597163  0.000459487      1.98396      1.01409    0.0972987      1.67836     0.355798     -3.53571 
           0      1.12692     0.986097     0.610844  0.000338974      5.14849     0.619456  0.000343986      1.98396      1.01401    0.0968132       1.6783      0.36909     -3.65218 
           0      1.17539     0.986403     0.633831  0.000462319      5.16352     0.642569  0.000468737      1.98396       1.0137    0.0946655      1.67805     0.382924     -3.65218 
           0      1.22487     0.986736     0.656484  0.000573583      5.17858      0.66531  0.000581216      1.98397      1.01336    0.0923229      1.67776     0.396544     -3.65218 
           0      1.27538     0.987099     0.678751  0.000671847      5.19368     0.687623  0.000680492      1.98397      1.01299    0.0897762      1.67746     0.409921     -3.65218 
           0       1.3269     0.987492      0.70058  0.000756176      5.20878     0.709454  0.000765614      1.98397      1.01259    0.0870157      1.67712     0.423021     -3.65218 
           0      1.37945     0.987916     0.721918  0.000825614      5.22387     0.730747  0.000835613      1.98397      1.01215    0.0840318      1.67676     0.435812     -3.65218 
           0      1.43301     0.988374     0.742711  0.000879188      5.23894     0.751446    0.0008895      1.98397      1.01168    0.0808145      1.67637     0.448261     -3.65218 
           0       1.4876     0.988867     0.762903  0.000915903      5.25397     0.771491  0.000926268      1.98397      1.01118    0.0773537      1.67596     0.460333     -3.65218 
           0      1.54321     0.989395     0.782438  0.000934749      5.26893     0.790823  0.000944888      1.98397      1.01064    0.0736392      1.67551     0.471993     -3.65218 
           0      1.59983     0.989962     0.801258  0.000934694      5.28381     0.809383  0.000944315      1.98397      1.01006    0.0696602      1.67503     0.483207     -3.65218 
           0      1.65748     0.990567     0.819306  0.000914688      5.29858     0.827109  0.000923484      1.98396      1.00944    0.0654063      1.67451     0.493938     -3.65218 
           0      1.71615     0.991214      0.83652  0.000873663      5.31323     0.843937  0.000881309      1.98396      1.00878    0.0608664      1.67397      0.50415     -3.65218 
           0      1.77584     0.991673     0.853308  0.000894733      5.32648     0.860524  0.000902681      1.98397      1.00832    0.0576747      1.67358     0.514163     -3.34022 
           0      1.83654     0.992318     0.868329  0.000998733      5.33974      0.87506   0.00100654      1.98397      1.00766    0.0531557      1.67304     0.523032     -3.34022 
           0      1.89827     0.992946      0.88268   0.00109384      5.35244     0.888935   0.00110146      1.98397      1.00702     0.048764      1.67251     0.531502     -3.34022 
           0      1.96102     0.993555     0.896317   0.00117953      5.36455     0.902103   0.00118693      1.98397      1.00641    0.0445097        1.672     0.539545     -3.34022 
           0      2.02479     0.994142     0.909192   0.00125525      5.37602     0.914519   0.00126238      1.98397      1.00581    0.0404032       1.6715     0.547134     -3.34022 
           0      2.08958     0.994707     0.921258   0.00132046      5.38681     0.926135   0.00132727      1.98397      1.00524    0.0364551      1.67103      0.55424     -3.34022 
           0      2.15539     0.995248     0.932466   0.00137459      5.39688     0.936903   0.00138104      1.98397      1.00469    0.0326759      1.67057     0.560834     -3.34022 
           0      2.22222     0.995764     0.942767   0.00141709       5.4062     0.946777   0.00142313      1.98397      1.00417    0.0290765      1.67014     0.566887     -3.34022 
           0      2.29007     0.996253     0.952112   0.00144737      5.41471     0.955707   0.00145294      1.98397      1.00368    0.0256679      1.66973      0.57237     -3.34022 
           0      2.35894     0.996712      0.96045   0.00146485      5.42238     0.963642   0.00146991      1.98397      1.00322    0.0224612      1.66934     0.577253     -3.34022 
           0      2.42883     0.997142     0.967729   0.00146894      5.42915     0.970533   0.00147342      1.98397      1.00278    0.0194679      1.66898     0.581504     -3.34022 
           0      2.49974      0.99754     0.973898   0.00145903        5.435     0.976328   0.00146288      1.98397      1.00238    0.0166994      1.66865     0.585092     -3.34022 
           0      2.57167     0.997904     0.978903   0.00143452      5.43987     0.980975   0.00143767      1.98397      1.00202    0.0141673      1.66835     0.587987     -3.34022 
           0      2.64462     0.998233      0.98269   0.00139478      5.44372     0.984422   0.00139717      1.98397      1.00169    0.0118836      1.66807     0.590157     -3.34022 
           0      2.71859     0.998525     0.985206   0.00133918      5.44649     0.986614   0.00134075      1.98397       1.0014   0.00986026      1.66783     0.591568     -3.34022 
           0      2.79359     0.998685     0.988542   0.00150313      5.44916     0.989843   0.00150511      1.98396      1.00123   0.00872777      1.66769     0.593541     -4.28095 
           0       2.8696     0.998875     0.990569    0.0015132      5.45108     0.991685   0.00151491      1.98396      1.00104   0.00740833      1.66754     0.594701     -4.28095 
           0      2.94663      0.99905     0.992414   0.00152156      5.45282     0.993358   0.00152301      1.98396      1.00087   0.00619249      1.66739     0.595757     -4.28095 
           0      3.02468     0.999218     0.994078   0.00151439      5.45445     0.994856   0.00151558      1.98399      1.00071   0.00507586      1.66726     0.596702     -3.90276 
           0      3.10376     0.999359     0.995508   0.00152896       5.4558     0.996146   0.00152994      1.98398      1.00057    0.0040917      1.66714     0.597519     -3.90276 
           0      3.18385     0.999483     0.996739   0.00154035      5.45695     0.997254   0.00154115      1.98398      1.00044   0.00322405      1.66704     0.598221     -3.90276 
           0      3.26497     0.999589     0.997761   0.00154845      5.45791     0.998172   0.00154909      1.98398      1.00034   0.00247789      1.66695     0.598803     -3.90276 
           0       3.3471     0.999677     0.998568   0.00155311      5.45866     0.998891   0.00155362      1.98397      1.00025   0.00185824      1.66687     0.599262     -3.90276 
           0      3.43025     0.999745     0.999149   0.00155422       5.4592     0.999404   0.00155462      1.98397      1.00017    0.0013702      1.66681     0.599591     -3.90276 
           0      3.51443     0.999794     0.999497   0.00155162      5.45951     0.999703   0.00155194      1.98396      1.00012   0.00101894      1.66677     0.599785     -3.90276 
           0      3.59963     0.999824     0.999618   0.00154535      5.45962     0.999794   0.00154562      1.98396      1.00009  0.000816227      1.66675     0.599849     -4.87767 
           0      3.68584     0.999846     0.999698   0.00154698      5.45969     0.999852   0.00154722      1.98397      1.00007   0.00066643      1.66673      0.59989     -4.87767 
           0      3.77308     0.999866     0.999768   0.00154827      5.45976     0.999902   0.00154847      1.98397      1.00005  0.000531707      1.66671     0.599926     -4.87767 
           0      3.86133     0.999884     0.999829   0.00154919      5.45981     0.999945   0.00154936      1.98397      1.00004  0.000412649       1.6667     0.599956     -4.87767 
           0      3.95061       0.9999     0.999879   0.00154972      5.45986     0.999979   0.00154988      1.98397      1.00002  0.000309858      1.66669     0.599982     -4.87767 
           0      4.04091     0.999913     0.999919   0.00154987       5.4599      1.00001   0.00155001      1.98397      1.00001  0.000223944      1.66668     0.600001     -4.87767 
           0      4.13222     0.999923     0.999947   0.00154961      5.45993      1.00002   0.00154973      1.98398            1  0.000155521      1.66667     0.600015     -4.87767 
           0      4.22456      0.99993     0.999954   0.00155561      5.45993      1.00002   0.00155572      1.98397     0.999994  0.000108261      1.66666     0.600017     -4.95128 
           0      4.31792     0.999934     0.999968    0.0015556      5.45994      1.00003    0.0015557      1.98397     0.999989  7.36709e-05      1.66666     0.600024     -4.95128 
           0       4.4123     0.999938     0.999979   0.00155535      5.45994      1.00004   0.00155544      1.98397     0.999985  4.72559e-05      1.66665      0.60003     -4.95128 
           0      4.50769      0.99994     0.999987   0.00155484      5.45995      1.00005   0.00155493      1.98397     0.999982  2.92952e-05      1.66665     0.600034     -4.95128 
           0      4.60411     0.999941     0.999991   0.00155407      5.45995      1.00005   0.00155416      1.98397      0.99998  2.00706e-05      1.66665     0.600036     -4.95128 
           0      4.70155     0.999941     0.999992   0.00155304      5.45995      1.00005   0.00155313      1.98397      0.99998   1.9867e-05      1.66665     0.600037     -4.95128 
           0      4.80001     0.999943            1   0.00155474      5.45997      1.00006   0.00155483      1.98397      0.99998  1.40108e-05      1.66665     0.600043     -6.52045 
           0      4.89949     0.999943      1.00001   0.00155479      5.45997      1.00006   0.00155488      1.98397      0.99998  1.28519e-05      1.66665     0.600045     -6.52045 
           0            5     0.999943      1.00001   0.00155486      5.45998      1.00007   0.00155495      1.98397      0.99998  1.18747e-05      1.66665     0.600047     -6.52045 
          25            0     0.999927  1.81074e-08 -9.93884e-09      4.95995 -4.01495e-08 -9.87648e-09      1.98398            1    0.0001454      1.66667 -5.69973e-09     -5.29921 
          25      0.00051     0.999911  0.000286484 -9.21083e-09      4.95995  0.000286459 -9.15635e-09      1.98398      1.00002  0.000253636      1.66668   0.00017189     -5.29921 
          25      0.00204     0.999864   0.00114581 -5.84923e-09      4.95995   0.00114593 -5.81563e-09      1.98398      1.00006  0.000577971      1.66672  0.000687549     -5.29921 
          25     0.004591     0.999787   0.00257834  3.68337e-09      4.95996   0.00257888  3.69132e-09      1.98398      1.00014    0.0011175      1.66678   0.00154723     -5.29921 
          25     0.008162     0.999678   0.00458316  2.52755e-08      4.95996   0.00458465  2.52668e-08      1.98398      1.00025   0.00187016      1.66687   0.00275044     -5.29921 
          25     0.012753      0.99954   0.00715975  6.71725e-08      4.95998   0.00716307  6.71753e-08      1.98398      1.00039   0.00283334      1.66699     0.004297     -5.29921 
          25     0.018365     0.999371     0.010308   1.3999e-07      4.96001    0.0103145  1.40057e-07      1.98398      1.00056   0.00400391      1.66713     0.006187     -5.29921 
          25     0.024997     0.999174    0.0140266  2.56678e-07      4.96005    0.0140382  2.56893e-07      1.98398      1.00075   0.00537757      1.66729   0.00841978     -5.29921 
          25     0.032649     0.998948    0.0183147   4.3255e-07      4.96012    0.0183339  4.33032e-07      1.98398      1.00098    0.0069495      1.66748     0.010995     -5.29921 
          25     0.041322     0.998694    0.0231716  6.85306e-07      4.96022    0.0232019  6.86215e-07      1.98398      1.00123   0.00871431       1.6677    0.0139125     -5.29921 
          25     0.051015     0.998413    0.0285956  1.01317e-06      4.96036    0.0286409   1.0149e-06      1.98398      1.00152    0.0106657      1.66793    0.0171716     -4.93042 
          25     0.061728     0.998107    0.0345855    1.527e-06      4.96055    0.0346512  1.52984e-06      1.98398      1.00182    0.0127962      1.66819    0.0207718     -4.93042 
          25     0.073461     0.997776      0.04114  2.18303e-06       4.9608    0.0412318  2.18782e-06      1.98398      1.00216    0.0150985      1.66846    0.0247124     -4.93042 
          25     0.086215     0.997422    0.0482582  3.00676e-06      4.96112    0.0483829  3.01453e-06      1.98398      1.00251    0.0175644      1.66876    0.0289934     -4.93042 
          25     0.099989     0.997046    0.0559378  4.02578e-06      4.96152    0.0561034  4.03779e-06      1.98398      1.00289    0.0201844      1.66907    0.0336135     -4.93042 
          25     0.114783     0.996649    0.0641769  5.26997e-06      4.96202    0.0643927  5.28769e-06      1.98398      1.00329    0.0229485      1.66941    0.0385722     -4.93042 
          25     0.130598     0.996233    0.0729744  6.72639e-06      4.96263    0.0732501  6.75198e-06      1.98398      1.00371     0.025847      1.66975    0.0438689     -4.56326 
          25     0.147433       0.9958     0.082328  8.70282e-06      4.96336    0.0826755  8.73937e-06      1.98398      1.00414    0.0288672      1.67012    0.0495028     -4.56326 
          25     0.165288     0.995351    0.0922353   1.0996e-05      4.96423    0.0926664  1.10473e-05      1.98398       1.0046    0.0319982      1.67049    0.0554724     -4.56326 
          25     0.184164     0.994888     0.102695   1.3641e-05      4.96525     0.103222  1.37111e-05      1.98398      1.00506    0.0352274      1.67088    0.0617771     -4.56326 
          25      0.20406     0.994413     0.113703  1.66742e-05      4.96645     0.114341  1.67681e-05      1.98398      1.00554    0.0385412      1.67128    0.0684156     -4.56326 
          25     0.224976     0.993929     0.125258  2.01345e-05      4.96785     0.126023  2.02575e-05      1.98398      1.00603    0.0419253      1.67169    0.0753867     -4.56326 
          25     0.246913     0.993436     0.137357  2.36793e-05      4.96945     0.138263  2.38357e-05      1.98398      1.00653     0.045368       1.6721    0.0826885     -4.19894 
          25     0.269869     0.992939     0.149998  2.88791e-05      4.97129     0.151065  2.90844e-05      1.98398      1.00704    0.0488473      1.67252    0.0903217     -4.19894 
          25     0.293846     0.992438     0.163174  3.45641e-05      4.97337     0.164419  3.48275e-05      1.98398      1.00755    0.0523523      1.67294    0.0982808     -4.19894 
          25     0.318844     0.991936     0.176882  4.07673e-05      4.97573     0.178321  4.10988e-05      1.98398      1.00806    0.0558661      1.67337     0.106564     -4.19894 
          25     0.344862     0.991435     0.191118  4.75231e-05      4.97837     0.192769  4.79337e-05      1.98398      1.00857    0.0593711      1.67379     0.115169     -4.19894 
          25       0.3719     0.990939     0.205878  5.48674e-05      4.98134     0.207759  5.53691e-05      1.98398      1.00907     0.062849      1.67421     0.124094     -4.19894 
          25     0.399958     0.990449     0.221158  6.28375e-05      4.98465      0.22329  6.34433e-05      1.98398      1.00957    0.0662808      1.67462     0.133338     -4.19894 
          25     0.429036     0.989966     0.236946  6.87313e-05       4.9883     0.239343  6.94239e-05      1.98398      1.01006    0.0696652      1.67503      0.14289     -3.84664 
          25     0.459135       0.9895     0.253258  8.19591e-05      4.99237     0.255947  8.28306e-05      1.98398      1.01054    0.0729407      1.67543     0.152765     -3.84664 
          25     0.490255     0.989047     0.270051  9.55013e-05      4.99683     0.273046  9.65623e-05      1.98398        1.011     0.076118      1.67581     0.162933     -3.84664 
          25     0.522394     0.988612     0.287319  0.000109343      5.00171     0.290631  0.000110605      1.98398      1.01145    0.0791759      1.67618     0.173388     -3.84664 
          25     0.555554     0.988197     0.305053  0.000123472      5.00704     0.308697  0.000124947      1.98398      1.01187    0.0820931      1.67653     0.184129     -3.84664 
          25     0.589734     0.987805     0.323247  0.000137874      5.01284     0.327235  0.000139573      1.98398      1.01227    0.0848472      1.67686     0.195148     -3.84664 
          25     0.624934      0.98744     0.341893  0.000152532      5.01913     0.346238  0.000154469      1.98398      1.01265    0.0874151      1.67717     0.206443     -3.84664 
          25     0.661155     0.987104     0.360982  0.000167434      5.02596     0.365699  0.000169622      1.98398      1.01299    0.0897733      1.67746     0.218008     -3.84664 
          25     0.698396      0.98678     0.380424  0.000155981      5.03316     0.385502  0.000158043      1.98398      1.01332    0.0920537      1.67773      0.22978     -3.55433 
          25     0.736658     0.986522     0.400454  0.000194398      5.04123     0.405925  0.000197058      1.98398      1.01359    0.0938677      1.67795     0.241916     -3.55433 
          25     0.775939     0.986298     0.420782  0.000230792      5.04977     0.426637  0.000234015      1.98398      1.01382    0.0954511      1.67814     0.254229     -3.55433 
          25     0.816241     0.986109     0.441392  0.000264922      5.05881     0.447621   0.00026867      1.98398      1.01401    0.0967821       1.6783     0.266707     -3.55433 
          25     0.857563     0.985959     0.462263  0.000296542      5.06837     0.468853  0.000300772      1.98398      1.01417    0.0978379      1.67843     0.279338     -3.55433 
          25     0.899906     0.985852     0.483377  0.000325399      5.07846     0.490314  0.000330064      1.98398      1.01428    0.0985955      1.67852     0.292111     -3.55433 
          25     0.943269      0.98579     0.504714  0.000351233      5.08912     0.511982  0.000356281      1.98398      1.01434    0.0990311      1.67858     0.305013     -3.55433 
          25     0.987652     0.985777     0.526252  0.000373779      5.10036     0.533834  0.000379154      1.98398      1.01435    0.0991203      1.67859      0.31803     -3.55433 
          25      1.03306     0.985817     0.547971  0.000392765       5.1122     0.555848  0.000398407      1.98398      1.01431    0.0988385      1.67855     0.331149     -3.55433 
          25      1.07948     0.985912     0.569851  0.000407913      5.12468     0.578001  0.000413757      1.98398      1.01421    0.0981599      1.67847     0.344359     -3.55433 
          25      1.12692     0.985945     0.591497  0.000302208      5.13682     0.599924  0.000306701      1.98398      1.01418    0.0979314      1.67844     0.357425     -3.59816 
          25      1.17539     0.986195     0.614083  0.000414814      5.15111      0.62268  0.000420661      1.98398      1.01392    0.0961741      1.67823      0.37103     -3.59816 
          25      1.22487     0.986474     0.636404  0.000516533       5.1655     0.645133   0.00052356      1.98398      1.01364    0.0942104      1.67799     0.384465     -3.59816 
          25      1.27538     0.986784     0.658414  0.000606536      5.17998     0.667236  0.000614554      1.98398      1.01332    0.0920296      1.67773     0.397701     -3.59816 
          25       1.3269     0.987127     0.680065  0.000683977      5.19454     0.688937  0.000692784      1.98399      1.01297     0.089621      1.67744     0.410709     -3.59816 
          25      1.37945     0.987504     0.701311  0.000747995      5.20916     0.710186  0.000757376      1.98399      1.01258    0.0869736      1.67712     0.423459     -3.59816 
          25      1.43301     0.987916     0.722101  0.000797708      5.22384     0.730932  0.000807435      1.98399      1.01216     0.084076      1.67677      0.43592     -3.59816 
          25       1.4876     0.988365     0.742385  0.000832219      5.23856      0.75112  0.000842051      1.98399       1.0117    0.0809168      1.67639     0.448063     -3.59816 
          25      1.54321     0.988854     0.762112  0.000850615       5.2533     0.770699  0.000860294      1.98398       1.0112    0.0774844      1.67597     0.459855     -3.59816 
          25      1.59983     0.989383     0.781231  0.000851965      5.26805     0.789612  0.000861221      1.98398      1.01066    0.0737668      1.67552     0.471264     -3.59816 
          25      1.65748     0.989954     0.799688   0.00083532       5.2828     0.807803  0.000843869      1.98398      1.01007     0.069752      1.67504     0.482258     -3.59816 
          25      1.71615     0.990569      0.81743  0.000799715      5.29754     0.825217  0.000807256      1.98398      1.00944    0.0654275      1.67452     0.492804     -3.59816 
          25      1.77584     0.990996     0.834663   0.00078542      5.31082     0.842299  0.000793039      1.98399      1.00901    0.0624524      1.67416     0.503097     -3.38743 
          25      1.83654     0.991641      0.85065   0.00089653       5.3247     0.857832  0.000904176      1.98399      1.00836    0.0579387      1.67362     0.512556     -3.38743 
          25      1.89827     0.992271     0.865972  0.000997961      5.33805     0.872702   0.00100558      1.98399      1.00772    0.0535316      1.67309     0.521616     -3.38743 
          25      1.96102     0.992884     0.880581   0.00108914      5.35082     0.886863   0.00109667      1.98398       1.0071    0.0492402      1.67257     0.530249     -3.38743 
          25      2.02479      0.99348      0.89443   0.00116947      5.36298     0.900268   0.00117685      1.98398      1.00649    0.0450738      1.67207     0.538427     -3.38743 
          25      2.08958     0.994057     0.907469   0.00123836      5.37449     0.912869   0.00124553      1.98398      1.00591    0.0410418      1.67158      0.54612     -3.38743 
          25      2.15539     0.994613     0.919651    0.0012952       5.3853     0.924617   0.00130209      1.98398      1.00534    0.0371538      1.67111     0.553301     -3.38743 
          25      2.22222     0.995148     0.930926   0.00133939      5.39538     0.935464   0.00134592      1.98398       1.0048    0.0334195      1.67066     0.559938     -3.38743 
          25      2.29007     0.995659     0.941243   0.00137029      5.40467     0.945359    0.0013764      1.98398      1.00429    0.0298488      1.67024     0.566002     -3.38743 
          25      2.35894     0.996146      0.95055   0.00138726      5.41315     0.954252   0.00139287      1.98398       1.0038    0.0264516      1.66983     0.571462     -3.38743 
          25      2.42883     0.996607     0.958795   0.00138968      5.42077      0.96209    0.0013947      1.98398      1.00333    0.0232383      1.66944     0.576288     -3.38743 
          25      2.49974     0.997041     0.965926   0.00137687      5.42748     0.968822   0.00138123      1.98398      1.00289    0.0202191      1.66908     0.580446     -3.38743 
          25      2.57167     0.997445     0.971888   0.00134818      5.43325     0.974395   0.00135179      1.98398      1.00249    0.0174044      1.66874     0.583906     -3.38743 
          25      2.64462     0.997819     0.976628   0.00130294      5.43801     0.978755   0.00130571      1.98398      1.00211     0.014805      1.66843     0.586635     -3.38743 
          25      2.71859     0.998161      0.98009   0.00124046      5.44174     0.981847   0.00124229      1.98399      1.00177    0.0124316      1.66814       0.5886     -3.38743 
          25      2.79359     0.998354     0.984224   0.00142492      5.44512     0.985846   0.00142726      1.98399      1.00158    0.0110888      1.66798     0.591042     -4.06182 
          25       2.8696     0.998581     0.986895   0.00143849      5.44764     0.988296   0.00144053      1.98399      1.00135   0.00950585      1.66779     0.592579     -4.06182 
          25      2.94663     0.998792     0.989336   0.00145049      5.44995     0.990533   0.00145224      1.98399      1.00114      0.00804      1.66761     0.593982     -4.06182 
          25      3.02468     0.998985     0.991537   0.00146083      5.45203     0.992545   0.00146232      1.98398      1.00094   0.00669678      1.66745     0.595246     -4.06182 
          25      3.10376     0.999159     0.993486   0.00146945      5.45388     0.994322    0.0014707      1.98398      1.00077    0.0054818      1.66731     0.596365     -4.06182 
          25      3.18385     0.999318     0.995169   0.00147373      5.45549     0.995848   0.00147474      1.98399      1.00061   0.00439541      1.66718     0.597327      -3.8649 
          25      3.26497     0.999453      0.99658   0.00147842      5.45683     0.997127   0.00147923      1.98399      1.00048   0.00345768      1.66707     0.598134      -3.8649 
          25       3.3471     0.999566     0.997705   0.00148237      5.45789     0.998139   0.00148302      1.98399      1.00036    0.0026689      1.66697     0.598775      -3.8649 
          25      3.43025     0.999657     0.998531   0.00148555      5.45867     0.998874   0.00148606      1.98399      1.00027   0.00203507      1.66689     0.599243      -3.8649 
          25      3.51443     0.999725     0.999047   0.00148794      5.45915     0.999322   0.00148835      1.98399       1.0002   0.00156232      1.66684     0.599533      -3.8649 
          25      3.59963     0.999769     0.999242    0.0014895      5.45933     0.999472   0.00148984      1.98399      1.00016   0.00125682       1.6668     0.599636      -3.8649 
          25      3.68584       0.9998     0.999381   0.00149207      5.45945     0.999581   0.00149236      1.98399      1.00013   0.00103857      1.66677      0.59971     -4.81132 
          25      3.77308     0.999827     0.999492   0.00149281      5.45955     0.999665   0.00149307      1.98399       1.0001  0.000853567      1.66675     0.599769     -4.81132 
          25      3.86133     0.999851     0.999593   0.00149354      5.45964     0.999742   0.00149377      1.98399      1.00008  0.000685124      1.66673     0.599822     -4.81132 
          25      3.95061     0.999873     0.999684   0.00149426      5.45972     0.999811   0.00149445      1.98399      1.00006  0.000533888      1.66671      0.59987     -4.81132 
          25      4.04091     0.999892     0.999764   0.00149496      5.45979     0.999872   0.00149512      1.98399      1.00004  0.000400524       1.6667     0.599913     -4.81132 
          25      4.13222     0.999909     0.999834   0.00149565      5.45985     0.999925   0.00149578      1.98399      1.00002  0.000285699      1.66668     0.599949     -4.81132 
          25      4.22456     0.999923     0.999893   0.00149631      5.45991      0.99997   0.00149643      1.98399      1.00001  0.000190087      1.66667      0.59998     -4.81132 
          25      4.31792     0.999934     0.999939   0.00149561      5.45995      1.00001   0.00149571      1.98399     0.999997  0.000114261      1.66666     0.600005     -4.69264 
          25       4.4123     0.999942     0.999974   0.00149572      5.45998      1.00003   0.00149581      1.98399     0.999989  5.93877e-05      1.66666     0.600023     -4.69264 
          25      4.50769     0.999947     0.999996   0.00149592         5.46      1.00005     0.001496      1.98399     0.999984  2.63416e-05      1.66665     0.600035     -4.69264 
          25      4.60411     0.999948      1.00001   0.00149621      5.46001      1.00006   0.00149628      1.98399     0.999982  1.58462e-05      1.66665      0.60004     -4.69264 
          25      4.70155     0.999946            1   0.00149658         5.46      1.00005   0.00149666      1.98399     0.999984  2.86327e-05      1.66665     0.600038     -4.69264 
          25      4.80001     0.999949            1   0.00149669      5.46001      1.00005   0.00149676      1.98399     0.999982   1.0138e-05      1.66665     0.600039     -6.24278 
          25      4.89949     0.999949            1   0.00149653      5.46001      1.00005   0.00149661      1.98399     0.999982   1.1502e-05      1.66665     0.600038     -6.24278 
          25            5     0.999949            1   0.00149686         5.46      1.00005   0.00149694      1.98399     0.999982  1.28838e-05      1.66665     0.600038     -6.33437 
          50            0     0.999934  1.64106e-08 -8.97487e-09      4.95999 -3.61141e-08 -8.92055e-09        1.984            1  0.000130351      1.66667 -5.08958e-09     -5.32927 
          50      0.00051     0.999919  0.000276727  -8.3191e-09      4.95999  0.000276704 -8.27164e-09        1.984      1.00002  0.000234922      1.66668  0.000166036     -5.32927 
          50      0.00204     0.999874   0.00110679 -5.29309e-09      4.95999    0.0011069 -5.26382e-09        1.984      1.00006   0.00054829      1.66672  0.000664131     -5.32927 
          50     0.004591     0.999799   0.00249055  3.28344e-09      4.95999   0.00249105  3.29035e-09        1.984      1.00014   0.00106962      1.66678   0.00149453     -5.32927 
          50     0.008162     0.999694   0.00442713  2.27046e-08         4.96   0.00442849  2.26969e-08        1.984      1.00024   0.00179697      1.66687   0.00265677     -5.32927 
          50     0.012753      0.99956   0.00691604  6.03832e-08      4.96002   0.00691911  6.03853e-08        1.984      1.00037   0.00272791      1.66698   0.00415068     -5.32927 
          50     0.018365     0.999398   0.00995724  1.25863e-07      4.96004   0.00996326  1.25921e-07        1.984      1.00054   0.00385953      1.66711   0.00597634     -5.32927 
          50     0.024997     0.999206    0.0135494  2.30788e-07      4.96008    0.0135602  2.30973e-07        1.984      1.00073   0.00518781      1.66727   0.00813315     -5.32927 
          50     0.032649     0.998988    0.0176917  3.88923e-07      4.96015    0.0177096   3.8934e-07        1.984      1.00095   0.00670823      1.66746    0.0106208     -5.32927 
          50     0.041322     0.998742    0.0223837  6.16185e-07      4.96024    0.0224118  6.16972e-07        1.984      1.00119    0.0084158      1.66766    0.0134391     -5.32927 
          50     0.051015      0.99847    0.0276236  9.10952e-07      4.96037    0.0276658  9.12453e-07        1.984      1.00147    0.0103046      1.66789    0.0165874     -4.96034 
          50     0.061728     0.998174    0.0334104  1.37315e-06      4.96055    0.0334716  1.37562e-06        1.984      1.00176    0.0123677      1.66814    0.0200652     -4.96034 
          50     0.073461     0.997853    0.0397428  1.96325e-06      4.96078    0.0398284  1.96741e-06        1.984      1.00209    0.0145983       1.6684    0.0238721     -4.96034 
          50     0.086215      0.99751    0.0466199  2.70418e-06      4.96108    0.0467363  2.71094e-06        1.984      1.00243    0.0169886      1.66869    0.0280078     -4.96034 
          50     0.099989     0.997145    0.0540396  3.62077e-06      4.96146    0.0541943  3.63121e-06        1.984       1.0028    0.0195298        1.669    0.0324712     -4.96034 
          50     0.114783      0.99676    0.0620003  4.73986e-06      4.96192    0.0622018  4.75528e-06        1.984      1.00318    0.0222127      1.66932    0.0372618     -4.96034 
          50     0.130598     0.996356    0.0705008  6.05069e-06      4.96249    0.0707584  6.07296e-06        1.984      1.00359    0.0250281      1.66966    0.0423791     -4.59299 
          50     0.147433     0.995935    0.0795388  7.82788e-06      4.96317    0.0798638  7.85969e-06        1.984      1.00402    0.0279642      1.67001    0.0478222     -4.59299 
          50     0.165288     0.995498    0.0891124  9.89044e-06      4.96398    0.0895156  9.93504e-06        1.984      1.00446    0.0310108      1.67038      0.05359     -4.59299 
          50     0.184164     0.995047    0.0992198  1.22699e-05      4.96494    0.0997137   1.2331e-05        1.984      1.00491    0.0341561      1.67075    0.0596818     -4.59299 
          50      0.20406     0.994584     0.109858  1.49992e-05      4.96606     0.110456   1.5081e-05        1.984      1.00538    0.0373874      1.67114    0.0660963     -4.59299 
          50     0.224976     0.994111     0.121026  1.81133e-05      4.96736     0.121743  1.82206e-05        1.984      1.00586    0.0406915      1.67154    0.0728326     -4.59299 
          50     0.246913     0.993629      0.13272  2.13175e-05      4.96885     0.133569  2.14542e-05        1.984      1.00635    0.0440571      1.67195    0.0798888      -4.2283 
          50     0.269869     0.993142     0.144938  2.59849e-05      4.97057     0.145939  2.61642e-05        1.984      1.00684    0.0474641      1.67236    0.0872655      -4.2283 
          50     0.293846      0.99265     0.157675  3.10933e-05      4.97252     0.158843  3.13235e-05        1.984      1.00734    0.0509022      1.67277     0.094958      -4.2283 
          50     0.318844     0.992157     0.170928  3.66733e-05      4.97472     0.172279  3.69633e-05        1.984      1.00784    0.0543554      1.67319     0.102965      -4.2283 
          50     0.344862     0.991664     0.184692  4.27564e-05      4.97719     0.186244  4.31159e-05        1.984      1.00834    0.0578073       1.6736     0.111283      -4.2283 
          50       0.3719     0.991174     0.198964  4.93756e-05      4.97996     0.200735  4.98154e-05        1.984      1.00884    0.0612408      1.67402     0.119912      -4.2283 
          50     0.399958     0.990689     0.213741  5.65653e-05      4.98305      0.21575  5.70969e-05        1.984      1.00933    0.0646381      1.67443      0.12885      -4.2283 
          50     0.429036      0.99021     0.229013  6.20209e-05      4.98646     0.231273  6.26308e-05        1.984      1.00982    0.0679968      1.67483     0.138089     -3.87424 
          50     0.459135     0.989744     0.244792  7.38241e-05      4.99027      0.24733  7.45905e-05        1.984       1.0103    0.0712625      1.67522     0.147639     -3.87424 
          50     0.490255     0.989291     0.261042  8.59444e-05      4.99444     0.263871  8.68775e-05        1.984      1.01076    0.0744426      1.67561     0.157477     -3.87424 
          50     0.522394     0.988853     0.277756  9.83724e-05      4.99901     0.280889  9.94832e-05        1.984      1.01121    0.0775173      1.67598     0.167596     -3.87424 
          50     0.555554     0.988434     0.294928    0.0001111      5.00399     0.298379    0.0001124        1.984      1.01164    0.0804666      1.67634     0.177995     -3.87424 
          50     0.589734     0.988035     0.312552  0.000124119      5.00942     0.316334   0.00012562        1.984      1.01204    0.0832693      1.67667     0.188669     -3.87424 
          50     0.624934      0.98766     0.330619   0.00013742      5.01532     0.334747  0.000139134        1.984      1.01243     0.085904      1.67699     0.199613     -3.87424 
          50     0.661155     0.987312     0.349124  0.000150992      5.02172     0.353611  0.000152933        1.984      1.01278    0.0883486      1.67729     0.210823     -3.87424 
          50     0.698396     0.986975     0.367987  0.000141882      5.02849     0.372825  0.000143728        1.984      1.01313    0.0907141      1.67757     0.222245     -3.57324 
          50     0.736658     0.986699     0.387411  0.000175877      5.03605     0.392634  0.000178251        1.984      1.01341    0.0926655      1.67781     0.234016     -3.57324 
          50     0.775939     0.986452     0.407145   0.00020821      5.04407     0.412746  0.000211085        1.984      1.01367     0.094402      1.67802      0.24597     -3.57324 
          50     0.816241     0.986239     0.427174   0.00023868      5.05257     0.433145  0.000242025        1.984      1.01389    0.0959025       1.6782     0.258098     -3.57324 
          50     0.857563     0.986063      0.44748  0.000267077      5.06157     0.453812  0.000270859        1.984      1.01407    0.0971455      1.67835      0.27039     -3.57324 
          50     0.899906     0.985926     0.468047   0.00029319      5.07109     0.474728  0.000297371        1.984      1.01421    0.0981088      1.67847     0.282835     -3.57324 
          50     0.943269     0.985832     0.488856    0.0003168      5.08116     0.495875  0.000321339        1.984      1.01431    0.0987696      1.67855     0.295422     -3.57324 
          50     0.987652     0.985784      0.50989  0.000337682       5.0918     0.517232  0.000342535        1.984      1.01435    0.0991047      1.67859     0.308139     -3.57324 
          50      1.03306     0.985786     0.531129  0.000355607      5.10303     0.538781  0.000360726        1.984      1.01435    0.0990903      1.67858     0.320975     -3.57324 
          50      1.07948     0.985841     0.552556  0.000370342      5.11488     0.560499  0.000375675        1.984       1.0143     0.098702      1.67854     0.333919     -3.57324 
          50      1.12692     0.985841      0.57381  0.000273446      5.12647     0.582042  0.000277518      1.98399      1.01429    0.0986979      1.67854     0.346754     -3.56201 
          50      1.17539     0.986041     0.595971  0.000376151      5.14006     0.604408  0.000381512        1.984      1.01409    0.0972913      1.67837     0.360114     -3.56201 
          50      1.22487     0.986272     0.617929  0.000469071      5.15381     0.626536  0.000475562        1.984      1.01385    0.0956709      1.67817     0.373342     -3.56201 
          50      1.27538     0.986535     0.639642   0.00055146      5.16769     0.648379  0.000558907        1.984      1.01358    0.0938253      1.67795     0.386411     -3.56201 
          50       1.3269     0.986831     0.661066  0.000622554      5.18171     0.669893  0.000630773        1.984      1.01328    0.0917426       1.6777     0.399294     -3.56201 
          50      1.37945     0.987162     0.682159  0.000681578      5.19585     0.691032  0.000690372        1.984      1.01294    0.0894109      1.67742     0.411965     -3.56201 
          50      1.43301     0.987531     0.702876  0.000727737      5.21012     0.711749  0.000736897        1.984      1.01256    0.0868179       1.6771     0.424396     -3.56201 
          50       1.4876     0.987939     0.723171  0.000760224      5.22449     0.731995  0.000769527        1.984      1.01214    0.0839513      1.67676     0.436559     -3.56201 
          50      1.54321     0.988387     0.742999  0.000778215      5.23895     0.751722  0.000787426        1.984      1.01168    0.0807983      1.67638     0.448425     -3.56201 
          50      1.59983     0.988878     0.762311   0.00078087      5.25351      0.77088  0.000789742        1.984      1.01118    0.0773459      1.67596     0.459966     -3.56201 
          50      1.65748     0.989414     0.781061  0.000767336      5.26815     0.789417  0.000775606        1.984      1.01063     0.073581       1.6755     0.471152     -3.56201 
          50      1.71615     0.989995       0.7992  0.000736742      5.28286     0.807283  0.000744136      1.98399      1.01004    0.0694902      1.67501     0.481952     -3.56201 
          50      1.77584     0.990389     0.816773  0.000691795      5.29609     0.824753  0.000699026        1.984      1.00964    0.0667393      1.67468     0.492463     -3.44692 
          50      1.83654     0.991025     0.833543  0.000808122      5.31041     0.841103  0.000815543        1.984      1.00899    0.0622882      1.67414     0.502402     -3.44692 
          50      1.89827     0.991649      0.84966  0.000914189      5.32423       0.8568  0.000921728        1.984      1.00836    0.0579215      1.67362     0.511948     -3.44692 
          50      1.96102      0.99226     0.865077   0.00100939       5.3375     0.871796   0.00101697        1.984      1.00774    0.0536472       1.6731     0.521075     -3.44692 
          50      2.02479     0.992856     0.879747   0.00109309      5.35019     0.886045   0.00110064        1.984      1.00713    0.0494733       1.6726     0.529752     -3.44692 
          50      2.08958     0.993437     0.893621   0.00116467      5.36226     0.899497   0.00117211        1.984      1.00654    0.0454081      1.67211     0.537952     -3.44692 
          50      2.15539     0.994002     0.906651   0.00122349      5.37368     0.912106   0.00123073        1.984      1.00597      0.04146      1.67163     0.545644     -3.44692 
          50      2.22222     0.994549     0.918786    0.0012689      5.38439      0.92382   0.00127585        1.984      1.00542    0.0376374      1.67117       0.5528     -3.44692 
          50      2.29007     0.995077     0.929977   0.00130023      5.39437      0.93459    0.0013068        1.984      1.00488     0.033949      1.67073     0.559389     -3.44692 
          50      2.35894     0.995585     0.940171   0.00131681      5.40357     0.944365    0.0013229        1.984      1.00437    0.0304034       1.6703      0.56538     -3.44692 
          50      2.42883     0.996072     0.949317   0.00131796      5.41195     0.953092   0.00132347        1.984      1.00388    0.0270097       1.6699     0.570742     -3.44692 
          50      2.49974     0.996535     0.957361     0.001303      5.41946      0.96072   0.00130782        1.984      1.00341    0.0237768      1.66951     0.575444     -3.44692 
          50      2.57167     0.996975      0.96425   0.00127121      5.42607     0.967195   0.00127524        1.984      1.00297    0.0207137      1.66914     0.579452     -3.44692 
          50      2.64462      0.99739      0.96993   0.00122189      5.43172     0.972462   0.00122501        1.984      1.00255      0.01783      1.66879     0.582735     -3.44692 
          50      2.71859     0.997777     0.974345   0.00115431      5.43638     0.976468    0.0011564        1.984      1.00216    0.0151348      1.66847      0.58526     -3.44692 
          50      2.79359     0.998012     0.979563   0.00135536      5.44073     0.981513   0.00135806        1.984      1.00193       0.0135      1.66827     0.588342     -3.90296 
          50       2.8696     0.998264     0.982687   0.00137133      5.44369     0.984394   0.00137371        1.984      1.00168    0.0117506      1.66806     0.590143     -3.90296 
          50      2.94663       0.9985     0.985581   0.00138565      5.44642     0.987061   0.00138773        1.984      1.00144    0.0101119      1.66787     0.591812     -3.90296 
          50      3.02468     0.998719     0.988235   0.00139824      5.44894     0.989503   0.00140004        1.984      1.00122   0.00858932      1.66768     0.593341     -3.90296 
          50      3.10376      0.99892     0.990638   0.00140904      5.45121     0.991709   0.00141057        1.984      1.00102   0.00718832      1.66751     0.594723     -3.90296 
          50      3.18385     0.999104     0.992778   0.00141796      5.45324     0.993671   0.00141924        1.984      1.00083   0.00591438      1.66736     0.595954     -3.90296 
          50      3.26497     0.999268     0.994644   0.00142492      5.45501     0.995376   0.00142598        1.984      1.00067   0.00477309      1.66722     0.597026     -3.90296 
          50       3.3471     0.999415     0.996221   0.00142908      5.45653     0.996804   0.00142992        1.984      1.00052   0.00375946       1.6671     0.597926     -3.70978 
          50      3.43025     0.999537     0.997504    0.0014326      5.45774     0.997967   0.00143327        1.984       1.0004   0.00290921        1.667     0.598661     -3.70978 
          50      3.51443     0.999637     0.998478   0.00143521      5.45866     0.998842   0.00143573        1.984       1.0003   0.00221301      1.66692     0.599215     -3.70978 
          50      3.59963     0.999713     0.999129   0.00143687      5.45927     0.999416   0.00143729        1.984      1.00022   0.00167687      1.66685     0.599583     -3.70978 
          50      3.68584     0.999766     0.999446   0.00143756      5.45957     0.999679    0.0014379        1.984      1.00017   0.00130689      1.66681     0.599757     -3.70978 
          50      3.77308     0.999795     0.999416   0.00143724      5.45953      0.99962   0.00143753        1.984      1.00014   0.00110923      1.66678     0.599731     -3.70978 
          50      3.86133     0.999819     0.999377   0.00144051      5.45946     0.999558   0.00144077        1.984      1.00012  0.000936998      1.66676     0.599701     -5.28812 
          50      3.95061     0.999842     0.999472   0.00144069      5.45955      0.99963   0.00144092        1.984      1.00009  0.000781267      1.66675     0.599751     -5.28812 
          50      4.04091     0.999863     0.999562   0.00144135      5.45963     0.999699   0.00144155        1.984      1.00007  0.000637789      1.66673     0.599798     -5.28812 
          50      4.13222     0.999882     0.999647   0.00144287      5.45971     0.999765   0.00144304        1.984      1.00006  0.000507481      1.66671     0.599843     -4.61431 
          50      4.22456     0.999899     0.999723   0.00144279      5.45978     0.999824   0.00144293        1.984      1.00004  0.000389504       1.6667     0.599883     -4.61431 
          50      4.31792     0.999915     0.999791   0.00144287      5.45984     0.999876   0.00144299        1.984      1.00002  0.000284624      1.66669     0.599919     -4.61431 
          50       4.4123     0.999928     0.999851   0.00144312       5.4599     0.999923   0.00144322        1.984      1.00001  0.000193315      1.66668     0.599952     -4.61431 
          50      4.50769     0.999939     0.999904   0.00144354      5.45995     0.999965   0.00144362        1.984     0.999999  0.000116056      1.66667      0.59998     -4.61431 
          50      4.60411     0.999948     0.999948   0.00144413      5.45998            1   0.00144421        1.984      0.99999  5.33344e-05      1.66666     0.600003     -4.61431 
          50      4.70155     0.999955     0.999983   0.00144492      5.46001      1.00003   0.00144498        1.984     0.999983  5.63819e-06      1.66665     0.600023     -4.61431 
          50      4.80001      0.99996      1.00001    0.0014444      5.46004      1.00005   0.00144446        1.984     0.999979 -2.54136e-05      1.66665     0.600037     -5.26113 
          50      4.89949     0.999962      1.00003   0.00144465      5.46006      1.00006    0.0014447        1.984     0.999976 -4.17918e-05      1.66665     0.600047     -5.26113 
          50            5     0.999962      1.00003   0.00144487      5.46007      1.00007   0.00144492        1.984     0.999976 -4.20548e-05      1.66665     0.600051     -5.26113 
          75            0     0.999941  1.49712e-08 -8.16484e-09      4.96002 -3.27093e-08 -8.11701e-09      1.98401            1  0.000117884      1.66667 -4.57595e-09     -5.35737 
          75      0.00051     0.999926  0.000267914 -7.56931e-09      4.96002  0.000267892 -7.52751e-09      1.98401      1.00001  0.000219137      1.66668  0.000160747     -5.35737 
          75      0.00204     0.999882   0.00107155 -4.82211e-09      4.96002   0.00107165 -4.79633e-09      1.98401      1.00006  0.000522571      1.66672  0.000642978     -5.35737 
          75     0.004591      0.99981   0.00241125  2.96229e-09      4.96003    0.0024117  2.96836e-09      1.98401      1.00013   0.00102741      1.66678   0.00144693     -5.35737 
          75     0.008162     0.999708   0.00428618  2.05873e-08      4.96003   0.00428744  2.05805e-08      1.98401      1.00023   0.00173183      1.66686   0.00257216     -5.35737 
          75     0.012753     0.999578   0.00669589  5.47789e-08      4.96005   0.00669873  5.47805e-08      1.98401      1.00036   0.00263355      1.66697   0.00401851     -5.35737 
          75     0.018365     0.999421   0.00964033  1.14196e-07      4.96007   0.00964594  1.14247e-07      1.98401      1.00052   0.00372985       1.6671   0.00578605     -5.35737 
          75     0.024997     0.999235    0.0131183  2.09404e-07      4.96011    0.0131283  2.09566e-07      1.98401      1.00071   0.00501694      1.66725   0.00787422     -5.35737 
          75     0.032649     0.999023    0.0171289  3.52892e-07      4.96017    0.0171457  3.53257e-07      1.98401      1.00092   0.00649062      1.66743    0.0102827     -5.35737 
          75     0.041322     0.998785    0.0216719  5.59101e-07      4.96026    0.0216982  5.59791e-07      1.98401      1.00116   0.00814618      1.66763    0.0130114     -5.35737 
          75     0.051015     0.998522    0.0267455  8.26549e-07      4.96038     0.026785  8.27866e-07      1.98401      1.00142   0.00997805      1.66785    0.0160596     -4.98829 
          75     0.061728     0.998234    0.0323487  1.24601e-06      4.96055     0.032406  1.24818e-06      1.98401      1.00171    0.0119798      1.66809     0.019427     -4.98829 
          75     0.073461     0.997923    0.0384803  1.78156e-06      4.96076    0.0385605  1.78521e-06      1.98401      1.00202     0.014145      1.66835    0.0231129     -4.98829 
          75     0.086215     0.997589    0.0451396  2.45399e-06      4.96104    0.0452487  2.45992e-06      1.98401      1.00236    0.0164664      1.66863    0.0271173     -4.98829 
          75     0.099989     0.997235    0.0523246  3.28585e-06       4.9614    0.0524696  3.29502e-06      1.98401      1.00271    0.0189357      1.66893    0.0314391     -4.98829 
          75     0.114783      0.99686    0.0600335   4.3015e-06      4.96183    0.0602226  4.31505e-06      1.98401      1.00309    0.0215442      1.66924    0.0360779     -4.98829 
          75     0.130598     0.996467    0.0682655  5.49189e-06      4.96236    0.0685073  5.51149e-06      1.98401      1.00349    0.0242833      1.66957     0.041033     -4.62079 
          75     0.147433     0.996057    0.0770183  7.10444e-06        4.963    0.0773234  7.13243e-06      1.98401       1.0039    0.0271421      1.66991    0.0463038     -4.62079 
          75     0.165288     0.995631    0.0862901  8.97635e-06      4.96376     0.086669  9.01562e-06      1.98401      1.00433    0.0301108      1.67027    0.0518891     -4.62079 
          75     0.184164     0.995192    0.0960794  1.11363e-05      4.96466    0.0965436  1.11901e-05      1.98401      1.00477    0.0331786      1.67064    0.0577884     -4.62079 
          75      0.20406      0.99474     0.106384  1.36142e-05      4.96571     0.106946  1.36864e-05      1.98401      1.00523    0.0363333      1.67102    0.0640005     -4.62079 
          75     0.224976     0.994277       0.1172   1.6442e-05      4.96693     0.117875  1.65367e-05      1.98401       1.0057    0.0395627      1.67141    0.0705243     -4.62079 
          75     0.246913     0.993806     0.128528  1.93627e-05      4.96833     0.129328  1.94835e-05      1.98401      1.00617    0.0428559       1.6718    0.0773585     -4.25576 
          75     0.269869     0.993328     0.140364  2.35909e-05      4.96994     0.141307  2.37493e-05      1.98401      1.00666    0.0461946      1.67221    0.0845032     -4.25576 
          75     0.293846     0.992846     0.152703   2.8223e-05      4.97177     0.153804  2.84263e-05      1.98401      1.00715    0.0495686      1.67261    0.0919544     -4.25576 
          75     0.318844      0.99236     0.165543  3.32874e-05      4.97383     0.166818  3.35437e-05      1.98401      1.00764    0.0529632      1.67302    0.0997105     -4.25576 
          75     0.344862     0.991875      0.17888  3.88132e-05      4.97615     0.180345  3.91312e-05      1.98401      1.00813    0.0563628      1.67343      0.10777     -4.25576 
          75       0.3719     0.991391     0.192711  4.48309e-05      4.97875     0.194383  4.52203e-05      1.98401      1.00862    0.0597515      1.67384     0.116131     -4.25576 
          75     0.399958     0.990911     0.207032  5.13723e-05      4.98165     0.208931  5.18435e-05      1.98401      1.00911    0.0631125      1.67424     0.124791     -4.25576 
          75     0.429036     0.990436     0.221835  5.64478e-05      4.98486     0.223973  5.69902e-05      1.98401       1.0096    0.0664424      1.67464     0.133745     -3.90027 
          75     0.459135     0.989973      0.23713  6.70822e-05      4.98843     0.239534  6.77628e-05      1.98401      1.01007    0.0696928      1.67504     0.143002     -3.90027 
          75     0.490255      0.98952     0.252887  7.80312e-05      4.99235     0.255568    7.886e-05      1.98401      1.01053    0.0728686      1.67542     0.152539     -3.90027 
          75     0.522394     0.989081     0.269097  8.92897e-05      4.99664      0.27207   9.0277e-05      1.98401      1.01098    0.0759511      1.67579     0.162353     -3.90027 
          75     0.555554     0.988658     0.285757  0.000100854      5.00132     0.289035   0.00010201      1.98401      1.01141    0.0789214      1.67615      0.17244     -3.90027 
          75     0.589734     0.988254      0.30286  0.000112717      5.00643     0.306457  0.000114055      1.98401      1.01183    0.0817598      1.67649     0.182797     -3.90027 
          75     0.624934     0.987872     0.320398  0.000124876      5.01197     0.324329  0.000126407      1.98401      1.01222     0.084446      1.67682      0.19342     -3.90027 
          75     0.661155     0.987514     0.338368  0.000137325      5.01799     0.342646  0.000139062      1.98401      1.01258     0.086959      1.67712     0.204306     -3.90027 
          75     0.698396     0.987168     0.356697  0.000130071      5.02438     0.361317  0.000131737      1.98401      1.01294    0.0893935      1.67741     0.215406     -3.59211 
          75     0.736658     0.986875     0.375565  0.000160431      5.03149     0.380561  0.000162567      1.98401      1.01324    0.0914578      1.67766     0.226839     -3.59211 
          75     0.775939      0.98661     0.394751  0.000189414      5.03904     0.400117  0.000191999      1.98401      1.01351    0.0933215      1.67789     0.238462     -3.59211 
          75     0.816241     0.986377     0.414241   0.00021685      5.04706     0.419972  0.000219859      1.98401      1.01375    0.0949646      1.67809     0.250266     -3.59211 
          75     0.857563     0.986178     0.434019  0.000242559      5.05557     0.440108  0.000245966      1.98401      1.01396    0.0963664      1.67826      0.26224     -3.59211 
          75     0.899906     0.986016     0.454071  0.000266362      5.06458     0.460511  0.000270137      1.98401      1.01412    0.0975057      1.67839     0.274376     -3.59211 
          75     0.943269     0.985895     0.474381  0.000288072      5.07412     0.481161  0.000292182      1.98401      1.01425    0.0983607       1.6785     0.286664     -3.59211 
          75     0.987652     0.985816     0.494931  0.000307498      5.08421     0.502042  0.000311907      1.98401      1.01433    0.0989092      1.67856     0.299093     -3.59211 
          75      1.03306     0.985785     0.515707  0.000324446      5.09488     0.523136  0.000329116      1.98401      1.01436    0.0991283      1.67859     0.311654     -3.59211 
          75      1.07948     0.985804      0.53669  0.000338716      5.10615     0.544426  0.000343606      1.98401      1.01434    0.0989948      1.67857     0.324336     -3.59211 
          75      1.12692     0.985776     0.557553  0.000250282      5.11723     0.565586  0.000254005      1.98401      1.01437    0.0991887       1.6786     0.336939     -3.53793 
          75      1.17539     0.985932     0.579287  0.000344057      5.13017     0.587553  0.000348999      1.98401      1.01421    0.0980962      1.67847     0.350051     -3.53793 
          75      1.22487     0.986118     0.600871  0.000429041       5.1433     0.609336  0.000435055      1.98401      1.01402    0.0967861      1.67831     0.363063     -3.53793 
          75      1.27538     0.986337     0.622266  0.000504559      5.15662     0.630894  0.000511488      1.98401      1.01379     0.095246      1.67812     0.375951     -3.53793 
          75       1.3269     0.986591     0.643433  0.000569924      5.17011     0.652185  0.000577601      1.98401      1.01353    0.0934638      1.67791      0.38869     -3.53793 
          75      1.37945      0.98688     0.664334  0.000624438      5.18378     0.673169  0.000632682      1.98401      1.01324    0.0914265      1.67766     0.401256     -3.53793 
          75      1.43301     0.987208     0.684927  0.000667384      5.19762     0.693801  0.000676004      1.98401       1.0129    0.0891214      1.67738     0.413624     -3.53793 
          75       1.4876     0.987576     0.705172  0.000698034      5.21162     0.714037  0.000706827      1.98401      1.01252    0.0865352      1.67707     0.425769     -3.53793 
          75      1.54321     0.987985     0.725025  0.000715646      5.22577     0.733834  0.000724398      1.98401       1.0121    0.0836546      1.67672     0.437665     -3.53793 
          75      1.59983     0.988438     0.744446  0.000719464      5.24008     0.753147  0.000727949      1.98401      1.01164    0.0804658      1.67634     0.449284     -3.53793 
          75      1.65748     0.988937      0.76339  0.000708718      5.25454     0.771927  0.000716696      1.98401      1.01113     0.076955      1.67591     0.460601     -3.53793 
          75      1.71615     0.989484     0.781813  0.000682624      5.26914     0.790129  0.000689844      1.98401      1.01057    0.0731079      1.67545     0.471588     -3.53793 
          75      1.77584     0.989845      0.79961    0.0006113      5.28224     0.807866  0.000618114      1.98401       1.0102    0.0705872      1.67514     0.482245     -3.51303 
          75      1.83654     0.990467     0.817033  0.000731299      5.29687     0.824909   0.00073845      1.98401      1.00957    0.0662315      1.67462     0.492588     -3.51303 
          75      1.89827     0.991079     0.833819   0.00084062      5.31102      0.84131  0.000848027      1.98401      1.00894    0.0619395       1.6741     0.502547     -3.51303 
          75      1.96102     0.991682     0.849922  0.000938631      5.32467     0.857023  0.000946206      1.98401      1.00833    0.0577181      1.67359     0.512094     -3.51303 
          75      2.02479     0.992274     0.865294   0.00102468      5.33777        0.872   0.00103234      1.98401      1.00773    0.0535743      1.67309       0.5212     -3.51303 
          75      2.08958     0.992855     0.879887   0.00109812      5.35029     0.886193   0.00110576      1.98401      1.00714    0.0495152      1.67261     0.529838     -3.51303 
          75      2.15539     0.993422     0.893653   0.00115829      5.36219     0.899554    0.0011658      1.98401      1.00656    0.0455479      1.67213     0.537977     -3.51303 
          75      2.22222     0.993975     0.906541   0.00120449      5.37343     0.912033   0.00121178      1.98401        1.006    0.0416797      1.67166     0.545589     -3.51303 
          75      2.29007     0.994513     0.918501   0.00123605      5.38398      0.92358   0.00124301      1.98401      1.00546    0.0379181      1.67121     0.552642     -3.51303 
          75      2.35894     0.995036     0.929483   0.00125228      5.39379     0.934144   0.00125878      1.98401      1.00493    0.0342705      1.67077     0.559106     -3.51303 
          75      2.42883     0.995541     0.939434   0.00125245      5.40282     0.943673   0.00125839      1.98401      1.00442    0.0307447      1.67035      0.56495     -3.51303 
          75      2.49974     0.996027     0.948302   0.00123586      5.41103     0.952114    0.0012411      1.98401      1.00393    0.0273484      1.66994     0.570142     -3.51303 
          75      2.57167     0.996495     0.956033   0.00120177      5.41838     0.959415   0.00120618      1.98401      1.00346    0.0240893      1.66955     0.574651     -3.51303 
          75      2.64462     0.996942     0.962574   0.00114945      5.42483      0.96552    0.0011529      1.98401      1.00301    0.0209756      1.66917     0.578443     -3.51303 
          75      2.71859     0.997367     0.967868   0.00107814      5.43034     0.970376   0.00108049      1.98401      1.00258    0.0180154      1.66882     0.581487     -3.51303 
          75      2.79359     0.997614     0.973583   0.00129089      5.43509      0.97591   0.00129397      1.98401      1.00233    0.0162903      1.66861     0.584866     -3.89451 
          75       2.8696     0.997914     0.977657   0.00130948      5.43895     0.979699   0.00131221      1.98401      1.00203    0.0142163      1.66836     0.587224     -3.89451 
          75      2.94663     0.998193      0.98141   0.00132607       5.4425     0.983186   0.00132846      1.98401      1.00175    0.0122779      1.66813     0.589396     -3.89451 
          75      3.02468     0.998452     0.984827   0.00134056      5.44573     0.986354   0.00134264      1.98402      1.00149    0.0104816      1.66791     0.591371     -3.89451 
          75      3.10376     0.998689     0.987893   0.00135288      5.44864     0.989191   0.00135467      1.98402      1.00126   0.00883398      1.66771     0.593142     -3.89451 
          75      3.18385     0.998904     0.990592   0.00136293       5.4512     0.991682   0.00136444      1.98402      1.00104   0.00734173      1.66753     0.594699     -3.89451 
          75      3.26497     0.999095     0.992909   0.00137061       5.4534     0.993813   0.00137187      1.98402      1.00085   0.00601169      1.66737     0.596034     -3.89451 
          75       3.3471     0.999261     0.994828   0.00137582      5.45522     0.995567   0.00137686      1.98401      1.00068   0.00485073      1.66724     0.597136     -3.89451 
          75      3.43025     0.999401     0.996328   0.00138754      5.45666     0.996926   0.00138838      1.98401      1.00054   0.00387301      1.66712     0.597994     -3.76492 
          75      3.51443     0.999513     0.997403   0.00139002      5.45767      0.99789    0.0013907      1.98401      1.00043   0.00309366      1.66702     0.598606     -3.76492 
          75      3.59963     0.999596      0.99803   0.00139119      5.45826     0.998433   0.00139175      1.98401      1.00034   0.00251075      1.66695     0.598958     -3.76492 
          75      3.68584     0.999662      0.99837   0.00137645      5.45859     0.998708   0.00137692      1.98402      1.00028   0.00207695       1.6669      0.59914     -4.43788 
          75      3.77308     0.999708      0.99866   0.00137952      5.45884     0.998951   0.00137992      1.98401      1.00023   0.00174025      1.66686     0.599301     -4.43788 
          75      3.86133     0.999751     0.998921   0.00138108      5.45907      0.99917   0.00138142      1.98401      1.00019   0.00143373      1.66682     0.599446     -4.43788 
          75      3.95061     0.999793     0.999168   0.00139822       5.4593     0.999375   0.00139851      1.98401      1.00015   0.00115178      1.66679     0.599581     -4.44295 
          75      4.04091     0.999828     0.999362   0.00139756      5.45948     0.999534    0.0013978      1.98401      1.00011  0.000906174      1.66676     0.599687     -4.44295 
          75      4.13222      0.99986     0.999534   0.00139703      5.45964     0.999674   0.00139723      1.98401      1.00008  0.000687785      1.66674      0.59978     -4.44295 
          75      4.22456     0.999887     0.999681   0.00139665      5.45977     0.999794   0.00139681      1.98401      1.00006  0.000497628      1.66671      0.59986     -4.44295 
          75      4.31792      0.99991     0.999803   0.00139641      5.45988     0.999892   0.00139653      1.98401      1.00003  0.000336722      1.66669     0.599926     -4.44295 
          75       4.4123     0.999929     0.999899   0.00139631      5.45997     0.999969   0.00139641      1.98401      1.00001  0.000206104      1.66668     0.599978     -4.44295 
          75      4.50769     0.999944     0.999968   0.00139637      5.46003      1.00002   0.00139645      1.98401     0.999999  0.000106819      1.66667     0.600015     -4.44295 
          75      4.60411     0.999954      1.00001   0.00139659      5.46007      1.00006   0.00139665      1.98401      0.99999   3.9921e-05      1.66666     0.600037     -4.44295 
          75      4.70155     0.999959      1.00002   0.00139697      5.46008      1.00006   0.00139703      1.98402     0.999985  6.47858e-06      1.66665     0.600043     -4.44295 
          75      4.80001     0.999959            1   0.00139752      5.46007      1.00005   0.00139758      1.98402     0.999985   7.5708e-06      1.66665     0.600032     -4.44295 
          75      4.89949     0.999955     0.999972   0.00139909      5.46003      1.00002   0.00139916      1.98402     0.999989  3.19231e-05      1.66666     0.600014     -6.38532 
          75            5     0.999956     0.999972   0.00139862      5.46003      1.00002   0.00139868      1.98402     0.999988  3.06326e-05      1.66666     0.600014     -6.38532 
         100            0     0.999946   1.3699e-08 -7.48098e-09      4.96005 -2.98372e-08 -7.43849e-09      1.98402            1  0.000107759      1.66667 -4.15671e-09     -5.38379 
         100      0.00051     0.999932  0.000259889 -6.93688e-09      4.96005  0.000259869 -6.89974e-09      1.98402      1.00001  0.000205984      1.66668  0.000155932     -5.38379 
         100      0.00204     0.999889   0.00103946  -4.4268e-09      4.96005   0.00103955 -4.40389e-09      1.98402      1.00006  0.000500352      1.66671  0.000623718     -5.38379 
         100     0.004591     0.999819   0.00233904  2.68607e-09      4.96005   0.00233946  2.69145e-09      1.98402      1.00013  0.000990138      1.66677   0.00140359     -5.38379 
         100     0.008162      0.99972   0.00415784  1.87911e-08      4.96006   0.00415902  1.87849e-08      1.98402      1.00023   0.00167362      1.66685   0.00249513     -5.38379 
         100     0.012753     0.999594   0.00649543  5.00344e-08      4.96007   0.00649809  5.00356e-08      1.98402      1.00035   0.00254865      1.66696   0.00389816     -5.38379 
         100     0.018365     0.999441   0.00935179  1.04329e-07      4.96009   0.00935703  1.04373e-07      1.98402       1.0005   0.00361268      1.66709    0.0056128     -5.38379 
         100     0.024997     0.999261    0.0127257  1.91328e-07      4.96013    0.0127351  1.91471e-07      1.98402      1.00068   0.00486214      1.66724   0.00763847     -5.38379 
         100     0.032649     0.999055    0.0166165  3.22446e-07      4.96019    0.0166322  3.22768e-07      1.98402      1.00089   0.00629306      1.66741   0.00997488     -5.38379 
         100     0.041322     0.998824    0.0210237  5.10877e-07      4.96027    0.0210484  5.11487e-07      1.98402      1.00112   0.00790102       1.6676     0.012622     -5.38379 
         100     0.051015     0.998568    0.0259459  7.55246e-07      4.96039     0.025983  7.56412e-07      1.98402      1.00138   0.00968078      1.66782    0.0155791     -5.01459 
         100     0.061728     0.998289    0.0313819  1.13858e-06      4.96054    0.0314357  1.14049e-06      1.98402      1.00166    0.0116263      1.66805    0.0188458     -5.01459 
         100     0.073461     0.997986    0.0373307    1.628e-06      4.96075    0.0374061  1.63123e-06      1.98402      1.00196    0.0137315       1.6683    0.0224216     -5.01459 
         100     0.086215     0.997661    0.0437916  2.24254e-06      4.96101    0.0438943   2.2478e-06      1.98402      1.00229    0.0159895      1.66857    0.0263065     -5.01459 
         100     0.099989     0.997316    0.0507627  3.00278e-06      4.96134    0.0508992  3.01092e-06      1.98402      1.00264    0.0183926      1.66886    0.0304994     -5.01459 
         100     0.114783     0.996952    0.0582423  3.93101e-06      4.96175    0.0584204  3.94303e-06      1.98402        1.003    0.0209327      1.66917    0.0349997     -5.01459 
         100     0.130598     0.996569    0.0662297  5.01944e-06      4.96225    0.0664575  5.03683e-06      1.98402      1.00339    0.0236014      1.66949    0.0398072     -4.64692 
         100     0.147433     0.996169    0.0747227  6.49273e-06      4.96285    0.0750103  6.51758e-06      1.98402      1.00379    0.0263886      1.66982     0.044921     -4.64692 
         100     0.165288     0.995753    0.0837196  8.20332e-06      4.96357    0.0840768   8.2382e-06      1.98402      1.00421    0.0292852      1.67017    0.0503402     -4.64692 
         100     0.184164     0.995324    0.0932189  1.01775e-05      4.96441    0.0936568  1.02253e-05      1.98402      1.00464    0.0322808      1.67053    0.0560641     -4.64692 
         100      0.20406     0.994882     0.103218  1.24426e-05       4.9654     0.103749  1.25068e-05      1.98402      1.00509    0.0353641       1.6709    0.0620917     -4.64692 
         100     0.224976     0.994429     0.113716   1.5028e-05      4.96655     0.114352  1.51122e-05      1.98402      1.00555    0.0385234      1.67128     0.068422     -4.64692 
         100     0.246913     0.993968     0.124709  1.77071e-05      4.96787     0.125465  1.78146e-05      1.98402      1.00601    0.0417486      1.67167    0.0750537     -4.28161 
         100     0.269869     0.993499     0.136196  2.15645e-05      4.96938     0.137088  2.17055e-05      1.98402      1.00649    0.0450225      1.67207    0.0819869     -4.28161 
         100     0.293846     0.993025     0.148173  2.57939e-05       4.9711     0.149215   2.5975e-05      1.98402      1.00697    0.0483355      1.67246    0.0892181     -4.28161 
         100     0.318844     0.992548     0.160637  3.04218e-05      4.97305     0.161843  3.06502e-05      1.98402      1.00745    0.0516735      1.67287    0.0967459     -4.28161 
         100     0.344862      0.99207     0.173584   3.5475e-05      4.97523     0.174971  3.57586e-05      1.98402      1.00794     0.055022      1.67327     0.104568     -4.28161 
         100       0.3719     0.991592     0.187011   4.0982e-05      4.97768     0.188596  4.13296e-05      1.98402      1.00842    0.0583659      1.67367     0.112684     -4.28161 
         100     0.399958     0.991118     0.200916  4.69723e-05      4.98041     0.202717  4.73933e-05      1.98402      1.00891    0.0616895      1.67407     0.121092     -4.28161 
         100     0.429036     0.990647     0.215291  5.17108e-05      4.98343      0.21732  5.21968e-05      1.98402      1.00939    0.0649886      1.67447     0.129786     -3.92491 
         100     0.459135     0.990186     0.230144   6.1364e-05       4.9868     0.232427  6.19731e-05      1.98402      1.00986    0.0682198      1.67486     0.138773     -3.92491 
         100     0.490255     0.989735     0.245449  7.13264e-05      4.99049     0.247998  7.20681e-05      1.98402      1.01032    0.0713859      1.67524     0.148036     -3.92491 
         100     0.522394     0.989296     0.261198  8.15956e-05      4.99454     0.264027  8.24799e-05      1.98402      1.01077    0.0744694      1.67561     0.157569     -3.92491 
         100     0.555554     0.988871     0.277388  9.21704e-05      4.99895      0.28051  9.32076e-05      1.98402       1.0112    0.0774525      1.67597     0.167371     -3.92491 
         100     0.589734     0.988463     0.294012  0.000103049      5.00377     0.297441   0.00010425      1.98402      1.01162    0.0803163      1.67632     0.177438     -3.92491 
         100     0.624934     0.988075     0.311065  0.000114228      5.00901     0.314816  0.000115605      1.98402      1.01201    0.0830418      1.67665     0.187766     -3.92491 
         100     0.661155      0.98771     0.328541  0.000125707      5.01469     0.332629  0.000127272      1.98402      1.01239    0.0856093      1.67696     0.198353     -3.92491 
         100     0.698396     0.987355     0.346378  0.000119945      5.02073     0.350798  0.000121459      1.98402      1.01275    0.0880999      1.67726     0.209154      -3.6108 
         100     0.736658     0.987049     0.364734  0.000147257      5.02744     0.369519  0.000149191      1.98402      1.01307    0.0902573      1.67752     0.220277      -3.6108 
         100     0.775939     0.986769     0.383411  0.000173421      5.03458      0.38856  0.000175759      1.98402      1.01335    0.0922275      1.67776     0.231593      -3.6108 
         100     0.816241     0.986519       0.4024   0.00019829      5.04217     0.407908  0.000201013      1.98402      1.01361    0.0939912      1.67797     0.243094      -3.6108 
         100     0.857563       0.9863     0.421685  0.000221712      5.05022     0.427548  0.000224798      1.98402      1.01384    0.0955287      1.67816     0.254771      -3.6108 
         100     0.899906     0.986117     0.441253  0.000243531      5.05877     0.447465  0.000246957      1.98402      1.01402    0.0968196      1.67831     0.266617      -3.6108 
         100     0.943269     0.985972      0.46109  0.000263588      5.06784     0.467645  0.000267328      1.98402      1.01417    0.0978431      1.67844     0.278621      -3.6108 
         100     0.987652     0.985867     0.481182  0.000281719      5.07743      0.48807  0.000285744      1.98402      1.01428    0.0985778      1.67853     0.290776      -3.6108 
         100      1.03306     0.985807     0.501512  0.000297757      5.08758     0.508726  0.000302036      1.98402      1.01434     0.099002      1.67858     0.303072      -3.6108 
         100      1.07948     0.985793     0.522067  0.000311531      5.09832     0.529597  0.000316031      1.98402      1.01436    0.0990933      1.67859       0.3155      -3.6108 
         100      1.12692     0.985741     0.542546  0.000231221      5.10893      0.55038   0.00023465      1.98402      1.01441    0.0994623      1.67863     0.327874     -3.52168 
         100      1.17539     0.985856     0.563855  0.000316917      5.12126     0.571944  0.000321492      1.98402      1.01429    0.0986516      1.67853     0.340738     -3.52168 
         100      1.22487     0.986003      0.58506  0.000394712      5.13382     0.593373    0.0004003      1.98402      1.01414    0.0976216      1.67841      0.35353     -3.52168 
         100      1.27538     0.986182     0.606126  0.000463998      5.14659     0.614628  0.000470455      1.98402      1.01396    0.0963597      1.67826     0.366228     -3.52168 
         100       1.3269     0.986397     0.627018  0.000524156      5.15958     0.635673   0.00053133      1.98402      1.01374    0.0948532      1.67808      0.37881     -3.52168 
         100      1.37945     0.986648     0.647701  0.000574555      5.17278      0.65647  0.000582283      1.98402      1.01348    0.0930887      1.67786     0.391255     -3.52168 
         100      1.43301     0.986937     0.668137   0.00061455       5.1862     0.676979  0.000622658      1.98402      1.01318    0.0910528      1.67762     0.403539     -3.52168 
         100       1.4876     0.987267     0.688289  0.000643485      5.19982     0.697159  0.000651789      1.98402      1.01284     0.088732      1.67734     0.415639     -3.52168 
         100      1.54321     0.987639     0.708118  0.000660691      5.21365     0.716971  0.000668995      1.98402      1.01246    0.0861123      1.67702     0.427532     -3.52168 
         100      1.59983     0.988056     0.727587  0.000665486      5.22768     0.736374  0.000673583      1.98402      1.01203    0.0831794      1.67667     0.439193     -3.52168 
         100      1.65748     0.988519     0.746655  0.000657176      5.24192     0.755324  0.000664849      1.98402      1.01156    0.0799189      1.67627     0.450598     -3.52168 
         100      1.71615     0.989031     0.765283  0.000635054      5.25635     0.773779  0.000642075      1.98402      1.01103    0.0763161      1.67584     0.461722     -3.52168 
         100      1.77584      0.98936     0.783261  0.000542337       5.2693     0.791735  0.000548726      1.98402       1.0107     0.074014      1.67556     0.472499     -3.59519 
         100      1.83654     0.989963     0.801188  0.000664622       5.2841     0.809324  0.000671483      1.98402      1.01008    0.0697911      1.67505     0.483157     -3.59519 
         100      1.89827     0.990559     0.818502  0.000775938      5.29846      0.82629  0.000783178      1.98402      1.00948    0.0656108      1.67455     0.493443     -3.59519 
         100      1.96102     0.991149     0.835156  0.000875634      5.31236     0.842588  0.000883155      1.98402      1.00888    0.0614787      1.67405     0.503331     -3.59519 
         100      2.02479     0.991731     0.851105  0.000963048      5.32575     0.858171  0.000970746      1.98402      1.00829    0.0574005      1.67356     0.512793     -3.59519 
         100      2.08958     0.992305       0.8663   0.00103751       5.3386     0.872992   0.00104527      1.98402       1.0077    0.0533821      1.67307     0.521799     -3.59519 
         100      2.15539      0.99287     0.880694   0.00109833      5.35088     0.887002   0.00110605      1.98402      1.00713    0.0494296       1.6726     0.530322     -3.59519 
         100      2.22222     0.993425     0.894238   0.00114481      5.36254     0.900153   0.00115237      1.98402      1.00657    0.0455488      1.67213     0.538332     -3.59519 
         100      2.29007     0.993969     0.906882   0.00117626      5.37356     0.912395   0.00118353      1.98402      1.00601     0.041746      1.67167     0.545799     -3.59519 
         100      2.35894     0.994501     0.918577   0.00119196       5.3839     0.923678    0.0011988      1.98402      1.00548    0.0380274      1.67122     0.552692     -3.59519 
         100      2.42883      0.99502     0.929271   0.00119118      5.39351      0.93395   0.00119746      1.98402      1.00495    0.0343994      1.67079     0.558982     -3.59519 
         100      2.49974     0.995526     0.938912   0.00117318      5.40236      0.94316   0.00117876      1.98402      1.00444    0.0308684      1.67036     0.564637     -3.59519 
         100      2.57167     0.996018     0.947448   0.00113721      5.41041     0.951255   0.00114195      1.98402      1.00394    0.0274408      1.66995     0.569625     -3.59519 
         100      2.64462     0.996494     0.954826   0.00108252      5.41761      0.95818   0.00108626      1.98402      1.00346    0.0241233      1.66955     0.573915     -3.59519 
         100      2.71859     0.996953     0.960991   0.00100833      5.42394     0.963883   0.00101091      1.98402        1.003    0.0209226      1.66917     0.577473     -3.59519 
         100      2.79359     0.997229     0.967611   0.00122936      5.42949     0.970298   0.00123277      1.98402      1.00272    0.0189916      1.66893     0.581389     -3.82199 
         100       2.8696     0.997556     0.972281   0.00125077       5.4339     0.974661   0.00125382      1.98402       1.0024    0.0167332      1.66866     0.584098     -3.82199 
         100      2.94663     0.997862     0.976616   0.00126991      5.43799     0.978706   0.00127262      1.98403      1.00209     0.014608      1.66841     0.586612     -3.82199 
         100      3.02468     0.998149     0.980601    0.0012867      5.44176     0.982419   0.00128909      1.98403      1.00181    0.0126228      1.66817     0.588921     -3.82199 
         100      3.10376     0.998414      0.98422   0.00130103      5.44518     0.985786   0.00130311      1.98403      1.00154     0.010784      1.66795     0.591016     -3.82199 
         100      3.18385     0.998656     0.987457    0.0013128      5.44825      0.98879   0.00131458      1.98403       1.0013   0.00909834      1.66775     0.592889     -3.82199 
         100      3.26497     0.998875     0.990296   0.00132189      5.45094     0.991415    0.0013234      1.98403      1.00108   0.00757269      1.66756     0.594528     -3.82199 
         100       3.3471      0.99907     0.992718   0.00132821      5.45324     0.993647   0.00132947      1.98403      1.00088   0.00621392       1.6674     0.595925     -3.82199 
         100      3.43025      0.99924     0.994709   0.00133164      5.45514     0.995469   0.00133267      1.98403      1.00071   0.00502899      1.66726     0.597069     -3.82199 
         100      3.51443     0.999383      0.99625   0.00133207      5.45662     0.996865   0.00133289      1.98402      1.00056   0.00402499      1.66714     0.597951     -3.82199 
         100      3.59963     0.999491     0.997324   0.00134172      5.45762     0.997833   0.00134241      1.98402      1.00045   0.00326132      1.66704     0.598564     -3.64182 
         100      3.68584     0.999573     0.997916    0.0013417      5.45817     0.998341   0.00134226      1.98401      1.00037   0.00268235      1.66697     0.598895     -3.64182 
         100      3.77308     0.999623     0.998004   0.00133991      5.45824     0.998375   0.00134039      1.98401      1.00032    0.0023155      1.66693     0.598933     -3.64182 
         100      3.86133     0.999685     0.998442   0.00134621      5.45863     0.998757   0.00134663      1.98401      1.00026   0.00190572      1.66688     0.599177     -4.25242 
         100      3.95061     0.999731     0.998718   0.00135009      5.45889     0.998986   0.00135046      1.98401      1.00021   0.00158299      1.66684     0.599329     -4.25242 
         100      4.04091     0.999778     0.998971   0.00135786      5.45914     0.999193   0.00135816      1.98402      1.00017    0.0012851      1.66681     0.599466     -4.37921 
         100      4.13222     0.999817     0.999198   0.00135644      5.45935     0.999381   0.00135669      1.98402      1.00013   0.00101375      1.66678      0.59959     -4.37921 
         100      4.22456     0.999851     0.999399    0.0013555      5.45953     0.999548    0.0013557      1.98402       1.0001  0.000772611      1.66675       0.5997     -4.37921 
         100      4.31792     0.999881     0.999575   0.00135506      5.45969     0.999694   0.00135522      1.98402      1.00007   0.00056279      1.66672     0.599797     -4.37921 
         100       4.4123     0.999907     0.999725   0.00135513      5.45983     0.999818   0.00135525      1.98402      1.00004   0.00038541       1.6667     0.599879     -4.37921 
         100      4.50769     0.999927     0.999847   0.00135573      5.45994      0.99992   0.00135583      1.98402      1.00002  0.000241602      1.66668     0.599947     -4.37921 
         100      4.60411     0.999943     0.999941   0.00135687      5.46003     0.999998   0.00135695      1.98402            1   0.00013251      1.66667     0.599998     -4.37921 
         100      4.70155     0.999954      1.00001   0.00135858      5.46009      1.00005   0.00135864      1.98402     0.999994  5.92911e-05      1.66666     0.600034     -4.37921 
         100      4.80001     0.999959      1.00004   0.00136087      5.46012      1.00008   0.00136092      1.98402     0.999988  2.31152e-05      1.66666     0.600053     -4.37921 
         100      4.89949     0.999959      1.00004   0.00136376      5.46012      1.00008   0.00136381      1.98402     0.999989  2.51639e-05      1.66666     0.600055     -4.37921 
         100            5     0.999959            1   0.00135541      5.46009      1.00004   0.00135547      1.98402     0.999989  2.67389e-05      1.66666      0.60003     -6.09331 
         150            0     0.999953  1.16363e-08 -6.32385e-09      4.96008 -2.51959e-08 -6.28966e-09      1.98403            1  9.32095e-05      1.66667 -3.49214e-09     -5.43232 
         150      0.00051      0.99994  0.000245756 -5.86588e-09      4.96008  0.000245738   -5.836e-09      1.98403      1.00001   0.00018609      1.66668  0.000147452     -5.43232 
         150      0.00204       0.9999  0.000982934 -3.74793e-09      4.96008  0.000983013 -3.72948e-09      1.98403      1.00005  0.000464459      1.66671  0.000589798     -5.43232 
         150     0.004591     0.999833   0.00221187  2.26518e-09      4.96009   0.00221223   2.2695e-09      1.98403      1.00012  0.000927677      1.66677   0.00132726     -5.43232 
         150     0.008162      0.99974    0.0039318  1.58942e-08      4.96009   0.00393284  1.58891e-08      1.98403      1.00021   0.00157419      1.66684   0.00235945     -5.43232 
         150     0.012753     0.999621   0.00614237   4.2349e-08       4.9601   0.00614472  4.23497e-08      1.98403      1.00033   0.00240209      1.66694   0.00368621     -5.43232 
         150     0.018365     0.999476   0.00884356  8.83371e-08      4.96012   0.00884821  8.83721e-08      1.98403      1.00048   0.00340909      1.66706   0.00530766     -5.43232 
         150     0.024997     0.999305    0.0120343  1.62041e-07      4.96016    0.0120427  1.62156e-07      1.98403      1.00065     0.004592      1.66721   0.00722326     -5.43232 
         150     0.032649      0.99911    0.0157139  2.73138e-07      4.96021    0.0157279  2.73395e-07      1.98403      1.00084   0.00594726      1.66737   0.00943276     -5.43232 
         150     0.041322     0.998891     0.019882   4.3281e-07      4.96028    0.0199041  4.33298e-07      1.98403      1.00106   0.00747095      1.66755    0.0119361     -5.43232 
         150     0.051015     0.998649    0.0245374  6.39994e-07      4.96039    0.0245705  6.40927e-07      1.98403      1.00131   0.00915833      1.66775    0.0147327     -5.06288 
         150     0.061728     0.998383    0.0296789  9.64984e-07      4.96053     0.029727  9.66517e-07      1.98403      1.00157     0.011004      1.66798    0.0178222     -5.06288 
         150     0.073461     0.998096    0.0353056  1.37999e-06      4.96071     0.035373  1.38258e-06      1.98403      1.00186    0.0130026      1.66822    0.0212041     -5.06288 
         150     0.086215     0.997788     0.041417  1.90117e-06      4.96094    0.0415088  1.90538e-06      1.98403      1.00217    0.0151479      1.66847    0.0248783     -5.06288 
         150     0.099989     0.997459    0.0480112  2.54599e-06      4.96124    0.0481334  2.55252e-06      1.98403       1.0025     0.017433      1.66875     0.028844     -5.06288 
         150     0.114783     0.997112    0.0550869  3.33336e-06      4.96161    0.0552464  3.34302e-06      1.98403      1.00285    0.0198507      1.66904    0.0331007     -5.06288 
         150     0.130598     0.996747    0.0626432  4.25761e-06      4.96205    0.0628475   4.2716e-06      1.98403      1.00322    0.0223934      1.66934    0.0376481     -4.69496 
         150     0.147433     0.996366    0.0706783  5.50692e-06      4.96259    0.0709363  5.52691e-06      1.98403       1.0036    0.0250522      1.66966    0.0424853     -4.69496 
         150     0.165288     0.995969    0.0791907  6.95809e-06      4.96323    0.0795114  6.98617e-06      1.98403        1.004    0.0278188         1.67    0.0476116     -4.69496 
         150     0.184164     0.995558     0.088179  8.63348e-06      4.96399    0.0885724  8.67202e-06      1.98403      1.00441     0.030684      1.67034    0.0530266     -4.69496 
         150      0.20406     0.995135    0.0976411  1.05565e-05      4.96487    0.0981183  1.06082e-05      1.98403      1.00484    0.0336376       1.6707     0.058729     -4.69496 
         150     0.224976       0.9947     0.107575   1.2752e-05       4.9659     0.108148    1.282e-05      1.98403      1.00528    0.0366692      1.67106    0.0647183     -4.69496 
         150     0.246913     0.994256     0.117979  1.50402e-05      4.96708      0.11866  1.51272e-05      1.98403      1.00573    0.0397696      1.67143    0.0709932     -4.32918 
         150     0.269869     0.993805     0.128852  1.83043e-05      4.96844     0.129656  1.84184e-05      1.98403      1.00619    0.0429237      1.67181    0.0775536     -4.32918 
         150     0.293846     0.993347     0.140189  2.18886e-05      4.96998     0.141129  2.20351e-05      1.98403      1.00665    0.0461226       1.6722    0.0843969     -4.32918 
         150     0.318844     0.992885     0.151989  2.58159e-05      4.97172     0.153078  2.60008e-05      1.98403      1.00712    0.0493538      1.67259    0.0915217     -4.32918 
         150     0.344862      0.99242     0.164248  3.01097e-05      4.97368     0.165502  3.03397e-05      1.98403      1.00759    0.0526042      1.67298    0.0989265     -4.32918 
         150       0.3719     0.991955     0.176964  3.47948e-05      4.97587     0.178398  3.50771e-05      1.98403      1.00806    0.0558604      1.67337      0.10661     -4.32918 
         150     0.399958     0.991491     0.190133  3.98969e-05      4.97832     0.191765  4.02393e-05      1.98403      1.00853    0.0591082      1.67376     0.114571     -4.32918 
         150     0.429036      0.99103     0.203751  4.40636e-05      4.98102     0.205592  4.44608e-05      1.98403        1.009    0.0623426      1.67415     0.122804     -3.97059 
         150     0.459135     0.990575     0.217823  5.21631e-05      4.98404     0.219896  5.26601e-05      1.98403      1.00947    0.0655276      1.67454     0.131317     -3.97059 
         150     0.490255     0.990128     0.232327  6.05561e-05      4.98735     0.234646  6.11613e-05      1.98403      1.00992    0.0686637      1.67492     0.140094     -3.97059 
         150     0.522394      0.98969     0.247259  6.92439e-05      4.99098     0.249837  6.99662e-05      1.98403      1.01037    0.0717348      1.67529      0.14913     -3.97059 
         150     0.555554     0.989264     0.262615  7.82288e-05      4.99494     0.265464  7.90777e-05      1.98403       1.0108     0.074725      1.67565     0.158425     -3.97059 
         150     0.589734     0.988852     0.278389  8.75126e-05      4.99927     0.281525  8.84981e-05      1.98403      1.01123    0.0776175        1.676     0.167975     -3.97059 
         150     0.624934     0.988457     0.294576  9.70974e-05      5.00397     0.298014    9.823e-05      1.98403      1.01163    0.0803949      1.67633     0.177778     -3.97059 
         150     0.661155      0.98808     0.311173  0.000106986      5.00908     0.314927  0.000108276      1.98403      1.01202    0.0830395      1.67665     0.187831     -3.97059 
         150     0.698396     0.987714     0.328129  0.000103413      5.01453     0.332196  0.000104681      1.98403      1.01239    0.0856123      1.67696     0.198098     -3.64716 
         150     0.736658     0.987387     0.345568  0.000125926      5.02056     0.349982  0.000127535      1.98403      1.01273    0.0879113      1.67724     0.208665     -3.64716 
         150     0.775939     0.987084     0.363334  0.000147627      5.02699     0.368096  0.000149569      1.98403      1.01304    0.0900466       1.6775     0.219429     -3.64716 
         150     0.816241     0.986807     0.381419  0.000168408      5.03383     0.386527   0.00017067      1.98403      1.01332    0.0920005      1.67773     0.230384     -3.64716 
         150     0.857563     0.986557      0.39981  0.000188153      5.04112     0.405263  0.000190722      1.98404      1.01358    0.0937549      1.67794     0.241522     -3.64716 
         150     0.899906     0.986339     0.418496  0.000206746      5.04887     0.424292  0.000209607      1.98404       1.0138    0.0952911      1.67813     0.252837     -3.64716 
         150     0.943269     0.986155     0.437466  0.000224066       5.0571     0.443603  0.000227203      1.98403      1.01399    0.0965899      1.67829     0.264321     -3.64716 
         150     0.987652     0.986007     0.456707  0.000239991      5.06582     0.463181  0.000243386      1.98403      1.01414    0.0976317      1.67841     0.275966     -3.64716 
         150      1.03306     0.985898     0.476208  0.000254395      5.07507     0.483014  0.000258027      1.98403      1.01426    0.0983964       1.6785     0.287766     -3.64716 
         150      1.07948     0.985831     0.495955  0.000267149      5.08486     0.503089  0.000270997      1.98403      1.01432    0.0988636      1.67856     0.299712     -3.64716 
         150      1.12692     0.985737     0.515699  0.000201043      5.09463     0.523144  0.000203997      1.98403      1.01442    0.0995287      1.67864     0.311649     -3.50498 
         150      1.17539     0.985784     0.536195  0.000273027      5.10588     0.543927  0.000276986      1.98403      1.01437    0.0991973       1.6786     0.324034     -3.50498 
         150      1.22487     0.985862     0.556663  0.000338601       5.1174     0.564654  0.000343455      1.98403      1.01429    0.0986488      1.67854     0.336394     -3.50498 
         150      1.27538     0.985973     0.577072  0.000397268      5.12919     0.585293    0.0004029      1.98404      1.01418    0.0978701      1.67844     0.348709     -3.50498 
         150       1.3269     0.986118     0.597394  0.000448523      5.14124     0.605813  0.000454806      1.98404      1.01403    0.0968478      1.67832     0.360963     -3.50498 
         150      1.37945       0.9863       0.6176  0.000491851      5.15357     0.626183  0.000498651      1.98404      1.01384    0.0955683      1.67816     0.373136     -3.50498 
         150      1.43301     0.986521     0.637657  0.000526724      5.16616     0.646368  0.000533899      1.98404      1.01362    0.0940175      1.67798      0.38521     -3.50498 
         150       1.4876     0.986782     0.657536  0.000552608      5.17903     0.666337  0.000560004      1.98404      1.01335    0.0921813      1.67775     0.397164     -3.50498 
         150      1.54321     0.987085     0.677204  0.000568954      5.19218     0.686054  0.000576412      1.98404      1.01304    0.0900453       1.6775      0.40898     -3.50498 
         150      1.59983     0.987433     0.696629  0.000575208      5.20561     0.705485  0.000582557      1.98403      1.01268    0.0875945       1.6772     0.420636     -3.50498 
         150      1.65748     0.987828     0.715779  0.000570801      5.21931     0.724595  0.000577862      1.98403      1.01227    0.0848141      1.67686     0.432114     -3.50498 
         150      1.71615     0.988271     0.734619  0.000555157       5.2333     0.743347  0.000561741      1.98403      1.01182    0.0816887      1.67649     0.443391     -3.50498 
         150      1.77584     0.988539     0.752771  0.000428716      5.24585     0.761543  0.000434248      1.98403      1.01154    0.0798027      1.67626     0.454291     -3.81164 
         150      1.83654     0.989097     0.771415  0.000553151      5.26073     0.779929  0.000559383      1.98403      1.01097    0.0758965      1.67579     0.465403     -3.81164 
         150      1.89827     0.989654     0.789496  0.000666254      5.27525     0.797739  0.000673075      1.98404      1.01041    0.0719949      1.67532     0.476173     -3.81164 
         150      1.96102      0.99021     0.806972  0.000767354      5.28938     0.814927  0.000774649      1.98404      1.00984    0.0681014      1.67485     0.486575     -3.81164 
         150      2.02479     0.990764     0.823797  0.000855769      5.30309      0.83145  0.000863415      1.98404      1.00928    0.0642195      1.67438     0.496581     -3.81164 
         150      2.08958     0.991316     0.839926  0.000930804      5.31635     0.847261  0.000938672      1.98404      1.00872    0.0603529      1.67391     0.506165     -3.81164 
         150      2.15539     0.991865     0.855313  0.000991756      5.32912     0.862313   0.00099971      1.98404      1.00816    0.0565053      1.67345     0.515298     -3.81164 
         150      2.22222     0.992412     0.869912   0.00103791      5.34139      0.87656   0.00104581      1.98404       1.0076    0.0526803      1.67299     0.523953     -3.81164 
         150      2.29007     0.992954     0.883674   0.00106854       5.3531     0.889954   0.00107623      1.98404      1.00705    0.0488819      1.67253     0.532101     -3.81164 
         150      2.35894     0.993492     0.896553    0.0010829      5.36423     0.902445   0.00109024      1.98404       1.0065    0.0451137      1.67208     0.539712     -3.81164 
         150      2.42883     0.994026     0.908499   0.00108026      5.37475     0.913985   0.00108707      1.98403      1.00596    0.0413799      1.67163     0.546758     -3.81164 
         150      2.49974     0.994554     0.919463   0.00105984      5.38462     0.924523   0.00106596      1.98403      1.00543    0.0376843      1.67118     0.553209     -3.81164 
         150      2.57167     0.995076     0.929393   0.00102088       5.3938     0.934009   0.00102614      1.98403       1.0049     0.034031      1.67074     0.559033     -3.81164 
         150      2.64462     0.995591      0.93824  0.000962593      5.40227     0.942391  0.000966801      1.98402      1.00438    0.0304241      1.67031     0.564201     -3.81164 
         150      2.71859       0.9961     0.945952  0.000884189      5.40997     0.949616  0.000887157      1.98402      1.00386    0.0268677      1.66988      0.56868     -3.81164 
         150      2.79359     0.996412     0.954004   0.00111568      5.41672     0.957436   0.00111967        1.984      1.00354     0.024636      1.66961      0.57345     -3.72912 
         150       2.8696       0.9968     0.960169   0.00114832      5.42251     0.963248   0.00115197      1.98401      1.00315    0.0219778      1.66929     0.577041     -3.72912 
         150      2.94663     0.997166     0.965917   0.00117697      5.42792     0.968659   0.00118029      1.98403      1.00279    0.0194612      1.66899     0.580387     -3.72912 
         150      3.02468      0.99751     0.971227   0.00120144      5.43293      0.97365   0.00120443      1.98404      1.00245    0.0170934      1.66871     0.583476     -3.72912 
         150      3.10376     0.997832     0.976079   0.00122155      5.43751     0.978202   0.00122423      1.98405      1.00213    0.0148817      1.66844     0.586296     -3.72912 
         150      3.18385     0.998129     0.980452   0.00123713      5.44165     0.982295   0.00123949      1.98406      1.00184    0.0128331       1.6682     0.588834     -3.72912 
         150      3.26497     0.998401     0.984325   0.00124799      5.44533     0.985909   0.00125004      1.98407      1.00157    0.0109552      1.66797      0.59108     -3.72912 
         150       3.3471     0.998648     0.987677   0.00125394      5.44852     0.989024    0.0012557      1.98407      1.00133   0.00925533      1.66777     0.593019     -3.72912 
         150      3.43025     0.998866     0.990488   0.00125479      5.45121      0.99162   0.00125626      1.98407      1.00111   0.00774114      1.66759     0.594641     -3.72912 
         150      3.51443     0.999057     0.992735   0.00125036      5.45339     0.993675   0.00125154      1.98407      1.00092   0.00642028      1.66743     0.595931     -3.72912 
         150      3.59963     0.999218     0.994396   0.00124044      5.45502      0.99517   0.00124135      1.98407      1.00076    0.0053005       1.6673     0.596878     -3.72912 
         150      3.68584     0.999312     0.995459   0.00127852      5.45586     0.996146   0.00127941      1.98402      1.00064     0.004524       1.6672     0.597497     -3.58711 
         150      3.77308     0.999397     0.995891   0.00127424      5.45626     0.996489   0.00127499      1.98402      1.00055   0.00391265      1.66712     0.597731     -3.58711 
         150      3.86133     0.999536     0.996888   0.00115499      5.45733      0.99735   0.00115553      1.98408      1.00044   0.00310769      1.66703     0.598279     -4.00864 
         150      3.95061       0.9996     0.997446   0.00117816      5.45781     0.997845   0.00117864      1.98406      1.00037   0.00262194      1.66697     0.598597     -4.00864 
         150      4.04091     0.999659     0.997958   0.00119985      5.45825     0.998299   0.00120026      1.98405       1.0003   0.00217361      1.66692     0.598889     -4.00864 
         150      4.13222     0.999723     0.998472   0.00126705      5.45875     0.998749    0.0012674      1.98406      1.00024   0.00174558      1.66687     0.599177     -4.16196 
         150      4.22456     0.999774     0.998864   0.00128525      5.45911      0.99909   0.00128554      1.98405      1.00019   0.00138574      1.66682     0.599398     -4.16196 
         150      4.31792     0.999819     0.999206   0.00129949      5.45942     0.999386   0.00129972      1.98405      1.00014   0.00106595      1.66679      0.59959     -4.16196 
         150       4.4123     0.999858     0.999494   0.00130963      5.45968     0.999636   0.00130982      1.98405       1.0001  0.000787668      1.66675     0.599752     -4.16196 
         150      4.50769     0.999891     0.999728   0.00131554      5.45989     0.999838   0.00131568      1.98404      1.00007  0.000552354      1.66672     0.599883     -4.16196 
         150      4.60411     0.999917     0.999906   0.00131707      5.46005     0.999989   0.00131718      1.98404      1.00004  0.000361495       1.6667     0.599982     -4.16196 
         150      4.70155     0.999937      1.00003   0.00131409      5.46015      1.00009   0.00131417      1.98404      1.00002  0.000216587      1.66668     0.600048     -4.16196 
         150      4.80001     0.999949      1.00008   0.00130644      5.46019      1.00014   0.00130651      1.98403            1  0.000119147      1.66667      0.60008     -4.16196 
         150      4.89949     0.999955      1.00008   0.00129399      5.46018      1.00013   0.00129405      1.98403     0.999996  7.07064e-05      1.66666     0.600078     -4.16196 
         150            5     0.999953      1.00001   0.00127659      5.46011      1.00006   0.00127665      1.98403     0.999996  7.28141e-05      1.66666     0.600038     -4.16196 
         200            0     0.999958  1.00242e-08 -5.46222e-09      4.96011 -2.16467e-08 -5.43405e-09      1.98404            1  8.38072e-05      1.66667 -2.98724e-09      -5.4761 
         200      0.00051     0.999945  0.000233662 -5.06745e-09      4.96011  0.000233647 -5.04283e-09      1.98404      1.00001  0.000172108      1.66668  0.000140196      -5.4761 
         200      0.00204     0.999907   0.00093457 -3.24022e-09      4.96011   0.00093464 -3.22502e-09      1.98404      1.00005  0.000436764      1.66671  0.000560775      -5.4761 
         200     0.004591     0.999844   0.00210305  1.95084e-09      4.96011   0.00210337   1.9544e-09      1.98404      1.00011  0.000877205      1.66676   0.00126195      -5.4761 
         200     0.008162     0.999755   0.00373839  1.37208e-08      4.96012   0.00373931  1.37166e-08      1.98404       1.0002   0.00149202      1.66684   0.00224336      -5.4761 
         200     0.012753     0.999642   0.00584025  3.65715e-08      4.96013   0.00584236   3.6572e-08      1.98404      1.00032   0.00227948      1.66693   0.00350486      -5.4761 
         200     0.018365     0.999504   0.00840866  7.62988e-08      4.96014   0.00841285  7.63274e-08      1.98404      1.00045   0.00323753      1.66705   0.00504656      -5.4761 
         200     0.024997     0.999342    0.0114426  1.39974e-07      4.96017    0.0114502  1.40067e-07      1.98404      1.00062   0.00436327      1.66718   0.00686798      -5.4761 
         200     0.032649     0.999156    0.0149415  2.35957e-07      4.96022    0.0149541  2.36168e-07      1.98404       1.0008   0.00565348      1.66734   0.00896887      -5.4761 
         200     0.041322     0.998947     0.018905  3.73912e-07      4.96029    0.0189249  3.74312e-07      1.98404      1.00101   0.00710464      1.66751    0.0113492      -5.4761 
         200     0.051015     0.998716    0.0233319  5.52929e-07      4.96038    0.0233619  5.53696e-07      1.98404      1.00124   0.00871244       1.6677    0.0140084     -5.10648 
         200     0.061728     0.998463    0.0282214  8.33662e-07      4.96051    0.0282648  8.34921e-07      1.98404       1.0015     0.010472      1.66791    0.0169462     -5.10648 
         200     0.073461     0.998189    0.0335724  1.19215e-06      4.96067    0.0336334  1.19428e-06      1.98404      1.00177    0.0123785      1.66814    0.0201622     -5.10648 
         200     0.086215     0.997895    0.0393845  1.64236e-06      4.96089    0.0394676  1.64582e-06      1.98404      1.00207    0.0144262      1.66839    0.0236561     -5.10648 
         200     0.099989     0.997581    0.0456561  2.19937e-06      4.96115    0.0457668  2.20474e-06      1.98404      1.00238    0.0166091      1.66865    0.0274274     -5.10648 
         200     0.114783     0.997249    0.0523859  2.87952e-06      4.96148    0.0525304  2.88746e-06      1.98404      1.00272    0.0189203      1.66893    0.0314755     -5.10648 
         200     0.130598       0.9969    0.0595732  3.67844e-06      4.96189    0.0597583  3.68996e-06      1.98404      1.00307    0.0213533      1.66922    0.0358002     -4.73833 
         200     0.147433     0.996534    0.0672162  4.75689e-06      4.96238    0.0674501  4.77335e-06      1.98404      1.00344    0.0238999      1.66953    0.0404007     -4.73833 
         200     0.165288     0.996154    0.0753136  6.00989e-06      4.96296    0.0756045  6.03302e-06      1.98404      1.00382    0.0265525      1.66985    0.0452763     -4.73833 
         200     0.184164     0.995759    0.0838642   7.4568e-06      4.96364    0.0842213  7.48857e-06      1.98404      1.00422    0.0293029      1.67018    0.0504266     -4.73833 
         200      0.20406     0.995352    0.0928661   9.1179e-06      4.96444    0.0932995  9.16057e-06      1.98404      1.00463    0.0321418      1.67052    0.0558507     -4.73833 
         200     0.224976     0.994934     0.102317  1.10147e-05      4.96537     0.102838  1.10708e-05      1.98404      1.00505    0.0350599      1.67087    0.0615478     -4.73833 
         200     0.246913     0.994506     0.112217  1.30004e-05      4.96644     0.112836  1.30723e-05      1.98404      1.00548    0.0380486      1.67123     0.067517     -4.37216 
         200     0.269869      0.99407     0.122562  1.58113e-05      4.96766     0.123294  1.59055e-05      1.98404      1.00592    0.0410946       1.6716    0.0737582     -4.37216 
         200     0.293846     0.993627     0.133351  1.89012e-05      4.96906     0.134207  1.90224e-05      1.98404      1.00637    0.0441896      1.67197    0.0802689     -4.37216 
         200     0.318844     0.993179     0.144582  2.22904e-05      4.97063     0.145575  2.24435e-05      1.98404      1.00683    0.0473223      1.67234    0.0870482     -4.37216 
         200     0.344862     0.992727      0.15625  2.59996e-05       4.9724     0.157395  2.61902e-05      1.98404      1.00728    0.0504808      1.67273    0.0940948     -4.37216 
         200       0.3719     0.992274     0.168355  3.00507e-05      4.97439     0.169665  3.02848e-05      1.98404      1.00774     0.053653      1.67311     0.101407     -4.37216 
         200     0.399958     0.991821     0.180893  3.44662e-05       4.9766     0.182385  3.47504e-05      1.98404       1.0082    0.0568261      1.67349     0.108985     -4.37216 
         200     0.429036     0.991368      0.19386  3.81649e-05      4.97906     0.195546   3.8496e-05      1.98404      1.00866    0.0599947      1.67387     0.116823     -4.01218 
         200     0.459135     0.990921     0.207261  4.50866e-05      4.98179     0.209161  4.55002e-05      1.98404      1.00912    0.0631282      1.67425     0.124928     -4.01218 
         200     0.490255     0.990479     0.221077   5.2283e-05      4.98479     0.223205  5.27866e-05      1.98404      1.00957    0.0662254      1.67462     0.133286     -4.01218 
         200     0.522394     0.990045     0.235305  5.97576e-05      4.98807     0.237673  6.03593e-05      1.98404      1.01001    0.0692718      1.67499     0.141895     -4.01218 
         200     0.555554      0.98962     0.249941  6.75151e-05      4.99167     0.252563  6.82233e-05      1.98404      1.01045    0.0722529      1.67535     0.150752     -4.01218 
         200     0.589734     0.989206     0.264981  7.55595e-05       4.9956      0.26787  7.63831e-05      1.98404      1.01087    0.0751534       1.6757     0.159856     -4.01218 
         200     0.624934     0.988807     0.280419  8.38951e-05      4.99987     0.283591  8.48437e-05      1.98404      1.01128    0.0779576      1.67604     0.169204     -4.01218 
         200     0.661155     0.988424     0.296254  9.25267e-05      5.00451     0.299724  9.36104e-05      1.98404      1.01167    0.0806494      1.67636     0.178794     -4.01218 
         200     0.698396      0.98805     0.312444  9.04285e-05      5.00946      0.31621  9.15068e-05      1.98404      1.01205    0.0832754      1.67668     0.188596      -3.6818 
         200     0.736658     0.987709     0.329087  0.000109343      5.01493     0.333183  0.000110705      1.98404       1.0124    0.0856727      1.67697     0.198681      -3.6818 
         200     0.775939     0.987389      0.34606  0.000127678      5.02078     0.350486  0.000129318      1.98404      1.01273    0.0879263      1.67724     0.208964      -3.6818 
         200     0.816241     0.987091     0.363353   0.00014535      5.02701     0.368112   0.00014726      1.98404      1.01304      0.09002      1.67749     0.219439      -3.6818 
         200     0.857563     0.986819     0.380956  0.000162269      5.03366     0.386049  0.000164441      1.98404      1.01331    0.0919368      1.67773     0.230102      -3.6818 
         200     0.899906     0.986574     0.398862  0.000178347      5.04074     0.404289  0.000180773      1.98404      1.01357    0.0936596      1.67793     0.240945      -3.6818 
         200     0.943269     0.986359     0.417058   0.00019349      5.04826     0.422821  0.000196159      1.98404      1.01379    0.0951706      1.67812     0.251963      -3.6818 
         200     0.987652     0.986177     0.435536  0.000207605      5.05626     0.441634  0.000210506      1.98404      1.01397    0.0964519      1.67827      0.26315      -3.6818 
         200      1.03306     0.986031     0.454285  0.000220595      5.06474     0.460716  0.000223715      1.98404      1.01412    0.0974848       1.6784       0.2745      -3.6818 
         200      1.07948     0.985922     0.473296  0.000232361      5.07373     0.480059  0.000235686      1.98404      1.01424    0.0982504      1.67849     0.286005      -3.6818 
         200      1.12692     0.985793     0.492357  0.000178042      5.08277     0.499434  0.000180628      1.98404      1.01437    0.0991544       1.6786     0.297533     -3.50131 
         200      1.17539     0.985785     0.512101  0.000238944       5.0931     0.519484  0.000242406      1.98404      1.01438    0.0992106       1.6786     0.309473     -3.50131 
         200      1.22487     0.985808     0.531873  0.000294624      5.10372     0.539539  0.000298872      1.98404      1.01435    0.0990559      1.67859     0.321422     -3.50131 
         200      1.27538     0.985862      0.55165  0.000344674      5.11464     0.559573  0.000349611      1.98404       1.0143    0.0986773      1.67854     0.333366     -3.50131 
         200       1.3269     0.985949     0.571405  0.000388678      5.12586     0.579558  0.000394202      1.98405      1.01421    0.0980612      1.67847     0.345289     -3.50131 
         200      1.37945     0.986073     0.591115  0.000426215      5.13738     0.599469  0.000432215      1.98405      1.01408    0.0971938      1.67836     0.357175     -3.50131 
         200      1.43301     0.986234     0.610752  0.000456852      5.14922     0.619276   0.00046321      1.98405      1.01392     0.096061      1.67822     0.369009     -3.50131 
         200       1.4876     0.986434     0.630292  0.000480149      5.16137     0.638952  0.000486741      1.98405      1.01371    0.0946485      1.67805     0.380774     -3.50131 
         200      1.54321     0.986676     0.649707  0.000495657      5.17385     0.658468  0.000502351      1.98404      1.01346    0.0929417      1.67785     0.392453     -3.50131 
         200      1.59983     0.986963      0.66897   0.00050292      5.18665     0.677795  0.000509576      1.98404      1.01317    0.0909257       1.6776      0.40403     -3.50131 
         200      1.65748     0.987295     0.688053  0.000501472      5.19978     0.696903  0.000507942      1.98404      1.01283    0.0885854      1.67732     0.415487     -3.50131 
         200      1.71615     0.987675     0.706928  0.000490839      5.21325     0.715761   0.00049697      1.98404      1.01243    0.0859053        1.677     0.426806     -3.50131 
         200      1.77584     0.987892     0.725114  0.000348408      5.22537     0.734039  0.000353207      1.98404      1.01221    0.0843841      1.67681      0.43774      -4.1684 
         200      1.83654     0.988397     0.744142  0.000469724      5.24005     0.752887  0.000475375      1.98404       1.0117    0.0808363      1.67639     0.449106      -4.1684 
         200      1.89827     0.988907     0.762667  0.000579973      5.25445     0.771214  0.000586357      1.98404      1.01118      0.07726      1.67595     0.460164      -4.1684 
         200      1.96102     0.989421     0.780648  0.000678502      5.26854     0.788976  0.000685491      1.98405      1.01065    0.0736567      1.67552      0.47089      -4.1684 
         200      2.02479     0.989938     0.798042  0.000764641       5.2823     0.806132  0.000772104      1.98405      1.01012    0.0700282      1.67508     0.481257      -4.1684 
         200      2.08958     0.990459     0.814807  0.000837715       5.2957     0.822637  0.000845511      1.98405      1.00959     0.066376      1.67464      0.49124      -4.1684 
         200      2.15539     0.990983       0.8309  0.000897035      5.30871     0.838448  0.000905018      1.98405      1.00906    0.0627017       1.6742     0.500813      -4.1684 
         200      2.22222      0.99151     0.846278  0.000941905      5.32131      0.85352   0.00094992      1.98405      1.00852     0.059007      1.67375     0.509949      -4.1684 
         200      2.29007     0.992041     0.860894  0.000971614      5.33346     0.867808  0.000979499      1.98405      1.00798    0.0552936      1.67331     0.518621      -4.1684 
         200      2.35894     0.992573     0.874706  0.000985441      5.34514     0.881265  0.000993029      1.98405      1.00744    0.0515631      1.67286     0.526802      -4.1684 
         200      2.42883     0.993109     0.887665  0.000982657      5.35632     0.893845   0.00098977      1.98405       1.0069    0.0478174       1.6724     0.534464      -4.1684 
         200      2.49974     0.993646     0.899726  0.000962517      5.36697     0.905501  0.000968973      1.98404      1.00635    0.0440582      1.67195     0.541578      -4.1684 
         200      2.57167     0.994186     0.910842  0.000924271      5.37705     0.916183  0.000929877      1.98404      1.00581    0.0402872       1.6715     0.548117      -4.1684 
         200      2.64462     0.994727     0.920964  0.000867154      5.38655     0.925844  0.000871712      1.98404      1.00526    0.0365064      1.67104      0.55405      -4.1684 
         200      2.71859     0.995269     0.930044  0.000790392      5.39542     0.934433  0.000793694      1.98404      1.00471    0.0327175      1.67059     0.559349      -4.1684 
         200      2.79359     0.995608      0.93906   0.00102471      5.40297       0.9432   0.00102922      1.98404      1.00437    0.0303397       1.6703      0.56469     -3.94248 
         200       2.8696     0.996038     0.946679   0.00105244      5.41003     0.950442   0.00105661      1.98405      1.00394    0.0273682      1.66994     0.569147     -3.94248 
         200      2.94663     0.996448     0.953806   0.00107712      5.41664     0.957205   0.00108095      1.98405      1.00353    0.0245313       1.6696     0.573314     -3.94248 
         200      3.02468     0.996836     0.960418   0.00109861       5.4228     0.963468    0.0011021      1.98406      1.00314    0.0218359      1.66928     0.577176     -3.94248 
         200      3.10376     0.997202     0.966491   0.00111677      5.42847     0.969207   0.00111992      1.98406      1.00277     0.019289      1.66897     0.580719     -3.94248 
         200      3.18385     0.997544     0.971999   0.00113146      5.43364     0.974398   0.00113427      1.98406      1.00243    0.0168979      1.66869      0.58393     -3.94248 
         200      3.26497     0.997862     0.976919   0.00114254      5.43828     0.979018   0.00114501      1.98405       1.0021    0.0146698      1.66842     0.586793     -3.94248 
         200       3.3471     0.998154     0.981225   0.00114986      5.44237     0.983042   0.00115199      1.98404      1.00181     0.012612      1.66817     0.589293     -3.94248 
         200      3.43025      0.99842     0.984892   0.00115327      5.44589     0.986446   0.00115507      1.98403      1.00153    0.0107319      1.66794     0.591417     -3.94248 
         200      3.51443     0.998657     0.987895   0.00115264      5.44881     0.989204    0.0011541      1.98401      1.00129   0.00903723      1.66774     0.593148     -3.94248 
         200      3.59963     0.998866     0.990207   0.00114781      5.45112     0.991292   0.00114893      1.98399      1.00107   0.00753544      1.66755     0.594471     -3.94248 
         200      3.68584     0.998988     0.991731   0.00119949      5.45236     0.992736    0.0012007      1.98404      1.00097    0.0068108      1.66747     0.595354      -4.0694 
         200      3.77308     0.999126     0.993088   0.00120165      5.45365     0.993956    0.0012027      1.98404      1.00083   0.00585893      1.66736     0.596126      -4.0694 
         200      3.86133     0.999254     0.994332   0.00120377      5.45483     0.995074   0.00120467      1.98404       1.0007   0.00497518      1.66725     0.596835      -4.0694 
         200      3.95061     0.999371     0.995459   0.00120584       5.4559     0.996085    0.0012066      1.98405      1.00059   0.00416231      1.66716     0.597476      -4.0694 
         200      4.04091     0.999478     0.996465   0.00120787      5.45685     0.996985    0.0012085      1.98405      1.00048   0.00342313      1.66707     0.598048      -4.0694 
         200      4.13222     0.999574     0.997345   0.00120984      5.45768      0.99777   0.00121036      1.98405      1.00039   0.00276047      1.66699     0.598547      -4.0694 
         200      4.22456     0.999658     0.998095   0.00121176      5.45839     0.998436   0.00121218      1.98405       1.0003   0.00217718      1.66692     0.598972      -4.0694 
         200      4.31792      0.99973     0.998709   0.00121363      5.45896     0.998979   0.00121396      1.98405      1.00023   0.00167616      1.66686     0.599319      -4.0694 
         200       4.4123      0.99979     0.999184   0.00121543      5.45941     0.999394   0.00121569      1.98405      1.00017   0.00126033      1.66681     0.599586      -4.0694 
         200      4.50769     0.999837     0.999513   0.00121718      5.45971     0.999676   0.00121737      1.98405      1.00012  0.000932653      1.66677     0.599769      -4.0694 
         200      4.60411     0.999871     0.999694   0.00121886      5.45988     0.999823   0.00121901      1.98405      1.00009  0.000696113      1.66674     0.599867      -4.0694 
         200      4.70155     0.999893     0.999755   0.00121853      5.45993     0.999862   0.00121866      1.98405      1.00007  0.000554561      1.66672     0.599897     -5.02516 
         200      4.80001     0.999904     0.999782   0.00121965      5.45995     0.999878   0.00121977      1.98405      1.00006  0.000468751      1.66671      0.59991     -5.02516 
         200      4.89949     0.999916     0.999808   0.00122046      5.45997     0.999893   0.00122056      1.98405      1.00004  0.000389849       1.6667     0.599923     -5.02516 
         200            5     0.999926     0.999832   0.00122094      5.45999     0.999907   0.00122103      1.98405      1.00003  0.000318093       1.6667     0.599934     -5.02516 
         250            0     0.999961  8.74188e-09 -4.75271e-09      4.96013 -1.88603e-08 -4.72921e-09      1.98405            1  7.68576e-05      1.66667 -2.60203e-09     -5.51595 
         250      0.00051     0.999949   0.00022317 -4.40969e-09      4.96013  0.000223157 -4.38914e-09      1.98405      1.00001  0.000161186      1.66668  0.000133901     -5.51595 
         250      0.00204     0.999913   0.00089261 -2.82027e-09      4.96013  0.000892673 -2.80759e-09      1.98405      1.00005  0.000413947      1.66671  0.000535595     -5.51595 
         250     0.004591     0.999852   0.00200863  1.69883e-09      4.96013   0.00200893   1.7018e-09      1.98405      1.00011  0.000834627      1.66676   0.00120529     -5.51595 
         250     0.008162     0.999768   0.00357058  1.19497e-08      4.96013   0.00357141  1.19462e-08      1.98405      1.00019   0.00142193      1.66683   0.00214264     -5.51595 
         250     0.012753     0.999659   0.00557813  3.18561e-08      4.96014   0.00558004  3.18564e-08      1.98405       1.0003   0.00217428      1.66692   0.00334752     -5.51595 
         250     0.018365     0.999528   0.00803133  6.64692e-08      4.96016   0.00803514  6.64929e-08      1.98405      1.00043   0.00308981      1.66703   0.00482003     -5.51595 
         250     0.024997     0.999373    0.0109292  1.21952e-07      4.96019    0.0109361   1.2203e-07      1.98405      1.00059   0.00416587      1.66716   0.00655973     -5.51595 
         250     0.032649     0.999195    0.0142713  2.05591e-07      4.96023    0.0142828  2.05766e-07      1.98405      1.00077   0.00539952      1.66731    0.0085664     -5.51595 
         250     0.041322     0.998995    0.0180573  3.25809e-07      4.96029    0.0180754  3.26141e-07      1.98405      1.00097   0.00678755      1.66747      0.01084     -5.51595 
         250     0.051015     0.998774     0.022286  4.81834e-07      4.96037    0.0223133  4.82472e-07      1.98405      1.00119   0.00832602      1.66766      0.01338     -5.14615 
         250     0.061728     0.998532    0.0269567  7.26504e-07      4.96049    0.0269963  7.27552e-07      1.98405      1.00143    0.0100105      1.66786    0.0161862     -5.14615 
         250     0.073461     0.998269    0.0320684  1.03898e-06      4.96064    0.0321241  1.04075e-06      1.98405      1.00169    0.0118365      1.66808    0.0192581     -5.14615 
         250     0.086215     0.997987    0.0376209  1.43142e-06      4.96083    0.0376967  1.43431e-06      1.98405      1.00198     0.013799      1.66831    0.0225957     -5.14615 
         250     0.099989     0.997687    0.0436124    1.917e-06      4.96108    0.0437135  1.92147e-06      1.98405      1.00228    0.0158922      1.66857    0.0261983     -5.14615 
         250     0.114783     0.997368     0.050042  2.50996e-06      4.96138     0.050174  2.51658e-06      1.98405       1.0026    0.0181101      1.66883    0.0300654     -5.14615 
         250     0.130598     0.997032    0.0569089  3.20689e-06      4.96175    0.0570781   3.2165e-06      1.98405      1.00294    0.0204466      1.66911    0.0341967      -4.7778 
         250     0.147433     0.996681    0.0642115  4.14687e-06      4.96219    0.0644255  4.16061e-06      1.98405      1.00329    0.0228943      1.66941    0.0385918      -4.7778 
         250     0.165288     0.996315    0.0719486  5.23928e-06      4.96272    0.0722148  5.25859e-06      1.98405      1.00366    0.0254462      1.66971    0.0432498      -4.7778 
         250     0.184164     0.995935    0.0801192  6.50103e-06      4.96335    0.0804462  6.52758e-06      1.98405      1.00404    0.0280948      1.67003    0.0481705      -4.7778 
         250      0.20406     0.995543    0.0887214  7.94986e-06      4.96408    0.0891185  7.98553e-06      1.98405      1.00444    0.0308317      1.67036    0.0533529      -4.7778 
         250     0.224976     0.995139    0.0977537  9.60455e-06      4.96493    0.0982312  9.65147e-06      1.98405      1.00485    0.0336482       1.6707    0.0587964      -4.7778 
         250     0.246913     0.994725     0.107215  1.13431e-05       4.9659     0.107783  1.14034e-05      1.98405      1.00526    0.0365366      1.67105    0.0645002     -4.41132 
         250     0.269869     0.994303     0.117103  1.37897e-05      4.96702     0.117774  1.38686e-05      1.98405      1.00569    0.0394848       1.6714    0.0704641     -4.41132 
         250     0.293846     0.993873     0.127415  1.64817e-05      4.96829     0.128201  1.65832e-05      1.98405      1.00613    0.0424852      1.67176    0.0766861     -4.41132 
         250     0.318844     0.993438     0.138151  1.94372e-05      4.96973     0.139063  1.95655e-05      1.98405      1.00657    0.0455275      1.67213    0.0831653     -4.41132 
         250     0.344862     0.992999     0.149306  2.26744e-05      4.97135     0.150358  2.28343e-05      1.98405      1.00701    0.0486007       1.6725    0.0899005     -4.41132 
         250       0.3719     0.992556      0.16088  2.62128e-05      4.97316     0.162085  2.64095e-05      1.98405      1.00746    0.0516937      1.67287    0.0968907     -4.41132 
         250     0.399958     0.992113     0.172869  3.00724e-05      4.97519     0.174243  3.03115e-05      1.98405      1.00791    0.0547949      1.67325     0.104135     -4.41132 
         250     0.429036      0.99167      0.18527  3.33714e-05      4.97743     0.186824  3.36509e-05      1.98405      1.00836    0.0578987      1.67362     0.111629     -4.05028 
         250     0.459135      0.99123     0.198086  3.93612e-05      4.97992      0.19984  3.97098e-05      1.98405      1.00881    0.0609788      1.67399     0.119379     -4.05028 
         250     0.490255     0.990794     0.211303   4.5606e-05      4.98266     0.213269  4.60305e-05      1.98405      1.00925    0.0640328      1.67436     0.127373     -4.05028 
         250     0.522394     0.990364     0.224917  5.21105e-05      4.98567     0.227107   5.2618e-05      1.98405      1.00969    0.0670475      1.67472     0.135608     -4.05028 
         250     0.555554     0.989942     0.238925  5.88805e-05      4.98896     0.241353  5.94787e-05      1.98405      1.01012    0.0700095      1.67508     0.144084     -4.05028 
         250     0.589734     0.989529     0.253323  6.59214e-05      4.99255     0.256002  6.66183e-05      1.98405      1.01054    0.0729048      1.67543     0.152798     -4.05028 
         250     0.624934     0.989128     0.268107  7.32387e-05      4.99646     0.271052   7.4043e-05      1.98405      1.01095    0.0757192      1.67577     0.161749     -4.05028 
         250     0.661155     0.988741     0.283275  8.08387e-05      5.00071       0.2865  8.17592e-05      1.98405      1.01135    0.0784379       1.6761     0.170933     -4.05028 
         250     0.698396     0.988362     0.298792   7.9742e-05      5.00525     0.302299  8.06682e-05      1.98405      1.01174    0.0810969      1.67642     0.180327     -3.71457 
         250     0.736658     0.988012     0.314739  9.58598e-05      5.01026     0.318558  9.70237e-05      1.98405      1.01209    0.0835626      1.67672     0.189989     -3.71457 
         250     0.775939     0.987679     0.331013   0.00011156      5.01561     0.335148  0.000112958      1.98405      1.01244    0.0859016        1.677     0.199848     -3.71457 
         250     0.816241     0.987367     0.347607  0.000126776      5.02134     0.352061  0.000128405      1.98405      1.01276    0.0880988      1.67726     0.209901     -3.71457 
         250     0.857563     0.987077     0.364514  0.000141439      5.02745      0.36929  0.000143294      1.98405      1.01305    0.0901386      1.67751     0.220141     -3.71457 
         250     0.899906     0.986812     0.381724  0.000155479      5.03396     0.386826  0.000157555      1.98405      1.01333     0.092005      1.67773     0.230564     -3.71457 
         250     0.943269     0.986573      0.39923  0.000168823      5.04089     0.404659  0.000171115      1.98405      1.01357    0.0936817      1.67794     0.241166     -3.71457 
         250     0.987652     0.986364     0.417023  0.000181398      5.04826     0.422781  0.000183898      1.98405      1.01378    0.0951519      1.67811      0.25194     -3.71457 
         250      1.03306     0.986187     0.435094  0.000193129      5.05609     0.441184  0.000195829      1.98405      1.01397    0.0963983      1.67827     0.262882     -3.71457 
         250      1.07948     0.986044     0.453435  0.000203938       5.0644     0.459857   0.00020683      1.98405      1.01411    0.0974036      1.67839     0.273986     -3.71457 
         250      1.12692     0.985888     0.471868  0.000158943       5.0728     0.478603  0.000161223      1.98405      1.01427     0.098503      1.67852     0.285138     -3.50506 
         250      1.17539     0.985836     0.490923  0.000211065      5.08234     0.497975   0.00021411      1.98405      1.01433    0.0988744      1.67856     0.296666     -3.50506 
         250      1.22487     0.985812     0.510049  0.000258867      5.09218     0.517399  0.000262603      1.98405      1.01435    0.0990434      1.67859     0.308232     -3.50506 
         250      1.27538     0.985819     0.529227  0.000302011      5.10234     0.536852  0.000306358      1.98405      1.01435    0.0989969      1.67858     0.319822     -3.50506 
         250       1.3269     0.985858     0.548434  0.000340149      5.11282     0.556312  0.000345023      1.98405      1.01431    0.0987216      1.67855     0.331422     -3.50506 
         250      1.37945     0.985932      0.56765  0.000372932      5.12362     0.575756  0.000378241      1.98405      1.01423    0.0982037      1.67848     0.343021     -3.50506 
         250      1.43301     0.986042     0.586853  0.000399998      5.13476     0.595159  0.000405645      1.98405      1.01412    0.0974293      1.67839     0.354603     -3.50506 
         250       1.4876      0.98619      0.60602  0.000420981      5.14624     0.614499  0.000426863      1.98405      1.01397    0.0963842      1.67826     0.366155     -3.50506 
         250      1.54321     0.986379     0.625129  0.000435508      5.15807     0.633749  0.000441516      1.98405      1.01377    0.0950538       1.6781     0.377663     -3.50506 
         250      1.59983      0.98661     0.644156  0.000443198      5.17026     0.652887  0.000449216      1.98405      1.01353    0.0934235      1.67791     0.389112     -3.50506 
         250      1.65748     0.986886     0.663078  0.000443664      5.18281     0.671884   0.00044957      1.98405      1.01325    0.0914782      1.67767     0.400488     -3.50506 
         250      1.71615     0.987209     0.681871  0.000436511      5.19574     0.690717  0.000442177      1.98405      1.01292    0.0892026       1.6774     0.411775     -3.50506 
         250      1.77584     0.987379     0.700013   0.00028201      5.20741      0.70899  0.000286111      1.98404      1.01274    0.0880008      1.67725     0.422694     -5.16639 
         250      1.83654     0.987832     0.719207  0.000400894      5.22175     0.728075  0.000405969      1.98405      1.01228    0.0848198      1.67687     0.434181     -5.16639 
         250      1.89827     0.988293     0.737956  0.000508823      5.23587     0.746691  0.000514746      1.98405      1.01181    0.0815833      1.67648     0.445393     -5.16639 
         250      1.96102     0.988763      0.75622  0.000605153      5.24976       0.7648   0.00061179      1.98405      1.01133    0.0782912      1.67608     0.456307     -5.16639 
         250      2.02479      0.98924     0.773961  0.000689224       5.2634     0.782362  0.000696433      1.98405      1.01084    0.0749434      1.67568       0.4669     -5.16639 
         250      2.08958     0.989725     0.791138  0.000760366      5.27676     0.799336     0.000768      1.98405      1.01034    0.0715397      1.67526     0.477147     -5.16639 
         250      2.15539     0.990219     0.807712  0.000817901      5.28982      0.81568  0.000825803      1.98406      1.00984    0.0680802      1.67485     0.487024     -5.16639 
         250      2.22222      0.99072     0.823642  0.000861138      5.30255     0.831353  0.000869145      1.98406      1.00933    0.0645645      1.67442     0.496506     -5.16639 
         250      2.29007      0.99123     0.838885  0.000889376      5.31493     0.846312  0.000897317      1.98406      1.00881    0.0609928      1.67399     0.505567     -5.16639 
         250      2.35894     0.991748       0.8534  0.000901903      5.32693     0.860513  0.000909599      1.98405      1.00828    0.0573647      1.67356     0.514183     -5.16639 
         250      2.42883     0.992273     0.867144  0.000897997      5.33854     0.873913   0.00090526      1.98405      1.00775    0.0536803      1.67311     0.522326     -5.16639 
         250      2.49974     0.992807     0.880074  0.000876925      5.34972     0.886466   0.00088356      1.98405      1.00721    0.0499394      1.67266      0.52997     -5.16639 
         250      2.57167     0.993349     0.892144  0.000837941      5.36045     0.898129  0.000843746      1.98405      1.00665    0.0461419       1.6722     0.537089     -5.16639 
         250      2.64462     0.993899     0.903311  0.000780294       5.3707     0.908854  0.000785056      1.98404       1.0061    0.0422877      1.67174     0.543656     -5.16639 
         250      2.71859     0.994458     0.913529  0.000703215      5.38045     0.918595  0.000706715      1.98404      1.00553    0.0383766      1.67127     0.549642     -5.16639 
         250      2.79359     0.994837     0.923961  0.000934835      5.38921     0.928755  0.000939683      1.98405      1.00515    0.0357512      1.67095     0.555824       -4.046 
         250       2.8696     0.995289     0.932601  0.000964809       5.3971     0.937012  0.000969365      1.98406       1.0047    0.0326182      1.67058     0.560892       -4.046 
         250      2.94663     0.995724     0.940751  0.000992932      5.40457      0.94479  0.000997189      1.98406      1.00426    0.0295951      1.67021      0.56567       -4.046 
         250      3.02468     0.996141     0.948388   0.00101911       5.4116     0.952064   0.00102306      1.98406      1.00384     0.026688      1.66986     0.570144       -4.046 
         250      3.10376     0.996539     0.955487   0.00104326      5.41816      0.95881    0.0010469      1.98406      1.00344    0.0239031      1.66953     0.574298       -4.046 
         250      3.18385     0.996918     0.962024   0.00106529      5.42424     0.965004    0.0010686      1.98405      1.00305    0.0212465      1.66921     0.578119       -4.046 
         250      3.26497     0.997275     0.967973   0.00108509      5.42981     0.970622   0.00108808      1.98404      1.00269    0.0187246       1.6689     0.581591       -4.046 
         250       3.3471      0.99761     0.973308   0.00110259      5.43486     0.975639   0.00110524      1.98402      1.00234    0.0163438      1.66862       0.5847       -4.046 
         250      3.43025     0.997869     0.978018   0.00105905        5.439     0.980106    0.0010613      1.98388      1.00201     0.014211      1.66834     0.587473     -3.56931 
         250      3.51443     0.998159     0.982058   0.00107305      5.44292     0.983868   0.00107503      1.98392      1.00174    0.0122787      1.66812     0.589808     -3.56931 
         250      3.59963     0.998481     0.986081  0.000989462        5.447     0.987582  0.000991003      1.98403      1.00147    0.0103263       1.6679     0.592113     -3.99713 
         250      3.68584     0.998652     0.987891   0.00104295      5.44872     0.989225   0.00104436      1.98404       1.0013   0.00914486      1.66775     0.593149     -3.99713 
         250      3.77308     0.998813     0.989593   0.00109013      5.45033     0.990768    0.0010914      1.98404      1.00114   0.00802671      1.66762     0.594122     -3.99713 
         250      3.86133     0.998966     0.991182   0.00113075      5.45184     0.992208   0.00113189      1.98404      1.00099   0.00697458      1.66749      0.59503     -3.99713 
         250      3.95061     0.999108     0.992654   0.00116456      5.45324      0.99354   0.00116558      1.98404      1.00085   0.00599123      1.66738     0.595871     -3.99713 
         250      4.04091      0.99924     0.994003   0.00119132      5.45452     0.994759   0.00119222      1.98405      1.00072   0.00507947      1.66727     0.596641     -3.99713 
         250      4.13222     0.999361     0.995225   0.00121077      5.45568     0.995861   0.00121155      1.98405       1.0006   0.00424211      1.66717     0.597338     -3.99713 
         250      4.22456     0.999472     0.996316   0.00122265      5.45671     0.996843   0.00122332      1.98405      1.00049   0.00348201      1.66708     0.597959     -3.99713 
         250      4.31792     0.999571      0.99727   0.00122671      5.45762     0.997699   0.00122727      1.98406      1.00039   0.00280205      1.66699     0.598502     -3.99713 
         250       4.4123     0.999658     0.998082   0.00122268      5.45839     0.998425   0.00122314      1.98406      1.00031   0.00220516      1.66692     0.598963     -3.99713 
         250      4.50769     0.999732     0.998748    0.0012103      5.45903     0.999017   0.00121066      1.98406      1.00023   0.00169429      1.66686      0.59934     -3.99713 
         250      4.60411     0.999794     0.999263    0.0011893      5.45952     0.999469   0.00118956      1.98406      1.00017   0.00127242      1.66681      0.59963     -3.99713 
         250      4.70155     0.999843     0.999621    0.0011594      5.45987     0.999778   0.00115958      1.98407      1.00013  0.000942552      1.66677     0.599829     -3.99713 
         250      4.80001     0.999878     0.999817   0.00112034      5.46006     0.999938   0.00112044      1.98407      1.00009  0.000707749      1.66674     0.599936     -3.99713 
         250      4.89949     0.999898     0.999846   0.00107183      5.46009     0.999945   0.00107186      1.98407      1.00007  0.000571084      1.66673     0.599946     -3.99713 
         250            5     0.999941      1.00011   0.00115275      5.46039      1.00017   0.00115282       1.9841      1.00004   0.00033649       1.6667     0.600088     -4.02013 
         300            0     0.999964  7.69476e-09 -4.20186e-09      4.96014 -1.66378e-08 -4.18194e-09      1.98406            1  7.04738e-05      1.66667 -2.29736e-09      -5.5525 
         300      0.00051     0.999953  0.000213973 -3.89954e-09      4.96014  0.000213962 -3.88212e-09      1.98406      1.00001  0.000151325      1.66668  0.000128383      -5.5525 
         300      0.00204     0.999918   0.00085583  -2.4982e-09      4.96014  0.000855887 -2.48744e-09      1.98406      1.00005   0.00039367      1.66671  0.000513524      -5.5525 
         300     0.004591      0.99986   0.00192587  1.48721e-09      4.96014   0.00192614  1.48973e-09      1.98406       1.0001  0.000797045      1.66675   0.00115563      -5.5525 
         300     0.008162     0.999779   0.00342348  1.05288e-08      4.96015   0.00342424  1.05258e-08      1.98406      1.00019   0.00136025      1.66682   0.00205435      -5.5525 
         300     0.012753     0.999675   0.00534836  2.80881e-08      4.96016   0.00535011  2.80883e-08      1.98406      1.00029   0.00208184      1.66691    0.0032096      -5.5525 
         300     0.018365     0.999548   0.00770057  5.86217e-08      4.96017   0.00770406  5.86416e-08      1.98406      1.00042    0.0029601      1.66701   0.00462147      -5.5525 
         300     0.024997       0.9994    0.0104792  1.07566e-07       4.9602    0.0104855  1.07632e-07      1.98406      1.00056   0.00399259      1.66714   0.00628954      -5.5525 
         300     0.032649      0.99923    0.0136838  1.81351e-07      4.96024    0.0136944  1.81499e-07      1.98406      1.00074   0.00517661      1.66728    0.0082136      -5.5525 
         300     0.041322     0.999038    0.0173141  2.87406e-07      4.96029    0.0173308  2.87687e-07      1.98406      1.00093    0.0065092      1.66744    0.0103937      -5.5525 
         300     0.051015     0.998825    0.0213691  4.25037e-07      4.96037    0.0213942  4.25577e-07      1.98406      1.00114   0.00798675      1.66762    0.0128292     -5.18253 
         300     0.061728     0.998592     0.025848  6.40844e-07      4.96048    0.0258844   6.4173e-07      1.98406      1.00137    0.0096052      1.66781      0.01552     -5.18253 
         300     0.073461      0.99834      0.03075  9.16455e-07      4.96061    0.0308011  9.17954e-07      1.98406      1.00163    0.0113604      1.66802    0.0184657     -5.18253 
         300     0.086215     0.998069    0.0360747   1.2626e-06      4.96079    0.0361445  1.26505e-06      1.98406       1.0019    0.0132477      1.66825    0.0216661     -5.18253 
         300     0.099989     0.997779    0.0418207   1.6909e-06      4.96102    0.0419138  1.69469e-06      1.98406      1.00219    0.0152618      1.66849    0.0251208     -5.18253 
         300     0.114783     0.997473     0.047987  2.21391e-06       4.9613    0.0481086  2.21952e-06      1.98406       1.0025    0.0173972      1.66875    0.0288292     -5.18253 
         300     0.130598     0.997149     0.054573  2.82883e-06      4.96163    0.0547289  2.83698e-06      1.98406      1.00282    0.0196482      1.66902    0.0327911     -4.81396 
         300     0.147433     0.996811    0.0615771  3.65749e-06      4.96204    0.0617743  3.66913e-06      1.98406      1.00316    0.0220081       1.6693     0.037006     -4.81396 
         300     0.165288     0.996457    0.0689983  4.62063e-06      4.96253    0.0692437    4.637e-06      1.98406      1.00352    0.0244704       1.6696    0.0414733     -4.81396 
         300     0.184164      0.99609    0.0768356  5.73318e-06       4.9631    0.0771371   5.7557e-06      1.98406      1.00389    0.0270283       1.6699    0.0461925     -4.81396 
         300      0.20406     0.995711    0.0850872   7.0108e-06      4.96378    0.0854536  7.04107e-06      1.98406      1.00427    0.0296739      1.67022     0.051163     -4.81396 
         300     0.224976      0.99532    0.0937518  8.47007e-06      4.96456    0.0941926   8.5099e-06      1.98406      1.00467    0.0323993      1.67055    0.0563842     -4.81396 
         300     0.246913     0.994919     0.102828  1.00077e-05      4.96545     0.103353  1.00589e-05      1.98406      1.00507    0.0351974      1.67089    0.0618552     -4.44722 
         300     0.269869      0.99451     0.112315  1.21608e-05      4.96648     0.112935  1.22279e-05      1.98406      1.00549    0.0380571      1.67123    0.0675759     -4.44722 
         300     0.293846     0.994092     0.122209  1.45316e-05      4.96765     0.122936  1.46179e-05      1.98406      1.00591    0.0409713      1.67158    0.0735446     -4.44722 
         300     0.318844     0.993669      0.13251  1.71361e-05      4.96898     0.133355  1.72452e-05      1.98406      1.00634    0.0439306      1.67194    0.0797605     -4.44722 
         300     0.344862      0.99324     0.143215  1.99906e-05      4.97047      0.14419  2.01267e-05      1.98406      1.00677    0.0469248       1.6723    0.0862225     -4.44722 
         300       0.3719     0.992809     0.154322  2.31124e-05      4.97214      0.15544  2.32799e-05      1.98406      1.00721    0.0499438      1.67266    0.0929296     -4.44722 
         300     0.399958     0.992375     0.165829  2.65195e-05        4.974     0.167104  2.67232e-05      1.98406      1.00765    0.0529768      1.67303     0.099881     -4.44722 
         300     0.429036     0.991941     0.177733    2.948e-05      4.97606     0.179175  2.97189e-05      1.98406      1.00809    0.0560182      1.67339     0.107073     -4.08531 
         300     0.459135     0.991508     0.190036  3.47214e-05      4.97835     0.191664  3.50191e-05      1.98406      1.00853     0.059045      1.67376     0.114511     -4.08531 
         300     0.490255     0.991079     0.202726  4.01986e-05      4.98088     0.204553   4.0561e-05      1.98406      1.00897     0.062054      1.67412     0.122185     -4.08531 
         300     0.522394     0.990654       0.2158  4.59171e-05      4.98365     0.217837  4.63507e-05      1.98406       1.0094    0.0650331      1.67448     0.130092     -4.08531 
         300     0.555554     0.990235     0.229255  5.18831e-05      4.98668     0.231516  5.23948e-05      1.98406      1.00983    0.0679699      1.67483     0.138232     -4.08531 
         300     0.589734     0.989824     0.243087  5.81028e-05      4.98999     0.245585  5.86997e-05      1.98406      1.01024    0.0708517      1.67518     0.146602     -4.08531 
         300     0.624934     0.989423     0.257294  6.45825e-05      4.99359     0.260043  6.52723e-05      1.98406      1.01065    0.0736651      1.67552     0.155202     -4.08531 
         300     0.661155     0.989034     0.271872  7.13289e-05      4.99751     0.274887  7.21198e-05      1.98406      1.01105    0.0763965      1.67585     0.164028     -4.08531 
         300     0.698396     0.988653     0.286794  7.09114e-05       5.0017     0.290076  7.17146e-05      1.98406      1.01144    0.0790745      1.67617     0.173061     -3.74535 
         300     0.736658     0.988295     0.302126  8.48243e-05      5.00632     0.305704  8.58295e-05      1.98406      1.01181    0.0815871      1.67648     0.182349     -3.74535 
         300     0.775939     0.987954     0.317782   9.8435e-05      5.01127     0.321661  9.96409e-05      1.98406      1.01216    0.0839875      1.67677     0.191833     -3.74535 
         300     0.816241      0.98763     0.333756  0.000111691      5.01656     0.337941  0.000113096      1.98406      1.01249    0.0862617      1.67704     0.201509     -3.74535 
         300     0.857563     0.987327      0.35004  0.000124537      5.02221     0.354537  0.000126139      1.98406       1.0128    0.0883951       1.6773     0.211373     -3.74535 
         300     0.899906     0.987046     0.366629  0.000136919      5.02823     0.371441  0.000138715      1.98406      1.01309    0.0903729      1.67754      0.22142     -3.74535 
         300     0.943269     0.986789     0.383515  0.000148777      5.03466     0.388646  0.000150764      1.98406      1.01335    0.0921798      1.67776     0.231647     -3.74535 
         300     0.987652     0.986559      0.40069  0.000160055      5.04149     0.406143  0.000162229      1.98406      1.01359    0.0938001      1.67795     0.242049     -3.74535 
         300      1.03306     0.986357     0.418147  0.000170691      5.04876     0.423926  0.000173048      1.98406       1.0138     0.095218      1.67812      0.25262     -3.74535 
         300      1.07948     0.986187     0.435878  0.000180624      5.05648     0.441987  0.000183159      1.98406      1.01397    0.0964171      1.67827     0.263358     -3.74535 
         300      1.12692     0.986008     0.453733  0.000143308      5.06433     0.460153  0.000145337      1.98406      1.01415    0.0976769      1.67842     0.274162     -3.51347 
         300      1.17539     0.985919     0.472159  0.000188127      5.07318     0.478902  0.000190823      1.98406      1.01425    0.0983062       1.6785     0.285315     -3.51347 
         300      1.22487     0.985857     0.490691  0.000229375      5.08235     0.497739  0.000232677      1.98406      1.01431    0.0987427      1.67855     0.296527     -3.51347 
         300      1.27538     0.985824      0.50931  0.000266768      5.09184     0.516646  0.000270611      1.98406      1.01434    0.0989734      1.67858     0.307785     -3.51347 
         300       1.3269     0.985823     0.527998  0.000300018      5.10166     0.535602  0.000304332      1.98406      1.01435    0.0989853      1.67858     0.319078     -3.51347 
         300      1.37945     0.985854     0.546737  0.000328831      5.11182     0.554588  0.000333542      1.98406      1.01431    0.0987649      1.67855     0.330396     -3.51347 
         300      1.43301      0.98592     0.565509  0.000352908      5.12233     0.573584  0.000357935      1.98406      1.01425    0.0982984       1.6785     0.341726     -3.51347 
         300       1.4876     0.986023     0.584293  0.000371943      5.13319     0.592568  0.000377202      1.98406      1.01414    0.0975721      1.67841     0.353057     -3.51347 
         300      1.54321     0.986165     0.603071  0.000385625      5.14442     0.611519  0.000391025      1.98406      1.01399    0.0965717      1.67829     0.364375     -3.51347 
         300      1.59983     0.986348     0.621822  0.000393637      5.15602     0.630417  0.000399083      1.98406      1.01381    0.0952827      1.67813      0.37567     -3.51347 
         300      1.65748     0.986574     0.640527  0.000395655      5.16801     0.649239  0.000401046      1.98406      1.01357    0.0936903      1.67794     0.386927     -3.51347 
         300      1.71615     0.986845     0.659164  0.000391351      5.18039     0.667962  0.000396581      1.98405      1.01329    0.0917796      1.67771     0.398135     -3.51347 
         300      1.77584     0.986977     0.677186  0.000236312      5.19164     0.686143  0.000239868      1.98405      1.01316    0.0908537       1.6776      0.40899     -4.15452 
         300      1.83654     0.987378     0.696387  0.000348152      5.20553     0.705295   0.00035273      1.98406      1.01275    0.0880313      1.67726     0.420499     -4.15452 
         300      1.89827     0.987791     0.715196  0.000449736      5.21927     0.724031  0.000455211      1.98406      1.01232    0.0851315      1.67691     0.431765     -4.15452 
         300      1.96102     0.988215     0.733578  0.000540458      5.23285     0.742316  0.000546697      1.98406      1.01189    0.0821527      1.67655     0.442768     -4.15452 
         300      2.02479     0.988651     0.751497    0.0006197      5.24625     0.760111  0.000626563      1.98406      1.01144    0.0790935      1.67618     0.453484     -4.15452 
         300      2.08958     0.989099     0.768915  0.000686836      5.25943     0.777378  0.000694174      1.98406      1.01099    0.0759523       1.6758     0.463891     -4.15452 
         300      2.15539     0.989558     0.785795  0.000741229       5.2724     0.794078  0.000748887      1.98406      1.01052    0.0727275      1.67541     0.473967     -4.15452 
         300      2.22222      0.99003     0.802099  0.000782233      5.28512     0.810173  0.000790048      1.98406      1.01004    0.0694176      1.67501     0.483688     -4.15452 
         300      2.29007     0.990514     0.817789   0.00080919      5.29757     0.825623  0.000816992      1.98406      1.00954    0.0660208       1.6746      0.49303     -4.15452 
         300      2.35894     0.991011     0.832824  0.000821433      5.30973     0.840386  0.000829043      1.98406      1.00904    0.0625356      1.67418      0.50197     -4.15452 
         300      2.42883     0.991522     0.847166  0.000818286      5.32159     0.854422  0.000825516      1.98406      1.00852    0.0589603      1.67375     0.510483     -4.15452 
         300      2.49974     0.992045     0.860774  0.000799061      5.33312     0.867689  0.000805718      1.98406      1.00798    0.0552932      1.67331     0.518545     -4.15452 
         300      2.57167     0.992582     0.873607  0.000763061       5.3443     0.880145  0.000768941      1.98406      1.00744    0.0515325      1.67285     0.526131     -4.15452 
         300      2.64462     0.993132     0.885623   0.00070958       5.3551     0.891746  0.000714472      1.98405      1.00688    0.0476765      1.67239     0.533215     -4.15452 
         300      2.71859     0.993697     0.896779    0.0006379      5.36551      0.90245  0.000641585      1.98405       1.0063    0.0437235      1.67191     0.539771     -4.15452 
         300      2.79359     0.994079     0.907864  0.000857143      5.37471     0.913269  0.000862238      1.98405      1.00592    0.0410409      1.67159     0.546349     -4.06206 
         300       2.8696      0.99456      0.91789  0.000889998      5.38376     0.922908  0.000894851      1.98406      1.00544     0.037718      1.67119     0.552247     -4.06206 
         300      2.94663     0.995025      0.92734  0.000919402      5.39232     0.931976  0.000923994      1.98407      1.00497    0.0344973       1.6708     0.557801     -4.06206 
         300      3.02468     0.995472     0.936187    0.0009452      5.40038     0.940447  0.000949509      1.98408      1.00452    0.0313846      1.67043     0.562996     -4.06206 
         300      3.10376     0.995902       0.9444  0.000967234       5.4079     0.948292  0.000971239      1.98407      1.00409    0.0283857      1.67007     0.567814     -4.06206 
         300      3.18385     0.996312     0.951951  0.000985344      5.41487     0.955482  0.000989024      1.98407      1.00367    0.0255067      1.66972     0.572238     -4.06206 
         300      3.26497     0.996702     0.958811  0.000999368      5.42125     0.961988    0.0010027      1.98405      1.00327    0.0227538      1.66939      0.57625     -4.06206 
         300       3.3471     0.997068     0.964942   0.00100541        5.427     0.967782   0.00100837      1.98404       1.0029    0.0201799      1.66908     0.579829     -3.68583 
         300      3.43025     0.997409     0.970331   0.00101913       5.4321     0.972854   0.00102178      1.98405      1.00256    0.0178275       1.6688     0.582966     -3.68583 
         300      3.51443     0.997722     0.974942   0.00102871      5.43651     0.977167   0.00103105      1.98406      1.00225    0.0156696      1.66854     0.585643     -3.68583 
         300      3.59963     0.997991     0.978779   0.00104723      5.44013     0.980749   0.00104934      1.98406      1.00198    0.0138047      1.66832     0.587868     -4.21479 
         300      3.68584      0.99822     0.981691   0.00106085      5.44288     0.983441   0.00106274      1.98406      1.00175    0.0122131      1.66813     0.589549     -4.21479 
         300      3.77308     0.998436     0.984406   0.00107261      5.44545     0.985948   0.00107428      1.98406      1.00153    0.0107125      1.66794     0.591116     -4.21479 
         300      3.86133     0.998638     0.986917   0.00108242      5.44782     0.988264   0.00108389      1.98406      1.00133   0.00930671      1.66778     0.592564     -4.21479 
         300      3.95061     0.998825     0.989215   0.00109021         5.45      0.99038    0.0010915      1.98406      1.00114   0.00799961      1.66762     0.593889     -4.21479 
         300      4.04091     0.998998     0.991292   0.00109592      5.45197     0.992288   0.00109702      1.98406      1.00097    0.0067952      1.66747     0.595084     -4.21479 
         300      4.13222     0.999155      0.99314   0.00109946      5.45372     0.993981    0.0011004      1.98406      1.00081    0.0056975      1.66734     0.596147     -4.21479 
         300      4.22456     0.999296     0.994749   0.00110077      5.45525     0.995451   0.00110155      1.98406      1.00067   0.00471055      1.66722     0.597071     -4.21479 
         300      4.31792     0.999421     0.996112   0.00109977      5.45654     0.996689   0.00110041      1.98405      1.00054   0.00383844      1.66712     0.597852     -4.21479 
         300       4.4123     0.999528     0.997219   0.00109637      5.45759     0.997688   0.00109688      1.98405      1.00043   0.00308534      1.66703     0.598484     -4.21479 
         300      4.50769     0.999617     0.998061   0.00109051       5.4584     0.998438    0.0010909      1.98404      1.00034   0.00245544      1.66695     0.598963     -4.21479 
         300      4.60411     0.999704     0.998748   0.00112611      5.45906     0.999044   0.00112644      1.98406      1.00026   0.00190089      1.66689     0.599348     -4.43195 
         300      4.70155     0.999738     0.998916   0.00112751       5.4592     0.999177    0.0011278      1.98406      1.00023   0.00165659      1.66686     0.599438     -4.43195 
         300      4.80001     0.999771     0.999074   0.00112863      5.45934     0.999302   0.00112889      1.98406       1.0002   0.00142634      1.66683     0.599523     -4.43195 
         300      4.89949     0.999802     0.999221   0.00112947      5.45947     0.999419   0.00112969      1.98406      1.00016   0.00121066       1.6668     0.599602     -4.43195 
         300            5      0.99983     0.999357   0.00113001      5.45959     0.999527    0.0011302      1.98406      1.00014   0.00101005      1.66678     0.599676     -4.43195 
         350            0     0.999968     6.82e-09 -3.73456e-09      4.96016 -1.48435e-08 -3.71752e-09      1.98406            1  6.27351e-05      1.66667  -2.0634e-09     -5.58612 
         350      0.00051     0.999957  0.000205839 -3.46646e-09      4.96016  0.000205829 -3.45156e-09      1.98406      1.00001  0.000140517      1.66668  0.000123503     -5.58612 
         350      0.00204     0.999924  0.000823299 -2.22351e-09      4.96016   0.00082335 -2.21431e-09      1.98406      1.00004   0.00037367       1.6667  0.000494003     -5.58612 
         350     0.004591     0.999868   0.00185268  1.31194e-09      4.96016   0.00185292   1.3141e-09      1.98406       1.0001   0.00076177      1.66675    0.0011117     -5.58612 
         350     0.008162      0.99979   0.00329338  9.33338e-09      4.96017   0.00329407  9.33079e-09      1.98406      1.00018    0.0013037      1.66682   0.00197627     -5.58612 
         350     0.012753      0.99969   0.00514514  2.49121e-08      4.96017   0.00514674  2.49122e-08      1.98406      1.00028   0.00199813       1.6669   0.00308761     -5.58612 
         350     0.018365     0.999568   0.00740802  5.20025e-08      4.96019   0.00741123  5.20193e-08      1.98406       1.0004   0.00284347        1.667   0.00444584     -5.58612 
         350     0.024997     0.999425    0.0100812  9.54284e-08      4.96021     0.010087   9.5484e-08      1.98406      1.00054   0.00383745      1.66712   0.00605055     -5.58612 
         350     0.032649     0.999261    0.0131642  1.60894e-07      4.96025    0.0131739   1.6102e-07      1.98406      1.00071   0.00497758      1.66726   0.00790156     -5.58612 
         350     0.041322     0.999076    0.0166568  2.54993e-07       4.9603    0.0166722  2.55232e-07      1.98406      1.00089   0.00626113      1.66741   0.00999887     -5.58612 
         350     0.051015     0.998871    0.0205581  3.77099e-07      4.96037    0.0205813  3.77559e-07      1.98406       1.0011   0.00768475      1.66758     0.012342     -5.21596 
         350     0.061728     0.998647    0.0248673  5.68527e-07      4.96047     0.024901  5.69282e-07      1.98406      1.00132   0.00924467      1.66777    0.0149307     -5.21596 
         350     0.073461     0.998404    0.0295837  8.13015e-07       4.9606     0.029631  8.14293e-07      1.98406      1.00157     0.010937      1.66797    0.0177647     -5.21596 
         350     0.086215     0.998142     0.034707  1.12009e-06      4.96076    0.0347716  1.12217e-06      1.98406      1.00183    0.0127576      1.66819    0.0208439     -5.21596 
         350     0.099989     0.997863    0.0402358  1.50005e-06      4.96097    0.0403219  1.50328e-06      1.98406      1.00211    0.0147014      1.66842    0.0241677     -5.21596 
         350     0.114783     0.997566    0.0461692  1.96404e-06      4.96123    0.0462818  1.96884e-06      1.98406      1.00241    0.0167634      1.66867    0.0277357     -5.21596 
         350     0.130598     0.997254    0.0525066  2.50981e-06      4.96154    0.0526511  2.51677e-06      1.98406      1.00272    0.0189383      1.66893    0.0315478     -4.84724 
         350     0.147433     0.996927    0.0592466  3.24497e-06      4.96192    0.0594294  3.25492e-06      1.98406      1.00305    0.0212198      1.66921    0.0356033     -4.84724 
         350     0.165288     0.996585    0.0663882  4.09958e-06      4.96237    0.0666158  4.11358e-06      1.98406       1.0034     0.023602      1.66949    0.0399018     -4.84724 
         350     0.184164     0.996229    0.0739306  5.08688e-06       4.9629    0.0742104  5.10615e-06      1.98406      1.00375    0.0260785      1.66979    0.0444429     -4.84724 
         350      0.20406     0.995862     0.081872  6.22081e-06      4.96353    0.0822121  6.24673e-06      1.98406      1.00412    0.0286421       1.6701    0.0492259     -4.84724 
         350     0.224976     0.995483    0.0902113  7.51609e-06      4.96425    0.0906206  7.55021e-06      1.98406      1.00451    0.0312854      1.67042    0.0542503     -4.84724 
         350     0.246913     0.995093    0.0989474   8.8842e-06      4.96508    0.0994347  8.92812e-06      1.98406       1.0049    0.0340018      1.67074    0.0595154     -4.48025 
         350     0.269869     0.994695     0.108078  1.07924e-05      4.96603     0.108655  1.08499e-05      1.98406       1.0053    0.0367811      1.67108    0.0650209     -4.48025 
         350     0.293846     0.994289     0.117603  1.28949e-05      4.96712     0.118279  1.29689e-05      1.98406      1.00571    0.0396167      1.67142    0.0707654     -4.48025 
         350     0.318844     0.993876     0.127519  1.52059e-05      4.96834     0.128305  1.52996e-05      1.98406      1.00613    0.0424998      1.67177    0.0767482     -4.48025 
         350     0.344862     0.993458     0.137825  1.77403e-05      4.96972     0.138733  1.78572e-05      1.98406      1.00655    0.0454211      1.67212    0.0829683     -4.48025 
         350       0.3719     0.993036     0.148519  2.05134e-05      4.97127      0.14956  2.06574e-05      1.98406      1.00698    0.0483711      1.67247    0.0894248     -4.48025 
         350     0.399958     0.992612     0.159599  2.35415e-05      4.97299     0.160787  2.37167e-05      1.98406      1.00741    0.0513399      1.67283    0.0961169     -4.48025 
         350     0.429036     0.992186     0.171062  2.62085e-05       4.9749     0.172408  2.64143e-05      1.98406      1.00784    0.0543218      1.67319     0.103042     -4.11764 
         350     0.459135     0.991761      0.18291  3.08344e-05      4.97703     0.184431  3.10908e-05      1.98406      1.00828    0.0572965      1.67355     0.110203     -4.11764 
         350     0.490255     0.991338     0.195133   3.5678e-05      4.97937      0.19684  3.59902e-05      1.98406      1.00871    0.0602603      1.67391     0.117593     -4.11764 
         350     0.522394     0.990918     0.207728  4.07448e-05      4.98194     0.209633  4.11186e-05      1.98406      1.00913     0.063202      1.67426     0.125209     -4.11764 
         350     0.555554     0.990503     0.220692  4.60416e-05      4.98475     0.222808   4.6483e-05      1.98406      1.00956    0.0661102      1.67461     0.133051     -4.11764 
         350     0.589734     0.990095     0.234022  5.15745e-05      4.98782     0.236362  5.20901e-05      1.98406      1.00997    0.0689728      1.67496     0.141116     -4.11764 
         350     0.624934     0.989695     0.247716  5.73503e-05      4.99116     0.250294   5.7947e-05      1.98406      1.01038    0.0717777      1.67529     0.149403     -4.11764 
         350     0.661155     0.989305      0.26177   6.3376e-05      4.99479       0.2646  6.40611e-05      1.98406      1.01078    0.0745123      1.67562     0.157911     -4.11764 
         350     0.698396     0.988922     0.276162  6.34209e-05      4.99869     0.279246  6.41224e-05      1.98406      1.01117    0.0771989      1.67595     0.166622      -3.7743 
         350     0.736658      0.98856     0.290946  7.55526e-05      5.00298     0.294312  7.64273e-05      1.98406      1.01154     0.079743      1.67626     0.175577      -3.7743 
         350     0.775939     0.988213      0.30605  8.74661e-05      5.00757     0.309705  8.85141e-05      1.98406       1.0119    0.0821874      1.67655     0.184726      -3.7743 
         350     0.816241     0.987881     0.321469  9.91192e-05      5.01248     0.325418   0.00010034      1.98406      1.01224    0.0845189      1.67683     0.194065      -3.7743 
         350     0.857563     0.987567     0.337197  0.000110468      5.01774     0.341445  0.000111862      1.98406      1.01256     0.086724       1.6771     0.203592      -3.7743 
         350     0.899906     0.987274     0.353227  0.000121467      5.02335      0.35778  0.000123032      1.98406      1.01286    0.0887887      1.67735     0.213301      -3.7743 
         350     0.943269     0.987002     0.369554  0.000132071      5.02934     0.374417  0.000133807      1.98406      1.01314    0.0906988      1.67758      0.22319      -3.7743 
         350     0.987652     0.986755     0.386171  0.000142232      5.03571     0.391349  0.000144136      1.98406      1.01339    0.0924397      1.67779     0.233255      -3.7743 
         350      1.03306     0.986533     0.403071  0.000151903      5.04249     0.408569  0.000153973      1.98406      1.01362    0.0939964      1.67798      0.24349      -3.7743 
         350      1.07948     0.986341     0.420248  0.000161033       5.0497     0.426071  0.000163267      1.98406      1.01382    0.0953537      1.67814     0.253894      -3.7743 
         350      1.12692     0.986142     0.437572  0.000129693      5.05706     0.443702  0.000131505      1.98406      1.01402    0.0967473      1.67831     0.264379     -3.52452 
         350      1.17539     0.986023     0.455427  0.000168662      5.06532     0.461882  0.000171059      1.98406      1.01414    0.0975897      1.67841     0.275189     -3.52452 
         350      1.22487      0.98593     0.473413  0.000204634       5.0739     0.480177  0.000207567      1.98406      1.01424    0.0982489      1.67849     0.286074     -3.52452 
         350      1.27538     0.985864     0.491513  0.000237372       5.0828     0.498572  0.000240786      1.98407      1.01431    0.0987124      1.67855     0.297023     -3.52452 
         350       1.3269     0.985828     0.509712  0.000266632      5.09204      0.51705  0.000270469      1.98407      1.01434    0.0989673      1.67858     0.308026     -3.52452 
         350      1.37945     0.985823     0.527994  0.000292167      5.10162     0.535593  0.000296364      1.98407      1.01435    0.0990006      1.67858     0.319074     -3.52452 
         350      1.43301     0.985852     0.546343  0.000313721      5.11155     0.554183  0.000318213      1.98407      1.01432     0.098799      1.67856     0.330156     -3.52452 
         350       1.4876     0.985916     0.564743  0.000331037      5.12185     0.572803  0.000335753      1.98407      1.01425    0.0983489       1.6785     0.341261     -3.52452 
         350      1.54321     0.986017     0.583175  0.000343853      5.13252     0.591434  0.000348717      1.98407      1.01415    0.0976364      1.67842      0.35238     -3.52452 
         350      1.59983     0.986157     0.601623    0.0003519      5.14357     0.610057  0.000356833      1.98406      1.01401    0.0966474       1.6783     0.363501     -3.52452 
         350      1.65748     0.986339      0.62007  0.000354905      5.15502     0.628653  0.000359824      1.98406      1.01382    0.0953676      1.67814     0.374614     -3.52452 
         350      1.71615     0.986563     0.638497   0.00035259      5.16687     0.647203  0.000357406      1.98406      1.01359    0.0937822      1.67795     0.385706     -3.52452 
         350      1.77584     0.986661     0.656354  0.000200377       5.1777     0.665242   0.00020347      1.98406      1.01349    0.0930932      1.67787     0.396469       -3.912 
         350      1.83654     0.987014     0.675445  0.000305739      5.19109     0.684336   0.00030988      1.98406      1.01312    0.0906103      1.67757     0.407928       -3.912 
         350      1.89827     0.987381     0.694198  0.000401428       5.2044     0.703068  0.000406493      1.98406      1.01275    0.0880327      1.67726     0.419176       -3.912 
         350      1.96102     0.987762      0.71258  0.000486875       5.2176     0.721402  0.000492732      1.98407      1.01236    0.0853578      1.67693     0.430193       -3.912 
         350      2.02479     0.988157     0.730557  0.000561496      5.23068     0.739304  0.000568007      1.98407      1.01195    0.0825828       1.6766     0.440958       -3.912 
         350      2.08958     0.988567     0.748095    0.0006247      5.24362     0.756739  0.000631719      1.98407      1.01154    0.0797051      1.67625     0.451452       -3.912 
         350      2.15539     0.988992     0.765159  0.000675888       5.2564      0.77367  0.000683261      1.98407       1.0111    0.0767219      1.67589     0.461652       -3.912 
         350      2.22222     0.989432     0.781715  0.000714448      5.26902     0.790062  0.000722016      1.98407      1.01065    0.0736303      1.67552     0.471537       -3.912 
         350      2.29007     0.989889     0.797727  0.000739763      5.28144     0.805876  0.000747356      1.98407      1.01018    0.0704274      1.67513     0.481086       -3.912 
         350      2.35894     0.990362     0.813158  0.000751202      5.29366     0.821077  0.000758645      1.98407       1.0097    0.0671104      1.67473     0.490275       -3.912 
         350      2.42883     0.990851     0.827972  0.000748128      5.30566     0.835624  0.000755236      1.98407       1.0092    0.0636764      1.67432     0.499084       -3.912 
         350      2.49974     0.991358     0.842132  0.000729892      5.31741     0.849481  0.000736474      1.98407      1.00869    0.0601222      1.67389     0.507488       -3.912 
         350      2.57167     0.991883     0.855599  0.000695838      5.32891     0.862607  0.000701693      1.98407      1.00815    0.0564448      1.67345     0.515465       -3.912 
         350      2.64462     0.992426     0.868335  0.000645299      5.34012     0.874962  0.000650218      1.98406       1.0076    0.0526413      1.67299     0.522991       -3.912 
         350      2.71859     0.992987     0.880302  0.000577599      5.35104     0.886507  0.000581366      1.98406      1.00703    0.0487085      1.67251     0.530043       -3.912 
         350      2.79359     0.993369     0.892171   0.00076079      5.36074     0.898122  0.000765844      1.98402      1.00662    0.0459322      1.67217       0.5371     -3.82542 
         350       2.8696     0.993869     0.903095  0.000806586      5.37053     0.908659  0.000811515      1.98405      1.00613    0.0425206      1.67177     0.543534     -3.82542 
         350      2.94663     0.994353     0.913442  0.000847984      5.37982     0.918624  0.000852762      1.98408      1.00565    0.0392048      1.67137     0.549625     -3.82542 
         350      3.02468     0.994819     0.923184  0.000884785       5.3886     0.927991   0.00088938      1.98409      1.00519    0.0359906      1.67099     0.555356     -3.82542 
         350      3.10376     0.995267     0.932291  0.000916784      5.39685      0.93673  0.000921168       1.9841      1.00474    0.0328838      1.67061     0.560709     -3.82542 
         350      3.18385     0.995695     0.940733  0.000943777      5.40453     0.944811  0.000947917       1.9841      1.00431      0.02989      1.67025     0.565666     -3.82542 
         350      3.26497     0.996122     0.948474    0.0009608      5.41173     0.952167  0.000964536      1.98407      1.00386    0.0268409      1.66988       0.5702     -3.62026 
         350       3.3471      0.99651     0.955484  0.000977796       5.4182     0.958835  0.000981252      1.98407      1.00347    0.0241372      1.66956     0.574304     -3.62026 
         350      3.43025     0.996872     0.961732  0.000986734        5.424     0.964758  0.000989888      1.98407      1.00311    0.0216119      1.66926     0.577955     -3.62026 
         350      3.51443     0.997207     0.967187  0.000987307      5.42911     0.969905  0.000990138      1.98407      1.00277    0.0192728      1.66897     0.581136     -3.62026 
         350      3.59963     0.997513     0.971816  0.000979205      5.43348     0.974245   0.00098169      1.98406      1.00246    0.0171278      1.66872     0.583828     -3.62026 
         350      3.68584      0.99779     0.975588  0.000962113       5.4371     0.977746   0.00096423      1.98406      1.00218     0.015185      1.66848     0.586011     -3.62026 
         350      3.77308     0.998036     0.978469  0.000935715      5.43993     0.980377  0.000937441      1.98405      1.00193    0.0134526      1.66827     0.587665     -3.62026 
         350      3.86133     0.998276     0.982134   0.00101074      5.44328     0.983829   0.00101248      1.98406      1.00169    0.0118084      1.66808     0.589799      -3.9183 
         350      3.95061     0.998501     0.985038   0.00102134      5.44605     0.986515   0.00102287      1.98407      1.00147    0.0102655      1.66789     0.591475      -3.9183 
         350      4.04091      0.99871     0.987687   0.00102997      5.44858     0.988963    0.0010313      1.98408      1.00127   0.00883563      1.66772     0.593003      -3.9183 
         350      4.13222     0.998901     0.990073   0.00103655      5.45087     0.991163   0.00103769      1.98408      1.00108   0.00752343      1.66756     0.594378      -3.9183 
         350      4.22456     0.999074     0.992185   0.00104101      5.45289     0.993106   0.00104198      1.98409      1.00091   0.00633336      1.66742     0.595593      -3.9183 
         350      4.31792     0.999229     0.994014   0.00104329      5.45464     0.994783    0.0010441      1.98409      1.00075   0.00526997       1.6673     0.596645      -3.9183 
         350       4.4123     0.999365      0.99555    0.0010433      5.45611     0.996185   0.00104397       1.9841      1.00062   0.00433788      1.66718     0.597525      -3.9183 
         350      4.50769     0.999474     0.996757   0.00107239      5.45724     0.997282   0.00107296      1.98409      1.00051   0.00354956      1.66709     0.598218     -3.75669 
         350      4.60411     0.999565     0.997685   0.00107087       5.4581      0.99812   0.00107135      1.98408      1.00041   0.00289998      1.66701     0.598749     -3.75669 
         350      4.70155     0.999635     0.998298   0.00106663      5.45865     0.998663   0.00106702      1.98407      1.00034   0.00239504      1.66695     0.599097     -3.75669 
         350      4.80001     0.999683     0.998584   0.00105957      5.45889     0.998902   0.00105991      1.98406      1.00028   0.00203954       1.6669     0.599256     -3.75669 
         350      4.89949     0.999708     0.998534   0.00104962      5.45881     0.998826   0.00104992      1.98405      1.00025    0.0018383      1.66688      0.59922     -3.75669 
         350            5     0.999772     0.999094   0.00105132      5.45934     0.999323   0.00105157      1.98405      1.00019   0.00139969      1.66683     0.599537     -4.42351 
         400            0     0.999974  6.06377e-09 -3.33476e-09      4.96019 -1.33882e-08    -3.32e-09      1.98408            1  5.15962e-05      1.66667 -1.88937e-09     -5.61724 
         400      0.00051     0.999963  0.000198586 -3.09725e-09      4.96019  0.000198576 -3.08435e-09      1.98408      1.00001  0.000126649      1.66668  0.000119151     -5.61724 
         400      0.00204     0.999931  0.000794291 -1.99212e-09      4.96019  0.000794335 -1.98414e-09      1.98408      1.00004   0.00035163       1.6667  0.000476594     -5.61724 
         400     0.004591     0.999877    0.0017874  1.15997e-09      4.96019   0.00178762  1.16183e-09      1.98408       1.0001  0.000726148      1.66675   0.00107252     -5.61724 
         400     0.008162     0.999802   0.00317736  8.32223e-09      4.96019     0.003178  8.31994e-09      1.98408      1.00017   0.00124916      1.66681   0.00190663     -5.61724 
         400     0.012753     0.999705   0.00496392  2.22436e-08       4.9602   0.00496539  2.22435e-08      1.98408      1.00027   0.00191942      1.66689   0.00297883     -5.61724 
         400     0.018365     0.999588   0.00714714  4.64632e-08      4.96021    0.0071501  4.64775e-08      1.98408      1.00039   0.00273546      1.66699   0.00428923     -5.61724 
         400     0.024997     0.999449   0.00972626  8.52986e-08      4.96024   0.00973162  8.53462e-08      1.98408      1.00052   0.00369517       1.6671   0.00583744     -5.61724 
         400     0.032649     0.999291    0.0127008  1.43855e-07      4.96027    0.0127098  1.43963e-07      1.98408      1.00068   0.00479622      1.66724   0.00762329     -5.61724 
         400     0.041322     0.999113    0.0160707  2.28034e-07      4.96032     0.016085   2.2824e-07      1.98408      1.00086   0.00603608      1.66738   0.00964681     -5.61724 
         400     0.051015     0.998915    0.0198349  3.37296e-07      4.96039    0.0198564  3.37692e-07      1.98408      1.00106   0.00741161      1.66755    0.0119075     -5.24693 
         400     0.061728     0.998698    0.0239928  5.08536e-07      4.96048    0.0240241  5.09186e-07      1.98408      1.00128   0.00891933      1.66773    0.0144052     -5.24693 
         400     0.073461     0.998463    0.0285437  7.27249e-07       4.9606    0.0285877   7.2835e-07      1.98408      1.00151    0.0105556      1.66793    0.0171396     -5.24693 
         400     0.086215     0.998209    0.0334874  1.00196e-06      4.96075    0.0335474  1.00375e-06      1.98408      1.00177    0.0123165      1.66814    0.0201107     -5.24693 
         400     0.099989     0.997939    0.0388225  1.34188e-06      4.96094    0.0389026  1.34467e-06      1.98408      1.00204    0.0141975      1.66837    0.0233178     -5.24693 
         400     0.114783     0.997652    0.0445481  1.75699e-06      4.96118     0.044653  1.76112e-06      1.98408      1.00233    0.0161937       1.6686    0.0267607     -5.24693 
         400     0.130598      0.99735    0.0506639  2.24546e-06      4.96148    0.0507984  2.25147e-06      1.98408      1.00263    0.0183003      1.66886    0.0304391     -4.87803 
         400     0.147433     0.997032    0.0571684  2.90311e-06      4.96183    0.0573386  2.91171e-06      1.98408      1.00295    0.0205115      1.66912    0.0343525     -4.87803 
         400     0.165288     0.996701    0.0640606  3.66777e-06      4.96225    0.0642728  3.67987e-06      1.98408      1.00328    0.0228216       1.6694    0.0385005     -4.87803 
         400     0.184164     0.996356      0.07134  4.55132e-06      4.96274    0.0716009  4.56797e-06      1.98408      1.00363    0.0252248      1.66969    0.0428827     -4.87803 
         400      0.20406     0.995999    0.0790048  5.56625e-06      4.96332    0.0793221  5.58866e-06      1.98408      1.00399    0.0277144      1.66999    0.0474986     -4.87803 
         400     0.224976      0.99563    0.0870539  6.72576e-06      4.96399    0.0874359  6.75528e-06      1.98408      1.00436    0.0302834       1.6703    0.0523475     -4.87803 
         400     0.246913     0.995251    0.0954863  7.95307e-06      4.96477    0.0959414  7.99112e-06      1.98408      1.00475    0.0329257      1.67062    0.0574289     -4.51079 
         400     0.269869     0.994864       0.1043  9.65895e-06      4.96566     0.104839  9.70875e-06      1.98408      1.00514    0.0356318      1.67094    0.0627425     -4.51079 
         400     0.293846     0.994468     0.113495  1.15396e-05      4.96667     0.114127  1.16037e-05      1.98408      1.00554    0.0383956      1.67127    0.0682871     -4.51079 
         400     0.318844     0.994065     0.123068  1.36079e-05      4.96781     0.123803  1.36891e-05      1.98408      1.00594    0.0412088      1.67161     0.074062     -4.51079 
         400     0.344862     0.993657     0.133018  1.58772e-05      4.96909     0.133867  1.59786e-05      1.98408      1.00636    0.0440627      1.67196    0.0800663     -4.51079 
         400       0.3719     0.993244     0.143344  1.83615e-05      4.97053     0.144318  1.84865e-05      1.98408      1.00678    0.0469486       1.6723    0.0862992     -4.51079 
         400     0.399958     0.992828     0.154042  2.10754e-05      4.97214     0.155155  2.12276e-05      1.98408       1.0072    0.0498571      1.67265    0.0927599     -4.51079 
         400     0.429036      0.99241     0.165112   2.3493e-05      4.97392     0.166373  2.36723e-05      1.98408      1.00762    0.0527828      1.67301    0.0994461     -4.14759 
         400     0.459135     0.991992     0.176554  2.76135e-05       4.9759      0.17798  2.78365e-05      1.98408      1.00805    0.0557072      1.67336     0.106361     -4.14759 
         400     0.490255     0.991575      0.18836   3.1935e-05      4.97808     0.189962  3.22067e-05      1.98408      1.00847    0.0586266      1.67371     0.113497     -4.14759 
         400     0.522394      0.99116     0.200526  3.64635e-05      4.98048     0.202316   3.6789e-05      1.98408      1.00889    0.0615304      1.67406     0.120853     -4.14759 
         400     0.555554      0.99075     0.213051  4.12056e-05       4.9831      0.21504  4.15903e-05      1.98408      1.00931    0.0644079      1.67441     0.128428     -4.14759 
         400     0.589734     0.990345     0.225932  4.61677e-05      4.98596     0.228134  4.66175e-05      1.98408      1.00972    0.0672481      1.67475      0.13622     -4.14759 
         400     0.624934     0.989947     0.239166  5.13565e-05      4.98908     0.241594  5.18777e-05      1.98408      1.01013    0.0700394      1.67509     0.144228     -4.14759 
         400     0.661155     0.989557     0.252751  5.67791e-05      4.99247     0.255419  5.73783e-05      1.98408      1.01053    0.0727702      1.67542     0.152451     -4.14759 
         400     0.698396     0.989174     0.266667  5.71453e-05      4.99611     0.269577  5.77632e-05      1.98408      1.01092    0.0754583      1.67574     0.160873     -3.80148 
         400     0.736658     0.988809      0.28096  6.78332e-05       5.0001      0.28414  6.86011e-05      1.98408      1.01129    0.0780225      1.67605     0.169529     -3.80148 
         400     0.775939     0.988457     0.295568  7.83638e-05      5.00439     0.299024  7.92829e-05      1.98408      1.01165    0.0804978      1.67635     0.178377     -3.80148 
         400     0.816241     0.988119     0.310488  8.87029e-05      5.00898     0.314226  8.97738e-05      1.98408        1.012    0.0828717      1.67663     0.187414     -3.80148 
         400     0.857563     0.987798     0.325714  9.88144e-05       5.0139      0.32974  0.000100038      1.98408      1.01233    0.0851316      1.67691     0.196635     -3.80148 
         400     0.899906     0.987494      0.34124  0.000108662      5.01915     0.345561  0.000110038      1.98408      1.01264    0.0872644      1.67717     0.206039     -3.80148 
         400     0.943269     0.987211      0.35706  0.000118207      5.02475     0.361683  0.000119736      1.98408      1.01293    0.0892567      1.67741     0.215621     -3.80148 
         400     0.987652      0.98695      0.37317  0.000127413      5.03072     0.378099  0.000129093      1.98408       1.0132    0.0910948      1.67763     0.225379     -3.80148 
         400      1.03306     0.986712     0.389562  0.000136238      5.03708     0.394805   0.00013807      1.98408      1.01344    0.0927646      1.67783     0.235308     -3.80148 
         400      1.07948     0.986501     0.406233  0.000144644      5.04384     0.411795  0.000146626      1.98408      1.01366    0.0942519      1.67801     0.245406     -3.80148 
         400      1.12692     0.986287     0.423068  0.000118098      5.05077     0.428932  0.000119726      1.98407      1.01388    0.0957574      1.67819     0.255596     -3.53732 
         400      1.17539     0.986142     0.440401  0.000152253      5.05851     0.446588  0.000154398      1.98408      1.01403    0.0967766      1.67831     0.266093     -3.53732 
         400      1.22487     0.986023     0.457882  0.000183879      5.06657     0.464381  0.000186498      1.98408      1.01415    0.0976223      1.67842     0.276676     -3.53732 
         400      1.27538     0.985929       0.4755  0.000212771      5.07495     0.482298   0.00021582      1.98408      1.01425    0.0982821       1.6785     0.287336     -3.53732 
         400       1.3269     0.985864     0.493239  0.000238723      5.08367     0.500322  0.000242152      1.98408      1.01431    0.0987437      1.67855     0.298065     -3.53732 
         400      1.37945     0.985828     0.511087  0.000261524      5.09272     0.518439  0.000265282      1.98408      1.01435    0.0989943      1.67858     0.308854     -3.53732 
         400      1.43301     0.985824     0.529027  0.000280957      5.10214     0.536634  0.000284988      1.98408      1.01435    0.0990211      1.67859     0.319695     -3.53732 
         400       1.4876     0.985854     0.547047  0.000296803      5.11192      0.55489  0.000301049      1.98408      1.01432    0.0988107      1.67856     0.330578     -3.53732 
         400      1.54321     0.985919     0.565131  0.000308837      5.12207     0.573191  0.000313235      1.98408      1.01426    0.0983498       1.6785     0.341493     -3.53732 
         400      1.59983     0.986022     0.583264  0.000316832      5.13261     0.591522  0.000321316      1.98408      1.01415    0.0976247      1.67842     0.352432     -3.53732 
         400      1.65748     0.986164     0.601431  0.000320556      5.14354     0.609864  0.000325055      1.98407        1.014    0.0966214       1.6783     0.363384     -3.53732 
         400      1.71615     0.986348     0.619616  0.000319771      5.15488     0.628202  0.000324211      1.98407      1.01381    0.0953257      1.67814      0.37434     -3.53732 
         400      1.77584     0.986417     0.637282  0.000173959      5.16532     0.646065  0.000176682      1.98407      1.01374    0.0948406      1.67808     0.384994      -3.7853 
         400      1.83654     0.986725     0.656191   0.00027193      5.17821     0.665022  0.000275695      1.98408      1.01343    0.0926757      1.67782     0.396356      -3.7853 
         400      1.89827     0.987048      0.67481  0.000360981      5.19105     0.683665  0.000365668      1.98408       1.0131    0.0904027      1.67754     0.407537      -3.7853 
         400      1.96102     0.987387     0.693111  0.000440585      5.20384     0.701961  0.000446067      1.98408      1.01275    0.0880178      1.67726     0.418518      -3.7853 
         400      2.02479     0.987743     0.711061  0.000510203      5.21656      0.71988  0.000516349      1.98408      1.01238    0.0855175      1.67695     0.429281      -3.7853 
         400      2.08958     0.988116     0.728629   0.00056929      5.22921     0.737388  0.000575958      1.98408        1.012    0.0828982      1.67664     0.439805      -3.7853 
         400      2.15539     0.988506     0.745784  0.000617291      5.24176     0.754452  0.000624335      1.98408       1.0116     0.080156      1.67631     0.450072      -3.7853 
         400      2.22222     0.988915     0.762493  0.000653644       5.2542     0.771038   0.00066091      1.98408      1.01118     0.077287      1.67596     0.460062      -3.7853 
         400      2.29007     0.989342     0.778724  0.000677776      5.26652     0.787113  0.000685101      1.98408      1.01075    0.0742875       1.6756     0.469754      -3.7853 
         400      2.35894     0.989789     0.794442  0.000689106       5.2787      0.80264  0.000696322      1.98408      1.01029    0.0711534      1.67522     0.479128      -3.7853 
         400      2.42883     0.990255     0.809615  0.000687046      5.29074     0.817586  0.000693975      1.98408      1.00982    0.0678808      1.67483     0.488163      -3.7853 
         400      2.49974     0.990742     0.824207  0.000670996      5.30261     0.831914  0.000677454      1.98408      1.00932    0.0644655      1.67441     0.496839      -3.7853 
         400      2.57167      0.99125     0.838185   0.00064035       5.3143     0.845588  0.000646143      1.98407       1.0088    0.0609035      1.67398     0.505133      -3.7853 
         400      2.64462     0.991779     0.851511  0.000594493       5.3258      0.85857  0.000599422      1.98407      1.00826    0.0571907      1.67354     0.513025      -3.7853 
         400      2.71859     0.992331     0.864152  0.000532799      5.33708     0.870825  0.000536655      1.98407       1.0077    0.0533227      1.67307     0.520491      -3.7853 
         400      2.79359     0.992717     0.876596  0.000712736      5.34717     0.883023  0.000717944      1.98403      1.00729    0.0505285      1.67273     0.527895     -3.93305 
         400       2.8696      0.99322     0.888297  0.000755842      5.35749     0.894355  0.000760964      1.98407       1.0068    0.0471001      1.67232       0.5348     -3.93305 
         400      2.94663     0.993709     0.899425  0.000794634      5.36734     0.905115  0.000799636      1.98409      1.00631     0.043743      1.67192     0.541364     -3.93305 
         400      3.02468     0.994185     0.909951  0.000828917      5.37671     0.915273  0.000833763      1.98411      1.00584    0.0404617      1.67153     0.547567     -3.93305 
         400      3.10376     0.994646     0.919845  0.000858493      5.38556     0.924802  0.000863144      1.98412      1.00538    0.0372611      1.67114     0.553394     -3.93305 
         400      3.18385     0.995098     0.929077  0.000857786      5.39392     0.933646  0.000861979      1.98404      1.00488    0.0339156      1.67073     0.558828     -3.77198 
         400      3.26497     0.995529     0.937608  0.000878111      5.40168     0.941816  0.000882042      1.98405      1.00445    0.0309224      1.67037     0.563837     -3.77198 
         400       3.3471      0.99594     0.945417    0.0008946      5.40883     0.949274  0.000898254      1.98405      1.00404    0.0280695      1.67003     0.568417     -3.77198 
         400      3.43025     0.996331     0.952474  0.000907099      5.41535     0.955988  0.000910461      1.98406      1.00365    0.0253636      1.66971     0.572547     -3.77198 
         400      3.51443     0.996701     0.958748  0.000915452      5.42122     0.961928  0.000918507      1.98407      1.00328    0.0228114       1.6694      0.57621     -3.77198 
         400      3.59963     0.997048     0.964205  0.000919504      5.42641     0.967062  0.000922234      1.98408      1.00294    0.0204198      1.66911     0.579386     -3.77198 
         400      3.68584     0.997371     0.968815  0.000919093      5.43089     0.971359  0.000921483      1.98409      1.00262    0.0181958      1.66885     0.582057     -3.77198 
         400      3.77308     0.997629     0.972864  0.000953786      5.43453     0.975177   0.00095605      1.98407      1.00235    0.0163428      1.66862     0.584421     -3.95811 
         400      3.86133     0.997901     0.976712  0.000964083      5.43819     0.978766  0.000966112      1.98408      1.00208    0.0144731       1.6684      0.58665     -3.95811 
         400      3.95061     0.998158     0.980267  0.000972085      5.44158     0.982077  0.000973889      1.98409      1.00183    0.0127181      1.66819     0.588709     -3.95811 
         400      4.04091     0.998403     0.983572  0.000933459      5.44477     0.985144  0.000934937      1.98411      1.00159    0.0110579      1.66799     0.590617     -3.82093 
         400      4.13222     0.998617     0.986456  0.000964189      5.44749     0.987821  0.000965505       1.9841      1.00137   0.00955267      1.66781     0.592287     -3.82093 
         400      4.22456     0.998812     0.989038  0.000990208      5.44992     0.990213   0.00099137      1.98409      1.00117   0.00817488      1.66764      0.59378     -3.82093 
         400      4.31792     0.998988     0.991307   0.00101135      5.45206     0.992311   0.00101237      1.98409      1.00099   0.00692934      1.66749     0.595092     -3.82093 
         400       4.4123     0.999145     0.993252   0.00102744      5.45389     0.994102   0.00102832      1.98408      1.00083   0.00582091      1.66736     0.596214     -3.82093 
         400      4.50769     0.999281      0.99486   0.00103831       5.4554     0.995578   0.00103907      1.98407      1.00069   0.00485452      1.66724      0.59714     -3.82093 
         400      4.60411     0.999396     0.996122   0.00104378      5.45658     0.996725   0.00104443      1.98406      1.00057   0.00403513      1.66714     0.597864     -3.82093 
         400      4.70155     0.999489     0.997025   0.00104369      5.45742     0.997535   0.00104423      1.98405      1.00047   0.00336776      1.66706     0.598379     -3.82093 
         400      4.80001     0.999543     0.997389   0.00100023      5.45772     0.997845   0.00100068      1.98404      1.00041   0.00295084      1.66701     0.598584     -4.42498 
         400      4.89949     0.999602     0.997791   0.00100822       5.4581     0.998188   0.00100862      1.98404      1.00036    0.0025569      1.66696     0.598806     -4.42498 
         400            5     0.999657     0.998162   0.00101481      5.45846     0.998505   0.00101516      1.98405       1.0003   0.00218886      1.66692     0.599012     -4.42498 
         450            0     0.999983   5.5278e-09 -2.96826e-09      4.96023 -1.20636e-08 -2.95519e-09      1.98409            1  3.42856e-05      1.66667 -1.69482e-09     -5.64614 
         450      0.00051     0.999972  0.000192057 -2.75885e-09      4.96023  0.000192047 -2.74742e-09      1.98409      1.00001  0.000106894      1.66668  0.000115233     -5.64614 
         450      0.00204     0.999941   0.00076818 -1.77214e-09      4.96023  0.000768215 -1.76507e-09      1.98409      1.00004  0.000324551       1.6667  0.000460923     -5.64614 
         450     0.004591     0.999889   0.00172865  1.06871e-09      4.96023   0.00172884  1.07035e-09      1.98409      1.00009  0.000686897      1.66674   0.00103726     -5.64614 
         450     0.008162     0.999816   0.00307293  7.55633e-09      4.96024    0.0030735  7.55424e-09      1.98409      1.00017   0.00119295      1.66681   0.00184395     -5.64614 
         450     0.012753     0.999723    0.0048008  2.02008e-08      4.96024   0.00480214  2.02005e-08      1.98409      1.00026   0.00184155      1.66688    0.0028809     -5.64614 
         450     0.018365     0.999609   0.00691232  4.22336e-08      4.96026   0.00691503  4.22458e-08      1.98409      1.00037   0.00263132      1.66698   0.00414824     -5.64614 
         450     0.024997     0.999475   0.00940678  7.75972e-08      4.96028   0.00941172  7.76386e-08      1.98409      1.00051   0.00356028      1.66709    0.0056456     -5.64614 
         450     0.032649     0.999322    0.0122837  1.30953e-07      4.96031    0.0122921  1.31048e-07      1.98409      1.00066   0.00462627      1.66722   0.00737281     -5.64614 
         450     0.041322     0.999149    0.0155431   2.0769e-07      4.96035    0.0155563   2.0787e-07      1.98409      1.00083   0.00582689      1.66736   0.00932991     -5.64614 
         450     0.051015     0.998957    0.0191839  3.07446e-07      4.96042    0.0192039  3.07794e-07      1.98409      1.00103   0.00715924      1.66752    0.0115165     -5.27579 
         450     0.061728     0.998747    0.0232056  4.63515e-07       4.9605    0.0232348  4.64085e-07      1.98409      1.00124   0.00862003       1.6677    0.0139322     -5.27579 
         450     0.073461     0.998519    0.0276076  6.62846e-07      4.96061    0.0276486  6.63812e-07      1.98409      1.00147    0.0102059      1.66789     0.016577     -5.27579 
         450     0.086215     0.998274    0.0323896  9.13205e-07      4.96076    0.0324456  9.14785e-07      1.98409      1.00171    0.0119131      1.66809    0.0194507     -5.27579 
         450     0.099989     0.998011    0.0375504  1.22299e-06      4.96094    0.0376252  1.22545e-06      1.98409      1.00198    0.0137375      1.66831    0.0225529     -5.27579 
         450     0.114783     0.997733    0.0430891  1.60131e-06      4.96116     0.043187  1.60495e-06      1.98409      1.00225    0.0156744      1.66854    0.0258831     -5.27579 
         450     0.130598     0.997439    0.0490054  2.04649e-06      4.96144    0.0491312  2.05179e-06      1.98409      1.00255    0.0177194      1.66879    0.0294412     -4.90666 
         450     0.147433     0.997131     0.055298  2.64441e-06      4.96177    0.0554572  2.65198e-06      1.98409      1.00286     0.019867      1.66905    0.0332268     -4.90666 
         450     0.165288     0.996809    0.0619659  3.33957e-06      4.96216    0.0621644  3.35022e-06      1.98409      1.00318     0.022112      1.66932    0.0372394     -4.90666 
         450     0.184164     0.996473    0.0690085  4.14276e-06      4.96262    0.0692528  4.15744e-06      1.98409      1.00352    0.0244488       1.6696    0.0414787     -4.90666 
         450      0.20406     0.996126    0.0764244  5.06534e-06      4.96316    0.0767216  5.08509e-06      1.98409      1.00387    0.0268711      1.66989    0.0459441     -4.90666 
         450     0.224976     0.995767    0.0842124   6.1193e-06      4.96379    0.0845704  6.14532e-06      1.98409      1.00423    0.0293726      1.67019    0.0506352     -4.90666 
         450     0.246913     0.995398    0.0923718   7.2373e-06      4.96452    0.0927984  7.27086e-06      1.98409      1.00461    0.0319472       1.6705    0.0555514     -4.53919 
         450     0.269869      0.99502     0.100901  8.78286e-06      4.96535     0.101406  8.82676e-06      1.98409      1.00499    0.0345865      1.67082    0.0606923     -4.53919 
         450     0.293846     0.994633     0.109798  1.04873e-05      4.96629     0.110391  1.05438e-05      1.98409      1.00538    0.0372843      1.67114    0.0660571     -4.53919 
         450     0.318844      0.99424     0.119063  1.23625e-05      4.96736     0.119753  1.24341e-05      1.98409      1.00578    0.0400331      1.67147    0.0716449     -4.53919 
         450     0.344862      0.99384     0.128693  1.44206e-05      4.96856      0.12949    1.451e-05      1.98409      1.00618    0.0428248      1.67181    0.0774551     -4.53919 
         450       0.3719     0.993436     0.138686  1.66743e-05      4.96991     0.139602  1.67846e-05      1.98409      1.00659     0.045651      1.67215    0.0834868     -4.53919 
         450     0.399958     0.993028     0.149042   1.9137e-05      4.97142     0.150089  1.92713e-05      1.98409        1.007    0.0485031      1.67249    0.0897394     -4.53919 
         450     0.429036     0.992617     0.159757  2.13546e-05      4.97309     0.160944  2.15131e-05      1.98409      1.00742    0.0513756      1.67284    0.0962107     -4.17542 
         450     0.459135     0.992206     0.170834  2.50673e-05      4.97494     0.172177  2.52643e-05      1.98409      1.00784     0.054252      1.67319     0.102903     -4.17542 
         450     0.490255     0.991795     0.182264  2.89673e-05      4.97698     0.183773  2.92072e-05      1.98409      1.00826    0.0571282      1.67353     0.109811     -4.17542 
         450     0.522394     0.991386     0.194045  3.30605e-05      4.97922     0.195732   3.3348e-05      1.98409      1.00867    0.0599944      1.67388     0.116933     -4.17542 
         450     0.555554      0.99098     0.206175  3.73536e-05      4.98168     0.208051  3.76936e-05      1.98409      1.00909    0.0628405      1.67422     0.124268     -4.17542 
         450     0.589734     0.990578     0.218651  4.18529e-05      4.98436     0.220729  4.22508e-05      1.98409      1.00949    0.0656561      1.67456     0.131814     -4.17542 
         450     0.624934     0.990182      0.23147  4.65652e-05      4.98729     0.233764  4.70266e-05      1.98409       1.0099    0.0684305      1.67489      0.13957     -4.17542 
         450     0.661155     0.989794     0.244632  5.14975e-05      4.99046     0.247154  5.20285e-05      1.98409      1.01029    0.0711527      1.67522     0.147535     -4.17542 
         450     0.698396     0.989411     0.258117  5.21022e-05      4.99388     0.260872  5.26533e-05      1.98409      1.01068    0.0738371      1.67555     0.155696     -3.82698 
         450     0.736658     0.989045     0.271968  6.16256e-05      4.99762      0.27498  6.23085e-05      1.98409      1.01106    0.0764131      1.67586     0.164083     -3.82698 
         450     0.775939     0.988689     0.286129  7.10405e-05      5.00165     0.289406  7.18566e-05      1.98409      1.01142    0.0789094      1.67616     0.172659     -3.82698 
         450     0.816241     0.988347     0.300597  8.03188e-05      5.00596     0.304145  8.12695e-05      1.98409      1.01177    0.0813145      1.67645     0.181421     -3.82698 
         450     0.857563     0.988019     0.315366  8.94308e-05      5.01057     0.319193  9.05174e-05      1.98409      1.01211    0.0836164      1.67673     0.190366     -3.82698 
         450     0.899906     0.987708     0.330434  9.83467e-05      5.01551     0.334546  9.95703e-05      1.98409      1.01243    0.0858027      1.67699     0.199492     -3.82698 
         450     0.943269     0.987416     0.345793  0.000107036      5.02077     0.350197  0.000108397      1.98409      1.01273    0.0878608      1.67724     0.208795     -3.82698 
         450     0.987652     0.987143     0.361439  0.000115466      5.02639     0.366143  0.000116966      1.98409      1.01301    0.0897778      1.67747     0.218272     -3.82698 
         450      1.03306     0.986892     0.377368  0.000123605      5.03237     0.382377  0.000125244      1.98409      1.01326    0.0915404      1.67768      0.22792     -3.82698 
         450      1.07948     0.986666     0.393573   0.00013142      5.03874     0.398895  0.000133199      1.98409       1.0135    0.0931352      1.67788     0.237737     -3.82698 
         450      1.12692     0.986438     0.409958    0.0001089      5.04529     0.415576  0.000110382      1.98409      1.01373    0.0947343      1.67807     0.247656     -3.55129 
         450      1.17539     0.986273     0.426807   0.00013911      5.05257     0.432746   0.00014105      1.98409       1.0139    0.0959012      1.67821     0.257862     -3.55129 
         450      1.22487     0.986131     0.443821  0.000167168      5.06016     0.450071  0.000169531      1.98409      1.01405    0.0969038      1.67833     0.268163     -3.55129 
         450      1.27538     0.986014     0.460988  0.000192901      5.06808     0.467538   0.00019565      1.98409      1.01417    0.0977303      1.67843     0.278553     -3.55129 
         450       1.3269     0.985923     0.478294  0.000216131      5.07633     0.485133  0.000219224      1.98409      1.01426    0.0983686      1.67851     0.289024     -3.55129 
         450      1.37945     0.985861     0.495729  0.000236676      5.08491     0.502844  0.000240071      1.98409      1.01432    0.0988064      1.67856     0.299567     -3.55129 
         450      1.43301     0.985829     0.513279  0.000254352      5.09385     0.520657  0.000258001      1.98409      1.01436    0.0990312      1.67859     0.310176     -3.55129 
         450       1.4876     0.985829     0.530931   0.00026897      5.10316     0.538557  0.000272824      1.98409      1.01436    0.0990303      1.67859     0.320841     -3.55129 
         450      1.54321     0.985863     0.548673  0.000280337      5.11284      0.55653  0.000284344      1.98409      1.01432    0.0987906      1.67856     0.331556     -3.55129 
         450      1.59983     0.985933      0.56649  0.000288258       5.1229     0.574562  0.000292362      1.98409      1.01425    0.0982989       1.6785      0.34231     -3.55129 
         450      1.65748      0.98604      0.58437  0.000292534      5.13336     0.592639  0.000296676      1.98409      1.01414    0.0975415      1.67841     0.353097     -3.55129 
         450      1.71615     0.986187     0.602298  0.000292962      5.14422     0.610744   0.00029708      1.98409      1.01399    0.0965049      1.67828     0.363906     -3.55129 
         450      1.77584      0.98623      0.61977  0.000153786      5.15429     0.628426  0.000156213      1.98409      1.01394    0.0962015      1.67825     0.374447     -3.70373 
         450      1.83654     0.986496     0.638448  0.000245301      5.16666      0.64719  0.000248753      1.98409      1.01367    0.0943296      1.67802     0.385682     -3.70373 
         450      1.89827     0.986779     0.656881  0.000328553      5.17904     0.665683  0.000332918      1.98409      1.01338    0.0923394      1.67778     0.396762     -3.70373 
         450      1.96102     0.987079     0.675042  0.000403056      5.19141     0.683877  0.000408212      1.98409      1.01307    0.0902265      1.67752      0.40767     -3.70373 
         450      2.02479     0.987398       0.6929   0.00046831      5.20375     0.701742   0.00047413      1.98409      1.01275    0.0879866      1.67725     0.418389     -3.70373 
         450      2.08958     0.987735     0.710428  0.000523808      5.21607     0.719248  0.000530159      1.98409       1.0124    0.0856151      1.67697       0.4289     -3.70373 
         450      2.15539     0.988092     0.727596  0.000569037      5.22834     0.736363  0.000575777      1.98409      1.01203    0.0831075      1.67667     0.439186     -3.70373 
         450      2.22222     0.988469     0.744375  0.000603475      5.24056     0.753056  0.000610456      1.98409      1.01165    0.0804592      1.67635     0.449229     -3.70373 
         450      2.29007     0.988867     0.760734   0.00062659      5.25272     0.769297  0.000633659       1.9841      1.01124    0.0776654      1.67601     0.459009     -3.70373 
         450      2.35894     0.989287     0.776642  0.000637845       5.2648     0.785053  0.000644838       1.9841      1.01081    0.0747214      1.67565     0.468508     -3.70373 
         450      2.42883     0.989728     0.792069  0.000636693      5.27679      0.80029  0.000643441       1.9841      1.01036    0.0716223      1.67528     0.477707     -3.70373 
         450      2.49974     0.990193     0.806982  0.000622579      5.28869     0.814976  0.000628905       1.9841      1.00989    0.0683633      1.67489     0.486587     -3.70373 
         450      2.57167     0.990681      0.82135   0.00059494      5.30047     0.829078  0.000600659       1.9841      1.00939    0.0649392      1.67447     0.495126     -3.70373 
         450      2.64462     0.991194     0.835139  0.000553205      5.31213      0.84256  0.000558126       1.9841      1.00887    0.0613452      1.67404     0.503307     -3.70373 
         450      2.71859     0.991732     0.848318  0.000496795      5.32366     0.855389  0.000500718      1.98409      1.00832     0.057576      1.67359     0.511107     -3.70373 
         450      2.79359     0.992126     0.861616   0.00064695      5.33432      0.86845  0.000652056      1.98405       1.0079    0.0546992      1.67323     0.519026     -3.92337 
         450       2.8696     0.992624       0.8738  0.000693507      5.34493     0.880286  0.000698612      1.98409      1.00741    0.0513164      1.67283     0.526227     -3.92337 
         450      2.94663     0.993059      0.88548  0.000680462      5.35481     0.891677  0.000685273      1.98404      1.00695    0.0481549      1.67245     0.533154     -3.55143 
         450      3.02468     0.993563     0.896569  0.000727268      5.36473     0.902373  0.000731952      1.98405      1.00644    0.0446654      1.67203     0.539689     -3.55143 
         450      3.10376      0.99405     0.907081   0.00076906      5.37416     0.912499  0.000773597      1.98407      1.00595    0.0412903      1.67162      0.54588     -3.55143 
         450      3.18385      0.99452     0.916987  0.000805621      5.38308     0.922027  0.000809989      1.98408      1.00549     0.038036      1.67123     0.551709     -3.55143 
         450      3.26497     0.994971     0.926258  0.000836727      5.39146     0.930931  0.000840904      1.98409      1.00503    0.0349088      1.67086     0.557161     -3.55143 
         450       3.3471     0.995403     0.934866  0.000862155      5.39927      0.93918  0.000866116      1.98409       1.0046    0.0319151       1.6705     0.562218     -3.55143 
         450      3.43025     0.995815     0.942782  0.000881676       5.4065     0.946747  0.000885398       1.9841      1.00419    0.0290613      1.67015     0.566862     -3.55143 
         450      3.51443     0.996205     0.949976   0.00089506      5.41311     0.953603  0.000898519      1.98411       1.0038     0.026354      1.66983     0.571076     -3.55143 
         450      3.59963     0.996573     0.956417  0.000902074      5.41908     0.959717  0.000905243      1.98411      1.00343    0.0237999      1.66952     0.574842     -3.55143 
         450      3.68584     0.996918     0.962076  0.000902482      5.42439     0.965061  0.000905335      1.98412      1.00309    0.0214057      1.66924     0.578143     -3.55143 
         450      3.77308      0.99724     0.966922  0.000896045        5.429     0.969604  0.000898554      1.98412      1.00276    0.0191781      1.66897     0.580959     -3.55143 
         450      3.86133     0.997535     0.970924   0.00088252       5.4329     0.973316  0.000884658      1.98412      1.00247    0.0171241      1.66872     0.583272     -3.55143 
         450      3.95061     0.997816     0.975061  0.000853475      5.43677     0.977197  0.000855378      1.98415       1.0022    0.0152355       1.6685     0.585674     -3.75459 
         450      4.04091     0.998055     0.978494  0.000888893      5.43999       0.9804  0.000890625      1.98413      1.00195    0.0135284      1.66829     0.587668     -3.75459 
         450      4.13222      0.99828     0.981687   0.00092026      5.44298     0.983377  0.000921826      1.98411      1.00172    0.0119214       1.6681     0.589521     -3.75459 
         450      4.22456     0.998492     0.984633  0.000947424      5.44575     0.986118  0.000948831       1.9841       1.0015    0.0104183      1.66791     0.591229     -3.75459 
         450      4.31792     0.998689     0.987321  0.000970233      5.44828     0.988616  0.000971489      1.98409       1.0013   0.00902332      1.66775     0.592787     -3.75459 
         450       4.4123     0.998871     0.989742  0.000988535      5.45057     0.990861  0.000989646      1.98409      1.00111   0.00774055      1.66759     0.594187     -3.75459 
         450      4.50769     0.999037     0.991887   0.00100217      5.45259     0.992843   0.00100315      1.98408      1.00094   0.00657414      1.66745     0.595426     -3.75459 
         450      4.60411     0.999187     0.993745   0.00101099      5.45436     0.994555   0.00101184      1.98408      1.00079   0.00552828      1.66732     0.596497     -3.75459 
         450      4.70155     0.999321     0.995307   0.00101483      5.45585     0.995986   0.00101556      1.98408      1.00066   0.00460723      1.66721     0.597395     -3.75459 
         450      4.80001     0.999437     0.996563   0.00101354      5.45706     0.997126   0.00101415      1.98409      1.00054   0.00381526      1.66712     0.598113     -3.75459 
         450      4.89949     0.999527     0.997483  0.000962674       5.4579     0.997956  0.000963122      1.98407      1.00045   0.00314635      1.66704     0.598641     -3.74425 
         450            5     0.999611     0.998178  0.000971738      5.45859     0.998567  0.000972111      1.98409      1.00037   0.00259951      1.66697      0.59903     -3.74425 
         500            0            1  4.25736e-09 -2.94527e-09      4.96032 -1.16711e-08 -2.93103e-09      1.98413            1  8.27798e-08      1.66667 -1.87564e-09     -5.67384 
         500      0.00051      0.99999  0.000185983 -2.58379e-09      4.96032  0.000185971 -2.57133e-09      1.98413      1.00001  7.04704e-05      1.66668  0.000111587     -5.67384 
         500      0.00204     0.999959  0.000743892 -1.09849e-09      4.96032  0.000743914 -1.09076e-09      1.98413      1.00004  0.000281476       1.6667  0.000446342     -5.67384 
         500     0.004591     0.999909   0.00167401  2.71503e-09      4.96032   0.00167416  2.71693e-09      1.98413      1.00009  0.000632768      1.66674   0.00100445     -5.67384 
         500     0.008162     0.999838   0.00297582  1.08611e-08      4.96032   0.00297631  1.08591e-08      1.98413      1.00016   0.00112342       1.6668   0.00178564     -5.67384 
         500     0.012753     0.999748   0.00464913  2.61466e-08      4.96033   0.00465031  2.61468e-08      1.98413      1.00025   0.00175234      1.66688   0.00278983     -5.67384 
         500     0.018365     0.999637   0.00669403  5.21853e-08      4.96034   0.00669647  5.21995e-08      1.98413      1.00036   0.00251824      1.66697   0.00401715     -5.67384 
         500     0.024997     0.999508   0.00910985  9.33856e-08      4.96036   0.00911434  9.34323e-08      1.98413      1.00049   0.00341927      1.66708   0.00546726     -5.67384 
         500     0.032649     0.999359    0.0118962   1.5496e-07      4.96039    0.0119038  1.55066e-07      1.98413      1.00064   0.00445337       1.6672   0.00714001     -5.67384 
         500     0.041322     0.999191     0.015053  2.42935e-07      4.96043    0.0150652  2.43135e-07      1.98413      1.00081   0.00561834      1.66734   0.00903548     -5.67384 
         500     0.051015     0.999005    0.0185795  3.57288e-07      4.96049     0.018598   3.5767e-07      1.98413        1.001   0.00691141       1.6675    0.0111532     -5.30298 
         500     0.061728     0.998801     0.022475  5.28723e-07      4.96057     0.022502  5.29346e-07      1.98413       1.0012   0.00832952      1.66767    0.0134931     -5.30298 
         500     0.073461      0.99858    0.0267391  7.45726e-07      4.96068    0.0267772   7.4677e-07      1.98413      1.00142   0.00986949      1.66785    0.0160549     -5.30298 
         500     0.086215     0.998341    0.0313715  1.01629e-06      4.96081    0.0314236  1.01798e-06      1.98413      1.00166    0.0115279      1.66805    0.0188385     -5.30298 
         500     0.099989     0.998087    0.0363712  1.34907e-06      4.96098    0.0364409  1.35167e-06      1.98413      1.00192    0.0133006      1.66826    0.0218436     -5.30298 
         500     0.114783     0.997816    0.0417373  1.75342e-06      4.96119    0.0418286  1.75726e-06      1.98413      1.00219    0.0151835      1.66849    0.0250697     -5.30298 
         500     0.130598      0.99753    0.0474695  2.22766e-06      4.96145    0.0475869  2.23322e-06      1.98413      1.00248    0.0171723      1.66873    0.0285169     -4.93334 
         500     0.147433      0.99723    0.0535666   2.8462e-06      4.96176    0.0537155  2.85406e-06      1.98413      1.00278    0.0192618      1.66898    0.0321846     -4.93334 
         500     0.165288     0.996916    0.0600279  3.56217e-06      4.96212    0.0602137  3.57315e-06      1.98413      1.00309    0.0214473      1.66924    0.0360724     -4.93334 
         500     0.184164      0.99659    0.0668528  4.38622e-06      4.96256    0.0670815  4.40124e-06      1.98413      1.00342    0.0237233      1.66952    0.0401802     -4.93334 
         500      0.20406     0.996251    0.0740398  5.32948e-06      4.96307    0.0743184  5.34958e-06      1.98413      1.00376    0.0260841       1.6698    0.0445074     -4.93334 
         500     0.224976     0.995901     0.081588  6.40374e-06      4.96366    0.0819238   6.4301e-06      1.98413      1.00412    0.0285236      1.67009    0.0490535     -4.93334 
         500     0.246913     0.995541    0.0894967   7.5525e-06      4.96434    0.0898972  7.58642e-06      1.98413      1.00448    0.0310361       1.6704     0.053818      -4.5654 
         500     0.269869     0.995171    0.0977643   9.0842e-06      4.96512    0.0982389  9.12822e-06      1.98413      1.00485    0.0336138      1.67071    0.0588008      -4.5654 
         500     0.293846     0.994794      0.10639  1.07728e-05      4.96601     0.106947  1.08291e-05      1.98413      1.00523    0.0362508      1.67102    0.0640008      -4.5654 
         500     0.318844     0.994408     0.115372  1.26299e-05      4.96701     0.116021  1.27009e-05      1.98413      1.00562    0.0389401      1.67135    0.0694175      -4.5654 
         500     0.344862     0.994017     0.124709  1.46674e-05      4.96814     0.125459  1.47557e-05      1.98413      1.00602    0.0416739      1.67168    0.0750501      -4.5654 
         500       0.3719      0.99362     0.134399   1.6898e-05      4.96941     0.135262  1.70066e-05      1.98413      1.00642    0.0444445      1.67201     0.080898      -4.5654 
         500     0.399958      0.99322     0.144442  1.93347e-05      4.97082     0.145428  1.94666e-05      1.98413      1.00683    0.0472438      1.67235    0.0869605      -4.5654 
         500     0.429036     0.992816     0.154834  2.16135e-05      4.97239     0.155953  2.17696e-05      1.98413      1.00724    0.0500662      1.67269    0.0932357       -4.201 
         500     0.459135     0.992412     0.165578  2.51385e-05      4.97413     0.166845  2.53308e-05      1.98413      1.00765    0.0528969      1.67303    0.0997262       -4.201 
         500     0.490255     0.992007     0.176666  2.88552e-05      4.97605     0.178091  2.90879e-05      1.98413      1.00806    0.0557316      1.67337     0.106426       -4.201 
         500     0.522394     0.991603     0.188095  3.27705e-05      4.97816     0.189689  3.30481e-05      1.98413      1.00847     0.058561      1.67371     0.113334       -4.201 
         500     0.555554     0.991201     0.199865  3.68921e-05      4.98047     0.201639  3.72196e-05      1.98413      1.00888    0.0613758      1.67405      0.12045       -4.201 
         500     0.589734     0.990803     0.211972  4.12276e-05      4.98299     0.213939  4.16101e-05      1.98413      1.00928    0.0641661      1.67438     0.127772       -4.201 
         500     0.624934      0.99041     0.224414  4.57848e-05      4.98574     0.226586   4.6228e-05      1.98413      1.00968    0.0669218      1.67472     0.135298       -4.201 
         500     0.661155     0.990023      0.23719  5.05722e-05      4.98873      0.23958  5.10818e-05      1.98413      1.01008    0.0696325      1.67504     0.143029       -4.201 
         500     0.698396     0.989641     0.250282  5.20626e-05      4.99195     0.252895  5.26021e-05      1.98413      1.01047    0.0723099      1.67537     0.150951     -3.85044 
         500     0.736658     0.989274     0.263731  6.07073e-05      4.99547      0.26659  6.13657e-05      1.98413      1.01084    0.0748916      1.67568     0.159094     -3.85044 
         500     0.775939     0.988916     0.277485  6.92964e-05      4.99926     0.280598  7.00759e-05      1.98413      1.01121     0.077402      1.67598     0.167422     -3.85044 
         500     0.816241      0.98857     0.291541  7.78078e-05      5.00332     0.294916  7.87106e-05      1.98413      1.01156    0.0798301      1.67627     0.175934     -3.85044 
         500     0.857563     0.988238     0.305896   8.6218e-05      5.00767     0.309539  8.72461e-05      1.98413       1.0119    0.0821645      1.67656     0.184627     -3.85044 
         500     0.899906     0.987921     0.320544  9.45037e-05      5.01232     0.324463  9.56589e-05      1.98413      1.01223    0.0843936      1.67682     0.193498     -3.85044 
         500     0.943269      0.98762      0.33548   0.00010264      5.01729     0.339683  0.000103924      1.98413      1.01253    0.0865054      1.67708     0.202545     -3.85044 
         500     0.987652     0.987339     0.350701  0.000110603      5.02259     0.355195  0.000112018      1.98413      1.01282    0.0884877      1.67732     0.211764     -3.85044 
         500      1.03306     0.987077     0.366202  0.000118365      5.02824     0.370993  0.000119913      1.98413      1.01309    0.0903281      1.67754     0.221154     -3.85044 
         500      1.07948     0.986838     0.381978  0.000125903      5.03425     0.387075  0.000127584      1.98413      1.01334    0.0920137      1.67775     0.230711     -3.85044 
         500      1.12692       0.9866     0.397934  0.000110393      5.04046     0.403322  0.000111877      1.98413      1.01358    0.0936941      1.67795      0.24037     -3.56464 
         500      1.17539     0.986416     0.414347  0.000137145      5.04734     0.420052  0.000139037      1.98413      1.01377    0.0949855       1.6781     0.250313     -3.56464 
         500      1.22487     0.986254     0.430935  0.000162019      5.05452     0.436949  0.000164289      1.98413      1.01394    0.0961215      1.67824     0.260359     -3.56464 
         500      1.27538     0.986116     0.447687  0.000184862      5.06201     0.454001  0.000187477      1.98413      1.01408    0.0970909      1.67836       0.2705     -3.56464 
         500       1.3269     0.986004     0.464592  0.000205519      5.06984     0.471197  0.000208444      1.98413      1.01419    0.0978818      1.67845      0.28073     -3.56464 
         500      1.37945     0.985918      0.48164  0.000223829        5.078     0.488524  0.000227027      1.98413      1.01428    0.0984826      1.67853     0.291043     -3.56464 
         500      1.43301     0.985861     0.498818  0.000239633      5.08651     0.505971  0.000243063      1.98413      1.01434    0.0988809      1.67857      0.30143     -3.56464 
         500       1.4876     0.985835     0.516115  0.000252763      5.09537     0.523524  0.000256383      1.98413      1.01437    0.0990646       1.6786     0.311885     -3.56464 
         500      1.54321     0.985842      0.53352  0.000263052      5.10461     0.541172  0.000266817      1.98413      1.01436     0.099021      1.67859       0.3224     -3.56464 
         500      1.59983     0.985883      0.55102  0.000270329      5.11423       0.5589   0.00027419      1.98413      1.01432    0.0987373      1.67856     0.332968     -3.56464 
         500      1.65748     0.985959     0.568603  0.000274418      5.12425     0.576696  0.000278325      1.98413      1.01424    0.0982004      1.67849     0.343581     -3.56464 
         500      1.71615     0.986074     0.586257  0.000275143      5.13467     0.594546  0.000279042      1.98413      1.01412    0.0973972       1.6784     0.354231     -3.56464 
         500      1.77584     0.986104     0.603467  0.000166389      5.14441     0.611968  0.000168975      1.98416      1.01411    0.0972555      1.67838     0.364613      -3.6417 
         500      1.83654     0.986327     0.621904  0.000250642      5.15627     0.630526  0.000254202      1.98415      1.01387    0.0956518      1.67819     0.375715      -3.6417 
         500      1.89827     0.986569     0.640135  0.000327127      5.16817     0.648851  0.000331554      1.98414      1.01362    0.0939224      1.67798     0.386684      -3.6417 
         500      1.96102      0.98683     0.658133  0.000395387      5.18011     0.666918  0.000400564      1.98413      1.01335    0.0920623      1.67775     0.397507      -3.6417 
         500      2.02479     0.987112     0.675872  0.000454953      5.19206     0.684698  0.000460759      1.98412      1.01305    0.0900664      1.67751     0.408164      -3.6417 
         500      2.08958     0.987413     0.693325  0.000505351      5.20403     0.702164  0.000511658      1.98411      1.01274    0.0879297      1.67725     0.418642      -3.6417 
         500      2.15539     0.987737     0.710466    0.0005461        5.216     0.719286  0.000552774      1.98411      1.01241    0.0856469      1.67697     0.428922      -3.6417 
         500      2.22222     0.988082     0.727266   0.00057671      5.22797     0.736037  0.000583609      1.98411      1.01205    0.0832128      1.67668     0.438988      -3.6417 
         500      2.29007     0.988451     0.743698  0.000596684      5.23993     0.752385   0.00060366      1.98411      1.01167    0.0806221      1.67637     0.448823      -3.6417 
         500      2.35894     0.988844     0.759734  0.000605517      5.25186     0.768303  0.000612416      1.98411      1.01127    0.0778692      1.67604     0.458408      -3.6417 
         500      2.42883     0.989261     0.775344  0.000602697      5.26377     0.783758  0.000609357      1.98412      1.01085    0.0749488      1.67568     0.467727      -3.6417 
         500      2.49974     0.989704     0.790499  0.000587704      5.27564     0.798721  0.000593955      1.98412       1.0104    0.0718552      1.67531     0.476761      -3.6417 
         500      2.57167     0.990174      0.80517   0.00056001      5.28746     0.813161  0.000565677      1.98413      1.00993    0.0685827      1.67492     0.485493      -3.6417 
         500      2.64462      0.99067     0.819327  0.000519081      5.29922     0.827044   0.00052398      1.98414      1.00942    0.0651256       1.6745     0.493902      -3.6417 
         500      2.71859     0.991195     0.832938  0.000464374      5.31091      0.84034  0.000468314      1.98415       1.0089     0.061478      1.67406     0.501971      -3.6417 
         500      2.79359     0.991605     0.846815  0.000352037      5.32196     0.854024  0.000355711      1.98436      1.00858    0.0591206       1.6738     0.510215     -3.70327 
         500       2.8696     0.992095      0.85945   0.00052279      5.33283     0.866309  0.000527064      1.98428      1.00805     0.055501      1.67336     0.517702     -3.70327 
         500      2.94663     0.992576     0.871593  0.000672862      5.34331     0.878105  0.000677634      1.98421      1.00752    0.0519648      1.67292     0.524894     -3.70327 
         500      3.02468     0.993046     0.883219  0.000801334      5.35338     0.889386  0.000806498      1.98415      1.00701    0.0485172       1.6725     0.531776     -3.70327 
         500      3.10376     0.993506     0.894301  0.000907275      5.36302     0.900125   0.00091272      1.98409      1.00652    0.0451637      1.67209      0.53833     -3.70327 
         500      3.18385     0.993953     0.904811  0.000989744      5.37221     0.910295  0.000995355      1.98404      1.00604    0.0419095      1.67169     0.544542     -3.70327 
         500      3.26497     0.994389     0.914723   0.00104778      5.38092     0.919868   0.00105344        1.984      1.00558    0.0387603      1.67131     0.550394     -3.70327 
         500       3.3471     0.994812     0.924008   0.00108043      5.38914     0.928819     0.001086      1.98397      1.00513    0.0357215      1.67094      0.55587     -3.70327 
         500      3.43025      0.99522     0.932638   0.00108669      5.39683     0.937117   0.00109206      1.98394      1.00471    0.0327989      1.67058     0.560953     -3.70327 
         500      3.51443     0.995615     0.940585   0.00106559      5.40398     0.944736   0.00107062      1.98392       1.0043     0.029998      1.67025     0.565625     -3.70327 
         500      3.59963     0.995994      0.94782   0.00101612      5.41056     0.951647   0.00102067      1.98391      1.00391    0.0273247      1.66992     0.569871     -3.70327 
         500      3.68584     0.996358     0.954314  0.000937255      5.41655      0.95782  0.000941181      1.98391      1.00354    0.0247848      1.66962     0.573671     -3.70327 
         500      3.77308     0.996705     0.960037  0.000827977      5.42193     0.963227   0.00083113      1.98391       1.0032    0.0223842      1.66933     0.577009     -3.70327 
         500      3.86133     0.997035     0.964959   0.00068724      5.42667     0.967838  0.000689468      1.98393      1.00287    0.0201289      1.66906     0.579867     -3.70327 
         500      3.95061     0.997347     0.969049  0.000513992      5.43074     0.971622  0.000515136      1.98396      1.00257     0.018025      1.66881     0.582226     -3.70327 
         500      4.04091     0.997641     0.972279  0.000307169      5.43413      0.97455  0.000307065        1.984       1.0023    0.0160784      1.66858     0.584068     -3.70327 
         500      4.13222     0.998117     0.978639  0.000544278      5.44065     0.980488  0.000545469      1.98436        1.002    0.0136727      1.66834     0.587703     -3.82081 
         500      4.22456     0.998305     0.981346   0.00069891      5.44311     0.983013  0.000700097      1.98431      1.00179    0.0122406      1.66816      0.58928     -3.82081 
         500      4.31792     0.998484     0.983891  0.000835051      5.44543     0.985383  0.000836225      1.98427      1.00159    0.0108817      1.66799     0.590761     -3.82081 
         500       4.4123     0.998653     0.986265  0.000952034      5.44759     0.987593  0.000953186      1.98422       1.0014   0.00959886      1.66783     0.592143     -3.82081 
         500      4.50769     0.998812     0.988464   0.00104919      5.44958     0.989637   0.00105031      1.98418      1.00122   0.00839512      1.66768     0.593422     -3.82081 
         500      4.60411      0.99896      0.99048   0.00112583      5.45141     0.991509    0.0011269      1.98415      1.00105   0.00727344      1.66754     0.594594     -3.82081 
         500      4.70155     0.999097     0.992307   0.00118127      5.45307     0.993203   0.00118229      1.98411       1.0009   0.00623686      1.66741     0.595655     -3.82081 
         500      4.80001     0.999223     0.993939   0.00121482      5.45455     0.994711   0.00121578      1.98408      1.00076   0.00528844       1.6673     0.596602     -3.82081 
         500      4.89949     0.999337     0.995367   0.00122577      5.45585     0.996028   0.00122665      1.98406      1.00063   0.00443127      1.66719      0.59743     -3.82081 
         500            5     0.999438     0.996587   0.00121342      5.45695     0.997148   0.00121421      1.98403      1.00051   0.00366842       1.6671     0.598135     -3.82081 
