Variables = x, y, rho, rhou, rhov, E, u, v, p, T, s, a, Mach, Sensor

Zone, I=1600, F=POINT
        -100            0     0.999813  2.54689e-05    1.932e-07      4.95939   2.4734e-05  1.89456e-07      1.98376            1  0.000372535      1.66667  1.30957e-05     -4.55618 
        -100      4.6e-05     0.999812  5.81822e-05  2.20788e-07      4.95939  5.74581e-05  2.17074e-07      1.98376            1  0.000384603      1.66667  3.27329e-05     -4.55618 
        -100     0.000187     0.999806  0.000158453  3.05278e-07      4.95939  0.000157763  3.01654e-07      1.98376      1.00001  0.000421589      1.66667  9.29238e-05     -4.55618 
        -100     0.000422     0.999797  0.000325563  4.45847e-07      4.95939  0.000324931  4.42376e-07      1.98376      1.00002  0.000483218      1.66668  0.000193237     -4.55618 
        -100     0.000751     0.999785  0.000559499  6.42126e-07      4.95939  0.000558954  6.38868e-07      1.98376      1.00003  0.000569465      1.66669  0.000333667     -4.55618 
        -100     0.001174     0.999769  0.000860245  8.93595e-07      4.95939  0.000859818  8.90616e-07      1.98376      1.00004  0.000680297       1.6667  0.000514204     -4.55618 
        -100     0.001691     0.999749   0.00122778  1.19959e-06      4.95939   0.00122751  1.19695e-06      1.98376      1.00006  0.000815672      1.66672  0.000734836     -4.55618 
        -100     0.002302     0.999726   0.00166207  1.55929e-06      4.95939     0.001662  1.55707e-06      1.98376      1.00009  0.000975539      1.66674  0.000995548     -4.55618 
        -100     0.003007       0.9997   0.00216309  1.97174e-06      4.95939   0.00216327  1.96999e-06      1.98376      1.00011   0.00115984      1.66676   0.00129632     -4.55618 
        -100     0.003806      0.99967   0.00273079  2.43583e-06       4.9594    0.0027313  2.43463e-06      1.98376      1.00014   0.00136849      1.66679   0.00163714     -4.55618 
        -100     0.004698     0.999636   0.00336444  2.94972e-06       4.9594   0.00336533  2.94915e-06      1.98376      1.00018   0.00160117      1.66681   0.00201755     -4.55618 
        -100     0.005685     0.999599   0.00406539  3.51315e-06       4.9594   0.00406676  3.51329e-06      1.98376      1.00021   0.00185829      1.66685   0.00243839     -4.55618 
        -100     0.006766     0.999559   0.00483289  4.12401e-06       4.9594   0.00483484  4.12493e-06      1.98376      1.00025   0.00213951      1.66688   0.00289919     -4.55618 
        -100     0.007941     0.999515   0.00566688  4.78057e-06      4.95941   0.00566952  4.78237e-06      1.98376       1.0003   0.00244471      1.66692   0.00339993     -4.55618 
        -100     0.009209     0.999467   0.00656659  5.48044e-06      4.95941   0.00657004  5.48322e-06      1.98376      1.00035   0.00277352      1.66696   0.00394014     -4.55618 
        -100     0.010572     0.999417   0.00753336  6.22273e-06      4.95942   0.00753779  6.22657e-06      1.98376       1.0004   0.00312633        1.667   0.00452065     -4.55618 
        -100      0.01203     0.999362   0.00856714  7.00527e-06      4.95943    0.0085727  7.01028e-06      1.98376      1.00045   0.00350299      1.66704   0.00514141     -4.55618 
        -100      0.01358     0.999305    0.0096657  7.82415e-06      4.95944   0.00967258  7.83044e-06      1.98376      1.00051    0.0039026      1.66709   0.00580112     -4.55618 
        -100     0.015225     0.999244    0.0108311  8.67855e-06      4.95945    0.0108395  8.68623e-06      1.98376      1.00057   0.00432577      1.66714   0.00650099     -4.55618 
        -100     0.016963      0.99918    0.0120618  9.56481e-06      4.95946     0.012072  9.57401e-06      1.98376      1.00063   0.00477181      1.66719   0.00724013     -4.55618 
        -100     0.018796     0.999112    0.0133592  1.04812e-05      4.95948    0.0133714  1.04921e-05      1.98376       1.0007   0.00524108      1.66725   0.00801934     -4.55618 
        -100     0.020722     0.999041    0.0147218  1.14239e-05       4.9595    0.0147362  1.14365e-05      1.98376      1.00077   0.00573286      1.66731   0.00883773     -4.55618 
        -100     0.022743     0.998967    0.0161507  1.23908e-05      4.95952    0.0161678  1.24054e-05      1.98376      1.00085   0.00624749      1.66737   0.00969609     -4.55618 
        -100     0.024857      0.99889    0.0176447  1.33778e-05      4.95955    0.0176646  1.33944e-05      1.98376      1.00092   0.00678425      1.66744    0.0105935     -4.55618 
        -100     0.027066      0.99881    0.0192048  1.43824e-05      4.95957     0.019228  1.44013e-05      1.98376        1.001   0.00734344       1.6675    0.0115308     -4.55618 
        -100      0.02937     0.998726    0.0208311  1.54012e-05      4.95961     0.020858  1.54225e-05      1.98376      1.00109   0.00792483      1.66757    0.0125078     -4.55618 
        -100     0.031765     0.998639    0.0225206  1.64288e-05      4.95964    0.0225515  1.64526e-05      1.98376      1.00118   0.00852718      1.66765    0.0135229     -4.55618 
        -100     0.034256     0.998549    0.0242766  1.74636e-05      4.95968    0.0243121  1.74902e-05      1.98376      1.00127   0.00915152      1.66772    0.0145781     -4.55618 
        -100      0.03684     0.998457    0.0260969  1.85004e-05      4.95973    0.0261374  1.85299e-05      1.98376      1.00136   0.00979684       1.6678    0.0156719     -4.55618 
        -100     0.039519     0.998361    0.0279829  1.95358e-05      4.95978    0.0280289  1.95685e-05      1.98376      1.00145    0.0104634      1.66788    0.0168053     -4.55618 
        -100     0.042291     0.998262    0.0299329  2.05651e-05      4.95984     0.029985  2.06011e-05      1.98376      1.00155    0.0111504      1.66796    0.0179773     -4.55618 
        -100     0.045158      0.99816    0.0319481  2.15844e-05       4.9599     0.032007  2.16241e-05      1.98375      1.00166     0.011858      1.66805    0.0191887     -4.55618 
        -100      0.04812     0.998056    0.0340286  2.25892e-05      4.95997    0.0340948  2.26328e-05      1.98375      1.00176    0.0125861      1.66813    0.0204393     -4.55618 
        -100     0.051173     0.997948    0.0361712  2.35736e-05      4.96004    0.0362454  2.36213e-05      1.98375      1.00187    0.0133333      1.66822    0.0217274     -4.55618 
        -100     0.054322     0.997838    0.0383794  2.45344e-05      4.96012    0.0384623  2.45865e-05      1.98375      1.00198    0.0141005      1.66831    0.0230551     -4.55618 
        -100     0.057563     0.997725    0.0406501  2.54654e-05      4.96021    0.0407425  2.55221e-05      1.98375      1.00209    0.0148864      1.66841    0.0244205     -4.55618 
        -100     0.060901     0.997609    0.0429868   2.6363e-05      4.96031    0.0430895  2.64246e-05      1.98376      1.00221    0.0156919      1.66851    0.0258256     -4.55618 
        -100      0.06433     0.997491    0.0453849  2.72201e-05      4.96042    0.0454987   2.7287e-05      1.98376      1.00233    0.0165153       1.6686    0.0272679     -4.55618 
        -100     0.067855      0.99737    0.0478479  2.80328e-05      4.96053    0.0479737  2.81052e-05      1.98376      1.00245    0.0173574      1.66871    0.0287494     -4.55618 
        -100     0.071475     0.997247    0.0503748  2.87951e-05      4.96066    0.0505136  2.88734e-05      1.98376      1.00257    0.0182176      1.66881    0.0302694     -4.55618 
        -100     0.075186     0.997121    0.0529627  2.95005e-05      4.96079    0.0531155   2.9585e-05      1.98376       1.0027    0.0190946      1.66891    0.0318264     -4.55618 
        -100     0.078993     0.996992    0.0556148  3.01442e-05      4.96094    0.0557826  3.02354e-05      1.98376      1.00283    0.0199892      1.66902    0.0334221     -4.55618 
        -100     0.082892     0.996862    0.0583282  3.07195e-05       4.9611    0.0585121  3.08176e-05      1.98376      1.00296    0.0209001      1.66913     0.035055     -4.55618 
        -100     0.086888     0.996729    0.0611061   3.1221e-05      4.96126    0.0613072  3.13265e-05      1.98376      1.00309    0.0218281      1.66924    0.0367268     -4.55618 
        -100     0.090974     0.996593    0.0639699  3.27177e-05      4.96144    0.0641839  3.28323e-05      1.98376      1.00323    0.0227721      1.66936    0.0384497     -4.00057 
        -100     0.095158     0.996455    0.0668893  3.34635e-05      4.96163     0.067124  3.35845e-05      1.98376      1.00337    0.0237363      1.66947    0.0402076     -4.00057 
        -100     0.099432     0.996314    0.0698701  3.42496e-05      4.96184    0.0701265  3.43774e-05      1.98376      1.00351    0.0247145      1.66959    0.0420028     -4.00057 
        -100     0.103804     0.996172    0.0729178  3.50789e-05      4.96206     0.073197  3.52142e-05      1.98376      1.00366    0.0257081      1.66971    0.0438384     -4.00057 
        -100      0.10827     0.996027    0.0760296  3.59524e-05      4.96229    0.0763327  3.60958e-05      1.98376       1.0038    0.0267157      1.66983    0.0457129     -4.00057 
        -100     0.112826     0.995881    0.0792025   3.6871e-05      4.96254    0.0795308   3.7023e-05      1.98376      1.00395    0.0277361      1.66995    0.0476243     -4.00057 
        -100      0.11748     0.995732     0.082442   3.7838e-05       4.9628    0.0827967  3.79993e-05      1.98376       1.0041    0.0287704      1.67008    0.0495761     -4.00057 
        -100     0.122224     0.995582    0.0857425  3.88534e-05      4.96308    0.0861248  3.90247e-05      1.98375      1.00425    0.0298165       1.6702    0.0515649     -4.00057 
        -100     0.127066      0.99543    0.0891095  3.99209e-05      4.96338    0.0895207  4.01028e-05      1.98375       1.0044    0.0308757      1.67033     0.053594     -4.00057 
        -100     0.131998     0.995277    0.0925372  4.10404e-05      4.96369    0.0929787  4.12337e-05      1.98375      1.00456    0.0319455      1.67046    0.0556598     -4.00057 
        -100     0.137027     0.995122    0.0960304  4.22153e-05      4.96402    0.0965036  4.24209e-05      1.98375      1.00471    0.0330272      1.67059    0.0577655     -4.00057 
        -100     0.142151     0.994965    0.0995877  4.34473e-05      4.96437     0.100094  4.36658e-05      1.98375      1.00487    0.0341196      1.67072      0.05991     -4.00057 
        -100     0.147365     0.994807     0.103205  4.47368e-05      4.96474     0.103746  4.49691e-05      1.98375      1.00503    0.0352213      1.67085    0.0620912     -4.00057 
        -100     0.152677     0.994648     0.106889   4.6088e-05      4.96513     0.107466   4.6335e-05      1.98375      1.00519    0.0363333      1.67099    0.0643124     -4.00057 
        -100     0.158079     0.994488     0.110633  4.75007e-05      4.96554     0.111248  4.77632e-05      1.98375      1.00535    0.0374534      1.67112    0.0665702     -4.00057 
        -100     0.163579     0.994326     0.114442  4.89791e-05      4.96597     0.115097  4.92581e-05      1.98375      1.00552    0.0385827      1.67126    0.0688679     -4.00057 
        -100     0.169168     0.994163     0.118311  5.05228e-05      4.96642     0.119007  5.08192e-05      1.98375      1.00568    0.0397188      1.67139    0.0712017     -4.00057 
        -100     0.174856     0.993999     0.122246  5.21368e-05       4.9669     0.122984  5.24516e-05      1.98375      1.00585    0.0408632      1.67153    0.0735757     -4.00057 
        -100     0.180634     0.993834     0.126241  5.38205e-05       4.9674     0.127024  5.41548e-05      1.98375      1.00601    0.0420134      1.67167    0.0759861     -4.00057 
        -100      0.18651     0.993669     0.130301  5.55785e-05      4.96792      0.13113  5.59333e-05      1.98375      1.00618    0.0431704      1.67181    0.0784362     -4.00057 
        -100      0.19248     0.993502     0.134423  5.74119e-05      4.96847     0.135301  5.77883e-05      1.98375      1.00635    0.0443329      1.67195    0.0809242     -4.00057 
        -100     0.198539     0.993336     0.138604  5.93213e-05      4.96905     0.139532  5.97205e-05      1.98375      1.00652    0.0454992      1.67209     0.083448     -4.00057 
        -100     0.204697     0.993168      0.14285  6.13121e-05      4.96965      0.14383  6.17353e-05      1.98375      1.00669    0.0466706      1.67223    0.0860117     -4.00057 
        -100     0.210944        0.993     0.147155  6.33835e-05      4.97028      0.14819  6.38318e-05      1.98375      1.00686    0.0478445      1.67237    0.0886111     -4.00057 
        -100      0.21729     0.992832     0.151525  6.55412e-05      4.97094     0.152616  6.60158e-05      1.98375      1.00703    0.0490223      1.67251    0.0912503     -4.00057 
        -100     0.223725     0.992663     0.155953   6.7784e-05      4.97163     0.157103  6.82863e-05      1.98375       1.0072    0.0502014      1.67266     0.093925     -4.00057 
        -100      0.23026     0.992494     0.160447  7.01183e-05      4.97235     0.161658  7.06496e-05      1.98375      1.00737    0.0513831       1.6728    0.0966398     -4.00057 
        -100     0.236888     0.992325     0.165001  7.25441e-05       4.9731     0.166276  7.31058e-05      1.98375      1.00754    0.0525654      1.67294    0.0993917     -4.00057 
        -100     0.243605     0.992157     0.169613  7.50623e-05      4.97388     0.170954  7.56558e-05      1.98375      1.00772     0.053747      1.67308     0.102179     -4.00057 
        -100     0.250421     0.991988      0.17429  7.76793e-05      4.97469     0.175699  7.83061e-05      1.98375      1.00789     0.054929      1.67323     0.105006     -4.00057 
        -100     0.257326      0.99182     0.179024  8.03938e-05      4.97554     0.180503  8.10552e-05      1.98375      1.00806    0.0561088      1.67337     0.107868     -4.00057 
        -100      0.26433     0.991651     0.183823  8.32123e-05      4.97643     0.185375    8.391e-05      1.98375      1.00823    0.0572876      1.67351     0.110769     -4.00057 
        -100     0.271423     0.991487     0.188578  7.67028e-05      4.97727     0.190163  7.73446e-05      1.98377       1.0084    0.0584691      1.67365     0.113631     -3.40061 
        -100     0.278615     0.991316     0.193524  8.00084e-05      4.97824     0.195193   8.0696e-05      1.98377      1.00858    0.0596606       1.6738     0.116624     -3.40061 
        -100     0.285901     0.991146     0.198527  8.34127e-05      4.97925     0.200283  8.41479e-05      1.98376      1.00875    0.0608488      1.67394     0.119653     -3.40061 
        -100     0.293276     0.990976     0.203586  8.69156e-05      4.98029     0.205429  8.77002e-05      1.98376      1.00892    0.0620322      1.67408     0.122714     -3.40061 
        -100      0.30075     0.990808     0.208705   9.0524e-05      4.98137     0.210638  9.13598e-05      1.98376      1.00909    0.0632116      1.67423     0.125813     -3.40061 
        -100     0.308312      0.99064     0.213878  9.42348e-05      4.98248       0.2159  9.51237e-05      1.98376      1.00926    0.0643846      1.67437     0.128944     -3.40061 
        -100     0.315975     0.990473     0.219112  9.80566e-05      4.98364     0.221226  9.90006e-05      1.98376      1.00943    0.0655525      1.67451     0.132112     -3.40061 
        -100     0.323725     0.990307     0.224399  0.000101985      4.98483     0.226605  0.000102986      1.98375       1.0096    0.0667122      1.67465     0.135312     -3.40061 
        -100     0.331575     0.990142     0.229746  0.000106028      4.98606     0.232047  0.000107088      1.98375      1.00977     0.067865      1.67479     0.138549     -3.40061 
        -100     0.339513     0.989978     0.235145  0.000110183      4.98734     0.237542  0.000111304      1.98375      1.00993    0.0690084      1.67492     0.141818     -3.40061 
        -100     0.347552     0.989816     0.240605  0.000114458      4.98866     0.243098  0.000115643      1.98375       1.0101    0.0701433      1.67506     0.145123     -3.40061 
        -100     0.355684     0.989655     0.246121  0.000118852      4.99002     0.248712  0.000120102      1.98375      1.01026    0.0712679       1.6752     0.148462     -3.40061 
        -100     0.363904     0.989496     0.251687  0.000123364      4.99142     0.254378  0.000124682      1.98375      1.01042    0.0723806      1.67533     0.151832     -3.40061 
        -100     0.372225     0.989339     0.257314  0.000128004      4.99287     0.260105  0.000129393      1.98374      1.01058    0.0734824      1.67546     0.155239     -3.40061 
        -100     0.380633     0.989183     0.262991  0.000132767      4.99436     0.265884  0.000134228      1.98374      1.01074    0.0745705      1.67559     0.158676     -3.40061 
        -100     0.389141     0.989029     0.268726  0.000137663       4.9959     0.271723  0.000139199      1.98374       1.0109    0.0756459      1.67572     0.162148     -3.40061 
        -100     0.397737     0.988878     0.274511  0.000142686      4.99749     0.277613  0.000144299      1.98374      1.01105    0.0767062      1.67585     0.165651     -3.40061 
        -100     0.406433     0.988729     0.280355  0.000147847      4.99913     0.283563   0.00014954      1.98374       1.0112    0.0777519      1.67598     0.169189     -3.40061 
        -100     0.415224     0.988582     0.286253  0.000153146      5.00082     0.289568  0.000154921      1.98374      1.01135    0.0787815       1.6761     0.172761     -3.40061 
        -100     0.424102     0.988438       0.2922  0.000158579      5.00255     0.295624   0.00016044      1.98374       1.0115    0.0797933      1.67622     0.176362     -3.40061 
        -100      0.43308     0.988296     0.298203  0.000164158      5.00435     0.301738  0.000166107      1.98374      1.01164    0.0807878      1.67634     0.179997     -3.40061 
        -100     0.442146     0.988157     0.304256  0.000169878      5.00619     0.307902  0.000171918      1.98374      1.01179    0.0817629      1.67646     0.183663     -3.40061 
        -100     0.451312     0.988021     0.310365   0.00017575      5.00809     0.314125  0.000177882      1.98374      1.01193    0.0827188      1.67658     0.187362     -3.40061 
        -100     0.460566     0.987888     0.316522  0.000181767      5.01004     0.320396  0.000183996      1.98374      1.01206    0.0836535      1.67669     0.191091     -3.40061 
        -100      0.46992     0.987758     0.322734  0.000187941      5.01205     0.326725  0.000190269      1.98374       1.0122    0.0845671       1.6768     0.194854     -3.40061 
        -100     0.479369     0.987631     0.328999  0.000194272      5.01412     0.333108  0.000196701      1.98374      1.01233    0.0854583      1.67691     0.198648     -3.40061 
        -100     0.488904     0.987508      0.33531  0.000200755      5.01624     0.339538   0.00020329      1.98374      1.01245    0.0863253      1.67701      0.20247     -3.40061 
        -100     0.498541     0.987388     0.341677  0.000207405      5.01843     0.346025  0.000210048      1.98374      1.01257    0.0871684      1.67711     0.206327     -3.40061 
        -100     0.508264     0.987272     0.348089  0.000214214      5.02067     0.352559  0.000216968      1.98374      1.01269    0.0879855      1.67721     0.210211     -3.40061 
        -100     0.518089      0.98716     0.354557  0.000221195      5.02298      0.35915  0.000224064      1.98374      1.01281    0.0887768      1.67731     0.214129     -3.40061 
        -100        0.528     0.987052     0.361069   0.00022834      5.02535     0.365787  0.000231327      1.98374      1.01292    0.0895401       1.6774     0.218073     -3.40061 
        -100     0.538012     0.986948     0.367635  0.000235664      5.02779     0.372479  0.000238771      1.98374      1.01303    0.0902755      1.67749     0.222051     -3.40061 
        -100     0.548111     0.986848     0.374245  0.000243157      5.03029     0.379218  0.000246389      1.98374      1.01313     0.090981      1.67757     0.226056     -3.40061 
        -100     0.558312     0.986752      0.38091  0.000250836      5.03285     0.386012  0.000254196      1.98375      1.01323    0.0916567      1.67766     0.230094     -3.40061 
        -100     0.568607     0.986662     0.387623  0.000258697      5.03549     0.392856  0.000262188      1.98375      1.01332    0.0923008      1.67773     0.234161     -3.40061 
        -100     0.578987     0.986576     0.394378  0.000266735      5.03819     0.399743  0.000270362      1.98375      1.01341    0.0929119      1.67781     0.238254     -3.40061 
        -100      0.58947     0.986494     0.401187  0.000274969      5.04097     0.406686  0.000278734      1.98375       1.0135      0.09349      1.67788     0.242379     -3.40061 
        -100     0.600039     0.986418     0.408038  0.000283387      5.04382     0.413673  0.000287295      1.98375      1.01358     0.094033      1.67794      0.24653     -3.40061 
        -100      0.61071     0.986347     0.414941  0.000292006      5.04674     0.420713   0.00029606      1.98376      1.01365    0.0945408      1.67801     0.250713     -3.40061 
        -100     0.621466      0.98623     0.420205 -3.12448e-05      5.04732     0.425948 -3.16063e-05      1.98385      1.01382    0.0956004      1.67815     0.253835     -3.06059 
        -100     0.632325     0.986178     0.427428  1.15485e-05      5.05074     0.433318   1.1814e-05      1.98384      1.01387    0.0959486      1.67819     0.258215     -3.06059 
        -100     0.643278      0.98613      0.43467  5.37759e-05      5.05421     0.440706  5.46581e-05      1.98384      1.01392    0.0962754      1.67822     0.262607     -3.06059 
        -100     0.654316     0.986084     0.441926  9.53796e-05      5.05771     0.448105  9.68675e-05      1.98383      1.01396    0.0965797      1.67826     0.267006     -3.06059 
        -100     0.665457     0.986042     0.449205  0.000136403      5.06125     0.455525  0.000138486      1.98382        1.014    0.0968615      1.67829     0.271418     -3.06059 
        -100     0.676684     0.986003     0.456496  0.000176759      5.06482     0.462954  0.000179425      1.98382      1.01404    0.0971197      1.67832     0.275836     -3.06059 
        -100     0.688013     0.985967     0.463807   0.00021648      5.06844       0.4704  0.000219718      1.98381      1.01407     0.097354      1.67835     0.280266     -3.06059 
        -100     0.699427     0.985935     0.471126  0.000255481      5.07209     0.477853  0.000259279       1.9838       1.0141    0.0975635      1.67838       0.2847     -3.06059 
        -100     0.710944     0.985906     0.478465    0.0002938      5.07578     0.485322  0.000298144       1.9838      1.01413    0.0977476       1.6784     0.289145     -3.06059 
        -100     0.722546     0.985882      0.48581   0.00033135      5.07951     0.492794  0.000336227      1.98379      1.01415    0.0979056      1.67842     0.293592     -3.06059 
        -100     0.734251     0.985861     0.493171  0.000368164      5.08328      0.50028  0.000373562      1.98379      1.01417     0.098037      1.67843     0.298049     -3.06059 
        -100      0.74605     0.985844     0.500542  0.000404187      5.08709     0.507772  0.000410091      1.98378      1.01418     0.098141      1.67844      0.30251     -3.06059 
        -100     0.757934     0.985831     0.507916  0.000439366      5.09093     0.515264  0.000445761      1.98377      1.01419    0.0982168      1.67845     0.306972     -3.06059 
        -100     0.769921     0.985822     0.515303  0.000473729      5.09482     0.522766  0.000480601      1.98377       1.0142    0.0982639      1.67846     0.311441     -3.06059 
        -100     0.781992     0.985817     0.522689  0.000507194      5.09875     0.530264  0.000514527      1.98376       1.0142    0.0982815      1.67846     0.315908     -3.06059 
        -100     0.794167     0.985816     0.530087   0.00053979      5.10271      0.53777  0.000547569      1.98376       1.0142     0.098269      1.67846     0.320381     -3.06059 
        -100     0.806427      0.98582     0.537483   0.00057144      5.10672      0.54527  0.000579649      1.98375      1.01419    0.0982256      1.67845     0.324852     -3.06059 
        -100      0.81879     0.985829     0.544886  0.000602163      5.11076     0.552775  0.000610785      1.98374      1.01418    0.0981505      1.67844     0.329326     -3.06059 
        -100     0.831247     0.985842     0.552291  0.000631908      5.11485     0.560277  0.000640925      1.98374      1.01416    0.0980432      1.67843       0.3338     -3.06059 
        -100     0.843789     0.985859      0.55969  0.000660627      5.11898     0.567769  0.000670022      1.98373      1.01414    0.0979029      1.67841     0.338269     -3.06059 
        -100     0.856434     0.985882     0.567093  0.000688333      5.12314     0.575262  0.000698088      1.98372      1.01411    0.0977288      1.67839      0.34274     -3.06059 
        -100     0.869163     0.985909     0.574488  0.000714957      5.12735     0.582742  0.000725054      1.98372      1.01408    0.0975204      1.67836     0.347204     -3.06059 
        -100     0.881997     0.985942     0.581885  0.000740515       5.1316      0.59022  0.000750935      1.98371      1.01405    0.0972765      1.67833     0.351668     -3.06059 
        -100     0.894914      0.98598      0.58927  0.000764935      5.13589     0.597682  0.000775658      1.98371        1.014    0.0969969       1.6783     0.356124     -3.06059 
        -100     0.907935     0.986022     0.596655  0.000788228      5.14023      0.60514  0.000799234       1.9837      1.01396    0.0966804      1.67826     0.360578     -3.06059 
        -100      0.92105     0.986071     0.604032  0.000810345      5.14461     0.612585  0.000821615      1.98369       1.0139    0.0963264      1.67821     0.365026     -3.06059 
        -100     0.934249     0.986124     0.611394  0.000831243      5.14902      0.62001  0.000842754      1.98369      1.01385    0.0959345      1.67817     0.369464     -3.06059 
        -100     0.947553     0.986183     0.618752  0.000850925      5.15348     0.627427  0.000862657      1.98368      1.01378    0.0955032      1.67811     0.373897     -3.06059 
        -100      0.96094     0.986248     0.626092   0.00086933      5.15798     0.634821   0.00088126      1.98368      1.01371    0.0950326      1.67806     0.378319     -3.06059 
        -100     0.974431     0.986319     0.633424  0.000886456      5.16253     0.642202  0.000898563      1.98367      1.01364    0.0945211      1.67799     0.382734     -3.06059 
        -100     0.988006     0.986395     0.640736  0.000902249      5.16712     0.649558  0.000914509      1.98367      1.01356    0.0939686      1.67793     0.387135     -3.06059 
        -100      1.00168     0.986478     0.648038  0.000916701      5.17175     0.656898  0.000929092      1.98366      1.01347    0.0933737      1.67785     0.391529     -3.06059 
        -100      1.01545     0.986566     0.655317  0.000929762      5.17643     0.664211  0.000942259      1.98365      1.01337    0.0927363      1.67778     0.395907     -3.06059 
        -100      1.02931     0.986661     0.662583  0.000941421      5.18115     0.671505     0.000954      1.98365      1.01327    0.0920548      1.67769     0.400276     -3.06059 
        -100      1.04328     0.986763     0.669829  0.000951636      5.18592     0.678774  0.000964272      1.98364      1.01317    0.0913287       1.6776     0.404631     -3.06059 
        -100      1.05732      0.98687     0.677048  0.000960369      5.19072      0.68601  0.000973037      1.98364      1.01305    0.0905579      1.67751     0.408968     -3.06059 
        -100      1.07147     0.986985      0.68425  0.000967605      5.19558     0.693223  0.000980279      1.98363      1.01293    0.0897404      1.67741     0.413293     -3.06059 
        -100       1.0857     0.987105     0.691421    0.0009733      5.20048       0.7004  0.000985953      1.98363      1.01281    0.0888766      1.67731     0.417598     -3.06059 
        -100      1.10004     0.987233     0.698573  0.000977431      5.20542     0.707551  0.000990036      1.98362      1.01267    0.0879643      1.67719      0.42189     -3.06059 
        -100      1.11446     0.987368     0.705692  0.000979961      5.21041     0.714663  0.000992491      1.98361      1.01253    0.0870043      1.67708     0.426159     -3.06059 
        -100      1.12899      0.98751     0.712787  0.000980862      5.21545     0.721746  0.000993288      1.98361      1.01239    0.0859941      1.67696     0.430413     -3.06059 
        -100      1.14361     0.987659     0.719853  0.000980098      5.22053     0.728793  0.000992393       1.9836      1.01223    0.0849335      1.67683     0.434647     -3.06059 
        -100      1.15831     0.987815     0.726881   0.00097764      5.22565     0.735796  0.000989775       1.9836      1.01207    0.0838227      1.67669     0.438856     -3.06059 
        -100      1.17312     0.987979     0.733883  0.000973452      5.23083     0.742765  0.000985396      1.98359       1.0119    0.0826591      1.67655     0.443047     -3.06059 
        -100      1.18801      0.98815     0.740844  0.000967508      5.23605     0.749687  0.000979231      1.98359      1.01172    0.0814436       1.6764     0.447212     -3.06059 
        -100        1.203     0.988329     0.747774  0.000959765      5.24132     0.756572  0.000971237      1.98358      1.01153    0.0801735      1.67625     0.451356     -3.06059 
        -100      1.21808     0.988515     0.754661  0.000950203      5.24663     0.763407  0.000961392      1.98358      1.01134    0.0788498      1.67609     0.455473     -3.06059 
        -100      1.23326      0.98871     0.761515  0.000938772      5.25199     0.770202  0.000949646      1.98357      1.01114    0.0774696      1.67592     0.459567     -3.06059 
        -100      1.24854     0.988912     0.768329  0.000925446       5.2574     0.776948  0.000935973      1.98357      1.01093    0.0760331      1.67575     0.463634     -3.06059 
        -100       1.2639     0.989123     0.775094  0.000910206      5.26286      0.78364  0.000920353      1.98356      1.01071    0.0745406      1.67557      0.46767     -3.06059 
        -100      1.27937     0.989342     0.781822   0.00089299      5.26837     0.790286  0.000902724      1.98356      1.01048    0.0729888      1.67538     0.471682     -3.06059 
        -100      1.29491     0.989569     0.788499  0.000873794      5.27392     0.796874   0.00088308      1.98355      1.01025    0.0713793      1.67518      0.47566     -3.06059 
        -100      1.31057     0.989805     0.795134  0.000852554      5.27953     0.803413  0.000861357      1.98355         1.01    0.0697087      1.67498     0.479611     -3.06059 
        -100       1.3263      0.99005     0.801716  0.000829265      5.28518      0.80989   0.00083755      1.98354      1.00975    0.0679786      1.67477     0.483528     -3.06059 
        -100      1.34214     0.990015     0.816897  0.000795462      5.29465     0.825324  0.000804873      1.98382      1.00992    0.0688941      1.67491     0.492685     -2.91694 
        -100      1.35807     0.990233     0.821813   0.00083138        5.299     0.830074  0.000840721      1.98383       1.0097    0.0673757      1.67473     0.495585     -2.91694 
        -100       1.3741     0.990451     0.826693  0.000866922      5.30331     0.834788   0.00087619      1.98383      1.00948     0.065865      1.67455     0.498464     -2.91694 
        -100      1.39022     0.990668     0.831531  0.000902046      5.30759     0.839463   0.00091124      1.98383      1.00926    0.0643636      1.67437     0.501318     -2.91694 
        -100      1.40643     0.990882     0.836324  0.000936714      5.31183     0.844092  0.000945833      1.98384      1.00905    0.0628729      1.67419     0.504146     -2.91694 
        -100      1.42274     0.991096     0.841078   0.00097097      5.31604     0.848683  0.000980012      1.98384      1.00884    0.0613909      1.67401     0.506949     -2.91694 
        -100      1.43913     0.991308     0.845783   0.00100475       5.3202     0.853226   0.00101371      1.98385      1.00862    0.0599202      1.67384     0.509725     -2.91694 
        -100      1.45563     0.991518     0.850446   0.00103809      5.32433     0.857728   0.00104698      1.98385      1.00841    0.0584589      1.67366     0.512475     -2.91694 
        -100      1.47221     0.991727     0.855058   0.00107094      5.32841     0.862181   0.00107974      1.98385       1.0082    0.0570096      1.67349     0.515195     -2.91694 
        -100       1.4889     0.991934     0.859625   0.00110332      5.33246     0.866589   0.00111205      1.98386      1.00799    0.0555704      1.67332     0.517888     -2.91694 
        -100      1.50568     0.992139     0.864143   0.00113521      5.33646     0.870949   0.00114385      1.98386      1.00779    0.0541426      1.67314     0.520552     -2.91694 
        -100      1.52255     0.992342     0.868607   0.00116657      5.34041     0.875256   0.00117512      1.98386      1.00758    0.0527279      1.67297     0.523184     -2.91694 
        -100      1.53952     0.992544     0.873022   0.00119744      5.34433     0.879515    0.0012059      1.98386      1.00738    0.0513241      1.67281     0.525787     -2.91694 
        -100      1.55657     0.992744      0.87738   0.00122775      5.34819     0.883719   0.00123613      1.98387      1.00718     0.049934      1.67264     0.528356     -2.91694 
        -100      1.57372     0.992942     0.881686   0.00125754      5.35201     0.887872   0.00126583      1.98387      1.00698    0.0485556      1.67247     0.530895     -2.91694 
        -100      1.59096     0.993137     0.885934   0.00128676      5.35578     0.891968   0.00129496      1.98387      1.00678    0.0471914      1.67231     0.533399     -2.91694 
        -100      1.60831     0.993331     0.890127   0.00131543       5.3595      0.89601   0.00132354      1.98387      1.00659    0.0458397      1.67215      0.53587     -2.91694 
        -100      1.62573     0.993523     0.894258   0.00134351      5.36317     0.899992   0.00135152      1.98387      1.00639    0.0445029      1.67199     0.538305     -2.91694 
        -100      1.64327     0.993713     0.898333   0.00137102      5.36678     0.903918   0.00137893      1.98387       1.0062    0.0431793      1.67183     0.540706     -2.91694 
        -100       1.6609       0.9939     0.902346   0.00139793      5.37035     0.907785   0.00140574      1.98387      1.00601    0.0418702      1.67167     0.543071     -2.91694 
        -100      1.67861     0.994086     0.906294    0.0014242      5.37386     0.911587   0.00143192      1.98387      1.00583     0.040577      1.67151     0.545397     -2.91694 
        -100      1.69642     0.994269     0.910181   0.00144987      5.37731     0.915329   0.00145748      1.98387      1.00564     0.039298      1.67136     0.547686     -2.91694 
        -100      1.71432     0.994449        0.914   0.00147488      5.38071     0.919005   0.00148239      1.98387      1.00546    0.0380356      1.67121     0.549935     -2.91694 
        -100      1.73232     0.994628     0.917755   0.00149927      5.38405     0.922619   0.00150667      1.98387      1.00528    0.0367882      1.67106     0.552147     -2.91694 
        -100      1.75041     0.994803     0.921438   0.00152297      5.38733     0.926163   0.00153027      1.98387       1.0051    0.0355581      1.67091     0.554316     -2.91694 
        -100       1.7686     0.994977     0.925056   0.00154602      5.39055     0.929642   0.00155321      1.98387      1.00492    0.0343436      1.67076     0.556446     -2.91694 
        -100      1.78689     0.995148     0.928603   0.00156838      5.39371     0.933052   0.00157547      1.98387      1.00475    0.0331461      1.67062     0.558534     -2.91694 
        -100      1.80525     0.995316     0.932075   0.00159003      5.39681     0.936389     0.001597      1.98387      1.00458     0.031967      1.67048     0.560578     -2.91694 
        -100      1.82373     0.995481     0.935475   0.00161098      5.39984     0.939657   0.00161784      1.98386      1.00441    0.0308047      1.67034     0.562579     -2.91694 
        -100      1.84228     0.995644     0.938799    0.0016312      5.40281     0.942848   0.00163794      1.98386      1.00424    0.0296613       1.6702     0.564535     -2.91694 
        -100      1.86094     0.995805     0.942049   0.00165069      5.40571     0.945968   0.00165731      1.98386      1.00408    0.0285356      1.67006     0.566447     -2.91694 
        -100      1.87968     0.995962     0.945218   0.00166942      5.40854     0.949009   0.00167592      1.98386      1.00392    0.0274296      1.66993     0.568311     -2.91694 
        -100      1.89853     0.996116     0.948311    0.0016874      5.41131     0.951975   0.00169378      1.98385      1.00376    0.0263418       1.6698      0.57013     -2.91694 
        -100      1.91748     0.996268     0.951323   0.00170461      5.41401     0.954863   0.00171087      1.98385      1.00361    0.0252737      1.66967       0.5719     -2.91694 
        -100       1.9365     0.996417     0.954251   0.00172102      5.41663     0.957668   0.00172715      1.98384      1.00346    0.0242263      1.66954     0.573622     -2.91694 
        -100      1.95563     0.996562     0.957097   0.00173663      5.41918     0.960394   0.00174264      1.98384      1.00331    0.0231985      1.66942     0.575294     -2.91694 
        -100      1.97484     0.996705     0.959857   0.00175143      5.42166     0.963034   0.00175731      1.98383      1.00316    0.0221921       1.6693     0.576915     -2.91694 
        -100      1.99416     0.996844     0.962532   0.00176541      5.42407     0.965593   0.00177116      1.98383      1.00302     0.021206      1.66918     0.578487     -2.91694 
        -100      2.01356      0.99698     0.965117   0.00177854      5.42639     0.968063   0.00178415      1.98382      1.00288    0.0202421      1.66906     0.580005     -2.91694 
        -100      2.03307     0.997113     0.967616   0.00179082      5.42864     0.970449    0.0017963      1.98382      1.00274    0.0192993      1.66895     0.581471     -2.91694 
        -100      2.05266     0.997243     0.970021   0.00180223      5.43081     0.972743   0.00180758      1.98381       1.0026    0.0183795      1.66884     0.582882     -2.91694 
        -100      2.07236     0.997369     0.972336   0.00181277       5.4329      0.97495   0.00181798       1.9838      1.00247    0.0174816      1.66873      0.58424     -2.91694 
        -100      2.09215     0.997492     0.974557   0.00182242      5.43491     0.977064   0.00182748       1.9838      1.00235    0.0166066      1.66862     0.585542     -2.91694 
        -100      2.11202     0.997611     0.976682   0.00183115      5.43684     0.979085   0.00183607      1.98379      1.00222    0.0157558      1.66852     0.586787     -2.91694 
        -100      2.13199     0.997727     0.978711   0.00183897      5.43868     0.981012   0.00184375      1.98378       1.0021     0.014928      1.66842     0.587975     -2.91694 
        -100      2.15205     0.997839      0.98064   0.00184585      5.44044     0.982841   0.00185048      1.98377      1.00198    0.0141251      1.66832     0.589104     -2.91694 
        -100      2.17222     0.997948     0.982472   0.00185179      5.44211     0.984575   0.00185627      1.98376      1.00187     0.013346      1.66823     0.590175     -2.91694 
        -100      2.19246     0.998053       0.9842   0.00185677      5.44369     0.986209    0.0018611      1.98376      1.00176    0.0125926      1.66813     0.591185     -2.91694 
        -100      2.21282     0.998154     0.985827   0.00186077      5.44519     0.987743   0.00186494      1.98375      1.00165    0.0118639      1.66804     0.592135     -2.91694 
        -100      2.23327     0.998251      0.98735   0.00186379      5.44659     0.989175    0.0018678      1.98374      1.00155     0.011161      1.66796     0.593023     -2.91694 
        -100      2.25379     0.998344     0.988765    0.0018658       5.4479     0.990503   0.00186965      1.98372      1.00145    0.0104848      1.66788     0.593847     -2.91694 
        -100      2.27443     0.998434     0.990074   0.00186679      5.44912     0.991727   0.00187049      1.98371      1.00136   0.00983466       1.6678     0.594609     -2.91694 
        -100      2.29514     0.998519     0.991274   0.00186675      5.45024     0.992844   0.00187029       1.9837      1.00126   0.00921199      1.66772     0.595305     -2.91694 
        -100      2.31597     0.998601     0.992363   0.00186567      5.45127     0.993853   0.00186904      1.98369      1.00118    0.0086162      1.66765     0.595936     -2.91694 
        -100      2.33687     0.998678      0.99334   0.00186354       5.4522     0.994752   0.00186674      1.98368      1.00109   0.00804868      1.66758     0.596501     -2.91694 
        -100      2.35788     0.998751     0.994203   0.00186032      5.45303     0.995541   0.00186335      1.98367      1.00101   0.00750891      1.66751     0.596998     -2.91694 
        -100      2.37899      0.99882     0.994951   0.00185602      5.45376     0.996217   0.00185888      1.98365      1.00094   0.00699777      1.66745     0.597427     -2.91694 
        -100      2.40017     0.998884     0.995582   0.00185062      5.45438     0.996779   0.00185331      1.98364      1.00087   0.00651607      1.66739     0.597786     -2.91694 
        -100      2.42147     0.998945     0.996094    0.0018441      5.45491     0.997225   0.00184661      1.98362       1.0008   0.00606344      1.66733     0.598075     -2.91694 
        -100      2.44284        0.999     0.996487   0.00183646      5.45533     0.997553   0.00183879      1.98361      1.00074   0.00564102      1.66728     0.598293     -2.91694 
        -100      2.46432     0.999051     0.996757   0.00182766      5.45565     0.997763   0.00182981      1.98359      1.00068   0.00524857      1.66723     0.598439     -2.91694 
        -100      2.48588     0.999098     0.996904   0.00181772      5.45585     0.997852   0.00181968      1.98358      1.00062   0.00488713      1.66719     0.598512     -2.91694 
        -100      2.50755      0.99914     0.996926   0.00180658      5.45595     0.997819   0.00180836      1.98356      1.00057   0.00455656      1.66715      0.59851     -2.91694 
        -100       2.5293     0.999177     0.996822   0.00179427      5.45594     0.997663   0.00179586      1.98355      1.00053   0.00425781      1.66711     0.598434     -2.91694 
        -100      2.55116      0.99921     0.996589   0.00178075      5.45582     0.997381   0.00178214      1.98353      1.00049   0.00399081      1.66707     0.598281     -2.91694 
        -100      2.57311     0.999238     0.996226   0.00176601      5.45558     0.996973    0.0017672      1.98351      1.00045   0.00375626      1.66704     0.598052     -2.91694 
        -100      2.59514     0.999261     0.995732   0.00175004      5.45523     0.996436   0.00175104      1.98349      1.00042   0.00355474      1.66702     0.597744     -2.91694 
        -100      2.61728     0.999279     0.995104   0.00173281      5.45477     0.995769   0.00173361      1.98347      1.00039   0.00338636      1.66699     0.597358     -2.91694 
        -100       2.6395     0.999292     0.994341   0.00171434      5.45418      0.99497   0.00171493      1.98346      1.00037   0.00325183      1.66698     0.596891     -2.91694 
        -100      2.66183       0.9993     0.993442   0.00169457      5.45348     0.994038   0.00169496      1.98344      1.00036   0.00315137      1.66696     0.596344     -2.91694 
        -100      2.68424     0.999302     0.992404   0.00167352      5.45266     0.992971    0.0016737      1.98342      1.00034   0.00308557      1.66695     0.595715     -2.91694 
        -100      2.70675       0.9993     0.991226   0.00165114      5.45171     0.991767   0.00165111      1.98339      1.00034   0.00305477      1.66695     0.595002     -2.91694 
        -100      2.72937     0.999292     0.989906   0.00162744      5.45065     0.990424    0.0016272      1.98337      1.00033    0.0030595      1.66694     0.594205     -2.91694 
        -100      2.75205     0.999618     0.998547   0.00188175       5.4582     0.998929   0.00188246      1.98378      1.00021   0.00179404      1.66684     0.599296      -4.2615 
        -100      2.77485     0.999627     0.998608    0.0018814      5.45825     0.998981   0.00188211      1.98378       1.0002   0.00172704      1.66683      0.59933      -4.2615 
        -100      2.79773     0.999636     0.998668   0.00188107       5.4583     0.999032   0.00188176      1.98378      1.00019   0.00166097      1.66682     0.599364      -4.2615 
        -100      2.82071     0.999645     0.998728   0.00188075      5.45835     0.999083   0.00188141      1.98378      1.00018   0.00159572      1.66682     0.599397      -4.2615 
        -100      2.84378     0.999653     0.998787   0.00188043       5.4584     0.999133   0.00188108      1.98378      1.00017   0.00153142      1.66681      0.59943      -4.2615 
        -100      2.86695     0.999662     0.998845   0.00188012      5.45845     0.999183   0.00188075      1.98378      1.00016   0.00146798       1.6668     0.599462      -4.2615 
        -100       2.8902      0.99967     0.998902   0.00187982       5.4585     0.999231   0.00188044      1.98377      1.00015    0.0014055      1.66679     0.599494      -4.2615 
        -100      2.91357     0.999679     0.998958   0.00187952      5.45855     0.999279   0.00188013      1.98377      1.00014   0.00134392      1.66679     0.599526      -4.2615 
        -100      2.93702     0.999687     0.999013   0.00187924       5.4586     0.999326   0.00187983      1.98377      1.00013   0.00128329      1.66678     0.599557      -4.2615 
        -100      2.96055     0.999695     0.999068   0.00187896      5.45864     0.999372   0.00187954      1.98377      1.00012   0.00122367      1.66677     0.599587      -4.2615 
        -100       2.9842     0.999703     0.999121   0.00187869      5.45869     0.999418   0.00187925      1.98377      1.00012   0.00116498      1.66676     0.599617      -4.2615 
        -100      3.00792     0.999711     0.999173   0.00187844      5.45874     0.999463   0.00187898      1.98377      1.00011   0.00110734      1.66676     0.599646      -4.2615 
        -100      3.03175     0.999718     0.999225   0.00187819      5.45878     0.999506   0.00187871      1.98376       1.0001   0.00105066      1.66675     0.599675      -4.2615 
        -100      3.05566     0.999726     0.999275   0.00187794      5.45882     0.999549   0.00187846      1.98376      1.00009  0.000995047      1.66674     0.599703      -4.2615 
        -100      3.07968     0.999733     0.999325   0.00187771      5.45887     0.999592   0.00187821      1.98376      1.00008  0.000940432      1.66674     0.599731      -4.2615 
        -100       3.1038      0.99974     0.999374   0.00187749      5.45891     0.999633   0.00187798      1.98376      1.00007  0.000886868      1.66673     0.599758      -4.2615 
        -100      3.12799     0.999747     0.999421   0.00187728      5.45895     0.999674   0.00187775      1.98376      1.00007  0.000834417      1.66672     0.599785      -4.2615 
        -100      3.15229     0.999754     0.999468   0.00187707      5.45899     0.999713   0.00187753      1.98376      1.00006  0.000783009      1.66672     0.599811      -4.2615 
        -100      3.17667     0.999761     0.999513   0.00187688      5.45903     0.999752   0.00187733      1.98376      1.00005  0.000732738      1.66671     0.599837      -4.2615 
        -100      3.20116     0.999768     0.999558   0.00187669      5.45906      0.99979   0.00187713      1.98375      1.00004   0.00068354       1.6667     0.599862      -4.2615 
        -100      3.22573     0.999774     0.999601   0.00187652       5.4591     0.999827   0.00187694      1.98375      1.00004   0.00063551       1.6667     0.599886      -4.2615 
        -100      3.25041      0.99978     0.999643   0.00187635      5.45914     0.999863   0.00187677      1.98375      1.00003  0.000588587      1.66669      0.59991      -4.2615 
        -100      3.27518     0.999786     0.999685    0.0018762      5.45917     0.999898    0.0018766      1.98375      1.00002  0.000542822      1.66669     0.599933      -4.2615 
        -100      3.30003     0.999792     0.999725   0.00187605       5.4592     0.999932   0.00187644      1.98375      1.00002  0.000498267      1.66668     0.599955      -4.2615 
        -100      3.32499     0.999798     0.999764   0.00187592      5.45924     0.999966    0.0018763      1.98375      1.00001  0.000454868      1.66668     0.599977      -4.2615 
        -100      3.35003     0.999804     0.999802    0.0018758      5.45927     0.999998   0.00187616      1.98375            1  0.000412707      1.66667     0.599998      -4.2615 
        -100      3.37518     0.999809     0.999838   0.00187568       5.4593      1.00003   0.00187604      1.98375     0.999999  0.000371732      1.66667     0.600019      -4.2615 
        -100       3.4004     0.999814     0.999874   0.00187558      5.45933      1.00006   0.00187593      1.98374     0.999993  0.000332026      1.66666     0.600039      -4.2615 
        -100      3.42574      0.99982     0.999908   0.00187549      5.45936      1.00009   0.00187583      1.98374     0.999987  0.000293539      1.66666     0.600058      -4.2615 
        -100      3.45115     0.999824     0.999941   0.00187541      5.45939      1.00012   0.00187574      1.98374     0.999981  0.000256351      1.66665     0.600077      -4.2615 
        -100      3.47668     0.999829     0.999973   0.00187534      5.45941      1.00014   0.00187566      1.98374     0.999976  0.000220414      1.66665     0.600095      -4.2615 
        -100       3.5023     0.999834            1   0.00187528      5.45944      1.00017   0.00187559      1.98374     0.999971  0.000185777      1.66664     0.600112      -4.2615 
        -100      3.52799     0.999838      1.00003   0.00187523      5.45946       1.0002   0.00187553      1.98374     0.999966  0.000152481      1.66664     0.600129      -4.2615 
        -100       3.5538     0.999842      1.00006   0.00187519      5.45949      1.00022   0.00187549      1.98374     0.999961  0.000120489      1.66663     0.600144      -4.2615 
        -100      3.57968     0.999846      1.00009   0.00187517      5.45951      1.00024   0.00187546      1.98374     0.999957  8.98678e-05      1.66663      0.60016      -4.2615 
        -100      3.60567      0.99985      1.00011   0.00187516      5.45953      1.00026   0.00187544      1.98373     0.999952  6.05839e-05      1.66663     0.600174      -4.2615 
        -100      3.63174     0.999854      1.00014   0.00187516      5.45955      1.00029   0.00187543      1.98373     0.999948  3.27007e-05      1.66662     0.600188      -4.2615 
        -100      3.65793     0.999857      1.00016   0.00187517      5.45957       1.0003   0.00187543      1.98373     0.999944  6.19023e-06      1.66662     0.600201      -4.2615 
        -100       3.6842      0.99986      1.00018   0.00187519      5.45958      1.00032   0.00187545      1.98373      0.99994 -1.89102e-05      1.66662     0.600213      -4.2615 
        -100      3.71055     0.999863       1.0002   0.00187522       5.4596      1.00034   0.00187548      1.98373     0.999937 -4.25652e-05      1.66661     0.600225      -4.2615 
        -100      3.73702     0.999866      1.00022   0.00187527      5.45962      1.00036   0.00187552      1.98373     0.999933 -6.47962e-05      1.66661     0.600235      -4.2615 
        -100      3.76356     0.999869      1.00024   0.00187533      5.45963      1.00037   0.00187558      1.98373      0.99993 -8.55516e-05      1.66661     0.600245      -4.2615 
        -100      3.79021     0.999871      1.00026    0.0018754      5.45964      1.00039   0.00187565      1.98373     0.999927 -0.000104848      1.66661     0.600254      -4.2615 
        -100      3.81694     0.999873      1.00027   0.00187549      5.45965       1.0004   0.00187573      1.98373     0.999925 -0.000122638       1.6666     0.600263      -4.2615 
        -100      3.84378     0.999875      1.00029   0.00187559      5.45966      1.00041   0.00187582      1.98373     0.999922 -0.000138934       1.6666     0.600271      -4.2615 
        -100       3.8707     0.999877       1.0003    0.0018757      5.45967      1.00042   0.00187593      1.98372      0.99992 -0.000153693       1.6666     0.600277      -4.2615 
        -100      3.89773     0.999879      1.00031   0.00187582      5.45968      1.00043   0.00187605      1.98372     0.999918 -0.000166923       1.6666     0.600283      -4.2615 
        -100      3.92485      0.99988      1.00032   0.00187596      5.45968      1.00044   0.00187619      1.98372     0.999916 -0.000178593       1.6666     0.600289      -4.2615 
        -100      3.95205     0.999881      1.00032   0.00187611      5.45969      1.00044   0.00187633      1.98372     0.999914 -0.000188681       1.6666     0.600293      -4.2615 
        -100      3.97936     0.999882      1.00033   0.00187628      5.45969      1.00045    0.0018765      1.98372     0.999913 -0.000197185      1.66659     0.600296      -4.2615 
        -100      4.00674     0.999883      1.00034   0.00187645       5.4597      1.00045   0.00187667      1.98372     0.999912 -0.000204075      1.66659     0.600299      -4.2615 
        -100      4.03424     0.999883      1.00034   0.00187665       5.4597      1.00046   0.00187686      1.98372     0.999911 -0.000209346      1.66659     0.600301      -4.2615 
        -100      4.06181     0.999883      1.00034   0.00187685       5.4597      1.00046   0.00187707      1.98372      0.99991 -0.000212971      1.66659     0.600302      -4.2615 
        -100       4.0895     0.999883      1.00034   0.00187707      5.45969      1.00046   0.00187729      1.98372      0.99991 -0.000214939      1.66659     0.600302      -4.2615 
        -100      4.11728     0.999883      1.00034    0.0018773      5.45969      1.00046   0.00187752      1.98372      0.99991 -0.000215231      1.66659     0.600301      -4.2615 
        -100      4.14514     0.999883      1.00034   0.00187755      5.45968      1.00045   0.00187777      1.98372      0.99991  -0.00021383      1.66659       0.6003      -4.2615 
        -100      4.17311     0.999882      1.00033   0.00187782      5.45968      1.00045   0.00187804      1.98371      0.99991 -0.000210718      1.66659     0.600297      -4.2615 
        -100      4.20115     0.999881      1.00032   0.00187809      5.45967      1.00044   0.00187832      1.98371     0.999911 -0.000205882      1.66659     0.600294      -4.2615 
        -100      4.22931      0.99988      1.00032   0.00187839      5.45966      1.00044   0.00187861      1.98371     0.999912 -0.000199296      1.66659     0.600289      -4.2615 
        -100      4.25754     0.999878      1.00031   0.00187869      5.45965      1.00043   0.00187892      1.98371     0.999913 -0.000190955      1.66659     0.600284      -4.2615 
        -100      4.28588     0.999877      1.00029   0.00187901      5.45964      1.00042   0.00187925      1.98371     0.999914 -0.000180827       1.6666     0.600278      -4.2615 
        -100      4.31433     0.999875      1.00028   0.00187935      5.45962      1.00041   0.00187959      1.98371     0.999916   -0.0001689       1.6666     0.600271      -4.2615 
        -100      4.34284     0.999872      1.00027    0.0018797      5.45961      1.00039   0.00187994      1.98371     0.999918 -0.000155171       1.6666     0.600262      -4.2615 
        -100      4.37146      0.99987      1.00025   0.00188007      5.45959      1.00038   0.00188032      1.98371      0.99992 -0.000139597       1.6666     0.600253      -4.2615 
        -100      4.40016     0.999867      1.00023   0.00188045      5.45957      1.00036    0.0018807      1.98371     0.999922 -0.000122187       1.6666     0.600243      -4.2615 
        -100      4.42898     0.999864      1.00021   0.00188085      5.45955      1.00035   0.00188111      1.98371     0.999925 -0.000102896       1.6666     0.600232      -4.2615 
        -100      4.45787     0.999861      1.00019   0.00188127      5.45953      1.00033   0.00188153      1.98371     0.999928 -8.17352e-05      1.66661      0.60022      -4.2615 
        -100      4.48687     0.999858      1.00017    0.0018817      5.45951      1.00031   0.00188197      1.98371     0.999931 -5.86551e-05      1.66661     0.600207      -4.2615 
        -100      4.51595     0.999854      1.00014   0.00188215      5.45948      1.00029   0.00188242      1.98371     0.999935 -3.36734e-05      1.66661     0.600193      -4.2615 
        -100      4.54514      0.99985      1.00011   0.00188261      5.45946      1.00026   0.00188289      1.98371     0.999939 -6.73293e-06      1.66662     0.600178      -4.2615 
        -100      4.57443     0.999845      1.00008   0.00188309      5.45943      1.00024   0.00188338      1.98371     0.999943  2.21665e-05      1.66662     0.600162      -4.2615 
        -100      4.60378     0.999841      1.00005   0.00188359       5.4594      1.00021   0.00188389      1.98371     0.999947  5.30159e-05      1.66662     0.600145      -4.2615 
        -100      4.63326     0.999836      1.00002    0.0018841      5.45937      1.00019   0.00188441      1.98371     0.999952  8.58827e-05      1.66663     0.600127      -4.2615 
        -100       4.6628     0.999831     0.999986   0.00188463      5.45934      1.00016   0.00188495      1.98371     0.999957  0.000120734      1.66663     0.600107      -4.2615 
        -100      4.69247     0.999825      0.99995   0.00188518       5.4593      1.00012   0.00188551       1.9837     0.999962  0.000157643      1.66663     0.600087      -4.2615 
        -100       4.7222      0.99982     0.999911   0.00188574      5.45926      1.00009   0.00188608       1.9837     0.999967  0.000196567      1.66664     0.600066      -4.2615 
        -100      4.75205     0.999814     0.999871   0.00188632      5.45923      1.00006   0.00188667       1.9837     0.999973  0.000237591      1.66664     0.600043      -4.2615 
        -100      4.78199     0.999807     0.999828   0.00188692      5.45919      1.00002   0.00188729       1.9837      0.99998  0.000280698      1.66665      0.60002      -4.2615 
        -100      4.81201     0.999801     0.999784   0.00188754      5.45914     0.999983   0.00188791       1.9837     0.999986  0.000325874      1.66665     0.599995      -4.2615 
        -100      4.84214     0.999794     0.999737   0.00188817       5.4591     0.999944   0.00188856       1.9837     0.999993  0.000373208      1.66666     0.599969      -4.2615 
        -100      4.87234     0.999787     0.999689   0.00188882      5.45906     0.999902   0.00188923       1.9837            1  0.000422641      1.66667     0.599943      -4.2615 
        -100      4.90266     0.999852      1.00009   0.00186912      5.45947      1.00024   0.00186939      1.98372     0.999944  1.37967e-05      1.66662     0.600162      -5.4971 
        -100      4.93305     0.999852      1.00009   0.00186901      5.45947      1.00024   0.00186928      1.98372     0.999944  1.37351e-05      1.66662     0.600162      -5.4971 
        -100      4.96356     0.999852      1.00009    0.0018689      5.45947      1.00024   0.00186917      1.98372     0.999944  1.36749e-05      1.66662     0.600163      -5.4971 
        -100      4.99416     0.999852      1.00009   0.00186879      5.45947      1.00024   0.00186906      1.98372     0.999943  1.36163e-05      1.66662     0.600163      -5.4971 
        -100      5.02484     0.999852      1.00009   0.00186868      5.45947      1.00024   0.00186896      1.98372     0.999943  1.35592e-05      1.66662     0.600163      -5.4971 
        -100      5.05563     0.999852      1.00009   0.00186858      5.45947      1.00024   0.00186886      1.98372     0.999943  1.35036e-05      1.66662     0.600163      -5.4971 
        -100      5.08649     0.999852      1.00009   0.00186848      5.45947      1.00024   0.00186875      1.98372     0.999943  1.34495e-05      1.66662     0.600163      -5.4971 
        -100      5.11747     0.999851      1.00009   0.00186838      5.45947      1.00024   0.00186865      1.98372     0.999943   1.3397e-05      1.66662     0.600163      -5.4971 
        -100      5.14851     0.999851      1.00009   0.00186828      5.45947      1.00024   0.00186856      1.98372     0.999943  1.33462e-05      1.66662     0.600163      -5.4971 
        -100      5.17968     0.999851      1.00009   0.00186818      5.45947      1.00024   0.00186846      1.98372     0.999943  1.32969e-05      1.66662     0.600163      -5.4971 
        -100      5.21092     0.999851      1.00009   0.00186809      5.45947      1.00024   0.00186837      1.98372     0.999943  1.32492e-05      1.66662     0.600164      -5.4971 
        -100      5.24227     0.999851      1.00009     0.001868      5.45947      1.00024   0.00186828      1.98372     0.999943  1.32031e-05      1.66662     0.600164      -5.4971 
        -100      5.27372     0.999851      1.00009   0.00186791      5.45947      1.00024   0.00186819      1.98372     0.999943  1.31587e-05      1.66662     0.600164      -5.4971 
        -100      5.30524     0.999851      1.00009   0.00186782      5.45946      1.00024    0.0018681      1.98372     0.999943   1.3116e-05      1.66662     0.600164      -5.4971 
        -100      5.33688     0.999851      1.00009   0.00186774      5.45946      1.00024   0.00186802      1.98372     0.999943  1.30749e-05      1.66662     0.600164      -5.4971 
        -100      5.36858     0.999851      1.00009   0.00186766      5.45946      1.00024   0.00186794      1.98372     0.999943  1.30356e-05      1.66662     0.600164      -5.4971 
        -100      5.40041     0.999851      1.00009   0.00186758      5.45946      1.00024   0.00186786      1.98372     0.999943  1.29979e-05      1.66662     0.600164      -5.4971 
        -100       5.4323      0.99985      1.00009    0.0018675      5.45946      1.00024   0.00186778      1.98372     0.999943   1.2962e-05      1.66662     0.600164      -5.4971 
        -100      5.46431      0.99985      1.00009   0.00186743      5.45946      1.00024   0.00186771      1.98372     0.999943  1.29278e-05      1.66662     0.600164      -5.4971 
        -100      5.49642      0.99985      1.00009   0.00186736      5.45946      1.00024   0.00186763      1.98372     0.999943  1.28954e-05      1.66662     0.600165      -5.4971 
        -100      5.52859      0.99985      1.00009   0.00186729      5.45946      1.00024   0.00186757      1.98372     0.999943  1.28647e-05      1.66662     0.600165      -5.4971 
        -100      5.56089      0.99985      1.00009   0.00186722      5.45946      1.00024    0.0018675      1.98372     0.999943  1.28359e-05      1.66662     0.600165      -5.4971 
        -100      5.59325      0.99985      1.00009   0.00186715      5.45946      1.00024   0.00186743      1.98372     0.999943  1.28088e-05      1.66662     0.600165      -5.4971 
        -100      5.62573      0.99985      1.00009   0.00186709      5.45946      1.00024   0.00186737      1.98372     0.999943  1.27836e-05      1.66662     0.600165      -5.4971 
        -100      5.65829      0.99985      1.00009   0.00186703      5.45946      1.00024   0.00186731      1.98371     0.999942  1.27602e-05      1.66662     0.600165      -5.4971 
        -100      5.69096      0.99985      1.00009   0.00186697      5.45946      1.00024   0.00186725      1.98371     0.999942  1.27387e-05      1.66662     0.600165      -5.4971 
        -100       5.7237      0.99985      1.00009   0.00186692      5.45946      1.00024    0.0018672      1.98371     0.999942   1.2719e-05      1.66662     0.600165      -5.4971 
        -100      5.75655      0.99985      1.00009   0.00186687      5.45946      1.00025   0.00186715      1.98371     0.999942  1.27013e-05      1.66662     0.600165      -5.4971 
        -100      5.78951     0.999849      1.00009   0.00186682      5.45946      1.00025    0.0018671      1.98371     0.999942  1.26854e-05      1.66662     0.600166      -5.4971 
        -100      5.82253     0.999849      1.00009   0.00186677      5.45946      1.00025   0.00186705      1.98371     0.999942  1.26715e-05      1.66662     0.600166      -5.4971 
        -100      5.85567     0.999849      1.00009   0.00186673      5.45946      1.00025   0.00186701      1.98371     0.999942  1.26595e-05      1.66662     0.600166      -5.4971 
        -100      5.88888     0.999849      1.00009   0.00186668      5.45945      1.00025   0.00186697      1.98371     0.999942  1.26495e-05      1.66662     0.600166      -5.4971 
        -100      5.92221     0.999849      1.00009   0.00186664      5.45945      1.00025   0.00186693      1.98371     0.999942  1.26414e-05      1.66662     0.600166      -5.4971 
        -100       5.9556     0.999849      1.00009   0.00186661      5.45945      1.00025   0.00186689      1.98371     0.999942  1.26354e-05      1.66662     0.600166      -5.4971 
        -100      5.98912     0.999849      1.00009   0.00186658      5.45945      1.00025   0.00186686      1.98371     0.999942  1.26313e-05      1.66662     0.600166      -5.4971 
        -100      6.02273     0.999849       1.0001   0.00186654      5.45945      1.00025   0.00186683      1.98371     0.999942  1.26293e-05      1.66662     0.600166      -5.4971 
        -100      6.05641     0.999849       1.0001   0.00186652      5.45945      1.00025    0.0018668      1.98371     0.999942  1.26293e-05      1.66662     0.600166      -5.4971 
        -100      6.09021     0.999849       1.0001   0.00186649      5.45945      1.00025   0.00186677      1.98371     0.999942  1.26314e-05      1.66662     0.600166      -5.4971 
        -100      6.12408     0.999849       1.0001   0.00186647      5.45945      1.00025   0.00186675      1.98371     0.999942  1.26356e-05      1.66662     0.600166      -5.4971 
        -100      6.15806     0.999849       1.0001   0.00186645      5.45945      1.00025   0.00186673      1.98371     0.999942  1.26419e-05      1.66662     0.600166      -5.4971 
        -100      6.19212     0.999848       1.0001   0.00186643      5.45945      1.00025   0.00186672      1.98371     0.999942  1.26502e-05      1.66662     0.600167      -5.4971 
        -100      6.22629     0.999848       1.0001   0.00186642      5.45945      1.00025    0.0018667      1.98371     0.999942  1.26607e-05      1.66662     0.600167      -5.4971 
        -100      6.26056     0.999848       1.0001   0.00186641      5.45945      1.00025   0.00186669      1.98371     0.999942  1.26734e-05      1.66662     0.600167      -5.4971 
        -100       6.2949     0.999848       1.0001    0.0018664      5.45945      1.00025   0.00186669      1.98371     0.999942  1.26882e-05      1.66662     0.600167      -5.4971 
        -100      6.32936     0.999848       1.0001    0.0018664      5.45945      1.00025   0.00186668      1.98371     0.999942  1.27052e-05      1.66662     0.600167      -5.4971 
        -100      6.36388     0.999848       1.0001    0.0018664      5.45945      1.00025   0.00186668      1.98371     0.999942  1.27244e-05      1.66662     0.600167      -5.4971 
        -100      6.39853     0.999848       1.0001    0.0018664      5.45945      1.00025   0.00186668      1.98371     0.999942  1.27458e-05      1.66662     0.600167      -5.4971 
        -100      6.43324     0.999848       1.0001    0.0018664      5.45945      1.00025   0.00186669      1.98371     0.999942  1.27695e-05      1.66662     0.600167      -5.4971 
        -100      6.46807     0.999848       1.0001   0.00186641      5.45945      1.00025    0.0018667      1.98371     0.999942  1.27954e-05      1.66662     0.600167      -5.4971 
        -100      6.50297     0.999848       1.0001   0.00186642      5.45945      1.00025   0.00186671      1.98371     0.999942  1.28236e-05      1.66662     0.600167      -5.4971 
        -100      6.53799     0.999848       1.0001   0.00186644      5.45945      1.00025   0.00186672      1.98371     0.999942   1.2854e-05      1.66662     0.600167      -5.4971 
        -100      6.57311     0.999848       1.0001   0.00186645      5.45945      1.00025   0.00186674      1.98371     0.999942  1.28868e-05      1.66662     0.600167      -5.4971 
        -100      6.60829     0.999848       1.0001   0.00186647      5.45945      1.00025   0.00186676      1.98371     0.999942  1.29219e-05      1.66662     0.600167      -5.4971 
        -100      6.64359     0.999848       1.0001    0.0018665      5.45945      1.00025   0.00186678      1.98371     0.999942  1.29594e-05      1.66662     0.600167      -5.4971 
        -100      6.67896     0.999848       1.0001   0.00186652      5.45945      1.00025   0.00186681      1.98371     0.999942  1.29992e-05      1.66662     0.600167      -5.4971 
        -100      6.71445     0.999848       1.0001   0.00186656      5.45945      1.00025   0.00186684      1.98371     0.999942  1.30414e-05      1.66662     0.600167      -5.4971 
        -100      6.75001     0.999847       1.0001   0.00186659      5.45945      1.00025   0.00186687      1.98371     0.999942  1.30859e-05      1.66662     0.600168      -5.4971 
        -100      6.78569     0.999847       1.0001   0.00186663      5.45944      1.00025   0.00186691      1.98371     0.999942  1.31329e-05      1.66662     0.600168      -5.4971 
        -100      6.82146     0.999847       1.0001   0.00186667      5.45944      1.00025   0.00186695      1.98371     0.999942  1.31824e-05      1.66662     0.600168      -5.4971 
        -100       6.8573     0.999847       1.0001   0.00186671      5.45944      1.00025   0.00186699      1.98371     0.999942  1.32342e-05      1.66662     0.600168      -5.4971 
        -100      6.89326     0.999847       1.0001   0.00186676      5.45944      1.00025   0.00186704      1.98371     0.999942  1.32886e-05      1.66662     0.600168      -5.4971 
        -100      6.92929     0.999847       1.0001   0.00186681      5.45944      1.00025   0.00186709      1.98371     0.999942  1.33454e-05      1.66662     0.600168      -5.4971 
        -100      6.96544     0.999847       1.0001   0.00186686      5.45944      1.00025   0.00186715      1.98371     0.999942  1.34048e-05      1.66662     0.600168      -5.4971 
        -100      7.00166     0.999847       1.0001   0.00186692      5.45944      1.00025    0.0018672      1.98371     0.999942  1.34666e-05      1.66662     0.600168      -5.4971 
        -100      7.03799     0.999847       1.0001   0.00186698      5.45944      1.00025   0.00186726      1.98371     0.999942   1.3531e-05      1.66662     0.600168      -5.4971 
        -100      7.07442     0.999847       1.0001   0.00186704      5.45944      1.00025   0.00186733      1.98371     0.999942   1.3598e-05      1.66662     0.600168      -5.4971 
        -100      7.11092     0.999847       1.0001   0.00186711      5.45944      1.00025    0.0018674      1.98371     0.999942  1.36676e-05      1.66662     0.600168      -5.4971 
        -100      7.14754     0.999847       1.0001   0.00186718      5.45944      1.00025   0.00186747      1.98371     0.999942  1.37397e-05      1.66662     0.600168      -5.4971 
        -100      7.18422     0.999847       1.0001   0.00186726      5.45944      1.00025   0.00186754      1.98371     0.999942  1.38145e-05      1.66662     0.600168      -5.4971 
        -100      7.22103     0.999847       1.0001   0.00186734      5.45944      1.00025   0.00186762      1.98371     0.999942  1.38919e-05      1.66662     0.600168      -5.4971 
        -100      7.25791     0.999847       1.0001   0.00186742      5.45944      1.00025   0.00186771      1.98371     0.999942  1.39719e-05      1.66662     0.600168      -5.4971 
        -100       7.2949     0.999847       1.0001   0.00186751      5.45944      1.00025   0.00186779      1.98371     0.999942  1.40547e-05      1.66662     0.600168      -5.4971 
        -100      7.33196     0.999847       1.0001    0.0018676      5.45944      1.00025   0.00186788      1.98371     0.999942  1.41401e-05      1.66662     0.600168      -5.4971 
        -100      7.36914     0.999847       1.0001   0.00186769      5.45944      1.00025   0.00186798      1.98371     0.999942  1.42282e-05      1.66662     0.600168      -5.4971 
        -100      7.40642     0.999847       1.0001   0.00186779      5.45944      1.00025   0.00186807      1.98371     0.999942  1.43191e-05      1.66662     0.600168      -5.4971 
        -100      7.44376     0.999847       1.0001   0.00186789      5.45944      1.00025   0.00186818      1.98371     0.999942  1.44127e-05      1.66662     0.600168      -5.4971 
        -100      7.48123     0.999847       1.0001   0.00186799      5.45944      1.00025   0.00186828      1.98371     0.999942  1.45091e-05      1.66662     0.600168      -5.4971 
        -100      7.51876     0.999847       1.0001    0.0018681      5.45944      1.00025   0.00186839      1.98371     0.999942  1.46083e-05      1.66662     0.600168      -5.4971 
        -100      7.55642     0.999847       1.0001   0.00186822      5.45944      1.00025    0.0018685      1.98371     0.999942  1.47103e-05      1.66662     0.600168      -5.4971 
        -100      7.59413     0.999846       1.0001   0.00186481      5.45943      1.00025    0.0018651       1.9837      0.99994  8.00686e-06      1.66662     0.600171     -5.84866 
        -100      7.63197     0.999846       1.0001   0.00186485      5.45943      1.00025   0.00186514       1.9837      0.99994  8.00606e-06      1.66662     0.600171     -5.84866 
        -100      7.66991     0.999846       1.0001    0.0018649      5.45943      1.00025   0.00186518       1.9837      0.99994  8.00528e-06      1.66662     0.600171     -5.84866 
        -100      7.70791     0.999846       1.0001   0.00186494      5.45943      1.00025   0.00186523       1.9837      0.99994  8.00452e-06      1.66662     0.600171     -5.84866 
        -100      7.74604     0.999846       1.0001   0.00186498      5.45943      1.00025   0.00186527       1.9837      0.99994  8.00378e-06      1.66662     0.600171     -5.84866 
        -100      7.78422     0.999846       1.0001   0.00186502      5.45943      1.00025   0.00186531       1.9837      0.99994  8.00306e-06      1.66662     0.600171     -5.84866 
        -100      7.82254     0.999846       1.0001   0.00186507      5.45943      1.00025   0.00186535       1.9837      0.99994  8.00236e-06      1.66662     0.600171     -5.84866 
        -100      7.86091     0.999846       1.0001   0.00186511      5.45943      1.00025    0.0018654       1.9837      0.99994  8.00168e-06      1.66662     0.600171     -5.84866 
        -100      7.89941     0.999846       1.0001   0.00186515      5.45943      1.00025   0.00186544       1.9837      0.99994  8.00103e-06      1.66662     0.600171     -5.84866 
        -100      7.93797     0.999846       1.0001   0.00186519      5.45943      1.00025   0.00186548       1.9837      0.99994  8.00039e-06      1.66662     0.600171     -5.84866 
        -100      7.97666     0.999846       1.0001   0.00186524      5.45943      1.00025   0.00186552       1.9837      0.99994  7.99977e-06      1.66662     0.600171     -5.84866 
        -100      8.01544     0.999846       1.0001   0.00186528      5.45943      1.00025   0.00186557       1.9837      0.99994  7.99918e-06      1.66662     0.600171     -5.84866 
        -100      8.05429     0.999846       1.0001   0.00186532      5.45943      1.00025   0.00186561       1.9837      0.99994  7.99861e-06      1.66662     0.600171     -5.84866 
        -100      8.09326     0.999846       1.0001   0.00186536      5.45943      1.00025   0.00186565       1.9837      0.99994  7.99806e-06      1.66662     0.600171     -5.84866 
        -100      8.13229     0.999846       1.0001   0.00186541      5.45943      1.00025   0.00186569       1.9837      0.99994  7.99753e-06      1.66662     0.600171     -5.84866 
        -100      8.17145     0.999846       1.0001   0.00186545      5.45943      1.00025   0.00186574       1.9837      0.99994  7.99702e-06      1.66662     0.600171     -5.84866 
        -100      8.21067     0.999846       1.0001   0.00186549      5.45943      1.00025   0.00186578       1.9837      0.99994  7.99654e-06      1.66662     0.600171     -5.84866 
        -100      8.25002     0.999846       1.0001   0.00186553      5.45943      1.00025   0.00186582       1.9837      0.99994  7.99607e-06      1.66662     0.600171     -5.84866 
        -100      8.28946     0.999846       1.0001   0.00186558      5.45943      1.00025   0.00186586       1.9837      0.99994  7.99563e-06      1.66662     0.600171     -5.84866 
        -100      8.32896     0.999846       1.0001   0.00186562      5.45943      1.00025   0.00186591       1.9837      0.99994  7.99522e-06      1.66662     0.600171     -5.84866 
        -100      8.36859     0.999846       1.0001   0.00186566      5.45943      1.00025   0.00186595       1.9837      0.99994  7.99482e-06      1.66662     0.600171     -5.84866 
        -100      8.40828     0.999846       1.0001    0.0018657      5.45943      1.00025   0.00186599       1.9837      0.99994  7.99445e-06      1.66662     0.600171     -5.84866 
        -100       8.4481     0.999846       1.0001   0.00186575      5.45943      1.00025   0.00186603       1.9837      0.99994   7.9941e-06      1.66662     0.600171     -5.84866 
        -100      8.48798     0.999846       1.0001   0.00186579      5.45943      1.00025   0.00186608       1.9837      0.99994  7.99378e-06      1.66662     0.600171     -5.84866 
        -100      8.52798     0.999846       1.0001   0.00186583      5.45943      1.00025   0.00186612       1.9837      0.99994  7.99348e-06      1.66662     0.600171     -5.84866 
        -100      8.56808     0.999846       1.0001   0.00186587      5.45943      1.00025   0.00186616       1.9837      0.99994   7.9932e-06      1.66662     0.600171     -5.84866 
        -100      8.60824     0.999846       1.0001   0.00186592      5.45943      1.00025    0.0018662       1.9837      0.99994  7.99295e-06      1.66662     0.600171     -5.84866 
        -100      8.64852     0.999846       1.0001   0.00186596      5.45943      1.00025   0.00186625       1.9837      0.99994  7.99272e-06      1.66662     0.600171     -5.84866 
        -100      8.68887     0.999846       1.0001     0.001866      5.45943      1.00025   0.00186629       1.9837      0.99994  7.99251e-06      1.66662     0.600171     -5.84866 
        -100      8.72935     0.999846       1.0001   0.00186604      5.45943      1.00025   0.00186633       1.9837      0.99994  7.99233e-06      1.66662     0.600171     -5.84866 
        -100      8.76988     0.999845       1.0001   0.00186609      5.45943      1.00025   0.00186637       1.9837      0.99994  7.99217e-06      1.66662     0.600171     -5.84866 
        -100      8.81055     0.999845       1.0001   0.00186613      5.45943      1.00025   0.00186642       1.9837      0.99994  7.99204e-06      1.66662     0.600171     -5.84866 
        -100      8.85127     0.999845       1.0001   0.00186617      5.45943      1.00025   0.00186646       1.9837      0.99994  7.99194e-06      1.66662     0.600171     -5.84866 
        -100      8.89212     0.999845       1.0001   0.00186621      5.45943      1.00025    0.0018665       1.9837      0.99994  7.99185e-06      1.66662     0.600171     -5.84866 
        -100      8.93306     0.999845       1.0001   0.00186626      5.45943      1.00025   0.00186654       1.9837      0.99994   7.9918e-06      1.66662     0.600171     -5.84866 
        -100      8.97407     0.999845       1.0001    0.0018663      5.45943      1.00025   0.00186659       1.9837      0.99994  7.99177e-06      1.66662     0.600171     -5.84866 
        -100       9.0152     0.999845       1.0001   0.00186634      5.45943      1.00025   0.00186663       1.9837      0.99994  7.99176e-06      1.66662     0.600171     -5.84866 
        -100       9.0564     0.999845       1.0001   0.00186638      5.45943      1.00025   0.00186667       1.9837      0.99994  7.99178e-06      1.66662     0.600171     -5.84866 
        -100      9.09772     0.999845       1.0001   0.00186643      5.45943      1.00025   0.00186671       1.9837      0.99994  7.99183e-06      1.66662     0.600171     -5.84866 
        -100       9.1391     0.999845       1.0001   0.00186647      5.45943      1.00025   0.00186676       1.9837      0.99994   7.9919e-06      1.66662     0.600171     -5.84866 
        -100      9.18061     0.999845       1.0001   0.00186651      5.45943      1.00025    0.0018668       1.9837      0.99994    7.992e-06      1.66662     0.600171     -5.84866 
        -100      9.22221     0.999845       1.0001   0.00186655      5.45943      1.00025   0.00186684       1.9837      0.99994  7.99213e-06      1.66662     0.600171     -5.84866 
        -100      9.26387     0.999845       1.0001    0.0018666      5.45943      1.00025   0.00186688       1.9837      0.99994  7.99228e-06      1.66662     0.600171     -5.84866 
        -100      9.30566     0.999845       1.0001   0.00186664      5.45943      1.00025   0.00186693       1.9837      0.99994  7.99246e-06      1.66662     0.600171     -5.84866 
        -100      9.34752     0.999845       1.0001   0.00186668      5.45943      1.00025   0.00186697       1.9837      0.99994  7.99267e-06      1.66662     0.600171     -5.84866 
        -100       9.3895     0.999845       1.0001   0.00186672      5.45943      1.00025   0.00186701       1.9837      0.99994   7.9929e-06      1.66662     0.600171     -5.84866 
        -100      9.43153     0.999845       1.0001   0.00186677      5.45943      1.00025   0.00186705       1.9837      0.99994  7.99316e-06      1.66662     0.600171     -5.84866 
        -100       9.4737     0.999845       1.0001   0.00186681      5.45943      1.00025    0.0018671       1.9837      0.99994  7.99345e-06      1.66662     0.600171     -5.84866 
        -100      9.51596     0.999845       1.0001   0.00186685      5.45943      1.00025   0.00186714       1.9837      0.99994  7.99377e-06      1.66662     0.600171     -5.84866 
        -100      9.55828     0.999845       1.0001   0.00186689      5.45943      1.00025   0.00186718       1.9837      0.99994  7.99411e-06      1.66662     0.600171     -5.84866 
        -100      9.60073     0.999845       1.0001   0.00186693      5.45943      1.00025   0.00186722       1.9837      0.99994  7.99449e-06      1.66662     0.600171     -5.84866 
        -100      9.64324     0.999845       1.0001   0.00186698      5.45943      1.00025   0.00186727       1.9837      0.99994  7.99489e-06      1.66662     0.600171     -5.84866 
        -100      9.68588     0.999845       1.0001   0.00186702      5.45943      1.00025   0.00186731       1.9837      0.99994  7.99532e-06      1.66662     0.600171     -5.84866 
        -100      9.72857     0.999845       1.0001   0.00186706      5.45943      1.00025   0.00186735       1.9837      0.99994  7.99577e-06      1.66662     0.600171     -5.84866 
        -100       9.7714     0.999845       1.0001    0.0018671      5.45943      1.00025   0.00186739       1.9837      0.99994  7.99626e-06      1.66662     0.600171     -5.84866 
        -100      9.81428     0.999845       1.0001   0.00186715      5.45943      1.00025   0.00186743       1.9837      0.99994  7.99678e-06      1.66662     0.600172     -5.84866 
        -100       9.8573     0.999845       1.0001   0.00186719      5.45943      1.00025   0.00186748       1.9837      0.99994  7.99732e-06      1.66662     0.600172     -5.84866 
        -100       9.9004     0.999845       1.0001   0.00186723      5.45943      1.00025   0.00186752       1.9837      0.99994   7.9979e-06      1.66662     0.600172     -5.84866 
        -100      9.94357     0.999845       1.0001   0.00186727      5.45943      1.00025   0.00186756       1.9837      0.99994   7.9985e-06      1.66662     0.600172     -5.84866 
        -100      9.98687     0.999845       1.0001   0.00186731      5.45943      1.00025    0.0018676       1.9837      0.99994  7.99914e-06      1.66662     0.600172     -5.84866 
        -100      10.0302     0.999845       1.0001   0.00186736      5.45943      1.00025   0.00186764       1.9837      0.99994   7.9998e-06      1.66662     0.600172     -5.84866 
        -100      10.0737     0.999845       1.0001    0.0018674      5.45943      1.00025   0.00186769       1.9837      0.99994   8.0005e-06      1.66662     0.600172     -5.84866 
        -100      10.1172     0.999845       1.0001   0.00186744      5.45943      1.00025   0.00186773       1.9837      0.99994  8.00122e-06      1.66662     0.600172     -5.84866 
        -100      10.1609     0.999845       1.0001   0.00186748      5.45943      1.00025   0.00186777       1.9837      0.99994  8.00198e-06      1.66662     0.600172     -5.84866 
        -100      10.2047     0.999845       1.0001   0.00186752      5.45943      1.00025   0.00186781       1.9837      0.99994  8.00276e-06      1.66662     0.600172     -5.84866 
        -100      10.2485     0.999845       1.0001   0.00186757      5.45943      1.00025   0.00186785       1.9837      0.99994  8.00358e-06      1.66662     0.600172     -5.84866 
        -100      10.2925     0.999845       1.0001   0.00186761      5.45943      1.00025    0.0018679       1.9837      0.99994  8.00443e-06      1.66662     0.600172     -5.84866 
        -100      10.3365     0.999845       1.0001   0.00186765      5.45943      1.00025   0.00186794       1.9837      0.99994  8.00531e-06      1.66662     0.600172     -5.84866 
        -100      10.3806     0.999845       1.0001   0.00186769      5.45943      1.00025   0.00186798       1.9837      0.99994  8.00622e-06      1.66662     0.600172     -5.84866 
        -100      10.4248     0.999845       1.0001   0.00186773      5.45943      1.00025   0.00186802       1.9837      0.99994  8.00716e-06      1.66662     0.600172     -5.84866 
        -100      10.4691     0.999845       1.0001   0.00186777      5.45943      1.00025   0.00186806       1.9837      0.99994  8.00814e-06      1.66662     0.600172     -5.84866 
        -100      10.5135     0.999845       1.0001   0.00186782      5.45943      1.00025    0.0018681       1.9837      0.99994  8.00914e-06      1.66662     0.600172     -5.84866 
        -100       10.558     0.999845       1.0001   0.00186786      5.45943      1.00025   0.00186815       1.9837      0.99994  8.01018e-06      1.66662     0.600172     -5.84866 
        -100      10.6027     0.999845       1.0001    0.0018679      5.45943      1.00025   0.00186819       1.9837      0.99994  8.01125e-06      1.66662     0.600172     -5.84866 
        -100      10.6473     0.999845       1.0001   0.00186794      5.45943      1.00025   0.00186823       1.9837      0.99994  8.01236e-06      1.66662     0.600172     -5.84866 
        -100      10.6921     0.999845       1.0001   0.00186798      5.45943      1.00025   0.00186827       1.9837      0.99994  8.01349e-06      1.66662     0.600172     -5.84866 
        -100       10.737     0.999845       1.0001   0.00186802      5.45943      1.00025   0.00186831       1.9837      0.99994  8.01466e-06      1.66662     0.600172     -5.84866 
        -100       10.782     0.999845       1.0001   0.00186806      5.45943      1.00025   0.00186835       1.9837      0.99994  8.01587e-06      1.66662     0.600172     -5.84866 
        -100       10.827     0.999845       1.0001   0.00186811      5.45943      1.00025    0.0018684       1.9837      0.99994   8.0171e-06      1.66662     0.600172     -5.84866 
        -100      10.8722     0.999845       1.0001   0.00186815      5.45943      1.00025   0.00186844       1.9837      0.99994  8.01837e-06      1.66662     0.600172     -5.84866 
        -100      10.9175     0.999845       1.0001   0.00186536      5.45942      1.00026   0.00186565       1.9837     0.999939  5.90797e-06      1.66662     0.600173     -5.99696 
        -100      10.9628     0.999845       1.0001   0.00186539      5.45942      1.00026   0.00186568       1.9837     0.999939  5.90753e-06      1.66662     0.600173     -5.99696 
        -100      11.0082     0.999845       1.0001   0.00186541      5.45942      1.00026    0.0018657       1.9837     0.999939  5.90709e-06      1.66662     0.600173     -5.99696 
        -100      11.0538     0.999845       1.0001   0.00186543      5.45942      1.00026   0.00186572       1.9837     0.999939  5.90665e-06      1.66662     0.600173     -5.99696 
        -100      11.0994     0.999845       1.0001   0.00186546      5.45942      1.00026   0.00186575       1.9837     0.999939  5.90621e-06      1.66662     0.600173     -5.99696 
        -100      11.1451     0.999845       1.0001   0.00186548      5.45942      1.00026   0.00186577       1.9837     0.999939  5.90578e-06      1.66662     0.600173     -5.99696 
        -100      11.1909     0.999845       1.0001   0.00186551      5.45942      1.00026    0.0018658       1.9837     0.999939  5.90534e-06      1.66662     0.600173     -5.99696 
        -100      11.2369     0.999845       1.0001   0.00186553      5.45942      1.00026   0.00186582       1.9837     0.999939  5.90491e-06      1.66662     0.600173     -5.99696 
        -100      11.2829     0.999845       1.0001   0.00186556      5.45942      1.00026   0.00186585       1.9837     0.999939  5.90448e-06      1.66662     0.600173     -5.99696 
        -100       11.329     0.999845       1.0001   0.00186558      5.45942      1.00026   0.00186587       1.9837     0.999939  5.90405e-06      1.66662     0.600173     -5.99696 
        -100      11.3751     0.999845       1.0001   0.00186561      5.45942      1.00026    0.0018659       1.9837     0.999939  5.90362e-06      1.66662     0.600173     -5.99696 
        -100      11.4214     0.999845       1.0001   0.00186563      5.45942      1.00026   0.00186592       1.9837     0.999939  5.90319e-06      1.66662     0.600173     -5.99696 
        -100      11.4678     0.999845       1.0001   0.00186566      5.45942      1.00026   0.00186595       1.9837     0.999939  5.90277e-06      1.66662     0.600173     -5.99696 
        -100      11.5143     0.999845       1.0001   0.00186568      5.45942      1.00026   0.00186597       1.9837     0.999939  5.90235e-06      1.66662     0.600173     -5.99696 
        -100      11.5608     0.999845       1.0001   0.00186571      5.45942      1.00026     0.001866       1.9837     0.999939  5.90192e-06      1.66662     0.600173     -5.99696 
        -100      11.6075     0.999845       1.0001   0.00186574      5.45942      1.00026   0.00186603       1.9837     0.999939   5.9015e-06      1.66662     0.600173     -5.99696 
        -100      11.6543     0.999845       1.0001   0.00186576      5.45942      1.00026   0.00186605       1.9837     0.999939  5.90109e-06      1.66662     0.600173     -5.99696 
        -100      11.7011     0.999845       1.0001   0.00186579      5.45942      1.00026   0.00186608       1.9837     0.999939  5.90067e-06      1.66662     0.600173     -5.99696 
        -100      11.7481     0.999845       1.0001   0.00186581      5.45942      1.00026    0.0018661       1.9837     0.999939  5.90025e-06      1.66662     0.600173     -5.99696 
        -100      11.7951     0.999845       1.0001   0.00186584      5.45942      1.00026   0.00186613       1.9837     0.999939  5.89984e-06      1.66662     0.600173     -5.99696 
        -100      11.8423     0.999845       1.0001   0.00186587      5.45942      1.00026   0.00186616       1.9837     0.999939  5.89943e-06      1.66662     0.600173     -5.99696 
        -100      11.8895     0.999845       1.0001   0.00186589      5.45942      1.00026   0.00186618       1.9837     0.999939  5.89902e-06      1.66662     0.600173     -5.99696 
        -100      11.9368     0.999845       1.0001   0.00186592      5.45943      1.00026   0.00186621       1.9837     0.999939  5.89861e-06      1.66662     0.600173     -5.99696 
        -100      11.9842     0.999845       1.0001   0.00186595      5.45943      1.00026   0.00186624       1.9837     0.999939   5.8982e-06      1.66662     0.600173     -5.99696 
        -100      12.0317     0.999845       1.0001   0.00186597      5.45943      1.00026   0.00186626       1.9837     0.999939   5.8978e-06      1.66662     0.600173     -5.99696 
        -100      12.0793     0.999845       1.0001     0.001866      5.45943      1.00026   0.00186629       1.9837     0.999939  5.89739e-06      1.66662     0.600173     -5.99696 
        -100       12.127     0.999845       1.0001   0.00186603      5.45943      1.00026   0.00186632       1.9837     0.999939  5.89699e-06      1.66662     0.600173     -5.99696 
        -100      12.1748     0.999845       1.0001   0.00186605      5.45943      1.00026   0.00186634       1.9837     0.999939  5.89659e-06      1.66662     0.600173     -5.99696 
        -100      12.2227     0.999845       1.0001   0.00186608      5.45943      1.00026   0.00186637       1.9837     0.999939  5.89619e-06      1.66662     0.600173     -5.99696 
        -100      12.2707     0.999845       1.0001   0.00186611      5.45943      1.00026    0.0018664       1.9837     0.999939   5.8958e-06      1.66662     0.600173     -5.99696 
        -100      12.3188     0.999845       1.0001   0.00186614      5.45943      1.00026   0.00186643       1.9837     0.999939   5.8954e-06      1.66662     0.600173     -5.99696 
        -100      12.3669     0.999845       1.0001   0.00186617      5.45943      1.00026   0.00186646       1.9837     0.999939  5.89501e-06      1.66662     0.600173     -5.99696 
        -100      12.4152     0.999845       1.0001   0.00186619      5.45943      1.00026   0.00186648       1.9837     0.999939  5.89462e-06      1.66662     0.600173     -5.99696 
        -100      12.4635     0.999845       1.0001   0.00186622      5.45943      1.00026   0.00186651       1.9837     0.999939  5.89423e-06      1.66662     0.600173     -5.99696 
        -100       12.512     0.999845       1.0001   0.00186625      5.45943      1.00026   0.00186654       1.9837     0.999939  5.89385e-06      1.66662     0.600173     -5.99696 
        -100      12.5605     0.999845       1.0001   0.00186628      5.45943      1.00026   0.00186657       1.9837     0.999939  5.89346e-06      1.66662     0.600173     -5.99696 
        -100      12.6092     0.999845       1.0001   0.00186631      5.45943      1.00026    0.0018666       1.9837     0.999939  5.89308e-06      1.66662     0.600173     -5.99696 
        -100      12.6579     0.999845       1.0001   0.00186634      5.45943      1.00026   0.00186663       1.9837     0.999939   5.8927e-06      1.66662     0.600173     -5.99696 
        -100      12.7067     0.999845       1.0001   0.00186636      5.45943      1.00026   0.00186665       1.9837     0.999939  5.89232e-06      1.66662     0.600173     -5.99696 
        -100      12.7557     0.999845       1.0001   0.00186639      5.45943      1.00026   0.00186668       1.9837     0.999939  5.89194e-06      1.66662     0.600173     -5.99696 
        -100      12.8047     0.999845       1.0001   0.00186642      5.45943      1.00026   0.00186671       1.9837     0.999939  5.89157e-06      1.66662     0.600173     -5.99696 
        -100      12.8538     0.999845       1.0001   0.00186645      5.45943      1.00026   0.00186674       1.9837     0.999939  5.89119e-06      1.66662     0.600173     -5.99696 
        -100       12.903     0.999845       1.0001   0.00186648      5.45943      1.00026   0.00186677       1.9837     0.999939  5.89082e-06      1.66662     0.600173     -5.99696 
        -100      12.9523     0.999845       1.0001   0.00186651      5.45943      1.00026    0.0018668       1.9837     0.999939  5.89045e-06      1.66662     0.600173     -5.99696 
        -100      13.0016     0.999845       1.0001   0.00186654      5.45943      1.00026   0.00186683       1.9837     0.999939  5.89009e-06      1.66662     0.600173     -5.99696 
        -100      13.0511     0.999845       1.0001   0.00186657      5.45943      1.00026   0.00186686       1.9837     0.999939  5.88972e-06      1.66662     0.600173     -5.99696 
        -100      13.1007     0.999845       1.0001    0.0018666      5.45943      1.00026   0.00186689       1.9837     0.999939  5.88936e-06      1.66662     0.600173     -5.99696 
        -100      13.1504     0.999845       1.0001   0.00186663      5.45943      1.00026   0.00186692       1.9837     0.999939    5.889e-06      1.66662     0.600173     -5.99696 
        -100      13.2002     0.999845       1.0001   0.00186666      5.45943      1.00026   0.00186695       1.9837     0.999939  5.88864e-06      1.66662     0.600173     -5.99696 
        -100        13.25     0.999845       1.0001   0.00186669      5.45943      1.00026   0.00186698       1.9837     0.999939  5.88828e-06      1.66662     0.600173     -5.99696 
        -100         13.3     0.999845       1.0001   0.00186672      5.45943      1.00026   0.00186701       1.9837     0.999939  5.88793e-06      1.66662     0.600173     -5.99696 
        -100        13.35     0.999845       1.0001   0.00186675      5.45943      1.00026   0.00186704       1.9837     0.999939  5.88758e-06      1.66662     0.600173     -5.99696 
        -100      13.4002     0.999845       1.0001   0.00186678      5.45943      1.00026   0.00186707       1.9837     0.999939  5.88722e-06      1.66662     0.600173     -5.99696 
        -100      13.4504     0.999845       1.0001   0.00186681      5.45943      1.00026    0.0018671       1.9837     0.999939  5.88688e-06      1.66662     0.600173     -5.99696 
        -100      13.5007     0.999845       1.0001   0.00186685      5.45943      1.00026   0.00186713       1.9837     0.999939  5.88653e-06      1.66662     0.600173     -5.99696 
        -100      13.5511     0.999845       1.0001   0.00186688      5.45943      1.00026   0.00186717       1.9837     0.999939  5.88619e-06      1.66662     0.600173     -5.99696 
        -100      13.6016     0.999845       1.0001   0.00186691      5.45943      1.00026    0.0018672       1.9837     0.999939  5.88585e-06      1.66662     0.600173     -5.99696 
        -100      13.6523     0.999845       1.0001   0.00186694      5.45943      1.00026   0.00186723       1.9837     0.999939  5.88551e-06      1.66662     0.600173     -5.99696 
        -100       13.703     0.999845       1.0001   0.00186697      5.45943      1.00026   0.00186726       1.9837     0.999939  5.88517e-06      1.66662     0.600173     -5.99696 
        -100      13.7538     0.999845       1.0001     0.001867      5.45943      1.00026   0.00186729       1.9837     0.999939  5.88484e-06      1.66662     0.600172     -5.99696 
        -100      13.8046     0.999845       1.0001   0.00186703      5.45943      1.00026   0.00186732       1.9837     0.999939   5.8845e-06      1.66662     0.600172     -5.99696 
        -100      13.8556     0.999845       1.0001   0.00186707      5.45943      1.00026   0.00186736       1.9837     0.999939  5.88417e-06      1.66662     0.600172     -5.99696 
        -100      13.9067     0.999845       1.0001    0.0018671      5.45943      1.00026   0.00186739       1.9837     0.999939  5.88385e-06      1.66662     0.600172     -5.99696 
        -100      13.9579     0.999845       1.0001   0.00186713      5.45943      1.00026   0.00186742       1.9837     0.999939  5.88352e-06      1.66662     0.600172     -5.99696 
        -100      14.0092     0.999845       1.0001   0.00186716      5.45943      1.00026   0.00186745       1.9837     0.999939   5.8832e-06      1.66662     0.600172     -5.99696 
        -100      14.0605     0.999845       1.0001    0.0018672      5.45943      1.00026   0.00186749       1.9837     0.999939  5.88288e-06      1.66662     0.600172     -5.99696 
        -100       14.112     0.999845       1.0001   0.00186723      5.45943      1.00026   0.00186752       1.9837     0.999939  5.88256e-06      1.66662     0.600172     -5.99696 
        -100      14.1635     0.999845       1.0001   0.00186726      5.45943      1.00026   0.00186755       1.9837     0.999939  5.88225e-06      1.66662     0.600172     -5.99696 
        -100      14.2152     0.999845       1.0001    0.0018673      5.45943      1.00026   0.00186759       1.9837     0.999939  5.88193e-06      1.66662     0.600172     -5.99696 
        -100      14.2669     0.999845       1.0001   0.00186733      5.45943      1.00026   0.00186762       1.9837     0.999939  5.88162e-06      1.66662     0.600172     -5.99696 
        -100      14.3187     0.999845       1.0001   0.00186736      5.45943      1.00026   0.00186765       1.9837     0.999939  5.88131e-06      1.66662     0.600172     -5.99696 
        -100      14.3707     0.999845       1.0001    0.0018674      5.45943      1.00026   0.00186769       1.9837     0.999939  5.88101e-06      1.66662     0.600172     -5.99696 
        -100      14.4227     0.999845       1.0001   0.00186743      5.45943      1.00026   0.00186772       1.9837     0.999939   5.8807e-06      1.66662     0.600172     -5.99696 
        -100      14.4748     0.999845       1.0001   0.00186747      5.45943      1.00026   0.00186775       1.9837     0.999939   5.8804e-06      1.66662     0.600172     -5.99696 
        -100       14.527     0.999845       1.0001    0.0018675      5.45943      1.00026   0.00186779       1.9837     0.999939  5.88011e-06      1.66662     0.600172     -5.99696 
        -100      14.5793     0.999845       1.0001   0.00186753      5.45943      1.00026   0.00186782       1.9837     0.999939  5.87981e-06      1.66662     0.600172     -5.99696 
        -100      14.6317     0.999845       1.0001   0.00186757      5.45943      1.00026   0.00186786       1.9837     0.999939  5.87952e-06      1.66662     0.600172     -5.99696 
        -100      14.6842     0.999845       1.0001    0.0018676      5.45943      1.00026   0.00186789       1.9837     0.999939  5.87923e-06      1.66662     0.600172     -5.99696 
        -100      14.7368     0.999845       1.0001   0.00186764      5.45943      1.00026   0.00186793       1.9837     0.999939  5.87894e-06      1.66662     0.600172     -5.99696 
        -100      14.7895     0.999845       1.0001   0.00186767      5.45943      1.00026   0.00186796       1.9837     0.999939  5.87865e-06      1.66662     0.600172     -5.99696 
        -100      14.8423     0.999845       1.0001   0.00186771      5.45943      1.00026     0.001868       1.9837     0.999939  5.87837e-06      1.66662     0.600172     -5.99696 
        -100      14.8951     0.999845       1.0001   0.00186774      5.45943      1.00026   0.00186803       1.9837     0.999939  5.87809e-06      1.66662     0.600172     -5.99696 
        -100      14.9481     0.999845       1.0001   0.00186778      5.45943      1.00026   0.00186807       1.9837     0.999939  5.87781e-06      1.66662     0.600172     -5.99696 
        -100      15.0011     0.999845       1.0001   0.00186781      5.45943      1.00026    0.0018681       1.9837     0.999939  5.87754e-06      1.66662     0.600172     -5.99696 
        -100      15.0543     0.999845       1.0001   0.00186785      5.45943      1.00025   0.00186814       1.9837     0.999939  5.87727e-06      1.66662     0.600172     -5.99696 
        -100      15.1075     0.999845       1.0001   0.00186559      5.45943      1.00026   0.00186588       1.9837     0.999939   4.8216e-06      1.66662     0.600173     -6.08786 
        -100      15.1609     0.999845       1.0001   0.00186561      5.45943      1.00026    0.0018659       1.9837     0.999939  4.82071e-06      1.66662     0.600173     -6.08786 
        -100      15.2143     0.999845       1.0001   0.00186562      5.45943      1.00026   0.00186591       1.9837     0.999939  4.81982e-06      1.66662     0.600173     -6.08786 
        -100      15.2678     0.999845       1.0001   0.00186564      5.45943      1.00026   0.00186593       1.9837     0.999939  4.81893e-06      1.66662     0.600173     -6.08786 
        -100      15.3214     0.999845       1.0001   0.00186566      5.45943      1.00026   0.00186595       1.9837     0.999939  4.81804e-06      1.66662     0.600173     -6.08786 
        -100      15.3751     0.999845       1.0001   0.00186567      5.45943      1.00026   0.00186596       1.9837     0.999939  4.81716e-06      1.66662     0.600173     -6.08786 
        -100       15.429     0.999845       1.0001   0.00186569      5.45943      1.00026   0.00186598       1.9837     0.999939  4.81627e-06      1.66662     0.600173     -6.08786 
        -100      15.4828     0.999845       1.0001   0.00186571      5.45943      1.00026     0.001866       1.9837     0.999939  4.81538e-06      1.66662     0.600173     -6.08786 
        -100      15.5368     0.999845       1.0001   0.00186572      5.45943      1.00026   0.00186601       1.9837     0.999939  4.81449e-06      1.66662     0.600172     -6.08786 
        -100      15.5909     0.999845       1.0001   0.00186574      5.45943      1.00026   0.00186603       1.9837     0.999939   4.8136e-06      1.66662     0.600172     -6.08786 
        -100      15.6451     0.999845       1.0001   0.00186576      5.45943      1.00026   0.00186605       1.9837     0.999939  4.81272e-06      1.66662     0.600172     -6.08786 
        -100      15.6994     0.999845       1.0001   0.00186578      5.45943      1.00026   0.00186607       1.9837     0.999939  4.81183e-06      1.66662     0.600172     -6.08786 
        -100      15.7537     0.999845       1.0001   0.00186579      5.45943      1.00026   0.00186608       1.9837     0.999939  4.81094e-06      1.66662     0.600172     -6.08786 
        -100      15.8082     0.999846       1.0001   0.00186581      5.45943      1.00026    0.0018661       1.9837     0.999939  4.81006e-06      1.66662     0.600172     -6.08786 
        -100      15.8628     0.999846       1.0001   0.00186583      5.45943      1.00026   0.00186612       1.9837     0.999939  4.80917e-06      1.66662     0.600172     -6.08786 
        -100      15.9174     0.999846       1.0001   0.00186585      5.45943      1.00025   0.00186614       1.9837     0.999939  4.80828e-06      1.66662     0.600172     -6.08786 
        -100      15.9722     0.999846       1.0001   0.00186587      5.45943      1.00025   0.00186616       1.9837     0.999939   4.8074e-06      1.66662     0.600172     -6.08786 
        -100       16.027     0.999846       1.0001   0.00186589      5.45943      1.00025   0.00186617       1.9837     0.999939  4.80651e-06      1.66662     0.600172     -6.08786 
        -100       16.082     0.999846       1.0001    0.0018659      5.45943      1.00025   0.00186619       1.9837     0.999939  4.80562e-06      1.66662     0.600172     -6.08786 
        -100       16.137     0.999846       1.0001   0.00186592      5.45943      1.00025   0.00186621       1.9837     0.999939  4.80474e-06      1.66662     0.600172     -6.08786 
        -100      16.1921     0.999846       1.0001   0.00186594      5.45943      1.00025   0.00186623       1.9837     0.999939  4.80385e-06      1.66662     0.600172     -6.08786 
        -100      16.2473     0.999846       1.0001   0.00186596      5.45943      1.00025   0.00186625       1.9837     0.999939  4.80297e-06      1.66662     0.600172     -6.08786 
        -100      16.3026     0.999846       1.0001   0.00186598      5.45943      1.00025   0.00186627       1.9837     0.999939  4.80208e-06      1.66662     0.600172     -6.08786 
        -100      16.3581     0.999846       1.0001     0.001866      5.45943      1.00025   0.00186629       1.9837     0.999939   4.8012e-06      1.66662     0.600172     -6.08786 
        -100      16.4135     0.999846       1.0001   0.00186602      5.45943      1.00025   0.00186631       1.9837     0.999939  4.80031e-06      1.66662     0.600172     -6.08786 
        -100      16.4691     0.999846       1.0001   0.00186604      5.45943      1.00025   0.00186633       1.9837     0.999939  4.79943e-06      1.66662     0.600172     -6.08786 
        -100      16.5248     0.999846       1.0001   0.00186606      5.45943      1.00025   0.00186635       1.9837     0.999939  4.79854e-06      1.66662     0.600172     -6.08786 
        -100      16.5806     0.999846       1.0001   0.00186608      5.45943      1.00025   0.00186637       1.9837     0.999939  4.79766e-06      1.66662     0.600172     -6.08786 
        -100      16.6364     0.999846       1.0001    0.0018661      5.45943      1.00025   0.00186639       1.9837     0.999939  4.79678e-06      1.66662     0.600172     -6.08786 
        -100      16.6924     0.999846       1.0001   0.00186612      5.45943      1.00025   0.00186641       1.9837     0.999939  4.79589e-06      1.66662     0.600172     -6.08786 
        -100      16.7485     0.999846       1.0001   0.00186614      5.45943      1.00025   0.00186643       1.9837     0.999939  4.79501e-06      1.66662     0.600172     -6.08786 
        -100      16.8046     0.999846       1.0001   0.00186616      5.45943      1.00025   0.00186645       1.9837     0.999939  4.79413e-06      1.66662     0.600172     -6.08786 
        -100      16.8609     0.999846       1.0001   0.00186618      5.45943      1.00025   0.00186647       1.9837     0.999939  4.79325e-06      1.66662     0.600172     -6.08786 
        -100      16.9172     0.999846       1.0001    0.0018662      5.45943      1.00025   0.00186649       1.9837     0.999939  4.79237e-06      1.66662     0.600172     -6.08786 
        -100      16.9737     0.999846       1.0001   0.00186622      5.45943      1.00025   0.00186651       1.9837     0.999939  4.79148e-06      1.66662     0.600172     -6.08786 
        -100      17.0302     0.999846       1.0001   0.00186624      5.45943      1.00025   0.00186653       1.9837     0.999939   4.7906e-06      1.66662     0.600172     -6.08786 
        -100      17.0868     0.999846       1.0001   0.00186626      5.45943      1.00025   0.00186655       1.9837     0.999939  4.78972e-06      1.66662     0.600172     -6.08786 
        -100      17.1435     0.999846       1.0001   0.00186628      5.45943      1.00025   0.00186657       1.9837     0.999939  4.78884e-06      1.66662     0.600172     -6.08786 
        -100      17.2004     0.999846       1.0001   0.00186631      5.45943      1.00025   0.00186659       1.9837     0.999939  4.78796e-06      1.66662     0.600172     -6.08786 
        -100      17.2573     0.999846       1.0001   0.00186633      5.45943      1.00025   0.00186661       1.9837     0.999939  4.78708e-06      1.66662     0.600172     -6.08786 
        -100      17.3143     0.999846       1.0001   0.00186635      5.45943      1.00025   0.00186664       1.9837     0.999939   4.7862e-06      1.66662     0.600172     -6.08786 
        -100      17.3714     0.999846       1.0001   0.00186637      5.45943      1.00025   0.00186666       1.9837     0.999939  4.78533e-06      1.66662     0.600171     -6.08786 
        -100      17.4286     0.999846       1.0001   0.00186639      5.45943      1.00025   0.00186668       1.9837     0.999939  4.78445e-06      1.66662     0.600171     -6.08786 
        -100      17.4859     0.999846       1.0001   0.00186642      5.45943      1.00025    0.0018667       1.9837     0.999939  4.78357e-06      1.66662     0.600171     -6.08786 
        -100      17.5432     0.999846       1.0001   0.00186644      5.45943      1.00025   0.00186672       1.9837      0.99994  4.78269e-06      1.66662     0.600171     -6.08786 
        -100      17.6007     0.999846       1.0001   0.00186646      5.45943      1.00025   0.00186675       1.9837      0.99994  4.78182e-06      1.66662     0.600171     -6.08786 
        -100      17.6583     0.999846       1.0001   0.00186648      5.45943      1.00025   0.00186677       1.9837      0.99994  4.78094e-06      1.66662     0.600171     -6.08786 
        -100      17.7159     0.999846       1.0001   0.00186651      5.45943      1.00025   0.00186679       1.9837      0.99994  4.78007e-06      1.66662     0.600171     -6.08786 
        -100      17.7737     0.999846       1.0001   0.00186653      5.45943      1.00025   0.00186681       1.9837      0.99994  4.77919e-06      1.66662     0.600171     -6.08786 
        -100      17.8315     0.999847       1.0001   0.00186655      5.45943      1.00025   0.00186684       1.9837      0.99994  4.77832e-06      1.66662     0.600171     -6.08786 
        -100      17.8895     0.999847       1.0001   0.00186657      5.45943      1.00025   0.00186686       1.9837      0.99994  4.77744e-06      1.66662     0.600171     -6.08786 
        -100      17.9475     0.999847       1.0001    0.0018666      5.45944      1.00025   0.00186688       1.9837      0.99994  4.77657e-06      1.66662     0.600171     -6.08786 
        -100      18.0056     0.999847       1.0001   0.00186662      5.45944      1.00025   0.00186691       1.9837      0.99994  4.77569e-06      1.66662     0.600171     -6.08786 
        -100      18.0638     0.999847       1.0001   0.00186665      5.45944      1.00025   0.00186693       1.9837      0.99994  4.77482e-06      1.66662     0.600171     -6.08786 
        -100      18.1222     0.999847       1.0001   0.00186667      5.45944      1.00025   0.00186696       1.9837      0.99994  4.77395e-06      1.66662     0.600171     -6.08786 
        -100      18.1806     0.999847       1.0001   0.00186669      5.45944      1.00025   0.00186698       1.9837      0.99994  4.77308e-06      1.66662     0.600171     -6.08786 
        -100      18.2391     0.999847       1.0001   0.00186672      5.45944      1.00025     0.001867       1.9837      0.99994  4.77221e-06      1.66662     0.600171     -6.08786 
        -100      18.2977     0.999847       1.0001   0.00186674      5.45944      1.00025   0.00186703       1.9837      0.99994  4.77134e-06      1.66662     0.600171     -6.08786 
        -100      18.3564     0.999847       1.0001   0.00186677      5.45944      1.00025   0.00186705       1.9837      0.99994  4.77047e-06      1.66662     0.600171     -6.08786 
        -100      18.4152     0.999847       1.0001   0.00186679      5.45944      1.00025   0.00186708       1.9837      0.99994   4.7696e-06      1.66662     0.600171     -6.08786 
        -100       18.474     0.999847       1.0001   0.00186682      5.45944      1.00025    0.0018671       1.9837      0.99994  4.76873e-06      1.66662     0.600171     -6.08786 
        -100       18.533     0.999847       1.0001   0.00186684      5.45944      1.00025   0.00186713       1.9837      0.99994  4.76786e-06      1.66662     0.600171     -6.08786 
        -100      18.5921     0.999847       1.0001   0.00186687      5.45944      1.00025   0.00186715       1.9837      0.99994  4.76699e-06      1.66662     0.600171     -6.08786 
        -100      18.6513     0.999847       1.0001   0.00186689      5.45944      1.00025   0.00186718       1.9837      0.99994  4.76613e-06      1.66662     0.600171     -6.08786 
        -100      18.7105     0.999847       1.0001   0.00186692      5.45944      1.00025    0.0018672       1.9837      0.99994  4.76526e-06      1.66662     0.600171     -6.08786 
        -100      18.7699     0.999847       1.0001   0.00186694      5.45944      1.00025   0.00186723       1.9837      0.99994   4.7644e-06      1.66662     0.600171     -6.08786 
        -100      18.8293     0.999847       1.0001   0.00186697      5.45944      1.00025   0.00186725       1.9837      0.99994  4.76353e-06      1.66662     0.600171     -6.08786 
        -100      18.8888     0.999847       1.0001   0.00186699      5.45944      1.00025   0.00186728       1.9837      0.99994  4.76267e-06      1.66662     0.600171     -6.08786 
        -100      18.9485     0.999847       1.0001   0.00186702      5.45944      1.00025   0.00186731       1.9837      0.99994   4.7618e-06      1.66662     0.600171     -6.08786 
        -100      19.0082     0.999847       1.0001   0.00186705      5.45944      1.00025   0.00186733       1.9837      0.99994  4.76094e-06      1.66662     0.600171     -6.08786 
        -100       19.068     0.999847       1.0001   0.00186707      5.45944      1.00025   0.00186736       1.9837      0.99994  4.76008e-06      1.66662     0.600171     -6.08786 
        -100       19.128     0.999847       1.0001    0.0018671      5.45944      1.00025   0.00186738       1.9837      0.99994  4.75922e-06      1.66662     0.600171     -6.08786 
        -100       19.188     0.999847       1.0001   0.00186713      5.45944      1.00025   0.00186741       1.9837      0.99994  4.75836e-06      1.66662     0.600171     -6.08786 
        -100      19.2481     0.999847       1.0001   0.00186715      5.45944      1.00025   0.00186744       1.9837      0.99994   4.7575e-06      1.66662      0.60017     -6.08786 
        -100      19.3082     0.999847       1.0001   0.00186718      5.45944      1.00025   0.00186747       1.9837      0.99994  4.75664e-06      1.66662      0.60017     -6.08786 
        -100      19.3686     0.999847       1.0001   0.00186721      5.45944      1.00025   0.00186749       1.9837      0.99994  4.75578e-06      1.66662      0.60017     -6.08786 
        -100      19.4289     0.999847       1.0001   0.00186723      5.45944      1.00025   0.00186752       1.9837      0.99994  4.75492e-06      1.66662      0.60017     -6.08786 
        -100      19.4894     0.999847       1.0001   0.00186726      5.45944      1.00025   0.00186755       1.9837      0.99994  4.75407e-06      1.66662      0.60017     -6.08786 
        -100        19.55     0.999847       1.0001   0.00186729      5.45944      1.00025   0.00186758       1.9837      0.99994  4.75321e-06      1.66662      0.60017     -6.08786 
        -100      19.6107     0.999847       1.0001   0.00186732      5.45944      1.00025    0.0018676       1.9837      0.99994  4.75235e-06      1.66662      0.60017     -6.08786 
        -100      19.6714     0.999847       1.0001   0.00186735      5.45944      1.00025   0.00186763      1.98371      0.99994   4.7515e-06      1.66662      0.60017     -6.08786 
        -100      19.7323     0.999847       1.0001   0.00186737      5.45944      1.00025   0.00186766      1.98371      0.99994  4.75065e-06      1.66662      0.60017     -6.08786 
        -100      19.7932     0.999847       1.0001    0.0018674      5.45944      1.00025   0.00186769      1.98371      0.99994  4.74979e-06      1.66662      0.60017     -6.08786 
        -100      19.8542     0.999848       1.0001   0.00186743      5.45944      1.00025   0.00186772      1.98371      0.99994  4.74894e-06      1.66662      0.60017     -6.08786 
        -100      19.9154     0.999848       1.0001   0.00186746      5.45944      1.00025   0.00186774      1.98371      0.99994  4.74809e-06      1.66662      0.60017     -6.08786 
        -100      19.9767     0.999848       1.0001   0.00186749      5.45944      1.00025   0.00186777      1.98371      0.99994  4.74724e-06      1.66662      0.60017     -6.08786 
        -100       20.038     0.999848       1.0001   0.00186752      5.45944      1.00025    0.0018678      1.98371      0.99994  4.74639e-06      1.66662      0.60017     -6.08786 
        -100      20.0994     0.999848       1.0001   0.00186755      5.45944      1.00025   0.00186783      1.98371      0.99994  4.74554e-06      1.66662      0.60017     -6.08786 
        -100      20.1609     0.999848       1.0001   0.00186758      5.45944      1.00025   0.00186786      1.98371      0.99994   4.7447e-06      1.66662      0.60017     -6.08786 
        -100      20.2225     0.999848       1.0001   0.00186761      5.45944      1.00025   0.00186789      1.98371      0.99994  4.74385e-06      1.66662      0.60017     -6.08786 
        -100      20.2842     0.999848       1.0001   0.00186764      5.45944      1.00025   0.00186792      1.98371      0.99994    4.743e-06      1.66662      0.60017     -6.08786 
        -100       20.346     0.999848       1.0001   0.00186584      5.45944      1.00025   0.00186612      1.98371      0.99994  5.31658e-06      1.66662     0.600169     -5.99232 
        -100      20.4079     0.999848       1.0001   0.00186584      5.45945      1.00025   0.00186613      1.98371      0.99994  5.31498e-06      1.66662     0.600169     -5.99232 
        -100      20.4699     0.999848       1.0001   0.00186585      5.45945      1.00025   0.00186613      1.98371      0.99994  5.31337e-06      1.66662     0.600169     -5.99232 
        -100       20.532     0.999848       1.0001   0.00186586      5.45945      1.00025   0.00186614      1.98371      0.99994  5.31175e-06      1.66662     0.600169     -5.99232 
        -100      20.5941     0.999848       1.0001   0.00186587      5.45945      1.00025   0.00186615      1.98371      0.99994  5.31014e-06      1.66662     0.600169     -5.99232 
        -100      20.6564     0.999848       1.0001   0.00186587      5.45945      1.00025   0.00186616      1.98371      0.99994  5.30852e-06      1.66662     0.600169     -5.99232 
        -100      20.7187     0.999848       1.0001   0.00186588      5.45945      1.00025   0.00186616      1.98371      0.99994  5.30691e-06      1.66662     0.600169     -5.99232 
        -100      20.7812     0.999849       1.0001   0.00186589      5.45945      1.00025   0.00186617      1.98371      0.99994  5.30529e-06      1.66662     0.600169     -5.99232 
        -100      20.8437     0.999849       1.0001    0.0018659      5.45945      1.00025   0.00186618      1.98371      0.99994  5.30367e-06      1.66662     0.600169     -5.99232 
        -100      20.9064     0.999849       1.0001    0.0018659      5.45945      1.00025   0.00186619      1.98371     0.999941  5.30205e-06      1.66662     0.600169     -5.99232 
        -100      20.9691     0.999849       1.0001   0.00186591      5.45945      1.00025   0.00186619      1.98371     0.999941  5.30042e-06      1.66662     0.600169     -5.99232 
        -100      21.0319     0.999849       1.0001   0.00186592      5.45945      1.00025    0.0018662      1.98371     0.999941   5.2988e-06      1.66662     0.600169     -5.99232 
        -100      21.0949     0.999849       1.0001   0.00186593      5.45945      1.00025   0.00186621      1.98371     0.999941  5.29717e-06      1.66662     0.600169     -5.99232 
        -100      21.1579     0.999849       1.0001   0.00186594      5.45945      1.00025   0.00186622      1.98371     0.999941  5.29554e-06      1.66662     0.600169     -5.99232 
        -100       21.221     0.999849       1.0001   0.00186595      5.45945      1.00025   0.00186623      1.98371     0.999941  5.29391e-06      1.66662     0.600168     -5.99232 
        -100      21.2842     0.999849       1.0001   0.00186595      5.45945      1.00025   0.00186624      1.98371     0.999941  5.29228e-06      1.66662     0.600168     -5.99232 
        -100      21.3475     0.999849       1.0001   0.00186596      5.45945      1.00025   0.00186625      1.98371     0.999941  5.29064e-06      1.66662     0.600168     -5.99232 
        -100      21.4109     0.999849       1.0001   0.00186597      5.45945      1.00025   0.00186626      1.98371     0.999941  5.28901e-06      1.66662     0.600168     -5.99232 
        -100      21.4744     0.999849       1.0001   0.00186598      5.45945      1.00025   0.00186627      1.98371     0.999941  5.28737e-06      1.66662     0.600168     -5.99232 
        -100       21.538     0.999849       1.0001   0.00186599      5.45945      1.00025   0.00186628      1.98371     0.999941  5.28573e-06      1.66662     0.600168     -5.99232 
        -100      21.6016     0.999849       1.0001     0.001866      5.45945      1.00025   0.00186629      1.98371     0.999941  5.28409e-06      1.66662     0.600168     -5.99232 
        -100      21.6654     0.999849       1.0001   0.00186601      5.45945      1.00025    0.0018663      1.98371     0.999941  5.28245e-06      1.66662     0.600168     -5.99232 
        -100      21.7292     0.999849       1.0001   0.00186602      5.45945      1.00025   0.00186631      1.98371     0.999941   5.2808e-06      1.66662     0.600168     -5.99232 
        -100      21.7932     0.999849       1.0001   0.00186604      5.45945      1.00025   0.00186632      1.98371     0.999941  5.27916e-06      1.66662     0.600168     -5.99232 
        -100      21.8572     0.999849       1.0001   0.00186605      5.45945      1.00025   0.00186633      1.98371     0.999941  5.27751e-06      1.66662     0.600168     -5.99232 
        -100      21.9214     0.999849       1.0001   0.00186606      5.45945      1.00025   0.00186634      1.98371     0.999941  5.27586e-06      1.66662     0.600168     -5.99232 
        -100      21.9857     0.999849       1.0001   0.00186607      5.45945      1.00025   0.00186635      1.98371     0.999941  5.27421e-06      1.66662     0.600168     -5.99232 
        -100        22.05     0.999849       1.0001   0.00186608      5.45945      1.00025   0.00186636      1.98371     0.999941  5.27256e-06      1.66662     0.600168     -5.99232 
        -100      22.1144      0.99985       1.0001   0.00186609      5.45945      1.00025   0.00186637      1.98371     0.999941   5.2709e-06      1.66662     0.600168     -5.99232 
        -100      22.1789      0.99985       1.0001    0.0018661      5.45945      1.00025   0.00186638      1.98371     0.999941  5.26925e-06      1.66662     0.600168     -5.99232 
        -100      22.2436      0.99985       1.0001   0.00186612      5.45945      1.00025    0.0018664      1.98371     0.999941  5.26759e-06      1.66662     0.600168     -5.99232 
        -100      22.3082      0.99985       1.0001   0.00186613      5.45945      1.00025   0.00186641      1.98371     0.999941  5.26593e-06      1.66662     0.600168     -5.99232 
        -100      22.3731      0.99985       1.0001   0.00186614      5.45945      1.00025   0.00186642      1.98371     0.999941  5.26427e-06      1.66662     0.600168     -5.99232 
        -100       22.438      0.99985       1.0001   0.00186615      5.45945      1.00025   0.00186643      1.98371     0.999941  5.26261e-06      1.66662     0.600168     -5.99232 
        -100      22.5029      0.99985       1.0001   0.00186617      5.45945      1.00025   0.00186645      1.98371     0.999941  5.26095e-06      1.66662     0.600167     -5.99232 
        -100       22.568      0.99985       1.0001   0.00186618      5.45945      1.00025   0.00186646      1.98371     0.999941  5.25928e-06      1.66662     0.600167     -5.99232 
        -100      22.6332      0.99985       1.0001   0.00186619      5.45945      1.00025   0.00186647      1.98371     0.999941  5.25761e-06      1.66662     0.600167     -5.99232 
        -100      22.6985      0.99985       1.0001   0.00186621      5.45945      1.00025   0.00186649      1.98371     0.999941  5.25594e-06      1.66662     0.600167     -5.99232 
        -100      22.7638      0.99985       1.0001   0.00186622      5.45946      1.00025    0.0018665      1.98371     0.999941  5.25427e-06      1.66662     0.600167     -5.99232 
        -100      22.8293      0.99985       1.0001   0.00186624      5.45946      1.00025   0.00186652      1.98371     0.999941   5.2526e-06      1.66662     0.600167     -5.99232 
        -100      22.8948      0.99985       1.0001   0.00186625      5.45946      1.00025   0.00186653      1.98371     0.999941  5.25093e-06      1.66662     0.600167     -5.99232 
        -100      22.9605      0.99985       1.0001   0.00186626      5.45946      1.00025   0.00186654      1.98371     0.999941  5.24925e-06      1.66662     0.600167     -5.99232 
        -100      23.0263      0.99985       1.0001   0.00186628      5.45946      1.00025   0.00186656      1.98371     0.999941  5.24758e-06      1.66662     0.600167     -5.99232 
        -100      23.0921      0.99985       1.0001   0.00186629      5.45946      1.00025   0.00186657      1.98371     0.999941   5.2459e-06      1.66662     0.600167     -5.99232 
        -100       23.158      0.99985       1.0001   0.00186631      5.45946      1.00025   0.00186659      1.98371     0.999941  5.24422e-06      1.66662     0.600167     -5.99232 
        -100       23.224      0.99985       1.0001   0.00186632      5.45946      1.00025    0.0018666      1.98371     0.999941  5.24254e-06      1.66662     0.600167     -5.99232 
        -100      23.2902      0.99985       1.0001   0.00186634      5.45946      1.00025   0.00186662      1.98371     0.999941  5.24086e-06      1.66662     0.600167     -5.99232 
        -100      23.3564      0.99985       1.0001   0.00186636      5.45946      1.00025   0.00186664      1.98371     0.999941  5.23917e-06      1.66662     0.600167     -5.99232 
        -100      23.4227      0.99985       1.0001   0.00186637      5.45946      1.00025   0.00186665      1.98371     0.999941  5.23749e-06      1.66662     0.600167     -5.99232 
        -100      23.4891     0.999851       1.0001   0.00186639      5.45946      1.00025   0.00186667      1.98371     0.999941   5.2358e-06      1.66662     0.600167     -5.99232 
        -100      23.5556     0.999851       1.0001   0.00186641      5.45946      1.00025   0.00186668      1.98371     0.999941  5.23411e-06      1.66662     0.600167     -5.99232 
        -100      23.6222     0.999851       1.0001   0.00186642      5.45946      1.00025    0.0018667      1.98371     0.999941  5.23242e-06      1.66662     0.600167     -5.99232 
        -100      23.6888     0.999851       1.0001   0.00186644      5.45946      1.00025   0.00186672      1.98371     0.999941  5.23073e-06      1.66662     0.600166     -5.99232 
        -100      23.7556     0.999851       1.0001   0.00186646      5.45946      1.00025   0.00186674      1.98371     0.999941  5.22903e-06      1.66662     0.600166     -5.99232 
        -100      23.8225     0.999851       1.0001   0.00186647      5.45946      1.00025   0.00186675      1.98371     0.999941  5.22734e-06      1.66662     0.600166     -5.99232 
        -100      23.8895     0.999851       1.0001   0.00186649      5.45946      1.00025   0.00186677      1.98371     0.999941  5.22564e-06      1.66662     0.600166     -5.99232 
        -100      23.9565     0.999851       1.0001   0.00186651      5.45946      1.00025   0.00186679      1.98371     0.999941  5.22394e-06      1.66662     0.600166     -5.99232 
        -100      24.0237     0.999851       1.0001   0.00186653      5.45946      1.00025   0.00186681      1.98371     0.999941  5.22224e-06      1.66662     0.600166     -5.99232 
        -100      24.0909     0.999851       1.0001   0.00186655      5.45946      1.00025   0.00186682      1.98372     0.999941  5.22054e-06      1.66662     0.600166     -5.99232 
        -100      24.1582     0.999851       1.0001   0.00186656      5.45946      1.00025   0.00186684      1.98372     0.999941  5.21884e-06      1.66662     0.600166     -5.99232 
        -100      24.2257     0.999851       1.0001   0.00186658      5.45946      1.00025   0.00186686      1.98372     0.999941  5.21713e-06      1.66662     0.600166     -5.99232 
        -100      24.2932     0.999851       1.0001    0.0018666      5.45946      1.00025   0.00186688      1.98372     0.999942  5.21543e-06      1.66662     0.600166     -5.99232 
        -100      24.3608     0.999851       1.0001   0.00186662      5.45946      1.00025    0.0018669      1.98372     0.999942  5.21372e-06      1.66662     0.600166     -5.99232 
        -100      24.4285     0.999851       1.0001   0.00186664      5.45946      1.00025   0.00186692      1.98372     0.999942  5.21201e-06      1.66662     0.600166     -5.99232 
        -100      24.4964     0.999851       1.0001   0.00186666      5.45946      1.00025   0.00186694      1.98372     0.999942   5.2103e-06      1.66662     0.600166     -5.99232 
        -100      24.5643     0.999851       1.0001   0.00186668      5.45946      1.00025   0.00186696      1.98372     0.999942  5.20859e-06      1.66662     0.600166     -5.99232 
        -100      24.6323     0.999851       1.0001    0.0018667      5.45946      1.00025   0.00186698      1.98372     0.999942  5.20688e-06      1.66662     0.600166     -5.99232 
        -100      24.7004     0.999851       1.0001   0.00186672      5.45946      1.00025     0.001867      1.98372     0.999942  5.20516e-06      1.66662     0.600166     -5.99232 
        -100      24.7685     0.999851       1.0001   0.00186674      5.45946      1.00025   0.00186702      1.98372     0.999942  5.20344e-06      1.66662     0.600166     -5.99232 
        -100      24.8368     0.999852       1.0001   0.00186676      5.45946      1.00025   0.00186704      1.98372     0.999942  5.20173e-06      1.66662     0.600166     -5.99232 
        -100      24.9052     0.999852       1.0001   0.00186679      5.45946      1.00024   0.00186706      1.98372     0.999942  5.20001e-06      1.66662     0.600166     -5.99232 
        -100      24.9737     0.999852       1.0001   0.00186681      5.45946      1.00024   0.00186708      1.98372     0.999942  5.19829e-06      1.66662     0.600165     -5.99232 
        -100      25.0423     0.999852       1.0001   0.00186683      5.45947      1.00024   0.00186711      1.98372     0.999942  5.19656e-06      1.66662     0.600165     -5.99232 
        -100      25.1109     0.999852       1.0001   0.00186685      5.45947      1.00024   0.00186713      1.98372     0.999942  5.19484e-06      1.66662     0.600165     -5.99232 
        -100      25.1796     0.999852       1.0001   0.00186687      5.45947      1.00024   0.00186715      1.98372     0.999942  5.19311e-06      1.66662     0.600165     -5.99232 
        -100      25.2485     0.999852       1.0001    0.0018669      5.45947      1.00024   0.00186717      1.98372     0.999942  5.19139e-06      1.66662     0.600165     -5.99232 
        -100      25.3174     0.999852       1.0001   0.00186692      5.45947      1.00024    0.0018672      1.98372     0.999942  5.18966e-06      1.66662     0.600165     -5.99232 
        -100      25.3864     0.999852       1.0001   0.00186694      5.45947      1.00024   0.00186722      1.98372     0.999942  5.18793e-06      1.66662     0.600165     -5.99232 
        -100      25.4556     0.999852       1.0001   0.00186697      5.45947      1.00024   0.00186724      1.98372     0.999942   5.1862e-06      1.66662     0.600165     -5.99232 
        -100      25.5248     0.999852       1.0001   0.00186699      5.45947      1.00024   0.00186726      1.98372     0.999942  5.18447e-06      1.66662     0.600165     -5.99232 
        -100      25.5941     0.999852       1.0001   0.00186701      5.45947      1.00024   0.00186729      1.98372     0.999942  5.18273e-06      1.66662     0.600165     -5.99232 
        -100      25.6635     0.999852       1.0001   0.00186704      5.45947      1.00024   0.00186731      1.98372     0.999942    5.181e-06      1.66662     0.600165     -5.99232 
        -100       25.733     0.999852       1.0001   0.00186706      5.45947      1.00024   0.00186734      1.98372     0.999942  5.17926e-06      1.66662     0.600165     -5.99232 
        -100      25.8026     0.999852       1.0001   0.00186709      5.45947      1.00024   0.00186736      1.98372     0.999942  5.17752e-06      1.66662     0.600165     -5.99232 
        -100      25.8723     0.999852       1.0001   0.00186711      5.45947      1.00024   0.00186739      1.98372     0.999942  5.17578e-06      1.66662     0.600165     -5.99232 
        -100      25.9421     0.999852       1.0001   0.00186714      5.45947      1.00024   0.00186741      1.98372     0.999942  5.17404e-06      1.66662     0.600165     -5.99232 
        -100      26.0119     0.999852       1.0001   0.00186716      5.45947      1.00024   0.00186744      1.98372     0.999942   5.1723e-06      1.66662     0.600165     -5.99232 
        -100      26.0819     0.999852       1.0001   0.00186719      5.45947      1.00024   0.00186746      1.98372     0.999942  5.17055e-06      1.66662     0.600165     -5.99232 
        -100       26.152     0.999853       1.0001   0.00186721      5.45947      1.00024   0.00186749      1.98372     0.999942  5.16881e-06      1.66662     0.600164     -5.99232 
        -100      26.2221     0.999853       1.0001   0.00186724      5.45947      1.00024   0.00186751      1.98372     0.999942  5.16706e-06      1.66662     0.600164     -5.99232 
        -100      26.2924     0.999853       1.0001   0.00186726      5.45947      1.00024   0.00186754      1.98372     0.999942  5.16531e-06      1.66662     0.600164     -5.99232 
        -100      26.3627     0.999853       1.0001   0.00186729      5.45947      1.00024   0.00186757      1.98372     0.999942  5.16356e-06      1.66662     0.600164     -5.99232 
        -100      26.4332     0.999853       1.0001   0.00186732      5.45947      1.00024   0.00186759      1.98372     0.999942  5.16181e-06      1.66662     0.600164     -5.99232 
        -100      26.5037     0.999853       1.0001   0.00186735      5.45947      1.00024   0.00186762      1.98372     0.999942  5.16006e-06      1.66662     0.600164     -5.99232 
        -100      26.5744     0.999853       1.0001   0.00186737      5.45947      1.00024   0.00186765      1.98372     0.999942   5.1583e-06      1.66662     0.600164     -5.99232 
        -100      26.6451     0.999853       1.0001    0.0018674      5.45947      1.00024   0.00186768      1.98372     0.999942  5.15655e-06      1.66662     0.600164     -5.99232 
        -100      26.7159     0.999853       1.0001   0.00186743      5.45947      1.00024    0.0018677      1.98372     0.999942  5.15479e-06      1.66662     0.600164     -5.99232 
        -100      26.7868     0.999853       1.0001   0.00186746      5.45947      1.00024   0.00186773      1.98372     0.999942  5.15303e-06      1.66662     0.600164     -5.99232 
        -100      26.8578     0.999853       1.0001   0.00186749      5.45947      1.00024   0.00186776      1.98372     0.999942  5.15127e-06      1.66662     0.600164     -5.99232 
        -100      26.9289     0.999853       1.0001   0.00186588      5.45947      1.00024   0.00186616      1.98372     0.999942  3.19037e-06      1.66662     0.600165     -6.27152 
        -100      27.0001     0.999853       1.0001    0.0018659      5.45947      1.00024   0.00186617      1.98372     0.999942  3.18882e-06      1.66662     0.600165     -6.27152 
        -100      27.0714     0.999853       1.0001   0.00186591      5.45947      1.00024   0.00186618      1.98372     0.999942  3.18726e-06      1.66662     0.600165     -6.27152 
        -100      27.1428     0.999853       1.0001   0.00186592      5.45947      1.00024    0.0018662      1.98372     0.999942   3.1857e-06      1.66662     0.600165     -6.27152 
        -100      27.2143     0.999853       1.0001   0.00186593      5.45947      1.00024   0.00186621      1.98372     0.999942  3.18414e-06      1.66662     0.600165     -6.27152 
        -100      27.2859     0.999853       1.0001   0.00186595      5.45947      1.00024   0.00186622      1.98372     0.999942  3.18258e-06      1.66662     0.600164     -6.27152 
        -100      27.3575     0.999853       1.0001   0.00186596      5.45947      1.00024   0.00186623      1.98372     0.999942  3.18102e-06      1.66662     0.600164     -6.27152 
        -100      27.4293     0.999853       1.0001   0.00186597      5.45947      1.00024   0.00186625      1.98372     0.999942  3.17945e-06      1.66662     0.600164     -6.27152 
        -100      27.5011     0.999853       1.0001   0.00186598      5.45947      1.00024   0.00186626      1.98372     0.999942  3.17789e-06      1.66662     0.600164     -6.27152 
        -100      27.5731     0.999853       1.0001     0.001866      5.45947      1.00024   0.00186627      1.98372     0.999942  3.17632e-06      1.66662     0.600164     -6.27152 
        -100      27.6451     0.999853       1.0001   0.00186601      5.45947      1.00024   0.00186628      1.98372     0.999942  3.17476e-06      1.66662     0.600164     -6.27152 
        -100      27.7172     0.999853       1.0001   0.00186602      5.45947      1.00024   0.00186629      1.98372     0.999942  3.17319e-06      1.66662     0.600164     -6.27152 
        -100      27.7895     0.999854       1.0001   0.00186603      5.45947      1.00024   0.00186631      1.98372     0.999942  3.17162e-06      1.66662     0.600164     -6.27152 
        -100      27.8618     0.999854       1.0001   0.00186605      5.45948      1.00024   0.00186632      1.98372     0.999942  3.17005e-06      1.66662     0.600164     -6.27152 
        -100      27.9342     0.999854       1.0001   0.00186606      5.45948      1.00024   0.00186633      1.98372     0.999942  3.16848e-06      1.66662     0.600164     -6.27152 
        -100      28.0067     0.999854       1.0001   0.00186607      5.45948      1.00024   0.00186634      1.98372     0.999942  3.16691e-06      1.66662     0.600164     -6.27152 
        -100      28.0793     0.999854       1.0001   0.00186608      5.45948      1.00024   0.00186636      1.98372     0.999942  3.16534e-06      1.66662     0.600164     -6.27152 
        -100       28.152     0.999854       1.0001    0.0018661      5.45948      1.00024   0.00186637      1.98372     0.999942  3.16377e-06      1.66662     0.600164     -6.27152 
        -100      28.2248     0.999854       1.0001   0.00186611      5.45948      1.00024   0.00186638      1.98372     0.999942  3.16219e-06      1.66662     0.600163     -6.27152 
        -100      28.2977     0.999854       1.0001   0.00186612      5.45948      1.00024   0.00186639      1.98372     0.999942  3.16062e-06      1.66662     0.600163     -6.27152 
        -100      28.3706     0.999854       1.0001   0.00186613      5.45948      1.00024   0.00186641      1.98372     0.999942  3.15904e-06      1.66662     0.600163     -6.27152 
        -100      28.4437     0.999854       1.0001   0.00186615      5.45948      1.00024   0.00186642      1.98372     0.999942  3.15746e-06      1.66662     0.600163     -6.27152 
        -100      28.5169     0.999854       1.0001   0.00186616      5.45948      1.00024   0.00186643      1.98372     0.999942  3.15588e-06      1.66662     0.600163     -6.27152 
        -100      28.5902     0.999854       1.0001   0.00186617      5.45948      1.00024   0.00186644      1.98372     0.999942   3.1543e-06      1.66662     0.600163     -6.27152 
        -100      28.6635     0.999854       1.0001   0.00186618      5.45948      1.00024   0.00186646      1.98372     0.999942  3.15273e-06      1.66662     0.600163     -6.27152 
        -100       28.737     0.999854       1.0001    0.0018662      5.45948      1.00024   0.00186647      1.98372     0.999942  3.15114e-06      1.66662     0.600163     -6.27152 
        -100      28.8105     0.999855       1.0001   0.00186621      5.45948      1.00024   0.00186648      1.98372     0.999942  3.14956e-06      1.66662     0.600163     -6.27152 
        -100      28.8841     0.999855       1.0001   0.00186622      5.45948      1.00024   0.00186649      1.98372     0.999942  3.14798e-06      1.66662     0.600163     -6.27152 
        -100      28.9579     0.999855       1.0001   0.00186623      5.45948      1.00024   0.00186651      1.98372     0.999942  3.14639e-06      1.66662     0.600163     -6.27152 
        -100      29.0317     0.999855       1.0001   0.00186625      5.45948      1.00024   0.00186652      1.98372     0.999943  3.14481e-06      1.66662     0.600163     -6.27152 
        -100      29.1056     0.999855       1.0001   0.00186626      5.45948      1.00024   0.00186653      1.98372     0.999943  3.14322e-06      1.66662     0.600163     -6.27152 
        -100      29.1796     0.999855       1.0001   0.00186627      5.45948      1.00024   0.00186654      1.98373     0.999943  3.14164e-06      1.66662     0.600162     -6.27152 
        -100      29.2537     0.999855       1.0001   0.00186628      5.45948      1.00024   0.00186656      1.98373     0.999943  3.14005e-06      1.66662     0.600162     -6.27152 
        -100      29.3279     0.999855       1.0001    0.0018663      5.45948      1.00024   0.00186657      1.98373     0.999943  3.13846e-06      1.66662     0.600162     -6.27152 
        -100      29.4022     0.999855      1.00009   0.00186631      5.45948      1.00024   0.00186658      1.98373     0.999943  3.13687e-06      1.66662     0.600162     -6.27152 
        -100      29.4766     0.999855      1.00009   0.00186632      5.45948      1.00024   0.00186659      1.98373     0.999943  3.13528e-06      1.66662     0.600162     -6.27152 
        -100      29.5511     0.999855      1.00009   0.00186634      5.45948      1.00024   0.00186661      1.98373     0.999943  3.13369e-06      1.66662     0.600162     -6.27152 
        -100      29.6257     0.999855      1.00009   0.00186635      5.45948      1.00024   0.00186662      1.98373     0.999943  3.13209e-06      1.66662     0.600162     -6.27152 
        -100      29.7003     0.999855      1.00009   0.00186636      5.45949      1.00024   0.00186663      1.98373     0.999943   3.1305e-06      1.66662     0.600162     -6.27152 
        -100      29.7751     0.999855      1.00009   0.00186637      5.45949      1.00024   0.00186664      1.98373     0.999943  3.12891e-06      1.66662     0.600162     -6.27152 
        -100      29.8499     0.999856      1.00009   0.00186639      5.45949      1.00024   0.00186665      1.98373     0.999943  3.12731e-06      1.66662     0.600162     -6.27152 
        -100      29.9249     0.999856      1.00009    0.0018664      5.45949      1.00024   0.00186667      1.98373     0.999943  3.12572e-06      1.66662     0.600162     -6.27152 
        -100           30     0.999856      1.00009   0.00186641      5.45949      1.00024   0.00186668      1.98373     0.999943  3.12412e-06      1.66662     0.600162     -6.27152 
         -75            0     0.999725  1.38767e-07 -1.28993e-07      4.95895 -4.35904e-07 -1.28269e-07      1.98358            1  0.000546575      1.66667  -6.8676e-08     -4.63745 
         -75      4.6e-05     0.999723  3.06428e-05 -1.28584e-07      4.95895  3.00801e-05 -1.27866e-07      1.98358            1  0.000558037      1.66667  1.82398e-05     -4.63745 
         -75     0.000187     0.999718  0.000124143 -1.27313e-07      4.95895  0.000123618  -1.2661e-07      1.98358      1.00001  0.000593164      1.66667   7.4359e-05     -4.63745 
         -75     0.000422      0.99971  0.000279975 -1.25134e-07      4.95895  0.000279514 -1.24455e-07      1.98358      1.00002  0.000651696      1.66668   0.00016789     -4.63745 
         -75     0.000751     0.999698  0.000498133 -1.21955e-07      4.95895  0.000497766  -1.2131e-07      1.98358      1.00003   0.00073361      1.66669  0.000298831     -4.63745 
         -75     0.001174     0.999683  0.000778611 -1.17648e-07      4.95895  0.000778372 -1.17045e-07      1.98358      1.00004  0.000838875       1.6667  0.000467179     -4.63745 
         -75     0.001691     0.999664    0.0011214 -1.12047e-07      4.95895   0.00112133 -1.11495e-07      1.98358      1.00006  0.000967452      1.66672  0.000672932     -4.63745 
         -75     0.002302     0.999642    0.0015265 -1.04953e-07      4.95895   0.00152664 -1.04457e-07      1.98358      1.00008   0.00111929      1.66674  0.000916086     -4.63745 
         -75     0.003007     0.999617   0.00199389 -9.61252e-08      4.95895   0.00199429 -9.56917e-08      1.98358      1.00011   0.00129434      1.66676   0.00119664     -4.63745 
         -75     0.003806     0.999589   0.00252356 -8.52906e-08      4.95896   0.00252428 -8.49233e-08      1.98358      1.00014   0.00149253      1.66678   0.00151458     -4.63745 
         -75     0.004698     0.999557   0.00311483 -7.21526e-08      4.95896   0.00311595 -7.18538e-08      1.98358      1.00017   0.00171354      1.66681   0.00186951     -4.63745 
         -75     0.005685     0.999522   0.00376901 -5.63339e-08      4.95896   0.00377061 -5.61044e-08      1.98358       1.0002   0.00195778      1.66684   0.00226222     -4.63745 
         -75     0.006766     0.999483   0.00448543 -3.74639e-08      4.95896    0.0044876 -3.73023e-08      1.98358      1.00024   0.00222491      1.66687   0.00269229     -4.63745 
         -75     0.007941     0.999441   0.00526406 -1.51214e-08      4.95897   0.00526691 -1.50242e-08      1.98358      1.00028   0.00251483       1.6669   0.00315974     -4.63745 
         -75     0.009209     0.999396   0.00610421    1.113e-08      4.95897   0.00610787  1.11686e-08      1.98358      1.00033   0.00282719      1.66694   0.00366414     -4.63745 
         -75     0.010572     0.999348    0.0070072   4.1826e-08      4.95898   0.00701179  4.18146e-08      1.98358      1.00038   0.00316236      1.66698   0.00420629     -4.63745 
         -75      0.01203     0.999297     0.007973  7.75036e-08      4.95898   0.00797868  7.74532e-08      1.98358      1.00043   0.00352021      1.66702   0.00478617     -4.63745 
         -75      0.01358     0.999242   0.00899958  1.18654e-07      4.95899   0.00900653  1.18579e-07      1.98358      1.00048   0.00389987      1.66707   0.00540259     -4.63745 
         -75     0.015225     0.999184    0.0100889  1.65958e-07        4.959    0.0100973  1.65876e-07      1.98358      1.00054   0.00430193      1.66712   0.00605672     -4.63745 
         -75     0.016963     0.999123    0.0112397      2.2e-07      4.95902    0.0112497   2.1993e-07      1.98358       1.0006   0.00472575      1.66717   0.00674775     -4.63745 
         -75     0.018796     0.999059    0.0124531  2.81518e-07      4.95903     0.012465  2.81485e-07      1.98358      1.00067   0.00517166      1.66722   0.00747647     -4.63745 
         -75     0.020722     0.998992    0.0137279   3.5116e-07      4.95905    0.0137419  3.51191e-07      1.98358      1.00073   0.00563899      1.66728   0.00824208     -4.63745 
         -75     0.022743     0.998922    0.0150652  4.29749e-07      4.95907    0.0150818  4.29876e-07      1.98358       1.0008   0.00612806      1.66734   0.00904535     -4.63745 
         -75     0.024857     0.998848    0.0164639  5.17995e-07      4.95909    0.0164831  5.18254e-07      1.98358      1.00088   0.00663819       1.6674   0.00988547     -4.63745 
         -75     0.027066     0.998772    0.0179251  6.16805e-07      4.95911    0.0179474  6.17235e-07      1.98358      1.00095   0.00716967      1.66746    0.0107632     -4.63745 
         -75      0.02937     0.998692    0.0194488  7.27049e-07      4.95914    0.0194745  7.27695e-07      1.98358      1.00103   0.00772229      1.66753    0.0116786     -4.63745 
         -75     0.031765      0.99861    0.0210323  8.49424e-07      4.95917    0.0210618  8.50334e-07      1.98358      1.00112   0.00829487       1.6676      0.01263     -4.63745 
         -75     0.034256     0.998525    0.0226789  9.85114e-07      4.95921    0.0227126  9.86342e-07      1.98358       1.0012    0.0088884      1.66767    0.0136193     -4.63745 
         -75      0.03684     0.998436    0.0243866  1.13493e-06      4.95925    0.0244249  1.13654e-06      1.98358      1.00129   0.00950191      1.66774    0.0146455     -4.63745 
         -75     0.039519     0.998345    0.0261566      1.3e-06       4.9593    0.0262001  1.30204e-06      1.98358      1.00138    0.0101357      1.66782    0.0157092     -4.63745 
         -75     0.042291     0.998251    0.0279876  1.48124e-06      4.95935    0.0280366  1.48379e-06      1.98358      1.00148    0.0107889       1.6679    0.0168096     -4.63745 
         -75     0.045158     0.998155    0.0298808  1.67986e-06       4.9594     0.029936    1.683e-06      1.98358      1.00157    0.0114619      1.66798    0.0179475     -4.63745 
         -75      0.04812     0.998055    0.0318362  1.89699e-06      4.95946    0.0318981   1.9008e-06      1.98358      1.00167    0.0121543      1.66806    0.0191229     -4.63745 
         -75     0.051173     0.997953     0.033851  2.13349e-06      4.95953    0.0339203  2.13804e-06      1.98358      1.00178     0.012865      1.66815    0.0203342     -4.63745 
         -75     0.054322     0.997848    0.0359286  2.39091e-06       4.9596    0.0360059  2.39631e-06      1.98358      1.00188    0.0135947      1.66823    0.0215833     -4.63745 
         -75     0.057563     0.997741    0.0380663  2.67017e-06      4.95968    0.0381523  2.67651e-06      1.98358      1.00199    0.0143424      1.66832    0.0228687     -4.63745 
         -75     0.060901     0.997631    0.0402672  2.97296e-06      4.95977    0.0403626  2.98035e-06      1.98358       1.0021    0.0151088      1.66842    0.0241922     -4.63745 
         -75      0.06433     0.997518    0.0425274  3.30003e-06      4.95986    0.0426329  3.30858e-06      1.98358      1.00221    0.0158923      1.66851    0.0255516     -4.63745 
         -75     0.067855     0.997403    0.0448501  3.65321e-06      4.95996    0.0449666  3.66304e-06      1.98358      1.00233    0.0166937      1.66861    0.0269487     -4.63745 
         -75     0.071475     0.997285    0.0472345  4.03377e-06      4.96007    0.0473629    4.045e-06      1.98358      1.00245    0.0175124       1.6687    0.0283831     -4.63745 
         -75     0.075186     0.997165     0.049678   4.4427e-06      4.96019    0.0498191  4.45547e-06      1.98358      1.00257    0.0183472       1.6688    0.0298532     -4.63745 
         -75     0.078993     0.997043    0.0521838  4.88198e-06      4.96032    0.0523386  4.89643e-06      1.98358      1.00269    0.0191989      1.66891     0.031361     -4.63745 
         -75     0.082892     0.996919    0.0547492  5.35264e-06      4.96046    0.0549187  5.36892e-06      1.98358      1.00281    0.0200661      1.66901    0.0329049     -4.63745 
         -75     0.086888     0.996792    0.0573775  5.85681e-06       4.9606    0.0575626  5.87507e-06      1.98358      1.00294    0.0209498      1.66912    0.0344867     -4.63745 
         -75     0.090974     0.996662    0.0600637  5.29535e-06      4.96076     0.060261  5.31474e-06      1.98358      1.00307    0.0218525      1.66923    0.0361023     -4.04883 
         -75     0.095158     0.996531    0.0628141  6.09165e-06      4.96093    0.0630301  6.11398e-06      1.98358       1.0032    0.0227659      1.66934    0.0377584     -4.04883 
         -75     0.099432     0.996398    0.0656225  6.92248e-06      4.96111    0.0658581  6.94816e-06      1.98358      1.00334    0.0236931      1.66945    0.0394495     -4.04883 
         -75     0.103804     0.996263    0.0684942  7.79054e-06      4.96131    0.0687503  7.82002e-06      1.98358      1.00347    0.0246354      1.66956    0.0411789     -4.04883 
         -75      0.10827     0.996126    0.0714263  8.69626e-06      4.96151    0.0717041  8.72999e-06      1.98358      1.00361    0.0255917      1.66967    0.0429449     -4.04883 
         -75     0.112826     0.995987    0.0744163     9.64e-06      4.96173    0.0747167  9.67849e-06      1.98358      1.00375    0.0265605      1.66979    0.0447459     -4.04883 
         -75      0.11748     0.995846    0.0774692  1.06247e-05      4.96197    0.0777934  1.06684e-05      1.98358       1.0039    0.0275433      1.66991    0.0465851     -4.04883 
         -75     0.122224     0.995703    0.0805797  1.16498e-05      4.96222    0.0809289  1.16994e-05      1.98358      1.00404    0.0285379      1.67003    0.0484591     -4.04883 
         -75     0.127066     0.995559     0.083753  1.27185e-05      4.96248    0.0841284  1.27744e-05      1.98358      1.00418    0.0295456      1.67015    0.0503712     -4.04883 
         -75     0.131998     0.995413    0.0869838  1.38302e-05      4.96276    0.0873865  1.38931e-05      1.98358      1.00433    0.0305641      1.67027    0.0523182     -4.04883 
         -75     0.137027     0.995265    0.0902765  1.49879e-05      4.96305     0.090708  1.50584e-05      1.98358      1.00448    0.0315947       1.6704    0.0543027     -4.04883 
         -75     0.142151     0.995116    0.0936298  1.61926e-05      4.96336    0.0940913  1.62712e-05      1.98358      1.00463    0.0326363      1.67052    0.0563239     -4.04883 
         -75     0.147365     0.994965    0.0970403  1.74443e-05      4.96369    0.0975331  1.75318e-05      1.98358      1.00478    0.0336874      1.67065    0.0583799     -4.04883 
         -75     0.152677     0.994813     0.100513  1.87464e-05      4.96403     0.101039  1.88435e-05      1.98358      1.00494    0.0347493      1.67078    0.0604737     -4.04883 
         -75     0.158079      0.99466     0.104043  2.00984e-05       4.9644     0.104603  2.02058e-05      1.98358      1.00509    0.0358199       1.6709    0.0626021     -4.04883 
         -75     0.163579     0.994505     0.107635  2.15038e-05      4.96478     0.108231  2.16223e-05      1.98358      1.00525    0.0369002      1.67103    0.0647683     -4.04883 
         -75     0.169168     0.994349     0.111283  2.29618e-05      4.96518     0.111916  2.30922e-05      1.98358      1.00541     0.037988      1.67117    0.0669687     -4.04883 
         -75     0.174856     0.994192     0.114994  2.44765e-05       4.9656     0.115666  2.46195e-05      1.98358      1.00557    0.0390846       1.6713    0.0692071     -4.04883 
         -75     0.180634     0.994034     0.118761   2.6047e-05      4.96605     0.119474  2.62035e-05      1.98358      1.00572     0.040188      1.67143      0.07148     -4.04883 
         -75      0.18651     0.993875      0.12259  2.76771e-05      4.96651     0.123345  2.78481e-05      1.98358      1.00589    0.0412989      1.67156    0.0737904     -4.04883 
         -75      0.19248     0.993715     0.126478  2.93673e-05        4.967     0.127277  2.95536e-05      1.98358      1.00605    0.0424163       1.6717    0.0761368     -4.04883 
         -75     0.198539     0.993555     0.130422  3.11178e-05      4.96751     0.131267  3.13203e-05      1.98358      1.00621    0.0435385      1.67183    0.0785171     -4.04883 
         -75     0.204697     0.993393     0.134428   3.2933e-05      4.96805      0.13532  3.31529e-05      1.98358      1.00637    0.0446669      1.67197    0.0809352     -4.04883 
         -75     0.210944     0.993231     0.138489  3.48118e-05      4.96861     0.139431  3.50499e-05      1.98358      1.00654    0.0457991      1.67211    0.0833871     -4.04883 
         -75      0.21729     0.993069     0.142612  3.67588e-05      4.96919     0.143606  3.70163e-05      1.98358       1.0067    0.0469364      1.67224    0.0858768     -4.04883 
         -75     0.223725     0.992906     0.146791  3.87727e-05       4.9698     0.147838  3.90506e-05      1.98358      1.00687    0.0480763      1.67238    0.0884002     -4.04883 
         -75      0.23026     0.992742     0.151031  4.08587e-05      4.97044     0.152134  4.11581e-05      1.98358      1.00703    0.0492202      1.67252    0.0909615     -4.04883 
         -75     0.236888     0.992578      0.15533  4.30163e-05      4.97111      0.15649  4.33384e-05      1.98358       1.0072    0.0503663      1.67266    0.0935581     -4.04883 
         -75     0.243605     0.992414     0.159683  4.52461e-05       4.9718     0.160903   4.5592e-05      1.98358      1.00737    0.0515134      1.67279    0.0961882     -4.04883 
         -75     0.250421      0.99225     0.164097  4.75531e-05      4.97252     0.165379   4.7924e-05      1.98358      1.00753    0.0526624      1.67293    0.0988558     -4.04883 
         -75     0.257326     0.992086     0.168566  4.99358e-05      4.97328     0.169913  5.03331e-05      1.98358       1.0077    0.0538112      1.67307     0.101557     -4.04883 
         -75      0.26433     0.991922     0.173096  5.23995e-05      4.97406      0.17451  5.28245e-05      1.98358      1.00787    0.0549607      1.67321     0.104295     -4.04883 
         -75     0.271423     0.991744     0.177651  3.66527e-05      4.97479     0.179103  3.69199e-05      1.98358      1.00804    0.0561889      1.67336      0.10704     -3.48079 
         -75     0.278615     0.991582     0.182314  4.21787e-05      4.97565     0.183842  4.25092e-05      1.98358      1.00821    0.0573275      1.67349     0.109861     -3.48079 
         -75     0.285901      0.99142     0.187033  4.77279e-05      4.97655     0.188638  4.81227e-05      1.98358      1.00837    0.0584651      1.67363     0.112715     -3.48079 
         -75     0.293276     0.991258     0.191803  5.32948e-05      4.97748     0.193486  5.37547e-05      1.98358      1.00854    0.0596002      1.67377     0.115601     -3.48079 
         -75      0.30075     0.991097     0.196631   5.8885e-05      4.97845     0.198395   5.9411e-05      1.98358       1.0087    0.0607337       1.6739     0.118523     -3.48079 
         -75     0.308312     0.990936      0.20151  6.44882e-05      4.97944     0.203355  6.50813e-05      1.98358      1.00887    0.0618634      1.67404     0.121475     -3.48079 
         -75     0.315975     0.990775     0.206448  7.01122e-05      4.98047     0.208375  7.07733e-05      1.98358      1.00903    0.0629904      1.67418     0.124463     -3.48079 
         -75     0.323725     0.990616     0.211435  7.57446e-05      4.98153     0.213447  7.64747e-05      1.98358       1.0092    0.0641122      1.67431     0.127481     -3.48079 
         -75     0.331575     0.990457     0.216481  8.13928e-05      4.98264     0.218577   8.2193e-05      1.98358      1.00936    0.0652299      1.67445     0.130534     -3.48079 
         -75     0.339513     0.990298     0.221576  8.70463e-05      4.98377     0.223759  8.79173e-05      1.98358      1.00952    0.0663412      1.67458     0.133617     -3.48079 
         -75     0.347552     0.990141     0.226728  9.27121e-05      4.98495        0.229  9.36551e-05      1.98358      1.00968    0.0674471      1.67471     0.136736     -3.48079 
         -75     0.355684     0.989984     0.231934  9.83825e-05      4.98616     0.234295  9.93985e-05      1.98358      1.00984     0.068546      1.67485     0.139886     -3.48079 
         -75     0.363904     0.989829     0.237188  0.000104052      4.98741      0.23964  0.000105142      1.98358         1.01    0.0696364      1.67498     0.143066     -3.48079 
         -75     0.372225     0.989675       0.2425  0.000109727       4.9887     0.245044  0.000110892      1.98358      1.01016    0.0707193      1.67511     0.146281     -3.48079 
         -75     0.380633     0.989522     0.247859  0.000115396      4.99004     0.250498  0.000116637      1.98358      1.01031    0.0717922      1.67524     0.149526     -3.48079 
         -75     0.389141      0.98937     0.253275  0.000121066      4.99141     0.256009  0.000122384      1.98358      1.01047    0.0728562      1.67537     0.152804     -3.48079 
         -75     0.397737      0.98922     0.258738  0.000126727      4.99283     0.261569  0.000128122      1.98358      1.01062    0.0739088      1.67549     0.156112     -3.48079 
         -75     0.406433     0.989072     0.264257  0.000132383      4.99429     0.267187  0.000133858      1.98358      1.01077     0.074951      1.67562     0.159453     -3.48079 
         -75     0.415224     0.988925     0.269828   0.00013803      4.99579     0.272858  0.000139585      1.98358      1.01092    0.0759812      1.67574     0.162826     -3.48079 
         -75     0.424102     0.988781     0.275446   0.00014366      4.99734     0.278577  0.000145296      1.98358      1.01107    0.0769979      1.67587     0.166227     -3.48079 
         -75      0.43308     0.988638     0.281118   0.00014928      4.99894     0.284352  0.000150997      1.98358      1.01122    0.0780017      1.67599     0.169662     -3.48079 
         -75     0.442146     0.988497     0.286837  0.000154878      5.00058     0.290176  0.000156679      1.98358      1.01136    0.0789907      1.67611     0.173125     -3.48079 
         -75     0.451312     0.988358     0.292611  0.000160461      5.00227     0.296055  0.000162346      1.98358       1.0115    0.0799652      1.67622     0.176621     -3.48079 
         -75     0.460566     0.988222      0.29843  0.000166018      5.00401     0.301982  0.000167988      1.98358      1.01164    0.0809233      1.67634     0.180145     -3.48079 
         -75      0.46992     0.988087     0.304303  0.000171554       5.0058     0.307964  0.000173611      1.98358      1.01178    0.0818653      1.67645     0.183702     -3.48079 
         -75     0.479369     0.987956     0.310226  0.000177064      5.00765     0.313998  0.000179209      1.98358      1.01191    0.0827901      1.67657      0.18729     -3.48079 
         -75     0.488904     0.987827     0.316193  0.000182541      5.00954     0.320078  0.000184773      1.98358      1.01205    0.0836958      1.67667     0.190904     -3.48079 
         -75     0.498541       0.9877     0.322214   0.00018799      5.01149     0.326213  0.000190312      1.98358      1.01217    0.0845833      1.67678     0.194551     -3.48079 
         -75     0.508264     0.987577     0.328278  0.000193401      5.01349     0.332393  0.000195814      1.98358       1.0123    0.0854501      1.67689     0.198225     -3.48079 
         -75     0.518089     0.987456     0.334396  0.000198779      5.01554     0.338629  0.000201284      1.98358      1.01242     0.086297      1.67699     0.201931     -3.48079 
         -75        0.528     0.987339     0.340556  0.000204114      5.01765     0.344909  0.000206711      1.98358      1.01254    0.0871217      1.67709     0.205664     -3.48079 
         -75     0.538012     0.987225     0.346769  0.000209411      5.01982     0.351243  0.000212102      1.98358      1.01266    0.0879246      1.67719     0.209428     -3.48079 
         -75     0.548111     0.987114     0.353025  0.000214659      5.02205     0.357621  0.000217445      1.98358      1.01278    0.0887036      1.67728     0.213219     -3.48079 
         -75     0.558312     0.987006     0.359333  0.000219864      5.02434     0.364054  0.000222746      1.98358      1.01289    0.0894592      1.67737     0.217041     -3.48079 
         -75     0.568607     0.986902     0.365687   0.00022502      5.02669     0.370535  0.000227999      1.98358      1.01299    0.0901899      1.67746     0.220892     -3.48079 
         -75     0.578987     0.986802     0.372082  0.000230118      5.02909     0.377058  0.000233196      1.98358      1.01309     0.090894      1.67754     0.224768     -3.48079 
         -75      0.58947     0.986705     0.378529  0.000235166      5.03157     0.383635  0.000238343      1.98358      1.01319     0.091572      1.67763     0.228676     -3.48079 
         -75     0.600039     0.986613     0.385017  0.000240151       5.0341     0.390255  0.000243429      1.98358      1.01329    0.0922219       1.6777     0.232608     -3.48079 
         -75      0.61071     0.986525     0.391556   0.00024508       5.0367     0.396927   0.00024846      1.98358      1.01338    0.0928438      1.67778     0.236572     -3.48079 
         -75     0.621466     0.986155     0.396572 -0.000175648      5.03681     0.402026 -0.000177955      1.98358      1.01376     0.095455       1.6781     0.239584      -3.0858 
         -75     0.632325     0.986102     0.403773 -0.000126698      5.04008     0.409373 -0.000128304      1.98358      1.01382    0.0958326      1.67814     0.243951      -3.0858 
         -75     0.643278     0.986051     0.410992 -7.85211e-05      5.04339     0.416735 -7.94385e-05      1.98358      1.01387    0.0961908      1.67818     0.248327      -3.0858 
         -75     0.654316     0.986003     0.418221  -3.1187e-05      5.04673     0.424106 -3.14289e-05      1.98358      1.01392     0.096529      1.67822     0.252709      -3.0858 
         -75     0.665457     0.985958      0.42547  1.53505e-05      5.05011     0.431495  1.57715e-05      1.98358      1.01396     0.096847      1.67826     0.257103      -3.0858 
         -75     0.676684     0.985916     0.432728  6.09886e-05      5.05352      0.43889  6.20584e-05      1.98358      1.01401    0.0971439       1.6783     0.261502      -3.0858 
         -75     0.688013     0.985877     0.440004  0.000105761      5.05697     0.446301  0.000107466      1.98358      1.01405    0.0974193      1.67833      0.26591      -3.0858 
         -75     0.699427     0.985841     0.447286  0.000149568      5.06045     0.453715  0.000151893      1.98358      1.01409    0.0976723      1.67836     0.270321      -3.0858 
         -75     0.710944     0.985808     0.454583  0.000192446      5.06397     0.461143  0.000195377      1.98358      1.01412    0.0979028      1.67839      0.27474      -3.0858 
         -75     0.722546     0.985779     0.461883  0.000234297      5.06752     0.468571  0.000237818      1.98358      1.01415    0.0981096      1.67842     0.279161      -3.0858 
         -75     0.734251     0.985753     0.469197  0.000275153      5.07111     0.476011  0.000279247      1.98358      1.01418    0.0982926      1.67844     0.283589      -3.0858 
         -75      0.74605      0.98573     0.476517  0.000314946      5.07473     0.483454  0.000319598      1.98358       1.0142    0.0984509      1.67846      0.28802      -3.0858 
         -75     0.757934     0.985712     0.483836  0.000353616      5.07839     0.490894  0.000358808      1.98359      1.01422    0.0985838      1.67847     0.292449      -3.0858 
         -75     0.769921     0.985696     0.491165  0.000391186      5.08209      0.49834  0.000396902      1.98359      1.01423    0.0986909      1.67849     0.296884      -3.0858 
         -75     0.781992     0.985685     0.498491  0.000427565      5.08582      0.50578  0.000433785      1.98359      1.01425    0.0987714       1.6785     0.301315      -3.0858 
         -75     0.794167     0.985678     0.505823  0.000462777      5.08959     0.513225  0.000469484      1.98359      1.01425    0.0988248       1.6785      0.30575      -3.0858 
         -75     0.806427     0.985674     0.513151  0.000496734      5.09339      0.52066  0.000503907      1.98359      1.01426    0.0988503      1.67851     0.310181      -3.0858 
         -75      0.81879     0.985674     0.520482  0.000529451      5.09723     0.528097  0.000537072      1.98359      1.01426    0.0988473      1.67851     0.314613      -3.0858 
         -75     0.831247     0.985679     0.527811  0.000560867      5.10111     0.535529  0.000568915      1.98359      1.01425    0.0988152       1.6785     0.319042      -3.0858 
         -75     0.843789     0.985688      0.53513  0.000590926      5.10503     0.542947   0.00059938      1.98359      1.01424    0.0987533      1.67849     0.323465      -3.0858 
         -75     0.856434     0.985701      0.54245  0.000619635      5.10898     0.550362  0.000628475      1.98359      1.01423    0.0986608      1.67848     0.327887      -3.0858 
         -75     0.869163     0.985718     0.549757  0.000646917      5.11297     0.557761   0.00065612      1.98359      1.01421    0.0985373      1.67847       0.3323      -3.0858 
         -75     0.881997     0.985741     0.557062  0.000672779        5.117     0.565155  0.000682323      1.98359      1.01419    0.0983819      1.67845     0.336711      -3.0858 
         -75     0.894914     0.985767     0.564352  0.000697141      5.12106     0.572529  0.000707004      1.98359      1.01416    0.0981941      1.67843     0.341111      -3.0858 
         -75     0.907935     0.985799     0.571636  0.000720007      5.12517     0.579895  0.000730165      1.98359      1.01413     0.097973       1.6784     0.345507      -3.0858 
         -75      0.92105     0.985835     0.578909  0.000741321      5.12931     0.587245  0.000751749      1.98359      1.01409     0.097718      1.67837     0.349895      -3.0858 
         -75     0.934249     0.985876     0.586162   0.00076103      5.13349     0.594571  0.000771704      1.98359      1.01405    0.0974286      1.67833      0.35427      -3.0858 
         -75     0.947553     0.985922     0.593407  0.000779129      5.13772     0.601885  0.000790024      1.98359        1.014    0.0971036      1.67829     0.358638      -3.0858 
         -75      0.96094     0.985973     0.600629  0.000795549      5.14197     0.609172  0.000806641      1.98359      1.01395     0.096743      1.67825     0.362992      -3.0858 
         -75     0.974431      0.98603     0.607839  0.000810281      5.14627     0.616443  0.000821541      1.98359      1.01389    0.0963454       1.6782     0.367337      -3.0858 
         -75     0.988006     0.986092     0.615024  0.000823262      5.15061     0.623684  0.000834665      1.98359      1.01383    0.0959107      1.67815     0.371665      -3.0858 
         -75      1.00168     0.986159     0.622194  0.000834475      5.15498     0.630906  0.000845992      1.98359      1.01376    0.0954375      1.67809     0.375983      -3.0858 
         -75      1.01545     0.986231     0.629336  0.000843863       5.1594     0.638096  0.000855468      1.98359      1.01368    0.0949258      1.67803     0.380283      -3.0858 
         -75      1.02931      0.98631      0.63646  0.000851402      5.16385     0.645262  0.000863065      1.98359       1.0136    0.0943742      1.67796     0.384571      -3.0858 
         -75      1.04328     0.986394      0.64356  0.000857046      5.16835       0.6524  0.000868738      1.98359      1.01352    0.0937821      1.67789     0.388842      -3.0858 
         -75      1.05732     0.986484     0.650627  0.000860751      5.17288       0.6595  0.000872442      1.98359      1.01343    0.0931495      1.67782     0.393092      -3.0858 
         -75      1.07147      0.98658     0.657672  0.000862486      5.17746     0.666573  0.000874145      1.98358      1.01333    0.0924745      1.67774     0.397328      -3.0858 
         -75       1.0857     0.986681     0.664681  0.000862205      5.18208     0.673605  0.000873803      1.98358      1.01322    0.0917575      1.67765      0.40154      -3.0858 
         -75      1.10004     0.986789     0.671665   0.00085987      5.18673     0.680607  0.000871373      1.98358      1.01311    0.0909966      1.67756     0.405736      -3.0858 
         -75      1.11446     0.986904     0.678611  0.000855443      5.19143     0.687565   0.00086682      1.98358      1.01299    0.0901923      1.67746     0.409907      -3.0858 
         -75      1.12899     0.987024     0.685528  0.000848877      5.19617     0.694489  0.000860095      1.98358      1.01287    0.0893425      1.67736     0.414059      -3.0858 
         -75      1.14361     0.987151      0.69241  0.000840132      5.20095     0.701372  0.000851157      1.98358      1.01274    0.0884469      1.67725     0.418188      -3.0858 
         -75      1.15831     0.987285     0.699249  0.000829178      5.20577     0.708207  0.000839977      1.98358       1.0126    0.0875057      1.67713     0.422289      -3.0858 
         -75      1.17312     0.987425     0.706054  0.000815954      5.21064     0.715003  0.000826492      1.98358      1.01246    0.0865166      1.67702     0.426369      -3.0858 
         -75      1.18801     0.987573     0.712814  0.000800442      5.21554     0.721747  0.000810682      1.98358      1.01231    0.0854802      1.67689     0.430419      -3.0858 
         -75        1.203     0.987727     0.719536  0.000782574      5.22049     0.728448  0.000792481      1.98358      1.01215    0.0843944      1.67676     0.434446      -3.0858 
         -75      1.21808     0.987888     0.726211  0.000762334      5.22548     0.735095  0.000771872      1.98358      1.01198    0.0832598      1.67662     0.438441      -3.0858 
         -75      1.23326     0.988056     0.732845   0.00073965      5.23052     0.741696   0.00074878      1.98358      1.01181    0.0820739      1.67648      0.44241      -3.0858 
         -75      1.24854     0.988232     0.739433  0.000714492      5.23559     0.748243  0.000723178      1.98358      1.01163    0.0808368      1.67633     0.446349      -3.0858 
         -75       1.2639     0.988415     0.745966  0.000686843      5.24071      0.75473  0.000695045      1.98358      1.01144    0.0795488      1.67617     0.450254      -3.0858 
         -75      1.27937     0.988605     0.752455  0.000656612      5.24588     0.761166  0.000664291      1.98358      1.01124    0.0782069      1.67601      0.45413      -3.0858 
         -75      1.29491     0.988803     0.758887  0.000623804      5.25108     0.767539   0.00063092      1.98358      1.01104    0.0768124      1.67584      0.45797      -3.0858 
         -75      1.31057     0.989009     0.765271  0.000588327      5.25633     0.773856  0.000594839      1.98357      1.01083    0.0753625      1.67567     0.461778      -3.0858 
         -75       1.3263     0.989223     0.771595  0.000550186      5.26162     0.780107  0.000556054      1.98357      1.01061    0.0738583      1.67549     0.465549      -3.0858 
         -75      1.34214     0.988795     0.779545  0.000340699      5.26368     0.788605  0.000347371      1.98361      1.01106    0.0769388      1.67586     0.470475      -2.9547 
         -75      1.35807     0.989017     0.785213  0.000406051      5.26855     0.794122  0.000412878      1.98361      1.01083    0.0753837      1.67567     0.473833      -2.9547 
         -75       1.3741     0.989237     0.790842  0.000470517      5.27339       0.7996  0.000477492      1.98361      1.01061    0.0738345      1.67549     0.477167      -2.9547 
         -75      1.39022     0.989457     0.796427  0.000534017      5.27819     0.805035  0.000541137      1.98361      1.01038     0.072293       1.6753     0.480476      -2.9547 
         -75      1.40643     0.989675     0.801963  0.000596481      5.28296     0.810421  0.000603739      1.98361      1.01016    0.0707607      1.67512     0.483754      -2.9547 
         -75      1.42274     0.989893     0.807456  0.000657983      5.28768     0.815764  0.000665375      1.98361      1.00994    0.0692353      1.67493     0.487007      -2.9547 
         -75      1.43913     0.990109     0.812897  0.000718403      5.29237     0.821056  0.000725923       1.9836      1.00972    0.0677196      1.67475     0.490229      -2.9547 
         -75      1.45563     0.990323     0.818292  0.000777811      5.29702     0.826302  0.000785454       1.9836       1.0095    0.0662114      1.67457     0.493424      -2.9547 
         -75      1.47221     0.990537     0.823633  0.000836091      5.30162     0.831494   0.00084385       1.9836      1.00928    0.0647136      1.67439     0.496586      -2.9547 
         -75       1.4889     0.990749     0.828925   0.00089331      5.30618     0.836639  0.000901179       1.9836      1.00907    0.0632239      1.67421     0.499719      -2.9547 
         -75      1.50568      0.99096     0.834164  0.000949396       5.3107      0.84173  0.000957371       1.9836      1.00885     0.061744      1.67403      0.50282      -2.9547 
         -75      1.52255      0.99117     0.839343   0.00100428      5.31517     0.846762   0.00101235       1.9836      1.00864    0.0602753      1.67385     0.505885      -2.9547 
         -75      1.53952     0.991378      0.84447   0.00105803       5.3196     0.851743    0.0010662       1.9836      1.00843    0.0588155      1.67368     0.508919      -2.9547 
         -75      1.55657     0.991584     0.849535   0.00111054      5.32398     0.856662   0.00111879      1.98359      1.00822    0.0573677       1.6735     0.511916      -2.9547 
         -75      1.57372     0.991789     0.854545   0.00116185      5.32831     0.861526   0.00117018      1.98359      1.00801    0.0559296      1.67333      0.51488      -2.9547 
         -75      1.59096     0.991993      0.85949   0.00121187       5.3326     0.866326   0.00122028      1.98359       1.0078    0.0545038      1.67316     0.517806      -2.9547 
         -75      1.60831     0.992195     0.864376   0.00126065      5.33683     0.871069   0.00126912      1.98359       1.0076    0.0530885      1.67299     0.520696      -2.9547 
         -75      1.62573     0.992395     0.869196   0.00130808        5.341     0.875744   0.00131661      1.98359      1.00739    0.0516861      1.67282     0.523546      -2.9547 
         -75      1.64327     0.992593     0.873953   0.00135422      5.34513     0.880359   0.00136281      1.98359      1.00719    0.0502948      1.67265      0.52636      -2.9547 
         -75       1.6609      0.99279     0.878644   0.00139901       5.3492     0.884908   0.00140764      1.98359      1.00699    0.0489161      1.67248     0.529133      -2.9547 
         -75      1.67861     0.992985     0.883264   0.00144238      5.35322     0.889386   0.00145105      1.98359      1.00679    0.0475511      1.67232     0.531864      -2.9547 
         -75      1.69642     0.993178     0.887817   0.00148437      5.35718     0.893798   0.00149307      1.98358       1.0066    0.0461983      1.67216     0.534556      -2.9547 
         -75      1.71432     0.993369     0.892296   0.00152489      5.36108     0.898137   0.00153362      1.98358       1.0064      0.04486      1.67199     0.537202      -2.9547 
         -75      1.73232     0.993558     0.896706   0.00156399      5.36492     0.902408   0.00157274      1.98358      1.00621    0.0435344      1.67183     0.539808      -2.9547 
         -75      1.75041     0.993745     0.901038   0.00160157       5.3687     0.906602   0.00161033      1.98358      1.00602     0.042224      1.67168     0.542367      -2.9547 
         -75       1.7686      0.99393     0.905298   0.00163767      5.37241     0.910724   0.00164642      1.98358      1.00583     0.040927      1.67152     0.544883      -2.9547 
         -75      1.78689     0.994114     0.909481   0.00167223      5.37607      0.91477   0.00168098      1.98358      1.00565    0.0396447      1.67137     0.547353      -2.9547 
         -75      1.80525     0.994294     0.913582   0.00170519      5.37966     0.918735   0.00171393      1.98358      1.00547    0.0383785      1.67121     0.549774      -2.9547 
         -75      1.82373     0.994473     0.917606   0.00173659      5.38318     0.922624    0.0017453      1.98358      1.00528    0.0371268      1.67106     0.552149      -2.9547 
         -75      1.84228      0.99465     0.921545   0.00176634      5.38664     0.926429   0.00177502      1.98358      1.00511    0.0358919      1.67091     0.554474      -2.9547 
         -75      1.86094     0.994824     0.925404   0.00179447      5.39003     0.930154   0.00180311      1.98358      1.00493    0.0346721      1.67077      0.55675      -2.9547 
         -75      1.87968     0.994996     0.929175    0.0018209      5.39334     0.933793    0.0018295      1.98358      1.00475    0.0334697      1.67062     0.558974      -2.9547 
         -75      1.89853     0.995166     0.932862   0.00184565      5.39659     0.937349   0.00185419      1.98358      1.00458    0.0322831      1.67048     0.561148      -2.9547 
         -75      1.91748     0.995333     0.936462   0.00186867      5.39977     0.940818   0.00187715      1.98358      1.00441    0.0311137      1.67034     0.563269      -2.9547 
         -75       1.9365     0.995498     0.939969   0.00188992      5.40287     0.944196   0.00189832      1.98358      1.00425    0.0299626       1.6702     0.565336      -2.9547 
         -75      1.95563      0.99566     0.943387   0.00190939       5.4059     0.947487   0.00191772      1.98358      1.00408    0.0288285      1.67006     0.567349      -2.9547 
         -75      1.97484      0.99582      0.94671   0.00192704      5.40884     0.950683   0.00193528      1.98358      1.00392    0.0277134      1.66993     0.569306      -2.9547 
         -75      1.99416     0.995977     0.949942   0.00194287      5.41172     0.953788     0.001951      1.98358      1.00376     0.026616       1.6698     0.571207      -2.9547 
         -75      2.01356     0.996131     0.953074   0.00195681      5.41451     0.956796   0.00196484      1.98358      1.00361    0.0255383      1.66967      0.57305      -2.9547 
         -75      2.03307     0.996283     0.956112   0.00196887      5.41722      0.95971   0.00197678      1.98357      1.00345    0.0244789      1.66954     0.574836      -2.9547 
         -75      2.05266     0.996432     0.959048   0.00197899      5.41985     0.962524   0.00198677      1.98357       1.0033      0.02344      1.66942     0.576561      -2.9547 
         -75      2.07236     0.996578     0.961885   0.00198716       5.4224     0.965239   0.00199481      1.98358      1.00315    0.0224202      1.66929     0.578228      -2.9547 
         -75      2.09215     0.996721      0.96462   0.00199336      5.42487     0.967854   0.00200085      1.98358      1.00301    0.0214206      1.66917     0.579833      -2.9547 
         -75      2.11202     0.996861     0.967248   0.00199753      5.42724     0.970364   0.00200487      1.98358      1.00287    0.0204425      1.66906     0.581374      -2.9547 
         -75      2.13199     0.996999     0.969772   0.00199967      5.42953      0.97277   0.00200684      1.98358      1.00273    0.0194847      1.66894     0.582854      -2.9547 
         -75      2.15205     0.997133     0.972187   0.00199973      5.43173     0.975069   0.00200673      1.98358       1.0026    0.0185489      1.66883     0.584268      -2.9547 
         -75      2.17222     0.997264     0.974494    0.0019977      5.43385     0.977262   0.00200451      1.98358      1.00246    0.0176341      1.66872     0.585618      -2.9547 
         -75      2.19246     0.997393     0.976689   0.00199354      5.43586     0.979343   0.00200015      1.98358      1.00233    0.0167422      1.66861     0.586901      -2.9547 
         -75      2.21282     0.997518     0.978772   0.00198722      5.43779     0.981315   0.00199362      1.98358      1.00221    0.0158721      1.66851     0.588117      -2.9547 
         -75      2.23327     0.997639     0.980741    0.0019787      5.43963     0.983173   0.00198488      1.98358      1.00209    0.0150247       1.6684     0.589266      -2.9547 
         -75      2.25379     0.997758     0.982593   0.00196798      5.44136     0.984916   0.00197393      1.98358      1.00197    0.0142013      1.66831     0.590344      -2.9547 
         -75      2.27443     0.997873     0.984328     0.001955        5.443     0.986543   0.00196071      1.98358      1.00185    0.0134008      1.66821     0.591352      -2.9547 
         -75      2.29514     0.997985     0.985943   0.00193976      5.44454     0.988052   0.00194521      1.98358      1.00174    0.0126249      1.66812     0.592288      -2.9547 
         -75      2.31597     0.998093     0.987437   0.00192219      5.44598     0.989442   0.00192738      1.98358      1.00163    0.0118727      1.66803     0.593153      -2.9547 
         -75      2.33687     0.998198     0.988807    0.0019023      5.44732     0.990709   0.00190721      1.98358      1.00153    0.0111458      1.66794     0.593944      -2.9547 
         -75      2.35788       0.9983     0.990054   0.00188002      5.44856     0.991854   0.00188465      1.98358      1.00143    0.0104434      1.66785     0.594661      -2.9547 
         -75      2.37899     0.998397     0.991173   0.00185534      5.44969     0.992874   0.00185967      1.98358      1.00133   0.00976647      1.66777     0.595302      -2.9547 
         -75      2.40017     0.998491     0.992164   0.00182825      5.45072     0.993766   0.00183228      1.98359      1.00123   0.00911595       1.6677     0.595866      -2.9547 
         -75      2.42147     0.998582     0.993025   0.00179868      5.45164     0.994531   0.00180238      1.98359      1.00114   0.00849116      1.66762     0.596353      -2.9547 
         -75      2.44284     0.998669     0.993754   0.00176664      5.45245     0.995165   0.00177001      1.98359      1.00106   0.00789348      1.66755     0.596761      -2.9547 
         -75      2.46432     0.998751      0.99435   0.00173205      5.45315     0.995668   0.00173507      1.98359      1.00098   0.00732235      1.66748      0.59709      -2.9547 
         -75      2.48588      0.99883      0.99481   0.00169493      5.45373     0.996037   0.00169759      1.98359       1.0009   0.00677906      1.66742     0.597337      -2.9547 
         -75      2.50755     0.998905     0.995133    0.0016552      5.45421      0.99627   0.00165749      1.98359      1.00082   0.00626315      1.66735     0.597503      -2.9547 
         -75       2.5293     0.998976     0.995316   0.00161288      5.45457     0.996366   0.00161478      1.98359      1.00075   0.00577585       1.6673     0.597585      -2.9547 
         -75      2.55116     0.999044     0.995359   0.00156788      5.45481     0.996323   0.00156938       1.9836      1.00069   0.00531673      1.66724     0.597584      -2.9547 
         -75      2.57311     0.999106     0.995259   0.00152019      5.45493     0.996139   0.00152128       1.9836      1.00063   0.00488662      1.66719     0.597497      -2.9547 
         -75      2.59514     0.999165     0.995014   0.00146982      5.45494     0.995813    0.0014705       1.9836      1.00057    0.0044862      1.66714     0.597324      -2.9547 
         -75      2.61728      0.99922     0.994623   0.00141667      5.45482     0.995341   0.00141691       1.9836      1.00052   0.00411527       1.6671     0.597064      -2.9547 
         -75       2.6395      0.99927     0.994084   0.00136079      5.45459     0.994724   0.00136057       1.9836      1.00047   0.00377481      1.66706     0.596715      -2.9547 
         -75      2.66183     0.999316     0.993394   0.00130205      5.45422     0.993958   0.00130137      1.98361      1.00042   0.00346467      1.66702     0.596277      -2.9547 
         -75      2.68424     0.999358     0.992553   0.00124051      5.45373     0.993043   0.00123935      1.98361      1.00039   0.00318574      1.66699     0.595748      -2.9547 
         -75      2.70675     0.999395     0.991558   0.00117604      5.45312     0.991975    0.0011744      1.98361      1.00035   0.00293801      1.66696     0.595127      -2.9547 
         -75      2.72937     0.999428     0.990406   0.00110867      5.45238     0.990754   0.00110652      1.98361      1.00032   0.00272211      1.66693     0.594413      -2.9547 
         -75      2.75205     0.999228     0.994762   0.00177429      5.45416      0.99553   0.00177566       1.9836      1.00051   0.00404113      1.66709     0.597168     -4.22186 
         -75      2.77485     0.999253     0.995017    0.0017762       5.4544     0.995761   0.00177753       1.9836      1.00048    0.0038686      1.66707     0.597314     -4.22186 
         -75      2.79773     0.999277     0.995268   0.00177806      5.45463     0.995988   0.00177935       1.9836      1.00046   0.00369901      1.66705     0.597457     -4.22186 
         -75      2.82071     0.999301     0.995514   0.00177987      5.45487      0.99621   0.00178112       1.9836      1.00043   0.00353213      1.66703     0.597598     -4.22186 
         -75      2.84378     0.999324     0.995755   0.00178163       5.4551     0.996428   0.00178283       1.9836      1.00041   0.00336828      1.66701     0.597736     -4.22186 
         -75      2.86695     0.999348     0.995992   0.00178334      5.45532     0.996642    0.0017845       1.9836      1.00039   0.00320723      1.66699     0.597871     -4.22186 
         -75       2.8902      0.99937     0.996224   0.00178499      5.45554     0.996852   0.00178611       1.9836      1.00036   0.00304928      1.66697     0.598004     -4.22186 
         -75      2.91357     0.999392     0.996451   0.00178658      5.45575     0.997057   0.00178767       1.9836      1.00034   0.00289423      1.66695     0.598133     -4.22186 
         -75      2.93702     0.999414     0.996674   0.00178813      5.45596     0.997258   0.00178917       1.9836      1.00032   0.00274225      1.66693     0.598261     -4.22186 
         -75      2.96055     0.999435     0.996891   0.00178961      5.45617     0.997454   0.00179062       1.9836       1.0003    0.0025935      1.66691     0.598385     -4.22186 
         -75       2.9842     0.999456     0.997103   0.00179104      5.45637     0.997646   0.00179201       1.9836      1.00028   0.00244778       1.6669     0.598506     -4.22186 
         -75      3.00792     0.999477     0.997311   0.00179241      5.45657     0.997832   0.00179335       1.9836      1.00026   0.00230539      1.66688     0.598624     -4.22186 
         -75      3.03175     0.999497     0.997513   0.00179372      5.45676     0.998015   0.00179463       1.9836      1.00024   0.00216612      1.66686     0.598739     -4.22186 
         -75      3.05566     0.999516     0.997709   0.00179498      5.45694     0.998192   0.00179585       1.9836      1.00022   0.00203025      1.66685     0.598852     -4.22186 
         -75      3.07968     0.999535     0.997901   0.00179617      5.45712     0.998365   0.00179701      1.98359       1.0002   0.00189762      1.66683     0.598961     -4.22186 
         -75       3.1038     0.999554     0.998087   0.00179731       5.4573     0.998532   0.00179811      1.98359      1.00018   0.00176836      1.66682     0.599067     -4.22186 
         -75      3.12799     0.999572     0.998267   0.00179838      5.45747     0.998695   0.00179915      1.98359      1.00016   0.00164264       1.6668      0.59917     -4.22186 
         -75      3.15229     0.999589     0.998442   0.00179939      5.45764     0.998852   0.00180013      1.98359      1.00014   0.00152029      1.66679      0.59927     -4.22186 
         -75      3.17667     0.999607     0.998612   0.00180034       5.4578     0.999005   0.00180105      1.98359      1.00013   0.00140155      1.66677     0.599366     -4.22186 
         -75      3.20116     0.999623     0.998775   0.00180122      5.45795     0.999152    0.0018019      1.98359      1.00011   0.00128628      1.66676      0.59946     -4.22186 
         -75      3.22573     0.999639     0.998933   0.00180204       5.4581     0.999294   0.00180269      1.98359      1.00009   0.00117472      1.66674      0.59955     -4.22186 
         -75      3.25041     0.999655     0.999085   0.00180279      5.45825     0.999431   0.00180342      1.98359      1.00008   0.00106673      1.66673     0.599636     -4.22186 
         -75      3.27518      0.99967     0.999232   0.00180348      5.45838     0.999562   0.00180408      1.98359      1.00006  0.000962441      1.66672      0.59972     -4.22186 
         -75      3.30003     0.999684     0.999372   0.00180411      5.45852     0.999688   0.00180468      1.98359      1.00005  0.000861988      1.66671     0.599799     -4.22186 
         -75      3.32499     0.999698     0.999506   0.00180466      5.45864     0.999808   0.00180521      1.98359      1.00003  0.000765258      1.66669     0.599876     -4.22186 
         -75      3.35003     0.999712     0.999634   0.00180515      5.45877     0.999923   0.00180567      1.98359      1.00002  0.000672445      1.66668     0.599949     -4.22186 
         -75      3.37518     0.999724     0.999756   0.00180556      5.45888      1.00003   0.00180606      1.98359      1.00001  0.000583454      1.66667     0.600018     -4.22186 
         -75       3.4004     0.999737     0.999872   0.00180591      5.45899      1.00014   0.00180639      1.98359     0.999995  0.000498476      1.66666     0.600083     -4.22186 
         -75      3.42574     0.999748     0.999981   0.00180619      5.45909      1.00023   0.00180664       1.9836     0.999983  0.000417419      1.66665     0.600145     -4.22186 
         -75      3.45115      0.99976      1.00008   0.00180639      5.45919      1.00032   0.00180683       1.9836     0.999972  0.000340463      1.66664     0.600204     -4.22186 
         -75      3.47668      0.99977      1.00018   0.00180652      5.45928      1.00041   0.00180694       1.9836     0.999962  0.000267531      1.66663     0.600258     -4.22186 
         -75       3.5023      0.99978      1.00027   0.00180658      5.45937      1.00049   0.00180698       1.9836     0.999952  0.000198736      1.66663     0.600309     -4.22186 
         -75      3.52799      0.99979      1.00035   0.00180657      5.45945      1.00056   0.00180695       1.9836     0.999943  0.000134177      1.66662     0.600356     -4.22186 
         -75       3.5538     0.999798      1.00043   0.00180648      5.45952      1.00063   0.00180685       1.9836     0.999934  7.37988e-05      1.66661     0.600399     -4.22186 
         -75      3.57968     0.999806       1.0005   0.00180632      5.45959      1.00069   0.00180667       1.9836     0.999926  1.77472e-05      1.66661     0.600438     -4.22186 
         -75      3.60567     0.999814      1.00056   0.00180608      5.45965      1.00075   0.00180641       1.9836     0.999919 -3.40192e-05       1.6666     0.600474     -4.22186 
         -75      3.63174     0.999821      1.00062   0.00180576       5.4597       1.0008   0.00180608       1.9836     0.999912 -8.13675e-05      1.66659     0.600505     -4.22186 
         -75      3.65793     0.999827      1.00067   0.00180536      5.45975      1.00084   0.00180567       1.9836     0.999906 -0.000124323      1.66659     0.600532     -4.22186 
         -75       3.6842     0.999833       1.0007   0.00180683      5.45979      1.00087   0.00180713       1.9836     0.999901  -0.00016251      1.66658     0.600554     -4.02341 
         -75      3.71055     0.999838      1.00074    0.0018068      5.45982       1.0009   0.00180709       1.9836     0.999896 -0.000195721      1.66658     0.600573     -4.02341 
         -75      3.73702     0.999842      1.00076   0.00180676      5.45984      1.00092   0.00180705       1.9836     0.999892 -0.000224297      1.66658     0.600587     -4.02341 
         -75      3.76356     0.999846      1.00078   0.00180671      5.45986      1.00094   0.00180699       1.9836     0.999888 -0.000248139      1.66657     0.600598     -4.02341 
         -75      3.79021     0.999848      1.00079   0.00180665      5.45987      1.00095   0.00180693       1.9836     0.999885 -0.000267235      1.66657     0.600604     -4.02341 
         -75      3.81694      0.99985       1.0008   0.00180658      5.45987      1.00095   0.00180685       1.9836     0.999883 -0.000281503      1.66657     0.600605     -4.02341 
         -75      3.84378     0.999852      1.00079    0.0018065      5.45987      1.00094   0.00180677       1.9836     0.999882 -0.000290914      1.66657     0.600602     -4.02341 
         -75       3.8707     0.999852      1.00078   0.00180641      5.45985      1.00093   0.00180668       1.9836     0.999881 -0.000295401      1.66657     0.600595     -4.02341 
         -75      3.89773     0.999852      1.00076   0.00180631      5.45983      1.00091   0.00180657       1.9836     0.999881 -0.000294921      1.66657     0.600583     -4.02341 
         -75      3.92485     0.999851      1.00074   0.00180619      5.45981      1.00088   0.00180646       1.9836     0.999882 -0.000289414      1.66657     0.600567     -4.02341 
         -75      3.95205      0.99985       1.0007   0.00180607      5.45977      1.00085   0.00180634       1.9836     0.999884 -0.000278839      1.66657     0.600546     -4.02341 
         -75      3.97936     0.999847      1.00066   0.00180594      5.45973      1.00081   0.00180621       1.9836     0.999886 -0.000263127      1.66657      0.60052     -4.02341 
         -75      4.00674     0.999844       1.0006   0.00180579      5.45968      1.00076   0.00180607       1.9836     0.999889 -0.000242251      1.66657      0.60049     -4.02341 
         -75      4.03424      0.99984      1.00054   0.00180563      5.45962       1.0007   0.00180592       1.9836     0.999893 -0.000216123      1.66658     0.600455     -4.02341 
         -75      4.06181     0.999836      1.00047   0.00180546      5.45955      1.00064   0.00180576       1.9836     0.999897 -0.000184732      1.66658     0.600415     -4.02341 
         -75       4.0895      0.99983       1.0004   0.00180528      5.45948      1.00057   0.00180559       1.9836     0.999902 -0.000147977      1.66659      0.60037     -4.02341 
         -75      4.11728     0.999809      1.00007   0.00180822      5.45915      1.00027   0.00180856      1.98359     0.999922 -7.10371e-06       1.6666     0.600184     -5.66262 
         -75      4.14514     0.999808      1.00008   0.00180791      5.45916      1.00027   0.00180826      1.98359     0.999923 -3.74385e-06       1.6666     0.600184     -5.66262 
         -75      4.17311     0.999808      1.00008   0.00180763      5.45916      1.00027   0.00180797      1.98359     0.999923 -4.88831e-07       1.6666     0.600185     -5.66262 
         -75      4.20115     0.999808      1.00008   0.00180737      5.45916      1.00027   0.00180771      1.98359     0.999924  2.65457e-06       1.6666     0.600186     -5.66262 
         -75      4.22931     0.999808      1.00008   0.00180713      5.45917      1.00027   0.00180748       1.9836     0.999924  5.69053e-06       1.6666     0.600187     -5.66262 
         -75      4.25754     0.999808      1.00008   0.00180693      5.45917      1.00027   0.00180727       1.9836     0.999925  8.61265e-06       1.6666     0.600187     -5.66262 
         -75      4.28588     0.999808      1.00008   0.00180674      5.45917      1.00027   0.00180709       1.9836     0.999925  1.14246e-05       1.6666     0.600188     -5.66262 
         -75      4.31433     0.999808      1.00008   0.00180659      5.45918      1.00028   0.00180693       1.9836     0.999926  1.41228e-05       1.6666     0.600189     -5.66262 
         -75      4.34284     0.999807      1.00008   0.00180646      5.45918      1.00028    0.0018068       1.9836     0.999926  1.67039e-05      1.66661      0.60019     -5.66262 
         -75      4.37146     0.999807      1.00009   0.00180635      5.45918      1.00028    0.0018067       1.9836     0.999927  1.91708e-05      1.66661      0.60019     -5.66262 
         -75      4.40016     0.999807      1.00009   0.00180627      5.45919      1.00028   0.00180662       1.9836     0.999927  2.15184e-05      1.66661     0.600191     -5.66262 
         -75      4.42898     0.999807      1.00009   0.00180622      5.45919      1.00028   0.00180657       1.9836     0.999928  2.37492e-05      1.66661     0.600192     -5.66262 
         -75      4.45787     0.999807      1.00009    0.0018062      5.45919      1.00028   0.00180655       1.9836     0.999928  2.58584e-05      1.66661     0.600193     -5.66262 
         -75      4.48687      0.99981      1.00009    0.0018102      5.45922      1.00028   0.00181055      1.98361     0.999929  2.62241e-05      1.66661     0.600193     -5.77126 
         -75      4.51595      0.99981       1.0001   0.00180958      5.45922      1.00029   0.00180992      1.98361      0.99993  2.78896e-05      1.66661     0.600194     -5.77126 
         -75      4.54514      0.99981       1.0001   0.00180898      5.45922      1.00029   0.00180932      1.98361      0.99993  2.94921e-05      1.66661     0.600195     -5.77126 
         -75      4.57443      0.99981       1.0001   0.00180839      5.45922      1.00029   0.00180874      1.98361      0.99993  3.10296e-05      1.66661     0.600196     -5.77126 
         -75      4.60378      0.99981       1.0001   0.00180783      5.45923      1.00029   0.00180818      1.98361      0.99993  3.25003e-05      1.66661     0.600197     -5.77126 
         -75      4.63326     0.999809       1.0001   0.00180729      5.45923      1.00029   0.00180764      1.98361     0.999931  3.39059e-05      1.66661     0.600198     -5.77126 
         -75       4.6628     0.999809       1.0001   0.00180677      5.45923       1.0003   0.00180712      1.98361     0.999931  3.52434e-05      1.66661     0.600199     -5.77126 
         -75      4.69247     0.999809      1.00011   0.00180627      5.45923       1.0003   0.00180662      1.98361     0.999931  3.65143e-05      1.66661       0.6002     -5.77126 
         -75       4.7222     0.999809      1.00011    0.0018058      5.45923       1.0003   0.00180615      1.98361     0.999931  3.77158e-05      1.66661     0.600201     -5.77126 
         -75      4.75205     0.999809      1.00011   0.00180535      5.45924       1.0003   0.00180569      1.98361     0.999931  3.88493e-05      1.66661     0.600202     -5.77126 
         -75      4.78199     0.999809      1.00011   0.00180492      5.45924       1.0003   0.00180526      1.98361     0.999932   3.9913e-05      1.66661     0.600203     -5.77126 
         -75      4.81201     0.999809      1.00011   0.00180451      5.45924       1.0003   0.00180486      1.98361     0.999932  4.09055e-05      1.66661     0.600204     -5.77126 
         -75      4.84214     0.999809      1.00011   0.00180413      5.45924      1.00031   0.00180447      1.98361     0.999932  4.18277e-05      1.66661     0.600205     -5.77126 
         -75      4.87234     0.999808      1.00012   0.00180377      5.45924      1.00031   0.00180411      1.98361     0.999932  4.26773e-05      1.66661     0.600205     -5.77126 
         -75      4.90266     0.999808      1.00012   0.00180343      5.45924      1.00031   0.00180377      1.98361     0.999932  4.34551e-05      1.66661     0.600206     -5.77126 
         -75      4.93305     0.999808      1.00012   0.00180311      5.45925      1.00031   0.00180346      1.98361     0.999932  4.41591e-05      1.66661     0.600207     -5.77126 
         -75      4.96356     0.999808      1.00012   0.00180282      5.45925      1.00031   0.00180317      1.98361     0.999932  4.47898e-05      1.66661     0.600208     -5.77126 
         -75      4.99416     0.999808      1.00012   0.00180256      5.45925      1.00031    0.0018029      1.98361     0.999932  4.53458e-05      1.66661     0.600209     -5.77126 
         -75      5.02484     0.999808      1.00012   0.00180232      5.45925      1.00031   0.00180266      1.98361     0.999932   4.5826e-05      1.66661      0.60021     -5.77126 
         -75      5.05563     0.999808      1.00012    0.0018021      5.45925      1.00032   0.00180244      1.98361     0.999933  4.62307e-05      1.66661     0.600211     -5.77126 
         -75      5.08649     0.999808      1.00012   0.00180191      5.45925      1.00032   0.00180225      1.98361     0.999933  4.65583e-05      1.66661     0.600211     -5.77126 
         -75      5.11747     0.999808      1.00013   0.00180174      5.45925      1.00032   0.00180209      1.98361     0.999933  4.68087e-05      1.66661     0.600212     -5.77126 
         -75      5.14851     0.999808      1.00013    0.0018016      5.45926      1.00032   0.00180194      1.98361     0.999933  4.69807e-05      1.66661     0.600213     -5.77126 
         -75      5.17968     0.999808      1.00013   0.00180148      5.45926      1.00032   0.00180183      1.98361     0.999933   4.7074e-05      1.66661     0.600214     -5.77126 
         -75      5.21092     0.999808      1.00013   0.00180139      5.45926      1.00032   0.00180174      1.98361     0.999933  4.70877e-05      1.66661     0.600214     -5.77126 
         -75      5.24227     0.999808      1.00013   0.00180133      5.45926      1.00032   0.00180167      1.98361     0.999933  4.70211e-05      1.66661     0.600215     -5.77126 
         -75      5.27372     0.999808      1.00013   0.00180129      5.45926      1.00032   0.00180163      1.98361     0.999933  4.68733e-05      1.66661     0.600216     -5.77126 
         -75      5.30524     0.999808      1.00013   0.00180128      5.45926      1.00033   0.00180162      1.98361     0.999933  4.66439e-05      1.66661     0.600217     -5.77126 
         -75      5.33688     0.999808      1.00013   0.00180129      5.45926      1.00033   0.00180164      1.98361     0.999933  4.63318e-05      1.66661     0.600217     -5.77126 
         -75      5.36858     0.999808      1.00014   0.00180133      5.45926      1.00033   0.00180168      1.98361     0.999932  4.59368e-05      1.66661     0.600218     -5.77126 
         -75      5.40041     0.999808      1.00014    0.0018014      5.45926      1.00033   0.00180175      1.98361     0.999932  4.54575e-05      1.66661     0.600219     -5.77126 
         -75       5.4323     0.999808      1.00014    0.0018015      5.45926      1.00033   0.00180184      1.98361     0.999932  4.48939e-05      1.66661     0.600219     -5.77126 
         -75      5.46431     0.999808      1.00014   0.00180162      5.45926      1.00033   0.00180197      1.98361     0.999932  4.42444e-05      1.66661      0.60022     -5.77126 
         -75      5.49642     0.999808      1.00014   0.00180177      5.45927      1.00033   0.00180212      1.98361     0.999932  4.35087e-05      1.66661      0.60022     -5.77126 
         -75      5.52859     0.999808      1.00014   0.00180195      5.45927      1.00033    0.0018023      1.98361     0.999932  4.26867e-05      1.66661     0.600221     -5.77126 
         -75      5.56089     0.999808      1.00014   0.00180216      5.45927      1.00033   0.00180251      1.98361     0.999932  4.17763e-05      1.66661     0.600222     -5.77126 
         -75      5.59325     0.999808      1.00014    0.0018024      5.45927      1.00033   0.00180274      1.98361     0.999932  4.07783e-05      1.66661     0.600222     -5.77126 
         -75      5.62573     0.999808      1.00014   0.00180266      5.45927      1.00034   0.00180301      1.98361     0.999931  3.96904e-05      1.66661     0.600223     -5.77126 
         -75      5.65829     0.999808      1.00014   0.00180296      5.45927      1.00034    0.0018033      1.98361     0.999931  3.85134e-05      1.66661     0.600223     -5.77126 
         -75      5.69096     0.999808      1.00015   0.00180328      5.45927      1.00034   0.00180363      1.98361     0.999931  3.72449e-05      1.66661     0.600224     -5.77126 
         -75       5.7237     0.999809      1.00015   0.00180363      5.45927      1.00034   0.00180398      1.98361     0.999931  3.58859e-05      1.66661     0.600224     -5.77126 
         -75      5.75655     0.999809      1.00015   0.00180402      5.45927      1.00034   0.00180436      1.98361      0.99993  3.44338e-05      1.66661     0.600225     -5.77126 
         -75      5.78951     0.999809      1.00015   0.00180443      5.45927      1.00034   0.00180478      1.98361      0.99993  3.28886e-05      1.66661     0.600225     -5.77126 
         -75      5.82253     0.999811      1.00015   0.00180244      5.45928      1.00034   0.00180278      1.98361      0.99993  2.54457e-05      1.66661     0.600226     -6.03757 
         -75      5.85567     0.999812      1.00015   0.00180251      5.45928      1.00034   0.00180285      1.98361     0.999929  2.39637e-05      1.66661     0.600227     -6.03757 
         -75      5.88888     0.999812      1.00015   0.00180258      5.45928      1.00034   0.00180292      1.98361     0.999929  2.25378e-05      1.66661     0.600227     -6.03757 
         -75      5.92221     0.999812      1.00015   0.00180264      5.45928      1.00034   0.00180298      1.98361     0.999929  2.11661e-05      1.66661     0.600227     -6.03757 
         -75       5.9556     0.999812      1.00015    0.0018027      5.45928      1.00034   0.00180304      1.98361     0.999929  1.98513e-05      1.66661     0.600227     -6.03757 
         -75      5.98912     0.999813      1.00015   0.00180276      5.45929      1.00034    0.0018031      1.98361     0.999929  1.85919e-05      1.66661     0.600228     -6.03757 
         -75      6.02273     0.999813      1.00016   0.00180282      5.45929      1.00034   0.00180316      1.98361     0.999929  1.73894e-05      1.66661     0.600228     -6.03757 
         -75      6.05641     0.999813      1.00016   0.00180288      5.45929      1.00034   0.00180321      1.98361     0.999929  1.62453e-05      1.66661     0.600228     -6.03757 
         -75      6.09021     0.999813      1.00016   0.00180293      5.45929      1.00034   0.00180327      1.98361     0.999928  1.51581e-05      1.66661     0.600228     -6.03757 
         -75      6.12408     0.999814      1.00016   0.00180298      5.45929      1.00034   0.00180332      1.98361     0.999928  1.41303e-05      1.66661     0.600228     -6.03757 
         -75      6.15806     0.999814      1.00016   0.00180303      5.45929      1.00034   0.00180337      1.98362     0.999928  1.31605e-05      1.66661     0.600229     -6.03757 
         -75      6.19212     0.999814      1.00016   0.00180308      5.45929      1.00034   0.00180341      1.98362     0.999928   1.2251e-05      1.66661     0.600229     -6.03757 
         -75      6.22629     0.999814      1.00016   0.00180312      5.45929      1.00034   0.00180345      1.98362     0.999928  1.14007e-05      1.66661     0.600229     -6.03757 
         -75      6.26056     0.999814      1.00016   0.00180316      5.45929      1.00034    0.0018035      1.98362     0.999928  1.06109e-05      1.66661     0.600229     -6.03757 
         -75       6.2949     0.999815      1.00016    0.0018032      5.45929      1.00034   0.00180353      1.98362     0.999928  9.88276e-06      1.66661     0.600229     -6.03757 
         -75      6.32936     0.999815      1.00016   0.00180324      5.45929      1.00034   0.00180357      1.98362     0.999928  9.21552e-06      1.66661     0.600229     -6.03757 
         -75      6.36388     0.999815      1.00016   0.00180327      5.45929      1.00034    0.0018036      1.98362     0.999928  8.61085e-06      1.66661     0.600229     -6.03757 
         -75      6.39853     0.999815      1.00016    0.0018033      5.45929      1.00034   0.00180363      1.98362     0.999928  8.06824e-06      1.66661     0.600229     -6.03757 
         -75      6.43324     0.999815      1.00016   0.00180333       5.4593      1.00034   0.00180366      1.98362     0.999928  7.58912e-06      1.66661     0.600229     -6.03757 
         -75      6.46807     0.999816      1.00016   0.00180336       5.4593      1.00034   0.00180369      1.98362     0.999928  7.17325e-06      1.66661     0.600228     -6.03757 
         -75      6.50297     0.999816      1.00016   0.00180338       5.4593      1.00034   0.00180371      1.98362     0.999928  6.82181e-06      1.66661     0.600228     -6.03757 
         -75      6.53799     0.999816      1.00016    0.0018034       5.4593      1.00034   0.00180373      1.98362     0.999928  6.53476e-06      1.66661     0.600228     -6.03757 
         -75      6.57311     0.999816      1.00016   0.00180342       5.4593      1.00034   0.00180375      1.98362     0.999928  6.31295e-06      1.66661     0.600228     -6.03757 
         -75      6.60829     0.999816      1.00016   0.00180343       5.4593      1.00034   0.00180377      1.98362     0.999928    6.157e-06      1.66661     0.600228     -6.03757 
         -75      6.64359     0.999816      1.00016   0.00180345       5.4593      1.00034   0.00180378      1.98362     0.999928   6.0672e-06      1.66661     0.600228     -6.03757 
         -75      6.67896     0.999816      1.00016   0.00180298       5.4593      1.00034   0.00180331      1.98362     0.999928  9.57021e-06      1.66661     0.600226     -6.99104 
         -75      6.71445     0.999816      1.00016   0.00180295       5.4593      1.00034   0.00180328      1.98362     0.999928  9.59466e-06      1.66661     0.600226     -6.99104 
         -75      6.75001     0.999816      1.00016   0.00180292       5.4593      1.00034   0.00180325      1.98362     0.999928   9.6183e-06      1.66661     0.600226     -6.99104 
         -75      6.78569     0.999816      1.00015   0.00180289       5.4593      1.00034   0.00180322      1.98362     0.999928  9.64117e-06      1.66661     0.600226     -6.99104 
         -75      6.82146     0.999816      1.00015   0.00180286       5.4593      1.00034   0.00180319      1.98362     0.999928  9.66324e-06      1.66661     0.600226     -6.99104 
         -75       6.8573     0.999816      1.00015   0.00180283       5.4593      1.00034   0.00180316      1.98362     0.999928  9.68449e-06      1.66661     0.600226     -6.99104 
         -75      6.89326     0.999816      1.00015   0.00180279       5.4593      1.00034   0.00180313      1.98362     0.999928  9.70495e-06      1.66661     0.600225     -6.99104 
         -75      6.92929     0.999816      1.00015   0.00180276       5.4593      1.00034   0.00180309      1.98362     0.999928  9.72458e-06      1.66661     0.600225     -6.99104 
         -75      6.96544     0.999816      1.00015   0.00180273       5.4593      1.00034   0.00180306      1.98362     0.999928   9.7434e-06      1.66661     0.600225     -6.99104 
         -75      7.00166     0.999816      1.00015    0.0018027       5.4593      1.00034   0.00180303      1.98362     0.999929  9.76137e-06      1.66661     0.600225     -6.99104 
         -75      7.03799     0.999816      1.00015   0.00180267       5.4593      1.00034     0.001803      1.98362     0.999929  9.77852e-06      1.66661     0.600225     -6.99104 
         -75      7.07442     0.999817      1.00015   0.00180263       5.4593      1.00034   0.00180297      1.98362     0.999929  9.79483e-06      1.66661     0.600225     -6.99104 
         -75      7.11092     0.999817      1.00015    0.0018026       5.4593      1.00034   0.00180293      1.98362     0.999929  9.81027e-06      1.66661     0.600225     -6.99104 
         -75      7.14754     0.999817      1.00015   0.00180257       5.4593      1.00034    0.0018029      1.98362     0.999929  9.82486e-06      1.66661     0.600224     -6.99104 
         -75      7.18422     0.999817      1.00015   0.00180253       5.4593      1.00034   0.00180287      1.98362     0.999929  9.83858e-06      1.66661     0.600224     -6.99104 
         -75      7.22103     0.999817      1.00015    0.0018025       5.4593      1.00034   0.00180283      1.98362     0.999929  9.85144e-06      1.66661     0.600224     -6.99104 
         -75      7.25791     0.999817      1.00015   0.00180247       5.4593      1.00034    0.0018028      1.98362     0.999929  9.86341e-06      1.66661     0.600224     -6.99104 
         -75       7.2949     0.999817      1.00015   0.00180243       5.4593      1.00034   0.00180276      1.98362     0.999929  9.87451e-06      1.66661     0.600224     -6.99104 
         -75      7.33196     0.999817      1.00015    0.0018024       5.4593      1.00034   0.00180273      1.98362     0.999929   9.8847e-06      1.66661     0.600224     -6.99104 
         -75      7.36914     0.999817      1.00015   0.00180236       5.4593      1.00034   0.00180269      1.98362     0.999929    9.894e-06      1.66661     0.600223     -6.99104 
         -75      7.40642     0.999817      1.00015   0.00180233       5.4593      1.00033   0.00180266      1.98362     0.999929   9.9024e-06      1.66661     0.600223     -6.99104 
         -75      7.44376     0.999817      1.00015   0.00180229       5.4593      1.00033   0.00180262      1.98362     0.999929  9.90987e-06      1.66661     0.600223     -6.99104 
         -75      7.48123     0.999817      1.00015   0.00180226       5.4593      1.00033   0.00180259      1.98362     0.999929  9.91643e-06      1.66661     0.600223     -6.99104 
         -75      7.51876     0.999817      1.00015   0.00180222       5.4593      1.00033   0.00180255      1.98362     0.999929  9.92206e-06      1.66661     0.600223     -6.99104 
         -75      7.55642     0.999818      1.00015   0.00180218       5.4593      1.00033   0.00180251      1.98362     0.999929  9.92675e-06      1.66661     0.600223     -6.99104 
         -75      7.59413     0.999818      1.00015   0.00180215      5.45931      1.00033   0.00180248      1.98362     0.999929   9.9305e-06      1.66661     0.600222     -6.99104 
         -75      7.63197     0.999818      1.00015   0.00180211      5.45931      1.00033   0.00180244      1.98362     0.999929   9.9333e-06      1.66661     0.600222     -6.99104 
         -75      7.66991     0.999818      1.00015   0.00180207      5.45931      1.00033    0.0018024      1.98362     0.999929  9.93515e-06      1.66661     0.600222     -6.99104 
         -75      7.70791     0.999818      1.00015   0.00180204      5.45931      1.00033   0.00180236      1.98363     0.999929  9.93603e-06      1.66661     0.600222     -6.99104 
         -75      7.74604     0.999818      1.00015     0.001802      5.45931      1.00033   0.00180233      1.98363     0.999929  9.93594e-06      1.66661     0.600222     -6.99104 
         -75      7.78422     0.999818      1.00015   0.00180196      5.45931      1.00033   0.00180229      1.98363     0.999929  9.93487e-06      1.66661     0.600222     -6.99104 
         -75      7.82254     0.999818      1.00015   0.00180192      5.45931      1.00033   0.00180225      1.98363     0.999929  9.93282e-06      1.66661     0.600221     -6.99104 
         -75      7.86091     0.999818      1.00015   0.00180188      5.45931      1.00033   0.00180221      1.98363     0.999929  9.92978e-06      1.66661     0.600221     -6.99104 
         -75      7.89941     0.999818      1.00015   0.00180184      5.45931      1.00033   0.00180217      1.98363     0.999929  9.92573e-06      1.66661     0.600221     -6.99104 
         -75      7.93797     0.999818      1.00015    0.0018018      5.45931      1.00033   0.00180213      1.98363     0.999929  9.92068e-06      1.66661     0.600221     -6.99104 
         -75      7.97666     0.999818      1.00015   0.00180176      5.45931      1.00033   0.00180209      1.98363     0.999929  9.91462e-06      1.66661     0.600221     -6.99104 
         -75      8.01544     0.999819      1.00015   0.00180172      5.45931      1.00033   0.00180205      1.98363     0.999929  9.90753e-06      1.66661      0.60022     -6.99104 
         -75      8.05429     0.999819      1.00015   0.00180168      5.45931      1.00033   0.00180201      1.98363     0.999929  9.89941e-06      1.66661      0.60022     -6.99104 
         -75      8.09326     0.999819      1.00015   0.00180164      5.45931      1.00033   0.00180197      1.98363     0.999929  9.89026e-06      1.66661      0.60022     -6.99104 
         -75      8.13229     0.999819      1.00015    0.0018016      5.45931      1.00033   0.00180193      1.98363      0.99993  9.88007e-06      1.66661      0.60022     -6.99104 
         -75      8.17145     0.999819      1.00015   0.00180156      5.45931      1.00033   0.00180188      1.98363      0.99993  9.86881e-06      1.66661      0.60022     -6.99104 
         -75      8.21067     0.999819      1.00015   0.00180152      5.45931      1.00033   0.00180184      1.98363      0.99993  9.85651e-06      1.66661     0.600219     -6.99104 
         -75      8.25002     0.999819      1.00015   0.00180147      5.45931      1.00033    0.0018018      1.98363      0.99993  9.84314e-06      1.66661     0.600219     -6.99104 
         -75      8.28946     0.999819      1.00015   0.00180143      5.45931      1.00033   0.00180176      1.98363      0.99993  9.82869e-06      1.66661     0.600219     -6.99104 
         -75      8.32896     0.999819      1.00015   0.00180139      5.45931      1.00033   0.00180171      1.98363      0.99993  9.81317e-06      1.66661     0.600219     -6.99104 
         -75      8.36859     0.999819      1.00015   0.00180135      5.45931      1.00033   0.00180167      1.98363      0.99993  9.79655e-06      1.66661     0.600219     -6.99104 
         -75      8.40828     0.999819      1.00015    0.0018013      5.45931      1.00033   0.00180163      1.98363      0.99993  9.77884e-06      1.66661     0.600218     -6.99104 
         -75       8.4481      0.99982      1.00015   0.00180126      5.45931      1.00033   0.00180158      1.98363      0.99993  9.76003e-06      1.66661     0.600218     -6.99104 
         -75      8.48798      0.99982      1.00015   0.00180121      5.45931      1.00033   0.00180154      1.98363      0.99993  9.74011e-06      1.66661     0.600218     -6.99104 
         -75      8.52798      0.99982      1.00015   0.00180117      5.45931      1.00033   0.00180149      1.98363      0.99993  9.71906e-06      1.66661     0.600218     -6.99104 
         -75      8.56808      0.99982      1.00015   0.00180112      5.45931      1.00033   0.00180145      1.98363      0.99993  9.69688e-06      1.66661     0.600218     -6.99104 
         -75      8.60824      0.99982      1.00015    0.0018012      5.45931      1.00033   0.00180153      1.98363      0.99993  9.67379e-06      1.66661     0.600217      -7.6793 
         -75      8.64852      0.99982      1.00015   0.00180116      5.45931      1.00033   0.00180148      1.98363      0.99993  9.60977e-06      1.66661     0.600217      -7.6793 
         -75      8.68887      0.99982      1.00015   0.00180111      5.45931      1.00033   0.00180144      1.98363      0.99993  9.54429e-06      1.66661     0.600217      -7.6793 
         -75      8.72935      0.99982      1.00015   0.00180107      5.45931      1.00033   0.00180139      1.98363      0.99993  9.47726e-06      1.66661     0.600217      -7.6793 
         -75      8.76988      0.99982      1.00014   0.00180102      5.45931      1.00032   0.00180135      1.98363      0.99993  9.40875e-06      1.66661     0.600217      -7.6793 
         -75      8.81055      0.99982      1.00014   0.00180098      5.45931      1.00032    0.0018013      1.98363      0.99993  9.33867e-06      1.66661     0.600217      -7.6793 
         -75      8.85127      0.99982      1.00014   0.00180093      5.45932      1.00032   0.00180126      1.98363      0.99993   9.2671e-06      1.66661     0.600217      -7.6793 
         -75      8.89212      0.99982      1.00014   0.00180089      5.45932      1.00032   0.00180121      1.98363      0.99993  9.19393e-06      1.66661     0.600216      -7.6793 
         -75      8.93306     0.999821      1.00014   0.00180084      5.45932      1.00032   0.00180117      1.98363      0.99993   9.1192e-06      1.66661     0.600216      -7.6793 
         -75      8.97407     0.999821      1.00014    0.0018008      5.45932      1.00032   0.00180112      1.98363      0.99993  9.04296e-06      1.66661     0.600216      -7.6793 
         -75       9.0152     0.999821      1.00014   0.00180075      5.45932      1.00032   0.00180107      1.98363      0.99993  8.96509e-06      1.66661     0.600216      -7.6793 
         -75       9.0564     0.999821      1.00014    0.0018007      5.45932      1.00032   0.00180103      1.98363      0.99993  8.88569e-06      1.66661     0.600216      -7.6793 
         -75      9.09772     0.999821      1.00014   0.00180066      5.45932      1.00032   0.00180098      1.98363      0.99993  8.80463e-06      1.66661     0.600216      -7.6793 
         -75       9.1391     0.999821      1.00014   0.00180061      5.45932      1.00032   0.00180093      1.98363      0.99993  8.72203e-06      1.66661     0.600216      -7.6793 
         -75      9.18061     0.999821      1.00014   0.00180056      5.45932      1.00032   0.00180089      1.98363      0.99993  8.63775e-06      1.66661     0.600215      -7.6793 
         -75      9.22221     0.999821      1.00014   0.00180052      5.45932      1.00032   0.00180084      1.98363      0.99993  8.55185e-06      1.66661     0.600215      -7.6793 
         -75      9.26387     0.999821      1.00014   0.00180047      5.45932      1.00032   0.00180079      1.98363      0.99993  8.46438e-06      1.66661     0.600215      -7.6793 
         -75      9.30566     0.999821      1.00014   0.00180042      5.45932      1.00032   0.00180074      1.98363      0.99993  8.37519e-06      1.66661     0.600215      -7.6793 
         -75      9.34752     0.999821      1.00014   0.00180058      5.45932      1.00032    0.0018009      1.98363      0.99993  8.13554e-06      1.66661     0.600215     -7.38691 
         -75       9.3895     0.999822      1.00014   0.00180055      5.45932      1.00032   0.00180087      1.98363      0.99993  8.09119e-06      1.66661     0.600215     -7.38691 
         -75      9.43153     0.999822      1.00014   0.00180052      5.45932      1.00032   0.00180084      1.98363      0.99993  8.04736e-06      1.66661     0.600215     -7.38691 
         -75       9.4737     0.999822      1.00014   0.00180048      5.45932      1.00032   0.00180081      1.98364      0.99993  8.00397e-06      1.66661     0.600215     -7.38691 
         -75      9.51596     0.999822      1.00014   0.00180045      5.45932      1.00032   0.00180077      1.98364      0.99993  7.96108e-06      1.66661     0.600215     -7.38691 
         -75      9.55828     0.999822      1.00014   0.00180042      5.45932      1.00032   0.00180074      1.98364      0.99993  7.91871e-06      1.66661     0.600215     -7.38691 
         -75      9.60073     0.999822      1.00014   0.00180039      5.45932      1.00032   0.00180071      1.98364      0.99993   7.8768e-06      1.66661     0.600214     -7.38691 
         -75      9.64324     0.999822      1.00014   0.00180035      5.45932      1.00032   0.00180067      1.98364      0.99993  7.83542e-06      1.66661     0.600214     -7.38691 
         -75      9.68588     0.999822      1.00014   0.00180032      5.45932      1.00032   0.00180064      1.98364      0.99993  7.79452e-06      1.66661     0.600214     -7.38691 
         -75      9.72857     0.999822      1.00014   0.00180029      5.45932      1.00032   0.00180061      1.98364      0.99993  7.75416e-06      1.66661     0.600214     -7.38691 
         -75       9.7714     0.999822      1.00014   0.00180025      5.45932      1.00032   0.00180057      1.98364     0.999931  7.71428e-06      1.66661     0.600214     -7.38691 
         -75      9.81428     0.999822      1.00014   0.00180022      5.45933      1.00032   0.00180054      1.98364     0.999931  7.67494e-06      1.66661     0.600214     -7.38691 
         -75       9.8573     0.999823      1.00014   0.00180019      5.45933      1.00032    0.0018005      1.98364     0.999931   7.6361e-06      1.66661     0.600214     -7.38691 
         -75       9.9004     0.999823      1.00014   0.00180015      5.45933      1.00032   0.00180047      1.98364     0.999931  7.59778e-06      1.66661     0.600214     -7.38691 
         -75      9.94357     0.999823      1.00014   0.00180012      5.45933      1.00032   0.00180044      1.98364     0.999931  7.56001e-06      1.66661     0.600213     -7.38691 
         -75      9.98687     0.999823      1.00014   0.00180008      5.45933      1.00032    0.0018004      1.98364     0.999931  7.52275e-06      1.66661     0.600213     -7.38691 
         -75      10.0302     0.999823      1.00014   0.00180005      5.45933      1.00032   0.00180037      1.98364     0.999931  7.48606e-06      1.66661     0.600213     -7.38691 
         -75      10.0737     0.999823      1.00014   0.00180002      5.45933      1.00032   0.00180034      1.98364     0.999931  7.44987e-06      1.66661     0.600213     -7.38691 
         -75      10.1172     0.999823      1.00014   0.00179998      5.45933      1.00032    0.0018003      1.98364     0.999931  7.41426e-06      1.66661     0.600213     -7.38691 
         -75      10.1609     0.999823      1.00014   0.00179995      5.45933      1.00032   0.00180027      1.98364     0.999931  7.37917e-06      1.66661     0.600213     -7.38691 
         -75      10.2047     0.999823      1.00014   0.00179991      5.45933      1.00032   0.00180023      1.98364     0.999931  7.34463e-06      1.66661     0.600213     -7.38691 
         -75      10.2485     0.999823      1.00014   0.00179988      5.45933      1.00032    0.0018002      1.98364     0.999931  7.31067e-06      1.66661     0.600212     -7.38691 
         -75      10.2925     0.999823      1.00014   0.00179985      5.45933      1.00032   0.00180016      1.98364     0.999931  7.27725e-06      1.66661     0.600212     -7.38691 
         -75      10.3365     0.999824      1.00014   0.00179981      5.45933      1.00032   0.00180013      1.98364     0.999931  7.24441e-06      1.66661     0.600212     -7.38691 
         -75      10.3806     0.999824      1.00014   0.00179978      5.45933      1.00032    0.0018001      1.98364     0.999931  7.21212e-06      1.66661     0.600212     -7.38691 
         -75      10.4248     0.999824      1.00014   0.00179974      5.45933      1.00032   0.00180006      1.98364     0.999931  7.18043e-06      1.66661     0.600212     -7.38691 
         -75      10.4691     0.999824      1.00014   0.00179971      5.45933      1.00032   0.00180003      1.98364     0.999931  7.14929e-06      1.66661     0.600212     -7.38691 
         -75      10.5135     0.999824      1.00014   0.00179968      5.45933      1.00032   0.00179999      1.98364     0.999931  7.11875e-06      1.66661     0.600212     -7.38691 
         -75       10.558     0.999824      1.00014   0.00179964      5.45933      1.00032   0.00179996      1.98364     0.999931  7.08878e-06      1.66661     0.600211     -7.38691 
         -75      10.6027     0.999824      1.00014   0.00179961      5.45933      1.00032   0.00179992      1.98364     0.999931  7.05939e-06      1.66661     0.600211     -7.38691 
         -75      10.6473     0.999824      1.00014   0.00179957      5.45933      1.00032   0.00179989      1.98364     0.999931  7.03062e-06      1.66661     0.600211     -7.38691 
         -75      10.6921     0.999824      1.00014   0.00179954      5.45933      1.00032   0.00179985      1.98364     0.999931  7.00243e-06      1.66661     0.600211     -7.38691 
         -75       10.737     0.999824      1.00014    0.0017995      5.45933      1.00032   0.00179982      1.98364     0.999931  6.97486e-06      1.66661     0.600211     -7.38691 
         -75       10.782     0.999824      1.00014   0.00179947      5.45933      1.00032   0.00179978      1.98364     0.999931  6.94787e-06      1.66661     0.600211     -7.38691 
         -75       10.827     0.999825      1.00014   0.00179943      5.45933      1.00031   0.00179975      1.98364     0.999931  6.92151e-06      1.66661     0.600211     -7.38691 
         -75      10.8722     0.999825      1.00014    0.0017994      5.45933      1.00031   0.00179971      1.98364     0.999931  6.89575e-06      1.66661      0.60021     -7.38691 
         -75      10.9175     0.999825      1.00014   0.00179936      5.45934      1.00031   0.00179968      1.98364     0.999931   6.8706e-06      1.66661      0.60021     -7.38691 
         -75      10.9628     0.999825      1.00014   0.00179933      5.45934      1.00031   0.00179964      1.98364     0.999931  6.84609e-06      1.66661      0.60021     -7.38691 
         -75      11.0082     0.999825      1.00014   0.00179929      5.45934      1.00031   0.00179961      1.98364     0.999931   6.8222e-06      1.66661      0.60021     -7.38691 
         -75      11.0538     0.999825      1.00014   0.00179926      5.45934      1.00031   0.00179957      1.98364     0.999931  6.79895e-06      1.66661      0.60021     -7.38691 
         -75      11.0994     0.999825      1.00014   0.00179922      5.45934      1.00031   0.00179954      1.98364     0.999931  6.77632e-06      1.66661      0.60021     -7.38691 
         -75      11.1451     0.999825      1.00014   0.00179919      5.45934      1.00031    0.0017995      1.98364     0.999931  6.75434e-06      1.66661     0.600209     -7.38691 
         -75      11.1909     0.999825      1.00014   0.00179915      5.45934      1.00031   0.00179947      1.98364     0.999931  6.73299e-06      1.66661     0.600209     -7.38691 
         -75      11.2369     0.999825      1.00014   0.00179912      5.45934      1.00031   0.00179943      1.98364     0.999931  6.71229e-06      1.66661     0.600209     -7.38691 
         -75      11.2829     0.999825      1.00014   0.00179908      5.45934      1.00031   0.00179939      1.98364     0.999931  6.69226e-06      1.66661     0.600209     -7.38691 
         -75       11.329     0.999825      1.00014   0.00179904      5.45934      1.00031   0.00179936      1.98364     0.999932  6.67286e-06      1.66661     0.600209     -7.38691 
         -75      11.3751     0.999826      1.00014   0.00179901      5.45934      1.00031   0.00179932      1.98365     0.999932  6.65414e-06      1.66661     0.600209     -7.38691 
         -75      11.4214     0.999826      1.00014   0.00179897      5.45934      1.00031   0.00179929      1.98365     0.999932  6.63608e-06      1.66661     0.600209     -7.38691 
         -75      11.4678     0.999826      1.00014   0.00179894      5.45934      1.00031   0.00179925      1.98365     0.999932  6.61869e-06      1.66661     0.600208     -7.38691 
         -75      11.5143     0.999826      1.00014    0.0017989      5.45934      1.00031   0.00179922      1.98365     0.999932  6.60196e-06      1.66661     0.600208     -7.38691 
         -75      11.5608     0.999826      1.00014   0.00179888      5.45934      1.00031   0.00179919      1.98365     0.999932  6.58225e-06      1.66661     0.600208     -7.52778 
         -75      11.6075     0.999826      1.00014   0.00179884      5.45934      1.00031   0.00179915      1.98365     0.999932   6.5586e-06      1.66661     0.600208     -7.52778 
         -75      11.6543     0.999826      1.00014    0.0017988      5.45934      1.00031   0.00179912      1.98365     0.999932  6.53513e-06      1.66661     0.600208     -7.52778 
         -75      11.7011     0.999826      1.00014   0.00179877      5.45934      1.00031   0.00179908      1.98365     0.999932  6.51183e-06      1.66661     0.600208     -7.52778 
         -75      11.7481     0.999826      1.00014   0.00179873      5.45934      1.00031   0.00179905      1.98365     0.999932  6.48869e-06      1.66661     0.600207     -7.52778 
         -75      11.7951     0.999826      1.00014    0.0017987      5.45934      1.00031   0.00179901      1.98365     0.999932  6.46574e-06      1.66661     0.600207     -7.52778 
         -75      11.8423     0.999826      1.00014   0.00179866      5.45934      1.00031   0.00179897      1.98365     0.999932  6.44294e-06      1.66661     0.600207     -7.52778 
         -75      11.8895     0.999827      1.00014   0.00179862      5.45934      1.00031   0.00179894      1.98365     0.999932  6.42033e-06      1.66661     0.600207     -7.52778 
         -75      11.9368     0.999827      1.00014   0.00179859      5.45934      1.00031    0.0017989      1.98365     0.999932  6.39788e-06      1.66661     0.600207     -7.52778 
         -75      11.9842     0.999827      1.00014   0.00179855      5.45934      1.00031   0.00179886      1.98365     0.999932   6.3756e-06      1.66661     0.600207     -7.52778 
         -75      12.0317     0.999827      1.00014   0.00179851      5.45934      1.00031   0.00179883      1.98365     0.999932  6.35351e-06      1.66661     0.600207     -7.52778 
         -75      12.0793     0.999827      1.00014   0.00179848      5.45934      1.00031   0.00179879      1.98365     0.999932  6.33159e-06      1.66661     0.600206     -7.52778 
         -75       12.127     0.999827      1.00013   0.00179844      5.45935      1.00031   0.00179875      1.98365     0.999932  6.30986e-06      1.66661     0.600206     -7.52778 
         -75      12.1748     0.999827      1.00013    0.0017984      5.45935      1.00031   0.00179872      1.98365     0.999932  6.28829e-06      1.66661     0.600206     -7.52778 
         -75      12.2227     0.999827      1.00013   0.00179837      5.45935      1.00031   0.00179868      1.98365     0.999932  6.26692e-06      1.66661     0.600206     -7.52778 
         -75      12.2707     0.999827      1.00013   0.00179833      5.45935      1.00031   0.00179864      1.98365     0.999932  6.24572e-06      1.66661     0.600206     -7.52778 
         -75      12.3188     0.999827      1.00013   0.00179833      5.45935      1.00031   0.00179864      1.98365     0.999932  6.18739e-06      1.66661     0.600206     -7.50633 
         -75      12.3669     0.999827      1.00013    0.0017983      5.45935      1.00031   0.00179861      1.98365     0.999932  6.17081e-06      1.66661     0.600205     -7.50633 
         -75      12.4152     0.999828      1.00013   0.00179826      5.45935      1.00031   0.00179857      1.98365     0.999932  6.15432e-06      1.66661     0.600205     -7.50633 
         -75      12.4635     0.999828      1.00013   0.00179823      5.45935      1.00031   0.00179854      1.98365     0.999932  6.13796e-06      1.66661     0.600205     -7.50633 
         -75       12.512     0.999828      1.00013   0.00179819      5.45935      1.00031    0.0017985      1.98365     0.999932  6.12168e-06      1.66661     0.600205     -7.50633 
         -75      12.5605     0.999828      1.00013   0.00179816      5.45935      1.00031   0.00179847      1.98365     0.999932  6.10553e-06      1.66661     0.600205     -7.50633 
         -75      12.6092     0.999828      1.00013   0.00179812      5.45935      1.00031   0.00179843      1.98365     0.999932  6.08947e-06      1.66661     0.600205     -7.50633 
         -75      12.6579     0.999828      1.00013   0.00179809      5.45935      1.00031    0.0017984      1.98365     0.999932  6.07353e-06      1.66661     0.600205     -7.50633 
         -75      12.7067     0.999828      1.00013   0.00179805      5.45935      1.00031   0.00179836      1.98365     0.999932  6.05769e-06      1.66661     0.600204     -7.50633 
         -75      12.7557     0.999828      1.00013   0.00179802      5.45935      1.00031   0.00179833      1.98365     0.999932  6.04195e-06      1.66661     0.600204     -7.50633 
         -75      12.8047     0.999828      1.00013   0.00179799      5.45935       1.0003   0.00179829      1.98365     0.999932  6.02634e-06      1.66661     0.600204     -7.50633 
         -75      12.8538     0.999828      1.00013   0.00179795      5.45935       1.0003   0.00179826      1.98365     0.999933  6.01083e-06      1.66661     0.600204     -7.50633 
         -75       12.903     0.999828      1.00013   0.00179792      5.45935       1.0003   0.00179823      1.98365     0.999933  5.99545e-06      1.66661     0.600204     -7.50633 
         -75      12.9523     0.999828      1.00013   0.00179788      5.45935       1.0003   0.00179819      1.98365     0.999933  5.98016e-06      1.66661     0.600204     -7.50633 
         -75      13.0016     0.999829      1.00013   0.00179785      5.45935       1.0003   0.00179816      1.98365     0.999933    5.965e-06      1.66661     0.600204     -7.50633 
         -75      13.0511     0.999829      1.00013   0.00179781      5.45935       1.0003   0.00179812      1.98365     0.999933  5.94995e-06      1.66661     0.600203     -7.50633 
         -75      13.1007     0.999829      1.00013   0.00179778      5.45935       1.0003   0.00179809      1.98365     0.999933  5.93501e-06      1.66661     0.600203     -7.50633 
         -75      13.1504     0.999829      1.00013   0.00179775      5.45935       1.0003   0.00179805      1.98365     0.999933   5.9202e-06      1.66661     0.600203     -7.50633 
         -75      13.2002     0.999829      1.00013   0.00179771      5.45935       1.0003   0.00179802      1.98365     0.999933  5.90549e-06      1.66661     0.600203     -7.50633 
         -75        13.25     0.999829      1.00013   0.00179768      5.45935       1.0003   0.00179798      1.98365     0.999933  5.89091e-06      1.66661     0.600203     -7.50633 
         -75         13.3     0.999829      1.00013   0.00179764      5.45936       1.0003   0.00179795      1.98365     0.999933  5.87644e-06      1.66661     0.600203     -7.50633 
         -75        13.35     0.999829      1.00013   0.00179761      5.45936       1.0003   0.00179792      1.98365     0.999933   5.8621e-06      1.66661     0.600203     -7.50633 
         -75      13.4002     0.999829      1.00013   0.00179757      5.45936       1.0003   0.00179788      1.98366     0.999933  5.84788e-06      1.66661     0.600202     -7.50633 
         -75      13.4504     0.999829      1.00013   0.00179754      5.45936       1.0003   0.00179785      1.98366     0.999933  5.83378e-06      1.66661     0.600202     -7.50633 
         -75      13.5007     0.999829      1.00013   0.00179751      5.45936       1.0003   0.00179781      1.98366     0.999933  5.81979e-06      1.66661     0.600202     -7.50633 
         -75      13.5511      0.99983      1.00013   0.00179747      5.45936       1.0003   0.00179778      1.98366     0.999933  5.80593e-06      1.66661     0.600202     -7.50633 
         -75      13.6016      0.99983      1.00013   0.00179744      5.45936       1.0003   0.00179774      1.98366     0.999933   5.7922e-06      1.66661     0.600202     -7.50633 
         -75      13.6523      0.99983      1.00013    0.0017974      5.45936       1.0003   0.00179771      1.98366     0.999933  5.77859e-06      1.66661     0.600202     -7.50633 
         -75       13.703      0.99983      1.00013   0.00179737      5.45936       1.0003   0.00179768      1.98366     0.999933  5.76511e-06      1.66661     0.600202     -7.50633 
         -75      13.7538      0.99983      1.00013   0.00179734      5.45936       1.0003   0.00179764      1.98366     0.999933  5.75175e-06      1.66661     0.600201     -7.50633 
         -75      13.8046      0.99983      1.00013    0.0017973      5.45936       1.0003   0.00179761      1.98366     0.999933  5.73853e-06      1.66661     0.600201     -7.50633 
         -75      13.8556      0.99983      1.00013   0.00179727      5.45936       1.0003   0.00179757      1.98366     0.999933  5.72542e-06      1.66661     0.600201     -7.50633 
         -75      13.9067      0.99983      1.00013   0.00179724      5.45936       1.0003   0.00179754      1.98366     0.999933  5.71245e-06      1.66661     0.600201     -7.50633 
         -75      13.9579      0.99983      1.00013    0.0017972      5.45936       1.0003   0.00179751      1.98366     0.999933  5.69961e-06      1.66661     0.600201     -7.50633 
         -75      14.0092      0.99983      1.00013   0.00179717      5.45936       1.0003   0.00179747      1.98366     0.999933  5.68689e-06      1.66661     0.600201     -7.50633 
         -75      14.0605      0.99983      1.00013   0.00179713      5.45936       1.0003   0.00179744      1.98366     0.999933  5.67432e-06      1.66661     0.600201     -7.50633 
         -75       14.112     0.999831      1.00013    0.0017971      5.45936       1.0003   0.00179741      1.98366     0.999933  5.66186e-06      1.66661       0.6002     -7.50633 
         -75      14.1635     0.999831      1.00013   0.00179707      5.45936       1.0003   0.00179737      1.98366     0.999933  5.64956e-06      1.66661       0.6002     -7.50633 
         -75      14.2152     0.999831      1.00013   0.00179703      5.45936       1.0003   0.00179734      1.98366     0.999933  5.63737e-06      1.66661       0.6002     -7.50633 
         -75      14.2669     0.999831      1.00013     0.001797      5.45936       1.0003   0.00179731      1.98366     0.999933  5.62532e-06      1.66661       0.6002     -7.50633 
         -75      14.3187     0.999831      1.00013   0.00179697      5.45936       1.0003   0.00179727      1.98366     0.999933  5.61341e-06      1.66661       0.6002     -7.50633 
         -75      14.3707     0.999831      1.00013   0.00179693      5.45936       1.0003   0.00179724      1.98366     0.999934  5.60164e-06      1.66661       0.6002     -7.50633 
         -75      14.4227     0.999831      1.00013    0.0017969      5.45936       1.0003    0.0017972      1.98366     0.999934  5.59001e-06      1.66661       0.6002     -7.50633 
         -75      14.4748     0.999831      1.00013   0.00179687      5.45937       1.0003   0.00179717      1.98366     0.999934   5.5785e-06      1.66661     0.600199     -7.50633 
         -75       14.527     0.999831      1.00013   0.00179683      5.45937       1.0003   0.00179714      1.98366     0.999934  5.56715e-06      1.66661     0.600199     -7.50633 
         -75      14.5793     0.999831      1.00013    0.0017968      5.45937       1.0003   0.00179711      1.98366     0.999934  5.55593e-06      1.66661     0.600199     -7.50633 
         -75      14.6317     0.999831      1.00013   0.00179677      5.45937       1.0003   0.00179707      1.98366     0.999934  5.54485e-06      1.66661     0.600199     -7.50633 
         -75      14.6842     0.999831      1.00013   0.00179674      5.45937       1.0003   0.00179704      1.98366     0.999934  5.53391e-06      1.66661     0.600199     -7.50633 
         -75      14.7368     0.999832      1.00013    0.0017967      5.45937       1.0003   0.00179701      1.98366     0.999934  5.52312e-06      1.66661     0.600199     -7.50633 
         -75      14.7895     0.999832      1.00013   0.00179667      5.45937       1.0003   0.00179697      1.98366     0.999934  5.51247e-06      1.66661     0.600199     -7.50633 
         -75      14.8423     0.999832      1.00013   0.00179664      5.45937       1.0003   0.00179694      1.98366     0.999934  5.50196e-06      1.66661     0.600198     -7.50633 
         -75      14.8951     0.999832      1.00013   0.00179659      5.45937       1.0003   0.00179689      1.98366     0.999934  5.52297e-06      1.66661     0.600198     -7.55115 
         -75      14.9481     0.999832      1.00013   0.00179656      5.45937       1.0003   0.00179686      1.98366     0.999934  5.50802e-06      1.66661     0.600198     -7.55115 
         -75      15.0011     0.999832      1.00013   0.00179653      5.45937       1.0003   0.00179683      1.98366     0.999934  5.49286e-06      1.66661     0.600198     -7.55115 
         -75      15.0543     0.999832      1.00013    0.0017965      5.45937       1.0003    0.0017968      1.98366     0.999934  5.47747e-06      1.66661     0.600198     -7.55115 
         -75      15.1075     0.999832      1.00013   0.00179646      5.45937      1.00029   0.00179676      1.98366     0.999934  5.46187e-06      1.66661     0.600198     -7.55115 
         -75      15.1609     0.999832      1.00013   0.00179643      5.45937      1.00029   0.00179673      1.98366     0.999934  5.44606e-06      1.66661     0.600198     -7.55115 
         -75      15.2143     0.999832      1.00013    0.0017964      5.45937      1.00029    0.0017967      1.98366     0.999934  5.43002e-06      1.66661     0.600197     -7.55115 
         -75      15.2678     0.999832      1.00013   0.00179637      5.45937      1.00029   0.00179667      1.98366     0.999934  5.41378e-06      1.66661     0.600197     -7.55115 
         -75      15.3214     0.999833      1.00013   0.00179633      5.45937      1.00029   0.00179664      1.98366     0.999934  5.39729e-06      1.66661     0.600197     -7.55115 
         -75      15.3751     0.999833      1.00013    0.0017963      5.45937      1.00029    0.0017966      1.98366     0.999934  5.38061e-06      1.66661     0.600197     -7.55115 
         -75       15.429     0.999833      1.00013   0.00179627      5.45937      1.00029   0.00179657      1.98366     0.999934  5.36368e-06      1.66661     0.600197     -7.55115 
         -75      15.4828     0.999833      1.00013   0.00179624      5.45937      1.00029   0.00179654      1.98366     0.999934  5.34654e-06      1.66661     0.600197     -7.55115 
         -75      15.5368     0.999833      1.00013   0.00179621      5.45937      1.00029   0.00179651      1.98367     0.999934  5.32917e-06      1.66661     0.600197     -7.55115 
         -75      15.5909     0.999833      1.00013   0.00179617      5.45937      1.00029   0.00179647      1.98367     0.999934  5.31157e-06      1.66661     0.600196     -7.55115 
         -75      15.6451     0.999833      1.00013   0.00179614      5.45937      1.00029   0.00179644      1.98367     0.999934  5.29376e-06      1.66661     0.600196     -7.55115 
         -75      15.6994     0.999833      1.00013   0.00179611      5.45938      1.00029   0.00179641      1.98367     0.999934   5.2757e-06      1.66661     0.600196     -7.55115 
         -75      15.7537     0.999833      1.00013   0.00179607      5.45938      1.00029   0.00179637      1.98367     0.999934   5.2297e-06      1.66661     0.600196     -7.50024 
         -75      15.8082     0.999833      1.00013   0.00179604      5.45938      1.00029   0.00179634      1.98367     0.999934   5.2047e-06      1.66661     0.600196     -7.50024 
         -75      15.8628     0.999833      1.00013     0.001796      5.45938      1.00029    0.0017963      1.98367     0.999934  5.18033e-06      1.66661     0.600196     -7.50024 
         -75      15.9174     0.999834      1.00013   0.00179597      5.45938      1.00029   0.00179627      1.98367     0.999934  5.15655e-06      1.66661     0.600196     -7.50024 
         -75      15.9722     0.999834      1.00013   0.00179594      5.45938      1.00029   0.00179624      1.98367     0.999934  5.13338e-06      1.66661     0.600195     -7.50024 
         -75       16.027     0.999834      1.00012   0.00179591      5.45938      1.00029    0.0017962      1.98367     0.999935  5.11084e-06      1.66661     0.600195     -7.50024 
         -75       16.082     0.999834      1.00012   0.00179587      5.45938      1.00029   0.00179617      1.98367     0.999935   5.0889e-06      1.66661     0.600195     -7.50024 
         -75       16.137     0.999834      1.00012   0.00179584      5.45938      1.00029   0.00179614      1.98367     0.999935  5.06761e-06      1.66661     0.600195     -7.50024 
         -75      16.1921     0.999834      1.00012   0.00179581      5.45938      1.00029   0.00179611      1.98367     0.999935  5.04692e-06      1.66661     0.600195     -7.50024 
         -75      16.2473     0.999834      1.00012   0.00179578      5.45938      1.00029   0.00179607      1.98367     0.999935  5.02688e-06      1.66661     0.600195     -7.50024 
         -75      16.3026     0.999834      1.00012   0.00179574      5.45938      1.00029   0.00179604      1.98367     0.999935  5.00745e-06      1.66661     0.600195     -7.50024 
         -75      16.3581     0.999834      1.00012   0.00179571      5.45938      1.00029   0.00179601      1.98367     0.999935  4.98866e-06      1.66661     0.600194     -7.50024 
         -75      16.4135     0.999834      1.00012   0.00179568      5.45938      1.00029   0.00179598      1.98367     0.999935  4.97052e-06      1.66661     0.600194     -7.50024 
         -75      16.4691     0.999834      1.00012   0.00179565      5.45938      1.00029   0.00179594      1.98367     0.999935  4.95302e-06      1.66661     0.600194     -7.50024 
         -75      16.5248     0.999835      1.00012   0.00179561      5.45938      1.00029   0.00179591      1.98367     0.999935  4.93617e-06      1.66661     0.600194     -7.50024 
         -75      16.5806     0.999835      1.00012   0.00179558      5.45938      1.00029   0.00179588      1.98367     0.999935  4.91996e-06      1.66661     0.600194     -7.50024 
         -75      16.6364     0.999835      1.00012   0.00179555      5.45938      1.00029   0.00179585      1.98367     0.999935  4.90441e-06      1.66661     0.600194     -7.50024 
         -75      16.6924     0.999835      1.00012   0.00179552      5.45938      1.00029   0.00179581      1.98367     0.999935  4.88951e-06      1.66661     0.600194     -7.50024 
         -75      16.7485     0.999835      1.00012   0.00179549      5.45938      1.00029   0.00179578      1.98367     0.999935  4.87528e-06      1.66661     0.600193     -7.50024 
         -75      16.8046     0.999835      1.00012   0.00179545      5.45938      1.00029   0.00179575      1.98367     0.999935   4.8617e-06      1.66661     0.600193     -7.50024 
         -75      16.8609     0.999835      1.00012   0.00179542      5.45938      1.00029   0.00179572      1.98367     0.999935  4.84878e-06      1.66661     0.600193     -7.50024 
         -75      16.9172     0.999835      1.00012   0.00179539      5.45938      1.00029   0.00179569      1.98367     0.999935  4.83655e-06      1.66661     0.600193     -7.50024 
         -75      16.9737     0.999835      1.00012   0.00179536      5.45939      1.00029   0.00179565      1.98367     0.999935  4.82499e-06      1.66661     0.600193     -7.50024 
         -75      17.0302     0.999835      1.00012   0.00179533      5.45939      1.00029   0.00179562      1.98367     0.999935   4.8141e-06      1.66661     0.600193     -7.50024 
         -75      17.0868     0.999835      1.00012   0.00179529      5.45939      1.00029   0.00179559      1.98367     0.999935  4.80389e-06      1.66661     0.600193     -7.50024 
         -75      17.1435     0.999836      1.00012   0.00179526      5.45939      1.00029   0.00179556      1.98367     0.999935  4.79438e-06      1.66661     0.600192     -7.50024 
         -75      17.2004     0.999836      1.00012   0.00179523      5.45939      1.00029   0.00179553      1.98367     0.999935  4.78554e-06      1.66661     0.600192     -7.50024 
         -75      17.2573     0.999836      1.00012    0.0017952      5.45939      1.00029   0.00179549      1.98367     0.999935  4.77739e-06      1.66661     0.600192     -7.50024 
         -75      17.3143     0.999836      1.00012   0.00179517      5.45939      1.00029   0.00179546      1.98367     0.999935  4.76995e-06      1.66661     0.600192     -7.50024 
         -75      17.3714     0.999836      1.00012   0.00179514      5.45939      1.00029   0.00179543      1.98367     0.999935  4.76319e-06      1.66661     0.600192     -7.50024 
         -75      17.4286     0.999836      1.00012    0.0017951      5.45939      1.00029    0.0017954      1.98367     0.999935  4.75715e-06      1.66661     0.600192     -7.50024 
         -75      17.4859     0.999836      1.00012   0.00179507      5.45939      1.00029   0.00179537      1.98367     0.999935   4.7518e-06      1.66661     0.600192     -7.50024 
         -75      17.5432     0.999836      1.00012   0.00179504      5.45939      1.00029   0.00179533      1.98367     0.999935  4.74716e-06      1.66661     0.600191     -7.50024 
         -75      17.6007     0.999836      1.00012   0.00179501      5.45939      1.00029    0.0017953      1.98367     0.999935  4.74324e-06      1.66661     0.600191     -7.50024 
         -75      17.6583     0.999836      1.00012   0.00179498      5.45939      1.00028   0.00179527      1.98367     0.999936  4.74003e-06      1.66661     0.600191     -7.50024 
         -75      17.7159     0.999836      1.00012   0.00179495      5.45939      1.00028   0.00179524      1.98367     0.999936  4.73754e-06      1.66661     0.600191     -7.50024 
         -75      17.7737     0.999837      1.00012   0.00179491      5.45939      1.00028   0.00179521      1.98367     0.999936  4.73577e-06      1.66661     0.600191     -7.50024 
         -75      17.8315     0.999837      1.00012   0.00179488      5.45939      1.00028   0.00179518      1.98368     0.999936  4.73474e-06      1.66661     0.600191     -7.50024 
         -75      17.8895     0.999837      1.00012   0.00179485      5.45939      1.00028   0.00179515      1.98368     0.999936  4.73442e-06      1.66661     0.600191     -7.50024 
         -75      17.9475     0.999837      1.00012   0.00179482      5.45939      1.00028   0.00179511      1.98368     0.999936  4.73485e-06      1.66661     0.600191     -7.50024 
         -75      18.0056     0.999837      1.00012   0.00179479      5.45939      1.00028   0.00179508      1.98368     0.999936  4.73601e-06      1.66661      0.60019     -7.50024 
         -75      18.0638     0.999837      1.00012   0.00179476      5.45939      1.00028   0.00179505      1.98368     0.999936  4.73791e-06      1.66661      0.60019     -7.50024 
         -75      18.1222     0.999837      1.00012   0.00179473      5.45939      1.00028   0.00179502      1.98368     0.999936  4.74055e-06      1.66661      0.60019     -7.50024 
         -75      18.1806     0.999837      1.00012    0.0017947      5.45939      1.00028   0.00179499      1.98368     0.999936  4.74394e-06      1.66661      0.60019     -7.50024 
         -75      18.2391     0.999837      1.00012   0.00179467       5.4594      1.00028   0.00179496      1.98368     0.999936  4.74809e-06      1.66661      0.60019     -7.50024 
         -75      18.2977     0.999837      1.00012   0.00179464       5.4594      1.00028   0.00179493      1.98368     0.999936  4.75299e-06      1.66661      0.60019     -7.50024 
         -75      18.3564     0.999837      1.00012    0.0017946       5.4594      1.00028   0.00179489      1.98368     0.999936  4.74777e-06      1.66661      0.60019     -7.43974 
         -75      18.4152     0.999838      1.00012   0.00179457       5.4594      1.00028   0.00179486      1.98368     0.999936  4.75613e-06      1.66661     0.600189     -7.43974 
         -75       18.474     0.999838      1.00012   0.00179454       5.4594      1.00028   0.00179483      1.98368     0.999936  4.76458e-06      1.66661     0.600189     -7.43974 
         -75       18.533     0.999838      1.00012   0.00179451       5.4594      1.00028    0.0017948      1.98368     0.999936  4.77315e-06      1.66661     0.600189     -7.43974 
         -75      18.5921     0.999838      1.00012   0.00179448       5.4594      1.00028   0.00179477      1.98368     0.999936  4.78183e-06      1.66661     0.600189     -7.43974 
         -75      18.6513     0.999838      1.00012   0.00179445       5.4594      1.00028   0.00179474      1.98368     0.999936   4.7906e-06      1.66661     0.600189     -7.43974 
         -75      18.7105     0.999838      1.00012   0.00179442       5.4594      1.00028   0.00179471      1.98368     0.999936  4.79949e-06      1.66661     0.600189     -7.43974 
         -75      18.7699     0.999838      1.00012   0.00179439       5.4594      1.00028   0.00179468      1.98368     0.999936  4.80849e-06      1.66661     0.600189     -7.43974 
         -75      18.8293     0.999838      1.00012   0.00179436       5.4594      1.00028   0.00179465      1.98368     0.999936  4.81759e-06      1.66661     0.600188     -7.43974 
         -75      18.8888     0.999838      1.00012   0.00179433       5.4594      1.00028   0.00179462      1.98368     0.999936   4.8268e-06      1.66661     0.600188     -7.43974 
         -75      18.9485     0.999838      1.00012    0.0017943       5.4594      1.00028   0.00179459      1.98368     0.999936  4.83613e-06      1.66661     0.600188     -7.43974 
         -75      19.0082     0.999838      1.00012   0.00179427       5.4594      1.00028   0.00179456      1.98368     0.999936  4.84556e-06      1.66661     0.600188     -7.43974 
         -75       19.068     0.999839      1.00012   0.00179424       5.4594      1.00028   0.00179453      1.98368     0.999936  4.85511e-06      1.66661     0.600188     -7.43974 
         -75       19.128     0.999839      1.00012   0.00179421       5.4594      1.00028    0.0017945      1.98368     0.999936  4.86477e-06      1.66661     0.600188     -7.43974 
         -75       19.188     0.999839      1.00012   0.00179418       5.4594      1.00028   0.00179446      1.98368     0.999936  4.87453e-06      1.66661     0.600188     -7.43974 
         -75      19.2481     0.999839      1.00012   0.00179415       5.4594      1.00028   0.00179443      1.98368     0.999936  4.88442e-06      1.66661     0.600187     -7.43974 
         -75      19.3082     0.999839      1.00012   0.00179412       5.4594      1.00028    0.0017944      1.98368     0.999937   4.8944e-06      1.66661     0.600187     -7.43974 
         -75      19.3686     0.999839      1.00012   0.00179409       5.4594      1.00028   0.00179437      1.98368     0.999937  4.90451e-06      1.66661     0.600187     -7.43974 
         -75      19.4289     0.999839      1.00012   0.00179406       5.4594      1.00028   0.00179434      1.98368     0.999937  4.91473e-06      1.66661     0.600187     -7.43974 
         -75      19.4894     0.999839      1.00012   0.00179403       5.4594      1.00028   0.00179431      1.98368     0.999937  4.92506e-06      1.66661     0.600187     -7.43974 
         -75        19.55     0.999839      1.00012     0.001794      5.45941      1.00028   0.00179428      1.98368     0.999937  4.93551e-06      1.66661     0.600187     -7.43974 
         -75      19.6107     0.999839      1.00012   0.00179397      5.45941      1.00028   0.00179425      1.98368     0.999937  4.94607e-06      1.66661     0.600187     -7.43974 
         -75      19.6714     0.999839      1.00012   0.00179394      5.45941      1.00028   0.00179422      1.98368     0.999937  4.95675e-06      1.66661     0.600187     -7.43974 
         -75      19.7323     0.999839      1.00012   0.00179391      5.45941      1.00028    0.0017942      1.98368     0.999937  4.96442e-06      1.66661     0.600186     -7.46109 
         -75      19.7932      0.99984      1.00012   0.00179388      5.45941      1.00028   0.00179417      1.98368     0.999937  4.97408e-06      1.66661     0.600186     -7.46109 
         -75      19.8542      0.99984      1.00012   0.00179385      5.45941      1.00028   0.00179414      1.98368     0.999937  4.98373e-06      1.66661     0.600186     -7.46109 
         -75      19.9154      0.99984      1.00012   0.00179382      5.45941      1.00028   0.00179411      1.98368     0.999937  4.99335e-06      1.66661     0.600186     -7.46109 
         -75      19.9767      0.99984      1.00012   0.00179379      5.45941      1.00028   0.00179408      1.98368     0.999937  5.00296e-06      1.66661     0.600186     -7.46109 
         -75       20.038      0.99984      1.00012   0.00179376      5.45941      1.00028   0.00179405      1.98368     0.999937  5.01255e-06      1.66661     0.600186     -7.46109 
         -75      20.0994      0.99984      1.00012   0.00179373      5.45941      1.00028   0.00179402      1.98368     0.999937  5.02212e-06      1.66661     0.600186     -7.46109 
         -75      20.1609      0.99984      1.00012    0.0017937      5.45941      1.00028   0.00179399      1.98368     0.999937  5.03166e-06      1.66661     0.600185     -7.46109 
         -75      20.2225      0.99984      1.00012   0.00179367      5.45941      1.00028   0.00179396      1.98369     0.999937  5.04119e-06      1.66661     0.600185     -7.46109 
         -75      20.2842      0.99984      1.00012   0.00179364      5.45941      1.00028   0.00179393      1.98369     0.999937   5.0507e-06      1.66661     0.600185     -7.46109 
         -75       20.346      0.99984      1.00012   0.00179362      5.45941      1.00028    0.0017939      1.98369     0.999937  5.06019e-06      1.66661     0.600185     -7.46109 
         -75      20.4079      0.99984      1.00012   0.00179359      5.45941      1.00028   0.00179387      1.98369     0.999937  5.06965e-06      1.66661     0.600185     -7.46109 
         -75      20.4699     0.999841      1.00012   0.00179356      5.45941      1.00027   0.00179384      1.98369     0.999937   5.0791e-06      1.66661     0.600185     -7.46109 
         -75       20.532     0.999841      1.00012   0.00179353      5.45941      1.00027   0.00179381      1.98369     0.999937  5.08853e-06      1.66661     0.600185     -7.46109 
         -75      20.5941     0.999841      1.00012    0.0017935      5.45941      1.00027   0.00179379      1.98369     0.999937  5.09793e-06      1.66661     0.600185     -7.46109 
         -75      20.6564     0.999841      1.00012   0.00179347      5.45941      1.00027   0.00179376      1.98369     0.999937  5.10731e-06      1.66661     0.600184     -7.46109 
         -75      20.7187     0.999841      1.00012   0.00179344      5.45941      1.00027   0.00179373      1.98369     0.999937  5.11667e-06      1.66661     0.600184     -7.46109 
         -75      20.7812     0.999841      1.00011   0.00179341      5.45941      1.00027    0.0017937      1.98369     0.999937  5.12602e-06      1.66661     0.600184     -7.46109 
         -75      20.8437     0.999841      1.00011   0.00179338      5.45942      1.00027   0.00179367      1.98369     0.999937  5.13533e-06      1.66661     0.600184     -7.46109 
         -75      20.9064     0.999841      1.00011   0.00179336      5.45942      1.00027   0.00179364      1.98369     0.999938  5.14463e-06      1.66661     0.600184     -7.46109 
         -75      20.9691     0.999841      1.00011   0.00179333      5.45942      1.00027   0.00179361      1.98369     0.999938  5.15391e-06      1.66661     0.600184     -7.46109 
         -75      21.0319     0.999841      1.00011    0.0017933      5.45942      1.00027   0.00179358      1.98369     0.999938  5.16316e-06      1.66661     0.600184     -7.46109 
         -75      21.0949     0.999841      1.00011   0.00179327      5.45942      1.00027   0.00179356      1.98369     0.999938  5.17239e-06      1.66661     0.600183     -7.46109 
         -75      21.1579     0.999842      1.00011   0.00179324      5.45942      1.00027   0.00179353      1.98369     0.999938   5.1816e-06      1.66661     0.600183     -7.46109 
         -75       21.221     0.999842      1.00011   0.00179322      5.45942      1.00027    0.0017935      1.98369     0.999938  5.19079e-06      1.66661     0.600183     -7.46109 
         -75      21.2842     0.999842      1.00011   0.00179319      5.45942      1.00027   0.00179347      1.98369     0.999938  5.19995e-06      1.66661     0.600183     -7.46109 
         -75      21.3475     0.999842      1.00011   0.00179316      5.45942      1.00027   0.00179344      1.98369     0.999938  5.20909e-06      1.66661     0.600183     -7.46109 
         -75      21.4109     0.999842      1.00011   0.00179313      5.45942      1.00027   0.00179342      1.98369     0.999938  5.21821e-06      1.66661     0.600183     -7.46109 
         -75      21.4744     0.999842      1.00011    0.0017931      5.45942      1.00027   0.00179339      1.98369     0.999938   5.2273e-06      1.66661     0.600183     -7.46109 
         -75       21.538     0.999842      1.00011   0.00179308      5.45942      1.00027   0.00179336      1.98369     0.999938  5.23638e-06      1.66661     0.600183     -7.46109 
         -75      21.6016     0.999842      1.00011   0.00179305      5.45942      1.00027   0.00179333      1.98369     0.999938  5.24542e-06      1.66661     0.600182     -7.46109 
         -75      21.6654     0.999842      1.00011   0.00179302      5.45942      1.00027    0.0017933      1.98369     0.999938  5.25445e-06      1.66661     0.600182     -7.46109 
         -75      21.7292     0.999842      1.00011   0.00179299      5.45942      1.00027   0.00179328      1.98369     0.999938  5.26344e-06      1.66662     0.600182     -7.46109 
         -75      21.7932     0.999842      1.00011   0.00179297      5.45942      1.00027   0.00179325      1.98369     0.999938  5.27242e-06      1.66662     0.600182     -7.46109 
         -75      21.8572     0.999843      1.00011   0.00179294      5.45942      1.00027   0.00179322      1.98369     0.999938  5.28137e-06      1.66662     0.600182     -7.46109 
         -75      21.9214     0.999843      1.00011   0.00179291      5.45942      1.00027    0.0017932      1.98369     0.999938   5.2903e-06      1.66662     0.600182     -7.46109 
         -75      21.9857     0.999843      1.00011   0.00179289      5.45942      1.00027   0.00179317      1.98369     0.999938  5.29921e-06      1.66662     0.600182     -7.46109 
         -75        22.05     0.999843      1.00011   0.00179286      5.45942      1.00027   0.00179314      1.98369     0.999938   5.2752e-06      1.66662     0.600181     -7.45111 
         -75      22.1144     0.999843      1.00011   0.00179283      5.45942      1.00027   0.00179311      1.98369     0.999938  5.29719e-06      1.66662     0.600181     -7.45111 
         -75      22.1789     0.999843      1.00011    0.0017928      5.45943      1.00027   0.00179309      1.98369     0.999938  5.31816e-06      1.66662     0.600181     -7.45111 
         -75      22.2436     0.999843      1.00011   0.00179278      5.45943      1.00027   0.00179306      1.98369     0.999938  5.33814e-06      1.66662     0.600181     -7.45111 
         -75      22.3082     0.999843      1.00011   0.00179275      5.45943      1.00027   0.00179303      1.98369     0.999938   5.3571e-06      1.66662     0.600181     -7.45111 
         -75      22.3731     0.999843      1.00011   0.00179272      5.45943      1.00027     0.001793      1.98369     0.999938  5.37505e-06      1.66662     0.600181     -7.45111 
         -75       22.438     0.999843      1.00011   0.00179269      5.45943      1.00027   0.00179297      1.98369     0.999938  5.39198e-06      1.66662     0.600181     -7.45111 
         -75      22.5029     0.999843      1.00011   0.00179267      5.45943      1.00027   0.00179295      1.98369     0.999938  5.40787e-06      1.66662     0.600181     -7.45111 
         -75       22.568     0.999844      1.00011   0.00179264      5.45943      1.00027   0.00179292      1.98369     0.999939  5.42275e-06      1.66662      0.60018     -7.45111 
         -75      22.6332     0.999844      1.00011   0.00179261      5.45943      1.00027   0.00179289      1.98369     0.999939  5.43658e-06      1.66662      0.60018     -7.45111 
         -75      22.6985     0.999844      1.00011   0.00179258      5.45943      1.00027   0.00179286       1.9837     0.999939  5.44939e-06      1.66662      0.60018     -7.45111 
         -75      22.7638     0.999844      1.00011   0.00179256      5.45943      1.00027   0.00179284       1.9837     0.999939  5.46114e-06      1.66662      0.60018     -7.45111 
         -75      22.8293     0.999844      1.00011   0.00179253      5.45943      1.00027   0.00179281       1.9837     0.999939  5.47185e-06      1.66662      0.60018     -7.45111 
         -75      22.8948     0.999844      1.00011    0.0017925      5.45943      1.00027   0.00179278       1.9837     0.999939   5.4815e-06      1.66662      0.60018     -7.45111 
         -75      22.9605     0.999844      1.00011   0.00179248      5.45943      1.00027   0.00179275       1.9837     0.999939   5.4901e-06      1.66662      0.60018     -7.45111 
         -75      23.0263     0.999844      1.00011   0.00179245      5.45943      1.00027   0.00179273       1.9837     0.999939  5.49764e-06      1.66662     0.600179     -7.45111 
         -75      23.0921     0.999844      1.00011   0.00179242      5.45943      1.00027    0.0017927       1.9837     0.999939  5.50411e-06      1.66662     0.600179     -7.45111 
         -75       23.158     0.999844      1.00011    0.0017924      5.45943      1.00027   0.00179267       1.9837     0.999939  5.50951e-06      1.66662     0.600179     -7.45111 
         -75       23.224     0.999844      1.00011   0.00179237      5.45943      1.00027   0.00179265       1.9837     0.999939  5.51383e-06      1.66662     0.600179     -7.45111 
         -75      23.2902     0.999845      1.00011   0.00179234      5.45943      1.00027   0.00179262       1.9837     0.999939  5.51708e-06      1.66662     0.600179     -7.45111 
         -75      23.3564     0.999845      1.00011   0.00179232      5.45943      1.00027   0.00179259       1.9837     0.999939  5.51924e-06      1.66662     0.600179     -7.45111 
         -75      23.4227     0.999845      1.00011   0.00179229      5.45943      1.00027   0.00179257       1.9837     0.999939  5.52031e-06      1.66662     0.600179     -7.45111 
         -75      23.4891     0.999845      1.00011   0.00179226      5.45943      1.00027   0.00179254       1.9837     0.999939  5.52028e-06      1.66662     0.600179     -7.45111 
         -75      23.5556     0.999845      1.00011   0.00179224      5.45944      1.00027   0.00179252       1.9837     0.999939  5.51916e-06      1.66662     0.600178     -7.45111 
         -75      23.6222     0.999845      1.00011   0.00179221      5.45944      1.00027   0.00179249       1.9837     0.999939  5.51694e-06      1.66662     0.600178     -7.45111 
         -75      23.6888     0.999845      1.00011   0.00179219      5.45944      1.00026   0.00179246       1.9837     0.999939  5.51361e-06      1.66662     0.600178     -7.45111 
         -75      23.7556     0.999845      1.00011   0.00179216      5.45944      1.00026   0.00179244       1.9837     0.999939  5.50916e-06      1.66662     0.600178     -7.45111 
         -75      23.8225     0.999845      1.00011   0.00179213      5.45944      1.00026   0.00179241       1.9837     0.999939   5.5544e-06      1.66662     0.600178     -7.62863 
         -75      23.8895     0.999845      1.00011    0.0017921      5.45944      1.00026   0.00179238       1.9837     0.999939  5.53967e-06      1.66662     0.600178     -7.62863 
         -75      23.9565     0.999845      1.00011   0.00179208      5.45944      1.00026   0.00179236       1.9837     0.999939  5.52421e-06      1.66662     0.600178     -7.62863 
         -75      24.0237     0.999846      1.00011   0.00179205      5.45944      1.00026   0.00179233       1.9837     0.999939  5.50803e-06      1.66662     0.600178     -7.62863 
         -75      24.0909     0.999846      1.00011   0.00179203      5.45944      1.00026   0.00179231       1.9837     0.999939   5.4911e-06      1.66662     0.600177     -7.62863 
         -75      24.1582     0.999846      1.00011   0.00179201      5.45944      1.00026   0.00179228       1.9837     0.999939  5.47344e-06      1.66662     0.600177     -7.62863 
         -75      24.2257     0.999846      1.00011   0.00179198      5.45944      1.00026   0.00179226       1.9837     0.999939  5.45502e-06      1.66662     0.600177     -7.62863 
         -75      24.2932     0.999846      1.00011   0.00179196      5.45944      1.00026   0.00179223       1.9837     0.999939  5.43588e-06      1.66662     0.600177     -7.62863 
         -75      24.3608     0.999846      1.00011   0.00179193      5.45944      1.00026   0.00179221       1.9837     0.999939  5.41597e-06      1.66662     0.600177     -7.62863 
         -75      24.4285     0.999846      1.00011   0.00179191      5.45944      1.00026   0.00179218       1.9837      0.99994  5.39532e-06      1.66662     0.600177     -7.62863 
         -75      24.4964     0.999846      1.00011   0.00179188      5.45944      1.00026   0.00179216       1.9837      0.99994   5.3739e-06      1.66662     0.600177     -7.62863 
         -75      24.5643     0.999846      1.00011   0.00179186      5.45944      1.00026   0.00179213       1.9837      0.99994  5.35173e-06      1.66662     0.600176     -7.62863 
         -75      24.6323     0.999846      1.00011   0.00179183      5.45944      1.00026   0.00179211       1.9837      0.99994  5.32881e-06      1.66662     0.600176     -7.62863 
         -75      24.7004     0.999846      1.00011   0.00179181      5.45944      1.00026   0.00179209       1.9837      0.99994  5.30511e-06      1.66662     0.600176     -7.62863 
         -75      24.7685     0.999847      1.00011   0.00179179      5.45944      1.00026   0.00179206       1.9837      0.99994  5.28066e-06      1.66662     0.600176     -7.62863 
         -75      24.8368     0.999847      1.00011   0.00179176      5.45944      1.00026   0.00179204       1.9837      0.99994  5.25543e-06      1.66662     0.600176     -7.62863 
         -75      24.9052     0.999847      1.00011   0.00179174      5.45945      1.00026   0.00179201       1.9837      0.99994  5.22944e-06      1.66662     0.600176     -7.62863 
         -75      24.9737     0.999847      1.00011   0.00179171      5.45945      1.00026   0.00179199       1.9837      0.99994  5.20265e-06      1.66662     0.600176     -7.62863 
         -75      25.0423     0.999847      1.00011   0.00179169      5.45945      1.00026   0.00179196       1.9837      0.99994  5.17508e-06      1.66662     0.600176     -7.62863 
         -75      25.1109     0.999847      1.00011   0.00179166      5.45945      1.00026   0.00179194       1.9837      0.99994  5.14676e-06      1.66662     0.600175     -7.62863 
         -75      25.1796     0.999847      1.00011   0.00179164      5.45945      1.00026   0.00179191       1.9837      0.99994  5.11762e-06      1.66662     0.600175     -7.62863 
         -75      25.2485     0.999847      1.00011   0.00179162      5.45945      1.00026   0.00179189       1.9837      0.99994  5.08772e-06      1.66662     0.600175     -7.62863 
         -75      25.3174     0.999847      1.00011   0.00179159      5.45945      1.00026   0.00179187      1.98371      0.99994  5.05701e-06      1.66662     0.600175     -7.62863 
         -75      25.3864     0.999847      1.00011   0.00179157      5.45945      1.00026   0.00179184      1.98371      0.99994  5.02553e-06      1.66662     0.600175     -7.62863 
         -75      25.4556     0.999848      1.00011   0.00179154      5.45945      1.00026   0.00179182      1.98371      0.99994  4.99322e-06      1.66662     0.600175     -7.62863 
         -75      25.5248     0.999848      1.00011   0.00179152      5.45945      1.00026   0.00179179      1.98371      0.99994  4.96011e-06      1.66662     0.600175     -7.62863 
         -75      25.5941     0.999848      1.00011    0.0017915      5.45945      1.00026   0.00179177      1.98371      0.99994  4.92623e-06      1.66662     0.600175     -7.62863 
         -75      25.6635     0.999848      1.00011   0.00179147      5.45945      1.00026   0.00179175      1.98371      0.99994  4.89151e-06      1.66662     0.600174     -7.62863 
         -75       25.733     0.999848      1.00011   0.00179145      5.45945      1.00026   0.00179172      1.98371      0.99994  4.85601e-06      1.66662     0.600174     -7.62863 
         -75      25.8026     0.999848      1.00011   0.00179143      5.45945      1.00026    0.0017917      1.98371      0.99994  4.81967e-06      1.66662     0.600174     -7.62863 
         -75      25.8723     0.999848      1.00011    0.0017914      5.45945      1.00026   0.00179167      1.98371      0.99994  4.78254e-06      1.66662     0.600174     -7.62863 
         -75      25.9421     0.999848      1.00011   0.00179138      5.45945      1.00026   0.00179165      1.98371      0.99994  4.74457e-06      1.66662     0.600174     -7.62863 
         -75      26.0119     0.999848      1.00011   0.00179135      5.45945      1.00026   0.00179163      1.98371      0.99994   4.7058e-06      1.66662     0.600174     -7.62863 
         -75      26.0819     0.999848      1.00011   0.00179133      5.45945      1.00026    0.0017916      1.98371      0.99994  4.66617e-06      1.66662     0.600174     -7.62863 
         -75       26.152     0.999849      1.00011   0.00179131      5.45945      1.00026   0.00179158      1.98371      0.99994  4.62572e-06      1.66662     0.600174     -7.62863 
         -75      26.2221     0.999849      1.00011   0.00179128      5.45945      1.00026   0.00179155      1.98371      0.99994  4.58447e-06      1.66662     0.600173     -7.62863 
         -75      26.2924     0.999849      1.00011   0.00179126      5.45946      1.00026   0.00179153      1.98371      0.99994  4.54235e-06      1.66662     0.600173     -7.62863 
         -75      26.3627     0.999849      1.00011   0.00179124      5.45946      1.00026   0.00179151      1.98371      0.99994  4.49942e-06      1.66662     0.600173     -7.62863 
         -75      26.4332     0.999849      1.00011   0.00179121      5.45946      1.00026   0.00179148      1.98371      0.99994  4.45562e-06      1.66662     0.600173     -7.62863 
         -75      26.5037     0.999849      1.00011   0.00179119      5.45946      1.00026   0.00179146      1.98371     0.999941  4.41101e-06      1.66662     0.600173     -7.62863 
         -75      26.5744     0.999849      1.00011   0.00179117      5.45946      1.00026   0.00179144      1.98371     0.999941  4.36552e-06      1.66662     0.600173     -7.62863 
         -75      26.6451     0.999849      1.00011   0.00179114      5.45946      1.00026   0.00179141      1.98371     0.999941  4.31918e-06      1.66662     0.600173     -7.62863 
         -75      26.7159     0.999849      1.00011   0.00179112      5.45946      1.00026   0.00179139      1.98371     0.999941  4.27202e-06      1.66662     0.600173     -7.62863 
         -75      26.7868     0.999849      1.00011    0.0017911      5.45946      1.00026   0.00179137      1.98371     0.999941  4.22397e-06      1.66662     0.600172     -7.62863 
         -75      26.8578      0.99985      1.00011   0.00179107      5.45946      1.00026   0.00179134      1.98371     0.999941   4.1751e-06      1.66662     0.600172     -7.62863 
         -75      26.9289      0.99985      1.00011   0.00179105      5.45946      1.00026   0.00179132      1.98371     0.999941  4.12532e-06      1.66662     0.600172     -7.62863 
         -75      27.0001      0.99985      1.00011   0.00179103      5.45946      1.00026    0.0017913      1.98371     0.999941  4.07472e-06      1.66662     0.600172     -7.62863 
         -75      27.0714      0.99985      1.00011     0.001791      5.45946      1.00026   0.00179127      1.98371     0.999941   4.0232e-06      1.66662     0.600172     -7.62863 
         -75      27.1428      0.99985      1.00011   0.00179098      5.45946      1.00026   0.00179125      1.98371     0.999941  3.97086e-06      1.66662     0.600172     -7.62863 
         -75      27.2143      0.99985       1.0001   0.00179096      5.45946      1.00025   0.00179123      1.98371     0.999941   3.9176e-06      1.66662     0.600172     -7.62863 
         -75      27.2859      0.99985       1.0001   0.00179093      5.45946      1.00025    0.0017912      1.98371     0.999941  3.86346e-06      1.66662     0.600172     -7.62863 
         -75      27.3575      0.99985       1.0001   0.00179091      5.45946      1.00025   0.00179118      1.98371     0.999941  3.80848e-06      1.66662     0.600171     -7.62863 
         -75      27.4293      0.99985       1.0001   0.00179089      5.45946      1.00025   0.00179116      1.98371     0.999941  3.75257e-06      1.66662     0.600171     -7.62863 
         -75      27.5011      0.99985       1.0001   0.00179087      5.45946      1.00025   0.00179113      1.98371     0.999941  3.69582e-06      1.66662     0.600171     -7.62863 
         -75      27.5731     0.999851       1.0001   0.00179086      5.45946      1.00025   0.00179113      1.98371     0.999941  3.78025e-06      1.66662     0.600171     -7.24229 
         -75      27.6451     0.999851       1.0001   0.00179084      5.45946      1.00025    0.0017911      1.98371     0.999941  3.75084e-06      1.66662     0.600171     -7.24229 
         -75      27.7172     0.999851       1.0001   0.00179081      5.45947      1.00025   0.00179108      1.98371     0.999941  3.72197e-06      1.66662     0.600171     -7.24229 
         -75      27.7895     0.999851       1.0001   0.00179079      5.45947      1.00025   0.00179106      1.98371     0.999941  3.69365e-06      1.66662     0.600171     -7.24229 
         -75      27.8618     0.999851       1.0001   0.00179077      5.45947      1.00025   0.00179103      1.98371     0.999941   3.6659e-06      1.66662     0.600171     -7.24229 
         -75      27.9342     0.999851       1.0001   0.00179075      5.45947      1.00025   0.00179101      1.98371     0.999941  3.63869e-06      1.66662      0.60017     -7.24229 
         -75      28.0067     0.999851       1.0001   0.00179072      5.45947      1.00025   0.00179099      1.98371     0.999941  3.61207e-06      1.66662      0.60017     -7.24229 
         -75      28.0793     0.999851       1.0001    0.0017907      5.45947      1.00025   0.00179097      1.98372     0.999941  3.58599e-06      1.66662      0.60017     -7.24229 
         -75       28.152     0.999851       1.0001   0.00179068      5.45947      1.00025   0.00179094      1.98372     0.999941  3.56049e-06      1.66662      0.60017     -7.24229 
         -75      28.2248     0.999851       1.0001   0.00179066      5.45947      1.00025   0.00179092      1.98372     0.999941  3.53555e-06      1.66662      0.60017     -7.24229 
         -75      28.2977     0.999852       1.0001   0.00179063      5.45947      1.00025    0.0017909      1.98372     0.999941  3.51117e-06      1.66662      0.60017     -7.24229 
         -75      28.3706     0.999852       1.0001   0.00179061      5.45947      1.00025   0.00179088      1.98372     0.999941  3.48738e-06      1.66662      0.60017     -7.24229 
         -75      28.4437     0.999852       1.0001   0.00179059      5.45947      1.00025   0.00179086      1.98372     0.999941  3.46416e-06      1.66662      0.60017     -7.24229 
         -75      28.5169     0.999852       1.0001   0.00179057      5.45947      1.00025   0.00179083      1.98372     0.999941  3.44152e-06      1.66662      0.60017     -7.24229 
         -75      28.5902     0.999852       1.0001   0.00179055      5.45947      1.00025   0.00179081      1.98372     0.999941  3.41945e-06      1.66662     0.600169     -7.24229 
         -75      28.6635     0.999852       1.0001   0.00179053      5.45947      1.00025   0.00179079      1.98372     0.999941  3.39798e-06      1.66662     0.600169     -7.24229 
         -75       28.737     0.999852       1.0001    0.0017905      5.45947      1.00025   0.00179077      1.98372     0.999942  3.37708e-06      1.66662     0.600169     -7.24229 
         -75      28.8105     0.999852       1.0001   0.00179048      5.45947      1.00025   0.00179075      1.98372     0.999942  3.35678e-06      1.66662     0.600169     -7.24229 
         -75      28.8841     0.999852       1.0001   0.00179046      5.45947      1.00025   0.00179073      1.98372     0.999942  3.33705e-06      1.66662     0.600169     -7.24229 
         -75      28.9579     0.999852       1.0001   0.00179044      5.45947      1.00025   0.00179071      1.98372     0.999942  3.31791e-06      1.66662     0.600169     -7.24229 
         -75      29.0317     0.999853       1.0001   0.00179042      5.45947      1.00025   0.00179068      1.98372     0.999942  3.29939e-06      1.66662     0.600169     -7.24229 
         -75      29.1056     0.999853       1.0001    0.0017904      5.45948      1.00025   0.00179066      1.98372     0.999942  3.28144e-06      1.66662     0.600169     -7.24229 
         -75      29.1796     0.999853       1.0001   0.00179038      5.45948      1.00025   0.00179064      1.98372     0.999942  3.26411e-06      1.66662     0.600168     -7.24229 
         -75      29.2537     0.999853       1.0001   0.00179036      5.45948      1.00025   0.00179062      1.98372     0.999942  3.24736e-06      1.66662     0.600168     -7.24229 
         -75      29.3279     0.999853       1.0001   0.00179034      5.45948      1.00025    0.0017906      1.98372     0.999942  3.23124e-06      1.66662     0.600168     -7.24229 
         -75      29.4022     0.999853       1.0001   0.00179032      5.45948      1.00025   0.00179058      1.98372     0.999942   3.2157e-06      1.66662     0.600168     -7.24229 
         -75      29.4766     0.999853       1.0001    0.0017903      5.45948      1.00025   0.00179056      1.98372     0.999942  3.20077e-06      1.66662     0.600168     -7.24229 
         -75      29.5511     0.999853       1.0001   0.00179028      5.45948      1.00025   0.00179054      1.98372     0.999942  3.18647e-06      1.66662     0.600168     -7.24229 
         -75      29.6257     0.999853       1.0001   0.00179026      5.45948      1.00025   0.00179052      1.98372     0.999942  3.17277e-06      1.66662     0.600168     -7.24229 
         -75      29.7003     0.999853       1.0001   0.00179024      5.45948      1.00025    0.0017905      1.98372     0.999942  3.15969e-06      1.66662     0.600168     -7.24229 
         -75      29.7751     0.999853       1.0001   0.00179022      5.45948      1.00025   0.00179048      1.98372     0.999942  3.14722e-06      1.66662     0.600167     -7.24229 
         -75      29.8499     0.999854       1.0001    0.0017902      5.45948      1.00025   0.00179046      1.98372     0.999942  3.13538e-06      1.66662     0.600167     -7.24229 
         -75      29.9249     0.999854       1.0001   0.00179018      5.45948      1.00025   0.00179044      1.98372     0.999942  3.12415e-06      1.66662     0.600167     -7.24229 
         -75           30     0.999854       1.0001   0.00179016      5.45948      1.00025   0.00179042      1.98372     0.999942  3.11355e-06      1.66662     0.600167     -7.24229 
