Variables = x, y, rho, rhou, rhov, E, u, v, p, T, s, a, Mach, Sensor

Zone, I=2400, F=POINT
        -100            0     0.998151  0.000250077  3.45697e-06      4.95115  0.000250198  3.44719e-06      1.98046            1   0.00367922      1.66667  0.000129924     -4.24845 
        -100      4.6e-05     0.998151  0.000268564   3.7288e-06      4.95115  0.000268721  3.71963e-06      1.98046            1     0.003684      1.66667  0.000141081     -4.24845 
        -100     0.000187     0.998149  0.000325214   4.5612e-06      4.95115  0.000325484  4.55391e-06      1.98046            1   0.00369867      1.66667  0.000175268     -4.24845 
        -100     0.000422     0.998145   0.00041958  5.94589e-06      4.95115  0.000420037  5.94174e-06      1.98046      1.00001   0.00372313      1.66667  0.000232215     -4.24845 
        -100     0.000751      0.99814  0.000551585  7.87889e-06      4.95115  0.000552306  7.87913e-06      1.98046      1.00001   0.00375736      1.66668  0.000311876     -4.24845 
        -100     0.001174     0.998134  0.000721121  1.03546e-05      4.95115  0.000722182  1.03605e-05      1.98046      1.00002   0.00380137      1.66668  0.000414183     -4.24845 
        -100     0.001691     0.998126   0.00092805   1.3366e-05      4.95115   0.00092953  1.33787e-05      1.98046      1.00003   0.00385516      1.66669  0.000539053     -4.24845 
        -100     0.002302     0.998116    0.0011722  1.69041e-05      4.95115   0.00117418   1.6925e-05      1.98046      1.00004   0.00391873       1.6667  0.000686381     -4.24845 
        -100     0.003007     0.998106   0.00145338  2.09588e-05      4.95115   0.00145594   2.0989e-05      1.98046      1.00005   0.00399207      1.66671  0.000856046     -4.24845 
        -100     0.003806     0.998093   0.00177136   2.5518e-05      4.95115   0.00177457  2.55588e-05      1.98046      1.00006   0.00407518      1.66672   0.00104791     -4.24845 
        -100     0.004698      0.99808   0.00212547  3.05627e-05      4.95115   0.00212942  3.06152e-05      1.98046      1.00007   0.00416796      1.66673   0.00126156     -4.24845 
        -100     0.005685     0.998065   0.00251622   3.6089e-05      4.95115     0.002521  3.61544e-05      1.98046      1.00009   0.00427061      1.66674   0.00149731     -4.24845 
        -100     0.006766     0.998048    0.0029429  4.20746e-05      4.95115   0.00294858   4.2154e-05      1.98046       1.0001   0.00438303      1.66675   0.00175472     -4.24845 
        -100     0.007941     0.998031   0.00340514  4.85011e-05      4.95115   0.00341182  4.85958e-05      1.98046      1.00012    0.0045052      1.66677   0.00203357     -4.24845 
        -100     0.009209     0.998011   0.00390217  5.53434e-05      4.95115   0.00390995  5.54544e-05      1.98046      1.00014   0.00463703      1.66678    0.0023334     -4.24845 
        -100     0.010572     0.997991   0.00443436  6.25907e-05      4.95115   0.00444333  6.27193e-05      1.98045      1.00016   0.00477871       1.6668   0.00265441     -4.24845 
        -100      0.01203     0.997969   0.00500127  7.02198e-05      4.95115   0.00501152  7.03669e-05      1.98045      1.00018   0.00493025      1.66682   0.00299633     -4.24845 
        -100      0.01358     0.997945   0.00560126  7.81904e-05      4.95115   0.00561289  7.83572e-05      1.98045       1.0002   0.00509133      1.66684   0.00335818     -4.24845 
        -100     0.015225      0.99792   0.00623497  8.64919e-05      4.95115   0.00624809  8.66793e-05      1.98045      1.00023   0.00526224      1.66686   0.00374033     -4.24845 
        -100     0.016963     0.997894    0.0069011  9.50864e-05      4.95115   0.00691582  9.52954e-05      1.98045      1.00025   0.00544279      1.66688     0.004142     -4.24845 
        -100     0.018796     0.997866   0.00759986  0.000103954      4.95116   0.00761628  0.000104186      1.98045      1.00028   0.00563318       1.6669    0.0045633     -4.24845 
        -100     0.020722     0.997837   0.00832988  0.000113055      4.95116   0.00834812   0.00011331      1.98045      1.00031   0.00583318      1.66692    0.0050034     -4.24845 
        -100     0.022743     0.997807    0.0090913  0.000122365      4.95116   0.00911147  0.000122645      1.98045      1.00034     0.006043      1.66695   0.00546238     -4.24845 
        -100     0.024857     0.997775   0.00988269  0.000131842      4.95117   0.00990492  0.000132147      1.98045      1.00037   0.00626244      1.66698   0.00593937     -4.24845 
        -100     0.027066     0.997741    0.0107041  0.000141457      4.95118    0.0107285  0.000141789      1.98045       1.0004   0.00649168        1.667   0.00643441     -4.24845 
        -100      0.02937     0.997707    0.0115548  0.000151175      4.95118    0.0115816  0.000151534      1.98045      1.00044   0.00673072      1.66703   0.00694704     -4.24845 
        -100     0.031765     0.997671    0.0124327  0.000160939      4.95119    0.0124619  0.000161325      1.98044      1.00047   0.00697915      1.66706   0.00747592     -4.24845 
        -100     0.034256     0.997633    0.0133386  0.000170729       4.9512    0.0133704  0.000171144      1.98044      1.00051   0.00723746      1.66709   0.00802168     -4.24845 
        -100      0.03684     0.997595    0.0142708  0.000180491      4.95121    0.0143054  0.000180935      1.98044      1.00055   0.00750535      1.66712   0.00858315     -4.24845 
        -100     0.039519     0.997555    0.0152291  0.000190189      4.95122    0.0152666  0.000190664      1.98044      1.00059   0.00778301      1.66716   0.00916026     -4.24845 
        -100     0.042291     0.997513     0.016212   0.00019977      4.95124    0.0162524  0.000200276      1.98044      1.00063   0.00807023      1.66719   0.00975203     -4.24845 
        -100     0.045158      0.99747    0.0172191  0.000209195      4.95125    0.0172628  0.000209732      1.98044      1.00067   0.00836721      1.66723    0.0103583     -4.24845 
        -100      0.04812     0.997426    0.0182496  0.000218414      4.95127    0.0182967  0.000218983      1.98044      1.00072   0.00867393      1.66726    0.0109786     -4.24845 
        -100     0.051173     0.997381    0.0193012  0.000227366      4.95129    0.0193519  0.000227967      1.98044      1.00076   0.00898997       1.6673    0.0116114     -4.24845 
        -100     0.054322     0.997334    0.0203745  0.000236013      4.95131    0.0204289  0.000236647      1.98044      1.00081   0.00931585      1.66734    0.0122572     -4.24845 
        -100     0.057563     0.997286    0.0214672  0.000244292      4.95133    0.0215255  0.000244959      1.98044      1.00086   0.00965113      1.66738    0.0129144     -4.24845 
        -100     0.060901     0.997236    0.0225799   0.00025216      4.95136    0.0226424   0.00025286      1.98044      1.00091   0.00999633      1.66742    0.0135836     -4.24845 
        -100      0.06433     0.997186    0.0237095  0.000259546      4.95138    0.0237763   0.00026028      1.98044      1.00096    0.0103508      1.66747    0.0142627     -4.24845 
        -100     0.067855     0.997134    0.0248565  0.000266403      4.95141    0.0249278  0.000267171      1.98044      1.00101    0.0107151      1.66751    0.0149522     -4.24845 
        -100     0.071475      0.99708    0.0260194   0.00027267      4.95145    0.0260956  0.000273472      1.98044      1.00107     0.011089      1.66756     0.015651     -4.24845 
        -100     0.075186     0.997026    0.0271959  0.000278278      4.95148     0.027277  0.000279115      1.98045      1.00112    0.0114722       1.6676    0.0163577     -4.24845 
        -100     0.078993      0.99697    0.0283862  0.000283172      4.95152    0.0284725  0.000284043      1.98045      1.00118    0.0118652      1.66765    0.0170726     -4.24845 
        -100     0.082892     0.996913    0.0295879  0.000287284      4.95156    0.0296797  0.000288189      1.98045      1.00124    0.0122675       1.6677     0.017794     -4.24845 
        -100     0.086888     0.996854    0.0308012  0.000290551      4.95161    0.0308987  0.000291491      1.98045       1.0013    0.0126796      1.66775    0.0185222     -4.24845 
        -100     0.090974     0.996795    0.0323136  0.000307286      4.95166    0.0324172  0.000308264      1.98045      1.00136    0.0131009       1.6678     0.019438     -4.31051 
        -100     0.095158      0.99673    0.0336928  0.000310603       4.9517    0.0338032  0.000311618      1.98045      1.00142    0.0135453      1.66785    0.0202683     -4.31051 
        -100     0.099432     0.996665    0.0351012  0.000313789      4.95174    0.0352186   0.00031484      1.98045      1.00149    0.0139988      1.66791    0.0211163     -4.31051 
        -100     0.103804     0.996597    0.0365415  0.000316836      4.95179    0.0366663  0.000317924      1.98045      1.00155    0.0144623      1.66796    0.0219835     -4.31051 
        -100      0.10827     0.996529    0.0380123  0.000319728      4.95184    0.0381448  0.000320851      1.98045      1.00162    0.0149351      1.66802    0.0228691     -4.31051 
        -100     0.112826     0.996459    0.0395123  0.000322448      4.95189    0.0396528  0.000323607      1.98044      1.00169     0.015417      1.66807    0.0237723     -4.31051 
        -100      0.11748     0.996388     0.041044  0.000324987      4.95195    0.0411929  0.000326181      1.98044      1.00176    0.0159087      1.66813    0.0246947     -4.31051 
        -100     0.122224     0.996315    0.0426048  0.000327326      4.95201    0.0427625  0.000328554      1.98044      1.00183    0.0164093      1.66819    0.0256347     -4.31051 
        -100     0.127066     0.996241    0.0441973  0.000329453      4.95208    0.0443642  0.000330714      1.98044      1.00191    0.0169196      1.66825    0.0265939     -4.31051 
        -100     0.131998     0.996166    0.0458189   0.00033135      4.95214    0.0459953  0.000332644      1.98044      1.00198    0.0174388      1.66832    0.0275706     -4.31051 
        -100     0.137027      0.99609    0.0474717  0.000333004      4.95222    0.0476582   0.00033433      1.98043      1.00206    0.0179675      1.66838    0.0285662     -4.31051 
        -100     0.142151     0.996012    0.0491551  0.000334398       4.9523    0.0493521  0.000335755      1.98043      1.00213    0.0185056      1.66844    0.0295803     -4.31051 
        -100     0.147365     0.995933    0.0508675  0.000335515      4.95238    0.0510754  0.000336902      1.98043      1.00221    0.0190524      1.66851     0.030612     -4.31051 
        -100     0.152677     0.995853    0.0526114   0.00033634      4.95246    0.0528306  0.000337757      1.98043      1.00229    0.0196087      1.66858    0.0316627     -4.31051 
        -100     0.158079     0.995771    0.0543841  0.000336855      4.95256    0.0546152    0.0003383      1.98043      1.00237    0.0201737      1.66864    0.0327309     -4.31051 
        -100     0.163579     0.995688    0.0561883  0.000337044      4.95265    0.0564317  0.000338516      1.98043      1.00246    0.0207482      1.66871    0.0338181     -4.31051 
        -100     0.169168     0.995605     0.058021  0.000336889      4.95276    0.0582772  0.000338386      1.98043      1.00254    0.0213311      1.66878    0.0349225     -4.31051 
        -100     0.174856     0.995519    0.0598854  0.000336372      4.95286    0.0601549  0.000337894      1.98043      1.00263    0.0219236      1.66885    0.0360462     -4.31051 
        -100     0.180634     0.995433    0.0617784  0.000335477      4.95298    0.0620619  0.000337021      1.98042      1.00271    0.0225245      1.66893    0.0371872     -4.31051 
        -100      0.18651     0.995345    0.0637028  0.000334183       4.9531    0.0640007  0.000335748      1.98042       1.0028    0.0231347        1.669    0.0383473     -4.31051 
        -100      0.19248     0.995256    0.0656571  0.000332473      4.95322      0.06597  0.000334057      1.98042      1.00289    0.0237538      1.66907    0.0395254     -4.31051 
        -100     0.198539     0.995166    0.0676397  0.000330329      4.95336    0.0679682  0.000331931      1.98042      1.00298    0.0243812      1.66915    0.0407208     -4.31051 
        -100     0.204697     0.995075    0.0696538  0.000327729      4.95349    0.0699985  0.000329347      1.98042      1.00307    0.0250178      1.66923    0.0419352     -4.31051 
        -100     0.210944     0.994982    0.0716961  0.000324658      4.95364    0.0720576   0.00032629      1.98042      1.00317    0.0256626       1.6693    0.0431667     -4.31051 
        -100      0.21729     0.994889    0.0737698  0.000321091      4.95379    0.0741487  0.000322735      1.98042      1.00326    0.0263166      1.66938    0.0444173     -4.31051 
        -100     0.223725     0.994794    0.0758716  0.000317014      4.95395    0.0762686  0.000318668      1.98042      1.00336    0.0269786      1.66946     0.045685     -4.31051 
        -100      0.23026     0.994698    0.0780051    0.0003124      4.95412    0.0784208   0.00031406      1.98042      1.00345    0.0276499      1.66954    0.0469718     -4.31051 
        -100     0.236888     0.994601    0.0801679  0.000307231      4.95429     0.080603  0.000308897      1.98042      1.00355    0.0283295      1.66962    0.0482765     -4.31051 
        -100     0.243605     0.994502    0.0823587  0.000301491      4.95447    0.0828139   0.00030316      1.98042      1.00365    0.0290171      1.66971    0.0495982     -4.31051 
        -100     0.250421     0.994403    0.0845807  0.000295151      4.95466    0.0850568  0.000296819      1.98043      1.00375    0.0297137      1.66979    0.0509389     -4.31051 
        -100     0.257326     0.994303    0.0868305  0.000288198      4.95486    0.0873282  0.000289863      1.98043      1.00385    0.0304181      1.66988    0.0522965     -4.31051 
        -100      0.26433     0.994201    0.0891115    0.0002806      4.95506    0.0896315  0.000282259      1.98043      1.00396    0.0311313      1.66996     0.053673     -4.31051 
        -100     0.271423     0.994097    0.0914293  0.000282567      4.95525    0.0919685  0.000284274      1.98042      1.00406    0.0318315      1.67004    0.0550708     -4.05652 
        -100     0.278615     0.993993    0.0937715  0.000277294      4.95546    0.0943354  0.000278991      1.98042      1.00416    0.0325545      1.67013    0.0564849     -4.05652 
        -100     0.285901     0.993889    0.0961434  0.000272058      4.95569    0.0967327  0.000273746      1.98042      1.00427    0.0332827      1.67022     0.057917     -4.05652 
        -100     0.293276     0.993783    0.0985433  0.000266866      4.95592    0.0991587  0.000268545      1.98041      1.00437    0.0340157      1.67031    0.0593661     -4.05652 
        -100      0.30075     0.993677     0.100975  0.000261717      4.95616     0.101617  0.000263386      1.98041      1.00448    0.0347541       1.6704    0.0608342     -4.05652 
        -100     0.308312      0.99357     0.103433  0.000256621      4.95641     0.104103  0.000258281      1.98041      1.00459    0.0354968      1.67048    0.0623192     -4.05652 
        -100     0.315975     0.993462     0.105924  0.000251573      4.95667     0.106622  0.000253224      1.98041      1.00469    0.0362449      1.67057    0.0638234     -4.05652 
        -100     0.323725     0.993354     0.108442  0.000246589      4.95694     0.109169  0.000248231      1.98041       1.0048    0.0369968      1.67066    0.0653443     -4.05652 
        -100     0.331575     0.993245     0.110991  0.000241663      4.95722     0.111748  0.000243296      1.98041      1.00491    0.0377536      1.67076    0.0668842     -4.05652 
        -100     0.339513     0.993136     0.113568  0.000236808      4.95751     0.114355  0.000238433       1.9804      1.00502    0.0385141      1.67085    0.0684409     -4.05652 
        -100     0.347552     0.993026     0.116177   0.00023202       4.9578     0.116995  0.000233636       1.9804      1.00513    0.0392791      1.67094    0.0700169     -4.05652 
        -100     0.355684     0.992916     0.118814  0.000227309      4.95811     0.119664  0.000228916       1.9804      1.00524    0.0400479      1.67103    0.0716105     -4.05652 
        -100     0.363904     0.992805     0.121479  0.000222681      4.95843     0.122362  0.000224281       1.9804      1.00536    0.0408198      1.67112    0.0732208     -4.05652 
        -100     0.372225     0.992693     0.124176  0.000218135      4.95876     0.125092  0.000219727       1.9804      1.00547    0.0415958      1.67122    0.0748504     -4.05652 
        -100     0.380633     0.992581     0.126899  0.000213683       4.9591      0.12785  0.000215267       1.9804      1.00558    0.0423743      1.67131    0.0764963     -4.05652 
        -100     0.389141     0.992469     0.129654  0.000209322      4.95946      0.13064  0.000210898      1.98039      1.00569    0.0431566       1.6714    0.0781613     -4.05652 
        -100     0.397737     0.992356     0.132436  0.000205064      4.95982     0.133458  0.000206632      1.98039      1.00581    0.0439412       1.6715    0.0798428     -4.05652 
        -100     0.406433     0.992243     0.135249  0.000200907       4.9602     0.136308  0.000202468      1.98039      1.00592     0.044729      1.67159    0.0815433     -4.05652 
        -100     0.415224      0.99213     0.138091  0.000196859      4.96059     0.139188  0.000198414      1.98039      1.00603    0.0455194      1.67169    0.0832617     -4.05652 
        -100     0.424102     0.992016     0.140961  0.000192928      4.96099     0.142096  0.000194476      1.98039      1.00615    0.0463116      1.67178    0.0849964     -4.05652 
        -100      0.43308     0.991902     0.143861  0.000189114       4.9614     0.145036  0.000190656      1.98039      1.00626    0.0471064      1.67188      0.08675     -4.05652 
        -100     0.442146     0.991788     0.146788  0.000185427      4.96183     0.148003  0.000186963      1.98039      1.00638    0.0479026      1.67197    0.0885202     -4.05652 
        -100     0.451312     0.991673     0.149746  0.000181867      4.96227     0.151003  0.000183397      1.98038      1.00649     0.048701      1.67207    0.0903091     -4.05652 
        -100     0.460566     0.991558     0.152731  0.000178444      4.96272      0.15403  0.000179969      1.98038      1.00661    0.0495005      1.67217    0.0921145     -4.05652 
        -100      0.46992     0.991444     0.155746  0.000175159      4.96318     0.157089  0.000176678      1.98038      1.00673    0.0503018      1.67226    0.0939386     -4.05652 
        -100     0.479369     0.991328     0.158791  0.000172019      4.96367     0.160179  0.000173533      1.98038      1.00684    0.0511043      1.67236    0.0957806     -4.05652 
        -100     0.488904     0.991213     0.161862  0.000169032      4.96416     0.163295  0.000170542      1.98038      1.00696    0.0519071      1.67246    0.0976385     -4.05652 
        -100     0.498541     0.991098     0.164964  0.000166198      4.96467     0.166444  0.000167704      1.98038      1.00707    0.0527112      1.67255    0.0995156     -4.05652 
        -100     0.508264     0.990983     0.168092  0.000163528      4.96519      0.16962   0.00016503      1.98038      1.00719    0.0535152      1.67265     0.101409     -4.05652 
        -100     0.518089     0.990868     0.171252  0.000161023      4.96573     0.172828  0.000162522      1.98037      1.00731    0.0543201      1.67275     0.103321     -4.05652 
        -100        0.528     0.990752     0.174437  0.000158693      4.96629     0.176063  0.000160188      1.98037      1.00742    0.0551244      1.67284     0.105249     -4.05652 
        -100     0.538012     0.990637     0.177653  0.000156539      4.96686      0.17933  0.000158032      1.98037      1.00754    0.0559291      1.67294     0.107195     -4.05652 
        -100     0.548111     0.990522     0.180895   0.00015457      4.96744     0.182625   0.00015606      1.98037      1.00766    0.0567328      1.67304     0.109158     -4.05652 
        -100     0.558312     0.990407     0.184169  0.000152789      4.96805     0.185951  0.000154278      1.98037      1.00777    0.0575366      1.67313      0.11114     -4.05652 
        -100     0.568607     0.990292      0.18747  0.000151204      4.96867     0.189307  0.000152691      1.98037      1.00789    0.0583396      1.67323     0.113139     -4.05652 
        -100     0.578987     0.990178     0.190797  0.000149821       4.9693      0.19269  0.000151307      1.98037      1.00801    0.0591408      1.67333     0.115154     -4.05652 
        -100      0.58947     0.990063     0.194155  0.000148644      4.96995     0.196105  0.000150129      1.98037      1.00812    0.0599414      1.67342     0.117188     -4.05652 
        -100     0.600039     0.989949     0.197539   0.00014768      4.97063     0.199546  0.000149165      1.98037      1.00824    0.0607399      1.67352     0.119237     -4.05652 
        -100      0.61071     0.989835     0.200954  0.000146935      4.97131      0.20302   0.00014842      1.98036      1.00835    0.0615373      1.67361     0.121306     -4.05652 
        -100     0.621466     0.989728     0.204292  0.000141856      4.97195     0.206379  0.000143341      1.98037      1.00847    0.0623078      1.67371     0.123316     -3.45396 
        -100     0.632325     0.989614     0.207779  0.000142024      4.97269     0.209933  0.000143524      1.98037      1.00858    0.0631048       1.6738      0.12543     -3.45396 
        -100     0.643278     0.989499     0.211294  0.000142262      4.97344     0.213515  0.000143777      1.98037       1.0087    0.0638997       1.6739     0.127561     -3.45396 
        -100     0.654316     0.989386     0.214833   0.00014257      4.97421     0.217122  0.000144103      1.98037      1.00881    0.0646916      1.67399     0.129707     -3.45396 
        -100     0.665457     0.989272     0.218403  0.000142952      4.97499     0.220759  0.000144502      1.98036      1.00893    0.0654816      1.67409     0.131872     -3.45396 
        -100     0.676684     0.989159     0.221997  0.000143407       4.9758     0.224422  0.000144978      1.98036      1.00904    0.0662681      1.67418     0.134051     -3.45396 
        -100     0.688013     0.989047     0.225621   0.00014394      4.97662     0.228116  0.000145531      1.98036      1.00915    0.0670522      1.67428     0.136248     -3.45396 
        -100     0.699427     0.988935     0.229269   0.00014455      4.97746     0.231834  0.000146163      1.98036      1.00927    0.0678323      1.67437      0.13846     -3.45396 
        -100     0.710944     0.988823     0.232947  0.000145241      4.97833     0.235583  0.000146877      1.98035      1.00938    0.0686094      1.67446     0.140691     -3.45396 
        -100     0.722546     0.988712     0.236649  0.000146013      4.97921     0.239356  0.000147673      1.98035      1.00949    0.0693822      1.67456     0.142935     -3.45396 
        -100     0.734251     0.988602     0.240381   0.00014687      4.98011      0.24316  0.000148555      1.98035       1.0096    0.0701515      1.67465     0.145198     -3.45396 
        -100      0.74605     0.988492      0.24414  0.000147812      4.98103     0.246992  0.000149524      1.98035      1.00971    0.0709165      1.67474     0.147477     -3.45396 
        -100     0.757934     0.988383     0.247922  0.000148841      4.98197     0.250847  0.000150581      1.98034      1.00982    0.0716764      1.67483     0.149771     -3.45396 
        -100     0.769921     0.988275     0.251734   0.00014996      4.98294     0.254733   0.00015173      1.98034      1.00993    0.0724321      1.67492     0.152083     -3.45396 
        -100     0.781992     0.988167     0.255569  0.000151169      4.98392     0.258643  0.000152971      1.98034      1.01004     0.073182      1.67501     0.154409     -3.45396 
        -100     0.794167     0.988061     0.259434  0.000152473      4.98493     0.262584  0.000154307      1.98034      1.01015    0.0739273       1.6751     0.156753     -3.45396 
        -100     0.806427     0.987955     0.263323  0.000153871      4.98596     0.266548  0.000155739      1.98033      1.01026    0.0746664      1.67519     0.159111     -3.45396 
        -100      0.81879     0.987849     0.267241  0.000155367      4.98701     0.270542  0.000157271      1.98033      1.01036    0.0754003      1.67528     0.161487     -3.45396 
        -100     0.831247     0.987745     0.271185  0.000156962      4.98808     0.274564  0.000158903      1.98033      1.01047     0.076128      1.67537     0.163878     -3.45396 
        -100     0.843789     0.987642     0.275152  0.000158658      4.98918     0.278609  0.000160637      1.98033      1.01057    0.0768489      1.67546     0.166285     -3.45396 
        -100     0.856434     0.987539     0.279148  0.000160457      4.99029     0.282684  0.000162477      1.98032      1.01068    0.0775637      1.67554     0.168708     -3.45396 
        -100     0.869163     0.987438     0.283167  0.000162361      4.99144     0.286782  0.000164422      1.98032      1.01078    0.0782709      1.67563     0.171146     -3.45396 
        -100     0.881997     0.987338     0.287216  0.000164373       4.9926      0.29091  0.000166478      1.98032      1.01088    0.0789717      1.67571     0.173601     -3.45396 
        -100     0.894914     0.987238     0.291286  0.000166493      4.99379     0.295062  0.000168643      1.98032      1.01098    0.0796643      1.67579      0.17607     -3.45396 
        -100     0.907935      0.98714     0.295386  0.000168726      4.99501     0.299243  0.000170923      1.98032      1.01108    0.0803498      1.67588     0.178557     -3.45396 
        -100      0.92105     0.987043     0.299511  0.000171072      4.99625      0.30345  0.000173318      1.98032      1.01118    0.0810273      1.67596     0.181059     -3.45396 
        -100     0.934249     0.986948     0.303659  0.000173532      4.99751     0.307681  0.000175828      1.98031      1.01128     0.081696      1.67604     0.183575     -3.45396 
        -100     0.947553     0.986853     0.307836  0.000176112       4.9988     0.311941   0.00017846      1.98031      1.01137    0.0823567      1.67612     0.186108     -3.45396 
        -100      0.96094      0.98676     0.312035   0.00017881      5.00012     0.316223  0.000181212      1.98031      1.01147     0.083008       1.6762     0.188655     -3.45396 
        -100     0.974431     0.986668     0.316262  0.000181631      5.00146     0.320535  0.000184089      1.98031      1.01156    0.0836506      1.67627     0.191219     -3.45396 
        -100     0.988006     0.986577     0.320511  0.000184575      5.00283      0.32487   0.00018709      1.98031      1.01165    0.0842834      1.67635     0.193797     -3.45396 
        -100      1.00168     0.986488     0.324789  0.000187646      5.00422     0.329234  0.000190222      1.98031      1.01174    0.0849069      1.67642     0.196392     -3.45396 
        -100      1.01545     0.986401     0.329088  0.000190844      5.00564      0.33362  0.000193481       1.9803      1.01183      0.08552       1.6765        0.199     -3.45396 
        -100      1.02931     0.986314     0.333416  0.000194175       5.0071     0.338035  0.000196876       1.9803      1.01192    0.0861232      1.67657     0.201625     -3.45396 
        -100      1.04328      0.98623     0.337769   0.00019764      5.00857     0.342476  0.000200406       1.9803      1.01201    0.0867159      1.67664     0.204266     -3.45396 
        -100      1.05732     0.986147     0.342142  0.000201236      5.01008     0.346938  0.000204069       1.9803      1.01209    0.0872971      1.67671     0.206919     -3.45396 
        -100      1.07147     0.986065     0.346545  0.000204973      5.01162      0.35143  0.000207876       1.9803      1.01217    0.0878677      1.67678      0.20959     -3.45396 
        -100       1.0857     0.985985     0.350968  0.000208846      5.01318     0.355943  0.000211821       1.9803      1.01226    0.0884264      1.67685     0.212273     -3.45396 
        -100      1.10004     0.985907     0.355419  0.000212864      5.01478     0.360486  0.000215913       1.9803      1.01234    0.0889737      1.67691     0.214974     -3.45396 
        -100      1.11446     0.985831     0.359891  0.000217024       5.0164     0.365049  0.000220149       1.9803      1.01241    0.0895084      1.67698     0.217687     -3.45396 
        -100      1.12899     0.985757     0.364391  0.000221333      5.01806     0.369642  0.000224536      1.98029      1.01249    0.0900312      1.67704     0.220417     -3.45396 
        -100      1.14361     0.985684     0.368915  0.000225791      5.01974     0.374259  0.000229075      1.98029      1.01256    0.0905413       1.6771     0.223162     -3.45396 
        -100      1.15831     0.985613      0.37346  0.000230396      5.02146     0.378897  0.000233763      1.98029      1.01264    0.0910379      1.67716      0.22592     -3.45396 
        -100      1.17312     0.985544     0.378033  0.000235159      5.02321     0.383564  0.000238611      1.98029      1.01271    0.0915216      1.67722     0.228694     -3.45396 
        -100      1.18801     0.985478     0.382626  0.000240074      5.02498     0.388252  0.000243614      1.98029      1.01277    0.0919913      1.67728     0.231481     -3.45396 
        -100        1.203     0.985413     0.387246  0.000245151       5.0268     0.392968  0.000248781      1.98029      1.01284    0.0924473      1.67733     0.234284     -3.45396 
        -100      1.21808      0.98535     0.391886  0.000250385      5.02864     0.397705  0.000254107      1.98029      1.01291    0.0928887      1.67739       0.2371     -3.45396 
        -100      1.23326     0.985289     0.396554  0.000255787      5.03052      0.40247  0.000259603      1.98029      1.01297    0.0933159      1.67744     0.239933     -3.45396 
        -100      1.24854     0.985231     0.401245  0.000261354      5.03243      0.40726  0.000265267      1.98029      1.01303    0.0937281      1.67749     0.242779     -3.45396 
        -100       1.2639     0.985175     0.405956  0.000267084      5.03437     0.412069  0.000271097      1.98029      1.01309    0.0941247      1.67754     0.245638     -3.45396 
        -100      1.27937     0.985121     0.410694  0.000272989      5.03635     0.416907  0.000277105      1.98029      1.01314    0.0945061      1.67758     0.248514     -3.45396 
        -100      1.29491     0.985069     0.415452  0.000279063      5.03837     0.421765  0.000283283      1.98029       1.0132    0.0948712      1.67763     0.251401     -3.45396 
        -100      1.31057      0.98502     0.420236  0.000285317      5.04042      0.42665  0.000289644      1.98029      1.01325    0.0952204      1.67767     0.254304     -3.45396 
        -100       1.3263     0.984973      0.42504  0.000291744       5.0425     0.431556  0.000296181      1.98029      1.01329    0.0955527      1.67771      0.25722     -3.45396 
        -100      1.34214      0.98498     0.428324  0.000123401      5.04306     0.434747  0.000125222      1.98054      1.01342    0.0961361      1.67781     0.259127     -3.06707 
        -100      1.35807      0.98494      0.43333  0.000142889      5.04542     0.439863  0.000145038      1.98053      1.01345     0.096373      1.67784     0.262169     -3.06707 
        -100       1.3741     0.984902     0.438349  0.000162242      5.04779     0.444992  0.000164715      1.98051      1.01348    0.0965992      1.67786     0.265219     -3.06707 
        -100      1.39022     0.984866     0.443378   0.00018144      5.05019     0.450129  0.000184234      1.98049      1.01351    0.0968143      1.67789     0.268274     -3.06707 
        -100      1.40643     0.984831      0.44841  0.000200463       5.0526     0.455268  0.000203574      1.98048      1.01354     0.097018      1.67791     0.271331     -3.06707 
        -100      1.42274     0.984798     0.453455  0.000219337      5.05503     0.460419  0.000222761      1.98046      1.01356    0.0972104      1.67793     0.274395     -3.06707 
        -100      1.43913     0.984766     0.458503  0.000238027      5.05748     0.465572   0.00024176      1.98044      1.01359    0.0973909      1.67795      0.27746     -3.06707 
        -100      1.45563     0.984736     0.463563  0.000256558      5.05995     0.470735  0.000260596      1.98043      1.01361    0.0975597      1.67797     0.280533     -3.06707 
        -100      1.47221     0.984709     0.468626  0.000274895      5.06244       0.4759  0.000279234      1.98041      1.01363    0.0977162      1.67798     0.283606     -3.06707 
        -100       1.4889     0.984682     0.473699  0.000293063      5.06495     0.481074  0.000297699       1.9804      1.01365    0.0978604        1.678     0.286685     -3.06707 
        -100      1.50568     0.984658     0.478779  0.000311043      5.06748     0.486253  0.000315971      1.98038      1.01366     0.097992      1.67801     0.289768     -3.06707 
        -100      1.52255     0.984636      0.48386  0.000328814      5.07003     0.491432   0.00033403      1.98037      1.01368    0.0981107      1.67803     0.292851     -3.06707 
        -100      1.53952     0.984616     0.488952  0.000346403       5.0726     0.496619  0.000351902      1.98035      1.01369    0.0982164      1.67804      0.29594     -3.06707 
        -100      1.55657     0.984598     0.494044  0.000363773      5.07518     0.501806   0.00036955      1.98034       1.0137    0.0983088      1.67805     0.299029     -3.06707 
        -100      1.57372     0.984581     0.499145  0.000380949      5.07779        0.507     0.000387      1.98032      1.01371    0.0983878      1.67805     0.302122     -3.06707 
        -100      1.59096     0.984567     0.504246  0.000397899      5.08042     0.512193  0.000404218      1.98031      1.01372    0.0984529      1.67806     0.305215     -3.06707 
        -100      1.60831     0.984555     0.509355  0.000414643      5.08307     0.517392  0.000421227       1.9803      1.01373    0.0985042      1.67807     0.308313     -3.06707 
        -100      1.62573     0.984545     0.514464   0.00043115      5.08574     0.522589  0.000437993      1.98028      1.01373    0.0985411      1.67807     0.311409     -3.06707 
        -100      1.64327     0.984537      0.51958  0.000447443      5.08843     0.527792  0.000454539      1.98027      1.01373    0.0985637      1.67807      0.31451     -3.06707 
        -100       1.6609     0.984531     0.524698  0.000463501      5.09114     0.532996  0.000470845      1.98026      1.01373    0.0985716      1.67807     0.317611     -3.06707 
        -100      1.67861     0.984528     0.529816  0.000479309      5.09386     0.538196  0.000486896      1.98024      1.01373    0.0985646      1.67807     0.320711     -3.06707 
        -100      1.69642     0.984527     0.534939  0.000494885      5.09662     0.543401  0.000502709      1.98023      1.01372    0.0985424      1.67806     0.323814     -3.06707 
        -100      1.71432     0.984528      0.54006  0.000510199      5.09938     0.548601  0.000518255      1.98022      1.01371    0.0985049      1.67806     0.326915     -3.06707 
        -100      1.73232     0.984531     0.545186  0.000525271      5.10218     0.553805  0.000533553      1.98021      1.01371    0.0984517      1.67805     0.330018     -3.06707 
        -100      1.75041     0.984537     0.550308  0.000540072      5.10499     0.559004  0.000548574       1.9802      1.01369    0.0983827      1.67804     0.333119     -3.06707 
        -100       1.7686     0.984546     0.555435  0.000554619      5.10782     0.564205  0.000563336      1.98019      1.01368    0.0982975      1.67803     0.336222     -3.06707 
        -100      1.78689     0.984556     0.560563  0.000568897      5.11068     0.569404  0.000577821      1.98018      1.01366    0.0981959      1.67801     0.339325     -3.06707 
        -100      1.80525      0.98457     0.565685  0.000582887      5.11355     0.574597  0.000592014      1.98017      1.01364    0.0980778        1.678     0.342423     -3.06707 
        -100      1.82373     0.984585     0.570811  0.000596608      5.11645     0.579791   0.00060593      1.98016      1.01362    0.0979427      1.67798     0.345524     -3.06707 
        -100      1.84228     0.984604     0.575932  0.000610031      5.11937     0.584977  0.000619542      1.98015       1.0136    0.0977907      1.67796      0.34862     -3.06707 
        -100      1.86094     0.984624     0.581055  0.000623173      5.12231     0.590164  0.000632867      1.98014      1.01357    0.0976211      1.67794     0.351717     -3.06707 
        -100      1.87968     0.984648     0.586171  0.000636008      5.12527     0.595342  0.000645878      1.98013      1.01355    0.0974342      1.67792     0.354809     -3.06707 
        -100      1.89853     0.984674      0.59129   0.00064855      5.12825      0.60052   0.00065859      1.98012      1.01351    0.0972292      1.67789     0.357902     -3.06707 
        -100      1.91748     0.984703     0.596405  0.000660784      5.13126     0.605693  0.000670986      1.98012      1.01348     0.097006      1.67786     0.360993     -3.06707 
        -100       1.9365     0.984735     0.601513  0.000672695      5.13428     0.610856  0.000683052      1.98011      1.01344    0.0967647      1.67783     0.364078     -3.06707 
        -100      1.95563     0.984769     0.606621  0.000684295      5.13733     0.616017  0.000694801       1.9801      1.01341    0.0965046       1.6778     0.367162     -3.06707 
        -100      1.97484     0.984807     0.611721  0.000695562       5.1404     0.621167  0.000706209      1.98009      1.01336    0.0962258      1.67777     0.370241     -3.06707 
        -100      1.99416     0.984847     0.616821  0.000706507       5.1435     0.626315  0.000717288      1.98009      1.01332    0.0959276      1.67773     0.373319     -3.06707 
        -100      2.01356      0.98489     0.621911  0.000717108      5.14661     0.631451  0.000728015      1.98008      1.01327    0.0956103      1.67769      0.37639     -3.06707 
        -100      2.03307     0.984936        0.627  0.000727375      5.14975     0.636583  0.000738402      1.98008      1.01322    0.0952731      1.67765      0.37946     -3.06707 
        -100      2.05266     0.984985     0.632078  0.000737287      5.15291     0.641703  0.000748424      1.98007      1.01317    0.0949162      1.67761     0.382523     -3.06707 
        -100      2.07236     0.985037     0.637155  0.000746853      5.15609     0.646817  0.000758094      1.98007      1.01311    0.0945388      1.67756     0.385584     -3.06707 
        -100      2.09215     0.985092     0.642224   0.00075606       5.1593     0.651923  0.000767397      1.98007      1.01306     0.094141      1.67751      0.38864     -3.06707 
        -100      2.11202      0.98515     0.647283  0.000764895      5.16253     0.657014  0.000776319      1.98006      1.01299    0.0937227      1.67746     0.391688     -3.06707 
        -100      2.13199     0.985212     0.652337  0.000773366      5.16578     0.662099   0.00078487      1.98006      1.01293    0.0932832      1.67741     0.394733     -3.06707 
        -100      2.15205     0.985276      0.65738  0.000781455      5.16905     0.667169   0.00079303      1.98006      1.01286    0.0928227      1.67735      0.39777     -3.06707 
        -100      2.17222     0.985344     0.662418  0.000789167      5.17235     0.672232  0.000800805      1.98005      1.01279    0.0923404      1.67729     0.400803     -3.06707 
        -100      2.19246     0.985415     0.667442  0.000796486      5.17567     0.677279  0.000808178      1.98005      1.01272    0.0918366      1.67723     0.403827     -3.06707 
        -100      2.21282     0.985489     0.672461  0.000803416      5.17901     0.682318  0.000815154      1.98005      1.01264    0.0913104      1.67717     0.406847     -3.06707 
        -100      2.23327     0.985567     0.677471  0.000809946      5.18238     0.687344  0.000821721      1.98005      1.01256    0.0907618       1.6771     0.409861     -3.06707 
        -100      2.25379     0.985648     0.682465  0.000816065      5.18577     0.692352  0.000827867      1.98005      1.01248     0.090191      1.67703     0.412864     -3.06707 
        -100      2.27443     0.985733     0.687453  0.000821777      5.18919     0.697351  0.000833598      1.98005      1.01239    0.0895969      1.67696     0.415863     -3.06707 
        -100      2.29514     0.985821     0.692426  0.000827066      5.19263     0.702331  0.000838897      1.98005       1.0123    0.0889801      1.67689     0.418851     -3.06707 
        -100      2.31597     0.985912      0.69739  0.000831936      5.19609     0.707301  0.000843767      1.98006      1.01221    0.0883393      1.67681     0.421834     -3.06707 
        -100      2.33687     0.986007     0.702339  0.000836371      5.19958     0.712251  0.000848194      1.98006      1.01211    0.0876753      1.67673     0.424806     -3.06707 
        -100      2.35788     0.986106     0.707278  0.000840374      5.20309     0.717189  0.000852179      1.98006      1.01201    0.0869867      1.67665     0.427771     -3.06707 
        -100      2.37899     0.986209     0.712205  0.000843934      5.20662     0.722111  0.000855711      1.98006      1.01191    0.0862739      1.67656     0.430728     -3.06707 
        -100      2.40017     0.986315     0.717113  0.000847043      5.21018     0.727013  0.000858782      1.98007       1.0118     0.085537      1.67647     0.433673     -3.06707 
        -100      2.42147     0.986425     0.722012    0.0008497      5.21377       0.7319  0.000861391      1.98007      1.01169    0.0847747      1.67638      0.43661     -3.06707 
        -100      2.44284     0.986538     0.726892  0.000851894      5.21737     0.736766  0.000863527      1.98008      1.01158    0.0839878      1.67629     0.439536     -3.06707 
        -100      2.46432     0.986656      0.73176  0.000853622      5.22101     0.741618  0.000865188      1.98008      1.01146    0.0831749      1.67619     0.442454     -3.06707 
        -100      2.48588     0.986777      0.73661  0.000854876      5.22467     0.746446  0.000866363      1.98009      1.01134    0.0823368      1.67609     0.445359     -3.06707 
        -100      2.50755     0.986902     0.741447   0.00085565      5.22835     0.751259  0.000867049      1.98009      1.01121    0.0814721      1.67599     0.448255     -3.06707 
        -100       2.5293     0.987031     0.746263  0.000855938      5.23206     0.756048  0.000867238       1.9801      1.01108    0.0805818      1.67588     0.451138     -3.06707 
        -100      2.55116     0.987164     0.751066  0.000855734      5.23579      0.76082  0.000866924      1.98011      1.01095    0.0796641      1.67577     0.454012     -3.06707 
        -100      2.57311     0.987302     0.755852  0.000855031      5.23955     0.765571    0.0008661      1.98012      1.01082    0.0787196      1.67566     0.456874     -3.06707 
        -100      2.59514     0.987443     0.760616  0.000853823      5.24333     0.770297  0.000864761      1.98013      1.01068    0.0777485      1.67554     0.459722     -3.06707 
        -100      2.61728     0.987588     0.765364  0.000852102      5.24715     0.775005  0.000862898      1.98014      1.01053    0.0767492      1.67542      0.46256     -3.06707 
        -100       2.6395     0.987738     0.770091  0.000849865      5.25098     0.779686  0.000860507      1.98015      1.01038     0.075723       1.6753     0.465383     -3.06707 
        -100      2.66183     0.987892     0.774801  0.000847101      5.25484     0.784347  0.000857578      1.98016      1.01023    0.0746678      1.67517     0.468195     -3.06707 
        -100      2.68424      0.98805     0.779488  0.000843809      5.25873     0.788982  0.000854109      1.98017      1.01008     0.073585      1.67504     0.470992     -3.06707 
        -100      2.70675     0.988212     0.784157  0.000839976      5.26264     0.793595  0.000850087      1.98018      1.00992    0.0724727      1.67491     0.473777     -3.06707 
        -100      2.72937     0.988379     0.788806  0.000835598      5.26658     0.798183   0.00084551       1.9802      1.00975    0.0713314      1.67477     0.476549     -3.06707 
        -100      2.75205     0.987126     0.780619  0.000545916      5.25631     0.791084  0.000556589      1.98039      1.01112    0.0805843      1.67591     0.471923     -3.22603 
        -100      2.77485     0.987345     0.785626  0.000592251      5.26059     0.795945  0.000602954      1.98037      1.01089    0.0790129      1.67572      0.47489     -3.22603 
        -100      2.79773     0.987562     0.790596  0.000637917      5.26485     0.800767  0.000648648      1.98036      1.01066    0.0774496      1.67553     0.477833     -3.22603 
        -100      2.82071     0.987779     0.795534  0.000682976      5.26908     0.805559   0.00069373      1.98034      1.01043    0.0758921      1.67534     0.480758     -3.22603 
        -100      2.84378     0.987995     0.800432  0.000727347      5.27327      0.81031  0.000738121      1.98033       1.0102    0.0743431      1.67515      0.48366     -3.22603 
        -100      2.86695      0.98821     0.805297  0.000771089      5.27745     0.815029  0.000781879      1.98031      1.00998    0.0728004      1.67496     0.486541     -3.22603 
        -100       2.8902     0.988424     0.810122  0.000814124      5.28159     0.819707  0.000824927       1.9803      1.00975    0.0712664      1.67478     0.489398     -3.22603 
        -100      2.91357     0.988637     0.814912  0.000856508      5.28571     0.824351   0.00086732      1.98028      1.00953    0.0697389      1.67459     0.492234     -3.22603 
        -100      2.93702     0.988849     0.819664  0.000898198      5.28979     0.828957  0.000909016      1.98027      1.00931    0.0682193      1.67441     0.495047     -3.22603 
        -100      2.96055      0.98906     0.824373  0.000939149      5.29384      0.83352  0.000949969      1.98026      1.00909    0.0667091      1.67422     0.497834     -3.22603 
        -100       2.9842      0.98927     0.829045   0.00097942      5.29787     0.838046  0.000990237      1.98025      1.00887    0.0652059      1.67404     0.500599     -3.22603 
        -100      3.00792     0.989479     0.833673   0.00101893      5.30186     0.842528   0.00102974      1.98024      1.00865    0.0637123      1.67386     0.503338     -3.22603 
        -100      3.03175     0.989687     0.838263   0.00105774      5.30582     0.846973   0.00106854      1.98022      1.00843    0.0622261      1.67368     0.506054     -3.22603 
        -100      3.05566     0.989894     0.842807   0.00109577      5.30974     0.851372   0.00110655      1.98021      1.00822      0.06075       1.6735     0.508742     -3.22603 
        -100      3.07968       0.9901     0.847312   0.00113307      5.31363     0.855732   0.00114384       1.9802        1.008    0.0592815      1.67332     0.511406     -3.22603 
        -100       3.1038     0.990305     0.851774    0.0011696      5.31749     0.860049   0.00118035      1.98019      1.00779    0.0578222      1.67315     0.514045     -3.22603 
        -100      3.12799     0.990508     0.856188   0.00120533      5.32131     0.864318   0.00121605      1.98018      1.00758    0.0563734      1.67297     0.516655     -3.22603 
        -100      3.15229     0.990711      0.86056   0.00124029       5.3251     0.868545   0.00125098      1.98017      1.00737    0.0549328       1.6728     0.519239     -3.22603 
        -100      3.17667     0.990912     0.864883   0.00127443      5.32885     0.872724   0.00128508      1.98017      1.00716    0.0535031      1.67262     0.521795     -3.22603 
        -100      3.20116     0.991112     0.869163   0.00130778      5.33257      0.87686    0.0013184      1.98016      1.00695     0.052082      1.67245     0.524324     -3.22603 
        -100      3.22573      0.99131     0.873392   0.00134029      5.33625     0.880946   0.00135086      1.98015      1.00675     0.050672      1.67228     0.526823     -3.22603 
        -100      3.25041     0.991508     0.877577   0.00137198      5.33989     0.884987   0.00138251      1.98014      1.00654    0.0492711      1.67211     0.529295     -3.22603 
        -100      3.27518     0.991704     0.881713   0.00140283      5.34349      0.88898   0.00141331      1.98014      1.00634    0.0478806      1.67194     0.531738     -3.22603 
        -100      3.30003     0.991899     0.885796   0.00143281      5.34705     0.892921   0.00144322      1.98013      1.00614    0.0465017      1.67178     0.534149     -3.22603 
        -100      3.32499     0.992092     0.889833   0.00146194      5.35058     0.896814   0.00147229      1.98012      1.00594    0.0451324      1.67161     0.536532     -3.22603 
        -100      3.35003     0.992284     0.893815   0.00149017      5.35406     0.900655   0.00150046      1.98012      1.00575     0.043775      1.67145     0.538883     -3.22603 
        -100      3.37518     0.992475     0.897749   0.00151753      5.35751     0.904447   0.00152775      1.98011      1.00555    0.0424277      1.67128     0.541204     -3.22603 
        -100       3.4004     0.992665     0.901628   0.00154398      5.36091     0.908183   0.00155412      1.98011      1.00536    0.0410927      1.67112     0.543492     -3.22603 
        -100      3.42574     0.992853     0.905456   0.00156953      5.36427     0.911871   0.00157959      1.98011      1.00516    0.0397681      1.67096      0.54575     -3.22603 
        -100      3.45115     0.993039     0.909228   0.00159414      5.36759     0.915501   0.00160412       1.9801      1.00497    0.0384561       1.6708     0.547974     -3.22603 
        -100      3.47668     0.993224     0.912947   0.00161784      5.37087      0.91908   0.00162773       1.9801      1.00478    0.0371549      1.67065     0.550167     -3.22603 
        -100       3.5023     0.993408     0.916612   0.00164059       5.3741     0.922605   0.00165039       1.9801       1.0046    0.0358657      1.67049     0.552327     -3.22603 
        -100      3.52799     0.993589     0.920217   0.00166237      5.37729      0.92607   0.00167207       1.9801      1.00441    0.0345897      1.67034     0.554451     -3.22603 
        -100       3.5538      0.99377     0.923769    0.0016832      5.38043     0.929482    0.0016928       1.9801      1.00423     0.033325      1.67019     0.556543     -3.22603 
        -100      3.57968     0.993949      0.92726   0.00170304      5.38353     0.932834   0.00171252       1.9801      1.00405    0.0320739      1.67004     0.558598     -3.22603 
        -100      3.60567     0.994126     0.930695    0.0017219      5.38658      0.93613   0.00173127       1.9801      1.00387    0.0308345      1.66989      0.56062     -3.22603 
        -100      3.63174     0.994302     0.934068   0.00173974      5.38958     0.939365   0.00174899       1.9801      1.00369     0.029609      1.66974     0.562605     -3.22603 
        -100      3.65793     0.994476     0.937384   0.00175658      5.39254     0.942543   0.00176571       1.9801      1.00352    0.0283957      1.66959     0.564555     -3.22603 
        -100       3.6842     0.994648     0.940639    0.0017724      5.39545     0.945661    0.0017814       1.9801      1.00334    0.0271956      1.66945     0.566469     -3.22603 
        -100      3.71055     0.994819      0.94383   0.00178717      5.39831     0.948715   0.00179603       1.9801      1.00317      0.02601      1.66931     0.568344     -3.22603 
        -100      3.73702     0.994988     0.946961    0.0018009      5.40113     0.951709   0.00180962      1.98011        1.003    0.0248371      1.66917     0.570184     -3.22603 
        -100      3.76356     0.995155     0.950027   0.00181356      5.40389     0.954639   0.00182214      1.98011      1.00284     0.023679      1.66903     0.571984     -3.22603 
        -100      3.79021      0.99532     0.953031   0.00182516       5.4066     0.957507   0.00183359      1.98011      1.00267    0.0225341      1.66889     0.573747     -3.22603 
        -100      3.81694     0.995484     0.955968   0.00183567      5.40926     0.960309   0.00184394      1.98012      1.00251    0.0214043      1.66876      0.57547     -3.22603 
        -100      3.84378     0.995646     0.958842   0.00184508      5.41187     0.963048   0.00185319      1.98013      1.00235    0.0202881      1.66862     0.577155     -3.22603 
        -100       3.8707     0.995805     0.961647   0.00185339      5.41442     0.965719   0.00186133      1.98013      1.00219    0.0191873      1.66849     0.578798     -3.22603 
        -100      3.89773     0.995964     0.964387   0.00186058      5.41693     0.968325   0.00186835      1.98014      1.00203    0.0181006      1.66836     0.580403     -3.22603 
        -100      3.92485      0.99612      0.96706   0.00186664      5.41938     0.970864   0.00187423      1.98015      1.00188    0.0170289      1.66823     0.581967     -3.22603 
        -100      3.95205     0.996274     0.969661   0.00187155      5.42177     0.973333   0.00187895      1.98015      1.00173    0.0159732      1.66811     0.583489     -3.22603 
        -100      3.97936     0.996426     0.972195   0.00187531      5.42411     0.975735   0.00188252      1.98016      1.00158    0.0149322      1.66798      0.58497     -3.22603 
        -100      4.00674     0.996577     0.974657   0.00187789       5.4264     0.978065   0.00188491      1.98017      1.00143    0.0139075      1.66786     0.586407     -3.22603 
        -100      4.03424     0.996725     0.977049    0.0018793      5.42863     0.980327   0.00188612      1.98018      1.00129    0.0128979      1.66774     0.587803     -3.22603 
        -100      4.06181     0.996871     0.979368   0.00187952       5.4308     0.982515   0.00188613      1.98019      1.00115    0.0119051      1.66762     0.589155     -3.22603 
        -100       4.0895     0.997016     0.981616   0.00187853      5.43291     0.984633   0.00188492       1.9802      1.00101    0.0109278      1.66751     0.590464     -3.22603 
        -100      4.11728     0.997158      0.98379   0.00187632      5.43497     0.986677    0.0018825      1.98022      1.00087   0.00996677      1.66739     0.591729     -3.22603 
        -100      4.14514     0.997298     0.985888   0.00187289      5.43696     0.988647   0.00187884      1.98023      1.00074   0.00902322      1.66728     0.592949     -3.22603 
        -100      4.17311     0.997436     0.987912   0.00186821       5.4389     0.990543   0.00187393      1.98024       1.0006   0.00809569      1.66717     0.594124     -3.22603 
        -100      4.20115     0.997572     0.989858   0.00186229      5.44078     0.992362   0.00186776      1.98026      1.00048   0.00718595      1.66706     0.595252     -3.22603 
        -100      4.22931     0.997705      0.99173   0.00185509      5.44259     0.994106   0.00186032      1.98027      1.00035   0.00629267      1.66696     0.596336     -3.22603 
        -100      4.25754     0.997837     0.993522   0.00184662      5.44434     0.995772    0.0018516      1.98029      1.00023   0.00541755      1.66686     0.597371     -3.22603 
        -100      4.28588     0.997966     0.995236   0.00183685      5.44604     0.997361   0.00184157       1.9803       1.0001   0.00455936      1.66675     0.598361     -3.22603 
        -100      4.31433     0.998093     0.996871   0.00182577      5.44767     0.998871   0.00183023      1.98032     0.999985   0.00371899      1.66666     0.599302     -3.22603 
        -100      4.34284     0.998217     0.998425   0.00181339      5.44923       1.0003   0.00181758      1.98034      0.99987   0.00289736      1.66656     0.600195     -3.22603 
        -100      4.37146      0.99834     0.999899   0.00179967      5.45073      1.00165   0.00180358      1.98036     0.999757   0.00209328      1.66646      0.60104     -3.22603 
        -100      4.40016      0.99846      1.00129   0.00178461      5.45217      1.00292   0.00178824      1.98038     0.999646   0.00130832      1.66637     0.601835     -3.22603 
        -100      4.42898     0.998577       1.0026   0.00176819      5.45354       1.0041   0.00177153       1.9804     0.999539  0.000541397      1.66628     0.602581     -3.22603 
        -100      4.45787     0.998692      1.00382   0.00175042      5.45484      1.00521   0.00175346      1.98042     0.999435 -0.000206085       1.6662     0.603276     -3.22603 
        -100      4.48687     0.998805      1.00496   0.00173125      5.45608      1.00623   0.00173399      1.98044     0.999333 -0.000935054      1.66611     0.603921     -3.22603 
        -100      4.51595     0.998916      1.00602    0.0017107      5.45724      1.00716   0.00171313      1.98046     0.999234  -0.00164417      1.66603     0.604514     -3.22603 
        -100      4.54514     0.999024      1.00698   0.00168873      5.45834      1.00801   0.00169085      1.98049     0.999138  -0.00233435      1.66595     0.605056     -3.22603 
        -100      4.57443     0.999129      1.00787   0.00166534      5.45938      1.00877   0.00166713      1.98051     0.999046  -0.00300483      1.66587     0.605545     -3.22603 
        -100      4.60378     0.999232      1.00866   0.00164054      5.46034      1.00945     0.001642      1.98053     0.998956  -0.00365485       1.6658     0.605982     -3.22603 
        -100      4.63326     0.999332      1.00936   0.00161427      5.46123      1.01004   0.00161539      1.98056     0.998869  -0.00428524      1.66572     0.606365     -3.22603 
        -100       4.6628      0.99943      1.00998   0.00158657      5.46205      1.01053   0.00158734      1.98059     0.998786  -0.00489481      1.66565     0.606694     -3.22603 
        -100      4.69247     0.999525       1.0105   0.00155737      5.46279      1.01094   0.00155779      1.98061     0.998705  -0.00548431      1.66559     0.606969     -3.22603 
        -100       4.7222     0.999617      1.01093   0.00152671      5.46347      1.01126   0.00152677      1.98064     0.998628  -0.00605256      1.66552     0.607189     -3.22603 
        -100      4.75205     0.999707      1.01127   0.00149452      5.46407      1.01149   0.00149422      1.98067     0.998554  -0.00660029      1.66546     0.607354     -3.22603 
        -100      4.78199     0.999794      1.01152   0.00146083      5.46459      1.01162   0.00146015       1.9807     0.998483  -0.00712679       1.6654     0.607463     -3.22603 
        -100      4.81201     0.999878      1.01167   0.00142563      5.46505      1.01166   0.00142457      1.98073     0.998415  -0.00763147      1.66534     0.607515     -3.22603 
        -100      4.84214      0.99996      1.01173   0.00138888      5.46542       1.0116   0.00138742      1.98076     0.998351  -0.00811492      1.66529      0.60751     -3.22603 
        -100      4.87234      1.00004      1.01169    0.0013506      5.46572      1.01146   0.00134875       1.9808     0.998289  -0.00857612      1.66524     0.607448     -3.22603 
        -100      4.90266     0.998465      1.00095    0.0016868       5.4515      1.00249    0.0016894      1.97991     0.999409  0.000117881      1.66617     0.601672     -4.42987 
        -100      4.93305      0.99847      1.00095   0.00169297      5.45153      1.00248   0.00169557      1.97992     0.999411  0.000118815      1.66618     0.601666     -4.42987 
        -100      4.96356     0.998475      1.00094   0.00169908      5.45156      1.00247   0.00170168      1.97994     0.999414  0.000119726      1.66618     0.601661     -4.42987 
        -100      4.99416     0.998479      1.00094   0.00170512      5.45159      1.00246   0.00170772      1.97995     0.999416  0.000120612      1.66618     0.601655     -4.42987 
        -100      5.02484     0.998484      1.00094   0.00171108      5.45162      1.00246   0.00171368      1.97997     0.999418  0.000121473      1.66618      0.60165     -4.42987 
        -100      5.05563     0.998489      1.00093   0.00171699      5.45164      1.00245   0.00171959      1.97998      0.99942   0.00012231      1.66618     0.601644     -4.42987 
        -100      5.08649     0.998494      1.00093   0.00172281      5.45167      1.00244   0.00172541      1.97999     0.999422  0.000123121      1.66618     0.601639     -4.42987 
        -100      5.11747     0.998499      1.00093   0.00172858       5.4517      1.00243   0.00173118      1.98001     0.999424  0.000123907      1.66619     0.601634     -4.42987 
        -100      5.14851     0.998503      1.00092   0.00173426      5.45173      1.00242   0.00173686      1.98002     0.999426  0.000124666      1.66619     0.601628     -4.42987 
        -100      5.17968     0.998508      1.00092   0.00173988      5.45175      1.00242   0.00174248      1.98003     0.999428    0.0001254      1.66619     0.601623     -4.42987 
        -100      5.21092     0.998512      1.00092   0.00174542      5.45178      1.00241   0.00174802      1.98005      0.99943  0.000126108      1.66619     0.601618     -4.42987 
        -100      5.24227     0.998517      1.00092   0.00175089      5.45181       1.0024   0.00175349      1.98006     0.999432  0.000126789      1.66619     0.601613     -4.42987 
        -100      5.27372     0.998521      1.00091   0.00175629      5.45183       1.0024   0.00175888      1.98007     0.999434  0.000127444      1.66619     0.601609     -4.42987 
        -100      5.30524     0.998525      1.00091    0.0017616      5.45186      1.00239    0.0017642      1.98008     0.999436  0.000128071       1.6662     0.601604     -4.42987 
        -100      5.33688      0.99853      1.00091   0.00176684      5.45188      1.00238   0.00176944       1.9801     0.999438  0.000128672       1.6662     0.601599     -4.42987 
        -100      5.36858     0.998534      1.00091   0.00177201      5.45191      1.00237    0.0017746      1.98011     0.999439  0.000129244       1.6662     0.601594     -4.42987 
        -100      5.40041     0.998538       1.0009   0.00177709      5.45193      1.00237   0.00177969      1.98012     0.999441  0.000129789       1.6662      0.60159     -4.42987 
        -100       5.4323     0.998542       1.0009    0.0017821      5.45196      1.00236    0.0017847      1.98013     0.999443  0.000130306       1.6662     0.601585     -4.42987 
        -100      5.46431     0.998546       1.0009   0.00178703      5.45198      1.00236   0.00178963      1.98014     0.999444  0.000130795       1.6662     0.601581     -4.42987 
        -100      5.49642      0.99855       1.0009   0.00179187      5.45201      1.00235   0.00179447      1.98015     0.999446  0.000131255      1.66621     0.601577     -4.42987 
        -100      5.52859     0.998554      1.00089   0.00179664      5.45203      1.00234   0.00179924      1.98016     0.999448  0.000131686      1.66621     0.601573     -4.42987 
        -100      5.56089     0.998557      1.00089   0.00180132      5.45205      1.00234   0.00180392      1.98017     0.999449  0.000132088      1.66621     0.601569     -4.42987 
        -100      5.59325     0.998561      1.00089   0.00180592      5.45207      1.00233   0.00180852      1.98018     0.999451   0.00013246      1.66621     0.601565     -4.42987 
        -100      5.62573     0.998565      1.00089   0.00181044      5.45209      1.00232   0.00181303      1.98019     0.999452  0.000132804      1.66621     0.601561     -4.42987 
        -100      5.65829     0.998568      1.00088   0.00181486      5.45212      1.00232   0.00181746       1.9802     0.999454  0.000133117      1.66621     0.601557     -4.42987 
        -100      5.69096     0.998572      1.00088   0.00181921      5.45214      1.00231   0.00182181      1.98021     0.999455    0.0001334      1.66621     0.601553     -4.42987 
        -100       5.7237     0.998575      1.00088   0.00182347      5.45216      1.00231   0.00182606      1.98022     0.999457  0.000133652      1.66621     0.601549     -4.42987 
        -100      5.75655     0.998579      1.00088   0.00182764      5.45218       1.0023   0.00183024      1.98023     0.999458  0.000133874      1.66622     0.601546     -4.42987 
        -100      5.78951     0.998582      1.00088   0.00183172       5.4522       1.0023   0.00183432      1.98024      0.99946  0.000134065      1.66622     0.601542     -4.42987 
        -100      5.82253     0.998585      1.00087   0.00183571      5.45222      1.00229   0.00183831      1.98025     0.999461  0.000134224      1.66622     0.601539     -4.42987 
        -100      5.85567     0.998588      1.00087   0.00183962      5.45223      1.00229   0.00184222      1.98026     0.999462  0.000134352      1.66622     0.601536     -4.42987 
        -100      5.88888     0.998591      1.00087   0.00184343      5.45225      1.00228   0.00184603      1.98027     0.999463  0.000134449      1.66622     0.601532     -4.42987 
        -100      5.92221     0.998594      1.00087   0.00184715      5.45227      1.00228   0.00184975      1.98028     0.999465  0.000134513      1.66622     0.601529     -4.42987 
        -100       5.9556     0.998597      1.00087   0.00185078      5.45229      1.00227   0.00185337      1.98029     0.999466  0.000134545      1.66622     0.601526     -4.42987 
        -100      5.98912       0.9986      1.00087   0.00185431       5.4523      1.00227   0.00185691      1.98029     0.999467  0.000134544      1.66622     0.601523     -4.42987 
        -100      6.02273     0.998603      1.00087   0.00185775      5.45232      1.00227   0.00186035       1.9803     0.999468   0.00013451      1.66622     0.601521     -4.42987 
        -100      6.05641     0.998606      1.00086    0.0018611      5.45234      1.00226   0.00186369      1.98031     0.999469  0.000134443      1.66622     0.601518     -4.42987 
        -100      6.09021     0.998608      1.00086   0.00186435      5.45235      1.00226   0.00186694      1.98032      0.99947  0.000134343      1.66623     0.601515     -4.42987 
        -100      6.12408     0.998611      1.00086    0.0018675      5.45237      1.00225   0.00187009      1.98032     0.999471  0.000134209      1.66623     0.601513     -4.42987 
        -100      6.15806     0.998613      1.00086   0.00187055      5.45238      1.00225   0.00187315      1.98033     0.999472  0.000134041      1.66623      0.60151     -4.42987 
        -100      6.19212     0.998615      1.00086   0.00187351      5.45239      1.00225    0.0018761      1.98034     0.999473  0.000133839      1.66623     0.601508     -4.42987 
        -100      6.22629     0.998618      1.00086   0.00187636      5.45241      1.00224   0.00187896      1.98034     0.999474  0.000133602      1.66623     0.601506     -4.42987 
        -100      6.26056      0.99862      1.00086   0.00187912      5.45242      1.00224   0.00188172      1.98035     0.999475   0.00013333      1.66623     0.601504     -4.42987 
        -100       6.2949     0.998622      1.00086   0.00188177      5.45243      1.00224   0.00188437      1.98035     0.999475  0.000133023      1.66623     0.601502     -4.42987 
        -100      6.32936     0.998624      1.00086   0.00188432      5.45245      1.00224   0.00188692      1.98036     0.999476  0.000132681      1.66623       0.6015     -4.42987 
        -100      6.36388     0.998626      1.00086   0.00188677      5.45246      1.00223   0.00188937      1.98036     0.999477  0.000132303      1.66623     0.601498     -4.42987 
        -100      6.39853     0.998628      1.00085   0.00188911      5.45247      1.00223   0.00189171      1.98037     0.999477  0.000131889      1.66623     0.601496     -4.42987 
        -100      6.43324      0.99863      1.00085   0.00189135      5.45248      1.00223   0.00189395      1.98037     0.999478  0.000131439      1.66623     0.601495     -4.42987 
        -100      6.46807     0.998631      1.00085   0.00189349      5.45249      1.00223   0.00189608      1.98038     0.999479  0.000130953      1.66623     0.601493     -4.42987 
        -100      6.50297     0.998633      1.00085   0.00189551       5.4525      1.00222   0.00189811      1.98038     0.999479  0.000130429      1.66623     0.601492     -4.42987 
        -100      6.53799     0.998634      1.00085   0.00189743      5.45251      1.00222   0.00190003      1.98039      0.99948  0.000129868      1.66623     0.601491     -4.42987 
        -100      6.57311     0.998636      1.00085   0.00189924      5.45251      1.00222   0.00190184      1.98039      0.99948   0.00012927      1.66623      0.60149     -4.42987 
        -100      6.60829     0.998637      1.00085   0.00190094      5.45252      1.00222   0.00190354      1.98039      0.99948  0.000128635      1.66623     0.601489     -4.42987 
        -100      6.64359     0.998638      1.00085   0.00190253      5.45253      1.00222   0.00190513       1.9804     0.999481  0.000127961      1.66623     0.601488     -4.42987 
        -100      6.67896     0.998639      1.00085   0.00190401      5.45254      1.00222    0.0019066       1.9804     0.999481  0.000127249      1.66623     0.601487     -4.42987 
        -100      6.71445      0.99864      1.00085   0.00190537      5.45254      1.00222   0.00190797       1.9804     0.999481  0.000126498      1.66623     0.601486     -4.42987 
        -100      6.75001     0.998641      1.00085   0.00190662      5.45255      1.00221   0.00190922       1.9804     0.999482  0.000125709      1.66623     0.601486     -4.42987 
        -100      6.78569     0.998642      1.00085   0.00190776      5.45255      1.00221   0.00191036      1.98041     0.999482   0.00012488      1.66623     0.601486     -4.42987 
        -100      6.82146     0.998643      1.00085   0.00190879      5.45256      1.00221   0.00191138      1.98041     0.999482  0.000124012      1.66623     0.601485     -4.42987 
        -100       6.8573     0.998643      1.00085   0.00190969      5.45256      1.00221   0.00191229      1.98041     0.999482  0.000123105      1.66623     0.601485     -4.42987 
        -100      6.89326     0.998644      1.00085   0.00191048      5.45256      1.00221   0.00191308      1.98041     0.999482  0.000122156      1.66623     0.601485     -4.42987 
        -100      6.92929     0.998645      1.00086   0.00191116      5.45256      1.00221   0.00191375      1.98041     0.999482  0.000121169      1.66623     0.601485     -4.42987 
        -100      6.96544     0.998645      1.00086   0.00191171      5.45257      1.00221   0.00191431      1.98041     0.999482   0.00012014      1.66623     0.601485     -4.42987 
        -100      7.00166     0.998645      1.00086   0.00191214      5.45257      1.00221   0.00191474      1.98041     0.999482   0.00011907      1.66623     0.601486     -4.42987 
        -100      7.03799     0.998645      1.00086   0.00191245      5.45257      1.00222   0.00191505      1.98041     0.999482  0.000117959      1.66623     0.601486     -4.42987 
        -100      7.07442     0.998645      1.00086   0.00191265      5.45257      1.00222   0.00191524      1.98041     0.999481  0.000116806      1.66623     0.601487     -4.42987 
        -100      7.11092     0.998645      1.00086   0.00191271      5.45257      1.00222   0.00191531      1.98041     0.999481  0.000115613      1.66623     0.601487     -4.42987 
        -100      7.14754     0.998645      1.00086   0.00191266      5.45257      1.00222   0.00191526      1.98041     0.999481  0.000114376      1.66623     0.601488     -4.42987 
        -100      7.18422     0.998645      1.00086   0.00191248      5.45257      1.00222   0.00191508      1.98041     0.999481  0.000113098      1.66623     0.601489     -4.42987 
        -100      7.22103     0.998645      1.00086   0.00191217      5.45256      1.00222   0.00191477      1.98041      0.99948  0.000111776      1.66623      0.60149     -4.42987 
        -100      7.25791     0.998644      1.00086   0.00191174      5.45256      1.00222   0.00191434      1.98041      0.99948  0.000110412      1.66623     0.601491     -4.42987 
        -100       7.2949     0.998643      1.00087   0.00191118      5.45256      1.00222   0.00191378       1.9804     0.999479  0.000109003      1.66623     0.601493     -4.42987 
        -100      7.33196     0.998643      1.00087   0.00191049      5.45255      1.00223   0.00191309       1.9804     0.999479  0.000107552      1.66623     0.601494     -4.42987 
        -100      7.36914     0.998642      1.00087   0.00190968      5.45255      1.00223   0.00191227       1.9804     0.999478  0.000106057      1.66623     0.601496     -4.42987 
        -100      7.40642     0.998641      1.00087   0.00190873      5.45254      1.00223   0.00191133       1.9804     0.999477  0.000104516      1.66623     0.601498     -4.42987 
        -100      7.44376      0.99864      1.00087   0.00190765      5.45254      1.00223   0.00191025      1.98039     0.999477  0.000102933      1.66623     0.601499     -4.42987 
        -100      7.48123     0.998639      1.00087   0.00190644      5.45253      1.00224   0.00190904      1.98039     0.999476  0.000101303      1.66623     0.601502     -4.42987 
        -100      7.51876     0.998638      1.00088    0.0019051      5.45252      1.00224   0.00190769      1.98038     0.999475  9.96296e-05      1.66623     0.601504     -4.42987 
        -100      7.55642     0.998636      1.00088   0.00190362      5.45251      1.00224   0.00190621      1.98038     0.999474  9.79093e-05      1.66623     0.601506     -4.42987 
        -100      7.59413     0.998623      1.00088    0.0018468      5.45241      1.00226   0.00184935      1.98033     0.999464  7.30256e-05      1.66622      0.60152     -4.89973 
        -100      7.63197     0.998624      1.00088   0.00184726      5.45241      1.00226   0.00184981      1.98034     0.999464  7.29887e-05      1.66622     0.601519     -4.89973 
        -100      7.66991     0.998625      1.00088   0.00184772      5.45242      1.00226   0.00185027      1.98034     0.999464  7.29521e-05      1.66622     0.601518     -4.89973 
        -100      7.70791     0.998625      1.00088   0.00184818      5.45242      1.00226   0.00185072      1.98034     0.999465  7.29157e-05      1.66622     0.601518     -4.89973 
        -100      7.74604     0.998626      1.00088   0.00184864      5.45242      1.00226   0.00185118      1.98034     0.999465  7.28795e-05      1.66622     0.601517     -4.89973 
        -100      7.78422     0.998627      1.00088   0.00184909      5.45243      1.00226   0.00185163      1.98034     0.999465  7.28435e-05      1.66622     0.601516     -4.89973 
        -100      7.82254     0.998627      1.00088   0.00184954      5.45243      1.00226   0.00185209      1.98034     0.999465  7.28077e-05      1.66622     0.601516     -4.89973 
        -100      7.86091     0.998628      1.00088      0.00185      5.45243      1.00226   0.00185254      1.98035     0.999466  7.27722e-05      1.66622     0.601515     -4.89973 
        -100      7.89941     0.998628      1.00088   0.00185045      5.45244      1.00225   0.00185299      1.98035     0.999466  7.27368e-05      1.66622     0.601514     -4.89973 
        -100      7.93797     0.998629      1.00088    0.0018509      5.45244      1.00225   0.00185344      1.98035     0.999466  7.27017e-05      1.66622     0.601514     -4.89973 
        -100      7.97666      0.99863      1.00088   0.00185135      5.45244      1.00225   0.00185389      1.98035     0.999466  7.26668e-05      1.66622     0.601513     -4.89973 
        -100      8.01544      0.99863      1.00088    0.0018518      5.45245      1.00225   0.00185434      1.98035     0.999466  7.26322e-05      1.66622     0.601512     -4.89973 
        -100      8.05429     0.998631      1.00088   0.00185224      5.45245      1.00225   0.00185478      1.98035     0.999467  7.25978e-05      1.66622     0.601512     -4.89973 
        -100      8.09326     0.998631      1.00088   0.00185269      5.45245      1.00225   0.00185523      1.98035     0.999467  7.25636e-05      1.66622     0.601511     -4.89973 
        -100      8.13229     0.998632      1.00088   0.00185313      5.45246      1.00225   0.00185567      1.98036     0.999467  7.25297e-05      1.66622      0.60151     -4.89973 
        -100      8.17145     0.998632      1.00088   0.00185358      5.45246      1.00225   0.00185611      1.98036     0.999467  7.24959e-05      1.66622      0.60151     -4.89973 
        -100      8.21067     0.998633      1.00088   0.00185402      5.45246      1.00225   0.00185656      1.98036     0.999468  7.24625e-05      1.66622     0.601509     -4.89973 
        -100      8.25002     0.998634      1.00088   0.00185446      5.45247      1.00225   0.00185699      1.98036     0.999468  7.24293e-05      1.66622     0.601508     -4.89973 
        -100      8.28946     0.998634      1.00088    0.0018549      5.45247      1.00224   0.00185743      1.98036     0.999468  7.23963e-05      1.66622     0.601508     -4.89973 
        -100      8.32896     0.998635      1.00088   0.00185533      5.45247      1.00224   0.00185787      1.98036     0.999468  7.23636e-05      1.66622     0.601507     -4.89973 
        -100      8.36859     0.998635      1.00087   0.00185577      5.45248      1.00224   0.00185831      1.98037     0.999468  7.23311e-05      1.66622     0.601507     -4.89973 
        -100      8.40828     0.998636      1.00087    0.0018562      5.45248      1.00224   0.00185874      1.98037     0.999469  7.22989e-05      1.66622     0.601506     -4.89973 
        -100       8.4481     0.998636      1.00087   0.00185664      5.45248      1.00224   0.00185917      1.98037     0.999469  7.22669e-05      1.66622     0.601505     -4.89973 
        -100      8.48798     0.998637      1.00087   0.00185707      5.45249      1.00224    0.0018596      1.98037     0.999469  7.22352e-05      1.66622     0.601505     -4.89973 
        -100      8.52798     0.998637      1.00087    0.0018575      5.45249      1.00224   0.00186003      1.98037     0.999469  7.22037e-05      1.66622     0.601504     -4.89973 
        -100      8.56808     0.998638      1.00087   0.00185793      5.45249      1.00224   0.00186046      1.98037      0.99947  7.21725e-05      1.66622     0.601504     -4.89973 
        -100      8.60824     0.998639      1.00087   0.00185835       5.4525      1.00224   0.00186089      1.98038      0.99947  7.21416e-05      1.66622     0.601503     -4.89973 
        -100      8.64852     0.998639      1.00087   0.00185878       5.4525      1.00224   0.00186131      1.98038      0.99947  7.21109e-05      1.66622     0.601502     -4.89973 
        -100      8.68887      0.99864      1.00087    0.0018592       5.4525      1.00224   0.00186174      1.98038      0.99947  7.20806e-05      1.66623     0.601502     -4.89973 
        -100      8.72935      0.99864      1.00087   0.00185963       5.4525      1.00223   0.00186216      1.98038      0.99947  7.20504e-05      1.66623     0.601501     -4.89973 
        -100      8.76988     0.998641      1.00087   0.00186005      5.45251      1.00223   0.00186258      1.98038     0.999471  7.20206e-05      1.66623     0.601501     -4.89973 
        -100      8.81055     0.998641      1.00087   0.00186047      5.45251      1.00223     0.001863      1.98038     0.999471   7.1991e-05      1.66623       0.6015     -4.89973 
        -100      8.85127     0.998642      1.00087   0.00186088      5.45251      1.00223   0.00186341      1.98038     0.999471  7.19618e-05      1.66623     0.601499     -4.89973 
        -100      8.89212     0.998642      1.00087    0.0018613      5.45252      1.00223   0.00186383      1.98039     0.999471  7.19328e-05      1.66623     0.601499     -4.89973 
        -100      8.93306     0.998643      1.00087   0.00186171      5.45252      1.00223   0.00186424      1.98039     0.999471   7.1904e-05      1.66623     0.601498     -4.89973 
        -100      8.97407     0.998643      1.00087   0.00186213      5.45252      1.00223   0.00186466      1.98039     0.999472  7.18756e-05      1.66623     0.601498     -4.89973 
        -100       9.0152     0.998644      1.00087   0.00186254      5.45253      1.00223   0.00186507      1.98039     0.999472  7.18474e-05      1.66623     0.601497     -4.89973 
        -100       9.0564     0.998644      1.00087   0.00186295      5.45253      1.00223   0.00186548      1.98039     0.999472  7.18196e-05      1.66623     0.601497     -4.89973 
        -100      9.09772     0.998645      1.00087   0.00186335      5.45253      1.00223   0.00186588      1.98039     0.999472   7.1792e-05      1.66623     0.601496     -4.89973 
        -100       9.1391     0.998645      1.00087   0.00186376      5.45253      1.00223   0.00186629      1.98039     0.999472  7.17648e-05      1.66623     0.601496     -4.89973 
        -100      9.18061     0.998646      1.00087   0.00186416      5.45254      1.00223   0.00186669      1.98039     0.999473  7.17378e-05      1.66623     0.601495     -4.89973 
        -100      9.22221     0.998646      1.00087   0.00186457      5.45254      1.00222   0.00186709       1.9804     0.999473  7.17111e-05      1.66623     0.601494     -4.89973 
        -100      9.26387     0.998647      1.00087   0.00186497      5.45254      1.00222   0.00186749       1.9804     0.999473  7.16848e-05      1.66623     0.601494     -4.89973 
        -100      9.30566     0.998647      1.00087   0.00186536      5.45255      1.00222   0.00186789       1.9804     0.999473  7.16587e-05      1.66623     0.601493     -4.89973 
        -100      9.34752     0.998648      1.00087   0.00186576      5.45255      1.00222   0.00186829       1.9804     0.999473   7.1633e-05      1.66623     0.601493     -4.89973 
        -100       9.3895     0.998648      1.00087   0.00186616      5.45255      1.00222   0.00186868       1.9804     0.999473  7.16075e-05      1.66623     0.601492     -4.89973 
        -100      9.43153     0.998649      1.00087   0.00186655      5.45255      1.00222   0.00186907       1.9804     0.999474  7.15824e-05      1.66623     0.601492     -4.89973 
        -100       9.4737     0.998649      1.00087   0.00186694      5.45256      1.00222   0.00186947       1.9804     0.999474  7.15576e-05      1.66623     0.601491     -4.89973 
        -100      9.51596      0.99865      1.00087   0.00186733      5.45256      1.00222   0.00186985      1.98041     0.999474  7.15331e-05      1.66623     0.601491     -4.89973 
        -100      9.55828      0.99865      1.00087   0.00186772      5.45256      1.00222   0.00187024      1.98041     0.999474  7.15089e-05      1.66623      0.60149     -4.89973 
        -100      9.60073      0.99865      1.00087    0.0018681      5.45256      1.00222   0.00187063      1.98041     0.999474  7.14851e-05      1.66623      0.60149     -4.89973 
        -100      9.64324     0.998651      1.00086   0.00186848      5.45257      1.00222   0.00187101      1.98041     0.999475  7.14616e-05      1.66623     0.601489     -4.89973 
        -100      9.68588     0.998651      1.00086   0.00186887      5.45257      1.00222   0.00187139      1.98041     0.999475  7.14384e-05      1.66623     0.601489     -4.89973 
        -100      9.72857     0.998652      1.00086   0.00186925      5.45257      1.00222   0.00187177      1.98041     0.999475  7.14155e-05      1.66623     0.601488     -4.89973 
        -100       9.7714     0.998652      1.00086   0.00186962      5.45257      1.00221   0.00187215      1.98041     0.999475   7.1393e-05      1.66623     0.601488     -4.89973 
        -100      9.81428     0.998653      1.00086      0.00187      5.45258      1.00221   0.00187252      1.98041     0.999475  7.13708e-05      1.66623     0.601487     -4.89973 
        -100       9.8573     0.998653      1.00086   0.00187037      5.45258      1.00221   0.00187289      1.98042     0.999475   7.1349e-05      1.66623     0.601487     -4.89973 
        -100       9.9004     0.998654      1.00086   0.00187074      5.45258      1.00221   0.00187326      1.98042     0.999476  7.13274e-05      1.66623     0.601486     -4.89973 
        -100      9.94357     0.998654      1.00086   0.00187111      5.45258      1.00221   0.00187363      1.98042     0.999476  7.13063e-05      1.66623     0.601486     -4.89973 
        -100      9.98687     0.998654      1.00086   0.00187148      5.45259      1.00221     0.001874      1.98042     0.999476  7.12854e-05      1.66623     0.601486     -4.89973 
        -100      10.0302     0.998655      1.00086   0.00187184      5.45259      1.00221   0.00187436      1.98042     0.999476   7.1265e-05      1.66623     0.601485     -4.89973 
        -100      10.0737     0.998655      1.00086    0.0018722      5.45259      1.00221   0.00187473      1.98042     0.999476  7.12448e-05      1.66623     0.601485     -4.89973 
        -100      10.1172     0.998656      1.00086   0.00187257      5.45259      1.00221   0.00187509      1.98042     0.999476  7.12251e-05      1.66623     0.601484     -4.89973 
        -100      10.1609     0.998656      1.00086   0.00187292       5.4526      1.00221   0.00187544      1.98042     0.999477  7.12057e-05      1.66623     0.601484     -4.89973 
        -100      10.2047     0.998656      1.00086   0.00187328       5.4526      1.00221    0.0018758      1.98042     0.999477  7.11866e-05      1.66623     0.601483     -4.89973 
        -100      10.2485     0.998657      1.00086   0.00187363       5.4526      1.00221   0.00187615      1.98043     0.999477  7.11679e-05      1.66623     0.601483     -4.89973 
        -100      10.2925     0.998657      1.00086   0.00187398       5.4526      1.00221    0.0018765      1.98043     0.999477  7.11496e-05      1.66623     0.601482     -4.89973 
        -100      10.3365     0.998658      1.00086   0.00187433       5.4526      1.00221   0.00187685      1.98043     0.999477  7.11316e-05      1.66623     0.601482     -4.89973 
        -100      10.3806     0.998658      1.00086   0.00187468      5.45261      1.00221    0.0018772      1.98043     0.999477   7.1114e-05      1.66623     0.601482     -4.89973 
        -100      10.4248     0.998658      1.00086   0.00187502      5.45261       1.0022   0.00187754      1.98043     0.999477  7.10968e-05      1.66623     0.601481     -4.89973 
        -100      10.4691     0.998659      1.00086   0.00187537      5.45261       1.0022   0.00187789      1.98043     0.999478  7.10799e-05      1.66623     0.601481     -4.89973 
        -100      10.5135     0.998659      1.00086   0.00187571      5.45261       1.0022   0.00187823      1.98043     0.999478  7.10635e-05      1.66623      0.60148     -4.89973 
        -100       10.558     0.998659      1.00086   0.00187604      5.45261       1.0022   0.00187856      1.98043     0.999478  7.10474e-05      1.66623      0.60148     -4.89973 
        -100      10.6027      0.99866      1.00086   0.00187638      5.45262       1.0022    0.0018789      1.98043     0.999478  7.10317e-05      1.66623      0.60148     -4.89973 
        -100      10.6473      0.99866      1.00086   0.00187671      5.45262       1.0022   0.00187923      1.98043     0.999478  7.10164e-05      1.66623     0.601479     -4.89973 
        -100      10.6921      0.99866      1.00086   0.00187704      5.45262       1.0022   0.00187956      1.98044     0.999478  7.10014e-05      1.66623     0.601479     -4.89973 
        -100       10.737     0.998661      1.00086   0.00187737      5.45262       1.0022   0.00187989      1.98044     0.999478  7.09869e-05      1.66623     0.601479     -4.89973 
        -100       10.782     0.998661      1.00086   0.00187769      5.45262       1.0022   0.00188021      1.98044     0.999478  7.09727e-05      1.66623     0.601478     -4.89973 
        -100       10.827     0.998661      1.00086   0.00187802      5.45263       1.0022   0.00188053      1.98044     0.999479   7.0959e-05      1.66623     0.601478     -4.89973 
        -100      10.8722     0.998662      1.00086   0.00187834      5.45263       1.0022   0.00188085      1.98044     0.999479  7.09456e-05      1.66623     0.601477     -4.89973 
        -100      10.9175     0.998657      1.00087   0.00185405      5.45259      1.00221   0.00185654      1.98042     0.999473  5.27287e-05      1.66623     0.601488     -5.04422 
        -100      10.9628     0.998658      1.00087   0.00185428       5.4526      1.00221   0.00185677      1.98042     0.999474  5.27085e-05      1.66623     0.601487     -5.04422 
        -100      11.0082     0.998658      1.00087   0.00185451       5.4526      1.00221     0.001857      1.98042     0.999474  5.26883e-05      1.66623     0.601487     -5.04422 
        -100      11.0538     0.998659      1.00087   0.00185474       5.4526      1.00221   0.00185724      1.98042     0.999474  5.26683e-05      1.66623     0.601486     -5.04422 
        -100      11.0994     0.998659      1.00087   0.00185498       5.4526      1.00221   0.00185747      1.98042     0.999474  5.26482e-05      1.66623     0.601486     -5.04422 
        -100      11.1451      0.99866      1.00087   0.00185521      5.45261      1.00221    0.0018577      1.98043     0.999474  5.26283e-05      1.66623     0.601485     -5.04422 
        -100      11.1909      0.99866      1.00087   0.00185545      5.45261      1.00221   0.00185794      1.98043     0.999475  5.26083e-05      1.66623     0.601485     -5.04422 
        -100      11.2369     0.998661      1.00087   0.00185568      5.45261      1.00221   0.00185817      1.98043     0.999475  5.25885e-05      1.66623     0.601484     -5.04422 
        -100      11.2829     0.998661      1.00087   0.00185592      5.45262      1.00221   0.00185841      1.98043     0.999475  5.25687e-05      1.66623     0.601484     -5.04422 
        -100       11.329     0.998662      1.00087   0.00185616      5.45262      1.00221   0.00185864      1.98043     0.999475   5.2549e-05      1.66623     0.601483     -5.04422 
        -100      11.3751     0.998662      1.00087   0.00185639      5.45262      1.00221   0.00185888      1.98043     0.999475  5.25293e-05      1.66623     0.601482     -5.04422 
        -100      11.4214     0.998663      1.00087   0.00185663      5.45262      1.00221   0.00185912      1.98043     0.999476  5.25097e-05      1.66623     0.601482     -5.04422 
        -100      11.4678     0.998663      1.00086   0.00185687      5.45263       1.0022   0.00185935      1.98044     0.999476  5.24902e-05      1.66623     0.601481     -5.04422 
        -100      11.5143     0.998664      1.00086   0.00185711      5.45263       1.0022   0.00185959      1.98044     0.999476  5.24707e-05      1.66623     0.601481     -5.04422 
        -100      11.5608     0.998664      1.00086   0.00185735      5.45263       1.0022   0.00185983      1.98044     0.999476  5.24514e-05      1.66623      0.60148     -5.04422 
        -100      11.6075     0.998665      1.00086   0.00185759      5.45264       1.0022   0.00186007      1.98044     0.999476   5.2432e-05      1.66623      0.60148     -5.04422 
        -100      11.6543     0.998665      1.00086   0.00185783      5.45264       1.0022   0.00186031      1.98044     0.999476  5.24127e-05      1.66623     0.601479     -5.04422 
        -100      11.7011     0.998666      1.00086   0.00185807      5.45264       1.0022   0.00186055      1.98044     0.999477  5.23935e-05      1.66623     0.601479     -5.04422 
        -100      11.7481     0.998666      1.00086   0.00185831      5.45264       1.0022   0.00186079      1.98044     0.999477  5.23744e-05      1.66623     0.601478     -5.04422 
        -100      11.7951     0.998667      1.00086   0.00185855      5.45265       1.0022   0.00186103      1.98045     0.999477  5.23554e-05      1.66623     0.601478     -5.04422 
        -100      11.8423     0.998667      1.00086   0.00185879      5.45265       1.0022   0.00186127      1.98045     0.999477  5.23364e-05      1.66623     0.601477     -5.04422 
        -100      11.8895     0.998668      1.00086   0.00185904      5.45265       1.0022   0.00186152      1.98045     0.999477  5.23174e-05      1.66623     0.601476     -5.04422 
        -100      11.9368     0.998668      1.00086   0.00185928      5.45266       1.0022   0.00186176      1.98045     0.999478  5.22986e-05      1.66623     0.601476     -5.04422 
        -100      11.9842     0.998669      1.00086   0.00185952      5.45266       1.0022     0.001862      1.98045     0.999478  5.22798e-05      1.66623     0.601475     -5.04422 
        -100      12.0317     0.998669      1.00086   0.00185977      5.45266      1.00219   0.00186225      1.98045     0.999478  5.22611e-05      1.66623     0.601475     -5.04422 
        -100      12.0793      0.99867      1.00086   0.00186001      5.45266      1.00219   0.00186249      1.98045     0.999478  5.22424e-05      1.66623     0.601474     -5.04422 
        -100       12.127      0.99867      1.00086   0.00186026      5.45267      1.00219   0.00186274      1.98045     0.999478  5.22239e-05      1.66623     0.601474     -5.04422 
        -100      12.1748     0.998671      1.00086   0.00186051      5.45267      1.00219   0.00186298      1.98046     0.999479  5.22054e-05      1.66623     0.601473     -5.04422 
        -100      12.2227     0.998671      1.00086   0.00186075      5.45267      1.00219   0.00186323      1.98046     0.999479   5.2187e-05      1.66623     0.601473     -5.04422 
        -100      12.2707     0.998672      1.00086     0.001861      5.45267      1.00219   0.00186348      1.98046     0.999479  5.21686e-05      1.66623     0.601472     -5.04422 
        -100      12.3188     0.998672      1.00086   0.00186125      5.45268      1.00219   0.00186372      1.98046     0.999479  5.21504e-05      1.66623     0.601472     -5.04422 
        -100      12.3669     0.998673      1.00086    0.0018615      5.45268      1.00219   0.00186397      1.98046     0.999479  5.21322e-05      1.66623     0.601471     -5.04422 
        -100      12.4152     0.998673      1.00086   0.00186175      5.45268      1.00219   0.00186422      1.98046     0.999479  5.21141e-05      1.66623     0.601471     -5.04422 
        -100      12.4635     0.998673      1.00086     0.001862      5.45269      1.00219   0.00186447      1.98046      0.99948   5.2096e-05      1.66623      0.60147     -5.04422 
        -100       12.512     0.998674      1.00086   0.00186225      5.45269      1.00219   0.00186472      1.98047      0.99948  5.20781e-05      1.66623      0.60147     -5.04422 
        -100      12.5605     0.998674      1.00086    0.0018625      5.45269      1.00219   0.00186497      1.98047      0.99948  5.20602e-05      1.66623     0.601469     -5.04422 
        -100      12.6092     0.998675      1.00086   0.00186275      5.45269      1.00219   0.00186522      1.98047      0.99948  5.20424e-05      1.66623     0.601469     -5.04422 
        -100      12.6579     0.998675      1.00086     0.001863       5.4527      1.00218   0.00186547      1.98047      0.99948  5.20247e-05      1.66623     0.601468     -5.04422 
        -100      12.7067     0.998676      1.00086   0.00186325       5.4527      1.00218   0.00186572      1.98047     0.999481   5.2007e-05      1.66623     0.601468     -5.04422 
        -100      12.7557     0.998676      1.00086   0.00186351       5.4527      1.00218   0.00186598      1.98047     0.999481  5.19895e-05      1.66623     0.601467     -5.04422 
        -100      12.8047     0.998677      1.00086   0.00186376       5.4527      1.00218   0.00186623      1.98047     0.999481   5.1972e-05      1.66623     0.601467     -5.04422 
        -100      12.8538     0.998677      1.00086   0.00186401      5.45271      1.00218   0.00186648      1.98047     0.999481  5.19546e-05      1.66623     0.601466     -5.04422 
        -100       12.903     0.998678      1.00086   0.00186427      5.45271      1.00218   0.00186674      1.98048     0.999481  5.19373e-05      1.66623     0.601466     -5.04422 
        -100      12.9523     0.998678      1.00086   0.00186452      5.45271      1.00218   0.00186699      1.98048     0.999481  5.19201e-05      1.66623     0.601465     -5.04422 
        -100      13.0016     0.998679      1.00086   0.00186478      5.45271      1.00218   0.00186725      1.98048     0.999482   5.1903e-05      1.66623     0.601465     -5.04422 
        -100      13.0511     0.998679      1.00085   0.00186504      5.45272      1.00218    0.0018675      1.98048     0.999482  5.18859e-05      1.66623     0.601464     -5.04422 
        -100      13.1007     0.998679      1.00085   0.00186529      5.45272      1.00218   0.00186776      1.98048     0.999482   5.1869e-05      1.66623     0.601464     -5.04422 
        -100      13.1504      0.99868      1.00085   0.00186555      5.45272      1.00218   0.00186802      1.98048     0.999482  5.18521e-05      1.66624     0.601463     -5.04422 
        -100      13.2002      0.99868      1.00085   0.00186581      5.45273      1.00218   0.00186828      1.98048     0.999482  5.18353e-05      1.66624     0.601463     -5.04422 
        -100        13.25     0.998681      1.00085   0.00186607      5.45273      1.00218   0.00186853      1.98048     0.999483  5.18186e-05      1.66624     0.601462     -5.04422 
        -100         13.3     0.998681      1.00085   0.00186633      5.45273      1.00218   0.00186879      1.98049     0.999483   5.1802e-05      1.66624     0.601462     -5.04422 
        -100        13.35     0.998682      1.00085   0.00186659      5.45273      1.00217   0.00186905      1.98049     0.999483  5.17855e-05      1.66624     0.601461     -5.04422 
        -100      13.4002     0.998682      1.00085   0.00186685      5.45274      1.00217   0.00186931      1.98049     0.999483   5.1769e-05      1.66624     0.601461     -5.04422 
        -100      13.4504     0.998682      1.00085   0.00186711      5.45274      1.00217   0.00186957      1.98049     0.999483  5.17527e-05      1.66624      0.60146     -5.04422 
        -100      13.5007     0.998683      1.00085   0.00186737      5.45274      1.00217   0.00186983      1.98049     0.999483  5.17364e-05      1.66624      0.60146     -5.04422 
        -100      13.5511     0.998683      1.00085   0.00186763      5.45274      1.00217   0.00187009      1.98049     0.999484  5.17203e-05      1.66624     0.601459     -5.04422 
        -100      13.6016     0.998684      1.00085   0.00186789      5.45275      1.00217   0.00187036      1.98049     0.999484  5.17042e-05      1.66624     0.601459     -5.04422 
        -100      13.6523     0.998684      1.00085   0.00186816      5.45275      1.00217   0.00187062      1.98049     0.999484  5.16883e-05      1.66624     0.601458     -5.04422 
        -100       13.703     0.998685      1.00085   0.00186842      5.45275      1.00217   0.00187088      1.98049     0.999484  5.16724e-05      1.66624     0.601458     -5.04422 
        -100      13.7538     0.998685      1.00085   0.00186869      5.45275      1.00217   0.00187115       1.9805     0.999484  5.16566e-05      1.66624     0.601458     -5.04422 
        -100      13.8046     0.998685      1.00085   0.00186895      5.45275      1.00217   0.00187141       1.9805     0.999484  5.16409e-05      1.66624     0.601457     -5.04422 
        -100      13.8556     0.998686      1.00085   0.00186922      5.45276      1.00217   0.00187168       1.9805     0.999485  5.16253e-05      1.66624     0.601457     -5.04422 
        -100      13.9067     0.998686      1.00085   0.00186948      5.45276      1.00217   0.00187194       1.9805     0.999485  5.16099e-05      1.66624     0.601456     -5.04422 
        -100      13.9579     0.998687      1.00085   0.00186975      5.45276      1.00217   0.00187221       1.9805     0.999485  5.15945e-05      1.66624     0.601456     -5.04422 
        -100      14.0092     0.998687      1.00085   0.00187002      5.45276      1.00217   0.00187247       1.9805     0.999485  5.15792e-05      1.66624     0.601455     -5.04422 
        -100      14.0605     0.998688      1.00085   0.00187028      5.45277      1.00216   0.00187274       1.9805     0.999485   5.1564e-05      1.66624     0.601455     -5.04422 
        -100       14.112     0.998688      1.00085   0.00187055      5.45277      1.00216   0.00187301       1.9805     0.999485  5.15489e-05      1.66624     0.601454     -5.04422 
        -100      14.1635     0.998688      1.00085   0.00187082      5.45277      1.00216   0.00187328       1.9805     0.999486  5.15339e-05      1.66624     0.601454     -5.04422 
        -100      14.2152     0.998689      1.00085   0.00187109      5.45277      1.00216   0.00187355      1.98051     0.999486   5.1519e-05      1.66624     0.601454     -5.04422 
        -100      14.2669     0.998689      1.00085   0.00187136      5.45278      1.00216   0.00187382      1.98051     0.999486  5.15042e-05      1.66624     0.601453     -5.04422 
        -100      14.3187      0.99869      1.00085   0.00187163      5.45278      1.00216   0.00187409      1.98051     0.999486  5.14895e-05      1.66624     0.601453     -5.04422 
        -100      14.3707      0.99869      1.00085    0.0018719      5.45278      1.00216   0.00187436      1.98051     0.999486   5.1475e-05      1.66624     0.601452     -5.04422 
        -100      14.4227      0.99869      1.00085   0.00187217      5.45278      1.00216   0.00187463      1.98051     0.999486  5.14605e-05      1.66624     0.601452     -5.04422 
        -100      14.4748     0.998691      1.00085   0.00187245      5.45279      1.00216    0.0018749      1.98051     0.999486  5.14461e-05      1.66624     0.601451     -5.04422 
        -100       14.527     0.998691      1.00085   0.00187272      5.45279      1.00216   0.00187517      1.98051     0.999487  5.14319e-05      1.66624     0.601451     -5.04422 
        -100      14.5793     0.998691      1.00085   0.00187299      5.45279      1.00216   0.00187545      1.98051     0.999487  5.14177e-05      1.66624     0.601451     -5.04422 
        -100      14.6317     0.998692      1.00085   0.00187327      5.45279      1.00216   0.00187572      1.98051     0.999487  5.14037e-05      1.66624      0.60145     -5.04422 
        -100      14.6842     0.998692      1.00085   0.00187354      5.45279      1.00216   0.00187599      1.98052     0.999487  5.13897e-05      1.66624      0.60145     -5.04422 
        -100      14.7368     0.998693      1.00085   0.00187382       5.4528      1.00216   0.00187627      1.98052     0.999487  5.13759e-05      1.66624     0.601449     -5.04422 
        -100      14.7895     0.998693      1.00085   0.00187409       5.4528      1.00216   0.00187654      1.98052     0.999487  5.13622e-05      1.66624     0.601449     -5.04422 
        -100      14.8423     0.998693      1.00085   0.00187437       5.4528      1.00216   0.00187682      1.98052     0.999488  5.13485e-05      1.66624     0.601448     -5.04422 
        -100      14.8951     0.998694      1.00085   0.00187465       5.4528      1.00215    0.0018771      1.98052     0.999488   5.1335e-05      1.66624     0.601448     -5.04422 
        -100      14.9481     0.998694      1.00085   0.00187492      5.45281      1.00215   0.00187737      1.98052     0.999488  5.13216e-05      1.66624     0.601448     -5.04422 
        -100      15.0011     0.998695      1.00085    0.0018752      5.45281      1.00215   0.00187765      1.98052     0.999488  5.13084e-05      1.66624     0.601447     -5.04422 
        -100      15.0543     0.998695      1.00085   0.00187548      5.45281      1.00215   0.00187793      1.98052     0.999488  5.12952e-05      1.66624     0.601447     -5.04422 
        -100      15.1075     0.998694      1.00085   0.00185625       5.4528      1.00216   0.00185868      1.98052     0.999486  4.23852e-05      1.66624     0.601451     -5.14202 
        -100      15.1609     0.998694      1.00085   0.00185641       5.4528      1.00216   0.00185883      1.98052     0.999486   4.2369e-05      1.66624      0.60145     -5.14202 
        -100      15.2143     0.998695      1.00085   0.00185657       5.4528      1.00216   0.00185899      1.98052     0.999486  4.23528e-05      1.66624     0.601449     -5.14202 
        -100      15.2678     0.998695      1.00085   0.00185672      5.45281      1.00216   0.00185915      1.98052     0.999487  4.23366e-05      1.66624     0.601449     -5.14202 
        -100      15.3214     0.998696      1.00085   0.00185688      5.45281      1.00215   0.00185931      1.98052     0.999487  4.23205e-05      1.66624     0.601448     -5.14202 
        -100      15.3751     0.998696      1.00085   0.00185704      5.45281      1.00215   0.00185947      1.98052     0.999487  4.23044e-05      1.66624     0.601448     -5.14202 
        -100       15.429     0.998697      1.00085   0.00185721      5.45282      1.00215   0.00185963      1.98053     0.999487  4.22883e-05      1.66624     0.601447     -5.14202 
        -100      15.4828     0.998697      1.00085   0.00185737      5.45282      1.00215   0.00185979      1.98053     0.999487  4.22723e-05      1.66624     0.601447     -5.14202 
        -100      15.5368     0.998698      1.00085   0.00185753      5.45282      1.00215   0.00185995      1.98053     0.999488  4.22563e-05      1.66624     0.601446     -5.14202 
        -100      15.5909     0.998698      1.00085   0.00185769      5.45282      1.00215   0.00186011      1.98053     0.999488  4.22404e-05      1.66624     0.601446     -5.14202 
        -100      15.6451     0.998699      1.00085   0.00185786      5.45283      1.00215   0.00186028      1.98053     0.999488  4.22245e-05      1.66624     0.601445     -5.14202 
        -100      15.6994     0.998699      1.00085   0.00185802      5.45283      1.00215   0.00186044      1.98053     0.999488  4.22087e-05      1.66624     0.601444     -5.14202 
        -100      15.7537       0.9987      1.00085   0.00185819      5.45283      1.00215   0.00186061      1.98053     0.999488  4.21929e-05      1.66624     0.601444     -5.14202 
        -100      15.8082       0.9987      1.00085   0.00185835      5.45284      1.00215   0.00186077      1.98053     0.999488  4.21771e-05      1.66624     0.601443     -5.14202 
        -100      15.8628     0.998701      1.00084   0.00185852      5.45284      1.00215   0.00186094      1.98054     0.999489  4.21614e-05      1.66624     0.601443     -5.14202 
        -100      15.9174     0.998701      1.00084   0.00185869      5.45284      1.00215    0.0018611      1.98054     0.999489  4.21458e-05      1.66624     0.601442     -5.14202 
        -100      15.9722     0.998702      1.00084   0.00185885      5.45284      1.00214   0.00186127      1.98054     0.999489  4.21301e-05      1.66624     0.601442     -5.14202 
        -100       16.027     0.998702      1.00084   0.00185902      5.45285      1.00214   0.00186144      1.98054     0.999489  4.21146e-05      1.66624     0.601441     -5.14202 
        -100       16.082     0.998703      1.00084   0.00185919      5.45285      1.00214   0.00186161      1.98054     0.999489   4.2099e-05      1.66624     0.601441     -5.14202 
        -100       16.137     0.998703      1.00084   0.00185936      5.45285      1.00214   0.00186178      1.98054      0.99949  4.20836e-05      1.66624      0.60144     -5.14202 
        -100      16.1921     0.998704      1.00084   0.00185953      5.45286      1.00214   0.00186195      1.98054      0.99949  4.20681e-05      1.66624      0.60144     -5.14202 
        -100      16.2473     0.998704      1.00084   0.00185971      5.45286      1.00214   0.00186212      1.98055      0.99949  4.20527e-05      1.66624     0.601439     -5.14202 
        -100      16.3026     0.998705      1.00084   0.00185988      5.45286      1.00214   0.00186229      1.98055      0.99949  4.20374e-05      1.66624     0.601438     -5.14202 
        -100      16.3581     0.998705      1.00084   0.00186005      5.45286      1.00214   0.00186246      1.98055      0.99949  4.20221e-05      1.66624     0.601438     -5.14202 
        -100      16.4135     0.998706      1.00084   0.00186023      5.45287      1.00214   0.00186264      1.98055     0.999491  4.20068e-05      1.66624     0.601437     -5.14202 
        -100      16.4691     0.998706      1.00084    0.0018604      5.45287      1.00214   0.00186281      1.98055     0.999491  4.19916e-05      1.66624     0.601437     -5.14202 
        -100      16.5248     0.998707      1.00084   0.00186058      5.45287      1.00214   0.00186298      1.98055     0.999491  4.19765e-05      1.66624     0.601436     -5.14202 
        -100      16.5806     0.998707      1.00084   0.00186075      5.45288      1.00214   0.00186316      1.98055     0.999491  4.19613e-05      1.66624     0.601436     -5.14202 
        -100      16.6364     0.998708      1.00084   0.00186093      5.45288      1.00214   0.00186334      1.98056     0.999491  4.19463e-05      1.66624     0.601435     -5.14202 
        -100      16.6924     0.998708      1.00084   0.00186111      5.45288      1.00213   0.00186351      1.98056     0.999492  4.19313e-05      1.66624     0.601435     -5.14202 
        -100      16.7485     0.998709      1.00084   0.00186128      5.45288      1.00213   0.00186369      1.98056     0.999492  4.19163e-05      1.66624     0.601434     -5.14202 
        -100      16.8046     0.998709      1.00084   0.00186146      5.45289      1.00213   0.00186387      1.98056     0.999492  4.19014e-05      1.66624     0.601434     -5.14202 
        -100      16.8609      0.99871      1.00084   0.00186164      5.45289      1.00213   0.00186405      1.98056     0.999492  4.18865e-05      1.66624     0.601433     -5.14202 
        -100      16.9172      0.99871      1.00084   0.00186182      5.45289      1.00213   0.00186423      1.98056     0.999492  4.18717e-05      1.66624     0.601433     -5.14202 
        -100      16.9737     0.998711      1.00084   0.00186201      5.45289      1.00213   0.00186441      1.98056     0.999492   4.1857e-05      1.66624     0.601432     -5.14202 
        -100      17.0302     0.998711      1.00084   0.00186219       5.4529      1.00213   0.00186459      1.98056     0.999493  4.18423e-05      1.66624     0.601432     -5.14202 
        -100      17.0868     0.998712      1.00084   0.00186237       5.4529      1.00213   0.00186477      1.98057     0.999493  4.18276e-05      1.66624     0.601431     -5.14202 
        -100      17.1435     0.998712      1.00084   0.00186255       5.4529      1.00213   0.00186496      1.98057     0.999493   4.1813e-05      1.66624     0.601431     -5.14202 
        -100      17.2004     0.998713      1.00084   0.00186274      5.45291      1.00213   0.00186514      1.98057     0.999493  4.17985e-05      1.66624      0.60143     -5.14202 
        -100      17.2573     0.998713      1.00084   0.00186292      5.45291      1.00213   0.00186533      1.98057     0.999493   4.1784e-05      1.66624      0.60143     -5.14202 
        -100      17.3143     0.998713      1.00084   0.00186311      5.45291      1.00213   0.00186551      1.98057     0.999494  4.17695e-05      1.66624     0.601429     -5.14202 
        -100      17.3714     0.998714      1.00084    0.0018633      5.45291      1.00213    0.0018657      1.98057     0.999494  4.17551e-05      1.66624     0.601429     -5.14202 
        -100      17.4286     0.998714      1.00084   0.00186348      5.45292      1.00212   0.00186588      1.98057     0.999494  4.17408e-05      1.66624     0.601428     -5.14202 
        -100      17.4859     0.998715      1.00084   0.00186367      5.45292      1.00212   0.00186607      1.98057     0.999494  4.17265e-05      1.66625     0.601427     -5.14202 
        -100      17.5432     0.998715      1.00084   0.00186386      5.45292      1.00212   0.00186626      1.98058     0.999494  4.17123e-05      1.66625     0.601427     -5.14202 
        -100      17.6007     0.998716      1.00084   0.00186405      5.45292      1.00212   0.00186645      1.98058     0.999494  4.16981e-05      1.66625     0.601426     -5.14202 
        -100      17.6583     0.998716      1.00084   0.00186424      5.45293      1.00212   0.00186664      1.98058     0.999495   4.1684e-05      1.66625     0.601426     -5.14202 
        -100      17.7159     0.998717      1.00083   0.00186443      5.45293      1.00212   0.00186683      1.98058     0.999495  4.16699e-05      1.66625     0.601425     -5.14202 
        -100      17.7737     0.998717      1.00083   0.00186463      5.45293      1.00212   0.00186702      1.98058     0.999495  4.16559e-05      1.66625     0.601425     -5.14202 
        -100      17.8315     0.998718      1.00083   0.00186482      5.45293      1.00212   0.00186721      1.98058     0.999495   4.1642e-05      1.66625     0.601424     -5.14202 
        -100      17.8895     0.998718      1.00083   0.00186501      5.45294      1.00212   0.00186741      1.98058     0.999495  4.16281e-05      1.66625     0.601424     -5.14202 
        -100      17.9475     0.998718      1.00083   0.00186521      5.45294      1.00212    0.0018676      1.98058     0.999496  4.16143e-05      1.66625     0.601423     -5.14202 
        -100      18.0056     0.998719      1.00083    0.0018654      5.45294      1.00212    0.0018678      1.98059     0.999496  4.16005e-05      1.66625     0.601423     -5.14202 
        -100      18.0638     0.998719      1.00083    0.0018656      5.45295      1.00212   0.00186799      1.98059     0.999496  4.15868e-05      1.66625     0.601422     -5.14202 
        -100      18.1222      0.99872      1.00083    0.0018658      5.45295      1.00212   0.00186819      1.98059     0.999496  4.15731e-05      1.66625     0.601422     -5.14202 
        -100      18.1806      0.99872      1.00083     0.001866      5.45295      1.00211   0.00186839      1.98059     0.999496  4.15595e-05      1.66625     0.601422     -5.14202 
        -100      18.2391     0.998721      1.00083   0.00186619      5.45295      1.00211   0.00186858      1.98059     0.999496   4.1546e-05      1.66625     0.601421     -5.14202 
        -100      18.2977     0.998721      1.00083   0.00186639      5.45296      1.00211   0.00186878      1.98059     0.999497  4.15325e-05      1.66625     0.601421     -5.14202 
        -100      18.3564     0.998722      1.00083   0.00186659      5.45296      1.00211   0.00186898      1.98059     0.999497  4.15191e-05      1.66625      0.60142     -5.14202 
        -100      18.4152     0.998722      1.00083   0.00186679      5.45296      1.00211   0.00186918      1.98059     0.999497  4.15058e-05      1.66625      0.60142     -5.14202 
        -100       18.474     0.998722      1.00083     0.001867      5.45296      1.00211   0.00186939       1.9806     0.999497  4.14925e-05      1.66625     0.601419     -5.14202 
        -100       18.533     0.998723      1.00083    0.0018672      5.45297      1.00211   0.00186959       1.9806     0.999497  4.14792e-05      1.66625     0.601419     -5.14202 
        -100      18.5921     0.998723      1.00083    0.0018674      5.45297      1.00211   0.00186979       1.9806     0.999497  4.14661e-05      1.66625     0.601418     -5.14202 
        -100      18.6513     0.998724      1.00083   0.00186761      5.45297      1.00211   0.00186999       1.9806     0.999498   4.1453e-05      1.66625     0.601418     -5.14202 
        -100      18.7105     0.998724      1.00083   0.00186781      5.45297      1.00211    0.0018702       1.9806     0.999498  4.14399e-05      1.66625     0.601417     -5.14202 
        -100      18.7699     0.998725      1.00083   0.00186802      5.45298      1.00211    0.0018704       1.9806     0.999498  4.14269e-05      1.66625     0.601417     -5.14202 
        -100      18.8293     0.998725      1.00083   0.00186823      5.45298      1.00211   0.00187061       1.9806     0.999498   4.1414e-05      1.66625     0.601416     -5.14202 
        -100      18.8888     0.998725      1.00083   0.00186843      5.45298      1.00211   0.00187082       1.9806     0.999498  4.14012e-05      1.66625     0.601416     -5.14202 
        -100      18.9485     0.998726      1.00083   0.00186864      5.45298      1.00211   0.00187103      1.98061     0.999499  4.13884e-05      1.66625     0.601415     -5.14202 
        -100      19.0082     0.998726      1.00083   0.00186885      5.45299      1.00211   0.00187124      1.98061     0.999499  4.13757e-05      1.66625     0.601415     -5.14202 
        -100       19.068     0.998727      1.00083   0.00186906      5.45299       1.0021   0.00187145      1.98061     0.999499   4.1363e-05      1.66625     0.601414     -5.14202 
        -100       19.128     0.998727      1.00083   0.00186927      5.45299       1.0021   0.00187166      1.98061     0.999499  4.13504e-05      1.66625     0.601414     -5.14202 
        -100       19.188     0.998728      1.00083   0.00186949      5.45299       1.0021   0.00187187      1.98061     0.999499  4.13379e-05      1.66625     0.601413     -5.14202 
        -100      19.2481     0.998728      1.00083    0.0018697        5.453       1.0021   0.00187208      1.98061     0.999499  4.13254e-05      1.66625     0.601413     -5.14202 
        -100      19.3082     0.998728      1.00083   0.00186991        5.453       1.0021   0.00187229      1.98061     0.999499   4.1313e-05      1.66625     0.601413     -5.14202 
        -100      19.3686     0.998729      1.00083   0.00187013        5.453       1.0021   0.00187251      1.98061       0.9995  4.13007e-05      1.66625     0.601412     -5.14202 
        -100      19.4289     0.998729      1.00083   0.00187034        5.453       1.0021   0.00187272      1.98061       0.9995  4.12884e-05      1.66625     0.601412     -5.14202 
        -100      19.4894      0.99873      1.00083   0.00187056        5.453       1.0021   0.00187294      1.98062       0.9995  4.12762e-05      1.66625     0.601411     -5.14202 
        -100        19.55      0.99873      1.00083   0.00187078      5.45301       1.0021   0.00187315      1.98062       0.9995  4.12641e-05      1.66625     0.601411     -5.14202 
        -100      19.6107      0.99873      1.00083   0.00187099      5.45301       1.0021   0.00187337      1.98062       0.9995  4.12521e-05      1.66625      0.60141     -5.14202 
        -100      19.6714     0.998731      1.00083   0.00187121      5.45301       1.0021   0.00187359      1.98062       0.9995  4.12401e-05      1.66625      0.60141     -5.14202 
        -100      19.7323     0.998731      1.00083   0.00187143      5.45301       1.0021   0.00187381      1.98062     0.999501  4.12282e-05      1.66625     0.601409     -5.14202 
        -100      19.7932     0.998732      1.00083   0.00187165      5.45302       1.0021   0.00187403      1.98062     0.999501  4.12163e-05      1.66625     0.601409     -5.14202 
        -100      19.8542     0.998732      1.00083   0.00187187      5.45302       1.0021   0.00187425      1.98062     0.999501  4.12045e-05      1.66625     0.601409     -5.14202 
        -100      19.9154     0.998732      1.00082    0.0018721      5.45302      1.00209   0.00187447      1.98062     0.999501  4.11928e-05      1.66625     0.601408     -5.14202 
        -100      19.9767     0.998733      1.00082   0.00187232      5.45302      1.00209    0.0018747      1.98062     0.999501  4.11812e-05      1.66625     0.601408     -5.14202 
        -100       20.038     0.998733      1.00082   0.00187254      5.45303      1.00209   0.00187492      1.98063     0.999501  4.11696e-05      1.66625     0.601407     -5.14202 
        -100      20.0994     0.998734      1.00082   0.00187277      5.45303      1.00209   0.00187514      1.98063     0.999502  4.11581e-05      1.66625     0.601407     -5.14202 
        -100      20.1609     0.998734      1.00082     0.001873      5.45303      1.00209   0.00187537      1.98063     0.999502  4.11467e-05      1.66625     0.601406     -5.14202 
        -100      20.2225     0.998734      1.00082   0.00187322      5.45303      1.00209    0.0018756      1.98063     0.999502  4.11354e-05      1.66625     0.601406     -5.14202 
        -100      20.2842     0.998735      1.00082   0.00187345      5.45303      1.00209   0.00187582      1.98063     0.999502  4.11241e-05      1.66625     0.601405     -5.14202 
        -100       20.346     0.998739      1.00082   0.00185847      5.45306      1.00208   0.00186082      1.98064     0.999505  4.58814e-05      1.66625     0.601399     -5.06846 
        -100      20.4079      0.99874      1.00082   0.00185854      5.45306      1.00208   0.00186088      1.98064     0.999505  4.58634e-05      1.66625     0.601399     -5.06846 
        -100      20.4699      0.99874      1.00082    0.0018586      5.45307      1.00208   0.00186094      1.98065     0.999505  4.58454e-05      1.66625     0.601398     -5.06846 
        -100       20.532     0.998741      1.00082   0.00185867      5.45307      1.00208   0.00186101      1.98065     0.999505  4.58275e-05      1.66625     0.601397     -5.06846 
        -100      20.5941     0.998741      1.00082   0.00185873      5.45307      1.00208   0.00186108      1.98065     0.999505  4.58096e-05      1.66625     0.601397     -5.06846 
        -100      20.6564     0.998742      1.00082    0.0018588      5.45308      1.00208   0.00186114      1.98065     0.999506  4.57917e-05      1.66625     0.601396     -5.06846 
        -100      20.7187     0.998742      1.00082   0.00185887      5.45308      1.00208   0.00186121      1.98065     0.999506  4.57739e-05      1.66625     0.601396     -5.06846 
        -100      20.7812     0.998743      1.00082   0.00185894      5.45308      1.00208   0.00186128      1.98065     0.999506   4.5756e-05      1.66626     0.601395     -5.06846 
        -100      20.8437     0.998743      1.00082   0.00185901      5.45308      1.00208   0.00186135      1.98065     0.999506  4.57382e-05      1.66626     0.601395     -5.06846 
        -100      20.9064     0.998744      1.00082   0.00185909      5.45309      1.00207   0.00186143      1.98066     0.999506  4.57205e-05      1.66626     0.601394     -5.06846 
        -100      20.9691     0.998744      1.00082   0.00185916      5.45309      1.00207    0.0018615      1.98066     0.999507  4.57027e-05      1.66626     0.601394     -5.06846 
        -100      21.0319     0.998745      1.00081   0.00185924      5.45309      1.00207   0.00186158      1.98066     0.999507  4.56851e-05      1.66626     0.601393     -5.06846 
        -100      21.0949     0.998745      1.00081   0.00185932       5.4531      1.00207   0.00186165      1.98066     0.999507  4.56674e-05      1.66626     0.601392     -5.06846 
        -100      21.1579     0.998746      1.00081    0.0018594       5.4531      1.00207   0.00186173      1.98066     0.999507  4.56497e-05      1.66626     0.601392     -5.06846 
        -100       21.221     0.998746      1.00081   0.00185948       5.4531      1.00207   0.00186181      1.98066     0.999507  4.56321e-05      1.66626     0.601391     -5.06846 
        -100      21.2842     0.998747      1.00081   0.00185956      5.45311      1.00207   0.00186189      1.98066     0.999508  4.56146e-05      1.66626     0.601391     -5.06846 
        -100      21.3475     0.998747      1.00081   0.00185964      5.45311      1.00207   0.00186198      1.98067     0.999508   4.5597e-05      1.66626      0.60139     -5.06846 
        -100      21.4109     0.998748      1.00081   0.00185973      5.45311      1.00207   0.00186206      1.98067     0.999508  4.55795e-05      1.66626      0.60139     -5.06846 
        -100      21.4744     0.998748      1.00081   0.00185981      5.45311      1.00207   0.00186214      1.98067     0.999508   4.5562e-05      1.66626     0.601389     -5.06846 
        -100       21.538     0.998749      1.00081    0.0018599      5.45312      1.00207   0.00186223      1.98067     0.999508  4.55446e-05      1.66626     0.601389     -5.06846 
        -100      21.6016     0.998749      1.00081   0.00185999      5.45312      1.00207   0.00186232      1.98067     0.999509  4.55272e-05      1.66626     0.601388     -5.06846 
        -100      21.6654      0.99875      1.00081   0.00186008      5.45312      1.00206   0.00186241      1.98067     0.999509  4.55098e-05      1.66626     0.601387     -5.06846 
        -100      21.7292      0.99875      1.00081   0.00186017      5.45313      1.00206    0.0018625      1.98067     0.999509  4.54924e-05      1.66626     0.601387     -5.06846 
        -100      21.7932     0.998751      1.00081   0.00186027      5.45313      1.00206   0.00186259      1.98068     0.999509  4.54751e-05      1.66626     0.601386     -5.06846 
        -100      21.8572     0.998751      1.00081   0.00186036      5.45313      1.00206   0.00186269      1.98068     0.999509  4.54578e-05      1.66626     0.601386     -5.06846 
        -100      21.9214     0.998752      1.00081   0.00186046      5.45313      1.00206   0.00186278      1.98068      0.99951  4.54406e-05      1.66626     0.601385     -5.06846 
        -100      21.9857     0.998752      1.00081   0.00186056      5.45314      1.00206   0.00186288      1.98068      0.99951  4.54234e-05      1.66626     0.601385     -5.06846 
        -100        22.05     0.998753      1.00081   0.00186066      5.45314      1.00206   0.00186298      1.98068      0.99951  4.54062e-05      1.66626     0.601384     -5.06846 
        -100      22.1144     0.998753      1.00081   0.00186076      5.45314      1.00206   0.00186308      1.98068      0.99951   4.5389e-05      1.66626     0.601384     -5.06846 
        -100      22.1789     0.998754      1.00081   0.00186086      5.45315      1.00206   0.00186318      1.98068      0.99951  4.53719e-05      1.66626     0.601383     -5.06846 
        -100      22.2436     0.998754      1.00081   0.00186096      5.45315      1.00206   0.00186329      1.98069     0.999511  4.53549e-05      1.66626     0.601383     -5.06846 
        -100      22.3082     0.998755      1.00081   0.00186107      5.45315      1.00206   0.00186339      1.98069     0.999511  4.53378e-05      1.66626     0.601382     -5.06846 
        -100      22.3731     0.998755      1.00081   0.00186118      5.45315      1.00206    0.0018635      1.98069     0.999511  4.53208e-05      1.66626     0.601382     -5.06846 
        -100       22.438     0.998756      1.00081   0.00186128      5.45316      1.00205    0.0018636      1.98069     0.999511  4.53038e-05      1.66626     0.601381     -5.06846 
        -100      22.5029     0.998756      1.00081   0.00186139      5.45316      1.00205   0.00186371      1.98069     0.999511  4.52869e-05      1.66626      0.60138     -5.06846 
        -100       22.568     0.998757      1.00081   0.00186151      5.45316      1.00205   0.00186382      1.98069     0.999512    4.527e-05      1.66626      0.60138     -5.06846 
        -100      22.6332     0.998757      1.00081   0.00186162      5.45317      1.00205   0.00186394      1.98069     0.999512  4.52532e-05      1.66626     0.601379     -5.06846 
        -100      22.6985     0.998758      1.00081   0.00186173      5.45317      1.00205   0.00186405      1.98069     0.999512  4.52363e-05      1.66626     0.601379     -5.06846 
        -100      22.7638     0.998758      1.00081   0.00186185      5.45317      1.00205   0.00186417       1.9807     0.999512  4.52196e-05      1.66626     0.601378     -5.06846 
        -100      22.8293     0.998759      1.00081   0.00186197      5.45317      1.00205   0.00186428       1.9807     0.999512  4.52028e-05      1.66626     0.601378     -5.06846 
        -100      22.8948     0.998759      1.00081   0.00186209      5.45318      1.00205    0.0018644       1.9807     0.999513  4.51861e-05      1.66626     0.601377     -5.06846 
        -100      22.9605     0.998759      1.00081   0.00186221      5.45318      1.00205   0.00186452       1.9807     0.999513  4.51694e-05      1.66626     0.601377     -5.06846 
        -100      23.0263      0.99876      1.00081   0.00186233      5.45318      1.00205   0.00186464       1.9807     0.999513  4.51528e-05      1.66626     0.601376     -5.06846 
        -100      23.0921      0.99876       1.0008   0.00186245      5.45319      1.00205   0.00186477       1.9807     0.999513  4.51362e-05      1.66626     0.601376     -5.06846 
        -100       23.158     0.998761       1.0008   0.00186258      5.45319      1.00205   0.00186489       1.9807     0.999513  4.51197e-05      1.66626     0.601375     -5.06846 
        -100       23.224     0.998761       1.0008   0.00186271      5.45319      1.00205   0.00186502      1.98071     0.999513  4.51032e-05      1.66626     0.601375     -5.06846 
        -100      23.2902     0.998762       1.0008   0.00186284      5.45319      1.00204   0.00186515      1.98071     0.999514  4.50867e-05      1.66626     0.601374     -5.06846 
        -100      23.3564     0.998762       1.0008   0.00186297       5.4532      1.00204   0.00186527      1.98071     0.999514  4.50703e-05      1.66626     0.601374     -5.06846 
        -100      23.4227     0.998763       1.0008    0.0018631       5.4532      1.00204   0.00186541      1.98071     0.999514  4.50539e-05      1.66626     0.601373     -5.06846 
        -100      23.4891     0.998763       1.0008   0.00186323       5.4532      1.00204   0.00186554      1.98071     0.999514  4.50375e-05      1.66626     0.601373     -5.06846 
        -100      23.5556     0.998764       1.0008   0.00186337       5.4532      1.00204   0.00186567      1.98071     0.999514  4.50212e-05      1.66626     0.601372     -5.06846 
        -100      23.6222     0.998764       1.0008    0.0018635      5.45321      1.00204   0.00186581      1.98071     0.999515  4.50049e-05      1.66626     0.601372     -5.06846 
        -100      23.6888     0.998765       1.0008   0.00186364      5.45321      1.00204   0.00186595      1.98071     0.999515  4.49887e-05      1.66626     0.601371     -5.06846 
        -100      23.7556     0.998765       1.0008   0.00186378      5.45321      1.00204   0.00186609      1.98072     0.999515  4.49725e-05      1.66626      0.60137     -5.06846 
        -100      23.8225     0.998766       1.0008   0.00186392      5.45322      1.00204   0.00186623      1.98072     0.999515  4.49564e-05      1.66626      0.60137     -5.06846 
        -100      23.8895     0.998766       1.0008   0.00186407      5.45322      1.00204   0.00186637      1.98072     0.999515  4.49403e-05      1.66626     0.601369     -5.06846 
        -100      23.9565     0.998767       1.0008   0.00186421      5.45322      1.00204   0.00186651      1.98072     0.999516  4.49242e-05      1.66626     0.601369     -5.06846 
        -100      24.0237     0.998767       1.0008   0.00186436      5.45322      1.00204   0.00186666      1.98072     0.999516  4.49082e-05      1.66626     0.601368     -5.06846 
        -100      24.0909     0.998768       1.0008   0.00186451      5.45323      1.00204   0.00186681      1.98072     0.999516  4.48922e-05      1.66626     0.601368     -5.06846 
        -100      24.1582     0.998768       1.0008   0.00186466      5.45323      1.00203   0.00186696      1.98072     0.999516  4.48763e-05      1.66626     0.601367     -5.06846 
        -100      24.2257     0.998769       1.0008   0.00186481      5.45323      1.00203   0.00186711      1.98073     0.999516  4.48604e-05      1.66626     0.601367     -5.06846 
        -100      24.2932     0.998769       1.0008   0.00186496      5.45323      1.00203   0.00186726      1.98073     0.999516  4.48445e-05      1.66626     0.601366     -5.06846 
        -100      24.3608     0.998769       1.0008   0.00186512      5.45324      1.00203   0.00186742      1.98073     0.999517  4.48287e-05      1.66626     0.601366     -5.06846 
        -100      24.4285      0.99877       1.0008   0.00186527      5.45324      1.00203   0.00186757      1.98073     0.999517   4.4813e-05      1.66626     0.601365     -5.06846 
        -100      24.4964      0.99877       1.0008   0.00186543      5.45324      1.00203   0.00186773      1.98073     0.999517  4.47973e-05      1.66626     0.601365     -5.06846 
        -100      24.5643     0.998771       1.0008   0.00186559      5.45325      1.00203   0.00186789      1.98073     0.999517  4.47816e-05      1.66626     0.601364     -5.06846 
        -100      24.6323     0.998771       1.0008   0.00186575      5.45325      1.00203   0.00186805      1.98073     0.999517   4.4766e-05      1.66626     0.601364     -5.06846 
        -100      24.7004     0.998772       1.0008   0.00186592      5.45325      1.00203   0.00186821      1.98073     0.999518  4.47504e-05      1.66626     0.601363     -5.06846 
        -100      24.7685     0.998772       1.0008   0.00186608      5.45325      1.00203   0.00186838      1.98074     0.999518  4.47349e-05      1.66626     0.601363     -5.06846 
        -100      24.8368     0.998773       1.0008   0.00186625      5.45326      1.00203   0.00186854      1.98074     0.999518  4.47194e-05      1.66626     0.601362     -5.06846 
        -100      24.9052     0.998773       1.0008   0.00186642      5.45326      1.00203   0.00186871      1.98074     0.999518  4.47039e-05      1.66627     0.601362     -5.06846 
        -100      24.9737     0.998774       1.0008   0.00186659      5.45326      1.00203   0.00186888      1.98074     0.999518  4.46885e-05      1.66627     0.601361     -5.06846 
        -100      25.0423     0.998774       1.0008   0.00186676      5.45326      1.00202   0.00186905      1.98074     0.999518  4.46732e-05      1.66627     0.601361     -5.06846 
        -100      25.1109     0.998775       1.0008   0.00186694      5.45327      1.00202   0.00186923      1.98074     0.999519  4.46579e-05      1.66627      0.60136     -5.06846 
        -100      25.1796     0.998775       1.0008   0.00186711      5.45327      1.00202    0.0018694      1.98074     0.999519  4.46426e-05      1.66627      0.60136     -5.06846 
        -100      25.2485     0.998776       1.0008   0.00186729      5.45327      1.00202   0.00186958      1.98074     0.999519  4.46274e-05      1.66627     0.601359     -5.06846 
        -100      25.3174     0.998776       1.0008   0.00186747      5.45328      1.00202   0.00186976      1.98075     0.999519  4.46123e-05      1.66627     0.601359     -5.06846 
        -100      25.3864     0.998776       1.0008   0.00186765      5.45328      1.00202   0.00186994      1.98075     0.999519  4.45971e-05      1.66627     0.601358     -5.06846 
        -100      25.4556     0.998777      1.00079   0.00186783      5.45328      1.00202   0.00187012      1.98075      0.99952  4.45821e-05      1.66627     0.601358     -5.06846 
        -100      25.5248     0.998777      1.00079   0.00186802      5.45328      1.00202   0.00187031      1.98075      0.99952  4.45671e-05      1.66627     0.601357     -5.06846 
        -100      25.5941     0.998778      1.00079    0.0018682      5.45329      1.00202   0.00187049      1.98075      0.99952  4.45521e-05      1.66627     0.601357     -5.06846 
        -100      25.6635     0.998778      1.00079   0.00186839      5.45329      1.00202   0.00187068      1.98075      0.99952  4.45372e-05      1.66627     0.601356     -5.06846 
        -100       25.733     0.998779      1.00079   0.00186858      5.45329      1.00202   0.00187087      1.98075      0.99952  4.45223e-05      1.66627     0.601356     -5.06846 
        -100      25.8026     0.998779      1.00079   0.00186878      5.45329      1.00202   0.00187106      1.98075      0.99952  4.45075e-05      1.66627     0.601355     -5.06846 
        -100      25.8723      0.99878      1.00079   0.00186897       5.4533      1.00202   0.00187125      1.98076     0.999521  4.44927e-05      1.66627     0.601355     -5.06846 
        -100      25.9421      0.99878      1.00079   0.00186917       5.4533      1.00202   0.00187145      1.98076     0.999521   4.4478e-05      1.66627     0.601354     -5.06846 
        -100      26.0119     0.998781      1.00079   0.00186936       5.4533      1.00201   0.00187165      1.98076     0.999521  4.44634e-05      1.66627     0.601354     -5.06846 
        -100      26.0819     0.998781      1.00079   0.00186956       5.4533      1.00201   0.00187184      1.98076     0.999521  4.44487e-05      1.66627     0.601354     -5.06846 
        -100       26.152     0.998781      1.00079   0.00186976      5.45331      1.00201   0.00187204      1.98076     0.999521  4.44342e-05      1.66627     0.601353     -5.06846 
        -100      26.2221     0.998782      1.00079   0.00186997      5.45331      1.00201   0.00187225      1.98076     0.999522  4.44197e-05      1.66627     0.601353     -5.06846 
        -100      26.2924     0.998782      1.00079   0.00187017      5.45331      1.00201   0.00187245      1.98076     0.999522  4.44052e-05      1.66627     0.601352     -5.06846 
        -100      26.3627     0.998783      1.00079   0.00187038      5.45331      1.00201   0.00187266      1.98076     0.999522  4.43908e-05      1.66627     0.601352     -5.06846 
        -100      26.4332     0.998783      1.00079   0.00187059      5.45332      1.00201   0.00187287      1.98077     0.999522  4.43765e-05      1.66627     0.601351     -5.06846 
        -100      26.5037     0.998784      1.00079    0.0018708      5.45332      1.00201   0.00187308      1.98077     0.999522  4.43622e-05      1.66627     0.601351     -5.06846 
        -100      26.5744     0.998784      1.00079   0.00187101      5.45332      1.00201   0.00187329      1.98077     0.999522  4.43479e-05      1.66627      0.60135     -5.06846 
        -100      26.6451     0.998784      1.00079   0.00187122      5.45332      1.00201    0.0018735      1.98077     0.999523  4.43337e-05      1.66627      0.60135     -5.06846 
        -100      26.7159     0.998785      1.00079   0.00187144      5.45333      1.00201   0.00187372      1.98077     0.999523  4.43196e-05      1.66627     0.601349     -5.06846 
        -100      26.7868     0.998785      1.00079   0.00187166      5.45333      1.00201   0.00187394      1.98077     0.999523  4.43055e-05      1.66627     0.601349     -5.06846 
        -100      26.8578     0.998786      1.00079   0.00187188      5.45333      1.00201   0.00187415      1.98077     0.999523  4.42914e-05      1.66627     0.601348     -5.06846 
        -100      26.9289     0.998783       1.0008   0.00185872      5.45331      1.00202   0.00186098      1.98076     0.999519  2.80944e-05      1.66627     0.601356     -5.33276 
        -100      27.0001     0.998783       1.0008   0.00185883      5.45331      1.00202    0.0018611      1.98076     0.999519  2.80819e-05      1.66627     0.601355     -5.33276 
        -100      27.0714     0.998784       1.0008   0.00185895      5.45331      1.00202   0.00186121      1.98076     0.999519  2.80694e-05      1.66627     0.601355     -5.33276 
        -100      27.1428     0.998785       1.0008   0.00185907      5.45331      1.00201   0.00186133      1.98076     0.999519   2.8057e-05      1.66627     0.601354     -5.33276 
        -100      27.2143     0.998785       1.0008   0.00185918      5.45332      1.00201   0.00186145      1.98076      0.99952  2.80445e-05      1.66627     0.601353     -5.33276 
        -100      27.2859     0.998786       1.0008    0.0018593      5.45332      1.00201   0.00186156      1.98077      0.99952  2.80321e-05      1.66627     0.601353     -5.33276 
        -100      27.3575     0.998786       1.0008   0.00185942      5.45332      1.00201   0.00186168      1.98077      0.99952  2.80196e-05      1.66627     0.601352     -5.33276 
        -100      27.4293     0.998787      1.00079   0.00185953      5.45333      1.00201   0.00186179      1.98077      0.99952  2.80072e-05      1.66627     0.601352     -5.33276 
        -100      27.5011     0.998787      1.00079   0.00185965      5.45333      1.00201   0.00186191      1.98077      0.99952  2.79948e-05      1.66627     0.601351     -5.33276 
        -100      27.5731     0.998788      1.00079   0.00185976      5.45333      1.00201   0.00186202      1.98077     0.999521  2.79825e-05      1.66627      0.60135     -5.33276 
        -100      27.6451     0.998788      1.00079   0.00185988      5.45334      1.00201   0.00186213      1.98077     0.999521  2.79701e-05      1.66627      0.60135     -5.33276 
        -100      27.7172     0.998789      1.00079   0.00185999      5.45334      1.00201   0.00186225      1.98077     0.999521  2.79577e-05      1.66627     0.601349     -5.33276 
        -100      27.7895     0.998789      1.00079   0.00186011      5.45334      1.00201   0.00186236      1.98078     0.999521  2.79454e-05      1.66627     0.601349     -5.33276 
        -100      27.8618      0.99879      1.00079   0.00186022      5.45335      1.00201   0.00186248      1.98078     0.999521  2.79331e-05      1.66627     0.601348     -5.33276 
        -100      27.9342     0.998791      1.00079   0.00186034      5.45335        1.002   0.00186259      1.98078     0.999522  2.79208e-05      1.66627     0.601347     -5.33276 
        -100      28.0067     0.998791      1.00079   0.00186045      5.45335        1.002    0.0018627      1.98078     0.999522  2.79085e-05      1.66627     0.601347     -5.33276 
        -100      28.0793     0.998792      1.00079   0.00186056      5.45336        1.002   0.00186282      1.98078     0.999522  2.78962e-05      1.66627     0.601346     -5.33276 
        -100       28.152     0.998792      1.00079   0.00186068      5.45336        1.002   0.00186293      1.98078     0.999522  2.78839e-05      1.66627     0.601346     -5.33276 
        -100      28.2248     0.998793      1.00079   0.00186079      5.45336        1.002   0.00186304      1.98079     0.999523  2.78717e-05      1.66627     0.601345     -5.33276 
        -100      28.2977     0.998793      1.00079   0.00186091      5.45336        1.002   0.00186315      1.98079     0.999523  2.78594e-05      1.66627     0.601344     -5.33276 
        -100      28.3706     0.998794      1.00079   0.00186102      5.45337        1.002   0.00186327      1.98079     0.999523  2.78472e-05      1.66627     0.601344     -5.33276 
        -100      28.4437     0.998794      1.00079   0.00186113      5.45337        1.002   0.00186338      1.98079     0.999523   2.7835e-05      1.66627     0.601343     -5.33276 
        -100      28.5169     0.998795      1.00079   0.00186124      5.45337        1.002   0.00186349      1.98079     0.999523  2.78228e-05      1.66627     0.601343     -5.33276 
        -100      28.5902     0.998795      1.00079   0.00186136      5.45338        1.002    0.0018636      1.98079     0.999524  2.78107e-05      1.66627     0.601342     -5.33276 
        -100      28.6635     0.998796      1.00079   0.00186147      5.45338        1.002   0.00186371      1.98079     0.999524  2.77985e-05      1.66627     0.601341     -5.33276 
        -100       28.737     0.998797      1.00079   0.00186158      5.45338      1.00199   0.00186382       1.9808     0.999524  2.77864e-05      1.66627     0.601341     -5.33276 
        -100      28.8105     0.998797      1.00079   0.00186169      5.45339      1.00199   0.00186394       1.9808     0.999524  2.77743e-05      1.66627      0.60134     -5.33276 
        -100      28.8841     0.998798      1.00079   0.00186181      5.45339      1.00199   0.00186405       1.9808     0.999524  2.77622e-05      1.66627      0.60134     -5.33276 
        -100      28.9579     0.998798      1.00079   0.00186192      5.45339      1.00199   0.00186416       1.9808     0.999525  2.77501e-05      1.66627     0.601339     -5.33276 
        -100      29.0317     0.998799      1.00079   0.00186203       5.4534      1.00199   0.00186427       1.9808     0.999525   2.7738e-05      1.66627     0.601338     -5.33276 
        -100      29.1056     0.998799      1.00079   0.00186214       5.4534      1.00199   0.00186438       1.9808     0.999525  2.77259e-05      1.66627     0.601338     -5.33276 
        -100      29.1796       0.9988      1.00079   0.00186225       5.4534      1.00199   0.00186449       1.9808     0.999525  2.77139e-05      1.66627     0.601337     -5.33276 
        -100      29.2537       0.9988      1.00079   0.00186236      5.45341      1.00199    0.0018646      1.98081     0.999526  2.77019e-05      1.66627     0.601337     -5.33276 
        -100      29.3279     0.998801      1.00079   0.00186247      5.45341      1.00199   0.00186471      1.98081     0.999526  2.76899e-05      1.66627     0.601336     -5.33276 
        -100      29.4022     0.998801      1.00079   0.00186258      5.45341      1.00199   0.00186482      1.98081     0.999526  2.76779e-05      1.66627     0.601335     -5.33276 
        -100      29.4766     0.998802      1.00078   0.00186269      5.45341      1.00199   0.00186493      1.98081     0.999526  2.76659e-05      1.66627     0.601335     -5.33276 
        -100      29.5511     0.998802      1.00078    0.0018628      5.45342      1.00198   0.00186503      1.98081     0.999526   2.7654e-05      1.66627     0.601334     -5.33276 
        -100      29.6257     0.998803      1.00078   0.00186291      5.45342      1.00198   0.00186514      1.98081     0.999527  2.76421e-05      1.66627     0.601334     -5.33276 
        -100      29.7003     0.998804      1.00078   0.00186302      5.45342      1.00198   0.00186525      1.98082     0.999527  2.76301e-05      1.66627     0.601333     -5.33276 
        -100      29.7751     0.998804      1.00078   0.00186313      5.45343      1.00198   0.00186536      1.98082     0.999527  2.76182e-05      1.66627     0.601332     -5.33276 
        -100      29.8499     0.998805      1.00078   0.00186324      5.45343      1.00198   0.00186547      1.98082     0.999527  2.76064e-05      1.66627     0.601332     -5.33276 
        -100      29.9249     0.998805      1.00078   0.00186335      5.45343      1.00198   0.00186558      1.98082     0.999527  2.75945e-05      1.66627     0.601331     -5.33276 
        -100           30     0.998806      1.00078   0.00186345      5.45344      1.00198   0.00186568      1.98082     0.999528  2.75827e-05      1.66627     0.601331     -5.33276 
