Time u_L2 u_Linf u_H1 v_L2 v_Linf v_H1 p_L2 p_Linf p_H1
2.520000000116e+04 4.091959450999e+02 1.059197839762e+00 4.096119475099e+02 1.012258827353e+00 4.237843999301e-01 2.059103562302e+00 5.763764871143e-01 1.189392825911e-01 6.590404669365e-01
2.520010200116e+04 4.091958831002e+02 1.058630126495e+00 4.096118506649e+02 1.009918979970e+00 4.222043757188e-01 2.052945424486e+00 5.735282570340e-01 1.175010903343e-01 6.552465396535e-01
2.520020400116e+04 4.091958210244e+02 1.058067135693e+00 4.096117534477e+02 1.007565280089e+00 4.205577278838e-01 2.046632498417e+00 5.705104609487e-01 1.160187885379e-01 6.512789251239e-01
2.520030600116e+04 4.091957589399e+02 1.057498303630e+00 4.096116560103e+02 1.005201115635e+00 4.188491160682e-01 2.040171823319e+00 5.674892330341e-01 1.145397282725e-01 6.473095667880e-01
2.520040800116e+04 4.091956968921e+02 1.056931834484e+00 4.096115584113e+02 1.002829022470e+00 4.170819840079e-01 2.033571215301e+00 5.643968967176e-01 1.130197073633e-01 6.432769189792e-01
2.520051000116e+04 4.091956349032e+02 1.056368471155e+00 4.096114606918e+02 1.000451499825e+00 4.152597318555e-01 2.026837270784e+00 5.613490528593e-01 1.114612706838e-01 6.392834488986e-01
2.520061200116e+04 4.091955730041e+02 1.055807639106e+00 4.096113629047e+02 9.980710016515e-01 4.133855686523e-01 2.019976268182e+00 5.582364458156e-01 1.098913811755e-01 6.352348734499e-01
2.520071400116e+04 4.091955112367e+02 1.055247510545e+00 4.096112651165e+02 9.956899346529e-01 4.114625436633e-01 2.012994267411e+00 5.550771155574e-01 1.083212408291e-01 6.311487073745e-01
2.520081600116e+04 4.091954496495e+02 1.054691527895e+00 4.096111674015e+02 9.933106572514e-01 4.094935803282e-01 2.005897125485e+00 5.518169221049e-01 1.067153734632e-01 6.269790347016e-01
2.520091800116e+04 4.091953883025e+02 1.054149850708e+00 4.096110698472e+02 9.909354794549e-01 4.074814734406e-01 1.998690499958e+00 5.484288379817e-01 1.050751155929e-01 6.227037034634e-01
2.520102000116e+04 4.091953272627e+02 1.053616649814e+00 4.096109725495e+02 9.885666635539e-01 4.055105317150e-01 1.991379852570e+00 5.449015724179e-01 1.034296911813e-01 6.183143907914e-01
2.520112200116e+04 4.091952665934e+02 1.053090675066e+00 4.096108756013e+02 9.862064247833e-01 4.035286107403e-01 1.983970453477e+00 5.412541870389e-01 1.017692094586e-01 6.138295400833e-01
2.520122400116e+04 4.091952063571e+02 1.052571671385e+00 4.096107790957e+02 9.838569326238e-01 4.015138514628e-01 1.976467389308e+00 5.374691110738e-01 1.000795081071e-01 6.092353430426e-01
2.520132600116e+04 4.091951466218e+02 1.052065486983e+00 4.096106831323e+02 9.815203124842e-01 3.994688321324e-01 1.968875577009e+00 5.335345581690e-01 9.836204827292e-02 6.045231040057e-01
2.520142800116e+04 4.091950874538e+02 1.051569170023e+00 4.096105878093e+02 9.791986468327e-01 3.973959395419e-01 1.961199783722e+00 5.294653901128e-01 9.661851466695e-02 5.997076883623e-01
2.520153000116e+04 4.091950289175e+02 1.051085731785e+00 4.096104932241e+02 9.768939764663e-01 3.952973670426e-01 1.953444653519e+00 5.252579858573e-01 9.488598414216e-02 5.947877142241e-01
2.520163200116e+04 4.091949710788e+02 1.050616177679e+00 4.096103994757e+02 9.746083015037e-01 3.931751212744e-01 1.945614739723e+00 5.209126985296e-01 9.315481176044e-02 5.897653718868e-01
2.520173400116e+04 4.091949140017e+02 1.050162695803e+00 4.096103066620e+02 9.723435816604e-01 3.910310333932e-01 1.937714541219e+00 5.164407622787e-01 9.141101465295e-02 5.846525385127e-01
2.520183600116e+04 4.091948577482e+02 1.049720500978e+00 4.096102148793e+02 9.701017361577e-01 3.888667711325e-01 1.929748541407e+00 5.118479417849e-01 8.964968531911e-02 5.794563430229e-01
2.520193800116e+04 4.091948023804e+02 1.049297813751e+00 4.096101242247e+02 9.678846430813e-01 3.866838495838e-01 1.921721247578e+00 5.071329455697e-01 8.786808989459e-02 5.741777649084e-01
2.520204000116e+04 4.091947479615e+02 1.048889025119e+00 4.096100347965e+02 9.656941379429e-01 3.844836403174e-01 1.913637229262e+00 5.022982351240e-01 8.606760228711e-02 5.688211864158e-01
2.520214200116e+04 4.091946945542e+02 1.048499871315e+00 4.096099466938e+02 9.635320114110e-01 3.822673796331e-01 1.905501154784e+00 4.973498809872e-01 8.430371031808e-02 5.633942653511e-01
2.520224400116e+04 4.091946422212e+02 1.048129275119e+00 4.096098600155e+02 9.614000063398e-01 3.800361770994e-01 1.897317825575e+00 4.922922297409e-01 8.252789732172e-02 5.579032217257e-01
2.520234600116e+04 4.091945910257e+02 1.047772295158e+00 4.096097748623e+02 9.592998140770e-01 3.777910252921e-01 1.889092207543e+00 4.871266945016e-01 8.073673423960e-02 5.523517681326e-01
2.520244800116e+04 4.091945410331e+02 1.047434399900e+00 4.096096913375e+02 9.572330700444e-01 3.755328111385e-01 1.880829458574e+00 4.818509323454e-01 7.893137693408e-02 5.467403848102e-01
2.520255000116e+04 4.091944923116e+02 1.047120534239e+00 4.096096095481e+02 9.552013486057e-01 3.732623287545e-01 1.872534950841e+00 4.764623207356e-01 7.711295237323e-02 5.410693858843e-01
2.520265200116e+04 4.091944449326e+02 1.046822142039e+00 4.096095296050e+02 9.532061572659e-01 3.709802932930e-01 1.864214286367e+00 4.709587270074e-01 7.532394791196e-02 5.353395906780e-01
2.520275400116e+04 4.091943989715e+02 1.046538615450e+00 4.096094516241e+02 9.512489303213e-01 3.686873551882e-01 1.855873304604e+00 4.653372230970e-01 7.352630067219e-02 5.295511829030e-01
2.520285600116e+04 4.091943545082e+02 1.046275659968e+00 4.096093757265e+02 9.493310220831e-01 3.663841142252e-01 1.847518081460e+00 4.595962008759e-01 7.173073669030e-02 5.237055596599e-01
2.520295800116e+04 4.091943116272e+02 1.046031079273e+00 4.096093020390e+02 9.474536997674e-01 3.640711329844e-01 1.839154919995e+00 4.537394694292e-01 6.993816855816e-02 5.178089002062e-01
2.520306000116e+04 4.091942704161e+02 1.045805704671e+00 4.096092306923e+02 9.456181361691e-01 3.617489493682e-01 1.830790333808e+00 4.477805829444e-01 6.813778950884e-02 5.118758946344e-01
2.520316200116e+04 4.091942309645e+02 1.045594354675e+00 4.096091618196e+02 9.438254023089e-01 3.594180880568e-01 1.822431024830e+00 4.417407772141e-01 6.633059490858e-02 5.059278327026e-01
2.520326400116e+04 4.091941933630e+02 1.045397759939e+00 4.096090955560e+02 9.420764602986e-01 3.570790708144e-01 1.814083857552e+00 4.356453690272e-01 6.453475797452e-02 4.999893482444e-01
2.520336600116e+04 4.091941577031e+02 1.045216690149e+00 4.096090320383e+02 9.403721565634e-01 3.547324255643e-01 1.805755831597e+00 4.295270420304e-01 6.273769145349e-02 4.940911716086e-01
2.520346800116e+04 4.091941240761e+02 1.045055828550e+00 4.096089714026e+02 9.387132155371e-01 3.523786941400e-01 1.797454054673e+00 4.234283846109e-01 6.263556757952e-02 4.882721806368e-01
2.520357000116e+04 4.091940925712e+02 1.044908599572e+00 4.096089137836e+02 9.371002340671e-01 3.500943223134e-01 1.789185718194e+00 4.173983991972e-01 6.303626800549e-02 4.825761884049e-01
2.520367200116e+04 4.091940632753e+02 1.044773301305e+00 4.096088593129e+02 9.355336767371e-01 3.479930253394e-01 1.780958078057e+00 4.114907887548e-01 6.341245090731e-02 4.770503020504e-01
2.520377400116e+04 4.091940362726e+02 1.044644973080e+00 4.096088081186e+02 9.340138722143e-01 3.458952370056e-01 1.772778443027e+00 4.057656433592e-01 6.376407959279e-02 4.717462361798e-01
2.520387600116e+04 4.091940116430e+02 1.044535841916e+00 4.096087603230e+02 9.325410107390e-01 3.438012432638e-01 1.764654173021e+00 4.002888420215e-01 6.409112424811e-02 4.667196599532e-01
2.520397800116e+04 4.091939894610e+02 1.044440730256e+00 4.096087160414e+02 9.311151429079e-01 3.417113079975e-01 1.756592688946e+00 3.951296467020e-01 6.440074307712e-02 4.620280385547e-01
2.520408000116e+04 4.091939697951e+02 1.044352870457e+00 4.096086753798e+02 9.297361798477e-01 3.396256772445e-01 1.748601494561e+00 3.903585246890e-01 6.475893399692e-02 4.577287532113e-01
2.520418200116e+04 4.091939527064e+02 1.044274997436e+00 4.096086384338e+02 9.284038948166e-01 3.375445824390e-01 1.740688209369e+00 3.860451593425e-01 6.509060390261e-02 4.538774746650e-01
2.520428400116e+04 4.091939382481e+02 1.044204105391e+00 4.096086052870e+02 9.271179262352e-01 3.354682426057e-01 1.732860609988e+00 3.822560466995e-01 6.541550921813e-02 4.505262817246e-01
2.520438600116e+04 4.091939264644e+02 1.044133143861e+00 4.096085760091e+02 9.258777820975e-01 3.333968654821e-01 1.725126675813e+00 3.790520523203e-01 6.577777623645e-02 4.477218439505e-01
2.520448800116e+04 4.091939173887e+02 1.044083802152e+00 4.096085506536e+02 9.246828456819e-01 3.313306475973e-01 1.717494633233e+00 3.764851296901e-01 6.611106482715e-02 4.455029767922e-01
2.520459000116e+04 4.091939110430e+02 1.044037841500e+00 4.096085292562e+02 9.235323824786e-01 3.292697734035e-01 1.709972991358e+00 3.745943515639e-01 6.641510603276e-02 4.438976736103e-01
2.520469200116e+04 4.091939074365e+02 1.043993246757e+00 4.096085118338e+02 9.224255482077e-01 3.272144136012e-01 1.702570561130e+00 3.734031189104e-01 6.671652834058e-02 4.429211423863e-01
2.520479400116e+04 4.091939065652e+02 1.043959959890e+00 4.096084983833e+02 9.213613977332e-01 3.251647228359e-01 1.695296449116e+00 3.729172732631e-01 6.698891512690e-02 4.425745502031e-01
2.520489600116e+04 4.091939084109e+02 1.043925503282e+00 4.096084888802e+02 9.203388946927e-01 3.231208369810e-01 1.688160017819e+00 3.731232983237e-01 6.722970935793e-02 4.428437359992e-01
2.520499800116e+04 4.091939129402e+02 1.043899765474e+00 4.096084832784e+02 9.193569217246e-01 3.210828702530e-01 1.681170805942e+00 3.739881914734e-01 6.743835241109e-02 4.436991878416e-01
2.520510000116e+04 4.091939201063e+02 1.043861207481e+00 4.096084815121e+02 9.184142911497e-01 3.190509124127e-01 1.674338404931e+00 3.754622500692e-01 6.761439738565e-02 4.450983239315e-01
2.520520200116e+04 4.091939298506e+02 1.043852495171e+00 4.096084834972e+02 9.175097559079e-01 3.171995271769e-01 1.667672291948e+00 3.774830235139e-01 6.775751344124e-02 4.469886326269e-01
2.520530400116e+04 4.091939421039e+02 1.043824658721e+00 4.096084891342e+02 9.166420205714e-01 3.154820716731e-01 1.661181624215e+00 3.799792206635e-01 6.789141159579e-02 4.493107019982e-01
2.520540600116e+04 4.091939567882e+02 1.043815323531e+00 4.096084983098e+02 9.158097523340e-01 3.137764166014e-01 1.654875004499e+00 3.828754479393e-01 6.799194798748e-02 4.520019323410e-01
2.520550800116e+04 4.091939738196e+02 1.043802855039e+00 4.096085109008e+02 9.150115918917e-01 3.120779803673e-01 1.648760231609e+00 3.860971062956e-01 6.810359580198e-02 4.550004157811e-01
2.520561000116e+04 4.091939931098e+02 1.043790184841e+00 4.096085267764e+02 9.142461640792e-01 3.103864372096e-01 1.642844052225e+00 3.895734311935e-01 6.821410708942e-02 4.582473061007e-01
2.520571200116e+04 4.091940145683e+02 1.043776854524e+00 4.096085458007e+02 9.135120881252e-01 3.087014422434e-01 1.637131930711e+00 3.932376663920e-01 6.829158850989e-02 4.616868174973e-01
2.520581400116e+04 4.091940381020e+02 1.043765794883e+00 4.096085678333e+02 9.128079874285e-01 3.070226320813e-01 1.631627851724e+00 3.970265084316e-01 6.833582156836e-02 4.652656478554e-01
2.520591600116e+04 4.091940636156e+02 1.043747261004e+00 4.096085927298e+02 9.121324987986e-01 3.053496264832e-01 1.626334166675e+00 4.008799047124e-01 6.842410937503e-02 4.689327420676e-01
2.520601800116e+04 4.091940910111e+02 1.043741540136e+00 4.096086203420e+02 9.114842810920e-01 3.036820311909e-01 1.621251490440e+00 4.047407289773e-01 6.849391040047e-02 4.726389875677e-01
2.520612000116e+04 4.091941201872e+02 1.043727799226e+00 4.096086505176e+02 9.108620231693e-01 3.020194420182e-01 1.616378650252e+00 4.085547113823e-01 6.852651608851e-02 4.763371589819e-01
2.520622200116e+04 4.091941510396e+02 1.043716137622e+00 4.096086831009e+02 9.102644511166e-01 3.003614501917e-01 1.611712685414e+00 4.122720187859e-01 6.852154511038e-02 4.799833068030e-01
2.520632400116e+04 4.091941834614e+02 1.043706919268e+00 4.096087179337e+02 9.096903347038e-01 2.987076488583e-01 1.607248894593e+00 4.158504153429e-01 6.849305410856e-02 4.835395359464e-01
2.520642600116e+04 4.091942173455e+02 1.043695567918e+00 4.096087548580e+02 9.091384930569e-01 2.970576406137e-01 1.602980927030e+00 4.192604281342e-01 6.844289486032e-02 4.869785389285e-01
2.520652800116e+04 4.091942525878e+02 1.043684239823e+00 4.096087937198e+02 9.086077994850e-01 2.954871939951e-01 1.598900914439e+00 4.224884339906e-01 6.835384455251e-02 4.902863595077e-01
2.520663000116e+04 4.091942890910e+02 1.043669252772e+00 4.096088343730e+02 9.080971853743e-01 2.939553813837e-01 1.594999641152e+00 4.255360760477e-01 6.823490875882e-02 4.934619851202e-01
2.520673200116e+04 4.091943267675e+02 1.043642335184e+00 4.096088766825e+02 9.076056430395e-01 2.925958906744e-01 1.591266750439e+00 4.284160770377e-01 6.916426742515e-02 4.965138046866e-01
2.520683400116e+04 4.091943655399e+02 1.043636544572e+00 4.096089205253e+02 9.071322274543e-01 2.912868279037e-01 1.587690984334e+00 4.311453564415e-01 7.115464236015e-02 4.994537120521e-01
2.520693600116e+04 4.091944053403e+02 1.043605052444e+00 4.096089657897e+02 9.066760568197e-01 2.899928402307e-01 1.584260452476e+00 4.337371585775e-01 7.307294057242e-02 5.022903400845e-01
2.520703800116e+04 4.091944461071e+02 1.043593818932e+00 4.096090123715e+02 9.062363119884e-01 2.887004488161e-01 1.580962922826e+00 4.361945448837e-01 7.491891736207e-02 5.050234739677e-01
2.520714000116e+04 4.091944877798e+02 1.043572610384e+00 4.096090601696e+02 9.058122348301e-01 2.874089214993e-01 1.577786124547e+00 4.385061697647e-01 7.669260114899e-02 5.076404517473e-01
2.520724200116e+04 4.091945302949e+02 1.043538858311e+00 4.096091090811e+02 9.054031257006e-01 2.861175960642e-01 1.574718051520e+00 4.406476436070e-01 7.839435950047e-02 5.101174129689e-01
2.520734400116e+04 4.091945735819e+02 1.043527657469e+00 4.096091589977e+02 9.050083402419e-01 2.848258901057e-01 1.571747254377e+00 4.425887169293e-01 8.002501141225e-02 5.124255973727e-01
2.520744600116e+04 4.091946175634e+02 1.043492922211e+00 4.096092098056e+02 9.046272857654e-01 2.835333101620e-01 1.568863108938e+00 4.443049646555e-01 8.158596787612e-02 5.145415384912e-01
2.520754800116e+04 4.091946621582e+02 1.043477711527e+00 4.096092613887e+02 9.042594174342e-01 2.822394598428e-01 1.566056049617e+00 4.457902427441e-01 8.307936214665e-02 5.164579041654e-01
2.520765000116e+04 4.091947072884e+02 1.043451391683e+00 4.096093136363e+02 9.039042343848e-01 2.809440466691e-01 1.563317757528e+00 4.470651475601e-01 8.450812566826e-02 5.181908344174e-01
2.520775200116e+04 4.091947528873e+02 1.043420908636e+00 4.096093664515e+02 9.035612758486e-01 2.796468873514e-01 1.560641295507e+00 4.481782962990e-01 8.587598042671e-02 5.197810192091e-01
2.520785400116e+04 4.091947989078e+02 1.043381306497e+00 4.096094197597e+02 9.032301172778e-01 2.783479112749e-01 1.558021185928e+00 4.492002086564e-01 8.718734419344e-02 5.212883497719e-01
2.520795600116e+04 4.091948453273e+02 1.043355580227e+00 4.096094735146e+02 9.029103664680e-01 2.770471620241e-01 1.555453431502e+00 4.502114753713e-01 8.844716174209e-02 5.227816450046e-01
2.520805800116e+04 4.091948921492e+02 1.043318655389e+00 4.096095276997e+02 9.026016596907e-01 2.757447968762e-01 1.552935482791e+00 4.512884938954e-01 8.966069107064e-02 5.243263243121e-01
2.520816000116e+04 4.091949393996e+02 1.043270217270e+00 4.096095823263e+02 9.023036578965e-01 2.744410842936e-01 1.550466158323e+00 4.524903877812e-01 9.083328283725e-02 5.259731551494e-01
2.520826200116e+04 4.091949871207e+02 1.043249446897e+00 4.096096374260e+02 9.020160431099e-01 2.731363995575e-01 1.548045523970e+00 4.538499719944e-01 9.197018893973e-02 5.277505158079e-01
2.520836400116e+04 4.091950353610e+02 1.043208732616e+00 4.096096930425e+02 9.017385151904e-01 2.719505778426e-01 1.545674738831e+00 4.553705687775e-01 9.307642995682e-02 5.296616850698e-01
2.520846600116e+04 4.091950841663e+02 1.043157618568e+00 4.096097492217e+02 9.014707891583e-01 2.709315167139e-01 1.543355875633e+00 4.570293724547e-01 9.415673556279e-02 5.316877273549e-01
2.520856800116e+04 4.091951335722e+02 1.043132943259e+00 4.096098060044e+02 9.012125932707e-01 2.699068526831e-01 1.541091724715e+00 4.587860879922e-01 9.521554959170e-02 5.337948706387e-01
2.520867000116e+04 4.091951836002e+02 1.043089413822e+00 4.096098634222e+02 9.009636679707e-01 2.688769095472e-01 1.538885590885e+00 4.605947004392e-01 9.625707484186e-02 5.359445512178e-01
2.520877200116e+04 4.091952342580e+02 1.043048844016e+00 4.096099214974e+02 9.007237657422e-01 2.678421052441e-01 1.536741091650e+00 4.624159613713e-01 9.728533040664e-02 5.381040717966e-01
2.520887400116e+04 4.091952855434e+02 1.043009349657e+00 4.096099802465e+02 9.004926518044e-01 2.668029439709e-01 1.534661963611e+00 4.642270421868e-01 9.830418540356e-02 5.402548334553e-01
2.520897600116e+04 4.091953374504e+02 1.042970323347e+00 4.096100396859e+02 9.002701054844e-01 2.657600083786e-01 1.532651882296e+00 4.660258371122e-01 9.931734613163e-02 5.423959785781e-01
2.520907800116e+04 4.091953899756e+02 1.042928025548e+00 4.096100998375e+02 9.000559220547e-01 2.647139521175e-01 1.530714299885e+00 4.678290476059e-01 1.003282906351e-01 5.445426957280e-01
2.520918000116e+04 4.091954431227e+02 1.042875272667e+00 4.096101607328e+02 8.998499148143e-01 2.638153225874e-01 1.528852305065e+00 4.696645005301e-01 1.013401575138e-01 5.467195771477e-01
2.520928200116e+04 4.091954969047e+02 1.042830236687e+00 4.096102224142e+02 8.996519172308e-01 2.629531943001e-01 1.527068508807e+00 4.715602663870e-01 1.023556154508e-01 5.489512395509e-01
2.520938400116e+04 4.091955513414e+02 1.042786688695e+00 4.096102849323e+02 8.994617850427e-01 2.620870316042e-01 1.525364958822e+00 4.735335789821e-01 1.033767440395e-01 5.512527888807e-01
2.520948600116e+04 4.091956064546e+02 1.042726574613e+00 4.096103483402e+02 8.992793983062e-01 2.612173936009e-01 1.523743083841e+00 4.755821471082e-01 1.044049531439e-01 5.536223495266e-01
2.520958800116e+04 4.091956622616e+02 1.042682688154e+00 4.096104126859e+02 8.991046634440e-01 2.603448930569e-01 1.522203667519e+00 4.776806254441e-01 1.054409669724e-01 5.560380278618e-01
2.520969000116e+04 4.091957187679e+02 1.042644940855e+00 4.096104780053e+02 8.989375153873e-01 2.594701925044e-01 1.520746850941e+00 4.797821675474e-01 1.064848704493e-01 5.584592431544e-01
2.520979200116e+04 4.091957759623e+02 1.042591255535e+00 4.096105443161e+02 8.987779198929e-01 2.585940014969e-01 1.519372162282e+00 4.818251889749e-01 1.075362136908e-01 5.608325447282e-01
2.520989400116e+04 4.091958338141e+02 1.042533117029e+00 4.096106116149e+02 8.986258760623e-01 2.577170750647e-01 1.518078571425e+00 4.837424258055e-01 1.085941429340e-01 5.630994228905e-01
2.520999600116e+04 4.091958922733e+02 1.042501923106e+00 4.096106798766e+02 8.984814190247e-01 2.568402133406e-01 1.516864565931e+00 4.854713281378e-01 1.096575434387e-01 5.652052915325e-01
2.521009800116e+04 4.091959512736e+02 1.042480799483e+00 4.096107490578e+02 8.983446226734e-01 2.559642622558e-01 1.515728242890e+00 4.869618708535e-01 1.107251592229e-01 5.671062656992e-01
2.521020000116e+04 4.091960107370e+02 1.042457544933e+00 4.096108191004e+02 8.982156023045e-01 2.550901151493e-01 1.514667409712e+00 4.881816084960e-01 1.117956865027e-01 5.687735656673e-01
2.521030200116e+04 4.091960705788e+02 1.042461918849e+00 4.096108899371e+02 8.980945169983e-01 2.542187150899e-01 1.513679686568e+00 4.891163899427e-01 1.128678290814e-01 5.701941698530e-01
2.521040400116e+04 4.091961307124e+02 1.042444328534e+00 4.096109614958e+02 8.979815716067e-01 2.533510576819e-01 1.512762604019e+00 4.897685592018e-01 1.139403295931e-01 5.713692797077e-01
2.521050600116e+04 4.091961910535e+02 1.042435792874e+00 4.096110337037e+02 8.978770182567e-01 2.526322992753e-01 1.511913690947e+00 4.901527366917e-01 1.150119771345e-01 5.723106848520e-01
2.521060800116e+04 4.091962515222e+02 1.042422913024e+00 4.096111064901e+02 8.977811573346e-01 2.520064217673e-01 1.511130549575e+00 4.902915082204e-01 1.160816088888e-01 5.730370390245e-01
2.521071000116e+04 4.091963120449e+02 1.042397976700e+00 4.096111797877e+02 8.976943379606e-01 2.513783539085e-01 1.510410915812e+00 4.902112552263e-01 1.171481065905e-01 5.735702594786e-01
2.521081200116e+04 4.091963725546e+02 1.042399096649e+00 4.096112535335e+02 8.976169579988e-01 2.507491636955e-01 1.509752704492e+00 4.899392950294e-01 1.182103970048e-01 5.739330581707e-01
2.521091400116e+04 4.091964329909e+02 1.042375838495e+00 4.096113276687e+02 8.975494636631e-01 2.501200041435e-01 1.509154040343e+00 4.895019035262e-01 1.192674529349e-01 5.741472394881e-01
2.521101600116e+04 4.091964932996e+02 1.042346016458e+00 4.096114021388e+02 8.974923487805e-01 2.494921152705e-01 1.508613276790e+00 4.889234213801e-01 1.203182970734e-01 5.742329336402e-01
2.521111800116e+04 4.091965534320e+02 1.042355959855e+00 4.096114768931e+02 8.974461537714e-01 2.488668252702e-01 1.508129005422e+00 4.882261621783e-01 1.213620070913e-01 5.742085197395e-01
2.521122000116e+04 4.091966133445e+02 1.042341791598e+00 4.096115518845e+02 8.974114643920e-01 2.482455507522e-01 1.507700058957e+00 4.874304336984e-01 1.223977175333e-01 5.740906472972e-01
2.521132200116e+04 4.091966729981e+02 1.042363668650e+00 4.096116270690e+02 8.973889102741e-01 2.476297959570e-01 1.507325509900e+00 4.865542601437e-01 1.234246151895e-01 5.738940053195e-01
2.521142400116e+04 4.091967323577e+02 1.042638919039e+00 4.096117024057e+02 8.973791632858e-01 2.470211508881e-01 1.507004666146e+00 4.856132798012e-01 1.244419325934e-01 5.736312428742e-01
2.521152600116e+04 4.091967913914e+02 1.042958661938e+00 4.096117778563e+02 8.973829357258e-01 2.464212883354e-01 1.506737064185e+00 4.846201423446e-01 1.254489343933e-01 5.733124681279e-01
2.521162800116e+04 4.091968500697e+02 1.043252217076e+00 4.096118533842e+02 8.974009783589e-01 2.459178327432e-01 1.506522460340e+00 4.835834486666e-01 1.264448969733e-01 5.729443662549e-01
2.521173000116e+04 4.091969083638e+02 1.043519322486e+00 4.096119289534e+02 8.974340783029e-01 2.454535014102e-01 1.506360820565e+00 4.825073301541e-01 1.274290919652e-01 5.725298645798e-01
2.521183200116e+04 4.091969662443e+02 1.043818369564e+00 4.096120045273e+02 8.974830567835e-01 2.449924997650e-01 1.506252309307e+00 4.813915119971e-01 1.284007738217e-01 5.720682083536e-01
2.521193400116e+04 4.091970236794e+02 1.044145437922e+00 4.096120800675e+02 8.975487667848e-01 2.445364996765e-01 1.506197277733e+00 4.802327535009e-01 1.293591812342e-01 5.715561931214e-01
2.521203600116e+04 4.091970806343e+02 1.044445560937e+00 4.096121555327e+02 8.976320906338e-01 2.440872567280e-01 1.506196251327e+00 4.790272889973e-01 1.303035513582e-01 5.709902258166e-01
2.521213800116e+04 4.091971370713e+02 1.044718472010e+00 4.096122308793e+02 8.977339375574e-01 2.436466042528e-01 1.506249916767e+00 4.777737578277e-01 1.312331432750e-01 5.703687773185e-01
2.521224000116e+04 4.091971929506e+02 1.045007709748e+00 4.096123060628e+02 8.978552412422e-01 2.432164464934e-01 1.506359108151e+00 4.764767648884e-01 1.321472735303e-01 5.696953403750e-01
2.521234200116e+04 4.091972482332e+02 1.045341790121e+00 4.096123810397e+02 8.979969574120e-01 2.427987509654e-01 1.506524792833e+00 4.751489601104e-01 1.330453423775e-01 5.689801236781e-01
2.521244400116e+04 4.091973028840e+02 1.045648153699e+00 4.096124557716e+02 8.981600614113e-01 2.423955401172e-01 1.506748057173e+00 4.738114261795e-01 1.339268469217e-01 5.682403203085e-01
2.521254600116e+04 4.091973568755e+02 1.045926529730e+00 4.096125302286e+02 8.983455457645e-01 2.420088823796e-01 1.507030092083e+00 4.724920066910e-01 1.347913728072e-01 5.674986613010e-01
2.521264800116e+04 4.091974101910e+02 1.046240678372e+00 4.096126043918e+02 8.985544176642e-01 2.416408827013e-01 1.507372177827e+00 4.712215266908e-01 1.356385589668e-01 5.667802349735e-01
2.521275000116e+04 4.091974628256e+02 1.046554054557e+00 4.096126782551e+02 8.987876963413e-01 2.412936726687e-01 1.507775667156e+00 4.700286745687e-01 1.364680373058e-01 5.661082291558e-01
2.521285200116e+04 4.091975147864e+02 1.046854600764e+00 4.096127518247e+02 8.990464102810e-01 2.409694003057e-01 1.508241965899e+00 4.689352467846e-01 1.372793626744e-01 5.655000143776e-01
2.521295400116e+04 4.091975660893e+02 1.047154272760e+00 4.096128251156e+02 8.993315942790e-01 2.406702196515e-01 1.508772510403e+00 4.679516684636e-01 1.380719319678e-01 5.649634849476e-01
2.521305600116e+04 4.091976167539e+02 1.047465895495e+00 4.096128981467e+02 8.996442863640e-01 2.404267645890e-01 1.509368741546e+00 4.670751180694e-01 1.388449240535e-01 5.644955716310e-01
2.521315800116e+04 4.091976667978e+02 1.047748339115e+00 4.096129709338e+02 8.999855246530e-01 2.402850775576e-01 1.510032075190e+00 4.662893926632e-01 1.395972579991e-01 5.640821873041e-01
2.521326000116e+04 4.091977162287e+02 1.048071484496e+00 4.096130434830e+02 9.003563442314e-01 2.401655351431e-01 1.510763869115e+00 4.655674506640e-01 1.403275891986e-01 5.637003676522e-01
2.521336200116e+04 4.091977650395e+02 1.048383171631e+00 4.096131157836e+02 9.007577741595e-01 2.400704097588e-01 1.511565386633e+00 4.648754757161e-01 1.410343335216e-01 5.633216435983e-01
2.521346400116e+04 4.091978132032e+02 1.048665068774e+00 4.096131878039e+02 9.011908347022e-01 2.400019506780e-01 1.512437757540e+00 4.641787445077e-01 1.417157260026e-01 5.629168804741e-01
2.521356600116e+04 4.091978606715e+02 1.048967832843e+00 4.096132594889e+02 9.016565348428e-01 2.399623725639e-01 1.513381937571e+00 4.634472816226e-01 1.423698849529e-01 5.624609221966e-01
2.521366800116e+04 4.091979073757e+02 1.049305842129e+00 4.096133307611e+02 9.021558701042e-01 2.399538442688e-01 1.514398667855e+00 4.626615858262e-01 1.429948867213e-01 5.619372797800e-01
2.521377000116e+04 4.091979532308e+02 1.049613498158e+00 4.096134015233e+02 9.026898206449e-01 2.399784779781e-01 1.515488435926e+00 4.618162974404e-01 1.435888207459e-01 5.613411106003e-01
2.521387200116e+04 4.091979981404e+02 1.049890535126e+00 4.096134716646e+02 9.032593495553e-01 2.400383187607e-01 1.516651439443e+00 4.609216762582e-01 1.441498245564e-01 5.606803877036e-01
2.521397400116e+04 4.091980420034e+02 1.050213857150e+00 4.096135410657e+02 9.038654012405e-01 2.401353345784e-01 1.517887553387e+00 4.600021269540e-01 1.446760866366e-01 5.599746415571e-01
2.521407600116e+04 4.091980847202e+02 1.050547623222e+00 4.096136096052e+02 9.045088997619e-01 2.402714067952e-01 1.519196301102e+00 4.590924642231e-01 1.451658224742e-01 5.592518586816e-01
2.521417800116e+04 4.091981261979e+02 1.050850199280e+00 4.096136771646e+02 9.051907470140e-01 2.404483212157e-01 1.520576829514e+00 4.582327828599e-01 1.456172290979e-01 5.585442615268e-01
2.521428000116e+04 4.091981663531e+02 1.051146994245e+00 4.096137436312e+02 9.059118206317e-01 2.406966407594e-01 1.522027888989e+00 4.574632199891e-01 1.460284281301e-01 5.578840328853e-01
2.521438200116e+04 4.091982051138e+02 1.051479611008e+00 4.096138088996e+02 9.066729715633e-01 2.411188378278e-01 1.523547818424e+00 4.568199578116e-01 1.463974128382e-01 5.573000869250e-01
2.521448400116e+04 4.091982424178e+02 1.051785669943e+00 4.096138728707e+02 9.074750212832e-01 2.415986809795e-01 1.525134536292e+00 4.563330497239e-01 1.467220078594e-01 5.568163524159e-01
2.521458600116e+04 4.091982782110e+02 1.052098725502e+00 4.096139354501e+02 9.083187586607e-01 2.421365754931e-01 1.526785538285e+00 4.560263199844e-01 1.469998526256e-01 5.564517596524e-01
2.521468800116e+04 4.091983124440e+02 1.052416640973e+00 4.096139965449e+02 9.092049365345e-01 2.427327807265e-01 1.528497902262e+00 4.559188780632e-01 1.472284168227e-01 5.562215461387e-01
2.521479000116e+04 4.091983450695e+02 1.052706478019e+00 4.096140560620e+02 9.101342680633e-01 2.433874075749e-01 1.530268301407e+00 4.560272230433e-01 1.474050331733e-01 5.561390398802e-01
2.521489200116e+04 4.091983760393e+02 1.053042872558e+00 4.096141139061e+02 9.111074229344e-01 2.441004162979e-01 1.532093026951e+00 4.563674271513e-01 1.475269636691e-01 5.562175052496e-01
2.521499400116e+04 4.091984053040e+02 1.053356279359e+00 4.096141699793e+02 9.121250235070e-01 2.448716147060e-01 1.533968022359e+00 4.569563040970e-01 1.475914723962e-01 5.564711588283e-01
2.521509600116e+04 4.091984328129e+02 1.053636613351e+00 4.096142241833e+02 9.131876409592e-01 2.457006566912e-01 1.535888931402e+00 4.578113663667e-01 1.475959096759e-01 5.569151950841e-01
2.521519800116e+04 4.091984585156e+02 1.053982049328e+00 4.096142764215e+02 9.142957914922e-01 2.465870410892e-01 1.537851162749e+00 4.589493820034e-01 1.475377872394e-01 5.575646604550e-01
2.521530000116e+04 4.091984823651e+02 1.054312657505e+00 4.096143266033e+02 9.154499326338e-01 2.475301108520e-01 1.539849973551e+00 4.603838164380e-01 1.474148516079e-01 5.584323973425e-01
2.521540200116e+04 4.091985043212e+02 1.054609604622e+00 4.096143746490e+02 9.166504596685e-01 2.485290525095e-01 1.541880573950e+00 4.621216116695e-01 1.472251421299e-01 5.595264122343e-01
2.521550400116e+04 4.091985243540e+02 1.054917773657e+00 4.096144204949e+02 9.178977022190e-01 2.495828958881e-01 1.543938253695e+00 4.641600177320e-01 1.469670358385e-01 5.608472392779e-01
2.521560600116e+04 4.091985424471e+02 1.055265525288e+00 4.096144640976e+02 9.191919209999e-01 2.506905140513e-01 1.546018531069e+00 4.664842442927e-01 1.466392785910e-01 5.623859229535e-01
2.521570800116e+04 4.091985586007e+02 1.055579044525e+00 4.096145054379e+02 9.205333047646e-01 2.518506234160e-01 1.548117323322e+00 4.690664128182e-01 1.462410057694e-01 5.641230208256e-01
2.521581000116e+04 4.091985728326e+02 1.055885394662e+00 4.096145445233e+02 9.219219674703e-01 2.530617839977e-01 1.550231136625e+00 4.718662413039e-01 1.457717548394e-01 5.660290042540e-01
2.521591200116e+04 4.091985851789e+02 1.056222715877e+00 4.096145813889e+02 9.233579456854e-01 2.544132394136e-01 1.552357272219e+00 4.748334882205e-01 1.452314706705e-01 5.680661137942e-01
2.521601400116e+04 4.091985956927e+02 1.056540206732e+00 4.096146160971e+02 9.248411962650e-01 2.559240794712e-01 1.554494043842e+00 4.779119788441e-01 1.446205069736e-01 5.701915630924e-01
2.521611600116e+04 4.091986044422e+02 1.056860989659e+00 4.096146487351e+02 9.263715943179e-01 2.574729419909e-01 1.556640999829e+00 4.810442557329e-01 1.439396286913e-01 5.723613258815e-01
2.521621800116e+04 4.091986115074e+02 1.057178506408e+00 4.096146794118e+02 9.279489314854e-01 2.590571567453e-01 1.558799141599e+00 4.841767958629e-01 1.431900091351e-01 5.745344764938e-01
2.521632000116e+04 4.091986169758e+02 1.057496263567e+00 4.096147082529e+02 9.295729145453e-01 2.606739253336e-01 1.560971128893e+00 4.872642142260e-01 1.423732332598e-01 5.766767574306e-01
2.521642200116e+04 4.091986209389e+02 1.057831029081e+00 4.096147353952e+02 9.312431643536e-01 2.623203227257e-01 1.563161461383e+00 4.902728192498e-01 1.414912930712e-01 5.787636591161e-01
2.521652400116e+04 4.091986234870e+02 1.058130000940e+00 4.096147609813e+02 9.329592151281e-01 2.639932991050e-01 1.565376626260e+00 4.931820456574e-01 1.405465897689e-01 5.807817371915e-01
2.521662600116e+04 4.091986247055e+02 1.058463452140e+00 4.096147851537e+02 9.347205140752e-01 2.656896819871e-01 1.567625202268e+00 4.959845102121e-01 1.395419281460e-01 5.827287587675e-01
2.521672800116e+04 4.091986246722e+02 1.058805877044e+00 4.096148080495e+02 9.365264213592e-01 2.674061784459e-01 1.569917912282e+00 4.986840998666e-01 1.384805099552e-01 5.846121478451e-01
2.521683000116e+04 4.091986234544e+02 1.059111980634e+00 4.096148297964e+02 9.383762104036e-01 2.691393770579e-01 1.572267618678e+00 5.012929995124e-01 1.373659165885e-01 5.864464787408e-01
2.521693200116e+04 4.091986211090e+02 1.059432333700e+00 4.096148505097e+02 9.402690685129e-01 2.708857489158e-01 1.574689258285e+00 5.038276616719e-01 1.362020825663e-01 5.882500117020e-01
2.521703400116e+04 4.091986176823e+02 1.059782212777e+00 4.096148702906e+02 9.422040977936e-01 2.726416467749e-01 1.577199716255e+00 5.063046130141e-01 1.349932519062e-01 5.900410351664e-01
2.521713600116e+04 4.091986132128e+02 1.060095276156e+00 4.096148892265e+02 9.441803163451e-01 2.744033011356e-01 1.579817640641e+00 5.087365396182e-01 1.337439146526e-01 5.918344035483e-01
2.521723800116e+04 4.091986077333e+02 1.060426518105e+00 4.096149073917e+02 9.461966596841e-01 2.762080656013e-01 1.582563201490e+00 5.111295949401e-01 1.324587150198e-01 5.936390968863e-01
2.521734000116e+04 4.091986012751e+02 1.060756569397e+00 4.096149248500e+02 9.482519823571e-01 2.780153474761e-01 1.585457799974e+00 5.134816259282e-01 1.311423363524e-01 5.954565613733e-01
2.521744200116e+04 4.091985938716e+02 1.061084181292e+00 4.096149416562e+02 9.503450596954e-01 2.798032214417e-01 1.588523734199e+00 5.157822426875e-01 1.297993550988e-01 5.972806462304e-01
2.521754400116e+04 4.091985855610e+02 1.061412230418e+00 4.096149578594e+02 9.524745896623e-01 2.815664090210e-01 1.591783829172e+00 5.180147137213e-01 1.284340682723e-01 5.990991431528e-01
2.521764600116e+04 4.091985763888e+02 1.061721112982e+00 4.096149735040e+02 9.546391947498e-01 2.832993057848e-01 1.595261038926e+00 5.201591811469e-01 1.270503017729e-01 6.008965069932e-01
2.521774800116e+04 4.091985664085e+02 1.062070433487e+00 4.096149886302e+02 9.568374238890e-01 2.849959469244e-01 1.598978029278e+00 5.221967245458e-01 1.256512103220e-01 6.026573556965e-01
2.521785000116e+04 4.091985556804e+02 1.062381827608e+00 4.096150032737e+02 9.590677543497e-01 2.866499894973e-01 1.602956750355e+00 5.241140553532e-01 1.242390763497e-01 6.043705578832e-01
2.521795200116e+04 4.091985442693e+02 1.062709157828e+00 4.096150174633e+02 9.613285936159e-01 2.882547229076e-01 1.607218008969e+00 5.259075140158e-01 1.228151273017e-01 6.060327472873e-01
2.521805400116e+04 4.091985322403e+02 1.063056747478e+00 4.096150312182e+02 9.636182812356e-01 2.898131217743e-01 1.611781052191e+00 5.275855279220e-01 1.213793864542e-01 6.076505168612e-01
2.521815600116e+04 4.091985196544e+02 1.063365952113e+00 4.096150445439e+02 9.659350906473e-01 2.913842197302e-01 1.616663174960e+00 5.291697375008e-01 1.199305648800e-01 6.092414579436e-01
2.521825800116e+04 4.091985065634e+02 1.063693759340e+00 4.096150574291e+02 9.682772309911e-01 2.929051733826e-01 1.621879365910e+00 5.306931042255e-01 1.184660205638e-01 6.108325726059e-01
2.521836000116e+04 4.091984930054e+02 1.064039123988e+00 4.096150698423e+02 9.706428489036e-01 2.943689801940e-01 1.627442006317e+00 5.321970221090e-01 1.169817748052e-01 6.124578138596e-01
2.521846200116e+04 4.091984790017e+02 1.064345634944e+00 4.096150817305e+02 9.730300302928e-01 2.957684665911e-01 1.633360636668e+00 5.337261703249e-01 1.154726091099e-01 6.141536637940e-01
2.521856400116e+04 4.091984645554e+02 1.064689526252e+00 4.096150930193e+02 9.754368020756e-01 2.970964782131e-01 1.639641803420e+00 5.353234304909e-01 1.151305362291e-01 6.159547751061e-01
2.521866600116e+04 4.091984496517e+02 1.065013487758e+00 4.096151036151e+02 9.778611338531e-01 2.983461432113e-01 1.646288994793e+00 5.370243058603e-01 1.149637471248e-01 6.178891909148e-01
2.521876800116e+04 4.091984342615e+02 1.065339208246e+00 4.096151134097e+02 9.803009394957e-01 2.995112110224e-01 1.653302669054e+00 5.388529530949e-01 1.147191996732e-01 6.199749747119e-01
2.521887000116e+04 4.091984183461e+02 1.065657484009e+00 4.096151222868e+02 9.827540786085e-01 3.005864628618e-01 1.660680372190e+00 5.408188071983e-01 1.143878248573e-01 6.222173571640e-01
2.521897200116e+04 4.091984018640e+02 1.065982854681e+00 4.096151301300e+02 9.852183578615e-01 3.015681828487e-01 1.668416934779e+00 5.429151154879e-01 1.139609543531e-01 6.246075341677e-01
2.521907400116e+04 4.091983847789e+02 1.066304791261e+00 4.096151368313e+02 9.876915321829e-01 3.024546706704e-01 1.676504731314e+00 5.451186275531e-01 1.134305562575e-01 6.271224543470e-01
2.521917600116e+04 4.091983670679e+02 1.066598154891e+00 4.096151423002e+02 9.901713058355e-01 3.032467687210e-01 1.684933980068e+00 5.473912056489e-01 1.127894078957e-01 6.297262576418e-01
2.521927800116e+04 4.091983487290e+02 1.066948160959e+00 4.096151464716e+02 9.926553334193e-01 3.039483695016e-01 1.693693058742e+00 5.496827880593e-01 1.120312000749e-01 6.323728739965e-01
2.521938000116e+04 4.091983297872e+02 1.067257772713e+00 4.096151493121e+02 9.951412208607e-01 3.046381772587e-01 1.702768811012e+00 5.519361591870e-01 1.121919503722e-01 6.350101820957e-01
2.521948200116e+04 4.091983102987e+02 1.067554376645e+00 4.096151508242e+02 9.976265264652e-01 3.053355551010e-01 1.712146822009e+00 5.540930531648e-01 1.135077314114e-01 6.375853221109e-01
2.521958400116e+04 4.091982903524e+02 1.067891700761e+00 4.096151510479e+02 1.000108762114e+00 3.059297498678e-01 1.721811646213e+00 5.561012656318e-01 1.147769518688e-01 6.400508806910e-01
2.521968600116e+04 4.091982700687e+02 1.068187949445e+00 4.096151500596e+02 1.002585394687e+00 3.064261853669e-01 1.731746978643e+00 5.579224463044e-01 1.160572220393e-01 6.423716577946e-01
2.521978800116e+04 4.091982495958e+02 1.068499596965e+00 4.096151479683e+02 1.005053847779e+00 3.068340431366e-01 1.741935768418e+00 5.595385375254e-01 1.173355569178e-01 6.445302356586e-01
2.521989000116e+04 4.091982291031e+02 1.068799317530e+00 4.096151449092e+02 1.007511503781e+00 3.071664971056e-01 1.752360281531e+00 5.609567297021e-01 1.185657100742e-01 6.465312267546e-01
2.521999200116e+04 4.091982087742e+02 1.069098800820e+00 4.096151410365e+02 1.009955706354e+00 3.074407720536e-01 1.763002125773e+00 5.622113436413e-01 1.198356029860e-01 6.484028168433e-01
2.522009400116e+04 4.091981887975e+02 1.069390882838e+00 4.096151365142e+02 1.012383763343e+00 3.086798006276e-01 1.773842254350e+00 5.633622329597e-01 1.210535479343e-01 6.501952630515e-01
2.522019600116e+04 4.091981693570e+02 1.069682599548e+00 4.096151315075e+02 1.014792950129e+00 3.129011636435e-01 1.784860965180e+00 5.644896602512e-01 1.222523273196e-01 6.519763361209e-01
2.522029800116e+04 4.091981506239e+02 1.069969733516e+00 4.096151261736e+02 1.017180513439e+00 3.172194048957e-01 1.796037910435e+00 5.656861836972e-01 1.234270647112e-01 6.538242102957e-01
2.522040000116e+04 4.091981327483e+02 1.070225331066e+00 4.096151206545e+02 1.019543675584e+00 3.215942296849e-01 1.807352126073e+00 5.670467354610e-01 1.245644700392e-01 6.558188571219e-01
2.522050200116e+04 4.091981158528e+02 1.070530688314e+00 4.096151150705e+02 1.021879639144e+00 3.260615872790e-01 1.818782085083e+00 5.686580601486e-01 1.256904700382e-01 6.580329678114e-01
2.522060400116e+04 4.091981000278e+02 1.070792494062e+00 4.096151095155e+02 1.024185592052e+00 3.304772787589e-01 1.830305772089e+00 5.705893380148e-01 1.267974741064e-01 6.605239686617e-01
2.522070600116e+04 4.091980853283e+02 1.071044400879e+00 4.096151040545e+02 1.026458713090e+00 3.347696823809e-01 1.841900772113e+00 5.728850740527e-01 1.278541036597e-01 6.633280265103e-01
2.522080800116e+04 4.091980717735e+02 1.071323673916e+00 4.096150987230e+02 1.028696177775e+00 3.389216080277e-01 1.853544363501e+00 5.755615187287e-01 1.288699748574e-01 6.664570916095e-01
2.522091000116e+04 4.091980593482e+02 1.071558364531e+00 4.096150935286e+02 1.030895164639e+00 3.429837172433e-01 1.865213604733e+00 5.786069077602e-01 1.299206425904e-01 6.698991891716e-01
2.522101200116e+04 4.091980480064e+02 1.071815872241e+00 4.096150884538e+02 1.033052861899e+00 3.469503920519e-01 1.876885406967e+00 5.819853893069e-01 1.309218930966e-01 6.736218323040e-01
2.522111400116e+04 4.091980376765e+02 1.072051628009e+00 4.096150834614e+02 1.035166474529e+00 3.507679635585e-01 1.888536588124e+00 5.856437626476e-01 1.318735431472e-01 6.775778116082e-01
2.522121600116e+04 4.091980282687e+02 1.072281206638e+00 4.096150785010e+02 1.037233231735e+00 3.544295952540e-01 1.900143909235e+00 5.895197785844e-01 1.327778000691e-01 6.817123100206e-01
2.522131800116e+04 4.091980196824e+02 1.072491520691e+00 4.096150735162e+02 1.039250394832e+00 3.579342486297e-01 1.911684098613e+00 5.935504927394e-01 1.337261681989e-01 6.859700689172e-01
2.522142000116e+04 4.091980118147e+02 1.072714613899e+00 4.096150684520e+02 1.041215265516e+00 3.612858271316e-01 1.923133873214e+00 5.976791818366e-01 1.346238222028e-01 6.903013364191e-01
2.522152200116e+04 4.091980045680e+02 1.072909558746e+00 4.096150632615e+02 1.043125194501e+00 3.644921133668e-01 1.934469968611e+00 6.018601189015e-01 1.354693367407e-01 6.946659923161e-01
2.522162400116e+04 4.091979978557e+02 1.073097617783e+00 4.096150579114e+02 1.044977590466e+00 3.675636133487e-01 1.945669188950e+00 6.060602055772e-01 1.362824782512e-01 6.990349729274e-01
2.522172600116e+04 4.091979916064e+02 1.073299587599e+00 4.096150523849e+02 1.046769929247e+00 3.705124175193e-01 1.956708486171e+00 6.102578112337e-01 1.370981282470e-01 7.033892818051e-01
2.522182800116e+04 4.091979857646e+02 1.073453700336e+00 4.096150466814e+02 1.048499763146e+00 3.733511710073e-01 1.967565074041e+00 6.144392803210e-01 1.378577099547e-01 7.077169700706e-01
2.522193000116e+04 4.091979802889e+02 1.073629612020e+00 4.096150408132e+02 1.050164730229e+00 3.760922191182e-01 1.978216577929e+00 6.185936815492e-01 1.385960814024e-01 7.120085713492e-01
2.522203200116e+04 4.091979751472e+02 1.073789730080e+00 4.096150347996e+02 1.051762563419e+00 3.787469635918e-01 1.988641216454e+00 6.227068804165e-01 1.392967135955e-01 7.162519226751e-01
2.522213400116e+04 4.091979703093e+02 1.073922090281e+00 4.096150286580e+02 1.053291099186e+00 3.813254358792e-01 1.998818007084e+00 6.267560893340e-01 1.399549270266e-01 7.204273731533e-01
2.522223600116e+04 4.091979657389e+02 1.074063935568e+00 4.096150223945e+02 1.054748285615e+00 3.838360696999e-01 2.008726984898e+00 6.307058406879e-01 1.406081234212e-01 7.245042080226e-01
2.522233800116e+04 4.091979613858e+02 1.074183546223e+00 4.096150159945e+02 1.056132189642e+00 3.863560324361e-01 2.018349422381e+00 6.345065203821e-01 1.412169723269e-01 7.284392904034e-01
2.522244000116e+04 4.091979571785e+02 1.074290969579e+00 4.096150094154e+02 1.057441003264e+00 3.889235270523e-01 2.027668038304e+00 6.380956641064e-01 1.417642147129e-01 7.321781152660e-01
2.522254200116e+04 4.091979530206e+02 1.074379231717e+00 4.096150025813e+02 1.058673048602e+00 3.914456920657e-01 2.036667185057e+00 6.414030376804e-01 1.423287468504e-01 7.356591849186e-01
2.522264400116e+04 4.091979487890e+02 1.074468996017e+00 4.096149953817e+02 1.059826781737e+00 3.939223136947e-01 2.045333005839e+00 6.443574103795e-01 1.428618901715e-01 7.388198982672e-01
2.522274600116e+04 4.091979443364e+02 1.074510999120e+00 4.096149876733e+02 1.060900795338e+00 3.963525491660e-01 2.053653555397e+00 6.468948757265e-01 1.433329819708e-01 7.416038266573e-01
2.522284800116e+04 4.091979394950e+02 1.074597145097e+00 4.096149792850e+02 1.061893820134e+00 3.987350847907e-01 2.061618880163e+00 6.489663227229e-01 1.437663893080e-01 7.439672723961e-01
2.522295000116e+04 4.091979340841e+02 1.074631596239e+00 4.096149700239e+02 1.062804725366e+00 4.010682666442e-01 2.069221055553e+00 6.505426264834e-01 1.442262507247e-01 7.458838378527e-01
2.522305200116e+04 4.091979279161e+02 1.074657947286e+00 4.096149596833e+02 1.063632518355e+00 4.033502053931e-01 2.076454179855e+00 6.516169980325e-01 1.446222042185e-01 7.473464943246e-01
2.522315400116e+04 4.091979208046e+02 1.074687903598e+00 4.096149480498e+02 1.064376343312e+00 4.055788580141e-01 2.083314325706e+00 6.522041521632e-01 1.449671732226e-01 7.483668421814e-01
2.522325600116e+04 4.091979125702e+02 1.074674460216e+00 4.096149349101e+02 1.065035479527e+00 4.078122711244e-01 2.089799451693e+00 6.523373220664e-01 1.453232507711e-01 7.489724631251e-01
2.522335800116e+04 4.091979030455e+02 1.074676437108e+00 4.096149200560e+02 1.065609339005e+00 4.100093213881e-01 2.095909278224e+00 6.520640871432e-01 1.456201423367e-01 7.492032216102e-01
2.522346000116e+04 4.091978920792e+02 1.074648316700e+00 4.096149032903e+02 1.066097463600e+00 4.121432564306e-01 2.101645133235e+00 6.514417107225e-01 1.458920554482e-01 7.491071413813e-01
2.522356200116e+04 4.091978795387e+02 1.074605711084e+00 4.096148844297e+02 1.066499521689e+00 4.142119797522e-01 2.107009774517e+00 6.505329855954e-01 1.461190909624e-01 7.487367428049e-01
2.522366400116e+04 4.091978653124e+02 1.074544122088e+00 4.096148633095e+02 1.066815304415e+00 4.162134382388e-01 2.112007196083e+00 6.494023593698e-01 1.463399913460e-01 7.481456537005e-01
2.522376600116e+04 4.091978493116e+02 1.074475719859e+00 4.096148397865e+02 1.067044721543e+00 4.181456224602e-01 2.116642426050e+00 6.481123702123e-01 1.465122763568e-01 7.473855268102e-01
2.522386800116e+04 4.091978314716e+02 1.074372589181e+00 4.096148137419e+02 1.067187796989e+00 4.200575358803e-01 2.120921322993e+00 6.467202769850e-01 1.466099332694e-01 7.465031646081e-01
2.522397000116e+04 4.091978117524e+02 1.074291096242e+00 4.096147850836e+02 1.067244664120e+00 4.219118593931e-01 2.124850376789e+00 6.452751175373e-01 1.467274859463e-01 7.455380505099e-01
2.522407200116e+04 4.091977901383e+02 1.074154830528e+00 4.096147537472e+02 1.067215560926e+00 4.236892117525e-01 2.128436518798e+00 6.438152783820e-01 1.467913085127e-01 7.445203495706e-01
2.522417400116e+04 4.091977666369e+02 1.074036935120e+00 4.096147196956e+02 1.067100825178e+00 4.253875273725e-01 2.131686945141e+00 6.423671850845e-01 1.467769284428e-01 7.434698929713e-01
2.522427600116e+04 4.091977412762e+02 1.073887101781e+00 4.096146829170e+02 1.066900889680e+00 4.270047351064e-01 2.134608955894e+00 6.409451497830e-01 1.467832762386e-01 7.423961619534e-01
2.522437800116e+04 4.091977141011e+02 1.073725517398e+00 4.096146434224e+02 1.066616277747e+00 4.285387560847e-01 2.137209812315e+00 6.395527943101e-01 1.467291571357e-01 7.412996184904e-01
2.522448000116e+04 4.091976851687e+02 1.073546679845e+00 4.096146012408e+02 1.066247598982e+00 4.299875052696e-01 2.139496613678e+00 6.381854063875e-01 1.466058382079e-01 7.401738173290e-01
2.522458200116e+04 4.091976545432e+02 1.073352343119e+00 4.096145564155e+02 1.065795545463e+00 4.313488969527e-01 2.141476194853e+00 6.368330033665e-01 1.464839838356e-01 7.390081011289e-01
2.522468400116e+04 4.091976222913e+02 1.073128817857e+00 4.096145089992e+02 1.065260888416e+00 4.326208540256e-01 2.143155045255e+00 6.354835202018e-01 1.462953803517e-01 7.377903767131e-01
2.522478600116e+04 4.091975884773e+02 1.072914221389e+00 4.096144590496e+02 1.064644475447e+00 4.338013205381e-01 2.144539249254e+00 6.341255133756e-01 1.460594419307e-01 7.365094530319e-01
2.522488800116e+04 4.091975531597e+02 1.072651351358e+00 4.096144066265e+02 1.063947228387e+00 4.348882768665e-01 2.145634447459e+00 6.327502460563e-01 1.457846363368e-01 7.351568310590e-01
2.522499000116e+04 4.091975163890e+02 1.072416290465e+00 4.096143517886e+02 1.063170141811e+00 4.358797567801e-01 2.146445817637e+00 6.313528829854e-01 1.454836647517e-01 7.337277175962e-01
2.522509200116e+04 4.091974782065e+02 1.072125315837e+00 4.096142945923e+02 1.062314282233e+00 4.367738657835e-01 2.146978073412e+00 6.299329059292e-01 1.451408028347e-01 7.322213631984e-01
2.522519400116e+04 4.091974386440e+02 1.071854101873e+00 4.096142350901e+02 1.061380787994e+00 4.375688002852e-01 2.147235478441e+00 6.284938298979e-01 1.447218053855e-01 7.306407965401e-01
2.522529600116e+04 4.091973977251e+02 1.071542824232e+00 4.096141733313e+02 1.060370869797e+00 4.382628673286e-01 2.147221873562e+00 6.270423535715e-01 1.442869888817e-01 7.289920721131e-01
2.522539800116e+04 4.091973554668e+02 1.071234215765e+00 4.096141093624e+02 1.059285811822e+00 4.388545047713e-01 2.146940714332e+00 6.255872180396e-01 1.438316095615e-01 7.272832679691e-01
2.522550000116e+04 4.091973118820e+02 1.070900291940e+00 4.096140432280e+02 1.058126973333e+00 4.393423018674e-01 2.146395116626e+00 6.241377490954e-01 1.433030089645e-01 7.255232122093e-01
2.522560200116e+04 4.091972669819e+02 1.070549914648e+00 4.096139749728e+02 1.056895790642e+00 4.397250201895e-01 2.145587908196e+00 6.227024245407e-01 1.427434196559e-01 7.237202311892e-01
2.522570400116e+04 4.091972207784e+02 1.070190706557e+00 4.096139046432e+02 1.055593779268e+00 4.400016147324e-01 2.144521684443e+00 6.212874615707e-01 1.421730683534e-01 7.218809139848e-01
2.522580600116e+04 4.091971732869e+02 1.069801801367e+00 4.096138322891e+02 1.054222536146e+00 4.401745383417e-01 2.143198866943e+00 6.198956340620e-01 1.415307484412e-01 7.200090722737e-01
2.522590800116e+04 4.091971245281e+02 1.069425096428e+00 4.096137579654e+02 1.052783741693e+00 4.402460353677e-01 2.141621763469e+00 6.185254417230e-01 1.408695888781e-01 7.181049995752e-01
2.522601000116e+04 4.091970745297e+02 1.069011221623e+00 4.096136817331e+02 1.051279161552e+00 4.402028743617e-01 2.139792628353e+00 6.171707404165e-01 1.401742693698e-01 7.161651237921e-01
2.522611200116e+04 4.091970233273e+02 1.068605849860e+00 4.096136036602e+02 1.049710647858e+00 4.400452944357e-01 2.137713722107e+00 6.158207405955e-01 1.394139581990e-01 7.141819737576e-01
2.522621400116e+04 4.091969709651e+02 1.068167762847e+00 4.096135238217e+02 1.048080139857e+00 4.397738598747e-01 2.135387369196e+00 6.144607527655e-01 1.386263738444e-01 7.121447883794e-01
2.522631600116e+04 4.091969174955e+02 1.067736686457e+00 4.096134422991e+02 1.046389663758e+00 4.394035308903e-01 2.132816012872e+00 6.130730327457e-01 1.378028181740e-01 7.100402136110e-01
2.522641800116e+04 4.091968629784e+02 1.067282402692e+00 4.096133591801e+02 1.044641331692e+00 4.389283819292e-01 2.130002266013e+00 6.116380747006e-01 1.369135050734e-01 7.078533900101e-01
2.522652000116e+04 4.091968074804e+02 1.066809246196e+00 4.096132745570e+02 1.042837339711e+00 4.383479551589e-01 2.126948956945e+00 6.101360212948e-01 1.360275219045e-01 7.055691485648e-01
2.522662200116e+04 4.091967510734e+02 1.066340941032e+00 4.096131885254e+02 1.040979964771e+00 4.376636918085e-01 2.123659169348e+00 6.085479724879e-01 1.350764895527e-01 7.031731275081e-01
2.522672400116e+04 4.091966938327e+02 1.065850875719e+00 4.096131011829e+02 1.039071560680e+00 4.368773375813e-01 2.120136275439e+00 6.068571448264e-01 1.340692771304e-01 7.006527685529e-01
2.522682600116e+04 4.091966358357e+02 1.065355431014e+00 4.096130126277e+02 1.037114553041e+00 4.360203966819e-01 2.116383961792e+00 6.050497672731e-01 1.330381023893e-01 6.979980929517e-01
2.522692800116e+04 4.091965771604e+02 1.064852141561e+00 4.096129229566e+02 1.035111433222e+00 4.354293674185e-01 2.112406247312e+00 6.031159124829e-01 1.320017835680e-01 6.952024280211e-01
2.522703000116e+04 4.091965178838e+02 1.064330843596e+00 4.096128322644e+02 1.033064751454e+00 4.347366698302e-01 2.108207493080e+00 6.010496279588e-01 1.309049067336e-01 6.922625310843e-01
2.522713200116e+04 4.091964580803e+02 1.063815822140e+00 4.096127406424e+02 1.030977109158e+00 4.339443053862e-01 2.103792403944e+00 5.988494606389e-01 1.297487780919e-01 6.891790566833e-01
2.522723400116e+04 4.091963978210e+02 1.063286217261e+00 4.096126481772e+02 1.028851150650e+00 4.330546165251e-01 2.099166021952e+00 5.965182055676e-01 1.285511522707e-01 6.859563512709e-01
2.522733600116e+04 4.091963371722e+02 1.062747157911e+00 4.096125549501e+02 1.026689554381e+00 4.320702533751e-01 2.094333711793e+00 5.940628820748e-01 1.273790623853e-01 6.826024444190e-01
2.522743800116e+04 4.091962761949e+02 1.062192167207e+00 4.096124610366e+02 1.024495023882e+00 4.309941368748e-01 2.089301138613e+00 5.914939565930e-01 1.261520315825e-01 6.791283831012e-01
2.522754000116e+04 4.091962149443e+02 1.061653453345e+00 4.096123665059e+02 1.022270278623e+00 4.298294193040e-01 2.084074238659e+00 5.888250522829e-01 1.248715686486e-01 6.755479865909e-01
2.522764200116e+04 4.091961534693e+02 1.061094468420e+00 4.096122714210e+02 1.020018044949e+00 4.285794432120e-01 2.078659183439e+00 5.860716037086e-01 1.235392303180e-01 6.718766796967e-01
2.522774400116e+04 4.091960918130e+02 1.060533805799e+00 4.096121758391e+02 1.017741047302e+00 4.272476996798e-01 2.073062338332e+00 5.832501289001e-01 1.222096512251e-01 6.681308597012e-01
2.522784600116e+04 4.091960300128e+02 1.059977056411e+00 4.096120798126e+02 1.015441999891e+00 4.258377867733e-01 2.067290216937e+00 5.803764287080e-01 1.208597194188e-01 6.643263237079e-01
2.522794800116e+04 4.091959681018e+02 1.059411924203e+00 4.096119833898e+02 1.013123598975e+00 4.243533689531e-01 2.061349432767e+00 5.774645701108e-01 1.194627267425e-01 6.604773747803e-01
2.522805000116e+04 4.091959061095e+02 1.058845849754e+00 4.096118866169e+02 1.010788515879e+00 4.227981380976e-01 2.055246650176e+00 5.745251990063e-01 1.180381545514e-01 6.565953378219e-01
2.522815200116e+04 4.091958440641e+02 1.058276477325e+00 4.096117895396e+02 1.008439390859e+00 4.211757766962e-01 2.048988536533e+00 5.715643740242e-01 1.165694001398e-01 6.526875250722e-01
2.522825400116e+04 4.091957819937e+02 1.057701173539e+00 4.096116922048e+02 1.006078827886e+00 4.194899236641e-01 2.042581717575e+00 5.685828770474e-01 1.150925253637e-01 6.487566145995e-01
2.522835600116e+04 4.091957199283e+02 1.057140422078e+00 4.096115946629e+02 1.003709390368e+00 4.177441431352e-01 2.036032737545e+00 5.655757714497e-01 1.135883043804e-01 6.448002432005e-01
2.522845800116e+04 4.091956579011e+02 1.056577700246e+00 4.096114969688e+02 1.001333597826e+00 4.159418965043e-01 2.029348025222e+00 5.625329634751e-01 1.120442379196e-01 6.408114784939e-01
2.522856000116e+04 4.091955959502e+02 1.056012230972e+00 4.096113991839e+02 9.989539234901e-01 4.140865179109e-01 2.022533866314e+00 5.594399203688e-01 1.104696838346e-01 6.367794324034e-01
2.522866200116e+04 4.091955341190e+02 1.055452938742e+00 4.096113013762e+02 9.965727927457e-01 4.121811932904e-01 2.015596382120e+00 5.562793402819e-01 1.089080861251e-01 6.326907168735e-01
2.522876400116e+04 4.091954724567e+02 1.054901711206e+00 4.096112036206e+02 9.941925823639e-01 4.102289430538e-01 2.008541513954e+00 5.530329060936e-01 1.073150717956e-01 6.285309835594e-01
2.522886600116e+04 4.091954110175e+02 1.054354758576e+00 4.096111059988e+02 9.918156204018e-01 4.082326084062e-01 2.001375012778e+00 5.496832642316e-01 1.056873006400e-01 6.242866721518e-01
2.522896800116e+04 4.091953498605e+02 1.053814311014e+00 4.096110085981e+02 9.894441866677e-01 4.062367010152e-01 1.994102433718e+00 5.462155184097e-01 1.040378415695e-01 6.199463417212e-01
2.522907000116e+04 4.091952890480e+02 1.053281984156e+00 4.096109115100e+02 9.870805136247e-01 4.042677299617e-01 1.986729135584e+00 5.426184000560e-01 1.023885879248e-01 6.155017239202e-01
2.522917200116e+04 4.091952286447e+02 1.052758881720e+00 4.096108148297e+02 9.847267876017e-01 4.022649227797e-01 1.979260285934e+00 5.388845211110e-01 1.007095466335e-01 6.109479704591e-01
2.522927400116e+04 4.091951687164e+02 1.052248564391e+00 4.096107186540e+02 9.823851501723e-01 4.002308944124e-01 1.971700872434e+00 5.350102393524e-01 9.900224658555e-02 6.062835577327e-01
2.522937600116e+04 4.091951093294e+02 1.051752308183e+00 4.096106230810e+02 9.800576995595e-01 3.981680851805e-01 1.964055721082e+00 5.309950564658e-01 9.726824166257e-02 6.015097759792e-01
2.522947800116e+04 4.091950505496e+02 1.051263097602e+00 4.096105282091e+02 9.777464919179e-01 3.960787587806e-01 1.956329521314e+00 5.268403714723e-01 9.552243004930e-02 5.966296448393e-01
2.522958000116e+04 4.091949924422e+02 1.050784611873e+00 4.096104341365e+02 9.754535423533e-01 3.939650027345e-01 1.948526857270e+00 5.225490535283e-01 9.379963588657e-02 5.916475477800e-01
2.522968200116e+04 4.091949350721e+02 1.050328193376e+00 4.096103409617e+02 9.731808255437e-01 3.918287310923e-01 1.940652243754e+00 5.181248879428e-01 9.205902923366e-02 5.865687517067e-01
2.522978400116e+04 4.091948785030e+02 1.049883897408e+00 4.096102487827e+02 9.709302758447e-01 3.896716891837e-01 1.932710165009e+00 5.135721426738e-01 9.030552218378e-02 5.813990304652e-01
2.522988600116e+04 4.091948227983e+02 1.049452076981e+00 4.096101576972e+02 9.687037867827e-01 3.874954602041e-01 1.924705114404e+00 5.088958822722e-01 8.853123169301e-02 5.761449465146e-01
2.522998800116e+04 4.091947680204e+02 1.049039535969e+00 4.096100678031e+02 9.665032098654e-01 3.853014734215e-01 1.916641633512e+00 5.041013406402e-01 8.673756141122e-02 5.708132990466e-01
2.523009000116e+04 4.091947142316e+02 1.048644058502e+00 4.096099791984e+02 9.643303526626e-01 3.830910137858e-01 1.908524349553e+00 4.991934899669e-01 8.495824860823e-02 5.654107432361e-01
2.523019200116e+04 4.091946614939e+02 1.048264228651e+00 4.096098919813e+02 9.621869761351e-01 3.808652327249e-01 1.900358010616e+00 4.941763525885e-01 8.318844056801e-02 5.599431808337e-01
2.523029400116e+04 4.091946098700e+02 1.047905090998e+00 4.096098062517e+02 9.600747912095e-01 3.786251599109e-01 1.892147518154e+00 4.890517380254e-01 8.140284474459e-02 5.544146431016e-01
2.523039600116e+04 4.091945594241e+02 1.047561760562e+00 4.096097221114e+02 9.579954546097e-01 3.763717157851e-01 1.883897955993e+00 4.838191174651e-01 7.960264069634e-02 5.488271790415e-01
2.523049800116e+04 4.091945102229e+02 1.047236774053e+00 4.096096396657e+02 9.559505639763e-01 3.741057246290e-01 1.875614614683e+00 4.784754714438e-01 7.778896183574e-02 5.431807210980e-01
2.523060000116e+04 4.091944623368e+02 1.046930752327e+00 4.096095590239e+02 9.539416523199e-01 3.718279279741e-01 1.867303009714e+00 4.730163373224e-01 7.598794083387e-02 5.374740088171e-01
2.523070200116e+04 4.091944158400e+02 1.046643056350e+00 4.096094803008e+02 9.519701818779e-01 3.695389981437e-01 1.858968892191e+00 4.674378515621e-01 7.419443845038e-02 5.317063835043e-01
2.523080400116e+04 4.091943708113e+02 1.046373050655e+00 4.096094036159e+02 9.500375374686e-01 3.672395517194e-01 1.850618251049e+00 4.617387563388e-01 7.239351281889e-02 5.258795391220e-01
2.523090600116e+04 4.091943273337e+02 1.046121544241e+00 4.096093290941e+02 9.481450194633e-01 3.649301627243e-01 1.842257306733e+00 4.559225374675e-01 7.060408092868e-02 5.199993698973e-01
2.523100800116e+04 4.091942854936e+02 1.045887813529e+00 4.096092568644e+02 9.462938365224e-01 3.626113753117e-01 1.833892497139e+00 4.499989951165e-01 6.880648087565e-02 5.140772947734e-01
2.523111000116e+04 4.091942453797e+02 1.045668670147e+00 4.096091870594e+02 9.444850982568e-01 3.602837157460e-01 1.825530457295e+00 4.439851337576e-01 6.700168672732e-02 5.081309575832e-01
2.523121200116e+04 4.091942070828e+02 1.045465289068e+00 4.096091198138e+02 9.427198079931e-01 3.579477034623e-01 1.817177994661e+00 4.379051491377e-01 6.520007301054e-02 5.021841114205e-01
2.523131400116e+04 4.091941706940e+02 1.045283124158e+00 4.096090552636e+02 9.409988558181e-01 3.556038609945e-01 1.808842062044e+00 4.317906022754e-01 6.340481242144e-02 4.962666449400e-01
2.523141600116e+04 4.091941363043e+02 1.045116218711e+00 4.096089935450e+02 9.393230120867e-01 3.532527225751e-01 1.800529730158e+00 4.256801007151e-01 6.248071995212e-02 4.904141596661e-01
2.523151800116e+04 4.091941040036e+02 1.044962753183e+00 4.096089347933e+02 9.376929215669e-01 3.508948412260e-01 1.792248161992e+00 4.196190197514e-01 6.289050110220e-02 4.846675703213e-01
2.523162000116e+04 4.091940738801e+02 1.044818941565e+00 4.096088791414e+02 9.361090983957e-01 3.487722168074e-01 1.784004591362e+00 4.136595504824e-01 6.327578498790e-02 4.790729821149e-01
2.523172200116e+04 4.091940460188e+02 1.044691877093e+00 4.096088267188e+02 9.345719220085e-01 3.466731142059e-01 1.775806308157e+00 4.078600849637e-01 6.363652035698e-02 4.736809964512e-01
2.523182400116e+04 4.091940205012e+02 1.044580270588e+00 4.096087776501e+02 9.330816341927e-01 3.445776975755e-01 1.767660652730e+00 4.022843934366e-01 6.397267670572e-02 4.685458585565e-01
2.523192600116e+04 4.091939974040e+02 1.044475554150e+00 4.096087320531e+02 9.316383373926e-01 3.424862380964e-01 1.759575021357e+00 3.970002230224e-01 6.428423261000e-02 4.637241482732e-01
2.523202800116e+04 4.091939767978e+02 1.044383352777e+00 4.096086900376e+02 9.302419943637e-01 3.403989882476e-01 1.751556883675e+00 3.920776710205e-01 6.462911933482e-02 4.592733415127e-01
2.523213000116e+04 4.091939587467e+02 1.044301459978e+00 4.096086517033e+02 9.288924292387e-01 3.383161852902e-01 1.743613811719e+00 3.875869696531e-01 6.497064858800e-02 4.552499515719e-01
2.523223200116e+04 4.091939433071e+02 1.044224742883e+00 4.096086171385e+02 9.275893300226e-01 3.362380536832e-01 1.735753518541e+00 3.835963399009e-01 6.528550953220e-02 4.517078276522e-01
2.523233400116e+04 4.091939305266e+02 1.044158221455e+00 4.096085864181e+02 9.263322524963e-01 3.341648064263e-01 1.727983902875e+00 3.801690399888e-01 6.564670746007e-02 4.486958688518e-01
2.523243600116e+04 4.091939204427e+02 1.044105965323e+00 4.096085596020e+02 9.251206254653e-01 3.320966453685e-01 1.720313094653e+00 3.773604981317e-01 6.599077531000e-02 4.462559045111e-01
2.523253800116e+04 4.091939130821e+02 1.044049248958e+00 4.096085367330e+02 9.239537572551e-01 3.300337605673e-01 1.712749494805e+00 3.752150120773e-01 6.630570278793e-02 4.444202747421e-01
2.523264000116e+04 4.091939084591e+02 1.044007748838e+00 4.096085178353e+02 9.228308433287e-01 3.279763288239e-01 1.705301801502e+00 3.737624565448e-01 6.660753808694e-02 4.432094446238e-01
2.523274200116e+04 4.091939065744e+02 1.043972016141e+00 4.096085029130e+02 9.217509748755e-01 3.259245115618e-01 1.697979014330e+00 3.730154573105e-01 6.689148224730e-02 4.426299840198e-01
2.523284400116e+04 4.091939074149e+02 1.043939144948e+00 4.096084919495e+02 9.207131482113e-01 3.238784522468e-01 1.690790407915e+00 3.729675665995e-01 6.714405904437e-02 4.426733048393e-01
2.523294600116e+04 4.091939109530e+02 1.043906668647e+00 4.096084849067e+02 9.197162748207e-01 3.218382735708e-01 1.683745467680e+00 3.735929763478e-01 6.736469227580e-02 4.433155608495e-01
2.523304800116e+04 4.091939171471e+02 1.043877671584e+00 4.096084817264e+02 9.187591918761e-01 3.198040746339e-01 1.676853782793e+00 3.748479440525e-01 6.755288660167e-02 4.445188374626e-01
2.523315000116e+04 4.091939259426e+02 1.043859425476e+00 4.096084823309e+02 9.178406730732e-01 3.178507778905e-01 1.670124894953e+00 3.766739930225e-01 6.770825387459e-02 4.462336985460e-01
2.523325200116e+04 4.091939372739e+02 1.043830601391e+00 4.096084866259e+02 9.169594396354e-01 3.161168110121e-01 1.663568106186e+00 3.790023320335e-01 6.784542651345e-02 4.484026672786e-01
2.523335400116e+04 4.091939510658e+02 1.043822392643e+00 4.096084945026e+02 9.161141713493e-01 3.144083936108e-01 1.657192253636e+00 3.817587820140e-01 6.795860259108e-02 4.509640988547e-01
2.523345600116e+04 4.091939672365e+02 1.043803854761e+00 4.096085058414e+02 9.153035175034e-01 3.127073119585e-01 1.651005463812e+00 3.848682792320e-01 6.805420716417e-02 4.538557123918e-01
2.523355800116e+04 4.091939856992e+02 1.043794516406e+00 4.096085205141e+02 9.145261076136e-01 3.110132474510e-01 1.645014901925e+00 3.882582223703e-01 6.817691540240e-02 4.570171955389e-01
2.523366000116e+04 4.091940063639e+02 1.043783571847e+00 4.096085383864e+02 9.137805618242e-01 3.093258622216e-01 1.639226533141e+00 3.918600690462e-01 6.826667210932e-02 4.603913868923e-01
2.523376200116e+04 4.091940291385e+02 1.043764999903e+00 4.096085593194e+02 9.130655008815e-01 3.076447994785e-01 1.633644911530e+00 3.956096489060e-01 6.832326129591e-02 4.639244238905e-01
2.523386400116e+04 4.091940539287e+02 1.043757485724e+00 4.096085831704e+02 9.123795555908e-01 3.059696847897e-01 1.628273009256e+00 3.994461107303e-01 6.838880502082e-02 4.675647710374e-01
2.523396600116e+04 4.091940806377e+02 1.043739122129e+00 4.096086097927e+02 9.117213756773e-01 3.043001284950e-01 1.623112094195e+00 4.033111184004e-01 6.847228912799e-02 4.712624917230e-01
2.523406800116e+04 4.091941091653e+02 1.043736175297e+00 4.096086390354e+02 9.110896379897e-01 3.026357293495e-01 1.618161659474e+00 4.071487165314e-01 6.851874540434e-02 4.749691226590e-01
2.523417000116e+04 4.091941394083e+02 1.043712202182e+00 4.096086707439e+02 9.104830540003e-01 3.009760794226e-01 1.613419404642e+00 4.109068778703e-01 6.852774484435e-02 4.786390213273e-01
2.523427200116e+04 4.091941712602e+02 1.043713544714e+00 4.096087047605e+02 9.099003765626e-01 2.993207701978e-01 1.608881265760e+00 4.145404277296e-01 6.850179133474e-02 4.822319318333e-01
2.523437400116e+04 4.091942046139e+02 1.043695364857e+00 4.096087409269e+02 9.093404058874e-01 2.976693997475e-01 1.604541490746e+00 4.180154109065e-01 6.846596981213e-02 4.857168238697e-01
2.523447600116e+04 4.091942393639e+02 1.043687008380e+00 4.096087790873e+02 9.088019946867e-01 2.960575132275e-01 1.600392756495e+00 4.213119722260e-01 6.839138307388e-02 4.890744744983e-01
2.523457800116e+04 4.091942754102e+02 1.043672813768e+00 4.096088190923e+02 9.082840524135e-01 2.945211307464e-01 1.596426325073e+00 4.244258342890e-01 6.827777438079e-02 4.922988389827e-01
2.523468000116e+04 4.091943126610e+02 1.043654668223e+00 4.096088608024e+02 9.077855485089e-01 2.931000912814e-01 1.592632236869e+00 4.273660690035e-01 6.840766845547e-02 4.953952082796e-01
2.523478200116e+04 4.091943510352e+02 1.043641683978e+00 4.096089040900e+02 9.073055145645e-01 2.917675194634e-01 1.588999538401e+00 4.301490507165e-01 7.042466273302e-02 4.983750448559e-01
2.523488400116e+04 4.091943904616e+02 1.043619577541e+00 4.096089488394e+02 9.068430453313e-01 2.904727399328e-01 1.585516541083e+00 4.327909539488e-01 7.236974134736e-02 5.012495405798e-01
2.523498600116e+04 4.091944308769e+02 1.043595262342e+00 4.096089949443e+02 9.063972985606e-01 2.891798438835e-01 1.582171104828e+00 4.352991821565e-01 7.424256283543e-02 5.040222461090e-01
2.523508800116e+04 4.091944722209e+02 1.043583266069e+00 4.096090423032e+02 9.059674937377e-01 2.878880758290e-01 1.578950937675e+00 4.376674801301e-01 7.604304533955e-02 5.066848905398e-01
2.523519000116e+04 4.091945144316e+02 1.043546817472e+00 4.096090908142e+02 9.055529098559e-01 2.865967464414e-01 1.575843900465e+00 4.398754537672e-01 7.777141678501e-02 5.092170292205e-01
2.523529200116e+04 4.091945574410e+02 1.043534543871e+00 4.096091403711e+02 9.051528824412e-01 2.853052426226e-01 1.572838304561e+00 4.418938386578e-01 7.942831333285e-02 5.115906808811e-01
2.523539400116e+04 4.091946011743e+02 1.043508407950e+00 4.096091908618e+02 9.047668000709e-01 2.840130369372e-01 1.569923190417e+00 4.436950814846e-01 8.101491467586e-02 5.137795683820e-01
2.523549600116e+04 4.091946455510e+02 1.043485703701e+00 4.096092421707e+02 9.043941006109e-01 2.827196961437e-01 1.567088575254e+00 4.452653030225e-01 8.253307671547e-02 5.157695437679e-01
2.523559800116e+04 4.091946904911e+02 1.043460363808e+00 4.096092941841e+02 9.040342673427e-01 2.814248885417e-01 1.564325659036e+00 4.466144249659e-01 8.398542909237e-02 5.175673876763e-01
2.523570000116e+04 4.091947359230e+02 1.043430023292e+00 4.096093467990e+02 9.036868250754e-01 2.801283898569e-01 1.561626979870e+00 4.477805765951e-01 8.537540299964e-02 5.192046089978e-01
2.523580200116e+04 4.091947817914e+02 1.043398411060e+00 4.096093999316e+02 9.033513362706e-01 2.788300874142e-01 1.558986513253e+00 4.488271452801e-01 8.670717287010e-02 5.207348417678e-01
2.523590400116e+04 4.091948280640e+02 1.043363875952e+00 4.096094535244e+02 9.030273971723e-01 2.775299824033e-01 1.556399713749e+00 4.498326848737e-01 8.798551201198e-02 5.222250647098e-01
2.523600600116e+04 4.091948747348e+02 1.043334689277e+00 4.096095075501e+02 9.027146339360e-01 2.762281901280e-01 1.553863501670e+00 4.508770947739e-01 8.921559107834e-02 5.237436360621e-01
2.523610800116e+04 4.091949218221e+02 1.043284905204e+00 4.096095620102e+02 9.024126987946e-01 2.749249382301e-01 1.551376200028e+00 4.520273604998e-01 9.040275216183e-02 5.253480062410e-01
2.523621000116e+04 4.091949693632e+02 1.043259447086e+00 4.096096169299e+02 9.021212663610e-01 2.736205629899e-01 1.548937428214e+00 4.533266011186e-01 9.155230130140e-02 5.270753227300e-01
2.523631200117e+04 4.091950174054e+02 1.043226041214e+00 4.096096723494e+02 9.018400302270e-01 2.723272505968e-01 1.546547959425e+00 4.547889972957e-01 9.266935516748e-02 5.289381031040e-01
2.523641400117e+04 4.091950659964e+02 1.043173150061e+00 4.096097283149e+02 9.015687000576e-01 2.713103287481e-01 1.544209549520e+00 4.564004279987e-01 9.375875170980e-02 5.309247897066e-01
2.523651600117e+04 4.091951151763e+02 1.043144257213e+00 4.096097848697e+02 9.013069993715e-01 2.702877094719e-01 1.541924745998e+00 4.581259759172e-01 9.482503825733e-02 5.330061676390e-01
2.523661800117e+04 4.091951649720e+02 1.043107648638e+00 4.096098420489e+02 9.010546641587e-01 2.692596796752e-01 1.539696686456e+00 4.599203174050e-01 9.587250080829e-02 5.351442299769e-01
2.523672000117e+04 4.091952153960e+02 1.043058804584e+00 4.096098998781e+02 9.008114424033e-01 2.682266232880e-01 1.537528895415e+00 4.617405010852e-01 9.690522207009e-02 5.373030860818e-01
2.523682200117e+04 4.091952664493e+02 1.043026023656e+00 4.096099583755e+02 9.005770944785e-01 2.671890134299e-01 1.535425087011e+00 4.635567504091e-01 9.792712518007e-02 5.394581774988e-01
2.523692400117e+04 4.091953181264e+02 1.042986606112e+00 4.096100175568e+02 9.003513942898e-01 2.661474045433e-01 1.533388979298e+00 4.653591286108e-01 9.894198128426e-02 5.416019478140e-01
2.523702600117e+04 4.091953704222e+02 1.042943137422e+00 4.096100774411e+02 9.001341309656e-01 2.651024247791e-01 1.531424124838e+00 4.671578341917e-01 9.995336272575e-02 5.437440455604e-01
2.523712800117e+04 4.091954233377e+02 1.042896766197e+00 4.096101380561e+02 8.999251108724e-01 2.641341209860e-01 1.529533761870e+00 4.689777627524e-01 1.009645490633e-01 5.459066062845e-01
2.523723000117e+04 4.091954768821e+02 1.042842060249e+00 4.096101994404e+02 8.997241597516e-01 2.632736184521e-01 1.527720690083e+00 4.708482483945e-01 1.019783985996e-01 5.481154034465e-01
2.523733200117e+04 4.091955310733e+02 1.042804710141e+00 4.096102616420e+02 8.995311248441e-01 2.624088888052e-01 1.525987174208e+00 4.727918508230e-01 1.029972223991e-01 5.503901941120e-01
2.523743400117e+04 4.091955859331e+02 1.042750723374e+00 4.096103247137e+02 8.993458769536e-01 2.615404700381e-01 1.524334877201e+00 4.748141045777e-01 1.040226833148e-01 5.527359033258e-01
2.523753600117e+04 4.091956414813e+02 1.042692539928e+00 4.096103887064e+02 8.991683124840e-01 2.606689555313e-01 1.522764823240e+00 4.768984654465e-01 1.050557590186e-01 5.551382777750e-01
2.523763800117e+04 4.091956977284e+02 1.042660731230e+00 4.096104536615e+02 8.989983555358e-01 2.597949897484e-01 1.521277389773e+00 4.790054254843e-01 1.060967613209e-01 5.575631212037e-01
2.523774000117e+04 4.091957546699e+02 1.042612952440e+00 4.096105196037e+02 8.988359601516e-01 2.589192650545e-01 1.519872327293e+00 4.810778316365e-01 1.071454239136e-01 5.599608653236e-01
2.523784200117e+04 4.091958122826e+02 1.042549239029e+00 4.096105865376e+02 8.986811127614e-01 2.580425197259e-01 1.518548805038e+00 4.830494172204e-01 1.082010270343e-01 5.622739188776e-01
2.523794400117e+04 4.091958705233e+02 1.042515210878e+00 4.096106544462e+02 8.985338348141e-01 2.571655371496e-01 1.517305479564e+00 4.848548303946e-01 1.092625375070e-01 5.644453279738e-01
2.523804600117e+04 4.091959293313e+02 1.042484711737e+00 4.096107232923e+02 8.983941855098e-01 2.562891461374e-01 1.516140581458e+00 4.864385346102e-01 1.103287384518e-01 5.664264867429e-01
2.523814800117e+04 4.091959886324e+02 1.042466124897e+00 4.096107930227e+02 8.982622644932e-01 2.554142222171e-01 1.515052013663e+00 4.877613122139e-01 1.113983358311e-01 5.681827905753e-01
2.523825000117e+04 4.091960483437e+02 1.042463112182e+00 4.096108635729e+02 8.981382143488e-01 2.545416897154e-01 1.514037454128e+00 4.888022828340e-01 1.124700256559e-01 5.696954187424e-01
2.523835200117e+04 4.091961083790e+02 1.042451925238e+00 4.096109348720e+02 8.980222227482e-01 2.536725244117e-01 1.513094455882e+00 4.895580749652e-01 1.135425344004e-01 5.709606436073e-01
2.523845400117e+04 4.091961686525e+02 1.042435607338e+00 4.096110068474e+02 8.979145241403e-01 2.528638317242e-01 1.512220539018e+00 4.900393568159e-01 1.146146342566e-01 5.719868460502e-01
2.523855600117e+04 4.091962290826e+02 1.042430488041e+00 4.096110794271e+02 8.978154009293e-01 2.522390211281e-01 1.511413270779e+00 4.902663521583e-01 1.156851455077e-01 5.727906448615e-01
2.523865800117e+04 4.091962895933e+02 1.042402123005e+00 4.096111525425e+02 8.977251841336e-01 2.516116453206e-01 1.510670331470e+00 4.902642454785e-01 1.167529320266e-01 5.733929302053e-01
2.523876000117e+04 4.091963501151e+02 1.042401445459e+00 4.096112261289e+02 8.976442535610e-01 2.509827414108e-01 1.509989565264e+00 4.900603807926e-01 1.178169045438e-01 5.738164409207e-01
2.523886200117e+04 4.091964105852e+02 1.042387254500e+00 4.096113001261e+02 8.975730375572e-01 2.503534306121e-01 1.509369016285e+00 4.896813981970e-01 1.188760170354e-01 5.740833000337e-01
2.523896400117e+04 4.091964709471e+02 1.042348537633e+00 4.096113744781e+02 8.975120123898e-01 2.497249204887e-01 1.508806951619e+00 4.891525617135e-01 1.199292743349e-01 5.742144343415e-01
2.523906600117e+04 4.091965311502e+02 1.042355001275e+00 4.096114491325e+02 8.974617013283e-01 2.490985064456e-01 1.508301873898e+00 4.884968902627e-01 1.209757331111e-01 5.742288324592e-01
2.523916800117e+04 4.091965911489e+02 1.042349806776e+00 4.096115240412e+02 8.974226734700e-01 2.484755723270e-01 1.507852526373e+00 4.877354639142e-01 1.220145070757e-01 5.741438090567e-01
2.523927000117e+04 4.091966509028e+02 1.042320323337e+00 4.096115991588e+02 8.973955423519e-01 2.478575900198e-01 1.507457892981e+00 4.868872274481e-01 1.230447648098e-01 5.739748419989e-01
2.523937200117e+04 4.091967103752e+02 1.042530382449e+00 4.096116744436e+02 8.973809643754e-01 2.472461179926e-01 1.507117194976e+00 4.859687363684e-01 1.240657229782e-01 5.737353631907e-01
2.523947400117e+04 4.091967695334e+02 1.042843088854e+00 4.096117498563e+02 8.973796370599e-01 2.466427987310e-01 1.506829884980e+00 4.849937707136e-01 1.250766356547e-01 5.734364402465e-01
2.523957600117e+04 4.091968283469e+02 1.043146390207e+00 4.096118253597e+02 8.973922971374e-01 2.460907171899e-01 1.506595638887e+00 4.839725344150e-01 1.260767771193e-01 5.730861115936e-01
2.523967800117e+04 4.091968867869e+02 1.043423336385e+00 4.096119009178e+02 8.974197184927e-01 2.456255589259e-01 1.506414346135e+00 4.829108707800e-01 1.270654227913e-01 5.726887415772e-01
2.523978000117e+04 4.091969448244e+02 1.043690243867e+00 4.096119764943e+02 8.974627099648e-01 2.451631327161e-01 1.506286098870e+00 4.818100251149e-01 1.280418338991e-01 5.722448423752e-01
2.523988200117e+04 4.091970024285e+02 1.044027235212e+00 4.096120520517e+02 8.975221130337e-01 2.447050780334e-01 1.506211180386e+00 4.806676461840e-01 1.290052542717e-01 5.717519392814e-01
2.523998400117e+04 4.091970595658e+02 1.044337386054e+00 4.096121275496e+02 8.975987994240e-01 2.442531200364e-01 1.506190052975e+00 4.794798610749e-01 1.299549195418e-01 5.712063295725e-01
2.524008600117e+04 4.091971161995e+02 1.044620421145e+00 4.096122029454e+02 8.976936686676e-01 2.438090639504e-01 1.506223345076e+00 4.782439689240e-01 1.308900765436e-01 5.706053446141e-01
2.524018800117e+04 4.091971722903e+02 1.044876787327e+00 4.096122781946e+02 8.978076456603e-01 2.433747885423e-01 1.506311837712e+00 4.769621072076e-01 1.318100175328e-01 5.699504057036e-01
2.524029000117e+04 4.091972277986e+02 1.045221075691e+00 4.096123532529e+02 8.979416782316e-01 2.429522387705e-01 1.506456450442e+00 4.756437297882e-01 1.327141086786e-01 5.692490592468e-01
2.524039200117e+04 4.091972826875e+02 1.045537753792e+00 4.096124280797e+02 8.980967347288e-01 2.425434176945e-01 1.506658227121e+00 4.743068596146e-01 1.336018106192e-01 5.685159711857e-01
2.524049400117e+04 4.091973369262e+02 1.045826542011e+00 4.096125026416e+02 8.982738015904e-01 2.421503777405e-01 1.506918321563e+00 4.729771830066e-01 1.344726789235e-01 5.677721158006e-01
2.524059600117e+04 4.091973904936e+02 1.046117215749e+00 4.096125769151e+02 8.984738808664e-01 2.417752114168e-01 1.507237982717e+00 4.716849586461e-01 1.353263384856e-01 5.670421580801e-01
2.524069800117e+04 4.091974433805e+02 1.046441120478e+00 4.096126508896e+02 8.986979876376e-01 2.414200415766e-01 1.507618538527e+00 4.704603166882e-01 1.361624322606e-01 5.663505282330e-01
2.524080000117e+04 4.091974955898e+02 1.046736556759e+00 4.096127245668e+02 8.989471472912e-01 2.410870113258e-01 1.508061377559e+00 4.693281364096e-01 1.369805524804e-01 5.657171857674e-01
2.524090200117e+04 4.091975471345e+02 1.047046452188e+00 4.096127979590e+02 8.992223926348e-01 2.407782736722e-01 1.508567927661e+00 4.683034546085e-01 1.377801633355e-01 5.651538586476e-01
2.524100400117e+04 4.091975980337e+02 1.047353683067e+00 4.096128710843e+02 8.995247608627e-01 2.404959810131e-01 1.509139631259e+00 4.673884147424e-01 1.385605298097e-01 5.646615793852e-01
2.524110600117e+04 4.091976483063e+02 1.047646981157e+00 4.096129439607e+02 8.998552904267e-01 2.403353096453e-01 1.509777917146e+00 4.665716980540e-01 1.393206709417e-01 5.642302764563e-01
2.524120800117e+04 4.091976979646e+02 1.047948336322e+00 4.096130165984e+02 9.002150178944e-01 2.402072883481e-01 1.510484168706e+00 4.658297984868e-01 1.400593374061e-01 5.638398745949e-01
2.524131000117e+04 4.091977470075e+02 1.048271006428e+00 4.096130889938e+02 9.006049748977e-01 2.401028431458e-01 1.511259688710e+00 4.651308657134e-01 1.407750295452e-01 5.634634945735e-01
2.524141200117e+04 4.091977954158e+02 1.048563984436e+00 4.096131611234e+02 9.010261852696e-01 2.400242332247e-01 1.512105661152e+00 4.644397138453e-01 1.414660402629e-01 5.630715909686e-01
2.524151400117e+04 4.091978431490e+02 1.048834780752e+00 4.096132329407e+02 9.014796624483e-01 2.399736873902e-01 1.513023111091e+00 4.637240414975e-01 1.421305245630e-01 5.626370694275e-01
2.524161600117e+04 4.091978901459e+02 1.049183976925e+00 4.096133043764e+02 9.019664071851e-01 2.399533927581e-01 1.514012863923e+00 4.629598352304e-01 1.427665654906e-01 5.621397137901e-01
2.524171800117e+04 4.091979363267e+02 1.049502925042e+00 4.096133753402e+02 9.024874055455e-01 2.399654837618e-01 1.515075505647e+00 4.621362481475e-01 1.433722433235e-01 5.615701678146e-01
2.524182000117e+04 4.091979815987e+02 1.049791349706e+00 4.096134457254e+02 9.030436271424e-01 2.400120315460e-01 1.516211345476e+00 4.612577404410e-01 1.439456752943e-01 5.609316516079e-01
2.524192200117e+04 4.091980258617e+02 1.050082164760e+00 4.096135154152e+02 9.036360235012e-01 2.400950338003e-01 1.517420381684e+00 4.603438403610e-01 1.444850332697e-01 5.602397178183e-01
2.524202400117e+04 4.091980690149e+02 1.050427429674e+00 4.096135842884e+02 9.042655264317e-01 2.402164050794e-01 1.518702271178e+00 4.594260284225e-01 1.449885266534e-01 5.595196517799e-01
2.524212600117e+04 4.091981109625e+02 1.050741607512e+00 4.096136522249e+02 9.049330462794e-01 2.403779676418e-01 1.520056303129e+00 4.585430415652e-01 1.454543650578e-01 5.588025967702e-01
2.524222800117e+04 4.091981516173e+02 1.051024429032e+00 4.096137191096e+02 9.056394699418e-01 2.405814428344e-01 1.521481377042e+00 4.577355737133e-01 1.458807051127e-01 5.581212154475e-01
2.524233000117e+04 4.091981909030e+02 1.051359915643e+00 4.096137848344e+02 9.063856585716e-01 2.409556847680e-01 1.522975985823e+00 4.570416227174e-01 1.462655930920e-01 5.575059132293e-01
2.524243200117e+04 4.091982287541e+02 1.051672555850e+00 4.096138492980e+02 9.071724449225e-01 2.414140882455e-01 1.524538204540e+00 4.564936153359e-01 1.466069187300e-01 5.569825419964e-01
2.524253400117e+04 4.091982651137e+02 1.051986338832e+00 4.096139124045e+02 9.080006303417e-01 2.419304094954e-01 1.526165685537e+00 4.561176106930e-01 1.469023913340e-01 5.565718162132e-01
2.524263600117e+04 4.091982999311e+02 1.052300854703e+00 4.096139740609e+02 9.088709814469e-01 2.425049623381e-01 1.527855660583e+00 4.559342153791e-01 1.471495392959e-01 5.562901297250e-01
2.524273800117e+04 4.091983331584e+02 1.052602756752e+00 4.096140341743e+02 9.097842265504e-01 2.431379130314e-01 1.529604950859e+00 4.559606462626e-01 1.473457409379e-01 5.561513069562e-01
2.524284000117e+04 4.091983647480e+02 1.052918248808e+00 4.096140926503e+02 9.107410519113e-01 2.438292779619e-01 1.531409985936e+00 4.562129340685e-01 1.474882761318e-01 5.561684654698e-01
2.524294200117e+04 4.091983946511e+02 1.053243858297e+00 4.096141493919e+02 9.117420978941e-01 2.445789216991e-01 1.533266833453e+00 4.567075445615e-01 1.475743998812e-01 5.563554018794e-01
2.524304400117e+04 4.091984228173e+02 1.053536490033e+00 4.096142043008e+02 9.127879551072e-01 2.453865553999e-01 1.535171241733e+00 4.574618231022e-01 1.476014201925e-01 5.567270163197e-01
2.524314600117e+04 4.091984491957e+02 1.053850896872e+00 4.096142572792e+02 9.138791605808e-01 2.462517355493e-01 1.537118697948e+00 4.584930662953e-01 1.475667796132e-01 5.572986110816e-01
2.524324800117e+04 4.091984737378e+02 1.054193923294e+00 4.096143082338e+02 9.150161940289e-01 2.471738630205e-01 1.539104504389e+00 4.598163021410e-01 1.474681309126e-01 5.580841196421e-01
2.524335000117e+04 4.091984964004e+02 1.054503387560e+00 4.096143570803e+02 9.161994742294e-01 2.481521824315e-01 1.541123875039e+00 4.614413060123e-01 1.473033976990e-01 5.590936831954e-01
2.524345200117e+04 4.091985171494e+02 1.054780118113e+00 4.096144037486e+02 9.174293555476e-01 2.491857817727e-01 1.543172053907e+00 4.633692253931e-01 1.470708285339e-01 5.603308632610e-01
2.524355400117e+04 4.091985359629e+02 1.055140497517e+00 4.096144481870e+02 9.187061246233e-01 2.502735922695e-01 1.545244455720e+00 4.655899849146e-01 1.467690282957e-01 5.617904426294e-01
2.524365600117e+04 4.091985528349e+02 1.055466746917e+00 4.096144903672e+02 9.200299972439e-01 2.514143884389e-01 1.547336828542e+00 4.680805554385e-01 1.463969867860e-01 5.634568824614e-01
2.524375800117e+04 4.091985677764e+02 1.055758599072e+00 4.096145302864e+02 9.214011154254e-01 2.526067882921e-01 1.549445436804e+00 4.708050326673e-01 1.459540918304e-01 5.653042309198e-01
2.524386000117e+04 4.091985808169e+02 1.056101628751e+00 4.096145679697e+02 9.228195447269e-01 2.538631233793e-01 1.551567261925e+00 4.737165345677e-01 1.454401358929e-01 5.672975227067e-01
2.524396200117e+04 4.091985920033e+02 1.056417063747e+00 4.096146034692e+02 9.242852718240e-01 2.553592054031e-01 1.553700216239e+00 4.767604681520e-01 1.448553221893e-01 5.693953342733e-01
2.524406400117e+04 4.091986013985e+02 1.056740242979e+00 4.096146368636e+02 9.257982023648e-01 2.568942676729e-01 1.555843364242e+00 4.798793717995e-01 1.442002616380e-01 5.715537049595e-01
2.524416600117e+04 4.091986090786e+02 1.057064837727e+00 4.096146682541e+02 9.273581591308e-01 2.584656878465e-01 1.557997143478e+00 4.830175933002e-01 1.434759774978e-01 5.737299960877e-01
2.524426800117e+04 4.091986151288e+02 1.057363023004e+00 4.096146977606e+02 9.289648805191e-01 2.600707148967e-01 1.560163575880e+00 4.861263467762e-01 1.426839009831e-01 5.758871472113e-01
2.524437000117e+04 4.091986196396e+02 1.057711001552e+00 4.096147255167e+02 9.306180193579e-01 2.617064705590e-01 1.562346459372e+00 4.891673484208e-01 1.418258729484e-01 5.779968062063e-01
2.524447200117e+04 4.091986227023e+02 1.058023279935e+00 4.096147516634e+02 9.323171420630e-01 2.633699510606e-01 1.564551529251e+00 4.921150086008e-01 1.409041439071e-01 5.800412804190e-01
2.524457400117e+04 4.091986244045e+02 1.058327235567e+00 4.096147763438e+02 9.340617281374e-01 2.650580291472e-01 1.566786579401e+00 4.949571894094e-01 1.399213695771e-01 5.820142825022e-01
2.524467600117e+04 4.091986248271e+02 1.058683069720e+00 4.096147996978e+02 9.358511700144e-01 2.667674563018e-01 1.569061534753e+00 4.976938882324e-01 1.388806057027e-01 5.839198963356e-01
2.524477800117e+04 4.091986240415e+02 1.059002675366e+00 4.096148218567e+02 9.376847732366e-01 2.684948648544e-01 1.571388468385e+00 5.003347063294e-01 1.377852948387e-01 5.857704656600e-01
2.524488000117e+04 4.091986221084e+02 1.059293225875e+00 4.096148429408e+02 9.395617569610e-01 2.702367694347e-01 1.573781559100e+00 5.028948785351e-01 1.366392459267e-01 5.875832017221e-01
2.524498200117e+04 4.091986190779e+02 1.059656697885e+00 4.096148630566e+02 9.414812547718e-01 2.719895669386e-01 1.576256987871e+00 5.053914605835e-01 1.354465935930e-01 5.893768696272e-01
2.524508400117e+04 4.091986149911e+02 1.059983446628e+00 4.096148822967e+02 9.434423157754e-01 2.737495339001e-01 1.578832774067e+00 5.078389996361e-01 1.342117453708e-01 5.911679863555e-01
2.524518600117e+04 4.091986098826e+02 1.060294629192e+00 4.096149007399e+02 9.454439059421e-01 2.755338885633e-01 1.581528554563e+00 5.102462987082e-01 1.329393007216e-01 5.929679213787e-01
2.524528800117e+04 4.091986037838e+02 1.060638471527e+00 4.096149184536e+02 9.474849096553e-01 2.773470855518e-01 1.584365310684e+00 5.126143172976e-01 1.316339444840e-01 5.947809577688e-01
2.524539000117e+04 4.091985967268e+02 1.060963990731e+00 4.096149354957e+02 9.495641314188e-01 2.791427579055e-01 1.587365049244e+00 5.149356683011e-01 1.303003109864e-01 5.966037302332e-01
2.524549200117e+04 4.091985887477e+02 1.061291006306e+00 4.096149519172e+02 9.516802976754e-01 2.809157375751e-01 1.590550444909e+00 5.171956896965e-01 1.289428219929e-01 5.984260421818e-01
2.524559400117e+04 4.091985798893e+02 1.061605927540e+00 4.096149677641e+02 9.538320586899e-01 2.826605455909e-01 1.593944451677e+00 5.193751322815e-01 1.275655023418e-01 6.002331139259e-01
2.524569600117e+04 4.091985702020e+02 1.061945255178e+00 4.096149830781e+02 9.560179904581e-01 2.843713539845e-01 1.597569891803e+00 5.214543153406e-01 1.261717782602e-01 6.020091449533e-01
2.524579800117e+04 4.091985597439e+02 1.062270746892e+00 4.096149978969e+02 9.582365966119e-01 2.860419606024e-01 1.601449030999e+00 5.234172379678e-01 1.247642793555e-01 6.037408825333e-01
2.524590000117e+04 4.091985485784e+02 1.062570501417e+00 4.096150122521e+02 9.604863103055e-01 2.876657876579e-01 1.605603149616e+00 5.252563640361e-01 1.233446432219e-01 6.054218087215e-01
2.524600200117e+04 4.091985367711e+02 1.062932264264e+00 4.096150261668e+02 9.627654960735e-01 2.892359165577e-01 1.610052120644e+00 5.269753669554e-01 1.219133554004e-01 6.070545801174e-01
2.524610400117e+04 4.091985243852e+02 1.063255737696e+00 4.096150396521e+02 9.650724516660e-01 2.908070462749e-01 1.614814006815e+00 5.285911080253e-01 1.204696217039e-01 6.086528074357e-01
2.524620600117e+04 4.091985114763e+02 1.063555812152e+00 4.096150527032e+02 9.674054098646e-01 2.923474022048e-01 1.619904690536e+00 5.301325853492e-01 1.190113038541e-01 6.102402010254e-01
2.524630800117e+04 4.091984980880e+02 1.063915519972e+00 4.096150652965e+02 9.697625402835e-01 2.938332364217e-01 1.625337551384e+00 5.316385403173e-01 1.175349121571e-01 6.118485427902e-01
2.524641000117e+04 4.091984842483e+02 1.064236475546e+00 4.096150773870e+02 9.721419511533e-01 2.952574202965e-01 1.631123205990e+00 5.331531407166e-01 1.160356717476e-01 6.135139849533e-01
2.524651200117e+04 4.091984699669e+02 1.064562142607e+00 4.096150889081e+02 9.745416910749e-01 2.966127656204e-01 1.637269323784e+00 5.347204494350e-01 1.151744732170e-01 6.152722983889e-01
2.524661400117e+04 4.091984552356e+02 1.064893197937e+00 4.096150997729e+02 9.769597507211e-01 2.978922602415e-01 1.643780529037e+00 5.363793738168e-01 1.150341859188e-01 6.171545489578e-01
2.524671600117e+04 4.091984400300e+02 1.065218662120e+00 4.096151098780e+02 9.793940644587e-01 2.990893789218e-01 1.650658394835e+00 5.381586804631e-01 1.148195526138e-01 6.191828410654e-01
2.524681800117e+04 4.091984243142e+02 1.065544033295e+00 4.096151191092e+02 9.818425118608e-01 3.001984681101e-01 1.657901528408e+00 5.400735594329e-01 1.145214229772e-01 6.213674122541e-01
2.524692000117e+04 4.091984080470e+02 1.065853288517e+00 4.096151273492e+02 9.843029190885e-01 3.012151963702e-01 1.665505740243e+00 5.421233569278e-01 1.141309501367e-01 6.237047387960e-01
2.524702200117e+04 4.091983911891e+02 1.066190022660e+00 4.096151344857e+02 9.867730601338e-01 3.021370543775e-01 1.673464282570e+00 5.442907496808e-01 1.136398435783e-01 6.261768813601e-01
2.524712400117e+04 4.091983737118e+02 1.066486759523e+00 4.096151404209e+02 9.892506579352e-01 3.029638803268e-01 1.681768136978e+00 5.465429890631e-01 1.130405628026e-01 6.287526119469e-01
2.524722600117e+04 4.091983556045e+02 1.066823009298e+00 4.096151450794e+02 9.917333854018e-01 3.036983790364e-01 1.690406327167e+00 5.488339214358e-01 1.123264531768e-01 6.313891982748e-01
2.524732800117e+04 4.091983368815e+02 1.067147649932e+00 4.096151484152e+02 9.942188663987e-01 3.043528453795e-01 1.699366231651e+00 5.511083870824e-01 1.117403458359e-01 6.340362430334e-01
2.524743000117e+04 4.091983175872e+02 1.067431657366e+00 4.096151504175e+02 9.967046767674e-01 3.050891788826e-01 1.708633873024e+00 5.533075973801e-01 1.130247430961e-01 6.366403666625e-01
2.524753200117e+04 4.091982977983e+02 1.067771330764e+00 4.096151511121e+02 9.991883454591e-01 3.057212014030e-01 1.718194164995e+00 5.553763565554e-01 1.143117409033e-01 6.391514897291e-01
2.524763400117e+04 4.091982776239e+02 1.068082866126e+00 4.096151505624e+02 1.001667355865e+00 3.062530315693e-01 1.728031105154e+00 5.572702347639e-01 1.155703066133e-01 6.415290661004e-01
2.524773600117e+04 4.091982572024e+02 1.068378323890e+00 4.096151488658e+02 1.004139147415e+00 3.066924214938e-01 1.738127909508e+00 5.589629775319e-01 1.168672034618e-01 6.437485049961e-01
2.524783800117e+04 4.091982366963e+02 1.068692153009e+00 4.096151461486e+02 1.006601117520e+00 3.070510472571e-01 1.748467092857e+00 5.604520029757e-01 1.181139133854e-01 6.458059026236e-01
2.524794000117e+04 4.091982162848e+02 1.068990831722e+00 4.096151425589e+02 1.009050623892e+00 3.073446368417e-01 1.759030505959e+00 5.617615985429e-01 1.193705881903e-01 6.477207394706e-01
2.524804200117e+04 4.091981961555e+02 1.069287462771e+00 4.096151382582e+02 1.011484987298e+00 3.077856633788e-01 1.769799345030e+00 5.629425467568e-01 1.206078057830e-01 6.495354466570e-01
2.524814400117e+04 4.091981764953e+02 1.069565221380e+00 4.096151334123e+02 1.013901494741e+00 3.113219371380e-01 1.780754150757e+00 5.640683412512e-01 1.218121234041e-01 6.513120051490e-01
2.524824600117e+04 4.091981574811e+02 1.069868214215e+00 4.096151281823e+02 1.016297403108e+00 3.156088773027e-01 1.791874812610e+00 5.652280720877e-01 1.229919836811e-01 6.531256823872e-01
2.524834800117e+04 4.091981392715e+02 1.070128290693e+00 4.096151227167e+02 1.018669943245e+00 3.199674615123e-01 1.803140590190e+00 5.665170148426e-01 1.241485603713e-01 6.550568396007e-01
2.524845000117e+04 4.091981220002e+02 1.070422458371e+00 4.096151171444e+02 1.021016324481e+00 3.243968840806e-01 1.814530157649e+00 5.680261465027e-01 1.252669068938e-01 6.571818907596e-01
2.524855200117e+04 4.091981057698e+02 1.070700485578e+00 4.096151115694e+02 1.023333739565e+00 3.288526244935e-01 1.826021670989e+00 5.698321287468e-01 1.263927265854e-01 6.595647425627e-01
2.524865400117e+04 4.091980906486e+02 1.070934608188e+00 4.096151060679e+02 1.025619370008e+00 3.331931157496e-01 1.837592852643e+00 5.719892486053e-01 1.274679879573e-01 6.622499737757e-01
2.524875600117e+04 4.091980766692e+02 1.071225238805e+00 4.096151006861e+02 1.027870391830e+00 3.373987348353e-01 1.849221084087e+00 5.745244003715e-01 1.284931414794e-01 6.652586453428e-01
2.524885800117e+04 4.091980638287e+02 1.071476537047e+00 4.096150954416e+02 1.030083981688e+00 3.414768892044e-01 1.860883496038e+00 5.774359514137e-01 1.295366562685e-01 6.685874267322e-01
2.524896000117e+04 4.091980520921e+02 1.071720200435e+00 4.096150903258e+02 1.032257323405e+00 3.454958669055e-01 1.872557047007e+00 5.806963203270e-01 1.305562413174e-01 6.722108671160e-01
2.524906200117e+04 4.091980413964e+02 1.071963843472e+00 4.096150853081e+02 1.034387614891e+00 3.493698731566e-01 1.884218584423e+00 5.842578285612e-01 1.315263335422e-01 6.760864352634e-01
2.524916400117e+04 4.091980316579e+02 1.072195352986e+00 4.096150803422e+02 1.036472075468e+00 3.530897624729e-01 1.895844887149e+00 5.880605830459e-01 1.324465292149e-01 6.801612786480e-01
2.524926600117e+04 4.091980227788e+02 1.072418899701e+00 4.096150753731e+02 1.038507953597e+00 3.566524310275e-01 1.907412693243e+00 5.920409768423e-01 1.333802131199e-01 6.843795118477e-01
2.524936800117e+04 4.091980146564e+02 1.072630387912e+00 4.096150703443e+02 1.040492535008e+00 3.600600644760e-01 1.918898721100e+00 5.961392953170e-01 1.342968285274e-01 6.886887509843e-01
2.524947000117e+04 4.091980071901e+02 1.072842723077e+00 4.096150652052e+02 1.042423151205e+00 3.633191388398e-01 1.930279694855e+00 6.003053996534e-01 1.351618686394e-01 6.930450143146e-01
2.524957200117e+04 4.091980002886e+02 1.073010651105e+00 4.096150599172e+02 1.044297188306e+00 3.664392859006e-01 1.941532385687e+00 6.045014527827e-01 1.359737275128e-01 6.974150878847e-01
2.524967400117e+04 4.091979938748e+02 1.073230208593e+00 4.096150544570e+02 1.046112096152e+00 3.694321360434e-01 1.952633679320e+00 6.087018797202e-01 1.368019930992e-01 7.017765074243e-01
2.524977600117e+04 4.091979878872e+02 1.073402149686e+00 4.096150488182e+02 1.047865397595e+00 3.723102387445e-01 1.963560676776e+00 6.128906258412e-01 1.375825923327e-01 7.061151948066e-01
2.524987800117e+04 4.091979822798e+02 1.073557868640e+00 4.096150430090e+02 1.049554697813e+00 3.750861372667e-01 1.974290831099e+00 6.170563910621e-01 1.383282563963e-01 7.104213223054e-01
2.524998000117e+04 4.091979770176e+02 1.073736015103e+00 4.096150370469e+02 1.051177693501e+00 3.777716445249e-01 1.984802117910e+00 6.211869505525e-01 1.390392186275e-01 7.146843592157e-01
2.525008200117e+04 4.091979720706e+02 1.073865359806e+00 4.096150309512e+02 1.052732181742e+00 3.803773368031e-01 1.995073233263e+00 6.252632933527e-01 1.397177937712e-01 7.188879328541e-01
2.525018400117e+04 4.091979674059e+02 1.074017082711e+00 4.096150247332e+02 1.054216068326e+00 3.829122556717e-01 2.005083808904e+00 6.292549972131e-01 1.403667708752e-01 7.230057393643e-01
2.525028600117e+04 4.091979629791e+02 1.074141156955e+00 4.096150183871e+02 1.055627375322e+00 3.853920573116e-01 2.014814633116e+00 6.331176402866e-01 1.409982489634e-01 7.269992111655e-01
2.525038800117e+04 4.091979587275e+02 1.074254078264e+00 4.096150118814e+02 1.056964247680e+00 3.879764686364e-01 2.024247864976e+00 6.367931755504e-01 1.415684444007e-01 7.308177633605e-01
2.525049000117e+04 4.091979545642e+02 1.074337617095e+00 4.096150051529e+02 1.058224958741e+00 3.905154333500e-01 2.033367230807e+00 6.402134935429e-01 1.421153900025e-01 7.344018358044e-01
2.525059200117e+04 4.091979503759e+02 1.074441632994e+00 4.096149981038e+02 1.059407914525e+00 3.930090166448e-01 2.042158193400e+00 6.433068421979e-01 1.426712903148e-01 7.376884592287e-01
2.525069400117e+04 4.091979460238e+02 1.074499267767e+00 4.096149906028e+02 1.060511656802e+00 3.954565891568e-01 2.050608086870e+00 6.460056366954e-01 1.431655264208e-01 7.406180726602e-01
2.525079600117e+04 4.091979413472e+02 1.074571183881e+00 4.096149824881e+02 1.061534864984e+00 3.978569951910e-01 2.058706212212e+00 6.482545127685e-01 1.435969976634e-01 7.431415832744e-01
2.525089800117e+04 4.091979361691e+02 1.074624880293e+00 4.096149735743e+02 1.062476356941e+00 4.002086934754e-01 2.066443890634e+00 6.500164864816e-01 1.440630161335e-01 7.452257838263e-01
2.525100000117e+04 4.091979303039e+02 1.074633531601e+00 4.096149636588e+02 1.063335088872e+00 4.025098713051e-01 2.073814473520e+00 6.512764538133e-01 1.444828773025e-01 7.468564347309e-01
2.525110200117e+04 4.091979235638e+02 1.074682910999e+00 4.096149525300e+02 1.064110154389e+00 4.047585344650e-01 2.080813309419e+00 6.520413425385e-01 1.448377222127e-01 7.480383952249e-01
2.525120400117e+04 4.091979157662e+02 1.074679759662e+00 4.096149399736e+02 1.064800782925e+00 4.069816964009e-01 2.087437670043e+00 6.523380547928e-01 1.451989687536e-01 7.487937947393e-01
2.525130600117e+04 4.091979067387e+02 1.074681895370e+00 4.096149257791e+02 1.065406337562e+00 4.092016166021e-01 2.093686638809e+00 6.522093290118e-01 1.455125339297e-01 7.491583679597e-01
2.525140800117e+04 4.091978963237e+02 1.074659969521e+00 4.096149097447e+02 1.065926312349e+00 4.113592096740e-01 2.099560967001e+00 6.517093593642e-01 1.457937996521e-01 7.491775739848e-01
2.525151000117e+04 4.091978843813e+02 1.074624536388e+00 4.096148916815e+02 1.066360329146e+00 4.134523637824e-01 2.105062903925e+00 6.508993378651e-01 1.460431662631e-01 7.489026609294e-01
2.525161200117e+04 4.091978707919e+02 1.074556815460e+00 4.096148714174e+02 1.066708134021e+00 4.154790095111e-01 2.110196008316e+00 6.498435869132e-01 1.462574647632e-01 7.483872707614e-01
2.525171400117e+04 4.091978554582e+02 1.074507419254e+00 4.096148488009e+02 1.066969593240e+00 4.174371214040e-01 2.114964948511e+00 6.486056762211e-01 1.464569631112e-01 7.476840656118e-01
2.525181600117e+04 4.091978383065e+02 1.074404837235e+00 4.096148237039e+02 1.067144688913e+00 4.193505492113e-01 2.119375298618e+00 6.472452399073e-01 1.465825145170e-01 7.468420009024e-01
2.525191800117e+04 4.091978192875e+02 1.074327696614e+00 4.096147960242e+02 1.067233514364e+00 4.212328988202e-01 2.123433337062e+00 6.458146911256e-01 1.466842075578e-01 7.459035459996e-01
2.525202000117e+04 4.091977983766e+02 1.074211789159e+00 4.096147656870e+02 1.067236269339e+00 4.230390430909e-01 2.127145852811e+00 6.443565534046e-01 1.467766693469e-01 7.449024701242e-01
2.525212200117e+04 4.091977755731e+02 1.074078485421e+00 4.096147326453e+02 1.067153255155e+00 4.247669173060e-01 2.130519963421e+00 6.429018163717e-01 1.467914585193e-01 7.438625338850e-01
2.525222400117e+04 4.091977508977e+02 1.073949130467e+00 4.096146968781e+02 1.066984869904e+00 4.264144528201e-01 2.133562948048e+00 6.414691440250e-01 1.467834553685e-01 7.427969225972e-01
2.525232600117e+04 4.091977243896e+02 1.073780338370e+00 4.096146583885e+02 1.066731603836e+00 4.279795736586e-01 2.136282097779e+00 6.400659508272e-01 1.467584729711e-01 7.417092841610e-01
2.525242800117e+04 4.091976961018e+02 1.073615102739e+00 4.096146171993e+02 1.066394035012e+00 4.294601966451e-01 2.138684585033e+00 6.386902555050e-01 1.466543575256e-01 7.405954169408e-01
2.525253000117e+04 4.091976660966e+02 1.073423451410e+00 4.096145733490e+02 1.065972825329e+00 4.308542354356e-01 2.140777353345e+00 6.373336545649e-01 1.465383914669e-01 7.394458974598e-01
2.525263200117e+04 4.091976344403e+02 1.073214787918e+00 4.096145268873e+02 1.065468717006e+00 4.321596084325e-01 2.142567028352e+00 6.359845080473e-01 1.463668221328e-01 7.382488639053e-01
2.525273400117e+04 4.091976011986e+02 1.073000345338e+00 4.096144778704e+02 1.064882529599e+00 4.333742501947e-01 2.144059850268e+00 6.346308602618e-01 1.461556710185e-01 7.369925480606e-01
2.525283600117e+04 4.091975664323e+02 1.072750612293e+00 4.096144263579e+02 1.064215157611e+00 4.344961257224e-01 2.145261627540e+00 6.332627870354e-01 1.458957165619e-01 7.356672958335e-01
2.525293800117e+04 4.091975301954e+02 1.072510018153e+00 4.096143724091e+02 1.063467568761e+00 4.355232468986e-01 2.146177710667e+00 6.318739145995e-01 1.455913748198e-01 7.342668629438e-01
2.525304000117e+04 4.091974925324e+02 1.072239772570e+00 4.096143160812e+02 1.062640802925e+00 4.364536904216e-01 2.146812984551e+00 6.304621245662e-01 1.452768953988e-01 7.327890034466e-01
2.525314200117e+04 4.091974534786e+02 1.071955371471e+00 4.096142574284e+02 1.061735971767e+00 4.372856167067e-01 2.147171877223e+00 6.290295030263e-01 1.448860741650e-01 7.312354048806e-01
2.525324400117e+04 4.091974130605e+02 1.071664804756e+00 4.096141965011e+02 1.060754259042e+00 4.380172894283e-01 2.147258382478e+00 6.275816880722e-01 1.444371724980e-01 7.296111053292e-01
2.525334600117e+04 4.091973712973e+02 1.071350736055e+00 4.096141333467e+02 1.059696921508e+00 4.386470955404e-01 2.147076093844e+00 6.261268330706e-01 1.440091048626e-01 7.279235806899e-01
2.525344800117e+04 4.091973282033e+02 1.071025184707e+00 4.096140680104e+02 1.058565290361e+00 4.391735657137e-01 2.146628247458e+00 6.246741976214e-01 1.435075969230e-01 7.261815127150e-01
2.525355000117e+04 4.091972837897e+02 1.070683962052e+00 4.096140005366e+02 1.057360773081e+00 4.395953951433e-01 2.145917771626e+00 6.232327622968e-01 1.429365799317e-01 7.243935780770e-01
2.525365200117e+04 4.091972380681e+02 1.070320958876e+00 4.096139309709e+02 1.056084855542e+00 4.399114646120e-01 2.144947341222e+00 6.218097239494e-01 1.423930667787e-01 7.225671341592e-01
2.525375400117e+04 4.091971910523e+02 1.069952482958e+00 4.096138593617e+02 1.054739104223e+00 4.401208615655e-01 2.143719435350e+00 6.204092471760e-01 1.417773786007e-01 7.207071233233e-01
2.525385600117e+04 4.091971427607e+02 1.069564734094e+00 4.096137857618e+02 1.053325168344e+00 4.402329020689e-01 2.142236396941e+00 6.190314951903e-01 1.411097297136e-01 7.188152145128e-01
2.525395800117e+04 4.091970932184e+02 1.069171105868e+00 4.096137102299e+02 1.051844781751e+00 4.402322624552e-01 2.140500493124e+00 6.176720550579e-01 1.404403410810e-01 7.168892805677e-01
2.525406000117e+04 4.091970424579e+02 1.068754621207e+00 4.096136328314e+02 1.050299764382e+00 4.401170777337e-01 2.138513975250e+00 6.163218145042e-01 1.397012373855e-01 7.149232609564e-01
2.525416200117e+04 4.091969905203e+02 1.068336555477e+00 4.096135536386e+02 1.048692023137e+00 4.398877908243e-01 2.136279137471e+00 6.149674818116e-01 1.389191300570e-01 7.129075766801e-01
2.525426400117e+04 4.091969374548e+02 1.067901431897e+00 4.096134727308e+02 1.047023552035e+00 4.395527924973e-01 2.133798372800e+00 6.135922426454e-01 1.381161791674e-01 7.108296637507e-01
2.525436600117e+04 4.091968833188e+02 1.067453188745e+00 4.096133901934e+02 1.045296431509e+00 4.391170006767e-01 2.131074225546e+00 6.121771165758e-01 1.372503944746e-01 7.086751134748e-01
2.525446800117e+04 4.091968281766e+02 1.066989573643e+00 4.096133061173e+02 1.043512826774e+00 4.385754751009e-01 2.128109439113e+00 6.107022332423e-01 1.363638760367e-01 7.064287498699e-01
2.525457000117e+04 4.091967720981e+02 1.066520789705e+00 4.096132205968e+02 1.041674985187e+00 4.379295424757e-01 2.124906998197e+00 6.091481699286e-01 1.354365797236e-01 7.040757680191e-01
2.525467200117e+04 4.091967151577e+02 1.066021499406e+00 4.096131337292e+02 1.039785232581e+00 4.371808364556e-01 2.121470164552e+00 6.074972503092e-01 1.344503107191e-01 7.016028476869e-01
2.525477400117e+04 4.091966574322e+02 1.065545228245e+00 4.096130456124e+02 1.037845968577e+00 4.363312895329e-01 2.117802505603e+00 6.057344653314e-01 1.334068892742e-01 6.989989483691e-01
2.525487600117e+04 4.091965989995e+02 1.065032636987e+00 4.096129563441e+02 1.035859660902e+00 4.356605783991e-01 2.113907915376e+00 6.038484165368e-01 1.323933487980e-01 6.962561306601e-01
2.525497800117e+04 4.091965399371e+02 1.064530099421e+00 4.096128660199e+02 1.033828838807e+00 4.350053803549e-01 2.109790627377e+00 6.018316581373e-01 1.313187895154e-01 6.933698618694e-01
2.525508000117e+04 4.091964803206e+02 1.064012101463e+00 4.096127747325e+02 1.031756085658e+00 4.342497316304e-01 2.105455219255e+00 5.996810551964e-01 1.301844837635e-01 6.903393382550e-01
2.525518200117e+04 4.091964202224e+02 1.063482798651e+00 4.096126825703e+02 1.029644030858e+00 4.333958518355e-01 2.100906609237e+00 5.973978577113e-01 1.289917913476e-01 6.871675620834e-01
2.525528400117e+04 4.091963597107e+02 1.062940714811e+00 4.096125896167e+02 1.027495341237e+00 4.324462810881e-01 2.096150044502e+00 5.949875015338e-01 1.278203528966e-01 6.838611810358e-01
2.525538600117e+04 4.091962988485e+02 1.062403659198e+00 4.096124959495e+02 1.025312712087e+00 4.314038443526e-01 2.091191081783e+00 5.924592971165e-01 1.266135308810e-01 6.804302285055e-01
2.525548800117e+04 4.091962376933e+02 1.061857274912e+00 4.096124016401e+02 1.023098858029e+00 4.302716128144e-01 2.086035560604e+00 5.898257070390e-01 1.253527100239e-01 6.768875036621e-01
2.525559000117e+04 4.091961762963e+02 1.061293023100e+00 4.096123067538e+02 1.020856503900e+00 4.290528632906e-01 2.080689569746e+00 5.871017288543e-01 1.240394316978e-01 6.732480400595e-01
2.525569200117e+04 4.091961147026e+02 1.060747220283e+00 4.096122113499e+02 1.018588375848e+00 4.277510366339e-01 2.075159407793e+00 5.843035549445e-01 1.226981466172e-01 6.695279407905e-01
2.525579400117e+04 4.091960529517e+02 1.060187289956e+00 4.096121154825e+02 1.016297192813e+00 4.263696960215e-01 2.069451538888e+00 5.814474869121e-01 1.213660714073e-01 6.657434309465e-01
2.525589600117e+04 4.091959910782e+02 1.059622720008e+00 4.096120192013e+02 1.013985658568e+00 4.249124859268e-01 2.063572545202e+00 5.785483709134e-01 1.199863549224e-01 6.619094875941e-01
2.525599800117e+04 4.091959291128e+02 1.059055606781e+00 4.096119225530e+02 1.011656454450e+00 4.233830924742e-01 2.057529077914e+00 5.756181856852e-01 1.185717730540e-01 6.580385975959e-01
2.525610000117e+04 4.091958670839e+02 1.058479860491e+00 4.096118255833e+02 1.009312232902e+00 4.217852057693e-01 2.051327808691e+00 5.726649301556e-01 1.171193555947e-01 6.541397723300e-01
2.525620200117e+04 4.091958050194e+02 1.057917783480e+00 4.096117283384e+02 1.006955611904e+00 4.201224846947e-01 2.044975383649e+00 5.696913547928e-01 1.156401211810e-01 6.502174210276e-01
2.525630400117e+04 4.091957429485e+02 1.057353480703e+00 4.096116308672e+02 1.004589170351e+00 4.183985245619e-01 2.038478381558e+00 5.666947202610e-01 1.141510462401e-01 6.462711195998e-01
2.525640600117e+04 4.091956809029e+02 1.056787996042e+00 4.096115332228e+02 1.002215444373e+00 4.166168279222e-01 2.031843277593e+00 5.636666599853e-01 1.126215949300e-01 6.422954698716e-01
2.525650800117e+04 4.091956189190e+02 1.056223840662e+00 4.096114354640e+02 9.998369245979e-01 4.147807787556e-01 2.025076413359e+00 5.605941614071e-01 1.110547455396e-01 6.382809417135e-01
2.525661000117e+04 4.091955570380e+02 1.055664042619e+00 4.096113376564e+02 9.974560542916e-01 4.128936201881e-01 2.018183973260e+00 5.574607821047e-01 1.094899193747e-01 6.342149277379e-01
2.525671200117e+04 4.091954953069e+02 1.055107552444e+00 4.096112398723e+02 9.950752283054e-01 4.109584358220e-01 2.011171966860e+00 5.542483022998e-01 1.079101622036e-01 6.300831898937e-01
2.525681400117e+04 4.091954337783e+02 1.054555260441e+00 4.096111421910e+02 9.926967927418e-01 4.089781347064e-01 2.004046216639e+00 5.509388503138e-01 1.062951167304e-01 6.258717325998e-01
2.525691600117e+04 4.091953725096e+02 1.054014059405e+00 4.096110446977e+02 9.903230452243e-01 4.069579511963e-01 1.996812350713e+00 5.475164678003e-01 1.046462307133e-01 6.215681938615e-01
2.525701800117e+04 4.091953115618e+02 1.053480387418e+00 4.096109474828e+02 9.879562356527e-01 4.050022309347e-01 1.989475800445e+00 5.439683680427e-01 1.030039678640e-01 6.171629736830e-01
2.525712000117e+04 4.091952509990e+02 1.052954273756e+00 4.096108506400e+02 9.855985673163e-01 4.030116609525e-01 1.982041803379e+00 5.402858061905e-01 1.013358003221e-01 6.126500250608e-01
2.525722200117e+04 4.091951908868e+02 1.052438154668e+00 4.096107542657e+02 9.832521982270e-01 4.009889199381e-01 1.974515412172e+00 5.364638868974e-01 9.963880405130e-02 6.080267088866e-01
2.525732400117e+04 4.091951312913e+02 1.051934878112e+00 4.096106584576e+02 9.809192425313e-01 3.989365133600e-01 1.966901510235e+00 5.325008850087e-01 9.791452395018e-02 6.032932161045e-01
2.525742600117e+04 4.091950722785e+02 1.051442419345e+00 4.096105633141e+02 9.786017718547e-01 3.968567705096e-01 1.959204834330e+00 5.283976579690e-01 9.616452243682e-02 5.984520664420e-01
2.525752800117e+04 4.091950139141e+02 1.050963315896e+00 4.096104689335e+02 9.763018164352e-01 3.947518440635e-01 1.951430003688e+00 5.241566619138e-01 9.444139339011e-02 5.935072531352e-01
2.525763000117e+04 4.091949562630e+02 1.050495836055e+00 4.096103754142e+02 9.740213659069e-01 3.926237119742e-01 1.943581554427e+00 5.197812298952e-01 9.270456988661e-02 5.884636152468e-01
2.525773200117e+04 4.091948993893e+02 1.050045286007e+00 4.096102828543e+02 9.717623696088e-01 3.904741814856e-01 1.935663977517e+00 5.152756796656e-01 9.095852502083e-02 5.833269400711e-01
2.525783400117e+04 4.091948433566e+02 1.049610230182e+00 4.096101913518e+02 9.695267363156e-01 3.883048950641e-01 1.927681758334e+00 5.106447119643e-01 8.919178085316e-02 5.781034368125e-01
2.525793600117e+04 4.091947882276e+02 1.049187409790e+00 4.096101010043e+02 9.673163333069e-01 3.861173380292e-01 1.919639416109e+00 5.058933464755e-01 8.740513705983e-02 5.727996830082e-01
2.525803800117e+04 4.091947340647e+02 1.048785938768e+00 4.096100119098e+02 9.651329847235e-01 3.839128476679e-01 1.911541542060e+00 5.010270613692e-01 8.561054261581e-02 5.674227485326e-01
2.525814000117e+04 4.091946809298e+02 1.048403877083e+00 4.096099241664e+02 9.629784691764e-01 3.816926236155e-01 1.903392835499e+00 4.960500956814e-01 8.384690022698e-02 5.619786950590e-01
2.525824200117e+04 4.091946288853e+02 1.048033039240e+00 4.096098378732e+02 9.608545166002e-01 3.794577392873e-01 1.895198137401e+00 4.909652776303e-01 8.206702161977e-02 5.564724225780e-01
2.525834400117e+04 4.091945779947e+02 1.047684306612e+00 4.096097531313e+02 9.587628043582e-01 3.772091541465e-01 1.886962460827e+00 4.857729996892e-01 8.027210287168e-02 5.509067629575e-01
2.525844600117e+04 4.091945283238e+02 1.047353978872e+00 4.096096700444e+02 9.567049526214e-01 3.749477265970e-01 1.878691017162e+00 4.804709801145e-01 7.846329358241e-02 5.452822694974e-01
2.525854800117e+04 4.091944799414e+02 1.047042544319e+00 4.096095887203e+02 9.546825190622e-01 3.726742272920e-01 1.870389236781e+00 4.750552147783e-01 7.665031660851e-02 5.395980567325e-01
2.525865000117e+04 4.091944329202e+02 1.046744758214e+00 4.096095092717e+02 9.526969929229e-01 3.703893526505e-01 1.862062782669e+00 4.695213706027e-01 7.486110951997e-02 5.338530259743e-01
2.525875200117e+04 4.091943873374e+02 1.046465654161e+00 4.096094318164e+02 9.507497885433e-01 3.680937383760e-01 1.853717555829e+00 4.638668153344e-01 7.306063880489e-02 5.280476424794e-01
2.525885400117e+04 4.091943432745e+02 1.046207227955e+00 4.096093564773e+02 9.488422384592e-01 3.657879727695e-01 1.845359692083e+00 4.580932346527e-01 7.126892402104e-02 5.221862120875e-01
2.525895600117e+04 4.091943008167e+02 1.045971300396e+00 4.096092833820e+02 9.469755862075e-01 3.634726096256e-01 1.836995550737e+00 4.522079377737e-01 6.947424225711e-02 5.162779817263e-01
2.525905800117e+04 4.091942600519e+02 1.045750142420e+00 4.096092126619e+02 9.451509789958e-01 3.611481805020e-01 1.828631696381e+00 4.462251105890e-01 6.767200232698e-02 5.103381689892e-01
2.525916000117e+04 4.091942210704e+02 1.045543040176e+00 4.096091444510e+02 9.433694604074e-01 3.588152061445e-01 1.820274875588e+00 4.401663465021e-01 6.586471623721e-02 5.043883315033e-01
2.525926200117e+04 4.091941839631e+02 1.045352370601e+00 4.096090788850e+02 9.416319633222e-01 3.564742068597e-01 1.811931990472e+00 4.340605416940e-01 6.407140045881e-02 4.984561565068e-01
2.525936400117e+04 4.091941488212e+02 1.045177117643e+00 4.096090161002e+02 9.399393032311e-01 3.541257116290e-01 1.803610071141e+00 4.279435219511e-01 6.232249627640e-02 4.925749979696e-01
2.525946600117e+04 4.091941157352e+02 1.045018558759e+00 4.096089562322e+02 9.382921721247e-01 3.517702657785e-01 1.795316249129e+00 4.218583802246e-01 6.274134596920e-02 4.867840172058e-01
2.525956800117e+04 4.091940847939e+02 1.044873440844e+00 4.096088994150e+02 9.366911331283e-01 3.495517758586e-01 1.787057734106e+00 4.158547370353e-01 6.313572515320e-02 4.811273763916e-01
2.525967000117e+04 4.091940560837e+02 1.044741516386e+00 4.096088457797e+02 9.351366160525e-01 3.474513792717e-01 1.778841796344e+00 4.099887208022e-01 6.350557204647e-02 4.756540587788e-01
2.525977200117e+04 4.091940296875e+02 1.044620062993e+00 4.096087954527e+02 9.336289140129e-01 3.453545624483e-01 1.770675757453e+00 4.043222913157e-01 6.385084939156e-02 4.704171317522e-01
2.525987400117e+04 4.091940056838e+02 1.044505698409e+00 4.096087485545e+02 9.321681812580e-01 3.432616045993e-01 1.762566991561e+00 3.989218710893e-01 6.417153410694e-02 4.654724471430e-01
2.525997600117e+04 4.091939841456e+02 1.044413604455e+00 4.096087051982e+02 9.307544323136e-01 3.411727646775e-01 1.754522938283e+00 3.938569085204e-01 6.449569627989e-02 4.608773398962e-01
2.526007800117e+04 4.091939651397e+02 1.044332057358e+00 4.096086654873e+02 9.293875425205e-01 3.390882852483e-01 1.746551127595e+00 3.891978880834e-01 6.484705851750e-02 4.566889286508e-01
2.526018000117e+04 4.091939487253e+02 1.044253702053e+00 4.096086295147e+02 9.280672500001e-01 3.370083953045e-01 1.738659215234e+00 3.850140561452e-01 6.517184054256e-02 4.529622674705e-01
2.526028200117e+04 4.091939349534e+02 1.044186856600e+00 4.096085973604e+02 9.267931590408e-01 3.349333120049e-01 1.730855025638e+00 3.813708300863e-01 6.551172223354e-02 4.497483297465e-01
2.526038400117e+04 4.091939238655e+02 1.044123593779e+00 4.096085690900e+02 9.255647448569e-01 3.328632413592e-01 1.723146597842e+00 3.783269153563e-01 6.586653167590e-02 4.470918421024e-01
2.526048600117e+04 4.091939154923e+02 1.044065573198e+00 4.096085447529e+02 9.243813596357e-01 3.307983779269e-01 1.715542228256e+00 3.759311468674e-01 6.619230078065e-02 4.450289638208e-01
2.526058800117e+04 4.091939098529e+02 1.044027050845e+00 4.096085243804e+02 9.232422397544e-01 3.287389036404e-01 1.708050502907e+00 3.742190991450e-01 6.649436154280e-02 4.435848146472e-01
2.526069000117e+04 4.091939069532e+02 1.043986095015e+00 4.096085079842e+02 9.221465140275e-01 3.266849859063e-01 1.700680310809e+00 3.732100740454e-01 6.678978368546e-02 4.427713149171e-01
2.526079200117e+04 4.091939067851e+02 1.043949937357e+00 4.096084955554e+02 9.210932128249e-01 3.246367751702e-01 1.693440829867e+00 3.729048253617e-01 6.705406808106e-02 4.425855813746e-01
2.526089400117e+04 4.091939093266e+02 1.043913272579e+00 4.096084870638e+02 9.200812778961e-01 3.225944021614e-01 1.686341477414e+00 3.732846546076e-01 6.728661398575e-02 4.430093601705e-01
2.526099600117e+04 4.091939145411e+02 1.043892203294e+00 4.096084824587e+02 9.191095727310e-01 3.205579750474e-01 1.679391819405e+00 3.743121961698e-01 6.748689413225e-02 4.440097337112e-01
2.526109800117e+04 4.091939223787e+02 1.043862011810e+00 4.096084816693e+02 9.181768932964e-01 3.185275767394e-01 1.672601435484e+00 3.759339671467e-01 6.765447724261e-02 4.455411667791e-01
2.526120000117e+04 4.091939327776e+02 1.043844978703e+00 4.096084846072e+02 9.172819789941e-01 3.167524873966e-01 1.665979741300e+00 3.780844426500e-01 6.779483681754e-02 4.475487254005e-01
2.526130200117e+04 4.091939456659e+02 1.043825226930e+00 4.096084911686e+02 9.164235237001e-01 3.150412712945e-01 1.659535774315e+00 3.806908604367e-01 6.792059735577e-02 4.499718530218e-01
2.526140400117e+04 4.091939609640e+02 1.043807775892e+00 4.096085012376e+02 9.156001867534e-01 3.133375042794e-01 1.653277953980e+00 3.836780367917e-01 6.801230637424e-02 4.527481551826e-01
2.526150600117e+04 4.091939785867e+02 1.043799512484e+00 4.096085146888e+02 9.148106037744e-01 3.116408748264e-01 1.647213830943e+00 3.869721421715e-01 6.813523643044e-02 4.558163456081e-01
2.526160800117e+04 4.091939984451e+02 1.043786204647e+00 4.096085313901e+02 9.140533971977e-01 3.099510522170e-01 1.641349841942e+00 3.905030921870e-01 6.823724407672e-02 4.591180795937e-01
2.526171000117e+04 4.091940204479e+02 1.043769641218e+00 4.096085512041e+02 9.133271864163e-01 3.082676865836e-01 1.635691086795e+00 3.942051000891e-01 6.830616203339e-02 4.625982863352e-01
2.526181200117e+04 4.091940445015e+02 1.043763779080e+00 4.096085739895e+02 9.126305974398e-01 3.065904098184e-01 1.630241141469e+00 3.980162423731e-01 6.834853074384e-02 4.662047091211e-01
2.526191400117e+04 4.091940705101e+02 1.043737698430e+00 4.096085996010e+02 9.119622719843e-01 3.049188375513e-01 1.625001917081e+00 4.018773452387e-01 6.844562093481e-02 4.698869026400e-01
2.526201600117e+04 4.091940983749e+02 1.043740703458e+00 4.096086278894e+02 9.113208759261e-01 3.032525723287e-01 1.619973570033e+00 4.057314266264e-01 6.850587028048e-02 4.735957336132e-01
2.526211800117e+04 4.091941279938e+02 1.043719571966e+00 4.096086587013e+02 9.107051070678e-01 3.015912080493e-01 1.615154464250e+00 4.095247217896e-01 6.852880718765e-02 4.772842679113e-01
2.526222000117e+04 4.091941592613e+02 1.043716408365e+00 4.096086918801e+02 9.101137021749e-01 2.999343356301e-01 1.610541183535e+00 4.132091444020e-01 6.851408796889e-02 4.809099252890e-01
2.526232200117e+04 4.091941920703e+02 1.043699960685e+00 4.096087272673e+02 9.095454432474e-01 2.982815498002e-01 1.606128590553e+00 4.167460917893e-01 6.848376943506e-02 4.844378241714e-01
2.526242400117e+04 4.091942263143e+02 1.043693337293e+00 4.096087647058e+02 9.089991629795e-01 2.966324568616e-01 1.601909928818e+00 4.201101446858e-01 6.842360705438e-02 4.878440623057e-01
2.526252600117e+04 4.091942618908e+02 1.043680415916e+00 4.096088040433e+02 9.084737493443e-01 2.950907872294e-01 1.597876964662e+00 4.232913930876e-01 6.832449021953e-02 4.911178216986e-01
2.526262800117e+04 4.091942987048e+02 1.043664497571e+00 4.096088451363e+02 9.079681492201e-01 2.936044286514e-01 1.594020166905e+00 4.262943264398e-01 6.820263138936e-02 4.942604995825e-01
2.526273000117e+04 4.091943366710e+02 1.043643314600e+00 4.096088878527e+02 9.074813709651e-01 2.922484602753e-01 1.590328922144e+00 4.291335662905e-01 6.968472264459e-02 4.972820893861e-01
2.526283200117e+04 4.091943757147e+02 1.043630768454e+00 4.096089320726e+02 9.070124858594e-01 2.909527776712e-01 1.586791782595e+00 4.318262888983e-01 7.165653022326e-02 5.001946808762e-01
2.526293400117e+04 4.091944157702e+02 1.043593261543e+00 4.096089776866e+02 9.065606283768e-01 2.896592735190e-01 1.583396741378e+00 4.343840429608e-01 7.355617867293e-02 5.030054252972e-01
2.526303600117e+04 4.091944567767e+02 1.043590651983e+00 4.096090245919e+02 9.061249953161e-01 2.883671704371e-01 1.580131527381e+00 4.368059779200e-01 7.538348662508e-02 5.057107228912e-01
2.526313800117e+04 4.091944986733e+02 1.043563135834e+00 4.096090726876e+02 9.057048439092e-01 2.870757533552e-01 1.576983909434e+00 4.390765102661e-01 7.713855691534e-02 5.082942609359e-01
2.526324000117e+04 4.091945413948e+02 1.043538227508e+00 4.096091218691e+02 9.052994890966e-01 2.857843797570e-01 1.573941998038e+00 4.411687955569e-01 7.882186093320e-02 5.107300906279e-01
2.526334200117e+04 4.091945848687e+02 1.043520844506e+00 4.096091720268e+02 9.049083002050e-01 2.844924893810e-01 1.570994532435e+00 4.430531986238e-01 8.043436002766e-02 5.129900408617e-01
2.526344400117e+04 4.091946290161e+02 1.043490615077e+00 4.096092230456e+02 9.045306972660e-01 2.831996131172e-01 1.568131141079e+00 4.447093919831e-01 8.197764512123e-02 5.150542671118e-01
2.526354600117e+04 4.091946737562e+02 1.043470200308e+00 4.096092748103e+02 9.041661471683e-01 2.819053808273e-01 1.565342564236e+00 4.461376279564e-01 8.345405159015e-02 5.169210581162e-01
2.526364800117e+04 4.091947190131e+02 1.043443235056e+00 4.096093272130e+02 9.038141597691e-01 2.806095278036e-01 1.562620829005e+00 4.473654610775e-01 8.486671495164e-02 5.186126583214e-01
2.526375000117e+04 4.091947647246e+02 1.043412685506e+00 4.096093801616e+02 9.034742840141e-01 2.793118996028e-01 1.559959369791e+00 4.484477783686e-01 8.621954679171e-02 5.201752532334e-01
2.526385200117e+04 4.091948108493e+02 1.043369308226e+00 4.096094335884e+02 9.031461040670e-01 2.780124550372e-01 1.557353091227e+00 4.494589365294e-01 8.751711891482e-02 5.216721115893e-01
2.526395400117e+04 4.091948573714e+02 1.043347984128e+00 4.096094874548e+02 9.028292354380e-01 2.767112671791e-01 1.554798374754e+00 4.504801266207e-01 8.876448106989e-02 5.231726261719e-01
2.526405600117e+04 4.091949043007e+02 1.043305746428e+00 4.096095417518e+02 9.025233211273e-01 2.754085223294e-01 1.552293033302e+00 4.515846421907e-01 8.996693770802e-02 5.247395979324e-01
2.526415800117e+04 4.091949516682e+02 1.043266756852e+00 4.096095964968e+02 9.022280278617e-01 2.741045170136e-01 1.549836220227e+00 4.528254200853e-01 9.112982988575e-02 5.264185307306e-01
2.526426000117e+04 4.091949995187e+02 1.043240764307e+00 4.096096517256e+02 9.019430425616e-01 2.727996531695e-01 1.547428299340e+00 4.542275162202e-01 9.225835775280e-02 5.282311965108e-01
2.526436200117e+04 4.091950479009e+02 1.043195023840e+00 4.096097074831e+02 9.016680692282e-01 2.716882153615e-01 1.545070683401e+00 4.557868961178e-01 9.335746895626e-02 5.301746159434e-01
2.526446400117e+04 4.091950968584e+02 1.043153038736e+00 4.096097638146e+02 9.014028264482e-01 2.706676804753e-01 1.542765649396e+00 4.574751061455e-01 9.443181564148e-02 5.322250553758e-01
2.526456600117e+04 4.091951464234e+02 1.043123436120e+00 4.096098207586e+02 9.011470456885e-01 2.696416169040e-01 1.540516139814e+00 4.592493202417e-01 9.548577534890e-02 5.343466067745e-01
2.526466800117e+04 4.091951966137e+02 1.043075137731e+00 4.096098783442e+02 9.009004704813e-01 2.686103734876e-01 1.538325559107e+00 4.610642945208e-01 9.652349982198e-02 5.365013889785e-01
2.526477000117e+04 4.091952474339e+02 1.043040325286e+00 4.096099365918e+02 9.006628565053e-01 2.675743911819e-01 1.536197573458e+00 4.628843031806e-01 9.754896794787e-02 5.386597343720e-01
2.526487200117e+04 4.091952988803e+02 1.043000550071e+00 4.096099955174e+02 9.004339724721e-01 2.665341951686e-01 1.534135920186e+00 4.646916322051e-01 9.856600954752e-02 5.408074269392e-01
2.526497400117e+04 4.091953509469e+02 1.042957465647e+00 4.096100551381e+02 9.002136016389e-01 2.654903871164e-01 1.532144231790e+00 4.664894364541e-01 9.957827996534e-02 5.429481043208e-01
2.526507600117e+04 4.091954036319e+02 1.042916001969e+00 4.096101154781e+02 9.000015437295e-01 2.644521257271e-01 1.530225878988e+00 4.682980216270e-01 1.005891800104e-01 5.451000154012e-01
2.526517800117e+04 4.091954569413e+02 1.042858831714e+00 4.096101765718e+02 8.997976170460e-01 2.635933150307e-01 1.528383836935e+00 4.701465297773e-01 1.016017408538e-01 5.472888369458e-01
2.526528000117e+04 4.091955108901e+02 1.042820541316e+00 4.096102384641e+02 8.996016606085e-01 2.627300927664e-01 1.526620578198e+00 4.720612885620e-01 1.026184898447e-01 5.495376375367e-01
2.526538200117e+04 4.091955654992e+02 1.042772701641e+00 4.096103012067e+02 8.994135362405e-01 2.618629750811e-01 1.524937994863e+00 4.740550483196e-01 1.036413383793e-01 5.518576182434e-01
2.526548400117e+04 4.091956207901e+02 1.042708331800e+00 4.096103648523e+02 8.992331306083e-01 2.609925353662e-01 1.523337350521e+00 4.761198583063e-01 1.046715196036e-01 5.542419870267e-01
2.526558600117e+04 4.091956767776e+02 1.042674423829e+00 4.096104294464e+02 8.990603572841e-01 2.601193995686e-01 1.521819261668e+00 4.782242750816e-01 1.057095842896e-01 5.566635558923e-01
2.526568800117e+04 4.091957334632e+02 1.042632556920e+00 4.096104950206e+02 8.988951589270e-01 2.592442425801e-01 1.520383707375e+00 4.803170114241e-01 1.067554689823e-01 5.590778738630e-01
2.526579000117e+04 4.091957908308e+02 1.042574761118e+00 4.096105615875e+02 8.987375096525e-01 2.583677858021e-01 1.519030065637e+00 4.823338721435e-01 1.078086047155e-01 5.614291971955e-01
2.526589200117e+04 4.091958488447e+02 1.042526484261e+00 4.096106291378e+02 8.985874176008e-01 2.574907959085e-01 1.517757173922e+00 4.842081010897e-01 1.088680591344e-01 5.636594139132e-01
2.526599400117e+04 4.091959074504e+02 1.042491326035e+00 4.096106976415e+02 8.984449276460e-01 2.566140847592e-01 1.516563409822e+00 4.858795771869e-01 1.099326692851e-01 5.657160027742e-01
