$MeshFormat
4.1 0 8
$EndMeshFormat
$Entities
28 31 4 0
1 -100 0 0 0 
2 0 0 0 0 
3 0 -3.25 0 0 
4 500 -3.25 0 0 
5 500 0 0 0 
6 1500 0 0 0 
7 1500 0.25 0 0 
8 1500 150 0 0 
9 -100 150 0 0 
10 -100 0.25 0 0 
11 0 0.25 0 0 
12 500 0.25 0 0 
13 250 0 0 0 
14 250 0.25 0 0 
15 0 -1.625 0 0 
16 250 -3.25 0 0 
17 500 -1.625 0 0 
18 -16 0 0 0 
19 -16 0.25 0 0 
20 516 0 0 0 
21 516 0.25 0 0 
22 -100 3.75 0 0 
23 -16 3.75 0 0 
24 516 3.75 0 0 
25 1500 3.75 0 0 
26 0 3.75 0 0 
27 250 3.75 0 0 
28 500 3.75 0 0 
1 -100 0 0 -16 0 0 2 4 4 2 1 -18 
2 0 -1.625 0 0 0 0 2 4 4 2 2 -15 
3 0 -3.25 0 250 -3.25 0 2 4 4 2 3 -16 
4 500 -3.25 0 500 -1.625 0 2 4 4 2 4 -17 
5 500 0 0 516 0 0 2 4 4 2 5 -20 
6 1500 0 0 1500 0.25 0 2 2 2 2 6 -7 
7 1500 0.25 0 1500 3.75 0 2 2 2 2 7 -25 
8 -100 150 0 1500 150 0 2 3 3 2 8 -9 
9 -100 3.75 0 -100 150 0 2 1 1 2 9 -22 
10 -100 0.25 0 -16 0.25 0 0 2 10 -19 
11 -100 0 0 -100 0.25 0 2 1 1 2 10 -1 
12 0 0.25 0 250 0.25 0 0 2 11 -14 
13 500 0.25 0 516 0.25 0 0 2 12 -21 
14 0 0 0 250 0 0 0 2 2 -13 
15 0 -3.25 0 0 -1.625 0 2 4 4 2 15 -3 
16 250 -3.25 0 500 -3.25 0 2 4 4 2 16 -4 
17 500 -1.625 0 500 0 0 2 4 4 2 17 -5 
18 250 0 0 500 0 0 0 2 13 -5 
19 250 0.25 0 500 0.25 0 0 2 14 -12 
20 -16 0 0 0 0 0 2 4 4 2 18 -2 
21 516 0 0 1500 0 0 2 4 4 2 20 -6 
22 516 0.25 0 1500 0.25 0 0 2 21 -7 
23 -16 0.25 0 0 0.25 0 0 2 19 -11 
24 -100 0.25 0 -100 3.75 0 2 1 1 2 22 -10 
25 1500 3.75 0 1500 150 0 2 2 2 2 25 -8 
26 516 3.75 0 1500 3.75 0 0 2 25 -24 
27 -100 3.75 0 -16 3.75 0 0 2 22 -23 
30 -16 3.75 0 0 3.75 0 0 2 23 -26 
31 0 3.75 0 250 3.75 0 0 2 26 -27 
32 250 3.75 0 500 3.75 0 0 2 27 -28 
33 500 3.75 0 516 3.75 0 0 2 28 -24 
1 -100 0 0 1500 0.25 0 2 100 100 14 5 21 6 -22 -13 -19 -12 -23 -10 11 1 20 14 18 
2 0 -3.25 0 500 0 0 2 101 101 8 2 15 3 16 4 17 -18 -14 
3 -100 3.75 0 1500 150 0 2 102 102 9 -26 25 8 9 27 30 31 32 33 
4 -100 0.25 0 1500 3.75 0 2 101 101 14 -24 27 30 31 32 33 -26 -7 -22 -13 -19 -12 -23 -10 
$EndEntities
$Nodes
63 9233 1 9233
0 1 0 1
1
-100 0 0
0 2 0 1
2
0 0 0
0 3 0 1
3
0 -3.25 0
0 4 0 1
4
500 -3.25 0
0 5 0 1
5
500 0 0
0 6 0 1
6
1500 0 0
0 7 0 1
7
1500 0.25 0
0 8 0 1
8
1500 150 0
0 9 0 1
9
-100 150 0
0 10 0 1
10
-100 0.25 0
0 11 0 1
11
0 0.25 0
0 12 0 1
12
500 0.25 0
0 13 0 1
13
250 0 0
0 14 0 1
14
250 0.25 0
0 15 0 1
15
0 -1.625 0
0 16 0 1
16
250 -3.25 0
0 17 0 1
17
500 -1.625 0
0 18 0 1
18
-16 0 0
0 19 0 1
19
-16 0.25 0
0 20 0 1
20
516 0 0
0 21 0 1
21
516 0.25 0
0 22 0 1
22
-100 3.75 0
0 23 0 1
23
-16 3.75 0
0 24 0 1
24
516 3.75 0
0 25 0 1
25
1500 3.75 0
0 26 0 1
26
0 3.75 0
0 27 0 1
27
250 3.75 0
0 28 0 1
28
500 3.75 0
1 1 0 20
29
30
31
32
33
34
35
36
37
38
39
40
41
42
43
44
45
46
47
48
-95.58527046937866 0 0
-91.21468823266611 0 0
-86.88781181580126 0 0
-82.60420415867605 0 0
-78.36343257713837 0 0
-74.16506871323423 0 0
-70.00868848650846 0 0
-65.8938720650049 0 0
-61.82020381161699 0 0
-57.78727223817417 0 0
-53.79466997884192 0 0
-49.84199374553916 0 0
-45.92884427781397 0 0
-42.05482630008553 0 0
-38.21954849842778 0 0
-34.42262347905 0 0
-30.66366770896734 0 0
-26.94230149533101 0 0
-23.25814894616619 0 0
-19.61083791980739 0 0
1 2 0 4
49
50
51
52
0 -0.2603507857898172 0
0 -0.5496294364204475 0
0 -0.8710501588009887 0
0 -1.22818429385062 0
1 3 0 196
53
54
55
56
57
58
59
60
61
62
63
64
65
66
67
68
69
70
71
72
73
74
75
76
77
78
79
80
81
82
83
84
85
86
87
88
89
90
91
92
93
94
95
96
97
98
99
100
101
102
103
104
105
106
107
108
109
110
111
112
113
114
115
116
117
118
119
120
121
122
123
124
125
126
127
128
129
130
131
132
133
134
135
136
137
138
139
140
141
142
143
144
145
146
147
148
149
150
151
152
153
154
155
156
157
158
159
160
161
162
163
164
165
166
167
168
169
170
171
172
173
174
175
176
177
178
179
180
181
182
183
184
185
186
187
188
189
190
191
192
193
194
195
196
197
198
199
200
201
202
203
204
205
206
207
208
209
210
211
212
213
214
215
216
217
218
219
220
221
222
223
224
225
226
227
228
229
230
231
232
233
234
235
236
237
238
239
240
241
242
243
244
245
246
247
248
0.2042830347739608 -3.25 0
0.4116769697627135 -3.25 0
0.6222291755502731 -3.25 0
0.8359877616437675 -3.25 0
1.053001571073304 -3.25 0
1.273320145641271 -3.25 0
1.496993804274202 -3.25 0
1.724073667297335 -3.25 0
1.954611595088024 -3.25 0
2.188660239005929 -3.25 0
2.426273094566678 -3.25 0
2.66750444172054 -3.25 0
2.91240936843274 -3.25 0
3.16104379652788 -3.25 0
3.413464534557097 -3.25 0
3.669729249357396 -3.25 0
3.929896462098232 -3.25 0
4.19402560462984 -3.25 0
4.462177017592233 -3.25 0
4.73441195084733 -3.25 0
5.010792590136405 -3.25 0
5.291382086930304 -3.25 0
5.576244530078423 -3.25 0
5.865444975263623 -3.25 0
6.159049474272917 -3.25 0
6.4571251057994 -3.25 0
6.759739977936525 -3.25 0
7.066963203223365 -3.25 0
7.378864957143502 -3.25 0
7.695516483598876 -3.25 0
8.016990097712053 -3.25 0
8.343359248223491 -3.25 0
8.67469849449679 -3.25 0
9.011083512438686 -3.25 0
9.352591128493261 -3.25 0
9.699299383426951 -3.25 0
10.05128748432247 -3.25 0
10.40863581113052 -3.25 0
10.77142598204398 -3.25 0
11.13974086256165 -3.25 0
11.51366460355584 -3.25 0
11.8932826239082 -3.25 0
12.27868162046965 -3.25 0
12.66994963605898 -3.25 0
13.06717604391974 -3.25 0
13.47045158769319 -3.25 0
13.87986839587731 -3.25 0
14.29551996652957 -3.25 0
14.71750123822697 -3.25 0
15.1459086338549 -3.25 0
15.58084002094313 -3.25 0
16.02239472675151 -3.25 0
16.47067361237275 -3.25 0
16.92577906257343 -3.25 0
17.38781503213673 -3.25 0
17.85688709412572 -3.25 0
18.33310240393679 -3.25 0
18.81656971904831 -3.25 0
19.30739947703344 -3.25 0
19.80570379026088 -3.25 0
20.31159649634642 -3.25 0
20.8251931551788 -3.25 0
21.3466110718779 -3.25 0
21.87596937980999 -3.25 0
22.41338898238093 -3.25 0
22.95899263511439 -3.25 0
23.51290497524567 -3.25 0
24.07525252104483 -3.25 0
24.64616373044006 -3.25 0
25.22576903111161 -3.25 0
25.81420082462964 -3.25 0
26.41159348939728 -3.25 0
27.01808349842049 -3.25 0
27.63380939858862 -3.25 0
28.25891184427577 -3.25 0
28.89353363494011 -3.25 0
29.53781969448649 -3.25 0
30.19191719371265 -3.25 0
30.85597559067569 -3.25 0
31.53014655829949 -3.25 0
32.21458407988015 -3.25 0
32.90944452142793 -3.25 0
33.61488658961694 -3.25 0
34.33107143211033 -3.25 0
35.05816265594756 -3.25 0
35.79632631691022 -3.25 0
36.54573105133949 -3.25 0
37.30654804249556 -3.25 0
38.07895106801868 -3.25 0
38.86311658157903 -3.25 0
39.65922370764051 -3.25 0
40.46745429606481 -3.25 0
41.28799294788099 -3.25 0
42.12102710010119 -3.25 0
42.96674705531608 -3.25 0
43.82534601239767 -3.25 0
44.69702009833678 -3.25 0
45.58196840124262 -3.25 0
46.48039306083354 -3.25 0
47.39249930555965 -3.25 0
48.31849548928438 -3.25 0
49.25859315910985 -3.25 0
50.21300703922623 -3.25 0
51.18195512786044 -3.25 0
52.16565877001699 -3.25 0
53.1643426736466 -3.25 0
54.17823495627275 -3.25 0
55.20756722040979 -3.25 0
56.25257460406416 -3.25 0
57.31349580295092 -3.25 0
58.39057315146039 -3.25 0
59.48405270526553 -3.25 0
60.594184242013 -3.25 0
61.7212213174743 -3.25 0
62.86542138230058 -3.25 0
64.02704581527772 -3.25 0
65.20635998657202 -3.25 0
66.40363326654142 -3.25 0
67.6191391192246 -3.25 0
68.8531552003291 -3.25 0
70.10596339922753 -3.25 0
71.37784991200452 -3.25 0
72.66910525944384 -3.25 0
73.9800243907455 -3.25 0
75.31090676297562 -3.25 0
76.66205636474376 -3.25 0
78.03378185475087 -3.25 0
79.4263965917666 -3.25 0
80.84021866357318 -3.25 0
82.2755710044721 -3.25 0
83.73278148625924 -3.25 0
85.21218298442292 -3.25 0
86.71411344521383 -3.25 0
88.23891595618865 -3.25 0
89.78693881772662 -3.25 0
91.358535618123 -3.25 0
92.95406536606332 -3.25 0
94.57389254404532 -3.25 0
96.21838713229103 -3.25 0
97.8879247780571 -3.25 0
99.58288685535796 -3.25 0
101.3036605260592 -3.25 0
103.050638860396 -3.25 0
104.8242209325324 -3.25 0
106.6248118903965 -3.25 0
108.4528230279669 -3.25 0
110.3086718878574 -3.25 0
112.1927823967776 -3.25 0
114.1055849462538 -3.25 0
116.047516476879 -3.25 0
118.0190205650178 -3.25 0
120.0205475411024 -3.25 0
122.052554610789 -3.25 0
124.1155059514412 -3.25 0
126.2098728120121 -3.25 0
128.3361335871318 -3.25 0
130.4947739507209 -3.25 0
132.6862870219319 -3.25 0
134.9111733944935 -3.25 0
137.1699412787393 -3.25 0
139.4631066513971 -3.25 0
141.7911933211323 -3.25 0
144.1547330839234 -3.25 0
146.5542658250479 -3.25 0
148.9903396812195 -3.25 0
151.4635111230615 -3.25 0
153.9743450671924 -3.25 0
156.5234150504154 -3.25 0
159.1113033509505 -3.25 0
161.7386011139551 -3.25 0
164.4059084805646 -3.25 0
167.113834749552 -3.25 0
169.8629984872493 -3.25 0
172.6540276685745 -3.25 0
175.4875598236556 -3.25 0
178.364242215758 -3.25 0
181.2847319695674 -3.25 0
184.2496961729686 -3.25 0
187.2598120974304 -3.25 0
190.3157673673488 -3.25 0
193.4182600494645 -3.25 0
196.5679988014959 -3.25 0
199.765703111648 -3.25 0
203.0121034312221 -3.25 0
206.3079413104804 -3.25 0
209.6539696248774 -3.25 0
213.0509526947322 -3.25 0
216.4996664639506 -3.25 0
220.0008987148682 -3.25 0
223.5554492306408 -3.25 0
227.1641299641554 -3.25 0
230.8277652110306 -3.25 0
234.5471918456838 -3.25 0
238.323259507152 -3.25 0
242.1568307339469 -3.25 0
246.0487812161147 -3.25 0
1 4 0 3
249
250
251
500 -2.905532131069829 0
500 -2.52279005514523 0
500 -2.097521081328078 0
1 5 0 19
252
253
254
255
256
257
258
259
260
261
262
263
264
265
266
267
268
269
270
500.246050245824 0 0
500.5194394037724 0 0
500.8232051355619 0 0
501.1607226113431 0 0
501.5357420329706 0 0
501.9524302747857 0 0
502.4154172112035 0 0
502.9298471457039 0 0
503.5014359586693 0 0
504.1365346418136 0 0
504.8421998359903 0 0
505.6262722670205 0 0
506.4974638645203 0 0
507.4654545356207 0 0
508.540999720732 0 0
509.7360499171374 0 0
511.0638834743512 0 0
512.5392541006406 0 0
514.1785547878682 0 0
1 6 0 0
1 7 0 2
271
272
1500 0.7500000064154115 0
1500 1.750000003309903 0
1 8 0 23
273
274
275
276
277
278
279
280
281
282
283
284
285
286
287
288
289
290
291
292
293
294
295
1433.333333333829 150 0
1366.666666667659 150 0
1300.000000001488 150 0
1233.333333335318 150 0
1166.666666669147 150 0
1100.000000002977 150 0
1033.333333336806 150 0
966.6666666704432 150 0
900.000000003799 150 0
833.3333333371548 150 0
766.6666666705106 150 0
700.0000000038663 150 0
633.3333333372217 150 0
566.6666666705769 150 0
500.0000000039322 150 0
433.3333333369471 150 0
366.6666666698286 150 0
300.0000000027103 150 0
233.3333333355918 150 0
166.6666666684735 150 0
100.0000000013549 150 0
33.33333333423661 150 0
-33.33333333288169 150 0
1 9 0 10
296
297
298
299
300
301
302
303
304
305
-100 118.0013358388749 0
-100 92.40240446935607 0
-100 71.92325935088901 0
-100 55.53994313122593 0
-100 42.43329018160613 0
-100 31.94796775765479 0
-100 23.55970984317716 0
-100 16.8491036351063 0
-100 11.48061855653569 0
-100 7.185830365230487 0
1 10 0 20
306
307
308
309
310
311
312
313
314
315
316
317
318
319
320
321
322
323
324
325
-95.58527046937866 0.25 0
-91.21468823266611 0.25 0
-86.88781181580126 0.25 0
-82.60420415867605 0.25 0
-78.36343257713837 0.25 0
-74.16506871323423 0.25 0
-70.00868848650846 0.25 0
-65.8938720650049 0.25 0
-61.82020381161699 0.25 0
-57.78727223817417 0.25 0
-53.79466997884192 0.25 0
-49.84199374553916 0.25 0
-45.92884427781397 0.25 0
-42.05482630008553 0.25 0
-38.21954849842778 0.25 0
-34.42262347905 0.25 0
-30.66366770896734 0.25 0
-26.94230149533101 0.25 0
-23.25814894616619 0.25 0
-19.61083791980739 0.25 0
1 11 0 0
1 12 0 196
326
327
328
329
330
331
332
333
334
335
336
337
338
339
340
341
342
343
344
345
346
347
348
349
350
351
352
353
354
355
356
357
358
359
360
361
362
363
364
365
366
367
368
369
370
371
372
373
374
375
376
377
378
379
380
381
382
383
384
385
386
387
388
389
390
391
392
393
394
395
396
397
398
399
400
401
402
403
404
405
406
407
408
409
410
411
412
413
414
415
416
417
418
419
420
421
422
423
424
425
426
427
428
429
430
431
432
433
434
435
436
437
438
439
440
441
442
443
444
445
446
447
448
449
450
451
452
453
454
455
456
457
458
459
460
461
462
463
464
465
466
467
468
469
470
471
472
473
474
475
476
477
478
479
480
481
482
483
484
485
486
487
488
489
490
491
492
493
494
495
496
497
498
499
500
501
502
503
504
505
506
507
508
509
510
511
512
513
514
515
516
517
518
519
520
521
0.2042830347739608 0.25 0
0.4116769697627135 0.25 0
0.6222291755502731 0.25 0
0.8359877616437675 0.25 0
1.053001571073304 0.25 0
1.273320145641271 0.25 0
1.496993804274202 0.25 0
1.724073667297335 0.25 0
1.954611595088024 0.25 0
2.188660239005929 0.25 0
2.426273094566678 0.25 0
2.66750444172054 0.25 0
2.91240936843274 0.25 0
3.16104379652788 0.25 0
3.413464534557097 0.25 0
3.669729249357396 0.25 0
3.929896462098232 0.25 0
4.19402560462984 0.25 0
4.462177017592233 0.25 0
4.73441195084733 0.25 0
5.010792590136405 0.25 0
5.291382086930304 0.25 0
5.576244530078423 0.25 0
5.865444975263623 0.25 0
6.159049474272917 0.25 0
6.4571251057994 0.25 0
6.759739977936525 0.25 0
7.066963203223365 0.25 0
7.378864957143502 0.25 0
7.695516483598876 0.25 0
8.016990097712053 0.25 0
8.343359248223491 0.25 0
8.67469849449679 0.25 0
9.011083512438686 0.25 0
9.352591128493261 0.25 0
9.699299383426951 0.25 0
10.05128748432247 0.25 0
10.40863581113052 0.25 0
10.77142598204398 0.25 0
11.13974086256165 0.25 0
11.51366460355584 0.25 0
11.8932826239082 0.25 0
12.27868162046965 0.25 0
12.66994963605898 0.25 0
13.06717604391974 0.25 0
13.47045158769319 0.25 0
13.87986839587731 0.25 0
14.29551996652957 0.25 0
14.71750123822697 0.25 0
15.1459086338549 0.25 0
15.58084002094313 0.25 0
16.02239472675151 0.25 0
16.47067361237275 0.25 0
16.92577906257343 0.25 0
17.38781503213673 0.25 0
17.85688709412572 0.25 0
18.33310240393679 0.25 0
18.81656971904831 0.25 0
19.30739947703344 0.25 0
19.80570379026088 0.25 0
20.31159649634642 0.25 0
20.8251931551788 0.25 0
21.3466110718779 0.25 0
21.87596937980999 0.25 0
22.41338898238093 0.25 0
22.95899263511439 0.25 0
23.51290497524567 0.25 0
24.07525252104483 0.25 0
24.64616373044006 0.25 0
25.22576903111161 0.25 0
25.81420082462964 0.25 0
26.41159348939728 0.25 0
27.01808349842049 0.25 0
27.63380939858862 0.25 0
28.25891184427577 0.25 0
28.89353363494011 0.25 0
29.53781969448649 0.25 0
30.19191719371265 0.25 0
30.85597559067569 0.25 0
31.53014655829949 0.25 0
32.21458407988015 0.25 0
32.90944452142793 0.25 0
33.61488658961694 0.25 0
34.33107143211033 0.25 0
35.05816265594756 0.25 0
35.79632631691022 0.25 0
36.54573105133949 0.25 0
37.30654804249556 0.25 0
38.07895106801868 0.25 0
38.86311658157903 0.25 0
39.65922370764051 0.25 0
40.46745429606481 0.25 0
41.28799294788099 0.25 0
42.12102710010119 0.25 0
42.96674705531608 0.25 0
43.82534601239767 0.25 0
44.69702009833678 0.25 0
45.58196840124262 0.25 0
46.48039306083354 0.25 0
47.39249930555965 0.25 0
48.31849548928438 0.25 0
49.25859315910985 0.25 0
50.21300703922623 0.25 0
51.18195512786044 0.25 0
52.16565877001699 0.25 0
53.1643426736466 0.25 0
54.17823495627275 0.25 0
55.20756722040979 0.25 0
56.25257460406416 0.25 0
57.31349580295092 0.25 0
58.39057315146039 0.25 0
59.48405270526553 0.25 0
60.594184242013 0.25 0
61.7212213174743 0.25 0
62.86542138230058 0.25 0
64.02704581527772 0.25 0
65.20635998657202 0.25 0
66.40363326654142 0.25 0
67.6191391192246 0.25 0
68.8531552003291 0.25 0
70.10596339922753 0.25 0
71.37784991200452 0.25 0
72.66910525944384 0.25 0
73.9800243907455 0.25 0
75.31090676297562 0.25 0
76.66205636474376 0.25 0
78.03378185475087 0.25 0
79.4263965917666 0.25 0
80.84021866357318 0.25 0
82.2755710044721 0.25 0
83.73278148625924 0.25 0
85.21218298442292 0.25 0
86.71411344521383 0.25 0
88.23891595618865 0.25 0
89.78693881772662 0.25 0
91.358535618123 0.25 0
92.95406536606332 0.25 0
94.57389254404532 0.25 0
96.21838713229103 0.25 0
97.8879247780571 0.25 0
99.58288685535796 0.25 0
101.3036605260592 0.25 0
103.050638860396 0.25 0
104.8242209325324 0.25 0
106.6248118903965 0.25 0
108.4528230279669 0.25 0
110.3086718878574 0.25 0
112.1927823967776 0.25 0
114.1055849462538 0.25 0
116.047516476879 0.25 0
118.0190205650178 0.25 0
120.0205475411024 0.25 0
122.052554610789 0.25 0
124.1155059514412 0.25 0
126.2098728120121 0.25 0
128.3361335871318 0.25 0
130.4947739507209 0.25 0
132.6862870219319 0.25 0
134.9111733944935 0.25 0
137.1699412787393 0.25 0
139.4631066513971 0.25 0
141.7911933211323 0.25 0
144.1547330839234 0.25 0
146.5542658250479 0.25 0
148.9903396812195 0.25 0
151.4635111230615 0.25 0
153.9743450671924 0.25 0
156.5234150504154 0.25 0
159.1113033509505 0.25 0
161.7386011139551 0.25 0
164.4059084805646 0.25 0
167.113834749552 0.25 0
169.8629984872493 0.25 0
172.6540276685745 0.25 0
175.4875598236556 0.25 0
178.364242215758 0.25 0
181.2847319695674 0.25 0
184.2496961729686 0.25 0
187.2598120974304 0.25 0
190.3157673673488 0.25 0
193.4182600494645 0.25 0
196.5679988014959 0.25 0
199.765703111648 0.25 0
203.0121034312221 0.25 0
206.3079413104804 0.25 0
209.6539696248774 0.25 0
213.0509526947322 0.25 0
216.4996664639506 0.25 0
220.0008987148682 0.25 0
223.5554492306408 0.25 0
227.1641299641554 0.25 0
230.8277652110306 0.25 0
234.5471918456838 0.25 0
238.323259507152 0.25 0
242.1568307339469 0.25 0
246.0487812161147 0.25 0
1 13 0 19
522
523
524
525
526
527
528
529
530
531
532
533
534
535
536
537
538
539
540
500.246050245824 0.25 0
500.5194394037724 0.25 0
500.8232051355619 0.25 0
501.1607226113431 0.25 0
501.5357420329706 0.25 0
501.9524302747857 0.25 0
502.4154172112035 0.25 0
502.9298471457039 0.25 0
503.5014359586693 0.25 0
504.1365346418136 0.25 0
504.8421998359903 0.25 0
505.6262722670205 0.25 0
506.4974638645203 0.25 0
507.4654545356207 0.25 0
508.540999720732 0.25 0
509.7360499171374 0.25 0
511.0638834743512 0.25 0
512.5392541006406 0.25 0
514.1785547878682 0.25 0
1 14 0 196
541
542
543
544
545
546
547
548
549
550
551
552
553
554
555
556
557
558
559
560
561
562
563
564
565
566
567
568
569
570
571
572
573
574
575
576
577
578
579
580
581
582
583
584
585
586
587
588
589
590
591
592
593
594
595
596
597
598
599
600
601
602
603
604
605
606
607
608
609
610
611
612
613
614
615
616
617
618
619
620
621
622
623
624
625
626
627
628
629
630
631
632
633
634
635
636
637
638
639
640
641
642
643
644
645
646
647
648
649
650
651
652
653
654
655
656
657
658
659
660
661
662
663
664
665
666
667
668
669
670
671
672
673
674
675
676
677
678
679
680
681
682
683
684
685
686
687
688
689
690
691
692
693
694
695
696
697
698
699
700
701
702
703
704
705
706
707
708
709
710
711
712
713
714
715
716
717
718
719
720
721
722
723
724
725
726
727
728
729
730
731
732
733
734
735
736
0.2042830347739608 0 0
0.4116769697627135 0 0
0.6222291755502731 0 0
0.8359877616437675 0 0
1.053001571073304 0 0
1.273320145641271 0 0
1.496993804274202 0 0
1.724073667297335 0 0
1.954611595088024 0 0
2.188660239005929 0 0
2.426273094566678 0 0
2.66750444172054 0 0
2.91240936843274 0 0
3.16104379652788 0 0
3.413464534557097 0 0
3.669729249357396 0 0
3.929896462098232 0 0
4.19402560462984 0 0
4.462177017592233 0 0
4.73441195084733 0 0
5.010792590136405 0 0
5.291382086930304 0 0
5.576244530078423 0 0
5.865444975263623 0 0
6.159049474272917 0 0
6.4571251057994 0 0
6.759739977936525 0 0
7.066963203223365 0 0
7.378864957143502 0 0
7.695516483598876 0 0
8.016990097712053 0 0
8.343359248223491 0 0
8.67469849449679 0 0
9.011083512438686 0 0
9.352591128493261 0 0
9.699299383426951 0 0
10.05128748432247 0 0
10.40863581113052 0 0
10.77142598204398 0 0
11.13974086256165 0 0
11.51366460355584 0 0
11.8932826239082 0 0
12.27868162046965 0 0
12.66994963605898 0 0
13.06717604391974 0 0
13.47045158769319 0 0
13.87986839587731 0 0
14.29551996652957 0 0
14.71750123822697 0 0
15.1459086338549 0 0
15.58084002094313 0 0
16.02239472675151 0 0
16.47067361237275 0 0
16.92577906257343 0 0
17.38781503213673 0 0
17.85688709412572 0 0
18.33310240393679 0 0
18.81656971904831 0 0
19.30739947703344 0 0
19.80570379026088 0 0
20.31159649634642 0 0
20.8251931551788 0 0
21.3466110718779 0 0
21.87596937980999 0 0
22.41338898238093 0 0
22.95899263511439 0 0
23.51290497524567 0 0
24.07525252104483 0 0
24.64616373044006 0 0
25.22576903111161 0 0
25.81420082462964 0 0
26.41159348939728 0 0
27.01808349842049 0 0
27.63380939858862 0 0
28.25891184427577 0 0
28.89353363494011 0 0
29.53781969448649 0 0
30.19191719371265 0 0
30.85597559067569 0 0
31.53014655829949 0 0
32.21458407988015 0 0
32.90944452142793 0 0
33.61488658961694 0 0
34.33107143211033 0 0
35.05816265594756 0 0
35.79632631691022 0 0
36.54573105133949 0 0
37.30654804249556 0 0
38.07895106801868 0 0
38.86311658157903 0 0
39.65922370764051 0 0
40.46745429606481 0 0
41.28799294788099 0 0
42.12102710010119 0 0
42.96674705531608 0 0
43.82534601239767 0 0
44.69702009833678 0 0
45.58196840124262 0 0
46.48039306083354 0 0
47.39249930555965 0 0
48.31849548928438 0 0
49.25859315910985 0 0
50.21300703922623 0 0
51.18195512786044 0 0
52.16565877001699 0 0
53.1643426736466 0 0
54.17823495627275 0 0
55.20756722040979 0 0
56.25257460406416 0 0
57.31349580295092 0 0
58.39057315146039 0 0
59.48405270526553 0 0
60.594184242013 0 0
61.7212213174743 0 0
62.86542138230058 0 0
64.02704581527772 0 0
65.20635998657202 0 0
66.40363326654142 0 0
67.6191391192246 0 0
68.8531552003291 0 0
70.10596339922753 0 0
71.37784991200452 0 0
72.66910525944384 0 0
73.9800243907455 0 0
75.31090676297562 0 0
76.66205636474376 0 0
78.03378185475087 0 0
79.4263965917666 0 0
80.84021866357318 0 0
82.2755710044721 0 0
83.73278148625924 0 0
85.21218298442292 0 0
86.71411344521383 0 0
88.23891595618865 0 0
89.78693881772662 0 0
91.358535618123 0 0
92.95406536606332 0 0
94.57389254404532 0 0
96.21838713229103 0 0
97.8879247780571 0 0
99.58288685535796 0 0
101.3036605260592 0 0
103.050638860396 0 0
104.8242209325324 0 0
106.6248118903965 0 0
108.4528230279669 0 0
110.3086718878574 0 0
112.1927823967776 0 0
114.1055849462538 0 0
116.047516476879 0 0
118.0190205650178 0 0
120.0205475411024 0 0
122.052554610789 0 0
124.1155059514412 0 0
126.2098728120121 0 0
128.3361335871318 0 0
130.4947739507209 0 0
132.6862870219319 0 0
134.9111733944935 0 0
137.1699412787393 0 0
139.4631066513971 0 0
141.7911933211323 0 0
144.1547330839234 0 0
146.5542658250479 0 0
148.9903396812195 0 0
151.4635111230615 0 0
153.9743450671924 0 0
156.5234150504154 0 0
159.1113033509505 0 0
161.7386011139551 0 0
164.4059084805646 0 0
167.113834749552 0 0
169.8629984872493 0 0
172.6540276685745 0 0
175.4875598236556 0 0
178.364242215758 0 0
181.2847319695674 0 0
184.2496961729686 0 0
187.2598120974304 0 0
190.3157673673488 0 0
193.4182600494645 0 0
196.5679988014959 0 0
199.765703111648 0 0
203.0121034312221 0 0
206.3079413104804 0 0
209.6539696248774 0 0
213.0509526947322 0 0
216.4996664639506 0 0
220.0008987148682 0 0
223.5554492306408 0 0
227.1641299641554 0 0
230.8277652110306 0 0
234.5471918456838 0 0
238.323259507152 0 0
242.1568307339469 0 0
246.0487812161147 0 0
1 15 0 3
737
738
739
0 -2.097521081761494 0
0 -2.522790055929741 0
0 -2.905532132130882 0
1 16 0 196
740
741
742
743
744
745
746
747
748
749
750
751
752
753
754
755
756
757
758
759
760
761
762
763
764
765
766
767
768
769
770
771
772
773
774
775
776
777
778
779
780
781
782
783
784
785
786
787
788
789
790
791
792
793
794
795
796
797
798
799
800
801
802
803
804
805
806
807
808
809
810
811
812
813
814
815
816
817
818
819
820
821
822
823
824
825
826
827
828
829
830
831
832
833
834
835
836
837
838
839
840
841
842
843
844
845
846
847
848
849
850
851
852
853
854
855
856
857
858
859
860
861
862
863
864
865
866
867
868
869
870
871
872
873
874
875
876
877
878
879
880
881
882
883
884
885
886
887
888
889
890
891
892
893
894
895
896
897
898
899
900
901
902
903
904
905
906
907
908
909
910
911
912
913
914
915
916
917
918
919
920
921
922
923
924
925
926
927
928
929
930
931
932
933
934
935
253.9512187562943 -3.25 0
257.8431692390116 -3.25 0
261.6767404663458 -3.25 0
265.4528081283433 -3.25 0
269.1722347635159 -3.25 0
272.8358700109012 -3.25 0
276.4445507449163 -3.25 0
279.9991012611795 -3.25 0
283.5003335125783 -3.25 0
286.949047282269 -3.25 0
290.3460303525873 -3.25 0
293.6920586674388 -3.25 0
296.9878965471433 -3.25 0
300.2342968671551 -3.25 0
303.4320011777367 -3.25 0
306.5817399301895 -3.25 0
309.6842326127188 -3.25 0
312.7401878830428 -3.25 0
315.7503038079025 -3.25 0
318.715268011694 -3.25 0
321.635757765886 -3.25 0
324.5124401583643 -3.25 0
327.3459723138139 -3.25 0
330.1370014955005 -3.25 0
332.8861652335528 -3.25 0
335.5940915028881 -3.25 0
338.2613988698389 -3.25 0
340.8886966331783 -3.25 0
343.4765849340419 -3.25 0
346.0256549175867 -3.25 0
348.5364888620337 -3.25 0
351.0096603041855 -3.25 0
353.4457341606611 -3.25 0
355.8452669020836 -3.25 0
358.2088066651669 -3.25 0
360.5368933351891 -3.25 0
362.830058708128 -3.25 0
365.0888265926496 -3.25 0
367.3137129654818 -3.25 0
369.5052260369578 -3.25 0
371.6638664008072 -3.25 0
373.7901271761718 -3.25 0
375.8844940369865 -3.25 0
377.9474453778843 -3.25 0
379.9794524478116 -3.25 0
381.9809794241323 -3.25 0
383.952483512422 -3.25 0
385.8944150433551 -3.25 0
387.8072175930539 -3.25 0
389.6913281021923 -3.25 0
391.5471769622225 -3.25 0
393.3751881000043 -3.25 0
395.1757790581466 -3.25 0
396.9493611304848 -3.25 0
398.696339465019 -3.25 0
400.4171131359141 -3.25 0
402.1120752134051 -3.25 0
403.7816128593574 -3.25 0
405.4261074477859 -3.25 0
407.0459346259468 -3.25 0
408.6414643740627 -3.25 0
410.213061174631 -3.25 0
411.7610840363375 -3.25 0
413.2858865474776 -3.25 0
414.7878170084305 -3.25 0
416.2672185067531 -3.25 0
417.7244289886959 -3.25 0
419.1597813297474 -3.25 0
420.5736034017034 -3.25 0
421.9662181388658 -3.25 0
423.3379436290164 -3.25 0
424.6890932309252 -3.25 0
426.0199756032932 -3.25 0
427.33089473473 -3.25 0
428.6221500823018 -3.25 0
429.8940365952086 -3.25 0
431.1468447942342 -3.25 0
432.3808608754632 -3.25 0
433.5963667282684 -3.25 0
434.7936400083574 -3.25 0
435.972954179769 -3.25 0
437.1345786128641 -3.25 0
438.278778677806 -3.25 0
439.4058157533806 -3.25 0
440.515947290239 -3.25 0
441.6094268441527 -3.25 0
442.6865041927686 -3.25 0
443.7474253917596 -3.25 0
444.792432775516 -3.25 0
445.821765039753 -3.25 0
446.8356573224769 -3.25 0
447.8343412262024 -3.25 0
448.8180448684527 -3.25 0
449.7869929571788 -3.25 0
450.741406837385 -3.25 0
451.6815045072985 -3.25 0
452.6075006911094 -3.25 0
453.5196069359198 -3.25 0
454.4180315955933 -3.25 0
455.3029798985799 -3.25 0
456.1746539845982 -3.25 0
457.0332529417572 -3.25 0
457.8789728970478 -3.25 0
458.7120070493422 -3.25 0
459.532545701231 -3.25 0
460.3407762897264 -3.25 0
461.1368834158573 -3.25 0
461.9210489294857 -3.25 0
462.6934519550753 -3.25 0
463.4542689462965 -3.25 0
464.2036736807895 -3.25 0
464.9418373418144 -3.25 0
465.6689285657127 -3.25 0
466.3851134082657 -3.25 0
467.090555476513 -3.25 0
467.7854159181179 -3.25 0
468.4698534397538 -3.25 0
469.1440244074307 -3.25 0
469.8080828044452 -3.25 0
470.4621803037219 -3.25 0
471.1064663633176 -3.25 0
471.7410881540302 -3.25 0
472.3661905997645 -3.25 0
472.9819164999789 -3.25 0
473.5884065090472 -3.25 0
474.185799173859 -3.25 0
474.7742309674202 -3.25 0
475.353836268134 -3.25 0
475.9247474775705 -3.25 0
476.4870950234101 -3.25 0
477.0410073635808 -3.25 0
477.5866110163528 -3.25 0
478.1240306189615 -3.25 0
478.6533889269304 -3.25 0
479.1748068436656 -3.25 0
479.6884035025332 -3.25 0
480.1942962086532 -3.25 0
480.6926005219143 -3.25 0
481.1834302799323 -3.25 0
481.666897595076 -3.25 0
482.1431129049184 -3.25 0
482.6121849669381 -3.25 0
483.0742209365314 -3.25 0
483.5293263867613 -3.25 0
483.9776052724112 -3.25 0
484.4191599782479 -3.25 0
484.8540913653641 -3.25 0
485.2824987610193 -3.25 0
485.7044800327433 -3.25 0
486.1201316034216 -3.25 0
486.529548411631 -3.25 0
486.9328239554292 -3.25 0
487.3300503633142 -3.25 0
487.7213183789271 -3.25 0
488.1067173755115 -3.25 0
488.4863353958863 -3.25 0
488.8602591369024 -3.25 0
489.2285740174415 -3.25 0
489.5913641883759 -3.25 0
489.9487125152043 -3.25 0
490.3007006161197 -3.25 0
490.6474088710728 -3.25 0
490.9889164871462 -3.25 0
491.3253015051065 -3.25 0
491.6566407513978 -3.25 0
491.9830099019267 -3.25 0
492.3044835160568 -3.25 0
492.6211350425286 -3.25 0
492.9330367964648 -3.25 0
493.2402600217672 -3.25 0
493.5428748939196 -3.25 0
493.8409505254609 -3.25 0
494.1345550244847 -3.25 0
494.4237554696839 -3.25 0
494.7086179128458 -3.25 0
494.989207409653 -3.25 0
495.2655880489551 -3.25 0
495.5378229822228 -3.25 0
495.8059743951975 -3.25 0
496.0701035377411 -3.25 0
496.3302707504937 -3.25 0
496.5865354653054 -3.25 0
496.8389562033457 -3.25 0
497.0875906314516 -3.25 0
497.3324955581743 -3.25 0
497.5737269053384 -3.25 0
497.811339760909 -3.25 0
498.0453884048366 -3.25 0
498.2759263326366 -3.25 0
498.5030061956689 -3.25 0
498.7266798543106 -3.25 0
498.9469984288872 -3.25 0
499.1640122383251 -3.25 0
499.3777708244268 -3.25 0
499.5883230302222 -3.25 0
499.7957169652186 -3.25 0
1 17 0 4
936
937
938
939
500 -1.228184294773554 0
500 -0.8710501594291601 0
500 -0.5496294367983172 0
500 -0.2603507859598493 0
1 18 0 196
940
941
942
943
944
945
946
947
948
949
950
951
952
953
954
955
956
957
958
959
960
961
962
963
964
965
966
967
968
969
970
971
972
973
974
975
976
977
978
979
980
981
982
983
984
985
986
987
988
989
990
991
992
993
994
995
996
997
998
999
1000
1001
1002
1003
1004
1005
1006
1007
1008
1009
1010
1011
1012
1013
1014
1015
1016
1017
1018
1019
1020
1021
1022
1023
1024
1025
1026
1027
1028
1029
1030
1031
1032
1033
1034
1035
1036
1037
1038
1039
1040
1041
1042
1043
1044
1045
1046
1047
1048
1049
1050
1051
1052
1053
1054
1055
1056
1057
1058
1059
1060
1061
1062
1063
1064
1065
1066
1067
1068
1069
1070
1071
1072
1073
1074
1075
1076
1077
1078
1079
1080
1081
1082
1083
1084
1085
1086
1087
1088
1089
1090
1091
1092
1093
1094
1095
1096
1097
1098
1099
1100
1101
1102
1103
1104
1105
1106
1107
1108
1109
1110
1111
1112
1113
1114
1115
1116
1117
1118
1119
1120
1121
1122
1123
1124
1125
1126
1127
1128
1129
1130
1131
1132
1133
1134
1135
253.9512187562943 0 0
257.8431692390116 0 0
261.6767404663458 0 0
265.4528081283433 0 0
269.1722347635159 0 0
272.8358700109012 0 0
276.4445507449163 0 0
279.9991012611795 0 0
283.5003335125783 0 0
286.949047282269 0 0
290.3460303525873 0 0
293.6920586674388 0 0
296.9878965471433 0 0
300.2342968671551 0 0
303.4320011777367 0 0
306.5817399301895 0 0
309.6842326127188 0 0
312.7401878830428 0 0
315.7503038079025 0 0
318.715268011694 0 0
321.635757765886 0 0
324.5124401583643 0 0
327.3459723138139 0 0
330.1370014955005 0 0
332.8861652335528 0 0
335.5940915028881 0 0
338.2613988698389 0 0
340.8886966331783 0 0
343.4765849340419 0 0
346.0256549175867 0 0
348.5364888620337 0 0
351.0096603041855 0 0
353.4457341606611 0 0
355.8452669020836 0 0
358.2088066651669 0 0
360.5368933351891 0 0
362.830058708128 0 0
365.0888265926496 0 0
367.3137129654818 0 0
369.5052260369578 0 0
371.6638664008072 0 0
373.7901271761718 0 0
375.8844940369865 0 0
377.9474453778843 0 0
379.9794524478116 0 0
381.9809794241323 0 0
383.952483512422 0 0
385.8944150433551 0 0
387.8072175930539 0 0
389.6913281021923 0 0
391.5471769622225 0 0
393.3751881000043 0 0
395.1757790581466 0 0
396.9493611304848 0 0
398.696339465019 0 0
400.4171131359141 0 0
402.1120752134051 0 0
403.7816128593574 0 0
405.4261074477859 0 0
407.0459346259468 0 0
408.6414643740627 0 0
410.213061174631 0 0
411.7610840363375 0 0
413.2858865474776 0 0
414.7878170084305 0 0
416.2672185067531 0 0
417.7244289886959 0 0
419.1597813297474 0 0
420.5736034017034 0 0
421.9662181388658 0 0
423.3379436290164 0 0
424.6890932309252 0 0
426.0199756032932 0 0
427.33089473473 0 0
428.6221500823018 0 0
429.8940365952086 0 0
431.1468447942342 0 0
432.3808608754632 0 0
433.5963667282684 0 0
434.7936400083574 0 0
435.972954179769 0 0
437.1345786128641 0 0
438.278778677806 0 0
439.4058157533806 0 0
440.515947290239 0 0
441.6094268441527 0 0
442.6865041927686 0 0
443.7474253917596 0 0
444.792432775516 0 0
445.821765039753 0 0
446.8356573224769 0 0
447.8343412262024 0 0
448.8180448684527 0 0
449.7869929571788 0 0
450.741406837385 0 0
451.6815045072985 0 0
452.6075006911094 0 0
453.5196069359198 0 0
454.4180315955933 0 0
455.3029798985799 0 0
456.1746539845982 0 0
457.0332529417572 0 0
457.8789728970478 0 0
458.7120070493422 0 0
459.532545701231 0 0
460.3407762897264 0 0
461.1368834158573 0 0
461.9210489294857 0 0
462.6934519550753 0 0
463.4542689462965 0 0
464.2036736807895 0 0
464.9418373418144 0 0
465.6689285657127 0 0
466.3851134082657 0 0
467.090555476513 0 0
467.7854159181179 0 0
468.4698534397538 0 0
469.1440244074307 0 0
469.8080828044452 0 0
470.4621803037219 0 0
471.1064663633176 0 0
471.7410881540302 0 0
472.3661905997645 0 0
472.9819164999789 0 0
473.5884065090472 0 0
474.185799173859 0 0
474.7742309674202 0 0
475.353836268134 0 0
475.9247474775705 0 0
476.4870950234101 0 0
477.0410073635808 0 0
477.5866110163528 0 0
478.1240306189615 0 0
478.6533889269304 0 0
479.1748068436656 0 0
479.6884035025332 0 0
480.1942962086532 0 0
480.6926005219143 0 0
481.1834302799323 0 0
481.666897595076 0 0
482.1431129049184 0 0
482.6121849669381 0 0
483.0742209365314 0 0
483.5293263867613 0 0
483.9776052724112 0 0
484.4191599782479 0 0
484.8540913653641 0 0
485.2824987610193 0 0
485.7044800327433 0 0
486.1201316034216 0 0
486.529548411631 0 0
486.9328239554292 0 0
487.3300503633142 0 0
487.7213183789271 0 0
488.1067173755115 0 0
488.4863353958863 0 0
488.8602591369024 0 0
489.2285740174415 0 0
489.5913641883759 0 0
489.9487125152043 0 0
490.3007006161197 0 0
490.6474088710728 0 0
490.9889164871462 0 0
491.3253015051065 0 0
491.6566407513978 0 0
491.9830099019267 0 0
492.3044835160568 0 0
492.6211350425286 0 0
492.9330367964648 0 0
493.2402600217672 0 0
493.5428748939196 0 0
493.8409505254609 0 0
494.1345550244847 0 0
494.4237554696839 0 0
494.7086179128458 0 0
494.989207409653 0 0
495.2655880489551 0 0
495.5378229822228 0 0
495.8059743951975 0 0
496.0701035377411 0 0
496.3302707504937 0 0
496.5865354653054 0 0
496.8389562033457 0 0
497.0875906314516 0 0
497.3324955581743 0 0
497.5737269053384 0 0
497.811339760909 0 0
498.0453884048366 0 0
498.2759263326366 0 0
498.5030061956689 0 0
498.7266798543106 0 0
498.9469984288872 0 0
499.1640122383251 0 0
499.3777708244268 0 0
499.5883230302222 0 0
499.7957169652186 0 0
1 19 0 196
1136
1137
1138
1139
1140
1141
1142
1143
1144
1145
1146
1147
1148
1149
1150
1151
1152
1153
1154
1155
1156
1157
1158
1159
1160
1161
1162
1163
1164
1165
1166
1167
1168
1169
1170
1171
1172
1173
1174
1175
1176
1177
1178
1179
1180
1181
1182
1183
1184
1185
1186
1187
1188
1189
1190
1191
1192
1193
1194
1195
1196
1197
1198
1199
1200
1201
1202
1203
1204
1205
1206
1207
1208
1209
1210
1211
1212
1213
1214
1215
1216
1217
1218
1219
1220
1221
1222
1223
1224
1225
1226
1227
1228
1229
1230
1231
1232
1233
1234
1235
1236
1237
1238
1239
1240
1241
1242
1243
1244
1245
1246
1247
1248
1249
1250
1251
1252
1253
1254
1255
1256
1257
1258
1259
1260
1261
1262
1263
1264
1265
1266
1267
1268
1269
1270
1271
1272
1273
1274
1275
1276
1277
1278
1279
1280
1281
1282
1283
1284
1285
1286
1287
1288
1289
1290
1291
1292
1293
1294
1295
1296
1297
1298
1299
1300
1301
1302
1303
1304
1305
1306
1307
1308
1309
1310
1311
1312
1313
1314
1315
1316
1317
1318
1319
1320
1321
1322
1323
1324
1325
1326
1327
1328
1329
1330
1331
253.9512187562943 0.25 0
257.8431692390116 0.25 0
261.6767404663458 0.25 0
265.4528081283433 0.25 0
269.1722347635159 0.25 0
272.8358700109012 0.25 0
276.4445507449163 0.25 0
279.9991012611795 0.25 0
283.5003335125783 0.25 0
286.949047282269 0.25 0
290.3460303525873 0.25 0
293.6920586674388 0.25 0
296.9878965471433 0.25 0
300.2342968671551 0.25 0
303.4320011777367 0.25 0
306.5817399301895 0.25 0
309.6842326127188 0.25 0
312.7401878830428 0.25 0
315.7503038079025 0.25 0
318.715268011694 0.25 0
321.635757765886 0.25 0
324.5124401583643 0.25 0
327.3459723138139 0.25 0
330.1370014955005 0.25 0
332.8861652335528 0.25 0
335.5940915028881 0.25 0
338.2613988698389 0.25 0
340.8886966331783 0.25 0
343.4765849340419 0.25 0
346.0256549175867 0.25 0
348.5364888620337 0.25 0
351.0096603041855 0.25 0
353.4457341606611 0.25 0
355.8452669020836 0.25 0
358.2088066651669 0.25 0
360.5368933351891 0.25 0
362.830058708128 0.25 0
365.0888265926496 0.25 0
367.3137129654818 0.25 0
369.5052260369578 0.25 0
371.6638664008072 0.25 0
373.7901271761718 0.25 0
375.8844940369865 0.25 0
377.9474453778843 0.25 0
379.9794524478116 0.25 0
381.9809794241323 0.25 0
383.952483512422 0.25 0
385.8944150433551 0.25 0
387.8072175930539 0.25 0
389.6913281021923 0.25 0
391.5471769622225 0.25 0
393.3751881000043 0.25 0
395.1757790581466 0.25 0
396.9493611304848 0.25 0
398.696339465019 0.25 0
400.4171131359141 0.25 0
402.1120752134051 0.25 0
403.7816128593574 0.25 0
405.4261074477859 0.25 0
407.0459346259468 0.25 0
408.6414643740627 0.25 0
410.213061174631 0.25 0
411.7610840363375 0.25 0
413.2858865474776 0.25 0
414.7878170084305 0.25 0
416.2672185067531 0.25 0
417.7244289886959 0.25 0
419.1597813297474 0.25 0
420.5736034017034 0.25 0
421.9662181388658 0.25 0
423.3379436290164 0.25 0
424.6890932309252 0.25 0
426.0199756032932 0.25 0
427.33089473473 0.25 0
428.6221500823018 0.25 0
429.8940365952086 0.25 0
431.1468447942342 0.25 0
432.3808608754632 0.25 0
433.5963667282684 0.25 0
434.7936400083574 0.25 0
435.972954179769 0.25 0
437.1345786128641 0.25 0
438.278778677806 0.25 0
439.4058157533806 0.25 0
440.515947290239 0.25 0
441.6094268441527 0.25 0
442.6865041927686 0.25 0
443.7474253917596 0.25 0
444.792432775516 0.25 0
445.821765039753 0.25 0
446.8356573224769 0.25 0
447.8343412262024 0.25 0
448.8180448684527 0.25 0
449.7869929571788 0.25 0
450.741406837385 0.25 0
451.6815045072985 0.25 0
452.6075006911094 0.25 0
453.5196069359198 0.25 0
454.4180315955933 0.25 0
455.3029798985799 0.25 0
456.1746539845982 0.25 0
457.0332529417572 0.25 0
457.8789728970478 0.25 0
458.7120070493422 0.25 0
459.532545701231 0.25 0
460.3407762897264 0.25 0
461.1368834158573 0.25 0
461.9210489294857 0.25 0
462.6934519550753 0.25 0
463.4542689462965 0.25 0
464.2036736807895 0.25 0
464.9418373418144 0.25 0
465.6689285657127 0.25 0
466.3851134082657 0.25 0
467.090555476513 0.25 0
467.7854159181179 0.25 0
468.4698534397538 0.25 0
469.1440244074307 0.25 0
469.8080828044452 0.25 0
470.4621803037219 0.25 0
471.1064663633176 0.25 0
471.7410881540302 0.25 0
472.3661905997645 0.25 0
472.9819164999789 0.25 0
473.5884065090472 0.25 0
474.185799173859 0.25 0
474.7742309674202 0.25 0
475.353836268134 0.25 0
475.9247474775705 0.25 0
476.4870950234101 0.25 0
477.0410073635808 0.25 0
477.5866110163528 0.25 0
478.1240306189615 0.25 0
478.6533889269304 0.25 0
479.1748068436656 0.25 0
479.6884035025332 0.25 0
480.1942962086532 0.25 0
480.6926005219143 0.25 0
481.1834302799323 0.25 0
481.666897595076 0.25 0
482.1431129049184 0.25 0
482.6121849669381 0.25 0
483.0742209365314 0.25 0
483.5293263867613 0.25 0
483.9776052724112 0.25 0
484.4191599782479 0.25 0
484.8540913653641 0.25 0
485.2824987610193 0.25 0
485.7044800327433 0.25 0
486.1201316034216 0.25 0
486.529548411631 0.25 0
486.9328239554292 0.25 0
487.3300503633142 0.25 0
487.7213183789271 0.25 0
488.1067173755115 0.25 0
488.4863353958863 0.25 0
488.8602591369024 0.25 0
489.2285740174415 0.25 0
489.5913641883759 0.25 0
489.9487125152043 0.25 0
490.3007006161197 0.25 0
490.6474088710728 0.25 0
490.9889164871462 0.25 0
491.3253015051065 0.25 0
491.6566407513978 0.25 0
491.9830099019267 0.25 0
492.3044835160568 0.25 0
492.6211350425286 0.25 0
492.9330367964648 0.25 0
493.2402600217672 0.25 0
493.5428748939196 0.25 0
493.8409505254609 0.25 0
494.1345550244847 0.25 0
494.4237554696839 0.25 0
494.7086179128458 0.25 0
494.989207409653 0.25 0
495.2655880489551 0.25 0
495.5378229822228 0.25 0
495.8059743951975 0.25 0
496.0701035377411 0.25 0
496.3302707504937 0.25 0
496.5865354653054 0.25 0
496.8389562033457 0.25 0
497.0875906314516 0.25 0
497.3324955581743 0.25 0
497.5737269053384 0.25 0
497.811339760909 0.25 0
498.0453884048366 0.25 0
498.2759263326366 0.25 0
498.5030061956689 0.25 0
498.7266798543106 0.25 0
498.9469984288872 0.25 0
499.1640122383251 0.25 0
499.3777708244268 0.25 0
499.5883230302222 0.25 0
499.7957169652186 0.25 0
1 20 0 11
1332
1333
1334
1335
1336
1337
1338
1339
1340
1341
1342
-12.56387102550211 0 0
-9.814967827483326 0 0
-7.615845275505103 0 0
-5.856547240121069 0 0
-4.449108798773148 0 0
-3.323158057514666 0 0
-2.422397473963761 0 0
-1.70178900303172 0 0
-1.125302221953403 0 0
-0.6641127840878518 0 0
-0.2951612244527322 0 0
1 21 0 263
1343
1344
1345
1346
1347
1348
1349
1350
1351
1352
1353
1354
1355
1356
1357
1358
1359
1360
1361
1362
1363
1364
1365
1366
1367
1368
1369
1370
1371
1372
1373
1374
1375
1376
1377
1378
1379
1380
1381
1382
1383
1384
1385
1386
1387
1388
1389
1390
1391
1392
1393
1394
1395
1396
1397
1398
1399
1400
1401
1402
1403
1404
1405
1406
1407
1408
1409
1410
1411
1412
1413
1414
1415
1416
1417
1418
1419
1420
1421
1422
1423
1424
1425
1426
1427
1428
1429
1430
1431
1432
1433
1434
1435
1436
1437
1438
1439
1440
1441
1442
1443
1444
1445
1446
1447
1448
1449
1450
1451
1452
1453
1454
1455
1456
1457
1458
1459
1460
1461
1462
1463
1464
1465
1466
1467
1468
1469
1470
1471
1472
1473
1474
1475
1476
1477
1478
1479
1480
1481
1482
1483
1484
1485
1486
1487
1488
1489
1490
1491
1492
1493
1494
1495
1496
1497
1498
1499
1500
1501
1502
1503
1504
1505
1506
1507
1508
1509
1510
1511
1512
1513
1514
1515
1516
1517
1518
1519
1520
1521
1522
1523
1524
1525
1526
1527
1528
1529
1530
1531
1532
1533
1534
1535
1536
1537
1538
1539
1540
1541
1542
1543
1544
1545
1546
1547
1548
1549
1550
1551
1552
1553
1554
1555
1556
1557
1558
1559
1560
1561
1562
1563
1564
1565
1566
1567
1568
1569
1570
1571
1572
1573
1574
1575
1576
1577
1578
1579
1580
1581
1582
1583
1584
1585
1586
1587
1588
1589
1590
1591
1592
1593
1594
1595
1596
1597
1598
1599
1600
1601
1602
1603
1604
1605
517.7942732070844 0 0
519.5975628262916 0 0
521.4099142005622 0 0
523.2313728713336 0 0
525.0619846168787 0 0
526.9017954186392 0 0
528.7508514992296 0 0
530.6091993259231 0 0
532.4768855751928 0 0
534.3539571726121 0 0
536.24046129455 0 0
538.1364453346084 0 0
540.041956904985 0 0
541.9570439131925 0 0
543.8817544906966 0 0
545.8161369954386 0 0
547.7602400140065 0 0
549.7141124009421 0 0
551.6778032445686 0 0
553.6513618692176 0 0
555.6348378745912 0 0
557.6282811016461 0 0
559.6317416348763 0 0
561.645269804984 0 0
563.6689161911986 0 0
565.7027316607349 0 0
567.7467673347713 0 0
569.8010745540801 0 0
571.8657049181733 0 0
573.9407102880874 0 0
576.0261428255687 0 0
578.1220549227771 0 0
580.2284992407667 0 0
582.3455287130612 0 0
584.4731965107255 0 0
586.6115561191191 0 0
588.7606612669547 0 0
590.9205659288752 0 0
593.0913243647976 0 0
595.2729911228988 0 0
597.4656210422529 0 0
599.6692692191098 0 0
601.8839910092058 0 0
604.1098420675806 0 0
606.3468783145491 0 0
608.5951559384434 0 0
610.854731435124 0 0
613.1256615743843 0 0
615.4080034023873 0 0
617.7018142816104 0 0
620.0071518569453 0 0
622.3240740585694 0 0
624.652639068089 0 0
626.9929053945827 0 0
629.3449318782745 0 0
631.7087775828776 0 0
634.0845019084544 0 0
636.4721645584058 0 0
638.871825505013 0 0
641.2835450663272 0 0
643.7073838358106 0 0
646.1434026850272 0 0
648.5916628034513 0 0
651.0522257384195 0 0
653.5251533251535 0 0
656.0105076892061 0 0
658.5083512867876 0 0
661.0187468708837 0 0
663.5417574945101 0 0
666.0774465503748 0 0
668.6258777745505 0 0
671.1871151759381 0 0
673.7612231127478 0 0
676.3482662594962 0 0
678.9483096096715 0 0
681.561418516275 0 0
684.1876586214078 0 0
686.8270958961249 0 0
689.4797966806848 0 0
692.1458276513256 0 0
694.8252557499508 0 0
697.5181482972127 0 0
700.2245729968499 0 0
702.944597828332 0 0
705.6782911236407 0 0
708.4257215709462 0 0
711.1869581811947 0 0
713.9620703282174 0 0
716.7511277892354 0 0
719.5542006383967 0 0
722.3713592494787 0 0
725.2026744099701 0 0
728.0482172881813 0 0
730.9080594000193 0 0
733.7822725757842 0 0
736.6709290368734 0 0
739.5741013633706 0 0
742.4918624969378 0 0
745.4242857452081 0 0
748.3714447847331 0 0
751.3334136654312 0 0
754.31026681359 0 0
757.3020790363711 0 0
760.3089254881208 0 0
763.3308817113106 0 0
766.3680236400214 0 0
769.4204276041929 0 0
772.4881702964178 0 0
775.5713287758796 0 0
778.6699805087009 0 0
781.784203372309 0 0
784.9140755855969 0 0
788.0596757861072 0 0
791.221083034487 0 0
794.3983767447367 0 0
797.5916367614852 0 0
800.8009433277848 0 0
804.0263770518311 0 0
807.2680189846967 0 0
810.5259505878478 0 0
813.8002537003267 0 0
817.0910105794583 0 0
820.3983039052091 0 0
823.7222167842096 0 0
827.0628327541758 0 0
830.4202357512453 0 0
833.794510114094 0 0
837.185740624833 0 0
840.5940125135555 0 0
844.019411389055 0 0
847.4620233161945 0 0
850.9219348209222 0 0
854.3992328207162 0 0
857.8940046656739 0 0
861.406338179637 0 0
864.9363216282168 0 0
868.4840436861225 0 0
872.049593478383 0 0
875.6330605848536 0 0
879.2345350815099 0 0
882.8541074718925 0 0
886.4918686542351 0 0
890.1479100363536 0 0
893.8223234671934 0 0
897.5152012775586 0 0
901.2266362855962 0 0
904.9567217273448 0 0
908.7055512983029 0 0
912.4732191946623 0 0
916.259820118565 0 0
920.0654492091653 0 0
923.8902020472203 0 0
927.734174733216 0 0
931.5974638560205 0 0
935.4801664972163 0 0
939.3823802365742 0 0
943.3042030829662 0 0
947.2457335526697 0 0
951.2070707113347 0 0
955.1883141057401 0 0
959.1895637316028 0 0
963.2109201487813 0 0
967.2524844135175 0 0
971.3143580459866 0 0
975.3966431092381 0 0
979.4994421408135 0 0
983.6228582310262 0 0
987.7669950288898 0 0
991.9319566367353 0 0
996.117847688609 0 0
1000.324773355951 0 0
1004.552839352572 0 0
1008.802151940416 0 0
1013.072817861119 0 0
1017.364944414608 0 0
1021.678639428231 0 0
1026.014011298316 0 0
1030.371168959752 0 0
1034.750221890518 0 0
1039.151280118087 0 0
1043.57445418729 0 0
1048.019855276689 0 0
1052.487595094125 0 0
1056.977785845074 0 0
1061.49054034841 0 0
1066.025972005946 0 0
1070.584194770916 0 0
1075.165323190737 0 0
1079.769472375946 0 0
1084.396758005926 0 0
1089.047296334685 0 0
1093.721204196662 0 0
1098.418599012597 0 0
1103.139598832179 0 0
1107.884322266866 0 0
1112.652888531892 0 0
1117.445417453043 0 0
1122.262029435255 0 0
1127.102845505861 0 0
1131.967987283647 0 0
1136.857576985073 0 0
1141.771737466921 0 0
1146.710592232977 0 0
1151.674265366518 0 0
1156.662881573113 0 0
1161.676566223811 0 0
1166.71544528815 0 0
1171.779645339973 0 0
1176.869293637511 0 0
1181.984518056538 0 0
1187.125447096322 0 0
1192.292209959861 0 0
1197.484936487181 0 0
1202.703757124681 0 0
1207.948802968409 0 0
1213.22020580737 0 0
1218.518098130519 0 0
1223.842613023177 0 0
1229.193884246516 0 0
1234.572046281805 0 0
1239.977234263371 0 0
1245.409583985464 0 0
1250.86923194556 0 0
1256.356315351702 0 0
1261.870972055659 0 0
1267.413340596383 0 0
1272.983560207134 0 0
1278.581770859048 0 0
1284.20811323198 0 0
1289.862728684315 0 0
1295.545759297052 0 0
1301.257347844083 0 0
1306.997637836017 0 0
1312.766773527683 0 0
1318.564899851821 0 0
1324.392162462706 0 0
1330.248707817307 0 0
1336.134683072761 0 0
1342.050236093048 0 0
1347.995515493569 0 0
1353.970670648297 0 0
1359.975851734468 0 0
1366.011209629968 0 0
1372.076895957038 0 0
1378.173063127133 0 0
1384.299864274859 0 0
1390.457453338968 0 0
1396.64598507064 0 0
1402.865614967596 0 0
1409.116499281772 0 0
1415.398795063789 0 0
1421.712660171108 0 0
1428.058253239125 0 0
1434.435733725831 0 0
1440.845261846641 0 0
1447.286998655188 0 0
1453.761106015759 0 0
1460.267746573595 0 0
1466.807083837326 0 0
1473.379282076633 0 0
1479.984506403708 0 0
1486.622922818766 0 0
1493.294698145003 0 0
1 22 0 263
1606
1607
1608
1609
1610
1611
1612
1613
1614
1615
1616
1617
1618
1619
1620
1621
1622
1623
1624
1625
1626
1627
1628
1629
1630
1631
1632
1633
1634
1635
1636
1637
1638
1639
1640
1641
1642
1643
1644
1645
1646
1647
1648
1649
1650
1651
1652
1653
1654
1655
1656
1657
1658
1659
1660
1661
1662
1663
1664
1665
1666
1667
1668
1669
1670
1671
1672
1673
1674
1675
1676
1677
1678
1679
1680
1681
1682
1683
1684
1685
1686
1687
1688
1689
1690
1691
1692
1693
1694
1695
1696
1697
1698
1699
1700
1701
1702
1703
1704
1705
1706
1707
1708
1709
1710
1711
1712
1713
1714
1715
1716
1717
1718
1719
1720
1721
1722
1723
1724
1725
1726
1727
1728
1729
1730
1731
1732
1733
1734
1735
1736
1737
1738
1739
1740
1741
1742
1743
1744
1745
1746
1747
1748
1749
1750
1751
1752
1753
1754
1755
1756
1757
1758
1759
1760
1761
1762
1763
1764
1765
1766
1767
1768
1769
1770
1771
1772
1773
1774
1775
1776
1777
1778
1779
1780
1781
1782
1783
1784
1785
1786
1787
1788
1789
1790
1791
1792
1793
1794
1795
1796
1797
1798
1799
1800
1801
1802
1803
1804
1805
1806
1807
1808
1809
1810
1811
1812
1813
1814
1815
1816
1817
1818
1819
1820
1821
1822
1823
1824
1825
1826
1827
1828
1829
1830
1831
1832
1833
1834
1835
1836
1837
1838
1839
1840
1841
1842
1843
1844
1845
1846
1847
1848
1849
1850
1851
1852
1853
1854
1855
1856
1857
1858
1859
1860
1861
1862
1863
1864
1865
1866
1867
1868
517.7942732070844 0.25 0
519.5975628262916 0.25 0
521.4099142005622 0.25 0
523.2313728713336 0.25 0
525.0619846168787 0.25 0
526.9017954186392 0.25 0
528.7508514992296 0.25 0
530.6091993259231 0.25 0
532.4768855751928 0.25 0
534.3539571726121 0.25 0
536.24046129455 0.25 0
538.1364453346084 0.25 0
540.041956904985 0.25 0
541.9570439131925 0.25 0
543.8817544906966 0.25 0
545.8161369954386 0.25 0
547.7602400140065 0.25 0
549.7141124009421 0.25 0
551.6778032445686 0.25 0
553.6513618692176 0.25 0
555.6348378745912 0.25 0
557.6282811016461 0.25 0
559.6317416348763 0.25 0
561.645269804984 0.25 0
563.6689161911986 0.25 0
565.7027316607349 0.25 0
567.7467673347713 0.25 0
569.8010745540801 0.25 0
571.8657049181733 0.25 0
573.9407102880874 0.25 0
576.0261428255687 0.25 0
578.1220549227771 0.25 0
580.2284992407667 0.25 0
582.3455287130612 0.25 0
584.4731965107255 0.25 0
586.6115561191191 0.25 0
588.7606612669547 0.25 0
590.9205659288752 0.25 0
593.0913243647976 0.25 0
595.2729911228988 0.25 0
597.4656210422529 0.25 0
599.6692692191098 0.25 0
601.8839910092058 0.25 0
604.1098420675806 0.25 0
606.3468783145491 0.25 0
608.5951559384434 0.25 0
610.854731435124 0.25 0
613.1256615743843 0.25 0
615.4080034023873 0.25 0
617.7018142816104 0.25 0
620.0071518569453 0.25 0
622.3240740585694 0.25 0
624.652639068089 0.25 0
626.9929053945827 0.25 0
629.3449318782745 0.25 0
631.7087775828776 0.25 0
634.0845019084544 0.25 0
636.4721645584058 0.25 0
638.871825505013 0.25 0
641.2835450663272 0.25 0
643.7073838358106 0.25 0
646.1434026850272 0.25 0
648.5916628034513 0.25 0
651.0522257384195 0.25 0
653.5251533251535 0.25 0
656.0105076892061 0.25 0
658.5083512867876 0.25 0
661.0187468708837 0.25 0
663.5417574945101 0.25 0
666.0774465503748 0.25 0
668.6258777745505 0.25 0
671.1871151759381 0.25 0
673.7612231127478 0.25 0
676.3482662594962 0.25 0
678.9483096096715 0.25 0
681.561418516275 0.25 0
684.1876586214078 0.25 0
686.8270958961249 0.25 0
689.4797966806848 0.25 0
692.1458276513256 0.25 0
694.8252557499508 0.25 0
697.5181482972127 0.25 0
700.2245729968499 0.25 0
702.944597828332 0.25 0
705.6782911236407 0.25 0
708.4257215709462 0.25 0
711.1869581811947 0.25 0
713.9620703282174 0.25 0
716.7511277892354 0.25 0
719.5542006383967 0.25 0
722.3713592494787 0.25 0
725.2026744099701 0.25 0
728.0482172881813 0.25 0
730.9080594000193 0.25 0
733.7822725757842 0.25 0
736.6709290368734 0.25 0
739.5741013633706 0.25 0
742.4918624969378 0.25 0
745.4242857452081 0.25 0
748.3714447847331 0.25 0
751.3334136654312 0.25 0
754.31026681359 0.25 0
757.3020790363711 0.25 0
760.3089254881208 0.25 0
763.3308817113106 0.25 0
766.3680236400214 0.25 0
769.4204276041929 0.25 0
772.4881702964178 0.25 0
775.5713287758796 0.25 0
778.6699805087009 0.25 0
781.784203372309 0.25 0
784.9140755855969 0.25 0
788.0596757861072 0.25 0
791.221083034487 0.25 0
794.3983767447367 0.25 0
797.5916367614852 0.25 0
800.8009433277848 0.25 0
804.0263770518311 0.25 0
807.2680189846967 0.25 0
810.5259505878478 0.25 0
813.8002537003267 0.25 0
817.0910105794583 0.25 0
820.3983039052091 0.25 0
823.7222167842096 0.25 0
827.0628327541758 0.25 0
830.4202357512453 0.25 0
833.794510114094 0.25 0
837.185740624833 0.25 0
840.5940125135555 0.25 0
844.019411389055 0.25 0
847.4620233161945 0.25 0
850.9219348209222 0.25 0
854.3992328207162 0.25 0
857.8940046656739 0.25 0
861.406338179637 0.25 0
864.9363216282168 0.25 0
868.4840436861225 0.25 0
872.049593478383 0.25 0
875.6330605848536 0.25 0
879.2345350815099 0.25 0
882.8541074718925 0.25 0
886.4918686542351 0.25 0
890.1479100363536 0.25 0
893.8223234671934 0.25 0
897.5152012775586 0.25 0
901.2266362855962 0.25 0
904.9567217273448 0.25 0
908.7055512983029 0.25 0
912.4732191946623 0.25 0
916.259820118565 0.25 0
920.0654492091653 0.25 0
923.8902020472203 0.25 0
927.734174733216 0.25 0
931.5974638560205 0.25 0
935.4801664972163 0.25 0
939.3823802365742 0.25 0
943.3042030829662 0.25 0
947.2457335526697 0.25 0
951.2070707113347 0.25 0
955.1883141057401 0.25 0
959.1895637316028 0.25 0
963.2109201487813 0.25 0
967.2524844135175 0.25 0
971.3143580459866 0.25 0
975.3966431092381 0.25 0
979.4994421408135 0.25 0
983.6228582310262 0.25 0
987.7669950288898 0.25 0
991.9319566367353 0.25 0
996.117847688609 0.25 0
1000.324773355951 0.25 0
1004.552839352572 0.25 0
1008.802151940416 0.25 0
1013.072817861119 0.25 0
1017.364944414608 0.25 0
1021.678639428231 0.25 0
1026.014011298316 0.25 0
1030.371168959752 0.25 0
1034.750221890518 0.25 0
1039.151280118087 0.25 0
1043.57445418729 0.25 0
1048.019855276689 0.25 0
1052.487595094125 0.25 0
1056.977785845074 0.25 0
1061.49054034841 0.25 0
1066.025972005946 0.25 0
1070.584194770916 0.25 0
1075.165323190737 0.25 0
1079.769472375946 0.25 0
1084.396758005926 0.25 0
1089.047296334685 0.25 0
1093.721204196662 0.25 0
1098.418599012597 0.25 0
1103.139598832179 0.25 0
1107.884322266866 0.25 0
1112.652888531892 0.25 0
1117.445417453043 0.25 0
1122.262029435255 0.25 0
1127.102845505861 0.25 0
1131.967987283647 0.25 0
1136.857576985073 0.25 0
1141.771737466921 0.25 0
1146.710592232977 0.25 0
1151.674265366518 0.25 0
1156.662881573113 0.25 0
1161.676566223811 0.25 0
1166.71544528815 0.25 0
1171.779645339973 0.25 0
1176.869293637511 0.25 0
1181.984518056538 0.25 0
1187.125447096322 0.25 0
1192.292209959861 0.25 0
1197.484936487181 0.25 0
1202.703757124681 0.25 0
1207.948802968409 0.25 0
1213.22020580737 0.25 0
1218.518098130519 0.25 0
1223.842613023177 0.25 0
1229.193884246516 0.25 0
1234.572046281805 0.25 0
1239.977234263371 0.25 0
1245.409583985464 0.25 0
1250.86923194556 0.25 0
1256.356315351702 0.25 0
1261.870972055659 0.25 0
1267.413340596383 0.25 0
1272.983560207134 0.25 0
1278.581770859048 0.25 0
1284.20811323198 0.25 0
1289.862728684315 0.25 0
1295.545759297052 0.25 0
1301.257347844083 0.25 0
1306.997637836017 0.25 0
1312.766773527683 0.25 0
1318.564899851821 0.25 0
1324.392162462706 0.25 0
1330.248707817307 0.25 0
1336.134683072761 0.25 0
1342.050236093048 0.25 0
1347.995515493569 0.25 0
1353.970670648297 0.25 0
1359.975851734468 0.25 0
1366.011209629968 0.25 0
1372.076895957038 0.25 0
1378.173063127133 0.25 0
1384.299864274859 0.25 0
1390.457453338968 0.25 0
1396.64598507064 0.25 0
1402.865614967596 0.25 0
1409.116499281772 0.25 0
1415.398795063789 0.25 0
1421.712660171108 0.25 0
1428.058253239125 0.25 0
1434.435733725831 0.25 0
1440.845261846641 0.25 0
1447.286998655188 0.25 0
1453.761106015759 0.25 0
1460.267746573595 0.25 0
1466.807083837326 0.25 0
1473.379282076633 0.25 0
1479.984506403708 0.25 0
1486.622922818766 0.25 0
1493.294698145003 0.25 0
1 23 0 11
1869
1870
1871
1872
1873
1874
1875
1876
1877
1878
1879
-12.56387102550211 0.25 0
-9.814967827483326 0.25 0
-7.615845275505103 0.25 0
-5.856547240121069 0.25 0
-4.449108798773148 0.25 0
-3.323158057514666 0.25 0
-2.422397473963761 0.25 0
-1.70178900303172 0.25 0
-1.125302221953403 0.25 0
-0.6641127840878518 0.25 0
-0.2951612244527322 0.25 0
1 24 0 2
1880
1881
-100 1.749999985925977 0
-100 0.749999984684742 0
1 25 0 10
1882
1883
1884
1885
1886
1887
1888
1889
1890
1891
1500 7.185830660888021 0
1500 11.48061886021433 0
1500 16.84910396803901 0
1500 23.55971020098647 0
1500 31.94796817867106 0
1500 42.43329055812072 0
1500 55.5399435000393 0
1500 71.92325965393924 0
1500 92.40240467022062 0
1500 118.0013358676537 0
1 26 0 263
1892
1893
1894
1895
1896
1897
1898
1899
1900
1901
1902
1903
1904
1905
1906
1907
1908
1909
1910
1911
1912
1913
1914
1915
1916
1917
1918
1919
1920
1921
1922
1923
1924
1925
1926
1927
1928
1929
1930
1931
1932
1933
1934
1935
1936
1937
1938
1939
1940
1941
1942
1943
1944
1945
1946
1947
1948
1949
1950
1951
1952
1953
1954
1955
1956
1957
1958
1959
1960
1961
1962
1963
1964
1965
1966
1967
1968
1969
1970
1971
1972
1973
1974
1975
1976
1977
1978
1979
1980
1981
1982
1983
1984
1985
1986
1987
1988
1989
1990
1991
1992
1993
1994
1995
1996
1997
1998
1999
2000
2001
2002
2003
2004
2005
2006
2007
2008
2009
2010
2011
2012
2013
2014
2015
2016
2017
2018
2019
2020
2021
2022
2023
2024
2025
2026
2027
2028
2029
2030
2031
2032
2033
2034
2035
2036
2037
2038
2039
2040
2041
2042
2043
2044
2045
2046
2047
2048
2049
2050
2051
2052
2053
2054
2055
2056
2057
2058
2059
2060
2061
2062
2063
2064
2065
2066
2067
2068
2069
2070
2071
2072
2073
2074
2075
2076
2077
2078
2079
2080
2081
2082
2083
2084
2085
2086
2087
2088
2089
2090
2091
2092
2093
2094
2095
2096
2097
2098
2099
2100
2101
2102
2103
2104
2105
2106
2107
2108
2109
2110
2111
2112
2113
2114
2115
2116
2117
2118
2119
2120
2121
2122
2123
2124
2125
2126
2127
2128
2129
2130
2131
2132
2133
2134
2135
2136
2137
2138
2139
2140
2141
2142
2143
2144
2145
2146
2147
2148
2149
2150
2151
2152
2153
2154
1493.294698180922 3.75 0
1486.62292285386 3.75 0
1479.984506437983 3.75 0
1473.379282110095 3.75 0
1466.807083869985 3.75 0
1460.267746605458 3.75 0
1453.761106046834 3.75 0
1447.286998685481 3.75 0
1440.845261876158 3.75 0
1434.43573375458 3.75 0
1428.058253267114 3.75 0
1421.712660198343 3.75 0
1415.398795090278 3.75 0
1409.11649930752 3.75 0
1402.86561499261 3.75 0
1396.645985094926 3.75 0
1390.457453362535 3.75 0
1384.299864297712 3.75 0
1378.173063149279 3.75 0
1372.076895978483 3.75 0
1366.011209650719 3.75 0
1359.975851754531 3.75 0
1353.97067066768 3.75 0
1347.995515512277 3.75 0
1342.050236111087 3.75 0
1336.134683090137 3.75 0
1330.248707834027 3.75 0
1324.392162478776 3.75 0
1318.564899867247 3.75 0
1312.76677354247 3.75 0
1306.997637850172 3.75 0
1301.257347857612 3.75 0
1295.545759309961 3.75 0
1289.862728696609 3.75 0
1284.208113243664 3.75 0
1278.581770870129 3.75 0
1272.983560217618 3.75 0
1267.413340606274 3.75 0
1261.870972064965 3.75 0
1256.356315360428 3.75 0
1250.869231953711 3.75 0
1245.409583993046 3.75 0
1239.97723427039 3.75 0
1234.572046288265 3.75 0
1229.193884252423 3.75 0
1223.842613028537 3.75 0
1218.518098135337 3.75 0
1213.220205811651 3.75 0
1207.948802972158 3.75 0
1202.703757127904 3.75 0
1197.484936489882 3.75 0
1192.292209962047 3.75 0
1187.125447097997 3.75 0
1181.984518057708 3.75 0
1176.86929363818 3.75 0
1171.779645340146 3.75 0
1166.715445287832 3.75 0
1161.676566223006 3.75 0
1156.662881571827 3.75 0
1151.674265364756 3.75 0
1146.710592230742 3.75 0
1141.771737464221 3.75 0
1136.85757698191 3.75 0
1131.967987280027 3.75 0
1127.102845501788 3.75 0
1122.262029430734 3.75 0
1117.445417448078 3.75 0
1112.652888526488 3.75 0
1107.884322261027 3.75 0
1103.139598825911 3.75 0
1098.418599005904 3.75 0
1093.721204189548 3.75 0
1089.047296327154 3.75 0
1084.396757997983 3.75 0
1079.769472367594 3.75 0
1075.165323181982 3.75 0
1070.584194761761 3.75 0
1066.025971996396 3.75 0
1061.490540338469 3.75 0
1056.977785834746 3.75 0
1052.487595083413 3.75 0
1048.0198552656 3.75 0
1043.574454175826 3.75 0
1039.151280106252 3.75 0
1034.750221878317 3.75 0
1030.371168947189 3.75 0
1026.014011285393 3.75 0
1021.678639414953 3.75 0
1017.36494440098 3.75 0
1013.072817847143 3.75 0
1008.802151926097 3.75 0
1004.552839337913 3.75 0
1000.324773340956 3.75 0
996.1178476732819 3.75 0
991.9319566210795 3.75 0
987.766995012909 3.75 0
983.6228582147241 3.75 0
979.4994421241942 3.75 0
975.396643092305 3.75 0
971.3143580287431 3.75 0
967.2524843959676 3.75 0
963.210920130928 3.75 0
959.1895637134493 3.75 0
955.1883140872902 3.75 0
951.2070706925915 3.75 0
947.2457335336371 3.75 0
943.304203063647 3.75 0
939.3823802169719 3.75 0
935.4801664773339 3.75 0
931.5974638358622 3.75 0
927.7341747127848 3.75 0
923.8902020265193 3.75 0
920.0654491881978 3.75 0
916.2598200973345 3.75 0
912.4732191731713 3.75 0
908.7055512765553 3.75 0
904.9567217053433 3.75 0
901.2266362633437 3.75 0
897.5152012550582 3.75 0
893.8223234444479 3.75 0
890.1479100133663 3.75 0
886.4918686310098 3.75 0
882.854107448431 3.75 0
879.2345350578153 3.75 0
875.6330605609294 3.75 0
872.0495934542313 3.75 0
868.4840436617468 3.75 0
864.9363216036195 3.75 0
861.4063381548211 3.75 0
857.8940046406424 3.75 0
854.3992327954713 3.75 0
850.9219347954668 3.75 0
847.4620232905315 3.75 0
844.0194113631875 3.75 0
840.594012487486 3.75 0
837.1857405985641 3.75 0
833.7945100876279 3.75 0
830.4202357245852 3.75 0
827.0628327273243 3.75 0
823.722216757169 3.75 0
820.3983038779822 3.75 0
817.0910105520475 3.75 0
813.8002536727344 3.75 0
810.5259505600764 3.75 0
807.2680189567486 3.75 0
804.0263770237093 3.75 0
800.8009432994916 3.75 0
797.5916367330228 3.75 0
794.3983767161069 3.75 0
791.221083005693 3.75 0
788.0596757571516 3.75 0
784.9140755564814 3.75 0
781.7842033430362 3.75 0
778.6699804792732 3.75 0
775.5713287462992 3.75 0
772.4881702666868 3.75 0
769.420427574314 3.75 0
766.3680236099968 3.75 0
763.3308816811424 3.75 0
760.3089254578113 3.75 0
757.3020790059222 3.75 0
754.3102667830036 3.75 0
751.3334136347097 3.75 0
748.3714447538787 3.75 0
745.4242857142224 3.75 0
742.4918624658235 3.75 0
739.5741013321295 3.75 0
736.6709290055077 3.75 0
733.7822725442952 3.75 0
730.9080593684098 3.75 0
728.048217256453 3.75 0
725.2026743781514 3.75 0
722.3713592175185 3.75 0
719.5542006063235 3.75 0
716.7511277570518 3.75 0
713.9620702959247 3.75 0
711.186958148795 3.75 0
708.4257215384414 3.75 0
705.6782910910325 3.75 0
702.9445977956224 3.75 0
700.2245729640401 3.75 0
697.5181482643051 3.75 0
694.8252557169474 3.75 0
692.1458276182278 3.75 0
689.4797966474946 3.75 0
686.8270958628441 3.75 0
684.1876585880382 3.75 0
681.5614184828182 3.75 0
678.9483095761294 3.75 0
676.3482662258702 3.75 0
673.7612230790393 3.75 0
671.1871151421494 3.75 0
668.6258777406832 3.75 0
666.0774465164304 3.75 0
663.5417574604901 3.75 0
661.0187468367895 3.75 0
658.5083512526211 3.75 0
656.0105076549685 3.75 0
653.5251532908466 3.75 0
651.0522257040449 3.75 0
648.5916627690102 3.75 0
646.1434026505215 3.75 0
643.7073838012377 3.75 0
641.2835450316649 3.75 0
638.8718254702669 3.75 0
636.4721645236015 3.75 0
634.0845018735931 3.75 0
631.7087775479607 3.75 0
629.3449318433032 3.75 0
626.9929053595588 3.75 0
624.6526390330138 3.75 0
622.3240740234443 3.75 0
620.0071518217715 3.75 0
617.7018142463895 3.75 0
615.4080033671208 3.75 0
613.1256615390732 3.75 0
610.8547313997699 3.75 0
608.5951559030474 3.75 0
606.3468782791125 3.75 0
604.109842032105 3.75 0
601.8839909736922 3.75 0
599.6692691835592 3.75 0
597.4656210066667 3.75 0
595.2729910872781 3.75 0
593.0913243291438 3.75 0
590.9205658931897 3.75 0
588.7606612312388 3.75 0
586.6115560833739 3.75 0
584.4731964749521 3.75 0
582.3455286772609 3.75 0
580.2284992049406 3.75 0
578.1220548869261 3.75 0
576.0261427896777 3.75 0
573.9407102521499 3.75 0
571.8657048821908 3.75 0
569.801074518054 3.75 0
567.7467672987029 3.75 0
565.7027316246255 3.75 0
563.6689161550495 3.75 0
561.6452697687965 3.75 0
559.631741598652 3.75 0
557.6282810653856 3.75 0
555.6348378382962 3.75 0
553.6513618328893 3.75 0
551.677803208208 3.75 0
549.7141123645511 3.75 0
547.7602399775858 3.75 0
545.8161369589895 3.75 0
543.8817544542204 3.75 0
541.9570438766901 3.75 0
540.0419568684579 3.75 0
538.1364452980574 3.75 0
536.2404612579767 3.75 0
534.3539571360175 3.75 0
532.4768855385776 3.75 0
530.6091992892888 3.75 0
528.7508514625774 3.75 0
526.90179538197 3.75 0
525.0619845801938 3.75 0
523.2313728346337 3.75 0
521.4099141638488 3.75 0
519.5975627895657 3.75 0
517.7942731703464 3.75 0
1 27 0 20
2155
2156
2157
2158
2159
2160
2161
2162
2163
2164
2165
2166
2167
2168
2169
2170
2171
2172
2173
2174
-95.58527046937866 3.75 0
-91.21468823266611 3.75 0
-86.88781181580126 3.75 0
-82.60420415867605 3.75 0
-78.36343257713837 3.75 0
-74.16506871323423 3.75 0
-70.00868848650846 3.75 0
-65.8938720650049 3.75 0
-61.82020381161699 3.75 0
-57.78727223817417 3.75 0
-53.79466997884192 3.75 0
-49.84199374553916 3.75 0
-45.92884427781397 3.75 0
-42.05482630008553 3.75 0
-38.21954849842778 3.75 0
-34.42262347905 3.75 0
-30.66366770896734 3.75 0
-26.94230149533101 3.75 0
-23.25814894616619 3.75 0
-19.61083791980739 3.75 0
1 30 0 11
2175
2176
2177
2178
2179
2180
2181
2182
2183
2184
2185
-12.56387102550211 3.75 0
-9.814967827483326 3.75 0
-7.615845275505103 3.75 0
-5.856547240121069 3.75 0
-4.449108798773148 3.75 0
-3.323158057514666 3.75 0
-2.422397473963761 3.75 0
-1.70178900303172 3.75 0
-1.125302221953403 3.75 0
-0.6641127840878518 3.75 0
-0.2951612244527322 3.75 0
1 31 0 196
2186
2187
2188
2189
2190
2191
2192
2193
2194
2195
2196
2197
2198
2199
2200
2201
2202
2203
2204
2205
2206
2207
2208
2209
2210
2211
2212
2213
2214
2215
2216
2217
2218
2219
2220
2221
2222
2223
2224
2225
2226
2227
2228
2229
2230
2231
2232
2233
2234
2235
2236
2237
2238
2239
2240
2241
2242
2243
2244
2245
2246
2247
2248
2249
2250
2251
2252
2253
2254
2255
2256
2257
2258
2259
2260
2261
2262
2263
2264
2265
2266
2267
2268
2269
2270
2271
2272
2273
2274
2275
2276
2277
2278
2279
2280
2281
2282
2283
2284
2285
2286
2287
2288
2289
2290
2291
2292
2293
2294
2295
2296
2297
2298
2299
2300
2301
2302
2303
2304
2305
2306
2307
2308
2309
2310
2311
2312
2313
2314
2315
2316
2317
2318
2319
2320
2321
2322
2323
2324
2325
2326
2327
2328
2329
2330
2331
2332
2333
2334
2335
2336
2337
2338
2339
2340
2341
2342
2343
2344
2345
2346
2347
2348
2349
2350
2351
2352
2353
2354
2355
2356
2357
2358
2359
2360
2361
2362
2363
2364
2365
2366
2367
2368
2369
2370
2371
2372
2373
2374
2375
2376
2377
2378
2379
2380
2381
0.2042830347739608 3.75 0
0.4116769697627135 3.75 0
0.6222291755502731 3.75 0
0.8359877616437675 3.75 0
1.053001571073304 3.75 0
1.273320145641271 3.75 0
1.496993804274202 3.75 0
1.724073667297335 3.75 0
1.954611595088024 3.75 0
2.188660239005929 3.75 0
2.426273094566678 3.75 0
2.66750444172054 3.75 0
2.91240936843274 3.75 0
3.16104379652788 3.75 0
3.413464534557097 3.75 0
3.669729249357396 3.75 0
3.929896462098232 3.75 0
4.19402560462984 3.75 0
4.462177017592233 3.75 0
4.73441195084733 3.75 0
5.010792590136405 3.75 0
5.291382086930304 3.75 0
5.576244530078423 3.75 0
5.865444975263623 3.75 0
6.159049474272917 3.75 0
6.4571251057994 3.75 0
6.759739977936525 3.75 0
7.066963203223365 3.75 0
7.378864957143502 3.75 0
7.695516483598876 3.75 0
8.016990097712053 3.75 0
8.343359248223491 3.75 0
8.67469849449679 3.75 0
9.011083512438686 3.75 0
9.352591128493261 3.75 0
9.699299383426951 3.75 0
10.05128748432247 3.75 0
10.40863581113052 3.75 0
10.77142598204398 3.75 0
11.13974086256165 3.75 0
11.51366460355584 3.75 0
11.8932826239082 3.75 0
12.27868162046965 3.75 0
12.66994963605898 3.75 0
13.06717604391974 3.75 0
13.47045158769319 3.75 0
13.87986839587731 3.75 0
14.29551996652957 3.75 0
14.71750123822697 3.75 0
15.1459086338549 3.75 0
15.58084002094313 3.75 0
16.02239472675151 3.75 0
16.47067361237275 3.75 0
16.92577906257343 3.75 0
17.38781503213673 3.75 0
17.85688709412572 3.75 0
18.33310240393679 3.75 0
18.81656971904831 3.75 0
19.30739947703344 3.75 0
19.80570379026088 3.75 0
20.31159649634642 3.75 0
20.8251931551788 3.75 0
21.3466110718779 3.75 0
21.87596937980999 3.75 0
22.41338898238093 3.75 0
22.95899263511439 3.75 0
23.51290497524567 3.75 0
24.07525252104483 3.75 0
24.64616373044006 3.75 0
25.22576903111161 3.75 0
25.81420082462964 3.75 0
26.41159348939728 3.75 0
27.01808349842049 3.75 0
27.63380939858862 3.75 0
28.25891184427577 3.75 0
28.89353363494011 3.75 0
29.53781969448649 3.75 0
30.19191719371265 3.75 0
30.85597559067569 3.75 0
31.53014655829949 3.75 0
32.21458407988015 3.75 0
32.90944452142793 3.75 0
33.61488658961694 3.75 0
34.33107143211033 3.75 0
35.05816265594756 3.75 0
35.79632631691022 3.75 0
36.54573105133949 3.75 0
37.30654804249556 3.75 0
38.07895106801868 3.75 0
38.86311658157903 3.75 0
39.65922370764051 3.75 0
40.46745429606481 3.75 0
41.28799294788099 3.75 0
42.12102710010119 3.75 0
42.96674705531608 3.75 0
43.82534601239767 3.75 0
44.69702009833678 3.75 0
45.58196840124262 3.75 0
46.48039306083354 3.75 0
47.39249930555965 3.75 0
48.31849548928438 3.75 0
49.25859315910985 3.75 0
50.21300703922623 3.75 0
51.18195512786044 3.75 0
52.16565877001699 3.75 0
53.1643426736466 3.75 0
54.17823495627275 3.75 0
55.20756722040979 3.75 0
56.25257460406416 3.75 0
57.31349580295092 3.75 0
58.39057315146039 3.75 0
59.48405270526553 3.75 0
60.594184242013 3.75 0
61.7212213174743 3.75 0
62.86542138230058 3.75 0
64.02704581527772 3.75 0
65.20635998657202 3.75 0
66.40363326654142 3.75 0
67.6191391192246 3.75 0
68.8531552003291 3.75 0
70.10596339922753 3.75 0
71.37784991200452 3.75 0
72.66910525944384 3.75 0
73.9800243907455 3.75 0
75.31090676297562 3.75 0
76.66205636474376 3.75 0
78.03378185475087 3.75 0
79.4263965917666 3.75 0
80.84021866357318 3.75 0
82.2755710044721 3.75 0
83.73278148625924 3.75 0
85.21218298442292 3.75 0
86.71411344521383 3.75 0
88.23891595618865 3.75 0
89.78693881772662 3.75 0
91.358535618123 3.75 0
92.95406536606332 3.75 0
94.57389254404532 3.75 0
96.21838713229103 3.75 0
97.8879247780571 3.75 0
99.58288685535796 3.75 0
101.3036605260592 3.75 0
103.050638860396 3.75 0
104.8242209325324 3.75 0
106.6248118903965 3.75 0
108.4528230279669 3.75 0
110.3086718878574 3.75 0
112.1927823967776 3.75 0
114.1055849462538 3.75 0
116.047516476879 3.75 0
118.0190205650178 3.75 0
120.0205475411024 3.75 0
122.052554610789 3.75 0
124.1155059514412 3.75 0
126.2098728120121 3.75 0
128.3361335871318 3.75 0
130.4947739507209 3.75 0
132.6862870219319 3.75 0
134.9111733944935 3.75 0
137.1699412787393 3.75 0
139.4631066513971 3.75 0
141.7911933211323 3.75 0
144.1547330839234 3.75 0
146.5542658250479 3.75 0
148.9903396812195 3.75 0
151.4635111230615 3.75 0
153.9743450671924 3.75 0
156.5234150504154 3.75 0
159.1113033509505 3.75 0
161.7386011139551 3.75 0
164.4059084805646 3.75 0
167.113834749552 3.75 0
169.8629984872493 3.75 0
172.6540276685745 3.75 0
175.4875598236556 3.75 0
178.364242215758 3.75 0
181.2847319695674 3.75 0
184.2496961729686 3.75 0
187.2598120974304 3.75 0
190.3157673673488 3.75 0
193.4182600494645 3.75 0
196.5679988014959 3.75 0
199.765703111648 3.75 0
203.0121034312221 3.75 0
206.3079413104804 3.75 0
209.6539696248774 3.75 0
213.0509526947322 3.75 0
216.4996664639506 3.75 0
220.0008987148682 3.75 0
223.5554492306408 3.75 0
227.1641299641554 3.75 0
230.8277652110306 3.75 0
234.5471918456838 3.75 0
238.323259507152 3.75 0
242.1568307339469 3.75 0
246.0487812161147 3.75 0
1 32 0 196
2382
2383
2384
2385
2386
2387
2388
2389
2390
2391
2392
2393
2394
2395
2396
2397
2398
2399
2400
2401
2402
2403
2404
2405
2406
2407
2408
2409
2410
2411
2412
2413
2414
2415
2416
2417
2418
2419
2420
2421
2422
2423
2424
2425
2426
2427
2428
2429
2430
2431
2432
2433
2434
2435
2436
2437
2438
2439
2440
2441
2442
2443
2444
2445
2446
2447
2448
2449
2450
2451
2452
2453
2454
2455
2456
2457
2458
2459
2460
2461
2462
2463
2464
2465
2466
2467
2468
2469
2470
2471
2472
2473
2474
2475
2476
2477
2478
2479
2480
2481
2482
2483
2484
2485
2486
2487
2488
2489
2490
2491
2492
2493
2494
2495
2496
2497
2498
2499
2500
2501
2502
2503
2504
2505
2506
2507
2508
2509
2510
2511
2512
2513
2514
2515
2516
2517
2518
2519
2520
2521
2522
2523
2524
2525
2526
2527
2528
2529
2530
2531
2532
2533
2534
2535
2536
2537
2538
2539
2540
2541
2542
2543
2544
2545
2546
2547
2548
2549
2550
2551
2552
2553
2554
2555
2556
2557
2558
2559
2560
2561
2562
2563
2564
2565
2566
2567
2568
2569
2570
2571
2572
2573
2574
2575
2576
2577
253.9512187562943 3.75 0
257.8431692390116 3.75 0
261.6767404663458 3.75 0
265.4528081283433 3.75 0
269.1722347635159 3.75 0
272.8358700109012 3.75 0
276.4445507449163 3.75 0
279.9991012611795 3.75 0
283.5003335125783 3.75 0
286.949047282269 3.75 0
290.3460303525873 3.75 0
293.6920586674388 3.75 0
296.9878965471433 3.75 0
300.2342968671551 3.75 0
303.4320011777367 3.75 0
306.5817399301895 3.75 0
309.6842326127188 3.75 0
312.7401878830428 3.75 0
315.7503038079025 3.75 0
318.715268011694 3.75 0
321.635757765886 3.75 0
324.5124401583643 3.75 0
327.3459723138139 3.75 0
330.1370014955005 3.75 0
332.8861652335528 3.75 0
335.5940915028881 3.75 0
338.2613988698389 3.75 0
340.8886966331783 3.75 0
343.4765849340419 3.75 0
346.0256549175867 3.75 0
348.5364888620337 3.75 0
351.0096603041855 3.75 0
353.4457341606611 3.75 0
355.8452669020836 3.75 0
358.2088066651669 3.75 0
360.5368933351891 3.75 0
362.830058708128 3.75 0
365.0888265926496 3.75 0
367.3137129654818 3.75 0
369.5052260369578 3.75 0
371.6638664008072 3.75 0
373.7901271761718 3.75 0
375.8844940369865 3.75 0
377.9474453778843 3.75 0
379.9794524478116 3.75 0
381.9809794241323 3.75 0
383.952483512422 3.75 0
385.8944150433551 3.75 0
387.8072175930539 3.75 0
389.6913281021923 3.75 0
391.5471769622225 3.75 0
393.3751881000043 3.75 0
395.1757790581466 3.75 0
396.9493611304848 3.75 0
398.696339465019 3.75 0
400.4171131359141 3.75 0
402.1120752134051 3.75 0
403.7816128593574 3.75 0
405.4261074477859 3.75 0
407.0459346259468 3.75 0
408.6414643740627 3.75 0
410.213061174631 3.75 0
411.7610840363375 3.75 0
413.2858865474776 3.75 0
414.7878170084305 3.75 0
416.2672185067531 3.75 0
417.7244289886959 3.75 0
419.1597813297474 3.75 0
420.5736034017034 3.75 0
421.9662181388658 3.75 0
423.3379436290164 3.75 0
424.6890932309252 3.75 0
426.0199756032932 3.75 0
427.33089473473 3.75 0
428.6221500823018 3.75 0
429.8940365952086 3.75 0
431.1468447942342 3.75 0
432.3808608754632 3.75 0
433.5963667282684 3.75 0
434.7936400083574 3.75 0
435.972954179769 3.75 0
437.1345786128641 3.75 0
438.278778677806 3.75 0
439.4058157533806 3.75 0
440.515947290239 3.75 0
441.6094268441527 3.75 0
442.6865041927686 3.75 0
443.7474253917596 3.75 0
444.792432775516 3.75 0
445.821765039753 3.75 0
446.8356573224769 3.75 0
447.8343412262024 3.75 0
448.8180448684527 3.75 0
449.7869929571788 3.75 0
450.741406837385 3.75 0
451.6815045072985 3.75 0
452.6075006911094 3.75 0
453.5196069359198 3.75 0
454.4180315955933 3.75 0
455.3029798985799 3.75 0
456.1746539845982 3.75 0
457.0332529417572 3.75 0
457.8789728970478 3.75 0
458.7120070493422 3.75 0
459.532545701231 3.75 0
460.3407762897264 3.75 0
461.1368834158573 3.75 0
461.9210489294857 3.75 0
462.6934519550753 3.75 0
463.4542689462965 3.75 0
464.2036736807895 3.75 0
464.9418373418144 3.75 0
465.6689285657127 3.75 0
466.3851134082657 3.75 0
467.090555476513 3.75 0
467.7854159181179 3.75 0
468.4698534397538 3.75 0
469.1440244074307 3.75 0
469.8080828044452 3.75 0
470.4621803037219 3.75 0
471.1064663633176 3.75 0
471.7410881540302 3.75 0
472.3661905997645 3.75 0
472.9819164999789 3.75 0
473.5884065090472 3.75 0
474.185799173859 3.75 0
474.7742309674202 3.75 0
475.353836268134 3.75 0
475.9247474775705 3.75 0
476.4870950234101 3.75 0
477.0410073635808 3.75 0
477.5866110163528 3.75 0
478.1240306189615 3.75 0
478.6533889269304 3.75 0
479.1748068436656 3.75 0
479.6884035025332 3.75 0
480.1942962086532 3.75 0
480.6926005219143 3.75 0
481.1834302799323 3.75 0
481.666897595076 3.75 0
482.1431129049184 3.75 0
482.6121849669381 3.75 0
483.0742209365314 3.75 0
483.5293263867613 3.75 0
483.9776052724112 3.75 0
484.4191599782479 3.75 0
484.8540913653641 3.75 0
485.2824987610193 3.75 0
485.7044800327433 3.75 0
486.1201316034216 3.75 0
486.529548411631 3.75 0
486.9328239554292 3.75 0
487.3300503633142 3.75 0
487.7213183789271 3.75 0
488.1067173755115 3.75 0
488.4863353958863 3.75 0
488.8602591369024 3.75 0
489.2285740174415 3.75 0
489.5913641883759 3.75 0
489.9487125152043 3.75 0
490.3007006161197 3.75 0
490.6474088710728 3.75 0
490.9889164871462 3.75 0
491.3253015051065 3.75 0
491.6566407513978 3.75 0
491.9830099019267 3.75 0
492.3044835160568 3.75 0
492.6211350425286 3.75 0
492.9330367964648 3.75 0
493.2402600217672 3.75 0
493.5428748939196 3.75 0
493.8409505254609 3.75 0
494.1345550244847 3.75 0
494.4237554696839 3.75 0
494.7086179128458 3.75 0
494.989207409653 3.75 0
495.2655880489551 3.75 0
495.5378229822228 3.75 0
495.8059743951975 3.75 0
496.0701035377411 3.75 0
496.3302707504937 3.75 0
496.5865354653054 3.75 0
496.8389562033457 3.75 0
497.0875906314516 3.75 0
497.3324955581743 3.75 0
497.5737269053384 3.75 0
497.811339760909 3.75 0
498.0453884048366 3.75 0
498.2759263326366 3.75 0
498.5030061956689 3.75 0
498.7266798543106 3.75 0
498.9469984288872 3.75 0
499.1640122383251 3.75 0
499.3777708244268 3.75 0
499.5883230302222 3.75 0
499.7957169652186 3.75 0
1 33 0 19
2578
2579
2580
2581
2582
2583
2584
2585
2586
2587
2588
2589
2590
2591
2592
2593
2594
2595
2596
500.246050245824 3.75 0
500.5194394037724 3.75 0
500.8232051355619 3.75 0
501.1607226113431 3.75 0
501.5357420329706 3.75 0
501.9524302747857 3.75 0
502.4154172112035 3.75 0
502.9298471457039 3.75 0
503.5014359586693 3.75 0
504.1365346418136 3.75 0
504.8421998359903 3.75 0
505.6262722670205 3.75 0
506.4974638645203 3.75 0
507.4654545356207 3.75 0
508.540999720732 3.75 0
509.7360499171374 3.75 0
511.0638834743512 3.75 0
512.5392541006406 3.75 0
514.1785547878682 3.75 0
2 1 0 0
2 2 0 3144
2597
2598
2599
2600
2601
2602
2603
2604
2605
2606
2607
2608
2609
2610
2611
2612
2613
2614
2615
2616
2617
2618
2619
2620
2621
2622
2623
2624
2625
2626
2627
2628
2629
2630
2631
2632
2633
2634
2635
2636
2637
2638
2639
2640
2641
2642
2643
2644
2645
2646
2647
2648
2649
2650
2651
2652
2653
2654
2655
2656
2657
2658
2659
2660
2661
2662
2663
2664
2665
2666
2667
2668
2669
2670
2671
2672
2673
2674
2675
2676
2677
2678
2679
2680
2681
2682
2683
2684
2685
2686
2687
2688
2689
2690
2691
2692
2693
2694
2695
2696
2697
2698
2699
2700
2701
2702
2703
2704
2705
2706
2707
2708
2709
2710
2711
2712
2713
2714
2715
2716
2717
2718
2719
2720
2721
2722
2723
2724
2725
2726
2727
2728
2729
2730
2731
2732
2733
2734
2735
2736
2737
2738
2739
2740
2741
2742
2743
2744
2745
2746
2747
2748
2749
2750
2751
2752
2753
2754
2755
2756
2757
2758
2759
2760
2761
2762
2763
2764
2765
2766
2767
2768
2769
2770
2771
2772
2773
2774
2775
2776
2777
2778
2779
2780
2781
2782
2783
2784
2785
2786
2787
2788
2789
2790
2791
2792
2793
2794
2795
2796
2797
2798
2799
2800
2801
2802
2803
2804
2805
2806
2807
2808
2809
2810
2811
2812
2813
2814
2815
2816
2817
2818
2819
2820
2821
2822
2823
2824
2825
2826
2827
2828
2829
2830
2831
2832
2833
2834
2835
2836
2837
2838
2839
2840
2841
2842
2843
2844
2845
2846
2847
2848
2849
2850
2851
2852
2853
2854
2855
2856
2857
2858
2859
2860
2861
2862
2863
2864
2865
2866
2867
2868
2869
2870
2871
2872
2873
2874
2875
2876
2877
2878
2879
2880
2881
2882
2883
2884
2885
2886
2887
2888
2889
2890
2891
2892
2893
2894
2895
2896
2897
2898
2899
2900
2901
2902
2903
2904
2905
2906
2907
2908
2909
2910
2911
2912
2913
2914
2915
2916
2917
2918
2919
2920
2921
2922
2923
2924
2925
2926
2927
2928
2929
2930
2931
2932
2933
2934
2935
2936
2937
2938
2939
2940
2941
2942
2943
2944
2945
2946
2947
2948
2949
2950
2951
2952
2953
2954
2955
2956
2957
2958
2959
2960
2961
2962
2963
2964
2965
2966
2967
2968
2969
2970
2971
2972
2973
2974
2975
2976
2977
2978
2979
2980
2981
2982
2983
2984
2985
2986
2987
2988
2989
2990
2991
2992
2993
2994
2995
2996
2997
2998
2999
3000
3001
3002
3003
3004
3005
3006
3007
3008
3009
3010
3011
3012
3013
3014
3015
3016
3017
3018
3019
3020
3021
3022
3023
3024
3025
3026
3027
3028
3029
3030
3031
3032
3033
3034
3035
3036
3037
3038
3039
3040
3041
3042
3043
3044
3045
3046
3047
3048
3049
3050
3051
3052
3053
3054
3055
3056
3057
3058
3059
3060
3061
3062
3063
3064
3065
3066
3067
3068
3069
3070
3071
3072
3073
3074
3075
3076
3077
3078
3079
3080
3081
3082
3083
3084
3085
3086
3087
3088
3089
3090
3091
3092
3093
3094
3095
3096
3097
3098
3099
3100
3101
3102
3103
3104
3105
3106
3107
3108
3109
3110
3111
3112
3113
3114
3115
3116
3117
3118
3119
3120
3121
3122
3123
3124
3125
3126
3127
3128
3129
3130
3131
3132
3133
3134
3135
3136
3137
3138
3139
3140
3141
3142
3143
3144
3145
3146
3147
3148
3149
3150
3151
3152
3153
3154
3155
3156
3157
3158
3159
3160
3161
3162
3163
3164
3165
3166
3167
3168
3169
3170
3171
3172
3173
3174
3175
3176
3177
3178
3179
3180
3181
3182
3183
3184
3185
3186
3187
3188
3189
3190
3191
3192
3193
3194
3195
3196
3197
3198
3199
3200
3201
3202
3203
3204
3205
3206
3207
3208
3209
3210
3211
3212
3213
3214
3215
3216
3217
3218
3219
3220
3221
3222
3223
3224
3225
3226
3227
3228
3229
3230
3231
3232
3233
3234
3235
3236
3237
3238
3239
3240
3241
3242
3243
3244
3245
3246
3247
3248
3249
3250
3251
3252
3253
3254
3255
3256
3257
3258
3259
3260
3261
3262
3263
3264
3265
3266
3267
3268
3269
3270
3271
3272
3273
3274
3275
3276
3277
3278
3279
3280
3281
3282
3283
3284
3285
3286
3287
3288
3289
3290
3291
3292
3293
3294
3295
3296
3297
3298
3299
3300
3301
3302
3303
3304
3305
3306
3307
3308
3309
3310
3311
3312
3313
3314
3315
3316
3317
3318
3319
3320
3321
3322
3323
3324
3325
3326
3327
3328
3329
3330
3331
3332
3333
3334
3335
3336
3337
3338
3339
3340
3341
3342
3343
3344
3345
3346
3347
3348
3349
3350
3351
3352
3353
3354
3355
3356
3357
3358
3359
3360
3361
3362
3363
3364
3365
3366
3367
3368
3369
3370
3371
3372
3373
3374
3375
3376
3377
3378
3379
3380
3381
3382
3383
3384
3385
3386
3387
3388
3389
3390
3391
3392
3393
3394
3395
3396
3397
3398
3399
3400
3401
3402
3403
3404
3405
3406
3407
3408
3409
3410
3411
3412
3413
3414
3415
3416
3417
3418
3419
3420
3421
3422
3423
3424
3425
3426
3427
3428
3429
3430
3431
3432
3433
3434
3435
3436
3437
3438
3439
3440
3441
3442
3443
3444
3445
3446
3447
3448
3449
3450
3451
3452
3453
3454
3455
3456
3457
3458
3459
3460
3461
3462
3463
3464
3465
3466
3467
3468
3469
3470
3471
3472
3473
3474
3475
3476
3477
3478
3479
3480
3481
3482
3483
3484
3485
3486
3487
3488
3489
3490
3491
3492
3493
3494
3495
3496
3497
3498
3499
3500
3501
3502
3503
3504
3505
3506
3507
3508
3509
3510
3511
3512
3513
3514
3515
3516
3517
3518
3519
3520
3521
3522
3523
3524
3525
3526
3527
3528
3529
3530
3531
3532
3533
3534
3535
3536
3537
3538
3539
3540
3541
3542
3543
3544
3545
3546
3547
3548
3549
3550
3551
3552
3553
3554
3555
3556
3557
3558
3559
3560
3561
3562
3563
3564
3565
3566
3567
3568
3569
3570
3571
3572
3573
3574
3575
3576
3577
3578
3579
3580
3581
3582
3583
3584
3585
3586
3587
3588
3589
3590
3591
3592
3593
3594
3595
3596
3597
3598
3599
3600
3601
3602
3603
3604
3605
3606
3607
3608
3609
3610
3611
3612
3613
3614
3615
3616
3617
3618
3619
3620
3621
3622
3623
3624
3625
3626
3627
3628
3629
3630
3631
3632
3633
3634
3635
3636
3637
3638
3639
3640
3641
3642
3643
3644
3645
3646
3647
3648
3649
3650
3651
3652
3653
3654
3655
3656
3657
3658
3659
3660
3661
3662
3663
3664
3665
3666
3667
3668
3669
3670
3671
3672
3673
3674
3675
3676
3677
3678
3679
3680
3681
3682
3683
3684
3685
3686
3687
3688
3689
3690
3691
3692
3693
3694
3695
3696
3697
3698
3699
3700
3701
3702
3703
3704
3705
3706
3707
3708
3709
3710
3711
3712
3713
3714
3715
3716
3717
3718
3719
3720
3721
3722
3723
3724
3725
3726
3727
3728
3729
3730
3731
3732
3733
3734
3735
3736
3737
3738
3739
3740
3741
3742
3743
3744
3745
3746
3747
3748
3749
3750
3751
3752
3753
3754
3755
3756
3757
3758
3759
3760
3761
3762
3763
3764
3765
3766
3767
3768
3769
3770
3771
3772
3773
3774
3775
3776
3777
3778
3779
3780
3781
3782
3783
3784
3785
3786
3787
3788
3789
3790
3791
3792
3793
3794
3795
3796
3797
3798
3799
3800
3801
3802
3803
3804
3805
3806
3807
3808
3809
3810
3811
3812
3813
3814
3815
3816
3817
3818
3819
3820
3821
3822
3823
3824
3825
3826
3827
3828
3829
3830
3831
3832
3833
3834
3835
3836
3837
3838
3839
3840
3841
3842
3843
3844
3845
3846
3847
3848
3849
3850
3851
3852
3853
3854
3855
3856
3857
3858
3859
3860
3861
3862
3863
3864
3865
3866
3867
3868
3869
3870
3871
3872
3873
3874
3875
3876
3877
3878
3879
3880
3881
3882
3883
3884
3885
3886
3887
3888
3889
3890
3891
3892
3893
3894
3895
3896
3897
3898
3899
3900
3901
3902
3903
3904
3905
3906
3907
3908
3909
3910
3911
3912
3913
3914
3915
3916
3917
3918
3919
3920
3921
3922
3923
3924
3925
3926
3927
3928
3929
3930
3931
3932
3933
3934
3935
3936
3937
3938
3939
3940
3941
3942
3943
3944
3945
3946
3947
3948
3949
3950
3951
3952
3953
3954
3955
3956
3957
3958
3959
3960
3961
3962
3963
3964
3965
3966
3967
3968
3969
3970
3971
3972
3973
3974
3975
3976
3977
3978
3979
3980
3981
3982
3983
3984
3985
3986
3987
3988
3989
3990
3991
3992
3993
3994
3995
3996
3997
3998
3999
4000
4001
4002
4003
4004
4005
4006
4007
4008
4009
4010
4011
4012
4013
4014
4015
4016
4017
4018
4019
4020
4021
4022
4023
4024
4025
4026
4027
4028
4029
4030
4031
4032
4033
4034
4035
4036
4037
4038
4039
4040
4041
4042
4043
4044
4045
4046
4047
4048
4049
4050
4051
4052
4053
4054
4055
4056
4057
4058
4059
4060
4061
4062
4063
4064
4065
4066
4067
4068
4069
4070
4071
4072
4073
4074
4075
4076
4077
4078
4079
4080
4081
4082
4083
4084
4085
4086
4087
4088
4089
4090
4091
4092
4093
4094
4095
4096
4097
4098
4099
4100
4101
4102
4103
4104
4105
4106
4107
4108
4109
4110
4111
4112
4113
4114
4115
4116
4117
4118
4119
4120
4121
4122
4123
4124
4125
4126
4127
4128
4129
4130
4131
4132
4133
4134
4135
4136
4137
4138
4139
4140
4141
4142
4143
4144
4145
4146
4147
4148
4149
4150
4151
4152
4153
4154
4155
4156
4157
4158
4159
4160
4161
4162
4163
4164
4165
4166
4167
4168
4169
4170
4171
4172
4173
4174
4175
4176
4177
4178
4179
4180
4181
4182
4183
4184
4185
4186
4187
4188
4189
4190
4191
4192
4193
4194
4195
4196
4197
4198
4199
4200
4201
4202
4203
4204
4205
4206
4207
4208
4209
4210
4211
4212
4213
4214
4215
4216
4217
4218
4219
4220
4221
4222
4223
4224
4225
4226
4227
4228
4229
4230
4231
4232
4233
4234
4235
4236
4237
4238
4239
4240
4241
4242
4243
4244
4245
4246
4247
4248
4249
4250
4251
4252
4253
4254
4255
4256
4257
4258
4259
4260
4261
4262
4263
4264
4265
4266
4267
4268
4269
4270
4271
4272
4273
4274
4275
4276
4277
4278
4279
4280
4281
4282
4283
4284
4285
4286
4287
4288
4289
4290
4291
4292
4293
4294
4295
4296
4297
4298
4299
4300
4301
4302
4303
4304
4305
4306
4307
4308
4309
4310
4311
4312
4313
4314
4315
4316
4317
4318
4319
4320
4321
4322
4323
4324
4325
4326
4327
4328
4329
4330
4331
4332
4333
4334
4335
4336
4337
4338
4339
4340
4341
4342
4343
4344
4345
4346
4347
4348
4349
4350
4351
4352
4353
4354
4355
4356
4357
4358
4359
4360
4361
4362
4363
4364
4365
4366
4367
4368
4369
4370
4371
4372
4373
4374
4375
4376
4377
4378
4379
4380
4381
4382
4383
4384
4385
4386
4387
4388
4389
4390
4391
4392
4393
4394
4395
4396
4397
4398
4399
4400
4401
4402
4403
4404
4405
4406
4407
4408
4409
4410
4411
4412
4413
4414
4415
4416
4417
4418
4419
4420
4421
4422
4423
4424
4425
4426
4427
4428
4429
4430
4431
4432
4433
4434
4435
4436
4437
4438
4439
4440
4441
4442
4443
4444
4445
4446
4447
4448
4449
4450
4451
4452
4453
4454
4455
4456
4457
4458
4459
4460
4461
4462
4463
4464
4465
4466
4467
4468
4469
4470
4471
4472
4473
4474
4475
4476
4477
4478
4479
4480
4481
4482
4483
4484
4485
4486
4487
4488
4489
4490
4491
4492
4493
4494
4495
4496
4497
4498
4499
4500
4501
4502
4503
4504
4505
4506
4507
4508
4509
4510
4511
4512
4513
4514
4515
4516
4517
4518
4519
4520
4521
4522
4523
4524
4525
4526
4527
4528
4529
4530
4531
4532
4533
4534
4535
4536
4537
4538
4539
4540
4541
4542
4543
4544
4545
4546
4547
4548
4549
4550
4551
4552
4553
4554
4555
4556
4557
4558
4559
4560
4561
4562
4563
4564
4565
4566
4567
4568
4569
4570
4571
4572
4573
4574
4575
4576
4577
4578
4579
4580
4581
4582
4583
4584
4585
4586
4587
4588
4589
4590
4591
4592
4593
4594
4595
4596
4597
4598
4599
4600
4601
4602
4603
4604
4605
4606
4607
4608
4609
4610
4611
4612
4613
4614
4615
4616
4617
4618
4619
4620
4621
4622
4623
4624
4625
4626
4627
4628
4629
4630
4631
4632
4633
4634
4635
4636
4637
4638
4639
4640
4641
4642
4643
4644
4645
4646
4647
4648
4649
4650
4651
4652
4653
4654
4655
4656
4657
4658
4659
4660
4661
4662
4663
4664
4665
4666
4667
4668
4669
4670
4671
4672
4673
4674
4675
4676
4677
4678
4679
4680
4681
4682
4683
4684
4685
4686
4687
4688
4689
4690
4691
4692
4693
4694
4695
4696
4697
4698
4699
4700
4701
4702
4703
4704
4705
4706
4707
4708
4709
4710
4711
4712
4713
4714
4715
4716
4717
4718
4719
4720
4721
4722
4723
4724
4725
4726
4727
4728
4729
4730
4731
4732
4733
4734
4735
4736
4737
4738
4739
4740
4741
4742
4743
4744
4745
4746
4747
4748
4749
4750
4751
4752
4753
4754
4755
4756
4757
4758
4759
4760
4761
4762
4763
4764
4765
4766
4767
4768
4769
4770
4771
4772
4773
4774
4775
4776
4777
4778
4779
4780
4781
4782
4783
4784
4785
4786
4787
4788
4789
4790
4791
4792
4793
4794
4795
4796
4797
4798
4799
4800
4801
4802
4803
4804
4805
4806
4807
4808
4809
4810
4811
4812
4813
4814
4815
4816
4817
4818
4819
4820
4821
4822
4823
4824
4825
4826
4827
4828
4829
4830
4831
4832
4833
4834
4835
4836
4837
4838
4839
4840
4841
4842
4843
4844
4845
4846
4847
4848
4849
4850
4851
4852
4853
4854
4855
4856
4857
4858
4859
4860
4861
4862
4863
4864
4865
4866
4867
4868
4869
4870
4871
4872
4873
4874
4875
4876
4877
4878
4879
4880
4881
4882
4883
4884
4885
4886
4887
4888
4889
4890
4891
4892
4893
4894
4895
4896
4897
4898
4899
4900
4901
4902
4903
4904
4905
4906
4907
4908
4909
4910
4911
4912
4913
4914
4915
4916
4917
4918
4919
4920
4921
4922
4923
4924
4925
4926
4927
4928
4929
4930
4931
4932
4933
4934
4935
4936
4937
4938
4939
4940
4941
4942
4943
4944
4945
4946
4947
4948
4949
4950
4951
4952
4953
4954
4955
4956
4957
4958
4959
4960
4961
4962
4963
4964
4965
4966
4967
4968
4969
4970
4971
4972
4973
4974
4975
4976
4977
4978
4979
4980
4981
4982
4983
4984
4985
4986
4987
4988
4989
4990
4991
4992
4993
4994
4995
4996
4997
4998
4999
5000
5001
5002
5003
5004
5005
5006
5007
5008
5009
5010
5011
5012
5013
5014
5015
5016
5017
5018
5019
5020
5021
5022
5023
5024
5025
5026
5027
5028
5029
5030
5031
5032
5033
5034
5035
5036
5037
5038
5039
5040
5041
5042
5043
5044
5045
5046
5047
5048
5049
5050
5051
5052
5053
5054
5055
5056
5057
5058
5059
5060
5061
5062
5063
5064
5065
5066
5067
5068
5069
5070
5071
5072
5073
5074
5075
5076
5077
5078
5079
5080
5081
5082
5083
5084
5085
5086
5087
5088
5089
5090
5091
5092
5093
5094
5095
5096
5097
5098
5099
5100
5101
5102
5103
5104
5105
5106
5107
5108
5109
5110
5111
5112
5113
5114
5115
5116
5117
5118
5119
5120
5121
5122
5123
5124
5125
5126
5127
5128
5129
5130
5131
5132
5133
5134
5135
5136
5137
5138
5139
5140
5141
5142
5143
5144
5145
5146
5147
5148
5149
5150
5151
5152
5153
5154
5155
5156
5157
5158
5159
5160
5161
5162
5163
5164
5165
5166
5167
5168
5169
5170
5171
5172
5173
5174
5175
5176
5177
5178
5179
5180
5181
5182
5183
5184
5185
5186
5187
5188
5189
5190
5191
5192
5193
5194
5195
5196
5197
5198
5199
5200
5201
5202
5203
5204
5205
5206
5207
5208
5209
5210
5211
5212
5213
5214
5215
5216
5217
5218
5219
5220
5221
5222
5223
5224
5225
5226
5227
5228
5229
5230
5231
5232
5233
5234
5235
5236
5237
5238
5239
5240
5241
5242
5243
5244
5245
5246
5247
5248
5249
5250
5251
5252
5253
5254
5255
5256
5257
5258
5259
5260
5261
5262
5263
5264
5265
5266
5267
5268
5269
5270
5271
5272
5273
5274
5275
5276
5277
5278
5279
5280
5281
5282
5283
5284
5285
5286
5287
5288
5289
5290
5291
5292
5293
5294
5295
5296
5297
5298
5299
5300
5301
5302
5303
5304
5305
5306
5307
5308
5309
5310
5311
5312
5313
5314
5315
5316
5317
5318
5319
5320
5321
5322
5323
5324
5325
5326
5327
5328
5329
5330
5331
5332
5333
5334
5335
5336
5337
5338
5339
5340
5341
5342
5343
5344
5345
5346
5347
5348
5349
5350
5351
5352
5353
5354
5355
5356
5357
5358
5359
5360
5361
5362
5363
5364
5365
5366
5367
5368
5369
5370
5371
5372
5373
5374
5375
5376
5377
5378
5379
5380
5381
5382
5383
5384
5385
5386
5387
5388
5389
5390
5391
5392
5393
5394
5395
5396
5397
5398
5399
5400
5401
5402
5403
5404
5405
5406
5407
5408
5409
5410
5411
5412
5413
5414
5415
5416
5417
5418
5419
5420
5421
5422
5423
5424
5425
5426
5427
5428
5429
5430
5431
5432
5433
5434
5435
5436
5437
5438
5439
5440
5441
5442
5443
5444
5445
5446
5447
5448
5449
5450
5451
5452
5453
5454
5455
5456
5457
5458
5459
5460
5461
5462
5463
5464
5465
5466
5467
5468
5469
5470
5471
5472
5473
5474
5475
5476
5477
5478
5479
5480
5481
5482
5483
5484
5485
5486
5487
5488
5489
5490
5491
5492
5493
5494
5495
5496
5497
5498
5499
5500
5501
5502
5503
5504
5505
5506
5507
5508
5509
5510
5511
5512
5513
5514
5515
5516
5517
5518
5519
5520
5521
5522
5523
5524
5525
5526
5527
5528
5529
5530
5531
5532
5533
5534
5535
5536
5537
5538
5539
5540
5541
5542
5543
5544
5545
5546
5547
5548
5549
5550
5551
5552
5553
5554
5555
5556
5557
5558
5559
5560
5561
5562
5563
5564
5565
5566
5567
5568
5569
5570
5571
5572
5573
5574
5575
5576
5577
5578
5579
5580
5581
5582
5583
5584
5585
5586
5587
5588
5589
5590
5591
5592
5593
5594
5595
5596
5597
5598
5599
5600
5601
5602
5603
5604
5605
5606
5607
5608
5609
5610
5611
5612
5613
5614
5615
5616
5617
5618
5619
5620
5621
5622
5623
5624
5625
5626
5627
5628
5629
5630
5631
5632
5633
5634
5635
5636
5637
5638
5639
5640
5641
5642
5643
5644
5645
5646
5647
5648
5649
5650
5651
5652
5653
5654
5655
5656
5657
5658
5659
5660
5661
5662
5663
5664
5665
5666
5667
5668
5669
5670
5671
5672
5673
5674
5675
5676
5677
5678
5679
5680
5681
5682
5683
5684
5685
5686
5687
5688
5689
5690
5691
5692
5693
5694
5695
5696
5697
5698
5699
5700
5701
5702
5703
5704
5705
5706
5707
5708
5709
5710
5711
5712
5713
5714
5715
5716
5717
5718
5719
5720
5721
5722
5723
5724
5725
5726
5727
5728
5729
5730
5731
5732
5733
5734
5735
5736
5737
5738
5739
5740
0.2042830347739608 -2.905532132130448 0
0.2042830347739608 -2.52279005592942 0
0.2042830347739608 -2.097521081761316 0
0.2042830347739608 -1.625 0
0.2042830347739608 -1.228184293850997 0
0.2042830347739608 -0.8710501588012453 0
0.2042830347739608 -0.5496294364206017 0
0.2042830347739608 -0.2603507857898867 0
0.4116769697627135 -2.905532132130009 0
0.4116769697627135 -2.522790055929095 0
0.4116769697627135 -2.097521081761136 0
0.4116769697627135 -1.625 0
0.4116769697627135 -1.22818429385138 0
0.4116769697627135 -0.8710501588015059 0
0.4116769697627135 -0.5496294364207586 0
0.4116769697627135 -0.2603507857899573 0
0.6222291755502734 -2.905532132129562 0
0.6222291755502731 -2.522790055928765 0
0.6222291755502731 -2.097521081760954 0
0.6222291755502731 -1.625 0
0.6222291755502731 -1.228184293851768 0
0.6222291755502731 -0.8710501588017705 0
0.622229175550273 -0.5496294364209178 0
0.622229175550273 -0.2603507857900288 0
0.8359877616437674 -2.905532132129108 0
0.8359877616437676 -2.52279005592843 0
0.8359877616437674 -2.097521081760769 0
0.8359877616437675 -1.625 0
0.8359877616437675 -1.228184293852163 0
0.8359877616437678 -0.871050158802039 0
0.8359877616437675 -0.5496294364210792 0
0.8359877616437675 -0.2603507857901016 0
1.053001571073304 -2.905532132128647 0
1.053001571073304 -2.522790055928089 0
1.053001571073304 -2.097521081760581 0
1.053001571073304 -1.625 0
1.053001571073304 -1.228184293852563 0
1.053001571073304 -0.8710501588023116 0
1.053001571073304 -0.5496294364212433 0
1.053001571073304 -0.2603507857901753 0
1.273320145641271 -2.90553213212818 0
1.273320145641271 -2.522790055927744 0
1.273320145641271 -2.09752108176039 0
1.273320145641271 -1.625 0
1.273320145641271 -1.22818429385297 0
1.273320145641271 -0.8710501588025883 0
1.273320145641271 -0.5496294364214096 0
1.273320145641271 -0.2603507857902502 0
1.496993804274202 -2.905532132127706 0
1.496993804274202 -2.522790055927392 0
1.496993804274202 -2.097521081760197 0
1.496993804274202 -1.625 0
1.496993804274202 -1.228184293853383 0
1.496993804274202 -0.8710501588028695 0
1.496993804274202 -0.5496294364215788 0
1.496993804274202 -0.2603507857903263 0
1.724073667297335 -2.905532132127224 0
1.724073667297335 -2.522790055927037 0
1.724073667297335 -2.097521081759999 0
1.724073667297335 -1.625 0
1.724073667297335 -1.228184293853802 0
1.724073667297335 -0.8710501588031546 0
1.724073667297335 -0.5496294364217504 0
1.724073667297335 -0.2603507857904036 0
1.954611595088024 -2.905532132126734 0
1.954611595088025 -2.522790055926674 0
1.954611595088025 -2.0975210817598 0
1.954611595088024 -1.625 0
1.954611595088025 -1.228184293854228 0
1.954611595088024 -0.8710501588034445 0
1.954611595088025 -0.5496294364219247 0
1.954611595088025 -0.260350785790482 0
2.188660239005929 -2.905532132126238 0
2.188660239005929 -2.522790055926307 0
2.188660239005928 -2.097521081759596 0
2.188660239005929 -1.625 0
2.188660239005929 -1.22818429385466 0
2.188660239005928 -0.8710501588037385 0
2.188660239005928 -0.5496294364221014 0
2.188660239005929 -0.2603507857905615 0
2.426273094566678 -2.905532132125734 0
2.426273094566678 -2.522790055925934 0
2.426273094566677 -2.09752108175939 0
2.426273094566678 -1.625 0
2.426273094566677 -1.228184293855098 0
2.426273094566678 -0.8710501588040368 0
2.426273094566678 -0.5496294364222811 0
2.426273094566678 -0.2603507857906424 0
2.66750444172054 -2.905532132125222 0
2.66750444172054 -2.522790055925556 0
2.66750444172054 -2.097521081759182 0
2.66750444172054 -1.625 0
2.66750444172054 -1.228184293855544 0
2.66750444172054 -0.8710501588043399 0
2.66750444172054 -0.5496294364224634 0
2.66750444172054 -0.2603507857907245 0
2.91240936843274 -2.905532132124702 0
2.91240936843274 -2.522790055925171 0
2.91240936843274 -2.097521081758969 0
2.91240936843274 -1.625 0
2.91240936843274 -1.228184293855996 0
2.91240936843274 -0.8710501588046476 0
2.91240936843274 -0.5496294364226485 0
2.91240936843274 -0.2603507857908077 0
3.16104379652788 -2.905532132124174 0
3.161043796527881 -2.52279005592478 0
3.16104379652788 -2.097521081758754 0
3.16104379652788 -1.625 0
3.16104379652788 -1.228184293856455 0
3.16104379652788 -0.8710501588049601 0
3.161043796527881 -0.5496294364228365 0
3.161043796527881 -0.2603507857908923 0
3.413464534557097 -2.905532132123639 0
3.413464534557096 -2.522790055924386 0
3.413464534557098 -2.097521081758535 0
3.413464534557097 -1.625 0
3.413464534557097 -1.228184293856921 0
3.413464534557097 -0.8710501588052771 0
3.413464534557097 -0.549629436423027 0
3.413464534557097 -0.260350785790978 0
3.669729249357396 -2.905532132123094 0
3.669729249357395 -2.522790055923983 0
3.669729249357395 -2.097521081758313 0
3.669729249357396 -1.625 0
3.669729249357395 -1.228184293857394 0
3.669729249357396 -0.8710501588055992 0
3.669729249357396 -0.5496294364232207 0
3.669729249357396 -0.2603507857910652 0
3.929896462098232 -2.905532132122543 0
3.929896462098232 -2.522790055923576 0
3.929896462098233 -2.097521081758087 0
3.929896462098232 -1.625 0
3.929896462098232 -1.228184293857874 0
3.929896462098232 -0.871050158805926 0
3.929896462098231 -0.5496294364234173 0
3.929896462098232 -0.2603507857911537 0
4.194025604629839 -2.905532132121982 0
4.194025604629839 -2.52279005592316 0
4.194025604629839 -2.097521081757859 0
4.19402560462984 -1.625 0
4.19402560462984 -1.228184293858361 0
4.194025604629839 -0.8710501588062577 0
4.19402560462984 -0.5496294364236172 0
4.19402560462984 -0.2603507857912435 0
4.462177017592233 -2.905532132121413 0
4.462177017592233 -2.52279005592274 0
4.462177017592233 -2.097521081757626 0
4.462177017592233 -1.625 0
4.462177017592234 -1.228184293858856 0
4.462177017592234 -0.871050158806595 0
4.462177017592233 -0.5496294364238197 0
4.462177017592234 -0.2603507857913346 0
4.73441195084733 -2.905532132120835 0
4.73441195084733 -2.522790055922314 0
4.73441195084733 -2.09752108175739 0
4.73441195084733 -1.625 0
4.73441195084733 -1.228184293859359 0
4.734411950847329 -0.8710501588069368 0
4.73441195084733 -0.5496294364240255 0
4.73441195084733 -0.2603507857914273 0
5.010792590136405 -2.905532132120249 0
5.010792590136405 -2.522790055921879 0
5.010792590136405 -2.09752108175715 0
5.010792590136405 -1.625 0
5.010792590136405 -1.228184293859869 0
5.010792590136405 -0.8710501588072841 0
5.010792590136405 -0.5496294364242346 0
5.010792590136405 -0.2603507857915212 0
5.291382086930304 -2.905532132119653 0
5.291382086930305 -2.52279005592144 0
5.291382086930304 -2.097521081756907 0
5.291382086930304 -1.625 0
5.291382086930305 -1.228184293860387 0
5.291382086930305 -0.8710501588076365 0
5.291382086930304 -0.5496294364244462 0
5.291382086930304 -0.2603507857916167 0
5.576244530078425 -2.905532132119049 0
5.576244530078423 -2.522790055920992 0
5.576244530078423 -2.09752108175666 0
5.576244530078423 -1.625 0
5.576244530078423 -1.228184293860913 0
5.576244530078423 -0.8710501588079942 0
5.576244530078422 -0.5496294364246617 0
5.576244530078422 -0.2603507857917136 0
5.865444975263625 -2.905532132118435 0
5.865444975263623 -2.522790055920539 0
5.865444975263623 -2.09752108175641 0
5.865444975263623 -1.625 0
5.865444975263623 -1.228184293861446 0
5.865444975263624 -0.8710501588083576 0
5.865444975263623 -0.5496294364248802 0
5.865444975263624 -0.2603507857918119 0
6.159049474272916 -2.905532132117811 0
6.159049474272917 -2.522790055920077 0
6.159049474272917 -2.097521081756155 0
6.159049474272917 -1.625 0
6.159049474272917 -1.228184293861988 0
6.159049474272916 -0.8710501588087266 0
6.159049474272917 -0.5496294364251022 0
6.159049474272917 -0.2603507857919118 0
6.4571251057994 -2.905532132117179 0
6.457125105799402 -2.52279005591961 0
6.4571251057994 -2.097521081755896 0
6.4571251057994 -1.625 0
6.457125105799399 -1.228184293862539 0
6.457125105799398 -0.871050158809101 0
6.4571251057994 -0.5496294364253275 0
6.457125105799403 -0.2603507857920131 0
6.759739977936525 -2.905532132116538 0
6.759739977936523 -2.522790055919136 0
6.759739977936524 -2.097521081755634 0
6.759739977936525 -1.625 0
6.759739977936527 -1.228184293863097 0
6.759739977936526 -0.8710501588094811 0
6.759739977936526 -0.5496294364255561 0
6.759739977936525 -0.2603507857921161 0
7.066963203223365 -2.905532132115886 0
7.066963203223365 -2.522790055918652 0
7.066963203223363 -2.097521081755369 0
7.066963203223365 -1.625 0
7.066963203223363 -1.228184293863664 0
7.066963203223364 -0.8710501588098674 0
7.066963203223365 -0.5496294364257883 0
7.066963203223365 -0.2603507857922205 0
7.378864957143502 -2.905532132115224 0
7.378864957143501 -2.522790055918164 0
7.378864957143502 -2.097521081755098 0
7.378864957143502 -1.625 0
7.378864957143502 -1.22818429386424 0
7.378864957143501 -0.871050158810259 0
7.378864957143502 -0.5496294364260239 0
7.378864957143502 -0.2603507857923265 0
7.695516483598876 -2.905532132114552 0
7.695516483598878 -2.522790055917667 0
7.695516483598876 -2.097521081754823 0
7.695516483598876 -1.625 0
7.695516483598876 -1.228184293864824 0
7.695516483598876 -0.8710501588106571 0
7.695516483598876 -0.5496294364262634 0
7.695516483598876 -0.2603507857924343 0
8.016990097712053 -2.90553213211387 0
8.016990097712052 -2.522790055917162 0
8.016990097712053 -2.097521081754544 0
8.016990097712053 -1.625 0
8.016990097712053 -1.228184293865418 0
8.016990097712053 -0.8710501588110606 0
8.016990097712053 -0.5496294364265062 0
8.016990097712053 -0.2603507857925436 0
8.343359248223495 -2.905532132113177 0
8.343359248223493 -2.522790055916651 0
8.343359248223491 -2.097521081754262 0
8.343359248223491 -1.625 0
8.343359248223491 -1.228184293866021 0
8.343359248223493 -0.871050158811471 0
8.343359248223493 -0.5496294364267529 0
8.343359248223493 -0.2603507857926545 0
8.67469849449679 -2.905532132112474 0
8.674698494496791 -2.52279005591613 0
8.67469849449679 -2.097521081753974 0
8.67469849449679 -1.625 0
8.67469849449679 -1.228184293866632 0
8.67469849449679 -0.8710501588118872 0
8.674698494496791 -0.5496294364270035 0
8.67469849449679 -0.2603507857927672 0
9.011083512438685 -2.905532132111759 0
9.011083512438683 -2.522790055915602 0
9.011083512438685 -2.097521081753683 0
9.011083512438686 -1.625 0
9.011083512438686 -1.228184293867253 0
9.011083512438686 -0.8710501588123097 0
9.011083512438686 -0.5496294364272576 0
9.011083512438686 -0.2603507857928816 0
9.352591128493261 -2.905532132111035 0
9.352591128493259 -2.522790055915066 0
9.352591128493261 -2.097521081753386 0
9.352591128493261 -1.625 0
9.352591128493259 -1.228184293867883 0
9.352591128493259 -0.8710501588127388 0
9.352591128493259 -0.5496294364275158 0
9.352591128493261 -0.2603507857929978 0
9.699299383426951 -2.9055321321103 0
9.699299383426951 -2.522790055914522 0
9.699299383426951 -2.097521081753086 0
9.699299383426951 -1.625 0
9.699299383426951 -1.228184293868524 0
9.699299383426951 -0.8710501588131743 0
9.699299383426951 -0.5496294364277776 0
9.699299383426952 -0.2603507857931157 0
10.05128748432247 -2.905532132109553 0
10.05128748432247 -2.52279005591397 0
10.05128748432247 -2.097521081752781 0
10.05128748432247 -1.625 0
10.05128748432247 -1.228184293869173 0
10.05128748432247 -0.8710501588136164 0
10.05128748432247 -0.5496294364280434 0
10.05128748432247 -0.2603507857932353 0
10.40863581113053 -2.905532132108794 0
10.40863581113053 -2.52279005591341 0
10.40863581113052 -2.097521081752471 0
10.40863581113052 -1.625 0
10.40863581113052 -1.228184293869833 0
10.40863581113052 -0.8710501588140653 0
10.40863581113053 -0.5496294364283137 0
10.40863581113052 -0.2603507857933569 0
10.77142598204398 -2.905532132108024 0
10.77142598204398 -2.52279005591284 0
10.77142598204398 -2.097521081752157 0
10.77142598204398 -1.625 0
10.77142598204398 -1.228184293870503 0
10.77142598204398 -0.8710501588145212 0
10.77142598204398 -0.549629436428588 0
10.77142598204398 -0.2603507857934803 0
11.13974086256166 -2.905532132107242 0
11.13974086256165 -2.522790055912262 0
11.13974086256165 -2.097521081751837 0
11.13974086256165 -1.625 0
11.13974086256165 -1.228184293871182 0
11.13974086256165 -0.8710501588149842 0
11.13974086256165 -0.5496294364288662 0
11.13974086256165 -0.2603507857936055 0
11.51366460355584 -2.905532132106449 0
11.51366460355584 -2.522790055911675 0
11.51366460355584 -2.097521081751514 0
11.51366460355584 -1.625 0
11.51366460355584 -1.228184293871872 0
11.51366460355584 -0.8710501588154539 0
11.51366460355584 -0.5496294364291487 0
11.51366460355584 -0.2603507857937326 0
11.8932826239082 -2.905532132105644 0
11.8932826239082 -2.52279005591108 0
11.8932826239082 -2.097521081751184 0
11.8932826239082 -1.625 0
11.8932826239082 -1.228184293872573 0
11.8932826239082 -0.8710501588159307 0
11.89328262390819 -0.5496294364294356 0
11.89328262390819 -0.2603507857938617 0
12.27868162046965 -2.905532132104826 0
12.27868162046965 -2.522790055910475 0
12.27868162046965 -2.09752108175085 0
12.27868162046965 -1.625 0
12.27868162046965 -1.228184293873284 0
12.27868162046965 -0.8710501588164149 0
12.27868162046965 -0.5496294364297269 0
12.27868162046965 -0.2603507857939927 0
12.66994963605898 -2.905532132103995 0
12.66994963605898 -2.522790055909861 0
12.66994963605899 -2.097521081750511 0
12.66994963605898 -1.625 0
12.66994963605898 -1.228184293874007 0
12.66994963605898 -0.8710501588169066 0
12.66994963605898 -0.5496294364300226 0
12.66994963605898 -0.2603507857941259 0
13.06717604391974 -2.905532132103152 0
13.06717604391974 -2.522790055909238 0
13.06717604391974 -2.097521081750167 0
13.06717604391974 -1.625 0
13.06717604391973 -1.22818429387474 0
13.06717604391974 -0.8710501588174057 0
13.06717604391974 -0.5496294364303229 0
13.06717604391974 -0.260350785794261 0
13.47045158769319 -2.905532132102297 0
13.47045158769319 -2.522790055908605 0
13.47045158769319 -2.097521081749818 0
13.47045158769319 -1.625 0
13.4704515876932 -1.228184293875484 0
13.47045158769319 -0.8710501588179119 0
13.47045158769319 -0.5496294364306276 0
13.47045158769319 -0.2603507857943981 0
13.87986839587731 -2.905532132101428 0
13.87986839587731 -2.522790055907964 0
13.8798683958773 -2.097521081749462 0
13.87986839587731 -1.625 0
13.87986839587731 -1.22818429387624 0
13.87986839587731 -0.8710501588184267 0
13.87986839587731 -0.5496294364309371 0
13.87986839587731 -0.2603507857945373 0
14.29551996652957 -2.905532132100545 0
14.29551996652957 -2.522790055907311 0
14.29551996652957 -2.097521081749102 0
14.29551996652957 -1.625 0
14.29551996652957 -1.228184293877008 0
14.29551996652957 -0.8710501588189488 0
14.29551996652957 -0.549629436431251 0
14.29551996652957 -0.2603507857946786 0
14.71750123822697 -2.90553213209965 0
14.71750123822698 -2.522790055906649 0
14.71750123822698 -2.097521081748736 0
14.71750123822697 -1.625 0
14.71750123822698 -1.228184293877786 0
14.71750123822697 -0.8710501588194788 0
14.71750123822697 -0.5496294364315698 0
14.71750123822697 -0.2603507857948221 0
15.1459086338549 -2.905532132098741 0
15.1459086338549 -2.522790055905977 0
15.1459086338549 -2.097521081748364 0
15.1459086338549 -1.625 0
15.1459086338549 -1.228184293878577 0
15.1459086338549 -0.871050158820017 0
15.1459086338549 -0.5496294364318939 0
15.1459086338549 -0.2603507857949679 0
15.58084002094313 -2.905532132097818 0
15.58084002094313 -2.522790055905294 0
15.58084002094312 -2.097521081747988 0
15.58084002094313 -1.625 0
15.58084002094313 -1.22818429387938 0
15.58084002094313 -0.8710501588205637 0
15.58084002094313 -0.5496294364322225 0
15.58084002094312 -0.2603507857951158 0
16.02239472675151 -2.905532132096881 0
16.02239472675151 -2.522790055904601 0
16.02239472675151 -2.097521081747605 0
16.02239472675151 -1.625 0
16.02239472675151 -1.228184293880195 0
16.02239472675151 -0.8710501588211182 0
16.02239472675151 -0.5496294364325562 0
16.02239472675151 -0.260350785795266 0
16.47067361237275 -2.905532132095931 0
16.47067361237275 -2.522790055903898 0
16.47067361237275 -2.097521081747217 0
16.47067361237275 -1.625 0
16.47067361237275 -1.228184293881023 0
16.47067361237275 -0.8710501588216816 0
16.47067361237275 -0.5496294364328951 0
16.47067361237275 -0.2603507857954183 0
16.92577906257343 -2.905532132094963 0
16.92577906257343 -2.522790055903184 0
16.92577906257343 -2.097521081746823 0
16.92577906257343 -1.625 0
16.92577906257343 -1.228184293881862 0
16.92577906257343 -0.8710501588222531 0
16.92577906257343 -0.5496294364332388 0
16.92577906257343 -0.260350785795573 0
17.38781503213673 -2.905532132093983 0
17.38781503213673 -2.522790055902459 0
17.38781503213673 -2.097521081746421 0
17.38781503213673 -1.625 0
17.38781503213673 -1.228184293882715 0
17.38781503213673 -0.8710501588228339 0
17.38781503213673 -0.5496294364335884 0
17.38781503213673 -0.2603507857957303 0
17.85688709412572 -2.905532132092989 0
17.85688709412572 -2.522790055901723 0
17.85688709412572 -2.097521081746015 0
17.85688709412572 -1.625 0
17.85688709412573 -1.228184293883581 0
17.85688709412572 -0.871050158823423 0
17.85688709412572 -0.5496294364339426 0
17.85688709412573 -0.2603507857958898 0
18.33310240393678 -2.905532132091978 0
18.33310240393678 -2.522790055900975 0
18.33310240393679 -2.097521081745602 0
18.33310240393679 -1.625 0
18.33310240393679 -1.22818429388446 0
18.33310240393679 -0.8710501588240213 0
18.33310240393679 -0.5496294364343023 0
18.33310240393679 -0.2603507857960518 0
18.81656971904832 -2.905532132090951 0
18.81656971904832 -2.522790055900217 0
18.81656971904831 -2.097521081745183 0
18.81656971904831 -1.625 0
18.81656971904832 -1.228184293885353 0
18.81656971904831 -0.8710501588246286 0
18.81656971904832 -0.549629436434668 0
18.81656971904831 -0.2603507857962161 0
19.30739947703344 -2.90553213208991 0
19.30739947703344 -2.522790055899448 0
19.30739947703344 -2.097521081744757 0
19.30739947703344 -1.625 0
19.30739947703344 -1.228184293886259 0
19.30739947703344 -0.8710501588252453 0
19.30739947703343 -0.5496294364350386 0
19.30739947703344 -0.260350785796383 0
19.80570379026088 -2.905532132088853 0
19.80570379026088 -2.522790055898666 0
19.80570379026088 -2.097521081744326 0
19.80570379026088 -1.625 0
19.80570379026088 -1.228184293887178 0
19.80570379026088 -0.8710501588258713 0
19.80570379026088 -0.5496294364354155 0
19.80570379026088 -0.2603507857965525 0
20.31159649634642 -2.905532132087778 0
20.31159649634642 -2.522790055897871 0
20.31159649634642 -2.097521081743887 0
20.31159649634642 -1.625 0
20.31159649634642 -1.228184293888112 0
20.31159649634642 -0.8710501588265068 0
20.31159649634642 -0.5496294364357975 0
20.31159649634642 -0.2603507857967246 0
20.8251931551788 -2.90553213208669 0
20.8251931551788 -2.522790055897066 0
20.8251931551788 -2.097521081743442 0
20.8251931551788 -1.625 0
20.8251931551788 -1.22818429388906 0
20.8251931551788 -0.8710501588271522 0
20.8251931551788 -0.5496294364361857 0
20.8251931551788 -0.2603507857968991 0
21.34661107187791 -2.905532132085583 0
21.34661107187791 -2.522790055896248 0
21.3466110718779 -2.097521081742989 0
21.3466110718779 -1.625 0
21.3466110718779 -1.228184293890023 0
21.3466110718779 -0.8710501588278072 0
21.34661107187791 -0.5496294364365801 0
21.3466110718779 -0.2603507857970765 0
21.87596937981 -2.905532132084459 0
21.87596937980999 -2.522790055895418 0
21.87596937980999 -2.097521081742531 0
21.87596937980999 -1.625 0
21.87596937980999 -1.228184293891 0
21.87596937980999 -0.8710501588284726 0
21.87596937980999 -0.54962943643698 0
21.87596937980999 -0.2603507857972565 0
22.41338898238092 -2.905532132083319 0
22.41338898238093 -2.522790055894574 0
22.41338898238093 -2.097521081742065 0
22.41338898238093 -1.625 0
22.41338898238093 -1.228184293891992 0
22.41338898238094 -0.8710501588291475 0
22.41338898238093 -0.5496294364373862 0
22.41338898238093 -0.2603507857974393 0
22.95899263511439 -2.905532132082161 0
22.95899263511439 -2.522790055893718 0
22.95899263511439 -2.097521081741593 0
22.95899263511439 -1.625 0
22.95899263511439 -1.228184293892999 0
22.95899263511439 -0.8710501588298328 0
22.95899263511439 -0.5496294364377985 0
22.95899263511439 -0.2603507857976248 0
23.51290497524567 -2.905532132080985 0
23.51290497524567 -2.522790055892849 0
23.51290497524568 -2.097521081741112 0
23.51290497524567 -1.625 0
23.51290497524568 -1.228184293894021 0
23.51290497524567 -0.8710501588305289 0
23.51290497524567 -0.549629436438217 0
23.51290497524568 -0.2603507857978131 0
24.07525252104483 -2.905532132079792 0
24.07525252104482 -2.522790055891966 0
24.07525252104484 -2.097521081740625 0
24.07525252104483 -1.625 0
24.07525252104483 -1.22818429389506 0
24.07525252104483 -0.8710501588312356 0
24.07525252104483 -0.549629436438642 0
24.07525252104484 -0.2603507857980044 0
24.64616373044006 -2.905532132078581 0
24.64616373044006 -2.522790055891071 0
24.64616373044006 -2.097521081740129 0
24.64616373044006 -1.625 0
24.64616373044006 -1.228184293896113 0
24.64616373044006 -0.8710501588319529 0
24.64616373044006 -0.5496294364390737 0
24.64616373044006 -0.2603507857981985 0
25.22576903111161 -2.905532132077352 0
25.22576903111161 -2.522790055890161 0
25.22576903111161 -2.097521081739627 0
25.22576903111161 -1.625 0
25.22576903111161 -1.228184293897183 0
25.22576903111161 -0.8710501588326808 0
25.22576903111161 -0.5496294364395116 0
25.22576903111161 -0.2603507857983957 0
25.81420082462964 -2.905532132076102 0
25.81420082462963 -2.522790055889238 0
25.81420082462963 -2.097521081739116 0
25.81420082462964 -1.625 0
25.81420082462964 -1.22818429389827 0
25.81420082462964 -0.8710501588334201 0
25.81420082462964 -0.5496294364399561 0
25.81420082462964 -0.2603507857985958 0
26.41159348939728 -2.905532132074834 0
26.41159348939728 -2.522790055888301 0
26.41159348939729 -2.097521081738599 0
26.41159348939728 -1.625 0
26.41159348939728 -1.228184293899372 0
26.41159348939728 -0.8710501588341708 0
26.41159348939728 -0.5496294364404077 0
26.41159348939728 -0.2603507857987989 0
27.01808349842049 -2.905532132073546 0
27.0180834984205 -2.52279005588735 0
27.01808349842049 -2.097521081738074 0
27.01808349842049 -1.625 0
27.01808349842049 -1.228184293900492 0
27.0180834984205 -0.8710501588349325 0
27.01808349842049 -0.5496294364408661 0
27.01808349842049 -0.2603507857990052 0
27.63380939858863 -2.905532132072241 0
27.63380939858862 -2.522790055886383 0
27.63380939858862 -2.09752108173754 0
27.63380939858862 -1.625 0
27.63380939858862 -1.228184293901628 0
27.63380939858861 -0.8710501588357061 0
27.63380939858862 -0.5496294364413314 0
27.63380939858862 -0.2603507857992146 0
28.25891184427577 -2.905532132070914 0
28.25891184427577 -2.522790055885403 0
28.25891184427577 -2.097521081736998 0
28.25891184427577 -1.625 0
28.25891184427577 -1.228184293902782 0
28.25891184427577 -0.8710501588364916 0
28.25891184427577 -0.549629436441804 0
28.25891184427577 -0.2603507857994271 0
28.89353363494011 -2.905532132069567 0
28.8935336349401 -2.522790055884406 0
28.89353363494011 -2.097521081736448 0
28.89353363494011 -1.625 0
28.89353363494012 -1.228184293903953 0
28.89353363494011 -0.8710501588372888 0
28.89353363494011 -0.5496294364422836 0
28.89353363494011 -0.2603507857996429 0
29.5378196944865 -2.905532132068199 0
29.53781969448649 -2.522790055883396 0
29.5378196944865 -2.097521081735889 0
29.53781969448649 -1.625 0
29.53781969448649 -1.228184293905143 0
29.53781969448649 -0.8710501588380981 0
29.5378196944865 -0.5496294364427703 0
29.53781969448649 -0.2603507857998621 0
30.19191719371265 -2.905532132066813 0
30.19191719371265 -2.522790055882369 0
30.19191719371265 -2.097521081735322 0
30.19191719371265 -1.625 0
30.19191719371265 -1.22818429390635 0
30.19191719371265 -0.8710501588389201 0
30.19191719371265 -0.5496294364432648 0
30.19191719371265 -0.2603507858000845 0
30.85597559067569 -2.905532132065402 0
30.85597559067569 -2.522790055881328 0
30.85597559067569 -2.097521081734746 0
30.85597559067569 -1.625 0
30.85597559067569 -1.228184293907576 0
30.85597559067569 -0.8710501588397545 0
30.85597559067569 -0.5496294364437664 0
30.85597559067569 -0.2603507858003103 0
31.53014655829949 -2.905532132063972 0
31.53014655829947 -2.52279005588027 0
31.53014655829949 -2.097521081734162 0
31.53014655829949 -1.625 0
31.53014655829948 -1.22818429390882 0
31.53014655829949 -0.8710501588406013 0
31.53014655829949 -0.5496294364442762 0
31.53014655829949 -0.2603507858005395 0
32.21458407988015 -2.90553213206252 0
32.21458407988015 -2.522790055879196 0
32.21458407988015 -2.097521081733569 0
32.21458407988015 -1.625 0
32.21458407988015 -1.228184293910083 0
32.21458407988015 -0.8710501588414612 0
32.21458407988015 -0.5496294364447932 0
32.21458407988015 -0.2603507858007723 0
32.90944452142792 -2.905532132061046 0
32.90944452142793 -2.522790055878105 0
32.90944452142792 -2.097521081732967 0
32.90944452142793 -1.625 0
32.90944452142793 -1.228184293911366 0
32.90944452142793 -0.8710501588423343 0
32.90944452142793 -0.5496294364453185 0
32.90944452142793 -0.2603507858010086 0
33.61488658961694 -2.905532132059548 0
33.61488658961694 -2.522790055876999 0
33.61488658961694 -2.097521081732356 0
33.61488658961694 -1.625 0
33.61488658961694 -1.228184293912668 0
33.61488658961694 -0.8710501588432206 0
33.61488658961694 -0.5496294364458516 0
33.61488658961694 -0.2603507858012485 0
34.33107143211033 -2.905532132058029 0
34.33107143211034 -2.522790055875875 0
34.33107143211033 -2.097521081731734 0
34.33107143211033 -1.625 0
34.33107143211034 -1.22818429391399 0
34.33107143211034 -0.8710501588441204 0
34.33107143211034 -0.5496294364463928 0
34.33107143211033 -0.2603507858014921 0
35.05816265594756 -2.905532132056486 0
35.05816265594756 -2.522790055874733 0
35.05816265594756 -2.097521081731105 0
35.05816265594756 -1.625 0
35.05816265594756 -1.228184293915332 0
35.05816265594756 -0.8710501588450339 0
35.05816265594756 -0.5496294364469423 0
35.05816265594756 -0.2603507858017392 0
35.79632631691022 -2.905532132054919 0
35.79632631691022 -2.522790055873576 0
35.79632631691022 -2.097521081730464 0
35.79632631691022 -1.625 0
35.79632631691022 -1.228184293916695 0
35.79632631691022 -0.8710501588459612 0
35.79632631691022 -0.5496294364475003 0
35.79632631691022 -0.2603507858019903 0
36.54573105133949 -2.905532132053328 0
36.54573105133949 -2.5227900558724 0
36.54573105133949 -2.097521081729815 0
36.54573105133949 -1.625 0
36.54573105133949 -1.228184293918078 0
36.54573105133949 -0.8710501588469027 0
36.54573105133949 -0.5496294364480666 0
36.54573105133949 -0.2603507858022452 0
37.30654804249556 -2.905532132051714 0
37.30654804249558 -2.522790055871207 0
37.30654804249556 -2.097521081729155 0
37.30654804249556 -1.625 0
37.30654804249556 -1.228184293919483 0
37.30654804249556 -0.8710501588478585 0
37.30654804249556 -0.5496294364486416 0
37.30654804249556 -0.2603507858025039 0
38.07895106801868 -2.905532132050075 0
38.07895106801868 -2.522790055869994 0
38.07895106801868 -2.097521081728486 0
38.07895106801868 -1.625 0
38.07895106801868 -1.228184293920908 0
38.07895106801868 -0.871050158848829 0
38.07895106801868 -0.5496294364492251 0
38.07895106801868 -0.2603507858027666 0
38.86311658157903 -2.905532132048411 0
38.86311658157903 -2.522790055868764 0
38.86311658157902 -2.097521081727807 0
38.86311658157903 -1.625 0
38.86311658157902 -1.228184293922356 0
38.86311658157902 -0.8710501588498141 0
38.86311658157902 -0.5496294364498179 0
38.86311658157902 -0.2603507858030332 0
39.6592237076405 -2.905532132046722 0
39.65922370764051 -2.522790055867515 0
39.65922370764051 -2.097521081727116 0
39.65922370764051 -1.625 0
39.65922370764051 -1.228184293923825 0
39.65922370764051 -0.8710501588508142 0
39.65922370764051 -0.5496294364504195 0
39.65922370764051 -0.260350785803304 0
40.46745429606479 -2.905532132045006 0
40.46745429606481 -2.522790055866246 0
40.4674542960648 -2.097521081726415 0
40.46745429606481 -1.625 0
40.4674542960648 -1.228184293925317 0
40.4674542960648 -0.8710501588518298 0
40.4674542960648 -0.5496294364510304 0
40.4674542960648 -0.2603507858035788 0
41.28799294788099 -2.905532132043265 0
41.28799294788099 -2.52279005586496 0
41.287992947881 -2.097521081725704 0
41.28799294788099 -1.625 0
41.28799294788099 -1.228184293926831 0
41.28799294788099 -0.8710501588528605 0
41.28799294788099 -0.5496294364516503 0
41.28799294788099 -0.2603507858038578 0
42.12102710010119 -2.905532132041497 0
42.12102710010118 -2.522790055863652 0
42.12102710010119 -2.097521081724982 0
42.12102710010119 -1.625 0
42.12102710010119 -1.22818429392837 0
42.12102710010119 -0.8710501588539072 0
42.12102710010119 -0.54962943645228 0
42.12102710010119 -0.2603507858041411 0
42.96674705531607 -2.905532132039703 0
42.96674705531609 -2.522790055862326 0
42.96674705531608 -2.097521081724249 0
42.96674705531608 -1.625 0
42.96674705531608 -1.22818429392993 0
42.96674705531608 -0.8710501588549695 0
42.96674705531608 -0.5496294364529191 0
42.96674705531609 -0.2603507858044287 0
43.82534601239767 -2.905532132037881 0
43.82534601239765 -2.522790055860979 0
43.82534601239768 -2.097521081723504 0
43.82534601239767 -1.625 0
43.82534601239767 -1.228184293931516 0
43.82534601239767 -0.8710501588560482 0
43.82534601239767 -0.5496294364535679 0
43.82534601239767 -0.2603507858047207 0
44.69702009833677 -2.90553213203603 0
44.69702009833679 -2.52279005585961 0
44.69702009833679 -2.097521081722749 0
44.69702009833678 -1.625 0
44.69702009833678 -1.228184293933124 0
44.69702009833677 -0.8710501588571432 0
44.69702009833678 -0.5496294364542269 0
44.69702009833678 -0.2603507858050171 0
45.58196840124262 -2.905532132034152 0
45.58196840124262 -2.522790055858222 0
45.58196840124262 -2.097521081721982 0
45.58196840124262 -1.625 0
45.58196840124262 -1.228184293934758 0
45.58196840124262 -0.8710501588582553 0
45.58196840124262 -0.5496294364548957 0
45.58196840124262 -0.2603507858053181 0
46.48039306083356 -2.905532132032246 0
46.48039306083354 -2.522790055856813 0
46.48039306083354 -2.097521081721204 0
46.48039306083354 -1.625 0
46.48039306083354 -1.228184293936416 0
46.48039306083354 -0.871050158859384 0
46.48039306083354 -0.5496294364555747 0
46.48039306083354 -0.2603507858056237 0
47.39249930555965 -2.90553213203031 0
47.39249930555963 -2.522790055855381 0
47.39249930555964 -2.097521081720413 0
47.39249930555965 -1.625 0
47.39249930555965 -1.2281842939381 0
47.39249930555965 -0.8710501588605299 0
47.39249930555965 -0.5496294364562639 0
47.39249930555965 -0.2603507858059338 0
48.31849548928438 -2.905532132028345 0
48.31849548928438 -2.522790055853929 0
48.31849548928437 -2.09752108171961 0
48.31849548928438 -1.625 0
48.31849548928438 -1.228184293939809 0
48.31849548928438 -0.8710501588616935 0
48.31849548928438 -0.5496294364569638 0
48.31849548928438 -0.2603507858062487 0
49.25859315910985 -2.90553213202635 0
49.25859315910986 -2.522790055852453 0
49.25859315910985 -2.097521081718795 0
49.25859315910985 -1.625 0
49.25859315910985 -1.228184293941544 0
49.25859315910985 -0.8710501588628742 0
49.25859315910986 -0.5496294364576741 0
49.25859315910986 -0.2603507858065683 0
50.21300703922624 -2.905532132024325 0
50.21300703922625 -2.522790055850956 0
50.21300703922623 -2.097521081717967 0
50.21300703922623 -1.625 0
50.21300703922623 -1.228184293943306 0
50.21300703922623 -0.8710501588640733 0
50.21300703922623 -0.5496294364583956 0
50.21300703922623 -0.2603507858068929 0
51.18195512786045 -2.905532132022268 0
51.18195512786045 -2.522790055849436 0
51.18195512786044 -2.097521081717127 0
51.18195512786044 -1.625 0
51.18195512786046 -1.228184293945095 0
51.18195512786044 -0.8710501588652908 0
51.18195512786043 -0.5496294364591277 0
51.18195512786043 -0.2603507858072224 0
52.16565877001699 -2.905532132020181 0
52.16565877001698 -2.522790055847892 0
52.16565877001698 -2.097521081716274 0
52.16565877001699 -1.625 0
52.16565877001699 -1.228184293946911 0
52.16565877001698 -0.8710501588665267 0
52.16565877001699 -0.5496294364598711 0
52.16565877001698 -0.2603507858075569 0
53.1643426736466 -2.905532132018062 0
53.1643426736466 -2.522790055846325 0
53.1643426736466 -2.09752108171541 0
53.1643426736466 -1.625 0
53.1643426736466 -1.228184293948754 0
53.16434267364661 -0.8710501588677816 0
53.1643426736466 -0.5496294364606258 0
53.1643426736466 -0.2603507858078965 0
54.17823495627277 -2.905532132015911 0
54.17823495627275 -2.522790055844735 0
54.17823495627277 -2.09752108171453 0
54.17823495627275 -1.625 0
54.17823495627277 -1.228184293950626 0
54.17823495627275 -0.8710501588690551 0
54.17823495627273 -0.5496294364613921 0
54.17823495627275 -0.2603507858082414 0
55.20756722040979 -2.905532132013726 0
55.20756722040979 -2.522790055843119 0
55.20756722040979 -2.097521081713638 0
55.20756722040979 -1.625 0
55.20756722040979 -1.228184293952526 0
55.20756722040979 -0.8710501588703483 0
55.20756722040979 -0.5496294364621701 0
55.20756722040979 -0.2603507858085914 0
56.25257460406418 -2.905532132011509 0
56.25257460406416 -2.52279005584148 0
56.25257460406416 -2.097521081712732 0
56.25257460406416 -1.625 0
56.25257460406416 -1.228184293954454 0
56.25257460406416 -0.871050158871661 0
56.25257460406416 -0.5496294364629598 0
56.25257460406416 -0.2603507858089468 0
57.31349580295092 -2.905532132009256 0
57.31349580295092 -2.522790055839815 0
57.31349580295092 -2.097521081711812 0
57.31349580295092 -1.625 0
57.31349580295092 -1.228184293956413 0
57.31349580295092 -0.8710501588729941 0
57.31349580295092 -0.5496294364637615 0
57.31349580295092 -0.2603507858093075 0
58.39057315146039 -2.905532132006972 0
58.39057315146039 -2.522790055838124 0
58.39057315146039 -2.097521081710878 0
58.39057315146039 -1.625 0
58.3905731514604 -1.228184293958401 0
58.39057315146039 -0.8710501588743473 0
58.39057315146039 -0.5496294364645755 0
58.39057315146039 -0.2603507858096737 0
59.48405270526553 -2.905532132004651 0
59.48405270526553 -2.522790055836408 0
59.48405270526553 -2.097521081709931 0
59.48405270526553 -1.625 0
59.48405270526553 -1.22818429396042 0
59.48405270526553 -0.8710501588757211 0
59.48405270526551 -0.5496294364654019 0
59.48405270526555 -0.2603507858100457 0
60.59418424201299 -2.905532132002295 0
60.59418424201299 -2.522790055834667 0
60.594184242013 -2.097521081708968 0
60.594184242013 -1.625 0
60.59418424201299 -1.228184293962468 0
60.594184242013 -0.8710501588771158 0
60.594184242013 -0.5496294364662409 0
60.594184242013 -0.2603507858104232 0
61.7212213174743 -2.905532131999903 0
61.7212213174743 -2.522790055832899 0
61.7212213174743 -2.097521081707991 0
61.7212213174743 -1.625 0
61.7212213174743 -1.228184293964549 0
61.7212213174743 -0.8710501588785315 0
61.7212213174743 -0.5496294364670926 0
61.7212213174743 -0.2603507858108065 0
62.86542138230057 -2.905532131997476 0
62.86542138230058 -2.522790055831104 0
62.86542138230058 -2.097521081707 0
62.86542138230058 -1.625 0
62.86542138230058 -1.228184293966661 0
62.86542138230057 -0.8710501588799692 0
62.86542138230057 -0.5496294364679571 0
62.86542138230058 -0.2603507858111955 0
64.02704581527772 -2.90553213199501 0
64.02704581527772 -2.522790055829281 0
64.02704581527772 -2.097521081705993 0
64.02704581527772 -1.625 0
64.02704581527772 -1.228184293968805 0
64.02704581527772 -0.8710501588814287 0
64.02704581527773 -0.5496294364688352 0
64.02704581527772 -0.2603507858115906 0
65.20635998657202 -2.905532131992508 0
65.20635998657204 -2.522790055827431 0
65.20635998657204 -2.097521081704972 0
65.20635998657202 -1.625 0
65.20635998657202 -1.228184293970982 0
65.20635998657202 -0.8710501588829103 0
65.20635998657202 -0.5496294364697265 0
65.20635998657202 -0.2603507858119916 0
66.40363326654142 -2.905532131989967 0
66.40363326654142 -2.522790055825552 0
66.40363326654142 -2.097521081703932 0
66.40363326654142 -1.625 0
66.40363326654142 -1.228184293973192 0
66.40363326654142 -0.8710501588844143 0
66.40363326654142 -0.5496294364706313 0
66.40363326654142 -0.2603507858123987 0
67.6191391192246 -2.905532131987388 0
67.6191391192246 -2.522790055823645 0
67.6191391192246 -2.097521081702879 0
67.6191391192246 -1.625 0
67.6191391192246 -1.228184293975436 0
67.6191391192246 -0.8710501588859415 0
67.6191391192246 -0.5496294364715499 0
67.6191391192246 -0.2603507858128121 0
68.8531552003291 -2.905532131984769 0
68.8531552003291 -2.522790055821709 0
68.8531552003291 -2.09752108170181 0
68.8531552003291 -1.625 0
68.8531552003291 -1.228184293977713 0
68.8531552003291 -0.8710501588874919 0
68.8531552003291 -0.5496294364724825 0
68.8531552003291 -0.2603507858132318 0
70.10596339922753 -2.90553213198211 0
70.10596339922753 -2.522790055819743 0
70.10596339922752 -2.097521081700724 0
70.10596339922753 -1.625 0
70.10596339922753 -1.228184293980026 0
70.10596339922753 -0.8710501588890658 0
70.10596339922753 -0.5496294364734293 0
70.10596339922753 -0.2603507858136578 0
71.37784991200451 -2.905532131979411 0
71.37784991200452 -2.522790055817748 0
71.37784991200455 -2.097521081699621 0
71.37784991200452 -1.625 0
71.37784991200451 -1.228184293982374 0
71.37784991200452 -0.8710501588906636 0
71.37784991200452 -0.5496294364743906 0
71.37784991200452 -0.2603507858140903 0
72.66910525944384 -2.905532131976671 0
72.66910525944384 -2.522790055815722 0
72.66910525944382 -2.097521081698502 0
72.66910525944384 -1.625 0
72.66910525944382 -1.228184293984757 0
72.66910525944384 -0.871050158892286 0
72.66910525944384 -0.5496294364753664 0
72.66910525944384 -0.2603507858145294 0
73.9800243907455 -2.905532131973889 0
73.9800243907455 -2.522790055813665 0
73.9800243907455 -2.097521081697365 0
73.9800243907455 -1.625 0
73.98002439074551 -1.228184293987177 0
73.9800243907455 -0.871050158893933 0
73.9800243907455 -0.5496294364763572 0
73.98002439074546 -0.2603507858149752 0
75.31090676297562 -2.905532131971065 0
75.31090676297561 -2.522790055811577 0
75.31090676297562 -2.097521081696212 0
75.31090676297562 -1.625 0
75.31090676297562 -1.228184293989634 0
75.31090676297562 -0.871050158895605 0
75.31090676297562 -0.5496294364773631 0
75.31090676297562 -0.2603507858154279 0
76.66205636474376 -2.905532131968198 0
76.66205636474376 -2.522790055809456 0
76.66205636474376 -2.097521081695041 0
76.66205636474376 -1.625 0
76.66205636474376 -1.228184293992128 0
76.66205636474376 -0.8710501588973025 0
76.66205636474376 -0.549629436478384 0
76.66205636474378 -0.2603507858158873 0
78.03378185475087 -2.905532131965286 0
78.03378185475088 -2.522790055807305 0
78.03378185475087 -2.097521081693851 0
78.03378185475087 -1.625 0
78.03378185475088 -1.22818429399466 0
78.03378185475088 -0.8710501588990258 0
78.03378185475088 -0.5496294364794205 0
78.03378185475088 -0.2603507858163537 0
79.4263965917666 -2.905532131962331 0
79.4263965917666 -2.522790055805119 0
79.4263965917666 -2.097521081692644 0
79.4263965917666 -1.625 0
79.4263965917666 -1.22818429399723 0
79.4263965917666 -0.8710501589007754 0
79.4263965917666 -0.549629436480473 0
79.42639659176662 -0.2603507858168274 0
80.84021866357318 -2.905532131959331 0
80.84021866357318 -2.522790055802901 0
80.84021866357317 -2.097521081691419 0
80.84021866357318 -1.625 0
80.84021866357318 -1.22818429399984 0
80.84021866357318 -0.8710501589025519 0
80.84021866357318 -0.5496294364815415 0
80.84021866357317 -0.2603507858173081 0
82.2755710044721 -2.905532131956285 0
82.27557100447211 -2.522790055800649 0
82.27557100447213 -2.097521081690175 0
82.2755710044721 -1.625 0
82.2755710044721 -1.228184294002489 0
82.27557100447211 -0.8710501589043551 0
82.2755710044721 -0.5496294364826264 0
82.27557100447211 -0.2603507858177961 0
83.73278148625923 -2.905532131953193 0
83.73278148625924 -2.522790055798362 0
83.73278148625923 -2.097521081688912 0
83.73278148625924 -1.625 0
83.73278148625924 -1.228184294005179 0
83.73278148625924 -0.8710501589061859 0
83.73278148625923 -0.5496294364837278 0
83.73278148625923 -0.2603507858182917 0
85.21218298442292 -2.905532131950053 0
85.21218298442291 -2.522790055796041 0
85.21218298442292 -2.097521081687629 0
85.21218298442292 -1.625 0
85.21218298442292 -1.22818429400791 0
85.21218298442292 -0.8710501589080444 0
85.21218298442292 -0.5496294364848457 0
85.21218298442292 -0.2603507858187949 0
86.7141134452138 -2.905532131946865 0
86.71411344521383 -2.522790055793684 0
86.71411344521383 -2.097521081686327 0
86.71411344521383 -1.625 0
86.71411344521383 -1.228184294010683 0
86.71411344521384 -0.8710501589099313 0
86.71411344521383 -0.5496294364859806 0
86.71411344521384 -0.2603507858193057 0
88.23891595618865 -2.90553213194363 0
88.23891595618865 -2.522790055791292 0
88.23891595618866 -2.097521081685005 0
88.23891595618865 -1.625 0
88.23891595618866 -1.228184294013497 0
88.23891595618866 -0.8710501589118471 0
88.23891595618865 -0.5496294364871331 0
88.23891595618865 -0.2603507858198241 0
89.78693881772662 -2.905532131940344 0
89.78693881772662 -2.522790055788864 0
89.78693881772662 -2.097521081683664 0
89.78693881772662 -1.625 0
89.78693881772662 -1.228184294016355 0
89.78693881772662 -0.8710501589137919 0
89.78693881772662 -0.549629436488303 0
89.78693881772662 -0.2603507858203505 0
91.358535618123 -2.905532131937011 0
91.358535618123 -2.522790055786397 0
91.35853561812299 -2.097521081682301 0
91.358535618123 -1.625 0
91.358535618123 -1.228184294019256 0
91.358535618123 -0.8710501589157662 0
91.358535618123 -0.5496294364894907 0
91.358535618123 -0.260350785820885 0
92.95406536606333 -2.905532131933624 0
92.9540653660633 -2.522790055783894 0
92.95406536606333 -2.097521081680918 0
92.95406536606332 -1.625 0
92.9540653660633 -1.228184294022201 0
92.9540653660633 -0.8710501589177708 0
92.95406536606332 -0.5496294364906966 0
92.9540653660633 -0.2603507858214276 0
94.57389254404534 -2.905532131930186 0
94.57389254404532 -2.522790055781352 0
94.57389254404532 -2.097521081679514 0
94.57389254404532 -1.625 0
94.57389254404532 -1.228184294025191 0
94.57389254404532 -0.871050158919806 0
94.57389254404534 -0.5496294364919208 0
94.57389254404532 -0.2603507858219785 0
96.21838713229101 -2.905532131926696 0
96.21838713229101 -2.522790055778772 0
96.21838713229101 -2.097521081678088 0
96.21838713229103 -1.625 0
96.218387132291 -1.228184294028226 0
96.218387132291 -0.871050158921872 0
96.21838713229103 -0.5496294364931635 0
96.21838713229103 -0.2603507858225377 0
97.8879247780571 -2.905532131923154 0
97.88792477805714 -2.522790055776153 0
97.8879247780571 -2.097521081676642 0
97.8879247780571 -1.625 0
97.88792477805707 -1.228184294031308 0
97.8879247780571 -0.8710501589239693 0
97.8879247780571 -0.5496294364944254 0
97.8879247780571 -0.2603507858231054 0
99.58288685535797 -2.905532131919558 0
99.58288685535796 -2.522790055773494 0
99.58288685535797 -2.097521081675172 0
99.58288685535796 -1.625 0
99.58288685535796 -1.228184294034437 0
99.58288685535791 -0.8710501589260989 0
99.58288685535796 -0.5496294364957062 0
99.58288685535794 -0.2603507858236818 0
101.3036605260592 -2.905532131915905 0
101.3036605260592 -2.522790055770794 0
101.3036605260592 -2.097521081673681 0
101.3036605260592 -1.625 0
101.3036605260592 -1.228184294037613 0
101.3036605260592 -0.8710501589282609 0
101.3036605260592 -0.5496294364970067 0
101.3036605260592 -0.260350785824267 0
103.050638860396 -2.905532131912198 0
103.050638860396 -2.522790055768052 0
103.0506388603959 -2.097521081672165 0
103.050638860396 -1.625 0
103.050638860396 -1.228184294040837 0
103.050638860396 -0.8710501589304555 0
103.050638860396 -0.549629436498327 0
103.050638860396 -0.260350785824861 0
104.8242209325324 -2.905532131908434 0
104.8242209325324 -2.522790055765269 0
104.8242209325324 -2.097521081670629 0
104.8242209325324 -1.625 0
104.8242209325324 -1.228184294044111 0
104.8242209325324 -0.8710501589326838 0
104.8242209325324 -0.5496294364996672 0
104.8242209325324 -0.2603507858254642 0
106.6248118903965 -2.905532131904613 0
106.6248118903965 -2.522790055762445 0
106.6248118903965 -2.097521081669068 0
106.6248118903965 -1.625 0
106.6248118903965 -1.228184294047435 0
106.6248118903965 -0.8710501589349459 0
106.6248118903965 -0.5496294365010281 0
106.6248118903965 -0.2603507858260765 0
108.4528230279669 -2.905532131900733 0
108.452823027967 -2.522790055759576 0
108.4528230279669 -2.097521081667483 0
108.4528230279669 -1.625 0
108.4528230279669 -1.228184294050809 0
108.4528230279669 -0.8710501589372426 0
108.452823027967 -0.5496294365024097 0
108.4528230279669 -0.2603507858266981 0
110.3086718878573 -2.905532131896795 0
110.3086718878574 -2.522790055756665 0
110.3086718878574 -2.097521081665875 0
110.3086718878574 -1.625 0
110.3086718878574 -1.228184294054235 0
110.3086718878574 -0.8710501589395743 0
110.3086718878574 -0.5496294365038121 0
110.3086718878574 -0.2603507858273292 0
112.1927823967776 -2.905532131892797 0
112.1927823967776 -2.522790055753708 0
112.1927823967776 -2.097521081664242 0
112.1927823967776 -1.625 0
112.1927823967776 -1.228184294057713 0
112.1927823967776 -0.8710501589419412 0
112.1927823967776 -0.5496294365052359 0
112.1927823967776 -0.26035078582797 0
114.1055849462537 -2.905532131888738 0
114.1055849462537 -2.522790055750707 0
114.1055849462537 -2.097521081662584 0
114.1055849462538 -1.625 0
114.1055849462537 -1.228184294061244 0
114.1055849462538 -0.8710501589443442 0
114.1055849462538 -0.5496294365066816 0
114.1055849462538 -0.2603507858286204 0
116.047516476879 -2.905532131884616 0
116.047516476879 -2.52279005574766 0
116.0475164768789 -2.0975210816609 0
116.047516476879 -1.625 0
116.047516476879 -1.228184294064828 0
116.047516476879 -0.8710501589467841 0
116.047516476879 -0.5496294365081491 0
116.047516476879 -0.2603507858292808 0
118.0190205650178 -2.905532131880433 0
118.0190205650178 -2.522790055744567 0
118.0190205650178 -2.097521081659191 0
118.0190205650178 -1.625 0
118.0190205650178 -1.228184294068468 0
118.0190205650177 -0.8710501589492612 0
118.0190205650178 -0.549629436509639 0
118.0190205650178 -0.2603507858299514 0
120.0205475411024 -2.905532131876186 0
120.0205475411025 -2.522790055741426 0
120.0205475411024 -2.097521081657455 0
120.0205475411024 -1.625 0
120.0205475411025 -1.228184294072162 0
120.0205475411024 -0.8710501589517756 0
120.0205475411024 -0.5496294365111518 0
120.0205475411024 -0.2603507858306319 0
122.052554610789 -2.905532131871873 0
122.052554610789 -2.522790055738238 0
122.052554610789 -2.097521081655695 0
122.052554610789 -1.625 0
122.052554610789 -1.228184294075912 0
122.052554610789 -0.8710501589543287 0
122.052554610789 -0.5496294365126873 0
122.052554610789 -0.2603507858313229 0
124.1155059514412 -2.905532131867496 0
124.1155059514412 -2.522790055735001 0
124.1155059514412 -2.097521081653907 0
124.1155059514412 -1.625 0
124.1155059514412 -1.228184294079721 0
124.1155059514413 -0.8710501589569204 0
124.1155059514412 -0.5496294365142464 0
124.1155059514412 -0.2603507858320246 0
126.2098728120121 -2.905532131863052 0
126.2098728120121 -2.522790055731716 0
126.2098728120121 -2.097521081652091 0
126.2098728120121 -1.625 0
126.2098728120121 -1.228184294083586 0
126.2098728120121 -0.8710501589595516 0
126.2098728120121 -0.5496294365158292 0
126.2098728120121 -0.2603507858327367 0
128.3361335871318 -2.90553213185854 0
128.3361335871318 -2.52279005572838 0
128.3361335871318 -2.097521081650248 0
128.3361335871318 -1.625 0
128.3361335871318 -1.228184294087511 0
128.3361335871318 -0.8710501589622227 0
128.3361335871318 -0.5496294365174361 0
128.3361335871318 -0.2603507858334598 0
130.4947739507209 -2.905532131853959 0
130.4947739507209 -2.522790055724992 0
130.4947739507209 -2.097521081648376 0
130.4947739507209 -1.625 0
130.4947739507209 -1.228184294091496 0
130.4947739507209 -0.8710501589649349 0
130.4947739507209 -0.5496294365190675 0
130.4947739507209 -0.2603507858341938 0
132.6862870219319 -2.905532131849308 0
132.6862870219319 -2.522790055721553 0
132.6862870219319 -2.097521081646478 0
132.6862870219319 -1.625 0
132.6862870219319 -1.228184294095541 0
132.6862870219319 -0.8710501589676882 0
132.6862870219319 -0.5496294365207237 0
132.6862870219319 -0.2603507858349391 0
134.9111733944935 -2.905532131844586 0
134.9111733944935 -2.522790055718062 0
134.9111733944934 -2.097521081644548 0
134.9111733944935 -1.625 0
134.9111733944935 -1.228184294099648 0
134.9111733944935 -0.8710501589704832 0
134.9111733944935 -0.5496294365224053 0
134.9111733944935 -0.2603507858356957 0
137.1699412787393 -2.905532131839793 0
137.1699412787393 -2.522790055714519 0
137.1699412787393 -2.097521081642591 0
137.1699412787393 -1.625 0
137.1699412787393 -1.228184294103817 0
137.1699412787393 -0.8710501589733212 0
137.1699412787393 -0.5496294365241121 0
137.1699412787393 -0.2603507858364638 0
139.4631066513971 -2.905532131834927 0
139.4631066513971 -2.52279005571092 0
139.4631066513971 -2.097521081640603 0
139.4631066513971 -1.625 0
139.4631066513971 -1.22818429410805 0
139.4631066513971 -0.8710501589762021 0
139.4631066513971 -0.5496294365258452 0
139.4631066513972 -0.2603507858372436 0
141.7911933211323 -2.905532131829986 0
141.7911933211323 -2.522790055707267 0
141.7911933211323 -2.097521081638585 0
141.7911933211323 -1.625 0
141.7911933211323 -1.228184294112348 0
141.7911933211323 -0.8710501589791271 0
141.7911933211323 -0.5496294365276047 0
141.7911933211323 -0.2603507858380354 0
144.1547330839234 -2.905532131824971 0
144.1547330839234 -2.522790055703559 0
144.1547330839234 -2.097521081636535 0
144.1547330839234 -1.625 0
144.1547330839234 -1.22818429411671 0
144.1547330839234 -0.8710501589820965 0
144.1547330839234 -0.5496294365293908 0
144.1547330839234 -0.2603507858388391 0
146.554265825048 -2.905532131819879 0
146.5542658250479 -2.522790055699795 0
146.5542658250479 -2.097521081634456 0
146.5542658250479 -1.625 0
146.5542658250479 -1.228184294121139 0
146.5542658250479 -0.8710501589851112 0
146.5542658250479 -0.5496294365312044 0
146.5542658250479 -0.2603507858396551 0
148.9903396812195 -2.905532131814709 0
148.9903396812195 -2.522790055695972 0
148.9903396812195 -2.097521081632344 0
148.9903396812195 -1.625 0
148.9903396812195 -1.228184294125636 0
148.9903396812195 -0.8710501589881716 0
148.9903396812195 -0.5496294365330452 0
148.9903396812195 -0.2603507858404836 0
151.4635111230615 -2.905532131809461 0
151.4635111230615 -2.522790055692091 0
151.4635111230615 -2.0975210816302 0
151.4635111230615 -1.625 0
151.4635111230615 -1.228184294130201 0
151.4635111230615 -0.8710501589912787 0
151.4635111230615 -0.5496294365349144 0
151.4635111230615 -0.2603507858413246 0
153.9743450671924 -2.905532131804133 0
153.9743450671924 -2.522790055688152 0
153.9743450671924 -2.097521081628023 0
153.9743450671924 -1.625 0
153.9743450671924 -1.228184294134836 0
153.9743450671924 -0.8710501589944333 0
153.9743450671924 -0.549629436536812 0
153.9743450671924 -0.2603507858421785 0
156.5234150504154 -2.905532131798723 0
156.5234150504154 -2.522790055684152 0
156.5234150504154 -2.097521081625815 0
156.5234150504154 -1.625 0
156.5234150504154 -1.228184294139542 0
156.5234150504154 -0.8710501589976358 0
156.5234150504155 -0.5496294365387384 0
156.5234150504155 -0.2603507858430453 0
159.1113033509505 -2.905532131793231 0
159.1113033509505 -2.522790055680092 0
159.1113033509505 -2.097521081623571 0
159.1113033509505 -1.625 0
159.1113033509505 -1.228184294144318 0
159.1113033509505 -0.871050159000887 0
159.1113033509505 -0.5496294365406942 0
159.1113033509505 -0.2603507858439252 0
161.7386011139551 -2.905532131787655 0
161.7386011139551 -2.52279005567597 0
161.7386011139551 -2.097521081621294 0
161.7386011139551 -1.625 0
161.7386011139551 -1.228184294149168 0
161.7386011139551 -0.8710501590041879 0
161.7386011139551 -0.5496294365426797 0
161.7386011139551 -0.2603507858448187 0
164.4059084805646 -2.905532131781995 0
164.4059084805646 -2.522790055671785 0
164.4059084805646 -2.097521081618982 0
164.4059084805646 -1.625 0
164.4059084805646 -1.228184294154092 0
164.4059084805646 -0.8710501590075388 0
164.4059084805646 -0.5496294365446954 0
164.4059084805646 -0.2603507858457258 0
167.113834749552 -2.905532131776249 0
167.113834749552 -2.522790055667536 0
167.113834749552 -2.097521081616634 0
167.113834749552 -1.625 0
167.113834749552 -1.22818429415909 0
167.113834749552 -0.871050159010941 0
167.113834749552 -0.549629436546742 0
167.113834749552 -0.2603507858466466 0
169.8629984872494 -2.905532131770415 0
169.8629984872493 -2.522790055663222 0
169.8629984872493 -2.097521081614251 0
169.8629984872493 -1.625 0
169.8629984872493 -1.228184294164165 0
169.8629984872493 -0.8710501590143949 0
169.8629984872493 -0.5496294365488197 0
169.8629984872493 -0.2603507858475815 0
172.6540276685745 -2.905532131764493 0
172.6540276685745 -2.522790055658843 0
172.6540276685745 -2.097521081611831 0
172.6540276685745 -1.625 0
172.6540276685745 -1.228184294169316 0
172.6540276685745 -0.8710501590179014 0
172.6540276685745 -0.5496294365509289 0
172.6540276685745 -0.2603507858485307 0
175.4875598236556 -2.90553213175848 0
175.4875598236556 -2.522790055654397 0
175.4875598236556 -2.097521081609375 0
175.4875598236556 -1.625 0
175.4875598236556 -1.228184294174546 0
175.4875598236556 -0.8710501590214613 0
175.4875598236556 -0.5496294365530703 0
175.4875598236555 -0.2603507858494943 0
178.364242215758 -2.905532131752374 0
178.364242215758 -2.522790055649884 0
178.3642422157579 -2.097521081606882 0
178.364242215758 -1.625 0
178.3642422157579 -1.228184294179857 0
178.364242215758 -0.8710501590250754 0
178.3642422157579 -0.5496294365552443 0
178.364242215758 -0.2603507858504725 0
181.2847319695674 -2.905532131746177 0
181.2847319695674 -2.522790055645301 0
181.2847319695674 -2.09752108160435 0
181.2847319695674 -1.625 0
181.2847319695674 -1.228184294185248 0
181.2847319695674 -0.8710501590287443 0
181.2847319695674 -0.5496294365574514 0
181.2847319695674 -0.2603507858514657 0
184.2496961729686 -2.905532131739885 0
184.2496961729686 -2.522790055640649 0
184.2496961729686 -2.09752108160178 0
184.2496961729686 -1.625 0
184.2496961729686 -1.228184294190721 0
184.2496961729686 -0.8710501590324694 0
184.2496961729686 -0.5496294365596923 0
184.2496961729686 -0.260350785852474 0
187.2598120974305 -2.905532131733497 0
187.2598120974305 -2.522790055635926 0
187.2598120974303 -2.097521081599171 0
187.2598120974304 -1.625 0
187.2598120974304 -1.228184294196276 0
187.2598120974304 -0.871050159036251 0
187.2598120974304 -0.5496294365619672 0
187.2598120974304 -0.2603507858534976 0
190.3157673673488 -2.905532131727012 0
190.3157673673489 -2.522790055631131 0
190.3157673673488 -2.097521081596522 0
190.3157673673488 -1.625 0
190.3157673673488 -1.228184294201917 0
190.3157673673488 -0.8710501590400905 0
190.3157673673489 -0.5496294365642767 0
190.3157673673488 -0.2603507858545367 0
193.4182600494645 -2.905532131720427 0
193.4182600494645 -2.522790055626264 0
193.4182600494645 -2.097521081593833 0
193.4182600494645 -1.625 0
193.4182600494645 -1.228184294207644 0
193.4182600494644 -0.8710501590439884 0
193.4182600494645 -0.5496294365666213 0
193.4182600494645 -0.2603507858555919 0
196.5679988014959 -2.905532131713743 0
196.5679988014959 -2.522790055621321 0
196.5679988014959 -2.097521081591102 0
196.5679988014959 -1.625 0
196.5679988014959 -1.228184294213458 0
196.5679988014959 -0.8710501590479454 0
196.5679988014959 -0.5496294365690018 0
196.5679988014959 -0.2603507858566629 0
199.765703111648 -2.905532131706958 0
199.765703111648 -2.522790055616304 0
199.765703111648 -2.09752108158833 0
199.765703111648 -1.625 0
199.765703111648 -1.228184294219361 0
199.765703111648 -0.8710501590519628 0
199.765703111648 -0.5496294365714183 0
199.765703111648 -0.2603507858577505 0
203.0121034312221 -2.90553213170007 0
203.0121034312221 -2.52279005561121 0
203.0121034312221 -2.097521081585517 0
203.0121034312221 -1.625 0
203.0121034312221 -1.228184294225353 0
203.012103431222 -0.8710501590560413 0
203.012103431222 -0.5496294365738716 0
203.0121034312221 -0.2603507858588545 0
206.3079413104804 -2.905532131693076 0
206.3079413104804 -2.522790055606039 0
206.3079413104804 -2.097521081582659 0
206.3079413104804 -1.625 0
206.3079413104804 -1.228184294231437 0
206.3079413104805 -0.8710501590601822 0
206.3079413104804 -0.5496294365763625 0
206.3079413104804 -0.2603507858599752 0
209.6539696248775 -2.905532131685974 0
209.6539696248774 -2.522790055600789 0
209.6539696248774 -2.097521081579759 0
209.6539696248774 -1.625 0
209.6539696248774 -1.228184294237613 0
209.6539696248774 -0.871050159064386 0
209.6539696248773 -0.5496294365788912 0
209.6539696248774 -0.260350785861113 0
213.0509526947323 -2.905532131678765 0
213.0509526947322 -2.522790055595459 0
213.0509526947322 -2.097521081576814 0
213.0509526947322 -1.625 0
213.0509526947322 -1.228184294243884 0
213.0509526947323 -0.8710501590686536 0
213.0509526947322 -0.5496294365814585 0
213.0509526947322 -0.2603507858622682 0
216.4996664639506 -2.905532131671447 0
216.4996664639506 -2.522790055590049 0
216.4996664639507 -2.097521081573825 0
216.4996664639506 -1.625 0
216.4996664639506 -1.228184294250249 0
216.4996664639506 -0.8710501590729864 0
216.4996664639506 -0.5496294365840648 0
216.4996664639506 -0.260350785863441 0
220.0008987148682 -2.905532131664017 0
220.0008987148682 -2.522790055584555 0
220.0008987148682 -2.09752108157079 0
220.0008987148682 -1.625 0
220.0008987148682 -1.228184294256712 0
220.0008987148682 -0.8710501590773851 0
220.0008987148682 -0.5496294365867107 0
220.0008987148682 -0.2603507858646317 0
223.5554492306408 -2.905532131656474 0
223.5554492306408 -2.522790055578978 0
223.5554492306407 -2.097521081567709 0
223.5554492306408 -1.625 0
223.5554492306408 -1.228184294263273 0
223.5554492306408 -0.8710501590818509 0
223.5554492306407 -0.5496294365893972 0
223.5554492306407 -0.2603507858658404 0
227.1641299641554 -2.905532131648816 0
227.1641299641554 -2.522790055573315 0
227.1641299641554 -2.09752108156458 0
227.1641299641554 -1.625 0
227.1641299641554 -1.228184294269935 0
227.1641299641554 -0.8710501590863847 0
227.1641299641554 -0.5496294365921244 0
227.1641299641554 -0.2603507858670676 0
230.8277652110306 -2.905532131641041 0
230.8277652110305 -2.522790055567567 0
230.8277652110306 -2.097521081561404 0
230.8277652110306 -1.625 0
230.8277652110306 -1.228184294276697 0
230.8277652110305 -0.8710501590909875 0
230.8277652110306 -0.5496294365948931 0
230.8277652110306 -0.2603507858683135 0
234.5471918456838 -2.905532131633148 0
234.5471918456838 -2.522790055561732 0
234.5471918456838 -2.09752108155818 0
234.5471918456838 -1.625 0
234.5471918456839 -1.228184294283563 0
234.5471918456839 -0.8710501590956603 0
234.5471918456839 -0.5496294365977041 0
234.5471918456838 -0.2603507858695783 0
238.323259507152 -2.905532131625135 0
238.323259507152 -2.522790055555807 0
238.323259507152 -2.097521081554907 0
238.323259507152 -1.625 0
238.323259507152 -1.228184294290534 0
238.323259507152 -0.8710501591004043 0
238.323259507152 -0.5496294366005579 0
238.323259507152 -0.2603507858708624 0
242.1568307339469 -2.905532131617 0
242.1568307339469 -2.522790055549792 0
242.1568307339469 -2.097521081551585 0
242.1568307339469 -1.625 0
242.1568307339469 -1.22818429429761 0
242.1568307339469 -0.8710501591052207 0
242.1568307339469 -0.5496294366034551 0
242.1568307339469 -0.2603507858721661 0
246.0487812161147 -2.905532131608741 0
246.0487812161147 -2.522790055543685 0
246.0487812161147 -2.097521081548211 0
246.0487812161147 -1.625 0
246.0487812161147 -1.228184294304793 0
246.0487812161147 -0.8710501591101103 0
246.0487812161146 -0.5496294366063963 0
246.0487812161147 -0.2603507858734896 0
250 -2.905532131600355 0
250 -2.522790055537485 0
250 -2.097521081544786 0
250 -1.625 0
250 -1.228184294312087 0
250 -0.8710501591150743 0
250 -0.5496294366093823 0
250 -0.2603507858748333 0
253.9512187562943 -2.905532131591971 0
253.9512187562942 -2.522790055531286 0
253.9512187562943 -2.09752108154136 0
253.9512187562942 -1.625 0
253.9512187562943 -1.22818429431938 0
253.9512187562943 -0.8710501591200384 0
253.9512187562942 -0.5496294366123684 0
253.9512187562942 -0.2603507858761769 0
257.8431692390116 -2.905532131583712 0
257.8431692390116 -2.52279005552518 0
257.8431692390116 -2.097521081537987 0
257.8431692390116 -1.625 0
257.8431692390116 -1.228184294326564 0
257.8431692390116 -0.8710501591249282 0
257.8431692390116 -0.5496294366153098 0
257.8431692390116 -0.2603507858775004 0
261.6767404663458 -2.905532131575577 0
261.6767404663457 -2.522790055519164 0
261.6767404663458 -2.097521081534664 0
261.6767404663458 -1.625 0
261.6767404663458 -1.22818429433364 0
261.6767404663458 -0.8710501591297444 0
261.6767404663458 -0.5496294366182068 0
261.6767404663457 -0.2603507858788041 0
265.4528081283433 -2.905532131567564 0
265.4528081283433 -2.52279005551324 0
265.4528081283433 -2.097521081531391 0
265.4528081283433 -1.625 0
265.4528081283433 -1.228184294340611 0
265.4528081283433 -0.8710501591344884 0
265.4528081283433 -0.5496294366210606 0
265.4528081283433 -0.2603507858800883 0
269.1722347635159 -2.90553213155967 0
269.1722347635159 -2.522790055507404 0
269.1722347635159 -2.097521081528167 0
269.1722347635159 -1.625 0
269.1722347635159 -1.228184294347477 0
269.1722347635159 -0.8710501591391613 0
269.1722347635159 -0.5496294366238716 0
269.1722347635159 -0.2603507858813531 0
272.8358700109011 -2.905532131551896 0
272.8358700109012 -2.522790055501655 0
272.8358700109012 -2.097521081524991 0
272.8358700109012 -1.625 0
272.8358700109012 -1.228184294354239 0
272.8358700109012 -0.871050159143764 0
272.8358700109012 -0.5496294366266403 0
272.8358700109013 -0.260350785882599 0
276.4445507449162 -2.905532131544239 0
276.4445507449162 -2.522790055495993 0
276.4445507449162 -2.097521081521863 0
276.4445507449163 -1.625 0
276.4445507449162 -1.2281842943609 0
276.4445507449163 -0.8710501591482978 0
276.4445507449163 -0.5496294366293675 0
276.4445507449163 -0.2603507858838261 0
279.9991012611794 -2.905532131536694 0
279.9991012611795 -2.522790055490416 0
279.9991012611795 -2.097521081518782 0
279.9991012611795 -1.625 0
279.9991012611795 -1.228184294367461 0
279.9991012611795 -0.8710501591527635 0
279.9991012611795 -0.549629436632054 0
279.9991012611795 -0.2603507858850349 0
283.5003335125783 -2.905532131529264 0
283.5003335125783 -2.522790055484923 0
283.5003335125783 -2.097521081515747 0
283.5003335125783 -1.625 0
283.5003335125783 -1.228184294373924 0
283.5003335125783 -0.8710501591571624 0
283.5003335125783 -0.5496294366346999 0
283.5003335125784 -0.2603507858862255 0
286.949047282269 -2.905532131521946 0
286.949047282269 -2.522790055479512 0
286.949047282269 -2.097521081512757 0
286.949047282269 -1.625 0
286.949047282269 -1.22818429438029 0
286.949047282269 -0.871050159161495 0
286.949047282269 -0.5496294366373062 0
286.949047282269 -0.2603507858873983 0
290.3460303525873 -2.905532131514736 0
290.3460303525873 -2.522790055474181 0
290.3460303525873 -2.097521081509812 0
290.3460303525873 -1.625 0
290.3460303525873 -1.22818429438656 0
290.3460303525873 -0.8710501591657629 0
290.3460303525873 -0.5496294366398735 0
290.3460303525873 -0.2603507858885535 0
293.6920586674389 -2.905532131507636 0
293.6920586674387 -2.522790055468932 0
293.6920586674388 -2.097521081506912 0
293.6920586674388 -1.625 0
293.6920586674388 -1.228184294392736 0
293.6920586674388 -0.8710501591699666 0
293.6920586674388 -0.5496294366424022 0
293.6920586674388 -0.2603507858896913 0
296.9878965471432 -2.905532131500643 0
296.9878965471433 -2.52279005546376 0
296.9878965471433 -2.097521081504055 0
296.9878965471433 -1.625 0
296.9878965471433 -1.22818429439882 0
296.9878965471433 -0.8710501591741073 0
296.9878965471432 -0.5496294366448931 0
296.9878965471432 -0.2603507858908122 0
300.2342968671551 -2.905532131493753 0
300.2342968671551 -2.522790055458667 0
300.2342968671551 -2.097521081501241 0
300.2342968671551 -1.625 0
300.2342968671551 -1.228184294404813 0
300.2342968671551 -0.8710501591781857 0
300.2342968671551 -0.5496294366473464 0
300.2342968671551 -0.2603507858919162 0
303.4320011777367 -2.905532131486967 0
303.4320011777367 -2.522790055453649 0
303.4320011777367 -2.09752108149847 0
303.4320011777367 -1.625 0
303.4320011777367 -1.228184294410716 0
303.4320011777367 -0.8710501591822033 0
303.4320011777367 -0.5496294366497629 0
303.4320011777367 -0.2603507858930035 0
306.5817399301895 -2.905532131480284 0
306.5817399301895 -2.522790055448707 0
306.5817399301894 -2.097521081495739 0
306.5817399301895 -1.625 0
306.5817399301895 -1.228184294416529 0
306.5817399301895 -0.8710501591861604 0
306.5817399301894 -0.5496294366521433 0
306.5817399301895 -0.2603507858940747 0
309.6842326127189 -2.905532131473699 0
309.6842326127188 -2.522790055443839 0
309.6842326127188 -2.09752108149305 0
309.6842326127188 -1.625 0
309.6842326127188 -1.228184294422256 0
309.6842326127188 -0.8710501591900583 0
309.6842326127188 -0.549629436654488 0
309.6842326127188 -0.2603507858951297 0
312.7401878830428 -2.905532131467214 0
312.7401878830427 -2.522790055439045 0
312.7401878830428 -2.0975210814904 0
312.7401878830428 -1.625 0
312.7401878830428 -1.228184294427897 0
312.7401878830428 -0.8710501591938975 0
312.7401878830428 -0.5496294366567975 0
312.7401878830428 -0.260350785896169 0
315.7503038079026 -2.905532131460826 0
315.7503038079024 -2.522790055434321 0
315.7503038079025 -2.097521081487792 0
315.7503038079025 -1.625 0
315.7503038079025 -1.228184294433453 0
315.7503038079025 -0.8710501591976794 0
315.7503038079025 -0.5496294366590724 0
315.7503038079025 -0.2603507858971926 0
318.715268011694 -2.905532131454534 0
318.715268011694 -2.522790055429669 0
318.7152680116941 -2.097521081485221 0
318.715268011694 -1.625 0
318.715268011694 -1.228184294438926 0
318.715268011694 -0.8710501592014043 0
318.715268011694 -0.5496294366613133 0
318.715268011694 -0.260350785898201 0
321.635757765886 -2.905532131448336 0
321.635757765886 -2.522790055425087 0
321.635757765886 -2.09752108148269 0
321.635757765886 -1.625 0
321.635757765886 -1.228184294444317 0
321.635757765886 -0.8710501592050734 0
321.635757765886 -0.5496294366635204 0
321.635757765886 -0.2603507858991941 0
324.5124401583643 -2.905532131442233 0
324.5124401583642 -2.522790055420574 0
324.5124401583642 -2.097521081480196 0
324.5124401583643 -1.625 0
324.5124401583643 -1.228184294449627 0
324.5124401583643 -0.8710501592086874 0
324.5124401583643 -0.5496294366656944 0
324.5124401583642 -0.2603507859001723 0
327.3459723138139 -2.90553213143622 0
327.3459723138141 -2.522790055416128 0
327.3459723138139 -2.09752108147774 0
327.3459723138139 -1.625 0
327.3459723138139 -1.228184294454857 0
327.3459723138139 -0.8710501592122475 0
327.3459723138139 -0.5496294366678356 0
327.3459723138139 -0.2603507859011359 0
330.1370014955004 -2.905532131430296 0
330.1370014955005 -2.522790055411749 0
330.1370014955005 -2.097521081475321 0
330.1370014955005 -1.625 0
330.1370014955004 -1.228184294460009 0
330.1370014955005 -0.8710501592157538 0
330.1370014955004 -0.549629436669945 0
330.1370014955005 -0.2603507859020849 0
332.8861652335528 -2.905532131424462 0
332.8861652335528 -2.522790055407436 0
332.8861652335529 -2.097521081472938 0
332.8861652335528 -1.625 0
332.8861652335528 -1.228184294465084 0
332.8861652335528 -0.8710501592192079 0
332.8861652335528 -0.5496294366720227 0
332.8861652335528 -0.2603507859030199 0
335.5940915028881 -2.905532131418715 0
335.5940915028881 -2.522790055403187 0
335.5940915028881 -2.09752108147059 0
335.5940915028881 -1.625 0
335.5940915028881 -1.228184294470082 0
335.5940915028881 -0.8710501592226099 0
335.5940915028881 -0.5496294366740693 0
335.5940915028881 -0.2603507859039408 0
338.261398869839 -2.905532131413056 0
338.2613988698389 -2.522790055399001 0
338.2613988698388 -2.097521081468278 0
338.2613988698389 -1.625 0
338.2613988698389 -1.228184294475005 0
338.2613988698389 -0.871050159225961 0
338.2613988698389 -0.549629436676085 0
338.2613988698389 -0.2603507859048478 0
340.8886966331783 -2.90553213140748 0
340.8886966331783 -2.522790055394879 0
340.8886966331782 -2.097521081466 0
340.8886966331783 -1.625 0
340.8886966331783 -1.228184294479855 0
340.8886966331782 -0.8710501592292617 0
340.8886966331783 -0.5496294366780705 0
340.8886966331783 -0.2603507859057412 0
343.4765849340418 -2.905532131401989 0
343.4765849340418 -2.522790055390818 0
343.4765849340419 -2.097521081463757 0
343.4765849340419 -1.625 0
343.4765849340419 -1.228184294484632 0
343.4765849340418 -0.8710501592325131 0
343.4765849340418 -0.5496294366800263 0
343.4765849340419 -0.2603507859066213 0
346.0256549175867 -2.905532131396579 0
346.0256549175866 -2.522790055386819 0
346.0256549175866 -2.097521081461547 0
346.0256549175867 -1.625 0
346.0256549175866 -1.228184294489338 0
346.0256549175867 -0.8710501592357156 0
346.0256549175867 -0.5496294366819527 0
346.0256549175867 -0.2603507859074882 0
348.5364888620336 -2.905532131391251 0
348.5364888620337 -2.52279005538288 0
348.5364888620336 -2.097521081459372 0
348.5364888620337 -1.625 0
348.5364888620337 -1.228184294493972 0
348.5364888620337 -0.87105015923887 0
348.5364888620337 -0.5496294366838503 0
348.5364888620337 -0.260350785908342 0
351.0096603041854 -2.905532131386002 0
351.0096603041855 -2.522790055378999 0
351.0096603041854 -2.097521081457227 0
351.0096603041855 -1.625 0
351.0096603041855 -1.228184294498537 0
351.0096603041855 -0.8710501592419772 0
351.0096603041855 -0.5496294366857193 0
351.0096603041855 -0.260350785909183 0
353.445734160661 -2.905532131380833 0
353.4457341606612 -2.522790055375177 0
353.445734160661 -2.097521081455116 0
353.4457341606611 -1.625 0
353.4457341606611 -1.228184294503034 0
353.4457341606611 -0.8710501592450377 0
353.4457341606611 -0.5496294366875603 0
353.4457341606611 -0.2603507859100115 0
355.8452669020836 -2.905532131375741 0
355.8452669020835 -2.522790055371412 0
355.8452669020835 -2.097521081453036 0
355.8452669020836 -1.625 0
355.8452669020835 -1.228184294507463 0
355.8452669020835 -0.8710501592480524 0
355.8452669020834 -0.5496294366893739 0
355.8452669020836 -0.2603507859108275 0
358.2088066651668 -2.905532131370725 0
358.2088066651669 -2.522790055367703 0
358.208806665167 -2.097521081450987 0
358.2088066651669 -1.625 0
358.2088066651669 -1.228184294511826 0
358.2088066651669 -0.8710501592510216 0
358.2088066651668 -0.54962943669116 0
358.2088066651669 -0.2603507859116312 0
360.5368933351891 -2.905532131365786 0
360.5368933351891 -2.522790055364051 0
360.5368933351891 -2.097521081448969 0
360.5368933351891 -1.625 0
360.5368933351891 -1.228184294516124 0
360.5368933351891 -0.8710501592539466 0
360.5368933351891 -0.5496294366929195 0
360.5368933351891 -0.2603507859124229 0
362.830058708128 -2.905532131360919 0
362.8300587081279 -2.522790055360453 0
362.830058708128 -2.09752108144698 0
362.830058708128 -1.625 0
362.830058708128 -1.228184294520356 0
362.8300587081281 -0.8710501592568276 0
362.8300587081281 -0.5496294366946524 0
362.8300587081281 -0.2603507859132028 0
365.0888265926496 -2.905532131356126 0
365.0888265926496 -2.522790055356908 0
365.0888265926496 -2.097521081445023 0
365.0888265926496 -1.625 0
365.0888265926496 -1.228184294524526 0
365.0888265926497 -0.8710501592596653 0
365.0888265926496 -0.5496294366963594 0
365.0888265926496 -0.2603507859139708 0
367.3137129654818 -2.905532131351404 0
367.3137129654818 -2.522790055353417 0
367.3137129654819 -2.097521081443094 0
367.3137129654818 -1.625 0
367.3137129654818 -1.228184294528633 0
367.3137129654818 -0.8710501592624607 0
367.3137129654817 -0.549629436698041 0
367.3137129654818 -0.2603507859147275 0
369.5052260369578 -2.905532131346753 0
369.5052260369577 -2.522790055349978 0
369.5052260369579 -2.097521081441195 0
369.5052260369578 -1.625 0
369.5052260369578 -1.228184294532678 0
369.5052260369578 -0.8710501592652137 0
369.5052260369578 -0.5496294366996972 0
369.5052260369578 -0.2603507859154727 0
371.6638664008073 -2.905532131342173 0
371.6638664008073 -2.522790055346592 0
371.6638664008073 -2.097521081439324 0
371.6638664008072 -1.625 0
371.6638664008071 -1.228184294536663 0
371.6638664008072 -0.8710501592679258 0
371.6638664008072 -0.5496294367013286 0
371.6638664008073 -0.2603507859162068 0
373.7901271761718 -2.90553213133766 0
373.7901271761717 -2.522790055343255 0
373.7901271761718 -2.09752108143748 0
373.7901271761718 -1.625 0
373.7901271761718 -1.228184294540587 0
373.7901271761719 -0.8710501592705971 0
373.7901271761718 -0.5496294367029355 0
373.7901271761719 -0.2603507859169299 0
375.8844940369866 -2.905532131333216 0
375.8844940369865 -2.52279005533997 0
375.8844940369864 -2.097521081435665 0
375.8844940369865 -1.625 0
375.8844940369866 -1.228184294544453 0
375.8844940369866 -0.8710501592732285 0
375.8844940369865 -0.5496294367045182 0
375.8844940369865 -0.260350785917642 0
377.9474453778844 -2.905532131328838 0
377.9474453778843 -2.522790055336733 0
377.9474453778843 -2.097521081433876 0
377.9474453778843 -1.625 0
377.9474453778843 -1.228184294548261 0
377.9474453778843 -0.8710501592758202 0
377.9474453778843 -0.5496294367060772 0
377.9474453778842 -0.2603507859183437 0
379.9794524478116 -2.905532131324526 0
379.9794524478116 -2.522790055333545 0
379.9794524478116 -2.097521081432116 0
379.9794524478116 -1.625 0
379.9794524478116 -1.228184294552012 0
379.9794524478116 -0.871050159278373 0
379.9794524478116 -0.5496294367076129 0
379.9794524478116 -0.2603507859190346 0
381.9809794241323 -2.905532131320279 0
381.9809794241322 -2.522790055330405 0
381.9809794241323 -2.097521081430381 0
381.9809794241323 -1.625 0
381.9809794241323 -1.228184294555706 0
381.9809794241323 -0.8710501592808877 0
381.9809794241323 -0.5496294367091256 0
381.9809794241323 -0.2603507859197153 0
383.9524835124222 -2.905532131316095 0
383.952483512422 -2.522790055327311 0
383.952483512422 -2.097521081428672 0
383.952483512422 -1.625 0
383.9524835124222 -1.228184294559346 0
383.952483512422 -0.8710501592833646 0
383.952483512422 -0.5496294367106155 0
383.9524835124221 -0.2603507859203856 0
385.8944150433551 -2.905532131311973 0
385.8944150433551 -2.522790055324264 0
385.8944150433551 -2.097521081426988 0
385.8944150433551 -1.625 0
385.8944150433551 -1.22818429456293 0
385.8944150433551 -0.8710501592858043 0
385.8944150433551 -0.5496294367120831 0
385.8944150433551 -0.260350785921046 0
387.8072175930538 -2.905532131307914 0
387.8072175930539 -2.522790055321263 0
387.8072175930539 -2.09752108142533 0
387.8072175930539 -1.625 0
387.8072175930539 -1.228184294566461 0
387.8072175930539 -0.8710501592882073 0
387.8072175930539 -0.5496294367135288 0
387.8072175930539 -0.2603507859216966 0
389.6913281021923 -2.905532131303917 0
389.6913281021923 -2.522790055318306 0
389.6913281021923 -2.097521081423697 0
389.6913281021923 -1.625 0
389.6913281021923 -1.228184294569939 0
389.6913281021922 -0.8710501592905746 0
389.6913281021923 -0.5496294367149526 0
389.6913281021924 -0.2603507859223373 0
391.5471769622226 -2.905532131299978 0
391.5471769622226 -2.522790055315395 0
391.5471769622225 -2.097521081422089 0
391.5471769622225 -1.625 0
391.5471769622225 -1.228184294573364 0
391.5471769622226 -0.8710501592929063 0
391.5471769622226 -0.549629436716355 0
391.5471769622226 -0.2603507859229685 0
393.3751881000043 -2.905532131296099 0
393.3751881000044 -2.522790055312527 0
393.3751881000043 -2.097521081420504 0
393.3751881000043 -1.625 0
393.3751881000043 -1.228184294576738 0
393.3751881000043 -0.8710501592952027 0
393.3751881000043 -0.5496294367177366 0
393.3751881000043 -0.26035078592359 0
395.1757790581466 -2.905532131292278 0
395.1757790581465 -2.522790055309701 0
395.1757790581466 -2.097521081418942 0
395.1757790581466 -1.625 0
395.1757790581466 -1.228184294580062 0
395.1757790581466 -0.8710501592974649 0
395.1757790581466 -0.5496294367190975 0
395.1757790581466 -0.2603507859242024 0
396.9493611304848 -2.905532131288514 0
396.9493611304848 -2.522790055306919 0
396.9493611304848 -2.097521081417406 0
396.9493611304848 -1.625 0
396.9493611304848 -1.228184294583336 0
396.9493611304848 -0.8710501592996933 0
396.9493611304848 -0.5496294367204377 0
396.9493611304849 -0.2603507859248054 0
398.696339465019 -2.905532131284806 0
398.696339465019 -2.522790055304178 0
398.696339465019 -2.09752108141589 0
398.696339465019 -1.625 0
398.696339465019 -1.228184294586561 0
398.696339465019 -0.871050159301888 0
398.696339465019 -0.549629436721758 0
398.696339465019 -0.2603507859253997 0
400.4171131359141 -2.905532131281154 0
400.4171131359141 -2.522790055301477 0
400.4171131359142 -2.0975210814144 0
400.4171131359141 -1.625 0
400.4171131359143 -1.228184294589737 0
400.4171131359141 -0.8710501593040498 0
400.4171131359142 -0.5496294367230585 0
400.4171131359141 -0.2603507859259847 0
402.1120752134052 -2.905532131277557 0
402.1120752134052 -2.522790055298818 0
402.1120752134051 -2.09752108141293 0
402.1120752134051 -1.625 0
402.1120752134051 -1.228184294592866 0
402.1120752134051 -0.8710501593061792 0
402.1120752134051 -0.5496294367243393 0
402.1120752134051 -0.2603507859265612 0
403.7816128593574 -2.905532131274015 0
403.7816128593574 -2.522790055296199 0
403.7816128593574 -2.097521081411484 0
403.7816128593574 -1.625 0
403.7816128593574 -1.228184294595948 0
403.7816128593574 -0.8710501593082766 0
403.7816128593574 -0.5496294367256012 0
403.7816128593574 -0.2603507859271289 0
405.4261074477859 -2.905532131270525 0
405.4261074477859 -2.522790055293618 0
405.4261074477859 -2.097521081410057 0
405.4261074477859 -1.625 0
405.4261074477859 -1.228184294598983 0
405.4261074477859 -0.8710501593103428 0
405.4261074477859 -0.5496294367268439 0
405.4261074477859 -0.2603507859276881 0
407.0459346259469 -2.905532131267088 0
407.0459346259468 -2.522790055291076 0
407.0459346259468 -2.097521081408654 0
407.0459346259468 -1.625 0
407.045934625947 -1.228184294601973 0
407.0459346259469 -0.8710501593123778 0
407.0459346259469 -0.5496294367280681 0
407.0459346259469 -0.2603507859282389 0
408.6414643740628 -2.905532131263702 0
408.6414643740627 -2.522790055288573 0
408.6414643740627 -2.09752108140727 0
408.6414643740627 -1.625 0
408.6414643740627 -1.228184294604918 0
408.6414643740627 -0.8710501593143825 0
408.6414643740627 -0.549629436729274 0
408.6414643740627 -0.2603507859287816 0
410.2130611746312 -2.905532131260367 0
410.2130611746311 -2.522790055286108 0
410.2130611746309 -2.097521081405908 0
410.213061174631 -1.625 0
410.2130611746311 -1.228184294607819 0
410.2130611746311 -0.8710501593163568 0
410.2130611746311 -0.5496294367304617 0
410.2130611746311 -0.2603507859293161 0
411.7610840363375 -2.905532131257082 0
411.7610840363375 -2.522790055283679 0
411.7610840363375 -2.097521081404567 0
411.7610840363375 -1.625 0
411.7610840363375 -1.228184294610677 0
411.7610840363375 -0.8710501593183018 0
411.7610840363375 -0.5496294367316317 0
411.7610840363374 -0.2603507859298424 0
413.2858865474776 -2.905532131253847 0
413.2858865474776 -2.522790055281287 0
413.2858865474776 -2.097521081403245 0
413.2858865474776 -1.625 0
413.2858865474776 -1.228184294613491 0
413.2858865474776 -0.8710501593202173 0
413.2858865474776 -0.5496294367327841 0
413.2858865474776 -0.260350785930361 0
414.7878170084306 -2.905532131250658 0
414.7878170084305 -2.52279005527893 0
414.7878170084305 -2.097521081401942 0
414.7878170084305 -1.625 0
414.7878170084304 -1.228184294616263 0
414.7878170084305 -0.8710501593221043 0
414.7878170084306 -0.5496294367339192 0
414.7878170084305 -0.2603507859308717 0
416.267218506753 -2.90553213124752 0
416.267218506753 -2.522790055276608 0
416.2672185067531 -2.09752108140066 0
416.2672185067531 -1.625 0
416.267218506753 -1.228184294618994 0
416.2672185067531 -0.871050159323963 0
416.2672185067531 -0.5496294367350369 0
416.267218506753 -0.2603507859313748 0
417.7244289886958 -2.905532131244426 0
417.7244289886959 -2.522790055274322 0
417.724428988696 -2.097521081399397 0
417.7244289886959 -1.625 0
417.7244289886959 -1.228184294621684 0
417.7244289886958 -0.8710501593257938 0
417.7244289886959 -0.5496294367361383 0
417.7244289886958 -0.2603507859318703 0
419.1597813297474 -2.905532131241381 0
419.1597813297474 -2.52279005527207 0
419.1597813297474 -2.097521081398153 0
419.1597813297474 -1.625 0
419.1597813297474 -1.228184294624334 0
419.1597813297474 -0.8710501593275972 0
419.1597813297474 -0.5496294367372232 0
419.1597813297474 -0.2603507859323585 0
420.5736034017033 -2.905532131238381 0
420.5736034017034 -2.522790055269851 0
420.5736034017034 -2.097521081396927 0
420.5736034017034 -1.625 0
420.5736034017033 -1.228184294626943 0
420.5736034017034 -0.871050159329373 0
420.5736034017034 -0.5496294367382917 0
420.5736034017033 -0.2603507859328393 0
421.9662181388658 -2.905532131235426 0
421.9662181388658 -2.522790055267667 0
421.9662181388658 -2.09752108139572 0
421.9662181388658 -1.625 0
421.9662181388658 -1.228184294629514 0
421.9662181388658 -0.8710501593311228 0
421.9662181388658 -0.5496294367393439 0
421.9662181388658 -0.2603507859333128 0
423.3379436290165 -2.905532131232515 0
423.3379436290164 -2.522790055265514 0
423.3379436290164 -2.097521081394531 0
423.3379436290164 -1.625 0
423.3379436290164 -1.228184294632046 0
423.3379436290164 -0.8710501593328464 0
423.3379436290164 -0.5496294367403807 0
423.3379436290164 -0.2603507859337793 0
424.6890932309252 -2.905532131229647 0
424.6890932309252 -2.522790055263394 0
424.6890932309252 -2.097521081393359 0
424.6890932309252 -1.625 0
424.6890932309252 -1.22818429463454 0
424.6890932309252 -0.8710501593345436 0
424.6890932309252 -0.5496294367414019 0
424.6890932309252 -0.2603507859342388 0
426.0199756032932 -2.905532131226823 0
426.0199756032932 -2.522790055261306 0
426.0199756032932 -2.097521081392206 0
426.0199756032932 -1.625 0
426.0199756032932 -1.228184294636997 0
426.0199756032932 -0.8710501593362157 0
426.0199756032932 -0.5496294367424075 0
426.0199756032932 -0.2603507859346914 0
427.33089473473 -2.905532131224041 0
427.33089473473 -2.522790055259249 0
427.3308947347301 -2.097521081391069 0
427.33089473473 -1.625 0
427.33089473473 -1.228184294639416 0
427.33089473473 -0.8710501593378628 0
427.33089473473 -0.5496294367433983 0
427.33089473473 -0.2603507859351372 0
428.6221500823018 -2.905532131221301 0
428.6221500823019 -2.522790055257223 0
428.6221500823018 -2.09752108138995 0
428.6221500823018 -1.625 0
428.6221500823018 -1.2281842946418 0
428.6221500823018 -0.8710501593394849 0
428.6221500823018 -0.5496294367443741 0
428.6221500823018 -0.2603507859355763 0
429.8940365952087 -2.905532131218602 0
429.8940365952086 -2.522790055255227 0
429.8940365952086 -2.097521081388847 0
429.8940365952086 -1.625 0
429.8940365952086 -1.228184294644147 0
429.8940365952086 -0.8710501593410829 0
429.8940365952086 -0.5496294367453354 0
429.8940365952086 -0.2603507859360087 0
431.1468447942343 -2.905532131215942 0
431.1468447942342 -2.522790055253262 0
431.1468447942343 -2.097521081387762 0
431.1468447942342 -1.625 0
431.1468447942342 -1.228184294646461 0
431.1468447942342 -0.8710501593426569 0
431.1468447942342 -0.5496294367462822 0
431.1468447942342 -0.2603507859364348 0
432.3808608754632 -2.905532131213324 0
432.3808608754632 -2.522790055251326 0
432.3808608754632 -2.097521081386693 0
432.3808608754632 -1.625 0
432.3808608754632 -1.228184294648738 0
432.3808608754632 -0.8710501593442073 0
432.3808608754632 -0.5496294367472148 0
432.3808608754632 -0.2603507859368545 0
433.5963667282684 -2.905532131210744 0
433.5963667282684 -2.522790055249418 0
433.5963667282684 -2.097521081385639 0
433.5963667282684 -1.625 0
433.5963667282684 -1.228184294650982 0
433.5963667282684 -0.8710501593457343 0
433.5963667282684 -0.5496294367481334 0
433.5963667282684 -0.2603507859372678 0
434.7936400083575 -2.905532131208204 0
434.7936400083574 -2.522790055247539 0
434.7936400083574 -2.0975210813846 0
434.7936400083574 -1.625 0
434.7936400083574 -1.228184294653192 0
434.7936400083574 -0.8710501593472386 0
434.7936400083574 -0.5496294367490382 0
434.7936400083574 -0.2603507859376749 0
435.9729541797689 -2.905532131205702 0
435.972954179769 -2.52279005524569 0
435.9729541797689 -2.097521081383579 0
435.972954179769 -1.625 0
435.972954179769 -1.228184294655369 0
435.9729541797689 -0.8710501593487201 0
435.972954179769 -0.5496294367499295 0
435.972954179769 -0.260350785938076 0
437.134578612864 -2.905532131203236 0
437.1345786128639 -2.522790055243867 0
437.1345786128639 -2.097521081382572 0
437.1345786128641 -1.625 0
437.1345786128641 -1.228184294657513 0
437.1345786128641 -0.8710501593501796 0
437.1345786128641 -0.5496294367508074 0
437.1345786128641 -0.2603507859384709 0
438.278778677806 -2.905532131200808 0
438.278778677806 -2.522790055242072 0
438.278778677806 -2.09752108138158 0
438.278778677806 -1.625 0
438.278778677806 -1.228184294659625 0
438.278778677806 -0.8710501593516171 0
438.278778677806 -0.5496294367516721 0
438.2787786778061 -0.2603507859388601 0
439.4058157533806 -2.905532131198417 0
439.4058157533806 -2.522790055240303 0
439.4058157533806 -2.097521081380604 0
439.4058157533806 -1.625 0
439.4058157533806 -1.228184294661705 0
439.4058157533806 -0.8710501593530329 0
439.4058157533806 -0.5496294367525238 0
439.4058157533806 -0.2603507859392435 0
440.515947290239 -2.905532131196061 0
440.5159472902389 -2.522790055238561 0
440.515947290239 -2.097521081379641 0
440.515947290239 -1.625 0
440.515947290239 -1.228184294663754 0
440.5159472902389 -0.8710501593544278 0
440.515947290239 -0.5496294367533627 0
440.5159472902389 -0.2603507859396209 0
441.6094268441527 -2.90553213119374 0
441.6094268441527 -2.522790055236845 0
441.6094268441527 -2.097521081378693 0
441.6094268441527 -1.625 0
441.6094268441527 -1.228184294665773 0
441.6094268441528 -0.8710501593558015 0
441.6094268441527 -0.5496294367541892 0
441.6094268441527 -0.2603507859399928 0
442.6865041927686 -2.905532131191455 0
442.6865041927686 -2.522790055235156 0
442.6865041927686 -2.097521081377759 0
442.6865041927686 -1.625 0
442.6865041927685 -1.228184294667761 0
442.6865041927686 -0.8710501593571547 0
442.6865041927686 -0.5496294367550032 0
442.6865041927686 -0.260350785940359 0
443.7474253917596 -2.905532131189203 0
443.7474253917596 -2.522790055233491 0
443.7474253917596 -2.097521081376839 0
443.7474253917596 -1.625 0
443.7474253917596 -1.228184294669719 0
443.7474253917596 -0.8710501593584876 0
443.7474253917596 -0.5496294367558048 0
443.7474253917596 -0.2603507859407199 0
444.7924327755159 -2.905532131186986 0
444.7924327755159 -2.522790055231852 0
444.792432775516 -2.097521081375934 0
444.792432775516 -1.625 0
444.792432775516 -1.228184294671648 0
444.792432775516 -0.8710501593598003 0
444.7924327755159 -0.5496294367565948 0
444.792432775516 -0.2603507859410752 0
445.8217650397529 -2.905532131184801 0
445.821765039753 -2.522790055230236 0
445.8217650397529 -2.097521081375041 0
445.821765039753 -1.625 0
445.8217650397531 -1.228184294673548 0
445.821765039753 -0.8710501593610935 0
445.821765039753 -0.5496294367573726 0
445.821765039753 -0.2603507859414252 0
446.8356573224769 -2.90553213118265 0
446.8356573224769 -2.522790055228646 0
446.8356573224769 -2.097521081374162 0
446.8356573224769 -1.625 0
446.8356573224769 -1.228184294675419 0
446.8356573224769 -0.8710501593623673 0
446.8356573224769 -0.5496294367581389 0
446.8356573224769 -0.26035078594177 0
447.8343412262024 -2.905532131180531 0
447.8343412262024 -2.522790055227079 0
447.8343412262023 -2.097521081373297 0
447.8343412262024 -1.625 0
447.8343412262024 -1.228184294677263 0
447.8343412262024 -0.8710501593636222 0
447.8343412262024 -0.5496294367588936 0
447.8343412262024 -0.2603507859421096 0
448.8180448684527 -2.905532131178443 0
448.8180448684527 -2.522790055225536 0
448.8180448684528 -2.097521081372445 0
448.8180448684527 -1.625 0
448.8180448684527 -1.228184294679079 0
448.8180448684527 -0.871050159364858 0
448.8180448684527 -0.549629436759637 0
448.8180448684527 -0.2603507859424442 0
449.7869929571787 -2.905532131176387 0
449.7869929571789 -2.522790055224015 0
449.7869929571789 -2.097521081371604 0
449.7869929571788 -1.625 0
449.7869929571788 -1.228184294680868 0
449.7869929571788 -0.8710501593660753 0
449.7869929571788 -0.5496294367603691 0
449.7869929571788 -0.2603507859427737 0
450.7414068373849 -2.905532131174362 0
450.7414068373849 -2.522790055222518 0
450.7414068373849 -2.097521081370777 0
450.741406837385 -1.625 0
450.7414068373851 -1.228184294682629 0
450.7414068373848 -0.8710501593672744 0
450.741406837385 -0.5496294367610906 0
450.7414068373851 -0.2603507859430981 0
451.6815045072985 -2.905532131172367 0
451.6815045072985 -2.522790055221042 0
451.6815045072984 -2.097521081369961 0
451.6815045072985 -1.625 0
451.6815045072985 -1.228184294684364 0
451.6815045072985 -0.8710501593684554 0
451.6815045072985 -0.5496294367618011 0
451.6815045072985 -0.2603507859434179 0
452.6075006911094 -2.905532131170401 0
452.6075006911094 -2.52279005521959 0
452.6075006911094 -2.097521081369159 0
452.6075006911094 -1.625 0
452.6075006911094 -1.228184294686073 0
452.6075006911094 -0.8710501593696186 0
452.6075006911094 -0.5496294367625008 0
452.6075006911095 -0.2603507859437328 0
453.5196069359197 -2.905532131168466 0
453.5196069359198 -2.522790055218159 0
453.5196069359198 -2.097521081368368 0
453.5196069359198 -1.625 0
453.5196069359197 -1.228184294687757 0
453.5196069359198 -0.8710501593707649 0
453.5196069359198 -0.5496294367631902 0
453.5196069359198 -0.2603507859440429 0
454.4180315955933 -2.905532131166559 0
454.4180315955933 -2.522790055216749 0
454.4180315955932 -2.09752108136759 0
454.4180315955933 -1.625 0
454.4180315955933 -1.228184294689416 0
454.4180315955933 -0.8710501593718936 0
454.4180315955933 -0.549629436763869 0
454.4180315955933 -0.2603507859443485 0
455.3029798985798 -2.905532131164681 0
455.3029798985799 -2.52279005521536 0
455.30297989858 -2.097521081366822 0
455.3029798985799 -1.625 0
455.3029798985799 -1.228184294691049 0
455.3029798985799 -0.8710501593730053 0
455.3029798985799 -0.5496294367645377 0
455.3029798985799 -0.2603507859446494 0
456.1746539845981 -2.905532131162831 0
456.1746539845982 -2.522790055213993 0
456.1746539845982 -2.097521081366067 0
456.1746539845982 -1.625 0
456.1746539845982 -1.228184294692658 0
456.1746539845982 -0.8710501593741005 0
456.1746539845982 -0.5496294367651968 0
456.1746539845981 -0.2603507859449459 0
457.0332529417573 -2.905532131161009 0
457.0332529417572 -2.522790055212646 0
457.0332529417572 -2.097521081365323 0
457.0332529417572 -1.625 0
457.0332529417572 -1.228184294694243 0
457.0332529417572 -0.8710501593751792 0
457.0332529417572 -0.5496294367658456 0
457.0332529417572 -0.2603507859452379 0
457.8789728970479 -2.905532131159215 0
457.8789728970479 -2.522790055211318 0
457.8789728970478 -2.097521081364589 0
457.8789728970478 -1.625 0
457.878972897048 -1.228184294695804 0
457.8789728970479 -0.8710501593762416 0
457.8789728970478 -0.5496294367664847 0
457.8789728970479 -0.2603507859455255 0
458.7120070493422 -2.905532131157447 0
458.7120070493422 -2.522790055210012 0
458.7120070493422 -2.097521081363868 0
458.7120070493422 -1.625 0
458.7120070493422 -1.228184294697342 0
458.7120070493422 -0.8710501593772881 0
458.7120070493422 -0.5496294367671141 0
458.7120070493422 -0.2603507859458087 0
459.532545701231 -2.905532131155705 0
459.532545701231 -2.522790055208724 0
459.532545701231 -2.097521081363156 0
459.532545701231 -1.625 0
459.532545701231 -1.228184294698857 0
459.532545701231 -0.8710501593783191 0
459.532545701231 -0.5496294367677343 0
459.532545701231 -0.2603507859460877 0
460.3407762897265 -2.90553213115399 0
460.3407762897264 -2.522790055207456 0
460.3407762897264 -2.097521081362456 0
460.3407762897264 -1.625 0
460.3407762897264 -1.228184294700348 0
460.3407762897264 -0.8710501593793344 0
460.3407762897264 -0.5496294367683452 0
460.3407762897264 -0.2603507859463626 0
461.1368834158574 -2.905532131152301 0
461.1368834158573 -2.522790055206207 0
461.1368834158574 -2.097521081361765 0
461.1368834158573 -1.625 0
461.1368834158574 -1.228184294701818 0
461.1368834158575 -0.8710501593803346 0
461.1368834158574 -0.5496294367689468 0
461.1368834158574 -0.2603507859466333 0
461.9210489294857 -2.905532131150637 0
461.9210489294857 -2.522790055204976 0
461.9210489294856 -2.097521081361085 0
461.9210489294857 -1.625 0
461.9210489294857 -1.228184294703266 0
461.9210489294857 -0.87105015938132 0
461.9210489294857 -0.5496294367695396 0
461.9210489294857 -0.2603507859469 0
462.6934519550752 -2.905532131148998 0
462.6934519550753 -2.522790055203765 0
462.6934519550752 -2.097521081360417 0
462.6934519550753 -1.625 0
462.6934519550753 -1.228184294704691 0
462.6934519550753 -0.8710501593822902 0
462.6934519550753 -0.549629436770123 0
462.6934519550752 -0.2603507859471627 0
463.4542689462965 -2.905532131147383 0
463.4542689462965 -2.522790055202571 0
463.4542689462965 -2.097521081359757 0
463.4542689462965 -1.625 0
463.4542689462965 -1.228184294706095 0
463.4542689462965 -0.8710501593832459 0
463.4542689462965 -0.5496294367706982 0
463.4542689462966 -0.2603507859474213 0
464.2036736807894 -2.905532131145793 0
464.2036736807893 -2.522790055201395 0
464.2036736807895 -2.097521081359108 0
464.2036736807895 -1.625 0
464.2036736807895 -1.228184294707479 0
464.2036736807894 -0.8710501593841877 0
464.2036736807895 -0.5496294367712645 0
464.2036736807895 -0.2603507859476763 0
464.9418373418144 -2.905532131144226 0
464.9418373418144 -2.522790055200236 0
464.9418373418144 -2.097521081358467 0
464.9418373418144 -1.625 0
464.9418373418144 -1.228184294708842 0
464.9418373418144 -0.8710501593851151 0
464.9418373418144 -0.5496294367718223 0
464.9418373418144 -0.2603507859479273 0
465.6689285657127 -2.905532131142684 0
465.6689285657127 -2.522790055199096 0
465.6689285657128 -2.097521081357838 0
465.6689285657127 -1.625 0
465.6689285657127 -1.228184294710184 0
465.6689285657127 -0.8710501593860285 0
465.6689285657127 -0.549629436772372 0
465.6689285657127 -0.2603507859481745 0
466.3851134082657 -2.905532131141163 0
466.3851134082657 -2.522790055197972 0
466.3851134082657 -2.097521081357216 0
466.3851134082657 -1.625 0
466.3851134082657 -1.228184294711505 0
466.3851134082657 -0.8710501593869284 0
466.3851134082657 -0.5496294367729133 0
466.3851134082658 -0.2603507859484182 0
467.090555476513 -2.905532131139667 0
467.090555476513 -2.522790055196865 0
467.0905554765131 -2.097521081356605 0
467.090555476513 -1.625 0
467.090555476513 -1.228184294712807 0
467.090555476513 -0.8710501593878147 0
467.0905554765131 -0.5496294367734462 0
467.090555476513 -0.2603507859486579 0
467.785415918118 -2.905532131138191 0
467.7854159181178 -2.522790055195775 0
467.7854159181179 -2.097521081356003 0
467.7854159181179 -1.625 0
467.7854159181179 -1.22818429471409 0
467.785415918118 -0.8710501593886875 0
467.7854159181179 -0.5496294367739715 0
467.785415918118 -0.2603507859488943 0
468.4698534397537 -2.905532131136739 0
468.4698534397537 -2.522790055194702 0
468.4698534397537 -2.097521081355409 0
468.4698534397538 -1.625 0
468.4698534397538 -1.228184294715354 0
468.4698534397537 -0.8710501593895473 0
468.4698534397539 -0.5496294367744885 0
468.4698534397538 -0.2603507859491271 0
469.1440244074307 -2.905532131135308 0
469.1440244074305 -2.522790055193643 0
469.1440244074307 -2.097521081354825 0
469.1440244074307 -1.625 0
469.1440244074307 -1.228184294716598 0
469.1440244074308 -0.8710501593903945 0
469.1440244074307 -0.5496294367749981 0
469.1440244074307 -0.2603507859493562 0
469.8080828044452 -2.9055321311339 0
469.8080828044452 -2.522790055192602 0
469.8080828044452 -2.09752108135425 0
469.8080828044452 -1.625 0
469.8080828044452 -1.228184294717824 0
469.8080828044452 -0.8710501593912287 0
469.8080828044452 -0.5496294367754999 0
469.8080828044452 -0.2603507859495821 0
470.4621803037219 -2.905532131132512 0
470.4621803037219 -2.522790055191575 0
470.4621803037218 -2.097521081353682 0
470.4621803037219 -1.625 0
470.4621803037219 -1.228184294719031 0
470.4621803037219 -0.8710501593920505 0
470.4621803037219 -0.5496294367759945 0
470.4621803037219 -0.2603507859498046 0
471.1064663633176 -2.905532131131145 0
471.1064663633175 -2.522790055190565 0
471.1064663633177 -2.097521081353123 0
471.1064663633176 -1.625 0
471.1064663633176 -1.22818429472022 0
471.1064663633177 -0.8710501593928599 0
471.1064663633175 -0.5496294367764811 0
471.1064663633176 -0.2603507859500238 0
471.7410881540303 -2.905532131129798 0
471.7410881540302 -2.522790055189569 0
471.7410881540303 -2.097521081352573 0
471.7410881540302 -1.625 0
471.7410881540302 -1.228184294721392 0
471.7410881540302 -0.8710501593936572 0
471.7410881540302 -0.5496294367769609 0
471.7410881540301 -0.2603507859502395 0
472.3661905997646 -2.905532131128471 0
472.3661905997645 -2.522790055188588 0
472.3661905997645 -2.097521081352031 0
472.3661905997645 -1.625 0
472.3661905997645 -1.228184294722546 0
472.3661905997645 -0.8710501593944424 0
472.3661905997645 -0.5496294367774333 0
472.3661905997645 -0.2603507859504521 0
472.9819164999789 -2.905532131127165 0
472.9819164999789 -2.522790055187622 0
472.9819164999789 -2.097521081351498 0
472.9819164999789 -1.625 0
472.9819164999789 -1.228184294723682 0
472.9819164999789 -0.871050159395216 0
472.9819164999789 -0.5496294367778987 0
472.9819164999789 -0.2603507859506614 0
473.5884065090472 -2.905532131125878 0
473.5884065090472 -2.52279005518667 0
473.5884065090472 -2.097521081350972 0
473.5884065090472 -1.625 0
473.5884065090472 -1.228184294724802 0
473.5884065090473 -0.8710501593959782 0
473.5884065090472 -0.5496294367783571 0
473.5884065090472 -0.2603507859508677 0
474.1857991738589 -2.90553213112461 0
474.185799173859 -2.522790055185733 0
474.185799173859 -2.097521081350455 0
474.185799173859 -1.625 0
474.185799173859 -1.228184294725904 0
474.185799173859 -0.8710501593967287 0
474.185799173859 -0.5496294367788086 0
474.185799173859 -0.2603507859510709 0
474.7742309674202 -2.905532131123361 0
474.7742309674202 -2.522790055184809 0
474.7742309674203 -2.097521081349944 0
474.7742309674202 -1.625 0
474.7742309674201 -1.228184294726991 0
474.7742309674201 -0.8710501593974678 0
474.7742309674202 -0.5496294367792531 0
474.7742309674201 -0.2603507859512709 0
475.353836268134 -2.905532131122132 0
475.3538362681341 -2.5227900551839 0
475.3538362681342 -2.097521081349443 0
475.353836268134 -1.625 0
475.3538362681341 -1.228184294728061 0
475.3538362681341 -0.8710501593981961 0
475.353836268134 -0.5496294367796911 0
475.353836268134 -0.260350785951468 0
475.9247474775705 -2.90553213112092 0
475.9247474775705 -2.522790055183004 0
475.9247474775705 -2.097521081348947 0
475.9247474775705 -1.625 0
475.9247474775705 -1.228184294729114 0
475.9247474775705 -0.8710501593989133 0
475.9247474775705 -0.5496294367801227 0
475.9247474775705 -0.2603507859516622 0
476.4870950234101 -2.905532131119727 0
476.4870950234099 -2.522790055182121 0
476.48709502341 -2.09752108134846 0
476.4870950234101 -1.625 0
476.4870950234099 -1.228184294730152 0
476.4870950234102 -0.8710501593996198 0
476.4870950234102 -0.5496294367805477 0
476.4870950234099 -0.2603507859518533 0
477.0410073635807 -2.90553213111855 0
477.0410073635808 -2.522790055181253 0
477.0410073635808 -2.09752108134798 0
477.0410073635808 -1.625 0
477.0410073635808 -1.228184294731175 0
477.0410073635808 -0.8710501594003157 0
477.0410073635807 -0.549629436780966 0
477.0410073635808 -0.2603507859520418 0
477.5866110163527 -2.905532131117393 0
477.5866110163528 -2.522790055180397 0
477.5866110163527 -2.097521081347506 0
477.5866110163528 -1.625 0
477.5866110163528 -1.228184294732182 0
477.5866110163527 -0.8710501594010012 0
477.5866110163527 -0.5496294367813785 0
477.5866110163527 -0.2603507859522273 0
478.1240306189614 -2.905532131116252 0
478.1240306189615 -2.522790055179553 0
478.1240306189615 -2.097521081347041 0
478.1240306189615 -1.625 0
478.1240306189615 -1.228184294733174 0
478.1240306189615 -0.8710501594016761 0
478.1240306189615 -0.5496294367817847 0
478.1240306189614 -0.2603507859524101 0
478.6533889269303 -2.905532131115129 0
478.6533889269305 -2.522790055178723 0
478.6533889269305 -2.097521081346582 0
478.6533889269304 -1.625 0
478.6533889269305 -1.228184294734151 0
478.6533889269305 -0.8710501594023414 0
478.6533889269303 -0.5496294367821848 0
478.6533889269305 -0.2603507859525901 0
479.1748068436656 -2.905532131114022 0
479.1748068436657 -2.522790055177904 0
479.1748068436656 -2.097521081346129 0
479.1748068436656 -1.625 0
479.1748068436656 -1.228184294735113 0
479.1748068436656 -0.8710501594029965 0
479.1748068436655 -0.5496294367825789 0
479.1748068436655 -0.2603507859527674 0
479.6884035025331 -2.905532131112933 0
479.6884035025332 -2.522790055177099 0
479.6884035025332 -2.097521081345685 0
479.6884035025332 -1.625 0
479.6884035025332 -1.228184294736062 0
479.6884035025331 -0.8710501594036416 0
479.6884035025332 -0.5496294367829671 0
479.6884035025333 -0.2603507859529421 0
480.1942962086533 -2.905532131111859 0
480.1942962086532 -2.522790055176306 0
480.1942962086532 -2.097521081345246 0
480.1942962086532 -1.625 0
480.1942962086532 -1.228184294736996 0
480.1942962086532 -0.8710501594042772 0
480.1942962086532 -0.5496294367833492 0
480.1942962086532 -0.2603507859531141 0
480.6926005219143 -2.905532131110802 0
480.6926005219144 -2.522790055175523 0
480.6926005219143 -2.097521081344814 0
480.6926005219143 -1.625 0
480.6926005219143 -1.228184294737915 0
480.6926005219143 -0.8710501594049034 0
480.6926005219143 -0.5496294367837258 0
480.6926005219142 -0.2603507859532836 0
481.1834302799324 -2.90553213110976 0
481.1834302799323 -2.522790055174753 0
481.1834302799323 -2.097521081344389 0
481.1834302799323 -1.625 0
481.1834302799323 -1.228184294738821 0
481.1834302799323 -0.8710501594055202 0
481.1834302799323 -0.5496294367840968 0
481.1834302799323 -0.2603507859534505 0
481.6668975950759 -2.905532131108734 0
481.6668975950759 -2.522790055173995 0
481.666897595076 -2.09752108134397 0
481.666897595076 -1.625 0
481.666897595076 -1.228184294739714 0
481.666897595076 -0.8710501594061274 0
481.666897595076 -0.5496294367844623 0
481.666897595076 -0.2603507859536148 0
482.1431129049184 -2.905532131107723 0
482.1431129049184 -2.522790055173248 0
482.1431129049184 -2.097521081343557 0
482.1431129049184 -1.625 0
482.1431129049184 -1.228184294740593 0
482.1431129049184 -0.8710501594067256 0
482.1431129049184 -0.549629436784822 0
482.1431129049184 -0.2603507859537769 0
482.6121849669382 -2.905532131106729 0
482.6121849669381 -2.522790055172511 0
482.612184966938 -2.09752108134315 0
482.6121849669381 -1.625 0
482.6121849669381 -1.228184294741458 0
482.6121849669381 -0.8710501594073151 0
482.6121849669381 -0.5496294367851765 0
482.6121849669381 -0.2603507859539363 0
483.0742209365315 -2.905532131105748 0
483.0742209365314 -2.522790055171786 0
483.0742209365314 -2.097521081342749 0
483.0742209365314 -1.625 0
483.0742209365314 -1.228184294742311 0
483.0742209365314 -0.8710501594078954 0
483.0742209365314 -0.5496294367855257 0
483.0742209365314 -0.2603507859540935 0
483.5293263867615 -2.905532131104782 0
483.5293263867613 -2.522790055171072 0
483.5293263867613 -2.097521081342355 0
483.5293263867613 -1.625 0
483.5293263867613 -1.228184294743151 0
483.5293263867613 -0.8710501594084671 0
483.5293263867614 -0.5496294367858696 0
483.5293263867613 -0.2603507859542483 0
483.9776052724112 -2.90553213110383 0
483.9776052724112 -2.522790055170369 0
483.9776052724112 -2.097521081341966 0
483.9776052724112 -1.625 0
483.9776052724112 -1.228184294743979 0
483.9776052724112 -0.8710501594090303 0
483.9776052724112 -0.5496294367862085 0
483.9776052724112 -0.2603507859544006 0
484.419159978248 -2.905532131102893 0
484.4191599782479 -2.522790055169676 0
484.419159978248 -2.097521081341584 0
484.4191599782479 -1.625 0
484.4191599782479 -1.228184294744794 0
484.4191599782479 -0.8710501594095851 0
484.4191599782479 -0.5496294367865422 0
484.4191599782479 -0.2603507859545507 0
484.8540913653641 -2.90553213110197 0
484.8540913653641 -2.522790055168994 0
484.854091365364 -2.097521081341207 0
484.8540913653641 -1.625 0
484.8540913653641 -1.228184294745597 0
484.8540913653641 -0.8710501594101316 0
484.8540913653641 -0.549629436786871 0
484.8540913653641 -0.2603507859546986 0
485.2824987610194 -2.905532131101062 0
485.2824987610193 -2.522790055168321 0
485.2824987610193 -2.097521081340835 0
485.2824987610193 -1.625 0
485.2824987610193 -1.228184294746387 0
485.2824987610193 -0.8710501594106699 0
485.2824987610193 -0.5496294367871946 0
485.2824987610193 -0.2603507859548445 0
485.7044800327433 -2.905532131100166 0
485.7044800327432 -2.52279005516766 0
485.7044800327434 -2.097521081340469 0
485.7044800327433 -1.625 0
485.7044800327432 -1.228184294747167 0
485.7044800327432 -0.8710501594112 0
485.7044800327433 -0.5496294367875136 0
485.7044800327433 -0.260350785954988 0
486.1201316034215 -2.905532131099284 0
486.1201316034216 -2.522790055167007 0
486.1201316034216 -2.09752108134011 0
486.1201316034216 -1.625 0
486.1201316034216 -1.228184294747934 0
486.1201316034216 -0.871050159411722 0
486.1201316034216 -0.5496294367878276 0
486.1201316034216 -0.2603507859551292 0
486.529548411631 -2.905532131098415 0
486.529548411631 -2.522790055166365 0
486.529548411631 -2.097521081339754 0
486.529548411631 -1.625 0
486.529548411631 -1.22818429474869 0
486.529548411631 -0.8710501594122366 0
486.529548411631 -0.5496294367881371 0
486.529548411631 -0.2603507859552684 0
486.9328239554292 -2.905532131097559 0
486.9328239554291 -2.522790055165733 0
486.9328239554292 -2.097521081339404 0
486.9328239554292 -1.625 0
486.9328239554292 -1.228184294749434 0
486.9328239554293 -0.8710501594127433 0
486.9328239554292 -0.5496294367884418 0
486.9328239554293 -0.2603507859554057 0
487.3300503633142 -2.905532131096716 0
487.3300503633142 -2.522790055165109 0
487.3300503633142 -2.097521081339061 0
487.3300503633142 -1.625 0
487.3300503633142 -1.228184294750167 0
487.3300503633142 -0.8710501594132423 0
487.3300503633142 -0.549629436788742 0
487.3300503633142 -0.2603507859555408 0
487.7213183789271 -2.905532131095886 0
487.7213183789272 -2.522790055164495 0
487.7213183789272 -2.097521081338722 0
487.7213183789271 -1.625 0
487.7213183789271 -1.228184294750889 0
487.7213183789271 -0.8710501594137338 0
487.7213183789271 -0.5496294367890378 0
487.7213183789272 -0.2603507859556738 0
488.1067173755115 -2.905532131095069 0
488.1067173755117 -2.522790055163891 0
488.1067173755115 -2.097521081338388 0
488.1067173755115 -1.625 0
488.1067173755115 -1.2281842947516 0
488.1067173755115 -0.8710501594142182 0
488.1067173755116 -0.5496294367893291 0
488.1067173755115 -0.2603507859558049 0
488.4863353958864 -2.905532131094262 0
488.4863353958863 -2.522790055163295 0
488.4863353958863 -2.097521081338058 0
488.4863353958863 -1.625 0
488.4863353958863 -1.228184294752301 0
488.4863353958862 -0.8710501594146951 0
488.4863353958864 -0.549629436789616 0
488.4863353958863 -0.2603507859559339 0
488.8602591369024 -2.905532131093469 0
488.8602591369024 -2.522790055162708 0
488.8602591369024 -2.097521081337735 0
488.8602591369024 -1.625 0
488.8602591369024 -1.228184294752992 0
488.8602591369024 -0.8710501594151648 0
488.8602591369024 -0.5496294367898985 0
488.8602591369024 -0.2603507859560611 0
489.2285740174415 -2.905532131092686 0
489.2285740174416 -2.522790055162131 0
489.2285740174416 -2.097521081337415 0
489.2285740174415 -1.625 0
489.2285740174416 -1.228184294753672 0
489.2285740174415 -0.8710501594156275 0
489.2285740174415 -0.5496294367901768 0
489.2285740174415 -0.2603507859561863 0
489.5913641883759 -2.905532131091917 0
489.5913641883758 -2.522790055161561 0
489.5913641883759 -2.0975210813371 0
489.5913641883759 -1.625 0
489.5913641883759 -1.228184294754341 0
489.5913641883759 -0.8710501594160833 0
489.5913641883759 -0.5496294367904511 0
489.5913641883758 -0.2603507859563097 0
489.9487125152042 -2.905532131091159 0
489.9487125152043 -2.522790055161 0
489.9487125152042 -2.097521081336791 0
489.9487125152043 -1.625 0
489.9487125152043 -1.228184294755001 0
489.9487125152043 -0.8710501594165322 0
489.9487125152043 -0.549629436790721 0
489.9487125152042 -0.2603507859564313 0
490.3007006161197 -2.905532131090413 0
490.3007006161196 -2.522790055160448 0
490.3007006161197 -2.097521081336486 0
490.3007006161197 -1.625 0
490.3007006161197 -1.22818429475565 0
490.3007006161197 -0.8710501594169743 0
490.3007006161197 -0.5496294367909871 0
490.3007006161197 -0.2603507859565509 0
490.6474088710728 -2.905532131089676 0
490.6474088710728 -2.522790055159903 0
490.6474088710728 -2.097521081336185 0
490.6474088710728 -1.625 0
490.6474088710728 -1.22818429475629 0
490.6474088710728 -0.8710501594174099 0
490.6474088710728 -0.5496294367912492 0
490.6474088710728 -0.2603507859566689 0
490.9889164871461 -2.905532131088952 0
490.9889164871461 -2.522790055159368 0
490.9889164871461 -2.097521081335889 0
490.9889164871462 -1.625 0
490.9889164871461 -1.228184294756921 0
490.9889164871462 -0.871050159417839 0
490.9889164871462 -0.5496294367915071 0
490.9889164871461 -0.260350785956785 0
491.3253015051065 -2.905532131088238 0
491.3253015051065 -2.522790055158841 0
491.3253015051065 -2.097521081335598 0
491.3253015051065 -1.625 0
491.3253015051065 -1.228184294757541 0
491.3253015051065 -0.8710501594182615 0
491.3253015051065 -0.5496294367917613 0
491.3253015051065 -0.2603507859568993 0
491.6566407513978 -2.905532131087535 0
491.6566407513978 -2.52279005515832 0
491.656640751398 -2.09752108133531 0
491.6566407513978 -1.625 0
491.6566407513978 -1.228184294758153 0
491.6566407513978 -0.8710501594186778 0
491.6566407513978 -0.5496294367920118 0
491.6566407513978 -0.2603507859570121 0
491.9830099019267 -2.905532131086842 0
491.9830099019267 -2.522790055157809 0
491.9830099019268 -2.097521081335028 0
491.9830099019267 -1.625 0
491.9830099019267 -1.228184294758756 0
491.9830099019267 -0.871050159419088 0
491.9830099019267 -0.5496294367922585 0
491.9830099019267 -0.260350785957123 0
492.304483516057 -2.905532131086161 0
492.3044835160568 -2.522790055157304 0
492.3044835160568 -2.097521081334749 0
492.3044835160568 -1.625 0
492.3044835160568 -1.228184294759349 0
492.3044835160568 -0.8710501594194918 0
492.3044835160569 -0.5496294367925014 0
492.3044835160569 -0.2603507859572324 0
492.6211350425286 -2.905532131085488 0
492.6211350425286 -2.522790055156807 0
492.6211350425285 -2.097521081334474 0
492.6211350425286 -1.625 0
492.6211350425286 -1.228184294759934 0
492.6211350425286 -0.8710501594198896 0
492.6211350425286 -0.5496294367927406 0
492.6211350425286 -0.26035078595734 0
492.9330367964649 -2.905532131084826 0
492.9330367964648 -2.522790055156318 0
492.9330367964647 -2.097521081334203 0
492.9330367964648 -1.625 0
492.9330367964648 -1.228184294760509 0
492.9330367964648 -0.8710501594202817 0
492.9330367964647 -0.5496294367929764 0
492.9330367964648 -0.260350785957446 0
493.2402600217672 -2.905532131084175 0
493.2402600217672 -2.522790055155836 0
493.2402600217672 -2.097521081333938 0
493.2402600217672 -1.625 0
493.2402600217672 -1.228184294761076 0
493.2402600217672 -0.8710501594206677 0
493.2402600217673 -0.5496294367932086 0
493.2402600217672 -0.2603507859575506 0
493.5428748939196 -2.905532131083532 0
493.5428748939196 -2.522790055155361 0
493.5428748939196 -2.097521081333675 0
493.5428748939196 -1.625 0
493.5428748939196 -1.228184294761635 0
493.5428748939196 -0.8710501594210478 0
493.5428748939196 -0.5496294367934373 0
493.5428748939196 -0.2603507859576534 0
493.8409505254609 -2.9055321310829 0
493.8409505254608 -2.522790055154894 0
493.8409505254609 -2.097521081333416 0
493.8409505254609 -1.625 0
493.8409505254609 -1.228184294762185 0
493.8409505254609 -0.8710501594214222 0
493.8409505254609 -0.5496294367936625 0
493.8409505254609 -0.2603507859577548 0
494.1345550244846 -2.905532131082277 0
494.1345550244846 -2.522790055154432 0
494.1345550244847 -2.097521081333162 0
494.1345550244847 -1.625 0
494.1345550244846 -1.228184294762728 0
494.1345550244845 -0.8710501594217912 0
494.1345550244847 -0.5496294367938845 0
494.1345550244846 -0.2603507859578547 0
494.4237554696839 -2.905532131081663 0
494.4237554696838 -2.522790055153978 0
494.4237554696839 -2.097521081332912 0
494.4237554696839 -1.625 0
494.4237554696839 -1.228184294763261 0
494.4237554696839 -0.8710501594221546 0
494.4237554696839 -0.549629436794103 0
494.4237554696839 -0.260350785957953 0
494.7086179128457 -2.905532131081058 0
494.7086179128457 -2.522790055153532 0
494.7086179128459 -2.097521081332665 0
494.7086179128458 -1.625 0
494.7086179128457 -1.228184294763787 0
494.7086179128459 -0.8710501594225123 0
494.7086179128457 -0.5496294367943185 0
494.7086179128459 -0.26035078595805 0
494.989207409653 -2.905532131080463 0
494.9892074096531 -2.522790055153092 0
494.989207409653 -2.097521081332422 0
494.989207409653 -1.625 0
494.989207409653 -1.228184294764305 0
494.989207409653 -0.8710501594228648 0
494.9892074096532 -0.5496294367945302 0
494.989207409653 -0.2603507859581454 0
495.2655880489552 -2.905532131079876 0
495.2655880489551 -2.522790055152659 0
495.2655880489552 -2.097521081332181 0
495.2655880489551 -1.625 0
495.2655880489552 -1.228184294764815 0
495.2655880489551 -0.8710501594232118 0
495.2655880489551 -0.5496294367947392 0
495.2655880489552 -0.2603507859582393 0
495.5378229822228 -2.905532131079298 0
495.5378229822228 -2.52279005515223 0
495.5378229822229 -2.097521081331946 0
495.5378229822228 -1.625 0
495.5378229822228 -1.228184294765317 0
495.5378229822228 -0.8710501594235539 0
495.5378229822228 -0.549629436794945 0
495.5378229822227 -0.2603507859583319 0
495.8059743951976 -2.90553213107873 0
495.8059743951975 -2.52279005515181 0
495.8059743951975 -2.097521081331713 0
495.8059743951975 -1.625 0
495.8059743951975 -1.228184294765813 0
495.8059743951976 -0.8710501594238909 0
495.8059743951975 -0.5496294367951475 0
495.8059743951975 -0.2603507859584231 0
496.070103537741 -2.905532131078168 0
496.0701035377411 -2.522790055151396 0
496.0701035377413 -2.097521081331484 0
496.0701035377411 -1.625 0
496.070103537741 -1.2281842947663 0
496.0701035377411 -0.8710501594242227 0
496.0701035377411 -0.5496294367953474 0
496.0701035377411 -0.260350785958513 0
496.3302707504937 -2.905532131077617 0
496.3302707504937 -2.522790055150987 0
496.3302707504937 -2.097521081331259 0
496.3302707504937 -1.625 0
496.3302707504937 -1.22818429476678 0
496.3302707504937 -0.8710501594245497 0
496.3302707504937 -0.5496294367955439 0
496.3302707504937 -0.2603507859586013 0
496.5865354653054 -2.905532131077072 0
496.5865354653054 -2.522790055150586 0
496.5865354653054 -2.097521081331037 0
496.5865354653054 -1.625 0
496.5865354653054 -1.228184294767254 0
496.5865354653054 -0.8710501594248713 0
496.5865354653054 -0.5496294367957377 0
496.5865354653054 -0.2603507859586885 0
496.8389562033457 -2.905532131076538 0
496.8389562033457 -2.52279005515019 0
496.8389562033458 -2.097521081330818 0
496.8389562033457 -1.625 0
496.8389562033457 -1.228184294767719 0
496.8389562033457 -0.8710501594251887 0
496.8389562033457 -0.5496294367959282 0
496.8389562033457 -0.2603507859587743 0
497.0875906314516 -2.90553213107601 0
497.0875906314516 -2.522790055149799 0
497.0875906314517 -2.097521081330602 0
497.0875906314516 -1.625 0
497.0875906314515 -1.228184294768178 0
497.0875906314516 -0.8710501594255012 0
497.0875906314516 -0.5496294367961161 0
497.0875906314516 -0.2603507859588589 0
497.3324955581744 -2.90553213107549 0
497.3324955581742 -2.522790055149415 0
497.3324955581744 -2.09752108133039 0
497.3324955581743 -1.625 0
497.3324955581743 -1.22818429476863 0
497.3324955581743 -0.8710501594258089 0
497.3324955581743 -0.5496294367963012 0
497.3324955581743 -0.2603507859589421 0
497.5737269053383 -2.905532131074978 0
497.5737269053384 -2.522790055149037 0
497.5737269053384 -2.097521081330181 0
497.5737269053384 -1.625 0
497.5737269053384 -1.228184294769075 0
497.5737269053384 -0.8710501594261117 0
497.5737269053383 -0.5496294367964836 0
497.5737269053383 -0.2603507859590243 0
497.811339760909 -2.905532131074474 0
497.8113397609092 -2.522790055148664 0
497.8113397609092 -2.097521081329976 0
497.811339760909 -1.625 0
497.8113397609092 -1.228184294769514 0
497.811339760909 -0.8710501594264104 0
497.811339760909 -0.5496294367966632 0
497.811339760909 -0.260350785959105 0
498.0453884048366 -2.905532131073977 0
498.0453884048366 -2.522790055148296 0
498.0453884048367 -2.097521081329772 0
498.0453884048366 -1.625 0
498.0453884048366 -1.228184294769946 0
498.0453884048366 -0.8710501594267044 0
498.0453884048366 -0.54962943679684 0
498.0453884048366 -0.2603507859591846 0
498.2759263326366 -2.905532131073488 0
498.2759263326365 -2.522790055147934 0
498.2759263326366 -2.097521081329572 0
498.2759263326366 -1.625 0
498.2759263326368 -1.228184294770372 0
498.2759263326368 -0.8710501594269942 0
498.2759263326366 -0.5496294367970143 0
498.2759263326367 -0.260350785959263 0
498.5030061956689 -2.905532131073006 0
498.5030061956689 -2.522790055147578 0
498.5030061956688 -2.097521081329375 0
498.5030061956689 -1.625 0
498.5030061956688 -1.228184294770791 0
498.5030061956689 -0.8710501594272793 0
498.5030061956687 -0.5496294367971858 0
498.5030061956689 -0.2603507859593402 0
498.7266798543106 -2.905532131072532 0
498.7266798543106 -2.522790055147226 0
498.7266798543106 -2.097521081329182 0
498.7266798543106 -1.625 0
498.7266798543106 -1.228184294771204 0
498.7266798543106 -0.8710501594275604 0
498.7266798543106 -0.5496294367973549 0
498.7266798543106 -0.2603507859594163 0
498.9469984288872 -2.905532131072064 0
498.9469984288871 -2.522790055146882 0
498.9469984288872 -2.097521081328991 0
498.9469984288872 -1.625 0
498.9469984288872 -1.22818429477161 0
498.9469984288872 -0.871050159427837 0
498.9469984288873 -0.5496294367975214 0
498.9469984288872 -0.2603507859594912 0
499.1640122383251 -2.905532131071603 0
499.1640122383252 -2.522790055146541 0
499.1640122383251 -2.097521081328803 0
499.1640122383251 -1.625 0
499.1640122383252 -1.228184294772011 0
499.1640122383252 -0.8710501594281097 0
499.1640122383253 -0.5496294367976855 0
499.1640122383252 -0.260350785959565 0
499.3777708244267 -2.905532131071149 0
499.3777708244267 -2.522790055146205 0
499.3777708244268 -2.097521081328616 0
499.3777708244268 -1.625 0
499.3777708244268 -1.228184294772406 0
499.3777708244268 -0.8710501594283784 0
499.3777708244268 -0.5496294367978473 0
499.3777708244268 -0.2603507859596377 0
499.5883230302222 -2.905532131070703 0
499.5883230302223 -2.522790055145876 0
499.5883230302222 -2.097521081328434 0
499.5883230302222 -1.625 0
499.5883230302222 -1.228184294772794 0
499.5883230302222 -0.8710501594286428 0
499.5883230302222 -0.5496294367980061 0
499.5883230302222 -0.2603507859597093 0
499.7957169652186 -2.905532131070263 0
499.7957169652186 -2.52279005514555 0
499.7957169652186 -2.097521081328255 0
499.7957169652186 -1.625 0
499.7957169652186 -1.228184294773177 0
499.7957169652186 -0.8710501594289033 0
499.7957169652186 -0.5496294367981629 0
499.7957169652186 -0.2603507859597798 0
2 3 0 2073
5741
5742
5743
5744
5745
5746
5747
5748
5749
5750
5751
5752
5753
5754
5755
5756
5757
5758
5759
5760
5761
5762
5763
5764
5765
5766
5767
5768
5769
5770
5771
5772
5773
5774
5775
5776
5777
5778
5779
5780
5781
5782
5783
5784
5785
5786
5787
5788
5789
5790
5791
5792
5793
5794
5795
5796
5797
5798
5799
5800
5801
5802
5803
5804
5805
5806
5807
5808
5809
5810
5811
5812
5813
5814
5815
5816
5817
5818
5819
5820
5821
5822
5823
5824
5825
5826
5827
5828
5829
5830
5831
5832
5833
5834
5835
5836
5837
5838
5839
5840
5841
5842
5843
5844
5845
5846
5847
5848
5849
5850
5851
5852
5853
5854
5855
5856
5857
5858
5859
5860
5861
5862
5863
5864
5865
5866
5867
5868
5869
5870
5871
5872
5873
5874
5875
5876
5877
5878
5879
5880
5881
5882
5883
5884
5885
5886
5887
5888
5889
5890
5891
5892
5893
5894
5895
5896
5897
5898
5899
5900
5901
5902
5903
5904
5905
5906
5907
5908
5909
5910
5911
5912
5913
5914
5915
5916
5917
5918
5919
5920
5921
5922
5923
5924
5925
5926
5927
5928
5929
5930
5931
5932
5933
5934
5935
5936
5937
5938
5939
5940
5941
5942
5943
5944
5945
5946
5947
5948
5949
5950
5951
5952
5953
5954
5955
5956
5957
5958
5959
5960
5961
5962
5963
5964
5965
5966
5967
5968
5969
5970
5971
5972
5973
5974
5975
5976
5977
5978
5979
5980
5981
5982
5983
5984
5985
5986
5987
5988
5989
5990
5991
5992
5993
5994
5995
5996
5997
5998
5999
6000
6001
6002
6003
6004
6005
6006
6007
6008
6009
6010
6011
6012
6013
6014
6015
6016
6017
6018
6019
6020
6021
6022
6023
6024
6025
6026
6027
6028
6029
6030
6031
6032
6033
6034
6035
6036
6037
6038
6039
6040
6041
6042
6043
6044
6045
6046
6047
6048
6049
6050
6051
6052
6053
6054
6055
6056
6057
6058
6059
6060
6061
6062
6063
6064
6065
6066
6067
6068
6069
6070
6071
6072
6073
6074
6075
6076
6077
6078
6079
6080
6081
6082
6083
6084
6085
6086
6087
6088
6089
6090
6091
6092
6093
6094
6095
6096
6097
6098
6099
6100
6101
6102
6103
6104
6105
6106
6107
6108
6109
6110
6111
6112
6113
6114
6115
6116
6117
6118
6119
6120
6121
6122
6123
6124
6125
6126
6127
6128
6129
6130
6131
6132
6133
6134
6135
6136
6137
6138
6139
6140
6141
6142
6143
6144
6145
6146
6147
6148
6149
6150
6151
6152
6153
6154
6155
6156
6157
6158
6159
6160
6161
6162
6163
6164
6165
6166
6167
6168
6169
6170
6171
6172
6173
6174
6175
6176
6177
6178
6179
6180
6181
6182
6183
6184
6185
6186
6187
6188
6189
6190
6191
6192
6193
6194
6195
6196
6197
6198
6199
6200
6201
6202
6203
6204
6205
6206
6207
6208
6209
6210
6211
6212
6213
6214
6215
6216
6217
6218
6219
6220
6221
6222
6223
6224
6225
6226
6227
6228
6229
6230
6231
6232
6233
6234
6235
6236
6237
6238
6239
6240
6241
6242
6243
6244
6245
6246
6247
6248
6249
6250
6251
6252
6253
6254
6255
6256
6257
6258
6259
6260
6261
6262
6263
6264
6265
6266
6267
6268
6269
6270
6271
6272
6273
6274
6275
6276
6277
6278
6279
6280
6281
6282
6283
6284
6285
6286
6287
6288
6289
6290
6291
6292
6293
6294
6295
6296
6297
6298
6299
6300
6301
6302
6303
6304
6305
6306
6307
6308
6309
6310
6311
6312
6313
6314
6315
6316
6317
6318
6319
6320
6321
6322
6323
6324
6325
6326
6327
6328
6329
6330
6331
6332
6333
6334
6335
6336
6337
6338
6339
6340
6341
6342
6343
6344
6345
6346
6347
6348
6349
6350
6351
6352
6353
6354
6355
6356
6357
6358
6359
6360
6361
6362
6363
6364
6365
6366
6367
6368
6369
6370
6371
6372
6373
6374
6375
6376
6377
6378
6379
6380
6381
6382
6383
6384
6385
6386
6387
6388
6389
6390
6391
6392
6393
6394
6395
6396
6397
6398
6399
6400
6401
6402
6403
6404
6405
6406
6407
6408
6409
6410
6411
6412
6413
6414
6415
6416
6417
6418
6419
6420
6421
6422
6423
6424
6425
6426
6427
6428
6429
6430
6431
6432
6433
6434
6435
6436
6437
6438
6439
6440
6441
6442
6443
6444
6445
6446
6447
6448
6449
6450
6451
6452
6453
6454
6455
6456
6457
6458
6459
6460
6461
6462
6463
6464
6465
6466
6467
6468
6469
6470
6471
6472
6473
6474
6475
6476
6477
6478
6479
6480
6481
6482
6483
6484
6485
6486
6487
6488
6489
6490
6491
6492
6493
6494
6495
6496
6497
6498
6499
6500
6501
6502
6503
6504
6505
6506
6507
6508
6509
6510
6511
6512
6513
6514
6515
6516
6517
6518
6519
6520
6521
6522
6523
6524
6525
6526
6527
6528
6529
6530
6531
6532
6533
6534
6535
6536
6537
6538
6539
6540
6541
6542
6543
6544
6545
6546
6547
6548
6549
6550
6551
6552
6553
6554
6555
6556
6557
6558
6559
6560
6561
6562
6563
6564
6565
6566
6567
6568
6569
6570
6571
6572
6573
6574
6575
6576
6577
6578
6579
6580
6581
6582
6583
6584
6585
6586
6587
6588
6589
6590
6591
6592
6593
6594
6595
6596
6597
6598
6599
6600
6601
6602
6603
6604
6605
6606
6607
6608
6609
6610
6611
6612
6613
6614
6615
6616
6617
6618
6619
6620
6621
6622
6623
6624
6625
6626
6627
6628
6629
6630
6631
6632
6633
6634
6635
6636
6637
6638
6639
6640
6641
6642
6643
6644
6645
6646
6647
6648
6649
6650
6651
6652
6653
6654
6655
6656
6657
6658
6659
6660
6661
6662
6663
6664
6665
6666
6667
6668
6669
6670
6671
6672
6673
6674
6675
6676
6677
6678
6679
6680
6681
6682
6683
6684
6685
6686
6687
6688
6689
6690
6691
6692
6693
6694
6695
6696
6697
6698
6699
6700
6701
6702
6703
6704
6705
6706
6707
6708
6709
6710
6711
6712
6713
6714
6715
6716
6717
6718
6719
6720
6721
6722
6723
6724
6725
6726
6727
6728
6729
6730
6731
6732
6733
6734
6735
6736
6737
6738
6739
6740
6741
6742
6743
6744
6745
6746
6747
6748
6749
6750
6751
6752
6753
6754
6755
6756
6757
6758
6759
6760
6761
6762
6763
6764
6765
6766
6767
6768
6769
6770
6771
6772
6773
6774
6775
6776
6777
6778
6779
6780
6781
6782
6783
6784
6785
6786
6787
6788
6789
6790
6791
6792
6793
6794
6795
6796
6797
6798
6799
6800
6801
6802
6803
6804
6805
6806
6807
6808
6809
6810
6811
6812
6813
6814
6815
6816
6817
6818
6819
6820
6821
6822
6823
6824
6825
6826
6827
6828
6829
6830
6831
6832
6833
6834
6835
6836
6837
6838
6839
6840
6841
6842
6843
6844
6845
6846
6847
6848
6849
6850
6851
6852
6853
6854
6855
6856
6857
6858
6859
6860
6861
6862
6863
6864
6865
6866
6867
6868
6869
6870
6871
6872
6873
6874
6875
6876
6877
6878
6879
6880
6881
6882
6883
6884
6885
6886
6887
6888
6889
6890
6891
6892
6893
6894
6895
6896
6897
6898
6899
6900
6901
6902
6903
6904
6905
6906
6907
6908
6909
6910
6911
6912
6913
6914
6915
6916
6917
6918
6919
6920
6921
6922
6923
6924
6925
6926
6927
6928
6929
6930
6931
6932
6933
6934
6935
6936
6937
6938
6939
6940
6941
6942
6943
6944
6945
6946
6947
6948
6949
6950
6951
6952
6953
6954
6955
6956
6957
6958
6959
6960
6961
6962
6963
6964
6965
6966
6967
6968
6969
6970
6971
6972
6973
6974
6975
6976
6977
6978
6979
6980
6981
6982
6983
6984
6985
6986
6987
6988
6989
6990
6991
6992
6993
6994
6995
6996
6997
6998
6999
7000
7001
7002
7003
7004
7005
7006
7007
7008
7009
7010
7011
7012
7013
7014
7015
7016
7017
7018
7019
7020
7021
7022
7023
7024
7025
7026
7027
7028
7029
7030
7031
7032
7033
7034
7035
7036
7037
7038
7039
7040
7041
7042
7043
7044
7045
7046
7047
7048
7049
7050
7051
7052
7053
7054
7055
7056
7057
7058
7059
7060
7061
7062
7063
7064
7065
7066
7067
7068
7069
7070
7071
7072
7073
7074
7075
7076
7077
7078
7079
7080
7081
7082
7083
7084
7085
7086
7087
7088
7089
7090
7091
7092
7093
7094
7095
7096
7097
7098
7099
7100
7101
7102
7103
7104
7105
7106
7107
7108
7109
7110
7111
7112
7113
7114
7115
7116
7117
7118
7119
7120
7121
7122
7123
7124
7125
7126
7127
7128
7129
7130
7131
7132
7133
7134
7135
7136
7137
7138
7139
7140
7141
7142
7143
7144
7145
7146
7147
7148
7149
7150
7151
7152
7153
7154
7155
7156
7157
7158
7159
7160
7161
7162
7163
7164
7165
7166
7167
7168
7169
7170
7171
7172
7173
7174
7175
7176
7177
7178
7179
7180
7181
7182
7183
7184
7185
7186
7187
7188
7189
7190
7191
7192
7193
7194
7195
7196
7197
7198
7199
7200
7201
7202
7203
7204
7205
7206
7207
7208
7209
7210
7211
7212
7213
7214
7215
7216
7217
7218
7219
7220
7221
7222
7223
7224
7225
7226
7227
7228
7229
7230
7231
7232
7233
7234
7235
7236
7237
7238
7239
7240
7241
7242
7243
7244
7245
7246
7247
7248
7249
7250
7251
7252
7253
7254
7255
7256
7257
7258
7259
7260
7261
7262
7263
7264
7265
7266
7267
7268
7269
7270
7271
7272
7273
7274
7275
7276
7277
7278
7279
7280
7281
7282
7283
7284
7285
7286
7287
7288
7289
7290
7291
7292
7293
7294
7295
7296
7297
7298
7299
7300
7301
7302
7303
7304
7305
7306
7307
7308
7309
7310
7311
7312
7313
7314
7315
7316
7317
7318
7319
7320
7321
7322
7323
7324
7325
7326
7327
7328
7329
7330
7331
7332
7333
7334
7335
7336
7337
7338
7339
7340
7341
7342
7343
7344
7345
7346
7347
7348
7349
7350
7351
7352
7353
7354
7355
7356
7357
7358
7359
7360
7361
7362
7363
7364
7365
7366
7367
7368
7369
7370
7371
7372
7373
7374
7375
7376
7377
7378
7379
7380
7381
7382
7383
7384
7385
7386
7387
7388
7389
7390
7391
7392
7393
7394
7395
7396
7397
7398
7399
7400
7401
7402
7403
7404
7405
7406
7407
7408
7409
7410
7411
7412
7413
7414
7415
7416
7417
7418
7419
7420
7421
7422
7423
7424
7425
7426
7427
7428
7429
7430
7431
7432
7433
7434
7435
7436
7437
7438
7439
7440
7441
7442
7443
7444
7445
7446
7447
7448
7449
7450
7451
7452
7453
7454
7455
7456
7457
7458
7459
7460
7461
7462
7463
7464
7465
7466
7467
7468
7469
7470
7471
7472
7473
7474
7475
7476
7477
7478
7479
7480
7481
7482
7483
7484
7485
7486
7487
7488
7489
7490
7491
7492
7493
7494
7495
7496
7497
7498
7499
7500
7501
7502
7503
7504
7505
7506
7507
7508
7509
7510
7511
7512
7513
7514
7515
7516
7517
7518
7519
7520
7521
7522
7523
7524
7525
7526
7527
7528
7529
7530
7531
7532
7533
7534
7535
7536
7537
7538
7539
7540
7541
7542
7543
7544
7545
7546
7547
7548
7549
7550
7551
7552
7553
7554
7555
7556
7557
7558
7559
7560
7561
7562
7563
7564
7565
7566
7567
7568
7569
7570
7571
7572
7573
7574
7575
7576
7577
7578
7579
7580
7581
7582
7583
7584
7585
7586
7587
7588
7589
7590
7591
7592
7593
7594
7595
7596
7597
7598
7599
7600
7601
7602
7603
7604
7605
7606
7607
7608
7609
7610
7611
7612
7613
7614
7615
7616
7617
7618
7619
7620
7621
7622
7623
7624
7625
7626
7627
7628
7629
7630
7631
7632
7633
7634
7635
7636
7637
7638
7639
7640
7641
7642
7643
7644
7645
7646
7647
7648
7649
7650
7651
7652
7653
7654
7655
7656
7657
7658
7659
7660
7661
7662
7663
7664
7665
7666
7667
7668
7669
7670
7671
7672
7673
7674
7675
7676
7677
7678
7679
7680
7681
7682
7683
7684
7685
7686
7687
7688
7689
7690
7691
7692
7693
7694
7695
7696
7697
7698
7699
7700
7701
7702
7703
7704
7705
7706
7707
7708
7709
7710
7711
7712
7713
7714
7715
7716
7717
7718
7719
7720
7721
7722
7723
7724
7725
7726
7727
7728
7729
7730
7731
7732
7733
7734
7735
7736
7737
7738
7739
7740
7741
7742
7743
7744
7745
7746
7747
7748
7749
7750
7751
7752
7753
7754
7755
7756
7757
7758
7759
7760
7761
7762
7763
7764
7765
7766
7767
7768
7769
7770
7771
7772
7773
7774
7775
7776
7777
7778
7779
7780
7781
7782
7783
7784
7785
7786
7787
7788
7789
7790
7791
7792
7793
7794
7795
7796
7797
7798
7799
7800
7801
7802
7803
7804
7805
7806
7807
7808
7809
7810
7811
7812
7813
-28.80180465265549 7.085178023063338 -0
-8.573685277091181 5.650196728100891 -0
1.6791783838834 3.990341525698286 0
-0.8315773189860366 4.198306005796993 -0
-43.99086520802157 7.195373581988356 -0
-59.81157543199082 7.236276104706461 -0
0.5169530726564933 3.930975987662976 0
1431.246993510846 9.259252456959757 0
1405.991057150065 9.14989105318066 0
1380.624279422687 8.343986539283328 0
1357.061527190073 8.609602379580256 0
1332.264525971967 11.61371146964231 0
1310.461738745463 8.017680574447978 0
1285.848313850054 11.05876868459244 0
1264.230980900462 11.04684700550842 0
1243.152737824657 8.958135627506714 0
1221.389341471593 8.856401259949763 0
1200.094346808894 8.258332169165907 0
1179.81130979341 9.882890754408672 0
1159.6730966148 7.539952432736251 0
1134.415644289243 7.792204351828304 0
1110.617518187096 8.607399497981083 0
1086.873464208792 9.837319370830059 0
1063.708268261328 8.360486452774788 0
1041.36286714104 7.571004669268988 0
1019.954875037471 7.013803678047933 0
997.8066272677654 6.958710944093808 0
977.4480426082494 7.294245379386306 0
957.425176081412 7.746308365832442 0
937.270144208715 7.546715552414415 0
918.4133354539218 7.610279796399656 0
899.6442144802797 7.52123589300584 0
880.6875169670316 6.486666334997738 0
859.1439522701505 7.443609541443458 0
839.458496617716 7.210919488297833 0
818.9868880307313 7.114925480080195 0
799.2352199833896 7.201631340195182 0
780.1604691797572 7.783551302896276 0
761.7250222720586 6.81376475246809 0
743.958074090023 6.28320414585768 0
726.7357576063799 7.086574875605813 0
709.5341931895348 5.901389705806751 0
693.7467884213477 7.166524343569846 0
675.2734932454154 6.236521969145707 0
657.0100038066605 5.591885657967273 0
639.839949003573 5.576618134822179 0
623.6979600074422 5.776479502092291 0
607.6331274799008 6.037602267062415 0
592.0595673559301 5.651828470442407 0
577.2479193048523 5.764763736669331 0
562.6578929523293 5.675819725980854 0
546.6629633845897 6.373789643709955 0
531.3888300450137 5.54547996857836 0
516.8491992415409 5.389934395764072 0
1458.130861089246 9.082495817955387 0
-72.09294684662483 7.362588966513253 -0
-85.25310296881771 65.05313455066774 -0
1489.588615362496 63.64564845147262 0
-92.60058928728387 36.81444441879118 -0
1477.567422610015 9.911347574184223 0
66.89009069263878 4.661201512115557 0
54.94285104420755 4.987030349685237 0
78.96740869074202 5.147708106681833 0
90.52573131794053 5.102643788651782 0
103.7914814456971 5.449075284413763 0
117.1631869742105 5.777738827199831 0
131.5905304863264 5.63367169244848 0
148.0070021240949 6.219686827385082 0
162.8239568948333 6.314492594648462 0
179.5449532320723 5.953086042682192 0
197.6732553418818 7.465749659450449 0
214.9854807941901 7.32999657459401 0
232.5646794263245 8.032863851245496 0
252.3700804653527 7.597483279806068 0
270.8346702118048 7.743250589620506 0
291.8994907241416 7.771813471192417 0
310.701323535725 6.785313143722316 0
328.5082145566334 6.432238488759566 0
347.5301091647125 5.612389067850623 0
363.7308882633872 5.455763826571499 0
378.7935138789252 5.694743377183043 0
394.4236460674584 5.47417379305062 0
409.5833232919361 4.929694487011551 0
422.513297844092 4.787896259494126 0
435.5779685374815 4.929365985463529 0
-84.63707356651692 7.60355703688521 -0
1492.884640755617 36.44159581200111 0
-1.978855838567739 4.410298377418175 -0
-51.81747314438992 7.251880864394803 -0
1444.065559368474 9.476847027963936 0
-36.31988393656834 7.152704018497595 -0
-21.11173568975576 6.762804536981374 -0
-94.84222602779418 19.98918038400734 -0
1494.641621958626 20.62006557770422 0
-0.1475806122263661 3.966265708132307 -0
1.163160858357288 3.939370477219724 0
463.9848172055601 94.60261883919151 0
503.8802173184306 4.364461728415396 0
445.3070989076345 4.63474218165205 0
453.9688192657563 4.522223145042985 0
461.5268467917236 4.491921401920298 0
468.7502905909366 4.396260338366519 0
63.58696778637491 98.85678801542106 0
20.65593455043582 4.276477785405247 0
28.00079135167582 4.349262824041975 0
35.42724448642889 4.384473976627972 0
43.39604653385688 4.487991737099505 0
600.0000000038993 92.26497308105645 0
328.0810271625347 105.5221499538362 0
733.3333333371886 92.26497308105677 0
196.3627867162324 104.4113517864877 0
866.2797554620965 96.42499976027626 0
992.7740507831833 97.29253440200846 0
1133.240021235552 94.27566337130607 0
1265.889706358522 107.6466903884789 0
1407.83340565825 96.01993094824077 0
-93.60494947402873 6.855818080192702 -0
1489.603792122065 9.746155933174327 0
535.2055485508247 107.7627551337923 0
500.7737982759651 54.31716883867363 0
475.0153390545573 4.306205327969596 0
480.4931910034314 4.12466550719797 0
485.1108473993937 4.072441493731988 0
395.0832458617757 104.6359279064766 0
365.1092955795265 59.03455534962642 0
132.0788686207138 104.0661812526387 0
96.02645065273421 52.05114030996577 0
665.4394252109075 103.881258776882 0
632.7914438976914 55.99363889286122 0
265.1267902316891 107.5758568624725 0
232.5406172797729 56.43756220884949 0
804.5287975242695 100.0802910991551 0
831.2854480252203 51.23583416499548 0
928.6337870506769 106.7770594313879 0
898.813062252689 57.92882093405721 0
1062.497587906524 105.7988198562504 0
1032.787196579058 56.04317330222917 0
1205.751665797515 99.56238700992952 0
1232.808175840235 52.04270012347342 0
1334.564218570176 102.5324857964339 0
1296.52796800906 55.83092714472185 0
1480.047607720704 105.2018702689371 0
-74.17415012643461 112.0881645923776 -0
-3.333746728347606 99.7742126364533 -0
10.95383009066756 4.061928827491824 0
-95.81567993228822 14.16486109582099 -0
-90.16543830415165 16.46858625904809 -0
-88.92047034167314 22.66374600069893 -0
-84.09383640533981 18.40876307261709 -0
-82.61501339329558 24.88577710366692 -0
-77.57699553862497 20.33261718323342 -0
-75.98956795772862 27.33711557755784 -0
-70.94274343179197 22.48569108221292 -0
-68.49147170804292 30.37724224540259 -0
-75.30132371425695 35.90934330508211 -0
-65.87313445703731 39.69084849507099 -0
-58.28743173591366 31.07218745785764 -0
-54.59473321662785 44.06448422905752 -0
-44.98824617528733 34.57721118061302 -0
-41.42015736827531 48.38956030573175 -0
-29.33624557338404 38.30479224172499 -0
5.989012530512714 4.046181897788865 0
-55.85584821446299 61.90123687694064 -0
-50.50936243253433 23.47405791242726 -0
-79.18656337713719 13.65062672298718 -0
-25.20215863235888 53.8396404942728 -0
-12.84739457490515 43.23298900279229 -0
15.32088739245398 4.17000397391454 0
-17.44985857860469 25.56357161363302 -0
-4.783578576158856 32.22398868727353 -0
3.192773534334118 44.0442640520484 0
12.37688319709484 34.09048804758051 0
6.281799079900226 20.16282443879878 0
3.582743596265573 4.043663936507141 0
1.343802229590094 4.500382430853159 0
-0.4318206847669857 4.631089945045589 -0
2.527251022338699 3.988870534693411 0
8.444451576394794 4.08712924016736 0
4.08033335037204 4.019961931516131 0
3.039342489479906 3.955280370101154 0
18.92341758276783 45.36839553264225 0
28.25651089737796 35.73888347919417 0
21.98513897791113 21.00076291802695 0
24.41846372378767 4.184224651542193 0
26.16393046130779 4.354893994796211 0
22.74138747488062 4.162989576265227 0
-31.91899347911696 22.0693317610196 -0
-7.314654185598621 18.42264994154445 -0
-14.48746775748415 6.535352738275129 -0
34.42877749135711 48.535025395445 0
46.53886997841163 38.28774761627024 0
48.8688535279394 4.701912875665626 0
38.98869120640398 22.22210647320749 0
39.21118972795694 4.719246405519351 0
1.908753461473184 4.425499613013888 0
1.771258499195518 5.135714421325783 0
-73.96743300160209 46.92276015776522 -0
53.84590644142959 50.17441067361344 0
67.6629053677681 41.5177508040192 0
55.31444023004483 22.67278179542023 0
62.39252341464477 4.880061421561843 0
58.82818278724559 4.570498371528393 0
64.61670290092479 4.763656149999377 0
-59.09901144240247 21.08289201611861 -0
-53.85859212442217 15.32685171459944 -0
-45.7382592588586 15.6183676741765 -0
1494.586643661607 14.16486141412667 0
1489.104105978215 17.12830143369492 0
1488.868679575706 24.24278549853556 0
1483.152798914195 20.71151170923069 0
1482.536443058114 28.61347069850126 0
1475.293100792567 23.61955148472228 0
1475.426240748794 34.27365528315247 0
1465.966835875956 29.57367272808885 0
1467.613763521176 42.27102594741346 0
1455.281745578854 35.64287844131076 0
1457.499414864327 51.36635921064892 0
1441.811039263491 42.96270760526979 0
1443.153508386039 60.88629879508334 0
1425.607590308246 51.50353245830697 0
1426.293404136977 32.28153193035403 0
1409.524463926282 41.76817798050687 0
1418.555727644309 9.204297660804198 0
1465.058596512177 20.33771280880296 0
1442.717978225654 26.65694101661165 0
1461.212827591374 71.01273646749712 0
1444.276648029183 82.64901065386371 0
1477.623772861209 45.88451274090711 0
1409.669480045867 25.70889244046224 0
1395.211741481007 31.86190106534993 0
1394.173187628853 8.3818101635921 0
1391.922441083549 49.93059022512303 0
1376.578862086332 36.71172342361467 0
1372.706817988773 59.45328723003043 0
1356.063526506651 45.73345263744273 0
1360.202494154057 27.50922589403817 0
1368.437950928264 8.302944745796136 0
1341.425992176118 31.21188278016266 0
1344.740329493362 10.65825811307298 0
1334.418681062294 50.83372594653295 0
1323.944675443701 35.19232493187448 0
1321.478531173015 8.783941073858005 0
-60.86639897599042 14.25531129159359 -0
-73.08908109108589 15.82465187523551 -0
1483.691118305578 13.0268698665236 0
1495.497026792919 9.265493373680666 0
-91.55595744449235 46.40754587880985 -0
-9.755002870978981 64.99849859844281 -0
43.38494189930321 73.56500667915475 0
76.39405801239201 56.88138717636196 0
-81.67206946864322 83.15340049693371 -0
-59.7091615329097 86.06354043135225 -0
1482.804192820758 80.56356192598764 0
1348.5860565894 69.42128694202522 0
1490.02820475885 48.98661702907999 0
-1.229716036841765 4.913069091257237 -0
-2.481054811013261 5.407395809728759 -0
-1.158431893946005 6.243098211609098 -0
-5.027794961952192 4.658072874351239 -0
1455.577294229789 24.09862835402506 0
-93.92181019488316 27.07363787601892 -0
1373.627967972416 23.41492048009351 0
81.12733922516274 37.96854552523857 0
107.8530906348892 41.22899840882777 0
94.60536398819917 21.96179514210539 0
84.47639324459826 5.156432003060022 0
87.24138435725993 5.470551663664149 0
97.17771846085046 5.445784979527622 0
100.5678575602633 5.503276093969416 0
117.004843584166 53.49711908753412 0
127.4210426646445 38.75553207617003 0
139.5092210003461 49.701565200653 0
147.9570785698345 36.82948237211978 0
160.8605333999456 48.0635392560682 0
167.607708300119 31.53227779855301 0
171.4460887114831 6.609594774837113 0
177.7716120158348 42.31801762223424 0
187.4588785575912 29.48880680412177 0
189.1181351980507 6.333619876838735 0
117.1557447921606 22.43859709377464 0
123.2636600392896 5.726537038646075 0
127.0982905163605 5.767086138939518 0
111.4055463881528 5.556323808870773 0
135.851419360403 20.90783891765497 0
140.6271499862648 5.751060833001527 0
156.2565892094831 20.12261213335507 0
154.9945586888749 5.658714764549106 0
196.214496669218 43.15743560187515 0
200.6447218718772 27.3666911601146 0
174.6738054751407 20.35475950333501 0
76.84356744031456 23.69341209666453 0
72.02695161978539 4.972914968676137 0
74.53594407287645 5.025237101656107 0
194.0014605741322 19.4401438920033 0
203.2955454944434 16.49039089220097 0
213.2025476807853 21.45121546081376 0
207.6606866979079 6.271973726664089 0
211.4073211471049 37.55634841220068 0
224.2275807635935 28.79174418010717 0
223.5900869883506 18.11387477939363 0
233.9046128919567 21.55932965912098 0
225.6767567752748 7.548711283039194 0
151.6135985728979 75.99038575317543 0
235.0491962895374 36.2602804054513 0
248.1481394425228 26.50393910273709 0
249.225703345207 45.28067270755287 0
262.5848620783293 32.37920960903699 0
265.3518727654052 49.15958011887334 0
278.0043101513743 40.70584243621193 0
282.3221940056015 7.263818072883171 0
280.0563504265269 60.24142480254812 0
295.629828720909 43.78832640884765 0
298.2780731342672 27.26855150966768 0
311.4688747851781 32.59192578120819 0
319.9300166399894 6.542095642892825 0
301.9533520868398 7.555942782724003 0
280.6691288634621 21.99998654729827 0
307.5645757487744 19.64673136832903 0
318.6256704296491 22.71234298252688 0
325.0093234306515 33.44183188299495 0
335.7236144543022 24.72901127888991 0
339.835886476462 5.718018497085942 0
334.2336967514617 5.975755706841269 0
339.9253319187047 36.8123725821786 0
347.0402917834837 24.25639480021161 0
354.6455005313723 5.812470894484608 0
243.9822218238137 15.63825967938079 0
253.7186726578918 17.66841789005344 0
259.3184051182902 7.978152081498263 0
267.2489599326043 20.36988187572493 0
341.3420293429371 16.83864128509316 0
353.8112497129223 17.00336640965897 0
357.9293392628539 24.93821104991226 0
362.1050430804286 15.94097959593278 0
367.4896236070011 23.84453195348648 0
372.8126568604605 5.819007065294048 0
368.4094695012214 5.633671692675974 0
371.5394780490427 15.40324098786308 0
386.6572686317309 5.194504370775146 0
376.6847467593697 23.10593573956458 0
382.9481649017216 5.353035914324316 0
380.5161364117866 15.11446593678838 0
385.4722438099089 22.30349330673887 0
401.1237774679337 5.44383499686678 0
397.8190755593606 5.475754962282137 0
404.6139673840651 5.106365041914283 0
382.1026592706856 31.31385220710186 0
393.0617869159578 29.185345781726 0
396.780664605399 18.95887552405095 0
386.6733189046837 45.14643299515672 0
402.3768884674881 42.31522649629949 0
353.8984285817619 35.72839724172628 0
327.9390172333583 51.32963496956202 0
332.81185976618 15.08677297839974 0
240.8836864606969 8.659956515355903 0
297.8337059541857 17.41269747985498 0
315.8040933761915 14.24542640270064 0
375.7476174423928 10.9155758201071 0
399.5160519745454 59.02746823044215 0
418.0036112551069 54.17182716908784 0
425.5258537171829 39.7545393355928 0
429.129410978015 4.712314278208797 0
437.8523205335725 48.67922559443863 0
444.4291610153164 33.69835166959393 0
432.8217687730707 21.57980592515122 0
439.866504051018 4.909300885510894 0
437.7994067843392 4.950861616073901 0
442.2549256994237 4.558933656257038 0
456.0023422800798 43.64415366113738 0
462.3975337342108 32.21756994080557 0
452.9673573055973 19.4335930661904 0
449.3991708793763 4.473751202455019 0
447.2339643008891 4.50577086073878 0
451.1177545248094 4.946089093730738 0
472.2453268873197 39.82406842253938 0
498.3894662641527 3.945182000307498 0
499.9277936216031 3.980591705384739 0
495.1273977293042 3.987557511378602 0
491.8250024588148 4.013877104093099 0
478.1689698115658 30.06529901696842 0
488.6418811576829 4.108709467444497 0
467.1315908044513 17.84491555106312 0
471.9904025260462 4.223646829345879 0
465.1807641367612 4.596442948980513 0
412.3019157174838 25.29931357266864 0
417.1412432300922 4.842676544356557 0
414.1867349406787 4.876271656651863 0
487.1121560664815 37.27476537486757 0
491.1099111535178 25.9365726214827 0
509.0340664227173 4.857407007878767 0
511.8015687874986 4.963823017454303 0
507.0567874785034 4.661210514272772 0
482.1625890364214 16.41817320594657 0
477.9089659644755 4.153934197703881 0
482.8288638277801 4.299510819930692 0
499.6919832948291 33.57585699895603 0
515.6797394513663 44.91036475667028 0
502.9548099797447 22.14010075844292 0
495.1124314661329 14.94345611296949 0
512.6303411443222 27.8947871759341 0
524.3001409635567 5.508060165626247 0
527.829509834286 5.506029934101234 0
524.9610016965194 33.0242403920186 0
539.2486210236486 5.644887639022492 0
542.7604585472371 5.604748761152466 0
532.9062789360057 44.61705822255592 0
546.1676823496018 38.45251749016975 0
554.8440207089179 6.335328384919097 0
558.7971115616563 5.675859311485734 0
515.0266588284539 17.9758387220751 0
550.7046506557608 51.43049229648679 0
568.1317627597867 43.6643718672147 0
558.0534166585196 22.85772907779669 0
537.4965089649428 19.68882544033959 0
506.7456820824983 12.91275284297176 0
573.044316017872 60.00798835152452 0
582.2193885793819 41.8751545341341 0
579.0441071498283 25.41504627209897 0
583.3228842885285 5.780142013166458 0
587.6861086573035 5.60652669838736 0
525.3589585481825 67.0255573128205 0
555.5947298955742 79.87516890522618 0
434.5203573882654 73.87671043090377 0
387.3581307722978 14.92985701716418 0
384.4310313260325 11.16365510474268 0
366.5735345799651 11.59242234860949 0
356.5505414073432 12.03741683669132 0
359.3728500001789 5.751060833247544 0
352.0439044714349 12.15453546315626 0
307.9974960568154 71.16271329478484 0
297.117808087162 104.3734502574446 0
1385.885872518043 21.46806193189788 0
17.16877079134967 68.595817494635 0
-41.04461154264345 22.89068931303587 -0
-37.38922978262533 15.51054592420139 -0
-29.50076902329109 14.79506328201075 -0
1432.332236635977 19.95387594508695 0
211.1001955969925 14.23964008869496 0
-3.886133428143907 4.62759174671127 -0
-4.543902722955817 6.170074368423811 -0
-11.35025333575702 6.38335401484141 -0
-9.404093828331195 8.143342652773317 -0
-12.30586086749472 10.05257368701709 -0
-18.16166658806965 9.703290570077455 -0
-16.48216400396686 14.58514884363651 -0
323.0441158271988 14.87162355871292 0
-6.739520074430208 7.431867134633201 -0
-3.693181603921658 8.854844956277786 -0
-7.281143566593467 10.4780108977022 -0
-4.293713899522047 13.11332494264996 -0
-0.4739740815643668 10.5884525933818 -0
0.1268319083059337 14.40328241729936 0
3.547618234229819 11.18966900240627 0
1.797190629753339 8.217083102644239 0
5.147792150177859 8.535940827816608 0
7.254450503801542 3.987701749178608 0
7.856253290655465 4.02631629126294 0
6.632711696191958 11.10988795417433 0
8.51311620324423 8.593017020302812 0
13.23982671885046 4.155728316379137 0
14.05347979418525 4.149128658898035 0
12.44532366175465 4.142244061674216 0
9.77245689655377 10.50178212252911 0
11.49343994837872 8.613149213466784 0
18.05820488745156 4.22476465605677 0
17.19702957959901 4.193568819204144 0
12.78921702527833 11.15000824484228 0
15.58237075154302 9.006808925602515 0
16.35681525789496 11.24261031359072 0
18.20382824748154 8.734711321578825 0
19.73328438942779 11.60443115087285 0
22.47790158660568 9.117829518676375 0
23.3740607688437 11.59451345765124 0
31.87236531908982 4.33829473272413 0
33.26216555552246 4.356348773207579 0
30.49476563150951 4.615232758444025 0
25.17510636548724 9.177055688783081 0
26.92874435384179 12.01266656312674 0
29.86393532438055 9.359545406955833 0
31.13078004416472 12.59439429881258 0
32.79298882775544 9.545510138461788 0
15.83446470597568 15.90761983732413 0
10.54914375418196 6.740909154395632 0
9.525945255960108 4.048006213781734 0
10.1812235148272 4.193091896995404 0
3.706388593476674 6.102104872098516 0
6.992936545994892 6.552339015633137 0
13.70959586589952 6.548440035278213 0
16.81340154506863 6.706831200492164 0
19.4945972827332 6.747790979355371 0
35.00034891976595 11.95428905455161 0
37.8355670179115 9.561401053151037 0
39.21627252330463 14.39589435713021 0
40.91392351114449 10.14154951518148 0
46.10781811239047 4.65780364646718 0
43.50199116348048 12.70595391885257 0
46.39080668427282 10.04586839326953 0
47.63664464122495 14.07670105801385 0
50.16947692027244 9.978823749963256 0
51.67380694893871 4.595523001804223 0
23.76134015834525 6.930732047889437 0
26.21276011612819 6.705702814234586 0
27.93222941001375 17.08007889558825 0
51.83547661114387 13.44780063668634 0
54.73716321138554 10.08578319147627 0
31.38678149652607 7.142759311577421 0
33.95539382859334 6.85693344626076 0
56.56621757142557 15.83861260603924 0
59.64600580735199 10.38108837758281 0
62.07621345401962 14.64001957547347 0
64.67870251780865 10.61056239441505 0
66.85065442547554 15.61084358179485 0
69.9241850204174 10.86084832985515 0
50.81403714039068 18.73210168209631 0
39.30425234967434 7.568879138828541 0
40.85252480582613 4.62584118330513 0
36.7282512136336 6.797649336999348 0
37.61888282655195 4.361937888247605 0
41.92436676910467 7.095993439797618 0
57.33808304388751 7.778750916946175 0
56.9592431264381 4.844784695198493 0
47.92798394855357 7.668569391337452 0
52.484992622183 7.705873702990837 0
59.93014879410418 7.175557383880942 0
18.16724646432326 5.806932828153929 0
19.11166029314357 4.119660959632045 0
45.4564010199271 7.198224636794747 0
72.67455898929371 16.41009441324256 0
75.43748489580017 11.22773893936348 0
24.90451664852937 5.798155750096723 0
23.53605855350173 5.500911618938755 0
21.52698005470103 6.927889271139155 0
28.98648164721923 6.742582430844618 0
29.16272882346059 4.361891794739823 0
22.19590827081619 5.505218129503528 0
21.55845592548771 4.147466492458875 0
20.72988696542023 5.717492932631747 0
67.41609719204004 8.332803565954078 0
69.58431586480178 4.949989776046113 0
72.78601875198559 8.494309542357769 0
77.86949215210727 16.14662186555323 0
81.11894642428159 11.43024792256839 0
83.06230805000817 17.65931469744341 0
86.13733636247743 12.393900162181 0
78.39057284911406 8.753827442762091 0
81.67791724624414 5.124705203663809 0
84.28775190865886 9.055669695001338 0
19.39209682246882 5.473160109182562 0
1329.617443995985 22.73400654197141 0
1316.510646512395 23.59063153604964 0
1307.92373142637 36.03339428661226 0
1302.568220937173 19.93210224076775 0
1291.250468911819 32.79301381120173 0
1276.362236655011 42.86410008857926 0
1268.921094254374 28.74486305036103 0
1275.642944779633 9.518601378592971 0
1298.147429342445 10.331795619722 0
1256.979284418448 43.37776287946367 0
1253.152199861447 25.21927476621371 0
1253.157556597181 8.992726135461107 0
1281.488739699235 21.60546663833334 0
388.5104724525701 9.825013439642827 0
393.3453868765332 12.08405682329452 0
401.3237986647995 13.59948072003466 0
390.6670896322886 5.210415423112746 0
404.6888048944228 19.4836406006638 0
407.2772101317264 13.74588222707838 0
404.5820427864275 10.02311269787405 0
409.0426100934201 9.751581636805151 0
412.2251662567949 12.48883878650745 0
397.9886970331773 10.40954371769892 0
412.5405019929965 8.54792867390532 0
416.447676888018 10.05529949002389 0
416.5203124891506 14.21413073845272 0
420.9604775929761 12.48417980276847 0
419.6181325689315 18.42994954543672 0
420.2284698669623 8.406485633138399 0
424.2475863729803 9.637681899213913 0
426.7735918878316 5.521085648137485 0
419.9139592169204 5.589932040088113 0
425.3685820829666 14.27528398578899 0
428.5264603624637 10.94370128230411 0
-66.68202039016113 16.93771965703753 -0
-65.21311262250194 11.16053788176677 -0
69.82521847465593 21.31516901470486 0
1469.701858035446 9.01125116814492 0
1471.709879193039 15.3928076397449 0
86.27796771346746 25.68193725139171 0
-85.94795688077541 12.86830103301286 -0
1464.020550211714 13.08602802816107 0
-2.609825684007633 7.006435758380698 -0
470.7453511357883 63.75400748232557 0
-80.52867816256146 7.553465715373012 -0
224.0823210840211 43.6554805254768 0
209.799723135035 61.68158065022084 0
-6.392882592009261 5.235035184251523 -0
-89.05125002423358 7.472313037298996 -0
32.68469162352375 5.901827744113973 0
-70.92591294742513 71.00578996010366 -0
-33.56427541450881 74.6637530673358 -0
427.2922411293266 8.112241805832253 0
430.576116649902 7.912735562894365 0
432.5212840227153 11.0935373995847 0
432.8656359901319 4.669176308499472 0
433.9294465336516 8.320518883822318 0
436.1459000798114 10.77710371572356 0
436.7563689871784 7.991428977249314 0
439.709130822553 9.626084848564183 0
439.2446067941057 12.89453186184547 0
443.2355680183684 12.36248258954845 0
441.3028599722231 17.49366740746307 0
443.4038103144073 8.418383496026102 0
446.5352817843839 10.60373853157611 0
446.3338987678432 7.485940698609901 0
448.9396271961319 8.605398957544651 0
450.1379453052106 10.95852235027579 0
457.4561129194039 4.476921851938044 0
455.6659364273624 4.585364984757827 0
459.0533274226123 4.536427470435042 0
453.7369970696243 9.89203114803902 0
453.6635227747549 13.81898237859249 0
456.9320076566513 11.33929918866108 0
457.9450993766458 15.81091919878299 0
456.1034181770351 7.812568498555262 0
459.4833461173293 8.550276807394551 0
460.8939382111174 11.95997435991573 0
462.7459535824755 9.082207889686115 0
461.5607184727593 7.009951103596422 0
463.0099321593926 4.479366863109254 0
463.6666722316159 6.674082306764576 0
465.8061720516908 8.361567652517778 0
464.6013457571854 11.75480934855229 0
468.0432956638274 10.96301763578054 0
468.9690250132106 7.900853831052497 0
471.2177698532371 10.13722152990652 0
471.9278432643771 7.233299903878306 0
474.0021035961757 9.175894889888431 0
473.6136416706538 12.61523693806873 0
476.7308206483468 10.66563101130716 0
477.7444632077849 7.763962357518842 0
479.7744755923862 9.443563871419094 0
479.9104093867817 6.961677570124825 0
481.8803228813481 8.078428374293447 0
481.7678244497612 5.978000463973255 0
483.5672873497942 6.683802641183285 0
487.0975190149544 4.152332296284126 0
486.2906411683254 4.144794332509051 0
483.9568082343928 9.042537781931323 0
485.8994246585648 7.571403403441787 0
486.1944761042603 9.527954421799755 0
488.4643622916181 8.220969604476386 0
490.4168486312367 4.145680009301502 0
489.745091476969 4.114792410838656 0
481.4099286009666 4.330873026248908 0
488.1566304907423 11.48895643788759 0
490.9571946282545 8.853128292824401 0
493.6183485615201 4.090519314193903 0
492.7514074638275 4.153979265735022 0
490.5119151192761 6.67793087023283 0
492.8230438470354 7.182084593836398 0
496.939365138081 4.036346431031735 0
496.1599924311948 4.002057523996023 0
495.6718986887063 3.980484241509669 0
488.0923649171248 5.96993531611249 0
491.8064590662192 6.007935768871236 0
473.8314396492239 6.779817782307422 0
473.9364902758508 4.343922083727852 0
493.6844411643345 9.463994891040528 0
494.9070756122074 7.336190304974093 0
493.9496105831597 5.966725915907968 0
495.8363532005825 6.014644128451809 0
496.768814859714 7.217916147203836 0
501.3639618089072 4.150836760129925 0
502.1483698376169 4.184537677551685 0
500.6768351863573 4.156384090252299 0
497.5432647561587 5.937476410310886 0
498.4618954575434 7.096029460662767 0
497.6849502854551 3.987264032255636 0
499.3259957123713 5.795639546952136 0
500.1346951823947 7.122497249237727 0
499.2874020643545 3.974045281013886 0
498.836839141608 3.939370477227082 0
499.5031968543867 9.084145873631902 0
501.6870014549838 8.540646901445514 0
500.8106708167214 11.60543807854789 0
500.6975330052816 5.639675660973961 0
496.6382847339327 5.169817074201905 0
467.0802039168597 6.659725712589393 0
467.4954305975996 4.440798554072642 0
494.8949389282402 5.319080201375004 0
498.3463244725991 5.140667405457138 0
496.0452947451062 9.354863708737994 0
485.0946126427796 5.831773077056909 0
470.145457556916 6.109960086419298 0
470.7843233335124 4.303783343733172 0
483.8265180064062 5.334187191602981 0
484.1775968951683 4.094719450085361 0
478.1507162672333 6.025752619097005 0
479.0236304655367 4.311770213949813 0
499.9144801755215 5.02680411842097 0
492.0818438849345 11.91072899147228 0
489.8740351452107 15.16153458182721 0
476.9918920596963 15.09766560155186 0
453.8160584646695 7.092305156850721 0
472.8370234219802 5.760379710739669 0
480.4411161523079 5.567167893476373 0
458.0196220125079 6.737609485542187 0
476.2036875281676 6.043155259832534 0
476.7373020159362 4.361311036443495 0
486.6080204444057 6.148260770834863 0
486.0087840371737 5.203434161125926 0
487.1204702829917 5.237838209540327 0
487.9132254713741 4.133821799457995 0
488.1974045962238 5.043805029973811 0
489.1597972239466 5.192325883896881 0
441.0368527434808 7.308310947148604 0
-22.19742773461791 13.49480735032655 -0
-76.41399371680345 7.887290908772729 -0
-25.06083947555727 7.011470125869556 -0
484.075889162882 12.13981087522914 0
412.1052570097516 17.27695924513462 0
64.8804760637645 7.616578417192247 0
0.8117186440996659 4.31334391551401 0
0.8263949417802556 5.226956696827774 0
0.2323626303183534 4.469555113374598 0
1.581279206068927 6.175647774293656 0
30.32576038538456 5.888316065355849 0
-91.89741011668214 11.19385066104279 -0
-96.79918608461533 9.333224460883084 -0
-55.79148032270848 7.284133657634796 -0
308.958442363576 13.20814169563133 0
-47.88422832810104 7.254917053729351 -0
-49.8320262386414 11.09841176152623 -0
89.56804800094295 17.19209065741849 0
99.94351524142786 16.07034294751544 0
103.2970730479719 22.76166260812109 0
106.368699428368 14.97987419492066 0
116.3942712574718 14.44606282413898 0
102.5537188015034 10.55337807960689 0
107.3024821424603 9.552450004134604 0
107.5107765411075 6.09682960220742 0
97.43103905779854 10.75669086163389 0
1451.280522396022 9.739984662542577 0
1448.60550540729 16.91889228636911 0
1348.966604344683 18.95362772784412 0
30.82805341658336 98.15836496513282 0
338.1717203141126 11.73500447589812 0
344.0997652169054 11.12162688415319 0
430.2711433624036 15.29181081616047 0
447.3987697309511 15.13241921682449 0
-40.13581537896525 7.206698859988983 -0
-42.02490768572451 11.00116947379814 -0
448.4694529107007 6.478714923295924 0
450.5716560989234 6.66445785128325 0
2.681101227901966 5.596342724761662 0
38.48795860482772 5.813285724819406 0
236.1263990437602 12.25214587430529 0
245.5139353955579 9.960697219479245 0
1437.640343238777 9.334109645291184 0
1262.955261605129 19.54533014303776 0
465.6211853335664 5.918076348269779 0
1339.351225930454 17.33791107742496 0
-32.54153146587437 7.164826907346302 -0
217.4366233234865 12.07374995888348 0
347.5824802489585 50.87890712593691 0
463.0654384500465 15.49093868167615 0
-87.37542526799044 30.87868796472314 -0
87.71406586492678 8.173157699255864 0
90.88243194216462 10.77524747793004 0
93.89942951139267 5.301213205606498 0
424.9044450047147 6.695276651866063 0
438.9608430434156 6.449503011987844 0
196.9357036368306 13.08598975888242 0
190.053316066839 13.26871162561989 0
183.7810642588922 19.6628699322562 0
184.1644557541151 11.24611868715283 0
192.6530220767955 8.708096779839021 0
484.6077513282169 4.97953046809507 0
483.4302922145373 4.628165699778735 0
482.8108144528013 5.172046241039737 0
482.1398987067411 4.59630504872948 0
481.3045115468448 5.068986226996564 0
479.6883517507625 4.854703718273828 0
229.2053363752018 12.25783680415875 0
261.0392679671685 14.16709191233308 0
9.5399619455933 14.71301771680734 0
-2.818319921840667 4.38905718677164 -0
0.2888679227325752 6.503784691100978 0
1424.884526858539 9.496629075749421 0
1421.267413975132 18.25977086917565 0
303.3452522899257 12.9572342707572 0
2.057686410331582 4.017041366130348 0
502.6188714894641 4.126138247059607 0
502.4861241831452 4.758786636489292 0
501.7763959691633 4.587914001362693 0
501.0306846750088 4.673295820036691 0
501.8291030348171 5.567306515674412 0
502.8608039102502 5.692146427365588 0
503.1436429220424 4.289315398335757 0
1271.834122738995 16.67361617534355 0
1399.260777135873 8.251483548738417 0
1396.628040812912 16.22571652691933 0
477.1245271426411 5.061482885784796 0
297.1414270871749 10.16565577126289 0
291.5758063031003 13.60208778793903 0
286.5907305073325 9.947826495971118 0
263.6927868283956 8.186284291225249 0
267.3030688690298 11.67348312165176 0
273.6902068282766 12.63527166624111 0
255.4608494330614 11.1672325478662 0
501.7553799846887 4.084657687808859 0
1411.632060545415 8.449463155202729 0
255.8197301439021 6.916708026782854 0
221.4164804244721 7.546857584577626 0
305.344017993045 6.244064982863757 0
1375.124979563872 9.01187602234568 0
274.4054247597892 6.935254444193936 0
323.2710501324088 6.548459996673949 0
321.6692821613358 9.66520388507999 0
325.9495978327897 9.403927514597422 0
204.6600223708517 6.633229419767252 0
201.5264635550868 10.32103861297499 0
207.1759215503281 10.26889089057646 0
295.6663939466096 6.394200887566988 0
314.4104643780375 6.810049804404348 0
316.9719867613354 9.044202091860186 0
312.5093131620052 10.33487974767565 0
185.8062540231359 6.824152911735339 0
341.9742477757643 5.646472691892181 0
1351.686522823935 10.56711436602803 0
277.8189545047039 7.871787726336475 0
280.0755071941643 13.5329234807008 0
176.8529377323738 6.321393129017608 0
178.586132948732 9.876389227044205 0
173.8707830570104 9.01499116076444 0
169.482300125645 10.00825076441014 0
1326.928238868985 8.756025618093418 0
1387.173361330742 11.15181997053741 0
374.8373106065779 5.5501715871492 0
40.21917156600518 5.673458769995745 0
349.773074583108 5.875765571010329 0
229.0877335503974 7.067882387688687 0
1362.993530702642 8.959388795658715 0
1367.415207430298 15.91269423432713 0
236.4890432567235 7.288993248181337 0
298.5016970131877 6.426200855038382 0
218.0678299441935 6.890120823611024 0
1236.878322878551 9.04968680895611 0
1239.964056155408 15.38434946692769 0
1231.696315242793 14.58704682551954 0
1235.467055599464 24.0170919940689 0
1224.346665068618 23.09889450596883 0
1248.126922056945 14.50998125160999 0
1229.966107892202 33.62468798076867 0
1215.047769783569 34.76600102151596 0
1209.35658356386 20.35881044403943 0
1198.69708453262 32.56193843840832 0
1206.146838503513 50.09743295570718 0
1185.752420826551 45.62323180386571 0
1182.085952019106 27.53320807376243 0
1168.086686030809 39.03390530297828 0
1189.458480508742 9.283360575471553 0
1169.423441815095 60.76770837619369 0
1150.523989334115 47.47982416972744 0
1143.788043265958 29.63941207378292 0
1130.877272897554 40.44864671038167 0
1144.737023768994 7.47795236186983 0
1130.977522543027 24.20594507557864 0
1115.415565623715 30.51865677551546 0
1114.162045816597 50.33922109943045 0
1097.280610791247 37.03502732057235 0
1125.168452600059 7.409725365760355 0
1095.205571340432 62.95479319212111 0
1077.534186171191 47.70532888935679 0
1080.418880937871 25.88945182145385 0
1063.882928797004 34.20547882796618 0
1077.754589134699 8.366203996929626 0
1093.656874805861 21.89854101457611 0
1100.736952170933 7.608262422875547 0
1166.63418438217 22.90951815256995 0
1169.15947322131 7.819471499096947 0
1210.414610859975 10.49739462603598 0
1067.669283911047 21.07710315358573 0
1053.600856655851 22.8641018128288 0
1050.318748694013 7.808381898173493 0
1046.298193667185 37.49188380862161 0
1038.146140001569 23.97212421562626 0
1032.128986973813 7.009244648778781 0
1119.972876028397 18.22531063178777 0
1196.153749120941 20.58912218099251 0
1057.140979365915 53.86093947445428 0
1072.517007341074 74.81868601731826 0
1095.841235912191 96.45261880258938 0
1087.216025656665 17.00632276417774 0
1141.109435369916 18.97875461294836 0
1153.033261488112 19.34674764318437 0
1046.008992767242 16.78087144144179 0
1030.368049344991 36.37344590017754 0
1021.535968871052 25.043058947617 0
1014.601134137604 39.92663932293399 0
1005.074572844544 24.92880611231858 0
996.6912896960163 39.00607135921795 0
1006.252827514959 6.952219870708948 0
988.7884758062455 24.76495708155893 0
980.4874021377162 38.6847766999929 0
985.6949266138163 7.329955414379225 0
972.4791846537174 24.55076083910481 0
962.8890543312508 36.02317513887361 0
956.7997049265734 22.37324460862205 0
948.5785296704765 38.03303080019537 0
956.1765845203666 54.43946766974474 0
941.2227028367531 22.3524165264045 0
931.4520467829016 35.03530423489749 0
925.3387951895523 24.03183844594613 0
949.4187948209843 15.25460088175448 0
945.1536120821768 6.848709421295642 0
965.2782291256325 15.77627761473288 0
969.6912177651623 6.82449050737484 0
912.9010119639984 36.97600901299747 0
910.9083109876414 23.37511574128982 0
928.9604486266785 53.2303628604493 0
985.6474362343852 59.7056871464255 0
1013.160891284701 14.98508241418488 0
933.2296034105822 16.89540149505028 0
926.060517919677 7.734123253040553 0
979.9622296251415 17.16541424839196 0
917.7100411257064 17.24093456348929 0
910.9079604260228 7.367590986836472 0
1030.171679128717 17.37006845804881 0
997.0006921820786 17.97180628730652 0
898.2767742570707 37.80295909175013 0
892.531999407606 22.11671168442678 0
883.7941103634402 35.92694019097029 0
869.9153398771067 6.446185363102932 0
878.9530309744903 21.30538008627263 0
870.1786041734988 33.79926539796446 0
875.5688434885175 58.0760601399919 0
866.3590210577946 19.72856086422494 0
849.2143507655302 7.930977652456367 0
857.5543886819152 28.76209606743549 0
855.925648913073 18.30505567056284 0
845.8639211525991 23.41400674951624 0
828.7415342259529 6.650327290406198 0
885.9305790177547 13.45922548128606 0
891.9644590024907 6.743366461669203 0
903.6948215913592 17.55849429757031 0
847.2418795069784 38.72486897300089 0
834.4111099910751 32.22416977353281 0
812.4733356314192 45.70431018627682 0
814.678543787448 24.92293233206577 0
809.1409628605145 7.05343336049722 0
836.1204757307697 20.53933584354799 0
842.4972228139974 15.97120570161132 0
965.7320519745869 78.03468735638225 0
873.4911806253359 14.73805317278518 0
1009.95323391148 61.67686486981219 0
1176.208456904306 16.87949313323251 0
1185.704745409529 16.32426035739644 0
1191.137553697788 66.59832161922058 0
1170.304031392916 89.93551110375238 0
849.3273278348046 13.54051233197973 0
1060.474872069745 15.02959817158574 0
267.2911137602179 7.020603600499504 0
317.1556079197917 5.979269507831471 0
1305.363887918133 10.15177588413668 0
1292.334432027063 17.29939449933022 0
211.352461159804 6.662648161886824 0
1338.908200119402 9.421976132028052 0
1315.204579220826 7.886139703637673 0
1292.347732645226 9.237991760728933 0
406.1163173256705 5.393732205985774 0
120.9014071635029 5.748320616742149 0
122.2410547812509 8.298309033452758 0
119.2552240662776 7.490528126727383 0
115.9355195642492 8.587088511513405 0
120.1581808650715 11.04424957767399 0
125.1456250988284 11.30016566332326 0
122.0745843468365 16.38387059144622 0
128.5169549430393 16.34306818919842 0
125.7898059107725 24.26289923010477 0
136.302518822031 13.02556437414441 0
135.8546932324157 5.912933336358002 0
142.8138762262278 16.92974403184811 0
130.5192401317261 10.83712109706333 0
141.8670582877816 11.41090608389067 0
147.5134532997056 13.30761689589907 0
125.1774184695597 7.636654262410375 0
112.2636023081565 11.46997183779397 0
77.16523094586019 5.143118694403626 0
114.9201164110985 5.796946733633696 0
113.1197068334831 7.526773992695706 0
288.2019978527507 6.385348686818737 0
285.5128606321064 6.219398651134604 0
1154.084727574553 10.04293870385801 0
307.7862649141365 6.056722930665408 0
325.917454998802 5.976925200006186 0
1231.882965270343 8.423280590723953 0
1280.569574676246 8.556603196264039 0
1120.287042010099 9.731673852124734 0
331.6983171007021 6.590891317162011 0
330.1856919897839 9.595110403145858 0
1258.391128689792 8.502706568823891 0
1270.198450411953 8.557907052522589 0
1248.143206485108 7.992168602915563 0
1226.518248640475 8.368922851800736 0
337.3235204705811 7.177438807393596 0
-83.54556073974764 40.21529420293324 -0
1096.412792058145 8.516719548041944 0
1216.407094136115 8.288650477972764 0
1217.834836291643 14.24288840384769 0
410.8624545200594 4.88739028130149 0
430.5051804436146 5.367422425593219 0
174.0622793986195 5.889195812923832 0
1194.321323690036 7.873829190456131 0
1072.544181402395 8.2648796676652 0
1074.687948869259 15.0898758755231 0
1068.181295601776 12.8022142846293 0
1057.994422189243 9.632449235874164 0
424.0135184299672 4.911353911742924 0
42.47518038740827 4.568071768743716 0
42.9138357736592 5.658480868542299 0
41.68159822099909 5.347684647109845 0
44.32115951331503 5.493946850917109 0
27.2849963699495 4.355921640067088 0
27.63728267063671 5.00526549418232 0
26.7794183920182 5.164623204351757 0
28.5027412940587 5.169849905149007 0
19.99131309305292 4.275002849757138 0
34.635547804296 4.453320079985525 0
35.0628351367889 5.261577042784946 0
33.78198319233868 5.18983820303726 0
36.21458640889458 5.225842303530419 0
1204.928873587943 8.17765829756995 0
1173.768329855223 9.57280424230346 0
201.3275095621381 6.384003538438538 0
182.2727040167652 6.899957811435761 0
165.4427182542293 5.832423959526706 0
164.5934340668391 9.53784184909596 0
166.0245351977126 14.18482398841998 0
160.2329333991737 9.071986799457111 0
167.990229065833 6.581351891311653 0
1184.688614004188 8.396925871898615 0
1164.196005755426 8.099283106050629 0
1161.067179341508 13.88223501758031 0
1139.998529224823 10.1618195605126 0
352.4683084042292 5.572854550323568 0
1149.192428797761 8.034369494694355 0
150.2899078742997 5.830321816725815 0
152.5094653461165 6.226554278662867 0
154.3940002571644 8.948746503124998 0
1028.192590116309 7.536046502755021 0
1129.535416390899 7.949322652602015 0
1127.088248237489 13.66402597996628 0
1114.164889277771 13.16988983980888 0
1107.712039482592 14.31853010856909 0
61.29510256764664 4.635121769766032 0
1016.026099725685 8.2554190962226 0
443.2554428189159 4.693164451529541 0
442.3856354899257 5.928608344820118 0
444.3596487052758 5.957391032159168 0
357.2605175713822 5.521690384673401 0
157.5285275849359 6.999846132658288 0
160.2870644687697 5.977265105352771 0
50.61876345267427 4.687489137629285 0
51.26643560670331 5.955229756284459 0
49.86538972006345 5.521760477623848 0
52.73322020707811 5.727839098698622 0
54.61412095075674 6.803320526733998 0
1105.105855301533 8.816405441640262 0
1115.049152987283 7.886647223049223 0
1091.945160525225 7.839518620222014 0
370.8149231023118 5.416838414215371 0
371.1552089400353 8.705228954575324 0
47.79363314120788 4.709832671475877 0
48.32490806698151 5.887615779485624 0
46.8980763804995 5.706317580911038 0
53.70343615591628 4.851570614401296 0
344.6556457790502 6.815679395867118 0
459.9920263845643 4.538572702583152 0
459.5421104807655 5.423154562695824 0
458.277314289919 5.233440001890133 0
460.7445685602609 5.339254386215838 0
384.9234492778884 5.415054897850267 0
25.43316661532029 4.357074238649806 0
25.72601324823703 5.187233343889107 0
452.1820932775317 4.534235769001433 0
366.2012697790653 5.65766661825046 0
965.5019495891879 8.859620719261553 0
36.86141977732261 4.492015875469708 0
37.39702210933822 5.185515320570294 0
45.09285994760778 4.650389438141612 0
45.58801050499462 5.753193564992135 0
381.1022912413984 5.801188152508198 0
380.125788239073 7.797171131963371 0
376.9300593668368 7.808108637026637 0
994.0249021471908 7.387228524962252 0
469.5763479684631 4.410406860704903 0
469.2802440559539 5.227765576925917 0
468.226812119463 4.997596912311765 0
1082.083115182784 7.744018304627805 0
361.8643001044631 5.422353327526149 0
362.9925417242922 7.803374339251026 0
376.9023381279928 5.442939767325241 0
392.3818883764666 5.585930517618864 0
393.3917417785385 7.461771701858182 0
396.0864512760913 7.677030833060552 0
399.4220860423977 7.356268086442394 0
953.6487394285452 6.870882887561987 0
954.5162212629896 12.00379648091435 0
933.5388151566059 7.123780331564554 0
142.7396533183724 5.504964729266489 0
145.3544994544855 5.807482028602103 0
396.0908626183084 5.225391917678661 0
138.0528129673379 5.514083256438997 0
138.3225058431422 8.325447059900634 0
133.8183569048394 8.198414613814803 0
399.495678334125 5.155171609118262 0
463.8653979678622 4.512551148169691 0
463.4686217336882 5.268806088218116 0
462.3263729131019 5.382236791025298 0
1036.950750992278 7.548751266523243 0
1038.717722689616 13.95245308372509 0
388.6356955612458 5.95045740581492 0
1068.208782404731 7.385516081013858 0
1046.255870227594 6.968462525598675 0
1023.501140150263 6.929454972339385 0
1022.277751228291 12.52184828399853 0
906.5745458758026 7.420623307671057 0
908.7134830912419 11.46538343731175 0
903.1070227288557 10.98473824862291 0
915.047643592186 11.45425829775026 0
897.7517050734247 12.91186398888862 0
593.9774505550041 60.65312162194832 0
612.9149685964287 48.60609884685389 0
601.607322612074 27.34878134859054 0
598.4424383493708 5.667878347120783 0
603.3954609297828 6.257951972472895 0
1010.307940563885 8.353030505703744 0
888.5118690978376 7.824170352511483 0
877.7277192146416 6.398744079990671 0
879.3291916923665 10.87443372099746 0
989.4346440913873 6.894118545008284 0
988.1409269804434 12.6253119014731 0
23.76763051256066 4.460214116736042 0
403.0777939206436 5.47280947012984 0
402.3581960466496 7.659868860664649 0
866.9997175301911 6.359648191094984 0
868.3493343190967 10.94609949506507 0
861.2260295437395 12.20958035148887 0
125.1729495577326 5.326055487999193 0
113.1491836715157 5.390079070393239 0
472.6861629574587 4.561674139684284 0
466.1154471896439 4.621313817663295 0
129.4812422678149 5.842897572726643 0
973.0304610143185 6.741153068037898 0
972.0968120587027 12.25837140693799 0
105.511831917183 5.291261188104514 0
104.8078687761815 7.410401053901383 0
102.1798808506707 7.17879231537132 0
99.14721789683229 7.375204551582756 0
80.34639020703602 4.888429212247537 0
80.3394790908017 6.574371830231254 0
82.99422009352995 6.616811863235109 0
133.7987302082127 5.657666618015165 0
91.99716503104595 5.460953982806899 0
92.82555602078222 7.49009104201127 0
95.47432040972092 7.070860568268809 0
90.49297959396957 7.013233818742293 0
85.76756114682775 6.711851067207928 0
119.0718772620222 5.303317514133872 0
68.23614715977675 4.808072597886135 0
68.69857951407836 6.483222242912916 0
70.73321625537147 6.252252198805567 0
1002.438806339431 7.399433896229858 0
1004.48200395032 12.65300969164606 0
409.9773116739706 79.1856423968056 0
981.1504547175311 6.859023175186663 0
961.200241922196 7.221013556834242 0
941.5215523866564 7.682566955711284 0
938.7330166626107 13.11283491500435 0
930.0754946900645 10.57936834611989 0
923.4816571236312 12.82469004741805 0
109.5920007852911 5.346599494445407 0
110.1990191664418 7.591491456691313 0
89.00000265133534 5.543264495052346 0
102.1771496932274 5.247897740759716 0
845.4949870701103 6.652373929509147 0
854.8063588344048 10.42397786818775 0
825.1165606655022 6.96812064884567 0
827.0646637843545 10.71919224184077 0
831.887101681383 9.840119618373443 0
822.4045872084287 9.817962062539747 0
817.0179947705203 11.6942249387465 0
823.435518274576 15.30694977436028 0
98.87272111027221 5.164853125015958 0
85.92191291933162 5.002063111139321 0
855.7808264672278 6.423799936558702 0
949.3543395712074 8.26438876971506 0
835.2711056251252 7.104904155985044 0
837.0584980329897 12.13853093404369 0
815.2008952602181 7.189232016092734 0
811.9137496452202 10.01877345423111 0
806.4022703319943 10.95022828922565 0
811.9125074777236 15.70823422253805 0
803.8181879665034 18.43540027063061 0
789.9062135542163 6.78633725881616 0
805.3432603106502 33.06165913825297 0
793.6044584145292 24.03765530159493 0
797.9966820675597 48.18708913308873 0
794.6683228138922 14.78280447439683 0
785.7380874081608 17.58561773294291 0
770.6518929778189 6.070797830949761 0
784.2739892342527 29.20370388320849 0
775.231398616858 21.34260983520076 0
773.0882745195361 34.21974824424745 0
763.3715303753374 26.7301115844097 0
752.8218402088572 6.321585372888419 0
760.5557907262224 40.76427466435299 0
749.7222376100764 30.39954622358636 0
746.3208802985306 44.55796101287403 0
732.5213577319312 36.06187951048309 0
759.8466006387816 60.15309617039717 0
734.4218438247656 19.679894030369 0
721.2122129251261 26.1210884254309 0
717.2004767782312 41.03918330312766 0
718.9021537354221 6.746401196340663 0
708.4800941817267 29.04485376440279 0
701.8576522414547 5.812482495591446 0
701.0071223620604 42.17751320639618 0
686.4386135673547 32.15290001514472 0
685.306403870165 6.65535783175731 0
735.2266007749017 6.245395752212385 0
684.6321480152791 48.11531874559542 0
673.160555344975 33.38413395206583 0
678.7174130194293 21.62781323756489 0
667.5361421169256 6.342343759255638 0
664.2231231940682 22.67870283934225 0
658.6990274423094 35.88177220262049 0
653.1553211198118 24.04341091076115 0
647.6133137545447 5.607245222718259 0
652.2176073314849 5.700030742003483 0
692.0272002649613 18.03121629972791 0
747.4784421042785 18.32681749744721 0
694.7079244319367 62.68473414311432 0
713.1434035116771 18.11304391173441 0
722.2408985701375 15.77203384487137 0
671.0604132458689 15.03713509221765 0
657.691928210982 16.31504131165608 0
649.8357513964481 14.46967821711251 0
643.0281339328467 21.01992403880425 0
632.6589809025428 5.586605557568963 0
643.0967299196826 36.02719181045776 0
633.6338424147038 26.54907447482003 0
631.3525087404561 17.45447549826058 0
622.9502507634606 24.54303087352895 0
614.4598171981698 5.944368914474861 0
618.721953654049 6.301978111138694 0
622.6327138419063 15.06045540607265 0
615.4507480130324 19.9078573217422 0
766.1874738765164 15.95589669556163 0
612.5703368074986 31.32821451404221 0
603.6922683791284 16.62920144666374 0
638.5360987525571 14.16466690319224 0
666.3282322129643 52.85707437810075 0
684.1567767700508 15.40819232847859 0
680.0538987249876 6.381279638009369 0
628.5274022007952 11.63881881449541 0
627.9340249269349 5.490071537485114 0
615.8100878717586 12.75571437805959 0
643.7545603882155 11.26637660355041 0
733.6376828811451 54.96824695315641 0
773.4284336286131 14.16720348298318 0
769.9760751047588 94.73943630183935 0
779.5023973341731 13.53042411026984 0
702.7344977636236 19.49426436624735 0
706.6084019969412 13.53017859555826 0
698.928762149996 12.64069909205662 0
693.1686644215949 12.11132532097379 0
712.4208627956684 10.91713054602659 0
655.0731021780617 11.852329659744 0
660.1979633329531 10.46344082960027 0
662.5393588238901 6.598794543751211 0
756.9717464789569 18.23654266323765 0
717.6936692810269 11.29624028306129 0
688.1471795082247 10.68529400059469 0
690.5804949653718 7.282003152990614 0
664.060450854899 14.84092198437825 0
751.9818905963257 13.33143486911423 0
758.6989599227088 11.87431700387978 0
745.9752900054807 12.99869078161393 0
809.732397234596 65.81133600474347 0
785.4170747662981 65.4427124889277 0
817.9257394309504 18.72931283260236 0
800.9278143368161 12.13717126032612 0
619.9007874535379 9.667198129625426 0
626.3262620665776 37.17454156876067 0
624.2243953444569 9.149795917477261 0
805.8502578669136 6.40753570988742 0
95.46874961166009 5.063571750680586 0
929.7625864090887 6.729489869310082 0
786.3663907203666 6.927323417161063 0
788.8959161471987 11.11430658165425 0
415.5275177575929 5.018471460032094 0
414.828477101564 6.711596512273597 0
75.79455164597151 4.833315771052983 0
75.57352601404804 6.914894638039282 0
73.23767060982726 6.22693488256711 0
767.815467760418 6.463163371403891 0
770.3548374712495 9.864580528853184 0
764.8333282773805 9.833708997147074 0
757.9820680075404 7.621773067881594 0
914.6203957485274 6.786425816197277 0
418.4421051592212 4.980702747380108 0
417.5729895191147 6.571933496686774 0
489.0696519435274 4.109747070174995 0
488.7967380253374 4.570799682348692 0
488.2991072174287 4.4958440804351 0
489.3607430415245 4.441708434519476 0
489.9516465076837 4.559684644513847 0
490.6269025790206 4.677940280166665 0
491.167588913028 4.110272534545495 0
490.1332407947522 5.468816178154436 0
412.5280654206579 5.639006394995762 0
425.3545344171142 4.891127880962033 0
922.3822323423896 7.133818619371652 0
65.7357770966148 4.892567974883007 0
66.59702148733619 6.165658789306442 0
63.48997496159002 6.061429303500296 0
83.03137661502075 4.879589813991788 0
895.4268855230648 7.838163540453301 0
903.0916789843442 6.969604481231102 0
883.9675221424051 7.690749314965455 0
479.5033084836214 4.170047497795936 0
478.8056235414889 5.103815413317115 0
407.8436995000085 5.118042377080424 0
431.763852834843 4.808072598000032 0
432.5857233685398 6.101763227613369 0
749.5533664738265 5.934497784187668 0
427.9765224085057 4.857150797008621 0
73.28993919053568 4.74501739057987 0
873.7850599633869 8.129073690277329 0
481.9474973487266 4.115874158891264 0
795.7378127395579 6.907250273420849 0
793.2693880910576 9.387098792822419 0
421.2699107702791 4.94405855957743 0
422.1475206877539 6.525978612284651 0
434.0377197702425 4.935269604125314 0
28.5637413896822 4.27620090478616 0
44.26648642110283 4.426465605231644 0
21.14506251682141 4.150681220816497 0
21.31573661719365 4.797543177825063 0
36.16906160817916 4.320466431125618 0
70.76565941023814 4.735031388705563 0
436.7260742795838 4.704508103716567 0
776.9538965637435 6.404983312148682 0
740.7931618259113 6.623967270323535 0
438.8524872392647 4.739604942899123 0
483.3073599219069 4.133688150949338 0
852.9205530355773 6.540225714789634 0
715.3840663479074 7.100849354782795 0
722.3777228175469 8.806865579477943 0
727.1668948499644 12.11694648962227 0
730.4587264192537 9.25344288570634 0
832.076587396936 6.500892561965823 0
16.66221246480012 4.201000620440385 0
16.92471466648789 4.740353755796352 0
16.20454694972793 4.678365885538385 0
17.64874827192043 4.734204772580925 0
16.54420876050103 5.450360001262927 0
15.543224238199 5.430053739226435 0
18.47222578636365 4.863002161903302 0
863.6769489036029 7.409822929848729 0
63.46916223890231 4.671021666347562 0
842.7095770061926 6.46191382343095 0
822.1257113079627 6.280201638293122 0
441.0626870671953 4.687573467249453 0
812.1163623997527 6.352287766164213 0
57.97332599935042 4.578482762163985 0
58.32583662794235 5.905808726639279 0
699.1132139629864 7.25973748949251 0
696.1553747403573 9.439467437971828 0
792.9065748213263 6.116137265011885 0
60.02656758781131 5.125811776191624 0
774.0297495064883 6.411212734739855 0
52.68809295111933 4.534986542980826 0
723.530058786303 5.915011351303125 0
707.052006314737 6.137313057301032 0
672.2979839025606 6.273359031903584 0
674.1207227734802 9.824710328936348 0
670.1377154600341 8.868681875734344 0
677.8836873742205 8.663576905256894 0
682.4256717017485 9.636396036613377 0
678.060780814133 13.36630398817795 0
665.7630922604327 9.727140763599596 0
475.6784110857448 4.30784690579145 0
475.4139268942795 5.041697619349214 0
474.5555738548729 4.81551578976614 0
476.2272959862103 4.8412771489562 0
485.5087974816858 4.12540947910573 0
485.2875318019184 4.626582061233719 0
485.9214478723341 4.498235338721937 0
49.76492137980264 4.482232498183751 0
456.6261573572997 4.580570649925336 0
456.4202840694585 5.767048860834394 0
454.9184517814689 5.628988677667443 0
55.91887676572668 4.720774048464595 0
56.31621028088 5.963500206847852 0
448.3429023628013 4.925897118658134 0
458.2812449320977 4.382187575566133 0
26.73160444221865 4.27508776784301 0
454.8605057470852 4.508774187264554 0
450.2394575679974 4.557149228953211 0
446.2675216421097 4.725245041983305 0
38.27618681971209 4.596664223192776 0
46.93644618319652 4.53206000554975 0
33.92513091477687 4.299901411246073 0
460.7412742602338 4.417332694421591 0
444.2924097198203 4.557059533068151 0
468.1455605331742 4.266931160950184 0
453.1063437207698 4.61566887418223 0
452.4761699401165 5.791117421323588 0
40.06333900185261 4.442994721159999 0
41.68366469244313 4.408319519831737 0
802.8738138070524 7.366094433272394 0
783.3491394497594 6.45153346272506 0
23.23594880518005 4.224936649535162 0
764.8145447201994 6.122127424203811 0
747.1298879139169 5.85495599530326 0
31.22453103869286 4.323865069917689 0
31.55559498307276 5.335011906640015 0
645.3830484836247 6.501905026757651 0
721.3470990326229 5.793655625424345 0
462.2955305497558 4.370705011210969 0
637.8678374597188 5.51867127429902 0
638.8250938495144 8.473212188055607 0
634.0034137274791 11.13312916927968 0
611.8347625659652 5.976985875920466 0
612.9175838524213 9.197284866276283 0
609.5731898349989 8.322839559986456 0
606.1904837204708 9.067600690355855 0
601.5675716752338 9.940956888562658 0
597.7360378624319 13.57394674485326 0
609.4176080053614 14.00646746642252 0
616.3941898061159 8.26607262045332 0
597.4805967704247 10.23412319614609 0
592.5976085293058 12.48045842289764 0
593.9645118493941 19.75311849848173 0
586.8619943531633 15.85455368940463 0
589.9930961362084 29.26867805368719 0
576.0185409842137 15.97697055159011 0
568.9476241438221 5.725325546995479 0
572.9032075671707 5.542514854070453 0
581.8334517647679 11.85411894155261 0
568.3417947087169 22.74579011736131 0
568.9397322327699 13.43554517033284 0
595.2373747594287 7.519244224149134 0
573.2957828592982 11.02728113490314 0
587.1240723434794 10.81759253387072 0
29.78381365846962 4.312149413043839 0
29.54271524001703 5.181670394596193 0
581.2870139411008 5.589541419424894 0
566.5848454379059 5.754717381383054 0
567.2342257951401 8.639819397860576 0
563.0791943948877 11.37616575890082 0
564.1459671300852 7.448150224009445 0
570.8118086389529 8.057665823238866 0
563.2166019729793 17.09567131847317 0
557.4163138910844 14.24267808195832 0
550.8586198658265 18.85067286143057 0
550.8031249935457 11.97060365611726 0
550.8591239589613 5.767329039023527 0
543.8480687093765 15.35664804727349 0
545.8999557725778 10.29885899251676 0
540.3847766841259 11.00334157605461 0
555.0484037882327 10.0935794917672 0
704.0937665665928 5.760190458006151 0
703.7265098508655 8.694987508067214 0
32.63176577254062 4.265886234055747 0
729.6360290330998 6.072342944919644 0
711.81998608353 6.857280162513439 0
696.2717562211888 6.273145854206836 0
677.7015310293245 5.756275702482394 0
466.8370807846364 4.384122879559582 0
467.0988572511599 5.358502026061975 0
24.89090758582052 4.209634525582479 0
682.7070102735515 6.034606701276012 0
15.82533242578532 4.188990260248667 0
15.5564906201861 4.618061220322988 0
14.93580083918217 4.651540923080337 0
14.37621385857558 5.462834833189434 0
15.13355646018518 6.97928082511212 0
13.17455288772599 5.490572376459955 0
12.18021391309626 6.429466217260329 0
10.92703842975961 5.538222640037386 0
11.73520298138024 4.114501758994766 0
9.692948530627399 5.362725776369457 0
9.024733085824858 6.779116884198168 0
8.58294616643737 5.326104031943658 0
7.192536560884053 5.315437860331238 0
9.137502557606116 4.816265985703247 0
10.34930649916889 4.745016478592961 0
9.688879264612213 4.496610255030275 0
9.167183624560719 4.207962650061638 0
669.9569668724706 5.796876933378713 0
471.4738366889544 4.214458120811391 0
471.671214841968 5.098536898568645 0
464.5360559774244 4.403925075679217 0
470.2199202537835 4.268835466840246 0
22.15068206017163 4.427490456280935 0
16.23703203588752 4.113671353245487 0
665.0915594356338 6.033655813321288 0
556.9046024868379 5.47416897398001 0
557.5802464067906 7.706507059614128 0
560.6976216856339 7.741935222483034 0
552.5705611485265 7.971898829038582 0
544.5994342463285 5.439202340723248 0
649.8219442365377 5.873822518313449 0
648.0549168687421 8.825022944425227 0
552.7205741715005 5.514911250596241 0
654.7678304729141 5.895221113604889 0
635.0869185047677 6.720486492186938 0
659.2123674435021 6.466915482105223 0
642.1322634263049 6.553018658864307 0
625.7474308685505 6.051062332678858 0
609.6981934367363 5.567485540593867 0
630.526854695633 5.790341533013188 0
621.4793870507837 6.399241943388945 0
616.5549088067597 5.729891323145081 0
605.5351584882744 5.772630985978233 0
473.3369774762014 4.296920876670283 0
473.6616505757275 5.16506285432675 0
600.7749783769516 5.816166789905281 0
585.6184832243916 5.876969259061505 0
584.478647813881 8.404310121683045 0
589.940440451421 8.249772066971898 0
570.8333897001296 5.532075316697124 0
560.6859275134136 5.318722851989924 0
488.2894533235767 4.047675069467518 0
476.2109703177744 4.202087018238228 0
589.8734687178166 5.401625447160334 0
19.51887492789736 4.143670025653516 0
574.9249344750534 5.825293272264318 0
575.9639912835703 8.339858129438827 0
579.1644438703116 7.918512258985752 0
478.4412181235905 4.319582456472266 0
486.6771805334227 4.076749840904591 0
486.6637202869708 4.565642317026545 0
487.5409315020315 4.563661149733207 0
480.9226193682496 4.161373983351688 0
579.1752770459343 5.568166817044888 0
564.552070659999 5.27573746627467 0
548.8818890352178 5.53687664227865 0
549.279603048903 7.986559467114122 0
477.4216804545227 4.320783838965826 0
482.3466936609951 4.116582209501044 0
483.75388473576 4.17881443395046 0
485.9114712214754 4.09267032416638 0
17.62973697304669 4.130507649568367 0
533.5641709356593 5.592114108972356 0
532.3375130176437 7.9226253856757 0
535.0885656004443 7.151591950661039 0
534.9943857268663 10.60746592895264 0
529.5158615114633 10.56077071029291 0
532.1546450110202 14.95876713219173 0
526.3497580969375 15.58618696717381 0
529.8430032635752 22.85701260850872 0
524.3268250930865 10.82593173202232 0
520.3952581375602 14.85266190259132 0
519.7331645001308 9.727475390651925 0
520.3961962470754 6.114728248006148 0
529.563399828926 7.243598605606892 0
516.5669438318333 12.54889258629577 0
521.534336861228 22.03178796138361 0
515.8394196963158 9.21473008295431 0
511.9473304645969 12.17108638012224 0
512.878178111745 8.031995342690514 0
509.2302545053788 8.398319518127632 0
505.9193970321666 9.541220913786495 0
506.5549021864299 7.185111720700189 0
504.3291811467356 7.737243196813997 0
505.3064222878796 5.816530073391892 0
505.1365154629523 4.543181408393566 0
506.0057412939732 4.692203774934589 0
522.5120767939321 5.322190048373865 0
523.0957831971164 7.485818784765478 0
525.9776128251873 7.392009517027113 0
535.2871216416239 5.126044267706486 0
537.0211560266341 5.56899461067097 0
537.9553973762645 7.926056794435486 0
540.8715636135522 7.217969292794634 0
484.6511580702978 4.284226682290782 0
474.493486665312 4.193128640292717 0
479.9413498556094 4.183763556756049 0
487.5206089461203 4.069963049095065 0
489.3990849335676 4.033249583106625 0
18.57483606149258 4.164535536184197 0
14.53760622359939 4.171851608027227 0
14.31505799133041 4.600833451396412 0
13.65324915573119 4.635381334147288 0
14.93154086546348 4.09867930100442 0
11.29725219795943 4.14325607248801 0
11.57307897522678 4.515229338431149 0
12.08334514321543 4.508499094562384 0
11.7570995286572 5.161915055854295 0
12.85247136480168 4.627381391007499 0
250.1273685715757 11.98655191637393 0
490.0725999494427 4.064031412930801 0
407.0859090853226 7.471684583462676 0
490.8122679251196 4.095411186289052 0
10.59954264751251 4.192615274718553 0
12.08716720614564 4.053048983046272 0
12.8549494850771 4.08507075381217 0
9.842460252985482 4.048759007389553 0
518.5460683492403 5.296632749343302 0
13.65937513046748 4.088047661884891 0
1092.774836356054 13.32711032304396 0
8.582123500590166 4.519960702834827 0
7.918614687070402 4.93781158160204 0
8.135049520570371 4.002305754395969 0
50.18826816923323 7.222666378267537 0
369.3475499259231 42.12705526921852 0
7.512193456577823 3.983520564782413 0
7.375882047689721 4.403584783470517 0
6.578127670427912 4.113682680001023 0
6.659495134747853 4.658792119388195 0
6.357843276105653 5.572485706782029 0
4.890848255099281 4.03392539717176 0
5.410364874930622 4.023535386924284 0
5.901947843245575 4.821362256666822 0
5.423039683794222 5.551471307226599 0
5.188343808196733 4.739735287199218 0
5.682929213804593 3.982243368308708 0
5.635972481031515 4.337609267419452 0
5.159022840599595 4.272122777342895 0
4.756910311525685 4.385519622382305 0
4.409226672232792 5.033771267434274 0
4.583069457689042 4.030470280063407 0
4.34365268452165 4.305517196939351 0
3.902266588235128 4.379920598145499 0
3.422004803702022 4.439157585048662 0
3.735407206487841 5.0035852819434 0
6.949109756304485 4.110626888673056 0
6.215061322226806 4.358888736028287 0
5.151450414076328 3.984162615017859 0
577.2552421524323 11.02334820329409 0
-63.76514367112083 7.26780030708893 -0
732.3624189256267 14.07217695035849 0
1408.584564025727 63.02137052108515 0
-67.95128027575664 7.137439942993245 -0
501.0110818834357 4.096103334083783 0
506.5603929704006 5.613058928849578 0
507.8781116052168 5.710238560948452 0
61.66193562036435 6.045790688596088 0
62.38120729416393 7.981834427527907 0
409.9266519863431 6.620761204937482 0
94.14267791730708 14.23033143097086 0
543.6993276934745 7.68627183739572 0
164.8902254894091 103.8533590340908 0
460.9648707195818 21.04881457176807 0
386.0102689346098 7.655442755312426 0
428.7088439161992 6.080491752945789 0
3.277441238725376 4.048014292787332 0
-34.39193800370323 10.99213219861785 -0
179.644710856939 68.49652424345034 0
825.3990310803903 23.24012318562302 0
504.3973515268193 5.0510899319785 0
502.6857961285982 6.738741509994129 0
853.4924034839096 60.39233868652803 0
94.15120506955469 10.06464427616297 0
1494.821921304327 27.75383918982876 0
20.2313187705113 4.882698168094731 0
1193.531815998732 13.54493591331526 0
-74.14727262412462 11.25706404776293 -0
1100.050491313226 13.75969791244169 0
285.8214263602223 16.03746977753109 0
20.3442801618369 8.136445048666262 0
1146.931558777877 12.77566725513523 0
145.8180712007395 9.110086289117868 0
-1.403107896796906 4.192697576691507 -0
480.328300391897 12.35734927550826 0
941.4769351900337 78.30029005725133 0
537.3410624095793 14.37967358765022 0
428.7349307500658 103.6430111485194 0
727.8039929675895 18.95289012823656 0
739.7052633761842 14.9394221440893 0
128.0788347453439 8.233763154398341 0
1132.813991341648 63.53305262140034 0
27.5079477918237 8.361123715564409 0
-57.66807711291169 10.88471617891919 -0
-26.78959261164324 10.70590877717292 -0
-22.19828804874182 19.69353135242831 -0
480.6634173671936 4.711995806822819 0
35.37660325750745 8.454068330150136 0
-39.6738525542282 107.6795821281572 -0
273.9984718632253 27.90816578662309 0
1214.793470226577 70.8306620157953 0
1238.123117293836 85.85246837064582 0
340.9840795494347 8.333709468792543 0
1242.740283964743 34.2504436739729 0
446.9418535211241 5.74124373155315 0
1264.010546373554 66.59206201783057 0
1457.127835735348 15.84295224772438 0
500.4156011185232 4.673143847567269 0
500.2790254580396 4.11389993444409 0
499.8956593835806 4.44859616994444 0
499.2503614542634 4.753511209190045 0
498.6339293208652 4.535634465277781 0
498.0110284063996 4.566498884831835 0
499.5676724646587 4.15647895208563 0
497.5769795441926 5.064365514008153 0
497.4902590639616 4.52168036194898 0
496.8677710739101 4.53379970911129 0
496.6404123636251 4.17938664441504 0
496.2242230995244 4.391231449884649 0
495.7714403986474 5.018806859184429 0
497.3262476492607 4.163139922238262 0
497.9721279906172 4.170867444512193 0
495.6865027256696 4.513729464027043 0
495.1601737329884 4.690122768287393 0
494.547165051981 4.002929864385687 0
494.4107702552594 4.750471190507972 0
493.3409803635247 5.136319322676241 0
493.821231902095 4.557532615959608 0
494.2593700868974 3.973220626850153 0
493.9796797023039 4.080449052404433 0
493.2389137851146 4.35197253815745 0
492.7145039135586 4.7669900383621 0
492.3027118684187 4.351952851064976 0
491.9636880179339 4.937328040196296 0
495.4049985295688 4.232445553655979 0
491.0609777784308 5.264334418354698 0
2.809568740653508 4.013494006706199 0
2.695344884085458 4.391093881082381 0
2.406481765750391 4.776524652356372 0
4.505791828791942 15.14868496543085 0
1.155609138058868 19.40415601169039 0
1256.339818525925 14.97395970314993 0
1202.616528693787 14.20892963368037 0
1134.010832931444 14.28574179762237 0
43.67289973208904 6.891797715342779 0
468.5715431739139 6.177766111717979 0
742.4982814015839 10.0947310572654 0
738.4623388901548 9.003858775170777 0
492.7663809652386 5.666230613308373 0
498.0344365046991 11.33385448684472 0
499.4405879118973 15.76425030043451 0
496.743235586756 21.84232301336348 0
1324.374724707558 15.64716978409508 0
2.99773134995791 4.759447998376586 0
-10.10411045186845 14.41290588558138 -0
-13.74830151224366 19.76909211571805 -0
11.02745750338932 4.632042462679729 0
22.94250503888433 4.760937917887248 0
435.0054484134264 6.403443265886541 0
403.9570978271305 28.6909094606574 0
334.1216860381876 9.609995004274404 0
435.384593834055 14.85507618765475 0
439.4093349047416 25.172992790079 0
498.3132900139913 4.257783069947979 0
499.0366194726219 4.23717055917849 0
2.305685982807976 4.229566181065837 0
22.36077993558919 15.12649177073555 0
13.29513371737933 23.87499924954737 0
29.92198131904691 24.94296067150347 0
33.69838390378332 17.19828729179893 0
498.5819069683037 4.082364068830211 0
1462.867636272902 90.08325327436653 0
860.807223866964 43.95092585298416 0
494.7946779036162 4.253564092234081 0
510.422519467652 4.973871316471622 0
509.5429779537858 6.133486694751441 0
1358.054314440948 15.08527556624607 0
1030.020823728293 90.9892619831228 0
478.020087813323 4.835772762453762 0
784.4026967181806 43.23993285768011 0
504.5107452691318 4.361627562795912 0
1483.41025887676 37.14810070259342 0
1475.19582739717 57.67578025328668 0
491.4004732236148 4.61488047412933 0
148.9649489065899 17.99120570477218 0
153.5418649872716 14.1892112457636 0
159.9363679075298 14.72097309070068 0
165.09275298442 20.65445849167623 0
1445.996905202493 110.989087055547 0
1409.495386130538 15.90024516097941 0
-10.17933123339344 25.57320473383925 -0
426.2165108353638 19.05739622985703 0
423.002927389447 25.71013087674773 0
358.0900454539006 8.400446125316153 0
-53.77959800250448 10.63317639191374 -0
24.66810812682246 4.8139211779193 0
650.8272859166977 50.10331487697626 0
653.2209961108415 69.75689710084109 0
633.1458562924979 89.56595177585912 0
676.3858159536414 74.19037199720751 0
697.0783245732912 89.79228777321003 0
47.28366471510858 26.34800825816066 0
178.7794627041114 15.17931549628251 0
517.8477273171769 7.129510907443845 0
-34.40985763527468 29.14643987408073 -0
959.0566983337849 102.080914249406 0
497.1739443331851 84.33644404722901 0
-69.86261897504251 11.61333372855154 -0
631.5511266642204 8.605152481380509 0
475.5674405635887 7.707063754359613 0
472.6105637293158 17.61547432618952 0
231.8059930901249 92.05160395634347 0
257.8465230223974 70.78680991004597 0
494.2739985683608 4.295902340494878 0
526.0142087170387 5.181219923350919 0
708.4997854722995 8.97340795947477 0
78.07461311798467 6.591781684260186 0
738.1454263657211 5.87464435954134 0
97.28733761566605 82.04225461409979 0
367.1989888205635 8.214963037792851 0
540.9759287859172 5.193521138593918 0
146.7597712382899 24.72424532541319 0
1439.964221091016 16.19311867261167 0
732.4054407266783 6.487053406820213 0
529.6283580920183 5.159021701657298 0
495.9151474106902 4.193194194228513 0
362.3658496270476 89.91285785376741 0
-17.87434159102339 6.100289569066792 -0
3.832993849265674 3.988709293233755 0
1168.584517859704 13.81127777521811 0
486.7376430962456 19.80885088633399 0
495.4010113224131 3.953492250833841 0
-82.58040165155334 10.58905936828148 -0
7.843010860007923 6.039987239982484 0
491.5397436855029 4.121241028370373 0
470.1110288027919 13.74566886292073 0
6.279675220647949 4.003750662763634 0
484.1491366120441 52.89300072379972 0
1370.03433000655 90.94213252262594 0
-45.89405734386943 10.43364790904372 -0
834.3107153180176 87.40572079700543 0
897.3907793620642 90.59985028037421 0
4.332651622960961 3.971189881703778 0
-64.48610628840446 50.28739344069167 -0
281.0293553494966 84.2578143800131 0
594.4061127157528 5.234527981387938 0
-0.7032386636198653 7.994126540946521 -0
470.2468510075894 25.64236357233077 0
44.38580707609402 18.36496276342787 0
496.4584031078794 3.968337524477274 0
453.2904126050095 28.70919296599238 0
248.0243906080575 6.899773450106442 0
223.4650567773572 11.50820608201054 0
549.93929359078 28.24665155930163 0
20.793177615263 30.83608164974912 0
172.3585389275389 14.1818555188475 0
69.85506545211071 8.269729716465575 0
459.9729498409773 6.615821753189157 0
137.2147231240484 32.53026052035262 0
1296.947020320997 92.36886573957297 0
1320.689682613183 71.61102908997263 0
598.7040608316729 39.51101941710721 0
499.6725106018076 3.913521813645541 0
499.4942532628772 3.915017552608533 0
157.4224056170153 30.32110256286425 0
194.6009515285391 5.954043345116864 0
1156.413232900233 31.68188146844859 0
1054.302243356197 7.431002804382538 0
1052.957651656254 13.07276163211963 0
497.7250764574182 4.3033421753255 0
1316.579320390228 51.49401918665099 0
259.7262373001374 22.07984414328686 0
452.6210377086533 64.91134320159935 0
891.8634098826884 12.35251489915615 0
569.6397470658778 113.2264908205871 0
755.5996989914063 6.157444307796708 0
754.5911662170524 9.693472726159541 0
499.0543742691593 3.930117263483891 0
8.775908141696233 4.063010518612765 0
688.1534462551663 5.829537519311289 0
1433.844418689193 13.90407973793871 0
27.60443865198079 6.191524594054449 0
497.4254926986123 3.915575781029585 0
497.2100430948327 3.92747495065403 0
-83.22476457773564 53.49270817819032 -0
503.8374860728541 6.003709486265727 0
696.1640606654 26.66462854372483 0
503.4374396883288 5.015133747163198 0
797.0050321179818 10.12783061505437 0
353.2494678799489 8.458871633535429 0
97.022732267023 32.97808449724965 0
498.1540938481884 3.966841753865358 0
497.9335800580012 3.924994646126637 0
470.3721963534983 5.014286913318707 0
-38.05235495751733 10.37265009502079 -0
734.4209562201102 9.851138858082924 0
1378.187464576429 15.8153659451536 0
361.0817381046012 11.23561527862628 0
1483.373043297501 7.818401962951723 0
327.4814083824372 20.49837494101342 0
843.680065734477 9.986633408761289 0
347.8259512600723 14.30530681678728 0
127.498773878758 73.05950118162019 0
1425.891143281489 70.81602867531599 0
11.25478121974976 18.82419458094657 0
478.5677572917642 21.35248429484937 0
996.5600622946865 11.89672146898357 0
371.8427078497593 30.59586759400795 0
363.955081228419 31.77285552995544 0
433.094935019805 31.12576021125338 0
980.1308278739382 11.36367282304776 0
596.1649075836993 5.184330110531571 0
384.2905642848948 72.37157311427482 0
348.5642075350179 8.750550966520837 0
614.5659438691044 69.41675684371579 0
1463.78561996237 7.735955002852275 0
494.9916895530414 11.401379638213 0
382.920053467248 7.783341733821645 0
-61.46486156290314 10.16092835281499 -0
511.282322511881 6.413430555589762 0
513.4880707192817 5.686226786065403 0
515.2476281234897 5.121945151954558 0
290.1959589330527 21.10452457574626 0
286.1292952777151 30.46256621073248 0
490.9998796119151 4.481990325197709 0
494.0172512494532 5.177493682933323 0
775.6399555618998 9.917212556599294 0
712.8274773939754 63.82115641001023 0
1478.282863963079 16.53241765488114 0
911.5674480844719 16.46082479626797 0
508.4972555655426 18.28356815109981 0
1151.692875160096 73.37574958062856 0
608.0285761437843 22.80586083521054 0
339.8458609847067 71.30680309125228 0
1114.791884593098 73.65953643208067 0
5.919641858643847 6.806764084744629 0
4.843615656216246 6.594351747490406 0
917.9104954730507 76.5172437709406 0
902.120138275027 26.13565661224164 0
493.3454091342855 3.987040775008123 0
493.0866484091067 3.992712022689264 0
69.5471443222296 29.7830994655985 0
1428.715117933937 14.1747216169821 0
-30.40512715143348 10.14862183764223 -0
117.2846945942153 33.92570029857949 0
492.0887155305216 18.91362167401044 0
2.689655447520533 6.774862438026047 0
3.635296436419617 7.547858652459886 0
313.6089080453825 46.46288646747953 0
62.84671725355493 21.10051036771776 0
449.7441185743253 5.520256313882411 0
81.57779788985016 8.54294566316454 0
-80.96537821460385 31.84524363079265 -0
436.9714267481448 6.021159299537351 0
404.6390377581297 6.854595476671879 0
627.7701928567072 7.959679465496987 0
3.040238917767363 4.267748022350385 0
581.7236392007544 18.3297552426558 0
494.9131396342555 6.131094099626424 0
7.818141599476751 7.196086557095345 0
-97.19788120560455 6.174974581261254 -0
150.2962521556275 9.118889122382756 0
1048.779539852709 75.12417946843689 0
1104.265776834125 22.85373385513299 0
479.4210150247243 5.746514282908378 0
35.33769911709928 6.634430076604602 0
-25.4128863237651 28.15928900902439 -0
599.4124612442167 8.07932748922965 0
18.16976838490165 6.999066582395072 0
492.4307415757405 4.016852637393599 0
492.1182340970022 4.061849775000999 0
558.7643560333257 10.2321731229447 0
464.4525922325353 5.344432072584959 0
1081.459862488314 14.06274743179062 0
-64.75614218724856 24.77142933230926 -0
111.2666598404591 19.03527678268866 0
3.5591634422817 8.926972476432251 0
571.2128348733114 33.37090213999097 0
57.43656856732851 32.1902878502443 0
3.990066620201937 28.03001179197096 0
482.0031592525812 10.21233803567625 0
-0.2453905201205952 5.331258958202546 -0
-2.782816157590168 17.55055507400837 -0
-3.319117399080046 23.53409437338782 -0
374.2965706432606 7.759618412830461 0
244.4047480520622 6.602617536603686 0
944.3524107743779 12.3059150897773 0
1224.718375044252 14.08863403784281 0
495.924623292706 3.935147191946841 0
687.5008128574393 22.77695008492819 0
157.0579647772161 11.44113325348038 0
37.97659669598185 31.25398177933063 0
1488.906093787938 30.49955283266821 0
503.6200189334757 15.2569134283037 0
-22.8299812709207 9.694851657607893 -0
586.3174697378697 21.72423035126567 0
19.32046638403266 4.616322840913683 0
1313.239703488983 14.26216015762409 0
487.6810217215756 6.871867372440565 0
960.3447059270432 12.46644699186824 0
581.961639065316 7.894873174634253 0
390.8864877182878 7.869222187691642 0
489.0071170113823 6.400307537552266 0
830.1608814307438 15.2973752662982 0
484.0600288917479 26.14139058465508 0
484.0745335417311 4.583273987633898 0
188.0502292584144 9.360943763277257 0
573.415456221119 8.092608299937181 0
130.9223468417959 7.920446988633704 0
934.5056670727976 11.76067175867732 0
401.2042702850152 9.974745106801731 0
142.1197378221148 8.050656831957253 0
793.1242173490344 35.54600806276505 0
652.2529904417552 8.75192529378802 0
821.4054827922449 35.5778331710488 0
66.89984235103316 72.30396943173021 0
579.312183257106 80.16419636327277 0
501.3806369657389 6.711399717075349 0
738.8781388928589 24.22712673912372 0
730.5252748231582 25.27904012731114 0
1030.754247123455 11.92509526301066 0
508.0185739339049 4.636427679627494 0
748.5004514488835 9.026359150097962 0
496.696679387597 6.084963440042108 0
457.3598981297177 5.359118170026019 0
453.697471693894 5.515639297085325 0
-16.66821581003521 32.17630588138124 -0
445.8420043087974 5.708912537191515 0
17.31140348063895 5.355017964715098 0
192.0212272440397 5.699152000358924 0
671.8661887095818 22.80288081542721 0
537.9952960129718 29.71156222844284 0
380.6123543632107 10.86023808700776 0
451.7730441536931 8.206681650769234 0
1045.936975529293 11.02565587505461 0
9.950418196913851 8.248281384435312 0
6.802967521342616 8.099091638170371 0
491.5271013938032 7.102678905376389 0
497.768851326376 8.808637115536319 0
1278.752593797765 14.2599335626284 0
1244.176151824754 22.15674118977229 0
440.5979572042441 5.903051884751864 0
498.4193700996682 5.992453205845731 0
109.9718406067363 29.19251223509727 0
474.8820051595596 5.870790758306859 0
544.0275574287796 22.37087202735762 0
587.0845431939764 8.075298580762281 0
2.301111349810173 3.947095616377919 0
414.1947157289731 35.99032448517564 0
212.5807680756164 10.20699934803208 0
491.8608295624974 4.417891646580951 0
177.180480100702 28.73448455428563 0
772.6620874738038 48.76395288512109 0
43.64339814666975 9.013231269873119 0
65.02037562772364 5.98832258273758 0
783.9029026732093 10.59378047492507 0
32.70823963980555 4.965559284310901 0
656.2992537065812 8.306596488566653 0
515.3583705349248 6.762390444478783 0
12.45503987142357 5.304833951614819 0
496.6927344556473 3.936814119984809 0
1390.21631175257 71.87346228942106 0
1279.505634880109 31.50186089711884 0
485.9078872256412 15.10226141168896 0
274.2869847602354 19.47148032581682 0
-72.17742541137399 58.66315244256818 -0
306.930352543627 9.37979365989351 0
446.4663159223065 23.27336951935721 0
327.8945347596779 13.89116187917387 0
558.4855963359826 33.47728035337666 0
1112.069900746117 19.75286017272296 0
636.637645960141 19.79703522876927 0
466.5905398956605 13.95987001599857 0
397.3596367949773 13.76298919626976 0
503.8519919110968 10.93236922697822 0
13.4813989940635 8.121192243593706 0
390.9477667906592 19.80801709506537 0
8.014193389866056 4.398083240549549 0
2 4 0 1420
7814
7815
7816
7817
7818
7819
7820
7821
7822
7823
7824
7825
7826
7827
7828
7829
7830
7831
7832
7833
7834
7835
7836
7837
7838
7839
7840
7841
7842
7843
7844
7845
7846
7847
7848
7849
7850
7851
7852
7853
7854
7855
7856
7857
7858
7859
7860
7861
7862
7863
7864
7865
7866
7867
7868
7869
7870
7871
7872
7873
7874
7875
7876
7877
7878
7879
7880
7881
7882
7883
7884
7885
7886
7887
7888
7889
7890
7891
7892
7893
7894
7895
7896
7897
7898
7899
7900
7901
7902
7903
7904
7905
7906
7907
7908
7909
7910
7911
7912
7913
7914
7915
7916
7917
7918
7919
7920
7921
7922
7923
7924
7925
7926
7927
7928
7929
7930
7931
7932
7933
7934
7935
7936
7937
7938
7939
7940
7941
7942
7943
7944
7945
7946
7947
7948
7949
7950
7951
7952
7953
7954
7955
7956
7957
7958
7959
7960
7961
7962
7963
7964
7965
7966
7967
7968
7969
7970
7971
7972
7973
7974
7975
7976
7977
7978
7979
7980
7981
7982
7983
7984
7985
7986
7987
7988
7989
7990
7991
7992
7993
7994
7995
7996
7997
7998
7999
8000
8001
8002
8003
8004
8005
8006
8007
8008
8009
8010
8011
8012
8013
8014
8015
8016
8017
8018
8019
8020
8021
8022
8023
8024
8025
8026
8027
8028
8029
8030
8031
8032
8033
8034
8035
8036
8037
8038
8039
8040
8041
8042
8043
8044
8045
8046
8047
8048
8049
8050
8051
8052
8053
8054
8055
8056
8057
8058
8059
8060
8061
8062
8063
8064
8065
8066
8067
8068
8069
8070
8071
8072
8073
8074
8075
8076
8077
8078
8079
8080
8081
8082
8083
8084
8085
8086
8087
8088
8089
8090
8091
8092
8093
8094
8095
8096
8097
8098
8099
8100
8101
8102
8103
8104
8105
8106
8107
8108
8109
8110
8111
8112
8113
8114
8115
8116
8117
8118
8119
8120
8121
8122
8123
8124
8125
8126
8127
8128
8129
8130
8131
8132
8133
8134
8135
8136
8137
8138
8139
8140
8141
8142
8143
8144
8145
8146
8147
8148
8149
8150
8151
8152
8153
8154
8155
8156
8157
8158
8159
8160
8161
8162
8163
8164
8165
8166
8167
8168
8169
8170
8171
8172
8173
8174
8175
8176
8177
8178
8179
8180
8181
8182
8183
8184
8185
8186
8187
8188
8189
8190
8191
8192
8193
8194
8195
8196
8197
8198
8199
8200
8201
8202
8203
8204
8205
8206
8207
8208
8209
8210
8211
8212
8213
8214
8215
8216
8217
8218
8219
8220
8221
8222
8223
8224
8225
8226
8227
8228
8229
8230
8231
8232
8233
8234
8235
8236
8237
8238
8239
8240
8241
8242
8243
8244
8245
8246
8247
8248
8249
8250
8251
8252
8253
8254
8255
8256
8257
8258
8259
8260
8261
8262
8263
8264
8265
8266
8267
8268
8269
8270
8271
8272
8273
8274
8275
8276
8277
8278
8279
8280
8281
8282
8283
8284
8285
8286
8287
8288
8289
8290
8291
8292
8293
8294
8295
8296
8297
8298
8299
8300
8301
8302
8303
8304
8305
8306
8307
8308
8309
8310
8311
8312
8313
8314
8315
8316
8317
8318
8319
8320
8321
8322
8323
8324
8325
8326
8327
8328
8329
8330
8331
8332
8333
8334
8335
8336
8337
8338
8339
8340
8341
8342
8343
8344
8345
8346
8347
8348
8349
8350
8351
8352
8353
8354
8355
8356
8357
8358
8359
8360
8361
8362
8363
8364
8365
8366
8367
8368
8369
8370
8371
8372
8373
8374
8375
8376
8377
8378
8379
8380
8381
8382
8383
8384
8385
8386
8387
8388
8389
8390
8391
8392
8393
8394
8395
8396
8397
8398
8399
8400
8401
8402
8403
8404
8405
8406
8407
8408
8409
8410
8411
8412
8413
8414
8415
8416
8417
8418
8419
8420
8421
8422
8423
8424
8425
8426
8427
8428
8429
8430
8431
8432
8433
8434
8435
8436
8437
8438
8439
8440
8441
8442
8443
8444
8445
8446
8447
8448
8449
8450
8451
8452
8453
8454
8455
8456
8457
8458
8459
8460
8461
8462
8463
8464
8465
8466
8467
8468
8469
8470
8471
8472
8473
8474
8475
8476
8477
8478
8479
8480
8481
8482
8483
8484
8485
8486
8487
8488
8489
8490
8491
8492
8493
8494
8495
8496
8497
8498
8499
8500
8501
8502
8503
8504
8505
8506
8507
8508
8509
8510
8511
8512
8513
8514
8515
8516
8517
8518
8519
8520
8521
8522
8523
8524
8525
8526
8527
8528
8529
8530
8531
8532
8533
8534
8535
8536
8537
8538
8539
8540
8541
8542
8543
8544
8545
8546
8547
8548
8549
8550
8551
8552
8553
8554
8555
8556
8557
8558
8559
8560
8561
8562
8563
8564
8565
8566
8567
8568
8569
8570
8571
8572
8573
8574
8575
8576
8577
8578
8579
8580
8581
8582
8583
8584
8585
8586
8587
8588
8589
8590
8591
8592
8593
8594
8595
8596
8597
8598
8599
8600
8601
8602
8603
8604
8605
8606
8607
8608
8609
8610
8611
8612
8613
8614
8615
8616
8617
8618
8619
8620
8621
8622
8623
8624
8625
8626
8627
8628
8629
8630
8631
8632
8633
8634
8635
8636
8637
8638
8639
8640
8641
8642
8643
8644
8645
8646
8647
8648
8649
8650
8651
8652
8653
8654
8655
8656
8657
8658
8659
8660
8661
8662
8663
8664
8665
8666
8667
8668
8669
8670
8671
8672
8673
8674
8675
8676
8677
8678
8679
8680
8681
8682
8683
8684
8685
8686
8687
8688
8689
8690
8691
8692
8693
8694
8695
8696
8697
8698
8699
8700
8701
8702
8703
8704
8705
8706
8707
8708
8709
8710
8711
8712
8713
8714
8715
8716
8717
8718
8719
8720
8721
8722
8723
8724
8725
8726
8727
8728
8729
8730
8731
8732
8733
8734
8735
8736
8737
8738
8739
8740
8741
8742
8743
8744
8745
8746
8747
8748
8749
8750
8751
8752
8753
8754
8755
8756
8757
8758
8759
8760
8761
8762
8763
8764
8765
8766
8767
8768
8769
8770
8771
8772
8773
8774
8775
8776
8777
8778
8779
8780
8781
8782
8783
8784
8785
8786
8787
8788
8789
8790
8791
8792
8793
8794
8795
8796
8797
8798
8799
8800
8801
8802
8803
8804
8805
8806
8807
8808
8809
8810
8811
8812
8813
8814
8815
8816
8817
8818
8819
8820
8821
8822
8823
8824
8825
8826
8827
8828
8829
8830
8831
8832
8833
8834
8835
8836
8837
8838
8839
8840
8841
8842
8843
8844
8845
8846
8847
8848
8849
8850
8851
8852
8853
8854
8855
8856
8857
8858
8859
8860
8861
8862
8863
8864
8865
8866
8867
8868
8869
8870
8871
8872
8873
8874
8875
8876
8877
8878
8879
8880
8881
8882
8883
8884
8885
8886
8887
8888
8889
8890
8891
8892
8893
8894
8895
8896
8897
8898
8899
8900
8901
8902
8903
8904
8905
8906
8907
8908
8909
8910
8911
8912
8913
8914
8915
8916
8917
8918
8919
8920
8921
8922
8923
8924
8925
8926
8927
8928
8929
8930
8931
8932
8933
8934
8935
8936
8937
8938
8939
8940
8941
8942
8943
8944
8945
8946
8947
8948
8949
8950
8951
8952
8953
8954
8955
8956
8957
8958
8959
8960
8961
8962
8963
8964
8965
8966
8967
8968
8969
8970
8971
8972
8973
8974
8975
8976
8977
8978
8979
8980
8981
8982
8983
8984
8985
8986
8987
8988
8989
8990
8991
8992
8993
8994
8995
8996
8997
8998
8999
9000
9001
9002
9003
9004
9005
9006
9007
9008
9009
9010
9011
9012
9013
9014
9015
9016
9017
9018
9019
9020
9021
9022
9023
9024
9025
9026
9027
9028
9029
9030
9031
9032
9033
9034
9035
9036
9037
9038
9039
9040
9041
9042
9043
9044
9045
9046
9047
9048
9049
9050
9051
9052
9053
9054
9055
9056
9057
9058
9059
9060
9061
9062
9063
9064
9065
9066
9067
9068
9069
9070
9071
9072
9073
9074
9075
9076
9077
9078
9079
9080
9081
9082
9083
9084
9085
9086
9087
9088
9089
9090
9091
9092
9093
9094
9095
9096
9097
9098
9099
9100
9101
9102
9103
9104
9105
9106
9107
9108
9109
9110
9111
9112
9113
9114
9115
9116
9117
9118
9119
9120
9121
9122
9123
9124
9125
9126
9127
9128
9129
9130
9131
9132
9133
9134
9135
9136
9137
9138
9139
9140
9141
9142
9143
9144
9145
9146
9147
9148
9149
9150
9151
9152
9153
9154
9155
9156
9157
9158
9159
9160
9161
9162
9163
9164
9165
9166
9167
9168
9169
9170
9171
9172
9173
9174
9175
9176
9177
9178
9179
9180
9181
9182
9183
9184
9185
9186
9187
9188
9189
9190
9191
9192
9193
9194
9195
9196
9197
9198
9199
9200
9201
9202
9203
9204
9205
9206
9207
9208
9209
9210
9211
9212
9213
9214
9215
9216
9217
9218
9219
9220
9221
9222
9223
9224
9225
9226
9227
9228
9229
9230
9231
9232
9233
1493.294698150135 0.7500000063243422 0
1486.62292282378 0.7500000062337285 0
1479.984506408604 0.7500000061435679 0
1473.379282081413 0.7500000060538576 0
1466.807083841991 0.7500000059645963 0
1460.267746578147 0.7500000058757813 0
1453.761106020198 0.7500000057874102 0
1447.286998659516 0.7500000056994812 0
1440.845261850858 0.7500000056119913 0
1434.435733729938 0.7500000055249395 0
1428.058253243124 0.7500000054383222 0
1421.712660174999 0.7500000053521388 0
1415.398795067573 0.7500000052663862 0
1409.116499285451 0.7500000051810619 0
1402.865614971169 0.7500000050961647 0
1396.645985074109 0.7500000050116917 0
1390.457453342335 0.7500000049276411 0
1384.299864278124 0.7500000048440105 0
1378.173063130296 0.7500000047607985 0
1372.076895960101 0.7500000046780024 0
1366.011209632933 0.7500000045956204 0
1359.975851737334 0.7500000045136498 0
1353.970670651066 0.7500000044320897 0
1347.995515496242 0.7500000043509368 0
1342.050236095625 0.7500000042701903 0
1336.134683075243 0.7500000041898472 0
1330.248707819695 0.7500000041099059 0
1324.392162465002 0.7500000040303643 0
1318.564899854025 0.7500000039512202 0
1312.766773529796 0.750000003872472 0
1306.99763783804 0.7500000037941174 0
1301.257347846017 0.7500000037161549 0
1295.545759298897 0.750000003638582 0
1289.862728686071 0.7500000035613967 0
1284.208113233649 0.7500000034845976 0
1278.581770860631 0.7500000034081824 0
1272.983560208632 0.7500000033321496 0
1267.413340597796 0.7500000032564967 0
1261.870972056988 0.7500000031812221 0
1256.356315352948 0.7500000031063238 0
1250.869231946725 0.7500000030318 0
1245.409583986548 0.7500000029576489 0
1239.977234264374 0.7500000028838688 0
1234.572046282728 0.7500000028104571 0
1229.19388424736 0.7500000027374126 0
1223.842613023943 0.7500000026647333 0
1218.518098131207 0.7500000025924176 0
1213.220205807982 0.7500000025204633 0
1207.948802968945 0.7500000024488692 0
1202.703757125141 0.7500000023776326 0
1197.484936487566 0.7500000023067521 0
1192.292209960174 0.7500000022362264 0
1187.125447096562 0.750000002166053 0
1181.984518056705 0.7500000020962305 0
1176.869293637607 0.7500000020267573 0
1171.779645339998 0.7500000019576316 0
1166.715445288105 0.7500000018888512 0
1161.676566223696 0.7500000018204148 0
1156.662881572928 0.7500000017523206 0
1151.674265366267 0.750000001684567 0
1146.710592232658 0.7500000016171519 0
1141.771737466536 0.7500000015500741 0
1136.857576984621 0.7500000014833316 0
1131.96798728313 0.7500000014169228 0
1127.102845505279 0.750000001350846 0
1122.262029434609 0.7500000012850997 0
1117.445417452333 0.7500000012196819 0
1112.65288853112 0.7500000011545914 0
1107.884322266031 0.7500000010898263 0
1103.139598831284 0.750000001025385 0
1098.418599011641 0.750000000961266 0
1093.721204195645 0.7500000008974678 0
1089.047296333609 0.7500000008339882 0
1084.396758004791 0.750000000770826 0
1079.769472374753 0.7500000007079796 0
1075.165323189486 0.7500000006454479 0
1070.584194769608 0.7500000005832285 0
1066.025972004582 0.7500000005213202 0
1061.49054034699 0.7500000004597216 0
1056.977785843599 0.7500000003984304 0
1052.487595092595 0.7500000003374464 0
1048.019855275105 0.7500000002767673 0
1043.574454185652 0.7500000002163913 0
1039.151280116396 0.750000000156317 0
1034.750221888775 0.7500000000965431 0
1030.371168957957 0.7500000000370685 0
1026.01401129647 0.7499999999778909 0
1021.678639426334 0.7499999999190093 0
1017.364944412661 0.7499999998604222 0
1013.072817859122 0.7499999998021279 0
1008.80215193837 0.7499999997441253 0
1004.552839350478 0.7499999996864126 0
1000.324773353808 0.7499999996289882 0
996.1178476864194 0.749999999571851 0
991.931956634499 0.7499999995149997 0
987.7669950266067 0.7499999994584328 0
983.6228582286974 0.7499999994021483 0
979.4994421384392 0.7499999993461454 0
975.3966431068191 0.7499999992904226 0
971.3143580435234 0.7499999992349783 0
967.2524844110105 0.7499999991798113 0
963.2109201462309 0.74999999912492 0
959.1895637290091 0.7499999990703037 0
955.1883141031042 0.7499999990159599 0
951.2070707086569 0.7499999989618881 0
947.2457335499508 0.7499999989080864 0
943.3042030802063 0.7499999988545538 0
939.3823802337739 0.7499999988012889 0
935.4801664943759 0.7499999987482904 0
931.5974638531405 0.7499999986955568 0
927.7341747302974 0.7499999986430869 0
923.8902020442633 0.7499999985908793 0
920.0654492061699 0.7499999985389328 0
916.259820115532 0.7499999984872459 0
912.4732191915922 0.7499999984358175 0
908.7055512951962 0.7499999983846463 0
904.9567217242018 0.749999998333731 0
901.2266362824171 0.7499999982830704 0
897.5152012743442 0.7499999982326626 0
893.822323463944 0.7499999981825073 0
890.1479100330697 0.7499999981326028 0
886.4918686509171 0.7499999980829474 0
882.854107468541 0.7499999980335407 0
879.2345350781248 0.7499999979843809 0
875.6330605814359 0.7499999979354669 0
872.0495934749327 0.7499999978867971 0
868.4840436826405 0.7499999978383713 0
864.9363216247027 0.749999997790187 0
861.406338176092 0.7499999977422441 0
857.8940046620979 0.7499999976945407 0
854.3992328171096 0.7499999976470759 0
850.9219348172857 0.7499999975998486 0
847.4620233125282 0.7499999975528572 0
844.0194113853596 0.7499999975061007 0
840.5940125098315 0.7499999974595781 0
837.1857406210803 0.7499999974132879 0
833.794510110313 0.7499999973672293 0
830.4202357474365 0.7499999973214011 0
827.0628327503397 0.749999997275802 0
823.7222167803469 0.7499999972304312 0
820.3983039013198 0.7499999971852866 0
817.0910105755424 0.7499999971403682 0
813.8002536963851 0.7499999970956739 0
810.5259505838804 0.7499999970512036 0
807.2680189807041 0.7499999970069556 0
804.0263770478136 0.7499999969629286 0
800.800943323743 0.7499999969191216 0
797.5916367574191 0.749999996875534 0
794.3983767406468 0.7499999968321642 0
791.2210830303735 0.7499999967890113 0
788.0596757819706 0.7499999967460741 0
784.9140755814376 0.7499999967033515 0
781.7842033681272 0.7499999966608427 0
778.6699805044968 0.7499999966185463 0
775.5713287716536 0.7499999965764615 0
772.4881702921706 0.749999996534587 0
769.4204275999247 0.7499999964929218 0
766.3680236357322 0.7499999964514653 0
763.3308817070009 0.7499999964102159 0
760.308925483791 0.7499999963691726 0
757.3020790320213 0.7499999963283346 0
754.3102668092206 0.7499999962877008 0
751.3334136610423 0.7499999962472703 0
748.3714447803251 0.7499999962070417 0
745.4242857407816 0.7499999961670144 0
742.4918624924927 0.749999996127187 0
739.5741013589076 0.7499999960875593 0
736.6709290323926 0.7499999960481291 0
733.7822725712857 0.7499999960088964 0
730.9080593955038 0.74999999596986 0
728.0482172836486 0.7499999959310183 0
725.2026744054245 0.7499999958923711 0
722.371359244913 0.7499999958539174 0
719.5542006338148 0.7499999958156556 0
716.7511277846379 0.7499999957775852 0
713.9620703236041 0.7499999957397051 0
711.1869581765662 0.7499999957020141 0
708.4257215663026 0.7499999956645121 0
705.6782911189823 0.7499999956271975 0
702.944597823659 0.7499999955900692 0
700.224572992163 0.7499999955531268 0
697.5181482925115 0.7499999955163692 0
694.8252557452358 0.749999995479795 0
692.1458276465974 0.7499999954434041 0
689.4797966759432 0.7499999954071949 0
686.8270958913705 0.7499999953711668 0
684.1876586166406 0.7499999953353188 0
681.5614185114954 0.74999999529965 0
678.9483096048799 0.7499999952641595 0
676.3482662546922 0.7499999952288466 0
673.7612231079324 0.7499999951937103 0
671.1871151711109 0.7499999951587499 0
668.6258777697124 0.749999995123964 0
666.0774465455255 0.7499999950893518 0
663.5417574896501 0.749999995054913 0
661.0187468660131 0.7499999950206463 0
658.5083512819067 0.7499999949865508 0
656.010507684315 0.749999994952626 0
653.5251533202527 0.7499999949188709 0
651.052225733509 0.7499999948852843 0
648.5916627985312 0.7499999948518656 0
646.1434026800979 0.7499999948186147 0
643.7073838308715 0.749999994785529 0
641.2835450613754 0.7499999947526091 0
638.8718255000493 0.749999994719854 0
636.4721645534337 0.7499999946872626 0
634.0845019034742 0.7499999946548342 0
631.7087775778894 0.7499999946225679 0
629.3449318732784 0.7499999945904631 0
626.9929053895792 0.7499999945585186 0
624.6526390630783 0.749999994526734 0
622.3240740535513 0.7499999944951079 0
620.0071518519205 0.7499999944636405 0
617.7018142765788 0.7499999944323302 0
615.4080033973491 0.7499999944011763 0
613.1256615693397 0.7499999943701782 0
610.8547314300735 0.7499999943393353 0
608.5951559333866 0.7499999943086464 0
606.3468783094867 0.7499999942781113 0
604.1098420625128 0.7499999942477283 0
601.8839910041324 0.7499999942174977 0
599.6692692140311 0.7499999941874178 0
597.4656210371689 0.7499999941574886 0
595.27299111781 0.7499999941277092 0
593.0913243597046 0.7499999940980785 0
590.9205659237774 0.7499999940685961 0
588.7606612618525 0.7499999940392608 0
586.6115561140127 0.7499999940100724 0
584.4731965056149 0.74999999398103 0
582.3455287079468 0.7499999939521328 0
580.2284992356488 0.74999999392338 0
578.1220549176555 0.7499999938947709 0
576.0261428204417 0.749999993866305 0
573.9407102829534 0.7499999938379813 0
571.865704913033 0.7499999938097992 0
569.8010745489335 0.7499999937817582 0
567.7467673296186 0.7499999937538573 0
565.7027316555764 0.7499999937260956 0
563.6689161860343 0.7499999936984731 0
561.6452697998143 0.7499999936709885 0
559.6317416297015 0.7499999936436416 0
557.628281096466 0.7499999936164313 0
555.6348378694061 0.7499999935893572 0
553.6513618640278 0.7499999935624181 0
551.6778032393742 0.7499999935356138 0
549.7141123957432 0.7499999935089436 0
547.7602400088037 0.7499999934824069 0
545.8161369902314 0.7499999934560028 0
543.8817544854859 0.7499999934297304 0
541.9570439079777 0.7499999934035898 0
540.0419568997665 0.7499999933775797 0
538.1364453293869 0.7499999933516994 0
536.2404612893253 0.7499999933259491 0
534.3539571673844 0.7499999933003274 0
532.4768855699623 0.7499999932748332 0
530.6091993206896 0.7499999932494671 0
528.7508514939937 0.7499999932242278 0
526.9017954134008 0.7499999931991146 0
525.0619846116382 0.7499999931741267 0
523.2313728660906 0.7499999931492639 0
521.4099141953177 0.7499999931245256 0
519.5975628210451 0.7499999930999107 0
517.7942732018363 0.749999993075419 0
516.0000000000001 0.7499999930510498 0
514.1785547878681 0.7499999930263115 0
512.5392541006406 0.7499999930040471 0
511.063883474351 0.749999992984009 0
509.7360499171374 0.749999992965975 0
508.5409997207321 0.7499999929497441 0
507.4654545356206 0.7499999929351362 0
506.4974638645203 0.7499999929219895 0
505.6262722670205 0.7499999929101574 0
504.8421998359903 0.749999992899508 0
504.1365346418135 0.7499999928899242 0
503.5014359586694 0.7499999928812985 0
502.9298471457038 0.7499999928735354 0
502.4154172112037 0.7499999928665486 0
501.9524302747857 0.7499999928602602 0
501.5357420329705 0.7499999928546011 0
501.1607226113433 0.7499999928495079 0
500.8232051355619 0.7499999928449236 0
500.5194394037724 0.7499999928407981 0
500.2460502458242 0.7499999928370849 0
500 0.7499999928337432 0
499.7957169652186 0.7499999928309685 0
499.5883230302223 0.7499999928281516 0
499.3777708244268 0.7499999928252922 0
499.1640122383253 0.7499999928223888 0
498.9469984288872 0.7499999928194419 0
498.7266798543107 0.7499999928164492 0
498.5030061956687 0.7499999928134113 0
498.2759263326367 0.7499999928103273 0
498.0453884048365 0.7499999928071961 0
497.8113397609088 0.7499999928040175 0
497.5737269053383 0.7499999928007904 0
497.3324955581743 0.7499999927975139 0
497.0875906314515 0.7499999927941878 0
496.8389562033456 0.7499999927908108 0
496.5865354653055 0.7499999927873824 0
496.3302707504936 0.7499999927839022 0
496.0701035377411 0.7499999927803686 0
495.8059743951976 0.7499999927767812 0
495.5378229822227 0.7499999927731391 0
495.2655880489552 0.749999992769442 0
494.989207409653 0.7499999927656881 0
494.7086179128459 0.7499999927618772 0
494.4237554696837 0.7499999927580084 0
494.1345550244847 0.7499999927540807 0
493.8409505254609 0.7499999927500929 0
493.5428748939196 0.7499999927460447 0
493.2402600217673 0.7499999927419346 0
492.9330367964648 0.7499999927377621 0
492.6211350425286 0.749999992733526 0
492.3044835160569 0.7499999927292252 0
491.9830099019266 0.749999992724859 0
491.6566407513978 0.7499999927204263 0
491.3253015051066 0.7499999927159263 0
490.9889164871461 0.7499999927113575 0
490.6474088710729 0.7499999927067191 0
490.3007006161196 0.7499999927020103 0
489.9487125152042 0.7499999926972297 0
489.591364188376 0.7499999926923763 0
489.2285740174415 0.7499999926874491 0
488.8602591369025 0.7499999926824469 0
488.4863353958863 0.7499999926773683 0
488.1067173755116 0.7499999926722124 0
487.721318378927 0.7499999926669779 0
487.330050363314 0.7499999926616641 0
486.9328239554293 0.7499999926562692 0
486.5295484116312 0.7499999926507918 0
486.1201316034214 0.7499999926452313 0
485.7044800327431 0.7499999926395861 0
485.2824987610191 0.7499999926338549 0
484.8540913653642 0.7499999926280366 0
484.4191599782478 0.7499999926221294 0
483.9776052724113 0.7499999926161324 0
483.5293263867613 0.749999992610044 0
483.0742209365314 0.7499999926038629 0
482.6121849669382 0.7499999925975877 0
482.1431129049184 0.7499999925912171 0
481.666897595076 0.7499999925847489 0
481.1834302799322 0.7499999925781827 0
480.6926005219145 0.7499999925715166 0
480.1942962086533 0.7499999925647485 0
479.6884035025331 0.7499999925578775 0
479.1748068436656 0.7499999925509023 0
478.6533889269303 0.7499999925438204 0
478.1240306189617 0.7499999925366309 0
477.5866110163528 0.749999992529332 0
477.0410073635808 0.7499999925219216 0
476.4870950234101 0.7499999925143986 0
475.9247474775705 0.749999992506761 0
475.3538362681342 0.7499999924990071 0
474.7742309674202 0.7499999924911351 0
474.185799173859 0.7499999924831432 0
473.5884065090472 0.7499999924750297 0
472.9819164999788 0.7499999924667923 0
472.3661905997645 0.7499999924584299 0
471.7410881540303 0.74999999244994 0
471.1064663633176 0.7499999924413207 0
470.4621803037219 0.7499999924325703 0
469.8080828044452 0.7499999924236865 0
469.1440244074307 0.7499999924146675 0
468.4698534397537 0.7499999924055111 0
467.7854159181179 0.7499999923962153 0
467.0905554765131 0.7499999923867782 0
466.3851134082658 0.7499999923771968 0
465.6689285657129 0.7499999923674697 0
464.9418373418146 0.7499999923575946 0
464.2036736807894 0.7499999923475693 0
463.4542689462966 0.7499999923373911 0
462.6934519550753 0.7499999923270582 0
461.9210489294857 0.7499999923165676 0
461.1368834158573 0.7499999923059172 0
460.3407762897264 0.7499999922951047 0
459.5325457012311 0.7499999922841274 0
458.7120070493422 0.7499999922729831 0
457.8789728970478 0.7499999922616692 0
457.0332529417573 0.749999992250183 0
456.1746539845983 0.749999992238522 0
455.30297989858 0.749999992226683 0
454.4180315955933 0.7499999922146642 0
453.5196069359197 0.7499999922024618 0
452.6075006911094 0.7499999921900737 0
451.6815045072984 0.7499999921774976 0
450.741406837385 0.7499999921647292 0
449.7869929571787 0.7499999921517666 0
448.8180448684527 0.7499999921386068 0
447.8343412262022 0.7499999921252466 0
446.8356573224769 0.7499999921116826 0
445.8217650397529 0.7499999920979122 0
444.7924327755159 0.7499999920839323 0
443.7474253917595 0.7499999920697391 0
442.6865041927685 0.7499999920553303 0
441.6094268441527 0.7499999920407018 0
440.515947290239 0.7499999920258503 0
439.4058157533805 0.7499999920107729 0
438.278778677806 0.7499999919954657 0
437.1345786128641 0.7499999919799261 0
435.972954179769 0.7499999919641489 0
434.7936400083574 0.749999991948132 0
433.5963667282685 0.7499999919318707 0
432.3808608754632 0.7499999919153622 0
431.1468447942342 0.7499999918986023 0
429.8940365952085 0.7499999918815871 0
428.6221500823019 0.7499999918643129 0
427.33089473473 0.7499999918467753 0
426.0199756032932 0.7499999918289708 0
424.6890932309252 0.7499999918108954 0
423.3379436290164 0.7499999917925444 0
421.9662181388658 0.749999991773914 0
420.5736034017035 0.7499999917550001 0
419.1597813297474 0.7499999917357979 0
417.7244289886958 0.7499999917163036 0
416.2672185067531 0.7499999916965123 0
414.7878170084303 0.7499999916764196 0
413.2858865474775 0.7499999916560209 0
411.7610840363375 0.7499999916353114 0
410.213061174631 0.7499999916142868 0
408.6414643740627 0.7499999915929417 0
407.0459346259468 0.7499999915712717 0
405.4261074477859 0.7499999915492721 0
403.7816128593574 0.7499999915269371 0
402.1120752134051 0.7499999915042618 0
400.4171131359141 0.7499999914812414 0
398.696339465019 0.7499999914578703 0
396.9493611304848 0.7499999914341436 0
395.1757790581466 0.7499999914100552 0
393.3751881000044 0.7499999913856003 0
391.5471769622225 0.7499999913607728 0
389.6913281021923 0.7499999913355675 0
387.8072175930541 0.7499999913099781 0
385.8944150433551 0.7499999912839989 0
383.952483512422 0.7499999912576241 0
381.9809794241323 0.7499999912308482 0
379.9794524478116 0.7499999912036638 0
377.9474453778843 0.7499999911760656 0
375.8844940369866 0.7499999911480476 0
373.7901271761719 0.7499999911196022 0
371.6638664008071 0.7499999910907243 0
369.5052260369579 0.7499999910614061 0
367.3137129654818 0.7499999910316419 0
365.0888265926496 0.7499999910014244 0
362.8300587081281 0.7499999909707462 0
360.5368933351892 0.7499999909396016 0
358.208806665167 0.7499999909079823 0
355.8452669020836 0.7499999908758812 0
353.4457341606609 0.7499999908432918 0
351.0096603041856 0.7499999908102056 0
348.5364888620336 0.7499999907766158 0
346.0256549175867 0.7499999907425146 0
343.4765849340419 0.7499999907078938 0
340.8886966331783 0.749999990672746 0
338.2613988698389 0.749999990637063 0
335.5940915028881 0.7499999906008364 0
332.8861652335528 0.7499999905640583 0
330.1370014955004 0.7499999905267202 0
327.3459723138139 0.7499999904888133 0
324.5124401583643 0.7499999904503293 0
321.6357577658859 0.7499999904112592 0
318.7152680116939 0.749999990371594 0
315.7503038079025 0.7499999903313249 0
312.7401878830429 0.7499999902904425 0
309.6842326127188 0.7499999902489375 0
306.5817399301895 0.7499999902068005 0
303.4320011777367 0.7499999901640216 0
300.2342968671551 0.7499999901205915 0
296.9878965471433 0.7499999900765002 0
293.6920586674388 0.749999990031737 0
290.3460303525873 0.7499999899862925 0
286.949047282269 0.7499999899401556 0
283.5003335125784 0.7499999898933164 0
279.9991012611795 0.749999989845764 0
276.4445507449163 0.7499999897974869 0
272.8358700109011 0.7499999897484753 0
269.1722347635159 0.7499999896987167 0
265.4528081283433 0.7499999896482009 0
261.6767404663458 0.7499999895969155 0
257.8431692390117 0.7499999895448491 0
253.9512187562942 0.7499999894919901 0
250 0.7499999894383259 0
246.0487812161146 0.7499999893846618 0
242.1568307339469 0.7499999893318027 0
238.3232595071519 0.7499999892797362 0
234.5471918456838 0.7499999892284512 0
230.8277652110307 0.749999989177935 0
227.1641299641554 0.7499999891281767 0
223.5554492306408 0.7499999890791648 0
220.0008987148682 0.7499999890308882 0
216.4996664639506 0.7499999889833356 0
213.0509526947322 0.7499999889364962 0
209.6539696248774 0.7499999888903595 0
206.3079413104804 0.7499999888449149 0
203.012103431222 0.749999988800152 0
199.765703111648 0.7499999887560604 0
196.5679988014959 0.7499999887126303 0
193.4182600494644 0.7499999886698516 0
190.3157673673488 0.7499999886277146 0
187.2598120974305 0.7499999885862095 0
184.2496961729685 0.7499999885453272 0
181.2847319695674 0.749999988505058 0
178.3642422157579 0.7499999884653927 0
175.4875598236556 0.7499999884263225 0
172.6540276685745 0.7499999883878387 0
169.8629984872493 0.7499999883499316 0
167.113834749552 0.7499999883125934 0
164.4059084805647 0.7499999882758154 0
161.7386011139552 0.7499999882395891 0
159.1113033509505 0.7499999882039057 0
156.5234150504154 0.7499999881687578 0
153.9743450671924 0.7499999881341374 0
151.4635111230616 0.749999988100036 0
148.9903396812196 0.7499999880664464 0
146.5542658250479 0.7499999880333603 0
144.1547330839234 0.7499999880007705 0
141.7911933211323 0.7499999879686698 0
139.4631066513971 0.7499999879370506 0
137.1699412787393 0.7499999879059055 0
134.9111733944935 0.7499999878752278 0
132.6862870219319 0.7499999878450099 0
130.4947739507209 0.7499999878152456 0
128.3361335871318 0.7499999877859277 0
126.2098728120121 0.7499999877570495 0
124.1155059514412 0.7499999877286045 0
122.052554610789 0.7499999877005862 0
120.0205475411024 0.7499999876729883 0
118.0190205650177 0.7499999876458041 0
116.047516476879 0.7499999876190278 0
114.1055849462537 0.7499999875926533 0
112.1927823967777 0.7499999875666742 0
110.3086718878574 0.7499999875410845 0
108.4528230279669 0.7499999875158793 0
106.6248118903964 0.7499999874910518 0
104.8242209325324 0.7499999874665969 0
103.050638860396 0.7499999874425087 0
101.3036605260592 0.7499999874187817 0
99.58288685535798 0.7499999873954107 0
97.88792477805711 0.74999998737239 0
96.21838713229104 0.7499999873497152 0
94.57389254404529 0.7499999873273803 0
92.95406536606329 0.7499999873053802 0
91.35853561812304 0.7499999872837103 0
89.78693881772664 0.7499999872623652 0
88.23891595618865 0.7499999872413406 0
86.71411344521385 0.7499999872206312 0
85.21218298442294 0.7499999872002326 0
83.73278148625924 0.7499999871801398 0
82.27557100447208 0.7499999871603483 0
80.84021866357317 0.7499999871408539 0
79.42639659176659 0.7499999871216519 0
78.03378185475081 0.7499999871027379 0
76.66205636474373 0.7499999870841073 0
75.31090676297565 0.7499999870657567 0
73.98002439074553 0.749999987047681 0
72.6691052594438 0.7499999870298764 0
71.37784991200451 0.7499999870123391 0
70.10596339922755 0.7499999869950646 0
68.85315520032911 0.7499999869780495 0
67.6191391192246 0.7499999869612896 0
66.40363326654146 0.749999986944781 0
65.20635998657201 0.7499999869285202 0
64.02704581527772 0.7499999869125029 0
62.86542138230058 0.7499999868967261 0
61.72122131747432 0.7499999868811861 0
60.59418424201303 0.749999986865879 0
59.48405270526554 0.7499999868508014 0
58.3905731514604 0.7499999868359503 0
57.31349580295092 0.749999986821322 0
56.25257460406418 0.7499999868069126 0
55.20756722040977 0.7499999867927197 0
54.17823495627275 0.7499999867787396 0
53.16434267364657 0.7499999867649694 0
52.16565877001703 0.7499999867514056 0
51.18195512786046 0.7499999867380452 0
50.21300703922621 0.7499999867248853 0
49.25859315910979 0.7499999867119227 0
48.3184954892844 0.7499999866991548 0
47.39249930555967 0.7499999866865783 0
46.48039306083355 0.7499999866741903 0
45.58196840124262 0.7499999866619881 0
44.69702009833682 0.7499999866499689 0
43.82534601239769 0.7499999866381303 0
42.96674705531609 0.7499999866264689 0
42.1210271001012 0.7499999866149827 0
41.28799294788098 0.7499999866036687 0
40.46745429606483 0.7499999865925245 0
39.65922370764049 0.7499999865815472 0
38.86311658157904 0.7499999865707349 0
38.07895106801868 0.7499999865600847 0
37.30654804249556 0.749999986549594 0
36.54573105133949 0.7499999865392609 0
35.79632631691024 0.7499999865290827 0
35.05816265594754 0.749999986519057 0
34.33107143211031 0.7499999865091821 0
33.61488658961693 0.7499999864994549 0
32.90944452142794 0.7499999864898742 0
32.21458407988017 0.7499999864804369 0
31.53014655829948 0.7499999864711406 0
30.85597559067567 0.7499999864619844 0
30.19191719371267 0.7499999864529654 0
29.53781969448649 0.7499999864440817 0
28.89353363494013 0.7499999864353312 0
28.25891184427574 0.7499999864267121 0
27.63380939858861 0.7499999864182222 0
27.01808349842048 0.7499999864098594 0
26.41159348939728 0.7499999864016224 0
25.81420082462962 0.749999986393509 0
25.22576903111162 0.7499999863855167 0
24.64616373044008 0.7499999863776449 0
24.07525252104483 0.7499999863698911 0
23.51290497524566 0.7499999863622533 0
22.95899263511438 0.7499999863547302 0
22.41338898238097 0.74999998634732 0
21.87596937980999 0.7499999863400212 0
21.34661107187792 0.7499999863328314 0
20.82519315517882 0.7499999863257499 0
20.31159649634641 0.7499999863187742 0
19.80570379026088 0.7499999863119033 0
19.30739947703343 0.7499999863051356 0
18.81656971904833 0.7499999862984692 0
18.33310240393679 0.7499999862919029 0
17.85688709412571 0.7499999862854351 0
17.38781503213674 0.7499999862790644 0
16.92577906257343 0.7499999862727892 0
16.47067361237275 0.7499999862666082 0
16.02239472675153 0.7499999862605199 0
15.58084002094313 0.7499999862545227 0
15.1459086338549 0.7499999862486157 0
14.71750123822697 0.7499999862427971 0
14.29551996652957 0.7499999862370659 0
13.87986839587732 0.7499999862314208 0
13.4704515876932 0.7499999862258601 0
13.06717604391974 0.7499999862203829 0
12.66994963605902 0.7499999862149878 0
12.27868162046965 0.749999986209674 0
11.89328262390819 0.7499999862044393 0
11.51366460355584 0.7499999861992835 0
11.13974086256167 0.7499999861942052 0
10.77142598204398 0.7499999861892027 0
10.40863581113049 0.7499999861842754 0
10.05128748432247 0.7499999861794221 0
9.699299383426919 0.7499999861746415 0
9.352591128493259 0.7499999861699328 0
9.011083512438688 0.7499999861652943 0
8.674698494496795 0.7499999861607258 0
8.343359248223493 0.7499999861562255 0
8.016990097712053 0.7499999861517931 0
7.695516483598894 0.7499999861474269 0
7.378864957143492 0.7499999861431262 0
7.066963203223352 0.7499999861388902 0
6.759739977936519 0.7499999861347174 0
6.457125105799392 0.7499999861306074 0
6.159049474272919 0.7499999861265589 0
5.865444975263628 0.7499999861225713 0
5.576244530078441 0.7499999861186437 0
5.291382086930298 0.7499999861147747 0
5.01079259013639 0.7499999861109639 0
4.734411950847331 0.7499999861072102 0
4.462177017592225 0.7499999861035126 0
4.194025604629829 0.7499999860998705 0
3.929896462098242 0.7499999860962833 0
3.669729249357388 0.7499999860927501 0
3.413464534557093 0.7499999860892692 0
3.161043796527892 0.7499999860858413 0
2.912409368432733 0.7499999860824642 0
2.667504441720567 0.7499999860791379 0
2.426273094566682 0.7499999860758618 0
2.188660239005927 0.7499999860726345 0
1.954611595088011 0.7499999860694558 0
1.724073667297333 0.7499999860663247 0
1.496993804274197 0.7499999860632407 0
1.273320145641264 0.7499999860602028 0
1.053001571073324 0.7499999860572105 0
0.8359877616437785 0.7499999860542632 0
0.622229175550288 0.7499999860513599 0
0.4116769697627092 0.7499999860485002 0
0.2042830347739653 0.7499999860456833 0
0 0.7499999860429091 0
-0.2951612244527411 0.7499999860388999 0
-0.664112784087834 0.7499999860338892 0
-1.12530222195339 0.7499999860276254 0
-1.701789003031706 0.7499999860197957 0
-2.422397473963741 0.7499999860100087 0
-3.323158057514675 0.7499999859977751 0
-4.449108798773167 0.7499999859824824 0
-5.856547240121088 0.7499999859633671 0
-7.615845275505094 0.7499999859394731 0
-9.814967827483329 0.7499999859096053 0
-12.56387102550212 0.7499999858722705 0
-16 0.7499999858256023 0
-19.6108379198074 0.7499999857765607 0
-23.25814894616619 0.7499999857270243 0
-26.94230149533101 0.7499999856769874 0
-30.66366770896733 0.749999985626445 0
-34.42262347905 0.749999985575392 0
-38.21954849842778 0.749999985523824 0
-42.05482630008552 0.7499999854717341 0
-45.92884427781397 0.7499999854191187 0
-49.84199374553916 0.7499999853659716 0
-53.79466997884192 0.7499999853122875 0
-57.78727223817418 0.7499999852580614 0
-61.82020381161699 0.7499999852032875 0
-65.89387206500491 0.7499999851479601 0
-70.00868848650846 0.749999985092074 0
-74.16506871323421 0.7499999850356237 0
-78.36343257713835 0.7499999849786025 0
-82.60420415867607 0.7499999849210061 0
-86.88781181580127 0.7499999848628274 0
-91.21468823266609 0.7499999848040613 0
-95.58527046937866 0.7499999847447012 0
1493.294698160397 1.75000000323705 0
1486.622922833806 1.750000003164562 0
1479.984506418397 1.750000003092436 0
1473.379282090974 1.75000000302067 0
1466.807083851323 1.750000002949264 0
1460.26774658725 1.750000002878214 0
1453.761106029077 1.75000000280752 0
1447.286998668171 1.750000002737179 0
1440.845261859292 1.750000002667189 0
1434.435733738151 1.75000000259755 0
1428.058253251121 1.75000000252826 0
1421.71266018278 1.750000002459315 0
1415.398795075141 1.750000002390714 0
1409.116499292807 1.750000002322458 0
1402.865614978316 1.750000002254543 0
1396.645985081048 1.750000002186967 0
1390.457453349068 1.750000002119728 0
1384.299864284653 1.750000002052826 0
1378.173063136624 1.750000001986259 0
1372.076895966229 1.750000001920025 0
1366.011209638862 1.750000001854121 0
1359.975851743067 1.750000001788547 0
1353.970670656604 1.750000001723302 0
1347.995515501587 1.750000001658382 0
1342.050236100779 1.750000001593786 0
1336.134683080208 1.750000001529514 0
1330.248707824473 1.750000001465563 0
1324.392162469594 1.750000001401932 0
1318.564899858432 1.750000001338619 0
1312.76677353402 1.750000001275623 0
1306.997637842083 1.750000001212941 0
1301.257347849882 1.750000001150573 0
1295.545759302585 1.750000001088517 0
1289.862728689584 1.750000001026771 0
1284.208113236988 1.750000000965334 0
1278.581770863797 1.750000000904204 0
1272.983560211628 1.75000000084338 0
1267.413340600622 1.75000000078286 0
1261.870972059647 1.750000000722642 0
1256.356315355442 1.750000000662726 0
1250.869231949054 1.750000000603108 0
1245.409583988714 1.75000000054379 0
1239.977234266379 1.750000000484768 0
1234.572046284574 1.750000000426041 0
1229.193884249048 1.750000000367608 0
1223.842613025475 1.750000000309466 0
1218.518098132584 1.750000000251615 0
1213.220205809205 1.750000000194054 0
1207.948802970016 1.75000000013678 0
1202.703757126062 1.750000000079793 0
1197.484936488338 1.750000000023091 0
1192.292209960798 1.749999999966672 0
1187.12544709704 1.749999999910536 0
1181.984518057039 1.749999999854679 0
1176.869293637798 1.749999999799103 0
1171.779645340047 1.749999999743804 0
1166.715445288014 1.749999999688781 0
1161.676566223466 1.749999999634035 0
1156.662881572562 1.749999999579561 0
1151.674265365763 1.74999999952536 0
1146.710592232019 1.74999999947143 0
1141.771737465764 1.74999999941777 0
1136.857576983718 1.749999999364377 0
1131.967987282095 1.749999999311252 0
1127.102845504116 1.749999999258392 0
1122.262029433318 1.749999999205798 0
1117.445417450915 1.749999999153465 0
1112.652888529576 1.749999999101394 0
1107.884322264363 1.749999999049584 0
1103.139598829494 1.749999998998033 0
1098.418599009729 1.74999999894674 0
1093.721204193613 1.749999998895703 0
1089.047296331457 1.749999998844921 0
1084.396758002521 1.749999998794393 0
1079.769472372367 1.749999998744118 0
1075.165323186985 1.749999998694094 0
1070.584194766992 1.74999999864432 0
1066.025972001853 1.749999998594795 0
1061.490540344149 1.749999998545518 0
1056.977785840648 1.749999998496486 0
1052.487595089534 1.749999998447701 0
1048.019855271936 1.749999998399159 0
1043.574454182377 1.74999999835086 0
1039.151280113014 1.749999998302803 0
1034.750221885289 1.749999998254986 0
1030.371168954367 1.749999998207408 0
1026.014011292778 1.749999998160067 0
1021.67863942254 1.749999998112964 0
1017.364944408767 1.749999998066096 0
1013.07281785513 1.749999998019461 0
1008.802151934279 1.74999999797306 0
1004.55283934629 1.749999997926893 0
1000.324773349524 1.749999997880955 0
996.1178476820404 1.749999997835246 0
991.931956630026 1.749999997789767 0
987.7669950220409 1.749999997744515 0
983.6228582240399 1.74999999769949 0
979.4994421336906 1.749999997654689 0
975.396643101981 1.749999997610112 0
971.3143580385965 1.749999997565758 0
967.2524844059964 1.749999997521626 0
963.2109201411299 1.749999997477714 0
959.1895637238227 1.749999997434022 0
955.188314097833 1.74999999739055 0
951.2070707033018 1.749999997347293 0
947.2457335445129 1.749999997304253 0
943.3042030746865 1.749999997261429 0
939.3823802281732 1.749999997218818 0
935.4801664886952 1.749999997176421 0
931.5974638473809 1.749999997134235 0
927.7341747244599 1.749999997092262 0
923.8902020383483 1.749999997050497 0
920.0654492001793 1.749999997008941 0
916.2598201094663 1.749999996967593 0
912.473219185452 1.749999996926451 0
908.7055512889823 1.749999996885516 0
904.9567217179159 1.749999996844785 0
901.2266362760595 1.749999996804258 0
897.5152012679156 1.749999996763934 0
893.8223234574452 1.74999999672381 0
890.147910026502 1.749999996683889 0
886.4918686442813 1.749999996644166 0
882.8541074618374 1.749999996604641 0
879.2345350713549 1.749999996565315 0
875.6330605746002 1.749999996526185 0
872.0495934680324 1.749999996487251 0
868.4840436756759 1.749999996448512 0
864.936321617675 1.749999996409965 0
861.4063381690015 1.749999996371612 0
857.8940046549461 1.749999996333451 0
854.3992328098967 1.74999999629548 0
850.9219348100128 1.7499999962577 0
847.4620233051959 1.749999996220108 0
844.0194113779692 1.749999996182704 0
840.5940125023828 1.749999996145487 0
837.1857406135748 1.749999996108456 0
833.7945101027517 1.749999996071611 0
830.4202357398195 1.749999996034949 0
827.062832742668 1.749999995998472 0
823.7222167726209 1.749999995962176 0
820.3983038935406 1.749999995926062 0
817.0910105677106 1.749999995890128 0
813.8002536885017 1.749999995854374 0
810.5259505759458 1.749999995818799 0
807.2680189727189 1.749999995783402 0
804.0263770397789 1.749999995748181 0
800.8009433156594 1.749999995713138 0
797.5916367492874 1.749999995678269 0
794.3983767324668 1.749999995643574 0
791.2210830221468 1.749999995609053 0
788.0596757736976 1.749999995574705 0
784.9140755731189 1.749999995540527 0
781.7842033597638 1.749999995506522 0
778.6699804960889 1.749999995472686 0
775.5713287632021 1.749999995439019 0
772.488170283676 1.749999995405521 0
769.4204275913877 1.749999995372189 0
766.3680236271537 1.749999995339026 0
763.3308816983813 1.749999995306027 0
760.3089254751309 1.749999995273194 0
757.3020790233218 1.749999995240525 0
754.3102668004814 1.749999995208019 0
751.3334136522647 1.749999995175675 0
748.3714447715098 1.749999995143493 0
745.4242857319285 1.749999995111473 0
742.4918624836029 1.749999995079612 0
739.5741013499818 1.749999995047911 0
736.670929023431 1.749999995016368 0
733.7822725622889 1.749999994984983 0
730.9080593864724 1.749999994953754 0
728.0482172745832 1.749999994922683 0
725.2026743963336 1.749999994891766 0
722.3713592357815 1.749999994861004 0
719.5542006246513 1.749999994830395 0
716.7511277754426 1.74999999479994 0
713.9620703143776 1.749999994769637 0
711.1869581673091 1.749999994739485 0
708.4257215570154 1.749999994709485 0
705.6782911096658 1.749999994679635 0
702.9445978143135 1.749999994649932 0
700.2245729827886 1.74999999462038 0
697.5181482831096 1.749999994590975 0
694.8252557358064 1.749999994561717 0
692.145827637141 1.749999994532604 0
689.4797966664603 1.749999994503638 0
686.8270958818616 1.749999994474817 0
684.1876586071068 1.74999999444614 0
681.5614185019363 1.749999994417605 0
678.9483095952966 1.749999994389214 0
676.348266245085 1.749999994360965 0
673.7612230983013 1.749999994332857 0
671.1871151614572 1.749999994304889 0
668.6258777600362 1.749999994277061 0
666.077446535827 1.749999994249373 0
663.5417574799301 1.749999994221823 0
661.0187468562718 1.74999999419441 0
658.5083512721451 1.749999994167135 0
656.010507674533 1.749999994139996 0
653.5251533104505 1.749999994112993 0
651.0522257236873 1.749999994086124 0
648.5916627886909 1.74999999405939 0
646.1434026702389 1.749999994032791 0
643.7073838209935 1.749999994006323 0
641.2835450514717 1.749999993979988 0
638.8718254901218 1.749999993953785 0
636.4721645434898 1.749999993927713 0
634.0845018935138 1.749999993901771 0
631.7087775679134 1.749999993875959 0
629.3449318632867 1.749999993850276 0
626.9929053795726 1.749999993824721 0
624.6526390530568 1.749999993799294 0
622.3240740435158 1.749999993773995 0
620.0071518418706 1.749999993748821 0
617.7018142665157 1.749999993723774 0
615.4080033872731 1.749999993698852 0
613.1256615592507 1.749999993674054 0
610.8547314199724 1.749999993649381 0
608.5951559232739 1.74999999362483 0
606.3468782993623 1.749999993600403 0
604.1098420523771 1.749999993576097 0
601.8839909939857 1.749999993551914 0
599.6692692038739 1.749999993527851 0
597.4656210270016 1.749999993503909 0
595.2729911076327 1.749999993480086 0
593.0913243495177 1.749999993456382 0
590.9205659135814 1.749999993432797 0
588.760661251648 1.749999993409329 0
586.6115561037997 1.74999999338598 0
584.4731964953939 1.749999993362747 0
582.3455286977181 1.749999993339629 0
580.2284992254126 1.749999993316628 0
578.1220549074123 1.749999993293741 0
576.0261428101873 1.74999999327097 0
573.9407102726857 1.749999993248311 0
571.8657049027523 1.749999993225767 0
569.8010745386403 1.749999993203335 0
567.7467673193137 1.749999993181015 0
565.7027316452596 1.749999993158807 0
563.668916175706 1.749999993136709 0
561.6452697894752 1.749999993114722 0
559.6317416193515 1.749999993092845 0
557.628281086106 1.749999993071078 0
555.6348378590361 1.749999993049418 0
553.6513618536483 1.749999993027869 0
551.6778032289856 1.749999993006426 0
549.7141123853459 1.749999992985091 0
547.7602399983975 1.749999992963862 0
545.8161369798178 1.74999999294274 0
543.8817544750639 1.749999992921722 0
541.9570438975485 1.749999992900811 0
540.0419568893307 1.749999992880003 0
538.1364453189436 1.7499999928593 0
536.2404612788758 1.7499999928387 0
534.3539571569287 1.749999992818204 0
532.4768855595006 1.749999992797809 0
530.6091993102227 1.749999992777516 0
528.7508514835216 1.749999992757326 0
526.901795402924 1.749999992737236 0
525.0619846011567 1.749999992717246 0
523.2313728556051 1.749999992697357 0
521.4099141848282 1.749999992677567 0
519.5975628105521 1.749999992657876 0
517.7942731913395 1.749999992638283 0
516 1.749999992618788 0
514.1785547878681 1.749999992598999 0
512.5392541006406 1.749999992581187 0
511.063883474351 1.749999992565158 0
509.7360499171375 1.74999999255073 0
508.5409997207321 1.749999992537747 0
507.4654545356206 1.749999992526061 0
506.4974638645205 1.749999992515544 0
505.6262722670205 1.749999992506078 0
504.8421998359905 1.749999992497559 0
504.1365346418135 1.749999992489892 0
503.5014359586693 1.749999992482992 0
502.9298471457039 1.749999992476782 0
502.4154172112036 1.749999992471192 0
501.9524302747857 1.749999992466162 0
501.5357420329706 1.749999992461634 0
501.1607226113432 1.749999992457561 0
500.8232051355619 1.749999992453893 0
500.5194394037724 1.749999992450592 0
500.2460502458242 1.749999992447622 0
500.0000000000001 1.749999992444949 0
499.7957169652186 1.74999999244273 0
499.5883230302223 1.749999992440476 0
499.3777708244267 1.749999992438188 0
499.1640122383251 1.749999992435866 0
498.9469984288871 1.749999992433508 0
498.7266798543106 1.749999992431114 0
498.5030061956687 1.749999992428684 0
498.2759263326367 1.749999992426217 0
498.0453884048365 1.749999992423713 0
497.8113397609089 1.749999992421169 0
497.5737269053384 1.749999992418588 0
497.3324955581742 1.749999992415967 0
497.0875906314515 1.749999992413306 0
496.8389562033457 1.749999992410604 0
496.5865354653055 1.749999992407862 0
496.3302707504937 1.749999992405078 0
496.0701035377411 1.749999992402251 0
495.8059743951974 1.749999992399381 0
495.5378229822228 1.749999992396468 0
495.2655880489551 1.749999992393509 0
494.989207409653 1.749999992390507 0
494.7086179128459 1.749999992387458 0
494.4237554696838 1.749999992384364 0
494.1345550244847 1.749999992381222 0
493.8409505254609 1.749999992378031 0
493.5428748939196 1.749999992374793 0
493.2402600217671 1.749999992371505 0
492.9330367964649 1.749999992368167 0
492.6211350425286 1.749999992364778 0
492.3044835160568 1.749999992361338 0
491.9830099019266 1.749999992357845 0
491.6566407513979 1.749999992354299 0
491.3253015051066 1.749999992350699 0
490.9889164871461 1.749999992347044 0
490.647408871073 1.749999992343334 0
490.3007006161195 1.749999992339567 0
489.9487125152042 1.749999992335743 0
489.5913641883759 1.74999999233186 0
489.2285740174416 1.749999992327918 0
488.8602591369024 1.749999992323916 0
488.4863353958863 1.749999992319854 0
488.1067173755116 1.749999992315729 0
487.721318378927 1.749999992311542 0
487.330050363314 1.74999999230729 0
486.9328239554294 1.749999992302975 0
486.5295484116311 1.749999992298593 0
486.1201316034216 1.749999992294145 0
485.704480032743 1.749999992289629 0
485.2824987610194 1.749999992285044 0
484.8540913653641 1.749999992280389 0
484.4191599782478 1.749999992275664 0
483.9776052724113 1.749999992270866 0
483.5293263867614 1.749999992265996 0
483.0742209365314 1.749999992261051 0
482.6121849669382 1.749999992256031 0
482.1431129049183 1.749999992250935 0
481.666897595076 1.749999992245761 0
481.1834302799322 1.749999992240508 0
480.6926005219143 1.749999992235175 0
480.1942962086532 1.749999992229761 0
479.688403502533 1.749999992224264 0
479.1748068436656 1.749999992218684 0
478.6533889269305 1.749999992213019 0
478.1240306189615 1.749999992207267 0
477.5866110163527 1.749999992201429 0
477.0410073635807 1.749999992195501 0
476.4870950234101 1.749999992189482 0
475.9247474775705 1.749999992183373 0
475.3538362681341 1.749999992177169 0
474.7742309674202 1.749999992170872 0
474.1857991738592 1.749999992164479 0
473.5884065090472 1.749999992157989 0
472.9819164999788 1.749999992151399 0
472.3661905997644 1.749999992144709 0
471.7410881540302 1.749999992137917 0
471.1064663633177 1.749999992131022 0
470.4621803037219 1.749999992124022 0
469.8080828044452 1.749999992116915 0
469.1440244074307 1.7499999921097 0
468.4698534397538 1.749999992102375 0
467.7854159181179 1.749999992094939 0
467.090555476513 1.749999992087389 0
466.3851134082658 1.749999992079725 0
465.6689285657129 1.749999992071944 0
464.9418373418144 1.749999992064044 0
464.2036736807894 1.749999992056024 0
463.4542689462965 1.749999992047881 0
462.6934519550753 1.749999992039615 0
461.9210489294856 1.749999992031223 0
461.1368834158574 1.749999992022703 0
460.3407762897264 1.749999992014054 0
459.5325457012311 1.749999992005271 0
458.7120070493422 1.749999991996357 0
457.8789728970478 1.749999991987307 0
457.0332529417572 1.749999991978117 0
456.1746539845983 1.749999991968789 0
455.30297989858 1.749999991959318 0
454.4180315955933 1.749999991949703 0
453.5196069359196 1.749999991939942 0
452.6075006911094 1.749999991930032 0
451.6815045072985 1.749999991919971 0
450.7414068373849 1.749999991909757 0
449.7869929571788 1.749999991899388 0
448.8180448684527 1.74999999188886 0
447.8343412262022 1.749999991878171 0
446.8356573224769 1.749999991867321 0
445.821765039753 1.749999991856305 0
444.792432775516 1.749999991845121 0
443.7474253917596 1.749999991833767 0
442.6865041927686 1.74999999182224 0
441.6094268441527 1.749999991810538 0
440.515947290239 1.749999991798657 0
439.4058157533805 1.749999991786596 0
438.2787786778061 1.74999999177435 0
437.1345786128641 1.749999991761919 0
435.972954179769 1.749999991749298 0
434.7936400083574 1.749999991736485 0
433.5963667282685 1.749999991723477 0
432.3808608754632 1.74999999171027 0
431.1468447942342 1.749999991696863 0
429.8940365952085 1.749999991683251 0
428.6221500823018 1.749999991669432 0
427.33089473473 1.749999991655403 0
426.0199756032932 1.749999991641159 0
424.6890932309252 1.7499999916267 0
423.3379436290164 1.749999991612019 0
421.9662181388656 1.749999991597115 0
420.5736034017033 1.749999991581985 0
419.1597813297473 1.749999991566624 0
417.7244289886959 1.749999991551029 0
416.267218506753 1.749999991535196 0
414.7878170084305 1.749999991519123 0
413.2858865474776 1.749999991502804 0
411.7610840363375 1.749999991486237 0
410.213061174631 1.749999991469418 0
408.6414643740627 1.749999991452343 0
407.0459346259468 1.749999991435007 0
405.4261074477859 1.749999991417408 0
403.7816128593573 1.749999991399541 0
402.1120752134051 1.749999991381401 0
400.417113135914 1.749999991362986 0
398.6963394650191 1.74999999134429 0
396.9493611304848 1.749999991325308 0
395.1757790581465 1.749999991306039 0
393.3751881000044 1.749999991286475 0
391.5471769622224 1.749999991266614 0
389.6913281021922 1.74999999124645 0
387.8072175930541 1.74999999122598 0
385.894415043355 1.749999991205197 0
383.9524835124221 1.749999991184098 0
381.9809794241323 1.749999991162678 0
379.9794524478116 1.749999991140931 0
377.9474453778843 1.749999991118854 0
375.8844940369866 1.749999991096439 0
373.7901271761718 1.749999991073684 0
371.6638664008071 1.749999991050583 0
369.5052260369579 1.749999991027129 0
367.3137129654818 1.749999991003318 0
365.0888265926496 1.749999990979146 0
362.8300587081281 1.749999990954604 0
360.5368933351892 1.749999990929689 0
358.2088066651671 1.749999990904394 0
355.8452669020836 1.749999990878715 0
353.4457341606611 1.749999990852644 0
351.0096603041856 1.749999990826176 0
348.5364888620336 1.749999990799305 0
346.0256549175866 1.749999990772025 0
343.4765849340419 1.749999990744329 0
340.8886966331783 1.749999990716212 0
338.2613988698389 1.749999990687667 0
335.5940915028881 1.749999990658686 0
332.8861652335529 1.749999990629265 0
330.1370014955003 1.749999990599395 0
327.3459723138141 1.749999990569071 0
324.5124401583643 1.749999990538285 0
321.635757765886 1.74999999050703 0
318.715268011694 1.749999990475299 0
315.7503038079026 1.749999990443085 0
312.7401878830428 1.74999999041038 0
309.6842326127189 1.749999990377177 0
306.5817399301895 1.749999990343469 0
303.4320011777367 1.749999990309247 0
300.2342968671551 1.749999990274504 0
296.9878965471432 1.749999990239232 0
293.6920586674388 1.749999990203423 0
290.3460303525873 1.749999990167068 0
286.949047282269 1.74999999013016 0
283.5003335125783 1.74999999009269 0
279.9991012611795 1.74999999005465 0
276.4445507449163 1.74999999001603 0
272.8358700109012 1.749999989976821 0
269.1722347635159 1.749999989937016 0
265.4528081283432 1.749999989896605 0
261.6767404663457 1.749999989855578 0
257.8431692390116 1.749999989813926 0
253.9512187562942 1.749999989771641 0
250 1.74999998972871 0
246.0487812161146 1.749999989685781 0
242.1568307339469 1.749999989643495 0
238.323259507152 1.749999989601843 0
234.5471918456838 1.749999989560816 0
230.8277652110306 1.749999989520405 0
227.1641299641554 1.7499999894806 0
223.5554492306408 1.749999989441392 0
220.0008987148682 1.749999989402772 0
216.4996664639505 1.749999989364731 0
213.0509526947322 1.749999989327261 0
209.6539696248774 1.749999989290353 0
206.3079413104804 1.749999989253998 0
203.0121034312221 1.749999989218189 0
199.7657031116481 1.749999989182917 0
196.5679988014959 1.749999989148175 0
193.4182600494645 1.749999989113952 0
190.3157673673488 1.749999989080244 0
187.2598120974305 1.749999989047041 0
184.2496961729686 1.749999989014337 0
181.2847319695674 1.749999988982123 0
178.364242215758 1.749999988950392 0
175.4875598236556 1.749999988919136 0
172.6540276685745 1.74999998888835 0
169.8629984872493 1.749999988858026 0
167.113834749552 1.749999988828156 0
164.4059084805646 1.749999988798735 0
161.7386011139552 1.749999988769755 0
159.1113033509505 1.749999988741209 0
156.5234150504154 1.749999988713092 0
153.9743450671924 1.749999988685396 0
151.4635111230615 1.749999988658116 0
148.9903396812196 1.749999988631245 0
146.5542658250479 1.749999988604778 0
144.1547330839234 1.749999988578707 0
141.7911933211324 1.749999988553027 0
139.4631066513971 1.749999988527732 0
137.1699412787393 1.749999988502817 0
134.9111733944935 1.749999988478276 0
132.6862870219318 1.749999988454102 0
130.4947739507209 1.749999988430292 0
128.3361335871318 1.749999988406838 0
126.2098728120121 1.749999988383736 0
124.1155059514413 1.749999988360982 0
122.052554610789 1.749999988338567 0
120.0205475411024 1.74999998831649 0
118.0190205650178 1.749999988294743 0
116.047516476879 1.749999988273323 0
114.1055849462537 1.749999988252224 0
112.1927823967777 1.749999988231441 0
110.3086718878573 1.749999988210971 0
108.452823027967 1.749999988190807 0
106.6248118903965 1.749999988170946 0
104.8242209325324 1.749999988151382 0
103.050638860396 1.749999988132112 0
101.3036605260592 1.749999988113132 0
99.58288685535797 1.749999988094435 0
97.88792477805711 1.74999998807602 0
96.21838713229103 1.74999998805788 0
94.57389254404528 1.749999988040013 0
92.95406536606332 1.749999988022414 0
91.35853561812301 1.749999988005078 0
89.78693881772664 1.749999987988003 0
88.23891595618863 1.749999987971184 0
86.71411344521387 1.749999987954616 0
85.21218298442297 1.749999987938299 0
83.73278148625924 1.749999987922225 0
82.2755710044721 1.749999987906392 0
80.84021866357318 1.749999987890797 0
79.42639659176663 1.749999987875436 0
78.03378185475084 1.749999987860305 0
76.66205636474379 1.749999987845402 0
75.31090676297563 1.749999987830722 0
73.98002439074553 1.749999987816262 0
72.6691052594438 1.749999987802019 0
71.37784991200451 1.749999987787989 0
70.10596339922755 1.74999998777417 0
68.85315520032913 1.749999987760559 0
67.61913911922463 1.749999987747151 0
66.40363326654148 1.749999987733944 0
65.20635998657201 1.749999987720936 0
64.02704581527772 1.749999987708123 0
62.86542138230058 1.749999987695502 0
61.72122131747427 1.74999998768307 0
60.59418424201299 1.749999987670825 0
59.48405270526553 1.749999987658763 0
58.39057315146039 1.749999987646883 0
57.31349580295091 1.749999987635181 0
56.25257460406416 1.749999987623654 0
55.20756722040978 1.7499999876123 0
54.17823495627275 1.749999987601116 0
53.16434267364659 1.7499999875901 0
52.16565877001701 1.749999987579249 0
51.18195512786046 1.749999987568562 0
50.21300703922623 1.749999987558034 0
49.2585931591098 1.749999987547665 0
48.31849548928439 1.74999998753745 0
47.39249930555965 1.74999998752739 0
46.48039306083355 1.749999987517479 0
45.58196840124263 1.749999987507718 0
44.69702009833682 1.749999987498103 0
43.82534601239767 1.749999987488633 0
42.96674705531609 1.749999987479304 0
42.1210271001012 1.749999987470116 0
41.28799294788095 1.749999987461064 0
40.4674542960648 1.749999987452149 0
39.65922370764047 1.749999987443368 0
38.86311658157904 1.749999987434718 0
38.07895106801868 1.749999987426198 0
37.30654804249556 1.749999987417806 0
36.54573105133948 1.74999998740954 0
35.79632631691024 1.749999987401398 0
35.05816265594754 1.749999987393378 0
34.33107143211033 1.749999987385477 0
33.61488658961693 1.749999987377696 0
32.90944452142794 1.749999987370032 0
32.21458407988015 1.749999987362482 0
31.53014655829951 1.749999987355046 0
30.85597559067571 1.749999987347721 0
30.19191719371266 1.749999987340506 0
29.53781969448651 1.749999987333399 0
28.89353363494013 1.749999987326399 0
28.25891184427576 1.749999987319504 0
27.6338093985886 1.749999987312712 0
27.01808349842047 1.749999987306023 0
26.4115934893973 1.749999987299433 0
25.81420082462964 1.749999987292942 0
25.22576903111162 1.749999987286549 0
24.64616373044005 1.749999987280252 0
24.07525252104484 1.749999987274049 0
23.51290497524568 1.749999987267938 0
22.95899263511441 1.749999987261921 0
22.41338898238095 1.749999987255992 0
21.87596937980998 1.749999987250153 0
21.34661107187793 1.749999987244402 0
20.82519315517882 1.749999987238737 0
20.3115964963464 1.749999987233156 0
19.80570379026089 1.74999998722766 0
19.30739947703341 1.749999987222246 0
18.81656971904832 1.749999987216913 0
18.33310240393677 1.749999987211661 0
17.85688709412572 1.749999987206486 0
17.38781503213673 1.74999998720139 0
16.92577906257343 1.74999998719637 0
16.47067361237275 1.749999987191425 0
16.02239472675152 1.749999987186554 0
15.58084002094314 1.749999987181758 0
15.1459086338549 1.749999987177031 0
14.71750123822696 1.749999987172377 0
14.29551996652959 1.749999987167792 0
13.87986839587732 1.749999987163277 0
13.47045158769319 1.749999987158828 0
13.06717604391975 1.749999987154447 0
12.66994963605898 1.74999998715013 0
12.27868162046966 1.74999998714588 0
11.8932826239082 1.749999987141692 0
11.51366460355582 1.749999987137568 0
11.13974086256166 1.749999987133505 0
10.77142598204399 1.749999987129503 0
10.40863581113052 1.749999987125562 0
10.05128748432247 1.749999987121679 0
9.69929938342694 1.749999987117854 0
9.352591128493266 1.749999987114087 0
9.011083512438688 1.749999987110377 0
8.674698494496788 1.749999987106722 0
8.3433592482235 1.749999987103122 0
8.016990097712061 1.749999987099576 0
7.695516483598901 1.749999987096084 0
7.378864957143492 1.749999987092643 0
7.066963203223374 1.749999987089255 0
6.759739977936512 1.749999987085916 0
6.457125105799392 1.749999987082628 0
6.159049474272926 1.74999998707939 0
5.865444975263621 1.7499999870762 0
5.576244530078441 1.749999987073058 0
5.291382086930305 1.749999987069962 0
5.010792590136404 1.749999987066914 0
4.734411950847338 1.749999987063911 0
4.462177017592225 1.749999987060954 0
4.194025604629822 1.74999998705804 0
3.929896462098228 1.74999998705517 0
3.669729249357395 1.749999987052344 0
3.413464534557093 1.749999987049559 0
3.161043796527885 1.749999987046817 0
2.912409368432748 1.749999987044116 0
2.667504441720538 1.749999987041455 0
2.426273094566682 1.749999987038834 0
2.188660239005927 1.749999987036252 0
1.954611595088025 1.749999987033709 0
1.724073667297333 1.749999987031204 0
1.496993804274211 1.749999987028737 0
1.273320145641271 1.749999987026307 0
1.053001571073324 1.749999987023913 0
0.8359877616437714 1.749999987021555 0
0.6222291755502809 1.749999987019232 0
0.411676969762695 1.749999987016945 0
0.2042830347739581 1.749999987014692 0
7.105427357601002e-15 1.749999987012472 0
-0.295161224452734 1.749999987009265 0
-0.664112784087834 1.749999987005256 0
-1.125302221953405 1.749999987000246 0
-1.70178900303172 1.749999986993982 0
-2.422397473963763 1.749999986986153 0
-3.323158057514654 1.749999986976366 0
-4.449108798773167 1.749999986964133 0
-5.856547240121081 1.749999986948841 0
-7.615845275505123 1.749999986929726 0
-9.814967827483322 1.749999986905833 0
-12.56387102550212 1.749999986875966 0
-16 1.749999986838633 0
-19.61083791980739 1.749999986799401 0
-23.25814894616619 1.749999986759773 0
-26.94230149533102 1.749999986719745 0
-30.66366770896734 1.749999986679313 0
-34.42262347905 1.749999986638472 0
-38.21954849842776 1.749999986597218 0
-42.05482630008553 1.749999986555548 0
-45.92884427781397 1.749999986513457 0
-49.84199374553917 1.749999986470941 0
-53.79466997884192 1.749999986427996 0
-57.78727223817417 1.749999986384616 0
-61.82020381161699 1.749999986340798 0
-65.8938720650049 1.749999986296539 0
-70.00868848650848 1.749999986251831 0
-74.16506871323421 1.749999986206672 0
-78.36343257713835 1.749999986161057 0
-82.60420415867605 1.749999986114982 0
-86.88781181580127 1.74999998606844 0
-91.21468823266611 1.749999986021429 0
-95.58527046937866 1.749999985973942 0
$EndNodes
$Elements
21 12074 1 12074
1 1 1 21
1 1 29 
2 29 30 
3 30 31 
4 31 32 
5 32 33 
6 33 34 
7 34 35 
8 35 36 
9 36 37 
10 37 38 
11 38 39 
12 39 40 
13 40 41 
14 41 42 
15 42 43 
16 43 44 
17 44 45 
18 45 46 
19 46 47 
20 47 48 
21 48 18 
1 2 1 5
22 2 49 
23 49 50 
24 50 51 
25 51 52 
26 52 15 
1 3 1 197
27 3 53 
28 53 54 
29 54 55 
30 55 56 
31 56 57 
32 57 58 
33 58 59 
34 59 60 
35 60 61 
36 61 62 
37 62 63 
38 63 64 
39 64 65 
40 65 66 
41 66 67 
42 67 68 
43 68 69 
44 69 70 
45 70 71 
46 71 72 
47 72 73 
48 73 74 
49 74 75 
50 75 76 
51 76 77 
52 77 78 
53 78 79 
54 79 80 
55 80 81 
56 81 82 
57 82 83 
58 83 84 
59 84 85 
60 85 86 
61 86 87 
62 87 88 
63 88 89 
64 89 90 
65 90 91 
66 91 92 
67 92 93 
68 93 94 
69 94 95 
70 95 96 
71 96 97 
72 97 98 
73 98 99 
74 99 100 
75 100 101 
76 101 102 
77 102 103 
78 103 104 
79 104 105 
80 105 106 
81 106 107 
82 107 108 
83 108 109 
84 109 110 
85 110 111 
86 111 112 
87 112 113 
88 113 114 
89 114 115 
90 115 116 
91 116 117 
92 117 118 
93 118 119 
94 119 120 
95 120 121 
96 121 122 
97 122 123 
98 123 124 
99 124 125 
100 125 126 
101 126 127 
102 127 128 
103 128 129 
104 129 130 
105 130 131 
106 131 132 
107 132 133 
108 133 134 
109 134 135 
110 135 136 
111 136 137 
112 137 138 
113 138 139 
114 139 140 
115 140 141 
116 141 142 
117 142 143 
118 143 144 
119 144 145 
120 145 146 
121 146 147 
122 147 148 
123 148 149 
124 149 150 
125 150 151 
126 151 152 
127 152 153 
128 153 154 
129 154 155 
130 155 156 
131 156 157 
132 157 158 
133 158 159 
134 159 160 
135 160 161 
136 161 162 
137 162 163 
138 163 164 
139 164 165 
140 165 166 
141 166 167 
142 167 168 
143 168 169 
144 169 170 
145 170 171 
146 171 172 
147 172 173 
148 173 174 
149 174 175 
150 175 176 
151 176 177 
152 177 178 
153 178 179 
154 179 180 
155 180 181 
156 181 182 
157 182 183 
158 183 184 
159 184 185 
160 185 186 
161 186 187 
162 187 188 
163 188 189 
164 189 190 
165 190 191 
166 191 192 
167 192 193 
168 193 194 
169 194 195 
170 195 196 
171 196 197 
172 197 198 
173 198 199 
174 199 200 
175 200 201 
176 201 202 
177 202 203 
178 203 204 
179 204 205 
180 205 206 
181 206 207 
182 207 208 
183 208 209 
184 209 210 
185 210 211 
186 211 212 
187 212 213 
188 213 214 
189 214 215 
190 215 216 
191 216 217 
192 217 218 
193 218 219 
194 219 220 
195 220 221 
196 221 222 
197 222 223 
198 223 224 
199 224 225 
200 225 226 
201 226 227 
202 227 228 
203 228 229 
204 229 230 
205 230 231 
206 231 232 
207 232 233 
208 233 234 
209 234 235 
210 235 236 
211 236 237 
212 237 238 
213 238 239 
214 239 240 
215 240 241 
216 241 242 
217 242 243 
218 243 244 
219 244 245 
220 245 246 
221 246 247 
222 247 248 
223 248 16 
1 4 1 4
224 4 249 
225 249 250 
226 250 251 
227 251 17 
1 5 1 20
228 5 252 
229 252 253 
230 253 254 
231 254 255 
232 255 256 
233 256 257 
234 257 258 
235 258 259 
236 259 260 
237 260 261 
238 261 262 
239 262 263 
240 263 264 
241 264 265 
242 265 266 
243 266 267 
244 267 268 
245 268 269 
246 269 270 
247 270 20 
1 6 1 1
248 6 7 
1 7 1 3
249 7 271 
250 271 272 
251 272 25 
1 8 1 24
252 8 273 
253 273 274 
254 274 275 
255 275 276 
256 276 277 
257 277 278 
258 278 279 
259 279 280 
260 280 281 
261 281 282 
262 282 283 
263 283 284 
264 284 285 
265 285 286 
266 286 287 
267 287 288 
268 288 289 
269 289 290 
270 290 291 
271 291 292 
272 292 293 
273 293 294 
274 294 295 
275 295 9 
1 9 1 11
276 9 296 
277 296 297 
278 297 298 
279 298 299 
280 299 300 
281 300 301 
282 301 302 
283 302 303 
284 303 304 
285 304 305 
286 305 22 
1 11 1 1
287 10 1 
1 15 1 4
288 15 737 
289 737 738 
290 738 739 
291 739 3 
1 16 1 197
292 16 740 
293 740 741 
294 741 742 
295 742 743 
296 743 744 
297 744 745 
298 745 746 
299 746 747 
300 747 748 
301 748 749 
302 749 750 
303 750 751 
304 751 752 
305 752 753 
306 753 754 
307 754 755 
308 755 756 
309 756 757 
310 757 758 
311 758 759 
312 759 760 
313 760 761 
314 761 762 
315 762 763 
316 763 764 
317 764 765 
318 765 766 
319 766 767 
320 767 768 
321 768 769 
322 769 770 
323 770 771 
324 771 772 
325 772 773 
326 773 774 
327 774 775 
328 775 776 
329 776 777 
330 777 778 
331 778 779 
332 779 780 
333 780 781 
334 781 782 
335 782 783 
336 783 784 
337 784 785 
338 785 786 
339 786 787 
340 787 788 
341 788 789 
342 789 790 
343 790 791 
344 791 792 
345 792 793 
346 793 794 
347 794 795 
348 795 796 
349 796 797 
350 797 798 
351 798 799 
352 799 800 
353 800 801 
354 801 802 
355 802 803 
356 803 804 
357 804 805 
358 805 806 
359 806 807 
360 807 808 
361 808 809 
362 809 810 
363 810 811 
364 811 812 
365 812 813 
366 813 814 
367 814 815 
368 815 816 
369 816 817 
370 817 818 
371 818 819 
372 819 820 
373 820 821 
374 821 822 
375 822 823 
376 823 824 
377 824 825 
378 825 826 
379 826 827 
380 827 828 
381 828 829 
382 829 830 
383 830 831 
384 831 832 
385 832 833 
386 833 834 
387 834 835 
388 835 836 
389 836 837 
390 837 838 
391 838 839 
392 839 840 
393 840 841 
394 841 842 
395 842 843 
396 843 844 
397 844 845 
398 845 846 
399 846 847 
400 847 848 
401 848 849 
402 849 850 
403 850 851 
404 851 852 
405 852 853 
406 853 854 
407 854 855 
408 855 856 
409 856 857 
410 857 858 
411 858 859 
412 859 860 
413 860 861 
414 861 862 
415 862 863 
416 863 864 
417 864 865 
418 865 866 
419 866 867 
420 867 868 
421 868 869 
422 869 870 
423 870 871 
424 871 872 
425 872 873 
426 873 874 
427 874 875 
428 875 876 
429 876 877 
430 877 878 
431 878 879 
432 879 880 
433 880 881 
434 881 882 
435 882 883 
436 883 884 
437 884 885 
438 885 886 
439 886 887 
440 887 888 
441 888 889 
442 889 890 
443 890 891 
444 891 892 
445 892 893 
446 893 894 
447 894 895 
448 895 896 
449 896 897 
450 897 898 
451 898 899 
452 899 900 
453 900 901 
454 901 902 
455 902 903 
456 903 904 
457 904 905 
458 905 906 
459 906 907 
460 907 908 
461 908 909 
462 909 910 
463 910 911 
464 911 912 
465 912 913 
466 913 914 
467 914 915 
468 915 916 
469 916 917 
470 917 918 
471 918 919 
472 919 920 
473 920 921 
474 921 922 
475 922 923 
476 923 924 
477 924 925 
478 925 926 
479 926 927 
480 927 928 
481 928 929 
482 929 930 
483 930 931 
484 931 932 
485 932 933 
486 933 934 
487 934 935 
488 935 4 
1 17 1 5
489 17 936 
490 936 937 
491 937 938 
492 938 939 
493 939 5 
1 20 1 12
494 18 1332 
495 1332 1333 
496 1333 1334 
497 1334 1335 
498 1335 1336 
499 1336 1337 
500 1337 1338 
501 1338 1339 
502 1339 1340 
503 1340 1341 
504 1341 1342 
505 1342 2 
1 21 1 264
506 20 1343 
507 1343 1344 
508 1344 1345 
509 1345 1346 
510 1346 1347 
511 1347 1348 
512 1348 1349 
513 1349 1350 
514 1350 1351 
515 1351 1352 
516 1352 1353 
517 1353 1354 
518 1354 1355 
519 1355 1356 
520 1356 1357 
521 1357 1358 
522 1358 1359 
523 1359 1360 
524 1360 1361 
525 1361 1362 
526 1362 1363 
527 1363 1364 
528 1364 1365 
529 1365 1366 
530 1366 1367 
531 1367 1368 
532 1368 1369 
533 1369 1370 
534 1370 1371 
535 1371 1372 
536 1372 1373 
537 1373 1374 
538 1374 1375 
539 1375 1376 
540 1376 1377 
541 1377 1378 
542 1378 1379 
543 1379 1380 
544 1380 1381 
545 1381 1382 
546 1382 1383 
547 1383 1384 
548 1384 1385 
549 1385 1386 
550 1386 1387 
551 1387 1388 
552 1388 1389 
553 1389 1390 
554 1390 1391 
555 1391 1392 
556 1392 1393 
557 1393 1394 
558 1394 1395 
559 1395 1396 
560 1396 1397 
561 1397 1398 
562 1398 1399 
563 1399 1400 
564 1400 1401 
565 1401 1402 
566 1402 1403 
567 1403 1404 
568 1404 1405 
569 1405 1406 
570 1406 1407 
571 1407 1408 
572 1408 1409 
573 1409 1410 
574 1410 1411 
575 1411 1412 
576 1412 1413 
577 1413 1414 
578 1414 1415 
579 1415 1416 
580 1416 1417 
581 1417 1418 
582 1418 1419 
583 1419 1420 
584 1420 1421 
585 1421 1422 
586 1422 1423 
587 1423 1424 
588 1424 1425 
589 1425 1426 
590 1426 1427 
591 1427 1428 
592 1428 1429 
593 1429 1430 
594 1430 1431 
595 1431 1432 
596 1432 1433 
597 1433 1434 
598 1434 1435 
599 1435 1436 
600 1436 1437 
601 1437 1438 
602 1438 1439 
603 1439 1440 
604 1440 1441 
605 1441 1442 
606 1442 1443 
607 1443 1444 
608 1444 1445 
609 1445 1446 
610 1446 1447 
611 1447 1448 
612 1448 1449 
613 1449 1450 
614 1450 1451 
615 1451 1452 
616 1452 1453 
617 1453 1454 
618 1454 1455 
619 1455 1456 
620 1456 1457 
621 1457 1458 
622 1458 1459 
623 1459 1460 
624 1460 1461 
625 1461 1462 
626 1462 1463 
627 1463 1464 
628 1464 1465 
629 1465 1466 
630 1466 1467 
631 1467 1468 
632 1468 1469 
633 1469 1470 
634 1470 1471 
635 1471 1472 
636 1472 1473 
637 1473 1474 
638 1474 1475 
639 1475 1476 
640 1476 1477 
641 1477 1478 
642 1478 1479 
643 1479 1480 
644 1480 1481 
645 1481 1482 
646 1482 1483 
647 1483 1484 
648 1484 1485 
649 1485 1486 
650 1486 1487 
651 1487 1488 
652 1488 1489 
653 1489 1490 
654 1490 1491 
655 1491 1492 
656 1492 1493 
657 1493 1494 
658 1494 1495 
659 1495 1496 
660 1496 1497 
661 1497 1498 
662 1498 1499 
663 1499 1500 
664 1500 1501 
665 1501 1502 
666 1502 1503 
667 1503 1504 
668 1504 1505 
669 1505 1506 
670 1506 1507 
671 1507 1508 
672 1508 1509 
673 1509 1510 
674 1510 1511 
675 1511 1512 
676 1512 1513 
677 1513 1514 
678 1514 1515 
679 1515 1516 
680 1516 1517 
681 1517 1518 
682 1518 1519 
683 1519 1520 
684 1520 1521 
685 1521 1522 
686 1522 1523 
687 1523 1524 
688 1524 1525 
689 1525 1526 
690 1526 1527 
691 1527 1528 
692 1528 1529 
693 1529 1530 
694 1530 1531 
695 1531 1532 
696 1532 1533 
697 1533 1534 
698 1534 1535 
699 1535 1536 
700 1536 1537 
701 1537 1538 
702 1538 1539 
703 1539 1540 
704 1540 1541 
705 1541 1542 
706 1542 1543 
707 1543 1544 
708 1544 1545 
709 1545 1546 
710 1546 1547 
711 1547 1548 
712 1548 1549 
713 1549 1550 
714 1550 1551 
715 1551 1552 
716 1552 1553 
717 1553 1554 
718 1554 1555 
719 1555 1556 
720 1556 1557 
721 1557 1558 
722 1558 1559 
723 1559 1560 
724 1560 1561 
725 1561 1562 
726 1562 1563 
727 1563 1564 
728 1564 1565 
729 1565 1566 
730 1566 1567 
731 1567 1568 
732 1568 1569 
733 1569 1570 
734 1570 1571 
735 1571 1572 
736 1572 1573 
737 1573 1574 
738 1574 1575 
739 1575 1576 
740 1576 1577 
741 1577 1578 
742 1578 1579 
743 1579 1580 
744 1580 1581 
745 1581 1582 
746 1582 1583 
747 1583 1584 
748 1584 1585 
749 1585 1586 
750 1586 1587 
751 1587 1588 
752 1588 1589 
753 1589 1590 
754 1590 1591 
755 1591 1592 
756 1592 1593 
757 1593 1594 
758 1594 1595 
759 1595 1596 
760 1596 1597 
761 1597 1598 
762 1598 1599 
763 1599 1600 
764 1600 1601 
765 1601 1602 
766 1602 1603 
767 1603 1604 
768 1604 1605 
769 1605 6 
1 24 1 3
770 22 1880 
771 1880 1881 
772 1881 10 
1 25 1 11
773 25 1882 
774 1882 1883 
775 1883 1884 
776 1884 1885 
777 1885 1886 
778 1886 1887 
779 1887 1888 
780 1888 1889 
781 1889 1890 
782 1890 1891 
783 1891 8 
2 1 3 711
784 1 29 306 10 
785 29 30 307 306 
786 30 31 308 307 
787 31 32 309 308 
788 32 33 310 309 
789 33 34 311 310 
790 34 35 312 311 
791 35 36 313 312 
792 36 37 314 313 
793 37 38 315 314 
794 38 39 316 315 
795 39 40 317 316 
796 40 41 318 317 
797 41 42 319 318 
798 42 43 320 319 
799 43 44 321 320 
800 44 45 322 321 
801 45 46 323 322 
802 46 47 324 323 
803 47 48 325 324 
804 48 18 19 325 
805 18 1332 1869 19 
806 1332 1333 1870 1869 
807 1333 1334 1871 1870 
808 1334 1335 1872 1871 
809 1335 1336 1873 1872 
810 1336 1337 1874 1873 
811 1337 1338 1875 1874 
812 1338 1339 1876 1875 
813 1339 1340 1877 1876 
814 1340 1341 1878 1877 
815 1341 1342 1879 1878 
816 1342 2 11 1879 
817 2 541 326 11 
818 541 542 327 326 
819 542 543 328 327 
820 543 544 329 328 
821 544 545 330 329 
822 545 546 331 330 
823 546 547 332 331 
824 547 548 333 332 
825 548 549 334 333 
826 549 550 335 334 
827 550 551 336 335 
828 551 552 337 336 
829 552 553 338 337 
830 553 554 339 338 
831 554 555 340 339 
832 555 556 341 340 
833 556 557 342 341 
834 557 558 343 342 
835 558 559 344 343 
836 559 560 345 344 
837 560 561 346 345 
838 561 562 347 346 
839 562 563 348 347 
840 563 564 349 348 
841 564 565 350 349 
842 565 566 351 350 
843 566 567 352 351 
844 567 568 353 352 
845 568 569 354 353 
846 569 570 355 354 
847 570 571 356 355 
848 571 572 357 356 
849 572 573 358 357 
850 573 574 359 358 
851 574 575 360 359 
852 575 576 361 360 
853 576 577 362 361 
854 577 578 363 362 
855 578 579 364 363 
856 579 580 365 364 
857 580 581 366 365 
858 581 582 367 366 
859 582 583 368 367 
860 583 584 369 368 
861 584 585 370 369 
862 585 586 371 370 
863 586 587 372 371 
864 587 588 373 372 
865 588 589 374 373 
866 589 590 375 374 
867 590 591 376 375 
868 591 592 377 376 
869 592 593 378 377 
870 593 594 379 378 
871 594 595 380 379 
872 595 596 381 380 
873 596 597 382 381 
874 597 598 383 382 
875 598 599 384 383 
876 599 600 385 384 
877 600 601 386 385 
878 601 602 387 386 
879 602 603 388 387 
880 603 604 389 388 
881 604 605 390 389 
882 605 606 391 390 
883 606 607 392 391 
884 607 608 393 392 
885 608 609 394 393 
886 609 610 395 394 
887 610 611 396 395 
888 611 612 397 396 
889 612 613 398 397 
890 613 614 399 398 
891 614 615 400 399 
892 615 616 401 400 
893 616 617 402 401 
894 617 618 403 402 
895 618 619 404 403 
896 619 620 405 404 
897 620 621 406 405 
898 621 622 407 406 
899 622 623 408 407 
900 623 624 409 408 
901 624 625 410 409 
902 625 626 411 410 
903 626 627 412 411 
904 627 628 413 412 
905 628 629 414 413 
906 629 630 415 414 
907 630 631 416 415 
908 631 632 417 416 
909 632 633 418 417 
910 633 634 419 418 
911 634 635 420 419 
912 635 636 421 420 
913 636 637 422 421 
914 637 638 423 422 
915 638 639 424 423 
916 639 640 425 424 
917 640 641 426 425 
918 641 642 427 426 
919 642 643 428 427 
920 643 644 429 428 
921 644 645 430 429 
922 645 646 431 430 
923 646 647 432 431 
924 647 648 433 432 
925 648 649 434 433 
926 649 650 435 434 
927 650 651 436 435 
928 651 652 437 436 
929 652 653 438 437 
930 653 654 439 438 
931 654 655 440 439 
932 655 656 441 440 
933 656 657 442 441 
934 657 658 443 442 
935 658 659 444 443 
936 659 660 445 444 
937 660 661 446 445 
938 661 662 447 446 
939 662 663 448 447 
940 663 664 449 448 
941 664 665 450 449 
942 665 666 451 450 
943 666 667 452 451 
944 667 668 453 452 
945 668 669 454 453 
946 669 670 455 454 
947 670 671 456 455 
948 671 672 457 456 
949 672 673 458 457 
950 673 674 459 458 
951 674 675 460 459 
952 675 676 461 460 
953 676 677 462 461 
954 677 678 463 462 
955 678 679 464 463 
956 679 680 465 464 
957 680 681 466 465 
958 681 682 467 466 
959 682 683 468 467 
960 683 684 469 468 
961 684 685 470 469 
962 685 686 471 470 
963 686 687 472 471 
964 687 688 473 472 
965 688 689 474 473 
966 689 690 475 474 
967 690 691 476 475 
968 691 692 477 476 
969 692 693 478 477 
970 693 694 479 478 
971 694 695 480 479 
972 695 696 481 480 
973 696 697 482 481 
974 697 698 483 482 
975 698 699 484 483 
976 699 700 485 484 
977 700 701 486 485 
978 701 702 487 486 
979 702 703 488 487 
980 703 704 489 488 
981 704 705 490 489 
982 705 706 491 490 
983 706 707 492 491 
984 707 708 493 492 
985 708 709 494 493 
986 709 710 495 494 
987 710 711 496 495 
988 711 712 497 496 
989 712 713 498 497 
990 713 714 499 498 
991 714 715 500 499 
992 715 716 501 500 
993 716 717 502 501 
994 717 718 503 502 
995 718 719 504 503 
996 719 720 505 504 
997 720 721 506 505 
998 721 722 507 506 
999 722 723 508 507 
1000 723 724 509 508 
1001 724 725 510 509 
1002 725 726 511 510 
1003 726 727 512 511 
1004 727 728 513 512 
1005 728 729 514 513 
1006 729 730 515 514 
1007 730 731 516 515 
1008 731 732 517 516 
1009 732 733 518 517 
1010 733 734 519 518 
1011 734 735 520 519 
1012 735 736 521 520 
1013 736 13 14 521 
1014 13 940 1136 14 
1015 940 941 1137 1136 
1016 941 942 1138 1137 
1017 942 943 1139 1138 
1018 943 944 1140 1139 
1019 944 945 1141 1140 
1020 945 946 1142 1141 
1021 946 947 1143 1142 
1022 947 948 1144 1143 
1023 948 949 1145 1144 
1024 949 950 1146 1145 
1025 950 951 1147 1146 
1026 951 952 1148 1147 
1027 952 953 1149 1148 
1028 953 954 1150 1149 
1029 954 955 1151 1150 
1030 955 956 1152 1151 
1031 956 957 1153 1152 
1032 957 958 1154 1153 
1033 958 959 1155 1154 
1034 959 960 1156 1155 
1035 960 961 1157 1156 
1036 961 962 1158 1157 
1037 962 963 1159 1158 
1038 963 964 1160 1159 
1039 964 965 1161 1160 
1040 965 966 1162 1161 
1041 966 967 1163 1162 
1042 967 968 1164 1163 
1043 968 969 1165 1164 
1044 969 970 1166 1165 
1045 970 971 1167 1166 
1046 971 972 1168 1167 
1047 972 973 1169 1168 
1048 973 974 1170 1169 
1049 974 975 1171 1170 
1050 975 976 1172 1171 
1051 976 977 1173 1172 
1052 977 978 1174 1173 
1053 978 979 1175 1174 
1054 979 980 1176 1175 
1055 980 981 1177 1176 
1056 981 982 1178 1177 
1057 982 983 1179 1178 
1058 983 984 1180 1179 
1059 984 985 1181 1180 
1060 985 986 1182 1181 
1061 986 987 1183 1182 
1062 987 988 1184 1183 
1063 988 989 1185 1184 
1064 989 990 1186 1185 
1065 990 991 1187 1186 
1066 991 992 1188 1187 
1067 992 993 1189 1188 
1068 993 994 1190 1189 
1069 994 995 1191 1190 
1070 995 996 1192 1191 
1071 996 997 1193 1192 
1072 997 998 1194 1193 
1073 998 999 1195 1194 
1074 999 1000 1196 1195 
1075 1000 1001 1197 1196 
1076 1001 1002 1198 1197 
1077 1002 1003 1199 1198 
1078 1003 1004 1200 1199 
1079 1004 1005 1201 1200 
1080 1005 1006 1202 1201 
1081 1006 1007 1203 1202 
1082 1007 1008 1204 1203 
1083 1008 1009 1205 1204 
1084 1009 1010 1206 1205 
1085 1010 1011 1207 1206 
1086 1011 1012 1208 1207 
1087 1012 1013 1209 1208 
1088 1013 1014 1210 1209 
1089 1014 1015 1211 1210 
1090 1015 1016 1212 1211 
1091 1016 1017 1213 1212 
1092 1017 1018 1214 1213 
1093 1018 1019 1215 1214 
1094 1019 1020 1216 1215 
1095 1020 1021 1217 1216 
1096 1021 1022 1218 1217 
1097 1022 1023 1219 1218 
1098 1023 1024 1220 1219 
1099 1024 1025 1221 1220 
1100 1025 1026 1222 1221 
1101 1026 1027 1223 1222 
1102 1027 1028 1224 1223 
1103 1028 1029 1225 1224 
1104 1029 1030 1226 1225 
1105 1030 1031 1227 1226 
1106 1031 1032 1228 1227 
1107 1032 1033 1229 1228 
1108 1033 1034 1230 1229 
1109 1034 1035 1231 1230 
1110 1035 1036 1232 1231 
1111 1036 1037 1233 1232 
1112 1037 1038 1234 1233 
1113 1038 1039 1235 1234 
1114 1039 1040 1236 1235 
1115 1040 1041 1237 1236 
1116 1041 1042 1238 1237 
1117 1042 1043 1239 1238 
1118 1043 1044 1240 1239 
1119 1044 1045 1241 1240 
1120 1045 1046 1242 1241 
1121 1046 1047 1243 1242 
1122 1047 1048 1244 1243 
1123 1048 1049 1245 1244 
1124 1049 1050 1246 1245 
1125 1050 1051 1247 1246 
1126 1051 1052 1248 1247 
1127 1052 1053 1249 1248 
1128 1053 1054 1250 1249 
1129 1054 1055 1251 1250 
1130 1055 1056 1252 1251 
1131 1056 1057 1253 1252 
1132 1057 1058 1254 1253 
1133 1058 1059 1255 1254 
1134 1059 1060 1256 1255 
1135 1060 1061 1257 1256 
1136 1061 1062 1258 1257 
1137 1062 1063 1259 1258 
1138 1063 1064 1260 1259 
1139 1064 1065 1261 1260 
1140 1065 1066 1262 1261 
1141 1066 1067 1263 1262 
1142 1067 1068 1264 1263 
1143 1068 1069 1265 1264 
1144 1069 1070 1266 1265 
1145 1070 1071 1267 1266 
1146 1071 1072 1268 1267 
1147 1072 1073 1269 1268 
1148 1073 1074 1270 1269 
1149 1074 1075 1271 1270 
1150 1075 1076 1272 1271 
1151 1076 1077 1273 1272 
1152 1077 1078 1274 1273 
1153 1078 1079 1275 1274 
1154 1079 1080 1276 1275 
1155 1080 1081 1277 1276 
1156 1081 1082 1278 1277 
1157 1082 1083 1279 1278 
1158 1083 1084 1280 1279 
1159 1084 1085 1281 1280 
1160 1085 1086 1282 1281 
1161 1086 1087 1283 1282 
1162 1087 1088 1284 1283 
1163 1088 1089 1285 1284 
1164 1089 1090 1286 1285 
1165 1090 1091 1287 1286 
1166 1091 1092 1288 1287 
1167 1092 1093 1289 1288 
1168 1093 1094 1290 1289 
1169 1094 1095 1291 1290 
1170 1095 1096 1292 1291 
1171 1096 1097 1293 1292 
1172 1097 1098 1294 1293 
1173 1098 1099 1295 1294 
1174 1099 1100 1296 1295 
1175 1100 1101 1297 1296 
1176 1101 1102 1298 1297 
1177 1102 1103 1299 1298 
1178 1103 1104 1300 1299 
1179 1104 1105 1301 1300 
1180 1105 1106 1302 1301 
1181 1106 1107 1303 1302 
1182 1107 1108 1304 1303 
1183 1108 1109 1305 1304 
1184 1109 1110 1306 1305 
1185 1110 1111 1307 1306 
1186 1111 1112 1308 1307 
1187 1112 1113 1309 1308 
1188 1113 1114 1310 1309 
1189 1114 1115 1311 1310 
1190 1115 1116 1312 1311 
1191 1116 1117 1313 1312 
1192 1117 1118 1314 1313 
1193 1118 1119 1315 1314 
1194 1119 1120 1316 1315 
1195 1120 1121 1317 1316 
1196 1121 1122 1318 1317 
1197 1122 1123 1319 1318 
1198 1123 1124 1320 1319 
1199 1124 1125 1321 1320 
1200 1125 1126 1322 1321 
1201 1126 1127 1323 1322 
1202 1127 1128 1324 1323 
1203 1128 1129 1325 1324 
1204 1129 1130 1326 1325 
1205 1130 1131 1327 1326 
1206 1131 1132 1328 1327 
1207 1132 1133 1329 1328 
1208 1133 1134 1330 1329 
1209 1134 1135 1331 1330 
1210 1135 5 12 1331 
1211 5 252 522 12 
1212 252 253 523 522 
1213 253 254 524 523 
1214 254 255 525 524 
1215 255 256 526 525 
1216 256 257 527 526 
1217 257 258 528 527 
1218 258 259 529 528 
1219 259 260 530 529 
1220 260 261 531 530 
1221 261 262 532 531 
1222 262 263 533 532 
1223 263 264 534 533 
1224 264 265 535 534 
1225 265 266 536 535 
1226 266 267 537 536 
1227 267 268 538 537 
1228 268 269 539 538 
1229 269 270 540 539 
1230 270 20 21 540 
1231 20 1343 1606 21 
1232 1343 1344 1607 1606 
1233 1344 1345 1608 1607 
1234 1345 1346 1609 1608 
1235 1346 1347 1610 1609 
1236 1347 1348 1611 1610 
1237 1348 1349 1612 1611 
1238 1349 1350 1613 1612 
1239 1350 1351 1614 1613 
1240 1351 1352 1615 1614 
1241 1352 1353 1616 1615 
1242 1353 1354 1617 1616 
1243 1354 1355 1618 1617 
1244 1355 1356 1619 1618 
1245 1356 1357 1620 1619 
1246 1357 1358 1621 1620 
1247 1358 1359 1622 1621 
1248 1359 1360 1623 1622 
1249 1360 1361 1624 1623 
1250 1361 1362 1625 1624 
1251 1362 1363 1626 1625 
1252 1363 1364 1627 1626 
1253 1364 1365 1628 1627 
1254 1365 1366 1629 1628 
1255 1366 1367 1630 1629 
1256 1367 1368 1631 1630 
1257 1368 1369 1632 1631 
1258 1369 1370 1633 1632 
1259 1370 1371 1634 1633 
1260 1371 1372 1635 1634 
1261 1372 1373 1636 1635 
1262 1373 1374 1637 1636 
1263 1374 1375 1638 1637 
1264 1375 1376 1639 1638 
1265 1376 1377 1640 1639 
1266 1377 1378 1641 1640 
1267 1378 1379 1642 1641 
1268 1379 1380 1643 1642 
1269 1380 1381 1644 1643 
1270 1381 1382 1645 1644 
1271 1382 1383 1646 1645 
1272 1383 1384 1647 1646 
1273 1384 1385 1648 1647 
1274 1385 1386 1649 1648 
1275 1386 1387 1650 1649 
1276 1387 1388 1651 1650 
1277 1388 1389 1652 1651 
1278 1389 1390 1653 1652 
1279 1390 1391 1654 1653 
1280 1391 1392 1655 1654 
1281 1392 1393 1656 1655 
1282 1393 1394 1657 1656 
1283 1394 1395 1658 1657 
1284 1395 1396 1659 1658 
1285 1396 1397 1660 1659 
1286 1397 1398 1661 1660 
1287 1398 1399 1662 1661 
1288 1399 1400 1663 1662 
1289 1400 1401 1664 1663 
1290 1401 1402 1665 1664 
1291 1402 1403 1666 1665 
1292 1403 1404 1667 1666 
1293 1404 1405 1668 1667 
1294 1405 1406 1669 1668 
1295 1406 1407 1670 1669 
1296 1407 1408 1671 1670 
1297 1408 1409 1672 1671 
1298 1409 1410 1673 1672 
1299 1410 1411 1674 1673 
1300 1411 1412 1675 1674 
1301 1412 1413 1676 1675 
1302 1413 1414 1677 1676 
1303 1414 1415 1678 1677 
1304 1415 1416 1679 1678 
1305 1416 1417 1680 1679 
1306 1417 1418 1681 1680 
1307 1418 1419 1682 1681 
1308 1419 1420 1683 1682 
1309 1420 1421 1684 1683 
1310 1421 1422 1685 1684 
1311 1422 1423 1686 1685 
1312 1423 1424 1687 1686 
1313 1424 1425 1688 1687 
1314 1425 1426 1689 1688 
1315 1426 1427 1690 1689 
1316 1427 1428 1691 1690 
1317 1428 1429 1692 1691 
1318 1429 1430 1693 1692 
1319 1430 1431 1694 1693 
1320 1431 1432 1695 1694 
1321 1432 1433 1696 1695 
1322 1433 1434 1697 1696 
1323 1434 1435 1698 1697 
1324 1435 1436 1699 1698 
1325 1436 1437 1700 1699 
1326 1437 1438 1701 1700 
1327 1438 1439 1702 1701 
1328 1439 1440 1703 1702 
1329 1440 1441 1704 1703 
1330 1441 1442 1705 1704 
1331 1442 1443 1706 1705 
1332 1443 1444 1707 1706 
1333 1444 1445 1708 1707 
1334 1445 1446 1709 1708 
1335 1446 1447 1710 1709 
1336 1447 1448 1711 1710 
1337 1448 1449 1712 1711 
1338 1449 1450 1713 1712 
1339 1450 1451 1714 1713 
1340 1451 1452 1715 1714 
1341 1452 1453 1716 1715 
1342 1453 1454 1717 1716 
1343 1454 1455 1718 1717 
1344 1455 1456 1719 1718 
1345 1456 1457 1720 1719 
1346 1457 1458 1721 1720 
1347 1458 1459 1722 1721 
1348 1459 1460 1723 1722 
1349 1460 1461 1724 1723 
1350 1461 1462 1725 1724 
1351 1462 1463 1726 1725 
1352 1463 1464 1727 1726 
1353 1464 1465 1728 1727 
1354 1465 1466 1729 1728 
1355 1466 1467 1730 1729 
1356 1467 1468 1731 1730 
1357 1468 1469 1732 1731 
1358 1469 1470 1733 1732 
1359 1470 1471 1734 1733 
1360 1471 1472 1735 1734 
1361 1472 1473 1736 1735 
1362 1473 1474 1737 1736 
1363 1474 1475 1738 1737 
1364 1475 1476 1739 1738 
1365 1476 1477 1740 1739 
1366 1477 1478 1741 1740 
1367 1478 1479 1742 1741 
1368 1479 1480 1743 1742 
1369 1480 1481 1744 1743 
1370 1481 1482 1745 1744 
1371 1482 1483 1746 1745 
1372 1483 1484 1747 1746 
1373 1484 1485 1748 1747 
1374 1485 1486 1749 1748 
1375 1486 1487 1750 1749 
1376 1487 1488 1751 1750 
1377 1488 1489 1752 1751 
1378 1489 1490 1753 1752 
1379 1490 1491 1754 1753 
1380 1491 1492 1755 1754 
1381 1492 1493 1756 1755 
1382 1493 1494 1757 1756 
1383 1494 1495 1758 1757 
1384 1495 1496 1759 1758 
1385 1496 1497 1760 1759 
1386 1497 1498 1761 1760 
1387 1498 1499 1762 1761 
1388 1499 1500 1763 1762 
1389 1500 1501 1764 1763 
1390 1501 1502 1765 1764 
1391 1502 1503 1766 1765 
1392 1503 1504 1767 1766 
1393 1504 1505 1768 1767 
1394 1505 1506 1769 1768 
1395 1506 1507 1770 1769 
1396 1507 1508 1771 1770 
1397 1508 1509 1772 1771 
1398 1509 1510 1773 1772 
1399 1510 1511 1774 1773 
1400 1511 1512 1775 1774 
1401 1512 1513 1776 1775 
1402 1513 1514 1777 1776 
1403 1514 1515 1778 1777 
1404 1515 1516 1779 1778 
1405 1516 1517 1780 1779 
1406 1517 1518 1781 1780 
1407 1518 1519 1782 1781 
1408 1519 1520 1783 1782 
1409 1520 1521 1784 1783 
1410 1521 1522 1785 1784 
1411 1522 1523 1786 1785 
1412 1523 1524 1787 1786 
1413 1524 1525 1788 1787 
1414 1525 1526 1789 1788 
1415 1526 1527 1790 1789 
1416 1527 1528 1791 1790 
1417 1528 1529 1792 1791 
1418 1529 1530 1793 1792 
1419 1530 1531 1794 1793 
1420 1531 1532 1795 1794 
1421 1532 1533 1796 1795 
1422 1533 1534 1797 1796 
1423 1534 1535 1798 1797 
1424 1535 1536 1799 1798 
1425 1536 1537 1800 1799 
1426 1537 1538 1801 1800 
1427 1538 1539 1802 1801 
1428 1539 1540 1803 1802 
1429 1540 1541 1804 1803 
1430 1541 1542 1805 1804 
1431 1542 1543 1806 1805 
1432 1543 1544 1807 1806 
1433 1544 1545 1808 1807 
1434 1545 1546 1809 1808 
1435 1546 1547 1810 1809 
1436 1547 1548 1811 1810 
1437 1548 1549 1812 1811 
1438 1549 1550 1813 1812 
1439 1550 1551 1814 1813 
1440 1551 1552 1815 1814 
1441 1552 1553 1816 1815 
1442 1553 1554 1817 1816 
1443 1554 1555 1818 1817 
1444 1555 1556 1819 1818 
1445 1556 1557 1820 1819 
1446 1557 1558 1821 1820 
1447 1558 1559 1822 1821 
1448 1559 1560 1823 1822 
1449 1560 1561 1824 1823 
1450 1561 1562 1825 1824 
1451 1562 1563 1826 1825 
1452 1563 1564 1827 1826 
1453 1564 1565 1828 1827 
1454 1565 1566 1829 1828 
1455 1566 1567 1830 1829 
1456 1567 1568 1831 1830 
1457 1568 1569 1832 1831 
1458 1569 1570 1833 1832 
1459 1570 1571 1834 1833 
1460 1571 1572 1835 1834 
1461 1572 1573 1836 1835 
1462 1573 1574 1837 1836 
1463 1574 1575 1838 1837 
1464 1575 1576 1839 1838 
1465 1576 1577 1840 1839 
1466 1577 1578 1841 1840 
1467 1578 1579 1842 1841 
1468 1579 1580 1843 1842 
1469 1580 1581 1844 1843 
1470 1581 1582 1845 1844 
1471 1582 1583 1846 1845 
1472 1583 1584 1847 1846 
1473 1584 1585 1848 1847 
1474 1585 1586 1849 1848 
1475 1586 1587 1850 1849 
1476 1587 1588 1851 1850 
1477 1588 1589 1852 1851 
1478 1589 1590 1853 1852 
1479 1590 1591 1854 1853 
1480 1591 1592 1855 1854 
1481 1592 1593 1856 1855 
1482 1593 1594 1857 1856 
1483 1594 1595 1858 1857 
1484 1595 1596 1859 1858 
1485 1596 1597 1860 1859 
1486 1597 1598 1861 1860 
1487 1598 1599 1862 1861 
1488 1599 1600 1863 1862 
1489 1600 1601 1864 1863 
1490 1601 1602 1865 1864 
1491 1602 1603 1866 1865 
1492 1603 1604 1867 1866 
1493 1604 1605 1868 1867 
1494 1605 6 7 1868 
2 2 3 3546
1495 3 53 2597 739 
1496 739 2597 2598 738 
1497 738 2598 2599 737 
1498 737 2599 2600 15 
1499 15 2600 2601 52 
1500 52 2601 2602 51 
1501 51 2602 2603 50 
1502 50 2603 2604 49 
1503 49 2604 541 2 
1504 53 54 2605 2597 
1505 2597 2605 2606 2598 
1506 2598 2606 2607 2599 
1507 2599 2607 2608 2600 
1508 2600 2608 2609 2601 
1509 2601 2609 2610 2602 
1510 2602 2610 2611 2603 
1511 2603 2611 2612 2604 
1512 2604 2612 542 541 
1513 54 55 2613 2605 
1514 2605 2613 2614 2606 
1515 2606 2614 2615 2607 
1516 2607 2615 2616 2608 
1517 2608 2616 2617 2609 
1518 2609 2617 2618 2610 
1519 2610 2618 2619 2611 
1520 2611 2619 2620 2612 
1521 2612 2620 543 542 
1522 55 56 2621 2613 
1523 2613 2621 2622 2614 
1524 2614 2622 2623 2615 
1525 2615 2623 2624 2616 
1526 2616 2624 2625 2617 
1527 2617 2625 2626 2618 
1528 2618 2626 2627 2619 
1529 2619 2627 2628 2620 
1530 2620 2628 544 543 
1531 56 57 2629 2621 
1532 2621 2629 2630 2622 
1533 2622 2630 2631 2623 
1534 2623 2631 2632 2624 
1535 2624 2632 2633 2625 
1536 2625 2633 2634 2626 
1537 2626 2634 2635 2627 
1538 2627 2635 2636 2628 
1539 2628 2636 545 544 
1540 57 58 2637 2629 
1541 2629 2637 2638 2630 
1542 2630 2638 2639 2631 
1543 2631 2639 2640 2632 
1544 2632 2640 2641 2633 
1545 2633 2641 2642 2634 
1546 2634 2642 2643 2635 
1547 2635 2643 2644 2636 
1548 2636 2644 546 545 
1549 58 59 2645 2637 
1550 2637 2645 2646 2638 
1551 2638 2646 2647 2639 
1552 2639 2647 2648 2640 
1553 2640 2648 2649 2641 
1554 2641 2649 2650 2642 
1555 2642 2650 2651 2643 
1556 2643 2651 2652 2644 
1557 2644 2652 547 546 
1558 59 60 2653 2645 
1559 2645 2653 2654 2646 
1560 2646 2654 2655 2647 
1561 2647 2655 2656 2648 
1562 2648 2656 2657 2649 
1563 2649 2657 2658 2650 
1564 2650 2658 2659 2651 
1565 2651 2659 2660 2652 
1566 2652 2660 548 547 
1567 60 61 2661 2653 
1568 2653 2661 2662 2654 
1569 2654 2662 2663 2655 
1570 2655 2663 2664 2656 
1571 2656 2664 2665 2657 
1572 2657 2665 2666 2658 
1573 2658 2666 2667 2659 
1574 2659 2667 2668 2660 
1575 2660 2668 549 548 
1576 61 62 2669 2661 
1577 2661 2669 2670 2662 
1578 2662 2670 2671 2663 
1579 2663 2671 2672 2664 
1580 2664 2672 2673 2665 
1581 2665 2673 2674 2666 
1582 2666 2674 2675 2667 
1583 2667 2675 2676 2668 
1584 2668 2676 550 549 
1585 62 63 2677 2669 
1586 2669 2677 2678 2670 
1587 2670 2678 2679 2671 
1588 2671 2679 2680 2672 
1589 2672 2680 2681 2673 
1590 2673 2681 2682 2674 
1591 2674 2682 2683 2675 
1592 2675 2683 2684 2676 
1593 2676 2684 551 550 
1594 63 64 2685 2677 
1595 2677 2685 2686 2678 
1596 2678 2686 2687 2679 
1597 2679 2687 2688 2680 
1598 2680 2688 2689 2681 
1599 2681 2689 2690 2682 
1600 2682 2690 2691 2683 
1601 2683 2691 2692 2684 
1602 2684 2692 552 551 
1603 64 65 2693 2685 
1604 2685 2693 2694 2686 
1605 2686 2694 2695 2687 
1606 2687 2695 2696 2688 
1607 2688 2696 2697 2689 
1608 2689 2697 2698 2690 
1609 2690 2698 2699 2691 
1610 2691 2699 2700 2692 
1611 2692 2700 553 552 
1612 65 66 2701 2693 
1613 2693 2701 2702 2694 
1614 2694 2702 2703 2695 
1615 2695 2703 2704 2696 
1616 2696 2704 2705 2697 
1617 2697 2705 2706 2698 
1618 2698 2706 2707 2699 
1619 2699 2707 2708 2700 
1620 2700 2708 554 553 
1621 66 67 2709 2701 
1622 2701 2709 2710 2702 
1623 2702 2710 2711 2703 
1624 2703 2711 2712 2704 
1625 2704 2712 2713 2705 
1626 2705 2713 2714 2706 
1627 2706 2714 2715 2707 
1628 2707 2715 2716 2708 
1629 2708 2716 555 554 
1630 67 68 2717 2709 
1631 2709 2717 2718 2710 
1632 2710 2718 2719 2711 
1633 2711 2719 2720 2712 
1634 2712 2720 2721 2713 
1635 2713 2721 2722 2714 
1636 2714 2722 2723 2715 
1637 2715 2723 2724 2716 
1638 2716 2724 556 555 
1639 68 69 2725 2717 
1640 2717 2725 2726 2718 
1641 2718 2726 2727 2719 
1642 2719 2727 2728 2720 
1643 2720 2728 2729 2721 
1644 2721 2729 2730 2722 
1645 2722 2730 2731 2723 
1646 2723 2731 2732 2724 
1647 2724 2732 557 556 
1648 69 70 2733 2725 
1649 2725 2733 2734 2726 
1650 2726 2734 2735 2727 
1651 2727 2735 2736 2728 
1652 2728 2736 2737 2729 
1653 2729 2737 2738 2730 
1654 2730 2738 2739 2731 
1655 2731 2739 2740 2732 
1656 2732 2740 558 557 
1657 70 71 2741 2733 
1658 2733 2741 2742 2734 
1659 2734 2742 2743 2735 
1660 2735 2743 2744 2736 
1661 2736 2744 2745 2737 
1662 2737 2745 2746 2738 
1663 2738 2746 2747 2739 
1664 2739 2747 2748 2740 
1665 2740 2748 559 558 
1666 71 72 2749 2741 
1667 2741 2749 2750 2742 
1668 2742 2750 2751 2743 
1669 2743 2751 2752 2744 
1670 2744 2752 2753 2745 
1671 2745 2753 2754 2746 
1672 2746 2754 2755 2747 
1673 2747 2755 2756 2748 
1674 2748 2756 560 559 
1675 72 73 2757 2749 
1676 2749 2757 2758 2750 
1677 2750 2758 2759 2751 
1678 2751 2759 2760 2752 
1679 2752 2760 2761 2753 
1680 2753 2761 2762 2754 
1681 2754 2762 2763 2755 
1682 2755 2763 2764 2756 
1683 2756 2764 561 560 
1684 73 74 2765 2757 
1685 2757 2765 2766 2758 
1686 2758 2766 2767 2759 
1687 2759 2767 2768 2760 
1688 2760 2768 2769 2761 
1689 2761 2769 2770 2762 
1690 2762 2770 2771 2763 
1691 2763 2771 2772 2764 
1692 2764 2772 562 561 
1693 74 75 2773 2765 
1694 2765 2773 2774 2766 
1695 2766 2774 2775 2767 
1696 2767 2775 2776 2768 
1697 2768 2776 2777 2769 
1698 2769 2777 2778 2770 
1699 2770 2778 2779 2771 
1700 2771 2779 2780 2772 
1701 2772 2780 563 562 
1702 75 76 2781 2773 
1703 2773 2781 2782 2774 
1704 2774 2782 2783 2775 
1705 2775 2783 2784 2776 
1706 2776 2784 2785 2777 
1707 2777 2785 2786 2778 
1708 2778 2786 2787 2779 
1709 2779 2787 2788 2780 
1710 2780 2788 564 563 
1711 76 77 2789 2781 
1712 2781 2789 2790 2782 
1713 2782 2790 2791 2783 
1714 2783 2791 2792 2784 
1715 2784 2792 2793 2785 
1716 2785 2793 2794 2786 
1717 2786 2794 2795 2787 
1718 2787 2795 2796 2788 
1719 2788 2796 565 564 
1720 77 78 2797 2789 
1721 2789 2797 2798 2790 
1722 2790 2798 2799 2791 
1723 2791 2799 2800 2792 
1724 2792 2800 2801 2793 
1725 2793 2801 2802 2794 
1726 2794 2802 2803 2795 
1727 2795 2803 2804 2796 
1728 2796 2804 566 565 
1729 78 79 2805 2797 
1730 2797 2805 2806 2798 
1731 2798 2806 2807 2799 
1732 2799 2807 2808 2800 
1733 2800 2808 2809 2801 
1734 2801 2809 2810 2802 
1735 2802 2810 2811 2803 
1736 2803 2811 2812 2804 
1737 2804 2812 567 566 
1738 79 80 2813 2805 
1739 2805 2813 2814 2806 
1740 2806 2814 2815 2807 
1741 2807 2815 2816 2808 
1742 2808 2816 2817 2809 
1743 2809 2817 2818 2810 
1744 2810 2818 2819 2811 
1745 2811 2819 2820 2812 
1746 2812 2820 568 567 
1747 80 81 2821 2813 
1748 2813 2821 2822 2814 
1749 2814 2822 2823 2815 
1750 2815 2823 2824 2816 
1751 2816 2824 2825 2817 
1752 2817 2825 2826 2818 
1753 2818 2826 2827 2819 
1754 2819 2827 2828 2820 
1755 2820 2828 569 568 
1756 81 82 2829 2821 
1757 2821 2829 2830 2822 
1758 2822 2830 2831 2823 
1759 2823 2831 2832 2824 
1760 2824 2832 2833 2825 
1761 2825 2833 2834 2826 
1762 2826 2834 2835 2827 
1763 2827 2835 2836 2828 
1764 2828 2836 570 569 
1765 82 83 2837 2829 
1766 2829 2837 2838 2830 
1767 2830 2838 2839 2831 
1768 2831 2839 2840 2832 
1769 2832 2840 2841 2833 
1770 2833 2841 2842 2834 
1771 2834 2842 2843 2835 
1772 2835 2843 2844 2836 
1773 2836 2844 571 570 
1774 83 84 2845 2837 
1775 2837 2845 2846 2838 
1776 2838 2846 2847 2839 
1777 2839 2847 2848 2840 
1778 2840 2848 2849 2841 
1779 2841 2849 2850 2842 
1780 2842 2850 2851 2843 
1781 2843 2851 2852 2844 
1782 2844 2852 572 571 
1783 84 85 2853 2845 
1784 2845 2853 2854 2846 
1785 2846 2854 2855 2847 
1786 2847 2855 2856 2848 
1787 2848 2856 2857 2849 
1788 2849 2857 2858 2850 
1789 2850 2858 2859 2851 
1790 2851 2859 2860 2852 
1791 2852 2860 573 572 
1792 85 86 2861 2853 
1793 2853 2861 2862 2854 
1794 2854 2862 2863 2855 
1795 2855 2863 2864 2856 
1796 2856 2864 2865 2857 
1797 2857 2865 2866 2858 
1798 2858 2866 2867 2859 
1799 2859 2867 2868 2860 
1800 2860 2868 574 573 
1801 86 87 2869 2861 
1802 2861 2869 2870 2862 
1803 2862 2870 2871 2863 
1804 2863 2871 2872 2864 
1805 2864 2872 2873 2865 
1806 2865 2873 2874 2866 
1807 2866 2874 2875 2867 
1808 2867 2875 2876 2868 
1809 2868 2876 575 574 
1810 87 88 2877 2869 
1811 2869 2877 2878 2870 
1812 2870 2878 2879 2871 
1813 2871 2879 2880 2872 
1814 2872 2880 2881 2873 
1815 2873 2881 2882 2874 
1816 2874 2882 2883 2875 
1817 2875 2883 2884 2876 
1818 2876 2884 576 575 
1819 88 89 2885 2877 
1820 2877 2885 2886 2878 
1821 2878 2886 2887 2879 
1822 2879 2887 2888 2880 
1823 2880 2888 2889 2881 
1824 2881 2889 2890 2882 
1825 2882 2890 2891 2883 
1826 2883 2891 2892 2884 
1827 2884 2892 577 576 
1828 89 90 2893 2885 
1829 2885 2893 2894 2886 
1830 2886 2894 2895 2887 
1831 2887 2895 2896 2888 
1832 2888 2896 2897 2889 
1833 2889 2897 2898 2890 
1834 2890 2898 2899 2891 
1835 2891 2899 2900 2892 
1836 2892 2900 578 577 
1837 90 91 2901 2893 
1838 2893 2901 2902 2894 
1839 2894 2902 2903 2895 
1840 2895 2903 2904 2896 
1841 2896 2904 2905 2897 
1842 2897 2905 2906 2898 
1843 2898 2906 2907 2899 
1844 2899 2907 2908 2900 
1845 2900 2908 579 578 
1846 91 92 2909 2901 
1847 2901 2909 2910 2902 
1848 2902 2910 2911 2903 
1849 2903 2911 2912 2904 
1850 2904 2912 2913 2905 
1851 2905 2913 2914 2906 
1852 2906 2914 2915 2907 
1853 2907 2915 2916 2908 
1854 2908 2916 580 579 
1855 92 93 2917 2909 
1856 2909 2917 2918 2910 
1857 2910 2918 2919 2911 
1858 2911 2919 2920 2912 
1859 2912 2920 2921 2913 
1860 2913 2921 2922 2914 
1861 2914 2922 2923 2915 
1862 2915 2923 2924 2916 
1863 2916 2924 581 580 
1864 93 94 2925 2917 
1865 2917 2925 2926 2918 
1866 2918 2926 2927 2919 
1867 2919 2927 2928 2920 
1868 2920 2928 2929 2921 
1869 2921 2929 2930 2922 
1870 2922 2930 2931 2923 
1871 2923 2931 2932 2924 
1872 2924 2932 582 581 
1873 94 95 2933 2925 
1874 2925 2933 2934 2926 
1875 2926 2934 2935 2927 
1876 2927 2935 2936 2928 
1877 2928 2936 2937 2929 
1878 2929 2937 2938 2930 
1879 2930 2938 2939 2931 
1880 2931 2939 2940 2932 
1881 2932 2940 583 582 
1882 95 96 2941 2933 
1883 2933 2941 2942 2934 
1884 2934 2942 2943 2935 
1885 2935 2943 2944 2936 
1886 2936 2944 2945 2937 
1887 2937 2945 2946 2938 
1888 2938 2946 2947 2939 
1889 2939 2947 2948 2940 
1890 2940 2948 584 583 
1891 96 97 2949 2941 
1892 2941 2949 2950 2942 
1893 2942 2950 2951 2943 
1894 2943 2951 2952 2944 
1895 2944 2952 2953 2945 
1896 2945 2953 2954 2946 
1897 2946 2954 2955 2947 
1898 2947 2955 2956 2948 
1899 2948 2956 585 584 
1900 97 98 2957 2949 
1901 2949 2957 2958 2950 
1902 2950 2958 2959 2951 
1903 2951 2959 2960 2952 
1904 2952 2960 2961 2953 
1905 2953 2961 2962 2954 
1906 2954 2962 2963 2955 
1907 2955 2963 2964 2956 
1908 2956 2964 586 585 
1909 98 99 2965 2957 
1910 2957 2965 2966 2958 
1911 2958 2966 2967 2959 
1912 2959 2967 2968 2960 
1913 2960 2968 2969 2961 
1914 2961 2969 2970 2962 
1915 2962 2970 2971 2963 
1916 2963 2971 2972 2964 
1917 2964 2972 587 586 
1918 99 100 2973 2965 
1919 2965 2973 2974 2966 
1920 2966 2974 2975 2967 
1921 2967 2975 2976 2968 
1922 2968 2976 2977 2969 
1923 2969 2977 2978 2970 
1924 2970 2978 2979 2971 
1925 2971 2979 2980 2972 
1926 2972 2980 588 587 
1927 100 101 2981 2973 
1928 2973 2981 2982 2974 
1929 2974 2982 2983 2975 
1930 2975 2983 2984 2976 
1931 2976 2984 2985 2977 
1932 2977 2985 2986 2978 
1933 2978 2986 2987 2979 
1934 2979 2987 2988 2980 
1935 2980 2988 589 588 
1936 101 102 2989 2981 
1937 2981 2989 2990 2982 
1938 2982 2990 2991 2983 
1939 2983 2991 2992 2984 
1940 2984 2992 2993 2985 
1941 2985 2993 2994 2986 
1942 2986 2994 2995 2987 
1943 2987 2995 2996 2988 
1944 2988 2996 590 589 
1945 102 103 2997 2989 
1946 2989 2997 2998 2990 
1947 2990 2998 2999 2991 
1948 2991 2999 3000 2992 
1949 2992 3000 3001 2993 
1950 2993 3001 3002 2994 
1951 2994 3002 3003 2995 
1952 2995 3003 3004 2996 
1953 2996 3004 591 590 
1954 103 104 3005 2997 
1955 2997 3005 3006 2998 
1956 2998 3006 3007 2999 
1957 2999 3007 3008 3000 
1958 3000 3008 3009 3001 
1959 3001 3009 3010 3002 
1960 3002 3010 3011 3003 
1961 3003 3011 3012 3004 
1962 3004 3012 592 591 
1963 104 105 3013 3005 
1964 3005 3013 3014 3006 
1965 3006 3014 3015 3007 
1966 3007 3015 3016 3008 
1967 3008 3016 3017 3009 
1968 3009 3017 3018 3010 
1969 3010 3018 3019 3011 
1970 3011 3019 3020 3012 
1971 3012 3020 593 592 
1972 105 106 3021 3013 
1973 3013 3021 3022 3014 
1974 3014 3022 3023 3015 
1975 3015 3023 3024 3016 
1976 3016 3024 3025 3017 
1977 3017 3025 3026 3018 
1978 3018 3026 3027 3019 
1979 3019 3027 3028 3020 
1980 3020 3028 594 593 
1981 106 107 3029 3021 
1982 3021 3029 3030 3022 
1983 3022 3030 3031 3023 
1984 3023 3031 3032 3024 
1985 3024 3032 3033 3025 
1986 3025 3033 3034 3026 
1987 3026 3034 3035 3027 
1988 3027 3035 3036 3028 
1989 3028 3036 595 594 
1990 107 108 3037 3029 
1991 3029 3037 3038 3030 
1992 3030 3038 3039 3031 
1993 3031 3039 3040 3032 
1994 3032 3040 3041 3033 
1995 3033 3041 3042 3034 
1996 3034 3042 3043 3035 
1997 3035 3043 3044 3036 
1998 3036 3044 596 595 
1999 108 109 3045 3037 
2000 3037 3045 3046 3038 
2001 3038 3046 3047 3039 
2002 3039 3047 3048 3040 
2003 3040 3048 3049 3041 
2004 3041 3049 3050 3042 
2005 3042 3050 3051 3043 
2006 3043 3051 3052 3044 
2007 3044 3052 597 596 
2008 109 110 3053 3045 
2009 3045 3053 3054 3046 
2010 3046 3054 3055 3047 
2011 3047 3055 3056 3048 
2012 3048 3056 3057 3049 
2013 3049 3057 3058 3050 
2014 3050 3058 3059 3051 
2015 3051 3059 3060 3052 
2016 3052 3060 598 597 
2017 110 111 3061 3053 
2018 3053 3061 3062 3054 
2019 3054 3062 3063 3055 
2020 3055 3063 3064 3056 
2021 3056 3064 3065 3057 
2022 3057 3065 3066 3058 
2023 3058 3066 3067 3059 
2024 3059 3067 3068 3060 
2025 3060 3068 599 598 
2026 111 112 3069 3061 
2027 3061 3069 3070 3062 
2028 3062 3070 3071 3063 
2029 3063 3071 3072 3064 
2030 3064 3072 3073 3065 
2031 3065 3073 3074 3066 
2032 3066 3074 3075 3067 
2033 3067 3075 3076 3068 
2034 3068 3076 600 599 
2035 112 113 3077 3069 
2036 3069 3077 3078 3070 
2037 3070 3078 3079 3071 
2038 3071 3079 3080 3072 
2039 3072 3080 3081 3073 
2040 3073 3081 3082 3074 
2041 3074 3082 3083 3075 
2042 3075 3083 3084 3076 
2043 3076 3084 601 600 
2044 113 114 3085 3077 
2045 3077 3085 3086 3078 
2046 3078 3086 3087 3079 
2047 3079 3087 3088 3080 
2048 3080 3088 3089 3081 
2049 3081 3089 3090 3082 
2050 3082 3090 3091 3083 
2051 3083 3091 3092 3084 
2052 3084 3092 602 601 
2053 114 115 3093 3085 
2054 3085 3093 3094 3086 
2055 3086 3094 3095 3087 
2056 3087 3095 3096 3088 
2057 3088 3096 3097 3089 
2058 3089 3097 3098 3090 
2059 3090 3098 3099 3091 
2060 3091 3099 3100 3092 
2061 3092 3100 603 602 
2062 115 116 3101 3093 
2063 3093 3101 3102 3094 
2064 3094 3102 3103 3095 
2065 3095 3103 3104 3096 
2066 3096 3104 3105 3097 
2067 3097 3105 3106 3098 
2068 3098 3106 3107 3099 
2069 3099 3107 3108 3100 
2070 3100 3108 604 603 
2071 116 117 3109 3101 
2072 3101 3109 3110 3102 
2073 3102 3110 3111 3103 
2074 3103 3111 3112 3104 
2075 3104 3112 3113 3105 
2076 3105 3113 3114 3106 
2077 3106 3114 3115 3107 
2078 3107 3115 3116 3108 
2079 3108 3116 605 604 
2080 117 118 3117 3109 
2081 3109 3117 3118 3110 
2082 3110 3118 3119 3111 
2083 3111 3119 3120 3112 
2084 3112 3120 3121 3113 
2085 3113 3121 3122 3114 
2086 3114 3122 3123 3115 
2087 3115 3123 3124 3116 
2088 3116 3124 606 605 
2089 118 119 3125 3117 
2090 3117 3125 3126 3118 
2091 3118 3126 3127 3119 
2092 3119 3127 3128 3120 
2093 3120 3128 3129 3121 
2094 3121 3129 3130 3122 
2095 3122 3130 3131 3123 
2096 3123 3131 3132 3124 
2097 3124 3132 607 606 
2098 119 120 3133 3125 
2099 3125 3133 3134 3126 
2100 3126 3134 3135 3127 
2101 3127 3135 3136 3128 
2102 3128 3136 3137 3129 
2103 3129 3137 3138 3130 
2104 3130 3138 3139 3131 
2105 3131 3139 3140 3132 
2106 3132 3140 608 607 
2107 120 121 3141 3133 
2108 3133 3141 3142 3134 
2109 3134 3142 3143 3135 
2110 3135 3143 3144 3136 
2111 3136 3144 3145 3137 
2112 3137 3145 3146 3138 
2113 3138 3146 3147 3139 
2114 3139 3147 3148 3140 
2115 3140 3148 609 608 
2116 121 122 3149 3141 
2117 3141 3149 3150 3142 
2118 3142 3150 3151 3143 
2119 3143 3151 3152 3144 
2120 3144 3152 3153 3145 
2121 3145 3153 3154 3146 
2122 3146 3154 3155 3147 
2123 3147 3155 3156 3148 
2124 3148 3156 610 609 
2125 122 123 3157 3149 
2126 3149 3157 3158 3150 
2127 3150 3158 3159 3151 
2128 3151 3159 3160 3152 
2129 3152 3160 3161 3153 
2130 3153 3161 3162 3154 
2131 3154 3162 3163 3155 
2132 3155 3163 3164 3156 
2133 3156 3164 611 610 
2134 123 124 3165 3157 
2135 3157 3165 3166 3158 
2136 3158 3166 3167 3159 
2137 3159 3167 3168 3160 
2138 3160 3168 3169 3161 
2139 3161 3169 3170 3162 
2140 3162 3170 3171 3163 
2141 3163 3171 3172 3164 
2142 3164 3172 612 611 
2143 124 125 3173 3165 
2144 3165 3173 3174 3166 
2145 3166 3174 3175 3167 
2146 3167 3175 3176 3168 
2147 3168 3176 3177 3169 
2148 3169 3177 3178 3170 
2149 3170 3178 3179 3171 
2150 3171 3179 3180 3172 
2151 3172 3180 613 612 
2152 125 126 3181 3173 
2153 3173 3181 3182 3174 
2154 3174 3182 3183 3175 
2155 3175 3183 3184 3176 
2156 3176 3184 3185 3177 
2157 3177 3185 3186 3178 
2158 3178 3186 3187 3179 
2159 3179 3187 3188 3180 
2160 3180 3188 614 613 
2161 126 127 3189 3181 
2162 3181 3189 3190 3182 
2163 3182 3190 3191 3183 
2164 3183 3191 3192 3184 
2165 3184 3192 3193 3185 
2166 3185 3193 3194 3186 
2167 3186 3194 3195 3187 
2168 3187 3195 3196 3188 
2169 3188 3196 615 614 
2170 127 128 3197 3189 
2171 3189 3197 3198 3190 
2172 3190 3198 3199 3191 
2173 3191 3199 3200 3192 
2174 3192 3200 3201 3193 
2175 3193 3201 3202 3194 
2176 3194 3202 3203 3195 
2177 3195 3203 3204 3196 
2178 3196 3204 616 615 
2179 128 129 3205 3197 
2180 3197 3205 3206 3198 
2181 3198 3206 3207 3199 
2182 3199 3207 3208 3200 
2183 3200 3208 3209 3201 
2184 3201 3209 3210 3202 
2185 3202 3210 3211 3203 
2186 3203 3211 3212 3204 
2187 3204 3212 617 616 
2188 129 130 3213 3205 
2189 3205 3213 3214 3206 
2190 3206 3214 3215 3207 
2191 3207 3215 3216 3208 
2192 3208 3216 3217 3209 
2193 3209 3217 3218 3210 
2194 3210 3218 3219 3211 
2195 3211 3219 3220 3212 
2196 3212 3220 618 617 
2197 130 131 3221 3213 
2198 3213 3221 3222 3214 
2199 3214 3222 3223 3215 
2200 3215 3223 3224 3216 
2201 3216 3224 3225 3217 
2202 3217 3225 3226 3218 
2203 3218 3226 3227 3219 
2204 3219 3227 3228 3220 
2205 3220 3228 619 618 
2206 131 132 3229 3221 
2207 3221 3229 3230 3222 
2208 3222 3230 3231 3223 
2209 3223 3231 3232 3224 
2210 3224 3232 3233 3225 
2211 3225 3233 3234 3226 
2212 3226 3234 3235 3227 
2213 3227 3235 3236 3228 
2214 3228 3236 620 619 
2215 132 133 3237 3229 
2216 3229 3237 3238 3230 
2217 3230 3238 3239 3231 
2218 3231 3239 3240 3232 
2219 3232 3240 3241 3233 
2220 3233 3241 3242 3234 
2221 3234 3242 3243 3235 
2222 3235 3243 3244 3236 
2223 3236 3244 621 620 
2224 133 134 3245 3237 
2225 3237 3245 3246 3238 
2226 3238 3246 3247 3239 
2227 3239 3247 3248 3240 
2228 3240 3248 3249 3241 
2229 3241 3249 3250 3242 
2230 3242 3250 3251 3243 
2231 3243 3251 3252 3244 
2232 3244 3252 622 621 
2233 134 135 3253 3245 
2234 3245 3253 3254 3246 
2235 3246 3254 3255 3247 
2236 3247 3255 3256 3248 
2237 3248 3256 3257 3249 
2238 3249 3257 3258 3250 
2239 3250 3258 3259 3251 
2240 3251 3259 3260 3252 
2241 3252 3260 623 622 
2242 135 136 3261 3253 
2243 3253 3261 3262 3254 
2244 3254 3262 3263 3255 
2245 3255 3263 3264 3256 
2246 3256 3264 3265 3257 
2247 3257 3265 3266 3258 
2248 3258 3266 3267 3259 
2249 3259 3267 3268 3260 
2250 3260 3268 624 623 
2251 136 137 3269 3261 
2252 3261 3269 3270 3262 
2253 3262 3270 3271 3263 
2254 3263 3271 3272 3264 
2255 3264 3272 3273 3265 
2256 3265 3273 3274 3266 
2257 3266 3274 3275 3267 
2258 3267 3275 3276 3268 
2259 3268 3276 625 624 
2260 137 138 3277 3269 
2261 3269 3277 3278 3270 
2262 3270 3278 3279 3271 
2263 3271 3279 3280 3272 
2264 3272 3280 3281 3273 
2265 3273 3281 3282 3274 
2266 3274 3282 3283 3275 
2267 3275 3283 3284 3276 
2268 3276 3284 626 625 
2269 138 139 3285 3277 
2270 3277 3285 3286 3278 
2271 3278 3286 3287 3279 
2272 3279 3287 3288 3280 
2273 3280 3288 3289 3281 
2274 3281 3289 3290 3282 
2275 3282 3290 3291 3283 
2276 3283 3291 3292 3284 
2277 3284 3292 627 626 
2278 139 140 3293 3285 
2279 3285 3293 3294 3286 
2280 3286 3294 3295 3287 
2281 3287 3295 3296 3288 
2282 3288 3296 3297 3289 
2283 3289 3297 3298 3290 
2284 3290 3298 3299 3291 
2285 3291 3299 3300 3292 
2286 3292 3300 628 627 
2287 140 141 3301 3293 
2288 3293 3301 3302 3294 
2289 3294 3302 3303 3295 
2290 3295 3303 3304 3296 
2291 3296 3304 3305 3297 
2292 3297 3305 3306 3298 
2293 3298 3306 3307 3299 
2294 3299 3307 3308 3300 
2295 3300 3308 629 628 
2296 141 142 3309 3301 
2297 3301 3309 3310 3302 
2298 3302 3310 3311 3303 
2299 3303 3311 3312 3304 
2300 3304 3312 3313 3305 
2301 3305 3313 3314 3306 
2302 3306 3314 3315 3307 
2303 3307 3315 3316 3308 
2304 3308 3316 630 629 
2305 142 143 3317 3309 
2306 3309 3317 3318 3310 
2307 3310 3318 3319 3311 
2308 3311 3319 3320 3312 
2309 3312 3320 3321 3313 
2310 3313 3321 3322 3314 
2311 3314 3322 3323 3315 
2312 3315 3323 3324 3316 
2313 3316 3324 631 630 
2314 143 144 3325 3317 
2315 3317 3325 3326 3318 
2316 3318 3326 3327 3319 
2317 3319 3327 3328 3320 
2318 3320 3328 3329 3321 
2319 3321 3329 3330 3322 
2320 3322 3330 3331 3323 
2321 3323 3331 3332 3324 
2322 3324 3332 632 631 
2323 144 145 3333 3325 
2324 3325 3333 3334 3326 
2325 3326 3334 3335 3327 
2326 3327 3335 3336 3328 
2327 3328 3336 3337 3329 
2328 3329 3337 3338 3330 
2329 3330 3338 3339 3331 
2330 3331 3339 3340 3332 
2331 3332 3340 633 632 
2332 145 146 3341 3333 
2333 3333 3341 3342 3334 
2334 3334 3342 3343 3335 
2335 3335 3343 3344 3336 
2336 3336 3344 3345 3337 
2337 3337 3345 3346 3338 
2338 3338 3346 3347 3339 
2339 3339 3347 3348 3340 
2340 3340 3348 634 633 
2341 146 147 3349 3341 
2342 3341 3349 3350 3342 
2343 3342 3350 3351 3343 
2344 3343 3351 3352 3344 
2345 3344 3352 3353 3345 
2346 3345 3353 3354 3346 
2347 3346 3354 3355 3347 
2348 3347 3355 3356 3348 
2349 3348 3356 635 634 
2350 147 148 3357 3349 
2351 3349 3357 3358 3350 
2352 3350 3358 3359 3351 
2353 3351 3359 3360 3352 
2354 3352 3360 3361 3353 
2355 3353 3361 3362 3354 
2356 3354 3362 3363 3355 
2357 3355 3363 3364 3356 
2358 3356 3364 636 635 
2359 148 149 3365 3357 
2360 3357 3365 3366 3358 
2361 3358 3366 3367 3359 
2362 3359 3367 3368 3360 
2363 3360 3368 3369 3361 
2364 3361 3369 3370 3362 
2365 3362 3370 3371 3363 
2366 3363 3371 3372 3364 
2367 3364 3372 637 636 
2368 149 150 3373 3365 
2369 3365 3373 3374 3366 
2370 3366 3374 3375 3367 
2371 3367 3375 3376 3368 
2372 3368 3376 3377 3369 
2373 3369 3377 3378 3370 
2374 3370 3378 3379 3371 
2375 3371 3379 3380 3372 
2376 3372 3380 638 637 
2377 150 151 3381 3373 
2378 3373 3381 3382 3374 
2379 3374 3382 3383 3375 
2380 3375 3383 3384 3376 
2381 3376 3384 3385 3377 
2382 3377 3385 3386 3378 
2383 3378 3386 3387 3379 
2384 3379 3387 3388 3380 
2385 3380 3388 639 638 
2386 151 152 3389 3381 
2387 3381 3389 3390 3382 
2388 3382 3390 3391 3383 
2389 3383 3391 3392 3384 
2390 3384 3392 3393 3385 
2391 3385 3393 3394 3386 
2392 3386 3394 3395 3387 
2393 3387 3395 3396 3388 
2394 3388 3396 640 639 
2395 152 153 3397 3389 
2396 3389 3397 3398 3390 
2397 3390 3398 3399 3391 
2398 3391 3399 3400 3392 
2399 3392 3400 3401 3393 
2400 3393 3401 3402 3394 
2401 3394 3402 3403 3395 
2402 3395 3403 3404 3396 
2403 3396 3404 641 640 
2404 153 154 3405 3397 
2405 3397 3405 3406 3398 
2406 3398 3406 3407 3399 
2407 3399 3407 3408 3400 
2408 3400 3408 3409 3401 
2409 3401 3409 3410 3402 
2410 3402 3410 3411 3403 
2411 3403 3411 3412 3404 
2412 3404 3412 642 641 
2413 154 155 3413 3405 
2414 3405 3413 3414 3406 
2415 3406 3414 3415 3407 
2416 3407 3415 3416 3408 
2417 3408 3416 3417 3409 
2418 3409 3417 3418 3410 
2419 3410 3418 3419 3411 
2420 3411 3419 3420 3412 
2421 3412 3420 643 642 
2422 155 156 3421 3413 
2423 3413 3421 3422 3414 
2424 3414 3422 3423 3415 
2425 3415 3423 3424 3416 
2426 3416 3424 3425 3417 
2427 3417 3425 3426 3418 
2428 3418 3426 3427 3419 
2429 3419 3427 3428 3420 
2430 3420 3428 644 643 
2431 156 157 3429 3421 
2432 3421 3429 3430 3422 
2433 3422 3430 3431 3423 
2434 3423 3431 3432 3424 
2435 3424 3432 3433 3425 
2436 3425 3433 3434 3426 
2437 3426 3434 3435 3427 
2438 3427 3435 3436 3428 
2439 3428 3436 645 644 
2440 157 158 3437 3429 
2441 3429 3437 3438 3430 
2442 3430 3438 3439 3431 
2443 3431 3439 3440 3432 
2444 3432 3440 3441 3433 
2445 3433 3441 3442 3434 
2446 3434 3442 3443 3435 
2447 3435 3443 3444 3436 
2448 3436 3444 646 645 
2449 158 159 3445 3437 
2450 3437 3445 3446 3438 
2451 3438 3446 3447 3439 
2452 3439 3447 3448 3440 
2453 3440 3448 3449 3441 
2454 3441 3449 3450 3442 
2455 3442 3450 3451 3443 
2456 3443 3451 3452 3444 
2457 3444 3452 647 646 
2458 159 160 3453 3445 
2459 3445 3453 3454 3446 
2460 3446 3454 3455 3447 
2461 3447 3455 3456 3448 
2462 3448 3456 3457 3449 
2463 3449 3457 3458 3450 
2464 3450 3458 3459 3451 
2465 3451 3459 3460 3452 
2466 3452 3460 648 647 
2467 160 161 3461 3453 
2468 3453 3461 3462 3454 
2469 3454 3462 3463 3455 
2470 3455 3463 3464 3456 
2471 3456 3464 3465 3457 
2472 3457 3465 3466 3458 
2473 3458 3466 3467 3459 
2474 3459 3467 3468 3460 
2475 3460 3468 649 648 
2476 161 162 3469 3461 
2477 3461 3469 3470 3462 
2478 3462 3470 3471 3463 
2479 3463 3471 3472 3464 
2480 3464 3472 3473 3465 
2481 3465 3473 3474 3466 
2482 3466 3474 3475 3467 
2483 3467 3475 3476 3468 
2484 3468 3476 650 649 
2485 162 163 3477 3469 
2486 3469 3477 3478 3470 
2487 3470 3478 3479 3471 
2488 3471 3479 3480 3472 
2489 3472 3480 3481 3473 
2490 3473 3481 3482 3474 
2491 3474 3482 3483 3475 
2492 3475 3483 3484 3476 
2493 3476 3484 651 650 
2494 163 164 3485 3477 
2495 3477 3485 3486 3478 
2496 3478 3486 3487 3479 
2497 3479 3487 3488 3480 
2498 3480 3488 3489 3481 
2499 3481 3489 3490 3482 
2500 3482 3490 3491 3483 
2501 3483 3491 3492 3484 
2502 3484 3492 652 651 
2503 164 165 3493 3485 
2504 3485 3493 3494 3486 
2505 3486 3494 3495 3487 
2506 3487 3495 3496 3488 
2507 3488 3496 3497 3489 
2508 3489 3497 3498 3490 
2509 3490 3498 3499 3491 
2510 3491 3499 3500 3492 
2511 3492 3500 653 652 
2512 165 166 3501 3493 
2513 3493 3501 3502 3494 
2514 3494 3502 3503 3495 
2515 3495 3503 3504 3496 
2516 3496 3504 3505 3497 
2517 3497 3505 3506 3498 
2518 3498 3506 3507 3499 
2519 3499 3507 3508 3500 
2520 3500 3508 654 653 
2521 166 167 3509 3501 
2522 3501 3509 3510 3502 
2523 3502 3510 3511 3503 
2524 3503 3511 3512 3504 
2525 3504 3512 3513 3505 
2526 3505 3513 3514 3506 
2527 3506 3514 3515 3507 
2528 3507 3515 3516 3508 
2529 3508 3516 655 654 
2530 167 168 3517 3509 
2531 3509 3517 3518 3510 
2532 3510 3518 3519 3511 
2533 3511 3519 3520 3512 
2534 3512 3520 3521 3513 
2535 3513 3521 3522 3514 
2536 3514 3522 3523 3515 
2537 3515 3523 3524 3516 
2538 3516 3524 656 655 
2539 168 169 3525 3517 
2540 3517 3525 3526 3518 
2541 3518 3526 3527 3519 
2542 3519 3527 3528 3520 
2543 3520 3528 3529 3521 
2544 3521 3529 3530 3522 
2545 3522 3530 3531 3523 
2546 3523 3531 3532 3524 
2547 3524 3532 657 656 
2548 169 170 3533 3525 
2549 3525 3533 3534 3526 
2550 3526 3534 3535 3527 
2551 3527 3535 3536 3528 
2552 3528 3536 3537 3529 
2553 3529 3537 3538 3530 
2554 3530 3538 3539 3531 
2555 3531 3539 3540 3532 
2556 3532 3540 658 657 
2557 170 171 3541 3533 
2558 3533 3541 3542 3534 
2559 3534 3542 3543 3535 
2560 3535 3543 3544 3536 
2561 3536 3544 3545 3537 
2562 3537 3545 3546 3538 
2563 3538 3546 3547 3539 
2564 3539 3547 3548 3540 
2565 3540 3548 659 658 
2566 171 172 3549 3541 
2567 3541 3549 3550 3542 
2568 3542 3550 3551 3543 
2569 3543 3551 3552 3544 
2570 3544 3552 3553 3545 
2571 3545 3553 3554 3546 
2572 3546 3554 3555 3547 
2573 3547 3555 3556 3548 
2574 3548 3556 660 659 
2575 172 173 3557 3549 
2576 3549 3557 3558 3550 
2577 3550 3558 3559 3551 
2578 3551 3559 3560 3552 
2579 3552 3560 3561 3553 
2580 3553 3561 3562 3554 
2581 3554 3562 3563 3555 
2582 3555 3563 3564 3556 
2583 3556 3564 661 660 
2584 173 174 3565 3557 
2585 3557 3565 3566 3558 
2586 3558 3566 3567 3559 
2587 3559 3567 3568 3560 
2588 3560 3568 3569 3561 
2589 3561 3569 3570 3562 
2590 3562 3570 3571 3563 
2591 3563 3571 3572 3564 
2592 3564 3572 662 661 
2593 174 175 3573 3565 
2594 3565 3573 3574 3566 
2595 3566 3574 3575 3567 
2596 3567 3575 3576 3568 
2597 3568 3576 3577 3569 
2598 3569 3577 3578 3570 
2599 3570 3578 3579 3571 
2600 3571 3579 3580 3572 
2601 3572 3580 663 662 
2602 175 176 3581 3573 
2603 3573 3581 3582 3574 
2604 3574 3582 3583 3575 
2605 3575 3583 3584 3576 
2606 3576 3584 3585 3577 
2607 3577 3585 3586 3578 
2608 3578 3586 3587 3579 
2609 3579 3587 3588 3580 
2610 3580 3588 664 663 
2611 176 177 3589 3581 
2612 3581 3589 3590 3582 
2613 3582 3590 3591 3583 
2614 3583 3591 3592 3584 
2615 3584 3592 3593 3585 
2616 3585 3593 3594 3586 
2617 3586 3594 3595 3587 
2618 3587 3595 3596 3588 
2619 3588 3596 665 664 
2620 177 178 3597 3589 
2621 3589 3597 3598 3590 
2622 3590 3598 3599 3591 
2623 3591 3599 3600 3592 
2624 3592 3600 3601 3593 
2625 3593 3601 3602 3594 
2626 3594 3602 3603 3595 
2627 3595 3603 3604 3596 
2628 3596 3604 666 665 
2629 178 179 3605 3597 
2630 3597 3605 3606 3598 
2631 3598 3606 3607 3599 
2632 3599 3607 3608 3600 
2633 3600 3608 3609 3601 
2634 3601 3609 3610 3602 
2635 3602 3610 3611 3603 
2636 3603 3611 3612 3604 
2637 3604 3612 667 666 
2638 179 180 3613 3605 
2639 3605 3613 3614 3606 
2640 3606 3614 3615 3607 
2641 3607 3615 3616 3608 
2642 3608 3616 3617 3609 
2643 3609 3617 3618 3610 
2644 3610 3618 3619 3611 
2645 3611 3619 3620 3612 
2646 3612 3620 668 667 
2647 180 181 3621 3613 
2648 3613 3621 3622 3614 
2649 3614 3622 3623 3615 
2650 3615 3623 3624 3616 
2651 3616 3624 3625 3617 
2652 3617 3625 3626 3618 
2653 3618 3626 3627 3619 
2654 3619 3627 3628 3620 
2655 3620 3628 669 668 
2656 181 182 3629 3621 
2657 3621 3629 3630 3622 
2658 3622 3630 3631 3623 
2659 3623 3631 3632 3624 
2660 3624 3632 3633 3625 
2661 3625 3633 3634 3626 
2662 3626 3634 3635 3627 
2663 3627 3635 3636 3628 
2664 3628 3636 670 669 
2665 182 183 3637 3629 
2666 3629 3637 3638 3630 
2667 3630 3638 3639 3631 
2668 3631 3639 3640 3632 
2669 3632 3640 3641 3633 
2670 3633 3641 3642 3634 
2671 3634 3642 3643 3635 
2672 3635 3643 3644 3636 
2673 3636 3644 671 670 
2674 183 184 3645 3637 
2675 3637 3645 3646 3638 
2676 3638 3646 3647 3639 
2677 3639 3647 3648 3640 
2678 3640 3648 3649 3641 
2679 3641 3649 3650 3642 
2680 3642 3650 3651 3643 
2681 3643 3651 3652 3644 
2682 3644 3652 672 671 
2683 184 185 3653 3645 
2684 3645 3653 3654 3646 
2685 3646 3654 3655 3647 
2686 3647 3655 3656 3648 
2687 3648 3656 3657 3649 
2688 3649 3657 3658 3650 
2689 3650 3658 3659 3651 
2690 3651 3659 3660 3652 
2691 3652 3660 673 672 
2692 185 186 3661 3653 
2693 3653 3661 3662 3654 
2694 3654 3662 3663 3655 
2695 3655 3663 3664 3656 
2696 3656 3664 3665 3657 
2697 3657 3665 3666 3658 
2698 3658 3666 3667 3659 
2699 3659 3667 3668 3660 
2700 3660 3668 674 673 
2701 186 187 3669 3661 
2702 3661 3669 3670 3662 
2703 3662 3670 3671 3663 
2704 3663 3671 3672 3664 
2705 3664 3672 3673 3665 
2706 3665 3673 3674 3666 
2707 3666 3674 3675 3667 
2708 3667 3675 3676 3668 
2709 3668 3676 675 674 
2710 187 188 3677 3669 
2711 3669 3677 3678 3670 
2712 3670 3678 3679 3671 
2713 3671 3679 3680 3672 
2714 3672 3680 3681 3673 
2715 3673 3681 3682 3674 
2716 3674 3682 3683 3675 
2717 3675 3683 3684 3676 
2718 3676 3684 676 675 
2719 188 189 3685 3677 
2720 3677 3685 3686 3678 
2721 3678 3686 3687 3679 
2722 3679 3687 3688 3680 
2723 3680 3688 3689 3681 
2724 3681 3689 3690 3682 
2725 3682 3690 3691 3683 
2726 3683 3691 3692 3684 
2727 3684 3692 677 676 
2728 189 190 3693 3685 
2729 3685 3693 3694 3686 
2730 3686 3694 3695 3687 
2731 3687 3695 3696 3688 
2732 3688 3696 3697 3689 
2733 3689 3697 3698 3690 
2734 3690 3698 3699 3691 
2735 3691 3699 3700 3692 
2736 3692 3700 678 677 
2737 190 191 3701 3693 
2738 3693 3701 3702 3694 
2739 3694 3702 3703 3695 
2740 3695 3703 3704 3696 
2741 3696 3704 3705 3697 
2742 3697 3705 3706 3698 
2743 3698 3706 3707 3699 
2744 3699 3707 3708 3700 
2745 3700 3708 679 678 
2746 191 192 3709 3701 
2747 3701 3709 3710 3702 
2748 3702 3710 3711 3703 
2749 3703 3711 3712 3704 
2750 3704 3712 3713 3705 
2751 3705 3713 3714 3706 
2752 3706 3714 3715 3707 
2753 3707 3715 3716 3708 
2754 3708 3716 680 679 
2755 192 193 3717 3709 
2756 3709 3717 3718 3710 
2757 3710 3718 3719 3711 
2758 3711 3719 3720 3712 
2759 3712 3720 3721 3713 
2760 3713 3721 3722 3714 
2761 3714 3722 3723 3715 
2762 3715 3723 3724 3716 
2763 3716 3724 681 680 
2764 193 194 3725 3717 
2765 3717 3725 3726 3718 
2766 3718 3726 3727 3719 
2767 3719 3727 3728 3720 
2768 3720 3728 3729 3721 
2769 3721 3729 3730 3722 
2770 3722 3730 3731 3723 
2771 3723 3731 3732 3724 
2772 3724 3732 682 681 
2773 194 195 3733 3725 
2774 3725 3733 3734 3726 
2775 3726 3734 3735 3727 
2776 3727 3735 3736 3728 
2777 3728 3736 3737 3729 
2778 3729 3737 3738 3730 
2779 3730 3738 3739 3731 
2780 3731 3739 3740 3732 
2781 3732 3740 683 682 
2782 195 196 3741 3733 
2783 3733 3741 3742 3734 
2784 3734 3742 3743 3735 
2785 3735 3743 3744 3736 
2786 3736 3744 3745 3737 
2787 3737 3745 3746 3738 
2788 3738 3746 3747 3739 
2789 3739 3747 3748 3740 
2790 3740 3748 684 683 
2791 196 197 3749 3741 
2792 3741 3749 3750 3742 
2793 3742 3750 3751 3743 
2794 3743 3751 3752 3744 
2795 3744 3752 3753 3745 
2796 3745 3753 3754 3746 
2797 3746 3754 3755 3747 
2798 3747 3755 3756 3748 
2799 3748 3756 685 684 
2800 197 198 3757 3749 
2801 3749 3757 3758 3750 
2802 3750 3758 3759 3751 
2803 3751 3759 3760 3752 
2804 3752 3760 3761 3753 
2805 3753 3761 3762 3754 
2806 3754 3762 3763 3755 
2807 3755 3763 3764 3756 
2808 3756 3764 686 685 
2809 198 199 3765 3757 
2810 3757 3765 3766 3758 
2811 3758 3766 3767 3759 
2812 3759 3767 3768 3760 
2813 3760 3768 3769 3761 
2814 3761 3769 3770 3762 
2815 3762 3770 3771 3763 
2816 3763 3771 3772 3764 
2817 3764 3772 687 686 
2818 199 200 3773 3765 
2819 3765 3773 3774 3766 
2820 3766 3774 3775 3767 
2821 3767 3775 3776 3768 
2822 3768 3776 3777 3769 
2823 3769 3777 3778 3770 
2824 3770 3778 3779 3771 
2825 3771 3779 3780 3772 
2826 3772 3780 688 687 
2827 200 201 3781 3773 
2828 3773 3781 3782 3774 
2829 3774 3782 3783 3775 
2830 3775 3783 3784 3776 
2831 3776 3784 3785 3777 
2832 3777 3785 3786 3778 
2833 3778 3786 3787 3779 
2834 3779 3787 3788 3780 
2835 3780 3788 689 688 
2836 201 202 3789 3781 
2837 3781 3789 3790 3782 
2838 3782 3790 3791 3783 
2839 3783 3791 3792 3784 
2840 3784 3792 3793 3785 
2841 3785 3793 3794 3786 
2842 3786 3794 3795 3787 
2843 3787 3795 3796 3788 
2844 3788 3796 690 689 
2845 202 203 3797 3789 
2846 3789 3797 3798 3790 
2847 3790 3798 3799 3791 
2848 3791 3799 3800 3792 
2849 3792 3800 3801 3793 
2850 3793 3801 3802 3794 
2851 3794 3802 3803 3795 
2852 3795 3803 3804 3796 
2853 3796 3804 691 690 
2854 203 204 3805 3797 
2855 3797 3805 3806 3798 
2856 3798 3806 3807 3799 
2857 3799 3807 3808 3800 
2858 3800 3808 3809 3801 
2859 3801 3809 3810 3802 
2860 3802 3810 3811 3803 
2861 3803 3811 3812 3804 
2862 3804 3812 692 691 
2863 204 205 3813 3805 
2864 3805 3813 3814 3806 
2865 3806 3814 3815 3807 
2866 3807 3815 3816 3808 
2867 3808 3816 3817 3809 
2868 3809 3817 3818 3810 
2869 3810 3818 3819 3811 
2870 3811 3819 3820 3812 
2871 3812 3820 693 692 
2872 205 206 3821 3813 
2873 3813 3821 3822 3814 
2874 3814 3822 3823 3815 
2875 3815 3823 3824 3816 
2876 3816 3824 3825 3817 
2877 3817 3825 3826 3818 
2878 3818 3826 3827 3819 
2879 3819 3827 3828 3820 
2880 3820 3828 694 693 
2881 206 207 3829 3821 
2882 3821 3829 3830 3822 
2883 3822 3830 3831 3823 
2884 3823 3831 3832 3824 
2885 3824 3832 3833 3825 
2886 3825 3833 3834 3826 
2887 3826 3834 3835 3827 
2888 3827 3835 3836 3828 
2889 3828 3836 695 694 
2890 207 208 3837 3829 
2891 3829 3837 3838 3830 
2892 3830 3838 3839 3831 
2893 3831 3839 3840 3832 
2894 3832 3840 3841 3833 
2895 3833 3841 3842 3834 
2896 3834 3842 3843 3835 
2897 3835 3843 3844 3836 
2898 3836 3844 696 695 
2899 208 209 3845 3837 
2900 3837 3845 3846 3838 
2901 3838 3846 3847 3839 
2902 3839 3847 3848 3840 
2903 3840 3848 3849 3841 
2904 3841 3849 3850 3842 
2905 3842 3850 3851 3843 
2906 3843 3851 3852 3844 
2907 3844 3852 697 696 
2908 209 210 3853 3845 
2909 3845 3853 3854 3846 
2910 3846 3854 3855 3847 
2911 3847 3855 3856 3848 
2912 3848 3856 3857 3849 
2913 3849 3857 3858 3850 
2914 3850 3858 3859 3851 
2915 3851 3859 3860 3852 
2916 3852 3860 698 697 
2917 210 211 3861 3853 
2918 3853 3861 3862 3854 
2919 3854 3862 3863 3855 
2920 3855 3863 3864 3856 
2921 3856 3864 3865 3857 
2922 3857 3865 3866 3858 
2923 3858 3866 3867 3859 
2924 3859 3867 3868 3860 
2925 3860 3868 699 698 
2926 211 212 3869 3861 
2927 3861 3869 3870 3862 
2928 3862 3870 3871 3863 
2929 3863 3871 3872 3864 
2930 3864 3872 3873 3865 
2931 3865 3873 3874 3866 
2932 3866 3874 3875 3867 
2933 3867 3875 3876 3868 
2934 3868 3876 700 699 
2935 212 213 3877 3869 
2936 3869 3877 3878 3870 
2937 3870 3878 3879 3871 
2938 3871 3879 3880 3872 
2939 3872 3880 3881 3873 
2940 3873 3881 3882 3874 
2941 3874 3882 3883 3875 
2942 3875 3883 3884 3876 
2943 3876 3884 701 700 
2944 213 214 3885 3877 
2945 3877 3885 3886 3878 
2946 3878 3886 3887 3879 
2947 3879 3887 3888 3880 
2948 3880 3888 3889 3881 
2949 3881 3889 3890 3882 
2950 3882 3890 3891 3883 
2951 3883 3891 3892 3884 
2952 3884 3892 702 701 
2953 214 215 3893 3885 
2954 3885 3893 3894 3886 
2955 3886 3894 3895 3887 
2956 3887 3895 3896 3888 
2957 3888 3896 3897 3889 
2958 3889 3897 3898 3890 
2959 3890 3898 3899 3891 
2960 3891 3899 3900 3892 
2961 3892 3900 703 702 
2962 215 216 3901 3893 
2963 3893 3901 3902 3894 
2964 3894 3902 3903 3895 
2965 3895 3903 3904 3896 
2966 3896 3904 3905 3897 
2967 3897 3905 3906 3898 
2968 3898 3906 3907 3899 
2969 3899 3907 3908 3900 
2970 3900 3908 704 703 
2971 216 217 3909 3901 
2972 3901 3909 3910 3902 
2973 3902 3910 3911 3903 
2974 3903 3911 3912 3904 
2975 3904 3912 3913 3905 
2976 3905 3913 3914 3906 
2977 3906 3914 3915 3907 
2978 3907 3915 3916 3908 
2979 3908 3916 705 704 
2980 217 218 3917 3909 
2981 3909 3917 3918 3910 
2982 3910 3918 3919 3911 
2983 3911 3919 3920 3912 
2984 3912 3920 3921 3913 
2985 3913 3921 3922 3914 
2986 3914 3922 3923 3915 
2987 3915 3923 3924 3916 
2988 3916 3924 706 705 
2989 218 219 3925 3917 
2990 3917 3925 3926 3918 
2991 3918 3926 3927 3919 
2992 3919 3927 3928 3920 
2993 3920 3928 3929 3921 
2994 3921 3929 3930 3922 
2995 3922 3930 3931 3923 
2996 3923 3931 3932 3924 
2997 3924 3932 707 706 
2998 219 220 3933 3925 
2999 3925 3933 3934 3926 
3000 3926 3934 3935 3927 
3001 3927 3935 3936 3928 
3002 3928 3936 3937 3929 
3003 3929 3937 3938 3930 
3004 3930 3938 3939 3931 
3005 3931 3939 3940 3932 
3006 3932 3940 708 707 
3007 220 221 3941 3933 
3008 3933 3941 3942 3934 
3009 3934 3942 3943 3935 
3010 3935 3943 3944 3936 
3011 3936 3944 3945 3937 
3012 3937 3945 3946 3938 
3013 3938 3946 3947 3939 
3014 3939 3947 3948 3940 
3015 3940 3948 709 708 
3016 221 222 3949 3941 
3017 3941 3949 3950 3942 
3018 3942 3950 3951 3943 
3019 3943 3951 3952 3944 
3020 3944 3952 3953 3945 
3021 3945 3953 3954 3946 
3022 3946 3954 3955 3947 
3023 3947 3955 3956 3948 
3024 3948 3956 710 709 
3025 222 223 3957 3949 
3026 3949 3957 3958 3950 
3027 3950 3958 3959 3951 
3028 3951 3959 3960 3952 
3029 3952 3960 3961 3953 
3030 3953 3961 3962 3954 
3031 3954 3962 3963 3955 
3032 3955 3963 3964 3956 
3033 3956 3964 711 710 
3034 223 224 3965 3957 
3035 3957 3965 3966 3958 
3036 3958 3966 3967 3959 
3037 3959 3967 3968 3960 
3038 3960 3968 3969 3961 
3039 3961 3969 3970 3962 
3040 3962 3970 3971 3963 
3041 3963 3971 3972 3964 
3042 3964 3972 712 711 
3043 224 225 3973 3965 
3044 3965 3973 3974 3966 
3045 3966 3974 3975 3967 
3046 3967 3975 3976 3968 
3047 3968 3976 3977 3969 
3048 3969 3977 3978 3970 
3049 3970 3978 3979 3971 
3050 3971 3979 3980 3972 
3051 3972 3980 713 712 
3052 225 226 3981 3973 
3053 3973 3981 3982 3974 
3054 3974 3982 3983 3975 
3055 3975 3983 3984 3976 
3056 3976 3984 3985 3977 
3057 3977 3985 3986 3978 
3058 3978 3986 3987 3979 
3059 3979 3987 3988 3980 
3060 3980 3988 714 713 
3061 226 227 3989 3981 
3062 3981 3989 3990 3982 
3063 3982 3990 3991 3983 
3064 3983 3991 3992 3984 
3065 3984 3992 3993 3985 
3066 3985 3993 3994 3986 
3067 3986 3994 3995 3987 
3068 3987 3995 3996 3988 
3069 3988 3996 715 714 
3070 227 228 3997 3989 
3071 3989 3997 3998 3990 
3072 3990 3998 3999 3991 
3073 3991 3999 4000 3992 
3074 3992 4000 4001 3993 
3075 3993 4001 4002 3994 
3076 3994 4002 4003 3995 
3077 3995 4003 4004 3996 
3078 3996 4004 716 715 
3079 228 229 4005 3997 
3080 3997 4005 4006 3998 
3081 3998 4006 4007 3999 
3082 3999 4007 4008 4000 
3083 4000 4008 4009 4001 
3084 4001 4009 4010 4002 
3085 4002 4010 4011 4003 
3086 4003 4011 4012 4004 
3087 4004 4012 717 716 
3088 229 230 4013 4005 
3089 4005 4013 4014 4006 
3090 4006 4014 4015 4007 
3091 4007 4015 4016 4008 
3092 4008 4016 4017 4009 
3093 4009 4017 4018 4010 
3094 4010 4018 4019 4011 
3095 4011 4019 4020 4012 
3096 4012 4020 718 717 
3097 230 231 4021 4013 
3098 4013 4021 4022 4014 
3099 4014 4022 4023 4015 
3100 4015 4023 4024 4016 
3101 4016 4024 4025 4017 
3102 4017 4025 4026 4018 
3103 4018 4026 4027 4019 
3104 4019 4027 4028 4020 
3105 4020 4028 719 718 
3106 231 232 4029 4021 
3107 4021 4029 4030 4022 
3108 4022 4030 4031 4023 
3109 4023 4031 4032 4024 
3110 4024 4032 4033 4025 
3111 4025 4033 4034 4026 
3112 4026 4034 4035 4027 
3113 4027 4035 4036 4028 
3114 4028 4036 720 719 
3115 232 233 4037 4029 
3116 4029 4037 4038 4030 
3117 4030 4038 4039 4031 
3118 4031 4039 4040 4032 
3119 4032 4040 4041 4033 
3120 4033 4041 4042 4034 
3121 4034 4042 4043 4035 
3122 4035 4043 4044 4036 
3123 4036 4044 721 720 
3124 233 234 4045 4037 
3125 4037 4045 4046 4038 
3126 4038 4046 4047 4039 
3127 4039 4047 4048 4040 
3128 4040 4048 4049 4041 
3129 4041 4049 4050 4042 
3130 4042 4050 4051 4043 
3131 4043 4051 4052 4044 
3132 4044 4052 722 721 
3133 234 235 4053 4045 
3134 4045 4053 4054 4046 
3135 4046 4054 4055 4047 
3136 4047 4055 4056 4048 
3137 4048 4056 4057 4049 
3138 4049 4057 4058 4050 
3139 4050 4058 4059 4051 
3140 4051 4059 4060 4052 
3141 4052 4060 723 722 
3142 235 236 4061 4053 
3143 4053 4061 4062 4054 
3144 4054 4062 4063 4055 
3145 4055 4063 4064 4056 
3146 4056 4064 4065 4057 
3147 4057 4065 4066 4058 
3148 4058 4066 4067 4059 
3149 4059 4067 4068 4060 
3150 4060 4068 724 723 
3151 236 237 4069 4061 
3152 4061 4069 4070 4062 
3153 4062 4070 4071 4063 
3154 4063 4071 4072 4064 
3155 4064 4072 4073 4065 
3156 4065 4073 4074 4066 
3157 4066 4074 4075 4067 
3158 4067 4075 4076 4068 
3159 4068 4076 725 724 
3160 237 238 4077 4069 
3161 4069 4077 4078 4070 
3162 4070 4078 4079 4071 
3163 4071 4079 4080 4072 
3164 4072 4080 4081 4073 
3165 4073 4081 4082 4074 
3166 4074 4082 4083 4075 
3167 4075 4083 4084 4076 
3168 4076 4084 726 725 
3169 238 239 4085 4077 
3170 4077 4085 4086 4078 
3171 4078 4086 4087 4079 
3172 4079 4087 4088 4080 
3173 4080 4088 4089 4081 
3174 4081 4089 4090 4082 
3175 4082 4090 4091 4083 
3176 4083 4091 4092 4084 
3177 4084 4092 727 726 
3178 239 240 4093 4085 
3179 4085 4093 4094 4086 
3180 4086 4094 4095 4087 
3181 4087 4095 4096 4088 
3182 4088 4096 4097 4089 
3183 4089 4097 4098 4090 
3184 4090 4098 4099 4091 
3185 4091 4099 4100 4092 
3186 4092 4100 728 727 
3187 240 241 4101 4093 
3188 4093 4101 4102 4094 
3189 4094 4102 4103 4095 
3190 4095 4103 4104 4096 
3191 4096 4104 4105 4097 
3192 4097 4105 4106 4098 
3193 4098 4106 4107 4099 
3194 4099 4107 4108 4100 
3195 4100 4108 729 728 
3196 241 242 4109 4101 
3197 4101 4109 4110 4102 
3198 4102 4110 4111 4103 
3199 4103 4111 4112 4104 
3200 4104 4112 4113 4105 
3201 4105 4113 4114 4106 
3202 4106 4114 4115 4107 
3203 4107 4115 4116 4108 
3204 4108 4116 730 729 
3205 242 243 4117 4109 
3206 4109 4117 4118 4110 
3207 4110 4118 4119 4111 
3208 4111 4119 4120 4112 
3209 4112 4120 4121 4113 
3210 4113 4121 4122 4114 
3211 4114 4122 4123 4115 
3212 4115 4123 4124 4116 
3213 4116 4124 731 730 
3214 243 244 4125 4117 
3215 4117 4125 4126 4118 
3216 4118 4126 4127 4119 
3217 4119 4127 4128 4120 
3218 4120 4128 4129 4121 
3219 4121 4129 4130 4122 
3220 4122 4130 4131 4123 
3221 4123 4131 4132 4124 
3222 4124 4132 732 731 
3223 244 245 4133 4125 
3224 4125 4133 4134 4126 
3225 4126 4134 4135 4127 
3226 4127 4135 4136 4128 
3227 4128 4136 4137 4129 
3228 4129 4137 4138 4130 
3229 4130 4138 4139 4131 
3230 4131 4139 4140 4132 
3231 4132 4140 733 732 
3232 245 246 4141 4133 
3233 4133 4141 4142 4134 
3234 4134 4142 4143 4135 
3235 4135 4143 4144 4136 
3236 4136 4144 4145 4137 
3237 4137 4145 4146 4138 
3238 4138 4146 4147 4139 
3239 4139 4147 4148 4140 
3240 4140 4148 734 733 
3241 246 247 4149 4141 
3242 4141 4149 4150 4142 
3243 4142 4150 4151 4143 
3244 4143 4151 4152 4144 
3245 4144 4152 4153 4145 
3246 4145 4153 4154 4146 
3247 4146 4154 4155 4147 
3248 4147 4155 4156 4148 
3249 4148 4156 735 734 
3250 247 248 4157 4149 
3251 4149 4157 4158 4150 
3252 4150 4158 4159 4151 
3253 4151 4159 4160 4152 
3254 4152 4160 4161 4153 
3255 4153 4161 4162 4154 
3256 4154 4162 4163 4155 
3257 4155 4163 4164 4156 
3258 4156 4164 736 735 
3259 248 16 4165 4157 
3260 4157 4165 4166 4158 
3261 4158 4166 4167 4159 
3262 4159 4167 4168 4160 
3263 4160 4168 4169 4161 
3264 4161 4169 4170 4162 
3265 4162 4170 4171 4163 
3266 4163 4171 4172 4164 
3267 4164 4172 13 736 
3268 16 740 4173 4165 
3269 4165 4173 4174 4166 
3270 4166 4174 4175 4167 
3271 4167 4175 4176 4168 
3272 4168 4176 4177 4169 
3273 4169 4177 4178 4170 
3274 4170 4178 4179 4171 
3275 4171 4179 4180 4172 
3276 4172 4180 940 13 
3277 740 741 4181 4173 
3278 4173 4181 4182 4174 
3279 4174 4182 4183 4175 
3280 4175 4183 4184 4176 
3281 4176 4184 4185 4177 
3282 4177 4185 4186 4178 
3283 4178 4186 4187 4179 
3284 4179 4187 4188 4180 
3285 4180 4188 941 940 
3286 741 742 4189 4181 
3287 4181 4189 4190 4182 
3288 4182 4190 4191 4183 
3289 4183 4191 4192 4184 
3290 4184 4192 4193 4185 
3291 4185 4193 4194 4186 
3292 4186 4194 4195 4187 
3293 4187 4195 4196 4188 
3294 4188 4196 942 941 
3295 742 743 4197 4189 
3296 4189 4197 4198 4190 
3297 4190 4198 4199 4191 
3298 4191 4199 4200 4192 
3299 4192 4200 4201 4193 
3300 4193 4201 4202 4194 
3301 4194 4202 4203 4195 
3302 4195 4203 4204 4196 
3303 4196 4204 943 942 
3304 743 744 4205 4197 
3305 4197 4205 4206 4198 
3306 4198 4206 4207 4199 
3307 4199 4207 4208 4200 
3308 4200 4208 4209 4201 
3309 4201 4209 4210 4202 
3310 4202 4210 4211 4203 
3311 4203 4211 4212 4204 
3312 4204 4212 944 943 
3313 744 745 4213 4205 
3314 4205 4213 4214 4206 
3315 4206 4214 4215 4207 
3316 4207 4215 4216 4208 
3317 4208 4216 4217 4209 
3318 4209 4217 4218 4210 
3319 4210 4218 4219 4211 
3320 4211 4219 4220 4212 
3321 4212 4220 945 944 
3322 745 746 4221 4213 
3323 4213 4221 4222 4214 
3324 4214 4222 4223 4215 
3325 4215 4223 4224 4216 
3326 4216 4224 4225 4217 
3327 4217 4225 4226 4218 
3328 4218 4226 4227 4219 
3329 4219 4227 4228 4220 
3330 4220 4228 946 945 
3331 746 747 4229 4221 
3332 4221 4229 4230 4222 
3333 4222 4230 4231 4223 
3334 4223 4231 4232 4224 
3335 4224 4232 4233 4225 
3336 4225 4233 4234 4226 
3337 4226 4234 4235 4227 
3338 4227 4235 4236 4228 
3339 4228 4236 947 946 
3340 747 748 4237 4229 
3341 4229 4237 4238 4230 
3342 4230 4238 4239 4231 
3343 4231 4239 4240 4232 
3344 4232 4240 4241 4233 
3345 4233 4241 4242 4234 
3346 4234 4242 4243 4235 
3347 4235 4243 4244 4236 
3348 4236 4244 948 947 
3349 748 749 4245 4237 
3350 4237 4245 4246 4238 
3351 4238 4246 4247 4239 
3352 4239 4247 4248 4240 
3353 4240 4248 4249 4241 
3354 4241 4249 4250 4242 
3355 4242 4250 4251 4243 
3356 4243 4251 4252 4244 
3357 4244 4252 949 948 
3358 749 750 4253 4245 
3359 4245 4253 4254 4246 
3360 4246 4254 4255 4247 
3361 4247 4255 4256 4248 
3362 4248 4256 4257 4249 
3363 4249 4257 4258 4250 
3364 4250 4258 4259 4251 
3365 4251 4259 4260 4252 
3366 4252 4260 950 949 
3367 750 751 4261 4253 
3368 4253 4261 4262 4254 
3369 4254 4262 4263 4255 
3370 4255 4263 4264 4256 
3371 4256 4264 4265 4257 
3372 4257 4265 4266 4258 
3373 4258 4266 4267 4259 
3374 4259 4267 4268 4260 
3375 4260 4268 951 950 
3376 751 752 4269 4261 
3377 4261 4269 4270 4262 
3378 4262 4270 4271 4263 
3379 4263 4271 4272 4264 
3380 4264 4272 4273 4265 
3381 4265 4273 4274 4266 
3382 4266 4274 4275 4267 
3383 4267 4275 4276 4268 
3384 4268 4276 952 951 
3385 752 753 4277 4269 
3386 4269 4277 4278 4270 
3387 4270 4278 4279 4271 
3388 4271 4279 4280 4272 
3389 4272 4280 4281 4273 
3390 4273 4281 4282 4274 
3391 4274 4282 4283 4275 
3392 4275 4283 4284 4276 
3393 4276 4284 953 952 
3394 753 754 4285 4277 
3395 4277 4285 4286 4278 
3396 4278 4286 4287 4279 
3397 4279 4287 4288 4280 
3398 4280 4288 4289 4281 
3399 4281 4289 4290 4282 
3400 4282 4290 4291 4283 
3401 4283 4291 4292 4284 
3402 4284 4292 954 953 
3403 754 755 4293 4285 
3404 4285 4293 4294 4286 
3405 4286 4294 4295 4287 
3406 4287 4295 4296 4288 
3407 4288 4296 4297 4289 
3408 4289 4297 4298 4290 
3409 4290 4298 4299 4291 
3410 4291 4299 4300 4292 
3411 4292 4300 955 954 
3412 755 756 4301 4293 
3413 4293 4301 4302 4294 
3414 4294 4302 4303 4295 
3415 4295 4303 4304 4296 
3416 4296 4304 4305 4297 
3417 4297 4305 4306 4298 
3418 4298 4306 4307 4299 
3419 4299 4307 4308 4300 
3420 4300 4308 956 955 
3421 756 757 4309 4301 
3422 4301 4309 4310 4302 
3423 4302 4310 4311 4303 
3424 4303 4311 4312 4304 
3425 4304 4312 4313 4305 
3426 4305 4313 4314 4306 
3427 4306 4314 4315 4307 
3428 4307 4315 4316 4308 
3429 4308 4316 957 956 
3430 757 758 4317 4309 
3431 4309 4317 4318 4310 
3432 4310 4318 4319 4311 
3433 4311 4319 4320 4312 
3434 4312 4320 4321 4313 
3435 4313 4321 4322 4314 
3436 4314 4322 4323 4315 
3437 4315 4323 4324 4316 
3438 4316 4324 958 957 
3439 758 759 4325 4317 
3440 4317 4325 4326 4318 
3441 4318 4326 4327 4319 
3442 4319 4327 4328 4320 
3443 4320 4328 4329 4321 
3444 4321 4329 4330 4322 
3445 4322 4330 4331 4323 
3446 4323 4331 4332 4324 
3447 4324 4332 959 958 
3448 759 760 4333 4325 
3449 4325 4333 4334 4326 
3450 4326 4334 4335 4327 
3451 4327 4335 4336 4328 
3452 4328 4336 4337 4329 
3453 4329 4337 4338 4330 
3454 4330 4338 4339 4331 
3455 4331 4339 4340 4332 
3456 4332 4340 960 959 
3457 760 761 4341 4333 
3458 4333 4341 4342 4334 
3459 4334 4342 4343 4335 
3460 4335 4343 4344 4336 
3461 4336 4344 4345 4337 
3462 4337 4345 4346 4338 
3463 4338 4346 4347 4339 
3464 4339 4347 4348 4340 
3465 4340 4348 961 960 
3466 761 762 4349 4341 
3467 4341 4349 4350 4342 
3468 4342 4350 4351 4343 
3469 4343 4351 4352 4344 
3470 4344 4352 4353 4345 
3471 4345 4353 4354 4346 
3472 4346 4354 4355 4347 
3473 4347 4355 4356 4348 
3474 4348 4356 962 961 
3475 762 763 4357 4349 
3476 4349 4357 4358 4350 
3477 4350 4358 4359 4351 
3478 4351 4359 4360 4352 
3479 4352 4360 4361 4353 
3480 4353 4361 4362 4354 
3481 4354 4362 4363 4355 
3482 4355 4363 4364 4356 
3483 4356 4364 963 962 
3484 763 764 4365 4357 
3485 4357 4365 4366 4358 
3486 4358 4366 4367 4359 
3487 4359 4367 4368 4360 
3488 4360 4368 4369 4361 
3489 4361 4369 4370 4362 
3490 4362 4370 4371 4363 
3491 4363 4371 4372 4364 
3492 4364 4372 964 963 
3493 764 765 4373 4365 
3494 4365 4373 4374 4366 
3495 4366 4374 4375 4367 
3496 4367 4375 4376 4368 
3497 4368 4376 4377 4369 
3498 4369 4377 4378 4370 
3499 4370 4378 4379 4371 
3500 4371 4379 4380 4372 
3501 4372 4380 965 964 
3502 765 766 4381 4373 
3503 4373 4381 4382 4374 
3504 4374 4382 4383 4375 
3505 4375 4383 4384 4376 
3506 4376 4384 4385 4377 
3507 4377 4385 4386 4378 
3508 4378 4386 4387 4379 
3509 4379 4387 4388 4380 
3510 4380 4388 966 965 
3511 766 767 4389 4381 
3512 4381 4389 4390 4382 
3513 4382 4390 4391 4383 
3514 4383 4391 4392 4384 
3515 4384 4392 4393 4385 
3516 4385 4393 4394 4386 
3517 4386 4394 4395 4387 
3518 4387 4395 4396 4388 
3519 4388 4396 967 966 
3520 767 768 4397 4389 
3521 4389 4397 4398 4390 
3522 4390 4398 4399 4391 
3523 4391 4399 4400 4392 
3524 4392 4400 4401 4393 
3525 4393 4401 4402 4394 
3526 4394 4402 4403 4395 
3527 4395 4403 4404 4396 
3528 4396 4404 968 967 
3529 768 769 4405 4397 
3530 4397 4405 4406 4398 
3531 4398 4406 4407 4399 
3532 4399 4407 4408 4400 
3533 4400 4408 4409 4401 
3534 4401 4409 4410 4402 
3535 4402 4410 4411 4403 
3536 4403 4411 4412 4404 
3537 4404 4412 969 968 
3538 769 770 4413 4405 
3539 4405 4413 4414 4406 
3540 4406 4414 4415 4407 
3541 4407 4415 4416 4408 
3542 4408 4416 4417 4409 
3543 4409 4417 4418 4410 
3544 4410 4418 4419 4411 
3545 4411 4419 4420 4412 
3546 4412 4420 970 969 
3547 770 771 4421 4413 
3548 4413 4421 4422 4414 
3549 4414 4422 4423 4415 
3550 4415 4423 4424 4416 
3551 4416 4424 4425 4417 
3552 4417 4425 4426 4418 
3553 4418 4426 4427 4419 
3554 4419 4427 4428 4420 
3555 4420 4428 971 970 
3556 771 772 4429 4421 
3557 4421 4429 4430 4422 
3558 4422 4430 4431 4423 
3559 4423 4431 4432 4424 
3560 4424 4432 4433 4425 
3561 4425 4433 4434 4426 
3562 4426 4434 4435 4427 
3563 4427 4435 4436 4428 
3564 4428 4436 972 971 
3565 772 773 4437 4429 
3566 4429 4437 4438 4430 
3567 4430 4438 4439 4431 
3568 4431 4439 4440 4432 
3569 4432 4440 4441 4433 
3570 4433 4441 4442 4434 
3571 4434 4442 4443 4435 
3572 4435 4443 4444 4436 
3573 4436 4444 973 972 
3574 773 774 4445 4437 
3575 4437 4445 4446 4438 
3576 4438 4446 4447 4439 
3577 4439 4447 4448 4440 
3578 4440 4448 4449 4441 
3579 4441 4449 4450 4442 
3580 4442 4450 4451 4443 
3581 4443 4451 4452 4444 
3582 4444 4452 974 973 
3583 774 775 4453 4445 
3584 4445 4453 4454 4446 
3585 4446 4454 4455 4447 
3586 4447 4455 4456 4448 
3587 4448 4456 4457 4449 
3588 4449 4457 4458 4450 
3589 4450 4458 4459 4451 
3590 4451 4459 4460 4452 
3591 4452 4460 975 974 
3592 775 776 4461 4453 
3593 4453 4461 4462 4454 
3594 4454 4462 4463 4455 
3595 4455 4463 4464 4456 
3596 4456 4464 4465 4457 
3597 4457 4465 4466 4458 
3598 4458 4466 4467 4459 
3599 4459 4467 4468 4460 
3600 4460 4468 976 975 
3601 776 777 4469 4461 
3602 4461 4469 4470 4462 
3603 4462 4470 4471 4463 
3604 4463 4471 4472 4464 
3605 4464 4472 4473 4465 
3606 4465 4473 4474 4466 
3607 4466 4474 4475 4467 
3608 4467 4475 4476 4468 
3609 4468 4476 977 976 
3610 777 778 4477 4469 
3611 4469 4477 4478 4470 
3612 4470 4478 4479 4471 
3613 4471 4479 4480 4472 
3614 4472 4480 4481 4473 
3615 4473 4481 4482 4474 
3616 4474 4482 4483 4475 
3617 4475 4483 4484 4476 
3618 4476 4484 978 977 
3619 778 779 4485 4477 
3620 4477 4485 4486 4478 
3621 4478 4486 4487 4479 
3622 4479 4487 4488 4480 
3623 4480 4488 4489 4481 
3624 4481 4489 4490 4482 
3625 4482 4490 4491 4483 
3626 4483 4491 4492 4484 
3627 4484 4492 979 978 
3628 779 780 4493 4485 
3629 4485 4493 4494 4486 
3630 4486 4494 4495 4487 
3631 4487 4495 4496 4488 
3632 4488 4496 4497 4489 
3633 4489 4497 4498 4490 
3634 4490 4498 4499 4491 
3635 4491 4499 4500 4492 
3636 4492 4500 980 979 
3637 780 781 4501 4493 
3638 4493 4501 4502 4494 
3639 4494 4502 4503 4495 
3640 4495 4503 4504 4496 
3641 4496 4504 4505 4497 
3642 4497 4505 4506 4498 
3643 4498 4506 4507 4499 
3644 4499 4507 4508 4500 
3645 4500 4508 981 980 
3646 781 782 4509 4501 
3647 4501 4509 4510 4502 
3648 4502 4510 4511 4503 
3649 4503 4511 4512 4504 
3650 4504 4512 4513 4505 
3651 4505 4513 4514 4506 
3652 4506 4514 4515 4507 
3653 4507 4515 4516 4508 
3654 4508 4516 982 981 
3655 782 783 4517 4509 
3656 4509 4517 4518 4510 
3657 4510 4518 4519 4511 
3658 4511 4519 4520 4512 
3659 4512 4520 4521 4513 
3660 4513 4521 4522 4514 
3661 4514 4522 4523 4515 
3662 4515 4523 4524 4516 
3663 4516 4524 983 982 
3664 783 784 4525 4517 
3665 4517 4525 4526 4518 
3666 4518 4526 4527 4519 
3667 4519 4527 4528 4520 
3668 4520 4528 4529 4521 
3669 4521 4529 4530 4522 
3670 4522 4530 4531 4523 
3671 4523 4531 4532 4524 
3672 4524 4532 984 983 
3673 784 785 4533 4525 
3674 4525 4533 4534 4526 
3675 4526 4534 4535 4527 
3676 4527 4535 4536 4528 
3677 4528 4536 4537 4529 
3678 4529 4537 4538 4530 
3679 4530 4538 4539 4531 
3680 4531 4539 4540 4532 
3681 4532 4540 985 984 
3682 785 786 4541 4533 
3683 4533 4541 4542 4534 
3684 4534 4542 4543 4535 
3685 4535 4543 4544 4536 
3686 4536 4544 4545 4537 
3687 4537 4545 4546 4538 
3688 4538 4546 4547 4539 
3689 4539 4547 4548 4540 
3690 4540 4548 986 985 
3691 786 787 4549 4541 
3692 4541 4549 4550 4542 
3693 4542 4550 4551 4543 
3694 4543 4551 4552 4544 
3695 4544 4552 4553 4545 
3696 4545 4553 4554 4546 
3697 4546 4554 4555 4547 
3698 4547 4555 4556 4548 
3699 4548 4556 987 986 
3700 787 788 4557 4549 
3701 4549 4557 4558 4550 
3702 4550 4558 4559 4551 
3703 4551 4559 4560 4552 
3704 4552 4560 4561 4553 
3705 4553 4561 4562 4554 
3706 4554 4562 4563 4555 
3707 4555 4563 4564 4556 
3708 4556 4564 988 987 
3709 788 789 4565 4557 
3710 4557 4565 4566 4558 
3711 4558 4566 4567 4559 
3712 4559 4567 4568 4560 
3713 4560 4568 4569 4561 
3714 4561 4569 4570 4562 
3715 4562 4570 4571 4563 
3716 4563 4571 4572 4564 
3717 4564 4572 989 988 
3718 789 790 4573 4565 
3719 4565 4573 4574 4566 
3720 4566 4574 4575 4567 
3721 4567 4575 4576 4568 
3722 4568 4576 4577 4569 
3723 4569 4577 4578 4570 
3724 4570 4578 4579 4571 
3725 4571 4579 4580 4572 
3726 4572 4580 990 989 
3727 790 791 4581 4573 
3728 4573 4581 4582 4574 
3729 4574 4582 4583 4575 
3730 4575 4583 4584 4576 
3731 4576 4584 4585 4577 
3732 4577 4585 4586 4578 
3733 4578 4586 4587 4579 
3734 4579 4587 4588 4580 
3735 4580 4588 991 990 
3736 791 792 4589 4581 
3737 4581 4589 4590 4582 
3738 4582 4590 4591 4583 
3739 4583 4591 4592 4584 
3740 4584 4592 4593 4585 
3741 4585 4593 4594 4586 
3742 4586 4594 4595 4587 
3743 4587 4595 4596 4588 
3744 4588 4596 992 991 
3745 792 793 4597 4589 
3746 4589 4597 4598 4590 
3747 4590 4598 4599 4591 
3748 4591 4599 4600 4592 
3749 4592 4600 4601 4593 
3750 4593 4601 4602 4594 
3751 4594 4602 4603 4595 
3752 4595 4603 4604 4596 
3753 4596 4604 993 992 
3754 793 794 4605 4597 
3755 4597 4605 4606 4598 
3756 4598 4606 4607 4599 
3757 4599 4607 4608 4600 
3758 4600 4608 4609 4601 
3759 4601 4609 4610 4602 
3760 4602 4610 4611 4603 
3761 4603 4611 4612 4604 
3762 4604 4612 994 993 
3763 794 795 4613 4605 
3764 4605 4613 4614 4606 
3765 4606 4614 4615 4607 
3766 4607 4615 4616 4608 
3767 4608 4616 4617 4609 
3768 4609 4617 4618 4610 
3769 4610 4618 4619 4611 
3770 4611 4619 4620 4612 
3771 4612 4620 995 994 
3772 795 796 4621 4613 
3773 4613 4621 4622 4614 
3774 4614 4622 4623 4615 
3775 4615 4623 4624 4616 
3776 4616 4624 4625 4617 
3777 4617 4625 4626 4618 
3778 4618 4626 4627 4619 
3779 4619 4627 4628 4620 
3780 4620 4628 996 995 
3781 796 797 4629 4621 
3782 4621 4629 4630 4622 
3783 4622 4630 4631 4623 
3784 4623 4631 4632 4624 
3785 4624 4632 4633 4625 
3786 4625 4633 4634 4626 
3787 4626 4634 4635 4627 
3788 4627 4635 4636 4628 
3789 4628 4636 997 996 
3790 797 798 4637 4629 
3791 4629 4637 4638 4630 
3792 4630 4638 4639 4631 
3793 4631 4639 4640 4632 
3794 4632 4640 4641 4633 
3795 4633 4641 4642 4634 
3796 4634 4642 4643 4635 
3797 4635 4643 4644 4636 
3798 4636 4644 998 997 
3799 798 799 4645 4637 
3800 4637 4645 4646 4638 
3801 4638 4646 4647 4639 
3802 4639 4647 4648 4640 
3803 4640 4648 4649 4641 
3804 4641 4649 4650 4642 
3805 4642 4650 4651 4643 
3806 4643 4651 4652 4644 
3807 4644 4652 999 998 
3808 799 800 4653 4645 
3809 4645 4653 4654 4646 
3810 4646 4654 4655 4647 
3811 4647 4655 4656 4648 
3812 4648 4656 4657 4649 
3813 4649 4657 4658 4650 
3814 4650 4658 4659 4651 
3815 4651 4659 4660 4652 
3816 4652 4660 1000 999 
3817 800 801 4661 4653 
3818 4653 4661 4662 4654 
3819 4654 4662 4663 4655 
3820 4655 4663 4664 4656 
3821 4656 4664 4665 4657 
3822 4657 4665 4666 4658 
3823 4658 4666 4667 4659 
3824 4659 4667 4668 4660 
3825 4660 4668 1001 1000 
3826 801 802 4669 4661 
3827 4661 4669 4670 4662 
3828 4662 4670 4671 4663 
3829 4663 4671 4672 4664 
3830 4664 4672 4673 4665 
3831 4665 4673 4674 4666 
3832 4666 4674 4675 4667 
3833 4667 4675 4676 4668 
3834 4668 4676 1002 1001 
3835 802 803 4677 4669 
3836 4669 4677 4678 4670 
3837 4670 4678 4679 4671 
3838 4671 4679 4680 4672 
3839 4672 4680 4681 4673 
3840 4673 4681 4682 4674 
3841 4674 4682 4683 4675 
3842 4675 4683 4684 4676 
3843 4676 4684 1003 1002 
3844 803 804 4685 4677 
3845 4677 4685 4686 4678 
3846 4678 4686 4687 4679 
3847 4679 4687 4688 4680 
3848 4680 4688 4689 4681 
3849 4681 4689 4690 4682 
3850 4682 4690 4691 4683 
3851 4683 4691 4692 4684 
3852 4684 4692 1004 1003 
3853 804 805 4693 4685 
3854 4685 4693 4694 4686 
3855 4686 4694 4695 4687 
3856 4687 4695 4696 4688 
3857 4688 4696 4697 4689 
3858 4689 4697 4698 4690 
3859 4690 4698 4699 4691 
3860 4691 4699 4700 4692 
3861 4692 4700 1005 1004 
3862 805 806 4701 4693 
3863 4693 4701 4702 4694 
3864 4694 4702 4703 4695 
3865 4695 4703 4704 4696 
3866 4696 4704 4705 4697 
3867 4697 4705 4706 4698 
3868 4698 4706 4707 4699 
3869 4699 4707 4708 4700 
3870 4700 4708 1006 1005 
3871 806 807 4709 4701 
3872 4701 4709 4710 4702 
3873 4702 4710 4711 4703 
3874 4703 4711 4712 4704 
3875 4704 4712 4713 4705 
3876 4705 4713 4714 4706 
3877 4706 4714 4715 4707 
3878 4707 4715 4716 4708 
3879 4708 4716 1007 1006 
3880 807 808 4717 4709 
3881 4709 4717 4718 4710 
3882 4710 4718 4719 4711 
3883 4711 4719 4720 4712 
3884 4712 4720 4721 4713 
3885 4713 4721 4722 4714 
3886 4714 4722 4723 4715 
3887 4715 4723 4724 4716 
3888 4716 4724 1008 1007 
3889 808 809 4725 4717 
3890 4717 4725 4726 4718 
3891 4718 4726 4727 4719 
3892 4719 4727 4728 4720 
3893 4720 4728 4729 4721 
3894 4721 4729 4730 4722 
3895 4722 4730 4731 4723 
3896 4723 4731 4732 4724 
3897 4724 4732 1009 1008 
3898 809 810 4733 4725 
3899 4725 4733 4734 4726 
3900 4726 4734 4735 4727 
3901 4727 4735 4736 4728 
3902 4728 4736 4737 4729 
3903 4729 4737 4738 4730 
3904 4730 4738 4739 4731 
3905 4731 4739 4740 4732 
3906 4732 4740 1010 1009 
3907 810 811 4741 4733 
3908 4733 4741 4742 4734 
3909 4734 4742 4743 4735 
3910 4735 4743 4744 4736 
3911 4736 4744 4745 4737 
3912 4737 4745 4746 4738 
3913 4738 4746 4747 4739 
3914 4739 4747 4748 4740 
3915 4740 4748 1011 1010 
3916 811 812 4749 4741 
3917 4741 4749 4750 4742 
3918 4742 4750 4751 4743 
3919 4743 4751 4752 4744 
3920 4744 4752 4753 4745 
3921 4745 4753 4754 4746 
3922 4746 4754 4755 4747 
3923 4747 4755 4756 4748 
3924 4748 4756 1012 1011 
3925 812 813 4757 4749 
3926 4749 4757 4758 4750 
3927 4750 4758 4759 4751 
3928 4751 4759 4760 4752 
3929 4752 4760 4761 4753 
3930 4753 4761 4762 4754 
3931 4754 4762 4763 4755 
3932 4755 4763 4764 4756 
3933 4756 4764 1013 1012 
3934 813 814 4765 4757 
3935 4757 4765 4766 4758 
3936 4758 4766 4767 4759 
3937 4759 4767 4768 4760 
3938 4760 4768 4769 4761 
3939 4761 4769 4770 4762 
3940 4762 4770 4771 4763 
3941 4763 4771 4772 4764 
3942 4764 4772 1014 1013 
3943 814 815 4773 4765 
3944 4765 4773 4774 4766 
3945 4766 4774 4775 4767 
3946 4767 4775 4776 4768 
3947 4768 4776 4777 4769 
3948 4769 4777 4778 4770 
3949 4770 4778 4779 4771 
3950 4771 4779 4780 4772 
3951 4772 4780 1015 1014 
3952 815 816 4781 4773 
3953 4773 4781 4782 4774 
3954 4774 4782 4783 4775 
3955 4775 4783 4784 4776 
3956 4776 4784 4785 4777 
3957 4777 4785 4786 4778 
3958 4778 4786 4787 4779 
3959 4779 4787 4788 4780 
3960 4780 4788 1016 1015 
3961 816 817 4789 4781 
3962 4781 4789 4790 4782 
3963 4782 4790 4791 4783 
3964 4783 4791 4792 4784 
3965 4784 4792 4793 4785 
3966 4785 4793 4794 4786 
3967 4786 4794 4795 4787 
3968 4787 4795 4796 4788 
3969 4788 4796 1017 1016 
3970 817 818 4797 4789 
3971 4789 4797 4798 4790 
3972 4790 4798 4799 4791 
3973 4791 4799 4800 4792 
3974 4792 4800 4801 4793 
3975 4793 4801 4802 4794 
3976 4794 4802 4803 4795 
3977 4795 4803 4804 4796 
3978 4796 4804 1018 1017 
3979 818 819 4805 4797 
3980 4797 4805 4806 4798 
3981 4798 4806 4807 4799 
3982 4799 4807 4808 4800 
3983 4800 4808 4809 4801 
3984 4801 4809 4810 4802 
3985 4802 4810 4811 4803 
3986 4803 4811 4812 4804 
3987 4804 4812 1019 1018 
3988 819 820 4813 4805 
3989 4805 4813 4814 4806 
3990 4806 4814 4815 4807 
3991 4807 4815 4816 4808 
3992 4808 4816 4817 4809 
3993 4809 4817 4818 4810 
3994 4810 4818 4819 4811 
3995 4811 4819 4820 4812 
3996 4812 4820 1020 1019 
3997 820 821 4821 4813 
3998 4813 4821 4822 4814 
3999 4814 4822 4823 4815 
4000 4815 4823 4824 4816 
4001 4816 4824 4825 4817 
4002 4817 4825 4826 4818 
4003 4818 4826 4827 4819 
4004 4819 4827 4828 4820 
4005 4820 4828 1021 1020 
4006 821 822 4829 4821 
4007 4821 4829 4830 4822 
4008 4822 4830 4831 4823 
4009 4823 4831 4832 4824 
4010 4824 4832 4833 4825 
4011 4825 4833 4834 4826 
4012 4826 4834 4835 4827 
4013 4827 4835 4836 4828 
4014 4828 4836 1022 1021 
4015 822 823 4837 4829 
4016 4829 4837 4838 4830 
4017 4830 4838 4839 4831 
4018 4831 4839 4840 4832 
4019 4832 4840 4841 4833 
4020 4833 4841 4842 4834 
4021 4834 4842 4843 4835 
4022 4835 4843 4844 4836 
4023 4836 4844 1023 1022 
4024 823 824 4845 4837 
4025 4837 4845 4846 4838 
4026 4838 4846 4847 4839 
4027 4839 4847 4848 4840 
4028 4840 4848 4849 4841 
4029 4841 4849 4850 4842 
4030 4842 4850 4851 4843 
4031 4843 4851 4852 4844 
4032 4844 4852 1024 1023 
4033 824 825 4853 4845 
4034 4845 4853 4854 4846 
4035 4846 4854 4855 4847 
4036 4847 4855 4856 4848 
4037 4848 4856 4857 4849 
4038 4849 4857 4858 4850 
4039 4850 4858 4859 4851 
4040 4851 4859 4860 4852 
4041 4852 4860 1025 1024 
4042 825 826 4861 4853 
4043 4853 4861 4862 4854 
4044 4854 4862 4863 4855 
4045 4855 4863 4864 4856 
4046 4856 4864 4865 4857 
4047 4857 4865 4866 4858 
4048 4858 4866 4867 4859 
4049 4859 4867 4868 4860 
4050 4860 4868 1026 1025 
4051 826 827 4869 4861 
4052 4861 4869 4870 4862 
4053 4862 4870 4871 4863 
4054 4863 4871 4872 4864 
4055 4864 4872 4873 4865 
4056 4865 4873 4874 4866 
4057 4866 4874 4875 4867 
4058 4867 4875 4876 4868 
4059 4868 4876 1027 1026 
4060 827 828 4877 4869 
4061 4869 4877 4878 4870 
4062 4870 4878 4879 4871 
4063 4871 4879 4880 4872 
4064 4872 4880 4881 4873 
4065 4873 4881 4882 4874 
4066 4874 4882 4883 4875 
4067 4875 4883 4884 4876 
4068 4876 4884 1028 1027 
4069 828 829 4885 4877 
4070 4877 4885 4886 4878 
4071 4878 4886 4887 4879 
4072 4879 4887 4888 4880 
4073 4880 4888 4889 4881 
4074 4881 4889 4890 4882 
4075 4882 4890 4891 4883 
4076 4883 4891 4892 4884 
4077 4884 4892 1029 1028 
4078 829 830 4893 4885 
4079 4885 4893 4894 4886 
4080 4886 4894 4895 4887 
4081 4887 4895 4896 4888 
4082 4888 4896 4897 4889 
4083 4889 4897 4898 4890 
4084 4890 4898 4899 4891 
4085 4891 4899 4900 4892 
4086 4892 4900 1030 1029 
4087 830 831 4901 4893 
4088 4893 4901 4902 4894 
4089 4894 4902 4903 4895 
4090 4895 4903 4904 4896 
4091 4896 4904 4905 4897 
4092 4897 4905 4906 4898 
4093 4898 4906 4907 4899 
4094 4899 4907 4908 4900 
4095 4900 4908 1031 1030 
4096 831 832 4909 4901 
4097 4901 4909 4910 4902 
4098 4902 4910 4911 4903 
4099 4903 4911 4912 4904 
4100 4904 4912 4913 4905 
4101 4905 4913 4914 4906 
4102 4906 4914 4915 4907 
4103 4907 4915 4916 4908 
4104 4908 4916 1032 1031 
4105 832 833 4917 4909 
4106 4909 4917 4918 4910 
4107 4910 4918 4919 4911 
4108 4911 4919 4920 4912 
4109 4912 4920 4921 4913 
4110 4913 4921 4922 4914 
4111 4914 4922 4923 4915 
4112 4915 4923 4924 4916 
4113 4916 4924 1033 1032 
4114 833 834 4925 4917 
4115 4917 4925 4926 4918 
4116 4918 4926 4927 4919 
4117 4919 4927 4928 4920 
4118 4920 4928 4929 4921 
4119 4921 4929 4930 4922 
4120 4922 4930 4931 4923 
4121 4923 4931 4932 4924 
4122 4924 4932 1034 1033 
4123 834 835 4933 4925 
4124 4925 4933 4934 4926 
4125 4926 4934 4935 4927 
4126 4927 4935 4936 4928 
4127 4928 4936 4937 4929 
4128 4929 4937 4938 4930 
4129 4930 4938 4939 4931 
4130 4931 4939 4940 4932 
4131 4932 4940 1035 1034 
4132 835 836 4941 4933 
4133 4933 4941 4942 4934 
4134 4934 4942 4943 4935 
4135 4935 4943 4944 4936 
4136 4936 4944 4945 4937 
4137 4937 4945 4946 4938 
4138 4938 4946 4947 4939 
4139 4939 4947 4948 4940 
4140 4940 4948 1036 1035 
4141 836 837 4949 4941 
4142 4941 4949 4950 4942 
4143 4942 4950 4951 4943 
4144 4943 4951 4952 4944 
4145 4944 4952 4953 4945 
4146 4945 4953 4954 4946 
4147 4946 4954 4955 4947 
4148 4947 4955 4956 4948 
4149 4948 4956 1037 1036 
4150 837 838 4957 4949 
4151 4949 4957 4958 4950 
4152 4950 4958 4959 4951 
4153 4951 4959 4960 4952 
4154 4952 4960 4961 4953 
4155 4953 4961 4962 4954 
4156 4954 4962 4963 4955 
4157 4955 4963 4964 4956 
4158 4956 4964 1038 1037 
4159 838 839 4965 4957 
4160 4957 4965 4966 4958 
4161 4958 4966 4967 4959 
4162 4959 4967 4968 4960 
4163 4960 4968 4969 4961 
4164 4961 4969 4970 4962 
4165 4962 4970 4971 4963 
4166 4963 4971 4972 4964 
4167 4964 4972 1039 1038 
4168 839 840 4973 4965 
4169 4965 4973 4974 4966 
4170 4966 4974 4975 4967 
4171 4967 4975 4976 4968 
4172 4968 4976 4977 4969 
4173 4969 4977 4978 4970 
4174 4970 4978 4979 4971 
4175 4971 4979 4980 4972 
4176 4972 4980 1040 1039 
4177 840 841 4981 4973 
4178 4973 4981 4982 4974 
4179 4974 4982 4983 4975 
4180 4975 4983 4984 4976 
4181 4976 4984 4985 4977 
4182 4977 4985 4986 4978 
4183 4978 4986 4987 4979 
4184 4979 4987 4988 4980 
4185 4980 4988 1041 1040 
4186 841 842 4989 4981 
4187 4981 4989 4990 4982 
4188 4982 4990 4991 4983 
4189 4983 4991 4992 4984 
4190 4984 4992 4993 4985 
4191 4985 4993 4994 4986 
4192 4986 4994 4995 4987 
4193 4987 4995 4996 4988 
4194 4988 4996 1042 1041 
4195 842 843 4997 4989 
4196 4989 4997 4998 4990 
4197 4990 4998 4999 4991 
4198 4991 4999 5000 4992 
4199 4992 5000 5001 4993 
4200 4993 5001 5002 4994 
4201 4994 5002 5003 4995 
4202 4995 5003 5004 4996 
4203 4996 5004 1043 1042 
4204 843 844 5005 4997 
4205 4997 5005 5006 4998 
4206 4998 5006 5007 4999 
4207 4999 5007 5008 5000 
4208 5000 5008 5009 5001 
4209 5001 5009 5010 5002 
4210 5002 5010 5011 5003 
4211 5003 5011 5012 5004 
4212 5004 5012 1044 1043 
4213 844 845 5013 5005 
4214 5005 5013 5014 5006 
4215 5006 5014 5015 5007 
4216 5007 5015 5016 5008 
4217 5008 5016 5017 5009 
4218 5009 5017 5018 5010 
4219 5010 5018 5019 5011 
4220 5011 5019 5020 5012 
4221 5012 5020 1045 1044 
4222 845 846 5021 5013 
4223 5013 5021 5022 5014 
4224 5014 5022 5023 5015 
4225 5015 5023 5024 5016 
4226 5016 5024 5025 5017 
4227 5017 5025 5026 5018 
4228 5018 5026 5027 5019 
4229 5019 5027 5028 5020 
4230 5020 5028 1046 1045 
4231 846 847 5029 5021 
4232 5021 5029 5030 5022 
4233 5022 5030 5031 5023 
4234 5023 5031 5032 5024 
4235 5024 5032 5033 5025 
4236 5025 5033 5034 5026 
4237 5026 5034 5035 5027 
4238 5027 5035 5036 5028 
4239 5028 5036 1047 1046 
4240 847 848 5037 5029 
4241 5029 5037 5038 5030 
4242 5030 5038 5039 5031 
4243 5031 5039 5040 5032 
4244 5032 5040 5041 5033 
4245 5033 5041 5042 5034 
4246 5034 5042 5043 5035 
4247 5035 5043 5044 5036 
4248 5036 5044 1048 1047 
4249 848 849 5045 5037 
4250 5037 5045 5046 5038 
4251 5038 5046 5047 5039 
4252 5039 5047 5048 5040 
4253 5040 5048 5049 5041 
4254 5041 5049 5050 5042 
4255 5042 5050 5051 5043 
4256 5043 5051 5052 5044 
4257 5044 5052 1049 1048 
4258 849 850 5053 5045 
4259 5045 5053 5054 5046 
4260 5046 5054 5055 5047 
4261 5047 5055 5056 5048 
4262 5048 5056 5057 5049 
4263 5049 5057 5058 5050 
4264 5050 5058 5059 5051 
4265 5051 5059 5060 5052 
4266 5052 5060 1050 1049 
4267 850 851 5061 5053 
4268 5053 5061 5062 5054 
4269 5054 5062 5063 5055 
4270 5055 5063 5064 5056 
4271 5056 5064 5065 5057 
4272 5057 5065 5066 5058 
4273 5058 5066 5067 5059 
4274 5059 5067 5068 5060 
4275 5060 5068 1051 1050 
4276 851 852 5069 5061 
4277 5061 5069 5070 5062 
4278 5062 5070 5071 5063 
4279 5063 5071 5072 5064 
4280 5064 5072 5073 5065 
4281 5065 5073 5074 5066 
4282 5066 5074 5075 5067 
4283 5067 5075 5076 5068 
4284 5068 5076 1052 1051 
4285 852 853 5077 5069 
4286 5069 5077 5078 5070 
4287 5070 5078 5079 5071 
4288 5071 5079 5080 5072 
4289 5072 5080 5081 5073 
4290 5073 5081 5082 5074 
4291 5074 5082 5083 5075 
4292 5075 5083 5084 5076 
4293 5076 5084 1053 1052 
4294 853 854 5085 5077 
4295 5077 5085 5086 5078 
4296 5078 5086 5087 5079 
4297 5079 5087 5088 5080 
4298 5080 5088 5089 5081 
4299 5081 5089 5090 5082 
4300 5082 5090 5091 5083 
4301 5083 5091 5092 5084 
4302 5084 5092 1054 1053 
4303 854 855 5093 5085 
4304 5085 5093 5094 5086 
4305 5086 5094 5095 5087 
4306 5087 5095 5096 5088 
4307 5088 5096 5097 5089 
4308 5089 5097 5098 5090 
4309 5090 5098 5099 5091 
4310 5091 5099 5100 5092 
4311 5092 5100 1055 1054 
4312 855 856 5101 5093 
4313 5093 5101 5102 5094 
4314 5094 5102 5103 5095 
4315 5095 5103 5104 5096 
4316 5096 5104 5105 5097 
4317 5097 5105 5106 5098 
4318 5098 5106 5107 5099 
4319 5099 5107 5108 5100 
4320 5100 5108 1056 1055 
4321 856 857 5109 5101 
4322 5101 5109 5110 5102 
4323 5102 5110 5111 5103 
4324 5103 5111 5112 5104 
4325 5104 5112 5113 5105 
4326 5105 5113 5114 5106 
4327 5106 5114 5115 5107 
4328 5107 5115 5116 5108 
4329 5108 5116 1057 1056 
4330 857 858 5117 5109 
4331 5109 5117 5118 5110 
4332 5110 5118 5119 5111 
4333 5111 5119 5120 5112 
4334 5112 5120 5121 5113 
4335 5113 5121 5122 5114 
4336 5114 5122 5123 5115 
4337 5115 5123 5124 5116 
4338 5116 5124 1058 1057 
4339 858 859 5125 5117 
4340 5117 5125 5126 5118 
4341 5118 5126 5127 5119 
4342 5119 5127 5128 5120 
4343 5120 5128 5129 5121 
4344 5121 5129 5130 5122 
4345 5122 5130 5131 5123 
4346 5123 5131 5132 5124 
4347 5124 5132 1059 1058 
4348 859 860 5133 5125 
4349 5125 5133 5134 5126 
4350 5126 5134 5135 5127 
4351 5127 5135 5136 5128 
4352 5128 5136 5137 5129 
4353 5129 5137 5138 5130 
4354 5130 5138 5139 5131 
4355 5131 5139 5140 5132 
4356 5132 5140 1060 1059 
4357 860 861 5141 5133 
4358 5133 5141 5142 5134 
4359 5134 5142 5143 5135 
4360 5135 5143 5144 5136 
4361 5136 5144 5145 5137 
4362 5137 5145 5146 5138 
4363 5138 5146 5147 5139 
4364 5139 5147 5148 5140 
4365 5140 5148 1061 1060 
4366 861 862 5149 5141 
4367 5141 5149 5150 5142 
4368 5142 5150 5151 5143 
4369 5143 5151 5152 5144 
4370 5144 5152 5153 5145 
4371 5145 5153 5154 5146 
4372 5146 5154 5155 5147 
4373 5147 5155 5156 5148 
4374 5148 5156 1062 1061 
4375 862 863 5157 5149 
4376 5149 5157 5158 5150 
4377 5150 5158 5159 5151 
4378 5151 5159 5160 5152 
4379 5152 5160 5161 5153 
4380 5153 5161 5162 5154 
4381 5154 5162 5163 5155 
4382 5155 5163 5164 5156 
4383 5156 5164 1063 1062 
4384 863 864 5165 5157 
4385 5157 5165 5166 5158 
4386 5158 5166 5167 5159 
4387 5159 5167 5168 5160 
4388 5160 5168 5169 5161 
4389 5161 5169 5170 5162 
4390 5162 5170 5171 5163 
4391 5163 5171 5172 5164 
4392 5164 5172 1064 1063 
4393 864 865 5173 5165 
4394 5165 5173 5174 5166 
4395 5166 5174 5175 5167 
4396 5167 5175 5176 5168 
4397 5168 5176 5177 5169 
4398 5169 5177 5178 5170 
4399 5170 5178 5179 5171 
4400 5171 5179 5180 5172 
4401 5172 5180 1065 1064 
4402 865 866 5181 5173 
4403 5173 5181 5182 5174 
4404 5174 5182 5183 5175 
4405 5175 5183 5184 5176 
4406 5176 5184 5185 5177 
4407 5177 5185 5186 5178 
4408 5178 5186 5187 5179 
4409 5179 5187 5188 5180 
4410 5180 5188 1066 1065 
4411 866 867 5189 5181 
4412 5181 5189 5190 5182 
4413 5182 5190 5191 5183 
4414 5183 5191 5192 5184 
4415 5184 5192 5193 5185 
4416 5185 5193 5194 5186 
4417 5186 5194 5195 5187 
4418 5187 5195 5196 5188 
4419 5188 5196 1067 1066 
4420 867 868 5197 5189 
4421 5189 5197 5198 5190 
4422 5190 5198 5199 5191 
4423 5191 5199 5200 5192 
4424 5192 5200 5201 5193 
4425 5193 5201 5202 5194 
4426 5194 5202 5203 5195 
4427 5195 5203 5204 5196 
4428 5196 5204 1068 1067 
4429 868 869 5205 5197 
4430 5197 5205 5206 5198 
4431 5198 5206 5207 5199 
4432 5199 5207 5208 5200 
4433 5200 5208 5209 5201 
4434 5201 5209 5210 5202 
4435 5202 5210 5211 5203 
4436 5203 5211 5212 5204 
4437 5204 5212 1069 1068 
4438 869 870 5213 5205 
4439 5205 5213 5214 5206 
4440 5206 5214 5215 5207 
4441 5207 5215 5216 5208 
4442 5208 5216 5217 5209 
4443 5209 5217 5218 5210 
4444 5210 5218 5219 5211 
4445 5211 5219 5220 5212 
4446 5212 5220 1070 1069 
4447 870 871 5221 5213 
4448 5213 5221 5222 5214 
4449 5214 5222 5223 5215 
4450 5215 5223 5224 5216 
4451 5216 5224 5225 5217 
4452 5217 5225 5226 5218 
4453 5218 5226 5227 5219 
4454 5219 5227 5228 5220 
4455 5220 5228 1071 1070 
4456 871 872 5229 5221 
4457 5221 5229 5230 5222 
4458 5222 5230 5231 5223 
4459 5223 5231 5232 5224 
4460 5224 5232 5233 5225 
4461 5225 5233 5234 5226 
4462 5226 5234 5235 5227 
4463 5227 5235 5236 5228 
4464 5228 5236 1072 1071 
4465 872 873 5237 5229 
4466 5229 5237 5238 5230 
4467 5230 5238 5239 5231 
4468 5231 5239 5240 5232 
4469 5232 5240 5241 5233 
4470 5233 5241 5242 5234 
4471 5234 5242 5243 5235 
4472 5235 5243 5244 5236 
4473 5236 5244 1073 1072 
4474 873 874 5245 5237 
4475 5237 5245 5246 5238 
4476 5238 5246 5247 5239 
4477 5239 5247 5248 5240 
4478 5240 5248 5249 5241 
4479 5241 5249 5250 5242 
4480 5242 5250 5251 5243 
4481 5243 5251 5252 5244 
4482 5244 5252 1074 1073 
4483 874 875 5253 5245 
4484 5245 5253 5254 5246 
4485 5246 5254 5255 5247 
4486 5247 5255 5256 5248 
4487 5248 5256 5257 5249 
4488 5249 5257 5258 5250 
4489 5250 5258 5259 5251 
4490 5251 5259 5260 5252 
4491 5252 5260 1075 1074 
4492 875 876 5261 5253 
4493 5253 5261 5262 5254 
4494 5254 5262 5263 5255 
4495 5255 5263 5264 5256 
4496 5256 5264 5265 5257 
4497 5257 5265 5266 5258 
4498 5258 5266 5267 5259 
4499 5259 5267 5268 5260 
4500 5260 5268 1076 1075 
4501 876 877 5269 5261 
4502 5261 5269 5270 5262 
4503 5262 5270 5271 5263 
4504 5263 5271 5272 5264 
4505 5264 5272 5273 5265 
4506 5265 5273 5274 5266 
4507 5266 5274 5275 5267 
4508 5267 5275 5276 5268 
4509 5268 5276 1077 1076 
4510 877 878 5277 5269 
4511 5269 5277 5278 5270 
4512 5270 5278 5279 5271 
4513 5271 5279 5280 5272 
4514 5272 5280 5281 5273 
4515 5273 5281 5282 5274 
4516 5274 5282 5283 5275 
4517 5275 5283 5284 5276 
4518 5276 5284 1078 1077 
4519 878 879 5285 5277 
4520 5277 5285 5286 5278 
4521 5278 5286 5287 5279 
4522 5279 5287 5288 5280 
4523 5280 5288 5289 5281 
4524 5281 5289 5290 5282 
4525 5282 5290 5291 5283 
4526 5283 5291 5292 5284 
4527 5284 5292 1079 1078 
4528 879 880 5293 5285 
4529 5285 5293 5294 5286 
4530 5286 5294 5295 5287 
4531 5287 5295 5296 5288 
4532 5288 5296 5297 5289 
4533 5289 5297 5298 5290 
4534 5290 5298 5299 5291 
4535 5291 5299 5300 5292 
4536 5292 5300 1080 1079 
4537 880 881 5301 5293 
4538 5293 5301 5302 5294 
4539 5294 5302 5303 5295 
4540 5295 5303 5304 5296 
4541 5296 5304 5305 5297 
4542 5297 5305 5306 5298 
4543 5298 5306 5307 5299 
4544 5299 5307 5308 5300 
4545 5300 5308 1081 1080 
4546 881 882 5309 5301 
4547 5301 5309 5310 5302 
4548 5302 5310 5311 5303 
4549 5303 5311 5312 5304 
4550 5304 5312 5313 5305 
4551 5305 5313 5314 5306 
4552 5306 5314 5315 5307 
4553 5307 5315 5316 5308 
4554 5308 5316 1082 1081 
4555 882 883 5317 5309 
4556 5309 5317 5318 5310 
4557 5310 5318 5319 5311 
4558 5311 5319 5320 5312 
4559 5312 5320 5321 5313 
4560 5313 5321 5322 5314 
4561 5314 5322 5323 5315 
4562 5315 5323 5324 5316 
4563 5316 5324 1083 1082 
4564 883 884 5325 5317 
4565 5317 5325 5326 5318 
4566 5318 5326 5327 5319 
4567 5319 5327 5328 5320 
4568 5320 5328 5329 5321 
4569 5321 5329 5330 5322 
4570 5322 5330 5331 5323 
4571 5323 5331 5332 5324 
4572 5324 5332 1084 1083 
4573 884 885 5333 5325 
4574 5325 5333 5334 5326 
4575 5326 5334 5335 5327 
4576 5327 5335 5336 5328 
4577 5328 5336 5337 5329 
4578 5329 5337 5338 5330 
4579 5330 5338 5339 5331 
4580 5331 5339 5340 5332 
4581 5332 5340 1085 1084 
4582 885 886 5341 5333 
4583 5333 5341 5342 5334 
4584 5334 5342 5343 5335 
4585 5335 5343 5344 5336 
4586 5336 5344 5345 5337 
4587 5337 5345 5346 5338 
4588 5338 5346 5347 5339 
4589 5339 5347 5348 5340 
4590 5340 5348 1086 1085 
4591 886 887 5349 5341 
4592 5341 5349 5350 5342 
4593 5342 5350 5351 5343 
4594 5343 5351 5352 5344 
4595 5344 5352 5353 5345 
4596 5345 5353 5354 5346 
4597 5346 5354 5355 5347 
4598 5347 5355 5356 5348 
4599 5348 5356 1087 1086 
4600 887 888 5357 5349 
4601 5349 5357 5358 5350 
4602 5350 5358 5359 5351 
4603 5351 5359 5360 5352 
4604 5352 5360 5361 5353 
4605 5353 5361 5362 5354 
4606 5354 5362 5363 5355 
4607 5355 5363 5364 5356 
4608 5356 5364 1088 1087 
4609 888 889 5365 5357 
4610 5357 5365 5366 5358 
4611 5358 5366 5367 5359 
4612 5359 5367 5368 5360 
4613 5360 5368 5369 5361 
4614 5361 5369 5370 5362 
4615 5362 5370 5371 5363 
4616 5363 5371 5372 5364 
4617 5364 5372 1089 1088 
4618 889 890 5373 5365 
4619 5365 5373 5374 5366 
4620 5366 5374 5375 5367 
4621 5367 5375 5376 5368 
4622 5368 5376 5377 5369 
4623 5369 5377 5378 5370 
4624 5370 5378 5379 5371 
4625 5371 5379 5380 5372 
4626 5372 5380 1090 1089 
4627 890 891 5381 5373 
4628 5373 5381 5382 5374 
4629 5374 5382 5383 5375 
4630 5375 5383 5384 5376 
4631 5376 5384 5385 5377 
4632 5377 5385 5386 5378 
4633 5378 5386 5387 5379 
4634 5379 5387 5388 5380 
4635 5380 5388 1091 1090 
4636 891 892 5389 5381 
4637 5381 5389 5390 5382 
4638 5382 5390 5391 5383 
4639 5383 5391 5392 5384 
4640 5384 5392 5393 5385 
4641 5385 5393 5394 5386 
4642 5386 5394 5395 5387 
4643 5387 5395 5396 5388 
4644 5388 5396 1092 1091 
4645 892 893 5397 5389 
4646 5389 5397 5398 5390 
4647 5390 5398 5399 5391 
4648 5391 5399 5400 5392 
4649 5392 5400 5401 5393 
4650 5393 5401 5402 5394 
4651 5394 5402 5403 5395 
4652 5395 5403 5404 5396 
4653 5396 5404 1093 1092 
4654 893 894 5405 5397 
4655 5397 5405 5406 5398 
4656 5398 5406 5407 5399 
4657 5399 5407 5408 5400 
4658 5400 5408 5409 5401 
4659 5401 5409 5410 5402 
4660 5402 5410 5411 5403 
4661 5403 5411 5412 5404 
4662 5404 5412 1094 1093 
4663 894 895 5413 5405 
4664 5405 5413 5414 5406 
4665 5406 5414 5415 5407 
4666 5407 5415 5416 5408 
4667 5408 5416 5417 5409 
4668 5409 5417 5418 5410 
4669 5410 5418 5419 5411 
4670 5411 5419 5420 5412 
4671 5412 5420 1095 1094 
4672 895 896 5421 5413 
4673 5413 5421 5422 5414 
4674 5414 5422 5423 5415 
4675 5415 5423 5424 5416 
4676 5416 5424 5425 5417 
4677 5417 5425 5426 5418 
4678 5418 5426 5427 5419 
4679 5419 5427 5428 5420 
4680 5420 5428 1096 1095 
4681 896 897 5429 5421 
4682 5421 5429 5430 5422 
4683 5422 5430 5431 5423 
4684 5423 5431 5432 5424 
4685 5424 5432 5433 5425 
4686 5425 5433 5434 5426 
4687 5426 5434 5435 5427 
4688 5427 5435 5436 5428 
4689 5428 5436 1097 1096 
4690 897 898 5437 5429 
4691 5429 5437 5438 5430 
4692 5430 5438 5439 5431 
4693 5431 5439 5440 5432 
4694 5432 5440 5441 5433 
4695 5433 5441 5442 5434 
4696 5434 5442 5443 5435 
4697 5435 5443 5444 5436 
4698 5436 5444 1098 1097 
4699 898 899 5445 5437 
4700 5437 5445 5446 5438 
4701 5438 5446 5447 5439 
4702 5439 5447 5448 5440 
4703 5440 5448 5449 5441 
4704 5441 5449 5450 5442 
4705 5442 5450 5451 5443 
4706 5443 5451 5452 5444 
4707 5444 5452 1099 1098 
4708 899 900 5453 5445 
4709 5445 5453 5454 5446 
4710 5446 5454 5455 5447 
4711 5447 5455 5456 5448 
4712 5448 5456 5457 5449 
4713 5449 5457 5458 5450 
4714 5450 5458 5459 5451 
4715 5451 5459 5460 5452 
4716 5452 5460 1100 1099 
4717 900 901 5461 5453 
4718 5453 5461 5462 5454 
4719 5454 5462 5463 5455 
4720 5455 5463 5464 5456 
4721 5456 5464 5465 5457 
4722 5457 5465 5466 5458 
4723 5458 5466 5467 5459 
4724 5459 5467 5468 5460 
4725 5460 5468 1101 1100 
4726 901 902 5469 5461 
4727 5461 5469 5470 5462 
4728 5462 5470 5471 5463 
4729 5463 5471 5472 5464 
4730 5464 5472 5473 5465 
4731 5465 5473 5474 5466 
4732 5466 5474 5475 5467 
4733 5467 5475 5476 5468 
4734 5468 5476 1102 1101 
4735 902 903 5477 5469 
4736 5469 5477 5478 5470 
4737 5470 5478 5479 5471 
4738 5471 5479 5480 5472 
4739 5472 5480 5481 5473 
4740 5473 5481 5482 5474 
4741 5474 5482 5483 5475 
4742 5475 5483 5484 5476 
4743 5476 5484 1103 1102 
4744 903 904 5485 5477 
4745 5477 5485 5486 5478 
4746 5478 5486 5487 5479 
4747 5479 5487 5488 5480 
4748 5480 5488 5489 5481 
4749 5481 5489 5490 5482 
4750 5482 5490 5491 5483 
4751 5483 5491 5492 5484 
4752 5484 5492 1104 1103 
4753 904 905 5493 5485 
4754 5485 5493 5494 5486 
4755 5486 5494 5495 5487 
4756 5487 5495 5496 5488 
4757 5488 5496 5497 5489 
4758 5489 5497 5498 5490 
4759 5490 5498 5499 5491 
4760 5491 5499 5500 5492 
4761 5492 5500 1105 1104 
4762 905 906 5501 5493 
4763 5493 5501 5502 5494 
4764 5494 5502 5503 5495 
4765 5495 5503 5504 5496 
4766 5496 5504 5505 5497 
4767 5497 5505 5506 5498 
4768 5498 5506 5507 5499 
4769 5499 5507 5508 5500 
4770 5500 5508 1106 1105 
4771 906 907 5509 5501 
4772 5501 5509 5510 5502 
4773 5502 5510 5511 5503 
4774 5503 5511 5512 5504 
4775 5504 5512 5513 5505 
4776 5505 5513 5514 5506 
4777 5506 5514 5515 5507 
4778 5507 5515 5516 5508 
4779 5508 5516 1107 1106 
4780 907 908 5517 5509 
4781 5509 5517 5518 5510 
4782 5510 5518 5519 5511 
4783 5511 5519 5520 5512 
4784 5512 5520 5521 5513 
4785 5513 5521 5522 5514 
4786 5514 5522 5523 5515 
4787 5515 5523 5524 5516 
4788 5516 5524 1108 1107 
4789 908 909 5525 5517 
4790 5517 5525 5526 5518 
4791 5518 5526 5527 5519 
4792 5519 5527 5528 5520 
4793 5520 5528 5529 5521 
4794 5521 5529 5530 5522 
4795 5522 5530 5531 5523 
4796 5523 5531 5532 5524 
4797 5524 5532 1109 1108 
4798 909 910 5533 5525 
4799 5525 5533 5534 5526 
4800 5526 5534 5535 5527 
4801 5527 5535 5536 5528 
4802 5528 5536 5537 5529 
4803 5529 5537 5538 5530 
4804 5530 5538 5539 5531 
4805 5531 5539 5540 5532 
4806 5532 5540 1110 1109 
4807 910 911 5541 5533 
4808 5533 5541 5542 5534 
4809 5534 5542 5543 5535 
4810 5535 5543 5544 5536 
4811 5536 5544 5545 5537 
4812 5537 5545 5546 5538 
4813 5538 5546 5547 5539 
4814 5539 5547 5548 5540 
4815 5540 5548 1111 1110 
4816 911 912 5549 5541 
4817 5541 5549 5550 5542 
4818 5542 5550 5551 5543 
4819 5543 5551 5552 5544 
4820 5544 5552 5553 5545 
4821 5545 5553 5554 5546 
4822 5546 5554 5555 5547 
4823 5547 5555 5556 5548 
4824 5548 5556 1112 1111 
4825 912 913 5557 5549 
4826 5549 5557 5558 5550 
4827 5550 5558 5559 5551 
4828 5551 5559 5560 5552 
4829 5552 5560 5561 5553 
4830 5553 5561 5562 5554 
4831 5554 5562 5563 5555 
4832 5555 5563 5564 5556 
4833 5556 5564 1113 1112 
4834 913 914 5565 5557 
4835 5557 5565 5566 5558 
4836 5558 5566 5567 5559 
4837 5559 5567 5568 5560 
4838 5560 5568 5569 5561 
4839 5561 5569 5570 5562 
4840 5562 5570 5571 5563 
4841 5563 5571 5572 5564 
4842 5564 5572 1114 1113 
4843 914 915 5573 5565 
4844 5565 5573 5574 5566 
4845 5566 5574 5575 5567 
4846 5567 5575 5576 5568 
4847 5568 5576 5577 5569 
4848 5569 5577 5578 5570 
4849 5570 5578 5579 5571 
4850 5571 5579 5580 5572 
4851 5572 5580 1115 1114 
4852 915 916 5581 5573 
4853 5573 5581 5582 5574 
4854 5574 5582 5583 5575 
4855 5575 5583 5584 5576 
4856 5576 5584 5585 5577 
4857 5577 5585 5586 5578 
4858 5578 5586 5587 5579 
4859 5579 5587 5588 5580 
4860 5580 5588 1116 1115 
4861 916 917 5589 5581 
4862 5581 5589 5590 5582 
4863 5582 5590 5591 5583 
4864 5583 5591 5592 5584 
4865 5584 5592 5593 5585 
4866 5585 5593 5594 5586 
4867 5586 5594 5595 5587 
4868 5587 5595 5596 5588 
4869 5588 5596 1117 1116 
4870 917 918 5597 5589 
4871 5589 5597 5598 5590 
4872 5590 5598 5599 5591 
4873 5591 5599 5600 5592 
4874 5592 5600 5601 5593 
4875 5593 5601 5602 5594 
4876 5594 5602 5603 5595 
4877 5595 5603 5604 5596 
4878 5596 5604 1118 1117 
4879 918 919 5605 5597 
4880 5597 5605 5606 5598 
4881 5598 5606 5607 5599 
4882 5599 5607 5608 5600 
4883 5600 5608 5609 5601 
4884 5601 5609 5610 5602 
4885 5602 5610 5611 5603 
4886 5603 5611 5612 5604 
4887 5604 5612 1119 1118 
4888 919 920 5613 5605 
4889 5605 5613 5614 5606 
4890 5606 5614 5615 5607 
4891 5607 5615 5616 5608 
4892 5608 5616 5617 5609 
4893 5609 5617 5618 5610 
4894 5610 5618 5619 5611 
4895 5611 5619 5620 5612 
4896 5612 5620 1120 1119 
4897 920 921 5621 5613 
4898 5613 5621 5622 5614 
4899 5614 5622 5623 5615 
4900 5615 5623 5624 5616 
4901 5616 5624 5625 5617 
4902 5617 5625 5626 5618 
4903 5618 5626 5627 5619 
4904 5619 5627 5628 5620 
4905 5620 5628 1121 1120 
4906 921 922 5629 5621 
4907 5621 5629 5630 5622 
4908 5622 5630 5631 5623 
4909 5623 5631 5632 5624 
4910 5624 5632 5633 5625 
4911 5625 5633 5634 5626 
4912 5626 5634 5635 5627 
4913 5627 5635 5636 5628 
4914 5628 5636 1122 1121 
4915 922 923 5637 5629 
4916 5629 5637 5638 5630 
4917 5630 5638 5639 5631 
4918 5631 5639 5640 5632 
4919 5632 5640 5641 5633 
4920 5633 5641 5642 5634 
4921 5634 5642 5643 5635 
4922 5635 5643 5644 5636 
4923 5636 5644 1123 1122 
4924 923 924 5645 5637 
4925 5637 5645 5646 5638 
4926 5638 5646 5647 5639 
4927 5639 5647 5648 5640 
4928 5640 5648 5649 5641 
4929 5641 5649 5650 5642 
4930 5642 5650 5651 5643 
4931 5643 5651 5652 5644 
4932 5644 5652 1124 1123 
4933 924 925 5653 5645 
4934 5645 5653 5654 5646 
4935 5646 5654 5655 5647 
4936 5647 5655 5656 5648 
4937 5648 5656 5657 5649 
4938 5649 5657 5658 5650 
4939 5650 5658 5659 5651 
4940 5651 5659 5660 5652 
4941 5652 5660 1125 1124 
4942 925 926 5661 5653 
4943 5653 5661 5662 5654 
4944 5654 5662 5663 5655 
4945 5655 5663 5664 5656 
4946 5656 5664 5665 5657 
4947 5657 5665 5666 5658 
4948 5658 5666 5667 5659 
4949 5659 5667 5668 5660 
4950 5660 5668 1126 1125 
4951 926 927 5669 5661 
4952 5661 5669 5670 5662 
4953 5662 5670 5671 5663 
4954 5663 5671 5672 5664 
4955 5664 5672 5673 5665 
4956 5665 5673 5674 5666 
4957 5666 5674 5675 5667 
4958 5667 5675 5676 5668 
4959 5668 5676 1127 1126 
4960 927 928 5677 5669 
4961 5669 5677 5678 5670 
4962 5670 5678 5679 5671 
4963 5671 5679 5680 5672 
4964 5672 5680 5681 5673 
4965 5673 5681 5682 5674 
4966 5674 5682 5683 5675 
4967 5675 5683 5684 5676 
4968 5676 5684 1128 1127 
4969 928 929 5685 5677 
4970 5677 5685 5686 5678 
4971 5678 5686 5687 5679 
4972 5679 5687 5688 5680 
4973 5680 5688 5689 5681 
4974 5681 5689 5690 5682 
4975 5682 5690 5691 5683 
4976 5683 5691 5692 5684 
4977 5684 5692 1129 1128 
4978 929 930 5693 5685 
4979 5685 5693 5694 5686 
4980 5686 5694 5695 5687 
4981 5687 5695 5696 5688 
4982 5688 5696 5697 5689 
4983 5689 5697 5698 5690 
4984 5690 5698 5699 5691 
4985 5691 5699 5700 5692 
4986 5692 5700 1130 1129 
4987 930 931 5701 5693 
4988 5693 5701 5702 5694 
4989 5694 5702 5703 5695 
4990 5695 5703 5704 5696 
4991 5696 5704 5705 5697 
4992 5697 5705 5706 5698 
4993 5698 5706 5707 5699 
4994 5699 5707 5708 5700 
4995 5700 5708 1131 1130 
4996 931 932 5709 5701 
4997 5701 5709 5710 5702 
4998 5702 5710 5711 5703 
4999 5703 5711 5712 5704 
5000 5704 5712 5713 5705 
5001 5705 5713 5714 5706 
5002 5706 5714 5715 5707 
5003 5707 5715 5716 5708 
5004 5708 5716 1132 1131 
5005 932 933 5717 5709 
5006 5709 5717 5718 5710 
5007 5710 5718 5719 5711 
5008 5711 5719 5720 5712 
5009 5712 5720 5721 5713 
5010 5713 5721 5722 5714 
5011 5714 5722 5723 5715 
5012 5715 5723 5724 5716 
5013 5716 5724 1133 1132 
5014 933 934 5725 5717 
5015 5717 5725 5726 5718 
5016 5718 5726 5727 5719 
5017 5719 5727 5728 5720 
5018 5720 5728 5729 5721 
5019 5721 5729 5730 5722 
5020 5722 5730 5731 5723 
5021 5723 5731 5732 5724 
5022 5724 5732 1134 1133 
5023 934 935 5733 5725 
5024 5725 5733 5734 5726 
5025 5726 5734 5735 5727 
5026 5727 5735 5736 5728 
5027 5728 5736 5737 5729 
5028 5729 5737 5738 5730 
5029 5730 5738 5739 5731 
5030 5731 5739 5740 5732 
5031 5732 5740 1135 1134 
5032 935 4 249 5733 
5033 5733 249 250 5734 
5034 5734 250 251 5735 
5035 5735 251 17 5736 
5036 5736 17 936 5737 
5037 5737 936 937 5738 
5038 5738 937 938 5739 
5039 5739 938 939 5740 
5040 5740 939 5 1135 
2 3 2 4901
5041 6299 6500 6295 
5042 6496 7154 5934 
5043 5850 7011 6962 
5044 6434 7629 7246 
5045 5851 7547 291 
5046 5963 7525 6552 
5047 2579 7444 2578 
5048 6118 7509 2556 
5049 6018 6034 6029 
5050 6053 6058 6054 
5051 7203 7206 7195 
5052 2220 7243 2219 
5053 6639 6669 6627 
5054 6400 6410 6409 
5055 6434 7246 6376 
5056 6026 7557 7520 
5057 6452 6454 6404 
5058 6371 6428 6374 
5059 7175 7263 7010 
5060 6395 6460 6390 
5061 5789 7581 7196 
5062 5880 7574 274 
5063 6900 6907 6008 
5064 6659 7674 6660 
5065 7146 7147 5802 
5066 6166 7555 6813 
5067 7466 7467 6398 
5068 6542 6578 5971 
5069 6881 7072 6684 
5070 6208 6229 6210 
5071 6419 6440 6426 
5072 6756 7709 6615 
5073 6155 7318 7317 
5074 6893 7224 6501 
5075 6684 7072 6879 
5076 6663 6878 6797 
5077 2192 5836 2191 
5078 6542 7525 5969 
5079 6386 7288 7287 
5080 6007 6925 6508 
5081 6010 7554 5867 
5082 6380 6438 6382 
5083 285 7610 5848 
5084 2190 5836 2189 
5085 6222 7502 5923 
5086 6082 6165 6164 
5087 5771 6922 6871 
5088 6384 6520 6385 
5089 6105 7497 6351 
5090 6074 6166 6078 
5091 6078 6098 6082 
5092 6333 6458 5905 
5093 6230 6277 6272 
5094 7025 7132 6971 
5095 6072 6167 6074 
5096 6374 6434 6376 
5097 6615 6634 6618 
5098 6974 6975 6970 
5099 5749 6542 6541 
5100 5902 7383 7373 
5101 5853 7513 279 
5102 6808 6817 5802 
5103 6331 7582 6188 
5104 2556 7509 7460 
5105 6226 7381 7376 
5106 7364 7382 7365 
5107 6497 6585 6095 
5108 6401 7456 7452 
5109 7466 7675 6397 
5110 6983 7023 6959 
5111 6690 6945 6944 
5112 7010 7263 7171 
5113 6179 6527 5997 
5114 6223 7233 6204 
5115 5954 6000 5964 
5116 6128 6136 5860 
5117 6992 7036 6993 
5118 7292 7293 5792 
5119 5883 7434 295 
5120 6920 7722 6652 
5121 5848 7534 285 
5122 6114 7161 6494 
5123 6097 6566 6559 
5124 6475 6479 6477 
5125 6212 6241 6217 
5126 6600 6698 6630 
5127 6663 6915 6878 
5128 6615 6618 6611 
5129 7302 7329 7214 
5130 5881 6293 6291 
5131 294 6486 5843 
5132 5879 6598 6595 
5133 7339 7345 6200 
5134 5816 6564 6544 
5135 6578 7632 5750 
5136 6225 7350 7241 
5137 5988 6340 5906 
5138 291 7547 5870 
5139 6943 7164 7038 
5140 6984 7663 7536 
5141 6652 6655 6649 
5142 6982 7018 7017 
5143 2596 7656 2595 
5144 7024 7100 6966 
5145 6779 7591 7523 
5146 6241 6270 6242 
5147 2572 7506 2571 
5148 7186 7275 7196 
5149 6379 7545 6380 
5150 6556 6584 5977 
5151 5884 6486 294 
5152 6979 6988 6977 
5153 6675 6684 6672 
5154 6272 6275 6241 
5155 2189 5747 2188 
5156 5755 6743 6540 
5157 7002 7181 7180 
5158 5850 7663 7011 
5159 5856 7639 5967 
5160 5837 7542 287 
5161 6380 6382 6381 
5162 5897 5944 5904 
5163 2187 5747 2186 
5164 7468 7705 6398 
5165 6391 6399 6396 
5166 5747 6465 2186 
5167 5854 6700 277 
5168 6385 6520 6436 
5169 6796 7393 7123 
5170 6645 6662 6651 
5171 6182 6189 6183 
5172 5961 5965 5958 
5173 290 6171 5849 
5174 6651 6661 6650 
5175 5843 7554 293 
5176 6031 6328 6003 
5177 7132 7226 6971 
5178 6382 6446 6384 
5179 6028 7404 6017 
5180 6448 6543 6438 
5181 6125 6461 6316 
5182 6140 7313 6143 
5183 7223 7224 6893 
5184 6170 7684 6093 
5185 6382 6384 6383 
5186 6229 7110 7109 
5187 6649 6657 6647 
5188 7042 7084 6950 
5189 6008 6935 6900 
5190 6849 7735 6649 
5191 7270 7271 6892 
5192 6036 6504 6040 
5193 5792 7293 7213 
5194 5866 7398 292 
5195 6124 6893 6501 
5196 7018 7026 5783 
5197 5968 7518 5955 
5198 5970 6542 5969 
5199 5752 7488 6577 
5200 6058 6097 6059 
5201 1970 6758 1971 
5202 6294 7798 6293 
5203 5849 7562 289 
5204 7022 7134 7021 
5205 6849 6938 6848 
5206 6679 7636 6927 
5207 292 7398 5851 
5208 6605 7602 6604 
5209 6546 6732 5816 
5210 6219 6246 6221 
5211 6368 6860 6370 
5212 6607 7417 6785 
5213 5875 6673 6671 
5214 7022 7251 7134 
5215 6749 6750 6622 
5216 6881 7081 6880 
5217 277 6700 5878 
5218 6888 7112 6887 
5219 5753 7733 6705 
5220 5755 7477 6742 
5221 6877 7269 7180 
5222 276 7437 5855 
5223 282 7576 5852 
5224 7210 7215 7208 
5225 6431 7447 7446 
5226 5852 7577 281 
5227 6622 7478 6773 
5228 6875 7187 7002 
5229 5759 6782 6698 
5230 5778 7662 7095 
5231 5758 7412 6754 
5232 6003 7677 6031 
5233 5982 7733 6709 
5234 7220 7551 5782 
5235 6660 6667 6654 
5236 6889 6928 5774 
5237 5760 6784 6734 
5238 7261 7544 6991 
5239 6818 7438 6569 
5240 6612 6793 6739 
5241 6644 6670 6641 
5242 6166 6813 6078 
5243 6878 6915 6643 
5244 6827 6842 5820 
5245 6364 7145 7144 
5246 6800 7763 6354 
5247 6863 7400 6079 
5248 6654 6664 6652 
5249 6914 7642 5767 
5250 7175 7261 7174 
5251 6061 6071 6065 
5252 6511 7064 6319 
5253 6150 7315 7312 
5254 6155 7317 7315 
5255 6641 6663 6639 
5256 5873 7750 6688 
5257 6811 7356 5763 
5258 2075 7026 2076 
5259 6647 6666 6644 
5260 5754 7775 6738 
5261 295 7434 5884 
5262 5766 6867 6797 
5263 6646 7646 6917 
5264 6734 7417 6787 
5265 5961 6177 5965 
5266 6258 7154 6830 
5267 5768 6896 6895 
5268 7114 7636 5775 
5269 6658 6896 6828 
5270 7324 7325 7310 
5271 6062 7438 6746 
5272 5867 7554 5990 
5273 6027 6802 6790 
5274 5855 7595 275 
5275 274 7574 5856 
5276 7119 7123 6264 
5277 5865 7361 6090 
5278 6344 7087 7077 
5279 7500 7506 6422 
5280 7063 7395 6751 
5281 5864 7423 288 
5282 7046 7552 6285 
5283 6304 6308 6307 
5284 6791 6867 6866 
5285 7310 7539 7354 
5286 6232 6255 6234 
5287 7195 7197 7190 
5288 6759 7086 5824 
5289 6836 6883 6882 
5290 279 7513 5876 
5291 6752 7401 6102 
5292 6957 7758 7078 
5293 7303 7326 7311 
5294 5773 7072 6881 
5295 5771 7065 6922 
5296 6397 7465 7463 
5297 7148 7440 6113 
5298 6623 6756 6615 
5299 288 7423 5837 
5300 6136 6140 6137 
5301 6777 6781 6778 
5302 6674 7081 6888 
5303 7467 7468 6398 
5304 5944 5945 5904 
5305 6967 6985 6964 
5306 7176 7261 7175 
5307 6861 7756 6628 
5308 6896 7646 6666 
5309 6923 6924 6481 
5310 5926 7493 7249 
5311 6555 7802 6056 
5312 6952 7124 7049 
5313 7252 7253 6148 
5314 5819 7649 6818 
5315 7044 7063 6127 
5316 6126 7054 7043 
5317 6911 7067 5801 
5318 7209 7210 7208 
5319 7370 7672 7376 
5320 7242 7243 6224 
5321 5817 7802 6735 
5322 6901 6902 5803 
5323 6968 7217 7120 
5324 6245 6260 6249 
5325 6801 7529 6066 
5326 6320 7054 7053 
5327 7059 7347 6392 
5328 6679 7099 6928 
5329 5876 6633 278 
5330 6786 7625 6581 
5331 6865 7770 5765 
5332 5868 7536 284 
5333 6841 6842 6168 
5334 5823 7395 7075 
5335 6237 6262 6239 
5336 5792 7397 7256 
5337 5781 7219 7103 
5338 6812 6813 6077 
5339 6980 7258 7171 
5340 6389 7734 6391 
5341 5942 7123 7119 
5342 7178 7183 7179 
5343 6025 6855 6854 
5344 5969 6530 5961 
5345 6892 7246 6123 
5346 6269 7046 6285 
5347 6797 6867 6663 
5348 6037 6707 6563 
5349 7118 7119 6261 
5350 6852 7747 6851 
5351 6966 7172 7101 
5352 6239 6263 6245 
5353 284 7536 5850 
5354 6034 6513 6035 
5355 6799 7116 6108 
5356 5786 7263 7175 
5357 6327 6330 6326 
5358 6439 7073 6523 
5359 7127 7217 7216 
5360 7248 7629 6837 
5361 6376 6445 6406 
5362 6445 7246 6892 
5363 6400 7484 6410 
5364 6673 6677 6676 
5365 6266 7732 7336 
5366 6112 7686 7148 
5367 6364 6447 6365 
5368 7094 7689 5825 
5369 7169 7170 6216 
5370 6826 7161 6114 
5371 6481 6898 6897 
5372 2051 7051 2052 
5373 7090 7091 5844 
5374 6078 6813 6098 
5375 5869 7036 6992 
5376 7213 7397 5792 
5377 5979 6570 6485 
5378 6114 7686 7152 
5379 5810 6776 6574 
5380 6276 7249 7091 
5381 6002 6172 5973 
5382 6521 7295 6135 
5383 6678 6695 6675 
5384 7542 7573 5860 
5385 2184 5835 5744 
5386 7266 7691 7008 
5387 7085 7086 6320 
5388 6985 7024 6986 
5389 7079 7401 6319 
5390 7262 7793 5785 
5391 6289 7488 5752 
5392 7076 7077 6752 
5393 5995 7518 5968 
5394 6928 6937 5774 
5395 7345 7352 6200 
5396 288 5837 287 
5397 6134 7514 7294 
5398 7168 7758 5780 
5399 6050 6733 6546 
5400 6376 7246 6445 
5401 7232 7339 7230 
5402 5850 7013 283 
5403 6480 6898 6481 
5404 5862 7432 7333 
5405 294 5843 293 
5406 6216 7170 6467 
5407 6394 7432 7289 
5408 6341 6511 6319 
5409 6249 7394 6251 
5410 6301 7775 5754 
5411 7310 7325 7309 
5412 6332 7573 7542 
5413 6616 6623 6615 
5414 7101 7126 5781 
5415 6386 7287 7286 
5416 7019 7220 7100 
5417 7365 7382 7363 
5418 6216 7200 7199 
5419 6517 7601 5811 
5420 6251 6278 6253 
5421 6250 7685 6248 
5422 6951 7042 6950 
5423 5987 7620 299 
5424 7140 7331 5863 
5425 2186 6465 5835 
5426 6257 6496 6255 
5427 295 5884 294 
5428 6053 6096 6058 
5429 6253 6280 6269 
5430 283 7013 5872 
5431 5914 7564 7379 
5432 6273 6467 6246 
5433 6191 6194 6193 
5434 7218 7792 6214 
5435 6269 6285 6282 
5436 7245 7246 6435 
5437 6222 6526 6207 
5438 6211 7502 6222 
5439 290 5849 289 
5440 284 5850 283 
5441 6282 6287 6284 
5442 6243 7502 6218 
5443 5873 6688 6687 
5444 7144 7760 6447 
5445 5993 7518 5798 
5446 292 5851 291 
5447 7194 7805 6153 
5448 6998 7007 6994 
5449 5924 7531 6884 
5450 282 5852 281 
5451 6365 6368 6367 
5452 6959 7023 6956 
5453 6319 7401 6341 
5454 6280 7046 6269 
5455 6010 7638 7554 
5456 6739 6793 6629 
5457 6067 6497 6095 
5458 6580 6762 6259 
5459 6136 7487 6138 
5460 6622 6750 6596 
5461 280 5853 279 
5462 6069 6547 6525 
5463 7554 7751 5990 
5464 6136 6137 5860 
5465 6317 7054 6320 
5466 6458 7413 5905 
5467 278 5854 277 
5468 6557 6571 6549 
5469 6997 7267 7035 
5470 6158 7189 6157 
5471 6265 7111 6288 
5472 6246 6338 6247 
5473 5870 6171 290 
5474 6157 7713 6158 
5475 6103 7645 6104 
5476 6729 7046 7045 
5477 276 5855 275 
5478 7509 7549 7460 
5479 7455 7459 7458 
5480 6624 6702 6623 
5481 5900 6340 5903 
5482 6614 6615 6611 
5483 274 5856 273 
5484 6399 7471 6405 
5485 6342 7401 6752 
5486 5754 6706 6301 
5487 7363 7382 6196 
5488 6629 6794 6739 
5489 6150 7666 7315 
5490 6151 6162 6161 
5491 5902 7373 7372 
5492 6752 7077 6342 
5493 5973 6172 5970 
5494 6655 6849 6649 
5495 6544 6586 6056 
5496 6129 7487 6136 
5497 6580 7162 6256 
5498 7453 7796 6401 
5499 7449 7500 6421 
5500 7204 7205 7203 
5501 6719 6724 6721 
5502 6530 7525 5963 
5503 6824 7531 7225 
5504 6600 6630 6597 
5505 7450 7452 7451 
5506 6884 7493 7166 
5507 6647 6896 6666 
5508 6317 7086 6318 
5509 6627 6637 6624 
5510 7242 7353 6225 
5511 5881 6294 6293 
5512 2578 7444 6117 
5513 6223 7234 7233 
5514 5918 7813 7359 
5515 6768 7732 7281 
5516 7456 7618 6418 
5517 5856 7524 273 
5518 6095 6498 6067 
5519 5859 7610 286 
5520 6515 7787 6030 
5521 6468 6469 5857 
5522 6638 6639 6627 
5523 6228 7811 7233 
5524 5897 5904 5899 
5525 6544 6545 5816 
5526 7120 7217 7017 
5527 6985 6986 6964 
5528 7236 7241 7234 
5529 6513 6517 5811 
5530 5886 6469 6468 
5531 6197 7363 7362 
5532 6807 6817 6808 
5533 6884 7531 6271 
5534 6329 7568 5905 
5535 5875 6671 6659 
5536 5752 6502 6289 
5537 6097 6559 6186 
5538 7017 7121 7120 
5539 6989 7020 6988 
5540 6236 7584 6233 
5541 6329 6337 5826 
5542 6374 6376 6375 
5543 6990 7010 6989 
5544 6053 6054 6052 
5545 6454 7056 6455 
5546 6297 6705 6292 
5547 278 6633 5854 
5548 6546 6572 6050 
5549 6371 6501 6428 
5550 5763 7356 6634 
5551 6606 6608 6605 
5552 6335 7404 6028 
5553 7062 7471 6399 
5554 6067 7346 6068 
5555 2595 7656 6131 
5556 6190 7490 6189 
5557 6071 7637 6065 
5558 6255 6580 6259 
5559 6672 7609 6872 
5560 6995 6998 6994 
5561 6394 7082 6521 
5562 6444 7145 6364 
5563 6320 7086 6317 
5564 6041 6067 6045 
5565 6692 6693 6682 
5566 6135 7098 6519 
5567 6377 7545 6379 
5568 280 7541 5853 
5569 6034 6035 6029 
5570 6467 7200 6216 
5571 6449 7294 6543 
5572 6611 7699 6609 
5573 1884 5947 1883 
5574 6982 7017 7015 
5575 6596 6750 6592 
5576 6175 6176 5927 
5577 6036 6040 6039 
5578 6450 6452 6404 
5579 7029 7051 5779 
5580 6657 6896 6647 
5581 6298 6299 6295 
5582 6150 7312 7308 
5583 1883 5986 1882 
5584 5939 7677 6003 
5585 285 7534 5868 
5586 301 6001 5799 
5587 6495 7489 7381 
5588 6385 6433 6389 
5589 6415 7390 6536 
5590 7019 7100 7024 
5591 5906 6340 5900 
5592 6778 7522 6780 
5593 6256 6762 6580 
5594 6533 6539 6534 
5595 6000 7442 5964 
5596 6040 6524 6041 
5597 7195 7206 7197 
5598 2189 6463 5747 
5599 5779 7050 7029 
5600 6673 6675 6672 
5601 5881 7595 7441 
5602 6664 6920 6652 
5603 6241 6242 6217 
5604 6376 6406 6377 
5605 6604 7602 6601 
5606 5994 7574 5880 
5607 5836 6463 2189 
5608 5940 6254 6248 
5609 7091 7249 6275 
5610 5884 6340 5988 
5611 6697 6774 5759 
5612 7003 7010 6990 
5613 6229 7704 6210 
5614 7194 7195 7190 
5615 6479 6898 6480 
5616 6719 6721 6024 
5617 6065 7637 6072 
5618 6675 6881 6684 
5619 5813 6585 6497 
5620 5781 7102 7101 
5621 6845 6846 6303 
5622 5878 7437 276 
5623 6883 7642 6670 
5624 6052 7659 6053 
5625 5783 7121 7018 
5626 6644 6883 6670 
5627 6677 7508 6676 
5628 7370 7376 7371 
5629 6082 6164 6083 
5630 5955 7518 5957 
5631 6410 7694 6409 
5632 6047 7435 6049 
5633 6905 6908 5804 
5634 6078 6082 6080 
5635 6360 6364 6362 
5636 6363 7399 6111 
5637 6892 7271 6445 
5638 5759 6698 6697 
5639 5749 7525 6542 
5640 6074 6078 6075 
5641 6018 6029 6028 
5642 6641 6915 6663 
5643 6535 6537 6536 
5644 7014 7662 5778 
5645 7123 7393 6264 
5646 6182 6183 6181 
5647 6834 7768 6835 
5648 6072 6074 6073 
5649 6481 6924 6480 
5650 5967 7524 5856 
5651 6596 7478 6622 
5652 5965 6000 5956 
5653 6956 7000 6954 
5654 6152 7713 6157 
5655 5978 6485 5976 
5656 6652 7722 6655 
5657 6178 6504 6036 
5658 7546 7641 7583 
5659 7009 7183 7178 
5660 6690 7750 6947 
5661 6101 7645 6103 
5662 6574 7591 6575 
5663 5933 7584 7537 
5664 7029 7050 7000 
5665 6974 7766 6975 
5666 6024 7594 6720 
5667 6370 6501 6371 
5668 6048 7548 6046 
5669 5934 6580 6496 
5670 7171 7258 7010 
5671 6987 7134 7130 
5672 6212 6272 6241 
5673 5964 6330 6327 
5674 6329 6468 6337 
5675 6224 7243 2220 
5676 6175 7403 6176 
5677 6404 7738 7734 
5678 7021 7262 7022 
5679 7523 7591 6030 
5680 6654 6922 6664 
5681 6058 6059 6054 
5682 6371 6374 6373 
5683 6384 6521 6520 
5684 6233 7505 6231 
5685 6242 6825 6766 
5686 6676 6678 6675 
5687 289 5864 288 
5688 6208 7231 6229 
5689 287 5859 286 
5690 6681 6889 6678 
5691 5981 6289 5978 
5692 5945 6473 5946 
5693 5961 6530 6177 
5694 5889 6329 5905 
5695 293 5866 292 
5696 7249 7493 6275 
5697 6185 7491 7431 
5698 7238 7240 7236 
5699 5944 5983 5945 
5700 285 5868 284 
5701 6767 7200 6273 
5702 291 5870 290 
5703 6194 6528 6466 
5704 6219 6273 6246 
5705 283 5872 282 
5706 6620 6697 6600 
5707 6695 7081 6881 
5708 6734 6784 6636 
5709 6281 6283 6031 
5710 7309 7539 7310 
5711 6093 7669 6170 
5712 281 5874 280 
5713 6428 7481 6374 
5714 6519 6520 6135 
5715 6398 7676 7466 
5716 6993 7807 6990 
5717 289 7562 5864 
5718 6312 7063 7044 
5719 7307 7326 7303 
5720 6705 7733 6292 
5721 5997 6180 6179 
5722 5798 7518 5995 
5723 279 5876 278 
5724 6318 6341 6322 
5725 6148 7253 7215 
5726 7129 7133 6987 
5727 6302 7400 6863 
5728 277 5878 276 
5729 287 7542 5859 
5730 6352 6800 6354 
5731 7452 7453 6401 
5732 7612 7758 6957 
5733 5872 7576 282 
5734 6475 6477 6476 
5735 275 5880 274 
5736 293 7554 5866 
5737 6971 7615 7025 
5738 5795 7442 6483 
5739 281 7577 5874 
5740 6954 7014 6951 
5741 6828 6896 6657 
5742 6813 7720 6098 
5743 6688 6692 6682 
5744 5966 7518 5993 
5745 7001 7597 6875 
5746 6649 7735 6657 
5747 6818 7649 6488 
5748 275 7595 5880 
5749 6504 6587 6554 
5750 6384 6522 6521 
5751 5948 5985 5858 
5752 6483 7442 6484 
5753 7035 7267 7037 
5754 5774 7112 6889 
5755 6669 7756 6862 
5756 6143 7313 7306 
5757 7376 7672 6226 
5758 6318 7086 6511 
5759 7214 7397 7213 
5760 6061 6094 6071 
5761 6601 6620 6600 
5762 7536 7663 5850 
5763 7212 7213 7210 
5764 7058 7059 6455 
5765 6094 6487 6071 
5766 6038 6335 6028 
5767 6714 6716 6715 
5768 6992 7532 5869 
5769 6889 7112 6888 
5770 6614 6616 6615 
5771 6802 7726 6790 
5772 5947 5948 5858 
5773 6663 6867 6639 
5774 6026 7600 7557 
5775 6556 7632 6584 
5776 6436 6518 6433 
5777 6982 7025 7018 
5778 5755 6540 6500 
5779 5964 6327 5952 
5780 5921 6173 5911 
5781 2194 6532 5743 
5782 5923 7503 6222 
5783 5933 7505 6233 
5784 6495 7381 6226 
5785 7195 7204 7203 
5786 6385 6436 6433 
5787 6785 7417 6635 
5788 5965 6484 6000 
5789 6024 6720 6719 
5790 6979 6989 6988 
5791 7318 7319 7317 
5792 6948 6950 6945 
5793 6115 7583 6120 
5794 7015 7016 6985 
5795 6466 7682 6194 
5796 7301 7329 7302 
5797 6482 6900 6479 
5798 6659 6660 6654 
5799 6640 6641 6639 
5800 6666 6883 6644 
5801 6653 6654 6652 
5802 6999 7009 6998 
5803 6650 6652 6649 
5804 5975 5976 5973 
5805 6511 7086 6759 
5806 6648 6649 6647 
5807 6153 7207 7194 
5808 6642 6644 6641 
5809 6181 6183 5929 
5810 6645 6647 6644 
5811 6187 6336 6180 
5812 5956 6000 5954 
5813 7208 7707 7204 
5814 6017 7404 6014 
5815 6232 6257 6255 
5816 6109 7586 6110 
5817 6978 6979 6977 
5818 6433 6451 6450 
5819 5889 5905 5891 
5820 6608 6635 6605 
5821 7044 7054 6313 
5822 6545 6546 5816 
5823 6806 7360 6815 
5824 6246 6247 6221 
5825 7309 7325 7307 
5826 6348 6456 6352 
5827 5946 6492 6175 
5828 6399 7773 6396 
5829 6655 6938 6849 
5830 6316 7528 6125 
5831 6671 7674 6659 
5832 7322 7323 7321 
5833 6618 7699 6611 
5834 6888 7081 6695 
5835 7304 7422 6154 
5836 6508 6925 6908 
5837 5962 5969 5961 
5838 7215 7255 6148 
5839 6313 7054 6317 
5840 7186 7196 7185 
5841 5904 6174 5899 
5842 5910 7762 7526 
5843 5945 5946 5904 
5844 6323 6324 5983 
5845 6110 7583 6115 
5846 5877 6638 6626 
5847 6172 6578 6542 
5848 5764 6758 1970 
5849 5899 7540 5901 
5850 6188 7582 6191 
5851 7488 7733 5982 
5852 6041 6497 6067 
5853 6233 7584 5933 
5854 6680 6681 6678 
5855 6313 6317 6315 
5856 6312 7395 7063 
5857 6609 6629 6608 
5858 7294 7514 6543 
5859 7005 7025 6982 
5860 6574 6776 6516 
5861 6746 7438 6487 
5862 6150 7313 6140 
5863 6431 7446 6419 
5864 5875 6677 6673 
5865 5905 7568 6333 
5866 7241 7242 6225 
5867 5960 5961 5958 
5868 6303 7809 6089 
5869 6104 7586 6109 
5870 5852 7408 6677 
5871 6354 6493 6355 
5872 5901 7762 5907 
5873 6096 6531 6058 
5874 6721 6725 6723 
5875 6567 7802 5817 
5876 6352 6354 6353 
5877 7446 7449 7445 
5878 6005 7396 6475 
5879 7344 7492 7342 
5880 6140 6143 6137 
5881 7180 7183 7002 
5882 5866 7638 6043 
5883 6380 6381 6379 
5884 6494 7686 6114 
5885 6634 7709 5763 
5886 7034 7164 6943 
5887 6485 6502 5979 
5888 5944 6323 5983 
5889 6962 7013 5850 
5890 6384 6385 6383 
5891 6454 7057 7056 
5892 7685 7714 5940 
5893 6068 7607 6045 
5894 6427 7452 7450 
5895 6698 6782 6602 
5896 6419 6426 6420 
5897 5965 7558 6484 
5898 6670 6915 6641 
5899 6230 6288 6277 
5900 6267 6816 6262 
5901 6682 6701 6681 
5902 5758 7478 7412 
5903 6932 6934 6933 
5904 6422 7506 2572 
5905 7111 7732 6288 
5906 5984 7543 6323 
5907 5923 7502 6243 
5908 6364 7144 6447 
5909 5765 7770 6862 
5910 6015 7523 6030 
5911 6334 6335 6038 
5912 7212 7422 7214 
5913 6304 6307 6306 
5914 6940 7739 6931 
5915 6604 6606 6605 
5916 6659 6661 5875 
5917 5930 6173 5921 
5918 6245 6808 6260 
5919 7176 7544 7261 
5920 6323 7543 6324 
5921 7403 7679 6176 
5922 6507 7688 6747 
5923 6046 7548 5871 
5924 5783 7026 2075 
5925 6049 7659 6052 
5926 5947 5986 1883 
5927 6791 7756 6867 
5928 6067 6068 6045 
5929 6327 7664 5952 
5930 6410 7484 7462 
5931 6174 6175 5927 
5932 6001 6507 5799 
5933 6836 7642 6883 
5934 5915 6464 6463 
5935 6153 7209 7208 
5936 6780 7726 6802 
5937 6172 7632 6578 
5938 6883 7646 6646 
5939 7392 7511 7317 
5940 6271 7493 6884 
5941 5768 7646 6896 
5942 6312 7044 6313 
5943 6013 7600 6014 
5944 6003 7626 5867 
5945 6208 6210 6209 
5946 6915 7642 6914 
5947 5990 6003 5867 
5948 7465 7549 7463 
5949 6827 7555 6842 
5950 6862 7756 6861 
5951 5958 5965 5956 
5952 7399 7586 6111 
5953 6961 7754 6959 
5954 6599 6600 6597 
5955 5775 7636 6940 
5956 7119 7147 6261 
5957 6364 6365 6362 
5958 6521 6522 6394 
5959 6221 7433 6231 
5960 6154 7422 7212 
5961 7023 7029 7000 
5962 299 7620 5797 
5963 5969 7525 6530 
5964 6724 6856 6721 
5965 5877 6640 6638 
5966 6476 7779 7626 
5967 6212 6217 6213 
5968 6636 6784 6620 
5969 6482 6907 6900 
5970 5934 7162 6580 
5971 7035 7184 6997 
5972 6348 6352 6350 
5973 6185 7431 6457 
5974 6987 7133 6975 
5975 5781 7103 7102 
5976 6219 6221 6220 
5977 6040 6041 6039 
5978 6303 7812 6164 
5979 7365 7383 7364 
5980 6547 6548 6525 
5981 6382 6383 6381 
5982 6177 7558 5965 
5983 6012 7594 6013 
5984 6217 7428 6218 
5985 6059 7635 6060 
5986 7371 7373 7369 
5987 7087 7494 7077 
5988 7317 7655 7316 
5989 6232 6234 6233 
5990 6639 6867 6669 
5991 7127 7551 7217 
5992 6969 7622 6967 
5993 6813 7555 6077 
5994 5802 7147 6808 
5995 5913 7640 7503 
5996 6479 6480 6477 
5997 6512 7097 6106 
5998 6014 7600 6015 
5999 6237 6239 6238 
6000 6292 6706 6297 
6001 5780 7758 7482 
6002 7529 7625 6066 
6003 7131 7133 7129 
6004 6210 7416 6211 
6005 6090 7648 5865 
6006 7196 7647 6876 
6007 6239 6245 6244 
6008 286 7610 285 
6009 6707 7785 6563 
6010 6635 7479 6785 
6011 301 5799 300 
6012 6842 7529 6168 
6013 7330 7397 7214 
6014 5891 5984 5893 
6015 6979 6992 6990 
6016 7625 7649 6581 
6017 6520 6521 6135 
6018 6255 6259 6234 
6019 5764 6757 6702 
6020 6245 6249 6248 
6021 7124 7662 7049 
6022 7425 7631 7483 
6023 6249 6251 6250 
6024 7544 7691 7266 
6025 6260 7119 6264 
6026 6147 7805 6151 
6027 7002 7182 7181 
6028 6636 7417 6734 
6029 6690 6947 6945 
6030 5779 7051 2051 
6031 6025 7747 6855 
6032 6725 7418 6726 
6033 7463 7466 6397 
6034 6251 6253 6252 
6035 6045 7607 6047 
6036 5905 5984 5891 
6037 6992 6993 6990 
6038 5777 7164 7034 
6039 7418 7747 6852 
6040 7019 7024 6985 
6041 6497 6524 5813 
6042 6729 7552 7046 
6043 6595 6596 6592 
6044 6231 7505 6220 
6045 7622 7725 6982 
6046 6253 6269 6268 
6047 5867 7626 6004 
6048 6154 7781 7767 
6049 5825 7689 7494 
6050 7411 7732 6768 
6051 6967 7015 6985 
6052 6474 7396 6005 
6053 6269 6282 6281 
6054 6530 7678 6177 
6055 6476 7626 6005 
6056 5954 5964 5952 
6057 6282 6284 6283 
6058 6400 6409 6408 
6059 7376 7379 7378 
6060 6767 7617 6765 
6061 6120 7740 6128 
6062 6231 7433 6232 
6063 6902 7552 5803 
6064 6825 7531 6824 
6065 6092 7361 6505 
6066 6669 6862 6627 
6067 6030 7538 6515 
6068 7713 7805 7194 
6069 6500 7477 5755 
6070 7043 7054 7044 
6071 6403 7561 7470 
6072 6360 6444 6364 
6073 6531 6544 6056 
6074 5950 5985 5948 
6075 7075 7395 7348 
6076 6689 7750 5873 
6077 6778 6781 6576 
6078 6044 6046 5871 
6079 6613 6633 6632 
6080 7232 7345 7339 
6081 6626 6627 6624 
6082 6138 7666 6140 
6083 7000 7012 6954 
6084 6912 7067 6911 
6085 6672 6872 6686 
6086 5879 7439 6298 
6087 7446 7500 7449 
6088 7546 7583 6122 
6089 303 5833 302 
6090 5995 7517 5827 
6091 7091 7411 5844 
6092 6229 7231 7110 
6093 6324 7654 5983 
6094 6214 7792 7170 
6095 6218 7428 6219 
6096 6571 6572 6549 
6097 6380 6448 6438 
6098 6194 7582 6528 
6099 5964 7442 6330 
6100 6478 6718 6020 
6101 6966 7101 7024 
6102 6662 6696 5853 
6103 5946 6175 6174 
6104 7333 7432 6523 
6105 6876 7703 7196 
6106 299 5797 298 
6107 6799 7777 7116 
6108 6211 7416 6212 
6109 6702 6758 5764 
6110 6061 6065 6064 
6111 7161 7769 6494 
6112 7180 7181 6877 
6113 6018 6515 6034 
6114 7019 7551 7220 
6115 6908 6925 5804 
6116 7319 7392 7317 
6117 6247 6771 6770 
6118 6204 7771 6223 
6119 6284 6509 6474 
6120 6303 7737 6845 
6121 6626 6631 5877 
6122 6365 6367 6366 
6123 6616 6624 6623 
6124 6679 6928 6701 
6125 6011 7594 6012 
6126 6765 7617 6766 
6127 7308 7309 7307 
6128 6479 6900 6899 
6129 6433 7140 6451 
6130 302 6001 301 
6131 6822 6860 6368 
6132 6395 7799 6460 
6133 7336 7732 7111 
6134 6427 7454 7452 
6135 7012 7014 6954 
6136 5931 7714 5938 
6137 6111 6490 6361 
6138 6837 7629 6838 
6139 6303 6846 6311 
6140 6701 7636 6679 
6141 6808 7147 6260 
6142 6469 7696 5857 
6143 6613 7670 6633 
6144 6140 7666 6150 
6145 5812 6587 6504 
6146 7209 7212 7210 
6147 5975 5978 5976 
6148 6715 6716 6478 
6149 6684 7609 6672 
6150 7246 7629 6435 
6151 6467 7170 6246 
6152 7448 7499 7447 
6153 7237 7238 7236 
6154 6268 6281 6031 
6155 7305 7313 7308 
6156 304 5886 303 
6157 6223 7236 7234 
6158 5912 7590 5921 
6159 6107 7097 6512 
6160 7148 7686 6493 
6161 7500 7613 6421 
6162 6154 7767 7306 
6163 7677 7714 7685 
6164 303 5886 5833 
6165 7311 7326 6142 
6166 6493 7440 7148 
6167 6508 6909 6007 
6168 6487 7496 6746 
6169 6035 6178 6036 
6170 7566 7641 6133 
6171 6099 7648 6090 
6172 6879 7609 6684 
6173 6060 7635 6061 
6174 6693 6701 6682 
6175 6422 7613 7500 
6176 6993 6995 6994 
6177 6517 7742 6019 
6178 6355 7769 6356 
6179 6302 7737 6303 
6180 6543 7138 6449 
6181 6392 7060 7059 
6182 7182 7185 7181 
6183 1889 5798 1888 
6184 6863 7737 6302 
6185 6405 7484 6400 
6186 6085 6847 6846 
6187 6626 6638 6627 
6188 6518 7331 7140 
6189 7181 7272 6877 
6190 5939 6003 5990 
6191 6161 6162 5859 
6192 7504 7505 5933 
6193 6042 6582 6524 
6194 5886 5887 5833 
6195 5921 7590 5922 
6196 6097 6186 6059 
6197 6392 7349 7060 
6198 1887 5827 1886 
6199 7056 7058 6455 
6200 7350 7492 7241 
6201 5976 6002 5973 
6202 5778 7791 7014 
6203 6006 6909 6903 
6204 5875 7577 6677 
6205 7461 7509 7459 
6206 6010 7680 6011 
6207 1885 5834 1884 
6208 7205 7254 5791 
6209 6246 7170 6338 
6210 6615 7709 6634 
6211 7003 7175 7010 
6212 6032 7047 6913 
6213 6426 7443 6536 
6214 6430 7661 7461 
6215 1888 5995 1887 
6216 6987 7130 7129 
6217 6970 7622 6969 
6218 6004 7680 6010 
6219 6721 6723 6024 
6220 7452 7456 7451 
6221 6351 7498 6105 
6222 6965 6967 6964 
6223 6368 6370 6367 
6224 6223 7771 7237 
6225 6338 7792 6771 
6226 7754 7755 6963 
6227 5984 6323 5893 
6228 7193 7274 7198 
6229 6427 7450 6416 
6230 6640 6696 6642 
6231 5936 7474 6495 
6232 6994 7176 7003 
6233 7470 7509 6118 
6234 6157 7597 6873 
6235 5841 6860 6822 
6236 6317 6318 6315 
6237 7233 7795 7232 
6238 5886 6468 5887 
6239 7408 7576 5873 
6240 7057 7288 6453 
6241 6265 6288 6230 
6242 5980 5981 5978 
6243 6518 7140 6433 
6244 6839 7481 7224 
6245 5751 7512 6570 
6246 6152 6157 6156 
6247 6415 7444 2579 
6248 6131 7656 7655 
6249 6050 6572 6571 
6250 6475 6482 6479 
6251 6998 7037 7007 
6252 7061 7570 7519 
6253 6151 7805 6152 
6254 7537 7727 5933 
6255 5952 7664 5950 
6256 6973 6974 6970 
6257 5798 5995 1888 
6258 6347 6512 6348 
6259 5761 7479 6792 
6260 2155 7696 22 
6261 5873 7576 7031 
6262 6507 6747 5799 
6263 6695 6881 6675 
6264 7021 7793 7262 
6265 5834 5947 1884 
6266 6799 6800 6352 
6267 5811 6562 6513 
6268 6961 7755 7754 
6269 6855 7747 6725 
6270 6951 7791 7042 
6271 304 6469 5886 
6272 6191 6193 6192 
6273 6657 7735 6828 
6274 6272 7416 6230 
6275 6197 7813 7363 
6276 6228 7232 7230 
6277 7341 7492 5885 
6278 6198 7772 6199 
6279 6488 7438 6818 
6280 6662 6694 6651 
6281 6172 6542 5970 
6282 6524 6582 5813 
6283 6869 7665 6686 
6284 5960 5962 5961 
6285 6785 7479 5761 
6286 6830 7154 6496 
6287 6746 7496 6063 
6288 6635 7417 6636 
6289 6430 7459 7455 
6290 5890 6507 5888 
6291 7230 7231 6228 
6292 5787 7264 7037 
6293 6361 6363 6111 
6294 7371 7374 7373 
6295 6484 7442 6000 
6296 7331 7741 6437 
6297 6629 6793 6608 
6298 6120 6128 6115 
6299 7538 7591 6574 
6300 7243 7614 2219 
6301 6651 7421 6661 
6302 6184 7730 5832 
6303 5938 7714 5939 
6304 7179 7183 7180 
6305 300 5987 299 
6306 1887 5995 5827 
6307 5752 6708 6502 
6308 6692 6940 6693 
6309 7358 7569 7239 
6310 5857 7696 2155 
6311 1892 5986 5858 
6312 6873 7597 6874 
6313 6158 7194 7190 
6314 6536 7443 6415 
6315 6820 7593 6447 
6316 6110 6115 6109 
6317 6433 6450 6389 
6318 6280 7047 7046 
6319 6502 6708 5979 
6320 7503 7715 5913 
6321 305 6469 304 
6322 7238 7569 7358 
6323 6374 6375 6373 
6324 6993 7036 6995 
6325 6667 6922 6654 
6326 7315 7316 7314 
6327 6809 7414 6619 
6328 7074 7285 6439 
6329 5888 6507 6001 
6330 5968 7517 5995 
6331 6153 7208 7207 
6332 6194 7712 6193 
6333 6104 6109 6103 
6334 6440 7443 6426 
6335 6277 7091 6275 
6336 7137 7780 7271 
6337 1892 5858 1893 
6338 5911 6173 5988 
6339 6189 7490 6183 
6340 6129 6136 6128 
6341 6447 6821 6820 
6342 7110 7231 7230 
6343 6594 7439 5879 
6344 5827 7410 1886 
6345 5754 6710 6706 
6346 7451 7605 7448 
6347 2156 5857 2155 
6348 6411 7455 6427 
6349 6260 6264 6249 
6350 6162 7610 5859 
6351 5800 7634 5985 
6352 6548 6703 5815 
6353 6995 6999 6998 
6354 6427 7455 7454 
6355 6671 6673 6672 
6356 6430 7455 6411 
6357 6539 7623 6534 
6358 6950 7034 6945 
6359 6263 6808 6245 
6360 6947 6948 6945 
6361 6606 6609 6608 
6362 7214 7422 7302 
6363 5983 7429 5945 
6364 6341 7401 6342 
6365 6480 6728 6477 
6366 7460 7549 7464 
6367 5860 7573 6128 
6368 6871 6922 6667 
6369 7461 7549 7509 
6370 6835 7768 6098 
6371 5962 5970 5969 
6372 6018 7787 6515 
6373 6779 7522 6778 
6374 6570 7512 6485 
6375 6706 6710 6297 
6376 6823 7653 6081 
6377 6774 7565 6621 
6378 5897 7710 5944 
6379 6051 7548 6048 
6380 6283 6328 6031 
6381 7233 7811 6204 
6382 6237 6267 6262 
6383 6342 7077 6345 
6384 6101 6103 6100 
6385 7452 7454 7453 
6386 6195 7772 6198 
6387 6445 7271 6406 
6388 6318 6322 6321 
6389 6248 7685 5940 
6390 6421 7599 7449 
6391 7462 7467 7466 
6392 6523 7074 6439 
6393 5944 7710 6323 
6394 7308 7313 6150 
6395 7062 7738 6455 
6396 6999 7183 7009 
6397 7007 7176 6994 
6398 6655 7722 6938 
6399 6100 7784 6101 
6400 6721 6855 6725 
6401 6788 7697 5808 
6402 6105 7528 7527 
6403 7357 7813 5918 
6404 7009 7035 6998 
6405 5928 7490 6190 
6406 6224 7353 7242 
6407 6271 7531 6270 
6408 7239 7363 7358 
6409 7715 7719 7476 
6410 6063 7496 6740 
6411 6977 7027 6987 
6412 6681 6928 6889 
6413 6479 6899 6898 
6414 7369 7383 7365 
6415 7379 7380 5914 
6416 6547 6703 6548 
6417 6376 6377 6375 
6418 7767 7781 7589 
6419 6686 6870 6869 
6420 7165 7791 5778 
6421 6056 7802 6531 
6422 6041 6524 6497 
6423 6988 7027 6977 
6424 6154 7306 7304 
6425 6270 6825 6242 
6426 6166 7633 6842 
6427 5992 6339 5903 
6428 5887 6329 5889 
6429 6438 7700 6382 
6430 5872 7032 7031 
6431 6138 6140 6136 
6432 5763 7709 6840 
6433 7239 7365 7363 
6434 5910 7715 5911 
6435 7380 7402 5914 
6436 6906 6908 6905 
6437 5743 6532 5935 
6438 5885 7492 7350 
6439 5853 7541 6694 
6440 6938 7722 6656 
6441 6095 7721 6498 
6442 6948 6951 6950 
6443 6766 7617 6242 
6444 6090 7361 6087 
6445 5871 6334 6044 
6446 6477 7711 6476 
6447 6308 7348 6309 
6448 6088 7812 6089 
6449 6352 6353 6350 
6450 5985 7664 5800 
6451 6306 6461 6125 
6452 6128 7740 6129 
6453 5992 7434 5883 
6454 5858 5986 5947 
6455 6698 7412 6630 
6456 7287 7288 6452 
6457 6995 7036 7001 
6458 6043 7398 5866 
6459 6294 6298 6295 
6460 6540 6743 6296 
6461 7070 7609 6685 
6462 6444 7769 7161 
6463 6385 6389 6388 
6464 6169 7625 6167 
6465 6015 7787 6017 
6466 7312 7314 7309 
6467 7188 7198 7186 
6468 6035 6036 6029 
6469 6089 7812 6303 
6470 6548 6549 6070 
6471 6516 7742 6514 
6472 6418 7605 7456 
6473 2157 6337 2156 
6474 5889 5891 5890 
6475 6828 7735 6918 
6476 5933 7727 7504 
6477 6875 7189 7187 
6478 7499 7627 6116 
6479 6525 6550 6069 
6480 6086 7690 6885 
6481 7021 7134 7027 
6482 1894 5800 1895 
6483 6402 7585 7454 
6484 6309 6312 6310 
6485 6994 7807 6993 
6486 5853 6694 6662 
6487 6283 6474 6328 
6488 5852 7576 7408 
6489 5976 6584 6002 
6490 2156 6337 5857 
6491 6623 6757 6756 
6492 6599 6601 6600 
6493 5905 7413 5984 
6494 6947 7750 6689 
6495 6017 7787 6018 
6496 7699 7806 6609 
6497 7240 7243 7242 
6498 6058 6471 6097 
6499 6717 7426 6724 
6500 6273 7617 6767 
6501 6956 7023 7000 
6502 6597 6630 6596 
6503 5815 6549 6548 
6504 6389 6391 6390 
6505 5891 5893 5892 
6506 6124 7708 7247 
6507 6191 7582 6194 
6508 6356 7769 6360 
6509 5903 6340 5992 
6510 7260 7749 6981 
6511 7000 7049 7012 
6512 6354 6355 6353 
6513 5922 7727 5930 
6514 6673 6676 6675 
6515 6720 7680 6020 
6516 6444 7761 7145 
6517 6043 7404 7398 
6518 6391 6396 6395 
6519 6005 7626 6328 
6520 6522 7432 6394 
6521 2571 7506 6116 
6522 6305 7737 6863 
6523 6689 6949 6947 
6524 5884 7434 6340 
6525 6672 7674 6671 
6526 6554 7588 6504 
6527 6291 6292 6290 
6528 6536 7390 6413 
6529 5887 5889 5888 
6530 5887 6468 6329 
6531 7027 7134 6987 
6532 5742 6336 6187 
6533 6029 6038 6028 
6534 7373 7383 7369 
6535 6676 6680 6678 
6536 6360 6362 6361 
6537 6953 6954 6951 
6538 6913 7047 6280 
6539 7101 7102 6986 
6540 6332 7542 5837 
6541 6619 7414 6748 
6542 6199 7695 7237 
6543 6536 6537 6426 
6544 6143 7767 6146 
6545 1895 6326 1896 
6546 6193 7712 6195 
6547 5894 7710 5897 
6548 6478 6728 6715 
6549 7190 7693 6158 
6550 6125 7784 7495 
6551 6955 6956 6954 
6552 5879 7436 6598 
6553 5911 7715 5912 
6554 5901 5907 5906 
6555 6273 7200 6467 
6556 6323 7710 5893 
6557 6958 6959 6956 
6558 6805 6807 6263 
6559 6018 6028 6017 
6560 2158 5826 2157 
6561 5930 7727 5931 
6562 7010 7258 6989 
6563 6139 6442 6441 
6564 6170 7669 5849 
6565 6308 7690 7348 
6566 6015 6017 6014 
6567 6045 6047 6046 
6568 7017 7217 7016 
6569 6501 7708 6124 
6570 6082 6083 6080 
6571 6960 6961 6959 
6572 6342 6345 6343 
6573 6047 6049 6048 
6574 6041 6045 6044 
6575 6013 6014 6012 
6576 7320 7321 7319 
6577 6078 6080 6075 
6578 7212 7214 7213 
6579 5936 6464 5915 
6580 6516 6776 6568 
6581 5913 7715 7476 
6582 5865 7669 6505 
6583 6419 7446 6440 
6584 6293 6706 6292 
6585 1890 5993 1889 
6586 6685 7609 6879 
6587 6072 6073 6065 
6588 6298 7441 5879 
6589 6011 6012 6010 
6590 7537 7584 6254 
6591 7231 7811 6228 
6592 6874 7036 5869 
6593 6074 6075 6073 
6594 5815 6557 6549 
6595 6456 6799 6352 
6596 6049 6052 6051 
6597 6410 7661 6430 
6598 6004 6010 5867 
6599 6119 7786 7570 
6600 6409 7694 6411 
6601 7234 7344 7233 
6602 7059 7062 6455 
6603 6583 7512 5751 
6604 5899 5901 5900 
6605 6292 7733 6290 
6606 7305 7307 7303 
6607 6680 6682 6681 
6608 6019 7765 6517 
6609 6210 7704 6230 
6610 1897 5795 1898 
6611 5991 6339 5992 
6612 7361 7643 6087 
6613 6241 6271 6270 
6614 6452 7288 6454 
6615 7447 7506 7500 
6616 7677 7685 6325 
6617 6243 7504 5923 
6618 6158 7731 7189 
6619 6345 6347 6346 
6620 6487 7438 6488 
6621 6199 7771 6203 
6622 6983 7028 7023 
6623 6979 6990 6989 
6624 7306 7313 7305 
6625 5974 5975 5973 
6626 6030 7787 6015 
6627 2159 6333 2158 
6628 6267 6832 6816 
6629 2177 5742 2176 
6630 5985 7634 5858 
6631 6595 6597 6596 
6632 6977 7766 6974 
6633 6081 7653 6833 
6634 6697 7565 6774 
6635 6338 6771 6247 
6636 6610 6611 6609 
6637 6721 6856 6855 
6638 2161 5796 2160 
6639 2160 6458 2159 
6640 6711 7690 6086 
6641 2174 5832 2173 
6642 7306 7767 6143 
6643 6146 7767 6147 
6644 6637 7770 7604 
6645 6275 7493 6271 
6646 6874 7597 7001 
6647 6220 7505 6243 
6648 6515 6516 6514 
6649 7271 7780 6406 
6650 6962 7032 7013 
6651 7443 7444 6415 
6652 298 5991 297 
6653 6203 7771 6204 
6654 6454 6455 6404 
6655 6234 7789 6236 
6656 6072 6169 6167 
6657 6290 7488 6289 
6658 6188 6191 6190 
6659 6613 6614 6611 
6660 6014 7404 6043 
6661 7025 7026 7018 
6662 7387 7631 7425 
6663 7308 7312 7309 
6664 7193 7198 7188 
6665 6418 7628 7457 
6666 6411 7759 6412 
6667 7005 7132 7025 
6668 5972 5973 5970 
6669 6815 7360 6262 
6670 7204 7254 7205 
6671 6725 7747 7418 
6672 6122 7583 7399 
6673 5918 7614 7357 
6674 6416 7450 6431 
6675 6236 7789 6237 
6676 7136 7138 6448 
6677 6411 6412 6409 
6678 5989 6486 6173 
6679 6747 7688 5895 
6680 2164 5746 2163 
6681 6509 7396 6474 
6682 5991 5992 5883 
6683 5877 6696 6640 
6684 6348 6512 6456 
6685 1886 7410 1885 
6686 1898 6483 1899 
6687 6677 7577 5852 
6688 5927 7702 7540 
6689 6163 7608 5837 
6690 6307 6461 6306 
6691 6106 7777 6512 
6692 6602 7412 6698 
6693 6031 6325 6268 
6694 6720 7594 6011 
6695 5800 6326 1895 
6696 7528 7784 6125 
6697 7013 7032 5872 
6698 1885 7410 5834 
6699 5843 7751 7554 
6700 2165 6470 2164 
6701 7473 7692 7489 
6702 6058 6531 6471 
6703 1889 5993 5798 
6704 5826 6337 2157 
6705 7370 7371 7369 
6706 2166 5829 2165 
6707 6638 6640 6639 
6708 7025 7615 7026 
6709 6165 6302 6164 
6710 6180 6188 6187 
6711 6035 6563 6178 
6712 6934 7405 7033 
6713 5858 7634 1893 
6714 5989 6173 5930 
6715 6974 7004 6978 
6716 6475 6476 6005 
6717 6728 6731 6715 
6718 6725 6726 6723 
6719 7207 7208 7204 
6720 5897 5899 5898 
6721 2167 6472 2166 
6722 7183 7668 7002 
6723 6412 7759 6416 
6724 6758 7603 1971 
6725 6264 7394 6249 
6726 5834 5948 5947 
6727 6902 7687 6285 
6728 6974 6978 6977 
6729 6509 6908 6906 
6730 2168 5745 2167 
6731 5833 6001 302 
6732 6640 6642 6641 
6733 6653 6659 6654 
6734 6650 6653 6652 
6735 6642 6645 6644 
6736 6648 6650 6649 
6737 5946 6174 5904 
6738 6645 6648 6647 
6739 7230 7338 7229 
6740 2175 5929 23 
6741 1899 5830 1900 
6742 6405 7773 6399 
6743 6190 7718 5928 
6744 7376 7378 7375 
6745 5894 5897 5896 
6746 7194 7207 7195 
6747 6480 6924 6728 
6748 6518 7741 7331 
6749 6313 6315 6314 
6750 7521 7697 6790 
6751 6204 7811 6207 
6752 7455 7458 7454 
6753 6687 7408 5873 
6754 6983 7425 7030 
6755 6207 7811 6208 
6756 6295 7798 6294 
6757 6161 7542 5860 
6758 6238 7584 6236 
6759 7288 7334 6453 
6760 297 5991 5883 
6761 6396 7773 6400 
6762 6337 6468 5857 
6763 6222 7640 6526 
6764 2552 7675 2551 
6765 7315 7317 7316 
6766 6374 7481 6434 
6767 6621 7565 6783 
6768 6239 7360 6263 
6769 6451 7287 6452 
6770 6195 6198 6193 
6771 7431 7491 5909 
6772 6424 7407 7320 
6773 7015 7017 7016 
6774 5907 7762 5910 
6775 6504 7785 5812 
6776 6978 6992 6979 
6777 6345 7494 6347 
6778 2173 6459 2172 
6779 2169 6491 2168 
6780 6670 7642 6915 
6781 5953 5954 5952 
6782 6262 6816 6815 
6783 7003 7176 7175 
6784 6291 7606 5881 
6785 6678 6888 6695 
6786 6416 7778 6417 
6787 5951 5952 5950 
6788 5957 7518 5966 
6789 6416 6417 6412 
6790 6370 6371 6367 
6791 6306 7495 6089 
6792 305 7696 6469 
6793 1891 5882 1890 
6794 6728 7711 6477 
6795 6627 6862 6637 
6796 2176 6181 2175 
6797 7110 7229 7228 
6798 7024 7101 6986 
6799 6091 7784 6100 
6800 7486 7729 6138 
6801 1900 6499 1901 
6802 6312 6313 6310 
6803 6308 6309 6307 
6804 6717 6724 6719 
6805 6727 7426 6717 
6806 6262 7360 6239 
6807 6999 7668 7183 
6808 6302 6303 6164 
6809 6986 7424 6964 
6810 5849 6171 6170 
6811 6789 7697 6788 
6812 6386 7334 7288 
6813 6728 6924 6731 
6814 7026 7615 2076 
6815 7224 7481 6428 
6816 5743 5836 2192 
6817 7110 7230 7229 
6818 7016 7019 6985 
6819 2163 7386 2162 
6820 6401 7619 7456 
6821 2594 7510 2593 
6822 6637 7604 6624 
6823 5997 6331 6180 
6824 2170 5831 2169 
6825 6934 7033 6933 
6826 6229 7764 6265 
6827 2178 6336 2177 
6828 5826 7568 6329 
6829 6304 6306 6089 
6830 5889 5890 5888 
6831 6572 7800 6549 
6832 6642 6696 6662 
6833 5887 5888 5833 
6834 6524 7588 6042 
6835 6501 7224 6428 
6836 5902 7572 7383 
6837 7258 7749 6989 
6838 6635 6636 6605 
6839 6083 7812 6088 
6840 6199 6203 6198 
6841 7034 7624 5777 
6842 6165 7400 6302 
6843 5891 5892 5890 
6844 6934 7739 7405 
6845 7449 7598 6117 
6846 6847 6857 6084 
6847 2179 5999 2178 
6848 7450 7451 7448 
6849 7237 7771 6199 
6850 2158 6333 5826 
6851 2588 7516 2587 
6852 6089 7495 6088 
6853 1894 7634 5800 
6854 2162 7389 2161 
6855 6301 6706 6293 
6856 6195 7672 7671 
6857 6047 7607 6070 
6858 6183 6184 5929 
6859 5981 7606 6291 
6860 6417 7778 6419 
6861 5981 6290 6289 
6862 6983 7754 7425 
6863 5910 5911 5907 
6864 6465 7717 5916 
6865 6341 6342 6322 
6866 6228 7233 7232 
6867 7213 7293 7210 
6868 6678 6889 6888 
6869 5950 7664 5985 
6870 6867 7756 6669 
6871 5800 6327 6326 
6872 5873 7031 6689 
6873 6223 7237 7236 
6874 6174 7540 5899 
6875 1901 5748 1902 
6876 7467 7484 7469 
6877 2171 6503 2170 
6878 6630 7478 6596 
6879 6792 7479 6793 
6880 5949 5950 5948 
6881 6057 7659 7435 
6882 5993 7507 5966 
6883 6419 6420 6417 
6884 297 5883 296 
6885 6036 6039 6038 
6886 7706 7786 6119 
6887 6489 7497 6105 
6888 7554 7638 5866 
6889 7312 7315 7314 
6890 6204 6207 6203 
6891 7190 7385 7193 
6892 5837 7608 6332 
6893 5936 6495 6466 
6894 6298 7439 6299 
6895 7109 7764 6229 
6896 6289 6502 5978 
6897 7562 7669 5865 
6898 7441 7595 5855 
6899 6208 6209 6207 
6900 7734 7738 6391 
6901 6280 7592 6913 
6902 6285 7552 6902 
6903 2159 6458 6333 
6904 7462 7466 7463 
6905 6085 6857 6847 
6906 7366 7369 7365 
6907 6328 6474 6005 
6908 6210 6211 6209 
6909 2180 6179 2179 
6910 2549 7705 2548 
6911 6272 6277 6275 
6912 6089 7809 6304 
6913 6309 7395 6312 
6914 6546 7415 6572 
6915 5796 6458 2160 
6916 7345 7795 7343 
6917 6508 6908 6509 
6918 2172 5741 2171 
6919 6512 7689 6107 
6920 6933 6944 6942 
6921 7711 7779 6476 
6922 6212 6213 6211 
6923 6088 7495 6091 
6924 5808 7697 7418 
6925 6198 7475 6193 
6926 6576 6781 6016 
6927 6217 6218 6213 
6928 7187 7188 7186 
6929 6922 7065 6665 
6930 7666 7729 6155 
6931 6514 6517 6513 
6932 6219 6220 6218 
6933 6105 7645 7528 
6934 7383 7572 7364 
6935 5795 6483 1898 
6936 6221 6231 6220 
6937 6795 7414 6809 
6938 7051 7611 2052 
6939 6535 6536 6413 
6940 7198 7275 7186 
6941 6232 6233 6231 
6942 6365 7593 6368 
6943 6234 6236 6233 
6944 6177 7616 7558 
6945 6443 7641 7546 
6946 6975 7133 7005 
6947 6237 6238 6236 
6948 6572 7415 6057 
6949 6807 6808 6263 
6950 6616 6626 6624 
6951 6059 6060 6054 
6952 7400 7653 6823 
6953 6875 7668 7001 
6954 6239 6244 6238 
6955 6603 6604 6601 
6956 7320 7810 6424 
6957 6245 6248 6244 
6958 1902 6529 1903 
6959 6291 6293 6292 
6960 6249 6250 6248 
6961 5799 5987 300 
6962 6440 7446 7445 
6963 6251 6252 6250 
6964 6921 6922 6665 
6965 6330 7442 5795 
6966 6666 7646 6883 
6967 6464 6465 6463 
6968 7181 7703 7272 
6969 6687 6688 6682 
6970 7018 7121 7017 
6971 5827 7728 7410 
6972 6446 6522 6384 
6973 6253 6268 6252 
6974 6269 6281 6268 
6975 7535 7536 5868 
6976 6278 7067 6912 
6977 6282 6283 6281 
6978 6180 6331 6188 
6979 6251 6462 6278 
6980 7000 7050 7049 
6981 6900 6935 6009 
6982 7545 7780 6448 
6983 6284 6474 6283 
6984 6462 7067 6278 
6985 7002 7668 6875 
6986 7260 7793 7749 
6987 6098 7768 6082 
6988 6795 6809 5762 
6989 6377 6379 6378 
6990 6406 7545 6377 
6991 7349 7660 7060 
6992 6457 7730 6184 
6993 7234 7492 7344 
6994 6949 7748 6947 
6995 6367 6372 6366 
6996 6400 6408 6396 
6997 7557 7600 6013 
6998 6330 7651 6326 
6999 7321 7406 7322 
7000 6261 7147 7146 
7001 6715 6730 5806 
7002 6718 6720 6020 
7003 6686 7665 6660 
7004 6061 6064 6060 
7005 7032 7515 6949 
7006 6447 7593 6365 
7007 6309 6310 6307 
7008 6916 7648 6099 
7009 5920 7692 7472 
7010 6478 7711 6728 
7011 6492 7630 6175 
7012 7454 7585 7453 
7013 6842 7555 6166 
7014 7305 7308 7307 
7015 5837 7423 6163 
7016 6011 7680 6720 
7017 2592 7757 2591 
7018 5988 6173 5884 
7019 5888 6001 5833 
7020 6872 7070 5772 
7021 7358 7813 7357 
7022 2164 6470 5746 
7023 7189 7731 7187 
7024 7323 7391 7321 
7025 5795 7651 6330 
7026 6365 6366 6362 
7027 6176 7431 5927 
7028 6464 7717 6465 
7029 7471 7660 7519 
7030 6263 7360 6805 
7031 7570 7786 7519 
7032 6347 6348 6346 
7033 6288 7411 6277 
7034 6002 7632 6172 
7035 6959 7754 6983 
7036 6961 6965 6964 
7037 6243 7505 7504 
7038 6692 7739 6940 
7039 2595 6131 2594 
7040 5989 7751 5843 
7041 1903 5963 1904 
7042 7425 7482 7030 
7043 2175 6181 5929 
7044 6634 7356 6618 
7045 6793 7479 6608 
7046 6933 6941 5776 
7047 6770 7701 6247 
7048 6393 7347 7059 
7049 7342 7492 7341 
7050 7178 7184 7009 
7051 5832 7563 6184 
7052 7134 7251 6976 
7053 6872 7609 7070 
7054 7060 7660 7471 
7055 6973 7535 7004 
7056 6575 6576 6016 
7057 7028 7758 7612 
7058 7180 7269 5788 
7059 2596 7657 7656 
7060 5975 5980 5978 
7061 5829 6470 2165 
7062 5834 7410 5949 
7063 7388 7639 5856 
7064 6065 6092 6064 
7065 6694 7421 6651 
7066 6943 7038 6691 
7067 6074 7633 6166 
7068 5951 5953 5952 
7069 6051 7580 7548 
7070 6326 7651 1896 
7071 5953 5968 5955 
7072 5922 5930 5921 
7073 7007 7544 7176 
7074 6230 7416 6210 
7075 7462 7661 6410 
7076 6176 7430 6457 
7077 7060 7471 7062 
7078 6487 6488 6071 
7079 7032 7788 7515 
7080 6430 7461 7459 
7081 6975 7766 6987 
7082 5912 5921 5911 
7083 6794 6795 5762 
7084 5835 5916 5744 
7085 5931 5938 5930 
7086 2161 7389 5796 
7087 6840 7709 6617 
7088 6493 7686 6494 
7089 6399 7738 7062 
7090 5955 5956 5954 
7091 1899 6483 5830 
7092 2177 6336 5742 
7093 5939 5990 5938 
7094 6133 7420 6460 
7095 6348 6350 6349 
7096 7015 7622 6982 
7097 6740 7496 6741 
7098 7583 7641 6120 
7099 5832 6459 2173 
7100 1907 5971 1908 
7101 6714 6715 5806 
7102 2166 6472 5829 
7103 6759 7064 6511 
7104 7503 7640 6222 
7105 5994 7596 5980 
7106 1904 6552 1905 
7107 6964 7755 6961 
7108 5851 7404 6335 
7109 2589 7322 2588 
7110 7444 7445 6117 
7111 6490 7803 6351 
7112 6328 7626 6003 
7113 5746 7386 2163 
7114 5981 6291 6290 
7115 5834 5949 5948 
7116 5949 5951 5950 
7117 6096 6545 6544 
7118 6903 6909 6287 
7119 6772 7701 6770 
7120 6620 7602 6636 
7121 6434 7481 6838 
7122 6885 7690 6886 
7123 5940 7537 6254 
7124 6362 6366 6363 
7125 6442 7799 6395 
7126 6020 7711 6478 
7127 6143 6146 6137 
7128 6451 6452 6450 
7129 6505 7361 5865 
7130 7398 7404 5851 
7131 1906 6541 1907 
7132 6965 6969 6967 
7133 6345 6346 6343 
7134 6147 6151 6146 
7135 5745 6472 2167 
7136 6152 6156 6151 
7137 7457 7627 7499 
7138 7108 7111 6265 
7139 6185 6457 6184 
7140 5878 6700 6699 
7141 6969 6973 6970 
7142 6157 6873 6156 
7143 5879 7441 7437 
7144 7006 7226 7132 
7145 6139 7652 7485 
7146 6593 7477 6299 
7147 5893 5894 5892 
7148 1908 6578 1909 
7149 2375 6554 2374 
7150 6443 7420 6133 
7151 2587 5838 2586 
7152 7211 7259 7255 
7153 6870 6872 5772 
7154 1897 7651 5795 
7155 6318 6511 6341 
7156 7511 7655 7317 
7157 6748 7414 7356 
7158 6973 7004 6974 
7159 5800 7664 6327 
7160 6420 7753 6424 
7161 2370 6561 2369 
7162 2364 6568 2363 
7163 6844 7737 6305 
7164 6167 7633 6074 
7165 6342 6343 6322 
7166 6688 7405 6692 
7167 6227 7366 7239 
7168 7320 7621 7321 
7169 6899 6900 6009 
7170 6448 7780 7136 
7171 2361 6573 2360 
7172 6932 6933 5776 
7173 6624 7604 6702 
7174 1905 5749 1906 
7175 2591 6132 2590 
7176 6534 6537 6535 
7177 6184 7563 5929 
7178 7519 7660 7061 
7179 7379 7564 5919 
7180 2593 6130 2592 
7181 6167 7625 7529 
7182 6400 7773 6405 
7183 1911 5977 1912 
7184 23 7563 2174 
7185 7402 7692 5920 
7186 6322 6489 6321 
7187 5978 6502 6485 
7188 6584 7632 6002 
7189 2382 5814 27 
7190 7255 7259 6148 
7191 7375 7377 7367 
7192 7346 7587 5814 
7193 6169 7649 7625 
7194 6111 7803 6490 
7195 6616 6631 6626 
7196 2338 6712 2337 
7197 2335 6730 2334 
7198 6473 7575 5946 
7199 7284 7736 7193 
7200 2312 6729 2311 
7201 2590 7323 2589 
7202 2384 6069 2383 
7203 1915 5979 1916 
7204 2380 6095 2379 
7205 1935 6737 1936 
7206 1910 6556 1911 
7207 1934 6588 1935 
7208 6543 7514 6438 
7209 2385 6547 2384 
7210 1912 6583 1913 
7211 2383 6553 2382 
7212 6716 6718 6478 
7213 7321 7391 7319 
7214 6584 7512 6583 
7215 1919 5982 1920 
7216 2259 6764 2258 
7217 2270 6769 2269 
7218 2280 6760 2279 
7219 1950 6734 1951 
7220 2299 6796 2298 
7221 1914 6570 1915 
7222 1909 5750 1910 
7223 7130 7134 6976 
7224 1957 6739 1958 
7225 2289 6804 2288 
7226 2292 6817 2291 
7227 1916 6708 1917 
7228 2283 6831 2282 
7229 2273 6829 2272 
7230 2286 6814 2285 
7231 1913 5751 1914 
7232 6598 6599 6597 
7233 1962 6748 1963 
7234 7016 7551 7019 
7235 2256 6824 2255 
7236 1918 6577 1919 
7237 6665 7040 6921 
7238 1920 6709 1921 
7239 6942 6943 6691 
7240 1923 6297 1924 
7241 1967 6755 1968 
7242 2390 6050 2389 
7243 2246 6768 2245 
7244 1917 5752 1918 
7245 7179 7180 5788 
7246 1921 5753 1922 
7247 1925 5754 1926 
7248 1977 6791 1978 
7249 5953 7517 5968 
7250 1980 6797 1981 
7251 1922 6705 1923 
7252 1924 6710 1925 
7253 2253 6884 2252 
7254 1927 6296 1928 
7255 2388 6557 2387 
7256 1931 6300 1932 
7257 1926 6738 1927 
7258 1985 6836 1986 
7259 1929 5755 1930 
7260 2379 6585 2378 
7261 1992 6828 1993 
7262 1933 5756 1934 
7263 1937 5757 1938 
7264 1928 6743 1929 
7265 7247 7708 6858 
7266 2181 6527 2180 
7267 1939 6622 1940 
7268 6160 7280 7275 
7269 1995 6848 1996 
7270 2386 6703 2385 
7271 2376 6042 2375 
7272 1930 6742 1931 
7273 1932 6744 1933 
7274 2000 6850 2001 
7275 1936 6745 1937 
7276 1938 6749 1939 
7277 2378 5813 2377 
7278 1943 6602 1944 
7279 2389 6571 2388 
7280 1941 5758 1942 
7281 1947 6621 1948 
7282 2007 6868 2008 
7283 2396 6056 2395 
7284 2168 6491 5745 
7285 1945 5759 1946 
7286 1949 5760 1950 
7287 2373 5812 2372 
7288 1954 5761 1955 
7289 2012 6879 2013 
7290 6488 7649 7637 
7291 6970 7725 7622 
7292 1940 6773 1941 
7293 1952 6607 1953 
7294 2239 7105 2238 
7295 6886 7690 6308 
7296 2397 6555 2396 
7297 2387 5815 2386 
7298 2402 6055 2401 
7299 1956 6612 1957 
7300 2015 6880 2016 
7301 1942 6754 1943 
7302 6096 7658 6545 
7303 1944 6782 1945 
7304 2371 6037 2370 
7305 2391 6733 2390 
7306 1946 6774 1947 
7307 2394 6564 2393 
7308 1948 6783 1949 
7309 2403 6558 2402 
7310 1953 6785 1954 
7311 2018 6887 2019 
7312 1951 6787 1952 
7313 1955 6792 1956 
7314 6601 7602 6620 
7315 1961 6619 1962 
7316 7376 7381 7379 
7317 2400 6565 2399 
7318 1959 5762 1960 
7319 2024 6927 2025 
7320 2021 6937 2022 
7321 6431 7448 7447 
7322 1964 5763 1965 
7323 2030 6929 2031 
7324 5957 5958 5956 
7325 2027 6939 2028 
7326 2393 5816 2392 
7327 2377 6582 2376 
7328 2033 6941 2034 
7329 2586 6539 2585 
7330 2399 5817 2398 
7331 2405 5818 2404 
7332 1958 6810 1959 
7333 2392 6732 2391 
7334 2149 7550 2150 
7335 7682 7683 6194 
7336 2036 7038 2037 
7337 1966 6617 1967 
7338 2374 6587 2373 
7339 5975 5994 5980 
7340 1960 6809 1961 
7341 2365 6019 2364 
7342 1963 6811 1964 
7343 7405 7739 6692 
7344 1972 6625 1973 
7345 2407 6063 2406 
7346 2042 7041 2043 
7347 2048 7048 2049 
7348 2045 7095 2046 
7349 1965 6840 1966 
7350 2039 7083 2040 
7351 2372 6707 2371 
7352 2395 6586 2394 
7353 2409 6062 2408 
7354 1976 6628 1977 
7355 1969 5764 1970 
7356 1974 5765 1975 
7357 1979 5766 1980 
7358 2150 6141 2151 
7359 2054 7078 2055 
7360 6409 6432 6408 
7361 7140 7141 6451 
7362 5843 6486 5989 
7363 2057 7096 2058 
7364 2401 6704 2400 
7365 5941 7113 7068 
7366 2202 7564 2201 
7367 1968 6864 1969 
7368 2398 6735 2397 
7369 1973 6865 1974 
7370 2410 6569 2409 
7371 1982 6643 1983 
7372 7566 7740 7641 
7373 6457 7431 6176 
7374 1987 6646 1988 
7375 1975 6861 1976 
7376 6944 7033 6690 
7377 2404 6736 2403 
7378 2359 6016 2358 
7379 1978 6866 1979 
7380 2066 7100 2067 
7381 2368 5811 2367 
7382 2362 5810 2361 
7383 2356 5809 2355 
7384 2063 7126 2064 
7385 7009 7184 7035 
7386 1991 6658 1992 
7387 1981 6878 1982 
7388 2415 6066 2414 
7389 1984 5767 1985 
7390 2350 5808 2349 
7391 2406 6740 2405 
7392 2072 7120 2073 
7393 1989 5768 1990 
7394 1994 5769 1995 
7395 1999 5770 2000 
7396 2069 7127 2070 
7397 1986 6882 1987 
7398 1983 6914 1984 
7399 2082 7128 2083 
7400 1988 6917 1989 
7401 2408 6746 2407 
7402 6921 7040 6850 
7403 1997 6656 1998 
7404 2413 6581 2412 
7405 2058 7553 2059 
7406 2417 6168 2416 
7407 2353 6027 2352 
7408 1990 6895 1991 
7409 1993 6918 1994 
7410 2369 6775 2368 
7411 2002 6665 2003 
7412 2559 7567 2558 
7413 2363 6776 2362 
7414 7212 7781 6154 
7415 1998 6919 1999 
7416 2006 6668 2007 
7417 7264 7691 7037 
7418 1996 6938 1997 
7419 2423 6076 2422 
7420 2004 5771 2005 
7421 2412 5819 2411 
7422 2430 6079 2429 
7423 2424 6579 2423 
7424 2093 7171 2094 
7425 2357 6777 2356 
7426 2011 6685 2012 
7427 2001 7040 2002 
7428 2009 5772 2010 
7429 2421 6077 2420 
7430 2014 5773 2015 
7431 2358 6781 2357 
7432 2151 7324 2152 
7433 2428 6081 2427 
7434 2096 7174 2097 
7435 2419 5820 2418 
7436 2360 6753 2359 
7437 2426 5821 2425 
7438 2434 5822 2433 
7439 2107 7177 2108 
7440 2347 6025 2346 
7441 2003 7065 2004 
7442 2141 7556 2142 
7443 2017 6674 2018 
7444 7014 7791 6951 
7445 2436 6085 2435 
7446 2005 7052 2006 
7447 2345 6722 2344 
7448 7182 7186 7185 
7449 2008 7071 2009 
7450 7275 7280 5789 
7451 2010 7070 2011 
7452 2355 6803 2354 
7453 2013 7072 2014 
7454 2438 6084 2437 
7455 2121 7201 2122 
7456 2128 7202 2129 
7457 2432 6305 2431 
7458 7357 7614 7243 
7459 2023 6679 2024 
7460 2351 6788 2350 
7461 2414 6786 2413 
7462 2416 6801 2415 
7463 2546 7570 2545 
7464 2411 6818 2410 
7465 2354 6802 2353 
7466 2016 7081 2017 
7467 2352 6789 2351 
7468 2029 6683 2030 
7469 2020 5774 2021 
7470 2211 7572 2210 
7471 7110 7228 7107 
7472 2349 6852 2348 
7473 2152 7310 2153 
7474 2026 5775 2027 
7475 2032 5776 2033 
7476 2035 6691 2036 
7477 7655 7656 7316 
7478 5783 7221 7121 
7479 6906 7409 6509 
7480 2041 6946 2042 
7481 2019 7112 2020 
7482 2047 6952 2048 
7483 2022 7099 2023 
7484 2418 6841 2417 
7485 6741 7496 6094 
7486 2348 6851 2347 
7487 2025 7114 2026 
7488 2028 7104 2029 
7489 7187 7731 7188 
7490 2440 6086 2439 
7491 2031 7115 2032 
7492 2422 6812 2421 
7493 6290 7733 7488 
7494 2339 6021 2338 
7495 2333 6023 2332 
7496 2034 7117 2035 
7497 2429 6823 2428 
7498 2341 6022 2340 
7499 2425 6843 2424 
7500 2420 6827 2419 
7501 2313 5803 2312 
7502 2343 5807 2342 
7503 2329 5805 2328 
7504 2336 5806 2335 
7505 2321 5804 2320 
7506 2304 5801 2303 
7507 2427 6833 2426 
7508 2053 6957 2054 
7509 2331 6481 2330 
7510 2435 6853 2434 
7511 2319 6007 2318 
7512 2327 6009 2326 
7513 2431 6863 2430 
7514 2038 5777 2039 
7515 2346 6854 2345 
7516 5830 6499 1900 
7517 2441 6711 2440 
7518 2046 7124 2047 
7519 2148 6142 2149 
7520 2044 5778 2045 
7521 2050 5779 2051 
7522 2056 5780 2057 
7523 2040 7122 2041 
7524 2433 6844 2432 
7525 2437 6857 2436 
7526 2037 7164 2038 
7527 2325 6008 2324 
7528 2317 6006 2316 
7529 2059 6972 2060 
7530 2043 7165 2044 
7531 2323 6510 2322 
7532 2065 6966 2066 
7533 2049 7167 2050 
7534 2142 6144 2143 
7535 2584 6414 2583 
7536 6057 7800 6572 
7537 2448 6126 2447 
7538 2055 7168 2056 
7539 2310 6033 2309 
7540 2444 6751 2443 
7541 2450 6320 2449 
7542 2439 6885 2438 
7543 2344 6904 2343 
7544 2446 6127 2445 
7545 2455 6319 2454 
7546 2302 5943 2301 
7547 2315 6286 2314 
7548 2071 6968 2072 
7549 2453 6759 2452 
7550 2062 5781 2063 
7551 2443 5823 2442 
7552 2458 6752 2457 
7553 2460 6344 2459 
7554 2068 5782 2069 
7555 2074 5783 2075 
7556 2457 6102 2456 
7557 2081 5784 2082 
7558 2064 7172 2065 
7559 2061 7219 2062 
7560 2308 6032 2307 
7561 2077 6971 2078 
7562 7386 7389 2162 
7563 2452 5824 2451 
7564 2462 5825 2461 
7565 2281 5847 2280 
7566 2260 5845 2259 
7567 2247 5844 2246 
7568 2271 5846 2270 
7569 2306 6279 2305 
7570 2334 6891 2333 
7571 2340 6890 2339 
7572 2079 7006 2080 
7573 2464 6107 2463 
7574 2337 6910 2336 
7575 2342 6894 2341 
7576 2060 7559 2061 
7577 2466 6106 2465 
7578 2067 7220 2068 
7579 2332 6923 2331 
7580 2084 6976 2085 
7581 2330 6897 2329 
7582 2320 6925 2319 
7583 2328 6926 2327 
7584 2070 7216 2071 
7585 6961 7011 6965 
7586 2073 7221 2074 
7587 2326 6935 2325 
7588 2318 6936 2317 
7589 2322 6905 2321 
7590 7031 7576 5872 
7591 2086 7022 2087 
7592 2080 7222 2081 
7593 2210 5902 2209 
7594 2134 6148 2135 
7595 2140 6145 2141 
7596 2078 7226 2079 
7597 2143 7328 2144 
7598 2083 7244 2084 
7599 2300 5941 2299 
7600 2092 6980 2093 
7601 2324 7039 2323 
7602 2303 7066 2302 
7603 2314 6901 2313 
7604 2136 7211 2137 
7605 2468 6108 2467 
7606 2311 7045 2310 
7607 5811 6775 6562 
7608 2090 6981 2091 
7609 2098 6991 2099 
7610 2295 6261 2294 
7611 2585 6533 2584 
7612 2088 5785 2089 
7613 6110 7586 7399 
7614 2095 5786 2096 
7615 2102 5787 2103 
7616 2109 5788 2110 
7617 2316 7069 2315 
7618 2085 7251 2086 
7619 2305 6911 2304 
7620 2100 7008 2101 
7621 2104 6997 2105 
7622 2442 7075 2441 
7623 2297 5942 2296 
7624 2106 6996 2107 
7625 2469 6798 2468 
7626 2111 6877 2112 
7627 2290 6240 2289 
7628 2449 7053 2448 
7629 2447 7043 2446 
7630 2445 7063 2444 
7631 2113 6876 2114 
7632 2120 6159 2121 
7633 2127 7191 2128 
7634 2135 7259 2136 
7635 2087 7262 2088 
7636 2132 6149 2133 
7637 2091 7257 2092 
7638 2454 7064 2453 
7639 2309 7080 2308 
7640 6918 7735 5769 
7641 2287 5932 2286 
7642 2484 6357 2483 
7643 2089 7260 2090 
7644 2456 7079 2455 
7645 2097 7261 2098 
7646 2094 7263 2095 
7647 2451 7085 2450 
7648 2099 7266 2100 
7649 2293 5802 2292 
7650 2475 6112 2474 
7651 2144 7327 2145 
7652 2486 6359 2485 
7653 2257 5925 2256 
7654 2482 6358 2481 
7655 2477 6114 2476 
7656 2133 7252 2134 
7657 2101 7264 2102 
7658 2103 7267 2104 
7659 2118 6160 2119 
7660 2487 6819 2486 
7661 2459 7076 2458 
7662 2108 7265 2109 
7663 2473 6113 2472 
7664 2110 7269 2111 
7665 2478 6826 2477 
7666 5937 6747 5895 
7667 2105 7268 2106 
7668 2274 6258 2273 
7669 2284 6235 2283 
7670 2125 7192 2126 
7671 2268 6215 2267 
7672 2461 7087 2460 
7673 7229 7340 5908 
7674 2499 5842 2498 
7675 2489 5841 2488 
7676 2471 5839 2470 
7677 2480 5840 2479 
7678 2276 5934 2275 
7679 2112 7272 2113 
7680 2278 6256 2277 
7681 2307 7093 2306 
7682 2204 7578 2203 
7683 2463 7094 2462 
7684 2251 5926 2250 
7685 2301 7113 2300 
7686 2465 7097 2464 
7687 2264 6216 2263 
7688 2139 7256 2140 
7689 6416 7759 6427 
7690 2116 5789 2117 
7691 2119 7273 2120 
7692 2137 7292 2138 
7693 2123 5790 2124 
7694 2130 5791 2131 
7695 2138 5792 2139 
7696 2126 7276 2127 
7697 7303 7311 7300 
7698 2467 7116 2466 
7699 2491 6369 2490 
7700 2153 7354 2154 
7701 2131 7277 2132 
7702 2122 7290 2123 
7703 2117 7280 2118 
7704 2129 7291 2130 
7705 6576 6779 6778 
7706 6052 7684 6170 
7707 2282 7089 2281 
7708 2124 7282 2125 
7709 2262 6274 2261 
7710 2272 7092 2271 
7711 2492 6858 2491 
7712 2298 7123 2297 
7713 7504 7590 5923 
7714 2296 7118 2295 
7715 2145 7299 2146 
7716 2500 6837 2499 
7717 2258 7150 2257 
7718 2266 6214 2265 
7719 7074 7514 7285 
7720 2269 7156 2268 
7721 2291 7125 2290 
7722 2294 7146 2293 
7723 2279 7163 2278 
7724 6656 7722 6919 
7725 6393 7059 7058 
7726 2261 7088 2260 
7727 2203 5919 2202 
7728 2288 7142 2287 
7729 2497 6429 2496 
7730 2146 5793 2147 
7731 2470 7158 2469 
7732 2254 5924 2253 
7733 2485 7149 2484 
7734 2495 6893 2494 
7735 2483 7143 2482 
7736 2236 5908 2235 
7737 2476 7152 2475 
7738 2474 7148 2473 
7739 2504 6123 2503 
7740 2494 6124 2493 
7741 2285 7155 2284 
7742 2502 6435 2501 
7743 2481 7151 2480 
7744 2488 7157 2487 
7745 2472 7153 2471 
7746 2479 7160 2478 
7747 2249 6276 2248 
7748 7107 7250 7105 
7749 2275 7154 2274 
7750 2277 7162 2276 
7751 2248 7090 2247 
7752 2490 7173 2489 
7753 2505 6892 2504 
7754 2201 5914 2200 
7755 2218 5918 2217 
7756 2147 7560 2148 
7757 6862 7770 6637 
7758 2263 7199 2262 
7759 5957 5966 5959 
7760 2267 7218 2266 
7761 7121 7221 7120 
7762 2265 7169 2264 
7763 2498 7159 2497 
7764 2507 6407 2506 
7765 2252 7166 2251 
7766 6565 6567 5817 
7767 2255 7225 2254 
7768 2250 7249 2249 
7769 2547 6119 2546 
7770 2558 6118 2557 
7771 2538 6121 2537 
7772 2512 6449 2511 
7773 6981 7749 7257 
7774 2493 7247 2492 
7775 2244 6266 2243 
7776 2501 7248 2500 
7777 2516 6439 2515 
7778 2496 7223 2495 
7779 2517 7073 2516 
7780 2534 6386 2533 
7781 2521 6394 2520 
7782 2522 7082 2521 
7783 7348 7690 6711 
7784 2503 7245 2502 
7785 6664 7745 6920 
7786 6780 6803 5809 
7787 6318 6321 6315 
7788 2539 7055 2538 
7789 2514 6134 2513 
7790 2524 6135 2523 
7791 2525 7098 2524 
7792 2527 6437 2526 
7793 2245 7281 2244 
7794 2532 6387 2531 
7795 2240 6206 2239 
7796 5880 7596 5994 
7797 2510 7135 2509 
7798 2506 7270 2505 
7799 2205 7377 2204 
7800 2560 6403 2559 
7801 2237 7227 2236 
7802 2530 7139 2529 
7803 2529 5863 2528 
7804 2509 5861 2508 
7805 2519 5862 2518 
7806 2209 7372 2208 
7807 2238 7250 2237 
7808 2235 7340 2234 
7809 2536 6453 2535 
7810 2541 6393 2540 
7811 2513 7294 2512 
7812 2154 5794 24 
7813 2242 6205 2241 
7814 2515 7285 2514 
7815 2511 7279 2510 
7816 2523 7295 2522 
7817 2550 6398 2549 
7818 2233 6201 2232 
7819 2533 7286 2532 
7820 2508 7332 2507 
7821 2526 7296 2525 
7822 2562 6402 2561 
7823 2537 7278 2536 
7824 2518 7333 2517 
7825 2520 7289 2519 
7826 2243 7336 2242 
7827 2535 7334 2534 
7828 2531 7297 2530 
7829 2528 7331 2527 
7830 7006 7132 7131 
7831 2540 7335 2539 
7832 2225 5885 2224 
7833 6763 6832 6267 
7834 2241 7298 2240 
7835 2234 7337 2233 
7836 6413 6551 6535 
7837 5797 6339 5991 
7838 2543 6392 2542 
7839 2571 6116 2570 
7840 2545 7061 2544 
7841 2223 6225 2222 
7842 2227 7235 2226 
7843 6482 7409 6907 
7844 2208 7368 2207 
7845 5854 7667 6700 
7846 7210 7255 7215 
7847 2229 6202 2228 
7848 2542 7347 2541 
7849 2221 6224 2220 
7850 2556 7460 2555 
7851 2565 6401 2564 
7852 2231 6200 2230 
7853 2553 6397 2552 
7854 5796 7413 6458 
7855 2217 7359 2216 
7856 2224 7350 2223 
7857 2226 7341 2225 
7858 2544 7349 2543 
7859 2232 7355 2231 
7860 2174 7563 5832 
7861 5882 5993 1890 
7862 6205 7336 7111 
7863 6092 7644 7361 
7864 2564 7796 2563 
7865 7068 7113 5943 
7866 2228 7351 2227 
7867 2222 7353 2221 
7868 5959 5960 5958 
7869 6989 7749 7020 
7870 6549 7800 6070 
7871 5799 6747 5987 
7872 2230 7352 2229 
7873 2555 7464 2554 
7874 6202 7352 7345 
7875 2554 7465 2553 
7876 7626 7779 6004 
7877 6404 7734 6450 
7878 6514 7742 6517 
7879 6371 6373 6372 
7880 6592 7723 6590 
7881 2212 7364 2211 
7882 2216 6197 2215 
7883 6498 7346 6067 
7884 6267 7789 7480 
7885 5844 7411 6768 
7886 6614 6631 6616 
7887 7429 7530 5945 
7888 6083 6088 6087 
7889 6456 7777 6799 
7890 2207 7384 2206 
7891 7021 7027 6988 
7892 24 7657 2596 
7893 5831 6491 2169 
7894 6516 7538 6574 
7895 7283 7385 7197 
7896 2583 6551 2582 
7897 5953 5955 5954 
7898 2582 6413 2581 
7899 7012 7662 7014 
7900 6436 6520 6519 
7901 5742 6187 6182 
7902 2206 7367 2205 
7903 6508 6509 6284 
7904 6933 7033 6944 
7905 6523 7432 6446 
7906 6242 7428 6217 
7907 6987 7766 6977 
7908 5894 5895 5892 
7909 2215 7362 2214 
7910 2563 7585 2562 
7911 2213 7382 2212 
7912 7474 7501 7473 
7913 7494 7689 6347 
7914 6747 7620 5987 
7915 6562 6775 6561 
7916 6252 7685 6250 
7917 7033 7405 6690 
7918 6385 6388 6383 
7919 2568 6418 2567 
7920 7028 7612 7029 
7921 6088 6091 6090 
7922 7020 7793 7021 
7923 2214 6196 2213 
7924 6138 7729 7666 
7925 7540 7702 5901 
7926 6833 7653 6834 
7927 6427 7759 6411 
7928 2115 7581 2116 
7929 6550 6553 6069 
7930 5896 5937 5895 
7931 5743 5935 5915 
7932 6020 7779 7711 
7933 7473 7489 7474 
7934 7196 7703 7185 
7935 6137 6161 5860 
7936 6122 7399 6506 
7937 6295 6540 6301 
7938 7374 7375 7367 
7939 6296 7775 6540 
7940 7348 7395 6309 
7941 6431 7450 7448 
7942 2573 6422 2572 
7943 6091 6100 6099 
7944 6590 6737 6588 
7945 6084 6886 6847 
7946 6702 6757 6623 
7947 5903 7801 7579 
7948 7211 7293 7292 
7949 6609 7806 6629 
7950 7020 7021 6988 
7951 1893 7634 1894 
7952 6125 7495 6306 
7953 5976 7512 6584 
7954 7255 7293 7211 
7955 6183 7490 6185 
7956 6566 6567 6565 
7957 6614 6632 6631 
7958 6948 6953 6951 
7959 5916 7717 5996 
7960 7314 7539 7309 
7961 6070 7435 6047 
7962 7193 7736 7274 
7963 6041 6044 6039 
7964 6155 7810 7318 
7965 6591 6592 6590 
7966 6534 6538 6537 
7967 1901 6499 5748 
7968 6783 7565 6784 
7969 6471 6567 6097 
7970 6191 6192 6190 
7971 6339 7801 5903 
7972 2200 7402 2199 
7973 6594 6595 6592 
7974 7425 7754 6963 
7975 7470 7561 7458 
7976 6429 7224 7223 
7977 5962 5972 5970 
7978 7420 7716 6460 
7979 6471 7802 6567 
7980 6953 6955 6954 
7981 7299 7327 7301 
7982 6355 6356 6353 
7983 6034 6515 6514 
7984 6633 7670 5854 
7985 6173 6486 5884 
7986 7378 7379 5919 
7987 7185 7703 7181 
7988 6683 7104 6931 
7989 6389 6390 6388 
7990 27 7587 2381 
7991 6082 7768 6165 
7992 5797 5991 298 
7993 6713 6727 6717 
7994 6407 7271 7270 
7995 6235 7155 6816 
7996 6955 6958 6956 
7997 5974 5994 5975 
7998 6701 6928 6681 
7999 6047 6048 6046 
8000 2170 6503 5831 
8001 6045 6046 6044 
8002 5814 6553 6550 
8003 2172 6459 5741 
8004 6360 6361 6356 
8005 6483 6484 5830 
8006 7482 7758 7030 
8007 6304 7746 6308 
8008 6202 7345 7343 
8009 6726 7697 7521 
8010 6016 6753 6575 
8011 6606 6610 6609 
8012 6958 6960 6959 
8013 6164 7812 6083 
8014 7318 7320 7319 
8015 6448 7138 6543 
8016 6391 6395 6390 
8017 2182 5828 2181 
8018 6049 6051 6048 
8019 5897 5898 5896 
8020 5870 7580 6171 
8021 6362 6363 6361 
8022 2574 7613 2573 
8023 6960 7011 6961 
8024 6205 7111 7108 
8025 6563 7785 6178 
8026 7028 7029 7023 
8027 2575 6421 2574 
8028 6576 7591 6779 
8029 6589 6590 6588 
8030 1896 7651 1897 
8031 6778 6780 5809 
8032 6232 7433 6257 
8033 6247 7433 6221 
8034 6253 7592 6280 
8035 6470 7429 5746 
8036 7415 7658 6057 
8037 5762 6810 6794 
8038 7109 7110 7107 
8039 6838 7629 6434 
8040 5972 5974 5973 
8041 6493 6494 6355 
8042 6933 6942 6941 
8043 6287 6508 6284 
8044 7406 7623 5838 
8045 5871 7548 7547 
8046 7379 7381 7380 
8047 7458 7561 7454 
8048 7001 7036 6874 
8049 7204 7707 7254 
8050 6240 7125 6807 
8051 5901 5906 5900 
8052 6052 6170 6051 
8053 5846 7092 6772 
8054 5932 6815 6814 
8055 5847 7089 6763 
8056 6724 7744 6856 
8057 7380 7692 7402 
8058 6610 6613 6611 
8059 2219 7614 2218 
8060 7041 7791 7165 
8061 6940 7636 6693 
8062 6187 6189 6182 
8063 2548 7706 2547 
8064 5925 6825 6824 
8065 7656 7794 7316 
8066 6538 7621 7407 
8067 6454 7288 7057 
8068 6472 6473 5829 
8069 7412 7478 6630 
8070 6794 6810 6739 
8071 6613 6632 6614 
8072 7238 7358 7357 
8073 5806 6910 6714 
8074 7302 7303 7300 
8075 6945 7034 6943 
8076 7195 7207 7204 
8077 7304 7305 7303 
8078 5797 7801 6339 
8079 6815 6816 6814 
8080 7049 7662 7012 
8081 2581 7390 2580 
8082 6984 7535 6973 
8083 7480 7789 6259 
8084 7413 7543 5984 
8085 7425 7483 7482 
8086 7228 7229 5908 
8087 5775 6940 6939 
8088 2114 7647 2115 
8089 6366 6506 6363 
8090 7106 7107 7105 
8091 6285 7687 6282 
8092 6683 6931 6930 
8093 6772 6830 6257 
8094 5838 7516 7406 
8095 6315 6321 6316 
8096 6816 7155 6814 
8097 7620 7801 5797 
8098 7217 7551 7016 
8099 6381 7420 6379 
8100 7299 7301 7300 
8101 1971 7603 1972 
8102 7586 7803 6111 
8103 7074 7700 6438 
8104 6260 7147 7119 
8105 2199 5920 2198 
8106 6575 6753 6573 
8107 6006 6936 6909 
8108 7495 7784 6091 
8109 6219 7428 6273 
8110 6287 6909 6508 
8111 5899 5900 5898 
8112 5932 7142 6806 
8113 6560 6736 5818 
8114 7366 7370 7369 
8115 6256 7163 6762 
8116 5741 6503 2171 
8117 6215 7156 6771 
8118 6144 7330 7329 
8119 6430 7694 6410 
8120 5927 7540 6174 
8121 5764 6864 6757 
8122 5925 7150 6766 
8123 6133 7641 6443 
8124 6790 7697 6789 
8125 6411 7694 6430 
8126 6842 7633 7529 
8127 7343 7795 7344 
8128 2551 7676 2550 
8129 2076 7615 2077 
8130 6396 6441 6395 
8131 6608 7479 6635 
8132 6839 7224 6429 
8133 5748 6529 1902 
8134 2052 7611 2053 
8135 6590 6745 6737 
8136 6534 7623 6538 
8137 6153 7589 7209 
8138 6995 7001 6999 
8139 6240 6807 6805 
8140 6757 6864 6755 
8141 5907 5988 5906 
8142 5847 6763 6761 
8143 6254 7584 6238 
8144 6660 7665 6667 
8145 7197 7743 7283 
8146 5846 6772 6770 
8147 6561 6563 6562 
8148 7103 7387 7102 
8149 7459 7470 7458 
8150 5937 7620 6747 
8151 5772 7071 6870 
8152 6972 7553 7483 
8153 6354 7440 6493 
8154 6846 6853 6085 
8155 7137 7271 6407 
8156 6406 7780 7545 
8157 6806 6815 5932 
8158 6714 6910 6712 
8159 6053 7658 6096 
8160 6715 6731 6730 
8161 6183 6185 6184 
8162 5807 6904 6856 
8163 6299 7477 6500 
8164 6779 7523 7522 
8165 7468 7786 7706 
8166 6717 6719 6718 
8167 6450 7734 6389 
8168 6509 7409 7396 
8169 6550 7346 5814 
8170 7482 7483 7096 
8171 6251 7394 6462 
8172 6713 6717 6716 
8173 5776 7115 6932 
8174 7459 7509 7470 
8175 7035 7037 6998 
8176 7003 7807 6994 
8177 6438 7514 7074 
8178 5825 7494 7087 
8179 5756 6744 6593 
8180 5900 5903 5898 
8181 6766 6825 5925 
8182 6009 6926 6899 
8183 22 7696 305 
8184 2580 6415 2579 
8185 5756 6593 6589 
8186 6101 7784 7528 
8187 5779 7167 7050 
8188 6909 6936 6007 
8189 6870 7071 6868 
8190 7483 7553 7096 
8191 6420 6424 6423 
8192 6300 7477 6593 
8193 6846 6847 6311 
8194 6558 6736 6560 
8195 2561 7724 2560 
8196 6816 6832 6235 
8197 7170 7792 6338 
8198 5894 5896 5895 
8199 6313 6314 6310 
8200 7485 7486 6139 
8201 7447 7500 7446 
8202 6032 7080 7047 
8203 6144 7329 7328 
8204 6257 7701 6772 
8205 5912 7715 7503 
8206 5910 7719 7715 
8207 6491 6492 5745 
8208 5818 6741 6560 
8209 6315 6316 6314 
8210 6806 7142 6804 
8211 6762 7163 6760 
8212 6756 6757 6755 
8213 6593 6744 6300 
8214 6699 7436 5878 
8215 6932 7115 6929 
8216 6771 7156 6769 
8217 7007 7691 7544 
8218 7457 7605 6418 
8219 6766 7150 6764 
8220 6976 7244 7130 
8221 6144 7556 7330 
8222 6282 7687 6287 
8223 7389 7543 5796 
8224 6559 6560 6186 
8225 5945 7530 6473 
8226 7050 7167 7048 
8227 7467 7469 7468 
8228 7030 7758 7028 
8229 7068 7393 5941 
8230 6372 6506 6366 
8231 6566 6704 6055 
8232 6526 7475 6198 
8233 6983 7030 7028 
8234 6259 7789 6234 
8235 6310 6461 6307 
8236 2570 7627 2569 
8237 6186 7635 6059 
8238 5788 7265 7179 
8239 6939 6940 6931 
8240 6039 6334 6038 
8241 6574 6575 6573 
8242 6235 6832 6831 
8243 6559 6566 6055 
8244 6800 7158 5839 
8245 7407 7621 7320 
8246 5811 7601 2367 
8247 5791 7291 7205 
8248 6036 6038 6029 
8249 6258 6830 6829 
8250 2381 7721 2380 
8251 6142 7560 7311 
8252 5882 7524 7507 
8253 6141 7550 7326 
8254 6226 7682 6495 
8255 6822 7157 5841 
8256 7621 7623 7406 
8257 6130 7511 7392 
8258 5822 6853 6846 
8259 6691 7117 6942 
8260 6856 6904 6722 
8261 7130 7244 7128 
8262 2198 7472 2197 
8263 7330 7556 6145 
8264 7031 7032 6949 
8265 7637 7649 6169 
8266 6869 6870 6868 
8267 6599 6603 6601 
8268 7179 7265 7177 
8269 7532 7533 5869 
8270 6802 6803 6780 
8271 6668 7052 6871 
8272 6899 6926 5805 
8273 7329 7330 7214 
8274 6397 7675 2552 
8275 7205 7291 7202 
8276 7522 7726 6780 
8277 6141 7326 7325 
8278 6835 6843 5821 
8279 6267 7480 6763 
8280 6661 7673 5875 
8281 6930 6932 6929 
8282 6092 6505 6064 
8283 5869 7650 6874 
8284 6242 7617 7428 
8285 6942 7117 6941 
8286 7047 7080 6033 
8287 6668 6871 6869 
8288 7311 7560 5793 
8289 7049 7050 7048 
8290 7077 7494 6345 
8291 7547 7548 5870 
8292 7326 7550 6142 
8293 6488 7637 6071 
8294 6558 6560 6559 
8295 2576 7599 2575 
8296 7396 7409 6482 
8297 7138 7279 6449 
8298 2567 7618 2566 
8299 6437 7741 7296 
8300 6834 6835 5821 
8301 6308 7746 6886 
8302 7227 7250 7107 
8303 6871 7052 5771 
8304 7363 7813 7358 
8305 6944 6945 6943 
8306 6212 7416 6272 
8307 6713 6714 6712 
8308 7141 7297 6387 
8309 6023 6891 6731 
8310 6680 6687 6682 
8311 6617 7709 6756 
8312 2593 7510 6130 
8313 6946 7122 7084 
8314 6510 7039 6907 
8315 2367 7601 2366 
8316 2366 7765 2365 
8317 5966 5967 5959 
8318 6149 7277 7254 
8319 6565 6704 6566 
8320 6294 7441 6298 
8321 7238 7357 7240 
8322 7671 7772 6195 
8323 6286 7069 6903 
8324 6631 7698 5877 
8325 6798 7158 6800 
8326 7129 7130 7128 
8327 7058 7335 6393 
8328 6265 7764 7108 
8329 2179 6179 5999 
8330 5784 7222 7131 
8331 5955 5957 5956 
8332 6946 7084 7042 
8333 6279 7093 6913 
8334 6498 7587 7346 
8335 6200 7355 7339 
8336 2587 7516 5838 
8337 1903 6529 5963 
8338 7445 7449 6117 
8339 6278 7592 6253 
8340 6819 7157 6822 
8341 6510 6907 6906 
8342 5790 7290 7284 
8343 7702 7762 5901 
8344 6270 7531 6825 
8345 7328 7329 7301 
8346 2569 7628 2568 
8347 6145 7397 7330 
8348 7083 7624 7084 
8349 7178 7179 7177 
8350 2196 7783 2195 
8351 6996 7268 7184 
8352 5859 7542 6161 
8353 7203 7205 7202 
8354 6286 6903 6902 
8355 7428 7617 6273 
8356 6149 7254 7253 
8357 7254 7277 5791 
8358 7182 7187 7186 
8359 5895 7688 5892 
8360 7084 7122 7083 
8361 5929 7563 23 
8362 7191 7276 7206 
8363 6193 7475 6192 
8364 6855 6856 6722 
8365 6731 6924 6023 
8366 6279 6913 6912 
8367 7145 7151 6358 
8368 7300 7311 5793 
8369 5784 7131 7129 
8370 5822 6846 6845 
8371 6805 6806 6804 
8372 7131 7222 7006 
8373 6459 7430 5741 
8374 6761 6762 6760 
8375 5996 5997 5828 
8376 6723 7557 6024 
8377 6579 6843 6835 
8378 6377 6378 6375 
8379 6060 7684 6054 
8380 6770 6771 6769 
8381 6535 6551 6414 
8382 5803 7552 6729 
8383 6726 7520 6723 
8384 6632 6633 5876 
8385 5790 7284 7283 
8386 6821 7149 6359 
8387 6697 6698 6600 
8388 6503 7403 5831 
8389 7284 7290 7201 
8390 6188 6190 6189 
8391 5742 6181 2176 
8392 6288 7732 7411 
8393 6765 6766 6764 
8394 6996 7184 7178 
8395 6139 7681 6442 
8396 7184 7268 6997 
8397 7193 7385 7284 
8398 7318 7810 7320 
8399 6962 7788 7032 
8400 6860 7173 6369 
8401 6122 7808 7571 
8402 7191 7206 7203 
8403 6381 7716 7420 
8404 6898 6899 5805 
8405 5935 7501 7474 
8406 7206 7276 7192 
8407 6687 7508 7408 
8408 6431 7778 6416 
8409 7210 7293 7255 
8410 6839 7159 5842 
8411 6568 7742 6516 
8412 6771 7792 6215 
8413 7144 7145 6358 
8414 7135 7279 7138 
8415 7344 7795 7233 
8416 2195 6532 2194 
8417 2197 5917 2196 
8418 5980 7606 5981 
8419 6259 6762 6761 
8420 6077 7555 6827 
8421 6967 7622 7015 
8422 6845 7737 6844 
8423 6115 6332 6109 
8424 6595 6598 6597 
8425 7239 7366 7365 
8426 7387 7425 6963 
8427 6982 7725 7005 
8428 6820 6821 6359 
8429 7408 7508 6677 
8430 7139 7297 7141 
8431 6021 6890 6727 
8432 7046 7047 6033 
8433 6208 7811 7231 
8434 6907 7039 6008 
8435 6021 6727 6713 
8436 6353 6490 6350 
8437 6903 7069 6006 
8438 7430 7730 6457 
8439 6103 6163 6100 
8440 7391 7392 7319 
8441 6859 6860 6369 
8442 5743 5915 5836 
8443 6419 7778 6431 
8444 7339 7355 6201 
8445 7055 7335 7058 
8446 6022 7426 6727 
8447 2183 7419 2182 
8448 6513 6562 6035 
8449 6034 6514 6513 
8450 6731 6891 6730 
8451 6096 6544 6531 
8452 6838 6839 5842 
8453 2566 7619 2565 
8454 6257 6830 6496 
8455 5881 7596 7595 
8456 6913 7093 6032 
8457 5922 7590 7504 
8458 6562 6563 6035 
8459 7137 7332 5861 
8460 6132 7392 7391 
8461 6138 7487 7486 
8462 6425 7486 7485 
8463 6575 7591 6576 
8464 6379 6443 6378 
8465 6475 7396 6482 
8466 6387 7287 7141 
8467 6798 6800 6799 
8468 6094 7804 6741 
8469 7504 7727 5922 
8470 5957 5959 5958 
8471 6831 6832 6763 
8472 7253 7707 7215 
8473 7057 7278 6121 
8474 6489 7527 6321 
8475 6463 6465 5747 
8476 5840 7151 7145 
8477 6829 6830 6772 
8478 6819 6822 6820 
8479 7073 7333 6523 
8480 6333 7568 5826 
8481 7136 7137 5861 
8482 5845 7088 6767 
8483 6357 7149 6821 
8484 5998 7582 6331 
8485 6277 7411 7091 
8486 6348 6349 6346 
8487 6432 7652 6408 
8488 7004 7532 6978 
8489 7235 7351 7343 
8490 5841 7173 6860 
8491 7197 7385 7190 
8492 6598 6699 6599 
8493 5845 6767 6765 
8494 5999 6336 2178 
8495 6931 7104 6939 
8496 7367 7384 7374 
8497 6462 7790 7067 
8498 7327 7328 7301 
8499 6380 7545 6448 
8500 6350 6351 6349 
8501 7533 7534 5869 
8502 6429 7159 6839 
8503 6398 7705 2549 
8504 6485 7512 5976 
8505 7337 7340 7229 
8506 7240 7242 7236 
8507 5769 7735 6849 
8508 6368 7593 6822 
8509 6014 6043 6012 
8510 6919 7722 6920 
8511 6495 7682 6466 
8512 7056 7057 6121 
8513 7462 7484 7467 
8514 6727 6890 6022 
8515 6274 7200 6767 
8516 6702 7604 6758 
8517 5963 6552 1904 
8518 6083 6087 6080 
8519 6094 7496 6487 
8520 5780 7482 7096 
8521 6460 7799 6133 
8522 6073 6092 6065 
8523 7135 7138 7136 
8524 6407 7332 7137 
8525 7235 7343 7342 
8526 5828 7419 5996 
8527 6642 6662 6645 
8528 6689 7031 6949 
8529 6441 7652 6139 
8530 7375 7378 7377 
8531 6237 7789 6267 
8532 6648 6651 6650 
8533 6436 7741 6518 
8534 6653 6661 6659 
8535 5782 7551 7127 
8536 6054 7684 6052 
8537 5913 7475 6526 
8538 6100 6916 6099 
8539 6206 7298 7108 
8540 7257 7749 7258 
8541 7469 7484 6405 
8542 7139 7141 7140 
8543 5996 7717 5998 
8544 7399 7583 6110 
8545 7526 7762 5909 
8546 7371 7376 7375 
8547 5951 7517 5953 
8548 7469 7786 7468 
8549 7338 7339 6201 
8550 6206 7108 7106 
8551 7374 7384 7368 
8552 6972 7631 7559 
8553 6525 6548 6070 
8554 6916 7423 5864 
8555 7237 7569 7238 
8556 5796 7543 7413 
8557 6418 7618 2567 
8558 6453 7278 7057 
8559 7005 7133 7132 
8560 5960 7388 5962 
8561 7055 7058 7056 
8562 6044 6334 6039 
8563 6858 7708 6859 
8564 6321 7527 6316 
8565 7316 7794 7314 
8566 5919 7578 7378 
8567 6591 6594 6592 
8568 6589 6591 6590 
8569 6171 7580 6170 
8570 6767 7088 6274 
8571 7343 7351 6202 
8572 7392 7757 6130 
8573 2577 7598 2576 
8574 6496 6580 6255 
8575 6500 6540 6295 
8576 6371 6372 6367 
8577 5871 6335 6334 
8578 6441 6442 6395 
8579 7060 7062 7059 
8580 1907 6541 5971 
8581 6042 7588 6554 
8582 6314 6461 6310 
8583 5997 6527 5828 
8584 6188 6189 6187 
8585 6529 6530 5963 
8586 6610 7670 6613 
8587 6958 6962 6960 
8588 5946 7575 6492 
8589 7193 7693 7190 
8590 5971 6578 1908 
8591 6506 7399 6363 
8592 6088 6090 6087 
8593 6091 6099 6090 
8594 6424 7753 7407 
8595 7236 7242 7241 
8596 5903 7579 5898 
8597 2591 7757 6132 
8598 6061 7635 6094 
8599 7153 7763 5839 
8600 6068 6550 6525 
8601 6064 6093 6060 
8602 7108 7298 6205 
8603 6942 6944 6943 
8604 6379 7420 6443 
8605 6790 7726 7521 
8606 6104 7645 7498 
8607 6969 6984 6973 
8608 1905 6552 5749 
8609 7471 7519 7469 
8610 5935 7474 5936 
8611 6203 6526 6198 
8612 6750 7723 6592 
8613 7239 7569 6227 
8614 5829 7530 6470 
8615 5742 6182 6181 
8616 6160 7782 7273 
8617 2180 6527 6179 
8618 6991 7544 7266 
8619 7463 7549 7461 
8620 7302 7304 7303 
8621 6873 7650 5848 
8622 7301 7302 7300 
8623 5936 6466 6464 
8624 7132 7133 7131 
8625 7304 7306 7305 
8626 5996 5998 5997 
8627 6156 6162 6151 
8628 6146 6161 6137 
8629 6343 6489 6322 
8630 6268 6325 6252 
8631 6579 7720 6076 
8632 6244 6254 6238 
8633 5749 6541 1906 
8634 6209 6222 6207 
8635 6356 6490 6353 
8636 6128 7573 6115 
8637 7282 7743 7192 
8638 5879 7437 7436 
8639 6220 6243 6218 
8640 6213 7502 6211 
8641 6350 6490 6351 
8642 6116 7627 2570 
8643 6426 7753 6420 
8644 7406 7516 7322 
8645 7589 7781 7209 
8646 7107 7228 7227 
8647 6947 7748 6948 
8648 6230 7704 6265 
8649 7490 7491 6185 
8650 6859 7708 6370 
8651 6335 7547 5851 
8652 6953 7515 6955 
8653 6850 7745 6921 
8654 7275 7782 6160 
8655 5938 5989 5930 
8656 7103 7631 7387 
8657 7001 7668 6999 
8658 6545 7415 6546 
8659 6162 7752 7610 
8660 5911 5988 5907 
8661 1909 6578 5750 
8662 7106 7109 7107 
8663 5848 7650 7534 
8664 5835 6465 5916 
8665 6719 6720 6718 
8666 6717 6718 6716 
8667 6604 7427 6606 
8668 7373 7374 7368 
8669 5890 7688 6507 
8670 7325 7326 7307 
8671 7658 7659 6057 
8672 6104 7803 7586 
8673 6978 7532 6992 
8674 6390 6460 6388 
8675 5746 7654 7386 
8676 6324 7389 7386 
8677 6383 7716 6381 
8678 7241 7492 7234 
8679 1911 6556 5977 
8680 5877 7513 6696 
8681 6340 7434 5992 
8682 5977 6583 1912 
8683 6930 6934 6932 
8684 7378 7578 7377 
8685 6346 7497 6343 
8686 5770 7745 6850 
8687 6686 7674 6672 
8688 7005 7725 6975 
8689 7042 7791 7041 
8690 6179 6180 5999 
8691 7068 7394 7393 
8692 1915 6570 5979 
8693 7066 7790 5943 
8694 5915 6463 5836 
8695 5979 6708 1916 
8696 5750 6556 1910 
8697 6948 7748 6953 
8698 6620 7565 6697 
8699 2382 6553 5814 
8700 1913 6583 5751 
8701 6990 7807 7003 
8702 6408 6441 6396 
8703 7472 7692 7473 
8704 6069 6553 2383 
8705 5751 6570 1914 
8706 6523 7700 7074 
8707 6132 7391 7323 
8708 7188 7693 7193 
8709 1919 6577 5982 
8710 5982 6709 1920 
8711 2384 6547 6069 
8712 7454 7561 6402 
8713 6176 7679 7430 
8714 1917 6708 5752 
8715 6588 6737 1935 
8716 5935 5936 5915 
8717 5923 7590 7503 
8718 5752 6577 1918 
8719 1921 6709 5753 
8720 7470 7567 6403 
8721 6297 6710 1924 
8722 1923 6705 6297 
8723 6713 6716 6714 
8724 5753 6705 1922 
8725 1925 6710 5754 
8726 7274 7782 7198 
8727 5756 6588 1934 
8728 6737 6745 1936 
8729 5754 6738 1926 
8730 5864 7648 6916 
8731 6095 6585 2379 
8732 1927 6738 6296 
8733 2385 6703 6547 
8734 6296 6743 1928 
8735 7435 7659 6049 
8736 6552 7525 5749 
8737 6907 7409 6906 
8738 6042 6554 2375 
8739 6325 7685 6252 
8740 1929 6743 5755 
8741 1931 6742 6300 
8742 6300 6744 1932 
8743 5755 6742 1930 
8744 6412 6432 6409 
8745 6554 6587 2374 
8746 1933 6744 5756 
8747 7527 7528 6316 
8748 1937 6745 5757 
8749 5757 6749 1938 
8750 7284 7385 7283 
8751 5760 6734 1950 
8752 1939 6749 6622 
8753 6734 6787 1951 
8754 6622 6773 1940 
8755 6612 6739 1957 
8756 7596 7606 5980 
8757 6435 7629 7248 
8758 6763 7480 6761 
8759 6739 6810 1958 
8760 1941 6773 5758 
8761 1943 6754 6602 
8762 6132 7757 7392 
8763 6602 6782 1944 
8764 5758 6754 1942 
8765 6131 7510 2594 
8766 6621 6783 1948 
8767 1947 6774 6621 
8768 6619 6748 1962 
8769 1945 6782 5759 
8770 7229 7338 7337 
8771 5759 6774 1946 
8772 1949 6783 5760 
8773 7464 7549 7465 
8774 6748 6811 1963 
8775 1954 6785 5761 
8776 6050 6571 2389 
8777 5761 6792 1955 
8778 6607 6785 1953 
8779 7427 7667 5854 
8780 1952 6787 6607 
8781 6037 6561 2370 
8782 6031 7677 6325 
8783 6541 6542 5971 
8784 6913 7592 6912 
8785 1956 6792 6612 
8786 5951 7728 7517 
8787 2390 6733 6050 
8788 2388 6571 6557 
8789 5871 7547 6335 
8790 6617 6755 1967 
8791 2378 6585 5813 
8792 2184 5744 2183 
8793 6755 6864 1968 
8794 6019 6568 2364 
8795 1959 6810 5762 
8796 6561 6775 2369 
8797 2589 7323 7322 
8798 1961 6809 6619 
8799 5762 6809 1960 
8800 1964 6811 5763 
8801 6628 6791 1977 
8802 6568 6776 2363 
8803 6763 7089 6831 
8804 5815 6703 2386 
8805 5763 6840 1965 
8806 6791 6866 1978 
8807 2150 7550 6141 
8808 6466 6528 6464 
8809 2387 6557 5815 
8810 5766 6797 1980 
8811 1966 6840 6617 
8812 6170 7580 6051 
8813 6807 7125 6817 
8814 6420 6423 6417 
8815 6772 7092 6829 
8816 6797 6878 1981 
8817 7429 7654 5746 
8818 6265 7704 6229 
8819 2376 6582 6042 
8820 6805 7360 6806 
8821 5856 7797 7388 
8822 6625 6865 1973 
8823 6732 6733 2391 
8824 5813 6582 2377 
8825 2396 6555 6056 
8826 1969 6864 5764 
8827 6836 6882 1986 
8828 5767 6836 1985 
8829 6573 6753 2360 
8830 1974 6865 5765 
8831 6658 6828 1992 
8832 1976 6861 6628 
8833 5765 6861 1975 
8834 2373 6587 5812 
8835 5810 6573 2361 
8836 1979 6866 5766 
8837 6828 6918 1993 
8838 5931 7727 7537 
8839 5943 7790 7068 
8840 5812 6707 2372 
8841 5769 6848 1995 
8842 2402 6558 6055 
8843 6056 6586 2395 
8844 6443 7546 6378 
8845 5770 6850 2000 
8846 1982 6878 6643 
8847 6912 7592 6278 
8848 6848 6938 1996 
8849 5916 5996 5744 
8850 2394 6586 6564 
8851 2371 6707 6037 
8852 5816 6732 2392 
8853 2397 6735 6555 
8854 6643 6914 1983 
8855 2393 6564 5816 
8856 1987 6882 6646 
8857 6850 7040 2001 
8858 6055 6704 2401 
8859 6646 6917 1988 
8860 6141 7324 2151 
8861 1984 6914 5767 
8862 2399 6565 5817 
8863 2403 6736 6558 
8864 2400 6704 6565 
8865 1989 6917 5768 
8866 6668 6868 2007 
8867 1991 6895 6658 
8868 7510 7511 6130 
8869 5768 6895 1990 
8870 1994 6918 5769 
8871 6868 7071 2008 
8872 5817 6735 2398 
8873 6685 6879 2012 
8874 1999 6919 5770 
8875 6879 7072 2013 
8876 5818 6736 2404 
8877 5773 6880 2015 
8878 6656 6919 1998 
8879 1997 6938 6656 
8880 2405 6740 5818 
8881 6880 7081 2016 
8882 6324 7543 7389 
8883 6674 6887 2018 
8884 2002 7040 6665 
8885 6063 6740 2406 
8886 6874 7650 6873 
8887 7517 7728 5827 
8888 6665 7065 2003 
8889 2407 6746 6063 
8890 6887 7112 2019 
8891 6679 6927 2024 
8892 2006 7052 6668 
8893 2004 7065 5771 
8894 2409 6569 6062 
8895 6062 6746 2408 
8896 7161 7761 6444 
8897 5771 7052 2005 
8898 6937 7099 2022 
8899 5774 6937 2021 
8900 6683 6929 2030 
8901 6178 7785 6504 
8902 6660 7674 6686 
8903 2009 7071 5772 
8904 6984 7536 7535 
8905 6927 7114 2025 
8906 2011 7070 6685 
8907 6424 6425 6423 
8908 5772 7070 2010 
8909 2014 7072 5773 
8910 5745 7575 6472 
8911 5775 6939 2027 
8912 6929 7115 2031 
8913 6939 7104 2028 
8914 5776 6941 2033 
8915 6941 7117 2034 
8916 6105 7527 6489 
8917 6691 7038 2036 
8918 2152 7324 7310 
8919 2059 7553 6972 
8920 7141 7287 6451 
8921 2017 7081 6674 
8922 6699 6700 6603 
8923 6132 7323 2590 
8924 2368 6775 5811 
8925 6158 7713 7194 
8926 6838 7481 6839 
8927 6946 7041 2042 
8928 2362 6776 5810 
8929 6952 7048 2048 
8930 7038 7164 2037 
8931 7483 7631 6972 
8932 6016 6781 2358 
8933 6950 7624 7034 
8934 6505 7669 6093 
8935 2356 6777 5809 
8936 2359 6753 6016 
8937 7095 7124 2046 
8938 7083 7122 2040 
8939 2023 7099 6679 
8940 7041 7165 2043 
8941 7048 7167 2049 
8942 2410 6818 6569 
8943 2357 6781 6777 
8944 2020 7112 5774 
8945 2142 7556 6144 
8946 5777 7083 2039 
8947 5778 7095 2045 
8948 5809 6803 2355 
8949 2029 7104 6683 
8950 6730 6891 2334 
8951 6957 7078 2054 
8952 6712 6910 2337 
8953 6021 6712 2338 
8954 2026 7114 5775 
8955 6927 7636 7114 
8956 2032 7115 5776 
8957 5806 6730 2335 
8958 2415 6801 6066 
8959 2035 7117 6691 
8960 6066 6786 2414 
8961 7078 7168 2055 
8962 6247 7701 7433 
8963 2350 6788 5808 
8964 5780 7096 2057 
8965 5808 6852 2349 
8966 5803 6729 2312 
8967 6064 6505 6093 
8968 2413 6786 6581 
8969 7534 7650 5869 
8970 6168 6801 2416 
8971 2041 7122 6946 
8972 2412 6581 5819 
8973 2047 7124 6952 
8974 6027 6789 2352 
8975 6729 7045 2311 
8976 2353 6802 6027 
8977 6966 7100 2066 
8978 2354 6803 6802 
8979 5767 7642 6836 
8980 6142 7550 2149 
8981 6632 7698 6631 
8982 2351 6789 6788 
8983 2417 6841 6168 
8984 2423 6579 6076 
8985 5819 6818 2411 
8986 6118 7567 7470 
8987 2038 7164 5777 
8988 7126 7172 2064 
8989 7096 7553 2058 
8990 7100 7220 2067 
8991 7405 7750 6690 
8992 5998 6331 5997 
8993 5781 7126 2063 
8994 2044 7165 5778 
8995 6968 7120 2072 
8996 2050 7167 5779 
8997 6076 6812 2422 
8998 2348 6852 6851 
8999 5814 7587 27 
9000 2056 7168 5780 
9001 2421 6812 6077 
9002 7127 7216 2070 
9003 5782 7127 2069 
9004 7120 7221 2073 
9005 2424 6843 6579 
9006 5820 6841 2418 
9007 7356 7414 6618 
9008 6079 6823 2429 
9009 2428 6823 6081 
9010 2347 6851 6025 
9011 5838 7623 6539 
9012 5784 7128 2082 
9013 6077 6827 2420 
9014 2430 6863 6079 
9015 2419 6827 5820 
9016 6081 6833 2427 
9017 2426 6833 5821 
9018 5821 6843 2425 
9019 2148 7560 6142 
9020 2434 6853 5822 
9021 5838 6539 2586 
9022 7128 7244 2083 
9023 6025 6854 2346 
9024 6972 7559 2060 
9025 5822 6844 2433 
9026 6085 6853 2435 
9027 2065 7172 6966 
9028 2345 6854 6722 
9029 6311 7746 6304 
9030 2436 6857 6085 
9031 6305 6863 2431 
9032 6084 6857 2437 
9033 2432 6844 6305 
9034 2061 7559 7219 
9035 6531 7802 6471 
9036 2210 7572 5902 
9037 2062 7219 5781 
9038 6722 6904 2344 
9039 2201 7564 5914 
9040 7310 7354 2153 
9041 5845 6764 2259 
9042 5846 6769 2270 
9043 5847 6760 2280 
9044 6144 7328 2143 
9045 2438 6885 6084 
9046 2071 7216 6968 
9047 7433 7701 6257 
9048 2068 7220 5782 
9049 6494 7769 6355 
9050 6980 7171 2093 
9051 7421 7673 6661 
9052 2074 7221 5783 
9053 7171 7263 2094 
9054 5786 7174 2096 
9055 6070 7800 7435 
9056 2081 7222 5784 
9057 7174 7261 2097 
9058 5941 6796 2299 
9059 6796 7123 2298 
9060 6996 7177 2107 
9061 6971 7226 2078 
9062 7006 7222 2080 
9063 6764 7150 2258 
9064 7177 7265 2108 
9065 2079 7226 7006 
9066 6769 7156 2269 
9067 6760 7163 2279 
9068 2084 7244 6976 
9069 6086 6885 2439 
9070 6831 7089 2282 
9071 6976 7251 2085 
9072 6159 7201 2121 
9073 5794 7657 24 
9074 6829 7092 2272 
9075 2343 6904 5807 
9076 2440 6711 6086 
9077 6694 7541 7421 
9078 7191 7202 2128 
9079 6817 7125 2291 
9080 6240 6804 2289 
9081 7498 7645 6105 
9082 6804 7142 2288 
9083 2086 7251 7022 
9084 5844 6768 2246 
9085 6022 6890 2340 
9086 2333 6891 6023 
9087 2339 6890 6021 
9088 6023 6923 2332 
9089 2144 7328 7327 
9090 5807 6894 2342 
9091 7022 7262 2087 
9092 2341 6894 6022 
9093 6148 7259 2135 
9094 5802 6817 2292 
9095 2336 6910 5806 
9096 7201 7290 2122 
9097 5804 6925 2320 
9098 5805 6926 2328 
9099 7202 7291 2129 
9100 2136 7259 7211 
9101 2092 7257 6980 
9102 2329 6897 5805 
9103 5932 6814 2286 
9104 6814 7155 2285 
9105 6981 7257 2091 
9106 6481 6897 2330 
9107 6235 6831 2283 
9108 2088 7262 5785 
9109 2134 7252 6148 
9110 2331 6923 6481 
9111 2090 7260 6981 
9112 6145 7556 2141 
9113 2098 7261 6991 
9114 6258 6829 2273 
9115 6991 7266 2099 
9116 5785 7260 2089 
9117 2319 6925 6007 
9118 2327 6926 6009 
9119 2321 6905 5804 
9120 6528 7582 5998 
9121 6726 7521 7520 
9122 2095 7263 5786 
9123 6007 6936 2318 
9124 6009 6935 2326 
9125 5801 7066 2303 
9126 2100 7266 7008 
9127 5787 7267 2103 
9128 2102 7264 5787 
9129 2109 7265 5788 
9130 5788 7269 2110 
9131 7008 7264 2101 
9132 2313 6901 5803 
9133 2140 7256 6145 
9134 2104 7267 6997 
9135 6997 7268 2105 
9136 2111 7269 6877 
9137 2106 7268 6996 
9138 2325 6935 6008 
9139 2317 6936 6006 
9140 7211 7292 2137 
9141 6877 7272 2112 
9142 2304 6911 5801 
9143 6538 7623 7621 
9144 5925 6824 2256 
9145 6008 7039 2324 
9146 6510 6905 2322 
9147 6149 7252 2133 
9148 2113 7272 6876 
9149 2441 7075 6711 
9150 6006 7069 2316 
9151 2120 7273 6159 
9152 2323 7039 6510 
9153 6119 7570 2546 
9154 6403 7567 2559 
9155 2127 7276 7191 
9156 2310 7045 6033 
9157 2443 6751 5823 
9158 6160 7273 2119 
9159 6599 6699 6603 
9160 6603 7667 6604 
9161 2132 7277 6149 
9162 2302 7066 5943 
9163 6286 6901 2314 
9164 2448 7053 6126 
9165 6227 7772 7671 
9166 7192 7276 2126 
9167 6824 7225 2255 
9168 2444 7063 6751 
9169 6126 7043 2447 
9170 2145 7327 7299 
9171 6320 7053 2449 
9172 2446 7043 6127 
9173 2118 7280 6160 
9174 2315 7069 6286 
9175 7520 7557 6723 
9176 5792 7256 2139 
9177 6033 7080 2309 
9178 2138 7292 5792 
9179 2457 6752 6102 
9180 6127 7063 2445 
9181 6534 6535 6414 
9182 2125 7282 7192 
9183 2452 6759 5824 
9184 2450 7085 6320 
9185 5823 7075 2442 
9186 2455 7079 6319 
9187 6319 7064 2454 
9188 5789 7280 2117 
9189 5791 7277 2131 
9190 6279 6911 2305 
9191 2453 7064 6759 
9192 2123 7290 5790 
9193 2130 7291 5791 
9194 5790 7282 2124 
9195 5943 7113 2301 
9196 6102 7079 2456 
9197 6884 7166 2252 
9198 2458 7076 6752 
9199 2308 7080 6032 
9200 2460 7087 6344 
9201 6344 7076 2459 
9202 5824 7085 2451 
9203 6032 7093 2307 
9204 6768 7281 2245 
9205 5825 7087 2461 
9206 6538 7407 6537 
9207 5928 7526 7491 
9208 2462 7094 5825 
9209 2306 7093 6279 
9210 2464 7097 6107 
9211 6107 7094 2463 
9212 6106 7097 2465 
9213 5924 6884 2253 
9214 6030 7591 7538 
9215 2466 7116 6106 
9216 2146 7299 5793 
9217 2281 7089 5847 
9218 2300 7113 5941 
9219 2271 7092 5846 
9220 2468 6798 6108 
9221 2203 7578 5919 
9222 6108 7116 2467 
9223 2260 7088 5845 
9224 6512 7777 6456 
9225 6351 7803 7498 
9226 2295 7118 6261 
9227 2247 7090 5844 
9228 5942 7118 2296 
9229 2297 7123 5942 
9230 6261 7146 2294 
9231 2154 7354 5794 
9232 7322 7516 2588 
9233 2290 7125 6240 
9234 2486 6819 6359 
9235 2469 7158 6798 
9236 2477 6826 6114 
9237 7343 7344 7342 
9238 2257 7150 5925 
9239 2293 7146 5802 
9240 2287 7142 5932 
9241 2484 7149 6357 
9242 2268 7156 6215 
9243 7371 7375 7374 
9244 6357 7143 2483 
9245 2278 7163 6256 
9246 2475 7152 6112 
9247 2482 7143 6358 
9248 6359 7149 2485 
9249 2473 7148 6113 
9250 6112 7148 2474 
9251 5793 7560 2147 
9252 5839 7158 2470 
9253 6114 7152 2476 
9254 2487 7157 6819 
9255 2478 7160 6826 
9256 6358 7151 2481 
9257 2480 7151 5840 
9258 2284 7155 6235 
9259 2471 7153 5839 
9260 6113 7153 2472 
9261 5934 7154 2275 
9262 2274 7154 6258 
9263 5841 7157 2488 
9264 5840 7160 2479 
9265 6256 7162 2277 
9266 6122 7571 7546 
9267 6446 7700 6523 
9268 2276 7162 5934 
9269 7105 7250 2238 
9270 2489 7173 5841 
9271 2499 6837 5842 
9272 6274 7088 2261 
9273 6696 7513 5853 
9274 6215 7218 2267 
9275 6130 7757 2592 
9276 6216 7199 2263 
9277 2491 6858 6369 
9278 5842 7159 2498 
9279 6369 7173 2490 
9280 2264 7169 6216 
9281 2251 7166 5926 
9282 5926 7249 2250 
9283 6206 7105 2239 
9284 2262 7199 6274 
9285 6590 7723 6745 
9286 5902 7372 2209 
9287 6276 7090 2248 
9288 2266 7218 6214 
9289 6214 7169 2265 
9290 2497 7159 6429 
9291 2492 7247 6858 
9292 5977 6584 6583 
9293 2500 7248 6837 
9294 2494 6893 6124 
9295 2254 7225 5924 
9296 7635 7804 6094 
9297 2249 7249 6276 
9298 6429 7223 2496 
9299 2380 7721 6095 
9300 2504 6892 6123 
9301 2495 7223 6893 
9302 6124 7247 2493 
9303 6435 7248 2501 
9304 2502 7245 6435 
9305 1972 7603 6625 
9306 6123 7245 2503 
9307 2116 7581 5789 
9308 5893 7710 5894 
9309 6470 7530 7429 
9310 6875 7597 7189 
9311 2236 7227 5908 
9312 2505 7270 6892 
9313 5908 7340 2235 
9314 6407 7270 2506 
9315 2244 7281 6266 
9316 2538 7055 6121 
9317 2516 7073 6439 
9318 2521 7082 6394 
9319 6147 7767 7589 
9320 2512 7294 6449 
9321 2507 7332 6407 
9322 5882 7507 5993 
9323 6440 7445 7443 
9324 2237 7250 7227 
9325 2524 7098 6135 
9326 6449 7279 2511 
9327 6439 7285 2515 
9328 6121 7278 2537 
9329 6134 7294 2513 
9330 5919 7564 2202 
9331 2522 7295 7082 
9332 2514 7285 6134 
9333 7499 7506 7447 
9334 6386 7286 2533 
9335 6135 7295 2523 
9336 6266 7336 2243 
9337 2525 7296 7098 
9338 2517 7333 7073 
9339 6437 7296 2526 
9340 2534 7334 6386 
9341 2532 7286 6387 
9342 6394 7289 2520 
9343 2510 7279 7135 
9344 5750 7632 6556 
9345 6693 7636 6701 
9346 2539 7335 7055 
9347 2527 7331 6437 
9348 6604 7667 7427 
9349 2509 7135 5861 
9350 6387 7297 2531 
9351 2585 6539 6533 
9352 5861 7332 2508 
9353 2529 7139 5863 
9354 2234 7340 7337 
9355 7381 7489 7380 
9356 5918 7359 2217 
9357 2530 7297 7139 
9358 2240 7298 6206 
9359 2519 7289 5862 
9360 5862 7333 2518 
9361 2536 7278 6453 
9362 5832 7730 6459 
9363 5863 7331 2528 
9364 6453 7334 2535 
9365 2242 7336 6205 
9366 6393 7335 2540 
9367 6205 7298 2241 
9368 2558 7567 6118 
9369 2208 7372 7368 
9370 2233 7337 6201 
9371 2541 7347 6393 
9372 5962 7388 5972 
9373 6577 7488 5982 
9374 6676 7508 6680 
9375 5830 7558 6499 
9376 6201 7355 2232 
9377 6392 7347 2542 
9378 5885 7350 2224 
9379 2225 7341 5885 
9380 2543 7349 6392 
9381 7061 7349 2544 
9382 7235 7341 2226 
9383 2223 7350 6225 
9384 6876 7647 2114 
9385 6116 7506 7499 
9386 2053 7611 6957 
9387 6473 7530 5829 
9388 7456 7605 7451 
9389 6225 7353 2222 
9390 2227 7351 7235 
9391 7443 7445 7444 
9392 6591 7776 7439 
9393 6401 7796 2564 
9394 6202 7351 2228 
9395 2231 7355 6200 
9396 2221 7353 6224 
9397 7566 7799 6442 
9398 2545 7570 7061 
9399 2229 7352 6202 
9400 6200 7352 2230 
9401 7460 7464 2555 
9402 7474 7489 6495 
9403 6784 7565 6620 
9404 7095 7662 7124 
9405 2553 7465 6397 
9406 2077 7615 6971 
9407 5974 7574 5994 
9408 6107 7689 7094 
9409 7557 7594 6024 
9410 7464 7465 2554 
9411 6742 7477 6300 
9412 2216 7359 6197 
9413 5756 6589 6588 
9414 5757 6750 6749 
9415 5892 7688 5890 
9416 2562 7585 6402 
9417 7368 7384 2207 
9418 5865 7648 7562 
9419 6773 7478 5758 
9420 6856 7744 5807 
9421 2365 7765 6019 
9422 6754 7412 6602 
9423 7364 7572 2211 
9424 6526 7640 5913 
9425 6783 6784 5760 
9426 6787 7417 6607 
9427 6792 6793 6612 
9428 2584 6533 6414 
9429 7611 7612 6957 
9430 2547 7706 6119 
9431 6748 7356 6811 
9432 6745 7723 5757 
9433 7729 7810 6155 
9434 5839 7763 6800 
9435 6617 6756 6755 
9436 6455 7738 6404 
9437 7254 7707 7253 
9438 5765 6862 6861 
9439 7683 7712 6194 
9440 2563 7796 7585 
9441 7377 7578 2204 
9442 6866 6867 5766 
9443 7354 7539 5794 
9444 6643 6915 6914 
9445 6636 7602 6605 
9446 6882 6883 6646 
9447 2115 7647 7581 
9448 7475 7476 6192 
9449 2218 7614 5918 
9450 6917 7646 5768 
9451 6197 7362 2215 
9452 6895 6896 6658 
9453 2212 7382 7364 
9454 7367 7377 2205 
9455 2206 7384 7367 
9456 6835 7720 6579 
9457 7587 7721 2381 
9458 6919 6920 5770 
9459 5769 6849 6848 
9460 5854 7670 7427 
9461 6558 6559 6055 
9462 6037 6563 6561 
9463 6668 6869 6868 
9464 6847 7746 6311 
9465 6740 6741 5818 
9466 5773 6881 6880 
9467 6141 7325 7324 
9468 2550 7676 6398 
9469 6163 7423 6916 
9470 7206 7743 7197 
9471 6606 7427 6610 
9472 6674 6888 6887 
9473 6569 7438 6062 
9474 6683 6930 6929 
9475 6777 6778 5809 
9476 6946 7042 7041 
9477 6598 7436 6699 
9478 5810 6574 6573 
9479 5914 7402 2200 
9480 6952 7049 7048 
9481 6414 6551 2583 
9482 7192 7743 7206 
9483 6168 7529 6801 
9484 2560 7724 6403 
9485 6027 6790 6789 
9486 5808 7418 6852 
9487 5820 6842 6841 
9488 6076 6813 6812 
9489 6963 7424 7387 
9490 6833 6834 5821 
9491 2214 7362 6196 
9492 6196 7382 2213 
9493 7216 7217 6968 
9494 6072 7637 6169 
9495 6079 7400 6823 
9496 6408 7652 6441 
9497 6854 6855 6722 
9498 5822 6845 6844 
9499 7486 7487 6139 
9500 5784 7129 7128 
9501 7256 7397 6145 
9502 6894 7426 6022 
9503 7257 7258 6980 
9504 7491 7526 5909 
9505 6885 6886 6084 
9506 6163 6916 6100 
9507 6149 7253 7252 
9508 6299 7776 6593 
9509 6886 7746 6847 
9510 7387 7424 7102 
9511 7299 7300 5793 
9512 5786 7175 7174 
9513 7273 7274 6159 
9514 6996 7178 7177 
9515 5790 7283 7282 
9516 6023 6924 6923 
9517 5896 7579 5937 
9518 7191 7203 7202 
9519 6897 6898 5805 
9520 7075 7348 6711 
9521 6402 7724 2561 
9522 7705 7706 2548 
9523 6066 7625 6786 
9524 6510 6906 6905 
9525 6751 7395 5823 
9526 7043 7044 6127 
9527 7053 7054 6126 
9528 6021 6713 6712 
9529 7675 7676 2551 
9530 5824 7086 7085 
9531 6286 6902 6901 
9532 7045 7046 6033 
9533 5801 7067 7066 
9534 6102 7401 7079 
9535 6472 7575 6473 
9536 6484 7558 5830 
9537 7302 7422 7304 
9538 6344 7077 7076 
9539 6279 6912 6911 
9540 7485 7652 6432 
9541 5942 7119 7118 
9542 6798 6799 6108 
9543 5966 7507 5967 
9544 6446 7432 6522 
9545 6405 7471 7469 
9546 6113 7440 7153 
9547 7160 7161 6826 
9548 7603 7604 6625 
9549 5941 7393 6796 
9550 7143 7144 6358 
9551 6532 7501 5935 
9552 6819 6820 6359 
9553 6240 6805 6804 
9554 5847 6761 6760 
9555 6214 7170 7169 
9556 7199 7200 6274 
9557 5846 6770 6769 
9558 7393 7394 6264 
9559 5831 7630 6491 
9560 6858 6859 6369 
9561 7610 7752 5848 
9562 6186 7804 7635 
9563 6515 7538 6516 
9564 5949 7728 5951 
9565 7166 7493 5926 
9566 5845 6765 6764 
9567 7225 7531 5924 
9568 6837 6838 5842 
9569 6276 7091 7090 
9570 6123 7246 7245 
9571 6545 7658 7415 
9572 7437 7441 5855 
9573 6591 7439 6594 
9574 2565 7619 6401 
9575 7285 7514 6134 
9576 7227 7228 5908 
9577 7135 7136 5861 
9578 7084 7624 6950 
9579 7209 7781 7212 
9580 7289 7432 5862 
9581 6370 7708 6501 
9582 7296 7741 6519 
9583 5875 7673 7577 
9584 6373 7808 6372 
9585 7139 7140 5863 
9586 6206 7106 7105 
9587 7286 7287 6387 
9588 2582 6551 6413 
9589 7337 7338 6201 
9590 28 6117 2577 
9591 7201 7736 7284 
9592 6093 7684 6060 
9593 6097 6567 6566 
9594 7055 7056 6121 
9595 5881 7606 7596 
9596 6686 6872 6870 
9597 6301 7798 6295 
9598 6360 7769 6444 
9599 7102 7424 6986 
9600 6375 7571 6373 
9601 7435 7800 6057 
9602 5940 7714 7537 
9603 7235 7342 7341 
9604 6442 7681 7566 
9605 7232 7795 7345 
9606 6447 7760 6821 
9607 7440 7763 7153 
9608 6761 7480 6259 
9609 7498 7803 6104 
9610 6504 7588 6040 
9611 26 5835 2185 
9612 6492 7575 5745 
9613 7424 7755 6964 
9614 6822 7593 6820 
9615 7152 7686 6112 
9616 5777 7624 7083 
9617 7513 7698 5876 
9618 7273 7782 7274 
9619 7522 7523 6026 
9620 6920 7745 5770 
9621 5807 7744 6894 
9622 7004 7535 7533 
9623 2568 7628 6418 
9624 6195 7683 7672 
9625 2573 7613 6422 
9626 6931 7739 6930 
9627 6349 7497 6346 
9628 6421 7613 2574 
9629 5828 6527 2181 
9630 7431 7702 5927 
9631 7439 7776 6299 
9632 7215 7707 7208 
9633 6851 7747 6025 
9634 7372 7373 7368 
9635 6068 7346 6550 
9636 7145 7761 5840 
9637 7281 7732 6266 
9638 7283 7743 7282 
9639 7362 7363 6196 
9640 7653 7768 6834 
9641 6821 7760 6357 
9642 6581 7649 5819 
9643 7136 7780 7137 
9644 7533 7535 5868 
9645 6040 7588 6524 
9646 7528 7645 6101 
9647 6076 7720 6813 
9648 6109 7608 6103 
9649 6388 7716 6383 
9650 6382 7700 6446 
9651 5757 7723 6750 
9652 6688 7750 7405 
9653 7589 7805 6147 
9654 7386 7654 6324 
9655 7523 7600 6026 
9656 7546 7571 6378 
9657 7693 7731 6158 
9658 6533 6534 6414 
9659 6293 7798 6301 
9660 7061 7660 7349 
9661 6012 7638 6010 
9662 5996 7419 5744 
9663 6628 7756 6791 
9664 7004 7533 7532 
9665 5794 7794 7657 
9666 6080 7643 6075 
9667 6413 7390 2581 
9668 6499 7616 5748 
9669 6311 7809 6303 
9670 7559 7631 7103 
9671 5959 7639 5960 
9672 2199 7402 5920 
9673 6709 7733 5753 
9674 7011 7663 6965 
9675 6075 7644 6073 
9676 7067 7790 7066 
9677 7240 7357 7243 
9678 6491 7630 6492 
9679 6459 7730 7430 
9680 7485 7774 6423 
9681 6347 7689 6512 
9682 7461 7661 7463 
9683 6894 7744 7426 
9684 7116 7777 6106 
9685 7272 7703 6876 
9686 6953 7748 7515 
9687 5967 7639 5959 
9688 6525 7607 6068 
9689 5741 7679 6503 
9690 7436 7437 5878 
9691 6192 7718 6190 
9692 6564 6586 6544 
9693 6115 7573 6332 
9694 5913 7476 7475 
9695 6519 7741 6436 
9696 5939 7714 7677 
9697 6432 7774 7485 
9698 6425 7485 6423 
9699 5877 7698 7513 
9700 6738 7775 6296 
9701 6159 7736 7201 
9702 6680 7508 6687 
9703 6226 7683 7682 
9704 7403 7630 5831 
9705 6425 7729 7486 
9706 5840 7761 7160 
9707 7537 7714 5931 
9708 5898 7579 5896 
9709 6133 7799 7566 
9710 7507 7524 5967 
9711 6871 7665 6869 
9712 6357 7760 7143 
9713 5812 7785 6707 
9714 6958 7788 6962 
9715 6965 7663 6969 
9716 6103 7608 6163 
9717 7561 7724 6402 
9718 6175 7630 7403 
9719 6165 7653 7400 
9720 7521 7726 7522 
9721 7008 7691 7264 
9722 6354 7763 7440 
9723 6528 7717 6464 
9724 7410 7728 5949 
9725 6153 7805 7589 
9726 6343 7497 6489 
9727 6215 7792 7218 
9728 7274 7736 6159 
9729 7571 7808 6373 
9730 7657 7794 7656 
9731 6903 7687 6902 
9732 7427 7670 6610 
9733 7503 7590 5912 
9734 5937 7801 7620 
9735 6503 7679 7403 
9736 7078 7758 7168 
9737 7680 7779 6020 
9738 6462 7394 7068 
9739 6129 7681 7487 
9740 5785 7793 7260 
9741 2575 7599 6421 
9742 7359 7813 6197 
9743 6593 7776 6589 
9744 7189 7597 6157 
9745 6403 7724 7561 
9746 6372 7808 6506 
9747 7366 7671 7370 
9748 6540 7775 6301 
9749 7418 7697 6726 
9750 7029 7612 7051 
9751 6304 7809 6311 
9752 7108 7764 7106 
9753 5868 7534 7533 
9754 5748 7678 6529 
9755 6070 7607 6525 
9756 5920 7472 2198 
9757 6227 7671 7366 
9758 7430 7679 5741 
9759 5849 7669 7562 
9760 7160 7761 7161 
9761 7143 7760 7144 
9762 2580 7390 6415 
9763 7521 7522 6026 
9764 7051 7612 7611 
9765 6425 7810 7729 
9766 6015 7600 7523 
9767 6735 7802 6555 
9768 6152 7805 7713 
9769 6700 7667 6603 
9770 6013 7594 7557 
9771 5909 7702 7431 
9772 6560 7804 6186 
9773 6378 7571 6375 
9774 7489 7692 7380 
9775 5960 7639 7388 
9776 6529 7678 6530 
9777 6537 7753 6426 
9778 5998 7717 6528 
9779 5928 7491 7490 
9780 6741 7804 6560 
9781 7519 7786 7469 
9782 6417 7774 6412 
9783 6667 7665 6871 
9784 6460 7716 6388 
9785 6019 7742 6568 
9786 6589 7776 6591 
9787 6073 7644 6092 
9788 5974 7797 7574 
9789 5990 7751 5938 
9790 2182 7419 5828 
9791 5928 7719 7526 
9792 7037 7691 7007 
9793 6758 7604 7603 
9794 6969 7663 6984 
9795 6930 7739 6934 
9796 6873 7752 6156 
9797 7579 7801 5937 
9798 6332 7608 6109 
9799 7472 7473 5917 
9800 7539 7794 5794 
9801 6532 7783 7501 
9802 7558 7616 6499 
9803 2197 7472 5917 
9804 6053 7659 7658 
9805 7476 7718 6192 
9806 6287 7687 6903 
9807 5983 7654 7429 
9808 6043 7638 6012 
9809 6199 7772 7695 
9810 7457 7499 7448 
9811 6087 7643 6080 
9812 6795 7699 7414 
9813 6506 7808 6122 
9814 7562 7648 5864 
9815 7671 7672 7370 
9816 5848 7752 6873 
9817 2195 7783 6532 
9818 7501 7783 5917 
9819 7548 7580 5870 
9820 7627 7628 2569 
9821 7487 7681 6139 
9822 7106 7764 7109 
9823 7188 7731 7693 
9824 6963 7755 7424 
9825 7473 7501 5917 
9826 7466 7676 7675 
9827 7595 7596 5880 
9828 5917 7783 2196 
9829 7598 7599 2576 
9830 6131 7655 7510 
9831 6955 7788 6958 
9832 5972 7797 5974 
9833 6625 7770 6865 
9834 7510 7655 7511 
9835 6424 7810 6425 
9836 7426 7744 6724 
9837 7601 7765 2366 
9838 7749 7793 7020 
9839 5876 7698 6632 
9840 6165 7768 7653 
9841 7421 7541 5874 
9842 7520 7521 6026 
9843 7618 7619 2566 
9844 2193 5743 2192 
9845 7616 7678 5748 
9846 7695 7772 6227 
9847 7463 7661 7462 
9848 6156 7752 6162 
9849 6629 7806 6794 
9850 6098 7720 6835 
9851 6794 7806 6795 
9852 7448 7605 7457 
9853 7641 7740 6120 
9854 5938 7751 5989 
9855 7407 7753 6537 
9856 6129 7740 7566 
9857 7643 7644 6075 
9858 7515 7788 6955 
9859 6412 7774 6432 
9860 6423 7774 6417 
9861 2191 5836 2190 
9862 7529 7633 6167 
9863 6177 7678 7616 
9864 7414 7699 6618 
9865 7604 7770 6625 
9866 7321 7621 7406 
9867 5909 7762 7702 
9868 6928 7099 6937 
9869 7468 7706 7705 
9870 7526 7719 5910 
9871 7388 7797 5972 
9872 6195 7712 7683 
9873 6921 7745 6664 
9874 7237 7695 7569 
9875 7101 7172 7126 
9876 7574 7797 5856 
9877 2188 5747 2187 
9878 7098 7296 6519 
9879 5744 7419 2183 
9880 7082 7295 6521 
9881 5874 7673 7421 
9882 6546 6733 6732 
9883 7198 7782 7275 
9884 7577 7673 5874 
9885 7361 7644 7643 
9886 7566 7681 6129 
9887 6498 7721 7587 
9888 7219 7559 7103 
9889 7068 7790 6462 
9890 7569 7695 6227 
9891 6117 7598 2577 
9892 7476 7719 7718 
9893 6795 7806 7699 
9894 7581 7647 7196 
9895 7718 7719 5928 
9896 6004 7779 7680 
9897 7515 7748 6949 
9898 7585 7796 7453 
9899 7314 7794 7539 
9900 6517 7765 7601 
9901 7456 7619 7618 
9902 7457 7628 7627 
9903 7449 7599 7598 
9904 7672 7683 6226 
9905 2186 5835 26 
9906 2578 6117 28 
9907 2194 5743 2193 
9908 273 7524 8 
9909 8 5882 1891 
9910 8 7524 5882 
9911 9 5883 295 
9912 296 5883 9 
9913 25 1882 1892 
9914 5874 7541 280 
9915 1882 5986 1892 
9916 2185 5835 2184 
9917 2557 6118 2556 
9918 7037 7267 5787 
9919 7196 7275 5789 
9920 5879 6595 6594 
9921 5881 7441 6294 
9922 6180 6336 5999 
9923 6151 6161 6146 
9924 7315 7666 6155 
9925 6207 6526 6203 
9926 6211 6222 6209 
9927 6218 7502 6213 
9928 6241 6275 6271 
9929 6248 6254 6244 
9930 6316 6461 6314 
9931 6351 7497 6349 
9932 6361 6490 6356 
9933 6370 6860 6859 
9934 6391 7738 6399 
9935 6645 6651 6648 
9936 6650 6661 6653 
9937 6664 6922 6921 
9938 6962 7011 6960 
9939 6975 7725 6970 
9940 7002 7187 7182 
9941 7230 7339 7338 
2 4 3 2133
9942 7 1868 7814 271 
9943 1868 1867 7815 7814 
9944 1867 1866 7816 7815 
9945 1866 1865 7817 7816 
9946 1865 1864 7818 7817 
9947 1864 1863 7819 7818 
9948 1863 1862 7820 7819 
9949 1862 1861 7821 7820 
9950 1861 1860 7822 7821 
9951 1860 1859 7823 7822 
9952 1859 1858 7824 7823 
9953 1858 1857 7825 7824 
9954 1857 1856 7826 7825 
9955 1856 1855 7827 7826 
9956 1855 1854 7828 7827 
9957 1854 1853 7829 7828 
9958 1853 1852 7830 7829 
9959 1852 1851 7831 7830 
9960 1851 1850 7832 7831 
9961 1850 1849 7833 7832 
9962 1849 1848 7834 7833 
9963 1848 1847 7835 7834 
9964 1847 1846 7836 7835 
9965 1846 1845 7837 7836 
9966 1845 1844 7838 7837 
9967 1844 1843 7839 7838 
9968 1843 1842 7840 7839 
9969 1842 1841 7841 7840 
9970 1841 1840 7842 7841 
9971 1840 1839 7843 7842 
9972 1839 1838 7844 7843 
9973 1838 1837 7845 7844 
9974 1837 1836 7846 7845 
9975 1836 1835 7847 7846 
9976 1835 1834 7848 7847 
9977 1834 1833 7849 7848 
9978 1833 1832 7850 7849 
9979 1832 1831 7851 7850 
9980 1831 1830 7852 7851 
9981 1830 1829 7853 7852 
9982 1829 1828 7854 7853 
9983 1828 1827 7855 7854 
9984 1827 1826 7856 7855 
9985 1826 1825 7857 7856 
9986 1825 1824 7858 7857 
9987 1824 1823 7859 7858 
9988 1823 1822 7860 7859 
9989 1822 1821 7861 7860 
9990 1821 1820 7862 7861 
9991 1820 1819 7863 7862 
9992 1819 1818 7864 7863 
9993 1818 1817 7865 7864 
9994 1817 1816 7866 7865 
9995 1816 1815 7867 7866 
9996 1815 1814 7868 7867 
9997 1814 1813 7869 7868 
9998 1813 1812 7870 7869 
9999 1812 1811 7871 7870 
10000 1811 1810 7872 7871 
10001 1810 1809 7873 7872 
10002 1809 1808 7874 7873 
10003 1808 1807 7875 7874 
10004 1807 1806 7876 7875 
10005 1806 1805 7877 7876 
10006 1805 1804 7878 7877 
10007 1804 1803 7879 7878 
10008 1803 1802 7880 7879 
10009 1802 1801 7881 7880 
10010 1801 1800 7882 7881 
10011 1800 1799 7883 7882 
10012 1799 1798 7884 7883 
10013 1798 1797 7885 7884 
10014 1797 1796 7886 7885 
10015 1796 1795 7887 7886 
10016 1795 1794 7888 7887 
10017 1794 1793 7889 7888 
10018 1793 1792 7890 7889 
10019 1792 1791 7891 7890 
10020 1791 1790 7892 7891 
10021 1790 1789 7893 7892 
10022 1789 1788 7894 7893 
10023 1788 1787 7895 7894 
10024 1787 1786 7896 7895 
10025 1786 1785 7897 7896 
10026 1785 1784 7898 7897 
10027 1784 1783 7899 7898 
10028 1783 1782 7900 7899 
10029 1782 1781 7901 7900 
10030 1781 1780 7902 7901 
10031 1780 1779 7903 7902 
10032 1779 1778 7904 7903 
10033 1778 1777 7905 7904 
10034 1777 1776 7906 7905 
10035 1776 1775 7907 7906 
10036 1775 1774 7908 7907 
10037 1774 1773 7909 7908 
10038 1773 1772 7910 7909 
10039 1772 1771 7911 7910 
10040 1771 1770 7912 7911 
10041 1770 1769 7913 7912 
10042 1769 1768 7914 7913 
10043 1768 1767 7915 7914 
10044 1767 1766 7916 7915 
10045 1766 1765 7917 7916 
10046 1765 1764 7918 7917 
10047 1764 1763 7919 7918 
10048 1763 1762 7920 7919 
10049 1762 1761 7921 7920 
10050 1761 1760 7922 7921 
10051 1760 1759 7923 7922 
10052 1759 1758 7924 7923 
10053 1758 1757 7925 7924 
10054 1757 1756 7926 7925 
10055 1756 1755 7927 7926 
10056 1755 1754 7928 7927 
10057 1754 1753 7929 7928 
10058 1753 1752 7930 7929 
10059 1752 1751 7931 7930 
10060 1751 1750 7932 7931 
10061 1750 1749 7933 7932 
10062 1749 1748 7934 7933 
10063 1748 1747 7935 7934 
10064 1747 1746 7936 7935 
10065 1746 1745 7937 7936 
10066 1745 1744 7938 7937 
10067 1744 1743 7939 7938 
10068 1743 1742 7940 7939 
10069 1742 1741 7941 7940 
10070 1741 1740 7942 7941 
10071 1740 1739 7943 7942 
10072 1739 1738 7944 7943 
10073 1738 1737 7945 7944 
10074 1737 1736 7946 7945 
10075 1736 1735 7947 7946 
10076 1735 1734 7948 7947 
10077 1734 1733 7949 7948 
10078 1733 1732 7950 7949 
10079 1732 1731 7951 7950 
10080 1731 1730 7952 7951 
10081 1730 1729 7953 7952 
10082 1729 1728 7954 7953 
10083 1728 1727 7955 7954 
10084 1727 1726 7956 7955 
10085 1726 1725 7957 7956 
10086 1725 1724 7958 7957 
10087 1724 1723 7959 7958 
10088 1723 1722 7960 7959 
10089 1722 1721 7961 7960 
10090 1721 1720 7962 7961 
10091 1720 1719 7963 7962 
10092 1719 1718 7964 7963 
10093 1718 1717 7965 7964 
10094 1717 1716 7966 7965 
10095 1716 1715 7967 7966 
10096 1715 1714 7968 7967 
10097 1714 1713 7969 7968 
10098 1713 1712 7970 7969 
10099 1712 1711 7971 7970 
10100 1711 1710 7972 7971 
10101 1710 1709 7973 7972 
10102 1709 1708 7974 7973 
10103 1708 1707 7975 7974 
10104 1707 1706 7976 7975 
10105 1706 1705 7977 7976 
10106 1705 1704 7978 7977 
10107 1704 1703 7979 7978 
10108 1703 1702 7980 7979 
10109 1702 1701 7981 7980 
10110 1701 1700 7982 7981 
10111 1700 1699 7983 7982 
10112 1699 1698 7984 7983 
10113 1698 1697 7985 7984 
10114 1697 1696 7986 7985 
10115 1696 1695 7987 7986 
10116 1695 1694 7988 7987 
10117 1694 1693 7989 7988 
10118 1693 1692 7990 7989 
10119 1692 1691 7991 7990 
10120 1691 1690 7992 7991 
10121 1690 1689 7993 7992 
10122 1689 1688 7994 7993 
10123 1688 1687 7995 7994 
10124 1687 1686 7996 7995 
10125 1686 1685 7997 7996 
10126 1685 1684 7998 7997 
10127 1684 1683 7999 7998 
10128 1683 1682 8000 7999 
10129 1682 1681 8001 8000 
10130 1681 1680 8002 8001 
10131 1680 1679 8003 8002 
10132 1679 1678 8004 8003 
10133 1678 1677 8005 8004 
10134 1677 1676 8006 8005 
10135 1676 1675 8007 8006 
10136 1675 1674 8008 8007 
10137 1674 1673 8009 8008 
10138 1673 1672 8010 8009 
10139 1672 1671 8011 8010 
10140 1671 1670 8012 8011 
10141 1670 1669 8013 8012 
10142 1669 1668 8014 8013 
10143 1668 1667 8015 8014 
10144 1667 1666 8016 8015 
10145 1666 1665 8017 8016 
10146 1665 1664 8018 8017 
10147 1664 1663 8019 8018 
10148 1663 1662 8020 8019 
10149 1662 1661 8021 8020 
10150 1661 1660 8022 8021 
10151 1660 1659 8023 8022 
10152 1659 1658 8024 8023 
10153 1658 1657 8025 8024 
10154 1657 1656 8026 8025 
10155 1656 1655 8027 8026 
10156 1655 1654 8028 8027 
10157 1654 1653 8029 8028 
10158 1653 1652 8030 8029 
10159 1652 1651 8031 8030 
10160 1651 1650 8032 8031 
10161 1650 1649 8033 8032 
10162 1649 1648 8034 8033 
10163 1648 1647 8035 8034 
10164 1647 1646 8036 8035 
10165 1646 1645 8037 8036 
10166 1645 1644 8038 8037 
10167 1644 1643 8039 8038 
10168 1643 1642 8040 8039 
10169 1642 1641 8041 8040 
10170 1641 1640 8042 8041 
10171 1640 1639 8043 8042 
10172 1639 1638 8044 8043 
10173 1638 1637 8045 8044 
10174 1637 1636 8046 8045 
10175 1636 1635 8047 8046 
10176 1635 1634 8048 8047 
10177 1634 1633 8049 8048 
10178 1633 1632 8050 8049 
10179 1632 1631 8051 8050 
10180 1631 1630 8052 8051 
10181 1630 1629 8053 8052 
10182 1629 1628 8054 8053 
10183 1628 1627 8055 8054 
10184 1627 1626 8056 8055 
10185 1626 1625 8057 8056 
10186 1625 1624 8058 8057 
10187 1624 1623 8059 8058 
10188 1623 1622 8060 8059 
10189 1622 1621 8061 8060 
10190 1621 1620 8062 8061 
10191 1620 1619 8063 8062 
10192 1619 1618 8064 8063 
10193 1618 1617 8065 8064 
10194 1617 1616 8066 8065 
10195 1616 1615 8067 8066 
10196 1615 1614 8068 8067 
10197 1614 1613 8069 8068 
10198 1613 1612 8070 8069 
10199 1612 1611 8071 8070 
10200 1611 1610 8072 8071 
10201 1610 1609 8073 8072 
10202 1609 1608 8074 8073 
10203 1608 1607 8075 8074 
10204 1607 1606 8076 8075 
10205 1606 21 8077 8076 
10206 21 540 8078 8077 
10207 540 539 8079 8078 
10208 539 538 8080 8079 
10209 538 537 8081 8080 
10210 537 536 8082 8081 
10211 536 535 8083 8082 
10212 535 534 8084 8083 
10213 534 533 8085 8084 
10214 533 532 8086 8085 
10215 532 531 8087 8086 
10216 531 530 8088 8087 
10217 530 529 8089 8088 
10218 529 528 8090 8089 
10219 528 527 8091 8090 
10220 527 526 8092 8091 
10221 526 525 8093 8092 
10222 525 524 8094 8093 
10223 524 523 8095 8094 
10224 523 522 8096 8095 
10225 522 12 8097 8096 
10226 12 1331 8098 8097 
10227 1331 1330 8099 8098 
10228 1330 1329 8100 8099 
10229 1329 1328 8101 8100 
10230 1328 1327 8102 8101 
10231 1327 1326 8103 8102 
10232 1326 1325 8104 8103 
10233 1325 1324 8105 8104 
10234 1324 1323 8106 8105 
10235 1323 1322 8107 8106 
10236 1322 1321 8108 8107 
10237 1321 1320 8109 8108 
10238 1320 1319 8110 8109 
10239 1319 1318 8111 8110 
10240 1318 1317 8112 8111 
10241 1317 1316 8113 8112 
10242 1316 1315 8114 8113 
10243 1315 1314 8115 8114 
10244 1314 1313 8116 8115 
10245 1313 1312 8117 8116 
10246 1312 1311 8118 8117 
10247 1311 1310 8119 8118 
10248 1310 1309 8120 8119 
10249 1309 1308 8121 8120 
10250 1308 1307 8122 8121 
10251 1307 1306 8123 8122 
10252 1306 1305 8124 8123 
10253 1305 1304 8125 8124 
10254 1304 1303 8126 8125 
10255 1303 1302 8127 8126 
10256 1302 1301 8128 8127 
10257 1301 1300 8129 8128 
10258 1300 1299 8130 8129 
10259 1299 1298 8131 8130 
10260 1298 1297 8132 8131 
10261 1297 1296 8133 8132 
10262 1296 1295 8134 8133 
10263 1295 1294 8135 8134 
10264 1294 1293 8136 8135 
10265 1293 1292 8137 8136 
10266 1292 1291 8138 8137 
10267 1291 1290 8139 8138 
10268 1290 1289 8140 8139 
10269 1289 1288 8141 8140 
10270 1288 1287 8142 8141 
10271 1287 1286 8143 8142 
10272 1286 1285 8144 8143 
10273 1285 1284 8145 8144 
10274 1284 1283 8146 8145 
10275 1283 1282 8147 8146 
10276 1282 1281 8148 8147 
10277 1281 1280 8149 8148 
10278 1280 1279 8150 8149 
10279 1279 1278 8151 8150 
10280 1278 1277 8152 8151 
10281 1277 1276 8153 8152 
10282 1276 1275 8154 8153 
10283 1275 1274 8155 8154 
10284 1274 1273 8156 8155 
10285 1273 1272 8157 8156 
10286 1272 1271 8158 8157 
10287 1271 1270 8159 8158 
10288 1270 1269 8160 8159 
10289 1269 1268 8161 8160 
10290 1268 1267 8162 8161 
10291 1267 1266 8163 8162 
10292 1266 1265 8164 8163 
10293 1265 1264 8165 8164 
10294 1264 1263 8166 8165 
10295 1263 1262 8167 8166 
10296 1262 1261 8168 8167 
10297 1261 1260 8169 8168 
10298 1260 1259 8170 8169 
10299 1259 1258 8171 8170 
10300 1258 1257 8172 8171 
10301 1257 1256 8173 8172 
10302 1256 1255 8174 8173 
10303 1255 1254 8175 8174 
10304 1254 1253 8176 8175 
10305 1253 1252 8177 8176 
10306 1252 1251 8178 8177 
10307 1251 1250 8179 8178 
10308 1250 1249 8180 8179 
10309 1249 1248 8181 8180 
10310 1248 1247 8182 8181 
10311 1247 1246 8183 8182 
10312 1246 1245 8184 8183 
10313 1245 1244 8185 8184 
10314 1244 1243 8186 8185 
10315 1243 1242 8187 8186 
10316 1242 1241 8188 8187 
10317 1241 1240 8189 8188 
10318 1240 1239 8190 8189 
10319 1239 1238 8191 8190 
10320 1238 1237 8192 8191 
10321 1237 1236 8193 8192 
10322 1236 1235 8194 8193 
10323 1235 1234 8195 8194 
10324 1234 1233 8196 8195 
10325 1233 1232 8197 8196 
10326 1232 1231 8198 8197 
10327 1231 1230 8199 8198 
10328 1230 1229 8200 8199 
10329 1229 1228 8201 8200 
10330 1228 1227 8202 8201 
10331 1227 1226 8203 8202 
10332 1226 1225 8204 8203 
10333 1225 1224 8205 8204 
10334 1224 1223 8206 8205 
10335 1223 1222 8207 8206 
10336 1222 1221 8208 8207 
10337 1221 1220 8209 8208 
10338 1220 1219 8210 8209 
10339 1219 1218 8211 8210 
10340 1218 1217 8212 8211 
10341 1217 1216 8213 8212 
10342 1216 1215 8214 8213 
10343 1215 1214 8215 8214 
10344 1214 1213 8216 8215 
10345 1213 1212 8217 8216 
10346 1212 1211 8218 8217 
10347 1211 1210 8219 8218 
10348 1210 1209 8220 8219 
10349 1209 1208 8221 8220 
10350 1208 1207 8222 8221 
10351 1207 1206 8223 8222 
10352 1206 1205 8224 8223 
10353 1205 1204 8225 8224 
10354 1204 1203 8226 8225 
10355 1203 1202 8227 8226 
10356 1202 1201 8228 8227 
10357 1201 1200 8229 8228 
10358 1200 1199 8230 8229 
10359 1199 1198 8231 8230 
10360 1198 1197 8232 8231 
10361 1197 1196 8233 8232 
10362 1196 1195 8234 8233 
10363 1195 1194 8235 8234 
10364 1194 1193 8236 8235 
10365 1193 1192 8237 8236 
10366 1192 1191 8238 8237 
10367 1191 1190 8239 8238 
10368 1190 1189 8240 8239 
10369 1189 1188 8241 8240 
10370 1188 1187 8242 8241 
10371 1187 1186 8243 8242 
10372 1186 1185 8244 8243 
10373 1185 1184 8245 8244 
10374 1184 1183 8246 8245 
10375 1183 1182 8247 8246 
10376 1182 1181 8248 8247 
10377 1181 1180 8249 8248 
10378 1180 1179 8250 8249 
10379 1179 1178 8251 8250 
10380 1178 1177 8252 8251 
10381 1177 1176 8253 8252 
10382 1176 1175 8254 8253 
10383 1175 1174 8255 8254 
10384 1174 1173 8256 8255 
10385 1173 1172 8257 8256 
10386 1172 1171 8258 8257 
10387 1171 1170 8259 8258 
10388 1170 1169 8260 8259 
10389 1169 1168 8261 8260 
10390 1168 1167 8262 8261 
10391 1167 1166 8263 8262 
10392 1166 1165 8264 8263 
10393 1165 1164 8265 8264 
10394 1164 1163 8266 8265 
10395 1163 1162 8267 8266 
10396 1162 1161 8268 8267 
10397 1161 1160 8269 8268 
10398 1160 1159 8270 8269 
10399 1159 1158 8271 8270 
10400 1158 1157 8272 8271 
10401 1157 1156 8273 8272 
10402 1156 1155 8274 8273 
10403 1155 1154 8275 8274 
10404 1154 1153 8276 8275 
10405 1153 1152 8277 8276 
10406 1152 1151 8278 8277 
10407 1151 1150 8279 8278 
10408 1150 1149 8280 8279 
10409 1149 1148 8281 8280 
10410 1148 1147 8282 8281 
10411 1147 1146 8283 8282 
10412 1146 1145 8284 8283 
10413 1145 1144 8285 8284 
10414 1144 1143 8286 8285 
10415 1143 1142 8287 8286 
10416 1142 1141 8288 8287 
10417 1141 1140 8289 8288 
10418 1140 1139 8290 8289 
10419 1139 1138 8291 8290 
10420 1138 1137 8292 8291 
10421 1137 1136 8293 8292 
10422 1136 14 8294 8293 
10423 14 521 8295 8294 
10424 521 520 8296 8295 
10425 520 519 8297 8296 
10426 519 518 8298 8297 
10427 518 517 8299 8298 
10428 517 516 8300 8299 
10429 516 515 8301 8300 
10430 515 514 8302 8301 
10431 514 513 8303 8302 
10432 513 512 8304 8303 
10433 512 511 8305 8304 
10434 511 510 8306 8305 
10435 510 509 8307 8306 
10436 509 508 8308 8307 
10437 508 507 8309 8308 
10438 507 506 8310 8309 
10439 506 505 8311 8310 
10440 505 504 8312 8311 
10441 504 503 8313 8312 
10442 503 502 8314 8313 
10443 502 501 8315 8314 
10444 501 500 8316 8315 
10445 500 499 8317 8316 
10446 499 498 8318 8317 
10447 498 497 8319 8318 
10448 497 496 8320 8319 
10449 496 495 8321 8320 
10450 495 494 8322 8321 
10451 494 493 8323 8322 
10452 493 492 8324 8323 
10453 492 491 8325 8324 
10454 491 490 8326 8325 
10455 490 489 8327 8326 
10456 489 488 8328 8327 
10457 488 487 8329 8328 
10458 487 486 8330 8329 
10459 486 485 8331 8330 
10460 485 484 8332 8331 
10461 484 483 8333 8332 
10462 483 482 8334 8333 
10463 482 481 8335 8334 
10464 481 480 8336 8335 
10465 480 479 8337 8336 
10466 479 478 8338 8337 
10467 478 477 8339 8338 
10468 477 476 8340 8339 
10469 476 475 8341 8340 
10470 475 474 8342 8341 
10471 474 473 8343 8342 
10472 473 472 8344 8343 
10473 472 471 8345 8344 
10474 471 470 8346 8345 
10475 470 469 8347 8346 
10476 469 468 8348 8347 
10477 468 467 8349 8348 
10478 467 466 8350 8349 
10479 466 465 8351 8350 
10480 465 464 8352 8351 
10481 464 463 8353 8352 
10482 463 462 8354 8353 
10483 462 461 8355 8354 
10484 461 460 8356 8355 
10485 460 459 8357 8356 
10486 459 458 8358 8357 
10487 458 457 8359 8358 
10488 457 456 8360 8359 
10489 456 455 8361 8360 
10490 455 454 8362 8361 
10491 454 453 8363 8362 
10492 453 452 8364 8363 
10493 452 451 8365 8364 
10494 451 450 8366 8365 
10495 450 449 8367 8366 
10496 449 448 8368 8367 
10497 448 447 8369 8368 
10498 447 446 8370 8369 
10499 446 445 8371 8370 
10500 445 444 8372 8371 
10501 444 443 8373 8372 
10502 443 442 8374 8373 
10503 442 441 8375 8374 
10504 441 440 8376 8375 
10505 440 439 8377 8376 
10506 439 438 8378 8377 
10507 438 437 8379 8378 
10508 437 436 8380 8379 
10509 436 435 8381 8380 
10510 435 434 8382 8381 
10511 434 433 8383 8382 
10512 433 432 8384 8383 
10513 432 431 8385 8384 
10514 431 430 8386 8385 
10515 430 429 8387 8386 
10516 429 428 8388 8387 
10517 428 427 8389 8388 
10518 427 426 8390 8389 
10519 426 425 8391 8390 
10520 425 424 8392 8391 
10521 424 423 8393 8392 
10522 423 422 8394 8393 
10523 422 421 8395 8394 
10524 421 420 8396 8395 
10525 420 419 8397 8396 
10526 419 418 8398 8397 
10527 418 417 8399 8398 
10528 417 416 8400 8399 
10529 416 415 8401 8400 
10530 415 414 8402 8401 
10531 414 413 8403 8402 
10532 413 412 8404 8403 
10533 412 411 8405 8404 
10534 411 410 8406 8405 
10535 410 409 8407 8406 
10536 409 408 8408 8407 
10537 408 407 8409 8408 
10538 407 406 8410 8409 
10539 406 405 8411 8410 
10540 405 404 8412 8411 
10541 404 403 8413 8412 
10542 403 402 8414 8413 
10543 402 401 8415 8414 
10544 401 400 8416 8415 
10545 400 399 8417 8416 
10546 399 398 8418 8417 
10547 398 397 8419 8418 
10548 397 396 8420 8419 
10549 396 395 8421 8420 
10550 395 394 8422 8421 
10551 394 393 8423 8422 
10552 393 392 8424 8423 
10553 392 391 8425 8424 
10554 391 390 8426 8425 
10555 390 389 8427 8426 
10556 389 388 8428 8427 
10557 388 387 8429 8428 
10558 387 386 8430 8429 
10559 386 385 8431 8430 
10560 385 384 8432 8431 
10561 384 383 8433 8432 
10562 383 382 8434 8433 
10563 382 381 8435 8434 
10564 381 380 8436 8435 
10565 380 379 8437 8436 
10566 379 378 8438 8437 
10567 378 377 8439 8438 
10568 377 376 8440 8439 
10569 376 375 8441 8440 
10570 375 374 8442 8441 
10571 374 373 8443 8442 
10572 373 372 8444 8443 
10573 372 371 8445 8444 
10574 371 370 8446 8445 
10575 370 369 8447 8446 
10576 369 368 8448 8447 
10577 368 367 8449 8448 
10578 367 366 8450 8449 
10579 366 365 8451 8450 
10580 365 364 8452 8451 
10581 364 363 8453 8452 
10582 363 362 8454 8453 
10583 362 361 8455 8454 
10584 361 360 8456 8455 
10585 360 359 8457 8456 
10586 359 358 8458 8457 
10587 358 357 8459 8458 
10588 357 356 8460 8459 
10589 356 355 8461 8460 
10590 355 354 8462 8461 
10591 354 353 8463 8462 
10592 353 352 8464 8463 
10593 352 351 8465 8464 
10594 351 350 8466 8465 
10595 350 349 8467 8466 
10596 349 348 8468 8467 
10597 348 347 8469 8468 
10598 347 346 8470 8469 
10599 346 345 8471 8470 
10600 345 344 8472 8471 
10601 344 343 8473 8472 
10602 343 342 8474 8473 
10603 342 341 8475 8474 
10604 341 340 8476 8475 
10605 340 339 8477 8476 
10606 339 338 8478 8477 
10607 338 337 8479 8478 
10608 337 336 8480 8479 
10609 336 335 8481 8480 
10610 335 334 8482 8481 
10611 334 333 8483 8482 
10612 333 332 8484 8483 
10613 332 331 8485 8484 
10614 331 330 8486 8485 
10615 330 329 8487 8486 
10616 329 328 8488 8487 
10617 328 327 8489 8488 
10618 327 326 8490 8489 
10619 326 11 8491 8490 
10620 11 1879 8492 8491 
10621 1879 1878 8493 8492 
10622 1878 1877 8494 8493 
10623 1877 1876 8495 8494 
10624 1876 1875 8496 8495 
10625 1875 1874 8497 8496 
10626 1874 1873 8498 8497 
10627 1873 1872 8499 8498 
10628 1872 1871 8500 8499 
10629 1871 1870 8501 8500 
10630 1870 1869 8502 8501 
10631 1869 19 8503 8502 
10632 19 325 8504 8503 
10633 325 324 8505 8504 
10634 324 323 8506 8505 
10635 323 322 8507 8506 
10636 322 321 8508 8507 
10637 321 320 8509 8508 
10638 320 319 8510 8509 
10639 319 318 8511 8510 
10640 318 317 8512 8511 
10641 317 316 8513 8512 
10642 316 315 8514 8513 
10643 315 314 8515 8514 
10644 314 313 8516 8515 
10645 313 312 8517 8516 
10646 312 311 8518 8517 
10647 311 310 8519 8518 
10648 310 309 8520 8519 
10649 309 308 8521 8520 
10650 308 307 8522 8521 
10651 307 306 8523 8522 
10652 306 10 1881 8523 
10653 271 7814 8524 272 
10654 7814 7815 8525 8524 
10655 7815 7816 8526 8525 
10656 7816 7817 8527 8526 
10657 7817 7818 8528 8527 
10658 7818 7819 8529 8528 
10659 7819 7820 8530 8529 
10660 7820 7821 8531 8530 
10661 7821 7822 8532 8531 
10662 7822 7823 8533 8532 
10663 7823 7824 8534 8533 
10664 7824 7825 8535 8534 
10665 7825 7826 8536 8535 
10666 7826 7827 8537 8536 
10667 7827 7828 8538 8537 
10668 7828 7829 8539 8538 
10669 7829 7830 8540 8539 
10670 7830 7831 8541 8540 
10671 7831 7832 8542 8541 
10672 7832 7833 8543 8542 
10673 7833 7834 8544 8543 
10674 7834 7835 8545 8544 
10675 7835 7836 8546 8545 
10676 7836 7837 8547 8546 
10677 7837 7838 8548 8547 
10678 7838 7839 8549 8548 
10679 7839 7840 8550 8549 
10680 7840 7841 8551 8550 
10681 7841 7842 8552 8551 
10682 7842 7843 8553 8552 
10683 7843 7844 8554 8553 
10684 7844 7845 8555 8554 
10685 7845 7846 8556 8555 
10686 7846 7847 8557 8556 
10687 7847 7848 8558 8557 
10688 7848 7849 8559 8558 
10689 7849 7850 8560 8559 
10690 7850 7851 8561 8560 
10691 7851 7852 8562 8561 
10692 7852 7853 8563 8562 
10693 7853 7854 8564 8563 
10694 7854 7855 8565 8564 
10695 7855 7856 8566 8565 
10696 7856 7857 8567 8566 
10697 7857 7858 8568 8567 
10698 7858 7859 8569 8568 
10699 7859 7860 8570 8569 
10700 7860 7861 8571 8570 
10701 7861 7862 8572 8571 
10702 7862 7863 8573 8572 
10703 7863 7864 8574 8573 
10704 7864 7865 8575 8574 
10705 7865 7866 8576 8575 
10706 7866 7867 8577 8576 
10707 7867 7868 8578 8577 
10708 7868 7869 8579 8578 
10709 7869 7870 8580 8579 
10710 7870 7871 8581 8580 
10711 7871 7872 8582 8581 
10712 7872 7873 8583 8582 
10713 7873 7874 8584 8583 
10714 7874 7875 8585 8584 
10715 7875 7876 8586 8585 
10716 7876 7877 8587 8586 
10717 7877 7878 8588 8587 
10718 7878 7879 8589 8588 
10719 7879 7880 8590 8589 
10720 7880 7881 8591 8590 
10721 7881 7882 8592 8591 
10722 7882 7883 8593 8592 
10723 7883 7884 8594 8593 
10724 7884 7885 8595 8594 
10725 7885 7886 8596 8595 
10726 7886 7887 8597 8596 
10727 7887 7888 8598 8597 
10728 7888 7889 8599 8598 
10729 7889 7890 8600 8599 
10730 7890 7891 8601 8600 
10731 7891 7892 8602 8601 
10732 7892 7893 8603 8602 
10733 7893 7894 8604 8603 
10734 7894 7895 8605 8604 
10735 7895 7896 8606 8605 
10736 7896 7897 8607 8606 
10737 7897 7898 8608 8607 
10738 7898 7899 8609 8608 
10739 7899 7900 8610 8609 
10740 7900 7901 8611 8610 
10741 7901 7902 8612 8611 
10742 7902 7903 8613 8612 
10743 7903 7904 8614 8613 
10744 7904 7905 8615 8614 
10745 7905 7906 8616 8615 
10746 7906 7907 8617 8616 
10747 7907 7908 8618 8617 
10748 7908 7909 8619 8618 
10749 7909 7910 8620 8619 
10750 7910 7911 8621 8620 
10751 7911 7912 8622 8621 
10752 7912 7913 8623 8622 
10753 7913 7914 8624 8623 
10754 7914 7915 8625 8624 
10755 7915 7916 8626 8625 
10756 7916 7917 8627 8626 
10757 7917 7918 8628 8627 
10758 7918 7919 8629 8628 
10759 7919 7920 8630 8629 
10760 7920 7921 8631 8630 
10761 7921 7922 8632 8631 
10762 7922 7923 8633 8632 
10763 7923 7924 8634 8633 
10764 7924 7925 8635 8634 
10765 7925 7926 8636 8635 
10766 7926 7927 8637 8636 
10767 7927 7928 8638 8637 
10768 7928 7929 8639 8638 
10769 7929 7930 8640 8639 
10770 7930 7931 8641 8640 
10771 7931 7932 8642 8641 
10772 7932 7933 8643 8642 
10773 7933 7934 8644 8643 
10774 7934 7935 8645 8644 
10775 7935 7936 8646 8645 
10776 7936 7937 8647 8646 
10777 7937 7938 8648 8647 
10778 7938 7939 8649 8648 
10779 7939 7940 8650 8649 
10780 7940 7941 8651 8650 
10781 7941 7942 8652 8651 
10782 7942 7943 8653 8652 
10783 7943 7944 8654 8653 
10784 7944 7945 8655 8654 
10785 7945 7946 8656 8655 
10786 7946 7947 8657 8656 
10787 7947 7948 8658 8657 
10788 7948 7949 8659 8658 
10789 7949 7950 8660 8659 
10790 7950 7951 8661 8660 
10791 7951 7952 8662 8661 
10792 7952 7953 8663 8662 
10793 7953 7954 8664 8663 
10794 7954 7955 8665 8664 
10795 7955 7956 8666 8665 
10796 7956 7957 8667 8666 
10797 7957 7958 8668 8667 
10798 7958 7959 8669 8668 
10799 7959 7960 8670 8669 
10800 7960 7961 8671 8670 
10801 7961 7962 8672 8671 
10802 7962 7963 8673 8672 
10803 7963 7964 8674 8673 
10804 7964 7965 8675 8674 
10805 7965 7966 8676 8675 
10806 7966 7967 8677 8676 
10807 7967 7968 8678 8677 
10808 7968 7969 8679 8678 
10809 7969 7970 8680 8679 
10810 7970 7971 8681 8680 
10811 7971 7972 8682 8681 
10812 7972 7973 8683 8682 
10813 7973 7974 8684 8683 
10814 7974 7975 8685 8684 
10815 7975 7976 8686 8685 
10816 7976 7977 8687 8686 
10817 7977 7978 8688 8687 
10818 7978 7979 8689 8688 
10819 7979 7980 8690 8689 
10820 7980 7981 8691 8690 
10821 7981 7982 8692 8691 
10822 7982 7983 8693 8692 
10823 7983 7984 8694 8693 
10824 7984 7985 8695 8694 
10825 7985 7986 8696 8695 
10826 7986 7987 8697 8696 
10827 7987 7988 8698 8697 
10828 7988 7989 8699 8698 
10829 7989 7990 8700 8699 
10830 7990 7991 8701 8700 
10831 7991 7992 8702 8701 
10832 7992 7993 8703 8702 
10833 7993 7994 8704 8703 
10834 7994 7995 8705 8704 
10835 7995 7996 8706 8705 
10836 7996 7997 8707 8706 
10837 7997 7998 8708 8707 
10838 7998 7999 8709 8708 
10839 7999 8000 8710 8709 
10840 8000 8001 8711 8710 
10841 8001 8002 8712 8711 
10842 8002 8003 8713 8712 
10843 8003 8004 8714 8713 
10844 8004 8005 8715 8714 
10845 8005 8006 8716 8715 
10846 8006 8007 8717 8716 
10847 8007 8008 8718 8717 
10848 8008 8009 8719 8718 
10849 8009 8010 8720 8719 
10850 8010 8011 8721 8720 
10851 8011 8012 8722 8721 
10852 8012 8013 8723 8722 
10853 8013 8014 8724 8723 
10854 8014 8015 8725 8724 
10855 8015 8016 8726 8725 
10856 8016 8017 8727 8726 
10857 8017 8018 8728 8727 
10858 8018 8019 8729 8728 
10859 8019 8020 8730 8729 
10860 8020 8021 8731 8730 
10861 8021 8022 8732 8731 
10862 8022 8023 8733 8732 
10863 8023 8024 8734 8733 
10864 8024 8025 8735 8734 
10865 8025 8026 8736 8735 
10866 8026 8027 8737 8736 
10867 8027 8028 8738 8737 
10868 8028 8029 8739 8738 
10869 8029 8030 8740 8739 
10870 8030 8031 8741 8740 
10871 8031 8032 8742 8741 
10872 8032 8033 8743 8742 
10873 8033 8034 8744 8743 
10874 8034 8035 8745 8744 
10875 8035 8036 8746 8745 
10876 8036 8037 8747 8746 
10877 8037 8038 8748 8747 
10878 8038 8039 8749 8748 
10879 8039 8040 8750 8749 
10880 8040 8041 8751 8750 
10881 8041 8042 8752 8751 
10882 8042 8043 8753 8752 
10883 8043 8044 8754 8753 
10884 8044 8045 8755 8754 
10885 8045 8046 8756 8755 
10886 8046 8047 8757 8756 
10887 8047 8048 8758 8757 
10888 8048 8049 8759 8758 
10889 8049 8050 8760 8759 
10890 8050 8051 8761 8760 
10891 8051 8052 8762 8761 
10892 8052 8053 8763 8762 
10893 8053 8054 8764 8763 
10894 8054 8055 8765 8764 
10895 8055 8056 8766 8765 
10896 8056 8057 8767 8766 
10897 8057 8058 8768 8767 
10898 8058 8059 8769 8768 
10899 8059 8060 8770 8769 
10900 8060 8061 8771 8770 
10901 8061 8062 8772 8771 
10902 8062 8063 8773 8772 
10903 8063 8064 8774 8773 
10904 8064 8065 8775 8774 
10905 8065 8066 8776 8775 
10906 8066 8067 8777 8776 
10907 8067 8068 8778 8777 
10908 8068 8069 8779 8778 
10909 8069 8070 8780 8779 
10910 8070 8071 8781 8780 
10911 8071 8072 8782 8781 
10912 8072 8073 8783 8782 
10913 8073 8074 8784 8783 
10914 8074 8075 8785 8784 
10915 8075 8076 8786 8785 
10916 8076 8077 8787 8786 
10917 8077 8078 8788 8787 
10918 8078 8079 8789 8788 
10919 8079 8080 8790 8789 
10920 8080 8081 8791 8790 
10921 8081 8082 8792 8791 
10922 8082 8083 8793 8792 
10923 8083 8084 8794 8793 
10924 8084 8085 8795 8794 
10925 8085 8086 8796 8795 
10926 8086 8087 8797 8796 
10927 8087 8088 8798 8797 
10928 8088 8089 8799 8798 
10929 8089 8090 8800 8799 
10930 8090 8091 8801 8800 
10931 8091 8092 8802 8801 
10932 8092 8093 8803 8802 
10933 8093 8094 8804 8803 
10934 8094 8095 8805 8804 
10935 8095 8096 8806 8805 
10936 8096 8097 8807 8806 
10937 8097 8098 8808 8807 
10938 8098 8099 8809 8808 
10939 8099 8100 8810 8809 
10940 8100 8101 8811 8810 
10941 8101 8102 8812 8811 
10942 8102 8103 8813 8812 
10943 8103 8104 8814 8813 
10944 8104 8105 8815 8814 
10945 8105 8106 8816 8815 
10946 8106 8107 8817 8816 
10947 8107 8108 8818 8817 
10948 8108 8109 8819 8818 
10949 8109 8110 8820 8819 
10950 8110 8111 8821 8820 
10951 8111 8112 8822 8821 
10952 8112 8113 8823 8822 
10953 8113 8114 8824 8823 
10954 8114 8115 8825 8824 
10955 8115 8116 8826 8825 
10956 8116 8117 8827 8826 
10957 8117 8118 8828 8827 
10958 8118 8119 8829 8828 
10959 8119 8120 8830 8829 
10960 8120 8121 8831 8830 
10961 8121 8122 8832 8831 
10962 8122 8123 8833 8832 
10963 8123 8124 8834 8833 
10964 8124 8125 8835 8834 
10965 8125 8126 8836 8835 
10966 8126 8127 8837 8836 
10967 8127 8128 8838 8837 
10968 8128 8129 8839 8838 
10969 8129 8130 8840 8839 
10970 8130 8131 8841 8840 
10971 8131 8132 8842 8841 
10972 8132 8133 8843 8842 
10973 8133 8134 8844 8843 
10974 8134 8135 8845 8844 
10975 8135 8136 8846 8845 
10976 8136 8137 8847 8846 
10977 8137 8138 8848 8847 
10978 8138 8139 8849 8848 
10979 8139 8140 8850 8849 
10980 8140 8141 8851 8850 
10981 8141 8142 8852 8851 
10982 8142 8143 8853 8852 
10983 8143 8144 8854 8853 
10984 8144 8145 8855 8854 
10985 8145 8146 8856 8855 
10986 8146 8147 8857 8856 
10987 8147 8148 8858 8857 
10988 8148 8149 8859 8858 
10989 8149 8150 8860 8859 
10990 8150 8151 8861 8860 
10991 8151 8152 8862 8861 
10992 8152 8153 8863 8862 
10993 8153 8154 8864 8863 
10994 8154 8155 8865 8864 
10995 8155 8156 8866 8865 
10996 8156 8157 8867 8866 
10997 8157 8158 8868 8867 
10998 8158 8159 8869 8868 
10999 8159 8160 8870 8869 
11000 8160 8161 8871 8870 
11001 8161 8162 8872 8871 
11002 8162 8163 8873 8872 
11003 8163 8164 8874 8873 
11004 8164 8165 8875 8874 
11005 8165 8166 8876 8875 
11006 8166 8167 8877 8876 
11007 8167 8168 8878 8877 
11008 8168 8169 8879 8878 
11009 8169 8170 8880 8879 
11010 8170 8171 8881 8880 
11011 8171 8172 8882 8881 
11012 8172 8173 8883 8882 
11013 8173 8174 8884 8883 
11014 8174 8175 8885 8884 
11015 8175 8176 8886 8885 
11016 8176 8177 8887 8886 
11017 8177 8178 8888 8887 
11018 8178 8179 8889 8888 
11019 8179 8180 8890 8889 
11020 8180 8181 8891 8890 
11021 8181 8182 8892 8891 
11022 8182 8183 8893 8892 
11023 8183 8184 8894 8893 
11024 8184 8185 8895 8894 
11025 8185 8186 8896 8895 
11026 8186 8187 8897 8896 
11027 8187 8188 8898 8897 
11028 8188 8189 8899 8898 
11029 8189 8190 8900 8899 
11030 8190 8191 8901 8900 
11031 8191 8192 8902 8901 
11032 8192 8193 8903 8902 
11033 8193 8194 8904 8903 
11034 8194 8195 8905 8904 
11035 8195 8196 8906 8905 
11036 8196 8197 8907 8906 
11037 8197 8198 8908 8907 
11038 8198 8199 8909 8908 
11039 8199 8200 8910 8909 
11040 8200 8201 8911 8910 
11041 8201 8202 8912 8911 
11042 8202 8203 8913 8912 
11043 8203 8204 8914 8913 
11044 8204 8205 8915 8914 
11045 8205 8206 8916 8915 
11046 8206 8207 8917 8916 
11047 8207 8208 8918 8917 
11048 8208 8209 8919 8918 
11049 8209 8210 8920 8919 
11050 8210 8211 8921 8920 
11051 8211 8212 8922 8921 
11052 8212 8213 8923 8922 
11053 8213 8214 8924 8923 
11054 8214 8215 8925 8924 
11055 8215 8216 8926 8925 
11056 8216 8217 8927 8926 
11057 8217 8218 8928 8927 
11058 8218 8219 8929 8928 
11059 8219 8220 8930 8929 
11060 8220 8221 8931 8930 
11061 8221 8222 8932 8931 
11062 8222 8223 8933 8932 
11063 8223 8224 8934 8933 
11064 8224 8225 8935 8934 
11065 8225 8226 8936 8935 
11066 8226 8227 8937 8936 
11067 8227 8228 8938 8937 
11068 8228 8229 8939 8938 
11069 8229 8230 8940 8939 
11070 8230 8231 8941 8940 
11071 8231 8232 8942 8941 
11072 8232 8233 8943 8942 
11073 8233 8234 8944 8943 
11074 8234 8235 8945 8944 
11075 8235 8236 8946 8945 
11076 8236 8237 8947 8946 
11077 8237 8238 8948 8947 
11078 8238 8239 8949 8948 
11079 8239 8240 8950 8949 
11080 8240 8241 8951 8950 
11081 8241 8242 8952 8951 
11082 8242 8243 8953 8952 
11083 8243 8244 8954 8953 
11084 8244 8245 8955 8954 
11085 8245 8246 8956 8955 
11086 8246 8247 8957 8956 
11087 8247 8248 8958 8957 
11088 8248 8249 8959 8958 
11089 8249 8250 8960 8959 
11090 8250 8251 8961 8960 
11091 8251 8252 8962 8961 
11092 8252 8253 8963 8962 
11093 8253 8254 8964 8963 
11094 8254 8255 8965 8964 
11095 8255 8256 8966 8965 
11096 8256 8257 8967 8966 
11097 8257 8258 8968 8967 
11098 8258 8259 8969 8968 
11099 8259 8260 8970 8969 
11100 8260 8261 8971 8970 
11101 8261 8262 8972 8971 
11102 8262 8263 8973 8972 
11103 8263 8264 8974 8973 
11104 8264 8265 8975 8974 
11105 8265 8266 8976 8975 
11106 8266 8267 8977 8976 
11107 8267 8268 8978 8977 
11108 8268 8269 8979 8978 
11109 8269 8270 8980 8979 
11110 8270 8271 8981 8980 
11111 8271 8272 8982 8981 
11112 8272 8273 8983 8982 
11113 8273 8274 8984 8983 
11114 8274 8275 8985 8984 
11115 8275 8276 8986 8985 
11116 8276 8277 8987 8986 
11117 8277 8278 8988 8987 
11118 8278 8279 8989 8988 
11119 8279 8280 8990 8989 
11120 8280 8281 8991 8990 
11121 8281 8282 8992 8991 
11122 8282 8283 8993 8992 
11123 8283 8284 8994 8993 
11124 8284 8285 8995 8994 
11125 8285 8286 8996 8995 
11126 8286 8287 8997 8996 
11127 8287 8288 8998 8997 
11128 8288 8289 8999 8998 
11129 8289 8290 9000 8999 
11130 8290 8291 9001 9000 
11131 8291 8292 9002 9001 
11132 8292 8293 9003 9002 
11133 8293 8294 9004 9003 
11134 8294 8295 9005 9004 
11135 8295 8296 9006 9005 
11136 8296 8297 9007 9006 
11137 8297 8298 9008 9007 
11138 8298 8299 9009 9008 
11139 8299 8300 9010 9009 
11140 8300 8301 9011 9010 
11141 8301 8302 9012 9011 
11142 8302 8303 9013 9012 
11143 8303 8304 9014 9013 
11144 8304 8305 9015 9014 
11145 8305 8306 9016 9015 
11146 8306 8307 9017 9016 
11147 8307 8308 9018 9017 
11148 8308 8309 9019 9018 
11149 8309 8310 9020 9019 
11150 8310 8311 9021 9020 
11151 8311 8312 9022 9021 
11152 8312 8313 9023 9022 
11153 8313 8314 9024 9023 
11154 8314 8315 9025 9024 
11155 8315 8316 9026 9025 
11156 8316 8317 9027 9026 
11157 8317 8318 9028 9027 
11158 8318 8319 9029 9028 
11159 8319 8320 9030 9029 
11160 8320 8321 9031 9030 
11161 8321 8322 9032 9031 
11162 8322 8323 9033 9032 
11163 8323 8324 9034 9033 
11164 8324 8325 9035 9034 
11165 8325 8326 9036 9035 
11166 8326 8327 9037 9036 
11167 8327 8328 9038 9037 
11168 8328 8329 9039 9038 
11169 8329 8330 9040 9039 
11170 8330 8331 9041 9040 
11171 8331 8332 9042 9041 
11172 8332 8333 9043 9042 
11173 8333 8334 9044 9043 
11174 8334 8335 9045 9044 
11175 8335 8336 9046 9045 
11176 8336 8337 9047 9046 
11177 8337 8338 9048 9047 
11178 8338 8339 9049 9048 
11179 8339 8340 9050 9049 
11180 8340 8341 9051 9050 
11181 8341 8342 9052 9051 
11182 8342 8343 9053 9052 
11183 8343 8344 9054 9053 
11184 8344 8345 9055 9054 
11185 8345 8346 9056 9055 
11186 8346 8347 9057 9056 
11187 8347 8348 9058 9057 
11188 8348 8349 9059 9058 
11189 8349 8350 9060 9059 
11190 8350 8351 9061 9060 
11191 8351 8352 9062 9061 
11192 8352 8353 9063 9062 
11193 8353 8354 9064 9063 
11194 8354 8355 9065 9064 
11195 8355 8356 9066 9065 
11196 8356 8357 9067 9066 
11197 8357 8358 9068 9067 
11198 8358 8359 9069 9068 
11199 8359 8360 9070 9069 
11200 8360 8361 9071 9070 
11201 8361 8362 9072 9071 
11202 8362 8363 9073 9072 
11203 8363 8364 9074 9073 
11204 8364 8365 9075 9074 
11205 8365 8366 9076 9075 
11206 8366 8367 9077 9076 
11207 8367 8368 9078 9077 
11208 8368 8369 9079 9078 
11209 8369 8370 9080 9079 
11210 8370 8371 9081 9080 
11211 8371 8372 9082 9081 
11212 8372 8373 9083 9082 
11213 8373 8374 9084 9083 
11214 8374 8375 9085 9084 
11215 8375 8376 9086 9085 
11216 8376 8377 9087 9086 
11217 8377 8378 9088 9087 
11218 8378 8379 9089 9088 
11219 8379 8380 9090 9089 
11220 8380 8381 9091 9090 
11221 8381 8382 9092 9091 
11222 8382 8383 9093 9092 
11223 8383 8384 9094 9093 
11224 8384 8385 9095 9094 
11225 8385 8386 9096 9095 
11226 8386 8387 9097 9096 
11227 8387 8388 9098 9097 
11228 8388 8389 9099 9098 
11229 8389 8390 9100 9099 
11230 8390 8391 9101 9100 
11231 8391 8392 9102 9101 
11232 8392 8393 9103 9102 
11233 8393 8394 9104 9103 
11234 8394 8395 9105 9104 
11235 8395 8396 9106 9105 
11236 8396 8397 9107 9106 
11237 8397 8398 9108 9107 
11238 8398 8399 9109 9108 
11239 8399 8400 9110 9109 
11240 8400 8401 9111 9110 
11241 8401 8402 9112 9111 
11242 8402 8403 9113 9112 
11243 8403 8404 9114 9113 
11244 8404 8405 9115 9114 
11245 8405 8406 9116 9115 
11246 8406 8407 9117 9116 
11247 8407 8408 9118 9117 
11248 8408 8409 9119 9118 
11249 8409 8410 9120 9119 
11250 8410 8411 9121 9120 
11251 8411 8412 9122 9121 
11252 8412 8413 9123 9122 
11253 8413 8414 9124 9123 
11254 8414 8415 9125 9124 
11255 8415 8416 9126 9125 
11256 8416 8417 9127 9126 
11257 8417 8418 9128 9127 
11258 8418 8419 9129 9128 
11259 8419 8420 9130 9129 
11260 8420 8421 9131 9130 
11261 8421 8422 9132 9131 
11262 8422 8423 9133 9132 
11263 8423 8424 9134 9133 
11264 8424 8425 9135 9134 
11265 8425 8426 9136 9135 
11266 8426 8427 9137 9136 
11267 8427 8428 9138 9137 
11268 8428 8429 9139 9138 
11269 8429 8430 9140 9139 
11270 8430 8431 9141 9140 
11271 8431 8432 9142 9141 
11272 8432 8433 9143 9142 
11273 8433 8434 9144 9143 
11274 8434 8435 9145 9144 
11275 8435 8436 9146 9145 
11276 8436 8437 9147 9146 
11277 8437 8438 9148 9147 
11278 8438 8439 9149 9148 
11279 8439 8440 9150 9149 
11280 8440 8441 9151 9150 
11281 8441 8442 9152 9151 
11282 8442 8443 9153 9152 
11283 8443 8444 9154 9153 
11284 8444 8445 9155 9154 
11285 8445 8446 9156 9155 
11286 8446 8447 9157 9156 
11287 8447 8448 9158 9157 
11288 8448 8449 9159 9158 
11289 8449 8450 9160 9159 
11290 8450 8451 9161 9160 
11291 8451 8452 9162 9161 
11292 8452 8453 9163 9162 
11293 8453 8454 9164 9163 
11294 8454 8455 9165 9164 
11295 8455 8456 9166 9165 
11296 8456 8457 9167 9166 
11297 8457 8458 9168 9167 
11298 8458 8459 9169 9168 
11299 8459 8460 9170 9169 
11300 8460 8461 9171 9170 
11301 8461 8462 9172 9171 
11302 8462 8463 9173 9172 
11303 8463 8464 9174 9173 
11304 8464 8465 9175 9174 
11305 8465 8466 9176 9175 
11306 8466 8467 9177 9176 
11307 8467 8468 9178 9177 
11308 8468 8469 9179 9178 
11309 8469 8470 9180 9179 
11310 8470 8471 9181 9180 
11311 8471 8472 9182 9181 
11312 8472 8473 9183 9182 
11313 8473 8474 9184 9183 
11314 8474 8475 9185 9184 
11315 8475 8476 9186 9185 
11316 8476 8477 9187 9186 
11317 8477 8478 9188 9187 
11318 8478 8479 9189 9188 
11319 8479 8480 9190 9189 
11320 8480 8481 9191 9190 
11321 8481 8482 9192 9191 
11322 8482 8483 9193 9192 
11323 8483 8484 9194 9193 
11324 8484 8485 9195 9194 
11325 8485 8486 9196 9195 
11326 8486 8487 9197 9196 
11327 8487 8488 9198 9197 
11328 8488 8489 9199 9198 
11329 8489 8490 9200 9199 
11330 8490 8491 9201 9200 
11331 8491 8492 9202 9201 
11332 8492 8493 9203 9202 
11333 8493 8494 9204 9203 
11334 8494 8495 9205 9204 
11335 8495 8496 9206 9205 
11336 8496 8497 9207 9206 
11337 8497 8498 9208 9207 
11338 8498 8499 9209 9208 
11339 8499 8500 9210 9209 
11340 8500 8501 9211 9210 
11341 8501 8502 9212 9211 
11342 8502 8503 9213 9212 
11343 8503 8504 9214 9213 
11344 8504 8505 9215 9214 
11345 8505 8506 9216 9215 
11346 8506 8507 9217 9216 
11347 8507 8508 9218 9217 
11348 8508 8509 9219 9218 
11349 8509 8510 9220 9219 
11350 8510 8511 9221 9220 
11351 8511 8512 9222 9221 
11352 8512 8513 9223 9222 
11353 8513 8514 9224 9223 
11354 8514 8515 9225 9224 
11355 8515 8516 9226 9225 
11356 8516 8517 9227 9226 
11357 8517 8518 9228 9227 
11358 8518 8519 9229 9228 
11359 8519 8520 9230 9229 
11360 8520 8521 9231 9230 
11361 8521 8522 9232 9231 
11362 8522 8523 9233 9232 
11363 8523 1881 1880 9233 
11364 272 8524 1892 25 
11365 8524 8525 1893 1892 
11366 8525 8526 1894 1893 
11367 8526 8527 1895 1894 
11368 8527 8528 1896 1895 
11369 8528 8529 1897 1896 
11370 8529 8530 1898 1897 
11371 8530 8531 1899 1898 
11372 8531 8532 1900 1899 
11373 8532 8533 1901 1900 
11374 8533 8534 1902 1901 
11375 8534 8535 1903 1902 
11376 8535 8536 1904 1903 
11377 8536 8537 1905 1904 
11378 8537 8538 1906 1905 
11379 8538 8539 1907 1906 
11380 8539 8540 1908 1907 
11381 8540 8541 1909 1908 
11382 8541 8542 1910 1909 
11383 8542 8543 1911 1910 
11384 8543 8544 1912 1911 
11385 8544 8545 1913 1912 
11386 8545 8546 1914 1913 
11387 8546 8547 1915 1914 
11388 8547 8548 1916 1915 
11389 8548 8549 1917 1916 
11390 8549 8550 1918 1917 
11391 8550 8551 1919 1918 
11392 8551 8552 1920 1919 
11393 8552 8553 1921 1920 
11394 8553 8554 1922 1921 
11395 8554 8555 1923 1922 
11396 8555 8556 1924 1923 
11397 8556 8557 1925 1924 
11398 8557 8558 1926 1925 
11399 8558 8559 1927 1926 
11400 8559 8560 1928 1927 
11401 8560 8561 1929 1928 
11402 8561 8562 1930 1929 
11403 8562 8563 1931 1930 
11404 8563 8564 1932 1931 
11405 8564 8565 1933 1932 
11406 8565 8566 1934 1933 
11407 8566 8567 1935 1934 
11408 8567 8568 1936 1935 
11409 8568 8569 1937 1936 
11410 8569 8570 1938 1937 
11411 8570 8571 1939 1938 
11412 8571 8572 1940 1939 
11413 8572 8573 1941 1940 
11414 8573 8574 1942 1941 
11415 8574 8575 1943 1942 
11416 8575 8576 1944 1943 
11417 8576 8577 1945 1944 
11418 8577 8578 1946 1945 
11419 8578 8579 1947 1946 
11420 8579 8580 1948 1947 
11421 8580 8581 1949 1948 
11422 8581 8582 1950 1949 
11423 8582 8583 1951 1950 
11424 8583 8584 1952 1951 
11425 8584 8585 1953 1952 
11426 8585 8586 1954 1953 
11427 8586 8587 1955 1954 
11428 8587 8588 1956 1955 
11429 8588 8589 1957 1956 
11430 8589 8590 1958 1957 
11431 8590 8591 1959 1958 
11432 8591 8592 1960 1959 
11433 8592 8593 1961 1960 
11434 8593 8594 1962 1961 
11435 8594 8595 1963 1962 
11436 8595 8596 1964 1963 
11437 8596 8597 1965 1964 
11438 8597 8598 1966 1965 
11439 8598 8599 1967 1966 
11440 8599 8600 1968 1967 
11441 8600 8601 1969 1968 
11442 8601 8602 1970 1969 
11443 8602 8603 1971 1970 
11444 8603 8604 1972 1971 
11445 8604 8605 1973 1972 
11446 8605 8606 1974 1973 
11447 8606 8607 1975 1974 
11448 8607 8608 1976 1975 
11449 8608 8609 1977 1976 
11450 8609 8610 1978 1977 
11451 8610 8611 1979 1978 
11452 8611 8612 1980 1979 
11453 8612 8613 1981 1980 
11454 8613 8614 1982 1981 
11455 8614 8615 1983 1982 
11456 8615 8616 1984 1983 
11457 8616 8617 1985 1984 
11458 8617 8618 1986 1985 
11459 8618 8619 1987 1986 
11460 8619 8620 1988 1987 
11461 8620 8621 1989 1988 
11462 8621 8622 1990 1989 
11463 8622 8623 1991 1990 
11464 8623 8624 1992 1991 
11465 8624 8625 1993 1992 
11466 8625 8626 1994 1993 
11467 8626 8627 1995 1994 
11468 8627 8628 1996 1995 
11469 8628 8629 1997 1996 
11470 8629 8630 1998 1997 
11471 8630 8631 1999 1998 
11472 8631 8632 2000 1999 
11473 8632 8633 2001 2000 
11474 8633 8634 2002 2001 
11475 8634 8635 2003 2002 
11476 8635 8636 2004 2003 
11477 8636 8637 2005 2004 
11478 8637 8638 2006 2005 
11479 8638 8639 2007 2006 
11480 8639 8640 2008 2007 
11481 8640 8641 2009 2008 
11482 8641 8642 2010 2009 
11483 8642 8643 2011 2010 
11484 8643 8644 2012 2011 
11485 8644 8645 2013 2012 
11486 8645 8646 2014 2013 
11487 8646 8647 2015 2014 
11488 8647 8648 2016 2015 
11489 8648 8649 2017 2016 
11490 8649 8650 2018 2017 
11491 8650 8651 2019 2018 
11492 8651 8652 2020 2019 
11493 8652 8653 2021 2020 
11494 8653 8654 2022 2021 
11495 8654 8655 2023 2022 
11496 8655 8656 2024 2023 
11497 8656 8657 2025 2024 
11498 8657 8658 2026 2025 
11499 8658 8659 2027 2026 
11500 8659 8660 2028 2027 
11501 8660 8661 2029 2028 
11502 8661 8662 2030 2029 
11503 8662 8663 2031 2030 
11504 8663 8664 2032 2031 
11505 8664 8665 2033 2032 
11506 8665 8666 2034 2033 
11507 8666 8667 2035 2034 
11508 8667 8668 2036 2035 
11509 8668 8669 2037 2036 
11510 8669 8670 2038 2037 
11511 8670 8671 2039 2038 
11512 8671 8672 2040 2039 
11513 8672 8673 2041 2040 
11514 8673 8674 2042 2041 
11515 8674 8675 2043 2042 
11516 8675 8676 2044 2043 
11517 8676 8677 2045 2044 
11518 8677 8678 2046 2045 
11519 8678 8679 2047 2046 
11520 8679 8680 2048 2047 
11521 8680 8681 2049 2048 
11522 8681 8682 2050 2049 
11523 8682 8683 2051 2050 
11524 8683 8684 2052 2051 
11525 8684 8685 2053 2052 
11526 8685 8686 2054 2053 
11527 8686 8687 2055 2054 
11528 8687 8688 2056 2055 
11529 8688 8689 2057 2056 
11530 8689 8690 2058 2057 
11531 8690 8691 2059 2058 
11532 8691 8692 2060 2059 
11533 8692 8693 2061 2060 
11534 8693 8694 2062 2061 
11535 8694 8695 2063 2062 
11536 8695 8696 2064 2063 
11537 8696 8697 2065 2064 
11538 8697 8698 2066 2065 
11539 8698 8699 2067 2066 
11540 8699 8700 2068 2067 
11541 8700 8701 2069 2068 
11542 8701 8702 2070 2069 
11543 8702 8703 2071 2070 
11544 8703 8704 2072 2071 
11545 8704 8705 2073 2072 
11546 8705 8706 2074 2073 
11547 8706 8707 2075 2074 
11548 8707 8708 2076 2075 
11549 8708 8709 2077 2076 
11550 8709 8710 2078 2077 
11551 8710 8711 2079 2078 
11552 8711 8712 2080 2079 
11553 8712 8713 2081 2080 
11554 8713 8714 2082 2081 
11555 8714 8715 2083 2082 
11556 8715 8716 2084 2083 
11557 8716 8717 2085 2084 
11558 8717 8718 2086 2085 
11559 8718 8719 2087 2086 
11560 8719 8720 2088 2087 
11561 8720 8721 2089 2088 
11562 8721 8722 2090 2089 
11563 8722 8723 2091 2090 
11564 8723 8724 2092 2091 
11565 8724 8725 2093 2092 
11566 8725 8726 2094 2093 
11567 8726 8727 2095 2094 
11568 8727 8728 2096 2095 
11569 8728 8729 2097 2096 
11570 8729 8730 2098 2097 
11571 8730 8731 2099 2098 
11572 8731 8732 2100 2099 
11573 8732 8733 2101 2100 
11574 8733 8734 2102 2101 
11575 8734 8735 2103 2102 
11576 8735 8736 2104 2103 
11577 8736 8737 2105 2104 
11578 8737 8738 2106 2105 
11579 8738 8739 2107 2106 
11580 8739 8740 2108 2107 
11581 8740 8741 2109 2108 
11582 8741 8742 2110 2109 
11583 8742 8743 2111 2110 
11584 8743 8744 2112 2111 
11585 8744 8745 2113 2112 
11586 8745 8746 2114 2113 
11587 8746 8747 2115 2114 
11588 8747 8748 2116 2115 
11589 8748 8749 2117 2116 
11590 8749 8750 2118 2117 
11591 8750 8751 2119 2118 
11592 8751 8752 2120 2119 
11593 8752 8753 2121 2120 
11594 8753 8754 2122 2121 
11595 8754 8755 2123 2122 
11596 8755 8756 2124 2123 
11597 8756 8757 2125 2124 
11598 8757 8758 2126 2125 
11599 8758 8759 2127 2126 
11600 8759 8760 2128 2127 
11601 8760 8761 2129 2128 
11602 8761 8762 2130 2129 
11603 8762 8763 2131 2130 
11604 8763 8764 2132 2131 
11605 8764 8765 2133 2132 
11606 8765 8766 2134 2133 
11607 8766 8767 2135 2134 
11608 8767 8768 2136 2135 
11609 8768 8769 2137 2136 
11610 8769 8770 2138 2137 
11611 8770 8771 2139 2138 
11612 8771 8772 2140 2139 
11613 8772 8773 2141 2140 
11614 8773 8774 2142 2141 
11615 8774 8775 2143 2142 
11616 8775 8776 2144 2143 
11617 8776 8777 2145 2144 
11618 8777 8778 2146 2145 
11619 8778 8779 2147 2146 
11620 8779 8780 2148 2147 
11621 8780 8781 2149 2148 
11622 8781 8782 2150 2149 
11623 8782 8783 2151 2150 
11624 8783 8784 2152 2151 
11625 8784 8785 2153 2152 
11626 8785 8786 2154 2153 
11627 8786 8787 24 2154 
11628 8787 8788 2596 24 
11629 8788 8789 2595 2596 
11630 8789 8790 2594 2595 
11631 8790 8791 2593 2594 
11632 8791 8792 2592 2593 
11633 8792 8793 2591 2592 
11634 8793 8794 2590 2591 
11635 8794 8795 2589 2590 
11636 8795 8796 2588 2589 
11637 8796 8797 2587 2588 
11638 8797 8798 2586 2587 
11639 8798 8799 2585 2586 
11640 8799 8800 2584 2585 
11641 8800 8801 2583 2584 
11642 8801 8802 2582 2583 
11643 8802 8803 2581 2582 
11644 8803 8804 2580 2581 
11645 8804 8805 2579 2580 
11646 8805 8806 2578 2579 
11647 8806 8807 28 2578 
11648 8807 8808 2577 28 
11649 8808 8809 2576 2577 
11650 8809 8810 2575 2576 
11651 8810 8811 2574 2575 
11652 8811 8812 2573 2574 
11653 8812 8813 2572 2573 
11654 8813 8814 2571 2572 
11655 8814 8815 2570 2571 
11656 8815 8816 2569 2570 
11657 8816 8817 2568 2569 
11658 8817 8818 2567 2568 
11659 8818 8819 2566 2567 
11660 8819 8820 2565 2566 
11661 8820 8821 2564 2565 
11662 8821 8822 2563 2564 
11663 8822 8823 2562 2563 
11664 8823 8824 2561 2562 
11665 8824 8825 2560 2561 
11666 8825 8826 2559 2560 
11667 8826 8827 2558 2559 
11668 8827 8828 2557 2558 
11669 8828 8829 2556 2557 
11670 8829 8830 2555 2556 
11671 8830 8831 2554 2555 
11672 8831 8832 2553 2554 
11673 8832 8833 2552 2553 
11674 8833 8834 2551 2552 
11675 8834 8835 2550 2551 
11676 8835 8836 2549 2550 
11677 8836 8837 2548 2549 
11678 8837 8838 2547 2548 
11679 8838 8839 2546 2547 
11680 8839 8840 2545 2546 
11681 8840 8841 2544 2545 
11682 8841 8842 2543 2544 
11683 8842 8843 2542 2543 
11684 8843 8844 2541 2542 
11685 8844 8845 2540 2541 
11686 8845 8846 2539 2540 
11687 8846 8847 2538 2539 
11688 8847 8848 2537 2538 
11689 8848 8849 2536 2537 
11690 8849 8850 2535 2536 
11691 8850 8851 2534 2535 
11692 8851 8852 2533 2534 
11693 8852 8853 2532 2533 
11694 8853 8854 2531 2532 
11695 8854 8855 2530 2531 
11696 8855 8856 2529 2530 
11697 8856 8857 2528 2529 
11698 8857 8858 2527 2528 
11699 8858 8859 2526 2527 
11700 8859 8860 2525 2526 
11701 8860 8861 2524 2525 
11702 8861 8862 2523 2524 
11703 8862 8863 2522 2523 
11704 8863 8864 2521 2522 
11705 8864 8865 2520 2521 
11706 8865 8866 2519 2520 
11707 8866 8867 2518 2519 
11708 8867 8868 2517 2518 
11709 8868 8869 2516 2517 
11710 8869 8870 2515 2516 
11711 8870 8871 2514 2515 
11712 8871 8872 2513 2514 
11713 8872 8873 2512 2513 
11714 8873 8874 2511 2512 
11715 8874 8875 2510 2511 
11716 8875 8876 2509 2510 
11717 8876 8877 2508 2509 
11718 8877 8878 2507 2508 
11719 8878 8879 2506 2507 
11720 8879 8880 2505 2506 
11721 8880 8881 2504 2505 
11722 8881 8882 2503 2504 
11723 8882 8883 2502 2503 
11724 8883 8884 2501 2502 
11725 8884 8885 2500 2501 
11726 8885 8886 2499 2500 
11727 8886 8887 2498 2499 
11728 8887 8888 2497 2498 
11729 8888 8889 2496 2497 
11730 8889 8890 2495 2496 
11731 8890 8891 2494 2495 
11732 8891 8892 2493 2494 
11733 8892 8893 2492 2493 
11734 8893 8894 2491 2492 
11735 8894 8895 2490 2491 
11736 8895 8896 2489 2490 
11737 8896 8897 2488 2489 
11738 8897 8898 2487 2488 
11739 8898 8899 2486 2487 
11740 8899 8900 2485 2486 
11741 8900 8901 2484 2485 
11742 8901 8902 2483 2484 
11743 8902 8903 2482 2483 
11744 8903 8904 2481 2482 
11745 8904 8905 2480 2481 
11746 8905 8906 2479 2480 
11747 8906 8907 2478 2479 
11748 8907 8908 2477 2478 
11749 8908 8909 2476 2477 
11750 8909 8910 2475 2476 
11751 8910 8911 2474 2475 
11752 8911 8912 2473 2474 
11753 8912 8913 2472 2473 
11754 8913 8914 2471 2472 
11755 8914 8915 2470 2471 
11756 8915 8916 2469 2470 
11757 8916 8917 2468 2469 
11758 8917 8918 2467 2468 
11759 8918 8919 2466 2467 
11760 8919 8920 2465 2466 
11761 8920 8921 2464 2465 
11762 8921 8922 2463 2464 
11763 8922 8923 2462 2463 
11764 8923 8924 2461 2462 
11765 8924 8925 2460 2461 
11766 8925 8926 2459 2460 
11767 8926 8927 2458 2459 
11768 8927 8928 2457 2458 
11769 8928 8929 2456 2457 
11770 8929 8930 2455 2456 
11771 8930 8931 2454 2455 
11772 8931 8932 2453 2454 
11773 8932 8933 2452 2453 
11774 8933 8934 2451 2452 
11775 8934 8935 2450 2451 
11776 8935 8936 2449 2450 
11777 8936 8937 2448 2449 
11778 8937 8938 2447 2448 
11779 8938 8939 2446 2447 
11780 8939 8940 2445 2446 
11781 8940 8941 2444 2445 
11782 8941 8942 2443 2444 
11783 8942 8943 2442 2443 
11784 8943 8944 2441 2442 
11785 8944 8945 2440 2441 
11786 8945 8946 2439 2440 
11787 8946 8947 2438 2439 
11788 8947 8948 2437 2438 
11789 8948 8949 2436 2437 
11790 8949 8950 2435 2436 
11791 8950 8951 2434 2435 
11792 8951 8952 2433 2434 
11793 8952 8953 2432 2433 
11794 8953 8954 2431 2432 
11795 8954 8955 2430 2431 
11796 8955 8956 2429 2430 
11797 8956 8957 2428 2429 
11798 8957 8958 2427 2428 
11799 8958 8959 2426 2427 
11800 8959 8960 2425 2426 
11801 8960 8961 2424 2425 
11802 8961 8962 2423 2424 
11803 8962 8963 2422 2423 
11804 8963 8964 2421 2422 
11805 8964 8965 2420 2421 
11806 8965 8966 2419 2420 
11807 8966 8967 2418 2419 
11808 8967 8968 2417 2418 
11809 8968 8969 2416 2417 
11810 8969 8970 2415 2416 
11811 8970 8971 2414 2415 
11812 8971 8972 2413 2414 
11813 8972 8973 2412 2413 
11814 8973 8974 2411 2412 
11815 8974 8975 2410 2411 
11816 8975 8976 2409 2410 
11817 8976 8977 2408 2409 
11818 8977 8978 2407 2408 
11819 8978 8979 2406 2407 
11820 8979 8980 2405 2406 
11821 8980 8981 2404 2405 
11822 8981 8982 2403 2404 
11823 8982 8983 2402 2403 
11824 8983 8984 2401 2402 
11825 8984 8985 2400 2401 
11826 8985 8986 2399 2400 
11827 8986 8987 2398 2399 
11828 8987 8988 2397 2398 
11829 8988 8989 2396 2397 
11830 8989 8990 2395 2396 
11831 8990 8991 2394 2395 
11832 8991 8992 2393 2394 
11833 8992 8993 2392 2393 
11834 8993 8994 2391 2392 
11835 8994 8995 2390 2391 
11836 8995 8996 2389 2390 
11837 8996 8997 2388 2389 
11838 8997 8998 2387 2388 
11839 8998 8999 2386 2387 
11840 8999 9000 2385 2386 
11841 9000 9001 2384 2385 
11842 9001 9002 2383 2384 
11843 9002 9003 2382 2383 
11844 9003 9004 27 2382 
11845 9004 9005 2381 27 
11846 9005 9006 2380 2381 
11847 9006 9007 2379 2380 
11848 9007 9008 2378 2379 
11849 9008 9009 2377 2378 
11850 9009 9010 2376 2377 
11851 9010 9011 2375 2376 
11852 9011 9012 2374 2375 
11853 9012 9013 2373 2374 
11854 9013 9014 2372 2373 
11855 9014 9015 2371 2372 
11856 9015 9016 2370 2371 
11857 9016 9017 2369 2370 
11858 9017 9018 2368 2369 
11859 9018 9019 2367 2368 
11860 9019 9020 2366 2367 
11861 9020 9021 2365 2366 
11862 9021 9022 2364 2365 
11863 9022 9023 2363 2364 
11864 9023 9024 2362 2363 
11865 9024 9025 2361 2362 
11866 9025 9026 2360 2361 
11867 9026 9027 2359 2360 
11868 9027 9028 2358 2359 
11869 9028 9029 2357 2358 
11870 9029 9030 2356 2357 
11871 9030 9031 2355 2356 
11872 9031 9032 2354 2355 
11873 9032 9033 2353 2354 
11874 9033 9034 2352 2353 
11875 9034 9035 2351 2352 
11876 9035 9036 2350 2351 
11877 9036 9037 2349 2350 
11878 9037 9038 2348 2349 
11879 9038 9039 2347 2348 
11880 9039 9040 2346 2347 
11881 9040 9041 2345 2346 
11882 9041 9042 2344 2345 
11883 9042 9043 2343 2344 
11884 9043 9044 2342 2343 
11885 9044 9045 2341 2342 
11886 9045 9046 2340 2341 
11887 9046 9047 2339 2340 
11888 9047 9048 2338 2339 
11889 9048 9049 2337 2338 
11890 9049 9050 2336 2337 
11891 9050 9051 2335 2336 
11892 9051 9052 2334 2335 
11893 9052 9053 2333 2334 
11894 9053 9054 2332 2333 
11895 9054 9055 2331 2332 
11896 9055 9056 2330 2331 
11897 9056 9057 2329 2330 
11898 9057 9058 2328 2329 
11899 9058 9059 2327 2328 
11900 9059 9060 2326 2327 
11901 9060 9061 2325 2326 
11902 9061 9062 2324 2325 
11903 9062 9063 2323 2324 
11904 9063 9064 2322 2323 
11905 9064 9065 2321 2322 
11906 9065 9066 2320 2321 
11907 9066 9067 2319 2320 
11908 9067 9068 2318 2319 
11909 9068 9069 2317 2318 
11910 9069 9070 2316 2317 
11911 9070 9071 2315 2316 
11912 9071 9072 2314 2315 
11913 9072 9073 2313 2314 
11914 9073 9074 2312 2313 
11915 9074 9075 2311 2312 
11916 9075 9076 2310 2311 
11917 9076 9077 2309 2310 
11918 9077 9078 2308 2309 
11919 9078 9079 2307 2308 
11920 9079 9080 2306 2307 
11921 9080 9081 2305 2306 
11922 9081 9082 2304 2305 
11923 9082 9083 2303 2304 
11924 9083 9084 2302 2303 
11925 9084 9085 2301 2302 
11926 9085 9086 2300 2301 
11927 9086 9087 2299 2300 
11928 9087 9088 2298 2299 
11929 9088 9089 2297 2298 
11930 9089 9090 2296 2297 
11931 9090 9091 2295 2296 
11932 9091 9092 2294 2295 
11933 9092 9093 2293 2294 
11934 9093 9094 2292 2293 
11935 9094 9095 2291 2292 
11936 9095 9096 2290 2291 
11937 9096 9097 2289 2290 
11938 9097 9098 2288 2289 
11939 9098 9099 2287 2288 
11940 9099 9100 2286 2287 
11941 9100 9101 2285 2286 
11942 9101 9102 2284 2285 
11943 9102 9103 2283 2284 
11944 9103 9104 2282 2283 
11945 9104 9105 2281 2282 
11946 9105 9106 2280 2281 
11947 9106 9107 2279 2280 
11948 9107 9108 2278 2279 
11949 9108 9109 2277 2278 
11950 9109 9110 2276 2277 
11951 9110 9111 2275 2276 
11952 9111 9112 2274 2275 
11953 9112 9113 2273 2274 
11954 9113 9114 2272 2273 
11955 9114 9115 2271 2272 
11956 9115 9116 2270 2271 
11957 9116 9117 2269 2270 
11958 9117 9118 2268 2269 
11959 9118 9119 2267 2268 
11960 9119 9120 2266 2267 
11961 9120 9121 2265 2266 
11962 9121 9122 2264 2265 
11963 9122 9123 2263 2264 
11964 9123 9124 2262 2263 
11965 9124 9125 2261 2262 
11966 9125 9126 2260 2261 
11967 9126 9127 2259 2260 
11968 9127 9128 2258 2259 
11969 9128 9129 2257 2258 
11970 9129 9130 2256 2257 
11971 9130 9131 2255 2256 
11972 9131 9132 2254 2255 
11973 9132 9133 2253 2254 
11974 9133 9134 2252 2253 
11975 9134 9135 2251 2252 
11976 9135 9136 2250 2251 
11977 9136 9137 2249 2250 
11978 9137 9138 2248 2249 
11979 9138 9139 2247 2248 
11980 9139 9140 2246 2247 
11981 9140 9141 2245 2246 
11982 9141 9142 2244 2245 
11983 9142 9143 2243 2244 
11984 9143 9144 2242 2243 
11985 9144 9145 2241 2242 
11986 9145 9146 2240 2241 
11987 9146 9147 2239 2240 
11988 9147 9148 2238 2239 
11989 9148 9149 2237 2238 
11990 9149 9150 2236 2237 
11991 9150 9151 2235 2236 
11992 9151 9152 2234 2235 
11993 9152 9153 2233 2234 
11994 9153 9154 2232 2233 
11995 9154 9155 2231 2232 
11996 9155 9156 2230 2231 
11997 9156 9157 2229 2230 
11998 9157 9158 2228 2229 
11999 9158 9159 2227 2228 
12000 9159 9160 2226 2227 
12001 9160 9161 2225 2226 
12002 9161 9162 2224 2225 
12003 9162 9163 2223 2224 
12004 9163 9164 2222 2223 
12005 9164 9165 2221 2222 
12006 9165 9166 2220 2221 
12007 9166 9167 2219 2220 
12008 9167 9168 2218 2219 
12009 9168 9169 2217 2218 
12010 9169 9170 2216 2217 
12011 9170 9171 2215 2216 
12012 9171 9172 2214 2215 
12013 9172 9173 2213 2214 
12014 9173 9174 2212 2213 
12015 9174 9175 2211 2212 
12016 9175 9176 2210 2211 
12017 9176 9177 2209 2210 
12018 9177 9178 2208 2209 
12019 9178 9179 2207 2208 
12020 9179 9180 2206 2207 
12021 9180 9181 2205 2206 
12022 9181 9182 2204 2205 
12023 9182 9183 2203 2204 
12024 9183 9184 2202 2203 
12025 9184 9185 2201 2202 
12026 9185 9186 2200 2201 
12027 9186 9187 2199 2200 
12028 9187 9188 2198 2199 
12029 9188 9189 2197 2198 
12030 9189 9190 2196 2197 
12031 9190 9191 2195 2196 
12032 9191 9192 2194 2195 
12033 9192 9193 2193 2194 
12034 9193 9194 2192 2193 
12035 9194 9195 2191 2192 
12036 9195 9196 2190 2191 
12037 9196 9197 2189 2190 
12038 9197 9198 2188 2189 
12039 9198 9199 2187 2188 
12040 9199 9200 2186 2187 
12041 9200 9201 26 2186 
12042 9201 9202 2185 26 
12043 9202 9203 2184 2185 
12044 9203 9204 2183 2184 
12045 9204 9205 2182 2183 
12046 9205 9206 2181 2182 
12047 9206 9207 2180 2181 
12048 9207 9208 2179 2180 
12049 9208 9209 2178 2179 
12050 9209 9210 2177 2178 
12051 9210 9211 2176 2177 
12052 9211 9212 2175 2176 
12053 9212 9213 23 2175 
12054 9213 9214 2174 23 
12055 9214 9215 2173 2174 
12056 9215 9216 2172 2173 
12057 9216 9217 2171 2172 
12058 9217 9218 2170 2171 
12059 9218 9219 2169 2170 
12060 9219 9220 2168 2169 
12061 9220 9221 2167 2168 
12062 9221 9222 2166 2167 
12063 9222 9223 2165 2166 
12064 9223 9224 2164 2165 
12065 9224 9225 2163 2164 
12066 9225 9226 2162 2163 
12067 9226 9227 2161 2162 
12068 9227 9228 2160 2161 
12069 9228 9229 2159 2160 
12070 9229 9230 2158 2159 
12071 9230 9231 2157 2158 
12072 9231 9232 2156 2157 
12073 9232 9233 2155 2156 
12074 9233 1880 22 2155 
$EndElements
