$MeshFormat
4.1 0 8
$EndMeshFormat
$Entities
25 29 5 0
1 -100 0 0 0 
2 0 0 0 0 
3 0 -4 0 0 
4 14 -4 0 0 
5 14 0 0 0 
6 1014 0 0 0 
7 1014 0.25 0 0 
8 1014 150 0 0 
9 -100 150 0 0 
10 -100 0.25 0 0 
11 0 0.25 0 0 
12 14 0.25 0 0 
13 7 0 0 0 
14 7 0.25 0 0 
15 0 -2 0 0 
16 7 -4 0 0 
17 14 -2 0 0 
18 -16 0 0 0 
19 -16 0.25 0 0 
20 30 0 0 0 
21 30 0.25 0 0 
22 -100 3.75 0 0 
23 -16 3.75 0 0 
24 30 3.75 0 0 
25 1014 3.75 0 0 
1 -100 0 0 -16 0 0 1 4 2 1 -18 
2 0 -2 0 0 0 0 1 4 2 2 -15 
3 0 -4 0 7 -4 0 1 4 2 3 -16 
4 14 -4 0 14 -2 0 1 4 2 4 -17 
5 14 0 0 30 0 0 1 4 2 5 -20 
6 1014 0 0 1014 0.25 0 1 2 2 6 -7 
7 1014 0.25 0 1014 3.75 0 1 2 2 7 -25 
8 -100 150 0 1014 150 0 1 3 2 8 -9 
9 -100 3.75 0 -100 150 0 1 1 2 9 -22 
10 -100 0.25 0 -16 0.25 0 0 2 10 -19 
11 -100 0 0 -100 0.25 0 1 1 2 10 -1 
12 0 0.25 0 7 0.25 0 0 2 11 -14 
13 14 0.25 0 30 0.25 0 0 2 12 -21 
14 0 0 0 7 0 0 0 2 2 -13 
15 0 -4 0 0 -2 0 1 4 2 15 -3 
16 7 -4 0 14 -4 0 1 4 2 16 -4 
17 14 -2 0 14 0 0 1 4 2 17 -5 
18 7 0 0 14 0 0 0 2 13 -5 
19 7 0.25 0 14 0.25 0 0 2 14 -12 
20 -16 0 0 0 0 0 1 4 2 18 -2 
21 30 0 0 1014 0 0 1 4 2 20 -6 
22 30 0.25 0 1014 0.25 0 0 2 21 -7 
23 -16 0.25 0 0 0.25 0 0 2 19 -11 
24 -100 0.25 0 -100 3.75 0 1 1 2 22 -10 
25 1014 3.75 0 1014 150 0 1 2 2 25 -8 
26 30 3.75 0 1014 3.75 0 0 2 25 -24 
27 -100 3.75 0 -16 3.75 0 0 2 22 -23 
28 -16 0.25 0 -16 3.75 0 0 2 23 -19 
29 30 0.25 0 30 3.75 0 0 2 24 -21 
1 -100 0 0 1014 0.25 0 1 100 14 5 21 6 -22 -13 -19 -12 -23 -10 11 1 20 14 18 
2 0 -4 0 14 0 0 1 101 8 2 15 3 16 4 17 -18 -14 
3 -100 0.25 0 1014 150 0 1 102 11 23 12 19 13 -29 -26 25 8 9 27 28 
4 -100 0.25 0 -16 3.75 0 1 101 4 -24 27 28 -10 
5 30 0.25 0 1014 3.75 0 1 101 4 -29 -26 -7 -22 
$EndEntities
$Nodes
59 3282 1 3282
0 1 0 1
1
-100 0 0
0 2 0 1
2
0 0 0
0 3 0 1
3
0 -4 0
0 4 0 1
4
14 -4 0
0 5 0 1
5
14 0 0
0 6 0 1
6
1014 0 0
0 7 0 1
7
1014 0.25 0
0 8 0 1
8
1014 150 0
0 9 0 1
9
-100 150 0
0 10 0 1
10
-100 0.25 0
0 11 0 1
11
0 0.25 0
0 12 0 1
12
14 0.25 0
0 13 0 1
13
7 0 0
0 14 0 1
14
7 0.25 0
0 15 0 1
15
0 -2 0
0 16 0 1
16
7 -4 0
0 17 0 1
17
14 -2 0
0 18 0 1
18
-16 0 0
0 19 0 1
19
-16 0.25 0
0 20 0 1
20
30 0 0
0 21 0 1
21
30 0.25 0
0 22 0 1
22
-100 3.75 0
0 23 0 1
23
-16 3.75 0
0 24 0 1
24
30 3.75 0
0 25 0 1
25
1014 3.75 0
1 1 0 20
26
27
28
29
30
31
32
33
34
35
36
37
38
39
40
41
42
43
44
45
-95.58527046937866 0 0
-91.21468823266611 0 0
-86.88781181580126 0 0
-82.60420415867605 0 0
-78.36343257713837 0 0
-74.16506871323423 0 0
-70.00868848650846 0 0
-65.8938720650049 0 0
-61.82020381161699 0 0
-57.78727223817417 0 0
-53.79466997884192 0 0
-49.84199374553916 0 0
-45.92884427781397 0 0
-42.05482630008553 0 0
-38.21954849842778 0 0
-34.42262347905 0 0
-30.66366770896734 0 0
-26.94230149533101 0 0
-23.25814894616619 0 0
-19.61083791980739 0 0
1 2 0 9
46
47
48
49
50
51
52
53
54
0 -0.1189644309797751 0
0 -0.2511471308981398 0
0 -0.3980167967932111 0
0 -0.5612053148986694 0
0 -0.7425258905034562 0
0 -0.9439931966361365 0
0 -1.16784575839788 0
0 -1.416570826965643 0
0 -1.692932014529333 0
1 3 0 11
55
56
57
58
59
60
61
62
63
64
65
0.1498165854338113 -4 0
0.3335551127182469 -4 0
0.5588963074551891 -4 0
0.8352599728896579 -4 0
1.174198779148548 -4 0
1.589881194830031 -4 0
2.099683743564395 -4 0
2.724917418466784 -4 0
3.491718503014444 -4 0
4.432141136736957 -4 0
5.585497271226629 -4 0
1 4 0 7
66
67
68
69
70
71
72
14 -3.832038852967933 0
14 -3.645415357512129 0
14 -3.438055918882113 0
14 -3.207656541927719 0
14 -2.951657234818406 0
14 -2.667213559873877 0
14 -2.351165030749439 0
1 5 0 25
73
74
75
76
77
78
79
80
81
82
83
84
85
86
87
88
89
90
91
92
93
94
95
96
97
14.12279774173729 0 0
14.25923966375546 0 0
14.41084180385593 0 0
14.57928863657406 0 0
14.76645178889435 0 0
14.97441084250846 0 0
15.20547645586683 0 0
15.46221602987713 0 0
15.74748222212309 0 0
16.06444465719474 0 0
16.41662513790542 0 0
16.80793678323829 0 0
17.24272750596164 0 0
17.72582831034889 0 0
18.26260697519222 0 0
18.85902771111225 0 0
19.5217174173733 0 0
20.25803931317676 0 0
21.07617474841895 0 0
21.98521412407707 0 0
22.99525787662294 0 0
24.11752870782993 0 0
25.36449630169443 0 0
26.75001585602024 0 0
28.2894820323075 0 0
1 6 0 0
1 7 0 2
98
99
1014 0.7500000064154115 0
1014 1.750000003309903 0
1 8 0 16
100
101
102
103
104
105
106
107
108
109
110
111
112
113
114
115
948.4705882351296 150 0
882.9411764702605 150 0
817.411764705974 150 0
751.8823529417723 150 0
686.3529411775708 150 0
620.8235294133692 150 0
555.2941176491677 150 0
489.7647058847676 150 0
424.2352941198972 150 0
358.7058823550265 150 0
293.1764705901559 150 0
227.6470588252854 150 0
162.1176470604147 150 0
96.58823529554422 150 0
31.05882353067352 150 0
-34.47058823446082 150 0
1 9 0 10
116
117
118
119
120
121
122
123
124
125
-100 118.0013358388749 0
-100 92.40240446935607 0
-100 71.92325935088901 0
-100 55.53994313122593 0
-100 42.43329018160613 0
-100 31.94796775765479 0
-100 23.55970984317716 0
-100 16.8491036351063 0
-100 11.48061855653569 0
-100 7.185830365230487 0
1 10 0 20
126
127
128
129
130
131
132
133
134
135
136
137
138
139
140
141
142
143
144
145
-95.58527046937866 0.25 0
-91.21468823266611 0.25 0
-86.88781181580126 0.25 0
-82.60420415867605 0.25 0
-78.36343257713837 0.25 0
-74.16506871323423 0.25 0
-70.00868848650846 0.25 0
-65.8938720650049 0.25 0
-61.82020381161699 0.25 0
-57.78727223817417 0.25 0
-53.79466997884192 0.25 0
-49.84199374553916 0.25 0
-45.92884427781397 0.25 0
-42.05482630008553 0.25 0
-38.21954849842778 0.25 0
-34.42262347905 0.25 0
-30.66366770896734 0.25 0
-26.94230149533101 0.25 0
-23.25814894616619 0.25 0
-19.61083791980739 0.25 0
1 11 0 0
1 12 0 11
146
147
148
149
150
151
152
153
154
155
156
0.1498165854338113 0.25 0
0.3335551127182469 0.25 0
0.5588963074551891 0.25 0
0.8352599728896579 0.25 0
1.174198779148548 0.25 0
1.589881194830031 0.25 0
2.099683743564395 0.25 0
2.724917418466784 0.25 0
3.491718503014444 0.25 0
4.432141136736957 0.25 0
5.585497271226629 0.25 0
1 13 0 25
157
158
159
160
161
162
163
164
165
166
167
168
169
170
171
172
173
174
175
176
177
178
179
180
181
14.12279774173729 0.25 0
14.25923966375546 0.25 0
14.41084180385593 0.25 0
14.57928863657406 0.25 0
14.76645178889435 0.25 0
14.97441084250846 0.25 0
15.20547645586683 0.25 0
15.46221602987713 0.25 0
15.74748222212309 0.25 0
16.06444465719474 0.25 0
16.41662513790542 0.25 0
16.80793678323829 0.25 0
17.24272750596164 0.25 0
17.72582831034889 0.25 0
18.26260697519222 0.25 0
18.85902771111225 0.25 0
19.5217174173733 0.25 0
20.25803931317676 0.25 0
21.07617474841895 0.25 0
21.98521412407707 0.25 0
22.99525787662294 0.25 0
24.11752870782993 0.25 0
25.36449630169443 0.25 0
26.75001585602024 0.25 0
28.2894820323075 0.25 0
1 14 0 11
182
183
184
185
186
187
188
189
190
191
192
0.1498165854338113 0 0
0.3335551127182469 0 0
0.5588963074551891 0 0
0.8352599728896579 0 0
1.174198779148548 0 0
1.589881194830031 0 0
2.099683743564395 0 0
2.724917418466784 0 0
3.491718503014444 0 0
4.432141136736957 0 0
5.585497271226629 0 0
1 15 0 7
193
194
195
196
197
198
199
0 -2.351165030749442 0
0 -2.667213559873879 0
0 -2.951657234818406 0
0 -3.207656541927718 0
0 -3.438055918882115 0
0 -3.64541535751213 0
0 -3.832038852967933 0
1 16 0 14
200
201
202
203
204
205
206
207
208
209
210
211
212
213
8.129315873216829 -4 0
9.093429490195721 -4 0
9.916507501082611 -4 0
10.6191813430343 -4 0
11.21906437016258 -4 0
11.73119335368113 -4 0
12.16840541920898 -4 0
12.54165980597186 -4 0
12.86031257699909 -4 0
13.1323511512152 -4 0
13.36459449392038 -4 0
13.56286406196313 -4 0
13.73212971545552 -4 0
13.8766342992851 -4 0
1 17 0 9
214
215
216
217
218
219
220
221
222
14 -1.692932014125061 0
14 -1.416570826240318 0
14 -1.167845757419759 0
14 -0.9439931954621499 0
14 -0.742525889180174 0
14 -0.5612053134676904 0
14 -0.3980167952893079 0
14 -0.2511471293502061 0
14 -0.1189644294118182 0
1 18 0 14
223
224
225
226
227
228
229
230
231
232
233
234
235
236
8.129315873216829 0 0
9.093429490195721 0 0
9.916507501082611 0 0
10.6191813430343 0 0
11.21906437016258 0 0
11.73119335368113 0 0
12.16840541920898 0 0
12.54165980597186 0 0
12.86031257699909 0 0
13.1323511512152 0 0
13.36459449392038 0 0
13.56286406196313 0 0
13.73212971545552 0 0
13.8766342992851 0 0
1 19 0 14
237
238
239
240
241
242
243
244
245
246
247
248
249
250
8.129315873216829 0.25 0
9.093429490195721 0.25 0
9.916507501082611 0.25 0
10.6191813430343 0.25 0
11.21906437016258 0.25 0
11.73119335368113 0.25 0
12.16840541920898 0.25 0
12.54165980597186 0.25 0
12.86031257699909 0.25 0
13.1323511512152 0.25 0
13.36459449392038 0.25 0
13.56286406196313 0.25 0
13.73212971545552 0.25 0
13.8766342992851 0.25 0
1 20 0 14
251
252
253
254
255
256
257
258
259
260
261
262
263
264
-12.68330415973807 0 0
-10.02994746988198 0 0
-7.907262126115331 0 0
-6.209113842362191 0 0
-4.850595198151922 0 0
-3.763780287483396 0 0
-2.894328378170989 0 0
-2.198766852323695 0 0
-1.642317627629778 0 0
-1.197158246781052 0 0
-0.8410307380482873 0 0
-0.5561287214612172 0 0
-0.3282071132265294 0 0
-0.1458698370245859 0 0
1 21 0 270
265
266
267
268
269
270
271
272
273
274
275
276
277
278
279
280
281
282
283
284
285
286
287
288
289
290
291
292
293
294
295
296
297
298
299
300
301
302
303
304
305
306
307
308
309
310
311
312
313
314
315
316
317
318
319
320
321
322
323
324
325
326
327
328
329
330
331
332
333
334
335
336
337
338
339
340
341
342
343
344
345
346
347
348
349
350
351
352
353
354
355
356
357
358
359
360
361
362
363
364
365
366
367
368
369
370
371
372
373
374
375
376
377
378
379
380
381
382
383
384
385
386
387
388
389
390
391
392
393
394
395
396
397
398
399
400
401
402
403
404
405
406
407
408
409
410
411
412
413
414
415
416
417
418
419
420
421
422
423
424
425
426
427
428
429
430
431
432
433
434
435
436
437
438
439
440
441
442
443
444
445
446
447
448
449
450
451
452
453
454
455
456
457
458
459
460
461
462
463
464
465
466
467
468
469
470
471
472
473
474
475
476
477
478
479
480
481
482
483
484
485
486
487
488
489
490
491
492
493
494
495
496
497
498
499
500
501
502
503
504
505
506
507
508
509
510
511
512
513
514
515
516
517
518
519
520
521
522
523
524
525
526
527
528
529
530
531
532
533
534
31.71100082002537 0 0
33.43059960153107 0 0
35.15883957666847 0 0
36.89576419144939 0 0
38.6414170711659 0 0
40.39584205895433 0 0
42.15908325511287 0 0
43.93118498257076 0 0
45.71219175237425 0 0
47.50214830231747 0 0
49.30109959957832 0 0
51.10909084263483 0 0
52.92616746393506 0 0
54.75237513184793 0 0
56.58775975336805 0 0
58.43236740260375 0 0
60.28624443302463 0 0
62.14943744383722 0 0
64.02199320815927 0 0
65.90395878568822 0 0
67.79538148875795 0 0
69.69630884768587 0 0
71.60678861324851 0 0
73.52686875880792 0 0
75.45659755632126 0 0
77.39602350574373 0 0
79.34519530009288 0 0
81.30416190151298 0 0
83.27297254386093 0 0
85.25167673531155 0 0
87.24032418748448 0 0
89.23896481734965 0 0
91.24764886013317 0 0
93.26642679886868 0 0
95.29534932961118 0 0
97.33446743765198 0 0
99.38383240025618 0 0
101.4434956791742 0 0
103.5135089958092 0 0
105.5939244082463 0 0
107.6847941667056 0 0
109.7861707891372 0 0
111.8981071011922 0 0
114.0206561652326 0 0
116.1538713196057 0 0
118.2978061448105 0 0
120.4525145024437 0 0
122.6180505385235 0 0
124.7944686857281 0 0
126.9818236300126 0 0
129.1801702757708 0 0
131.3895638958673 0 0
133.6100600248178 0 0
135.8417144240155 0 0
138.084583158328 0 0
140.3387225621005 0 0
142.604189278679 0 0
144.8810402635741 0 0
147.1693327137808 0 0
149.4691241069977 0 0
151.7804722416039 0 0
154.1034352027917 0 0
156.4380713654714 0 0
158.7844393604484 0 0
161.1425981504997 0 0
163.5126069973317 0 0
165.8945254270881 0 0
168.2884133072295 0 0
170.6943307760747 0 0
173.1123382822397 0 0
175.5424965880903 0 0
177.98486673573 0 0
180.4395100868776 0 0
182.9064883260189 0 0
185.3858634271226 0 0
187.8776976917727 0 0
190.3820537556516 0 0
192.898994515028 0 0
195.4285832046009 0 0
197.9708834008718 0 0
200.5259589883448 0 0
203.093874162869 0 0
205.6746934346341 0 0
208.2684816315609 0 0
210.8753039390946 0 0
213.4952258672643 0 0
216.1283132166606 0 0
218.7746321554205 0 0
221.4342491859927 0 0
224.1072311483072 0 0
226.7936451865903 0 0
229.4935587889651 0 0
232.207039791434 0 0
234.9341563807803 0 0
237.674977098604 0 0
240.4295707707782 0 0
243.1980066210428 0 0
245.9803542016201 0 0
248.7766833958784 0 0
251.5870644959921 0 0
254.4115681329005 0 0
257.2502652797882 0 0
260.1032272188432 0 0
262.9705256179308 0 0
265.8522325715841 0 0
268.7484204944586 0 0
271.6591621244687 0 0
274.5845305999825 0 0
277.5245994271014 0 0
280.4794424462411 0 0
283.4491339093553 0 0
286.433748447308 0 0
289.4333610365401 0 0
292.4480470763778 0 0
295.4778823197412 0 0
298.522942839528 0 0
301.5833051427536 0 0
304.6590461748455 0 0
307.7502432133507 0 0
310.8569739079319 0 0
313.9793163214961 0 0
317.1173488971196 0 0
320.2711504621186 0 0
323.4408002685306 0 0
326.6263779608648 0 0
329.8279635795269 0 0
333.0456375653782 0 0
336.2794807632202 0 0
339.5295744264148 0 0
342.7960002204301 0 0
346.0788402275228 0 0
349.3781769135957 0 0
352.6940931693236 0 0
356.0266723141878 0 0
359.3759981009171 0 0
362.7421546828394 0 0
366.1252266180155 0 0
369.5252989101504 0 0
372.9424570131603 0 0
376.376786761903 0 0
379.8283744495678 0 0
383.2973067959592 0 0
386.7836709510844 0 0
390.2875545370001 0 0
393.8090455783366 0 0
397.3482325434749 0 0
400.9052043490026 0 0
404.4800504009566 0 0
408.0728605262203 0 0
411.6837249763474 0 0
415.3127344692711 0 0
418.9599801935647 0 0
422.6255537767253 0 0
426.309547325879 0 0
430.012053396504 0 0
433.7331649960893 0 0
437.4729756631729 0 0
441.2315793615638 0 0
445.0090705215937 0 0
448.8055440450266 0 0
452.6210953096323 0 0
456.4558202109148 0 0
460.309815093632 0 0
464.1831767928599 0 0
468.0760026394476 0 0
471.9883904276596 0 0
475.9204384570847 0 0
479.8722455007189 0 0
483.8439108465807 0 0
487.8355343029858 0 0
491.8472161667411 0 0
495.8790572281263 0 0
499.9311588126601 0 0
504.0036227497792 0 0
508.0965513408156 0 0
512.2100474008809 0 0
516.3442142640558 0 0
520.499155825288 0 0
524.6749765093289 0 0
528.8717812388835 0 0
533.0896754399413 0 0
537.3287650835255 0 0
541.5891566914705 0 0
545.8709573047544 0 0
550.1742744889896 0 0
554.4992163763313 0 0
558.8458916346704 0 0
563.2144094725076 0 0
567.6048796817242 0 0
572.0174125694112 0 0
576.4521189632372 0 0
580.9091102903548 0 0
585.3884985835884 0 0
589.8903963766834 0 0
594.4149167462226 0 0
598.9621733910701 0 0
603.5322806016111 0 0
608.1253531919223 0 0
612.7415065418589 0 0
617.3808566399242 0 0
622.0435200523141 0 0
626.729613928756 0 0
631.4392560083958 0 0
636.1725646257207 0 0
640.9296587165346 0 0
645.7106578239732 0 0
650.515682067821 0 0
655.344852150247 0 0
660.1982893987073 0 0
665.0761157721432 0 0
669.9784538304774 0 0
674.9054267405364 0 0
679.8571583191357 0 0
684.8337730027166 0 0
689.8353958166593 0 0
694.8621523813936 0 0
699.9141690287991 0 0
704.9915726992685 0 0
710.0944909468582 0 0
715.223052020188 0 0
720.3773847581778 0 0
725.5576186699403 0 0
730.7638839048473 0 0
735.9963112586564 0 0
741.255032217173 0 0
746.5401789260942 0 0
751.8518841609058 0 0
757.1902813699559 0 0
762.5555046815653 0 0
767.9476889104558 0 0
773.3669695649641 0 0
778.8134827800704 0 0
784.2873653974792 0 0
789.7887549729833 0 0
795.317789709651 0 0
800.8746085380575 0 0
806.4593510870618 0 0
812.0721576535281 0 0
817.7131692830843 0 0
823.3825277042508 0 0
829.0803753702658 0 0
834.8068554699827 0 0
840.5621118580056 0 0
846.3462891001494 0 0
852.1595325538452 0 0
858.0019883026482 0 0
863.8738031260793 0 0
869.7751245441208 0 0
875.7061008242879 0 0
881.6668810262344 0 0
887.6576148990566 0 0
893.6784529616615 0 0
899.7295465111607 0 0
905.81104755636 0 0
911.9231088990272 0 0
918.0658841049815 0 0
924.2395275483634 0 0
930.4441943464536 0 0
936.6800403665796 0 0
942.9472223080498 0 0
949.2458975996548 0 0
955.5762245173753 0 0
961.9383621566039 0 0
968.3324703291032 0 0
974.7587096812543 0 0
981.2172417024711 0 0
987.7082286598272 0 0
994.2318336426189 0 0
1000.788220570969 0 0
1007.377554167008 0 0
1 22 0 270
535
536
537
538
539
540
541
542
543
544
545
546
547
548
549
550
551
552
553
554
555
556
557
558
559
560
561
562
563
564
565
566
567
568
569
570
571
572
573
574
575
576
577
578
579
580
581
582
583
584
585
586
587
588
589
590
591
592
593
594
595
596
597
598
599
600
601
602
603
604
605
606
607
608
609
610
611
612
613
614
615
616
617
618
619
620
621
622
623
624
625
626
627
628
629
630
631
632
633
634
635
636
637
638
639
640
641
642
643
644
645
646
647
648
649
650
651
652
653
654
655
656
657
658
659
660
661
662
663
664
665
666
667
668
669
670
671
672
673
674
675
676
677
678
679
680
681
682
683
684
685
686
687
688
689
690
691
692
693
694
695
696
697
698
699
700
701
702
703
704
705
706
707
708
709
710
711
712
713
714
715
716
717
718
719
720
721
722
723
724
725
726
727
728
729
730
731
732
733
734
735
736
737
738
739
740
741
742
743
744
745
746
747
748
749
750
751
752
753
754
755
756
757
758
759
760
761
762
763
764
765
766
767
768
769
770
771
772
773
774
775
776
777
778
779
780
781
782
783
784
785
786
787
788
789
790
791
792
793
794
795
796
797
798
799
800
801
802
803
804
31.71100082002537 0.25 0
33.43059960153107 0.25 0
35.15883957666847 0.25 0
36.89576419144939 0.25 0
38.6414170711659 0.25 0
40.39584205895433 0.25 0
42.15908325511287 0.25 0
43.93118498257076 0.25 0
45.71219175237425 0.25 0
47.50214830231747 0.25 0
49.30109959957832 0.25 0
51.10909084263483 0.25 0
52.92616746393506 0.25 0
54.75237513184793 0.25 0
56.58775975336805 0.25 0
58.43236740260375 0.25 0
60.28624443302463 0.25 0
62.14943744383722 0.25 0
64.02199320815927 0.25 0
65.90395878568822 0.25 0
67.79538148875795 0.25 0
69.69630884768587 0.25 0
71.60678861324851 0.25 0
73.52686875880792 0.25 0
75.45659755632126 0.25 0
77.39602350574373 0.25 0
79.34519530009288 0.25 0
81.30416190151298 0.25 0
83.27297254386093 0.25 0
85.25167673531155 0.25 0
87.24032418748448 0.25 0
89.23896481734965 0.25 0
91.24764886013317 0.25 0
93.26642679886868 0.25 0
95.29534932961118 0.25 0
97.33446743765198 0.25 0
99.38383240025618 0.25 0
101.4434956791742 0.25 0
103.5135089958092 0.25 0
105.5939244082463 0.25 0
107.6847941667056 0.25 0
109.7861707891372 0.25 0
111.8981071011922 0.25 0
114.0206561652326 0.25 0
116.1538713196057 0.25 0
118.2978061448105 0.25 0
120.4525145024437 0.25 0
122.6180505385235 0.25 0
124.7944686857281 0.25 0
126.9818236300126 0.25 0
129.1801702757708 0.25 0
131.3895638958673 0.25 0
133.6100600248178 0.25 0
135.8417144240155 0.25 0
138.084583158328 0.25 0
140.3387225621005 0.25 0
142.604189278679 0.25 0
144.8810402635741 0.25 0
147.1693327137808 0.25 0
149.4691241069977 0.25 0
151.7804722416039 0.25 0
154.1034352027917 0.25 0
156.4380713654714 0.25 0
158.7844393604484 0.25 0
161.1425981504997 0.25 0
163.5126069973317 0.25 0
165.8945254270881 0.25 0
168.2884133072295 0.25 0
170.6943307760747 0.25 0
173.1123382822397 0.25 0
175.5424965880903 0.25 0
177.98486673573 0.25 0
180.4395100868776 0.25 0
182.9064883260189 0.25 0
185.3858634271226 0.25 0
187.8776976917727 0.25 0
190.3820537556516 0.25 0
192.898994515028 0.25 0
195.4285832046009 0.25 0
197.9708834008718 0.25 0
200.5259589883448 0.25 0
203.093874162869 0.25 0
205.6746934346341 0.25 0
208.2684816315609 0.25 0
210.8753039390946 0.25 0
213.4952258672643 0.25 0
216.1283132166606 0.25 0
218.7746321554205 0.25 0
221.4342491859927 0.25 0
224.1072311483072 0.25 0
226.7936451865903 0.25 0
229.4935587889651 0.25 0
232.207039791434 0.25 0
234.9341563807803 0.25 0
237.674977098604 0.25 0
240.4295707707782 0.25 0
243.1980066210428 0.25 0
245.9803542016201 0.25 0
248.7766833958784 0.25 0
251.5870644959921 0.25 0
254.4115681329005 0.25 0
257.2502652797882 0.25 0
260.1032272188432 0.25 0
262.9705256179308 0.25 0
265.8522325715841 0.25 0
268.7484204944586 0.25 0
271.6591621244687 0.25 0
274.5845305999825 0.25 0
277.5245994271014 0.25 0
280.4794424462411 0.25 0
283.4491339093553 0.25 0
286.433748447308 0.25 0
289.4333610365401 0.25 0
292.4480470763778 0.25 0
295.4778823197412 0.25 0
298.522942839528 0.25 0
301.5833051427536 0.25 0
304.6590461748455 0.25 0
307.7502432133507 0.25 0
310.8569739079319 0.25 0
313.9793163214961 0.25 0
317.1173488971196 0.25 0
320.2711504621186 0.25 0
323.4408002685306 0.25 0
326.6263779608648 0.25 0
329.8279635795269 0.25 0
333.0456375653782 0.25 0
336.2794807632202 0.25 0
339.5295744264148 0.25 0
342.7960002204301 0.25 0
346.0788402275228 0.25 0
349.3781769135957 0.25 0
352.6940931693236 0.25 0
356.0266723141878 0.25 0
359.3759981009171 0.25 0
362.7421546828394 0.25 0
366.1252266180155 0.25 0
369.5252989101504 0.25 0
372.9424570131603 0.25 0
376.376786761903 0.25 0
379.8283744495678 0.25 0
383.2973067959592 0.25 0
386.7836709510844 0.25 0
390.2875545370001 0.25 0
393.8090455783366 0.25 0
397.3482325434749 0.25 0
400.9052043490026 0.25 0
404.4800504009566 0.25 0
408.0728605262203 0.25 0
411.6837249763474 0.25 0
415.3127344692711 0.25 0
418.9599801935647 0.25 0
422.6255537767253 0.25 0
426.309547325879 0.25 0
430.012053396504 0.25 0
433.7331649960893 0.25 0
437.4729756631729 0.25 0
441.2315793615638 0.25 0
445.0090705215937 0.25 0
448.8055440450266 0.25 0
452.6210953096323 0.25 0
456.4558202109148 0.25 0
460.309815093632 0.25 0
464.1831767928599 0.25 0
468.0760026394476 0.25 0
471.9883904276596 0.25 0
475.9204384570847 0.25 0
479.8722455007189 0.25 0
483.8439108465807 0.25 0
487.8355343029858 0.25 0
491.8472161667411 0.25 0
495.8790572281263 0.25 0
499.9311588126601 0.25 0
504.0036227497792 0.25 0
508.0965513408156 0.25 0
512.2100474008809 0.25 0
516.3442142640558 0.25 0
520.499155825288 0.25 0
524.6749765093289 0.25 0
528.8717812388835 0.25 0
533.0896754399413 0.25 0
537.3287650835255 0.25 0
541.5891566914705 0.25 0
545.8709573047544 0.25 0
550.1742744889896 0.25 0
554.4992163763313 0.25 0
558.8458916346704 0.25 0
563.2144094725076 0.25 0
567.6048796817242 0.25 0
572.0174125694112 0.25 0
576.4521189632372 0.25 0
580.9091102903548 0.25 0
585.3884985835884 0.25 0
589.8903963766834 0.25 0
594.4149167462226 0.25 0
598.9621733910701 0.25 0
603.5322806016111 0.25 0
608.1253531919223 0.25 0
612.7415065418589 0.25 0
617.3808566399242 0.25 0
622.0435200523141 0.25 0
626.729613928756 0.25 0
631.4392560083958 0.25 0
636.1725646257207 0.25 0
640.9296587165346 0.25 0
645.7106578239732 0.25 0
650.515682067821 0.25 0
655.344852150247 0.25 0
660.1982893987073 0.25 0
665.0761157721432 0.25 0
669.9784538304774 0.25 0
674.9054267405364 0.25 0
679.8571583191357 0.25 0
684.8337730027166 0.25 0
689.8353958166593 0.25 0
694.8621523813936 0.25 0
699.9141690287991 0.25 0
704.9915726992685 0.25 0
710.0944909468582 0.25 0
715.223052020188 0.25 0
720.3773847581778 0.25 0
725.5576186699403 0.25 0
730.7638839048473 0.25 0
735.9963112586564 0.25 0
741.255032217173 0.25 0
746.5401789260942 0.25 0
751.8518841609058 0.25 0
757.1902813699559 0.25 0
762.5555046815653 0.25 0
767.9476889104558 0.25 0
773.3669695649641 0.25 0
778.8134827800704 0.25 0
784.2873653974792 0.25 0
789.7887549729833 0.25 0
795.317789709651 0.25 0
800.8746085380575 0.25 0
806.4593510870618 0.25 0
812.0721576535281 0.25 0
817.7131692830843 0.25 0
823.3825277042508 0.25 0
829.0803753702658 0.25 0
834.8068554699827 0.25 0
840.5621118580056 0.25 0
846.3462891001494 0.25 0
852.1595325538452 0.25 0
858.0019883026482 0.25 0
863.8738031260793 0.25 0
869.7751245441208 0.25 0
875.7061008242879 0.25 0
881.6668810262344 0.25 0
887.6576148990566 0.25 0
893.6784529616615 0.25 0
899.7295465111607 0.25 0
905.81104755636 0.25 0
911.9231088990272 0.25 0
918.0658841049815 0.25 0
924.2395275483634 0.25 0
930.4441943464536 0.25 0
936.6800403665796 0.25 0
942.9472223080498 0.25 0
949.2458975996548 0.25 0
955.5762245173753 0.25 0
961.9383621566039 0.25 0
968.3324703291032 0.25 0
974.7587096812543 0.25 0
981.2172417024711 0.25 0
987.7082286598272 0.25 0
994.2318336426189 0.25 0
1000.788220570969 0.25 0
1007.377554167008 0.25 0
1 23 0 14
805
806
807
808
809
810
811
812
813
814
815
816
817
818
-12.68330415973807 0.25 0
-10.02994746988198 0.25 0
-7.907262126115331 0.25 0
-6.209113842362191 0.25 0
-4.850595198151922 0.25 0
-3.763780287483396 0.25 0
-2.894328378170989 0.25 0
-2.198766852323695 0.25 0
-1.642317627629778 0.25 0
-1.197158246781052 0.25 0
-0.8410307380482873 0.25 0
-0.5561287214612172 0.25 0
-0.3282071132265294 0.25 0
-0.1458698370245859 0.25 0
1 24 0 2
819
820
-100 1.749999985925977 0
-100 0.749999984684742 0
1 25 0 10
821
822
823
824
825
826
827
828
829
830
1014 7.185830660888021 0
1014 11.48061886021433 0
1014 16.84910396803901 0
1014 23.55971020098647 0
1014 31.94796817867106 0
1014 42.43329055812072 0
1014 55.5399435000393 0
1014 71.92325965393924 0
1014 92.40240467022062 0
1014 118.0013358676537 0
1 26 0 270
831
832
833
834
835
836
837
838
839
840
841
842
843
844
845
846
847
848
849
850
851
852
853
854
855
856
857
858
859
860
861
862
863
864
865
866
867
868
869
870
871
872
873
874
875
876
877
878
879
880
881
882
883
884
885
886
887
888
889
890
891
892
893
894
895
896
897
898
899
900
901
902
903
904
905
906
907
908
909
910
911
912
913
914
915
916
917
918
919
920
921
922
923
924
925
926
927
928
929
930
931
932
933
934
935
936
937
938
939
940
941
942
943
944
945
946
947
948
949
950
951
952
953
954
955
956
957
958
959
960
961
962
963
964
965
966
967
968
969
970
971
972
973
974
975
976
977
978
979
980
981
982
983
984
985
986
987
988
989
990
991
992
993
994
995
996
997
998
999
1000
1001
1002
1003
1004
1005
1006
1007
1008
1009
1010
1011
1012
1013
1014
1015
1016
1017
1018
1019
1020
1021
1022
1023
1024
1025
1026
1027
1028
1029
1030
1031
1032
1033
1034
1035
1036
1037
1038
1039
1040
1041
1042
1043
1044
1045
1046
1047
1048
1049
1050
1051
1052
1053
1054
1055
1056
1057
1058
1059
1060
1061
1062
1063
1064
1065
1066
1067
1068
1069
1070
1071
1072
1073
1074
1075
1076
1077
1078
1079
1080
1081
1082
1083
1084
1085
1086
1087
1088
1089
1090
1091
1092
1093
1094
1095
1096
1097
1098
1099
1100
1007.377554203012 3.75 0
1000.788220606234 3.75 0
994.2318336771542 3.75 0
987.7082286936367 3.75 0
981.2172417355599 3.75 0
974.7587097136303 3.75 0
968.3324703607727 3.75 0
961.9383621875716 3.75 0
955.5762245476493 3.75 0
949.2458976292036 3.75 0
942.9472223368432 3.75 0
936.6800403946263 3.75 0
930.4441943737581 3.75 0
924.2395275749336 3.75 0
918.0658841308248 3.75 0
911.9231089241492 3.75 0
905.8110475807673 3.75 0
899.7295465348606 3.75 0
893.6784529846595 3.75 0
887.6576149213984 3.75 0
881.6668810479039 3.75 0
875.7061008452753 3.75 0
869.7751245644321 3.75 0
863.8738031457201 3.75 0
858.0019883216253 3.75 0
852.1595325721644 3.75 0
846.3462891178167 3.75 0
840.562111875027 3.75 0
834.8068554863651 3.75 0
829.0803753860146 3.75 0
823.3825277193343 3.75 0
817.7131692975843 3.75 0
812.0721576674123 3.75 0
806.4593511003361 3.75 0
800.8746085507275 3.75 0
795.3177897217221 3.75 0
789.7887549844613 3.75 0
784.28736540837 3.75 0
778.8134827903792 3.75 0
773.3669695746963 3.75 0
767.9476889196177 3.75 0
762.5555046901618 3.75 0
757.1902813779925 3.75 0
751.8518841683883 3.75 0
746.5401789330274 3.75 0
741.2550322235622 3.75 0
735.9963112645073 3.75 0
730.7638839101651 3.75 0
725.5576186747303 3.75 0
720.3773847624453 3.75 0
715.2230520239377 3.75 0
710.0944909500947 3.75 0
704.9915727019973 3.75 0
699.914169031025 3.75 0
694.8621523831225 3.75 0
689.8353958178955 3.75 0
684.8337730034646 3.75 0
679.8571583194007 3.75 0
674.9054267403233 3.75 0
669.9784538297911 3.75 0
665.0761157709881 3.75 0
660.1982893970879 3.75 0
655.3448521481682 3.75 0
650.5156820652874 3.75 0
645.7106578209896 3.75 0
640.929658713105 3.75 0
636.1725646218504 3.75 0
631.4392560040887 3.75 0
626.729613924017 3.75 0
622.0435200471469 3.75 0
617.3808566343344 3.75 0
612.7415065358504 3.75 0
608.1253531854991 3.75 0
603.5322805947781 3.75 0
598.9621733838316 3.75 0
594.4149167385829 3.75 0
589.8903963686456 3.75 0
585.3884985751567 3.75 0
580.9091102815337 3.75 0
576.4521189540311 3.75 0
572.0174125598242 3.75 0
567.6048796717605 3.75 0
563.2144094621711 3.75 0
558.8458916239651 3.75 0
554.4992163652607 3.75 0
550.1742744775574 3.75 0
545.8709572929648 3.75 0
541.5891566793272 3.75 0
537.3287650710323 3.75 0
533.0896754271023 3.75 0
528.8717812257025 3.75 0
524.6749764958098 3.75 0
520.4991558114343 3.75 0
516.3442142498708 3.75 0
512.2100473863683 3.75 0
508.096551325957 3.75 0
504.003622734577 3.75 0
499.9311587971183 3.75 0
495.8790572122485 3.75 0
491.8472161505314 3.75 0
487.8355342864477 3.75 0
483.8439108297176 3.75 0
479.8722454835346 3.75 0
475.920438439583 3.75 0
471.9883904098435 3.75 0
468.0760026213211 3.75 0
464.1831767744263 3.75 0
460.3098150748951 3.75 0
456.4558201918778 3.75 0
452.621095290299 3.75 0
448.8055440254008 3.75 0
445.0090705016785 3.75 0
441.231579341362 3.75 0
437.4729756426882 3.75 0
433.7331649753252 3.75 0
430.0120533754634 3.75 0
426.3095473045661 3.75 0
422.6255537551426 3.75 0
418.9599801717159 3.75 0
415.3127344471588 3.75 0
411.683724953975 3.75 0
408.0728605035913 3.75 0
404.4800503780738 3.75 0
400.9052043258691 3.75 0
397.348232520094 3.75 0
393.8090455547112 3.75 0
390.2875545131333 3.75 0
386.7836709269793 3.75 0
383.2973067716185 3.75 0
379.8283744249946 3.75 0
376.3767867371002 3.75 0
372.942456988131 3.75 0
369.5252988848976 3.75 0
366.1252265925419 3.75 0
362.7421546571479 3.75 0
359.3759980750104 3.75 0
356.0266722880689 3.75 0
352.6940931429954 3.75 0
349.3781768870606 3.75 0
346.0788402007832 3.75 0
342.7960001934896 3.75 0
339.5295743992756 3.75 0
336.279480735885 3.75 0
333.0456375378494 3.75 0
329.8279635518076 3.75 0
326.6263779329572 3.75 0
323.4408002404373 3.75 0
320.2711504338419 3.75 0
317.1173488686621 3.75 0
313.9793162928606 3.75 0
310.856973879121 3.75 0
307.7502431843669 3.75 0
304.6590461456914 3.75 0
301.5833051134315 3.75 0
298.5229428100401 3.75 0
295.4778822900901 3.75 0
292.4480470465659 3.75 0
289.4333610065698 3.75 0
286.4337484171811 3.75 0
283.4491338790746 3.75 0
280.4794424158086 3.75 0
277.5245993965194 3.75 0
274.584530569253 3.75 0
271.6591620935943 3.75 0
268.7484204634416 3.75 0
265.8522325404263 3.75 0
262.9705255867126 3.75 0
260.1032271874104 3.75 0
257.2502652482216 3.75 0
254.411568101202 3.75 0
251.5870644641637 3.75 0
248.7766833639225 3.75 0
245.9803541695386 3.75 0
243.1980065888375 3.75 0
240.4295707384513 3.75 0
237.6749770661579 3.75 0
234.9341563482163 3.75 0
232.2070397587544 3.75 0
229.4935587561723 3.75 0
226.7936451536857 3.75 0
224.1072311152926 3.75 0
221.4342491528702 3.75 0
218.7746321221922 3.75 0
216.1283131833281 3.75 0
213.4952258338296 3.75 0
210.8753039055598 3.75 0
208.2684815979277 3.75 0
205.6746934009044 3.75 0
203.0938741290443 3.75 0
200.5259589544273 3.75 0
197.9708833668631 3.75 0
195.4285831705031 3.75 0
192.8989944808424 3.75 0
190.3820537213802 3.75 0
187.877697657417 3.75 0
185.3858633927703 3.75 0
182.9064882914997 3.75 0
180.439510052279 3.75 0
177.9848667010535 3.75 0
175.5424965533377 3.75 0
173.1123382474128 3.75 0
170.6943307411748 3.75 0
168.2884132722584 3.75 0
165.8945253920474 3.75 0
163.5126069622231 3.75 0
161.142598115325 3.75 0
158.7844393252087 3.75 0
156.4380713301686 3.75 0
154.1034351674268 3.75 0
151.7804722061788 3.75 0
149.4691240715139 3.75 0
147.1693326782395 3.75 0
144.8810402279771 3.75 0
142.6041892430278 3.75 0
140.3387225263962 3.75 0
138.0845831225722 3.75 0
135.8417143882094 3.75 0
133.6100599889631 3.75 0
131.3895638599653 3.75 0
129.1801702398225 3.75 0
126.9818235940196 3.75 0
124.7944686496917 3.75 0
122.618050502445 3.75 0
120.4525144663247 3.75 0
118.2978061086521 3.75 0
116.1538712834092 3.75 0
114.0206561289995 3.75 0
111.8981070649235 3.75 0
109.7861707528343 3.75 0
107.6847941303698 3.75 0
105.5939243718789 3.75 0
103.5135089594111 3.75 0
101.4434956427469 3.75 0
99.38383236380071 3.75 0
97.33446740116949 3.75 0
95.29534929310296 3.75 0
93.26642676233587 3.75 0
91.24764882357681 3.75 0
89.23896478077108 3.75 0
87.24032415088482 3.75 0
85.25167669869222 3.75 0
83.27297250722279 3.75 0
81.30416186485706 3.75 0
79.34519526342035 3.75 0
77.39602346905554 3.75 0
75.45659751961864 3.75 0
73.52686872209199 3.75 0
71.60678857652022 3.75 0
69.69630881094611 3.75 0
67.79538145200797 3.75 0
65.90395874892897 3.75 0
64.02199317139173 3.75 0
62.14943740706087 3.75 0
60.28624439624116 3.75 0
58.43236736581491 3.75 0
56.58775971657519 3.75 0
54.75237509505155 3.75 0
52.92616742713642 3.75 0
51.10909080583474 3.75 0
49.30109956277761 3.75 0
47.50214826551701 3.75 0
45.71219171557516 3.75 0
43.93118494577368 3.75 0
42.15908321831887 3.75 0
40.39584202216417 3.75 0
38.64141703438065 3.75 0
36.89576415467025 3.75 0
35.15883953989578 3.75 0
33.43059956476566 3.75 0
31.71100078326799 3.75 0
1 27 0 20
1101
1102
1103
1104
1105
1106
1107
1108
1109
1110
1111
1112
1113
1114
1115
1116
1117
1118
1119
1120
-95.58527046937866 3.75 0
-91.21468823266611 3.75 0
-86.88781181580126 3.75 0
-82.60420415867605 3.75 0
-78.36343257713837 3.75 0
-74.16506871323423 3.75 0
-70.00868848650846 3.75 0
-65.8938720650049 3.75 0
-61.82020381161699 3.75 0
-57.78727223817417 3.75 0
-53.79466997884192 3.75 0
-49.84199374553916 3.75 0
-45.92884427781397 3.75 0
-42.05482630008553 3.75 0
-38.21954849842778 3.75 0
-34.42262347905 3.75 0
-30.66366770896734 3.75 0
-26.94230149533101 3.75 0
-23.25814894616619 3.75 0
-19.61083791980739 3.75 0
1 28 0 2
1121
1122
-16 1.749999985925977 0
-16 0.749999984684742 0
1 29 0 2
1123
1124
30 1.749999985925977 0
30 0.749999984684742 0
2 1 0 0
2 2 0 442
1125
1126
1127
1128
1129
1130
1131
1132
1133
1134
1135
1136
1137
1138
1139
1140
1141
1142
1143
1144
1145
1146
1147
1148
1149
1150
1151
1152
1153
1154
1155
1156
1157
1158
1159
1160
1161
1162
1163
1164
1165
1166
1167
1168
1169
1170
1171
1172
1173
1174
1175
1176
1177
1178
1179
1180
1181
1182
1183
1184
1185
1186
1187
1188
1189
1190
1191
1192
1193
1194
1195
1196
1197
1198
1199
1200
1201
1202
1203
1204
1205
1206
1207
1208
1209
1210
1211
1212
1213
1214
1215
1216
1217
1218
1219
1220
1221
1222
1223
1224
1225
1226
1227
1228
1229
1230
1231
1232
1233
1234
1235
1236
1237
1238
1239
1240
1241
1242
1243
1244
1245
1246
1247
1248
1249
1250
1251
1252
1253
1254
1255
1256
1257
1258
1259
1260
1261
1262
1263
1264
1265
1266
1267
1268
1269
1270
1271
1272
1273
1274
1275
1276
1277
1278
1279
1280
1281
1282
1283
1284
1285
1286
1287
1288
1289
1290
1291
1292
1293
1294
1295
1296
1297
1298
1299
1300
1301
1302
1303
1304
1305
1306
1307
1308
1309
1310
1311
1312
1313
1314
1315
1316
1317
1318
1319
1320
1321
1322
1323
1324
1325
1326
1327
1328
1329
1330
1331
1332
1333
1334
1335
1336
1337
1338
1339
1340
1341
1342
1343
1344
1345
1346
1347
1348
1349
1350
1351
1352
1353
1354
1355
1356
1357
1358
1359
1360
1361
1362
1363
1364
1365
1366
1367
1368
1369
1370
1371
1372
1373
1374
1375
1376
1377
1378
1379
1380
1381
1382
1383
1384
1385
1386
1387
1388
1389
1390
1391
1392
1393
1394
1395
1396
1397
1398
1399
1400
1401
1402
1403
1404
1405
1406
1407
1408
1409
1410
1411
1412
1413
1414
1415
1416
1417
1418
1419
1420
1421
1422
1423
1424
1425
1426
1427
1428
1429
1430
1431
1432
1433
1434
1435
1436
1437
1438
1439
1440
1441
1442
1443
1444
1445
1446
1447
1448
1449
1450
1451
1452
1453
1454
1455
1456
1457
1458
1459
1460
1461
1462
1463
1464
1465
1466
1467
1468
1469
1470
1471
1472
1473
1474
1475
1476
1477
1478
1479
1480
1481
1482
1483
1484
1485
1486
1487
1488
1489
1490
1491
1492
1493
1494
1495
1496
1497
1498
1499
1500
1501
1502
1503
1504
1505
1506
1507
1508
1509
1510
1511
1512
1513
1514
1515
1516
1517
1518
1519
1520
1521
1522
1523
1524
1525
1526
1527
1528
1529
1530
1531
1532
1533
1534
1535
1536
1537
1538
1539
1540
1541
1542
1543
1544
1545
1546
1547
1548
1549
1550
1551
1552
1553
1554
1555
1556
1557
1558
1559
1560
1561
1562
1563
1564
1565
1566
0.1498165854338113 -3.832038852967933 0
0.1498165854338112 -3.64541535751213 0
0.1498165854338113 -3.438055918882115 0
0.1498165854338112 -3.207656541927717 0
0.1498165854338113 -2.951657234818407 0
0.1498165854338113 -2.667213559873879 0
0.1498165854338113 -2.351165030749442 0
0.1498165854338113 -2 0
0.1498165854338113 -1.692932014525007 0
0.1498165854338113 -1.41657082695788 0
0.1498165854338113 -1.167845758387413 0
0.1498165854338113 -0.9439931966235735 0
0.1498165854338113 -0.7425258904892955 0
0.1498165854338113 -0.5612053148833562 0
0.1498165854338113 -0.3980167967771175 0
0.1498165854338112 -0.2511471308815751 0
0.1498165854338113 -0.1189644309629961 0
0.3335551127182469 -3.832038852967933 0
0.3335551127182469 -3.64541535751213 0
0.3335551127182469 -3.438055918882115 0
0.3335551127182469 -3.207656541927717 0
0.3335551127182469 -2.951657234818407 0
0.3335551127182469 -2.667213559873879 0
0.3335551127182469 -2.351165030749442 0
0.3335551127182469 -2 0
0.3335551127182469 -1.692932014519701 0
0.3335551127182469 -1.416570826948361 0
0.3335551127182469 -1.167845758374575 0
0.3335551127182469 -0.9439931966081657 0
0.3335551127182469 -0.7425258904719285 0
0.3335551127182469 -0.5612053148645759 0
0.3335551127182469 -0.39801679675738 0
0.3335551127182469 -0.2511471308612597 0
0.3335551127182469 -0.1189644309424179 0
0.5588963074551889 -3.832038852967933 0
0.5588963074551889 -3.64541535751213 0
0.5588963074551893 -3.438055918882115 0
0.5588963074551891 -3.207656541927717 0
0.5588963074551891 -2.951657234818407 0
0.5588963074551891 -2.667213559873879 0
0.5588963074551891 -2.351165030749442 0
0.5588963074551891 -2 0
0.5588963074551891 -1.692932014513194 0
0.5588963074551891 -1.416570826936687 0
0.5588963074551891 -1.167845758358832 0
0.5588963074551891 -0.9439931965892696 0
0.5588963074551891 -0.7425258904506294 0
0.5588963074551893 -0.5612053148415431 0
0.5588963074551891 -0.3980167967331736 0
0.5588963074551893 -0.2511471308363444 0
0.5588963074551891 -0.1189644309171804 0
0.8352599728896579 -3.832038852967933 0
0.8352599728896579 -3.64541535751213 0
0.8352599728896578 -3.438055918882114 0
0.8352599728896579 -3.207656541927717 0
0.8352599728896579 -2.951657234818406 0
0.8352599728896576 -2.667213559873878 0
0.8352599728896579 -2.351165030749442 0
0.8352599728896579 -2 0
0.8352599728896579 -1.692932014505214 0
0.8352599728896578 -1.416570826922368 0
0.8352599728896579 -1.167845758339523 0
0.8352599728896579 -0.9439931965660948 0
0.8352599728896579 -0.7425258904245072 0
0.8352599728896579 -0.5612053148132952 0
0.8352599728896578 -0.3980167967034859 0
0.8352599728896579 -0.251147130805788 0
0.8352599728896579 -0.1189644308862285 0
1.174198779148548 -3.832038852967933 0
1.174198779148548 -3.64541535751213 0
1.174198779148549 -3.438055918882114 0
1.174198779148549 -3.207656541927717 0
1.174198779148548 -2.951657234818407 0
1.174198779148548 -2.667213559873879 0
1.174198779148548 -2.351165030749441 0
1.174198779148548 -2 0
1.174198779148548 -1.692932014495427 0
1.174198779148548 -1.416570826904809 0
1.174198779148548 -1.167845758315844 0
1.174198779148548 -0.9439931965376726 0
1.174198779148548 -0.7425258903924706 0
1.174198779148548 -0.5612053147786512 0
1.174198779148548 -0.3980167966670767 0
1.174198779148548 -0.2511471307683126 0
1.174198779148548 -0.1189644308482684 0
1.589881194830032 -3.832038852967933 0
1.589881194830031 -3.64541535751213 0
1.589881194830031 -3.438055918882115 0
1.589881194830031 -3.207656541927718 0
1.589881194830031 -2.951657234818407 0
1.589881194830031 -2.667213559873879 0
1.589881194830031 -2.351165030749441 0
1.589881194830031 -2 0
1.589881194830031 -1.692932014483423 0
1.589881194830031 -1.416570826883273 0
1.589881194830031 -1.167845758286801 0
1.589881194830031 -0.9439931965028152 0
1.589881194830031 -0.7425258903531804 0
1.589881194830031 -0.5612053147361633 0
1.589881194830032 -0.3980167966224234 0
1.589881194830031 -0.251147130722352 0
1.589881194830031 -0.1189644308017133 0
2.099683743564395 -3.832038852967933 0
2.099683743564395 -3.64541535751213 0
2.099683743564395 -3.438055918882115 0
2.099683743564395 -3.207656541927717 0
2.099683743564395 -2.951657234818407 0
2.099683743564395 -2.667213559873879 0
2.099683743564395 -2.351165030749441 0
2.099683743564395 -2 0
2.099683743564395 -1.692932014468702 0
2.099683743564395 -1.41657082685686 0
2.099683743564395 -1.167845758251183 0
2.099683743564395 -0.943993196460065 0
2.099683743564395 -0.7425258903049938 0
2.099683743564395 -0.561205314684055 0
2.099683743564395 -0.3980167965676595 0
2.099683743564395 -0.2511471306659847 0
2.099683743564395 -0.118964430744617 0
2.724917418466785 -3.832038852967933 0
2.724917418466783 -3.64541535751213 0
2.724917418466783 -3.438055918882114 0
2.724917418466784 -3.207656541927717 0
2.724917418466784 -2.951657234818406 0
2.724917418466784 -2.667213559873879 0
2.724917418466784 -2.351165030749441 0
2.724917418466784 -2 0
2.724917418466784 -1.692932014450647 0
2.724917418466784 -1.416570826824467 0
2.724917418466784 -1.167845758207501 0
2.724917418466784 -0.9439931964076353 0
2.724917418466784 -0.7425258902458967 0
2.724917418466784 -0.5612053146201479 0
2.724917418466784 -0.3980167965004959 0
2.724917418466784 -0.2511471305968547 0
2.724917418466784 -0.1189644306745927 0
3.491718503014445 -3.832038852967933 0
3.491718503014445 -3.64541535751213 0
3.491718503014444 -3.438055918882114 0
3.491718503014445 -3.207656541927718 0
3.491718503014444 -2.951657234818407 0
3.491718503014444 -2.667213559873879 0
3.491718503014444 -2.351165030749441 0
3.491718503014444 -2 0
3.491718503014445 -1.692932014428504 0
3.491718503014444 -1.416570826784741 0
3.491718503014444 -1.167845758153928 0
3.491718503014444 -0.9439931963433343 0
3.491718503014444 -0.7425258901734184 0
3.491718503014444 -0.561205314541771 0
3.491718503014444 -0.3980167964181249 0
3.491718503014444 -0.251147130512072 0
3.491718503014444 -0.1189644305887134 0
4.432141136736957 -3.832038852967933 0
4.432141136736957 -3.645415357512129 0
4.432141136736957 -3.438055918882114 0
4.432141136736957 -3.207656541927718 0
4.432141136736957 -2.951657234818406 0
4.432141136736957 -2.667213559873878 0
4.432141136736957 -2.35116503074944 0
4.432141136736957 -2 0
4.432141136736957 -1.692932014401349 0
4.432141136736957 -1.416570826736018 0
4.432141136736957 -1.167845758088225 0
4.432141136736957 -0.9439931962644739 0
4.432141136736958 -0.7425258900845296 0
4.432141136736957 -0.5612053144456479 0
4.432141136736957 -0.3980167963171031 0
4.432141136736957 -0.2511471304080926 0
4.432141136736958 -0.1189644304833889 0
5.585497271226629 -3.832038852967933 0
5.585497271226632 -3.645415357512129 0
5.585497271226629 -3.438055918882114 0
5.585497271226629 -3.207656541927718 0
5.585497271226629 -2.951657234818406 0
5.585497271226629 -2.667213559873878 0
5.585497271226629 -2.35116503074944 0
5.585497271226629 -2 0
5.585497271226629 -1.692932014368043 0
5.585497271226629 -1.416570826676264 0
5.58549727122663 -1.167845758007644 0
5.585497271226629 -0.9439931961677579 0
5.585497271226629 -0.7425258899755141 0
5.58549727122663 -0.5612053143277602 0
5.585497271226629 -0.3980167961932077 0
5.585497271226629 -0.2511471302805699 0
5.585497271226629 -0.1189644303542166 0
7 -3.832038852967933 0
7 -3.64541535751213 0
7 -3.438055918882114 0
7 -3.207656541927718 0
7 -2.951657234818406 0
7 -2.667213559873878 0
7 -2.35116503074944 0
7 -2 0
7 -1.692932014327197 0
7 -1.41657082660298 0
7 -1.167845757908819 0
7 -0.9439931960491432 0
7 -0.742525889841815 0
7 -0.5612053141831799 0
7 -0.3980167960412595 0
7 -0.251147130124173 0
7 -0.1189644301957966 0
8.129315873216829 -3.832038852967933 0
8.129315873216829 -3.645415357512129 0
8.129315873216829 -3.438055918882114 0
8.129315873216829 -3.207656541927718 0
8.129315873216829 -2.951657234818405 0
8.129315873216829 -2.667213559873877 0
8.129315873216829 -2.35116503074944 0
8.129315873216829 -2 0
8.129315873216829 -1.692932014294587 0
8.129315873216829 -1.416570826544472 0
8.129315873216829 -1.167845757829919 0
8.129315873216829 -0.9439931959544432 0
8.129315873216829 -0.7425258897350719 0
8.129315873216829 -0.5612053140677493 0
8.129315873216829 -0.3980167959199465 0
8.129315873216829 -0.2511471299993082 0
8.129315873216829 -0.1189644300693167 0
9.093429490195721 -3.832038852967933 0
9.093429490195721 -3.645415357512129 0
9.093429490195719 -3.438055918882114 0
9.093429490195717 -3.20765654192772 0
9.093429490195721 -2.951657234818405 0
9.093429490195721 -2.667213559873877 0
9.093429490195721 -2.35116503074944 0
9.093429490195721 -2 0
9.093429490195721 -1.692932014266746 0
9.093429490195721 -1.416570826494522 0
9.093429490195721 -1.16784575776256 0
9.093429490195721 -0.9439931958735961 0
9.093429490195721 -0.7425258896439437 0
9.093429490195721 -0.5612053139692046 0
9.093429490195721 -0.3980167958163798 0
9.093429490195719 -0.2511471298927094 0
9.093429490195721 -0.118964429961339 0
9.916507501082613 -3.832038852967933 0
9.916507501082608 -3.645415357512129 0
9.916507501082615 -3.438055918882114 0
9.916507501082611 -3.207656541927719 0
9.916507501082616 -2.951657234818406 0
9.916507501082611 -2.667213559873877 0
9.916507501082613 -2.351165030749439 0
9.916507501082611 -2 0
9.916507501082611 -1.692932014242979 0
9.916507501082611 -1.416570826451879 0
9.916507501082611 -1.167845757705055 0
9.916507501082613 -0.943993195804576 0
9.916507501082609 -0.7425258895661464 0
9.916507501082611 -0.5612053138850754 0
9.916507501082611 -0.3980167957279634 0
9.916507501082613 -0.2511471298017044 0
9.916507501082613 -0.1189644298691568 0
10.61918134303429 -3.832038852967933 0
10.6191813430343 -3.64541535751213 0
10.6191813430343 -3.438055918882113 0
10.6191813430343 -3.207656541927719 0
10.6191813430343 -2.951657234818405 0
10.61918134303429 -2.667213559873877 0
10.6191813430343 -2.351165030749439 0
10.6191813430343 -2 0
10.6191813430343 -1.692932014222688 0
10.6191813430343 -1.416570826415475 0
10.6191813430343 -1.167845757655962 0
10.6191813430343 -0.9439931957456524 0
10.6191813430343 -0.7425258894997295 0
10.6191813430343 -0.5612053138132533 0
10.61918134303429 -0.3980167956524809 0
10.6191813430343 -0.251147129724012 0
10.6191813430343 -0.1189644297904595 0
11.21906437016259 -3.832038852967933 0
11.21906437016258 -3.645415357512129 0
11.21906437016258 -3.438055918882114 0
11.21906437016258 -3.207656541927719 0
11.21906437016259 -2.951657234818405 0
11.21906437016258 -2.667213559873877 0
11.21906437016259 -2.351165030749439 0
11.21906437016258 -2 0
11.21906437016258 -1.692932014205365 0
11.21906437016258 -1.416570826384395 0
11.21906437016258 -1.167845757614051 0
11.21906437016258 -0.9439931956953485 0
11.21906437016259 -0.7425258894430284 0
11.21906437016258 -0.5612053137519375 0
11.21906437016258 -0.3980167955880406 0
11.21906437016258 -0.251147129657685 0
11.21906437016258 -0.1189644297232744 0
11.73119335368113 -3.832038852967933 0
11.73119335368113 -3.645415357512129 0
11.73119335368113 -3.438055918882114 0
11.73119335368113 -3.207656541927719 0
11.73119335368113 -2.951657234818405 0
11.73119335368113 -2.667213559873877 0
11.73119335368114 -2.351165030749439 0
11.73119335368113 -2 0
11.73119335368113 -1.692932014190577 0
11.73119335368113 -1.416570826357863 0
11.73119335368113 -1.167845757578271 0
11.73119335368113 -0.9439931956524035 0
11.73119335368113 -0.7425258893946221 0
11.73119335368114 -0.5612053136995914 0
11.73119335368113 -0.3980167955330268 0
11.73119335368113 -0.2511471296010606 0
11.73119335368113 -0.1189644296659175 0
12.16840541920898 -3.832038852967933 0
12.16840541920898 -3.645415357512129 0
12.16840541920898 -3.438055918882114 0
12.16840541920898 -3.207656541927718 0
12.16840541920898 -2.951657234818405 0
12.16840541920898 -2.667213559873877 0
12.16840541920898 -2.351165030749439 0
12.16840541920898 -2 0
12.16840541920898 -1.692932014177952 0
12.16840541920898 -1.416570826335211 0
12.16840541920898 -1.167845757547724 0
12.16840541920898 -0.9439931956157404 0
12.16840541920898 -0.7425258893532967 0
12.16840541920898 -0.5612053136549027 0
12.16840541920898 -0.3980167954860608 0
12.16840541920898 -0.2511471295527195 0
12.16840541920898 -0.1189644296169511 0
12.54165980597186 -3.832038852967933 0
12.54165980597186 -3.645415357512129 0
12.54165980597187 -3.438055918882114 0
12.54165980597187 -3.207656541927719 0
12.54165980597186 -2.951657234818405 0
12.54165980597186 -2.667213559873877 0
12.54165980597186 -2.351165030749439 0
12.54165980597186 -2 0
12.54165980597186 -1.692932014167173 0
12.54165980597186 -1.416570826315873 0
12.54165980597186 -1.167845757521647 0
12.54165980597186 -0.9439931955844407 0
12.54165980597186 -0.7425258893180167 0
12.54165980597186 -0.5612053136167514 0
12.54165980597186 -0.3980167954459652 0
12.54165980597186 -0.25114712951145 0
12.54165980597186 -0.1189644295751478 0
12.8603125769991 -3.832038852967933 0
12.86031257699909 -3.645415357512129 0
12.86031257699909 -3.438055918882113 0
12.86031257699909 -3.207656541927719 0
12.86031257699909 -2.951657234818405 0
12.86031257699909 -2.667213559873877 0
12.86031257699909 -2.351165030749439 0
12.86031257699909 -2 0
12.86031257699909 -1.692932014157972 0
12.86031257699909 -1.416570826299365 0
12.86031257699909 -1.167845757499384 0
12.86031257699909 -0.9439931955577197 0
12.86031257699909 -0.7425258892878974 0
12.86031257699909 -0.561205313584181 0
12.86031257699909 -0.398016795411735 0
12.86031257699909 -0.2511471294762175 0
12.86031257699909 -0.1189644295394597 0
13.1323511512152 -3.832038852967933 0
13.1323511512152 -3.645415357512129 0
13.1323511512152 -3.438055918882113 0
13.1323511512152 -3.207656541927719 0
13.1323511512152 -2.951657234818405 0
13.1323511512152 -2.667213559873877 0
13.1323511512152 -2.351165030749439 0
13.1323511512152 -2 0
13.1323511512152 -1.692932014150116 0
13.1323511512152 -1.41657082628527 0
13.1323511512152 -1.167845757480378 0
13.1323511512152 -0.9439931955349077 0
13.1323511512152 -0.7425258892621844 0
13.1323511512152 -0.5612053135563753 0
13.1323511512152 -0.3980167953825122 0
13.1323511512152 -0.2511471294461392 0
13.1323511512152 -0.1189644295089922 0
13.36459449392038 -3.832038852967933 0
13.36459449392038 -3.645415357512129 0
13.36459449392038 -3.438055918882113 0
13.36459449392037 -3.207656541927718 0
13.36459449392038 -2.951657234818405 0
13.36459449392038 -2.667213559873877 0
13.36459449392038 -2.351165030749439 0
13.36459449392038 -2 0
13.36459449392038 -1.69293201414341 0
13.36459449392038 -1.416570826273238 0
13.36459449392038 -1.167845757464152 0
13.36459449392038 -0.9439931955154326 0
13.36459449392038 -0.7425258892402327 0
13.36459449392038 -0.5612053135326369 0
13.36459449392038 -0.3980167953575642 0
13.36459449392038 -0.2511471294204608 0
13.36459449392038 -0.1189644294829816 0
13.56286406196313 -3.832038852967933 0
13.56286406196314 -3.645415357512129 0
13.56286406196313 -3.438055918882113 0
13.56286406196313 -3.207656541927719 0
13.56286406196313 -2.951657234818405 0
13.56286406196313 -2.667213559873877 0
13.56286406196313 -2.351165030749439 0
13.56286406196313 -2 0
13.56286406196313 -1.692932014137685 0
13.56286406196313 -1.416570826262966 0
13.56286406196313 -1.1678457574503 0
13.56286406196313 -0.9439931954988063 0
13.56286406196313 -0.7425258892214921 0
13.56286406196313 -0.5612053135123714 0
13.56286406196313 -0.3980167953362658 0
13.56286406196313 -0.2511471293985388 0
13.56286406196313 -0.1189644294607761 0
13.73212971545552 -3.832038852967933 0
13.73212971545552 -3.645415357512129 0
13.73212971545553 -3.438055918882113 0
13.73212971545552 -3.207656541927719 0
13.73212971545552 -2.951657234818405 0
13.73212971545553 -2.667213559873877 0
13.73212971545552 -2.351165030749439 0
13.73212971545552 -2 0
13.73212971545552 -1.692932014132797 0
13.73212971545552 -1.416570826254197 0
13.73212971545552 -1.167845757438474 0
13.73212971545552 -0.9439931954846124 0
13.73212971545552 -0.7425258892054933 0
13.73212971545552 -0.5612053134950701 0
13.73212971545552 -0.3980167953180829 0
13.73212971545552 -0.2511471293798236 0
13.73212971545552 -0.1189644294418188 0
13.87663429928511 -3.832038852967933 0
13.8766342992851 -3.645415357512129 0
13.8766342992851 -3.438055918882113 0
13.87663429928511 -3.207656541927719 0
13.87663429928511 -2.951657234818405 0
13.8766342992851 -2.667213559873877 0
13.8766342992851 -2.351165030749439 0
13.8766342992851 -2 0
13.8766342992851 -1.692932014128623 0
13.8766342992851 -1.41657082624671 0
13.87663429928511 -1.167845757428378 0
13.87663429928511 -0.9439931954724949 0
13.8766342992851 -0.7425258891918345 0
13.8766342992851 -0.5612053134802999 0
13.8766342992851 -0.3980167953025601 0
13.87663429928511 -0.2511471293638463 0
13.87663429928511 -0.1189644294256347 0
2 3 0 1136
1567
1568
1569
1570
1571
1572
1573
1574
1575
1576
1577
1578
1579
1580
1581
1582
1583
1584
1585
1586
1587
1588
1589
1590
1591
1592
1593
1594
1595
1596
1597
1598
1599
1600
1601
1602
1603
1604
1605
1606
1607
1608
1609
1610
1611
1612
1613
1614
1615
1616
1617
1618
1619
1620
1621
1622
1623
1624
1625
1626
1627
1628
1629
1630
1631
1632
1633
1634
1635
1636
1637
1638
1639
1640
1641
1642
1643
1644
1645
1646
1647
1648
1649
1650
1651
1652
1653
1654
1655
1656
1657
1658
1659
1660
1661
1662
1663
1664
1665
1666
1667
1668
1669
1670
1671
1672
1673
1674
1675
1676
1677
1678
1679
1680
1681
1682
1683
1684
1685
1686
1687
1688
1689
1690
1691
1692
1693
1694
1695
1696
1697
1698
1699
1700
1701
1702
1703
1704
1705
1706
1707
1708
1709
1710
1711
1712
1713
1714
1715
1716
1717
1718
1719
1720
1721
1722
1723
1724
1725
1726
1727
1728
1729
1730
1731
1732
1733
1734
1735
1736
1737
1738
1739
1740
1741
1742
1743
1744
1745
1746
1747
1748
1749
1750
1751
1752
1753
1754
1755
1756
1757
1758
1759
1760
1761
1762
1763
1764
1765
1766
1767
1768
1769
1770
1771
1772
1773
1774
1775
1776
1777
1778
1779
1780
1781
1782
1783
1784
1785
1786
1787
1788
1789
1790
1791
1792
1793
1794
1795
1796
1797
1798
1799
1800
1801
1802
1803
1804
1805
1806
1807
1808
1809
1810
1811
1812
1813
1814
1815
1816
1817
1818
1819
1820
1821
1822
1823
1824
1825
1826
1827
1828
1829
1830
1831
1832
1833
1834
1835
1836
1837
1838
1839
1840
1841
1842
1843
1844
1845
1846
1847
1848
1849
1850
1851
1852
1853
1854
1855
1856
1857
1858
1859
1860
1861
1862
1863
1864
1865
1866
1867
1868
1869
1870
1871
1872
1873
1874
1875
1876
1877
1878
1879
1880
1881
1882
1883
1884
1885
1886
1887
1888
1889
1890
1891
1892
1893
1894
1895
1896
1897
1898
1899
1900
1901
1902
1903
1904
1905
1906
1907
1908
1909
1910
1911
1912
1913
1914
1915
1916
1917
1918
1919
1920
1921
1922
1923
1924
1925
1926
1927
1928
1929
1930
1931
1932
1933
1934
1935
1936
1937
1938
1939
1940
1941
1942
1943
1944
1945
1946
1947
1948
1949
1950
1951
1952
1953
1954
1955
1956
1957
1958
1959
1960
1961
1962
1963
1964
1965
1966
1967
1968
1969
1970
1971
1972
1973
1974
1975
1976
1977
1978
1979
1980
1981
1982
1983
1984
1985
1986
1987
1988
1989
1990
1991
1992
1993
1994
1995
1996
1997
1998
1999
2000
2001
2002
2003
2004
2005
2006
2007
2008
2009
2010
2011
2012
2013
2014
2015
2016
2017
2018
2019
2020
2021
2022
2023
2024
2025
2026
2027
2028
2029
2030
2031
2032
2033
2034
2035
2036
2037
2038
2039
2040
2041
2042
2043
2044
2045
2046
2047
2048
2049
2050
2051
2052
2053
2054
2055
2056
2057
2058
2059
2060
2061
2062
2063
2064
2065
2066
2067
2068
2069
2070
2071
2072
2073
2074
2075
2076
2077
2078
2079
2080
2081
2082
2083
2084
2085
2086
2087
2088
2089
2090
2091
2092
2093
2094
2095
2096
2097
2098
2099
2100
2101
2102
2103
2104
2105
2106
2107
2108
2109
2110
2111
2112
2113
2114
2115
2116
2117
2118
2119
2120
2121
2122
2123
2124
2125
2126
2127
2128
2129
2130
2131
2132
2133
2134
2135
2136
2137
2138
2139
2140
2141
2142
2143
2144
2145
2146
2147
2148
2149
2150
2151
2152
2153
2154
2155
2156
2157
2158
2159
2160
2161
2162
2163
2164
2165
2166
2167
2168
2169
2170
2171
2172
2173
2174
2175
2176
2177
2178
2179
2180
2181
2182
2183
2184
2185
2186
2187
2188
2189
2190
2191
2192
2193
2194
2195
2196
2197
2198
2199
2200
2201
2202
2203
2204
2205
2206
2207
2208
2209
2210
2211
2212
2213
2214
2215
2216
2217
2218
2219
2220
2221
2222
2223
2224
2225
2226
2227
2228
2229
2230
2231
2232
2233
2234
2235
2236
2237
2238
2239
2240
2241
2242
2243
2244
2245
2246
2247
2248
2249
2250
2251
2252
2253
2254
2255
2256
2257
2258
2259
2260
2261
2262
2263
2264
2265
2266
2267
2268
2269
2270
2271
2272
2273
2274
2275
2276
2277
2278
2279
2280
2281
2282
2283
2284
2285
2286
2287
2288
2289
2290
2291
2292
2293
2294
2295
2296
2297
2298
2299
2300
2301
2302
2303
2304
2305
2306
2307
2308
2309
2310
2311
2312
2313
2314
2315
2316
2317
2318
2319
2320
2321
2322
2323
2324
2325
2326
2327
2328
2329
2330
2331
2332
2333
2334
2335
2336
2337
2338
2339
2340
2341
2342
2343
2344
2345
2346
2347
2348
2349
2350
2351
2352
2353
2354
2355
2356
2357
2358
2359
2360
2361
2362
2363
2364
2365
2366
2367
2368
2369
2370
2371
2372
2373
2374
2375
2376
2377
2378
2379
2380
2381
2382
2383
2384
2385
2386
2387
2388
2389
2390
2391
2392
2393
2394
2395
2396
2397
2398
2399
2400
2401
2402
2403
2404
2405
2406
2407
2408
2409
2410
2411
2412
2413
2414
2415
2416
2417
2418
2419
2420
2421
2422
2423
2424
2425
2426
2427
2428
2429
2430
2431
2432
2433
2434
2435
2436
2437
2438
2439
2440
2441
2442
2443
2444
2445
2446
2447
2448
2449
2450
2451
2452
2453
2454
2455
2456
2457
2458
2459
2460
2461
2462
2463
2464
2465
2466
2467
2468
2469
2470
2471
2472
2473
2474
2475
2476
2477
2478
2479
2480
2481
2482
2483
2484
2485
2486
2487
2488
2489
2490
2491
2492
2493
2494
2495
2496
2497
2498
2499
2500
2501
2502
2503
2504
2505
2506
2507
2508
2509
2510
2511
2512
2513
2514
2515
2516
2517
2518
2519
2520
2521
2522
2523
2524
2525
2526
2527
2528
2529
2530
2531
2532
2533
2534
2535
2536
2537
2538
2539
2540
2541
2542
2543
2544
2545
2546
2547
2548
2549
2550
2551
2552
2553
2554
2555
2556
2557
2558
2559
2560
2561
2562
2563
2564
2565
2566
2567
2568
2569
2570
2571
2572
2573
2574
2575
2576
2577
2578
2579
2580
2581
2582
2583
2584
2585
2586
2587
2588
2589
2590
2591
2592
2593
2594
2595
2596
2597
2598
2599
2600
2601
2602
2603
2604
2605
2606
2607
2608
2609
2610
2611
2612
2613
2614
2615
2616
2617
2618
2619
2620
2621
2622
2623
2624
2625
2626
2627
2628
2629
2630
2631
2632
2633
2634
2635
2636
2637
2638
2639
2640
2641
2642
2643
2644
2645
2646
2647
2648
2649
2650
2651
2652
2653
2654
2655
2656
2657
2658
2659
2660
2661
2662
2663
2664
2665
2666
2667
2668
2669
2670
2671
2672
2673
2674
2675
2676
2677
2678
2679
2680
2681
2682
2683
2684
2685
2686
2687
2688
2689
2690
2691
2692
2693
2694
2695
2696
2697
2698
2699
2700
2701
2702
7.612232892973132 1.293734973446764 0
15.07770306977071 0.4873287686502269 0
17.99421764277056 0.6916207645759349 0
12.99633186410715 0.4683604753614738 0
-1.459485151334138 0.6139758243892646 0
1.85918796471322 0.6743345667735023 0
-4.337021246587306 1.085426224516784 0
0.08691842847141124 0.3810998384523719 0
20.64548664714068 0.9336743352580048 0
11.50210898317258 0.7549492282630129 0
14.06139887086864 0.3563459638718511 0
16.15613246439305 0.6053269712498137 0
-28.80298460214917 6.956683688394051 0
-43.99183528894975 7.088222995118299 0
-59.80373802489558 7.225158089057354 0
945.5661081280269 10.26554439107911 0
920.2502059974632 11.69824933517778 0
896.0993794403565 8.287349861467629 0
872.3570291780406 9.701095088556196 0
849.3573834616491 8.431392245666501 0
826.6839711316959 9.507883101750105 0
804.0416536770649 9.551673004730812 0
781.0034404479495 7.862024272135677 0
759.8728930340776 8.384803642162137 0
739.2693199729556 10.52613820193975 0
717.2851569666459 7.623787923644571 0
697.3748804314037 7.26011318330929 0
671.9504185454639 7.454586418469884 0
648.183732725483 7.587684698625167 0
623.7742920608958 8.94932643170644 0
601.2472269893049 7.697934357505546 0
578.2359675649708 7.103826406792701 0
557.0582441861438 8.740543109422045 0
535.3353355611289 7.279335840382112 0
514.2771308181196 7.321342806980181 0
493.5688023766959 7.845941390900191 0
473.9544144247133 7.146740348485688 0
454.9237116435545 6.575571700592164 0
435.6030703090069 6.980674109538816 0
416.8857222611569 7.436437855893208 0
395.8735961598104 7.321885753889725 0
374.6596218626157 6.716781266864007 0
354.6388410860223 6.947088989626825 0
334.9869072842359 6.282311129079235 0
315.0639074961537 7.530038718505172 0
297.2548200189016 6.677464544422748 0
278.7072160015895 5.977658098529105 0
261.6026853899599 6.867759146764911 0
244.5891803791881 6.153559731113686 0
227.8690709793766 6.972695642177947 0
212.4041692821559 6.264992489710124 0
193.9114050592829 5.658564538352905 0
177.1232323973037 6.470863508866202 0
159.9065000707193 6.284968803293111 0
143.6482838993419 5.975717630844207 0
128.264323982873 5.941854232246728 0
112.7476057019183 5.352274816590771 0
98.18908820728453 5.718724158458902 0
82.28856718603993 5.450777436769668 0
66.69247199348868 5.632830140337171 0
52.15368551642018 5.605640106706931 0
3.961929819875701 0.9892495549826487 0
23.55639329222644 1.173319299195005 0
0.6958680584256385 0.5663952130632443 0
971.477889647774 9.748835217473088 0
-71.62469281454003 7.846836555077042 0
-87.23046877129057 63.73160124105747 0
999.8453278262217 60.33532748477283 0
-0.3994609920957049 0.4477535477542103 0
-8.956008186174531 1.759720179656923 0
14.5566068213698 0.4540259933225144 0
13.66622342350714 0.4328607932193095 0
-92.72310893386043 34.94559634787746 0
991.1442580900984 8.229134446121455 0
-85.00431644732092 8.239256999230983 0
-2.414572001843554 0.8072681738389412 0
1005.387482481816 37.12370872290168 0
34.12198541009999 5.055263563279905 0
26.05520041508341 1.410117018469196 0
19.19037256424277 0.7952108145495345 0
10.3538814999991 0.8941926774875277 0
17.09280557069734 0.7024872049994958 0
-51.81833186219054 7.156002439415371 0
12.40149237892153 0.6307545904669822 0
12.84018695567748 1.013346518938907 0
958.7565491879365 9.395309293449857 0
-36.28709657975694 6.574593055772866 0
-21.43449343298679 6.892870685915585 0
15.58279665049502 0.5196758117558012 0
-94.76960004556861 20.20440673914173 0
1008.753337818281 20.1100255308055 0
28.87242430047461 2.537095853688472 0
64.39036294106654 95.86591391658689 0
190.444764170703 99.06308692580974 0
323.2773291029163 97.71359556223616 0
457.0000000023323 93.24986471677501 0
588.3247712816069 102.4566551922152 0
726.7826551644634 101.7743887487022 0
856.6686989006179 100.2558704282221 0
-93.39775391690634 7.476659404450547 0
-14.41098625018842 2.742193184665431 0
1005.021734636522 9.445460346997169 0
120.0918432935207 98.59676207315489 0
96.82561447495966 58.73161500177578 0
258.9105350560826 108.2319714656762 0
225.5482299266791 62.79676286784635 0
389.2040872192874 105.8921624327609 0
356.9396921614762 58.1230878029594 0
519.3554518035039 102.6379952988136 0
489.1602926834168 59.34877542143616 0
662.3749784670375 98.32289325255512 0
687.423280279055 58.61770751706194 0
793.3381017228942 98.26764067439279 0
820.8556623647833 56.25193709884765 0
994.0476077207039 105.2018702689372 0
-80.04760760194088 105.2018701541155 0
-7.584281027912808 1.871707221842745 0
-8.014305316514278 2.998139675237127 0
-6.45403393259526 2.84905132128506 0
-7.563905923971623 4.593785405651859 0
-5.230851926938529 4.705678556272798 0
-6.118615324735357 7.339944016492976 0
-13.96818577420312 4.856989496533547 0
-9.753928003521805 3.493694169841126 0
-15.86404185521746 6.032464360615519 0
-9.611530784446739 6.387758274667442 0
-9.691152640812691 9.799142225195295 0
-5.847557906876728 11.44704230575214 0
-9.78113977173577 14.32840607921165 0
-3.673861429041372 17.43850030702374 0
-2.427007398470266 9.278856406552087 0
-1.088671413607082 4.531067139441521 0
-14.69732061030448 1.253542094253614 0
-14.24256698983056 11.63156079383923 0
-3.46669230440118 1.146937350166952 0
-3.767198952248318 1.741515596910927 0
-3.000378552115174 1.884837737508075 0
-3.477182894317404 2.731856383805276 0
29.2632556409658 1.217106861618816 0
-5.427028137401373 1.46747231007044 0
3.333526455826768 92.73087650751651 0
32.18534661089213 57.89282930690202 0
-12.40427811439718 3.346742526198668 0
908.2479457058296 89.50401442598537 0
-94.62561598178213 14.2256128953982 0
-89.4036936344587 17.33566396326528 0
-89.28428179119972 23.97163268234008 0
-83.61195465737644 20.52724518913988 0
-83.53824036735756 27.62545233757921 0
-77.66144975866649 24.03563184883537 0
-77.46261287780138 31.97604425361574 0
-70.20335328133983 26.57184013204814 0
-70.15148531674969 36.5876192487452 0
-14.51177904579531 17.28947038390633 0
-62.18006257917517 31.8682273832825 0
-62.01310684721025 42.2700953620963 0
-61.99232261659794 22.96082538092606 0
-54.4845623266041 27.05375375601333 0
-54.66008410258278 18.04262557291598 0
-48.08608283784614 22.08338271595132 0
-47.15274217084847 30.06867166648534 0
-78.55534701790374 17.00383716843669 0
-18.95828593111334 14.1600891919151 0
-20.21571101965311 20.34769683061563 0
-13.6611528639619 24.51206059993346 0
-21.66171063774423 28.75566393888621 0
-11.76351803775832 34.51737321769856 0
-25.729187365689 40.08262279957385 0
-11.09551715528299 48.27491688949281 0
-25.50159454662749 56.62504012030655 0
-28.47301202470096 21.38911753523391 0
2.206831036415752 38.78063464428705 0
-79.88223625108022 41.89928426830363 0
-48.48456608049529 16.19022624717159 0
-42.26194382037785 17.86972553554722 0
-61.78547557406699 15.84742652816661 0
-68.13571855469625 18.40179153902335 0
10.30823814287555 61.23229952711006 0
-83.90755702841409 13.62989293647488 0
-79.2003413201985 11.30010018494897 0
-36.72753991701038 49.03495124067982 0
-45.66875736203546 63.71462073639231 0
1009.402333067809 13.91399949741585 0
-1.019094492414669 0.6091041202603664 0
-1.154624790219322 1.013579882593513 0
-1.777491837628329 1.024434282356421 0
-1.534897511443815 1.769053699740959 0
-0.7441944517144961 1.53979078970484 0
-2.197924471102563 2.856288891352214 0
-67.5213552197996 11.97148227977588 0
1009.960324381469 9.155181873103073 0
-3.973247824904367 26.65791937071073 0
3.257683590911487 21.46973631449853 0
-89.87974348253397 11.32295961543071 0
-88.94457175019421 49.79464312991924 0
-25.05848455560245 78.62531808941766 0
-47.6976501226777 87.56405982502761 0
22.49023600035002 1.080987370499385 0
22.81004598719987 2.065330047461363 0
-12.90972288742436 7.671295380730923 0
1003.986382112008 16.26556351788793 0
1002.617683323158 22.77434462328114 0
997.0195100349144 18.2185643261219 0
995.4419265654943 25.93271243350216 0
989.1526111879622 21.11984427723976 0
987.4034271903565 29.93568386035818 0
980.7163766291519 23.67048094142881 0
976.8052711786164 33.00002071761948 0
983.0781756053061 15.96499273177158 0
994.8662219003304 35.02510798858965 0
-84.01675007862781 82.17426932877733 0
-68.13331321102453 70.80840777071514 0
975.6071828801512 16.60430230796188 0
999.3655746858365 80.40967586418697 0
983.8603536000005 70.14028746973777 0
984.0759719842565 53.34522860837646 0
966.6820140445218 59.12054925770327 0
963.7882475808337 81.33804382589229 0
945.7840771410749 65.36250145494093 0
951.5886993785331 43.40968104015371 0
930.1375448644868 49.02692029011097 0
936.2820509053295 31.64926815242575 0
917.3658588252467 33.39385562323657 0
933.8966239220537 10.67331532698401 0
911.0437095470339 49.46060886018322 0
895.9645811845362 37.09363745573 0
892.0270828771773 59.9090550955969 0
876.0152034973191 40.79014921937113 0
950.5966065331191 25.0298458955344 0
882.0920554516284 27.06364020445154 0
866.2427361451964 25.99261706837894 0
855.894980438719 42.16948773864539 0
861.5362410445034 9.652397343110195 0
884.8601354246845 8.459296670665802 0
848.6913628573433 25.80946456393404 0
837.2069792300114 9.256363812808424 0
865.5139879241002 61.39340211176426 0
904.7079303004454 22.74966630555623 0
909.4810136583619 8.284065358046078 0
836.7079469244746 41.73507123333313 0
831.0610446104386 25.24995473813804 0
-57.60289962814052 11.82055724637183 0
1005.658881020493 48.14525457003765 0
-73.59069240337018 13.10079499795773 0
964.0604168617519 32.10585919837983 0
962.0863223497904 21.40689737400847 0
27.32920659938276 1.481519909080954 0
26.68854522448988 2.666006800795238 0
25.35793736654723 2.562288066803052 0
26.06154470219322 4.063415371659968 0
24.7602290385059 1.337383456509218 0
21.50963973715127 0.9734264060865229 0
21.09287279812902 1.760804694422824 0
20.11170509180158 1.713666516398213 0
20.65817134451366 2.816328412972703 0
19.41053460089579 2.844531229901497 0
20.0852717166248 4.206151683711127 0
2.576404894792834 14.63176356870318 0
9.27079055446017 15.86347797077125 0
11.28550104099719 23.90601418353545 0
15.4695228583767 18.26773569157666 0
19.89693332703017 25.49100334844906 0
42.90923963253005 5.536183367661069 0
46.66711717861054 5.816636724511263 0
39.66521278576779 5.435453656849392 0
28.2591445433705 19.15167685017582 0
6.187841697042949 10.4166553785857 0
12.49219905791306 10.96867561802546 0
10.83478863337707 5.961786893231745 0
18.50053780512867 4.090416990795618 0
19.14817303319436 5.757825013161422 0
21.38116487041667 5.673878995870296 0
16.94847967949418 5.434158120670235 0
18.37664784588612 8.462783473487063 0
15.69203245965698 3.442688495813002 0
29.53296907613913 29.89967223199412 0
37.89860122224082 22.77337526116816 0
40.10862524750284 34.10520034818144 0
47.15633593304366 26.25606947718527 0
59.35930588102804 5.351490844049139 0
63.08571528922626 5.367626670718496 0
51.59622011024689 35.96996284228201 0
62.060441533469 28.89364437978804 0
74.65296350282294 5.603777558835326 0
78.3721057878943 5.654699805903941 0
57.30300943081231 16.56977623098898 0
68.86395031530267 21.11969514931276 0
72.4080252744906 32.37555179867597 0
90.39538979368794 5.852372059688411 0
94.43326310626965 5.808281418403113 0
78.78747754124676 21.41374488826348 0
47.92593166887825 15.38644330415855 0
84.04601430039732 31.93412158707484 0
89.9898917818319 21.46881514342931 0
96.12117362231476 31.1815526014353 0
105.5378600691482 22.95992311945271 0
106.4303903292601 5.327912934864306 0
108.7654126957169 34.43842659950615 0
114.6321992557323 24.37630799009745 0
121.4718151628251 34.34527264231806 0
121.7526867410806 5.388645581862322 0
131.3543741724799 24.12310681245366 0
137.150226905101 5.904018797146247 0
135.2927909376251 37.7676480533555 0
141.8057036782401 26.64185213021371 0
150.8568430247063 5.498716423489288 0
155.5053791323212 5.44873803053375 0
149.387569221916 37.8433227252543 0
160.3522420977169 26.62877869678818 0
164.6681686431982 41.7652726064584 0
173.2130054463256 30.84022093123811 0
169.6918656358452 6.107333981495408 0
179.9972798765528 44.03114424197368 0
185.6901762942488 30.17437646556365 0
126.1603385629506 51.08260912177342 0
154.4482334059451 57.15076335967348 0
183.0588845643893 18.69331799869306 0
186.8396116778572 6.146307674034876 0
167.2049322247004 18.55116306643631 0
155.7357243723948 16.93994521808374 0
34.37984434141293 14.37687990120712 0
26.27978655790093 12.21926642601018 0
19.81808034906027 40.76195958600517 0
85.32758664406721 13.59662790554198 0
94.33488673805994 14.12621293947408 0
138.1573302609743 17.89738469071979 0
127.2880859620072 15.52541882632098 0
111.2962812409756 16.3999975838439 0
78.47956290977851 13.62984341108123 0
14.5521079067655 5.399512720199153 0
13.47700010230957 3.218686715238317 0
14.7587640209347 2.135552691129069 0
16.45537611822895 2.104927060015509 0
65.24575483744599 13.67638199981783 0
197.0548213283158 44.24796263538849 0
211.2805779851167 33.38829713087139 0
199.8992489173102 19.73540135257218 0
204.5800351169689 6.366104198868781 0
76.99151889814128 43.1504665373229 0
31.21274217957609 9.865945738532469 0
30.91853248846982 6.158244800596103 0
28.89935417385674 5.373304926809698 0
132.7159920907411 11.60748403436251 0
132.499811924464 5.668198529360048 0
161.7631100239552 13.38354998706084 0
164.8925117941094 6.665104260519019 0
15.61276424273348 1.492806018005988 0
90.17895783451135 11.62265950951381 0
86.41158306674393 5.726994057005928 0
6.292748635613314 1.238425973590728 0
7.06845087752756 2.621029504474499 0
8.792433861139171 2.512523264060779 0
5.388005286685297 2.584095415634343 0
6.373961893055137 4.330698681262477 0
4.253538949665425 4.290398511946092 0
-4.849017467712507 2.846586569258756 0
117.8424896964058 16.42036476405172 0
114.4524928412321 11.66392192639492 0
117.0115667444923 5.367864446860098 0
109.4358665104795 10.54443937830197 0
104.6570458016769 13.51317002775906 0
102.5293499379593 5.523481609667265 0
120.0609501806628 10.78618389029063 0
125.0378498205369 10.92191272021728 0
19.81858253603217 0.9444203597461431 0
-11.15284986426899 1.813202714323708 0
3.046850910789865 0.8911300874392951 0
3.177841691150224 1.941706383589729 0
2.454577113587681 3.663118508172557 0
2.550229249119321 6.153373453838009 0
1.81354953243584 2.179598344225559 0
0.4646473337733272 3.182356641474943 0
917.0584780009782 21.29683777533617 0
-76.50970739001305 54.74075977259416 0
-3.292392183878113 4.0282640654698 0
145.9854717145897 17.78641077959768 0
142.2650202988206 12.1913533982764 0
148.398456248998 11.32044659160268 0
154.140748752799 11.41007250474899 0
82.24604537550667 10.53297656242563 0
18.55988313034355 0.7417140116239842 0
18.16043043813811 1.164017822462669 0
17.57775416671081 1.071519980871191 0
17.87947097427028 1.939632906697405 0
0.6539274133368714 1.741675961541865 0
-0.8865597835669382 2.697771080825839 0
997.6559674364362 10.33710078854689 0
-24.99739489055064 7.191531952411076 0
-26.94039061185366 10.91075039422745 0
-31.65972918004947 11.04054264959341 0
-29.33619724275298 15.40289617809979 0
-35.16425994372707 15.82248857915896 0
-36.04368223784221 21.97517816667616 0
-32.27655352198822 28.80013739595759 0
-40.53076670919702 11.81693460986411 0
12.05170020621227 1.227116962742752 0
11.05015765840822 1.469113558330495 0
11.92202496539752 2.365872285145372 0
10.56066645780505 2.705262355010977 0
11.61381058134315 3.904683334159288 0
21.84962824579582 2.655719959773439 0
23.07271960443818 3.330141362663297 0
5.004179797231331 1.19850068874507 0
-67.82974386795388 7.035405339141819 0
977.9879757245982 9.324649419682842 0
971.2645744268034 23.62474303418313 0
1008.049760063869 27.08087146545936 0
17.52666663929785 0.5931255900893243 0
928.1450765720759 19.06427089805969 0
13.66559843991561 1.974844714381766 0
14.34756716203919 1.335056022655599 0
14.98185488445236 1.191408964617296 0
-63.85703793831095 7.254483831838524 0
940.5099821946424 17.97353212428401 0
8.674270993667529 1.174498117041027 0
16.85532246623331 1.289646012872117 0
41.44112531342017 15.26965260529844 0
38.3246806834218 11.2488095770825 0
-96.79918608461527 9.333224460883089 0
-55.79097110850805 7.184744603764172 0
-47.8854190116766 7.116393185041528 0
184.8559629586993 65.00850941785754 0
164.7270889534492 77.83665122188818 0
965.123998940373 9.377057394615983 0
-40.13718739925664 7.049401962746907 0
-21.45192134309939 111.8371959479261 0
952.2625657560661 9.564127461571548 0
-89.2768627790457 6.907775203822448 0
1.352077343844922 0.6457248973923153 0
1.786862692014785 9.566421665084617 0
16.58971371238792 0.7149404938831936 0
-32.54314559400866 6.983743863971005 0
1.490686640770046 1.254644800039028 0
2.301436114445154 1.291586365600285 0
955.5513854329685 15.73152142164895 0
-76.2508613871311 7.571994359409799 0
24.01447030186198 2.362086072361593 0
5.149241918203921 6.575010833784987 0
-11.92435341401471 5.335147448673233 0
820.8445678334166 38.30508239712709 0
799.5959177823894 45.1259008729777 0
815.8495235625925 23.94821076994545 0
814.8926634824965 8.623046224194253 0
841.481394852515 63.08206469616247 0
939.8136313657269 9.159486559429093 0
9.604745178680142 0.8656602973621053 0
24.51842305604456 3.762241609296839 0
24.93266365883466 5.665019882578397 0
921.9126170857958 68.26424526298561 0
16.9425320726719 12.47078028564716 0
21.90676368317345 10.27234975147229 0
-53.94132997707047 35.87177934533173 0
914.820290377698 8.952708987119742 0
-94.44590191147662 27.62674410671913 0
890.6680339530288 8.946856086604901 0
895.103365378461 15.58568545228928 0
927.3951256880569 9.787167112044296 0
17.28071147615381 3.212609706953051 0
867.0007346020984 8.801734968109285 0
136.4655359134581 74.09177813034154 0
-18.577435281359 9.795633939427812 0
843.9606544200534 9.628507692609462 0
840.4327066196618 17.03446674783745 0
831.757952140498 14.46857842824558 0
823.3955468183791 16.76300824264228 0
809.4278823991797 15.41942170467472 0
799.585765603409 15.89165279032996 0
793.3968205033234 9.763350707268588 0
903.2626287278358 11.18225302884931 0
879.3167204215774 9.737946062902834 0
875.5152787547895 17.76751511098232 0
820.3973439175995 9.656885654882297 0
854.7960392491324 9.721316749281158 0
858.0789981748195 17.57541159562193 0
831.9072266749171 8.146565068560822 0
809.2657543838732 8.594665761843167 0
798.6433276112494 8.541335300465873 0
789.9074504818793 17.53826896915339 0
797.7923042439639 27.67093908534999 0
784.0342292248738 29.05227416459182 0
780.8812098161552 51.07209601315544 0
764.5591817211194 34.82125372786874 0
759.680879391643 56.57357231390075 0
745.3145642380441 40.75094866289298 0
750.2364408919805 24.56809924486078 0
733.6639552898346 27.23273679147089 0
728.224581061007 9.944964886200641 0
724.9751351200971 44.98298444982198 0
715.6428288019525 28.43170983562475 0
748.6652510608631 7.740707722458163 0
770.8007140617226 20.74054568810276 0
771.0692453879578 10.61281494280046 0
736.8748769360227 59.70322989595887 0
752.653943134253 81.64767814478137 0
703.992433338342 45.32941632393687 0
698.9272972135793 29.90794460646301 0
673.7287449675648 41.78882436299827 0
704.5432562198538 17.18733897259205 0
708.3233395111193 9.202920197504099 0
694.5650423639602 20.33083133120865 0
682.6403283850468 9.01419925243319 0
724.7124204680669 17.3744294723211 0
740.4523602203922 18.61115434878666 0
684.8249777592605 26.88812165559145 0
733.2837890999323 15.32596117667124 0
692.3368552762208 8.378633837948975 0
687.573972007723 14.74983757079297 0
679.0818635466997 15.77921171218957 0
667.3998982669807 8.0811868969773 0
669.9596348269538 13.76393446992186 0
658.1519419391868 8.658653814667954 0
662.3290956876524 12.61007452528435 0
655.4894409965464 15.06585623162763 0
661.1189246574675 21.18454334416557 0
649.9636364366233 24.16563575791195 0
671.1395020845316 25.5975871285323 0
659.070407952833 33.59865709489318 0
642.4163229072461 38.01252502526336 0
654.6676753948736 51.20549864093296 0
632.3030447645056 54.40237746233979 0
624.0071364650328 37.02695320789794 0
634.6335916546745 24.78104675381808 0
638.0765319599374 7.328083166251237 0
619.9351396539992 23.3911010059803 0
606.7072799399332 31.27607156789587 0
610.8734468270499 9.472448963077243 0
609.9561377578955 50.51250158245605 0
591.525869111861 42.94287267267757 0
590.1258292812225 25.09062674394653 0
575.4838699304802 34.08871282812737 0
588.2232567643318 9.070794481154934 0
574.4530800535383 49.76947120723082 0
556.8074208153548 40.85322919750727 0
559.8203511563116 68.39576140280352 0
535.4736317726878 49.22684738839727 0
542.1605112586897 30.87193835682869 0
518.7412626886737 38.1198444956233 0
521.6635880025534 23.60861269582424 0
509.0219235011028 27.82424535710321 0
526.09710169098 8.603094881710909 0
556.0255021449881 24.24906282963656 0
569.0433431195149 21.32637137937313 0
565.75151192892 8.192451800890675 0
544.2362729572959 18.81262791379508 0
547.8452465479952 7.105196875105836 0
601.1240912167464 19.07091496235998 0
512.9194159355645 17.94890058871857 0
506.3918682071365 7.72485222906338 0
502.4405702838617 18.5413043535192 0
497.5495309503638 27.1878583647771 0
489.9940204135049 18.97732430006269 0
481.5285250167072 7.558243930087238 0
485.0420689557395 30.28880979221177 0
476.5602194589097 18.95791347639357 0
472.3256668735844 29.50998953563925 0
463.7240566158508 20.90486632437751 0
458.6834175237161 33.19795008312425 0
449.8761735437255 22.20123662485294 0
445.3306896774216 32.6963228447062 0
446.9073072635394 7.029622911871865 0
466.1295896978731 7.112857852879607 0
435.6432878084826 22.63620664055926 0
430.4504999308911 36.51123978229899 0
421.1948232553056 24.8205535549856 0
406.1301074632983 7.185286405220653 0
416.2559150945735 36.0992549853317 0
408.2334094885369 26.30913713588413 0
401.8630268942369 38.03489904903128 0
387.7553142183899 26.24929612117352 0
385.3317984067636 7.094283694069834 0
421.3153019223361 52.09666081427823 0
451.268010962702 48.22259281630197 0
382.6099876321027 41.04040280391504 0
374.5957792413718 27.45477086613063 0
365.0732399877059 7.520108756431179 0
380.5972696434225 18.55138314523117 0
368.0478437702537 18.71857724234229 0
361.6700680580951 27.51194105337133 0
357.7016154930499 17.18018470391055 0
350.8720643114232 26.03758863151148 0
344.7116974286259 6.90517129993824 0
427.2965116075241 15.90615842439373 0
424.3563723129905 6.649565740519032 0
347.5404734297573 16.16187033284846 0
340.7051177267002 23.90115181698437 0
325.2241281884485 6.937386110818466 0
342.0063313908017 33.28250863174613 0
330.6622889483144 31.06545280464138 0
337.4861530499561 47.37245617055391 0
318.4252344475694 40.99397598629611 0
311.9292495344006 30.04042011727291 0
301.7514975237047 36.14339644643508 0
306.2046446650289 6.420362516497741 0
295.685797311939 23.70525417919872 0
286.7219388768086 33.30360537499499 0
287.9335547118754 6.341246357213443 0
288.5241132505499 49.69777576065776 0
273.2100312005647 40.40037404503477 0
270.7811833507545 24.63327610704348 0
258.9149542417744 32.94479247709501 0
252.7175129615723 5.87994769020609 0
270.4469968057035 6.543696867830212 0
258.9790817146336 19.77295086908044 0
248.5304551661879 25.79403289509837 0
236.5218135194388 6.14554744433663 0
285.2958351259034 21.55382357900504 0
326.9739703603798 18.34108919953134 0
255.9999396367986 48.32105662194026 0
249.6590242159089 15.5732563609694 0
240.1531131254121 18.89539746918271 0
237.8677621476758 30.26924902143708 0
230.0333141212765 22.80392361827456 0
220.2493631215463 5.802511564376457 0
225.296810594496 33.50837543364649 0
308.3232040870957 15.35931334451781 0
392.6454340766117 17.31647000258543 0
267.0215092388986 16.19858173438163 0
232.3932970987081 14.22905158820127 0
223.4079648285411 14.78747028440508 0
292.590990999384 15.26658067822561 0
394.5997251412248 56.32807000594912 0
338.7056949583394 15.03208815615602 0
413.4151482437212 17.10115293459696 0
402.0111389691202 16.06499734477278 0
407.9828436431563 78.73974801133946 0
218.9579019351237 23.81926871575122 0
214.6004211123789 15.43208144734093 0
441.8494601709215 15.79427683606385 0
256.5832330905411 12.05380537665097 0
512.8317600300068 63.35483684873051 0
239.2728159460235 11.87332490097164 0
500.1014852475155 41.18388629721703 0
332.2336076009844 13.33507035096865 0
616.5301919320214 76.51110685382278 0
551.3022510382257 102.0327028716396 0
593.1503168904443 13.96642248003412 0
584.8052799759546 14.96679413315067 0
272.6451915213061 61.55312747940719 0
294.7771660200826 71.36805544890447 0
590.8292875537547 65.04330966628267 0
456.0543201636811 15.84966270682644 0
244.0117289264311 12.96151779362934 0
553.0992846271228 14.84862016512509 0
542.0716074972891 12.17231709851231 0
520.8600290549788 13.30404140018707 0
528.2702026399563 14.9030955733015 0
642.4058503753739 17.66614050491975 0
218.4280066087666 11.904043759288 0
469.1899890098929 15.50268317661651 0
610.9517868161718 17.48789378517277 0
626.8234910167778 15.26546448861651 0
367.2430962482652 40.88759618426631 0
285.9248440611142 14.19973294700937 0
279.3232856254645 14.57829547985525 0
374.01428204482 14.99565578542319 0
236.543407756388 46.50767092600533 0
510.1424342110819 12.19362381438196 0
319.5837951136384 62.66235513425588 0
776.2250697347226 8.377186344693989 0
779.4121008909945 14.76269181854694 0
764.2809717187263 14.28818776854466 0
16.22619445090574 1.182663173530635 0
786.2993221194962 9.571055961184101 0
765.2515968048923 8.404236694303515 0
744.0411529622185 8.24632753975976 0
754.5210827731889 8.357810703305443 0
756.4464018951612 15.26412964162797 0
761.264742057742 21.93644321420098 0
733.5075770617135 8.659412852962324 0
634.1854310869293 7.213597991741949 0
635.9851271714642 13.20065939476152 0
619.1237940419597 7.487032815978742 0
596.4788770146833 8.261445218763741 0
713.0632367524395 7.843006654209615 0
715.2196772055235 13.69778369936098 0
687.3345844106807 8.067125562112995 0
721.896139856403 9.356827663587881 0
702.1822075893904 8.719532407921729 0
676.3991383939813 8.918655308835749 0
574.1195274874541 7.668747234526302 0
576.7002959414898 13.20595323389334 0
569.7455992411808 12.00045904539084 0
561.6790908272767 13.83973893307078 0
662.6310682123793 7.36998304738592 0
27.89828996413668 3.850643036322998 0
522.2467257701574 7.351157847517896 0
642.8190653048165 9.703717438607189 0
652.6879247070058 8.909274841768902 0
615.1743019514015 7.698138969533884 0
605.1112521706934 12.51145280682635 0
617.3591198823285 13.23140594773575 0
629.8228685440288 8.688174717804403 0
605.8288168901354 7.7144874914343 0
501.3477637950962 7.760408909450545 0
592.3518681262744 7.729899457489164 0
489.8413752184916 7.215532861033937 0
227.671963373293 10.95961278676135 0
569.8111461157907 7.558655556885022 0
462.2464959246618 7.096043552293956 0
463.6803593247874 12.71062079542391 0
442.7430408516668 6.551380743937987 0
582.3770681839062 8.641228042498607 0
551.6317441276626 8.575564442961063 0
561.3098296056954 7.654546768676699 0
432.2455726237811 6.560417967857425 0
434.0302200627534 11.71023101893471 0
413.5124250218285 6.780078728864289 0
391.8041072429565 7.364389889810669 0
402.6926273519677 6.838167720086988 0
531.2471074418006 8.735849853356648 0
363.1252155393582 11.87314907810533 0
510.1532993561618 7.300543437986098 0
518.2692728902971 7.988572680457294 0
486.159072969386 7.8771970648209 0
483.7003269422689 13.01554088026373 0
477.8128143448466 11.4140471896079 0
-62.89584163692966 54.84864265254106 0
381.4237698302221 7.24704011595742 0
383.4419099919735 11.74771530914652 0
388.5274846528972 10.68205174139501 0
393.7913498571325 11.90804236003151 0
399.4015789081059 10.23039258159549 0
497.3187392718055 7.021898876908913 0
496.2658391696133 12.07192769545939 0
477.8758675707621 7.047181859510065 0
360.9519181148581 7.318429877479733 0
368.8931016710164 10.94461183576751 0
371.1296219708541 6.994039622947718 0
470.4241911141886 6.60198036675051 0
350.806928365606 6.984609186387869 0
352.683688086057 11.32702620867206 0
357.8004355834808 10.21447209240574 0
347.7207048935189 10.31203630555673 0
331.7650442336339 7.903962093337763 0
341.5450286065259 6.281984645672752 0
342.0566024170546 10.29644077712949 0
450.7133196578516 7.043373888772682 0
448.9474004010019 12.51835721444882 0
321.624271720853 6.864118848925735 0
323.2819634018155 11.80193771101946 0
319.6399924462978 16.66621956736311 0
314.329793576483 13.08137829323788 0
318.6867898165079 10.02267758642201 0
310.3104825052119 9.204448749356096 0
458.0762696558699 6.485908715094446 0
439.6531271608908 6.453023158785853 0
420.9449655448009 7.449433908333582 0
418.3514784816657 12.29050927066805 0
399.1866824179754 6.594624616977081 0
302.8655196651112 6.701769967502459 0
304.9758092920137 10.40200599769962 0
300.4534191332061 9.171821162803635 0
428.3062100698394 8.602068707955187 0
410.2104639631855 7.44564710133217 0
408.1938846760693 11.78165502452817 0
284.6431636678175 5.999759686349377 0
294.3175150179308 6.099705639183067 0
275.9476071205347 6.37101684719997 0
388.5469231485459 6.528145065055103 0
368.1492978214032 6.591752043029281 0
267.6392392058942 5.995662202658527 0
268.665921785356 9.828243087457015 0
273.1304386854575 9.34482805366232 0
263.3620984840489 11.64474239857343 0
378.1974473762232 6.551987994893972 0
250.1818739140437 6.177776773402555 0
252.1429885697037 9.286271304605618 0
357.7587730294881 6.395998191902461 0
338.179911757421 6.713087479590209 0
347.7392695551189 6.340363358376568 0
233.3801240724753 6.372653983069606 0
235.111679000015 9.340993105703594 0
239.1434486357985 7.987684605863562 0
231.2127389635554 8.994522430978172 0
224.5070320787401 8.866009763282433 0
328.2418893579978 6.642327230610054 0
258.9758460601012 6.035577449752874 0
209.3916928758795 6.294761712277836 0
210.9327729603629 10.14444431788009 0
206.8459251094796 14.59012165860566 0
206.9654504113362 8.9092864451318 0
202.7406072890168 9.572776911291607 0
199.6899171980687 6.580227528910699 0
197.9647388945166 9.950060425909371 0
217.7162093177973 7.08692009701466 0
214.8155581316732 9.475869703348598 0
290.9407040265683 6.352111078161577 0
318.62202721041 6.426871162467028 0
300.1360013481381 6.010211134945768 0
281.96428814744 6.313274255039517 0
191.5489499984055 5.995970886837332 0
193.2146068394286 9.021930285170612 0
195.3029106953636 14.2456474931785 0
188.3233693664279 12.86618542215567 0
191.876097578574 20.76586582798038 0
181.6189402555122 11.39884084230689 0
181.8434258445896 6.870135558285076 0
176.0069741526125 15.91230795575663 0
170.4622654357324 12.48742246399672 0
189.0717536172333 8.13109792251208 0
175.9944531365234 10.2578341547803 0
165.907831964326 10.66373419040336 0
174.2619501450751 6.505594095634813 0
171.802583247723 8.48104792414401 0
179.1721971335575 8.291987848702249 0
141.471455884712 5.707046857707087 0
158.4377117084454 10.03341206794734 0
273.1218463314247 6.275017081801029 0
256.0247928330778 7.195074682124314 0
148.3666416532292 6.710905008018703 0
265.0154504987329 6.972734472575647 0
247.4826924776278 5.932794196515228 0
230.8502992574641 6.092127479955269 0
214.9118951497569 6.065556458014676 0
222.760672524794 6.276105303818093 0
225.2075303703778 5.922962141855694 0
126.144131105372 5.4413989681287 0
206.9715874994162 5.988815243250641 0
111.0114457323728 5.302349926513522 0
202.1260785375052 6.003821727814217 0
189.1399740072987 5.65666016259722 0
0.9377266527002048 0.9610242339613126 0
0.4182980202447134 0.9364201152443667 0
184.4698994677198 5.872202834359165 0
185.36116670489 8.547461708942292 0
171.9126136034462 5.718795200254846 0
72.41517603840329 5.634018328544062 0
73.50822885275346 7.875340540964981 0
70.46066264774359 7.844106637057525 0
71.70954948863016 10.73183877126173 0
76.42180805333314 7.587748217730359 0
70.60398265607949 5.309953747973482 0
37.97285823340828 5.105664431084543 0
38.63459534493966 7.343650764551935 0
41.39857742832244 6.994763861284238 0
44.25021471761556 7.824250604778152 0
47.0237979725703 8.380566108178064 0
35.33359172019536 9.229558604212032 0
48.9203005412729 6.838043361601401 0
49.71370837693631 9.96897342729962 0
53.30729359120071 8.514165646906404 0
55.74744420038313 5.170733361302923 0
53.05279042898064 13.28376377610063 0
57.21505855883221 10.95389295418029 0
61.45466767659327 10.09405295647692 0
45.13827682444919 11.70573117343779 0
196.3633557547772 6.45179712972393 0
167.4090232055747 5.75906058918053 0
179.2121883766661 5.868713068070105 0
162.1179220702503 5.811111374631782 0
145.7878821541335 5.723367363230395 0
145.0833339216451 8.402284437777951 0
157.5840469527304 6.246749921844502 0
152.9419536868029 5.755053787472416 0
134.6630556319747 5.968730055322819 0
135.7422475274931 8.743045173706861 0
129.9989529120711 8.81432165838541 0
139.3638165699341 8.442533415420563 0
137.1955091462669 12.44890823742019 0
139.2817610017431 5.51071981405478 0
130.2665645838392 5.584874883998437 0
119.4758150644281 6.483679201174626 0
115.0872637062045 5.591273920937301 0
100.6076191697188 5.958683004992238 0
99.48247067791742 8.317210417936478 0
96.44508298541203 8.463180456777126 0
102.4282064575801 8.563501702336877 0
99.24138603941653 12.02896402743255 0
92.32541105547584 8.496173754897612 0
88.30297745785451 8.37012445632385 0
84.20774293703195 5.7272249914218 0
84.87922071667164 8.636433190006191 0
80.08119824373594 7.524114786750479 0
68.83952464602689 5.713461281791961 0
67.82987432098751 7.713886086608608 0
64.95478758297232 7.974603072090629 0
123.7062595760681 5.62856436349357 0
108.8317948846724 6.40006518568928 0
104.553716665645 5.545700086815619 0
96.3238521705735 5.505675048371351 0
208.4276784488522 22.64090609014344 0
44.693989638021 5.335414139390096 0
88.31784784998847 5.489898114603638 0
80.27824566918952 5.225918405884818 0
92.33362790826924 5.531365446597828 0
64.96297596016045 5.374409129383038 0
76.45989966654493 5.269245116493925 0
41.30559101742066 5.09328017715894 0
57.4330361978863 5.542376583884009 0
58.94184497555312 7.846215743261665 0
61.40439062490707 5.133875521085671 0
54.15578620303198 5.745960024205864 0
35.93428861824971 5.932426467572173 0
777.9195042910359 74.54643389793767 0
32.57080017401682 5.234252172501341 0
15.85577534667462 0.4980976453219522 0
882.0890888183699 85.22850936371309 0
-50.44244605110146 47.22237292093266 0
10.92996684871102 0.7226831984617471 0
438.105018428891 75.58303002879045 0
466.9650824783625 67.93704061422251 0
122.6114488730767 8.204837860832093 0
971.366506518347 44.08623505233208 0
0.4244469830898411 0.456943297570529 0
1.004729376019103 0.5103623347340923 0
105.9212740878149 8.234162132592404 0
984.4627352146039 8.937209440927198 0
578.8079266319153 21.59256720141526 0
15.34838148760717 8.354405700929755 0
15.79215239741228 0.8476602035712701 0
15.30998196552047 0.8121494211578421 0
14.76280233240382 0.7573145748924303 0
14.20924940504018 0.7879736643155528 0
13.59400622442536 1.178926638642686 0
13.99577628285953 0.5059734739689895 0
295.2980567054047 9.783605845012975 0
-45.86486552919571 11.50531522978098 0
689.446634719388 40.59939477646475 0
14.23084436992669 0.4077598707827011 0
-85.13917634574616 34.82176393715188 0
216.9231518248135 47.46674370598677 0
21.9504845537252 1.707253695648707 0
206.0844802687923 67.29524879675111 0
226.0130753311424 93.4914754607811 0
-0.6587477785972744 0.4662425051561968 0
-0.5739916030246754 0.8121671236818855 0
-0.1616559315228165 0.6318653491743168 0
-0.1250196491933543 1.122151151137571 0
-80.58705977502117 7.324433285728757 0
967.9144689736195 15.90318958655253 0
151.7734367841597 8.501829748376132 0
289.3974589993133 103.747736927078 0
11.94979938644506 0.5941006704061436 0
961.9675998691184 112.7899202304736 0
321.0801181388457 26.29275467533468 0
-2.279552779987818 1.592284749765007 0
14.82759497098943 0.4397338673730343 0
535.7566891601472 77.12962876207689 0
27.00023833009018 5.951754077059163 0
25.30967391221023 8.211461494814447 0
474.7922892464338 44.24129208002184 0
15.33222936225821 0.4596461427810373 0
300.3829809364133 15.50384954003157 0
116.1437323367072 8.138222628377244 0
112.5300288162267 7.570363968972143 0
1001.272614866934 29.58734904674679 0
-0.02579247447470316 7.043034920525791 0
8.01620391236381 6.326068015342345 0
19.07499783687945 1.767701043878076 0
9.860732573526676 4.313489193068211 0
503.7436631393411 11.93075348311176 0
-9.120236187087746 20.04527134815718 0
489.1795488137316 89.42141881666295 0
41.71788646555197 10.25947588729396 0
9.932328415195592 1.70273424157747 0
-51.72959104611278 11.28798064635163 0
283.7086132429336 9.674474924982452 0
21.45911384042061 16.31213539222186 0
710.380960541984 68.26573629890215 0
273.315175992027 15.21293119821099 0
564.3400340025844 30.12934405866108 0
98.10062357585284 19.19050862031164 0
278.0138035450638 9.638925551068512 0
8.076884044171663 4.069755788589507 0
12.77832236291227 7.390523987549463 0
336.2952352766563 10.36771805704164 0
13.36587750563269 0.7063393817230865 0
-36.07063481348759 10.29800850074508 0
248.5329371200447 72.71136635032168 0
696.4293689814253 12.77104788396228 0
-24.42621056359899 15.53609196465329 0
-22.5779774327512 10.82159191754014 0
28.27005460701733 7.963329577303675 0
-61.8038164073665 10.9124494887982 0
398.5016647293791 24.79495993068943 0
626.0164359054575 111.6319396465679 0
123.1356200503443 21.41311895560246 0
115.6054903787515 66.73991848635707 0
985.1639168529339 40.41810871128884 0
995.0615947944274 45.29400258435371 0
259.8070029180395 9.29996135347923 0
690.294406386384 90.55915726506748 0
151.5714669054757 23.54786927979158 0
352.7029008700028 38.86919641240142 0
304.612361271109 52.17311175530986 0
539.3122449834757 8.060855298970047 0
536.2210129016788 13.46015132280695 0
18.72636929980307 1.249364214049241 0
33.38476900645837 7.098851641801392 0
645.2597813704971 76.0505003236062 0
-1.920542239976737 0.5912427284469348 0
309.5080978639442 5.887378310007886 0
23.11378222866772 4.98909672999242 0
22.85540646773583 7.008158509789476 0
20.66356240094728 7.378469164542654 0
948.4695256353513 16.10292312752167 0
825.198084759567 84.1122645821296 0
34.27303608492457 87.94536450084084 0
51.96897857366913 66.54636801978498 0
161.6637290533098 8.708288046402455 0
93.2719859864921 88.610996450222 0
424.9325299154959 112.569125752061 0
-73.62931220319531 19.82277913726026 0
68.39470468433863 11.20520819000052 0
71.84317968157779 15.10680128219721 0
289.4064226140752 10.20069243549809 0
13.74687774623639 0.7377362611275322 0
747.1003058059943 13.91997389452231 0
807.9311427979213 32.57062108107587 0
241.5834668379907 6.029586479356858 0
356.6672151128005 90.90061175529522 0
543.9672352604914 8.016232630116932 0
938.7855922962874 89.80023704133978 0
-0.1534050731397992 2.128554895880882 0
911.6851465174547 14.55349892012995 0
75.01635381774767 10.84477505967098 0
50.99293709681283 19.39871424843989 0
55.59902863918148 24.15384588295107 0
312.0792954584679 6.106575192320047 0
0.8028750573597717 5.143574025814861 0
991.4467441850229 14.90935420115967 0
2.408096759144371 0.6880871770278726 0
50.14711714253975 5.337018484189763 0
200.7768041051741 13.93413911323675 0
28.38806451977651 1.727588250534915 0
313.4426578014954 21.0464085950815 0
-3.030555120350675 6.154474184125829 0
-10.36348129065939 63.91098899913062 0
921.4001052101249 117.8623960757992 0
-70.29047548839657 46.06928026085607 0
799.6314134561374 68.22937885657348 0
599.4223528563743 12.30163396509795 0
-67.01868992967404 90.95192396894234 0
-58.44774287197547 115.9258416493352 0
-18.08656358288263 6.452065272876579 0
122.6729991419914 15.01339983129661 0
0.1562135135638356 0.6953944476908352 0
4.271114574559424 1.955194442342986 0
43.94410194727489 47.60484952401911 0
534.2012206588919 22.38259747590338 0
21.69345633507614 3.94521952416388 0
849.2195241304431 14.70009326582509 0
100.770875932377 42.50660419410641 0
648.4964574260165 14.35419189311398 0
806.033870823689 23.32608105818611 0
489.9215728483267 11.16724403209014 0
5.19708113916675 28.51576432739433 0
866.7885029832412 14.91512852912648 0
239.0706553595675 5.532563705911411 0
547.1283311848962 12.40667957588006 0
9.722776360174921 9.389225898653635 0
-1.658687993490371 12.59715221137706 0
78.44899368002039 10.02389160753174 0
277.3579771352535 21.30366749808689 0
386.5934825166589 16.90938326390633 0
-3.079428234340904 0.7429151867328874 0
376.1286211894295 74.9624092741046 0
272.8526577433658 83.52245153427752 0
-89.06137225900233 30.09191963173856 0
247.571303789765 36.76736038831521 0
327.95343385721 10.82696211604762 0
50.94279118785005 7.10376446623509 0
168.3610135472185 8.360617234956507 0
-6.661398191302069 1.297448651433895 0
333.8561359189437 20.33497046565635 0
-97.15644209418005 6.299142846112825 0
62.26149660643205 44.92697639191281 0
76.86118990773257 59.9479916415167 0
151.9716028879077 115.4139518032933 0
-40.90369258763217 26.23685215584451 0
420.8302309580027 16.40129639772515 0
893.6777701616661 25.6150087295336 0
413.4281871079379 10.47258015264714 0
27.79120840553436 2.554486376521071 0
961.9268455968252 14.65730219107266 0
30.03287940556511 13.9034422289814 0
885.8904799351192 16.16799261677575 0
140.350893608379 51.58722427807965 0
88.60273118932042 44.57539192720532 0
111.5999245345968 47.97407434097281 0
170.1764343839823 56.2918176943536 0
-41.02478451304859 36.75962678925793 0
403.6858674737123 10.42009981524082 0
529.8267663750441 32.01578288550451 0
981.4906342200743 89.79965029207953 0
12.65120591734152 5.175038730075594 0
125.9604943783329 7.492148300550628 0
142.2034452138898 8.314299549649363 0
161.2640021796918 18.87585924209227 0
375.5042244744997 54.26831321423889 0
60.83358072355635 13.85532984022962 0
62.0219472563813 19.21747400313454 0
423.3476281624705 11.21650540826579 0
45.08298624687914 19.81685097925006 0
-15.62673442670461 8.580024536168599 0
18.30002644763104 2.905596808117052 0
-13.06974779977943 1.881136103888284 0
515.2936565820083 11.75129625814501 0
762.0117998881002 115.6407658674073 0
-4.603993099748681 1.928560530517793 0
89.99186872513707 15.22219401108557 0
890.2694030210407 108.570158058744 0
12.77154200350662 1.833598522187179 0
-93.72085281494728 10.74926887247063 0
372.931989679745 10.11808933750065 0
441.3045351554784 10.38802736978298 0
377.8951843470031 10.84695042214527 0
816.5592498417917 15.20795705385033 0
13.54376113585545 14.39266739150513 0
33.11782464617385 42.05290219942037 0
3.854738451788618 2.998456059278446 0
48.47729007414461 5.087414337013008 0
278.0744055821185 30.54001112631969 0
15.62973421038853 2.293993566240892 0
-82.17481864273867 10.1234208515959 0
82.74055489179723 7.574305393474754 0
247.307972752324 9.245450274171271 0
151.1663735988514 16.20094887476493 0
305.302045917002 24.22343774843966 0
133.0454069709593 8.400637403221372 0
12.4291723045159 31.62500594740637 0
56.13341062114791 7.295557385623526 0
61.83114905611558 7.200796167507505 0
177.4119683659233 23.23459204512806 0
220.9100797648509 9.341549853533701 0
132.7738683982402 16.30880578911317 0
-88.7214559246726 41.20952790145125 0
242.651435579626 9.041853964184392 0
198.9819956337046 28.88026623571925 0
456.4107633642498 10.49073009484191 0
-2.848124774537727 1.234848639602372 0
374.4052677045885 20.09406897947702 0
338.7908369081575 71.35442128506011 0
668.9581444775686 69.42409689370365 0
155.0638795028764 7.899309343487188 0
471.9725584171917 11.25030363238726 0
2 4 0 40
2703
2704
2705
2706
2707
2708
2709
2710
2711
2712
2713
2714
2715
2716
2717
2718
2719
2720
2721
2722
2723
2724
2725
2726
2727
2728
2729
2730
2731
2732
2733
2734
2735
2736
2737
2738
2739
2740
2741
2742
-19.6108379198074 0.7499999846847419 0
-23.25814894616619 0.7499999846847423 0
-26.94230149533101 0.7499999846847422 0
-30.66366770896734 0.749999984684742 0
-34.42262347905 0.7499999846847422 0
-38.21954849842777 0.749999984684742 0
-42.05482630008554 0.749999984684742 0
-45.92884427781397 0.7499999846847419 0
-49.84199374553916 0.749999984684742 0
-53.79466997884192 0.7499999846847422 0
-57.78727223817417 0.749999984684742 0
-61.820203811617 0.749999984684742 0
-65.8938720650049 0.749999984684742 0
-70.00868848650846 0.749999984684742 0
-74.16506871323423 0.749999984684742 0
-78.36343257713838 0.749999984684742 0
-82.60420415867605 0.749999984684742 0
-86.88781181580124 0.749999984684742 0
-91.21468823266611 0.749999984684742 0
-95.58527046937866 0.7499999846847422 0
-19.6108379198074 1.749999985925976 0
-23.25814894616619 1.749999985925977 0
-26.94230149533101 1.749999985925977 0
-30.66366770896734 1.749999985925976 0
-34.42262347905 1.749999985925976 0
-38.21954849842778 1.749999985925977 0
-42.05482630008552 1.749999985925977 0
-45.92884427781397 1.749999985925976 0
-49.84199374553916 1.749999985925976 0
-53.79466997884192 1.749999985925977 0
-57.78727223817417 1.749999985925977 0
-61.82020381161699 1.749999985925977 0
-65.8938720650049 1.749999985925977 0
-70.00868848650845 1.749999985925977 0
-74.16506871323423 1.749999985925977 0
-78.36343257713838 1.749999985925977 0
-82.60420415867605 1.749999985925976 0
-86.88781181580126 1.749999985925977 0
-91.21468823266611 1.749999985925977 0
-95.58527046937866 1.749999985925977 0
2 5 0 540
2743
2744
2745
2746
2747
2748
2749
2750
2751
2752
2753
2754
2755
2756
2757
2758
2759
2760
2761
2762
2763
2764
2765
2766
2767
2768
2769
2770
2771
2772
2773
2774
2775
2776
2777
2778
2779
2780
2781
2782
2783
2784
2785
2786
2787
2788
2789
2790
2791
2792
2793
2794
2795
2796
2797
2798
2799
2800
2801
2802
2803
2804
2805
2806
2807
2808
2809
2810
2811
2812
2813
2814
2815
2816
2817
2818
2819
2820
2821
2822
2823
2824
2825
2826
2827
2828
2829
2830
2831
2832
2833
2834
2835
2836
2837
2838
2839
2840
2841
2842
2843
2844
2845
2846
2847
2848
2849
2850
2851
2852
2853
2854
2855
2856
2857
2858
2859
2860
2861
2862
2863
2864
2865
2866
2867
2868
2869
2870
2871
2872
2873
2874
2875
2876
2877
2878
2879
2880
2881
2882
2883
2884
2885
2886
2887
2888
2889
2890
2891
2892
2893
2894
2895
2896
2897
2898
2899
2900
2901
2902
2903
2904
2905
2906
2907
2908
2909
2910
2911
2912
2913
2914
2915
2916
2917
2918
2919
2920
2921
2922
2923
2924
2925
2926
2927
2928
2929
2930
2931
2932
2933
2934
2935
2936
2937
2938
2939
2940
2941
2942
2943
2944
2945
2946
2947
2948
2949
2950
2951
2952
2953
2954
2955
2956
2957
2958
2959
2960
2961
2962
2963
2964
2965
2966
2967
2968
2969
2970
2971
2972
2973
2974
2975
2976
2977
2978
2979
2980
2981
2982
2983
2984
2985
2986
2987
2988
2989
2990
2991
2992
2993
2994
2995
2996
2997
2998
2999
3000
3001
3002
3003
3004
3005
3006
3007
3008
3009
3010
3011
3012
3013
3014
3015
3016
3017
3018
3019
3020
3021
3022
3023
3024
3025
3026
3027
3028
3029
3030
3031
3032
3033
3034
3035
3036
3037
3038
3039
3040
3041
3042
3043
3044
3045
3046
3047
3048
3049
3050
3051
3052
3053
3054
3055
3056
3057
3058
3059
3060
3061
3062
3063
3064
3065
3066
3067
3068
3069
3070
3071
3072
3073
3074
3075
3076
3077
3078
3079
3080
3081
3082
3083
3084
3085
3086
3087
3088
3089
3090
3091
3092
3093
3094
3095
3096
3097
3098
3099
3100
3101
3102
3103
3104
3105
3106
3107
3108
3109
3110
3111
3112
3113
3114
3115
3116
3117
3118
3119
3120
3121
3122
3123
3124
3125
3126
3127
3128
3129
3130
3131
3132
3133
3134
3135
3136
3137
3138
3139
3140
3141
3142
3143
3144
3145
3146
3147
3148
3149
3150
3151
3152
3153
3154
3155
3156
3157
3158
3159
3160
3161
3162
3163
3164
3165
3166
3167
3168
3169
3170
3171
3172
3173
3174
3175
3176
3177
3178
3179
3180
3181
3182
3183
3184
3185
3186
3187
3188
3189
3190
3191
3192
3193
3194
3195
3196
3197
3198
3199
3200
3201
3202
3203
3204
3205
3206
3207
3208
3209
3210
3211
3212
3213
3214
3215
3216
3217
3218
3219
3220
3221
3222
3223
3224
3225
3226
3227
3228
3229
3230
3231
3232
3233
3234
3235
3236
3237
3238
3239
3240
3241
3242
3243
3244
3245
3246
3247
3248
3249
3250
3251
3252
3253
3254
3255
3256
3257
3258
3259
3260
3261
3262
3263
3264
3265
3266
3267
3268
3269
3270
3271
3272
3273
3274
3275
3276
3277
3278
3279
3280
3281
3282
1007.377554172152 0.7500000062691615 0
1000.788220576007 0.7500000061236424 0
994.2318336475523 0.7500000059788511 0
987.708228664657 0.7500000058347839 0
981.2172417071979 0.7500000056914368 0
974.7587096858795 0.7500000055488064 0
968.3324703336274 0.750000005406889 0
961.938362161028 0.7500000052656814 0
955.5762245217002 0.7500000051251802 0
949.2458976038763 0.7500000049853811 0
942.947222312163 0.7500000048462812 0
936.6800403705861 0.7500000047078763 0
930.4441943503542 0.7500000045701641 0
924.2395275521591 0.7500000044331402 0
918.0658841086737 0.7500000042968011 0
911.9231089026158 0.750000004161144 0
905.8110475598468 0.7500000040261651 0
899.7295465145462 0.7500000038918614 0
893.6784529649472 0.750000003758229 0
887.6576149022484 0.7500000036252645 0
881.6668810293299 0.750000003492965 0
875.7061008272861 0.7500000033613272 0
869.7751245470223 0.7500000032303473 0
863.8738031288852 0.7500000031000226 0
858.001988305359 0.7500000029703493 0
852.1595325564622 0.7500000028413244 0
846.3462891026734 0.7500000027129446 0
840.5621118604372 0.7500000025852068 0
834.8068554723233 0.7500000024581076 0
829.0803753725155 0.7500000023316441 0
823.3825277064057 0.7500000022058125 0
817.7131692851557 0.7500000020806108 0
812.0721576555112 0.7500000019560341 0
806.4593510889581 0.7500000018320812 0
800.8746085398675 0.7500000017087475 0
795.3177897113753 0.7500000015860305 0
789.7887549746231 0.7500000014639273 0
784.287365399035 0.7500000013424345 0
778.8134827815431 0.7500000012215494 0
773.3669695663544 0.7500000011012682 0
767.9476889117648 0.7500000009815888 0
762.5555046827932 0.750000000862508 0
757.1902813711041 0.7500000007440223 0
751.8518841619745 0.7500000006261289 0
746.5401789270848 0.7500000005088251 0
741.2550322180861 0.750000000392108 0
735.9963112594924 0.7500000002759742 0
730.7638839056068 0.7500000001604213 0
725.5576186706246 0.7500000000454461 0
720.3773847587873 0.7499999999310456 0
715.2230520207236 0.7499999998172172 0
710.0944909473204 0.749999999703958 0
704.9915726996583 0.7499999995912653 0
699.9141690291168 0.7499999994791358 0
694.8621523816406 0.749999999367567 0
689.835395816836 0.7499999992565561 0
684.8337730028236 0.7499999991460999 0
679.8571583191735 0.7499999990361965 0
674.905426740506 0.7499999989268421 0
669.9784538303794 0.749999998818035 0
665.0761157719782 0.7499999987097717 0
660.1982893984762 0.7499999986020498 0
655.34485214995 0.7499999984948664 0
650.5156820674592 0.7499999983882191 0
645.710657823547 0.7499999982821047 0
640.9296587160447 0.749999998176521 0
636.1725646251678 0.749999998071465 0
631.4392560077804 0.7499999979669347 0
626.7296139280789 0.7499999978629271 0
622.0435200515757 0.749999997759439 0
617.3808566391258 0.749999997656469 0
612.7415065410006 0.7499999975540137 0
608.1253531910047 0.7499999974520702 0
603.532280600635 0.7499999973506368 0
598.9621733900359 0.7499999972497103 0
594.4149167451312 0.7499999971492887 0
589.8903963755351 0.7499999970493691 0
585.3884985823839 0.7499999969499492 0
580.9091102890945 0.7499999968510264 0
576.4521189619218 0.7499999967525982 0
572.0174125680419 0.7499999966546619 0
567.6048796803009 0.7499999965572156 0
563.2144094710311 0.7499999964602562 0
558.8458916331413 0.7499999963637821 0
554.4992163747498 0.74999999626779 0
550.1742744873563 0.7499999961722779 0
545.8709573030702 0.7499999960772433 0
541.5891566897358 0.749999995982684 0
537.3287650817407 0.7499999958885976 0
533.0896754381071 0.7499999957949814 0
528.8717812370004 0.7499999957018334 0
524.6749765073977 0.7499999956091511 0
520.499155823309 0.7499999955169322 0
516.3442142620295 0.7499999954251743 0
512.2100473988077 0.7499999953338752 0
508.0965513386929 0.7499999952430328 0
504.0036227476076 0.7499999951526444 0
499.9311588104397 0.7499999950627083 0
495.8790572258579 0.7499999949732217 0
491.8472161644253 0.7499999948841823 0
487.8355343006232 0.7499999947955883 0
483.8439108441717 0.7499999947074371 0
479.8722454982641 0.749999994619727 0
475.9204384545844 0.7499999945324551 0
471.9883904251145 0.7499999944456198 0
468.0760026368582 0.7499999943592185 0
464.1831767902266 0.749999994273249 0
460.3098150909553 0.7499999941877098 0
456.4558202081953 0.7499999941025982 0
452.6210953068704 0.749999994017912 0
448.8055440422229 0.7499999939336496 0
445.0090705187487 0.7499999938498079 0
441.2315793586778 0.7499999937663858 0
437.4729756602466 0.749999993683381 0
433.7331649931231 0.7499999936007906 0
430.0120533934982 0.7499999935186138 0
426.3095473228344 0.7499999934368474 0
422.625553773642 0.7499999933554903 0
418.9599801904434 0.7499999932745395 0
415.3127344661121 0.749999993193994 0
411.6837249731514 0.7499999931138506 0
408.0728605229875 0.7499999930341082 0
404.4800503976876 0.7499999929547645 0
400.9052043456978 0.7499999928758176 0
397.3482325401348 0.7499999927972654 0
393.8090455749614 0.749999992719106 0
390.2875545335905 0.7499999926413373 0
386.7836709476409 0.7499999925639577 0
383.297306792482 0.7499999924869646 0
379.8283744460573 0.7499999924103569 0
376.3767867583599 0.7499999923341316 0
372.9424570095846 0.749999992258288 0
369.5252989065428 0.7499999921828235 0
366.1252266143763 0.7499999921077362 0
362.7421546791692 0.7499999920330243 0
359.3759980972161 0.7499999919586861 0
356.0266723104564 0.7499999918847197 0
352.6940931655624 0.7499999918111228 0
349.378176909805 0.749999991737894 0
346.0788402237027 0.7499999916650313 0
342.7960002165814 0.7499999915925332 0
339.5295744225378 0.7499999915203972 0
336.2794807593152 0.7499999914486223 0
333.0456375614455 0.7499999913772061 0
329.827963575567 0.7499999913061469 0
326.6263779568782 0.7499999912354429 0
323.4408002645172 0.7499999911650925 0
320.271150458079 0.7499999910950942 0
317.1173488930543 0.7499999910254455 0
313.9793163174053 0.7499999909561452 0
310.856973903816 0.7499999908871914 0
307.7502432092102 0.7499999908185824 0
304.6590461706806 0.7499999907503162 0
301.5833051385646 0.7499999906823916 0
298.5229428353153 0.7499999906148064 0
295.4778823155054 0.7499999905475593 0
292.4480470721189 0.7499999904806482 0
289.4333610322586 0.7499999904140722 0
286.4337484430042 0.7499999903478285 0
283.4491339050294 0.7499999902819162 0
280.4794424418935 0.7499999902163332 0
277.5245994227325 0.749999990151079 0
274.5845305955925 0.7499999900861501 0
271.6591621200581 0.7499999900215463 0
268.7484204900276 0.7499999899572655 0
265.8522325671329 0.749999989893306 0
262.970525613471 0.7499999898296661 0
260.1032272143528 0.7499999897663449 0
257.2502652752787 0.7499999897033403 0
254.4115681283722 0.7499999896406503 0
251.5870644914451 0.7499999895782737 0
248.7766833913132 0.7499999895162094 0
245.980354197037 0.7499999894544551 0
243.1980066164421 0.7499999893930096 0
240.4295707661601 0.7499999893318715 0
237.6749770939689 0.7499999892710391 0
234.9341563761283 0.7499999892105109 0
232.2070397867654 0.749999989150285 0
229.4935587842805 0.7499999890903606 0
226.7936451818896 0.7499999890307355 0
224.1072311435908 0.7499999889714087 0
221.434249181261 0.7499999889123787 0
218.7746321506736 0.7499999888536436 0
216.1283132118988 0.7499999887952021 0
213.4952258624878 0.749999988737053 0
210.8753039343039 0.7499999886791947 0
208.2684816267561 0.7499999886216256 0
205.6746934298155 0.7499999885643446 0
203.0938741580369 0.7499999885073495 0
200.5259589834994 0.7499999884506395 0
197.9708833960134 0.749999988394213 0
195.4285831997297 0.749999988338069 0
192.8989945101443 0.7499999882822058 0
190.3820537507557 0.7499999882266214 0
187.8776976868647 0.7499999881713154 0
185.3858634222151 0.7499999881162857 0
182.9064883210876 0.7499999880615312 0
180.4395100819349 0.7499999880070504 0
177.9848667307762 0.749999987952842 0
175.5424965831257 0.7499999878989044 0
173.1123382772645 0.7499999878452367 0
170.694330771089 0.7499999877918375 0
168.2884133022336 0.7499999877387056 0
165.8945254220823 0.7499999876858385 0
163.5126069923162 0.7499999876332363 0
161.1425981454747 0.749999987580897 0
158.7844393554142 0.7499999875288194 0
156.4380713604281 0.749999987477002 0
154.1034351977395 0.749999987425444 0
151.7804722365431 0.7499999873741438 0
149.4691241019285 0.7499999873230996 0
147.1693327087034 0.7499999872723112 0
144.8810402584888 0.7499999872217763 0
142.604189273586 0.7499999871714943 0
140.3387225569999 0.7499999871214639 0
138.08458315322 0.7499999870716835 0
135.8417144189004 0.7499999870221521 0
133.6100600196957 0.7499999869728682 0
131.3895638907384 0.7499999869238306 0
129.1801702706354 0.7499999868750384 0
126.9818236248707 0.7499999868264899 0
124.7944686805801 0.7499999867781845 0
122.6180505333694 0.7499999867301202 0
120.4525144972838 0.7499999866822968 0
118.297806139645 0.749999986634712 0
116.1538713144348 0.7499999865873656 0
114.0206561600564 0.7499999865402555 0
111.898107096011 0.7499999864933811 0
109.786170783951 0.7499999864467409 0
107.6847941615148 0.7499999864003344 0
105.5939244030509 0.7499999863541592 0
103.5135089906095 0.7499999863082155 0
101.4434956739703 0.7499999862625012 0
99.38383239504824 0.7499999862170156 0
97.33446743244019 0.7499999861717573 0
95.29534932439574 0.7499999861267256 0
93.2664267936497 0.7499999860819188 0
91.24764885491084 0.749999986037336 0
89.23896481212414 0.7499999859929761 0
87.24032418225599 0.7499999859488381 0
85.25167673008023 0.7499999859049208 0
83.27297253862693 0.7499999858612232 0
81.30416189627644 0.7499999858177439 0
79.34519529485394 0.749999985774482 0
77.39602350050257 0.7499999857314363 0
75.45659755107803 0.7499999856886062 0
73.52686875356278 0.7499999856459901 0
71.60678860800161 0.7499999856035868 0
69.69630884243733 0.7499999855613961 0
67.79538148350797 0.7499999855194157 0
65.90395878043689 0.7499999854776456 0
64.02199320290677 0.7499999854360843 0
62.14943743858345 0.7499999853947307 0
60.28624442776985 0.7499999853535838 0
58.4323673973482 0.7499999853126429 0
56.58775974811192 0.7499999852719065 0
54.7523751265913 0.7499999852313738 0
52.92616745867812 0.7499999851910438 0
51.10909083737768 0.7499999851509154 0
49.30109959432107 0.7499999851109879 0
47.50214829706026 0.7499999850712598 0
45.71219174711725 0.7499999850317305 0
43.93118497731403 0.7499999849923984 0
42.15908324985659 0.7499999849532633 0
40.39584205369859 0.7499999849143237 0
38.64141706591086 0.7499999848755794 0
36.89576418619523 0.749999984837028 0
35.15883957141524 0.74999998479867 0
33.43059959627887 0.7499999847605033 0
31.71100081477431 0.749999984722528 0
1007.377554182438 1.750000003192907 0
1000.788220586082 1.750000003076496 0
994.2318336574198 1.750000002960667 0
987.7082286743171 1.750000002845417 0
981.217241716652 1.750000002730744 0
974.7587096951296 1.750000002616642 0
968.3324703426758 1.750000002503113 0
961.9383621698757 1.750000002390151 0
955.5762245303499 1.750000002277754 0
949.2458976123187 1.750000002165919 0
942.9472223203898 1.750000002054643 0
936.6800403785998 1.750000001943923 0
930.4441943581555 1.750000001833756 0
924.2395275597507 1.750000001724141 0
918.0658841160573 1.750000001615074 0
911.9231089097938 1.750000001506552 0
905.8110475668202 1.750000001398573 0
899.7295465213178 1.750000001291133 0
893.6784529715177 1.750000001184231 0
887.6576149086318 1.750000001077863 0
881.6668810355214 1.750000000972028 0
875.7061008332827 1.750000000866721 0
869.7751245528257 1.750000000761941 0
863.8738031344967 1.750000000657684 0
858.0019883107813 1.75000000055395 0
852.1595325616964 1.750000000450734 0
846.3462891077211 1.750000000348034 0
840.5621118653005 1.750000000245846 0
834.8068554770038 1.75000000014417 0
829.0803753770151 1.750000000043004 0
823.3825277107151 1.749999999942342 0
817.7131692892987 1.749999999842184 0
812.0721576594783 1.749999999742527 0
806.4593510927508 1.749999999643367 0
800.8746085434875 1.749999999544704 0
795.3177897148244 1.749999999446533 0
789.7887549779025 1.749999999348855 0
784.2873654021466 1.749999999251664 0
778.8134827844885 1.749999999154959 0
773.3669695691349 1.749999999058738 0
767.9476889143823 1.749999998962998 0
762.5555046852496 1.749999998867736 0
757.1902813734 1.74999999877295 0
751.8518841641124 1.749999998678639 0
746.5401789290657 1.7499999985848 0
741.2550322199114 1.749999998491429 0
735.9963112611639 1.749999998398525 0
730.7638839071265 1.749999998306087 0
725.5576186719931 1.749999998214109 0
720.3773847600065 1.749999998122592 0
715.223052021795 1.749999998031533 0
710.0944909482455 1.749999997940929 0
704.9915727004382 1.749999997850777 0
699.914169029753 1.749999997761076 0
694.8621523821345 1.749999997671825 0
689.8353958171889 1.749999997583019 0
684.8337730030371 1.749999997494658 0
679.8571583192492 1.749999997406738 0
674.9054267404451 1.749999997319258 0
669.9784538301834 1.749999997232215 0
665.0761157716479 1.749999997145607 0
660.1982893980131 1.749999997059433 0
655.3448521493561 1.749999996973689 0
650.5156820667352 1.749999996888374 0
645.7106578226945 1.749999996803486 0
640.9296587150648 1.749999996719021 0
636.172564624062 1.74999999663498 0
631.4392560065498 1.749999996551359 0
626.7296139267249 1.749999996468155 0
622.0435200500996 1.749999996385368 0
617.3808566375284 1.749999996302995 0
612.7415065392839 1.749999996221033 0
608.1253531891697 1.749999996139481 0
603.5322805986827 1.749999996058338 0
598.9621733879677 1.749999995977599 0
594.4149167429484 1.749999995897265 0
589.8903963732386 1.749999995817331 0
585.3884985799749 1.749999995737798 0
580.9091102865743 1.749999995658663 0
576.4521189592916 1.749999995579924 0
572.0174125653023 1.749999995501577 0
567.6048796774541 1.749999995423623 0
563.2144094680777 1.749999995346058 0
558.8458916300825 1.749999995268881 0
554.4992163715867 1.74999999519209 0
550.1742744840901 1.749999995115683 0
545.870957299702 1.749999995039658 0
541.5891566862663 1.749999994964013 0
537.328765078171 1.749999994888747 0
533.0896754344387 1.749999994813857 0
528.8717812332344 1.749999994739341 0
524.6749765035349 1.749999994665198 0
520.4991558193506 1.749999994591425 0
516.3442142579765 1.749999994518022 0
512.2100473946612 1.749999994444985 0
508.0965513344476 1.749999994372313 0
504.003622743264 1.749999994300005 0
499.9311588059992 1.749999994228058 0
495.8790572213215 1.749999994156472 0
491.847216159794 1.749999994085243 0
487.8355342958981 1.74999999401437 0
483.8439108393536 1.749999993943852 0
479.8722454933542 1.749999993873687 0
475.920438449584 1.749999993803871 0
471.9883904200241 1.749999993734405 0
468.0760026316792 1.749999993665287 0
464.1831767849599 1.749999993596514 0
460.3098150856019 1.749999993528085 0
456.4558202027561 1.749999993459997 0
452.6210953013465 1.749999993392251 0
448.8055440366155 1.749999993324844 0
445.0090705130586 1.749999993257773 0
441.2315793529058 1.749999993191037 0
437.4729756543937 1.749999993124635 0
433.7331649871904 1.749999993058566 0
430.0120533874867 1.749999992992827 0
426.3095473167449 1.749999992927416 0
422.6255537674755 1.749999992862332 0
418.9599801842008 1.749999992797574 0
415.3127344597944 1.749999992733139 0
411.6837249667593 1.749999992669027 0
408.072860516522 1.749999992605236 0
404.4800503911497 1.749999992541763 0
400.9052043390882 1.749999992478608 0
397.3482325334546 1.749999992415768 0
393.8090455682114 1.749999992353243 0
390.2875545267714 1.74999999229103 0
386.7836709407537 1.749999992229128 0
383.2973067855276 1.749999992167536 0
379.8283744390365 1.749999992106252 0
376.3767867512734 1.749999992045274 0
372.9424570024335 1.749999991984601 0
369.5252988993278 1.749999991924232 0
366.1252266070983 1.749999991864164 0
362.7421546718287 1.749999991804397 0
359.3759980898142 1.749999991744928 0
356.026672302994 1.749999991685757 0
352.6940931580402 1.749999991626882 0
349.3781769022235 1.749999991568301 0
346.078840216063 1.749999991510013 0
342.7960002088842 1.749999991452016 0
339.5295744147838 1.749999991394309 0
336.2794807515051 1.749999991336891 0
333.0456375535802 1.74999999127976 0
329.8279635676472 1.749999991222915 0
326.6263779489044 1.749999991166354 0
323.4408002564905 1.749999991110075 0
320.2711504499999 1.749999991054078 0
317.1173488849236 1.749999990998362 0
313.9793163092239 1.749999990942923 0
310.8569738955842 1.749999990887762 0
307.7502432009289 1.749999990832877 0
304.6590461623509 1.749999990778266 0
301.5833051301869 1.749999990723928 0
298.5229428268902 1.749999990669863 0
295.4778823070337 1.749999990616066 0
292.4480470636012 1.749999990562539 0
289.4333610236957 1.74999999050928 0
286.4337484343964 1.749999990456287 0
283.4491338963778 1.749999990403559 0
280.4794424331985 1.749999990351095 0
277.5245994139948 1.749999990298893 0
274.5845305868127 1.749999990246952 0
271.6591621112369 1.749999990195271 0
268.7484204811656 1.749999990143848 0
265.8522325582308 1.749999990092681 0
262.9705256045515 1.749999990041772 0
260.1032272053721 1.749999989991117 0
257.2502652662598 1.749999989940714 0
254.4115681193154 1.749999989890564 0
251.5870644823513 1.749999989840666 0
248.776683382183 1.749999989791015 0
245.9803541878709 1.749999989741614 0
243.1980066072405 1.749999989692459 0
240.4295707569238 1.74999998964355 0
237.6749770846986 1.749999989594886 0
234.9341563668243 1.749999989546465 0
232.2070397774284 1.749999989498286 0
229.4935587749111 1.749999989450348 0
226.7936451724883 1.749999989402649 0
224.107231134158 1.74999998935519 0
221.4342491717973 1.749999989307967 0
218.7746321411798 1.749999989260982 0
216.1283132023752 1.74999998921423 0
213.4952258529351 1.749999989167712 0
210.8753039247226 1.749999989121426 0
208.2684816171467 1.749999989075373 0
205.6746934201785 1.74999998902955 0
203.0938741483727 1.749999988983955 0
200.5259589738088 1.749999988938589 0
197.9708833862966 1.74999998889345 0
195.4285831899876 1.749999988848536 0
192.8989945003771 1.749999988803847 0
190.3820537409639 1.749999988759381 0
187.8776976770488 1.749999988715137 0
185.3858634124002 1.749999988671116 0
182.906488311225 1.749999988627313 0
180.4395100720496 1.74999998858373 0
177.9848667208687 1.749999988540365 0
175.5424965731964 1.749999988497216 0
173.1123382673139 1.749999988454284 0
170.6943307611176 1.749999988411566 0
168.2884132922419 1.749999988369062 0
165.8945254120707 1.74999998832677 0
163.5126069822851 1.74999998828469 0
161.1425981354247 1.74999998824282 0
158.7844393453457 1.749999988201159 0
156.4380713503417 1.749999988159707 0
154.1034351876353 1.749999988118462 0
151.7804722264217 1.749999988077422 0
149.4691240917903 1.749999988036589 0
147.1693326985488 1.74999998799596 0
144.8810402483182 1.749999987955533 0
142.6041892633999 1.749999987915309 0
140.3387225467986 1.749999987875286 0
138.0845831430041 1.749999987835463 0
135.8417144086701 1.749999987795839 0
133.6100600094516 1.749999987756413 0
131.3895638804807 1.749999987717185 0
129.1801702603644 1.749999987678152 0
126.981823614587 1.749999987639315 0
124.794468670284 1.749999987600672 0
122.6180505230613 1.749999987562222 0
120.4525144869641 1.749999987523965 0
118.297806129314 1.749999987485898 0
116.1538713040929 1.749999987448022 0
114.0206561497041 1.749999987410336 0
111.8981070856485 1.749999987372837 0
109.7861707735788 1.749999987335527 0
107.6847941511331 1.749999987298402 0
105.5939243926602 1.749999987261464 0
103.51350898021 1.74999998722471 0
101.4434956635625 1.74999998718814 0
99.3838323846324 1.749999987151752 0
97.33446742201662 1.749999987115547 0
95.29534931396479 1.749999987079523 0
93.26642678321176 1.749999987043679 0
91.2476488444662 1.749999987008014 0
89.23896480167312 1.749999986972528 0
87.24032417179887 1.749999986937218 0
85.25167671961756 1.749999986902086 0
83.27297252815887 1.749999986867128 0
81.30416188580331 1.749999986832346 0
79.34519528437608 1.749999986797739 0
77.39602349002021 1.749999986763303 0
75.45659754059156 1.749999986729039 0
73.52686874307253 1.749999986694948 0
71.60678859750783 1.749999986661027 0
69.69630883194026 1.749999986627275 0
67.79538147300795 1.749999986593692 0
65.90395876993426 1.749999986560277 0
64.02199319240177 1.749999986527029 0
62.14943742807593 1.749999986493948 0
60.28624441726029 1.749999986461031 0
58.43236738683709 1.74999998642828 0
56.58775973759968 1.749999986395692 0
54.75237511607806 1.749999986363267 0
52.92616744816421 1.749999986331004 0
51.10909082686337 1.749999986298902 0
49.30109958380659 1.749999986266961 0
47.50214828654585 1.74999998623518 0
45.71219173660321 1.749999986203558 0
43.93118496680059 1.749999986172093 0
42.15908323934402 1.749999986140786 0
40.39584204318713 1.749999986109636 0
38.64141705540079 1.749999986078641 0
36.8957641756869 1.749999986047801 0
35.15883956090876 1.749999986017116 0
33.43059958577447 1.749999985986584 0
31.7110008042722 1.749999985956205 0
$EndNodes
$Elements
22 4840 1 4840
1 1 1 21
1 1 26 
2 26 27 
3 27 28 
4 28 29 
5 29 30 
6 30 31 
7 31 32 
8 32 33 
9 33 34 
10 34 35 
11 35 36 
12 36 37 
13 37 38 
14 38 39 
15 39 40 
16 40 41 
17 41 42 
18 42 43 
19 43 44 
20 44 45 
21 45 18 
1 2 1 10
22 2 46 
23 46 47 
24 47 48 
25 48 49 
26 49 50 
27 50 51 
28 51 52 
29 52 53 
30 53 54 
31 54 15 
1 3 1 12
32 3 55 
33 55 56 
34 56 57 
35 57 58 
36 58 59 
37 59 60 
38 60 61 
39 61 62 
40 62 63 
41 63 64 
42 64 65 
43 65 16 
1 4 1 8
44 4 66 
45 66 67 
46 67 68 
47 68 69 
48 69 70 
49 70 71 
50 71 72 
51 72 17 
1 5 1 26
52 5 73 
53 73 74 
54 74 75 
55 75 76 
56 76 77 
57 77 78 
58 78 79 
59 79 80 
60 80 81 
61 81 82 
62 82 83 
63 83 84 
64 84 85 
65 85 86 
66 86 87 
67 87 88 
68 88 89 
69 89 90 
70 90 91 
71 91 92 
72 92 93 
73 93 94 
74 94 95 
75 95 96 
76 96 97 
77 97 20 
1 6 1 1
78 6 7 
1 7 1 3
79 7 98 
80 98 99 
81 99 25 
1 8 1 17
82 8 100 
83 100 101 
84 101 102 
85 102 103 
86 103 104 
87 104 105 
88 105 106 
89 106 107 
90 107 108 
91 108 109 
92 109 110 
93 110 111 
94 111 112 
95 112 113 
96 113 114 
97 114 115 
98 115 9 
1 9 1 11
99 9 116 
100 116 117 
101 117 118 
102 118 119 
103 119 120 
104 120 121 
105 121 122 
106 122 123 
107 123 124 
108 124 125 
109 125 22 
1 11 1 1
110 10 1 
1 15 1 8
111 15 193 
112 193 194 
113 194 195 
114 195 196 
115 196 197 
116 197 198 
117 198 199 
118 199 3 
1 16 1 15
119 16 200 
120 200 201 
121 201 202 
122 202 203 
123 203 204 
124 204 205 
125 205 206 
126 206 207 
127 207 208 
128 208 209 
129 209 210 
130 210 211 
131 211 212 
132 212 213 
133 213 4 
1 17 1 10
134 17 214 
135 214 215 
136 215 216 
137 216 217 
138 217 218 
139 218 219 
140 219 220 
141 220 221 
142 221 222 
143 222 5 
1 20 1 15
144 18 251 
145 251 252 
146 252 253 
147 253 254 
148 254 255 
149 255 256 
150 256 257 
151 257 258 
152 258 259 
153 259 260 
154 260 261 
155 261 262 
156 262 263 
157 263 264 
158 264 2 
1 21 1 271
159 20 265 
160 265 266 
161 266 267 
162 267 268 
163 268 269 
164 269 270 
165 270 271 
166 271 272 
167 272 273 
168 273 274 
169 274 275 
170 275 276 
171 276 277 
172 277 278 
173 278 279 
174 279 280 
175 280 281 
176 281 282 
177 282 283 
178 283 284 
179 284 285 
180 285 286 
181 286 287 
182 287 288 
183 288 289 
184 289 290 
185 290 291 
186 291 292 
187 292 293 
188 293 294 
189 294 295 
190 295 296 
191 296 297 
192 297 298 
193 298 299 
194 299 300 
195 300 301 
196 301 302 
197 302 303 
198 303 304 
199 304 305 
200 305 306 
201 306 307 
202 307 308 
203 308 309 
204 309 310 
205 310 311 
206 311 312 
207 312 313 
208 313 314 
209 314 315 
210 315 316 
211 316 317 
212 317 318 
213 318 319 
214 319 320 
215 320 321 
216 321 322 
217 322 323 
218 323 324 
219 324 325 
220 325 326 
221 326 327 
222 327 328 
223 328 329 
224 329 330 
225 330 331 
226 331 332 
227 332 333 
228 333 334 
229 334 335 
230 335 336 
231 336 337 
232 337 338 
233 338 339 
234 339 340 
235 340 341 
236 341 342 
237 342 343 
238 343 344 
239 344 345 
240 345 346 
241 346 347 
242 347 348 
243 348 349 
244 349 350 
245 350 351 
246 351 352 
247 352 353 
248 353 354 
249 354 355 
250 355 356 
251 356 357 
252 357 358 
253 358 359 
254 359 360 
255 360 361 
256 361 362 
257 362 363 
258 363 364 
259 364 365 
260 365 366 
261 366 367 
262 367 368 
263 368 369 
264 369 370 
265 370 371 
266 371 372 
267 372 373 
268 373 374 
269 374 375 
270 375 376 
271 376 377 
272 377 378 
273 378 379 
274 379 380 
275 380 381 
276 381 382 
277 382 383 
278 383 384 
279 384 385 
280 385 386 
281 386 387 
282 387 388 
283 388 389 
284 389 390 
285 390 391 
286 391 392 
287 392 393 
288 393 394 
289 394 395 
290 395 396 
291 396 397 
292 397 398 
293 398 399 
294 399 400 
295 400 401 
296 401 402 
297 402 403 
298 403 404 
299 404 405 
300 405 406 
301 406 407 
302 407 408 
303 408 409 
304 409 410 
305 410 411 
306 411 412 
307 412 413 
308 413 414 
309 414 415 
310 415 416 
311 416 417 
312 417 418 
313 418 419 
314 419 420 
315 420 421 
316 421 422 
317 422 423 
318 423 424 
319 424 425 
320 425 426 
321 426 427 
322 427 428 
323 428 429 
324 429 430 
325 430 431 
326 431 432 
327 432 433 
328 433 434 
329 434 435 
330 435 436 
331 436 437 
332 437 438 
333 438 439 
334 439 440 
335 440 441 
336 441 442 
337 442 443 
338 443 444 
339 444 445 
340 445 446 
341 446 447 
342 447 448 
343 448 449 
344 449 450 
345 450 451 
346 451 452 
347 452 453 
348 453 454 
349 454 455 
350 455 456 
351 456 457 
352 457 458 
353 458 459 
354 459 460 
355 460 461 
356 461 462 
357 462 463 
358 463 464 
359 464 465 
360 465 466 
361 466 467 
362 467 468 
363 468 469 
364 469 470 
365 470 471 
366 471 472 
367 472 473 
368 473 474 
369 474 475 
370 475 476 
371 476 477 
372 477 478 
373 478 479 
374 479 480 
375 480 481 
376 481 482 
377 482 483 
378 483 484 
379 484 485 
380 485 486 
381 486 487 
382 487 488 
383 488 489 
384 489 490 
385 490 491 
386 491 492 
387 492 493 
388 493 494 
389 494 495 
390 495 496 
391 496 497 
392 497 498 
393 498 499 
394 499 500 
395 500 501 
396 501 502 
397 502 503 
398 503 504 
399 504 505 
400 505 506 
401 506 507 
402 507 508 
403 508 509 
404 509 510 
405 510 511 
406 511 512 
407 512 513 
408 513 514 
409 514 515 
410 515 516 
411 516 517 
412 517 518 
413 518 519 
414 519 520 
415 520 521 
416 521 522 
417 522 523 
418 523 524 
419 524 525 
420 525 526 
421 526 527 
422 527 528 
423 528 529 
424 529 530 
425 530 531 
426 531 532 
427 532 533 
428 533 534 
429 534 6 
1 24 1 3
430 22 819 
431 819 820 
432 820 10 
1 25 1 11
433 25 821 
434 821 822 
435 822 823 
436 823 824 
437 824 825 
438 825 826 
439 826 827 
440 827 828 
441 828 829 
442 829 830 
443 830 8 
2 1 3 360
444 1 26 126 10 
445 26 27 127 126 
446 27 28 128 127 
447 28 29 129 128 
448 29 30 130 129 
449 30 31 131 130 
450 31 32 132 131 
451 32 33 133 132 
452 33 34 134 133 
453 34 35 135 134 
454 35 36 136 135 
455 36 37 137 136 
456 37 38 138 137 
457 38 39 139 138 
458 39 40 140 139 
459 40 41 141 140 
460 41 42 142 141 
461 42 43 143 142 
462 43 44 144 143 
463 44 45 145 144 
464 45 18 19 145 
465 18 251 805 19 
466 251 252 806 805 
467 252 253 807 806 
468 253 254 808 807 
469 254 255 809 808 
470 255 256 810 809 
471 256 257 811 810 
472 257 258 812 811 
473 258 259 813 812 
474 259 260 814 813 
475 260 261 815 814 
476 261 262 816 815 
477 262 263 817 816 
478 263 264 818 817 
479 264 2 11 818 
480 2 182 146 11 
481 182 183 147 146 
482 183 184 148 147 
483 184 185 149 148 
484 185 186 150 149 
485 186 187 151 150 
486 187 188 152 151 
487 188 189 153 152 
488 189 190 154 153 
489 190 191 155 154 
490 191 192 156 155 
491 192 13 14 156 
492 13 223 237 14 
493 223 224 238 237 
494 224 225 239 238 
495 225 226 240 239 
496 226 227 241 240 
497 227 228 242 241 
498 228 229 243 242 
499 229 230 244 243 
500 230 231 245 244 
501 231 232 246 245 
502 232 233 247 246 
503 233 234 248 247 
504 234 235 249 248 
505 235 236 250 249 
506 236 5 12 250 
507 5 73 157 12 
508 73 74 158 157 
509 74 75 159 158 
510 75 76 160 159 
511 76 77 161 160 
512 77 78 162 161 
513 78 79 163 162 
514 79 80 164 163 
515 80 81 165 164 
516 81 82 166 165 
517 82 83 167 166 
518 83 84 168 167 
519 84 85 169 168 
520 85 86 170 169 
521 86 87 171 170 
522 87 88 172 171 
523 88 89 173 172 
524 89 90 174 173 
525 90 91 175 174 
526 91 92 176 175 
527 92 93 177 176 
528 93 94 178 177 
529 94 95 179 178 
530 95 96 180 179 
531 96 97 181 180 
532 97 20 21 181 
533 20 265 535 21 
534 265 266 536 535 
535 266 267 537 536 
536 267 268 538 537 
537 268 269 539 538 
538 269 270 540 539 
539 270 271 541 540 
540 271 272 542 541 
541 272 273 543 542 
542 273 274 544 543 
543 274 275 545 544 
544 275 276 546 545 
545 276 277 547 546 
546 277 278 548 547 
547 278 279 549 548 
548 279 280 550 549 
549 280 281 551 550 
550 281 282 552 551 
551 282 283 553 552 
552 283 284 554 553 
553 284 285 555 554 
554 285 286 556 555 
555 286 287 557 556 
556 287 288 558 557 
557 288 289 559 558 
558 289 290 560 559 
559 290 291 561 560 
560 291 292 562 561 
561 292 293 563 562 
562 293 294 564 563 
563 294 295 565 564 
564 295 296 566 565 
565 296 297 567 566 
566 297 298 568 567 
567 298 299 569 568 
568 299 300 570 569 
569 300 301 571 570 
570 301 302 572 571 
571 302 303 573 572 
572 303 304 574 573 
573 304 305 575 574 
574 305 306 576 575 
575 306 307 577 576 
576 307 308 578 577 
577 308 309 579 578 
578 309 310 580 579 
579 310 311 581 580 
580 311 312 582 581 
581 312 313 583 582 
582 313 314 584 583 
583 314 315 585 584 
584 315 316 586 585 
585 316 317 587 586 
586 317 318 588 587 
587 318 319 589 588 
588 319 320 590 589 
589 320 321 591 590 
590 321 322 592 591 
591 322 323 593 592 
592 323 324 594 593 
593 324 325 595 594 
594 325 326 596 595 
595 326 327 597 596 
596 327 328 598 597 
597 328 329 599 598 
598 329 330 600 599 
599 330 331 601 600 
600 331 332 602 601 
601 332 333 603 602 
602 333 334 604 603 
603 334 335 605 604 
604 335 336 606 605 
605 336 337 607 606 
606 337 338 608 607 
607 338 339 609 608 
608 339 340 610 609 
609 340 341 611 610 
610 341 342 612 611 
611 342 343 613 612 
612 343 344 614 613 
613 344 345 615 614 
614 345 346 616 615 
615 346 347 617 616 
616 347 348 618 617 
617 348 349 619 618 
618 349 350 620 619 
619 350 351 621 620 
620 351 352 622 621 
621 352 353 623 622 
622 353 354 624 623 
623 354 355 625 624 
624 355 356 626 625 
625 356 357 627 626 
626 357 358 628 627 
627 358 359 629 628 
628 359 360 630 629 
629 360 361 631 630 
630 361 362 632 631 
631 362 363 633 632 
632 363 364 634 633 
633 364 365 635 634 
634 365 366 636 635 
635 366 367 637 636 
636 367 368 638 637 
637 368 369 639 638 
638 369 370 640 639 
639 370 371 641 640 
640 371 372 642 641 
641 372 373 643 642 
642 373 374 644 643 
643 374 375 645 644 
644 375 376 646 645 
645 376 377 647 646 
646 377 378 648 647 
647 378 379 649 648 
648 379 380 650 649 
649 380 381 651 650 
650 381 382 652 651 
651 382 383 653 652 
652 383 384 654 653 
653 384 385 655 654 
654 385 386 656 655 
655 386 387 657 656 
656 387 388 658 657 
657 388 389 659 658 
658 389 390 660 659 
659 390 391 661 660 
660 391 392 662 661 
661 392 393 663 662 
662 393 394 664 663 
663 394 395 665 664 
664 395 396 666 665 
665 396 397 667 666 
666 397 398 668 667 
667 398 399 669 668 
668 399 400 670 669 
669 400 401 671 670 
670 401 402 672 671 
671 402 403 673 672 
672 403 404 674 673 
673 404 405 675 674 
674 405 406 676 675 
675 406 407 677 676 
676 407 408 678 677 
677 408 409 679 678 
678 409 410 680 679 
679 410 411 681 680 
680 411 412 682 681 
681 412 413 683 682 
682 413 414 684 683 
683 414 415 685 684 
684 415 416 686 685 
685 416 417 687 686 
686 417 418 688 687 
687 418 419 689 688 
688 419 420 690 689 
689 420 421 691 690 
690 421 422 692 691 
691 422 423 693 692 
692 423 424 694 693 
693 424 425 695 694 
694 425 426 696 695 
695 426 427 697 696 
696 427 428 698 697 
697 428 429 699 698 
698 429 430 700 699 
699 430 431 701 700 
700 431 432 702 701 
701 432 433 703 702 
702 433 434 704 703 
703 434 435 705 704 
704 435 436 706 705 
705 436 437 707 706 
706 437 438 708 707 
707 438 439 709 708 
708 439 440 710 709 
709 440 441 711 710 
710 441 442 712 711 
711 442 443 713 712 
712 443 444 714 713 
713 444 445 715 714 
714 445 446 716 715 
715 446 447 717 716 
716 447 448 718 717 
717 448 449 719 718 
718 449 450 720 719 
719 450 451 721 720 
720 451 452 722 721 
721 452 453 723 722 
722 453 454 724 723 
723 454 455 725 724 
724 455 456 726 725 
725 456 457 727 726 
726 457 458 728 727 
727 458 459 729 728 
728 459 460 730 729 
729 460 461 731 730 
730 461 462 732 731 
731 462 463 733 732 
732 463 464 734 733 
733 464 465 735 734 
734 465 466 736 735 
735 466 467 737 736 
736 467 468 738 737 
737 468 469 739 738 
738 469 470 740 739 
739 470 471 741 740 
740 471 472 742 741 
741 472 473 743 742 
742 473 474 744 743 
743 474 475 745 744 
744 475 476 746 745 
745 476 477 747 746 
746 477 478 748 747 
747 478 479 749 748 
748 479 480 750 749 
749 480 481 751 750 
750 481 482 752 751 
751 482 483 753 752 
752 483 484 754 753 
753 484 485 755 754 
754 485 486 756 755 
755 486 487 757 756 
756 487 488 758 757 
757 488 489 759 758 
758 489 490 760 759 
759 490 491 761 760 
760 491 492 762 761 
761 492 493 763 762 
762 493 494 764 763 
763 494 495 765 764 
764 495 496 766 765 
765 496 497 767 766 
766 497 498 768 767 
767 498 499 769 768 
768 499 500 770 769 
769 500 501 771 770 
770 501 502 772 771 
771 502 503 773 772 
772 503 504 774 773 
773 504 505 775 774 
774 505 506 776 775 
775 506 507 777 776 
776 507 508 778 777 
777 508 509 779 778 
778 509 510 780 779 
779 510 511 781 780 
780 511 512 782 781 
781 512 513 783 782 
782 513 514 784 783 
783 514 515 785 784 
784 515 516 786 785 
785 516 517 787 786 
786 517 518 788 787 
787 518 519 789 788 
788 519 520 790 789 
789 520 521 791 790 
790 521 522 792 791 
791 522 523 793 792 
792 523 524 794 793 
793 524 525 795 794 
794 525 526 796 795 
795 526 527 797 796 
796 527 528 798 797 
797 528 529 799 798 
798 529 530 800 799 
799 530 531 801 800 
800 531 532 802 801 
801 532 533 803 802 
802 533 534 804 803 
803 534 6 7 804 
2 2 3 486
804 3 55 1125 199 
805 199 1125 1126 198 
806 198 1126 1127 197 
807 197 1127 1128 196 
808 196 1128 1129 195 
809 195 1129 1130 194 
810 194 1130 1131 193 
811 193 1131 1132 15 
812 15 1132 1133 54 
813 54 1133 1134 53 
814 53 1134 1135 52 
815 52 1135 1136 51 
816 51 1136 1137 50 
817 50 1137 1138 49 
818 49 1138 1139 48 
819 48 1139 1140 47 
820 47 1140 1141 46 
821 46 1141 182 2 
822 55 56 1142 1125 
823 1125 1142 1143 1126 
824 1126 1143 1144 1127 
825 1127 1144 1145 1128 
826 1128 1145 1146 1129 
827 1129 1146 1147 1130 
828 1130 1147 1148 1131 
829 1131 1148 1149 1132 
830 1132 1149 1150 1133 
831 1133 1150 1151 1134 
832 1134 1151 1152 1135 
833 1135 1152 1153 1136 
834 1136 1153 1154 1137 
835 1137 1154 1155 1138 
836 1138 1155 1156 1139 
837 1139 1156 1157 1140 
838 1140 1157 1158 1141 
839 1141 1158 183 182 
840 56 57 1159 1142 
841 1142 1159 1160 1143 
842 1143 1160 1161 1144 
843 1144 1161 1162 1145 
844 1145 1162 1163 1146 
845 1146 1163 1164 1147 
846 1147 1164 1165 1148 
847 1148 1165 1166 1149 
848 1149 1166 1167 1150 
849 1150 1167 1168 1151 
850 1151 1168 1169 1152 
851 1152 1169 1170 1153 
852 1153 1170 1171 1154 
853 1154 1171 1172 1155 
854 1155 1172 1173 1156 
855 1156 1173 1174 1157 
856 1157 1174 1175 1158 
857 1158 1175 184 183 
858 57 58 1176 1159 
859 1159 1176 1177 1160 
860 1160 1177 1178 1161 
861 1161 1178 1179 1162 
862 1162 1179 1180 1163 
863 1163 1180 1181 1164 
864 1164 1181 1182 1165 
865 1165 1182 1183 1166 
866 1166 1183 1184 1167 
867 1167 1184 1185 1168 
868 1168 1185 1186 1169 
869 1169 1186 1187 1170 
870 1170 1187 1188 1171 
871 1171 1188 1189 1172 
872 1172 1189 1190 1173 
873 1173 1190 1191 1174 
874 1174 1191 1192 1175 
875 1175 1192 185 184 
876 58 59 1193 1176 
877 1176 1193 1194 1177 
878 1177 1194 1195 1178 
879 1178 1195 1196 1179 
880 1179 1196 1197 1180 
881 1180 1197 1198 1181 
882 1181 1198 1199 1182 
883 1182 1199 1200 1183 
884 1183 1200 1201 1184 
885 1184 1201 1202 1185 
886 1185 1202 1203 1186 
887 1186 1203 1204 1187 
888 1187 1204 1205 1188 
889 1188 1205 1206 1189 
890 1189 1206 1207 1190 
891 1190 1207 1208 1191 
892 1191 1208 1209 1192 
893 1192 1209 186 185 
894 59 60 1210 1193 
895 1193 1210 1211 1194 
896 1194 1211 1212 1195 
897 1195 1212 1213 1196 
898 1196 1213 1214 1197 
899 1197 1214 1215 1198 
900 1198 1215 1216 1199 
901 1199 1216 1217 1200 
902 1200 1217 1218 1201 
903 1201 1218 1219 1202 
904 1202 1219 1220 1203 
905 1203 1220 1221 1204 
906 1204 1221 1222 1205 
907 1205 1222 1223 1206 
908 1206 1223 1224 1207 
909 1207 1224 1225 1208 
910 1208 1225 1226 1209 
911 1209 1226 187 186 
912 60 61 1227 1210 
913 1210 1227 1228 1211 
914 1211 1228 1229 1212 
915 1212 1229 1230 1213 
916 1213 1230 1231 1214 
917 1214 1231 1232 1215 
918 1215 1232 1233 1216 
919 1216 1233 1234 1217 
920 1217 1234 1235 1218 
921 1218 1235 1236 1219 
922 1219 1236 1237 1220 
923 1220 1237 1238 1221 
924 1221 1238 1239 1222 
925 1222 1239 1240 1223 
926 1223 1240 1241 1224 
927 1224 1241 1242 1225 
928 1225 1242 1243 1226 
929 1226 1243 188 187 
930 61 62 1244 1227 
931 1227 1244 1245 1228 
932 1228 1245 1246 1229 
933 1229 1246 1247 1230 
934 1230 1247 1248 1231 
935 1231 1248 1249 1232 
936 1232 1249 1250 1233 
937 1233 1250 1251 1234 
938 1234 1251 1252 1235 
939 1235 1252 1253 1236 
940 1236 1253 1254 1237 
941 1237 1254 1255 1238 
942 1238 1255 1256 1239 
943 1239 1256 1257 1240 
944 1240 1257 1258 1241 
945 1241 1258 1259 1242 
946 1242 1259 1260 1243 
947 1243 1260 189 188 
948 62 63 1261 1244 
949 1244 1261 1262 1245 
950 1245 1262 1263 1246 
951 1246 1263 1264 1247 
952 1247 1264 1265 1248 
953 1248 1265 1266 1249 
954 1249 1266 1267 1250 
955 1250 1267 1268 1251 
956 1251 1268 1269 1252 
957 1252 1269 1270 1253 
958 1253 1270 1271 1254 
959 1254 1271 1272 1255 
960 1255 1272 1273 1256 
961 1256 1273 1274 1257 
962 1257 1274 1275 1258 
963 1258 1275 1276 1259 
964 1259 1276 1277 1260 
965 1260 1277 190 189 
966 63 64 1278 1261 
967 1261 1278 1279 1262 
968 1262 1279 1280 1263 
969 1263 1280 1281 1264 
970 1264 1281 1282 1265 
971 1265 1282 1283 1266 
972 1266 1283 1284 1267 
973 1267 1284 1285 1268 
974 1268 1285 1286 1269 
975 1269 1286 1287 1270 
976 1270 1287 1288 1271 
977 1271 1288 1289 1272 
978 1272 1289 1290 1273 
979 1273 1290 1291 1274 
980 1274 1291 1292 1275 
981 1275 1292 1293 1276 
982 1276 1293 1294 1277 
983 1277 1294 191 190 
984 64 65 1295 1278 
985 1278 1295 1296 1279 
986 1279 1296 1297 1280 
987 1280 1297 1298 1281 
988 1281 1298 1299 1282 
989 1282 1299 1300 1283 
990 1283 1300 1301 1284 
991 1284 1301 1302 1285 
992 1285 1302 1303 1286 
993 1286 1303 1304 1287 
994 1287 1304 1305 1288 
995 1288 1305 1306 1289 
996 1289 1306 1307 1290 
997 1290 1307 1308 1291 
998 1291 1308 1309 1292 
999 1292 1309 1310 1293 
1000 1293 1310 1311 1294 
1001 1294 1311 192 191 
1002 65 16 1312 1295 
1003 1295 1312 1313 1296 
1004 1296 1313 1314 1297 
1005 1297 1314 1315 1298 
1006 1298 1315 1316 1299 
1007 1299 1316 1317 1300 
1008 1300 1317 1318 1301 
1009 1301 1318 1319 1302 
1010 1302 1319 1320 1303 
1011 1303 1320 1321 1304 
1012 1304 1321 1322 1305 
1013 1305 1322 1323 1306 
1014 1306 1323 1324 1307 
1015 1307 1324 1325 1308 
1016 1308 1325 1326 1309 
1017 1309 1326 1327 1310 
1018 1310 1327 1328 1311 
1019 1311 1328 13 192 
1020 16 200 1329 1312 
1021 1312 1329 1330 1313 
1022 1313 1330 1331 1314 
1023 1314 1331 1332 1315 
1024 1315 1332 1333 1316 
1025 1316 1333 1334 1317 
1026 1317 1334 1335 1318 
1027 1318 1335 1336 1319 
1028 1319 1336 1337 1320 
1029 1320 1337 1338 1321 
1030 1321 1338 1339 1322 
1031 1322 1339 1340 1323 
1032 1323 1340 1341 1324 
1033 1324 1341 1342 1325 
1034 1325 1342 1343 1326 
1035 1326 1343 1344 1327 
1036 1327 1344 1345 1328 
1037 1328 1345 223 13 
1038 200 201 1346 1329 
1039 1329 1346 1347 1330 
1040 1330 1347 1348 1331 
1041 1331 1348 1349 1332 
1042 1332 1349 1350 1333 
1043 1333 1350 1351 1334 
1044 1334 1351 1352 1335 
1045 1335 1352 1353 1336 
1046 1336 1353 1354 1337 
1047 1337 1354 1355 1338 
1048 1338 1355 1356 1339 
1049 1339 1356 1357 1340 
1050 1340 1357 1358 1341 
1051 1341 1358 1359 1342 
1052 1342 1359 1360 1343 
1053 1343 1360 1361 1344 
1054 1344 1361 1362 1345 
1055 1345 1362 224 223 
1056 201 202 1363 1346 
1057 1346 1363 1364 1347 
1058 1347 1364 1365 1348 
1059 1348 1365 1366 1349 
1060 1349 1366 1367 1350 
1061 1350 1367 1368 1351 
1062 1351 1368 1369 1352 
1063 1352 1369 1370 1353 
1064 1353 1370 1371 1354 
1065 1354 1371 1372 1355 
1066 1355 1372 1373 1356 
1067 1356 1373 1374 1357 
1068 1357 1374 1375 1358 
1069 1358 1375 1376 1359 
1070 1359 1376 1377 1360 
1071 1360 1377 1378 1361 
1072 1361 1378 1379 1362 
1073 1362 1379 225 224 
1074 202 203 1380 1363 
1075 1363 1380 1381 1364 
1076 1364 1381 1382 1365 
1077 1365 1382 1383 1366 
1078 1366 1383 1384 1367 
1079 1367 1384 1385 1368 
1080 1368 1385 1386 1369 
1081 1369 1386 1387 1370 
1082 1370 1387 1388 1371 
1083 1371 1388 1389 1372 
1084 1372 1389 1390 1373 
1085 1373 1390 1391 1374 
1086 1374 1391 1392 1375 
1087 1375 1392 1393 1376 
1088 1376 1393 1394 1377 
1089 1377 1394 1395 1378 
1090 1378 1395 1396 1379 
1091 1379 1396 226 225 
1092 203 204 1397 1380 
1093 1380 1397 1398 1381 
1094 1381 1398 1399 1382 
1095 1382 1399 1400 1383 
1096 1383 1400 1401 1384 
1097 1384 1401 1402 1385 
1098 1385 1402 1403 1386 
1099 1386 1403 1404 1387 
1100 1387 1404 1405 1388 
1101 1388 1405 1406 1389 
1102 1389 1406 1407 1390 
1103 1390 1407 1408 1391 
1104 1391 1408 1409 1392 
1105 1392 1409 1410 1393 
1106 1393 1410 1411 1394 
1107 1394 1411 1412 1395 
1108 1395 1412 1413 1396 
1109 1396 1413 227 226 
1110 204 205 1414 1397 
1111 1397 1414 1415 1398 
1112 1398 1415 1416 1399 
1113 1399 1416 1417 1400 
1114 1400 1417 1418 1401 
1115 1401 1418 1419 1402 
1116 1402 1419 1420 1403 
1117 1403 1420 1421 1404 
1118 1404 1421 1422 1405 
1119 1405 1422 1423 1406 
1120 1406 1423 1424 1407 
1121 1407 1424 1425 1408 
1122 1408 1425 1426 1409 
1123 1409 1426 1427 1410 
1124 1410 1427 1428 1411 
1125 1411 1428 1429 1412 
1126 1412 1429 1430 1413 
1127 1413 1430 228 227 
1128 205 206 1431 1414 
1129 1414 1431 1432 1415 
1130 1415 1432 1433 1416 
1131 1416 1433 1434 1417 
1132 1417 1434 1435 1418 
1133 1418 1435 1436 1419 
1134 1419 1436 1437 1420 
1135 1420 1437 1438 1421 
1136 1421 1438 1439 1422 
1137 1422 1439 1440 1423 
1138 1423 1440 1441 1424 
1139 1424 1441 1442 1425 
1140 1425 1442 1443 1426 
1141 1426 1443 1444 1427 
1142 1427 1444 1445 1428 
1143 1428 1445 1446 1429 
1144 1429 1446 1447 1430 
1145 1430 1447 229 228 
1146 206 207 1448 1431 
1147 1431 1448 1449 1432 
1148 1432 1449 1450 1433 
1149 1433 1450 1451 1434 
1150 1434 1451 1452 1435 
1151 1435 1452 1453 1436 
1152 1436 1453 1454 1437 
1153 1437 1454 1455 1438 
1154 1438 1455 1456 1439 
1155 1439 1456 1457 1440 
1156 1440 1457 1458 1441 
1157 1441 1458 1459 1442 
1158 1442 1459 1460 1443 
1159 1443 1460 1461 1444 
1160 1444 1461 1462 1445 
1161 1445 1462 1463 1446 
1162 1446 1463 1464 1447 
1163 1447 1464 230 229 
1164 207 208 1465 1448 
1165 1448 1465 1466 1449 
1166 1449 1466 1467 1450 
1167 1450 1467 1468 1451 
1168 1451 1468 1469 1452 
1169 1452 1469 1470 1453 
1170 1453 1470 1471 1454 
1171 1454 1471 1472 1455 
1172 1455 1472 1473 1456 
1173 1456 1473 1474 1457 
1174 1457 1474 1475 1458 
1175 1458 1475 1476 1459 
1176 1459 1476 1477 1460 
1177 1460 1477 1478 1461 
1178 1461 1478 1479 1462 
1179 1462 1479 1480 1463 
1180 1463 1480 1481 1464 
1181 1464 1481 231 230 
1182 208 209 1482 1465 
1183 1465 1482 1483 1466 
1184 1466 1483 1484 1467 
1185 1467 1484 1485 1468 
1186 1468 1485 1486 1469 
1187 1469 1486 1487 1470 
1188 1470 1487 1488 1471 
1189 1471 1488 1489 1472 
1190 1472 1489 1490 1473 
1191 1473 1490 1491 1474 
1192 1474 1491 1492 1475 
1193 1475 1492 1493 1476 
1194 1476 1493 1494 1477 
1195 1477 1494 1495 1478 
1196 1478 1495 1496 1479 
1197 1479 1496 1497 1480 
1198 1480 1497 1498 1481 
1199 1481 1498 232 231 
1200 209 210 1499 1482 
1201 1482 1499 1500 1483 
1202 1483 1500 1501 1484 
1203 1484 1501 1502 1485 
1204 1485 1502 1503 1486 
1205 1486 1503 1504 1487 
1206 1487 1504 1505 1488 
1207 1488 1505 1506 1489 
1208 1489 1506 1507 1490 
1209 1490 1507 1508 1491 
1210 1491 1508 1509 1492 
1211 1492 1509 1510 1493 
1212 1493 1510 1511 1494 
1213 1494 1511 1512 1495 
1214 1495 1512 1513 1496 
1215 1496 1513 1514 1497 
1216 1497 1514 1515 1498 
1217 1498 1515 233 232 
1218 210 211 1516 1499 
1219 1499 1516 1517 1500 
1220 1500 1517 1518 1501 
1221 1501 1518 1519 1502 
1222 1502 1519 1520 1503 
1223 1503 1520 1521 1504 
1224 1504 1521 1522 1505 
1225 1505 1522 1523 1506 
1226 1506 1523 1524 1507 
1227 1507 1524 1525 1508 
1228 1508 1525 1526 1509 
1229 1509 1526 1527 1510 
1230 1510 1527 1528 1511 
1231 1511 1528 1529 1512 
1232 1512 1529 1530 1513 
1233 1513 1530 1531 1514 
1234 1514 1531 1532 1515 
1235 1515 1532 234 233 
1236 211 212 1533 1516 
1237 1516 1533 1534 1517 
1238 1517 1534 1535 1518 
1239 1518 1535 1536 1519 
1240 1519 1536 1537 1520 
1241 1520 1537 1538 1521 
1242 1521 1538 1539 1522 
1243 1522 1539 1540 1523 
1244 1523 1540 1541 1524 
1245 1524 1541 1542 1525 
1246 1525 1542 1543 1526 
1247 1526 1543 1544 1527 
1248 1527 1544 1545 1528 
1249 1528 1545 1546 1529 
1250 1529 1546 1547 1530 
1251 1530 1547 1548 1531 
1252 1531 1548 1549 1532 
1253 1532 1549 235 234 
1254 212 213 1550 1533 
1255 1533 1550 1551 1534 
1256 1534 1551 1552 1535 
1257 1535 1552 1553 1536 
1258 1536 1553 1554 1537 
1259 1537 1554 1555 1538 
1260 1538 1555 1556 1539 
1261 1539 1556 1557 1540 
1262 1540 1557 1558 1541 
1263 1541 1558 1559 1542 
1264 1542 1559 1560 1543 
1265 1543 1560 1561 1544 
1266 1544 1561 1562 1545 
1267 1545 1562 1563 1546 
1268 1546 1563 1564 1547 
1269 1547 1564 1565 1548 
1270 1548 1565 1566 1549 
1271 1549 1566 236 235 
1272 213 4 66 1550 
1273 1550 66 67 1551 
1274 1551 67 68 1552 
1275 1552 68 69 1553 
1276 1553 69 70 1554 
1277 1554 70 71 1555 
1278 1555 71 72 1556 
1279 1556 72 17 1557 
1280 1557 17 214 1558 
1281 1558 214 215 1559 
1282 1559 215 216 1560 
1283 1560 216 217 1561 
1284 1561 217 218 1562 
1285 1562 218 219 1563 
1286 1563 219 220 1564 
1287 1564 220 221 1565 
1288 1565 221 222 1566 
1289 1566 222 5 236 
2 3 2 2675
1290 2202 2097 2261 
1291 2209 1599 2249 
1292 1804 2022 2035 
1293 2099 2102 2107 
1294 2106 2211 2252 
1295 2108 2107 2249 
1296 2035 1805 2581 
1297 1767 1769 1953 
1298 1709 1690 2005 
1299 1636 807 1683 
1300 2436 1890 2438 
1301 1641 1745 1760 
1302 1668 1767 1953 
1303 1748 1778 2283 
1304 2160 2172 2186 
1305 2053 2068 2243 
1306 2249 1599 2270 
1307 2190 2287 2288 
1308 2310 2159 2558 
1309 2173 2306 2627 
1310 2019 1583 2581 
1311 1855 2435 2436 
1312 1786 1788 1795 
1313 1841 1897 1898 
1314 1596 2217 2257 
1315 2022 1584 2035 
1316 2165 2169 2183 
1317 1950 1899 1982 
1318 2223 2115 2517 
1319 1877 1875 1885 
1320 111 1660 2490 
1321 1744 1707 2594 
1322 1788 1789 1975 
1323 1574 147 2470 
1324 1950 1948 2554 
1325 2310 2181 2317 
1326 2091 2095 2112 
1327 1860 1857 1890 
1328 1849 1854 2633 
1329 1745 1641 2681 
1330 2482 2318 2509 
1331 1980 1790 2011 
1332 1665 102 2563 
1333 1957 1737 1958 
1334 1825 1824 1833 
1335 2348 2349 2386 
1336 2300 1610 2532 
1337 1786 1787 1788 
1338 1865 1862 1894 
1339 1959 1960 2636 
1340 2107 2102 2110 
1341 1890 1895 1946 
1342 1661 110 2498 
1343 1949 1950 1982 
1344 2432 1891 2435 
1345 1809 1634 2546 
1346 250 12 1577 
1347 1638 250 2481 
1348 1871 1868 1892 
1349 2473 1640 2587 
1350 2180 1902 2192 
1351 2435 1855 2451 
1352 1619 2367 2369 
1353 2033 2034 2043 
1354 2165 2166 2169 
1355 1830 2402 2448 
1356 2376 1944 2418 
1357 2226 1589 2229 
1358 2058 2225 2226 
1359 1975 1790 1980 
1360 2056 2232 2574 
1361 1591 2231 2574 
1362 2241 1592 2243 
1363 1752 1642 2557 
1364 2065 2240 2241 
1365 2236 2237 2258 
1366 2076 1594 2245 
1367 1996 1936 2004 
1368 107 1662 2519 
1369 1804 2035 2581 
1370 2237 2089 2253 
1371 2184 2185 2263 
1372 2092 2255 2257 
1373 1664 104 2548 
1374 2238 1596 2257 
1375 1690 1709 1932 
1376 2247 1598 2268 
1377 1708 1744 1889 
1378 2128 2148 2272 
1379 1659 114 2564 
1380 2065 2064 2244 
1381 113 1659 2567 
1382 1944 2376 2497 
1383 1807 2008 2031 
1384 2051 2052 2069 
1385 2271 2272 2319 
1386 2117 2120 2281 
1387 2289 2260 2290 
1388 2119 2198 2507 
1389 2301 2302 2335 
1390 2128 2130 2148 
1391 806 807 1636 
1392 1635 818 2493 
1393 1885 1875 2655 
1394 2353 2323 2482 
1395 2432 2431 2434 
1396 1637 161 2503 
1397 1677 104 2542 
1398 2327 2328 2377 
1399 109 1661 2577 
1400 2375 2343 2547 
1401 2138 2123 2507 
1402 2322 2162 2523 
1403 1613 2356 2529 
1404 2428 1929 2510 
1405 2333 2167 2375 
1406 2267 2126 2672 
1407 2303 1604 2696 
1408 1605 2312 2672 
1409 2137 2129 2138 
1410 2376 1872 2497 
1411 1796 1797 2037 
1412 2363 2390 2391 
1413 2428 1867 2468 
1414 244 1570 1650 
1415 2358 1618 2413 
1416 2134 2137 2187 
1417 2444 2385 2511 
1418 2194 2128 2272 
1419 2399 2400 2459 
1420 1925 2428 2510 
1421 2416 1912 2566 
1422 1863 2444 2472 
1423 1843 1832 1887 
1424 1623 2429 2511 
1425 1833 1824 1996 
1426 2127 2295 2702 
1427 2311 2265 2696 
1428 2417 2376 2418 
1429 1756 1743 1810 
1430 2506 2017 2560 
1431 102 1679 2563 
1432 1658 24 2251 
1433 1644 2459 2555 
1434 1938 1698 1952 
1435 2443 2383 2653 
1436 1573 810 1701 
1437 2403 2406 2412 
1438 2135 2140 2142 
1439 1912 2414 2629 
1440 2099 2101 2102 
1441 123 124 1711 
1442 2143 2145 2277 
1443 2193 2345 2352 
1444 1907 2461 2555 
1445 2420 1873 2701 
1446 1893 1930 2423 
1447 1846 2457 2689 
1448 1890 1857 1895 
1449 2044 2226 2229 
1450 818 1574 2493 
1451 1641 1760 1994 
1452 1706 1685 2630 
1453 2160 2161 2172 
1454 1710 1793 2015 
1455 1671 111 2490 
1456 101 1665 2668 
1457 1616 2341 2382 
1458 1749 1668 1757 
1459 2190 2182 2287 
1460 2088 2090 2217 
1461 2217 1596 2258 
1462 1825 1833 2617 
1463 1646 1931 2515 
1464 1845 1843 2660 
1465 1707 1744 2564 
1466 1883 1880 2690 
1467 1961 1741 2483 
1468 1775 2473 2587 
1469 2046 2048 2057 
1470 1906 1907 2555 
1471 1632 1756 1810 
1472 1599 2209 2269 
1473 1880 1883 2361 
1474 2442 2441 2570 
1475 113 114 1659 
1476 2169 2170 2175 
1477 2084 2087 2088 
1478 2107 2209 2249 
1479 2130 2133 2189 
1480 111 112 1660 
1481 2104 2105 2113 
1482 105 1663 2542 
1483 1123 1658 1705 
1484 2350 2358 2413 
1485 109 110 1661 
1486 1725 1723 1742 
1487 2360 2362 2391 
1488 2115 2117 2290 
1489 2055 2062 2064 
1490 1887 1832 2642 
1491 110 1671 2498 
1492 2141 2277 2292 
1493 1949 1648 1974 
1494 105 106 1663 
1495 1711 124 1985 
1496 1909 1893 2423 
1497 2091 2094 2095 
1498 108 1673 2568 
1499 1792 1794 1796 
1500 2185 2193 2214 
1501 1894 1862 1927 
1502 103 104 1664 
1503 1728 1745 1746 
1504 1895 1857 2571 
1505 101 102 1665 
1506 1975 1583 2023 
1507 2120 2122 2215 
1508 23 1691 2601 
1509 2281 2120 2282 
1510 809 810 1573 
1511 2122 2124 2207 
1512 1698 1755 1952 
1513 2124 2128 2194 
1514 2330 2195 2547 
1515 106 1675 2201 
1516 2186 2482 2509 
1517 1723 1718 1743 
1518 1744 1738 1889 
1519 1960 1734 2648 
1520 2088 2087 2090 
1521 2048 2050 2051 
1522 2037 1797 2614 
1523 1120 23 2601 
1524 2097 2202 2203 
1525 1857 1853 2571 
1526 1939 1583 1975 
1527 2211 2106 2212 
1528 247 1638 2533 
1529 1860 1890 2667 
1530 1663 106 2201 
1531 1756 1632 1970 
1532 2068 2241 2243 
1533 1897 1964 2669 
1534 1965 1918 2521 
1535 2212 2106 2276 
1536 1912 2368 2566 
1537 2064 2065 2241 
1538 2046 2057 2226 
1539 1783 1786 2469 
1540 1754 1751 2492 
1541 1578 1997 2228 
1542 2052 2055 2068 
1543 2444 1926 2472 
1544 1741 1740 2483 
1545 2145 2150 2297 
1546 1801 1807 2029 
1547 2195 2333 2375 
1548 2462 1578 2476 
1549 1753 1755 2502 
1550 1748 2283 2464 
1551 1611 2308 2310 
1552 1934 1935 1937 
1553 1663 2100 2206 
1554 1839 1841 2024 
1555 1891 2432 2434 
1556 2175 2176 2208 
1557 2097 2203 2268 
1558 2244 2064 2536 
1559 2102 2101 2650 
1560 2272 2148 2319 
1561 1887 1906 2404 
1562 1929 2428 2468 
1563 1759 1696 1824 
1564 1880 1877 2690 
1565 1958 1737 1959 
1566 1642 1752 2502 
1567 1674 2155 2550 
1568 2195 2375 2547 
1569 2400 2404 2459 
1570 1634 1782 2546 
1571 1726 1725 1740 
1572 1797 1801 2040 
1573 104 1677 2548 
1574 1730 1737 2537 
1575 1827 1825 2675 
1576 2113 2115 2223 
1577 1885 2364 2690 
1578 1788 1787 1789 
1579 2306 2173 2307 
1580 1789 1792 1804 
1581 2203 2247 2268 
1582 1923 1894 1924 
1583 2081 2088 2213 
1584 2176 2178 2184 
1585 809 1573 1706 
1586 1748 1763 1778 
1587 2515 1950 2554 
1588 1660 112 2635 
1589 2369 2367 2370 
1590 2194 2272 2672 
1591 1675 107 2519 
1592 1793 1710 2463 
1593 1728 1714 1745 
1594 1810 1743 2569 
1595 1892 1868 2692 
1596 1808 1581 1986 
1597 1795 1788 1980 
1598 2293 2141 2326 
1599 2237 2217 2258 
1600 1740 1725 2522 
1601 1841 1898 2680 
1602 2090 2091 2216 
1603 1724 1723 1725 
1604 2308 2181 2310 
1605 1637 2479 2485 
1606 2308 1611 2309 
1607 1758 1696 1759 
1608 2018 1727 2648 
1609 1889 1738 2687 
1610 1743 1718 2569 
1611 1914 1890 2436 
1612 1796 1794 1797 
1613 1906 1888 2539 
1614 2159 2310 2317 
1615 2057 2058 2226 
1616 1668 831 1757 
1617 1648 1982 1997 
1618 2169 2175 2195 
1619 2044 2046 2226 
1620 1942 1892 1943 
1621 1582 1980 2011 
1622 2360 1883 2362 
1623 2430 1928 2433 
1624 103 1664 2665 
1625 1890 1946 2438 
1626 1725 1742 1808 
1627 2389 1951 2494 
1628 1783 1785 1786 
1629 2407 1627 2458 
1630 2104 2103 2105 
1631 2095 2096 2474 
1632 1907 1906 2539 
1633 1739 1761 2693 
1634 110 111 1671 
1635 2045 2007 2046 
1636 1779 1972 2496 
1637 2364 1885 2365 
1638 1961 1580 1991 
1639 108 109 1673 
1640 1865 1894 1923 
1641 1611 2310 2585 
1642 2362 2363 2391 
1643 2192 1902 2447 
1644 1632 1810 2002 
1645 1742 1743 1756 
1646 2061 2054 2525 
1647 1938 1952 2580 
1648 106 107 1675 
1649 114 1707 2564 
1650 2078 2076 2080 
1651 811 812 1642 
1652 1669 113 2567 
1653 1918 1965 2516 
1654 1673 109 2577 
1655 1756 1979 2540 
1656 2222 2174 2535 
1657 2051 2050 2052 
1658 1630 2389 2470 
1659 1908 1907 2539 
1660 1708 1889 2676 
1661 1668 1749 1767 
1662 2169 2195 2330 
1663 114 115 1992 
1664 2091 2112 2216 
1665 1786 1811 2469 
1666 2183 2169 2330 
1667 2276 1600 2553 
1668 2068 2053 2071 
1669 1756 1970 1979 
1670 1834 1825 2617 
1671 1807 2006 2008 
1672 1583 1939 2581 
1673 2055 2064 2241 
1674 1811 1795 1812 
1675 1841 1896 1897 
1676 2434 1927 2528 
1677 1629 178 1817 
1678 107 108 2568 
1679 1871 1892 1942 
1680 814 815 1750 
1681 1987 2483 2522 
1682 1836 1839 2024 
1683 1861 1860 2528 
1684 1953 1769 2587 
1685 2189 2190 2321 
1686 827 1634 1809 
1687 1779 1631 1971 
1688 2328 2330 2377 
1689 1737 1957 2537 
1690 1725 1808 2522 
1691 1691 1689 1766 
1692 2306 2307 2309 
1693 2330 1614 2377 
1694 1900 2570 2571 
1695 1685 1683 2630 
1696 2404 1906 2555 
1697 1986 1649 2522 
1698 2232 2233 2574 
1699 1754 2494 2580 
1700 1745 1712 1760 
1701 1888 2506 2539 
1702 1676 2196 2519 
1703 2165 2164 2166 
1704 1926 1927 2472 
1705 1649 1987 2522 
1706 2156 2157 2501 
1707 2143 2144 2145 
1708 2423 1930 2653 
1709 1581 1808 2540 
1710 113 1669 2635 
1711 2345 2193 2346 
1712 1707 1762 2594 
1713 178 179 1817 
1714 2073 2072 2536 
1715 2464 2018 2648 
1716 2292 2277 2298 
1717 1972 1812 2496 
1718 1792 1796 2638 
1719 1854 1905 2633 
1720 2006 2007 2575 
1721 1983 1887 1984 
1722 1721 1718 1723 
1723 1580 1961 2483 
1724 2636 1960 2648 
1725 1742 1723 1743 
1726 2266 2127 2702 
1727 2290 2260 2517 
1728 2124 2194 2304 
1729 1840 2016 2475 
1730 2304 2303 2696 
1731 2335 2302 2532 
1732 2095 2094 2096 
1733 2154 2173 2631 
1734 1900 2411 2442 
1735 1685 1706 1922 
1736 2135 2142 2621 
1737 1790 1975 2023 
1738 1774 1811 1972 
1739 2272 1605 2672 
1740 1591 2071 2235 
1741 2126 2304 2672 
1742 2265 2266 2696 
1743 1862 1861 2528 
1744 2048 2051 2234 
1745 2351 2214 2352 
1746 2467 2138 2507 
1747 1833 1996 2004 
1748 1656 123 1711 
1749 2363 2362 2371 
1750 2107 2110 2209 
1751 1716 1714 1728 
1752 2400 2401 2520 
1753 2353 2482 2572 
1754 1696 1758 2518 
1755 1976 1897 2669 
1756 1727 2636 2648 
1757 1806 1680 2006 
1758 2148 2130 2637 
1759 2523 2162 2572 
1760 1786 1785 1787 
1761 2058 2057 2227 
1762 2184 2178 2185 
1763 2277 2141 2293 
1764 1679 102 2665 
1765 2356 2523 2529 
1766 2034 2033 2044 
1767 2169 2166 2170 
1768 2290 2117 2612 
1769 2150 2188 2302 
1770 1775 1779 1971 
1771 1570 247 2533 
1772 1828 1827 2524 
1773 2497 2420 2701 
1774 23 1121 1667 
1775 1690 1692 2005 
1776 2182 2135 2621 
1777 2361 1903 2695 
1778 1981 2012 2521 
1779 1984 1887 2404 
1780 2468 2443 2653 
1781 1771 1773 1775 
1782 1885 1911 2368 
1783 1714 1712 1745 
1784 1771 1775 2587 
1785 2429 2510 2511 
1786 2338 2171 2339 
1787 2456 1846 2689 
1788 807 808 2630 
1789 156 14 1916 
1790 2620 2172 2679 
1791 2142 2140 2698 
1792 2074 2076 2245 
1793 1810 1746 2002 
1794 810 811 2622 
1795 1926 2444 2511 
1796 1591 2069 2071 
1797 2349 2348 2350 
1798 825 1643 1973 
1799 120 121 1639 
1800 1997 1982 2228 
1801 1874 1871 2549 
1802 2341 2185 2691 
1803 1848 1849 2633 
1804 1642 812 2557 
1805 2345 2346 2347 
1806 1616 2263 2341 
1807 1778 1633 1940 
1808 2052 2054 2055 
1809 2213 2237 2253 
1810 2470 2389 2603 
1811 1724 1725 1726 
1812 2176 2197 2208 
1813 2157 2158 2685 
1814 2319 2148 2659 
1815 1866 1865 2543 
1816 2117 2119 2120 
1817 2216 2092 2257 
1818 2199 2300 2532 
1819 2115 2116 2117 
1820 2120 2121 2122 
1821 2145 2146 2150 
1822 1734 1747 2648 
1823 2122 2123 2124 
1824 2055 2061 2062 
1825 1911 1886 2373 
1826 805 806 1932 
1827 1760 1666 1994 
1828 1854 1853 1857 
1829 2214 2351 2691 
1830 2124 2125 2128 
1831 1639 121 2020 
1832 2128 2129 2130 
1833 1620 2373 2419 
1834 1746 1745 2681 
1835 2130 2132 2133 
1836 2040 1801 2608 
1837 1683 807 2630 
1838 1999 1951 2388 
1839 2314 2189 2639 
1840 1712 1711 1760 
1841 2365 1885 2368 
1842 2207 2124 2304 
1843 2185 2192 2193 
1844 104 105 2542 
1845 2135 2139 2140 
1846 1786 1795 1811 
1847 1726 1740 1741 
1848 1991 1653 2534 
1849 1937 1951 1999 
1850 2101 2103 2650 
1851 1801 1806 1807 
1852 1859 1857 1860 
1853 122 123 1656 
1854 1944 1943 2418 
1855 176 1764 1818 
1856 1843 1887 1983 
1857 1864 1862 1865 
1858 1648 1949 1982 
1859 1687 1922 1941 
1860 1633 119 1761 
1861 2339 2171 2615 
1862 118 119 1633 
1863 1637 2478 2479 
1864 2034 2044 2229 
1865 1870 1868 1871 
1866 2133 2134 2541 
1867 1937 1938 1951 
1868 2402 1830 2403 
1869 2349 2350 2413 
1870 1876 1875 1877 
1871 119 120 1761 
1872 1899 1950 2024 
1873 1879 1877 1880 
1874 1832 1888 2642 
1875 1728 1746 1810 
1876 2046 2047 2048 
1877 2347 2346 2348 
1878 1895 2571 2582 
1879 2212 2276 2553 
1880 1666 1985 2632 
1881 1886 1945 2373 
1882 2096 2099 2527 
1883 2175 2170 2176 
1884 1797 1798 1801 
1885 2219 2220 2523 
1886 2160 2158 2161 
1887 1701 810 2622 
1888 1766 1689 2005 
1889 1950 2515 2662 
1890 2397 1851 2439 
1891 2151 2154 2631 
1892 1900 2442 2570 
1893 2036 1800 2643 
1894 2478 1637 2503 
1895 1728 1810 2569 
1896 2351 2179 2691 
1897 1672 2222 2535 
1898 2150 2151 2188 
1899 1875 1874 2549 
1900 1868 1866 2543 
1901 2085 2063 2700 
1902 250 1577 2481 
1903 179 180 1645 
1904 2406 1858 2412 
1905 2164 2165 2679 
1906 1888 2017 2506 
1907 2266 2207 2696 
1908 2111 2269 2616 
1909 827 828 1634 
1910 1808 1986 2522 
1911 2176 2184 2197 
1912 808 809 1706 
1913 1964 1897 1966 
1914 2068 2055 2241 
1915 1629 1817 2003 
1916 2100 1663 2201 
1917 2069 1591 2574 
1918 2433 1928 2445 
1919 2054 2059 2525 
1920 177 178 1629 
1921 2016 1834 2475 
1922 1877 1885 2690 
1923 2134 2135 2541 
1924 825 826 1643 
1925 2160 2186 2509 
1926 823 824 1657 
1927 1799 2025 2614 
1928 2073 2070 2074 
1929 2083 2063 2085 
1930 1651 2480 2669 
1931 1721 1723 1724 
1932 1776 1643 2546 
1933 2494 1951 2580 
1934 2157 2156 2158 
1935 1705 1658 2591 
1936 176 177 1764 
1937 813 814 1571 
1938 1666 1760 2670 
1939 177 1629 1764 
1940 179 1645 1817 
1941 2189 2133 2190 
1942 815 816 2491 
1943 1898 1897 1976 
1944 2282 2120 2702 
1945 2154 2156 2501 
1946 2028 1586 2608 
1947 2191 2466 2568 
1948 1775 1773 1779 
1949 2081 2084 2088 
1950 1741 1958 1959 
1951 1902 2180 2487 
1952 2084 2086 2087 
1953 2076 2074 2082 
1954 1640 1953 2587 
1955 1832 1828 2524 
1956 2107 2108 2527 
1957 2161 2164 2679 
1958 1935 1934 2677 
1959 174 1575 1931 
1960 174 175 1575 
1961 22 1101 2632 
1962 1931 1820 2515 
1963 2145 2297 2298 
1964 1980 1582 2562 
1965 1806 1798 2010 
1966 2571 2396 2582 
1967 1627 2407 2628 
1968 2046 2007 2047 
1969 2367 2365 2370 
1970 1697 1688 2593 
1971 1761 1739 1940 
1972 1578 2228 2476 
1973 180 181 1813 
1974 2459 2404 2555 
1975 1789 1804 1939 
1976 1634 1781 1782 
1977 1792 1793 1794 
1978 181 1705 2591 
1979 1742 1756 2540 
1980 2096 2108 2474 
1981 2122 2207 2266 
1982 1934 1937 2000 
1983 2280 2262 2612 
1984 2074 2070 2082 
1985 1101 1666 2632 
1986 2214 2193 2352 
1987 1958 1741 1961 
1988 124 125 1985 
1989 2087 2086 2093 
1990 2113 2105 2115 
1991 2198 1676 2507 
1992 2137 2138 2466 
1993 2187 2191 2623 
1994 120 1639 2693 
1995 2187 2137 2191 
1996 1898 1976 1977 
1997 1684 1686 1690 
1998 2158 2160 2685 
1999 2320 2273 2639 
2000 2542 2200 2556 
2001 1927 1862 2528 
2002 1101 1102 1666 
2003 24 1908 2251 
2004 2112 2095 2202 
2005 237 238 1981 
2006 832 831 1668 
2007 822 823 1749 
2008 1656 1711 1712 
2009 2564 1708 2565 
2010 2367 1619 2371 
2011 1608 2331 2673 
2012 1568 2477 2478 
2013 2560 2017 2561 
2014 2080 2076 2082 
2015 1738 1733 1758 
2016 1789 1791 1792 
2017 1835 1966 2652 
2018 2362 2364 2367 
2019 172 173 1646 
2020 2092 2216 2256 
2021 806 1636 1932 
2022 2017 1840 2561 
2023 1754 2492 2494 
2024 1600 2552 2553 
2025 824 825 1973 
2026 1615 2378 2683 
2027 2328 2329 2526 
2028 826 827 1809 
2029 2149 2319 2659 
2030 2480 1651 2533 
2031 1858 2406 2409 
2032 2048 2049 2050 
2033 2478 1977 2479 
2034 1826 1825 1827 
2035 175 176 1818 
2036 2458 2408 2688 
2037 1124 1123 1705 
2038 2186 2172 2219 
2039 2431 2430 2433 
2040 2239 2202 2261 
2041 2342 2300 2627 
2042 1927 2433 2472 
2043 1811 1774 2469 
2044 833 832 1953 
2045 1706 1573 2666 
2046 2441 2395 2570 
2047 1803 1665 2010 
2048 2253 1595 2610 
2049 2195 2175 2333 
2050 1842 1832 1843 
2051 1759 1824 1825 
2052 1930 1929 2468 
2053 1653 1998 2534 
2054 2066 2070 2073 
2055 1844 1843 1845 
2056 1916 1919 1969 
2057 832 1668 1953 
2058 1718 1716 2569 
2059 1903 2447 2695 
2060 1936 1996 2513 
2061 122 1656 2020 
2062 2217 2090 2257 
2063 1575 1820 1931 
2064 2213 2253 2610 
2065 1868 1893 2692 
2066 821 822 1757 
2067 2063 1678 2700 
2068 173 174 1931 
2069 1875 1886 2655 
2070 158 159 2485 
2071 1693 1700 1766 
2072 2176 2177 2178 
2073 1961 1991 2534 
2074 823 1657 1749 
2075 1659 2565 2634 
2076 2368 1912 2629 
2077 2263 2185 2341 
2078 1645 1815 1817 
2079 2431 2433 2434 
2080 2346 1903 2590 
2081 2435 1914 2436 
2082 1852 2409 2410 
2083 1903 2346 2447 
2084 2090 2087 2091 
2085 2362 1883 2364 
2086 1989 1660 2635 
2087 834 833 1640 
2088 1853 1849 2658 
2089 1755 1753 1952 
2090 2233 2051 2574 
2091 1639 2020 2625 
2092 1119 1120 1654 
2093 1891 1914 2435 
2094 2196 1675 2519 
2095 2180 2222 2487 
2096 1858 1983 2412 
2097 1568 2478 2503 
2098 2182 2190 2541 
2099 170 171 1569 
2100 1924 1926 2511 
2101 1661 2205 2224 
2102 2103 2104 2650 
2103 1942 1943 1944 
2104 1711 1985 2670 
2105 2388 1951 2389 
2106 2263 1616 2340 
2107 2300 2199 2627 
2108 2016 1840 2017 
2109 1645 1814 1815 
2110 1571 814 1750 
2111 1932 1709 2663 
2112 1645 180 1813 
2113 172 1646 1947 
2114 121 122 2020 
2115 171 172 1947 
2116 1758 1731 2518 
2117 2565 1708 2605 
2118 1670 2544 2567 
2119 2080 2082 2083 
2120 112 113 2635 
2121 1812 1795 2001 
2122 1645 1813 1814 
2123 1667 1121 1699 
2124 1963 1647 2465 
2125 1898 1977 1978 
2126 1640 833 1953 
2127 1913 1898 1978 
2128 2071 2053 2235 
2129 1973 1643 2512 
2130 1103 1104 1641 
2131 1734 1736 1747 
2132 1924 1894 1926 
2133 1761 120 2693 
2134 1636 1683 1684 
2135 2269 2209 2616 
2136 2037 2036 2643 
2137 102 103 2665 
2138 2307 2308 2309 
2139 2359 1903 2361 
2140 1666 1102 1994 
2141 1102 1103 1994 
2142 2026 1989 2635 
2143 2196 1676 2198 
2144 1614 2330 2547 
2145 1730 1732 1737 
2146 2143 2140 2144 
2147 1755 1698 1941 
2148 117 118 1777 
2149 1888 1832 2524 
2150 1929 1924 2510 
2151 1664 2060 2665 
2152 1841 1839 1896 
2153 2197 2184 2338 
2154 1749 1657 1767 
2155 1654 2027 2538 
2156 1901 1880 2695 
2157 1848 1845 2584 
2158 837 836 1631 
2159 1643 1809 2546 
2160 1808 1742 2540 
2161 1633 1761 1940 
2162 1680 1806 2010 
2163 1769 1770 1771 
2164 1771 1772 1773 
2165 2262 1602 2612 
2166 836 835 1971 
2167 1715 1714 1716 
2168 2526 2329 2529 
2169 1630 2388 2389 
2170 1811 1812 1972 
2171 2405 1830 2678 
2172 1737 1732 1960 
2173 1732 1734 1960 
2174 1106 1107 1632 
2175 2476 1913 2477 
2176 2601 1691 2661 
2177 2207 2304 2696 
2178 1954 1654 2538 
2179 2059 1664 2525 
2180 1656 1713 2020 
2181 2088 2217 2237 
2182 1694 1688 1697 
2183 805 1932 2663 
2184 1713 1712 1714 
2185 155 156 1969 
2186 1918 1981 2521 
2187 118 1633 1777 
2188 1107 1108 1970 
2189 1902 1901 2695 
2190 1700 1729 2027 
2191 2509 2181 2685 
2192 1853 1900 2571 
2193 1813 181 2591 
2194 1717 1716 1718 
2195 169 170 1974 
2196 1755 1703 2502 
2197 1777 1633 1778 
2198 1693 1695 1700 
2199 1643 1776 2512 
2200 1687 1685 1922 
2201 1664 2059 2060 
2202 1825 1834 2675 
2203 2120 2215 2702 
2204 1586 2039 2608 
2205 1983 1984 2520 
2206 1105 1106 2002 
2207 1109 1110 1581 
2208 2040 1799 2614 
2209 1778 1940 2283 
2210 828 829 1780 
2211 2199 2173 2627 
2212 2411 2410 2456 
2213 838 837 1990 
2214 2096 2098 2099 
2215 1108 1109 1979 
2216 1575 175 1818 
2217 1615 2683 2694 
2218 1821 1967 2607 
2219 1700 1720 1729 
2220 2466 1662 2568 
2221 2104 2113 2211 
2222 2016 2017 2524 
2223 2064 2062 2066 
2224 1945 1944 2497 
2225 2140 2143 2698 
2226 1110 1111 1986 
2227 2364 2365 2367 
2228 1765 1629 2003 
2229 2584 1852 2658 
2230 1111 1112 1649 
2231 2251 1814 2640 
2232 2358 2350 2359 
2233 1675 2196 2504 
2234 822 1749 1757 
2235 2057 2048 2234 
2236 1689 1667 1709 
2237 2067 2073 2074 
2238 2145 2144 2146 
2239 1891 1860 2667 
2240 1760 1711 2670 
2241 1118 1119 1954 
2242 2402 2403 2412 
2243 1636 1690 1932 
2244 2099 2100 2101 
2245 2285 2142 2673 
2246 2064 2066 2536 
2247 2247 2108 2248 
2248 1692 1766 2005 
2249 1747 1748 2464 
2250 1112 1113 1987 
2251 2073 2067 2242 
2252 1797 1794 1798 
2253 1690 1686 1692 
2254 2029 2028 2608 
2255 1782 2469 2545 
2256 1849 1848 2584 
2257 1113 1114 1580 
2258 156 1916 1969 
2259 1678 2063 2484 
2260 1899 1841 2680 
2261 168 169 1648 
2262 2403 1830 2405 
2263 839 838 1652 
2264 1880 2361 2695 
2265 2072 2073 2242 
2266 2218 1674 2550 
2267 2189 2314 2637 
2268 2029 1807 2030 
2269 1673 2191 2568 
2270 2006 1680 2007 
2271 2410 2407 2688 
2272 1824 1696 2618 
2273 1788 1975 1980 
2274 1918 2516 2530 
2275 1966 1835 2516 
2276 1816 1814 2251 
2277 2150 2146 2151 
2278 154 155 1628 
2279 2067 2074 2245 
2280 2671 1608 2673 
2281 2025 1585 2614 
2282 2423 1622 2427 
2283 2027 1654 2601 
2284 2082 2063 2083 
2285 2219 2172 2220 
2286 2605 1848 2633 
2287 1646 173 1931 
2288 2273 1606 2639 
2289 1114 1115 1991 
2290 2297 2150 2299 
2291 2203 2095 2474 
2292 2299 2150 2302 
2293 1782 1783 2469 
2294 1910 2423 2427 
2295 1595 2254 2610 
2296 1772 1776 2545 
2297 2061 1678 2484 
2298 1782 1781 1783 
2299 1574 2470 2603 
2300 1984 2400 2520 
2301 1899 1913 2228 
2302 2165 2183 2526 
2303 1750 815 2491 
2304 1647 1963 2521 
2305 1807 1806 2006 
2306 1103 1641 1994 
2307 1985 125 2632 
2308 840 839 1993 
2309 1719 1718 1721 
2310 829 1681 1780 
2311 1688 1687 2593 
2312 1631 1779 2496 
2313 1573 1701 1702 
2314 2419 2373 2701 
2315 1569 1949 1974 
2316 1978 1977 2478 
2317 1816 2251 2505 
2318 1670 2567 2634 
2319 1115 1116 1653 
2320 1686 1688 1692 
2321 2523 2220 2529 
2322 1588 2032 2033 
2323 1767 1768 1769 
2324 1926 1894 1927 
2325 1923 1924 1929 
2326 1918 1567 1981 
2327 2193 2192 2447 
2328 1692 1693 1766 
2329 2514 1835 2617 
2330 2358 2360 2366 
2331 1933 1934 2000 
2332 1753 1754 1952 
2333 1588 2033 2043 
2334 2213 2088 2237 
2335 1764 1629 1765 
2336 1670 2609 2646 
2337 1841 1899 2024 
2338 2197 2338 2339 
2339 2469 1774 2545 
2340 2172 2161 2679 
2341 2099 2107 2527 
2342 1901 1902 2487 
2343 834 1640 2473 
2344 2333 2175 2683 
2345 2062 2061 2484 
2346 1998 1956 2534 
2347 835 834 2473 
2348 1119 1654 1954 
2349 2281 2280 2612 
2350 1735 1733 1738 
2351 2567 1659 2634 
2352 2060 2460 2665 
2353 841 840 1582 
2354 1646 2515 2554 
2355 116 117 1682 
2356 2052 2050 2054 
2357 2321 2320 2639 
2358 829 830 1681 
2359 1116 1117 1998 
2360 812 813 2557 
2361 1631 836 1971 
2362 2130 2189 2637 
2363 1663 2200 2542 
2364 1657 824 1973 
2365 1798 1803 2010 
2366 2565 2605 2633 
2367 2205 1661 2498 
2368 1913 1978 2477 
2369 2348 2346 2590 
2370 1849 1853 1854 
2371 1656 1712 1713 
2372 2055 2054 2061 
2373 1833 2004 2514 
2374 2283 1722 2464 
2375 2161 2163 2164 
2376 2552 2210 2553 
2377 2304 2194 2672 
2378 2117 2116 2119 
2379 2215 2122 2266 
2380 1888 1906 2642 
2381 1801 1798 1806 
2382 2359 2350 2590 
2383 813 1571 2557 
2384 170 1569 1974 
2385 153 154 1933 
2386 2110 2102 2606 
2387 1922 1706 2666 
2388 2120 2119 2121 
2389 167 168 1997 
2390 2480 1976 2669 
2391 1849 2584 2658 
2392 2122 2121 2123 
2393 1569 171 1947 
2394 1117 1118 1579 
2395 1698 1938 2586 
2396 2373 1620 2566 
2397 2124 2123 2125 
2398 1883 2360 2361 
2399 1771 1770 1772 
2400 1937 1935 1938 
2401 1968 1765 2003 
2402 1658 2251 2640 
2403 2128 2125 2129 
2404 2115 2105 2116 
2405 2091 2093 2094 
2406 157 158 2485 
2407 2130 2129 2132 
2408 2200 2086 2556 
2409 1665 1803 2463 
2410 2133 2132 2134 
2411 2093 2086 2200 
2412 2108 2096 2527 
2413 837 1631 1990 
2414 1713 1714 1715 
2415 2135 2134 2139 
2416 2358 2359 2360 
2417 1939 1804 2581 
2418 2185 2178 2192 
2419 2412 1983 2520 
2420 2433 2445 2472 
2421 1106 1632 2002 
2422 1642 2502 2697 
2423 1587 2031 2038 
2424 1917 1567 1918 
2425 100 101 2595 
2426 842 841 2011 
2427 2103 2196 2198 
2428 2032 1588 2042 
2429 2022 2638 2643 
2430 1632 1107 1970 
2431 1747 2464 2648 
2432 1854 1857 1859 
2433 1104 1105 2495 
2434 1886 1875 2549 
2435 2077 2079 2254 
2436 1676 2467 2507 
2437 816 1635 2491 
2438 1859 1860 1861 
2439 1692 1688 1693 
2440 1909 2425 2692 
2441 2436 1915 2449 
2442 1769 1768 1770 
2443 1861 1862 1864 
2444 1864 1865 1866 
2445 1866 1868 1870 
2446 2442 2411 2689 
2447 2109 2249 2270 
2448 1715 1716 1717 
2449 2009 2032 2042 
2450 1917 1918 2530 
2451 1870 1871 1874 
2452 1956 1957 1958 
2453 1874 1875 1876 
2454 1982 1899 2228 
2455 2252 2211 2279 
2456 1876 1877 1879 
2457 2178 2180 2192 
2458 1678 2061 2525 
2459 1724 1726 1727 
2460 1879 1880 1901 
2461 1855 2436 2449 
2462 1971 835 2473 
2463 2140 2139 2218 
2464 1641 1104 2495 
2465 1778 1763 2599 
2466 1943 2424 2654 
2467 1996 1697 2513 
2468 1774 1772 2545 
2469 1970 1108 1979 
2470 2515 1822 2662 
2471 1109 1581 1979 
2472 152 153 2588 
2473 2510 1924 2511 
2474 1581 1110 1986 
2475 2115 2290 2517 
2476 2370 1878 2392 
2477 1733 1731 1758 
2478 1904 2348 2386 
2479 1669 2026 2635 
2480 1800 2021 2643 
2481 166 167 1578 
2482 843 842 1790 
2483 1860 1891 2528 
2484 1856 2435 2451 
2485 1823 1821 2607 
2486 2395 2396 2570 
2487 14 237 1567 
2488 2439 1851 2450 
2489 2369 2370 2392 
2490 1817 1815 2003 
2491 1818 1764 2488 
2492 1702 1704 2666 
2493 1587 2030 2031 
2494 1801 2029 2608 
2495 1779 1773 1972 
2496 1111 1649 1986 
2497 2407 2458 2688 
2498 1716 1728 2569 
2499 1747 1736 1748 
2500 1709 1667 2663 
2501 2482 2186 2572 
2502 1789 1787 1791 
2503 1625 2439 2450 
2504 2197 2339 2694 
2505 1652 838 1990 
2506 2066 2073 2536 
2507 2221 2293 2671 
2508 1804 1792 2638 
2509 1697 1996 2618 
2510 2174 2204 2535 
2511 2411 2456 2689 
2512 847 846 1805 
2513 2077 2078 2079 
2514 2400 1984 2404 
2515 2191 1673 2623 
2516 1858 2583 2660 
2517 844 843 2023 
2518 2321 2190 2649 
2519 1649 1112 1987 
2520 2544 1669 2567 
2521 2191 2137 2466 
2522 2578 2111 2616 
2523 2221 2143 2293 
2524 1643 826 1809 
2525 2183 2328 2526 
2526 2100 2201 2504 
2527 1729 1730 2537 
2528 2185 2214 2691 
2529 1833 2514 2617 
2530 2109 2248 2249 
2531 2494 2493 2603 
2532 2368 1911 2566 
2533 1783 1784 1785 
2534 1105 2002 2495 
2535 238 239 2012 
2536 1772 1770 1776 
2537 2483 1740 2522 
2538 2409 2407 2410 
2539 1582 1993 2562 
2540 846 845 2019 
2541 2173 2154 2501 
2542 1689 1709 2005 
2543 2553 2110 2606 
2544 1579 1955 1956 
2545 2402 1829 2448 
2546 2152 2342 2627 
2547 1769 1771 2587 
2548 1113 1580 1987 
2549 848 847 2035 
2550 1767 1657 1768 
2551 1916 1917 1919 
2552 851 850 1800 
2553 1893 1868 2543 
2554 1700 1695 1720 
2555 1943 1892 2425 
2556 2104 2212 2606 
2557 845 844 1583 
2558 2433 1927 2434 
2559 855 854 1799 
2560 1691 1766 2661 
2561 2160 2509 2685 
2562 850 849 2021 
2563 852 851 2036 
2564 1729 1720 1730 
2565 1792 1791 1793 
2566 2151 2153 2154 
2567 859 858 1802 
2568 854 853 2025 
2569 856 855 2039 
2570 2456 2410 2688 
2571 1904 2347 2348 
2572 849 848 1584 
2573 853 852 1585 
2574 858 857 2028 
2575 860 859 2041 
2576 2103 2101 2196 
2577 863 862 2009 
2578 857 856 1586 
2579 2022 1804 2638 
2580 861 860 1587 
2581 865 864 1588 
2582 867 866 2034 
2583 1762 1707 1992 
2584 871 870 2058 
2585 862 861 2038 
2586 864 863 2042 
2587 866 865 2043 
2588 1900 1853 2658 
2589 869 868 1589 
2590 1882 1989 2026 
2591 873 872 1590 
2592 877 876 1591 
2593 868 867 2229 
2594 875 874 2056 
2595 879 878 2053 
2596 1648 169 1974 
2597 870 869 2225 
2598 872 871 2230 
2599 2274 1607 2287 
2600 874 873 2232 
2601 876 875 2231 
2602 883 882 2065 
2603 1856 2432 2435 
2604 878 877 2235 
2605 2154 2155 2156 
2606 888 887 2067 
2607 886 885 2072 
2608 881 880 1592 
2609 885 884 1593 
2610 890 889 1594 
2611 880 879 2243 
2612 2313 2149 2659 
2613 2475 1834 2531 
2614 891 890 2075 
2615 882 881 2240 
2616 893 892 2077 
2617 884 883 2244 
2618 887 886 2242 
2619 2388 1630 2471 
2620 1759 1825 1826 
2621 889 888 2245 
2622 892 891 2250 
2623 2048 2047 2049 
2624 897 896 2089 
2625 898 897 2236 
2626 895 894 1595 
2627 903 902 2092 
2628 901 900 2238 
2629 900 899 1596 
2630 905 904 1597 
2631 906 905 2239 
2632 894 893 2254 
2633 908 907 2097 
2634 896 895 2253 
2635 1677 2542 2556 
2636 899 898 2258 
2637 902 901 2255 
2638 904 903 2259 
2639 1794 1793 1803 
2640 913 912 2109 
2641 907 906 2261 
2642 911 910 2246 
2643 910 909 1598 
2644 2188 2199 2532 
2645 2066 2062 2070 
2646 2211 2113 2664 
2647 917 916 2111 
2648 2277 2145 2298 
2649 915 914 1599 
2650 920 919 1600 
2651 909 908 2268 
2652 1717 1718 1719 
2653 912 911 2264 
2654 914 913 2270 
2655 1580 1114 1991 
2656 922 921 2106 
2657 916 915 2269 
2658 923 922 2252 
2659 2104 2211 2212 
2660 927 926 2114 
2661 921 920 2276 
2662 928 927 2260 
2663 925 924 1601 
2664 933 932 2118 
2665 931 930 2262 
2666 930 929 1602 
2667 935 934 1603 
2668 924 923 2279 
2669 937 936 2127 
2670 926 925 2278 
2671 2209 2110 2616 
2672 942 941 2126 
2673 929 928 2289 
2674 932 931 2280 
2675 938 937 2265 
2676 934 933 2291 
2677 1717 1719 1739 
2678 943 942 2267 
2679 936 935 2295 
2680 2479 2481 2485 
2681 940 939 1604 
2682 945 944 1605 
2683 950 949 1606 
2684 956 955 1607 
2685 951 950 2273 
2686 1575 1819 1820 
2687 946 945 2271 
2688 954 953 2275 
2689 948 947 2149 
2690 953 952 2131 
2691 957 956 2274 
2692 941 940 2303 
2693 939 938 2311 
2694 944 943 2312 
2695 2174 2222 2626 
2696 955 954 2315 
2697 949 948 2313 
2698 952 951 2320 
2699 959 958 2136 
2700 947 946 2319 
2701 960 959 2284 
2702 965 964 2141 
2703 963 962 2294 
2704 966 965 2292 
2705 962 961 1608 
2706 958 957 2325 
2707 968 967 1609 
2708 969 968 2296 
2709 974 973 1610 
2710 971 970 2147 
2711 972 971 2301 
2712 975 974 2300 
2713 977 976 2152 
2714 961 960 2331 
2715 964 963 2326 
2716 978 977 2305 
2717 2047 2007 2597 
2718 967 966 2334 
2719 970 969 2336 
2720 973 972 2335 
2721 1958 1961 2534 
2722 983 982 2159 
2723 976 975 2342 
2724 984 983 2316 
2725 989 988 2162 
2726 980 979 1611 
2727 987 986 2323 
2728 986 985 1612 
2729 992 991 1613 
2730 990 989 2322 
2731 993 992 2324 
2732 979 978 2354 
2733 2317 2181 2509 
2734 985 984 2355 
2735 995 994 2168 
2736 988 987 2353 
2737 991 990 2356 
2738 996 995 2327 
2739 1001 1000 2167 
2740 1007 1006 2171 
2741 999 998 2343 
2742 1002 1001 2332 
2743 1008 1007 2337 
2744 994 993 2374 
2745 998 997 1614 
2746 1004 1003 1615 
2747 1010 1009 1616 
2748 1016 1015 1617 
2749 1013 1012 2179 
2750 1014 1013 2351 
2751 1017 1016 2344 
2752 1000 999 2375 
2753 839 1652 1993 
2754 997 996 2377 
2755 1019 1018 1904 
2756 1003 1002 2378 
2757 1021 1020 2349 
2758 1009 1008 2379 
2759 1011 1010 2382 
2760 1012 1011 2381 
2761 1026 1025 1884 
2762 1015 1014 2380 
2763 1028 1027 2363 
2764 1033 1032 1878 
2765 1024 1023 2357 
2766 1018 1017 2384 
2767 1023 1022 1618 
2768 1035 1034 1912 
2769 1031 1030 2369 
2770 1020 1019 2386 
2771 1030 1029 1619 
2772 1037 1036 1620 
2773 1044 1043 1621 
2774 1039 1038 1873 
2775 1027 1026 2390 
2776 1042 1041 2376 
2777 1045 1044 2372 
2778 1022 1021 2413 
2779 1025 1024 2387 
2780 1041 1040 1872 
2781 1029 1028 2415 
2782 1034 1033 2414 
2783 1032 1031 2392 
2784 1036 1035 2416 
2785 1773 1772 1774 
2786 1049 1048 1910 
2787 1038 1037 2419 
2788 1043 1042 2417 
2789 1047 1046 1869 
2790 1040 1039 2420 
2791 1052 1051 2383 
2792 1051 1050 1622 
2793 1056 1055 1925 
2794 1046 1045 2426 
2795 1058 1057 1623 
2796 1065 1064 1624 
2797 1073 1072 1625 
2798 1081 1080 1626 
2799 1059 1058 2385 
2800 1054 1053 1867 
2801 1061 1060 1863 
2802 1063 1062 1928 
2803 1067 1066 1856 
2804 1094 1093 1829 
2805 1071 1070 1915 
2806 1048 1047 2421 
2807 1075 1074 1851 
2808 1069 1068 1855 
2809 1050 1049 2427 
2810 1079 1078 2398 
2811 1083 1082 1847 
2812 1078 1077 2393 
2813 1092 1091 1830 
2814 1077 1076 1850 
2815 1053 1052 2443 
2816 1096 1095 1831 
2817 1057 1056 2429 
2818 1055 1054 2428 
2819 1064 1063 2430 
2820 1060 1059 2444 
2821 1066 1065 2446 
2822 1072 1071 2437 
2823 1062 1061 2445 
2824 1097 1096 2399 
2825 1074 1073 2450 
2826 1087 1086 2408 
2827 1085 1084 1846 
2828 1080 1079 2440 
2829 1082 1081 2452 
2830 1068 1067 2451 
2831 1070 1069 2449 
2832 1093 1092 2448 
2833 1095 1094 2454 
2834 1076 1075 2453 
2835 1089 1088 1627 
2836 1099 1098 1644 
2837 1084 1083 2457 
2838 1086 1085 2455 
2839 1088 1087 2458 
2840 1098 1097 2459 
2841 919 918 2552 
2842 2039 2040 2608 
2843 2008 2006 2575 
2844 2208 2197 2694 
2845 1100 1099 2461 
2846 2401 1829 2402 
2847 2254 2079 2610 
2848 1575 1818 1819 
2849 1903 2359 2590 
2850 1602 2290 2612 
2851 1893 1909 2692 
2852 1822 1836 2662 
2853 24 1100 1907 
2854 165 166 2462 
2855 2328 2183 2330 
2856 2215 2266 2702 
2857 1768 1657 1973 
2858 2202 2095 2203 
2859 2493 1574 2603 
2860 982 981 2558 
2861 1815 1814 1816 
2862 2531 1835 2652 
2863 2307 2501 2592 
2864 1826 1827 1828 
2865 2176 2170 2177 
2866 2366 2360 2391 
2867 1955 1954 2538 
2868 2070 2063 2082 
2869 1828 1832 1842 
2870 2287 1607 2288 
2871 1842 1843 1844 
2872 1844 1845 1848 
2873 1775 1971 2473 
2874 1115 1653 1991 
2875 2223 2114 2278 
2876 1968 2003 2013 
2877 1569 1948 1949 
2878 1660 1988 2489 
2879 14 1567 1916 
2880 2117 2281 2612 
2881 2286 2274 2287 
2882 1622 2423 2653 
2883 2155 1674 2699 
2884 1945 2497 2701 
2885 2460 1679 2665 
2886 1981 238 2012 
2887 1956 1955 1957 
2888 239 240 1647 
2889 2247 2203 2474 
2890 2178 2177 2180 
2891 2112 2202 2598 
2892 2108 2247 2474 
2893 1579 1118 1954 
2894 1601 2223 2278 
2895 2481 2479 2573 
2896 1919 1920 1921 
2897 2393 2395 2398 
2898 2050 2049 2059 
2899 151 152 1572 
2900 2210 2110 2553 
2901 1906 1887 2642 
2902 1835 2531 2617 
2903 1987 1580 2483 
2904 918 917 2578 
2905 1967 1765 1968 
2906 2052 2068 2071 
2907 1702 1701 1703 
2908 1585 2037 2614 
2909 2634 1905 2645 
2910 816 817 1635 
2911 2079 2081 2610 
2912 1837 1823 1838 
2913 1634 1780 1781 
2914 1579 1956 1998 
2915 2143 2277 2293 
2916 2026 1669 2544 
2917 2331 2284 2673 
2918 1582 840 1993 
2919 2202 2239 2598 
2920 1682 117 1777 
2921 1005 1004 2576 
2922 1704 1922 2666 
2923 981 980 2585 
2924 1703 1701 2697 
2925 1764 1765 2488 
2926 2338 2184 2340 
2927 1820 1822 2515 
2928 2166 2164 2174 
2929 1956 1958 2534 
2930 2096 2094 2098 
2931 1653 1116 1998 
2932 1938 1935 2586 
2933 2220 2526 2529 
2934 1820 1821 1822 
2935 1721 1724 2018 
2936 1988 1660 1989 
2937 1665 2463 2668 
2938 2105 2103 2198 
2939 1606 2314 2639 
2940 2030 1587 2041 
2941 164 165 1655 
2942 1822 1823 1836 
2943 1915 2436 2438 
2944 2424 1943 2425 
2945 1719 1721 1722 
2946 1802 2030 2041 
2947 147 148 2470 
2948 1821 1819 1967 
2949 1571 1752 2557 
2950 168 1648 1997 
2951 811 1642 2622 
2952 150 151 1995 
2953 1836 1837 1839 
2954 2500 1784 2651 
2955 1993 2001 2562 
2956 2378 2332 2683 
2957 2020 1713 2625 
2958 1878 2370 2629 
2959 1698 2513 2593 
2960 2288 1607 2315 
2961 1634 828 1780 
2962 1090 1089 2589 
2963 2027 2601 2661 
2964 2393 2394 2395 
2965 1802 2029 2030 
2966 2049 2047 2460 
2967 1722 2283 2596 
2968 2422 2424 2425 
2969 2438 1946 2682 
2970 2014 1816 2505 
2971 2051 2233 2234 
2972 2407 2406 2628 
2973 1717 1739 2486 
2974 1713 1715 2625 
2975 1969 1919 2604 
2976 1715 1717 2486 
2977 1776 1770 2512 
2978 2283 1940 2596 
2979 2142 2285 2621 
2980 2563 1679 2597 
2981 2302 2188 2532 
2982 240 241 2465 
2983 1838 1823 2607 
2984 2078 2077 2250 
2985 1936 1921 2004 
2986 2275 2288 2315 
2987 1626 2441 2442 
2988 1929 1930 2602 
2989 24 1907 1908 
2990 1659 2564 2565 
2991 2114 2223 2517 
2992 2099 2098 2100 
2993 1919 1921 2677 
2994 2256 1597 2259 
2995 1909 2422 2425 
2996 1628 155 1969 
2997 1117 1579 1998 
2998 2248 2109 2264 
2999 2044 2045 2046 
3000 2466 2138 2467 
3001 2075 2078 2250 
3002 1654 1120 2601 
3003 1916 1567 1917 
3004 1983 1858 2660 
3005 1590 2227 2233 
3006 1650 1570 1651 
3007 1935 1921 1936 
3008 2282 1603 2291 
3009 1006 1005 2615 
3010 1693 1694 1695 
3011 841 1582 2011 
3012 1684 1683 1685 
3013 2001 1795 2562 
3014 2092 2256 2259 
3015 2189 2321 2639 
3016 1814 1813 2640 
3017 2246 2248 2264 
3018 2200 1663 2206 
3019 2186 2219 2572 
3020 2219 2523 2572 
3021 1636 1684 1690 
3022 2075 2076 2078 
3023 2442 1847 2452 
3024 2479 2480 2573 
3025 2638 1796 2643 
3026 1959 1737 1960 
3027 1626 2440 2441 
3028 2118 2282 2291 
3029 1773 1774 1972 
3030 1930 2468 2653 
3031 2227 1590 2230 
3032 2090 2216 2257 
3033 1797 2040 2614 
3034 1748 1762 1763 
3035 2101 2100 2504 
3036 2418 1943 2654 
3037 2299 2147 2336 
3038 1699 805 2663 
3039 1727 1726 2636 
3040 2447 1902 2695 
3041 2021 2022 2643 
3042 2224 2205 2551 
3043 1686 1685 1687 
3044 1626 2442 2452 
3045 2309 1611 2354 
3046 2246 2247 2248 
3047 1989 1882 2647 
3048 2318 1612 2355 
3049 2516 2514 2530 
3050 2058 2227 2230 
3051 2397 2439 2619 
3052 1597 2256 2598 
3053 1993 1652 2001 
3054 241 242 1576 
3055 1795 1980 2562 
3056 125 22 2632 
3057 2559 2014 2560 
3058 2498 1671 2624 
3059 1735 1738 1744 
3060 1765 1967 2488 
3061 2296 2299 2336 
3062 2409 1852 2583 
3063 2094 2093 2206 
3064 2026 1881 2644 
3065 2286 2136 2325 
3066 2340 1616 2379 
3067 2118 2281 2282 
3068 2222 1672 2487 
3069 1680 2563 2597 
3070 2305 2309 2354 
3071 2347 1904 2384 
3072 2298 1609 2334 
3073 154 1628 1933 
3074 1704 1703 1755 
3075 2316 2318 2355 
3076 2366 1884 2387 
3077 1579 1954 1955 
3078 2161 2158 2163 
3079 2256 2112 2598 
3080 2081 2213 2610 
3081 1783 1781 1784 
3082 2147 2299 2302 
3083 1752 1753 2502 
3084 1687 1941 2593 
3085 2285 2136 2286 
3086 2406 2407 2409 
3087 1753 1751 1754 
3088 1571 1751 1752 
3089 2463 1710 2668 
3090 2297 1609 2298 
3091 2274 2286 2325 
3092 1695 1694 1696 
3093 2142 2221 2673 
3094 2337 2340 2379 
3095 1638 2481 2573 
3096 2329 2168 2374 
3097 2549 1942 2684 
3098 2205 2498 2624 
3099 2432 1856 2446 
3100 2344 2347 2384 
3101 1967 1819 2488 
3102 1612 2318 2482 
3103 2292 2298 2334 
3104 1979 1581 2540 
3105 2091 2087 2093 
3106 2595 101 2668 
3107 2007 2045 2575 
3108 2357 2366 2387 
3109 2164 2163 2204 
3110 1990 1631 2496 
3111 2506 2505 2539 
3112 2352 1617 2380 
3113 2296 2297 2299 
3114 1734 1735 1736 
3115 2079 2080 2081 
3116 1603 2282 2702 
3117 1661 2224 2699 
3118 1693 1688 1694 
3119 2305 2306 2309 
3120 149 150 2471 
3121 2328 2168 2329 
3122 1827 2016 2524 
3123 23 1667 1689 
3124 1730 1720 1731 
3125 2324 2329 2374 
3126 1576 1962 1963 
3127 2316 2317 2318 
3128 1624 2432 2446 
3129 2424 1869 2426 
3130 2030 1807 2031 
3131 1884 2366 2391 
3132 2081 2083 2084 
3133 2345 1617 2352 
3134 2351 2352 2380 
3135 1977 1976 2480 
3136 2084 2085 2086 
3137 1891 2434 2528 
3138 1569 1947 1948 
3139 2329 2324 2529 
3140 2337 2338 2340 
3141 2362 2367 2371 
3142 2397 1850 2453 
3143 1940 1739 2596 
3144 2401 1831 2454 
3145 2371 1619 2415 
3146 2344 2345 2347 
3147 2216 2112 2256 
3148 2372 2424 2426 
3149 1921 1935 2677 
3150 2422 1869 2424 
3151 2423 1910 2686 
3152 161 162 2503 
3153 2408 2455 2688 
3154 2357 2358 2366 
3155 2440 2395 2441 
3156 1567 237 1981 
3157 1722 2018 2464 
3158 2166 2174 2626 
3159 1886 2549 2684 
3160 1851 2397 2453 
3161 1829 2401 2454 
3162 2394 1850 2397 
3163 1667 1699 2663 
3164 2363 2371 2415 
3165 2044 2033 2045 
3166 1803 1793 2463 
3167 2400 1831 2401 
3168 1963 1965 2521 
3169 2544 1670 2646 
3170 163 164 2508 
3171 2069 2052 2071 
3172 1624 2431 2432 
3173 2346 2193 2447 
3174 1847 2442 2689 
3175 2003 1815 2013 
3176 1790 842 2011 
3177 2210 2578 2616 
3178 1610 2335 2532 
3179 1787 1785 2015 
3180 2051 2069 2574 
3181 2017 1888 2524 
3182 1650 1962 2499 
3183 1865 1923 2543 
3184 1091 1090 2678 
3185 1946 1895 2619 
3186 1886 1911 2655 
3187 1919 1917 1920 
3188 1724 1727 2018 
3189 2402 2412 2520 
3190 2306 2152 2627 
3191 2204 2163 2205 
3192 1968 2559 2607 
3193 1730 1731 1732 
3194 1758 1759 2613 
3195 2398 2395 2440 
3196 2059 2049 2060 
3197 2093 2200 2206 
3198 1741 1959 2636 
3199 1722 1721 2018 
3200 2032 2009 2674 
3201 2403 2405 2406 
3202 2002 1746 2495 
3203 148 149 1630 
3204 1901 2487 2489 
3205 1965 1966 2516 
3206 1897 1896 2652 
3207 1732 1733 1734 
3208 159 1637 2485 
3209 2307 2173 2501 
3210 2190 2133 2541 
3211 1896 1839 2475 
3212 2350 2348 2590 
3213 1571 1750 1751 
3214 1871 1942 2549 
3215 2009 2038 2674 
3216 1951 1938 2580 
3217 1578 167 1997 
3218 2314 2313 2659 
3219 242 243 2499 
3220 2151 2146 2153 
3221 2583 1845 2660 
3222 2248 2108 2249 
3223 2179 2381 2691 
3224 1988 1989 2647 
3225 1920 1917 2530 
3226 1798 1794 1803 
3227 2135 2182 2541 
3228 2144 2140 2218 
3229 1882 2026 2644 
3230 1843 1983 2660 
3231 153 1933 2588 
3232 2184 2263 2340 
3233 2467 1676 2519 
3234 1921 1920 2004 
3235 1770 1768 2512 
3236 1670 2634 2645 
3237 1835 2514 2516 
3238 2038 2031 2674 
3239 1933 2000 2588 
3240 2154 2153 2155 
3241 1601 2279 2664 
3242 1820 1819 1821 
3243 1947 1646 2554 
3244 2360 2359 2361 
3245 2027 1729 2538 
3246 1796 2037 2643 
3247 843 1790 2023 
3248 2156 2155 2224 
3249 2098 2094 2206 
3250 2604 1919 2677 
3251 1681 2500 2651 
3252 2279 2211 2664 
3253 1822 1821 1823 
3254 2054 2050 2059 
3255 2460 2047 2597 
3256 1963 1964 1965 
3257 2004 1920 2514 
3258 2175 2208 2683 
3259 2165 2526 2620 
3260 1933 1628 1934 
3261 1944 1945 2684 
3262 1836 1823 1837 
3263 2526 2220 2620 
3264 2477 1978 2478 
3265 1839 1837 1840 
3266 1937 1999 2000 
3267 2079 2078 2080 
3268 808 1706 2630 
3269 2116 2105 2198 
3270 2121 2119 2507 
3271 1748 1736 1762 
3272 2174 2164 2204 
3273 2196 2101 2504 
3274 2125 2123 2138 
3275 2490 1672 2535 
3276 1791 1787 2015 
3277 1674 2577 2699 
3278 2132 2129 2137 
3279 1732 1731 1733 
3280 1651 1570 2533 
3281 2139 2134 2187 
3282 2233 2227 2234 
3283 162 163 1568 
3284 1893 2543 2602 
3285 1828 1842 1889 
3286 1734 1733 1735 
3287 2228 1913 2476 
3288 2188 2151 2631 
3289 1805 846 2019 
3290 1966 1897 2652 
3291 2439 1625 2682 
3292 1768 1973 2512 
3293 847 1805 2035 
3294 1992 115 2600 
3295 243 244 1650 
3296 1967 1968 2607 
3297 2180 2177 2222 
3298 1879 1901 1988 
3299 1910 2421 2686 
3300 2543 1923 2602 
3301 2170 2166 2626 
3302 1866 1870 1881 
3303 1874 1876 1882 
3304 2372 1621 2654 
3305 1854 1859 1905 
3306 1583 844 2023 
3307 1852 2410 2657 
3308 23 1689 1691 
3309 1957 1955 2537 
3310 2070 2062 2484 
3311 2081 2080 2083 
3312 2086 2085 2556 
3313 2084 2083 2085 
3314 1965 1964 1966 
3315 2395 2394 2396 
3316 2284 2285 2673 
3317 1726 1741 2636 
3318 845 1583 2019 
3319 1625 2437 2682 
3320 1678 2525 2548 
3321 2401 2402 2520 
3322 2531 1834 2617 
3323 1576 1963 2465 
3324 2223 1601 2664 
3325 1949 1948 1950 
3326 1911 1885 2655 
3327 1861 1864 2609 
3328 1999 1572 2000 
3329 2479 1977 2480 
3330 1800 850 2021 
3331 851 1800 2036 
3332 1941 1698 2593 
3333 2577 1661 2699 
3334 1686 1687 1688 
3335 1815 1816 2013 
3336 1584 848 2035 
3337 2007 1680 2597 
3338 1780 1681 2651 
3339 2514 1920 2530 
3340 1995 2388 2471 
3341 1694 1697 2618 
3342 1962 1576 2499 
3343 1799 854 2025 
3344 855 1799 2039 
3345 2318 2317 2509 
3346 849 1584 2021 
3347 2425 1892 2692 
3348 1585 852 2036 
3349 1963 1962 1964 
3350 1802 858 2028 
3351 859 1802 2041 
3352 853 1585 2025 
3353 1586 856 2039 
3354 2220 2172 2620 
3355 2332 2333 2683 
3356 1896 2531 2652 
3357 857 1586 2028 
3358 1587 860 2041 
3359 2389 2494 2603 
3360 1759 1826 2613 
3361 2545 1776 2546 
3362 863 2009 2042 
3363 2009 862 2038 
3364 861 1587 2038 
3365 1588 864 2042 
3366 865 1588 2043 
3367 2034 866 2043 
3368 2559 1838 2607 
3369 867 2034 2229 
3370 1785 1784 2579 
3371 2058 870 2225 
3372 871 2058 2230 
3373 1589 868 2229 
3374 1738 1758 2613 
3375 869 1589 2225 
3376 1590 872 2230 
3377 873 1590 2232 
3378 1838 2559 2560 
3379 1591 876 2231 
3380 877 1591 2235 
3381 875 2056 2231 
3382 2056 874 2232 
3383 1650 1651 1962 
3384 2053 878 2235 
3385 2496 1812 2641 
3386 879 2053 2243 
3387 2065 882 2240 
3388 1592 880 2243 
3389 883 2065 2244 
3390 881 1592 2240 
3391 885 1593 2072 
3392 886 2072 2242 
3393 2067 887 2242 
3394 888 2067 2245 
3395 1593 884 2244 
3396 1594 889 2245 
3397 890 1594 2075 
3398 891 2075 2250 
3399 2077 892 2250 
3400 1700 2027 2661 
3401 893 2077 2254 
3402 2491 1635 2492 
3403 897 2089 2236 
3404 1595 894 2254 
3405 2089 896 2253 
3406 900 1596 2238 
3407 895 1595 2253 
3408 898 2236 2258 
3409 905 1597 2239 
3410 1596 899 2258 
3411 903 2092 2259 
3412 2092 902 2255 
3413 901 2238 2255 
3414 1597 904 2259 
3415 2201 1675 2504 
3416 1952 1754 2580 
3417 2199 2188 2631 
3418 906 2239 2261 
3419 2097 907 2261 
3420 908 2097 2268 
3421 2109 912 2264 
3422 2439 1946 2619 
3423 913 2109 2270 
3424 910 1598 2246 
3425 1598 909 2268 
3426 911 2246 2264 
3427 2212 2553 2606 
3428 2016 1827 2675 
3429 1599 914 2270 
3430 2111 916 2269 
3431 915 1599 2269 
3432 920 1600 2276 
3433 2106 921 2276 
3434 922 2106 2252 
3435 927 2114 2260 
3436 923 2252 2279 
3437 1784 2500 2579 
3438 2114 926 2278 
3439 2477 1568 2508 
3440 2492 1635 2493 
3441 166 1578 2462 
3442 1601 924 2279 
3443 925 1601 2278 
3444 928 2260 2289 
3445 930 1602 2262 
3446 1602 929 2289 
3447 2118 932 2280 
3448 933 2118 2291 
3449 931 2262 2280 
3450 1603 934 2291 
3451 935 1603 2295 
3452 2127 936 2295 
3453 937 2127 2265 
3454 942 2126 2267 
3455 1844 1848 2605 
3456 2126 941 2303 
3457 938 2265 2311 
3458 943 2267 2312 
3459 940 1604 2303 
3460 1604 939 2311 
3461 950 1606 2273 
3462 945 1605 2271 
3463 1605 944 2312 
3464 953 2131 2275 
3465 1819 1818 2488 
3466 1600 919 2552 
3467 956 1607 2274 
3468 1607 955 2315 
3469 1606 949 2313 
3470 951 2273 2320 
3471 954 2275 2315 
3472 946 2271 2319 
3473 948 2149 2313 
3474 2149 947 2319 
3475 2131 952 2320 
3476 957 2274 2325 
3477 2136 958 2325 
3478 959 2136 2284 
3479 2182 2286 2287 
3480 965 2141 2292 
3481 962 1608 2294 
3482 960 2284 2331 
3483 2141 964 2326 
3484 963 2294 2326 
3485 1608 961 2331 
3486 968 1609 2296 
3487 966 2292 2334 
3488 971 2147 2301 
3489 1609 967 2334 
3490 974 1610 2300 
3491 969 2296 2336 
3492 2147 970 2336 
3493 1610 973 2335 
3494 972 2301 2335 
3495 975 2300 2342 
3496 2152 976 2342 
3497 977 2152 2305 
3498 2365 2368 2629 
3499 1763 1762 1992 
3500 978 2305 2354 
3501 983 2159 2316 
3502 2406 2405 2628 
3503 2021 1584 2022 
3504 1611 979 2354 
3505 984 2316 2355 
3506 989 2162 2322 
3507 986 1612 2323 
3508 2162 988 2353 
3509 987 2323 2353 
3510 1612 985 2355 
3511 992 1613 2324 
3512 1613 991 2356 
3513 990 2322 2356 
3514 2162 2353 2572 
3515 993 2324 2374 
3516 2168 994 2374 
3517 995 2168 2327 
3518 1001 2167 2332 
3519 1858 2409 2583 
3520 1007 2171 2337 
3521 2167 1000 2375 
3522 996 2327 2377 
3523 999 2343 2375 
3524 998 1614 2343 
3525 1002 2332 2378 
3526 1008 2337 2379 
3527 1614 997 2377 
3528 1615 1003 2378 
3529 1013 2179 2351 
3530 1616 1009 2379 
3531 1016 1617 2344 
3532 1010 1616 2382 
3533 2179 1012 2381 
3534 1617 1015 2380 
3535 1014 2351 2380 
3536 2381 1011 2382 
3537 1017 2344 2384 
3538 2370 2365 2629 
3539 1904 1018 2384 
3540 1019 1904 2386 
3541 2349 1020 2386 
3542 1021 2349 2413 
3543 1026 1884 2390 
3544 917 2111 2578 
3545 2363 1027 2390 
3546 1884 1025 2387 
3547 1652 1990 2641 
3548 1028 2363 2415 
3549 1968 2013 2559 
3550 1023 1618 2357 
3551 1024 2357 2387 
3552 2063 2070 2484 
3553 1738 2613 2687 
3554 1618 1022 2413 
3555 1033 1878 2414 
3556 1878 1032 2392 
3557 1030 1619 2369 
3558 1031 2369 2392 
3559 1912 1034 2414 
3560 1619 1029 2415 
3561 1035 1912 2416 
3562 1620 1036 2416 
3563 1044 1621 2372 
3564 2159 982 2558 
3565 1037 1620 2419 
3566 1621 1043 2417 
3567 1041 1872 2376 
3568 1873 1038 2419 
3569 1042 2376 2417 
3570 1039 1873 2420 
3571 1872 1040 2420 
3572 1045 2372 2426 
3573 1684 1685 1686 
3574 1869 1046 2426 
3575 2489 1672 2490 
3576 1910 1048 2421 
3577 1047 1869 2421 
3578 1049 1910 2427 
3579 1051 1622 2383 
3580 1622 1050 2427 
3581 1052 2383 2443 
3582 1058 1623 2385 
3583 1056 1925 2429 
3584 1925 1055 2428 
3585 1623 1057 2429 
3586 1867 1053 2443 
3587 1054 1867 2428 
3588 1624 1064 2430 
3589 1065 1624 2446 
3590 1059 2385 2444 
3591 1625 1072 2437 
3592 1073 1625 2450 
3593 1063 1928 2430 
3594 1863 1060 2444 
3595 1081 1626 2452 
3596 1061 1863 2445 
3597 1626 1080 2440 
3598 1928 1062 2445 
3599 1856 1066 2446 
3600 1071 1915 2437 
3601 1067 1856 2451 
3602 1851 1074 2450 
3603 1915 1070 2449 
3604 1078 2393 2398 
3605 1094 1829 2454 
3606 1829 1093 2448 
3607 1855 1068 2451 
3608 1069 1855 2449 
3609 1079 2398 2440 
3610 1847 1082 2452 
3611 1075 1851 2453 
3612 1077 1850 2393 
3613 1092 1830 2448 
3614 1831 1095 2454 
3615 1850 1076 2453 
3616 1083 1847 2457 
3617 1096 1831 2399 
3618 1846 1084 2457 
3619 1085 1846 2455 
3620 2408 1086 2455 
3621 1097 2399 2459 
3622 1087 2408 2458 
3623 1627 1088 2458 
3624 1644 1098 2459 
3625 2013 1816 2014 
3626 2637 2314 2659 
3627 2552 918 2578 
3628 1696 1694 2618 
3629 2060 2049 2460 
3630 2014 2506 2560 
3631 2486 1739 2693 
3632 1099 1644 2461 
3633 1752 1751 1753 
3634 2577 1674 2623 
3635 2294 2293 2326 
3636 1680 2010 2563 
3637 1585 2036 2037 
3638 2505 1908 2539 
3639 1660 2489 2490 
3640 980 1611 2585 
3641 1942 1944 2684 
3642 1907 1100 2461 
3643 1004 1615 2576 
3644 1678 2548 2700 
3645 2288 2275 2649 
3646 1805 2019 2581 
3647 1704 1755 1941 
3648 1813 2591 2640 
3649 2039 1799 2040 
3650 2205 2163 2551 
3651 2024 1950 2662 
3652 2558 981 2585 
3653 1802 2028 2029 
3654 1777 1778 2599 
3655 1720 1695 2518 
3656 2537 1955 2538 
3657 1935 1936 2586 
3658 2012 1647 2521 
3659 1572 152 2588 
3660 1913 1899 2680 
3661 1702 1703 1704 
3662 1896 2475 2531 
3663 2104 2606 2650 
3664 1715 2486 2625 
3665 2014 2505 2506 
3666 2171 1006 2615 
3667 2455 2456 2688 
3668 2501 2157 2592 
3669 1089 1627 2589 
3670 2139 2187 2656 
3671 2015 1785 2579 
3672 2570 2396 2571 
3673 2225 1589 2226 
3674 1641 2495 2681 
3675 2181 2592 2685 
3676 2232 1590 2233 
3677 2231 2056 2574 
3678 2240 1592 2241 
3679 2251 1908 2505 
3680 2075 1594 2076 
3681 1881 2026 2544 
3682 2424 2372 2654 
3683 1985 1666 2670 
3684 2236 2089 2237 
3685 2255 2238 2257 
3686 1995 1999 2388 
3687 2246 1598 2247 
3688 2156 2224 2551 
3689 2364 1883 2690 
3690 2260 2114 2517 
3691 239 1647 2012 
3692 1602 2289 2290 
3693 2118 2280 2281 
3694 2373 1945 2701 
3695 1593 2244 2536 
3696 2265 2127 2266 
3697 2126 2303 2304 
3698 2271 1605 2272 
3699 1606 2313 2314 
3700 2131 2320 2321 
3701 2284 2136 2285 
3702 2296 1609 2297 
3703 1830 1091 2678 
3704 2301 2147 2302 
3705 2410 2411 2657 
3706 2305 2152 2306 
3707 2316 2159 2317 
3708 1005 2576 2615 
3709 2158 2156 2551 
3710 2323 1612 2482 
3711 2356 2322 2523 
3712 1620 2416 2566 
3713 2324 1613 2529 
3714 2327 2168 2328 
3715 2343 1614 2547 
3716 2332 2167 2333 
3717 2337 2171 2338 
3718 1739 1719 2596 
3719 2344 1617 2345 
3720 2146 2144 2550 
3721 2390 1884 2391 
3722 2357 1618 2358 
3723 1655 2477 2508 
3724 1996 1824 2618 
3725 1872 2420 2497 
3726 1621 2417 2418 
3727 2421 1869 2422 
3728 2422 1909 2686 
3729 1867 2443 2468 
3730 2429 1925 2510 
3731 2385 1623 2511 
3732 2445 1863 2472 
3733 1624 2430 2431 
3734 2437 1915 2438 
3735 2393 1850 2394 
3736 2399 1831 2400 
3737 2455 1846 2456 
3738 2218 2139 2656 
3739 2461 1644 2555 
3740 1839 1840 2475 
3741 1898 1913 2680 
3742 2605 1708 2676 
3743 2683 2208 2694 
3744 1573 1702 2666 
3745 2548 1677 2700 
3746 2535 2204 2624 
3747 2177 2170 2626 
3748 2000 1572 2588 
3749 2001 1652 2641 
3750 2187 2623 2656 
3751 2181 2308 2592 
3752 1990 2496 2641 
3753 245 246 1570 
3754 2533 1638 2573 
3755 2275 2131 2649 
3756 1695 1696 2518 
3757 1655 2476 2477 
3758 1090 2589 2678 
3759 1710 2595 2668 
3760 1890 1914 2667 
3761 1911 2373 2566 
3762 1731 1720 2518 
3763 2072 1593 2536 
3764 1914 1891 2667 
3765 2190 2288 2649 
3766 1995 1572 1999 
3767 2421 2422 2686 
3768 1621 2418 2654 
3769 1845 2583 2584 
3770 1834 2016 2675 
3771 1674 2218 2656 
3772 1677 2556 2700 
3773 2031 2008 2674 
3774 2437 2438 2682 
3775 2010 1665 2563 
3776 1655 165 2462 
3777 2308 2307 2592 
3778 2381 2341 2691 
3779 2227 2057 2234 
3780 2622 1642 2697 
3781 1988 1901 2489 
3782 1729 2537 2538 
3783 1662 2467 2519 
3784 1655 2462 2476 
3785 1930 1893 2602 
3786 1671 2490 2535 
3787 2008 2575 2611 
3788 2394 2397 2582 
3789 1784 1781 2651 
3790 2513 1698 2586 
3791 1781 1780 2651 
3792 1936 2513 2586 
3793 2487 1672 2489 
3794 1679 2460 2597 
3795 2312 2267 2672 
3796 2239 1597 2598 
3797 2525 1664 2548 
3798 2383 1622 2653 
3799 2633 1905 2634 
3800 2131 2321 2649 
3801 2492 2493 2494 
3802 159 160 1637 
3803 1647 240 2465 
3804 2414 1878 2629 
3805 1766 1700 2661 
3806 1682 1777 2599 
3807 1719 1722 2596 
3808 2285 2286 2621 
3809 2033 2032 2611 
3810 1923 1929 2602 
3811 1763 1992 2600 
3812 1762 1736 2594 
3813 151 1572 1995 
3814 2286 2182 2621 
3815 1840 1837 2561 
3816 2486 1639 2625 
3817 2457 1847 2689 
3818 11 146 1574 
3819 1604 2311 2696 
3820 2221 2671 2673 
3821 1812 2001 2641 
3822 1628 1969 2604 
3823 1934 2604 2677 
3824 2163 2158 2551 
3825 2411 1900 2657 
3826 1736 1735 2594 
3827 2110 2210 2616 
3828 1577 157 2485 
3829 1828 1889 2687 
3830 2173 2199 2631 
3831 2575 2045 2611 
3832 2045 2033 2611 
3833 1662 2466 2467 
3834 1948 1947 2554 
3835 2583 1852 2584 
3836 2609 1670 2645 
3837 1859 1861 2645 
3838 2513 1697 2593 
3839 2222 2177 2626 
3840 1870 1874 2644 
3841 2144 2218 2550 
3842 2153 2146 2550 
3843 1864 1866 2646 
3844 2623 1674 2656 
3845 1876 1879 2647 
3846 2148 2637 2659 
3847 2013 2014 2559 
3848 1962 1651 2669 
3849 1701 2622 2697 
3850 164 1655 2508 
3851 241 1576 2465 
3852 150 1995 2471 
3853 2204 2205 2624 
3854 2591 1658 2640 
3855 2295 1603 2702 
3856 1838 2560 2561 
3857 2556 2085 2700 
3858 1964 1962 2669 
3859 1945 1886 2684 
3860 1735 1744 2594 
3861 2143 2221 2698 
3862 1934 1628 2604 
3863 248 249 1638 
3864 2396 2394 2582 
3865 1844 2605 2676 
3866 1873 2419 2701 
3867 2495 1746 2681 
3868 1879 1988 2647 
3869 1874 1882 2644 
3870 1866 1881 2646 
3871 148 1630 2470 
3872 2221 2142 2698 
3873 1861 2609 2645 
3874 1842 1844 2676 
3875 1576 242 2499 
3876 2293 2294 2671 
3877 1826 1828 2687 
3878 2224 2155 2699 
3879 2294 1608 2671 
3880 1782 2545 2546 
3881 1630 149 2471 
3882 1881 1870 2644 
3883 1905 1859 2645 
3884 1882 1876 2647 
3885 2609 1864 2646 
3886 2657 1900 2658 
3887 2589 1627 2628 
3888 2032 2008 2611 
3889 1639 2486 2693 
3890 1889 1842 2676 
3891 2582 2397 2619 
3892 2502 1703 2697 
3893 1568 163 2508 
3894 2008 2032 2674 
3895 2599 1763 2600 
3896 162 1568 2503 
3897 1682 2599 2600 
3898 2592 2157 2685 
3899 1909 2423 2686 
3900 1837 1838 2561 
3901 2613 1826 2687 
3902 2165 2620 2679 
3903 2113 2223 2664 
3904 1710 2015 2579 
3905 243 1650 2499 
3906 2576 1615 2694 
3907 2579 2500 2595 
3908 1852 2657 2658 
3909 1946 2439 2682 
3910 12 157 1577 
3911 1673 2577 2623 
3912 1710 2579 2595 
3913 1895 2582 2619 
3914 1881 2544 2646 
3915 1671 2535 2624 
3916 2341 2381 2382 
3917 2210 2552 2578 
3918 2310 2558 2585 
3919 2565 2633 2634 
3920 2576 2339 2615 
3921 1836 2024 2662 
3922 2405 2589 2628 
3923 2589 2405 2678 
3924 2606 2102 2650 
3925 2500 100 2595 
3926 2481 1577 2485 
3927 2339 2576 2694 
3928 2480 2533 2573 
3929 818 11 1574 
3930 244 245 1570 
3931 247 248 1638 
3932 8 100 2500 
3933 830 8 1681 
3934 1681 8 2500 
3935 115 9 2600 
3936 9 116 1682 
3937 9 1682 2600 
3938 19 805 1699 
3939 1122 19 1699 
3940 181 21 1705 
3941 21 1124 1705 
3942 1123 24 1658 
3943 821 831 25 
3944 1662 107 2568 
3945 1707 114 1992 
3946 146 147 1574 
3947 160 161 1637 
3948 246 247 1570 
3949 249 250 1638 
3950 817 818 1635 
3951 831 821 1757 
3952 1121 1122 1699 
3953 1922 1704 1941 
3954 1744 1708 2564 
3955 1751 1750 2492 
3956 1750 2491 2492 
3957 1789 1939 1975 
3958 1793 1791 2015 
3959 2100 2098 2206 
3960 2119 2116 2198 
3961 2123 2121 2507 
3962 2129 2125 2138 
3963 2134 2132 2137 
3964 2155 2153 2550 
2 4 3 63
3965 19 145 2703 1122 
3966 145 144 2704 2703 
3967 144 143 2705 2704 
3968 143 142 2706 2705 
3969 142 141 2707 2706 
3970 141 140 2708 2707 
3971 140 139 2709 2708 
3972 139 138 2710 2709 
3973 138 137 2711 2710 
3974 137 136 2712 2711 
3975 136 135 2713 2712 
3976 135 134 2714 2713 
3977 134 133 2715 2714 
3978 133 132 2716 2715 
3979 132 131 2717 2716 
3980 131 130 2718 2717 
3981 130 129 2719 2718 
3982 129 128 2720 2719 
3983 128 127 2721 2720 
3984 127 126 2722 2721 
3985 126 10 820 2722 
3986 1122 2703 2723 1121 
3987 2703 2704 2724 2723 
3988 2704 2705 2725 2724 
3989 2705 2706 2726 2725 
3990 2706 2707 2727 2726 
3991 2707 2708 2728 2727 
3992 2708 2709 2729 2728 
3993 2709 2710 2730 2729 
3994 2710 2711 2731 2730 
3995 2711 2712 2732 2731 
3996 2712 2713 2733 2732 
3997 2713 2714 2734 2733 
3998 2714 2715 2735 2734 
3999 2715 2716 2736 2735 
4000 2716 2717 2737 2736 
4001 2717 2718 2738 2737 
4002 2718 2719 2739 2738 
4003 2719 2720 2740 2739 
4004 2720 2721 2741 2740 
4005 2721 2722 2742 2741 
4006 2722 820 819 2742 
4007 1121 2723 1120 23 
4008 2723 2724 1119 1120 
4009 2724 2725 1118 1119 
4010 2725 2726 1117 1118 
4011 2726 2727 1116 1117 
4012 2727 2728 1115 1116 
4013 2728 2729 1114 1115 
4014 2729 2730 1113 1114 
4015 2730 2731 1112 1113 
4016 2731 2732 1111 1112 
4017 2732 2733 1110 1111 
4018 2733 2734 1109 1110 
4019 2734 2735 1108 1109 
4020 2735 2736 1107 1108 
4021 2736 2737 1106 1107 
4022 2737 2738 1105 1106 
4023 2738 2739 1104 1105 
4024 2739 2740 1103 1104 
4025 2740 2741 1102 1103 
4026 2741 2742 1101 1102 
4027 2742 819 22 1101 
2 5 3 813
4028 7 804 2743 98 
4029 804 803 2744 2743 
4030 803 802 2745 2744 
4031 802 801 2746 2745 
4032 801 800 2747 2746 
4033 800 799 2748 2747 
4034 799 798 2749 2748 
4035 798 797 2750 2749 
4036 797 796 2751 2750 
4037 796 795 2752 2751 
4038 795 794 2753 2752 
4039 794 793 2754 2753 
4040 793 792 2755 2754 
4041 792 791 2756 2755 
4042 791 790 2757 2756 
4043 790 789 2758 2757 
4044 789 788 2759 2758 
4045 788 787 2760 2759 
4046 787 786 2761 2760 
4047 786 785 2762 2761 
4048 785 784 2763 2762 
4049 784 783 2764 2763 
4050 783 782 2765 2764 
4051 782 781 2766 2765 
4052 781 780 2767 2766 
4053 780 779 2768 2767 
4054 779 778 2769 2768 
4055 778 777 2770 2769 
4056 777 776 2771 2770 
4057 776 775 2772 2771 
4058 775 774 2773 2772 
4059 774 773 2774 2773 
4060 773 772 2775 2774 
4061 772 771 2776 2775 
4062 771 770 2777 2776 
4063 770 769 2778 2777 
4064 769 768 2779 2778 
4065 768 767 2780 2779 
4066 767 766 2781 2780 
4067 766 765 2782 2781 
4068 765 764 2783 2782 
4069 764 763 2784 2783 
4070 763 762 2785 2784 
4071 762 761 2786 2785 
4072 761 760 2787 2786 
4073 760 759 2788 2787 
4074 759 758 2789 2788 
4075 758 757 2790 2789 
4076 757 756 2791 2790 
4077 756 755 2792 2791 
4078 755 754 2793 2792 
4079 754 753 2794 2793 
4080 753 752 2795 2794 
4081 752 751 2796 2795 
4082 751 750 2797 2796 
4083 750 749 2798 2797 
4084 749 748 2799 2798 
4085 748 747 2800 2799 
4086 747 746 2801 2800 
4087 746 745 2802 2801 
4088 745 744 2803 2802 
4089 744 743 2804 2803 
4090 743 742 2805 2804 
4091 742 741 2806 2805 
4092 741 740 2807 2806 
4093 740 739 2808 2807 
4094 739 738 2809 2808 
4095 738 737 2810 2809 
4096 737 736 2811 2810 
4097 736 735 2812 2811 
4098 735 734 2813 2812 
4099 734 733 2814 2813 
4100 733 732 2815 2814 
4101 732 731 2816 2815 
4102 731 730 2817 2816 
4103 730 729 2818 2817 
4104 729 728 2819 2818 
4105 728 727 2820 2819 
4106 727 726 2821 2820 
4107 726 725 2822 2821 
4108 725 724 2823 2822 
4109 724 723 2824 2823 
4110 723 722 2825 2824 
4111 722 721 2826 2825 
4112 721 720 2827 2826 
4113 720 719 2828 2827 
4114 719 718 2829 2828 
4115 718 717 2830 2829 
4116 717 716 2831 2830 
4117 716 715 2832 2831 
4118 715 714 2833 2832 
4119 714 713 2834 2833 
4120 713 712 2835 2834 
4121 712 711 2836 2835 
4122 711 710 2837 2836 
4123 710 709 2838 2837 
4124 709 708 2839 2838 
4125 708 707 2840 2839 
4126 707 706 2841 2840 
4127 706 705 2842 2841 
4128 705 704 2843 2842 
4129 704 703 2844 2843 
4130 703 702 2845 2844 
4131 702 701 2846 2845 
4132 701 700 2847 2846 
4133 700 699 2848 2847 
4134 699 698 2849 2848 
4135 698 697 2850 2849 
4136 697 696 2851 2850 
4137 696 695 2852 2851 
4138 695 694 2853 2852 
4139 694 693 2854 2853 
4140 693 692 2855 2854 
4141 692 691 2856 2855 
4142 691 690 2857 2856 
4143 690 689 2858 2857 
4144 689 688 2859 2858 
4145 688 687 2860 2859 
4146 687 686 2861 2860 
4147 686 685 2862 2861 
4148 685 684 2863 2862 
4149 684 683 2864 2863 
4150 683 682 2865 2864 
4151 682 681 2866 2865 
4152 681 680 2867 2866 
4153 680 679 2868 2867 
4154 679 678 2869 2868 
4155 678 677 2870 2869 
4156 677 676 2871 2870 
4157 676 675 2872 2871 
4158 675 674 2873 2872 
4159 674 673 2874 2873 
4160 673 672 2875 2874 
4161 672 671 2876 2875 
4162 671 670 2877 2876 
4163 670 669 2878 2877 
4164 669 668 2879 2878 
4165 668 667 2880 2879 
4166 667 666 2881 2880 
4167 666 665 2882 2881 
4168 665 664 2883 2882 
4169 664 663 2884 2883 
4170 663 662 2885 2884 
4171 662 661 2886 2885 
4172 661 660 2887 2886 
4173 660 659 2888 2887 
4174 659 658 2889 2888 
4175 658 657 2890 2889 
4176 657 656 2891 2890 
4177 656 655 2892 2891 
4178 655 654 2893 2892 
4179 654 653 2894 2893 
4180 653 652 2895 2894 
4181 652 651 2896 2895 
4182 651 650 2897 2896 
4183 650 649 2898 2897 
4184 649 648 2899 2898 
4185 648 647 2900 2899 
4186 647 646 2901 2900 
4187 646 645 2902 2901 
4188 645 644 2903 2902 
4189 644 643 2904 2903 
4190 643 642 2905 2904 
4191 642 641 2906 2905 
4192 641 640 2907 2906 
4193 640 639 2908 2907 
4194 639 638 2909 2908 
4195 638 637 2910 2909 
4196 637 636 2911 2910 
4197 636 635 2912 2911 
4198 635 634 2913 2912 
4199 634 633 2914 2913 
4200 633 632 2915 2914 
4201 632 631 2916 2915 
4202 631 630 2917 2916 
4203 630 629 2918 2917 
4204 629 628 2919 2918 
4205 628 627 2920 2919 
4206 627 626 2921 2920 
4207 626 625 2922 2921 
4208 625 624 2923 2922 
4209 624 623 2924 2923 
4210 623 622 2925 2924 
4211 622 621 2926 2925 
4212 621 620 2927 2926 
4213 620 619 2928 2927 
4214 619 618 2929 2928 
4215 618 617 2930 2929 
4216 617 616 2931 2930 
4217 616 615 2932 2931 
4218 615 614 2933 2932 
4219 614 613 2934 2933 
4220 613 612 2935 2934 
4221 612 611 2936 2935 
4222 611 610 2937 2936 
4223 610 609 2938 2937 
4224 609 608 2939 2938 
4225 608 607 2940 2939 
4226 607 606 2941 2940 
4227 606 605 2942 2941 
4228 605 604 2943 2942 
4229 604 603 2944 2943 
4230 603 602 2945 2944 
4231 602 601 2946 2945 
4232 601 600 2947 2946 
4233 600 599 2948 2947 
4234 599 598 2949 2948 
4235 598 597 2950 2949 
4236 597 596 2951 2950 
4237 596 595 2952 2951 
4238 595 594 2953 2952 
4239 594 593 2954 2953 
4240 593 592 2955 2954 
4241 592 591 2956 2955 
4242 591 590 2957 2956 
4243 590 589 2958 2957 
4244 589 588 2959 2958 
4245 588 587 2960 2959 
4246 587 586 2961 2960 
4247 586 585 2962 2961 
4248 585 584 2963 2962 
4249 584 583 2964 2963 
4250 583 582 2965 2964 
4251 582 581 2966 2965 
4252 581 580 2967 2966 
4253 580 579 2968 2967 
4254 579 578 2969 2968 
4255 578 577 2970 2969 
4256 577 576 2971 2970 
4257 576 575 2972 2971 
4258 575 574 2973 2972 
4259 574 573 2974 2973 
4260 573 572 2975 2974 
4261 572 571 2976 2975 
4262 571 570 2977 2976 
4263 570 569 2978 2977 
4264 569 568 2979 2978 
4265 568 567 2980 2979 
4266 567 566 2981 2980 
4267 566 565 2982 2981 
4268 565 564 2983 2982 
4269 564 563 2984 2983 
4270 563 562 2985 2984 
4271 562 561 2986 2985 
4272 561 560 2987 2986 
4273 560 559 2988 2987 
4274 559 558 2989 2988 
4275 558 557 2990 2989 
4276 557 556 2991 2990 
4277 556 555 2992 2991 
4278 555 554 2993 2992 
4279 554 553 2994 2993 
4280 553 552 2995 2994 
4281 552 551 2996 2995 
4282 551 550 2997 2996 
4283 550 549 2998 2997 
4284 549 548 2999 2998 
4285 548 547 3000 2999 
4286 547 546 3001 3000 
4287 546 545 3002 3001 
4288 545 544 3003 3002 
4289 544 543 3004 3003 
4290 543 542 3005 3004 
4291 542 541 3006 3005 
4292 541 540 3007 3006 
4293 540 539 3008 3007 
4294 539 538 3009 3008 
4295 538 537 3010 3009 
4296 537 536 3011 3010 
4297 536 535 3012 3011 
4298 535 21 1124 3012 
4299 98 2743 3013 99 
4300 2743 2744 3014 3013 
4301 2744 2745 3015 3014 
4302 2745 2746 3016 3015 
4303 2746 2747 3017 3016 
4304 2747 2748 3018 3017 
4305 2748 2749 3019 3018 
4306 2749 2750 3020 3019 
4307 2750 2751 3021 3020 
4308 2751 2752 3022 3021 
4309 2752 2753 3023 3022 
4310 2753 2754 3024 3023 
4311 2754 2755 3025 3024 
4312 2755 2756 3026 3025 
4313 2756 2757 3027 3026 
4314 2757 2758 3028 3027 
4315 2758 2759 3029 3028 
4316 2759 2760 3030 3029 
4317 2760 2761 3031 3030 
4318 2761 2762 3032 3031 
4319 2762 2763 3033 3032 
4320 2763 2764 3034 3033 
4321 2764 2765 3035 3034 
4322 2765 2766 3036 3035 
4323 2766 2767 3037 3036 
4324 2767 2768 3038 3037 
4325 2768 2769 3039 3038 
4326 2769 2770 3040 3039 
4327 2770 2771 3041 3040 
4328 2771 2772 3042 3041 
4329 2772 2773 3043 3042 
4330 2773 2774 3044 3043 
4331 2774 2775 3045 3044 
4332 2775 2776 3046 3045 
4333 2776 2777 3047 3046 
4334 2777 2778 3048 3047 
4335 2778 2779 3049 3048 
4336 2779 2780 3050 3049 
4337 2780 2781 3051 3050 
4338 2781 2782 3052 3051 
4339 2782 2783 3053 3052 
4340 2783 2784 3054 3053 
4341 2784 2785 3055 3054 
4342 2785 2786 3056 3055 
4343 2786 2787 3057 3056 
4344 2787 2788 3058 3057 
4345 2788 2789 3059 3058 
4346 2789 2790 3060 3059 
4347 2790 2791 3061 3060 
4348 2791 2792 3062 3061 
4349 2792 2793 3063 3062 
4350 2793 2794 3064 3063 
4351 2794 2795 3065 3064 
4352 2795 2796 3066 3065 
4353 2796 2797 3067 3066 
4354 2797 2798 3068 3067 
4355 2798 2799 3069 3068 
4356 2799 2800 3070 3069 
4357 2800 2801 3071 3070 
4358 2801 2802 3072 3071 
4359 2802 2803 3073 3072 
4360 2803 2804 3074 3073 
4361 2804 2805 3075 3074 
4362 2805 2806 3076 3075 
4363 2806 2807 3077 3076 
4364 2807 2808 3078 3077 
4365 2808 2809 3079 3078 
4366 2809 2810 3080 3079 
4367 2810 2811 3081 3080 
4368 2811 2812 3082 3081 
4369 2812 2813 3083 3082 
4370 2813 2814 3084 3083 
4371 2814 2815 3085 3084 
4372 2815 2816 3086 3085 
4373 2816 2817 3087 3086 
4374 2817 2818 3088 3087 
4375 2818 2819 3089 3088 
4376 2819 2820 3090 3089 
4377 2820 2821 3091 3090 
4378 2821 2822 3092 3091 
4379 2822 2823 3093 3092 
4380 2823 2824 3094 3093 
4381 2824 2825 3095 3094 
4382 2825 2826 3096 3095 
4383 2826 2827 3097 3096 
4384 2827 2828 3098 3097 
4385 2828 2829 3099 3098 
4386 2829 2830 3100 3099 
4387 2830 2831 3101 3100 
4388 2831 2832 3102 3101 
4389 2832 2833 3103 3102 
4390 2833 2834 3104 3103 
4391 2834 2835 3105 3104 
4392 2835 2836 3106 3105 
4393 2836 2837 3107 3106 
4394 2837 2838 3108 3107 
4395 2838 2839 3109 3108 
4396 2839 2840 3110 3109 
4397 2840 2841 3111 3110 
4398 2841 2842 3112 3111 
4399 2842 2843 3113 3112 
4400 2843 2844 3114 3113 
4401 2844 2845 3115 3114 
4402 2845 2846 3116 3115 
4403 2846 2847 3117 3116 
4404 2847 2848 3118 3117 
4405 2848 2849 3119 3118 
4406 2849 2850 3120 3119 
4407 2850 2851 3121 3120 
4408 2851 2852 3122 3121 
4409 2852 2853 3123 3122 
4410 2853 2854 3124 3123 
4411 2854 2855 3125 3124 
4412 2855 2856 3126 3125 
4413 2856 2857 3127 3126 
4414 2857 2858 3128 3127 
4415 2858 2859 3129 3128 
4416 2859 2860 3130 3129 
4417 2860 2861 3131 3130 
4418 2861 2862 3132 3131 
4419 2862 2863 3133 3132 
4420 2863 2864 3134 3133 
4421 2864 2865 3135 3134 
4422 2865 2866 3136 3135 
4423 2866 2867 3137 3136 
4424 2867 2868 3138 3137 
4425 2868 2869 3139 3138 
4426 2869 2870 3140 3139 
4427 2870 2871 3141 3140 
4428 2871 2872 3142 3141 
4429 2872 2873 3143 3142 
4430 2873 2874 3144 3143 
4431 2874 2875 3145 3144 
4432 2875 2876 3146 3145 
4433 2876 2877 3147 3146 
4434 2877 2878 3148 3147 
4435 2878 2879 3149 3148 
4436 2879 2880 3150 3149 
4437 2880 2881 3151 3150 
4438 2881 2882 3152 3151 
4439 2882 2883 3153 3152 
4440 2883 2884 3154 3153 
4441 2884 2885 3155 3154 
4442 2885 2886 3156 3155 
4443 2886 2887 3157 3156 
4444 2887 2888 3158 3157 
4445 2888 2889 3159 3158 
4446 2889 2890 3160 3159 
4447 2890 2891 3161 3160 
4448 2891 2892 3162 3161 
4449 2892 2893 3163 3162 
4450 2893 2894 3164 3163 
4451 2894 2895 3165 3164 
4452 2895 2896 3166 3165 
4453 2896 2897 3167 3166 
4454 2897 2898 3168 3167 
4455 2898 2899 3169 3168 
4456 2899 2900 3170 3169 
4457 2900 2901 3171 3170 
4458 2901 2902 3172 3171 
4459 2902 2903 3173 3172 
4460 2903 2904 3174 3173 
4461 2904 2905 3175 3174 
4462 2905 2906 3176 3175 
4463 2906 2907 3177 3176 
4464 2907 2908 3178 3177 
4465 2908 2909 3179 3178 
4466 2909 2910 3180 3179 
4467 2910 2911 3181 3180 
4468 2911 2912 3182 3181 
4469 2912 2913 3183 3182 
4470 2913 2914 3184 3183 
4471 2914 2915 3185 3184 
4472 2915 2916 3186 3185 
4473 2916 2917 3187 3186 
4474 2917 2918 3188 3187 
4475 2918 2919 3189 3188 
4476 2919 2920 3190 3189 
4477 2920 2921 3191 3190 
4478 2921 2922 3192 3191 
4479 2922 2923 3193 3192 
4480 2923 2924 3194 3193 
4481 2924 2925 3195 3194 
4482 2925 2926 3196 3195 
4483 2926 2927 3197 3196 
4484 2927 2928 3198 3197 
4485 2928 2929 3199 3198 
4486 2929 2930 3200 3199 
4487 2930 2931 3201 3200 
4488 2931 2932 3202 3201 
4489 2932 2933 3203 3202 
4490 2933 2934 3204 3203 
4491 2934 2935 3205 3204 
4492 2935 2936 3206 3205 
4493 2936 2937 3207 3206 
4494 2937 2938 3208 3207 
4495 2938 2939 3209 3208 
4496 2939 2940 3210 3209 
4497 2940 2941 3211 3210 
4498 2941 2942 3212 3211 
4499 2942 2943 3213 3212 
4500 2943 2944 3214 3213 
4501 2944 2945 3215 3214 
4502 2945 2946 3216 3215 
4503 2946 2947 3217 3216 
4504 2947 2948 3218 3217 
4505 2948 2949 3219 3218 
4506 2949 2950 3220 3219 
4507 2950 2951 3221 3220 
4508 2951 2952 3222 3221 
4509 2952 2953 3223 3222 
4510 2953 2954 3224 3223 
4511 2954 2955 3225 3224 
4512 2955 2956 3226 3225 
4513 2956 2957 3227 3226 
4514 2957 2958 3228 3227 
4515 2958 2959 3229 3228 
4516 2959 2960 3230 3229 
4517 2960 2961 3231 3230 
4518 2961 2962 3232 3231 
4519 2962 2963 3233 3232 
4520 2963 2964 3234 3233 
4521 2964 2965 3235 3234 
4522 2965 2966 3236 3235 
4523 2966 2967 3237 3236 
4524 2967 2968 3238 3237 
4525 2968 2969 3239 3238 
4526 2969 2970 3240 3239 
4527 2970 2971 3241 3240 
4528 2971 2972 3242 3241 
4529 2972 2973 3243 3242 
4530 2973 2974 3244 3243 
4531 2974 2975 3245 3244 
4532 2975 2976 3246 3245 
4533 2976 2977 3247 3246 
4534 2977 2978 3248 3247 
4535 2978 2979 3249 3248 
4536 2979 2980 3250 3249 
4537 2980 2981 3251 3250 
4538 2981 2982 3252 3251 
4539 2982 2983 3253 3252 
4540 2983 2984 3254 3253 
4541 2984 2985 3255 3254 
4542 2985 2986 3256 3255 
4543 2986 2987 3257 3256 
4544 2987 2988 3258 3257 
4545 2988 2989 3259 3258 
4546 2989 2990 3260 3259 
4547 2990 2991 3261 3260 
4548 2991 2992 3262 3261 
4549 2992 2993 3263 3262 
4550 2993 2994 3264 3263 
4551 2994 2995 3265 3264 
4552 2995 2996 3266 3265 
4553 2996 2997 3267 3266 
4554 2997 2998 3268 3267 
4555 2998 2999 3269 3268 
4556 2999 3000 3270 3269 
4557 3000 3001 3271 3270 
4558 3001 3002 3272 3271 
4559 3002 3003 3273 3272 
4560 3003 3004 3274 3273 
4561 3004 3005 3275 3274 
4562 3005 3006 3276 3275 
4563 3006 3007 3277 3276 
4564 3007 3008 3278 3277 
4565 3008 3009 3279 3278 
4566 3009 3010 3280 3279 
4567 3010 3011 3281 3280 
4568 3011 3012 3282 3281 
4569 3012 1124 1123 3282 
4570 99 3013 831 25 
4571 3013 3014 832 831 
4572 3014 3015 833 832 
4573 3015 3016 834 833 
4574 3016 3017 835 834 
4575 3017 3018 836 835 
4576 3018 3019 837 836 
4577 3019 3020 838 837 
4578 3020 3021 839 838 
4579 3021 3022 840 839 
4580 3022 3023 841 840 
4581 3023 3024 842 841 
4582 3024 3025 843 842 
4583 3025 3026 844 843 
4584 3026 3027 845 844 
4585 3027 3028 846 845 
4586 3028 3029 847 846 
4587 3029 3030 848 847 
4588 3030 3031 849 848 
4589 3031 3032 850 849 
4590 3032 3033 851 850 
4591 3033 3034 852 851 
4592 3034 3035 853 852 
4593 3035 3036 854 853 
4594 3036 3037 855 854 
4595 3037 3038 856 855 
4596 3038 3039 857 856 
4597 3039 3040 858 857 
4598 3040 3041 859 858 
4599 3041 3042 860 859 
4600 3042 3043 861 860 
4601 3043 3044 862 861 
4602 3044 3045 863 862 
4603 3045 3046 864 863 
4604 3046 3047 865 864 
4605 3047 3048 866 865 
4606 3048 3049 867 866 
4607 3049 3050 868 867 
4608 3050 3051 869 868 
4609 3051 3052 870 869 
4610 3052 3053 871 870 
4611 3053 3054 872 871 
4612 3054 3055 873 872 
4613 3055 3056 874 873 
4614 3056 3057 875 874 
4615 3057 3058 876 875 
4616 3058 3059 877 876 
4617 3059 3060 878 877 
4618 3060 3061 879 878 
4619 3061 3062 880 879 
4620 3062 3063 881 880 
4621 3063 3064 882 881 
4622 3064 3065 883 882 
4623 3065 3066 884 883 
4624 3066 3067 885 884 
4625 3067 3068 886 885 
4626 3068 3069 887 886 
4627 3069 3070 888 887 
4628 3070 3071 889 888 
4629 3071 3072 890 889 
4630 3072 3073 891 890 
4631 3073 3074 892 891 
4632 3074 3075 893 892 
4633 3075 3076 894 893 
4634 3076 3077 895 894 
4635 3077 3078 896 895 
4636 3078 3079 897 896 
4637 3079 3080 898 897 
4638 3080 3081 899 898 
4639 3081 3082 900 899 
4640 3082 3083 901 900 
4641 3083 3084 902 901 
4642 3084 3085 903 902 
4643 3085 3086 904 903 
4644 3086 3087 905 904 
4645 3087 3088 906 905 
4646 3088 3089 907 906 
4647 3089 3090 908 907 
4648 3090 3091 909 908 
4649 3091 3092 910 909 
4650 3092 3093 911 910 
4651 3093 3094 912 911 
4652 3094 3095 913 912 
4653 3095 3096 914 913 
4654 3096 3097 915 914 
4655 3097 3098 916 915 
4656 3098 3099 917 916 
4657 3099 3100 918 917 
4658 3100 3101 919 918 
4659 3101 3102 920 919 
4660 3102 3103 921 920 
4661 3103 3104 922 921 
4662 3104 3105 923 922 
4663 3105 3106 924 923 
4664 3106 3107 925 924 
4665 3107 3108 926 925 
4666 3108 3109 927 926 
4667 3109 3110 928 927 
4668 3110 3111 929 928 
4669 3111 3112 930 929 
4670 3112 3113 931 930 
4671 3113 3114 932 931 
4672 3114 3115 933 932 
4673 3115 3116 934 933 
4674 3116 3117 935 934 
4675 3117 3118 936 935 
4676 3118 3119 937 936 
4677 3119 3120 938 937 
4678 3120 3121 939 938 
4679 3121 3122 940 939 
4680 3122 3123 941 940 
4681 3123 3124 942 941 
4682 3124 3125 943 942 
4683 3125 3126 944 943 
4684 3126 3127 945 944 
4685 3127 3128 946 945 
4686 3128 3129 947 946 
4687 3129 3130 948 947 
4688 3130 3131 949 948 
4689 3131 3132 950 949 
4690 3132 3133 951 950 
4691 3133 3134 952 951 
4692 3134 3135 953 952 
4693 3135 3136 954 953 
4694 3136 3137 955 954 
4695 3137 3138 956 955 
4696 3138 3139 957 956 
4697 3139 3140 958 957 
4698 3140 3141 959 958 
4699 3141 3142 960 959 
4700 3142 3143 961 960 
4701 3143 3144 962 961 
4702 3144 3145 963 962 
4703 3145 3146 964 963 
4704 3146 3147 965 964 
4705 3147 3148 966 965 
4706 3148 3149 967 966 
4707 3149 3150 968 967 
4708 3150 3151 969 968 
4709 3151 3152 970 969 
4710 3152 3153 971 970 
4711 3153 3154 972 971 
4712 3154 3155 973 972 
4713 3155 3156 974 973 
4714 3156 3157 975 974 
4715 3157 3158 976 975 
4716 3158 3159 977 976 
4717 3159 3160 978 977 
4718 3160 3161 979 978 
4719 3161 3162 980 979 
4720 3162 3163 981 980 
4721 3163 3164 982 981 
4722 3164 3165 983 982 
4723 3165 3166 984 983 
4724 3166 3167 985 984 
4725 3167 3168 986 985 
4726 3168 3169 987 986 
4727 3169 3170 988 987 
4728 3170 3171 989 988 
4729 3171 3172 990 989 
4730 3172 3173 991 990 
4731 3173 3174 992 991 
4732 3174 3175 993 992 
4733 3175 3176 994 993 
4734 3176 3177 995 994 
4735 3177 3178 996 995 
4736 3178 3179 997 996 
4737 3179 3180 998 997 
4738 3180 3181 999 998 
4739 3181 3182 1000 999 
4740 3182 3183 1001 1000 
4741 3183 3184 1002 1001 
4742 3184 3185 1003 1002 
4743 3185 3186 1004 1003 
4744 3186 3187 1005 1004 
4745 3187 3188 1006 1005 
4746 3188 3189 1007 1006 
4747 3189 3190 1008 1007 
4748 3190 3191 1009 1008 
4749 3191 3192 1010 1009 
4750 3192 3193 1011 1010 
4751 3193 3194 1012 1011 
4752 3194 3195 1013 1012 
4753 3195 3196 1014 1013 
4754 3196 3197 1015 1014 
4755 3197 3198 1016 1015 
4756 3198 3199 1017 1016 
4757 3199 3200 1018 1017 
4758 3200 3201 1019 1018 
4759 3201 3202 1020 1019 
4760 3202 3203 1021 1020 
4761 3203 3204 1022 1021 
4762 3204 3205 1023 1022 
4763 3205 3206 1024 1023 
4764 3206 3207 1025 1024 
4765 3207 3208 1026 1025 
4766 3208 3209 1027 1026 
4767 3209 3210 1028 1027 
4768 3210 3211 1029 1028 
4769 3211 3212 1030 1029 
4770 3212 3213 1031 1030 
4771 3213 3214 1032 1031 
4772 3214 3215 1033 1032 
4773 3215 3216 1034 1033 
4774 3216 3217 1035 1034 
4775 3217 3218 1036 1035 
4776 3218 3219 1037 1036 
4777 3219 3220 1038 1037 
4778 3220 3221 1039 1038 
4779 3221 3222 1040 1039 
4780 3222 3223 1041 1040 
4781 3223 3224 1042 1041 
4782 3224 3225 1043 1042 
4783 3225 3226 1044 1043 
4784 3226 3227 1045 1044 
4785 3227 3228 1046 1045 
4786 3228 3229 1047 1046 
4787 3229 3230 1048 1047 
4788 3230 3231 1049 1048 
4789 3231 3232 1050 1049 
4790 3232 3233 1051 1050 
4791 3233 3234 1052 1051 
4792 3234 3235 1053 1052 
4793 3235 3236 1054 1053 
4794 3236 3237 1055 1054 
4795 3237 3238 1056 1055 
4796 3238 3239 1057 1056 
4797 3239 3240 1058 1057 
4798 3240 3241 1059 1058 
4799 3241 3242 1060 1059 
4800 3242 3243 1061 1060 
4801 3243 3244 1062 1061 
4802 3244 3245 1063 1062 
4803 3245 3246 1064 1063 
4804 3246 3247 1065 1064 
4805 3247 3248 1066 1065 
4806 3248 3249 1067 1066 
4807 3249 3250 1068 1067 
4808 3250 3251 1069 1068 
4809 3251 3252 1070 1069 
4810 3252 3253 1071 1070 
4811 3253 3254 1072 1071 
4812 3254 3255 1073 1072 
4813 3255 3256 1074 1073 
4814 3256 3257 1075 1074 
4815 3257 3258 1076 1075 
4816 3258 3259 1077 1076 
4817 3259 3260 1078 1077 
4818 3260 3261 1079 1078 
4819 3261 3262 1080 1079 
4820 3262 3263 1081 1080 
4821 3263 3264 1082 1081 
4822 3264 3265 1083 1082 
4823 3265 3266 1084 1083 
4824 3266 3267 1085 1084 
4825 3267 3268 1086 1085 
4826 3268 3269 1087 1086 
4827 3269 3270 1088 1087 
4828 3270 3271 1089 1088 
4829 3271 3272 1090 1089 
4830 3272 3273 1091 1090 
4831 3273 3274 1092 1091 
4832 3274 3275 1093 1092 
4833 3275 3276 1094 1093 
4834 3276 3277 1095 1094 
4835 3277 3278 1096 1095 
4836 3278 3279 1097 1096 
4837 3279 3280 1098 1097 
4838 3280 3281 1099 1098 
4839 3281 3282 1100 1099 
4840 3282 1123 24 1100 
$EndElements
