$MeshFormat
4.1 0 8
$EndMeshFormat
$Entities
25 29 5 0
1 -100 0 0 0 
2 0 0 0 0 
3 0 -3 0 0 
4 18 -3 0 0 
5 18 0 0 0 
6 1018 0 0 0 
7 1018 0.25 0 0 
8 1018 150 0 0 
9 -100 150 0 0 
10 -100 0.25 0 0 
11 0 0.25 0 0 
12 18 0.25 0 0 
13 9 0 0 0 
14 9 0.25 0 0 
15 0 -1.5 0 0 
16 9 -3 0 0 
17 18 -1.5 0 0 
18 -16 0 0 0 
19 -16 0.25 0 0 
20 34 0 0 0 
21 34 0.25 0 0 
22 -100 3.75 0 0 
23 -16 3.75 0 0 
24 34 3.75 0 0 
25 1018 3.75 0 0 
1 -100 0 0 -16 0 0 1 4 2 1 -18 
2 0 -1.5 0 0 0 0 1 4 2 2 -15 
3 0 -3 0 9 -3 0 1 4 2 3 -16 
4 18 -3 0 18 -1.5 0 1 4 2 4 -17 
5 18 0 0 34 0 0 1 4 2 5 -20 
6 1018 0 0 1018 0.25 0 1 2 2 6 -7 
7 1018 0.25 0 1018 3.75 0 1 2 2 7 -25 
8 -100 150 0 1018 150 0 1 3 2 8 -9 
9 -100 3.75 0 -100 150 0 1 1 2 9 -22 
10 -100 0.25 0 -16 0.25 0 0 2 10 -19 
11 -100 0 0 -100 0.25 0 1 1 2 10 -1 
12 0 0.25 0 9 0.25 0 0 2 11 -14 
13 18 0.25 0 34 0.25 0 0 2 12 -21 
14 0 0 0 9 0 0 0 2 2 -13 
15 0 -3 0 0 -1.5 0 1 4 2 15 -3 
16 9 -3 0 18 -3 0 1 4 2 16 -4 
17 18 -1.5 0 18 0 0 1 4 2 17 -5 
18 9 0 0 18 0 0 0 2 13 -5 
19 9 0.25 0 18 0.25 0 0 2 14 -12 
20 -16 0 0 0 0 0 1 4 2 18 -2 
21 34 0 0 1018 0 0 1 4 2 20 -6 
22 34 0.25 0 1018 0.25 0 0 2 21 -7 
23 -16 0.25 0 0 0.25 0 0 2 19 -11 
24 -100 0.25 0 -100 3.75 0 1 1 2 22 -10 
25 1018 3.75 0 1018 150 0 1 2 2 25 -8 
26 34 3.75 0 1018 3.75 0 0 2 25 -24 
27 -100 3.75 0 -16 3.75 0 0 2 22 -23 
28 -16 0.25 0 -16 3.75 0 0 2 23 -19 
29 34 0.25 0 34 3.75 0 0 2 24 -21 
1 -100 0 0 1018 0.25 0 1 100 14 5 21 6 -22 -13 -19 -12 -23 -10 11 1 20 14 18 
2 0 -3 0 18 0 0 1 101 8 2 15 3 16 4 17 -18 -14 
3 -100 0.25 0 1018 150 0 1 102 11 23 12 19 13 -29 -26 25 8 9 27 28 
4 -100 0.25 0 -16 3.75 0 1 101 4 -24 27 28 -10 
5 34 0.25 0 1018 3.75 0 1 101 4 -29 -26 -7 -22 
$EndEntities
$Nodes
59 3340 1 3340
0 1 0 1
1
-100 0 0
0 2 0 1
2
0 0 0
0 3 0 1
3
0 -3 0
0 4 0 1
4
18 -3 0
0 5 0 1
5
18 0 0
0 6 0 1
6
1018 0 0
0 7 0 1
7
1018 0.25 0
0 8 0 1
8
1018 150 0
0 9 0 1
9
-100 150 0
0 10 0 1
10
-100 0.25 0
0 11 0 1
11
0 0.25 0
0 12 0 1
12
18 0.25 0
0 13 0 1
13
9 0 0
0 14 0 1
14
9 0.25 0
0 15 0 1
15
0 -1.5 0
0 16 0 1
16
9 -3 0
0 17 0 1
17
18 -1.5 0
0 18 0 1
18
-16 0 0
0 19 0 1
19
-16 0.25 0
0 20 0 1
20
34 0 0
0 21 0 1
21
34 0.25 0
0 22 0 1
22
-100 3.75 0
0 23 0 1
23
-16 3.75 0
0 24 0 1
24
34 3.75 0
0 25 0 1
25
1018 3.75 0
1 1 0 20
26
27
28
29
30
31
32
33
34
35
36
37
38
39
40
41
42
43
44
45
-95.58527046937866 0 0
-91.21468823266611 0 0
-86.88781181580126 0 0
-82.60420415867605 0 0
-78.36343257713837 0 0
-74.16506871323423 0 0
-70.00868848650846 0 0
-65.8938720650049 0 0
-61.82020381161699 0 0
-57.78727223817417 0 0
-53.79466997884192 0 0
-49.84199374553916 0 0
-45.92884427781397 0 0
-42.05482630008553 0 0
-38.21954849842778 0 0
-34.42262347905 0 0
-30.66366770896734 0 0
-26.94230149533101 0 0
-23.25814894616619 0 0
-19.61083791980739 0 0
1 2 0 7
46
47
48
49
50
51
52
0 -0.1259708602735949 0
0 -0.2659384818648646 0
0 -0.4214580608368091 0
0 -0.5942575935519243 0
0 -0.7862570738833801 0
0 -0.9995898300925048 0
0 -1.236626226936758 0
1 3 0 15
53
54
55
56
57
58
59
60
61
62
63
64
65
66
67
0.1232980014476947 -3 0
0.2687998949240482 -3 0
0.4405042394252346 -3 0
0.6431296562953626 -3 0
0.8822445123649647 -3 0
1.164419943887847 -3 0
1.497410429737639 -3 0
1.89036691461876 -3 0
2.354088268708737 -3 0
2.90131805932089 -3 0
3.547094754653627 -3 0
4.309164993163859 -3 0
5.208471298520394 -3 0
6.26972758392354 -3 0
7.522098311151758 -3 0
1 4 0 6
68
69
70
71
72
73
18 -2.847200160190984 0
18 -2.677422561299842 0
18 -2.488780784152822 0
18 -2.279178809661174 0
18 -2.046287726586028 0
18 -1.787519856147289 0
1 5 0 25
74
75
76
77
78
79
80
81
82
83
84
85
86
87
88
89
90
91
92
93
94
95
96
97
98
18.12279774173639 0 0
18.25923966375356 0 0
18.4108418038526 0 0
18.57928863656913 0 0
18.7664517888875 0 0
18.97441084249933 0 0
19.20547645585498 0 0
19.46221602986209 0 0
19.74748222210429 0 0
20.06444465717257 0 0
20.41662513788231 0 0
20.80793678321433 0 0
21.24272750593691 0 0
21.72582831032353 0 0
22.26260697516637 0 0
22.85902771108614 0 0
23.52171741734717 0 0
24.25803931315096 0 0
25.07617474839384 0 0
25.98521412405318 0 0
26.99525787660081 0 0
28.11752870781027 0 0
29.36449630167802 0 0
30.7500158560081 0 0
32.28948203230074 0 0
1 6 0 0
1 7 0 2
99
100
1018 0.7500000064154115 0
1018 1.750000003309903 0
1 8 0 16
101
102
103
104
105
106
107
108
109
110
111
112
113
114
115
116
952.2352941176446 150 0
886.470588235289 150 0
820.7058823529336 150 0
754.9411764705781 150 0
689.1764705882227 150 0
623.4117647058674 150 0
557.6470588235122 150 0
491.8823529412012 150 0
426.1176470588458 150 0
360.35294117649 150 0
294.5882352941344 150 0
228.8235294117787 150 0
163.0588235294229 150 0
97.2941176470672 150 0
31.52941176471154 150 0
-34.23529411764412 150 0
1 9 0 10
117
118
119
120
121
122
123
124
125
126
-100 118.0013358388749 0
-100 92.40240446935607 0
-100 71.92325935088901 0
-100 55.53994313122593 0
-100 42.43329018160613 0
-100 31.94796775765479 0
-100 23.55970984317716 0
-100 16.8491036351063 0
-100 11.48061855653569 0
-100 7.185830365230487 0
1 10 0 20
127
128
129
130
131
132
133
134
135
136
137
138
139
140
141
142
143
144
145
146
-95.58527046937866 0.25 0
-91.21468823266611 0.25 0
-86.88781181580126 0.25 0
-82.60420415867605 0.25 0
-78.36343257713837 0.25 0
-74.16506871323423 0.25 0
-70.00868848650846 0.25 0
-65.8938720650049 0.25 0
-61.82020381161699 0.25 0
-57.78727223817417 0.25 0
-53.79466997884192 0.25 0
-49.84199374553916 0.25 0
-45.92884427781397 0.25 0
-42.05482630008553 0.25 0
-38.21954849842778 0.25 0
-34.42262347905 0.25 0
-30.66366770896734 0.25 0
-26.94230149533101 0.25 0
-23.25814894616619 0.25 0
-19.61083791980739 0.25 0
1 11 0 0
1 12 0 15
147
148
149
150
151
152
153
154
155
156
157
158
159
160
161
0.1232980014476947 0.25 0
0.2687998949240482 0.25 0
0.4405042394252346 0.25 0
0.6431296562953626 0.25 0
0.8822445123649647 0.25 0
1.164419943887847 0.25 0
1.497410429737639 0.25 0
1.89036691461876 0.25 0
2.354088268708737 0.25 0
2.90131805932089 0.25 0
3.547094754653627 0.25 0
4.309164993163859 0.25 0
5.208471298520394 0.25 0
6.26972758392354 0.25 0
7.522098311151758 0.25 0
1 13 0 25
162
163
164
165
166
167
168
169
170
171
172
173
174
175
176
177
178
179
180
181
182
183
184
185
186
18.12279774173639 0.25 0
18.25923966375356 0.25 0
18.4108418038526 0.25 0
18.57928863656913 0.25 0
18.7664517888875 0.25 0
18.97441084249933 0.25 0
19.20547645585498 0.25 0
19.46221602986209 0.25 0
19.74748222210429 0.25 0
20.06444465717257 0.25 0
20.41662513788231 0.25 0
20.80793678321433 0.25 0
21.24272750593691 0.25 0
21.72582831032353 0.25 0
22.26260697516637 0.25 0
22.85902771108614 0.25 0
23.52171741734717 0.25 0
24.25803931315096 0.25 0
25.07617474839384 0.25 0
25.98521412405318 0.25 0
26.99525787660081 0.25 0
28.11752870781027 0.25 0
29.36449630167802 0.25 0
30.7500158560081 0.25 0
32.28948203230074 0.25 0
1 14 0 15
187
188
189
190
191
192
193
194
195
196
197
198
199
200
201
0.1232980014476947 0 0
0.2687998949240482 0 0
0.4405042394252346 0 0
0.6431296562953626 0 0
0.8822445123649647 0 0
1.164419943887847 0 0
1.497410429737639 0 0
1.89036691461876 0 0
2.354088268708737 0 0
2.90131805932089 0 0
3.547094754653627 0 0
4.309164993163859 0 0
5.208471298520394 0 0
6.26972758392354 0 0
7.522098311151758 0 0
1 15 0 6
202
203
204
205
206
207
0 -1.787519855554104 0
0 -2.046287726473183 0
0 -2.279178809938531 0
0 -2.48878078474347 0
0 -2.677422562138349 0
0 -2.847200161221871 0
1 16 0 18
208
209
210
211
212
213
214
215
216
217
218
219
220
221
222
223
224
225
10.15718490393197 -3 0
11.17978441021366 -3 0
12.0834513509116 -3 0
12.88201807931705 -3 0
13.58770818777214 -3 0
14.21132361581912 -3 0
14.7624099892743 -3 0
15.2494027345378 -3 0
15.67975620455108 -3 0
16.06005778165136 -3 0
16.39612870497704 -3 0
16.69311318535116 -3 0
16.95555714129889 -3 0
17.18747778078527 -3 0
17.39242509253292 -3 0
17.57353618231651 -3 0
17.7335833025222 -3 0
17.87501627523821 -3 0
1 17 0 7
226
227
228
229
230
231
232
18 -1.236626226939585 0
18 -0.999589830095597 0
18 -0.7862570738881491 0
18 -0.5942575935558213 0
18 -0.4214580608395024 0
18 -0.2659384818665551 0
18 -0.1259708602743439 0
1 18 0 18
233
234
235
236
237
238
239
240
241
242
243
244
245
246
247
248
249
250
10.15718490393197 0 0
11.17978441021366 0 0
12.0834513509116 0 0
12.88201807931705 0 0
13.58770818777214 0 0
14.21132361581912 0 0
14.7624099892743 0 0
15.2494027345378 0 0
15.67975620455108 0 0
16.06005778165136 0 0
16.39612870497704 0 0
16.69311318535116 0 0
16.95555714129889 0 0
17.18747778078527 0 0
17.39242509253292 0 0
17.57353618231651 0 0
17.7335833025222 0 0
17.87501627523821 0 0
1 19 0 18
251
252
253
254
255
256
257
258
259
260
261
262
263
264
265
266
267
268
10.15718490393197 0.25 0
11.17978441021366 0.25 0
12.0834513509116 0.25 0
12.88201807931705 0.25 0
13.58770818777214 0.25 0
14.21132361581912 0.25 0
14.7624099892743 0.25 0
15.2494027345378 0.25 0
15.67975620455108 0.25 0
16.06005778165136 0.25 0
16.39612870497704 0.25 0
16.69311318535116 0.25 0
16.95555714129889 0.25 0
17.18747778078527 0.25 0
17.39242509253292 0.25 0
17.57353618231651 0.25 0
17.7335833025222 0.25 0
17.87501627523821 0.25 0
1 20 0 14
269
270
271
272
273
274
275
276
277
278
279
280
281
282
-12.68330415973807 0 0
-10.02994746988198 0 0
-7.907262126115331 0 0
-6.209113842362191 0 0
-4.850595198151922 0 0
-3.763780287483396 0 0
-2.894328378170989 0 0
-2.198766852323695 0 0
-1.642317627629778 0 0
-1.197158246781052 0 0
-0.8410307380482873 0 0
-0.5561287214612172 0 0
-0.3282071132265294 0 0
-0.1458698370245859 0 0
1 21 0 270
283
284
285
286
287
288
289
290
291
292
293
294
295
296
297
298
299
300
301
302
303
304
305
306
307
308
309
310
311
312
313
314
315
316
317
318
319
320
321
322
323
324
325
326
327
328
329
330
331
332
333
334
335
336
337
338
339
340
341
342
343
344
345
346
347
348
349
350
351
352
353
354
355
356
357
358
359
360
361
362
363
364
365
366
367
368
369
370
371
372
373
374
375
376
377
378
379
380
381
382
383
384
385
386
387
388
389
390
391
392
393
394
395
396
397
398
399
400
401
402
403
404
405
406
407
408
409
410
411
412
413
414
415
416
417
418
419
420
421
422
423
424
425
426
427
428
429
430
431
432
433
434
435
436
437
438
439
440
441
442
443
444
445
446
447
448
449
450
451
452
453
454
455
456
457
458
459
460
461
462
463
464
465
466
467
468
469
470
471
472
473
474
475
476
477
478
479
480
481
482
483
484
485
486
487
488
489
490
491
492
493
494
495
496
497
498
499
500
501
502
503
504
505
506
507
508
509
510
511
512
513
514
515
516
517
518
519
520
521
522
523
524
525
526
527
528
529
530
531
532
533
534
535
536
537
538
539
540
541
542
543
544
545
546
547
548
549
550
551
552
35.71100082002594 0 0
37.43059960153177 0 0
39.15883957666912 0 0
40.89576419145 0 0
42.64141707116647 0 0
44.39584205895486 0 0
46.15908325511334 0 0
47.93118498257121 0 0
49.71219175237465 0 0
51.50214830231782 0 0
53.30109959957863 0 0
55.10909084263508 0 0
56.92616746393526 0 0
58.7523751318481 0 0
60.58775975336818 0 0
62.43236740260382 0 0
64.28624443302468 0 0
66.14943744383817 0 0
68.02199320816149 0 0
69.90395878569038 0 0
71.79538148876007 0 0
73.69630884768796 0 0
75.60678861325057 0 0
77.52686875880993 0 0
79.4565975563232 0 0
81.39602350574566 0 0
83.34519530009476 0 0
85.30416190151482 0 0
87.27297254386274 0 0
89.2516767353133 0 0
91.24032418748619 0 0
93.23896481735133 0 0
95.24764886013477 0 0
97.26642679887026 0 0
99.29534932961272 0 0
101.3344674376535 0 0
103.3838324002576 0 0
105.4434956791756 0 0
107.5135089958105 0 0
109.5939244082476 0 0
111.6847941667069 0 0
113.7861707891384 0 0
115.8981071011934 0 0
118.0206561652337 0 0
120.1538713196067 0 0
122.2978061448114 0 0
124.4525145024446 0 0
126.6180505385244 0 0
128.7944686857289 0 0
130.9818236300133 0 0
133.1801702757716 0 0
135.3895638958679 0 0
137.6100600248184 0 0
139.8417144240161 0 0
142.0845831583284 0 0
144.3387225621009 0 0
146.6041892786794 0 0
148.8810402635743 0 0
151.1693327137809 0 0
153.4691241069978 0 0
155.7804722416039 0 0
158.1034352027916 0 0
160.4380713654713 0 0
162.7844393604483 0 0
165.1425981504994 0 0
167.5126069973315 0 0
169.8945254270877 0 0
172.2884133072291 0 0
174.6943307760742 0 0
177.1123382822392 0 0
179.5424965880898 0 0
181.9848667357294 0 0
184.4395100868769 0 0
186.9064883260181 0 0
189.3858634271218 0 0
191.8776976917718 0 0
194.3820537556507 0 0
196.898994515027 0 0
199.4285832045999 0 0
201.9708834008707 0 0
204.5259589883436 0 0
207.0938741628678 0 0
209.6746934346328 0 0
212.2684816315595 0 0
214.8753039390932 0 0
217.4952258672629 0 0
220.128313216659 0 0
222.7746321554189 0 0
225.434249185991 0 0
228.1072311483054 0 0
230.7936451865884 0 0
233.4935587889632 0 0
236.207039791432 0 0
238.9341563807782 0 0
241.6749770986019 0 0
244.4295707707759 0 0
247.1980066210405 0 0
249.9803542016178 0 0
252.7766833958759 0 0
255.5870644959895 0 0
258.4115681328977 0 0
261.2502652797854 0 0
264.1032272188403 0 0
266.9705256179278 0 0
269.852232571581 0 0
272.7484204944554 0 0
275.6591621244654 0 0
278.5845305999791 0 0
281.524599427098 0 0
284.4794424462377 0 0
287.4491339093518 0 0
290.4337484473042 0 0
293.4333610365363 0 0
296.4480470763739 0 0
299.4778823197372 0 0
302.5229428395239 0 0
305.5833051427494 0 0
308.6590461748413 0 0
311.7502432133463 0 0
314.8569739079275 0 0
317.9793163214916 0 0
321.1173488971149 0 0
324.2711504621139 0 0
327.4408002685258 0 0
330.6263779608599 0 0
333.8279635795219 0 0
337.0456375653731 0 0
340.279480763215 0 0
343.5295744264095 0 0
346.7960002204246 0 0
350.0788402275173 0 0
353.3781769135902 0 0
356.6940931693179 0 0
360.026672314182 0 0
363.3759981009113 0 0
366.7421546828334 0 0
370.1252266180094 0 0
373.5252989101442 0 0
376.942457013154 0 0
380.3767867618967 0 0
383.8283744495614 0 0
387.2973067959526 0 0
390.7836709510777 0 0
394.2875545369933 0 0
397.8090455783296 0 0
401.3482325434679 0 0
404.9052043489954 0 0
408.4800504009492 0 0
412.072860526213 0 0
415.6837249763398 0 0
419.3127344692635 0 0
422.959980193557 0 0
426.6255537767173 0 0
430.3095473258711 0 0
434.0120533964958 0 0
437.733164996081 0 0
441.4729756631644 0 0
445.2315793615553 0 0
449.0090705215851 0 0
452.8055440450178 0 0
456.6210953096233 0 0
460.4558202109057 0 0
464.3098150936229 0 0
468.1831767928505 0 0
472.0760026394382 0 0
475.9883904276498 0 0
479.9204384570749 0 0
483.8722455007089 0 0
487.8439108465703 0 0
491.8355343029751 0 0
495.8472161667303 0 0
499.8790572281155 0 0
503.9311588126491 0 0
508.0036227497681 0 0
512.0965513408051 0 0
516.210047400893 0 0
520.3442142640679 0 0
524.4991558253 0 0
528.6749765093409 0 0
532.8717812388954 0 0
537.089675439953 0 0
541.3287650835373 0 0
545.5891566914822 0 0
549.870957304766 0 0
554.1742744890012 0 0
558.4992163763429 0 0
562.8458916346818 0 0
567.214409472519 0 0
571.6048796817356 0 0
576.0174125694226 0 0
580.4521189632486 0 0
584.9091102903659 0 0
589.3884985835992 0 0
593.8903963766943 0 0
598.4149167462334 0 0
602.9621733910806 0 0
607.5322806016216 0 0
612.1253531919325 0 0
616.7415065418693 0 0
621.3808566399346 0 0
626.0435200523243 0 0
630.7296139287662 0 0
635.4392560084058 0 0
640.172564625731 0 0
644.9296587165443 0 0
649.7106578239828 0 0
654.5156820678305 0 0
659.3448521502565 0 0
664.1982893987167 0 0
669.0761157721527 0 0
673.9784538304867 0 0
678.9054267405456 0 0
683.857158319145 0 0
688.8337730027255 0 0
693.8353958166682 0 0
698.8621523814023 0 0
703.9141690288077 0 0
708.9915726992772 0 0
714.0944909468667 0 0
719.2230520201964 0 0
724.3773847581862 0 0
729.5576186699487 0 0
734.7638839048556 0 0
739.9963112586646 0 0
745.2550322171811 0 0
750.5401789261022 0 0
755.8518841609139 0 0
761.1902813699635 0 0
766.5555046815726 0 0
771.9476889104633 0 0
777.3669695649714 0 0
782.8134827800777 0 0
788.2873653974864 0 0
793.7887549729902 0 0
799.317789709658 0 0
804.8746085380643 0 0
810.4593510870685 0 0
816.0721576535349 0 0
821.713169283091 0 0
827.3825277042572 0 0
833.0803753702722 0 0
838.806855469989 0 0
844.5621118580111 0 0
850.3462891001548 0 0
856.1595325538507 0 0
862.0019883026537 0 0
867.8738031260847 0 0
873.7751245441259 0 0
879.7061008242928 0 0
885.6668810262393 0 0
891.6576148990614 0 0
897.6784529616654 0 0
903.7295465111644 0 0
909.8110475563639 0 0
915.9231088990309 0 0
922.065884104985 0 0
928.2395275483669 0 0
934.4441943464569 0 0
940.6800403665828 0 0
946.9472223080527 0 0
953.2458975996577 0 0
959.5762245173783 0 0
965.9383621566064 0 0
972.3324703291058 0 0
978.758709681255 0 0
985.2172417024719 0 0
991.708228659828 0 0
998.2318336426193 0 0
1004.788220570969 0 0
1011.377554167009 0 0
1 22 0 270
553
554
555
556
557
558
559
560
561
562
563
564
565
566
567
568
569
570
571
572
573
574
575
576
577
578
579
580
581
582
583
584
585
586
587
588
589
590
591
592
593
594
595
596
597
598
599
600
601
602
603
604
605
606
607
608
609
610
611
612
613
614
615
616
617
618
619
620
621
622
623
624
625
626
627
628
629
630
631
632
633
634
635
636
637
638
639
640
641
642
643
644
645
646
647
648
649
650
651
652
653
654
655
656
657
658
659
660
661
662
663
664
665
666
667
668
669
670
671
672
673
674
675
676
677
678
679
680
681
682
683
684
685
686
687
688
689
690
691
692
693
694
695
696
697
698
699
700
701
702
703
704
705
706
707
708
709
710
711
712
713
714
715
716
717
718
719
720
721
722
723
724
725
726
727
728
729
730
731
732
733
734
735
736
737
738
739
740
741
742
743
744
745
746
747
748
749
750
751
752
753
754
755
756
757
758
759
760
761
762
763
764
765
766
767
768
769
770
771
772
773
774
775
776
777
778
779
780
781
782
783
784
785
786
787
788
789
790
791
792
793
794
795
796
797
798
799
800
801
802
803
804
805
806
807
808
809
810
811
812
813
814
815
816
817
818
819
820
821
822
35.71100082002594 0.25 0
37.43059960153177 0.25 0
39.15883957666912 0.25 0
40.89576419145 0.25 0
42.64141707116647 0.25 0
44.39584205895486 0.25 0
46.15908325511334 0.25 0
47.93118498257121 0.25 0
49.71219175237465 0.25 0
51.50214830231782 0.25 0
53.30109959957863 0.25 0
55.10909084263508 0.25 0
56.92616746393526 0.25 0
58.7523751318481 0.25 0
60.58775975336818 0.25 0
62.43236740260382 0.25 0
64.28624443302468 0.25 0
66.14943744383817 0.25 0
68.02199320816149 0.25 0
69.90395878569038 0.25 0
71.79538148876007 0.25 0
73.69630884768796 0.25 0
75.60678861325057 0.25 0
77.52686875880993 0.25 0
79.4565975563232 0.25 0
81.39602350574566 0.25 0
83.34519530009476 0.25 0
85.30416190151482 0.25 0
87.27297254386274 0.25 0
89.2516767353133 0.25 0
91.24032418748619 0.25 0
93.23896481735133 0.25 0
95.24764886013477 0.25 0
97.26642679887026 0.25 0
99.29534932961272 0.25 0
101.3344674376535 0.25 0
103.3838324002576 0.25 0
105.4434956791756 0.25 0
107.5135089958105 0.25 0
109.5939244082476 0.25 0
111.6847941667069 0.25 0
113.7861707891384 0.25 0
115.8981071011934 0.25 0
118.0206561652337 0.25 0
120.1538713196067 0.25 0
122.2978061448114 0.25 0
124.4525145024446 0.25 0
126.6180505385244 0.25 0
128.7944686857289 0.25 0
130.9818236300133 0.25 0
133.1801702757716 0.25 0
135.3895638958679 0.25 0
137.6100600248184 0.25 0
139.8417144240161 0.25 0
142.0845831583284 0.25 0
144.3387225621009 0.25 0
146.6041892786794 0.25 0
148.8810402635743 0.25 0
151.1693327137809 0.25 0
153.4691241069978 0.25 0
155.7804722416039 0.25 0
158.1034352027916 0.25 0
160.4380713654713 0.25 0
162.7844393604483 0.25 0
165.1425981504994 0.25 0
167.5126069973315 0.25 0
169.8945254270877 0.25 0
172.2884133072291 0.25 0
174.6943307760742 0.25 0
177.1123382822392 0.25 0
179.5424965880898 0.25 0
181.9848667357294 0.25 0
184.4395100868769 0.25 0
186.9064883260181 0.25 0
189.3858634271218 0.25 0
191.8776976917718 0.25 0
194.3820537556507 0.25 0
196.898994515027 0.25 0
199.4285832045999 0.25 0
201.9708834008707 0.25 0
204.5259589883436 0.25 0
207.0938741628678 0.25 0
209.6746934346328 0.25 0
212.2684816315595 0.25 0
214.8753039390932 0.25 0
217.4952258672629 0.25 0
220.128313216659 0.25 0
222.7746321554189 0.25 0
225.434249185991 0.25 0
228.1072311483054 0.25 0
230.7936451865884 0.25 0
233.4935587889632 0.25 0
236.207039791432 0.25 0
238.9341563807782 0.25 0
241.6749770986019 0.25 0
244.4295707707759 0.25 0
247.1980066210405 0.25 0
249.9803542016178 0.25 0
252.7766833958759 0.25 0
255.5870644959895 0.25 0
258.4115681328977 0.25 0
261.2502652797854 0.25 0
264.1032272188403 0.25 0
266.9705256179278 0.25 0
269.852232571581 0.25 0
272.7484204944554 0.25 0
275.6591621244654 0.25 0
278.5845305999791 0.25 0
281.524599427098 0.25 0
284.4794424462377 0.25 0
287.4491339093518 0.25 0
290.4337484473042 0.25 0
293.4333610365363 0.25 0
296.4480470763739 0.25 0
299.4778823197372 0.25 0
302.5229428395239 0.25 0
305.5833051427494 0.25 0
308.6590461748413 0.25 0
311.7502432133463 0.25 0
314.8569739079275 0.25 0
317.9793163214916 0.25 0
321.1173488971149 0.25 0
324.2711504621139 0.25 0
327.4408002685258 0.25 0
330.6263779608599 0.25 0
333.8279635795219 0.25 0
337.0456375653731 0.25 0
340.279480763215 0.25 0
343.5295744264095 0.25 0
346.7960002204246 0.25 0
350.0788402275173 0.25 0
353.3781769135902 0.25 0
356.6940931693179 0.25 0
360.026672314182 0.25 0
363.3759981009113 0.25 0
366.7421546828334 0.25 0
370.1252266180094 0.25 0
373.5252989101442 0.25 0
376.942457013154 0.25 0
380.3767867618967 0.25 0
383.8283744495614 0.25 0
387.2973067959526 0.25 0
390.7836709510777 0.25 0
394.2875545369933 0.25 0
397.8090455783296 0.25 0
401.3482325434679 0.25 0
404.9052043489954 0.25 0
408.4800504009492 0.25 0
412.072860526213 0.25 0
415.6837249763398 0.25 0
419.3127344692635 0.25 0
422.959980193557 0.25 0
426.6255537767173 0.25 0
430.3095473258711 0.25 0
434.0120533964958 0.25 0
437.733164996081 0.25 0
441.4729756631644 0.25 0
445.2315793615553 0.25 0
449.0090705215851 0.25 0
452.8055440450178 0.25 0
456.6210953096233 0.25 0
460.4558202109057 0.25 0
464.3098150936229 0.25 0
468.1831767928505 0.25 0
472.0760026394382 0.25 0
475.9883904276498 0.25 0
479.9204384570749 0.25 0
483.8722455007089 0.25 0
487.8439108465703 0.25 0
491.8355343029751 0.25 0
495.8472161667303 0.25 0
499.8790572281155 0.25 0
503.9311588126491 0.25 0
508.0036227497681 0.25 0
512.0965513408051 0.25 0
516.210047400893 0.25 0
520.3442142640679 0.25 0
524.4991558253 0.25 0
528.6749765093409 0.25 0
532.8717812388954 0.25 0
537.089675439953 0.25 0
541.3287650835373 0.25 0
545.5891566914822 0.25 0
549.870957304766 0.25 0
554.1742744890012 0.25 0
558.4992163763429 0.25 0
562.8458916346818 0.25 0
567.214409472519 0.25 0
571.6048796817356 0.25 0
576.0174125694226 0.25 0
580.4521189632486 0.25 0
584.9091102903659 0.25 0
589.3884985835992 0.25 0
593.8903963766943 0.25 0
598.4149167462334 0.25 0
602.9621733910806 0.25 0
607.5322806016216 0.25 0
612.1253531919325 0.25 0
616.7415065418693 0.25 0
621.3808566399346 0.25 0
626.0435200523243 0.25 0
630.7296139287662 0.25 0
635.4392560084058 0.25 0
640.172564625731 0.25 0
644.9296587165443 0.25 0
649.7106578239828 0.25 0
654.5156820678305 0.25 0
659.3448521502565 0.25 0
664.1982893987167 0.25 0
669.0761157721527 0.25 0
673.9784538304867 0.25 0
678.9054267405456 0.25 0
683.857158319145 0.25 0
688.8337730027255 0.25 0
693.8353958166682 0.25 0
698.8621523814023 0.25 0
703.9141690288077 0.25 0
708.9915726992772 0.25 0
714.0944909468667 0.25 0
719.2230520201964 0.25 0
724.3773847581862 0.25 0
729.5576186699487 0.25 0
734.7638839048556 0.25 0
739.9963112586646 0.25 0
745.2550322171811 0.25 0
750.5401789261022 0.25 0
755.8518841609139 0.25 0
761.1902813699635 0.25 0
766.5555046815726 0.25 0
771.9476889104633 0.25 0
777.3669695649714 0.25 0
782.8134827800777 0.25 0
788.2873653974864 0.25 0
793.7887549729902 0.25 0
799.317789709658 0.25 0
804.8746085380643 0.25 0
810.4593510870685 0.25 0
816.0721576535349 0.25 0
821.713169283091 0.25 0
827.3825277042572 0.25 0
833.0803753702722 0.25 0
838.806855469989 0.25 0
844.5621118580111 0.25 0
850.3462891001548 0.25 0
856.1595325538507 0.25 0
862.0019883026537 0.25 0
867.8738031260847 0.25 0
873.7751245441259 0.25 0
879.7061008242928 0.25 0
885.6668810262393 0.25 0
891.6576148990614 0.25 0
897.6784529616654 0.25 0
903.7295465111644 0.25 0
909.8110475563639 0.25 0
915.9231088990309 0.25 0
922.065884104985 0.25 0
928.2395275483669 0.25 0
934.4441943464569 0.25 0
940.6800403665828 0.25 0
946.9472223080527 0.25 0
953.2458975996577 0.25 0
959.5762245173783 0.25 0
965.9383621566064 0.25 0
972.3324703291058 0.25 0
978.758709681255 0.25 0
985.2172417024719 0.25 0
991.708228659828 0.25 0
998.2318336426193 0.25 0
1004.788220570969 0.25 0
1011.377554167009 0.25 0
1 23 0 14
823
824
825
826
827
828
829
830
831
832
833
834
835
836
-12.68330415973807 0.25 0
-10.02994746988198 0.25 0
-7.907262126115331 0.25 0
-6.209113842362191 0.25 0
-4.850595198151922 0.25 0
-3.763780287483396 0.25 0
-2.894328378170989 0.25 0
-2.198766852323695 0.25 0
-1.642317627629778 0.25 0
-1.197158246781052 0.25 0
-0.8410307380482873 0.25 0
-0.5561287214612172 0.25 0
-0.3282071132265294 0.25 0
-0.1458698370245859 0.25 0
1 24 0 2
837
838
-100 1.749999985925977 0
-100 0.749999984684742 0
1 25 0 10
839
840
841
842
843
844
845
846
847
848
1018 7.185830660888021 0
1018 11.48061886021433 0
1018 16.84910396803901 0
1018 23.55971020098647 0
1018 31.94796817867106 0
1018 42.43329055812072 0
1018 55.5399435000393 0
1018 71.92325965393924 0
1018 92.40240467022062 0
1018 118.0013358676537 0
1 26 0 270
849
850
851
852
853
854
855
856
857
858
859
860
861
862
863
864
865
866
867
868
869
870
871
872
873
874
875
876
877
878
879
880
881
882
883
884
885
886
887
888
889
890
891
892
893
894
895
896
897
898
899
900
901
902
903
904
905
906
907
908
909
910
911
912
913
914
915
916
917
918
919
920
921
922
923
924
925
926
927
928
929
930
931
932
933
934
935
936
937
938
939
940
941
942
943
944
945
946
947
948
949
950
951
952
953
954
955
956
957
958
959
960
961
962
963
964
965
966
967
968
969
970
971
972
973
974
975
976
977
978
979
980
981
982
983
984
985
986
987
988
989
990
991
992
993
994
995
996
997
998
999
1000
1001
1002
1003
1004
1005
1006
1007
1008
1009
1010
1011
1012
1013
1014
1015
1016
1017
1018
1019
1020
1021
1022
1023
1024
1025
1026
1027
1028
1029
1030
1031
1032
1033
1034
1035
1036
1037
1038
1039
1040
1041
1042
1043
1044
1045
1046
1047
1048
1049
1050
1051
1052
1053
1054
1055
1056
1057
1058
1059
1060
1061
1062
1063
1064
1065
1066
1067
1068
1069
1070
1071
1072
1073
1074
1075
1076
1077
1078
1079
1080
1081
1082
1083
1084
1085
1086
1087
1088
1089
1090
1091
1092
1093
1094
1095
1096
1097
1098
1099
1100
1101
1102
1103
1104
1105
1106
1107
1108
1109
1110
1111
1112
1113
1114
1115
1116
1117
1118
1011.377554203012 3.75 0
1004.788220606234 3.75 0
998.2318336771542 3.75 0
991.7082286936367 3.75 0
985.2172417355599 3.75 0
978.7587097136303 3.75 0
972.3324703607727 3.75 0
965.9383621875716 3.75 0
959.5762245476493 3.75 0
953.2458976292036 3.75 0
946.9472223368432 3.75 0
940.6800403946263 3.75 0
934.4441943737581 3.75 0
928.2395275749336 3.75 0
922.0658841308248 3.75 0
915.9231089241492 3.75 0
909.8110475807673 3.75 0
903.7295465348606 3.75 0
897.6784529846595 3.75 0
891.6576149213984 3.75 0
885.6668810479039 3.75 0
879.7061008452753 3.75 0
873.7751245644321 3.75 0
867.8738031457201 3.75 0
862.0019883216253 3.75 0
856.1595325721644 3.75 0
850.3462891178167 3.75 0
844.562111875027 3.75 0
838.8068554863651 3.75 0
833.0803753860146 3.75 0
827.3825277193343 3.75 0
821.7131692975843 3.75 0
816.0721576674123 3.75 0
810.4593511003361 3.75 0
804.8746085507275 3.75 0
799.3177897217221 3.75 0
793.7887549844613 3.75 0
788.28736540837 3.75 0
782.8134827903792 3.75 0
777.3669695746963 3.75 0
771.9476889196177 3.75 0
766.5555046901618 3.75 0
761.1902813779925 3.75 0
755.8518841683883 3.75 0
750.5401789330274 3.75 0
745.2550322235622 3.75 0
739.9963112645073 3.75 0
734.7638839101651 3.75 0
729.5576186747303 3.75 0
724.3773847624453 3.75 0
719.2230520239377 3.75 0
714.0944909500947 3.75 0
708.9915727019973 3.75 0
703.914169031025 3.75 0
698.8621523831225 3.75 0
693.8353958178955 3.75 0
688.8337730034646 3.75 0
683.8571583194007 3.75 0
678.9054267403233 3.75 0
673.9784538297911 3.75 0
669.0761157709881 3.75 0
664.1982893970879 3.75 0
659.3448521481682 3.75 0
654.5156820652874 3.75 0
649.7106578209896 3.75 0
644.929658713105 3.75 0
640.1725646218504 3.75 0
635.4392560040887 3.75 0
630.729613924017 3.75 0
626.0435200471469 3.75 0
621.3808566343344 3.75 0
616.7415065358504 3.75 0
612.1253531854991 3.75 0
607.5322805947781 3.75 0
602.9621733838316 3.75 0
598.4149167385829 3.75 0
593.8903963686456 3.75 0
589.3884985751567 3.75 0
584.9091102815337 3.75 0
580.4521189540311 3.75 0
576.0174125598242 3.75 0
571.6048796717605 3.75 0
567.2144094621711 3.75 0
562.8458916239651 3.75 0
558.4992163652607 3.75 0
554.1742744775574 3.75 0
549.8709572929648 3.75 0
545.5891566793272 3.75 0
541.3287650710323 3.75 0
537.0896754271023 3.75 0
532.8717812257025 3.75 0
528.6749764958098 3.75 0
524.4991558114343 3.75 0
520.3442142498708 3.75 0
516.2100473863683 3.75 0
512.0965513259571 3.75 0
508.003622734577 3.75 0
503.9311587971183 3.75 0
499.8790572122485 3.75 0
495.8472161505314 3.75 0
491.8355342864477 3.75 0
487.8439108297176 3.75 0
483.8722454835346 3.75 0
479.920438439583 3.75 0
475.9883904098435 3.75 0
472.0760026213211 3.75 0
468.1831767744263 3.75 0
464.3098150748951 3.75 0
460.4558201918778 3.75 0
456.621095290299 3.75 0
452.8055440254008 3.75 0
449.0090705016785 3.75 0
445.231579341362 3.75 0
441.4729756426882 3.75 0
437.7331649753252 3.75 0
434.0120533754634 3.75 0
430.3095473045661 3.75 0
426.6255537551426 3.75 0
422.9599801717159 3.75 0
419.3127344471588 3.75 0
415.683724953975 3.75 0
412.0728605035913 3.75 0
408.4800503780738 3.75 0
404.9052043258691 3.75 0
401.348232520094 3.75 0
397.8090455547112 3.75 0
394.2875545131333 3.75 0
390.7836709269793 3.75 0
387.2973067716185 3.75 0
383.8283744249946 3.75 0
380.3767867371002 3.75 0
376.942456988131 3.75 0
373.5252988848976 3.75 0
370.1252265925419 3.75 0
366.7421546571479 3.75 0
363.3759980750104 3.75 0
360.0266722880689 3.75 0
356.6940931429954 3.75 0
353.3781768870606 3.75 0
350.0788402007832 3.75 0
346.7960001934896 3.75 0
343.5295743992756 3.75 0
340.279480735885 3.75 0
337.0456375378494 3.75 0
333.8279635518076 3.75 0
330.6263779329572 3.75 0
327.4408002404373 3.75 0
324.2711504338419 3.75 0
321.1173488686621 3.75 0
317.9793162928606 3.75 0
314.856973879121 3.75 0
311.7502431843669 3.75 0
308.6590461456914 3.75 0
305.5833051134315 3.75 0
302.5229428100401 3.75 0
299.4778822900901 3.75 0
296.4480470465659 3.75 0
293.4333610065698 3.75 0
290.4337484171811 3.75 0
287.4491338790746 3.75 0
284.4794424158086 3.75 0
281.5245993965194 3.75 0
278.584530569253 3.75 0
275.6591620935943 3.75 0
272.7484204634416 3.75 0
269.8522325404263 3.75 0
266.9705255867126 3.75 0
264.1032271874104 3.75 0
261.2502652482216 3.75 0
258.411568101202 3.75 0
255.5870644641637 3.75 0
252.7766833639225 3.75 0
249.9803541695386 3.75 0
247.1980065888375 3.75 0
244.4295707384513 3.75 0
241.6749770661579 3.75 0
238.9341563482163 3.75 0
236.2070397587544 3.75 0
233.4935587561723 3.75 0
230.7936451536857 3.75 0
228.1072311152926 3.75 0
225.4342491528702 3.75 0
222.7746321221922 3.75 0
220.1283131833281 3.75 0
217.4952258338296 3.75 0
214.8753039055598 3.75 0
212.2684815979277 3.75 0
209.6746934009044 3.75 0
207.0938741290443 3.75 0
204.5259589544273 3.75 0
201.9708833668631 3.75 0
199.4285831705031 3.75 0
196.8989944808424 3.75 0
194.3820537213802 3.75 0
191.877697657417 3.75 0
189.3858633927703 3.75 0
186.9064882914997 3.75 0
184.439510052279 3.75 0
181.9848667010535 3.75 0
179.5424965533377 3.75 0
177.1123382474128 3.75 0
174.6943307411748 3.75 0
172.2884132722584 3.75 0
169.8945253920474 3.75 0
167.5126069622231 3.75 0
165.142598115325 3.75 0
162.7844393252087 3.75 0
160.4380713301686 3.75 0
158.1034351674268 3.75 0
155.7804722061788 3.75 0
153.4691240715139 3.75 0
151.1693326782395 3.75 0
148.8810402279771 3.75 0
146.6041892430278 3.75 0
144.3387225263962 3.75 0
142.0845831225722 3.75 0
139.8417143882094 3.75 0
137.6100599889631 3.75 0
135.3895638599653 3.75 0
133.1801702398225 3.75 0
130.9818235940196 3.75 0
128.7944686496917 3.75 0
126.618050502445 3.75 0
124.4525144663247 3.75 0
122.2978061086521 3.75 0
120.1538712834092 3.75 0
118.0206561289995 3.75 0
115.8981070649235 3.75 0
113.7861707528343 3.75 0
111.6847941303698 3.75 0
109.5939243718789 3.75 0
107.5135089594111 3.75 0
105.4434956427469 3.75 0
103.3838323638007 3.75 0
101.3344674011695 3.75 0
99.29534929310296 3.75 0
97.26642676233587 3.75 0
95.24764882357681 3.75 0
93.23896478077108 3.75 0
91.24032415088482 3.75 0
89.25167669869222 3.75 0
87.27297250722279 3.75 0
85.30416186485706 3.75 0
83.34519526342035 3.75 0
81.39602346905554 3.75 0
79.45659751961864 3.75 0
77.52686872209199 3.75 0
75.60678857652022 3.75 0
73.69630881094611 3.75 0
71.79538145200797 3.75 0
69.90395874892897 3.75 0
68.02199317139173 3.75 0
66.14943740706087 3.75 0
64.28624439624116 3.75 0
62.43236736581491 3.75 0
60.58775971657519 3.75 0
58.75237509505155 3.75 0
56.92616742713642 3.75 0
55.10909080583474 3.75 0
53.30109956277761 3.75 0
51.50214826551701 3.75 0
49.71219171557516 3.75 0
47.93118494577368 3.75 0
46.15908321831887 3.75 0
44.39584202216417 3.75 0
42.64141703438065 3.75 0
40.89576415467025 3.75 0
39.15883953989578 3.75 0
37.43059956476566 3.75 0
35.71100078326799 3.75 0
1 27 0 20
1119
1120
1121
1122
1123
1124
1125
1126
1127
1128
1129
1130
1131
1132
1133
1134
1135
1136
1137
1138
-95.58527046937866 3.75 0
-91.21468823266611 3.75 0
-86.88781181580126 3.75 0
-82.60420415867605 3.75 0
-78.36343257713837 3.75 0
-74.16506871323423 3.75 0
-70.00868848650846 3.75 0
-65.8938720650049 3.75 0
-61.82020381161699 3.75 0
-57.78727223817417 3.75 0
-53.79466997884192 3.75 0
-49.84199374553916 3.75 0
-45.92884427781397 3.75 0
-42.05482630008553 3.75 0
-38.21954849842778 3.75 0
-34.42262347905 3.75 0
-30.66366770896734 3.75 0
-26.94230149533101 3.75 0
-23.25814894616619 3.75 0
-19.61083791980739 3.75 0
1 28 0 2
1139
1140
-16 1.749999985925977 0
-16 0.749999984684742 0
1 29 0 2
1141
1142
34 1.749999985925977 0
34 0.749999984684742 0
2 1 0 0
2 2 0 476
1143
1144
1145
1146
1147
1148
1149
1150
1151
1152
1153
1154
1155
1156
1157
1158
1159
1160
1161
1162
1163
1164
1165
1166
1167
1168
1169
1170
1171
1172
1173
1174
1175
1176
1177
1178
1179
1180
1181
1182
1183
1184
1185
1186
1187
1188
1189
1190
1191
1192
1193
1194
1195
1196
1197
1198
1199
1200
1201
1202
1203
1204
1205
1206
1207
1208
1209
1210
1211
1212
1213
1214
1215
1216
1217
1218
1219
1220
1221
1222
1223
1224
1225
1226
1227
1228
1229
1230
1231
1232
1233
1234
1235
1236
1237
1238
1239
1240
1241
1242
1243
1244
1245
1246
1247
1248
1249
1250
1251
1252
1253
1254
1255
1256
1257
1258
1259
1260
1261
1262
1263
1264
1265
1266
1267
1268
1269
1270
1271
1272
1273
1274
1275
1276
1277
1278
1279
1280
1281
1282
1283
1284
1285
1286
1287
1288
1289
1290
1291
1292
1293
1294
1295
1296
1297
1298
1299
1300
1301
1302
1303
1304
1305
1306
1307
1308
1309
1310
1311
1312
1313
1314
1315
1316
1317
1318
1319
1320
1321
1322
1323
1324
1325
1326
1327
1328
1329
1330
1331
1332
1333
1334
1335
1336
1337
1338
1339
1340
1341
1342
1343
1344
1345
1346
1347
1348
1349
1350
1351
1352
1353
1354
1355
1356
1357
1358
1359
1360
1361
1362
1363
1364
1365
1366
1367
1368
1369
1370
1371
1372
1373
1374
1375
1376
1377
1378
1379
1380
1381
1382
1383
1384
1385
1386
1387
1388
1389
1390
1391
1392
1393
1394
1395
1396
1397
1398
1399
1400
1401
1402
1403
1404
1405
1406
1407
1408
1409
1410
1411
1412
1413
1414
1415
1416
1417
1418
1419
1420
1421
1422
1423
1424
1425
1426
1427
1428
1429
1430
1431
1432
1433
1434
1435
1436
1437
1438
1439
1440
1441
1442
1443
1444
1445
1446
1447
1448
1449
1450
1451
1452
1453
1454
1455
1456
1457
1458
1459
1460
1461
1462
1463
1464
1465
1466
1467
1468
1469
1470
1471
1472
1473
1474
1475
1476
1477
1478
1479
1480
1481
1482
1483
1484
1485
1486
1487
1488
1489
1490
1491
1492
1493
1494
1495
1496
1497
1498
1499
1500
1501
1502
1503
1504
1505
1506
1507
1508
1509
1510
1511
1512
1513
1514
1515
1516
1517
1518
1519
1520
1521
1522
1523
1524
1525
1526
1527
1528
1529
1530
1531
1532
1533
1534
1535
1536
1537
1538
1539
1540
1541
1542
1543
1544
1545
1546
1547
1548
1549
1550
1551
1552
1553
1554
1555
1556
1557
1558
1559
1560
1561
1562
1563
1564
1565
1566
1567
1568
1569
1570
1571
1572
1573
1574
1575
1576
1577
1578
1579
1580
1581
1582
1583
1584
1585
1586
1587
1588
1589
1590
1591
1592
1593
1594
1595
1596
1597
1598
1599
1600
1601
1602
1603
1604
1605
1606
1607
1608
1609
1610
1611
1612
1613
1614
1615
1616
1617
1618
0.1232980014476948 -2.847200161214809 0
0.1232980014476947 -2.677422562132606 0
0.1232980014476947 -2.488780784739423 0
0.1232980014476947 -2.279178809936631 0
0.1232980014476948 -2.046287726473956 0
0.1232980014476947 -1.787519855558167 0
0.1232980014476947 -1.5 0
0.1232980014476948 -1.236626226936778 0
0.1232980014476948 -0.9995898300925261 0
0.1232980014476948 -0.7862570738834128 0
0.1232980014476948 -0.5942575935519511 0
0.1232980014476948 -0.4214580608368277 0
0.1232980014476947 -0.2659384818648761 0
0.1232980014476948 -0.1259708602736 0
0.2687998949240482 -2.847200161206476 0
0.2687998949240482 -2.677422562125828 0
0.2687998949240482 -2.48878078473465 0
0.2687998949240482 -2.27917880993439 0
0.2687998949240482 -2.046287726474868 0
0.2687998949240482 -1.787519855562962 0
0.2687998949240481 -1.5 0
0.2687998949240482 -1.236626226936801 0
0.2687998949240482 -0.9995898300925509 0
0.2687998949240482 -0.7862570738834513 0
0.2687998949240482 -0.5942575935519826 0
0.2687998949240482 -0.4214580608368495 0
0.2687998949240482 -0.2659384818648899 0
0.2687998949240481 -0.1259708602736061 0
0.4405042394252346 -2.847200161196642 0
0.4405042394252346 -2.677422562117829 0
0.4405042394252346 -2.488780784729016 0
0.4405042394252346 -2.279178809931744 0
0.4405042394252346 -2.046287726475945 0
0.4405042394252346 -1.787519855568621 0
0.4405042394252346 -1.5 0
0.4405042394252346 -1.236626226936828 0
0.4405042394252346 -0.9995898300925805 0
0.4405042394252346 -0.7862570738834969 0
0.4405042394252346 -0.5942575935520198 0
0.4405042394252346 -0.421458060836875 0
0.4405042394252346 -0.265938481864906 0
0.4405042394252346 -0.1259708602736133 0
0.6431296562953623 -2.847200161185038 0
0.6431296562953626 -2.67742256210839 0
0.6431296562953623 -2.488780784722367 0
0.6431296562953626 -2.279178809928621 0
0.6431296562953626 -2.046287726477216 0
0.6431296562953626 -1.787519855575298 0
0.6431296562953627 -1.5 0
0.6431296562953626 -1.236626226936859 0
0.6431296562953626 -0.9995898300926154 0
0.6431296562953626 -0.7862570738835505 0
0.6431296562953626 -0.5942575935520635 0
0.6431296562953626 -0.4214580608369054 0
0.6431296562953626 -0.265938481864925 0
0.6431296562953626 -0.1259708602736217 0
0.8822445123649648 -2.847200161171343 0
0.8822445123649647 -2.677422562097252 0
0.8822445123649647 -2.488780784714521 0
0.8822445123649649 -2.279178809924936 0
0.8822445123649647 -2.046287726478714 0
0.8822445123649647 -1.787519855583178 0
0.8822445123649648 -1.5 0
0.8822445123649647 -1.236626226936897 0
0.8822445123649647 -0.9995898300926565 0
0.8822445123649647 -0.7862570738836139 0
0.8822445123649647 -0.5942575935521154 0
0.8822445123649648 -0.4214580608369412 0
0.8822445123649647 -0.2659384818649474 0
0.8822445123649647 -0.1259708602736316 0
1.164419943887847 -2.847200161155183 0
1.164419943887847 -2.677422562084107 0
1.164419943887847 -2.488780784705261 0
1.164419943887847 -2.279178809920589 0
1.164419943887847 -2.046287726480483 0
1.164419943887847 -1.787519855592477 0
1.164419943887847 -1.5 0
1.164419943887847 -1.236626226936941 0
1.164419943887847 -0.9995898300927049 0
1.164419943887847 -0.7862570738836886 0
1.164419943887847 -0.5942575935521766 0
1.164419943887847 -0.4214580608369833 0
1.164419943887847 -0.265938481864974 0
1.164419943887847 -0.1259708602736433 0
1.497410429737639 -2.847200161136112 0
1.497410429737639 -2.677422562068595 0
1.497410429737639 -2.488780784694335 0
1.497410429737639 -2.279178809915458 0
1.497410429737639 -2.046287726482571 0
1.497410429737639 -1.787519855603451 0
1.497410429737639 -1.5 0
1.497410429737639 -1.236626226936994 0
1.497410429737639 -0.999589830092762 0
1.497410429737639 -0.7862570738837766 0
1.497410429737639 -0.5942575935522486 0
1.497410429737639 -0.4214580608370332 0
1.497410429737639 -0.2659384818650052 0
1.497410429737639 -0.1259708602736572 0
1.89036691461876 -2.847200161113606 0
1.89036691461876 -2.677422562050289 0
1.89036691461876 -2.48878078468144 0
1.89036691461876 -2.279178809909403 0
1.89036691461876 -2.046287726485034 0
1.89036691461876 -1.787519855616401 0
1.89036691461876 -1.5 0
1.89036691461876 -1.236626226937055 0
1.89036691461876 -0.9995898300928294 0
1.89036691461876 -0.7862570738838809 0
1.89036691461876 -0.5942575935523335 0
1.89036691461876 -0.421458060837092 0
1.89036691461876 -0.2659384818650422 0
1.890366914618759 -0.1259708602736735 0
2.354088268708737 -2.847200161087049 0
2.354088268708737 -2.677422562028687 0
2.354088268708737 -2.488780784666223 0
2.354088268708737 -2.279178809902258 0
2.354088268708737 -2.046287726487941 0
2.354088268708737 -1.787519855631682 0
2.354088268708737 -1.5 0
2.354088268708737 -1.236626226937128 0
2.354088268708737 -0.9995898300929092 0
2.354088268708737 -0.7862570738840038 0
2.354088268708737 -0.594257593552434 0
2.354088268708737 -0.4214580608371614 0
2.354088268708737 -0.2659384818650857 0
2.354088268708737 -0.1259708602736929 0
2.901318059320889 -2.847200161055707 0
2.901318059320889 -2.677422562003196 0
2.901318059320889 -2.488780784648267 0
2.901318059320889 -2.279178809893826 0
2.901318059320889 -2.046287726491372 0
2.90131805932089 -1.787519855649716 0
2.90131805932089 -1.5 0
2.90131805932089 -1.236626226937214 0
2.90131805932089 -0.9995898300930033 0
2.90131805932089 -0.7862570738841488 0
2.90131805932089 -0.5942575935525524 0
2.90131805932089 -0.4214580608372434 0
2.90131805932089 -0.2659384818651371 0
2.90131805932089 -0.1259708602737156 0
3.547094754653627 -2.847200161018723 0
3.547094754653627 -2.677422561973113 0
3.547094754653626 -2.488780784627076 0
3.547094754653628 -2.279178809883875 0
3.547094754653628 -2.046287726495421 0
3.547094754653627 -1.787519855670998 0
3.547094754653627 -1.5 0
3.547094754653627 -1.236626226937315 0
3.547094754653626 -0.9995898300931142 0
3.547094754653625 -0.7862570738843196 0
3.547094754653627 -0.5942575935526923 0
3.547094754653626 -0.4214580608373399 0
3.547094754653627 -0.2659384818651978 0
3.547094754653627 -0.1259708602737425 0
4.309164993163857 -2.847200160975079 0
4.309164993163859 -2.677422561937613 0
4.309164993163859 -2.48878078460207 0
4.309164993163859 -2.279178809872133 0
4.309164993163859 -2.046287726500198 0
4.309164993163859 -1.787519855696111 0
4.30916499316386 -1.5 0
4.309164993163859 -1.236626226937435 0
4.30916499316386 -0.9995898300932451 0
4.309164993163859 -0.7862570738845217 0
4.309164993163859 -0.5942575935528571 0
4.309164993163859 -0.4214580608374539 0
4.309164993163859 -0.2659384818652694 0
4.309164993163859 -0.1259708602737742 0
5.208471298520394 -2.847200160923573 0
5.208471298520395 -2.677422561895719 0
5.208471298520395 -2.48878078457256 0
5.208471298520394 -2.279178809858275 0
5.208471298520394 -2.046287726505836 0
5.208471298520394 -1.787519855725748 0
5.208471298520395 -1.5 0
5.208471298520394 -1.236626226937576 0
5.208471298520395 -0.9995898300933996 0
5.208471298520394 -0.7862570738847601 0
5.208471298520397 -0.5942575935530521 0
5.208471298520395 -0.4214580608375884 0
5.208471298520395 -0.2659384818653537 0
5.208471298520395 -0.1259708602738117 0
6.26972758392354 -2.847200160862794 0
6.269727583923539 -2.677422561846281 0
6.26972758392354 -2.488780784537736 0
6.26972758392354 -2.279178809841922 0
6.269727583923541 -2.046287726512489 0
6.26972758392354 -1.787519855760721 0
6.26972758392354 -1.5 0
6.26972758392354 -1.236626226937743 0
6.26972758392354 -0.9995898300935817 0
6.26972758392354 -0.7862570738850412 0
6.269727583923539 -0.5942575935532814 0
6.26972758392354 -0.4214580608377472 0
6.26972758392354 -0.2659384818654534 0
6.26972758392354 -0.1259708602738558 0
7.522098311151758 -2.847200160791069 0
7.522098311151761 -2.677422561787942 0
7.522098311151758 -2.488780784496642 0
7.522098311151758 -2.279178809822626 0
7.522098311151758 -2.04628772652034 0
7.522098311151758 -1.787519855801993 0
7.522098311151759 -1.5 0
7.522098311151758 -1.23662622693794 0
7.522098311151758 -0.999589830093797 0
7.522098311151758 -0.7862570738853729 0
7.522098311151758 -0.5942575935535528 0
7.522098311151758 -0.4214580608379346 0
7.522098311151758 -0.2659384818655711 0
7.522098311151758 -0.1259708602739079 0
9 -2.847200160706427 0
8.999999999999998 -2.677422561719096 0
9 -2.488780784448146 0
9 -2.279178809799853 0
9 -2.046287726529606 0
9 -1.787519855850697 0
9 -1.5 0
9 -1.236626226938172 0
9 -0.9995898300940509 0
9 -0.7862570738857647 0
9 -0.5942575935538726 0
9 -0.4214580608381557 0
9 -0.2659384818657099 0
9 -0.1259708602739694 0
10.15718490393197 -2.847200160640154 0
10.15718490393197 -2.67742256166519 0
10.15718490393197 -2.488780784410174 0
10.15718490393198 -2.279178809782022 0
10.15718490393197 -2.04628772653686 0
10.15718490393197 -1.787519855888831 0
10.15718490393197 -1.5 0
10.15718490393197 -1.236626226938353 0
10.15718490393197 -0.9995898300942496 0
10.15718490393197 -0.7862570738860712 0
10.15718490393197 -0.5942575935541233 0
10.15718490393197 -0.4214580608383289 0
10.15718490393197 -0.2659384818658185 0
10.15718490393197 -0.1259708602740175 0
11.17978441021366 -2.847200160581588 0
11.17978441021366 -2.677422561617553 0
11.17978441021366 -2.488780784376619 0
11.17978441021366 -2.279178809766266 0
11.17978441021366 -2.046287726543271 0
11.17978441021366 -1.787519855922531 0
11.17978441021366 -1.5 0
11.17978441021366 -1.236626226938514 0
11.17978441021366 -0.9995898300944253 0
11.17978441021366 -0.786257073886342 0
11.17978441021366 -0.5942575935543447 0
11.17978441021366 -0.4214580608384819 0
11.17978441021366 -0.2659384818659146 0
11.17978441021366 -0.1259708602740601 0
12.08345135091161 -2.847200160529833 0
12.0834513509116 -2.677422561575457 0
12.08345135091161 -2.488780784346966 0
12.0834513509116 -2.279178809752341 0
12.0834513509116 -2.046287726548936 0
12.0834513509116 -1.78751985595231 0
12.0834513509116 -1.5 0
12.0834513509116 -1.236626226938656 0
12.0834513509116 -0.9995898300945807 0
12.0834513509116 -0.7862570738865816 0
12.08345135091161 -0.5942575935545404 0
12.0834513509116 -0.4214580608386171 0
12.0834513509116 -0.2659384818659994 0
12.0834513509116 -0.1259708602740977 0
12.88201807931705 -2.847200160484098 0
12.88201807931705 -2.677422561538257 0
12.88201807931705 -2.488780784320762 0
12.88201807931705 -2.279178809740036 0
12.88201807931705 -2.046287726553943 0
12.88201807931705 -1.787519855978627 0
12.88201807931705 -1.5 0
12.88201807931705 -1.236626226938782 0
12.88201807931705 -0.9995898300947177 0
12.88201807931705 -0.7862570738867933 0
12.88201807931705 -0.5942575935547132 0
12.88201807931705 -0.4214580608387366 0
12.88201807931705 -0.2659384818660745 0
12.88201807931705 -0.125970860274131 0
13.58770818777214 -2.847200160443681 0
13.58770818777214 -2.677422561505383 0
13.58770818777214 -2.488780784297606 0
13.58770818777214 -2.279178809729162 0
13.58770818777214 -2.046287726558367 0
13.58770818777214 -1.787519856001883 0
13.58770818777214 -1.5 0
13.58770818777214 -1.236626226938892 0
13.58770818777214 -0.9995898300948389 0
13.58770818777214 -0.7862570738869801 0
13.58770818777214 -0.5942575935548661 0
13.58770818777214 -0.4214580608388423 0
13.58770818777214 -0.2659384818661407 0
13.58770818777214 -0.1259708602741603 0
14.21132361581912 -2.847200160407966 0
14.21132361581912 -2.677422561476333 0
14.21132361581912 -2.488780784277143 0
14.21132361581913 -2.279178809719553 0
14.21132361581912 -2.046287726562277 0
14.21132361581912 -1.787519856022434 0
14.21132361581912 -1.5 0
14.21132361581912 -1.23662622693899 0
14.21132361581912 -0.9995898300949462 0
14.21132361581912 -0.7862570738871453 0
14.21132361581912 -0.5942575935550011 0
14.21132361581912 -0.4214580608389356 0
14.21132361581912 -0.2659384818661993 0
14.21132361581912 -0.1259708602741862 0
14.7624099892743 -2.847200160376406 0
14.7624099892743 -2.677422561450662 0
14.7624099892743 -2.48878078425906 0
14.7624099892743 -2.279178809711062 0
14.7624099892743 -2.046287726565732 0
14.7624099892743 -1.787519856040595 0
14.7624099892743 -1.5 0
14.7624099892743 -1.236626226939077 0
14.7624099892743 -0.9995898300950408 0
14.7624099892743 -0.7862570738872916 0
14.7624099892743 -0.5942575935551205 0
14.7624099892743 -0.4214580608390179 0
14.7624099892743 -0.265938481866251 0
14.7624099892743 -0.1259708602742092 0
15.24940273453779 -2.847200160348514 0
15.2494027345378 -2.677422561427975 0
15.24940273453779 -2.488780784243079 0
15.24940273453779 -2.279178809703557 0
15.24940273453779 -2.046287726568784 0
15.2494027345378 -1.787519856056644 0
15.2494027345378 -1.5 0
15.2494027345378 -1.236626226939153 0
15.2494027345378 -0.9995898300951246 0
15.2494027345378 -0.7862570738874203 0
15.2494027345378 -0.5942575935552259 0
15.2494027345378 -0.4214580608390908 0
15.2494027345378 -0.2659384818662968 0
15.2494027345378 -0.1259708602742294 0
15.67975620455108 -2.847200160323867 0
15.67975620455108 -2.677422561407929 0
15.67975620455108 -2.488780784228958 0
15.67975620455108 -2.279178809696926 0
15.67975620455108 -2.046287726571482 0
15.67975620455108 -1.787519856070826 0
15.67975620455108 -1.5 0
15.67975620455108 -1.236626226939221 0
15.67975620455108 -0.9995898300951983 0
15.67975620455108 -0.7862570738875344 0
15.67975620455108 -0.594257593555319 0
15.67975620455108 -0.4214580608391553 0
15.67975620455108 -0.2659384818663372 0
15.67975620455108 -0.1259708602742474 0
16.06005778165136 -2.847200160302087 0
16.06005778165136 -2.677422561390213 0
16.06005778165136 -2.488780784216479 0
16.06005778165136 -2.279178809691066 0
16.06005778165136 -2.046287726573866 0
16.06005778165136 -1.787519856083359 0
16.06005778165136 -1.5 0
16.06005778165136 -1.236626226939281 0
16.06005778165136 -0.9995898300952638 0
16.06005778165136 -0.7862570738876352 0
16.06005778165136 -0.5942575935554011 0
16.06005778165136 -0.4214580608392122 0
16.06005778165136 -0.2659384818663729 0
16.06005778165136 -0.1259708602742632 0
16.39612870497704 -2.84720016028284 0
16.39612870497704 -2.677422561374556 0
16.39612870497704 -2.488780784205451 0
16.39612870497704 -2.279178809685887 0
16.39612870497704 -2.046287726575973 0
16.39612870497704 -1.787519856094434 0
16.39612870497704 -1.5 0
16.39612870497704 -1.236626226939334 0
16.39612870497704 -0.9995898300953214 0
16.39612870497704 -0.7862570738877243 0
16.39612870497704 -0.594257593555474 0
16.39612870497704 -0.4214580608392624 0
16.39612870497704 -0.2659384818664045 0
16.39612870497704 -0.1259708602742772 0
16.69311318535116 -2.847200160265831 0
16.69311318535116 -2.677422561360721 0
16.69311318535116 -2.488780784195705 0
16.69311318535116 -2.279178809681311 0
16.69311318535116 -2.046287726577836 0
16.69311318535116 -1.787519856104221 0
16.69311318535116 -1.5 0
16.69311318535116 -1.23662622693938 0
16.69311318535116 -0.9995898300953725 0
16.69311318535116 -0.7862570738878029 0
16.69311318535116 -0.5942575935555384 0
16.69311318535116 -0.4214580608393069 0
16.69311318535116 -0.2659384818664324 0
16.69311318535116 -0.1259708602742895 0
16.9555571412989 -2.8472001602508 0
16.95555714129889 -2.677422561348497 0
16.9555571412989 -2.488780784187094 0
16.95555714129889 -2.279178809677267 0
16.95555714129889 -2.046287726579481 0
16.95555714129889 -1.787519856112869 0
16.95555714129889 -1.5 0
16.95555714129889 -1.236626226939421 0
16.9555571412989 -0.9995898300954177 0
16.9555571412989 -0.7862570738878724 0
16.95555714129889 -0.5942575935555954 0
16.9555571412989 -0.4214580608393461 0
16.95555714129889 -0.2659384818664571 0
16.95555714129889 -0.1259708602743004 0
17.18747778078527 -2.847200160237518 0
17.18747778078527 -2.677422561337693 0
17.18747778078527 -2.488780784179484 0
17.18747778078527 -2.279178809673694 0
17.18747778078527 -2.046287726580934 0
17.18747778078527 -1.787519856120513 0
17.18747778078527 -1.5 0
17.18747778078527 -1.236626226939458 0
17.18747778078527 -0.9995898300954577 0
17.18747778078527 -0.7862570738879339 0
17.18747778078527 -0.5942575935556454 0
17.18747778078527 -0.4214580608393809 0
17.18747778078527 -0.2659384818664788 0
17.18747778078527 -0.1259708602743101 0
17.39242509253292 -2.847200160225779 0
17.39242509253292 -2.677422561328145 0
17.39242509253292 -2.488780784172758 0
17.39242509253292 -2.279178809670536 0
17.39242509253292 -2.04628772658222 0
17.39242509253292 -1.787519856127266 0
17.39242509253292 -1.5 0
17.39242509253292 -1.23662622693949 0
17.39242509253292 -0.9995898300954925 0
17.39242509253293 -0.7862570738879884 0
17.39242509253292 -0.5942575935556899 0
17.39242509253292 -0.4214580608394116 0
17.39242509253292 -0.265938481866498 0
17.39242509253292 -0.1259708602743186 0
17.57353618231651 -2.847200160215408 0
17.5735361823165 -2.677422561319709 0
17.57353618231651 -2.488780784166815 0
17.57353618231651 -2.279178809667745 0
17.57353618231651 -2.046287726583355 0
17.57353618231651 -1.787519856133235 0
17.57353618231651 -1.5 0
17.57353618231651 -1.236626226939519 0
17.5735361823165 -0.9995898300955237 0
17.57353618231651 -0.7862570738880362 0
17.57353618231651 -0.5942575935557289 0
17.5735361823165 -0.4214580608394387 0
17.57353618231651 -0.265938481866515 0
17.5735361823165 -0.1259708602743261 0
17.7335833025222 -2.847200160206242 0
17.7335833025222 -2.677422561312253 0
17.7335833025222 -2.488780784161564 0
17.7335833025222 -2.27917880966528 0
17.7335833025222 -2.046287726584358 0
17.7335833025222 -1.787519856138509 0
17.7335833025222 -1.5 0
17.7335833025222 -1.236626226939544 0
17.7335833025222 -0.9995898300955511 0
17.7335833025222 -0.7862570738880785 0
17.7335833025222 -0.5942575935557636 0
17.7335833025222 -0.4214580608394626 0
17.7335833025222 -0.2659384818665301 0
17.73358330252221 -0.1259708602743328 0
17.87501627523821 -2.847200160198141 0
17.87501627523821 -2.677422561305665 0
17.87501627523821 -2.488780784156922 0
17.87501627523821 -2.2791788096631 0
17.87501627523821 -2.046287726585245 0
17.87501627523821 -1.78751985614317 0
17.87501627523821 -1.5 0
17.87501627523821 -1.236626226939566 0
17.87501627523821 -0.9995898300955754 0
17.87501627523821 -0.7862570738881161 0
17.87501627523821 -0.5942575935557941 0
17.87501627523821 -0.4214580608394838 0
17.87501627523821 -0.2659384818665435 0
17.87501627523821 -0.1259708602743387 0
2 3 0 1142
1619
1620
1621
1622
1623
1624
1625
1626
1627
1628
1629
1630
1631
1632
1633
1634
1635
1636
1637
1638
1639
1640
1641
1642
1643
1644
1645
1646
1647
1648
1649
1650
1651
1652
1653
1654
1655
1656
1657
1658
1659
1660
1661
1662
1663
1664
1665
1666
1667
1668
1669
1670
1671
1672
1673
1674
1675
1676
1677
1678
1679
1680
1681
1682
1683
1684
1685
1686
1687
1688
1689
1690
1691
1692
1693
1694
1695
1696
1697
1698
1699
1700
1701
1702
1703
1704
1705
1706
1707
1708
1709
1710
1711
1712
1713
1714
1715
1716
1717
1718
1719
1720
1721
1722
1723
1724
1725
1726
1727
1728
1729
1730
1731
1732
1733
1734
1735
1736
1737
1738
1739
1740
1741
1742
1743
1744
1745
1746
1747
1748
1749
1750
1751
1752
1753
1754
1755
1756
1757
1758
1759
1760
1761
1762
1763
1764
1765
1766
1767
1768
1769
1770
1771
1772
1773
1774
1775
1776
1777
1778
1779
1780
1781
1782
1783
1784
1785
1786
1787
1788
1789
1790
1791
1792
1793
1794
1795
1796
1797
1798
1799
1800
1801
1802
1803
1804
1805
1806
1807
1808
1809
1810
1811
1812
1813
1814
1815
1816
1817
1818
1819
1820
1821
1822
1823
1824
1825
1826
1827
1828
1829
1830
1831
1832
1833
1834
1835
1836
1837
1838
1839
1840
1841
1842
1843
1844
1845
1846
1847
1848
1849
1850
1851
1852
1853
1854
1855
1856
1857
1858
1859
1860
1861
1862
1863
1864
1865
1866
1867
1868
1869
1870
1871
1872
1873
1874
1875
1876
1877
1878
1879
1880
1881
1882
1883
1884
1885
1886
1887
1888
1889
1890
1891
1892
1893
1894
1895
1896
1897
1898
1899
1900
1901
1902
1903
1904
1905
1906
1907
1908
1909
1910
1911
1912
1913
1914
1915
1916
1917
1918
1919
1920
1921
1922
1923
1924
1925
1926
1927
1928
1929
1930
1931
1932
1933
1934
1935
1936
1937
1938
1939
1940
1941
1942
1943
1944
1945
1946
1947
1948
1949
1950
1951
1952
1953
1954
1955
1956
1957
1958
1959
1960
1961
1962
1963
1964
1965
1966
1967
1968
1969
1970
1971
1972
1973
1974
1975
1976
1977
1978
1979
1980
1981
1982
1983
1984
1985
1986
1987
1988
1989
1990
1991
1992
1993
1994
1995
1996
1997
1998
1999
2000
2001
2002
2003
2004
2005
2006
2007
2008
2009
2010
2011
2012
2013
2014
2015
2016
2017
2018
2019
2020
2021
2022
2023
2024
2025
2026
2027
2028
2029
2030
2031
2032
2033
2034
2035
2036
2037
2038
2039
2040
2041
2042
2043
2044
2045
2046
2047
2048
2049
2050
2051
2052
2053
2054
2055
2056
2057
2058
2059
2060
2061
2062
2063
2064
2065
2066
2067
2068
2069
2070
2071
2072
2073
2074
2075
2076
2077
2078
2079
2080
2081
2082
2083
2084
2085
2086
2087
2088
2089
2090
2091
2092
2093
2094
2095
2096
2097
2098
2099
2100
2101
2102
2103
2104
2105
2106
2107
2108
2109
2110
2111
2112
2113
2114
2115
2116
2117
2118
2119
2120
2121
2122
2123
2124
2125
2126
2127
2128
2129
2130
2131
2132
2133
2134
2135
2136
2137
2138
2139
2140
2141
2142
2143
2144
2145
2146
2147
2148
2149
2150
2151
2152
2153
2154
2155
2156
2157
2158
2159
2160
2161
2162
2163
2164
2165
2166
2167
2168
2169
2170
2171
2172
2173
2174
2175
2176
2177
2178
2179
2180
2181
2182
2183
2184
2185
2186
2187
2188
2189
2190
2191
2192
2193
2194
2195
2196
2197
2198
2199
2200
2201
2202
2203
2204
2205
2206
2207
2208
2209
2210
2211
2212
2213
2214
2215
2216
2217
2218
2219
2220
2221
2222
2223
2224
2225
2226
2227
2228
2229
2230
2231
2232
2233
2234
2235
2236
2237
2238
2239
2240
2241
2242
2243
2244
2245
2246
2247
2248
2249
2250
2251
2252
2253
2254
2255
2256
2257
2258
2259
2260
2261
2262
2263
2264
2265
2266
2267
2268
2269
2270
2271
2272
2273
2274
2275
2276
2277
2278
2279
2280
2281
2282
2283
2284
2285
2286
2287
2288
2289
2290
2291
2292
2293
2294
2295
2296
2297
2298
2299
2300
2301
2302
2303
2304
2305
2306
2307
2308
2309
2310
2311
2312
2313
2314
2315
2316
2317
2318
2319
2320
2321
2322
2323
2324
2325
2326
2327
2328
2329
2330
2331
2332
2333
2334
2335
2336
2337
2338
2339
2340
2341
2342
2343
2344
2345
2346
2347
2348
2349
2350
2351
2352
2353
2354
2355
2356
2357
2358
2359
2360
2361
2362
2363
2364
2365
2366
2367
2368
2369
2370
2371
2372
2373
2374
2375
2376
2377
2378
2379
2380
2381
2382
2383
2384
2385
2386
2387
2388
2389
2390
2391
2392
2393
2394
2395
2396
2397
2398
2399
2400
2401
2402
2403
2404
2405
2406
2407
2408
2409
2410
2411
2412
2413
2414
2415
2416
2417
2418
2419
2420
2421
2422
2423
2424
2425
2426
2427
2428
2429
2430
2431
2432
2433
2434
2435
2436
2437
2438
2439
2440
2441
2442
2443
2444
2445
2446
2447
2448
2449
2450
2451
2452
2453
2454
2455
2456
2457
2458
2459
2460
2461
2462
2463
2464
2465
2466
2467
2468
2469
2470
2471
2472
2473
2474
2475
2476
2477
2478
2479
2480
2481
2482
2483
2484
2485
2486
2487
2488
2489
2490
2491
2492
2493
2494
2495
2496
2497
2498
2499
2500
2501
2502
2503
2504
2505
2506
2507
2508
2509
2510
2511
2512
2513
2514
2515
2516
2517
2518
2519
2520
2521
2522
2523
2524
2525
2526
2527
2528
2529
2530
2531
2532
2533
2534
2535
2536
2537
2538
2539
2540
2541
2542
2543
2544
2545
2546
2547
2548
2549
2550
2551
2552
2553
2554
2555
2556
2557
2558
2559
2560
2561
2562
2563
2564
2565
2566
2567
2568
2569
2570
2571
2572
2573
2574
2575
2576
2577
2578
2579
2580
2581
2582
2583
2584
2585
2586
2587
2588
2589
2590
2591
2592
2593
2594
2595
2596
2597
2598
2599
2600
2601
2602
2603
2604
2605
2606
2607
2608
2609
2610
2611
2612
2613
2614
2615
2616
2617
2618
2619
2620
2621
2622
2623
2624
2625
2626
2627
2628
2629
2630
2631
2632
2633
2634
2635
2636
2637
2638
2639
2640
2641
2642
2643
2644
2645
2646
2647
2648
2649
2650
2651
2652
2653
2654
2655
2656
2657
2658
2659
2660
2661
2662
2663
2664
2665
2666
2667
2668
2669
2670
2671
2672
2673
2674
2675
2676
2677
2678
2679
2680
2681
2682
2683
2684
2685
2686
2687
2688
2689
2690
2691
2692
2693
2694
2695
2696
2697
2698
2699
2700
2701
2702
2703
2704
2705
2706
2707
2708
2709
2710
2711
2712
2713
2714
2715
2716
2717
2718
2719
2720
2721
2722
2723
2724
2725
2726
2727
2728
2729
2730
2731
2732
2733
2734
2735
2736
2737
2738
2739
2740
2741
2742
2743
2744
2745
2746
2747
2748
2749
2750
2751
2752
2753
2754
2755
2756
2757
2758
2759
2760
11.6910166778635 0.9049398019402859 0
18.64292913285662 0.48856998453092 0
1.646442689994283 0.6519609043723777 0
16.59621549865199 0.5981653292244966 0
21.02533214457562 0.607712818430884 0
-1.948307379740262 0.7577683842449452 0
23.88403233740538 0.8521859167954418 0
0.06164900072384737 0.3567792014895541 0
-5.509015668107466 1.233247732274476 0
17.84354572509096 0.3475429119779621 0
15.05313600575203 0.6003855820498087 0
19.58331924618091 0.5127151146059192 0
-28.55093992300744 6.494143151087528 0
-44.12924618080407 7.442025739026855 0
-59.80373802489558 7.225158089057354 0
949.5590848616832 10.26172229419805 0
924.2279988324556 11.67852322600747 0
900.0993722100175 8.288783398897982 0
876.3614468896094 9.69643117962543 0
853.3634328579309 8.423360427094559 0
830.6821386044518 9.509570670360183 0
808.132365097304 9.217491275464988 0
785.714551265469 8.072994905546878 0
764.3212276175343 8.888836329844105 0
742.8340464496042 8.868284813053561 0
721.8002183931916 8.202623632956719 0
700.5283026368205 10.07314458408037 0
676.6860579921882 7.553298855884954 0
652.3969767576293 9.403264610795478 0
628.7314226375715 8.53560197028567 0
605.6028643154328 8.374405339713569 0
583.0524129845472 8.022490155151422 0
561.0357589099692 7.91711242757564 0
538.7855952491027 6.940261770749095 0
518.8590748767238 8.086083819954055 0
497.9177916987639 8.962144201199422 0
478.0465998116612 6.886706659396181 0
458.5384577410884 7.06266675306788 0
439.2293280807914 6.566830498565044 0
420.7724782228975 6.498071379782195 0
399.5786390374026 6.807363260985047 0
378.4693237123315 6.37531470898502 0
358.2479246781394 6.486353676750503 0
338.3399198204914 6.1430276183629 0
319.316000384762 6.772972988245312 0
301.3081608831148 7.509642778366438 0
283.0300894159841 7.069113483110096 0
265.6887443643037 7.13868594787788 0
248.4673058598983 5.867829192503445 0
232.1227629195205 6.005820984179987 0
216.1852648696948 6.013246643687485 0
198.4659186972161 6.71559158436923 0
181.0088790793846 5.597835297176149 0
163.9949806776797 5.736639304079245 0
147.914146284327 6.059046670691318 0
132.2642081559968 5.968603369598052 0
117.0383804651511 5.814758434909412 0
102.2922498587672 5.887391305389757 0
88.46097031916734 5.247815447422802 0
72.5880991765389 5.576680222372614 0
57.6570576498796 5.129722328151143 0
26.49379923392043 1.083068510580509 0
8.209350110402632 1.332723319847172 0
4.687570322126243 1.047291483508275 0
975.477817746407 9.748713283361543 0
-71.62642102568884 7.865142286229716 0
17.27975519715396 0.4269805545640404 0
-0.4401329614869333 0.5025894946761477 0
-87.23046877129057 63.73160124105747 0
0.6073900286505373 0.4835555568469945 0
1003.843567995003 60.3358142737555 0
-92.72299554426957 34.94576789665615 0
18.18769756477116 0.3609224295648499 0
995.1442063406081 8.229104294588359 0
-8.968224429502246 1.78945789138642 0
-85.0043664582867 8.239742200560672 0
1009.38744871269 37.12386345906739 0
38.36954589841102 5.085267418633196 0
-3.288276726546872 1.023699672398178 0
28.74101250474414 1.275910331869551 0
21.99421764274495 0.6916207645754519 0
-1.01909449241467 0.5275739267514287 0
20.24053489752745 0.5397473819130787 0
3.281358338787563 0.899598755841958 0
13.9591545014775 0.6912570757414493 0
-51.81833186219054 7.156002439415371 0
962.7565507568231 9.394763524419265 0
15.8313930390502 0.635697973281289 0
-36.32021497659693 7.148107721670987 0
19.10085270510019 0.4959055583915264 0
-21.58439699736115 6.752819658282797 0
1.116766926213683 0.5386448042626473 0
1.195907944030021 1.173312522536822 0
-94.76960004556861 20.20440673914173 0
1012.753336865288 20.11002614403294 0
32.44245333718511 3.052782010846267 0
67.82357160564634 104.6483421653159 0
196.4476770532567 99.32543805752732 0
325.1249186433973 97.07893158293837 0
459.0000000000234 93.04609403348755 0
585.3687770087395 102.871115026144 0
718.2328138783574 101.4184586142814 0
856.989876687937 101.354735096552 0
-93.39774971148086 7.476653891551778 0
-14.41001501243076 2.742489800462494 0
1009.02173423049 9.445460276672987 0
2.05570470745544 1.280430960683084 0
134.487887792773 108.0357360576853 0
168.5705027160951 54.418452099848 0
257.7191654419958 102.0278950218173 0
227.301039065029 56.90083329440495 0
391.3023476518158 108.6870907324248 0
364.8963447103998 57.6308860402296 0
522.6010396208499 104.9728913848111 0
494.7605397362556 57.08483462051828 0
655.3084811681299 110.0270343708137 0
625.987892214987 52.76014824543715 0
783.3089473302011 102.5789696534209 0
755.2539750972912 58.23520519785809 0
998.0476077207039 105.2018702689372 0
-80.04273968266827 100.947564205101 0
-7.330515211074484 1.957339825844002 0
-7.956478447371442 3.06626805725756 0
-6.247150594473418 3.243335600247918 0
-7.46844385331921 4.794254183938966 0
1.25758065707658 2.203377858012394 0
-5.347441152712636 4.938201372385041 0
-6.312973582251093 7.588067181707181 0
-14.13435743978829 4.755963076725945 0
2.621725633538431 2.432973354067827 0
1.491189700126545 3.742891424580801 0
3.56298634994736 4.382069005301806 0
1.722615717520392 6.136614474857947 0
4.794472243166908 6.855487284155929 0
2.348422681786891 9.149242403295275 0
6.062550503377782 10.21921423288569 0
3.667221755819523 14.39199900303431 0
-0.0534848827201921 3.037692663644318 0
8.065564508953837 7.082618206064266 0
-9.775139186713115 3.505283155645481 0
-15.81346509110826 6.299249138161716 0
-13.82393127249975 7.658997758458221 0
-16.29183130388992 9.247216422442829 0
-13.19368527442205 11.39838571397329 0
-17.86559680018678 13.67121777087752 0
-11.12012846061138 16.71637590759532 0
-17.37055042062524 20.89217380686455 0
-10.44077190766019 24.52947137250763 0
-24.47543664832412 16.45165982262597 0
0.2403817946408663 1.644117224724641 0
6.293197652182749 4.337555009071327 0
-14.6971308214454 1.253644497189984 0
-1.217111725384278 2.005515735016671 0
-1.848975322391627 3.672481547218624 0
-1.38844531574868 8.072138096820263 0
-3.934707934358527 11.70196765701272 0
9.203049843444125 4.02516369704298 0
11.30468251639737 6.4562813852993 0
10.70584984439963 10.51133117063434 0
33.35683563806363 0.9584974841757955 0
-9.451570907616224 5.996089525580489 0
6.895912947537648 1.251829883910331 0
9.536349632498936 1.280667153685163 0
1.542062361473322 104.7939114379713 0
31.61637851299866 62.35487902564565 0
915.012171453319 94.27240704677952 0
-94.625600722686 14.22558910882119 0
-89.40362136901851 17.33565831796031 0
-89.28421269895371 23.9717423543422 0
-83.61187927597967 20.52760200139095 0
-83.53818483125812 27.62547638267112 0
-77.66417124854078 24.03599870836386 0
-77.43896483097187 31.94654528608813 0
-23.99603956055869 24.86737974389964 0
-70.24360915090161 26.62167291267839 0
-70.20055237099712 36.4894303863059 0
-62.51326019341295 31.61215668075133 0
-62.20323837060846 41.84828410940898 0
-31.07096454287506 20.72599545034362 0
-30.97620237456111 28.88094383445314 0
-23.35000093844102 33.95811149501018 0
-38.12168070675588 24.33524689331185 0
-39.01358025447476 33.64305966821885 0
-62.15774871196176 23.09798149076042 0
-55.14071099866059 26.31291969496024 0
-55.74145643717893 19.06157729196996 0
-78.55768356943855 17.00477063961836 0
-79.88767623838135 41.836484129565 0
-37.20738315499895 16.12946959265096 0
-61.98020221320721 16.13936365640793 0
-68.23456153488161 18.72508671729544 0
-44.10516352284635 19.74665326840196 0
-12.42900869628573 3.338996442471235 0
-83.90781007085029 13.63072967104948 0
-79.20045657169973 11.3014533513225 0
-67.46731951278102 12.01180540238055 0
-4.326084298710728 1.148127446355821 0
-3.649199128899851 2.038588534733553 0
-2.406470115055218 1.527892643567461 0
11.77834493321807 3.763675885372077 0
13.74554635205294 5.32669083369704 0
-4.438274036936976 20.70145212638397 0
-2.825242868806091 29.22753257762641 0
13.69624142468912 2.884217867051783 0
15.80579886425694 3.855943160634461 0
16.00829736710614 6.125332122126018 0
17.79818716793105 4.952033888298878 0
18.30921196318719 7.133585296291831 0
20.15566968908752 5.42038387663153 0
20.93396852803442 8.512109728258155 0
23.61870616045869 6.705454679912542 0
24.03121249930955 10.34858057460012 0
26.63975839227844 7.76492042879017 0
27.83046151845518 12.20706705835175 0
17.85082970671138 10.18256591013732 0
20.23400556654958 3.033671757599358 0
17.88633226459647 2.560201083345549 0
26.84092098010601 4.797877232639702 0
29.27903962558816 5.822719797582744 0
23.62199604274279 3.662911019935957 0
28.62840670197419 3.710548123082742 0
1013.402332435271 13.91399951757267 0
-30.93148530000633 14.94737363962118 0
31.29237220742188 1.291622018694647 0
3.853403241647256 1.688293030432945 0
30.66283304383396 4.048723207526536 0
31.74364875491634 6.272411419669039 0
34.34050684709807 5.815579853449662 0
-4.953256935765796 2.219575524790181 0
3.986475913517788 22.36326668139066 0
6.485949107417822 33.23774339417547 0
-3.473260908372896 41.68981675082307 0
15.85836449267563 26.43225326487477 0
17.96604430483048 38.04172882097216 0
27.41518363438752 28.65864415751276 0
48.55550032576273 6.065414617739582 0
52.25208291755092 5.534174378984315 0
45.13110233479613 5.456054100967819 0
-55.87963941063908 11.67959732569037 0
1013.960324173755 9.1551818630696 0
-89.87977482979056 11.32313990843271 0
-88.94731850523027 49.72939136128844 0
13.85635191097198 9.242049248519129 0
15.23969164658353 12.96694914418468 0
23.87682713034872 15.22786191925867 0
28.52927738747508 18.70973352909611 0
33.47673523100124 13.72913884585641 0
35.63434889108719 21.74310588650595 0
39.17357986348946 32.04007171547146 0
40.36799265733541 16.17523264603921 0
38.35864439796339 10.57974788628193 0
41.9141875685597 5.428157128772207 0
44.34375365373173 10.82145594635137 0
46.92367061783754 16.80774534237815 0
50.63731960136502 12.00631205778351 0
65.21784090165102 5.359538541682537 0
53.23855218727833 17.71446305931594 0
68.57126067807575 6.085438305563946 0
57.24375861693342 12.49224125524785 0
60.86867963537595 18.87631200364932 0
55.87044876427602 25.43935972423054 0
65.7847975095095 26.4420263801298 0
80.45770576309566 6.176996762742776 0
84.12888828851678 5.22920766906091 0
68.90087505557742 18.11884193246288 0
25.5037294447173 1.021459950052924 0
25.86086369897307 1.765685031753785 0
24.94189128365935 1.712015230147856 0
26.85545411226148 2.007929430346134 0
1007.986379675808 16.2655630959256 0
1006.617666760594 22.7743567720607 0
1001.019374847072 18.21853930117381 0
999.441749005465 25.93300989878694 0
993.1520052937549 21.11987021649625 0
991.4027253478791 29.93633787655751 0
984.7152186173305 23.67069342773947 0
980.7925310729177 32.9865847490824 0
987.0777662440246 15.96495500048116 0
998.8661945248568 35.02608886643399 0
-84.4190699543135 82.16283191012255 0
-71.07119597030373 69.17818000451209 0
15.29278100341556 2.255823620274732 0
979.6065042339793 16.60426211972958 0
23.19037256421665 0.7952108145494129 0
23.52004504285764 1.501665276875907 0
22.71104345896924 1.464403450692599 0
1003.36389514901 80.41085668666892 0
987.8518554177577 70.13986132223069 0
988.0624211690471 53.3392651460224 0
970.6523148611604 59.10650258457373 0
967.7440828013839 81.36449775825375 0
949.7185022008264 65.37333832579024 0
955.5405252612995 43.38143290025132 0
934.0747839587158 48.99370538954273 0
940.224022059475 31.61449847355744 0
921.2941639769745 33.35252483773294 0
937.8781844201782 10.6609947765809 0
914.9614244532368 49.41843416782137 0
899.8754467805652 37.01889552884295 0
896.2083333194738 60.35790788886764 0
879.9483436087986 40.80650854930148 0
954.5320024093288 25.0177559640405 0
886.0447106677766 27.03262974887497 0
870.208528221527 25.95828925736992 0
859.2309415940074 42.86957937767281 0
865.5406566960502 9.647804909895251 0
888.8578199011447 8.462036482600041 0
852.383883076699 25.29003448753775 0
842.9758033532358 39.66388253537453 0
841.206970070397 9.258877973359496 0
835.3514774580829 24.7708430844997 0
825.5708517407498 38.17343584375459 0
820.129489738572 24.42501741600545 0
808.1222187589156 35.20885619271544 0
814.2651265301163 53.33624438467152 0
793.725772428081 51.24149245792842 0
788.2897926402758 29.02789931932909 0
818.8926634824958 8.623046224194253 0
868.263385448069 57.99516697703106 0
908.6713070965754 22.71451561790108 0
913.4810521055002 8.273423912461935 0
801.157593893902 23.34257951662111 0
796.0007754179865 7.903880243863481 0
1009.658407477614 48.14566286283718 0
-73.57515845382736 13.27661259345787 0
968.013494368624 32.09095602389863 0
966.0673307154332 21.40180376226943 0
-49.24030960768912 15.37855512434482 0
-47.11888886002354 28.28933379061121 0
-46.64289378799465 38.02438566003252 0
-39.21329603236178 45.62745701149021 0
7.618762004358275 2.618982194944539 0
30.03486487110544 1.368447535026239 0
-76.98409415957754 54.28468781919864 0
-43.05993044419667 13.11316187482973 0
25.49640765830637 2.913694937644646 0
24.64891902604442 0.9320841523154089 0
22.49276285845368 0.8177153069300367 0
920.9791736918153 21.25183176884514 0
23.07458270357974 2.388063121496693 0
22.14447240820183 2.117887613005234 0
21.90760981643383 4.091063834438248 0
20.71929765863316 1.91099459286369 0
5.752742396483908 1.181652127276373 0
5.01731867517445 1.893630314914223 0
10.1151129060369 16.40592503691302 0
21.48357357591795 0.6488434661264075 0
21.23350341762063 1.015682139270395 0
20.7029135116091 1.144984338585239 0
19.94050772747039 1.522073269431035 0
64.23581635584321 12.46614432002271 0
71.03115819752955 11.63311492324154 0
75.87657963114093 15.94220948644383 0
76.71680918903212 10.95351872961104 0
81.22981497926193 13.88949609203114 0
81.40589133019222 18.81820589958215 0
76.56682864930613 5.408681096885299 0
60.48893269972523 8.43107012904202 0
61.64887902376867 5.678513057046249 0
1001.655921668375 10.33710420814358 0
-25.10022522074859 6.919392360954188 0
-23.24186041781483 10.43050022685486 0
-11.16251494977079 1.818852450261638 0
53.88926957341553 9.379751157392729 0
-67.82227136854392 7.043780889678581 0
981.9879757245918 9.324649419676044 0
975.2511596292734 23.6191300332308 0
1012.049760080269 27.08087143989112 0
20.5616211128396 0.6356870668062851 0
773.5654631700069 45.38489667556498 0
768.7759574908831 26.08939743829453 0
774.657329247158 8.431501621065149 0
778.0002319899576 19.94524343110574 0
2.591353012976521 0.7868128212167378 0
932.0687384905069 19.02440136829997 0
67.14792219950084 9.424268323082842 0
-63.85703793831095 7.254483831838524 0
-2.546547615247343 0.7791966733765535 0
-96.79918608461527 9.333224460883089 0
944.4764810221014 17.9544401692391 0
-55.81673030294826 6.712151570832621 0
-47.90799293543255 7.22406975625069 0
969.1239905586963 9.376049109493577 0
-34.3747909414197 103.6958793297354 0
-18.64085905297445 76.8269980998362 0
12.50145379319474 0.9942988551830939 0
3.93571833007571 0.8270366539566357 0
-40.33071145518293 7.699438672810443 0
-51.88307556185846 48.91252117822094 0
-38.06365592675974 62.25659992183932 0
-25.04694960597418 53.58849445530902 0
-64.52880632654431 54.49995328926898 0
30.38201529181227 9.165518591894145 0
33.74060474304271 9.073330678785963 0
-3.932977980703277 3.538605103294225 0
956.2613012246885 9.56484541818533 0
-89.2768782096051 6.907907200109031 0
19.92383923020829 0.5668609798705623 0
19.68099362672212 0.9407557255619557 0
19.29046662927137 0.7432036090648027 0
18.88296365857685 0.770475003002576 0
18.46580826543848 0.8055766760334674 0
18.58300819902373 1.167216172233939 0
18.00119291287765 1.204884403074228 0
27.53961822321068 1.151641001542072 0
-31.97684804024253 7.095332367540646 0
10.66848465707282 1.070456142910927 0
10.3374837798733 2.419986660578793 0
47.83858070864927 9.125858101370403 0
16.60509377458477 2.526948322385821 0
16.13068792442757 1.606707685814712 0
17.31891118418926 1.690511368919339 0
17.45125050398667 1.049320314605671 0
804.880657525981 75.56858682583048 0
-76.24387586404082 7.689182887844331 0
959.5513769098759 15.73321126604283 0
-0.4545095872026605 5.077232535666031 0
776.9918905297106 70.13294647767667 0
-3.053002470120921 5.572679839713038 0
943.813631365732 9.159486559430709 0
32.6378883966067 4.587899298298301 0
-38.26330451776547 10.89046833278701 0
925.8885104805255 68.28296630252868 0
19.08029875327994 2.306634083928637 0
918.819146245982 8.948357946801124 0
13.23486313354459 0.8161921258666724 0
23.18338444784824 21.87842502783837 0
-94.44588283206718 27.62681759008463 0
894.6680339530338 8.946856086609573 0
899.0956654063599 15.58071495284786 0
931.3717287383665 9.772783874177668 0
20.17506835106282 0.8916847936946926 0
871.0078076786331 8.792861577872614 0
847.9666935892801 9.623303023271372 0
844.4670725381684 16.46536180051929 0
835.809946252295 14.29615748014052 0
827.3638955749157 16.85003534068041 0
813.2495986921907 15.57843708324527 0
0.6830027368026582 0.9267056981794914 0
0.178774025818097 0.8527195857486095 0
-0.4351149065968365 1.21773953966256 0
907.2563287673368 11.16760498267873 0
883.3151368916085 9.741096415929217 0
879.5046514007781 17.75280454900666 0
824.3913244735447 9.670894228773953 0
758.1269263126075 8.95906416154668 0
761.7183688003789 15.94902762837388 0
753.0323303885101 14.37562037511666 0
756.0752845381035 22.66281076203359 0
745.8293555455232 22.67494348272838 0
753.2555679466932 35.93407694827595 0
736.1888904906154 33.94931513732458 0
731.9213353736102 21.03693771183714 0
721.6092662042101 31.23535216544732 0
726.0759316900951 48.01288981598279 0
707.3847401984191 43.94490358820514 0
704.8864412858552 27.56957378133723 0
690.8024563832871 36.81331367995163 0
711.1185851935112 8.874297006847929 0
692.8280865692361 57.46217220182795 0
673.811829424537 49.09801469175302 0
686.6482651924171 21.38472242544693 0
691.3345844106801 8.070703579345476 0
732.1320319942362 10.53386448581742 0
715.7831248266577 20.82663043370972 0
674.5719839919077 30.94031724243848 0
658.4414895695127 36.99857655269932 0
662.2788022956752 22.09328828347103 0
647.1202828187184 24.84517200433702 0
637.805910312969 7.838917595503832 0
666.4154177537375 8.00133305027363 0
651.9622846163622 54.85991694484538 0
640.8305549308355 39.04153679731219 0
617.2459003000807 34.96896400561048 0
602.5088433328648 47.20647537814645 0
597.0525104247209 32.66102411071162 0
582.9240610465033 41.88071893836641 0
576.6074239906706 25.8643397000308 0
564.5070256958342 38.22524509288552 0
573.3712805333288 6.990437037751299 0
565.6761396917608 53.73044850869234 0
548.2165136219796 46.25233518881135 0
545.0567476839472 28.93246619069903 0
530.8110705556077 37.94476656322502 0
527.5274393927223 23.69198960091157 0
515.3084957272945 31.94186701648716 0
530.7725979074967 7.893614374102016 0
562.923715113566 22.15113201367467 0
608.6030253488917 22.267594048269 0
618.5983420082289 7.240977162116803 0
587.7753238961398 19.06961885203582 0
595.7012705326091 7.155102315790839 0
515.7687425027816 20.49943631749504 0
505.2077552322407 24.7538077489855 0
505.5604118267806 6.815922668931119 0
550.5802048284239 76.91146202438199 0
539.1320834472899 19.60996323122058 0
548.061717485145 8.084072889663272 0
513.5591878635445 49.31984893033838 0
674.0396729632272 20.47971448790753 0
770.1986607281025 14.52553540927378 0
631.339174241417 25.65637250581567 0
571.0668824506583 17.56735325064956 0
670.8744440201563 76.92041226334159 0
522.5866566436468 13.71475083447004 0
639.461702351997 18.09498154425965 0
507.7695482997793 16.17849116207286 0
498.2407288636493 16.8365840192339 0
489.8397225580825 7.198205200497457 0
493.3108413204213 27.7492107986051 0
487.6779653470697 18.95943926362867 0
482.818645188207 27.10238961165372 0
477.245002663885 18.19067624839184 0
470.3359907099516 27.63690612835195 0
469.9070861732146 7.627921000915557 0
466.3978903371155 18.0331955297531 0
457.9741194975988 26.1716134130267 0
464.9917317912698 40.77714007811457 0
448.6198555151303 38.62019970435276 0
443.2027964814133 23.2301257413509 0
430.3524090205102 33.11605908430319 0
435.1255413505604 48.67702279617039 0
418.0473716440854 47.48124548236776 0
414.642046269529 29.37405340749863 0
410.5766581683721 7.196649214286538 0
402.1961010250476 38.58661413181191 0
430.2719528543617 20.33576890811056 0
431.7914088608504 6.539515344504578 0
395.6844240000864 25.21061999130859 0
388.6926580856008 6.377439518143453 0
386.6363603441317 34.18290198432446 0
426.8689457277721 69.89728808211265 0
384.6035509759155 20.68605916190147 0
368.4878897769727 7.734148895705417 0
374.782272184763 28.50354614063783 0
385.8892562994943 50.85140783214357 0
374.4353851022834 17.04168044450216 0
364.2937170833064 21.93153206328111 0
349.1930882555731 7.463379136989627 0
408.8130720296832 18.13034211014489 0
452.0006912773965 17.75462063199033 0
446.7428187902316 6.594864988221075 0
501.3475585132161 39.01345089171436 0
393.3423483025843 15.35113894000357 0
363.5988360963848 36.70052049463005 0
352.7474546675845 28.51633521831133 0
354.7062437893998 17.06664160869136 0
343.7805055291124 20.4792726753319 0
329.2997607048883 6.806949850258563 0
341.203064000479 30.41194549064022 0
330.9101583547181 23.5955918504542 0
327.9964293152417 36.93341521985094 0
316.4354771328912 27.99296613017143 0
310.2046446650292 6.420362516497741 0
314.1344493510967 39.90477586777445 0
301.6798995668304 31.71601576104354 0
291.8346419049942 6.213767676941244 0
298.0026607316191 48.32272763607541 0
286.0110772347056 36.47248278323777 0
289.6220101217552 22.06956066440725 0
274.2037912785179 6.264474255515079 0
274.9219742312201 25.34023814734818 0
270.416128008255 39.54211516964413 0
260.8287585794399 26.80185220223294 0
257.5290390714795 7.307322388004286 0
301.8960443166101 19.03335272010225 0
254.0696777074559 40.4749183918425 0
246.3675405382913 27.09507465682292 0
240.3164070716624 6.066550245510414 0
252.9901795840511 17.99420864128618 0
240.0055691619689 17.96629202952929 0
233.4840483409851 28.13758114528658 0
224.1044406375313 6.047537670238502 0
230.0692313620141 16.84402756738187 0
223.9390000721011 25.42278386905462 0
221.7077977213189 16.0762751737679 0
205.554109753773 5.594894454491812 0
213.6305497217299 24.46020913210623 0
211.1879392833962 6.240364819396966 0
210.3113176330455 15.3993820410819 0
203.5574285433182 23.04870533298859 0
207.9941037639206 33.08277194639073 0
195.578465254413 31.59839297457082 0
201.453080543418 45.30279050307753 0
192.7371263205397 18.69514960444559 0
184.3234663937827 28.02071842702272 0
187.8987998830576 5.621171311681206 0
192.8445328462037 5.958793876708469 0
181.6897598317343 17.52989994984955 0
174.2050907486766 24.8540730790216 0
171.3317997087085 5.561436078869324 0
175.9033344942938 5.838820787216987 0
172.1598773740614 15.94535555497447 0
164.8597772872892 21.53336599094683 0
154.3941860942112 5.494530750324582 0
159.505134710308 5.516389372955875 0
201.8366098446791 14.94232097848903 0
260.6959307567589 16.74812254508029 0
265.0928915518211 52.57094082592219 0
165.3466780070706 30.15440415207254 0
154.5216349698709 26.28647405862906 0
156.3546286317585 16.95619098773008 0
144.4878998853964 22.71371733797124 0
138.5032262411721 5.43443711809785 0
143.0813473958399 5.69936751481784 0
144.7305228046885 31.99228904974334 0
134.311247932191 27.88540019379564 0
133.7635266677852 41.57888816439876 0
123.0132127491855 33.86054615354281 0
118.5032117479358 45.71510448339544 0
101.1273299542197 41.52254732648623 0
106.4321558528325 23.57076258573304 0
110.6393592511243 5.556219462239798 0
119.5614713770615 18.63196898134299 0
125.7162151184737 5.830218161574665 0
137.5125361425108 17.5085127216338 0
103.3468796198003 62.0371918167917 0
85.62499834767559 50.59505747671231 0
90.05487693848816 35.61951164682474 0
144.2639467898104 14.19204546312934 0
238.009262446269 41.77380817851609 0
162.2984987104858 13.72709032979808 0
280.0304364551071 15.82385585868084 0
322.0534485762456 17.23926780517377 0
94.38622087559224 18.21188354955921 0
96.24954785078734 5.900365372941824 0
136.7395009766811 61.02205630838862 0
150.5557779240257 11.72601440489733 0
321.9813650738281 57.91432548791326 0
187.8981936115473 13.37887764945065 0
335.5609667247919 15.54461889536504 0
295.1092179945297 14.79838807263328 0
167.5388450541892 10.80171388086266 0
235.7292043908071 12.97495361390735 0
361.7822478713248 14.86642177942678 0
246.5658161117919 13.17138023680037 0
436.8942594409214 16.10420234683381 0
347.6374060715481 43.93292965039767 0
177.4932788249705 12.03233912812035 0
156.79695531743 11.31855177397242 0
139.0083171942185 12.23597699739794 0
133.7144667727642 11.96506747571942 0
130.3377827340322 17.96737506291883 0
127.5755998637476 11.73828508899632 0
342.1575328722827 13.4300063395087 0
225.2783414032321 12.44493066576704 0
75.92680278140213 36.27560701485321 0
59.12428673478008 36.37056300183856 0
272.2794426804402 17.18718338249892 0
256.4487431957572 12.27395244913468 0
219.9768011977128 10.29650589544675 0
226.7325860223846 8.31049934074246 0
156.568304568199 41.49696549392203 0
251.5526986972206 10.80859199480791 0
261.2527219225066 9.759029464970656 0
244.749553955326 9.162853508443119 0
266.8959097425323 12.60872117906851 0
269.8242674191454 8.747791585552017 0
312.148517778833 19.206276586113 0
316.1637499205117 12.59306151919682 0
273.5540218021371 11.96509599883565 0
278.1534369249022 9.23398856180166 0
46.03785270884405 45.57487924705254 0
64.39626219723465 52.94336854288366 0
348.2505303686889 12.79750063986217 0
353.0891748865083 9.666375019382306 0
344.0674568164698 8.483864604113659 0
697.9004921487272 19.08494632478979 0
686.1949327703551 12.21213503451104 0
308.4764818679425 13.79001493167984 0
301.4656290124328 12.47542841223593 0
380.9191271373936 13.8433893303134 0
205.8107139040149 11.50150857464894 0
367.6490673817971 13.60474045554345 0
253.9878356016202 7.358180890049104 0
185.7920698815799 42.27318982177862 0
187.908062268646 65.53452068927947 0
712.5833819800365 66.10600706615919 0
531.0829259656875 13.4178270768475 0
201.5618139791361 9.302839230138176 0
196.9887668614497 11.00817609435822 0
526.3410367435995 8.53271471446892 0
283.3208506973269 11.17921704813706 0
286.8039666612256 9.315805701472126 0
288.1431756319486 14.21531072253131 0
653.3867846123521 16.64781671648391 0
645.9309261539906 13.89462108109482 0
659.9648246725395 12.03288752675348 0
633.4238729538217 13.50081368738167 0
625.6377302546366 15.04175826070634 0
191.9482560428542 9.955459125799413 0
753.1960315507072 8.338571492180961 0
858.8028182356259 9.713778860133532 0
862.0333791639351 17.46855194367816 0
80.63200304523961 9.440802913442667 0
85.54867402191354 10.35320092620088 0
87.24860780335106 16.78229548668232 0
91.63352026198444 12.18358000608355 0
97.9010771957262 13.32938196007123 0
92.28572689532808 5.458261720229157 0
95.89279695732152 8.768080161728534 0
100.4858786811335 8.588826032834652 0
103.994246376735 12.25229007236565 0
106.306725940152 5.738895331773535 0
98.42608151252151 6.157813901241378 0
835.9172571599047 8.112921224772041 0
813.2657543838747 8.594665761847263 0
802.0961991362257 8.54634021987054 0
686.3203482067523 7.161380162065209 0
780.0902261825353 8.451130486453469 0
791.0380601964074 8.498496731766268 0
795.6821031078457 15.474292561256 0
769.5360822405148 7.869174672036607 0
747.8976055782942 8.311847785454511 0
647.3201582670495 7.880115507059072 0
737.9396242773121 8.267062941827481 0
739.5266296526945 14.34657429309394 0
614.3134766775063 7.829064124097732 0
617.2255308998252 13.51833664078915 0
619.9776214877566 22.09060003652742 0
609.7268541850643 12.36284491099905 0
602.6912321042569 14.28441090439106 0
716.0632437666198 7.712981448213355 0
591.4756797673326 7.761391478632193 0
594.6527877362264 12.79131160705425 0
596.868371111883 21.13596200346338 0
726.7013470409198 8.161021002926226 0
724.0129341748449 14.66071652276043 0
569.4096445669608 7.542753080417523 0
695.8685914595297 7.900672257681356 0
707.2499556043491 15.50701630940917 0
706.3605170335405 8.390891580067494 0
681.6002926815986 8.114636283038642 0
556.0378061483409 7.965561399017281 0
557.8855036341107 13.7840949680755 0
565.0200196573114 12.39196748226868 0
551.6178494166822 11.84561382661572 0
545.0741134526484 13.38720378714657 0
671.5272848003932 7.981428437184578 0
642.7199434728493 8.327014487574399 0
633.1360312477415 7.691183602809315 0
609.828816890144 7.714487491439617 0
622.9362337469572 8.639445672316327 0
485.4611720914706 6.740680882175266 0
514.6819823664788 7.009157470850951 0
600.0042074684899 8.350871694491618 0
466.3246567277451 6.90491956073152 0
578.2347657569292 7.57779453014415 0
579.3521293722939 14.72130714887954 0
587.1764649101874 12.26891554128824 0
587.1488044283456 7.616361457673321 0
565.0496721749422 7.4034480407842 0
543.4589608751832 7.427335581009356 0
551.952520964138 7.079049623059254 0
428.7629121605926 6.451339754818672 0
430.295283918975 11.30326202561579 0
423.7624487122683 14.92222348558728 0
454.332009642925 6.624141387631098 0
417.3662112453461 6.984585629459357 0
396.4012512037475 6.410691191242089 0
397.6245719962009 10.46307044689642 0
403.2334248323374 10.83637446146226 0
534.6120703868145 8.022503722166016 0
406.4647096672069 7.239076544384074 0
408.5915561739607 10.85924343049135 0
413.8699161722038 10.89377482217901 0
385.8409558548611 6.294565019172635 0
387.1741513199268 10.86590534515238 0
509.7454786191295 8.818536522184472 0
493.6430980624418 7.163947629090627 0
501.9051080046851 7.247551089958419 0
481.8963419615617 7.160982382412236 0
474.4129946613781 7.730770807237725 0
472.1998322583555 12.75804619587484 0
364.7337849568207 6.44478418291181 0
372.5537332091925 10.45211301483965 0
550.8841223325196 19.73496732333843 0
375.1678319753567 6.992931444015962 0
335.3197441514749 6.61565395769623 0
885.6594367993766 85.82028070879257 0
840.4815198176972 66.89147360106637 0
325.6368745954196 6.84296717805189 0
326.777702192681 11.32547949215608 0
332.2197424399579 10.0843314108214 0
322.1070042201451 10.2076561581907 0
315.3172721082102 8.368258705573671 0
450.9073072635387 7.026907026159062 0
306.8140418734318 6.018734037709522 0
435.8726091753928 6.961858774973382 0
462.3828176333849 7.076556291602772 0
460.7381621699647 11.97192513999293 0
443.3522774920268 6.994219867371115 0
445.4504259697936 12.57676845141694 0
424.6396195390296 8.266624966154096 0
403.1267184229804 6.820182331416997 0
413.8782927287832 6.866699484314574 0
297.7906433020175 6.290837640488204 0
279.6829005276167 6.015623825342204 0
262.4970525475408 6.146720559933058 0
392.6151723354533 8.138320777348271 0
416.3427661920614 17.88030224469282 0
371.9001266923302 6.608777426822634 0
382.0428050722103 7.974940006618837 0
361.7013351815391 6.640953696637873 0
332.2271707423841 6.513432522247202 0
237.8088750950598 6.559472549995022 0
245.8137886636445 6.141541936245997 0
240.5528772293794 10.14099796912044 0
221.4269398630876 6.457193170056479 0
203.2484211606465 5.957228460757003 0
229.4254731067925 6.373297024125432 0
294.9407040265687 6.352111078162013 0
322.4896757005661 6.264719264897582 0
304.1648528504098 6.307896870011339 0
277.2567642787768 5.802817328531788 0
185.67299917189 5.881124662570188 0
169.1477502252212 6.388615188644398 0
152.2355537990383 5.802439608054925 0
153.4906995709006 8.066430304274721 0
150.0895296159512 7.907806297794605 0
146.4832352932418 9.121734195960684 0
142.4104067802923 8.708362492046071 0
-11.99111349935407 5.583895553892699 0
136.4420951094336 5.715848362361687 0
129.7364667030977 5.995150704788751 0
260.013168054037 6.170823135200811 0
242.9228624541036 6.501990609886661 0
123.2051093375577 5.864086112333327 0
124.6564864815187 8.531140030861822 0
121.0541293946897 8.121484855441516 0
127.726976819178 7.756735322102699 0
130.9079912721666 8.664612027724026 0
134.2025040848479 7.714870735250888 0
122.6349898827928 12.19521380912933 0
118.0653387187162 11.50691242957723 0
113.1512075542665 15.88002197325054 0
113.3884014303875 11.22110947964764 0
226.7607960069742 5.646266807021278 0
121.1920617930062 5.506809610238063 0
208.3842837649742 5.977621171122153 0
209.1628552608497 9.321224817054732 0
213.5658308554659 8.910725731618044 0
234.6422379952353 6.588408720296831 0
213.5718927517432 6.000065561636663 0
218.6768688935689 6.585451628388062 0
200.8678695588187 5.909200931336633 0
195.254753774991 6.856336780205888 0
115.0695987108599 5.395302562478875 0
115.209607123008 7.97915628920354 0
190.1420029760562 6.309890332531644 0
173.299799982364 5.514627366331667 0
172.6465740042458 8.770530051893264 0
178.3274174003749 5.847578912065382 0
156.9288344437012 6.63536279184713 0
183.0167362740194 5.550368893098149 0
181.8567492764538 8.399179757689797 0
161.6112553276883 5.775255735903667 0
160.4309580394528 8.551637341402314 0
140.9631487553908 5.685920870172522 0
145.1386745871874 6.181418478919317 0
166.2409648526733 6.67320799191941 0
150.0337073995882 5.654514412732992 0
134.2957082900132 5.379864493442125 0
491.8234952693534 11.92555486156606 0
19.32846621325391 0.4503648564124497 0
56.01762911648555 5.319700430488666 0
56.91904920491108 7.494708224732705 0
127.7184355585772 5.416420837693224 0
112.7354824416023 5.56379267166898 0
108.3121419577668 5.361092487932247 0
107.6424086683588 8.196954986280359 0
104.1891955880701 7.698690954460727 0
119.0872637062045 5.591273920937424 0
104.3230998787074 5.364995518324804 0
90.24600042478872 5.466491030927703 0
89.10629508865259 7.923581409787088 0
92.29901647541683 7.916935327849664 0
74.42970547126235 5.229818731637264 0
74.24269294305434 7.714634158592589 0
70.79073659213043 7.576675388800519 0
94.20228363053361 5.923940430458196 0
86.16540997890839 6.288293850267806 0
70.78855644182966 5.364810147098229 0
59.34234223165187 5.705668956495352 0
63.84047280058043 7.652620140575056 0
78.35893327920814 5.371831235471348 0
82.41281437013878 5.406822603099973 0
83.25615167817639 7.324943848021682 0
39.98099857779606 5.464631991171608 0
41.12871991195843 7.826793642101767 0
43.69829520794791 7.044217172039216 0
63.48516089761124 5.238134347860768 0
66.82098270722318 5.271032311921749 0
53.99520486348556 5.132883617694011 0
46.7860498150041 5.297997564101791 0
51.01086357600978 7.816720797919452 0
50.60655736008312 5.38326195892867 0
43.55616883356971 5.085685680355849 0
36.33414890564295 7.629155555532428 0
451.1749153986672 57.53885449214322 0
421.8828670314596 102.6389953364332 0
14.48686680254671 0.6921498344770225 0
14.21116220984213 1.463303511423034 0
329.2944591366075 15.95746873959716 0
109.5362272743039 12.22606966340086 0
975.3236577082831 44.06445144682388 0
36.80766506087991 5.578811669043085 0
484.0531046632781 11.84093003231292 0
-8.709437725599695 11.90478809599291 0
18.01509831642207 0.7828823662542346 0
18.3569192255477 0.5257592810360142 0
16.78451804397564 1.099240271098019 0
17.03545009631141 0.6557984838121891 0
16.25345050238324 0.9847719911401482 0
988.4627352146017 8.936969502477572 0
187.1176337489724 8.75780553843965 0
163.8068002449445 8.849406615594972 0
-1.325317744642379 1.108054085460484 0
13.13686976345514 1.622092966262959 0
101.5000512575281 18.20021290879679 0
17.57628446594133 0.6807623348783998 0
15.4232218033496 0.5901157411478007 0
15.3259327317776 1.135298251867308 0
29.41907079147364 2.506797397934954 0
-85.13603124890174 34.80652334129003 0
231.6424657052152 10.0927244836388 0
125.5516527924701 24.27009686327816 0
668.6439724243575 14.14160923856015 0
515.2711245499913 12.32512462936611 0
-80.58631341608536 7.339207723211339 0
358.2749440736247 10.2318571634513 0
75.92282983940483 23.38401483658557 0
375.3452978850121 41.57364217178308 0
971.9089444028396 15.90038267343338 0
2.857547578738206 1.422386120819699 0
296.4337795311282 9.939400641644749 0
969.1280370499859 112.4052613374234 0
538.2277834626946 11.72917393288727 0
18.8735216255841 0.4509901091850045 0
19.11361428158773 1.325249649482093 0
247.4750652340513 61.89813303934863 0
221.4129397310354 42.4656100303301 0
11.97284214705238 1.951381168471417 0
-61.80133657025483 11.0179806426245 0
24.1474282933476 2.280865567166215 0
8.980999074115454 2.335504605219729 0
16.22744910534277 0.5437270587291868 0
21.97068897036593 1.415262892414724 0
1005.272563816775 29.58763808724803 0
338.5099843418641 9.51909119133542 0
2.122227591663748 0.6134982395690307 0
291.7438466997887 9.586606307866161 0
530.6475097272893 56.73303133032383 0
510.0705717668905 73.23674394486244 0
-17.04284526648351 27.47187451629895 0
820.377526547555 102.4985677865125 0
-7.259940193303722 59.07267490941893 0
11.73775769912534 51.39417957413622 0
28.03465690392703 2.042937736456241 0
137.8920235625885 8.20864057872091 0
30.98585383103767 2.435755870647209 0
482.8583893237956 39.08275919822562 0
43.4456623598338 23.47708976042694 0
80.99338248355828 73.31227468007005 0
103.4475566875877 93.17593350470857 0
400.7619002605562 17.18474756076861 0
686.019470371995 103.5212037117806 0
419.4589066806344 10.90759708797579 0
805.0135390613917 15.7324387759534 0
-50.10078109590535 22.36100522923669 0
209.5779060305955 65.68365333059879 0
227.8907303727845 89.30599212394949 0
-1.426439098241628 0.5786792792913716 0
-28.38215401542796 10.38579505295104 0
150.0367776401724 18.37488845047141 0
491.792987012078 88.75932437371678 0
-60.22161260936151 89.09486864763875 0
989.1554178400338 40.4137535302806 0
999.061020680379 45.29540252320302 0
281.6706345727138 53.54408156481177 0
299.0815759048837 73.03194355429812 0
291.6568656891502 103.111862820778 0
274.0014786275228 74.32282161034448 0
402.3855394825111 60.56842361861366 0
-49.9030735840082 10.65775246159976 0
-46.39063339570401 10.63086042431603 0
555.0622436455302 109.6350442299029 0
503.6342935088336 11.16398587525948 0
-70.76087349322175 45.7917679467495 0
474.0964272103482 62.71483446603433 0
113.8263453274663 24.10481152342183 0
110.3042578670122 32.17200189498634 0
172.4676853859006 36.86963384561091 0
952.4548280001106 16.10504410059934 0
-40.5848309513699 80.25852567907202 0
34.30135276574394 91.91425950536907 0
582.0713843822591 65.83246661938334 0
607.7784773418296 73.3945003280934 0
216.2284177988574 13.05233783415146 0
355.0361350150282 6.547436041054527 0
289.0382709516177 6.471774222464937 0
661.3707302156522 7.03209411770856 0
164.5354090561458 89.72270053545478 0
-73.65503679151799 19.93282831428279 0
166.7142496065064 15.50188143914551 0
21.69003878305192 1.045639190439536 0
6.158228554551087 2.378295893178626 0
18.24222069777939 17.4387504750321 0
87.1409025765148 24.72799014221061 0
-33.84689833417303 11.09942445120364 0
-0.05306175481661679 11.89226170537786 0
946.6210996839474 95.28307846179594 0
271.2951918441121 6.167243836440211 0
360.4060562453795 93.07908612017789 0
46.10516503129404 7.38347513001251 0
-12.18983617142669 33.55970515345757 0
-16.78800071300098 43.88379508434595 0
380.750950742144 74.74212934595036 0
-2.61094685448685 2.556616712766107 0
453.6351909475356 11.54522908637218 0
286.1601806647421 6.071338681409432 0
352.1550830489907 6.235438039485292 0
111.6380775063418 8.287165194945848 0
8.882792015510512 74.39281709206288 0
313.3036085317424 6.236890842715094 0
311.9441462712184 9.538190793429598 0
4.584476684506889 2.852136101161125 0
522.526027665055 7.566709873778604 0
340.9452832227972 6.329196682762396 0
995.4464986492421 14.90940700073257 0
751.9064838465478 88.75131771240075 0
915.6678752129917 14.52287741031391 0
250.7884564671568 6.884840680369482 0
734.5685127891461 68.30851368769162 0
24.22964702893972 1.506843816896232 0
18.3419526956272 0.3543834431029647 0
18.7535555947766 3.630487079829646 0
-6.617639382312958 1.176201813069518 0
657.5186131718553 7.193649251051503 0
100.314908347136 5.326183190066327 0
124.964978698917 16.34876328639975 0
30.25435268912854 44.65267113835676 0
216.7441483221968 31.35784374447042 0
-18.43787978594981 6.437239957425996 0
177.1764631113218 8.497818069769174 0
22.46943704260124 3.102419104997164 0
18.33241724997643 1.742622857208082 0
640.0540390804468 12.65996223791629 0
268.526106937975 5.983994483905581 0
-54.39219622436627 67.36677478675867 0
-30.15103811131165 39.96427642270894 0
54.19480004567099 71.79133386105613 0
266.7153002317935 20.09480620495675 0
-0.6903294948977946 0.7815083774193166 0
853.1695465769399 14.49739842370577 0
785.7432065832857 15.35706775264422 0
870.7760783417554 14.886123902908 0
-89.06088631554833 30.08989252207502 0
438.0071890032879 10.90666343149941 0
98.70654218888394 27.71784429351385 0
27.17116927131501 3.094597492033893 0
-65.26002437306423 118.7581951352524 0
-97.15644125309495 6.29914174353307 0
77.60126599777091 7.640369622319167 0
24.99179233712129 4.840266215878066 0
344.0092181489106 69.92723177633137 0
16.82537067224118 0.4576545137143371 0
965.926863533248 14.65233773251535 0
723.3316651448307 21.93990920843866 0
889.9584636332232 16.29737678874746 0
746.1567563406998 14.19687366339646 0
554.3176248895693 31.0592291618818 0
715.4547327872438 13.01850395201505 0
897.4609269593304 25.11821726601645 0
-19.4843130610405 9.3077988071768 0
17.36979353322917 3.505122706898871 0
223.5038218247897 8.711333348450244 0
49.74773918586922 22.98629810845159 0
49.16653814271594 31.35969653302501 0
-5.832069623817772 15.43410903074233 0
985.9333639025931 89.74876681603635 0
18.48043311749652 0.3793717481894799 0
-11.57940940031385 8.563759356970914 0
695.0594137525716 26.2131390528814 0
-0.7132480798317751 0.4792706077522653 0
216.0842366950908 18.6388554835789 0
535.6318352698917 27.54479639651405 0
458.8010422352309 17.60312461697914 0
306.1198171399124 9.127472455214249 0
21.37293826388044 1.612080867728658 0
477.9756460033532 10.76135205427095 0
-13.07639472793415 1.88079663807707 0
693.079194769755 13.12105403430916 0
-93.72085830155208 10.74928070354422 0
404.6381301271405 83.30678542310693 0
891.8234170880849 115.1211865347326 0
-55.15892213487708 34.44867215495766 0
820.5644920756793 15.28086258698591 0
183.2111230587357 12.01962040471 0
20.0291250347945 12.44613629191184 0
-82.17473662923052 10.127783236536 0
107.3633156738488 17.5787199877129 0
307.6425860587668 24.68273376063692 0
628.6856511712975 38.17320524334428 0
638.4326853774569 77.59716472449148 0
622.0600371204047 102.7779628899085 0
205.620366303899 7.942552784702137 0
777.5492418864401 13.80038919518157 0
696.1076393639562 81.08565077147817 0
25.43263041523839 6.087040596301083 0
742.1901664467421 48.12352843271194 0
-88.72171690220345 41.19508236621415 0
363.5109631941061 10.19271994031477 0
422.1438586039819 22.18572534374575 0
53.80890379134856 6.931338390095815 0
17.95783238137214 0.4975703256411383 0
216.92663672306 8.971653546658358 0
246.467820546476 18.97860717982586 0
118.0909438815539 7.802717186013822 0
572.1778397089979 11.71954464120008 0
38.61761029775805 7.334718023226277 0
-0.2554286095038065 0.7940444710311008 0
-0.1597244488257326 0.5319652653703237 0
0.2663381652494947 0.504623577039184 0
236.0751320831394 9.271311467391689 0
32.4435754180433 1.706070160190057 0
-6.131736845649251 2.030077644383474 0
405.4300259306632 26.08738649776447 0
66.26960600612921 6.94475243536438 0
466.4723067212512 11.18343487447678 0
-1.10073594676543 16.08084270065697 0
316.1546342393392 5.775624507306815 0
606.2809036923838 33.15395936699634 0
809.9314331256779 23.44896923522028 0
587.1374543204796 28.32322215726071 0
677.9057826892194 13.12393496607626 0
247.9828198120018 8.987583138193543 0
377.3864768302431 10.58920743949706 0
17.61337739770117 0.4445829215747824 0
21.47462679271668 2.644686295105392 0
272.6435164375608 8.843627143370581 0
16.41713194901591 8.243150159893762 0
2 4 0 40
2761
2762
2763
2764
2765
2766
2767
2768
2769
2770
2771
2772
2773
2774
2775
2776
2777
2778
2779
2780
2781
2782
2783
2784
2785
2786
2787
2788
2789
2790
2791
2792
2793
2794
2795
2796
2797
2798
2799
2800
-19.6108379198074 0.7499999846847419 0
-23.25814894616619 0.7499999846847423 0
-26.94230149533101 0.7499999846847422 0
-30.66366770896734 0.749999984684742 0
-34.42262347905 0.7499999846847422 0
-38.21954849842777 0.749999984684742 0
-42.05482630008554 0.749999984684742 0
-45.92884427781397 0.7499999846847419 0
-49.84199374553916 0.749999984684742 0
-53.79466997884192 0.7499999846847422 0
-57.78727223817417 0.749999984684742 0
-61.820203811617 0.749999984684742 0
-65.8938720650049 0.749999984684742 0
-70.00868848650846 0.749999984684742 0
-74.16506871323423 0.749999984684742 0
-78.36343257713838 0.749999984684742 0
-82.60420415867605 0.749999984684742 0
-86.88781181580124 0.749999984684742 0
-91.21468823266611 0.749999984684742 0
-95.58527046937866 0.7499999846847422 0
-19.6108379198074 1.749999985925976 0
-23.25814894616619 1.749999985925977 0
-26.94230149533101 1.749999985925977 0
-30.66366770896734 1.749999985925976 0
-34.42262347905 1.749999985925976 0
-38.21954849842778 1.749999985925977 0
-42.05482630008552 1.749999985925977 0
-45.92884427781397 1.749999985925976 0
-49.84199374553916 1.749999985925976 0
-53.79466997884192 1.749999985925977 0
-57.78727223817417 1.749999985925977 0
-61.82020381161699 1.749999985925977 0
-65.8938720650049 1.749999985925977 0
-70.00868848650845 1.749999985925977 0
-74.16506871323423 1.749999985925977 0
-78.36343257713838 1.749999985925977 0
-82.60420415867605 1.749999985925976 0
-86.88781181580126 1.749999985925977 0
-91.21468823266611 1.749999985925977 0
-95.58527046937866 1.749999985925977 0
2 5 0 540
2801
2802
2803
2804
2805
2806
2807
2808
2809
2810
2811
2812
2813
2814
2815
2816
2817
2818
2819
2820
2821
2822
2823
2824
2825
2826
2827
2828
2829
2830
2831
2832
2833
2834
2835
2836
2837
2838
2839
2840
2841
2842
2843
2844
2845
2846
2847
2848
2849
2850
2851
2852
2853
2854
2855
2856
2857
2858
2859
2860
2861
2862
2863
2864
2865
2866
2867
2868
2869
2870
2871
2872
2873
2874
2875
2876
2877
2878
2879
2880
2881
2882
2883
2884
2885
2886
2887
2888
2889
2890
2891
2892
2893
2894
2895
2896
2897
2898
2899
2900
2901
2902
2903
2904
2905
2906
2907
2908
2909
2910
2911
2912
2913
2914
2915
2916
2917
2918
2919
2920
2921
2922
2923
2924
2925
2926
2927
2928
2929
2930
2931
2932
2933
2934
2935
2936
2937
2938
2939
2940
2941
2942
2943
2944
2945
2946
2947
2948
2949
2950
2951
2952
2953
2954
2955
2956
2957
2958
2959
2960
2961
2962
2963
2964
2965
2966
2967
2968
2969
2970
2971
2972
2973
2974
2975
2976
2977
2978
2979
2980
2981
2982
2983
2984
2985
2986
2987
2988
2989
2990
2991
2992
2993
2994
2995
2996
2997
2998
2999
3000
3001
3002
3003
3004
3005
3006
3007
3008
3009
3010
3011
3012
3013
3014
3015
3016
3017
3018
3019
3020
3021
3022
3023
3024
3025
3026
3027
3028
3029
3030
3031
3032
3033
3034
3035
3036
3037
3038
3039
3040
3041
3042
3043
3044
3045
3046
3047
3048
3049
3050
3051
3052
3053
3054
3055
3056
3057
3058
3059
3060
3061
3062
3063
3064
3065
3066
3067
3068
3069
3070
3071
3072
3073
3074
3075
3076
3077
3078
3079
3080
3081
3082
3083
3084
3085
3086
3087
3088
3089
3090
3091
3092
3093
3094
3095
3096
3097
3098
3099
3100
3101
3102
3103
3104
3105
3106
3107
3108
3109
3110
3111
3112
3113
3114
3115
3116
3117
3118
3119
3120
3121
3122
3123
3124
3125
3126
3127
3128
3129
3130
3131
3132
3133
3134
3135
3136
3137
3138
3139
3140
3141
3142
3143
3144
3145
3146
3147
3148
3149
3150
3151
3152
3153
3154
3155
3156
3157
3158
3159
3160
3161
3162
3163
3164
3165
3166
3167
3168
3169
3170
3171
3172
3173
3174
3175
3176
3177
3178
3179
3180
3181
3182
3183
3184
3185
3186
3187
3188
3189
3190
3191
3192
3193
3194
3195
3196
3197
3198
3199
3200
3201
3202
3203
3204
3205
3206
3207
3208
3209
3210
3211
3212
3213
3214
3215
3216
3217
3218
3219
3220
3221
3222
3223
3224
3225
3226
3227
3228
3229
3230
3231
3232
3233
3234
3235
3236
3237
3238
3239
3240
3241
3242
3243
3244
3245
3246
3247
3248
3249
3250
3251
3252
3253
3254
3255
3256
3257
3258
3259
3260
3261
3262
3263
3264
3265
3266
3267
3268
3269
3270
3271
3272
3273
3274
3275
3276
3277
3278
3279
3280
3281
3282
3283
3284
3285
3286
3287
3288
3289
3290
3291
3292
3293
3294
3295
3296
3297
3298
3299
3300
3301
3302
3303
3304
3305
3306
3307
3308
3309
3310
3311
3312
3313
3314
3315
3316
3317
3318
3319
3320
3321
3322
3323
3324
3325
3326
3327
3328
3329
3330
3331
3332
3333
3334
3335
3336
3337
3338
3339
3340
1011.377554172152 0.7500000062691613 0
1004.788220576007 0.7500000061236425 0
998.2318336475527 0.750000005978851 0
991.708228664658 0.7500000058347837 0
985.2172417071988 0.7500000056914368 0
978.75870968588 0.7500000055488062 0
972.3324703336298 0.7500000054068893 0
965.9383621610301 0.7500000052656816 0
959.5762245217026 0.7500000051251798 0
953.2458976038786 0.7500000049853812 0
946.9472223121658 0.750000004846281 0
940.6800403705889 0.7500000047078764 0
934.4441943503574 0.7500000045701641 0
928.239527552162 0.75000000443314 0
922.0658841086763 0.7500000042968012 0
915.9231089026191 0.7500000041611439 0
909.8110475598501 0.7500000040261653 0
903.7295465145497 0.7500000038918612 0
897.6784529649506 0.7500000037582287 0
891.6576149022525 0.7500000036252645 0
885.6668810293343 0.7500000034929653 0
879.7061008272901 0.7500000033613273 0
873.7751245470268 0.7500000032303475 0
867.8738031288897 0.7500000031000227 0
862.0019883053641 0.7500000029703494 0
856.1595325564668 0.7500000028413244 0
850.3462891026777 0.7500000027129445 0
844.5621118604421 0.7500000025852067 0
838.8068554723285 0.7500000024581076 0
833.080375372521 0.7500000023316439 0
827.3825277064112 0.7500000022058126 0
821.7131692851611 0.7500000020806106 0
816.0721576555172 0.7500000019560343 0
810.4593510889641 0.7500000018320807 0
804.8746085398731 0.7500000017087475 0
799.3177897113811 0.7500000015860305 0
793.7887549746289 0.7500000014639273 0
788.2873653990412 0.7500000013424345 0
782.8134827815493 0.7500000012215492 0
777.3669695663607 0.7500000011012683 0
771.9476889117709 0.7500000009815889 0
766.5555046827997 0.7500000008625077 0
761.1902813711106 0.7500000007440221 0
755.8518841619816 0.750000000626129 0
750.5401789270915 0.7500000005088253 0
745.2550322180928 0.750000000392108 0
739.9963112594993 0.7500000002759741 0
734.7638839056141 0.7500000001604211 0
729.557618670632 0.7500000000454461 0
724.3773847587948 0.7499999999310456 0
719.223052020731 0.7499999998172171 0
714.0944909473277 0.7499999997039581 0
708.9915726996655 0.7499999995912652 0
703.9141690291244 0.7499999994791355 0
698.8621523816482 0.7499999993675669 0
693.8353958168436 0.7499999992565559 0
688.8337730028308 0.7499999991461003 0
683.8571583191814 0.7499999990361966 0
678.9054267405139 0.7499999989268423 0
673.9784538303874 0.749999998818035 0
669.0761157719862 0.7499999987097717 0
664.1982893984841 0.7499999986020497 0
659.3448521499582 0.7499999984948663 0
654.5156820674671 0.7499999983882187 0
649.7106578235556 0.7499999982821047 0
644.9296587160529 0.749999998176521 0
640.1725646251765 0.7499999980714651 0
635.4392560077891 0.749999997966935 0
630.7296139280879 0.749999997862927 0
626.0435200515848 0.7499999977594392 0
621.3808566391347 0.749999997656469 0
616.7415065410092 0.7499999975540136 0
612.1253531910136 0.7499999974520702 0
607.5322806006438 0.7499999973506367 0
602.962173390045 0.7499999972497106 0
598.4149167451407 0.7499999971492889 0
593.8903963755446 0.7499999970493693 0
589.388498582393 0.7499999969499492 0
584.909110289104 0.7499999968510263 0
580.4521189619318 0.749999996752598 0
576.0174125680516 0.7499999966546619 0
571.6048796803107 0.7499999965572155 0
567.2144094710408 0.7499999964602565 0
562.845891633151 0.7499999963637822 0
558.4992163747598 0.7499999962677899 0
554.1742744873661 0.7499999961722779 0
549.8709573030801 0.7499999960772433 0
545.5891566897457 0.749999995982684 0
541.3287650817509 0.7499999958885972 0
537.0896754381172 0.7499999957949813 0
532.8717812370105 0.7499999957018331 0
528.6749765074079 0.7499999956091509 0
524.4991558233191 0.749999995516932 0
520.3442142620396 0.7499999954251743 0
516.2100473988181 0.7499999953338752 0
512.0965513386841 0.7499999952430328 0
508.0036227475979 0.7499999951526445 0
503.9311588104304 0.7499999950627082 0
499.8790572258487 0.7499999949732216 0
495.8472161644161 0.7499999948841821 0
491.8355343006143 0.7499999947955882 0
487.8439108441628 0.7499999947074369 0
483.8722454982554 0.7499999946197271 0
479.9204384545759 0.7499999945324551 0
475.9883904251061 0.7499999944456197 0
472.07600263685 0.7499999943592185 0
468.1831767902185 0.7499999942732495 0
464.3098150909476 0.74999999418771 0
460.4558202081875 0.7499999941025981 0
456.6210953068626 0.7499999940179118 0
452.8055440422154 0.7499999939336496 0
449.0090705187413 0.7499999938498079 0
445.2315793586705 0.7499999937663859 0
441.4729756602393 0.7499999936833807 0
437.7331649931158 0.7499999936007907 0
434.0120533934912 0.7499999935186139 0
430.3095473228275 0.7499999934368474 0
426.6255537736353 0.7499999933554901 0
422.9599801904369 0.7499999932745394 0
419.3127344661057 0.7499999931939939 0
415.6837249731448 0.7499999931138507 0
412.0728605229812 0.7499999930341081 0
408.4800503976813 0.7499999929547646 0
404.9052043456918 0.7499999928758175 0
401.3482325401288 0.7499999927972654 0
397.8090455749556 0.7499999927191059 0
394.2875545335847 0.749999992641337 0
390.7836709476351 0.7499999925639573 0
387.2973067924763 0.7499999924869646 0
383.8283744460518 0.7499999924103566 0
380.3767867583545 0.7499999923341317 0
376.9424570095791 0.749999992258288 0
373.5252989065375 0.7499999921828234 0
370.1252266143712 0.7499999921077364 0
366.7421546791641 0.7499999920330243 0
363.3759980972112 0.7499999919586862 0
360.0266723104515 0.7499999918847196 0
356.6940931655577 0.7499999918111228 0
353.3781769098002 0.7499999917378939 0
350.0788402236981 0.7499999916650313 0
346.7960002165767 0.7499999915925334 0
343.5295744225332 0.7499999915203973 0
340.2794807593108 0.7499999914486224 0
337.0456375614411 0.7499999913772061 0
333.8279635755628 0.7499999913061468 0
330.6263779568739 0.749999991235443 0
327.4408002645133 0.7499999911650926 0
324.271150458075 0.749999991095094 0
321.1173488930503 0.7499999910254457 0
317.9793163174014 0.749999990956145 0
314.8569739038122 0.7499999908871914 0
311.7502432092064 0.7499999908185823 0
308.659046170677 0.7499999907503162 0
305.5833051385612 0.7499999906823914 0
302.5229428353119 0.7499999906148065 0
299.4778823155018 0.7499999905475593 0
296.4480470721157 0.7499999904806482 0
293.4333610322553 0.7499999904140719 0
290.4337484430008 0.7499999903478286 0
287.4491339050264 0.7499999902819161 0
284.4794424418907 0.7499999902163336 0
281.5245994227297 0.7499999901510789 0
278.5845305955896 0.7499999900861504 0
275.6591621200552 0.7499999900215463 0
272.7484204900248 0.7499999899572655 0
269.8522325671303 0.749999989893306 0
266.9705256134685 0.7499999898296661 0
264.1032272143503 0.7499999897663449 0
261.2502652752762 0.7499999897033403 0
258.4115681283697 0.7499999896406503 0
255.587064491443 0.7499999895782737 0
252.7766833913112 0.7499999895162094 0
249.9803541970351 0.7499999894544553 0
247.1980066164401 0.7499999893930097 0
244.4295707661581 0.7499999893318715 0
241.6749770939671 0.7499999892710391 0
238.9341563761266 0.7499999892105107 0
236.2070397867638 0.7499999891502853 0
233.4935587842788 0.7499999890903604 0
230.793645181888 0.7499999890307355 0
228.1072311435893 0.7499999889714087 0
225.4342491812595 0.7499999889123786 0
222.7746321506722 0.7499999888536435 0
220.1283132118974 0.749999988795202 0
217.4952258624867 0.7499999887370531 0
214.8753039343027 0.7499999886791948 0
212.268481626755 0.7499999886216258 0
209.6746934298144 0.7499999885643442 0
207.0938741580359 0.7499999885073496 0
204.5259589834984 0.7499999884506394 0
201.9708833960125 0.7499999883942132 0
199.4285831997289 0.7499999883380691 0
196.8989945101434 0.7499999882822058 0
194.3820537507549 0.7499999882266216 0
191.877697686864 0.7499999881713154 0
189.3858634222144 0.7499999881162857 0
186.9064883210869 0.7499999880615309 0
184.4395100819344 0.7499999880070504 0
181.9848667307757 0.7499999879528416 0
179.5424965831252 0.7499999878989043 0
177.1123382772639 0.7499999878452369 0
174.6943307710886 0.7499999877918376 0
172.2884133022333 0.7499999877387052 0
169.8945254220819 0.7499999876858386 0
167.512606992316 0.7499999876332363 0
165.1425981454745 0.749999987580897 0
162.7844393554141 0.7499999875288194 0
160.438071360428 0.7499999874770021 0
158.1034351977395 0.7499999874254439 0
155.7804722365431 0.7499999873741436 0
153.4691241019286 0.7499999873230997 0
151.1693327087035 0.7499999872723113 0
148.881040258489 0.7499999872217766 0
146.6041892735863 0.7499999871714942 0
144.3387225570002 0.7499999871214639 0
142.0845831532204 0.7499999870716835 0
139.8417144189009 0.749999987022152 0
137.6100600196962 0.7499999869728681 0
135.389563890739 0.7499999869238306 0
133.180170270636 0.7499999868750383 0
130.9818236248713 0.7499999868264901 0
128.7944686805807 0.7499999867781844 0
126.6180505333702 0.7499999867301201 0
124.4525144972846 0.7499999866822967 0
122.2978061396458 0.7499999866347121 0
120.1538713144357 0.7499999865873652 0
118.0206561600574 0.7499999865402552 0
115.8981070960119 0.749999986493381 0
113.7861707839521 0.7499999864467413 0
111.6847941615159 0.7499999864003344 0
109.5939244030521 0.7499999863541593 0
107.5135089906106 0.7499999863082154 0
105.4434956739715 0.7499999862625013 0
103.3838323950495 0.7499999862170155 0
101.3344674324415 0.7499999861717573 0
99.29534932439702 0.7499999861267257 0
97.26642679365104 0.7499999860819188 0
95.24764885491219 0.7499999860373358 0
93.23896481212559 0.7499999859929762 0
91.24032418225744 0.749999985948838 0
89.25167673008173 0.7499999859049208 0
87.27297253862847 0.7499999858612231 0
85.304161896278 0.7499999858177439 0
83.34519529485554 0.749999985774482 0
81.39602350050421 0.7499999857314364 0
79.45659755107967 0.7499999856886063 0
77.5268687535645 0.7499999856459902 0
75.60678860800338 0.7499999856035868 0
73.69630884243911 0.749999985561396 0
71.79538148350977 0.7499999855194159 0
69.90395878043873 0.7499999854776456 0
68.02199320290867 0.7499999854360843 0
66.14943743858427 0.7499999853947307 0
64.2862444277699 0.749999985353584 0
62.43236739734827 0.749999985312643 0
60.58775974811203 0.7499999852719064 0
58.75237512659145 0.7499999852313738 0
56.92616745867829 0.7499999851910438 0
55.10909083737791 0.7499999851509155 0
53.30109959432134 0.749999985110988 0
51.50214829706056 0.7499999850712596 0
49.71219174711757 0.7499999850317305 0
47.93118497731442 0.7499999849923985 0
46.15908324985699 0.7499999849532633 0
44.39584205369905 0.7499999849143238 0
42.64141706591135 0.7499999848755792 0
40.89576418619576 0.7499999848370283 0
39.15883957141579 0.7499999847986698 0
37.43059959627946 0.7499999847605033 0
35.71100081477479 0.7499999847225279 0
1011.377554182439 1.750000003192907 0
1004.788220586082 1.750000003076496 0
998.2318336574198 1.750000002960667 0
991.7082286743175 1.750000002845417 0
985.2172417166524 1.750000002730743 0
978.7587096951303 1.750000002616643 0
972.3324703426777 1.750000002503113 0
965.9383621698775 1.750000002390152 0
959.5762245303512 1.750000002277754 0
953.2458976123203 1.750000002165919 0
946.9472223203917 1.750000002054643 0
940.6800403786015 1.750000001943922 0
934.4441943581576 1.750000001833757 0
928.2395275597524 1.750000001724141 0
922.0658841160592 1.750000001615074 0
915.9231089097959 1.750000001506552 0
909.8110475668227 1.750000001398573 0
903.72954652132 1.750000001291134 0
897.6784529715202 1.750000001184231 0
891.6576149086345 1.750000001077864 0
885.6668810355242 1.750000000972028 0
879.7061008332853 1.750000000866721 0
873.7751245528284 1.750000000761941 0
867.8738031344999 1.750000000657685 0
862.0019883107843 1.75000000055395 0
856.1595325616994 1.750000000450733 0
850.346289107724 1.750000000348034 0
844.5621118653038 1.750000000245847 0
838.8068554770073 1.750000000144171 0
833.0803753770189 1.750000000043003 0
827.3825277107189 1.749999999942342 0
821.7131692893024 1.749999999842183 0
816.0721576594824 1.749999999742526 0
810.4593510927548 1.749999999643367 0
804.874608543491 1.749999999544704 0
799.3177897148281 1.749999999446533 0
793.7887549779064 1.749999999348855 0
788.2873654021507 1.749999999251663 0
782.8134827844925 1.749999999154959 0
777.3669695691392 1.749999999058738 0
771.9476889143865 1.749999998962998 0
766.5555046852539 1.749999998867735 0
761.1902813734046 1.749999998772951 0
755.8518841641171 1.749999998678639 0
750.5401789290701 1.7499999985848 0
745.255032219916 1.749999998491429 0
739.9963112611686 1.749999998398525 0
734.7638839071311 1.749999998306086 0
729.5576186719982 1.74999999821411 0
724.3773847600116 1.749999998122592 0
719.2230520217997 1.749999998031533 0
714.0944909482499 1.749999997940929 0
708.9915727004428 1.749999997850777 0
703.914169029758 1.749999997761077 0
698.8621523821395 1.749999997671825 0
693.8353958171945 1.749999997583019 0
688.833773003042 1.749999997494658 0
683.8571583192546 1.749999997406738 0
678.9054267404504 1.749999997319258 0
673.9784538301885 1.749999997232215 0
669.0761157716537 1.749999997145608 0
664.1982893980189 1.749999997059433 0
659.3448521493614 1.749999996973689 0
654.5156820667404 1.749999996888374 0
649.7106578227001 1.749999996803486 0
644.9296587150702 1.749999996719021 0
640.1725646240682 1.74999999663498 0
635.4392560065555 1.749999996551358 0
630.7296139267308 1.749999996468155 0
626.0435200501055 1.749999996385368 0
621.3808566375346 1.749999996302995 0
616.7415065392896 1.749999996221033 0
612.1253531891754 1.749999996139481 0
607.5322805986889 1.749999996058337 0
602.9621733879736 1.749999995977599 0
598.4149167429547 1.749999995897265 0
593.8903963732448 1.749999995817332 0
589.3884985799809 1.749999995737799 0
584.9091102865806 1.749999995658663 0
580.4521189592981 1.749999995579923 0
576.0174125653091 1.749999995501577 0
571.6048796774605 1.749999995423623 0
567.2144094680842 1.749999995346058 0
562.8458916300891 1.749999995268881 0
558.4992163715933 1.749999995192091 0
554.1742744840965 1.749999995115684 0
549.8709572997083 1.749999995039658 0
545.5891566862725 1.749999994964013 0
541.328765078178 1.749999994888747 0
537.0896754344456 1.749999994813857 0
532.8717812332411 1.749999994739341 0
528.6749765035418 1.749999994665198 0
524.4991558193576 1.749999994591425 0
520.3442142579833 1.749999994518021 0
516.2100473946681 1.749999994444985 0
512.0965513344418 1.749999994372313 0
508.0036227432576 1.749999994300005 0
503.9311588059931 1.749999994228058 0
499.8790572213153 1.749999994156472 0
495.847216159788 1.749999994085243 0
491.8355342958919 1.74999999401437 0
487.843910839348 1.749999993943852 0
483.8722454933485 1.749999993873686 0
479.9204384495782 1.749999993803871 0
475.9883904200187 1.749999993734405 0
472.0760026316736 1.749999993665287 0
468.1831767849545 1.749999993596513 0
464.3098150855969 1.749999993528084 0
460.455820202751 1.749999993459998 0
456.6210953013415 1.749999993392251 0
452.8055440366105 1.749999993324844 0
449.0090705130537 1.749999993257773 0
445.2315793529011 1.749999993191037 0
441.472975654389 1.749999993124636 0
437.7331649871857 1.749999993058566 0
434.012053387482 1.749999992992826 0
430.3095473167402 1.749999992927416 0
426.6255537674709 1.749999992862332 0
422.9599801841966 1.749999992797574 0
419.31273445979 1.749999992733139 0
415.6837249667548 1.749999992669027 0
412.0728605165178 1.749999992605235 0
408.4800503911455 1.749999992541763 0
404.9052043390842 1.749999992478608 0
401.3482325334506 1.749999992415768 0
397.8090455682075 1.749999992353243 0
394.2875545267676 1.749999992291029 0
390.7836709407499 1.749999992229128 0
387.2973067855237 1.749999992167536 0
383.8283744390328 1.749999992106252 0
380.3767867512698 1.749999992045274 0
376.9424570024299 1.749999991984601 0
373.5252988993241 1.749999991924232 0
370.1252266070948 1.749999991864164 0
366.7421546718253 1.749999991804397 0
363.3759980898109 1.749999991744928 0
360.0266723029907 1.749999991685757 0
356.6940931580369 1.749999991626882 0
353.3781769022203 1.749999991568301 0
350.0788402160599 1.749999991510013 0
346.7960002088811 1.749999991452016 0
343.5295744147805 1.74999999139431 0
340.2794807515022 1.749999991336891 0
337.0456375535773 1.74999999127976 0
333.8279635676444 1.749999991222915 0
330.6263779489016 1.749999991166354 0
327.4408002564879 1.749999991110076 0
324.2711504499972 1.749999991054079 0
321.117348884921 1.749999990998361 0
317.9793163092211 1.749999990942923 0
314.856973895582 1.749999990887762 0
311.7502432009266 1.749999990832877 0
308.6590461623485 1.749999990778266 0
305.5833051301846 1.749999990723928 0
302.5229428268881 1.749999990669862 0
299.4778823070313 1.749999990616066 0
296.4480470635989 1.749999990562539 0
293.4333610236936 1.74999999050928 0
290.4337484343942 1.749999990456288 0
287.4491338963759 1.749999990403559 0
284.4794424331967 1.749999990351095 0
281.5245994139929 1.749999990298893 0
278.5845305868107 1.749999990246952 0
275.6591621112349 1.74999999019527 0
272.7484204811637 1.749999990143848 0
269.8522325582289 1.749999990092682 0
266.9705256045498 1.749999990041772 0
264.1032272053703 1.749999989991116 0
261.250265266258 1.749999989940714 0
258.4115681193138 1.749999989890564 0
255.5870644823499 1.749999989840665 0
252.7766833821815 1.749999989791015 0
249.9803541878696 1.749999989741614 0
247.1980066072393 1.749999989692459 0
244.4295707569225 1.74999998964355 0
241.6749770846973 1.749999989594885 0
238.9341563668231 1.749999989546465 0
236.2070397774272 1.749999989498286 0
233.49355877491 1.749999989450348 0
230.7936451724873 1.749999989402649 0
228.107231134157 1.74999998935519 0
225.4342491717964 1.749999989307967 0
222.7746321411789 1.749999989260981 0
220.1283132023743 1.74999998921423 0
217.4952258529343 1.749999989167712 0
214.8753039247217 1.749999989121427 0
212.2684816171459 1.749999989075373 0
209.6746934201777 1.74999998902955 0
207.093874148372 1.749999988983955 0
204.5259589738081 1.74999998893859 0
201.9708833862961 1.749999988893449 0
199.428583189987 1.749999988848536 0
196.8989945003764 1.749999988803846 0
194.3820537409633 1.749999988759381 0
191.8776976770483 1.749999988715138 0
189.3858634123997 1.749999988671116 0
186.9064883112245 1.749999988627313 0
184.4395100720493 1.74999998858373 0
181.9848667208684 1.749999988540365 0
179.542496573196 1.749999988497216 0
177.1123382673135 1.749999988454284 0
174.6943307611173 1.749999988411566 0
172.2884132922417 1.749999988369062 0
169.8945254120704 1.74999998832677 0
167.512606982285 1.74999998828469 0
165.1425981354247 1.749999988242819 0
162.7844393453456 1.749999988201159 0
160.4380713503415 1.749999988159707 0
158.1034351876353 1.749999988118462 0
155.7804722264217 1.749999988077422 0
153.4691240917904 1.749999988036589 0
151.1693326985489 1.74999998799596 0
148.8810402483184 1.749999987955533 0
146.6041892634001 1.749999987915309 0
144.3387225467989 1.749999987875286 0
142.0845831430043 1.749999987835463 0
139.8417144086704 1.749999987795839 0
137.6100600094518 1.749999987756413 0
135.3895638804811 1.749999987717185 0
133.1801702603648 1.749999987678152 0
130.9818236145875 1.749999987639315 0
128.7944686702844 1.749999987600672 0
126.6180505230618 1.749999987562222 0
124.4525144869647 1.749999987523965 0
122.2978061293146 1.749999987485898 0
120.1538713040935 1.749999987448022 0
118.0206561497047 1.749999987410336 0
115.8981070856491 1.749999987372838 0
113.7861707735795 1.749999987335527 0
111.6847941511339 1.749999987298402 0
109.593924392661 1.749999987261464 0
107.5135089802108 1.74999998722471 0
105.4434956635633 1.74999998718814 0
103.3838323846332 1.749999987151753 0
101.3344674220175 1.749999987115547 0
99.29534931396567 1.749999987079523 0
97.26642678321265 1.749999987043679 0
95.24764884446709 1.749999987008014 0
93.2389648016741 1.749999986972527 0
91.24032417179988 1.749999986937218 0
89.25167671961854 1.749999986902085 0
87.2729725281599 1.749999986867129 0
85.30416188580435 1.749999986832346 0
83.34519528437716 1.749999986797738 0
81.39602349002132 1.749999986763303 0
79.45659754059265 1.749999986729039 0
77.52686874307366 1.749999986694948 0
75.606788597509 1.749999986661027 0
73.69630883194144 1.749999986627275 0
71.79538147300916 1.749999986593692 0
69.90395876993549 1.749999986560277 0
68.02199319240302 1.74999998652703 0
66.14943742807648 1.749999986493948 0
64.28624441726031 1.749999986461031 0
62.43236738683714 1.74999998642828 0
60.58775973759975 1.749999986395692 0
58.75237511607816 1.749999986363267 0
56.92616744816434 1.749999986331004 0
55.10909082686352 1.749999986298902 0
53.30109958380675 1.749999986266961 0
51.50214828654605 1.74999998623518 0
49.71219173660344 1.749999986203558 0
47.93118496680084 1.749999986172093 0
46.15908323934428 1.749999986140786 0
44.39584204318741 1.749999986109636 0
42.64141705540111 1.749999986078641 0
40.89576417568725 1.749999986047801 0
39.15883956090911 1.749999986017116 0
37.43059958577486 1.749999985986584 0
35.71100080427253 1.749999985956204 0
$EndNodes
$Elements
22 4909 1 4909
1 1 1 21
1 1 26 
2 26 27 
3 27 28 
4 28 29 
5 29 30 
6 30 31 
7 31 32 
8 32 33 
9 33 34 
10 34 35 
11 35 36 
12 36 37 
13 37 38 
14 38 39 
15 39 40 
16 40 41 
17 41 42 
18 42 43 
19 43 44 
20 44 45 
21 45 18 
1 2 1 8
22 2 46 
23 46 47 
24 47 48 
25 48 49 
26 49 50 
27 50 51 
28 51 52 
29 52 15 
1 3 1 16
30 3 53 
31 53 54 
32 54 55 
33 55 56 
34 56 57 
35 57 58 
36 58 59 
37 59 60 
38 60 61 
39 61 62 
40 62 63 
41 63 64 
42 64 65 
43 65 66 
44 66 67 
45 67 16 
1 4 1 7
46 4 68 
47 68 69 
48 69 70 
49 70 71 
50 71 72 
51 72 73 
52 73 17 
1 5 1 26
53 5 74 
54 74 75 
55 75 76 
56 76 77 
57 77 78 
58 78 79 
59 79 80 
60 80 81 
61 81 82 
62 82 83 
63 83 84 
64 84 85 
65 85 86 
66 86 87 
67 87 88 
68 88 89 
69 89 90 
70 90 91 
71 91 92 
72 92 93 
73 93 94 
74 94 95 
75 95 96 
76 96 97 
77 97 98 
78 98 20 
1 6 1 1
79 6 7 
1 7 1 3
80 7 99 
81 99 100 
82 100 25 
1 8 1 17
83 8 101 
84 101 102 
85 102 103 
86 103 104 
87 104 105 
88 105 106 
89 106 107 
90 107 108 
91 108 109 
92 109 110 
93 110 111 
94 111 112 
95 112 113 
96 113 114 
97 114 115 
98 115 116 
99 116 9 
1 9 1 11
100 9 117 
101 117 118 
102 118 119 
103 119 120 
104 120 121 
105 121 122 
106 122 123 
107 123 124 
108 124 125 
109 125 126 
110 126 22 
1 11 1 1
111 10 1 
1 15 1 7
112 15 202 
113 202 203 
114 203 204 
115 204 205 
116 205 206 
117 206 207 
118 207 3 
1 16 1 19
119 16 208 
120 208 209 
121 209 210 
122 210 211 
123 211 212 
124 212 213 
125 213 214 
126 214 215 
127 215 216 
128 216 217 
129 217 218 
130 218 219 
131 219 220 
132 220 221 
133 221 222 
134 222 223 
135 223 224 
136 224 225 
137 225 4 
1 17 1 8
138 17 226 
139 226 227 
140 227 228 
141 228 229 
142 229 230 
143 230 231 
144 231 232 
145 232 5 
1 20 1 15
146 18 269 
147 269 270 
148 270 271 
149 271 272 
150 272 273 
151 273 274 
152 274 275 
153 275 276 
154 276 277 
155 277 278 
156 278 279 
157 279 280 
158 280 281 
159 281 282 
160 282 2 
1 21 1 271
161 20 283 
162 283 284 
163 284 285 
164 285 286 
165 286 287 
166 287 288 
167 288 289 
168 289 290 
169 290 291 
170 291 292 
171 292 293 
172 293 294 
173 294 295 
174 295 296 
175 296 297 
176 297 298 
177 298 299 
178 299 300 
179 300 301 
180 301 302 
181 302 303 
182 303 304 
183 304 305 
184 305 306 
185 306 307 
186 307 308 
187 308 309 
188 309 310 
189 310 311 
190 311 312 
191 312 313 
192 313 314 
193 314 315 
194 315 316 
195 316 317 
196 317 318 
197 318 319 
198 319 320 
199 320 321 
200 321 322 
201 322 323 
202 323 324 
203 324 325 
204 325 326 
205 326 327 
206 327 328 
207 328 329 
208 329 330 
209 330 331 
210 331 332 
211 332 333 
212 333 334 
213 334 335 
214 335 336 
215 336 337 
216 337 338 
217 338 339 
218 339 340 
219 340 341 
220 341 342 
221 342 343 
222 343 344 
223 344 345 
224 345 346 
225 346 347 
226 347 348 
227 348 349 
228 349 350 
229 350 351 
230 351 352 
231 352 353 
232 353 354 
233 354 355 
234 355 356 
235 356 357 
236 357 358 
237 358 359 
238 359 360 
239 360 361 
240 361 362 
241 362 363 
242 363 364 
243 364 365 
244 365 366 
245 366 367 
246 367 368 
247 368 369 
248 369 370 
249 370 371 
250 371 372 
251 372 373 
252 373 374 
253 374 375 
254 375 376 
255 376 377 
256 377 378 
257 378 379 
258 379 380 
259 380 381 
260 381 382 
261 382 383 
262 383 384 
263 384 385 
264 385 386 
265 386 387 
266 387 388 
267 388 389 
268 389 390 
269 390 391 
270 391 392 
271 392 393 
272 393 394 
273 394 395 
274 395 396 
275 396 397 
276 397 398 
277 398 399 
278 399 400 
279 400 401 
280 401 402 
281 402 403 
282 403 404 
283 404 405 
284 405 406 
285 406 407 
286 407 408 
287 408 409 
288 409 410 
289 410 411 
290 411 412 
291 412 413 
292 413 414 
293 414 415 
294 415 416 
295 416 417 
296 417 418 
297 418 419 
298 419 420 
299 420 421 
300 421 422 
301 422 423 
302 423 424 
303 424 425 
304 425 426 
305 426 427 
306 427 428 
307 428 429 
308 429 430 
309 430 431 
310 431 432 
311 432 433 
312 433 434 
313 434 435 
314 435 436 
315 436 437 
316 437 438 
317 438 439 
318 439 440 
319 440 441 
320 441 442 
321 442 443 
322 443 444 
323 444 445 
324 445 446 
325 446 447 
326 447 448 
327 448 449 
328 449 450 
329 450 451 
330 451 452 
331 452 453 
332 453 454 
333 454 455 
334 455 456 
335 456 457 
336 457 458 
337 458 459 
338 459 460 
339 460 461 
340 461 462 
341 462 463 
342 463 464 
343 464 465 
344 465 466 
345 466 467 
346 467 468 
347 468 469 
348 469 470 
349 470 471 
350 471 472 
351 472 473 
352 473 474 
353 474 475 
354 475 476 
355 476 477 
356 477 478 
357 478 479 
358 479 480 
359 480 481 
360 481 482 
361 482 483 
362 483 484 
363 484 485 
364 485 486 
365 486 487 
366 487 488 
367 488 489 
368 489 490 
369 490 491 
370 491 492 
371 492 493 
372 493 494 
373 494 495 
374 495 496 
375 496 497 
376 497 498 
377 498 499 
378 499 500 
379 500 501 
380 501 502 
381 502 503 
382 503 504 
383 504 505 
384 505 506 
385 506 507 
386 507 508 
387 508 509 
388 509 510 
389 510 511 
390 511 512 
391 512 513 
392 513 514 
393 514 515 
394 515 516 
395 516 517 
396 517 518 
397 518 519 
398 519 520 
399 520 521 
400 521 522 
401 522 523 
402 523 524 
403 524 525 
404 525 526 
405 526 527 
406 527 528 
407 528 529 
408 529 530 
409 530 531 
410 531 532 
411 532 533 
412 533 534 
413 534 535 
414 535 536 
415 536 537 
416 537 538 
417 538 539 
418 539 540 
419 540 541 
420 541 542 
421 542 543 
422 543 544 
423 544 545 
424 545 546 
425 546 547 
426 547 548 
427 548 549 
428 549 550 
429 550 551 
430 551 552 
431 552 6 
1 24 1 3
432 22 837 
433 837 838 
434 838 10 
1 25 1 11
435 25 839 
436 839 840 
437 840 841 
438 841 842 
439 842 843 
440 843 844 
441 844 845 
442 845 846 
443 846 847 
444 847 848 
445 848 8 
2 1 3 368
446 1 26 127 10 
447 26 27 128 127 
448 27 28 129 128 
449 28 29 130 129 
450 29 30 131 130 
451 30 31 132 131 
452 31 32 133 132 
453 32 33 134 133 
454 33 34 135 134 
455 34 35 136 135 
456 35 36 137 136 
457 36 37 138 137 
458 37 38 139 138 
459 38 39 140 139 
460 39 40 141 140 
461 40 41 142 141 
462 41 42 143 142 
463 42 43 144 143 
464 43 44 145 144 
465 44 45 146 145 
466 45 18 19 146 
467 18 269 823 19 
468 269 270 824 823 
469 270 271 825 824 
470 271 272 826 825 
471 272 273 827 826 
472 273 274 828 827 
473 274 275 829 828 
474 275 276 830 829 
475 276 277 831 830 
476 277 278 832 831 
477 278 279 833 832 
478 279 280 834 833 
479 280 281 835 834 
480 281 282 836 835 
481 282 2 11 836 
482 2 187 147 11 
483 187 188 148 147 
484 188 189 149 148 
485 189 190 150 149 
486 190 191 151 150 
487 191 192 152 151 
488 192 193 153 152 
489 193 194 154 153 
490 194 195 155 154 
491 195 196 156 155 
492 196 197 157 156 
493 197 198 158 157 
494 198 199 159 158 
495 199 200 160 159 
496 200 201 161 160 
497 201 13 14 161 
498 13 233 251 14 
499 233 234 252 251 
500 234 235 253 252 
501 235 236 254 253 
502 236 237 255 254 
503 237 238 256 255 
504 238 239 257 256 
505 239 240 258 257 
506 240 241 259 258 
507 241 242 260 259 
508 242 243 261 260 
509 243 244 262 261 
510 244 245 263 262 
511 245 246 264 263 
512 246 247 265 264 
513 247 248 266 265 
514 248 249 267 266 
515 249 250 268 267 
516 250 5 12 268 
517 5 74 162 12 
518 74 75 163 162 
519 75 76 164 163 
520 76 77 165 164 
521 77 78 166 165 
522 78 79 167 166 
523 79 80 168 167 
524 80 81 169 168 
525 81 82 170 169 
526 82 83 171 170 
527 83 84 172 171 
528 84 85 173 172 
529 85 86 174 173 
530 86 87 175 174 
531 87 88 176 175 
532 88 89 177 176 
533 89 90 178 177 
534 90 91 179 178 
535 91 92 180 179 
536 92 93 181 180 
537 93 94 182 181 
538 94 95 183 182 
539 95 96 184 183 
540 96 97 185 184 
541 97 98 186 185 
542 98 20 21 186 
543 20 283 553 21 
544 283 284 554 553 
545 284 285 555 554 
546 285 286 556 555 
547 286 287 557 556 
548 287 288 558 557 
549 288 289 559 558 
550 289 290 560 559 
551 290 291 561 560 
552 291 292 562 561 
553 292 293 563 562 
554 293 294 564 563 
555 294 295 565 564 
556 295 296 566 565 
557 296 297 567 566 
558 297 298 568 567 
559 298 299 569 568 
560 299 300 570 569 
561 300 301 571 570 
562 301 302 572 571 
563 302 303 573 572 
564 303 304 574 573 
565 304 305 575 574 
566 305 306 576 575 
567 306 307 577 576 
568 307 308 578 577 
569 308 309 579 578 
570 309 310 580 579 
571 310 311 581 580 
572 311 312 582 581 
573 312 313 583 582 
574 313 314 584 583 
575 314 315 585 584 
576 315 316 586 585 
577 316 317 587 586 
578 317 318 588 587 
579 318 319 589 588 
580 319 320 590 589 
581 320 321 591 590 
582 321 322 592 591 
583 322 323 593 592 
584 323 324 594 593 
585 324 325 595 594 
586 325 326 596 595 
587 326 327 597 596 
588 327 328 598 597 
589 328 329 599 598 
590 329 330 600 599 
591 330 331 601 600 
592 331 332 602 601 
593 332 333 603 602 
594 333 334 604 603 
595 334 335 605 604 
596 335 336 606 605 
597 336 337 607 606 
598 337 338 608 607 
599 338 339 609 608 
600 339 340 610 609 
601 340 341 611 610 
602 341 342 612 611 
603 342 343 613 612 
604 343 344 614 613 
605 344 345 615 614 
606 345 346 616 615 
607 346 347 617 616 
608 347 348 618 617 
609 348 349 619 618 
610 349 350 620 619 
611 350 351 621 620 
612 351 352 622 621 
613 352 353 623 622 
614 353 354 624 623 
615 354 355 625 624 
616 355 356 626 625 
617 356 357 627 626 
618 357 358 628 627 
619 358 359 629 628 
620 359 360 630 629 
621 360 361 631 630 
622 361 362 632 631 
623 362 363 633 632 
624 363 364 634 633 
625 364 365 635 634 
626 365 366 636 635 
627 366 367 637 636 
628 367 368 638 637 
629 368 369 639 638 
630 369 370 640 639 
631 370 371 641 640 
632 371 372 642 641 
633 372 373 643 642 
634 373 374 644 643 
635 374 375 645 644 
636 375 376 646 645 
637 376 377 647 646 
638 377 378 648 647 
639 378 379 649 648 
640 379 380 650 649 
641 380 381 651 650 
642 381 382 652 651 
643 382 383 653 652 
644 383 384 654 653 
645 384 385 655 654 
646 385 386 656 655 
647 386 387 657 656 
648 387 388 658 657 
649 388 389 659 658 
650 389 390 660 659 
651 390 391 661 660 
652 391 392 662 661 
653 392 393 663 662 
654 393 394 664 663 
655 394 395 665 664 
656 395 396 666 665 
657 396 397 667 666 
658 397 398 668 667 
659 398 399 669 668 
660 399 400 670 669 
661 400 401 671 670 
662 401 402 672 671 
663 402 403 673 672 
664 403 404 674 673 
665 404 405 675 674 
666 405 406 676 675 
667 406 407 677 676 
668 407 408 678 677 
669 408 409 679 678 
670 409 410 680 679 
671 410 411 681 680 
672 411 412 682 681 
673 412 413 683 682 
674 413 414 684 683 
675 414 415 685 684 
676 415 416 686 685 
677 416 417 687 686 
678 417 418 688 687 
679 418 419 689 688 
680 419 420 690 689 
681 420 421 691 690 
682 421 422 692 691 
683 422 423 693 692 
684 423 424 694 693 
685 424 425 695 694 
686 425 426 696 695 
687 426 427 697 696 
688 427 428 698 697 
689 428 429 699 698 
690 429 430 700 699 
691 430 431 701 700 
692 431 432 702 701 
693 432 433 703 702 
694 433 434 704 703 
695 434 435 705 704 
696 435 436 706 705 
697 436 437 707 706 
698 437 438 708 707 
699 438 439 709 708 
700 439 440 710 709 
701 440 441 711 710 
702 441 442 712 711 
703 442 443 713 712 
704 443 444 714 713 
705 444 445 715 714 
706 445 446 716 715 
707 446 447 717 716 
708 447 448 718 717 
709 448 449 719 718 
710 449 450 720 719 
711 450 451 721 720 
712 451 452 722 721 
713 452 453 723 722 
714 453 454 724 723 
715 454 455 725 724 
716 455 456 726 725 
717 456 457 727 726 
718 457 458 728 727 
719 458 459 729 728 
720 459 460 730 729 
721 460 461 731 730 
722 461 462 732 731 
723 462 463 733 732 
724 463 464 734 733 
725 464 465 735 734 
726 465 466 736 735 
727 466 467 737 736 
728 467 468 738 737 
729 468 469 739 738 
730 469 470 740 739 
731 470 471 741 740 
732 471 472 742 741 
733 472 473 743 742 
734 473 474 744 743 
735 474 475 745 744 
736 475 476 746 745 
737 476 477 747 746 
738 477 478 748 747 
739 478 479 749 748 
740 479 480 750 749 
741 480 481 751 750 
742 481 482 752 751 
743 482 483 753 752 
744 483 484 754 753 
745 484 485 755 754 
746 485 486 756 755 
747 486 487 757 756 
748 487 488 758 757 
749 488 489 759 758 
750 489 490 760 759 
751 490 491 761 760 
752 491 492 762 761 
753 492 493 763 762 
754 493 494 764 763 
755 494 495 765 764 
756 495 496 766 765 
757 496 497 767 766 
758 497 498 768 767 
759 498 499 769 768 
760 499 500 770 769 
761 500 501 771 770 
762 501 502 772 771 
763 502 503 773 772 
764 503 504 774 773 
765 504 505 775 774 
766 505 506 776 775 
767 506 507 777 776 
768 507 508 778 777 
769 508 509 779 778 
770 509 510 780 779 
771 510 511 781 780 
772 511 512 782 781 
773 512 513 783 782 
774 513 514 784 783 
775 514 515 785 784 
776 515 516 786 785 
777 516 517 787 786 
778 517 518 788 787 
779 518 519 789 788 
780 519 520 790 789 
781 520 521 791 790 
782 521 522 792 791 
783 522 523 793 792 
784 523 524 794 793 
785 524 525 795 794 
786 525 526 796 795 
787 526 527 797 796 
788 527 528 798 797 
789 528 529 799 798 
790 529 530 800 799 
791 530 531 801 800 
792 531 532 802 801 
793 532 533 803 802 
794 533 534 804 803 
795 534 535 805 804 
796 535 536 806 805 
797 536 537 807 806 
798 537 538 808 807 
799 538 539 809 808 
800 539 540 810 809 
801 540 541 811 810 
802 541 542 812 811 
803 542 543 813 812 
804 543 544 814 813 
805 544 545 815 814 
806 545 546 816 815 
807 546 547 817 816 
808 547 548 818 817 
809 548 549 819 818 
810 549 550 820 819 
811 550 551 821 820 
812 551 552 822 821 
813 552 6 7 822 
2 2 3 525
814 3 53 1143 207 
815 207 1143 1144 206 
816 206 1144 1145 205 
817 205 1145 1146 204 
818 204 1146 1147 203 
819 203 1147 1148 202 
820 202 1148 1149 15 
821 15 1149 1150 52 
822 52 1150 1151 51 
823 51 1151 1152 50 
824 50 1152 1153 49 
825 49 1153 1154 48 
826 48 1154 1155 47 
827 47 1155 1156 46 
828 46 1156 187 2 
829 53 54 1157 1143 
830 1143 1157 1158 1144 
831 1144 1158 1159 1145 
832 1145 1159 1160 1146 
833 1146 1160 1161 1147 
834 1147 1161 1162 1148 
835 1148 1162 1163 1149 
836 1149 1163 1164 1150 
837 1150 1164 1165 1151 
838 1151 1165 1166 1152 
839 1152 1166 1167 1153 
840 1153 1167 1168 1154 
841 1154 1168 1169 1155 
842 1155 1169 1170 1156 
843 1156 1170 188 187 
844 54 55 1171 1157 
845 1157 1171 1172 1158 
846 1158 1172 1173 1159 
847 1159 1173 1174 1160 
848 1160 1174 1175 1161 
849 1161 1175 1176 1162 
850 1162 1176 1177 1163 
851 1163 1177 1178 1164 
852 1164 1178 1179 1165 
853 1165 1179 1180 1166 
854 1166 1180 1181 1167 
855 1167 1181 1182 1168 
856 1168 1182 1183 1169 
857 1169 1183 1184 1170 
858 1170 1184 189 188 
859 55 56 1185 1171 
860 1171 1185 1186 1172 
861 1172 1186 1187 1173 
862 1173 1187 1188 1174 
863 1174 1188 1189 1175 
864 1175 1189 1190 1176 
865 1176 1190 1191 1177 
866 1177 1191 1192 1178 
867 1178 1192 1193 1179 
868 1179 1193 1194 1180 
869 1180 1194 1195 1181 
870 1181 1195 1196 1182 
871 1182 1196 1197 1183 
872 1183 1197 1198 1184 
873 1184 1198 190 189 
874 56 57 1199 1185 
875 1185 1199 1200 1186 
876 1186 1200 1201 1187 
877 1187 1201 1202 1188 
878 1188 1202 1203 1189 
879 1189 1203 1204 1190 
880 1190 1204 1205 1191 
881 1191 1205 1206 1192 
882 1192 1206 1207 1193 
883 1193 1207 1208 1194 
884 1194 1208 1209 1195 
885 1195 1209 1210 1196 
886 1196 1210 1211 1197 
887 1197 1211 1212 1198 
888 1198 1212 191 190 
889 57 58 1213 1199 
890 1199 1213 1214 1200 
891 1200 1214 1215 1201 
892 1201 1215 1216 1202 
893 1202 1216 1217 1203 
894 1203 1217 1218 1204 
895 1204 1218 1219 1205 
896 1205 1219 1220 1206 
897 1206 1220 1221 1207 
898 1207 1221 1222 1208 
899 1208 1222 1223 1209 
900 1209 1223 1224 1210 
901 1210 1224 1225 1211 
902 1211 1225 1226 1212 
903 1212 1226 192 191 
904 58 59 1227 1213 
905 1213 1227 1228 1214 
906 1214 1228 1229 1215 
907 1215 1229 1230 1216 
908 1216 1230 1231 1217 
909 1217 1231 1232 1218 
910 1218 1232 1233 1219 
911 1219 1233 1234 1220 
912 1220 1234 1235 1221 
913 1221 1235 1236 1222 
914 1222 1236 1237 1223 
915 1223 1237 1238 1224 
916 1224 1238 1239 1225 
917 1225 1239 1240 1226 
918 1226 1240 193 192 
919 59 60 1241 1227 
920 1227 1241 1242 1228 
921 1228 1242 1243 1229 
922 1229 1243 1244 1230 
923 1230 1244 1245 1231 
924 1231 1245 1246 1232 
925 1232 1246 1247 1233 
926 1233 1247 1248 1234 
927 1234 1248 1249 1235 
928 1235 1249 1250 1236 
929 1236 1250 1251 1237 
930 1237 1251 1252 1238 
931 1238 1252 1253 1239 
932 1239 1253 1254 1240 
933 1240 1254 194 193 
934 60 61 1255 1241 
935 1241 1255 1256 1242 
936 1242 1256 1257 1243 
937 1243 1257 1258 1244 
938 1244 1258 1259 1245 
939 1245 1259 1260 1246 
940 1246 1260 1261 1247 
941 1247 1261 1262 1248 
942 1248 1262 1263 1249 
943 1249 1263 1264 1250 
944 1250 1264 1265 1251 
945 1251 1265 1266 1252 
946 1252 1266 1267 1253 
947 1253 1267 1268 1254 
948 1254 1268 195 194 
949 61 62 1269 1255 
950 1255 1269 1270 1256 
951 1256 1270 1271 1257 
952 1257 1271 1272 1258 
953 1258 1272 1273 1259 
954 1259 1273 1274 1260 
955 1260 1274 1275 1261 
956 1261 1275 1276 1262 
957 1262 1276 1277 1263 
958 1263 1277 1278 1264 
959 1264 1278 1279 1265 
960 1265 1279 1280 1266 
961 1266 1280 1281 1267 
962 1267 1281 1282 1268 
963 1268 1282 196 195 
964 62 63 1283 1269 
965 1269 1283 1284 1270 
966 1270 1284 1285 1271 
967 1271 1285 1286 1272 
968 1272 1286 1287 1273 
969 1273 1287 1288 1274 
970 1274 1288 1289 1275 
971 1275 1289 1290 1276 
972 1276 1290 1291 1277 
973 1277 1291 1292 1278 
974 1278 1292 1293 1279 
975 1279 1293 1294 1280 
976 1280 1294 1295 1281 
977 1281 1295 1296 1282 
978 1282 1296 197 196 
979 63 64 1297 1283 
980 1283 1297 1298 1284 
981 1284 1298 1299 1285 
982 1285 1299 1300 1286 
983 1286 1300 1301 1287 
984 1287 1301 1302 1288 
985 1288 1302 1303 1289 
986 1289 1303 1304 1290 
987 1290 1304 1305 1291 
988 1291 1305 1306 1292 
989 1292 1306 1307 1293 
990 1293 1307 1308 1294 
991 1294 1308 1309 1295 
992 1295 1309 1310 1296 
993 1296 1310 198 197 
994 64 65 1311 1297 
995 1297 1311 1312 1298 
996 1298 1312 1313 1299 
997 1299 1313 1314 1300 
998 1300 1314 1315 1301 
999 1301 1315 1316 1302 
1000 1302 1316 1317 1303 
1001 1303 1317 1318 1304 
1002 1304 1318 1319 1305 
1003 1305 1319 1320 1306 
1004 1306 1320 1321 1307 
1005 1307 1321 1322 1308 
1006 1308 1322 1323 1309 
1007 1309 1323 1324 1310 
1008 1310 1324 199 198 
1009 65 66 1325 1311 
1010 1311 1325 1326 1312 
1011 1312 1326 1327 1313 
1012 1313 1327 1328 1314 
1013 1314 1328 1329 1315 
1014 1315 1329 1330 1316 
1015 1316 1330 1331 1317 
1016 1317 1331 1332 1318 
1017 1318 1332 1333 1319 
1018 1319 1333 1334 1320 
1019 1320 1334 1335 1321 
1020 1321 1335 1336 1322 
1021 1322 1336 1337 1323 
1022 1323 1337 1338 1324 
1023 1324 1338 200 199 
1024 66 67 1339 1325 
1025 1325 1339 1340 1326 
1026 1326 1340 1341 1327 
1027 1327 1341 1342 1328 
1028 1328 1342 1343 1329 
1029 1329 1343 1344 1330 
1030 1330 1344 1345 1331 
1031 1331 1345 1346 1332 
1032 1332 1346 1347 1333 
1033 1333 1347 1348 1334 
1034 1334 1348 1349 1335 
1035 1335 1349 1350 1336 
1036 1336 1350 1351 1337 
1037 1337 1351 1352 1338 
1038 1338 1352 201 200 
1039 67 16 1353 1339 
1040 1339 1353 1354 1340 
1041 1340 1354 1355 1341 
1042 1341 1355 1356 1342 
1043 1342 1356 1357 1343 
1044 1343 1357 1358 1344 
1045 1344 1358 1359 1345 
1046 1345 1359 1360 1346 
1047 1346 1360 1361 1347 
1048 1347 1361 1362 1348 
1049 1348 1362 1363 1349 
1050 1349 1363 1364 1350 
1051 1350 1364 1365 1351 
1052 1351 1365 1366 1352 
1053 1352 1366 13 201 
1054 16 208 1367 1353 
1055 1353 1367 1368 1354 
1056 1354 1368 1369 1355 
1057 1355 1369 1370 1356 
1058 1356 1370 1371 1357 
1059 1357 1371 1372 1358 
1060 1358 1372 1373 1359 
1061 1359 1373 1374 1360 
1062 1360 1374 1375 1361 
1063 1361 1375 1376 1362 
1064 1362 1376 1377 1363 
1065 1363 1377 1378 1364 
1066 1364 1378 1379 1365 
1067 1365 1379 1380 1366 
1068 1366 1380 233 13 
1069 208 209 1381 1367 
1070 1367 1381 1382 1368 
1071 1368 1382 1383 1369 
1072 1369 1383 1384 1370 
1073 1370 1384 1385 1371 
1074 1371 1385 1386 1372 
1075 1372 1386 1387 1373 
1076 1373 1387 1388 1374 
1077 1374 1388 1389 1375 
1078 1375 1389 1390 1376 
1079 1376 1390 1391 1377 
1080 1377 1391 1392 1378 
1081 1378 1392 1393 1379 
1082 1379 1393 1394 1380 
1083 1380 1394 234 233 
1084 209 210 1395 1381 
1085 1381 1395 1396 1382 
1086 1382 1396 1397 1383 
1087 1383 1397 1398 1384 
1088 1384 1398 1399 1385 
1089 1385 1399 1400 1386 
1090 1386 1400 1401 1387 
1091 1387 1401 1402 1388 
1092 1388 1402 1403 1389 
1093 1389 1403 1404 1390 
1094 1390 1404 1405 1391 
1095 1391 1405 1406 1392 
1096 1392 1406 1407 1393 
1097 1393 1407 1408 1394 
1098 1394 1408 235 234 
1099 210 211 1409 1395 
1100 1395 1409 1410 1396 
1101 1396 1410 1411 1397 
1102 1397 1411 1412 1398 
1103 1398 1412 1413 1399 
1104 1399 1413 1414 1400 
1105 1400 1414 1415 1401 
1106 1401 1415 1416 1402 
1107 1402 1416 1417 1403 
1108 1403 1417 1418 1404 
1109 1404 1418 1419 1405 
1110 1405 1419 1420 1406 
1111 1406 1420 1421 1407 
1112 1407 1421 1422 1408 
1113 1408 1422 236 235 
1114 211 212 1423 1409 
1115 1409 1423 1424 1410 
1116 1410 1424 1425 1411 
1117 1411 1425 1426 1412 
1118 1412 1426 1427 1413 
1119 1413 1427 1428 1414 
1120 1414 1428 1429 1415 
1121 1415 1429 1430 1416 
1122 1416 1430 1431 1417 
1123 1417 1431 1432 1418 
1124 1418 1432 1433 1419 
1125 1419 1433 1434 1420 
1126 1420 1434 1435 1421 
1127 1421 1435 1436 1422 
1128 1422 1436 237 236 
1129 212 213 1437 1423 
1130 1423 1437 1438 1424 
1131 1424 1438 1439 1425 
1132 1425 1439 1440 1426 
1133 1426 1440 1441 1427 
1134 1427 1441 1442 1428 
1135 1428 1442 1443 1429 
1136 1429 1443 1444 1430 
1137 1430 1444 1445 1431 
1138 1431 1445 1446 1432 
1139 1432 1446 1447 1433 
1140 1433 1447 1448 1434 
1141 1434 1448 1449 1435 
1142 1435 1449 1450 1436 
1143 1436 1450 238 237 
1144 213 214 1451 1437 
1145 1437 1451 1452 1438 
1146 1438 1452 1453 1439 
1147 1439 1453 1454 1440 
1148 1440 1454 1455 1441 
1149 1441 1455 1456 1442 
1150 1442 1456 1457 1443 
1151 1443 1457 1458 1444 
1152 1444 1458 1459 1445 
1153 1445 1459 1460 1446 
1154 1446 1460 1461 1447 
1155 1447 1461 1462 1448 
1156 1448 1462 1463 1449 
1157 1449 1463 1464 1450 
1158 1450 1464 239 238 
1159 214 215 1465 1451 
1160 1451 1465 1466 1452 
1161 1452 1466 1467 1453 
1162 1453 1467 1468 1454 
1163 1454 1468 1469 1455 
1164 1455 1469 1470 1456 
1165 1456 1470 1471 1457 
1166 1457 1471 1472 1458 
1167 1458 1472 1473 1459 
1168 1459 1473 1474 1460 
1169 1460 1474 1475 1461 
1170 1461 1475 1476 1462 
1171 1462 1476 1477 1463 
1172 1463 1477 1478 1464 
1173 1464 1478 240 239 
1174 215 216 1479 1465 
1175 1465 1479 1480 1466 
1176 1466 1480 1481 1467 
1177 1467 1481 1482 1468 
1178 1468 1482 1483 1469 
1179 1469 1483 1484 1470 
1180 1470 1484 1485 1471 
1181 1471 1485 1486 1472 
1182 1472 1486 1487 1473 
1183 1473 1487 1488 1474 
1184 1474 1488 1489 1475 
1185 1475 1489 1490 1476 
1186 1476 1490 1491 1477 
1187 1477 1491 1492 1478 
1188 1478 1492 241 240 
1189 216 217 1493 1479 
1190 1479 1493 1494 1480 
1191 1480 1494 1495 1481 
1192 1481 1495 1496 1482 
1193 1482 1496 1497 1483 
1194 1483 1497 1498 1484 
1195 1484 1498 1499 1485 
1196 1485 1499 1500 1486 
1197 1486 1500 1501 1487 
1198 1487 1501 1502 1488 
1199 1488 1502 1503 1489 
1200 1489 1503 1504 1490 
1201 1490 1504 1505 1491 
1202 1491 1505 1506 1492 
1203 1492 1506 242 241 
1204 217 218 1507 1493 
1205 1493 1507 1508 1494 
1206 1494 1508 1509 1495 
1207 1495 1509 1510 1496 
1208 1496 1510 1511 1497 
1209 1497 1511 1512 1498 
1210 1498 1512 1513 1499 
1211 1499 1513 1514 1500 
1212 1500 1514 1515 1501 
1213 1501 1515 1516 1502 
1214 1502 1516 1517 1503 
1215 1503 1517 1518 1504 
1216 1504 1518 1519 1505 
1217 1505 1519 1520 1506 
1218 1506 1520 243 242 
1219 218 219 1521 1507 
1220 1507 1521 1522 1508 
1221 1508 1522 1523 1509 
1222 1509 1523 1524 1510 
1223 1510 1524 1525 1511 
1224 1511 1525 1526 1512 
1225 1512 1526 1527 1513 
1226 1513 1527 1528 1514 
1227 1514 1528 1529 1515 
1228 1515 1529 1530 1516 
1229 1516 1530 1531 1517 
1230 1517 1531 1532 1518 
1231 1518 1532 1533 1519 
1232 1519 1533 1534 1520 
1233 1520 1534 244 243 
1234 219 220 1535 1521 
1235 1521 1535 1536 1522 
1236 1522 1536 1537 1523 
1237 1523 1537 1538 1524 
1238 1524 1538 1539 1525 
1239 1525 1539 1540 1526 
1240 1526 1540 1541 1527 
1241 1527 1541 1542 1528 
1242 1528 1542 1543 1529 
1243 1529 1543 1544 1530 
1244 1530 1544 1545 1531 
1245 1531 1545 1546 1532 
1246 1532 1546 1547 1533 
1247 1533 1547 1548 1534 
1248 1534 1548 245 244 
1249 220 221 1549 1535 
1250 1535 1549 1550 1536 
1251 1536 1550 1551 1537 
1252 1537 1551 1552 1538 
1253 1538 1552 1553 1539 
1254 1539 1553 1554 1540 
1255 1540 1554 1555 1541 
1256 1541 1555 1556 1542 
1257 1542 1556 1557 1543 
1258 1543 1557 1558 1544 
1259 1544 1558 1559 1545 
1260 1545 1559 1560 1546 
1261 1546 1560 1561 1547 
1262 1547 1561 1562 1548 
1263 1548 1562 246 245 
1264 221 222 1563 1549 
1265 1549 1563 1564 1550 
1266 1550 1564 1565 1551 
1267 1551 1565 1566 1552 
1268 1552 1566 1567 1553 
1269 1553 1567 1568 1554 
1270 1554 1568 1569 1555 
1271 1555 1569 1570 1556 
1272 1556 1570 1571 1557 
1273 1557 1571 1572 1558 
1274 1558 1572 1573 1559 
1275 1559 1573 1574 1560 
1276 1560 1574 1575 1561 
1277 1561 1575 1576 1562 
1278 1562 1576 247 246 
1279 222 223 1577 1563 
1280 1563 1577 1578 1564 
1281 1564 1578 1579 1565 
1282 1565 1579 1580 1566 
1283 1566 1580 1581 1567 
1284 1567 1581 1582 1568 
1285 1568 1582 1583 1569 
1286 1569 1583 1584 1570 
1287 1570 1584 1585 1571 
1288 1571 1585 1586 1572 
1289 1572 1586 1587 1573 
1290 1573 1587 1588 1574 
1291 1574 1588 1589 1575 
1292 1575 1589 1590 1576 
1293 1576 1590 248 247 
1294 223 224 1591 1577 
1295 1577 1591 1592 1578 
1296 1578 1592 1593 1579 
1297 1579 1593 1594 1580 
1298 1580 1594 1595 1581 
1299 1581 1595 1596 1582 
1300 1582 1596 1597 1583 
1301 1583 1597 1598 1584 
1302 1584 1598 1599 1585 
1303 1585 1599 1600 1586 
1304 1586 1600 1601 1587 
1305 1587 1601 1602 1588 
1306 1588 1602 1603 1589 
1307 1589 1603 1604 1590 
1308 1590 1604 249 248 
1309 224 225 1605 1591 
1310 1591 1605 1606 1592 
1311 1592 1606 1607 1593 
1312 1593 1607 1608 1594 
1313 1594 1608 1609 1595 
1314 1595 1609 1610 1596 
1315 1596 1610 1611 1597 
1316 1597 1611 1612 1598 
1317 1598 1612 1613 1599 
1318 1599 1613 1614 1600 
1319 1600 1614 1615 1601 
1320 1601 1615 1616 1602 
1321 1602 1616 1617 1603 
1322 1603 1617 1618 1604 
1323 1604 1618 250 249 
1324 225 4 68 1605 
1325 1605 68 69 1606 
1326 1606 69 70 1607 
1327 1607 70 71 1608 
1328 1608 71 72 1609 
1329 1609 72 73 1610 
1330 1610 73 17 1611 
1331 1611 17 226 1612 
1332 1612 226 227 1613 
1333 1613 227 228 1614 
1334 1614 228 229 1615 
1335 1615 229 230 1616 
1336 1616 230 231 1617 
1337 1617 231 232 1618 
1338 1618 232 5 250 
2 3 2 2695
1339 1704 1857 1999 
1340 2203 2207 2248 
1341 2089 2306 2620 
1342 1141 24 1714 
1343 2294 1727 2611 
1344 2199 2203 2215 
1345 1888 1890 1978 
1346 2138 2145 2255 
1347 1953 1632 2006 
1348 1976 2485 2502 
1349 1938 2048 2060 
1350 2060 1939 2650 
1351 1694 1812 1859 
1352 1724 1888 1978 
1353 1930 1927 2399 
1354 1871 2508 2509 
1355 2285 2568 2647 
1356 2192 2194 2264 
1357 990 989 2285 
1358 265 266 2757 
1359 2132 2130 2580 
1360 112 1716 2590 
1361 2086 2087 2304 
1362 2531 1685 2539 
1363 1911 1913 1920 
1364 2043 1635 2650 
1365 2022 2030 2031 
1366 1720 105 2585 
1367 2244 2319 2499 
1368 2139 2142 2732 
1369 2193 2190 2560 
1370 1969 1877 1976 
1371 2048 1636 2060 
1372 1869 2012 2517 
1373 1670 2299 2465 
1374 1913 1914 1993 
1375 1763 1980 2693 
1376 2123 1653 2646 
1377 2021 2558 2665 
1378 114 1715 2583 
1379 1865 2011 2012 
1380 1838 1829 1960 
1381 2215 2203 2299 
1382 1862 1833 2718 
1383 2178 2180 2241 
1384 1812 1694 2719 
1385 1773 1746 2037 
1386 2189 2192 2252 
1387 2024 1631 2592 
1388 116 9 2680 
1389 1989 1988 2069 
1390 1871 1869 2508 
1391 2030 2022 2665 
1392 1911 1912 1913 
1393 1857 1704 2603 
1394 2230 2610 2678 
1395 1942 1689 2597 
1396 2494 2314 2500 
1397 1998 1915 2038 
1398 2198 2215 2291 
1399 1929 1931 2055 
1400 2533 1692 2648 
1401 1772 2013 2637 
1402 1663 2278 2404 
1403 1664 2289 2554 
1404 108 1718 2594 
1405 1699 1956 2566 
1406 1814 1809 1943 
1407 2162 2386 2418 
1408 1718 2150 2518 
1409 2174 2178 2184 
1410 1941 2326 2330 
1411 1993 1915 1998 
1412 2024 2592 2628 
1413 1834 1827 2655 
1414 1779 1746 2701 
1415 2319 2244 2323 
1416 2221 2234 2238 
1417 2182 2186 2188 
1418 2082 2334 2335 
1419 1693 825 1740 
1420 2273 2183 2444 
1421 2183 2268 2293 
1422 2135 2138 2159 
1423 1717 111 2600 
1424 2184 2178 2250 
1425 835 836 2741 
1426 2345 2082 2346 
1427 1938 2060 2650 
1428 1715 115 2614 
1429 2337 2108 2361 
1430 2125 2387 2547 
1431 2343 2110 2364 
1432 1729 2559 2590 
1433 2387 2363 2547 
1434 1652 2371 2556 
1435 2147 2151 2162 
1436 1845 1846 2012 
1437 1716 113 2621 
1438 117 1739 2680 
1439 148 149 2742 
1440 2113 2387 2606 
1441 2341 1644 2691 
1442 1654 2389 2606 
1443 2373 2374 2412 
1444 2212 2220 2240 
1445 2362 2127 2526 
1446 1927 1923 2399 
1447 2378 2379 2418 
1448 2435 2251 2479 
1449 2160 2405 2411 
1450 1782 116 2002 
1451 1670 2298 2299 
1452 1721 103 2574 
1453 1657 2410 2677 
1454 2385 2386 2421 
1455 2376 1656 2638 
1456 2374 2375 2412 
1457 2374 2146 2407 
1458 2388 1654 2482 
1459 1658 2412 2586 
1460 110 1717 2632 
1461 1666 2273 2417 
1462 2386 2148 2418 
1463 101 1784 2630 
1464 1932 1935 1940 
1465 1811 1758 2441 
1466 2159 2138 2411 
1467 2348 1645 2711 
1468 2174 2177 2178 
1469 2440 2223 2478 
1470 2415 1664 2554 
1471 2265 2550 2627 
1472 2098 2366 2738 
1473 1885 1887 1954 
1474 2471 1671 2474 
1475 2394 2152 2420 
1476 2472 2214 2476 
1477 2435 2209 2470 
1478 2216 2188 2268 
1479 2537 1822 2561 
1480 1921 1922 2062 
1481 1977 1976 2502 
1482 2145 2139 2732 
1483 2466 2467 2487 
1484 2205 2468 2534 
1485 1677 2494 2500 
1486 2437 2213 2472 
1487 106 1719 2724 
1488 2222 2477 2578 
1489 1727 2271 2611 
1490 1726 114 2583 
1491 2180 2182 2671 
1492 104 1720 2649 
1493 2473 2434 2474 
1494 2513 1854 2633 
1495 2469 2210 2470 
1496 2299 2203 2309 
1497 2316 2314 2494 
1498 1728 112 2590 
1499 2393 2152 2731 
1500 103 1736 2574 
1501 2317 2316 2319 
1502 1882 2500 2506 
1503 1718 109 2519 
1504 2081 2287 2327 
1505 1881 2505 2506 
1506 2488 2231 2489 
1507 828 1697 1815 
1508 2406 2172 2707 
1509 1664 2432 2707 
1510 2485 1679 2502 
1511 1767 1841 2592 
1512 2496 1975 2497 
1513 2270 2191 2456 
1514 2278 1663 2403 
1515 124 125 1785 
1516 2504 1881 2682 
1517 1665 2280 2416 
1518 1718 2518 2608 
1519 2289 2250 2554 
1520 2207 2211 2257 
1521 1085 1084 2323 
1522 2084 2085 2086 
1523 1694 1859 2015 
1524 1883 1878 1969 
1525 2195 2458 2725 
1526 1935 1989 1991 
1527 1684 1814 1943 
1528 1775 1769 1950 
1529 1840 1724 1858 
1530 2452 2232 2453 
1531 2280 2179 2433 
1532 105 1734 2585 
1533 2044 1703 2521 
1534 824 825 1693 
1535 2555 101 2630 
1536 1837 1836 1839 
1537 2512 2484 2733 
1538 2511 1876 2747 
1539 102 1721 2714 
1540 1819 1824 1861 
1541 1954 1887 2679 
1542 2247 1717 2599 
1543 1784 101 2714 
1544 1896 2533 2648 
1545 1763 1767 1980 
1546 1961 1834 1968 
1547 2100 2101 2690 
1548 109 1730 2519 
1549 2245 1727 2621 
1550 1846 1845 2039 
1551 1778 1141 2744 
1552 2477 2440 2578 
1553 2500 2314 2506 
1554 1654 2126 2482 
1555 114 115 1715 
1556 2176 2247 2599 
1557 1873 1871 2027 
1558 1691 2529 2734 
1559 1676 2320 2658 
1560 1784 1918 2041 
1561 2298 1670 2464 
1562 2379 2162 2418 
1563 1851 1964 2626 
1564 112 113 1716 
1565 1628 2734 2757 
1566 2032 1933 2399 
1567 107 1732 2605 
1568 153 1621 1710 
1569 1851 1848 1964 
1570 2221 2225 2234 
1571 2330 1935 2674 
1572 1728 2559 2601 
1573 1814 1684 1983 
1574 1758 1811 1981 
1575 110 111 1717 
1576 827 828 1815 
1577 2235 2245 2583 
1578 2320 1676 2490 
1579 108 109 1718 
1580 1953 2006 2040 
1581 2203 2204 2207 
1582 2247 2170 2256 
1583 111 1728 2600 
1584 1020 1019 2293 
1585 2147 2149 2151 
1586 106 107 1719 
1587 2136 2132 2580 
1588 1785 125 1997 
1589 2062 1922 2675 
1590 104 105 1720 
1591 2171 2174 2721 
1592 2138 2255 2411 
1593 2032 2399 2574 
1594 2245 2226 2271 
1595 2109 2096 2367 
1596 1865 1832 2011 
1597 1917 1919 1921 
1598 1805 1812 1813 
1599 102 103 1721 
1600 1994 1876 2498 
1601 2101 2102 2705 
1602 1972 1970 2497 
1603 1806 1860 2730 
1604 1757 1752 1769 
1605 23 1759 2662 
1606 1776 1819 1861 
1607 1804 1802 1808 
1608 1933 1930 2399 
1609 1768 1771 2059 
1610 2299 2309 2465 
1611 941 940 2300 
1612 1732 108 2594 
1613 1754 1777 1964 
1614 1967 1968 2050 
1615 2071 2082 2335 
1616 1138 23 2662 
1617 2251 2435 2470 
1618 2258 2472 2476 
1619 1877 1873 1982 
1620 2268 2183 2273 
1621 1857 1633 1999 
1622 1848 1755 1964 
1623 2067 1989 2069 
1624 1755 1754 1964 
1625 2401 2242 2403 
1626 2182 2188 2216 
1627 2193 2560 2661 
1628 1757 1776 1777 
1629 1957 1635 1993 
1630 1993 1635 2049 
1631 2068 2071 2335 
1632 2126 1654 2606 
1633 1908 1911 2524 
1634 2138 2139 2145 
1635 2258 2437 2472 
1636 2087 2120 2124 
1637 2264 2270 2544 
1638 1876 1994 2747 
1639 1831 1836 1837 
1640 1714 1844 2579 
1641 1711 1768 2057 
1642 1719 2114 2615 
1643 2232 2545 2609 
1644 1714 2579 2744 
1645 1943 1809 2622 
1646 1853 1864 1866 
1647 1802 1793 1809 
1648 2489 2321 2490 
1649 2096 2106 2121 
1650 2178 2177 2180 
1651 1825 1823 2694 
1652 2220 2219 2593 
1653 2306 2089 2546 
1654 2288 2184 2289 
1655 2579 1842 2744 
1656 2571 2114 2572 
1657 1817 1624 2536 
1658 1769 1750 2645 
1659 1742 1847 2013 
1660 2211 2212 2623 
1661 1926 1929 2053 
1662 1968 2042 2558 
1663 1706 2532 2541 
1664 1767 1797 1841 
1665 2169 2171 2242 
1666 2139 2141 2142 
1667 1829 1827 1960 
1668 2273 1666 2275 
1669 2207 2208 2211 
1670 2212 2219 2220 
1671 1689 1907 2597 
1672 2165 2166 2283 
1673 1797 1800 1807 
1674 2103 2104 2111 
1675 1831 1829 2728 
1676 1913 1912 1914 
1677 1991 2119 2726 
1678 2302 1665 2639 
1679 1976 1877 2485 
1680 2520 1629 2541 
1681 2238 2234 2259 
1682 1914 1917 1938 
1683 2265 1880 2550 
1684 1935 1988 1989 
1685 2025 1619 2561 
1686 2072 2075 2083 
1687 2284 2157 2640 
1688 2386 2290 2421 
1689 2241 2279 2280 
1690 1940 1935 2330 
1691 2559 1728 2590 
1692 1805 1788 1812 
1693 1980 1767 2592 
1694 2189 2190 2192 
1695 2192 2193 2194 
1696 1814 1995 2562 
1697 1922 1926 2312 
1698 2096 2097 2106 
1699 161 14 1681 
1700 2234 2225 2261 
1701 826 827 1627 
1702 1814 1983 1995 
1703 2012 1846 2517 
1704 1804 1808 1857 
1705 1757 1769 1775 
1706 1797 1807 1841 
1707 2096 2121 2367 
1708 2151 2153 2155 
1709 989 2157 2285 
1710 1920 1913 1998 
1711 2157 2283 2285 
1712 2105 2297 2300 
1713 2080 2118 2754 
1714 2086 2085 2087 
1715 2229 2236 2237 
1716 1823 1822 1900 
1717 1864 1853 2045 
1718 1964 1862 2626 
1719 1989 2065 2119 
1720 2131 2134 2392 
1721 1724 849 1858 
1722 2058 2059 2740 
1723 2018 2017 2558 
1724 2411 2255 2677 
1725 2287 2080 2754 
1726 1918 1784 2398 
1727 1633 1857 2562 
1728 2082 2071 2346 
1729 1921 1919 1922 
1730 1808 1809 1814 
1731 2297 2105 2381 
1732 2084 2086 2118 
1733 2097 2100 2690 
1734 1624 1817 1996 
1735 2199 2201 2203 
1736 1755 1848 2749 
1737 1627 827 1815 
1738 2353 2106 2395 
1739 115 116 1782 
1740 2741 1626 2742 
1741 1634 1998 2038 
1742 1968 1834 2042 
1743 1970 1969 1994 
1744 263 1685 2531 
1745 1908 1910 1911 
1746 1994 2503 2747 
1747 1969 1976 2503 
1748 1994 1969 2503 
1749 2166 2169 2249 
1750 1880 2265 2266 
1751 113 114 1726 
1752 2154 1731 2551 
1753 1803 1802 1804 
1754 1746 1745 2037 
1755 2229 2237 2678 
1756 2198 2459 2460 
1757 2257 2474 2717 
1758 111 112 1728 
1759 2203 2248 2309 
1760 1632 1953 2604 
1761 2075 2076 2702 
1762 1684 1943 2033 
1763 1688 151 1710 
1764 1701 1987 2050 
1765 2019 1620 2557 
1766 1901 1985 2552 
1767 109 110 1730 
1768 1810 1946 1953 
1769 2091 1735 2722 
1770 115 1782 2614 
1771 107 108 1732 
1772 2540 1706 2541 
1773 2017 1968 2558 
1774 113 1726 2621 
1775 2337 2107 2339 
1776 105 106 1734 
1777 2493 2318 2495 
1778 103 104 1736 
1779 2307 2120 2308 
1780 1971 1970 1972 
1781 1653 2123 2547 
1782 1809 1793 2622 
1783 1932 1934 1935 
1784 1730 110 2632 
1785 2151 2155 2290 
1786 1929 1930 1931 
1787 1736 104 2649 
1788 1777 1776 1861 
1789 2172 2644 2707 
1790 1953 1946 2604 
1791 1724 1840 1888 
1792 2198 2199 2215 
1793 2260 2451 2578 
1794 1698 184 1951 
1795 2468 2309 2534 
1796 2156 2164 2165 
1797 1911 1944 2524 
1798 1647 2305 2333 
1799 2179 2280 2759 
1800 1844 1839 2542 
1801 1827 1825 2655 
1802 1775 1950 2564 
1803 2090 1735 2091 
1804 2155 2156 2292 
1805 2355 2353 2395 
1806 1944 1920 1945 
1807 2257 2470 2663 
1808 1868 1865 1869 
1809 2453 2454 2455 
1810 2135 2137 2138 
1811 1635 1957 2650 
1812 263 2531 2685 
1813 2257 2211 2470 
1814 2592 1841 2628 
1815 1878 1877 1969 
1816 2306 1647 2657 
1817 1978 1890 2648 
1818 1844 2542 2579 
1819 2412 2375 2586 
1820 845 1689 1942 
1821 2162 2151 2386 
1822 1901 1683 1984 
1823 1803 1947 2715 
1824 24 1846 2039 
1825 1667 2651 2755 
1826 2275 2276 2279 
1827 2190 2239 2560 
1828 2330 2326 2587 
1829 2071 2072 2687 
1830 1812 1786 1859 
1831 2080 2084 2118 
1832 1923 1937 2399 
1833 1985 1945 2552 
1834 1819 1818 1822 
1835 1988 1737 2069 
1836 2103 2102 2104 
1837 2387 2125 2606 
1838 2526 2131 2709 
1839 2315 2314 2316 
1840 1954 1838 2563 
1841 184 185 1951 
1842 1644 2346 2691 
1843 2340 2343 2364 
1844 2287 2081 2711 
1845 1807 1800 1810 
1846 2610 2229 2678 
1847 1727 2245 2271 
1848 2188 2186 2736 
1849 2371 2356 2556 
1850 2453 2232 2454 
1851 1795 1793 1802 
1852 1661 2422 2549 
1853 2366 2367 2738 
1854 1895 1944 1985 
1855 2308 2337 2361 
1856 2266 2265 2282 
1857 2127 2482 2526 
1858 1843 1702 2005 
1859 2319 2495 2499 
1860 1915 1993 2049 
1861 1808 1802 1809 
1862 1656 2409 2638 
1863 2243 2316 2317 
1864 2175 2430 2570 
1865 2411 2405 2638 
1866 2410 2411 2677 
1867 1712 124 1785 
1868 2191 2270 2695 
1869 2558 2042 2665 
1870 2374 2407 2677 
1871 1790 1788 1805 
1872 1917 1921 2692 
1873 1782 2002 2003 
1874 2072 2074 2075 
1875 2101 2100 2102 
1876 1881 2313 2682 
1877 1883 1969 1970 
1878 1911 1910 1912 
1879 2528 2031 2539 
1880 1741 1743 1758 
1881 2247 2256 2684 
1882 2142 2144 2746 
1883 2156 2165 2253 
1884 2277 2184 2288 
1885 1896 1901 1984 
1886 825 826 2656 
1887 2158 2380 2383 
1888 2458 2459 2725 
1889 2471 2474 2663 
1890 2237 2236 2265 
1891 1817 1771 2637 
1892 1746 1773 1774 
1893 1715 2582 2583 
1894 2475 1672 2535 
1895 2240 2220 2258 
1896 2129 2131 2526 
1897 1776 1775 1818 
1898 2068 2070 2071 
1899 2487 2467 2641 
1900 23 1139 1723 
1901 1647 2304 2305 
1902 1844 1714 2039 
1903 2241 2267 2279 
1904 2523 2489 2641 
1905 1892 1894 1896 
1906 2470 2210 2663 
1907 2106 2353 2354 
1908 1869 1865 2012 
1909 2474 2434 2534 
1910 1788 1786 1812 
1911 1892 1896 2648 
1912 2244 1085 2323 
1913 1807 1810 1953 
1914 2489 2231 2641 
1915 1141 1714 2744 
1916 1943 1813 2033 
1917 2276 1666 2667 
1918 2211 2251 2470 
1919 2279 2276 2759 
1920 1829 1838 2683 
1921 1836 1831 2728 
1922 266 267 2757 
1923 1717 2247 2684 
1924 2152 2292 2731 
1925 843 1695 1986 
1926 121 122 1690 
1927 1727 2294 2295 
1928 2497 1975 2682 
1929 2576 1852 2660 
1930 2424 2187 2426 
1931 2206 2309 2468 
1932 1822 1818 2561 
1933 1841 1807 2628 
1934 823 824 1981 
1935 1859 1722 2015 
1936 2111 2112 2125 
1937 2159 2411 2638 
1938 2484 2485 2733 
1939 1967 1966 2708 
1940 2232 2452 2659 
1941 2237 2265 2627 
1942 1690 122 2046 
1943 1836 1954 2679 
1944 2180 2181 2182 
1945 1813 1812 2719 
1946 1899 1687 1952 
1947 1687 120 1860 
1948 1786 1785 1859 
1949 180 1884 1955 
1950 1835 2028 2030 
1951 1827 1834 1960 
1952 2016 1701 2050 
1953 1911 1920 1944 
1954 2182 2185 2186 
1955 123 124 1712 
1956 120 121 1860 
1957 1818 1775 2026 
1958 1854 2027 2633 
1959 2258 2246 2437 
1960 2517 1846 2525 
1961 14 251 1781 
1962 2087 2091 2120 
1963 1731 2163 2551 
1964 119 120 1687 
1965 1946 1857 2603 
1966 1740 825 2656 
1967 2367 2121 2738 
1968 2285 2263 2568 
1969 2275 1666 2276 
1970 2086 2306 2546 
1971 1926 1927 1929 
1972 1872 1871 1873 
1973 2080 2076 2084 
1974 2312 1926 2673 
1975 1805 1813 1943 
1976 1835 2030 2665 
1977 1853 1851 2045 
1978 1875 1873 1877 
1979 2399 1721 2574 
1980 2255 2145 2374 
1981 2094 2095 2753 
1982 2479 2251 2535 
1983 1722 1997 2681 
1984 2292 2152 2394 
1985 2259 2260 2578 
1986 2031 2531 2539 
1987 1956 1904 2566 
1988 1805 1943 2622 
1989 1019 2183 2293 
1990 1880 1878 1883 
1991 2286 1645 2349 
1992 2304 1647 2306 
1993 2219 2221 2593 
1994 2194 2193 2704 
1995 2439 2440 2478 
1996 2092 2093 2751 
1997 2027 1854 2514 
1998 2321 2320 2490 
1999 2282 2236 2582 
2000 2202 2200 2560 
2001 2026 2025 2561 
2002 2426 2187 2445 
2003 2289 1664 2707 
2004 1884 1886 1955 
2005 2147 2144 2149 
2006 1668 2461 2544 
2007 185 186 1842 
2008 2260 2262 2450 
2009 2126 2129 2482 
2010 1727 2295 2621 
2011 1860 1806 1952 
2012 2165 2164 2166 
2013 2184 2250 2289 
2014 2313 1881 2506 
2015 2357 1646 2754 
2016 2103 2111 2123 
2017 2061 1925 2688 
2018 183 184 1698 
2019 2300 2123 2646 
2020 2242 2277 2278 
2021 1744 1756 1768 
2022 2225 2227 2545 
2023 845 846 1689 
2024 940 2105 2300 
2025 2142 2141 2144 
2026 2246 2238 2439 
2027 1922 1923 1926 
2028 1660 2421 2756 
2029 1868 1869 1871 
2030 181 182 1680 
2031 2283 2157 2284 
2032 1795 1802 1803 
2033 843 844 1695 
2034 2131 2132 2134 
2035 1808 1814 2562 
2036 2013 1772 2037 
2037 841 842 1713 
2038 2594 1718 2608 
2039 185 1842 1951 
2040 2156 2253 2292 
2041 180 181 1884 
2042 828 829 1697 
2043 1897 1695 2597 
2044 2495 2318 2499 
2045 181 1680 1884 
2046 1746 2527 2701 
2047 1924 2051 2675 
2048 1722 1859 2712 
2049 1973 1972 2313 
2050 2102 2103 2705 
2051 1620 2019 2020 
2052 2096 2095 2097 
2053 1991 1989 2119 
2054 2320 2319 2323 
2055 2280 1665 2301 
2056 2245 1726 2583 
2057 2223 2440 2477 
2058 2158 2383 2384 
2059 2092 1735 2093 
2060 2453 2455 2467 
2061 2169 2242 2522 
2062 2094 2093 2095 
2063 2151 2290 2386 
2064 2003 2575 2642 
2065 1896 1894 1901 
2066 1837 1839 1844 
2067 1645 2286 2711 
2068 2374 2145 2375 
2069 2052 1638 2673 
2070 1804 1857 1946 
2071 2314 2313 2506 
2072 1692 1978 2648 
2073 178 179 1625 
2074 2497 1970 2498 
2075 2065 1989 2067 
2076 1946 1810 2588 
2077 1900 1822 2521 
2078 2151 2149 2153 
2079 22 1119 2681 
2080 1682 1843 2005 
2081 2076 2080 2702 
2082 1819 1822 1823 
2083 1672 2479 2535 
2084 2320 2323 2658 
2085 1963 2625 2645 
2086 2178 2241 2303 
2087 2166 2263 2283 
2088 2328 1641 2674 
2089 2734 2539 2757 
2090 2429 1668 2544 
2091 1998 1634 2612 
2092 177 178 1902 
2093 1726 2245 2621 
2094 2626 1862 2718 
2095 1754 1752 1757 
2096 2109 2367 2368 
2097 2124 2120 2307 
2098 1917 1918 1919 
2099 2107 2337 2338 
2100 2163 1731 2256 
2101 1689 1906 1907 
2102 2207 2204 2208 
2103 2192 2264 2544 
2104 121 1690 2730 
2105 1119 1722 2681 
2106 2274 2254 2426 
2107 1914 1938 1957 
2108 2057 1768 2058 
2109 1948 2007 2715 
2110 1839 1836 2679 
2111 1688 2058 2742 
2112 1967 1961 1968 
2113 125 126 1997 
2114 177 1902 1956 
2115 2084 2079 2085 
2116 2203 2201 2204 
2117 2117 1733 2161 
2118 101 102 2714 
2119 2130 2128 2580 
2120 1752 1750 1769 
2121 2242 2278 2403 
2122 186 1778 2744 
2123 1973 2314 2315 
2124 1119 1120 1722 
2125 1620 2020 2529 
2126 2282 2582 2670 
2127 850 849 1724 
2128 2408 2365 2748 
2129 2391 1655 2709 
2130 2241 2180 2267 
2131 840 841 1840 
2132 1712 1785 1786 
2133 1935 1934 1988 
2134 178 1625 1902 
2135 1898 1899 2595 
2136 1914 1916 1917 
2137 2076 2079 2084 
2138 1848 1820 2749 
2139 1960 1834 2758 
2140 1758 1779 2441 
2141 2090 2122 2723 
2142 2044 2521 2537 
2143 2254 2189 2426 
2144 1838 1960 2664 
2145 842 843 1986 
2146 844 845 1942 
2147 2198 2460 2617 
2148 175 176 1699 
2149 179 180 1955 
2150 2030 2029 2530 
2151 2242 2401 2522 
2152 2150 1718 2519 
2153 2155 2153 2156 
2154 2166 2168 2169 
2155 2120 2092 2338 
2156 2421 2290 2756 
2157 183 1698 2023 
2158 2521 2520 2541 
2159 1748 1843 2645 
2160 1902 1904 1956 
2161 12 1691 2734 
2162 2144 2147 2746 
2163 1142 1141 1778 
2164 2638 2409 2706 
2165 1944 1895 2524 
2166 2256 1731 2684 
2167 2169 2170 2171 
2168 1857 1808 2562 
2169 851 850 1978 
2170 2625 1769 2645 
2171 2007 1796 2715 
2172 2171 2173 2174 
2173 2242 2171 2277 
2174 2093 2094 2751 
2175 2114 1732 2572 
2176 2301 1665 2302 
2177 824 1693 1981 
2178 1877 1982 2485 
2179 850 1724 1978 
2180 1817 1697 1996 
2181 1971 1972 1973 
2182 1735 2092 2722 
2183 123 1712 2046 
2184 2297 2381 2556 
2185 1793 1790 2622 
2186 2174 2176 2177 
2187 2095 2096 2753 
2188 2138 2137 2139 
2189 990 2285 2647 
2190 839 840 1858 
2191 1976 1977 2503 
2192 1820 1764 2698 
2193 2525 1696 2739 
2194 2129 2130 2131 
2195 2260 2261 2262 
2196 2494 2493 2495 
2197 2211 2208 2212 
2198 2075 2074 2076 
2199 841 1713 1840 
2200 2241 2280 2301 
2201 2529 2528 2734 
2202 1804 1946 2588 
2203 1833 1861 2760 
2204 2202 2560 2589 
2205 176 177 1956 
2206 2392 2134 2748 
2207 2107 2094 2344 
2208 1824 1823 1825 
2209 852 851 1692 
2210 2003 2008 2009 
2211 1690 2046 2676 
2212 1950 1769 2625 
2213 2111 2104 2112 
2214 1137 1138 1709 
2215 1685 265 2757 
2216 2321 2489 2523 
2217 1776 1818 1819 
2218 2401 2402 2522 
2219 1797 1798 1800 
2220 1767 1792 1797 
2221 160 161 1780 
2222 2240 2258 2476 
2223 2166 2249 2263 
2224 161 1681 1780 
2225 2220 2246 2258 
2226 173 174 1623 
2227 2349 1645 2350 
2228 1807 2040 2628 
2229 2121 2106 2354 
2230 1785 1997 2712 
2231 1745 1742 2013 
2232 1733 2594 2608 
2233 2536 1700 2672 
2234 1700 2536 2591 
2235 1860 121 2730 
2236 1628 12 2734 
2237 1866 1865 1868 
2238 2265 2236 2282 
2239 2077 2349 2350 
2240 122 123 2046 
2241 1768 1756 1771 
2242 1702 1843 2553 
2243 1783 2576 2660 
2244 2380 2158 2584 
2245 2114 1719 2605 
2246 174 175 1965 
2247 2549 2422 2731 
2248 1687 1860 1952 
2249 2165 2284 2549 
2250 1849 1852 2576 
2251 1757 1775 1776 
2252 1681 14 1781 
2253 1661 2549 2618 
2254 1692 851 1978 
2255 1899 1952 2010 
2256 2560 2200 2661 
2257 1723 1139 1770 
2258 1771 1817 2536 
2259 158 159 1682 
2260 2126 2128 2129 
2261 2189 2186 2190 
2262 1734 106 2724 
2263 175 1699 1965 
2264 1986 1695 2567 
2265 1838 1958 2563 
2266 2175 2570 2619 
2267 1937 1721 2399 
2268 1121 1122 1694 
2269 2268 2272 2293 
2270 1945 1920 2034 
2271 1931 1930 1932 
2272 2207 2257 2717 
2273 2028 1900 2029 
2274 1826 1825 1827 
2275 1871 2509 2633 
2276 1853 1867 2660 
2277 1830 1829 1831 
2278 1850 1849 2576 
2279 2546 2357 2754 
2280 2071 2070 2072 
2281 2192 2190 2193 
2282 1722 1120 2015 
2283 1120 1121 2015 
2284 1732 2114 2605 
2285 2529 1691 2654 
2286 1931 1932 2752 
2287 1946 2603 2604 
2288 118 119 1898 
2289 2062 2061 2688 
2290 1853 1866 1867 
2291 2430 2554 2570 
2292 2092 2107 2338 
2293 1947 1948 2715 
2294 1840 1713 1888 
2295 1970 1994 2498 
2296 2003 2002 2613 
2297 2545 2227 2609 
2298 2161 1733 2580 
2299 855 854 1683 
2300 1695 1942 2597 
2301 1890 1891 1892 
2302 2243 2315 2316 
2303 1789 1788 1790 
2304 1892 1893 1894 
2305 854 853 1984 
2306 1944 1945 1985 
2307 2308 2120 2338 
2308 1864 1832 1865 
2309 2017 2016 2050 
2310 829 830 1996 
2311 2297 2123 2300 
2312 836 1626 2741 
2313 1124 1125 1684 
2314 1883 1970 1971 
2315 1712 1787 2046 
2316 1125 1126 1983 
2317 2022 2031 2528 
2318 1781 251 2025 
2319 1787 1786 1788 
2320 1880 1883 2550 
2321 182 183 2023 
2322 1699 2566 2624 
2323 1693 1740 1741 
2324 1828 1827 1829 
2325 119 1687 1898 
2326 1799 2573 2634 
2327 1886 1954 2563 
2328 1935 1991 2674 
2329 1981 1811 2710 
2330 1982 2514 2733 
2331 2427 2269 2463 
2332 159 160 1962 
2333 1695 1897 2567 
2334 1861 1824 2760 
2335 1852 1851 1853 
2336 1697 829 1996 
2337 172 173 1987 
2338 1815 1697 1816 
2339 1698 1951 2542 
2340 2196 2198 2704 
2341 1758 1743 1779 
2342 1123 1124 2033 
2343 2476 2475 2535 
2344 2059 2536 2672 
2345 1751 1773 2035 
2346 1127 1128 1633 
2347 1849 1848 1851 
2348 1625 179 1955 
2349 1791 1790 1793 
2350 1126 1127 1995 
2351 2627 2243 2678 
2352 856 855 2001 
2353 846 847 1905 
2354 1763 1765 1767 
2355 1764 1762 2527 
2356 1794 1793 1795 
2357 1807 1953 2040 
2358 2312 1924 2675 
2359 2261 2225 2545 
2360 2239 1729 2560 
2361 2424 2426 2743 
2362 2115 2356 2395 
2363 2165 2283 2284 
2364 2530 2029 2532 
2365 1128 1129 1999 
2366 2216 2275 2671 
2367 823 1981 2710 
2368 2198 2196 2199 
2369 2189 2252 2426 
2370 1129 1130 1704 
2371 2227 2228 2610 
2372 840 1840 1858 
2373 1766 1764 1820 
2374 1907 2524 2596 
2375 1747 1723 1811 
2376 1859 1785 2712 
2377 2221 2224 2225 
2378 2474 2257 2663 
2379 253 254 2004 
2380 1638 2311 2673 
2381 1136 1137 1979 
2382 160 1780 1962 
2383 2080 2287 2711 
2384 2252 2192 2544 
2385 2528 2539 2734 
2386 1130 1131 2000 
2387 2186 2189 2736 
2388 2156 2163 2164 
2389 2316 2494 2495 
2390 1626 148 2742 
2391 1842 186 2744 
2392 1708 2019 2557 
2393 2118 2086 2546 
2394 1982 1873 2514 
2395 1131 1132 1632 
2396 2069 1737 2729 
2397 2328 2674 2726 
2398 2225 2226 2227 
2399 171 172 1701 
2400 2281 2282 2670 
2401 1922 1919 1923 
2402 1731 2154 2636 
2403 857 856 1705 
2404 2275 2267 2671 
2405 2274 2426 2445 
2406 2253 2165 2549 
2407 1716 2295 2589 
2408 1898 1687 1899 
2409 2083 2075 2349 
2410 2053 2052 2673 
2411 1900 2521 2541 
2412 1913 1993 1998 
2413 2283 2263 2285 
2414 1693 1758 1981 
2415 2295 1716 2621 
2416 2115 2103 2297 
2417 2125 2126 2606 
2418 1680 182 2023 
2419 2229 2235 2236 
2420 1711 1744 1768 
2421 2508 1869 2739 
2422 2521 1822 2537 
2423 1810 1800 1947 
2424 2651 2272 2755 
2425 2255 2374 2677 
2426 2599 1717 2600 
2427 1620 2529 2700 
2428 2111 2125 2547 
2429 1987 1967 2050 
2430 1132 1133 2006 
2431 2188 2254 2272 
2432 1907 1908 2524 
2433 2259 2234 2260 
2434 2514 1854 2515 
2435 1754 1757 1777 
2436 2530 1622 2531 
2437 2455 2523 2641 
2438 2544 2461 2743 
2439 2248 2207 2717 
2440 1893 1897 2596 
2441 1623 1967 1987 
2442 1907 1906 1908 
2443 1121 1694 2015 
2444 1997 126 2681 
2445 2154 2602 2636 
2446 2409 2408 2748 
2447 858 857 2014 
2448 1929 1927 1930 
2449 1699 176 1956 
2450 2051 1637 2675 
2451 1683 1901 2552 
2452 1855 2514 2515 
2453 2263 2249 2568 
2454 2251 2240 2535 
2455 847 1738 1905 
2456 2532 2029 2541 
2457 157 158 2005 
2458 1133 1134 1707 
2459 2128 2161 2580 
2460 2267 2275 2279 
2461 1888 1889 1890 
2462 1821 1820 1848 
2463 2524 1895 2596 
2464 2584 2158 2746 
2465 1743 1746 1779 
2466 1803 1804 2588 
2467 2392 2391 2709 
2468 2346 2083 2691 
2469 2216 2268 2273 
2470 852 1692 2533 
2471 2270 2429 2544 
2472 2158 2384 2419 
2473 853 852 2533 
2474 2134 2132 2135 
2475 2298 2215 2299 
2476 1137 1709 1979 
2477 2053 1929 2054 
2478 859 858 1634 
2479 2340 2107 2344 
2480 117 118 1739 
2481 1134 1135 2024 
2482 847 848 1738 
2483 1818 2026 2561 
2484 1683 854 1984 
2485 1823 1900 2028 
2486 1663 2404 2750 
2487 1713 842 1986 
2488 2280 2279 2759 
2489 1712 1786 1787 
2490 2174 2184 2721 
2491 2531 1622 2685 
2492 2134 2135 2706 
2493 170 171 2016 
2494 2180 2177 2181 
2495 251 252 2025 
2496 1708 2018 2019 
2497 1799 2635 2669 
2498 2216 2273 2275 
2499 2087 2085 2091 
2500 2243 2317 2538 
2501 2595 1899 2668 
2502 1843 1682 1963 
2503 1135 1136 1631 
2504 1892 1891 1893 
2505 173 1623 1987 
2506 1961 1967 2708 
2507 1926 1923 1927 
2508 1962 1780 2625 
2509 2058 2741 2742 
2510 1734 2122 2585 
2511 1623 174 1965 
2512 855 1683 2001 
2513 1787 1788 1789 
2514 2058 1768 2059 
2515 1655 2390 2709 
2516 1648 2308 2361 
2517 1745 2013 2037 
2518 1721 1937 2398 
2519 1124 1684 2033 
2520 2076 2078 2079 
2521 1783 2281 2670 
2522 1777 1861 1862 
2523 1639 2055 2063 
2524 1973 2313 2314 
2525 2575 2576 2642 
2526 1684 1125 1983 
2527 1782 2003 2642 
2528 860 859 2038 
2529 2097 2099 2100 
2530 1957 1938 2650 
2531 2182 2181 2185 
2532 2136 2580 2608 
2533 1122 1123 2548 
2534 2293 2272 2651 
2535 1761 1763 2693 
2536 2198 2291 2459 
2537 2323 1084 2658 
2538 1764 2527 2698 
2539 2402 2249 2522 
2540 2193 2196 2704 
2541 1884 1680 1885 
2542 1816 1697 1817 
2543 2212 2218 2219 
2544 1968 2017 2050 
2545 1890 1889 1891 
2546 2600 1728 2601 
2547 1649 2340 2364 
2548 1834 1961 2758 
2549 1789 1790 1791 
2550 2087 2124 2305 
2551 1837 1844 1845 
2552 1800 1801 1947 
2553 2267 2180 2671 
2554 1940 2330 2587 
2555 2116 2356 2371 
2556 1867 1866 2581 
2557 2028 2029 2030 
2558 2123 2111 2547 
2559 1983 1126 1995 
2560 2439 2238 2440 
2561 2142 2158 2419 
2562 2688 2048 2692 
2563 830 831 1624 
2564 1797 1792 1798 
2565 1984 853 2533 
2566 1694 1122 2548 
2567 2467 2455 2641 
2568 1868 1871 1872 
2569 2270 2264 2695 
2570 1127 1633 1995 
2571 1872 1873 1875 
2572 1895 1893 2596 
2573 2155 2394 2756 
2574 2085 2090 2091 
2575 2264 2194 2269 
2576 1875 1877 1878 
2577 2268 2188 2272 
2578 2440 2259 2578 
2579 2020 2528 2529 
2580 169 170 1630 
2581 1867 2281 2660 
2582 1648 2307 2308 
2583 1780 1681 1950 
2584 1633 1128 1999 
2585 2644 2288 2707 
2586 156 157 1702 
2587 1791 1793 1794 
2588 1767 1765 1792 
2589 1925 2047 2688 
2590 2135 2159 2706 
2591 2228 2229 2610 
2592 861 860 1915 
2593 1673 2439 2478 
2594 1884 1885 1886 
2595 1815 1816 1847 
2596 2086 2304 2306 
2597 2186 2185 2239 
2598 2056 1640 2325 
2599 1790 1805 2622 
2600 1947 1803 2588 
2601 1744 1749 1756 
2602 1129 1704 1999 
2603 1901 1894 1985 
2604 2240 2476 2535 
2605 2599 2600 2601 
2606 1639 2054 2055 
2607 1914 1912 1916 
2608 1936 2056 2325 
2609 1020 2293 2651 
2610 1811 1723 2710 
2611 1959 2664 2758 
2612 2549 2284 2618 
2613 2337 2308 2338 
2614 1631 1979 2592 
2615 1705 856 2001 
2616 1791 1794 1806 
2617 1641 2329 2674 
2618 2349 2077 2691 
2619 2101 2115 2395 
2620 1800 1798 1801 
2621 1947 1801 1948 
2622 2343 2340 2344 
2623 2570 2302 2619 
2624 2131 2130 2132 
2625 2339 2107 2340 
2626 865 864 1939 
2627 1704 1130 2000 
2628 252 253 1619 
2629 862 861 2049 
2630 1695 844 1942 
2631 2009 1949 2669 
2632 1951 1842 2579 
2633 1649 2339 2340 
2634 1938 1917 2692 
2635 2026 1775 2564 
2636 1751 1753 1773 
2637 1634 2014 2612 
2638 2542 1951 2579 
2639 1123 2033 2548 
2640 1737 2036 2649 
2641 1908 1909 1910 
2642 2238 2259 2440 
2643 1893 1891 1897 
2644 1756 1749 2035 
2645 2116 2355 2356 
2646 2182 2216 2671 
2647 864 863 2043 
2648 941 2300 2646 
2649 1890 1892 2648 
2650 2262 2449 2450 
2651 1131 1632 2000 
2652 1888 1713 1889 
2653 2018 1708 2483 
2654 833 834 2703 
2655 866 865 2060 
2656 2139 2140 2141 
2657 2031 2530 2531 
2658 2159 2638 2706 
2659 869 868 1925 
2660 2419 2384 2586 
2661 2250 2178 2303 
2662 1926 2053 2673 
2663 863 862 1635 
2664 2109 2344 2753 
2665 1739 1898 2595 
2666 2264 2269 2695 
2667 873 872 1924 
2668 868 867 2047 
2669 870 869 2061 
2670 1771 1772 2637 
2671 1917 1916 1918 
2672 1686 835 2741 
2673 1902 1903 1904 
2674 2008 2003 2613 
2675 2129 2128 2130 
2676 872 871 2051 
2677 874 873 2311 
2678 1861 1833 1862 
2679 2155 2292 2394 
2680 877 876 1928 
2681 867 866 1636 
2682 2072 2073 2074 
2683 871 870 1637 
2684 1863 2626 2718 
2685 2304 2087 2305 
2686 881 880 1936 
2687 876 875 2052 
2688 878 877 2324 
2689 875 874 1638 
2690 879 878 1639 
2691 883 882 1640 
2692 885 884 1941 
2693 880 879 2063 
2694 882 881 2325 
2695 1673 2438 2439 
2696 884 883 2326 
2697 889 888 1990 
2698 887 886 1641 
2699 1845 1844 2039 
2700 893 892 2310 
2701 891 890 1642 
2702 892 891 2064 
2703 895 894 1643 
2704 886 885 2329 
2705 2090 2079 2122 
2706 2576 1783 2642 
2707 897 896 2082 
2708 1701 172 1987 
2709 888 887 2328 
2710 890 889 2331 
2711 2059 1771 2536 
2712 894 893 2332 
2713 896 895 2334 
2714 901 900 2077 
2715 899 898 1644 
2716 905 904 2081 
2717 906 905 2327 
2718 903 902 1645 
2719 908 907 1646 
2720 898 897 2345 
2721 2482 2129 2526 
2722 900 899 2341 
2723 910 909 2089 
2724 902 901 2350 
2725 904 903 2348 
2726 907 906 2351 
2727 916 915 2088 
2728 909 908 2357 
2729 914 913 2333 
2730 913 912 1647 
2731 918 917 1648 
2732 923 922 1649 
2733 1902 1625 1903 
2734 921 920 2336 
2735 2125 2112 2126 
2736 920 919 2108 
2737 915 914 2358 
2738 2260 2234 2261 
2739 917 916 2359 
2740 158 1682 2005 
2741 1736 2032 2574 
2742 925 924 2110 
2743 926 925 2342 
2744 1919 1918 1937 
2745 930 929 2098 
2746 922 921 2360 
2747 919 918 2361 
2748 931 930 2347 
2749 924 923 2364 
2750 1632 1132 2006 
2751 928 927 1650 
2752 933 932 1651 
2753 938 937 1652 
2754 934 933 2352 
2755 936 935 2116 
2756 927 926 2369 
2757 929 928 2366 
2758 932 931 2370 
2759 940 939 2105 
2760 937 936 2371 
2761 935 934 2372 
2762 939 938 2381 
2763 944 943 2363 
2764 946 945 2113 
2765 950 949 2127 
2766 943 942 1653 
2767 951 950 2362 
2768 948 947 1654 
2769 953 952 1655 
2770 955 954 2133 
2771 956 955 2365 
2772 945 944 2387 
2773 947 946 2389 
2774 949 948 2388 
2775 952 951 2390 
2776 961 960 2160 
2777 954 953 2391 
2778 959 958 2376 
2779 965 964 2146 
2780 958 957 1656 
2781 966 965 2373 
2782 963 962 1657 
2783 968 967 1658 
2784 974 973 1659 
2785 969 968 2377 
2786 971 970 2143 
2787 1627 1815 1847 
2788 957 956 2408 
2789 972 971 2382 
2790 960 959 2405 
2791 975 974 2378 
2792 1819 1823 1824 
2793 962 961 2410 
2794 977 976 2148 
2795 964 963 2407 
2796 967 966 2412 
2797 2261 2545 2659 
2798 978 977 2385 
2799 970 969 2414 
2800 973 972 2413 
2801 983 982 2152 
2802 984 983 2393 
2803 989 988 2157 
2804 981 980 2396 
2805 980 979 1660 
2806 976 975 2418 
2807 986 985 1661 
2808 992 991 1662 
2809 2365 2133 2748 
2810 993 992 2397 
2811 995 994 2167 
2812 979 978 2421 
2813 996 995 2400 
2814 982 981 2420 
2815 1001 1000 2172 
2816 985 984 2422 
2817 1002 1001 2406 
2818 994 993 2423 
2819 1007 1006 2175 
2820 1777 1862 1964 
2821 1005 1004 2415 
2822 998 997 1663 
2823 1004 1003 1664 
2824 1010 1009 1665 
2825 1016 1015 1666 
2826 1013 1012 2179 
2827 1011 1010 2416 
2828 997 996 2431 
2829 1017 1016 2417 
2830 1006 1005 2430 
2831 1003 1002 2432 
2832 1019 1018 2183 
2833 1012 1011 2433 
2834 1025 1024 2187 
2835 857 1705 2014 
2836 1026 1025 2424 
2837 1023 1022 2425 
2838 1022 1021 1667 
2839 1904 1959 2566 
2840 1018 1017 2444 
2841 1031 1030 2191 
2842 1032 1031 2427 
2843 1029 1028 2429 
2844 1038 1037 2195 
2845 1028 1027 1668 
2846 1036 1035 2197 
2847 1034 1033 1669 
2848 1041 1040 1670 
2849 1039 1038 2428 
2850 2106 2097 2690 
2851 1043 1042 2206 
2852 2048 1938 2692 
2853 1024 1023 2445 
2854 1799 2634 2635 
2855 1027 1026 2461 
2856 1030 1029 2456 
2857 1033 1032 2463 
2858 1037 1036 2458 
2859 1035 1034 2462 
2860 1040 1039 2464 
2861 1045 1044 2205 
2862 1042 1041 2465 
2863 1046 1045 2434 
2864 1052 1051 2209 
2865 1053 1052 2435 
2866 1050 1049 2210 
2867 1059 1058 2213 
2868 1048 1047 1671 
2869 1060 1059 2436 
2870 1057 1056 2214 
2871 1066 1065 2222 
2872 1067 1066 2442 
2873 1064 1063 2223 
2874 1055 1054 1672 
2875 1062 1061 1673 
2876 1069 1068 1674 
2877 1894 1893 1895 
2878 1044 1043 2468 
2879 2166 2164 2168 
2880 1714 24 2039 
2881 1070 1069 2443 
2882 1051 1050 2469 
2883 1047 1046 2473 
2884 1747 1811 2441 
2885 1049 1048 2471 
2886 1072 1071 2233 
2887 1058 1057 2472 
2888 1054 1053 2479 
2889 1061 1060 2480 
2890 1056 1055 2475 
2891 1074 1073 2457 
2892 1065 1064 2477 
2893 1068 1067 2481 
2894 1063 1062 2478 
2895 1073 1072 2446 
2896 1847 1742 2745 
2897 1079 1078 2231 
2898 1081 1080 2322 
2899 1077 1076 2466 
2900 1071 1070 2486 
2901 1076 1075 1675 
2902 1086 1085 2244 
2903 1083 1082 1676 
2904 1090 1089 1677 
2905 1098 1097 1678 
2906 2317 2320 2321 
2907 1088 1087 2318 
2908 1075 1074 2491 
2909 1080 1079 2488 
2910 1078 1077 2487 
2911 2448 2453 2737 
2912 1622 2530 2532 
2913 1082 1081 2492 
2914 1092 1091 1882 
2915 1087 1086 2499 
2916 1089 1088 2493 
2917 1100 1099 1876 
2918 1091 1090 2500 
2919 1099 1098 2501 
2920 1106 1105 1679 
2921 1096 1095 1975 
2922 1094 1093 1881 
2923 1117 1116 1696 
2924 2104 2117 2161 
2925 1097 1096 2496 
2926 2085 2079 2090 
2927 1104 1103 1977 
2928 1093 1092 2505 
2929 1102 1101 1874 
2930 1107 1106 2484 
2931 1979 1980 2592 
2932 168 169 2483 
2933 1095 1094 2504 
2934 1101 1100 2511 
2935 1105 1104 2502 
2936 1109 1108 1855 
2937 1113 1112 1856 
2938 1103 1102 2510 
2939 1932 1933 1934 
2940 1108 1107 2512 
2941 1111 1110 1854 
2942 1746 1774 2527 
2943 1796 2007 2010 
2944 1116 1115 2507 
2945 2536 1624 2591 
2946 1110 1109 2515 
2947 1115 1114 1870 
2948 1112 1111 2513 
2949 254 255 2044 
2950 1114 1113 2516 
2951 2241 2301 2303 
2952 1838 1954 2683 
2953 2455 2454 2523 
2954 2443 1674 2450 
2955 2169 2168 2170 
2956 2616 1735 2723 
2957 1729 2239 2559 
2958 2315 2243 2627 
2959 1889 1713 1986 
2960 826 1627 2656 
2961 2010 2007 2668 
2962 2171 2170 2173 
2963 1737 1988 2036 
2964 2199 2200 2201 
2965 2517 2525 2739 
2966 2020 2022 2528 
2967 2122 1734 2723 
2968 155 156 1992 
2969 2066 2068 2689 
2970 1832 1831 2011 
2971 1118 1117 2525 
2972 2174 2173 2176 
2973 2545 2232 2659 
2974 987 986 2618 
2975 1008 1007 2619 
2976 255 256 1703 
2977 1824 1825 1826 
2978 1896 1984 2533 
2979 2311 2312 2673 
2980 1133 1707 2006 
2981 2221 2238 2593 
2982 1682 159 1962 
2983 911 910 2620 
2984 2181 2177 2598 
2985 1623 1966 1967 
2986 24 1118 1846 
2987 1735 2090 2723 
2988 1631 1136 1979 
2989 1887 1680 2023 
2990 2446 2448 2457 
2991 2307 1648 2359 
2992 2288 2289 2707 
2993 2135 2136 2137 
2994 1640 2056 2587 
2995 1009 1008 2639 
2996 2064 2066 2310 
2997 2356 2115 2556 
2998 988 987 2640 
2999 1972 2497 2682 
3000 2008 1949 2009 
3001 1689 1905 1906 
3002 1721 2398 2714 
3003 1014 1013 2631 
3004 2088 2307 2359 
3005 1904 1958 1959 
3006 1979 1709 1980 
3007 2066 2067 2068 
3008 2459 2291 2725 
3009 1634 858 2014 
3010 2112 2104 2161 
3011 1741 1740 1742 
3012 2068 2069 2070 
3013 1794 1795 1796 
3014 2027 1871 2633 
3015 1739 118 1898 
3016 1864 1865 1866 
3017 2450 1674 2451 
3018 2281 1867 2697 
3019 1630 2018 2483 
3020 2514 1855 2733 
3021 1826 1827 1828 
3022 1637 2062 2675 
3023 2212 2240 2623 
3024 2238 2246 2593 
3025 2029 1900 2541 
3026 2449 2443 2450 
3027 2023 1698 2577 
3028 1766 1820 1821 
3029 2094 2107 2751 
3030 1750 1748 2645 
3031 167 168 1708 
3032 1693 1741 1758 
3033 1829 2683 2728 
3034 2104 2102 2117 
3035 1995 1633 2562 
3036 1707 1134 2024 
3037 2147 2584 2746 
3038 2448 2452 2453 
3039 1866 1868 2581 
3040 1733 2117 2572 
3041 2291 2215 2298 
3042 2126 2112 2128 
3043 1932 1940 2752 
3044 2064 2065 2066 
3045 2309 2248 2534 
3046 2380 1659 2413 
3047 1830 1831 1832 
3048 1828 1829 1830 
3049 256 257 2520 
3050 912 911 2657 
3051 832 833 1700 
3052 1974 1973 2315 
3053 149 1688 2742 
3054 171 1701 2016 
3055 2054 1639 2324 
3056 2317 2319 2320 
3057 2006 1707 2040 
3058 2011 1845 2012 
3059 2014 2034 2612 
3060 1963 1962 2625 
3061 1763 1764 1765 
3062 2046 1787 2676 
3063 1000 999 2643 
3064 2555 1909 2699 
3065 1885 1680 1887 
3066 1710 1621 1711 
3067 2454 2609 2720 
3068 1928 2054 2324 
3069 2446 2447 2448 
3070 1689 846 1905 
3071 1873 2027 2514 
3072 1787 1789 2676 
3073 2075 2286 2349 
3074 1698 2542 2577 
3075 1789 1791 2543 
3076 991 990 2647 
3077 2560 1729 2589 
3078 2028 1835 2694 
3079 257 258 1629 
3080 1831 1837 2011 
3081 1897 1891 2567 
3082 2379 1659 2380 
3083 1761 1762 1763 
3084 1791 1806 2543 
3085 2221 2219 2224 
3086 1849 1851 1852 
3087 2542 1839 2577 
3088 1928 2053 2054 
3089 2010 1952 2607 
3090 1781 2025 2026 
3091 2438 2246 2439 
3092 1015 1014 2667 
3093 2147 2162 2584 
3094 2150 2519 2713 
3095 2156 2153 2163 
3096 2278 2277 2288 
3097 831 832 2591 
3098 830 1624 1996 
3099 1810 1947 2588 
3100 1763 1762 1764 
3101 2339 1649 2360 
3102 1135 1631 2024 
3103 262 263 2685 
3104 2119 1642 2331 
3105 2096 2109 2753 
3106 1837 1845 2011 
3107 1958 1838 2664 
3108 1709 1138 2662 
3109 2065 1642 2119 
3110 2278 2288 2644 
3111 2485 1982 2733 
3112 2355 2116 2372 
3113 859 1634 2038 
3114 2249 2169 2522 
3115 2034 1920 2612 
3116 2539 1685 2757 
3117 942 941 2646 
3118 2336 2339 2360 
3119 2451 1674 2481 
3120 2310 2066 2332 
3121 1847 1816 2013 
3122 1990 2119 2331 
3123 2281 2266 2282 
3124 1625 1955 2653 
3125 1021 1020 2651 
3126 2425 1667 2755 
3127 2020 2021 2022 
3128 2225 2224 2226 
3129 2352 2355 2372 
3130 2368 1650 2369 
3131 164 165 2700 
3132 2291 2298 2725 
3133 1894 1895 1985 
3134 2354 1651 2370 
3135 2664 1960 2758 
3136 2442 2451 2481 
3137 1771 1756 1772 
3138 2164 2163 2256 
3139 2227 2226 2228 
3140 2047 2048 2688 
3141 2367 1650 2368 
3142 1921 2688 2692 
3143 1688 1710 2057 
3144 1770 823 2710 
3145 267 1628 2757 
3146 1084 1083 2658 
3147 2353 1651 2354 
3148 1801 1798 2669 
3149 2336 2337 2339 
3150 2474 2534 2717 
3151 2307 2088 2666 
3152 2149 2144 2154 
3153 2342 2368 2369 
3154 2014 1705 2034 
3155 2229 2228 2235 
3156 1743 1742 1745 
3157 126 22 2681 
3158 2403 1663 2431 
3159 1954 1836 2683 
3160 2347 2354 2370 
3161 2428 2298 2464 
3162 1955 1886 2653 
3163 2342 2343 2368 
3164 2390 2526 2709 
3165 2352 2353 2355 
3166 2236 2235 2582 
3167 2301 2302 2303 
3168 2384 2143 2414 
3169 1920 1998 2612 
3170 1774 2629 2749 
3171 1759 1761 2662 
3172 1821 1848 1849 
3173 2119 1990 2726 
3174 1850 2575 2635 
3175 2184 2277 2721 
3176 2400 2403 2431 
3177 1796 2010 2607 
3178 1908 1906 1909 
3179 2402 2167 2423 
3180 2290 2155 2756 
3181 1952 1806 2607 
3182 1781 2026 2564 
3183 2383 2143 2384 
3184 1749 1751 2035 
3185 2097 2095 2099 
3186 2286 2080 2711 
3187 2438 1673 2480 
3188 2503 1977 2510 
3189 2377 2384 2414 
3190 258 259 2540 
3191 1852 1853 2660 
3192 1971 1973 1974 
3193 2076 2074 2078 
3194 1742 1740 2745 
3195 2490 1676 2492 
3196 2001 1683 2552 
3197 2401 2167 2402 
3198 2219 2218 2271 
3199 2384 2377 2586 
3200 2103 2123 2297 
3201 2397 2402 2423 
3202 2460 2197 2462 
3203 1879 1878 1880 
3204 1948 1801 1949 
3205 2498 1876 2501 
3206 1646 2351 2754 
3207 23 1723 1747 
3208 2436 2438 2480 
3209 1765 1764 1766 
3210 1948 1949 2007 
3211 1874 2503 2510 
3212 2092 2120 2722 
3213 2239 2185 2559 
3214 1922 2312 2675 
3215 2400 2401 2403 
3216 2354 2347 2738 
3217 2402 2397 2568 
3218 2322 2490 2492 
3219 1988 1934 2036 
3220 166 167 2557 
3221 2449 2233 2486 
3222 2459 2197 2460 
3223 1669 2460 2462 
3224 1678 2498 2501 
3225 2083 2349 2691 
3226 2398 1784 2714 
3227 2451 2442 2578 
3228 2395 2106 2690 
3229 2266 2281 2697 
3230 2740 1686 2741 
3231 2277 2171 2721 
3232 2443 2449 2486 
3233 2329 2330 2674 
3234 2447 2233 2449 
3235 2079 2078 2122 
3236 2212 2208 2218 
3237 1630 2017 2018 
3238 2054 1929 2055 
3239 2436 2437 2438 
3240 2382 2380 2413 
3241 1704 2000 2603 
3242 1937 1918 2398 
3243 2509 1870 2516 
3244 2204 2201 2294 
3245 259 260 1706 
3246 1915 860 2038 
3247 2100 2099 2114 
3248 2322 2489 2490 
3249 1723 1770 2710 
3250 2636 2602 2713 
3251 2509 1856 2633 
3252 1751 1750 1752 
3253 1912 1910 2041 
3254 1678 2497 2498 
3255 2269 2427 2695 
3256 1702 157 2005 
3257 1856 2509 2516 
3258 1623 1965 1966 
3259 2240 2251 2623 
3260 2635 2009 2669 
3261 1753 1754 1755 
3262 2074 2073 2296 
3263 2463 2269 2735 
3264 154 155 2569 
3265 2042 1835 2665 
3266 2139 2137 2140 
3267 2508 1870 2509 
3268 1798 1792 1799 
3269 2072 2070 2073 
3270 2237 2627 2678 
3271 1753 1752 1754 
3272 2321 2523 2720 
3273 2457 2448 2491 
3274 2380 2382 2383 
3275 1796 1795 2715 
3276 1749 1748 1750 
3277 1932 1930 1933 
3278 2033 1813 2548 
3279 1630 170 2016 
3280 1696 2507 2739 
3281 2585 2122 2727 
3282 1886 1885 1954 
3283 2134 2409 2748 
3284 2503 1874 2747 
3285 1936 2063 2716 
3286 2613 2595 2668 
3287 2107 2092 2751 
3288 2162 2379 2584 
3289 2249 2402 2568 
3290 999 998 2750 
3291 1923 1919 1937 
3292 832 1700 2591 
3293 1891 1889 2567 
3294 2045 1851 2626 
3295 2056 1936 2716 
3296 2141 2140 2150 
3297 1835 2042 2655 
3298 2190 2186 2239 
3299 2133 2392 2748 
3300 2063 2055 2716 
3301 2313 1972 2682 
3302 2103 2115 2705 
3303 2007 2008 2668 
3304 1681 1781 2564 
3305 2698 1774 2749 
3306 2177 2176 2598 
3307 2199 2196 2200 
3308 1934 1933 2032 
3309 1823 2028 2694 
3310 1772 2035 2037 
3311 2137 2136 2518 
3312 2375 2419 2586 
3313 861 1915 2049 
3314 2004 254 2044 
3315 252 1619 2025 
3316 2135 2132 2136 
3317 1738 2555 2699 
3318 2262 2447 2449 
3319 2042 1834 2655 
3320 165 166 1620 
3321 2575 1850 2576 
3322 1826 1828 1833 
3323 1821 1849 1850 
3324 2131 2392 2709 
3325 1643 2332 2689 
3326 260 261 2565 
3327 1761 1760 1762 
3328 2582 2235 2583 
3329 1921 2062 2688 
3330 2068 2067 2069 
3331 2066 2065 2067 
3332 1830 1832 1863 
3333 2317 2321 2538 
3334 2577 1839 2679 
3335 2228 2226 2245 
3336 2224 2219 2271 
3337 2246 2220 2593 
3338 1622 2532 2565 
3339 2201 2200 2202 
3340 1863 1832 1864 
3341 1916 1912 2041 
3342 2396 1660 2756 
3343 2581 2696 2697 
3344 1904 1903 1958 
3345 2356 2355 2395 
3346 1682 1962 1963 
3347 2333 2305 2358 
3348 1965 1699 2624 
3349 1669 2463 2735 
3350 1939 864 2043 
3351 163 164 2654 
3352 1798 1799 2669 
3353 2168 2164 2256 
3354 1889 1986 2567 
3355 2185 2181 2217 
3356 2447 2262 2452 
3357 2083 2346 2687 
3358 2173 2170 2247 
3359 865 1939 2060 
3360 2379 2380 2584 
3361 2109 2343 2344 
3362 23 1747 1759 
3363 1863 1864 2045 
3364 1635 862 2049 
3365 2519 1730 2713 
3366 2128 2112 2161 
3367 2448 2447 2452 
3368 1875 1878 1879 
3369 1868 1872 2581 
3370 2441 1779 2701 
3371 1843 1963 2645 
3372 1974 2315 2627 
3373 2100 2114 2571 
3374 2292 2253 2731 
3375 1619 253 2004 
3376 863 1635 2043 
3377 2020 2019 2021 
3378 2543 1806 2730 
3379 2231 2487 2641 
3380 2000 1632 2604 
3381 1716 2589 2590 
3382 261 262 1622 
3383 1749 1750 1751 
3384 1688 2057 2058 
3385 1744 1725 1748 
3386 1925 868 2047 
3387 869 1925 2061 
3388 2158 2142 2746 
3389 2007 1949 2008 
3390 2305 2124 2666 
3391 1636 866 2060 
3392 2552 1945 2686 
3393 2319 2316 2495 
3394 1751 1752 1753 
3395 1795 1803 2715 
3396 1905 1738 2699 
3397 1924 872 2051 
3398 1879 1880 2266 
3399 873 1924 2311 
3400 867 1636 2047 
3401 1743 1745 1746 
3402 1637 870 2061 
3403 1910 1909 2630 
3404 2251 2211 2623 
3405 2632 1731 2636 
3406 2454 2232 2609 
3407 2120 2091 2722 
3408 871 1637 2051 
3409 2008 2613 2668 
3410 2417 2273 2444 
3411 1928 876 2052 
3412 877 1928 2324 
3413 1638 874 2311 
3414 2217 2181 2598 
3415 2596 1897 2597 
3416 881 1936 2325 
3417 1936 880 2063 
3418 875 1638 2052 
3419 1639 878 2324 
3420 2153 2149 2551 
3421 879 1639 2063 
3422 1640 882 2325 
3423 883 1640 2326 
3424 1941 884 2326 
3425 1741 1742 1743 
3426 1748 1725 2553 
3427 885 1941 2329 
3428 169 1630 2483 
3429 1641 886 2329 
3430 1990 888 2328 
3431 887 1641 2328 
3432 889 1990 2331 
3433 892 2064 2310 
3434 891 1642 2064 
3435 1642 890 2331 
3436 2068 2335 2689 
3437 893 2310 2332 
3438 1643 894 2332 
3439 895 1643 2334 
3440 2082 896 2334 
3441 834 835 1686 
3442 897 2082 2345 
3443 1644 898 2345 
3444 2077 900 2341 
3445 901 2077 2350 
3446 1725 1621 2569 
3447 899 1644 2341 
3448 905 2081 2327 
3449 1645 902 2350 
3450 2081 904 2348 
3451 906 2327 2351 
3452 903 1645 2348 
3453 1646 907 2351 
3454 908 1646 2357 
3455 2089 909 2357 
3456 1772 1756 2035 
3457 2117 2571 2572 
3458 2088 915 2358 
3459 916 2088 2359 
3460 913 1647 2333 
3461 1720 2585 2727 
3462 914 2333 2358 
3463 2032 1736 2036 
3464 1648 917 2359 
3465 920 2108 2336 
3466 918 1648 2361 
3467 1649 922 2360 
3468 921 2336 2360 
3469 2108 919 2361 
3470 923 1649 2364 
3471 925 2110 2342 
3472 2110 924 2364 
3473 2672 1686 2740 
3474 930 2098 2347 
3475 2616 2723 2724 
3476 926 2342 2369 
3477 2098 929 2366 
3478 931 2347 2370 
3479 1650 927 2369 
3480 928 1650 2366 
3481 933 1651 2352 
3482 1651 932 2370 
3483 2437 2246 2438 
3484 1806 1794 2607 
3485 1652 937 2371 
3486 934 2352 2372 
3487 936 2116 2371 
3488 938 1652 2381 
3489 2116 935 2372 
3490 2105 939 2381 
3491 2102 2100 2571 
3492 2303 2302 2570 
3493 2019 2018 2558 
3494 943 1653 2363 
3495 950 2127 2362 
3496 944 2363 2387 
3497 2113 945 2387 
3498 946 2113 2389 
3499 1909 2555 2630 
3500 2127 949 2388 
3501 951 2362 2390 
3502 1654 947 2389 
3503 948 1654 2388 
3504 1655 952 2390 
3505 953 1655 2391 
3506 1883 1971 2550 
3507 2133 954 2391 
3508 955 2133 2365 
3509 2587 2056 2752 
3510 1737 2649 2652 
3511 956 2365 2408 
3512 2160 960 2405 
3513 961 2160 2410 
3514 958 1656 2376 
3515 959 2376 2405 
3516 965 2146 2373 
3517 1656 957 2408 
3518 2146 964 2407 
3519 2185 2217 2559 
3520 1657 962 2410 
3521 968 1658 2377 
3522 966 2373 2412 
3523 963 1657 2407 
3524 1658 967 2412 
3525 2078 2074 2296 
3526 974 1659 2378 
3527 971 2143 2382 
3528 1659 973 2413 
3529 969 2377 2414 
3530 1774 1773 2629 
3531 2143 970 2414 
3532 972 2382 2413 
3533 2404 2278 2644 
3534 975 2378 2418 
3535 2582 1715 2670 
3536 2148 976 2418 
3537 977 2148 2385 
3538 2022 2021 2665 
3539 983 2152 2393 
3540 978 2385 2421 
3541 1903 1625 2653 
3542 980 1660 2396 
3543 2152 982 2420 
3544 981 2396 2420 
3545 1992 1725 2569 
3546 1660 979 2421 
3547 984 2393 2422 
3548 992 1662 2397 
3549 1661 985 2422 
3550 993 2397 2423 
3551 2167 994 2423 
3552 995 2167 2400 
3553 910 2089 2620 
3554 1001 2172 2406 
3555 2332 2066 2689 
3556 996 2400 2431 
3557 2047 1636 2048 
3558 1002 2406 2432 
3559 2175 1006 2430 
3560 1663 997 2431 
3561 1005 2415 2430 
3562 1004 1664 2415 
3563 1664 1003 2432 
3564 1010 1665 2416 
3565 1016 1666 2417 
3566 2179 1012 2433 
3567 1011 2416 2433 
3568 2210 2471 2663 
3569 1843 1748 2553 
3570 1017 2417 2444 
3571 1792 1765 2573 
3572 2183 1018 2444 
3573 1733 2572 2594 
3574 1025 2187 2424 
3575 1022 1667 2425 
3576 2187 1024 2445 
3577 1023 2425 2445 
3578 1031 2191 2427 
3579 1026 2424 2461 
3580 1028 1668 2429 
3581 1038 2195 2428 
3582 1675 2491 2737 
3583 1668 1027 2461 
3584 2191 1030 2456 
3585 1029 2429 2456 
3586 1032 2427 2463 
3587 1036 2197 2458 
3588 2195 1037 2458 
3589 1669 1033 2463 
3590 1034 1669 2462 
3591 2197 1035 2462 
3592 1670 1040 2464 
3593 1041 1670 2465 
3594 1039 2428 2464 
3595 2206 1042 2465 
3596 153 154 1621 
3597 1043 2206 2468 
3598 2205 1044 2468 
3599 1045 2205 2434 
3600 2344 2094 2753 
3601 1705 2001 2686 
3602 1052 2209 2435 
3603 1783 2614 2642 
3604 1046 2434 2473 
3605 1059 2213 2436 
3606 2209 1051 2469 
3607 1050 2210 2469 
3608 1066 2222 2442 
3609 2210 1049 2471 
3610 1671 1047 2473 
3611 1053 2435 2479 
3612 2213 1058 2472 
3613 1048 1671 2471 
3614 1057 2214 2472 
3615 2036 1736 2649 
3616 1060 2436 2480 
3617 2214 1056 2475 
3618 1069 1674 2443 
3619 1672 1054 2479 
3620 1055 1672 2475 
3621 2222 1065 2477 
3622 1064 2223 2477 
3623 1673 1061 2480 
3624 1067 2442 2481 
3625 986 1661 2618 
3626 2223 1063 2478 
3627 1062 1673 2478 
3628 1674 1068 2481 
3629 1856 2513 2633 
3630 1966 2624 2708 
3631 1070 2443 2486 
3632 2272 2254 2755 
3633 2233 1071 2486 
3634 1072 2233 2446 
3635 1073 2446 2457 
3636 1007 2175 2619 
3637 1074 2457 2491 
3638 1079 2231 2488 
3639 2231 1078 2487 
3640 1076 1675 2466 
3641 2322 1080 2488 
3642 1077 2466 2487 
3643 1675 1075 2491 
3644 1081 2322 2492 
3645 1676 1082 2492 
3646 1086 2244 2499 
3647 1677 1089 2493 
3648 2318 1087 2499 
3649 1088 2318 2493 
3650 1090 1677 2500 
3651 1098 1678 2501 
3652 1678 1097 2496 
3653 1882 1091 2500 
3654 2343 2109 2368 
3655 1876 1099 2501 
3656 2575 2009 2635 
3657 1092 1882 2505 
3658 1647 912 2657 
3659 1096 1975 2496 
3660 1100 1876 2511 
3661 1881 1093 2505 
3662 1975 1095 2504 
3663 1094 1881 2504 
3664 1679 1105 2502 
3665 1106 1679 2484 
3666 2031 2030 2530 
3667 1104 1977 2502 
3668 1874 1101 2511 
3669 1977 1103 2510 
3670 1102 1874 2510 
3671 1696 1116 2507 
3672 1107 2484 2512 
3673 2157 988 2640 
3674 1855 1108 2512 
3675 1744 1748 1749 
3676 1109 1855 2515 
3677 156 1702 1992 
3678 1856 1112 2513 
3679 1113 1856 2516 
3680 1854 1110 2515 
3681 2004 2044 2537 
3682 1111 1854 2513 
3683 1115 1870 2507 
3684 1665 1009 2639 
3685 1870 1114 2516 
3686 2609 2227 2610 
3687 1013 2179 2631 
3688 2072 2083 2687 
3689 1637 2061 2062 
3690 1959 1958 2664 
3691 1630 2016 2017 
3692 2035 1773 2037 
3693 1762 1760 2701 
3694 2274 2425 2755 
3695 2311 1924 2312 
3696 2609 2230 2720 
3697 987 2618 2640 
3698 1980 1709 2693 
3699 1117 1696 2525 
3700 1008 2619 2639 
3701 2121 2354 2738 
3702 2172 1000 2643 
3703 1653 942 2646 
3704 1662 991 2647 
3705 1816 1817 2637 
3706 1789 2543 2676 
3707 911 2620 2657 
3708 1928 2052 2053 
3709 2598 2176 2599 
3710 2115 2297 2556 
3711 1666 1015 2667 
3712 1934 2032 2036 
3713 1950 1681 2564 
3714 1958 1903 2563 
3715 2460 1669 2735 
3716 2041 1910 2630 
3717 2141 2150 2602 
3718 1694 2548 2719 
3719 2326 1640 2587 
3720 2329 1941 2330 
3721 1939 2043 2650 
3722 2294 2202 2295 
3723 1667 1021 2651 
3724 2243 2538 2678 
3725 1759 1747 1760 
3726 2064 1642 2065 
3727 2614 1783 2670 
3728 2334 1643 2335 
3729 1644 2345 2346 
3730 2003 2009 2575 
3731 1997 1722 2712 
3732 2089 2357 2546 
3733 1083 1676 2658 
3734 2040 1707 2628 
3735 2336 2108 2337 
3736 2342 2110 2343 
3737 2366 1650 2367 
3738 998 1663 2750 
3739 2352 1651 2353 
3740 2144 2141 2602 
3741 2381 1652 2556 
3742 2351 2287 2754 
3743 1846 1118 2525 
3744 2363 1653 2547 
3745 2149 2154 2551 
3746 2142 2419 2732 
3747 2389 2113 2606 
3748 2127 2388 2482 
3749 2390 2362 2526 
3750 1711 1621 1725 
3751 2133 2391 2392 
3752 1707 2024 2628 
3753 1627 1847 2745 
3754 2058 2740 2741 
3755 1656 2408 2409 
3756 2603 2000 2604 
3757 2405 2376 2638 
3758 2538 2321 2720 
3759 2410 2160 2411 
3760 1014 2631 2667 
3761 2407 1657 2677 
3762 2373 2146 2374 
3763 1773 1753 2629 
3764 1759 1760 1761 
3765 2377 1658 2586 
3766 2201 2202 2294 
3767 2382 2143 2383 
3768 2378 1659 2379 
3769 2385 2148 2386 
3770 2397 1662 2568 
3771 2400 2167 2401 
3772 1760 1747 2441 
3773 2430 2415 2554 
3774 1780 1950 2625 
3775 2140 2137 2518 
3776 2095 2093 2615 
3777 2589 1729 2590 
3778 2093 1735 2616 
3779 2409 2134 2706 
3780 2458 2197 2459 
3781 2507 2508 2739 
3782 2434 2205 2534 
3783 1671 2473 2474 
3784 2209 2469 2470 
3785 2214 2475 2476 
3786 2436 2213 2437 
3787 2335 1643 2689 
3788 2442 2222 2578 
3789 1720 2296 2652 
3790 2446 2233 2447 
3791 2466 1675 2467 
3792 2322 2488 2489 
3793 264 265 1685 
3794 1869 2517 2739 
3795 1677 2493 2494 
3796 1678 2496 2497 
3797 2505 1882 2506 
3798 2484 1679 2485 
3799 2532 1706 2565 
3800 2453 2467 2737 
3801 2507 1870 2508 
3802 255 1703 2044 
3803 2163 2153 2551 
3804 2208 2204 2611 
3805 1863 2045 2626 
3806 2656 1627 2745 
3807 2527 1774 2698 
3808 1731 2632 2684 
3809 2034 1705 2686 
3810 2189 2254 2736 
3811 1703 2520 2521 
3812 151 152 1710 
3813 2491 2448 2737 
3814 2001 2552 2686 
3815 1975 2504 2682 
3816 1887 2023 2577 
3817 2118 2546 2754 
3818 2269 2194 2617 
3819 2523 2454 2720 
3820 2527 1762 2701 
3821 2077 2341 2691 
3822 2643 999 2750 
3823 1753 1755 2629 
3824 2262 2261 2659 
3825 2117 2102 2571 
3826 1708 168 2483 
3827 2254 2188 2736 
3828 1711 1725 1744 
3829 2652 2073 2729 
3830 2295 2202 2589 
3831 2554 2250 2570 
3832 1971 1974 2550 
3833 2250 2303 2570 
3834 2115 2101 2705 
3835 1835 2655 2694 
3836 2002 116 2680 
3837 1794 1796 2607 
3838 1821 1850 2634 
3839 1686 2672 2703 
3840 1765 1766 2573 
3841 1799 1792 2573 
3842 1703 256 2520 
3843 2196 2193 2661 
3844 2080 2286 2702 
3845 1949 1801 2669 
3846 2281 1783 2660 
3847 2070 2069 2729 
3848 1909 1906 2699 
3849 2617 2460 2735 
3850 2634 1850 2635 
3851 1906 1905 2699 
3852 1624 831 2591 
3853 1867 2581 2697 
3854 1629 2540 2541 
3855 834 1686 2703 
3856 1719 2615 2616 
3857 1740 2656 2745 
3858 1619 2004 2561 
3859 2073 2070 2729 
3860 1830 1863 2718 
3861 2394 2396 2756 
3862 2204 2294 2611 
3863 2563 1903 2653 
3864 1826 1833 2760 
3865 2452 2262 2659 
3866 2467 1675 2737 
3867 1992 1702 2553 
3868 2518 2136 2608 
3869 2602 2150 2713 
3870 2230 2609 2610 
3871 2649 1720 2652 
3872 2426 2252 2743 
3873 2543 1690 2676 
3874 2004 2537 2561 
3875 1887 2577 2679 
3876 1725 1992 2553 
3877 2296 2073 2652 
3878 2422 2393 2731 
3879 1710 1711 2057 
3880 2230 2538 2720 
3881 2432 2406 2707 
3882 2572 1732 2594 
3883 2154 2144 2602 
3884 257 1629 2520 
3885 2347 2098 2738 
3886 1990 2328 2726 
3887 2461 2424 2743 
3888 2081 2348 2711 
3889 2358 2305 2666 
3890 1899 2010 2668 
3891 2298 2428 2725 
3892 149 150 1688 
3893 1855 2512 2733 
3894 162 163 1691 
3895 2296 1720 2727 
3896 2254 2274 2755 
3897 2021 2019 2558 
3898 2099 2095 2615 
3899 2566 1959 2708 
3900 155 1992 2569 
3901 2217 2598 2601 
3902 2013 1816 2637 
3903 1874 2511 2747 
3904 1945 2034 2686 
3905 167 1708 2557 
3906 2662 1761 2693 
3907 2218 2208 2611 
3908 2055 1931 2716 
3909 1879 2266 2697 
3910 2088 2358 2666 
3911 1824 1826 2760 
3912 267 268 1628 
3913 2253 2549 2731 
3914 1766 1821 2634 
3915 1872 1875 2696 
3916 1629 258 2540 
3917 2624 2566 2708 
3918 1940 2587 2752 
3919 2427 2191 2695 
3920 2674 1991 2726 
3921 2269 2617 2735 
3922 1966 1965 2624 
3923 2172 2643 2644 
3924 2346 2071 2687 
3925 2260 2450 2451 
3926 2598 2599 2601 
3927 2198 2617 2704 
3928 2375 2145 2732 
3929 2124 2307 2666 
3930 2534 2248 2717 
3931 2548 1813 2719 
3932 2615 2093 2616 
3933 2200 2196 2661 
3934 2286 2075 2702 
3935 2629 1755 2749 
3936 1875 1879 2696 
3937 2419 2375 2732 
3938 2573 1766 2634 
3939 2101 2395 2690 
3940 259 1706 2540 
3941 1709 2662 2693 
3942 2580 1733 2608 
3943 1828 1830 2718 
3944 2327 2287 2351 
3945 165 1620 2700 
3946 2654 164 2700 
3947 2538 2230 2678 
3948 2428 2195 2725 
3949 1907 2596 2597 
3950 2252 2544 2743 
3951 1886 2563 2653 
3952 1737 2652 2729 
3953 1760 2441 2701 
3954 1622 262 2685 
3955 1739 2595 2680 
3956 2672 1700 2703 
3957 1620 166 2557 
3958 2581 1872 2696 
3959 1690 2543 2730 
3960 2002 2595 2613 
3961 2632 1717 2684 
3962 1700 833 2703 
3963 1833 1828 2718 
3964 2416 2280 2433 
3965 2696 1879 2697 
3966 2122 2078 2727 
3967 1706 260 2565 
3968 2056 1931 2752 
3969 2078 2296 2727 
3970 2683 1836 2728 
3971 2429 2270 2456 
3972 1715 2614 2670 
3973 2425 2274 2445 
3974 1784 2041 2630 
3975 1719 2616 2724 
3976 1931 2056 2716 
3977 1730 2632 2636 
3978 2631 2179 2759 
3979 261 1622 2565 
3980 2643 2404 2644 
3981 2708 1959 2758 
3982 1621 154 2569 
3983 2614 1782 2642 
3984 11 147 1626 
3985 2396 2394 2420 
3986 2620 2306 2657 
3987 2617 2194 2704 
3988 2618 2284 2640 
3989 2595 2002 2680 
3990 2619 2302 2639 
3991 2631 2276 2667 
3992 2723 1734 2724 
3993 1820 2698 2749 
3994 2404 2643 2750 
3995 1961 2708 2758 
3996 1730 2636 2713 
3997 2655 1825 2694 
3998 1691 163 2654 
3999 2276 2631 2759 
4000 2059 2672 2740 
4001 2529 2654 2700 
4002 263 264 1685 
4003 8 101 2555 
4004 848 8 1738 
4005 1738 8 2555 
4006 9 117 2680 
4007 836 11 1626 
4008 12 162 1691 
4009 268 12 1628 
4010 19 823 1770 
4011 1140 19 1770 
4012 186 21 1778 
4013 21 1142 1778 
4014 839 849 25 
4015 1719 107 2605 
4016 147 148 1626 
4017 150 151 1688 
4018 152 153 1710 
4019 849 839 1858 
4020 1139 1140 1770 
4021 2568 1662 2647 
4022 1914 1957 1993 
4023 1918 1916 2041 
4024 2550 1974 2627 
4025 2114 2099 2615 
4026 2150 2140 2518 
4027 2170 2168 2256 
4028 2176 2173 2247 
4029 2309 2206 2465 
4030 2559 2217 2601 
4031 2271 2218 2611 
4032 2226 2224 2271 
4033 2235 2228 2245 
2 4 3 63
4034 19 146 2761 1140 
4035 146 145 2762 2761 
4036 145 144 2763 2762 
4037 144 143 2764 2763 
4038 143 142 2765 2764 
4039 142 141 2766 2765 
4040 141 140 2767 2766 
4041 140 139 2768 2767 
4042 139 138 2769 2768 
4043 138 137 2770 2769 
4044 137 136 2771 2770 
4045 136 135 2772 2771 
4046 135 134 2773 2772 
4047 134 133 2774 2773 
4048 133 132 2775 2774 
4049 132 131 2776 2775 
4050 131 130 2777 2776 
4051 130 129 2778 2777 
4052 129 128 2779 2778 
4053 128 127 2780 2779 
4054 127 10 838 2780 
4055 1140 2761 2781 1139 
4056 2761 2762 2782 2781 
4057 2762 2763 2783 2782 
4058 2763 2764 2784 2783 
4059 2764 2765 2785 2784 
4060 2765 2766 2786 2785 
4061 2766 2767 2787 2786 
4062 2767 2768 2788 2787 
4063 2768 2769 2789 2788 
4064 2769 2770 2790 2789 
4065 2770 2771 2791 2790 
4066 2771 2772 2792 2791 
4067 2772 2773 2793 2792 
4068 2773 2774 2794 2793 
4069 2774 2775 2795 2794 
4070 2775 2776 2796 2795 
4071 2776 2777 2797 2796 
4072 2777 2778 2798 2797 
4073 2778 2779 2799 2798 
4074 2779 2780 2800 2799 
4075 2780 838 837 2800 
4076 1139 2781 1138 23 
4077 2781 2782 1137 1138 
4078 2782 2783 1136 1137 
4079 2783 2784 1135 1136 
4080 2784 2785 1134 1135 
4081 2785 2786 1133 1134 
4082 2786 2787 1132 1133 
4083 2787 2788 1131 1132 
4084 2788 2789 1130 1131 
4085 2789 2790 1129 1130 
4086 2790 2791 1128 1129 
4087 2791 2792 1127 1128 
4088 2792 2793 1126 1127 
4089 2793 2794 1125 1126 
4090 2794 2795 1124 1125 
4091 2795 2796 1123 1124 
4092 2796 2797 1122 1123 
4093 2797 2798 1121 1122 
4094 2798 2799 1120 1121 
4095 2799 2800 1119 1120 
4096 2800 837 22 1119 
2 5 3 813
4097 7 822 2801 99 
4098 822 821 2802 2801 
4099 821 820 2803 2802 
4100 820 819 2804 2803 
4101 819 818 2805 2804 
4102 818 817 2806 2805 
4103 817 816 2807 2806 
4104 816 815 2808 2807 
4105 815 814 2809 2808 
4106 814 813 2810 2809 
4107 813 812 2811 2810 
4108 812 811 2812 2811 
4109 811 810 2813 2812 
4110 810 809 2814 2813 
4111 809 808 2815 2814 
4112 808 807 2816 2815 
4113 807 806 2817 2816 
4114 806 805 2818 2817 
4115 805 804 2819 2818 
4116 804 803 2820 2819 
4117 803 802 2821 2820 
4118 802 801 2822 2821 
4119 801 800 2823 2822 
4120 800 799 2824 2823 
4121 799 798 2825 2824 
4122 798 797 2826 2825 
4123 797 796 2827 2826 
4124 796 795 2828 2827 
4125 795 794 2829 2828 
4126 794 793 2830 2829 
4127 793 792 2831 2830 
4128 792 791 2832 2831 
4129 791 790 2833 2832 
4130 790 789 2834 2833 
4131 789 788 2835 2834 
4132 788 787 2836 2835 
4133 787 786 2837 2836 
4134 786 785 2838 2837 
4135 785 784 2839 2838 
4136 784 783 2840 2839 
4137 783 782 2841 2840 
4138 782 781 2842 2841 
4139 781 780 2843 2842 
4140 780 779 2844 2843 
4141 779 778 2845 2844 
4142 778 777 2846 2845 
4143 777 776 2847 2846 
4144 776 775 2848 2847 
4145 775 774 2849 2848 
4146 774 773 2850 2849 
4147 773 772 2851 2850 
4148 772 771 2852 2851 
4149 771 770 2853 2852 
4150 770 769 2854 2853 
4151 769 768 2855 2854 
4152 768 767 2856 2855 
4153 767 766 2857 2856 
4154 766 765 2858 2857 
4155 765 764 2859 2858 
4156 764 763 2860 2859 
4157 763 762 2861 2860 
4158 762 761 2862 2861 
4159 761 760 2863 2862 
4160 760 759 2864 2863 
4161 759 758 2865 2864 
4162 758 757 2866 2865 
4163 757 756 2867 2866 
4164 756 755 2868 2867 
4165 755 754 2869 2868 
4166 754 753 2870 2869 
4167 753 752 2871 2870 
4168 752 751 2872 2871 
4169 751 750 2873 2872 
4170 750 749 2874 2873 
4171 749 748 2875 2874 
4172 748 747 2876 2875 
4173 747 746 2877 2876 
4174 746 745 2878 2877 
4175 745 744 2879 2878 
4176 744 743 2880 2879 
4177 743 742 2881 2880 
4178 742 741 2882 2881 
4179 741 740 2883 2882 
4180 740 739 2884 2883 
4181 739 738 2885 2884 
4182 738 737 2886 2885 
4183 737 736 2887 2886 
4184 736 735 2888 2887 
4185 735 734 2889 2888 
4186 734 733 2890 2889 
4187 733 732 2891 2890 
4188 732 731 2892 2891 
4189 731 730 2893 2892 
4190 730 729 2894 2893 
4191 729 728 2895 2894 
4192 728 727 2896 2895 
4193 727 726 2897 2896 
4194 726 725 2898 2897 
4195 725 724 2899 2898 
4196 724 723 2900 2899 
4197 723 722 2901 2900 
4198 722 721 2902 2901 
4199 721 720 2903 2902 
4200 720 719 2904 2903 
4201 719 718 2905 2904 
4202 718 717 2906 2905 
4203 717 716 2907 2906 
4204 716 715 2908 2907 
4205 715 714 2909 2908 
4206 714 713 2910 2909 
4207 713 712 2911 2910 
4208 712 711 2912 2911 
4209 711 710 2913 2912 
4210 710 709 2914 2913 
4211 709 708 2915 2914 
4212 708 707 2916 2915 
4213 707 706 2917 2916 
4214 706 705 2918 2917 
4215 705 704 2919 2918 
4216 704 703 2920 2919 
4217 703 702 2921 2920 
4218 702 701 2922 2921 
4219 701 700 2923 2922 
4220 700 699 2924 2923 
4221 699 698 2925 2924 
4222 698 697 2926 2925 
4223 697 696 2927 2926 
4224 696 695 2928 2927 
4225 695 694 2929 2928 
4226 694 693 2930 2929 
4227 693 692 2931 2930 
4228 692 691 2932 2931 
4229 691 690 2933 2932 
4230 690 689 2934 2933 
4231 689 688 2935 2934 
4232 688 687 2936 2935 
4233 687 686 2937 2936 
4234 686 685 2938 2937 
4235 685 684 2939 2938 
4236 684 683 2940 2939 
4237 683 682 2941 2940 
4238 682 681 2942 2941 
4239 681 680 2943 2942 
4240 680 679 2944 2943 
4241 679 678 2945 2944 
4242 678 677 2946 2945 
4243 677 676 2947 2946 
4244 676 675 2948 2947 
4245 675 674 2949 2948 
4246 674 673 2950 2949 
4247 673 672 2951 2950 
4248 672 671 2952 2951 
4249 671 670 2953 2952 
4250 670 669 2954 2953 
4251 669 668 2955 2954 
4252 668 667 2956 2955 
4253 667 666 2957 2956 
4254 666 665 2958 2957 
4255 665 664 2959 2958 
4256 664 663 2960 2959 
4257 663 662 2961 2960 
4258 662 661 2962 2961 
4259 661 660 2963 2962 
4260 660 659 2964 2963 
4261 659 658 2965 2964 
4262 658 657 2966 2965 
4263 657 656 2967 2966 
4264 656 655 2968 2967 
4265 655 654 2969 2968 
4266 654 653 2970 2969 
4267 653 652 2971 2970 
4268 652 651 2972 2971 
4269 651 650 2973 2972 
4270 650 649 2974 2973 
4271 649 648 2975 2974 
4272 648 647 2976 2975 
4273 647 646 2977 2976 
4274 646 645 2978 2977 
4275 645 644 2979 2978 
4276 644 643 2980 2979 
4277 643 642 2981 2980 
4278 642 641 2982 2981 
4279 641 640 2983 2982 
4280 640 639 2984 2983 
4281 639 638 2985 2984 
4282 638 637 2986 2985 
4283 637 636 2987 2986 
4284 636 635 2988 2987 
4285 635 634 2989 2988 
4286 634 633 2990 2989 
4287 633 632 2991 2990 
4288 632 631 2992 2991 
4289 631 630 2993 2992 
4290 630 629 2994 2993 
4291 629 628 2995 2994 
4292 628 627 2996 2995 
4293 627 626 2997 2996 
4294 626 625 2998 2997 
4295 625 624 2999 2998 
4296 624 623 3000 2999 
4297 623 622 3001 3000 
4298 622 621 3002 3001 
4299 621 620 3003 3002 
4300 620 619 3004 3003 
4301 619 618 3005 3004 
4302 618 617 3006 3005 
4303 617 616 3007 3006 
4304 616 615 3008 3007 
4305 615 614 3009 3008 
4306 614 613 3010 3009 
4307 613 612 3011 3010 
4308 612 611 3012 3011 
4309 611 610 3013 3012 
4310 610 609 3014 3013 
4311 609 608 3015 3014 
4312 608 607 3016 3015 
4313 607 606 3017 3016 
4314 606 605 3018 3017 
4315 605 604 3019 3018 
4316 604 603 3020 3019 
4317 603 602 3021 3020 
4318 602 601 3022 3021 
4319 601 600 3023 3022 
4320 600 599 3024 3023 
4321 599 598 3025 3024 
4322 598 597 3026 3025 
4323 597 596 3027 3026 
4324 596 595 3028 3027 
4325 595 594 3029 3028 
4326 594 593 3030 3029 
4327 593 592 3031 3030 
4328 592 591 3032 3031 
4329 591 590 3033 3032 
4330 590 589 3034 3033 
4331 589 588 3035 3034 
4332 588 587 3036 3035 
4333 587 586 3037 3036 
4334 586 585 3038 3037 
4335 585 584 3039 3038 
4336 584 583 3040 3039 
4337 583 582 3041 3040 
4338 582 581 3042 3041 
4339 581 580 3043 3042 
4340 580 579 3044 3043 
4341 579 578 3045 3044 
4342 578 577 3046 3045 
4343 577 576 3047 3046 
4344 576 575 3048 3047 
4345 575 574 3049 3048 
4346 574 573 3050 3049 
4347 573 572 3051 3050 
4348 572 571 3052 3051 
4349 571 570 3053 3052 
4350 570 569 3054 3053 
4351 569 568 3055 3054 
4352 568 567 3056 3055 
4353 567 566 3057 3056 
4354 566 565 3058 3057 
4355 565 564 3059 3058 
4356 564 563 3060 3059 
4357 563 562 3061 3060 
4358 562 561 3062 3061 
4359 561 560 3063 3062 
4360 560 559 3064 3063 
4361 559 558 3065 3064 
4362 558 557 3066 3065 
4363 557 556 3067 3066 
4364 556 555 3068 3067 
4365 555 554 3069 3068 
4366 554 553 3070 3069 
4367 553 21 1142 3070 
4368 99 2801 3071 100 
4369 2801 2802 3072 3071 
4370 2802 2803 3073 3072 
4371 2803 2804 3074 3073 
4372 2804 2805 3075 3074 
4373 2805 2806 3076 3075 
4374 2806 2807 3077 3076 
4375 2807 2808 3078 3077 
4376 2808 2809 3079 3078 
4377 2809 2810 3080 3079 
4378 2810 2811 3081 3080 
4379 2811 2812 3082 3081 
4380 2812 2813 3083 3082 
4381 2813 2814 3084 3083 
4382 2814 2815 3085 3084 
4383 2815 2816 3086 3085 
4384 2816 2817 3087 3086 
4385 2817 2818 3088 3087 
4386 2818 2819 3089 3088 
4387 2819 2820 3090 3089 
4388 2820 2821 3091 3090 
4389 2821 2822 3092 3091 
4390 2822 2823 3093 3092 
4391 2823 2824 3094 3093 
4392 2824 2825 3095 3094 
4393 2825 2826 3096 3095 
4394 2826 2827 3097 3096 
4395 2827 2828 3098 3097 
4396 2828 2829 3099 3098 
4397 2829 2830 3100 3099 
4398 2830 2831 3101 3100 
4399 2831 2832 3102 3101 
4400 2832 2833 3103 3102 
4401 2833 2834 3104 3103 
4402 2834 2835 3105 3104 
4403 2835 2836 3106 3105 
4404 2836 2837 3107 3106 
4405 2837 2838 3108 3107 
4406 2838 2839 3109 3108 
4407 2839 2840 3110 3109 
4408 2840 2841 3111 3110 
4409 2841 2842 3112 3111 
4410 2842 2843 3113 3112 
4411 2843 2844 3114 3113 
4412 2844 2845 3115 3114 
4413 2845 2846 3116 3115 
4414 2846 2847 3117 3116 
4415 2847 2848 3118 3117 
4416 2848 2849 3119 3118 
4417 2849 2850 3120 3119 
4418 2850 2851 3121 3120 
4419 2851 2852 3122 3121 
4420 2852 2853 3123 3122 
4421 2853 2854 3124 3123 
4422 2854 2855 3125 3124 
4423 2855 2856 3126 3125 
4424 2856 2857 3127 3126 
4425 2857 2858 3128 3127 
4426 2858 2859 3129 3128 
4427 2859 2860 3130 3129 
4428 2860 2861 3131 3130 
4429 2861 2862 3132 3131 
4430 2862 2863 3133 3132 
4431 2863 2864 3134 3133 
4432 2864 2865 3135 3134 
4433 2865 2866 3136 3135 
4434 2866 2867 3137 3136 
4435 2867 2868 3138 3137 
4436 2868 2869 3139 3138 
4437 2869 2870 3140 3139 
4438 2870 2871 3141 3140 
4439 2871 2872 3142 3141 
4440 2872 2873 3143 3142 
4441 2873 2874 3144 3143 
4442 2874 2875 3145 3144 
4443 2875 2876 3146 3145 
4444 2876 2877 3147 3146 
4445 2877 2878 3148 3147 
4446 2878 2879 3149 3148 
4447 2879 2880 3150 3149 
4448 2880 2881 3151 3150 
4449 2881 2882 3152 3151 
4450 2882 2883 3153 3152 
4451 2883 2884 3154 3153 
4452 2884 2885 3155 3154 
4453 2885 2886 3156 3155 
4454 2886 2887 3157 3156 
4455 2887 2888 3158 3157 
4456 2888 2889 3159 3158 
4457 2889 2890 3160 3159 
4458 2890 2891 3161 3160 
4459 2891 2892 3162 3161 
4460 2892 2893 3163 3162 
4461 2893 2894 3164 3163 
4462 2894 2895 3165 3164 
4463 2895 2896 3166 3165 
4464 2896 2897 3167 3166 
4465 2897 2898 3168 3167 
4466 2898 2899 3169 3168 
4467 2899 2900 3170 3169 
4468 2900 2901 3171 3170 
4469 2901 2902 3172 3171 
4470 2902 2903 3173 3172 
4471 2903 2904 3174 3173 
4472 2904 2905 3175 3174 
4473 2905 2906 3176 3175 
4474 2906 2907 3177 3176 
4475 2907 2908 3178 3177 
4476 2908 2909 3179 3178 
4477 2909 2910 3180 3179 
4478 2910 2911 3181 3180 
4479 2911 2912 3182 3181 
4480 2912 2913 3183 3182 
4481 2913 2914 3184 3183 
4482 2914 2915 3185 3184 
4483 2915 2916 3186 3185 
4484 2916 2917 3187 3186 
4485 2917 2918 3188 3187 
4486 2918 2919 3189 3188 
4487 2919 2920 3190 3189 
4488 2920 2921 3191 3190 
4489 2921 2922 3192 3191 
4490 2922 2923 3193 3192 
4491 2923 2924 3194 3193 
4492 2924 2925 3195 3194 
4493 2925 2926 3196 3195 
4494 2926 2927 3197 3196 
4495 2927 2928 3198 3197 
4496 2928 2929 3199 3198 
4497 2929 2930 3200 3199 
4498 2930 2931 3201 3200 
4499 2931 2932 3202 3201 
4500 2932 2933 3203 3202 
4501 2933 2934 3204 3203 
4502 2934 2935 3205 3204 
4503 2935 2936 3206 3205 
4504 2936 2937 3207 3206 
4505 2937 2938 3208 3207 
4506 2938 2939 3209 3208 
4507 2939 2940 3210 3209 
4508 2940 2941 3211 3210 
4509 2941 2942 3212 3211 
4510 2942 2943 3213 3212 
4511 2943 2944 3214 3213 
4512 2944 2945 3215 3214 
4513 2945 2946 3216 3215 
4514 2946 2947 3217 3216 
4515 2947 2948 3218 3217 
4516 2948 2949 3219 3218 
4517 2949 2950 3220 3219 
4518 2950 2951 3221 3220 
4519 2951 2952 3222 3221 
4520 2952 2953 3223 3222 
4521 2953 2954 3224 3223 
4522 2954 2955 3225 3224 
4523 2955 2956 3226 3225 
4524 2956 2957 3227 3226 
4525 2957 2958 3228 3227 
4526 2958 2959 3229 3228 
4527 2959 2960 3230 3229 
4528 2960 2961 3231 3230 
4529 2961 2962 3232 3231 
4530 2962 2963 3233 3232 
4531 2963 2964 3234 3233 
4532 2964 2965 3235 3234 
4533 2965 2966 3236 3235 
4534 2966 2967 3237 3236 
4535 2967 2968 3238 3237 
4536 2968 2969 3239 3238 
4537 2969 2970 3240 3239 
4538 2970 2971 3241 3240 
4539 2971 2972 3242 3241 
4540 2972 2973 3243 3242 
4541 2973 2974 3244 3243 
4542 2974 2975 3245 3244 
4543 2975 2976 3246 3245 
4544 2976 2977 3247 3246 
4545 2977 2978 3248 3247 
4546 2978 2979 3249 3248 
4547 2979 2980 3250 3249 
4548 2980 2981 3251 3250 
4549 2981 2982 3252 3251 
4550 2982 2983 3253 3252 
4551 2983 2984 3254 3253 
4552 2984 2985 3255 3254 
4553 2985 2986 3256 3255 
4554 2986 2987 3257 3256 
4555 2987 2988 3258 3257 
4556 2988 2989 3259 3258 
4557 2989 2990 3260 3259 
4558 2990 2991 3261 3260 
4559 2991 2992 3262 3261 
4560 2992 2993 3263 3262 
4561 2993 2994 3264 3263 
4562 2994 2995 3265 3264 
4563 2995 2996 3266 3265 
4564 2996 2997 3267 3266 
4565 2997 2998 3268 3267 
4566 2998 2999 3269 3268 
4567 2999 3000 3270 3269 
4568 3000 3001 3271 3270 
4569 3001 3002 3272 3271 
4570 3002 3003 3273 3272 
4571 3003 3004 3274 3273 
4572 3004 3005 3275 3274 
4573 3005 3006 3276 3275 
4574 3006 3007 3277 3276 
4575 3007 3008 3278 3277 
4576 3008 3009 3279 3278 
4577 3009 3010 3280 3279 
4578 3010 3011 3281 3280 
4579 3011 3012 3282 3281 
4580 3012 3013 3283 3282 
4581 3013 3014 3284 3283 
4582 3014 3015 3285 3284 
4583 3015 3016 3286 3285 
4584 3016 3017 3287 3286 
4585 3017 3018 3288 3287 
4586 3018 3019 3289 3288 
4587 3019 3020 3290 3289 
4588 3020 3021 3291 3290 
4589 3021 3022 3292 3291 
4590 3022 3023 3293 3292 
4591 3023 3024 3294 3293 
4592 3024 3025 3295 3294 
4593 3025 3026 3296 3295 
4594 3026 3027 3297 3296 
4595 3027 3028 3298 3297 
4596 3028 3029 3299 3298 
4597 3029 3030 3300 3299 
4598 3030 3031 3301 3300 
4599 3031 3032 3302 3301 
4600 3032 3033 3303 3302 
4601 3033 3034 3304 3303 
4602 3034 3035 3305 3304 
4603 3035 3036 3306 3305 
4604 3036 3037 3307 3306 
4605 3037 3038 3308 3307 
4606 3038 3039 3309 3308 
4607 3039 3040 3310 3309 
4608 3040 3041 3311 3310 
4609 3041 3042 3312 3311 
4610 3042 3043 3313 3312 
4611 3043 3044 3314 3313 
4612 3044 3045 3315 3314 
4613 3045 3046 3316 3315 
4614 3046 3047 3317 3316 
4615 3047 3048 3318 3317 
4616 3048 3049 3319 3318 
4617 3049 3050 3320 3319 
4618 3050 3051 3321 3320 
4619 3051 3052 3322 3321 
4620 3052 3053 3323 3322 
4621 3053 3054 3324 3323 
4622 3054 3055 3325 3324 
4623 3055 3056 3326 3325 
4624 3056 3057 3327 3326 
4625 3057 3058 3328 3327 
4626 3058 3059 3329 3328 
4627 3059 3060 3330 3329 
4628 3060 3061 3331 3330 
4629 3061 3062 3332 3331 
4630 3062 3063 3333 3332 
4631 3063 3064 3334 3333 
4632 3064 3065 3335 3334 
4633 3065 3066 3336 3335 
4634 3066 3067 3337 3336 
4635 3067 3068 3338 3337 
4636 3068 3069 3339 3338 
4637 3069 3070 3340 3339 
4638 3070 1142 1141 3340 
4639 100 3071 849 25 
4640 3071 3072 850 849 
4641 3072 3073 851 850 
4642 3073 3074 852 851 
4643 3074 3075 853 852 
4644 3075 3076 854 853 
4645 3076 3077 855 854 
4646 3077 3078 856 855 
4647 3078 3079 857 856 
4648 3079 3080 858 857 
4649 3080 3081 859 858 
4650 3081 3082 860 859 
4651 3082 3083 861 860 
4652 3083 3084 862 861 
4653 3084 3085 863 862 
4654 3085 3086 864 863 
4655 3086 3087 865 864 
4656 3087 3088 866 865 
4657 3088 3089 867 866 
4658 3089 3090 868 867 
4659 3090 3091 869 868 
4660 3091 3092 870 869 
4661 3092 3093 871 870 
4662 3093 3094 872 871 
4663 3094 3095 873 872 
4664 3095 3096 874 873 
4665 3096 3097 875 874 
4666 3097 3098 876 875 
4667 3098 3099 877 876 
4668 3099 3100 878 877 
4669 3100 3101 879 878 
4670 3101 3102 880 879 
4671 3102 3103 881 880 
4672 3103 3104 882 881 
4673 3104 3105 883 882 
4674 3105 3106 884 883 
4675 3106 3107 885 884 
4676 3107 3108 886 885 
4677 3108 3109 887 886 
4678 3109 3110 888 887 
4679 3110 3111 889 888 
4680 3111 3112 890 889 
4681 3112 3113 891 890 
4682 3113 3114 892 891 
4683 3114 3115 893 892 
4684 3115 3116 894 893 
4685 3116 3117 895 894 
4686 3117 3118 896 895 
4687 3118 3119 897 896 
4688 3119 3120 898 897 
4689 3120 3121 899 898 
4690 3121 3122 900 899 
4691 3122 3123 901 900 
4692 3123 3124 902 901 
4693 3124 3125 903 902 
4694 3125 3126 904 903 
4695 3126 3127 905 904 
4696 3127 3128 906 905 
4697 3128 3129 907 906 
4698 3129 3130 908 907 
4699 3130 3131 909 908 
4700 3131 3132 910 909 
4701 3132 3133 911 910 
4702 3133 3134 912 911 
4703 3134 3135 913 912 
4704 3135 3136 914 913 
4705 3136 3137 915 914 
4706 3137 3138 916 915 
4707 3138 3139 917 916 
4708 3139 3140 918 917 
4709 3140 3141 919 918 
4710 3141 3142 920 919 
4711 3142 3143 921 920 
4712 3143 3144 922 921 
4713 3144 3145 923 922 
4714 3145 3146 924 923 
4715 3146 3147 925 924 
4716 3147 3148 926 925 
4717 3148 3149 927 926 
4718 3149 3150 928 927 
4719 3150 3151 929 928 
4720 3151 3152 930 929 
4721 3152 3153 931 930 
4722 3153 3154 932 931 
4723 3154 3155 933 932 
4724 3155 3156 934 933 
4725 3156 3157 935 934 
4726 3157 3158 936 935 
4727 3158 3159 937 936 
4728 3159 3160 938 937 
4729 3160 3161 939 938 
4730 3161 3162 940 939 
4731 3162 3163 941 940 
4732 3163 3164 942 941 
4733 3164 3165 943 942 
4734 3165 3166 944 943 
4735 3166 3167 945 944 
4736 3167 3168 946 945 
4737 3168 3169 947 946 
4738 3169 3170 948 947 
4739 3170 3171 949 948 
4740 3171 3172 950 949 
4741 3172 3173 951 950 
4742 3173 3174 952 951 
4743 3174 3175 953 952 
4744 3175 3176 954 953 
4745 3176 3177 955 954 
4746 3177 3178 956 955 
4747 3178 3179 957 956 
4748 3179 3180 958 957 
4749 3180 3181 959 958 
4750 3181 3182 960 959 
4751 3182 3183 961 960 
4752 3183 3184 962 961 
4753 3184 3185 963 962 
4754 3185 3186 964 963 
4755 3186 3187 965 964 
4756 3187 3188 966 965 
4757 3188 3189 967 966 
4758 3189 3190 968 967 
4759 3190 3191 969 968 
4760 3191 3192 970 969 
4761 3192 3193 971 970 
4762 3193 3194 972 971 
4763 3194 3195 973 972 
4764 3195 3196 974 973 
4765 3196 3197 975 974 
4766 3197 3198 976 975 
4767 3198 3199 977 976 
4768 3199 3200 978 977 
4769 3200 3201 979 978 
4770 3201 3202 980 979 
4771 3202 3203 981 980 
4772 3203 3204 982 981 
4773 3204 3205 983 982 
4774 3205 3206 984 983 
4775 3206 3207 985 984 
4776 3207 3208 986 985 
4777 3208 3209 987 986 
4778 3209 3210 988 987 
4779 3210 3211 989 988 
4780 3211 3212 990 989 
4781 3212 3213 991 990 
4782 3213 3214 992 991 
4783 3214 3215 993 992 
4784 3215 3216 994 993 
4785 3216 3217 995 994 
4786 3217 3218 996 995 
4787 3218 3219 997 996 
4788 3219 3220 998 997 
4789 3220 3221 999 998 
4790 3221 3222 1000 999 
4791 3222 3223 1001 1000 
4792 3223 3224 1002 1001 
4793 3224 3225 1003 1002 
4794 3225 3226 1004 1003 
4795 3226 3227 1005 1004 
4796 3227 3228 1006 1005 
4797 3228 3229 1007 1006 
4798 3229 3230 1008 1007 
4799 3230 3231 1009 1008 
4800 3231 3232 1010 1009 
4801 3232 3233 1011 1010 
4802 3233 3234 1012 1011 
4803 3234 3235 1013 1012 
4804 3235 3236 1014 1013 
4805 3236 3237 1015 1014 
4806 3237 3238 1016 1015 
4807 3238 3239 1017 1016 
4808 3239 3240 1018 1017 
4809 3240 3241 1019 1018 
4810 3241 3242 1020 1019 
4811 3242 3243 1021 1020 
4812 3243 3244 1022 1021 
4813 3244 3245 1023 1022 
4814 3245 3246 1024 1023 
4815 3246 3247 1025 1024 
4816 3247 3248 1026 1025 
4817 3248 3249 1027 1026 
4818 3249 3250 1028 1027 
4819 3250 3251 1029 1028 
4820 3251 3252 1030 1029 
4821 3252 3253 1031 1030 
4822 3253 3254 1032 1031 
4823 3254 3255 1033 1032 
4824 3255 3256 1034 1033 
4825 3256 3257 1035 1034 
4826 3257 3258 1036 1035 
4827 3258 3259 1037 1036 
4828 3259 3260 1038 1037 
4829 3260 3261 1039 1038 
4830 3261 3262 1040 1039 
4831 3262 3263 1041 1040 
4832 3263 3264 1042 1041 
4833 3264 3265 1043 1042 
4834 3265 3266 1044 1043 
4835 3266 3267 1045 1044 
4836 3267 3268 1046 1045 
4837 3268 3269 1047 1046 
4838 3269 3270 1048 1047 
4839 3270 3271 1049 1048 
4840 3271 3272 1050 1049 
4841 3272 3273 1051 1050 
4842 3273 3274 1052 1051 
4843 3274 3275 1053 1052 
4844 3275 3276 1054 1053 
4845 3276 3277 1055 1054 
4846 3277 3278 1056 1055 
4847 3278 3279 1057 1056 
4848 3279 3280 1058 1057 
4849 3280 3281 1059 1058 
4850 3281 3282 1060 1059 
4851 3282 3283 1061 1060 
4852 3283 3284 1062 1061 
4853 3284 3285 1063 1062 
4854 3285 3286 1064 1063 
4855 3286 3287 1065 1064 
4856 3287 3288 1066 1065 
4857 3288 3289 1067 1066 
4858 3289 3290 1068 1067 
4859 3290 3291 1069 1068 
4860 3291 3292 1070 1069 
4861 3292 3293 1071 1070 
4862 3293 3294 1072 1071 
4863 3294 3295 1073 1072 
4864 3295 3296 1074 1073 
4865 3296 3297 1075 1074 
4866 3297 3298 1076 1075 
4867 3298 3299 1077 1076 
4868 3299 3300 1078 1077 
4869 3300 3301 1079 1078 
4870 3301 3302 1080 1079 
4871 3302 3303 1081 1080 
4872 3303 3304 1082 1081 
4873 3304 3305 1083 1082 
4874 3305 3306 1084 1083 
4875 3306 3307 1085 1084 
4876 3307 3308 1086 1085 
4877 3308 3309 1087 1086 
4878 3309 3310 1088 1087 
4879 3310 3311 1089 1088 
4880 3311 3312 1090 1089 
4881 3312 3313 1091 1090 
4882 3313 3314 1092 1091 
4883 3314 3315 1093 1092 
4884 3315 3316 1094 1093 
4885 3316 3317 1095 1094 
4886 3317 3318 1096 1095 
4887 3318 3319 1097 1096 
4888 3319 3320 1098 1097 
4889 3320 3321 1099 1098 
4890 3321 3322 1100 1099 
4891 3322 3323 1101 1100 
4892 3323 3324 1102 1101 
4893 3324 3325 1103 1102 
4894 3325 3326 1104 1103 
4895 3326 3327 1105 1104 
4896 3327 3328 1106 1105 
4897 3328 3329 1107 1106 
4898 3329 3330 1108 1107 
4899 3330 3331 1109 1108 
4900 3331 3332 1110 1109 
4901 3332 3333 1111 1110 
4902 3333 3334 1112 1111 
4903 3334 3335 1113 1112 
4904 3335 3336 1114 1113 
4905 3336 3337 1115 1114 
4906 3337 3338 1116 1115 
4907 3338 3339 1117 1116 
4908 3339 3340 1118 1117 
4909 3340 1141 24 1118 
$EndElements
