Variables = x, y, u, v, p

Zone, I=4300, F=POINT
         -10        -1.25            0            0            0 
         -10     -1.24967            0            0            0 
         -10     -1.24867            0            0            0 
         -10     -1.24702            0            0            0 
         -10      -1.2447            0            0            0 
         -10     -1.24171            0            0            0 
         -10     -1.23806            0            0            0 
         -10     -1.23375            0            0            0 
         -10     -1.22878            0            0            0 
         -10     -1.22314            0            0            0 
         -10     -1.21684            0            0            0 
         -10     -1.20988            0            0            0 
         -10     -1.20225            0            0            0 
         -10     -1.19396            0            0            0 
         -10     -1.18501            0            0            0 
         -10     -1.17539            0            0            0 
         -10     -1.16511            0            0            0 
         -10     -1.15417            0            0            0 
         -10     -1.14256            0            0            0 
         -10     -1.13029            0            0            0 
         -10     -1.11736            0            0            0 
         -10     -1.10377            0            0            0 
         -10     -1.08951            0            0            0 
         -10     -1.07458            0            0            0 
         -10       -1.059            0            0            0 
         -10     -1.04275            0            0            0 
         -10     -1.02584            0            0            0 
         -10     -1.00827            0            0            0 
         -10    -0.990028            0            0            0 
         -10    -0.971127            0            0            0 
         -10    -0.951562            0            0            0 
         -10    -0.931335            0            0            0 
         -10    -0.910444            0            0            0 
         -10     -0.88889            0            0            0 
         -10    -0.866673            0            0            0 
         -10    -0.843793            0            0            0 
         -10    -0.820249            0            0            0 
         -10    -0.796043            0            0            0 
         -10    -0.771173            0            0            0 
         -10     -0.74564            0            0            0 
         -10    -0.719443            0            0            0 
         -10    -0.692584            0            0            0 
         -10    -0.665062            0            0            0 
         -10    -0.636876            0            0            0 
         -10    -0.608026            0            0            0 
         -10    -0.578514            0            0            0 
         -10    -0.548339            0            0            0 
         -10    -0.517501            0            0            0 
         -10    -0.485998            0            0            0 
         -10    -0.453833            0            0            0 
         -10    -0.421005            0            0            0 
         -10    -0.387514            0            0            0 
         -10    -0.353359            0            0            0 
         -10    -0.318541            0            0            0 
         -10    -0.283061            0            0            0 
         -10    -0.246917            0            0            0 
         -10    -0.210109            0            0            0 
         -10    -0.172638            0            0            0 
         -10    -0.134505            0            0            0 
         -10    -0.095708            0            0            0 
         -10    -0.056247            0            0            0 
         -10    -0.016124            0            0            0 
         -10     0.024662    0.0152755 -5.15436e-07  -0.00225604 
         -10     0.066112    0.0408156 -3.48981e-06   -0.0022561 
         -10     0.108226    0.0665956 -8.77667e-06  -0.00225614 
         -10     0.151002    0.0926108 -1.59744e-05  -0.00225617 
         -10     0.194441     0.118859 -2.46702e-05  -0.00225619 
         -10     0.238543     0.145339 -3.44554e-05  -0.00225618 
         -10     0.283309     0.172047 -4.49495e-05  -0.00225614 
         -10     0.328738     0.198978 -5.57842e-05  -0.00225607 
         -10      0.37483     0.226124 -6.65877e-05  -0.00225596 
         -10     0.421585     0.253476 -7.70587e-05  -0.00225581 
         -10     0.469004     0.281019 -8.69177e-05   -0.0022556 
         -10     0.517086     0.308733 -9.58872e-05  -0.00225533 
         -10     0.565831     0.336594 -0.000103724  -0.00225499 
         -10     0.615239     0.364573 -0.000110311  -0.00225457 
         -10      0.66531     0.392634 -0.000115373  -0.00225405 
         -10     0.716045     0.420736 -0.000118731  -0.00225343 
         -10     0.767442     0.448832 -0.000120391  -0.00225271 
         -10     0.819503     0.476871 -0.000120303  -0.00225186 
         -10     0.872228     0.504792 -0.000118393  -0.00225087 
         -10     0.925615     0.532533 -0.000114589  -0.00224974 
         -10     0.979665     0.560023  -0.00010884  -0.00224845 
         -10      1.03438     0.587192 -0.000101134    -0.002247 
         -10      1.08976     0.613961 -9.15179e-05  -0.00224536 
         -10       1.1458     0.640253 -8.00922e-05  -0.00224354 
         -10       1.2025     0.665985 -6.70106e-05  -0.00224152 
         -10      1.25987     0.691078 -5.24576e-05   -0.0022393 
         -10       1.3179      0.71545 -3.66117e-05  -0.00223686 
         -10      1.37659     0.739021 -1.95908e-05   -0.0022342 
         -10      1.43594     0.761718 -1.36874e-06  -0.00223131 
         -10      1.49596     0.783469  1.83301e-05  -0.00222818 
         -10      1.55665     0.804201  3.78798e-05  -0.00222484 
         -10      1.61799     0.823878  5.77621e-05  -0.00222126 
         -10         1.68     0.842445   7.7977e-05  -0.00221743 
         -10      1.74267     0.859861  9.82117e-05  -0.00221337 
         -10      1.80601     0.876095   0.00011818  -0.00220907 
         -10      1.87001     0.891132  0.000137621  -0.00220455 
         -10      1.93467      0.90497  0.000156307   -0.0021998 
         -10            2      0.91762  0.000174037  -0.00219484 
    -8.33333        -1.25            0            0            0 
    -8.33333     -1.24967            0            0            0 
    -8.33333     -1.24867            0            0            0 
    -8.33333     -1.24702            0            0            0 
    -8.33333      -1.2447            0            0            0 
    -8.33333     -1.24171            0            0            0 
    -8.33333     -1.23806            0            0            0 
    -8.33333     -1.23375            0            0            0 
    -8.33333     -1.22878            0            0            0 
    -8.33333     -1.22314            0            0            0 
    -8.33333     -1.21684            0            0            0 
    -8.33333     -1.20988            0            0            0 
    -8.33333     -1.20225            0            0            0 
    -8.33333     -1.19396            0            0            0 
    -8.33333     -1.18501            0            0            0 
    -8.33333     -1.17539            0            0            0 
    -8.33333     -1.16511            0            0            0 
    -8.33333     -1.15417            0            0            0 
    -8.33333     -1.14256            0            0            0 
    -8.33333     -1.13029            0            0            0 
    -8.33333     -1.11736            0            0            0 
    -8.33333     -1.10377            0            0            0 
    -8.33333     -1.08951            0            0            0 
    -8.33333     -1.07458            0            0            0 
    -8.33333       -1.059            0            0            0 
    -8.33333     -1.04275            0            0            0 
    -8.33333     -1.02584            0            0            0 
    -8.33333     -1.00827            0            0            0 
    -8.33333    -0.990028            0            0            0 
    -8.33333    -0.971127            0            0            0 
    -8.33333    -0.951562            0            0            0 
    -8.33333    -0.931335            0            0            0 
    -8.33333    -0.910444            0            0            0 
    -8.33333     -0.88889            0            0            0 
    -8.33333    -0.866673            0            0            0 
    -8.33333    -0.843793            0            0            0 
    -8.33333    -0.820249            0            0            0 
    -8.33333    -0.796043            0            0            0 
    -8.33333    -0.771173            0            0            0 
    -8.33333     -0.74564            0            0            0 
    -8.33333    -0.719443            0            0            0 
    -8.33333    -0.692584            0            0            0 
    -8.33333    -0.665062            0            0            0 
    -8.33333    -0.636876            0            0            0 
    -8.33333    -0.608026            0            0            0 
    -8.33333    -0.578514            0            0            0 
    -8.33333    -0.548339            0            0            0 
    -8.33333    -0.517501            0            0            0 
    -8.33333    -0.485998            0            0            0 
    -8.33333    -0.453833            0            0            0 
    -8.33333    -0.421005            0            0            0 
    -8.33333    -0.387514            0            0            0 
    -8.33333    -0.353359            0            0            0 
    -8.33333    -0.318541            0            0            0 
    -8.33333    -0.283061            0            0            0 
    -8.33333    -0.246917            0            0            0 
    -8.33333    -0.210109            0            0            0 
    -8.33333    -0.172638            0            0            0 
    -8.33333    -0.134505            0            0            0 
    -8.33333    -0.095708            0            0            0 
    -8.33333    -0.056247            0            0            0 
    -8.33333    -0.016124            0            0            0 
    -8.33333     0.024662    0.0153528 -6.52956e-07   -0.0024303 
    -8.33333     0.066112     0.041005   -4.435e-06  -0.00243038 
    -8.33333     0.108226    0.0668768 -1.11925e-05  -0.00243044 
    -8.33333     0.151002    0.0929639 -2.04561e-05  -0.00243048 
    -8.33333     0.194441     0.119265 -3.17423e-05   -0.0024305 
    -8.33333     0.238543      0.14578 -4.45578e-05  -0.00243049 
    -8.33333     0.283309     0.172507 -5.84381e-05  -0.00243045 
    -8.33333     0.328738     0.199442 -7.30587e-05  -0.00243037 
    -8.33333      0.37483      0.22658 -8.79194e-05  -0.00243024 
    -8.33333     0.421585     0.253912  -0.00010267  -0.00243006 
    -8.33333     0.469004     0.281426 -0.000117014  -0.00242981 
    -8.33333     0.517086     0.309102 -0.000130651  -0.00242948 
    -8.33333     0.565831     0.336919 -0.000143302  -0.00242906 
    -8.33333     0.615239     0.364849 -0.000154825  -0.00242855 
    -8.33333      0.66531     0.392856 -0.000164905  -0.00242792 
    -8.33333     0.716045     0.420902 -0.000173363  -0.00242717 
    -8.33333     0.767442      0.44894 -0.000180196  -0.00242629 
    -8.33333     0.819503     0.476919 -0.000185339  -0.00242526 
    -8.33333     0.872228      0.50478 -0.000188697  -0.00242406 
    -8.33333     0.925615     0.532462 -0.000190174  -0.00242268 
    -8.33333     0.979665     0.559895 -0.000189697  -0.00242111 
    -8.33333      1.03438     0.587007  -0.00018724  -0.00241933 
    -8.33333      1.08976     0.613724  -0.00018283  -0.00241734 
    -8.33333       1.1458     0.639966 -0.000176559  -0.00241512 
    -8.33333       1.2025     0.665654 -0.000168572  -0.00241266 
    -8.33333      1.25987     0.690706 -0.000159047  -0.00240995 
    -8.33333       1.3179     0.715043 -0.000148148  -0.00240699 
    -8.33333      1.37659     0.738585 -0.000135971  -0.00240374 
    -8.33333      1.43594     0.761257 -0.000122444  -0.00240022 
    -8.33333      1.49596      0.78299 -0.000107213   -0.0023964 
    -8.33333      1.55665     0.803712 -9.20853e-05  -0.00239234 
    -8.33333      1.61799     0.823384 -7.64513e-05  -0.00238799 
    -8.33333         1.68     0.841953 -6.02628e-05  -0.00238334 
    -8.33333      1.74267     0.859376 -4.38334e-05   -0.0023784 
    -8.33333      1.80601     0.875624 -2.74508e-05  -0.00237317 
    -8.33333      1.87001      0.89068 -1.13762e-05  -0.00236767 
    -8.33333      1.93467     0.904542  4.15854e-06   -0.0023619 
    -8.33333            2      0.91722   1.8951e-05  -0.00235586 
    -6.66667        -1.25            0            0            0 
    -6.66667     -1.24967            0            0            0 
    -6.66667     -1.24867            0            0            0 
    -6.66667     -1.24702            0            0            0 
    -6.66667      -1.2447            0            0            0 
    -6.66667     -1.24171            0            0            0 
    -6.66667     -1.23806            0            0            0 
    -6.66667     -1.23375            0            0            0 
    -6.66667     -1.22878            0            0            0 
    -6.66667     -1.22314            0            0            0 
    -6.66667     -1.21684            0            0            0 
    -6.66667     -1.20988            0            0            0 
    -6.66667     -1.20225            0            0            0 
    -6.66667     -1.19396            0            0            0 
    -6.66667     -1.18501            0            0            0 
    -6.66667     -1.17539            0            0            0 
    -6.66667     -1.16511            0            0            0 
    -6.66667     -1.15417            0            0            0 
    -6.66667     -1.14256            0            0            0 
    -6.66667     -1.13029            0            0            0 
    -6.66667     -1.11736            0            0            0 
    -6.66667     -1.10377            0            0            0 
    -6.66667     -1.08951            0            0            0 
    -6.66667     -1.07458            0            0            0 
    -6.66667       -1.059            0            0            0 
    -6.66667     -1.04275            0            0            0 
    -6.66667     -1.02584            0            0            0 
    -6.66667     -1.00827            0            0            0 
    -6.66667    -0.990028            0            0            0 
    -6.66667    -0.971127            0            0            0 
    -6.66667    -0.951562            0            0            0 
    -6.66667    -0.931335            0            0            0 
    -6.66667    -0.910444            0            0            0 
    -6.66667     -0.88889            0            0            0 
    -6.66667    -0.866673            0            0            0 
    -6.66667    -0.843793            0            0            0 
    -6.66667    -0.820249            0            0            0 
    -6.66667    -0.796043            0            0            0 
    -6.66667    -0.771173            0            0            0 
    -6.66667     -0.74564            0            0            0 
    -6.66667    -0.719443            0            0            0 
    -6.66667    -0.692584            0            0            0 
    -6.66667    -0.665062            0            0            0 
    -6.66667    -0.636876            0            0            0 
    -6.66667    -0.608026            0            0            0 
    -6.66667    -0.578514            0            0            0 
    -6.66667    -0.548339            0            0            0 
    -6.66667    -0.517501            0            0            0 
    -6.66667    -0.485998            0            0            0 
    -6.66667    -0.453833            0            0            0 
    -6.66667    -0.421005            0            0            0 
    -6.66667    -0.387514            0            0            0 
    -6.66667    -0.353359            0            0            0 
    -6.66667    -0.318541            0            0            0 
    -6.66667    -0.283061            0            0            0 
    -6.66667    -0.246917            0            0            0 
    -6.66667    -0.210109            0            0            0 
    -6.66667    -0.172638            0            0            0 
    -6.66667    -0.134505            0            0            0 
    -6.66667    -0.095708            0            0            0 
    -6.66667    -0.056247            0            0            0 
    -6.66667    -0.016124            0            0            0 
    -6.66667     0.024662    0.0154508 -8.32798e-07  -0.00262864 
    -6.66667     0.066112    0.0412462  -5.6519e-06  -0.00262874 
    -6.66667     0.108226    0.0672368 -1.42826e-05  -0.00262882 
    -6.66667     0.151002    0.0934188 -2.61658e-05  -0.00262887 
    -6.66667     0.194441     0.119792 -4.07244e-05   -0.0026289 
    -6.66667     0.238543     0.146358  -5.7473e-05   -0.0026289 
    -6.66667     0.283309     0.173117 -7.56717e-05  -0.00262885 
    -6.66667     0.328738     0.200067 -9.49287e-05  -0.00262876 
    -6.66667      0.37483     0.227204 -0.000114789   -0.0026286 
    -6.66667     0.421585     0.254522 -0.000134819  -0.00262838 
    -6.66667     0.469004     0.282011  -0.00015484  -0.00262806 
    -6.66667     0.517086     0.309653 -0.000174342  -0.00262762 
    -6.66667     0.565831     0.337429 -0.000192945  -0.00262709 
    -6.66667     0.615239      0.36531 -0.000210456  -0.00262645 
    -6.66667      0.66531     0.393264 -0.000226698  -0.00262567 
    -6.66667     0.716045     0.421254 -0.000241509  -0.00262474 
    -6.66667     0.767442     0.449233 -0.000254747  -0.00262364 
    -6.66667     0.819503     0.477151 -0.000266287  -0.00262236 
    -6.66667     0.872228     0.504952  -0.00027603  -0.00262086 
    -6.66667     0.925615     0.532571 -0.000283899  -0.00261914 
    -6.66667     0.979665     0.559944 -0.000289843  -0.00261717 
    -6.66667      1.03438     0.586998  -0.00029384  -0.00261495 
    -6.66667      1.08976     0.613659 -0.000295893  -0.00261245 
    -6.66667       1.1458     0.639848 -0.000296038  -0.00260967 
    -6.66667       1.2025     0.665486 -0.000294337  -0.00260658 
    -6.66667      1.25987     0.690493 -0.000290886  -0.00260319 
    -6.66667       1.3179     0.714789 -0.000285807  -0.00259948 
    -6.66667      1.37659     0.738295 -0.000279253  -0.00259544 
    -6.66667      1.43594     0.760938 -0.000271403  -0.00259108 
    -6.66667      1.49596     0.782646 -0.000262406  -0.00258637 
    -6.66667      1.55665     0.803355 -0.000252164  -0.00258118 
    -6.66667      1.61799     0.823014 -0.000241321  -0.00257572 
    -6.66667         1.68     0.841576 -0.000229964  -0.00256994 
    -6.66667      1.74267     0.858999   -0.0002182  -0.00256379 
    -6.66667      1.80601     0.875253 -0.000206224  -0.00255729 
    -6.66667      1.87001      0.89032 -0.000194265  -0.00255044 
    -6.66667      1.93467     0.904199 -0.000182564  -0.00254327 
    -6.66667            2     0.916898 -0.000171345  -0.00253578 
          -5        -1.25            0            0            0 
          -5     -1.24967            0            0            0 
          -5     -1.24867            0            0            0 
          -5     -1.24702            0            0            0 
          -5      -1.2447            0            0            0 
          -5     -1.24171            0            0            0 
          -5     -1.23806            0            0            0 
          -5     -1.23375            0            0            0 
          -5     -1.22878            0            0            0 
          -5     -1.22314            0            0            0 
          -5     -1.21684            0            0            0 
          -5     -1.20988            0            0            0 
          -5     -1.20225            0            0            0 
          -5     -1.19396            0            0            0 
          -5     -1.18501            0            0            0 
          -5     -1.17539            0            0            0 
          -5     -1.16511            0            0            0 
          -5     -1.15417            0            0            0 
          -5     -1.14256            0            0            0 
          -5     -1.13029            0            0            0 
          -5     -1.11736            0            0            0 
          -5     -1.10377            0            0            0 
          -5     -1.08951            0            0            0 
          -5     -1.07458            0            0            0 
          -5       -1.059            0            0            0 
          -5     -1.04275            0            0            0 
          -5     -1.02584            0            0            0 
          -5     -1.00827            0            0            0 
          -5    -0.990028            0            0            0 
          -5    -0.971127            0            0            0 
          -5    -0.951562            0            0            0 
          -5    -0.931335            0            0            0 
          -5    -0.910444            0            0            0 
          -5     -0.88889            0            0            0 
          -5    -0.866673            0            0            0 
          -5    -0.843793            0            0            0 
          -5    -0.820249            0            0            0 
          -5    -0.796043            0            0            0 
          -5    -0.771173            0            0            0 
          -5     -0.74564            0            0            0 
          -5    -0.719443            0            0            0 
          -5    -0.692584            0            0            0 
          -5    -0.665062            0            0            0 
          -5    -0.636876            0            0            0 
          -5    -0.608026            0            0            0 
          -5    -0.578514            0            0            0 
          -5    -0.548339            0            0            0 
          -5    -0.517501            0            0            0 
          -5    -0.485998            0            0            0 
          -5    -0.453833            0            0            0 
          -5    -0.421005            0            0            0 
          -5    -0.387514            0            0            0 
          -5    -0.353359            0            0            0 
          -5    -0.318541            0            0            0 
          -5    -0.283061            0            0            0 
          -5    -0.246917            0            0            0 
          -5    -0.210109            0            0            0 
          -5    -0.172638            0            0            0 
          -5    -0.134505            0            0            0 
          -5    -0.095708            0            0            0 
          -5    -0.056247            0            0            0 
          -5    -0.016124            0            0            0 
          -5     0.024662    0.0155761 -1.06748e-06  -0.00285662 
          -5     0.066112    0.0415552 -7.29235e-06  -0.00285675 
          -5     0.108226    0.0676994 -1.84439e-05  -0.00285685 
          -5     0.151002    0.0940056 -3.38003e-05  -0.00285693 
          -5     0.194441     0.120476 -5.26089e-05  -0.00285698 
          -5     0.238543     0.147112 -7.43521e-05  -0.00285699 
          -5     0.283309     0.173918 -9.82327e-05   -0.0028569 
          -5     0.328738     0.200894 -0.000123697  -0.00285675 
          -5      0.37483      0.22804 -0.000150211  -0.00285654 
          -5     0.421585     0.255351 -0.000177246  -0.00285623 
          -5     0.469004      0.28282 -0.000204353  -0.00285582 
          -5     0.517086     0.310432 -0.000231154  -0.00285529 
          -5     0.565831     0.338169 -0.000257331  -0.00285461 
          -5     0.615239     0.366004 -0.000282614  -0.00285377 
          -5      0.66531     0.393906 -0.000306773  -0.00285275 
          -5     0.716045     0.421839 -0.000329606  -0.00285152 
          -5     0.767442     0.449757 -0.000350934  -0.00285007 
          -5     0.819503     0.477613 -0.000370599  -0.00284837 
          -5     0.872228      0.50535  -0.00038846   -0.0028464 
          -5     0.925615     0.532905 -0.000404407  -0.00284414 
          -5     0.979665     0.560214 -0.000418371  -0.00284158 
          -5      1.03438     0.587206 -0.000430353  -0.00283868 
          -5      1.08976     0.613804 -0.000440457  -0.00283543 
          -5       1.1458     0.639936  -0.00044856  -0.00283181 
          -5       1.2025     0.665521 -0.000454657  -0.00282779 
          -5      1.25987     0.690476  -0.00045886  -0.00282338 
          -5       1.3179     0.714724 -0.000461267  -0.00281854 
          -5      1.37659     0.738187 -0.000461992  -0.00281328 
          -5      1.43594     0.760792 -0.000461165  -0.00280758 
          -5      1.49596     0.782469 -0.000458929  -0.00280144 
          -5      1.55665     0.803156 -0.000455444  -0.00279484 
          -5      1.61799     0.822795 -0.000450881   -0.0027878 
          -5         1.68      0.84134 -0.000445426   -0.0027803 
          -5      1.74267     0.858752 -0.000439274  -0.00277236 
          -5      1.80601     0.875002  -0.00043263  -0.00276397 
          -5      1.87001     0.890074 -0.000425702  -0.00275515 
          -5      1.93467     0.903962 -0.000418695  -0.00274591 
          -5            2     0.916674 -0.000411809  -0.00273625 
    -3.33333        -1.25            0            0            0 
    -3.33333     -1.24967            0            0            0 
    -3.33333     -1.24867            0            0            0 
    -3.33333     -1.24702            0            0            0 
    -3.33333      -1.2447            0            0            0 
    -3.33333     -1.24171            0            0            0 
    -3.33333     -1.23806            0            0            0 
    -3.33333     -1.23375            0            0            0 
    -3.33333     -1.22878            0            0            0 
    -3.33333     -1.22314            0            0            0 
    -3.33333     -1.21684            0            0            0 
    -3.33333     -1.20988            0            0            0 
    -3.33333     -1.20225            0            0            0 
    -3.33333     -1.19396            0            0            0 
    -3.33333     -1.18501            0            0            0 
    -3.33333     -1.17539            0            0            0 
    -3.33333     -1.16511            0            0            0 
    -3.33333     -1.15417            0            0            0 
    -3.33333     -1.14256            0            0            0 
    -3.33333     -1.13029            0            0            0 
    -3.33333     -1.11736            0            0            0 
    -3.33333     -1.10377            0            0            0 
    -3.33333     -1.08951            0            0            0 
    -3.33333     -1.07458            0            0            0 
    -3.33333       -1.059            0            0            0 
    -3.33333     -1.04275            0            0            0 
    -3.33333     -1.02584            0            0            0 
    -3.33333     -1.00827            0            0            0 
    -3.33333    -0.990028            0            0            0 
    -3.33333    -0.971127            0            0            0 
    -3.33333    -0.951562            0            0            0 
    -3.33333    -0.931335            0            0            0 
    -3.33333    -0.910444            0            0            0 
    -3.33333     -0.88889            0            0            0 
    -3.33333    -0.866673            0            0            0 
    -3.33333    -0.843793            0            0            0 
    -3.33333    -0.820249            0            0            0 
    -3.33333    -0.796043            0            0            0 
    -3.33333    -0.771173            0            0            0 
    -3.33333     -0.74564            0            0            0 
    -3.33333    -0.719443            0            0            0 
    -3.33333    -0.692584            0            0            0 
    -3.33333    -0.665062            0            0            0 
    -3.33333    -0.636876            0            0            0 
    -3.33333    -0.608026            0            0            0 
    -3.33333    -0.578514            0            0            0 
    -3.33333    -0.548339            0            0            0 
    -3.33333    -0.517501            0            0            0 
    -3.33333    -0.485998            0            0            0 
    -3.33333    -0.453833            0            0            0 
    -3.33333    -0.421005            0            0            0 
    -3.33333    -0.387514            0            0            0 
    -3.33333    -0.353359            0            0            0 
    -3.33333    -0.318541            0            0            0 
    -3.33333    -0.283061            0            0            0 
    -3.33333    -0.246917            0            0            0 
    -3.33333    -0.210109            0            0            0 
    -3.33333    -0.172638            0            0            0 
    -3.33333    -0.134505            0            0            0 
    -3.33333    -0.095708            0            0            0 
    -3.33333    -0.056247            0            0            0 
    -3.33333    -0.016124            0            0            0 
    -3.33333     0.024662    0.0157399 -1.41769e-06  -0.00312242 
    -3.33333     0.066112    0.0419591 -9.65061e-06  -0.00312258 
    -3.33333     0.108226     0.068304 -2.44146e-05  -0.00312271 
    -3.33333     0.151002     0.094773 -4.47783e-05  -0.00312281 
    -3.33333     0.194441      0.12137 -6.97918e-05  -0.00312285 
    -3.33333     0.238543     0.148102   -9.864e-05  -0.00312282 
    -3.33333     0.283309     0.174975   -0.0001304  -0.00312272 
    -3.33333     0.328738     0.201993 -0.000164419  -0.00312253 
    -3.33333      0.37483     0.229159 -0.000199989  -0.00312222 
    -3.33333     0.421585     0.256473  -0.00023651  -0.00312177 
    -3.33333     0.469004     0.283928  -0.00027346  -0.00312116 
    -3.33333     0.517086     0.311514 -0.000310392  -0.00312038 
    -3.33333     0.565831     0.339212 -0.000346924  -0.00311939 
    -3.33333     0.615239     0.367001 -0.000382739  -0.00311816 
    -3.33333      0.66531     0.394851 -0.000417553  -0.00311667 
    -3.33333     0.716045     0.422725 -0.000451098   -0.0031149 
    -3.33333     0.767442     0.450582 -0.000483166   -0.0031128 
    -3.33333     0.819503     0.478372 -0.000513588  -0.00311037 
    -3.33333     0.872228     0.506041 -0.000542226  -0.00310755 
    -3.33333     0.925615     0.533528 -0.000568979  -0.00310433 
    -3.33333     0.979665     0.560768 -0.000593651  -0.00310068 
    -3.33333      1.03438     0.587691 -0.000616303  -0.00309657 
    -3.33333      1.08976     0.614224  -0.00063684  -0.00309197 
    -3.33333       1.1458      0.64029 -0.000655223  -0.00308685 
    -3.33333       1.2025      0.66581 -0.000671458   -0.0030812 
    -3.33333      1.25987     0.690706 -0.000685578  -0.00307499 
    -3.33333       1.3179     0.714898 -0.000697635  -0.00306821 
    -3.33333      1.37659     0.738309 -0.000707709  -0.00306086 
    -3.33333      1.43594     0.760866 -0.000715893  -0.00305292 
    -3.33333      1.49596     0.782501 -0.000722295  -0.00304438 
    -3.33333      1.55665     0.803151 -0.000727056  -0.00303524 
    -3.33333      1.61799     0.822759 -0.000730333   -0.0030255 
    -3.33333         1.68     0.841277 -0.000732298  -0.00301515 
    -3.33333      1.74267     0.858668 -0.000733144   -0.0030042 
    -3.33333      1.80601     0.874903 -0.000733043  -0.00299267 
    -3.33333      1.87001     0.889965 -0.000732141   -0.0029806 
    -3.33333      1.93467     0.903849 -0.000730685    -0.002968 
    -3.33333            2     0.916562 -0.000728857  -0.00295489 
    -1.66667        -1.25            0            0            0 
    -1.66667     -1.24967            0            0            0 
    -1.66667     -1.24867            0            0            0 
    -1.66667     -1.24702            0            0            0 
    -1.66667      -1.2447            0            0            0 
    -1.66667     -1.24171            0            0            0 
    -1.66667     -1.23806            0            0            0 
    -1.66667     -1.23375            0            0            0 
    -1.66667     -1.22878            0            0            0 
    -1.66667     -1.22314            0            0            0 
    -1.66667     -1.21684            0            0            0 
    -1.66667     -1.20988            0            0            0 
    -1.66667     -1.20225            0            0            0 
    -1.66667     -1.19396            0            0            0 
    -1.66667     -1.18501            0            0            0 
    -1.66667     -1.17539            0            0            0 
    -1.66667     -1.16511            0            0            0 
    -1.66667     -1.15417            0            0            0 
    -1.66667     -1.14256            0            0            0 
    -1.66667     -1.13029            0            0            0 
    -1.66667     -1.11736            0            0            0 
    -1.66667     -1.10377            0            0            0 
    -1.66667     -1.08951            0            0            0 
    -1.66667     -1.07458            0            0            0 
    -1.66667       -1.059            0            0            0 
    -1.66667     -1.04275            0            0            0 
    -1.66667     -1.02584            0            0            0 
    -1.66667     -1.00827            0            0            0 
    -1.66667    -0.990028            0            0            0 
    -1.66667    -0.971127            0            0            0 
    -1.66667    -0.951562            0            0            0 
    -1.66667    -0.931335            0            0            0 
    -1.66667    -0.910444            0            0            0 
    -1.66667     -0.88889            0            0            0 
    -1.66667    -0.866673            0            0            0 
    -1.66667    -0.843793            0            0            0 
    -1.66667    -0.820249            0            0            0 
    -1.66667    -0.796043            0            0            0 
    -1.66667    -0.771173            0            0            0 
    -1.66667     -0.74564            0            0            0 
    -1.66667    -0.719443            0            0            0 
    -1.66667    -0.692584            0            0            0 
    -1.66667    -0.665062            0            0            0 
    -1.66667    -0.636876            0            0            0 
    -1.66667    -0.608026            0            0            0 
    -1.66667    -0.578514            0            0            0 
    -1.66667    -0.548339            0            0            0 
    -1.66667    -0.517501            0            0            0 
    -1.66667    -0.485998            0            0            0 
    -1.66667    -0.453833            0            0            0 
    -1.66667    -0.421005            0            0            0 
    -1.66667    -0.387514            0            0            0 
    -1.66667    -0.353359            0            0            0 
    -1.66667    -0.318541            0            0            0 
    -1.66667    -0.283061            0            0            0 
    -1.66667    -0.246917            0            0            0 
    -1.66667    -0.210109            0            0            0 
    -1.66667    -0.172638            0            0            0 
    -1.66667    -0.134505            0            0            0 
    -1.66667    -0.095708            0            0            0 
    -1.66667    -0.056247            0            0            0 
    -1.66667    -0.016124            0            0            0 
    -1.66667     0.024662    0.0159675  -2.1245e-06  -0.00343996 
    -1.66667     0.066112    0.0425183 -1.43668e-05   -0.0034402 
    -1.66667     0.108226     0.069138 -3.61283e-05  -0.00344038 
    -1.66667     0.151002    0.0958284 -6.58654e-05  -0.00344048 
    -1.66667     0.194441     0.122599 -0.000102134  -0.00344048 
    -1.66667     0.238543      0.14946 -0.000143632  -0.00344035 
    -1.66667     0.283309     0.176425 -0.000189191  -0.00344005 
    -1.66667     0.328738     0.203503 -0.000237799  -0.00343956 
    -1.66667      0.37483     0.230702 -0.000288577  -0.00343883 
    -1.66667     0.421585     0.258025 -0.000340758  -0.00343782 
    -1.66667     0.469004     0.285472 -0.000393692   -0.0034365 
    -1.66667     0.517086     0.313032 -0.000446826  -0.00343482 
    -1.66667     0.565831     0.340694 -0.000499686  -0.00343273 
    -1.66667     0.615239     0.368435  -0.00055185   -0.0034302 
    -1.66667      0.66531     0.396228 -0.000602963  -0.00342718 
    -1.66667     0.716045      0.42404 -0.000652726  -0.00342363 
    -1.66667     0.767442     0.451827 -0.000700878  -0.00341952 
    -1.66667     0.819503     0.479545 -0.000747188  -0.00341479 
    -1.66667     0.872228     0.507139 -0.000791457  -0.00340942 
    -1.66667     0.925615     0.534548 -0.000833519  -0.00340337 
    -1.66667     0.979665     0.561709 -0.000873239  -0.00339661 
    -1.66667      1.03438     0.588553 -0.000910502  -0.00338912 
    -1.66667      1.08976     0.615007 -0.000945223  -0.00338087 
    -1.66667       1.1458     0.640994 -0.000977325  -0.00337184 
    -1.66667       1.2025     0.666437  -0.00100676  -0.00336202 
    -1.66667      1.25987     0.691258  -0.00103354   -0.0033514 
    -1.66667       1.3179     0.715379  -0.00105767  -0.00333997 
    -1.66667      1.37659     0.738722  -0.00107919  -0.00332773 
    -1.66667      1.43594     0.761216  -0.00109816   -0.0033147 
    -1.66667      1.49596     0.782791  -0.00111468  -0.00330089 
    -1.66667      1.55665     0.803386  -0.00112884  -0.00328631 
    -1.66667      1.61799     0.822945  -0.00114079  -0.00327096 
    -1.66667         1.68     0.841419  -0.00115073  -0.00325488 
    -1.66667      1.74267     0.858772  -0.00115876  -0.00323811 
    -1.66667      1.80601     0.874974  -0.00116503  -0.00322069 
    -1.66667      1.87001     0.890009  -0.00116984  -0.00320266 
    -1.66667      1.93467     0.903871  -0.00117334  -0.00318403 
    -1.66667            2     0.916569  -0.00117576  -0.00316485 
          -0        -1.25            0            0  -0.00333561 
          -0     -1.24967            0            0  -0.00333561 
          -0     -1.24867            0            0  -0.00333561 
          -0     -1.24702            0            0  -0.00333561 
          -0      -1.2447           -0           -0  -0.00333561 
          -0     -1.24171           -0           -0  -0.00333562 
          -0     -1.23806           -0           -0  -0.00333564 
          -0     -1.23375            0            0  -0.00333565 
          -0     -1.22878            0            0  -0.00333567 
          -0     -1.22314           -0           -0  -0.00333568 
          -0     -1.21684           -0           -0  -0.00333568 
          -0     -1.20988            0            0  -0.00333566 
          -0     -1.20225            0            0  -0.00333562 
          -0     -1.19396           -0           -0  -0.00333556 
          -0     -1.18501            0            0  -0.00333546 
          -0     -1.17539           -0           -0  -0.00333532 
          -0     -1.16511            0            0  -0.00333515 
          -0     -1.15417           -0           -0  -0.00333493 
          -0     -1.14256            0            0  -0.00333467 
          -0     -1.13029            0            0  -0.00333436 
          -0     -1.11736            0            0    -0.003334 
          -0     -1.10377           -0           -0   -0.0033336 
          -0     -1.08951            0            0  -0.00333316 
          -0     -1.07458           -0           -0  -0.00333268 
          -0       -1.059            0            0  -0.00333216 
          -0     -1.04275           -0           -0  -0.00333161 
          -0     -1.02584           -0           -0  -0.00333104 
          -0     -1.00827            0            0  -0.00333044 
          -0    -0.990028           -0           -0  -0.00332984 
          -0    -0.971127            0            0  -0.00332924 
          -0    -0.951562            0            0  -0.00332864 
          -0    -0.931335           -0           -0  -0.00332808 
          -0    -0.910444           -0           -0  -0.00332755 
          -0     -0.88889            0            0  -0.00332709 
          -0    -0.866673           -0           -0   -0.0033267 
          -0    -0.843793           -0           -0  -0.00332641 
          -0    -0.820249            0            0  -0.00332625 
          -0    -0.796043           -0           -0  -0.00332624 
          -0    -0.771173            0            0  -0.00332641 
          -0     -0.74564            0            0  -0.00332681 
          -0    -0.719443            0            0  -0.00332747 
          -0    -0.692584           -0           -0  -0.00332843 
          -0    -0.665062            0            0  -0.00332974 
          -0    -0.636876           -0           -0  -0.00333146 
          -0    -0.608026           -0           -0  -0.00333364 
          -0    -0.578514            0            0  -0.00333636 
          -0    -0.548339            0            0   -0.0033397 
          -0    -0.517501           -0           -0  -0.00334373 
          -0    -0.485998           -0           -0  -0.00334858 
          -0    -0.453833           -0           -0  -0.00335437 
          -0    -0.421005            0            0  -0.00336127 
          -0    -0.387514           -0           -0  -0.00336949 
          -0    -0.353359           -0           -0  -0.00337935 
          -0    -0.318541           -0           -0   -0.0033913 
          -0    -0.283061  7.65965e-23  5.36277e-19  -0.00340599 
          -0    -0.246917 -6.10917e-23  6.04643e-19  -0.00342458 
          -0    -0.210109            0            0  -0.00344872 
          -0    -0.172638           -0           -0  -0.00348212 
          -0    -0.134505            0            0  -0.00352767 
          -0    -0.095708           -0           -0  -0.00361826 
          -0    -0.056247  1.05658e-19  1.46835e-18  -0.00372099 
          -0    -0.016124 -2.50444e-19  1.91146e-18  -0.00437113 
          -0     0.024662     0.018469  -0.00198244  -0.00398627 
          -0     0.066112     0.044662  -0.00196907  -0.00386785 
          -0     0.108226     0.071298  -0.00171578   -0.0038228 
          -0     0.151002    0.0980056  -0.00148793  -0.00377894 
          -0     0.194441     0.124812  -0.00134029  -0.00375298 
          -0     0.238543     0.151687  -0.00125118  -0.00372522 
          -0     0.283309     0.178662  -0.00120147   -0.0037066 
          -0     0.328738     0.205732  -0.00117484   -0.0036888 
          -0      0.37483     0.232908  -0.00116624  -0.00367292 
          -0     0.421585     0.260194  -0.00117086  -0.00365844 
          -0     0.469004     0.287591  -0.00118532  -0.00364498 
          -0     0.517086     0.315092   -0.0012071  -0.00363226 
          -0     0.565831     0.342685  -0.00123428  -0.00362005 
          -0     0.615239      0.37035  -0.00126537  -0.00360817 
          -0      0.66531     0.398062  -0.00129918  -0.00359646 
          -0     0.716045     0.425787  -0.00133474  -0.00358481 
          -0     0.767442     0.453485  -0.00137126  -0.00357308 
          -0     0.819503     0.481109  -0.00140809  -0.00356123 
          -0     0.872228     0.508607  -0.00144469  -0.00354914 
          -0     0.925615     0.535919  -0.00148059  -0.00353673 
          -0     0.979665     0.562982  -0.00151539  -0.00352396 
          -0      1.03438     0.589728  -0.00154874  -0.00351076 
          -0      1.08976     0.616083  -0.00158038  -0.00349709 
          -0       1.1458     0.641973   -0.0016102  -0.00348289 
          -0       1.2025     0.667321  -0.00163778  -0.00346815 
          -0      1.25987     0.692048  -0.00166306  -0.00345283 
          -0       1.3179     0.716078  -0.00168601  -0.00343694 
          -0      1.37659     0.739334  -0.00170648  -0.00342043 
          -0      1.43594     0.761744  -0.00172449  -0.00340327 
          -0      1.49596     0.783241  -0.00174005  -0.00338549 
          -0      1.55665     0.803762  -0.00175317   -0.0033671 
          -0      1.61799     0.823252  -0.00176392  -0.00334811 
          -0         1.68     0.841663  -0.00177241  -0.00332851 
          -0      1.74267     0.858958  -0.00177869  -0.00330832 
          -0      1.80601      0.87511  -0.00178312  -0.00328759 
          -0      1.87001       0.8901  -0.00178565  -0.00326634 
          -0      1.93467     0.903925  -0.00178646  -0.00324458 
          -0            2     0.916591  -0.00178584  -0.00322234 
     1.66667        -1.25 -3.86077e-16  2.77869e-27  -0.00332538 
     1.66667     -1.24967 -1.49948e-05  1.51709e-09  -0.00332537 
     1.66667     -1.24867 -6.00402e-05  2.43318e-08  -0.00332535 
     1.66667     -1.24702 -0.000135002  1.23093e-07   -0.0033253 
     1.66667      -1.2447 -0.000239731  3.88485e-07  -0.00332524 
     1.66667     -1.24171 -0.000374021  9.46661e-07  -0.00332516 
     1.66667     -1.23806 -0.000537648  1.95877e-06  -0.00332506 
     1.66667     -1.23375 -0.000730242  3.61919e-06  -0.00332494 
     1.66667     -1.22878 -0.000951416  6.15484e-06  -0.00332481 
     1.66667     -1.22314  -0.00120072  9.82354e-06  -0.00332466 
     1.66667     -1.21684  -0.00147766  1.49123e-05  -0.00332449 
     1.66667     -1.20988  -0.00178168  2.17365e-05  -0.00332431 
     1.66667     -1.20225  -0.00211212  3.06347e-05  -0.00332412 
     1.66667     -1.19396  -0.00246826  4.19687e-05  -0.00332391 
     1.66667     -1.18501  -0.00284931  5.61205e-05  -0.00332369 
     1.66667     -1.17539  -0.00325442  7.34886e-05  -0.00332347 
     1.66667     -1.16511  -0.00368265  9.44873e-05  -0.00332323 
     1.66667     -1.15417  -0.00413288  0.000119535  -0.00332298 
     1.66667     -1.14256  -0.00460403  0.000149064  -0.00332272 
     1.66667     -1.13029  -0.00509475  0.000183504  -0.00332247 
     1.66667     -1.11736  -0.00560367  0.000223284  -0.00332221 
     1.66667     -1.10377  -0.00612914  0.000268817  -0.00332195 
     1.66667     -1.08951  -0.00666947  0.000320518  -0.00332169 
     1.66667     -1.07458  -0.00722269  0.000378769  -0.00332144 
     1.66667       -1.059  -0.00778664  0.000443933   -0.0033212 
     1.66667     -1.04275  -0.00835894  0.000516339  -0.00332098 
     1.66667     -1.02584  -0.00893695  0.000596281  -0.00332078 
     1.66667     -1.00827  -0.00951766   0.00068399   -0.0033206 
     1.66667    -0.990028   -0.0100979  0.000779664  -0.00332045 
     1.66667    -0.971127   -0.0106739  0.000883416  -0.00332035 
     1.66667    -0.951562   -0.0112419  0.000995299  -0.00332028 
     1.66667    -0.931335   -0.0117972   0.00111526  -0.00332027 
     1.66667    -0.910444   -0.0123351   0.00124318  -0.00332032 
     1.66667     -0.88889   -0.0128503   0.00137881  -0.00332044 
     1.66667    -0.866673   -0.0133368   0.00152179  -0.00332064 
     1.66667    -0.843793   -0.0137883   0.00167163  -0.00332092 
     1.66667    -0.820249   -0.0141977    0.0018277   -0.0033213 
     1.66667    -0.796043   -0.0145572    0.0019892  -0.00332178 
     1.66667    -0.771173   -0.0148586   0.00215519  -0.00332237 
     1.66667     -0.74564   -0.0150925   0.00232451  -0.00332308 
     1.66667    -0.719443   -0.0152488   0.00249584  -0.00332391 
     1.66667    -0.692584   -0.0153167   0.00266762  -0.00332486 
     1.66667    -0.665062   -0.0152838   0.00283808  -0.00332594 
     1.66667    -0.636876   -0.0151367   0.00300523  -0.00332714 
     1.66667    -0.608026   -0.0148607    0.0031668  -0.00332845 
     1.66667    -0.578514   -0.0144389   0.00332025  -0.00332986 
     1.66667    -0.548339   -0.0138527    0.0034628  -0.00333135 
     1.66667    -0.517501   -0.0130805   0.00359137  -0.00333291 
     1.66667    -0.485998   -0.0120975   0.00370258  -0.00333451 
     1.66667    -0.453833   -0.0108751   0.00379277  -0.00333612 
     1.66667    -0.421005  -0.00937887   0.00385797  -0.00333769 
     1.66667    -0.387514  -0.00756803   0.00389399  -0.00333919 
     1.66667    -0.353359  -0.00539283   0.00389638  -0.00334055 
     1.66667    -0.318541   -0.0027925    0.0038606  -0.00334174 
     1.66667    -0.283061  0.000307893   0.00378209  -0.00334269 
     1.66667    -0.246917   0.00400147    0.0036565  -0.00334335 
     1.66667    -0.210109   0.00840337   0.00348005  -0.00334367 
     1.66667    -0.172638    0.0136551   0.00324999   -0.0033436 
     1.66667    -0.134505    0.0199285   0.00296525  -0.00334312 
     1.66667    -0.095708     0.027428    0.0026273  -0.00334222 
     1.66667    -0.056247     0.036388   0.00224112   -0.0033409 
     1.66667    -0.016124    0.0470629   0.00181626  -0.00333924 
     1.66667     0.024662    0.0597087   0.00136737   -0.0033373 
     1.66667     0.066112    0.0745496  0.000914078  -0.00333522 
     1.66667     0.108226    0.0917331   0.00047942  -0.00333313 
     1.66667     0.151002     0.111281  8.65309e-05  -0.00333116 
     1.66667     0.194441     0.133052 -0.000246156  -0.00332941 
     1.66667     0.238543     0.156744 -0.000509601   -0.0033279 
     1.66667     0.283309     0.181929 -0.000706625  -0.00332659 
     1.66667     0.328738     0.208148 -0.000850247  -0.00332539 
     1.66667      0.37483     0.234997 -0.000958298  -0.00332416 
     1.66667     0.421585     0.262194  -0.00104711  -0.00332282 
     1.66667     0.469004     0.289578  -0.00112762  -0.00332129 
     1.66667     0.517086     0.317074  -0.00120526  -0.00331952 
     1.66667     0.565831     0.344648  -0.00128179  -0.00331748 
     1.66667     0.615239     0.372279   -0.0013574  -0.00331513 
     1.66667      0.66531     0.399943  -0.00143173  -0.00331244 
     1.66667     0.716045     0.427609  -0.00150457  -0.00330938 
     1.66667     0.767442     0.455238  -0.00157537   -0.0033059 
     1.66667     0.819503     0.482786  -0.00164402  -0.00330197 
     1.66667     0.872228     0.510202  -0.00171025  -0.00329755 
     1.66667     0.925615     0.537426  -0.00177362  -0.00329259 
     1.66667     0.979665     0.564397  -0.00183422  -0.00328706 
     1.66667      1.03438     0.591048  -0.00189161  -0.00328091 
     1.66667      1.08976     0.617306  -0.00194581  -0.00327411 
     1.66667       1.1458     0.643097   -0.0019965  -0.00326663 
     1.66667       1.2025     0.668345  -0.00204372  -0.00325841 
     1.66667      1.25987     0.692972   -0.0020874  -0.00324944 
     1.66667       1.3179     0.716904  -0.00212732   -0.0032397 
     1.66667      1.37659     0.740064   -0.0021635  -0.00322919 
     1.66667      1.43594      0.76238  -0.00219611  -0.00321784 
     1.66667      1.49596     0.783785    -0.002225  -0.00320565 
     1.66667      1.55665     0.804219  -0.00225035  -0.00319268 
     1.66667      1.61799     0.823627  -0.00227212  -0.00317889 
     1.66667         1.68     0.841961  -0.00229047  -0.00316426 
     1.66667      1.74267     0.859185  -0.00230562  -0.00314883 
     1.66667      1.80601     0.875272  -0.00231772  -0.00313263 
     1.66667      1.87001     0.890203  -0.00232696   -0.0031157 
     1.66667      1.93467     0.903975  -0.00233358  -0.00309804 
     1.66667            2     0.916595  -0.00233768  -0.00307968 
     3.33333        -1.25            0            0  -0.00317892 
     3.33333     -1.24967   -2.786e-05  1.07351e-09  -0.00317891 
     3.33333     -1.24867 -0.000111523  1.72145e-08  -0.00317889 
     3.33333     -1.24702  -0.00025065  8.70624e-08  -0.00317886 
     3.33333      -1.2447 -0.000444814  2.74662e-07  -0.00317882 
     3.33333     -1.24171  -0.00069342  6.68951e-07  -0.00317876 
     3.33333     -1.23806 -0.000995785  1.38328e-06  -0.00317869 
     3.33333     -1.23375  -0.00135089  2.55394e-06  -0.00317861 
     3.33333     -1.22878  -0.00175762  4.33946e-06  -0.00317851 
     3.33333     -1.22314   -0.0022147  6.91918e-06  -0.00317841 
     3.33333     -1.21684  -0.00272066  1.04917e-05  -0.00317829 
     3.33333     -1.20988  -0.00327397  1.52737e-05  -0.00317817 
     3.33333     -1.20225  -0.00387271  2.14965e-05  -0.00317804 
     3.33333     -1.19396  -0.00451489  2.94051e-05  -0.00317789 
     3.33333     -1.18501  -0.00519832  3.92554e-05  -0.00317775 
     3.33333     -1.17539  -0.00592058   5.1312e-05  -0.00317759 
     3.33333     -1.16511  -0.00667915  6.58464e-05  -0.00317743 
     3.33333     -1.15417  -0.00747105  8.31284e-05  -0.00317726 
     3.33333     -1.14256  -0.00829335  0.000103433  -0.00317709 
     3.33333     -1.13029  -0.00914265  0.000127027  -0.00317692 
     3.33333     -1.11736   -0.0100154  0.000154173  -0.00317675 
     3.33333     -1.10377   -0.0109076  0.000185115  -0.00317659 
     3.33333     -1.08951   -0.0118152   0.00022009  -0.00317642 
     3.33333     -1.07458   -0.0127336  0.000259309  -0.00317627 
     3.33333       -1.059   -0.0136579  0.000302961  -0.00317612 
     3.33333     -1.04275   -0.0145828  0.000351203  -0.00317599 
     3.33333     -1.02584   -0.0155026  0.000404165  -0.00317587 
     3.33333     -1.00827   -0.0164111  0.000461925  -0.00317577 
     3.33333    -0.990028   -0.0173018  0.000524532  -0.00317569 
     3.33333    -0.971127   -0.0181675  0.000591972  -0.00317563 
     3.33333    -0.951562   -0.0190006  0.000664187  -0.00317561 
     3.33333    -0.931335   -0.0197929  0.000741042  -0.00317562 
     3.33333    -0.910444   -0.0205356  0.000822354  -0.00317567 
     3.33333     -0.88889   -0.0212192  0.000907856  -0.00317576 
     3.33333    -0.866673   -0.0218338  0.000997203   -0.0031759 
     3.33333    -0.843793   -0.0223686   0.00108997  -0.00317609 
     3.33333    -0.820249   -0.0228122   0.00118565  -0.00317634 
     3.33333    -0.796043   -0.0231522   0.00128361  -0.00317664 
     3.33333    -0.771173   -0.0233759   0.00138317    -0.003177 
     3.33333     -0.74564   -0.0234692   0.00148349  -0.00317743 
     3.33333    -0.719443   -0.0234176   0.00158365  -0.00317792 
     3.33333    -0.692584   -0.0232052   0.00168261  -0.00317847 
     3.33333    -0.665062   -0.0228153   0.00177921  -0.00317909 
     3.33333    -0.636876   -0.0222298   0.00187217  -0.00317976 
     3.33333    -0.608026   -0.0214293   0.00196009  -0.00318049 
     3.33333    -0.578514   -0.0203928   0.00204143  -0.00318126 
     3.33333    -0.548339   -0.0190975   0.00211456  -0.00318206 
     3.33333    -0.517501   -0.0175181   0.00217768  -0.00318289 
     3.33333    -0.485998   -0.0156267   0.00222893  -0.00318374 
     3.33333    -0.453833   -0.0133922   0.00226631  -0.00318457 
     3.33333    -0.421005   -0.0107793   0.00228775  -0.00318538 
     3.33333    -0.387514  -0.00774784   0.00229111  -0.00318614 
     3.33333    -0.353359  -0.00425122   0.00227424  -0.00318683 
     3.33333    -0.318541 -0.000235704   0.00223502  -0.00318744 
     3.33333    -0.283061   0.00436141   0.00217143  -0.00318792 
     3.33333    -0.246917   0.00961394   0.00208165  -0.00318827 
     3.33333    -0.210109    0.0156079   0.00196423  -0.00318846 
     3.33333    -0.172638    0.0224433   0.00181823  -0.00318848 
     3.33333    -0.134505    0.0302348   0.00164343   -0.0031883 
     3.33333    -0.095708    0.0391128   0.00144063  -0.00318793 
     3.33333    -0.056247    0.0492205   0.00121185  -0.00318736 
     3.33333    -0.016124    0.0607086  0.000960676   -0.0031866 
     3.33333     0.024662    0.0737291   0.00069236  -0.00318567 
     3.33333     0.066112    0.0884209  0.000413855   -0.0031846 
     3.33333     0.108226     0.104893  0.000133567   -0.0031834 
     3.33333     0.151002     0.123205 -0.000139264  -0.00318213 
     3.33333     0.194441     0.143346 -0.000395598  -0.00318078 
     3.33333     0.238543     0.165224 -0.000627851  -0.00317938 
     3.33333     0.283309     0.188662 -0.000831172  -0.00317791 
     3.33333     0.328738      0.21341  -0.00100428  -0.00317634 
     3.33333      0.37483     0.239182  -0.00114964  -0.00317463 
     3.33333     0.421585      0.26569  -0.00127244  -0.00317272 
     3.33333     0.469004     0.292684  -0.00137907  -0.00317054 
     3.33333     0.517086     0.319973  -0.00147557  -0.00316804 
     3.33333     0.565831     0.347431  -0.00156633  -0.00316517 
     3.33333     0.615239     0.374976  -0.00165402  -0.00316189 
     3.33333      0.66531     0.402557  -0.00173974  -0.00315817 
     3.33333     0.716045     0.430135  -0.00182382  -0.00315397 
     3.33333     0.767442      0.45767  -0.00190606  -0.00314925 
     3.33333     0.819503     0.485116  -0.00198617    -0.003144 
     3.33333     0.872228     0.512423  -0.00206391  -0.00313818 
     3.33333     0.925615     0.539535  -0.00213903  -0.00313177 
     3.33333     0.979665     0.566389  -0.00221125  -0.00312472 
     3.33333      1.03438     0.592919  -0.00228029    -0.003117 
     3.33333      1.08976     0.619053  -0.00234572  -0.00310862 
     3.33333       1.1458      0.64472  -0.00240811  -0.00309952 
     3.33333       1.2025     0.669842  -0.00246627  -0.00308968 
     3.33333      1.25987     0.694342  -0.00252084  -0.00307916 
     3.33333       1.3179     0.718148  -0.00257134  -0.00306788 
     3.33333      1.37659     0.741185  -0.00261771  -0.00305582 
     3.33333      1.43594      0.76338  -0.00265998    -0.003043 
     3.33333      1.49596     0.784667  -0.00269817   -0.0030294 
     3.33333      1.55665     0.804986  -0.00273228  -0.00301505 
     3.33333      1.61799     0.824284  -0.00276229  -0.00299996 
     3.33333         1.68     0.842515  -0.00278823  -0.00298416 
     3.33333      1.74267     0.859642  -0.00281029  -0.00296767 
     3.33333      1.80601     0.875636  -0.00282887  -0.00295047 
     3.33333      1.87001     0.890484  -0.00284384  -0.00293259 
     3.33333      1.93467     0.904178   -0.0028554  -0.00291413 
     3.33333            2     0.916729  -0.00286387  -0.00289509 
           5        -1.25 -5.56225e-18 -1.71944e-29  -0.00290269 
           5     -1.24967  -3.7199e-05   8.0246e-10  -0.00290269 
           5     -1.24867 -0.000148889  1.28669e-08  -0.00290267 
           5     -1.24702 -0.000334561  6.50655e-08  -0.00290265 
           5      -1.2447 -0.000593555  2.05227e-07  -0.00290262 
           5     -1.24171 -0.000924948  4.99715e-07  -0.00290257 
           5     -1.23806  -0.00132766  1.03301e-06  -0.00290252 
           5     -1.23375  -0.00180013  1.90654e-06  -0.00290246 
           5     -1.22878  -0.00234064  3.23808e-06  -0.00290239 
           5     -1.22314  -0.00294721  5.16054e-06  -0.00290231 
           5     -1.21684  -0.00361757  7.82074e-06  -0.00290223 
           5     -1.20988  -0.00434931  1.13785e-05  -0.00290214 
           5     -1.20225  -0.00513953  1.60035e-05  -0.00290204 
           5     -1.19396  -0.00598513  2.18749e-05  -0.00290193 
           5     -1.18501  -0.00688276  2.91792e-05  -0.00290182 
           5     -1.17539  -0.00782873  3.81076e-05  -0.00290171 
           5     -1.16511  -0.00881919  4.88553e-05  -0.00290159 
           5     -1.15417  -0.00984965  6.16147e-05  -0.00290147 
           5     -1.14256   -0.0109157  7.65804e-05  -0.00290135 
           5     -1.13029   -0.0120122  9.39385e-05  -0.00290123 
           5     -1.11736    -0.013134   0.00011387   -0.0029011 
           5     -1.10377   -0.0142752   0.00013654  -0.00290099 
           5     -1.08951   -0.0154298  0.000162107  -0.00290087 
           5     -1.07458   -0.0165913  0.000190706  -0.00290076 
           5       -1.059   -0.0177526  0.000222453  -0.00290066 
           5     -1.04275   -0.0189063   0.00025744  -0.00290056 
           5     -1.02584   -0.0200445  0.000295735  -0.00290048 
           5     -1.00827   -0.0211586  0.000337365  -0.00290041 
           5    -0.990028   -0.0222398  0.000382332  -0.00290036 
           5    -0.971127   -0.0232785  0.000430593  -0.00290033 
           5    -0.951562   -0.0242645  0.000482066  -0.00290032 
           5    -0.931335   -0.0251869  0.000536615  -0.00290033 
           5    -0.910444   -0.0260346  0.000594064  -0.00290037 
           5     -0.88889   -0.0267954  0.000654174  -0.00290044 
           5    -0.866673   -0.0274566  0.000716654  -0.00290054 
           5    -0.843793   -0.0280048  0.000781148  -0.00290067 
           5    -0.820249   -0.0284258   0.00084724  -0.00290085 
           5    -0.796043    -0.028705   0.00091444  -0.00290106 
           5    -0.771173   -0.0288265  0.000982194  -0.00290131 
           5     -0.74564   -0.0287741   0.00104987  -0.00290161 
           5    -0.719443   -0.0285304   0.00111677  -0.00290194 
           5    -0.692584   -0.0280774   0.00118209  -0.00290232 
           5    -0.665062   -0.0273958   0.00124499  -0.00290273 
           5    -0.636876   -0.0264655   0.00130452  -0.00290318 
           5    -0.608026   -0.0252651   0.00135967  -0.00290367 
           5    -0.578514   -0.0237719   0.00140933  -0.00290418 
           5    -0.548339   -0.0219615   0.00145234  -0.00290472 
           5    -0.517501   -0.0198079   0.00148746  -0.00290527 
           5    -0.485998   -0.0172824   0.00151337  -0.00290582 
           5    -0.453833   -0.0143545   0.00152874  -0.00290637 
           5    -0.421005   -0.0109898   0.00153216   -0.0029069 
           5    -0.387514  -0.00715054   0.00152221   -0.0029074 
           5    -0.353359  -0.00279425    0.0014975  -0.00290786 
           5    -0.318541   0.00212674   0.00145667  -0.00290826 
           5    -0.283061   0.00766628   0.00139843  -0.00290859 
           5    -0.246917     0.013886   0.00132167  -0.00290883 
           5    -0.210109    0.0208555   0.00122549  -0.00290898 
           5    -0.172638    0.0286531   0.00110931  -0.00290901 
           5    -0.134505    0.0373663  0.000972984  -0.00290892 
           5    -0.095708    0.0470923  0.000816901   -0.0029087 
           5    -0.056247    0.0579353  0.000642141  -0.00290835 
           5    -0.016124    0.0700034  0.000450597  -0.00290787 
           5     0.024662     0.083405  0.000245036  -0.00290725 
           5     0.066112    0.0982409  2.91363e-05  -0.00290651 
           5     0.108226     0.114594 -0.000192583  -0.00290565 
           5     0.151002     0.132518 -0.000414971  -0.00290468 
           5     0.194441     0.152026 -0.000632669   -0.0029036 
           5     0.238543     0.173081 -0.000840576  -0.00290241 
           5     0.283309     0.195589  -0.00103452  -0.00290109 
           5     0.328738     0.219398  -0.00121167  -0.00289962 
           5      0.37483     0.244314  -0.00137108  -0.00289798 
           5     0.421585     0.270117  -0.00151367  -0.00289613 
           5     0.469004     0.296584  -0.00164181    -0.002894 
           5     0.517086     0.323511  -0.00175861  -0.00289158 
           5     0.565831     0.350732  -0.00186725   -0.0028888 
           5     0.615239     0.378118   -0.0019705  -0.00288562 
           5      0.66531     0.405582   -0.0020702  -0.00288199 
           5     0.716045     0.433054  -0.00216716   -0.0028779 
           5     0.767442     0.460484  -0.00226182  -0.00287332 
           5     0.819503      0.48782  -0.00235417  -0.00286818 
           5     0.872228     0.515012  -0.00244396  -0.00286247 
           5     0.925615     0.542002  -0.00253085  -0.00285616 
           5     0.979665     0.568729   -0.0026146  -0.00284925 
           5      1.03438     0.595128  -0.00269498  -0.00284167 
           5      1.08976     0.621128  -0.00277161  -0.00283339 
           5       1.1458     0.646656  -0.00284439  -0.00282445 
           5       1.2025     0.671639  -0.00291306   -0.0028148 
           5      1.25987        0.696  -0.00297761  -0.00280439 
           5       1.3179     0.719666  -0.00303768  -0.00279319 
           5      1.37659     0.742562  -0.00309305  -0.00278131 
           5      1.43594     0.764618  -0.00314384  -0.00276868 
           5      1.49596      0.78577  -0.00318997  -0.00275529 
           5      1.55665     0.805958  -0.00323143  -0.00274116 
           5      1.61799     0.825129   -0.0032682   -0.0027263 
           5         1.68     0.843237  -0.00330032  -0.00271072 
           5      1.74267     0.860246  -0.00332791  -0.00269445 
           5      1.80601      0.87613  -0.00335125  -0.00267751 
           5      1.87001     0.890877  -0.00337044  -0.00265991 
           5      1.93467     0.904479  -0.00338559  -0.00264171 
           5            2     0.916943  -0.00339703  -0.00262294 
     6.66667        -1.25 -9.46938e-19 -2.50929e-30  -0.00251868 
     6.66667     -1.24967 -4.43291e-05  6.24987e-10  -0.00251868 
     6.66667     -1.24867 -0.000177413  1.00206e-08  -0.00251866 
     6.66667     -1.24702 -0.000398606  5.06668e-08  -0.00251865 
     6.66667      -1.2447 -0.000707054  1.59787e-07  -0.00251862 
     6.66667     -1.24171  -0.00110156  3.88995e-07  -0.00251859 
     6.66667     -1.23806  -0.00158072  8.03935e-07  -0.00251855 
     6.66667     -1.23375  -0.00214252  1.48334e-06   -0.0025185 
     6.66667     -1.22878  -0.00278474  2.51847e-06  -0.00251844 
     6.66667     -1.22314   -0.0035048  4.01217e-06  -0.00251838 
     6.66667     -1.21684  -0.00429981  6.07778e-06  -0.00251832 
     6.66667     -1.20988  -0.00516661  8.83839e-06  -0.00251825 
     6.66667     -1.20225  -0.00610146  1.24243e-05  -0.00251817 
     6.66667     -1.19396   -0.0071004  1.69727e-05  -0.00251809 
     6.66667     -1.18501  -0.00815909  2.26256e-05  -0.00251801 
     6.66667     -1.17539  -0.00927282   2.9528e-05  -0.00251792 
     6.66667     -1.16511   -0.0104366  3.78274e-05  -0.00251783 
     6.66667     -1.15417   -0.0116448  4.76676e-05  -0.00251774 
     6.66667     -1.14256   -0.0128916  5.91934e-05  -0.00251764 
     6.66667     -1.13029   -0.0141708  7.25416e-05  -0.00251755 
     6.66667     -1.11736   -0.0154756  8.78436e-05  -0.00251746 
     6.66667     -1.10377   -0.0167987  0.000105217  -0.00251737 
     6.66667     -1.08951   -0.0181326  0.000124774  -0.00251728 
     6.66667     -1.07458   -0.0194692  0.000146603   -0.0025172 
     6.66667       -1.059   -0.0207997  0.000170782  -0.00251713 
     6.66667     -1.04275   -0.0221152  0.000197363  -0.00251706 
     6.66667     -1.02584   -0.0234058   0.00022638    -0.002517 
     6.66667     -1.00827   -0.0246613  0.000257834  -0.00251695 
     6.66667    -0.990028   -0.0258709  0.000291704  -0.00251692 
     6.66667    -0.971127   -0.0270232  0.000327931   -0.0025169 
     6.66667    -0.951562   -0.0281061  0.000366427  -0.00251689 
     6.66667    -0.931335   -0.0291069  0.000407057  -0.00251691 
     6.66667    -0.910444   -0.0300125  0.000449657  -0.00251694 
     6.66667     -0.88889   -0.0308087  0.000494012    -0.002517 
     6.66667    -0.866673   -0.0314809  0.000539863  -0.00251708 
     6.66667    -0.843793    -0.032014  0.000586904  -0.00251719 
     6.66667    -0.820249   -0.0323918  0.000634781  -0.00251732 
     6.66667    -0.796043   -0.0325977  0.000683079  -0.00251749 
     6.66667    -0.771173   -0.0326143   0.00073134  -0.00251768 
     6.66667     -0.74564   -0.0324234  0.000779042   -0.0025179 
     6.66667    -0.719443   -0.0320062  0.000825612  -0.00251816 
     6.66667    -0.692584   -0.0313431  0.000870413  -0.00251844 
     6.66667    -0.665062   -0.0304134  0.000912756  -0.00251875 
     6.66667    -0.636876   -0.0291956  0.000951893  -0.00251909 
     6.66667    -0.608026   -0.0276674   0.00098702  -0.00251945 
     6.66667    -0.578514   -0.0258052   0.00101728  -0.00251983 
     6.66667    -0.548339   -0.0235841   0.00104175  -0.00252022 
     6.66667    -0.517501   -0.0209777   0.00105949  -0.00252063 
     6.66667    -0.485998   -0.0179577    0.0010695  -0.00252104 
     6.66667    -0.453833   -0.0144942   0.00107075  -0.00252144 
     6.66667    -0.421005   -0.0105544   0.00106219  -0.00252184 
     6.66667    -0.387514  -0.00610278   0.00104276  -0.00252221 
     6.66667    -0.353359  -0.00110025   0.00101144  -0.00252255 
     6.66667    -0.318541   0.00449611  0.000967213  -0.00252285 
     6.66667    -0.283061    0.0107337  0.000909166   -0.0025231 
     6.66667    -0.246917    0.0176659  0.000836477  -0.00252329 
     6.66667    -0.210109    0.0253512  0.000748491  -0.00252341 
     6.66667    -0.172638    0.0338546  0.000644774  -0.00252344 
     6.66667    -0.134505    0.0432468  0.000525178  -0.00252339 
     6.66667    -0.095708    0.0536054  0.000389907  -0.00252324 
     6.66667    -0.056247     0.065012  0.000239606    -0.002523 
     6.66667    -0.016124    0.0775503  7.54383e-05  -0.00252264 
     6.66667     0.024662    0.0913037 -0.000100884  -0.00252218 
     6.66667     0.066112      0.10635 -0.000287061  -0.00252161 
     6.66667     0.108226     0.122754 -0.000480232  -0.00252093 
     6.66667     0.151002     0.140561 -0.000677082  -0.00252013 
     6.66667     0.194441     0.159787 -0.000873994  -0.00251922 
     6.66667     0.238543     0.180416  -0.00106741  -0.00251818 
     6.66667     0.283309     0.202387  -0.00125396  -0.00251701 
     6.66667     0.328738     0.225598   -0.0014311  -0.00251568 
     6.66667      0.37483     0.249908    -0.001597  -0.00251417 
     6.66667     0.421585     0.275147  -0.00175113  -0.00251245 
     6.66667     0.469004     0.301127  -0.00189403  -0.00251047 
     6.66667     0.517086     0.327665    -0.002027  -0.00250821 
     6.66667     0.565831     0.354591  -0.00215181  -0.00250561 
     6.66667     0.615239      0.38176  -0.00227029  -0.00250265 
     6.66667      0.66531     0.409056   -0.0023841  -0.00249927 
     6.66667     0.716045     0.436393  -0.00249435  -0.00249546 
     6.66667     0.767442     0.463697  -0.00260161  -0.00249118 
     6.66667     0.819503     0.490909  -0.00270603  -0.00248639 
     6.66667     0.872228     0.517973  -0.00280757  -0.00248107 
     6.66667     0.925615      0.54483  -0.00290608  -0.00247518 
     6.66667     0.979665     0.571419  -0.00300125  -0.00246871 
     6.66667      1.03438     0.597674  -0.00309272  -0.00246162 
     6.66667      1.08976     0.623525  -0.00318018   -0.0024539 
     6.66667       1.1458     0.648902  -0.00326338  -0.00244551 
     6.66667       1.2025      0.67373  -0.00334213  -0.00243645 
     6.66667      1.25987     0.697936  -0.00341627  -0.00242668 
     6.66667       1.3179     0.721444  -0.00348554  -0.00241622 
     6.66667      1.37659     0.744182  -0.00354949  -0.00240504 
     6.66667      1.43594     0.766084  -0.00360877  -0.00239328 
     6.66667      1.49596     0.787083  -0.00366255  -0.00238069 
     6.66667      1.55665      0.80712  -0.00371099  -0.00236738 
     6.66667      1.61799     0.826144   -0.0037542  -0.00235339 
     6.66667         1.68     0.844111  -0.00379227  -0.00233873 
     6.66667      1.74267     0.860987  -0.00382528  -0.00232342 
     6.66667      1.80601     0.876744  -0.00385335  -0.00230747 
     6.66667      1.87001      0.89137  -0.00387659  -0.00229092 
     6.66667      1.93467     0.904859   -0.0038952   -0.0022738 
     6.66667            2     0.917221  -0.00390941  -0.00225613 
     8.33333        -1.25 -1.06717e-18 -2.29488e-30  -0.00204454 
     8.33333     -1.24967 -4.99567e-05  4.99352e-10  -0.00204454 
     8.33333     -1.24867 -0.000199925  8.00576e-09  -0.00204453 
     8.33333     -1.24702 -0.000449143  4.04749e-08  -0.00204451 
     8.33333      -1.2447 -0.000796593  1.27626e-07  -0.00204449 
     8.33333     -1.24171  -0.00124085  3.10639e-07  -0.00204447 
     8.33333     -1.23806  -0.00178023  6.41843e-07  -0.00204443 
     8.33333     -1.23375  -0.00241234  1.18392e-06   -0.0020444 
     8.33333     -1.22878  -0.00313453  2.00945e-06  -0.00204435 
     8.33333     -1.22314  -0.00394374  3.20004e-06  -0.00204431 
     8.33333     -1.21684  -0.00483651  4.84547e-06  -0.00204425 
     8.33333     -1.20988  -0.00580909  7.04296e-06   -0.0020442 
     8.33333     -1.20225  -0.00685703  9.89518e-06  -0.00204414 
     8.33333     -1.19396  -0.00797562  1.35098e-05  -0.00204407 
     8.33333     -1.18501  -0.00915969  1.79977e-05  -0.00204401 
     8.33333     -1.17539   -0.0104037  2.34718e-05  -0.00204394 
     8.33333     -1.16511   -0.0117017  3.00459e-05  -0.00204387 
     8.33333     -1.15417    -0.013047  3.78306e-05   -0.0020438 
     8.33333     -1.14256   -0.0144328  4.69357e-05  -0.00204372 
     8.33333     -1.13029   -0.0158517  5.74641e-05  -0.00204365 
     8.33333     -1.11736    -0.017296  6.95131e-05  -0.00204358 
     8.33333     -1.10377   -0.0187568   8.3168e-05  -0.00204351 
     8.33333     -1.08951   -0.0202256  9.85069e-05  -0.00204345 
     8.33333     -1.07458   -0.0216929  0.000115591  -0.00204339 
     8.33333       -1.059   -0.0231486  0.000134468  -0.00204333 
     8.33333     -1.04275   -0.0245822  0.000155166  -0.00204328 
     8.33333     -1.02584   -0.0259826  0.000177695  -0.00204324 
     8.33333     -1.00827   -0.0273381  0.000202039   -0.0020432 
     8.33333    -0.990028   -0.0286363   0.00022816  -0.00204318 
     8.33333    -0.971127   -0.0298645  0.000255992  -0.00204317 
     8.33333    -0.951562    -0.031009   0.00028544  -0.00204317 
     8.33333    -0.931335   -0.0320555  0.000316374  -0.00204319 
     8.33333    -0.910444   -0.0329894  0.000348635  -0.00204322 
     8.33333     -0.88889   -0.0337951  0.000382024  -0.00204328 
     8.33333    -0.866673   -0.0344566  0.000416306  -0.00204335 
     8.33333    -0.843793    -0.034957  0.000451207  -0.00204344 
     8.33333    -0.820249    -0.035279  0.000486411  -0.00204355 
     8.33333    -0.796043   -0.0354045  0.000521558  -0.00204369 
     8.33333    -0.771173   -0.0353148  0.000556248  -0.00204385 
     8.33333     -0.74564   -0.0349905  0.000590032  -0.00204403 
     8.33333    -0.719443   -0.0344116  0.000622419  -0.00204423 
     8.33333    -0.692584   -0.0335574   0.00065287  -0.00204446 
     8.33333    -0.665062   -0.0324063  0.000680803  -0.00204471 
     8.33333    -0.636876    -0.030936  0.000705592  -0.00204498 
     8.33333    -0.608026   -0.0291236  0.000726566  -0.00204527 
     8.33333    -0.578514    -0.026945  0.000743014  -0.00204557 
     8.33333    -0.548339   -0.0243751  0.000754189  -0.00204589 
     8.33333    -0.517501   -0.0213878  0.000759308  -0.00204621 
     8.33333    -0.485998    -0.017955  0.000757562  -0.00204654 
     8.33333    -0.453833   -0.0140478   0.00074812  -0.00204686 
     8.33333    -0.421005   -0.0096348  0.000730143  -0.00204717 
     8.33333    -0.387514  -0.00468257   0.00070279  -0.00204747 
     8.33333    -0.353359  0.000845244  0.000665236  -0.00204775 
     8.33333    -0.318541   0.00698772  0.000616695  -0.00204799 
     8.33333    -0.283061    0.0137874  0.000556438  -0.00204819 
     8.33333    -0.246917    0.0212912   0.00048382  -0.00204835 
     8.33333    -0.210109    0.0295502  0.000398322  -0.00204845 
     8.33333    -0.172638    0.0386194  0.000299587  -0.00204849 
     8.33333    -0.134505    0.0485583  0.000187471  -0.00204846 
     8.33333    -0.095708    0.0594311  6.20753e-05  -0.00204836 
     8.33333    -0.056247    0.0713045 -7.61814e-05  -0.00204817 
     8.33333    -0.016124    0.0842458 -0.000226517  -0.00204789 
     8.33333     0.024662    0.0983219 -0.000387764  -0.00204752 
     8.33333     0.066112     0.113595  -0.00055834  -0.00204706 
     8.33333     0.108226     0.130116 -0.000736257  -0.00204649 
     8.33333     0.151002     0.147922 -0.000919161  -0.00204582 
     8.33333     0.194441      0.16703  -0.00110445  -0.00204503 
     8.33333     0.238543     0.187427  -0.00128946  -0.00204412 
     8.33333     0.283309     0.209073  -0.00147157  -0.00204307 
     8.33333     0.328738     0.231889   -0.0016485  -0.00204186 
     8.33333      0.37483     0.255768  -0.00181845  -0.00204048 
     8.33333     0.421585     0.280572  -0.00198038   -0.0020389 
     8.33333     0.469004     0.306144  -0.00213358  -0.00203712 
     8.33333     0.517086     0.332322  -0.00227888  -0.00203505 
     8.33333     0.565831     0.358946  -0.00241697  -0.00203267 
     8.33333     0.615239     0.385871  -0.00254885  -0.00202995 
     8.33333      0.66531      0.41297  -0.00267561  -0.00202686 
     8.33333     0.716045      0.44014  -0.00279821  -0.00202337 
     8.33333     0.767442     0.467296  -0.00291726  -0.00201947 
     8.33333     0.819503     0.494368   -0.0030331   -0.0020151 
     8.33333     0.872228     0.521291  -0.00314567  -0.00201024 
     8.33333     0.925615     0.548003  -0.00325491  -0.00200488 
     8.33333     0.979665      0.57444  -0.00336052  -0.00199897 
     8.33333      1.03438     0.600539  -0.00346216  -0.00199249 
     8.33333      1.08976     0.626229   -0.0035595  -0.00198542 
     8.33333       1.1458     0.651441  -0.00365232  -0.00197773 
     8.33333       1.2025       0.6761  -0.00374041  -0.00196945 
     8.33333      1.25987     0.700134  -0.00382347  -0.00196054 
     8.33333       1.3179     0.723469  -0.00390112  -0.00195098 
     8.33333      1.37659     0.746034  -0.00397334  -0.00194078 
     8.33333      1.43594     0.767763  -0.00403986  -0.00192992 
     8.33333      1.49596     0.788591  -0.00410069  -0.00191841 
     8.33333      1.55665     0.808461  -0.00415579  -0.00190627 
     8.33333      1.61799     0.827322  -0.00420512  -0.00189351 
     8.33333         1.68     0.845131  -0.00424868  -0.00188013 
     8.33333      1.74267     0.861854  -0.00428653  -0.00186616 
     8.33333      1.80601     0.877467  -0.00431881   -0.0018516 
     8.33333      1.87001     0.891956  -0.00434574  -0.00183648 
     8.33333      1.93467     0.905317  -0.00436757  -0.00182083 
     8.33333            2     0.917562  -0.00438453   -0.0018047 
          10        -1.25            0            0  -0.00149355 
          10     -1.24967  -5.4488e-05  4.04742e-10  -0.00149354 
          10     -1.24867 -0.000218049  6.48846e-09  -0.00149354 
          10     -1.24702 -0.000489824  3.27999e-08  -0.00149353 
          10      -1.2447 -0.000868652  1.03408e-07  -0.00149351 
          10     -1.24171  -0.00135291  2.51638e-07  -0.00149349 
          10     -1.23806  -0.00194068  5.19795e-07  -0.00149346 
          10     -1.23375  -0.00262923  9.58491e-07  -0.00149343 
          10     -1.22878  -0.00341556  1.62622e-06   -0.0014934 
          10     -1.22314  -0.00429619  2.58865e-06  -0.00149336 
          10     -1.21684  -0.00526715  3.91781e-06  -0.00149332 
          10     -1.20988   -0.0063242  5.69151e-06  -0.00149327 
          10     -1.20225  -0.00746227  7.99163e-06  -0.00149322 
          10     -1.19396  -0.00867601  1.09036e-05  -0.00149317 
          10     -1.18501  -0.00995956  1.45152e-05  -0.00149312 
          10     -1.17539   -0.0113066   1.8915e-05  -0.00149306 
          10     -1.16511   -0.0127104  2.41917e-05  -0.00149301 
          10     -1.15417   -0.0141634  3.04307e-05  -0.00149295 
          10     -1.14256    -0.015658  3.77161e-05  -0.00149289 
          10     -1.13029   -0.0171857   4.6125e-05  -0.00149284 
          10     -1.11736   -0.0187378  5.57293e-05  -0.00149278 
          10     -1.10377   -0.0203045    6.659e-05  -0.00149273 
          10     -1.08951   -0.0218762  7.87609e-05  -0.00149268 
          10     -1.07458   -0.0234421   9.2281e-05  -0.00149263 
          10       -1.059   -0.0249912  0.000107176  -0.00149259 
          10     -1.04275   -0.0265116  0.000123456  -0.00149256 
          10     -1.02584   -0.0279912  0.000141114  -0.00149253 
          10     -1.00827   -0.0294169  0.000160119  -0.00149251 
          10    -0.990028   -0.0307753  0.000180423  -0.00149249 
          10    -0.971127   -0.0320521  0.000201952  -0.00149249 
          10    -0.951562   -0.0332327  0.000224606   -0.0014925 
          10    -0.931335   -0.0343014  0.000248257  -0.00149252 
          10    -0.910444   -0.0352424   0.00027275  -0.00149256 
          10     -0.88889   -0.0360388  0.000297897  -0.00149261 
          10    -0.866673   -0.0366734  0.000323479  -0.00149267 
          10    -0.843793   -0.0371283  0.000349243  -0.00149275 
          10    -0.820249   -0.0373849  0.000374902  -0.00149286 
          10    -0.796043   -0.0374241  0.000400131  -0.00149297 
          10    -0.771173   -0.0372262   0.00042457  -0.00149311 
          10     -0.74564   -0.0367708  0.000447823  -0.00149327 
          10    -0.719443    -0.036037  0.000469455  -0.00149344 
          10    -0.692584   -0.0350033  0.000488992  -0.00149364 
          10    -0.665062   -0.0336477  0.000505928  -0.00149385 
          10    -0.636876   -0.0319472  0.000519718  -0.00149408 
          10    -0.608026   -0.0298784  0.000529785  -0.00149432 
          10    -0.578514   -0.0274172  0.000535518  -0.00149458 
          10    -0.548339   -0.0245385  0.000536277  -0.00149484 
          10    -0.517501   -0.0212162    0.0005314  -0.00149511 
          10    -0.485998    -0.017423    0.0005202  -0.00149539 
          10    -0.453833   -0.0131309  0.000501982  -0.00149566 
          10    -0.421005  -0.00830977   0.00047604  -0.00149592 
          10    -0.387514  -0.00292794  0.000441676  -0.00149617 
          10    -0.353359   0.00304851  0.000398204  -0.00149641 
          10    -0.318541   0.00965551  0.000344975  -0.00149661 
          10    -0.283061    0.0169316  0.000281388  -0.00149679 
          10    -0.246917     0.024919   0.00020691  -0.00149693 
          10    -0.210109    0.0336625  0.000121108  -0.00149702 
          10    -0.172638      0.04321    2.368e-05  -0.00149707 
          10    -0.134505    0.0536126 -8.55147e-05  -0.00149705 
          10    -0.095708    0.0649245 -0.000206428  -0.00149697 
          10    -0.056247    0.0772017 -0.000338773  -0.00149682 
          10    -0.016124    0.0904996 -0.000481987   -0.0014966 
          10     0.024662     0.104873 -0.000635221   -0.0014963 
          10     0.066112     0.120372 -0.000797315  -0.00149591 
          10     0.108226     0.137039 -0.000966862  -0.00149543 
          10     0.151002     0.154904  -0.00114194  -0.00149485 
          10     0.194441     0.173979    -0.001321  -0.00149418 
          10     0.238543     0.194253  -0.00150047  -0.00149339 
          10     0.283309     0.215688  -0.00167974  -0.00149246 
          10     0.328738      0.23824  -0.00185722  -0.00149134 
          10      0.37483     0.261812  -0.00203061  -0.00149007 
          10     0.421585     0.286282  -0.00219828  -0.00148864 
          10     0.469004     0.311517  -0.00235944    -0.001487 
          10     0.517086     0.337373  -0.00251399  -0.00148514 
          10     0.565831     0.363709  -0.00266228  -0.00148302 
          10     0.615239     0.390385  -0.00280495  -0.00148061 
          10      0.66531     0.417275  -0.00294272  -0.00147787 
          10     0.716045     0.444265  -0.00307628  -0.00147476 
          10     0.767442     0.471255   -0.0032061  -0.00147126 
          10     0.819503     0.498165  -0.00333237  -0.00146732 
          10     0.872228     0.524928  -0.00345496  -0.00146291 
          10     0.925615     0.551482  -0.00357344  -0.00145795 
          10     0.979665     0.577763  -0.00368792  -0.00145258 
          10      1.03438     0.603687  -0.00379884  -0.00144689 
          10      1.08976     0.629209  -0.00390494  -0.00144063 
          10       1.1458     0.654243  -0.00400625  -0.00143377 
          10       1.2025      0.67872   -0.0041024  -0.00142637 
          10      1.25987     0.702568  -0.00419317  -0.00141842 
          10       1.3179     0.725716  -0.00427821  -0.00140988 
          10      1.37659     0.748093   -0.0043574  -0.00140075 
          10      1.43594     0.769634  -0.00443058  -0.00139106 
          10      1.49596     0.790277  -0.00449763  -0.00138079 
          10      1.55665     0.809964  -0.00455844  -0.00136997 
          10      1.61799     0.828646  -0.00461299  -0.00135858 
          10         1.68     0.846281  -0.00466129  -0.00134665 
          10      1.74267     0.862836  -0.00470339  -0.00133419 
          10      1.80601     0.878289  -0.00473942  -0.00132121 
          10      1.87001     0.892626  -0.00476957  -0.00130774 
          10      1.93467     0.905846  -0.00479413  -0.00129379 
          10            2     0.917959  -0.00481352  -0.00127937 
     11.6667        -1.25 -3.41748e-17 -4.84552e-29 -0.000875854 
     11.6667     -1.24967 -5.81729e-05  3.29819e-10 -0.000875852 
     11.6667     -1.24867 -0.000232786  5.28692e-09 -0.000875846 
     11.6667     -1.24702 -0.000522895  2.67221e-08 -0.000875836 
     11.6667      -1.2447 -0.000927216  8.42291e-08 -0.000875823 
     11.6667     -1.24171  -0.00144395  2.04914e-07 -0.000875805 
     11.6667     -1.23806  -0.00207097  4.23143e-07 -0.000875784 
     11.6667     -1.23375  -0.00280527  7.79967e-07 -0.000875759 
     11.6667     -1.22878  -0.00364352  1.32274e-06 -0.000875731 
     11.6667     -1.22314  -0.00458186  2.10447e-06   -0.0008757 
     11.6667     -1.21684  -0.00561593  3.18317e-06 -0.000875666 
     11.6667     -1.20988    -0.006741  4.62126e-06  -0.00087563 
     11.6667     -1.20225  -0.00795149  6.48413e-06 -0.000875591 
     11.6667     -1.19396  -0.00924149  8.83969e-06  -0.00087555 
     11.6667     -1.18501   -0.0106045  1.17572e-05 -0.000875508 
     11.6667     -1.17539   -0.0120336  1.53061e-05 -0.000875464 
     11.6667     -1.16511   -0.0135214  1.95553e-05  -0.00087542 
     11.6667     -1.15417   -0.0150594  2.45701e-05 -0.000875375 
     11.6667     -1.14256   -0.0166394   3.0414e-05 -0.000875331 
     11.6667     -1.13029    -0.018252   3.7144e-05 -0.000875287 
     11.6667     -1.11736   -0.0198877  4.48116e-05 -0.000875245 
     11.6667     -1.10377   -0.0215357  5.34586e-05 -0.000875205 
     11.6667     -1.08951   -0.0231855  6.31193e-05 -0.000875167 
     11.6667     -1.07458   -0.0248253   7.3815e-05 -0.000875133 
     11.6667       -1.059   -0.0264432  8.55548e-05 -0.000875104 
     11.6667     -1.04275   -0.0280263  9.83329e-05 -0.000875079 
     11.6667     -1.02584   -0.0295614  0.000112128  -0.00087506 
     11.6667     -1.00827   -0.0310344    0.0001269 -0.000875049 
     11.6667    -0.990028   -0.0324307  0.000142589 -0.000875045 
     11.6667    -0.971127   -0.0337352  0.000159115  -0.00087505 
     11.6667    -0.951562    -0.034932  0.000176376 -0.000875065 
     11.6667    -0.931335   -0.0360045  0.000194241  -0.00087509 
     11.6667    -0.910444   -0.0369358  0.000212561 -0.000875128 
     11.6667     -0.88889    -0.037708  0.000231153 -0.000875178 
     11.6667    -0.866673   -0.0383029   0.00024981 -0.000875242 
     11.6667    -0.843793   -0.0387016  0.000268294  -0.00087532 
     11.6667    -0.820249   -0.0388847  0.000286339 -0.000875413 
     11.6667    -0.796043   -0.0388321  0.000303645 -0.000875522 
     11.6667    -0.771173   -0.0385233  0.000319884 -0.000875647 
     11.6667     -0.74564   -0.0379373  0.000334694 -0.000875788 
     11.6667    -0.719443   -0.0370524  0.000347684 -0.000875945 
     11.6667    -0.692584   -0.0358467  0.000358429 -0.000876117 
     11.6667    -0.665062   -0.0342974  0.000366475 -0.000876305 
     11.6667    -0.636876   -0.0323815   0.00037134 -0.000876506 
     11.6667    -0.608026   -0.0300751  0.000372511 -0.000876719 
     11.6667    -0.578514   -0.0273542  0.000369452 -0.000876942 
     11.6667    -0.548339   -0.0241938  0.000361602 -0.000877174 
     11.6667    -0.517501   -0.0205682  0.000348383 -0.000877411 
     11.6667    -0.485998   -0.0164506  0.000329199  -0.00087765 
     11.6667    -0.453833   -0.0118139  0.000303448 -0.000877887 
     11.6667    -0.421005  -0.00662922  0.000270524 -0.000878118 
     11.6667    -0.387514 -0.000866499  0.000229827 -0.000878338 
     11.6667    -0.353359   0.00550608  0.000180772 -0.000878544 
     11.6667    -0.318541    0.0125218  0.000122805 -0.000878729 
     11.6667    -0.283061    0.0202159  5.54167e-05 -0.000878888 
     11.6667    -0.246917    0.0286265 -2.18463e-05 -0.000879015 
     11.6667    -0.210109    0.0377937 -0.000109354 -0.000879105 
     11.6667    -0.172638    0.0477596 -0.000207368 -0.000879152 
     11.6667    -0.134505    0.0585685  -0.00031602  -0.00087915 
     11.6667    -0.095708    0.0702673 -0.000435291 -0.000879094 
     11.6667    -0.056247    0.0829033 -0.000564972 -0.000878977 
     11.6667    -0.016124     0.096523 -0.000704635 -0.000878796 
     11.6667     0.024662     0.111172 -0.000853629 -0.000878543 
     11.6667     0.066112     0.126891  -0.00101106 -0.000878213 
     11.6667     0.108226     0.143715  -0.00117573 -0.000877799 
     11.6667     0.151002     0.161667  -0.00134643   -0.0008773 
     11.6667     0.194441     0.180755  -0.00152125 -0.000876694 
     11.6667     0.238543     0.200972  -0.00169913 -0.000875974 
     11.6667     0.283309     0.222289  -0.00187704 -0.000875124 
     11.6667     0.328738     0.244651  -0.00205449 -0.000874194 
     11.6667      0.37483     0.267985  -0.00222963 -0.000873111 
     11.6667     0.421585      0.29219  -0.00240119 -0.000871857 
     11.6667     0.469004     0.317149  -0.00256827 -0.000870411 
     11.6667     0.517086     0.342734  -0.00273037  -0.00086875 
     11.6667     0.565831     0.368811  -0.00288728 -0.000866849 
     11.6667     0.615239     0.395247  -0.00303908 -0.000864686 
     11.6667      0.66531     0.421916  -0.00318602 -0.000862237 
     11.6667     0.716045     0.448704  -0.00332849 -0.000859481 
     11.6667     0.767442     0.475512  -0.00346695 -0.000856401 
     11.6667     0.819503     0.502252  -0.00360132 -0.000852913 
     11.6667     0.872228     0.528851  -0.00373198 -0.000849042 
     11.6667     0.925615     0.555237  -0.00385872  -0.00084478 
     11.6667     0.979665     0.581338  -0.00398132 -0.000840148 
     11.6667      1.03438     0.607089  -0.00409985 -0.000835101 
     11.6667      1.08976     0.632424  -0.00421316   -0.0008296 
     11.6667       1.1458     0.657268  -0.00432142 -0.000823636 
     11.6667       1.2025     0.681552   -0.0044244 -0.000817192 
     11.6667      1.25987     0.705203  -0.00452172 -0.000810258 
     11.6667       1.3179     0.728152  -0.00461305 -0.000802829 
     11.6667      1.37659     0.750329  -0.00469814 -0.000794901 
     11.6667      1.43594     0.771669  -0.00477678 -0.000786475 
     11.6667      1.49596     0.792112  -0.00484885 -0.000777555 
     11.6667      1.55665     0.811602  -0.00491428 -0.000768145 
     11.6667      1.61799     0.830091  -0.00497304 -0.000758253 
     11.6667         1.68     0.847539  -0.00502517 -0.000747888 
     11.6667      1.74267     0.863915  -0.00507076 -0.000737058 
     11.6667      1.80601     0.879195  -0.00510992  -0.00072577 
     11.6667      1.87001     0.893365  -0.00514278 -0.000714031 
     11.6667      1.93467     0.906431  -0.00516964 -0.000701917 
     11.6667            2     0.918401  -0.00519046 -0.000689521 
     13.3333        -1.25           -0           -0 -0.000199492 
     13.3333     -1.24967 -6.11721e-05  2.67667e-10 -0.000199491 
     13.3333     -1.24867  -0.00024478  4.29015e-09 -0.000199486 
     13.3333     -1.24702 -0.000549803  2.16801e-08 -0.000199478 
     13.3333      -1.2447 -0.000974849  6.83192e-08 -0.000199466 
     13.3333     -1.24171  -0.00151797  1.66153e-07 -0.000199452 
     13.3333     -1.23806  -0.00217684  3.42964e-07 -0.000199435 
     13.3333     -1.23375  -0.00294822  6.31868e-07 -0.000199415 
     13.3333     -1.22878  -0.00382848  1.07097e-06 -0.000199393 
     13.3333     -1.22314  -0.00481344   1.7028e-06 -0.000199368 
     13.3333     -1.21684  -0.00589838  2.57372e-06  -0.00019934 
     13.3333     -1.20988  -0.00707815  3.73338e-06 -0.000199311 
     13.3333     -1.20225  -0.00834672  5.23351e-06  -0.00019928 
     13.3333     -1.19396  -0.00969766  7.12744e-06 -0.000199248 
     13.3333     -1.18501    -0.011124  9.46913e-06 -0.000199214 
     13.3333     -1.17539   -0.0126181  1.23121e-05  -0.00019918 
     13.3333     -1.16511    -0.014172  1.57087e-05 -0.000199145 
     13.3333     -1.15417   -0.0157768  1.97078e-05 -0.000199111 
     13.3333     -1.14256   -0.0174232  2.43557e-05 -0.000199076 
     13.3333     -1.13029   -0.0191014  2.96927e-05 -0.000199043 
     13.3333     -1.11736   -0.0208008  3.57533e-05 -0.000199012 
     13.3333     -1.10377   -0.0225102  4.25632e-05 -0.000198982 
     13.3333     -1.08951    -0.024218  5.01408e-05 -0.000198955 
     13.3333     -1.07458   -0.0259118  5.84924e-05 -0.000198931 
     13.3333       -1.059   -0.0275785   6.7613e-05 -0.000198912 
     13.3333     -1.04275   -0.0292046   7.7484e-05 -0.000198897 
     13.3333     -1.02584   -0.0307759  8.80729e-05 -0.000198887 
     13.3333     -1.00827   -0.0322774  9.93286e-05 -0.000198884 
     13.3333    -0.990028   -0.0336937  0.000111185 -0.000198888 
     13.3333    -0.971127   -0.0350085  0.000123556   -0.0001989 
     13.3333    -0.951562   -0.0362052  0.000136335 -0.000198921 
     13.3333    -0.931335   -0.0372664  0.000149392 -0.000198951 
     13.3333    -0.910444    -0.038174  0.000162578 -0.000198991 
     13.3333     -0.88889   -0.0389096  0.000175717 -0.000199043 
     13.3333    -0.866673    -0.039454   0.00018861 -0.000199107 
     13.3333    -0.843793   -0.0397874  0.000201031 -0.000199183 
     13.3333    -0.820249   -0.0398898  0.000212729 -0.000199272 
     13.3333    -0.796043   -0.0397403  0.000223424 -0.000199375 
     13.3333    -0.771173   -0.0393178  0.000232813 -0.000199491 
     13.3333     -0.74564   -0.0386006  0.000240563 -0.000199622 
     13.3333    -0.719443   -0.0375667  0.000246313 -0.000199766 
     13.3333    -0.692584   -0.0361935  0.000249678 -0.000199924 
     13.3333    -0.665062    -0.034458  0.000250245 -0.000200094 
     13.3333    -0.636876    -0.032337  0.000247579 -0.000200277 
     13.3333    -0.608026   -0.0298064  0.000241219 -0.000200469 
     13.3333    -0.578514   -0.0268424  0.000230685 -0.000200671 
     13.3333    -0.548339   -0.0234201  0.000215478  -0.00020088 
     13.3333    -0.517501   -0.0195142  0.000195083 -0.000201093 
     13.3333    -0.485998   -0.0150984  0.000168974 -0.000201307 
     13.3333    -0.453833   -0.0101466   0.00013662 -0.000201521 
     13.3333    -0.421005  -0.00463096  9.74902e-05 -0.000201729 
     13.3333    -0.387514   0.00147703  5.10593e-05 -0.000201929 
     13.3333    -0.353359   0.00820735 -3.18289e-06 -0.000202116 
     13.3333    -0.318541     0.015591  -6.5717e-05 -0.000202285 
     13.3333    -0.283061    0.0236603 -0.000136984 -0.000202433 
     13.3333    -0.246917      0.03245 -0.000217379 -0.000202554 
     13.3333    -0.210109    0.0419963 -0.000307221 -0.000202642 
     13.3333    -0.172638    0.0523364 -0.000406742 -0.000202695 
     13.3333    -0.134505    0.0635093 -0.000516061 -0.000202705 
     13.3333    -0.095708    0.0755557 -0.000635176 -0.000202669 
     13.3333    -0.056247    0.0885162 -0.000763929  -0.00020258 
     13.3333    -0.016124      0.10243 -0.000901979 -0.000202435 
     13.3333     0.024662     0.117335  -0.00104881  -0.00020223 
     13.3333     0.066112     0.133266  -0.00120372 -0.000201956 
     13.3333     0.108226      0.15025  -0.00136602 -0.000201608 
     13.3333     0.151002     0.168306  -0.00153426 -0.000201158 
     13.3333     0.194441     0.187442  -0.00170886 -0.000200612 
     13.3333     0.238543     0.207647   -0.0018828 -0.000199921 
     13.3333     0.283309     0.228843  -0.00205741 -0.000199344 
     13.3333     0.328738     0.251073  -0.00223465 -0.000198508 
     13.3333      0.37483     0.274251  -0.00241206 -0.000197531 
     13.3333     0.421585     0.298266  -0.00258765 -0.000196397 
     13.3333     0.469004     0.323004  -0.00275996  -0.00019509 
     13.3333     0.517086     0.348346  -0.00292802 -0.000193596 
     13.3333     0.565831     0.374171  -0.00309128 -0.000191901 
     13.3333     0.615239     0.400363  -0.00324955 -0.000189991 
     13.3333      0.66531     0.426807  -0.00340291 -0.000187848 
     13.3333     0.716045     0.453395  -0.00355198  -0.00018551 
     13.3333     0.767442     0.480022   -0.0036971 -0.000182963 
     13.3333     0.819503     0.506591  -0.00383844 -0.000180149 
     13.3333     0.872228     0.533017  -0.00397602  -0.00017701 
     13.3333     0.925615      0.55922  -0.00410963   -0.0001735 
     13.3333     0.979665     0.585131  -0.00423886  -0.00016958 
     13.3333      1.03438     0.610687  -0.00436319  -0.00016523 
     13.3333      1.08976     0.635825  -0.00448212 -0.000160456 
     13.3333       1.1458     0.660479  -0.00459542 -0.000155293 
     13.3333       1.2025     0.684567   -0.0047035 -0.000149816 
     13.3333      1.25987      0.70799  -0.00480743 -0.000144114 
     13.3333       1.3179     0.730745  -0.00490258 -0.000137754 
     13.3333      1.37659     0.752706  -0.00499196 -0.000131019 
     13.3333      1.43594     0.773829  -0.00507487 -0.000123897 
     13.3333      1.49596     0.794061  -0.00515086 -0.000116382 
     13.3333      1.55665     0.813348  -0.00521983 -0.000108465 
     13.3333      1.61799     0.831635  -0.00528171 -0.000100194 
     13.3333         1.68     0.848884  -0.00533669 -9.15419e-05 
     13.3333      1.74267     0.865068  -0.00538482 -8.25071e-05 
     13.3333      1.80601     0.880164  -0.00542616 -7.31022e-05 
     13.3333      1.87001     0.894162  -0.00546088 -6.33423e-05 
     13.3333      1.93467     0.907062  -0.00548917 -5.32437e-05 
     13.3333            2     0.918875  -0.00551132 -4.28245e-05 
          15        -1.25           -0           -0  0.000528904 
          15     -1.24967 -6.35934e-05  2.14563e-10  0.000528906 
          15     -1.24867  -0.00025446  3.43853e-09  0.000528909 
          15     -1.24702 -0.000571514  1.73724e-08  0.000528916 
          15      -1.2447  -0.00101327  5.47259e-08  0.000528925 
          15     -1.24171  -0.00157763  1.33036e-07  0.000528936 
          15     -1.23806  -0.00226212  2.74457e-07   0.00052895 
          15     -1.23375  -0.00306327  5.05328e-07  0.000528966 
          15     -1.22878  -0.00397719  8.55849e-07  0.000528984 
          15     -1.22314  -0.00499943  1.35959e-06  0.000529003 
          15     -1.21684  -0.00612492  2.05295e-06  0.000529025 
          15     -1.20988  -0.00734816  2.97467e-06  0.000529048 
          15     -1.20225  -0.00866271  4.16478e-06  0.000529072 
          15     -1.19396   -0.0100617  5.66418e-06  0.000529098 
          15     -1.18501   -0.0115376  7.51369e-06  0.000529124 
          15     -1.17539   -0.0130825  9.75323e-06   0.00052915 
          15     -1.16511   -0.0146876  1.24211e-05  0.000529176 
          15     -1.15417   -0.0163435  1.55518e-05  0.000529202 
          15     -1.14256   -0.0180405  1.91771e-05  0.000529228 
          15     -1.13029   -0.0197678  2.33228e-05  0.000529252 
          15     -1.11736   -0.0215145  2.80091e-05  0.000529275 
          15     -1.10377   -0.0232684  3.32478e-05  0.000529295 
          15     -1.08951   -0.0250173  3.90434e-05  0.000529313 
          15     -1.07458    -0.026748  4.53895e-05  0.000529328 
          15       -1.059   -0.0284468  5.22688e-05  0.000529338 
          15     -1.04275   -0.0300992  5.96519e-05  0.000529345 
          15     -1.02584   -0.0316904  6.74958e-05  0.000529346 
          15     -1.00827   -0.0332045  7.57417e-05  0.000529342 
          15    -0.990028   -0.0346254  8.43162e-05  0.000529331 
          15    -0.971127    -0.035936  9.31275e-05  0.000529313 
          15    -0.951562   -0.0371188  0.000102066  0.000529287 
          15    -0.931335   -0.0381557  0.000111002  0.000529252 
          15    -0.910444   -0.0390279  0.000119786  0.000529208 
          15     -0.88889   -0.0397161  0.000128248  0.000529154 
          15    -0.866673   -0.0402005  0.000136194   0.00052909 
          15    -0.843793   -0.0404608  0.000143409  0.000529014 
          15    -0.820249    -0.040476  0.000149654  0.000528927 
          15    -0.796043   -0.0402249  0.000154667  0.000528827 
          15    -0.771173   -0.0396858  0.000158163  0.000528716 
          15     -0.74564   -0.0388365  0.000159831  0.000528592 
          15    -0.719443   -0.0376545   0.00015934  0.000528456 
          15    -0.692584    -0.036117  0.000156333  0.000528309 
          15    -0.665062   -0.0342009  0.000150434   0.00052815 
          15    -0.636876   -0.0318825  0.000141243  0.000527981 
          15    -0.608026   -0.0291381  0.000128342  0.000527803 
          15    -0.578514   -0.0259436  0.000111298  0.000527617 
          15    -0.548339   -0.0222746  8.96592e-05  0.000527425 
          15    -0.517501   -0.0181061  6.29646e-05  0.000527229 
          15    -0.485998   -0.0134125  3.07416e-05  0.000527031 
          15    -0.453833   -0.0081684 -7.48103e-06  0.000526835 
          15    -0.421005  -0.00234716 -5.21764e-05  0.000526642 
          15    -0.387514   0.00407845 -0.000103809  0.000526458 
          15    -0.353359    0.0111367 -0.000162828  0.000526284 
          15    -0.318541    0.0188566 -0.000229656  0.000526125 
          15    -0.283061     0.027268  -0.00030468  0.000525985 
          15    -0.246917    0.0364026 -0.000388242  0.000525868 
          15    -0.210109    0.0462932 -0.000480623  0.000525779 
          15    -0.172638    0.0569731 -0.000582021  0.000525721 
          15    -0.134505    0.0684766 -0.000692538  0.000525699 
          15    -0.095708    0.0808393 -0.000812173  0.000525717 
          15    -0.056247    0.0940963 -0.000940786   0.00052578 
          15    -0.016124     0.108281  -0.00107808  0.000525892 
          15     0.024662     0.123424  -0.00122362  0.000526057 
          15     0.066112     0.139555  -0.00137678  0.000526282 
          15     0.108226     0.156695  -0.00153683  0.000526576 
          15     0.151002     0.174856   -0.0017027  0.000526962 
          15     0.194441     0.194043  -0.00187379  0.000527456 
          15     0.238543     0.214244  -0.00204822   0.00052805 
          15     0.283309     0.235433   -0.0022254  0.000528609 
          15     0.328738     0.257574  -0.00240357  0.000529297 
          15      0.37483       0.2806  -0.00258139  0.000530078 
          15     0.421585     0.304427  -0.00275756  0.000530969 
          15     0.469004     0.328958  -0.00293113  0.000531985 
          15     0.517086     0.354086  -0.00310143  0.000533141 
          15     0.565831     0.379698  -0.00326819  0.000534463 
          15     0.615239     0.405681  -0.00343137  0.000535995 
          15      0.66531     0.431921  -0.00359061  0.000537742 
          15     0.716045     0.458308  -0.00374577  0.000539706 
          15     0.767442     0.484738  -0.00389672  0.000541893 
          15     0.819503     0.511115  -0.00404338  0.000544307 
          15     0.872228     0.537351  -0.00418567   0.00054696 
          15     0.925615     0.563366  -0.00432348  0.000549869 
          15     0.979665     0.589088  -0.00445671   0.00055306 
          15      1.03438     0.614449  -0.00458524   0.00055657 
          15      1.08976      0.63938    -0.004709  0.000560451 
          15       1.1458     0.663822  -0.00482708  0.000564381 
          15       1.2025     0.687691    -0.004939  0.000568696 
          15      1.25987     0.710919  -0.00504461    0.0005734 
          15       1.3179     0.733439  -0.00514375  0.000578465 
          15      1.37659     0.755184  -0.00523623  0.000583869 
          15      1.43594     0.776093  -0.00532185  0.000589591 
          15      1.49596     0.796107  -0.00540044  0.000595613 
          15      1.55665     0.815172  -0.00547187  0.000601922 
          15      1.61799     0.833245  -0.00553605  0.000608508 
          15         1.68     0.850285  -0.00559294  0.000615362 
          15      1.74267     0.866267  -0.00564258  0.000622482 
          15      1.80601     0.881169   -0.0056851  0.000629869 
          15      1.87001     0.894984  -0.00572069  0.000637526 
          15      1.93467     0.907714  -0.00574962  0.000645462 
          15            2     0.919369  -0.00577224  0.000653689 
     16.6667        -1.25 -1.60943e-17  4.66239e-28   0.00130367 
     16.6667     -1.24967   -6.551e-05   1.6695e-10   0.00130368 
     16.6667     -1.24867 -0.000262121  2.67493e-09   0.00130368 
     16.6667     -1.24702 -0.000588688  1.35099e-08   0.00130368 
     16.6667      -1.2447  -0.00104364  4.25381e-08   0.00130369 
     16.6667     -1.24171  -0.00162476  1.03344e-07    0.0013037 
     16.6667     -1.23806  -0.00232942  2.13039e-07   0.00130371 
     16.6667     -1.23375  -0.00315395  3.91888e-07   0.00130372 
     16.6667     -1.22878  -0.00409425  6.63015e-07   0.00130374 
     16.6667     -1.22314   -0.0051456  1.05196e-06   0.00130375 
     16.6667     -1.21684  -0.00630264  1.58622e-06   0.00130377 
     16.6667     -1.20988  -0.00755954  2.29476e-06   0.00130379 
     16.6667     -1.20225   -0.0089095  3.20718e-06    0.0013038 
     16.6667     -1.19396   -0.0103453  4.35323e-06   0.00130382 
     16.6667     -1.18501   -0.0118589  5.76206e-06   0.00130384 
     16.6667     -1.17539   -0.0134419  7.46141e-06   0.00130386 
     16.6667     -1.16511   -0.0150852  9.47699e-06   0.00130388 
     16.6667     -1.15417   -0.0167788  1.18308e-05    0.0013039 
     16.6667     -1.14256   -0.0185123  1.45414e-05   0.00130392 
     16.6667     -1.13029   -0.0202745   1.7622e-05   0.00130393 
     16.6667     -1.11736   -0.0220539    2.108e-05   0.00130395 
     16.6667     -1.10377   -0.0238376  2.49148e-05   0.00130396 
     16.6667     -1.08951   -0.0256128   2.9119e-05   0.00130397 
     16.6667     -1.07458   -0.0273657  3.36747e-05   0.00130398 
     16.6667       -1.059   -0.0290818  3.85543e-05   0.00130398 
     16.6667     -1.04275   -0.0307461  4.37186e-05   0.00130398 
     16.6667     -1.02584    -0.032343   4.9116e-05   0.00130397 
     16.6667     -1.00827   -0.0338559  5.46806e-05   0.00130396 
     16.6667    -0.990028    -0.035268  6.03331e-05   0.00130394 
     16.6667    -0.971127   -0.0365615  6.59775e-05   0.00130392 
     16.6667    -0.951562   -0.0377184  7.15018e-05   0.00130389 
     16.6667    -0.931335   -0.0387197  7.67759e-05   0.00130385 
     16.6667    -0.910444   -0.0395462  8.16526e-05    0.0013038 
     16.6667     -0.88889   -0.0401778  8.59646e-05   0.00130374 
     16.6667    -0.866673   -0.0405941  8.95257e-05   0.00130368 
     16.6667    -0.843793   -0.0407742  9.21295e-05    0.0013036 
     16.6667    -0.820249   -0.0406967  9.35493e-05   0.00130352 
     16.6667    -0.796043   -0.0403399  9.35375e-05   0.00130342 
     16.6667    -0.771173   -0.0396816   9.1826e-05   0.00130331 
     16.6667     -0.74564   -0.0386992  8.81262e-05   0.00130319 
     16.6667    -0.719443     -0.03737  8.21291e-05   0.00130306 
     16.6667    -0.692584   -0.0356709  7.35065e-05   0.00130292 
     16.6667    -0.665062   -0.0335786  6.19111e-05   0.00130277 
     16.6667    -0.636876   -0.0310694  4.69773e-05   0.00130261 
     16.6667    -0.608026   -0.0281195  2.83235e-05   0.00130245 
     16.6667    -0.578514   -0.0247052  5.55537e-06   0.00130227 
     16.6667    -0.548339   -0.0208021 -2.17356e-05   0.00130209 
     16.6667    -0.517501   -0.0163859 -5.39665e-05   0.00130191 
     16.6667    -0.485998   -0.0114314 -9.15629e-05   0.00130173 
     16.6667    -0.453833    -0.005914 -0.000134947   0.00130154 
     16.6667    -0.421005  0.000191868 -0.000184541   0.00130136 
     16.6667    -0.387514   0.00691221 -0.000240759   0.00130119 
     16.6667    -0.353359    0.0142738 -0.000304002   0.00130103 
     16.6667    -0.318541    0.0223037 -0.000374641   0.00130088 
     16.6667    -0.283061    0.0310296 -0.000453018   0.00130074 
     16.6667    -0.246917    0.0404807 -0.000539435   0.00130063 
     16.6667    -0.210109    0.0506866 -0.000634138   0.00130053 
     16.6667    -0.172638    0.0616773 -0.000737301   0.00130047 
     16.6667    -0.134505     0.073483 -0.000849017   0.00130043 
     16.6667    -0.095708    0.0861352  -0.00096929   0.00130043 
     16.6667    -0.056247    0.0996641  -0.00109801   0.00130047 
     16.6667    -0.016124     0.114098  -0.00123493   0.00130054 
     16.6667     0.024662     0.129463  -0.00137968   0.00130066 
     16.6667     0.066112     0.145784  -0.00153177   0.00130083 
     16.6667     0.108226     0.163076   -0.0016907   0.00130104 
     16.6667     0.151002     0.181351  -0.00185544   0.00130132 
     16.6667     0.194441     0.200609   -0.0020255   0.00130163 
     16.6667     0.238543     0.220832  -0.00219726   0.00130198 
     16.6667     0.283309      0.24196  -0.00237187    0.0013024 
     16.6667     0.328738     0.264023  -0.00254861     0.001303 
     16.6667      0.37483     0.286951  -0.00272639   0.00130367 
     16.6667     0.421585     0.310651  -0.00290369   0.00130443 
     16.6667     0.469004     0.335023  -0.00307929   0.00130528 
     16.6667     0.517086     0.359965  -0.00325226   0.00130624 
     16.6667     0.565831     0.385372  -0.00342194   0.00130731 
     16.6667     0.615239      0.41114  -0.00358788    0.0013085 
     16.6667      0.66531     0.437163   -0.0037498   0.00130983 
     16.6667     0.716045     0.463339  -0.00390757    0.0013113 
     16.6667     0.767442     0.489568  -0.00406113   0.00131292 
     16.6667     0.819503     0.515754  -0.00421047   0.00131471 
     16.6667     0.872228     0.541805  -0.00435555   0.00131668 
     16.6667     0.925615     0.567637  -0.00449629   0.00131884 
     16.6667     0.979665     0.593168  -0.00463282   0.00132114 
     16.6667      1.03438     0.618325  -0.00476452   0.00132367 
     16.6667      1.08976      0.64304  -0.00489085   0.00132647 
     16.6667       1.1458     0.667249  -0.00501133   0.00132954 
     16.6667       1.2025     0.690891  -0.00512546   0.00133288 
     16.6667      1.25987     0.713902  -0.00523287   0.00133648 
     16.6667       1.3179     0.736213  -0.00533338   0.00134029 
     16.6667      1.37659     0.757741  -0.00542724   0.00134426 
     16.6667      1.43594     0.778384   -0.0055153   0.00134832 
     16.6667      1.49596     0.798195  -0.00559529   0.00135263 
     16.6667      1.55665     0.817049  -0.00566756    0.0013572 
     16.6667      1.61799     0.834901  -0.00573234   0.00136202 
     16.6667         1.68     0.851722   -0.0057897   0.00136705 
     16.6667      1.74267     0.867491  -0.00583977   0.00137229 
     16.6667      1.80601     0.882192  -0.00588267   0.00137771 
     16.6667      1.87001     0.895819  -0.00591857    0.0013833 
     16.6667      1.93467     0.908372  -0.00594769   0.00138904 
     16.6667            2     0.919863  -0.00597028   0.00139491 
     18.3333        -1.25            0            0   0.00211969 
     18.3333     -1.24967 -6.69707e-05  1.23935e-10   0.00211969 
     18.3333     -1.24867 -0.000267957  1.98513e-09   0.00211969 
     18.3333     -1.24702 -0.000601765  1.00208e-08   0.00211969 
     18.3333      -1.2447  -0.00106674   3.1529e-08    0.0021197 
     18.3333     -1.24171  -0.00166057  7.65255e-08   0.00211971 
     18.3333     -1.23806  -0.00238049  1.57568e-07   0.00211971 
     18.3333     -1.23375  -0.00322264   2.8944e-07   0.00211972 
     18.3333     -1.22878  -0.00418275  4.88878e-07   0.00211973 
     18.3333     -1.22314  -0.00525584   7.7419e-07   0.00211974 
     18.3333     -1.21684   -0.0064363  1.16483e-06   0.00211976 
     18.3333     -1.20988  -0.00771803  1.68097e-06   0.00211977 
     18.3333     -1.20225   -0.0090939  2.34281e-06   0.00211978 
     18.3333     -1.19396   -0.0105563  3.17008e-06   0.00211979 
     18.3333     -1.18501   -0.0120969  4.18144e-06   0.00211981 
     18.3333     -1.17539   -0.0137068   5.3937e-06   0.00211982 
     18.3333     -1.16511   -0.0153766  6.82129e-06   0.00211983 
     18.3333     -1.15417   -0.0170956  8.47486e-06   0.00211984 
     18.3333     -1.14256   -0.0188532  1.03615e-05   0.00211985 
     18.3333     -1.13029   -0.0206376  1.24829e-05   0.00211986 
     18.3333     -1.11736   -0.0224366  1.48349e-05   0.00211987 
     18.3333     -1.10377    -0.024237  1.74064e-05   0.00211988 
     18.3333     -1.08951   -0.0260253  2.01789e-05   0.00211988 
     18.3333     -1.07458   -0.0277872  2.31249e-05   0.00211988 
     18.3333       -1.059   -0.0295077  2.62072e-05   0.00211987 
     18.3333     -1.04275   -0.0311709  2.93783e-05   0.00211987 
     18.3333     -1.02584   -0.0327609  3.25792e-05   0.00211985 
     18.3333     -1.00827   -0.0342604  3.57379e-05   0.00211984 
     18.3333    -0.990028   -0.0356519  3.87699e-05   0.00211981 
     18.3333    -0.971127   -0.0369173   4.1576e-05   0.00211978 
     18.3333    -0.951562   -0.0380377  4.40424e-05   0.00211975 
     18.3333    -0.931335   -0.0389937  4.60393e-05    0.0021197 
     18.3333    -0.910444   -0.0397654  4.74211e-05   0.00211965 
     18.3333     -0.88889   -0.0403323   4.8025e-05   0.00211959 
     18.3333    -0.866673   -0.0406735  4.76709e-05   0.00211953 
     18.3333    -0.843793   -0.0407676  4.61611e-05   0.00211945 
     18.3333    -0.820249   -0.0405928  4.32799e-05   0.00211937 
     18.3333    -0.796043    -0.040127  3.87937e-05   0.00211927 
     18.3333    -0.771173   -0.0393475  3.24505e-05   0.00211916 
     18.3333     -0.74564   -0.0382316  2.39806e-05   0.00211905 
     18.3333    -0.719443   -0.0367562  1.30967e-05   0.00211893 
     18.3333    -0.692584   -0.0348982 -5.04574e-07   0.00211879 
     18.3333    -0.665062    -0.032634 -1.71436e-05   0.00211865 
     18.3333    -0.636876   -0.0299401 -3.71563e-05    0.0021185 
     18.3333    -0.608026   -0.0267927 -6.08917e-05   0.00211834 
     18.3333    -0.578514   -0.0231681  -8.8709e-05   0.00211818 
     18.3333    -0.548339   -0.0190425 -0.000120979   0.00211801 
     18.3333    -0.517501   -0.0143917 -0.000158081   0.00211784 
     18.3333    -0.485998  -0.00919129 -0.000200398   0.00211766 
     18.3333    -0.453833  -0.00341742  -0.00024831   0.00211749 
     18.3333    -0.421005   0.00295462 -0.000302197   0.00211732 
     18.3333    -0.387514   0.00994966 -0.000362428   0.00211716 
     18.3333    -0.353359    0.0175931  -0.00042936     0.002117 
     18.3333    -0.318541    0.0259103 -0.000503324   0.00211685 
     18.3333    -0.283061    0.0349269  -0.00058462   0.00211672 
     18.3333    -0.246917      0.04467 -0.000673515    0.0021166 
     18.3333    -0.210109    0.0551664 -0.000770222   0.00211651 
     18.3333    -0.172638     0.066443 -0.000874893   0.00211643 
     18.3333    -0.134505    0.0785268   -0.0009876   0.00211638 
     18.3333    -0.095708    0.0914453  -0.00110834   0.00211636 
     18.3333    -0.056247     0.105225  -0.00123701   0.00211637 
     18.3333    -0.016124     0.119889  -0.00137337   0.00211641 
     18.3333     0.024662      0.13546   -0.0015171   0.00211649 
     18.3333     0.066112     0.151957  -0.00166771    0.0021166 
     18.3333     0.108226     0.169391  -0.00182461   0.00211675 
     18.3333     0.151002     0.187769    -0.001987   0.00211694 
     18.3333     0.194441     0.207087  -0.00215416   0.00211718 
     18.3333     0.238543     0.227331  -0.00232505   0.00211747 
     18.3333     0.283309     0.248463  -0.00249901   0.00211785 
     18.3333     0.328738     0.270478   -0.0026748   0.00211827 
     18.3333      0.37483     0.293312  -0.00285123    0.0021187 
     18.3333     0.421585      0.31688  -0.00302723   0.00211918 
     18.3333     0.469004     0.341095  -0.00320188   0.00211972 
     18.3333     0.517086      0.36586  -0.00337443   0.00212032 
     18.3333     0.565831      0.39108  -0.00354429   0.00212101 
     18.3333     0.615239     0.416652  -0.00371098    0.0021218 
     18.3333      0.66531     0.442477  -0.00387412   0.00212268 
     18.3333     0.716045     0.468455  -0.00403344   0.00212367 
     18.3333     0.767442     0.494486   -0.0041887   0.00212477 
     18.3333     0.819503     0.520474  -0.00433972   0.00212598 
     18.3333     0.872228     0.546328  -0.00448632    0.0021273 
     18.3333     0.925615      0.57196   -0.0046283   0.00212874 
     18.3333     0.979665      0.59729  -0.00476543   0.00213028 
     18.3333      1.03438     0.622241  -0.00489747   0.00213194 
     18.3333      1.08976     0.646743   -0.0050241    0.0021337 
     18.3333       1.1458     0.670731  -0.00514498   0.00213558 
     18.3333       1.2025     0.694142  -0.00525973   0.00213757 
     18.3333      1.25987     0.716917  -0.00536799   0.00213969 
     18.3333       1.3179     0.738993  -0.00546947   0.00214194 
     18.3333      1.37659     0.760301   -0.0055636   0.00214444 
     18.3333      1.43594     0.780759  -0.00565018   0.00214708 
     18.3333      1.49596     0.800287  -0.00572952   0.00214987 
     18.3333      1.55665     0.818914  -0.00580233   0.00215281 
     18.3333      1.61799     0.836548  -0.00586717   0.00215572 
     18.3333         1.68     0.853157  -0.00592422   0.00215858 
     18.3333      1.74267      0.86872  -0.00597377   0.00216161 
     18.3333      1.80601     0.883221  -0.00601599   0.00216477 
     18.3333      1.87001     0.896655  -0.00605112   0.00216804 
     18.3333      1.93467     0.909024   -0.0060794   0.00217142 
     18.3333            2     0.920343  -0.00610112   0.00217488 
          20        -1.25 -3.26937e-17 -1.48085e-27   0.00297218 
          20     -1.24967 -6.80151e-05   8.3919e-11   0.00297218 
          20     -1.24867 -0.000272127  1.34345e-09   0.00297218 
          20     -1.24702 -0.000611099  6.77527e-09   0.00297218 
          20      -1.2447  -0.00108321  2.12891e-08   0.00297219 
          20     -1.24171  -0.00168605  5.15821e-08   0.00297219 
          20     -1.23806  -0.00241673  1.05981e-07    0.0029722 
          20     -1.23375  -0.00327126  1.94174e-07    0.0029722 
          20     -1.22878  -0.00424516  3.26969e-07   0.00297221 
          20     -1.22314  -0.00533328  5.15956e-07   0.00297222 
          20     -1.21684  -0.00652977  7.73137e-07   0.00297222 
          20     -1.20988  -0.00782827  1.11055e-06   0.00297223 
          20     -1.20225  -0.00922136  1.53967e-06   0.00297224 
          20     -1.19396   -0.0107011  2.07098e-06   0.00297225 
          20     -1.18501    -0.012259  2.71343e-06   0.00297226 
          20     -1.17539   -0.0138856  3.47379e-06   0.00297226 
          20     -1.16511   -0.0155711  4.35611e-06   0.00297227 
          20     -1.15417   -0.0173046  5.36067e-06   0.00297227 
          20     -1.14256   -0.0190749  6.48392e-06   0.00297228 
          20     -1.13029   -0.0208698  7.71706e-06   0.00297228 
          20     -1.11736   -0.0226767  9.04579e-06   0.00297228 
          20     -1.10377   -0.0244819   1.0449e-05   0.00297228 
          20     -1.08951   -0.0262715  1.18986e-05   0.00297227 
          20     -1.07458   -0.0280305  1.33583e-05   0.00297227 
          20       -1.059   -0.0297435  1.47826e-05   0.00297226 
          20     -1.04275   -0.0313942  1.61168e-05   0.00297224 
          20     -1.02584    -0.032966  1.72954e-05   0.00297222 
          20     -1.00827   -0.0344411  1.82415e-05    0.0029722 
          20    -0.990028   -0.0358017  1.88665e-05   0.00297217 
          20    -0.971127   -0.0370289  1.90691e-05   0.00297214 
          20    -0.951562   -0.0381035  1.87346e-05    0.0029721 
          20    -0.931335   -0.0390055  1.77343e-05   0.00297205 
          20    -0.910444   -0.0397147  1.59252e-05     0.002972 
          20     -0.88889   -0.0402101  1.31496e-05   0.00297194 
          20    -0.866673   -0.0404703  9.23425e-06   0.00297187 
          20    -0.843793   -0.0404735  3.99078e-06   0.00297179 
          20    -0.820249   -0.0401976 -2.78538e-06    0.0029717 
          20    -0.796043   -0.0396202 -1.13135e-05   0.00297161 
          20    -0.771173   -0.0387183 -2.18298e-05   0.00297151 
          20     -0.74564    -0.037469 -3.45849e-05    0.0029714 
          20    -0.719443    -0.035849 -4.98453e-05   0.00297128 
          20    -0.692584    -0.033835 -6.78902e-05   0.00297115 
          20    -0.665062   -0.0314036 -8.90142e-05   0.00297101 
          20    -0.636876    -0.028531 -0.000113525   0.00297087 
          20    -0.608026   -0.0251936 -0.000141741   0.00297072 
          20    -0.578514   -0.0213681 -0.000173988   0.00297056 
          20    -0.548339   -0.0170307 -0.000210602    0.0029704 
          20    -0.517501   -0.0121579 -0.000251926   0.00297024 
          20    -0.485998  -0.00672566 -0.000298306   0.00297008 
          20    -0.453833 -0.000710885 -0.000350082   0.00296991 
          20    -0.421005   0.00591026 -0.000407593   0.00296975 
          20    -0.387514    0.0131615 -0.000471169   0.00296959 
          20    -0.353359     0.021067 -0.000541127   0.00296944 
          20    -0.318541    0.0296506 -0.000617759    0.0029693 
          20    -0.283061    0.0389361 -0.000701327   0.00296917 
          20    -0.246917    0.0489485 -0.000792065   0.00296905 
          20    -0.210109    0.0597122 -0.000890157   0.00296895 
          20    -0.172638    0.0712516 -0.000995729   0.00296887 
          20    -0.134505    0.0835903  -0.00110884    0.0029688 
          20    -0.095708    0.0967526  -0.00122948   0.00296875 
          20    -0.056247     0.110761  -0.00135755   0.00296873 
          20    -0.016124     0.125636  -0.00149284   0.00296873 
          20     0.024662     0.141396  -0.00163505   0.00296876 
          20     0.066112     0.158055  -0.00178377    0.0029688 
          20     0.108226     0.175622  -0.00193846   0.00296888 
          20     0.151002       0.1941  -0.00209843   0.00296897 
          20     0.194441     0.213484  -0.00226296   0.00296909 
          20     0.238543     0.233756  -0.00243124   0.00296923 
          20     0.283309     0.254885  -0.00260263   0.00296943 
          20     0.328738     0.276854  -0.00277564   0.00296965 
          20      0.37483     0.299604  -0.00294945   0.00296989 
          20     0.421585     0.323056  -0.00312307   0.00297016 
          20     0.469004      0.34713  -0.00329567   0.00297045 
          20     0.517086     0.371737  -0.00346651   0.00297076 
          20     0.565831     0.396782  -0.00363498    0.0029711 
          20     0.615239     0.422171  -0.00380055   0.00297147 
          20      0.66531     0.447805  -0.00396278   0.00297186 
          20     0.716045     0.473587   -0.0041213   0.00297228 
          20     0.767442     0.499419  -0.00427596   0.00297276 
          20     0.819503     0.525206  -0.00442639   0.00297328 
          20     0.872228     0.550856  -0.00457233   0.00297383 
          20     0.925615     0.576283  -0.00471355   0.00297442 
          20     0.979665     0.601404  -0.00484978   0.00297504 
          20      1.03438     0.626143  -0.00498077   0.00297568 
          20      1.08976      0.65043  -0.00510621   0.00297636 
          20       1.1458     0.674198  -0.00522578   0.00297706 
          20       1.2025     0.697385  -0.00533915    0.0029778 
          20      1.25987      0.71993  -0.00544597   0.00297856 
          20       1.3179     0.741772  -0.00554591   0.00297936 
          20      1.37659     0.762845  -0.00563872   0.00298019 
          20      1.43594     0.783072  -0.00572424   0.00298106 
          20      1.49596     0.802373  -0.00580255   0.00298195 
          20      1.55665     0.820765  -0.00587352   0.00298277 
          20      1.61799     0.838172  -0.00593667    0.0029836 
          20         1.68     0.854562  -0.00599216   0.00298444 
          20      1.74267     0.869915  -0.00604014    0.0029853 
          20      1.80601     0.884215  -0.00608081   0.00298617 
          20      1.87001     0.897458  -0.00611435   0.00298707 
          20      1.93467     0.909649  -0.00614101   0.00298799 
          20            2     0.920797  -0.00616124   0.00298885 
     21.6667        -1.25            0            0   0.00385658 
     21.6667     -1.24967 -6.86677e-05  4.61208e-11   0.00385658 
     21.6667     -1.24867  -0.00027473   7.3746e-10   0.00385658 
     21.6667     -1.24702 -0.000616912  3.71058e-09   0.00385658 
     21.6667      -1.2447  -0.00109344  1.16208e-08   0.00385658 
     21.6667     -1.24171  -0.00170181  2.80345e-08   0.00385659 
     21.6667     -1.23806  -0.00243904  5.72881e-08   0.00385659 
     21.6667     -1.23375    -0.003301  1.04273e-07   0.00385659 
     21.6667     -1.22878  -0.00428307  1.74213e-07    0.0038566 
     21.6667     -1.22314  -0.00537991  2.72388e-07    0.0038566 
     21.6667     -1.21684  -0.00658548  4.03805e-07    0.0038566 
     21.6667     -1.20988  -0.00789321  5.72868e-07   0.00385661 
     21.6667     -1.20225  -0.00929542    7.829e-07   0.00385661 
     21.6667     -1.19396   -0.0107839  1.03577e-06   0.00385661 
     21.6667     -1.18501   -0.0123499  1.33138e-06   0.00385661 
     21.6667     -1.17539   -0.0139836  1.66718e-06   0.00385661 
     21.6667     -1.16511    -0.015675  2.03762e-06   0.00385662 
     21.6667     -1.15417   -0.0174126  2.43345e-06   0.00385661 
     21.6667     -1.14256   -0.0191851  2.84135e-06   0.00385661 
     21.6667     -1.13029   -0.0209799  3.24306e-06   0.00385661 
     21.6667     -1.11736   -0.0227839  3.61491e-06    0.0038566 
     21.6667     -1.10377    -0.024583    3.927e-06    0.0038566 
     21.6667     -1.08951   -0.0263628  4.14271e-06   0.00385658 
     21.6667     -1.07458   -0.0281081  4.21787e-06   0.00385657 
     21.6667       -1.059   -0.0298029  4.10018e-06   0.00385656 
     21.6667     -1.04275   -0.0314306  3.72853e-06   0.00385653 
     21.6667     -1.02584    -0.032974  3.03232e-06   0.00385651 
     21.6667     -1.00827    -0.034415    1.931e-06   0.00385648 
     21.6667    -0.990028   -0.0357353  3.33141e-07   0.00385645 
     21.6667    -0.971127   -0.0369156 -1.86371e-06   0.00385641 
     21.6667    -0.951562   -0.0379363 -4.77395e-06   0.00385637 
     21.6667    -0.931335    -0.038777 -8.52368e-06   0.00385632 
     21.6667    -0.910444   -0.0394171 -1.32523e-05   0.00385626 
     21.6667     -0.88889   -0.0398352 -1.91115e-05    0.0038562 
     21.6667    -0.866673   -0.0400097 -2.62663e-05   0.00385613 
     21.6667    -0.843793   -0.0399184 -3.48953e-05   0.00385605 
     21.6667    -0.820249   -0.0395389 -4.51908e-05   0.00385597 
     21.6667    -0.796043   -0.0388484 -5.73573e-05   0.00385587 
     21.6667    -0.771173    -0.037824 -7.16145e-05   0.00385577 
     21.6667     -0.74564   -0.0364425 -8.81938e-05   0.00385566 
     21.6667    -0.719443   -0.0346803  -0.00010734   0.00385555 
     21.6667    -0.692584   -0.0325144  -0.00012931   0.00385543 
     21.6667    -0.665062   -0.0299209 -0.000154371    0.0038553 
     21.6667    -0.636876   -0.0268764 -0.000182804   0.00385516 
     21.6667    -0.608026   -0.0233574 -0.000214897   0.00385502 
     21.6667    -0.578514   -0.0193407 -0.000250945   0.00385487 
     21.6667    -0.548339   -0.0148028 -0.000291251   0.00385472 
     21.6667    -0.517501  -0.00972058 -0.000336121   0.00385457 
     21.6667    -0.485998  -0.00407061 -0.000385869   0.00385441 
     21.6667    -0.453833   0.00216958 -0.000440795   0.00385426 
     21.6667    -0.421005   0.00902303 -0.000501203    0.0038541 
     21.6667    -0.387514    0.0165125 -0.000567385   0.00385395 
     21.6667    -0.353359    0.0246609 -0.000639623   0.00385381 
     21.6667    -0.318541    0.0334907 -0.000718173   0.00385367 
     21.6667    -0.283061    0.0430242 -0.000803264   0.00385354 
     21.6667    -0.246917    0.0532843 -0.000895101   0.00385342 
     21.6667    -0.210109    0.0642936 -0.000993841   0.00385331 
     21.6667    -0.172638    0.0760736  -0.00109959   0.00385321 
     21.6667    -0.134505    0.0886456  -0.00121239   0.00385312 
     21.6667    -0.095708     0.102031  -0.00133222   0.00385305 
     21.6667    -0.056247     0.116249  -0.00145899   0.00385299 
     21.6667    -0.016124     0.131316  -0.00159251   0.00385295 
     21.6667     0.024662     0.147248  -0.00173248   0.00385291 
     21.6667     0.066112     0.164056  -0.00187854   0.00385288 
     21.6667     0.108226     0.181746  -0.00203002   0.00385286 
     21.6667     0.151002     0.200316  -0.00218693   0.00385281 
     21.6667     0.194441     0.219759  -0.00234724   0.00385277 
     21.6667     0.238543     0.240066  -0.00251387   0.00385275 
     21.6667     0.283309     0.261191  -0.00268019   0.00385302 
     21.6667     0.328738     0.283111  -0.00284872   0.00385308 
     21.6667      0.37483     0.305778  -0.00301817   0.00385304 
     21.6667     0.421585     0.329124  -0.00318781   0.00385299 
     21.6667     0.469004     0.353071  -0.00335676   0.00385293 
     21.6667     0.517086      0.37753  -0.00352424   0.00385285 
     21.6667     0.565831     0.402413  -0.00368957   0.00385276 
     21.6667     0.615239     0.427625   -0.0038522   0.00385265 
     21.6667      0.66531     0.453073  -0.00401164   0.00385252 
     21.6667     0.716045     0.478661   -0.0041675   0.00385236 
     21.6667     0.767442     0.504294  -0.00431942   0.00385217 
     21.6667     0.819503     0.529879   -0.0044671   0.00385195 
     21.6667     0.872228     0.555326  -0.00461027   0.00385168 
     21.6667     0.925615     0.580547  -0.00474868   0.00385136 
     21.6667     0.979665      0.60546  -0.00488205     0.003851 
     21.6667      1.03438     0.629989  -0.00501012   0.00385057 
     21.6667      1.08976      0.65406  -0.00513259   0.00385007 
     21.6667       1.1458     0.677607  -0.00524917    0.0038495 
     21.6667       1.2025     0.700566  -0.00535951   0.00384885 
     21.6667      1.25987     0.722877  -0.00546331   0.00384812 
     21.6667       1.3179     0.744481  -0.00556025   0.00384729 
     21.6667      1.37659     0.765317  -0.00565008   0.00384638 
     21.6667      1.43594      0.78532  -0.00573267   0.00384538 
     21.6667      1.49596     0.804414  -0.00580803   0.00384428 
     21.6667      1.55665     0.822548  -0.00587621   0.00384311 
     21.6667      1.61799      0.83974  -0.00593661   0.00384185 
     21.6667         1.68     0.855918  -0.00598947   0.00384048 
     21.6667      1.74267     0.871061  -0.00603492     0.003839 
     21.6667      1.80601     0.885161  -0.00607312   0.00383742 
     21.6667      1.87001     0.898212   -0.0061043   0.00383573 
     21.6667      1.93467     0.910221  -0.00612873   0.00383394 
     21.6667            2     0.921202  -0.00614671   0.00383205 
     23.3333        -1.25 -4.41921e-18 -7.18572e-28   0.00476832 
     23.3333     -1.24967 -6.89507e-05  1.04452e-11   0.00476832 
     23.3333     -1.24867 -0.000275854  1.65375e-10   0.00476832 
     23.3333     -1.24702 -0.000619403  8.17452e-10   0.00476832 
     23.3333      -1.2447  -0.00109777  2.49459e-09   0.00476832 
     23.3333     -1.24171   -0.0017084  5.81036e-09   0.00476832 
     23.3333     -1.23806   -0.0024482  1.13404e-08   0.00476832 
     23.3333     -1.23375  -0.00331294  1.94566e-08   0.00476832 
     23.3333     -1.22878  -0.00429788  3.01346e-08   0.00476832 
     23.3333     -1.22314  -0.00539752  4.27198e-08   0.00476832 
     23.3333     -1.21684  -0.00660565  5.56614e-08   0.00476832 
     23.3333     -1.20988  -0.00791552  6.62121e-08   0.00476832 
     23.3333     -1.20225  -0.00931925  7.00874e-08   0.00476832 
     23.3333     -1.19396   -0.0108084  6.11056e-08   0.00476832 
     23.3333     -1.18501   -0.0123739  3.07879e-08   0.00476831 
     23.3333     -1.17539   -0.0140059 -3.20683e-08   0.00476831 
     23.3333     -1.16511   -0.0156938 -1.41855e-07    0.0047683 
     23.3333     -1.15417   -0.0174262 -3.16586e-07    0.0047683 
     23.3333     -1.14256   -0.0191912  -5.7848e-07   0.00476829 
     23.3333     -1.13029   -0.0209758 -9.54382e-07   0.00476828 
     23.3333     -1.11736   -0.0227669 -1.47639e-06   0.00476827 
     23.3333     -1.10377   -0.0245498 -2.18221e-06   0.00476826 
     23.3333     -1.08951     -0.02631 -3.11601e-06   0.00476824 
     23.3333     -1.07458   -0.0280317 -4.32863e-06   0.00476822 
     23.3333       -1.059   -0.0296986  -5.8783e-06    0.0047682 
     23.3333     -1.04275   -0.0312938 -7.83112e-06   0.00476817 
     23.3333     -1.02584   -0.0327997 -1.02617e-05   0.00476814 
     23.3333     -1.00827    -0.034198 -1.32532e-05   0.00476811 
     23.3333    -0.990028   -0.0354698 -1.68986e-05   0.00476807 
     23.3333    -0.971127   -0.0365957 -2.13001e-05   0.00476803 
     23.3333    -0.951562   -0.0375556 -2.65706e-05   0.00476799 
     23.3333    -0.931335   -0.0383288 -3.28326e-05   0.00476793 
     23.3333    -0.910444   -0.0388944 -4.02204e-05   0.00476787 
     23.3333     -0.88889   -0.0392309 -4.88786e-05   0.00476781 
     23.3333    -0.866673   -0.0393161 -5.89632e-05   0.00476774 
     23.3333    -0.843793   -0.0391278 -7.06414e-05   0.00476766 
     23.3333    -0.820249   -0.0386433 -8.40925e-05   0.00476758 
     23.3333    -0.796043   -0.0378397 -9.95052e-05   0.00476749 
     23.3333    -0.771173   -0.0366938 -0.000117082   0.00476739 
     23.3333     -0.74564   -0.0351823 -0.000137034   0.00476729 
     23.3333    -0.719443   -0.0332817 -0.000159586   0.00476718 
     23.3333    -0.692584   -0.0309686 -0.000184967   0.00476706 
     23.3333    -0.665062   -0.0282195 -0.000213423   0.00476694 
     23.3333    -0.636876   -0.0250108 -0.000245204   0.00476681 
     23.3333    -0.608026   -0.0213192 -0.000280569   0.00476667 
     23.3333    -0.578514   -0.0171217 -0.000319783   0.00476653 
     23.3333    -0.548339   -0.0123952 -0.000363115   0.00476639 
     23.3333    -0.517501  -0.00711682  -0.00041084   0.00476625 
     23.3333    -0.485998  -0.00126361 -0.000463234    0.0047661 
     23.3333    -0.453833   0.00518627 -0.000520564   0.00476596 
     23.3333    -0.421005    0.0122551 -0.000583099   0.00476581 
     23.3333    -0.387514    0.0199647 -0.000651096   0.00476567 
     23.3333    -0.353359    0.0283371   -0.0007248   0.00476553 
     23.3333    -0.318541    0.0373933 -0.000804437   0.00476539 
     23.3333    -0.283061    0.0471542 -0.000890203   0.00476526 
     23.3333    -0.246917     0.057641 -0.000982275   0.00476513 
     23.3333    -0.210109    0.0688743  -0.00108078   0.00476501 
     23.3333    -0.172638    0.0808737  -0.00118581    0.0047649 
     23.3333    -0.134505    0.0936578  -0.00129739   0.00476479 
     23.3333    -0.095708     0.107245  -0.00141549   0.00476469 
     23.3333    -0.056247     0.121653  -0.00154001   0.00476459 
     23.3333    -0.016124     0.136894  -0.00167076    0.0047645 
     23.3333     0.024662     0.152982  -0.00180747   0.00476441 
     23.3333     0.066112     0.169923  -0.00194977   0.00476432 
     23.3333     0.108226     0.187721  -0.00209709   0.00476423 
     23.3333     0.151002     0.206373  -0.00224933   0.00476413 
     23.3333     0.194441     0.225869  -0.00240534   0.00476404 
     23.3333     0.238543     0.246203  -0.00256683   0.00476395 
     23.3333     0.283309       0.2673   -0.0027275   0.00476366 
     23.3333     0.328738     0.289174  -0.00289043   0.00476325 
     23.3333      0.37483     0.311779  -0.00305442     0.004763 
     23.3333     0.421585     0.335036  -0.00321866    0.0047627 
     23.3333     0.469004     0.358866  -0.00338229   0.00476236 
     23.3333     0.517086     0.383187  -0.00354456   0.00476194 
     23.3333     0.565831     0.407911  -0.00370479   0.00476145 
     23.3333     0.615239      0.43295  -0.00386241   0.00476087 
     23.3333      0.66531     0.458213  -0.00401692   0.00476019 
     23.3333     0.716045     0.483607  -0.00416791    0.0047594 
     23.3333     0.767442     0.509041  -0.00431499   0.00475849 
     23.3333     0.819503     0.534425  -0.00445786   0.00475745 
     23.3333     0.872228     0.559669  -0.00459621   0.00475627 
     23.3333     0.925615     0.584687  -0.00472978   0.00475495 
     23.3333     0.979665     0.609396  -0.00485831   0.00475347 
     23.3333      1.03438     0.633719  -0.00498153   0.00475183 
     23.3333      1.08976      0.65758  -0.00509918   0.00475003 
     23.3333       1.1458      0.68091  -0.00521096   0.00474806 
     23.3333       1.2025     0.703644  -0.00531659   0.00474591 
     23.3333      1.25987     0.725722  -0.00541576   0.00474358 
     23.3333       1.3179     0.747087  -0.00550817   0.00474106 
     23.3333      1.37659     0.767681  -0.00559356   0.00473834 
     23.3333      1.43594     0.787451  -0.00567173   0.00473542 
     23.3333      1.49596     0.806338  -0.00574258    0.0047323 
     23.3333      1.55665     0.824278  -0.00580619   0.00472895 
     23.3333      1.61799     0.841197  -0.00586288   0.00472537 
     23.3333         1.68     0.857174  -0.00591224   0.00472162 
     23.3333      1.74267     0.872125   -0.0059541   0.00471765 
     23.3333      1.80601     0.886033  -0.00598878   0.00471346 
     23.3333      1.87001     0.898898  -0.00601659   0.00470907 
     23.3333      1.93467     0.910729  -0.00603783   0.00470447 
     23.3333            2     0.921543  -0.00605284   0.00469969 
          25        -1.25            0            0   0.00570282 
          25     -1.24967 -6.88842e-05 -2.32957e-11   0.00570282 
          25     -1.24867 -0.000275579 -3.75801e-10   0.00570282 
          25     -1.24702 -0.000618756 -1.91923e-09   0.00570281 
          25      -1.2447  -0.00109655 -6.13707e-09   0.00570281 
          25     -1.24171  -0.00170633  -1.5206e-08   0.00570281 
          25     -1.23806  -0.00244495 -3.21011e-08   0.00570281 
          25     -1.23375   -0.0033081 -6.07123e-08   0.00570281 
          25     -1.22878   -0.0042909  -1.0601e-07   0.00570281 
          25     -1.22314  -0.00538776 -1.74227e-07    0.0057028 
          25     -1.21684  -0.00659232 -2.73071e-07    0.0057028 
          25     -1.20988  -0.00789768 -4.11987e-07   0.00570279 
          25     -1.20225  -0.00929579 -6.02368e-07   0.00570279 
          25     -1.19396   -0.0107781 -8.57888e-07   0.00570278 
          25     -1.18501   -0.0123352 -1.19481e-06   0.00570277 
          25     -1.17539    -0.013957 -1.63233e-06   0.00570277 
          25     -1.16511    -0.015633 -2.19296e-06   0.00570276 
          25     -1.15417   -0.0173512 -2.90272e-06   0.00570274 
          25     -1.14256   -0.0190996 -3.79191e-06   0.00570273 
          25     -1.13029   -0.0208651 -4.89509e-06   0.00570272 
          25     -1.11736    -0.022634 -6.25185e-06    0.0057027 
          25     -1.10377   -0.0243916 -7.90672e-06   0.00570268 
          25     -1.08951    -0.026123 -9.91037e-06   0.00570266 
          25     -1.07458   -0.0278121 -1.23192e-05   0.00570264 
          25       -1.059   -0.0294425 -1.51963e-05   0.00570261 
          25     -1.04275   -0.0309968 -1.86116e-05   0.00570258 
          25     -1.02584   -0.0324573 -2.26424e-05   0.00570255 
          25     -1.00827   -0.0338052 -2.73731e-05   0.00570251 
          25    -0.990028   -0.0350215  -3.2897e-05   0.00570247 
          25    -0.971127   -0.0360865 -3.93148e-05   0.00570242 
          25    -0.951562   -0.0369799 -4.67365e-05   0.00570238 
          25    -0.931335   -0.0376808 -5.52794e-05   0.00570232 
          25    -0.910444   -0.0381678 -6.50717e-05   0.00570226 
          25     -0.88889   -0.0384194 -7.62493e-05    0.0057022 
          25    -0.866673   -0.0384132 -8.89576e-05   0.00570213 
          25    -0.843793   -0.0381267 -0.000103351   0.00570205 
          25    -0.820249   -0.0375372 -0.000119596   0.00570197 
          25    -0.796043   -0.0366216 -0.000137862   0.00570188 
          25    -0.771173   -0.0353566 -0.000158334   0.00570179 
          25     -0.74564   -0.0337187 -0.000181203   0.00570169 
          25    -0.719443   -0.0316844 -0.000206669   0.00570158 
          25    -0.692584   -0.0292304 -0.000234939   0.00570147 
          25    -0.665062   -0.0263332  -0.00026623   0.00570135 
          25    -0.636876   -0.0229692 -0.000300765   0.00570123 
          25    -0.608026   -0.0191152 -0.000338773   0.00570111 
          25    -0.578514   -0.0147485 -0.000380486   0.00570098 
          25    -0.548339  -0.00984611 -0.000426144   0.00570085 
          25    -0.517501  -0.00438561 -0.000475985   0.00570071 
          25    -0.485998   0.00165556 -0.000530253   0.00570057 
          25    -0.453833   0.00829866 -0.000589181   0.00570044 
          25    -0.421005    0.0155653 -0.000653002    0.0057003 
          25    -0.387514    0.0234766 -0.000721939   0.00570016 
          25    -0.353359    0.0320534 -0.000796207   0.00570002 
          25    -0.318541    0.0413158 -0.000875995   0.00569989 
          25    -0.283061    0.0512832 -0.000961474   0.00569976 
          25    -0.246917    0.0619755  -0.00105279   0.00569962 
          25    -0.210109    0.0734113  -0.00115005   0.00569949 
          25    -0.172638    0.0856083  -0.00125332   0.00569936 
          25    -0.134505    0.0985831   -0.0013626   0.00569923 
          25    -0.095708     0.112352  -0.00147788    0.0056991 
          25    -0.056247     0.126929  -0.00159903   0.00569895 
          25    -0.016124     0.142325  -0.00172587    0.0056988 
          25     0.024662      0.15855  -0.00185813   0.00569863 
          25     0.066112     0.175608  -0.00199547   0.00569845 
          25     0.108226     0.193501  -0.00213746   0.00569823 
          25     0.151002     0.212223  -0.00228351   0.00569798 
          25     0.194441      0.23176  -0.00243323    0.0056977 
          25     0.238543     0.252094  -0.00258579   0.00569739 
          25     0.283309     0.273191  -0.00274139     0.005697 
          25     0.328738     0.295035   -0.0028982   0.00569653 
          25      0.37483     0.317572  -0.00305552   0.00569597 
          25     0.421585     0.340732  -0.00321267   0.00569532 
          25     0.469004     0.364442  -0.00336898   0.00569456 
          25     0.517086     0.388623  -0.00352386   0.00569368 
          25     0.565831     0.413192  -0.00367673   0.00569266 
          25     0.615239     0.438063  -0.00382708   0.00569149 
          25      0.66531     0.463149  -0.00397444   0.00569015 
          25     0.716045     0.488359  -0.00411838   0.00568864 
          25     0.767442     0.513602   -0.0042585   0.00568693 
          25     0.819503     0.538791  -0.00439446   0.00568502 
          25     0.872228     0.563837  -0.00452594   0.00568288 
          25     0.925615     0.588653  -0.00465263    0.0056805 
          25     0.979665     0.613157  -0.00477427   0.00567787 
          25      1.03438     0.637271  -0.00489061   0.00567497 
          25      1.08976      0.66092   -0.0050014    0.0056718 
          25       1.1458     0.684034  -0.00510642   0.00566833 
          25       1.2025      0.70655  -0.00520543   0.00566457 
          25      1.25987     0.728405  -0.00529819   0.00566051 
          25       1.3179     0.749544  -0.00538448   0.00565613 
          25      1.37659     0.769912  -0.00546404   0.00565143 
          25      1.43594     0.789455  -0.00553663   0.00564643 
          25      1.49596     0.808117    -0.005602   0.00564111 
          25      1.55665     0.825838  -0.00565991   0.00563549 
          25      1.61799      0.84258  -0.00571097   0.00562945 
          25         1.68     0.858333  -0.00575504   0.00562311 
          25      1.74267     0.873076   -0.0057922   0.00561646 
          25      1.80601     0.886794  -0.00582258   0.00560951 
          25      1.87001     0.899482  -0.00584639   0.00560225 
          25      1.93467     0.911148  -0.00586388    0.0055947 
          25            2     0.921808  -0.00587534   0.00558686 
     26.6667        -1.25 -7.31605e-19 -3.83663e-30   0.00665545 
     26.6667     -1.24967 -6.84877e-05 -5.51181e-11   0.00665545 
     26.6667     -1.24867 -0.000273984 -8.85962e-10   0.00665544 
     26.6667     -1.24702 -0.000615143 -4.49859e-09   0.00665544 
     26.6667      -1.2447  -0.00109006  -1.4271e-08   0.00665544 
     26.6667     -1.24171  -0.00169609 -3.50062e-08   0.00665544 
     26.6667     -1.23806     -0.00243 -7.30181e-08   0.00665543 
     26.6667     -1.23375   -0.0032874 -1.36199e-07   0.00665543 
     26.6667     -1.22878  -0.00426337 -2.34158e-07   0.00665542 
     26.6667     -1.22314  -0.00535221 -3.78349e-07   0.00665542 
     26.6667     -1.21684  -0.00654745  -5.8223e-07   0.00665541 
     26.6667     -1.20988  -0.00784206 -8.61485e-07    0.0066554 
     26.6667     -1.20225  -0.00922788 -1.23411e-06   0.00665539 
     26.6667     -1.19396   -0.0106962  -1.7207e-06   0.00665538 
     26.6667     -1.18501   -0.0122375  -2.3447e-06   0.00665537 
     26.6667     -1.17539   -0.0138415 -3.13261e-06   0.00665536 
     26.6667     -1.16511   -0.0154975 -4.11435e-06   0.00665534 
     26.6667     -1.15417   -0.0171934 -5.32318e-06   0.00665533 
     26.6667     -1.14256   -0.0189169 -6.79661e-06   0.00665531 
     26.6667     -1.13029   -0.0206548 -8.57604e-06   0.00665529 
     26.6667     -1.11736   -0.0223932 -1.07076e-05   0.00665527 
     26.6667     -1.10377   -0.0241172 -1.32416e-05   0.00665524 
     26.6667     -1.08951   -0.0258116 -1.62341e-05   0.00665522 
     26.6667     -1.07458   -0.0274602 -1.97461e-05   0.00665519 
     26.6667       -1.059   -0.0290463 -2.38441e-05   0.00665516 
     26.6667     -1.04275   -0.0305524 -2.86007e-05   0.00665513 
     26.6667     -1.02584   -0.0319604 -3.40947e-05   0.00665509 
     26.6667     -1.00827   -0.0332516 -4.04103e-05   0.00665505 
     26.6667    -0.990028   -0.0344066 -4.76398e-05   0.00665501 
     26.6667    -0.971127   -0.0354056 -5.58809e-05   0.00665496 
     26.6667    -0.951562    -0.036228 -6.52389e-05   0.00665491 
     26.6667    -0.931335   -0.0368528 -7.58251e-05   0.00665485 
     26.6667    -0.910444   -0.0372585 -8.77593e-05   0.00665479 
     26.6667     -0.88889   -0.0374234 -0.000101168   0.00665473 
     26.6667    -0.866673   -0.0373249 -0.000116183   0.00665466 
     26.6667    -0.843793   -0.0369406 -0.000132947   0.00665458 
     26.6667    -0.820249   -0.0362475 -0.000151607   0.00665451 
     26.6667    -0.796043   -0.0352224 -0.000172318   0.00665442 
     26.6667    -0.771173    -0.033842 -0.000195243   0.00665433 
     26.6667     -0.74564   -0.0320828  -0.00022055   0.00665424 
     26.6667    -0.719443   -0.0299212 -0.000248416   0.00665414 
     26.6667    -0.692584   -0.0273339 -0.000279022   0.00665403 
     26.6667    -0.665062   -0.0242975 -0.000312556   0.00665393 
     26.6667    -0.636876   -0.0207884 -0.000349213   0.00665381 
     26.6667    -0.608026   -0.0167836 -0.000389192    0.0066537 
     26.6667    -0.578514   -0.0122604 -0.000432692   0.00665358 
     26.6667    -0.548339  -0.00719628 -0.000479919   0.00665346 
     26.6667    -0.517501  -0.00156897 -0.000531079   0.00665333 
     26.6667    -0.485998    0.0046437 -0.000586381    0.0066532 
     26.6667    -0.453833    0.0114625 -0.000646023   0.00665307 
     26.6667    -0.421005    0.0189084 -0.000710205   0.00665294 
     26.6667    -0.387514    0.0270019 -0.000779116   0.00665281 
     26.6667    -0.353359    0.0357629 -0.000852936   0.00665268 
     26.6667    -0.318541    0.0452105 -0.000931825   0.00665255 
     26.6667    -0.283061    0.0553629  -0.00101592   0.00665241 
     26.6667    -0.246917    0.0662385  -0.00110534   0.00665227 
     26.6667    -0.210109    0.0778546  -0.00120018   0.00665213 
     26.6667    -0.172638     0.090227  -0.00130046   0.00665198 
     26.6667    -0.134505      0.10337  -0.00140619   0.00665181 
     26.6667    -0.095708     0.117298  -0.00151732   0.00665164 
     26.6667    -0.056247     0.132023  -0.00163374   0.00665145 
     26.6667    -0.016124     0.147554  -0.00175527   0.00665123 
     26.6667     0.024662     0.163897  -0.00188167   0.00665098 
     26.6667     0.066112     0.181055  -0.00201263    0.0066507 
     26.6667     0.108226     0.199027  -0.00214775   0.00665037 
     26.6667     0.151002     0.217805  -0.00228661   0.00664998 
     26.6667     0.194441     0.237377  -0.00242861   0.00664952 
     26.6667     0.238543     0.257722  -0.00257333   0.00664899 
     26.6667     0.283309      0.27881  -0.00271997   0.00664836 
     26.6667     0.328738      0.30061  -0.00286792   0.00664762 
     26.6667      0.37483     0.323071  -0.00301628   0.00664675 
     26.6667     0.421585      0.34613  -0.00316434   0.00664574 
     26.6667     0.469004      0.36972  -0.00331146   0.00664457 
     26.6667     0.517086     0.393765  -0.00345705   0.00664321 
     26.6667     0.565831     0.418186  -0.00360059   0.00664165 
     26.6667     0.615239     0.442899   -0.0037416   0.00663986 
     26.6667      0.66531     0.467817  -0.00387964   0.00663782 
     26.6667     0.716045     0.492852  -0.00401432   0.00663552 
     26.6667     0.767442     0.517912  -0.00414528   0.00663294 
     26.6667     0.819503     0.542911  -0.00427217   0.00663006 
     26.6667     0.872228     0.567761  -0.00439468   0.00662687 
     26.6667     0.925615     0.592376  -0.00451249   0.00662333 
     26.6667     0.979665     0.616676  -0.00462531   0.00661944 
     26.6667      1.03438     0.640583  -0.00473287   0.00661519 
     26.6667      1.08976     0.664024  -0.00483491   0.00661055 
     26.6667       1.1458     0.686929  -0.00493124   0.00660546 
     26.6667       1.2025     0.709232  -0.00502164   0.00659996 
     26.6667      1.25987     0.730872  -0.00510595   0.00659405 
     26.6667       1.3179     0.751804  -0.00518464   0.00658766 
     26.6667      1.37659     0.771961  -0.00525641   0.00658087 
     26.6667      1.43594     0.791284  -0.00532134   0.00657365 
     26.6667      1.49596     0.809724  -0.00537948   0.00656597 
     26.6667      1.55665     0.827236  -0.00543083   0.00655781 
     26.6667      1.61799     0.843785  -0.00547544    0.0065492 
     26.6667         1.68     0.859346  -0.00551338   0.00654015 
     26.6667      1.74267     0.873899  -0.00554479   0.00653065 
     26.6667      1.80601     0.887436   -0.0055698   0.00652073 
     26.6667      1.87001     0.899954  -0.00558861    0.0065104 
     26.6667      1.93467     0.911461  -0.00560145   0.00649966 
     26.6667            2     0.921973  -0.00560862   0.00648854 
     28.3333        -1.25 -1.88254e-17  3.64507e-29    0.0076215 
     28.3333     -1.24967 -6.77802e-05 -8.50007e-11    0.0076215 
     28.3333     -1.24867 -0.000271146 -1.36503e-09    0.0076215 
     28.3333     -1.24702 -0.000608739 -6.92042e-09    0.0076215 
     28.3333      -1.2447  -0.00107864 -2.19067e-08   0.00762149 
     28.3333     -1.24171  -0.00167815 -5.35884e-08   0.00762149 
     28.3333     -1.23806  -0.00240402 -1.11406e-07   0.00762148 
     28.3333     -1.23375  -0.00325182 -2.06992e-07   0.00762148 
     28.3333     -1.22878  -0.00421655 -3.54282e-07   0.00762147 
     28.3333     -1.22314  -0.00529244 -5.69589e-07   0.00762146 
     28.3333     -1.21684  -0.00647297 -8.71708e-07   0.00762145 
     28.3333     -1.20988  -0.00775102 -1.28209e-06   0.00762144 
     28.3333     -1.20225  -0.00911834  -1.8248e-06   0.00762143 
     28.3333     -1.19396   -0.0105661  -2.5268e-06   0.00762141 
     28.3333     -1.18501   -0.0120847 -3.41804e-06    0.0076214 
     28.3333     -1.17539   -0.0136638 -4.53165e-06   0.00762138 
     28.3333     -1.16511   -0.0152925 -5.90419e-06   0.00762136 
     28.3333     -1.15417   -0.0169586  -7.5753e-06   0.00762134 
     28.3333     -1.14256   -0.0186497 -9.58884e-06   0.00762132 
     28.3333     -1.13029   -0.0203524 -1.19921e-05   0.00762129 
     28.3333     -1.11736   -0.0220527 -1.48366e-05   0.00762127 
     28.3333     -1.10377   -0.0237356 -1.81774e-05   0.00762124 
     28.3333     -1.08951   -0.0253858  -2.2075e-05   0.00762121 
     28.3333     -1.07458   -0.0269869 -2.65933e-05   0.00762118 
     28.3333       -1.059    -0.028522 -3.18013e-05   0.00762115 
     28.3333     -1.04275   -0.0299736 -3.77727e-05   0.00762111 
     28.3333     -1.02584   -0.0313235 -4.45864e-05   0.00762107 
     28.3333     -1.00827   -0.0325527  -5.2325e-05   0.00762103 
     28.3333    -0.990028   -0.0336418  -6.1078e-05   0.00762098 
     28.3333    -0.971127   -0.0345708 -7.09384e-05   0.00762093 
     28.3333    -0.951562   -0.0353191 -8.20057e-05   0.00762088 
     28.3333    -0.931335   -0.0358656 -9.43828e-05   0.00762082 
     28.3333    -0.910444   -0.0361887  -0.00010818   0.00762077 
     28.3333     -0.88889   -0.0362664 -0.000123511    0.0076207 
     28.3333    -0.866673   -0.0360765 -0.000140496   0.00762063 
     28.3333    -0.843793   -0.0355961 -0.000159259   0.00762056 
     28.3333    -0.820249   -0.0348023 -0.000179931   0.00762049 
     28.3333    -0.796043   -0.0336719 -0.000202646   0.00762041 
     28.3333    -0.771173   -0.0321815 -0.000227546   0.00762033 
     28.3333     -0.74564   -0.0303077 -0.000254775   0.00762024 
     28.3333    -0.719443   -0.0280268 -0.000284485   0.00762015 
     28.3333    -0.692584   -0.0253155 -0.000316826   0.00762005 
     28.3333    -0.665062   -0.0221505 -0.000351961   0.00761995 
     28.3333    -0.636876   -0.0185082 -0.000390052   0.00761985 
     28.3333    -0.608026   -0.0143657 -0.000431267   0.00761974 
     28.3333    -0.578514  -0.00970054 -0.000475771   0.00761963 
     28.3333    -0.548339  -0.00449028 -0.000523737   0.00761952 
     28.3333    -0.517501   0.00128704 -0.000575336   0.00761941 
     28.3333    -0.485998   0.00765327 -0.000630743   0.00761929 
     28.3333    -0.453833    0.0146288 -0.000690122   0.00761917 
     28.3333    -0.421005    0.0222341 -0.000753637   0.00761905 
     28.3333    -0.387514    0.0304889 -0.000821444   0.00761893 
     28.3333    -0.353359    0.0394126 -0.000893691    0.0076188 
     28.3333    -0.318541    0.0490231 -0.000970507   0.00761866 
     28.3333    -0.283061    0.0593379    -0.001052   0.00761852 
     28.3333    -0.246917     0.070374  -0.00113827   0.00761838 
     28.3333    -0.210109    0.0821472  -0.00122937   0.00761821 
     28.3333    -0.172638    0.0946719  -0.00132533   0.00761804 
     28.3333    -0.134505     0.107961  -0.00142613   0.00761784 
     28.3333    -0.095708     0.122026  -0.00153172   0.00761762 
     28.3333    -0.056247     0.136878  -0.00164198   0.00761737 
     28.3333    -0.016124     0.152523  -0.00175674   0.00761708 
     28.3333     0.024662     0.168965  -0.00187577   0.00761674 
     28.3333     0.066112     0.186206  -0.00199878   0.00761634 
     28.3333     0.108226     0.204243  -0.00212541   0.00761587 
     28.3333     0.151002     0.223066  -0.00225519   0.00761532 
     28.3333     0.194441      0.24266  -0.00238773   0.00761466 
     28.3333     0.238543     0.263005  -0.00252238   0.00761388 
     28.3333     0.283309      0.28407  -0.00265876   0.00761299 
     28.3333     0.328738     0.305819  -0.00279594   0.00761197 
     28.3333      0.37483     0.328202  -0.00293332   0.00761078 
     28.3333     0.421585     0.351164   -0.0030701   0.00760935 
     28.3333     0.469004     0.374639  -0.00320581   0.00760767 
     28.3333     0.517086     0.398554  -0.00333998   0.00760576 
     28.3333     0.565831     0.422832   -0.0034721   0.00760359 
     28.3333     0.615239     0.447391  -0.00360169   0.00760112 
     28.3333      0.66531     0.472146   -0.0037283   0.00759834 
     28.3333     0.716045     0.497009  -0.00385155   0.00759521 
     28.3333     0.767442     0.521891  -0.00397105    0.0075917 
     28.3333     0.819503     0.546705   -0.0040865   0.00758779 
     28.3333     0.872228     0.571365  -0.00419759   0.00758345 
     28.3333     0.925615     0.595786  -0.00430406   0.00757867 
     28.3333     0.979665     0.619889   -0.0044057    0.0075734 
     28.3333      1.03438     0.643597  -0.00450228   0.00756764 
     28.3333      1.08976     0.666838   -0.0045936   0.00756137 
     28.3333       1.1458     0.689544  -0.00467947   0.00755456 
     28.3333       1.2025     0.711647  -0.00475968    0.0075472 
     28.3333      1.25987     0.733089  -0.00483419   0.00753928 
     28.3333       1.3179     0.753815  -0.00490273    0.0075308 
     28.3333      1.37659     0.773765  -0.00496507   0.00752175 
     28.3333      1.43594     0.792884  -0.00502105   0.00751211 
     28.3333      1.49596     0.811123  -0.00507062   0.00750188 
     28.3333      1.55665      0.82844  -0.00511379   0.00749106 
     28.3333      1.61799     0.844801  -0.00515061   0.00747966 
     28.3333         1.68      0.86018  -0.00518119    0.0074677 
     28.3333      1.74267     0.874559  -0.00520568   0.00745517 
     28.3333      1.80601     0.887929  -0.00522427   0.00744209 
     28.3333      1.87001      0.90029  -0.00523716   0.00742848 
     28.3333      1.93467     0.911651   -0.0052446   0.00741433 
     28.3333            2     0.922027  -0.00524684   0.00739968 
          30        -1.25 -4.99391e-18  -6.3814e-30   0.00859619 
          30     -1.24967 -6.67837e-05 -1.12452e-10   0.00859618 
          30     -1.24867 -0.000267151 -1.80507e-09   0.00859618 
          30     -1.24702 -0.000599741 -9.14457e-09   0.00859618 
          30      -1.2447  -0.00106262 -2.89173e-08   0.00859617 
          30     -1.24171  -0.00165308 -7.06443e-08   0.00859617 
          30     -1.23806  -0.00236783 -1.46626e-07   0.00859616 
          30     -1.23375  -0.00320242 -2.71914e-07   0.00859615 
          30     -1.22878  -0.00415183 -4.64384e-07   0.00859614 
          30     -1.22314  -0.00521025 -7.44766e-07   0.00859613 
          30     -1.21684  -0.00637112 -1.13668e-06   0.00859612 
          30     -1.20988  -0.00762727 -1.66678e-06    0.0085961 
          30     -1.20225  -0.00897039 -2.36459e-06   0.00859609 
          30     -1.19396   -0.0103916 -3.26271e-06   0.00859607 
          30     -1.18501   -0.0118813 -4.39689e-06   0.00859605 
          30     -1.17539    -0.013429 -5.80602e-06   0.00859603 
          30     -1.16511   -0.0150238 -7.53244e-06   0.00859601 
          30     -1.15417   -0.0166533 -9.62125e-06   0.00859598 
          30     -1.14256   -0.0183053 -1.21216e-05   0.00859596 
          30     -1.13029   -0.0199661 -1.50856e-05   0.00859593 
          30     -1.11736   -0.0216217 -1.85691e-05    0.0085959 
          30     -1.10377   -0.0232571 -2.26307e-05   0.00859587 
          30     -1.08951   -0.0248568 -2.73338e-05   0.00859584 
          30     -1.07458   -0.0264045 -3.27443e-05    0.0085958 
          30       -1.059   -0.0278832 -3.89321e-05   0.00859576 
          30     -1.04275   -0.0292752 -4.59706e-05   0.00859572 
          30     -1.02584   -0.0305623 -5.39372e-05   0.00859568 
          30     -1.00827   -0.0317256 -6.29114e-05   0.00859564 
          30    -0.990028   -0.0327455 -7.29783e-05   0.00859559 
          30    -0.971127   -0.0336021  -8.4225e-05   0.00859554 
          30    -0.951562   -0.0342747 -9.67429e-05   0.00859549 
          30    -0.931335    -0.034742 -0.000110625   0.00859544 
          30    -0.910444   -0.0349827  -0.00012597   0.00859538 
          30     -0.88889   -0.0349747 -0.000142879   0.00859532 
          30    -0.866673   -0.0346955 -0.000161455   0.00859525 
          30    -0.843793   -0.0341225 -0.000181806   0.00859519 
          30    -0.820249   -0.0332327 -0.000204043   0.00859512 
          30    -0.796043   -0.0320029 -0.000228278   0.00859504 
          30    -0.771173   -0.0304097 -0.000254629   0.00859497 
          30     -0.74564   -0.0284297 -0.000283216   0.00859489 
          30    -0.719443   -0.0260392  -0.00031416    0.0085948 
          30    -0.692584    -0.023215 -0.000347587   0.00859472 
          30    -0.665062   -0.0199336 -0.000383626   0.00859463 
          30    -0.636876   -0.0161718 -0.000422408   0.00859454 
          30    -0.608026   -0.0119065 -0.000464066   0.00859445 
          30    -0.578514  -0.00711556 -0.000508734   0.00859435 
          30    -0.548339  -0.00177651 -0.000556549   0.00859425 
          30    -0.517501   0.00413234 -0.000607646   0.00859415 
          30    -0.485998    0.0106326 -0.000662166   0.00859404 
          30    -0.453833    0.0177443 -0.000720236   0.00859393 
          30    -0.421005    0.0254876 -0.000781986   0.00859382 
          30    -0.387514    0.0338816 -0.000847541    0.0085937 
          30    -0.353359    0.0429451 -0.000917014   0.00859358 
          30    -0.318541    0.0526954 -0.000990506   0.00859344 
          30    -0.283061    0.0631487   -0.0010681    0.0085933 
          30    -0.246917    0.0743213  -0.00114986   0.00859314 
          30    -0.210109    0.0862277  -0.00123583   0.00859296 
          30    -0.172638    0.0988808  -0.00132601   0.00859275 
          30    -0.134505     0.112292  -0.00142038   0.00859252 
          30    -0.095708     0.126472  -0.00151888   0.00859225 
          30    -0.056247     0.141428  -0.00162138   0.00859193 
          30    -0.016124     0.157166  -0.00172771   0.00859156 
          30     0.024662     0.173689  -0.00183767   0.00859112 
          30     0.066112     0.190995  -0.00195096    0.0085906 
          30     0.108226     0.209079  -0.00206726   0.00858998 
          30     0.151002     0.227931  -0.00218616   0.00858925 
          30     0.194441     0.247534  -0.00230721   0.00858839 
          30     0.238543     0.267866  -0.00242989   0.00858737 
          30     0.283309     0.288898  -0.00255363   0.00858618 
          30     0.328738      0.31059  -0.00267789   0.00858478 
          30      0.37483     0.332896  -0.00280206   0.00858316 
          30     0.421585     0.355761  -0.00292556   0.00858128 
          30     0.469004     0.379123  -0.00304784   0.00857911 
          30     0.517086     0.402911  -0.00316839   0.00857663 
          30     0.565831      0.42705  -0.00328673   0.00857381 
          30     0.615239     0.451459  -0.00340243    0.0085706 
          30      0.66531     0.476054   -0.0035151   0.00856698 
          30     0.716045     0.500751  -0.00362438   0.00856292 
          30     0.767442      0.52546  -0.00372996   0.00855839 
          30     0.819503     0.550097  -0.00383157   0.00855334 
          30     0.872228     0.574576  -0.00392895   0.00854776 
          30     0.925615     0.598813  -0.00402189   0.00854161 
          30     0.979665      0.62273  -0.00411019   0.00853488 
          30      1.03438     0.646251  -0.00419367   0.00852751 
          30      1.08976     0.669305  -0.00427207   0.00851948 
          30       1.1458      0.69182  -0.00434532   0.00851075 
          30       1.2025     0.713736   -0.0044133   0.00850138 
          30      1.25987     0.734991   -0.0044758   0.00849132 
          30       1.3179     0.755526  -0.00453269   0.00848053 
          30      1.37659     0.775285  -0.00458383   0.00846902 
          30      1.43594     0.794215  -0.00462913   0.00845678 
          30      1.49596     0.812269  -0.00466854   0.00844381 
          30      1.55665     0.829408  -0.00470207   0.00843012 
          30      1.61799     0.845596  -0.00472979   0.00841571 
          30         1.68     0.860809   -0.0047518   0.00840059 
          30      1.74267     0.875029  -0.00476829   0.00838477 
          30      1.80601     0.888248  -0.00477945   0.00836828 
          30      1.87001     0.900467  -0.00478549   0.00835114 
          30      1.93467     0.911696  -0.00478661   0.00833336 
          30            2     0.921952  -0.00478304   0.00831497 
     31.6667        -1.25            0            0   0.00957464 
     31.6667     -1.24967 -6.55247e-05 -1.37085e-10   0.00957464 
     31.6667     -1.24867 -0.000262107 -2.19987e-09   0.00957464 
     31.6667     -1.24702 -0.000588388 -1.11396e-08   0.00957463 
     31.6667      -1.2447  -0.00104243  -3.5204e-08   0.00957463 
     31.6667     -1.24171  -0.00162152 -8.59327e-08   0.00957462 
     31.6667     -1.23806  -0.00232237 -1.78182e-07   0.00957461 
     31.6667     -1.23375  -0.00314052 -3.30047e-07    0.0095746 
     31.6667     -1.22878  -0.00407093 -5.62907e-07   0.00957459 
     31.6667     -1.22314  -0.00510781 -9.01397e-07   0.00957457 
     31.6667     -1.21684  -0.00624456  -1.3734e-06   0.00957456 
     31.6667     -1.20988  -0.00747402 -2.01012e-06   0.00957454 
     31.6667     -1.20225  -0.00878787 -2.84581e-06   0.00957452 
     31.6667     -1.19396   -0.0101772 -3.91798e-06    0.0095745 
     31.6667     -1.18501   -0.0116324  -5.2673e-06   0.00957448 
     31.6667     -1.17539   -0.0131431 -6.93756e-06   0.00957445 
     31.6667     -1.16511   -0.0146981 -8.97586e-06   0.00957443 
     31.6667     -1.15417   -0.0162853 -1.14317e-05    0.0095744 
     31.6667     -1.14256   -0.0178923 -1.43586e-05   0.00957437 
     31.6667     -1.13029   -0.0195056 -1.78121e-05   0.00957434 
     31.6667     -1.11736    -0.021111 -2.18512e-05   0.00957431 
     31.6667     -1.10377   -0.0226934  -2.6537e-05   0.00957428 
     31.6667     -1.08951   -0.0242376 -3.19342e-05   0.00957424 
     31.6667     -1.07458   -0.0257272 -3.81095e-05    0.0095742 
     31.6667       -1.059   -0.0271451  -4.5132e-05   0.00957416 
     31.6667     -1.04275   -0.0284737 -5.30734e-05   0.00957412 
     31.6667     -1.02584    -0.029695 -6.20082e-05   0.00957408 
     31.6667     -1.00827   -0.0307898 -7.20113e-05   0.00957404 
     31.6667    -0.990028   -0.0317388 -8.31616e-05   0.00957399 
     31.6667    -0.971127   -0.0325219 -9.55383e-05   0.00957394 
     31.6667    -0.951562   -0.0331186 -0.000109224   0.00957389 
     31.6667    -0.931335   -0.0335077 -0.000124299   0.00957384 
     31.6667    -0.910444   -0.0336677  -0.00014085   0.00957378 
     31.6667     -0.88889   -0.0335767 -0.000158961   0.00957372 
     31.6667    -0.866673   -0.0332124  -0.00017872   0.00957366 
     31.6667    -0.843793    -0.032552 -0.000200213    0.0095736 
     31.6667    -0.820249   -0.0315725 -0.000223532   0.00957354 
     31.6667    -0.796043    -0.030251 -0.000248764   0.00957347 
     31.6667    -0.771173   -0.0285639 -0.000276003    0.0095734 
     31.6667     -0.74564   -0.0264879 -0.000305339   0.00957333 
     31.6667    -0.719443   -0.0239993 -0.000336868   0.00957326 
     31.6667    -0.692584    -0.021075 -0.000370682   0.00957319 
     31.6667    -0.665062   -0.0176915 -0.000406878   0.00957311 
     31.6667    -0.636876   -0.0138256 -0.000445555   0.00957303 
     31.6667    -0.608026  -0.00945434 -0.000486811   0.00957295 
     31.6667    -0.578514  -0.00455547 -0.000530743   0.00957287 
     31.6667    -0.548339  0.000893249 -0.000577452   0.00957278 
     31.6667    -0.517501   0.00691342 -0.000627038   0.00957269 
     31.6667    -0.485998    0.0135265 -0.000679604    0.0095726 
     31.6667    -0.453833    0.0207522 -0.000735242    0.0095725 
     31.6667    -0.421005    0.0286104 -0.000794047    0.0095724 
     31.6667    -0.387514    0.0371199 -0.000856107   0.00957229 
     31.6667    -0.353359    0.0462989 -0.000921507   0.00957216 
     31.6667    -0.318541     0.056164 -0.000990313   0.00957203 
     31.6667    -0.283061    0.0667308  -0.00106258   0.00957188 
     31.6667    -0.246917    0.0780146  -0.00113835    0.0095717 
     31.6667    -0.210109    0.0900289  -0.00121765    0.0095715 
     31.6667    -0.172638     0.102785  -0.00130045   0.00957127 
     31.6667    -0.134505     0.116294  -0.00138673   0.00957099 
     31.6667    -0.095708     0.130564   -0.0014764   0.00957066 
     31.6667    -0.056247     0.145602  -0.00156935   0.00957027 
     31.6667    -0.016124     0.161411  -0.00166541   0.00956981 
     31.6667     0.024662     0.177992  -0.00176438   0.00956925 
     31.6667     0.066112     0.195343  -0.00186599   0.00956859 
     31.6667     0.108226     0.213457  -0.00196992    0.0095678 
     31.6667     0.151002     0.232322  -0.00207581   0.00956687 
     31.6667     0.194441      0.25192  -0.00218324   0.00956577 
     31.6667     0.238543     0.272228  -0.00229174   0.00956447 
     31.6667     0.283309     0.293217  -0.00240083   0.00956295 
     31.6667     0.328738     0.314846     -0.00251   0.00956118 
     31.6667      0.37483     0.337072  -0.00261871   0.00955913 
     31.6667     0.421585      0.35984  -0.00272646   0.00955675 
     31.6667     0.469004      0.38309  -0.00283274   0.00955402 
     31.6667     0.517086     0.406753  -0.00293711    0.0095509 
     31.6667     0.565831     0.430756  -0.00303912   0.00954735 
     31.6667     0.615239     0.455019  -0.00313841   0.00954333 
     31.6667      0.66531     0.479461  -0.00323461   0.00953881 
     31.6667     0.716045     0.503998  -0.00332743   0.00953373 
     31.6667     0.767442     0.528543  -0.00341661   0.00952806 
     31.6667     0.819503     0.553011  -0.00350188   0.00952177 
     31.6667     0.872228      0.57732  -0.00358304   0.00951482 
     31.6667     0.925615     0.601385  -0.00365992   0.00950717 
     31.6667     0.979665     0.625129  -0.00373239   0.00949879 
     31.6667      1.03438     0.648476  -0.00380038   0.00948966 
     31.6667      1.08976     0.671356  -0.00386358   0.00947974 
     31.6667       1.1458     0.693698  -0.00392198     0.009469 
     31.6667       1.2025      0.71544  -0.00397548   0.00945742 
     31.6667      1.25987     0.736521  -0.00402396   0.00944498 
     31.6667       1.3179     0.756884   -0.0040673   0.00943168 
     31.6667      1.37659     0.776471  -0.00410543   0.00941751 
     31.6667      1.43594     0.795232  -0.00413829   0.00940246 
     31.6667      1.49596     0.813121  -0.00416586   0.00938653 
     31.6667      1.55665     0.830099  -0.00418815   0.00936971 
     31.6667      1.61799     0.846133   -0.0042053   0.00935203 
     31.6667         1.68     0.861198  -0.00421743   0.00933349 
     31.6667      1.74267     0.875279  -0.00422473   0.00931412 
     31.6667      1.80601     0.888367  -0.00422739   0.00929394 
     31.6667      1.87001     0.900463  -0.00422558   0.00927297 
     31.6667      1.93467     0.911578  -0.00421936   0.00925124 
     31.6667            2     0.921729  -0.00420945   0.00922875 
     33.3333        -1.25            0            0     0.010552 
     33.3333     -1.24967 -6.40331e-05 -1.58613e-10     0.010552 
     33.3333     -1.24867 -0.000256133 -2.54486e-09     0.010552 
     33.3333     -1.24702 -0.000574949 -1.28825e-08     0.010552 
     33.3333      -1.2447  -0.00101855 -4.06936e-08     0.010552 
     33.3333     -1.24171  -0.00158424 -9.92759e-08     0.010552 
     33.3333     -1.23806  -0.00226872 -2.05704e-07     0.010552 
     33.3333     -1.23375  -0.00306757 -3.80711e-07     0.010552 
     33.3333     -1.22878  -0.00397576 -6.48695e-07     0.010552 
     33.3333     -1.22314  -0.00498752 -1.03764e-06    0.0105519 
     33.3333     -1.21684  -0.00609628 -1.57906e-06    0.0105519 
     33.3333     -1.20988  -0.00729488 -2.30801e-06    0.0105519 
     33.3333     -1.20225  -0.00857507 -3.26273e-06    0.0105519 
     33.3333     -1.19396  -0.00992798 -4.48475e-06    0.0105519 
     33.3333     -1.18501    -0.011344 -6.01878e-06    0.0105518 
     33.3333     -1.17539   -0.0128127 -7.91253e-06    0.0105518 
     33.3333     -1.16511   -0.0143232 -1.02168e-05    0.0105518 
     33.3333     -1.15417   -0.0158632 -1.29845e-05    0.0105518 
     33.3333     -1.14256   -0.0174205  -1.6272e-05    0.0105517 
     33.3333     -1.13029   -0.0189814 -2.01374e-05    0.0105517 
     33.3333     -1.11736   -0.0205322 -2.46415e-05    0.0105517 
     33.3333     -1.10377   -0.0220576 -2.98462e-05    0.0105516 
     33.3333     -1.08951   -0.0235424 -3.58166e-05    0.0105516 
     33.3333     -1.07458   -0.0249704 -4.26182e-05    0.0105515 
     33.3333       -1.059   -0.0263246 -5.03182e-05    0.0105515 
     33.3333     -1.04275   -0.0275875  -5.8985e-05    0.0105515 
     33.3333     -1.02584   -0.0287411 -6.86883e-05    0.0105514 
     33.3333     -1.00827   -0.0297664 -7.94967e-05    0.0105514 
     33.3333    -0.990028   -0.0306442 -9.14816e-05    0.0105513 
     33.3333    -0.971127   -0.0313544 -0.000104712    0.0105513 
     33.3333    -0.951562   -0.0318767  -0.00011926    0.0105512 
     33.3333    -0.931335     -0.03219 -0.000135193    0.0105512 
     33.3333    -0.910444   -0.0322729 -0.000152581    0.0105511 
     33.3333     -0.88889   -0.0321036 -0.000171492    0.0105511 
     33.3333    -0.866673   -0.0316598 -0.000191994     0.010551 
     33.3333    -0.843793   -0.0309189 -0.000214153     0.010551 
     33.3333    -0.820249   -0.0298581 -0.000238036    0.0105509 
     33.3333    -0.796043   -0.0284543 -0.000263705    0.0105509 
     33.3333    -0.771173   -0.0266841 -0.000291227    0.0105508 
     33.3333     -0.74564   -0.0245242 -0.000320664    0.0105507 
     33.3333    -0.719443    -0.021951 -0.000352078    0.0105507 
     33.3333    -0.692584   -0.0189414 -0.000385531    0.0105506 
     33.3333    -0.665062    -0.015472 -0.000421084    0.0105506 
     33.3333    -0.636876   -0.0115194 -0.000458802    0.0105505 
     33.3333    -0.608026  -0.00706081 -0.000498745    0.0105504 
     33.3333    -0.578514  -0.00207397 -0.000540973    0.0105504 
     33.3333    -0.548339   0.00346333 -0.000585549    0.0105503 
     33.3333    -0.517501   0.00957262 -0.000632535    0.0105502 
     33.3333    -0.485998    0.0162753 -0.000681996    0.0105501 
     33.3333    -0.453833    0.0235909 -0.000733986      0.01055 
     33.3333    -0.421005    0.0315391 -0.000788564    0.0105499 
     33.3333    -0.387514    0.0401384 -0.000845783    0.0105498 
     33.3333    -0.353359    0.0494066 -0.000905691    0.0105497 
     33.3333    -0.318541    0.0593599 -0.000968328    0.0105496 
     33.3333    -0.283061    0.0700133  -0.00103372    0.0105494 
     33.3333    -0.246917    0.0813814  -0.00110188    0.0105492 
     33.3333    -0.210109    0.0934767  -0.00117281     0.010549 
     33.3333    -0.172638      0.10631  -0.00124647    0.0105487 
     33.3333    -0.134505      0.11989  -0.00132282    0.0105484 
     33.3333    -0.095708     0.134225  -0.00140177     0.010548 
     33.3333    -0.056247      0.14932   -0.0014832    0.0105476 
     33.3333    -0.016124     0.165176  -0.00156696     0.010547 
     33.3333     0.024662     0.181794  -0.00165284    0.0105463 
     33.3333     0.066112     0.199169   -0.0017406    0.0105455 
     33.3333     0.108226     0.217294  -0.00182995    0.0105445 
     33.3333     0.151002     0.236154  -0.00192055    0.0105434 
     33.3333     0.194441     0.255732  -0.00201204     0.010542 
     33.3333     0.238543     0.276004  -0.00210397    0.0105404 
     33.3333     0.283309      0.29694  -0.00219598    0.0105385 
     33.3333     0.328738     0.318501  -0.00228757    0.0105363 
     33.3333      0.37483     0.340642  -0.00237828    0.0105338 
     33.3333     0.421585     0.363311  -0.00246767    0.0105309 
     33.3333     0.469004     0.386449  -0.00255531    0.0105275 
     33.3333     0.517086     0.409989  -0.00264079    0.0105237 
     33.3333     0.565831     0.433859  -0.00272373    0.0105193 
     33.3333     0.615239     0.457982  -0.00280382    0.0105144 
     33.3333      0.66531     0.482277  -0.00288076    0.0105088 
     33.3333     0.716045     0.506663  -0.00295431    0.0105027 
     33.3333     0.767442     0.531053  -0.00302425    0.0104958 
     33.3333     0.819503     0.555365  -0.00309043    0.0104881 
     33.3333     0.872228     0.579515  -0.00315269    0.0104796 
     33.3333     0.925615     0.603422  -0.00321089    0.0104704 
     33.3333     0.979665     0.627008  -0.00326495    0.0104602 
     33.3333      1.03438     0.650198   -0.0033148    0.0104491 
     33.3333      1.08976      0.67292  -0.00336032    0.0104371 
     33.3333       1.1458     0.695107  -0.00340147    0.0104241 
     33.3333       1.2025     0.716695   -0.0034382    0.0104101 
     33.3333      1.25987     0.737623  -0.00347042    0.0103951 
     33.3333       1.3179     0.757833  -0.00349807     0.010379 
     33.3333      1.37659     0.777269  -0.00352112    0.0103619 
     33.3333      1.43594     0.795883  -0.00353958    0.0103438 
     33.3333      1.49596      0.81363  -0.00355348    0.0103246 
     33.3333      1.55665     0.830471   -0.0035629    0.0103043 
     33.3333      1.61799     0.846374  -0.00356795     0.010283 
     33.3333         1.68     0.861314  -0.00356876    0.0102608 
     33.3333      1.74267     0.875277  -0.00356552    0.0102375 
     33.3333      1.80601     0.888256  -0.00355839    0.0102132 
     33.3333      1.87001     0.900251  -0.00354758     0.010188 
     33.3333      1.93467     0.911273  -0.00353337    0.0101619 
     33.3333            2     0.921339  -0.00351598     0.010135 
          35        -1.25            0            0    0.0115235 
          35     -1.24967 -6.23416e-05 -1.76751e-10    0.0115235 
          35     -1.24867  -0.00024936 -2.83545e-09    0.0115235 
          35     -1.24702 -0.000559719 -1.43499e-08    0.0115235 
          35      -1.2447 -0.000991506 -4.53132e-08    0.0115235 
          35     -1.24171  -0.00154204 -1.10496e-07    0.0115235 
          35     -1.23806  -0.00220806 -2.28826e-07    0.0115235 
          35     -1.23375  -0.00298518 -4.23228e-07    0.0115235 
          35     -1.22878  -0.00386841 -7.20592e-07    0.0115235 
          35     -1.22314  -0.00485202 -1.15166e-06    0.0115235 
          35     -1.21684  -0.00592952 -1.75087e-06    0.0115234 
          35     -1.20988  -0.00709379  -2.5564e-06    0.0115234 
          35     -1.20225  -0.00833666  -3.6096e-06    0.0115234 
          35     -1.19396  -0.00964933 -4.95517e-06    0.0115234 
          35     -1.18501   -0.0110223 -6.64084e-06    0.0115233 
          35     -1.17539   -0.0124452 -8.71717e-06    0.0115233 
          35     -1.16511   -0.0139072 -1.12376e-05    0.0115233 
          35     -1.15417   -0.0153962 -1.42571e-05    0.0115232 
          35     -1.14256   -0.0169001  -1.7834e-05    0.0115232 
          35     -1.13029   -0.0184053 -2.20272e-05    0.0115232 
          35     -1.11736   -0.0198981 -2.68982e-05    0.0115231 
          35     -1.10377   -0.0213636 -3.25082e-05    0.0115231 
          35     -1.08951   -0.0227866  -3.8921e-05    0.0115231 
          35     -1.07458   -0.0241509 -4.61997e-05     0.011523 
          35       -1.059   -0.0254399 -5.44078e-05     0.011523 
          35     -1.04275   -0.0266363 -6.36087e-05    0.0115229 
          35     -1.02584   -0.0277219 -7.38657e-05    0.0115229 
          35     -1.00827   -0.0286782 -8.52395e-05    0.0115229 
          35    -0.990028   -0.0294861 -9.77916e-05    0.0115228 
          35    -0.971127   -0.0301257  -0.00011158    0.0115228 
          35    -0.951562   -0.0305768 -0.000126663    0.0115227 
          35    -0.931335   -0.0308185 -0.000143094    0.0115227 
          35    -0.910444   -0.0308296 -0.000160925    0.0115226 
          35     -0.88889   -0.0305884 -0.000180204    0.0115226 
          35    -0.866673   -0.0300728  -0.00020098    0.0115225 
          35    -0.843793   -0.0292604 -0.000223294    0.0115225 
          35    -0.820249   -0.0281283 -0.000247187    0.0115224 
          35    -0.796043   -0.0266536 -0.000272696    0.0115224 
          35    -0.771173   -0.0248132 -0.000299855    0.0115224 
          35     -0.74564   -0.0225836 -0.000328697    0.0115223 
          35    -0.719443   -0.0199414  -0.00035925    0.0115223 
          35    -0.692584   -0.0168634 -0.000391541    0.0115222 
          35    -0.665062   -0.0133262 -0.000425595    0.0115222 
          35    -0.636876  -0.00930658 -0.000461437    0.0115221 
          35    -0.608026  -0.00478152  -0.00049909    0.0115221 
          35    -0.578514   0.00027118 -0.000538575     0.011522 
          35    -0.548339   0.00587376 -0.000579913     0.011522 
          35    -0.517501    0.0120478 -0.000623128    0.0115219 
          35    -0.485998    0.0188146 -0.000668241    0.0115218 
          35    -0.453833    0.0261938 -0.000715269    0.0115218 
          35    -0.421005    0.0342049 -0.000764233    0.0115217 
          35    -0.387514    0.0428662 -0.000815148    0.0115216 
          35    -0.353359    0.0521953 -0.000868028    0.0115215 
          35    -0.318541    0.0622081 -0.000922878    0.0115213 
          35    -0.283061    0.0729191 -0.000979694    0.0115211 
          35    -0.246917    0.0843424  -0.00103847    0.0115209 
          35    -0.210109    0.0964899  -0.00109917    0.0115207 
          35    -0.172638     0.109371  -0.00116176    0.0115204 
          35    -0.134505     0.122995  -0.00122617      0.01152 
          35    -0.095708     0.137367  -0.00129231    0.0115195 
          35    -0.056247     0.152493  -0.00136006     0.011519 
          35    -0.016124     0.168372  -0.00142927    0.0115183 
          35     0.024662     0.185002  -0.00149974    0.0115175 
          35     0.066112      0.20238  -0.00157127    0.0115165 
          35     0.108226     0.220496  -0.00164358    0.0115153 
          35     0.151002     0.239334  -0.00171637    0.0115139 
          35     0.194441     0.258877  -0.00178933    0.0115122 
          35     0.238543       0.2791  -0.00186209    0.0115103 
          35     0.283309     0.299973  -0.00193426     0.011508 
          35     0.328738     0.321457  -0.00200547    0.0115053 
          35      0.37483     0.343509  -0.00207533    0.0115023 
          35     0.421585     0.366076  -0.00214344    0.0114987 
          35     0.469004     0.389102  -0.00220946    0.0114947 
          35     0.517086      0.41252  -0.00227303      0.01149 
          35     0.565831     0.436261  -0.00233386    0.0114848 
          35     0.615239      0.46025  -0.00239168    0.0114789 
          35      0.66531     0.484406  -0.00244626    0.0114722 
          35     0.716045      0.50865  -0.00249748    0.0114647 
          35     0.767442     0.532897  -0.00254515    0.0114565 
          35     0.819503     0.557066  -0.00258917    0.0114473 
          35     0.872228     0.581073  -0.00262948    0.0114371 
          35     0.925615     0.604838  -0.00266604     0.011426 
          35     0.979665     0.628285  -0.00269877    0.0114139 
          35      1.03438     0.651336  -0.00272763    0.0114006 
          35      1.08976     0.673921  -0.00275265    0.0113863 
          35       1.1458     0.695975  -0.00277384    0.0113708 
          35       1.2025     0.717431  -0.00279118    0.0113541 
          35      1.25987     0.738228  -0.00280465    0.0113361 
          35       1.3179     0.758311  -0.00281425     0.011317 
          35      1.37659     0.777622  -0.00281999    0.0112966 
          35      1.43594     0.796115  -0.00282192     0.011275 
          35      1.49596     0.813746  -0.00282012    0.0112522 
          35      1.55665     0.830476   -0.0028147    0.0112281 
          35      1.61799     0.846274  -0.00280581    0.0112028 
          35         1.68     0.861117  -0.00279364    0.0111764 
          35      1.74267     0.874989   -0.0027783    0.0111487 
          35      1.80601     0.887884  -0.00276012    0.0111199 
          35      1.87001     0.899803  -0.00273919      0.01109 
          35      1.93467     0.910756  -0.00271563    0.0110591 
          35            2     0.920761  -0.00268984    0.0110271 
     36.6667        -1.25            0            0    0.0124845 
     36.6667     -1.24967 -6.04856e-05 -1.91268e-10    0.0124845 
     36.6667     -1.24867  -0.00024193 -3.06794e-09    0.0124845 
     36.6667     -1.24702 -0.000543018 -1.55232e-08    0.0124845 
     36.6667      -1.2447 -0.000961861 -4.90033e-08    0.0124845 
     36.6667     -1.24171  -0.00149582 -1.19448e-07    0.0124844 
     36.6667     -1.23806  -0.00214166 -2.47248e-07    0.0124844 
     36.6667     -1.23375  -0.00289507 -4.57042e-07    0.0124844 
     36.6667     -1.22878  -0.00375113 -7.77657e-07    0.0124844 
     36.6667     -1.22314  -0.00470417 -1.24193e-06    0.0124844 
     36.6667     -1.21684   -0.0057478 -1.88655e-06    0.0124844 
     36.6667     -1.20988    -0.006875 -2.75195e-06    0.0124843 
     36.6667     -1.20225  -0.00807768 -3.88175e-06    0.0124843 
     36.6667     -1.19396  -0.00934719 -5.32281e-06    0.0124843 
     36.6667     -1.18501   -0.0106741 -7.12488e-06    0.0124843 
     36.6667     -1.17539   -0.0120483 -9.34026e-06    0.0124842 
     36.6667     -1.16511    -0.013459 -1.20238e-05    0.0124842 
     36.6667     -1.15417   -0.0148944 -1.52314e-05    0.0124842 
     36.6667     -1.14256   -0.0163423 -1.90217e-05    0.0124841 
     36.6667     -1.13029   -0.0177895 -2.34535e-05    0.0124841 
     36.6667     -1.11736   -0.0192225  -2.8587e-05    0.0124841 
     36.6667     -1.10377   -0.0206265 -3.44817e-05     0.012484 
     36.6667     -1.08951   -0.0219865 -4.11983e-05     0.012484 
     36.6667     -1.07458   -0.0232867 -4.87957e-05    0.0124839 
     36.6667       -1.059   -0.0245105 -5.73322e-05    0.0124839 
     36.6667     -1.04275   -0.0256409 -6.68644e-05    0.0124839 
     36.6667     -1.02584   -0.0266601 -7.74474e-05    0.0124838 
     36.6667     -1.00827   -0.0275496 -8.91321e-05    0.0124838 
     36.6667    -0.990028   -0.0282906 -0.000101969    0.0124837 
     36.6667    -0.971127   -0.0288636 -0.000116002    0.0124837 
     36.6667    -0.951562   -0.0292485 -0.000131274    0.0124837 
     36.6667    -0.931335   -0.0294247 -0.000147821    0.0124836 
     36.6667    -0.910444   -0.0293712 -0.000165677    0.0124836 
     36.6667     -0.88889   -0.0290665 -0.000184869    0.0124835 
     36.6667    -0.866673   -0.0284887  -0.00020542    0.0124835 
     36.6667    -0.843793   -0.0276156 -0.000227348    0.0124835 
     36.6667    -0.820249   -0.0264245 -0.000250665    0.0124834 
     36.6667    -0.796043   -0.0248927 -0.000275377    0.0124834 
     36.6667    -0.771173   -0.0229969 -0.000301488    0.0124834 
     36.6667     -0.74564    -0.020714 -0.000328996    0.0124833 
     36.6667    -0.719443   -0.0180206 -0.000357893    0.0124833 
     36.6667    -0.692584   -0.0148934 -0.000388167    0.0124833 
     36.6667    -0.665062   -0.0113091 -0.000419806    0.0124832 
     36.6667    -0.636876  -0.00724429 -0.000452794    0.0124832 
     36.6667    -0.608026  -0.00267607 -0.000487112    0.0124832 
     36.6667    -0.578514   0.00241792 -0.000522737    0.0124831 
     36.6667    -0.548339   0.00806001 -0.000559649    0.0124831 
     36.6667    -0.517501    0.0142719 -0.000597826     0.012483 
     36.6667    -0.485998    0.0210749  -0.00063725     0.012483 
     36.6667    -0.453833    0.0284888 -0.000677893    0.0124829 
     36.6667    -0.421005     0.036533 -0.000719735    0.0124829 
     36.6667    -0.387514     0.045226 -0.000762753    0.0124828 
     36.6667    -0.353359    0.0545852 -0.000806922    0.0124827 
     36.6667    -0.318541    0.0646263 -0.000852215    0.0124825 
     36.6667    -0.283061    0.0753635 -0.000898595    0.0124823 
     36.6667    -0.246917    0.0868107 -0.000946028    0.0124821 
     36.6667    -0.210109    0.0989792 -0.000994462    0.0124818 
     36.6667    -0.172638     0.111878  -0.00104384    0.0124815 
     36.6667    -0.134505     0.125515  -0.00109407     0.012481 
     36.6667    -0.095708     0.139896  -0.00114507    0.0124805 
     36.6667    -0.056247     0.155024  -0.00119671    0.0124798 
     36.6667    -0.016124     0.170899  -0.00124885     0.012479 
     36.6667     0.024662     0.187517  -0.00130132     0.012478 
     36.6667     0.066112     0.204874  -0.00135392    0.0124768 
     36.6667     0.108226     0.222959  -0.00140642    0.0124754 
     36.6667     0.151002     0.241756  -0.00145854    0.0124737 
     36.6667     0.194441     0.261248  -0.00151002    0.0124717 
     36.6667     0.238543     0.281408  -0.00156053    0.0124694 
     36.6667     0.283309     0.302206  -0.00160982    0.0124666 
     36.6667     0.328738     0.323605   -0.0016575    0.0124635 
     36.6667      0.37483     0.345561  -0.00170326    0.0124598 
     36.6667     0.421585     0.368023  -0.00174678    0.0124555 
     36.6667     0.469004     0.390936  -0.00178779    0.0124507 
     36.6667     0.517086     0.414235  -0.00182602    0.0124452 
     36.6667     0.565831     0.437852  -0.00186125    0.0124389 
     36.6667     0.615239     0.461712  -0.00189332    0.0124318 
     36.6667      0.66531     0.485739  -0.00192209    0.0124239 
     36.6667     0.716045     0.509853  -0.00194745     0.012415 
     36.6667     0.767442     0.533971  -0.00196935    0.0124052 
     36.6667     0.819503     0.558011  -0.00198775    0.0123942 
     36.6667     0.872228     0.581893  -0.00200265    0.0123822 
     36.6667     0.925615     0.605536  -0.00201404     0.012369 
     36.6667     0.979665     0.628862  -0.00202207    0.0123546 
     36.6667      1.03438     0.651798  -0.00202672    0.0123389 
     36.6667      1.08976     0.674272  -0.00202808    0.0123218 
     36.6667       1.1458     0.696216  -0.00202619    0.0123034 
     36.6667       1.2025     0.717566  -0.00202111    0.0122837 
     36.6667      1.25987     0.738261  -0.00201289    0.0122625 
     36.6667       1.3179     0.758244   -0.0020016    0.0122398 
     36.6667      1.37659     0.777461  -0.00198734    0.0122157 
     36.6667      1.43594     0.795864  -0.00197024    0.0121902 
     36.6667      1.49596      0.81341  -0.00195043    0.0121632 
     36.6667      1.55665      0.83006  -0.00192802    0.0121347 
     36.6667      1.61799     0.845785  -0.00190312    0.0121048 
     36.6667         1.68     0.860561   -0.0018761    0.0120736 
     36.6667      1.74267     0.874373  -0.00184696    0.0120409 
     36.6667      1.80601     0.887214  -0.00181596     0.012007 
     36.6667      1.87001     0.899086  -0.00178334    0.0119717 
     36.6667      1.93467     0.909999   -0.0017493    0.0119352 
     36.6667            2     0.919969  -0.00171405    0.0118975 
     38.3333        -1.25 -7.49972e-18 -8.88325e-30    0.0134302 
     38.3333     -1.24967 -5.85021e-05 -2.02068e-10    0.0134302 
     38.3333     -1.24867 -0.000233991 -3.24079e-09    0.0134302 
     38.3333     -1.24702 -0.000525178 -1.63945e-08    0.0134302 
     38.3333      -1.2447  -0.00093021 -5.17396e-08    0.0134302 
     38.3333     -1.24171  -0.00144649 -1.26073e-07    0.0134302 
     38.3333     -1.23806  -0.00207086 -2.60845e-07    0.0134302 
     38.3333     -1.23375  -0.00279906 -4.81925e-07    0.0134301 
     38.3333     -1.22878  -0.00362628 -8.19499e-07    0.0134301 
     38.3333     -1.22314  -0.00454696 -1.30785e-06    0.0134301 
     38.3333     -1.21684  -0.00555481 -1.98514e-06    0.0134301 
     38.3333     -1.20988  -0.00664294 -2.89325e-06    0.0134301 
     38.3333     -1.20225  -0.00780343 -4.07716e-06      0.01343 
     38.3333     -1.19396  -0.00902776 -5.58492e-06      0.01343 
     38.3333     -1.18501   -0.0103067 -7.46718e-06      0.01343 
     38.3333     -1.17539   -0.0116303 -9.77686e-06    0.0134299 
     38.3333     -1.16511    -0.012988  -1.2569e-05    0.0134299 
     38.3333     -1.15417   -0.0143681 -1.58991e-05    0.0134299 
     38.3333     -1.14256   -0.0157589 -1.98248e-05    0.0134298 
     38.3333     -1.13029   -0.0171472 -2.44032e-05    0.0134298 
     38.3333     -1.11736   -0.0185197  -2.9692e-05    0.0134298 
     38.3333     -1.10377   -0.0198621  -3.5747e-05    0.0134297 
     38.3333     -1.08951   -0.0211595 -4.26244e-05    0.0134297 
     38.3333     -1.07458   -0.0223965 -5.03774e-05    0.0134297 
     38.3333       -1.059   -0.0235567 -5.90569e-05    0.0134296 
     38.3333     -1.04275   -0.0246235  -6.8711e-05    0.0134296 
     38.3333     -1.02584   -0.0255792 -7.93848e-05    0.0134296 
     38.3333     -1.00827    -0.026406 -9.11173e-05    0.0134295 
     38.3333    -0.990028    -0.027085 -0.000103945    0.0134295 
     38.3333    -0.971127   -0.0275972 -0.000117897    0.0134294 
     38.3333    -0.951562   -0.0279229 -0.000132999    0.0134294 
     38.3333    -0.931335   -0.0280416 -0.000149267    0.0134294 
     38.3333    -0.910444   -0.0279327 -0.000166714    0.0134293 
     38.3333     -0.88889    -0.027575 -0.000185342    0.0134293 
     38.3333    -0.866673   -0.0269468 -0.000205148    0.0134293 
     38.3333    -0.843793   -0.0260261 -0.000226122    0.0134293 
     38.3333    -0.820249   -0.0247905 -0.000248246    0.0134292 
     38.3333    -0.796043   -0.0232174 -0.000271493    0.0134292 
     38.3333    -0.771173   -0.0212837 -0.000295832    0.0134292 
     38.3333     -0.74564   -0.0189663 -0.000321222    0.0134292 
     38.3333    -0.719443   -0.0162419 -0.000347619    0.0134291 
     38.3333    -0.692584   -0.0130873 -0.000374968    0.0134291 
     38.3333    -0.665062   -0.0094791 -0.000403215    0.0134291 
     38.3333    -0.636876  -0.00539386 -0.000432298    0.0134291 
     38.3333    -0.608026 -0.000808517 -0.000462154    0.0134291 
     38.3333    -0.578514   0.00429937 -0.000492714    0.0134291 
     38.3333    -0.548339   0.00995232 -0.000523911    0.0134291 
     38.3333    -0.517501    0.0161722 -0.000555677     0.013429 
     38.3333    -0.485998    0.0229805 -0.000587943     0.013429 
     38.3333    -0.453833    0.0303972 -0.000620641     0.013429 
     38.3333    -0.421005    0.0384419 -0.000653702    0.0134289 
     38.3333    -0.387514    0.0471331 -0.000687062    0.0134288 
     38.3333    -0.353359    0.0564884 -0.000720657    0.0134287 
     38.3333    -0.318541    0.0665236 -0.000754418    0.0134286 
     38.3333    -0.283061    0.0772527 -0.000788281    0.0134284 
     38.3333    -0.246917    0.0886894 -0.000822176    0.0134281 
     38.3333    -0.210109     0.100845 -0.000856031    0.0134278 
     38.3333    -0.172638     0.113728 -0.000889762    0.0134274 
     38.3333    -0.134505     0.127345  -0.00092328    0.0134269 
     38.3333    -0.095708     0.141703 -0.000956481    0.0134262 
     38.3333    -0.056247     0.156803 -0.000989247    0.0134255 
     38.3333    -0.016124     0.172644  -0.00102144    0.0134245 
     38.3333     0.024662     0.189223  -0.00105291    0.0134233 
     38.3333     0.066112     0.206533  -0.00108347    0.0134219 
     38.3333     0.108226     0.224565  -0.00111292    0.0134202 
     38.3333     0.151002       0.2433  -0.00114106    0.0134182 
     38.3333     0.194441     0.262721  -0.00116764    0.0134158 
     38.3333     0.238543     0.282803  -0.00119241     0.013413 
     38.3333     0.283309     0.303514  -0.00121512    0.0134098 
     38.3333     0.328738     0.324818  -0.00123552     0.013406 
     38.3333      0.37483     0.346671  -0.00125335    0.0134016 
     38.3333     0.421585     0.369025   -0.0012684    0.0133965 
     38.3333     0.469004     0.391824  -0.00128045    0.0133908 
     38.3333     0.517086     0.415006  -0.00128934    0.0133842 
     38.3333     0.565831     0.438503  -0.00129493    0.0133767 
     38.3333     0.615239     0.462243  -0.00129713    0.0133683 
     38.3333      0.66531     0.486151   -0.0012959    0.0133589 
     38.3333     0.716045     0.510147  -0.00129123    0.0133484 
     38.3333     0.767442     0.534151  -0.00128318    0.0133367 
     38.3333     0.819503     0.558081  -0.00127179    0.0133237 
     38.3333     0.872228     0.581858  -0.00125718    0.0133095 
     38.3333     0.925615       0.6054  -0.00123947    0.0132938 
     38.3333     0.979665     0.628631  -0.00121878    0.0132767 
     38.3333      1.03438     0.651477  -0.00119527    0.0132581 
     38.3333      1.08976     0.673867  -0.00116908     0.013238 
     38.3333       1.1458     0.695732  -0.00114037    0.0132162 
     38.3333       1.2025     0.717007  -0.00110926    0.0131928 
     38.3333      1.25987     0.737632  -0.00107589    0.0131677 
     38.3333       1.3179      0.75755  -0.00104043    0.0131409 
     38.3333      1.37659     0.776707  -0.00100307    0.0131124 
     38.3333      1.43594     0.795055 -0.000963898    0.0130822 
     38.3333      1.49596     0.812552 -0.000923166    0.0130503 
     38.3333      1.55665     0.829159 -0.000881027    0.0130167 
     38.3333      1.61799     0.844847 -0.000837678    0.0129814 
     38.3333         1.68     0.859592  -0.00079334    0.0129445 
     38.3333      1.74267     0.873379 -0.000748235    0.0129059 
     38.3333      1.80601     0.886202 -0.000702588    0.0128658 
     38.3333      1.87001     0.898061 -0.000656593    0.0128242 
     38.3333      1.93467     0.908965 -0.000610424    0.0127812 
     38.3333            2     0.918933 -0.000564276    0.0127367 
          40        -1.25            0            0    0.0143562 
          40     -1.24967 -5.64282e-05 -2.09294e-10    0.0143562 
          40     -1.24867 -0.000225692 -3.35628e-09    0.0143562 
          40     -1.24702 -0.000506534 -1.69754e-08    0.0143562 
          40      -1.2447 -0.000897145  -5.3558e-08    0.0143562 
          40     -1.24171  -0.00139499 -1.30457e-07    0.0143562 
          40     -1.23806  -0.00199698 -2.69797e-07    0.0143562 
          40     -1.23375  -0.00269897 -4.98204e-07    0.0143561 
          40     -1.22878  -0.00349624 -8.46667e-07    0.0143561 
          40     -1.22314  -0.00438337 -1.35028e-06    0.0143561 
          40     -1.21684  -0.00535423 -2.04793e-06    0.0143561 
          40     -1.20988  -0.00640207 -2.98217e-06    0.0143561 
          40     -1.20225  -0.00751917 -4.19843e-06     0.014356 
          40     -1.19396  -0.00869722 -5.74494e-06     0.014356 
          40     -1.18501   -0.0099272 -7.67225e-06     0.014356 
          40     -1.17539   -0.0111994 -1.00327e-05    0.0143559 
          40     -1.16511   -0.0125034 -1.28803e-05    0.0143559 
          40     -1.15417    -0.013828  -1.6269e-05    0.0143559 
          40     -1.14256   -0.0151615 -2.02539e-05    0.0143558 
          40     -1.13029   -0.0164913 -2.48889e-05    0.0143558 
          40     -1.11736   -0.0178042 -3.02277e-05    0.0143558 
          40     -1.10377   -0.0190863 -3.63209e-05    0.0143557 
          40     -1.08951    -0.020323 -4.32182e-05    0.0143557 
          40     -1.07458   -0.0214993 -5.09653e-05    0.0143557 
          40       -1.059   -0.0225992 -5.96041e-05    0.0143556 
          40     -1.04275   -0.0236063 -6.91721e-05    0.0143556 
          40     -1.02584   -0.0245036 -7.97021e-05    0.0143556 
          40     -1.00827   -0.0252732  -9.1219e-05    0.0143555 
          40    -0.990028   -0.0258972 -0.000103744    0.0143555 
          40    -0.971127   -0.0263565 -0.000117288    0.0143555 
          40    -0.951562   -0.0266318 -0.000131856    0.0143554 
          40    -0.931335   -0.0267032 -0.000147442    0.0143554 
          40    -0.910444   -0.0265504 -0.000164034    0.0143554 
          40     -0.88889   -0.0261524 -0.000181609    0.0143554 
          40    -0.866673   -0.0254879 -0.000200134    0.0143553 
          40    -0.843793   -0.0245352 -0.000219567    0.0143553 
          40    -0.820249   -0.0232721 -0.000239857    0.0143553 
          40    -0.796043   -0.0216762 -0.000260938    0.0143553 
          40    -0.771173   -0.0197247 -0.000282742    0.0143553 
          40     -0.74564   -0.0173945 -0.000305187    0.0143553 
          40    -0.719443   -0.0146623 -0.000328183    0.0143553 
          40    -0.692584   -0.0115051 -0.000351633    0.0143553 
          40    -0.665062  -0.00789929 -0.000375432    0.0143553 
          40    -0.636876  -0.00382146 -0.000399472    0.0143553 
          40    -0.608026  0.000751647 -0.000423638    0.0143553 
          40    -0.578514   0.00584265 -0.000447811    0.0143553 
          40    -0.548339    0.0114743  -0.00047187    0.0143553 
          40    -0.517501    0.0176687 -0.000495695    0.0143553 
          40    -0.485998    0.0244478 -0.000519167    0.0143553 
          40    -0.453833    0.0318316 -0.000542165    0.0143553 
          40    -0.421005    0.0398402 -0.000564571    0.0143553 
          40    -0.387514    0.0484925 -0.000586273    0.0143552 
          40    -0.353359    0.0578061  -0.00060716    0.0143551 
          40    -0.318541    0.0677971 -0.000627125    0.0143549 
          40    -0.283061    0.0784797 -0.000646064    0.0143547 
          40    -0.246917    0.0898677 -0.000663874    0.0143544 
          40    -0.210109     0.101972 -0.000680456    0.0143541 
          40    -0.172638     0.114802 -0.000695704    0.0143536 
          40    -0.134505     0.128363 -0.000709514     0.014353 
          40    -0.095708     0.142662 -0.000721776    0.0143523 
          40    -0.056247       0.1577 -0.000732371    0.0143513 
          40    -0.016124     0.173475 -0.000741171    0.0143502 
          40     0.024662     0.189984 -0.000748036    0.0143488 
          40     0.066112      0.20722 -0.000752817    0.0143471 
          40     0.108226     0.225172 -0.000755349    0.0143451 
          40     0.151002     0.243822 -0.000755458    0.0143427 
          40     0.194441     0.263153  -0.00075296    0.0143399 
          40     0.238543     0.283138 -0.000747673    0.0143366 
          40     0.283309     0.303747 -0.000739406    0.0143327 
          40     0.328738     0.324945 -0.000727985    0.0143281 
          40      0.37483     0.346688 -0.000713239    0.0143229 
          40     0.421585     0.368928 -0.000695028    0.0143168 
          40     0.469004     0.391612 -0.000673248    0.0143099 
          40     0.517086     0.414678 -0.000647826    0.0143021 
          40     0.565831      0.43806 -0.000618737    0.0142932 
          40     0.615239     0.461688 -0.000585988    0.0142832 
          40      0.66531     0.485488 -0.000549647    0.0142719 
          40     0.716045     0.509381 -0.000509829    0.0142594 
          40     0.767442     0.533288 -0.000466667    0.0142455 
          40     0.819503     0.557129 -0.000420375      0.01423 
          40     0.872228     0.580823 -0.000371148     0.014213 
          40     0.925615     0.604291 -0.000319219    0.0141944 
          40     0.979665     0.627456 -0.000264837     0.014174 
          40      1.03438     0.650243 -0.000208268    0.0141518 
          40      1.08976     0.672581  -0.00014977    0.0141278 
          40       1.1458     0.694401 -8.95614e-05    0.0141019 
          40       1.2025     0.715638 -2.79197e-05     0.014074 
          40      1.25987     0.736231  3.49214e-05    0.0140442 
          40       1.3179     0.756124  9.87335e-05    0.0140123 
          40      1.37659     0.775262  0.000163274    0.0139784 
          40      1.43594     0.793597  0.000228304    0.0139425 
          40      1.49596     0.811087  0.000293569    0.0139045 
          40      1.55665     0.827693  0.000358812    0.0138645 
          40      1.61799     0.843387  0.000423779    0.0138226 
          40         1.68     0.858143  0.000488241    0.0137787 
          40      1.74267     0.871948   0.00055202    0.0137328 
          40      1.80601     0.884793  0.000614779    0.0136852 
          40      1.87001     0.896679  0.000676383    0.0136357 
          40      1.93467     0.907615  0.000736594    0.0135845 
          40            2     0.917617  0.000795387    0.0135317 
     41.6667        -1.25  -1.7402e-18 -2.22155e-30    0.0152579 
     41.6667     -1.24967 -5.42975e-05 -2.13486e-10    0.0152579 
     41.6667     -1.24867 -0.000217167 -3.42308e-09    0.0152579 
     41.6667     -1.24702 -0.000487389 -1.73096e-08    0.0152579 
     41.6667      -1.2447 -0.000863206 -5.45962e-08    0.0152579 
     41.6667     -1.24171  -0.00134216 -1.32935e-07    0.0152579 
     41.6667     -1.23806  -0.00192124 -2.74793e-07    0.0152579 
     41.6667     -1.23375  -0.00259643 -5.07145e-07    0.0152579 
     41.6667     -1.22878  -0.00336316 -8.61302e-07    0.0152579 
     41.6667     -1.22314  -0.00421615  -1.3726e-06    0.0152578 
     41.6667     -1.21684  -0.00514944 -2.08004e-06    0.0152578 
     41.6667     -1.20988   -0.0061565 -3.02609e-06    0.0152578 
     41.6667     -1.20225  -0.00722981 -4.25582e-06    0.0152578 
     41.6667     -1.19396  -0.00836131 -5.81681e-06    0.0152577 
     41.6667     -1.18501  -0.00954224 -7.75849e-06    0.0152577 
     41.6667     -1.17539   -0.0107632 -1.01316e-05    0.0152577 
     41.6667     -1.16511   -0.0120141  -1.2988e-05    0.0152577 
     41.6667     -1.15417   -0.0132839 -1.63785e-05    0.0152576 
     41.6667     -1.14256   -0.0145613 -2.03547e-05    0.0152576 
     41.6667     -1.13029   -0.0158342 -2.49658e-05    0.0152576 
     41.6667     -1.11736   -0.0170897 -3.02597e-05    0.0152575 
     41.6667     -1.10377   -0.0183142 -3.62802e-05    0.0152575 
     41.6667     -1.08951   -0.0194937 -4.30689e-05    0.0152575 
     41.6667     -1.07458   -0.0206134 -5.06617e-05    0.0152574 
     41.6667       -1.059   -0.0216578 -5.90895e-05    0.0152574 
     41.6667     -1.04275   -0.0226111  -6.8377e-05    0.0152574 
     41.6667     -1.02584   -0.0234566 -7.85423e-05    0.0152573 
     41.6667     -1.00827   -0.0241769 -8.95936e-05    0.0152573 
     41.6667    -0.990028   -0.0247545 -0.000101533    0.0152573 
     41.6667    -0.971127   -0.0251709 -0.000114351    0.0152573 
     41.6667    -0.951562   -0.0254071  -0.00012803    0.0152572 
     41.6667    -0.931335   -0.0254438 -0.000142538    0.0152572 
     41.6667    -0.910444   -0.0252609 -0.000157834    0.0152572 
     41.6667     -0.88889    -0.024838 -0.000173864    0.0152572 
     41.6667    -0.866673   -0.0241541 -0.000190563    0.0152572 
     41.6667    -0.843793   -0.0231878 -0.000207851    0.0152572 
     41.6667    -0.820249   -0.0219172 -0.000225638    0.0152572 
     41.6667    -0.796043   -0.0203202 -0.000243819    0.0152572 
     41.6667    -0.771173   -0.0183742 -0.000262278    0.0152572 
     41.6667     -0.74564   -0.0160562 -0.000280888    0.0152572 
     41.6667    -0.719443   -0.0133431 -0.000299509    0.0152573 
     41.6667    -0.692584   -0.0102117 -0.000317992    0.0152573 
     41.6667    -0.665062  -0.00663858 -0.000336178    0.0152573 
     41.6667    -0.636876  -0.00260009 -0.000353902    0.0152573 
     41.6667    -0.608026   0.00192717 -0.000370992    0.0152574 
     41.6667    -0.578514    0.0069661  -0.00038727    0.0152574 
     41.6667    -0.548339    0.0125397 -0.000402556    0.0152574 
     41.6667    -0.517501    0.0186705  -0.00041667    0.0152575 
     41.6667    -0.485998    0.0253809 -0.000429431    0.0152575 
     41.6667    -0.453833    0.0326913 -0.000440661    0.0152575 
     41.6667    -0.421005    0.0406222 -0.000450185    0.0152574 
     41.6667    -0.387514     0.049193 -0.000457834    0.0152574 
     41.6667    -0.353359    0.0584218 -0.000463447    0.0152573 
     41.6667    -0.318541    0.0683252 -0.000466866    0.0152571 
     41.6667    -0.283061    0.0789177 -0.000467944    0.0152569 
     41.6667    -0.246917    0.0902134 -0.000466541    0.0152566 
     41.6667    -0.210109     0.102224 -0.000462521    0.0152561 
     41.6667    -0.172638     0.114957 -0.000455757    0.0152556 
     41.6667    -0.134505     0.128422 -0.000446125    0.0152549 
     41.6667    -0.095708     0.142621 -0.000433505     0.015254 
     41.6667    -0.056247     0.157558 -0.000417776    0.0152529 
     41.6667    -0.016124      0.17323  -0.00039882    0.0152516 
     41.6667     0.024662     0.189634 -0.000376516    0.0152499 
     41.6667     0.066112     0.206763  -0.00035074    0.0152479 
     41.6667     0.108226     0.224605 -0.000321366    0.0152454 
     41.6667     0.151002     0.243143  -0.00028827    0.0152426 
     41.6667     0.194441     0.262358 -0.000251327    0.0152391 
     41.6667     0.238543     0.282226 -0.000210414    0.0152351 
     41.6667     0.283309     0.302717 -0.000165425    0.0152304 
     41.6667     0.328738     0.323794 -0.000116265    0.0152249 
     41.6667      0.37483     0.345417 -6.28641e-05    0.0152185 
     41.6667     0.421585     0.367537 -5.18473e-06    0.0152113 
     41.6667     0.469004     0.390103  5.67764e-05    0.0152029 
     41.6667     0.517086     0.413055  0.000122975    0.0151934 
     41.6667     0.565831     0.436328  0.000193322    0.0151826 
     41.6667     0.615239     0.459853  0.000267676    0.0151705 
     41.6667      0.66531     0.483557  0.000345838    0.0151569 
     41.6667     0.716045     0.507364  0.000427571    0.0151417 
     41.6667     0.767442     0.531194  0.000512581    0.0151249 
     41.6667     0.819503     0.554969  0.000600552    0.0151062 
     41.6667     0.872228     0.578608  0.000691127    0.0150856 
     41.6667     0.925615     0.602031   0.00078392     0.015063 
     41.6667     0.979665     0.625162   0.00087855    0.0150384 
     41.6667      1.03438     0.647926  0.000974637    0.0150116 
     41.6667      1.08976     0.670251   0.00107179    0.0149825 
     41.6667       1.1458     0.692067    0.0011696    0.0149511 
     41.6667       1.2025      0.71331   0.00126776    0.0149174 
     41.6667      1.25987     0.733917   0.00136584    0.0148813 
     41.6667       1.3179     0.753831   0.00146353    0.0148427 
     41.6667      1.37659     0.772998   0.00156049    0.0148017 
     41.6667      1.43594      0.79137   0.00165637    0.0147582 
     41.6667      1.49596     0.808904   0.00175085    0.0147123 
     41.6667      1.55665     0.825561   0.00184361    0.0146639 
     41.6667      1.61799     0.841311   0.00193434    0.0146132 
     41.6667         1.68      0.85613   0.00202275    0.0145601 
     41.6667      1.74267     0.870002    0.0021086    0.0145047 
     41.6667      1.80601     0.882918   0.00219161    0.0144471 
     41.6667      1.87001      0.89488   0.00227159    0.0143873 
     41.6667      1.93467     0.905893   0.00234839    0.0143255 
     41.6667            2     0.915976   0.00242184    0.0142617 
     43.3333        -1.25 -3.34178e-18 -4.35578e-30    0.0161308 
     43.3333     -1.24967 -5.21349e-05 -2.15973e-10    0.0161308 
     43.3333     -1.24867 -0.000208515 -3.46246e-09    0.0161308 
     43.3333     -1.24702 -0.000467967 -1.75045e-08    0.0161308 
     43.3333      -1.2447 -0.000828793 -5.51925e-08    0.0161308 
     43.3333     -1.24171  -0.00128862 -1.34328e-07    0.0161308 
     43.3333     -1.23806  -0.00184455 -2.77525e-07    0.0161308 
     43.3333     -1.23375   -0.0024927 -5.11861e-07    0.0161308 
     43.3333     -1.22878  -0.00322866 -8.68667e-07    0.0161308 
     43.3333     -1.22314  -0.00404735 -1.38316e-06    0.0161307 
     43.3333     -1.21684  -0.00494301 -2.09403e-06    0.0161307 
     43.3333     -1.20988  -0.00590934 -3.04316e-06    0.0161307 
     43.3333     -1.20225  -0.00693909 -4.27472e-06    0.0161307 
     43.3333     -1.19396  -0.00802447 -5.83493e-06    0.0161306 
     43.3333     -1.18501  -0.00915705 -7.77139e-06    0.0161306 
     43.3333     -1.17539   -0.0103277 -1.01324e-05    0.0161306 
     43.3333     -1.16511   -0.0115268 -1.29664e-05    0.0161305 
     43.3333     -1.15417   -0.0127436 -1.63205e-05    0.0161305 
     43.3333     -1.14256   -0.0139673 -2.02411e-05    0.0161305 
     43.3333     -1.13029    -0.015186 -2.47715e-05    0.0161304 
     43.3333     -1.11736   -0.0163875 -2.99522e-05    0.0161304 
     43.3333     -1.10377   -0.0175585 -3.58183e-05    0.0161304 
     43.3333     -1.08951   -0.0186856 -4.24014e-05    0.0161304 
     43.3333     -1.07458   -0.0197544 -4.97255e-05    0.0161303 
     43.3333       -1.059     -0.02075 -5.78078e-05    0.0161303 
     43.3333     -1.04275   -0.0216571 -6.66574e-05    0.0161303 
     43.3333     -1.02584   -0.0224594 -7.62747e-05    0.0161302 
     43.3333     -1.00827   -0.0231403  -8.6648e-05    0.0161302 
     43.3333    -0.990028   -0.0236826 -9.77569e-05    0.0161302 
     43.3333    -0.971127   -0.0240684 -0.000109567    0.0161302 
     43.3333    -0.951562   -0.0242794 -0.000122031    0.0161302 
     43.3333    -0.931335   -0.0242966 -0.000135088    0.0161302 
     43.3333    -0.910444   -0.0241005 -0.000148664    0.0161302 
     43.3333     -0.88889   -0.0236712 -0.000162666    0.0161302 
     43.3333    -0.866673   -0.0229881  -0.00017699    0.0161302 
     43.3333    -0.843793   -0.0220302 -0.000191513    0.0161302 
     43.3333    -0.820249    -0.020776 -0.000206097    0.0161302 
     43.3333    -0.796043   -0.0192037 -0.000220588    0.0161303 
     43.3333    -0.771173   -0.0172908 -0.000234817    0.0161303 
     43.3333     -0.74564   -0.0150148 -0.000248598    0.0161303 
     43.3333    -0.719443   -0.0123524 -0.000261735    0.0161304 
     43.3333    -0.692584  -0.00928064 -0.000274014    0.0161304 
     43.3333    -0.665062  -0.00577588 -0.000285212    0.0161305 
     43.3333    -0.636876  -0.00181441 -0.000295098    0.0161305 
     43.3333    -0.608026   0.00262742 -0.000303428    0.0161306 
     43.3333    -0.578514    0.0075728 -0.000309955    0.0161307 
     43.3333    -0.548339    0.0130452 -0.000314427    0.0161307 
     43.3333    -0.517501    0.0190675 -0.000316591    0.0161308 
     43.3333    -0.485998    0.0256627 -0.000316195    0.0161308 
     43.3333    -0.453833    0.0328518 -0.000312989    0.0161308 
     43.3333    -0.421005     0.040656  -0.00030673    0.0161308 
     43.3333    -0.387514    0.0490953 -0.000297181    0.0161308 
     43.3333    -0.353359    0.0581886 -0.000284116    0.0161307 
     43.3333    -0.318541     0.067953 -0.000267321    0.0161305 
     43.3333    -0.283061    0.0784039 -0.000246593    0.0161302 
     43.3333    -0.246917    0.0895559 -0.000221743    0.0161299 
     43.3333    -0.210109     0.101421 -0.000192596    0.0161294 
     43.3333    -0.172638     0.114008 -0.000158992    0.0161287 
     43.3333    -0.134505     0.127325 -0.000120784    0.0161279 
     43.3333    -0.095708     0.141378 -7.78369e-05    0.0161268 
     43.3333    -0.056247     0.156167 -3.00265e-05    0.0161254 
     43.3333    -0.016124     0.171692  2.27564e-05    0.0161237 
     43.3333     0.024662      0.18795   8.0615e-05    0.0161217 
     43.3333     0.066112     0.204932  0.000143643    0.0161192 
     43.3333     0.108226     0.222628  0.000211924    0.0161162 
     43.3333     0.151002     0.241021  0.000285527    0.0161126 
     43.3333     0.194441     0.260092  0.000364509    0.0161083 
     43.3333     0.238543     0.279818  0.000448916    0.0161033 
     43.3333     0.283309     0.300168  0.000538765    0.0160974 
     43.3333     0.328738     0.321107  0.000634051    0.0160905 
     43.3333      0.37483     0.342596  0.000734735    0.0160826 
     43.3333     0.421585     0.364589  0.000840731    0.0160735 
     43.3333     0.469004     0.387032  0.000951915    0.0160631 
     43.3333     0.517086      0.40987   0.00106811    0.0160512 
     43.3333     0.565831     0.433039   0.00118906    0.0160377 
     43.3333     0.615239      0.45647    0.0013145    0.0160225 
     43.3333      0.66531     0.480093   0.00144404    0.0160055 
     43.3333     0.716045     0.503832   0.00157729    0.0159865 
     43.3333     0.767442     0.527609   0.00171379    0.0159654 
     43.3333     0.819503     0.551345   0.00185303     0.015942 
     43.3333     0.872228     0.574961   0.00199448    0.0159162 
     43.3333     0.925615     0.598376   0.00213758    0.0158879 
     43.3333     0.979665     0.621513   0.00228179    0.0158571 
     43.3333      1.03438     0.644298   0.00242652    0.0158235 
     43.3333      1.08976     0.666657   0.00257119    0.0157871 
     43.3333       1.1458      0.68852   0.00271527    0.0157478 
     43.3333       1.2025     0.709821   0.00285827    0.0157056 
     43.3333      1.25987     0.730497   0.00299964    0.0156603 
     43.3333       1.3179     0.750491   0.00313886     0.015612 
     43.3333      1.37659     0.769747   0.00327551    0.0155607 
     43.3333      1.43594     0.788217   0.00340913    0.0155063 
     43.3333      1.49596     0.805856   0.00353924    0.0154489 
     43.3333      1.55665     0.822627   0.00366541    0.0153884 
     43.3333      1.61799     0.838496   0.00378731    0.0153249 
     43.3333         1.68      0.85344   0.00390461    0.0152586 
     43.3333      1.74267     0.867442   0.00401701    0.0151895 
     43.3333      1.80601     0.880492   0.00412422    0.0151176 
     43.3333      1.87001     0.892589   0.00422601    0.0150431 
     43.3333      1.93467     0.903739    0.0043222    0.0149661 
     43.3333            2     0.913957   0.00441267    0.0148867 
          45        -1.25 -1.65396e-17  -6.8955e-29    0.0169697 
          45     -1.24967 -4.99418e-05 -2.20209e-10    0.0169697 
          45     -1.24867 -0.000199745 -3.52975e-09    0.0169697 
          45     -1.24702 -0.000448284 -1.78395e-08    0.0169697 
          45      -1.2447 -0.000793937 -5.62254e-08    0.0169697 
          45     -1.24171  -0.00123443 -1.36769e-07    0.0169697 
          45     -1.23806    -0.001767 -2.82382e-07    0.0169697 
          45     -1.23375  -0.00238792 -5.20412e-07    0.0169696 
          45     -1.22878  -0.00309297 -8.82372e-07    0.0169696 
          45     -1.22314   -0.0038773 -1.40351e-06    0.0169696 
          45     -1.21684  -0.00473538 -2.12233e-06    0.0169696 
          45     -1.20988  -0.00566121 -3.08019e-06    0.0169696 
          45     -1.20225  -0.00664782 -4.32033e-06    0.0169695 
          45     -1.19396  -0.00768779 -5.88754e-06    0.0169695 
          45     -1.18501  -0.00877303 -7.82731e-06    0.0169695 
          45     -1.17539  -0.00989481 -1.01851e-05    0.0169695 
          45     -1.16511   -0.0110439 -1.30057e-05    0.0169694 
          45     -1.15417   -0.0122101 -1.63312e-05    0.0169694 
          45     -1.14256   -0.0133829 -2.02023e-05    0.0169694 
          45     -1.13029   -0.0145511 -2.46546e-05    0.0169693 
          45     -1.11736   -0.0157029 -2.97199e-05    0.0169693 
          45     -1.10377   -0.0168257 -3.54227e-05    0.0169693 
          45     -1.08951   -0.0179064  -4.1782e-05    0.0169693 
          45     -1.07458   -0.0189315 -4.88071e-05    0.0169692 
          45       -1.059   -0.0198865 -5.64983e-05    0.0169692 
          45     -1.04275   -0.0207568 -6.48451e-05    0.0169692 
          45     -1.02584   -0.0215268 -7.38255e-05    0.0169692 
          45     -1.00827   -0.0221804 -8.34027e-05    0.0169692 
          45    -0.990028   -0.0227012 -9.35275e-05    0.0169692 
          45    -0.971127   -0.0230718 -0.000104133    0.0169691 
          45    -0.951562   -0.0232747 -0.000115139    0.0169692 
          45    -0.931335   -0.0232914 -0.000126441    0.0169692 
          45    -0.910444   -0.0231031 -0.000137924    0.0169692 
          45     -0.88889   -0.0226904 -0.000149447    0.0169692 
          45    -0.866673   -0.0220333 -0.000160852    0.0169692 
          45    -0.843793   -0.0211112  -0.00017196    0.0169693 
          45    -0.820249   -0.0199032 -0.000182572    0.0169693 
          45    -0.796043   -0.0183877 -0.000192467    0.0169694 
          45    -0.771173   -0.0165427 -0.000201405    0.0169694 
          45     -0.74564   -0.0143456 -0.000209127    0.0169695 
          45    -0.719443   -0.0117736 -0.000215355    0.0169696 
          45    -0.692584  -0.00880351 -0.000219795    0.0169696 
          45    -0.665062  -0.00541173 -0.000222137    0.0169697 
          45    -0.636876  -0.00157436 -0.000222058    0.0169698 
          45    -0.608026   0.00273255 -0.000219226    0.0169699 
          45    -0.578514   0.00753259   -0.0002133      0.01697 
          45    -0.548339    0.0128497 -0.000203935    0.0169701 
          45    -0.517501    0.0187075 -0.000190784    0.0169702 
          45    -0.485998    0.0251294 -0.000173499    0.0169703 
          45    -0.453833    0.0321375 -0.000151741    0.0169703 
          45    -0.421005    0.0397539 -0.000125176    0.0169703 
          45    -0.387514    0.0479992  -9.3482e-05    0.0169703 
          45    -0.353359    0.0568935 -5.63497e-05    0.0169701 
          45    -0.318541    0.0664548 -1.34882e-05    0.0169699 
          45    -0.283061    0.0766996  3.53732e-05    0.0169696 
          45    -0.246917    0.0876433  9.04883e-05    0.0169691 
          45    -0.210109     0.099299  0.000152086    0.0169685 
          45    -0.172638     0.111677  0.000220367    0.0169676 
          45    -0.134505     0.124785  0.000295511    0.0169665 
          45    -0.095708      0.13863  0.000377674    0.0169651 
          45    -0.056247     0.153214  0.000466985    0.0169633 
          45    -0.016124     0.168536  0.000563545    0.0169611 
          45     0.024662     0.184593  0.000667433    0.0169583 
          45     0.066112     0.201379  0.000778708     0.016955 
          45     0.108226     0.218883  0.000897399    0.0169509 
          45     0.151002      0.23709    0.0010235    0.0169461 
          45     0.194441     0.255979   0.00115699    0.0169403 
          45     0.238543     0.275529   0.00129782    0.0169335 
          45     0.283309     0.295711   0.00144588    0.0169256 
          45     0.328738      0.31649   0.00160104    0.0169164 
          45      0.37483     0.337828   0.00176312    0.0169056 
          45     0.421585     0.359679   0.00193187    0.0168933 
          45     0.469004     0.381995     0.002107    0.0168792 
          45     0.517086     0.404718   0.00228813    0.0168632 
          45     0.565831     0.427787   0.00247485     0.016845 
          45     0.615239     0.451137   0.00266662    0.0168245 
          45      0.66531     0.474695   0.00286291    0.0168014 
          45     0.716045      0.49839   0.00306303    0.0167758 
          45     0.767442     0.522143   0.00326631    0.0167472 
          45     0.819503     0.545876   0.00347202    0.0167156 
          45     0.872228     0.569509   0.00367937    0.0166808 
          45     0.925615     0.592962   0.00388749    0.0166427 
          45     0.979665     0.616158   0.00409564    0.0166011 
          45      1.03438     0.639021   0.00430302    0.0165558 
          45      1.08976     0.661475   0.00450878    0.0165068 
          45       1.1458      0.68345   0.00471216     0.016454 
          45       1.2025     0.704879   0.00491234    0.0163972 
          45      1.25987     0.725698   0.00510871    0.0163365 
          45       1.3179     0.745847    0.0053005    0.0162717 
          45      1.37659     0.765271   0.00548706     0.016203 
          45      1.43594     0.783919   0.00566778    0.0161302 
          45      1.49596     0.801746    0.0058421    0.0160536 
          45      1.55665     0.818712   0.00600947     0.015973 
          45      1.61799     0.834785   0.00616941    0.0158886 
          45         1.68     0.849937   0.00632145    0.0158005 
          45      1.74267     0.864151   0.00646524    0.0157089 
          45      1.80601     0.877416   0.00660049    0.0156138 
          45      1.87001     0.889727   0.00672697    0.0155155 
          45      1.93467     0.901091   0.00684446    0.0154141 
          45            2     0.911521   0.00695304    0.0153098 
     46.6667        -1.25           -0           -0    0.0177678 
     46.6667     -1.24967 -4.75873e-05 -2.47659e-10    0.0177678 
     46.6667     -1.24867 -0.000190331 -3.96777e-09    0.0177678 
     46.6667     -1.24702 -0.000427171 -2.00367e-08    0.0177678 
     46.6667      -1.2447 -0.000756579 -6.30772e-08    0.0177678 
     46.6667     -1.24171  -0.00117642 -1.53207e-07    0.0177678 
     46.6667     -1.23806  -0.00168407 -3.15744e-07    0.0177678 
     46.6667     -1.23375  -0.00227604 -5.80639e-07    0.0177678 
     46.6667     -1.22878  -0.00294836 -9.82032e-07    0.0177677 
     46.6667     -1.22314  -0.00369643 -1.55761e-06    0.0177677 
     46.6667     -1.21684  -0.00451508 -2.34788e-06    0.0177677 
     46.6667     -1.20988  -0.00539862 -3.39559e-06    0.0177677 
     46.6667     -1.20225  -0.00634051 -4.74439e-06    0.0177676 
     46.6667     -1.19396  -0.00733374 -6.43837e-06    0.0177676 
     46.6667     -1.18501   -0.0083707 -8.52089e-06    0.0177676 
     46.6667     -1.17539  -0.00944315 -1.10337e-05    0.0177676 
     46.6667     -1.16511   -0.0105424  -1.4016e-05    0.0177675 
     46.6667     -1.15417   -0.0116588 -1.75024e-05    0.0177675 
     46.6667     -1.14256   -0.0127825 -2.15239e-05    0.0177675 
     46.6667     -1.13029   -0.0139029 -2.61046e-05    0.0177675 
     46.6667     -1.11736   -0.0150089  -3.1262e-05    0.0177674 
     46.6667     -1.10377   -0.0160884 -3.70045e-05    0.0177674 
     46.6667     -1.08951   -0.0171294 -4.33328e-05    0.0177674 
     46.6667     -1.07458   -0.0181188 -5.02357e-05    0.0177674 
     46.6667       -1.059   -0.0190432 -5.76908e-05    0.0177674 
     46.6667     -1.04275   -0.0198884  -6.5663e-05    0.0177674 
     46.6667     -1.02584   -0.0206398 -7.41029e-05    0.0177674 
     46.6667     -1.00827   -0.0212822 -8.29439e-05    0.0177674 
     46.6667    -0.990028   -0.0217999 -9.21037e-05    0.0177675 
     46.6667    -0.971127   -0.0221765 -0.000101479    0.0177675 
     46.6667    -0.951562    -0.022395 -0.000110945    0.0177676 
     46.6667    -0.931335   -0.0224379 -0.000120353    0.0177676 
     46.6667    -0.910444   -0.0222871 -0.000129527    0.0177677 
     46.6667     -0.88889    -0.021924 -0.000138262    0.0177678 
     46.6667    -0.866673   -0.0213293 -0.000146323    0.0177679 
     46.6667    -0.843793    -0.020483  -0.00015344     0.017768 
     46.6667    -0.820249   -0.0193646 -0.000159308    0.0177681 
     46.6667    -0.796043   -0.0179532 -0.000163586    0.0177682 
     46.6667    -0.771173   -0.0162269   -0.0001659    0.0177684 
     46.6667     -0.74564   -0.0141635  -0.00016584    0.0177685 
     46.6667    -0.719443   -0.0117401 -0.000162968    0.0177687 
     46.6667    -0.692584  -0.00893358 -0.000156821    0.0177688 
     46.6667    -0.665062  -0.00572011 -0.000146915     0.017769 
     46.6667    -0.636876  -0.00207545 -0.000132757    0.0177692 
     46.6667    -0.608026   0.00202483 -0.000113847    0.0177694 
     46.6667    -0.578514   0.00660493  -8.9689e-05    0.0177695 
     46.6667    -0.548339    0.0116895  -5.9794e-05    0.0177697 
     46.6667    -0.517501    0.0173029 -2.36845e-05    0.0177698 
     46.6667    -0.485998    0.0234696  1.91054e-05    0.0177699 
     46.6667    -0.453833    0.0302127  6.90205e-05    0.0177699 
     46.6667    -0.421005    0.0375551  0.000126496    0.0177699 
     46.6667    -0.387514    0.0455191  0.000191949    0.0177698 
     46.6667    -0.353359    0.0541257  0.000265785    0.0177696 
     46.6667    -0.318541    0.0633945  0.000348386    0.0177692 
     46.6667    -0.283061    0.0733434  0.000440108    0.0177686 
     46.6667    -0.246917    0.0839893  0.000541291    0.0177678 
     46.6667    -0.210109    0.0953466  0.000652232    0.0177667 
     46.6667    -0.172638     0.107427  0.000773189    0.0177652 
     46.6667    -0.134505     0.120241  0.000904375    0.0177633 
     46.6667    -0.095708     0.133794   0.00104597    0.0177608 
     46.6667    -0.056247     0.148092   0.00119809    0.0177577 
     46.6667    -0.016124     0.163135   0.00136082    0.0177539 
     46.6667     0.024662      0.17892   0.00153417    0.0177492 
     46.6667     0.066112     0.195442   0.00171813    0.0177435 
     46.6667     0.108226     0.212691   0.00191262    0.0177366 
     46.6667     0.151002     0.230654   0.00211751    0.0177284 
     46.6667     0.194441     0.249312   0.00233261    0.0177187 
     46.6667     0.238543     0.268642   0.00255768    0.0177072 
     46.6667     0.283309     0.288619   0.00279244    0.0176938 
     46.6667     0.328738     0.309208    0.0030365    0.0176782 
     46.6667      0.37483     0.330374   0.00328943    0.0176602 
     46.6667     0.421585     0.352072   0.00355071    0.0176395 
     46.6667     0.469004     0.374255   0.00381974    0.0176159 
     46.6667     0.517086     0.396867   0.00409583    0.0175891 
     46.6667     0.565831      0.41985   0.00437821    0.0175588 
     46.6667     0.615239     0.443139     0.004666    0.0175248 
     46.6667      0.66531     0.466664   0.00495827    0.0174867 
     46.6667     0.716045     0.490354   0.00525399    0.0174445 
     46.6667     0.767442     0.514131   0.00555206    0.0173977 
     46.6667     0.819503     0.537918   0.00585131    0.0173461 
     46.6667     0.872228     0.561635   0.00615058    0.0172896 
     46.6667     0.925615     0.585201   0.00644862    0.0172279 
     46.6667     0.979665     0.608537   0.00674424     0.017161 
     46.6667      1.03438     0.631566   0.00703621    0.0170885 
     46.6667      1.08976     0.654212   0.00732338    0.0170105 
     46.6667       1.1458     0.676401   0.00760458    0.0169269 
     46.6667       1.2025     0.698066   0.00787873    0.0168376 
     46.6667      1.25987     0.719139   0.00814481    0.0167427 
     46.6667       1.3179     0.739561   0.00840184    0.0166422 
     46.6667      1.37659     0.759271    0.0086489    0.0165361 
     46.6667      1.43594     0.778219   0.00888517    0.0164247 
     46.6667      1.49596     0.796358   0.00910988     0.016308 
     46.6667      1.55665     0.813645   0.00932235    0.0161863 
     46.6667      1.61799     0.830045   0.00952197    0.0160598 
     46.6667         1.68     0.845529   0.00970825    0.0159288 
     46.6667      1.74267     0.860078   0.00988077    0.0157935 
     46.6667      1.80601     0.873678    0.0100392    0.0156543 
     46.6667      1.87001     0.886322    0.0101835    0.0155116 
     46.6667      1.93467     0.898013    0.0103134    0.0153656 
     46.6667            2     0.908764     0.010429    0.0152167 
     48.3333        -1.25 -1.76791e-15 -1.87591e-24      0.01851 
     48.3333     -1.24967 -4.11278e-05 -1.42258e-09      0.01851 
     48.3333     -1.24867  -0.00016453 -2.27382e-08      0.01851 
     48.3333     -1.24702 -0.000369391 -1.14382e-07    0.0185099 
     48.3333      -1.2447 -0.000654558 -3.58136e-07    0.0185099 
     48.3333     -1.24171  -0.00101842 -8.63794e-07    0.0185098 
     48.3333     -1.23806    -0.001459 -1.76489e-06    0.0185097 
     48.3333     -1.23375  -0.00197364 -3.21237e-06    0.0185096 
     48.3333     -1.22878   -0.0025593 -5.36844e-06    0.0185095 
     48.3333     -1.22314  -0.00321249 -8.39907e-06    0.0185094 
     48.3333     -1.21684  -0.00392923  -1.2466e-05    0.0185093 
     48.3333     -1.20988  -0.00470515 -1.77192e-05    0.0185092 
     48.3333     -1.20225  -0.00553519 -2.42866e-05    0.0185091 
     48.3333     -1.19396   -0.0064139 -3.22682e-05     0.018509 
     48.3333     -1.18501  -0.00733535 -4.17279e-05    0.0185089 
     48.3333     -1.17539  -0.00829309 -5.26882e-05    0.0185089 
     48.3333     -1.16511  -0.00928026 -6.51266e-05    0.0185089 
     48.3333     -1.15417   -0.0102892 -7.89685e-05    0.0185089 
     48.3333     -1.14256    -0.011312 -9.40961e-05     0.018509 
     48.3333     -1.13029   -0.0123401 -0.000110343    0.0185091 
     48.3333     -1.11736   -0.0133645 -0.000127505    0.0185093 
     48.3333     -1.10377   -0.0143751 -0.000145346    0.0185096 
     48.3333     -1.08951   -0.0153618 -0.000163616    0.0185099 
     48.3333     -1.07458   -0.0163134 -0.000182059    0.0185104 
     48.3333       -1.059   -0.0172184 -0.000200434    0.0185109 
     48.3333     -1.04275   -0.0180642  -0.00021853    0.0185117 
     48.3333     -1.02584   -0.0188379 -0.000236183    0.0185125 
     48.3333     -1.00827   -0.0195254 -0.000253282    0.0185135 
     48.3333    -0.990028   -0.0201123 -0.000269782    0.0185147 
     48.3333    -0.971127   -0.0205832 -0.000285695     0.018516 
     48.3333    -0.951562   -0.0209221 -0.000301075    0.0185175 
     48.3333    -0.931335   -0.0211121 -0.000315991    0.0185193 
     48.3333    -0.910444   -0.0211357 -0.000330485    0.0185211 
     48.3333     -0.88889   -0.0209747 -0.000344511    0.0185232 
     48.3333    -0.866673   -0.0206099 -0.000357871    0.0185253 
     48.3333    -0.843793   -0.0200214 -0.000370137    0.0185276 
     48.3333    -0.820249    -0.019188 -0.000380584      0.01853 
     48.3333    -0.796043   -0.0180877 -0.000388131    0.0185324 
     48.3333    -0.771173   -0.0166969 -0.000391308    0.0185348 
     48.3333     -0.74564    -0.014991 -0.000388269    0.0185371 
     48.3333    -0.719443   -0.0129436 -0.000376851    0.0185393 
     48.3333    -0.692584   -0.0105278 -0.000354689    0.0185414 
     48.3333    -0.665062  -0.00771528 -0.000319387    0.0185432 
     48.3333    -0.636876  -0.00447728 -0.000268715    0.0185448 
     48.3333    -0.608026 -0.000785344 -0.000200828    0.0185461 
     48.3333    -0.578514   0.00338796 -0.000114452    0.0185471 
     48.3333    -0.548339   0.00806909 -8.98934e-06    0.0185477 
     48.3333    -0.517501    0.0132827  0.000115459    0.0185479 
     48.3333    -0.485998     0.019052  0.000258196    0.0185478 
     48.3333    -0.453833    0.0253979  0.000418092    0.0185471 
     48.3333    -0.421005    0.0323406  0.000593873     0.018546 
     48.3333    -0.387514    0.0398996  0.000784356    0.0185443 
     48.3333    -0.353359    0.0480947  0.000988659    0.0185419 
     48.3333    -0.318541    0.0569451   0.00120629    0.0185387 
     48.3333    -0.283061    0.0664698   0.00143718    0.0185346 
     48.3333    -0.246917    0.0766883   0.00168157    0.0185294 
     48.3333    -0.210109    0.0876183   0.00193988    0.0185229 
     48.3333    -0.172638    0.0992752   0.00221257    0.0185149 
     48.3333    -0.134505     0.111672       0.0025     0.018505 
     48.3333    -0.095708      0.12482   0.00280236     0.018493 
     48.3333    -0.056247     0.138726   0.00311967    0.0184786 
     48.3333    -0.016124     0.153394   0.00345169    0.0184612 
     48.3333     0.024662     0.168823   0.00379803    0.0184407 
     48.3333     0.066112     0.185011   0.00415813    0.0184164 
     48.3333     0.108226      0.20195   0.00453125     0.018388 
     48.3333     0.151002     0.219628   0.00491649    0.0183549 
     48.3333     0.194441     0.238028   0.00531286    0.0183167 
     48.3333     0.238543     0.257131   0.00571922    0.0182728 
     48.3333     0.283309      0.27691   0.00613436    0.0182228 
     48.3333     0.328738     0.297336   0.00655693    0.0181662 
     48.3333      0.37483     0.318372   0.00698554    0.0181026 
     48.3333     0.421585     0.339977   0.00741868    0.0180314 
     48.3333     0.469004     0.362104   0.00785482    0.0179524 
     48.3333     0.517086       0.3847   0.00829234    0.0178653 
     48.3333     0.565831     0.407708   0.00872957    0.0177697 
     48.3333     0.615239     0.431063   0.00916482    0.0176655 
     48.3333      0.66531     0.454698   0.00959637    0.0175525 
     48.3333     0.716045      0.47854    0.0100225    0.0174309 
     48.3333     0.767442     0.502513    0.0104415    0.0173005 
     48.3333     0.819503     0.526537    0.0108516    0.0171615 
     48.3333     0.872228     0.550532    0.0112513    0.0170141 
     48.3333     0.925615     0.574415    0.0116389    0.0168587 
     48.3333     0.979665     0.598104     0.012013    0.0166956 
     48.3333      1.03438      0.62152    0.0123722    0.0165251 
     48.3333      1.08976     0.644582    0.0127151    0.0163479 
     48.3333       1.1458     0.667216    0.0130408    0.0161644 
     48.3333       1.2025     0.689347    0.0133482    0.0159751 
     48.3333      1.25987     0.710906    0.0136364    0.0157808 
     48.3333       1.3179      0.73183    0.0139046     0.015582 
     48.3333      1.37659     0.752055    0.0141524    0.0153794 
     48.3333      1.43594     0.771528    0.0143792    0.0151736 
     48.3333      1.49596     0.790197    0.0145846    0.0149653 
     48.3333      1.55665     0.808018    0.0147684    0.0147551 
     48.3333      1.61799     0.824951    0.0149305    0.0145436 
     48.3333         1.68     0.840966     0.015071    0.0143316 
     48.3333      1.74267     0.856038    0.0151898    0.0141194 
     48.3333      1.80601     0.870151    0.0152873    0.0139078 
     48.3333      1.87001     0.883296    0.0153639    0.0136972 
     48.3333      1.93467     0.895473    0.0154201    0.0134882 
     48.3333            2      0.90669    0.0154565     0.013281 
          50        -1.25            0            0    0.0193522 
          50     -1.24967            0            0    0.0193522 
          50     -1.24867            0            0    0.0193522 
          50     -1.24702            0            0    0.0193523 
          50      -1.2447           -0           -0    0.0193524 
          50     -1.24171           -0           -0    0.0193524 
          50     -1.23806           -0           -0    0.0193526 
          50     -1.23375            0            0    0.0193526 
          50     -1.22878            0            0    0.0193526 
          50     -1.22314           -0           -0    0.0193523 
          50     -1.21684           -0           -0    0.0193518 
          50     -1.20988            0            0    0.0193509 
          50     -1.20225            0            0    0.0193497 
          50     -1.19396           -0           -0    0.0193481 
          50     -1.18501            0            0    0.0193461 
          50     -1.17539           -0           -0    0.0193437 
          50     -1.16511            0            0    0.0193409 
          50     -1.15417           -0           -0    0.0193377 
          50     -1.14256            0            0    0.0193343 
          50     -1.13029            0            0    0.0193305 
          50     -1.11736            0            0    0.0193266 
          50     -1.10377           -0           -0    0.0193224 
          50     -1.08951            0            0    0.0193181 
          50     -1.07458           -0           -0    0.0193138 
          50       -1.059            0            0    0.0193094 
          50     -1.04275           -0           -0     0.019305 
          50     -1.02584           -0           -0    0.0193006 
          50     -1.00827            0            0    0.0192963 
          50    -0.990028           -0           -0    0.0192921 
          50    -0.971127            0            0    0.0192881 
          50    -0.951562            0            0    0.0192843 
          50    -0.931335           -0           -0    0.0192808 
          50    -0.910444           -0           -0    0.0192779 
          50     -0.88889            0            0    0.0192756 
          50    -0.866673           -0           -0    0.0192744 
          50    -0.843793  4.25143e-26  -3.9095e-19    0.0192744 
          50    -0.820249 -4.67286e-26 -4.43513e-19    0.0192762 
          50    -0.796043  2.91448e-26 -5.01386e-19    0.0192803 
          50    -0.771173 -7.00196e-26 -5.64862e-19    0.0192875 
          50     -0.74564  3.05748e-25 -6.34134e-19    0.0192985 
          50    -0.719443  7.06708e-23 -2.91509e-16    0.0193145 
          50    -0.692584           -0           -0    0.0193366 
          50    -0.665062            0            0    0.0193662 
          50    -0.636876           -0           -0    0.0194051 
          50    -0.608026           -0           -0    0.0194552 
          50    -0.578514            0            0    0.0195186 
          50    -0.548339            0            0    0.0195978 
          50    -0.517501           -0           -0    0.0196952 
          50    -0.485998           -0           -0    0.0198136 
          50    -0.453833 -1.18927e-20 -7.56513e-16    0.0199555 
          50    -0.421005  6.09636e-20 -2.44495e-15    0.0201232 
          50    -0.387514   6.3937e-19 -3.86014e-15    0.0203184 
          50    -0.353359   1.3953e-19 -1.24416e-15    0.0205415 
          50    -0.318541           -0           -0    0.0207905 
          50    -0.283061           -0           -0    0.0210583 
          50    -0.246917            0            0    0.0213331 
          50    -0.210109            0            0    0.0215782 
          50    -0.172638           -0           -0    0.0217457 
          50    -0.134505            0            0    0.0215784 
          50    -0.095708           -0           -0    0.0213951 
          50    -0.056247  1.72963e-18  9.48279e-18    0.0179376 
          50    -0.016124 -3.65399e-18  2.59567e-17    0.0163415 
          50     0.024662     0.160786    0.0947856   -0.0119954 
          50     0.066112     0.210656     0.091518  -0.00409655 
          50     0.108226     0.225466    0.0735119 -0.000464226 
          50     0.151002     0.237151    0.0600723   0.00112209 
          50     0.194441     0.251333    0.0508462   0.00229199 
          50     0.238543     0.267114    0.0444025   0.00289368 
          50     0.283309     0.284254    0.0397595   0.00345398 
          50     0.328738     0.302559    0.0361175   0.00384031 
          50      0.37483     0.321853    0.0332711   0.00414395 
          50     0.421585     0.342014    0.0310018   0.00439003 
          50     0.469004     0.362941    0.0291682   0.00459399 
          50     0.517086      0.38454    0.0276724   0.00476621 
          50     0.565831     0.406725    0.0264435   0.00491385 
          50     0.615239     0.429411    0.0254287   0.00504197 
          50      0.66531      0.45251    0.0245875   0.00515429 
          50     0.716045     0.475938    0.0238884   0.00525357 
          50     0.767442     0.499605    0.0233063   0.00534193 
          50     0.819503     0.523421    0.0228207   0.00542098 
          50     0.872228     0.547297    0.0224151   0.00549203 
          50     0.925615     0.571141    0.0220755   0.00555605 
          50     0.979665     0.594863    0.0217902   0.00561389 
          50      1.03438     0.618375    0.0215494   0.00566619 
          50      1.08976      0.64159    0.0213448    0.0057135 
          50       1.1458     0.664424     0.021169   0.00575627 
          50       1.2025     0.686798     0.021016   0.00579487 
          50      1.25987     0.708636    0.0208804   0.00582963 
          50       1.3179     0.729867    0.0207577   0.00586081 
          50      1.37659     0.750426    0.0206439   0.00588867 
          50      1.43594      0.77025    0.0205356    0.0059134 
          50      1.49596     0.789286    0.0204298   0.00593519 
          50      1.55665     0.807484    0.0203241    0.0059542 
          50      1.61799     0.824802    0.0202162   0.00597059 
          50         1.68     0.841202    0.0201044   0.00598448 
          50      1.74267     0.856658    0.0199873   0.00599603 
          50      1.80601     0.871148    0.0198636   0.00600534 
          50      1.87001     0.884661    0.0197326   0.00601252 
          50      1.93467     0.897192    0.0195934   0.00601769 
          50            2     0.908747    0.0194458   0.00602095 
     51.6667        -1.25            0            0            0 
     51.6667     -1.24967            0            0            0 
     51.6667     -1.24867            0            0            0 
     51.6667     -1.24702            0            0            0 
     51.6667      -1.2447            0            0            0 
     51.6667     -1.24171            0            0            0 
     51.6667     -1.23806            0            0            0 
     51.6667     -1.23375            0            0            0 
     51.6667     -1.22878            0            0            0 
     51.6667     -1.22314            0            0            0 
     51.6667     -1.21684            0            0            0 
     51.6667     -1.20988            0            0            0 
     51.6667     -1.20225            0            0            0 
     51.6667     -1.19396            0            0            0 
     51.6667     -1.18501            0            0            0 
     51.6667     -1.17539            0            0            0 
     51.6667     -1.16511            0            0            0 
     51.6667     -1.15417            0            0            0 
     51.6667     -1.14256            0            0            0 
     51.6667     -1.13029            0            0            0 
     51.6667     -1.11736            0            0            0 
     51.6667     -1.10377            0            0            0 
     51.6667     -1.08951            0            0            0 
     51.6667     -1.07458            0            0            0 
     51.6667       -1.059            0            0            0 
     51.6667     -1.04275            0            0            0 
     51.6667     -1.02584            0            0            0 
     51.6667     -1.00827            0            0            0 
     51.6667    -0.990028            0            0            0 
     51.6667    -0.971127            0            0            0 
     51.6667    -0.951562            0            0            0 
     51.6667    -0.931335            0            0            0 
     51.6667    -0.910444            0            0            0 
     51.6667     -0.88889            0            0            0 
     51.6667    -0.866673            0            0            0 
     51.6667    -0.843793            0            0            0 
     51.6667    -0.820249            0            0            0 
     51.6667    -0.796043            0            0            0 
     51.6667    -0.771173            0            0            0 
     51.6667     -0.74564            0            0            0 
     51.6667    -0.719443            0            0            0 
     51.6667    -0.692584            0            0            0 
     51.6667    -0.665062            0            0            0 
     51.6667    -0.636876            0            0            0 
     51.6667    -0.608026            0            0            0 
     51.6667    -0.578514            0            0            0 
     51.6667    -0.548339            0            0            0 
     51.6667    -0.517501            0            0            0 
     51.6667    -0.485998            0            0            0 
     51.6667    -0.453833            0            0            0 
     51.6667    -0.421005            0            0            0 
     51.6667    -0.387514            0            0            0 
     51.6667    -0.353359            0            0            0 
     51.6667    -0.318541            0            0            0 
     51.6667    -0.283061            0            0            0 
     51.6667    -0.246917            0            0            0 
     51.6667    -0.210109            0            0            0 
     51.6667    -0.172638            0            0            0 
     51.6667    -0.134505            0            0            0 
     51.6667    -0.095708            0            0            0 
     51.6667    -0.056247            0            0            0 
     51.6667    -0.016124            0            0            0 
     51.6667     0.024662    0.0266216  4.90993e-05   -0.0043039 
     51.6667     0.066112    0.0713007  0.000358797  -0.00429676 
     51.6667     0.108226     0.116022  0.000967103  -0.00428869 
     51.6667     0.151002      0.15955   0.00185693  -0.00427891 
     51.6667     0.194441     0.200204   0.00295212  -0.00426619 
     51.6667     0.238543     0.236384   0.00411557  -0.00424913 
     51.6667     0.283309     0.267282    0.0051899   -0.0042266 
     51.6667     0.328738     0.293353   0.00606609  -0.00419805 
     51.6667      0.37483     0.316089   0.00672869  -0.00416346 
     51.6667     0.421585     0.337236   0.00723684    -0.004123 
     51.6667     0.469004     0.358103    0.0076687  -0.00407675 
     51.6667     0.517086     0.379349   0.00807799  -0.00402457 
     51.6667     0.565831     0.401175   0.00848829  -0.00396622 
     51.6667     0.615239     0.423572    0.0089052  -0.00390141 
     51.6667      0.66531     0.446464   0.00932781  -0.00382988 
     51.6667     0.716045     0.469761    0.0097537  -0.00375144 
     51.6667     0.767442     0.493372    0.0101804  -0.00366596 
     51.6667     0.819503     0.517202    0.0106054  -0.00357338 
     51.6667     0.872228     0.541158    0.0110264  -0.00347371 
     51.6667     0.925615     0.565142    0.0114411  -0.00336704 
     51.6667     0.979665      0.58906    0.0118474  -0.00325353 
     51.6667      1.03438     0.612819    0.0122433   -0.0031334 
     51.6667      1.08976     0.636326    0.0126268  -0.00300697 
     51.6667       1.1458     0.659493    0.0129961  -0.00287459 
     51.6667       1.2025     0.682234    0.0133497  -0.00273668 
     51.6667      1.25987     0.704468    0.0136862  -0.00259372 
     51.6667       1.3179     0.726121    0.0140042  -0.00244621 
     51.6667      1.37659     0.747119    0.0143026  -0.00229473 
     51.6667      1.43594     0.767398    0.0145805  -0.00213981 
     51.6667      1.49596     0.786898    0.0148372  -0.00198207 
     51.6667      1.55665     0.805567    0.0150719  -0.00182208 
     51.6667      1.61799     0.823357    0.0152843  -0.00166043 
     51.6667         1.68     0.840229    0.0154741  -0.00149772 
     51.6667      1.74267     0.856151     0.015641  -0.00133452 
     51.6667      1.80601     0.871099    0.0157851  -0.00117138 
     51.6667      1.87001     0.885056    0.0159065  -0.00100885 
     51.6667      1.93467     0.898015    0.0160056 -0.000847421 
     51.6667            2     0.909979    0.0160827 -0.000687561 
     53.3333        -1.25            0            0            0 
     53.3333     -1.24967            0            0            0 
     53.3333     -1.24867            0            0            0 
     53.3333     -1.24702            0            0            0 
     53.3333      -1.2447            0            0            0 
     53.3333     -1.24171            0            0            0 
     53.3333     -1.23806            0            0            0 
     53.3333     -1.23375            0            0            0 
     53.3333     -1.22878            0            0            0 
     53.3333     -1.22314            0            0            0 
     53.3333     -1.21684            0            0            0 
     53.3333     -1.20988            0            0            0 
     53.3333     -1.20225            0            0            0 
     53.3333     -1.19396            0            0            0 
     53.3333     -1.18501            0            0            0 
     53.3333     -1.17539            0            0            0 
     53.3333     -1.16511            0            0            0 
     53.3333     -1.15417            0            0            0 
     53.3333     -1.14256            0            0            0 
     53.3333     -1.13029            0            0            0 
     53.3333     -1.11736            0            0            0 
     53.3333     -1.10377            0            0            0 
     53.3333     -1.08951            0            0            0 
     53.3333     -1.07458            0            0            0 
     53.3333       -1.059            0            0            0 
     53.3333     -1.04275            0            0            0 
     53.3333     -1.02584            0            0            0 
     53.3333     -1.00827            0            0            0 
     53.3333    -0.990028            0            0            0 
     53.3333    -0.971127            0            0            0 
     53.3333    -0.951562            0            0            0 
     53.3333    -0.931335            0            0            0 
     53.3333    -0.910444            0            0            0 
     53.3333     -0.88889            0            0            0 
     53.3333    -0.866673            0            0            0 
     53.3333    -0.843793            0            0            0 
     53.3333    -0.820249            0            0            0 
     53.3333    -0.796043            0            0            0 
     53.3333    -0.771173            0            0            0 
     53.3333     -0.74564            0            0            0 
     53.3333    -0.719443            0            0            0 
     53.3333    -0.692584            0            0            0 
     53.3333    -0.665062            0            0            0 
     53.3333    -0.636876            0            0            0 
     53.3333    -0.608026            0            0            0 
     53.3333    -0.578514            0            0            0 
     53.3333    -0.548339            0            0            0 
     53.3333    -0.517501            0            0            0 
     53.3333    -0.485998            0            0            0 
     53.3333    -0.453833            0            0            0 
     53.3333    -0.421005            0            0            0 
     53.3333    -0.387514            0            0            0 
     53.3333    -0.353359            0            0            0 
     53.3333    -0.318541            0            0            0 
     53.3333    -0.283061            0            0            0 
     53.3333    -0.246917            0            0            0 
     53.3333    -0.210109            0            0            0 
     53.3333    -0.172638            0            0            0 
     53.3333    -0.134505            0            0            0 
     53.3333    -0.095708            0            0            0 
     53.3333    -0.056247            0            0            0 
     53.3333    -0.016124            0            0            0 
     53.3333     0.024662    0.0220094  2.37926e-05  -0.00429117 
     53.3333     0.066112    0.0589757  0.000169548  -0.00428796 
     53.3333     0.108226    0.0962854  0.000448296  -0.00428466 
     53.3333     0.151002     0.133494  0.000854002   -0.0042811 
     53.3333     0.194441     0.169972   0.00136968    -0.004277 
     53.3333     0.238543     0.204989   0.00196515  -0.00427204 
     53.3333     0.283309     0.237859   0.00259808  -0.00426581 
     53.3333     0.328738     0.268117   0.00322183  -0.00425797 
     53.3333      0.37483     0.295679   0.00379521   -0.0042483 
     53.3333     0.421585     0.320893   0.00429435  -0.00423664 
     53.3333     0.469004     0.344406   0.00471625  -0.00422287 
     53.3333     0.517086     0.366979   0.00507662   -0.0042069 
     53.3333     0.565831     0.389288   0.00540067  -0.00418862 
     53.3333     0.615239     0.411751   0.00570779  -0.00416805 
     53.3333      0.66531     0.434588   0.00601387  -0.00414496 
     53.3333     0.716045     0.457832    0.0063251  -0.00411919 
     53.3333     0.767442     0.481441   0.00664283  -0.00409061 
     53.3333     0.819503     0.505334   0.00696643  -0.00405899 
     53.3333     0.872228     0.529411   0.00729455  -0.00402407 
     53.3333     0.925615     0.553576   0.00762574   -0.0039857 
     53.3333     0.979665     0.577732   0.00795796  -0.00394387 
     53.3333      1.03438      0.60178   0.00828938   -0.0038983 
     53.3333      1.08976     0.625623   0.00861862  -0.00384886 
     53.3333       1.1458      0.64917   0.00894403  -0.00379549 
     53.3333       1.2025     0.672331   0.00926397  -0.00373814 
     53.3333      1.25987     0.695019   0.00957686  -0.00367677 
     53.3333       1.3179     0.717154   0.00988133  -0.00361134 
     53.3333      1.37659     0.738661    0.0101761  -0.00354189 
     53.3333      1.43594     0.759469      0.01046  -0.00346852 
     53.3333      1.49596     0.779514    0.0107318  -0.00339127 
     53.3333      1.55665      0.79874    0.0109906  -0.00331026 
     53.3333      1.61799     0.817095    0.0112353  -0.00322562 
     53.3333         1.68     0.834536    0.0114653  -0.00313751 
     53.3333      1.74267     0.851026    0.0116798  -0.00304617 
     53.3333      1.80601     0.866538    0.0118784  -0.00295182 
     53.3333      1.87001     0.881051    0.0120606  -0.00285469 
     53.3333      1.93467     0.894555    0.0122262  -0.00275504 
     53.3333            2     0.907049    0.0123749  -0.00265313 
          55        -1.25            0            0            0 
          55     -1.24967            0            0            0 
          55     -1.24867            0            0            0 
          55     -1.24702            0            0            0 
          55      -1.2447            0            0            0 
          55     -1.24171            0            0            0 
          55     -1.23806            0            0            0 
          55     -1.23375            0            0            0 
          55     -1.22878            0            0            0 
          55     -1.22314            0            0            0 
          55     -1.21684            0            0            0 
          55     -1.20988            0            0            0 
          55     -1.20225            0            0            0 
          55     -1.19396            0            0            0 
          55     -1.18501            0            0            0 
          55     -1.17539            0            0            0 
          55     -1.16511            0            0            0 
          55     -1.15417            0            0            0 
          55     -1.14256            0            0            0 
          55     -1.13029            0            0            0 
          55     -1.11736            0            0            0 
          55     -1.10377            0            0            0 
          55     -1.08951            0            0            0 
          55     -1.07458            0            0            0 
          55       -1.059            0            0            0 
          55     -1.04275            0            0            0 
          55     -1.02584            0            0            0 
          55     -1.00827            0            0            0 
          55    -0.990028            0            0            0 
          55    -0.971127            0            0            0 
          55    -0.951562            0            0            0 
          55    -0.931335            0            0            0 
          55    -0.910444            0            0            0 
          55     -0.88889            0            0            0 
          55    -0.866673            0            0            0 
          55    -0.843793            0            0            0 
          55    -0.820249            0            0            0 
          55    -0.796043            0            0            0 
          55    -0.771173            0            0            0 
          55     -0.74564            0            0            0 
          55    -0.719443            0            0            0 
          55    -0.692584            0            0            0 
          55    -0.665062            0            0            0 
          55    -0.636876            0            0            0 
          55    -0.608026            0            0            0 
          55    -0.578514            0            0            0 
          55    -0.548339            0            0            0 
          55    -0.517501            0            0            0 
          55    -0.485998            0            0            0 
          55    -0.453833            0            0            0 
          55    -0.421005            0            0            0 
          55    -0.387514            0            0            0 
          55    -0.353359            0            0            0 
          55    -0.318541            0            0            0 
          55    -0.283061            0            0            0 
          55    -0.246917            0            0            0 
          55    -0.210109            0            0            0 
          55    -0.172638            0            0            0 
          55    -0.134505            0            0            0 
          55    -0.095708            0            0            0 
          55    -0.056247            0            0            0 
          55    -0.016124            0            0            0 
          55     0.024662    0.0195328  1.42079e-05  -0.00421036 
          55     0.066112    0.0524328  0.000101273  -0.00420845 
          55     0.108226    0.0858364  0.000268372  -0.00420651 
          55     0.151002     0.119509  0.000513589  -0.00420445 
          55     0.194441      0.15311   0.00083147  -0.00420217 
          55     0.238543     0.186209   0.00121004  -0.00419949 
          55     0.283309     0.218347   0.00163406  -0.00419625 
          55     0.328738     0.249099   0.00207915  -0.00419237 
          55      0.37483     0.278189    0.0025218  -0.00418735 
          55     0.421585     0.305498    0.0029431  -0.00418129 
          55     0.469004     0.331184   0.00332858  -0.00417418 
          55     0.517086     0.355582   0.00367238  -0.00416589 
          55     0.565831     0.379126   0.00397748  -0.00415621 
          55     0.615239     0.402263   0.00425406  -0.00414498 
          55      0.66531     0.425365   0.00451541  -0.00413215 
          55     0.716045     0.448654   0.00477106  -0.00411793 
          55     0.767442     0.472214   0.00502626  -0.00410209 
          55     0.819503     0.496051   0.00528614  -0.00408431 
          55     0.872228     0.520107   0.00555062  -0.00406464 
          55     0.925615     0.544298   0.00581933  -0.00404295 
          55     0.979665     0.568522   0.00609097  -0.00401913 
          55      1.03438     0.592684   0.00636383  -0.00399307 
          55      1.08976     0.616683   0.00663706  -0.00396465 
          55       1.1458     0.640423   0.00690911  -0.00393374 
          55       1.2025     0.663814   0.00717869  -0.00390023 
          55      1.25987     0.686767   0.00744465  -0.00386404 
          55       1.3179     0.709198   0.00770585  -0.00382516 
          55      1.37659     0.731026   0.00796109   -0.0037836 
          55      1.43594     0.752179   0.00820894  -0.00373944 
          55      1.49596     0.772591   0.00844854  -0.00369257 
          55      1.55665     0.792199   0.00867939  -0.00364287 
          55      1.61799     0.810952   0.00890042  -0.00359067 
          55         1.68     0.828802   0.00911052  -0.00353572 
          55      1.74267     0.845705   0.00930949  -0.00347815 
          55      1.80601     0.861635   0.00949665  -0.00341801 
          55      1.87001     0.876571   0.00967157  -0.00335549 
          55      1.93467     0.890493   0.00983393  -0.00329085 
          55            2       0.9034   0.00998352  -0.00322416 
     56.6667        -1.25            0            0            0 
     56.6667     -1.24967            0            0            0 
     56.6667     -1.24867            0            0            0 
     56.6667     -1.24702            0            0            0 
     56.6667      -1.2447            0            0            0 
     56.6667     -1.24171            0            0            0 
     56.6667     -1.23806            0            0            0 
     56.6667     -1.23375            0            0            0 
     56.6667     -1.22878            0            0            0 
     56.6667     -1.22314            0            0            0 
     56.6667     -1.21684            0            0            0 
     56.6667     -1.20988            0            0            0 
     56.6667     -1.20225            0            0            0 
     56.6667     -1.19396            0            0            0 
     56.6667     -1.18501            0            0            0 
     56.6667     -1.17539            0            0            0 
     56.6667     -1.16511            0            0            0 
     56.6667     -1.15417            0            0            0 
     56.6667     -1.14256            0            0            0 
     56.6667     -1.13029            0            0            0 
     56.6667     -1.11736            0            0            0 
     56.6667     -1.10377            0            0            0 
     56.6667     -1.08951            0            0            0 
     56.6667     -1.07458            0            0            0 
     56.6667       -1.059            0            0            0 
     56.6667     -1.04275            0            0            0 
     56.6667     -1.02584            0            0            0 
     56.6667     -1.00827            0            0            0 
     56.6667    -0.990028            0            0            0 
     56.6667    -0.971127            0            0            0 
     56.6667    -0.951562            0            0            0 
     56.6667    -0.931335            0            0            0 
     56.6667    -0.910444            0            0            0 
     56.6667     -0.88889            0            0            0 
     56.6667    -0.866673            0            0            0 
     56.6667    -0.843793            0            0            0 
     56.6667    -0.820249            0            0            0 
     56.6667    -0.796043            0            0            0 
     56.6667    -0.771173            0            0            0 
     56.6667     -0.74564            0            0            0 
     56.6667    -0.719443            0            0            0 
     56.6667    -0.692584            0            0            0 
     56.6667    -0.665062            0            0            0 
     56.6667    -0.636876            0            0            0 
     56.6667    -0.608026            0            0            0 
     56.6667    -0.578514            0            0            0 
     56.6667    -0.548339            0            0            0 
     56.6667    -0.517501            0            0            0 
     56.6667    -0.485998            0            0            0 
     56.6667    -0.453833            0            0            0 
     56.6667    -0.421005            0            0            0 
     56.6667    -0.387514            0            0            0 
     56.6667    -0.353359            0            0            0 
     56.6667    -0.318541            0            0            0 
     56.6667    -0.283061            0            0            0 
     56.6667    -0.246917            0            0            0 
     56.6667    -0.210109            0            0            0 
     56.6667    -0.172638            0            0            0 
     56.6667    -0.134505            0            0            0 
     56.6667    -0.095708            0            0            0 
     56.6667    -0.056247            0            0            0 
     56.6667    -0.016124            0            0            0 
     56.6667     0.024662    0.0179674  9.47265e-06  -0.00406418 
     56.6667     0.066112    0.0482852  6.76764e-05   -0.0040629 
     56.6667     0.108226    0.0791716  0.000179897  -0.00406159 
     56.6667     0.151002     0.110485  0.000346004  -0.00406023 
     56.6667     0.194441      0.14201  0.000564372  -0.00405878 
     56.6667     0.238543     0.173465  0.000829388  -0.00405717 
     56.6667     0.283309     0.204503   0.00113231  -0.00405504 
     56.6667     0.328738     0.234892   0.00146375  -0.00405248 
     56.6667      0.37483     0.264247   0.00180768  -0.00404941 
     56.6667     0.421585     0.292357   0.00214997  -0.00404571 
     56.6667     0.469004     0.319197   0.00247938   -0.0040413 
     56.6667     0.517086     0.344878   0.00278813  -0.00403606 
     56.6667     0.565831     0.369616   0.00307228   -0.0040299 
     56.6667     0.615239     0.393682   0.00333183  -0.00402275 
     56.6667      0.66531     0.417363   0.00357042  -0.00401452 
     56.6667     0.716045     0.440921   0.00379463  -0.00400514 
     56.6667     0.767442     0.464559   0.00401265  -0.00399458 
     56.6667     0.819503     0.488398   0.00423229  -0.00398279 
     56.6667     0.872228      0.51246   0.00445795  -0.00396977 
     56.6667     0.925615     0.536647   0.00468542  -0.00395531 
     56.6667     0.979665     0.560842   0.00490871   -0.0039391 
     56.6667      1.03438     0.585074   0.00514145   -0.0039215 
     56.6667      1.08976     0.609155   0.00537341  -0.00390236 
     56.6667       1.1458     0.633008   0.00560524  -0.00388156 
     56.6667       1.2025     0.656548   0.00583652  -0.00385896 
     56.6667      1.25987     0.679683   0.00606616  -0.00383449 
     56.6667       1.3179     0.702327   0.00629249  -0.00380798 
     56.6667      1.37659     0.724392   0.00651439  -0.00377946 
     56.6667      1.43594       0.7458   0.00673105  -0.00374895 
     56.6667      1.49596     0.766482    0.0069417  -0.00371644 
     56.6667      1.55665     0.786378   0.00714575  -0.00368194 
     56.6667      1.61799     0.805434   0.00734264  -0.00364546 
     56.6667         1.68     0.823603   0.00753168  -0.00360701 
     56.6667      1.74267     0.840836    0.0077117  -0.00356663 
     56.6667      1.80601     0.857099     0.007882  -0.00352463 
     56.6667      1.87001     0.872367   0.00804229  -0.00348075 
     56.6667      1.93467     0.886624   0.00819189  -0.00343481 
     56.6667            2     0.899867   0.00833237  -0.00338738 
     58.3333        -1.25            0            0            0 
     58.3333     -1.24967            0            0            0 
     58.3333     -1.24867            0            0            0 
     58.3333     -1.24702            0            0            0 
     58.3333      -1.2447            0            0            0 
     58.3333     -1.24171            0            0            0 
     58.3333     -1.23806            0            0            0 
     58.3333     -1.23375            0            0            0 
     58.3333     -1.22878            0            0            0 
     58.3333     -1.22314            0            0            0 
     58.3333     -1.21684            0            0            0 
     58.3333     -1.20988            0            0            0 
     58.3333     -1.20225            0            0            0 
     58.3333     -1.19396            0            0            0 
     58.3333     -1.18501            0            0            0 
     58.3333     -1.17539            0            0            0 
     58.3333     -1.16511            0            0            0 
     58.3333     -1.15417            0            0            0 
     58.3333     -1.14256            0            0            0 
     58.3333     -1.13029            0            0            0 
     58.3333     -1.11736            0            0            0 
     58.3333     -1.10377            0            0            0 
     58.3333     -1.08951            0            0            0 
     58.3333     -1.07458            0            0            0 
     58.3333       -1.059            0            0            0 
     58.3333     -1.04275            0            0            0 
     58.3333     -1.02584            0            0            0 
     58.3333     -1.00827            0            0            0 
     58.3333    -0.990028            0            0            0 
     58.3333    -0.971127            0            0            0 
     58.3333    -0.951562            0            0            0 
     58.3333    -0.931335            0            0            0 
     58.3333    -0.910444            0            0            0 
     58.3333     -0.88889            0            0            0 
     58.3333    -0.866673            0            0            0 
     58.3333    -0.843793            0            0            0 
     58.3333    -0.820249            0            0            0 
     58.3333    -0.796043            0            0            0 
     58.3333    -0.771173            0            0            0 
     58.3333     -0.74564            0            0            0 
     58.3333    -0.719443            0            0            0 
     58.3333    -0.692584            0            0            0 
     58.3333    -0.665062            0            0            0 
     58.3333    -0.636876            0            0            0 
     58.3333    -0.608026            0            0            0 
     58.3333    -0.578514            0            0            0 
     58.3333    -0.548339            0            0            0 
     58.3333    -0.517501            0            0            0 
     58.3333    -0.485998            0            0            0 
     58.3333    -0.453833            0            0            0 
     58.3333    -0.421005            0            0            0 
     58.3333    -0.387514            0            0            0 
     58.3333    -0.353359            0            0            0 
     58.3333    -0.318541            0            0            0 
     58.3333    -0.283061            0            0            0 
     58.3333    -0.246917            0            0            0 
     58.3333    -0.210109            0            0            0 
     58.3333    -0.172638            0            0            0 
     58.3333    -0.134505            0            0            0 
     58.3333    -0.095708            0            0            0 
     58.3333    -0.056247            0            0            0 
     58.3333    -0.016124            0            0            0 
     58.3333     0.024662    0.0168851  6.77041e-06  -0.00388631 
     58.3333     0.066112    0.0454063  4.84877e-05  -0.00388539 
     58.3333     0.108226    0.0745189  0.000129254  -0.00388444 
     58.3333     0.151002     0.104129  0.000249479  -0.00388345 
     58.3333     0.194441     0.134092  0.000408557  -0.00388235 
     58.3333     0.238543     0.164214  0.000604098  -0.00388109 
     58.3333     0.283309     0.194259  0.000832229  -0.00387967 
     58.3333     0.328738     0.223969    0.0010859  -0.00387797 
     58.3333      0.37483     0.253097   0.00135777  -0.00387591 
     58.3333     0.421585      0.28143   0.00163771  -0.00387342 
     58.3333     0.469004     0.308838   0.00191578  -0.00387041 
     58.3333     0.517086     0.335287   0.00218433  -0.00386677 
     58.3333     0.565831     0.360854   0.00243836  -0.00386249 
     58.3333     0.615239     0.385696   0.00267435  -0.00385757 
     58.3333      0.66531     0.410007   0.00289525  -0.00385162 
     58.3333     0.716045     0.434014   0.00310203  -0.00384492 
     58.3333     0.767442     0.457928   0.00330014  -0.00383739 
     58.3333     0.819503     0.481881   0.00349389  -0.00382898 
     58.3333     0.872228     0.505935   0.00368653  -0.00381959 
     58.3333     0.925615     0.530096    0.0038802  -0.00380916 
     58.3333     0.979665     0.554326   0.00407614  -0.00379763 
     58.3333      1.03438     0.578554   0.00427469  -0.00378493 
     58.3333      1.08976     0.602687   0.00447545  -0.00377099 
     58.3333       1.1458     0.626626   0.00467751  -0.00375575 
     58.3333       1.2025     0.650271   0.00487958  -0.00373917 
     58.3333      1.25987     0.673527   0.00508026  -0.00372118 
     58.3333       1.3179     0.696312   0.00527834  -0.00370176 
     58.3333      1.37659     0.718551   0.00547308  -0.00368086 
     58.3333      1.43594     0.740172   0.00566464  -0.00365845 
     58.3333      1.49596     0.761092   0.00585443  -0.00363452 
     58.3333      1.55665     0.781201   0.00603617  -0.00360918 
     58.3333      1.61799     0.800496   0.00621135  -0.00358221 
     58.3333         1.68     0.818921   0.00638041  -0.00355362 
     58.3333      1.74267     0.836425   0.00654261  -0.00352344 
     58.3333      1.80601      0.85297    0.0066973  -0.00349175 
     58.3333      1.87001     0.868522   0.00684395  -0.00345858 
     58.3333      1.93467     0.883063   0.00698215  -0.00342401 
     58.3333            2     0.896583   0.00711158  -0.00338807 
          60        -1.25            0            0            0 
          60     -1.24967            0            0            0 
          60     -1.24867            0            0            0 
          60     -1.24702            0            0            0 
          60      -1.2447            0            0            0 
          60     -1.24171            0            0            0 
          60     -1.23806            0            0            0 
          60     -1.23375            0            0            0 
          60     -1.22878            0            0            0 
          60     -1.22314            0            0            0 
          60     -1.21684            0            0            0 
          60     -1.20988            0            0            0 
          60     -1.20225            0            0            0 
          60     -1.19396            0            0            0 
          60     -1.18501            0            0            0 
          60     -1.17539            0            0            0 
          60     -1.16511            0            0            0 
          60     -1.15417            0            0            0 
          60     -1.14256            0            0            0 
          60     -1.13029            0            0            0 
          60     -1.11736            0            0            0 
          60     -1.10377            0            0            0 
          60     -1.08951            0            0            0 
          60     -1.07458            0            0            0 
          60       -1.059            0            0            0 
          60     -1.04275            0            0            0 
          60     -1.02584            0            0            0 
          60     -1.00827            0            0            0 
          60    -0.990028            0            0            0 
          60    -0.971127            0            0            0 
          60    -0.951562            0            0            0 
          60    -0.931335            0            0            0 
          60    -0.910444            0            0            0 
          60     -0.88889            0            0            0 
          60    -0.866673            0            0            0 
          60    -0.843793            0            0            0 
          60    -0.820249            0            0            0 
          60    -0.796043            0            0            0 
          60    -0.771173            0            0            0 
          60     -0.74564            0            0            0 
          60    -0.719443            0            0            0 
          60    -0.692584            0            0            0 
          60    -0.665062            0            0            0 
          60    -0.636876            0            0            0 
          60    -0.608026            0            0            0 
          60    -0.578514            0            0            0 
          60    -0.548339            0            0            0 
          60    -0.517501            0            0            0 
          60    -0.485998            0            0            0 
          60    -0.453833            0            0            0 
          60    -0.421005            0            0            0 
          60    -0.387514            0            0            0 
          60    -0.353359            0            0            0 
          60    -0.318541            0            0            0 
          60    -0.283061            0            0            0 
          60    -0.246917            0            0            0 
          60    -0.210109            0            0            0 
          60    -0.172638            0            0            0 
          60    -0.134505            0            0            0 
          60    -0.095708            0            0            0 
          60    -0.056247            0            0            0 
          60    -0.016124            0            0            0 
          60     0.024662    0.0160947  5.06026e-06  -0.00369556 
          60     0.066112    0.0432957  3.63248e-05  -0.00369487 
          60     0.108226    0.0710911  9.71037e-05  -0.00369416 
          60     0.151002    0.0994156  0.000188115  -0.00369341 
          60     0.194441     0.128166  0.000309359  -0.00369259 
          60     0.238543       0.1572  0.000459747  -0.00369167 
          60     0.283309      0.18634  0.000636937  -0.00369061 
          60     0.328738     0.215385  0.000837103  -0.00368936 
          60      0.37483     0.244127   0.00105515  -0.00368786 
          60     0.421585     0.272374   0.00128463  -0.00368604 
          60     0.469004     0.299974   0.00151867  -0.00368385 
          60     0.517086      0.32684   0.00175089  -0.00368121 
          60     0.565831     0.352955   0.00197589  -0.00367808 
          60     0.615239      0.37839   0.00218974  -0.00367442 
          60      0.66531      0.40326   0.00239152  -0.00367007 
          60     0.716045     0.427705   0.00258155  -0.00366511 
          60     0.767442     0.451931   0.00276266  -0.00365948 
          60     0.819503     0.476081   0.00293775  -0.00365314 
          60     0.872228     0.500239   0.00310951  -0.00364605 
          60     0.925615      0.52444   0.00328028  -0.00363816 
          60     0.979665     0.548673   0.00345184  -0.00362942 
          60      1.03438     0.572898   0.00362528  -0.00361977 
          60      1.08976     0.597042   0.00380098  -0.00360916 
          60       1.1458     0.621022   0.00397855  -0.00359756 
          60       1.2025     0.644741   0.00415697   -0.0035849 
          60      1.25987     0.668101   0.00433486  -0.00357114 
          60       1.3179     0.691012   0.00451078  -0.00355624 
          60      1.37659     0.713387   0.00468385  -0.00354018 
          60      1.43594     0.735154   0.00485446  -0.00352292 
          60      1.49596     0.756245   0.00502531  -0.00350444 
          60      1.55665     0.776553   0.00518873  -0.00348489 
          60      1.61799     0.796054    0.0053464  -0.00346406 
          60         1.68     0.814697   0.00549925  -0.00344192 
          60      1.74267     0.832427   0.00564653  -0.00341852 
          60      1.80601     0.849204   0.00578761   -0.0033939 
          60      1.87001     0.864993   0.00592195  -0.00336808 
          60      1.93467     0.879775   0.00604911  -0.00334112 
          60            2     0.893536   0.00616875  -0.00331304 
