Variables = x, y, u, v, p, uu, uv, vv

Zone, I=4300, F=POINT
         -10        -1.25            0            0            0            0            0            0 
         -10     -1.24967            0            0            0            0            0            0 
         -10     -1.24867            0            0            0            0            0            0 
         -10     -1.24702            0            0            0            0            0            0 
         -10      -1.2447            0            0            0            0            0            0 
         -10     -1.24171            0            0            0            0            0            0 
         -10     -1.23806            0            0            0            0            0            0 
         -10     -1.23375            0            0            0            0            0            0 
         -10     -1.22878            0            0            0            0            0            0 
         -10     -1.22314            0            0            0            0            0            0 
         -10     -1.21684            0            0            0            0            0            0 
         -10     -1.20988            0            0            0            0            0            0 
         -10     -1.20225            0            0            0            0            0            0 
         -10     -1.19396            0            0            0            0            0            0 
         -10     -1.18501            0            0            0            0            0            0 
         -10     -1.17539            0            0            0            0            0            0 
         -10     -1.16511            0            0            0            0            0            0 
         -10     -1.15417            0            0            0            0            0            0 
         -10     -1.14256            0            0            0            0            0            0 
         -10     -1.13029            0            0            0            0            0            0 
         -10     -1.11736            0            0            0            0            0            0 
         -10     -1.10377            0            0            0            0            0            0 
         -10     -1.08951            0            0            0            0            0            0 
         -10     -1.07458            0            0            0            0            0            0 
         -10       -1.059            0            0            0            0            0            0 
         -10     -1.04275            0            0            0            0            0            0 
         -10     -1.02584            0            0            0            0            0            0 
         -10     -1.00827            0            0            0            0            0            0 
         -10    -0.990028            0            0            0            0            0            0 
         -10    -0.971127            0            0            0            0            0            0 
         -10    -0.951562            0            0            0            0            0            0 
         -10    -0.931335            0            0            0            0            0            0 
         -10    -0.910444            0            0            0            0            0            0 
         -10     -0.88889            0            0            0            0            0            0 
         -10    -0.866673            0            0            0            0            0            0 
         -10    -0.843793            0            0            0            0            0            0 
         -10    -0.820249            0            0            0            0            0            0 
         -10    -0.796043            0            0            0            0            0            0 
         -10    -0.771173            0            0            0            0            0            0 
         -10     -0.74564            0            0            0            0            0            0 
         -10    -0.719443            0            0            0            0            0            0 
         -10    -0.692584            0            0            0            0            0            0 
         -10    -0.665062            0            0            0            0            0            0 
         -10    -0.636876            0            0            0            0            0            0 
         -10    -0.608026            0            0            0            0            0            0 
         -10    -0.578514            0            0            0            0            0            0 
         -10    -0.548339            0            0            0            0            0            0 
         -10    -0.517501            0            0            0            0            0            0 
         -10    -0.485998            0            0            0            0            0            0 
         -10    -0.453833            0            0            0            0            0            0 
         -10    -0.421005            0            0            0            0            0            0 
         -10    -0.387514            0            0            0            0            0            0 
         -10    -0.353359            0            0            0            0            0            0 
         -10    -0.318541            0            0            0            0            0            0 
         -10    -0.283061            0            0            0            0            0            0 
         -10    -0.246917            0            0            0            0            0            0 
         -10    -0.210109            0            0            0            0            0            0 
         -10    -0.172638            0            0            0            0            0            0 
         -10    -0.134505            0            0            0            0            0            0 
         -10    -0.095708            0            0            0            0            0            0 
         -10    -0.056247            0            0            0            0            0            0 
         -10    -0.016124            0            0            0            0            0            0 
         -10     0.024662  2.48416e-08 -1.81678e-10  0.000681858  2.96105e-10 -1.81276e-15  4.72661e-15 
         -10     0.066112  7.75621e-08 -1.15225e-09  0.000681858  1.59496e-09  -8.3979e-13  1.99203e-13 
         -10     0.108226  1.36882e-07 -2.66165e-09  0.000681858  3.22231e-09 -5.31602e-12  1.17118e-12 
         -10     0.151002  1.96022e-07 -4.49403e-09  0.000681858  4.76498e-09 -1.57783e-11  3.64921e-12 
         -10     0.194441  2.51439e-07 -6.34135e-09  0.000681858  6.05789e-09 -3.28556e-11  8.29144e-12 
         -10     0.238543  3.01742e-07 -8.45608e-09  0.000681858  7.06824e-09 -5.55937e-11  1.56195e-11 
         -10     0.283309  3.46348e-07 -1.03554e-08  0.000681858  7.82593e-09 -8.18456e-11  2.59949e-11 
         -10     0.328738  3.84762e-07 -1.18896e-08  0.000681858  8.37473e-09 -1.08892e-10   3.9709e-11 
         -10      0.37483  4.17454e-07 -1.24251e-08  0.000681858  8.75879e-09 -1.34264e-10  5.69442e-11 
         -10     0.421585  4.43881e-07 -1.25572e-08  0.000681859  9.00965e-09  -1.5518e-10  7.78651e-11 
         -10     0.469004  4.63467e-07 -1.29538e-08   0.00068186  9.14584e-09 -1.69344e-10  1.02583e-10 
         -10     0.517086  4.76514e-07 -1.39172e-08  0.000681863  9.17497e-09 -1.75349e-10  1.31128e-10 
         -10     0.565831  4.84686e-07 -1.61289e-08  0.000681865  9.09738e-09 -1.72519e-10  1.63468e-10 
         -10     0.615239  4.90749e-07 -2.20014e-08  0.000681867  8.90946e-09 -1.59536e-10  1.99517e-10 
         -10      0.66531  4.96198e-07 -2.61445e-08  0.000681868  8.62388e-09 -1.40837e-10   2.3875e-10 
         -10     0.716045  5.00609e-07 -3.06664e-08  0.000681867  8.22665e-09 -1.15343e-10  2.80868e-10 
         -10     0.767442  5.02222e-07 -3.45537e-08  0.000681865  7.73665e-09 -8.68781e-11  3.25417e-10 
         -10     0.819503  4.99834e-07 -3.73165e-08  0.000681862  7.17596e-09 -5.86392e-11  3.71813e-10 
         -10     0.872228  4.92738e-07 -3.88689e-08  0.000681859  6.56816e-09 -3.31177e-11  4.19395e-10 
         -10     0.925615  4.80666e-07 -3.94068e-08  0.000681856  5.93668e-09 -1.20441e-11  4.67481e-10 
         -10     0.979665  4.63724e-07 -3.92881e-08  0.000681854  5.30313e-09  3.63877e-12  5.15422e-10 
         -10      1.03438  4.42314e-07 -3.89203e-08  0.000681852  4.68594e-09  1.37584e-11  5.62638e-10 
         -10      1.08976  4.17074e-07 -3.86626e-08  0.000681852  4.09937e-09  1.88482e-11  6.08645e-10 
         -10       1.1458  3.88799e-07 -3.87507e-08  0.000681852  3.55282e-09  2.00248e-11  6.53066e-10 
         -10       1.2025  3.58385e-07 -3.92525e-08  0.000681852  3.05074e-09  1.87945e-11  6.95613e-10 
         -10      1.25987  3.26775e-07 -4.00649e-08  0.000681853   2.5933e-09  1.67772e-11   7.3605e-10 
         -10       1.3179  2.94915e-07 -4.09633e-08  0.000681853  2.17785e-09  1.53349e-11  7.74108e-10 
         -10      1.37659  2.63746e-07 -4.17165e-08  0.000681853  1.80161e-09  1.50885e-11  8.09361e-10 
         -10      1.43594  2.34195e-07 -4.22803e-08  0.000681852  1.46536e-09  1.53076e-11  8.41062e-10 
         -10      1.49596  2.07226e-07  -4.3087e-08  0.000681851  1.17891e-09  1.31545e-11    8.679e-10 
         -10      1.55665  1.80606e-07 -4.32793e-08   0.00068185  9.28978e-10  1.37684e-11  8.92368e-10 
         -10      1.61799  1.55682e-07 -4.31593e-08  0.000681849  7.14743e-10  1.41235e-11  9.13299e-10 
         -10         1.68   1.3281e-07 -4.29678e-08  0.000681848  5.46351e-10  1.45369e-11  9.29642e-10 
         -10      1.74267  1.11822e-07 -4.26996e-08  0.000681847   4.1978e-10  1.49279e-11  9.41445e-10 
         -10      1.80601  9.25655e-08 -4.23508e-08  0.000681846  3.30794e-10  1.52315e-11  9.48807e-10 
         -10      1.87001  7.49025e-08 -4.19194e-08  0.000681845  2.74991e-10  1.53979e-11  9.51877e-10 
         -10      1.93467   5.8707e-08 -4.14046e-08  0.000681844  2.47872e-10  1.53913e-11  9.50844e-10 
         -10            2  4.38653e-08 -4.08071e-08  0.000681843  2.44915e-10  1.51894e-11  9.45939e-10 
    -8.33333        -1.25            0            0            0            0            0            0 
    -8.33333     -1.24967            0            0            0            0            0            0 
    -8.33333     -1.24867            0            0            0            0            0            0 
    -8.33333     -1.24702            0            0            0            0            0            0 
    -8.33333      -1.2447            0            0            0            0            0            0 
    -8.33333     -1.24171            0            0            0            0            0            0 
    -8.33333     -1.23806            0            0            0            0            0            0 
    -8.33333     -1.23375            0            0            0            0            0            0 
    -8.33333     -1.22878            0            0            0            0            0            0 
    -8.33333     -1.22314            0            0            0            0            0            0 
    -8.33333     -1.21684            0            0            0            0            0            0 
    -8.33333     -1.20988            0            0            0            0            0            0 
    -8.33333     -1.20225            0            0            0            0            0            0 
    -8.33333     -1.19396            0            0            0            0            0            0 
    -8.33333     -1.18501            0            0            0            0            0            0 
    -8.33333     -1.17539            0            0            0            0            0            0 
    -8.33333     -1.16511            0            0            0            0            0            0 
    -8.33333     -1.15417            0            0            0            0            0            0 
    -8.33333     -1.14256            0            0            0            0            0            0 
    -8.33333     -1.13029            0            0            0            0            0            0 
    -8.33333     -1.11736            0            0            0            0            0            0 
    -8.33333     -1.10377            0            0            0            0            0            0 
    -8.33333     -1.08951            0            0            0            0            0            0 
    -8.33333     -1.07458            0            0            0            0            0            0 
    -8.33333       -1.059            0            0            0            0            0            0 
    -8.33333     -1.04275            0            0            0            0            0            0 
    -8.33333     -1.02584            0            0            0            0            0            0 
    -8.33333     -1.00827            0            0            0            0            0            0 
    -8.33333    -0.990028            0            0            0            0            0            0 
    -8.33333    -0.971127            0            0            0            0            0            0 
    -8.33333    -0.951562            0            0            0            0            0            0 
    -8.33333    -0.931335            0            0            0            0            0            0 
    -8.33333    -0.910444            0            0            0            0            0            0 
    -8.33333     -0.88889            0            0            0            0            0            0 
    -8.33333    -0.866673            0            0            0            0            0            0 
    -8.33333    -0.843793            0            0            0            0            0            0 
    -8.33333    -0.820249            0            0            0            0            0            0 
    -8.33333    -0.796043            0            0            0            0            0            0 
    -8.33333    -0.771173            0            0            0            0            0            0 
    -8.33333     -0.74564            0            0            0            0            0            0 
    -8.33333    -0.719443            0            0            0            0            0            0 
    -8.33333    -0.692584            0            0            0            0            0            0 
    -8.33333    -0.665062            0            0            0            0            0            0 
    -8.33333    -0.636876            0            0            0            0            0            0 
    -8.33333    -0.608026            0            0            0            0            0            0 
    -8.33333    -0.578514            0            0            0            0            0            0 
    -8.33333    -0.548339            0            0            0            0            0            0 
    -8.33333    -0.517501            0            0            0            0            0            0 
    -8.33333    -0.485998            0            0            0            0            0            0 
    -8.33333    -0.453833            0            0            0            0            0            0 
    -8.33333    -0.421005            0            0            0            0            0            0 
    -8.33333    -0.387514            0            0            0            0            0            0 
    -8.33333    -0.353359            0            0            0            0            0            0 
    -8.33333    -0.318541            0            0            0            0            0            0 
    -8.33333    -0.283061            0            0            0            0            0            0 
    -8.33333    -0.246917            0            0            0            0            0            0 
    -8.33333    -0.210109            0            0            0            0            0            0 
    -8.33333    -0.172638            0            0            0            0            0            0 
    -8.33333    -0.134505            0            0            0            0            0            0 
    -8.33333    -0.095708            0            0            0            0            0            0 
    -8.33333    -0.056247            0            0            0            0            0            0 
    -8.33333    -0.016124            0            0            0            0            0            0 
    -8.33333     0.024662  4.88924e-08 -1.72184e-10  0.000680397  2.85688e-10  1.01716e-14  4.63758e-15 
    -8.33333     0.066112   1.2621e-07 -9.62146e-10  0.000680397  1.54164e-09 -6.42656e-13  1.95957e-13 
    -8.33333     0.108226  1.95508e-07 -2.09122e-09  0.000680397  3.12108e-09 -4.60974e-12  1.15416e-12 
    -8.33333     0.151002  2.55051e-07 -2.87453e-09  0.000680397   4.6258e-09 -1.42159e-11  3.60037e-12 
    -8.33333     0.194441  3.05397e-07 -3.86653e-09  0.000680397  5.89482e-09  -3.0189e-11  8.18937e-12 
    -8.33333     0.238543  3.48036e-07 -3.23141e-09  0.000680397   6.8923e-09 -5.18827e-11  1.54421e-11 
    -8.33333     0.283309  3.85771e-07 -4.95273e-09  0.000680397  7.64597e-09 -7.75245e-11  2.57265e-11 
    -8.33333     0.328738  4.19532e-07  -5.0747e-09  0.000680397  8.19335e-09 -1.03415e-10   3.9367e-11 
    -8.33333      0.37483  4.50846e-07 -6.51373e-09  0.000680397  8.57956e-09 -1.28035e-10  5.65188e-11 
    -8.33333     0.421585  4.80536e-07 -9.99041e-09  0.000680397  8.83508e-09 -1.48636e-10  7.73753e-11 
    -8.33333     0.469004  5.08307e-07 -1.39663e-08  0.000680396  8.97676e-09 -1.62643e-10  1.02053e-10 
    -8.33333     0.517086  5.32827e-07 -1.58822e-08  0.000680395  9.01195e-09  -1.6849e-10  1.30515e-10 
    -8.33333     0.565831  5.52254e-07 -1.40463e-08  0.000680393  8.94126e-09 -1.65559e-10  1.62641e-10 
    -8.33333     0.615239  5.65203e-07 -9.48499e-09  0.000680392  8.75782e-09 -1.52471e-10  1.98425e-10 
    -8.33333      0.66531  5.69379e-07 -1.02585e-09  0.000680391  8.47495e-09 -1.33552e-10  2.37504e-10 
    -8.33333     0.716045   5.6592e-07  5.25404e-09  0.000680392  8.08386e-09 -1.08086e-10  2.79406e-10 
    -8.33333     0.767442  5.56475e-07  8.97122e-09  0.000680393  7.60291e-09 -7.97614e-11   3.2375e-10 
    -8.33333     0.819503  5.42318e-07  1.01892e-08  0.000680394  7.05345e-09 -5.16908e-11  3.69989e-10 
    -8.33333     0.872228  5.24402e-07  9.30296e-09  0.000680396  6.45827e-09 -2.63242e-11  4.17476e-10 
    -8.33333     0.925615  5.03426e-07  6.92084e-09  0.000680397  5.83999e-09 -5.38524e-12  4.65525e-10 
    -8.33333     0.979665  4.79902e-07  3.74826e-09  0.000680397  5.21953e-09  1.01644e-11  5.13472e-10 
    -8.33333      1.03438  4.54213e-07  4.77839e-10  0.000680397  4.61481e-09  2.01172e-11  5.60724e-10 
    -8.33333      1.08976  4.26676e-07 -2.30712e-09  0.000680397  4.03976e-09  2.49645e-11  6.06784e-10 
    -8.33333       1.1458  3.97591e-07 -4.20962e-09  0.000680396  3.50369e-09  2.57829e-11  6.51272e-10 
    -8.33333       1.2025  3.67274e-07 -5.06762e-09  0.000680395  3.01119e-09  2.40492e-11  6.93908e-10 
    -8.33333      1.25987  3.36075e-07 -4.96566e-09  0.000680394  2.56271e-09  2.13714e-11  7.34469e-10 
    -8.33333       1.3179  3.04369e-07 -4.19897e-09  0.000680393   2.1559e-09  1.91225e-11  7.72706e-10 
    -8.33333      1.37659  2.72523e-07 -3.17884e-09  0.000680391   1.7881e-09  1.79605e-11  8.08205e-10 
    -8.33333      1.43594  2.40809e-07 -2.26577e-09  0.000680391  1.45979e-09  1.72183e-11  8.40204e-10 
    -8.33333      1.49596  2.09289e-07 -1.51695e-09   0.00068039  1.17963e-09  1.41436e-11  8.67335e-10 
    -8.33333      1.55665  1.79784e-07 -1.39358e-09  0.000680389  9.36601e-10  1.32583e-11  8.92094e-10 
    -8.33333      1.61799  1.52813e-07  -1.3535e-09  0.000680388  7.28717e-10  1.20211e-11  9.13393e-10 
    -8.33333         1.68  1.28008e-07 -1.25505e-09  0.000680387  5.66095e-10  1.08191e-11  9.30142e-10 
    -8.33333      1.74267  1.05219e-07 -1.10848e-09  0.000680386  4.44731e-10  9.58676e-12  9.42379e-10 
    -8.33333      1.80601   8.4304e-08 -9.22386e-10  0.000680385  3.60407e-10   8.2748e-12  9.50196e-10 
    -8.33333      1.87001  6.51328e-08 -7.03916e-10  0.000680384  3.08746e-10  6.84969e-12  9.53732e-10 
    -8.33333      1.93467  4.75833e-08 -4.58909e-10  0.000680382  2.85275e-10  5.29216e-12  9.53173e-10 
    -8.33333            2  3.15423e-08 -1.92089e-10  0.000680381  2.85501e-10  3.59586e-12  9.48742e-10 
    -6.66667        -1.25            0            0            0            0            0            0 
    -6.66667     -1.24967            0            0            0            0            0            0 
    -6.66667     -1.24867            0            0            0            0            0            0 
    -6.66667     -1.24702            0            0            0            0            0            0 
    -6.66667      -1.2447            0            0            0            0            0            0 
    -6.66667     -1.24171            0            0            0            0            0            0 
    -6.66667     -1.23806            0            0            0            0            0            0 
    -6.66667     -1.23375            0            0            0            0            0            0 
    -6.66667     -1.22878            0            0            0            0            0            0 
    -6.66667     -1.22314            0            0            0            0            0            0 
    -6.66667     -1.21684            0            0            0            0            0            0 
    -6.66667     -1.20988            0            0            0            0            0            0 
    -6.66667     -1.20225            0            0            0            0            0            0 
    -6.66667     -1.19396            0            0            0            0            0            0 
    -6.66667     -1.18501            0            0            0            0            0            0 
    -6.66667     -1.17539            0            0            0            0            0            0 
    -6.66667     -1.16511            0            0            0            0            0            0 
    -6.66667     -1.15417            0            0            0            0            0            0 
    -6.66667     -1.14256            0            0            0            0            0            0 
    -6.66667     -1.13029            0            0            0            0            0            0 
    -6.66667     -1.11736            0            0            0            0            0            0 
    -6.66667     -1.10377            0            0            0            0            0            0 
    -6.66667     -1.08951            0            0            0            0            0            0 
    -6.66667     -1.07458            0            0            0            0            0            0 
    -6.66667       -1.059            0            0            0            0            0            0 
    -6.66667     -1.04275            0            0            0            0            0            0 
    -6.66667     -1.02584            0            0            0            0            0            0 
    -6.66667     -1.00827            0            0            0            0            0            0 
    -6.66667    -0.990028            0            0            0            0            0            0 
    -6.66667    -0.971127            0            0            0            0            0            0 
    -6.66667    -0.951562            0            0            0            0            0            0 
    -6.66667    -0.931335            0            0            0            0            0            0 
    -6.66667    -0.910444            0            0            0            0            0            0 
    -6.66667     -0.88889            0            0            0            0            0            0 
    -6.66667    -0.866673            0            0            0            0            0            0 
    -6.66667    -0.843793            0            0            0            0            0            0 
    -6.66667    -0.820249            0            0            0            0            0            0 
    -6.66667    -0.796043            0            0            0            0            0            0 
    -6.66667    -0.771173            0            0            0            0            0            0 
    -6.66667     -0.74564            0            0            0            0            0            0 
    -6.66667    -0.719443            0            0            0            0            0            0 
    -6.66667    -0.692584            0            0            0            0            0            0 
    -6.66667    -0.665062            0            0            0            0            0            0 
    -6.66667    -0.636876            0            0            0            0            0            0 
    -6.66667    -0.608026            0            0            0            0            0            0 
    -6.66667    -0.578514            0            0            0            0            0            0 
    -6.66667    -0.548339            0            0            0            0            0            0 
    -6.66667    -0.517501            0            0            0            0            0            0 
    -6.66667    -0.485998            0            0            0            0            0            0 
    -6.66667    -0.453833            0            0            0            0            0            0 
    -6.66667    -0.421005            0            0            0            0            0            0 
    -6.66667    -0.387514            0            0            0            0            0            0 
    -6.66667    -0.353359            0            0            0            0            0            0 
    -6.66667    -0.318541            0            0            0            0            0            0 
    -6.66667    -0.283061            0            0            0            0            0            0 
    -6.66667    -0.246917            0            0            0            0            0            0 
    -6.66667    -0.210109            0            0            0            0            0            0 
    -6.66667    -0.172638            0            0            0            0            0            0 
    -6.66667    -0.134505            0            0            0            0            0            0 
    -6.66667    -0.095708            0            0            0            0            0            0 
    -6.66667    -0.056247            0            0            0            0            0            0 
    -6.66667    -0.016124            0            0            0            0            0            0 
    -6.66667     0.024662  5.87994e-08 -8.88578e-12  0.000678917  2.74495e-10  9.09932e-15   4.6254e-15 
    -6.66667     0.066112  1.38176e-07  1.43473e-10  0.000678917  1.48528e-09 -6.88496e-13    1.959e-13 
    -6.66667     0.108226  1.98677e-07  1.16495e-09  0.000678917  3.01565e-09 -4.82339e-12   1.1543e-12 
    -6.66667     0.151002  2.45033e-07  8.00213e-10  0.000678917  4.48296e-09 -1.45372e-11  3.61067e-12 
    -6.66667     0.194441  2.82286e-07    3.467e-09  0.000678917  5.73099e-09 -3.07814e-11  8.20575e-12 
    -6.66667     0.238543  3.14517e-07  2.53982e-09  0.000678917  6.72043e-09 -5.11945e-11  1.55084e-11 
    -6.66667     0.283309  3.43011e-07  6.35607e-09  0.000678916  7.46362e-09 -7.83277e-11  2.57783e-11 
    -6.66667     0.328738  3.67979e-07  8.93419e-09  0.000678916  8.01187e-09 -1.05736e-10  3.94419e-11 
    -6.66667      0.37483   3.9045e-07   1.1472e-08  0.000678917  8.40443e-09 -1.30776e-10  5.66557e-11 
    -6.66667     0.421585  4.13118e-07  1.05587e-08  0.000678918  8.66793e-09 -1.51623e-10  7.75183e-11 
    -6.66667     0.469004  4.35493e-07  1.70986e-08  0.000678919  8.81844e-09 -1.66003e-10  1.02519e-10 
    -6.66667     0.517086  4.57633e-07  2.40342e-08  0.000678919  8.86462e-09 -1.72989e-10  1.31241e-10 
    -6.66667     0.565831  4.78691e-07   2.6546e-08  0.000678919  8.80127e-09 -1.70253e-10  1.63639e-10 
    -6.66667     0.615239  4.96543e-07  2.70477e-08  0.000678919  8.62415e-09 -1.58782e-10  1.99596e-10 
    -6.66667      0.66531  5.09668e-07  2.71475e-08  0.000678919   8.3369e-09 -1.40239e-10   2.3886e-10 
    -6.66667     0.716045  5.17101e-07  2.77641e-08  0.000678918   7.9497e-09 -1.16753e-10  2.81061e-10 
    -6.66667     0.767442  5.18381e-07  2.92566e-08  0.000678918  7.47788e-09 -9.06948e-11  3.25725e-10 
    -6.66667     0.819503  5.13478e-07  3.15625e-08  0.000678918  6.94032e-09 -6.44511e-11  3.72309e-10 
    -6.66667     0.872228  5.02719e-07   3.4342e-08  0.000678917  6.35793e-09 -4.02104e-11  4.20213e-10 
    -6.66667     0.925615  4.86709e-07  3.71205e-08  0.000678917  5.75209e-09  -1.9768e-11  4.68807e-10 
    -6.66667     0.979665  4.66242e-07  3.94265e-08  0.000678917  5.14308e-09 -4.35972e-12  5.17461e-10 
    -6.66667      1.03438  4.42209e-07  4.09139e-08  0.000678916  4.54874e-09   5.4542e-12  5.65566e-10 
    -6.66667      1.08976  4.15517e-07  4.14629e-08  0.000678916  3.98343e-09  9.84476e-12  6.12559e-10 
    -6.66667       1.1458     3.87e-07   4.1249e-08  0.000678916  3.45711e-09  9.68948e-12  6.57943e-10 
    -6.66667       1.2025  3.57342e-07  4.07685e-08  0.000678915   2.9751e-09  6.44524e-12  7.01309e-10 
    -6.66667      1.25987  3.27018e-07  4.08093e-08  0.000678915  2.53821e-09  1.89658e-12  7.42344e-10 
    -6.66667       1.3179  2.96245e-07  4.23517e-08  0.000678914  2.14371e-09 -2.24673e-12  7.80846e-10 
    -6.66667      1.37659  2.64964e-07  4.63844e-08  0.000678913  1.78716e-09 -4.93098e-12   8.1671e-10 
    -6.66667      1.43594  2.32844e-07  5.36186e-08  0.000678913  1.46518e-09 -6.55241e-12  8.49934e-10 
    -6.66667      1.49596   2.0121e-07  6.04066e-08  0.000678912  1.17709e-09  -1.2362e-11  8.80018e-10 
    -6.66667      1.55665   1.7697e-07  3.81246e-08   0.00067891  9.53958e-10 -1.17797e-11  9.04494e-10 
    -6.66667      1.61799  1.48866e-07  4.02437e-08  0.000678912  7.58252e-10 -1.34681e-11  9.25427e-10 
    -6.66667         1.68  1.24617e-07  4.95952e-08   0.00067891  6.00093e-10 -1.66322e-11  9.43042e-10 
    -6.66667      1.74267  1.02437e-07  5.04577e-08  0.000678909  4.81021e-10 -1.99088e-11  9.56335e-10 
    -6.66667      1.80601  8.21453e-08  4.81704e-08  0.000678908  3.98073e-10 -2.29071e-11  9.65265e-10 
    -6.66667      1.87001  6.35662e-08  4.58026e-08  0.000678908  3.47726e-10 -2.55109e-11   9.6989e-10 
    -6.66667      1.93467  4.65386e-08  4.46851e-08  0.000678907  3.26004e-10 -2.77879e-11  9.70352e-10 
    -6.66667            2  3.09264e-08  4.49333e-08  0.000678907  3.28594e-10 -2.99033e-11  9.66855e-10 
          -5        -1.25            0            0            0            0            0            0 
          -5     -1.24967            0            0            0            0            0            0 
          -5     -1.24867            0            0            0            0            0            0 
          -5     -1.24702            0            0            0            0            0            0 
          -5      -1.2447            0            0            0            0            0            0 
          -5     -1.24171            0            0            0            0            0            0 
          -5     -1.23806            0            0            0            0            0            0 
          -5     -1.23375            0            0            0            0            0            0 
          -5     -1.22878            0            0            0            0            0            0 
          -5     -1.22314            0            0            0            0            0            0 
          -5     -1.21684            0            0            0            0            0            0 
          -5     -1.20988            0            0            0            0            0            0 
          -5     -1.20225            0            0            0            0            0            0 
          -5     -1.19396            0            0            0            0            0            0 
          -5     -1.18501            0            0            0            0            0            0 
          -5     -1.17539            0            0            0            0            0            0 
          -5     -1.16511            0            0            0            0            0            0 
          -5     -1.15417            0            0            0            0            0            0 
          -5     -1.14256            0            0            0            0            0            0 
          -5     -1.13029            0            0            0            0            0            0 
          -5     -1.11736            0            0            0            0            0            0 
          -5     -1.10377            0            0            0            0            0            0 
          -5     -1.08951            0            0            0            0            0            0 
          -5     -1.07458            0            0            0            0            0            0 
          -5       -1.059            0            0            0            0            0            0 
          -5     -1.04275            0            0            0            0            0            0 
          -5     -1.02584            0            0            0            0            0            0 
          -5     -1.00827            0            0            0            0            0            0 
          -5    -0.990028            0            0            0            0            0            0 
          -5    -0.971127            0            0            0            0            0            0 
          -5    -0.951562            0            0            0            0            0            0 
          -5    -0.931335            0            0            0            0            0            0 
          -5    -0.910444            0            0            0            0            0            0 
          -5     -0.88889            0            0            0            0            0            0 
          -5    -0.866673            0            0            0            0            0            0 
          -5    -0.843793            0            0            0            0            0            0 
          -5    -0.820249            0            0            0            0            0            0 
          -5    -0.796043            0            0            0            0            0            0 
          -5    -0.771173            0            0            0            0            0            0 
          -5     -0.74564            0            0            0            0            0            0 
          -5    -0.719443            0            0            0            0            0            0 
          -5    -0.692584            0            0            0            0            0            0 
          -5    -0.665062            0            0            0            0            0            0 
          -5    -0.636876            0            0            0            0            0            0 
          -5    -0.608026            0            0            0            0            0            0 
          -5    -0.578514            0            0            0            0            0            0 
          -5    -0.548339            0            0            0            0            0            0 
          -5    -0.517501            0            0            0            0            0            0 
          -5    -0.485998            0            0            0            0            0            0 
          -5    -0.453833            0            0            0            0            0            0 
          -5    -0.421005            0            0            0            0            0            0 
          -5    -0.387514            0            0            0            0            0            0 
          -5    -0.353359            0            0            0            0            0            0 
          -5    -0.318541            0            0            0            0            0            0 
          -5    -0.283061            0            0            0            0            0            0 
          -5    -0.246917            0            0            0            0            0            0 
          -5    -0.210109            0            0            0            0            0            0 
          -5    -0.172638            0            0            0            0            0            0 
          -5    -0.134505            0            0            0            0            0            0 
          -5    -0.095708            0            0            0            0            0            0 
          -5    -0.056247            0            0            0            0            0            0 
          -5    -0.016124            0            0            0            0            0            0 
          -5     0.024662  4.89545e-08  1.58287e-10  0.000677414  2.68411e-10 -2.78634e-14  4.76233e-15 
          -5     0.066112  1.05185e-07  1.04395e-09  0.000677414  1.45615e-09 -1.08608e-12   2.0141e-13 
          -5     0.108226  1.40848e-07  2.54875e-09  0.000677414   2.9633e-09 -6.13626e-12  1.18628e-12 
          -5     0.151002  1.64945e-07  5.98549e-09  0.000677414  4.41331e-09 -1.75909e-11  3.68468e-12 
          -5     0.194441  1.84454e-07  8.93464e-09  0.000677414  5.65012e-09 -3.63127e-11  8.36859e-12 
          -5     0.238543  2.03009e-07  1.39623e-08  0.000677414  6.63696e-09 -5.99902e-11  1.57969e-11 
          -5     0.283309  2.22367e-07  1.42595e-08  0.000677414  7.39212e-09  -8.9439e-11  2.66764e-11 
          -5     0.328738  2.40828e-07  1.89913e-08  0.000677415  7.96461e-09 -1.17159e-10  4.05656e-11 
          -5      0.37483  2.62869e-07  2.34657e-08  0.000677415  8.38578e-09 -1.45379e-10  5.82299e-11 
          -5     0.421585  2.87635e-07  2.78672e-08  0.000677416  8.67189e-09 -1.69973e-10  7.97545e-11 
          -5     0.469004  3.14055e-07  3.22038e-08  0.000677416  8.83293e-09 -1.88028e-10  1.05209e-10 
          -5     0.517086  3.40894e-07  3.63843e-08  0.000677416  8.87476e-09 -1.97808e-10  1.34612e-10 
          -5     0.565831  3.66812e-07  4.02917e-08  0.000677416  8.80113e-09 -1.98676e-10  1.67911e-10 
          -5     0.615239  3.90433e-07   4.3846e-08  0.000677415  8.61583e-09 -1.90997e-10   2.0495e-10 
          -5      0.66531  4.10426e-07  4.70507e-08  0.000677415  8.32448e-09 -1.75985e-10  2.45456e-10 
          -5     0.716045  4.25594e-07  5.00161e-08  0.000677415  7.93606e-09 -1.55534e-10  2.89033e-10 
          -5     0.767442   4.3497e-07  5.29492e-08  0.000677415  7.46393e-09 -1.31994e-10  3.35159e-10 
          -5     0.819503  4.37925e-07  5.61042e-08  0.000677415  6.92607e-09 -1.07911e-10  3.83214e-10 
          -5     0.872228  4.34284e-07  5.96782e-08  0.000677415  6.34453e-09 -8.57236e-11  4.32513e-10 
          -5     0.925615  4.24449e-07  6.36434e-08  0.000677415  5.74361e-09 -6.74159e-11   4.8237e-10 
          -5     0.979665  4.09528e-07  6.75011e-08  0.000677416   5.1465e-09 -5.41178e-11  5.32192e-10 
          -5      1.03438  3.91471e-07  6.99413e-08  0.000677416   4.5703e-09 -4.56652e-11  5.81604e-10 
          -5      1.08976  3.73214e-07  6.83914e-08  0.000677416  4.01882e-09 -4.01089e-11  6.30611e-10 
          -5       1.1458  3.48634e-07  7.01459e-08  0.000677416  3.48602e-09 -4.64221e-11  6.77714e-10 
          -5       1.2025  3.21729e-07  7.25513e-08  0.000677417  3.00431e-09 -5.22928e-11  7.23033e-10 
          -5      1.25987  2.94199e-07  7.43034e-08  0.000677417  2.56998e-09 -5.69184e-11  7.66272e-10 
          -5       1.3179  2.66548e-07  7.54753e-08  0.000677417  2.17822e-09 -6.06829e-11  8.06968e-10 
          -5      1.37659  2.39238e-07  7.62441e-08  0.000677417  1.82644e-09 -6.38765e-11  8.44733e-10 
          -5      1.43594   2.1267e-07  7.68242e-08  0.000677417  1.51361e-09 -6.67095e-11  8.79248e-10 
          -5      1.49596   1.8719e-07  7.74084e-08  0.000677417  1.23969e-09 -6.93247e-11  9.10243e-10 
          -5      1.55665  1.63069e-07  7.81189e-08  0.000677417  1.00503e-09 -7.18116e-11  9.37485e-10 
          -5      1.61799  1.40509e-07  7.89742e-08  0.000677417  8.09841e-10 -7.42173e-11  9.60771e-10 
          -5         1.68  1.19639e-07  7.98743e-08  0.000677417  6.53774e-10 -7.65582e-11  9.79925e-10 
          -5      1.74267  1.00517e-07  8.06122e-08  0.000677417  5.35551e-10 -7.88277e-11  9.94798e-10 
          -5      1.80601  8.31448e-08  8.09145e-08  0.000677417  4.52821e-10 -8.10007e-11  1.00528e-09 
          -5      1.87001   6.7476e-08  8.05211e-08  0.000677417  4.02168e-10 -8.30349e-11   1.0113e-09 
          -5      1.93467  5.34405e-08  7.93071e-08  0.000677417  3.79372e-10 -8.48656e-11  1.01289e-09 
          -5            2   4.0972e-08  7.74583e-08  0.000677417  3.79966e-10 -8.63944e-11  1.01018e-09 
    -3.33333        -1.25            0            0            0            0            0            0 
    -3.33333     -1.24967            0            0            0            0            0            0 
    -3.33333     -1.24867            0            0            0            0            0            0 
    -3.33333     -1.24702            0            0            0            0            0            0 
    -3.33333      -1.2447            0            0            0            0            0            0 
    -3.33333     -1.24171            0            0            0            0            0            0 
    -3.33333     -1.23806            0            0            0            0            0            0 
    -3.33333     -1.23375            0            0            0            0            0            0 
    -3.33333     -1.22878            0            0            0            0            0            0 
    -3.33333     -1.22314            0            0            0            0            0            0 
    -3.33333     -1.21684            0            0            0            0            0            0 
    -3.33333     -1.20988            0            0            0            0            0            0 
    -3.33333     -1.20225            0            0            0            0            0            0 
    -3.33333     -1.19396            0            0            0            0            0            0 
    -3.33333     -1.18501            0            0            0            0            0            0 
    -3.33333     -1.17539            0            0            0            0            0            0 
    -3.33333     -1.16511            0            0            0            0            0            0 
    -3.33333     -1.15417            0            0            0            0            0            0 
    -3.33333     -1.14256            0            0            0            0            0            0 
    -3.33333     -1.13029            0            0            0            0            0            0 
    -3.33333     -1.11736            0            0            0            0            0            0 
    -3.33333     -1.10377            0            0            0            0            0            0 
    -3.33333     -1.08951            0            0            0            0            0            0 
    -3.33333     -1.07458            0            0            0            0            0            0 
    -3.33333       -1.059            0            0            0            0            0            0 
    -3.33333     -1.04275            0            0            0            0            0            0 
    -3.33333     -1.02584            0            0            0            0            0            0 
    -3.33333     -1.00827            0            0            0            0            0            0 
    -3.33333    -0.990028            0            0            0            0            0            0 
    -3.33333    -0.971127            0            0            0            0            0            0 
    -3.33333    -0.951562            0            0            0            0            0            0 
    -3.33333    -0.931335            0            0            0            0            0            0 
    -3.33333    -0.910444            0            0            0            0            0            0 
    -3.33333     -0.88889            0            0            0            0            0            0 
    -3.33333    -0.866673            0            0            0            0            0            0 
    -3.33333    -0.843793            0            0            0            0            0            0 
    -3.33333    -0.820249            0            0            0            0            0            0 
    -3.33333    -0.796043            0            0            0            0            0            0 
    -3.33333    -0.771173            0            0            0            0            0            0 
    -3.33333     -0.74564            0            0            0            0            0            0 
    -3.33333    -0.719443            0            0            0            0            0            0 
    -3.33333    -0.692584            0            0            0            0            0            0 
    -3.33333    -0.665062            0            0            0            0            0            0 
    -3.33333    -0.636876            0            0            0            0            0            0 
    -3.33333    -0.608026            0            0            0            0            0            0 
    -3.33333    -0.578514            0            0            0            0            0            0 
    -3.33333    -0.548339            0            0            0            0            0            0 
    -3.33333    -0.517501            0            0            0            0            0            0 
    -3.33333    -0.485998            0            0            0            0            0            0 
    -3.33333    -0.453833            0            0            0            0            0            0 
    -3.33333    -0.421005            0            0            0            0            0            0 
    -3.33333    -0.387514            0            0            0            0            0            0 
    -3.33333    -0.353359            0            0            0            0            0            0 
    -3.33333    -0.318541            0            0            0            0            0            0 
    -3.33333    -0.283061            0            0            0            0            0            0 
    -3.33333    -0.246917            0            0            0            0            0            0 
    -3.33333    -0.210109            0            0            0            0            0            0 
    -3.33333    -0.172638            0            0            0            0            0            0 
    -3.33333    -0.134505            0            0            0            0            0            0 
    -3.33333    -0.095708            0            0            0            0            0            0 
    -3.33333    -0.056247            0            0            0            0            0            0 
    -3.33333    -0.016124            0            0            0            0            0            0 
    -3.33333     0.024662  2.25595e-08  2.62797e-10  0.000675892  2.76838e-10 -1.20486e-13   5.0503e-15 
    -3.33333     0.066112  3.89888e-08  1.68282e-09  0.000675892  1.50351e-09 -2.55561e-12  2.13299e-13 
    -3.33333     0.108226  4.29929e-08  4.09499e-09  0.000675892  3.06298e-09 -1.10527e-11  1.25445e-12 
    -3.33333     0.151002  4.43157e-08  7.50852e-09  0.000675892  4.56792e-09 -2.77704e-11  3.91653e-12 
    -3.33333     0.194441  4.83232e-08  1.11872e-08  0.000675892  5.85724e-09 -5.26903e-11  8.89543e-12 
    -3.33333     0.238543   5.7712e-08  1.45601e-08  0.000675892  6.89172e-09 -8.42522e-11   1.6815e-11 
    -3.33333     0.283309   7.1822e-08  1.74253e-08  0.000675893  7.68901e-09 -1.20054e-10  2.80235e-11 
    -3.33333     0.328738  9.11878e-08    2.136e-08  0.000675893   8.2851e-09 -1.57419e-10  4.29011e-11 
    -3.33333      0.37483  1.15186e-07  2.53358e-08  0.000675893  8.71643e-09 -1.93344e-10  6.16173e-11 
    -3.33333     0.421585  1.42583e-07  2.93531e-08  0.000675894  9.00698e-09 -2.25037e-10  8.43161e-11 
    -3.33333     0.469004   1.7206e-07  3.34117e-08  0.000675894  9.17039e-09 -2.50118e-10  1.11103e-10 
    -3.33333     0.517086  2.02273e-07  3.74144e-08  0.000675894  9.21325e-09 -2.66863e-10  1.42014e-10 
    -3.33333     0.565831  2.31924e-07  4.11076e-08  0.000675894  9.13848e-09 -2.74403e-10  1.76996e-10 
    -3.33333     0.615239  2.59743e-07  4.45324e-08  0.000675894  8.94861e-09 -2.72794e-10  2.15888e-10 
    -3.33333      0.66531  2.84914e-07  4.86945e-08  0.000675895  8.64776e-09   -2.634e-10  2.58495e-10 
    -3.33333     0.716045  3.06548e-07  5.23945e-08  0.000675895  8.24518e-09  -2.4787e-10  3.04259e-10 
    -3.33333     0.767442  3.23464e-07  5.56732e-08  0.000675896  7.75591e-09 -2.28717e-10  3.52654e-10 
    -3.33333     0.819503  3.34803e-07  5.88449e-08  0.000675896  7.20052e-09 -2.08725e-10  4.03092e-10 
    -3.33333     0.872228  3.40156e-07  6.20424e-08  0.000675897  6.60327e-09 -1.90409e-10  4.54952e-10 
    -3.33333     0.925615  3.39759e-07  6.45241e-08  0.000675897  5.98777e-09 -1.75267e-10  5.07638e-10 
    -3.33333     0.979665  3.34506e-07  6.79704e-08  0.000675898  5.37714e-09 -1.64221e-10  5.60365e-10 
    -3.33333      1.03438  3.25229e-07  7.04887e-08  0.000675899  4.78109e-09 -1.58799e-10  6.12805e-10 
    -3.33333      1.08976  3.11969e-07   7.2426e-08  0.000675899  4.21415e-09   -1.583e-10  6.64488e-10 
    -3.33333       1.1458   2.9509e-07  7.41137e-08    0.0006759  3.68486e-09 -1.61209e-10  7.14863e-10 
    -3.33333       1.2025  2.75271e-07  7.57463e-08  0.000675901  3.19705e-09 -1.65797e-10    7.634e-10 
    -3.33333      1.25987  2.53457e-07  7.73826e-08  0.000675902  2.75153e-09 -1.70489e-10  8.09657e-10 
    -3.33333       1.3179  2.30781e-07   7.8937e-08  0.000675904  2.34744e-09 -1.74163e-10  8.53315e-10 
    -3.33333      1.37659  2.08903e-07  7.96926e-08  0.000675904   1.9836e-09 -1.76188e-10  8.94042e-10 
    -3.33333      1.43594  1.88005e-07  8.06144e-08  0.000675905  1.65918e-09 -1.76761e-10   9.3159e-10 
    -3.33333      1.49596  1.68175e-07  8.19608e-08  0.000675906  1.37414e-09 -1.76463e-10  9.65657e-10 
    -3.33333      1.55665  1.49773e-07  8.32374e-08  0.000675907  1.12893e-09 -1.75741e-10  9.95687e-10 
    -3.33333      1.61799  1.32657e-07  8.45925e-08  0.000675907  9.23565e-10 -1.74295e-10  1.02102e-09 
    -3.33333         1.68  1.15605e-07  8.35468e-08  0.000675909  7.57508e-10 -1.72288e-10  1.04267e-09 
    -3.33333      1.74267  1.00069e-07  8.36708e-08  0.000675911  6.29027e-10 -1.70309e-10  1.05976e-09 
    -3.33333      1.80601  8.66005e-08  8.39839e-08  0.000675912  5.36078e-10 -1.68041e-10  1.07213e-09 
    -3.33333      1.87001  7.57971e-08  8.39294e-08  0.000675913   4.7572e-10 -1.65243e-10   1.0798e-09 
    -3.33333      1.93467  6.57586e-08  8.30338e-08  0.000675914   4.4439e-10 -1.61906e-10    1.083e-09 
    -3.33333            2  5.65071e-08  8.21153e-08  0.000675915  4.37831e-10 -1.58162e-10  1.08205e-09 
    -1.66667        -1.25            0            0            0            0            0            0 
    -1.66667     -1.24967            0            0            0            0            0            0 
    -1.66667     -1.24867            0            0            0            0            0            0 
    -1.66667     -1.24702            0            0            0            0            0            0 
    -1.66667      -1.2447            0            0            0            0            0            0 
    -1.66667     -1.24171            0            0            0            0            0            0 
    -1.66667     -1.23806            0            0            0            0            0            0 
    -1.66667     -1.23375            0            0            0            0            0            0 
    -1.66667     -1.22878            0            0            0            0            0            0 
    -1.66667     -1.22314            0            0            0            0            0            0 
    -1.66667     -1.21684            0            0            0            0            0            0 
    -1.66667     -1.20988            0            0            0            0            0            0 
    -1.66667     -1.20225            0            0            0            0            0            0 
    -1.66667     -1.19396            0            0            0            0            0            0 
    -1.66667     -1.18501            0            0            0            0            0            0 
    -1.66667     -1.17539            0            0            0            0            0            0 
    -1.66667     -1.16511            0            0            0            0            0            0 
    -1.66667     -1.15417            0            0            0            0            0            0 
    -1.66667     -1.14256            0            0            0            0            0            0 
    -1.66667     -1.13029            0            0            0            0            0            0 
    -1.66667     -1.11736            0            0            0            0            0            0 
    -1.66667     -1.10377            0            0            0            0            0            0 
    -1.66667     -1.08951            0            0            0            0            0            0 
    -1.66667     -1.07458            0            0            0            0            0            0 
    -1.66667       -1.059            0            0            0            0            0            0 
    -1.66667     -1.04275            0            0            0            0            0            0 
    -1.66667     -1.02584            0            0            0            0            0            0 
    -1.66667     -1.00827            0            0            0            0            0            0 
    -1.66667    -0.990028            0            0            0            0            0            0 
    -1.66667    -0.971127            0            0            0            0            0            0 
    -1.66667    -0.951562            0            0            0            0            0            0 
    -1.66667    -0.931335            0            0            0            0            0            0 
    -1.66667    -0.910444            0            0            0            0            0            0 
    -1.66667     -0.88889            0            0            0            0            0            0 
    -1.66667    -0.866673            0            0            0            0            0            0 
    -1.66667    -0.843793            0            0            0            0            0            0 
    -1.66667    -0.820249            0            0            0            0            0            0 
    -1.66667    -0.796043            0            0            0            0            0            0 
    -1.66667    -0.771173            0            0            0            0            0            0 
    -1.66667     -0.74564            0            0            0            0            0            0 
    -1.66667    -0.719443            0            0            0            0            0            0 
    -1.66667    -0.692584            0            0            0            0            0            0 
    -1.66667    -0.665062            0            0            0            0            0            0 
    -1.66667    -0.636876            0            0            0            0            0            0 
    -1.66667    -0.608026            0            0            0            0            0            0 
    -1.66667    -0.578514            0            0            0            0            0            0 
    -1.66667    -0.548339            0            0            0            0            0            0 
    -1.66667    -0.517501            0            0            0            0            0            0 
    -1.66667    -0.485998            0            0            0            0            0            0 
    -1.66667    -0.453833            0            0            0            0            0            0 
    -1.66667    -0.421005            0            0            0            0            0            0 
    -1.66667    -0.387514            0            0            0            0            0            0 
    -1.66667    -0.353359            0            0            0            0            0            0 
    -1.66667    -0.318541            0            0            0            0            0            0 
    -1.66667    -0.283061            0            0            0            0            0            0 
    -1.66667    -0.246917            0            0            0            0            0            0 
    -1.66667    -0.210109            0            0            0            0            0            0 
    -1.66667    -0.172638            0            0            0            0            0            0 
    -1.66667    -0.134505            0            0            0            0            0            0 
    -1.66667    -0.095708            0            0            0            0            0            0 
    -1.66667    -0.056247            0            0            0            0            0            0 
    -1.66667    -0.016124            0            0            0            0            0            0 
    -1.66667     0.024662 -1.12881e-08  2.57729e-10  0.000674338  3.22227e-10 -3.31522e-13  5.51584e-15 
    -1.66667     0.066112 -3.73338e-08  1.61805e-09  0.000674338  1.74397e-09 -5.73443e-12  2.32211e-13 
    -1.66667     0.108226 -6.01004e-08  3.74684e-09  0.000674338   3.5378e-09 -2.18256e-11   1.3617e-12 
    -1.66667     0.151002 -7.32096e-08  6.31401e-09  0.000674338  5.25176e-09 -5.03164e-11  4.22877e-12 
    -1.66667     0.194441  -7.4924e-08  8.98075e-09  0.000674339  6.70272e-09 -8.98803e-11  9.56946e-12 
    -1.66667     0.238543 -6.61801e-08  1.16551e-08  0.000674339  7.85102e-09 -1.37624e-10  1.79571e-11 
    -1.66667     0.283309 -4.90055e-08  1.41941e-08   0.00067434  8.72212e-09 -1.89966e-10   2.9774e-11 
    -1.66667     0.328738  -2.5783e-08  1.67483e-08   0.00067434  9.36203e-09 -2.43477e-10  4.53098e-11 
    -1.66667      0.37483  1.49018e-09  1.92272e-08  0.000674341  9.81419e-09 -2.94965e-10  6.47663e-11 
    -1.66667     0.421585  3.12513e-08  2.15504e-08  0.000674342  1.01098e-08 -3.41533e-10   8.8284e-11 
    -1.66667     0.469004  6.22944e-08  2.37508e-08  0.000674343  1.02677e-08 -3.80812e-10   1.1597e-10 
    -1.66667     0.517086  9.36263e-08  2.60099e-08  0.000674344  1.02963e-08  -4.1108e-10  1.47884e-10 
    -1.66667     0.565831  1.24195e-07  2.85448e-08  0.000674345  1.01984e-08 -4.31228e-10  1.83971e-10 
    -1.66667     0.615239  1.53652e-07  3.08445e-08  0.000674347  9.97677e-09 -4.41274e-10  2.24097e-10 
    -1.66667      0.66531  1.81296e-07  3.32421e-08  0.000674348  9.63695e-09 -4.42138e-10  2.67974e-10 
    -1.66667     0.716045  2.06033e-07  3.57345e-08   0.00067435  9.18871e-09 -4.35524e-10  3.15188e-10 
    -1.66667     0.767442  2.27165e-07  3.81752e-08  0.000674352  8.64952e-09 -4.23896e-10   3.6525e-10 
    -1.66667     0.819503  2.43911e-07  4.05623e-08  0.000674353  8.04198e-09 -4.09901e-10  4.17562e-10 
    -1.66667     0.872228  2.55686e-07  4.28757e-08  0.000674355  7.39106e-09  -3.9599e-10  4.71486e-10 
    -1.66667     0.925615  2.62277e-07  4.50395e-08  0.000674358  6.72149e-09 -3.84108e-10  5.26393e-10 
    -1.66667     0.979665  2.63871e-07  4.70501e-08   0.00067436  6.05511e-09 -3.75486e-10  5.81675e-10 
    -1.66667      1.03438  2.60899e-07  4.91167e-08  0.000674362  5.40882e-09 -3.70556e-10  6.36732e-10 
    -1.66667      1.08976  2.53914e-07   5.0709e-08  0.000674365  4.79464e-09 -3.68839e-10  6.91084e-10 
    -1.66667       1.1458  2.43294e-07  5.22526e-08  0.000674367   4.2198e-09 -3.69137e-10  7.44189e-10 
    -1.66667       1.2025  2.29712e-07  5.36886e-08   0.00067437  3.68738e-09 -3.69874e-10  7.95629e-10 
    -1.66667      1.25987  2.14094e-07  5.49895e-08  0.000674373  3.19784e-09 -3.69584e-10  8.44973e-10 
    -1.66667       1.3179  1.97429e-07  5.61147e-08  0.000674376  2.75045e-09   -3.672e-10  8.91799e-10 
    -1.66667      1.37659  1.80647e-07  5.69673e-08  0.000674379  2.34449e-09 -3.62234e-10  9.35702e-10 
    -1.66667      1.43594  1.64037e-07  5.77721e-08  0.000674382  1.97968e-09 -3.54814e-10  9.76361e-10 
    -1.66667      1.49596  1.48074e-07  5.86575e-08  0.000674386  1.65639e-09 -3.45493e-10  1.01346e-09 
    -1.66667      1.55665    1.333e-07  5.91769e-08  0.000674389  1.37525e-09  -3.3471e-10  1.04651e-09 
    -1.66667      1.61799  1.19953e-07  5.96262e-08  0.000674392  1.13639e-09  -3.2248e-10  1.07517e-09 
    -1.66667         1.68  1.07727e-07  6.01587e-08  0.000674396  9.39379e-10 -3.09403e-10  1.09948e-09 
    -1.66667      1.74267  9.68648e-08  6.03532e-08  0.000674399   7.8295e-10 -2.95646e-10   1.1191e-09 
    -1.66667      1.80601  8.73893e-08  6.03874e-08  0.000674403  6.64978e-10 -2.81317e-10  1.13396e-09 
    -1.66667      1.87001  7.94004e-08  6.01482e-08  0.000674406  5.82319e-10 -2.66521e-10   1.1442e-09 
    -1.66667      1.93467  7.24496e-08  6.02074e-08   0.00067441  5.31625e-10 -2.51527e-10  1.14981e-09 
    -1.66667            2  6.62058e-08  6.02601e-08  0.000674414  5.08621e-10 -2.36541e-10  1.15096e-09 
          -0        -1.25 -5.23922e-23  6.34941e-23  0.000671792  6.05345e-20 -2.08621e-19  1.30663e-19 
          -0     -1.24967 -4.97393e-23  5.86762e-23  0.000671792  3.43562e-20 -1.49017e-19  9.91782e-20 
          -0     -1.24867 -4.38388e-23  4.85448e-23  0.000671792 -3.07264e-20  1.54948e-21  2.09459e-20 
          -0     -1.24702 -3.95837e-23  4.31814e-23  0.000671792 -1.00454e-19  1.73474e-19 -6.65554e-20 
          -0      -1.2447 -4.13679e-23  5.10738e-23  0.000671792  -1.3704e-19  2.97294e-19 -1.34251e-19 
          -0     -1.24171 -4.96956e-23    7.185e-23  0.000671792 -1.18436e-19  3.46665e-19 -1.91637e-19 
          -0     -1.23806 -5.98782e-23  9.39977e-23  0.000671792   -5.047e-20  3.58239e-19 -2.98793e-19 
          -0     -1.23375 -6.42322e-23  1.00553e-22  0.000671792  3.50153e-20  4.11753e-19 -5.47499e-19 
          -0     -1.22878 -5.73731e-23  8.13323e-23  0.000671792  9.62759e-20  5.75474e-19  -1.0153e-18 
          -0     -1.22314 -4.16587e-23  4.43919e-23  0.000671793  1.02857e-19  8.49694e-19 -1.71698e-18 
          -0     -1.21684 -2.79437e-23  1.55539e-23  0.000671793  4.62045e-20  1.16007e-18 -2.59337e-18 
          -0     -1.20988 -2.71925e-23  1.73671e-23  0.000671793 -7.27771e-20  1.43948e-18 -3.56992e-18 
          -0     -1.20225 -3.39593e-23  3.49958e-23  0.000671793 -2.67431e-19  1.75705e-18 -4.66175e-18 
          -0     -1.19396 -1.70092e-23  1.59382e-23  0.000671793 -5.28478e-19     2.26e-18 -5.96678e-18 
          -0     -1.18501 -1.26839e-22  2.04051e-22  0.000671793 -5.78219e-19  2.37418e-18 -7.22077e-18 
          -0     -1.17539 -9.80695e-23  4.56918e-22  0.000671794 -7.94812e-19  2.94284e-18 -9.18939e-18 
          -0     -1.16511 -1.04711e-22  3.79893e-22  0.000671794 -8.66861e-19  3.22405e-18 -1.11273e-17 
          -0     -1.15417 -6.24732e-23  1.88316e-22  0.000671795 -8.86723e-19  3.59721e-18 -1.37841e-17 
          -0     -1.14256 -6.18352e-23  1.61531e-22  0.000671795 -8.77354e-19  3.99926e-18 -1.68639e-17 
          -0     -1.13029 -9.47847e-23  2.15625e-22  0.000671796 -8.19867e-19  4.36693e-18 -2.04071e-17 
          -0     -1.11736 -2.80234e-23 -3.76917e-23  0.000671797 -7.58202e-19  4.85297e-18 -2.49697e-17 
          -0     -1.10377 -1.00737e-22  8.50825e-22  0.000671798 -6.70357e-19  5.31222e-18 -2.99202e-17 
          -0     -1.08951 -1.40419e-22  9.55096e-22  0.000671799 -5.87604e-19   5.8431e-18 -3.59042e-17 
          -0     -1.07458 -1.27931e-22  8.03574e-22    0.0006718  -5.0621e-19  6.41238e-18 -4.27358e-17 
          -0       -1.059 -1.30364e-22  8.81287e-22  0.000671802 -4.27901e-19  7.01273e-18 -5.06468e-17 
          -0     -1.04275 -4.59682e-23  5.77309e-22  0.000671804 -3.63011e-19  7.67311e-18 -5.96336e-17 
          -0     -1.02584 -3.88632e-23  1.32633e-21  0.000671805 -3.02996e-19  8.35763e-18 -6.99033e-17 
          -0     -1.00827 -5.38595e-23  1.71255e-21  0.000671808 -2.54166e-19  9.09035e-18  -8.1508e-17 
          -0    -0.990028 -6.30852e-23  1.62624e-21   0.00067181 -2.15086e-19   9.8705e-18 -9.46307e-17 
          -0    -0.971127   -6.472e-23  1.37729e-21  0.000671813 -1.85157e-19  1.07026e-17 -1.09395e-16 
          -0    -0.951562  2.37424e-23 -3.64914e-22  0.000671816 -1.62789e-19   1.1588e-17 -1.25991e-16 
          -0    -0.931335 -8.50944e-23  1.74961e-21  0.000671819 -1.47361e-19  1.25361e-17 -1.44579e-16 
          -0    -0.910444 -7.66663e-23   1.5253e-21  0.000671823 -1.37838e-19  1.35547e-17 -1.65379e-16 
          -0     -0.88889 -6.69202e-23  1.51609e-21  0.000671827 -1.32978e-19  1.46518e-17 -1.88612e-16 
          -0    -0.866673 -6.77734e-23   1.9252e-21  0.000671831 -1.31972e-19  1.58393e-17 -2.14533e-16 
          -0    -0.843793 -5.96928e-23  2.44286e-21  0.000671836 -1.33889e-19  1.71296e-17 -2.43428e-16 
          -0    -0.820249 -7.20276e-23  3.48767e-21  0.000671841 -1.37998e-19  1.85376e-17 -2.75618e-16 
          -0    -0.796043 -1.39272e-23  2.71226e-21  0.000671847 -1.43855e-19  2.00823e-17 -3.11471e-16 
          -0    -0.771173 -6.89346e-23  3.14526e-21  0.000671854 -1.50882e-19  2.17837e-17 -3.51408e-16 
          -0     -0.74564 -5.58207e-23  1.40869e-21   0.00067186 -1.59135e-19  2.36713e-17 -3.95914e-16 
          -0    -0.719443 -6.05248e-23  1.77338e-21  0.000671868 -1.67851e-19  2.57703e-17 -4.45558e-16 
          -0    -0.692584 -1.99943e-23   -3.768e-23  0.000671876 -1.77493e-19  2.81226e-17 -5.00984e-16 
          -0    -0.665062 -2.01976e-24 -4.06022e-22  0.000671885 -1.88152e-19  3.07784e-17 -5.63002e-16 
          -0    -0.636876 -3.60431e-24 -7.48067e-22  0.000671895 -2.00188e-19  3.37961e-17 -6.32503e-16 
          -0    -0.608026  7.25475e-24  1.89765e-21  0.000671905 -2.14573e-19  3.72683e-17 -7.10653e-16 
          -0    -0.578514 -1.24448e-22  2.92202e-21  0.000671917  -2.3013e-19  4.12439e-17  -7.9884e-16 
          -0    -0.548339 -1.10079e-22  3.08301e-21  0.000671929 -2.50707e-19  4.59278e-17 -8.98584e-16 
          -0    -0.517501 -4.60659e-23   1.9402e-21  0.000671942 -2.75806e-19  5.14265e-17 -1.01234e-15 
          -0    -0.485998 -1.05596e-22  4.97219e-21  0.000671957 -3.08244e-19  5.80076e-17 -1.14257e-15 
          -0    -0.453833 -1.60496e-22  5.59916e-21  0.000671973 -3.59279e-19  6.57687e-17 -1.29169e-15 
          -0    -0.421005 -1.49914e-22  4.84488e-21   0.00067199 -3.97196e-19   7.6128e-17 -1.46635e-15 
          -0    -0.387514 -2.01843e-23  6.49743e-21  0.000672009 -2.92676e-19  9.04148e-17 -1.67151e-15 
          -0    -0.353359 -9.24146e-23  3.79038e-21  0.000672029 -5.10275e-19  1.04894e-16 -1.91712e-15 
          -0    -0.318541 -1.42511e-22  6.67294e-21  0.000672051 -1.42679e-18  1.21891e-16 -2.20822e-15 
          -0    -0.283061 -1.61792e-22  8.50073e-21  0.000672076  7.06041e-19  1.57561e-16 -2.58932e-15 
          -0    -0.246917 -1.29311e-22  6.04263e-21  0.000672103 -5.24948e-18  1.85207e-16 -3.03104e-15 
          -0    -0.210109 -1.21971e-22  5.33384e-21  0.000672133  3.72552e-17  2.78491e-16 -3.73945e-15 
          -0    -0.172638 -1.00897e-22  6.08432e-21  0.000672167  4.26848e-17  3.88802e-16 -4.42952e-15 
          -0    -0.134505  1.36869e-24  5.01382e-21  0.000672205  3.79777e-16  5.87192e-16 -5.07428e-15 
          -0    -0.095708 -7.42288e-23  3.81391e-21   0.00067225 -2.21212e-16   8.2299e-16 -5.76144e-15 
          -0    -0.056247  8.18614e-22  6.89721e-21  0.000672306  5.29933e-14  -6.7844e-15 -2.18659e-14 
          -0    -0.016124  8.67551e-22  5.14887e-21  0.000672384  3.76336e-14 -2.23877e-13  2.29242e-13 
          -0     0.024662 -4.41585e-08  2.05591e-09   0.00067248  7.06278e-10 -1.07268e-10  2.10711e-11 
          -0     0.066112 -1.04708e-07  2.94325e-09  0.000672515  2.94287e-09  -2.1678e-10  2.77915e-11 
          -0     0.108226 -1.44486e-07  4.78958e-09  0.000672542  5.43734e-09 -2.82601e-10  3.01835e-11 
          -0     0.151002 -1.61269e-07  7.23408e-09  0.000672566   7.5944e-09 -3.35081e-10  3.06128e-11 
          -0     0.194441 -1.58952e-07  9.58666e-09  0.000672587  9.28987e-09 -3.82662e-10  2.97775e-11 
          -0     0.238543 -1.42712e-07  1.16221e-08  0.000672606  1.05432e-08 -4.30326e-10  2.90418e-11 
          -0     0.283309 -1.17471e-07  1.33087e-08  0.000672624  1.14364e-08 -4.81273e-10  2.97125e-11 
          -0     0.328738 -8.70546e-08   1.4656e-08   0.00067264  1.20485e-08 -5.35669e-10   3.2818e-11 
          -0      0.37483 -5.42895e-08  1.57296e-08  0.000672656  1.24472e-08 -5.92382e-10  3.91874e-11 
          -0     0.421585 -2.10292e-08  1.65992e-08  0.000672671  1.26772e-08 -6.49121e-10  4.94464e-11 
          -0     0.469004   1.1621e-08  1.73356e-08  0.000672685  1.27625e-08 -7.03105e-10  6.40824e-11 
          -0     0.517086  4.30506e-08  1.79858e-08  0.000672698  1.27125e-08 -7.51503e-10  8.34673e-11 
          -0     0.565831  7.29686e-08  1.86317e-08  0.000672711  1.25288e-08 -7.91796e-10  1.07843e-10 
          -0     0.615239  1.01146e-07  1.92977e-08  0.000672724  1.22122e-08 -8.22202e-10  1.37314e-10 
          -0      0.66531  1.27393e-07  1.99229e-08  0.000672736  1.17666e-08 -8.41919e-10  1.71828e-10 
          -0     0.716045  1.51204e-07  2.09742e-08  0.000672747  1.12037e-08 -8.51368e-10  2.11161e-10 
          -0     0.767442  1.72504e-07  2.14895e-08  0.000672758  1.05413e-08 -8.51656e-10  2.54883e-10 
          -0     0.819503  1.90349e-07  2.22636e-08  0.000672769  9.80554e-09  -8.4526e-10   3.0251e-10 
          -0     0.872228  2.04381e-07  2.32934e-08  0.000672779  9.02324e-09 -8.34379e-10  3.53415e-10 
          -0     0.925615  2.14263e-07  2.40991e-08   0.00067279  8.22251e-09 -8.21208e-10  4.06853e-10 
          -0     0.979665  2.19728e-07  2.46027e-08    0.0006728  7.42828e-09 -8.07533e-10  4.62113e-10 
          -0      1.03438  2.20763e-07  2.52492e-08  0.000672809  6.65956e-09 -7.94393e-10  5.18567e-10 
          -0      1.08976  2.17744e-07   2.6208e-08  0.000672819  5.92866e-09 -7.81828e-10  5.75598e-10 
          -0       1.1458  2.11322e-07  2.61299e-08  0.000672828   5.2426e-09 -7.68903e-10  6.32436e-10 
          -0       1.2025  2.01596e-07  2.72224e-08  0.000672837  4.60452e-09 -7.54914e-10  6.88708e-10 
          -0      1.25987   1.8992e-07  2.73638e-08  0.000672846  4.01495e-09 -7.38452e-10  7.43671e-10 
          -0       1.3179  1.77017e-07  2.72843e-08  0.000672854  3.47257e-09 -7.18737e-10  7.96881e-10 
          -0      1.37659  1.63352e-07  2.72804e-08  0.000672863  2.97721e-09 -6.95448e-10  8.47876e-10 
          -0      1.43594  1.49648e-07  2.74517e-08  0.000672871  2.52915e-09 -6.68762e-10  8.96175e-10 
          -0      1.49596  1.36586e-07  2.77293e-08   0.00067288  2.12883e-09  -6.3909e-10  9.41276e-10 
          -0      1.55665  1.24543e-07  2.78329e-08  0.000672888  1.77725e-09 -6.06991e-10  9.82712e-10 
          -0      1.61799  1.13641e-07  2.75659e-08  0.000672896  1.47503e-09 -5.73023e-10   1.0201e-09 
          -0         1.68  1.03807e-07    2.717e-08  0.000672904  1.22189e-09 -5.37758e-10  1.05314e-09 
          -0      1.74267  9.48762e-08  2.75324e-08  0.000672912  1.01703e-09 -5.01958e-10  1.08164e-09 
          -0      1.80601  8.77284e-08  2.67962e-08  0.000672919  8.56699e-10 -4.65495e-10  1.10532e-09 
          -0      1.87001  8.14857e-08  2.66015e-08  0.000672927  7.38935e-10 -4.29353e-10  1.12418e-09 
          -0      1.93467  7.61132e-08  2.64916e-08  0.000672934  6.59526e-10 -3.93804e-10  1.13817e-09 
          -0            2  7.14129e-08  2.63116e-08  0.000672942  6.13588e-10 -3.59191e-10  1.14739e-09 
     1.66667        -1.25  5.19335e-21  4.03933e-23  0.000671228 -1.71068e-15   1.1934e-17 -6.23573e-19 
     1.66667     -1.24967   1.9344e-10 -4.64232e-14  0.000671228  1.75049e-14  6.22806e-18 -4.50965e-19 
     1.66667     -1.24867  7.43572e-10  1.44979e-13  0.000671228  2.85133e-13 -1.29486e-16  1.42576e-20 
     1.66667     -1.24702  1.56583e-09  1.57511e-12  0.000671228  1.41445e-12 -1.45833e-15  2.32115e-18 
     1.66667      -1.2447  2.54943e-09   5.9387e-12  0.000671228  4.37412e-12 -8.03315e-15  2.08361e-17 
     1.66667     -1.24171  3.58629e-09  1.56685e-11  0.000671228  1.04121e-11  -3.0056e-14  1.20771e-16 
     1.66667     -1.23806  4.59027e-09  3.40058e-11  0.000671228  2.09603e-11 -8.78217e-14  5.09036e-16 
     1.66667     -1.23375  5.49437e-09  6.50683e-11  0.000671228  3.75111e-11 -2.15919e-13  1.70771e-15 
     1.66667     -1.22878  6.22946e-09  1.13946e-10  0.000671228  6.15021e-11 -4.67273e-13  4.83967e-15 
     1.66667     -1.22314  6.69578e-09  1.86764e-10  0.000671228  9.41933e-11 -9.16425e-13  1.20485e-14 
     1.66667     -1.21684   6.7554e-09  2.90705e-10  0.000671228  1.36558e-10 -1.66156e-12  2.70621e-14 
     1.66667     -1.20988  6.26875e-09  4.33976e-10  0.000671228  1.89201e-10 -2.82502e-12  5.58997e-14 
     1.66667     -1.20225  5.16718e-09  6.25618e-10  0.000671228  2.52271e-10 -4.55122e-12  1.07674e-13 
     1.66667     -1.19396  3.46859e-09  8.75394e-10  0.000671229  3.25444e-10 -7.00309e-12  1.95476e-13 
     1.66667     -1.18501  1.03507e-09  1.19371e-09  0.000671229  4.07901e-10 -1.03559e-11  3.37269e-13 
     1.66667     -1.17539  -2.0596e-09  1.59104e-09  0.000671229  4.98364e-10 -1.47896e-11  5.56699e-13 
     1.66667     -1.16511 -5.85502e-09  2.07799e-09  0.000671229  5.95145e-10 -2.04796e-11  8.83813e-13 
     1.66667     -1.15417 -1.02784e-08  2.66454e-09  0.000671229  6.96191e-10 -2.75841e-11  1.35538e-12 
     1.66667     -1.14256 -1.52648e-08  3.36014e-09  0.000671229  7.99247e-10  -3.6238e-11  2.01528e-12 
     1.66667     -1.13029 -2.07207e-08  4.17298e-09  0.000671229  9.01898e-10 -4.65383e-11  2.91409e-12 
     1.66667     -1.11736 -2.65273e-08  5.10996e-09   0.00067123  1.00173e-09 -5.85392e-11  4.10879e-12 
     1.66667     -1.10377 -3.25627e-08  6.17613e-09   0.00067123   1.0964e-09 -7.22414e-11  5.66146e-12 
     1.66667     -1.08951 -3.86922e-08  7.37501e-09   0.00067123  1.18382e-09 -8.75955e-11  7.63877e-12 
     1.66667     -1.07458 -4.47809e-08  8.70799e-09  0.000671231  1.26216e-09 -1.04495e-10  1.01099e-11 
     1.66667       -1.059 -5.07005e-08  1.01746e-08  0.000671231  1.32998e-09 -1.22785e-10  1.31452e-11 
     1.66667     -1.04275 -5.63327e-08  1.17726e-08  0.000671232  1.38628e-09 -1.42266e-10  1.68148e-11 
     1.66667     -1.02584  -6.1576e-08  1.34983e-08  0.000671232   1.4305e-09 -1.62706e-10  2.11874e-11 
     1.66667     -1.00827 -6.63467e-08  1.53462e-08  0.000671233  1.46256e-09 -1.83848e-10  2.63277e-11 
     1.66667    -0.990028 -7.05845e-08  1.73104e-08  0.000671233  1.48278e-09 -2.05436e-10  3.22978e-11 
     1.66667    -0.971127 -7.42507e-08  1.93837e-08  0.000671234  1.49191e-09 -2.27213e-10  3.91549e-11 
     1.66667    -0.951562  -7.7329e-08  2.15592e-08  0.000671235    1.491e-09 -2.48949e-10  4.69524e-11 
     1.66667    -0.931335 -7.98233e-08  2.38293e-08  0.000671236  1.48138e-09 -2.70441e-10  5.57391e-11 
     1.66667    -0.910444 -8.17558e-08  2.61874e-08  0.000671237  1.46452e-09 -2.91536e-10  6.55628e-11 
     1.66667     -0.88889 -8.31626e-08  2.86271e-08  0.000671238  1.44199e-09 -3.12123e-10  7.64685e-11 
     1.66667    -0.866673 -8.40906e-08  3.11428e-08  0.000671239  1.41536e-09 -3.32147e-10  8.85019e-11 
     1.66667    -0.843793 -8.45933e-08  3.37297e-08  0.000671241  1.38608e-09 -3.51598e-10   1.0171e-10 
     1.66667    -0.820249 -8.47273e-08  3.63843e-08  0.000671242  1.35547e-09 -3.70515e-10  1.16145e-10 
     1.66667    -0.796043 -8.45488e-08  3.91031e-08  0.000671244  1.32466e-09 -3.88965e-10  1.31859e-10 
     1.66667    -0.771173 -8.41115e-08  4.18843e-08  0.000671245  1.29451e-09 -4.07046e-10  1.48912e-10 
     1.66667     -0.74564 -8.34639e-08  4.47261e-08  0.000671247   1.2656e-09 -4.24861e-10   1.6737e-10 
     1.66667    -0.719443 -8.26488e-08  4.76275e-08  0.000671249  1.23827e-09 -4.42513e-10  1.87301e-10 
     1.66667    -0.692584 -8.17025e-08  5.05872e-08  0.000671251  1.21258e-09 -4.60083e-10  2.08775e-10 
     1.66667    -0.665062 -8.06548e-08  5.36046e-08  0.000671253  1.18831e-09 -4.77627e-10  2.31867e-10 
     1.66667    -0.636876 -7.95295e-08  5.66786e-08  0.000671256  1.16506e-09 -4.95157e-10  2.56648e-10 
     1.66667    -0.608026 -7.83455e-08  5.98078e-08  0.000671258  1.14219e-09 -5.12637e-10  2.83185e-10 
     1.66667    -0.578514 -7.71183e-08  6.29897e-08  0.000671261  1.11892e-09  -5.2997e-10   3.1153e-10 
     1.66667    -0.548339 -7.58609e-08  6.62211e-08  0.000671264   1.0943e-09 -5.47005e-10  3.41724e-10 
     1.66667    -0.517501 -7.45864e-08  6.94973e-08  0.000671267   1.0673e-09  -5.6353e-10  3.73783e-10 
     1.66667    -0.485998 -7.33102e-08  7.28118e-08   0.00067127  1.03681e-09 -5.79286e-10  4.07692e-10 
     1.66667    -0.453833 -7.20537e-08   7.6155e-08  0.000671273  1.00174e-09 -5.93977e-10  4.43382e-10 
     1.66667    -0.421005  -7.0848e-08  7.95143e-08  0.000671277  9.61082e-10 -6.07303e-10  4.80731e-10 
     1.66667    -0.387514 -6.97402e-08  8.28727e-08  0.000671281  9.14211e-10 -6.19017e-10  5.19525e-10 
     1.66667    -0.353359 -6.88004e-08  8.62071e-08  0.000671285  8.61218e-10    -6.29e-10  5.59442e-10 
     1.66667    -0.318541 -6.81319e-08  8.94867e-08  0.000671289  8.03635e-10 -6.37393e-10  6.00001e-10 
     1.66667    -0.283061 -6.78807e-08  9.26707e-08  0.000671293  7.45591e-10 -6.44773e-10  6.40525e-10 
     1.66667    -0.246917 -6.82462e-08  9.57057e-08  0.000671297  6.95635e-10 -6.52385e-10  6.80081e-10 
     1.66667    -0.210109 -6.94851e-08  9.85225e-08  0.000671302   6.6946e-10 -6.62388e-10  7.17423e-10 
     1.66667    -0.172638 -7.19039e-08  1.01033e-07  0.000671307  6.93567e-10 -6.78064e-10  7.50941e-10 
     1.66667    -0.134505 -7.58245e-08   1.0313e-07  0.000671312    8.095e-10 -7.03834e-10   7.7865e-10 
     1.66667    -0.095708 -8.15096e-08  1.04685e-07  0.000671317  1.07743e-09 -7.44906e-10  7.98254e-10 
     1.66667    -0.056247 -8.90295e-08  1.05561e-07  0.000671322  1.57634e-09 -8.06317e-10  8.07317e-10 
     1.66667    -0.016124 -9.80719e-08   1.0562e-07  0.000671328  2.39637e-09 -8.91332e-10  8.03613e-10 
     1.66667     0.024662 -1.07727e-07  1.04755e-07  0.000671333  3.61895e-09 -9.99462e-10   7.8564e-10 
     1.66667     0.066112 -1.16331e-07  1.02914e-07  0.000671339  5.28309e-09 -1.12491e-09   7.5321e-10 
     1.66667     0.108226 -1.21506e-07   1.0014e-07  0.000671345  7.34576e-09 -1.25664e-09  7.07919e-10 
     1.66667     0.151002 -1.20544e-07  9.65745e-08  0.000671351  9.65705e-09 -1.38097e-09  6.53226e-10 
     1.66667     0.194441  -1.1114e-07  9.24492e-08  0.000671357  1.19759e-08 -1.48621e-09    5.939e-10 
     1.66667     0.238543  -9.2275e-08  8.80234e-08  0.000671363  1.40364e-08 -1.56715e-09  5.34973e-10 
     1.66667     0.283309 -6.47817e-08  8.35134e-08  0.000671369  1.56384e-08 -1.62661e-09   4.8057e-10 
     1.66667     0.328738 -3.11972e-08   7.9038e-08  0.000671375  1.67093e-08 -1.67297e-09  4.33219e-10 
     1.66667      0.37483    5.137e-09  7.46188e-08  0.000671382  1.72987e-08 -1.71532e-09  3.93895e-10 
     1.66667     0.421585     4.12e-08   7.0225e-08  0.000671388  1.75175e-08 -1.75933e-09  3.62659e-10 
     1.66667     0.469004  7.50313e-08   6.5845e-08  0.000671395  1.74713e-08 -1.80572e-09  3.39372e-10 
     1.66667     0.517086  1.05753e-07   6.1471e-08  0.000671401   1.7228e-08 -1.85137e-09  3.24083e-10 
     1.66667     0.565831  1.33258e-07  5.71555e-08  0.000671408  1.68194e-08 -1.89146e-09  3.17009e-10 
     1.66667     0.615239  1.57771e-07  5.29427e-08  0.000671414  1.62592e-08 -1.92136e-09  3.18379e-10 
     1.66667      0.66531  1.79575e-07  4.88194e-08  0.000671421  1.55585e-08 -1.93766e-09  3.28216e-10 
     1.66667     0.716045  1.98812e-07   4.4976e-08  0.000671427   1.4734e-08 -1.93895e-09  3.46354e-10 
     1.66667     0.767442  2.15567e-07  4.11935e-08  0.000671434  1.38094e-08 -1.92545e-09  3.72313e-10 
     1.66667     0.819503  2.29566e-07  3.76443e-08  0.000671441  1.28145e-08 -1.89913e-09  4.05436e-10 
     1.66667     0.872228  2.40549e-07  3.43559e-08  0.000671447  1.17814e-08 -1.86287e-09  4.44882e-10 
     1.66667     0.925615  2.48312e-07  3.10812e-08  0.000671454  1.07411e-08 -1.81975e-09  4.89692e-10 
     1.66667     0.979665  2.52455e-07  2.79452e-08  0.000671461  9.71988e-09 -1.77261e-09  5.38903e-10 
     1.66667      1.03438   2.5281e-07  2.50935e-08  0.000671468  8.73703e-09 -1.72327e-09    5.915e-10 
     1.66667      1.08976   2.4959e-07  2.21485e-08  0.000671475  7.80476e-09 -1.67261e-09  6.46612e-10 
     1.66667       1.1458  2.42971e-07  1.93822e-08  0.000671482  6.92939e-09 -1.62053e-09  7.03309e-10 
     1.66667       1.2025  2.33406e-07  1.66759e-08  0.000671489  6.11305e-09 -1.56644e-09  7.60825e-10 
     1.66667      1.25987  2.21562e-07  1.40834e-08  0.000671496  5.35463e-09 -1.50926e-09  8.18377e-10 
     1.66667       1.3179  2.08251e-07  1.15223e-08  0.000671503  4.65263e-09 -1.44809e-09  8.75213e-10 
     1.66667      1.37659  1.94202e-07  9.02611e-09   0.00067151  4.00761e-09 -1.38282e-09   9.3069e-10 
     1.66667      1.43594  1.79921e-07  6.66217e-09  0.000671517  3.42125e-09 -1.31372e-09  9.84087e-10 
     1.66667      1.49596  1.65909e-07  4.40188e-09  0.000671524  2.89466e-09 -1.24129e-09  1.03481e-09 
     1.66667      1.55665  1.52664e-07  2.30779e-09  0.000671531  2.42932e-09 -1.16638e-09  1.08224e-09 
     1.66667      1.61799  1.40466e-07  2.85682e-10  0.000671538  2.02545e-09 -1.08962e-09  1.12578e-09 
     1.66667         1.68  1.29358e-07 -1.64983e-09  0.000671545  1.68288e-09 -1.01191e-09    1.165e-09 
     1.66667      1.74267  1.19373e-07 -3.47829e-09  0.000671552  1.40061e-09 -9.34242e-10  1.19955e-09 
     1.66667      1.80601  1.10538e-07 -5.11993e-09  0.000671559  1.17621e-09 -8.57478e-10  1.22912e-09 
     1.66667      1.87001  1.02847e-07 -6.61048e-09  0.000671566  1.00557e-09 -7.82278e-10   1.2535e-09 
     1.66667      1.93467  9.61052e-08  -8.0547e-09  0.000671573  8.83352e-10 -7.09213e-10  1.27266e-09 
     1.66667            2  8.99828e-08 -9.25696e-09   0.00067158  8.04772e-10  -6.3922e-10  1.28651e-09 
     3.33333        -1.25  1.00781e-20  2.95305e-23  0.000670164 -2.56859e-15  5.72425e-18 -1.17096e-18 
     3.33333     -1.24967 -4.55431e-10  7.64579e-14  0.000670164  8.57406e-14 -1.00644e-18 -8.49499e-19 
     3.33333     -1.24867 -1.85725e-09  1.45941e-12  0.000670164  1.37449e-12 -3.13752e-16   1.4608e-20 
     3.33333     -1.24702 -4.28965e-09  7.57832e-12  0.000670164  6.85311e-12 -3.54373e-15  4.32392e-18 
     3.33333      -1.2447 -7.85823e-09  2.40485e-11  0.000670164  2.12409e-11 -1.96508e-14   3.9033e-17 
     3.33333     -1.24171 -1.26508e-08  5.85239e-11  0.000670164   5.0614e-11 -7.37718e-14  2.26505e-16 
     3.33333     -1.23806  -1.8714e-08  1.20514e-10  0.000670164  1.01938e-10 -2.16108e-13  9.54927e-16 
     3.33333     -1.23375 -2.60486e-08  2.21082e-10  0.000670164  1.82469e-10 -5.32648e-13  3.20351e-15 
     3.33333     -1.22878 -3.46409e-08  3.72566e-10  0.000670164  2.99192e-10 -1.15577e-12   9.0776e-15 
     3.33333     -1.22314 -4.44938e-08  5.88216e-10  0.000670164  4.58227e-10 -2.27321e-12  2.25943e-14 
     3.33333     -1.21684 -5.56367e-08  8.81777e-10  0.000670164  6.64295e-10 -4.13419e-12  5.07362e-14 
     3.33333     -1.20988 -6.80822e-08   1.2671e-09  0.000670164  9.20315e-10 -7.05196e-12  1.04769e-13 
     3.33333     -1.20225 -8.17336e-08   1.7575e-09  0.000670164  1.22697e-09 -1.13998e-11  2.01732e-13 
     3.33333     -1.19396 -9.63745e-08  2.36543e-09  0.000670164  1.58262e-09  -1.7603e-11  3.66084e-13 
     3.33333     -1.18501  -1.1197e-07    3.102e-09  0.000670164  1.98322e-09 -2.61249e-11  6.31331e-13 
     3.33333     -1.17539 -1.28218e-07   3.9765e-09  0.000670164  2.42246e-09 -3.74463e-11  1.04152e-12 
     3.33333     -1.16511 -1.44962e-07  4.99623e-09  0.000670164  2.89203e-09 -5.20427e-11  1.65253e-12 
     3.33333     -1.15417 -1.61908e-07  6.16576e-09  0.000670164  3.38184e-09  -7.0351e-11  2.53254e-12 
     3.33333     -1.14256 -1.78796e-07  7.48751e-09  0.000670164  3.88081e-09 -9.27501e-11  3.76275e-12 
     3.33333     -1.13029  -1.9535e-07  8.96095e-09  0.000670164  4.37711e-09 -1.19522e-10  5.43642e-12 
     3.33333     -1.11736 -2.11291e-07  1.05832e-08  0.000670164   4.8589e-09 -1.50835e-10  7.65819e-12 
     3.33333     -1.10377 -2.26373e-07  1.23488e-08  0.000670165  5.31478e-09 -1.86712e-10  1.05415e-11 
     3.33333     -1.08951  -2.4037e-07  1.42506e-08  0.000670165  5.73454e-09 -2.27037e-10  1.42077e-11 
     3.33333     -1.07458 -2.53097e-07  1.62795e-08  0.000670165  6.10938e-09 -2.71531e-10  1.87814e-11 
     3.33333       -1.059 -2.64413e-07  1.84252e-08  0.000670165  6.43242e-09 -3.19773e-10  2.43888e-11 
     3.33333     -1.04275 -2.74228e-07  2.06771e-08  0.000670165  6.69892e-09  -3.7121e-10  3.11542e-11 
     3.33333     -1.02584 -2.82501e-07  2.30242e-08  0.000670165  6.90643e-09 -4.25191e-10  3.91977e-11 
     3.33333     -1.00827  -2.8924e-07  2.54556e-08  0.000670165  7.05472e-09 -4.80987e-10  4.86311e-11 
     3.33333    -0.990028 -2.94498e-07  2.79617e-08  0.000670165  7.14573e-09 -5.37851e-10  5.95596e-11 
     3.33333    -0.971127 -2.98366e-07  3.05334e-08  0.000670165  7.18329e-09 -5.95044e-10  7.20778e-11 
     3.33333    -0.951562 -3.00963e-07  3.31632e-08  0.000670166  7.17279e-09 -6.51883e-10  8.62722e-11 
     3.33333    -0.931335 -3.02431e-07  3.58447e-08  0.000670166  7.12078e-09 -7.07773e-10  1.02219e-10 
     3.33333    -0.910444 -3.02919e-07   3.8573e-08  0.000670166  7.03454e-09 -7.62249e-10  1.19991e-10 
     3.33333     -0.88889  -3.0258e-07  4.13443e-08  0.000670166  6.92161e-09 -8.14979e-10  1.39653e-10 
     3.33333    -0.866673 -3.01561e-07  4.41561e-08  0.000670166   6.7894e-09 -8.65787e-10  1.61271e-10 
     3.33333    -0.843793 -2.99996e-07  4.70063e-08  0.000670167  6.64479e-09 -9.14639e-10  1.84909e-10 
     3.33333    -0.820249 -2.98001e-07  4.98938e-08  0.000670167  6.49381e-09 -9.61637e-10  2.10635e-10 
     3.33333    -0.796043 -2.95673e-07  5.28172e-08  0.000670167  6.34142e-09 -1.00698e-09  2.38519e-10 
     3.33333    -0.771173 -2.93088e-07  5.57757e-08  0.000670168  6.19135e-09 -1.05096e-09  2.68637e-10 
     3.33333     -0.74564   -2.903e-07  5.87678e-08  0.000670168  6.04607e-09 -1.09388e-09  3.01066e-10 
     3.33333    -0.719443 -2.87345e-07  6.17919e-08  0.000670168  5.90678e-09 -1.13606e-09  3.35888e-10 
     3.33333    -0.692584  -2.8424e-07  6.48456e-08  0.000670169  5.77356e-09 -1.17778e-09   3.7318e-10 
     3.33333    -0.665062 -2.80984e-07  6.79259e-08  0.000670169  5.64542e-09 -1.21924e-09  4.13017e-10 
     3.33333    -0.636876 -2.77564e-07  7.10291e-08  0.000670169  5.52053e-09 -1.26055e-09  4.55466e-10 
     3.33333    -0.608026  -2.7395e-07  7.41506e-08   0.00067017   5.3964e-09 -1.30171e-09  5.00575e-10 
     3.33333    -0.578514   -2.701e-07  7.72841e-08   0.00067017  5.27004e-09 -1.34257e-09   5.4837e-10 
     3.33333    -0.548339 -2.65956e-07  8.04228e-08  0.000670171  5.13811e-09 -1.38288e-09  5.98848e-10 
     3.33333    -0.517501 -2.61446e-07  8.35576e-08  0.000670171  4.99711e-09 -1.42227e-09  6.51968e-10 
     3.33333    -0.485998 -2.56481e-07  8.66781e-08  0.000670172  4.84343e-09 -1.46027e-09  7.07642e-10 
     3.33333    -0.453833 -2.50951e-07  8.97708e-08  0.000670173  4.67364e-09 -1.49633e-09  7.65711e-10 
     3.33333    -0.421005 -2.44731e-07  9.28195e-08  0.000670173  4.48457e-09 -1.52989e-09  8.25943e-10 
     3.33333    -0.387514 -2.37669e-07  9.58043e-08  0.000670174   4.2738e-09 -1.56045e-09  8.88002e-10 
     3.33333    -0.353359 -2.29596e-07  9.87008e-08  0.000670175  4.04017e-09 -1.58765e-09  9.51427e-10 
     3.33333    -0.318541 -2.20317e-07  1.01479e-07  0.000670175  3.78486e-09 -1.61145e-09  1.01559e-09 
     3.33333    -0.283061 -2.09619e-07  1.04102e-07  0.000670176   3.5129e-09 -1.63231e-09  1.07966e-09 
     3.33333    -0.246917 -1.97273e-07  1.06526e-07  0.000670177  3.23541e-09 -1.65144e-09  1.14257e-09 
     3.33333    -0.210109 -1.83043e-07  1.08696e-07  0.000670178  2.97273e-09 -1.67111e-09  1.20294e-09 
     3.33333    -0.172638 -1.66696e-07  1.10547e-07  0.000670179  2.75813e-09 -1.69492e-09  1.25908e-09 
     3.33333    -0.134505 -1.48027e-07  1.12003e-07   0.00067018  2.64179e-09 -1.72794e-09  1.30896e-09 
     3.33333    -0.095708 -1.26877e-07  1.12974e-07  0.000670181  2.69362e-09 -1.77667e-09  1.35026e-09 
     3.33333    -0.056247 -1.03168e-07  1.13359e-07  0.000670182  3.00294e-09 -1.84847e-09  1.38048e-09 
     3.33333    -0.016124 -7.69211e-08  1.13048e-07  0.000670183  3.67177e-09 -1.95055e-09  1.39718e-09 
     3.33333     0.024662 -4.82732e-08  1.11932e-07  0.000670184  4.79883e-09 -2.08824e-09  1.39837e-09 
     3.33333     0.066112 -1.74654e-08  1.09911e-07  0.000670186  6.45287e-09  -2.2631e-09  1.38288e-09 
     3.33333     0.108226   1.5187e-08  1.06912e-07  0.000670187   8.6387e-09  -2.4712e-09  1.35089e-09 
     3.33333     0.151002  4.93381e-08  1.02907e-07  0.000670189  1.12667e-08 -2.70249e-09  1.30427e-09 
     3.33333     0.194441  8.46447e-08  9.79302e-08   0.00067019  1.41429e-08 -2.94192e-09  1.24654e-09 
     3.33333     0.238543  1.20746e-07  9.20803e-08  0.000670192  1.69932e-08 -3.17241e-09  1.18262e-09 
     3.33333     0.283309  1.57188e-07  8.55175e-08  0.000670193  1.95256e-08 -3.37878e-09  1.11793e-09 
     3.33333     0.328738  1.93344e-07  7.84279e-08  0.000670195  2.15058e-08 -3.55096e-09  1.05754e-09 
     3.33333      0.37483  2.28333e-07  7.10168e-08  0.000670197  2.28171e-08 -3.68584e-09  1.00534e-09 
     3.33333     0.421585  2.61132e-07   6.3441e-08  0.000670199   2.3471e-08 -3.78603e-09  9.63609e-10 
     3.33333     0.469004  2.90766e-07  5.58141e-08  0.000670201  2.35672e-08 -3.85671e-09  9.33224e-10 
     3.33333     0.517086  3.16522e-07  4.82242e-08  0.000670204  2.32386e-08 -3.90289e-09  9.14176e-10 
     3.33333     0.565831  3.38073e-07  4.07242e-08  0.000670206  2.26036e-08 -3.92729e-09  9.06068e-10 
     3.33333     0.615239  3.55532e-07  3.33624e-08  0.000670208  2.17437e-08 -3.92981e-09  9.08449e-10 
     3.33333      0.66531  3.69237e-07  2.61492e-08  0.000670211  2.07122e-08 -3.90972e-09  9.20972e-10 
     3.33333     0.716045  3.79615e-07  1.91195e-08  0.000670214  1.95458e-08 -3.86651e-09  9.43136e-10 
     3.33333     0.767442   3.8708e-07  1.23458e-08  0.000670217  1.82766e-08 -3.80137e-09  9.74316e-10 
     3.33333     0.819503  3.91813e-07  5.84533e-09   0.00067022  1.69414e-08 -3.71745e-09  1.01363e-09 
     3.33333     0.872228  3.93859e-07 -4.15353e-10  0.000670223  1.55769e-08 -3.61906e-09  1.06001e-09 
     3.33333     0.925615  3.93153e-07 -6.43365e-09  0.000670226  1.42168e-08 -3.51058e-09  1.11225e-09 
     3.33333     0.979665  3.89547e-07 -1.21483e-08   0.00067023  1.28889e-08 -3.39578e-09  1.16908e-09 
     3.33333      1.03438  3.82885e-07 -1.76011e-08  0.000670233  1.16139e-08 -3.27737e-09  1.22927e-09 
     3.33333      1.08976  3.73037e-07 -2.27719e-08  0.000670237  1.04049e-08 -3.15655e-09   1.2916e-09 
     3.33333       1.1458  3.60316e-07 -2.77281e-08  0.000670241  9.26679e-09 -3.03345e-09  1.35513e-09 
     3.33333       1.2025  3.45156e-07 -3.27305e-08  0.000670245  8.20013e-09 -2.90709e-09  1.41881e-09 
     3.33333      1.25987  3.27201e-07 -3.69209e-08  0.000670249  7.20715e-09 -2.77689e-09  1.48171e-09 
     3.33333       1.3179  3.07979e-07 -4.11272e-08  0.000670253  6.28439e-09 -2.64159e-09  1.54292e-09 
     3.33333      1.37659   2.8796e-07 -4.52085e-08  0.000670258  5.43358e-09 -2.50123e-09  1.60162e-09 
     3.33333      1.43594  2.67613e-07 -4.90458e-08  0.000670262  4.65728e-09 -2.35645e-09  1.65705e-09 
     3.33333      1.49596  2.47414e-07 -5.25628e-08  0.000670267  3.95818e-09 -2.20827e-09  1.70848e-09 
     3.33333      1.55665  2.27822e-07 -5.57354e-08  0.000670272   3.3383e-09 -2.05788e-09   1.7552e-09 
     3.33333      1.61799  2.09222e-07 -5.85883e-08  0.000670277  2.79852e-09 -1.90655e-09  1.79654e-09 
     3.33333         1.68  1.91848e-07 -6.11737e-08  0.000670282  2.33853e-09 -1.75565e-09  1.83198e-09 
     3.33333      1.74267  1.75662e-07 -6.35314e-08  0.000670287  1.95709e-09 -1.60682e-09  1.86125e-09 
     3.33333      1.80601  1.60642e-07 -6.56039e-08  0.000670292  1.65148e-09 -1.46162e-09  1.88401e-09 
     3.33333      1.87001   1.4709e-07 -6.73954e-08  0.000670298  1.41537e-09 -1.32055e-09  1.89992e-09 
     3.33333      1.93467  1.34572e-07 -6.89598e-08  0.000670303   1.2432e-09 -1.18533e-09  1.90926e-09 
     3.33333            2  1.22987e-07 -7.02462e-08  0.000670308  1.12769e-09 -1.05703e-09  1.91197e-09 
           5        -1.25 -5.38977e-21  8.68711e-23  0.000669013 -2.79188e-15  1.34575e-17 -2.05953e-18 
           5     -1.24967 -1.48221e-09   8.7787e-14  0.000669013  2.20788e-13  8.21048e-19 -1.49451e-18 
           5     -1.24867 -5.94856e-09  1.48977e-12  0.000669013  3.52486e-12 -5.58175e-16   2.5416e-20 
           5     -1.24702 -1.34138e-08  7.55896e-12  0.000669013  1.75984e-11 -6.32728e-15  7.62753e-18 
           5      -1.2447 -2.38721e-08  2.36812e-11  0.000669013  5.45789e-11 -3.51358e-14  6.88882e-17 
           5     -1.24171 -3.72554e-08  5.69828e-11  0.000669013  1.30093e-10 -1.32107e-13  3.99745e-16 
           5     -1.23806 -5.34136e-08  1.15959e-10  0.000669013  2.62053e-10 -3.87672e-13   1.6851e-15 
           5     -1.23375 -7.21071e-08  2.09959e-10  0.000669013  4.69122e-10 -9.57394e-13  5.65224e-15 
           5     -1.22878 -9.30526e-08  3.48691e-10  0.000669013  7.69262e-10 -2.08194e-12  1.60136e-14 
           5     -1.22314 -1.15962e-07  5.41647e-10  0.000669013  1.17821e-09 -4.10458e-12  3.98499e-14 
           5     -1.21684 -1.40557e-07  7.97538e-10  0.000669013  1.70811e-09 -7.48385e-12  8.94628e-14 
           5     -1.20988 -1.66539e-07  1.12379e-09  0.000669013  2.36646e-09    -1.28e-11  1.84687e-13 
           5     -1.20225 -1.93493e-07  1.52592e-09  0.000669013  3.15497e-09 -2.07495e-11  3.55504e-13 
           5     -1.19396 -2.20891e-07  2.00724e-09  0.000669013  4.06935e-09 -3.21323e-11  6.44906e-13 
           5     -1.18501  -2.4842e-07  2.56857e-09  0.000669014  5.09911e-09 -4.78264e-11  1.11173e-12 
           5     -1.17539 -2.75522e-07  3.20803e-09  0.000669014  6.22784e-09 -6.87515e-11  1.83325e-12 
           5     -1.16511 -3.01829e-07  3.92116e-09  0.000669014    7.434e-09 -9.58253e-11  2.90729e-12 
           5     -1.15417 -3.26883e-07  4.70075e-09  0.000669014  8.69141e-09   -1.299e-10  4.45309e-12 
           5     -1.14256 -3.50312e-07  5.53763e-09  0.000669014  9.97133e-09 -1.71723e-10  6.61234e-12 
           5     -1.13029 -3.71786e-07  6.42065e-09  0.000669014   1.1243e-08 -2.21862e-10  9.54739e-12 
           5     -1.11736 -3.91032e-07  7.33753e-09  0.000669014  1.24758e-08 -2.80664e-10    1.344e-11 
           5     -1.10377  -4.0786e-07   8.2751e-09  0.000669014  1.36402e-08 -3.48196e-10  1.84865e-11 
           5     -1.08951 -4.22156e-07  9.22051e-09  0.000669014  1.47097e-08 -4.24247e-10   2.4896e-11 
           5     -1.07458 -4.33883e-07  1.01613e-08  0.000669014  1.56617e-08 -5.08284e-10   3.2883e-11 
           5       -1.059 -4.43087e-07  1.10861e-08  0.000669013  1.64785e-08 -5.99483e-10   4.2663e-11 
           5     -1.04275 -4.49878e-07  1.19855e-08  0.000669013  1.71481e-08 -6.96752e-10  5.44474e-11 
           5     -1.02584  -4.5443e-07  1.28516e-08  0.000669013  1.76645e-08  -7.9879e-10  6.84392e-11 
           5     -1.00827 -4.56959e-07   1.3679e-08  0.000669013  1.80274e-08 -9.04132e-10   8.4826e-11 
           5    -0.990028 -4.57715e-07  1.44641e-08  0.000669013  1.82424e-08 -1.01127e-09  1.03783e-10 
           5    -0.971127  -4.5696e-07  1.52055e-08  0.000669013  1.83195e-08 -1.11869e-09  1.25466e-10 
           5    -0.951562 -4.54958e-07  1.59035e-08  0.000669013  1.82733e-08 -1.22502e-09  1.50016e-10 
           5    -0.931335 -4.51958e-07  1.65593e-08  0.000669013  1.81208e-08 -1.32902e-09  1.77557e-10 
           5    -0.910444 -4.48186e-07  1.71757e-08  0.000669013  1.78809e-08 -1.42973e-09  2.08203e-10 
           5     -0.88889 -4.43837e-07  1.77554e-08  0.000669013  1.75732e-08 -1.52649e-09  2.42059e-10 
           5    -0.866673 -4.39071e-07  1.83015e-08  0.000669013  1.72167e-08  -1.6189e-09  2.79225e-10 
           5    -0.843793  -4.3401e-07  1.88167e-08  0.000669013  1.68286e-08  -1.7069e-09  3.19801e-10 
           5    -0.820249 -4.28742e-07  1.93031e-08  0.000669013  1.64242e-08  -1.7907e-09  3.63891e-10 
           5    -0.796043 -4.23322e-07  1.97621e-08  0.000669013  1.60157e-08 -1.87069e-09  4.11599e-10 
           5    -0.771173 -4.17781e-07  2.01947e-08  0.000669013  1.56122e-08 -1.94748e-09  4.63039e-10 
           5     -0.74564 -4.12124e-07  2.06006e-08  0.000669012  1.52194e-08  -2.0217e-09  5.18322e-10 
           5    -0.719443 -4.06341e-07  2.09793e-08  0.000669012  1.48401e-08 -2.09401e-09  5.77566e-10 
           5    -0.692584 -4.00407e-07  2.13295e-08  0.000669012  1.44743e-08 -2.16501e-09  6.40873e-10 
           5    -0.665062 -3.94281e-07  2.16496e-08  0.000669012  1.41194e-08 -2.23513e-09  7.08342e-10 
           5    -0.636876 -3.87913e-07  2.19374e-08  0.000669012   1.3771e-08 -2.30467e-09  7.80052e-10 
           5    -0.608026 -3.81235e-07  2.21906e-08  0.000669011  1.34234e-08 -2.37369e-09   8.5605e-10 
           5    -0.578514 -3.74165e-07  2.24063e-08  0.000669011    1.307e-08 -2.44202e-09  9.36341e-10 
           5    -0.548339 -3.66598e-07  2.25815e-08  0.000669011  1.27035e-08 -2.50928e-09  1.02089e-09 
           5    -0.517501 -3.58407e-07  2.27122e-08  0.000669011  1.23166e-08  -2.5749e-09  1.10959e-09 
           5    -0.485998 -3.49434e-07  2.27938e-08   0.00066901   1.1902e-08 -2.63815e-09  1.20227e-09 
           5    -0.453833 -3.39491e-07  2.28207e-08   0.00066901   1.1453e-08 -2.69818e-09  1.29867e-09 
           5    -0.421005 -3.28353e-07  2.27859e-08   0.00066901  1.09634e-08 -2.75411e-09  1.39841e-09 
           5    -0.387514 -3.15753e-07  2.26808e-08   0.00066901  1.04281e-08 -2.80515e-09  1.50097e-09 
           5    -0.353359 -3.01385e-07   2.2495e-08  0.000669009  9.84412e-09 -2.85071e-09  1.60569e-09 
           5    -0.318541 -2.84898e-07  2.22159e-08  0.000669009  9.21145e-09 -2.89063e-09   1.7117e-09 
           5    -0.283061 -2.65894e-07  2.18282e-08  0.000669009  8.53521e-09  -2.9254e-09  1.81788e-09 
           5    -0.246917 -2.43935e-07  2.13138e-08  0.000669008  7.82827e-09 -2.95654e-09  1.92284e-09 
           5    -0.210109 -2.18541e-07   2.0651e-08  0.000669008    7.115e-09 -2.98694e-09  2.02483e-09 
           5    -0.172638 -1.89215e-07  1.98142e-08  0.000669008  6.43584e-09  -3.0213e-09  2.12178e-09 
           5    -0.134505 -1.55459e-07   1.8773e-08  0.000669007  5.85195e-09 -3.06643e-09  2.21119e-09 
           5    -0.095708 -1.16819e-07  1.74911e-08  0.000669007  5.44892e-09 -3.13138e-09  2.29026e-09 
           5    -0.056247 -7.29467e-08  1.59255e-08  0.000669007  5.33746e-09 -3.22706e-09  2.35596e-09 
           5    -0.016124 -2.36888e-08   1.4026e-08  0.000669007  5.64789e-09 -3.36532e-09  2.40522e-09 
           5     0.024662  3.08198e-08  1.17341e-08  0.000669007  6.51543e-09 -3.55723e-09  2.43531e-09 
           5     0.066112  9.00478e-08  8.98441e-09  0.000669006  8.05435e-09 -3.81067e-09  2.44427e-09 
           5     0.108226  1.52985e-07  5.70771e-09  0.000669006  1.03223e-08 -4.12755e-09  2.43137e-09 
           5     0.151002  2.18117e-07  1.83556e-09  0.000669006  1.32821e-08 -4.50148e-09  2.39765e-09 
           5     0.194441    2.835e-07 -2.68671e-09  0.000669007  1.67752e-08 -4.91677e-09  2.34612e-09 
           5     0.238543  3.46928e-07 -7.89945e-09  0.000669007  2.05228e-08 -5.34945e-09  2.28176e-09 
           5     0.283309  4.06206e-07 -1.37873e-08  0.000669007  2.41657e-08 -5.77102e-09  2.21106e-09 
           5     0.328738  4.59405e-07 -2.03088e-08  0.000669008  2.73379e-08 -6.15315e-09  2.14089e-09 
           5      0.37483  5.05205e-07  -2.7402e-08  0.000669009   2.9746e-08 -6.47267e-09  2.07794e-09 
           5     0.421585  5.42888e-07 -3.49268e-08  0.000669009  3.12471e-08 -6.71708e-09  2.02745e-09 
           5     0.469004  5.72447e-07  -4.2737e-08   0.00066901  3.18485e-08 -6.88334e-09   1.9924e-09 
           5     0.517086  5.94345e-07 -5.06913e-08  0.000669011   3.1667e-08 -6.97579e-09  1.97418e-09 
           5     0.565831  6.09348e-07 -5.86715e-08  0.000669013  3.08772e-08 -7.00343e-09   1.9728e-09 
           5     0.615239   6.1832e-07 -6.65609e-08  0.000669014  2.96599e-08  -6.9765e-09  1.98715e-09 
           5      0.66531  6.22154e-07 -7.43102e-08  0.000669016  2.81548e-08 -6.90295e-09  2.01569e-09 
           5     0.716045  6.21512e-07 -8.17986e-08  0.000669018  2.64659e-08 -6.79016e-09  2.05717e-09 
           5     0.767442   6.1715e-07  -8.9067e-08   0.00066902  2.46621e-08 -6.64355e-09  2.11003e-09 
           5     0.819503   6.0955e-07 -9.60547e-08  0.000669022  2.28003e-08 -6.46955e-09  2.17263e-09 
           5     0.872228  5.98985e-07 -1.02659e-07  0.000669024  2.09281e-08 -6.27496e-09  2.24326e-09 
           5     0.925615  5.85645e-07 -1.08849e-07  0.000669026  1.90832e-08 -6.06591e-09  2.32021e-09 
           5     0.979665  5.69663e-07 -1.14701e-07  0.000669029  1.72945e-08 -5.84725e-09  2.40164e-09 
           5      1.03438  5.51014e-07 -1.20237e-07  0.000669032  1.55836e-08 -5.62237e-09  2.48575e-09 
           5      1.08976  5.29688e-07 -1.25361e-07  0.000669035   1.3962e-08 -5.39283e-09  2.57105e-09 
           5       1.1458  5.05794e-07 -1.30034e-07  0.000669038  1.24363e-08 -5.15853e-09   2.6557e-09 
           5       1.2025  4.79577e-07 -1.34449e-07  0.000669041  1.10071e-08 -4.91896e-09   2.7387e-09 
           5      1.25987  4.51254e-07 -1.38417e-07  0.000669044  9.67539e-09 -4.67307e-09  2.81847e-09 
           5       1.3179  4.21442e-07 -1.41955e-07  0.000669048  8.43999e-09 -4.41997e-09  2.89393e-09 
           5      1.37659  3.90855e-07 -1.45123e-07  0.000669051   7.3017e-09 -4.15982e-09  2.96392e-09 
           5      1.43594  3.59872e-07 -1.47878e-07  0.000669055  6.26699e-09 -3.89436e-09  3.02744e-09 
           5      1.49596  3.29165e-07  -1.5027e-07  0.000669059  5.33819e-09 -3.62516e-09  3.08348e-09 
           5      1.55665  2.99228e-07 -1.52296e-07  0.000669063  4.51777e-09 -3.35426e-09  3.13114e-09 
           5      1.61799  2.70407e-07 -1.53909e-07  0.000669067  3.80713e-09 -3.08399e-09  3.16967e-09 
           5         1.68  2.42924e-07 -1.55058e-07  0.000669071   3.2057e-09 -2.81672e-09  3.19854e-09 
           5      1.74267  2.16916e-07 -1.55761e-07  0.000669075  2.71065e-09 -2.55478e-09  3.21733e-09 
           5      1.80601   1.9248e-07 -1.56213e-07  0.000669079  2.31726e-09 -2.30045e-09  3.22575e-09 
           5      1.87001   1.6971e-07 -1.56114e-07  0.000669083  2.01844e-09 -2.05641e-09    3.224e-09 
           5      1.93467  1.48508e-07 -1.55686e-07  0.000669088  1.80452e-09 -1.82361e-09  3.21198e-09 
           5            2  1.28785e-07  -1.5496e-07  0.000669092  1.66511e-09 -1.60394e-09  3.19006e-09 
     6.66667        -1.25  3.13598e-21  1.22029e-23  0.000667894 -3.18921e-15   3.5184e-17 -3.67643e-18 
     6.66667     -1.24967  -2.0678e-09  4.47377e-15  0.000667894  4.48557e-13  1.12074e-17 -2.66795e-18 
     6.66667     -1.24867 -8.26378e-09  1.02869e-13  0.000667894  7.15501e-12  -9.1104e-16  3.67118e-20 
     6.66667     -1.24702 -1.85099e-08  4.95412e-13  0.000667894  3.57412e-11 -1.03662e-14  1.34016e-17 
     6.66667      -1.2447 -3.26523e-08  1.33841e-12  0.000667894  1.10873e-10 -5.76027e-14  1.20848e-16 
     6.66667     -1.24171 -5.04234e-08  2.49456e-12  0.000667894  2.64308e-10 -2.16816e-13  7.01026e-16 
     6.66667     -1.23806 -7.14318e-08  3.21461e-12  0.000667894  5.32451e-10  -6.3712e-13   2.9546e-15 
     6.66667     -1.23375 -9.51615e-08  1.77748e-12  0.000667894  9.53233e-10 -1.57589e-12  9.90835e-15 
     6.66667     -1.22878 -1.21035e-07  -4.8735e-12  0.000667894  1.56316e-09 -3.43285e-12  2.80648e-14 
     6.66667     -1.22314 -1.48467e-07 -2.14672e-11  0.000667894  2.39421e-09 -6.78059e-12  6.98196e-14 
     6.66667     -1.21684  -1.7689e-07 -5.46766e-11  0.000667894  3.47102e-09 -1.23876e-11  1.56694e-13 
     6.66667     -1.20988 -2.05742e-07 -1.13303e-10  0.000667894  4.80877e-09 -2.12313e-11  3.23365e-13 
     6.66667     -1.20225 -2.34376e-07 -2.08305e-10  0.000667894  6.41082e-09 -3.44908e-11  6.22199e-13 
     6.66667     -1.19396 -2.62081e-07  -3.5271e-10  0.000667894  8.26826e-09 -5.35281e-11  1.12822e-12 
     6.66667     -1.18501 -2.88424e-07 -5.61357e-10  0.000667894  1.03595e-08 -7.98463e-11  1.94399e-12 
     6.66667     -1.17539 -3.12783e-07 -8.50496e-10  0.000667894  1.26508e-08 -1.15028e-10  3.20402e-12 
     6.66667     -1.16511 -3.34805e-07 -1.23727e-09  0.000667894  1.50979e-08 -1.60664e-10   5.0784e-12 
     6.66667     -1.15417 -3.54105e-07 -1.73894e-09  0.000667894  1.76473e-08 -2.18238e-10  7.77406e-12 
     6.66667     -1.14256 -3.70453e-07 -2.37239e-09  0.000667893  2.02398e-08  -2.8906e-10  1.15365e-11 
     6.66667     -1.13029 -3.83716e-07 -3.15318e-09  0.000667893  2.28125e-08 -3.74133e-10  1.66465e-11 
     6.66667     -1.11736 -3.93859e-07 -4.09503e-09  0.000667893  2.53028e-08 -4.74079e-10  2.34175e-11 
     6.66667     -1.10377 -4.00967e-07  -5.2089e-09  0.000667893    2.765e-08 -5.89029e-10  3.21875e-11 
     6.66667     -1.08951 -4.05208e-07 -6.50305e-09  0.000667893  2.98005e-08 -7.18621e-10  4.33153e-11 
     6.66667     -1.07458 -4.06833e-07 -7.98225e-09  0.000667893  3.17081e-08 -8.61921e-10  5.71676e-11 
     6.66667       -1.059  -4.0615e-07 -9.64795e-09  0.000667893  3.33372e-08 -1.01747e-09   7.4112e-11 
     6.66667     -1.04275 -4.03508e-07 -1.14984e-08  0.000667893  3.46637e-08 -1.18333e-09  9.45072e-11 
     6.66667     -1.02584 -3.99271e-07 -1.35292e-08  0.000667893  3.56761e-08 -1.35717e-09  1.18696e-10 
     6.66667     -1.00827 -3.93799e-07 -1.57331e-08  0.000667893  3.63747e-08 -1.53636e-09  1.46995e-10 
     6.66667    -0.990028 -3.87426e-07 -1.81015e-08  0.000667893  3.67714e-08 -1.71821e-09  1.79695e-10 
     6.66667    -0.971127 -3.80449e-07 -2.06248e-08  0.000667893  3.68879e-08 -1.89998e-09  2.17057e-10 
     6.66667    -0.951562 -3.73116e-07 -2.32931e-08  0.000667893  3.67541e-08 -2.07918e-09  2.59313e-10 
     6.66667    -0.931335 -3.65618e-07 -2.60964e-08  0.000667893  3.64055e-08 -2.25358e-09  3.06664e-10 
     6.66667    -0.910444 -3.58093e-07 -2.90261e-08  0.000667892   3.5881e-08 -2.42147e-09  3.59299e-10 
     6.66667     -0.88889 -3.50628e-07 -3.20745e-08  0.000667892  3.52204e-08 -2.58161e-09  4.17385e-10 
     6.66667    -0.866673 -3.43266e-07 -3.52355e-08  0.000667892   3.4462e-08 -2.73333e-09  4.81083e-10 
     6.66667    -0.843793 -3.36016e-07 -3.85043e-08  0.000667892  3.36408e-08 -2.87649e-09  5.50554e-10 
     6.66667    -0.820249 -3.28865e-07 -4.18775e-08  0.000667892  3.27869e-08 -3.01149e-09  6.25961e-10 
     6.66667    -0.796043 -3.21784e-07 -4.53523e-08  0.000667892  3.19243e-08 -3.13907e-09  7.07467e-10 
     6.66667    -0.771173 -3.14739e-07 -4.89269e-08  0.000667891  3.10706e-08 -3.26031e-09  7.95249e-10 
     6.66667     -0.74564 -3.07695e-07 -5.25996e-08  0.000667891  3.02368e-08 -3.37639e-09  8.89477e-10 
     6.66667    -0.719443 -3.00618e-07 -5.63686e-08  0.000667891  2.94277e-08 -3.48852e-09  9.90323e-10 
     6.66667    -0.692584 -2.93474e-07 -6.02311e-08   0.00066789  2.86429e-08 -3.59779e-09  1.09794e-09 
     6.66667    -0.665062 -2.86225e-07 -6.41841e-08   0.00066789  2.78771e-08 -3.70505e-09  1.21245e-09 
     6.66667    -0.636876 -2.78827e-07  -6.8224e-08   0.00066789  2.71217e-08 -3.81087e-09  1.33396e-09 
     6.66667    -0.608026  -2.7122e-07  -7.2346e-08   0.00066789   2.6366e-08 -3.91542e-09  1.46251e-09 
     6.66667    -0.578514 -2.63324e-07 -7.65441e-08  0.000667889  2.55975e-08 -4.01853e-09  1.59807e-09 
     6.66667    -0.548339 -2.55033e-07 -8.08123e-08  0.000667889  2.48034e-08 -4.11965e-09  1.74054e-09 
     6.66667    -0.517501 -2.46209e-07 -8.51437e-08  0.000667888  2.39711e-08 -4.21792e-09   1.8897e-09 
     6.66667    -0.485998 -2.36679e-07 -8.95311e-08  0.000667888  2.30883e-08 -4.31225e-09  2.04525e-09 
     6.66667    -0.453833 -2.26235e-07 -9.39664e-08  0.000667887  2.21441e-08 -4.40136e-09   2.2067e-09 
     6.66667    -0.421005 -2.14626e-07 -9.84411e-08  0.000667887  2.11287e-08 -4.48398e-09  2.37344e-09 
     6.66667    -0.387514 -2.01564e-07 -1.02946e-07  0.000667887  2.00346e-08 -4.55896e-09  2.54465e-09 
     6.66667    -0.353359 -1.86716e-07 -1.07472e-07  0.000667886   1.8857e-08 -4.62546e-09  2.71928e-09 
     6.66667    -0.318541 -1.69709e-07 -1.12007e-07  0.000667886  1.75959e-08 -4.68329e-09  2.89601e-09 
     6.66667    -0.283061 -1.50128e-07 -1.16538e-07  0.000667885  1.62578e-08 -4.73321e-09  3.07319e-09 
     6.66667    -0.246917 -1.27513e-07 -1.21052e-07  0.000667885    1.486e-08 -4.77745e-09  3.24883e-09 
     6.66667    -0.210109 -1.01364e-07  -1.2553e-07  0.000667884  1.34345e-08 -4.82017e-09  3.42048e-09 
     6.66667    -0.172638 -7.11456e-08 -1.29954e-07  0.000667884  1.20342e-08 -4.86812e-09  3.58527e-09 
     6.66667    -0.134505 -3.63054e-08 -1.34301e-07  0.000667883  1.07386e-08 -4.93109e-09  3.73984e-09 
     6.66667    -0.095708  3.70729e-09 -1.38548e-07  0.000667883  9.65857e-09  -5.0222e-09  3.88046e-09 
     6.66667    -0.056247  4.93897e-08  -1.4267e-07  0.000667882  8.93823e-09 -5.15765e-09  4.00308e-09 
     6.66667    -0.016124  1.01115e-07 -1.46643e-07  0.000667882  8.74969e-09 -5.35574e-09  4.10364e-09 
     6.66667     0.024662  1.59039e-07 -1.50451e-07  0.000667882  9.27777e-09 -5.63485e-09   4.1784e-09 
     6.66667     0.066112  2.22978e-07 -1.54084e-07  0.000667881  1.06922e-08 -6.01042e-09  4.22448e-09 
     6.66667     0.108226  2.92269e-07 -1.57547e-07  0.000667881  1.31069e-08 -6.49099e-09  4.24039e-09 
     6.66667     0.151002  3.65656e-07 -1.60865e-07  0.000667881  1.65336e-08 -7.07435e-09  4.22674e-09 
     6.66667     0.194441  4.41242e-07 -1.64079e-07  0.000667881  2.08409e-08 -7.74432e-09  4.18644e-09 
     6.66667     0.238543  5.16557e-07 -1.67255e-07  0.000667881  2.57369e-08  -8.4705e-09  4.12531e-09 
     6.66667     0.283309  5.88679e-07 -1.70468e-07  0.000667882  3.07941e-08  -9.2099e-09  4.05094e-09 
     6.66667     0.328738   6.5471e-07 -1.73805e-07  0.000667882  3.55235e-08 -9.91516e-09  3.97288e-09 
     6.66667      0.37483   7.1195e-07 -1.77313e-07  0.000667883  3.94422e-08 -1.05367e-08  3.90079e-09 
     6.66667     0.421585  7.58566e-07 -1.81037e-07  0.000667883  4.22157e-08  -1.1038e-08  3.84315e-09 
     6.66667     0.469004  7.93695e-07 -1.84984e-07  0.000667884  4.37078e-08 -1.13979e-08  3.80613e-09 
     6.66667     0.517086  8.17402e-07 -1.89124e-07  0.000667885  4.39644e-08 -1.16112e-08  3.79336e-09 
     6.66667     0.565831  8.30485e-07 -1.93393e-07  0.000667886  4.31633e-08 -1.16863e-08  3.80601e-09 
     6.66667     0.615239  8.34272e-07 -1.97701e-07  0.000667888  4.15603e-08 -1.16419e-08  3.84309e-09 
     6.66667      0.66531  8.30323e-07 -2.01955e-07  0.000667889  3.94257e-08 -1.15015e-08  3.90203e-09 
     6.66667     0.716045  8.20049e-07 -2.06093e-07  0.000667891   3.6973e-08 -1.12866e-08  3.97974e-09 
     6.66667     0.767442  8.04465e-07  -2.1005e-07  0.000667892  3.43381e-08 -1.10125e-08  4.07336e-09 
     6.66667     0.819503  7.84496e-07 -2.13729e-07  0.000667894  3.16464e-08 -1.06964e-08  4.17962e-09 
     6.66667     0.872228   7.6083e-07 -2.17144e-07  0.000667896  2.89691e-08 -1.03501e-08  4.29559e-09 
     6.66667     0.925615  7.33959e-07 -2.20247e-07  0.000667898  2.63579e-08 -9.98288e-09  4.41842e-09 
     6.66667     0.979665  7.04202e-07 -2.22979e-07    0.0006679  2.38467e-08 -9.60133e-09  4.54535e-09 
     6.66667      1.03438  6.71771e-07 -2.25299e-07  0.000667902  2.14557e-08 -9.20928e-09  4.67373e-09 
     6.66667      1.08976  6.36845e-07 -2.27202e-07  0.000667904  1.91963e-08 -8.80848e-09  4.80107e-09 
     6.66667       1.1458  5.99614e-07  -2.2872e-07  0.000667906  1.70739e-08 -8.39908e-09  4.92504e-09 
     6.66667       1.2025  5.60326e-07 -2.29895e-07  0.000667909  1.50915e-08 -7.98031e-09   5.0435e-09 
     6.66667      1.25987  5.19313e-07 -2.30721e-07  0.000667911  1.32511e-08 -7.55144e-09  5.15444e-09 
     6.66667       1.3179  4.77059e-07 -2.31079e-07  0.000667913  1.15521e-08 -7.11239e-09  5.25642e-09 
     6.66667      1.37659  4.34024e-07 -2.30852e-07  0.000667916  9.99195e-09 -6.66301e-09  5.34801e-09 
     6.66667      1.43594  3.91046e-07 -2.30456e-07  0.000667918  8.58558e-09 -6.20732e-09   5.4259e-09 
     6.66667      1.49596  3.48457e-07 -2.29721e-07  0.000667921  7.33459e-09 -5.74767e-09  5.49108e-09 
     6.66667      1.55665  3.06789e-07 -2.28425e-07  0.000667923  6.23979e-09 -5.28724e-09   5.5411e-09 
     6.66667      1.61799  2.66535e-07 -2.26703e-07  0.000667926   5.3036e-09 -4.83079e-09  5.57491e-09 
     6.66667         1.68  2.28053e-07 -2.24632e-07  0.000667928  4.52421e-09 -4.38224e-09    5.592e-09 
     6.66667      1.74267  1.91579e-07 -2.22232e-07   0.00066793   3.8958e-09 -3.94507e-09  5.59221e-09 
     6.66667      1.80601  1.57255e-07 -2.19491e-07  0.000667933  3.40923e-09 -3.52253e-09  5.57557e-09 
     6.66667      1.87001  1.25151e-07 -2.16394e-07  0.000667935  3.05267e-09 -3.11787e-09  5.54227e-09 
     6.66667      1.93467  9.52899e-08  -2.1294e-07  0.000667937  2.81213e-09 -2.73419e-09  5.49263e-09 
     6.66667            2   6.7662e-08 -2.09157e-07  0.000667939  2.67204e-09  -2.3743e-09  5.42718e-09 
     8.33333        -1.25 -1.96511e-20 -3.27887e-22   0.00066682 -4.25052e-15   6.9372e-17 -6.50359e-18 
     8.33333     -1.24967 -1.42431e-09 -1.40695e-13   0.00066682  8.13786e-13   2.7848e-17 -4.71907e-18 
     8.33333     -1.24867 -5.67173e-09 -2.24122e-12   0.00066682  1.29816e-11 -1.44383e-15  4.95684e-20 
     8.33333     -1.24702 -1.26251e-08 -1.13273e-11   0.00066682  6.48607e-11 -1.64662e-14  2.32803e-17 
     8.33333      -1.2447 -2.20671e-08  -3.5746e-11   0.00066682  2.01217e-10 -9.15416e-14   2.0954e-16 
     8.33333     -1.24171 -3.36516e-08 -8.71118e-11   0.00066682  4.79675e-10 -3.44829e-13  1.21512e-15 
     8.33333     -1.23806 -4.69015e-08 -1.80237e-10   0.00066682   9.6627e-10 -1.01428e-12  5.12058e-15 
     8.33333     -1.23375 -6.12255e-08 -3.32896e-10   0.00066682  1.72977e-09 -2.51158e-12  1.71693e-14 
     8.33333     -1.22878 -7.59888e-08 -5.65625e-10   0.00066682  2.83629e-09  -5.4779e-12  4.86221e-14 
     8.33333     -1.22314 -9.05788e-08 -9.01346e-10   0.00066682  4.34366e-09 -1.08345e-11  1.20936e-13 
     8.33333     -1.21684 -1.04449e-07 -1.36489e-09   0.00066682  6.29634e-09 -1.98219e-11  2.71348e-13 
     8.33333     -1.20988 -1.17104e-07 -1.98247e-09   0.00066682  8.72143e-09 -3.40233e-11  5.59824e-13 
     8.33333     -1.20225  -1.2803e-07 -2.78075e-09   0.00066682  1.16245e-08  -5.5356e-11  1.07687e-12 
     8.33333     -1.19396 -1.36706e-07 -3.78616e-09   0.00066682  1.49888e-08 -8.60425e-11  1.95206e-12 
     8.33333     -1.18501 -1.42954e-07 -5.02401e-09   0.00066682  1.87743e-08 -1.28545e-10  3.36239e-12 
     8.33333     -1.17539  -1.4646e-07 -6.51753e-09   0.00066682  2.29191e-08 -1.85466e-10  5.53978e-12 
     8.33333     -1.16511 -1.47218e-07 -8.28714e-09   0.00066682   2.7342e-08 -2.59428e-10  8.77721e-12 
     8.33333     -1.15417 -1.45236e-07  -1.0349e-08   0.00066682  3.19448e-08 -3.52892e-10  1.34308e-11 
     8.33333     -1.14256 -1.40676e-07 -1.27154e-08   0.00066682  3.66197e-08 -4.68037e-10  1.99223e-11 
     8.33333     -1.13029   -1.338e-07 -1.53933e-08   0.00066682  4.12518e-08 -6.06533e-10  2.87336e-11 
     8.33333     -1.11736  -1.2494e-07  -1.8385e-08   0.00066682  4.57269e-08 -7.69425e-10  4.04018e-11 
     8.33333     -1.10377 -1.14507e-07 -2.16868e-08   0.00066682  4.99353e-08 -9.56934e-10  5.55048e-11 
     8.33333     -1.08951 -1.02932e-07 -2.52915e-08   0.00066682  5.37795e-08 -1.16845e-09   7.4655e-11 
     8.33333     -1.07458 -9.06535e-08 -2.91871e-08   0.00066682  5.71763e-08 -1.40241e-09  9.84765e-11 
     8.33333       -1.059 -7.80892e-08 -3.33583e-08   0.00066682  6.00621e-08 -1.65633e-09  1.27593e-10 
     8.33333     -1.04275 -6.56087e-08 -3.77881e-08   0.00066682  6.23946e-08 -1.92693e-09  1.62613e-10 
     8.33333     -1.02584 -5.35163e-08 -4.24583e-08   0.00066682  6.41541e-08 -2.21026e-09  2.04113e-10 
     8.33333     -1.00827 -4.20404e-08 -4.73502e-08   0.00066682  6.53427e-08 -2.50187e-09  2.52624e-10 
     8.33333    -0.990028 -3.13237e-08  -5.2447e-08   0.00066682  6.59838e-08 -2.79713e-09  3.08635e-10 
     8.33333    -0.971127 -2.14308e-08 -5.77334e-08  0.000666819  6.61182e-08 -3.09141e-09  3.72575e-10 
     8.33333    -0.951562 -1.23539e-08 -6.31966e-08  0.000666819  6.58013e-08 -3.38045e-09  4.44831e-10 
     8.33333    -0.931335  -4.0299e-09 -6.88262e-08  0.000666819  6.50986e-08 -3.66049e-09  5.25732e-10 
     8.33333    -0.910444  3.64484e-09 -7.46154e-08  0.000666819  6.40811e-08 -3.92859e-09  6.15586e-10 
     8.33333     -0.88889  1.07916e-08 -8.05592e-08  0.000666819  6.28211e-08 -4.18266e-09  7.14664e-10 
     8.33333    -0.866673  1.75329e-08 -8.66548e-08  0.000666819  6.13876e-08  -4.4216e-09  8.23226e-10 
     8.33333    -0.843793  2.39761e-08 -9.29005e-08  0.000666819  5.98432e-08 -4.64522e-09  9.41526e-10 
     8.33333    -0.820249  3.02024e-08 -9.92954e-08  0.000666819  5.82411e-08 -4.85422e-09  1.06983e-09 
     8.33333    -0.796043  3.62604e-08 -1.05837e-07  0.000666819  5.66238e-08 -5.04992e-09  1.20838e-09 
     8.33333    -0.771173  4.21674e-08 -1.12524e-07  0.000666819  5.50213e-08 -5.23419e-09  1.35747e-09 
     8.33333     -0.74564  4.79126e-08 -1.19352e-07  0.000666819  5.34523e-08 -5.40909e-09  1.51735e-09 
     8.33333    -0.719443  5.34673e-08 -1.26313e-07  0.000666819  5.19244e-08 -5.57672e-09  1.68828e-09 
     8.33333    -0.692584  5.87951e-08   -1.334e-07  0.000666819  5.04357e-08 -5.73897e-09  1.87046e-09 
     8.33333    -0.665062  6.38658e-08 -1.40603e-07  0.000666819  4.89769e-08 -5.89733e-09  2.06409e-09 
     8.33333    -0.636876  6.86659e-08 -1.47907e-07  0.000666819  4.75326e-08  -6.0528e-09  2.26928e-09 
     8.33333    -0.608026  7.32084e-08 -1.55301e-07  0.000666819  4.60842e-08  -6.2058e-09  2.48604e-09 
     8.33333    -0.578514   7.7539e-08 -1.62765e-07  0.000666819  4.46113e-08 -6.35609e-09  2.71426e-09 
     8.33333    -0.548339  8.17412e-08 -1.70285e-07   0.00066682  4.30928e-08 -6.50291e-09  2.95371e-09 
     8.33333    -0.517501  8.59354e-08 -1.77841e-07   0.00066682  4.15089e-08   -6.645e-09  3.20399e-09 
     8.33333    -0.485998  9.02779e-08 -1.85415e-07   0.00066682  3.98408e-08 -6.78074e-09  3.46452e-09 
     8.33333    -0.453833  9.49567e-08 -1.92984e-07   0.00066682  3.80726e-08  -6.9083e-09  3.73447e-09 
     8.33333    -0.421005  1.00188e-07 -2.00527e-07   0.00066682  3.61909e-08 -7.02582e-09  4.01277e-09 
     8.33333    -0.387514  1.06211e-07 -2.08018e-07   0.00066682  3.41858e-08 -7.13173e-09  4.29807e-09 
     8.33333    -0.353359  1.13286e-07  -2.1543e-07   0.00066682  3.20522e-08 -7.22498e-09  4.58867e-09 
     8.33333    -0.318541   1.2169e-07 -2.22731e-07   0.00066682   2.9792e-08 -7.30552e-09  4.88248e-09 
     8.33333    -0.283061  1.31717e-07 -2.29885e-07   0.00066682   2.7417e-08 -7.37479e-09  5.17693e-09 
     8.33333    -0.246917   1.4368e-07 -2.36851e-07  0.000666821  2.49533e-08 -7.43636e-09  5.46899e-09 
     8.33333    -0.210109   1.5791e-07 -2.43581e-07  0.000666821  2.24476e-08 -7.49678e-09  5.75503e-09 
     8.33333    -0.172638  1.74762e-07 -2.50018e-07  0.000666821  1.99747e-08  -7.5663e-09  6.03081e-09 
     8.33333    -0.134505  1.94614e-07 -2.56097e-07  0.000666821  1.76446e-08 -7.65972e-09  6.29152e-09 
     8.33333    -0.095708  2.17873e-07 -2.61745e-07  0.000666822   1.5609e-08 -7.79673e-09  6.53184e-09 
     8.33333    -0.056247  2.44969e-07 -2.66879e-07  0.000666822  1.40636e-08 -8.00178e-09  6.74612e-09 
     8.33333    -0.016124  2.76328e-07 -2.71412e-07  0.000666822  1.32421e-08 -8.30278e-09   6.9287e-09 
     8.33333     0.024662  3.12345e-07 -2.75251e-07  0.000666823  1.33985e-08 -8.72859e-09  7.07439e-09 
     8.33333     0.066112  3.53304e-07 -2.78307e-07  0.000666823  1.47738e-08 -9.30489e-09   7.1791e-09 
     8.33333     0.108226  3.99282e-07 -2.80505e-07  0.000666824  1.75475e-08 -1.00487e-08  7.24059e-09 
     8.33333     0.151002  4.50019e-07 -2.81788e-07  0.000666824  2.17782e-08 -1.09625e-08  7.25927e-09 
     8.33333     0.194441  5.04776e-07 -2.82135e-07  0.000666825  2.73493e-08 -1.20288e-08  7.23867e-09 
     8.33333     0.238543  5.62245e-07 -2.81564e-07  0.000666826  3.39345e-08 -1.32078e-08   7.1861e-09 
     8.33333     0.283309  6.20484e-07 -2.80147e-07  0.000666827  4.10107e-08 -1.44384e-08  7.11153e-09 
     8.33333     0.328738  6.77234e-07 -2.78001e-07  0.000666827  4.79315e-08 -1.56467e-08  7.02788e-09 
     8.33333      0.37483  7.29666e-07 -2.75269e-07  0.000666828   5.3983e-08 -1.67484e-08  6.94922e-09 
     8.33333     0.421585  7.75186e-07 -2.72121e-07  0.000666829  5.86231e-08 -1.76735e-08  6.88814e-09 
     8.33333     0.469004  8.11938e-07 -2.68785e-07   0.00066683   6.1499e-08 -1.83714e-08   6.8552e-09 
     8.33333     0.517086  8.38441e-07 -2.65333e-07  0.000666831  6.25445e-08 -1.88181e-08  6.85702e-09 
     8.33333     0.565831  8.54216e-07 -2.61893e-07  0.000666833  6.19087e-08 -1.90145e-08  6.89677e-09 
     8.33333     0.615239  8.59544e-07 -2.58537e-07  0.000666834  5.99017e-08  -1.8984e-08  6.97401e-09 
     8.33333      0.66531   8.5535e-07 -2.55283e-07  0.000666835  5.69224e-08 -1.87664e-08  7.08525e-09 
     8.33333     0.716045  8.42938e-07  -2.5211e-07  0.000666836  5.33613e-08  -1.8407e-08  7.22513e-09 
     8.33333     0.767442  8.23541e-07 -2.48995e-07  0.000666837  4.94759e-08 -1.79414e-08  7.38841e-09 
     8.33333     0.819503  7.98168e-07 -2.45876e-07  0.000666838  4.54902e-08 -1.74019e-08  7.56938e-09 
     8.33333     0.872228  7.67919e-07 -2.42728e-07  0.000666839  4.15403e-08 -1.68137e-08  7.76265e-09 
     8.33333     0.925615  7.33432e-07 -2.39497e-07   0.00066684  3.77089e-08 -1.61926e-08  7.96389e-09 
     8.33333     0.979665  6.95319e-07 -2.36144e-07   0.00066684  3.40471e-08 -1.55493e-08  8.16817e-09 
     8.33333      1.03438   6.5412e-07 -2.32648e-07  0.000666841  3.05818e-08 -1.48894e-08  8.37097e-09 
     8.33333      1.08976  6.10298e-07 -2.28999e-07  0.000666842  2.73235e-08  -1.4215e-08  8.56856e-09 
     8.33333       1.1458  5.64248e-07 -2.25188e-07  0.000666842  2.42736e-08 -1.35255e-08  8.75811e-09 
     8.33333       1.2025  5.16372e-07 -2.21189e-07  0.000666842  2.14312e-08 -1.28195e-08  8.93669e-09 
     8.33333      1.25987  4.67129e-07 -2.17028e-07  0.000666843  1.88018e-08  -1.2098e-08  9.10039e-09 
     8.33333       1.3179  4.16745e-07 -2.12749e-07  0.000666843  1.63934e-08 -1.13612e-08  9.24534e-09 
     8.33333      1.37659  3.65959e-07 -2.08269e-07  0.000666843  1.42045e-08 -1.06113e-08  9.37094e-09 
     8.33333      1.43594  3.15243e-07 -2.03639e-07  0.000666842  1.22461e-08 -9.85448e-09  9.47304e-09 
     8.33333      1.49596  2.65319e-07 -1.98867e-07  0.000666842  1.05239e-08 -9.09428e-09  9.55095e-09 
     8.33333      1.55665   2.1674e-07 -1.93962e-07  0.000666841   9.0397e-09 -8.33638e-09   9.6032e-09 
     8.33333      1.61799   1.6994e-07 -1.88931e-07  0.000666841  7.79135e-09 -7.58745e-09  9.62818e-09 
     8.33333         1.68  1.25264e-07  -1.8378e-07   0.00066684  6.77267e-09 -6.85424e-09  9.62468e-09 
     8.33333      1.74267  8.29959e-08 -1.78516e-07  0.000666839  5.97333e-09 -6.14288e-09   9.5922e-09 
     8.33333      1.80601  4.33726e-08 -1.73147e-07  0.000666838  5.37891e-09 -5.45865e-09  9.53115e-09 
     8.33333      1.87001  6.57459e-09 -1.67683e-07  0.000666836  4.97082e-09  -4.8061e-09  9.44263e-09 
     8.33333      1.93467 -2.73053e-08 -1.62145e-07  0.000666835  4.72626e-09 -4.18961e-09  9.32795e-09 
     8.33333            2 -5.83192e-08 -1.56567e-07  0.000666833  4.61828e-09 -3.61473e-09  9.18766e-09 
          10        -1.25 -1.40719e-20  5.50264e-22  0.000665727 -6.04722e-15   1.1596e-16  -1.1164e-17 
          10     -1.24967  6.33778e-10 -2.53487e-13  0.000665727  1.39003e-12  4.85994e-17 -8.10053e-18 
          10     -1.24867  2.54517e-09 -4.04986e-12  0.000665727  2.21757e-11  -2.2753e-15  8.53485e-20 
          10     -1.24702  5.76093e-09 -2.03862e-11  0.000665727  1.10805e-10 -2.59676e-14  3.99575e-17 
          10      -1.2447  1.03561e-08 -6.39024e-11  0.000665727  3.43736e-10 -1.44428e-13  3.59627e-16 
          10     -1.24171  1.64748e-08 -1.54358e-10  0.000665727  8.19345e-10 -5.44394e-13  2.08536e-15 
          10     -1.23806  2.43347e-08  -3.1596e-10  0.000665727   1.6503e-09 -1.60252e-12  8.78731e-15 
          10     -1.23375  3.41917e-08  -5.7634e-10  0.000665727  2.95379e-09 -3.97171e-12  2.94617e-14 
          10     -1.22878  4.62855e-08 -9.65568e-10  0.000665727  4.84236e-09   -8.671e-12  8.34256e-14 
          10     -1.22314  6.07699e-08 -1.51492e-09  0.000665727  7.41421e-09 -1.71681e-11   2.0748e-13 
          10     -1.21684  7.76734e-08  -2.2556e-09  0.000665727  1.07445e-08 -3.14446e-11  4.65476e-13 
          10     -1.20988  9.69264e-08 -3.21748e-09  0.000665727  1.48784e-08 -5.40361e-11  9.60204e-13 
          10     -1.20225  1.18431e-07 -4.42744e-09  0.000665727  1.98245e-08 -8.80218e-11  1.84675e-12 
          10     -1.19396  1.42077e-07 -5.90844e-09  0.000665727  2.55527e-08 -1.36981e-10  3.34705e-12 
          10     -1.18501  1.67408e-07 -7.67829e-09  0.000665727  3.19933e-08  -2.0489e-10  5.76414e-12 
          10     -1.17539  1.94123e-07 -9.74887e-09  0.000665727   3.9039e-08 -2.95962e-10  9.49477e-12 
          10     -1.16511  2.21656e-07 -1.21257e-08  0.000665727    4.655e-08 -4.14456e-10  1.50399e-11 
          10     -1.15417   2.4949e-07 -1.48068e-08  0.000665727  5.43573e-08 -5.64372e-10  2.30077e-11 
          10     -1.14256  2.77047e-07 -1.77846e-08  0.000665727  6.22757e-08  -7.4926e-10  3.41183e-11 
          10     -1.13029  3.03755e-07 -2.10448e-08  0.000665727  7.01087e-08 -9.71842e-10  4.91925e-11 
          10     -1.11736  3.29094e-07 -2.45681e-08  0.000665727  7.76608e-08 -1.23382e-09  6.91447e-11 
          10     -1.10377  3.52594e-07 -2.83309e-08  0.000665727  8.47452e-08 -1.53552e-09  9.49569e-11 
          10     -1.08951  3.73899e-07  -3.2308e-08  0.000665727  9.11961e-08 -1.87593e-09  1.27668e-10 
          10     -1.07458  3.92766e-07 -3.64728e-08  0.000665727  9.68731e-08 -2.25242e-09  1.68333e-10 
          10       -1.059  4.09079e-07 -4.07996e-08  0.000665727  1.01669e-07 -2.66088e-09  2.18007e-10 
          10     -1.04275  4.22857e-07 -4.52651e-08  0.000665727  1.05515e-07 -3.09583e-09  2.77709e-10 
          10     -1.02584  4.34243e-07 -4.98499e-08  0.000665727  1.08379e-07 -3.55071e-09  3.48412e-10 
          10     -1.00827  4.43481e-07 -5.45384e-08  0.000665727  1.10268e-07  -4.0181e-09  4.30997e-10 
          10    -0.990028  4.50896e-07  -5.9321e-08  0.000665727  1.11225e-07 -4.49033e-09   5.2628e-10 
          10    -0.971127  4.56857e-07 -6.41924e-08  0.000665727  1.11322e-07 -4.95973e-09  6.34971e-10 
          10    -0.951562  4.61744e-07 -6.91525e-08  0.000665728  1.10655e-07 -5.41923e-09  7.57705e-10 
          10    -0.931335  4.65914e-07 -7.42042e-08  0.000665728  1.09338e-07 -5.86265e-09   8.9502e-10 
          10    -0.910444  4.69673e-07 -7.93541e-08  0.000665728  1.07494e-07 -6.28519e-09  1.04742e-09 
          10     -0.88889  4.73248e-07 -8.46094e-08  0.000665728  1.05245e-07 -6.68346e-09  1.21533e-09 
          10    -0.866673  4.76782e-07 -8.99775e-08  0.000665729  1.02708e-07 -7.05574e-09  1.39918e-09 
          10    -0.843793   4.8032e-07 -9.54642e-08  0.000665729  9.99891e-08 -7.40184e-09  1.59938e-09 
          10    -0.820249  4.83825e-07 -1.01073e-07  0.000665729  9.71762e-08 -7.72301e-09  1.81633e-09 
          10    -0.796043  4.87188e-07 -1.06804e-07   0.00066573  9.43391e-08 -8.02158e-09  2.05044e-09 
          10    -0.771173  4.90247e-07 -1.12654e-07   0.00066573  9.15269e-08 -8.30069e-09  2.30213e-09 
          10     -0.74564  4.92817e-07 -1.18615e-07  0.000665731  8.87688e-08 -8.56384e-09  2.57181e-09 
          10    -0.719443   4.9471e-07 -1.24675e-07  0.000665731  8.60755e-08 -8.81457e-09  2.85985e-09 
          10    -0.692584  4.95762e-07 -1.30821e-07  0.000665732  8.34429e-08   -9.056e-09  3.16655e-09 
          10    -0.665062  4.95845e-07 -1.37034e-07  0.000665733  8.08542e-08 -9.29065e-09  3.49215e-09 
          10    -0.636876  4.94887e-07 -1.43297e-07  0.000665733   7.8284e-08  -9.5202e-09  3.83676e-09 
          10    -0.608026  4.92867e-07  -1.4959e-07  0.000665734  7.57019e-08 -9.74537e-09  4.20034e-09 
          10    -0.578514  4.89824e-07  -1.5589e-07  0.000665735  7.30757e-08 -9.96588e-09   4.5826e-09 
          10    -0.548339  4.85841e-07 -1.62178e-07  0.000665736   7.0373e-08 -1.01806e-08  4.98308e-09 
          10    -0.517501  4.81044e-07 -1.68431e-07  0.000665737   6.7564e-08 -1.03877e-08    5.401e-09 
          10    -0.485998  4.75582e-07 -1.74628e-07  0.000665738  6.46221e-08 -1.05847e-08  5.83533e-09 
          10    -0.453833  4.69618e-07 -1.80744e-07  0.000665739  6.15253e-08 -1.07691e-08  6.28461e-09 
          10    -0.421005  4.63318e-07 -1.86756e-07   0.00066574  5.82568e-08 -1.09381e-08    6.747e-09 
          10    -0.387514  4.56844e-07 -1.92637e-07  0.000665741  5.48057e-08 -1.10897e-08  7.22024e-09 
          10    -0.353359  4.50338e-07 -1.98358e-07  0.000665742   5.1169e-08 -1.12227e-08  7.70152e-09 
          10    -0.318541  4.43928e-07 -2.03884e-07  0.000665744  4.73543e-08 -1.13375e-08  8.18745e-09 
          10    -0.283061  4.37715e-07 -2.09178e-07  0.000665745  4.33841e-08 -1.14368e-08  8.67395e-09 
          10    -0.246917  4.31778e-07 -2.14196e-07  0.000665746  3.93018e-08 -1.15268e-08  9.15626e-09 
          10    -0.210109   4.2617e-07 -2.18885e-07  0.000665748    3.518e-08  -1.1618e-08  9.62876e-09 
          10    -0.172638  4.20932e-07 -2.23186e-07  0.000665749  3.11302e-08 -1.17267e-08   1.0085e-08 
          10    -0.134505  4.16099e-07 -2.27026e-07  0.000665751  2.73123e-08 -1.18757e-08  1.05179e-08 
          10    -0.095708  4.11728e-07 -2.30322e-07  0.000665752  2.39424e-08 -1.20955e-08  1.09195e-08 
          10    -0.056247  4.07928e-07 -2.32979e-07  0.000665754  2.12954e-08 -1.24235e-08  1.12816e-08 
          10    -0.016124  4.04904e-07 -2.34884e-07  0.000665755  1.96968e-08 -1.29023e-08  1.15961e-08 
          10     0.024662  4.02995e-07 -2.35918e-07  0.000665757  1.94996e-08 -1.35765e-08  1.18556e-08 
          10     0.066112  4.02702e-07 -2.35947e-07  0.000665758  2.10412e-08 -1.44866e-08  1.20545e-08 
          10     0.108226  4.04687e-07 -2.34838e-07   0.00066576  2.45823e-08 -1.56616e-08  1.21897e-08 
          10     0.151002  4.09716e-07 -2.32476e-07  0.000665762  3.02305e-08 -1.71095e-08  1.22618e-08 
          10     0.194441  4.18573e-07 -2.28745e-07  0.000665763  3.78681e-08 -1.88112e-08  1.22762e-08 
          10     0.238543   4.3193e-07 -2.23617e-07  0.000665765  4.70825e-08 -2.07045e-08  1.22388e-08 
          10     0.283309  4.49472e-07 -2.17059e-07  0.000665766  5.71233e-08 -2.26883e-08  1.21691e-08 
          10     0.328738  4.71578e-07 -2.09132e-07  0.000665767  6.74065e-08 -2.47024e-08   1.2084e-08 
          10      0.37483  4.96959e-07 -1.99983e-07  0.000665768  7.66829e-08 -2.65805e-08  1.20042e-08 
          10     0.421585  5.23663e-07 -1.89827e-07  0.000665769  8.40317e-08 -2.81868e-08  1.19487e-08 
          10     0.469004  5.49602e-07 -1.78909e-07   0.00066577  8.89359e-08 -2.94335e-08  1.19324e-08 
          10     0.517086  5.72721e-07 -1.67484e-07  0.000665771  9.12264e-08 -3.02757e-08  1.19656e-08 
          10     0.565831  5.91175e-07 -1.55804e-07  0.000665772  9.10189e-08  -3.0707e-08   1.2054e-08 
          10     0.615239  6.03472e-07 -1.44094e-07  0.000665772  8.86443e-08 -3.07524e-08   1.2199e-08 
          10      0.66531  6.08593e-07  -1.3254e-07  0.000665773  8.45744e-08 -3.04613e-08  1.23974e-08 
          10     0.716045  6.06067e-07 -1.21278e-07  0.000665773  7.93463e-08 -2.98988e-08  1.26422e-08 
          10     0.767442  5.95986e-07 -1.10387e-07  0.000665772  7.34887e-08 -2.91366e-08  1.29239e-08 
          10     0.819503  5.78937e-07   -9.989e-08  0.000665772  6.74509e-08 -2.82433e-08   1.3231e-08 
          10     0.872228  5.55837e-07 -8.97684e-08  0.000665771  6.15619e-08 -2.72754e-08  1.35524e-08 
          10     0.925615  5.27697e-07 -7.99902e-08   0.00066577  5.58432e-08 -2.62539e-08  1.38818e-08 
          10     0.979665  4.95206e-07 -7.05463e-08  0.000665769  5.03652e-08 -2.51946e-08  1.42118e-08 
          10      1.03438  4.58331e-07 -6.15043e-08  0.000665767  4.51625e-08 -2.40963e-08  1.45403e-08 
          10      1.08976   4.1875e-07 -5.26906e-08  0.000665765   4.0318e-08 -2.29813e-08  1.48539e-08 
          10       1.1458  3.76789e-07  -4.4195e-08  0.000665763  3.57991e-08 -2.18402e-08  1.51516e-08 
          10       1.2025   3.3268e-07 -3.60191e-08  0.000665761  3.16132e-08 -2.06752e-08  1.54261e-08 
          10      1.25987  2.86997e-07 -2.81575e-08  0.000665758   2.7765e-08 -1.94864e-08  1.56732e-08 
          10       1.3179  2.40574e-07  -2.0643e-08  0.000665755  2.42536e-08 -1.82738e-08  1.58889e-08 
          10      1.37659  1.93973e-07 -1.34647e-08  0.000665751  2.10932e-08 -1.70447e-08  1.60687e-08 
          10      1.43594  1.47666e-07 -6.61931e-09  0.000665748  1.82941e-08 -1.58077e-08   1.6209e-08 
          10      1.49596  1.02174e-07 -1.10692e-10  0.000665744  1.58609e-08  -1.4571e-08  1.63069e-08 
          10      1.55665  5.79772e-08  6.06013e-09  0.000665739  1.37933e-08 -1.33437e-08  1.63597e-08 
          10      1.61799  1.55275e-08  1.18908e-08  0.000665735  1.20853e-08 -1.21354e-08  1.63659e-08 
          10         1.68 -2.47652e-08  1.73758e-08   0.00066573  1.07244e-08 -1.09557e-08  1.63247e-08 
          10      1.74267 -6.25473e-08  2.25078e-08  0.000665725  9.69054e-09 -9.81373e-09  1.62357e-08 
          10      1.80601 -9.75458e-08  2.72807e-08   0.00066572  8.95705e-09 -8.71845e-09  1.60997e-08 
          10      1.87001 -1.29611e-07  3.16976e-08  0.000665715  8.49137e-09 -7.67804e-09   1.5918e-08 
          10      1.93467 -1.58779e-07  3.57836e-08  0.000665709  8.25704e-09 -6.69993e-09  1.56928e-08 
          10            2 -1.85346e-07  3.96036e-08  0.000665704  8.21695e-09 -5.79089e-09  1.54267e-08 
     11.6667        -1.25  9.79788e-20 -3.37279e-22  0.000664499 -8.12689e-15  1.91823e-16 -1.89967e-17 
     11.6667     -1.24967  3.11808e-09 -2.03441e-13  0.000664499  2.30295e-12  8.20236e-17 -1.37859e-17 
     11.6667     -1.24867  1.24228e-08 -3.24377e-12  0.000664499  3.67322e-11 -3.62512e-15  1.41563e-19 
     11.6667     -1.24702  2.77117e-08 -1.62301e-11  0.000664499  1.83539e-10 -4.13822e-14  6.80144e-17 
     11.6667      -1.2447  4.86962e-08 -5.04275e-11  0.000664499  5.69335e-10 -2.30233e-13  6.12165e-16 
     11.6667     -1.24171  7.50246e-08 -1.20417e-10  0.000664499  1.35695e-09 -8.68223e-13   3.5495e-15 
     11.6667     -1.23806  1.06306e-07 -2.43023e-10  0.000664499  2.73273e-09 -2.55718e-12  1.49556e-14 
     11.6667     -1.23375  1.42073e-07 -4.35892e-10  0.000664499  4.89034e-09 -6.34173e-12  5.01372e-14 
     11.6667     -1.22878  1.81767e-07 -7.16112e-10  0.000664499  8.01545e-09 -1.38546e-11  1.41954e-13 
     11.6667     -1.22314   2.2469e-07 -1.09868e-09  0.000664499  1.22697e-08 -2.74512e-11  3.52988e-13 
     11.6667     -1.21684  2.69993e-07 -1.59504e-09  0.000664499  1.77761e-08 -5.03164e-11  7.91787e-13 
     11.6667     -1.20988  3.16736e-07 -2.21188e-09  0.000664499  2.46081e-08 -8.65323e-11  1.63302e-12 
     11.6667     -1.20225  3.63983e-07 -2.94983e-09  0.000664499  3.27775e-08 -1.41063e-10  3.14009e-12 
     11.6667     -1.19396  4.10863e-07 -3.80293e-09  0.000664499  4.22323e-08 -2.19686e-10  5.68971e-12 
     11.6667     -1.18501  4.56265e-07 -4.75833e-09  0.000664499  5.28547e-08 -3.28827e-10   9.7959e-12 
     11.6667     -1.17539  4.99367e-07 -5.79644e-09  0.000664499  6.44647e-08   -4.753e-10  1.61311e-11 
     11.6667     -1.16511  5.39245e-07 -6.89166e-09  0.000664499   7.6828e-08  -6.6599e-10  2.55437e-11 
     11.6667     -1.15417  5.75196e-07 -8.01314e-09  0.000664499  8.96626e-08 -9.07361e-10  3.90623e-11 
     11.6667     -1.14256  6.06647e-07 -9.12701e-09  0.000664499   1.0266e-07 -1.20514e-09  5.79033e-11 
     11.6667     -1.13029  6.33213e-07 -1.01976e-08  0.000664499  1.15494e-07 -1.56368e-09  8.34518e-11 
     11.6667     -1.11736  6.54733e-07   -1.119e-08  0.000664499  1.27841e-07 -1.98567e-09  1.17248e-10 
     11.6667     -1.10377  6.71248e-07 -1.20716e-08  0.000664499  1.39391e-07 -2.47155e-09  1.60942e-10 
     11.6667     -1.08951  6.83029e-07 -1.28152e-08  0.000664499  1.49872e-07 -3.01952e-09  2.16277e-10 
     11.6667     -1.07458   6.9054e-07 -1.33993e-08    0.0006645  1.59054e-07 -3.62516e-09  2.85021e-10 
     11.6667       -1.059  6.94406e-07 -1.38107e-08    0.0006645  1.66765e-07  -4.2816e-09  3.68932e-10 
     11.6667     -1.04275  6.95374e-07 -1.40444e-08    0.0006645  1.72892e-07 -4.97977e-09   4.6971e-10 
     11.6667     -1.02584  6.94254e-07  -1.4104e-08    0.0006645  1.77391e-07 -5.70883e-09  5.88964e-10 
     11.6667     -1.00827  6.91864e-07 -1.40012e-08    0.0006645  1.80277e-07 -6.45655e-09  7.28155e-10 
     11.6667    -0.990028  6.88972e-07 -1.37545e-08  0.000664501  1.81627e-07 -7.21037e-09  8.88625e-10 
     11.6667    -0.971127  6.86238e-07 -1.33872e-08  0.000664501  1.81565e-07 -7.95776e-09  1.07154e-09 
     11.6667    -0.951562   6.8418e-07 -1.29261e-08  0.000664502  1.80257e-07 -8.68724e-09  1.27792e-09 
     11.6667    -0.931335  6.83137e-07 -1.23986e-08  0.000664502  1.77891e-07 -9.38884e-09  1.50866e-09 
     11.6667    -0.910444  6.83259e-07 -1.18305e-08  0.000664503  1.74672e-07 -1.00549e-08  1.76454e-09 
     11.6667     -0.88889  6.84514e-07 -1.12444e-08  0.000664503  1.70804e-07 -1.06801e-08  2.04629e-09 
     11.6667    -0.866673    6.867e-07  -1.0658e-08  0.000664504  1.66478e-07 -1.12618e-08  2.35455e-09 
     11.6667    -0.843793  6.89486e-07  -1.0083e-08  0.000664504  1.61865e-07 -1.18001e-08  2.68997e-09 
     11.6667    -0.820249   6.9245e-07 -9.52433e-09  0.000664505  1.57107e-07 -1.22972e-08  3.05322e-09 
     11.6667    -0.796043  6.95127e-07 -8.98114e-09  0.000664506  1.52316e-07 -1.27571e-08   3.4449e-09 
     11.6667    -0.771173  6.97058e-07 -8.44668e-09  0.000664507  1.47568e-07  -1.3185e-08  3.86567e-09 
     11.6667     -0.74564  6.97825e-07 -7.90983e-09  0.000664508  1.42905e-07 -1.35868e-08  4.31613e-09 
     11.6667    -0.719443  6.97091e-07  -7.3563e-09  0.000664509  1.38344e-07 -1.39683e-08  4.79685e-09 
     11.6667    -0.692584  6.94612e-07 -6.77016e-09   0.00066451  1.33873e-07 -1.43346e-08  5.30821e-09 
     11.6667    -0.665062  6.90255e-07 -6.13503e-09  0.000664511  1.29465e-07 -1.46896e-08  5.85052e-09 
     11.6667    -0.636876  6.83986e-07 -5.43527e-09  0.000664513  1.25078e-07 -1.50362e-08  6.42386e-09 
     11.6667    -0.608026  6.75861e-07 -4.65684e-09  0.000664514  1.20664e-07 -1.53755e-08  7.02802e-09 
     11.6667    -0.578514  6.66006e-07 -3.78771e-09  0.000664515  1.16174e-07  -1.5707e-08  7.66239e-09 
     11.6667    -0.548339  6.54593e-07 -2.81788e-09  0.000664517   1.1156e-07 -1.60291e-08  8.32605e-09 
     11.6667    -0.517501  6.41815e-07 -1.73925e-09  0.000664519  1.06778e-07 -1.63389e-08  9.01762e-09 
     11.6667    -0.485998  6.27864e-07 -5.45093e-10   0.00066452  1.01792e-07 -1.66329e-08  9.73522e-09 
     11.6667    -0.453833  6.12919e-07  7.70255e-10  0.000664522  9.65744e-08 -1.69072e-08  1.04763e-08 
     11.6667    -0.421005  5.97127e-07  2.21228e-09  0.000664524  9.11047e-08 -1.71581e-08  1.12378e-08 
     11.6667    -0.387514  5.80595e-07  3.78666e-09  0.000664526   8.5374e-08 -1.73828e-08  1.20159e-08 
     11.6667    -0.353359  5.63389e-07  5.49984e-09  0.000664528  7.93856e-08 -1.75802e-08  1.28059e-08 
     11.6667    -0.318541  5.45525e-07  7.35922e-09   0.00066453  7.31595e-08 -1.77517e-08  1.36024e-08 
     11.6667    -0.283061  5.26968e-07  9.37363e-09  0.000664532  6.67387e-08 -1.79024e-08  1.43987e-08 
     11.6667    -0.246917  5.07621e-07  1.15539e-08  0.000664534  6.01968e-08 -1.80429e-08  1.51873e-08 
     11.6667    -0.210109  4.87321e-07  1.39135e-08  0.000664537  5.36501e-08 -1.81906e-08  1.59595e-08 
     11.6667    -0.172638  4.65837e-07  1.64693e-08  0.000664539  4.72705e-08 -1.83715e-08  1.67053e-08 
     11.6667    -0.134505  4.42868e-07  1.92435e-08  0.000664541  4.12977e-08 -1.86219e-08  1.74137e-08 
     11.6667    -0.095708  4.18066e-07  2.22665e-08  0.000664544  3.60485e-08  -1.8989e-08   1.8073e-08 
     11.6667    -0.056247  3.91074e-07  2.55793e-08  0.000664546  3.19191e-08 -1.95307e-08   1.8671e-08 
     11.6667    -0.016124  3.61604e-07  2.92369e-08  0.000664548  2.93721e-08 -2.03125e-08  1.91959e-08 
     11.6667     0.024662   3.2953e-07  3.33123e-08   0.00066455  2.89035e-08 -2.14026e-08  1.96372e-08 
     11.6667     0.066112  2.95019e-07  3.78985e-08  0.000664552  3.09847e-08 -2.28632e-08   1.9987e-08 
     11.6667     0.108226  2.58647e-07   4.3106e-08  0.000664554  3.59797e-08 -2.47393e-08   2.0241e-08 
     11.6667     0.151002  2.21489e-07  4.90734e-08  0.000664556  4.40453e-08 -2.70461e-08  2.04014e-08 
     11.6667     0.194441  1.85123e-07  5.59212e-08  0.000664558  5.50335e-08 -2.97566e-08  2.04745e-08 
     11.6667     0.238543  1.51572e-07  6.37923e-08  0.000664559  6.84193e-08 -3.27915e-08  2.04762e-08 
     11.6667     0.283309  1.23126e-07  7.27126e-08  0.000664561  8.32054e-08     -3.6e-08  2.04237e-08 
     11.6667     0.328738  1.01384e-07   8.2843e-08  0.000664562  9.84229e-08 -3.92597e-08  2.03474e-08 
     11.6667      0.37483  8.84423e-08  9.41561e-08  0.000664563  1.12437e-07 -4.23344e-08   2.0277e-08 
     11.6667     0.421585  8.49698e-08  1.06552e-07  0.000664563  1.23939e-07 -4.50202e-08  2.02414e-08 
     11.6667     0.469004  9.03421e-08   1.1986e-07  0.000664563  1.32063e-07 -4.71671e-08   2.0264e-08 
     11.6667     0.517086  1.02939e-07  1.33851e-07  0.000664563  1.36384e-07 -4.86821e-08  2.03619e-08 
     11.6667     0.565831  1.20464e-07  1.48265e-07  0.000664563  1.36894e-07   -4.953e-08  2.05447e-08 
     11.6667     0.615239  1.40267e-07  1.62828e-07  0.000664562  1.33953e-07 -4.97307e-08  2.08149e-08 
     11.6667      0.66531  1.59667e-07  1.77276e-07  0.000664561  1.28217e-07 -4.93525e-08  2.11671e-08 
     11.6667     0.716045  1.76249e-07  1.91374e-07   0.00066456  1.20535e-07 -4.85016e-08  2.15896e-08 
     11.6667     0.767442  1.88115e-07  2.04938e-07  0.000664558  1.11805e-07 -4.73048e-08  2.20659e-08 
     11.6667     0.819503  1.94191e-07  2.17826e-07  0.000664556  1.02794e-07 -4.58855e-08  2.25788e-08 
     11.6667     0.872228  1.94092e-07  2.29979e-07  0.000664553  9.38138e-08 -4.43285e-08  2.31141e-08 
     11.6667     0.925615  1.88353e-07  2.41418e-07  0.000664551  8.50668e-08 -4.26715e-08   2.3661e-08 
     11.6667     0.979665  1.77593e-07  2.52071e-07  0.000664547  7.66206e-08 -4.09231e-08  2.42086e-08 
     11.6667      1.03438  1.62453e-07  2.61843e-07  0.000664544  6.87143e-08 -3.91346e-08   2.4738e-08 
     11.6667      1.08976  1.43142e-07  2.70918e-07   0.00066454  6.13626e-08 -3.73201e-08  2.52494e-08 
     11.6667       1.1458  1.21061e-07  2.79183e-07  0.000664536  5.45112e-08 -3.54532e-08  2.57264e-08 
     11.6667       1.2025  9.69415e-08  2.86614e-07  0.000664531  4.81591e-08 -3.35385e-08  2.61596e-08 
     11.6667      1.25987  7.10165e-08  2.93245e-07  0.000664526  4.23576e-08 -3.15945e-08  2.65441e-08 
     11.6667       1.3179  4.37723e-08  2.99075e-07  0.000664521  3.71285e-08 -2.96308e-08  2.68742e-08 
     11.6667      1.37659  1.58347e-08  3.04095e-07  0.000664516  3.24751e-08 -2.76527e-08  2.71434e-08 
     11.6667      1.43594  -1.2143e-08  3.08291e-07   0.00066451  2.83896e-08 -2.56656e-08  2.73458e-08 
     11.6667      1.49596  -3.9563e-08  3.11662e-07  0.000664504  2.48617e-08 -2.36778e-08   2.7476e-08 
     11.6667      1.55665 -6.59503e-08  3.14222e-07  0.000664498  2.18822e-08 -2.17026e-08  2.75297e-08 
     11.6667      1.61799 -9.09832e-08  3.15997e-07  0.000664492   1.9444e-08 -1.97588e-08  2.75043e-08 
     11.6667         1.68 -1.14486e-07  3.17022e-07  0.000664485  1.75389e-08 -1.78682e-08  2.73987e-08 
     11.6667      1.74267 -1.36368e-07  3.17316e-07  0.000664479  1.61482e-08 -1.60518e-08   2.7214e-08 
     11.6667      1.80601 -1.56502e-07  3.16858e-07  0.000664472   1.5227e-08  -1.4322e-08  2.69528e-08 
     11.6667      1.87001 -1.74531e-07  3.15565e-07  0.000664465  1.46927e-08 -1.26751e-08  2.66192e-08 
     11.6667      1.93467  -1.9034e-07   3.1394e-07  0.000664458  1.44746e-08 -1.11322e-08  2.62147e-08 
     11.6667            2 -2.04294e-07  3.11556e-07  0.000664451  1.45098e-08 -9.68643e-09  2.57409e-08 
     13.3333        -1.25 -4.97172e-20 -4.16545e-22  0.000663057 -9.75416e-15  3.27746e-16  -3.2549e-17 
     13.3333     -1.24967  3.91285e-09  8.42157e-14  0.000663057  3.76808e-12  1.45138e-16 -2.36215e-17 
     13.3333     -1.24867  1.55221e-08  1.36283e-12  0.000663057  6.00734e-11 -5.83596e-15  1.62369e-19 
     13.3333     -1.24702  3.43731e-08  7.04287e-12  0.000663057  3.00156e-10 -6.66427e-14  1.14521e-16 
     13.3333      -1.2447  5.97763e-08  2.28891e-11  0.000663057  9.30996e-10 -3.70789e-13  1.02893e-15 
     13.3333     -1.24171  9.08486e-08  5.78045e-11  0.000663057  2.21864e-09 -1.39849e-12  5.96408e-15 
     13.3333     -1.23806  1.26568e-07  1.24569e-10  0.000663057  4.46731e-09 -4.11982e-12  2.51256e-14 
     13.3333     -1.23375  1.65765e-07  2.40553e-10  0.000663057  7.99278e-09 -1.02192e-11  8.42181e-14 
     13.3333     -1.22878   2.0716e-07  4.28461e-10  0.000663057  1.30972e-08 -2.23307e-11  2.38403e-13 
     13.3333     -1.22314  2.49349e-07   7.1686e-10  0.000663057  2.00429e-08 -4.42553e-11  5.92699e-13 
     13.3333     -1.21684  2.90839e-07  1.14045e-09  0.000663057  2.90282e-08 -8.11345e-11  1.32917e-12 
     13.3333     -1.20988  3.30154e-07  1.74003e-09  0.000663057  4.01697e-08 -1.39559e-10  2.74062e-12 
     13.3333     -1.20225  3.65968e-07  2.56178e-09  0.000663057  5.34827e-08 -2.27544e-10  5.26838e-12 
     13.3333     -1.19396  3.97198e-07  3.65635e-09  0.000663057  6.88774e-08 -3.54416e-10  9.54317e-12 
     13.3333     -1.18501  4.22724e-07  5.07735e-09  0.000663057  8.61563e-08  -5.3054e-10  1.64249e-11 
     13.3333     -1.17539  4.41932e-07  6.87938e-09  0.000663057   1.0502e-07 -7.66898e-10  2.70379e-11 
     13.3333     -1.16511  4.54315e-07  9.11592e-09  0.000663057  1.25081e-07 -1.07457e-09  4.27987e-11 
     13.3333     -1.15417  4.59802e-07  1.18359e-08  0.000663057  1.45874e-07 -1.46392e-09  6.54239e-11 
     13.3333     -1.14256  4.58615e-07  1.50829e-08  0.000663057  1.66892e-07 -1.94409e-09  9.69406e-11 
     13.3333     -1.13029  4.51308e-07  1.88905e-08  0.000663057    1.876e-07 -2.52199e-09  1.39655e-10 
     13.3333     -1.11736   4.3874e-07  2.32821e-08  0.000663058   2.0747e-07 -3.20175e-09  1.96125e-10 
     13.3333     -1.10377  4.22006e-07  2.82673e-08  0.000663058  2.25999e-07 -3.98388e-09  2.69094e-10 
     13.3333     -1.08951  4.02386e-07  3.38436e-08  0.000663058  2.42747e-07 -4.86519e-09  3.61448e-10 
     13.3333     -1.07458  3.81266e-07   3.9994e-08  0.000663058  2.57345e-07 -5.83824e-09  4.76112e-10 
     13.3333       -1.059  3.60039e-07  4.66889e-08  0.000663058  2.69519e-07 -6.89168e-09  6.15988e-10 
     13.3333     -1.04275  3.40025e-07  5.38877e-08  0.000663059  2.79099e-07 -8.01053e-09  7.83876e-10 
     13.3333     -1.02584  3.22377e-07  6.15416e-08  0.000663059   2.8602e-07 -9.17704e-09   9.8242e-10 
     13.3333     -1.00827  3.08017e-07  6.95948e-08  0.000663059   2.9032e-07 -1.03713e-08  1.21401e-09 
     13.3333    -0.990028  2.97573e-07   7.7991e-08  0.000663059  2.92135e-07 -1.15728e-08  1.48084e-09 
     13.3333    -0.971127  2.91354e-07   8.6674e-08   0.00066306  2.91676e-07 -1.27614e-08  1.78479e-09 
     13.3333    -0.951562  2.89338e-07  9.55926e-08   0.00066306  2.89219e-07 -1.39186e-08  2.12754e-09 
     13.3333    -0.931335  2.91197e-07  1.04702e-07  0.000663061  2.85078e-07 -1.50285e-08  2.51048e-09 
     13.3333    -0.910444  2.96337e-07  1.13967e-07  0.000663061  2.79588e-07  -1.6079e-08  2.93492e-09 
     13.3333     -0.88889  3.03967e-07  1.23363e-07  0.000663062  2.73077e-07 -1.70619e-08  3.40196e-09 
     13.3333    -0.866673  3.13166e-07  1.32875e-07  0.000663062  2.65856e-07 -1.79734e-08  3.91265e-09 
     13.3333    -0.843793  3.22975e-07  1.42499e-07  0.000663063  2.58197e-07 -1.88139e-08  4.46799e-09 
     13.3333    -0.820249  3.32466e-07  1.52239e-07  0.000663064  2.50324e-07 -1.95874e-08  5.06901e-09 
     13.3333    -0.796043  3.40817e-07  1.62103e-07  0.000663064  2.42409e-07 -2.03008e-08  5.71664e-09 
     13.3333    -0.771173  3.47362e-07  1.72105e-07  0.000663065  2.34566e-07 -2.09627e-08  6.41189e-09 
     13.3333     -0.74564  3.51622e-07   1.8226e-07  0.000663066  2.26861e-07 -2.15829e-08  7.15564e-09 
     13.3333    -0.719443  3.53321e-07  1.92581e-07  0.000663067  2.19309e-07 -2.21705e-08   7.9487e-09 
     13.3333    -0.692584  3.52376e-07  2.03077e-07  0.000663068  2.11893e-07 -2.27339e-08  8.79159e-09 
     13.3333    -0.665062   3.4887e-07  2.13753e-07  0.000663069  2.04564e-07 -2.32796e-08  9.68464e-09 
     13.3333    -0.636876  3.43019e-07   2.2461e-07   0.00066307  1.97256e-07 -2.38117e-08  1.06278e-08 
     13.3333    -0.608026  3.35127e-07   2.3564e-07  0.000663071  1.89895e-07 -2.43322e-08  1.16206e-08 
     13.3333    -0.578514  3.25544e-07   2.4683e-07  0.000663072  1.82406e-07 -2.48404e-08  1.26618e-08 
     13.3333    -0.548339  3.14625e-07  2.58165e-07  0.000663074  1.74719e-07 -2.53337e-08  1.37497e-08 
     13.3333    -0.517501  3.02701e-07  2.69622e-07  0.000663075  1.66774e-07 -2.58076e-08  1.48818e-08 
     13.3333    -0.485998  2.90057e-07  2.81178e-07  0.000663076  1.58522e-07 -2.62571e-08   1.6055e-08 
     13.3333    -0.453833  2.76925e-07  2.92804e-07  0.000663078  1.49928e-07 -2.66763e-08  1.72647e-08 
     13.3333    -0.421005   2.6348e-07  3.04471e-07  0.000663079  1.40973e-07 -2.70601e-08   1.8506e-08 
     13.3333    -0.387514  2.49847e-07  3.16145e-07  0.000663081  1.31653e-07 -2.74051e-08  1.97723e-08 
     13.3333    -0.353359  2.36109e-07  3.27794e-07  0.000663082  1.21987e-07 -2.77106e-08  2.10561e-08 
     13.3333    -0.318541  2.22308e-07  3.39379e-07  0.000663084  1.12017e-07 -2.79799e-08  2.23485e-08 
     13.3333    -0.283061  2.08451e-07  3.50856e-07  0.000663085  1.01824e-07 -2.82229e-08   2.3639e-08 
     13.3333    -0.246917  1.94491e-07  3.62178e-07  0.000663087  9.15329e-08 -2.84576e-08  2.49155e-08 
     13.3333    -0.210109   1.8031e-07  3.73289e-07  0.000663089  8.13318e-08 -2.87129e-08  2.61643e-08 
     13.3333    -0.172638  1.65687e-07  3.84129e-07   0.00066309  7.14904e-08 -2.90312e-08    2.737e-08 
     13.3333    -0.134505  1.50259e-07  3.94625e-07  0.000663092  6.23749e-08 -2.94704e-08   2.8516e-08 
     13.3333    -0.095708    1.335e-07  4.04704e-07  0.000663093  5.44588e-08 -3.01049e-08  2.95844e-08 
     13.3333    -0.056247  1.14711e-07  4.14288e-07  0.000663095  4.83231e-08 -3.10245e-08  3.05572e-08 
     13.3333    -0.016124  9.30599e-08  4.23304e-07  0.000663096  4.46358e-08 -3.23304e-08  3.14172e-08 
     13.3333     0.024662  6.76725e-08   4.3169e-07  0.000663097  4.41013e-08 -3.41264e-08  3.21491e-08 
     13.3333     0.066112  3.77836e-08  4.39406e-07  0.000663098  4.73796e-08 -3.65066e-08  3.27422e-08 
     13.3333     0.108226  2.93552e-09  4.46432e-07  0.000663099   5.4971e-08 -3.95378e-08  3.31901e-08 
     13.3333     0.151002 -3.68022e-08  4.52868e-07    0.0006631  6.70773e-08 -4.32467e-08   3.3503e-08 
     13.3333     0.194441 -8.06333e-08  4.58685e-07  0.000663101  8.34594e-08 -4.75832e-08  3.36809e-08 
     13.3333     0.238543 -1.26026e-07  4.64205e-07  0.000663101  1.03309e-07 -5.24246e-08  3.37658e-08 
     13.3333     0.283309 -1.70966e-07  4.69337e-07  0.000663101  1.25385e-07 -5.75426e-08  3.37657e-08 
     13.3333     0.328738 -2.13633e-07  4.74399e-07  0.000663101  1.48509e-07 -6.28228e-08   3.3727e-08 
     13.3333      0.37483 -2.48575e-07  4.79523e-07  0.000663101  1.69958e-07 -6.78294e-08   3.3695e-08 
     13.3333     0.421585 -2.72421e-07  4.84881e-07    0.0006631  1.87638e-07 -7.22133e-08  3.37203e-08 
     13.3333     0.469004 -2.83582e-07  4.90558e-07  0.000663099  2.00282e-07 -7.57401e-08  3.38396e-08 
     13.3333     0.517086    -2.82e-07  4.96556e-07  0.000663098  2.07338e-07 -7.82789e-08  3.40764e-08 
     13.3333     0.565831 -2.68874e-07  5.02813e-07  0.000663096  2.08852e-07 -7.97883e-08  3.44424e-08 
     13.3333     0.615239 -2.46352e-07  5.09213e-07  0.000663094  2.05338e-07 -8.03018e-08  3.49387e-08 
     13.3333      0.66531 -2.16568e-07   5.1562e-07  0.000663092  1.97708e-07  -7.9892e-08  3.55593e-08 
     13.3333     0.716045 -1.82263e-07   5.2187e-07   0.00066309  1.86797e-07 -7.86824e-08    3.629e-08 
     13.3333     0.767442 -1.47283e-07  5.27759e-07  0.000663088  1.73785e-07 -7.68715e-08  3.71048e-08 
     13.3333     0.819503 -1.14251e-07  5.33119e-07  0.000663085  1.59734e-07 -7.46248e-08  3.79785e-08 
     13.3333     0.872228 -8.51721e-08  5.37811e-07  0.000663082  1.45534e-07 -7.20894e-08  3.88858e-08 
     13.3333     0.925615 -6.12574e-08  5.41732e-07  0.000663079  1.31812e-07 -6.93801e-08  3.98029e-08 
     13.3333     0.979665 -4.28496e-08  5.44818e-07  0.000663076  1.18901e-07 -6.65708e-08  4.07087e-08 
     13.3333      1.03438 -2.94974e-08  5.47043e-07  0.000663073  1.06858e-07 -6.36941e-08  4.15854e-08 
     13.3333      1.08976 -2.02097e-08  5.48411e-07   0.00066307  9.55564e-08 -6.07494e-08  4.24184e-08 
     13.3333       1.1458 -1.39318e-08   5.4894e-07  0.000663066  8.48683e-08 -5.77227e-08  4.31947e-08 
     13.3333       1.2025 -1.02929e-08   5.4864e-07  0.000663063   7.4959e-08 -5.46214e-08  4.39008e-08 
     13.3333      1.25987 -1.03041e-08  5.47457e-07  0.000663059  6.63616e-08 -5.15362e-08  4.45136e-08 
     13.3333       1.3179 -1.03484e-08  5.45303e-07  0.000663056  5.82591e-08 -4.83141e-08  4.50391e-08 
     13.3333      1.37659 -1.22205e-08  5.42378e-07  0.000663052  5.11779e-08 -4.51154e-08  4.54565e-08 
     13.3333      1.43594 -1.50392e-08  5.38596e-07  0.000663049  4.50267e-08 -4.19262e-08  4.57572e-08 
     13.3333      1.49596 -1.82405e-08   5.3396e-07  0.000663045  3.97476e-08 -3.87451e-08  4.59363e-08 
     13.3333      1.55665 -2.15246e-08   5.2852e-07  0.000663042  3.53048e-08 -3.55817e-08  4.59919e-08 
     13.3333      1.61799 -2.47096e-08  5.22277e-07  0.000663038  3.17545e-08 -3.24937e-08  4.59141e-08 
     13.3333         1.68 -2.76724e-08    5.153e-07  0.000663035  2.90221e-08 -2.94915e-08  4.57036e-08 
     13.3333      1.74267 -3.02578e-08  5.07628e-07  0.000663032  2.70329e-08 -2.65931e-08  4.53631e-08 
     13.3333      1.80601  -3.2416e-08  4.99293e-07  0.000663029   2.5715e-08 -2.38227e-08   4.4895e-08 
     13.3333      1.87001 -3.41764e-08  4.90345e-07  0.000663026  2.49824e-08 -2.12004e-08  4.43041e-08 
     13.3333      1.93467 -3.56099e-08  4.80841e-07  0.000663023  2.47405e-08 -1.87411e-08  4.35969e-08 
     13.3333            2 -3.67973e-08   4.7084e-07  0.000663021  2.48901e-08 -1.64556e-08  4.27815e-08 
          15        -1.25  8.06722e-21   4.5159e-22  0.000661465 -1.16578e-14  5.53463e-16 -5.46607e-17 
          15     -1.24967  9.23013e-10   5.1468e-13  0.000661465  6.12204e-12  2.53675e-16 -3.96631e-17 
          15     -1.24867    3.525e-09  8.24099e-12  0.000661465  9.75637e-11 -9.32779e-15  1.92161e-19 
          15     -1.24702  7.30644e-09  4.16342e-11  0.000661465  4.87433e-10 -1.06582e-13  1.89931e-16 
          15      -1.2447  1.15038e-08  1.31162e-10  0.000661465  1.51166e-09 -5.93023e-13  1.70421e-15 
          15     -1.24171  1.51632e-08  3.18843e-10  0.000661465  3.60173e-09 -2.23693e-12  9.87619e-15 
          15     -1.23806   1.7215e-08   6.5764e-10  0.000661466  7.25046e-09 -6.59075e-12  4.16038e-14 
          15     -1.23375  1.65294e-08  1.21019e-09  0.000661466  1.29686e-08 -1.63511e-11  1.39441e-13 
          15     -1.22878  1.19578e-08  2.04762e-09  0.000661466  2.12436e-08 -3.57363e-11  3.94693e-13 
          15     -1.22314  2.36705e-09  3.24771e-09  0.000661466  3.24968e-08  -7.0836e-11  9.81157e-13 
          15     -1.21684 -1.32965e-08  4.89269e-09  0.000661466  4.70448e-08  -1.2989e-10  2.20007e-12 
          15     -1.20988 -3.58891e-08  7.06696e-09  0.000661466  6.50698e-08 -2.23466e-10  4.53583e-12 
          15     -1.20225 -6.58985e-08  9.85321e-09  0.000661466  8.65886e-08 -3.64417e-10  8.71828e-12 
          15     -1.19396 -1.03378e-07    1.333e-08  0.000661466  1.11447e-07 -5.67704e-10  1.57902e-11 
          15     -1.18501 -1.48236e-07  1.75679e-08  0.000661466  1.39316e-07 -8.49952e-10  2.71731e-11 
          15     -1.17539 -1.99722e-07  2.26266e-08  0.000661466  1.69701e-07 -1.22878e-09  4.47243e-11 
          15     -1.16511 -2.56881e-07  2.85518e-08  0.000661466  2.01967e-07 -1.72194e-09  7.07837e-11 
          15     -1.15417 -3.18257e-07   3.5371e-08  0.000661466  2.35355e-07 -2.34604e-09  1.08185e-10 
          15     -1.14256 -3.82149e-07  4.30947e-08  0.000661466   2.6904e-07  -3.1157e-09  1.60273e-10 
          15     -1.13029 -4.46605e-07  5.17122e-08  0.000661466  3.02154e-07  -4.0419e-09  2.30851e-10 
          15     -1.11736 -5.09548e-07  6.11939e-08  0.000661466  3.33845e-07 -5.13113e-09  3.24136e-10 
          15     -1.10377 -5.68897e-07  7.14895e-08  0.000661466  3.63306e-07   -6.384e-09  4.44642e-10 
          15     -1.08951 -6.22694e-07  8.25353e-08  0.000661466  3.89833e-07 -7.79516e-09  5.97119e-10 
          15     -1.07458 -6.69211e-07   9.4252e-08  0.000661467  4.12844e-07 -9.35235e-09  7.86371e-10 
          15       -1.059 -7.07071e-07  1.06553e-07  0.000661467  4.31911e-07  -1.1037e-08  1.01716e-09 
          15     -1.04275 -7.35331e-07  1.19346e-07  0.000661467  4.46773e-07 -1.28247e-08  1.29407e-09 
          15     -1.02584 -7.53542e-07  1.32542e-07  0.000661467  4.57344e-07 -1.46865e-08  1.62143e-09 
          15     -1.00827 -7.61768e-07  1.46056e-07  0.000661467  4.63703e-07 -1.65902e-08  2.00313e-09 
          15    -0.990028 -7.60578e-07  1.59814e-07  0.000661467  4.66081e-07 -1.85026e-08  2.44273e-09 
          15    -0.971127 -7.50988e-07  1.73756e-07  0.000661467  4.64836e-07 -2.03912e-08  2.94328e-09 
          15    -0.951562 -7.34381e-07  1.87837e-07  0.000661467  4.60421e-07 -2.22263e-08  3.50748e-09 
          15    -0.931335 -7.12401e-07   2.0203e-07  0.000661467  4.53349e-07 -2.39825e-08  4.13757e-09 
          15    -0.910444 -6.86821e-07  2.16324e-07  0.000661467  4.44159e-07 -2.56406e-08  4.83561e-09 
          15     -0.88889 -6.59418e-07  2.30722e-07  0.000661467  4.33383e-07  -2.7188e-08  5.60334e-09 
          15    -0.866673  -6.3185e-07  2.45241e-07  0.000661466  4.21511e-07  -2.8619e-08  6.44241e-09 
          15    -0.843793 -6.05553e-07  2.59903e-07  0.000661466  4.08974e-07  -2.9935e-08  7.35439e-09 
          15    -0.820249 -5.81659e-07  2.74739e-07  0.000661466  3.96121e-07  -3.1143e-08  8.34083e-09 
          15    -0.796043 -5.60957e-07  2.89774e-07  0.000661466  3.83217e-07 -3.22543e-08  9.40318e-09 
          15    -0.771173 -5.43872e-07  3.05033e-07  0.000661466  3.70436e-07 -3.32837e-08  1.05429e-08 
          15     -0.74564  -5.3049e-07  3.20535e-07  0.000661466  3.57871e-07 -3.42466e-08  1.17614e-08 
          15    -0.719443 -5.20601e-07  3.36286e-07  0.000661465  3.45542e-07 -3.51585e-08  1.30598e-08 
          15    -0.692584 -5.13765e-07  3.52284e-07  0.000661465  3.33413e-07 -3.60325e-08  1.44386e-08 
          15    -0.665062 -5.09385e-07  3.68516e-07  0.000661465  3.21406e-07 -3.68792e-08  1.58983e-08 
          15    -0.636876 -5.06788e-07  3.84959e-07  0.000661465  3.09417e-07 -3.77054e-08  1.74386e-08 
          15    -0.608026 -5.05287e-07  4.01582e-07  0.000661464  2.97333e-07 -3.85139e-08  1.90583e-08 
          15    -0.578514 -5.04243e-07  4.18344e-07  0.000661464  2.85044e-07 -3.93038e-08  2.07553e-08 
          15    -0.548339 -5.03102e-07  4.35199e-07  0.000661463  2.72447e-07  -4.0071e-08  2.25265e-08 
          15    -0.517501 -5.01409e-07  4.52099e-07  0.000661463  2.59458e-07 -4.08091e-08  2.43675e-08 
          15    -0.485998 -4.98815e-07   4.6899e-07  0.000661462  2.46013e-07 -4.15101e-08  2.62729e-08 
          15    -0.453833 -4.95052e-07  4.85818e-07  0.000661462  2.32074e-07 -4.21657e-08  2.82354e-08 
          15    -0.421005 -4.89914e-07  5.02524e-07  0.000661461  2.17625e-07 -4.27691e-08  3.02462e-08 
          15    -0.387514 -4.83217e-07  5.19049e-07   0.00066146  2.02678e-07  -4.3316e-08   3.2295e-08 
          15    -0.353359 -4.74768e-07  5.35329e-07   0.00066146  1.87278e-07 -4.38069e-08  3.43694e-08 
          15    -0.318541 -4.64341e-07  5.51291e-07  0.000661459  1.71512e-07 -4.42497e-08  3.64548e-08 
          15    -0.283061 -4.51665e-07  5.66856e-07  0.000661458  1.55523e-07  -4.4662e-08  3.85346e-08 
          15    -0.246917 -4.36429e-07  5.81931e-07  0.000661457  1.39522e-07 -4.50752e-08  4.05895e-08 
          15    -0.210109 -4.18323e-07  5.96407e-07  0.000661456  1.23818e-07 -4.55376e-08  4.25983e-08 
          15    -0.172638 -3.97098e-07  6.10157e-07  0.000661455  1.08837e-07 -4.61184e-08  4.45369e-08 
          15    -0.134505 -3.72656e-07  6.23029e-07  0.000661454  9.51444e-08 -4.69105e-08  4.63797e-08 
          15    -0.095708 -3.45153e-07   6.3485e-07  0.000661452  8.34547e-08 -4.80315e-08  4.80999e-08 
          15    -0.056247 -3.15108e-07  6.45422e-07  0.000661451  7.46289e-08 -4.96213e-08  4.96704e-08 
          15    -0.016124 -2.83483e-07  6.54531e-07   0.00066145  6.96373e-08 -5.18347e-08   5.1066e-08 
          15     0.024662   -2.517e-07  6.61954e-07  0.000661448  6.94843e-08 -5.48289e-08  5.22653e-08 
          15     0.066112 -2.21585e-07  6.67476e-07  0.000661447  7.50897e-08 -5.87435e-08  5.32535e-08 
          15     0.108226 -1.95224e-07  6.70876e-07  0.000661445  8.71279e-08 -6.36764e-08   5.4025e-08 
          15     0.151002 -1.74654e-07  6.72179e-07  0.000661443   1.0584e-07 -6.96552e-08  5.45894e-08 
          15     0.194441 -1.61554e-07  6.70928e-07  0.000661442  1.30863e-07 -7.66173e-08  5.49624e-08 
          15     0.238543 -1.55492e-07  6.67632e-07   0.00066144    1.611e-07 -8.43601e-08  5.51835e-08 
          15     0.283309 -1.57752e-07  6.61947e-07  0.000661438  1.94604e-07 -9.26042e-08  5.53058e-08 
          15     0.328738 -1.68971e-07   6.5454e-07  0.000661436  2.29199e-07 -1.01005e-07  5.53778e-08 
          15      0.37483 -1.83085e-07  6.45463e-07  0.000661434  2.61439e-07 -1.08972e-07  5.54689e-08 
          15     0.421585 -1.95235e-07  6.35075e-07  0.000661432  2.88537e-07  -1.1602e-07  5.56478e-08 
          15     0.469004 -2.01994e-07  6.23759e-07   0.00066143   3.0857e-07  -1.2179e-07  5.59688e-08 
          15     0.517086 -2.01271e-07  6.11891e-07  0.000661428  3.20457e-07 -1.26051e-07  5.64707e-08 
          15     0.565831 -1.90883e-07  5.99592e-07  0.000661426  3.23884e-07 -1.28679e-07  5.71763e-08 
          15     0.615239 -1.70553e-07  5.87164e-07  0.000661425  3.19248e-07  -1.2969e-07  5.80859e-08 
          15      0.66531 -1.42129e-07  5.74979e-07  0.000661423  3.07951e-07 -1.29197e-07   5.9185e-08 
          15     0.716045 -1.07216e-07  5.63101e-07  0.000661422  2.91579e-07 -1.27411e-07  6.04472e-08 
          15     0.767442 -6.79995e-08  5.51507e-07  0.000661421  2.71834e-07 -1.24594e-07  6.18377e-08 
          15     0.819503 -2.69291e-08  5.40092e-07   0.00066142  2.50331e-07 -1.21023e-07  6.33172e-08 
          15     0.872228  1.35868e-08  5.28711e-07   0.00066142  2.28434e-07 -1.16955e-07  6.48449e-08 
          15     0.925615  5.14864e-08  5.17214e-07  0.000661419  2.07127e-07 -1.12602e-07  6.63814e-08 
          15     0.979665  8.53395e-08  5.05525e-07   0.00066142  1.86953e-07 -1.08102e-07  6.78911e-08 
          15      1.03438  1.14587e-07  4.93734e-07   0.00066142  1.68041e-07 -1.03496e-07  6.93438e-08 
          15      1.08976  1.39728e-07  4.82229e-07  0.000661421  1.50233e-07 -9.87179e-08  7.07148e-08 
          15       1.1458  1.61164e-07  4.69952e-07  0.000661423  1.33812e-07 -9.38521e-08  7.19828e-08 
          15       1.2025  1.79265e-07  4.57658e-07  0.000661425  1.18653e-07 -8.88698e-08  7.31285e-08 
          15      1.25987  1.94639e-07  4.45347e-07  0.000661427  1.04848e-07 -8.37985e-08  7.41254e-08 
          15       1.3179  2.07766e-07  4.32956e-07   0.00066143  9.24434e-08 -7.86664e-08   7.4956e-08 
          15      1.37659  2.19027e-07  4.20459e-07  0.000661433   8.1469e-08 -7.35058e-08  7.56051e-08 
          15      1.43594  2.28718e-07  4.07853e-07  0.000661437   7.1934e-08 -6.83509e-08  7.60604e-08 
          15      1.49596  2.37063e-07  3.95158e-07  0.000661441  6.38266e-08 -6.32373e-08  7.63119e-08 
          15      1.55665  2.44222e-07  3.82404e-07  0.000661446  5.71112e-08    -5.82e-08  7.63524e-08 
          15      1.61799  2.50306e-07  3.69626e-07  0.000661451  5.17279e-08  -5.3273e-08  7.61777e-08 
          15         1.68  2.55385e-07  3.56862e-07  0.000661456  4.75924e-08 -4.84885e-08  7.57861e-08 
          15      1.74267  2.59503e-07  3.44146e-07  0.000661462  4.45973e-08 -4.38757e-08  7.51795e-08 
          15      1.80601  2.62683e-07   3.3151e-07  0.000661468  4.26162e-08 -3.94615e-08  7.43623e-08 
          15      1.87001   2.6493e-07  3.18985e-07  0.000661475  4.15082e-08 -3.52713e-08  7.33426e-08 
          15      1.93467  2.66243e-07  3.06606e-07  0.000661482  4.11253e-08 -3.13292e-08  7.21317e-08 
          15            2  2.66604e-07  2.94424e-07  0.000661489  4.13228e-08 -2.76603e-08  7.07441e-08 
     16.6667        -1.25  1.56635e-19  6.62273e-22   0.00065999 -1.87936e-14  9.46538e-16 -8.84625e-17 
     16.6667     -1.24967 -5.89706e-09  7.80636e-13   0.00065999  9.85428e-12  4.55529e-16  -6.4191e-17 
     16.6667     -1.24867 -2.36781e-08  1.24668e-11   0.00065999   1.5705e-10 -1.47153e-14  4.44102e-19 
     16.6667     -1.24702 -5.34658e-08  6.26856e-11   0.00065999  7.84569e-10 -1.68362e-13  3.10827e-16 
     16.6667      -1.2447 -9.54263e-08  1.96174e-10   0.00065999  2.43286e-09 -9.36971e-13  2.79209e-15 
     16.6667     -1.24171 -1.49672e-07  4.72856e-10   0.00065999  5.79562e-09 -3.53563e-12  1.61832e-14 
     16.6667     -1.23806   -2.162e-07  9.65357e-10   0.00065999  1.16645e-08  -1.0422e-11  6.81741e-14 
     16.6667     -1.23375 -2.94785e-07  1.75534e-09   0.00065999  2.08587e-08 -2.58701e-11  2.28499e-13 
     16.6667     -1.22878 -3.84995e-07  2.92989e-09   0.00065999  3.41588e-08 -5.65743e-11  6.46791e-13 
     16.6667     -1.22314  -4.8616e-07  4.57718e-09   0.00065999  5.22373e-08 -1.12213e-10  1.60788e-12 
     16.6667     -1.21684 -5.97326e-07  6.78175e-09   0.00065999  7.55965e-08 -2.05902e-10  3.60547e-12 
     16.6667     -1.20988 -7.17195e-07  9.62034e-09  0.000659991  1.04522e-07 -3.54489e-10  7.43344e-12 
     16.6667     -1.20225 -8.43962e-07   1.3156e-08  0.000659991  1.39031e-07   -5.785e-10   1.4288e-11 
     16.6667     -1.19396 -9.75358e-07   1.7435e-08  0.000659991  1.78866e-07 -9.01865e-10  2.58781e-11 
     16.6667     -1.18501   -1.109e-06  2.24828e-08  0.000659991   2.2349e-07 -1.35122e-09   4.4533e-11 
     16.6667     -1.17539 -1.24196e-06  2.83019e-08  0.000659991  2.72098e-07 -1.95484e-09  7.32963e-11 
     16.6667     -1.16511 -1.37134e-06    3.487e-08  0.000659991  3.23663e-07 -2.74124e-09  1.16001e-10 
     16.6667     -1.15417 -1.49399e-06  4.21384e-08  0.000659991  3.76959e-07 -3.73715e-09  1.77288e-10 
     16.6667     -1.14256 -1.60693e-06  5.00369e-08  0.000659991  4.30659e-07 -4.96609e-09  2.62633e-10 
     16.6667     -1.13029 -1.70738e-06  5.84725e-08   0.00065999  4.83371e-07 -6.44574e-09  3.78259e-10 
     16.6667     -1.11736 -1.79291e-06  6.73367e-08   0.00065999  5.33727e-07 -8.18654e-09  5.31062e-10 
     16.6667     -1.10377 -1.86161e-06  7.65075e-08   0.00065999   5.8044e-07 -1.01894e-08  7.28417e-10 
     16.6667     -1.08951 -1.91224e-06  8.58608e-08   0.00065999  6.22389e-07 -1.24455e-08  9.78077e-10 
     16.6667     -1.07458 -1.94423e-06  9.52717e-08   0.00065999  6.58652e-07 -1.49351e-08  1.28788e-09 
     16.6667       -1.059  -1.9578e-06  1.04625e-07  0.000659989  6.88556e-07 -1.76277e-08  1.66556e-09 
     16.6667     -1.04275 -1.95392e-06   1.1382e-07  0.000659989  7.11702e-07 -2.04839e-08  2.11859e-09 
     16.6667     -1.02584 -1.93425e-06  1.22776e-07  0.000659989  7.27967e-07 -2.34567e-08  2.65396e-09 
     16.6667     -1.00827 -1.90105e-06  1.31436e-07  0.000659988  7.37497e-07 -2.64939e-08  3.27797e-09 
     16.6667    -0.990028 -1.85703e-06  1.39771e-07  0.000659988  7.40679e-07 -2.95419e-08  3.99636e-09 
     16.6667    -0.971127 -1.80518e-06  1.47776e-07  0.000659987  7.38098e-07 -3.25481e-08  4.81403e-09 
     16.6667    -0.951562 -1.74855e-06  1.55473e-07  0.000659986  7.30492e-07 -3.54649e-08  5.73528e-09 
     16.6667    -0.931335 -1.69011e-06  1.62902e-07  0.000659985  7.18692e-07 -3.82516e-08  6.76368e-09 
     16.6667    -0.910444 -1.63253e-06  1.70123e-07  0.000659984  7.03561e-07 -4.08779e-08  7.90246e-09 
     16.6667     -0.88889 -1.57803e-06  1.77205e-07  0.000659983  6.85949e-07 -4.33241e-08  9.15438e-09 
     16.6667    -0.866673 -1.52833e-06  1.84219e-07  0.000659982  6.66636e-07 -4.55819e-08   1.0522e-08 
     16.6667    -0.843793 -1.48451e-06  1.91239e-07  0.000659981  6.46299e-07 -4.76541e-08  1.20077e-08 
     16.6667    -0.820249  -1.4471e-06  1.98326e-07  0.000659979  6.25487e-07 -4.95529e-08  1.36139e-08 
     16.6667    -0.796043 -1.41603e-06  2.05533e-07  0.000659977  6.04609e-07 -5.12974e-08  1.53428e-08 
     16.6667    -0.771173 -1.39076e-06  2.12897e-07  0.000659976  5.83931e-07 -5.29115e-08  1.71966e-08 
     16.6667     -0.74564 -1.37041e-06  2.20437e-07  0.000659974  5.63592e-07 -5.44209e-08  1.91773e-08 
     16.6667    -0.719443 -1.35383e-06  2.28157e-07  0.000659972  5.43615e-07 -5.58504e-08  2.12864e-08 
     16.6667    -0.692584 -1.33975e-06  2.36044e-07  0.000659969  5.23941e-07 -5.72215e-08  2.35248e-08 
     16.6667    -0.665062 -1.32694e-06  2.44075e-07  0.000659967  5.04444e-07 -5.85509e-08  2.58927e-08 
     16.6667    -0.636876 -1.31421e-06  2.52215e-07  0.000659964  4.84965e-07 -5.98495e-08  2.83892e-08 
     16.6667    -0.608026 -1.30059e-06  2.60421e-07  0.000659961  4.65331e-07 -6.11219e-08  3.10122e-08 
     16.6667    -0.578514 -1.28527e-06  2.68646e-07  0.000659958  4.45378e-07 -6.23666e-08  3.37578e-08 
     16.6667    -0.548339 -1.26768e-06  2.76844e-07  0.000659955   4.2496e-07 -6.35776e-08  3.66207e-08 
     16.6667    -0.517501 -1.24741e-06  2.84968e-07  0.000659952  4.03959e-07 -6.47447e-08  3.95934e-08 
     16.6667    -0.485998 -1.22422e-06  2.92972e-07  0.000659948  3.82293e-07 -6.58562e-08  4.26667e-08 
     16.6667    -0.453833 -1.19794e-06  3.00815e-07  0.000659945  3.59919e-07 -6.68999e-08  4.58284e-08 
     16.6667    -0.421005 -1.16846e-06  3.08454e-07  0.000659941  3.36834e-07 -6.78663e-08  4.90644e-08 
     16.6667    -0.387514 -1.13557e-06  3.15851e-07  0.000659937  3.13081e-07 -6.87508e-08  5.23576e-08 
     16.6667    -0.353359 -1.09899e-06  3.22964e-07  0.000659933  2.88755e-07 -6.95565e-08  5.56879e-08 
     16.6667    -0.318541 -1.05826e-06  3.29751e-07  0.000659928  2.64017e-07 -7.02988e-08  5.90322e-08 
     16.6667    -0.283061 -1.01272e-06  3.36157e-07  0.000659924  2.39115e-07 -7.10092e-08  6.23636e-08 
     16.6667    -0.246917   -9.615e-07  3.42121e-07  0.000659919  2.14407e-07 -7.17407e-08  6.56521e-08 
     16.6667    -0.210109 -9.03537e-07  3.47561e-07  0.000659915  1.90393e-07 -7.25737e-08  6.88643e-08 
     16.6667    -0.172638 -8.37676e-07   3.5237e-07   0.00065991   1.6775e-07  -7.3621e-08   7.1963e-08 
     16.6667    -0.134505 -7.62781e-07  3.56413e-07  0.000659905  1.47353e-07 -7.50314e-08   7.4909e-08 
     16.6667    -0.095708 -6.77917e-07  3.59516e-07    0.0006599  1.30292e-07 -7.69913e-08  7.76618e-08 
     16.6667    -0.056247  -5.8259e-07  3.61464e-07  0.000659895   1.1785e-07 -7.97193e-08  8.01812e-08 
     16.6667    -0.016124    -4.77e-07  3.61996e-07  0.000659891  1.11449e-07 -8.34544e-08  8.24304e-08 
     16.6667     0.024662 -3.62265e-07  3.60815e-07  0.000659886  1.12527e-07 -8.84355e-08  8.43792e-08 
     16.6667     0.066112 -2.40612e-07  3.57599e-07  0.000659881  1.22367e-07   -9.487e-08  8.60079e-08 
     16.6667     0.108226  -1.1547e-07  3.51998e-07  0.000659877  1.41853e-07 -1.02892e-07  8.73082e-08 
     16.6667     0.151002  8.74039e-09  3.43823e-07  0.000659873  1.71198e-07 -1.12532e-07  8.83091e-08 
     16.6667     0.194441  1.27234e-07  3.32425e-07  0.000659869  2.09661e-07 -1.23635e-07  8.90207e-08 
     16.6667     0.238543   2.3698e-07  3.17748e-07  0.000659865  2.55675e-07 -1.35982e-07  8.95592e-08 
     16.6667     0.283309  3.38025e-07  2.99838e-07  0.000659862  3.06772e-07 -1.49095e-07  8.99104e-08 
     16.6667     0.328738  4.14728e-07   2.7877e-07  0.000659859  3.59662e-07  -1.6246e-07  9.01977e-08 
     16.6667      0.37483  4.69239e-07   2.5464e-07  0.000659856  4.08742e-07 -1.75093e-07  9.05163e-08 
     16.6667     0.421585  5.06957e-07  2.28038e-07  0.000659854  4.49716e-07 -1.86221e-07  9.09826e-08 
     16.6667     0.469004   5.3257e-07  1.99554e-07  0.000659852  4.79839e-07 -1.95308e-07  9.16805e-08 
     16.6667     0.517086  5.50032e-07  1.69761e-07  0.000659851  4.97753e-07 -2.02031e-07  9.26635e-08 
     16.6667     0.565831  5.62555e-07  1.39205e-07  0.000659851  5.03297e-07 -2.06265e-07   9.3957e-08 
     16.6667     0.615239  5.72606e-07  1.08391e-07  0.000659851  4.97283e-07 -2.08045e-07  9.55613e-08 
     16.6667      0.66531  5.81935e-07  7.77705e-08  0.000659852  4.81269e-07 -2.07542e-07  9.74554e-08 
     16.6667     0.716045  5.91607e-07  4.77302e-08  0.000659854  4.57304e-07 -2.05025e-07  9.96007e-08 
     16.6667     0.767442  6.02066e-07  1.85858e-08  0.000659856  4.27685e-07 -2.00829e-07  1.01945e-07 
     16.6667     0.819503  6.13212e-07 -9.42904e-09   0.00065986  3.94711e-07 -1.95315e-07  1.04429e-07 
     16.6667     0.872228   6.2451e-07 -3.61623e-08  0.000659864  3.60471e-07 -1.88843e-07  1.06987e-07 
     16.6667     0.925615   6.3511e-07 -6.15431e-08  0.000659869  3.26661e-07 -1.81736e-07  1.09554e-07 
     16.6667     0.979665  6.44005e-07 -8.53343e-08  0.000659875  2.94288e-07 -1.74296e-07  1.12041e-07 
     16.6667      1.03438  6.50362e-07 -1.07718e-07  0.000659882  2.64032e-07 -1.66734e-07  1.14405e-07 
     16.6667      1.08976  6.53599e-07 -1.28802e-07   0.00065989  2.36489e-07 -1.59087e-07  1.16619e-07 
     16.6667       1.1458  6.53384e-07 -1.48662e-07  0.000659898   2.1145e-07 -1.51344e-07  1.18651e-07 
     16.6667       1.2025  6.49725e-07 -1.67358e-07  0.000659908  1.88381e-07 -1.43437e-07  1.20476e-07 
     16.6667      1.25987  6.43037e-07   -1.849e-07  0.000659918  1.66737e-07 -1.35292e-07  1.22075e-07 
     16.6667       1.3179  6.34169e-07 -2.01187e-07   0.00065993  1.46442e-07 -1.26914e-07  1.23417e-07 
     16.6667      1.37659  6.24396e-07 -2.15946e-07  0.000659942  1.28568e-07 -1.18509e-07   1.2445e-07 
     16.6667      1.43594  6.15355e-07 -2.28645e-07  0.000659954  1.16234e-07 -1.10647e-07  1.25083e-07 
     16.6667      1.49596  6.00239e-07 -2.41166e-07  0.000659968  1.02133e-07  -1.0228e-07  1.25454e-07 
     16.6667      1.55665  5.85634e-07 -2.52065e-07  0.000659982   9.1496e-08 -9.41127e-08  1.25474e-07 
     16.6667      1.61799  5.71223e-07 -2.61408e-07  0.000659997  8.31334e-08 -8.62381e-08  1.25123e-07 
     16.6667         1.68  5.56373e-07 -2.69351e-07  0.000660012  7.67893e-08 -7.86451e-08  1.24407e-07 
     16.6667      1.74267  5.40677e-07 -2.75991e-07  0.000660028  7.22127e-08 -7.13388e-08  1.23336e-07 
     16.6667      1.80601  5.23896e-07 -2.81381e-07  0.000660044  6.91575e-08 -6.43371e-08  1.21925e-07 
     16.6667      1.87001  5.05904e-07 -2.85542e-07  0.000660061  6.73813e-08 -5.76664e-08   1.2019e-07 
     16.6667      1.93467   4.8662e-07 -2.88474e-07  0.000660077  6.66451e-08 -5.13554e-08  1.18148e-07 
     16.6667            2  4.67507e-07 -2.90423e-07  0.000660094  6.67927e-08 -4.54887e-08  1.15839e-07 
     18.3333        -1.25  2.24259e-19 -3.78377e-22  0.000659007 -3.89101e-14  1.69196e-15 -1.42665e-16 
     18.3333     -1.24967 -1.28865e-08  4.90358e-13  0.000659007  1.57392e-11  8.65787e-16 -1.03543e-16 
     18.3333     -1.24867 -5.14205e-08  7.78112e-12  0.000659007  2.50952e-10 -2.32372e-14    8.109e-19 
     18.3333     -1.24702 -1.14937e-07  3.87356e-11  0.000659007  1.25367e-09 -2.66361e-13  5.04963e-16 
     18.3333      -1.2447 -2.02348e-07  1.19529e-10  0.000659007  3.88738e-09 -1.48259e-12  4.53947e-15 
     18.3333     -1.24171 -3.12057e-07  2.82871e-10  0.000659007  9.26027e-09 -5.59666e-12  2.63127e-14 
     18.3333     -1.23806 -4.41966e-07  5.64426e-10  0.000659007  1.86368e-08 -1.65056e-11  1.10842e-13 
     18.3333     -1.23375  -5.8937e-07  9.98237e-10  0.000659007  3.33249e-08 -4.09947e-11   3.7149e-13 
     18.3333     -1.22878 -7.51119e-07  1.61211e-09  0.000659007  5.45704e-08 -8.97057e-11  1.05148e-12 
     18.3333     -1.22314 -9.23644e-07   2.4227e-09  0.000659007  8.34459e-08 -1.78045e-10  2.61373e-12 
     18.3333     -1.21684 -1.10303e-06  3.43079e-09  0.000659007  1.20751e-07 -3.26922e-10  5.86046e-12 
     18.3333     -1.20988 -1.28505e-06   4.6174e-09  0.000659007  1.66938e-07  -5.6323e-10  1.20814e-11 
     18.3333     -1.20225 -1.46515e-06  5.94005e-09  0.000659007  2.22032e-07 -9.19781e-10  2.32192e-11 
     18.3333     -1.19396 -1.63857e-06  7.33134e-09  0.000659007  2.85616e-07 -1.43487e-09  4.20484e-11 
     18.3333     -1.18501 -1.80086e-06   8.6983e-09  0.000659007  3.56824e-07 -2.15117e-09  7.23492e-11 
     18.3333     -1.17539 -1.94755e-06  9.92366e-09  0.000659007  4.34366e-07 -3.11399e-09  1.19058e-10 
     18.3333     -1.16511 -2.07476e-06  1.08689e-08  0.000659007  5.16592e-07  -4.3691e-09  1.88388e-10 
     18.3333     -1.15417 -2.17905e-06  1.13788e-08  0.000659007  6.01537e-07 -5.95934e-09  2.87858e-10 
     18.3333     -1.14256 -2.25785e-06   1.1288e-08  0.000659006  6.87073e-07  -7.9224e-09  4.26332e-10 
     18.3333     -1.13029 -2.30943e-06  1.04282e-08  0.000659006  7.70969e-07 -1.02866e-08  6.13871e-10 
     18.3333     -1.11736 -2.33311e-06  8.63671e-09  0.000659006  8.51038e-07 -1.30684e-08  8.61618e-10 
     18.3333     -1.10377 -2.32929e-06  5.76531e-09  0.000659005  9.25218e-07  -1.6269e-08  1.18147e-09 
     18.3333     -1.08951 -2.29945e-06  1.68748e-09  0.000659005  9.91723e-07  -1.9874e-08  1.58593e-09 
     18.3333     -1.07458 -2.24607e-06  -3.6932e-09  0.000659004  1.04908e-06  -2.3851e-08   2.0876e-09 
     18.3333       -1.059 -2.17255e-06 -1.04381e-08  0.000659004  1.09623e-06 -2.81509e-08  2.69893e-09 
     18.3333     -1.04275 -2.08298e-06 -1.85699e-08  0.000659003  1.13255e-06 -3.27098e-08  3.43186e-09 
     18.3333     -1.02584 -1.98192e-06 -2.80719e-08  0.000659002  1.15785e-06 -3.74519e-08  4.29762e-09 
     18.3333     -1.00827 -1.87417e-06 -3.88874e-08  0.000659001  1.17238e-06 -4.22932e-08  5.30625e-09 
     18.3333    -0.990028 -1.76444e-06 -5.09273e-08     0.000659  1.17679e-06 -4.71477e-08  6.46688e-09 
     18.3333    -0.971127 -1.65711e-06 -6.40724e-08  0.000658998  1.17202e-06 -5.19311e-08  7.78731e-09 
     18.3333    -0.951562 -1.55601e-06 -7.81841e-08  0.000658997  1.15927e-06 -5.65674e-08  9.27433e-09 
     18.3333    -0.931335  -1.4642e-06 -9.31099e-08  0.000658995  1.13987e-06 -6.09921e-08  1.09335e-08 
     18.3333    -0.910444 -1.38386e-06 -1.08698e-07  0.000658994   1.1152e-06 -6.51573e-08    1.277e-08 
     18.3333     -0.88889 -1.31621e-06 -1.24799e-07  0.000658992  1.08663e-06 -6.90321e-08  1.47881e-08 
     18.3333    -0.866673 -1.26156e-06 -1.41281e-07  0.000658989  1.05538e-06 -7.26046e-08  1.69916e-08 
     18.3333    -0.843793 -1.21938e-06 -1.58028e-07  0.000658987  1.02254e-06 -7.58801e-08  1.93843e-08 
     18.3333    -0.820249 -1.18841e-06 -1.74951e-07  0.000658984  9.88959e-07  -7.8879e-08  2.19699e-08 
     18.3333    -0.796043 -1.16688e-06  -1.9198e-07  0.000658981  9.55287e-07 -8.16326e-08  2.47516e-08 
     18.3333    -0.771173 -1.15269e-06 -2.09075e-07  0.000658978  9.21934e-07 -8.41801e-08  2.77328e-08 
     18.3333     -0.74564 -1.14359e-06 -2.26214e-07  0.000658975  8.89111e-07 -8.65627e-08  3.09163e-08 
     18.3333    -0.719443 -1.13742e-06 -2.43393e-07  0.000658971  8.56852e-07 -8.88202e-08  3.43041e-08 
     18.3333    -0.692584 -1.13218e-06 -2.60619e-07  0.000658968   8.2506e-07 -9.09871e-08  3.78973e-08 
     18.3333    -0.665062  -1.1262e-06 -2.77907e-07  0.000658964  7.93542e-07 -9.30902e-08  4.16957e-08 
     18.3333    -0.636876 -1.11818e-06 -2.95276e-07  0.000658959   7.6205e-07 -9.51467e-08  4.56976e-08 
     18.3333    -0.608026  -1.1072e-06 -3.12738e-07  0.000658955  7.30325e-07 -9.71639e-08  4.98989e-08 
     18.3333    -0.578514 -1.09273e-06 -3.30303e-07   0.00065895  6.98119e-07 -9.91399e-08  5.42927e-08 
     18.3333    -0.548339 -1.07453e-06 -3.47969e-07  0.000658945   6.6522e-07 -1.01065e-07  5.88701e-08 
     18.3333    -0.517501 -1.05262e-06 -3.65725e-07  0.000658939  6.31464e-07 -1.02924e-07  6.36187e-08 
     18.3333    -0.485998 -1.02714e-06 -3.83552e-07  0.000658933  5.96741e-07 -1.04699e-07  6.85229e-08 
     18.3333    -0.453833 -9.98306e-07 -4.01413e-07  0.000658928  5.61012e-07 -1.06373e-07  7.35631e-08 
     18.3333    -0.421005 -9.66292e-07 -4.19266e-07  0.000658922  5.24299e-07 -1.07933e-07  7.87161e-08 
     18.3333    -0.387514  -9.3112e-07 -4.37056e-07  0.000658915  4.86699e-07 -1.09374e-07  8.39543e-08 
     18.3333    -0.353359 -8.92585e-07 -4.54722e-07  0.000658909  4.48395e-07 -1.10706e-07  8.92457e-08 
     18.3333    -0.318541 -8.50178e-07 -4.72195e-07  0.000658902  4.09677e-07 -1.11955e-07  9.45533e-08 
     18.3333    -0.283061 -8.03008e-07 -4.89401e-07  0.000658896  3.70972e-07 -1.13178e-07  9.98349e-08 
     18.3333    -0.246917 -7.49756e-07 -5.06269e-07  0.000658889  3.32874e-07 -1.14464e-07  1.05043e-07 
     18.3333    -0.210109 -6.88664e-07 -5.22733e-07  0.000658882  2.96199e-07 -1.15945e-07  1.10127e-07 
     18.3333    -0.172638  -6.1757e-07 -5.38736e-07  0.000658875  2.62021e-07 -1.17803e-07  1.15028e-07 
     18.3333    -0.134505 -5.34017e-07 -5.54248e-07  0.000658868  2.31704e-07 -1.20275e-07  1.19688e-07 
     18.3333    -0.095708 -4.35438e-07 -5.69272e-07  0.000658862  2.06909e-07 -1.23654e-07  1.24044e-07 
     18.3333    -0.056247 -3.19465e-07  -5.8386e-07  0.000658855  1.89557e-07 -1.28276e-07  1.28039e-07 
     18.3333    -0.016124 -1.84322e-07  -5.9812e-07  0.000658849  1.81727e-07 -1.34505e-07  1.31617e-07 
     18.3333     0.024662 -2.92537e-08 -6.12238e-07  0.000658843  1.85472e-07 -1.42697e-07  1.34738e-07 
     18.3333     0.066112  1.45007e-07 -6.26471e-07  0.000658837  2.02559e-07 -1.53152e-07  1.37374e-07 
     18.3333     0.108226  3.35864e-07 -6.41162e-07  0.000658832  2.34132e-07 -1.66057e-07  1.39518e-07 
     18.3333     0.151002  5.38657e-07 -6.56649e-07  0.000658827  2.80344e-07 -1.81439e-07  1.41221e-07 
     18.3333     0.194441  7.46728e-07 -6.73463e-07  0.000658823  3.40027e-07 -1.99054e-07  1.42486e-07 
     18.3333     0.238543  9.52204e-07 -6.91908e-07   0.00065882  4.10574e-07 -2.18503e-07   1.4349e-07 
     18.3333     0.283309   1.1521e-06 -7.12287e-07  0.000658817  4.87961e-07 -2.39034e-07  1.44243e-07 
     18.3333     0.328738  1.32454e-06 -7.35042e-07  0.000658815  5.67566e-07 -2.59876e-07  1.44948e-07 
     18.3333      0.37483  1.46399e-06 -7.60268e-07  0.000658814   6.4132e-07 -2.79569e-07  1.45739e-07 
     18.3333     0.421585  1.57012e-06 -7.87672e-07  0.000658813  7.03002e-07 -2.96947e-07  1.46778e-07 
     18.3333     0.469004  1.64395e-06 -8.16863e-07  0.000658814   7.4857e-07 -3.11188e-07  1.48182e-07 
     18.3333     0.517086  1.68759e-06 -8.47363e-07  0.000658815  7.75944e-07 -3.21787e-07  1.50024e-07 
     18.3333     0.565831  1.70408e-06 -8.78636e-07  0.000658818  7.84759e-07 -3.28529e-07   1.5234e-07 
     18.3333     0.615239  1.69713e-06 -9.10111e-07  0.000658821   7.7608e-07 -3.31443e-07  1.55126e-07 
     18.3333      0.66531  1.67087e-06 -9.41205e-07  0.000658825  7.52075e-07 -3.30768e-07  1.58349e-07 
     18.3333     0.716045  1.62958e-06 -9.71348e-07  0.000658831  7.15689e-07 -3.26899e-07   1.6195e-07 
     18.3333     0.767442  1.57742e-06 -1.00001e-06  0.000658837  6.70296e-07 -3.20339e-07  1.65848e-07 
     18.3333     0.819503  1.51822e-06 -1.02672e-06  0.000658845  6.19359e-07  -3.1165e-07  1.69947e-07 
     18.3333     0.872228  1.45521e-06  -1.0511e-06  0.000658853  5.66115e-07 -3.01398e-07  1.74144e-07 
     18.3333     0.925615  1.39085e-06 -1.07285e-06  0.000658863  5.13299e-07 -2.90111e-07  1.78333e-07 
     18.3333     0.979665   1.3267e-06 -1.09179e-06  0.000658873  4.62923e-07  -2.7823e-07  1.82412e-07 
     18.3333      1.03438  1.26334e-06 -1.10785e-06  0.000658885  4.16152e-07  -2.6608e-07  1.86289e-07 
     18.3333      1.08976  1.20043e-06 -1.12105e-06  0.000658897  3.73283e-07 -2.53848e-07  1.89887e-07 
     18.3333       1.1458  1.13685e-06 -1.13152e-06   0.00065891  3.33881e-07 -2.41576e-07  1.93145e-07 
     18.3333       1.2025  1.07098e-06  -1.1394e-06  0.000658924  2.97088e-07 -2.29175e-07  1.96024e-07 
     18.3333      1.25987  1.00121e-06 -1.14484e-06  0.000658938  2.62155e-07 -2.16468e-07  1.98503e-07 
     18.3333       1.3179  9.26592e-07 -1.14793e-06  0.000658953  2.29244e-07 -2.03254e-07   2.0058e-07 
     18.3333      1.37659  8.48741e-07 -1.14851e-06  0.000658969  2.03214e-07  -1.8935e-07  2.02241e-07 
     18.3333      1.43594  7.74629e-07 -1.14608e-06  0.000658985  1.79266e-07 -1.75846e-07  2.03311e-07 
     18.3333      1.49596    7.128e-07 -1.14031e-06  0.000659002  1.61748e-07 -1.63544e-07   2.0374e-07 
     18.3333      1.55665  6.43755e-07 -1.13299e-06  0.000659019  1.45157e-07 -1.50673e-07  2.03642e-07 
     18.3333      1.61799  5.75222e-07 -1.12311e-06  0.000659036  1.31948e-07 -1.38093e-07  2.02983e-07 
     18.3333         1.68  5.08686e-07 -1.11074e-06  0.000659054  1.21717e-07 -1.25906e-07  2.01731e-07 
     18.3333      1.74267   4.4447e-07 -1.09609e-06  0.000659071  1.14297e-07  -1.1418e-07  1.99918e-07 
     18.3333      1.80601  3.82678e-07 -1.07931e-06  0.000659089  1.09329e-07 -1.02979e-07  1.97561e-07 
     18.3333      1.87001  3.23441e-07 -1.06057e-06  0.000659106  1.06436e-07  -9.2364e-08  1.94683e-07 
     18.3333      1.93467  2.66905e-07 -1.03999e-06  0.000659124  1.05237e-07 -8.23885e-08  1.91316e-07 
     18.3333            2  2.13204e-07 -1.01772e-06  0.000659141  1.05353e-07  -7.3096e-08  1.87498e-07 
          20        -1.25 -1.83014e-19   -1.226e-21  0.000658743 -7.58787e-14  2.91032e-15 -2.33115e-16 
          20     -1.24967   -1.318e-08 -5.44878e-13  0.000658743  2.50534e-11  1.54154e-15 -1.69195e-16 
          20     -1.24867 -5.23241e-08 -8.81142e-12  0.000658743  3.99638e-10 -3.67417e-14  7.41048e-19 
          20     -1.24702 -1.15965e-07 -4.50888e-11  0.000658743  1.99651e-09 -4.21641e-13  8.10419e-16 
          20      -1.2447 -2.01729e-07 -1.44482e-10  0.000658743  6.19091e-09 -2.34672e-12  7.27221e-15 
          20     -1.24171 -3.06321e-07  -3.5869e-10  0.000658743   1.4748e-08 -8.85917e-12  4.21396e-14 
          20     -1.23806 -4.25623e-07  -7.5831e-10  0.000658743  2.96818e-08   -2.613e-11  1.77492e-13 
          20     -1.23375 -5.54723e-07 -1.43482e-09  0.000658743  5.30763e-08 -6.49055e-11  5.94798e-13 
          20     -1.22878 -6.88195e-07 -2.50282e-09  0.000658743  8.69161e-08 -1.42044e-10   1.6833e-12 
          20     -1.22314 -8.20285e-07 -4.10141e-09  0.000658742   1.3291e-07 -2.81953e-10  4.18359e-12 
          20     -1.21684 -9.45124e-07 -6.39462e-09  0.000658742   1.9233e-07 -5.17763e-10  9.37869e-12 
          20     -1.20988 -1.05693e-06 -9.57105e-09  0.000658742  2.65896e-07 -8.92088e-10  1.93305e-11 
          20     -1.20225 -1.15008e-06 -1.38402e-08  0.000658742  3.53643e-07 -1.45691e-09  3.71433e-11 
          20     -1.19396 -1.21945e-06 -1.94294e-08  0.000658742  4.54901e-07 -2.27289e-09  6.72491e-11 
          20     -1.18501 -1.26091e-06 -2.65778e-08  0.000658742  5.68281e-07 -3.40761e-09  1.15683e-10 
          20     -1.17539 -1.27106e-06 -3.55284e-08  0.000658741  6.91719e-07 -4.93277e-09  1.90321e-10 
          20     -1.16511 -1.24791e-06 -4.65211e-08  0.000658741  8.22572e-07 -6.92075e-09  3.01073e-10 
          20     -1.15417 -1.19068e-06 -5.97776e-08  0.000658741  9.57696e-07 -9.43924e-09  4.59923e-10 
          20     -1.14256 -1.10002e-06    -7.55e-08  0.000658741  1.09369e-06 -1.25477e-08  6.80989e-10 
          20     -1.13029 -9.78045e-07  -9.3852e-08   0.00065874  1.22699e-06 -1.62906e-08   9.8029e-10 
          20     -1.11736 -8.28197e-07 -1.14957e-07   0.00065874   1.3541e-06 -2.06939e-08  1.37556e-09 
          20     -1.10377 -6.55198e-07 -1.38883e-07  0.000658739  1.47174e-06 -2.57589e-08   1.8857e-09 
          20     -1.08951 -4.64715e-07 -1.65649e-07  0.000658739  1.57706e-06 -3.14625e-08  2.53059e-09 
          20     -1.07458 -2.63172e-07 -1.95212e-07  0.000658738  1.66774e-06 -3.77529e-08  3.33023e-09 
          20       -1.059 -5.73632e-08 -2.27474e-07  0.000658737  1.74209e-06 -4.45522e-08  4.30437e-09 
          20     -1.04275  1.45905e-07 -2.62287e-07  0.000658736  1.79915e-06 -5.17587e-08  5.47197e-09 
          20     -1.02584  3.40191e-07  -2.9946e-07  0.000658735  1.83864e-06 -5.92527e-08  6.85079e-09 
          20     -1.00827   5.1972e-07  -3.3876e-07  0.000658734    1.861e-06 -6.69007e-08  8.45672e-09 
          20    -0.990028  6.79756e-07 -3.79944e-07  0.000658733  1.86724e-06 -7.45667e-08  1.03042e-08 
          20    -0.971127  8.16751e-07 -4.22748e-07  0.000658732  1.85892e-06 -8.21176e-08  1.24055e-08 
          20    -0.951562  9.28531e-07  -4.6692e-07  0.000658731  1.83793e-06 -8.94332e-08  1.47713e-08 
          20    -0.931335  1.01429e-06 -5.12213e-07  0.000658729  1.80641e-06 -9.64116e-08  1.74103e-08 
          20    -0.910444  1.07458e-06 -5.58414e-07  0.000658727  1.76656e-06 -1.02977e-07  2.03306e-08 
          20     -0.88889  1.11111e-06 -6.05337e-07  0.000658726  1.72053e-06 -1.09083e-07  2.35387e-08 
          20    -0.866673  1.12654e-06 -6.52829e-07  0.000658724  1.67028e-06 -1.14709e-07  2.70406e-08 
          20    -0.843793  1.12421e-06 -7.00778e-07  0.000658721  1.61751e-06 -1.19865e-07   3.0842e-08 
          20    -0.820249  1.10784e-06 -7.49104e-07  0.000658719  1.56358e-06 -1.24584e-07  3.49485e-08 
          20    -0.796043  1.08121e-06 -7.97752e-07  0.000658717   1.5095e-06 -1.28916e-07  3.93648e-08 
          20    -0.771173  1.04794e-06 -8.46696e-07  0.000658714  1.45591e-06 -1.32924e-07  4.40959e-08 
          20     -0.74564  1.01122e-06  -8.9592e-07  0.000658711  1.40315e-06 -1.36674e-07  4.91457e-08 
          20    -0.719443  9.73705e-07 -9.45415e-07  0.000658708  1.35127e-06 -1.40229e-07  5.45171e-08 
          20    -0.692584  9.37393e-07 -9.95166e-07  0.000658705  1.30013e-06 -1.43644e-07  6.02111e-08 
          20    -0.665062  9.03617e-07 -1.04515e-06  0.000658701  1.24943e-06 -1.46962e-07  6.62268e-08 
          20    -0.636876  8.73079e-07 -1.09535e-06  0.000658698  1.19878e-06 -1.50212e-07  7.25609e-08 
          20    -0.608026  8.45931e-07 -1.14569e-06  0.000658694   1.1478e-06 -1.53405e-07  7.92061e-08 
          20    -0.578514  8.21884e-07 -1.19611e-06   0.00065869  1.09612e-06  -1.5654e-07   8.6151e-08 
          20    -0.548339  8.00325e-07  -1.2465e-06  0.000658686  1.04342e-06 -1.59601e-07  9.33806e-08 
          20    -0.517501  7.80445e-07 -1.29676e-06  0.000658682  9.89466e-07 -1.62568e-07  1.00875e-07 
          20    -0.485998  7.61355e-07 -1.34675e-06  0.000658678  9.34116e-07 -1.65414e-07  1.08608e-07 
          20    -0.453833  7.42194e-07  -1.3963e-06  0.000658673  8.77336e-07 -1.68114e-07  1.16549e-07 
          20    -0.421005  7.22216e-07 -1.44524e-06  0.000658668  8.19197e-07 -1.70652e-07   1.2466e-07 
          20    -0.387514  7.00881e-07 -1.49336e-06  0.000658664   7.5989e-07 -1.73024e-07  1.32897e-07 
          20    -0.353359  6.77944e-07 -1.54044e-06  0.000658659  6.99744e-07 -1.75251e-07  1.41211e-07 
          20    -0.318541   6.5354e-07 -1.58625e-06  0.000658654  6.39265e-07 -1.77383e-07  1.49542e-07 
          20    -0.283061  6.28291e-07  -1.6305e-06   0.00065865  5.79171e-07 -1.79514e-07  1.57824e-07 
          20    -0.246917  6.03402e-07 -1.67291e-06  0.000658645  5.20443e-07 -1.81793e-07  1.65986e-07 
          20    -0.210109  5.80766e-07 -1.71317e-06   0.00065864  4.64397e-07 -1.84435e-07  1.73946e-07 
          20    -0.172638   5.6303e-07 -1.75095e-06  0.000658636  4.12736e-07 -1.87731e-07  1.81617e-07 
          20    -0.134505  5.53609e-07 -1.78592e-06  0.000658632  3.67585e-07 -1.92055e-07  1.88909e-07 
          20    -0.095708  5.56597e-07 -1.81774e-06  0.000658628   3.3148e-07 -1.97862e-07  1.95732e-07 
          20    -0.056247  5.76556e-07 -1.84612e-06  0.000658624  3.07303e-07  -2.0567e-07  2.01999e-07 
          20    -0.016124  6.18125e-07 -1.87082e-06  0.000658621  2.98108e-07 -2.16028e-07  2.07633e-07 
          20     0.024662  6.85476e-07 -1.89165e-06  0.000658618   3.0684e-07 -2.29462e-07  2.12577e-07 
          20     0.066112  7.81627e-07 -1.90857e-06  0.000658615  3.35935e-07 -2.46405e-07  2.16799e-07 
          20     0.108226  9.07678e-07 -1.92161e-06  0.000658613  3.86834e-07 -2.67104e-07  2.20296e-07 
          20     0.151002  1.06214e-06 -1.93108e-06  0.000658612  4.59468e-07 -2.91555e-07  2.23145e-07 
          20     0.194441  1.24055e-06 -1.93718e-06  0.000658611  5.51831e-07 -3.19362e-07  2.25381e-07 
          20     0.238543  1.43582e-06 -1.94065e-06  0.000658611  6.59792e-07 -3.49878e-07   2.2723e-07 
          20     0.283309  1.63887e-06 -1.94172e-06  0.000658611  7.76699e-07 -3.81714e-07  2.28766e-07 
          20     0.328738    1.834e-06 -1.94153e-06  0.000658613  8.96182e-07   -4.139e-07  2.30289e-07 
          20      0.37483  2.00649e-06 -1.94045e-06  0.000658615  1.00647e-06 -4.44251e-07  2.31989e-07 
          20     0.421585  2.14612e-06 -1.93894e-06  0.000658618  1.09856e-06 -4.71018e-07  2.34097e-07 
          20     0.469004  2.24632e-06 -1.93724e-06  0.000658621  1.16654e-06 -4.92961e-07  2.36778e-07 
          20     0.517086  2.30386e-06 -1.93544e-06  0.000658626  1.20733e-06 -5.09308e-07  2.40135e-07 
          20     0.565831  2.31842e-06 -1.93346e-06   0.00065863  1.22031e-06 -5.19717e-07  2.44214e-07 
          20     0.615239  2.29219e-06 -1.93112e-06  0.000658636  1.20694e-06 -5.24219e-07  2.49006e-07 
          20      0.66531  2.22934e-06 -1.92811e-06  0.000658642  1.17032e-06 -5.23155e-07  2.54456e-07 
          20     0.716045  2.13547e-06 -1.92408e-06  0.000658649  1.11471e-06 -5.17114e-07  2.60471e-07 
          20     0.767442  2.01639e-06 -1.91858e-06  0.000658656    1.046e-06 -5.06721e-07  2.66933e-07 
          20     0.819503  1.87987e-06 -1.91127e-06  0.000658663  9.67636e-07 -4.93012e-07  2.73663e-07 
          20     0.872228  1.73234e-06 -1.90182e-06  0.000658671  8.84978e-07 -4.76873e-07  2.80507e-07 
          20     0.925615  1.57934e-06 -1.88994e-06  0.000658679  8.02153e-07 -4.59119e-07  2.87302e-07 
          20     0.979665  1.42517e-06 -1.87541e-06  0.000658686  7.22435e-07 -4.40417e-07  2.93893e-07 
          20      1.03438  1.27258e-06 -1.85807e-06  0.000658694  6.48039e-07 -4.21239e-07  3.00142e-07 
          20      1.08976   1.1227e-06 -1.83789e-06  0.000658702  5.80022e-07 -4.01837e-07  3.05934e-07 
          20       1.1458  9.75131e-07 -1.81491e-06   0.00065871  5.18331e-07 -3.82248e-07  3.11179e-07 
          20       1.2025  8.28402e-07 -1.78922e-06  0.000658718  4.62058e-07 -3.62338e-07  3.15806e-07 
          20      1.25987  6.80733e-07   -1.761e-06  0.000658725  4.09918e-07 -3.41895e-07  3.19766e-07 
          20       1.3179  5.31236e-07 -1.73039e-06  0.000658732  3.61025e-07 -3.20788e-07  3.23008e-07 
          20      1.37659  3.81651e-07 -1.69748e-06  0.000658738  3.16005e-07 -2.99183e-07  3.25469e-07 
          20      1.43594  2.38625e-07  -1.6622e-06  0.000658744  2.78508e-07 -2.77857e-07  3.27036e-07 
          20      1.49596  1.11723e-07 -1.62429e-06  0.000658749  2.50522e-07 -2.58103e-07  3.27556e-07 
          20      1.55665 -2.08935e-08  -1.5843e-06  0.000658754  2.24671e-07 -2.37623e-07   3.2733e-07 
          20      1.61799  -1.4517e-07 -1.54235e-06  0.000658758   2.0391e-07 -2.17683e-07    3.261e-07 
          20         1.68 -2.61746e-07  -1.4986e-06  0.000658761  1.87896e-07 -1.98393e-07  3.23919e-07 
          20      1.74267 -3.70979e-07 -1.45324e-06  0.000658764  1.76189e-07 -1.79848e-07  3.20833e-07 
          20      1.80601 -4.73018e-07 -1.40643e-06  0.000658766  1.68277e-07 -1.62135e-07  3.16887e-07 
          20      1.87001 -5.67885e-07 -1.35841e-06  0.000658767  1.63607e-07  -1.4533e-07  3.12129e-07 
          20      1.93467 -6.55582e-07 -1.30939e-06  0.000658768  1.61618e-07 -1.29496e-07  3.06613e-07 
          20            2 -7.32757e-07 -1.25926e-06  0.000658767  1.61445e-07 -1.14838e-07  3.00342e-07 
     21.6667        -1.25 -4.76993e-20  1.56312e-21  0.000658956 -1.31579e-13  4.47874e-15  -3.7217e-16 
     21.6667     -1.24967 -4.07375e-10 -1.99746e-12  0.000658956  3.97101e-11  2.35798e-15 -2.70069e-16 
     21.6667     -1.24867 -1.10327e-09 -3.20523e-11  0.000658956  6.33568e-10 -5.74407e-14  7.15707e-19 
     21.6667     -1.24702 -5.15987e-10 -1.62033e-10  0.000658956  3.16513e-09 -6.59017e-13  1.27882e-15 
     21.6667      -1.2447  3.91336e-09 -5.10718e-10  0.000658955  9.81437e-09 -3.66784e-12  1.14614e-14 
     21.6667     -1.24171  1.56298e-08 -1.24221e-09  0.000658955  2.33789e-08 -1.38461e-11   6.6405e-14 
     21.6667     -1.23806  3.88049e-08  -2.5639e-09  0.000658955  4.70502e-08 -4.08369e-11  2.79696e-13 
     21.6667     -1.23375  7.80799e-08 -4.72201e-09  0.000658955  8.41292e-08 -1.01433e-10  9.37292e-13 
     21.6667     -1.22878  1.38275e-07 -7.99756e-09  0.000658955  1.37757e-07 -2.21973e-10  2.65254e-12 
     21.6667     -1.22314   2.2405e-07    -1.27e-08  0.000658955  2.10637e-07 -4.40596e-10  6.59244e-12 
     21.6667     -1.21684  3.39583e-07 -1.91596e-08  0.000658954  3.04777e-07 -8.09069e-10  1.47787e-11 
     21.6667     -1.20988  4.88328e-07 -2.77195e-08  0.000658954  4.21306e-07 -1.39399e-09  3.04604e-11 
     21.6667     -1.20225  6.72762e-07 -3.87215e-08  0.000658954  5.60267e-07  -2.2766e-09  5.85295e-11 
     21.6667     -1.19396  8.94198e-07 -5.24977e-08  0.000658954  7.20584e-07 -3.55178e-09   1.0597e-10 
     21.6667     -1.18501  1.15225e-06 -6.93569e-08  0.000658953  9.00042e-07 -5.32524e-09  1.82294e-10 
     21.6667     -1.17539   1.4452e-06 -8.95719e-08  0.000658953  1.09536e-06  -7.7093e-09  2.99918e-10 
     21.6667     -1.16511  1.76951e-06  -1.1337e-07  0.000658953  1.30233e-06 -1.08174e-08  4.74462e-10 
     21.6667     -1.15417  2.12009e-06 -1.40911e-07  0.000658953  1.51598e-06 -1.47559e-08  7.24823e-10 
     21.6667     -1.14256  2.49048e-06   -1.723e-07  0.000658952  1.73092e-06 -1.96184e-08  1.07327e-09 
     21.6667     -1.13029   2.8729e-06 -2.07556e-07  0.000658952   1.9415e-06 -2.54752e-08  1.54506e-09 
     21.6667     -1.11736  3.25879e-06  -2.4663e-07  0.000658952  2.14221e-06 -3.23679e-08  2.16818e-09 
     21.6667     -1.10377  3.63897e-06 -2.89385e-07  0.000658952  2.32787e-06 -4.02998e-08  2.97248e-09 
     21.6667     -1.08951  4.00434e-06 -3.35629e-07  0.000658951  2.49399e-06 -4.92356e-08  3.98931e-09 
     21.6667     -1.07458  4.34613e-06 -3.85095e-07  0.000658951  2.63692e-06 -5.90953e-08  5.25026e-09 
     21.6667       -1.059  4.65649e-06 -4.37472e-07  0.000658951  2.75401e-06 -6.97576e-08  6.78653e-09 
     21.6667     -1.04275  4.92882e-06 -4.92411e-07  0.000658951  2.84374e-06 -8.10641e-08  8.62802e-09 
     21.6667     -1.02584  5.15814e-06 -5.49553e-07   0.00065895  2.90571e-06  -9.2827e-08  1.08028e-08 
     21.6667     -1.00827   5.3413e-06 -6.08523e-07   0.00065895  2.94058e-06 -1.04837e-07  1.33359e-08 
     21.6667    -0.990028   5.4771e-06 -6.68979e-07   0.00065895     2.95e-06  -1.1688e-07    1.625e-08 
     21.6667    -0.971127  5.56626e-06 -7.30599e-07   0.00065895  2.93638e-06 -1.28747e-07  1.95645e-08 
     21.6667    -0.951562  5.61127e-06 -7.93109e-07   0.00065895  2.90274e-06 -1.40248e-07  2.32962e-08 
     21.6667    -0.931335  5.61611e-06 -8.56276e-07   0.00065895  2.85243e-06 -1.51223e-07  2.74587e-08 
     21.6667    -0.910444  5.58596e-06 -9.19932e-07   0.00065895  2.78892e-06  -1.6155e-07  3.20644e-08 
     21.6667     -0.88889  5.52671e-06 -9.83954e-07   0.00065895   2.7156e-06 -1.71155e-07  3.71234e-08 
     21.6667    -0.866673  5.44458e-06 -1.04827e-06   0.00065895  2.63556e-06 -1.80008e-07  4.26449e-08 
     21.6667    -0.843793  5.34569e-06 -1.11285e-06   0.00065895  2.55148e-06 -1.88122e-07  4.86376e-08 
     21.6667    -0.820249  5.23567e-06 -1.17768e-06   0.00065895  2.46551e-06  -1.9555e-07  5.51096e-08 
     21.6667    -0.796043  5.11942e-06 -1.24278e-06   0.00065895  2.37924e-06 -2.02371e-07  6.20682e-08 
     21.6667    -0.771173  5.00084e-06 -1.30816e-06  0.000658951  2.29372e-06 -2.08685e-07  6.95205e-08 
     21.6667     -0.74564  4.88278e-06 -1.37384e-06  0.000658951  2.20948e-06 -2.14596e-07  7.74721e-08 
     21.6667    -0.719443  4.76699e-06  -1.4398e-06  0.000658952  2.12662e-06 -2.20206e-07   8.5927e-08 
     21.6667    -0.692584  4.65424e-06   -1.506e-06  0.000658952  2.04494e-06 -2.25603e-07  9.48859e-08 
     21.6667    -0.665062  4.54444e-06  -1.5724e-06  0.000658953  1.96397e-06 -2.30857e-07  1.04347e-07 
     21.6667    -0.636876  4.43679e-06 -1.63888e-06  0.000658954  1.88315e-06 -2.36013e-07  1.14303e-07 
     21.6667    -0.608026  4.32999e-06 -1.70533e-06  0.000658955  1.80188e-06 -2.41092e-07  1.24743e-07 
     21.6667    -0.578514  4.22244e-06 -1.77158e-06  0.000658956  1.71961e-06 -2.46094e-07  1.35648e-07 
     21.6667    -0.548339  4.11236e-06 -1.83744e-06  0.000658957  1.63586e-06 -2.50998e-07  1.46994e-07 
     21.6667    -0.517501  3.99794e-06  -1.9027e-06  0.000658959  1.55029e-06 -2.55773e-07  1.58746e-07 
     21.6667    -0.485998  3.87743e-06 -1.96712e-06   0.00065896   1.4627e-06 -2.60381e-07  1.70866e-07 
     21.6667    -0.453833  3.74918e-06 -2.03042e-06  0.000658962  1.37307e-06 -2.64788e-07  1.83302e-07 
     21.6667    -0.421005  3.61173e-06 -2.09232e-06  0.000658964  1.28157e-06 -2.68971e-07  1.95997e-07 
     21.6667    -0.387514  3.46374e-06  -2.1525e-06  0.000658966  1.18852e-06 -2.72934e-07   2.0888e-07 
     21.6667    -0.353359  3.30415e-06 -2.21061e-06  0.000658969   1.0945e-06 -2.76713e-07  2.21872e-07 
     21.6667    -0.318541  3.13217e-06 -2.26626e-06  0.000658971  1.00035e-06   -2.804e-07  2.34882e-07 
     21.6667    -0.283061  2.94741e-06 -2.31903e-06  0.000658974  9.07278e-07 -2.84152e-07  2.47809e-07 
     21.6667    -0.246917  2.75005e-06 -2.36845e-06  0.000658977  8.16863e-07 -2.88211e-07  2.60539e-07 
     21.6667    -0.210109  2.54101e-06 -2.41399e-06   0.00065898  7.31212e-07 -2.92925e-07   2.7295e-07 
     21.6667    -0.172638  2.32223e-06 -2.45505e-06  0.000658983  6.53008e-07 -2.98758e-07   2.8491e-07 
     21.6667    -0.134505  2.09686e-06 -2.49102e-06  0.000658987  5.85544e-07 -3.06296e-07  2.96284e-07 
     21.6667    -0.095708  1.86943e-06 -2.52121e-06  0.000658991  5.32687e-07 -3.16241e-07  3.06937e-07 
     21.6667    -0.056247  1.64589e-06 -2.54493e-06  0.000658995  4.98754e-07 -3.29384e-07  3.16742e-07 
     21.6667    -0.016124  1.43349e-06 -2.56146e-06  0.000658999  4.88229e-07 -3.46542e-07  3.25592e-07 
     21.6667     0.024662  1.24036e-06 -2.57016e-06  0.000659004  5.05317e-07 -3.68485e-07  3.33408e-07 
     21.6667     0.066112  1.07484e-06 -2.57047e-06  0.000659008   5.5335e-07 -3.95815e-07  3.40154e-07 
     21.6667     0.108226  9.44543e-07 -2.56185e-06  0.000659013  6.34074e-07 -4.28829e-07  3.45828e-07 
     21.6667     0.151002  8.55283e-07 -2.54469e-06  0.000659019  7.46938e-07 -4.67474e-07  3.50615e-07 
     21.6667     0.194441   8.0974e-07  -2.5178e-06  0.000659024  8.88481e-07 -5.10994e-07  3.54468e-07 
     21.6667     0.238543  8.04987e-07 -2.48306e-06   0.00065903  1.05123e-06 -5.57988e-07  3.57811e-07 
     21.6667     0.283309  8.35263e-07  -2.4388e-06  0.000659035  1.22725e-06 -6.07023e-07  3.60598e-07 
     21.6667     0.328738  9.04296e-07 -2.38846e-06   0.00065904  1.40271e-06 -6.56368e-07  3.63602e-07 
     21.6667      0.37483    9.893e-07 -2.33192e-06  0.000659046  1.57362e-06 -7.02936e-07  3.67031e-07 
     21.6667     0.421585  1.06972e-06 -2.27049e-06  0.000659052  1.71092e-06 -7.43786e-07  3.71049e-07 
     21.6667     0.469004  1.13162e-06 -2.20533e-06  0.000659057  1.80919e-06 -7.77056e-07  3.75925e-07 
     21.6667     0.517086  1.16525e-06 -2.13746e-06  0.000659062  1.86608e-06 -8.01614e-07  3.81825e-07 
     21.6667     0.565831   1.1647e-06 -2.06767e-06  0.000659066  1.88194e-06 -8.16981e-07  3.88816e-07 
     21.6667     0.615239   1.1275e-06 -1.99664e-06   0.00065907  1.85944e-06 -8.23246e-07  3.96878e-07 
     21.6667      0.66531  1.05407e-06 -1.92485e-06  0.000659073  1.80309e-06 -8.20963e-07  4.05919e-07 
     21.6667     0.716045  9.47248e-07 -1.85265e-06  0.000659074  1.71876e-06  -8.1105e-07  4.15783e-07 
     21.6667     0.767442  8.11639e-07 -1.78028e-06  0.000659075  1.61318e-06 -7.94666e-07  4.26265e-07 
     21.6667     0.819503  6.53019e-07 -1.70784e-06  0.000659075  1.49336e-06 -7.73102e-07   4.3713e-07 
     21.6667     0.872228  4.77718e-07 -1.63538e-06  0.000659073  1.36614e-06 -7.47663e-07  4.48126e-07 
     21.6667     0.925615  2.92037e-07 -1.56287e-06   0.00065907  1.23771e-06 -7.19562e-07  4.58995e-07 
     21.6667     0.979665  1.01681e-07 -1.49025e-06  0.000659065  1.11314e-06 -6.89827e-07  4.69495e-07 
     21.6667      1.03438 -8.86773e-08 -1.41743e-06  0.000659059  9.96145e-07 -6.59225e-07  4.79405e-07 
     21.6667      1.08976 -2.75715e-07 -1.34438e-06   0.00065905  8.88855e-07 -6.28222e-07  4.88535e-07 
     21.6667       1.1458 -4.57622e-07 -1.27105e-06   0.00065904  7.91817e-07 -5.96976e-07  4.96734e-07 
     21.6667       1.2025 -6.34014e-07  -1.1975e-06  0.000659028  7.04209e-07 -5.65375e-07   5.0389e-07 
     21.6667      1.25987 -8.05578e-07 -1.12385e-06  0.000659014  6.24314e-07 -5.33143e-07  5.09921e-07 
     21.6667       1.3179 -9.73358e-07 -1.05028e-06  0.000658998  5.50333e-07 -5.00011e-07  5.14762e-07 
     21.6667      1.37659 -1.13761e-06 -9.77113e-07   0.00065898  4.81595e-07 -4.65982e-07  5.18344e-07 
     21.6667      1.43594 -1.29617e-06 -9.04726e-07   0.00065896  4.20206e-07 -4.31692e-07  5.20555e-07 
     21.6667      1.49596 -1.44225e-06 -8.33587e-07  0.000658938  3.73277e-07 -3.98899e-07  5.21195e-07 
     21.6667      1.55665 -1.57086e-06  -7.6293e-07  0.000658914  3.37144e-07 -3.68356e-07   5.2022e-07 
     21.6667      1.61799 -1.69636e-06  -6.9232e-07  0.000658888  3.04384e-07 -3.36421e-07  5.18022e-07 
     21.6667         1.68 -1.81015e-06 -6.23702e-07   0.00065886  2.79639e-07 -3.05827e-07   5.1426e-07 
     21.6667      1.74267  -1.9118e-06 -5.56682e-07  0.000658831  2.61808e-07 -2.76575e-07  5.09017e-07 
     21.6667      1.80601 -2.00112e-06 -4.91081e-07    0.0006588  2.49856e-07 -2.48718e-07  5.02379e-07 
     21.6667      1.87001  -2.0781e-06 -4.26886e-07  0.000658768  2.42802e-07 -2.22345e-07   4.9444e-07 
     21.6667      1.93467 -2.14289e-06 -3.64193e-07  0.000658734  2.39716e-07 -1.97552e-07  4.85301e-07 
     21.6667            2 -2.19571e-06 -3.03164e-07  0.000658699   2.3971e-07 -1.74436e-07  4.75064e-07 
     23.3333        -1.25  1.20529e-19  1.43832e-22  0.000658793 -2.19475e-13  6.58567e-15 -5.69922e-16 
     23.3333     -1.24967  2.55167e-08 -2.97276e-12  0.000658793  6.24627e-11  3.39769e-15 -4.13562e-16 
     23.3333     -1.24867  1.02366e-07 -4.75746e-11  0.000658793   9.9672e-10 -8.88951e-14  2.59983e-18 
     23.3333     -1.24702  2.30883e-07 -2.39542e-10  0.000658793  4.97926e-09 -1.01948e-12  1.99649e-15 
     23.3333      -1.2447  4.11681e-07 -7.50877e-10  0.000658793  1.54391e-08 -5.67581e-12  1.79288e-14 
     23.3333     -1.24171   6.4545e-07 -1.81362e-09  0.000658793  3.67764e-08 -2.14321e-11  1.03909e-13 
     23.3333     -1.23806  9.32846e-07 -3.71185e-09  0.000658793    7.401e-08 -6.32299e-11  4.37705e-13 
     23.3333     -1.23375  1.27401e-06 -6.76941e-09  0.000658792   1.3233e-07 -1.57108e-10  1.46694e-12 
     23.3333     -1.22878  1.66848e-06 -1.13381e-08  0.000658792  2.16674e-07 -3.43949e-10  4.15196e-12 
     23.3333     -1.22314  2.11484e-06  -1.7783e-08  0.000658792   3.3129e-07 -6.83012e-10  1.03204e-11 
     23.3333     -1.21684  2.61043e-06 -2.64662e-08  0.000658792  4.79338e-07 -1.25484e-09  2.31393e-11 
     23.3333     -1.20988  3.15129e-06 -3.77326e-08  0.000658791  6.62588e-07 -2.16318e-09  4.76998e-11 
     23.3333     -1.20225  3.73184e-06 -5.18878e-08  0.000658791  8.81114e-07 -3.53484e-09  9.16702e-11 
     23.3333     -1.19396  4.34509e-06 -6.91872e-08  0.000658791  1.13323e-06 -5.51814e-09  1.66002e-10 
     23.3333     -1.18501  4.98229e-06 -8.98197e-08  0.000658791  1.41547e-06 -8.27873e-09  2.85612e-10 
     23.3333     -1.17539  5.63353e-06 -1.13896e-07  0.000658791  1.72269e-06  -1.1993e-08  4.69982e-10 
     23.3333     -1.16511  6.28762e-06 -1.41444e-07  0.000658791   2.0483e-06 -1.68395e-08  7.43629e-10 
     23.3333     -1.15417  6.93249e-06  -1.7239e-07  0.000658791   2.3845e-06 -2.29865e-08  1.13621e-09 
     23.3333     -1.14256   7.5559e-06 -2.06582e-07  0.000658791  2.72283e-06 -3.05825e-08   1.6827e-09 
     23.3333     -1.13029  8.14556e-06 -2.43771e-07  0.000658791  3.05445e-06 -3.97402e-08  2.42277e-09 
     23.3333     -1.11736  8.68997e-06 -2.83637e-07  0.000658791  3.37069e-06 -5.05271e-08  3.40035e-09 
     23.3333     -1.10377  9.17866e-06 -3.25788e-07  0.000658791  3.66341e-06  -6.2951e-08  4.66233e-09 
     23.3333     -1.08951  9.60306e-06   -3.698e-07  0.000658792  3.92555e-06 -7.69589e-08  6.25791e-09 
     23.3333     -1.07458  9.95661e-06 -4.15213e-07  0.000658792  4.15131e-06 -9.24273e-08   8.2367e-09 
     23.3333       -1.059  1.02352e-05 -4.61569e-07  0.000658793  4.33651e-06 -1.09168e-07  1.06476e-08 
     23.3333     -1.04275  1.04374e-05 -5.08429e-07  0.000658794  4.47869e-06 -1.26931e-07  1.35376e-08 
     23.3333     -1.02584  1.05644e-05 -5.55396e-07  0.000658795  4.57716e-06 -1.45424e-07  1.69504e-08 
     23.3333     -1.00827  1.06199e-05 -6.02121e-07  0.000658797  4.63292e-06 -1.64317e-07  2.09254e-08 
     23.3333    -0.990028  1.06098e-05 -6.48337e-07  0.000658799  4.64849e-06 -1.83272e-07   2.5498e-08 
     23.3333    -0.971127  1.05418e-05 -6.93846e-07    0.0006588  4.62762e-06  -2.0196e-07  3.06982e-08 
     23.3333    -0.951562   1.0425e-05 -7.38532e-07  0.000658803  4.57501e-06  -2.2008e-07  3.65522e-08 
     23.3333    -0.931335  1.02689e-05  -7.8235e-07  0.000658805  4.49593e-06 -2.37379e-07   4.3081e-08 
     23.3333    -0.910444  1.00833e-05 -8.25329e-07  0.000658808  4.39583e-06 -2.53668e-07  5.03036e-08 
     23.3333     -0.88889   9.8774e-06 -8.67543e-07  0.000658811  4.28004e-06 -2.68826e-07  5.82356e-08 
     23.3333    -0.866673  9.65958e-06 -9.09109e-07  0.000658815  4.15346e-06 -2.82807e-07   6.6891e-08 
     23.3333    -0.843793  9.43671e-06  -9.5016e-07  0.000658819  4.02032e-06 -2.95632e-07  7.62827e-08 
     23.3333    -0.820249  9.21414e-06 -9.90833e-07  0.000658823  3.88405e-06 -3.07383e-07  8.64232e-08 
     23.3333    -0.796043  8.99553e-06 -1.03125e-06  0.000658828  3.74721e-06 -3.18188e-07  9.73228e-08 
     23.3333    -0.771173  8.78288e-06  -1.0715e-06  0.000658834  3.61145e-06 -3.28202e-07  1.08993e-07 
     23.3333     -0.74564  8.57667e-06 -1.11166e-06  0.000658839  3.47768e-06 -3.37592e-07   1.2144e-07 
     23.3333    -0.719443  8.37613e-06 -1.15172e-06  0.000658846  3.34609e-06 -3.46517e-07  1.34671e-07 
     23.3333    -0.692584  8.17949e-06 -1.19167e-06  0.000658853  3.21638e-06 -3.55119e-07  1.48684e-07 
     23.3333    -0.665062  7.98429e-06 -1.23144e-06   0.00065886  3.08788e-06 -3.63507e-07  1.63477e-07 
     23.3333    -0.636876   7.7877e-06  -1.2709e-06  0.000658868  2.95971e-06 -3.71754e-07  1.79038e-07 
     23.3333    -0.608026  7.58671e-06 -1.30992e-06  0.000658876  2.83096e-06 -3.79896e-07  1.95347e-07 
     23.3333    -0.578514   7.3784e-06  -1.3483e-06  0.000658885  2.70077e-06 -3.87932e-07  2.12374e-07 
     23.3333    -0.548339  7.15998e-06 -1.38585e-06  0.000658895  2.56842e-06 -3.95834e-07  2.30077e-07 
     23.3333    -0.517501  6.92887e-06 -1.42235e-06  0.000658905   2.4334e-06 -4.03553e-07  2.48406e-07 
     23.3333    -0.485998  6.68272e-06 -1.45756e-06  0.000658915  2.29543e-06 -4.11036e-07  2.67296e-07 
     23.3333    -0.453833  6.41936e-06 -1.49123e-06  0.000658926   2.1545e-06 -4.18231e-07  2.86666e-07 
     23.3333    -0.421005   6.1367e-06 -1.52308e-06  0.000658938  2.01088e-06  -4.2511e-07  3.06425e-07 
     23.3333    -0.387514  5.83267e-06 -1.55282e-06   0.00065895  1.86517e-06 -4.31683e-07  3.26464e-07 
     23.3333    -0.353359  5.50518e-06 -1.58013e-06  0.000658962  1.71832e-06  -4.3802e-07  3.46657e-07 
     23.3333    -0.318541  5.15217e-06 -1.60467e-06  0.000658975   1.5717e-06  -4.4427e-07  3.66865e-07 
     23.3333    -0.283061   4.7716e-06 -1.62602e-06  0.000658988  1.42725e-06  -4.5069e-07  3.86929e-07 
     23.3333    -0.246917  4.36168e-06 -1.64373e-06  0.000659001  1.28752e-06  -4.5767e-07  4.06675e-07 
     23.3333    -0.210109  3.92113e-06 -1.65726e-06  0.000659015  1.15584e-06 -4.65759e-07  4.25917e-07 
     23.3333    -0.172638  3.44958e-06 -1.66598e-06  0.000659029  1.03637e-06 -4.75681e-07  4.44454e-07 
     23.3333    -0.134505  2.94804e-06 -1.66919e-06  0.000659043  9.34195e-07 -4.88345e-07  4.62082e-07 
     23.3333    -0.095708  2.41932e-06 -1.66605e-06  0.000659057  8.55161e-07 -5.04821e-07  4.78602e-07 
     23.3333    -0.056247  1.86858e-06 -1.65566e-06   0.00065907  8.05703e-07 -5.26296e-07   4.9383e-07 
     23.3333    -0.016124  1.30368e-06 -1.63702e-06  0.000659084  7.92367e-07  -5.5398e-07  5.07609e-07 
     23.3333     0.024662  7.35157e-07 -1.60911e-06  0.000659097  8.21134e-07 -5.88977e-07  5.19833e-07 
     23.3333     0.066112  1.75975e-07 -1.57091e-06   0.00065911  8.96534e-07 -6.32118e-07  5.30464e-07 
     23.3333     0.108226 -3.59147e-07 -1.52129e-06  0.000659123  1.02063e-06 -6.83745e-07  5.39504e-07 
     23.3333     0.151002 -8.55014e-07  -1.4603e-06  0.000659134  1.19198e-06 -7.43673e-07  5.47282e-07 
     23.3333     0.194441 -1.29796e-06 -1.38559e-06  0.000659145  1.40464e-06 -8.10475e-07  5.53613e-07 
     23.3333     0.238543 -1.67957e-06 -1.29943e-06  0.000659155  1.64588e-06 -8.81575e-07    5.592e-07 
     23.3333     0.283309 -1.99704e-06 -1.20026e-06  0.000659164  1.91158e-06 -9.57223e-07  5.64165e-07 
     23.3333     0.328738 -2.22263e-06 -1.09007e-06  0.000659172  2.17445e-06 -1.03264e-06  5.69733e-07 
     23.3333      0.37483 -2.37208e-06 -9.67838e-07  0.000659178  2.42529e-06  -1.1019e-06  5.75705e-07 
     23.3333     0.421585 -2.46543e-06 -8.36558e-07  0.000659183  2.62195e-06 -1.16178e-06  5.82658e-07 
     23.3333     0.469004 -2.52109e-06 -6.98308e-07  0.000659186  2.75941e-06 -1.20998e-06  5.90944e-07 
     23.3333     0.517086 -2.55432e-06 -5.55024e-07  0.000659187  2.83609e-06 -1.24514e-06  6.00773e-07 
     23.3333     0.565831 -2.57739e-06 -4.08478e-07  0.000659185  2.85352e-06 -1.26667e-06   6.1222e-07 
     23.3333     0.615239 -2.59964e-06  -2.6027e-07  0.000659182  2.81585e-06 -1.27474e-06   6.2524e-07 
     23.3333      0.66531 -2.62774e-06 -1.11824e-07  0.000659176  2.72946e-06  -1.2701e-06  6.39681e-07 
     23.3333     0.716045 -2.66588e-06  3.56255e-08  0.000659167  2.60233e-06 -1.25401e-06  6.55307e-07 
     23.3333     0.767442 -2.71608e-06  1.81014e-07  0.000659155  2.44354e-06 -1.22803e-06  6.71807e-07 
     23.3333     0.819503 -2.77854e-06  3.23472e-07   0.00065914  2.26268e-06 -1.19398e-06  6.88825e-07 
     23.3333     0.872228 -2.85193e-06  4.62295e-07  0.000659122  2.06921e-06 -1.15369e-06  7.05976e-07 
     23.3333     0.925615 -2.93386e-06  5.96939e-07  0.000659101    1.872e-06 -1.10897e-06  7.22866e-07 
     23.3333     0.979665 -3.02118e-06  7.27014e-07  0.000659076  1.67872e-06  -1.0614e-06  7.39113e-07 
     23.3333      1.03438 -3.11043e-06  8.52262e-07  0.000659048  1.49546e-06 -1.01227e-06  7.54368e-07 
     23.3333      1.08976 -3.19816e-06  9.72523e-07  0.000659016  1.32643e-06 -9.62492e-07  7.68323e-07 
     23.3333       1.1458 -3.28128e-06  1.08772e-06  0.000658981   1.1738e-06 -9.12572e-07  7.80729e-07 
     23.3333       1.2025 -3.35731e-06  1.19781e-06  0.000658943  1.03773e-06 -8.62599e-07  7.91397e-07 
     23.3333      1.25987 -3.42454e-06  1.30276e-06  0.000658901  9.16683e-07 -8.12329e-07  8.00195e-07 
     23.3333       1.3179 -3.48212e-06  1.40252e-06  0.000658855  8.08044e-07 -7.61332e-07   8.0704e-07 
     23.3333      1.37659 -3.52992e-06  1.49689e-06  0.000658807  7.09117e-07 -7.09232e-07  8.11874e-07 
     23.3333      1.43594 -3.56829e-06   1.5856e-06  0.000658755  6.18531e-07  -6.5605e-07  8.14624e-07 
     23.3333      1.49596 -3.59754e-06  1.66812e-06    0.0006587  5.38222e-07 -6.02683e-07  8.15158e-07 
     23.3333      1.55665 -3.61716e-06  1.74368e-06  0.000658643  4.75983e-07 -5.51529e-07  8.13204e-07 
     23.3333      1.61799 -3.62475e-06  1.81116e-06  0.000658583  4.48737e-07 -5.07288e-07  8.08266e-07 
     23.3333         1.68  -3.6205e-06   1.8769e-06   0.00065852  4.00367e-07 -4.58248e-07  8.01999e-07 
     23.3333      1.74267 -3.60535e-06  1.93503e-06  0.000658456   3.7362e-07 -4.11921e-07  7.93271e-07 
     23.3333      1.80601 -3.57949e-06   1.9861e-06  0.000658389  3.56548e-07 -3.68385e-07  7.82262e-07 
     23.3333      1.87001 -3.54332e-06   2.0308e-06  0.000658321  3.47378e-07 -3.27554e-07  7.69182e-07 
     23.3333      1.93467 -3.49739e-06  2.06965e-06  0.000658251  3.44449e-07 -2.89401e-07  7.54234e-07 
     23.3333            2 -3.44236e-06    2.103e-06   0.00065818  3.46231e-07 -2.53933e-07  7.37614e-07 
          25        -1.25 -1.58495e-19  1.22826e-21   0.00065706 -3.55908e-13  1.03879e-14 -8.70542e-16 
          25     -1.24967  5.41449e-08 -2.37698e-12   0.00065706  9.77287e-11  5.38229e-15 -6.31875e-16 
          25     -1.24867  2.16213e-07 -3.78846e-11   0.00065706  1.55966e-09 -1.38254e-13  5.54278e-18 
          25     -1.24702  4.83953e-07 -1.89651e-10   0.00065706  7.79187e-09 -1.58564e-12  3.09972e-15 
          25      -1.2447  8.53874e-07 -5.89751e-10   0.00065706  2.41618e-08 -8.82896e-12  2.78817e-14 
          25     -1.24171  1.32104e-06 -1.40985e-09   0.00065706   5.7559e-08 -3.33464e-11   1.6162e-13 
          25     -1.23806  1.87917e-06 -2.84913e-09   0.00065706  1.15846e-07   -9.841e-11  6.80799e-13 
          25     -1.23375  2.52009e-06 -5.11817e-09   0.00065706  2.07159e-07 -2.44605e-10  2.28162e-12 
          25     -1.22878  3.23411e-06 -8.42285e-09   0.00065706  3.39251e-07 -5.35704e-10  6.45766e-12 
          25     -1.22314  4.00982e-06 -1.29463e-08   0.00065706  5.18801e-07 -1.06423e-09  1.60512e-11 
          25     -1.21684  4.83412e-06 -1.88311e-08  0.000657059  7.50795e-07 -1.95602e-09  3.59873e-11 
          25     -1.20988  5.69253e-06 -2.61639e-08  0.000657059  1.03806e-06 -3.37334e-09  7.41818e-11 
          25     -1.20225  6.56913e-06 -3.49575e-08  0.000657059  1.38077e-06 -5.51466e-09  1.42556e-10 
          25     -1.19396  7.44725e-06 -4.51428e-08  0.000657059  1.77635e-06 -8.61224e-09  2.58129e-10 
          25     -1.18501  8.30947e-06 -5.65608e-08  0.000657059  2.21943e-06 -1.29256e-08  4.44081e-10 
          25     -1.17539  9.13857e-06 -6.89604e-08   0.00065706  2.70199e-06 -1.87312e-08  7.30668e-10 
          25     -1.16511  9.91777e-06 -8.20037e-08   0.00065706  3.21379e-06 -2.63091e-08  1.15595e-09 
          25     -1.15417  1.06313e-05  -9.5269e-08   0.00065706  3.74259e-06 -3.59226e-08  1.76595e-09 
          25     -1.14256  1.12655e-05 -1.08275e-07  0.000657061  4.27515e-06 -4.78043e-08  2.61488e-09 
          25     -1.13029  1.18087e-05 -1.20491e-07  0.000657062  4.79756e-06 -6.21303e-08   3.7642e-09 
          25     -1.11736  1.22523e-05 -1.31364e-07  0.000657063  5.29616e-06 -7.90052e-08  5.28193e-09 
          25     -1.10377  1.25909e-05 -1.40346e-07  0.000657064   5.7581e-06 -9.84402e-08  7.24055e-09 
          25     -1.08951  1.28226e-05 -1.46915e-07  0.000657065  6.17218e-06  -1.2035e-07  9.71607e-09 
          25     -1.07458  1.29491e-05 -1.50608e-07  0.000657067   6.5292e-06 -1.44541e-07   1.2785e-08 
          25       -1.059  1.29754e-05 -1.51034e-07  0.000657069  6.82245e-06 -1.70714e-07  1.65227e-08 
          25     -1.04275  1.29098e-05 -1.47903e-07  0.000657071  7.04796e-06  -1.9848e-07  2.10013e-08 
          25     -1.02584  1.27632e-05 -1.41028e-07  0.000657074  7.20455e-06 -2.27377e-07  2.62881e-08 
          25     -1.00827  1.25482e-05 -1.30337e-07  0.000657077   7.2937e-06 -2.56889e-07  3.24433e-08 
          25    -0.990028   1.2279e-05 -1.15868e-07   0.00065708  7.31931e-06 -2.86492e-07  3.95211e-08 
          25    -0.971127    1.197e-05 -9.77633e-08  0.000657084  7.28728e-06  -3.1567e-07  4.75673e-08 
          25    -0.951562   1.1635e-05 -7.62492e-08  0.000657089  7.20496e-06 -3.43957e-07  5.66217e-08 
          25    -0.931335  1.12872e-05 -5.16247e-08  0.000657094  7.08066e-06 -3.70961e-07  6.67163e-08 
          25    -0.910444  1.09376e-05 -2.42286e-08  0.000657099    6.923e-06  -3.9639e-07  7.78799e-08 
          25     -0.88889  1.05952e-05  5.57547e-09  0.000657106   6.7404e-06 -4.20059e-07  9.01359e-08 
          25    -0.866673  1.02665e-05  3.74274e-08  0.000657112  6.54062e-06   -4.419e-07  1.03505e-07 
          25    -0.843793  9.95575e-06  7.09897e-08   0.00065712  6.33036e-06 -4.61949e-07  1.18008e-07 
          25    -0.820249  9.66439e-06  1.05966e-07  0.000657128  6.11506e-06 -4.80339e-07  1.33662e-07 
          25    -0.796043  9.39198e-06  1.42105e-07  0.000657137  5.89879e-06 -4.97265e-07  1.50483e-07 
          25    -0.771173  9.13623e-06  1.79222e-07  0.000657147  5.68421e-06 -5.12974e-07  1.68486e-07 
          25     -0.74564  8.89356e-06  2.17182e-07  0.000657157  5.47275e-06 -5.27722e-07  1.87682e-07 
          25    -0.719443  8.65954e-06   2.5591e-07  0.000657168  5.26476e-06 -5.41761e-07   2.0808e-07 
          25    -0.692584  8.42936e-06  2.95375e-07   0.00065718  5.05979e-06 -5.55305e-07  2.29677e-07 
          25    -0.665062  8.19815e-06  3.35589e-07  0.000657193  4.85679e-06 -5.68525e-07  2.52465e-07 
          25    -0.636876  7.96135e-06  3.76591e-07  0.000657207  4.65443e-06 -5.81533e-07  2.76425e-07 
          25    -0.608026  7.71484e-06  4.18439e-07  0.000657221  4.45125e-06 -5.94385e-07  3.01525e-07 
          25    -0.578514  7.45509e-06  4.61193e-07  0.000657236  4.24593e-06 -6.07079e-07  3.27715e-07 
          25    -0.548339  7.17909e-06  5.04922e-07  0.000657252  4.03736e-06 -6.19572e-07  3.54933e-07 
          25    -0.517501  6.88432e-06  5.49687e-07  0.000657269  3.82473e-06 -6.31791e-07  3.83094e-07 
          25    -0.485998  6.56852e-06  5.95544e-07  0.000657287  3.60764e-06 -6.43656e-07  4.12099e-07 
          25    -0.453833  6.22966e-06  6.42535e-07  0.000657305   3.3861e-06 -6.55091e-07  4.41823e-07 
          25    -0.421005  5.86556e-06  6.90698e-07  0.000657324  3.16057e-06 -6.66059e-07   4.7212e-07 
          25    -0.387514  5.47386e-06  7.40072e-07  0.000657343  2.93202e-06 -6.76584e-07  5.02822e-07 
          25    -0.353359  5.05173e-06  7.90699e-07  0.000657363  2.70197e-06  -6.8678e-07  5.33738e-07 
          25    -0.318541  4.59592e-06  8.42635e-07  0.000657383  2.47266e-06 -6.96889e-07   5.6465e-07 
          25    -0.283061  4.10267e-06  8.95965e-07  0.000657403  2.24714e-06 -7.07318e-07  5.95316e-07 
          25    -0.246917  3.56778e-06  9.50823e-07  0.000657424  2.02941e-06 -7.18676e-07  6.25473e-07 
          25    -0.210109  2.98699e-06   1.0074e-06  0.000657444  1.82466e-06 -7.31811e-07  6.54835e-07 
          25    -0.172638  2.35632e-06    1.066e-06  0.000657465  1.63932e-06 -7.47834e-07  6.83102e-07 
          25    -0.134505  1.67277e-06  1.12699e-06  0.000657485  1.48109e-06 -7.68117e-07  7.09972e-07 
          25    -0.095708  9.34937e-07  1.19093e-06  0.000657505  1.35877e-06 -7.94264e-07  7.35148e-07 
          25    -0.056247  1.44068e-07   1.2585e-06  0.000657524  1.28188e-06 -8.28027e-07  7.58361e-07 
          25    -0.016124 -6.95067e-07  1.33056e-06  0.000657542  1.25993e-06 -8.71161e-07  7.79392e-07 
          25     0.024662  -1.5735e-06  1.40811e-06  0.000657559  1.30139e-06 -9.25227e-07  7.98098e-07 
          25     0.066112 -2.47756e-06   1.4923e-06  0.000657575  1.41238e-06 -9.91343e-07  8.14438e-07 
          25     0.108226 -3.38889e-06  1.58414e-06   0.00065759  1.59521e-06 -1.06983e-06  8.28376e-07 
          25     0.151002  -4.2853e-06  1.68583e-06  0.000657603  1.84708e-06 -1.16049e-06  8.40723e-07 
          25     0.194441 -5.14236e-06  1.79657e-06  0.000657615  2.15895e-06 -1.26077e-06  8.50675e-07 
          25     0.238543 -5.93767e-06   1.9199e-06  0.000657624  2.51602e-06 -1.36928e-06  8.60727e-07 
          25     0.283309 -6.66969e-06  2.05081e-06  0.000657631  2.86278e-06 -1.47973e-06  8.67982e-07 
          25     0.328738 -7.26249e-06  2.19664e-06  0.000657635  3.27465e-06 -1.58958e-06  8.76947e-07 
          25      0.37483 -7.71519e-06  2.35404e-06  0.000657637  3.62941e-06 -1.69014e-06  8.86807e-07 
          25     0.421585 -8.04234e-06  2.52107e-06  0.000657636  3.91043e-06 -1.77665e-06  8.98238e-07 
          25     0.469004 -8.25876e-06  2.69571e-06  0.000657633  4.10746e-06 -1.84574e-06  9.11705e-07 
          25     0.517086  -8.3793e-06  2.87588e-06  0.000657625  4.21611e-06 -1.89537e-06  9.27472e-07 
          25     0.565831 -8.41855e-06  3.05947e-06  0.000657615  4.23725e-06 -1.92469e-06  9.45614e-07 
          25     0.615239 -8.39064e-06   3.2444e-06  0.000657601  4.17629e-06 -1.93392e-06  9.66036e-07 
          25      0.66531 -8.30894e-06  3.42864e-06  0.000657583  4.04232e-06 -1.92414e-06  9.88498e-07 
          25     0.716045 -8.18578e-06  3.61028e-06  0.000657562  3.84726e-06  -1.8972e-06  1.01263e-06 
          25     0.767442 -8.03226e-06   3.7875e-06  0.000657537  3.60488e-06 -1.85541e-06  1.03797e-06 
          25     0.819503 -7.85801e-06  3.95871e-06  0.000657508  3.32978e-06 -1.80144e-06  1.06398e-06 
          25     0.872228   -7.671e-06  4.12248e-06  0.000657475  3.03649e-06 -1.73805e-06  1.09008e-06 
          25     0.925615 -7.47742e-06  4.27762e-06  0.000657439  2.73848e-06 -1.66793e-06  1.11568e-06 
          25     0.979665 -7.28158e-06  4.42319e-06  0.000657398  2.44736e-06 -1.59349e-06  1.14022e-06 
          25      1.03438 -7.08589e-06   4.5585e-06  0.000657354  2.17217e-06 -1.51671e-06  1.16315e-06 
          25      1.08976 -6.89099e-06   4.6831e-06  0.000657306  1.91897e-06 -1.43904e-06  1.18401e-06 
          25       1.1458 -6.69589e-06  4.79676e-06  0.000657254  1.69057e-06 -1.36132e-06  1.20241e-06 
          25       1.2025 -6.49829e-06  4.89942e-06  0.000657199  1.48678e-06 -1.28379e-06  1.21806e-06 
          25      1.25987 -6.29505e-06  4.99116e-06   0.00065714  1.30499e-06 -1.20617e-06  1.23073e-06 
          25       1.3179 -6.08282e-06  5.07205e-06  0.000657078  1.14137e-06 -1.12786e-06   1.2403e-06 
          25      1.37659 -5.85888e-06  5.14205e-06  0.000657013  9.92751e-07  -1.0483e-06  1.24666e-06 
          25      1.43594 -5.62215e-06   5.2009e-06  0.000656945  8.59205e-07 -9.67374e-07  1.24971e-06 
          25      1.49596 -5.37457e-06  5.24783e-06  0.000656875  7.47649e-07  -8.8616e-07  1.24929e-06 
          25      1.55665 -5.12325e-06  5.28158e-06  0.000656802  6.64476e-07 -8.07405e-07  1.24504e-06 
          25      1.61799 -4.88407e-06  5.30727e-06  0.000656728  5.99237e-07 -7.34879e-07  1.23751e-06 
          25         1.68 -4.63773e-06  5.32096e-06  0.000656651  5.50403e-07 -6.63852e-07  1.22634e-06 
          25      1.74267 -4.38719e-06  5.32332e-06  0.000656574  5.16472e-07 -5.95185e-07   1.2117e-06 
          25      1.80601 -4.13512e-06  5.31501e-06  0.000656495  4.95696e-07 -5.29582e-07  1.19377e-06 
          25      1.87001 -3.88387e-06  5.29667e-06  0.000656415  4.86139e-07 -4.67596e-07  1.17279e-06 
          25      1.93467 -3.63549e-06  5.26892e-06  0.000656334  4.85749e-07 -4.09631e-07  1.14902e-06 
          25            2 -3.39165e-06  5.23237e-06  0.000656254   4.9243e-07 -3.55952e-07  1.12272e-06 
     26.6667        -1.25  1.35424e-18  2.64875e-21  0.000652924 -5.25337e-13  1.69033e-14 -1.36242e-15 
     26.6667     -1.24967  6.60615e-08  3.47699e-13  0.000652924  1.52543e-10   8.9243e-15 -9.89001e-16 
     26.6667     -1.24867  2.62975e-07  5.78984e-12  0.000652924  2.43419e-09 -2.13416e-13  4.54556e-18 
     26.6667     -1.24702  5.85566e-07  3.12064e-11  0.000652924  1.21616e-08 -2.44889e-12  4.75122e-15 
     26.6667      -1.2447  1.02567e-06  1.06881e-10  0.000652924  3.77148e-08 -1.36334e-11  4.26486e-14 
     26.6667     -1.24171   1.5721e-06  2.86244e-10  0.000652924  8.98543e-08 -5.14868e-11  2.47128e-13 
     26.6667     -1.23806  2.21105e-06  6.55897e-10  0.000652924  1.80866e-07 -1.51924e-10  1.04083e-12 
     26.6667     -1.23375  2.92578e-06  1.34653e-09  0.000652924  3.23472e-07 -3.77555e-10  3.48767e-12 
     26.6667     -1.22878  3.69755e-06  2.54449e-09  0.000652925  5.29805e-07 -8.26702e-10  9.86924e-12 
     26.6667     -1.22314  4.50578e-06  4.50218e-09  0.000652925  8.10329e-07 -1.64191e-09  2.45257e-11 
     26.6667     -1.21684  5.32854e-06  7.54633e-09  0.000652925  1.17287e-06 -3.01688e-09  5.49739e-11 
     26.6667     -1.20988  6.14337e-06  1.20839e-08  0.000652925  1.62189e-06 -5.20112e-09  1.13289e-10 
     26.6667     -1.20225  6.92763e-06  1.86008e-08  0.000652925  2.15769e-06 -8.49936e-09  2.17646e-10 
     26.6667     -1.19396  7.65964e-06  2.76596e-08  0.000652926  2.77626e-06 -1.32677e-08  3.93974e-10 
     26.6667     -1.18501  8.31903e-06   3.9889e-08  0.000652926  3.46921e-06 -1.99031e-08  6.77565e-10 
     26.6667     -1.17539  8.88792e-06  5.59684e-08  0.000652927  4.22402e-06 -2.88276e-08  1.11445e-09 
     26.6667     -1.16511  9.35129e-06  7.66105e-08  0.000652928   5.0246e-06 -4.04673e-08  1.76248e-09 
     26.6667     -1.15417  9.69771e-06  1.02527e-07  0.000652928  5.85176e-06 -5.52211e-08  2.69155e-09 
     26.6667     -1.14256  9.91999e-06  1.34418e-07   0.00065293  6.68471e-06 -7.34398e-08  3.98394e-09 
     26.6667     -1.13029  1.00153e-05  1.72922e-07  0.000652931   7.5016e-06 -9.53858e-08  5.73282e-09 
     26.6667     -1.11736  9.98534e-06  2.18607e-07  0.000652932  8.28101e-06 -1.21211e-07  8.04122e-09 
     26.6667     -1.10377  9.83643e-06   2.7192e-07  0.000652934  9.00272e-06 -1.50926e-07  1.10188e-08 
     26.6667     -1.08951  9.57891e-06  3.33196e-07  0.000652936   9.6492e-06  -1.8439e-07  1.47806e-08 
     26.6667     -1.07458  9.22676e-06  4.02612e-07  0.000652938   1.0206e-05   -2.213e-07   1.9442e-08 
     26.6667       -1.059  8.79677e-06  4.80194e-07   0.00065294  1.06627e-05 -2.61195e-07  2.51169e-08 
     26.6667     -1.04275  8.30765e-06  5.65815e-07  0.000652943  1.10131e-05 -3.03475e-07   3.1914e-08 
     26.6667     -1.02584  7.77897e-06  6.59208e-07  0.000652946  1.12556e-05 -3.47434e-07  3.99348e-08 
     26.6667     -1.00827  7.23026e-06  7.59958e-07   0.00065295  1.13924e-05 -3.92286e-07  4.92697e-08 
     26.6667    -0.990028  6.67977e-06  8.67567e-07  0.000652954  1.14298e-05 -4.37232e-07  6.00005e-08 
     26.6667    -0.971127  6.14383e-06   9.8144e-07  0.000652958  1.13773e-05 -4.81491e-07   7.2196e-08 
     26.6667    -0.951562  5.63594e-06  1.10095e-06  0.000652963  1.12463e-05 -5.24361e-07   8.5916e-08 
     26.6667    -0.931335  5.16644e-06  1.22542e-06  0.000652968    1.105e-05  -5.6525e-07  1.01208e-07 
     26.6667    -0.910444  4.74205e-06  1.35424e-06  0.000652974  1.08018e-05 -6.03722e-07  1.18116e-07 
     26.6667     -0.88889  4.36608e-06  1.48679e-06  0.000652981  1.05151e-05 -6.39504e-07  1.36675e-07 
     26.6667    -0.866673  4.03854e-06  1.62253e-06  0.000652988  1.02018e-05 -6.72498e-07  1.56915e-07 
     26.6667    -0.843793  3.75659e-06  1.76099e-06  0.000652996  9.87249e-06 -7.02767e-07  1.78867e-07 
     26.6667    -0.820249  3.51515e-06  1.90177e-06  0.000653004  9.53556e-06 -7.30514e-07  2.02556e-07 
     26.6667    -0.796043  3.30756e-06  2.04455e-06  0.000653013  9.19733e-06 -7.56043e-07  2.28006e-07 
     26.6667    -0.771173  3.12618e-06  2.18908e-06  0.000653023  8.86189e-06  -7.7973e-07  2.55239e-07 
     26.6667     -0.74564  2.96315e-06  2.33515e-06  0.000653033  8.53142e-06 -8.01967e-07  2.84269e-07 
     26.6667    -0.719443  2.81084e-06  2.48262e-06  0.000653045  8.20642e-06 -8.23134e-07  3.15108e-07 
     26.6667    -0.692584  2.66232e-06  2.63133e-06  0.000653056  7.88613e-06 -8.43561e-07  3.47749e-07 
     26.6667    -0.665062  2.51163e-06  2.78116e-06  0.000653069  7.56892e-06 -8.63507e-07   3.8218e-07 
     26.6667    -0.636876  2.35391e-06  2.93199e-06  0.000653082  7.25265e-06 -8.83145e-07  4.18369e-07 
     26.6667    -0.608026  2.18542e-06  3.08365e-06  0.000653096  6.93507e-06 -9.02559e-07  4.56264e-07 
     26.6667    -0.578514  2.00344e-06  3.23596e-06  0.000653111  6.61414e-06 -9.21751e-07  4.95788e-07 
     26.6667    -0.548339  1.80605e-06  3.38869e-06  0.000653126  6.28811e-06 -9.40661e-07  5.36841e-07 
     26.6667    -0.517501   1.5919e-06   3.5416e-06  0.000653141  5.95577e-06 -9.59185e-07  5.79297e-07 
     26.6667    -0.485998  1.35994e-06   3.6944e-06  0.000653158   5.6165e-06 -9.77207e-07     6.23e-07 
     26.6667    -0.453833  1.10912e-06  3.84672e-06  0.000653174  5.27038e-06 -9.94626e-07  6.67757e-07 
     26.6667    -0.421005  8.38103e-07  3.99819e-06  0.000653191  4.91816e-06  -1.0114e-06   7.1335e-07 
     26.6667    -0.387514  5.44992e-07   4.1484e-06  0.000653208  4.56139e-06 -1.02757e-06   7.5952e-07 
     26.6667    -0.353359   2.2709e-07   4.2969e-06  0.000653226  4.20248e-06 -1.04334e-06  8.05978e-07 
     26.6667    -0.318541 -1.19274e-07  4.44321e-06  0.000653243  3.84493e-06 -1.05909e-06  8.52395e-07 
     26.6667    -0.283061 -4.98887e-07  4.58684e-06  0.000653261  3.49348e-06 -1.07546e-06  8.98406e-07 
     26.6667    -0.246917  -9.1772e-07  4.72731e-06  0.000653278  3.15431e-06 -1.09338e-06  9.43617e-07 
     26.6667    -0.210109 -1.38277e-06  4.86414e-06  0.000653295  2.83531e-06 -1.11414e-06  9.87605e-07 
     26.6667    -0.172638 -1.90176e-06  4.99691e-06  0.000653311  2.54625e-06 -1.13942e-06  1.02993e-06 
     26.6667    -0.134505 -2.48263e-06  5.12527e-06  0.000653327  2.29867e-06 -1.17124e-06  1.07014e-06 
     26.6667    -0.095708 -3.13272e-06  5.24901e-06  0.000653342  2.10564e-06 -1.21199e-06   1.1078e-06 
     26.6667    -0.056247 -3.85771e-06  5.36808e-06  0.000653356  1.98115e-06 -1.26418e-06  1.14255e-06 
     26.6667    -0.016124 -4.66018e-06  5.48262e-06  0.000653368  1.93897e-06 -1.33034e-06  1.17406e-06 
     26.6667     0.024662 -5.53836e-06  5.59307e-06  0.000653379  1.99114e-06 -1.41264e-06  1.20216e-06 
     26.6667     0.066112 -6.48473e-06  5.70011e-06  0.000653389  2.14605e-06 -1.51255e-06   1.2268e-06 
     26.6667     0.108226   -7.485e-06  5.80466e-06  0.000653397  2.40643e-06 -1.63046e-06  1.24811e-06 
     26.6667     0.151002 -8.51769e-06  5.90821e-06  0.000653402  2.76733e-06 -1.76535e-06   1.2666e-06 
     26.6667     0.194441 -9.55478e-06  6.01157e-06  0.000653406  3.21487e-06 -1.91427e-06  1.28258e-06 
     26.6667     0.238543 -1.05619e-05  6.11673e-06  0.000653407  3.72534e-06 -2.07271e-06  1.29715e-06 
     26.6667     0.283309 -1.15059e-05   6.2236e-06  0.000653406   4.2657e-06 -2.23384e-06  1.31073e-06 
     26.6667     0.328738 -1.23366e-05  6.33509e-06  0.000653402  4.80145e-06 -2.39116e-06  1.32484e-06 
     26.6667      0.37483 -1.30236e-05  6.45166e-06  0.000653395  5.28506e-06 -2.53529e-06  1.34049e-06 
     26.6667     0.421585 -1.35504e-05  6.57351e-06  0.000653386  5.67966e-06 -2.65885e-06  1.35868e-06 
     26.6667     0.469004 -1.39095e-05  6.70011e-06  0.000653373  5.96081e-06 -2.75661e-06  1.38007e-06 
     26.6667     0.517086 -1.41018e-05  6.83037e-06  0.000653358  6.11553e-06 -2.82539e-06  1.40503e-06 
     26.6667     0.565831 -1.41353e-05  6.96274e-06   0.00065334  6.14111e-06 -2.86386e-06   1.4336e-06 
     26.6667     0.615239 -1.40235e-05  7.09534e-06   0.00065332  6.04362e-06 -2.87234e-06  1.46558e-06 
     26.6667      0.66531 -1.37841e-05  7.22612e-06  0.000653296   5.8363e-06 -2.85255e-06  1.50052e-06 
     26.6667     0.716045 -1.34376e-05  7.35297e-06   0.00065327  5.53774e-06 -2.80732e-06   1.5378e-06 
     26.6667     0.767442 -1.30053e-05  7.47383e-06  0.000653241  5.17002e-06 -2.74029e-06  1.57663e-06 
     26.6667     0.819503 -1.25083e-05  7.58687e-06   0.00065321  4.75669e-06 -2.65561e-06  1.61617e-06 
     26.6667     0.872228  -1.1966e-05  7.69054e-06  0.000653177  4.32086e-06 -2.55756e-06  1.65551e-06 
     26.6667     0.925615 -1.13948e-05  7.78363e-06  0.000653141  3.88338e-06 -2.45024e-06  1.69378e-06 
     26.6667     0.979665 -1.08079e-05  7.86534e-06  0.000653104  3.46112e-06 -2.33727e-06  1.73017e-06 
     26.6667      1.03438 -1.02142e-05  7.93517e-06  0.000653065  3.06566e-06 -2.22146e-06  1.76402e-06 
     26.6667      1.08976  -9.6197e-06  7.99291e-06  0.000653024  2.70233e-06  -2.1046e-06  1.79483e-06 
     26.6667       1.1458  -9.0274e-06  8.03681e-06  0.000652982  2.36293e-06 -1.98607e-06   1.8221e-06 
     26.6667       1.2025 -8.43705e-06  8.06745e-06  0.000652938  2.05973e-06 -1.86807e-06  1.84506e-06 
     26.6667      1.25987 -7.84584e-06  8.08474e-06  0.000652894   1.7874e-06 -1.74942e-06  1.86367e-06 
     26.6667       1.3179 -7.24359e-06  8.08746e-06  0.000652849  1.54547e-06 -1.62894e-06  1.87679e-06 
     26.6667      1.37659 -6.63775e-06  8.07739e-06  0.000652803  1.33354e-06 -1.50777e-06  1.88518e-06 
     26.6667      1.43594 -6.03388e-06  8.05421e-06  0.000652758  1.15365e-06 -1.38762e-06   1.8884e-06 
     26.6667      1.49596 -5.43659e-06  8.01828e-06  0.000652712  1.00583e-06 -1.26978e-06  1.88639e-06 
     26.6667      1.55665 -4.84898e-06  7.96936e-06  0.000652666  8.88487e-07 -1.15503e-06  1.87892e-06 
     26.6667      1.61799 -4.27396e-06  7.90762e-06  0.000652621  7.99383e-07 -1.04405e-06  1.86592e-06 
     26.6667         1.68 -3.71413e-06  7.83351e-06  0.000652576  7.36093e-07 -9.37461e-07  1.84752e-06 
     26.6667      1.74267 -3.17181e-06  7.74763e-06  0.000652532  6.95808e-07 -8.35791e-07  1.82394e-06 
     26.6667      1.80601 -2.64917e-06  7.65066e-06  0.000652489  6.75425e-07 -7.39479e-07  1.79544e-06 
     26.6667      1.87001 -2.14834e-06  7.54338e-06  0.000652446  6.71633e-07 -6.48901e-07  1.76239e-06 
     26.6667      1.93467 -1.67143e-06  7.42658e-06  0.000652405   6.8102e-07 -5.64363e-07  1.72516e-06 
     26.6667            2 -1.22049e-06  7.30104e-06  0.000652366  7.00183e-07 -4.86111e-07  1.68418e-06 
     28.3333        -1.25 -1.28252e-20 -4.57835e-21   0.00064675 -7.08395e-13  2.55002e-14 -2.09237e-15 
     28.3333     -1.24967  4.21654e-08  4.49989e-12   0.00064675  2.35485e-10  1.35561e-14 -1.51857e-15 
     28.3333     -1.24867  1.66733e-07  7.22191e-11   0.00064675  3.75647e-09 -3.15065e-13  9.50397e-19 
     28.3333     -1.24702  3.67113e-07   3.6584e-10   0.00064675   1.8767e-08 -3.61567e-12   7.1227e-15 
     28.3333      -1.2447  6.32829e-07  1.15666e-09  0.000646751  5.81956e-08 -2.01269e-11   6.3773e-14 
     28.3333     -1.24171  9.49804e-07  2.82451e-09  0.000646751  1.38638e-07 -7.60029e-11  3.69397e-13 
     28.3333     -1.23806  1.30099e-06  5.85769e-09  0.000646751  2.79031e-07 -2.24244e-10  1.55567e-12 
     28.3333     -1.23375  1.66673e-06  1.08482e-08  0.000646752  4.98972e-07 -5.57216e-10   5.2124e-12 
     28.3333     -1.22878  2.02579e-06  1.84883e-08  0.000646752   8.1712e-07 -1.21993e-09  1.47484e-11 
     28.3333     -1.22314  2.35606e-06  2.95617e-08  0.000646752  1.24954e-06 -2.42254e-09   3.6647e-11 
     28.3333     -1.21684  2.63552e-06  4.49318e-08  0.000646753  1.80818e-06 -4.45054e-09  8.21348e-11 
     28.3333     -1.20988  2.84324e-06  6.55277e-08  0.000646754  2.49977e-06 -7.67143e-09  1.69243e-10 
     28.3333     -1.20225  2.96031e-06  9.23148e-08  0.000646754  3.32459e-06 -1.25339e-08  3.25106e-10 
     28.3333     -1.19396  2.97097e-06  1.26277e-07  0.000646755  4.27628e-06 -1.95619e-08  5.88433e-10 
     28.3333     -1.18501  2.86298e-06  1.68384e-07  0.000646756  5.34166e-06 -2.93396e-08  1.01189e-09 
     28.3333     -1.17539  2.62885e-06   2.1956e-07  0.000646757  6.50119e-06 -4.24869e-08  1.66419e-09 
     28.3333     -1.16511  2.26582e-06  2.80657e-07  0.000646757   7.7299e-06 -5.96299e-08  2.63165e-09 
     28.3333     -1.15417  1.77655e-06  3.52398e-07  0.000646758  8.99807e-06 -8.13542e-08  4.01858e-09 
     28.3333     -1.14256  1.16874e-06  4.35386e-07  0.000646759  1.02736e-05 -1.08174e-07  5.94776e-09 
     28.3333     -1.13029  4.55179e-07  5.30038e-07  0.000646761  1.15228e-05 -1.40473e-07  8.55826e-09 
     28.3333     -1.11736 -3.47056e-07  6.36597e-07  0.000646762  1.27128e-05 -1.78473e-07  1.20039e-08 
     28.3333     -1.10377  -1.2171e-06  7.55082e-07  0.000646763  1.38128e-05 -2.22183e-07  1.64483e-08 
     28.3333     -1.08951 -2.13176e-06  8.85344e-07  0.000646764  1.47959e-05 -2.71399e-07  2.20633e-08 
     28.3333     -1.07458 -3.06623e-06  1.02701e-06  0.000646766  1.56405e-05 -3.25667e-07  2.90215e-08 
     28.3333       -1.059 -3.99559e-06  1.17956e-06  0.000646768  1.63308e-05 -3.84305e-07  3.74928e-08 
     28.3333     -1.04275 -4.89604e-06  1.34229e-06  0.000646769  1.68579e-05 -4.46426e-07  4.76398e-08 
     28.3333     -1.02584 -5.74608e-06  1.51442e-06  0.000646771  1.72194e-05 -5.10985e-07  5.96145e-08 
     28.3333     -1.00827 -6.52733e-06  1.69504e-06  0.000646773  1.74196e-05  -5.7682e-07  7.35522e-08 
     28.3333    -0.990028 -7.22564e-06  1.88325e-06  0.000646775  1.74683e-05 -6.42747e-07  8.95752e-08 
     28.3333    -0.971127 -7.83125e-06  2.07813e-06  0.000646777  1.73801e-05 -7.07612e-07  1.07787e-07 
     28.3333    -0.951562 -8.33919e-06  2.27881e-06  0.000646779  1.71731e-05 -7.70375e-07  1.28276e-07 
     28.3333    -0.931335 -8.74894e-06  2.48446e-06  0.000646782  1.68672e-05 -8.30159e-07  1.51115e-07 
     28.3333    -0.910444 -9.06426e-06  2.69436e-06  0.000646784  1.64834e-05  -8.8632e-07  1.76367e-07 
     28.3333     -0.88889 -9.29227e-06  2.90788e-06  0.000646787  1.60416e-05 -9.38455e-07  2.04086e-07 
     28.3333    -0.866673  -9.4428e-06   3.1245e-06   0.00064679  1.55604e-05 -9.86421e-07  2.34318e-07 
     28.3333    -0.843793 -9.52736e-06  3.34381e-06  0.000646793  1.50555e-05 -1.03032e-06  2.67104e-07 
     28.3333    -0.820249 -9.55829e-06  3.56546e-06  0.000646796  1.45396e-05 -1.07044e-06  3.02485e-07 
     28.3333    -0.796043 -9.54782e-06  3.78916e-06  0.000646799  1.40223e-05 -1.10727e-06  3.40493e-07 
     28.3333    -0.771173  -9.5074e-06  4.01471e-06  0.000646802  1.35095e-05 -1.14134e-06  3.81159e-07 
     28.3333     -0.74564 -9.44713e-06  4.24188e-06  0.000646805  1.30044e-05 -1.17327e-06  4.24505e-07 
     28.3333    -0.719443 -9.37537e-06  4.47045e-06  0.000646809  1.25076e-05 -1.20361e-06  4.70542e-07 
     28.3333    -0.692584  -9.2986e-06  4.70017e-06  0.000646812  1.20178e-05 -1.23288e-06  5.19262e-07 
     28.3333    -0.665062 -9.22144e-06  4.93077e-06  0.000646816  1.15326e-05 -1.26146e-06   5.7064e-07 
     28.3333    -0.636876 -9.14675e-06  5.16191e-06   0.00064682  1.10484e-05 -1.28963e-06  6.24627e-07 
     28.3333    -0.608026 -9.07596e-06  5.39318e-06  0.000646823   1.0562e-05 -1.31752e-06  6.81143e-07 
     28.3333    -0.578514 -9.00936e-06   5.6241e-06  0.000646827  1.00701e-05 -1.34516e-06  7.40068e-07 
     28.3333    -0.548339 -8.94645e-06  5.85414e-06   0.00064683  9.57017e-06 -1.37246e-06   8.0125e-07 
     28.3333    -0.517501  -8.8863e-06  6.08268e-06  0.000646834  9.06043e-06  -1.3993e-06  8.64496e-07 
     28.3333    -0.485998 -8.82787e-06  6.30905e-06  0.000646837  8.53996e-06 -1.42552e-06  9.29571e-07 
     28.3333    -0.453833 -8.77035e-06  6.53249e-06   0.00064684  8.00897e-06 -1.45099e-06  9.96182e-07 
     28.3333    -0.421005 -8.71339e-06  6.75217e-06  0.000646843  7.46868e-06 -1.47569e-06    1.064e-06 
     28.3333    -0.387514 -8.65742e-06  6.96721e-06  0.000646845  6.92153e-06 -1.49972e-06  1.13263e-06 
     28.3333    -0.353359 -8.60388e-06  7.17666e-06  0.000646847  6.37126e-06 -1.52341e-06  1.20165e-06 
     28.3333    -0.318541  -8.5555e-06  7.37946e-06  0.000646849  5.82323e-06 -1.54737e-06  1.27057e-06 
     28.3333    -0.283061 -8.51655e-06  7.57453e-06   0.00064685  5.28463e-06 -1.57258e-06  1.33883e-06 
     28.3333    -0.246917 -8.49308e-06  7.76068e-06   0.00064685   4.7648e-06 -1.60049e-06  1.40587e-06 
     28.3333    -0.210109 -8.49308e-06   7.9367e-06   0.00064685  4.27555e-06 -1.63304e-06  1.47104e-06 
     28.3333    -0.172638 -8.52651e-06  8.10131e-06  0.000646849  3.83136e-06 -1.67272e-06  1.53372e-06 
     28.3333    -0.134505 -8.60513e-06  8.25324e-06  0.000646847  3.44927e-06 -1.72253e-06  1.59324e-06 
     28.3333    -0.095708 -8.74197e-06  8.39128e-06  0.000646845   3.1484e-06 -1.78589e-06  1.64901e-06 
     28.3333    -0.056247 -8.95053e-06   8.5143e-06  0.000646841  2.94897e-06 -1.86645e-06  1.70047e-06 
     28.3333    -0.016124 -9.24336e-06  8.62136e-06  0.000646836  2.87072e-06 -1.96772e-06  1.74722e-06 
     28.3333     0.024662 -9.63044e-06  8.71179e-06  0.000646831  2.93059e-06 -2.09265e-06    1.789e-06 
     28.3333     0.066112 -1.01172e-05  8.78528e-06  0.000646824  3.13999e-06 -2.24308e-06  1.82582e-06 
     28.3333     0.108226 -1.07022e-05  8.84182e-06  0.000646815  3.50183e-06 -2.41917e-06   1.8579e-06 
     28.3333     0.151002 -1.13757e-05  8.88253e-06  0.000646806  4.00775e-06 -2.61901e-06  1.88601e-06 
     28.3333     0.194441 -1.21184e-05  8.90742e-06  0.000646795  4.63627e-06 -2.83778e-06  1.91063e-06 
     28.3333     0.238543 -1.29011e-05  8.91969e-06  0.000646783  5.35251e-06 -3.06881e-06  1.93358e-06 
     28.3333     0.283309 -1.36817e-05  8.91902e-06   0.00064677   6.1062e-06  -3.3012e-06  1.95534e-06 
     28.3333     0.328738  -1.4431e-05  8.90974e-06  0.000646756  6.85522e-06 -3.52725e-06  1.97822e-06 
     28.3333      0.37483 -1.50939e-05  8.89344e-06  0.000646741  7.53128e-06 -3.73322e-06  2.00356e-06 
     28.3333     0.421585 -1.56249e-05  8.87219e-06  0.000646725  8.07932e-06 -3.90795e-06  2.03271e-06 
     28.3333     0.469004 -1.59929e-05  8.84752e-06  0.000646708  8.47042e-06 -4.04496e-06  2.06639e-06 
     28.3333     0.517086 -1.61795e-05  8.82061e-06  0.000646691  8.67663e-06 -4.13818e-06  2.10533e-06 
     28.3333     0.565831 -1.61782e-05  8.79195e-06  0.000646675  8.69416e-06 -4.18592e-06   2.1496e-06 
     28.3333     0.615239 -1.59926e-05   8.7616e-06  0.000646658  8.53351e-06 -4.18921e-06  2.19884e-06 
     28.3333      0.66531 -1.56346e-05  8.72921e-06  0.000646642  8.21629e-06 -4.15125e-06  2.25236e-06 
     28.3333     0.716045 -1.51227e-05  8.69411e-06  0.000646627  7.77167e-06 -4.07685e-06  2.30916e-06 
     28.3333     0.767442 -1.44799e-05   8.6554e-06  0.000646613  7.23307e-06 -3.97182e-06  2.36806e-06 
     28.3333     0.819503 -1.37316e-05  8.61204e-06    0.0006466  6.63469e-06  -3.8424e-06  2.42776e-06 
     28.3333     0.872228  -1.2904e-05  8.56293e-06   0.00064659  6.00861e-06 -3.69471e-06   2.4869e-06 
     28.3333     0.925615 -1.20217e-05  8.50705e-06  0.000646581  5.38228e-06  -3.5343e-06  2.54418e-06 
     28.3333     0.979665 -1.11062e-05  8.44351e-06  0.000646575   4.7767e-06 -3.36571e-06  2.59839e-06 
     28.3333      1.03438 -1.01746e-05  8.37169e-06  0.000646572  4.20579e-06 -3.19231e-06  2.64847e-06 
     28.3333      1.08976 -9.23884e-06  8.29128e-06  0.000646572  3.67707e-06 -3.01624e-06  2.69354e-06 
     28.3333       1.1458 -8.30507e-06  8.20237e-06  0.000646575  3.19395e-06 -2.83864e-06  2.73294e-06 
     28.3333       1.2025 -7.37446e-06  8.10552e-06  0.000646582   2.7602e-06 -2.66019e-06  2.76615e-06 
     28.3333      1.25987 -6.45347e-06  7.99819e-06  0.000646592  2.37649e-06 -2.48343e-06  2.79206e-06 
     28.3333       1.3179 -5.53411e-06  7.88292e-06  0.000646606  2.03818e-06 -2.30505e-06  2.81069e-06 
     28.3333      1.37659 -4.62257e-06  7.75947e-06  0.000646624  1.74741e-06 -2.12727e-06  2.82158e-06 
     28.3333      1.43594 -3.72501e-06  7.62785e-06  0.000646645  1.50453e-06 -1.95163e-06  2.82446e-06 
     28.3333      1.49596 -2.84747e-06  7.48825e-06  0.000646671  1.30855e-06 -1.77951e-06  2.81917e-06 
     28.3333      1.55665 -1.99553e-06  7.34107e-06    0.0006467  1.15728e-06 -1.61217e-06  2.80565e-06 
     28.3333      1.61799 -1.17424e-06  7.18683e-06  0.000646734  1.04755e-06 -1.45071e-06  2.78396e-06 
     28.3333         1.68 -3.88019e-07  7.02611e-06  0.000646771  9.75393e-07 -1.29606e-06   2.7543e-06 
     28.3333      1.74267  3.59494e-07  6.85952e-06  0.000646812  9.36296e-07   -1.149e-06  2.71694e-06 
     28.3333      1.80601  1.06533e-06  6.68771e-06  0.000646857  9.25401e-07 -1.01019e-06   2.6723e-06 
     28.3333      1.87001  1.72713e-06  6.51129e-06  0.000646904  9.37726e-07 -8.80146e-07  2.62088e-06 
     28.3333      1.93467    2.343e-06  6.33086e-06  0.000646956  9.68371e-07 -7.59291e-07  2.56328e-06 
     28.3333            2   2.9103e-06  6.14694e-06   0.00064701  1.01246e-06 -6.48012e-07  2.50013e-06 
          30        -1.25 -2.42984e-19  1.59279e-20  0.000640509 -9.89131e-13  3.66774e-14 -3.04234e-15 
          30     -1.24967 -2.25373e-08   8.0332e-12  0.000640509  3.54006e-10  1.97438e-14 -2.20777e-15 
          30     -1.24867 -9.19214e-08  1.28596e-10  0.000640509  5.64589e-09 -4.38103e-13  6.90147e-18 
          30     -1.24702 -2.12871e-07  6.48557e-10   0.00064051  2.82032e-08 -5.03198e-12  1.04836e-14 
          30      -1.2447 -3.92972e-07  2.03799e-09   0.00064051  8.74428e-08 -2.80244e-11  9.39818e-14 
          30     -1.24171 -6.42051e-07  4.93816e-09   0.00064051   2.0827e-07 -1.05896e-10  5.44506e-13 
          30     -1.23806 -9.71564e-07  1.01463e-08  0.000640511  4.19074e-07 -3.12698e-10  2.29334e-12 
          30     -1.23375  -1.3935e-06  1.85898e-08  0.000640511  7.49182e-07 -7.77742e-10  7.68488e-12 
          30     -1.22878 -1.91972e-06  3.13025e-08  0.000640512  1.22646e-06 -1.70452e-09  2.17471e-11 
          30     -1.22314 -2.56096e-06  4.93924e-08  0.000640513   1.8748e-06 -3.38869e-09  5.40452e-11 
          30     -1.21684 -3.32585e-06   7.4006e-08  0.000640513  2.71187e-06 -6.23306e-09  1.21148e-10 
          30     -1.20988 -4.22003e-06  1.06295e-07  0.000640514  3.74745e-06 -1.07578e-08  2.49677e-10 
          30     -1.20225 -5.24497e-06  1.47361e-07  0.000640515   4.9816e-06    -1.76e-08  4.79707e-10 
          30     -1.19396 -6.39757e-06  1.98227e-07  0.000640516   6.4044e-06 -2.75065e-08  8.68437e-10 
          30     -1.18501 -7.67005e-06  2.59792e-07  0.000640516   7.9958e-06 -4.13127e-08  1.49373e-09 
          30     -1.17539 -9.04927e-06  3.32795e-07  0.000640517  9.72622e-06 -5.99096e-08  2.45719e-09 
          30     -1.16511 -1.05175e-05  4.17789e-07  0.000640518  1.15581e-05 -8.42006e-08  3.88659e-09 
          30     -1.15417 -1.20518e-05  5.15087e-07  0.000640518  1.34467e-05 -1.15036e-07  5.93638e-09 
          30     -1.14256 -1.36265e-05  6.24798e-07  0.000640519  1.53442e-05 -1.53166e-07  8.78843e-09 
          30     -1.13029 -1.52122e-05   7.4677e-07  0.000640519  1.72004e-05  -1.9916e-07  1.26489e-08 
          30     -1.11736 -1.67787e-05  8.80634e-07  0.000640519  1.89663e-05 -2.53354e-07   1.7746e-08 
          30     -1.10377  -1.8295e-05  1.02577e-06  0.000640519  2.05961e-05 -3.15779e-07  2.43226e-08 
          30     -1.08951  -1.9732e-05  1.18143e-06  0.000640519  2.20505e-05 -3.86154e-07  3.26337e-08 
          30     -1.07458 -2.10629e-05  1.34665e-06  0.000640518  2.32974e-05 -4.63839e-07  4.29358e-08 
          30       -1.059 -2.22646e-05  1.52041e-06  0.000640518  2.43139e-05 -5.47855e-07  5.54815e-08 
          30     -1.04275 -2.33193e-05  1.70161e-06  0.000640517  2.50871e-05 -6.36924e-07  7.05125e-08 
          30     -1.02584 -2.42146e-05  1.88914e-06  0.000640515  2.56141e-05 -7.29529e-07  8.82549e-08 
          30     -1.00827 -2.49441e-05  2.08194e-06  0.000640513  2.59015e-05 -8.23977e-07   1.0891e-07 
          30    -0.990028 -2.55075e-05  2.27903e-06  0.000640511  2.59643e-05 -9.18542e-07  1.32659e-07 
          30    -0.971127 -2.59098e-05  2.47953e-06  0.000640509  2.58245e-05 -1.01153e-06  1.59657e-07 
          30    -0.951562 -2.61613e-05  2.68271e-06  0.000640505  2.55091e-05 -1.10141e-06  1.90034e-07 
          30    -0.931335 -2.62759e-05  2.88796e-06  0.000640502  2.50481e-05  -1.1869e-06  2.23899e-07 
          30    -0.910444 -2.62705e-05  3.09485e-06  0.000640497  2.44722e-05 -1.26704e-06  2.61346e-07 
          30     -0.88889 -2.61635e-05  3.30305e-06  0.000640493  2.38114e-05 -1.34123e-06  3.02452e-07 
          30    -0.866673 -2.59735e-05  3.51234e-06  0.000640487  2.30929e-05 -1.40926e-06  3.47285e-07 
          30    -0.843793 -2.57184e-05   3.7226e-06  0.000640481  2.23401e-05 -1.47127e-06  3.95906e-07 
          30    -0.820249 -2.54146e-05  3.93374e-06  0.000640474  2.15716e-05 -1.52771e-06  4.48372e-07 
          30    -0.796043 -2.50758e-05  4.14569e-06  0.000640466  2.08011e-05 -1.57925e-06   5.0473e-07 
          30    -0.771173 -2.47131e-05  4.35838e-06  0.000640457  2.00376e-05 -1.62673e-06  5.65024e-07 
          30     -0.74564 -2.43346e-05  4.57168e-06  0.000640448  1.92853e-05 -1.67103e-06  6.29283e-07 
          30    -0.719443 -2.39457e-05  4.78539e-06  0.000640438   1.8545e-05 -1.71299e-06   6.9752e-07 
          30    -0.692584 -2.35491e-05  4.99925e-06  0.000640426  1.78147e-05 -1.75338e-06  7.69718e-07 
          30    -0.665062 -2.31452e-05  5.21291e-06  0.000640414  1.70904e-05 -1.79278e-06  8.45838e-07 
          30    -0.636876 -2.27328e-05  5.42591e-06  0.000640401  1.63671e-05 -1.83162e-06  9.25802e-07 
          30    -0.608026 -2.23094e-05  5.63773e-06  0.000640387  1.56397e-05 -1.87012e-06  1.00948e-06 
          30    -0.578514 -2.18719e-05  5.84771e-06  0.000640372  1.49036e-05 -1.90833e-06   1.0967e-06 
          30    -0.548339 -2.14167e-05  6.05517e-06  0.000640355  1.41551e-05 -1.94618e-06  1.18723e-06 
          30    -0.517501 -2.09401e-05   6.2593e-06  0.000640338  1.33914e-05  -1.9835e-06  1.28076e-06 
          30    -0.485998 -2.04388e-05  6.45925e-06   0.00064032  1.26116e-05 -2.02011e-06  1.37696e-06 
          30    -0.453833 -1.99096e-05  6.65407e-06  0.000640301  1.18159e-05 -2.05585e-06  1.47537e-06 
          30    -0.421005 -1.93502e-05  6.84274e-06   0.00064028  1.10065e-05 -2.09074e-06   1.5755e-06 
          30    -0.387514 -1.87588e-05  7.02416e-06  0.000640259  1.01871e-05 -2.12498e-06  1.67678e-06 
          30    -0.353359 -1.81345e-05  7.19715e-06  0.000640237  9.36343e-06 -2.15912e-06  1.77855e-06 
          30    -0.318541 -1.74776e-05  7.36041e-06  0.000640214  8.54356e-06 -2.19413e-06  1.88009e-06 
          30    -0.283061   -1.679e-05  7.51253e-06   0.00064019  7.73825e-06 -2.23155e-06  1.98059e-06 
          30    -0.246917 -1.60755e-05  7.65198e-06  0.000640165  6.96131e-06 -2.27355e-06   2.0792e-06 
          30    -0.210109   -1.534e-05  7.77709e-06   0.00064014   6.2301e-06 -2.32304e-06    2.175e-06 
          30    -0.172638 -1.45926e-05  7.88605e-06  0.000640114   5.5657e-06 -2.38371e-06  2.26705e-06 
          30    -0.134505 -1.38456e-05  7.97695e-06  0.000640087  4.99273e-06 -2.45995e-06  2.35442e-06 
          30    -0.095708 -1.31146e-05  8.04778e-06  0.000640061  4.53855e-06 -2.55669e-06  2.43624e-06 
          30    -0.056247 -1.24184e-05   8.0965e-06  0.000640033  4.23185e-06 -2.67909e-06  2.51174e-06 
          30    -0.016124 -1.17785e-05  8.12112e-06  0.000640006  4.10029e-06 -2.83202e-06  2.58036e-06 
          30     0.024662 -1.12174e-05  8.11979e-06  0.000639979  4.16715e-06 -3.01941e-06   2.6418e-06 
          30     0.066112 -1.07568e-05  8.09096e-06  0.000639952  4.44754e-06 -3.24348e-06  2.69609e-06 
          30     0.108226 -1.04153e-05   8.0335e-06  0.000639926  4.94419e-06  -3.5039e-06  2.74369e-06 
          30     0.151002 -1.02049e-05  7.94691e-06  0.000639901  5.64377e-06 -3.79719e-06  2.78553e-06 
          30     0.194441 -1.01288e-05  7.83126e-06  0.000639876  6.51458e-06 -4.11615e-06  2.82288e-06 
          30     0.238543 -1.01792e-05  7.68763e-06  0.000639853  7.50637e-06 -4.45011e-06  2.85756e-06 
          30     0.283309  -1.0332e-05  7.51796e-06  0.000639831  8.54976e-06 -4.78455e-06  2.89164e-06 
          30     0.328738 -1.05699e-05  7.32444e-06  0.000639812    9.582e-06 -5.10685e-06   2.9272e-06 
          30      0.37483   -1.084e-05  7.11034e-06  0.000639795   1.0511e-05  -5.3981e-06  2.96647e-06 
          30     0.421585 -1.10904e-05  6.87946e-06   0.00063978  1.12625e-05 -5.64294e-06  3.01133e-06 
          30     0.469004 -1.12769e-05  6.63558e-06  0.000639769  1.17861e-05  -5.8306e-06  3.06306e-06 
          30     0.517086 -1.13636e-05   6.3823e-06  0.000639762  1.20539e-05 -5.95474e-06  3.12235e-06 
          30     0.565831 -1.13239e-05  6.12294e-06  0.000639759  1.20594e-05 -6.01313e-06  3.18929e-06 
          30     0.615239 -1.11407e-05  5.86039e-06   0.00063976  1.18149e-05 -6.00724e-06   3.2634e-06 
          30      0.66531 -1.08067e-05  5.59703e-06  0.000639767  1.13488e-05 -5.94173e-06  3.34365e-06 
          30     0.716045 -1.03242e-05  5.33463e-06   0.00063978  1.07021e-05 -5.82372e-06   3.4286e-06 
          30     0.767442 -9.70438e-06  5.07442e-06  0.000639799  9.92382e-06 -5.66212e-06  3.51641e-06 
          30     0.819503 -8.96585e-06  4.81702e-06  0.000639824  9.06618e-06 -5.46659e-06  3.60503e-06 
          30     0.872228 -8.13295e-06  4.56263e-06  0.000639857  8.17859e-06 -5.24663e-06  3.69234e-06 
          30     0.925615 -7.23304e-06  4.31121e-06  0.000639897  7.30107e-06 -5.01035e-06  3.77634e-06 
          30     0.979665 -6.29287e-06  4.06276e-06  0.000639945  6.45666e-06 -4.76323e-06  3.85541e-06 
          30      1.03438 -5.33274e-06  3.81787e-06  0.000640001  5.64673e-06 -4.50732e-06  3.92849e-06 
          30      1.08976 -4.35564e-06   3.5779e-06  0.000640065  4.90212e-06 -4.24721e-06  3.99401e-06 
          30       1.1458 -3.38572e-06  3.33948e-06  0.000640138  4.22985e-06 -3.98638e-06  4.05039e-06 
          30       1.2025  -2.4231e-06  3.10534e-06  0.000640219  3.63031e-06 -3.72601e-06  4.09734e-06 
          30      1.25987 -1.47036e-06  2.87531e-06  0.000640308  3.10264e-06 -3.46635e-06  4.13386e-06 
          30       1.3179 -5.30927e-07   2.6496e-06  0.000640406  2.64673e-06 -3.20802e-06  4.15919e-06 
          30      1.37659  3.90183e-07  2.42849e-06  0.000640512  2.26241e-06 -2.95233e-06  4.17284e-06 
          30      1.43594  1.28739e-06  2.21226e-06  0.000640626  1.94834e-06 -2.70077e-06  4.17447e-06 
          30      1.49596  2.15475e-06  2.00126e-06  0.000640748  1.70208e-06 -2.45501e-06   4.1639e-06 
          30      1.55665  2.98645e-06  1.79586e-06  0.000640877  1.51996e-06 -2.21671e-06  4.14114e-06 
          30      1.61799  3.77704e-06  1.59641e-06  0.000641013  1.39712e-06 -1.98745e-06  4.10634e-06 
          30         1.68  4.52177e-06  1.40325e-06  0.000641156  1.32763e-06 -1.76863e-06  4.05981e-06 
          30      1.74267   5.2168e-06  1.21668e-06  0.000641305  1.30463e-06 -1.56143e-06  4.00201e-06 
          30      1.80601   5.8592e-06  1.03692e-06   0.00064146  1.32064e-06 -1.36674e-06  3.93357e-06 
          30      1.87001  6.44693e-06  8.64086e-07  0.000641619  1.36792e-06 -1.18523e-06  3.85523e-06 
          30      1.93467  6.97865e-06   6.9819e-07  0.000641783  1.43906e-06 -1.01732e-06  3.76788e-06 
          30            2  7.45295e-06  5.39366e-07  0.000641951  1.52693e-06 -8.63302e-07  3.67245e-06 
     31.6667        -1.25 -1.00017e-18  -8.1461e-21  0.000637253 -1.52331e-12  5.61418e-14 -4.33202e-15 
     31.6667     -1.24967 -1.08787e-07   8.3929e-12  0.000637253  5.15451e-10  3.15147e-14 -3.14437e-15 
     31.6667     -1.24867 -4.35652e-07  1.34081e-10  0.000637253  8.22141e-09 -5.89989e-13  2.37382e-17 
     31.6667     -1.24702  -9.7971e-07  6.73893e-10  0.000637253  4.10665e-08  -6.7945e-12  1.53278e-14 
     31.6667      -1.2447  -1.7397e-06  2.10744e-09  0.000637253  1.27315e-07 -3.78728e-11  1.37787e-13 
     31.6667     -1.24171 -2.71323e-06  5.07508e-09  0.000637254  3.03207e-07 -1.43303e-10  7.98617e-13 
     31.6667     -1.23806 -3.89649e-06  1.03498e-08  0.000637254  6.10032e-07 -4.23857e-10  3.36391e-12 
     31.6667     -1.23375 -5.28278e-06  1.87966e-08  0.000637255  1.09042e-06 -1.05621e-09  1.12732e-11 
     31.6667     -1.22878  -6.8628e-06  3.13334e-08  0.000637255  1.78482e-06  -2.3196e-09  3.19048e-11 
     31.6667     -1.22314 -8.62385e-06  4.88843e-08  0.000637256  2.72791e-06 -4.62175e-09  7.92978e-11 
     31.6667     -1.21684 -1.05493e-05  7.23317e-08  0.000637256  3.94526e-06 -8.52095e-09  1.77775e-10 
     31.6667     -1.20988 -1.26187e-05  1.02473e-07  0.000637257  5.45092e-06 -1.47419e-08  3.66424e-10 
     31.6667     -1.20225 -1.48064e-05  1.39964e-07  0.000637257  7.24488e-06 -2.41774e-08  7.04099e-10 
     31.6667     -1.19396 -1.70829e-05  1.85288e-07  0.000637258  9.31256e-06 -3.78791e-08  1.27481e-09 
     31.6667     -1.18501 -1.94151e-05  2.38723e-07  0.000637258  1.16247e-05 -5.70305e-08  2.19295e-09 
     31.6667     -1.17539 -2.17666e-05  3.00317e-07  0.000637258  1.41383e-05 -8.29005e-08  3.60778e-09 
     31.6667     -1.16511 -2.40994e-05  3.69881e-07  0.000637258  1.67985e-05 -1.16783e-07  5.70705e-09 
     31.6667     -1.15417 -2.63737e-05  4.46967e-07  0.000637258  1.95407e-05 -1.59905e-07  8.71767e-09 
     31.6667     -1.14256 -2.85512e-05  5.30927e-07  0.000637257  2.22951e-05 -2.13357e-07  1.29069e-08 
     31.6667     -1.13029 -3.05952e-05  6.20892e-07  0.000637256  2.49888e-05 -2.77973e-07  1.85776e-08 
     31.6667     -1.11736 -3.24726e-05  7.15842e-07  0.000637254  2.75507e-05  -3.5426e-07  2.60648e-08 
     31.6667     -1.10377 -3.41547e-05  8.14623e-07  0.000637252  2.99145e-05 -4.42287e-07  3.57255e-08 
     31.6667     -1.08951 -3.56198e-05  9.16047e-07   0.00063725  3.20229e-05 -5.41673e-07  4.79337e-08 
     31.6667     -1.07458 -3.68523e-05   1.0189e-06  0.000637247  3.38293e-05 -6.51515e-07  6.30659e-08 
     31.6667       -1.059 -3.78446e-05  1.12202e-06  0.000637243  3.53007e-05 -7.70423e-07  8.14926e-08 
     31.6667     -1.04275 -3.85965e-05  1.22437e-06  0.000637239  3.64184e-05 -8.96561e-07  1.03568e-07 
     31.6667     -1.02584  -3.9115e-05  1.32503e-06  0.000637234  3.71781e-05 -1.02775e-06  1.29624e-07 
     31.6667     -1.00827 -3.94139e-05  1.42327e-06  0.000637228  3.75897e-05 -1.16154e-06  1.59954e-07 
     31.6667    -0.990028 -3.95123e-05  1.51856e-06  0.000637221   3.7675e-05 -1.29544e-06  1.94824e-07 
     31.6667    -0.971127 -3.94335e-05  1.61057e-06  0.000637213  3.74663e-05 -1.42699e-06   2.3446e-07 
     31.6667    -0.951562 -3.92032e-05  1.69916e-06  0.000637204  3.70028e-05 -1.55397e-06  2.79053e-07 
     31.6667    -0.931335 -3.88483e-05  1.78436e-06  0.000637193  3.63281e-05 -1.67451e-06   3.2876e-07 
     31.6667    -0.910444  -3.8395e-05  1.86634e-06  0.000637182  3.54871e-05 -1.78722e-06  3.83718e-07 
     31.6667     -0.88889 -3.78678e-05  1.94538e-06  0.000637169  3.45231e-05 -1.89122e-06  4.44039e-07 
     31.6667    -0.866673  -3.7288e-05  2.02179e-06  0.000637155  3.34758e-05 -1.98619e-06  5.09821e-07 
     31.6667    -0.843793 -3.66733e-05  2.09592e-06  0.000637139  3.23787e-05 -2.07233e-06  5.81152e-07 
     31.6667    -0.820249 -3.60371e-05   2.1681e-06  0.000637122  3.12588e-05 -2.15029e-06  6.58113e-07 
     31.6667    -0.796043 -3.53888e-05  2.23857e-06  0.000637103  3.01359e-05 -2.22103e-06  7.40768e-07 
     31.6667    -0.771173 -3.47334e-05  2.30752e-06  0.000637083  2.90224e-05 -2.28578e-06   8.2918e-07 
     31.6667     -0.74564 -3.40725e-05  2.37503e-06   0.00063706  2.79245e-05  -2.3458e-06  9.23384e-07 
     31.6667    -0.719443 -3.34047e-05  2.44106e-06  0.000637036  2.68431e-05 -2.40234e-06   1.0234e-06 
     31.6667    -0.692584 -3.27264e-05  2.50549e-06  0.000637011  2.57751e-05 -2.45652e-06  1.12919e-06 
     31.6667    -0.665062 -3.20323e-05  2.56806e-06  0.000636983  2.47144e-05 -2.50919e-06  1.24069e-06 
     31.6667    -0.636876 -3.13164e-05  2.62845e-06  0.000636954  2.36541e-05   -2.561e-06  1.35778e-06 
     31.6667    -0.608026  -3.0572e-05  2.68624e-06  0.000636923  2.25866e-05  -2.6123e-06  1.48028e-06 
     31.6667    -0.578514 -2.97929e-05  2.74093e-06   0.00063689  2.15054e-05 -2.66318e-06  1.60789e-06 
     31.6667    -0.548339 -2.89729e-05  2.79199e-06  0.000636855  2.04052e-05 -2.71358e-06  1.74027e-06 
     31.6667    -0.517501 -2.81062e-05   2.8388e-06  0.000636819  1.92825e-05 -2.76329e-06  1.87699e-06 
     31.6667    -0.485998 -2.71877e-05  2.88074e-06   0.00063678   1.8136e-05 -2.81209e-06  2.01751e-06 
     31.6667    -0.453833 -2.62128e-05   2.9171e-06  0.000636741  1.69666e-05 -2.85985e-06  2.16117e-06 
     31.6667    -0.421005 -2.51771e-05  2.94714e-06    0.0006367  1.57777e-05 -2.90664e-06  2.30724e-06 
     31.6667    -0.387514 -2.40768e-05  2.97005e-06  0.000636657  1.45752e-05 -2.95285e-06  2.45485e-06 
     31.6667    -0.353359 -2.29083e-05  2.98496e-06  0.000636614  1.33678e-05 -2.99937e-06  2.60306e-06 
     31.6667    -0.318541 -2.16687e-05  2.99088e-06   0.00063657  1.21677e-05 -3.04775e-06  2.75079e-06 
     31.6667    -0.283061 -2.03559e-05  2.98673e-06  0.000636524  1.09909e-05  -3.1003e-06  2.89685e-06 
     31.6667    -0.246917 -1.89689e-05  2.97126e-06  0.000636479  9.85755e-06  -3.1603e-06     3.04e-06 
     31.6667    -0.210109 -1.75091e-05  2.94306e-06  0.000636433  8.79288e-06 -3.23208e-06  3.17891e-06 
     31.6667    -0.172638 -1.59805e-05  2.90051e-06  0.000636387  7.82715e-06 -3.32104e-06  3.31223e-06 
     31.6667    -0.134505  -1.4391e-05  2.84178e-06  0.000636341   6.9953e-06 -3.43353e-06  3.43861e-06 
     31.6667    -0.095708 -1.27532e-05  2.76482e-06  0.000636296  6.33578e-06 -3.57663e-06  3.55683e-06 
     31.6667    -0.056247 -1.10853e-05  2.66736e-06  0.000636253  5.88839e-06 -3.75759e-06  3.66583e-06 
     31.6667    -0.016124 -9.41157e-06  2.54697e-06   0.00063621   5.6909e-06 -3.98311e-06  3.76484e-06 
     31.6667     0.024662 -7.76189e-06  2.40116e-06   0.00063617   5.7744e-06 -4.25841e-06  3.85349e-06 
     31.6667     0.066112 -6.17081e-06  2.22746e-06  0.000636132  6.15803e-06 -4.58611e-06  3.93193e-06 
     31.6667     0.108226 -4.67559e-06  2.02361e-06  0.000636096  6.84333e-06 -4.96509e-06  4.00087e-06 
     31.6667     0.151002 -3.31318e-06  1.78783e-06  0.000636064  7.80944e-06 -5.38965e-06  4.06175e-06 
     31.6667     0.194441 -2.11628e-06  1.51881e-06  0.000636035  9.01025e-06  -5.8489e-06   4.1165e-06 
     31.6667     0.238543 -1.10964e-06  1.21634e-06  0.000636011  1.03745e-05 -6.32712e-06  4.16787e-06 
     31.6667     0.283309 -3.05058e-07  8.80992e-07  0.000635992  1.18063e-05 -6.80344e-06   4.2187e-06 
     31.6667     0.328738  2.94604e-07  5.14353e-07  0.000635977  1.32152e-05 -7.25909e-06  4.27204e-06 
     31.6667      0.37483  7.09211e-07  1.19338e-07  0.000635969  1.44779e-05 -7.66803e-06  4.33108e-06 
     31.6667     0.421585  9.71243e-07 -2.99995e-07  0.000635967  1.54943e-05 -8.00904e-06  4.39847e-06 
     31.6667     0.469004  1.12058e-06 -7.38857e-07  0.000635971  1.61949e-05  -8.2672e-06  4.47601e-06 
     31.6667     0.517086  1.20055e-06 -1.19199e-06  0.000635983  1.65405e-05 -8.43374e-06  4.56469e-06 
     31.6667     0.565831  1.25408e-06 -1.65398e-06  0.000636004  1.65212e-05 -8.50579e-06  4.66456e-06 
     31.6667     0.615239  1.32003e-06 -2.11955e-06  0.000636032  1.61544e-05 -8.48588e-06  4.77484e-06 
     31.6667      0.66531  1.43002e-06 -2.58377e-06   0.00063607  1.54813e-05 -8.38121e-06  4.89393e-06 
     31.6667     0.716045  1.60571e-06 -3.04223e-06  0.000636117  1.45637e-05 -8.20319e-06  5.01968e-06 
     31.6667     0.767442  1.85816e-06 -3.49129e-06  0.000636175  1.34743e-05 -7.96539e-06  5.14927e-06 
     31.6667     0.819503  2.18783e-06 -3.92802e-06  0.000636242  1.22794e-05  -7.6808e-06  5.27975e-06 
     31.6667     0.872228  2.58526e-06 -4.35007e-06   0.00063632  1.10436e-05 -7.36252e-06  5.40816e-06 
     31.6667     0.925615  3.03414e-06 -4.75563e-06  0.000636409  9.82055e-06 -7.02175e-06  5.53167e-06 
     31.6667     0.979665  3.51633e-06 -5.14329e-06  0.000636509  8.64681e-06 -6.66646e-06  5.64784e-06 
     31.6667      1.03438  4.01964e-06 -5.51164e-06   0.00063662   7.5415e-06 -6.30106e-06   5.7547e-06 
     31.6667      1.08976  4.53622e-06 -5.86135e-06  0.000636742  6.52581e-06 -5.93032e-06  5.85006e-06 
     31.6667       1.1458  5.04998e-06 -6.19038e-06  0.000636875   5.6131e-06 -5.55932e-06  5.93251e-06 
     31.6667       1.2025  5.55739e-06 -6.49858e-06  0.000637019  4.80513e-06 -5.18924e-06  6.00066e-06 
     31.6667      1.25987  6.05449e-06 -6.78564e-06  0.000637174  4.10284e-06 -4.82149e-06  6.05334e-06 
     31.6667       1.3179  6.53706e-06  -7.0512e-06  0.000637339  3.50605e-06 -4.45765e-06  6.08959e-06 
     31.6667      1.37659  7.00075e-06 -7.29486e-06  0.000637514  3.01332e-06 -4.09949e-06   6.1087e-06 
     31.6667      1.43594  7.44135e-06  -7.5163e-06  0.000637698  2.62163e-06 -3.74883e-06  6.11019e-06 
     31.6667      1.49596  7.85493e-06 -7.71531e-06  0.000637891  2.32639e-06 -3.40762e-06  6.09383e-06 
     31.6667      1.55665  8.23816e-06 -7.89178e-06  0.000638093   2.1213e-06 -3.07788e-06  6.05966e-06 
     31.6667      1.61799  8.58767e-06 -8.04575e-06  0.000638303   1.9985e-06 -2.76139e-06  6.00789e-06 
     31.6667         1.68  8.90082e-06 -8.17747e-06  0.000638519  1.94884e-06 -2.46002e-06    5.939e-06 
     31.6667      1.74267  9.17556e-06 -8.28732e-06  0.000638742  1.96206e-06 -2.17544e-06  5.85372e-06 
     31.6667      1.80601  9.41057e-06 -8.37585e-06   0.00063897  2.02715e-06 -1.90905e-06  5.75298e-06 
     31.6667      1.87001  9.60543e-06 -8.44374e-06  0.000639202  2.13286e-06 -1.66178e-06  5.63791e-06 
     31.6667      1.93467   9.7608e-06 -8.49175e-06  0.000639439  2.26834e-06 -1.43389e-06  5.50985e-06 
     31.6667            2  9.87562e-06 -8.52044e-06  0.000639678  2.42256e-06 -1.22556e-06  5.36998e-06 
     33.3333        -1.25  1.26145e-18 -6.10517e-21  0.000639623 -2.29752e-12  8.94742e-14 -6.33373e-15 
     33.3333     -1.24967  -1.7531e-07  4.02722e-12  0.000639623  7.33221e-10  5.24432e-14 -4.59822e-15 
     33.3333     -1.24867 -6.99653e-07  6.39646e-11  0.000639623  1.16966e-08 -7.98582e-13  2.88179e-17 
     33.3333     -1.24702 -1.56454e-06  3.18393e-10  0.000639623  5.84274e-08  -9.2264e-12  2.23137e-14 
     33.3333      -1.2447 -2.75665e-06  9.82151e-10  0.000639623  1.81146e-07 -5.14549e-11  2.00508e-13 
     33.3333     -1.24171 -4.25721e-06  2.32322e-09  0.000639623  4.31436e-07   -1.949e-10  1.16202e-12 
     33.3333     -1.23806 -6.04252e-06  4.63305e-09  0.000639624  8.68087e-07 -5.77235e-10   4.8943e-12 
     33.3333     -1.23375 -8.08251e-06  8.18899e-09  0.000639624  1.55182e-06 -1.44056e-09  1.64007e-11 
     33.3333     -1.22878 -1.03425e-05  1.32167e-08  0.000639624  2.54032e-06 -3.16881e-09  4.64121e-11 
     33.3333     -1.22314  -1.2783e-05  1.98503e-08  0.000639624  3.88304e-06  -6.3245e-09  1.15343e-10 
     33.3333     -1.21684 -1.53603e-05  2.80952e-08  0.000639624  5.61655e-06 -1.16806e-08  2.58552e-10 
     33.3333     -1.20988 -1.80277e-05  3.77971e-08  0.000639624  7.76105e-06 -2.02441e-08   5.3285e-10 
     33.3333     -1.20225 -2.07349e-05  4.86134e-08  0.000639624  1.03167e-05 -3.32593e-08  1.02374e-09 
     33.3333     -1.19396 -2.34304e-05   6.0002e-08  0.000639623  1.32628e-05 -5.21971e-08  1.85325e-09 
     33.3333     -1.18501 -2.60632e-05  7.12178e-08  0.000639623  1.65579e-05 -7.87172e-08  3.18744e-09 
     33.3333     -1.17539 -2.85835e-05   8.1322e-08  0.000639622  2.01407e-05 -1.14604e-07  5.24294e-09 
     33.3333     -1.16511 -3.09448e-05  8.92059e-08  0.000639621  2.39332e-05 -1.61682e-07  8.29206e-09 
     33.3333     -1.15417 -3.31047e-05  9.36235e-08  0.000639619   2.7843e-05 -2.21683e-07  1.26638e-08 
     33.3333     -1.14256 -3.50278e-05  9.32419e-08  0.000639617  3.17703e-05 -2.96152e-07  1.87454e-08 
     33.3333     -1.13029 -3.66858e-05  8.66923e-08  0.000639615   3.5611e-05 -3.86274e-07  2.69757e-08 
     33.3333     -1.11736 -3.80592e-05  7.26304e-08  0.000639612  3.92635e-05 -4.92769e-07  3.78394e-08 
     33.3333     -1.10377 -3.91373e-05   4.9801e-08  0.000639609  4.26327e-05 -6.15742e-07  5.18532e-08 
     33.3333     -1.08951 -3.99192e-05  1.70869e-08  0.000639605  4.56365e-05 -7.54657e-07  6.95581e-08 
     33.3333     -1.07458 -4.04132e-05 -2.64301e-08    0.0006396  4.82085e-05 -9.08237e-07  9.14982e-08 
     33.3333       -1.059 -4.06359e-05 -8.14349e-08  0.000639594  5.03013e-05 -1.07451e-06  1.18209e-07 
     33.3333     -1.04275 -4.06112e-05 -1.48352e-07  0.000639588  5.18882e-05 -1.25089e-06  1.50203e-07 
     33.3333     -1.02584 -4.03686e-05 -2.27339e-07  0.000639581  5.29636e-05 -1.43425e-06  1.87957e-07 
     33.3333     -1.00827 -3.99418e-05 -3.18272e-07  0.000639572  5.35413e-05 -1.62116e-06  2.31898e-07 
     33.3333    -0.990028 -3.93662e-05 -4.20803e-07  0.000639563  5.36533e-05 -1.80804e-06  2.82409e-07 
     33.3333    -0.971127 -3.86773e-05 -5.34354e-07  0.000639552  5.33456e-05 -1.99141e-06  3.39815e-07 
     33.3333    -0.951562 -3.79089e-05 -6.58195e-07   0.00063954  5.26745e-05 -2.16812e-06  4.04394e-07 
     33.3333    -0.931335 -3.70912e-05 -7.91459e-07  0.000639527  5.17025e-05 -2.33549e-06  4.76371e-07 
     33.3333    -0.910444 -3.62499e-05 -9.33244e-07  0.000639512  5.04937e-05 -2.49153e-06  5.55946e-07 
     33.3333     -0.88889 -3.54052e-05 -1.08262e-06  0.000639495  4.91098e-05 -2.63501e-06  6.43277e-07 
     33.3333    -0.866673 -3.45717e-05  -1.2387e-06  0.000639477  4.76071e-05 -2.76544e-06  7.38506e-07 
     33.3333    -0.843793 -3.37579e-05 -1.40067e-06  0.000639458  4.60333e-05  -2.8831e-06  8.41758e-07 
     33.3333    -0.820249 -3.29673e-05 -1.56783e-06  0.000639436  4.44266e-05 -2.98891e-06   9.5315e-07 
     33.3333    -0.796043 -3.21987e-05 -1.73958e-06  0.000639413  4.28145e-05 -3.08424e-06  1.07277e-06 
     33.3333    -0.771173 -3.14471e-05 -1.91547e-06  0.000639388  4.12147e-05 -3.17081e-06   1.2007e-06 
     33.3333     -0.74564 -3.07048e-05 -2.09514e-06  0.000639361  3.96356e-05 -3.25046e-06  1.33699e-06 
     33.3333    -0.719443 -2.99626e-05 -2.27837e-06  0.000639332   3.8078e-05 -3.32497e-06  1.48167e-06 
     33.3333    -0.692584 -2.92102e-05 -2.46499e-06  0.000639301  3.65374e-05 -3.39591e-06  1.63467e-06 
     33.3333    -0.665062 -2.84376e-05 -2.65492e-06  0.000639269  3.50055e-05 -3.46458e-06  1.79589e-06 
     33.3333    -0.636876 -2.76349e-05 -2.84815e-06  0.000639234  3.34719e-05 -3.53189e-06  1.96515e-06 
     33.3333    -0.608026 -2.67932e-05 -3.04466e-06  0.000639198  3.19264e-05  -3.5984e-06  2.14216e-06 
     33.3333    -0.578514 -2.59049e-05 -3.24445e-06  0.000639159  3.03599e-05  -3.6643e-06  2.32651e-06 
     33.3333    -0.548339 -2.49632e-05 -3.44754e-06  0.000639119  2.87654e-05 -3.72953e-06  2.51769e-06 
     33.3333    -0.517501 -2.39619e-05 -3.65391e-06  0.000639078  2.71384e-05  -3.7939e-06  2.71504e-06 
     33.3333    -0.485998 -2.28958e-05 -3.86357e-06  0.000639034  2.54777e-05 -3.85718e-06  2.91777e-06 
     33.3333    -0.453833   -2.176e-05 -4.07646e-06   0.00063899  2.37855e-05 -3.91928e-06  3.12494e-06 
     33.3333    -0.421005 -2.05494e-05 -4.29256e-06  0.000638944  2.20673e-05 -3.98042e-06  3.33545e-06 
     33.3333    -0.387514  -1.9259e-05 -4.51183e-06  0.000638898  2.03328e-05 -4.04133e-06  3.54807e-06 
     33.3333    -0.353359 -1.78831e-05 -4.73426e-06   0.00063885  1.85954e-05 -4.10348e-06  3.76138e-06 
     33.3333    -0.318541 -1.64158e-05 -4.95989e-06  0.000638802  1.68734e-05 -4.16924e-06  3.97383e-06 
     33.3333    -0.283061 -1.48508e-05  -5.1888e-06  0.000638754  1.51908e-05 -4.24216e-06  4.18373e-06 
     33.3333    -0.246917 -1.31817e-05 -5.42121e-06  0.000638707  1.35773e-05 -4.32716e-06  4.38927e-06 
     33.3333    -0.210109 -1.14031e-05 -5.65748e-06  0.000638659  1.20693e-05 -4.43061e-06  4.58855e-06 
     33.3333    -0.172638 -9.51109e-06 -5.89815e-06  0.000638613  1.07101e-05 -4.56038e-06  4.77966e-06 
     33.3333    -0.134505 -7.50472e-06 -6.14402e-06  0.000638568   9.5489e-06 -4.72564e-06   4.9607e-06 
     33.3333    -0.095708  -5.3874e-06 -6.39618e-06  0.000638525  8.63917e-06 -4.93645e-06  5.12999e-06 
     33.3333    -0.056247 -3.16875e-06  -6.6561e-06  0.000638485  8.03531e-06 -5.20299e-06  5.28607e-06 
     33.3333    -0.016124 -8.66302e-07 -6.92555e-06  0.000638447  7.78782e-06 -5.53444e-06  5.42795e-06 
     33.3333     0.024662  1.49354e-06  -7.2067e-06  0.000638412  7.93695e-06  -5.9377e-06  5.55522e-06 
     33.3333     0.066112  3.87474e-06 -7.50202e-06  0.000638381   8.5054e-06 -6.41581e-06  5.66821e-06 
     33.3333     0.108226    6.232e-06 -7.81415e-06  0.000638354  9.49098e-06 -6.96638e-06  5.76812e-06 
     33.3333     0.151002  8.51258e-06 -8.14578e-06  0.000638333  1.08604e-05 -7.58048e-06  5.85712e-06 
     33.3333     0.194441  1.06597e-05 -8.49933e-06  0.000638316  1.25459e-05 -8.24194e-06  5.93813e-06 
     33.3333     0.238543   1.2617e-05 -8.87692e-06  0.000638306  1.44464e-05 -8.92795e-06   6.0152e-06 
     33.3333     0.283309  1.43324e-05 -9.27964e-06  0.000638301  1.64297e-05 -9.60882e-06  6.09235e-06 
     33.3333     0.328738  1.57703e-05  -9.7078e-06  0.000638304  1.83634e-05 -1.02563e-05  6.17411e-06 
     33.3333      0.37483   1.6902e-05 -1.01605e-05  0.000638313  2.00858e-05  -1.0835e-05  6.26496e-06 
     33.3333     0.421585  1.77214e-05 -1.06354e-05  0.000638331  2.14644e-05 -1.13163e-05   6.3686e-06 
     33.3333     0.469004  1.82426e-05  -1.1129e-05  0.000638356  2.24048e-05 -1.16795e-05   6.4876e-06 
     33.3333     0.517086  1.84958e-05 -1.16365e-05   0.00063839  2.28531e-05 -1.19123e-05  6.62327e-06 
     33.3333     0.565831  1.85222e-05 -1.21524e-05  0.000638432  2.27964e-05 -1.20109e-05  6.77565e-06 
     33.3333     0.615239   1.8369e-05 -1.26711e-05  0.000638483  2.22564e-05 -1.19791e-05   6.9436e-06 
     33.3333      0.66531  1.80844e-05 -1.31863e-05  0.000638543  2.13061e-05 -1.18295e-05  7.12447e-06 
     33.3333     0.716045  1.77131e-05 -1.36923e-05  0.000638613  2.00244e-05 -1.15776e-05  7.31495e-06 
     33.3333     0.767442  1.72925e-05 -1.41836e-05  0.000638692  1.85087e-05 -1.12426e-05  7.51101e-06 
     33.3333     0.819503  1.68505e-05 -1.46554e-05   0.00063878  1.68585e-05 -1.08445e-05  7.70825e-06 
     33.3333     0.872228  1.64041e-05 -1.51038e-05  0.000638878  1.51631e-05 -1.04017e-05  7.90235e-06 
     33.3333     0.925615  1.59612e-05 -1.55255e-05  0.000638986  1.34873e-05 -9.92788e-06  8.08944e-06 
     33.3333     0.979665  1.55232e-05 -1.59182e-05  0.000639103  1.18743e-05 -9.43192e-06  8.26602e-06 
     33.3333      1.03438  1.50907e-05 -1.62798e-05  0.000639229  1.03703e-05 -8.92459e-06  8.42848e-06 
     33.3333      1.08976  1.46613e-05 -1.66089e-05  0.000639363  8.99686e-06 -8.41166e-06  8.57434e-06 
     33.3333       1.1458  1.42322e-05 -1.69045e-05  0.000639507  7.76592e-06 -7.89732e-06  8.70115e-06 
     33.3333       1.2025  1.38013e-05 -1.71659e-05  0.000639659  6.68451e-06 -7.38477e-06  8.80687e-06 
     33.3333      1.25987  1.33669e-05 -1.73922e-05  0.000639818  5.75436e-06 -6.87668e-06  8.88976e-06 
     33.3333       1.3179  1.29278e-05 -1.75832e-05  0.000639985  4.97475e-06 -6.37538e-06  8.94849e-06 
     33.3333      1.37659   1.2483e-05 -1.77385e-05  0.000640159  4.34237e-06 -5.88306e-06  8.98204e-06 
     33.3333      1.43594  1.20321e-05  -1.7858e-05  0.000640339  3.85139e-06 -5.40192e-06  8.98973e-06 
     33.3333      1.49596  1.15751e-05  -1.7942e-05  0.000640526  3.49388e-06 -4.93431e-06  8.97122e-06 
     33.3333      1.55665  1.11127e-05 -1.79908e-05  0.000640717  3.25997e-06 -4.48273e-06   8.9265e-06 
     33.3333      1.61799  1.06461e-05 -1.80049e-05  0.000640912    3.138e-06 -4.04977e-06  8.85591e-06 
     33.3333         1.68  1.01772e-05 -1.79852e-05  0.000641112  3.11466e-06 -3.63793e-06  8.76015e-06 
     33.3333      1.74267  9.70774e-06 -1.79326e-05  0.000641314  3.17498e-06 -3.24929e-06  8.64025e-06 
     33.3333      1.80601  9.23992e-06 -1.78484e-05  0.000641519  3.30226e-06 -2.88504e-06  8.49763e-06 
     33.3333      1.87001  8.77618e-06 -1.77342e-05  0.000641726  3.48146e-06 -2.54686e-06  8.33394e-06 
     33.3333      1.93467  8.31836e-06 -1.75914e-05  0.000641933  3.69612e-06 -2.23528e-06  8.15092e-06 
     33.3333            2  7.86802e-06 -1.74219e-05  0.000642142  3.93128e-06 -1.95046e-06  7.95062e-06 
          35        -1.25  9.22975e-19  6.94178e-21  0.000648034 -3.13664e-12  1.32316e-13 -9.35134e-15 
          35     -1.24967 -1.76312e-07 -4.25107e-12  0.000648034  1.03121e-09  7.87817e-14 -6.78804e-15 
          35     -1.24867 -7.01646e-07 -6.85892e-11  0.000648034  1.64494e-08 -1.10051e-12  1.67186e-17 
          35     -1.24702 -1.56156e-06 -3.50278e-10  0.000648034  8.21715e-08 -1.27318e-11  3.22252e-14 
          35      -1.2447 -2.73321e-06 -1.11966e-09  0.000648034  2.54773e-07 -7.10075e-11  2.88912e-13 
          35     -1.24171 -4.18527e-06 -2.77149e-09  0.000648033  6.06823e-07 -2.69031e-10  1.67381e-12 
          35     -1.23806 -5.87917e-06 -5.83963e-09  0.000648033  1.22105e-06 -7.97063e-10  7.04936e-12 
          35     -1.23375  -7.7686e-06  -1.1009e-08  0.000648033  2.18293e-06 -1.98994e-09  2.36207e-11 
          35     -1.22878 -9.80228e-06 -1.91295e-08  0.000648032  3.57368e-06 -4.37908e-09  6.68384e-11 
          35     -1.22314 -1.19248e-05 -3.12238e-08  0.000648032  5.46292e-06 -8.74375e-09  1.66091e-10 
          35     -1.21684 -1.40785e-05 -4.84891e-08  0.000648031  7.90218e-06 -1.61557e-08  3.72276e-10 
          35     -1.20988 -1.62051e-05 -7.22938e-08   0.00064803  1.09199e-05 -2.80121e-08  7.67151e-10 
          35     -1.20225 -1.82469e-05 -1.04152e-07  0.000648029  1.45161e-05 -4.60411e-08  1.47376e-09 
          35     -1.19396 -2.01495e-05 -1.45701e-07  0.000648028  1.86617e-05 -7.22866e-08  2.66767e-09 
          35     -1.18501  -2.1864e-05 -1.98668e-07  0.000648026   2.3298e-05 -1.09057e-07  4.58781e-09 
          35     -1.17539 -2.33478e-05 -2.64811e-07  0.000648025  2.83384e-05 -1.58835e-07  7.54582e-09 
          35     -1.16511 -2.45672e-05 -3.45883e-07  0.000648023  3.36727e-05 -2.24163e-07  1.19335e-08 
          35     -1.15417 -2.54975e-05 -4.43527e-07  0.000648021  3.91702e-05 -3.07456e-07  1.82242e-08 
          35     -1.14256 -2.61254e-05  -5.5928e-07  0.000648019  4.46903e-05 -4.10869e-07  2.69752e-08 
          35     -1.13029 -2.64478e-05 -6.94445e-07  0.000648016  5.00859e-05 -5.36061e-07  3.88181e-08 
          35     -1.11736 -2.64729e-05 -8.50086e-07  0.000648013  5.52139e-05 -6.84043e-07  5.44512e-08 
          35     -1.10377 -2.62187e-05 -1.02693e-06  0.000648009  5.99404e-05 -8.54971e-07  7.46187e-08 
          35     -1.08951 -2.57124e-05  -1.2254e-06  0.000648005  6.41502e-05 -1.04811e-06  1.00101e-07 
          35     -1.07458 -2.49886e-05 -1.44556e-06  0.000648001  6.77501e-05 -1.26168e-06  1.31682e-07 
          35       -1.059 -2.40872e-05 -1.68712e-06  0.000647996   7.0674e-05 -1.49295e-06  1.70137e-07 
          35     -1.04275 -2.30511e-05 -1.94945e-06   0.00064799  7.28851e-05 -1.73828e-06  2.16206e-07 
          35     -1.02584 -2.19242e-05 -2.23167e-06  0.000647984  7.43761e-05 -1.99336e-06  2.70581e-07 
          35     -1.00827 -2.07489e-05 -2.53258e-06  0.000647977  7.51675e-05 -2.25331e-06   3.3388e-07 
          35    -0.990028  -1.9564e-05  -2.8509e-06   0.00064797  7.53045e-05 -2.51317e-06  4.06661e-07 
          35    -0.971127 -1.84031e-05 -3.18516e-06  0.000647962  7.48523e-05 -2.76803e-06  4.89396e-07 
          35    -0.951562 -1.72933e-05 -3.53388e-06  0.000647952  7.38905e-05 -3.01343e-06  5.82493e-07 
          35    -0.931335 -1.62545e-05 -3.89553e-06  0.000647942  7.25068e-05  -3.2456e-06  6.86278e-07 
          35    -0.910444 -1.52991e-05 -4.26874e-06  0.000647932   7.0791e-05 -3.46171e-06  8.01044e-07 
          35     -0.88889 -1.44323e-05 -4.65216e-06   0.00064792  6.88297e-05 -3.65998e-06  9.27025e-07 
          35    -0.866673 -1.36527e-05 -5.04463e-06  0.000647907  6.67012e-05 -3.83972e-06  1.06443e-06 
          35    -0.843793 -1.29536e-05 -5.44511e-06  0.000647893  6.44722e-05 -4.00128e-06  1.21343e-06 
          35    -0.820249  -1.2324e-05 -5.85274e-06  0.000647878  6.21955e-05 -4.14593e-06   1.3742e-06 
          35    -0.796043 -1.17504e-05 -6.26672e-06  0.000647863  5.99096e-05 -4.27562e-06  1.54688e-06 
          35    -0.771173 -1.12173e-05 -6.68645e-06  0.000647846  5.76386e-05 -4.39278e-06  1.73157e-06 
          35     -0.74564 -1.07093e-05 -7.11136e-06  0.000647828  5.53942e-05 -4.50001e-06  1.92836e-06 
          35    -0.719443 -1.02112e-05 -7.54095e-06  0.000647809  5.31773e-05 -4.59987e-06  2.13726e-06 
          35    -0.692584 -9.70972e-06  -7.9747e-06  0.000647789  5.09816e-05 -4.69465e-06   2.3582e-06 
          35    -0.665062 -9.19286e-06 -8.41212e-06  0.000647768  4.87954e-05 -4.78623e-06  2.59103e-06 
          35    -0.636876 -8.65082e-06 -8.85269e-06  0.000647746  4.66047e-05 -4.87598e-06  2.83548e-06 
          35    -0.608026 -8.07568e-06 -9.29582e-06  0.000647723  4.43955e-05 -4.96479e-06  3.09113e-06 
          35    -0.578514 -7.46129e-06 -9.74079e-06    0.0006477  4.21558e-05 -5.05303e-06   3.3574e-06 
          35    -0.548339 -6.80279e-06 -1.01869e-05  0.000647675  3.98764e-05 -5.14075e-06  3.63352e-06 
          35    -0.517501 -6.09627e-06 -1.06333e-05  0.000647651  3.75522e-05 -5.22779e-06  3.91857e-06 
          35    -0.485998 -5.33823e-06  -1.1079e-05  0.000647625  3.51826e-05 -5.31401e-06  4.21141e-06 
          35    -0.453833 -4.52528e-06 -1.15231e-05    0.0006476  3.27723e-05 -5.39944e-06  4.51064e-06 
          35    -0.421005 -3.65349e-06 -1.19645e-05  0.000647574  3.03309e-05 -5.48463e-06  4.81471e-06 
          35    -0.387514 -2.71807e-06 -1.24021e-05  0.000647548  2.78735e-05 -5.57087e-06  5.12181e-06 
          35    -0.353359 -1.71299e-06 -1.28345e-05  0.000647523  2.54214e-05 -5.66053e-06  5.42994e-06 
          35    -0.318541 -6.30825e-07 -1.32606e-05  0.000647498  2.30028e-05 -5.75732e-06  5.73684e-06 
          35    -0.283061  5.37459e-07  -1.3679e-05  0.000647474  2.06536e-05 -5.86664e-06  6.04009e-06 
          35    -0.246917  1.80251e-06 -1.40886e-05  0.000647451  1.84178e-05 -5.99583e-06  6.33713e-06 
          35    -0.210109   3.1761e-06 -1.44881e-05   0.00064743  1.63486e-05 -6.15431e-06  6.62527e-06 
          35    -0.172638  4.67051e-06 -1.48763e-05   0.00064741  1.45082e-05 -6.35355e-06  6.90179e-06 
          35    -0.134505   6.2974e-06 -1.52523e-05  0.000647392  1.29661e-05 -6.60676e-06  7.16408e-06 
          35    -0.095708  8.06642e-06 -1.56156e-05  0.000647376  1.17966e-05 -6.92825e-06  7.40979e-06 
          35    -0.056247  9.98293e-06 -1.59657e-05  0.000647364  1.10736e-05 -7.33232e-06  7.63701e-06 
          35    -0.016124  1.20456e-05 -1.63028e-05  0.000647354  1.08641e-05 -7.83162e-06  7.84444e-06 
          35     0.024662  1.42441e-05 -1.66276e-05  0.000647348  1.12188e-05 -8.43529e-06  8.03169e-06 
          35     0.066112  1.65564e-05 -1.69414e-05  0.000647345  1.21628e-05 -9.14677e-06  8.19947e-06 
          35     0.108226  1.89475e-05 -1.72461e-05  0.000647346   1.3685e-05 -9.96169e-06  8.34969e-06 
          35     0.151002  2.13682e-05 -1.75442e-05  0.000647352   1.5731e-05 -1.08662e-05  8.48565e-06 
          35     0.194441  2.37571e-05 -1.78386e-05  0.000647362  1.81993e-05 -1.18365e-05  8.61179e-06 
          35     0.238543  2.60427e-05 -1.81325e-05  0.000647377  2.09431e-05 -1.28392e-05  8.73381e-06 
          35     0.283309  2.81475e-05 -1.84292e-05  0.000647397  2.37768e-05 -1.38323e-05  8.85798e-06 
          35     0.328738   3.0004e-05 -1.87312e-05  0.000647421  2.65112e-05 -1.47744e-05   8.9906e-06 
          35      0.37483  3.15388e-05 -1.90408e-05  0.000647451  2.89274e-05 -1.56167e-05   9.1381e-06 
          35     0.421585  3.27004e-05 -1.93592e-05  0.000647486  3.08463e-05 -1.63189e-05   9.3057e-06 
          35     0.469004  3.34616e-05  -1.9686e-05  0.000647526   3.2141e-05 -1.68522e-05  9.49697e-06 
          35     0.517086  3.38177e-05 -2.00199e-05   0.00064757  3.27403e-05 -1.71997e-05  9.71365e-06 
          35     0.565831   3.3784e-05  -2.0358e-05   0.00064762  3.26303e-05 -1.73565e-05  9.95561e-06 
          35     0.615239  3.33929e-05 -2.06966e-05  0.000647673  3.18515e-05 -1.73288e-05  1.02208e-05 
          35      0.66531  3.26897e-05 -2.10314e-05  0.000647731  3.04944e-05 -1.71332e-05  1.05054e-05 
          35     0.716045  3.17282e-05 -2.13574e-05  0.000647793  2.86848e-05 -1.67943e-05  1.08044e-05 
          35     0.767442  3.05642e-05 -2.16696e-05  0.000647858  2.65569e-05 -1.63388e-05  1.11116e-05 
          35     0.819503  2.92511e-05 -2.19632e-05  0.000647926  2.42498e-05 -1.57951e-05  1.14207e-05 
          35     0.872228  2.78346e-05 -2.22339e-05  0.000647997  2.18841e-05 -1.51884e-05  1.17251e-05 
          35     0.925615  2.63476e-05 -2.24781e-05  0.000648071  1.95404e-05 -1.45357e-05  1.20192e-05 
          35     0.979665   2.4812e-05 -2.26929e-05  0.000648146  1.72959e-05 -1.38523e-05  1.22975e-05 
          35      1.03438  2.32531e-05 -2.28761e-05  0.000648222  1.52036e-05 -1.31516e-05  1.25552e-05 
          35      1.08976  2.16824e-05 -2.30258e-05    0.0006483   1.3294e-05 -1.24415e-05   1.2788e-05 
          35       1.1458  2.01085e-05 -2.31409e-05  0.000648378  1.15846e-05 -1.17278e-05  1.29923e-05 
          35       1.2025  1.85381e-05 -2.32203e-05  0.000648456   1.0085e-05  -1.1015e-05  1.31652e-05 
          35      1.25987  1.69765e-05 -2.32636e-05  0.000648534   8.7986e-06  -1.0307e-05   1.3304e-05 
          35       1.3179  1.54281e-05 -2.32704e-05  0.000648611  7.72332e-06 -9.60708e-06  1.34066e-05 
          35      1.37659  1.38976e-05 -2.32408e-05  0.000648688  6.85319e-06 -8.91838e-06  1.34716e-05 
          35      1.43594  1.23896e-05 -2.31748e-05  0.000648763  6.17892e-06 -8.24394e-06  1.34979e-05 
          35      1.49596  1.09097e-05  -2.3073e-05  0.000648836  5.68878e-06 -7.58701e-06   1.3485e-05 
          35      1.55665   9.4639e-06  -2.2936e-05  0.000648907  5.36883e-06 -6.95099e-06  1.34327e-05 
          35      1.61799  8.05922e-06 -2.27646e-05  0.000648976  5.20281e-06 -6.33937e-06  1.33416e-05 
          35         1.68  6.70318e-06   -2.256e-05  0.000649042  5.17081e-06 -5.75559e-06  1.32126e-05 
          35      1.74267    5.402e-06 -2.23236e-05  0.000649106  5.25134e-06 -5.20231e-06  1.30473e-05 
          35      1.80601  4.16085e-06 -2.20572e-05  0.000649167  5.42064e-06 -4.68145e-06  1.28476e-05 
          35      1.87001  2.98618e-06 -2.17623e-05  0.000649224  5.65843e-06 -4.19591e-06   1.2616e-05 
          35      1.93467  1.88138e-06  -2.1441e-05  0.000649279  5.94231e-06  -3.7462e-06  1.23551e-05 
          35            2  8.49674e-07 -2.10955e-05   0.00064933  6.25111e-06 -3.33265e-06  1.20677e-05 
     36.6667        -1.25 -1.63342e-19  3.17405e-20  0.000659592 -4.20688e-12  1.78659e-13 -1.34234e-14 
     36.6667     -1.24967 -8.78327e-08 -1.30087e-11  0.000659592  1.44787e-09  1.05153e-13 -9.74219e-15 
     36.6667     -1.24867  -3.4696e-07 -2.08541e-10  0.000659592  2.30932e-08 -1.56527e-12  3.31436e-17 
     36.6667     -1.24702 -7.62599e-07 -1.05391e-09  0.000659591  1.15357e-07 -1.80906e-11  4.63892e-14 
     36.6667      -1.2447  -1.3112e-06 -3.32107e-09  0.000659591  3.57651e-07 -1.00893e-10  4.16009e-13 
     36.6667     -1.24171 -1.96113e-06  -8.0759e-09   0.00065959   8.5182e-07 -3.82201e-10   2.4104e-12 
     36.6667     -1.23806 -2.67415e-06 -1.66648e-08  0.000659589  1.71393e-06 -1.13212e-09  1.01525e-11 
     36.6667     -1.23375 -3.40652e-06 -3.06856e-08  0.000659588  3.06385e-06  -2.8258e-09  3.40218e-11 
     36.6667     -1.22878 -4.11152e-06 -5.19629e-08  0.000659587   5.0154e-06 -6.21708e-09  9.62816e-11 
     36.6667     -1.22314 -4.74142e-06 -8.25084e-08  0.000659586  7.66606e-06  -1.2411e-08   2.3929e-10 
     36.6667     -1.21684 -5.24962e-06 -1.24475e-07  0.000659585  1.10878e-05 -2.29272e-08  5.36428e-10 
     36.6667     -1.20988 -5.59294e-06 -1.80111e-07  0.000659583  1.53201e-05 -3.97466e-08  1.10562e-09 
     36.6667     -1.20225 -5.73339e-06 -2.51673e-07  0.000659582  2.03627e-05 -6.53197e-08  2.12441e-09 
     36.6667     -1.19396 -5.64039e-06 -3.41382e-07   0.00065958  2.61743e-05 -1.02547e-07  3.84628e-09 
     36.6667     -1.18501 -5.29253e-06 -4.51344e-07  0.000659578   3.2672e-05 -1.54705e-07  6.61636e-09 
     36.6667     -1.17539 -4.67836e-06 -5.83477e-07  0.000659577   3.9734e-05 -2.25326e-07  1.08852e-08 
     36.6667     -1.16511 -3.79739e-06 -7.39461e-07  0.000659575  4.72056e-05  -3.1803e-07  1.72195e-08 
     36.6667     -1.15417 -2.66039e-06 -9.20609e-07  0.000659573  5.49038e-05 -4.36266e-07  2.63048e-08 
     36.6667     -1.14256 -1.28843e-06 -1.12793e-06  0.000659571  6.26314e-05 -5.83131e-07  3.89487e-08 
     36.6667     -1.13029  2.87409e-07 -1.36199e-06   0.00065957  7.01829e-05 -7.61019e-07  5.60676e-08 
     36.6667     -1.11736  2.02817e-06 -1.62294e-06  0.000659568  7.73581e-05 -9.71425e-07   7.8676e-08 
     36.6667     -1.10377  3.88828e-06 -1.91047e-06  0.000659566  8.39702e-05 -1.21463e-06  1.07856e-07 
     36.6667     -1.08951  5.81886e-06 -2.22394e-06  0.000659565  8.98586e-05 -1.48967e-06  1.44745e-07 
     36.6667     -1.07458   7.7693e-06 -2.56226e-06  0.000659563  9.48934e-05 -1.79409e-06  1.90488e-07 
     36.6667       -1.059  9.69032e-06 -2.92408e-06  0.000659562  9.89827e-05 -2.12406e-06  2.46216e-07 
     36.6667     -1.04275  1.15363e-05 -3.30777e-06   0.00065956  0.000102075 -2.47448e-06  3.13014e-07 
     36.6667     -1.02584  1.32674e-05 -3.71157e-06  0.000659559  0.000104161 -2.83925e-06  3.91898e-07 
     36.6667     -1.00827  1.48511e-05 -4.13358e-06  0.000659558  0.000105268 -3.21147e-06  4.83778e-07 
     36.6667    -0.990028  1.62635e-05 -4.57194e-06  0.000659558   0.00010546 -3.58406e-06  5.89477e-07 
     36.6667    -0.971127  1.74899e-05 -5.02482e-06  0.000659557  0.000104828 -3.95002e-06  7.09694e-07 
     36.6667    -0.951562  1.85246e-05 -5.49053e-06  0.000659557   0.00010348 -4.30296e-06  8.45036e-07 
     36.6667    -0.931335  1.93702e-05 -5.96748e-06  0.000659557  0.000101541 -4.63746e-06   9.9599e-07 
     36.6667    -0.910444  2.00368e-05 -6.45435e-06  0.000659558  9.91337e-05 -4.94942e-06  1.16299e-06 
     36.6667     -0.88889  2.05402e-05 -6.94995e-06  0.000659558  9.63797e-05 -5.23624e-06   1.3464e-06 
     36.6667    -0.866673  2.09005e-05 -7.45331e-06   0.00065956  9.33879e-05 -5.49686e-06  1.54652e-06 
     36.6667    -0.843793  2.11403e-05 -7.96358e-06  0.000659561  9.02513e-05 -5.73175e-06  1.76362e-06 
     36.6667    -0.820249  2.12826e-05 -8.48011e-06  0.000659563  8.70437e-05 -5.94269e-06  1.99797e-06 
     36.6667    -0.796043  2.13502e-05 -9.00221e-06  0.000659566  8.38192e-05 -6.13245e-06  2.24975e-06 
     36.6667    -0.771173  2.13636e-05 -9.52936e-06  0.000659569  8.06115e-05 -6.30451e-06  2.51917e-06 
     36.6667     -0.74564   2.1341e-05  -1.0061e-05  0.000659573  7.74374e-05 -6.46263e-06  2.80633e-06 
     36.6667    -0.719443  2.12973e-05 -1.05964e-05  0.000659578  7.42989e-05 -6.61054e-06  3.11129e-06 
     36.6667    -0.692584  2.12439e-05 -1.11349e-05  0.000659583  7.11875e-05 -6.75157e-06  3.43394e-06 
     36.6667    -0.665062  2.11893e-05 -1.16756e-05   0.00065959  6.80876e-05 -6.88852e-06  3.77409e-06 
     36.6667    -0.636876  2.11392e-05 -1.22177e-05  0.000659597  6.49802e-05 -7.02349e-06  4.13138e-06 
     36.6667    -0.608026  2.10967e-05 -1.27601e-05  0.000659605  6.18466e-05 -7.15782e-06   4.5052e-06 
     36.6667    -0.578514  2.10635e-05 -1.33015e-05  0.000659614  5.86709e-05 -7.29222e-06  4.89472e-06 
     36.6667    -0.548339    2.104e-05 -1.38405e-05  0.000659624  5.54413e-05 -7.42691e-06  5.29887e-06 
     36.6667    -0.517501  2.10259e-05 -1.43757e-05  0.000659635  5.21522e-05 -7.56181e-06  5.71631e-06 
     36.6667    -0.485998  2.10212e-05 -1.49054e-05  0.000659648  4.88044e-05 -7.69689e-06   6.1454e-06 
     36.6667    -0.453833  2.10262e-05 -1.54277e-05  0.000659662  4.54066e-05 -7.83243e-06  6.58414e-06 
     36.6667    -0.421005   2.1042e-05 -1.59408e-05  0.000659677  4.19747e-05 -7.96943e-06  7.03029e-06 
     36.6667    -0.387514  2.10713e-05 -1.64426e-05  0.000659693  3.85331e-05 -8.11001e-06  7.48124e-06 
     36.6667    -0.353359  2.11185e-05  -1.6931e-05  0.000659712   3.5115e-05 -8.25786e-06   7.9341e-06 
     36.6667    -0.318541    2.119e-05 -1.74035e-05  0.000659731  3.17638e-05 -8.41863e-06  8.38563e-06 
     36.6667    -0.283061  2.12948e-05 -1.78578e-05  0.000659753  2.85338e-05  -8.6004e-06  8.83235e-06 
     36.6667    -0.246917  2.14448e-05 -1.82912e-05  0.000659775   2.5491e-05 -8.81402e-06  9.27057e-06 
     36.6667    -0.210109  2.16548e-05 -1.87012e-05    0.0006598  2.27138e-05 -9.07329e-06  9.69646e-06 
     36.6667    -0.172638  2.19426e-05 -1.90851e-05  0.000659827  2.02924e-05  -9.3949e-06  1.01061e-05 
     36.6667    -0.134505  2.23282e-05 -1.94402e-05  0.000659855  1.83262e-05 -9.79789e-06  1.04959e-05 
     36.6667    -0.095708  2.28335e-05 -1.97638e-05  0.000659885  1.69195e-05 -1.03028e-05  1.08625e-05 
     36.6667    -0.056247  2.34801e-05 -2.00538e-05  0.000659917   1.6174e-05 -1.09297e-05  1.12033e-05 
     36.6667    -0.016124  2.42872e-05  -2.0308e-05   0.00065995  1.61789e-05 -1.16965e-05  1.15166e-05 
     36.6667     0.024662  2.52689e-05 -2.05251e-05  0.000659986  1.69984e-05 -1.26155e-05  1.18019e-05 
     36.6667     0.066112  2.64305e-05 -2.07042e-05  0.000660023  1.86575e-05 -1.36909e-05  1.20605e-05 
     36.6667     0.108226   2.7765e-05 -2.08455e-05  0.000660061  2.11296e-05 -1.49154e-05  1.22953e-05 
     36.6667     0.151002  2.92501e-05   -2.095e-05  0.000660101  2.43259e-05 -1.62683e-05  1.25114e-05 
     36.6667     0.194441  3.08463e-05 -2.10199e-05  0.000660141  2.80916e-05 -1.77148e-05  1.27153e-05 
     36.6667     0.238543  3.24964e-05 -2.10584e-05  0.000660183  3.22102e-05 -1.92061e-05  1.29153e-05 
     36.6667     0.283309  3.41272e-05 -2.10695e-05  0.000660224  3.64152e-05 -2.06828e-05  1.31205e-05 
     36.6667     0.328738  3.56593e-05 -2.10578e-05  0.000660266  4.04284e-05  -2.2083e-05  1.33404e-05 
     36.6667      0.37483  3.70003e-05 -2.10284e-05  0.000660307  4.39482e-05 -2.33388e-05  1.35839e-05 
     36.6667     0.421585  3.80661e-05 -2.09862e-05  0.000660347  4.67271e-05 -2.43932e-05  1.38585e-05 
     36.6667     0.469004  3.87881e-05 -2.09354e-05  0.000660385  4.85886e-05 -2.52049e-05  1.41693e-05 
     36.6667     0.517086  3.91164e-05 -2.08794e-05  0.000660421  4.94349e-05 -2.57486e-05  1.45186e-05 
     36.6667     0.565831  3.90231e-05 -2.08205e-05  0.000660453  4.92505e-05 -2.60165e-05  1.49061e-05 
     36.6667     0.615239  3.85036e-05 -2.07598e-05  0.000660482  4.80989e-05 -2.60177e-05  1.53286e-05 
     36.6667      0.66531  3.75765e-05 -2.06971e-05  0.000660506  4.61135e-05 -2.57756e-05  1.57802e-05 
     36.6667     0.716045   3.6281e-05 -2.06312e-05  0.000660524  4.34788e-05 -2.53254e-05  1.62532e-05 
     36.6667     0.767442   3.4672e-05 -2.05601e-05  0.000660536  4.04003e-05 -2.47074e-05  1.67382e-05 
     36.6667     0.819503  3.28106e-05 -2.04814e-05   0.00066054  3.70544e-05  -2.3959e-05  1.72259e-05 
     36.6667     0.872228  3.07489e-05 -2.03927e-05  0.000660537  3.35999e-05 -2.31112e-05  1.77073e-05 
     36.6667     0.925615  2.85411e-05 -2.02916e-05  0.000660525   3.0188e-05  -2.2194e-05  1.81731e-05 
     36.6667     0.979665  2.62347e-05 -2.01759e-05  0.000660504  2.69093e-05 -2.12293e-05  1.86148e-05 
     36.6667      1.03438  2.38652e-05  -2.0044e-05  0.000660474  2.38397e-05 -2.02325e-05  1.90255e-05 
     36.6667      1.08976  2.14618e-05 -1.98946e-05  0.000660433   2.1024e-05 -1.92154e-05  1.93988e-05 
     36.6667       1.1458  1.90471e-05 -1.97266e-05  0.000660382  1.84904e-05 -1.81871e-05  1.97291e-05 
     36.6667       1.2025  1.66383e-05 -1.95396e-05  0.000660319  1.62539e-05 -1.71545e-05  2.00118e-05 
     36.6667      1.25987  1.42487e-05 -1.93332e-05  0.000660246  1.43193e-05 -1.61233e-05  2.02429e-05 
     36.6667       1.3179  1.18895e-05 -1.91073e-05  0.000660162  1.26834e-05 -1.50982e-05  2.04195e-05 
     36.6667      1.37659  9.57082e-06 -1.88621e-05  0.000660066  1.13379e-05 -1.40838e-05   2.0539e-05 
     36.6667      1.43594  7.30267e-06  -1.8598e-05  0.000659959  1.02704e-05 -1.30849e-05  2.05997e-05 
     36.6667      1.49596  5.09564e-06 -1.83154e-05  0.000659842  9.46535e-06 -1.21067e-05  2.06007e-05 
     36.6667      1.55665   2.9609e-06 -1.80151e-05  0.000659714  8.90337e-06 -1.11546e-05   2.0542e-05 
     36.6667      1.61799  9.09788e-07 -1.76978e-05  0.000659575  8.56001e-06 -1.02341e-05  2.04241e-05 
     36.6667         1.68 -1.04682e-06 -1.73646e-05  0.000659427  8.40778e-06 -9.34955e-06  2.02483e-05 
     36.6667      1.74267 -2.89932e-06 -1.70165e-05   0.00065927  8.41763e-06 -8.50581e-06  2.00171e-05 
     36.6667      1.80601 -4.63851e-06 -1.66548e-05  0.000659104  8.55863e-06 -7.70724e-06  1.97335e-05 
     36.6667      1.87001 -6.25749e-06 -1.62807e-05  0.000658931  8.79931e-06 -6.95678e-06  1.94003e-05 
     36.6667      1.93467 -7.75101e-06 -1.58957e-05   0.00065875  9.10925e-06 -6.25654e-06   1.9022e-05 
     36.6667            2  -9.1148e-06 -1.55012e-05  0.000658562   9.4588e-06 -5.60807e-06  1.86029e-05 
     38.3333        -1.25  1.49299e-18  1.81091e-21  0.000668683 -6.20193e-12  2.42528e-13 -1.89649e-14 
     38.3333     -1.24967   7.1388e-08 -1.75476e-11  0.000668683  2.05898e-09   1.3891e-13 -1.37653e-14 
     38.3333     -1.24867   2.8864e-07 -2.80746e-10  0.000668683  3.28427e-08 -2.37551e-12  1.05877e-16 
     38.3333     -1.24702  6.59303e-07 -1.41413e-09  0.000668682  1.64058e-07 -2.73983e-11  6.71366e-14 
     38.3333      -1.2447  1.19561e-06 -4.43575e-09  0.000668681  5.08639e-07 -1.52778e-10  6.03567e-13 
     38.3333     -1.24171  1.91326e-06 -1.07236e-08   0.00066868  1.21142e-06 -5.78462e-10  3.49855e-12 
     38.3333     -1.23806  2.83029e-06 -2.19732e-08  0.000668679  2.43748e-06 -1.71236e-09  1.47377e-11 
     38.3333     -1.23375  3.96469e-06 -4.01308e-08  0.000668678  4.35729e-06   -4.271e-09  4.93941e-11 
     38.3333     -1.22878  5.33325e-06  -6.7332e-08  0.000668677  7.13278e-06 -9.38952e-09  1.39808e-10 
     38.3333     -1.22314  6.94946e-06 -1.05822e-07  0.000668675  1.09027e-05 -1.87293e-08  3.47534e-10 
     38.3333     -1.21684  8.82167e-06 -1.57874e-07  0.000668674  1.57698e-05 -3.45716e-08  7.79245e-10 
     38.3333     -1.20988  1.09518e-05 -2.25711e-07  0.000668673  2.17904e-05 -5.98862e-08  1.60644e-09 
     38.3333     -1.20225  1.33334e-05 -3.11389e-07  0.000668671  2.89649e-05 -9.83425e-08  3.08746e-09 
     38.3333     -1.19396  1.59512e-05 -4.16744e-07   0.00066867  3.72355e-05 -1.54279e-07  5.59129e-09 
     38.3333     -1.18501  1.87807e-05 -5.43302e-07  0.000668669  4.64855e-05 -2.32596e-07  9.62065e-09 
     38.3333     -1.17539  2.17884e-05  -6.9222e-07  0.000668668  5.65429e-05  -3.3857e-07  1.58321e-08 
     38.3333     -1.16511  2.49325e-05  -8.6425e-07  0.000668667  6.71892e-05 -4.77611e-07  2.50523e-08 
     38.3333     -1.15417  2.81632e-05 -1.05965e-06  0.000668667  7.81654e-05 -6.54881e-07  3.82813e-08 
     38.3333     -1.14256  3.14266e-05 -1.27827e-06  0.000668667  8.91928e-05 -8.75016e-07  5.66987e-08 
     38.3333     -1.13029  3.46646e-05 -1.51947e-06  0.000668667  9.99798e-05 -1.14162e-06  8.16435e-08 
     38.3333     -1.11736  3.78192e-05 -1.78225e-06  0.000668668  0.000110242 -1.45698e-06  1.14599e-07 
     38.3333     -1.10377  4.08333e-05 -2.06515e-06  0.000668669  0.000119715 -1.82157e-06  1.57151e-07 
     38.3333     -1.08951  4.36555e-05 -2.36654e-06  0.000668672  0.000128168 -2.23404e-06  2.10964e-07 
     38.3333     -1.07458    4.624e-05 -2.68451e-06  0.000668675  0.000135416 -2.69084e-06  2.77717e-07 
     38.3333       -1.059  4.85505e-05 -3.01704e-06  0.000668679  0.000141326 -3.18638e-06  3.59074e-07 
     38.3333     -1.04275  5.05605e-05 -3.36211e-06  0.000668683  0.000145821 -3.71323e-06  4.56628e-07 
     38.3333     -1.02584  5.22545e-05 -3.71776e-06  0.000668689  0.000148885 -4.26241e-06  5.71878e-07 
     38.3333     -1.00827  5.36278e-05 -4.08213e-06  0.000668696  0.000150555 -4.82383e-06  7.06167e-07 
     38.3333    -0.990028  5.46865e-05 -4.45363e-06  0.000668705  0.000150916 -5.38709e-06  8.60716e-07 
     38.3333    -0.971127  5.54458e-05 -4.83083e-06  0.000668715  0.000150096 -5.94191e-06  1.03656e-06 
     38.3333    -0.951562  5.59288e-05 -5.21261e-06  0.000668726  0.000148249  -6.4789e-06  1.23461e-06 
     38.3333    -0.931335  5.61641e-05 -5.59806e-06  0.000668739  0.000145547 -6.99007e-06   1.4556e-06 
     38.3333    -0.910444  5.61842e-05 -5.98656e-06  0.000668754  0.000142167 -7.46942e-06  1.70018e-06 
     38.3333     -0.88889  5.60228e-05 -6.37765e-06   0.00066877  0.000138281 -7.91306e-06   1.9689e-06 
     38.3333    -0.866673   5.5713e-05 -6.77104e-06  0.000668789  0.000134044 -8.31945e-06  2.26224e-06 
     38.3333    -0.843793  5.52858e-05 -7.16652e-06  0.000668809   0.00012959 -8.68923e-06  2.58061e-06 
     38.3333    -0.820249  5.47682e-05 -7.56395e-06  0.000668832  0.000125026 -9.02499e-06  2.92444e-06 
     38.3333    -0.796043  5.41832e-05 -7.96312e-06  0.000668857   0.00012043  -9.3308e-06  3.29402e-06 
     38.3333    -0.771173  5.35482e-05 -8.36382e-06  0.000668885  0.000115853 -9.61174e-06  3.68969e-06 
     38.3333     -0.74564  5.28761e-05 -8.76568e-06  0.000668915  0.000111321 -9.87334e-06  4.11163e-06 
     38.3333    -0.719443  5.21748e-05 -9.16823e-06  0.000668947  0.000106837 -1.01211e-05  4.55997e-06 
     38.3333    -0.692584  5.14484e-05 -9.57079e-06  0.000668982  0.000102391 -1.03598e-05  5.03462e-06 
     38.3333    -0.665062  5.06973e-05 -9.97255e-06   0.00066902  9.79621e-05 -1.05938e-05  5.53532e-06 
     38.3333    -0.636876  4.99194e-05 -1.03725e-05  0.000669061  9.35241e-05  -1.0826e-05  6.06158e-06 
     38.3333    -0.608026  4.91111e-05 -1.07696e-05  0.000669104  8.90511e-05 -1.10586e-05  6.61261e-06 
     38.3333    -0.578514  4.82675e-05 -1.11623e-05   0.00066915  8.45211e-05 -1.12925e-05  7.18722e-06 
     38.3333    -0.548339  4.73835e-05 -1.15493e-05    0.0006692  7.99181e-05 -1.15282e-05  7.78392e-06 
     38.3333    -0.517501  4.64541e-05 -1.19288e-05  0.000669251  7.52351e-05 -1.17655e-05  8.40078e-06 
     38.3333    -0.485998  4.54748e-05 -1.22992e-05  0.000669306  7.04747e-05 -1.20045e-05  9.03548e-06 
     38.3333    -0.453833  4.44421e-05 -1.26584e-05  0.000669363  6.56512e-05 -1.22456e-05  9.68517e-06 
     38.3333    -0.421005  4.33537e-05 -1.30043e-05  0.000669423  6.07897e-05 -1.24902e-05  1.03466e-05 
     38.3333    -0.387514  4.22087e-05 -1.33348e-05  0.000669485  5.59281e-05 -1.27413e-05   1.1016e-05 
     38.3333    -0.353359  4.10081e-05 -1.36475e-05   0.00066955  5.11176e-05 -1.30044e-05  1.16892e-05 
     38.3333    -0.318541  3.97551e-05 -1.39397e-05  0.000669616  4.64245e-05 -1.32875e-05  1.23616e-05 
     38.3333    -0.283061  3.84553e-05 -1.42088e-05  0.000669685  4.19309e-05 -1.36023e-05   1.3028e-05 
     38.3333    -0.246917  3.71179e-05 -1.44517e-05  0.000669755  3.77357e-05 -1.39643e-05  1.36831e-05 
     38.3333    -0.210109  3.57557e-05 -1.46653e-05  0.000669826  3.39556e-05 -1.43933e-05  1.43215e-05 
     38.3333    -0.172638  3.43862e-05 -1.48462e-05  0.000669899  3.07231e-05 -1.49132e-05  1.49374e-05 
     38.3333    -0.134505  3.30317e-05 -1.49909e-05  0.000669972  2.81828e-05 -1.55513e-05  1.55254e-05 
     38.3333    -0.095708  3.17196e-05 -1.50958e-05  0.000670045  2.64842e-05 -1.63367e-05   1.6081e-05 
     38.3333    -0.056247   3.0482e-05  -1.5157e-05  0.000670118  2.57711e-05 -1.72983e-05  1.66001e-05 
     38.3333    -0.016124  2.93547e-05  -1.5171e-05   0.00067019  2.61666e-05 -1.84615e-05  1.70803e-05 
     38.3333     0.024662  2.83747e-05 -1.51344e-05  0.000670261   2.7755e-05 -1.98439e-05   1.7521e-05 
     38.3333     0.066112  2.75774e-05 -1.50443e-05   0.00067033  3.05625e-05 -2.14515e-05   1.7924e-05 
     38.3333     0.108226  2.69927e-05 -1.48984e-05  0.000670397  3.45391e-05  -2.3274e-05  1.82936e-05 
     38.3333     0.151002  2.66402e-05 -1.46957e-05   0.00067046   3.9545e-05 -2.52819e-05  1.86368e-05 
     38.3333     0.194441  2.65246e-05 -1.44363e-05  0.000670519  4.53459e-05 -2.74253e-05  1.89634e-05 
     38.3333     0.238543  2.66318e-05 -1.41216e-05  0.000670574  5.16203e-05 -2.96349e-05  1.92853e-05 
     38.3333     0.283309  2.69269e-05 -1.37549e-05  0.000670623  5.79789e-05  -3.1826e-05  1.96159e-05 
     38.3333     0.328738  2.73543e-05 -1.33409e-05  0.000670666  6.40041e-05 -3.39069e-05  1.99688e-05 
     38.3333      0.37483  2.78408e-05 -1.28856e-05  0.000670701  6.92745e-05  -3.5783e-05  2.03571e-05 
     38.3333     0.421585  2.83009e-05 -1.23962e-05  0.000670727  7.34327e-05 -3.73725e-05  2.07916e-05 
     38.3333     0.469004  2.86462e-05 -1.18804e-05  0.000670744  7.62165e-05 -3.86124e-05  2.12798e-05 
     38.3333     0.517086  2.87938e-05 -1.13462e-05  0.000670751  7.74786e-05 -3.94632e-05  2.18253e-05 
     38.3333     0.565831  2.86747e-05 -1.08009e-05  0.000670746  7.71984e-05 -3.99113e-05  2.24275e-05 
     38.3333     0.615239    2.824e-05 -1.02513e-05  0.000670728  7.54778e-05  -3.9969e-05  2.30817e-05 
     38.3333      0.66531  2.74651e-05 -9.70306e-06  0.000670696   7.2514e-05 -3.96691e-05  2.37791e-05 
     38.3333     0.716045  2.63506e-05 -9.16035e-06   0.00067065  6.85731e-05 -3.90605e-05  2.45082e-05 
     38.3333     0.767442  2.49187e-05 -8.62628e-06  0.000670587  6.39361e-05 -3.81966e-05  2.52558e-05 
     38.3333     0.819503  2.32068e-05 -8.10283e-06  0.000670508   5.8875e-05 -3.71292e-05  2.60079e-05 
     38.3333     0.872228  2.12613e-05 -7.59112e-06  0.000670411   5.3636e-05 -3.59073e-05  2.67502e-05 
     38.3333     0.925615  1.91341e-05 -7.09161e-06  0.000670296    4.842e-05  -3.4571e-05  2.74693e-05 
     38.3333     0.979665  1.68736e-05 -6.60446e-06  0.000670162  4.33789e-05 -3.31515e-05  2.81531e-05 
     38.3333      1.03438  1.45227e-05 -6.12965e-06  0.000670009  3.86219e-05 -3.16727e-05  2.87905e-05 
     38.3333      1.08976  1.21184e-05 -5.66714e-06  0.000669837  3.42224e-05 -3.01522e-05  2.93716e-05 
     38.3333       1.1458  9.69123e-06  -5.2169e-06  0.000669644  3.02255e-05 -2.86032e-05  2.98882e-05 
     38.3333       1.2025  7.26525e-06 -4.77898e-06  0.000669432  2.66558e-05  -2.7036e-05  3.03332e-05 
     38.3333      1.25987  4.85909e-06 -4.35356e-06    0.0006692   2.3523e-05 -2.54597e-05  3.07007e-05 
     38.3333       1.3179  2.48772e-06 -3.94091e-06  0.000668949   2.0827e-05 -2.38824e-05  3.09859e-05 
     38.3333      1.37659   1.6572e-07 -3.54137e-06  0.000668679  1.85593e-05 -2.23122e-05  3.11848e-05 
     38.3333      1.43594 -2.09401e-06 -3.15518e-06  0.000668391  1.67041e-05 -2.07571e-05  3.12953e-05 
     38.3333      1.49596 -4.27938e-06 -2.78276e-06  0.000668086  1.52405e-05 -1.92256e-05  3.13154e-05 
     38.3333      1.55665 -6.37784e-06 -2.42436e-06  0.000667764  1.41415e-05 -1.77264e-05  3.12451e-05 
     38.3333      1.61799 -8.37704e-06 -2.08022e-06  0.000667427  1.33746e-05 -1.62686e-05  3.10851e-05 
     38.3333         1.68 -1.02656e-05 -1.75062e-06  0.000667075  1.29026e-05 -1.48606e-05  3.08377e-05 
     38.3333      1.74267 -1.20332e-05 -1.43571e-06   0.00066671   1.2684e-05 -1.35104e-05  3.05058e-05 
     38.3333      1.80601  -1.3671e-05 -1.13555e-06  0.000666333  1.26751e-05 -1.22249e-05  3.00937e-05 
     38.3333      1.87001 -1.51723e-05 -8.50058e-07  0.000665946  1.28312e-05 -1.10104e-05  2.96063e-05 
     38.3333      1.93467 -1.65322e-05 -5.79122e-07  0.000665549  1.31084e-05 -9.87126e-06  2.90495e-05 
     38.3333            2 -1.77474e-05 -3.22709e-07  0.000665145  1.34642e-05 -8.81057e-06  2.84299e-05 
          40        -1.25 -2.24519e-18 -3.98378e-21  0.000669347 -9.59224e-12  3.51792e-13 -2.72607e-14 
          40     -1.24967  2.39255e-07 -1.43975e-11  0.000669347  3.01884e-09  1.95574e-13 -1.97904e-14 
          40     -1.24867  9.56891e-07 -2.29852e-10  0.000669346  4.81611e-08 -3.82355e-12  1.68728e-16 
          40     -1.24702  2.14735e-06 -1.15352e-09  0.000669346  2.40595e-07 -4.40038e-11  9.71604e-14 
          40      -1.2447  3.80217e-06 -3.59964e-09  0.000669345  7.46011e-07 -2.45218e-10  8.74128e-13 
          40     -1.24171  5.90874e-06 -8.64474e-09  0.000669345  1.77701e-06 -9.27495e-10  5.06728e-12 
          40     -1.23806  8.45027e-06 -1.75705e-08  0.000669344   3.5761e-06 -2.74202e-09  2.13461e-11 
          40     -1.23375  1.14029e-05 -3.17848e-08  0.000669343  6.39403e-06 -6.82918e-09  7.15431e-11 
          40     -1.22878  1.47369e-05 -5.27452e-08  0.000669342  1.04694e-05 -1.49894e-08  2.02502e-10 
          40     -1.22314  1.84157e-05 -8.18715e-08  0.000669341  1.60074e-05  -2.9848e-08  5.03378e-10 
          40     -1.21684   2.2395e-05 -1.20459e-07   0.00066934  2.31605e-05 -5.49957e-08  1.12868e-09 
          40     -1.20988  2.66237e-05 -1.69602e-07   0.00066934  3.20144e-05 -9.50881e-08  2.32683e-09 
          40     -1.20225  3.10425e-05 -2.30102e-07  0.000669339  4.25724e-05 -1.55854e-07  4.47198e-09 
          40     -1.19396  3.55866e-05 -3.02422e-07  0.000669339  5.47528e-05 -2.44037e-07  8.09857e-09 
          40     -1.18501  4.01859e-05 -3.86639e-07  0.000669339  6.83878e-05 -3.67223e-07  1.39347e-08 
          40     -1.17539  4.47675e-05 -4.82423e-07  0.000669339  8.32283e-05 -5.33543e-07  2.29313e-08 
          40     -1.16511  4.92575e-05 -5.89044e-07   0.00066934   9.8956e-05 -7.51301e-07  3.62854e-08 
          40     -1.15417  5.35825e-05 -7.05355e-07  0.000669341  0.000115193 -1.02837e-06  5.54454e-08 
          40     -1.14256  5.76742e-05 -8.29907e-07  0.000669343  0.000131531 -1.37181e-06  8.21195e-08 
          40     -1.13029  6.14698e-05 -9.60943e-07  0.000669346  0.000147541 -1.78704e-06  1.18247e-07 
          40     -1.11736  6.49159e-05 -1.09653e-06   0.00066935  0.000162805 -2.27746e-06  1.65977e-07 
          40     -1.10377  6.79691e-05  -1.2346e-06  0.000669355   0.00017693 -2.84373e-06  2.27604e-07 
          40     -1.08951  7.05994e-05 -1.37311e-06  0.000669361  0.000189576 -3.48371e-06  3.05543e-07 
          40     -1.07458  7.27893e-05 -1.51009e-06  0.000669368  0.000200462 -4.19198e-06  4.02228e-07 
          40       -1.059  7.45351e-05 -1.64373e-06  0.000669376  0.000209388 -4.96006e-06  5.20071e-07 
          40     -1.04275   7.5846e-05 -1.77248e-06  0.000669386  0.000216238 -5.77669e-06  6.61389e-07 
          40     -1.02584  7.67429e-05  -1.8951e-06  0.000669398  0.000220979 -6.62842e-06  8.28359e-07 
          40     -1.00827  7.72568e-05 -2.01066e-06  0.000669411   0.00022366 -7.50013e-06  1.02294e-06 
          40    -0.990028  7.74265e-05  -2.1186e-06  0.000669426  0.000224404 -8.37627e-06  1.24692e-06 
          40    -0.971127  7.72957e-05 -2.21866e-06  0.000669444  0.000223393 -9.24155e-06  1.50181e-06 
          40    -0.951562  7.69108e-05  -2.3109e-06  0.000669464  0.000220851 -1.00821e-05  1.78896e-06 
          40    -0.931335   7.6318e-05 -2.39561e-06  0.000669486  0.000217031  -1.0886e-05  2.10946e-06 
          40    -0.910444   7.5561e-05 -2.47326e-06  0.000669511  0.000212193 -1.16444e-05   2.4643e-06 
          40     -0.88889  7.46791e-05 -2.54446e-06  0.000669538  0.000206591 -1.23518e-05  2.85429e-06 
          40    -0.866673  7.37059e-05 -2.60984e-06  0.000669569  0.000200456 -1.30059e-05  3.28018e-06 
          40    -0.843793   7.2668e-05 -2.67002e-06  0.000669602  0.000193989 -1.36077e-05  3.74263e-06 
          40    -0.820249  7.15851e-05 -2.72553e-06  0.000669639   0.00018735 -1.41612e-05  4.24228e-06 
          40    -0.796043    7.047e-05 -2.77682e-06  0.000669678  0.000180658 -1.46723e-05  4.77965e-06 
          40    -0.771173  6.93288e-05 -2.82415e-06  0.000669722   0.00017399 -1.51488e-05  5.35526e-06 
          40     -0.74564  6.81626e-05 -2.86762e-06  0.000669769  0.000167387 -1.55988e-05  5.96949e-06 
          40    -0.719443  6.69676e-05 -2.90717e-06  0.000669819  0.000160859 -1.60303e-05  6.62257e-06 
          40    -0.692584  6.57371e-05 -2.94254e-06  0.000669873  0.000154391 -1.64507e-05  7.31445e-06 
          40    -0.665062   6.4462e-05 -2.97331e-06   0.00066993  0.000147952 -1.68659e-05  8.04487e-06 
          40    -0.636876  6.31319e-05 -2.99894e-06  0.000669992  0.000141504 -1.72805e-05  8.81322e-06 
          40    -0.608026  6.17361e-05  -3.0187e-06  0.000670057  0.000135009 -1.76975e-05  9.61843e-06 
          40    -0.578514  6.02642e-05 -3.03177e-06  0.000670125  0.000128434 -1.81182e-05  1.04589e-05 
          40    -0.548339  5.87063e-05 -3.03723e-06  0.000670198  0.000121753 -1.85429e-05  1.13326e-05 
          40    -0.517501  5.70535e-05 -3.03404e-06  0.000670273  0.000114955 -1.89714e-05  1.22367e-05 
          40    -0.485998  5.52981e-05 -3.02108e-06  0.000670352  0.000108044 -1.94032e-05  1.31682e-05 
          40    -0.453833  5.34333e-05 -2.99714e-06  0.000670434  0.000101039 -1.98385e-05  1.41228e-05 
          40    -0.421005  5.14538e-05  -2.9609e-06  0.000670518   9.3978e-05  -2.0279e-05  1.50961e-05 
          40    -0.387514   4.9355e-05 -2.91095e-06  0.000670605  8.69169e-05 -2.07284e-05  1.60826e-05 
          40    -0.353359  4.71339e-05 -2.84574e-06  0.000670695  7.99318e-05 -2.11936e-05  1.70763e-05 
          40    -0.318541   4.4789e-05 -2.76357e-06  0.000670786  7.31213e-05 -2.16855e-05  1.80706e-05 
          40    -0.283061  4.23207e-05 -2.66257e-06  0.000670878   6.6608e-05 -2.22199e-05  1.90581e-05 
          40    -0.246917  3.97318e-05 -2.54065e-06  0.000670971  6.05388e-05 -2.28179e-05  2.00311e-05 
          40    -0.210109  3.70286e-05 -2.39547e-06  0.000671064  5.50865e-05 -2.35069e-05  2.09815e-05 
          40    -0.172638  3.42219e-05 -2.22441e-06  0.000671157  5.04472e-05 -2.43199e-05  2.19011e-05 
          40    -0.134505  3.13281e-05 -2.02453e-06  0.000671248  4.68338e-05  -2.5295e-05  2.27819e-05 
          40    -0.095708  2.83702e-05 -1.79255e-06  0.000671338  4.44662e-05 -2.64732e-05  2.36169e-05 
          40    -0.056247  2.53794e-05 -1.52485e-06  0.000671426  4.35548e-05 -2.78956e-05  2.44002e-05 
          40    -0.016124  2.23953e-05 -1.21757e-06   0.00067151  4.42793e-05 -2.95984e-05  2.51278e-05 
          40     0.024662  1.94655e-05  -8.6664e-07  0.000671589  4.67623e-05  -3.1608e-05  2.57985e-05 
          40     0.066112  1.66445e-05 -4.67984e-07  0.000671664  5.10411e-05 -3.39342e-05  2.64143e-05 
          40     0.108226  1.39912e-05 -1.77502e-08  0.000671732  5.70416e-05  -3.6565e-05  2.69809e-05 
          40     0.151002  1.15645e-05  4.87366e-07  0.000671793  6.45583e-05 -3.94611e-05  2.75082e-05 
          40     0.194441  9.41823e-06   1.0498e-06  0.000671847  7.32482e-05 -4.25543e-05  2.80097e-05 
          40     0.238543  7.59473e-06  1.67074e-06  0.000671891  8.26403e-05 -4.57487e-05  2.85024e-05 
          40     0.283309  6.11926e-06  2.34974e-06  0.000671925  9.21649e-05 -4.89258e-05  2.90055e-05 
          40     0.328738  4.99442e-06  3.08447e-06  0.000671948  0.000101202 -5.19543e-05  2.95387e-05 
          40      0.37483  4.19968e-06  3.87061e-06  0.000671959  0.000109136 -5.47007e-05   3.0121e-05 
          40     0.421585  3.68818e-06   4.7018e-06  0.000671956  0.000115433 -5.70454e-05  3.07686e-05 
          40     0.469004  3.39274e-06  5.56995e-06   0.00067194   0.00011969 -5.88936e-05  3.14929e-05 
          40     0.517086  3.23326e-06  6.46556e-06  0.000671908  0.000121673  -6.0183e-05  3.22997e-05 
          40     0.565831  3.12494e-06  7.37841e-06  0.000671859  0.000121337 -6.08889e-05  3.31888e-05 
          40     0.615239  2.98705e-06  8.29795e-06  0.000671794  0.000118816 -6.10235e-05  3.41535e-05 
          40      0.66531  2.75119e-06  9.21402e-06   0.00067171  0.000114393 -6.06302e-05  3.51817e-05 
          40     0.716045   2.3688e-06  1.01174e-05  0.000671607   0.00010844 -5.97725e-05  3.62572e-05 
          40     0.767442  1.81272e-06  1.09998e-05  0.000671484   0.00010137 -5.85241e-05  3.73606e-05 
          40     0.819503  1.07584e-06  1.18547e-05  0.000671341  9.35946e-05   -5.696e-05  3.84714e-05 
          40     0.872228  1.69037e-07  1.26764e-05  0.000671177  8.54802e-05 -5.51488e-05   3.9569e-05 
          40     0.925615 -8.84992e-07  1.34609e-05  0.000670991  7.73341e-05 -5.31486e-05  4.06334e-05 
          40     0.979665  -2.0574e-06  1.42048e-05  0.000670784   6.9395e-05 -5.10061e-05  4.16463e-05 
          40      1.03438   -3.317e-06  1.49059e-05  0.000670555  6.18381e-05 -4.87571e-05  4.25913e-05 
          40      1.08976 -4.63404e-06  1.55625e-05  0.000670304  5.47841e-05 -4.64284e-05  4.34539e-05 
          40       1.1458  -5.9824e-06   1.6173e-05  0.000670032  4.83115e-05 -4.40407e-05  4.42216e-05 
          40       1.2025 -7.34036e-06  1.67365e-05  0.000669738  4.24667e-05 -4.16109e-05  4.48836e-05 
          40      1.25987 -8.69003e-06  1.72522e-05  0.000669424  3.72749e-05 -3.91542e-05   4.5431e-05 
          40       1.3179 -1.00176e-05  1.77195e-05  0.000669089  3.27414e-05 -3.66839e-05  4.58567e-05 
          40      1.37659 -1.13106e-05  1.81381e-05  0.000668735  2.88604e-05 -3.42138e-05   4.6155e-05 
          40      1.43594 -1.25584e-05  1.85077e-05  0.000668363  2.56152e-05 -3.17578e-05   4.6322e-05 
          40      1.49596 -1.37511e-05  1.88283e-05  0.000667973  2.29792e-05 -2.93305e-05  4.63553e-05 
          40      1.55665 -1.48798e-05  1.91002e-05  0.000667567  2.09165e-05 -2.69467e-05  4.62546e-05 
          40      1.61799 -1.59362e-05   1.9324e-05  0.000667146  1.93823e-05 -2.46212e-05  4.60209e-05 
          40         1.68 -1.69129e-05  1.95006e-05  0.000666712  1.83245e-05 -2.23686e-05  4.56572e-05 
          40      1.74267 -1.78036e-05   1.9631e-05  0.000666266  1.76841e-05 -2.02023e-05   4.5168e-05 
          40      1.80601 -1.86027e-05  1.97167e-05  0.000665809  1.73973e-05  -1.8135e-05  4.45593e-05 
          40      1.87001 -1.93065e-05  1.97594e-05  0.000665343  1.73981e-05 -1.61773e-05  4.38386e-05 
          40      1.93467 -1.99133e-05  1.97608e-05   0.00066487  1.76209e-05 -1.43373e-05  4.30144e-05 
          40            2 -2.04207e-05  1.97233e-05  0.000664391  1.79999e-05 -1.26207e-05  4.20961e-05 
     41.6667        -1.25  8.94046e-19   2.0683e-21   0.00065845 -1.41915e-11  5.14636e-13 -3.92902e-14 
     41.6667     -1.24967  3.35086e-07  -3.6156e-12   0.00065845  4.56418e-09  2.78352e-13 -2.85233e-14 
     41.6667     -1.24867  1.33626e-06  -5.7028e-11   0.00065845  7.28145e-08 -6.07672e-12  1.58622e-16 
     41.6667     -1.24702  2.98426e-06 -2.80088e-10   0.00065845  3.63782e-07 -6.98069e-11  1.37852e-13 
     41.6667      -1.2447  5.24887e-06 -8.47148e-10  0.000658449   1.1281e-06 -3.88726e-10  1.23827e-12 
     41.6667     -1.24171  8.08828e-06   -1.951e-09  0.000658449  2.68752e-06 -1.46869e-09   7.1764e-12 
     41.6667     -1.23806  1.14504e-05 -3.75678e-09  0.000658449  5.40934e-06 -4.33619e-09  3.02287e-11 
     41.6667     -1.23375   1.5271e-05 -6.34677e-09  0.000658449  9.67373e-06 -1.07832e-08  1.01306e-10 
     41.6667     -1.22878  1.94769e-05 -9.66499e-09  0.000658449   1.5843e-05 -2.36283e-08   2.8672e-10 
     41.6667     -1.22314  2.39871e-05 -1.34622e-08  0.000658449  2.42296e-05 -4.69653e-08  7.12658e-10 
     41.6667     -1.21684  2.87135e-05 -1.72476e-08  0.000658449  3.50667e-05 -8.63692e-08  1.59777e-09 
     41.6667     -1.20988  3.35642e-05  -2.0252e-08   0.00065845  4.84868e-05 -1.49036e-07  3.29349e-09 
     41.6667     -1.20225  3.84432e-05  -2.1404e-08  0.000658451  6.44982e-05 -2.43779e-07  6.32909e-09 
     41.6667     -1.19396  4.32558e-05 -1.93278e-08  0.000658452  8.29809e-05 -3.80923e-07  1.14604e-08 
     41.6667     -1.18501  4.79095e-05 -1.23581e-08  0.000658453  0.000103684 -5.72023e-07  1.97168e-08 
     41.6667     -1.17539   5.2318e-05  1.42322e-09  0.000658455  0.000126234 -8.29404e-07  3.24425e-08 
     41.6667     -1.16511  5.64034e-05  2.41345e-08  0.000658457  0.000150151 -1.16558e-06  5.13295e-08 
     41.6667     -1.15417  6.00976e-05  5.80122e-08   0.00065846  0.000174864 -1.59236e-06  7.84247e-08 
     41.6667     -1.14256  6.33475e-05  1.05343e-07  0.000658464  0.000199757 -2.12022e-06  1.16142e-07 
     41.6667     -1.13029  6.61134e-05  1.68351e-07  0.000658468   0.00022418 -2.75716e-06  1.67221e-07 
     41.6667     -1.11736  6.83723e-05  2.49123e-07  0.000658473  0.000247498  -3.5081e-06  2.34701e-07 
     41.6667     -1.10377  7.01168e-05   3.4949e-07  0.000658479  0.000269115 -4.37382e-06  3.21825e-07 
     41.6667     -1.08951  7.13561e-05  4.70993e-07  0.000658486  0.000288511 -5.35091e-06  4.32005e-07 
     41.6667     -1.07458  7.21135e-05  6.14775e-07  0.000658495   0.00030526 -6.43113e-06  5.68691e-07 
     41.6667       -1.059  7.24254e-05  7.81569e-07  0.000658504  0.000319056 -7.60174e-06  7.35294e-07 
     41.6667     -1.04275  7.23381e-05  9.71672e-07  0.000658515  0.000329715  -8.8459e-06  9.35101e-07 
     41.6667     -1.02584  7.19055e-05  1.18497e-06  0.000658528  0.000337186 -1.01436e-05  1.17121e-06 
     41.6667     -1.00827  7.11856e-05   1.4209e-06  0.000658542  0.000341539 -1.14725e-05   1.4464e-06 
     41.6667    -0.990028  7.02373e-05  1.67863e-06  0.000658558  0.000342957 -1.28096e-05  1.76323e-06 
     41.6667    -0.971127  6.91177e-05  1.95699e-06  0.000658576  0.000341712 -1.41325e-05  2.12388e-06 
     41.6667    -0.951562   6.7879e-05  2.25464e-06  0.000658596  0.000338142 -1.54207e-05  2.53028e-06 
     41.6667    -0.931335  6.65671e-05  2.57008e-06  0.000658618   0.00033263 -1.66571e-05  2.98403e-06 
     41.6667    -0.910444  6.52194e-05  2.90182e-06  0.000658642  0.000325569 -1.78288e-05  3.48657e-06 
     41.6667     -0.88889  6.38644e-05  3.24835e-06  0.000658669  0.000317344 -1.89276e-05  4.03913e-06 
     41.6667    -0.866673  6.25214e-05  3.60828e-06  0.000658699  0.000308308 -1.99506e-05  4.64281e-06 
     41.6667    -0.843793   6.1201e-05  3.98032e-06  0.000658731  0.000298767 -2.08995e-05  5.29864e-06 
     41.6667    -0.820249  5.99058e-05  4.36338e-06  0.000658765  0.000288966 -2.17802e-05  6.00759e-06 
     41.6667    -0.796043   5.8632e-05  4.75648e-06  0.000658803  0.000279089 -2.26017e-05  6.77051e-06 
     41.6667    -0.771173  5.73701e-05  5.15889e-06  0.000658844  0.000269257 -2.33755e-05  7.58824e-06 
     41.6667     -0.74564  5.61073e-05  5.56998e-06  0.000658887  0.000259531 -2.41135e-05  8.46139e-06 
     41.6667    -0.719443  5.48282e-05  5.98929e-06  0.000658934  0.000249928 -2.48278e-05  9.39043e-06 
     41.6667    -0.692584  5.35163e-05  6.41643e-06  0.000658983  0.000240426 -2.55291e-05  1.03754e-05 
     41.6667    -0.665062  5.21551e-05  6.85114e-06  0.000659035  0.000230977 -2.62263e-05  1.14162e-05 
     41.6667    -0.636876  5.07287e-05  7.29323e-06  0.000659091   0.00022152  -2.6926e-05  1.25119e-05 
     41.6667    -0.608026  4.92224e-05  7.74251e-06  0.000659149  0.000211995 -2.76323e-05  1.36612e-05 
     41.6667    -0.578514  4.76232e-05  8.19881e-06   0.00065921  0.000202346  -2.8347e-05  1.48621e-05 
     41.6667    -0.548339  4.59193e-05  8.66198e-06  0.000659274   0.00019253 -2.90704e-05  1.61118e-05 
     41.6667    -0.517501  4.41008e-05  9.13186e-06   0.00065934  0.000182524 -2.98012e-05  1.74066e-05 
     41.6667    -0.485998  4.21587e-05  9.60831e-06  0.000659409  0.000172328 -3.05383e-05   1.8742e-05 
     41.6667    -0.453833  4.00852e-05  1.00911e-05  0.000659479  0.000161964 -3.12809e-05  2.01124e-05 
     41.6667    -0.421005  3.78735e-05  1.05801e-05  0.000659551  0.000151482 -3.20301e-05  2.15114e-05 
     41.6667    -0.387514  3.55169e-05   1.1075e-05  0.000659624  0.000140959 -3.27896e-05  2.29315e-05 
     41.6667    -0.353359  3.30093e-05  1.15759e-05  0.000659699  0.000130504 -3.35674e-05  2.43643e-05 
     41.6667    -0.318541   3.0345e-05  1.20825e-05  0.000659773  0.000120257 -3.43768e-05  2.58002e-05 
     41.6667    -0.283061  2.75189e-05  1.25949e-05  0.000659848  0.000110393 -3.52374e-05  2.72288e-05 
     41.6667    -0.246917  2.45266e-05  1.31132e-05  0.000659922  0.000101124 -3.61766e-05   2.8639e-05 
     41.6667    -0.210109  2.13654e-05  1.36378e-05  0.000659995  9.27023e-05 -3.72301e-05  3.00192e-05 
     41.6667    -0.172638  1.80353e-05  1.41692e-05  0.000660066  8.54129e-05 -3.84416e-05  3.13572e-05 
     41.6667    -0.134505  1.45405e-05  1.47083e-05  0.000660134  7.95694e-05 -3.98621e-05  3.26415e-05 
     41.6667    -0.095708  1.08906e-05  1.52565e-05  0.000660199  7.54976e-05 -4.15476e-05  3.38613e-05 
     41.6667    -0.056247   7.1033e-06  1.58155e-05   0.00066026  7.35143e-05 -4.35548e-05  3.50074e-05 
     41.6667    -0.016124  3.20623e-06  1.63877e-05  0.000660317  7.38959e-05 -4.59352e-05  3.60732e-05 
     41.6667     0.024662 -7.61641e-07  1.69761e-05  0.000660367  7.68408e-05 -4.87277e-05  3.70559e-05 
     41.6667     0.066112 -4.74856e-06   1.7584e-05  0.000660411  8.24284e-05 -5.19504e-05  3.79571e-05 
     41.6667     0.108226 -8.68984e-06  1.82155e-05  0.000660448  9.05797e-05 -5.55918e-05  3.87836e-05 
     41.6667     0.151002 -1.25094e-05  1.88747e-05  0.000660476  0.000101026 -5.96037e-05   3.9548e-05 
     41.6667     0.194441 -1.61235e-05  1.95658e-05  0.000660496  0.000113296 -6.38978e-05  4.02687e-05 
     41.6667     0.238543 -1.94459e-05  2.02927e-05  0.000660506  0.000126727 -6.83467e-05  4.09691e-05 
     41.6667     0.283309  -2.2395e-05  2.10584e-05  0.000660506  0.000140504 -7.27895e-05   4.1676e-05 
     41.6667     0.328738 -2.49018e-05  2.18645e-05  0.000660494  0.000153723 -7.70446e-05  4.24177e-05 
     41.6667      0.37483 -2.69164e-05  2.27109e-05   0.00066047  0.000165474  -8.0925e-05  4.32218e-05 
     41.6667     0.421585 -2.84168e-05  2.35956e-05  0.000660434  0.000174945 -8.42582e-05  4.41123e-05 
     41.6667     0.469004 -2.94096e-05  2.45141e-05  0.000660386  0.000181502 -8.69033e-05   4.5107e-05 
     41.6667     0.517086 -2.99297e-05  2.54597e-05  0.000660323  0.000184751 -8.87633e-05  4.62159e-05 
     41.6667     0.565831  -3.0037e-05  2.64239e-05  0.000660247   0.00018457  -8.9793e-05  4.74402e-05 
     41.6667     0.615239  -2.9809e-05  2.73967e-05  0.000660156  0.000181107 -9.00001e-05   4.8772e-05 
     41.6667      0.66531 -2.93305e-05  2.83673e-05  0.000660051  0.000174729 -8.94362e-05  5.01954e-05 
     41.6667     0.716045 -2.86842e-05  2.93245e-05  0.000659931  0.000165955  -8.8184e-05  5.16878e-05 
     41.6667     0.767442 -2.79431e-05  3.02578e-05  0.000659796  0.000155384 -8.63446e-05  5.32224e-05 
     41.6667     0.819503 -2.71654e-05  3.11573e-05  0.000659646  0.000143621 -8.40232e-05  5.47699e-05 
     41.6667     0.872228  -2.6391e-05  3.20145e-05  0.000659481  0.000131221 -8.13172e-05  5.63006e-05 
     41.6667     0.925615 -2.56438e-05  3.28222e-05  0.000659302  0.000118658 -7.83117e-05  5.77859e-05 
     41.6667     0.979665 -2.49346e-05  3.35744e-05  0.000659108  0.000106312 -7.50765e-05   5.9199e-05 
     41.6667      1.03438 -2.42639e-05  3.42666e-05  0.000658899  9.44695e-05  -7.1666e-05  6.05161e-05 
     41.6667      1.08976 -2.36259e-05  3.48952e-05  0.000658676  8.33325e-05 -6.81215e-05   6.1716e-05 
     41.6667       1.1458 -2.30131e-05  3.54574e-05   0.00065844  7.30401e-05 -6.44765e-05  6.27804e-05 
     41.6667       1.2025 -2.24174e-05  3.59513e-05  0.000658192  6.36818e-05 -6.07585e-05  6.36937e-05 
     41.6667      1.25987 -2.18316e-05  3.63754e-05   0.00065793  5.53095e-05 -5.69918e-05  6.44431e-05 
     41.6667       1.3179 -2.12502e-05  3.67288e-05  0.000657658  4.79447e-05 -5.31987e-05   6.5018e-05 
     41.6667      1.37659 -2.06689e-05  3.70111e-05  0.000657374  4.15896e-05 -4.94019e-05  6.54104e-05 
     41.6667      1.43594 -2.00847e-05   3.7222e-05   0.00065708  3.62269e-05 -4.56242e-05  6.56148e-05 
     41.6667      1.49596  -1.9496e-05   3.7362e-05  0.000656778  3.18243e-05 -4.18891e-05  6.56279e-05 
     41.6667      1.55665 -1.89018e-05  3.74318e-05  0.000656467  2.83334e-05 -3.82205e-05  6.54492e-05 
     41.6667      1.61799 -1.83021e-05  3.74326e-05   0.00065615  2.56915e-05  -3.4642e-05  6.50803e-05 
     41.6667         1.68 -1.76973e-05   3.7366e-05  0.000655826  2.38229e-05 -3.11767e-05  6.45256e-05 
     41.6667      1.74267 -1.70885e-05  3.72342e-05  0.000655497  2.26408e-05 -2.78462e-05  6.37915e-05 
     41.6667      1.80601 -1.64772e-05  3.70395e-05  0.000655164  2.20499e-05 -2.46706e-05  6.28869e-05 
     41.6667      1.87001 -1.58652e-05  3.67851e-05  0.000654828  2.19496e-05 -2.16664e-05  6.18225e-05 
     41.6667      1.93467 -1.52546e-05   3.6474e-05   0.00065449  2.22382e-05 -1.88473e-05  6.06105e-05 
     41.6667            2 -1.46477e-05  3.61099e-05  0.000654151  2.28153e-05  -1.6224e-05  5.92648e-05 
     43.3333        -1.25  5.08145e-18  2.50644e-20  0.000637959 -2.02018e-11   7.2603e-13 -5.41749e-14 
     43.3333     -1.24967  3.00261e-07    1.056e-11  0.000637959  6.91614e-09  3.88759e-13 -3.93247e-14 
     43.3333     -1.24867  1.19409e-06  1.69716e-10  0.000637959  1.10322e-07 -8.81408e-12  1.58712e-16 
     43.3333     -1.24702  2.65452e-06  8.61847e-10  0.000637959  5.51173e-07 -1.01195e-10  1.88268e-13 
     43.3333      -1.2447  4.63901e-06  2.73412e-09   0.00063796  1.70922e-06 -5.63396e-10  1.68946e-12 
     43.3333     -1.24171  7.08978e-06  6.70488e-09   0.00063796  4.07199e-06 -2.12797e-09  9.78998e-12 
     43.3333     -1.23806  9.93632e-06  1.39746e-08  0.000637961  8.19603e-06 -6.28029e-09  4.12369e-11 
     43.3333     -1.23375  1.30951e-05  2.60267e-08  0.000637962  1.46574e-05  -1.5611e-08  1.38197e-10 
     43.3333     -1.22878  1.64748e-05  4.46321e-08  0.000637963  2.40054e-05 -3.41908e-08  3.91123e-10 
     43.3333     -1.22314  1.99778e-05  7.18403e-08  0.000637964  3.67131e-05 -6.79257e-08  9.72142e-10 
     43.3333     -1.21684  2.35042e-05   1.0996e-07  0.000637966  5.31345e-05 -1.24849e-07   2.1795e-09 
     43.3333     -1.20988   2.6955e-05  1.61534e-07  0.000637967  7.34703e-05 -2.15318e-07  4.49256e-09 
     43.3333     -1.20225  3.02342e-05  2.29271e-07  0.000637969  9.77336e-05    -3.52e-07   8.6333e-09 
     43.3333     -1.19396  3.32543e-05  3.16003e-07  0.000637971  0.000125743 -5.49724e-07  1.56327e-08 
     43.3333     -1.18501   3.5938e-05  4.24604e-07  0.000637973  0.000157119  -8.2506e-07  2.68951e-08 
     43.3333     -1.17539  3.82216e-05  5.57907e-07  0.000637976  0.000191297 -1.19567e-06  4.42546e-08 
     43.3333     -1.16511  4.00571e-05  7.18624e-07  0.000637979  0.000227552 -1.67947e-06  7.00198e-08 
     43.3333     -1.15417  4.14131e-05  9.09195e-07  0.000637982  0.000265021 -2.29334e-06  1.06985e-07 
     43.3333     -1.14256  4.22766e-05  1.13181e-06  0.000637985  0.000302772 -3.05226e-06  1.58444e-07 
     43.3333     -1.13029  4.26521e-05  1.38821e-06  0.000637989  0.000339827 -3.96768e-06  2.28141e-07 
     43.3333     -1.11736  4.25611e-05  1.67971e-06  0.000637994  0.000375226 -5.04661e-06  3.20225e-07 
     43.3333     -1.10377  4.20403e-05  2.00708e-06  0.000637998  0.000408069  -6.2902e-06  4.39131e-07 
     43.3333     -1.08951  4.11389e-05  2.37061e-06  0.000638003  0.000437575 -7.69363e-06  5.89527e-07 
     43.3333     -1.07458  3.99158e-05  2.77006e-06  0.000638009  0.000463101 -9.24518e-06  7.76134e-07 
     43.3333       -1.059  3.84362e-05  3.20466e-06  0.000638015  0.000484185 -1.09268e-05  1.00363e-06 
     43.3333     -1.04275   3.6768e-05  3.67325e-06  0.000638022  0.000500553 -1.27144e-05  1.27652e-06 
     43.3333     -1.02584   3.4978e-05  4.17431e-06   0.00063803  0.000512128 -1.45798e-05  1.59906e-06 
     43.3333     -1.00827  3.31293e-05  4.70594e-06  0.000638038  0.000519016 -1.64909e-05   1.9751e-06 
     43.3333    -0.990028  3.12778e-05  5.26618e-06  0.000638047  0.000521491 -1.84154e-05  2.40815e-06 
     43.3333    -0.971127  2.94707e-05  5.85287e-06  0.000638056  0.000519964 -2.03212e-05  2.90125e-06 
     43.3333    -0.951562  2.77448e-05   6.4639e-06  0.000638067  0.000514946 -2.21794e-05  3.45709e-06 
     43.3333    -0.931335  2.61263e-05  7.09711e-06  0.000638078  0.000507012 -2.39654e-05  4.07791e-06 
     43.3333    -0.910444  2.46301e-05   7.7506e-06   0.00063809  0.000496757  -2.5661e-05  4.76576e-06 
     43.3333     -0.88889  2.32611e-05  8.42252e-06  0.000638103  0.000484761  -2.7255e-05  5.52237e-06 
     43.3333    -0.866673  2.20154e-05  9.11124e-06  0.000638117  0.000471558 -2.87429e-05  6.34934e-06 
     43.3333    -0.843793  2.08819e-05   9.8153e-06  0.000638131  0.000457609 -3.01275e-05  7.24818e-06 
     43.3333    -0.820249  1.98438e-05  1.05335e-05  0.000638147  0.000443288 -3.14174e-05  8.22032e-06 
     43.3333    -0.796043  1.88806e-05  1.12645e-05  0.000638163  0.000428872 -3.26259e-05    9.267e-06 
     43.3333    -0.771173  1.79698e-05  1.20075e-05  0.000638181  0.000414544 -3.37693e-05  1.03895e-05 
     43.3333     -0.74564  1.70884e-05  1.27615e-05  0.000638199  0.000400398 -3.48654e-05  1.15888e-05 
     43.3333    -0.719443   1.6214e-05  1.35255e-05  0.000638218  0.000386454 -3.59315e-05  1.28657e-05 
     43.3333    -0.692584   1.5326e-05  1.42987e-05  0.000638238  0.000372679 -3.69833e-05  1.42204e-05 
     43.3333    -0.665062  1.44055e-05  1.50801e-05  0.000638259  0.000358993 -3.80339e-05  1.56527e-05 
     43.3333    -0.636876  1.34364e-05  1.58687e-05   0.00063828  0.000345301 -3.90929e-05  1.71618e-05 
     43.3333    -0.608026   1.2405e-05  1.66634e-05  0.000638302  0.000331499 -4.01663e-05   1.8746e-05 
     43.3333    -0.578514  1.12996e-05  1.74631e-05  0.000638324  0.000317494 -4.12568e-05  2.04025e-05 
     43.3333    -0.548339   1.0111e-05  1.82663e-05  0.000638347   0.00030321 -4.23643e-05  2.21276e-05 
     43.3333    -0.517501  8.83122e-06  1.90717e-05   0.00063837  0.000288598 -4.34866e-05  2.39165e-05 
     43.3333    -0.485998  7.45339e-06  1.98778e-05  0.000638392  0.000273641 -4.46209e-05  2.57632e-05 
     43.3333    -0.453833  5.97161e-06  2.06828e-05  0.000638415  0.000258359 -4.57647e-05    2.766e-05 
     43.3333    -0.421005  4.37994e-06   2.1485e-05  0.000638437  0.000242809 -4.69174e-05   2.9598e-05 
     43.3333    -0.387514  2.67229e-06  2.22824e-05  0.000638458  0.000227089 -4.80816e-05   3.1567e-05 
     43.3333    -0.353359   8.4186e-07   2.3073e-05  0.000638478  0.000211336 -4.92652e-05  3.35553e-05 
     43.3333    -0.318541 -1.11889e-06  2.38549e-05  0.000638497   0.00019574 -5.04826e-05  3.55496e-05 
     43.3333    -0.283061 -3.21856e-06  2.46257e-05  0.000638514  0.000180539 -5.17564e-05  3.75353e-05 
     43.3333    -0.246917 -5.46692e-06  2.53835e-05  0.000638529  0.000166023 -5.31194e-05  3.94967e-05 
     43.3333    -0.210109 -7.87438e-06  2.61262e-05  0.000638542   0.00015254  -5.4615e-05  4.14172e-05 
     43.3333    -0.172638 -1.04514e-05  2.68517e-05  0.000638552  0.000140494 -5.62981e-05  4.32794e-05 
     43.3333    -0.134505 -1.32077e-05  2.75583e-05  0.000638559  0.000130332 -5.82337e-05  4.50662e-05 
     43.3333    -0.095708 -1.61506e-05  2.82445e-05  0.000638563  0.000122529 -6.04946e-05  4.67615e-05 
     43.3333    -0.056247 -1.92832e-05  2.89092e-05  0.000638563  0.000117561 -6.31562e-05   4.8351e-05 
     43.3333    -0.016124 -2.26013e-05  2.95519e-05  0.000638558   0.00011586  -6.6289e-05  4.98237e-05 
     43.3333     0.024662 -2.60913e-05  3.01728e-05  0.000638549  0.000117765 -6.99497e-05  5.11735e-05 
     43.3333     0.066112 -2.97267e-05  3.07732e-05  0.000638535  0.000123461 -7.41692e-05     5.24e-05 
     43.3333     0.108226 -3.34653e-05   3.1355e-05  0.000638516  0.000132919 -7.89415e-05  5.35106e-05 
     43.3333     0.151002 -3.72473e-05  3.19213e-05  0.000638491  0.000145851 -8.42127e-05  5.45203e-05 
     43.3333     0.194441 -4.09956e-05  3.24762e-05  0.000638461  0.000161676  -8.9876e-05  5.54525e-05 
     43.3333     0.238543 -4.46167e-05  3.30244e-05  0.000638425  0.000179529 -9.57698e-05  5.63383e-05 
     43.3333     0.283309 -4.80059e-05  3.35714e-05  0.000638383  0.000198301 -0.000101685  5.72144e-05 
     43.3333     0.328738 -5.10536e-05  3.41225e-05  0.000638336  0.000216724 -0.000107381  5.81206e-05 
     43.3333      0.37483 -5.36544e-05  3.46824e-05  0.000638283  0.000233487 -0.000112602  5.90964e-05 
     43.3333     0.421585  -5.5717e-05  3.52549e-05  0.000638224  0.000247369 -0.000117107  6.01776e-05 
     43.3333     0.469004 -5.71731e-05  3.58423e-05  0.000638161  0.000257369 -0.000120694   6.1392e-05 
     43.3333     0.517086 -5.79852e-05  3.64445e-05  0.000638092   0.00026281 -0.000123215  6.27572e-05 
     43.3333     0.565831 -5.81495e-05  3.70594e-05   0.00063802  0.000263396 -0.000124593  6.42783e-05 
     43.3333     0.615239 -5.76954e-05  3.76826e-05  0.000637943  0.000259219 -0.000124823  6.59479e-05 
     43.3333      0.66531 -5.66806e-05  3.83078e-05  0.000637864  0.000250711 -0.000123963  6.77466e-05 
     43.3333     0.716045  -5.5183e-05  3.89273e-05  0.000637782  0.000238552  -0.00012212  6.96453e-05 
     43.3333     0.767442 -5.32911e-05  3.95323e-05  0.000637698  0.000223569  -0.00011943  7.16081e-05 
     43.3333     0.819503 -5.10933e-05   4.0114e-05  0.000637612  0.000206631 -0.000116037  7.35951e-05 
     43.3333     0.872228 -4.86718e-05  4.06639e-05  0.000637527  0.000188561 -0.000112081  7.55651e-05 
     43.3333     0.925615  -4.6096e-05   4.1174e-05  0.000637441   0.00017008 -0.000107686   7.7478e-05 
     43.3333     0.979665 -4.34219e-05  4.16377e-05  0.000637356  0.000151782 -0.000102956  7.92968e-05 
     43.3333      1.03438  -4.0691e-05  4.20494e-05  0.000637273  0.000134124 -9.79715e-05  8.09876e-05 
     43.3333      1.08976 -3.79332e-05  4.24043e-05  0.000637192  0.000117444 -9.27979e-05  8.25208e-05 
     43.3333       1.1458 -3.51694e-05  4.26992e-05  0.000637114   0.00010198 -8.74864e-05  8.38708e-05 
     43.3333       1.2025 -3.24146e-05  4.29313e-05   0.00063704  8.78901e-05 -8.20797e-05  8.50162e-05 
     43.3333      1.25987 -2.96803e-05  4.30989e-05  0.000636969  7.52713e-05 -7.66155e-05  8.59391e-05 
     43.3333       1.3179 -2.69756e-05  4.32006e-05  0.000636902  6.41743e-05 -7.11281e-05  8.66253e-05 
     43.3333      1.37659 -2.43095e-05   4.3236e-05   0.00063684  5.46137e-05 -6.56518e-05  8.70639e-05 
     43.3333      1.43594 -2.16905e-05  4.32047e-05  0.000636784  4.65723e-05 -6.02199e-05  8.72478e-05 
     43.3333      1.49596 -1.91281e-05  4.31072e-05  0.000636733  4.00081e-05 -5.48675e-05  8.71729e-05 
     43.3333      1.55665 -1.66318e-05  4.29443e-05  0.000636687   3.4852e-05 -4.96282e-05  8.68388e-05 
     43.3333      1.61799 -1.42117e-05  4.27172e-05  0.000636647  3.10139e-05 -4.45362e-05  8.62483e-05 
     43.3333         1.68 -1.18784e-05  4.24276e-05  0.000636613  2.83814e-05 -3.96243e-05  8.54077e-05 
     43.3333      1.74267 -9.64152e-06  4.20776e-05  0.000636584  2.68235e-05 -3.49226e-05  8.43262e-05 
     43.3333      1.80601 -7.51062e-06  4.16698e-05  0.000636562  2.61957e-05  -3.0458e-05  8.30164e-05 
     43.3333      1.87001 -5.49425e-06  4.12072e-05  0.000636545  2.63444e-05 -2.62541e-05  8.14931e-05 
     43.3333      1.93467 -3.59974e-06  4.06931e-05  0.000636533  2.71124e-05 -2.23293e-05  7.97736e-05 
     43.3333            2 -1.83299e-06   4.0131e-05  0.000636528  2.83436e-05 -1.86975e-05  7.78768e-05 
          45        -1.25 -7.53333e-19 -5.78728e-20  0.000614811 -2.86666e-11  1.02243e-12 -7.01116e-14 
          45     -1.24967  1.33791e-07  2.13818e-11  0.000614811   1.0078e-08  5.70669e-13 -5.08937e-14 
          45     -1.24867  5.27945e-07  3.42381e-10  0.000614812  1.60746e-07 -1.09324e-11  2.81287e-16 
          45     -1.24702  1.15835e-06  1.72799e-09  0.000614812  8.03068e-07  -1.2582e-10  2.45651e-13 
          45      -1.2447  1.98676e-06  5.43554e-09  0.000614813  2.49025e-06 -7.01023e-10  2.20625e-12 
          45     -1.24171  2.96216e-06  1.31882e-08  0.000614814  5.93236e-06 -2.65102e-09  1.27864e-11 
          45     -1.23806  4.02346e-06  2.71415e-08  0.000614815  1.19397e-05 -7.83577e-09  5.38607e-11 
          45     -1.23375  5.10143e-06  4.98233e-08  0.000614817  2.13509e-05 -1.95109e-08  1.80511e-10 
          45     -1.22878    6.123e-06  8.40802e-08  0.000614819  3.49647e-05 -4.28135e-08  5.10909e-10 
          45     -1.22314   7.0143e-06  1.33001e-07  0.000614821   5.3469e-05 -8.52295e-08  1.26995e-09 
          45     -1.21684  7.70436e-06  1.99834e-07  0.000614823  7.73776e-05 -1.56991e-07  2.84737e-09 
          45     -1.20988   8.1286e-06  2.87903e-07  0.000614825  0.000106981 -2.71357e-07  5.86969e-09 
          45     -1.20225  8.23202e-06  4.00476e-07  0.000614827  0.000142297 -4.44632e-07  1.12806e-08 
          45     -1.19396  7.97228e-06  5.40686e-07  0.000614829   0.00018306 -6.96002e-07   2.0428e-08 
          45     -1.18501   7.3215e-06  7.11426e-07  0.000614831  0.000228718 -1.04704e-06  3.51483e-08 
          45     -1.17539  6.26808e-06  9.15246e-07  0.000614834  0.000278448 -1.52086e-06  5.78401e-08 
          45     -1.16511  4.81684e-06  1.15429e-06  0.000614836  0.000331199 -2.14109e-06  9.15234e-08 
          45     -1.15417  2.98956e-06  1.43015e-06  0.000614838  0.000385719 -2.93016e-06  1.39854e-07 
          45     -1.14256  8.22666e-07  1.74393e-06  0.000614839  0.000440654 -3.90816e-06  2.07143e-07 
          45     -1.13029 -1.63364e-06  2.09612e-06  0.000614841  0.000494588 -5.09069e-06  2.98291e-07 
          45     -1.11736  -4.3189e-06  2.48667e-06  0.000614842  0.000546132  -6.4876e-06   4.1873e-07 
          45     -1.10377 -7.16462e-06   2.9149e-06  0.000614843  0.000593984  -8.1011e-06   5.7427e-07 
          45     -1.08951 -1.00993e-05  3.37972e-06  0.000614844  0.000637014  -9.9255e-06  7.71025e-07 
          45     -1.07458 -1.30507e-05  3.87956e-06  0.000614844  0.000674296 -1.19459e-05  1.01518e-06 
          45       -1.059   -1.595e-05  4.41249e-06  0.000614843   0.00070516  -1.4139e-05  1.31287e-06 
          45     -1.04275 -1.87348e-05  4.97636e-06  0.000614842  0.000729214 -1.64733e-05  1.67001e-06 
          45     -1.02584 -2.13521e-05  5.56891e-06   0.00061484  0.000746348 -1.89115e-05  2.09219e-06 
          45     -1.00827 -2.37592e-05  6.18772e-06  0.000614838  0.000756717 -2.14112e-05  2.58445e-06 
          45    -0.990028  -2.5926e-05  6.83054e-06  0.000614834  0.000760719  -2.3929e-05  3.15144e-06 
          45    -0.971127 -2.78345e-05  7.49516e-06   0.00061483  0.000758949 -2.64221e-05  3.79714e-06 
          45    -0.951562 -2.94787e-05  8.17957e-06  0.000614825  0.000752149 -2.88515e-05  4.52512e-06 
          45    -0.931335 -3.08629e-05   8.8819e-06  0.000614818   0.00074115 -3.11839e-05  5.33833e-06 
          45    -0.910444 -3.20014e-05  9.60061e-06   0.00061481  0.000726816 -3.33947e-05  6.23951e-06 
          45     -0.88889 -3.29149e-05  1.03343e-05  0.000614802  0.000709988  -3.5468e-05  7.23098e-06 
          45    -0.866673 -3.36297e-05  1.10816e-05  0.000614791   0.00069144 -3.73979e-05  8.31488e-06 
          45    -0.843793 -3.41749e-05  1.18417e-05  0.000614779  0.000671841 -3.91877e-05  9.49321e-06 
          45    -0.820249 -3.45809e-05  1.26135e-05  0.000614766  0.000651731 -4.08493e-05  1.07679e-05 
          45    -0.796043 -3.48774e-05  1.33961e-05  0.000614751  0.000631515 -4.24004e-05  1.21407e-05 
          45    -0.771173 -3.50923e-05  1.41887e-05  0.000614734  0.000611454 -4.38638e-05  1.36133e-05 
          45     -0.74564 -3.52508e-05  1.49902e-05  0.000614715  0.000591682 -4.52638e-05   1.5187e-05 
          45    -0.719443 -3.53746e-05  1.57998e-05  0.000614695  0.000572224 -4.66249e-05  1.68628e-05 
          45    -0.692584 -3.54819e-05  1.66162e-05  0.000614672  0.000553021 -4.79693e-05  1.86411e-05 
          45    -0.665062 -3.55873e-05  1.74383e-05  0.000614647  0.000533953 -4.93154e-05  2.05218e-05 
          45    -0.636876  -3.5702e-05  1.82646e-05   0.00061462  0.000514863 -5.06774e-05  2.25036e-05 
          45    -0.608026 -3.58342e-05  1.90935e-05   0.00061459  0.000495589 -5.20643e-05  2.45843e-05 
          45    -0.578514 -3.59897e-05  1.99233e-05  0.000614558  0.000475975 -5.34802e-05  2.67602e-05 
          45    -0.548339 -3.61724e-05  2.07519e-05  0.000614523  0.000455892 -5.49253e-05  2.90264e-05 
          45    -0.517501 -3.63848e-05  2.15773e-05  0.000614486  0.000435246 -5.63964e-05  3.13764e-05 
          45    -0.485998 -3.66286e-05   2.2397e-05  0.000614446  0.000413987 -5.78891e-05  3.38019e-05 
          45    -0.453833 -3.69054e-05  2.32085e-05  0.000614403  0.000392117 -5.93984e-05  3.62927e-05 
          45    -0.421005 -3.72172e-05  2.40089e-05  0.000614358  0.000369687 -6.09213e-05  3.88367e-05 
          45    -0.387514 -3.75668e-05  2.47954e-05   0.00061431  0.000346803 -6.24583e-05    4.142e-05 
          45    -0.353359 -3.79586e-05  2.55646e-05  0.000614259   0.00032363 -6.40155e-05  4.40265e-05 
          45    -0.318541 -3.83986e-05  2.63133e-05  0.000614205  0.000300399 -6.56071e-05  4.66383e-05 
          45    -0.283061 -3.88954e-05  2.70379e-05  0.000614148  0.000277408 -6.72571e-05   4.9235e-05 
          45    -0.246917   -3.946e-05  2.77347e-05  0.000614089  0.000255027 -6.90017e-05  5.17952e-05 
          45    -0.210109 -4.01063e-05  2.83999e-05  0.000614027   0.00023371  -7.0891e-05  5.42954e-05 
          45    -0.172638  -4.0851e-05  2.90295e-05  0.000613963  0.000213991 -7.29894e-05  5.67114e-05 
          45    -0.134505  -4.1713e-05  2.96196e-05  0.000613896  0.000196476 -7.53753e-05  5.90186e-05 
          45    -0.095708 -4.27136e-05  3.01663e-05  0.000613828  0.000181827 -7.81383e-05  6.11936e-05 
          45    -0.056247 -4.38743e-05   3.0666e-05  0.000613757  0.000170727 -8.13738e-05   6.3215e-05 
          45    -0.016124 -4.52156e-05  3.11152e-05  0.000613685  0.000163835 -8.51741e-05  6.50653e-05 
          45     0.024662 -4.67542e-05  3.15111e-05  0.000613612  0.000161711 -8.96171e-05  6.67329e-05 
          45     0.066112 -4.85001e-05  3.18517e-05  0.000613538  0.000164743  -9.4752e-05  6.82143e-05 
          45     0.108226  -5.0452e-05  3.21359e-05  0.000613464  0.000173061 -0.000100584  6.95156e-05 
          45     0.151002 -5.25939e-05  3.23638e-05   0.00061339  0.000186455  -0.00010706   7.0654e-05 
          45     0.194441 -5.48908e-05  3.25371e-05  0.000613317  0.000204326 -0.000114058  7.16585e-05 
          45     0.238543 -5.72864e-05  3.26591e-05  0.000613246  0.000225667 -0.000121387  7.25691e-05 
          45     0.283309 -5.97024e-05  3.27346e-05  0.000613178  0.000249103  -0.00012879  7.34351e-05 
          45     0.328738 -6.20396e-05  3.27703e-05  0.000613112  0.000272977 -0.000135959  7.43114e-05 
          45      0.37483 -6.41841e-05  3.27736e-05  0.000613051  0.000295499 -0.000142566  7.52545e-05 
          45     0.421585 -6.60145e-05  3.27529e-05  0.000612996  0.000314923 -0.000148289   7.6317e-05 
          45     0.469004 -6.74131e-05  3.27166e-05  0.000612947   0.00032973  -0.00015285  7.75427e-05 
          45     0.517086 -6.82765e-05  3.26725e-05  0.000612907  0.000338793 -0.000156039   7.8962e-05 
          45     0.565831 -6.85265e-05  3.26269e-05  0.000612875  0.000341483 -0.000157737  8.05889e-05 
          45     0.615239 -6.81179e-05  3.25845e-05  0.000612854  0.000337707  -0.00015792  8.24196e-05 
          45      0.66531 -6.70415e-05  3.25475e-05  0.000612845   0.00032787 -0.000156652  8.44339e-05 
          45     0.716045 -6.53234e-05  3.25163e-05   0.00061285  0.000312775 -0.000154067   8.6597e-05 
          45     0.767442 -6.30193e-05   3.2489e-05  0.000612868  0.000293483 -0.000150346  8.88635e-05 
          45     0.819503 -6.02056e-05  3.24623e-05  0.000612903   0.00027117 -0.000145686  9.11815e-05 
          45     0.872228 -5.69699e-05  3.24319e-05  0.000612955  0.000246994 -0.000140285  9.34967e-05 
          45     0.925615  -5.3402e-05   3.2393e-05  0.000613025  0.000222004 -0.000134317  9.57557e-05 
          45     0.979665 -4.95857e-05  3.23407e-05  0.000613114  0.000197084 -0.000127931  9.79084e-05 
          45      1.03438 -4.55948e-05  3.22706e-05  0.000613222  0.000172934 -0.000121248  9.99095e-05 
          45      1.08976 -4.14911e-05  3.21789e-05  0.000613352  0.000150084 -0.000114359  0.000101719 
          45       1.1458 -3.73247e-05  3.20625e-05  0.000613502  0.000128912  -0.00010734  0.000103304 
          45       1.2025 -3.31353e-05   3.1919e-05  0.000613674  0.000109673 -0.000100249  0.000104635 
          45      1.25987 -2.89545e-05  3.17466e-05  0.000613868   9.2528e-05 -9.31376e-05  0.000105689 
          45       1.3179 -2.48085e-05   3.1544e-05  0.000614083   7.7563e-05 -8.60506e-05  0.000106447 
          45      1.37659 -2.07204e-05  3.13105e-05  0.000614319  6.48069e-05 -7.90317e-05  0.000106897 
          45      1.43594 -1.67104e-05  3.10457e-05  0.000614576  5.42382e-05 -7.21224e-05  0.000107028 
          45      1.49596 -1.27981e-05  3.07496e-05  0.000614854  4.57941e-05 -6.53638e-05  0.000106837 
          45      1.55665 -9.00254e-06  3.04225e-05  0.000615151  3.93743e-05 -5.87964e-05  0.000106322 
          45      1.61799  -5.3428e-06   3.0065e-05  0.000615467  3.48441e-05 -5.24599e-05  0.000105488 
          45         1.68 -1.83715e-06   2.9678e-05    0.0006158  3.20368e-05 -4.63911e-05  0.000104344 
          45      1.74267  1.49748e-06  2.92626e-05   0.00061615  3.07594e-05 -4.06237e-05  0.000102901 
          45      1.80601  4.64516e-06    2.882e-05  0.000616515  3.07979e-05  -3.5187e-05  0.000101175 
          45      1.87001  7.59178e-06   2.8352e-05  0.000616893   3.1925e-05 -3.01053e-05   9.9187e-05 
          45      1.93467  1.03258e-05  2.78603e-05  0.000617284  3.39082e-05 -2.53977e-05  9.69583e-05 
          45            2  1.28383e-05  2.73467e-05  0.000617686  3.65171e-05 -2.10762e-05  9.45128e-05 
     46.6667        -1.25  3.36705e-18 -6.03737e-20  0.000598039 -3.87789e-11  1.48427e-12 -8.94366e-14 
     46.6667     -1.24967 -9.80112e-08  2.28328e-11  0.000598039  1.35707e-08  9.14631e-13 -6.49243e-14 
     46.6667     -1.24867 -3.96542e-07   3.6482e-10  0.000598039  2.16455e-07 -1.03584e-11  4.74808e-16 
     46.6667     -1.24702 -9.06668e-07  1.83543e-09   0.00059804  1.08137e-06 -1.20464e-10  3.16506e-13 
     46.6667      -1.2447  -1.6462e-06  5.74855e-09  0.000598041  3.35316e-06 -6.73164e-10  2.84553e-12 
     46.6667     -1.24171 -2.63779e-06  1.38712e-08  0.000598042  7.98783e-06 -2.55815e-09  1.64942e-11 
     46.6667     -1.23806 -3.90719e-06  2.83586e-08  0.000598043  1.60762e-05 -7.60698e-09  6.94834e-11 
     46.6667     -1.23375  -5.4798e-06  5.16577e-08  0.000598045   2.8747e-05 -1.90708e-08  2.32884e-10 
     46.6667     -1.22878 -7.37905e-06  8.64172e-08  0.000598046   4.7075e-05 -4.21594e-08  6.59192e-10 
     46.6667     -1.22314 -9.62347e-06  1.35377e-07  0.000598048   7.1986e-05 -8.45922e-08  1.63867e-09 
     46.6667     -1.21684 -1.22242e-05  2.01258e-07   0.00059805  0.000104171 -1.57105e-07  3.67441e-09 
     46.6667     -1.20988 -1.51833e-05  2.86656e-07  0.000598051  0.000144021 -2.73856e-07  7.57531e-09 
     46.6667     -1.20225 -1.84904e-05  3.93907e-07  0.000598053  0.000191558 -4.52572e-07    1.456e-08 
     46.6667     -1.19396 -2.21236e-05  5.25016e-07  0.000598054  0.000246427 -7.14493e-07  2.63695e-08 
     46.6667     -1.18501 -2.60482e-05  6.81566e-07  0.000598055  0.000307885 -1.08393e-06  4.53762e-08 
     46.6667     -1.17539 -3.02175e-05  8.64657e-07  0.000598056  0.000374827 -1.58745e-06  7.46794e-08 
     46.6667     -1.16511 -3.45744e-05  1.07489e-06  0.000598056  0.000445839 -2.25269e-06  1.18182e-07 
     46.6667     -1.15417 -3.90518e-05  1.31227e-06  0.000598056  0.000519239 -3.10651e-06   1.8061e-07 
     46.6667     -1.14256  -4.3578e-05  1.57636e-06  0.000598055  0.000593213 -4.17356e-06  2.67536e-07 
     46.6667     -1.13029 -4.80768e-05  1.86618e-06  0.000598053  0.000665854 -5.47373e-06  3.85296e-07 
     46.6667     -1.11736  -5.2473e-05  2.18039e-06  0.000598051  0.000735303 -7.02048e-06   5.4091e-07 
     46.6667     -1.10377 -5.66938e-05   2.5172e-06  0.000598047   0.00079981 -8.81843e-06  7.41886e-07 
     46.6667     -1.08951 -6.06741e-05  2.87472e-06  0.000598042  0.000857858 -1.08628e-05   9.9612e-07 
     46.6667     -1.07458  -6.4357e-05  3.25079e-06  0.000598036  0.000908207 -1.31376e-05  1.31159e-06 
     46.6667       -1.059 -6.76975e-05  3.64328e-06  0.000598029  0.000949957 -1.56162e-05  1.69619e-06 
     46.6667     -1.04275 -7.06629e-05  4.05005e-06  0.000598019  0.000982584 -1.82619e-05   2.1575e-06 
     46.6667     -1.02584  -7.3234e-05  4.46914e-06  0.000598009   0.00100594 -2.10296e-05  2.70266e-06 
     46.6667     -1.00827 -7.54044e-05   4.8987e-06  0.000597996   0.00102023 -2.38678e-05  3.33806e-06 
     46.6667    -0.990028 -7.71801e-05  5.33719e-06  0.000597981     0.001026 -2.67226e-05  4.06949e-06 
     46.6667    -0.971127 -7.85777e-05  5.78323e-06  0.000597963   0.00102403 -2.95401e-05  4.90185e-06 
     46.6667    -0.951562 -7.96224e-05  6.23576e-06  0.000597944   0.00101534 -3.22706e-05  5.83939e-06 
     46.6667    -0.931335 -8.03458e-05  6.69386e-06  0.000597921   0.00100102 -3.48708e-05  6.88549e-06 
     46.6667    -0.910444 -8.07839e-05  7.15689e-06  0.000597896  0.000982254  -3.7308e-05  8.04313e-06 
     46.6667     -0.88889 -8.09745e-05  7.62432e-06  0.000597868   0.00096016 -3.95606e-05  9.31466e-06 
     46.6667    -0.866673 -8.09551e-05  8.09571e-06  0.000597837   0.00093578 -4.16192e-05  1.07021e-05 
     46.6667    -0.843793 -8.07616e-05  8.57073e-06  0.000597802  0.000910012 -4.34871e-05  1.22071e-05 
     46.6667    -0.820249 -8.04267e-05  9.04905e-06  0.000597764  0.000883581 -4.51781e-05  1.38314e-05 
     46.6667    -0.796043  -7.9979e-05  9.53028e-06  0.000597722  0.000857026  -4.6715e-05  1.55761e-05 
     46.6667    -0.771173 -7.94427e-05  1.00141e-05  0.000597676  0.000830694  -4.8127e-05  1.74425e-05 
     46.6667     -0.74564 -7.88371e-05  1.04999e-05  0.000597626  0.000804759 -4.94464e-05  1.94314e-05 
     46.6667    -0.719443 -7.81766e-05  1.09871e-05  0.000597572  0.000779244 -5.07058e-05  2.15433e-05 
     46.6667    -0.692584 -7.74714e-05   1.1475e-05  0.000597514  0.000754058 -5.19357e-05  2.37778e-05 
     46.6667    -0.665062 -7.67278e-05  1.19628e-05  0.000597452  0.000729023 -5.31618e-05  2.61341e-05 
     46.6667    -0.636876 -7.59483e-05  1.24494e-05  0.000597385  0.000703912 -5.44044e-05  2.86102e-05 
     46.6667    -0.608026 -7.51328e-05  1.29335e-05  0.000597314  0.000678484 -5.56771e-05  3.12029e-05 
     46.6667    -0.578514 -7.42792e-05  1.34138e-05  0.000597238  0.000652509 -5.69873e-05  3.39071e-05 
     46.6667    -0.548339 -7.33834e-05  1.38886e-05  0.000597158  0.000625788 -5.83368e-05   3.6716e-05 
     46.6667    -0.517501 -7.24408e-05   1.4356e-05  0.000597073  0.000598166 -5.97235e-05  3.96209e-05 
     46.6667    -0.485998 -7.14464e-05  1.48138e-05  0.000596984  0.000569543 -6.11428e-05  4.26105e-05 
     46.6667    -0.453833 -7.03954e-05  1.52595e-05  0.000596892  0.000539887 -6.25896e-05  4.56708e-05 
     46.6667    -0.421005 -6.92842e-05  1.56906e-05  0.000596795  0.000509228 -6.40608e-05  4.87853e-05 
     46.6667    -0.387514 -6.81104e-05   1.6104e-05  0.000596695  0.000477669 -6.55575e-05  5.19345e-05 
     46.6667    -0.353359 -6.68736e-05  1.64966e-05  0.000596591  0.000445384 -6.70871e-05  5.50966e-05 
     46.6667    -0.318541  -6.5576e-05  1.68649e-05  0.000596485  0.000412628 -6.86658e-05  5.82464e-05 
     46.6667    -0.283061 -6.42224e-05  1.72053e-05  0.000596376  0.000379747 -7.03216e-05  6.13567e-05 
     46.6667    -0.246917 -6.28213e-05  1.75138e-05  0.000596265  0.000347177 -7.20964e-05  6.43978e-05 
     46.6667    -0.210109 -6.13848e-05  1.77864e-05  0.000596153  0.000315462 -7.40481e-05  6.73383e-05 
     46.6667    -0.172638 -5.99295e-05  1.80188e-05   0.00059604  0.000285254  -7.6252e-05  7.01455e-05 
     46.6667    -0.134505 -5.84766e-05  1.82065e-05  0.000595928  0.000257315 -7.88005e-05  7.27863e-05 
     46.6667    -0.095708 -5.70518e-05  1.83448e-05  0.000595816  0.000232494 -8.18001e-05  7.52291e-05 
     46.6667    -0.056247 -5.56857e-05   1.8429e-05  0.000595706  0.000211703 -8.53662e-05   7.7445e-05 
     46.6667    -0.016124 -5.44134e-05  1.84543e-05  0.000595599  0.000195863 -8.96122e-05  7.94098e-05 
     46.6667     0.024662 -5.32726e-05   1.8416e-05  0.000595495  0.000185824 -9.46372e-05  8.11073e-05 
     46.6667     0.066112 -5.23026e-05  1.83098e-05  0.000595397  0.000182271 -0.000100508  8.25318e-05 
     46.6667     0.108226 -5.15412e-05  1.81316e-05  0.000595305  0.000185613 -0.000107242  8.36905e-05 
     46.6667     0.151002 -5.10206e-05  1.78786e-05  0.000595221  0.000195875 -0.000114785  8.46056e-05 
     46.6667     0.194441 -5.07631e-05  1.75489e-05  0.000595145  0.000212602 -0.000123003   8.5316e-05 
     46.6667     0.238543 -5.07756e-05  1.71422e-05   0.00059508  0.000234814 -0.000131673  8.58763e-05 
     46.6667     0.283309 -5.10447e-05  1.66602e-05  0.000595027  0.000261013 -0.000140488  8.63549e-05 
     46.6667     0.328738 -5.15328e-05   1.6107e-05  0.000594987  0.000289261 -0.000149078  8.68296e-05 
     46.6667      0.37483 -5.21762e-05  1.54889e-05  0.000594963  0.000317339 -0.000157035  8.73823e-05 
     46.6667     0.421585 -5.28866e-05  1.48146e-05  0.000594955  0.000342955 -0.000163959  8.80915e-05 
     46.6667     0.469004 -5.35558e-05  1.40948e-05  0.000594966  0.000363989 -0.000169494  8.90249e-05 
     46.6667     0.517086 -5.40648e-05  1.33416e-05  0.000594998  0.000378716 -0.000173371  9.02332e-05 
     46.6667     0.565831 -5.42948e-05   1.2568e-05  0.000595051  0.000385992 -0.000175433  9.17451e-05 
     46.6667     0.615239 -5.41389e-05  1.17867e-05  0.000595129  0.000385346 -0.000175645  9.35649e-05 
     46.6667      0.66531 -5.35139e-05  1.10092e-05  0.000595231  0.000376982 -0.000174091   9.5673e-05 
     46.6667     0.716045 -5.23676e-05  1.02456e-05  0.000595361  0.000361681 -0.000170949  9.80289e-05 
     46.6667     0.767442 -5.06826e-05  9.50383e-06  0.000595519   0.00034065 -0.000166461  0.000100576 
     46.6667     0.819503 -4.84747e-05  8.78946e-06  0.000595706  0.000315323 -0.000160895  0.000103247 
     46.6667     0.872228 -4.57879e-05  8.10593e-06  0.000595925   0.00028719 -0.000154516  0.000105971 
     46.6667     0.925615 -4.26857e-05  7.45493e-06  0.000596175  0.000257649 -0.000147563  0.000108677 
     46.6667     0.979665 -3.92419e-05  6.83668e-06  0.000596458  0.000227912 -0.000140234  0.000111298 
     46.6667      1.03438 -3.55324e-05  6.25058e-06  0.000596774  0.000198959 -0.000132683  0.000113773 
     46.6667      1.08976 -3.16294e-05  5.69555e-06  0.000597123  0.000171541 -0.000125028  0.000116049 
     46.6667       1.1458 -2.75967e-05  5.17036e-06  0.000597506  0.000146198 -0.000117355   0.00011808 
     46.6667       1.2025 -2.34888e-05  4.67381e-06  0.000597921  0.000123295 -0.000109724   0.00011983 
     46.6667      1.25987 -1.93512e-05  4.20487e-06   0.00059837   0.00010306 -0.000102186  0.000121265 
     46.6667       1.3179 -1.52216e-05  3.76263e-06   0.00059885  8.56116e-05  -9.4778e-05  0.000122362 
     46.6667      1.37659 -1.11319e-05  3.34638e-06  0.000599361  7.09842e-05 -8.75362e-05  0.000123102 
     46.6667      1.43594  -7.1098e-06  2.95547e-06  0.000599902  5.91425e-05 -8.04915e-05   0.00012347 
     46.6667      1.49596 -3.18039e-06  2.58929e-06  0.000600471   4.9995e-05  -7.3675e-05   0.00012346 
     46.6667      1.55665   6.3294e-07  2.24726e-06  0.000601067   4.3399e-05 -6.71152e-05  0.000123068 
     46.6667      1.61799  4.30787e-06  1.92875e-06  0.000601687  3.91671e-05   -6.084e-05  0.000122299 
     46.6667         1.68  7.82324e-06  1.63309e-06   0.00060233  3.70722e-05 -5.48748e-05  0.000121159 
     46.6667      1.74267  1.11595e-05  1.35954e-06  0.000602993  3.68543e-05 -4.92417e-05  0.000119663 
     46.6667      1.80601  1.42986e-05  1.10729e-06  0.000603674   3.8228e-05 -4.39594e-05  0.000117827 
     46.6667      1.87001  1.72247e-05  8.75493e-07  0.000604371  4.08916e-05 -3.90417e-05  0.000115673 
     46.6667      1.93467  1.99247e-05  6.63214e-07  0.000605082  4.45386e-05 -3.44981e-05  0.000113226 
     46.6667            2  2.23885e-05  4.69451e-07  0.000605803  4.88674e-05 -3.03334e-05  0.000110516 
     48.3333        -1.25  -1.2758e-17 -1.24883e-20  0.000594378 -3.50845e-11  2.76224e-12 -2.06434e-13 
     48.3333     -1.24967 -2.85086e-07  1.33209e-11  0.000594378  1.56623e-08  2.25823e-12 -1.49622e-13 
     48.3333     -1.24867 -1.14023e-06  2.11383e-10  0.000594378  2.49688e-07  1.63553e-11  7.15177e-15 
     48.3333     -1.24702  -2.5589e-06  1.05618e-09  0.000594378  1.24722e-06  1.77323e-10   8.7242e-13 
     48.3333      -1.2447 -4.53112e-06  3.27816e-09  0.000594379  3.86678e-06  9.67346e-10  7.97201e-12 
     48.3333     -1.24171 -7.04194e-06  7.81996e-09  0.000594379  9.20922e-06  3.53429e-09  4.63675e-11 
     48.3333     -1.23806 -1.00714e-05  1.57656e-08   0.00059438   1.8529e-05  9.99468e-09  1.95679e-10 
     48.3333     -1.23375 -1.35911e-05  2.82488e-08  0.000594381  3.31213e-05  2.36011e-08  6.57154e-10 
     48.3333     -1.22878  -1.7566e-05  4.63664e-08  0.000594381  5.42159e-05  4.86745e-08  1.86449e-09 
     48.3333     -1.22314 -2.19532e-05  7.10856e-08  0.000594382  8.28663e-05  9.02059e-08  4.64739e-09 
     48.3333     -1.21684 -2.67011e-05   1.0316e-07  0.000594383  0.000119851  1.53087e-07  1.04524e-08 
     48.3333     -1.20988 -3.17507e-05  1.43065e-07  0.000594383    0.0001656  2.41002e-07  2.16209e-08 
     48.3333     -1.20225 -3.70339e-05  1.90927e-07  0.000594383  0.000220117  3.54996e-07  4.17076e-08 
     48.3333     -1.19396 -4.24766e-05   2.4651e-07  0.000594382  0.000282967  4.91988e-07  7.58343e-08 
     48.3333     -1.18501 -4.79999e-05  3.09204e-07  0.000594381  0.000353274  6.43286e-07  1.31047e-07 
     48.3333     -1.17539  -5.3522e-05  3.78047e-07   0.00059438  0.000429752  7.93454e-07  2.16645e-07 
     48.3333     -1.16511 -5.89612e-05  4.51769e-07  0.000594378  0.000510767  9.19717e-07   3.4447e-07 
     48.3333     -1.15417 -6.42361e-05  5.28826e-07  0.000594375  0.000594394  9.92098e-07  5.29031e-07 
     48.3333     -1.14256 -6.92727e-05  6.07519e-07  0.000594371  0.000678563  9.74638e-07  7.87651e-07 
     48.3333     -1.13029 -7.40025e-05  6.86023e-07  0.000594367   0.00076112  8.27511e-07  1.14026e-06 
     48.3333     -1.11736 -7.83676e-05  7.62491e-07  0.000594361  0.000839975  5.10242e-07   1.6092e-06 
     48.3333     -1.10377 -8.23207e-05  8.35085e-07  0.000594354  0.000913176 -1.41608e-08  2.21862e-06 
     48.3333     -1.08951 -8.58283e-05   9.0206e-07  0.000594345  0.000979044 -7.74808e-07  2.99405e-06 
     48.3333     -1.07458 -8.88694e-05  9.61752e-07  0.000594335   0.00103621   -1.788e-06  3.96129e-06 
     48.3333       -1.059 -9.14364e-05   1.0126e-06  0.000594323    0.0010837 -3.05314e-06  5.14556e-06 
     48.3333     -1.04275 -9.35339e-05  1.05311e-06   0.00059431   0.00112094 -4.54941e-06  6.57031e-06 
     48.3333     -1.02584  -9.5178e-05  1.08188e-06  0.000594294   0.00114778 -6.23431e-06  8.25606e-06 
     48.3333     -1.00827 -9.63939e-05  1.09748e-06  0.000594276   0.00116445 -8.04365e-06  1.02186e-05 
     48.3333    -0.990028 -9.72142e-05  1.09852e-06  0.000594255   0.00117156  -9.8951e-06  1.24684e-05 
     48.3333    -0.971127 -9.76768e-05   1.0836e-06  0.000594232   0.00116997 -1.16927e-05  1.50086e-05 
     48.3333    -0.951562 -9.78227e-05   1.0513e-06  0.000594206   0.00116078 -1.33349e-05  1.78342e-05 
     48.3333    -0.931335 -9.76938e-05   1.0003e-06  0.000594177   0.00114524 -1.47231e-05  2.09305e-05 
     48.3333    -0.910444 -9.73313e-05  9.29365e-07  0.000594144   0.00112464 -1.57721e-05  2.42737e-05 
     48.3333     -0.88889  -9.6774e-05  8.37522e-07  0.000594108   0.00110022 -1.64195e-05  2.78298e-05 
     48.3333    -0.866673 -9.60572e-05  7.24094e-07  0.000594068   0.00107316 -1.66334e-05  3.15557e-05 
     48.3333    -0.843793 -9.52115e-05  5.88823e-07  0.000594024   0.00104442 -1.64179e-05  3.54009e-05 
     48.3333    -0.820249 -9.42621e-05  4.31913e-07  0.000593976   0.00101479 -1.58145e-05  3.93102e-05 
     48.3333    -0.796043 -9.32285e-05  2.54074e-07  0.000593923  0.000984802 -1.48983e-05  4.32263e-05 
     48.3333    -0.771173 -9.21245e-05  5.64197e-08  0.000593867  0.000954748 -1.37701e-05  4.70954e-05 
     48.3333     -0.74564 -9.09582e-05 -1.59598e-07  0.000593805  0.000924703 -1.25447e-05  5.08701e-05 
     48.3333    -0.719443 -8.97327e-05  -3.9241e-07   0.00059374  0.000894565 -1.13352e-05  5.45151e-05 
     48.3333    -0.692584 -8.84472e-05 -6.40509e-07   0.00059367  0.000864112 -1.02387e-05  5.80092e-05 
     48.3333    -0.665062 -8.70978e-05 -9.02727e-07  0.000593596  0.000833069 -9.32326e-06  6.13483e-05 
     48.3333    -0.636876 -8.56788e-05 -1.17839e-06  0.000593518  0.000801167 -8.62048e-06  6.45442e-05 
     48.3333    -0.608026 -8.41842e-05 -1.46738e-06  0.000593436    0.0007682 -8.12508e-06  6.76213e-05 
     48.3333    -0.578514 -8.26083e-05 -1.77012e-06  0.000593351  0.000734047 -7.80215e-06  7.06117e-05 
     48.3333    -0.548339  -8.0946e-05 -2.08742e-06  0.000593263  0.000698678 -7.60053e-06  7.35488e-05 
     48.3333    -0.517501 -7.91931e-05 -2.42016e-06  0.000593172  0.000662142 -7.46992e-06  7.64598e-05 
     48.3333    -0.485998 -7.73451e-05 -2.76905e-06   0.00059308  0.000624535 -7.37744e-06  7.93599e-05 
     48.3333    -0.453833 -7.53972e-05 -3.13429e-06  0.000592987  0.000585988 -7.32007e-06  8.22482e-05 
     48.3333    -0.421005 -7.33433e-05 -3.51555e-06  0.000592894  0.000546635 -7.33013e-06  8.51071e-05 
     48.3333    -0.387514 -7.11757e-05   -3.912e-06  0.000592801  0.000506622 -7.47331e-06  8.79052e-05 
     48.3333    -0.353359 -6.88861e-05 -4.32256e-06   0.00059271   0.00046612 -7.84037e-06  9.06012e-05 
     48.3333    -0.318541 -6.64667e-05  -4.7462e-06  0.000592622  0.000425347 -8.53615e-06  9.31507e-05 
     48.3333    -0.283061 -6.39117e-05 -5.18229e-06  0.000592538  0.000384599  -9.6693e-06  9.55114e-05 
     48.3333    -0.246917 -6.12188e-05 -5.63089e-06  0.000592458  0.000344261 -1.13463e-05  9.76472e-05 
     48.3333    -0.210109 -5.83906e-05 -6.09277e-06  0.000592386  0.000304836 -1.36702e-05  9.95297e-05 
     48.3333    -0.172638 -5.54356e-05 -6.56948e-06  0.000592321  0.000266945 -1.67424e-05  0.000101138 
     48.3333    -0.134505 -5.23686e-05 -7.06321e-06  0.000592266  0.000231332 -2.06657e-05  0.000102456 
     48.3333    -0.095708 -4.92107e-05 -7.57674e-06  0.000592222  0.000198852 -2.55442e-05  0.000103476 
     48.3333    -0.056247 -4.59895e-05 -8.11325e-06  0.000592191  0.000170459  -3.1477e-05  0.000104193 
     48.3333    -0.016124 -4.27397e-05 -8.67632e-06  0.000592174  0.000147166 -3.85465e-05   0.00010461 
     48.3333     0.024662 -3.95026e-05 -9.26988e-06  0.000592172  0.000129984 -4.68023e-05  0.000104741 
     48.3333     0.066112  -3.6326e-05 -9.89818e-06  0.000592189  0.000119826 -5.62415e-05  0.000104613 
     48.3333     0.108226  -3.3264e-05 -1.05657e-05  0.000592224    0.0001174 -6.67885e-05  0.000104268 
     48.3333     0.151002 -3.03758e-05 -1.12769e-05   0.00059228  0.000123077 -7.82789e-05  0.000103769 
     48.3333     0.194441 -2.77224e-05 -1.20361e-05  0.000592358   0.00013677 -9.04514e-05  0.000103197 
     48.3333     0.238543 -2.53635e-05 -1.28472e-05  0.000592459  0.000157834  -0.00010295  0.000102649 
     48.3333     0.283309 -2.33523e-05  -1.3713e-05  0.000592586  0.000185024 -0.000115337  0.000102237 
     48.3333     0.328738 -2.17292e-05 -1.46347e-05  0.000592738   0.00021652 -0.000127128  0.000102076 
     48.3333      0.37483 -2.05151e-05 -1.56115e-05  0.000592918  0.000250042 -0.000137826  0.000102281 
     48.3333     0.421585 -1.97055e-05   -1.664e-05  0.000593126  0.000283041 -0.000146979  0.000102954 
     48.3333     0.469004 -1.92669e-05 -1.77137e-05  0.000593364  0.000312953 -0.000154224  0.000104172 
     48.3333     0.517086 -1.91357e-05 -1.88232e-05  0.000593631  0.000337472 -0.000159327  0.000105983 
     48.3333     0.565831 -1.92224e-05 -1.99563e-05  0.000593928  0.000354804 -0.000162211  0.000108399 
     48.3333     0.615239 -1.94186e-05 -2.10987e-05  0.000594256  0.000363843 -0.000162954  0.000111396 
     48.3333      0.66531 -1.96084e-05 -2.22348e-05  0.000594614  0.000364253  -0.00016177  0.000114912 
     48.3333     0.716045  -1.9681e-05 -2.33486e-05  0.000595003  0.000356436 -0.000158976  0.000118861 
     48.3333     0.767442 -1.95417e-05 -2.44253e-05  0.000595422  0.000341389 -0.000154937  0.000123134 
     48.3333     0.819503 -1.91216e-05 -2.54514e-05  0.000595871  0.000320522 -0.000150026  0.000127613 
     48.3333     0.872228 -1.83812e-05  -2.6416e-05  0.000596348  0.000295435 -0.000144577  0.000132177 
     48.3333     0.925615 -1.73107e-05 -2.73107e-05  0.000596853  0.000267728 -0.000138864  0.000136714 
     48.3333     0.979665 -1.59259e-05 -2.81294e-05  0.000597385  0.000238851 -0.000133086  0.000141118 
     48.3333      1.03438 -1.42605e-05 -2.88685e-05  0.000597942   0.00021003 -0.000127373  0.000145298 
     48.3333      1.08976 -1.23592e-05 -2.95261e-05  0.000598523   0.00018223 -0.000121796  0.000149176 
     48.3333       1.1458 -1.02705e-05 -3.01015e-05  0.000599127  0.000156165 -0.000116381   0.00015269 
     48.3333       1.2025  -8.0417e-06 -3.05951e-05  0.000599752   0.00013234 -0.000111129  0.000155783 
     48.3333      1.25987 -5.71544e-06 -3.10076e-05  0.000600396  0.000111082 -0.000106028  0.000158415 
     48.3333       1.3179  -3.3288e-06 -3.13405e-05  0.000601058  9.25836e-05  -0.00010106  0.000160553 
     48.3333      1.37659 -9.13699e-07 -3.15953e-05  0.000601736  7.69326e-05 -9.62084e-05  0.000162172 
     48.3333      1.43594  1.50299e-06 -3.17739e-05  0.000602428  6.41342e-05 -9.14605e-05  0.000163255 
     48.3333      1.49596  3.89771e-06 -3.18781e-05  0.000603132  5.41268e-05 -8.68105e-05  0.000163793 
     48.3333      1.55665  6.24923e-06 -3.19104e-05  0.000603846  4.67869e-05 -8.22546e-05  0.000163783 
     48.3333      1.61799  8.53812e-06 -3.18732e-05   0.00060457  4.19422e-05 -7.77947e-05   0.00016323 
     48.3333         1.68  1.07464e-05 -3.17693e-05    0.0006053  3.93759e-05 -7.34384e-05  0.000162147 
     48.3333      1.74267  1.28573e-05 -3.16019e-05  0.000606034  3.88289e-05 -6.91922e-05  0.000160552 
     48.3333      1.80601  1.48554e-05 -3.13744e-05  0.000606772  4.00112e-05 -6.50649e-05  0.000158469 
     48.3333      1.87001   1.6727e-05 -3.10904e-05   0.00060751  4.26144e-05 -6.10697e-05  0.000155927 
     48.3333      1.93467  1.84602e-05 -3.07537e-05  0.000608248  4.63177e-05 -5.72179e-05  0.000152963 
     48.3333            2  2.00453e-05 -3.03685e-05  0.000608984  5.07987e-05 -5.35182e-05  0.000149614 
          50        -1.25  6.75857e-22 -7.57232e-21  0.000602489  2.16685e-13  3.18211e-13  5.13332e-13 
          50     -1.24967  7.95247e-22 -6.30155e-21  0.000602489  1.55802e-13  2.44884e-13  3.97444e-13 
          50     -1.24867  9.91557e-22 -3.24308e-21  0.000602489  1.19958e-14  7.39752e-14  1.20262e-13 
          50     -1.24702  8.07831e-22 -2.60111e-22  0.000602489 -1.16616e-13 -7.48129e-14 -1.52538e-13 
          50      -1.2447 -3.85705e-22  7.50543e-22  0.000602489 -1.23728e-13 -8.44442e-14  -2.7991e-13 
          50     -1.24171 -3.12721e-21 -1.01301e-21  0.000602489  4.76577e-14  8.26807e-14 -2.65193e-13 
          50     -1.23806  -7.4423e-21 -4.70908e-21  0.000602489  3.68375e-13  3.48589e-13  -2.9835e-13 
          50     -1.23375 -1.23757e-20 -8.29976e-21  0.000602488  7.27018e-13  5.53568e-13  -6.7031e-13 
          50     -1.22878 -1.57913e-20 -9.87855e-21  0.000602486   9.7613e-13   5.5282e-13 -1.57832e-12 
          50     -1.22314 -1.48929e-20 -9.06852e-21  0.000602484  9.94346e-13  3.19329e-13  -2.9302e-12 
          50     -1.21684 -7.89162e-21 -7.29822e-21   0.00060248  7.20926e-13 -3.49036e-14 -4.31705e-12 
          50     -1.20988  3.25914e-21 -6.27702e-21  0.000602475  1.30256e-13 -3.83169e-13  -5.2871e-12 
          50     -1.20225  1.04752e-20  -6.3676e-21   0.00060247 -8.11089e-13 -7.75769e-13 -5.80741e-12 
          50     -1.19396  1.64435e-21  -1.2074e-20  0.000602464 -1.98081e-12 -1.27896e-12 -6.20161e-12 
          50     -1.18501  6.36478e-20 -1.30473e-19  0.000602458 -2.29518e-12 -6.90171e-13 -5.16952e-12 
          50     -1.17539 -4.44216e-20 -2.21339e-19  0.000602451 -3.11986e-12 -1.03404e-12 -5.69154e-12 
          50     -1.16511  -1.0978e-20 -2.19871e-19  0.000602445 -3.34377e-12 -6.03088e-13 -4.54346e-12 
          50     -1.15417  4.26319e-21 -1.58758e-19  0.000602439 -3.30433e-12 -3.06996e-13 -4.44971e-12 
          50     -1.14256  1.78357e-20 -1.41987e-19  0.000602434 -3.09673e-12 -9.17651e-14 -4.01444e-12 
          50     -1.13029  2.08699e-20  -2.2549e-19   0.00060243 -2.70093e-12  2.42438e-13 -3.08867e-12 
          50     -1.11736   -2.299e-20 -2.54944e-19  0.000602427  -2.3006e-12  3.01873e-13 -3.49882e-12 
          50     -1.10377 -1.40503e-20 -5.38685e-19  0.000602426 -1.83165e-12   4.6194e-13 -2.58494e-12 
          50     -1.08951  1.93622e-20  -7.0613e-19  0.000602427 -1.43038e-12  4.78268e-13  -2.4177e-12 
          50     -1.07458  7.79561e-21 -6.68032e-19  0.000602429 -1.09122e-12  4.94928e-13 -2.01866e-12 
          50       -1.059  2.16554e-20 -6.12976e-19  0.000602433 -8.26829e-13  5.42241e-13 -1.87942e-12 
          50     -1.04275 -8.50487e-20 -5.35565e-19  0.000602439 -6.57493e-13  5.68932e-13  -1.6569e-12 
          50     -1.02584 -4.40518e-20 -9.09983e-19  0.000602446 -5.53516e-13  6.88889e-13 -1.70571e-12 
          50     -1.00827 -2.16377e-20 -8.55131e-19  0.000602455 -5.14365e-13  8.45688e-13 -1.82152e-12 
          50    -0.990028 -2.41143e-20 -7.07106e-19  0.000602466 -5.21876e-13  1.04401e-12 -2.17093e-12 
          50    -0.971127 -2.46112e-20  -6.1619e-19  0.000602479   -5.601e-13  1.26982e-12 -2.69607e-12 
          50    -0.951562 -7.08801e-20 -9.21411e-19  0.000602494  -6.1499e-13  1.52131e-12 -3.46758e-12 
          50    -0.931335 -4.01083e-20  7.98618e-19   0.00060251 -6.78632e-13  1.77628e-12 -4.41211e-12 
          50    -0.910444 -7.68139e-20  7.32786e-19  0.000602529 -7.46462e-13  2.02728e-12 -5.55811e-12 
          50     -0.88889 -5.42346e-20  9.91191e-19   0.00060255 -8.16316e-13  2.27781e-12 -6.85947e-12 
          50    -0.866673  1.92079e-20  5.02398e-19  0.000602574 -8.88226e-13   2.5342e-12  -8.2782e-12 
          50    -0.843793  1.45254e-20 -1.15546e-18  0.000602601 -9.61118e-13  2.81705e-12 -9.75966e-12 
          50    -0.820249 -1.19697e-20 -1.99406e-18  0.000602632 -1.02885e-12  3.17802e-12 -1.12096e-11 
          50    -0.796043 -1.79495e-20 -1.48998e-18  0.000602668   -1.083e-12  3.65585e-12 -1.25164e-11 
          50    -0.771173   3.8416e-20 -1.58528e-18  0.000602709 -1.09698e-12  4.38534e-12 -1.34982e-11 
          50     -0.74564 -5.63911e-20 -1.07092e-18  0.000602758 -1.04185e-12  5.45082e-12 -1.40014e-11 
          50    -0.719443 -1.12848e-19 -2.36636e-18  0.000602815 -8.30997e-13  7.22971e-12 -1.39123e-11 
          50    -0.692584  7.17274e-20  1.79464e-18  0.000602884 -3.81396e-13  1.00058e-11 -1.30279e-11 
          50    -0.665062 -2.16302e-20  1.48023e-18  0.000602966  4.46933e-13  1.41506e-11  -1.2536e-11 
          50    -0.636876 -1.61582e-19 -1.36528e-18  0.000603064  1.83047e-12  2.02397e-11 -1.30862e-11 
          50    -0.608026 -1.10695e-19  1.53988e-18  0.000603184   3.9081e-12  2.81549e-11  -1.9176e-11 
          50    -0.578514  2.42298e-19   4.6702e-18  0.000603331  7.15878e-12  3.94047e-11 -3.85059e-11 
          50    -0.548339   2.6637e-19  5.50948e-18  0.000603512  1.12301e-11  5.10102e-11 -7.67206e-11 
          50    -0.517501 -3.46947e-20  1.30071e-18  0.000603736   1.6507e-11  6.19837e-11 -1.63432e-10 
          50    -0.485998 -5.02554e-19  -2.5687e-18  0.000604015  2.20787e-11  6.50266e-11 -3.19051e-10 
          50    -0.453833  -4.0286e-19 -9.30729e-18  0.000604363  2.83478e-11  6.75715e-11 -5.19315e-10 
          50    -0.421005 -2.19803e-19 -1.39982e-17    0.0006048  2.24878e-11 -1.77417e-11 -9.00918e-10 
          50    -0.387514  -2.3125e-19 -2.11802e-17  0.000605348 -1.86677e-11 -3.21332e-10   -1.473e-09 
          50    -0.353359  9.41216e-20  3.00075e-18   0.00060604 -3.88079e-11 -4.96561e-10  -2.2175e-09 
          50    -0.318541 -5.34786e-20  1.53163e-18  0.000606915 -4.84629e-11 -4.65791e-10  -2.3774e-09 
          50    -0.283061 -3.61632e-19  -8.4974e-18  0.000608029 -5.26378e-10 -3.37035e-09 -5.30471e-09 
          50    -0.246917  2.83452e-19 -6.08673e-19  0.000609458 -4.67759e-10 -1.47722e-09 -4.24671e-10 
          50    -0.210109   2.4257e-20   -3.397e-18  0.000611321 -6.80161e-09 -3.99417e-08 -3.83682e-08 
          50    -0.172638 -9.69381e-19  5.32354e-18  0.000613791 -1.29772e-08 -5.55516e-08  1.90878e-08 
          50    -0.134505 -4.28875e-19  1.83752e-17  0.000617316 -1.08729e-07 -4.15394e-07  3.07744e-07 
          50    -0.095708  -1.3494e-18 -1.64156e-17  0.000621998  7.13399e-08  5.95076e-07  9.26502e-07 
          50    -0.056247 -4.78435e-18  1.61351e-17  0.000631905 -2.87324e-06  -5.5445e-06  3.56843e-06 
          50    -0.016124  1.62104e-20  1.61999e-17  0.000646962  1.49212e-05   3.4868e-05 -1.09454e-05 
          50     0.024662 -0.000112672 -0.000127254  0.000680747   0.00234623   0.00260302   0.00288951 
          50     0.066112 -0.000131977 -0.000132489  0.000662851   0.00322003   0.00309951    0.0030032 
          50     0.108226 -0.000117304 -0.000111758  0.000654228   0.00250929   0.00221733   0.00198997 
          50     0.151002  -9.9655e-05 -9.54581e-05   0.00064978   0.00182871   0.00155921   0.00137876 
          50     0.194441 -8.47279e-05 -8.37015e-05  0.000646562   0.00135591   0.00112307   0.00100317 
          50     0.238543 -7.18383e-05 -7.53617e-05  0.000644552    0.0010251  0.000827062  0.000770361 
          50     0.283309 -6.04994e-05 -6.92202e-05  0.000642812  0.000793529  0.000616608  0.000619907 
          50     0.328738 -5.06155e-05 -6.43618e-05  0.000641478  0.000641405  0.000461001   0.00051203 
          50      0.37483 -4.19779e-05 -6.05693e-05  0.000640371  0.000546974  0.000344715   0.00043531 
          50     0.421585 -3.45057e-05 -5.75823e-05  0.000639428  0.000495066   0.00025671   0.00037961 
          50     0.469004 -2.81509e-05  -5.5232e-05  0.000638606  0.000472903  0.000189663  0.000338712 
          50     0.517086 -2.28727e-05 -5.33989e-05  0.000637878  0.000469467  0.000138424  0.000308544 
          50     0.565831 -1.86191e-05 -5.19918e-05  0.000637226  0.000475412   9.9206e-05  0.000286313 
          50     0.615239 -1.53139e-05 -5.09375e-05  0.000636634   0.00048322  6.91409e-05  0.000270036 
          50      0.66531  -1.2852e-05 -5.01735e-05  0.000636094  0.000487359  4.60052e-05   0.00025826 
          50     0.716045 -1.11013e-05 -4.96451e-05  0.000635595  0.000484325  2.80605e-05  0.000249895 
          50     0.767442 -9.91204e-06  -4.9303e-05  0.000635134  0.000472497  1.39537e-05  0.000244103 
          50     0.819503 -9.12902e-06 -4.91033e-05  0.000634705  0.000451829  2.64953e-06   0.00024023 
          50     0.872228 -8.60632e-06 -4.90072e-05  0.000634305  0.000423411 -6.61827e-06  0.000237764 
          50     0.925615 -8.21909e-06 -4.89812e-05  0.000633931  0.000389014 -1.43889e-05  0.000236298 
          50     0.979665 -7.87103e-06 -4.89973e-05  0.000633582  0.000350672 -2.10217e-05  0.000235511 
          50      1.03438 -7.49675e-06 -4.90324e-05  0.000633254  0.000310361  -2.6735e-05  0.000235149 
          50      1.08976  -7.0593e-06 -4.90681e-05  0.000632948   0.00026981 -3.16509e-05   0.00023501 
          50       1.1458 -6.54425e-06 -4.90902e-05  0.000632662  0.000230403 -3.58301e-05  0.000234932 
          50       1.2025  -5.9528e-06 -4.90873e-05  0.000632395   0.00019318 -3.93027e-05  0.000234785 
          50      1.25987 -5.29511e-06  -4.9051e-05  0.000632147  0.000158867 -4.20868e-05  0.000234466 
          50       1.3179 -4.58501e-06 -4.89744e-05  0.000631916   0.00012794 -4.42034e-05   0.00023389 
          50      1.37659 -3.83696e-06 -4.88525e-05  0.000631703  0.000100671 -4.56796e-05   0.00023299 
          50      1.43594 -3.06371e-06 -4.86812e-05  0.000631506  7.71948e-05 -4.65543e-05  0.000231713 
          50      1.49596 -2.27634e-06 -4.84576e-05  0.000631326  5.75208e-05 -4.68727e-05  0.000230017 
          50      1.55665  -1.4842e-06 -4.81797e-05  0.000631162  4.15695e-05 -4.66859e-05  0.000227876 
          50      1.61799 -6.95411e-07  -4.7846e-05  0.000631014   2.9185e-05 -4.60485e-05  0.000225271 
          50         1.68  8.32906e-08 -4.74563e-05  0.000630881  2.01498e-05 -4.50201e-05  0.000222196 
          50      1.74267  8.45661e-07 -4.70106e-05  0.000630762  1.41879e-05 -4.36593e-05  0.000218655 
          50      1.80601  1.58573e-06   -4.651e-05  0.000630658  1.09764e-05 -4.20218e-05  0.000214658 
          50      1.87001  2.29847e-06 -4.59562e-05  0.000630568  1.01588e-05 -4.01682e-05  0.000210228 
          50      1.93467  2.97902e-06 -4.53513e-05  0.000630492   1.1353e-05 -3.81519e-05  0.000205393 
          50            2  3.62302e-06  -4.4698e-05  0.000630428  1.41647e-05 -3.60212e-05  0.000200185 
     51.6667        -1.25            0            0            0            0            0            0 
     51.6667     -1.24967            0            0            0            0            0            0 
     51.6667     -1.24867            0            0            0            0            0            0 
     51.6667     -1.24702            0            0            0            0            0            0 
     51.6667      -1.2447            0            0            0            0            0            0 
     51.6667     -1.24171            0            0            0            0            0            0 
     51.6667     -1.23806            0            0            0            0            0            0 
     51.6667     -1.23375            0            0            0            0            0            0 
     51.6667     -1.22878            0            0            0            0            0            0 
     51.6667     -1.22314            0            0            0            0            0            0 
     51.6667     -1.21684            0            0            0            0            0            0 
     51.6667     -1.20988            0            0            0            0            0            0 
     51.6667     -1.20225            0            0            0            0            0            0 
     51.6667     -1.19396            0            0            0            0            0            0 
     51.6667     -1.18501            0            0            0            0            0            0 
     51.6667     -1.17539            0            0            0            0            0            0 
     51.6667     -1.16511            0            0            0            0            0            0 
     51.6667     -1.15417            0            0            0            0            0            0 
     51.6667     -1.14256            0            0            0            0            0            0 
     51.6667     -1.13029            0            0            0            0            0            0 
     51.6667     -1.11736            0            0            0            0            0            0 
     51.6667     -1.10377            0            0            0            0            0            0 
     51.6667     -1.08951            0            0            0            0            0            0 
     51.6667     -1.07458            0            0            0            0            0            0 
     51.6667       -1.059            0            0            0            0            0            0 
     51.6667     -1.04275            0            0            0            0            0            0 
     51.6667     -1.02584            0            0            0            0            0            0 
     51.6667     -1.00827            0            0            0            0            0            0 
     51.6667    -0.990028            0            0            0            0            0            0 
     51.6667    -0.971127            0            0            0            0            0            0 
     51.6667    -0.951562            0            0            0            0            0            0 
     51.6667    -0.931335            0            0            0            0            0            0 
     51.6667    -0.910444            0            0            0            0            0            0 
     51.6667     -0.88889            0            0            0            0            0            0 
     51.6667    -0.866673            0            0            0            0            0            0 
     51.6667    -0.843793            0            0            0            0            0            0 
     51.6667    -0.820249            0            0            0            0            0            0 
     51.6667    -0.796043            0            0            0            0            0            0 
     51.6667    -0.771173            0            0            0            0            0            0 
     51.6667     -0.74564            0            0            0            0            0            0 
     51.6667    -0.719443            0            0            0            0            0            0 
     51.6667    -0.692584            0            0            0            0            0            0 
     51.6667    -0.665062            0            0            0            0            0            0 
     51.6667    -0.636876            0            0            0            0            0            0 
     51.6667    -0.608026            0            0            0            0            0            0 
     51.6667    -0.578514            0            0            0            0            0            0 
     51.6667    -0.548339            0            0            0            0            0            0 
     51.6667    -0.517501            0            0            0            0            0            0 
     51.6667    -0.485998            0            0            0            0            0            0 
     51.6667    -0.453833            0            0            0            0            0            0 
     51.6667    -0.421005            0            0            0            0            0            0 
     51.6667    -0.387514            0            0            0            0            0            0 
     51.6667    -0.353359            0            0            0            0            0            0 
     51.6667    -0.318541            0            0            0            0            0            0 
     51.6667    -0.283061            0            0            0            0            0            0 
     51.6667    -0.246917            0            0            0            0            0            0 
     51.6667    -0.210109            0            0            0            0            0            0 
     51.6667    -0.172638            0            0            0            0            0            0 
     51.6667    -0.134505            0            0            0            0            0            0 
     51.6667    -0.095708            0            0            0            0            0            0 
     51.6667    -0.056247            0            0            0            0            0            0 
     51.6667    -0.016124            0            0            0            0            0            0 
     51.6667     0.024662  5.07477e-07 -1.52567e-08  0.000652712  4.78447e-06  -5.0553e-08  6.35509e-10 
     51.6667     0.066112  3.55638e-06 -1.32981e-07  0.000652709  3.59146e-05 -7.91162e-07  1.99507e-08 
     51.6667     0.108226  7.37076e-06  -4.1804e-07  0.000652705  0.000107677  -2.7157e-06  7.86521e-08 
     51.6667     0.151002   1.0231e-05 -9.48997e-07  0.000652703  0.000234953 -5.20908e-06  1.65939e-07 
     51.6667     0.194441  1.11198e-05 -1.81498e-06  0.000652704  0.000413236 -6.36088e-06  3.70169e-07 
     51.6667     0.238543  1.00264e-05 -3.06038e-06  0.000652708  0.000600356 -4.33087e-06  1.02326e-06 
     51.6667     0.283309  8.02589e-06 -4.62267e-06  0.000652714  0.000731464  1.73562e-07  2.53353e-06 
     51.6667     0.328738  6.69585e-06 -6.33331e-06  0.000652718  0.000768717  3.70784e-06  4.99783e-06 
     51.6667      0.37483  7.10797e-06 -8.00606e-06  0.000652719  0.000730897  3.19356e-06  8.11483e-06 
     51.6667     0.421585  9.29967e-06 -9.53439e-06  0.000652715   0.00066724 -1.77823e-06  1.15039e-05 
     51.6667     0.469004  1.25565e-05 -1.09151e-05  0.000652705  0.000616033 -9.59352e-06  1.49998e-05 
     51.6667     0.517086  1.60754e-05 -1.21959e-05  0.000652687  0.000589741 -1.84421e-05  1.86533e-05 
     51.6667     0.565831  1.93157e-05 -1.34241e-05   0.00065266   0.00058431 -2.70978e-05  2.25971e-05 
     51.6667     0.615239  2.19997e-05  -1.4629e-05  0.000652624  0.000590447 -3.48686e-05  2.69521e-05 
     51.6667      0.66531   2.3998e-05 -1.58263e-05  0.000652576  0.000599232   -4.136e-05  3.18011e-05 
     51.6667     0.716045  2.52578e-05 -1.70242e-05  0.000652516  0.000603738 -4.63654e-05  3.71903e-05 
     51.6667     0.767442  2.57821e-05 -1.82258e-05  0.000652442  0.000599471 -4.98359e-05  4.31259e-05 
     51.6667     0.819503  2.56225e-05 -1.94296e-05  0.000652353  0.000584286 -5.18657e-05  4.95757e-05 
     51.6667     0.872228  2.48701e-05 -2.06301e-05  0.000652247  0.000558054 -5.26527e-05  5.64721e-05 
     51.6667     0.925615  2.36416e-05 -2.18187e-05  0.000652124  0.000522142   -5.245e-05  6.37198e-05 
     51.6667     0.979665  2.20627e-05 -2.29851e-05  0.000651982  0.000478801 -5.15168e-05  7.12071e-05 
     51.6667      1.03438  2.02522e-05 -2.41184e-05  0.000651821  0.000430601 -5.00816e-05  7.88146e-05 
     51.6667      1.08976  1.83119e-05  -2.5208e-05  0.000651641  0.000380051 -4.83136e-05  8.64241e-05 
     51.6667       1.1458  1.63207e-05 -2.62445e-05  0.000651441  0.000329309 -4.63303e-05  9.39226e-05 
     51.6667       1.2025   1.4334e-05 -2.72202e-05  0.000651222   0.00028009 -4.41961e-05  0.000101206 
     51.6667      1.25987  1.23867e-05  -2.8129e-05  0.000650983  0.000233664 -4.19383e-05  0.000108182 
     51.6667       1.3179  1.04989e-05 -2.89661e-05  0.000650726  0.000190904 -3.95668e-05  0.000114768 
     51.6667      1.37659  8.68145e-06 -2.97282e-05  0.000650451   0.00015237 -3.70855e-05  0.000120891 
     51.6667      1.43594  6.93937e-06  -3.0413e-05   0.00065016  0.000118382 -3.44964e-05  0.000126489 
     51.6667      1.49596  5.27569e-06  -3.1019e-05  0.000649853  8.90851e-05 -3.18066e-05   0.00013151 
     51.6667      1.55665  3.69208e-06 -3.15452e-05  0.000649531  6.44579e-05 -2.90293e-05   0.00013591 
     51.6667      1.61799   2.1915e-06 -3.19917e-05  0.000649197  4.44085e-05 -2.61865e-05  0.000139658 
     51.6667         1.68  7.76596e-07 -3.23584e-05  0.000648851  2.87206e-05  -2.3304e-05  0.000142733 
     51.6667      1.74267 -5.49887e-07 -3.26465e-05  0.000648495  1.71126e-05   -2.041e-05  0.000145121 
     51.6667      1.80601 -1.78466e-06 -3.28574e-05  0.000648131  9.23691e-06  -1.7537e-05  0.000146823 
     51.6667      1.87001 -2.92501e-06  -3.2993e-05  0.000647761  4.69491e-06 -1.47156e-05  0.000147846 
     51.6667      1.93467  -3.9687e-06 -3.30555e-05  0.000647385  3.04529e-06 -1.19772e-05  0.000148208 
     51.6667            2 -4.91402e-06 -3.30478e-05  0.000647006  3.82256e-06  -9.3525e-06  0.000147933 
     53.3333        -1.25            0            0            0            0            0            0 
     53.3333     -1.24967            0            0            0            0            0            0 
     53.3333     -1.24867            0            0            0            0            0            0 
     53.3333     -1.24702            0            0            0            0            0            0 
     53.3333      -1.2447            0            0            0            0            0            0 
     53.3333     -1.24171            0            0            0            0            0            0 
     53.3333     -1.23806            0            0            0            0            0            0 
     53.3333     -1.23375            0            0            0            0            0            0 
     53.3333     -1.22878            0            0            0            0            0            0 
     53.3333     -1.22314            0            0            0            0            0            0 
     53.3333     -1.21684            0            0            0            0            0            0 
     53.3333     -1.20988            0            0            0            0            0            0 
     53.3333     -1.20225            0            0            0            0            0            0 
     53.3333     -1.19396            0            0            0            0            0            0 
     53.3333     -1.18501            0            0            0            0            0            0 
     53.3333     -1.17539            0            0            0            0            0            0 
     53.3333     -1.16511            0            0            0            0            0            0 
     53.3333     -1.15417            0            0            0            0            0            0 
     53.3333     -1.14256            0            0            0            0            0            0 
     53.3333     -1.13029            0            0            0            0            0            0 
     53.3333     -1.11736            0            0            0            0            0            0 
     53.3333     -1.10377            0            0            0            0            0            0 
     53.3333     -1.08951            0            0            0            0            0            0 
     53.3333     -1.07458            0            0            0            0            0            0 
     53.3333       -1.059            0            0            0            0            0            0 
     53.3333     -1.04275            0            0            0            0            0            0 
     53.3333     -1.02584            0            0            0            0            0            0 
     53.3333     -1.00827            0            0            0            0            0            0 
     53.3333    -0.990028            0            0            0            0            0            0 
     53.3333    -0.971127            0            0            0            0            0            0 
     53.3333    -0.951562            0            0            0            0            0            0 
     53.3333    -0.931335            0            0            0            0            0            0 
     53.3333    -0.910444            0            0            0            0            0            0 
     53.3333     -0.88889            0            0            0            0            0            0 
     53.3333    -0.866673            0            0            0            0            0            0 
     53.3333    -0.843793            0            0            0            0            0            0 
     53.3333    -0.820249            0            0            0            0            0            0 
     53.3333    -0.796043            0            0            0            0            0            0 
     53.3333    -0.771173            0            0            0            0            0            0 
     53.3333     -0.74564            0            0            0            0            0            0 
     53.3333    -0.719443            0            0            0            0            0            0 
     53.3333    -0.692584            0            0            0            0            0            0 
     53.3333    -0.665062            0            0            0            0            0            0 
     53.3333    -0.636876            0            0            0            0            0            0 
     53.3333    -0.608026            0            0            0            0            0            0 
     53.3333    -0.578514            0            0            0            0            0            0 
     53.3333    -0.548339            0            0            0            0            0            0 
     53.3333    -0.517501            0            0            0            0            0            0 
     53.3333    -0.485998            0            0            0            0            0            0 
     53.3333    -0.453833            0            0            0            0            0            0 
     53.3333    -0.421005            0            0            0            0            0            0 
     53.3333    -0.387514            0            0            0            0            0            0 
     53.3333    -0.353359            0            0            0            0            0            0 
     53.3333    -0.318541            0            0            0            0            0            0 
     53.3333    -0.283061            0            0            0            0            0            0 
     53.3333    -0.246917            0            0            0            0            0            0 
     53.3333    -0.210109            0            0            0            0            0            0 
     53.3333    -0.172638            0            0            0            0            0            0 
     53.3333    -0.134505            0            0            0            0            0            0 
     53.3333    -0.095708            0            0            0            0            0            0 
     53.3333    -0.056247            0            0            0            0            0            0 
     53.3333    -0.016124            0            0            0            0            0            0 
     53.3333     0.024662  5.17279e-06 -3.78912e-08  0.000655751  1.48523e-05  -3.2709e-08  2.86006e-10 
     53.3333     0.066112  1.43907e-05 -2.29157e-07  0.000655748  8.44025e-05 -5.19813e-07  1.17072e-08 
     53.3333     0.108226  2.31546e-05 -5.19091e-07  0.000655749  0.000185687 -1.84517e-06  6.82311e-08 
     53.3333     0.151002  3.08121e-05  -8.6323e-07  0.000655752  0.000305897 -3.96908e-06  2.17745e-07 
     53.3333     0.194441  3.71023e-05 -1.24386e-06  0.000655759   0.00043599 -6.52859e-06  5.27164e-07 
     53.3333     0.238543  4.18914e-05 -1.66512e-06  0.000655768  0.000563081 -8.98054e-06  1.09609e-06 
     53.3333     0.283309  4.51315e-05 -2.14395e-06  0.000655779  0.000670107 -1.08567e-05  2.05308e-06 
     53.3333     0.328738  4.69389e-05 -2.69638e-06  0.000655791  0.000741061  -1.2065e-05  3.51945e-06 
     53.3333      0.37483  4.76699e-05 -3.32341e-06  0.000655804  0.000768909 -1.31509e-05  5.54076e-06 
     53.3333     0.421585  4.78736e-05 -4.00364e-06  0.000655815  0.000760325 -1.50707e-05  8.04994e-06 
     53.3333     0.469004  4.80783e-05 -4.70178e-06  0.000655826  0.000731424 -1.86691e-05  1.09011e-05 
     53.3333     0.517086  4.86214e-05 -5.38036e-06  0.000655834  0.000701252 -2.42356e-05  1.39332e-05 
     53.3333     0.565831  4.95553e-05 -6.01407e-06  0.000655839  0.000683094 -3.12009e-05  1.70683e-05 
     53.3333     0.615239  5.06797e-05 -6.60158e-06  0.000655839  0.000678928 -3.87043e-05  2.03321e-05 
     53.3333      0.66531  5.17362e-05 -7.15035e-06  0.000655835  0.000684489 -4.57662e-05  2.38046e-05 
     53.3333     0.716045  5.24771e-05 -7.67536e-06  0.000655825  0.000691438 -5.17146e-05  2.75859e-05 
     53.3333     0.767442  5.27344e-05  -8.1898e-06  0.000655808  0.000692628 -5.62111e-05  3.17434e-05 
     53.3333     0.819503  5.24138e-05 -8.70377e-06  0.000655782  0.000683395 -5.91759e-05   3.6302e-05 
     53.3333     0.872228  5.14836e-05 -9.22396e-06  0.000655746  0.000661688 -6.07184e-05  4.12467e-05 
     53.3333     0.925615  4.99624e-05 -9.75354e-06    0.0006557  0.000627811 -6.10629e-05  4.65294e-05 
     53.3333     0.979665  4.79078e-05 -1.02925e-05  0.000655642  0.000583658 -6.04686e-05  5.20818e-05 
     53.3333      1.03438   4.5405e-05 -1.08381e-05  0.000655571  0.000531908 -5.91972e-05  5.78197e-05 
     53.3333      1.08976  4.25524e-05 -1.13861e-05  0.000655485  0.000475542 -5.74569e-05  6.36531e-05 
     53.3333       1.1458  3.94475e-05  -1.1931e-05  0.000655384  0.000417327 -5.54099e-05  6.94929e-05 
     53.3333       1.2025  3.61787e-05 -1.24672e-05  0.000655268  0.000359623 -5.31465e-05  7.52538e-05 
     53.3333      1.25987   3.2817e-05 -1.29894e-05  0.000655135  0.000304174 -5.07338e-05    8.086e-05 
     53.3333       1.3179  2.94178e-05 -1.34929e-05  0.000654984  0.000252271 -4.81934e-05  8.62425e-05 
     53.3333      1.37659  2.60249e-05 -1.39739e-05  0.000654817  0.000204854 -4.55143e-05   9.1335e-05 
     53.3333      1.43594  2.26663e-05 -1.44289e-05  0.000654632  0.000162388 -4.27113e-05  9.60843e-05 
     53.3333      1.49596  1.93655e-05 -1.48555e-05  0.000654429   0.00012519 -3.97889e-05  0.000100442 
     53.3333      1.55665  1.61405e-05 -1.52517e-05  0.000654209  9.33662e-05 -3.67604e-05  0.000104369 
     53.3333      1.61799  1.30078e-05 -1.56158e-05  0.000653973  6.68701e-05 -3.36447e-05  0.000107827 
     53.3333         1.68  9.98174e-06 -1.59464e-05   0.00065372  4.55337e-05 -3.04545e-05  0.000110793 
     53.3333      1.74267  7.07549e-06 -1.62427e-05  0.000653452  2.90935e-05 -2.72328e-05  0.000113247 
     53.3333      1.80601  4.30297e-06 -1.65041e-05  0.000653168  1.72025e-05 -2.40022e-05  0.000115177 
     53.3333      1.87001  1.67535e-06 -1.67301e-05  0.000652872  9.43867e-06  -2.0798e-05  0.000116581 
     53.3333      1.93467 -7.95913e-07 -1.69209e-05  0.000652562  5.32311e-06 -1.76558e-05  0.000117463 
     53.3333            2 -3.10089e-06 -1.70765e-05  0.000652241  4.33793e-06 -1.46052e-05  0.000117835 
          55        -1.25            0            0            0            0            0            0 
          55     -1.24967            0            0            0            0            0            0 
          55     -1.24867            0            0            0            0            0            0 
          55     -1.24702            0            0            0            0            0            0 
          55      -1.2447            0            0            0            0            0            0 
          55     -1.24171            0            0            0            0            0            0 
          55     -1.23806            0            0            0            0            0            0 
          55     -1.23375            0            0            0            0            0            0 
          55     -1.22878            0            0            0            0            0            0 
          55     -1.22314            0            0            0            0            0            0 
          55     -1.21684            0            0            0            0            0            0 
          55     -1.20988            0            0            0            0            0            0 
          55     -1.20225            0            0            0            0            0            0 
          55     -1.19396            0            0            0            0            0            0 
          55     -1.18501            0            0            0            0            0            0 
          55     -1.17539            0            0            0            0            0            0 
          55     -1.16511            0            0            0            0            0            0 
          55     -1.15417            0            0            0            0            0            0 
          55     -1.14256            0            0            0            0            0            0 
          55     -1.13029            0            0            0            0            0            0 
          55     -1.11736            0            0            0            0            0            0 
          55     -1.10377            0            0            0            0            0            0 
          55     -1.08951            0            0            0            0            0            0 
          55     -1.07458            0            0            0            0            0            0 
          55       -1.059            0            0            0            0            0            0 
          55     -1.04275            0            0            0            0            0            0 
          55     -1.02584            0            0            0            0            0            0 
          55     -1.00827            0            0            0            0            0            0 
          55    -0.990028            0            0            0            0            0            0 
          55    -0.971127            0            0            0            0            0            0 
          55    -0.951562            0            0            0            0            0            0 
          55    -0.931335            0            0            0            0            0            0 
          55    -0.910444            0            0            0            0            0            0 
          55     -0.88889            0            0            0            0            0            0 
          55    -0.866673            0            0            0            0            0            0 
          55    -0.843793            0            0            0            0            0            0 
          55    -0.820249            0            0            0            0            0            0 
          55    -0.796043            0            0            0            0            0            0 
          55    -0.771173            0            0            0            0            0            0 
          55     -0.74564            0            0            0            0            0            0 
          55    -0.719443            0            0            0            0            0            0 
          55    -0.692584            0            0            0            0            0            0 
          55    -0.665062            0            0            0            0            0            0 
          55    -0.636876            0            0            0            0            0            0 
          55    -0.608026            0            0            0            0            0            0 
          55    -0.578514            0            0            0            0            0            0 
          55    -0.548339            0            0            0            0            0            0 
          55    -0.517501            0            0            0            0            0            0 
          55    -0.485998            0            0            0            0            0            0 
          55    -0.453833            0            0            0            0            0            0 
          55    -0.421005            0            0            0            0            0            0 
          55    -0.387514            0            0            0            0            0            0 
          55    -0.353359            0            0            0            0            0            0 
          55    -0.318541            0            0            0            0            0            0 
          55    -0.283061            0            0            0            0            0            0 
          55    -0.246917            0            0            0            0            0            0 
          55    -0.210109            0            0            0            0            0            0 
          55    -0.172638            0            0            0            0            0            0 
          55    -0.134505            0            0            0            0            0            0 
          55    -0.095708            0            0            0            0            0            0 
          55    -0.056247            0            0            0            0            0            0 
          55    -0.016124            0            0            0            0            0            0 
          55     0.024662  8.63423e-06 -1.51442e-08  0.000654536  2.14613e-05 -2.40057e-08  3.34326e-10 
          55     0.066112  2.07673e-05 -7.29633e-08  0.000654537  0.000116845 -4.10879e-07  1.39337e-08 
          55     0.108226  3.02388e-05 -1.24319e-07   0.00065454  0.000242965 -1.54565e-06  8.18814e-08 
          55     0.151002  3.75541e-05 -1.40781e-07  0.000654545  0.000376057 -3.50681e-06  2.59352e-07 
          55     0.194441   4.3298e-05 -1.13055e-07  0.000654553  0.000505835 -6.11294e-06  6.07624e-07 
          55     0.238543  4.79259e-05 -4.49034e-08  0.000654562  0.000625203 -9.00409e-06  1.20218e-06 
          55     0.283309  5.17078e-05  5.17019e-08  0.000654572  0.000726347 -1.17247e-05  2.12204e-06 
          55     0.328738  5.47489e-05  1.55901e-07  0.000654582  0.000801306 -1.39575e-05  3.46874e-06 
          55      0.37483  5.70849e-05  2.48279e-07  0.000654592  0.000845735 -1.56683e-05  5.27982e-06 
          55     0.421585  5.87178e-05  3.11145e-07  0.000654601  0.000859202 -1.70135e-05  7.58179e-06 
          55     0.469004  5.97471e-05  3.37064e-07  0.000654608  0.000849125 -1.86971e-05   1.0318e-05 
          55     0.517086  6.03239e-05  3.28549e-07  0.000654613  0.000826376 -2.13978e-05  1.33869e-05 
          55     0.565831  6.06159e-05  2.96411e-07  0.000654616  0.000802004 -2.54799e-05  1.66858e-05 
          55     0.615239  6.07684e-05  2.56311e-07  0.000654616  0.000784309 -3.08259e-05  2.01468e-05 
          55      0.66531  6.08623e-05  2.23122e-07  0.000654612  0.000776498 -3.68395e-05  2.37589e-05 
          55     0.716045  6.08683e-05  2.02629e-07  0.000654603  0.000775213 -4.26716e-05  2.75736e-05 
          55     0.767442  6.06928e-05  1.93695e-07  0.000654589  0.000773791 -4.76346e-05  3.16612e-05 
          55     0.819503  6.02362e-05  1.92658e-07  0.000654569  0.000766039 -5.12658e-05  3.60793e-05 
          55     0.872228  5.94055e-05  1.91277e-07  0.000654541  0.000747566 -5.34488e-05  4.08455e-05 
          55     0.925615  5.81389e-05  1.82246e-07  0.000654505  0.000716597 -5.42864e-05  4.59349e-05 
          55     0.979665   5.6405e-05  1.59006e-07  0.000654459   0.00067353 -5.40402e-05  5.12922e-05 
          55      1.03438  5.42147e-05  1.16898e-07  0.000654404  0.000620696 -5.30467e-05   5.6843e-05 
          55      1.08976  5.16108e-05  5.40539e-08  0.000654337  0.000561092 -5.15519e-05  6.24966e-05 
          55       1.1458  4.86566e-05 -2.97503e-08  0.000654259  0.000497861 -4.97821e-05  6.81669e-05 
          55       1.2025  4.54253e-05 -1.33256e-07  0.000654169  0.000433778 -4.78727e-05  7.37693e-05 
          55      1.25987  4.19911e-05 -2.54322e-07  0.000654065  0.000371131 -4.58885e-05  7.92227e-05 
          55       1.3179   3.8422e-05 -3.90457e-07  0.000653948  0.000311656 -4.38488e-05  8.44531e-05 
          55      1.37659  3.47756e-05 -5.39204e-07  0.000653818  0.000256561  -4.1756e-05  8.93957e-05 
          55      1.43594  3.10956e-05 -6.98409e-07  0.000653673   0.00020662 -3.96274e-05  9.39986e-05 
          55      1.49596  2.74191e-05 -8.66015e-07  0.000653514  0.000162313 -3.74484e-05  9.82066e-05 
          55      1.55665  2.37757e-05 -1.03969e-06  0.000653341  0.000123814 -3.52104e-05  0.000101989 
          55      1.61799  2.01906e-05 -1.21808e-06  0.000653154  9.12232e-05  -3.2919e-05  0.000105311 
          55         1.68  1.66893e-05 -1.39931e-06  0.000652954  6.43893e-05 -3.05357e-05  0.000108152 
          55      1.74267  1.32869e-05 -1.58243e-06   0.00065274  4.30839e-05 -2.81244e-05  0.000110482 
          55      1.80601  1.00037e-05 -1.76599e-06  0.000652514  2.69882e-05 -2.56935e-05  0.000112295 
          55      1.87001  6.85941e-06 -1.94872e-06  0.000652276   1.5677e-05  -2.3234e-05  0.000113592 
          55      1.93467  3.86765e-06 -2.12966e-06  0.000652027   8.6639e-06 -2.07961e-05  0.000114373 
          55            2  1.04206e-06 -2.30776e-06  0.000651767  5.40741e-06 -1.84108e-05  0.000114649 
     56.6667        -1.25            0            0            0            0            0            0 
     56.6667     -1.24967            0            0            0            0            0            0 
     56.6667     -1.24867            0            0            0            0            0            0 
     56.6667     -1.24702            0            0            0            0            0            0 
     56.6667      -1.2447            0            0            0            0            0            0 
     56.6667     -1.24171            0            0            0            0            0            0 
     56.6667     -1.23806            0            0            0            0            0            0 
     56.6667     -1.23375            0            0            0            0            0            0 
     56.6667     -1.22878            0            0            0            0            0            0 
     56.6667     -1.22314            0            0            0            0            0            0 
     56.6667     -1.21684            0            0            0            0            0            0 
     56.6667     -1.20988            0            0            0            0            0            0 
     56.6667     -1.20225            0            0            0            0            0            0 
     56.6667     -1.19396            0            0            0            0            0            0 
     56.6667     -1.18501            0            0            0            0            0            0 
     56.6667     -1.17539            0            0            0            0            0            0 
     56.6667     -1.16511            0            0            0            0            0            0 
     56.6667     -1.15417            0            0            0            0            0            0 
     56.6667     -1.14256            0            0            0            0            0            0 
     56.6667     -1.13029            0            0            0            0            0            0 
     56.6667     -1.11736            0            0            0            0            0            0 
     56.6667     -1.10377            0            0            0            0            0            0 
     56.6667     -1.08951            0            0            0            0            0            0 
     56.6667     -1.07458            0            0            0            0            0            0 
     56.6667       -1.059            0            0            0            0            0            0 
     56.6667     -1.04275            0            0            0            0            0            0 
     56.6667     -1.02584            0            0            0            0            0            0 
     56.6667     -1.00827            0            0            0            0            0            0 
     56.6667    -0.990028            0            0            0            0            0            0 
     56.6667    -0.971127            0            0            0            0            0            0 
     56.6667    -0.951562            0            0            0            0            0            0 
     56.6667    -0.931335            0            0            0            0            0            0 
     56.6667    -0.910444            0            0            0            0            0            0 
     56.6667     -0.88889            0            0            0            0            0            0 
     56.6667    -0.866673            0            0            0            0            0            0 
     56.6667    -0.843793            0            0            0            0            0            0 
     56.6667    -0.820249            0            0            0            0            0            0 
     56.6667    -0.796043            0            0            0            0            0            0 
     56.6667    -0.771173            0            0            0            0            0            0 
     56.6667     -0.74564            0            0            0            0            0            0 
     56.6667    -0.719443            0            0            0            0            0            0 
     56.6667    -0.692584            0            0            0            0            0            0 
     56.6667    -0.665062            0            0            0            0            0            0 
     56.6667    -0.636876            0            0            0            0            0            0 
     56.6667    -0.608026            0            0            0            0            0            0 
     56.6667    -0.578514            0            0            0            0            0            0 
     56.6667    -0.548339            0            0            0            0            0            0 
     56.6667    -0.517501            0            0            0            0            0            0 
     56.6667    -0.485998            0            0            0            0            0            0 
     56.6667    -0.453833            0            0            0            0            0            0 
     56.6667    -0.421005            0            0            0            0            0            0 
     56.6667    -0.387514            0            0            0            0            0            0 
     56.6667    -0.353359            0            0            0            0            0            0 
     56.6667    -0.318541            0            0            0            0            0            0 
     56.6667    -0.283061            0            0            0            0            0            0 
     56.6667    -0.246917            0            0            0            0            0            0 
     56.6667    -0.210109            0            0            0            0            0            0 
     56.6667    -0.172638            0            0            0            0            0            0 
     56.6667    -0.134505            0            0            0            0            0            0 
     56.6667    -0.095708            0            0            0            0            0            0 
     56.6667    -0.056247            0            0            0            0            0            0 
     56.6667    -0.016124            0            0            0            0            0            0 
     56.6667     0.024662  8.76244e-06  9.75147e-09   0.00064896  2.59796e-05 -1.74352e-08  3.93907e-10 
     56.6667     0.066112  1.96097e-05  7.94137e-08  0.000648963  0.000139109 -3.28791e-07  1.63974e-08 
     56.6667     0.108226  2.69973e-05    2.227e-07  0.000648966  0.000282664 -1.31526e-06  9.57409e-08 
     56.6667     0.151002  3.21147e-05  4.35498e-07   0.00064897  0.000425779 -3.12202e-06  2.99629e-07 
     56.6667     0.194441  3.58767e-05  7.08904e-07  0.000648974  0.000557368 -5.62378e-06  6.89746e-07 
     56.6667     0.238543  3.89016e-05  1.03589e-06  0.000648979  0.000673432 -8.55321e-06  1.33671e-06 
     56.6667     0.283309  4.15569e-05  1.40363e-06  0.000648983  0.000770273 -1.14969e-05  2.29962e-06 
     56.6667     0.328738  4.41308e-05   1.8079e-06  0.000648988  0.000847736 -1.39992e-05  3.63855e-06 
     56.6667      0.37483  4.65841e-05   2.2377e-06  0.000648991  0.000899642 -1.57501e-05  5.44081e-06 
     56.6667     0.421585  4.88301e-05  2.68107e-06  0.000648994  0.000925006 -1.68376e-05  7.73585e-06 
     56.6667     0.469004  5.07828e-05  3.12627e-06  0.000648996   0.00092778 -1.76176e-05  1.05005e-05 
     56.6667     0.517086  5.23707e-05  3.56322e-06  0.000648996  0.000914825 -1.85693e-05  1.36774e-05 
     56.6667     0.565831  5.35484e-05  3.98474e-06  0.000648995  0.000893944 -2.01557e-05  1.71938e-05 
     56.6667     0.615239   5.4304e-05   4.3874e-06  0.000648992  0.000872105 -2.26982e-05  2.09792e-05 
     56.6667      0.66531  5.46626e-05   4.7718e-06  0.000648988     0.000854 -2.62753e-05  2.49816e-05 
     56.6667     0.716045  5.46826e-05  5.14222e-06  0.000648981  0.000841113 -3.06584e-05  2.91796e-05 
     56.6667     0.767442  5.44428e-05  5.50518e-06   0.00064897  0.000831475 -3.52964e-05  3.35903e-05 
     56.6667     0.819503  5.40204e-05   5.8671e-06  0.000648957  0.000820349 -3.93666e-05  3.82707e-05 
     56.6667     0.872228  5.34489e-05  6.22974e-06  0.000648938  0.000802634 -4.15589e-05  4.33324e-05 
     56.6667     0.925615  5.26146e-05  6.58226e-06  0.000648917  0.000773603 -4.26478e-05  4.86674e-05 
     56.6667     0.979665  5.13915e-05  6.91128e-06   0.00064889  0.000732661 -4.33753e-05  5.41767e-05 
     56.6667      1.03438  4.99708e-05  7.23026e-06  0.000648857  0.000681122 -4.22641e-05  6.00048e-05 
     56.6667      1.08976  4.81706e-05  7.52263e-06  0.000648818  0.000620966 -4.09868e-05  6.59403e-05 
     56.6667       1.1458  4.60438e-05  7.78569e-06  0.000648772  0.000555588 -3.94721e-05  7.19023e-05 
     56.6667       1.2025  4.36375e-05  8.01732e-06  0.000648719  0.000488032 -3.77746e-05  7.78037e-05 
     56.6667      1.25987  4.09963e-05  8.21613e-06  0.000648659  0.000420894 -3.60006e-05  8.35586e-05 
     56.6667       1.3179  3.81562e-05  8.38077e-06   0.00064859  0.000356595 -3.43851e-05  8.90752e-05 
     56.6667      1.37659  3.51696e-05  8.51199e-06  0.000648514  0.000296328 -3.29014e-05    9.429e-05 
     56.6667      1.43594  3.20877e-05  8.61106e-06  0.000648429  0.000241106 -3.14595e-05  9.91492e-05 
     56.6667      1.49596  2.89528e-05  8.67915e-06  0.000648336  0.000191627 -3.00326e-05  0.000103602 
     56.6667      1.55665  2.58013e-05  8.71756e-06  0.000648233  0.000148247 -2.85824e-05  0.000107609 
     56.6667      1.61799  2.26628e-05  8.72756e-06  0.000648122  0.000111056 -2.70714e-05  0.000111137 
     56.6667         1.68  1.95611e-05  8.71024e-06  0.000648002  7.99547e-05 -2.54794e-05  0.000114159 
     56.6667      1.74267  1.65157e-05  8.66647e-06  0.000647874  5.47573e-05 -2.38289e-05  0.000116645 
     56.6667      1.80601  1.35482e-05   8.5975e-06  0.000647737  3.52508e-05 -2.21478e-05  0.000118559 
     56.6667      1.87001  1.06633e-05  8.50439e-06  0.000647592  2.10705e-05 -2.06574e-05  0.000119905 
     56.6667      1.93467  7.88521e-06  8.38897e-06  0.000647441   1.1631e-05 -1.92102e-05  0.000120707 
     56.6667            2  5.25436e-06  8.25464e-06  0.000647281  6.30595e-06 -1.75036e-05  0.000121004 
     58.3333        -1.25            0            0            0            0            0            0 
     58.3333     -1.24967            0            0            0            0            0            0 
     58.3333     -1.24867            0            0            0            0            0            0 
     58.3333     -1.24702            0            0            0            0            0            0 
     58.3333      -1.2447            0            0            0            0            0            0 
     58.3333     -1.24171            0            0            0            0            0            0 
     58.3333     -1.23806            0            0            0            0            0            0 
     58.3333     -1.23375            0            0            0            0            0            0 
     58.3333     -1.22878            0            0            0            0            0            0 
     58.3333     -1.22314            0            0            0            0            0            0 
     58.3333     -1.21684            0            0            0            0            0            0 
     58.3333     -1.20988            0            0            0            0            0            0 
     58.3333     -1.20225            0            0            0            0            0            0 
     58.3333     -1.19396            0            0            0            0            0            0 
     58.3333     -1.18501            0            0            0            0            0            0 
     58.3333     -1.17539            0            0            0            0            0            0 
     58.3333     -1.16511            0            0            0            0            0            0 
     58.3333     -1.15417            0            0            0            0            0            0 
     58.3333     -1.14256            0            0            0            0            0            0 
     58.3333     -1.13029            0            0            0            0            0            0 
     58.3333     -1.11736            0            0            0            0            0            0 
     58.3333     -1.10377            0            0            0            0            0            0 
     58.3333     -1.08951            0            0            0            0            0            0 
     58.3333     -1.07458            0            0            0            0            0            0 
     58.3333       -1.059            0            0            0            0            0            0 
     58.3333     -1.04275            0            0            0            0            0            0 
     58.3333     -1.02584            0            0            0            0            0            0 
     58.3333     -1.00827            0            0            0            0            0            0 
     58.3333    -0.990028            0            0            0            0            0            0 
     58.3333    -0.971127            0            0            0            0            0            0 
     58.3333    -0.951562            0            0            0            0            0            0 
     58.3333    -0.931335            0            0            0            0            0            0 
     58.3333    -0.910444            0            0            0            0            0            0 
     58.3333     -0.88889            0            0            0            0            0            0 
     58.3333    -0.866673            0            0            0            0            0            0 
     58.3333    -0.843793            0            0            0            0            0            0 
     58.3333    -0.820249            0            0            0            0            0            0 
     58.3333    -0.796043            0            0            0            0            0            0 
     58.3333    -0.771173            0            0            0            0            0            0 
     58.3333     -0.74564            0            0            0            0            0            0 
     58.3333    -0.719443            0            0            0            0            0            0 
     58.3333    -0.692584            0            0            0            0            0            0 
     58.3333    -0.665062            0            0            0            0            0            0 
     58.3333    -0.636876            0            0            0            0            0            0 
     58.3333    -0.608026            0            0            0            0            0            0 
     58.3333    -0.578514            0            0            0            0            0            0 
     58.3333    -0.548339            0            0            0            0            0            0 
     58.3333    -0.517501            0            0            0            0            0            0 
     58.3333    -0.485998            0            0            0            0            0            0 
     58.3333    -0.453833            0            0            0            0            0            0 
     58.3333    -0.421005            0            0            0            0            0            0 
     58.3333    -0.387514            0            0            0            0            0            0 
     58.3333    -0.353359            0            0            0            0            0            0 
     58.3333    -0.318541            0            0            0            0            0            0 
     58.3333    -0.283061            0            0            0            0            0            0 
     58.3333    -0.246917            0            0            0            0            0            0 
     58.3333    -0.210109            0            0            0            0            0            0 
     58.3333    -0.172638            0            0            0            0            0            0 
     58.3333    -0.134505            0            0            0            0            0            0 
     58.3333    -0.095708            0            0            0            0            0            0 
     58.3333    -0.056247            0            0            0            0            0            0 
     58.3333    -0.016124            0            0            0            0            0            0 
     58.3333     0.024662   6.4142e-06  2.24157e-08  0.000641625  2.88194e-05 -1.18415e-08   4.4991e-10 
     58.3333     0.066112  1.37006e-05  1.45939e-07  0.000641627  0.000153038 -2.57537e-07  1.87188e-08 
     58.3333     0.108226  1.82604e-05  3.51119e-07  0.000641629  0.000307167 -1.11088e-06  1.08928e-07 
     58.3333     0.151002  2.12616e-05  6.12528e-07   0.00064163  0.000455591 -2.76363e-06  3.37777e-07 
     58.3333     0.194441  2.34255e-05  9.12936e-07   0.00064163  0.000586588  -5.1556e-06  7.67916e-07 
     58.3333     0.238543  2.51769e-05  1.24402e-06  0.000641629   0.00069834  -8.0513e-06  1.46012e-06 
     58.3333     0.283309  2.67635e-05  1.60312e-06  0.000641627  0.000791232 -1.10391e-05  2.47055e-06 
     58.3333     0.328738  2.83252e-05  1.99223e-06  0.000641624   0.00086507 -1.37027e-05   3.8625e-06 
     58.3333      0.37483  2.99328e-05  2.41391e-06   0.00064162  0.000918828 -1.56321e-05  5.68919e-06 
     58.3333     0.421585  3.15997e-05   2.8706e-06  0.000641616  0.000951718 -1.66561e-05  7.99982e-06 
     58.3333     0.469004  3.32832e-05  3.36153e-06  0.000641612  0.000964894 -1.68867e-05  1.08139e-05 
     58.3333     0.517086  3.48964e-05  3.88124e-06  0.000641607  0.000962037 -1.66949e-05  1.41057e-05 
     58.3333     0.565831   3.6338e-05  4.42062e-06  0.000641602  0.000948509 -1.65986e-05  1.78094e-05 
     58.3333     0.615239  3.75527e-05  4.97141e-06  0.000641597  0.000928941 -1.69891e-05   2.1852e-05 
     58.3333      0.66531   3.8483e-05  5.52599e-06  0.000641591  0.000904502 -1.79233e-05  2.61875e-05 
     58.3333     0.716045  3.90256e-05   6.0775e-06  0.000641585  0.000886566 -2.04011e-05  3.07702e-05 
     58.3333     0.767442  3.92732e-05  6.62447e-06  0.000641578  0.000871001 -2.34475e-05  3.56114e-05 
     58.3333     0.819503  3.92894e-05  7.16525e-06   0.00064157  0.000853891 -2.63544e-05  4.07217e-05 
     58.3333     0.872228  3.91125e-05  7.69788e-06  0.000641562  0.000831832 -2.86567e-05  4.61056e-05 
     58.3333     0.925615  3.87606e-05  8.21999e-06  0.000641554  0.000802193  -3.0104e-05  5.17566e-05 
     58.3333     0.979665  3.82364e-05  8.72887e-06  0.000641544  0.000763333 -3.06277e-05  5.76534e-05 
     58.3333      1.03438  3.75323e-05  9.22139e-06  0.000641533  0.000714747 -3.03035e-05  6.37564e-05 
     58.3333      1.08976  3.66358e-05  9.69403e-06  0.000641521  0.000657132 -2.93117e-05  7.00066e-05 
     58.3333       1.1458  3.55346e-05   1.0143e-05  0.000641507  0.000592334 -2.78936e-05  7.63256e-05 
     58.3333       1.2025  3.42214e-05  1.05644e-05  0.000641492  0.000523151 -2.63073e-05  8.26185e-05 
     58.3333      1.25987  3.26977e-05  1.09543e-05  0.000641474  0.000452974 -2.47824e-05  8.87798e-05 
     58.3333       1.3179   3.0977e-05  1.13093e-05  0.000641455  0.000385204 -2.34757e-05   9.4703e-05 
     58.3333      1.37659  2.90872e-05  1.16265e-05  0.000641434  0.000322446 -2.24292e-05  0.000100293 
     58.3333      1.43594  2.70699e-05  1.19045e-05   0.00064141  0.000265384 -2.15323e-05  0.000105487 
     58.3333      1.49596  2.49792e-05  1.21437e-05  0.000641384  0.000211342 -2.04899e-05  0.000110278 
     58.3333      1.55665  2.28278e-05  1.23494e-05  0.000641354  0.000165189 -1.96043e-05  0.000114625 
     58.3333      1.61799  2.06359e-05  1.25181e-05  0.000641322  0.000124513 -1.87362e-05  0.000118465 
     58.3333         1.68  1.84296e-05  1.26496e-05  0.000641286  9.05993e-05 -1.78707e-05  0.000121748 
     58.3333      1.74267  1.62287e-05   1.2745e-05  0.000641247  6.30727e-05 -1.70041e-05  0.000124457 
     58.3333      1.80601  1.40518e-05  1.28051e-05  0.000641205  4.14972e-05 -1.61349e-05  0.000126581 
     58.3333      1.87001  1.19162e-05  1.28314e-05  0.000641159  2.53853e-05 -1.52632e-05  0.000128118 
     58.3333      1.93467  9.83766e-06  1.28252e-05   0.00064111  1.42058e-05  -1.4391e-05  0.000129076 
     58.3333            2  7.83025e-06  1.27881e-05  0.000641057  7.39507e-06 -1.35214e-05  0.000129466 
          60        -1.25            0            0            0            0            0            0 
          60     -1.24967            0            0            0            0            0            0 
          60     -1.24867            0            0            0            0            0            0 
          60     -1.24702            0            0            0            0            0            0 
          60      -1.2447            0            0            0            0            0            0 
          60     -1.24171            0            0            0            0            0            0 
          60     -1.23806            0            0            0            0            0            0 
          60     -1.23375            0            0            0            0            0            0 
          60     -1.22878            0            0            0            0            0            0 
          60     -1.22314            0            0            0            0            0            0 
          60     -1.21684            0            0            0            0            0            0 
          60     -1.20988            0            0            0            0            0            0 
          60     -1.20225            0            0            0            0            0            0 
          60     -1.19396            0            0            0            0            0            0 
          60     -1.18501            0            0            0            0            0            0 
          60     -1.17539            0            0            0            0            0            0 
          60     -1.16511            0            0            0            0            0            0 
          60     -1.15417            0            0            0            0            0            0 
          60     -1.14256            0            0            0            0            0            0 
          60     -1.13029            0            0            0            0            0            0 
          60     -1.11736            0            0            0            0            0            0 
          60     -1.10377            0            0            0            0            0            0 
          60     -1.08951            0            0            0            0            0            0 
          60     -1.07458            0            0            0            0            0            0 
          60       -1.059            0            0            0            0            0            0 
          60     -1.04275            0            0            0            0            0            0 
          60     -1.02584            0            0            0            0            0            0 
          60     -1.00827            0            0            0            0            0            0 
          60    -0.990028            0            0            0            0            0            0 
          60    -0.971127            0            0            0            0            0            0 
          60    -0.951562            0            0            0            0            0            0 
          60    -0.931335            0            0            0            0            0            0 
          60    -0.910444            0            0            0            0            0            0 
          60     -0.88889            0            0            0            0            0            0 
          60    -0.866673            0            0            0            0            0            0 
          60    -0.843793            0            0            0            0            0            0 
          60    -0.820249            0            0            0            0            0            0 
          60    -0.796043            0            0            0            0            0            0 
          60    -0.771173            0            0            0            0            0            0 
          60     -0.74564            0            0            0            0            0            0 
          60    -0.719443            0            0            0            0            0            0 
          60    -0.692584            0            0            0            0            0            0 
          60    -0.665062            0            0            0            0            0            0 
          60    -0.636876            0            0            0            0            0            0 
          60    -0.608026            0            0            0            0            0            0 
          60    -0.578514            0            0            0            0            0            0 
          60    -0.548339            0            0            0            0            0            0 
          60    -0.517501            0            0            0            0            0            0 
          60    -0.485998            0            0            0            0            0            0 
          60    -0.453833            0            0            0            0            0            0 
          60    -0.421005            0            0            0            0            0            0 
          60    -0.387514            0            0            0            0            0            0 
          60    -0.353359            0            0            0            0            0            0 
          60    -0.318541            0            0            0            0            0            0 
          60    -0.283061            0            0            0            0            0            0 
          60    -0.246917            0            0            0            0            0            0 
          60    -0.210109            0            0            0            0            0            0 
          60    -0.172638            0            0            0            0            0            0 
          60    -0.134505            0            0            0            0            0            0 
          60    -0.095708            0            0            0            0            0            0 
          60    -0.056247            0            0            0            0            0            0 
          60    -0.016124            0            0            0            0            0            0 
          60     0.024662  3.58467e-06   1.8922e-08  0.000635403  3.03634e-05 -8.21582e-09  4.89321e-10 
          60     0.066112  7.62991e-06  1.12184e-07  0.000635404  0.000160582 -2.10931e-07  2.03419e-08 
          60     0.108226  1.03172e-05  2.49436e-07  0.000635404  0.000320151  -9.7559e-07   1.1815e-07 
          60     0.151002  1.22785e-05  4.07706e-07  0.000635402  0.000470488 -2.52047e-06   3.6477e-07 
          60     0.194441  1.37963e-05  5.77091e-07  0.000635398  0.000599248 -4.82532e-06  8.24748e-07 
          60     0.238543  1.49893e-05  7.56336e-07  0.000635393  0.000705727 -7.66972e-06  1.55416e-06 
          60     0.283309  1.59188e-05  9.49247e-07  0.000635387  0.000792548 -1.07005e-05  2.60519e-06 
          60     0.328738    1.664e-05  1.16234e-06   0.00063538  0.000861934 -1.34937e-05   4.0312e-06 
          60      0.37483  1.72182e-05  1.40286e-06  0.000635373  0.000914631 -1.56403e-05   5.8835e-06 
          60     0.421585  1.77279e-05  1.67798e-06  0.000635365  0.000950672 -1.68181e-05  8.20827e-06 
          60     0.469004  1.82365e-05  1.99333e-06  0.000635357  0.000970475   -1.691e-05  1.10334e-05 
          60     0.517086  1.87901e-05  2.35188e-06  0.000635348  0.000975517 -1.60682e-05  1.43594e-05 
          60     0.565831  1.94025e-05  2.75336e-06   0.00063534  0.000968526 -1.46935e-05  1.81581e-05 
          60     0.615239  2.00543e-05  3.19443e-06  0.000635332  0.000953566 -1.32034e-05  2.23849e-05 
          60      0.66531  2.06969e-05  3.66816e-06  0.000635324  0.000932537 -1.23779e-05   2.6973e-05 
          60     0.716045  2.12573e-05  4.16564e-06  0.000635317  0.000912157 -1.27174e-05  3.18489e-05 
          60     0.767442  2.17095e-05  4.67745e-06  0.000635311  0.000891873 -1.37902e-05  3.70058e-05 
          60     0.819503  2.20427e-05  5.19652e-06  0.000635306  0.000870127 -1.51918e-05  4.24393e-05 
          60     0.872228   2.2257e-05  5.71757e-06  0.000635301  0.000844839 -1.65684e-05  4.81428e-05 
          60     0.925615  2.23586e-05  6.23661e-06  0.000635298   0.00081387 -1.76384e-05  5.41028e-05 
          60     0.979665  2.23559e-05  6.75051e-06  0.000635297  0.000775442 -1.82093e-05  6.02956e-05 
          60      1.03438  2.22552e-05  7.25647e-06  0.000635297  0.000728511 -1.81892e-05  6.66841e-05 
          60      1.08976  2.20582e-05  7.75171e-06  0.000635298   0.00067303 -1.75903e-05  7.32152e-05 
          60       1.1458  2.17606e-05  8.23315e-06  0.000635301  0.000610095 -1.65236e-05  7.98193e-05 
          60       1.2025  2.13517e-05  8.69736e-06  0.000635306  0.000541918 -1.51808e-05  8.64108e-05 
          60      1.25987  2.08168e-05  9.14057e-06  0.000635312  0.000471593 -1.38023e-05  9.28912e-05 
          60       1.3179   2.0142e-05  9.55907e-06   0.00063532   0.00040259 -1.26273e-05   9.9155e-05 
          60      1.37659  1.93223e-05  9.94975e-06  0.000635329  0.000337955 -1.18237e-05  0.000105097 
          60      1.43594  1.83727e-05  1.03112e-05   0.00063534  0.000279095 -1.13933e-05  0.000110626 
          60      1.49596  1.73453e-05  1.06452e-05  0.000635353  0.000224152 -1.10496e-05   0.00011568 
          60      1.55665  1.62433e-05  1.09448e-05  0.000635367  0.000175971 -1.04829e-05  0.000120337 
          60      1.61799  1.50757e-05   1.1212e-05  0.000635381  0.000133416  -1.0102e-05  0.000124486 
          60         1.68  1.38662e-05  1.14476e-05  0.000635396  9.77491e-05 -9.75869e-06  0.000128049 
          60      1.74267  1.26293e-05  1.16516e-05  0.000635412  6.86084e-05 -9.43789e-06  0.000131008 
          60      1.80601  1.13784e-05  1.18238e-05  0.000635428  4.55704e-05 -9.12776e-06  0.000133353 
          60      1.87001  1.01262e-05  1.19645e-05  0.000635444  2.81556e-05 -8.81953e-06  0.000135081 
          60      1.93467  8.88469e-06  1.20743e-05  0.000635459  1.58375e-05 -8.50723e-06  0.000136199 
          60            2  7.66438e-06  1.21539e-05  0.000635475  8.05378e-06 -8.18738e-06  0.000136721 
