$MeshFormat
4.1 0 8
$EndMeshFormat
$Entities
25 29 5 0
1 -100 0 0 0 
2 0 0 0 0 
3 0 -3 0 0 
4 15.3 -3 0 0 
5 15.3 0 0 0 
6 1015.3 0 0 0 
7 1015.3 0.25 0 0 
8 1015.3 150 0 0 
9 -100 150 0 0 
10 -100 0.25 0 0 
11 0 0.25 0 0 
12 15.3 0.25 0 0 
13 7.65 0 0 0 
14 7.65 0.25 0 0 
15 0 -1.5 0 0 
16 7.65 -3 0 0 
17 15.3 -1.5 0 0 
18 -8 0 0 0 
19 -8 0.25 0 0 
20 23.3 0 0 0 
21 23.3 0.25 0 0 
22 -100 3.75 0 0 
23 -8 3.75 0 0 
24 23.3 3.75 0 0 
25 1015.3 3.75 0 0 
1 -100 0 0 -8 0 0 1 4 2 1 -18 
2 0 -1.5 0 0 0 0 1 4 2 2 -15 
3 0 -3 0 7.65 -3 0 1 4 2 3 -16 
4 15.3 -3 0 15.3 -1.5 0 1 4 2 4 -17 
5 15.3 0 0 23.3 0 0 1 4 2 5 -20 
6 1015.3 0 0 1015.3 0.25 0 1 2 2 6 -7 
7 1015.3 0.25 0 1015.3 3.75 0 1 2 2 7 -25 
8 -100 150 0 1015.3 150 0 1 3 2 8 -9 
9 -100 3.75 0 -100 150 0 1 1 2 9 -22 
10 -100 0.25 0 -8 0.25 0 0 2 10 -19 
11 -100 0 0 -100 0.25 0 1 1 2 10 -1 
12 0 0.25 0 7.65 0.25 0 0 2 11 -14 
13 15.3 0.25 0 23.3 0.25 0 0 2 12 -21 
14 0 0 0 7.65 0 0 0 2 2 -13 
15 0 -3 0 0 -1.5 0 1 4 2 15 -3 
16 7.65 -3 0 15.3 -3 0 1 4 2 16 -4 
17 15.3 -1.5 0 15.3 0 0 1 4 2 17 -5 
18 7.65 0 0 15.3 0 0 0 2 13 -5 
19 7.65 0.25 0 15.3 0.25 0 0 2 14 -12 
20 -8 0 0 0 0 0 1 4 2 18 -2 
21 23.30000000000001 0 0 1015.3 0 0 1 4 2 20 -6 
22 23.30000000000001 0.25 0 1015.3 0.25 0 0 2 21 -7 
23 -8 0.25 0 0 0.25 0 0 2 19 -11 
24 -100 0.25 0 -100 3.75 0 1 1 2 22 -10 
25 1015.3 3.75 0 1015.3 150 0 1 2 2 25 -8 
26 23.29999999999995 3.75 0 1015.3 3.75 0 0 2 25 -24 
27 -100 3.75 0 -8 3.75 0 0 2 22 -23 
28 -8 0.25 0 -8 3.75 0 0 2 23 -19 
29 23.3 0.25 0 23.3 3.75 0 0 2 24 -21 
1 -100 0 0 1015.3 0.25 0 1 100 14 5 21 6 -22 -13 -19 -12 -23 -10 11 1 20 14 18 
2 0 -3 0 15.3 0 0 1 101 8 2 15 3 16 4 17 -18 -14 
3 -100 0.25 0 1015.3 150 0 1 102 11 23 12 19 13 -29 -26 25 8 9 27 28 
4 -100 0.25 0 -8 3.75 0 1 101 4 -24 27 28 -10 
5 23.29999999999995 0.25 0 1015.3 3.75 0 1 101 4 -29 -26 -7 -22 
$EndEntities
$Nodes
59 6407 1 6407
0 1 0 1
1
-100 0 0
0 2 0 1
2
0 0 0
0 3 0 1
3
0 -3 0
0 4 0 1
4
15.3 -3 0
0 5 0 1
5
15.3 0 0
0 6 0 1
6
1015.3 0 0
0 7 0 1
7
1015.3 0.25 0
0 8 0 1
8
1015.3 150 0
0 9 0 1
9
-100 150 0
0 10 0 1
10
-100 0.25 0
0 11 0 1
11
0 0.25 0
0 12 0 1
12
15.3 0.25 0
0 13 0 1
13
7.65 0 0
0 14 0 1
14
7.65 0.25 0
0 15 0 1
15
0 -1.5 0
0 16 0 1
16
7.65 -3 0
0 17 0 1
17
15.3 -1.5 0
0 18 0 1
18
-8 0 0
0 19 0 1
19
-8 0.25 0
0 20 0 1
20
23.3 0 0
0 21 0 1
21
23.3 0.25 0
0 22 0 1
22
-100 3.75 0
0 23 0 1
23
-8 3.75 0
0 24 0 1
24
23.3 3.75 0
0 25 0 1
25
1015.3 3.75 0
1 1 0 42
26
27
28
29
30
31
32
33
34
35
36
37
38
39
40
41
42
43
44
45
46
47
48
49
50
51
52
53
54
55
56
57
58
59
60
61
62
63
64
65
66
67
-97.37815078444656 0 0
-94.78252005661764 0 0
-92.21284563433379 0 0
-89.66886795439586 0 0
-87.15033005468914 0 0
-84.65697753578264 0 0
-82.18855853744789 0 0
-79.74482372890807 0 0
-77.32552627224484 0 0
-74.93042179319056 0 0
-72.55926835941875 0 0
-70.21182645915931 0 0
-67.88785897351963 0 0
-65.58713116303223 0 0
-63.30941063383505 0 0
-61.05446731159504 0 0
-58.822073422496 0 0
-56.61200346797407 0 0
-54.42403421355375 0 0
-52.25794465050966 0 0
-50.11351597905517 0 0
-47.99053159833917 0 0
-45.88877706268672 0 0
-43.80804007294434 0 0
-41.74811045400076 0 0
-39.70878012633915 0 0
-37.68984310522756 0 0
-35.69109545893041 0 0
-33.7123352884874 0 0
-31.7533627211956 0 0
-29.81397987714774 0 0
-27.89399085690435 0 0
-25.99320172935012 0 0
-24.11142049245036 0 0
-22.24845706228903 0 0
-20.40412326888406 0 0
-18.57823281813606 0 0
-16.77060126812385 0 0
-14.98104603324309 0 0
-13.20938635390576 0 0
-11.4554432672083 0 0
-9.719039612037918 0 0
1 2 0 11
68
69
70
71
72
73
74
75
76
77
78
0 -0.06559856140231965 0
0 -0.1384858506972996 0
0 -0.2194717274863448 0
0 -0.3094560358182175 0
0 -0.4094386005780659 0
0 -0.5205303385453138 0
0 -0.6439656022258037 0
0 -0.7811158958483198 0
0 -0.933505111439473 0
0 -1.102826462179789 0
0 -1.290961296283216 0
1 3 0 15
79
80
81
82
83
84
85
86
87
88
89
90
91
92
93
0.06370602586585533 -3 0
0.1423663989086838 -3 0
0.2394914943098421 -3 0
0.3594157217991683 -3 0
0.5074909629867911 -3 0
0.6903253757523342 -3 0
0.9160783232959261 -3 0
1.194824507923495 -3 0
1.539003541538295 -3 0
1.963975129495858 -3 0
2.488704523652885 -3 0
3.136608873355652 -3 0
3.936602231184777 -3 0
4.924385974746345 -3 0
6.144042002383059 -3 0
1 4 0 11
94
95
96
97
98
99
100
101
102
103
104
15.3 -2.934401438628218 0
15.3 -2.861514149370603 0
15.3 -2.780528272626817 0
15.3 -2.690543964349429 0
15.3 -2.590561399654847 0
15.3 -2.479469661765298 0
15.3 -2.3560343981769 0
15.3 -2.218884104663346 0
15.3 -2.066494889201317 0
15.3 -1.8971735386125 0
15.3 -1.709038704686326 0
1 5 0 25
105
106
107
108
109
110
111
112
113
114
115
116
117
118
119
120
121
122
123
124
125
126
127
128
129
15.36139887086819 0 0
15.42961983187678 0 0
15.5054209019263 0 0
15.58964431828457 0 0
15.68322589444375 0 0
15.78720542124966 0 0
15.90273822792749 0 0
16.03110801493105 0 0
16.17374111105214 0 0
16.33222232858628 0 0
16.50831256894115 0 0
16.70396839160717 0 0
16.92136375296846 0 0
17.16291415516176 0 0
17.43130348758319 0 0
17.72951385554307 0 0
18.06085870867359 0 0
18.42901965657548 0 0
18.83808737419692 0 0
19.29260706202659 0 0
19.79762893830041 0 0
20.35876435390513 0 0
20.98224815083901 0 0
21.67500792800405 0 0
22.44474101615037 0 0
1 6 0 1
130
1015.3 0.08333333364356656 0
1 7 0 2
131
132
1015.3 0.6089743686713268 0
1015.3 1.506410258758808 0
1 8 0 33
133
134
135
136
137
138
139
140
141
142
143
144
145
146
147
148
149
150
151
152
153
154
155
156
157
158
159
160
161
162
163
164
165
982.4970588235601 150 0
949.6941176471973 150 0
916.8911764708071 150 0
884.0882352943737 150 0
851.285294117956 150 0
818.4823529415919 150 0
785.6794117652317 150 0
752.8764705888141 150 0
720.0735294124407 150 0
687.2705882360674 150 0
654.4676470596812 150 0
621.6647058832987 150 0
588.8617647069254 150 0
556.0588235305522 150 0
523.2558823541671 150 0
490.4529411778279 150 0
457.6500000014104 150 0
424.8470588248698 150 0
392.0441176482743 150 0
359.2411764716777 150 0
326.4382352951136 150 0
293.6352941185522 150 0
260.8323529420026 150 0
228.0294117654346 150 0
195.2264705888864 150 0
162.423529412368 150 0
129.6205882358197 150 0
96.81764705925184 150 0
64.01470588270217 150 0
31.21176470614068 150 0
-1.591176470423306 150 0
-34.39411764697411 150 0
-67.19705882347671 150 0
1 9 0 10
166
167
168
169
170
171
172
173
174
175
-100 118.0013358388749 0
-100 92.40240446935607 0
-100 71.92325935088901 0
-100 55.53994313122593 0
-100 42.43329018160613 0
-100 31.94796775765479 0
-100 23.55970984317716 0
-100 16.8491036351063 0
-100 11.48061855653569 0
-100 7.185830365230487 0
1 10 0 42
176
177
178
179
180
181
182
183
184
185
186
187
188
189
190
191
192
193
194
195
196
197
198
199
200
201
202
203
204
205
206
207
208
209
210
211
212
213
214
215
216
217
-97.37815078444656 0.25 0
-94.78252005661764 0.25 0
-92.21284563433379 0.25 0
-89.66886795439586 0.25 0
-87.15033005468914 0.25 0
-84.65697753578264 0.25 0
-82.18855853744789 0.25 0
-79.74482372890807 0.25 0
-77.32552627224484 0.25 0
-74.93042179319056 0.25 0
-72.55926835941875 0.25 0
-70.21182645915931 0.25 0
-67.88785897351963 0.25 0
-65.58713116303223 0.25 0
-63.30941063383505 0.25 0
-61.05446731159504 0.25 0
-58.822073422496 0.25 0
-56.61200346797407 0.25 0
-54.42403421355375 0.25 0
-52.25794465050966 0.25 0
-50.11351597905517 0.25 0
-47.99053159833917 0.25 0
-45.88877706268672 0.25 0
-43.80804007294434 0.25 0
-41.74811045400076 0.25 0
-39.70878012633915 0.25 0
-37.68984310522756 0.25 0
-35.69109545893041 0.25 0
-33.7123352884874 0.25 0
-31.7533627211956 0.25 0
-29.81397987714774 0.25 0
-27.89399085690435 0.25 0
-25.99320172935012 0.25 0
-24.11142049245036 0.25 0
-22.24845706228903 0.25 0
-20.40412326888406 0.25 0
-18.57823281813606 0.25 0
-16.77060126812385 0.25 0
-14.98104603324309 0.25 0
-13.20938635390576 0.25 0
-11.4554432672083 0.25 0
-9.719039612037918 0.25 0
1 11 0 1
218
-100 0.08333333271279861 0
1 12 0 15
219
220
221
222
223
224
225
226
227
228
229
230
231
232
233
0.06370602586585533 0.25 0
0.1423663989086838 0.25 0
0.2394914943098421 0.25 0
0.3594157217991683 0.25 0
0.5074909629867911 0.25 0
0.6903253757523342 0.25 0
0.9160783232959261 0.25 0
1.194824507923495 0.25 0
1.539003541538295 0.25 0
1.963975129495858 0.25 0
2.488704523652885 0.25 0
3.136608873355652 0.25 0
3.936602231184777 0.25 0
4.924385974746345 0.25 0
6.144042002383059 0.25 0
1 13 0 25
234
235
236
237
238
239
240
241
242
243
244
245
246
247
248
249
250
251
252
253
254
255
256
257
258
15.36139887086819 0.25 0
15.42961983187678 0.25 0
15.5054209019263 0.25 0
15.58964431828457 0.25 0
15.68322589444375 0.25 0
15.78720542124966 0.25 0
15.90273822792749 0.25 0
16.03110801493105 0.25 0
16.17374111105214 0.25 0
16.33222232858628 0.25 0
16.50831256894115 0.25 0
16.70396839160717 0.25 0
16.92136375296846 0.25 0
17.16291415516176 0.25 0
17.43130348758319 0.25 0
17.72951385554307 0.25 0
18.06085870867359 0.25 0
18.42901965657548 0.25 0
18.83808737419692 0.25 0
19.29260706202659 0.25 0
19.79762893830041 0.25 0
20.35876435390513 0.25 0
20.98224815083901 0.25 0
21.67500792800405 0.25 0
22.44474101615037 0.25 0
1 14 0 15
259
260
261
262
263
264
265
266
267
268
269
270
271
272
273
0.06370602586585533 0 0
0.1423663989086838 0 0
0.2394914943098421 0 0
0.3594157217991683 0 0
0.5074909629867911 0 0
0.6903253757523342 0 0
0.9160783232959261 0 0
1.194824507923495 0 0
1.539003541538295 0 0
1.963975129495858 0 0
2.488704523652885 0 0
3.136608873355652 0 0
3.936602231184777 0 0
4.924385974746345 0 0
6.144042002383059 0 0
1 15 0 11
274
275
276
277
278
279
280
281
282
283
284
0 -1.709038703714344 0
0 -1.897173537816693 0
0 -2.066494888556713 0
0 -2.218884104147663 0
0 -2.356034397770799 0
0 -2.479469661452021 0
0 -2.590561399419888 0
0 -2.69054396418026 0
0 -2.780528272512627 0
0 -2.861514149302089 0
0 -2.934401438597386 0
1 16 0 20
285
286
287
288
289
290
291
292
293
294
295
296
297
298
299
300
301
302
303
304
8.730912343050331 -3 0
9.666452138268991 -3 0
10.47617062144781 -3 0
11.17698958464044 -3 0
11.78355499094436 -3 0
12.30854305141288 -3 0
12.76292515131543 -3 0
13.15619712964597 -3 0
13.49657772269159 -3 0
13.79118032628814 -3 0
14.04616165341964 -3 0
14.26685039607931 -3 0
14.45785857703758 -3 0
14.62317795268775 -3 0
14.76626342944011 -3 0
14.89010525366241 -3 0
14.99729151014823 -3 0
15.09006221841866 -3 0
15.1703561439673 -3 0
15.23985129301727 -3 0
1 17 0 11
305
306
307
308
309
310
311
312
313
314
315
15.3 -1.290961296285457 0
15.3 -1.102826462182948 0
15.3 -0.9335051114432827 0
15.3 -0.7811158958532562 0
15.3 -0.6439656022301156 0
15.3 -0.5205303385486842 0
15.3 -0.4094386005806405 0
15.3 -0.3094560358201215 0
15.3 -0.2194717274876294 0
15.3 -0.1384858506980653 0
15.3 -0.06559856140268261 0
1 18 0 20
316
317
318
319
320
321
322
323
324
325
326
327
328
329
330
331
332
333
334
335
8.730912343050331 0 0
9.666452138268991 0 0
10.47617062144781 0 0
11.17698958464044 0 0
11.78355499094436 0 0
12.30854305141288 0 0
12.76292515131543 0 0
13.15619712964597 0 0
13.49657772269159 0 0
13.79118032628814 0 0
14.04616165341964 0 0
14.26685039607931 0 0
14.45785857703758 0 0
14.62317795268775 0 0
14.76626342944011 0 0
14.89010525366241 0 0
14.99729151014823 0 0
15.09006221841866 0 0
15.1703561439673 0 0
15.23985129301727 0 0
1 19 0 20
336
337
338
339
340
341
342
343
344
345
346
347
348
349
350
351
352
353
354
355
8.730912343050331 0.25 0
9.666452138268991 0.25 0
10.47617062144781 0.25 0
11.17698958464044 0.25 0
11.78355499094436 0.25 0
12.30854305141288 0.25 0
12.76292515131543 0.25 0
13.15619712964597 0.25 0
13.49657772269159 0.25 0
13.79118032628814 0.25 0
14.04616165341964 0.25 0
14.26685039607931 0.25 0
14.45785857703758 0.25 0
14.62317795268775 0.25 0
14.76626342944011 0.25 0
14.89010525366241 0.25 0
14.99729151014823 0.25 0
15.09006221841866 0.25 0
15.1703561439673 0.25 0
15.23985129301727 0.25 0
1 20 0 14
356
357
358
359
360
361
362
363
364
365
366
367
368
369
-6.341652079869036 0 0
-5.01497373494099 0 0
-3.953631063057665 0 0
-3.104556921181095 0 0
-2.425297599075961 0 0
-1.881890143741698 0 0
-1.447164189085495 0 0
-1.099383426161848 0 0
-0.8211588138148889 0 0
-0.5985791233905262 0 0
-0.4205153690241437 0 0
-0.2780643607306086 0 0
-0.1641035566132647 0 0
-0.07293491851229295 0 0
1 21 0 383
370
371
372
373
374
375
376
377
378
379
380
381
382
383
384
385
386
387
388
389
390
391
392
393
394
395
396
397
398
399
400
401
402
403
404
405
406
407
408
409
410
411
412
413
414
415
416
417
418
419
420
421
422
423
424
425
426
427
428
429
430
431
432
433
434
435
436
437
438
439
440
441
442
443
444
445
446
447
448
449
450
451
452
453
454
455
456
457
458
459
460
461
462
463
464
465
466
467
468
469
470
471
472
473
474
475
476
477
478
479
480
481
482
483
484
485
486
487
488
489
490
491
492
493
494
495
496
497
498
499
500
501
502
503
504
505
506
507
508
509
510
511
512
513
514
515
516
517
518
519
520
521
522
523
524
525
526
527
528
529
530
531
532
533
534
535
536
537
538
539
540
541
542
543
544
545
546
547
548
549
550
551
552
553
554
555
556
557
558
559
560
561
562
563
564
565
566
567
568
569
570
571
572
573
574
575
576
577
578
579
580
581
582
583
584
585
586
587
588
589
590
591
592
593
594
595
596
597
598
599
600
601
602
603
604
605
606
607
608
609
610
611
612
613
614
615
616
617
618
619
620
621
622
623
624
625
626
627
628
629
630
631
632
633
634
635
636
637
638
639
640
641
642
643
644
645
646
647
648
649
650
651
652
653
654
655
656
657
658
659
660
661
662
663
664
665
666
667
668
669
670
671
672
673
674
675
676
677
678
679
680
681
682
683
684
685
686
687
688
689
690
691
692
693
694
695
696
697
698
699
700
701
702
703
704
705
706
707
708
709
710
711
712
713
714
715
716
717
718
719
720
721
722
723
724
725
726
727
728
729
730
731
732
733
734
735
736
737
738
739
740
741
742
743
744
745
746
747
748
749
750
751
752
24.1515579664045 0 0
25.00739509578194 0 0
25.86753290726437 0 0
26.73199302530605 0 0
27.60079714315112 0 0
28.47396709819363 0 0
29.35152483620396 0 0
30.23349241224037 0 0
31.11989199193953 0 0
32.01074585244422 0 0
32.90607638371079 0 0
33.80590605240624 0 0
34.71025747695529 0 0
35.61915339219732 0 0
36.53261661293769 0 0
37.45067010939222 0 0
38.37333693445113 0 0
39.30064026135078 0 0
40.23260342246793 0 0
41.16924983624011 0 0
42.11060300818677 0 0
43.05668656898759 0 0
44.00752431294082 0 0
44.96314016233671 0 0
45.92355809442137 0 0
46.88880225323392 0 0
47.85889691474982 0 0
48.83386641312873 0 0
49.81373525332201 0 0
50.79852803845286 0 0
51.78826950760507 0 0
52.78298457473544 0 0
53.78269821866408 0 0
54.78743552089111 0 0
55.79722174121305 0 0
56.81208228220707 0 0
57.83204265335328 0 0
58.85712843516735 0 0
59.88736539115915 0 0
60.92277943309823 0 0
61.96339654738499 0 0
63.00924290778207 0 0
64.0603448029194 0 0
65.1167286001135 0 0
66.17842085775685 0 0
67.24544825322373 0 0
68.31783758339567 0 0
69.39561580372931 0 0
70.47880999212597 0 0
71.56744738764881 0 0
72.66155531773724 0 0
73.76116127324865 0 0
74.86629287348313 0 0
75.97697790382767 0 0
77.09324428117347 0 0
78.21512001711515 0 0
79.34263333120666 0 0
80.47581254120118 0 0
81.61468610111979 0 0
82.7592826400729 0 0
83.90963092662761 0 0
85.0657598702325 0 0
86.22769852265452 0 0
87.39547604237642 0 0
88.56912176977868 0 0
89.74866522935112 0 0
90.93413605670692 0 0
92.12556403712158 0 0
93.32297906998727 0 0
94.52641124404954 0 0
95.73589083967502 0 0
96.95144821887504 0 0
98.17311393762368 0 0
99.40091867406538 0 0
100.6348932660187 0 0
101.8750687507205 0 0
103.1214762545349 0 0
104.3741471057019 0 0
105.6331127992784 0 0
106.8984049613501 0 0
108.1700553877199 0 0
109.4480960085145 0 0
110.7325589265251 0 0
112.0234764563039 0 0
113.3208810147125 0 0
114.6248051959757 0 0
115.9352817741383 0 0
117.2523436299548 0 0
118.5760238637694 0 0
119.9063557605916 0 0
121.2433727544425 0 0
122.5871084301313 0 0
123.9375965617206 0 0
125.294871077653 0 0
126.6589660618228 0 0
128.0299157928221 0 0
129.4077547083627 0 0
130.7925174441772 0 0
132.1842387988384 0 0
133.5829537352679 0 0
134.9886973826289 0 0
136.4015050378604 0 0
137.8214122416915 0 0
139.2484546698044 0 0
140.6826681336659 0 0
142.1240886940005 0 0
143.5727525886695 0 0
145.0286961972394 0 0
146.4919561167061 0 0
147.9625691268329 0 0
149.4405721543899 0 0
150.9260023122452 0 0
152.418896938092 0 0
153.9192935598479 0 0
155.4272298599483 0 0
156.9427437144905 0 0
158.4658731949768 0 0
159.9966566074884 0 0
161.5351324207335 0 0
163.0813392674614 0 0
164.6353159836793 0 0
166.1971016104671 0 0
167.7667354332247 0 0
169.3442568727453 0 0
170.9297055233789 0 0
172.5231212667892 0 0
174.1245441260254 0 0
175.7340143407768 0 0
177.3515723704064 0 0
178.9772588210474 0 0
180.6111145220181 0 0
182.2531805648328 0 0
183.9034981947843 0 0
185.5621088488725 0 0
187.2290542330231 0 0
188.9043762496503 0 0
190.5881170000706 0 0
192.2803187491437 0 0
193.9810240014395 0 0
195.6902755037015 0 0
197.4081162099058 0 0
199.1345892833837 0 0
200.8697380989616 0 0
202.6136062451161 0 0
204.3662375631934 0 0
206.1276760758751 0 0
207.8979660256868 0 0
209.6771519150108 0 0
211.4652784338576 0 0
213.2623905362175 0 0
215.0685333686087 0 0
216.883752271624 0 0
218.7080928567025 0 0
220.5416009714062 0 0
222.3843227017608 0 0
224.2363043746148 0 0
226.09759248592 0 0
227.9682337764766 0 0
229.8482752721346 0 0
231.7377642117545 0 0
233.6367480867028 0 0
235.5452746062695 0 0
237.4633916997774 0 0
239.3911475561303 0 0
241.3285906263314 0 0
243.2757695889722 0 0
245.2327333894643 0 0
247.1995312059376 0 0
249.1762124140412 0 0
251.162826700697 0 0
253.1594239930046 0 0
255.1660544231003 0 0
257.1827684049185 0 0
259.2096166368768 0 0
261.2466500304888 0 0
263.2939197493904 0 0
265.3514772495037 0 0
267.4193742443807 0 0
269.4976627079873 0 0
271.586394840086 0 0
273.6856231057333 0 0
275.7954002381222 0 0
277.9157792781177 0 0
280.0468135034167 0 0
282.1885564303355 0 0
284.3410618911964 0 0
286.5043839628038 0 0
288.6785770060837 0 0
290.863695632018 0 0
293.059794740953 0 0
295.2669295259944 0 0
297.4851554382627 0 0
299.7145282270062 0 0
301.955103905269 0 0
304.2069387526288 0 0
306.4700893550003 0 0
308.7446125707393 0 0
311.030565533071 0 0
313.3280056903315 0 0
315.6369907717635 0 0
317.9575787903825 0 0
320.2898280458634 0 0
322.6337971644984 0 0
324.9895450284038 0 0
327.3571308147794 0 0
329.736614036674 0 0
332.1280544715177 0 0
334.5315122011899 0 0
336.9470475780158 0 0
339.3747213015552 0 0
341.8145944224343 0 0
344.2667282339452 0 0
346.7311843118577 0 0
349.2080245916714 0 0
351.6973112980741 0 0
354.1991069844516 0 0
356.7134744998119 0 0
359.2404770279719 0 0
361.7801780919463 0 0
364.3326414449937 0 0
366.8979312221274 0 0
369.47611190679 0 0
372.0672482968066 0 0
374.6714054707352 0 0
377.2886488646407 0 0
379.919044239235 0 0
382.5626576822362 0 0
385.2195556126058 0 0
387.8898047829559 0 0
390.573472283838 0 0
393.270625546201 0 0
395.9813323457302 0 0
398.705660768309 0 0
401.4436792881318 0 0
404.1954566969133 0 0
406.9610621442644 0 0
409.7405651043701 0 0
412.534035416046 0 0
415.341543286889 0 0
418.163159222244 0 0
420.9989541398067 0 0
423.8489992997581 0 0
426.7133662704873 0 0
429.5921270436465 0 0
432.4853539639954 0 0
435.3931196955766 0 0
438.3154972994334 0 0
441.2525602376309 0 0
444.20438230284 0 0
447.1710376216699 0 0
450.1526007695447 0 0
453.1491466640647 0 0
456.1607505676837 0 0
459.1874881663625 0 0
462.2294354989499 0 0
465.2866689981063 0 0
468.3592654571598 0 0
471.4473021077609 0 0
474.5508565504969 0 0
477.6700067207167 0 0
480.804831004069 0 0
483.9554081664544 0 0
487.1218173947844 0 0
490.3041382273672 0 0
493.5024505939788 0 0
496.716834894874 0 0
499.9473718934678 0 0
503.1941427572492 0 0
506.4572290620366 0 0
509.7367127588523 0 0
513.0326762519701 0 0
516.3452024036399 0 0
519.6743744269634 0 0
523.0202759636634 0 0
526.3829910888772 0 0
529.7626042778777 0 0
533.1592004476265 0 0
536.5728649238906 0 0
540.0036834824991 0 0
543.4517423539495 0 0
546.9171281535815 0 0
550.3999279225573 0 0
553.9002292066599 0 0
557.4181199498898 0 0
560.9536885351728 0 0
564.5070237895352 0 0
568.0782149878276 0 0
571.6673518950192 0 0
575.2745246592174 0 0
578.8998239270056 0 0
582.5433407746997 0 0
586.2051667489134 0 0
589.8853938723477 0 0
593.5841145732857 0 0
597.3014218018509 0 0
601.0374089977345 0 0
604.7921700209117 0 0
608.5657991557486 0 0
612.3583912270248 0 0
616.1700415681752 0 0
620.0008459517803 0 0
623.8509005941854 0 0
627.7203022342489 0 0
631.6091481017284 0 0
635.5175359216414 0 0
639.4455638827213 0 0
643.3933306785297 0 0
647.3609355134054 0 0
651.3484780325066 0 0
655.3560584382374 0 0
659.3837774585226 0 0
663.4317362777048 0 0
667.50003657825 0 0
671.5887806202757 0 0
675.69807113589 0 0
679.8280113335936 0 0
683.9787049779195 0 0
688.150256394666 0 0
692.3427704024282 0 0
696.5563523171563 0 0
700.7911079949175 0 0
705.0471438369009 0 0
709.3245667952115 0 0
713.623484340913 0 0
717.9440045065736 0 0
722.286235854761 0 0
726.650287446211 0 0
731.0362689191688 0 0
735.4442904954268 0 0
739.8744629486154 0 0
744.3268975728996 0 0
748.8017062250806 0 0
753.2990013678382 0 0
757.8188960011471 0 0
762.3615036678218 0 0
766.9269384961497 0 0
771.5153152058966 0 0
776.1267490769353 0 0
780.7613559920096 0 0
785.4192524058207 0 0
790.1005553134164 0 0
794.8053823671846 0 0
799.5338517723443 0 0
804.2860823288194 0 0
809.0621934383406 0 0
813.8623051093554 0 0
818.6865379642181 0 0
823.5350131701022 0 0
828.4078525566773 0 0
833.3051785852724 0 0
838.2271143180883 0 0
843.1737833870789 0 0
848.1453100740302 0 0
853.1418193173245 0 0
858.1634366439202 0 0
863.2102882125172 0 0
868.2825008571484 0 0
873.3802020196656 0 0
878.5035197556364 0 0
883.6525828151206 0 0
888.8275205753091 0 0
894.028463046555 0 0
899.2555409162624 0 0
904.5088855183311 0 0
909.7886288397274 0 0
915.0949035270839 0 0
920.4278428933568 0 0
925.7875809245326 0 0
931.1742523234313 0 0
936.587992442794 0 0
942.0289372913978 0 0
947.4972235783888 0 0
952.9929886828168 0 0
958.5163706977064 0 0
964.0675084000685 0 0
969.6465412576467 0 0
975.2536094360926 0 0
980.88885384286 0 0
986.5524160607604 0 0
992.2444383912288 0 0
997.9650638624455 0 0
1003.714436198615 0 0
1009.492699864872 0 0
1 22 0 383
753
754
755
756
757
758
759
760
761
762
763
764
765
766
767
768
769
770
771
772
773
774
775
776
777
778
779
780
781
782
783
784
785
786
787
788
789
790
791
792
793
794
795
796
797
798
799
800
801
802
803
804
805
806
807
808
809
810
811
812
813
814
815
816
817
818
819
820
821
822
823
824
825
826
827
828
829
830
831
832
833
834
835
836
837
838
839
840
841
842
843
844
845
846
847
848
849
850
851
852
853
854
855
856
857
858
859
860
861
862
863
864
865
866
867
868
869
870
871
872
873
874
875
876
877
878
879
880
881
882
883
884
885
886
887
888
889
890
891
892
893
894
895
896
897
898
899
900
901
902
903
904
905
906
907
908
909
910
911
912
913
914
915
916
917
918
919
920
921
922
923
924
925
926
927
928
929
930
931
932
933
934
935
936
937
938
939
940
941
942
943
944
945
946
947
948
949
950
951
952
953
954
955
956
957
958
959
960
961
962
963
964
965
966
967
968
969
970
971
972
973
974
975
976
977
978
979
980
981
982
983
984
985
986
987
988
989
990
991
992
993
994
995
996
997
998
999
1000
1001
1002
1003
1004
1005
1006
1007
1008
1009
1010
1011
1012
1013
1014
1015
1016
1017
1018
1019
1020
1021
1022
1023
1024
1025
1026
1027
1028
1029
1030
1031
1032
1033
1034
1035
1036
1037
1038
1039
1040
1041
1042
1043
1044
1045
1046
1047
1048
1049
1050
1051
1052
1053
1054
1055
1056
1057
1058
1059
1060
1061
1062
1063
1064
1065
1066
1067
1068
1069
1070
1071
1072
1073
1074
1075
1076
1077
1078
1079
1080
1081
1082
1083
1084
1085
1086
1087
1088
1089
1090
1091
1092
1093
1094
1095
1096
1097
1098
1099
1100
1101
1102
1103
1104
1105
1106
1107
1108
1109
1110
1111
1112
1113
1114
1115
1116
1117
1118
1119
1120
1121
1122
1123
1124
1125
1126
1127
1128
1129
1130
1131
1132
1133
1134
1135
24.1515579664045 0.25 0
25.00739509578194 0.25 0
25.86753290726437 0.25 0
26.73199302530605 0.25 0
27.60079714315112 0.25 0
28.47396709819363 0.25 0
29.35152483620396 0.25 0
30.23349241224037 0.25 0
31.11989199193953 0.25 0
32.01074585244422 0.25 0
32.90607638371079 0.25 0
33.80590605240624 0.25 0
34.71025747695529 0.25 0
35.61915339219732 0.25 0
36.53261661293769 0.25 0
37.45067010939222 0.25 0
38.37333693445113 0.25 0
39.30064026135078 0.25 0
40.23260342246793 0.25 0
41.16924983624011 0.25 0
42.11060300818677 0.25 0
43.05668656898759 0.25 0
44.00752431294082 0.25 0
44.96314016233671 0.25 0
45.92355809442137 0.25 0
46.88880225323392 0.25 0
47.85889691474982 0.25 0
48.83386641312873 0.25 0
49.81373525332201 0.25 0
50.79852803845286 0.25 0
51.78826950760507 0.25 0
52.78298457473544 0.25 0
53.78269821866408 0.25 0
54.78743552089111 0.25 0
55.79722174121305 0.25 0
56.81208228220707 0.25 0
57.83204265335328 0.25 0
58.85712843516735 0.25 0
59.88736539115915 0.25 0
60.92277943309823 0.25 0
61.96339654738499 0.25 0
63.00924290778207 0.25 0
64.0603448029194 0.25 0
65.1167286001135 0.25 0
66.17842085775685 0.25 0
67.24544825322373 0.25 0
68.31783758339567 0.25 0
69.39561580372931 0.25 0
70.47880999212597 0.25 0
71.56744738764881 0.25 0
72.66155531773724 0.25 0
73.76116127324865 0.25 0
74.86629287348313 0.25 0
75.97697790382767 0.25 0
77.09324428117347 0.25 0
78.21512001711515 0.25 0
79.34263333120666 0.25 0
80.47581254120118 0.25 0
81.61468610111979 0.25 0
82.7592826400729 0.25 0
83.90963092662761 0.25 0
85.0657598702325 0.25 0
86.22769852265452 0.25 0
87.39547604237642 0.25 0
88.56912176977868 0.25 0
89.74866522935112 0.25 0
90.93413605670692 0.25 0
92.12556403712158 0.25 0
93.32297906998727 0.25 0
94.52641124404954 0.25 0
95.73589083967502 0.25 0
96.95144821887504 0.25 0
98.17311393762368 0.25 0
99.40091867406538 0.25 0
100.6348932660187 0.25 0
101.8750687507205 0.25 0
103.1214762545349 0.25 0
104.3741471057019 0.25 0
105.6331127992784 0.25 0
106.8984049613501 0.25 0
108.1700553877199 0.25 0
109.4480960085145 0.25 0
110.7325589265251 0.25 0
112.0234764563039 0.25 0
113.3208810147125 0.25 0
114.6248051959757 0.25 0
115.9352817741383 0.25 0
117.2523436299548 0.25 0
118.5760238637694 0.25 0
119.9063557605916 0.25 0
121.2433727544425 0.25 0
122.5871084301313 0.25 0
123.9375965617206 0.25 0
125.294871077653 0.25 0
126.6589660618228 0.25 0
128.0299157928221 0.25 0
129.4077547083627 0.25 0
130.7925174441772 0.25 0
132.1842387988384 0.25 0
133.5829537352679 0.25 0
134.9886973826289 0.25 0
136.4015050378604 0.25 0
137.8214122416915 0.25 0
139.2484546698044 0.25 0
140.6826681336659 0.25 0
142.1240886940005 0.25 0
143.5727525886695 0.25 0
145.0286961972394 0.25 0
146.4919561167061 0.25 0
147.9625691268329 0.25 0
149.4405721543899 0.25 0
150.9260023122452 0.25 0
152.418896938092 0.25 0
153.9192935598479 0.25 0
155.4272298599483 0.25 0
156.9427437144905 0.25 0
158.4658731949768 0.25 0
159.9966566074884 0.25 0
161.5351324207335 0.25 0
163.0813392674614 0.25 0
164.6353159836793 0.25 0
166.1971016104671 0.25 0
167.7667354332247 0.25 0
169.3442568727453 0.25 0
170.9297055233789 0.25 0
172.5231212667892 0.25 0
174.1245441260254 0.25 0
175.7340143407768 0.25 0
177.3515723704064 0.25 0
178.9772588210474 0.25 0
180.6111145220181 0.25 0
182.2531805648328 0.25 0
183.9034981947843 0.25 0
185.5621088488725 0.25 0
187.2290542330231 0.25 0
188.9043762496503 0.25 0
190.5881170000706 0.25 0
192.2803187491437 0.25 0
193.9810240014395 0.25 0
195.6902755037015 0.25 0
197.4081162099058 0.25 0
199.1345892833837 0.25 0
200.8697380989616 0.25 0
202.6136062451161 0.25 0
204.3662375631934 0.25 0
206.1276760758751 0.25 0
207.8979660256868 0.25 0
209.6771519150108 0.25 0
211.4652784338576 0.25 0
213.2623905362175 0.25 0
215.0685333686087 0.25 0
216.883752271624 0.25 0
218.7080928567025 0.25 0
220.5416009714062 0.25 0
222.3843227017608 0.25 0
224.2363043746148 0.25 0
226.09759248592 0.25 0
227.9682337764766 0.25 0
229.8482752721346 0.25 0
231.7377642117545 0.25 0
233.6367480867028 0.25 0
235.5452746062695 0.25 0
237.4633916997774 0.25 0
239.3911475561303 0.25 0
241.3285906263314 0.25 0
243.2757695889722 0.25 0
245.2327333894643 0.25 0
247.1995312059376 0.25 0
249.1762124140412 0.25 0
251.162826700697 0.25 0
253.1594239930046 0.25 0
255.1660544231003 0.25 0
257.1827684049185 0.25 0
259.2096166368768 0.25 0
261.2466500304888 0.25 0
263.2939197493904 0.25 0
265.3514772495037 0.25 0
267.4193742443807 0.25 0
269.4976627079873 0.25 0
271.586394840086 0.25 0
273.6856231057333 0.25 0
275.7954002381222 0.25 0
277.9157792781177 0.25 0
280.0468135034167 0.25 0
282.1885564303355 0.25 0
284.3410618911964 0.25 0
286.5043839628038 0.25 0
288.6785770060837 0.25 0
290.863695632018 0.25 0
293.059794740953 0.25 0
295.2669295259944 0.25 0
297.4851554382627 0.25 0
299.7145282270062 0.25 0
301.955103905269 0.25 0
304.2069387526288 0.25 0
306.4700893550003 0.25 0
308.7446125707393 0.25 0
311.030565533071 0.25 0
313.3280056903315 0.25 0
315.6369907717635 0.25 0
317.9575787903825 0.25 0
320.2898280458634 0.25 0
322.6337971644984 0.25 0
324.9895450284038 0.25 0
327.3571308147794 0.25 0
329.736614036674 0.25 0
332.1280544715177 0.25 0
334.5315122011899 0.25 0
336.9470475780158 0.25 0
339.3747213015552 0.25 0
341.8145944224343 0.25 0
344.2667282339452 0.25 0
346.7311843118577 0.25 0
349.2080245916714 0.25 0
351.6973112980741 0.25 0
354.1991069844516 0.25 0
356.7134744998119 0.25 0
359.2404770279719 0.25 0
361.7801780919463 0.25 0
364.3326414449937 0.25 0
366.8979312221274 0.25 0
369.47611190679 0.25 0
372.0672482968066 0.25 0
374.6714054707352 0.25 0
377.2886488646407 0.25 0
379.919044239235 0.25 0
382.5626576822362 0.25 0
385.2195556126058 0.25 0
387.8898047829559 0.25 0
390.573472283838 0.25 0
393.270625546201 0.25 0
395.9813323457302 0.25 0
398.705660768309 0.25 0
401.4436792881318 0.25 0
404.1954566969133 0.25 0
406.9610621442644 0.25 0
409.7405651043701 0.25 0
412.534035416046 0.25 0
415.341543286889 0.25 0
418.163159222244 0.25 0
420.9989541398067 0.25 0
423.8489992997581 0.25 0
426.7133662704873 0.25 0
429.5921270436465 0.25 0
432.4853539639954 0.25 0
435.3931196955766 0.25 0
438.3154972994334 0.25 0
441.2525602376309 0.25 0
444.20438230284 0.25 0
447.1710376216699 0.25 0
450.1526007695447 0.25 0
453.1491466640647 0.25 0
456.1607505676837 0.25 0
459.1874881663625 0.25 0
462.2294354989499 0.25 0
465.2866689981063 0.25 0
468.3592654571598 0.25 0
471.4473021077609 0.25 0
474.5508565504969 0.25 0
477.6700067207167 0.25 0
480.804831004069 0.25 0
483.9554081664544 0.25 0
487.1218173947844 0.25 0
490.3041382273672 0.25 0
493.5024505939788 0.25 0
496.716834894874 0.25 0
499.9473718934678 0.25 0
503.1941427572492 0.25 0
506.4572290620366 0.25 0
509.7367127588523 0.25 0
513.0326762519701 0.25 0
516.3452024036399 0.25 0
519.6743744269634 0.25 0
523.0202759636634 0.25 0
526.3829910888772 0.25 0
529.7626042778777 0.25 0
533.1592004476265 0.25 0
536.5728649238906 0.25 0
540.0036834824991 0.25 0
543.4517423539495 0.25 0
546.9171281535815 0.25 0
550.3999279225573 0.25 0
553.9002292066599 0.25 0
557.4181199498898 0.25 0
560.9536885351728 0.25 0
564.5070237895352 0.25 0
568.0782149878276 0.25 0
571.6673518950192 0.25 0
575.2745246592174 0.25 0
578.8998239270056 0.25 0
582.5433407746997 0.25 0
586.2051667489134 0.25 0
589.8853938723477 0.25 0
593.5841145732857 0.25 0
597.3014218018509 0.25 0
601.0374089977345 0.25 0
604.7921700209117 0.25 0
608.5657991557486 0.25 0
612.3583912270248 0.25 0
616.1700415681752 0.25 0
620.0008459517803 0.25 0
623.8509005941854 0.25 0
627.7203022342489 0.25 0
631.6091481017284 0.25 0
635.5175359216414 0.25 0
639.4455638827213 0.25 0
643.3933306785297 0.25 0
647.3609355134054 0.25 0
651.3484780325066 0.25 0
655.3560584382374 0.25 0
659.3837774585226 0.25 0
663.4317362777048 0.25 0
667.50003657825 0.25 0
671.5887806202757 0.25 0
675.69807113589 0.25 0
679.8280113335936 0.25 0
683.9787049779195 0.25 0
688.150256394666 0.25 0
692.3427704024282 0.25 0
696.5563523171563 0.25 0
700.7911079949175 0.25 0
705.0471438369009 0.25 0
709.3245667952115 0.25 0
713.623484340913 0.25 0
717.9440045065736 0.25 0
722.286235854761 0.25 0
726.650287446211 0.25 0
731.0362689191688 0.25 0
735.4442904954268 0.25 0
739.8744629486154 0.25 0
744.3268975728996 0.25 0
748.8017062250806 0.25 0
753.2990013678382 0.25 0
757.8188960011471 0.25 0
762.3615036678218 0.25 0
766.9269384961497 0.25 0
771.5153152058966 0.25 0
776.1267490769353 0.25 0
780.7613559920096 0.25 0
785.4192524058207 0.25 0
790.1005553134164 0.25 0
794.8053823671846 0.25 0
799.5338517723443 0.25 0
804.2860823288194 0.25 0
809.0621934383406 0.25 0
813.8623051093554 0.25 0
818.6865379642181 0.25 0
823.5350131701022 0.25 0
828.4078525566773 0.25 0
833.3051785852724 0.25 0
838.2271143180883 0.25 0
843.1737833870789 0.25 0
848.1453100740302 0.25 0
853.1418193173245 0.25 0
858.1634366439202 0.25 0
863.2102882125172 0.25 0
868.2825008571484 0.25 0
873.3802020196656 0.25 0
878.5035197556364 0.25 0
883.6525828151206 0.25 0
888.8275205753091 0.25 0
894.028463046555 0.25 0
899.2555409162624 0.25 0
904.5088855183311 0.25 0
909.7886288397274 0.25 0
915.0949035270839 0.25 0
920.4278428933568 0.25 0
925.7875809245326 0.25 0
931.1742523234313 0.25 0
936.587992442794 0.25 0
942.0289372913978 0.25 0
947.4972235783888 0.25 0
952.9929886828168 0.25 0
958.5163706977064 0.25 0
964.0675084000685 0.25 0
969.6465412576467 0.25 0
975.2536094360926 0.25 0
980.88885384286 0.25 0
986.5524160607604 0.25 0
992.2444383912288 0.25 0
997.9650638624455 0.25 0
1003.714436198615 0.25 0
1009.492699864872 0.25 0
1 23 0 14
1136
1137
1138
1139
1140
1141
1142
1143
1144
1145
1146
1147
1148
1149
-6.341652079869036 0.25 0
-5.01497373494099 0.25 0
-3.953631063057665 0.25 0
-3.104556921181095 0.25 0
-2.425297599075961 0.25 0
-1.881890143741698 0.25 0
-1.447164189085495 0.25 0
-1.099383426161848 0.25 0
-0.8211588138148889 0.25 0
-0.5985791233905262 0.25 0
-0.4205153690241437 0.25 0
-0.2780643607306086 0.25 0
-0.1641035566132647 0.25 0
-0.07293491851229295 0.25 0
1 24 0 2
1150
1151
-100 1.50641026471989 0
-100 0.6089743698635424 0
1 25 0 10
1152
1153
1154
1155
1156
1157
1158
1159
1160
1161
1015.3 7.185830660888021 0
1015.3 11.48061886021433 0
1015.3 16.84910396803901 0
1015.3 23.55971020098647 0
1015.3 31.94796817867106 0
1015.3 42.43329055812072 0
1015.3 55.5399435000393 0
1015.3 71.92325965393924 0
1015.3 92.40240467022062 0
1015.3 118.0013358676537 0
1 26 0 383
1162
1163
1164
1165
1166
1167
1168
1169
1170
1171
1172
1173
1174
1175
1176
1177
1178
1179
1180
1181
1182
1183
1184
1185
1186
1187
1188
1189
1190
1191
1192
1193
1194
1195
1196
1197
1198
1199
1200
1201
1202
1203
1204
1205
1206
1207
1208
1209
1210
1211
1212
1213
1214
1215
1216
1217
1218
1219
1220
1221
1222
1223
1224
1225
1226
1227
1228
1229
1230
1231
1232
1233
1234
1235
1236
1237
1238
1239
1240
1241
1242
1243
1244
1245
1246
1247
1248
1249
1250
1251
1252
1253
1254
1255
1256
1257
1258
1259
1260
1261
1262
1263
1264
1265
1266
1267
1268
1269
1270
1271
1272
1273
1274
1275
1276
1277
1278
1279
1280
1281
1282
1283
1284
1285
1286
1287
1288
1289
1290
1291
1292
1293
1294
1295
1296
1297
1298
1299
1300
1301
1302
1303
1304
1305
1306
1307
1308
1309
1310
1311
1312
1313
1314
1315
1316
1317
1318
1319
1320
1321
1322
1323
1324
1325
1326
1327
1328
1329
1330
1331
1332
1333
1334
1335
1336
1337
1338
1339
1340
1341
1342
1343
1344
1345
1346
1347
1348
1349
1350
1351
1352
1353
1354
1355
1356
1357
1358
1359
1360
1361
1362
1363
1364
1365
1366
1367
1368
1369
1370
1371
1372
1373
1374
1375
1376
1377
1378
1379
1380
1381
1382
1383
1384
1385
1386
1387
1388
1389
1390
1391
1392
1393
1394
1395
1396
1397
1398
1399
1400
1401
1402
1403
1404
1405
1406
1407
1408
1409
1410
1411
1412
1413
1414
1415
1416
1417
1418
1419
1420
1421
1422
1423
1424
1425
1426
1427
1428
1429
1430
1431
1432
1433
1434
1435
1436
1437
1438
1439
1440
1441
1442
1443
1444
1445
1446
1447
1448
1449
1450
1451
1452
1453
1454
1455
1456
1457
1458
1459
1460
1461
1462
1463
1464
1465
1466
1467
1468
1469
1470
1471
1472
1473
1474
1475
1476
1477
1478
1479
1480
1481
1482
1483
1484
1485
1486
1487
1488
1489
1490
1491
1492
1493
1494
1495
1496
1497
1498
1499
1500
1501
1502
1503
1504
1505
1506
1507
1508
1509
1510
1511
1512
1513
1514
1515
1516
1517
1518
1519
1520
1521
1522
1523
1524
1525
1526
1527
1528
1529
1530
1531
1532
1533
1534
1535
1536
1537
1538
1539
1540
1541
1542
1543
1544
1009.492699864234 3.75 0
1003.714436197344 3.75 0
997.965063860549 3.75 0
992.2444383887129 3.75 0
986.552416057631 3.75 0
980.8888538391229 3.75 0
975.2536094317549 3.75 0
969.6465412527144 3.75 0
964.0675083945471 3.75 0
958.5163706916026 3.75 0
952.9929886761356 3.75 0
947.4972235711357 3.75 0
942.0289372835806 3.75 0
936.5879924344174 3.75 0
931.1742523145022 3.75 0
925.7875809150567 3.75 0
920.4278428833397 3.75 0
915.0949035165305 3.75 0
909.7886288286427 3.75 0
904.5088855067205 3.75 0
899.2555409041319 3.75 0
894.0284630339117 3.75 0
888.8275205621562 3.75 0
883.6525828014651 3.75 0
878.5035197414823 3.75 0
873.3802020050186 3.75 0
868.2825008420144 3.75 0
863.2102881969018 3.75 0
858.1634366278277 3.75 0
853.1418193007606 3.75 0
848.1453100569996 3.75 0
843.1737833695863 3.75 0
838.2271143001387 3.75 0
833.3051785668717 3.75 0
828.40785253783 3.75 0
823.535013150813 3.75 0
818.6865379444919 3.75 0
813.8623050891971 3.75 0
809.0621934177557 3.75 0
804.2860823078124 3.75 0
799.5338517509194 3.75 0
794.8053823453477 3.75 0
790.1005552911715 3.75 0
785.4192523831714 3.75 0
780.7613559689613 3.75 0
776.126749053493 3.75 0
771.5153151820643 3.75 0
766.9269384719315 3.75 0
762.3615036432227 3.75 0
757.8188959761718 3.75 0
753.2990013424906 3.75 0
748.8017061993655 3.75 0
744.3268975468222 3.75 0
739.8744629221783 3.75 0
735.444290468635 3.75 0
731.0362688920259 3.75 0
726.6502874187216 3.75 0
722.2862358269294 3.75 0
717.9440044784033 3.75 0
713.623484312409 3.75 0
709.3245667663776 3.75 0
705.0471438077404 3.75 0
700.7911079654348 3.75 0
696.5563522873554 3.75 0
692.3427703723128 3.75 0
688.1502563642404 3.75 0
683.9787049471869 3.75 0
679.8280113025577 3.75 0
675.698071104556 3.75 0
671.5887805886455 3.75 0
667.5000365463281 3.75 0
663.4317362454958 3.75 0
659.3837774260289 3.75 0
655.3560584054632 3.75 0
651.3484779994556 3.75 0
647.3609354800803 3.75 0
643.3933306449346 3.75 0
639.4455638488603 3.75 0
635.5175358875179 3.75 0
631.6091480673466 3.75 0
627.7203021996118 3.75 0
623.8509005592962 3.75 0
620.0008459166417 3.75 0
616.1700415327903 3.75 0
612.3583911913971 3.75 0
608.5657991198818 3.75 0
604.7921699848091 3.75 0
601.0374089613997 3.75 0
597.3014217652875 3.75 0
593.584114536496 3.75 0
589.8853938353348 3.75 0
586.2051667116813 3.75 0
582.5433407372509 3.75 0
578.8998238893435 3.75 0
575.2745246213444 3.75 0
571.6673518569396 3.75 0
568.0782149495437 3.75 0
564.5070237510496 3.75 0
560.9536884964892 3.75 0
557.4181199110113 3.75 0
553.9002291675895 3.75 0
550.3999278832985 3.75 0
546.9171281141362 3.75 0
543.4517423143204 3.75 0
540.0036834426896 3.75 0
536.5728648839029 3.75 0
533.159200407463 3.75 0
529.7626042375416 3.75 0
526.3829910483701 3.75 0
523.0202759229896 3.75 0
519.6743743861246 3.75 0
516.3452023626248 3.75 0
513.0326762107773 3.75 0
509.7367127175448 3.75 0
506.4572290204958 3.75 0
503.194142715539 3.75 0
499.9473718515903 3.75 0
496.7168348528314 3.75 0
493.5024505517748 3.75 0
490.3041381850037 3.75 0
487.1218173522647 3.75 0
483.9554081237807 3.75 0
480.8048309612443 3.75 0
477.670006677744 3.75 0
474.5508565073783 3.75 0
471.4473020644991 3.75 0
468.3592654137566 3.75 0
465.2866689545647 3.75 0
462.2294354552722 3.75 0
459.1874881225516 3.75 0
456.1607505237417 3.75 0
453.1491466199944 3.75 0
450.152600725348 3.75 0
447.1710375773494 3.75 0
444.2043822583981 3.75 0
441.2525601930697 3.75 0
438.3154972547551 3.75 0
435.3931196507833 3.75 0
432.4853539190898 3.75 0
429.5921269986308 3.75 0
426.7133662253638 3.75 0
423.848999254529 3.75 0
420.9989540944742 3.75 0
418.1631591768103 3.75 0
415.3415432413558 3.75 0
412.5340353704157 3.75 0
409.7405650586447 3.75 0
406.9610620984462 3.75 0
404.1954566510043 3.75 0
401.4436792421337 3.75 0
398.7056607222243 3.75 0
395.9813322995609 3.75 0
393.2706254999489 3.75 0
390.5734722375051 3.75 0
387.8898047365443 3.75 0
385.2195555661175 3.75 0
382.5626576356731 3.75 0
379.9190441925989 3.75 0
377.2886488179333 3.75 0
374.6714054239587 3.75 0
372.0672482499629 3.75 0
369.4761118598806 3.75 0
366.8979311751547 3.75 0
364.3326413979592 3.75 0
361.7801780448519 3.75 0
359.2404769808193 3.75 0
356.713474452603 3.75 0
354.1991069371875 3.75 0
351.697311250757 3.75 0
349.2080245443032 3.75 0
346.7311842644398 3.75 0
344.2667281864792 3.75 0
341.8145943749223 3.75 0
339.3747212539987 3.75 0
336.9470475304162 3.75 0
334.5315121535486 3.75 0
332.1280544238366 3.75 0
329.7366139889547 3.75 0
327.3571307670232 3.75 0
324.9895449806123 3.75 0
322.6337971166733 3.75 0
320.2898279980063 3.75 0
317.9575787424949 3.75 0
315.636990723847 3.75 0
313.3280056423873 3.75 0
311.0305654851009 3.75 0
308.7446125227443 3.75 0
306.4700893069822 3.75 0
304.2069387045889 3.75 0
301.9551038572088 3.75 0
299.7145281789269 3.75 0
297.485155390166 3.75 0
295.2669294778815 3.75 0
293.0597946928254 3.75 0
290.8636955838771 3.75 0
288.6785769579307 3.75 0
286.5043839146401 3.75 0
284.3410618430232 3.75 0
282.1885563821543 3.75 0
280.0468134552285 3.75 0
277.9157792299236 3.75 0
275.7954001899236 3.75 0
273.6856230575318 3.75 0
271.5863947918825 3.75 0
269.4976626597831 3.75 0
267.4193741961773 3.75 0
265.351477201302 3.75 0
263.2939197011917 3.75 0
261.2466499822945 3.75 0
259.2096165886879 3.75 0
257.1827683567359 3.75 0
255.1660543749256 3.75 0
253.1594239448384 3.75 0
251.1628266525407 3.75 0
249.1762123658959 3.75 0
247.1995311578045 3.75 0
245.2327333413443 3.75 0
243.2757695408663 3.75 0
241.3285905782409 3.75 0
239.3911475080563 3.75 0
237.4633916517206 3.75 0
235.545274558231 3.75 0
233.6367480386838 3.75 0
231.7377641637557 3.75 0
229.8482752241571 3.75 0
227.9682337285216 3.75 0
226.0975924379882 3.75 0
224.2363043267072 3.75 0
222.3843226538787 3.75 0
220.5416009235502 3.75 0
218.7080928088737 3.75 0
216.8837522238233 3.75 0
215.0685333208372 3.75 0
213.2623904884761 3.75 0
211.4652783861471 3.75 0
209.6771518673319 3.75 0
207.8979659780406 3.75 0
206.1276760282624 3.75 0
204.366237515615 3.75 0
202.6136061975728 3.75 0
200.8697380514542 3.75 0
199.134589235913 3.75 0
197.4081161624729 3.75 0
195.6902754563071 3.75 0
193.9810239540843 3.75 0
192.2803187018286 3.75 0
190.5881169527966 3.75 0
188.9043762024178 3.75 0
187.2290541858329 3.75 0
185.5621088017255 3.75 0
183.9034981476813 3.75 0
182.2531805177742 3.75 0
180.611114475005 3.75 0
178.9772587740806 3.75 0
177.3515723234864 3.75 0
175.7340142939042 3.75 0
174.124544079201 3.75 0
172.5231212200138 3.75 0
170.9297054766529 3.75 0
169.3442568260696 3.75 0
167.7667353866 3.75 0
166.1971015638937 3.75 0
164.6353159371586 3.75 0
163.0813392209936 3.75 0
161.5351323743196 3.75 0
159.9966565611287 3.75 0
158.4658731486719 3.75 0
156.9427436682407 3.75 0
155.4272298137543 3.75 0
153.9192935137105 3.75 0
152.4188968920118 3.75 0
150.9260022662235 3.75 0
149.4405721084287 3.75 0
147.9625690809326 3.75 0
146.4919560708686 3.75 0
145.0286961514663 3.75 0
143.572752542961 3.75 0
142.1240886483573 3.75 0
140.6826680880882 3.75 0
139.2484546242929 3.75 0
137.8214121962467 3.75 0
136.4015049924825 3.75 0
134.9886973373186 3.75 0
133.5829536900256 3.75 0
132.1842387536647 3.75 0
130.7925173990724 3.75 0
129.4077546633274 3.75 0
128.0299157478565 3.75 0
126.6589660169274 3.75 0
125.2948710328283 3.75 0
123.9375965169668 3.75 0
122.5871083854487 3.75 0
121.2433727098319 3.75 0
119.9063557160532 3.75 0
118.5760238193035 3.75 0
117.2523435855619 3.75 0
115.9352817298189 3.75 0
114.6248051517297 3.75 0
113.3208809705408 3.75 0
112.0234764122066 3.75 0
110.7325588825028 3.75 0
109.4480959645672 3.75 0
108.1700553438479 3.75 0
106.8984049175536 3.75 0
105.6331127555585 3.75 0
104.3741470620585 3.75 0
103.1214762109682 3.75 0
101.875068707231 3.75 0
100.6348932226067 3.75 0
99.4009186307311 3.75 0
98.17311389436748 3.75 0
96.95144817569735 3.75 0
95.7358907965762 3.75 0
94.52641120102953 3.75 0
93.3229790270467 3.75 0
92.12556399426069 3.75 0
90.93413601392592 3.75 0
89.74866518665044 3.75 0
88.56912172715852 3.75 0
87.39547599983712 3.75 0
86.22769848019607 3.75 0
85.06575982785523 3.75 0
83.9096308843308 3.75 0
82.75928259785701 3.75 0
81.61468605898483 3.75 0
80.47581249914765 3.75 0
79.34263328923475 3.75 0
78.21511997522509 3.75 0
77.09324423936539 3.75 0
75.97697786210222 3.75 0
74.86629283184038 3.75 0
73.76116123168879 3.75 0
72.66155527626017 3.75 0
71.56744734625477 3.75 0
70.47880995081539 3.75 0
69.3956157625023 3.75 0
68.31783754225228 3.75 0
67.24544821216421 3.75 0
66.17842081678145 3.75 0
65.11672855922268 3.75 0
64.06034476211323 3.75 0
63.00924286706061 3.75 0
61.96339650674827 3.75 0
60.92277939254654 3.75 0
59.8873653506929 3.75 0
58.8571283947864 3.75 0
57.83204261305809 3.75 0
56.81208224199759 3.75 0
55.79722170108926 3.75 0
54.78743548085311 3.75 0
53.78269817871217 3.75 0
52.7829845348698 3.75 0
51.78826946782578 3.75 0
50.79852799876005 3.75 0
49.81373521371597 3.75 0
48.83386637360934 3.75 0
47.85889687531755 3.75 0
46.88880221388865 3.75 0
45.92355805516331 3.75 0
44.96314012316589 3.75 0
44.00752427385737 3.75 0
43.05668652999157 3.75 0
42.11060296927849 3.75 0
41.1692497974193 3.75 0
40.23260338373507 3.75 0
39.30064022270574 3.75 0
38.37333689589423 3.75 0
37.45067007092371 3.75 0
36.53261657455755 3.75 0
35.61915335390586 3.75 0
34.71025743875225 3.75 0
33.80590601429208 3.75 0
32.90607634568516 3.75 0
32.01074581450735 3.75 0
31.11989195409149 3.75 0
30.23349237448122 3.75 0
29.35152479853377 3.75 0
28.47396706061227 3.75 0
27.6007971056589 3.75 0
26.73199298790269 3.75 0
25.86753286994986 3.75 0
25.00739505855643 3.75 0
24.15155792926805 3.75 0
1 27 0 42
1545
1546
1547
1548
1549
1550
1551
1552
1553
1554
1555
1556
1557
1558
1559
1560
1561
1562
1563
1564
1565
1566
1567
1568
1569
1570
1571
1572
1573
1574
1575
1576
1577
1578
1579
1580
1581
1582
1583
1584
1585
1586
-97.37815078444656 3.75 0
-94.78252005661764 3.75 0
-92.21284563433379 3.75 0
-89.66886795439586 3.75 0
-87.15033005468914 3.75 0
-84.65697753578264 3.75 0
-82.18855853744789 3.75 0
-79.74482372890807 3.75 0
-77.32552627224484 3.75 0
-74.93042179319056 3.75 0
-72.55926835941875 3.75 0
-70.21182645915931 3.75 0
-67.88785897351963 3.75 0
-65.58713116303223 3.75 0
-63.30941063383505 3.75 0
-61.05446731159504 3.75 0
-58.822073422496 3.75 0
-56.61200346797407 3.75 0
-54.42403421355375 3.75 0
-52.25794465050966 3.75 0
-50.11351597905517 3.75 0
-47.99053159833917 3.75 0
-45.88877706268672 3.75 0
-43.80804007294434 3.75 0
-41.74811045400076 3.75 0
-39.70878012633915 3.75 0
-37.68984310522756 3.75 0
-35.69109545893041 3.75 0
-33.7123352884874 3.75 0
-31.7533627211956 3.75 0
-29.81397987714774 3.75 0
-27.89399085690435 3.75 0
-25.99320172935012 3.75 0
-24.11142049245036 3.75 0
-22.24845706228903 3.75 0
-20.40412326888406 3.75 0
-18.57823281813606 3.75 0
-16.77060126812385 3.75 0
-14.98104603324309 3.75 0
-13.20938635390576 3.75 0
-11.4554432672083 3.75 0
-9.719039612037918 3.75 0
1 28 0 2
1587
1588
-8 1.50641026471989 0
-8 0.6089743698635424 0
1 29 0 2
1589
1590
23.3 1.50641026471989 0
23.3 0.6089743698635424 0
2 1 0 504
1591
1592
1593
1594
1595
1596
1597
1598
1599
1600
1601
1602
1603
1604
1605
1606
1607
1608
1609
1610
1611
1612
1613
1614
1615
1616
1617
1618
1619
1620
1621
1622
1623
1624
1625
1626
1627
1628
1629
1630
1631
1632
1633
1634
1635
1636
1637
1638
1639
1640
1641
1642
1643
1644
1645
1646
1647
1648
1649
1650
1651
1652
1653
1654
1655
1656
1657
1658
1659
1660
1661
1662
1663
1664
1665
1666
1667
1668
1669
1670
1671
1672
1673
1674
1675
1676
1677
1678
1679
1680
1681
1682
1683
1684
1685
1686
1687
1688
1689
1690
1691
1692
1693
1694
1695
1696
1697
1698
1699
1700
1701
1702
1703
1704
1705
1706
1707
1708
1709
1710
1711
1712
1713
1714
1715
1716
1717
1718
1719
1720
1721
1722
1723
1724
1725
1726
1727
1728
1729
1730
1731
1732
1733
1734
1735
1736
1737
1738
1739
1740
1741
1742
1743
1744
1745
1746
1747
1748
1749
1750
1751
1752
1753
1754
1755
1756
1757
1758
1759
1760
1761
1762
1763
1764
1765
1766
1767
1768
1769
1770
1771
1772
1773
1774
1775
1776
1777
1778
1779
1780
1781
1782
1783
1784
1785
1786
1787
1788
1789
1790
1791
1792
1793
1794
1795
1796
1797
1798
1799
1800
1801
1802
1803
1804
1805
1806
1807
1808
1809
1810
1811
1812
1813
1814
1815
1816
1817
1818
1819
1820
1821
1822
1823
1824
1825
1826
1827
1828
1829
1830
1831
1832
1833
1834
1835
1836
1837
1838
1839
1840
1841
1842
1843
1844
1845
1846
1847
1848
1849
1850
1851
1852
1853
1854
1855
1856
1857
1858
1859
1860
1861
1862
1863
1864
1865
1866
1867
1868
1869
1870
1871
1872
1873
1874
1875
1876
1877
1878
1879
1880
1881
1882
1883
1884
1885
1886
1887
1888
1889
1890
1891
1892
1893
1894
1895
1896
1897
1898
1899
1900
1901
1902
1903
1904
1905
1906
1907
1908
1909
1910
1911
1912
1913
1914
1915
1916
1917
1918
1919
1920
1921
1922
1923
1924
1925
1926
1927
1928
1929
1930
1931
1932
1933
1934
1935
1936
1937
1938
1939
1940
1941
1942
1943
1944
1945
1946
1947
1948
1949
1950
1951
1952
1953
1954
1955
1956
1957
1958
1959
1960
1961
1962
1963
1964
1965
1966
1967
1968
1969
1970
1971
1972
1973
1974
1975
1976
1977
1978
1979
1980
1981
1982
1983
1984
1985
1986
1987
1988
1989
1990
1991
1992
1993
1994
1995
1996
1997
1998
1999
2000
2001
2002
2003
2004
2005
2006
2007
2008
2009
2010
2011
2012
2013
2014
2015
2016
2017
2018
2019
2020
2021
2022
2023
2024
2025
2026
2027
2028
2029
2030
2031
2032
2033
2034
2035
2036
2037
2038
2039
2040
2041
2042
2043
2044
2045
2046
2047
2048
2049
2050
2051
2052
2053
2054
2055
2056
2057
2058
2059
2060
2061
2062
2063
2064
2065
2066
2067
2068
2069
2070
2071
2072
2073
2074
2075
2076
2077
2078
2079
2080
2081
2082
2083
2084
2085
2086
2087
2088
2089
2090
2091
2092
2093
2094
-97.37815078444656 0.08333333271498666 0
-94.78252005661764 0.08333333271715282 0
-92.21284563433379 0.08333333271929731 0
-89.66886795439586 0.08333333272142041 0
-87.15033005468914 0.08333333272352222 0
-84.65697753578266 0.08333333272560306 0
-82.18855853744788 0.08333333272766305 0
-79.74482372890807 0.08333333272970245 0
-77.32552627224486 0.08333333273172147 0
-74.93042179319056 0.08333333273372029 0
-72.55926835941875 0.08333333273569912 0
-70.2118264591593 0.08333333273765817 0
-67.88785897351963 0.08333333273959764 0
-65.58713116303221 0.08333333274151769 0
-63.30941063383507 0.08333333274341856 0
-61.05446731159505 0.08333333274530041 0
-58.822073422496 0.08333333274716342 0
-56.61200346797406 0.08333333274900784 0
-54.42403421355375 0.08333333275083382 0
-52.25794465050967 0.08333333275264149 0
-50.11351597905518 0.08333333275443111 0
-47.99053159833918 0.08333333275620287 0
-45.88877706268674 0.08333333275795685 0
-43.80804007294435 0.08333333275969335 0
-41.74811045400075 0.08333333276141242 0
-39.70878012633914 0.08333333276311433 0
-37.68984310522755 0.08333333276479925 0
-35.69109545893041 0.08333333276646726 0
-33.71233528848738 0.08333333276811863 0
-31.7533627211956 0.08333333276975349 0
-29.81397987714774 0.083333332771372 0
-27.89399085690435 0.08333333277297433 0
-25.99320172935012 0.08333333277456059 0
-24.11142049245037 0.08333333277613103 0
-22.24845706228903 0.08333333277768576 0
-20.40412326888406 0.08333333277922493 0
-18.57823281813606 0.08333333278074873 0
-16.77060126812385 0.0833333327822573 0
-14.98104603324308 0.08333333278375077 0
-13.20938635390575 0.08333333278522928 0
-11.45544326720831 0.08333333278669303 0
-9.719039612037921 0.08333333278814214 0
-8.000000000000004 0.08333333278957675 0
-6.341652079869036 0.08333333279096072 0
-5.014973734940996 0.08333333279206789 0
-3.953631063057676 0.08333333279295362 0
-3.104556921181082 0.0833333327936622 0
-2.42529759907595 0.08333333279422908 0
-1.881890143741695 0.08333333279468258 0
-1.447164189085505 0.08333333279504539 0
-1.09938342616184 0.08333333279533561 0
-0.8211588138148995 0.08333333279556782 0
-0.5985791233905191 0.08333333279575357 0
-0.4205153690241472 0.08333333279590216 0
-0.2780643607306086 0.08333333279602106 0
-0.1641035566132754 0.08333333279611616 0
-0.0729349185123036 0.08333333279619222 0
1.06581410364015e-14 0.0833333327962531 0
0.06370602586585533 0.08333333279630627 0
0.142366398908691 0.0833333327963719 0
0.2394914943098457 0.08333333279645297 0
0.3594157217991576 0.08333333279655306 0
0.5074909629867912 0.08333333279667662 0
0.6903253757523413 0.0833333327968292 0
0.9160783232959298 0.0833333327970176 0
1.194824507923502 0.08333333279725025 0
1.539003541538292 0.08333333279753746 0
1.963975129495875 0.08333333279789212 0
2.488704523652874 0.08333333279833006 0
3.136608873355637 0.08333333279887073 0
3.936602231184787 0.08333333279953835 0
4.924385974746334 0.0833333328003627 0
6.144042002383063 0.08333333280138057 0
7.650000000000011 0.08333333280263738 0
8.730912343050331 0.08333333280353944 0
9.666452138268994 0.08333333280432018 0
10.47617062144782 0.08333333280499594 0
11.17698958464045 0.08333333280558081 0
11.78355499094437 0.08333333280608701 0
12.30854305141287 0.08333333280652513 0
12.76292515131541 0.08333333280690433 0
13.15619712964597 0.08333333280723253 0
13.49657772269158 0.08333333280751659 0
13.79118032628813 0.08333333280776245 0
14.04616165341965 0.08333333280797525 0
14.26685039607931 0.08333333280815941 0
14.45785857703756 0.08333333280831884 0
14.62317795268774 0.0833333328084568 0
14.76626342944013 0.08333333280857619 0
14.8901052536624 0.08333333280867955 0
14.99729151014822 0.08333333280876903 0
15.09006221841865 0.08333333280884642 0
15.1703561439673 0.08333333280891345 0
15.23985129301728 0.08333333280897141 0
15.29999999999999 0.08333333280902164 0
15.36139887086821 0.08333333280907287 0
15.42961983187678 0.0833333328091298 0
15.50542090192629 0.08333333280919308 0
15.58964431828457 0.08333333280926336 0
15.68322589444376 0.08333333280934146 0
15.78720542124966 0.08333333280942823 0
15.90273822792748 0.08333333280952465 0
16.03110801493104 0.08333333280963179 0
16.17374111105215 0.0833333328097508 0
16.33222232858628 0.08333333280988306 0
16.50831256894115 0.08333333281003003 0
16.70396839160717 0.08333333281019333 0
16.92136375296846 0.08333333281037476 0
17.16291415516176 0.08333333281057631 0
17.43130348758318 0.0833333328108003 0
17.72951385554308 0.08333333281104914 0
18.06085870867358 0.08333333281132571 0
18.42901965657547 0.08333333281163294 0
18.83808737419691 0.08333333281197433 0
19.29260706202659 0.08333333281235367 0
19.79762893830039 0.08333333281277511 0
20.35876435390512 0.0833333328132434 0
20.98224815083901 0.08333333281376372 0
21.67500792800407 0.08333333281434184 0
22.44474101615037 0.08333333281498422 0
23.29999999999999 0.08333333281569799 0
24.1515579664045 0.08333333281640865 0
25.00739509578193 0.08333333281712291 0
25.86753290726434 0.08333333281784072 0
26.73199302530604 0.08333333281856214 0
27.60079714315112 0.08333333281928722 0
28.47396709819363 0.08333333282001593 0
29.35152483620396 0.08333333282074826 0
30.23349241224036 0.08333333282148432 0
31.11989199193954 0.08333333282222405 0
32.01074585244421 0.08333333282296751 0
32.90607638371078 0.08333333282371469 0
33.80590605240623 0.08333333282446564 0
34.71025747695527 0.08333333282522037 0
35.6191533921973 0.08333333282597888 0
36.53261661293769 0.08333333282674121 0
37.45067010939222 0.08333333282750738 0
38.37333693445113 0.08333333282827737 0
39.30064026135076 0.08333333282905125 0
40.23260342246795 0.08333333282982902 0
41.16924983624011 0.08333333283061067 0
42.11060300818678 0.0833333328313963 0
43.0566865689876 0.08333333283218583 0
44.00752431294083 0.08333333283297936 0
44.96314016233673 0.08333333283377686 0
45.92355809442138 0.08333333283457839 0
46.8888022532339 0.0833333328353839 0
47.85889691474981 0.08333333283619349 0
48.83386641312875 0.08333333283700717 0
49.81373525332204 0.0833333328378249 0
50.79852803845287 0.08333333283864675 0
51.78826950760506 0.08333333283947275 0
52.78298457473545 0.08333333284030285 0
53.78269821866409 0.08333333284113717 0
54.78743552089112 0.08333333284197568 0
55.79722174121306 0.08333333284281838 0
56.81208228220709 0.08333333284366534 0
57.83204265335328 0.08333333284451655 0
58.85712843516733 0.08333333284537203 0
59.88736539115916 0.08333333284623179 0
60.92277943309821 0.0833333328470959 0
61.96339654738495 0.08333333284796435 0
63.00924290778206 0.08333333284883715 0
64.06034480291942 0.08333333284971434 0
65.11672860011352 0.08333333285059594 0
66.17842085775686 0.08333333285148198 0
67.24544825322374 0.08333333285237243 0
68.31783758339567 0.08333333285326738 0
69.39561580372931 0.08333333285416687 0
70.47880999212597 0.08333333285507083 0
71.5674473876488 0.08333333285597933 0
72.66155531773722 0.08333333285689243 0
73.76116127324863 0.08333333285781008 0
74.86629287348315 0.0833333328587324 0
75.97697790382769 0.0833333328596593 0
77.09324428117347 0.08333333286059089 0
78.21512001711515 0.08333333286152712 0
79.34263333120666 0.08333333286246808 0
80.47581254120118 0.08333333286341377 0
81.61468610111979 0.08333333286436423 0
82.7592826400729 0.08333333286531944 0
83.90963092662763 0.08333333286627945 0
85.06575987023254 0.08333333286724429 0
86.22769852265452 0.08333333286821398 0
87.39547604237637 0.08333333286918855 0
88.56912176977869 0.083333332870168 0
89.74866522935113 0.08333333287115241 0
90.9341360567069 0.08333333287214172 0
92.12556403712156 0.08333333287313602 0
93.32297906998727 0.0833333328741353 0
94.52641124404951 0.08333333287513964 0
95.73589083967502 0.08333333287614901 0
96.95144821887504 0.08333333287716344 0
98.1731139376237 0.08333333287818298 0
99.40091867406538 0.08333333287920763 0
100.6348932660187 0.08333333288023745 0
101.8750687507205 0.08333333288127243 0
103.1214762545349 0.08333333288231259 0
104.3741471057018 0.08333333288335801 0
105.6331127992784 0.0833333328844087 0
106.8984049613501 0.08333333288546463 0
108.1700553877199 0.08333333288652586 0
109.4480960085145 0.08333333288759245 0
110.7325589265251 0.08333333288866442 0
112.0234764563039 0.08333333288974171 0
113.3208810147126 0.08333333289082445 0
114.6248051959757 0.08333333289191264 0
115.9352817741382 0.08333333289300629 0
117.2523436299549 0.08333333289410544 0
118.5760238637694 0.08333333289521011 0
119.9063557605916 0.08333333289632033 0
121.2433727544425 0.08333333289743616 0
122.5871084301312 0.08333333289855754 0
123.9375965617206 0.08333333289968459 0
125.2948710776531 0.08333333290081729 0
126.6589660618228 0.08333333290195569 0
128.0299157928221 0.08333333290309983 0
129.4077547083627 0.08333333290424969 0
130.7925174441772 0.08333333290540534 0
132.1842387988385 0.08333333290656679 0
133.5829537352679 0.08333333290773409 0
134.9886973826289 0.08333333290890724 0
136.4015050378604 0.08333333291008627 0
137.8214122416915 0.08333333291127125 0
139.2484546698044 0.0833333329124622 0
140.6826681336658 0.0833333329136591 0
142.1240886940005 0.08333333291486203 0
143.5727525886694 0.08333333291607101 0
145.0286961972394 0.08333333291728606 0
146.4919561167061 0.08333333291850722 0
147.9625691268329 0.08333333291973452 0
149.4405721543899 0.08333333292096794 0
150.9260023122452 0.08333333292220763 0
152.418896938092 0.08333333292345352 0
153.9192935598479 0.08333333292470566 0
155.4272298599483 0.08333333292596409 0
156.9427437144906 0.08333333292722886 0
158.4658731949768 0.08333333292849998 0
159.9966566074884 0.08333333292977749 0
161.5351324207336 0.08333333293106143 0
163.0813392674614 0.08333333293235182 0
164.6353159836794 0.08333333293364867 0
166.1971016104671 0.08333333293495204 0
167.7667354332247 0.08333333293626197 0
169.3442568727453 0.0833333329375785 0
170.9297055233789 0.08333333293890161 0
172.5231212667892 0.0833333329402314 0
174.1245441260254 0.08333333294156786 0
175.7340143407767 0.08333333294291101 0
177.3515723704064 0.08333333294426093 0
178.9772588210474 0.08333333294561768 0
180.6111145220181 0.0833333329469812 0
182.2531805648328 0.08333333294835157 0
183.9034981947844 0.08333333294972883 0
185.5621088488724 0.083333332951113 0
187.2290542330231 0.08333333295250417 0
188.9043762496503 0.08333333295390227 0
190.5881170000706 0.08333333295530743 0
192.2803187491437 0.08333333295671966 0
193.9810240014394 0.08333333295813899 0
195.6902755037015 0.08333333295956541 0
197.4081162099059 0.08333333296099904 0
199.1345892833837 0.08333333296243986 0
200.8697380989616 0.0833333329638879 0
202.6136062451161 0.08333333296534326 0
204.3662375631934 0.0833333329668059 0
206.1276760758751 0.08333333296827589 0
207.8979660256868 0.08333333296975329 0
209.6771519150108 0.0833333329712381 0
211.4652784338576 0.08333333297273038 0
213.2623905362176 0.08333333297423015 0
215.0685333686087 0.08333333297573745 0
216.8837522716239 0.08333333297725234 0
218.7080928567025 0.08333333297877482 0
220.5416009714062 0.08333333298030499 0
222.3843227017608 0.08333333298184281 0
224.2363043746149 0.08333333298338835 0
226.09759248592 0.08333333298494169 0
227.9682337764766 0.08333333298650283 0
229.8482752721345 0.0833333329880718 0
231.7377642117545 0.08333333298964868 0
233.6367480867029 0.08333333299123347 0
235.5452746062695 0.08333333299282622 0
237.4633916997774 0.08333333299442697 0
239.3911475561304 0.08333333299603576 0
241.3285906263313 0.08333333299765266 0
243.2757695889722 0.08333333299927764 0
245.2327333894642 0.08333333300091084 0
247.1995312059376 0.08333333300255222 0
249.1762124140412 0.08333333300420184 0
251.1628267006971 0.08333333300585977 0
253.1594239930046 0.08333333300752602 0
255.1660544231002 0.08333333300920065 0
257.1827684049185 0.08333333301088369 0
259.2096166368769 0.08333333301257517 0
261.2466500304889 0.08333333301427515 0
263.2939197493905 0.0833333330159837 0
265.3514772495037 0.08333333301770082 0
267.4193742443807 0.08333333301942658 0
269.4976627079872 0.08333333302116103 0
271.586394840086 0.08333333302290413 0
273.6856231057332 0.08333333302465604 0
275.7954002381222 0.08333333302641677 0
277.9157792781177 0.0833333330281863 0
280.0468135034166 0.08333333302996476 0
282.1885564303354 0.08333333303175211 0
284.3410618911964 0.08333333303354851 0
286.5043839628039 0.0833333330353539 0
288.6785770060838 0.08333333303716833 0
290.863695632018 0.08333333303899193 0
293.0597947409529 0.08333333304082466 0
295.2669295259946 0.0833333330426666 0
297.4851554382628 0.08333333304451784 0
299.7145282270062 0.08333333304637833 0
301.955103905269 0.08333333304824819 0
304.2069387526288 0.08333333305012747 0
306.4700893550003 0.08333333305201615 0
308.7446125707393 0.08333333305391435 0
311.030565533071 0.08333333305582208 0
313.3280056903316 0.08333333305773938 0
315.6369907717635 0.08333333305966634 0
317.9575787903825 0.08333333306160298 0
320.2898280458634 0.08333333306354934 0
322.6337971644982 0.0833333330655055 0
324.9895450284038 0.08333333306747148 0
327.3571308147793 0.08333333306944735 0
329.736614036674 0.08333333307143312 0
332.1280544715177 0.08333333307342888 0
334.5315122011899 0.08333333307543467 0
336.9470475780158 0.08333333307745056 0
339.3747213015552 0.08333333307947655 0
341.8145944224343 0.08333333308151272 0
344.2667282339452 0.08333333308355917 0
346.7311843118576 0.08333333308561586 0
349.2080245916713 0.08333333308768287 0
351.6973112980742 0.08333333308976032 0
354.1991069844516 0.08333333309184818 0
356.7134744998118 0.08333333309394653 0
359.2404770279719 0.0833333330960554 0
361.7801780919463 0.08333333309817492 0
364.3326414449938 0.08333333310030505 0
366.8979312221272 0.08333333310244589 0
369.47611190679 0.08333333310459751 0
372.0672482968066 0.08333333310675994 0
374.6714054707352 0.08333333310893323 0
377.2886488646407 0.08333333311111743 0
379.9190442392352 0.08333333311331262 0
382.5626576822361 0.08333333311551883 0
385.2195556126057 0.08333333311773614 0
387.8898047829558 0.08333333311996458 0
390.573472283838 0.0833333331222042 0
393.2706255462011 0.08333333312445509 0
395.9813323457301 0.08333333312671731 0
398.705660768309 0.08333333312899088 0
401.4436792881319 0.08333333313127589 0
404.1954566969133 0.08333333313357236 0
406.9610621442644 0.0833333331358804 0
409.7405651043701 0.08333333313820002 0
412.5340354160461 0.08333333314053129 0
415.341543286889 0.08333333314287428 0
418.1631592222441 0.08333333314522906 0
420.9989541398066 0.08333333314759564 0
423.848999299758 0.08333333314997413 0
426.7133662704873 0.08333333315236457 0
429.5921270436465 0.08333333315476704 0
432.4853539639954 0.08333333315718155 0
435.3931196955766 0.08333333315960822 0
438.3154972994333 0.08333333316204705 0
441.2525602376309 0.08333333316449817 0
444.20438230284 0.08333333316696162 0
447.1710376216699 0.08333333316943742 0
450.1526007695447 0.08333333317192565 0
453.1491466640649 0.08333333317442643 0
456.1607505676838 0.08333333317693975 0
459.1874881663626 0.08333333317946567 0
462.2294354989498 0.08333333318200431 0
465.2866689981064 0.08333333318455571 0
468.3592654571598 0.08333333318711994 0
471.4473021077608 0.08333333318969705 0
474.5508565504969 0.08333333319228711 0
477.6700067207167 0.08333333319489017 0
480.8048310040691 0.08333333319750633 0
483.9554081664546 0.08333333320013564 0
487.1218173947844 0.08333333320277814 0
490.3041382273673 0.08333333320543393 0
493.5024505939787 0.08333333320810307 0
496.7168348948739 0.08333333321078562 0
499.947371893468 0.08333333321348163 0
503.1941427572491 0.08333333321619121 0
506.4572290620366 0.0833333332189144 0
509.7367127588522 0.08333333322165129 0
513.0326762519702 0.0833333332244019 0
516.3452024036399 0.08333333322716635 0
519.6743744269635 0.08333333322994471 0
523.0202759636634 0.08333333323273701 0
526.3829910888772 0.08333333323554334 0
529.7626042778776 0.08333333323836378 0
533.1592004476264 0.0833333332411984 0
536.5728649238905 0.08333333324404726 0
540.003683482499 0.08333333324691045 0
543.4517423539494 0.08333333324978798 0
546.9171281535816 0.08333333325268 0
550.3999279225573 0.08333333325558656 0
553.9002292066599 0.08333333325850772 0
557.4181199498897 0.08333333326144357 0
560.9536885351727 0.08333333326439415 0
564.507023789535 0.08333333326735956 0
568.0782149878274 0.0833333332703399 0
571.6673518950192 0.0833333332733352 0
575.2745246592171 0.08333333327634554 0
578.8998239270055 0.08333333327937101 0
582.5433407746996 0.08333333328241169 0
586.2051667489133 0.08333333328546766 0
589.8853938723477 0.08333333328853895 0
593.5841145732859 0.08333333329162571 0
597.3014218018509 0.08333333329472797 0
601.0374089977345 0.08333333329784581 0
604.7921700209116 0.08333333330097933 0
608.5657991557486 0.08333333330412859 0
612.3583912270248 0.0833333333072937 0
616.1700415681751 0.08333333331047468 0
620.0008459517802 0.08333333331367165 0
623.8509005941853 0.08333333331688469 0
627.7203022342488 0.08333333332011389 0
631.6091481017284 0.08333333332335929 0
635.5175359216415 0.08333333332662102 0
639.4455638827214 0.08333333332989915 0
643.3933306785298 0.08333333333319373 0
647.3609355134053 0.08333333333650489 0
651.3484780325066 0.08333333333983267 0
655.3560584382376 0.08333333334317716 0
659.3837774585227 0.08333333334653847 0
663.4317362777048 0.08333333334991669 0
667.50003657825 0.08333333335331186 0
671.5887806202758 0.0833333333567241 0
675.6980711358899 0.0833333333601535 0
679.8280113335936 0.0833333333636001 0
683.9787049779196 0.08333333336706406 0
688.150256394666 0.08333333337054538 0
692.3427704024283 0.08333333337404425 0
696.5563523171563 0.08333333337756066 0
700.7911079949175 0.08333333338109478 0
705.047143836901 0.0833333333846466 0
709.3245667952115 0.0833333333882163 0
713.623484340913 0.08333333339180396 0
717.9440045065735 0.0833333333954096 0
722.286235854761 0.08333333339903343 0
726.650287446211 0.0833333334026754 0
731.0362689191686 0.0833333334063357 0
735.4442904954266 0.08333333341001439 0
739.8744629486151 0.08333333341371157 0
744.3268975728996 0.08333333341742732 0
748.8017062250808 0.08333333342116175 0
753.2990013678382 0.08333333342491495 0
757.8188960011472 0.08333333342868701 0
762.3615036678218 0.08333333343247801 0
766.9269384961499 0.08333333343628807 0
771.5153152058967 0.08333333344011729 0
776.1267490769353 0.08333333344396573 0
780.7613559920095 0.08333333344783353 0
785.4192524058207 0.08333333345172075 0
790.1005553134165 0.08333333345562749 0
794.8053823671847 0.0833333334595539 0
799.5338517723444 0.08333333346350003 0
804.2860823288194 0.08333333346746596 0
809.062193438341 0.08333333347145183 0
813.8623051093551 0.08333333347545774 0
818.6865379642184 0.0833333334794838 0
823.535013170102 0.08333333348353006 0
828.4078525566773 0.08333333348759667 0
833.3051785852722 0.0833333334916837 0
838.2271143180883 0.08333333349579128 0
843.1737833870787 0.0833333334999195 0
848.14531007403 0.08333333350406846 0
853.1418193173245 0.08333333350823827 0
858.1634366439205 0.08333333351242905 0
863.2102882125171 0.08333333351664085 0
868.2825008571484 0.08333333352087385 0
873.3802020196655 0.08333333352512812 0
878.5035197556363 0.08333333352940375 0
883.6525828151206 0.08333333353370087 0
888.8275205753092 0.08333333353801958 0
894.028463046555 0.08333333354236 0
899.2555409162621 0.08333333354672223 0
904.5088855183312 0.08333333355110639 0
909.788628839727 0.08333333355551259 0
915.0949035270842 0.08333333355994091 0
920.4278428933568 0.08333333356439149 0
925.7875809245324 0.08333333356886441 0
931.1742523234312 0.08333333357335984 0
936.5879924427941 0.08333333357787784 0
942.0289372913978 0.08333333358241857 0
947.4972235783889 0.08333333358698208 0
952.9929886828168 0.08333333359156855 0
958.5163706977062 0.08333333359617806 0
964.0675084000687 0.08333333360081074 0
969.6465412576467 0.08333333360546669 0
975.2536094360927 0.08333333361014605 0
980.88885384286 0.0833333336148489 0
986.5524160607604 0.0833333336195754 0
992.244438391229 0.08333333362432566 0
997.9650638624457 0.08333333362909978 0
1003.714436198615 0.08333333363389789 0
1009.492699864873 0.08333333363872009 0
2 2 0 828
2095
2096
2097
2098
2099
2100
2101
2102
2103
2104
2105
2106
2107
2108
2109
2110
2111
2112
2113
2114
2115
2116
2117
2118
2119
2120
2121
2122
2123
2124
2125
2126
2127
2128
2129
2130
2131
2132
2133
2134
2135
2136
2137
2138
2139
2140
2141
2142
2143
2144
2145
2146
2147
2148
2149
2150
2151
2152
2153
2154
2155
2156
2157
2158
2159
2160
2161
2162
2163
2164
2165
2166
2167
2168
2169
2170
2171
2172
2173
2174
2175
2176
2177
2178
2179
2180
2181
2182
2183
2184
2185
2186
2187
2188
2189
2190
2191
2192
2193
2194
2195
2196
2197
2198
2199
2200
2201
2202
2203
2204
2205
2206
2207
2208
2209
2210
2211
2212
2213
2214
2215
2216
2217
2218
2219
2220
2221
2222
2223
2224
2225
2226
2227
2228
2229
2230
2231
2232
2233
2234
2235
2236
2237
2238
2239
2240
2241
2242
2243
2244
2245
2246
2247
2248
2249
2250
2251
2252
2253
2254
2255
2256
2257
2258
2259
2260
2261
2262
2263
2264
2265
2266
2267
2268
2269
2270
2271
2272
2273
2274
2275
2276
2277
2278
2279
2280
2281
2282
2283
2284
2285
2286
2287
2288
2289
2290
2291
2292
2293
2294
2295
2296
2297
2298
2299
2300
2301
2302
2303
2304
2305
2306
2307
2308
2309
2310
2311
2312
2313
2314
2315
2316
2317
2318
2319
2320
2321
2322
2323
2324
2325
2326
2327
2328
2329
2330
2331
2332
2333
2334
2335
2336
2337
2338
2339
2340
2341
2342
2343
2344
2345
2346
2347
2348
2349
2350
2351
2352
2353
2354
2355
2356
2357
2358
2359
2360
2361
2362
2363
2364
2365
2366
2367
2368
2369
2370
2371
2372
2373
2374
2375
2376
2377
2378
2379
2380
2381
2382
2383
2384
2385
2386
2387
2388
2389
2390
2391
2392
2393
2394
2395
2396
2397
2398
2399
2400
2401
2402
2403
2404
2405
2406
2407
2408
2409
2410
2411
2412
2413
2414
2415
2416
2417
2418
2419
2420
2421
2422
2423
2424
2425
2426
2427
2428
2429
2430
2431
2432
2433
2434
2435
2436
2437
2438
2439
2440
2441
2442
2443
2444
2445
2446
2447
2448
2449
2450
2451
2452
2453
2454
2455
2456
2457
2458
2459
2460
2461
2462
2463
2464
2465
2466
2467
2468
2469
2470
2471
2472
2473
2474
2475
2476
2477
2478
2479
2480
2481
2482
2483
2484
2485
2486
2487
2488
2489
2490
2491
2492
2493
2494
2495
2496
2497
2498
2499
2500
2501
2502
2503
2504
2505
2506
2507
2508
2509
2510
2511
2512
2513
2514
2515
2516
2517
2518
2519
2520
2521
2522
2523
2524
2525
2526
2527
2528
2529
2530
2531
2532
2533
2534
2535
2536
2537
2538
2539
2540
2541
2542
2543
2544
2545
2546
2547
2548
2549
2550
2551
2552
2553
2554
2555
2556
2557
2558
2559
2560
2561
2562
2563
2564
2565
2566
2567
2568
2569
2570
2571
2572
2573
2574
2575
2576
2577
2578
2579
2580
2581
2582
2583
2584
2585
2586
2587
2588
2589
2590
2591
2592
2593
2594
2595
2596
2597
2598
2599
2600
2601
2602
2603
2604
2605
2606
2607
2608
2609
2610
2611
2612
2613
2614
2615
2616
2617
2618
2619
2620
2621
2622
2623
2624
2625
2626
2627
2628
2629
2630
2631
2632
2633
2634
2635
2636
2637
2638
2639
2640
2641
2642
2643
2644
2645
2646
2647
2648
2649
2650
2651
2652
2653
2654
2655
2656
2657
2658
2659
2660
2661
2662
2663
2664
2665
2666
2667
2668
2669
2670
2671
2672
2673
2674
2675
2676
2677
2678
2679
2680
2681
2682
2683
2684
2685
2686
2687
2688
2689
2690
2691
2692
2693
2694
2695
2696
2697
2698
2699
2700
2701
2702
2703
2704
2705
2706
2707
2708
2709
2710
2711
2712
2713
2714
2715
2716
2717
2718
2719
2720
2721
2722
2723
2724
2725
2726
2727
2728
2729
2730
2731
2732
2733
2734
2735
2736
2737
2738
2739
2740
2741
2742
2743
2744
2745
2746
2747
2748
2749
2750
2751
2752
2753
2754
2755
2756
2757
2758
2759
2760
2761
2762
2763
2764
2765
2766
2767
2768
2769
2770
2771
2772
2773
2774
2775
2776
2777
2778
2779
2780
2781
2782
2783
2784
2785
2786
2787
2788
2789
2790
2791
2792
2793
2794
2795
2796
2797
2798
2799
2800
2801
2802
2803
2804
2805
2806
2807
2808
2809
2810
2811
2812
2813
2814
2815
2816
2817
2818
2819
2820
2821
2822
2823
2824
2825
2826
2827
2828
2829
2830
2831
2832
2833
2834
2835
2836
2837
2838
2839
2840
2841
2842
2843
2844
2845
2846
2847
2848
2849
2850
2851
2852
2853
2854
2855
2856
2857
2858
2859
2860
2861
2862
2863
2864
2865
2866
2867
2868
2869
2870
2871
2872
2873
2874
2875
2876
2877
2878
2879
2880
2881
2882
2883
2884
2885
2886
2887
2888
2889
2890
2891
2892
2893
2894
2895
2896
2897
2898
2899
2900
2901
2902
2903
2904
2905
2906
2907
2908
2909
2910
2911
2912
2913
2914
2915
2916
2917
2918
2919
2920
2921
2922
0.06370602586585533 -2.934401438597515 0
0.06370602586585533 -2.861514149302375 0
0.06370602586585533 -2.780528272513103 0
0.06370602586585533 -2.690543964180964 0
0.06370602586585533 -2.590561399420867 0
0.06370602586585533 -2.479469661453326 0
0.06370602586585533 -2.356034397772489 0
0.06370602586585533 -2.21888410414981 0
0.06370602586585533 -2.066494888559397 0
0.06370602586585533 -1.897173537820007 0
0.06370602586585533 -1.709038703718391 0
0.06370602586585533 -1.5 0
0.06370602586585533 -1.290961296283226 0
0.06370602586585533 -1.102826462179802 0
0.06370602586585533 -0.9335051114394888 0
0.06370602586585533 -0.7811158958483402 0
0.06370602586585533 -0.6439656022258218 0
0.06370602586585532 -0.5205303385453278 0
0.06370602586585533 -0.4094386005780766 0
0.06370602586585533 -0.3094560358182255 0
0.06370602586585533 -0.2194717274863501 0
0.06370602586585533 -0.1384858506973028 0
0.06370602586585533 -0.06559856140232118 0
0.1423663989086839 -2.934401438597674 0
0.1423663989086838 -2.861514149302726 0
0.1423663989086838 -2.78052827251369 0
0.1423663989086839 -2.690543964181834 0
0.1423663989086838 -2.590561399422075 0
0.1423663989086838 -2.479469661454936 0
0.1423663989086838 -2.356034397774577 0
0.1423663989086839 -2.218884104152461 0
0.1423663989086839 -2.066494888562711 0
0.1423663989086839 -1.897173537824099 0
0.1423663989086838 -1.709038703723388 0
0.1423663989086838 -1.5 0
0.1423663989086839 -1.290961296283237 0
0.1423663989086838 -1.102826462179818 0
0.1423663989086838 -0.9335051114395084 0
0.1423663989086839 -0.7811158958483657 0
0.1423663989086838 -0.6439656022258439 0
0.1423663989086838 -0.5205303385453451 0
0.1423663989086838 -0.4094386005780899 0
0.1423663989086838 -0.3094560358182352 0
0.1423663989086838 -0.2194717274863568 0
0.1423663989086839 -0.1384858506973068 0
0.1423663989086839 -0.06559856140232304 0
0.2394914943098421 -2.934401438597869 0
0.2394914943098421 -2.861514149303161 0
0.2394914943098421 -2.780528272514415 0
0.2394914943098421 -2.690543964182908 0
0.2394914943098421 -2.590561399423566 0
0.2394914943098421 -2.479469661456924 0
0.239491494309842 -2.356034397777155 0
0.2394914943098421 -2.218884104155734 0
0.239491494309842 -2.066494888566803 0
0.2394914943098421 -1.89717353782915 0
0.2394914943098421 -1.709038703729559 0
0.2394914943098421 -1.5 0
0.2394914943098421 -1.290961296283252 0
0.2394914943098422 -1.102826462179838 0
0.2394914943098421 -0.9335051114395325 0
0.239491494309842 -0.7811158958483969 0
0.239491494309842 -0.6439656022258712 0
0.2394914943098421 -0.5205303385453667 0
0.2394914943098421 -0.4094386005781062 0
0.2394914943098421 -0.3094560358182472 0
0.2394914943098421 -0.2194717274863649 0
0.239491494309842 -0.1384858506973116 0
0.2394914943098421 -0.06559856140232535 0
0.3594157217991683 -2.934401438598111 0
0.3594157217991681 -2.861514149303698 0
0.3594157217991683 -2.78052827251531 0
0.3594157217991683 -2.690543964184234 0
0.3594157217991681 -2.590561399425408 0
0.3594157217991683 -2.479469661459381 0
0.3594157217991683 -2.356034397780338 0
0.3594157217991683 -2.218884104159776 0
0.3594157217991683 -2.066494888571856 0
0.3594157217991683 -1.897173537835388 0
0.3594157217991683 -1.709038703737177 0
0.3594157217991683 -1.5 0
0.3594157217991683 -1.290961296283269 0
0.3594157217991683 -1.102826462179863 0
0.3594157217991683 -0.9335051114395623 0
0.3594157217991683 -0.7811158958484357 0
0.3594157217991683 -0.6439656022259049 0
0.3594157217991683 -0.520530338545393 0
0.3594157217991683 -0.4094386005781264 0
0.3594157217991683 -0.3094560358182622 0
0.3594157217991683 -0.219471727486375 0
0.3594157217991683 -0.1384858506973176 0
0.3594157217991683 -0.06559856140232818 0
0.5074909629867911 -2.934401438598409 0
0.5074909629867911 -2.861514149304361 0
0.5074909629867911 -2.780528272516415 0
0.5074909629867911 -2.69054396418587 0
0.5074909629867911 -2.590561399427681 0
0.5074909629867911 -2.479469661462411 0
0.5074909629867911 -2.356034397784269 0
0.5074909629867911 -2.218884104164768 0
0.5074909629867911 -2.066494888578094 0
0.5074909629867911 -1.89717353784309 0
0.5074909629867911 -1.709038703746584 0
0.5074909629867911 -1.5 0
0.5074909629867911 -1.290961296283291 0
0.5074909629867911 -1.102826462179894 0
0.5074909629867911 -0.9335051114395995 0
0.5074909629867911 -0.7811158958484836 0
0.5074909629867911 -0.6439656022259467 0
0.5074909629867911 -0.5205303385454257 0
0.5074909629867911 -0.4094386005781514 0
0.5074909629867911 -0.3094560358182806 0
0.5074909629867911 -0.2194717274863874 0
0.5074909629867911 -0.138485850697325 0
0.5074909629867911 -0.06559856140233167 0
0.690325375752334 -2.934401438598777 0
0.6903253757523342 -2.861514149305179 0
0.6903253757523342 -2.780528272517779 0
0.6903253757523342 -2.690543964187892 0
0.6903253757523342 -2.59056139943049 0
0.6903253757523343 -2.479469661466156 0
0.6903253757523343 -2.356034397789122 0
0.6903253757523343 -2.218884104170931 0
0.6903253757523342 -2.066494888585797 0
0.6903253757523342 -1.8971735378526 0
0.6903253757523342 -1.709038703758199 0
0.6903253757523342 -1.5 0
0.6903253757523342 -1.290961296283318 0
0.6903253757523342 -1.102826462179931 0
0.6903253757523342 -0.9335051114396449 0
0.6903253757523342 -0.7811158958485425 0
0.6903253757523342 -0.6439656022259982 0
0.6903253757523341 -0.5205303385454657 0
0.6903253757523342 -0.4094386005781821 0
0.6903253757523342 -0.3094560358183034 0
0.6903253757523342 -0.2194717274864028 0
0.6903253757523342 -0.1384858506973342 0
0.6903253757523342 -0.06559856140233604 0
0.9160783232959262 -2.934401438599233 0
0.9160783232959261 -2.861514149306191 0
0.9160783232959261 -2.780528272519465 0
0.9160783232959261 -2.690543964190388 0
0.9160783232959261 -2.590561399433957 0
0.9160783232959259 -2.479469661470779 0
0.9160783232959262 -2.356034397795113 0
0.9160783232959262 -2.218884104178538 0
0.9160783232959262 -2.066494888595308 0
0.9160783232959261 -1.897173537864342 0
0.9160783232959259 -1.709038703772541 0
0.9160783232959261 -1.5 0
0.9160783232959262 -1.290961296283351 0
0.9160783232959263 -1.102826462179978 0
0.9160783232959262 -0.9335051114397013 0
0.916078323295926 -0.7811158958486153 0
0.9160783232959263 -0.6439656022260619 0
0.9160783232959259 -0.5205303385455154 0
0.9160783232959263 -0.4094386005782201 0
0.9160783232959261 -0.3094560358183314 0
0.9160783232959261 -0.2194717274864217 0
0.9160783232959261 -0.1384858506973454 0
0.9160783232959261 -0.06559856140234138 0
1.194824507923495 -2.934401438599794 0
1.194824507923495 -2.861514149307439 0
1.194824507923495 -2.780528272521545 0
1.194824507923495 -2.690543964193469 0
1.194824507923495 -2.590561399438237 0
1.194824507923495 -2.479469661476486 0
1.194824507923495 -2.356034397802512 0
1.194824507923495 -2.218884104187934 0
1.194824507923495 -2.066494888607052 0
1.194824507923495 -1.89717353787884 0
1.194824507923494 -1.709038703790249 0
1.194824507923495 -1.5 0
1.194824507923495 -1.290961296283392 0
1.194824507923495 -1.102826462180036 0
1.194824507923495 -0.9335051114397708 0
1.194824507923495 -0.7811158958487052 0
1.194824507923495 -0.6439656022261403 0
1.194824507923495 -0.520530338545577 0
1.194824507923495 -0.4094386005782669 0
1.194824507923495 -0.3094560358183663 0
1.194824507923495 -0.2194717274864451 0
1.194824507923495 -0.1384858506973594 0
1.194824507923495 -0.06559856140234799 0
1.539003541538295 -2.934401438600487 0
1.539003541538295 -2.861514149308981 0
1.539003541538295 -2.780528272524114 0
1.539003541538295 -2.690543964197277 0
1.539003541538295 -2.590561399443523 0
1.539003541538295 -2.479469661483533 0
1.539003541538295 -2.356034397811647 0
1.539003541538295 -2.218884104199535 0
1.539003541538295 -2.066494888621553 0
1.539003541538295 -1.897173537896742 0
1.539003541538295 -1.709038703812114 0
1.539003541538295 -1.5 0
1.539003541538295 -1.290961296283442 0
1.539003541538295 -1.102826462180107 0
1.539003541538295 -0.9335051114398563 0
1.539003541538295 -0.7811158958488162 0
1.539003541538295 -0.6439656022262373 0
1.539003541538295 -0.5205303385456529 0
1.539003541538295 -0.4094386005783249 0
1.539003541538295 -0.3094560358184091 0
1.539003541538295 -0.219471727486474 0
1.539003541538295 -0.1384858506973766 0
1.539003541538295 -0.06559856140235615 0
1.963975129495858 -2.934401438601344 0
1.963975129495858 -2.861514149310883 0
1.963975129495858 -2.780528272527286 0
1.963975129495858 -2.690543964201975 0
1.963975129495858 -2.590561399450048 0
1.963975129495858 -2.479469661492235 0
1.963975129495858 -2.356034397822928 0
1.963975129495858 -2.218884104213858 0
1.963975129495858 -2.066494888639457 0
1.963975129495858 -1.897173537918847 0
1.963975129495858 -1.709038703839112 0
1.963975129495858 -1.5 0
1.963975129495858 -1.290961296283504 0
1.963975129495857 -1.102826462180194 0
1.963975129495858 -0.933505111439962 0
1.963975129495858 -0.7811158958489535 0
1.963975129495857 -0.6439656022263572 0
1.963975129495857 -0.5205303385457465 0
1.963975129495858 -0.4094386005783963 0
1.963975129495858 -0.3094560358184619 0
1.963975129495858 -0.2194717274865097 0
1.963975129495858 -0.1384858506973979 0
1.963975129495857 -0.06559856140236625 0
2.488704523652885 -2.934401438602401 0
2.488704523652885 -2.861514149313233 0
2.488704523652885 -2.780528272531202 0
2.488704523652885 -2.690543964207777 0
2.488704523652886 -2.590561399458107 0
2.488704523652885 -2.479469661502979 0
2.488704523652885 -2.356034397836855 0
2.488704523652885 -2.218884104231543 0
2.488704523652885 -2.066494888661564 0
2.488704523652885 -1.89717353794614 0
2.488704523652885 -1.709038703872447 0
2.488704523652885 -1.5 0
2.488704523652885 -1.290961296283581 0
2.488704523652885 -1.102826462180303 0
2.488704523652885 -0.9335051114400927 0
2.488704523652885 -0.7811158958491227 0
2.488704523652885 -0.6439656022265051 0
2.488704523652885 -0.5205303385458621 0
2.488704523652885 -0.4094386005784847 0
2.488704523652885 -0.3094560358185272 0
2.488704523652885 -0.2194717274865538 0
2.488704523652885 -0.1384858506974241 0
2.488704523652885 -0.06559856140237869 0
3.136608873355651 -2.934401438603706 0
3.136608873355653 -2.861514149316134 0
3.136608873355653 -2.780528272536038 0
3.136608873355652 -2.69054396421494 0
3.136608873355652 -2.590561399468057 0
3.136608873355652 -2.479469661516245 0
3.136608873355652 -2.356034397854052 0
3.136608873355652 -2.218884104253382 0
3.136608873355652 -2.066494888688861 0
3.136608873355652 -1.897173537979839 0
3.136608873355652 -1.709038703913607 0
3.136608873355652 -1.5 0
3.136608873355652 -1.290961296283676 0
3.136608873355652 -1.102826462180436 0
3.136608873355652 -0.9335051114402539 0
3.136608873355652 -0.7811158958493318 0
3.136608873355652 -0.6439656022266876 0
3.136608873355652 -0.5205303385460049 0
3.136608873355652 -0.4094386005785937 0
3.136608873355652 -0.3094560358186078 0
3.136608873355652 -0.2194717274866081 0
3.136608873355652 -0.1384858506974566 0
3.136608873355652 -0.06559856140239406 0
3.936602231184778 -2.934401438605319 0
3.936602231184777 -2.861514149319717 0
3.936602231184777 -2.780528272542008 0
3.936602231184778 -2.690543964223785 0
3.936602231184777 -2.590561399480342 0
3.936602231184777 -2.479469661532626 0
3.936602231184778 -2.356034397875285 0
3.936602231184778 -2.218884104280345 0
3.936602231184777 -2.066494888722565 0
3.936602231184778 -1.89717353802145 0
3.936602231184777 -1.709038703964429 0
3.936602231184777 -1.5 0
3.936602231184778 -1.290961296283793 0
3.936602231184778 -1.102826462180602 0
3.936602231184778 -0.9335051114404531 0
3.936602231184777 -0.7811158958495898 0
3.936602231184778 -0.6439656022269132 0
3.936602231184778 -0.5205303385461811 0
3.936602231184777 -0.4094386005787283 0
3.936602231184777 -0.3094560358187073 0
3.936602231184777 -0.2194717274866753 0
3.936602231184777 -0.1384858506974966 0
3.936602231184778 -0.06559856140241305 0
4.924385974746346 -2.934401438607309 0
4.924385974746343 -2.86151414932414 0
4.924385974746348 -2.78052827254938 0
4.924385974746345 -2.690543964234708 0
4.924385974746345 -2.590561399495511 0
4.924385974746345 -2.479469661552852 0
4.924385974746346 -2.356034397901505 0
4.924385974746346 -2.218884104313638 0
4.924385974746343 -2.066494888764182 0
4.924385974746345 -1.897173538072828 0
4.924385974746345 -1.709038704027181 0
4.924385974746345 -1.5 0
4.924385974746345 -1.290961296283938 0
4.924385974746345 -1.102826462180806 0
4.924385974746345 -0.9335051114406991 0
4.924385974746345 -0.7811158958499084 0
4.924385974746345 -0.6439656022271913 0
4.924385974746346 -0.5205303385463987 0
4.924385974746345 -0.4094386005788946 0
4.924385974746345 -0.3094560358188303 0
4.924385974746346 -0.2194717274867583 0
4.924385974746345 -0.138485850697546 0
4.924385974746346 -0.06559856140243647 0
6.144042002383059 -2.934401438609767 0
6.144042002383057 -2.861514149329602 0
6.144042002383062 -2.780528272558482 0
6.14404200238306 -2.690543964248193 0
6.144042002383059 -2.590561399514242 0
6.14404200238306 -2.479469661577824 0
6.144042002383057 -2.356034397933877 0
6.144042002383062 -2.218884104354746 0
6.14404200238306 -2.066494888815567 0
6.14404200238306 -1.897173538136266 0
6.144042002383059 -1.709038704104664 0
6.144042002383059 -1.5 0
6.144042002383059 -1.290961296284116 0
6.14404200238306 -1.102826462181057 0
6.144042002383058 -0.9335051114410029 0
6.144042002383059 -0.7811158958503022 0
6.144042002383062 -0.6439656022275354 0
6.144042002383059 -0.5205303385466674 0
6.14404200238306 -0.4094386005790998 0
6.14404200238306 -0.3094560358189821 0
6.144042002383059 -0.2194717274868607 0
6.144042002383059 -0.1384858506976071 0
6.14404200238306 -0.06559856140246539 0
7.65 -2.934401438612802 0
7.65 -2.861514149336346 0
7.65 -2.780528272569722 0
7.65 -2.690543964264844 0
7.65 -2.590561399537368 0
7.649999999999999 -2.479469661608659 0
7.649999999999999 -2.356034397973849 0
7.65 -2.218884104405504 0
7.65 -2.066494888879014 0
7.65 -1.897173538214596 0
7.65 -1.709038704200335 0
7.65 -1.5 0
7.65 -1.290961296284336 0
7.65 -1.102826462181369 0
7.65 -0.9335051114413779 0
7.65 -0.781115895850788 0
7.65 -0.6439656022279595 0
7.65 -0.5205303385469991 0
7.65 -0.4094386005793532 0
7.65 -0.3094560358191695 0
7.65 -0.2194717274869871 0
7.65 -0.1384858506976825 0
7.65 -0.06559856140250114 0
8.730912343050333 -2.934401438614981 0
8.730912343050331 -2.861514149341186 0
8.730912343050331 -2.78052827257779 0
8.730912343050331 -2.690543964276795 0
8.730912343050331 -2.590561399553967 0
8.730912343050331 -2.479469661630793 0
8.730912343050331 -2.35603439800254 0
8.730912343050331 -2.218884104441936 0
8.730912343050331 -2.066494888924555 0
8.730912343050331 -1.897173538270819 0
8.730912343050331 -1.709038704269004 0
8.730912343050331 -1.5 0
8.730912343050331 -1.290961296284495 0
8.730912343050331 -1.102826462181592 0
8.730912343050331 -0.9335051114416471 0
8.730912343050331 -0.7811158958511368 0
8.730912343050331 -0.6439656022282642 0
8.730912343050331 -0.5205303385472372 0
8.730912343050331 -0.4094386005795352 0
8.730912343050331 -0.309456035819304 0
8.730912343050331 -0.2194717274870779 0
8.730912343050331 -0.1384858506977366 0
8.730912343050331 -0.06559856140252676 0
9.666452138268996 -2.934401438616866 0
9.666452138268991 -2.861514149345376 0
9.666452138268996 -2.780528272584773 0
9.666452138268987 -2.690543964287139 0
9.666452138268991 -2.590561399568333 0
9.666452138268991 -2.479469661649948 0
9.666452138268991 -2.356034398027371 0
9.666452138268992 -2.218884104473468 0
9.666452138268991 -2.06649488896397 0
9.666452138268991 -1.897173538319479 0
9.666452138268991 -1.709038704328437 0
9.666452138268991 -1.5 0
9.666452138268991 -1.290961296284632 0
9.666452138268991 -1.102826462181785 0
9.666452138268991 -0.93350511144188 0
9.666452138268991 -0.7811158958514386 0
9.666452138268991 -0.6439656022285279 0
9.666452138268991 -0.5205303385474432 0
9.666452138268991 -0.4094386005796926 0
9.666452138268991 -0.3094560358194204 0
9.666452138268991 -0.2194717274871564 0
9.666452138268989 -0.1384858506977834 0
9.666452138268991 -0.06559856140254897 0
10.47617062144781 -2.934401438618498 0
10.47617062144782 -2.861514149349002 0
10.47617062144781 -2.780528272590816 0
10.47617062144781 -2.690543964296093 0
10.47617062144781 -2.590561399580768 0
10.47617062144781 -2.479469661666527 0
10.47617062144781 -2.356034398048862 0
10.47617062144781 -2.218884104500759 0
10.47617062144781 -2.066494888998084 0
10.47617062144781 -1.897173538361596 0
10.47617062144781 -1.709038704379877 0
10.47617062144781 -1.5 0
10.47617062144781 -1.29096129628475 0
10.47617062144781 -1.102826462181952 0
10.47617062144781 -0.9335051114420816 0
10.47617062144781 -0.7811158958516997 0
10.47617062144781 -0.6439656022287562 0
10.47617062144781 -0.5205303385476218 0
10.47617062144781 -0.4094386005798288 0
10.47617062144781 -0.3094560358195212 0
10.47617062144781 -0.2194717274872244 0
10.47617062144781 -0.1384858506978239 0
10.47617062144781 -0.06559856140256817 0
11.17698958464044 -2.93440143861991 0
11.17698958464044 -2.861514149352139 0
11.17698958464044 -2.780528272596045 0
11.17698958464044 -2.690543964303842 0
11.17698958464044 -2.590561399591531 0
11.17698958464045 -2.479469661680877 0
11.17698958464044 -2.356034398067465 0
11.17698958464045 -2.21888410452438 0
11.17698958464044 -2.06649488902761 0
11.17698958464044 -1.897173538398048 0
11.17698958464044 -1.709038704424398 0
11.17698958464044 -1.5 0
11.17698958464044 -1.290961296284853 0
11.17698958464044 -1.102826462182097 0
11.17698958464045 -0.9335051114422561 0
11.17698958464045 -0.781115895851926 0
11.17698958464044 -0.6439656022289536 0
11.17698958464044 -0.5205303385477759 0
11.17698958464044 -0.4094386005799467 0
11.17698958464044 -0.3094560358196083 0
11.17698958464044 -0.2194717274872833 0
11.17698958464045 -0.138485850697859 0
11.17698958464045 -0.0655985614025848 0
11.78355499094436 -2.934401438621132 0
11.78355499094436 -2.861514149354855 0
11.78355499094436 -2.780528272600574 0
11.78355499094437 -2.690543964310549 0
11.78355499094436 -2.590561399600846 0
11.78355499094437 -2.479469661693297 0
11.78355499094436 -2.356034398083565 0
11.78355499094436 -2.218884104544825 0
11.78355499094436 -2.066494889053165 0
11.78355499094436 -1.897173538429598 0
11.78355499094436 -1.709038704462932 0
11.78355499094436 -1.5 0
11.78355499094436 -1.290961296284942 0
11.78355499094436 -1.102826462182222 0
11.78355499094436 -0.9335051114424071 0
11.78355499094436 -0.7811158958521216 0
11.78355499094436 -0.6439656022291246 0
11.78355499094437 -0.5205303385479095 0
11.78355499094436 -0.4094386005800488 0
11.78355499094436 -0.3094560358196838 0
11.78355499094436 -0.2194717274873342 0
11.78355499094436 -0.1384858506978893 0
11.78355499094436 -0.06559856140259918 0
12.30854305141288 -2.934401438622189 0
12.30854305141288 -2.861514149357207 0
12.30854305141288 -2.78052827260449 0
12.30854305141288 -2.690543964316352 0
12.30854305141288 -2.590561399608907 0
12.30854305141288 -2.479469661704046 0
12.30854305141288 -2.356034398097499 0
12.30854305141288 -2.21888410456252 0
12.30854305141288 -2.066494889075284 0
12.30854305141288 -1.897173538456904 0
12.30854305141288 -1.709038704496284 0
12.30854305141288 -1.5 0
12.30854305141288 -1.290961296285019 0
12.30854305141288 -1.10282646218233 0
12.30854305141288 -0.9335051114425379 0
12.30854305141288 -0.781115895852291 0
12.30854305141288 -0.6439656022292725 0
12.30854305141288 -0.5205303385480254 0
12.30854305141288 -0.4094386005801371 0
12.30854305141288 -0.3094560358197492 0
12.30854305141288 -0.2194717274873783 0
12.30854305141288 -0.1384858506979156 0
12.30854305141288 -0.06559856140261164 0
12.76292515131543 -2.934401438623106 0
12.76292515131543 -2.861514149359241 0
12.76292515131542 -2.780528272607882 0
12.76292515131543 -2.690543964321376 0
12.76292515131543 -2.590561399615885 0
12.76292515131543 -2.47946966171335 0
12.76292515131543 -2.356034398109558 0
12.76292515131543 -2.218884104577834 0
12.76292515131543 -2.066494889094427 0
12.76292515131543 -1.897173538480537 0
12.76292515131543 -1.70903870452515 0
12.76292515131543 -1.5 0
12.76292515131543 -1.290961296285085 0
12.76292515131542 -1.102826462182424 0
12.76292515131543 -0.933505111442651 0
12.76292515131542 -0.7811158958524378 0
12.76292515131543 -0.6439656022294007 0
12.76292515131543 -0.5205303385481252 0
12.76292515131543 -0.4094386005802135 0
12.76292515131543 -0.3094560358198057 0
12.76292515131543 -0.2194717274874164 0
12.76292515131543 -0.1384858506979383 0
12.76292515131543 -0.06559856140262244 0
13.15619712964597 -2.934401438623898 0
13.15619712964596 -2.861514149361003 0
13.15619712964597 -2.780528272610818 0
13.15619712964597 -2.690543964325725 0
13.15619712964597 -2.590561399621925 0
13.15619712964596 -2.479469661721403 0
13.15619712964597 -2.356034398119997 0
13.15619712964597 -2.218884104591088 0
13.15619712964597 -2.066494889110996 0
13.15619712964597 -1.897173538500993 0
13.15619712964597 -1.709038704550134 0
13.15619712964597 -1.5 0
13.15619712964597 -1.290961296285143 0
13.15619712964597 -1.102826462182505 0
13.15619712964597 -0.9335051114427489 0
13.15619712964597 -0.7811158958525646 0
13.15619712964597 -0.6439656022295114 0
13.15619712964597 -0.520530338548212 0
13.15619712964597 -0.4094386005802797 0
13.15619712964597 -0.3094560358198547 0
13.15619712964597 -0.2194717274874495 0
13.15619712964597 -0.138485850697958 0
13.15619712964597 -0.06559856140263175 0
13.49657772269159 -2.934401438624584 0
13.49657772269159 -2.861514149362527 0
13.49657772269159 -2.780528272613358 0
13.49657772269159 -2.690543964329489 0
13.49657772269159 -2.590561399627152 0
13.49657772269159 -2.479469661728372 0
13.49657772269159 -2.356034398129032 0
13.49657772269158 -2.218884104602562 0
13.49657772269159 -2.066494889125337 0
13.49657772269159 -1.897173538518697 0
13.49657772269159 -1.709038704571758 0
13.49657772269159 -1.5 0
13.49657772269159 -1.290961296285193 0
13.49657772269158 -1.102826462182576 0
13.49657772269159 -0.9335051114428338 0
13.49657772269158 -0.7811158958526745 0
13.49657772269159 -0.6439656022296074 0
13.49657772269159 -0.520530338548287 0
13.49657772269159 -0.409438600580337 0
13.49657772269159 -0.309456035819897 0
13.49657772269158 -0.219471727487478 0
13.49657772269159 -0.1384858506979751 0
13.49657772269159 -0.06559856140263981 0
13.79118032628814 -2.934401438625177 0
13.79118032628814 -2.861514149363847 0
13.79118032628814 -2.780528272615557 0
13.79118032628814 -2.690543964332746 0
13.79118032628814 -2.590561399631677 0
13.79118032628814 -2.479469661734404 0
13.79118032628814 -2.356034398136851 0
13.79118032628814 -2.218884104612491 0
13.79118032628814 -2.066494889137748 0
13.79118032628814 -1.897173538534021 0
13.79118032628814 -1.709038704590474 0
13.79118032628814 -1.5 0
13.79118032628814 -1.290961296285236 0
13.79118032628814 -1.102826462182636 0
13.79118032628814 -0.9335051114429072 0
13.79118032628814 -0.7811158958527695 0
13.79118032628814 -0.6439656022296903 0
13.79118032628814 -0.5205303385483518 0
13.79118032628814 -0.4094386005803866 0
13.79118032628814 -0.3094560358199338 0
13.79118032628814 -0.2194717274875027 0
13.79118032628814 -0.1384858506979898 0
13.79118032628814 -0.0655985614026468 0
14.04616165341964 -2.93440143862569 0
14.04616165341964 -2.861514149364988 0
14.04616165341964 -2.78052827261746 0
14.04616165341964 -2.690543964335566 0
14.04616165341964 -2.590561399635591 0
14.04616165341964 -2.479469661739625 0
14.04616165341964 -2.35603439814362 0
14.04616165341964 -2.218884104621085 0
14.04616165341964 -2.066494889148491 0
14.04616165341964 -1.897173538547284 0
14.04616165341964 -1.709038704606672 0
14.04616165341964 -1.5 0
14.04616165341964 -1.290961296285273 0
14.04616165341964 -1.102826462182689 0
14.04616165341964 -0.9335051114429707 0
14.04616165341964 -0.7811158958528516 0
14.04616165341964 -0.6439656022297621 0
14.04616165341964 -0.520530338548408 0
14.04616165341964 -0.4094386005804296 0
14.04616165341964 -0.3094560358199654 0
14.04616165341964 -0.2194717274875242 0
14.04616165341964 -0.1384858506980026 0
14.04616165341964 -0.06559856140265286 0
14.26685039607931 -2.934401438626136 0
14.26685039607931 -2.861514149365976 0
14.26685039607931 -2.780528272619106 0
14.26685039607931 -2.690543964338006 0
14.26685039607931 -2.590561399638981 0
14.26685039607931 -2.479469661744144 0
14.26685039607931 -2.356034398149477 0
14.26685039607931 -2.218884104628523 0
14.26685039607931 -2.066494889157789 0
14.26685039607931 -1.897173538558762 0
14.26685039607932 -1.709038704620692 0
14.26685039607931 -1.5 0
14.26685039607931 -1.290961296285305 0
14.26685039607931 -1.102826462182735 0
14.26685039607931 -0.9335051114430255 0
14.26685039607931 -0.7811158958529228 0
14.26685039607931 -0.6439656022298245 0
14.26685039607931 -0.5205303385484567 0
14.26685039607931 -0.4094386005804666 0
14.26685039607931 -0.3094560358199929 0
14.26685039607931 -0.2194717274875428 0
14.26685039607931 -0.1384858506980136 0
14.26685039607931 -0.0655985614026581 0
14.45785857703757 -2.934401438626521 0
14.45785857703757 -2.861514149366831 0
14.45785857703758 -2.780528272620532 0
14.45785857703758 -2.690543964340118 0
14.45785857703758 -2.590561399641915 0
14.45785857703758 -2.479469661748055 0
14.45785857703757 -2.356034398154547 0
14.45785857703758 -2.218884104634961 0
14.45785857703758 -2.066494889165837 0
14.45785857703758 -1.897173538568697 0
14.45785857703757 -1.709038704632826 0
14.45785857703758 -1.5 0
14.45785857703758 -1.290961296285333 0
14.45785857703758 -1.102826462182774 0
14.45785857703758 -0.933505111443073 0
14.45785857703758 -0.7811158958529845 0
14.45785857703758 -0.6439656022298782 0
14.45785857703758 -0.5205303385484988 0
14.45785857703758 -0.4094386005804989 0
14.45785857703758 -0.3094560358200167 0
14.45785857703757 -0.2194717274875587 0
14.45785857703758 -0.1384858506980231 0
14.45785857703757 -0.06559856140266263 0
14.62317795268775 -2.934401438626854 0
14.62317795268775 -2.861514149367572 0
14.62317795268775 -2.780528272621766 0
14.62317795268775 -2.690543964341946 0
14.62317795268775 -2.590561399644454 0
14.62317795268775 -2.47946966175144 0
14.62317795268775 -2.356034398158934 0
14.62317795268775 -2.218884104640534 0
14.62317795268775 -2.066494889172801 0
14.62317795268775 -1.897173538577296 0
14.62317795268775 -1.709038704643329 0
14.62317795268775 -1.5 0
14.62317795268775 -1.290961296285358 0
14.62317795268775 -1.102826462182808 0
14.62317795268775 -0.9335051114431141 0
14.62317795268775 -0.7811158958530379 0
14.62317795268775 -0.6439656022299248 0
14.62317795268775 -0.5205303385485353 0
14.62317795268775 -0.4094386005805266 0
14.62317795268775 -0.3094560358200372 0
14.62317795268775 -0.2194717274875726 0
14.62317795268775 -0.1384858506980315 0
14.62317795268775 -0.06559856140266657 0
14.76626342944011 -2.934401438627142 0
14.76626342944011 -2.861514149368213 0
14.76626342944011 -2.780528272622834 0
14.76626342944011 -2.690543964343527 0
14.76626342944011 -2.590561399646651 0
14.76626342944011 -2.47946966175437 0
14.76626342944011 -2.356034398162732 0
14.76626342944011 -2.218884104645356 0
14.76626342944011 -2.06649488917883 0
14.76626342944011 -1.897173538584738 0
14.76626342944011 -1.709038704652419 0
14.76626342944011 -1.5 0
14.76626342944011 -1.290961296285378 0
14.76626342944011 -1.102826462182838 0
14.76626342944011 -0.9335051114431497 0
14.76626342944011 -0.7811158958530839 0
14.76626342944011 -0.643965602229965 0
14.76626342944011 -0.5205303385485668 0
14.76626342944011 -0.4094386005805506 0
14.76626342944011 -0.3094560358200551 0
14.76626342944011 -0.2194717274875846 0
14.76626342944011 -0.1384858506980386 0
14.76626342944011 -0.06559856140266995 0
14.89010525366241 -2.934401438627392 0
14.89010525366241 -2.861514149368767 0
14.8901052536624 -2.780528272623758 0
14.89010525366241 -2.690543964344897 0
14.89010525366241 -2.590561399648552 0
14.8901052536624 -2.479469661756905 0
14.8901052536624 -2.35603439816602 0
14.89010525366241 -2.218884104649531 0
14.8901052536624 -2.066494889184047 0
14.89010525366241 -1.89717353859118 0
14.89010525366241 -1.709038704660286 0
14.89010525366241 -1.5 0
14.89010525366241 -1.290961296285397 0
14.89010525366241 -1.102826462182863 0
14.89010525366241 -0.9335051114431807 0
14.8901052536624 -0.7811158958531239 0
14.89010525366241 -0.6439656022300001 0
14.89010525366241 -0.5205303385485939 0
14.89010525366241 -0.4094386005805716 0
14.89010525366241 -0.3094560358200704 0
14.89010525366241 -0.219471727487595 0
14.89010525366241 -0.1384858506980448 0
14.89010525366241 -0.06559856140267289 0
14.99729151014823 -2.934401438627607 0
14.99729151014823 -2.861514149369248 0
14.99729151014823 -2.780528272624557 0
14.99729151014823 -2.690543964346082 0
14.99729151014823 -2.590561399650199 0
14.99729151014824 -2.479469661759101 0
14.99729151014823 -2.356034398168865 0
14.99729151014823 -2.218884104653143 0
14.99729151014823 -2.066494889188563 0
14.99729151014823 -1.897173538596755 0
14.99729151014823 -1.709038704667095 0
14.99729151014823 -1.5 0
14.99729151014823 -1.290961296285412 0
14.99729151014823 -1.102826462182886 0
14.99729151014823 -0.9335051114432074 0
14.99729151014823 -0.7811158958531587 0
14.99729151014823 -0.6439656022300303 0
14.99729151014823 -0.5205303385486174 0
14.99729151014823 -0.4094386005805896 0
14.99729151014823 -0.3094560358200839 0
14.99729151014823 -0.219471727487604 0
14.99729151014823 -0.1384858506980501 0
14.99729151014823 -0.06559856140267545 0
15.09006221841866 -2.934401438627794 0
15.09006221841866 -2.861514149369663 0
15.09006221841866 -2.780528272625251 0
15.09006221841866 -2.690543964347108 0
15.09006221841866 -2.590561399651623 0
15.09006221841866 -2.479469661761 0
15.09006221841866 -2.356034398171328 0
15.09006221841866 -2.21888410465627 0
15.09006221841866 -2.066494889192472 0
15.09006221841866 -1.89717353860158 0
15.09006221841866 -1.709038704672989 0
15.09006221841866 -1.5 0
15.09006221841866 -1.290961296285426 0
15.09006221841866 -1.102826462182905 0
15.09006221841866 -0.9335051114432305 0
15.09006221841866 -0.7811158958531885 0
15.09006221841866 -0.6439656022300565 0
15.09006221841866 -0.5205303385486378 0
15.09006221841866 -0.4094386005806052 0
15.09006221841866 -0.3094560358200953 0
15.09006221841866 -0.2194717274876118 0
15.09006221841866 -0.1384858506980547 0
15.09006221841866 -0.06559856140267761 0
15.1703561439673 -2.934401438627957 0
15.1703561439673 -2.861514149370022 0
15.17035614396729 -2.780528272625849 0
15.17035614396729 -2.690543964347995 0
15.1703561439673 -2.590561399652856 0
15.1703561439673 -2.479469661762643 0
15.1703561439673 -2.356034398173458 0
15.1703561439673 -2.218884104658975 0
15.1703561439673 -2.066494889195854 0
15.1703561439673 -1.897173538605757 0
15.17035614396729 -1.70903870467809 0
15.1703561439673 -1.5 0
15.1703561439673 -1.290961296285438 0
15.1703561439673 -1.102826462182922 0
15.17035614396729 -0.9335051114432504 0
15.17035614396729 -0.7811158958532144 0
15.1703561439673 -0.6439656022300791 0
15.1703561439673 -0.5205303385486555 0
15.1703561439673 -0.4094386005806188 0
15.1703561439673 -0.3094560358201053 0
15.17035614396729 -0.2194717274876186 0
15.1703561439673 -0.1384858506980588 0
15.1703561439673 -0.06559856140267956 0
15.23985129301728 -2.934401438628097 0
15.23985129301727 -2.861514149370334 0
15.23985129301727 -2.780528272626368 0
15.23985129301727 -2.690543964348764 0
15.23985129301727 -2.590561399653924 0
15.23985129301727 -2.479469661764067 0
15.23985129301727 -2.356034398175303 0
15.23985129301727 -2.218884104661319 0
15.23985129301727 -2.066494889198782 0
15.23985129301727 -1.897173538609371 0
15.23985129301727 -1.709038704682505 0
15.23985129301727 -1.5 0
15.23985129301727 -1.290961296285448 0
15.23985129301727 -1.102826462182936 0
15.23985129301727 -0.9335051114432678 0
15.23985129301727 -0.7811158958532367 0
15.23985129301727 -0.6439656022300987 0
15.23985129301727 -0.5205303385486709 0
15.23985129301727 -0.4094386005806304 0
15.23985129301727 -0.3094560358201139 0
15.23985129301727 -0.2194717274876244 0
15.23985129301727 -0.1384858506980623 0
15.23985129301727 -0.06559856140268117 0
2 3 0 2635
2923
2924
2925
2926
2927
2928
2929
2930
2931
2932
2933
2934
2935
2936
2937
2938
2939
2940
2941
2942
2943
2944
2945
2946
2947
2948
2949
2950
2951
2952
2953
2954
2955
2956
2957
2958
2959
2960
2961
2962
2963
2964
2965
2966
2967
2968
2969
2970
2971
2972
2973
2974
2975
2976
2977
2978
2979
2980
2981
2982
2983
2984
2985
2986
2987
2988
2989
2990
2991
2992
2993
2994
2995
2996
2997
2998
2999
3000
3001
3002
3003
3004
3005
3006
3007
3008
3009
3010
3011
3012
3013
3014
3015
3016
3017
3018
3019
3020
3021
3022
3023
3024
3025
3026
3027
3028
3029
3030
3031
3032
3033
3034
3035
3036
3037
3038
3039
3040
3041
3042
3043
3044
3045
3046
3047
3048
3049
3050
3051
3052
3053
3054
3055
3056
3057
3058
3059
3060
3061
3062
3063
3064
3065
3066
3067
3068
3069
3070
3071
3072
3073
3074
3075
3076
3077
3078
3079
3080
3081
3082
3083
3084
3085
3086
3087
3088
3089
3090
3091
3092
3093
3094
3095
3096
3097
3098
3099
3100
3101
3102
3103
3104
3105
3106
3107
3108
3109
3110
3111
3112
3113
3114
3115
3116
3117
3118
3119
3120
3121
3122
3123
3124
3125
3126
3127
3128
3129
3130
3131
3132
3133
3134
3135
3136
3137
3138
3139
3140
3141
3142
3143
3144
3145
3146
3147
3148
3149
3150
3151
3152
3153
3154
3155
3156
3157
3158
3159
3160
3161
3162
3163
3164
3165
3166
3167
3168
3169
3170
3171
3172
3173
3174
3175
3176
3177
3178
3179
3180
3181
3182
3183
3184
3185
3186
3187
3188
3189
3190
3191
3192
3193
3194
3195
3196
3197
3198
3199
3200
3201
3202
3203
3204
3205
3206
3207
3208
3209
3210
3211
3212
3213
3214
3215
3216
3217
3218
3219
3220
3221
3222
3223
3224
3225
3226
3227
3228
3229
3230
3231
3232
3233
3234
3235
3236
3237
3238
3239
3240
3241
3242
3243
3244
3245
3246
3247
3248
3249
3250
3251
3252
3253
3254
3255
3256
3257
3258
3259
3260
3261
3262
3263
3264
3265
3266
3267
3268
3269
3270
3271
3272
3273
3274
3275
3276
3277
3278
3279
3280
3281
3282
3283
3284
3285
3286
3287
3288
3289
3290
3291
3292
3293
3294
3295
3296
3297
3298
3299
3300
3301
3302
3303
3304
3305
3306
3307
3308
3309
3310
3311
3312
3313
3314
3315
3316
3317
3318
3319
3320
3321
3322
3323
3324
3325
3326
3327
3328
3329
3330
3331
3332
3333
3334
3335
3336
3337
3338
3339
3340
3341
3342
3343
3344
3345
3346
3347
3348
3349
3350
3351
3352
3353
3354
3355
3356
3357
3358
3359
3360
3361
3362
3363
3364
3365
3366
3367
3368
3369
3370
3371
3372
3373
3374
3375
3376
3377
3378
3379
3380
3381
3382
3383
3384
3385
3386
3387
3388
3389
3390
3391
3392
3393
3394
3395
3396
3397
3398
3399
3400
3401
3402
3403
3404
3405
3406
3407
3408
3409
3410
3411
3412
3413
3414
3415
3416
3417
3418
3419
3420
3421
3422
3423
3424
3425
3426
3427
3428
3429
3430
3431
3432
3433
3434
3435
3436
3437
3438
3439
3440
3441
3442
3443
3444
3445
3446
3447
3448
3449
3450
3451
3452
3453
3454
3455
3456
3457
3458
3459
3460
3461
3462
3463
3464
3465
3466
3467
3468
3469
3470
3471
3472
3473
3474
3475
3476
3477
3478
3479
3480
3481
3482
3483
3484
3485
3486
3487
3488
3489
3490
3491
3492
3493
3494
3495
3496
3497
3498
3499
3500
3501
3502
3503
3504
3505
3506
3507
3508
3509
3510
3511
3512
3513
3514
3515
3516
3517
3518
3519
3520
3521
3522
3523
3524
3525
3526
3527
3528
3529
3530
3531
3532
3533
3534
3535
3536
3537
3538
3539
3540
3541
3542
3543
3544
3545
3546
3547
3548
3549
3550
3551
3552
3553
3554
3555
3556
3557
3558
3559
3560
3561
3562
3563
3564
3565
3566
3567
3568
3569
3570
3571
3572
3573
3574
3575
3576
3577
3578
3579
3580
3581
3582
3583
3584
3585
3586
3587
3588
3589
3590
3591
3592
3593
3594
3595
3596
3597
3598
3599
3600
3601
3602
3603
3604
3605
3606
3607
3608
3609
3610
3611
3612
3613
3614
3615
3616
3617
3618
3619
3620
3621
3622
3623
3624
3625
3626
3627
3628
3629
3630
3631
3632
3633
3634
3635
3636
3637
3638
3639
3640
3641
3642
3643
3644
3645
3646
3647
3648
3649
3650
3651
3652
3653
3654
3655
3656
3657
3658
3659
3660
3661
3662
3663
3664
3665
3666
3667
3668
3669
3670
3671
3672
3673
3674
3675
3676
3677
3678
3679
3680
3681
3682
3683
3684
3685
3686
3687
3688
3689
3690
3691
3692
3693
3694
3695
3696
3697
3698
3699
3700
3701
3702
3703
3704
3705
3706
3707
3708
3709
3710
3711
3712
3713
3714
3715
3716
3717
3718
3719
3720
3721
3722
3723
3724
3725
3726
3727
3728
3729
3730
3731
3732
3733
3734
3735
3736
3737
3738
3739
3740
3741
3742
3743
3744
3745
3746
3747
3748
3749
3750
3751
3752
3753
3754
3755
3756
3757
3758
3759
3760
3761
3762
3763
3764
3765
3766
3767
3768
3769
3770
3771
3772
3773
3774
3775
3776
3777
3778
3779
3780
3781
3782
3783
3784
3785
3786
3787
3788
3789
3790
3791
3792
3793
3794
3795
3796
3797
3798
3799
3800
3801
3802
3803
3804
3805
3806
3807
3808
3809
3810
3811
3812
3813
3814
3815
3816
3817
3818
3819
3820
3821
3822
3823
3824
3825
3826
3827
3828
3829
3830
3831
3832
3833
3834
3835
3836
3837
3838
3839
3840
3841
3842
3843
3844
3845
3846
3847
3848
3849
3850
3851
3852
3853
3854
3855
3856
3857
3858
3859
3860
3861
3862
3863
3864
3865
3866
3867
3868
3869
3870
3871
3872
3873
3874
3875
3876
3877
3878
3879
3880
3881
3882
3883
3884
3885
3886
3887
3888
3889
3890
3891
3892
3893
3894
3895
3896
3897
3898
3899
3900
3901
3902
3903
3904
3905
3906
3907
3908
3909
3910
3911
3912
3913
3914
3915
3916
3917
3918
3919
3920
3921
3922
3923
3924
3925
3926
3927
3928
3929
3930
3931
3932
3933
3934
3935
3936
3937
3938
3939
3940
3941
3942
3943
3944
3945
3946
3947
3948
3949
3950
3951
3952
3953
3954
3955
3956
3957
3958
3959
3960
3961
3962
3963
3964
3965
3966
3967
3968
3969
3970
3971
3972
3973
3974
3975
3976
3977
3978
3979
3980
3981
3982
3983
3984
3985
3986
3987
3988
3989
3990
3991
3992
3993
3994
3995
3996
3997
3998
3999
4000
4001
4002
4003
4004
4005
4006
4007
4008
4009
4010
4011
4012
4013
4014
4015
4016
4017
4018
4019
4020
4021
4022
4023
4024
4025
4026
4027
4028
4029
4030
4031
4032
4033
4034
4035
4036
4037
4038
4039
4040
4041
4042
4043
4044
4045
4046
4047
4048
4049
4050
4051
4052
4053
4054
4055
4056
4057
4058
4059
4060
4061
4062
4063
4064
4065
4066
4067
4068
4069
4070
4071
4072
4073
4074
4075
4076
4077
4078
4079
4080
4081
4082
4083
4084
4085
4086
4087
4088
4089
4090
4091
4092
4093
4094
4095
4096
4097
4098
4099
4100
4101
4102
4103
4104
4105
4106
4107
4108
4109
4110
4111
4112
4113
4114
4115
4116
4117
4118
4119
4120
4121
4122
4123
4124
4125
4126
4127
4128
4129
4130
4131
4132
4133
4134
4135
4136
4137
4138
4139
4140
4141
4142
4143
4144
4145
4146
4147
4148
4149
4150
4151
4152
4153
4154
4155
4156
4157
4158
4159
4160
4161
4162
4163
4164
4165
4166
4167
4168
4169
4170
4171
4172
4173
4174
4175
4176
4177
4178
4179
4180
4181
4182
4183
4184
4185
4186
4187
4188
4189
4190
4191
4192
4193
4194
4195
4196
4197
4198
4199
4200
4201
4202
4203
4204
4205
4206
4207
4208
4209
4210
4211
4212
4213
4214
4215
4216
4217
4218
4219
4220
4221
4222
4223
4224
4225
4226
4227
4228
4229
4230
4231
4232
4233
4234
4235
4236
4237
4238
4239
4240
4241
4242
4243
4244
4245
4246
4247
4248
4249
4250
4251
4252
4253
4254
4255
4256
4257
4258
4259
4260
4261
4262
4263
4264
4265
4266
4267
4268
4269
4270
4271
4272
4273
4274
4275
4276
4277
4278
4279
4280
4281
4282
4283
4284
4285
4286
4287
4288
4289
4290
4291
4292
4293
4294
4295
4296
4297
4298
4299
4300
4301
4302
4303
4304
4305
4306
4307
4308
4309
4310
4311
4312
4313
4314
4315
4316
4317
4318
4319
4320
4321
4322
4323
4324
4325
4326
4327
4328
4329
4330
4331
4332
4333
4334
4335
4336
4337
4338
4339
4340
4341
4342
4343
4344
4345
4346
4347
4348
4349
4350
4351
4352
4353
4354
4355
4356
4357
4358
4359
4360
4361
4362
4363
4364
4365
4366
4367
4368
4369
4370
4371
4372
4373
4374
4375
4376
4377
4378
4379
4380
4381
4382
4383
4384
4385
4386
4387
4388
4389
4390
4391
4392
4393
4394
4395
4396
4397
4398
4399
4400
4401
4402
4403
4404
4405
4406
4407
4408
4409
4410
4411
4412
4413
4414
4415
4416
4417
4418
4419
4420
4421
4422
4423
4424
4425
4426
4427
4428
4429
4430
4431
4432
4433
4434
4435
4436
4437
4438
4439
4440
4441
4442
4443
4444
4445
4446
4447
4448
4449
4450
4451
4452
4453
4454
4455
4456
4457
4458
4459
4460
4461
4462
4463
4464
4465
4466
4467
4468
4469
4470
4471
4472
4473
4474
4475
4476
4477
4478
4479
4480
4481
4482
4483
4484
4485
4486
4487
4488
4489
4490
4491
4492
4493
4494
4495
4496
4497
4498
4499
4500
4501
4502
4503
4504
4505
4506
4507
4508
4509
4510
4511
4512
4513
4514
4515
4516
4517
4518
4519
4520
4521
4522
4523
4524
4525
4526
4527
4528
4529
4530
4531
4532
4533
4534
4535
4536
4537
4538
4539
4540
4541
4542
4543
4544
4545
4546
4547
4548
4549
4550
4551
4552
4553
4554
4555
4556
4557
4558
4559
4560
4561
4562
4563
4564
4565
4566
4567
4568
4569
4570
4571
4572
4573
4574
4575
4576
4577
4578
4579
4580
4581
4582
4583
4584
4585
4586
4587
4588
4589
4590
4591
4592
4593
4594
4595
4596
4597
4598
4599
4600
4601
4602
4603
4604
4605
4606
4607
4608
4609
4610
4611
4612
4613
4614
4615
4616
4617
4618
4619
4620
4621
4622
4623
4624
4625
4626
4627
4628
4629
4630
4631
4632
4633
4634
4635
4636
4637
4638
4639
4640
4641
4642
4643
4644
4645
4646
4647
4648
4649
4650
4651
4652
4653
4654
4655
4656
4657
4658
4659
4660
4661
4662
4663
4664
4665
4666
4667
4668
4669
4670
4671
4672
4673
4674
4675
4676
4677
4678
4679
4680
4681
4682
4683
4684
4685
4686
4687
4688
4689
4690
4691
4692
4693
4694
4695
4696
4697
4698
4699
4700
4701
4702
4703
4704
4705
4706
4707
4708
4709
4710
4711
4712
4713
4714
4715
4716
4717
4718
4719
4720
4721
4722
4723
4724
4725
4726
4727
4728
4729
4730
4731
4732
4733
4734
4735
4736
4737
4738
4739
4740
4741
4742
4743
4744
4745
4746
4747
4748
4749
4750
4751
4752
4753
4754
4755
4756
4757
4758
4759
4760
4761
4762
4763
4764
4765
4766
4767
4768
4769
4770
4771
4772
4773
4774
4775
4776
4777
4778
4779
4780
4781
4782
4783
4784
4785
4786
4787
4788
4789
4790
4791
4792
4793
4794
4795
4796
4797
4798
4799
4800
4801
4802
4803
4804
4805
4806
4807
4808
4809
4810
4811
4812
4813
4814
4815
4816
4817
4818
4819
4820
4821
4822
4823
4824
4825
4826
4827
4828
4829
4830
4831
4832
4833
4834
4835
4836
4837
4838
4839
4840
4841
4842
4843
4844
4845
4846
4847
4848
4849
4850
4851
4852
4853
4854
4855
4856
4857
4858
4859
4860
4861
4862
4863
4864
4865
4866
4867
4868
4869
4870
4871
4872
4873
4874
4875
4876
4877
4878
4879
4880
4881
4882
4883
4884
4885
4886
4887
4888
4889
4890
4891
4892
4893
4894
4895
4896
4897
4898
4899
4900
4901
4902
4903
4904
4905
4906
4907
4908
4909
4910
4911
4912
4913
4914
4915
4916
4917
4918
4919
4920
4921
4922
4923
4924
4925
4926
4927
4928
4929
4930
4931
4932
4933
4934
4935
4936
4937
4938
4939
4940
4941
4942
4943
4944
4945
4946
4947
4948
4949
4950
4951
4952
4953
4954
4955
4956
4957
4958
4959
4960
4961
4962
4963
4964
4965
4966
4967
4968
4969
4970
4971
4972
4973
4974
4975
4976
4977
4978
4979
4980
4981
4982
4983
4984
4985
4986
4987
4988
4989
4990
4991
4992
4993
4994
4995
4996
4997
4998
4999
5000
5001
5002
5003
5004
5005
5006
5007
5008
5009
5010
5011
5012
5013
5014
5015
5016
5017
5018
5019
5020
5021
5022
5023
5024
5025
5026
5027
5028
5029
5030
5031
5032
5033
5034
5035
5036
5037
5038
5039
5040
5041
5042
5043
5044
5045
5046
5047
5048
5049
5050
5051
5052
5053
5054
5055
5056
5057
5058
5059
5060
5061
5062
5063
5064
5065
5066
5067
5068
5069
5070
5071
5072
5073
5074
5075
5076
5077
5078
5079
5080
5081
5082
5083
5084
5085
5086
5087
5088
5089
5090
5091
5092
5093
5094
5095
5096
5097
5098
5099
5100
5101
5102
5103
5104
5105
5106
5107
5108
5109
5110
5111
5112
5113
5114
5115
5116
5117
5118
5119
5120
5121
5122
5123
5124
5125
5126
5127
5128
5129
5130
5131
5132
5133
5134
5135
5136
5137
5138
5139
5140
5141
5142
5143
5144
5145
5146
5147
5148
5149
5150
5151
5152
5153
5154
5155
5156
5157
5158
5159
5160
5161
5162
5163
5164
5165
5166
5167
5168
5169
5170
5171
5172
5173
5174
5175
5176
5177
5178
5179
5180
5181
5182
5183
5184
5185
5186
5187
5188
5189
5190
5191
5192
5193
5194
5195
5196
5197
5198
5199
5200
5201
5202
5203
5204
5205
5206
5207
5208
5209
5210
5211
5212
5213
5214
5215
5216
5217
5218
5219
5220
5221
5222
5223
5224
5225
5226
5227
5228
5229
5230
5231
5232
5233
5234
5235
5236
5237
5238
5239
5240
5241
5242
5243
5244
5245
5246
5247
5248
5249
5250
5251
5252
5253
5254
5255
5256
5257
5258
5259
5260
5261
5262
5263
5264
5265
5266
5267
5268
5269
5270
5271
5272
5273
5274
5275
5276
5277
5278
5279
5280
5281
5282
5283
5284
5285
5286
5287
5288
5289
5290
5291
5292
5293
5294
5295
5296
5297
5298
5299
5300
5301
5302
5303
5304
5305
5306
5307
5308
5309
5310
5311
5312
5313
5314
5315
5316
5317
5318
5319
5320
5321
5322
5323
5324
5325
5326
5327
5328
5329
5330
5331
5332
5333
5334
5335
5336
5337
5338
5339
5340
5341
5342
5343
5344
5345
5346
5347
5348
5349
5350
5351
5352
5353
5354
5355
5356
5357
5358
5359
5360
5361
5362
5363
5364
5365
5366
5367
5368
5369
5370
5371
5372
5373
5374
5375
5376
5377
5378
5379
5380
5381
5382
5383
5384
5385
5386
5387
5388
5389
5390
5391
5392
5393
5394
5395
5396
5397
5398
5399
5400
5401
5402
5403
5404
5405
5406
5407
5408
5409
5410
5411
5412
5413
5414
5415
5416
5417
5418
5419
5420
5421
5422
5423
5424
5425
5426
5427
5428
5429
5430
5431
5432
5433
5434
5435
5436
5437
5438
5439
5440
5441
5442
5443
5444
5445
5446
5447
5448
5449
5450
5451
5452
5453
5454
5455
5456
5457
5458
5459
5460
5461
5462
5463
5464
5465
5466
5467
5468
5469
5470
5471
5472
5473
5474
5475
5476
5477
5478
5479
5480
5481
5482
5483
5484
5485
5486
5487
5488
5489
5490
5491
5492
5493
5494
5495
5496
5497
5498
5499
5500
5501
5502
5503
5504
5505
5506
5507
5508
5509
5510
5511
5512
5513
5514
5515
5516
5517
5518
5519
5520
5521
5522
5523
5524
5525
5526
5527
5528
5529
5530
5531
5532
5533
5534
5535
5536
5537
5538
5539
5540
5541
5542
5543
5544
5545
5546
5547
5548
5549
5550
5551
5552
5553
5554
5555
5556
5557
8.093387064922716 1.21887207254797 0
13.65021364226131 0.5468171477657358 0
15.73124913549249 0.3571252420801933 0
16.80789521594203 0.4322251838157323 0
15.01708430139878 0.334777874735046 0
2.812656698504268 0.7577653057587179 0
0.4244272946802862 0.3791664747997046 0
-0.9497473808592286 0.4578389836751922 0
12.04604902117862 0.6740797192948903 0
17.8802295388616 0.5095233516020805 0
-26.94359629312724 5.387901013609659 0
-12.33241481055703 5.261364473236897 0
-40.77428235249516 5.296922067267048 0
-53.23466630940252 5.289130988300883 0
-64.53693677753543 5.929395850910336 0
14.55646769125892 0.4081952923268793 0
-0.1183653350847891 0.329019732192268 0
-73.74510627007604 5.764108813757069 0
-19.49102639309594 5.349639243444124 0
944.7626796904742 8.591657891746893 0
923.1077118991979 8.380065130797671 0
901.8815982915128 8.418309632417253 0
880.5132108981785 8.960986400201538 0
860.6495858959363 9.191527736952095 0
835.2722629192773 9.193036179498872 0
811.4630883517793 7.809988792970184 0
788.1599038101027 7.988409676195865 0
764.6442210575767 7.693898090038068 0
742.10095709497 7.558043749639423 0
719.8502372600703 7.533194256363054 0
698.673771537671 7.522435314331712 0
677.859965316671 8.261925705037461 0
657.3699179157463 7.229386715213537 0
637.208057190884 7.163470123176452 0
618.2823291387994 7.545126778408158 0
599.5037315357342 7.101301664304058 0
580.7216111068765 6.997592329950459 0
562.822165039525 7.149055680848967 0
541.7280786922393 6.724035377620249 0
521.4862830119139 6.937278848748889 0
501.5707572835647 6.554756578618718 0
482.2697180852664 6.037635898459162 0
463.7580327118065 6.473411321400146 0
445.6877099178737 6.312775883254922 0
428.1527466119971 6.236847261785686 0
411.1373002145302 6.163168214068655 0
394.6264102793535 6.053182054378285 0
378.6038465052662 6.022294241763239 0
360.5644139265058 6.061066022045141 0
343.1607803132575 6.193885834525443 0
326.1733378738177 5.795263465876449 0
309.8872893102917 5.787966195210268 0
294.3340053309843 5.308396876921615 0
278.9812963425759 5.590915944870099 0
264.3010196998583 5.883672203021608 0
250.1695195092183 5.466157290573006 0
234.7391646388562 5.680189949686566 0
219.624846866212 5.333894948581667 0
205.2712255030074 5.812316383613195 0
191.1558586848246 5.313299158644229 0
178.2380994117636 5.298444648672145 0
165.4162087505262 5.099164670553202 0
151.7322171355687 4.83840397050157 0
138.6716794551412 5.03775623520619 0
126.1356329981035 5.004512576732592 0
113.9728430611352 4.876408386010765 0
101.2549635587694 4.856998434015636 0
89.23611997258158 4.887007368895821 0
77.65428922603073 4.723168611238556 0
66.79399068769953 4.783603152653372 0
55.28772596533295 4.661624538262672 0
44.56290925884532 4.693133911192366 0
34.29050735360389 4.537807099051513 0
23.78598242821202 4.706390776831476 0
107.5342287973812 4.886541243576176 0
95.15704799624928 4.867963866764547 0
242.3019222519702 5.486462868679741 0
226.9398902224874 5.546336100003566 0
212.3635950484198 5.35293346582942 0
198.400739177487 5.396739511541991 0
184.7356617275857 5.002853788167945 0
171.7308888729279 5.047409105230119 0
159.1276922171928 5.320385982419395 0
15.39550935137249 0.3061270336197808 0
-2.173154993605361 0.714062317046307 0
1.031678768989745 0.4407266046335273 0
19.06534721811175 0.6239443157544766 0
966.8570248236311 8.569505227188287 0
16.10242456299159 0.3673476906423868 0
-87.23046877129057 63.73160124105747 0
983.7208644546317 8.732728011156063 0
-46.75661105728764 5.904704595254566 0
-80.966691133178 5.85575474054461 0
-32.58404092189793 5.84533652455247 0
552.1500631149949 6.866473952488539 0
531.4609023225026 6.68418472316818 0
511.3834840121611 6.960230862329834 0
491.7002870073906 6.815055826966253 0
472.7396455462159 6.457163516161612 0
454.6549485718679 6.351605177575687 0
436.8323395445302 6.321780881848146 0
419.5835931041541 6.576124217287184 0
402.7856043396294 6.751396172660041 0
386.5550947758204 6.029334069891007 0
368.3109609171617 6.3535353675235 0
350.5437022816471 6.225161912269396 0
333.3301935177287 5.794836046142551 0
316.797585900117 5.741536641219387 0
300.9002294036651 5.950516257356842 0
285.4227014907104 5.678896809778971 0
272.6873639657437 5.610346155457371 0
1003.263262965367 62.86725251244026 0
-92.67397172781541 35.61824136297081 0
5.521457960348203 1.194529134587254 0
20.73323249373082 0.8836511898667785 0
1006.870048035831 37.07194961101429 0
0.08937916286035097 0.3271223983699539 0
-88.30778712064082 6.034138997424958 0
17.12345222473038 122.8751929395023 0
84.8842790481209 121.7313327283472 0
-3.50950376347471 0.9861084881873863 0
146.9499931595936 123.1093143465004 0
207.818262782129 125.4486538823981 0
277.9856267704063 121.7377587555434 0
345.9180595019979 121.9829216853413 0
410.7180538743632 122.4445341114485 0
471.4553986429412 121.592253188811 0
543.9120562998837 122.537742979099 0
611.2849487404806 123.9898957210477 0
672.8565768107316 124.9104104288396 0
736.2763921112305 120.5230446324864 0
799.7653373170082 122.0292716830724 0
871.4026060411907 121.5579561481418 0
1.720327353854539 0.6306960234631054 0
-95.37213036146225 19.64911982776258 0
10.80997203598302 0.8259011781701101 0
17.29710882137248 0.4708103822877251 0
1010.208000839471 19.90482580782436 0
13.03254899678891 0.6655071677707104 0
16.41183288393166 0.4061376036794081 0
14.18035446874218 0.4408516949985438 0
932.9524520158461 122.0396204133476 0
-0.3394715477260064 0.3847064431539592 0
-0.1606307236253641 0.5838464438414346 0
955.7546796838717 8.521430667181228 0
-57.71651476111306 5.712481094199179 0
-69.04938909365467 5.819396267065301 0
-36.63061680705888 5.498265522081144 0
933.880700012012 8.550202089810945 0
912.4417661725885 8.333880260707524 0
891.572629474808 8.397058775287741 0
870.8313514235173 8.153701856063645 0
845.6595467132917 8.044704742574275 0
821.4449927839701 7.949137449075788 0
796.8955812950817 7.974785946990036 0
773.8215581592132 7.607503799611021 0
750.9547709840474 7.982919392131501 0
728.8429969845961 7.623444940998601 0
707.1854810976768 7.553555514100987 0
686.0644806557131 7.353637819968396 0
665.4658863959116 7.264443290938132 0
645.3768424120876 7.262381120212414 0
625.7856013794523 7.092622622227751 0
606.6789845523447 7.009888563423138 0
588.0471690801641 6.848009454615919 0
569.8725412468784 6.929813854104109 0
995.5859269211833 8.102206134562088 0
14.84151956392164 0.376697688984182 0
14.95446187873032 0.4965932206402913 0
15.53624073977911 0.3385809086914163 0
15.43442370877207 0.4580560589095009 0
22.02328453143353 2.466402254464535 0
-93.49768284547582 5.964276313319879 0
15.20510371849229 0.3061374363844471 0
-5.521535459545651 1.139617476069861 0
998.8714436914557 101.41519204944 0
-80.04760760194088 105.2018701541155 0
1006.917392202275 8.988927681199156 0
21.92389317291576 0.9761823801098689 0
-0.4835755069590097 0.632237624574879 0
-0.1531466012903791 0.9920621367425382 0
-0.663402096492451 1.143862962141425 0
-0.1717805896065994 1.659907058211259 0
-0.9483382179073718 1.832223279184104 0
-0.2762064429219792 2.612490253409888 0
-1.511435804767379 2.99855939581896 0
-0.4614637549490301 3.951030558068701 0
-2.003042997755331 4.589476476829615 0
-0.6812302823756287 5.658813582295201 0
-2.464123730319909 6.290557676101006 0
-0.9751718438383044 7.686112990179513 0
1.112560192619331 6.682740224199132 0
0.5300201290148812 9.457183388401475 0
0.7005342133075583 3.319727562072091 0
-3.820907617622387 4.853384197447608 0
-4.397970708680043 6.793453515139745 0
-1.274564731905709 1.003162258169486 0
0.5764150421066031 1.236766994546016 0
-1.912650326583329 1.744862593051861 0
-2.813094858557616 2.568954159818392 0
-6.769882586326064 2.628205132359945 0
-97.22695766629704 8.834531755707735 0
-5.759569300124953 5.224436470293389 0
-6.756331430901549 7.13939054857946 0
-4.928402453452192 9.108386629666844 0
-7.397048577543586 9.75570318117402 0
-5.437548983943755 11.80657966246106 0
-9.501082864335366 7.65799836384851 0
-10.00399206443262 10.32545072292527 0
6.832623125276879 1.21573753453445 0
7.445623942647711 2.242973712773787 0
8.907362740354804 2.147802866961229 0
8.091324306578731 3.377424566714981 0
9.492480020043729 3.387504843268128 0
8.734288322623897 4.686813034347676 0
10.27097040299455 4.723190943639159 0
9.42900391415437 6.200553950791538 0
11.3998387121561 6.114411926710908 0
10.27439241103881 7.923061134927803 0
12.32011038769816 7.93357986513433 0
11.39110671319863 9.819078869122873 0
13.3150975871027 6.132236504270391 0
14.3510915213651 7.908208895630804 0
15.23547655052406 6.21948207222386 0
16.29790429905326 7.905683475536649 0
22.47414212647474 4.483879666533602 0
23.28397937784618 5.848795354415619 0
29.70458817735686 4.397928338924003 0
27.1976059644379 4.66403402827177 0
31.5013406513114 4.657933448978977 0
14.43899256256619 4.690246326258158 0
15.9307435093439 4.731735000503487 0
7.292629433402471 4.602753430874429 0
7.954291720596198 7.512786356545868 0
21.7882544577971 5.797820278891177 0
22.52113694221444 7.226583892662173 0
24.39887357868756 7.120838518364186 0
23.62976384776971 8.849259628600349 0
15.07940467681337 3.432691987154656 0
16.4115364494137 3.480345676297152 0
13.87661989967732 3.392699044550244 0
17.19266095121434 4.423729710768423 0
17.49182078410635 3.110597355391155 0
15.75800893042619 2.487205333556623 0
21.12860100331418 4.512779243234766 0
20.32530206171853 5.750401249249667 0
25.42337578639442 4.598771468896672 0
10.83369239810973 3.316132684794468 0
3.072141251992907 8.436968289047952 0
2.646383646600643 11.08933333245179 0
3.339073799917055 6.029529742650909 0
19.51195601031415 4.508499382335677 0
20.2937578494287 3.319629817644238 0
18.75814948795498 6.01265286455909 0
19.51126439962942 7.084250366941919 0
6.158699565936475 2.231218009498631 0
4.875906562943114 2.174823007809916 0
5.457383499142574 3.278132291757213 0
4.133436929065816 3.265966860066373 0
14.81161889851054 2.467826193671101 0
13.76132294880281 2.328198241516711 0
15.1913989609009 1.789972439020376 0
16.15397481939461 1.705243345848674 0
15.72269572133593 1.204151537891971 0
5.160736638681355 10.24378611514683 0
4.793793948183978 13.11664115076199 0
21.46123328125212 8.854058701932345 0
22.49878935780825 10.76502927506458 0
16.61945784069064 2.546273390338528 0
17.9319083383965 2.271198724897419 0
17.1569525455568 1.728917408227739 0
18.51984463732379 2.909384151867172 0
18.65835804193869 2.051304834165878 0
13.08729621975234 4.365315899233183 0
3.553967320200057 2.054961557895798 0
7.745451885594745 11.97778862859693 0
7.53681282264747 15.44966206636207 0
14.47018206682599 1.746566631485342 0
13.7416581128066 1.458473570783608 0
13.1084314956318 1.911065371443774 0
14.94783181449344 1.200983471975908 0
12.67258999200343 3.368456564443306 0
19.37860800511716 2.626392266853809 0
19.45139186832104 1.751358852798392 0
18.01382984029268 1.526514298454885 0
18.73997333025445 1.383954228295946 0
2.817764041154643 3.055574920073401 0
2.421112756849637 1.887029158291795 0
42.10303554211032 122.3754969040444 0
62.48800024602843 96.5797177622381 0
28.45243398212303 99.76152593633533 0
7.099576360353681 98.42714397089448 0
18.37627720944396 81.05451415593409 0
-0.09870551307420368 79.11888738863163 0
9.728455124693212 64.04932149641981 0
26.3903557862825 65.6698609721592 0
-7.101212655840719 63.67198719164433 0
18.09082242086232 52.59218929729697 0
31.56783607416757 53.00413704209797 0
25.69920055451531 42.12982937129802 0
36.6808393948866 42.41183147020801 0
43.52622052998977 52.23450061923879 0
46.73011525860748 42.06017557411195 0
42.04143592669251 34.19047072845731 0
50.43222670672299 32.82764210796609 0
55.53423519635005 40.06677906757362 0
58.68846205580945 32.43235861909726 0
63.59651079775945 38.67492460760083 0
61.44294403193025 4.679266915345289 0
66.20624376320275 31.37414058535641 0
71.32150011988395 37.34185266239831 0
72.06192356181239 4.832582123404013 0
73.61180726474824 29.29287400680434 0
78.89874944438453 35.78587714733778 0
83.33429838206429 4.777105717605847 0
81.19457706767408 29.19823594047337 0
86.09165234792184 34.56123525853426 0
88.13378050060012 27.3337615351277 0
93.13734265551741 33.20469525729512 0
90.83490558406625 40.73279460616471 0
98.88591374705456 39.15200044783602 0
96.31863421425882 47.65667623619031 0
105.6097054798099 45.67309091942502 0
68.81221257227266 45.16535977121855 0
107.5798011028975 35.95048094318879 0
114.5670763430838 43.14067029948497 0
117.2955810040648 34.58666290851487 0
123.3101863805117 40.82820981043155 0
125.6956502307392 31.47225455879518 0
131.5106710439492 38.34167442464948 0
94.90569137436491 26.57514806053197 0
133.9606844629538 30.58215114647367 0
139.3229742735383 36.25502197943531 0
132.9309334073703 5.025039727645727 0
141.8835294736506 28.77757382401484 0
147.1818868646975 34.54230871087344 0
145.7603261111675 5.014052206992567 0
145.2353479277899 42.13841643305532 0
153.3605320518778 39.68962094558045 0
154.460243195321 31.14754227831686 0
161.6468371268322 36.75076444576397 0
160.0178242629055 45.64164167431143 0
169.2737862192031 42.32759320424743 0
167.6156948337258 52.35622633556181 0
177.373416383983 48.52424495730558 0
178.402676523116 38.0902546251687 0
186.4531434037312 44.06273089006866 0
186.7953081466387 33.50504971129583 0
194.8437042345898 39.67275691634529 0
162.4446595516255 28.88512672471042 0
112.5413539420745 52.87033747682717 0
195.7676698386041 30.5765770913396 0
202.5582185896925 35.85528123290792 0
202.1921423576543 45.10836101545023 0
210.6495944637308 40.87173835478654 0
44.88674219961401 27.68192315289055 0
38.83698855929999 4.551060573843096 0
41.70349783012888 4.803673795104809 0
50.30602459764265 4.63071498075605 0
210.5039943227196 51.05035808327118 0
219.4799483629345 45.94835016299211 0
38.63906338179838 27.61239988172422 0
219.898459153591 35.88349681727352 0
228.1704494153591 40.74017185657478 0
228.7097719157413 50.5018205646975 0
237.5068498362024 44.83565117970902 0
61.45558569234842 25.44325570654786 0
236.216086541181 36.42784777325782 0
245.5591300762113 38.22346837606267 0
246.9337512931512 48.94205999779305 0
254.7715495151416 42.75168893808424 0
119.1708139875051 27.20735385539225 0
119.2411897676784 4.899220963478768 0
254.0087389731671 33.39941768967769 0
262.249800573579 36.80370197305577 0
264.1385958923927 46.46822794088335 0
271.8523031302404 38.83368258651054 0
274.0015475339696 49.57597492263765 0
281.2888527447161 42.59926274399032 0
284.2070713773153 52.99832312515377 0
292.1673079573348 44.17956302737377 0
295.153623390857 56.83413298328777 0
303.4744809887275 48.55818398477741 0
203.2051010472416 27.7100661024641 0
41.37828713287371 22.33416194429717 0
77.35600343068914 23.49763311518235 0
301.5229152598268 37.99278898285381 0
312.1488138714324 39.55711947403745 0
314.7104252765292 51.26658212420649 0
322.4491597286107 43.14182576499164 0
325.7889284990282 54.13199047188436 0
334.3036354528683 44.27009280489847 0
337.4034868262931 56.81213309712889 0
345.8440767554042 47.89756711278638 0
349.2998320336624 59.74067940588559 0
357.3923521206109 50.37535691165174 0
353.9066198770345 38.9267119176305 0
365.1418372549711 41.91511810037883 0
369.0044877555839 52.42008649838306 0
377.3034161587462 42.53142727707965 0
380.6639443849073 53.53934599083789 0
388.8104429503215 45.46906746937164 0
392.641634146894 55.65289981445461 0
400.2306637343902 46.7341958025221 0
404.7198008460682 57.47514244773885 0
412.0714816509706 47.73648244106971 0
417.1029553355183 58.90187211637312 0
424.7347062241167 47.10766440684605 0
429.9945817913936 60.81830781698714 0
437.3371378529401 50.08322643686529 0
148.7015134601367 5.044801955522574 0
135.6951956456897 4.950043949367496 0
121.915058219473 4.949228988780067 0
85.77992551808286 4.739960351493851 0
74.31357516771328 4.736658708087459 0
63.61896318888814 4.665537398989551 0
52.28562700134785 4.609294886488556 0
142.8484205956591 5.001443278501151 0
130.1001173112549 4.985890887173348 0
81.0461335649568 4.629717038940746 0
69.8045162169329 4.682511481986475 0
59.36130387409258 4.744225471782352 0
36.93076855411422 4.745682344592032 0
48.36860742220426 4.612645971632923 0
174.7567238035132 60.8873529076164 0
35.90185992670525 22.47442089677256 0
189.5544462195361 26.38240245836803 0
91.51957751890838 21.84794651123909 0
96.70852479663455 21.0042612252931 0
277.956987610733 34.27890631037139 0
157.2231494395057 24.23387612221158 0
162.8853730430749 22.31867425492575 0
136.2340984419164 23.47169075099861 0
373.4141886498809 63.79013475349829 0
14.10353812743119 40.36421862779414 0
328.7033144647254 35.95176050744449 0
317.6482560992287 63.13296033369893 0
38.6339422216514 18.04743093937419 0
24.99993511983629 10.68077872613161 0
23.81696451102504 13.08821475851149 0
43.12559489024203 17.89134438434872 0
21.13567478062874 13.1797260565669 0
22.56990189780966 15.95900949860504 0
266.2559098916931 58.94425678548694 0
433.3662370605933 38.9404068562281 0
444.3759480137491 40.5979786609412 0
449.6449260960896 50.8194763661632 0
455.751904492236 40.90499999604295 0
461.2146011748709 51.41354418437029 0
467.7754760597472 41.26048211296152 0
472.9875517240961 52.00972089912135 0
479.6346936272265 42.6989065403796 0
484.7792459535823 52.66521537284476 0
491.4744581820655 42.16551165044246 0
496.8493649556306 53.23127101249563 0
503.4322108652826 44.04930083106443 0
508.9933721853911 54.27119026184722 0
515.689514592098 43.42466530181004 0
521.3186881557298 54.81918024775641 0
528.0179843677549 43.92950644064442 0
533.798728731536 55.4794049748339 0
540.3536910086195 45.43218734411643 0
546.4228921384708 56.24271137653496 0
553.384360512707 45.30211155679778 0
559.2829089147291 56.93685142364746 0
566.3990167593578 46.92012474226928 0
572.2986569830514 57.83654064573088 0
578.9769732109195 47.10048281472149 0
585.3861987965847 58.53680216130302 0
591.2274836046624 48.00426613254581 0
598.6949952584446 59.08311993969413 0
604.606806118801 46.91350140358873 0
612.0619175722275 59.78999534850986 0
619.9897266494526 46.352999378574 0
626.0348858919452 60.36826815185243 0
633.5565686883299 48.89702170052848 0
456.2900934182911 62.42148957240594 0
307.9796876653361 31.12369889058294 0
300.553743791135 29.03101568393419 0
157.6597303906669 55.98176716075384 0
260.2488384975758 28.47605199381739 0
253.6470676113642 25.56877587417965 0
255.9996753791589 5.602624837154282 0
260.2278638837927 5.566530498377427 0
639.9292643524338 61.44790488125947 0
647.6595112147472 49.24540107907239 0
406.7798096576838 37.16677343929453 0
654.0261172006685 62.26306706683292 0
661.7576433958239 51.37954665819709 0
668.2517677294943 62.91795343993525 0
675.8286104375118 51.94398298111373 0
682.714612440825 63.70970516331591 0
691.093181106173 51.12960967515603 0
26.60654283485918 12.84809428098485 0
372.1666639693708 33.7665718014867 0
-17.0179044395565 75.31916262573608 0
-21.6295441650005 60.92911867466248 0
131.7531246626154 48.73626571447255 0
697.371991518776 64.618656428075 0
706.1827256384258 52.73624588203874 0
93.52575265963745 16.88781353590718 0
89.11695414268753 17.63201386786855 0
98.05673461295927 16.1582049697043 0
101.2946122216351 19.64073746355216 0
102.2839458781327 14.8976705218544 0
18.83608169115008 15.71482802267879 0
20.95467323191196 19.33961384650463 0
32.39314283152898 27.36836992618717 0
40.74561574823919 14.1674039122338 0
44.40792421490396 13.8867522190589 0
46.76986574159803 16.7971574493504 0
47.89208092111043 13.55117376091847 0
500.6834561366392 65.45232050853937 0
439.0840465610582 31.17205053858051 0
430.7410354514208 29.67223830111965 0
158.5794896805535 17.92966765039638 0
153.5620241042321 19.84799438860645 0
163.7061801645488 16.93413494827806 0
167.5910559694338 19.98829307088381 0
485.2388869690423 32.85296386461662 0
527.9980879612511 67.46586053234319 0
551.4263516575438 68.53198323472455 0
578.1460654839151 70.25725811014631 0
478.3548897919583 65.23894798664676 0
536.0272482735733 35.33443743744132 0
461.2850876033021 33.10501864778699 0
571.1022097424553 37.08707447974018 0
50.18506054762818 16.18679236059108 0
51.18902423473919 12.62167150330786 0
712.2242053491037 65.4933941915142 0
720.1723922777566 53.42080387275928 0
727.1154754336887 64.90793849586666 0
735.5990045394328 53.67636465316447 0
742.5445838470216 67.29811770047247 0
751.7432349345099 55.06123306550413 0
758.0091133235495 68.220995207372 0
765.9743275440214 55.13004957577574 0
713.5077931732635 40.64409951826755 0
667.6002435831084 41.64052644512357 0
612.077025515357 36.22359250499031 0
397.2953103353357 68.14833414378624 0
421.5606325853535 72.64635680248207 0
508.364289089626 34.24800954900172 0
761.5904495599102 42.52712783930914 0
773.9568867364538 43.9460877620698 0
780.0429076866819 54.90373127435505 0
786.8107084764707 41.54597381239142 0
793.3720835246797 54.18889209031713 0
800.0033766326465 42.63323169368383 0
806.6358609437982 54.0078703383575 0
813.4046151622535 40.52160998590354 0
819.9024192910222 53.36659307527535 0
826.4973289978338 41.85810518748607 0
833.0995802516833 53.22633320284105 0
839.8385539208306 39.79463591939076 0
846.312162527724 52.60127405700766 0
852.6808846200987 41.11689047999074 0
859.4262728795538 52.45582185868913 0
866.135089242499 39.07699315288637 0
872.5981189147029 51.82091516121372 0
878.8728359391368 40.40357716428788 0
885.6266577467374 51.66596092995763 0
892.1542477329795 38.53810442469671 0
898.6930767702748 51.05651933671307 0
905.1621079927363 39.74156809067791 0
911.6872598632115 50.87549405330135 0
918.2097372112905 37.80244498699122 0
924.60399859777 50.19497150361872 0
930.9469133980551 39.0789843663383 0
937.3374781069881 49.94673464901483 0
943.5285748862434 37.25923508339346 0
949.8806956026557 49.24860691724118 0
956.0028282694872 38.44829869693642 0
904.9436079403561 66.47916605276022 0
930.9490464047767 63.25732665062649 0
880.557487578443 64.86394929006973 0
853.144557286294 64.83447315642175 0
829.8182825088561 69.59074877611252 0
800.2713286397751 66.46456629959937 0
105.4404058084655 18.28328882459137 0
106.3184760597166 14.38216102529811 0
640.0759873761223 38.31869062962327 0
340.2779112983741 70.2755557777574 0
285.8413214921806 65.83413084771006 0
306.4711690109953 23.40193153045738 0
299.706701702888 21.72184938003935 0
258.8393375894701 21.90240120067755 0
16.60659314867011 19.26114523811969 0
-12.83554188354283 52.50212512943803 0
-25.15752091443566 48.04931107553321 0
-34.61713857327771 57.44356579761399 0
-37.18150164665661 45.43026390683478 0
-30.53076063948225 37.85396260204349 0
-40.18355311741816 35.57733817786178 0
-47.18531833312936 42.24518999025785 0
-49.33754933768058 32.94151996420549 0
-56.1462730611755 39.30138822150302 0
-57.29031333472324 30.6356885752665 0
-33.18963842184137 29.49039170023288 0
-25.63872559361458 30.83720676095609 0
-54.56973623302996 49.16578858816934 0
-52.17747688156258 25.21767145242713 0
-58.80604272931087 22.29768693398216 0
-64.13794600845651 27.66588188172886 0
-28.19630255067337 23.42547341495541 0
-34.42229168040467 22.87671275779313 0
-21.4849029828835 24.91641064465391 0
-23.33516058646204 19.20051733112506 0
-65.38369105471997 20.86489726527117 0
-70.22374796462248 24.75813930564293 0
-70.1435773795392 31.44198198768898 0
253.3396644057016 18.97728441827803 0
36.94130072912212 14.54677691689182 0
962.2265620511522 48.90938751283144 0
967.3351523655757 38.12823475436673 0
956.7377371618427 60.58542931156538 0
53.53254707531044 15.52076412021 0
54.55274760957005 12.46357685752592 0
56.71586743371266 14.91991861222376 0
57.62265840253356 11.5826144541059 0
59.81824422989726 14.29662129748459 0
60.78292909791791 11.4543866185857 0
62.81469165391769 13.76824868869189 0
63.65400095005119 10.63596484261608 0
65.72146229482144 13.17031334723139 0
90.43428529505508 13.88059679103969 0
86.94422840069544 14.26417619817106 0
167.809895581476 14.7234731934367 0
171.6866380305266 17.71835108139455 0
66.60581328406714 10.51024544193956 0
68.50688845975465 12.66462160104514 0
68.08687494224218 15.94819203033649 0
27.62516936938782 10.11246144083048 0
109.285236430889 17.12430257771731 0
109.9647174458689 13.03873359174958 0
112.9227095659189 16.02048128018908 0
113.6766605403472 12.5286619903554 0
116.3092457956628 14.99164361958707 0
154.4770938974168 15.17461794499257 0
150.3639869762158 16.39454977314514 0
108.5300629554023 21.21486418253403 0
38.46897463217208 11.53894707925894 0
35.71397890349753 11.56551907288939 0
99.54810328836577 12.54496443182236 0
248.1858805935597 22.49410519967249 0
247.5888703150555 16.25483327831727 0
243.3919582446438 19.46458097848345 0
-17.6600271658336 19.48880255857824 0
-15.52328968853221 25.31932470041642 0
46.04773354889414 11.04626960602995 0
-70.88915400034345 18.13031743752191 0
-75.73125394412648 22.1282255456281 0
-53.37772456961716 18.83435698580589 0
312.3349637909298 25.57486502417265 0
303.8837838829941 17.53121134479156 0
69.2881086639569 9.741183502724652 0
71.21583506623287 12.09914558030301 0
52.46910447030641 18.94679435319616 0
19.13080577801986 23.49620569748063 0
14.222614760628 23.57779471119215 0
704.3406016773961 78.65350869660702 0
632.3165880902409 73.85877462527399 0
778.4503691843743 34.54912171130269 0
172.1206087348051 13.33369099393955 0
175.4289766028738 16.05249246157998 0
175.2564618420976 20.38897867622141 0
436.0929380947216 23.61611246144087 0
443.3571527627331 24.22768440494485 0
428.685821571665 21.46749855680719 0
265.0684165394931 23.68624747791121 0
116.9468494297551 11.3028933131982 0
119.5374841233599 13.93541816767976 0
263.0306122963399 17.80166450344 0
268.7651416361141 19.28821242231296 0
805.7766477842455 31.77309033579255 0
298.7731425247514 16.04526625525137 0
294.5533214341334 19.45874392864025 0
72.03532090625934 9.61584786368333 0
73.82815574406408 11.51174677301535 0
-20.42362781405689 15.24006022056575 0
-24.59072312818667 14.38417177610929 0
88.48524708089134 11.27456145413363 0
85.29368346584074 11.10774737840208 0
91.31767123734141 10.7687368744457 0
83.66718888197425 14.25106410199432 0
82.23455368777662 11.52894302307172 0
80.52426021777603 14.30114004990054 0
15.36801744714756 9.863141106295968 0
-76.32540068606055 15.99203412430086 0
111.5274931295755 10.1606015813216 0
110.090200377336 4.896052351560014 0
52.82327148627439 10.14968245235683 0
33.84437427966158 13.97823677593705 0
74.55622388826332 8.945148064706155 0
832.2332791458358 31.09825470214238 0
164.449870183139 12.55900721658049 0
179.1462805826573 18.04087223998496 0
178.8136863404236 13.79246238909259 0
182.7806201241249 15.74412268725562 0
267.7800638405913 13.92390445727234 0
272.2939063541283 15.67522858834242 0
268.4667090549398 5.756153818541495 0
120.57075048998 10.51930361869329 0
122.6812361574907 12.97594838006337 0
242.8106666268216 14.70597576167962 0
239.0950459618573 17.03216761191088 0
151.6929028850566 12.57780823595633 0
147.8480842516998 12.966078364885 0
154.9712996507236 11.42513032708359 0
156.1849669843734 5.102412252017261 0
146.4988711032084 17.07554401546934 0
144.1882193459904 13.9969284991198 0
251.7860596499285 13.85489313625426 0
73.02989964708868 14.13155893364214 0
-12.0549016613695 20.61389396222502 0
-9.727776488182316 25.87400127129917 0
3.258305019439509 16.30896659090986 0
858.7678931250672 30.46942895629618 0
238.7999350227355 12.33748938170143 0
235.4241721683451 14.91246141485727 0
235.2503718315903 19.28241414546576 0
231.1968495938225 16.4075509498577 0
231.0586101519211 21.85140584380621 0
226.8436189357778 19.09560085131764 0
238.2446322940839 5.539673738201975 0
226.8116163249798 14.42109576428185 0
222.9137519693479 16.4712745503695 0
884.1025158539456 29.82380203604988 0
37.21706506849064 9.099879950479822 0
34.72899723802311 9.211831770126508 0
39.48146767417448 9.083470578095437 0
25.21020618619745 18.83987478496003 0
123.268632846605 10.6698249972122 0
125.7207969086982 11.72577645635615 0
124.9892943144446 15.32674501986585 0
128.2433889654174 14.24742266547894 0
127.5675824012598 17.85915646832301 0
128.9278410886512 10.97039095880067 0
131.2596865494008 12.93335277144841 0
604.7516992699123 72.20007730241586 0
-80.97802393823642 19.90369598225088 0
440.3263590430381 18.07588950878859 0
446.9605969386324 17.66669673347611 0
961.2602041773264 28.95255867470201 0
971.7746363885964 27.23665630376301 0
977.9847334980692 36.93343842872925 0
982.3309570739044 27.58202005424011 0
59.14249753698054 9.270203854122922 0
200.6716254516259 55.4195893443592 0
210.6263286302579 62.96441984253883 0
197.9666710866465 68.09525008489356 0
223.3370990968736 11.96944940424901 0
219.5918294777865 14.14577091491832 0
218.9713053714333 18.37300897965653 0
215.4161514214072 15.22327471648196 0
214.8177370507175 20.19694761098825 0
211.1842453707344 17.17552315612378 0
223.4210202959738 5.417792740119433 0
211.5503827041 12.98977373220828 0
207.8814143939026 14.44999528413256 0
-66.0680663332586 15.47901259422579 0
-6.718976714525179 21.19251050749481 0
-4.100091355358696 26.33234665074121 0
294.3899322183163 14.20863365436368 0
289.6868116554335 16.35706307382931 0
290.1291097347976 22.37964725391544 0
285.3638085072555 19.80471774445093 0
273.8485902928425 20.96599472694871 0
284.8237752801412 14.80690887641177 0
182.5982102762293 11.48924376759661 0
186.082669013985 13.69267153293236 0
181.4321474963898 5.168515725424249 0
-47.99024415205663 20.30783681195049 0
-49.90399271440748 14.79344031817174 0
-44.86985895297049 16.27032899578368 0
-54.56976327457471 13.66427729738437 0
910.2545378156444 29.09214084768918 0
935.768756011146 28.73658052964783 0
210.410048975931 77.06570111036504 0
196.1715836098568 84.35941967088092 0
-81.45784795105463 14.12433597566514 0
658.0199498784608 78.06178715498361 0
969.5016114902407 59.7920322948285 0
963.8145988670061 73.51825229424219 0
263.3186909348756 12.64163834103165 0
-7.424851865763644 31.81743529828105 0
421.9926861438603 28.68134768567263 0
421.279607409384 20.73364474107161 0
65.07040316123684 8.483327008810051 0
-0.9825244940559605 31.81007115787177 0
145.1067695258889 10.77136676142244 0
141.9595761250664 11.32269068589575 0
140.6665002038078 14.49497406421466 0
138.8023973714088 11.65318251880072 0
-79.92442292185336 26.39787434099171 0
131.4915176516847 9.942852108497892 0
208.3830813895575 10.59332979260778 0
204.9913069772778 11.99347268572074 0
204.1646213940646 15.78209659251264 0
201.3505684535171 13.16535422132039 0
200.3328407901414 17.26290758596394 0
197.8275975803225 14.02813710985886 0
208.5924232244446 5.466698859491668 0
85.30704934816619 48.9097695850488 0
93.90443470951115 57.94956630597906 0
81.17786617670994 60.28931091430446 0
90.9836277752967 70.52940208165059 0
83.36052840611367 9.072844597805373 0
81.04415153541507 9.1645249429329 0
82.05275298761298 17.36318477140974 0
425.3736877126503 15.91597172867326 0
-21.71921144960067 11.49026404039786 0
-18.29438849770834 12.13216641415409 0
-15.87554170558489 5.337216111158854 0
-23.37493626239657 5.681529662218251 0
-63.54061385393889 45.48237631706057 0
-62.95257684285197 56.800016842711 0
137.2994768564012 14.63350802517954 0
179.9672999988937 22.96208640545292 0
174.0665093900666 25.57994290831752 0
185.9560874270803 9.830381075302981 0
188.987734830981 11.74417335305299 0
190.028598155643 15.39235965169862 0
196.398853880553 18.31327554694892 0
188.3631971019878 5.159406554551238 0
419.9608026042673 14.14014745444349 0
415.7945247996553 18.7880944566794 0
202.2428613111857 9.480098264440633 0
302.714772790672 12.90003964829892 0
307.1775595578562 13.77831256439252 0
305.3385140057853 5.705046048610464 0
14.8858345280129 15.68489513192491 0
6.860942331439862 19.35827453151585 0
35.69935246710385 7.461912825491166 0
33.71927907420401 7.157055260829122 0
32.60274131350788 8.988900256109309 0
37.36119205339661 7.08460339587765 0
39.94469742955413 7.018178883048151 0
31.76736453998172 7.014314828885476 0
179.2613879501802 10.17280496023447 0
988.3612046578085 35.56679545408582 0
991.7773964767135 26.52499065981842 0
89.58377215131067 8.737373285154085 0
91.54201704185449 4.650554462356361 0
92.02190909716786 8.020409098135881 0
93.8056110733021 10.05034540343251 0
62.54347624146779 17.27645084179075 0
-77.6619878494681 11.55661859917521 0
-46.10340554706769 11.52375992633986 0
-42.04432320671728 12.88880399708633 0
-50.430072614613 10.4081171966394 0
119.1216769115679 17.46049892233685 0
-25.57751520497944 10.34859166852281 0
-28.2453684170358 13.19125362255832 0
-29.25324849092789 9.77914465659633 0
-31.83576418670717 12.01918275907221 0
747.9438226715115 83.6425454120434 0
767.1873947223189 84.02021015474922 0
118.4463478169317 8.747998946436526 0
116.5583406191428 5.053047525515658 0
984.4651070423788 45.36025688646799 0
414.2983505440204 13.14804334417046 0
410.5050387790052 17.09205908870675 0
411.4589654032042 22.37559044780838 0
405.9362119661839 20.4556565283627 0
405.506950806305 14.62903758858548 0
400.7026827890525 18.09379201755898 0
400.9859081729703 24.37368067324842 0
395.6496068891249 21.45272221359739 0
395.8975715944455 15.70175284283025 0
390.5271796161953 17.72639932475232 0
390.4279883685186 24.60008286956478 0
385.171613943495 21.31627968740626 0
384.9994762540019 15.56124962098135 0
380.1921913241865 18.2369016746571 0
384.709140383073 28.98148611901738 0
219.8987552707348 24.07187130381782 0
213.6890413922033 25.30866594185863 0
450.2863851573238 24.2065646432637 0
453.3909200622905 18.46930176771495 0
201.7416721245135 5.256458534497167 0
235.2270301568058 10.89357382214512 0
230.7930196939562 5.382254558625703 0
977.9936525993701 20.22210024723629 0
140.0654850346943 8.623182667067168 0
137.0487994277369 9.137344013152898 0
152.5713764834975 9.022029668179375 0
16.95413930321029 28.23815344932942 0
450.9585771968979 13.49504438402987 0
456.1600560651983 12.93228210904236 0
459.2188632817952 18.14861799060635 0
76.56345479220398 11.12214403695902 0
271.4699150562349 11.23518880100991 0
275.1044886903481 12.73666218012475 0
70.65077908798123 7.79487506102582 0
72.68540224114606 7.389195770738506 0
10.85564766334241 27.92384250665314 0
281.0831989110231 16.7240314207346 0
17.71842867475046 9.71872853850715 0
226.8927771632476 10.28020966220323 0
380.2497021843401 12.5518603617509 0
375.9090401782265 15.28203152534687 0
373.3719492013207 5.72280374859788 0
375.3788726078669 20.52770617813708 0
371.0536707690131 17.37238198700715 0
436.566979096791 74.87558079338305 0
426.9268581374527 88.29732363076556 0
447.1406562196437 91.10725045788993 0
219.7923055069165 10.13035704016064 0
216.0496120577403 5.064064497767209 0
977.4723501833129 71.71870481482637 0
76.08867687776002 72.63696900280846 0
85.7223946812739 84.69909350889581 0
102.8269102634519 81.86199609235119 0
225.9101487792001 23.73941194530356 0
76.9188883754245 8.812015245523614 0
120.4896244576727 8.176251138660762 0
-61.44412291999038 16.90054613960052 0
-62.8841872098644 12.34485988215762 0
353.6944287995178 73.38127807666797 0
242.7317799101776 10.08957699009587 0
246.364881984746 5.712293648682754 0
371.629554120508 12.20795699325305 0
367.0757286636737 14.21261070362131 0
366.1433273573758 19.17208100589778 0
362.0223904535295 15.92628098812954 0
361.0933771397566 21.18565118015331 0
357.3257404478804 17.78769483388753 0
355.8491728168943 23.18939701834121 0
351.8473718910867 18.8429436767871 0
350.1419021086144 25.36649888849827 0
345.4864859832485 21.33391781904321 0
347.0900844737274 15.73801760349858 0
341.3901014594504 16.66407634116216 0
339.8298932207102 22.89275179800667 0
336.0309809123636 18.63221397720539 0
337.0037802216692 13.75765658222136 0
332.1300473696941 14.39282936745279 0
330.6607224744864 19.64803550933992 0
327.2098885310385 15.70523503702452 0
338.2301813106051 5.994242381992818 0
325.3998478032895 20.62906029945908 0
322.2677770035215 16.45787019965609 0
361.0581916209197 26.70494586197094 0
358.4664501121271 12.67371835283514 0
355.4560412608997 5.992728156999161 0
324.1624921642474 11.70307256214888 0
319.342542585815 12.8244899647539 0
321.6904599220996 6.110436640875617 0
317.4732501295238 16.92430434336126 0
315.0921631073185 13.59775384598827 0
313.1973627286206 17.41449443074571 0
-85.74612434958235 17.35227304576995 0
-86.11716469997782 12.67080271553543 0
279.6590883351321 22.1356671401007 0
241.6759661733673 25.53168808343729 0
461.920145446926 12.74191340247948 0
464.7276316208604 17.63414349394924 0
467.0491095622377 13.13427420271682 0
470.5363314938392 16.58259995584395 0
22.3758571483291 27.95216873046367 0
94.59130391442584 7.564221032189292 0
97.5728787699738 4.649832385536775 0
96.13971362526991 9.360304955526992 0
95.61269182135659 11.83693972393306 0
362.7513212774422 11.04796545335454 0
-66.75451511971264 10.62319677381645 0
343.9447322844062 85.66063788659721 0
361.9341407291493 87.45852976758376 0
224.1792967721514 69.03832987897516 0
224.0696775498268 86.2190938228418 0
239.1597077735109 78.40081875991534 0
239.9919787329522 101.1366202112712 0
257.0079765261881 87.04454790781503 0
298.5716642470695 70.60179655613935 0
288.5000006581748 82.81224141522497 0
305.6924704058624 86.55040416165727 0
424.0689832088474 10.51675206677501 0
75.66964958094368 7.155038512501337 0
55.2596950812307 9.773614217384015 0
53.66472272672568 8.060634844957134 0
51.80743859837365 8.180694658775778 0
55.88932637915847 7.573662517778319 0
57.31294649412806 4.581599913717854 0
61.4394588753951 8.943191509125903 0
60.02209570445338 7.144683518879837 0
62.04826112100782 6.875802043931992 0
67.21823767691694 8.181132107759021 0
114.1909236297484 9.57525778680516 0
112.2779802849692 7.594015250905448 0
109.7906717023486 7.810820929849855 0
48.59062617700982 10.65557874732121 0
46.85099707346576 8.740941768006916 0
46.40618013452598 4.583836144835285 0
44.73818695802019 8.936186323997514 0
45.57650623387436 6.961721769340945 0
43.56845360818591 7.303967953529527 0
47.56642157997539 6.910127380933389 0
42.63021568317625 8.977000335108222 0
-31.05073429911256 15.5874992886796 0
-34.70281898541414 14.3279485680526 0
-35.46178654139085 10.47933372722111 0
-40.74180843511739 16.77374495543968 0
67.76854077568554 25.18533398920063 0
54.89712893113852 27.13041487818684 0
467.9874999023177 22.40853121958431 0
474.0295566895885 22.0330130168409 0
476.5773227810067 16.35550959639657 0
480.1955728429819 21.29701066146504 0
482.4155183127076 14.91345752588153 0
486.1790339173543 20.21773676249205 0
488.214506765724 14.94350338510385 0
492.0479593033229 19.47230248829281 0
493.0522657156162 14.33227233475477 0
498.0607816582284 17.68148970982157 0
495.8766001489408 24.5186267070505 0
502.3266931731426 23.20799994319599 0
504.6056096032413 17.08251269225913 0
508.8006964320585 21.88524187317513 0
510.6501838492147 15.2015337661196 0
514.9441392527768 20.37779348873427 0
516.2829492505322 14.93588888602727 0
521.2333192801235 18.27841219435794 0
519.3751509645734 25.23591420064392 0
525.9355612716736 23.50585717893748 0
527.8320272648284 17.19521288807654 0
532.3854385516449 21.57865510265462 0
533.7154966087911 14.83449253039642 0
538.5004549833758 19.62156967877695 0
266.4951551097954 10.03270469501228 0
248.333285126062 11.84695354111622 0
229.9551580864601 12.19356926301768 0
251.3873400820049 10.14831317360174 0
254.628926745756 11.28551369252457 0
259.5440977601084 14.32185976841665 0
123.3938469701407 7.284585270992486 0
87.1725420243005 8.926910995183754 0
970.8894554924819 88.42594609036469 0
952.5813422692986 88.71379087190158 0
963.5565287052191 105.5338295341926 0
506.1841391210459 11.16610211943552 0
155.6246785672776 8.264820432923214 0
157.6644358608968 10.18349079762929 0
428.6093514969416 12.02805908480705 0
82.08731514110235 7.422399031439742 0
80.0353975041468 7.36663313079273 0
84.09620670427522 7.103579344404007 0
2.643638507661538 20.62130040037417 0
211.910537011956 9.261837106066951 0
214.6141018701466 11.26387829982167 0
129.5858672670515 8.045999692855796 0
29.19546064398019 12.01347138645369 0
130.036531282274 25.36178371710905 0
183.3295410328969 8.768314196941779 0
391.4081717642955 31.62713396086048 0
149.7466995453401 10.00605230188439 0
471.4088821513543 28.13001653760105 0
-4.629242238443058 37.37232102751434 0
160.9264430338694 13.9375874638852 0
78.06454044856099 18.05083242059424 0
-43.00019627096283 9.201709547678181 0
0.8137260246798126 52.59136159122832 0
-7.043802786377668 116.4055455180317 0
-43.03135532256456 117.0674830916144 0
169.2289548425672 10.9249446955943 0
168.5554939175597 5.114972874825677 0
171.8378302833615 9.828253757164699 0
174.9291100480375 5.187859247007267 0
165.6118190095498 9.120530610775504 0
162.3082357976566 5.085706773028194 0
176.8358338072879 11.27727951211025 0
794.9430740417274 32.2179590589046 0
800.2195782963242 23.69754824100105 0
809.0193264738797 22.78502536064066 0
789.9248025056705 23.58418287510901 0
804.4250727569726 15.73750567624065 0
821.6704884402559 30.99461214303247 0
826.8244150240245 22.76022645836691 0
835.460874621934 22.1075798603021 0
848.0667700232618 30.30570721234177 0
853.2462243994289 22.23472874614587 0
861.8589502930732 21.60379410215727 0
874.1963337441454 29.62591097763467 0
879.2415025453511 21.74919883555048 0
887.7152274942323 21.71892432007548 0
900.3352646392378 29.48075154095285 0
905.0603726271203 20.25111007099315 0
914.2312936853705 19.61829230952573 0
926.1717276057125 28.71158841169716 0
931.1589911664541 19.74234312004369 0
940.6776266465369 19.62774202614442 0
951.4115016077242 28.80387694417851 0
956.7138449073223 21.31100700490519 0
188.9670149165428 8.607176407937324 0
191.6373419256729 10.10712506109193 0
194.8354752729243 5.275631487116108 0
112.7100262078618 28.48530415009864 0
104.8095001646274 29.27298382932361 0
629.582087649717 37.20004680544341 0
635.8349384759209 28.96287143978824 0
644.947028066821 29.01800244488753 0
640.730499668232 20.77109152102887 0
649.0982615200274 21.41180943007138 0
632.8900035957806 20.87656558647332 0
653.4457957350904 28.41982841464705 0
657.9001261381433 20.31906816123188 0
652.3177888915835 14.8675328017463 0
645.6548778406136 15.69981567065799 0
661.6600929468142 27.45883767042416 0
665.7865053667806 20.646479601709 0
669.6693979147553 26.73882337822379 0
672.9660020849259 19.96550223632912 0
677.538919854694 26.15524271949401 0
680.7087978497121 18.76972816115592 0
685.3479906090489 25.50891325543601 0
688.2817440742234 18.14402279300495 0
692.9940892614384 24.88840297313087 0
682.407843769955 33.20186153671017 0
696.4822166526028 17.07949315931062 0
700.7061224463421 24.17174110263017 0
697.1138974456424 32.28711537585477 0
704.5823138555829 16.61056019107877 0
708.3572766388617 23.53949748897583 0
711.9568941067512 17.05932685792432 0
715.8234243463845 23.07946371967778 0
719.048905435287 16.8813493297921 0
723.1577066699384 22.54399756667179 0
524.0525864667558 30.750257032655 0
-12.59745475233114 36.99874413474546 0
540.1534219657202 13.37498566942606 0
544.1502351584481 17.71906637404452 0
543.1727781781292 23.9901453312163 0
549.7456688668545 20.93457565252245 0
548.3576291443998 29.00745834771167 0
555.480798097358 26.44767965056629 0
556.9019062760896 19.18049284943972 0
562.3924281386021 23.70020809423407 0
563.1005867983372 16.08632911175301 0
568.5971838760111 20.85961608157788 0
557.4331419946894 13.24914317197571 0
561.9916680461606 31.60596076570656 0
569.5237827188002 14.25402920354792 0
574.4917785934477 18.32551468911037 0
575.2112996330227 12.03020851559836 0
580.3038163251465 15.11646678076187 0
579.5406587701959 22.25073981631198 0
586.3441803713825 18.52694702597273 0
585.0550091740408 26.85078057741849 0
591.7060175909812 23.44030053117413 0
592.8298411242075 16.50027533148743 0
598.2206445470774 20.20739668796249 0
598.1988708680201 29.41217244910767 0
604.4887764925832 23.93398492265748 0
604.5034776431312 16.12493145133348 0
610.4113491611495 19.91198629194856 0
552.4906546737637 14.75570342290398 0
545.5106035822909 11.96032605765243 0
30.68549430728188 8.722179064583962 0
30.031141159948 7.00249294843727 0
-0.8105482023215334 17.49045087510333 0
-0.006226722298843246 11.99458483162825 0
434.4207314850352 17.33994163894166 0
437.9078185849733 12.38197133963422 0
442.8937754486433 13.08739369267097 0
104.1178600075859 11.60037991937387 0
101.0949093869343 9.532426646966586 0
106.9245336467313 11.08418370849102 0
105.0442339597931 8.944149788513634 0
103.747740305813 4.854158370443312 0
501.6165408289451 12.93595861475043 0
176.8557391829729 8.547591480500827 0
293.568175271118 34.03687233963019 0
127.0799810841216 8.963917702459392 0
726.2238842992368 16.12313697472906 0
730.3768457977726 22.12316024373631 0
727.1393732384182 28.96981124056958 0
735.5923311408829 28.23016669884161 0
737.9152674145286 20.26361631873515 0
743.8196277216417 26.8390279507984 0
746.5682010044707 19.7161354030609 0
751.9438518593927 25.77974044987201 0
754.4616570539266 17.60703835164072 0
760.0958889219229 24.33900658670638 0
741.0895030661028 35.3273500211915 0
762.9491242239213 16.58660774046729 0
767.8217809819573 23.07943564454763 0
342.9277529827518 37.09913831774055 0
965.1208569424876 20.9111715146886 0
-51.86783173744992 60.62955941281836 0
-61.51841120755979 69.88173244364792 0
-46.41088497040082 74.71681610377087 0
-58.90888234675838 85.22031021494766 0
48.84548326243647 8.368899486025784 0
49.36239361739724 6.439381826850989 0
500.6761872755397 29.86222887173563 0
96.8914598713647 7.426961368913113 0
28.34865253427023 15.29541731580744 0
139.0216553572109 18.54189848922273 0
658.9427993366839 14.07378928729058 0
-8.999313867263757 16.27547966305035 0
-13.60196028366262 16.3569012581771 0
771.2512326465796 15.89984685448175 0
351.6629755953727 13.49690104415813 0
348.1873427809426 11.35154380893494 0
343.9847641971749 12.32479731704528 0
-54.13695415364086 9.881112846137299 0
-72.59161114412521 13.63940838554054 0
205.5469788248957 8.677677872268395 0
692.1525284116567 12.26215028370712 0
611.0342133066179 14.072315967318 0
616.0943521542774 16.53935723324506 0
616.2953106460718 22.78085890779582 0
621.3385092219471 18.41767314213946 0
628.143312409473 27.45451326718874 0
441.5534746022341 126.0797133407754 0
636.1563991008903 15.51264415841822 0
630.4286579959484 15.16944743769018 0
324.0880461920196 80.89275089176712 0
169.5353739023842 8.198152208739067 0
298.491131966615 11.07551483231231 0
407.6864220256758 84.15503260468836 0
65.8197920098645 6.816421785707204 0
32.83510135289287 5.770379422474551 0
294.5273637567856 10.12190778541208 0
289.8553914945213 5.765825877301133 0
290.9372840655264 11.83406724639941 0
477.745824312187 10.668265319399 0
86.60969167734889 21.72547792989574 0
235.6288055789398 24.29634811582281 0
281.2450537377659 12.41364411235021 0
284.6943050816996 10.37111684480758 0
995.6962463441516 42.35327203440771 0
775.4006428134772 21.59514551616564 0
778.1379992836289 16.04928603408946 0
334.0913780428839 10.69816218549746 0
328.7534355313712 11.6895537968601 0
795.8302908868656 17.30346430580466 0
658.4902334434084 35.27060160288218 0
88.13627679968438 7.114554418814683 0
-39.96240534569841 26.62703484078794 0
417.3314224635722 37.71107012107036 0
986.7775563587361 19.33125126973447 0
994.2238499795429 20.27454994945882 0
998.753736223837 24.81344116589856 0
203.6483494569476 20.8678393508721 0
67.79924924023447 62.70571976376007 0
61.34538047476553 73.31679655347774 0
37.97231361648289 80.33492570411924 0
-82.66903942326637 10.47349399548661 0
473.2768223820983 12.44860968341989 0
830.7835458044888 15.17095119045811 0
-74.996634376744 51.77984741659395 0
320.8689316284091 33.09297451125368 0
384.7516108954786 11.05086269468378 0
388.5674752171221 12.37761614953528 0
67.3275097748882 6.18919990301934 0
496.8721665004307 9.074273035935732 0
239.3132333459949 9.099667207906869 0
96.37081657463349 99.61907145180015 0
115.4112574003238 94.97459824369429 0
120.1245316371934 75.53212191136957 0
133.4724664285469 89.0833525285193 0
138.8605717841419 70.64779232875179 0
150.9553214218718 83.1457420852342 0
107.9552891696146 117.4219665257263 0
788.2280205817676 16.64664302692826 0
131.9805300645453 7.594991887567859 0
328.812353144367 24.92445255440831 0
20.1540133673256 2.259902403032263 0
21.08973902770737 2.487926916491152 0
178.5840955420894 121.1267121238204 0
-11.95372215767855 8.53280047837079 0
-12.52315969469119 10.78397279727832 0
-14.50609014241155 8.964745625640557 0
134.1222679708499 8.998270457286493 0
135.7627563443188 11.55592524370817 0
598.1489454611907 14.05706245381759 0
151.5201733583392 24.9701189896787 0
248.0898234374197 8.429677225479018 0
281.1468126409972 8.299600239299194 0
123.7363455569073 19.06963268518502 0
311.9710682019748 121.7894282375079 0
-19.63436136674144 9.092027938670212 0
77.63828696662027 6.746224185377848 0
668.8221204025517 14.31761313772097 0
377.6163826149303 125.6479890605596 0
268.2242261483448 30.88498791276838 0
585.2914812017317 13.29493202184963 0
-74.92086638935777 78.90213512029386 0
757.1803513871614 100.0730890192926 0
502.2501422095626 122.8442680744729 0
489.7530440138879 97.80841946656263 0
513.4765116250725 100.187125951092 0
222.7186954660455 8.956148640617462 0
89.92436347798359 6.496426836524254 0
229.7543449984457 9.020635358258826 0
-39.57039760219184 10.04167668521827 0
52.57351270249504 6.703097285314723 0
54.25068141224335 6.340781847271292 0
567.3039439318165 122.8281235882321 0
588.2417625957784 97.85542523501785 0
556.7587668189899 101.3846077781549 0
758.1524898919963 12.14903739051532 0
642.7490975842184 121.7117360021687 0
626.5522133773759 101.2348703459659 0
703.5566486007885 120.4091662458869 0
901.5284347123788 123.394271006786 0
913.6141164012315 100.1783642568982 0
888.1445902892117 97.57401484023939 0
860.8477628217499 94.3522061677708 0
844.915932378271 114.7977944571143 0
836.7857388587213 91.03115219271632 0
305.8319171636001 9.845849334940509 0
309.6488025627634 10.68031507804585 0
274.3038775433112 9.408285030642988 0
297.1179512492217 8.024685192893543 0
114.7920388155106 7.295815064594283 0
-42.93567104079747 91.88604119418881 0
199.0846132444709 10.63637453300905 0
263.2641908257744 8.687707274313254 0
260.1911915015075 10.17967320532378 0
593.6074551508696 10.99426444246842 0
20.78981041208218 1.662659709081869 0
21.63810613632873 1.841666940642571 0
41.21769924736611 10.84704941871983 0
3.400198718299902 39.48621507696686 0
764.8506010413358 31.44834852282317 0
134.9384109399618 18.07576394280994 0
648.9408641337193 98.82387992228213 0
440.9480018153436 9.312283165161913 0
158.1106007727651 7.418671838822236 0
160.1992997343631 9.017256278251734 0
93.16334236581977 6.239037481239196 0
153.8052010662274 6.768723153975508 0
127.3886721204906 6.444958300526512 0
98.20594478596526 8.740720383159726 0
98.90773450974203 6.55441220401421 0
823.9506901185771 16.85294608250063 0
143.096753577766 8.368270114940263 0
145.7921231184982 8.359647098241133 0
-94.42755674125233 15.74495358918433 0
351.6876277694396 9.24389907821916 0
115.1247344599762 23.27591343495938 0
-1.66193729408982 0.6376530100595033 0
726.3307767632082 42.8422577062976 0
-92.48699791815395 28.4727880075674 0
780.1103921162378 101.3901568224651 0
-87.50477721330488 50.1105121426049 0
-78.87576772333426 40.94182958818043 0
-7.382091512691438 0.8583155856899428 0
812.026612056146 16.04205238704666 0
10.5195140081565 14.09128053102726 0
459.0997153574953 9.459449577764577 0
16.46249771907135 11.63443961958496 0
13.56631281598516 12.03464416871178 0
11.58681009244531 17.94542719365468 0
18.30038822831706 0.9766876613755006 0
17.72972636975875 1.027942819082659 0
150.6076035791239 7.467318066197025 0
1011.115679916148 14.16486141412667 0
1005.536159390414 15.73856082936104 0
620.4110095059318 12.15510364158265 0
684.9490445407824 101.4945916240393 0
818.078228025709 21.48375835441185 0
29.8742148467098 21.99906740832349 0
720.3063113880816 103.2559896502874 0
675.810419020327 13.77668785456905 0
681.8182739676909 11.90298596735409 0
-32.32150573663947 8.709681725925364 0
20.08521409781885 34.14870603893549 0
27.80948624937467 32.67635661482504 0
178.9719687222759 30.07246349600044 0
79.24472346065187 11.34974438541632 0
199.4000827701685 7.548323154727854 0
196.9492352373009 8.591082199035196 0
210.9386993753606 31.26730429474738 0
4.684329958958528 4.547037912355952 0
249.6027853134065 125.1041696871826 0
214.6167689031 8.150115329401414 0
536.5513820940944 10.24830225851064 0
-4.551471516262782 1.225736520455047 0
-5.287283743986188 2.17922040037571 0
-3.851004266662316 1.961529819535872 0
-74.22149196075395 10.17442326995278 0
1001.853040221632 80.40660524889678 0
367.0942967692968 9.424299948841806 0
364.036565891183 7.964672364665508 0
997.7150334590128 32.9337116855407 0
170.391698924231 32.50785928970339 0
52.80869790052421 61.94260245502662 0
838.454622736488 15.08322937798049 0
10.30835056453896 2.200259843230263 0
11.51668484412967 2.139905217365556 0
4.384201337910704 1.1264735053892 0
254.2366195323917 7.699183127637879 0
-22.45601087610567 8.094437910554346 0
18.43929602723442 3.921742098905199 0
53.2580254452872 49.77776686848767 0
376.0061562482404 10.59728282999533 0
14.34061998488357 1.187360118734379 0
844.2153203609647 20.81510638663531 0
5.386463229123262 7.665537547017566 0
485.472242494895 11.26999552953424 0
236.5847354598841 7.775664433795749 0
41.75251334689752 7.266918599453641 0
42.6303233500379 5.760855755610021 0
34.79931664955838 6.165597510424686 0
36.17157414746841 5.829294155999172 0
316.3546975805887 10.02286691134564 0
46.6555476458096 22.08306596428103 0
857.2865222155028 15.34929241509034 0
849.9596595364548 13.89622121201214 0
21.58341347823604 3.456616626543028 0
141.437391338758 6.876083042230498 0
302.3430686788877 8.955181559984304 0
529.203108195895 11.14029992347123 0
524.3694397284416 13.23586115601933 0
-8.824245833929224 4.827642283057089 0
864.2382308287376 14.64820352045101 0
870.2767023901151 20.36088636232044 0
58.01356756976945 7.541231326258687 0
14.63379028107698 0.8544369164655073 0
168.0288610716917 25.53164941066594 0
524.8439398153325 8.978939871282945 0
-2.764927260128528 0.7667936387634544 0
6.167973215822183 24.16804343031392 0
271.8648145057737 73.72667152145851 0
275.1816692685088 95.20917292340859 0
-30.19643660898657 7.005304718741482 0
-34.69528017523301 7.346454754515836 0
63.95303451853431 6.828797417087777 0
602.6788626244382 36.88677326465228 0
1004.572851952536 49.18947020027977 0
13.14258490493654 1.227339623654555 0
12.49314188752453 1.537614590292413 0
20.09795195575374 0.7411313369730116 0
337.7212438006313 9.571141179707684 0
672.4434231562851 8.707081817031913 0
18.6135177603753 0.5943279635793417 0
1009.406096740565 27.47879913525095 0
400.0829390405562 12.96546303835703 0
396.2231829826681 11.09809969434497 0
399.4387322772436 8.583246187418499 0
9.213525780679483 1.053270830102932 0
107.3641321149914 8.121892245536436 0
105.6249810808185 6.656724103884281 0
103.7994727064401 7.286527600102366 0
457.8891220741918 24.8897664617208 0
453.6063562612273 30.38458714438143 0
715.6719885067155 11.40835125385939 0
56.48133321971403 21.43625591563109 0
128.0029432082562 60.57222622290866 0
138.0082330783043 57.36073453258224 0
186.6782817187277 7.485822653213686 0
583.7591091388658 36.89026307907131 0
403.5281438795579 10.43286874062988 0
407.7173636474313 10.75421827448036 0
-25.16209121910367 7.25525057646712 0
-31.82330497893217 70.64871299109167 0
179.0297133028865 7.245297913007037 0
-21.78070721588984 38.26383399232685 0
1000.19216525116 11.74176124175717 0
787.6542968775585 80.64347737007789 0
417.6371590628677 9.685631009410715 0
14.72648182923427 0.5653492479219585 0
320.2129072635762 21.04894624317445 0
768.6480592142806 124.0025936928861 0
414.2356115265998 9.014232309410298 0
34.06987218928891 18.18363464183778 0
875.7626787696722 13.73381367327203 0
-4.128865256506483 3.096002347655072 0
331.3015459793851 102.5009984234554 0
277.7121986977783 10.10770423191423 0
993.2692009490031 53.61378441056172 0
183.9649214016467 72.08423585230167 0
179.7184540990041 91.59552903109181 0
-85.00789135321889 32.69277595130038 0
135.7228758001035 7.336774818382212 0
320.3787084778276 9.013710187651885 0
17.07142082138513 5.974566268974013 0
854.7208716008828 9.725913722985082 0
782.3562266154763 19.94517965510605 0
254.1095226080413 69.00788630957938 0
1012.152062509471 9.548601492451395 0
141.9049147537679 22.57884786103759 0
100.2108231892876 25.05285035021313 0
30.87201094577269 5.753622748452353 0
13.90542004786733 0.8798327078325241 0
269.3290523910327 8.418722070861497 0
323.871569070461 8.167511825053648 0
21.31289430086198 0.7583650000040072 0
-48.02337995905495 8.136368264431599 0
-50.29576204091009 7.486847079482719 0
257.1648646070943 9.26208522311423 0
19.56144366385367 0.698676085902789 0
19.26003292547483 1.084177195873415 0
225.0267486553873 7.437675242642555 0
25.76702551463216 8.487633356323357 0
26.20900156370724 6.492056405167195 0
27.64601143294781 7.668141583477313 0
27.64547593587695 5.859829605179563 0
195.0590288215328 24.50555606659321 0
-86.00442574767042 8.453019129482607 0
-89.65509002781133 10.66413587884446 0
-89.95599603922751 14.76875838727902 0
18.22161914149558 0.5470323840172919 0
31.29942201851762 10.66716929363595 0
39.84382797072143 64.05770206091573 0
381.5017676288354 8.658108672448687 0
344.1457909994488 28.03480355607405 0
337.7325177205509 29.261585776181 0
71.31594217357818 6.100552352366244 0
137.8730167542957 6.826960835581083 0
742.0099054729873 14.90618559023268 0
735.8349736890041 13.26233598258653 0
37.57355712066727 5.779315089637542 0
602.6528289290245 10.70663380817171 0
-0.7012766598873359 0.4626179115854053 0
17.57255158261514 0.487689733593047 0
17.41990356748173 0.7324057186346635 0
17.10963119326931 0.7255634107507845 0
17.22577005324925 1.050668560548621 0
16.84793427550852 0.9603761342821626 0
229.1634427876643 33.24409041598076 0
466.8797503837739 99.25842115221474 0
190.7553299089274 20.90622562687772 0
185.5324951997802 22.32002710217066 0
392.1511111807739 103.0141745837781 0
41.232376588266 5.921080491418518 0
40.50562205832128 4.90882927464722 0
209.3731525067689 7.853205465082786 0
15.62357509549964 0.4701880590896023 0
15.82651107159948 0.4824600549275044 0
15.48493764130095 0.6567039808584113 0
15.28772636052578 0.5964488891459658 0
15.29183975539354 0.8876454138651426 0
565.0501328043802 11.59512659629001 0
830.065497992238 9.374350725467902 0
17.01806891532221 0.4757631183122176 0
-11.90453847591611 92.07887542586103 0
196.1011413197369 11.09225067403715 0
193.8119997588074 13.80503259046929 0
369.9438648001827 22.71204681131334 0
513.1147013406099 11.10087923668527 0
517.7550012316727 9.887521182246015 0
198.9881523656016 103.3843425086065 0
413.5598388686458 30.43073235585043 0
58.80835856918537 6.010547746554423 0
10.0713113798584 0.8921011438558626 0
883.249441432082 14.83291930763218 0
238.7948168190218 65.15050969609406 0
3.492887978041729 0.8345273320422311 0
57.20455001051279 5.861700006153892 0
55.75841358588264 6.064089132214281 0
69.95745306157792 6.520220077844164 0
713.8151506997825 30.5811460011888 0
489.4118786360971 10.06383785305219 0
54.10711812049724 4.931000824512928 0
64.62828302661923 21.05326554277618 0
0.1663205030544627 0.7299636233619948 0
821.2923581126412 106.465375416341 0
817.7975158209034 84.73532119641968 0
144.7134042725596 6.60734137467463 0
274.9123920363091 27.60016484004411 0
203.3876109376454 7.224603334269421 0
207.2231517011842 6.962242344614666 0
125.5494431231276 7.289087827290198 0
345.6584374122415 8.445358293849438 0
341.6069386756869 9.169600801644638 0
475.605152037397 82.24921715226516 0
187.497952728566 56.36775891966506 0
168.0175134640965 72.72305432197516 0
469.9113525187926 9.438495659196555 0
64.68697313900434 5.553638059300131 0
-5.612221281122282 3.625066379799338 0
291.2879703005568 8.263047473124635 0
288.281912796226 9.649694282412717 0
903.5979172967945 84.05654595886789 0
920.8051203674037 78.30863229467516 0
44.10186404386427 5.865203729769318 0
45.429762188783 5.52910599288798 0
961.2945162901175 13.75077594519653 0
34.9690024588736 32.59488670775468 0
-1.212974818365854 0.5664684599312803 0
119.14474048309 6.826165750156069 0
117.0374192949594 6.939631738755747 0
11.48027228779239 0.7310021604022808 0
11.82001910194418 1.267681612714032 0
1.968709753144196 5.148759579238398 0
69.32690294962188 20.07343062876547 0
106.2321769670476 65.69958863221568 0
978.0703327223418 8.722818657296992 0
16.60405914382779 0.4162045875475613 0
16.4926461639972 0.5890362815320634 0
16.24865671994558 0.5479555795939284 0
16.36546802443433 0.8085392152867584 0
16.08711703608092 0.7840511443027981 0
16.21622863876279 1.063568583810383 0
171.7740257602163 6.838123351215771 0
174.1665923973469 8.344050313797625 0
285.5603815261811 25.58299458346751 0
989.4785889892341 8.605701920560335 0
-63.56693903942413 8.70864412974265 0
-60.49757694596583 9.853891465396392 0
-59.09318106610142 13.26003127299842 0
633.2984433716337 10.46134434512907 0
43.62296955479367 10.81467576632083 0
774.3032193672236 68.12987420204738 0
86.12223543629494 7.207746828873732 0
591.0463424970768 31.29778459967305 0
-2.830429430868248 1.669096899301609 0
77.52400064106828 14.04493856460452 0
-18.80825759203145 30.9005682423945 0
131.3385447331387 16.37456903490209 0
191.8045628214137 7.292812147530716 0
194.2168612733435 8.744986264405666 0
15.95493050781269 0.3672136001872301 0
16.02132721185135 0.5303023681210065 0
255.7209143802825 14.75966162754362 0
22.78207430372455 0.8473589100905621 0
22.42381163328117 1.492586445850072 0
86.95219115244856 5.706351395178523 0
748.2158311623642 13.1134389024383 0
504.5540338180417 81.8944021794276 0
2.223066840279692 0.6791579069068736 0
1.949345210404106 1.191249829129419 0
1.324081504636854 1.00794253664809 0
1.431038899713855 1.684794743770366 0
0.6392230784907731 2.180378276275111 0
11.80317446744832 4.305682265221365 0
972.4495852784653 8.713190775322296 0
968.6547036910048 14.18192708191237 0
373.9980956726786 26.39570594518299 0
6.738238280834861 3.35035501488819 0
980.872526963657 14.03575482660167 0
406.595825269173 27.77939105168497 0
400.5307986855368 31.69617650554454 0
961.2980199767539 7.668342367913208 0
370.2351754037404 8.618150116992288 0
554.166500619358 34.69022289942008 0
12.54590613436387 0.6374193672915746 0
950.3635685607065 8.818371704942026 0
947.484508749883 13.90436541717191 0
157.6809917845407 13.39952854966002 0
-43.08908465544852 21.0898485746715 0
-46.06304883733064 26.05778223842352 0
35.9407553336623 4.777587574914935 0
24.79235932664952 5.503181405218387 0
380.0430761347188 34.94989304143525 0
939.3079028256714 8.614627864477573 0
936.5752699779227 13.84029145326511 0
276.6845550138534 17.03641579472846 0
701.6065929002476 41.45656946640589 0
801.7851569331724 96.65141364447413 0
348.9770576460299 32.32964340247634 0
909.6025020909456 14.69753801031984 0
928.4804037124886 8.552676622926356 0
925.7748732627066 13.77067391857332 0
919.5841858624301 13.84788883946695 0
922.6245080806882 20.33849988670481 0
806.6742831154979 7.76802364165896 0
-44.89589228665666 5.376849982191645 0
-62.181938972715 5.715980367403316 0
133.8325448197239 6.661132587374681 0
917.4824210437478 8.51810209414581 0
783.1567014184207 7.774242491410004 0
907.1203731402566 8.641583567492058 0
737.6839039916595 7.664751740035156 0
896.6420019690225 8.26172596343053 0
899.5442776362756 13.71862296977915 0
895.5927007286134 19.91395506679145 0
886.3065603953225 9.051472601869264 0
-78.53449386293637 5.917614786913092 0
-79.81923990515519 8.446019804161971 0
875.941860873251 8.172165940020491 0
866.2019731162288 8.818625822287714 0
840.7888161375017 8.886344241690413 0
694.4195805162021 7.628373457254526 0
816.3301698565492 7.905480237484726 0
801.8646567169086 7.810231952434879 0
653.3515255731533 7.293203247586278 0
792.4901839057625 7.261681624651792 0
-85.90845769907963 5.57213653155569 0
778.4558884870863 7.575820241868101 0
614.2642163620959 7.04273355305689 0
616.1580836169211 10.91842438041419 0
769.2210059670385 7.76962450202607 0
755.6006991120066 7.849865579446265 0
746.5643018731046 7.61240858664379 0
733.3114423198514 7.983966462880179 0
595.4865316414896 7.056079694399697 0
577.0781198481623 7.246833157337861 0
724.452024334744 7.56382783478236 0
711.6491452262237 7.521802784501066 0
559.1859042037515 6.80423748169376 0
548.4251891811448 7.228925332494759 0
550.086479375329 11.03146588455521 0
538.2860308295456 6.848101534235457 0
-55.41244348544328 5.656184182440347 0
-56.46678306115454 7.860059589406779 0
702.9186946594052 7.572388387666182 0
700.7060454560401 11.8426570786512 0
690.0065340408648 7.869657642889284 0
681.9033581248751 7.332650351583871 0
-59.93562149697147 5.658139460155177 0
-49.05434002052971 5.622684323773504 0
-42.87655351577091 5.996987771681391 0
-66.75223842892218 5.777926405783665 0
-71.38512199768951 5.840136270233224 0
-70.13812346502429 7.706657476445357 0
661.4077568357566 7.24397528889384 0
-38.69931161578332 5.486845441033312 0
-37.66575450742297 7.804705097075439 0
508.0523874873959 6.993395556968886 0
151.3787011088269 48.73395651240534 0
-76.12797403271774 5.810453722687518 0
649.3542502916995 7.306178668624858 0
488.8153467837562 6.172392773085734 0
479.4021885687985 6.732539823498378 0
641.3866016734916 7.244907067592775 0
629.9481267809025 7.10488987047501 0
621.978204889737 7.248522946158147 0
610.1975466439833 7.113920321704943 0
460.6947715539847 6.543132053338064 0
-83.65095122898825 5.866490666822607 0
451.6508736726697 6.338597148762058 0
453.0680701095162 9.580601375475908 0
448.7409455985235 9.106825907182312 0
602.9330247926624 6.463564807179782 0
584.374253724466 6.910686670821057 0
433.939236784937 6.26190350196549 0
435.3537976033239 9.26117566506592 0
431.0428090271699 8.836317434070381 0
323.399928642314 25.92667203311768 0
573.4603961782223 7.375142621505463 0
425.3187318025085 6.602444161620195 0
416.4831425696129 6.491545636705514 0
408.236833364117 7.001948394240063 0
566.3690413636255 7.07271476657239 0
555.6594503530114 6.75492567582471 0
545.1138189952447 6.846817814601314 0
534.8280757451635 6.742127176943049 0
148.9375227537215 20.61183081314513 0
391.9214915575557 6.147084144017123 0
383.7156222983979 6.061427825412172 0
514.9401422553701 6.993231924001184 0
-90.92323004139259 6.033744256433081 0
504.774269871813 6.981813849574829 0
-21.32629016558656 5.336638268899429 0
495.1096427023049 6.52447963197806 0
485.5512473228354 7.25584585502621 0
347.9696044043701 5.889644086751529 0
148.2106508159184 7.855857878082783 0
-25.07590370870832 5.294539605526411 0
476.1104315925616 6.442278792079965 0
-17.6740302765612 5.368091785859752 0
-16.67861397577025 7.136461744720442 0
934.1933642951203 95.94829544472755 0
331.0030212264885 5.885489949702461 0
467.0832379787238 6.478808488489946 0
448.6806334983528 5.851639787839858 0
314.4820264168953 5.801406687584347 0
298.5502865495872 5.83540640156308 0
283.2648091125894 5.609464096995294 0
276.8552470370788 5.613900910501691 0
431.0424546683649 5.767013639564311 0
422.4685844755996 6.707179511357088 0
413.9463265845029 5.833789232036893 0
16.25377552130145 0.3642881747831447 0
405.5743512502857 6.110129857487635 0
-14.09505839424091 5.305444276696715 0
397.4673322119695 6.056213556011484 0
389.2312585596193 6.15051759635894 0
390.5912581002223 9.040365851686778 0
381.2605876521543 5.648366147924819 0
375.9693452680604 6.590349424831967 0
254.1627391598815 5.483448452359699 0
370.7716800549181 5.98652632681537 0
19.82553508253615 1.210989856425854 0
358.0797495111356 6.276678749355584 0
356.7431621914304 8.624746181658843 0
352.9624859176187 6.180504417557164 0
340.59465781446 5.855964192121274 0
-10.24819992414142 5.452185310321009 0
345.5202356316913 5.778274262302526 0
335.7392798419805 5.834957226264652 0
328.6573618872648 6.029520028835969 0
-96.05820698768034 5.949441885740002 0
323.8116710486445 5.783351914695174 0
319.1237033702495 5.763069217860319 0
312.1788523170082 5.81896454341463 0
313.3190416766652 8.08833545335219 0
307.6070145419658 5.784829706857178 0
303.1354975134132 5.885307715105782 0
287.6056285053347 5.641567969276953 0
281.1256575867091 5.399996056232919 0
291.9617451383519 5.645551905553679 0
274.749193240868 5.540737016927403 0
154.654700781157 5.170137165645171 0
124.6162337748971 4.922495620024661 0
266.3854256987398 5.534894882845337 0
252.1611252986903 5.473352897846964 0
141.4075861849653 5.156179803615764 0
139.9034533540076 6.20998300170419 0
128.7188352055928 4.94026039870834 0
262.2683186728862 5.596820726685163 0
270.5962447350231 5.883312895483368 0
244.2787375106413 5.548877327009482 0
245.1112777808116 7.831456559109034 0
258.1961924727116 5.499463850068007 0
112.6718910779451 4.907785710219231 0
106.2649176514943 4.974143221167483 0
99.93607920661715 4.968119922665693 0
100.6640492547408 6.241988405605133 0
93.90276940398019 4.903383260990351 0
87.92180812112511 4.743074942300785 0
248.1878717618494 5.456162449362899 0
236.5043331049754 5.40561312676321 0
233.8516141384757 7.867726723899736 0
228.9082544763391 5.372748360670227 0
221.4812515928822 5.400999272874531 0
220.5371162582453 7.216025588524052 0
218.2369311065587 7.168772181697117 0
216.7969224927185 9.384047360363745 0
240.3598690431496 5.422294240499117 0
241.2277648455003 7.378990821962216 0
232.7185681257992 5.502266848064514 0
214.4220335878739 5.734006365330654 0
225.1553987932456 5.266663178040807 0
217.7959225163479 5.324670410567109 0
-2.116484195583798 21.37452746922956 0
76.53489189863433 4.740628465224372 0
65.59007304766688 4.667000760902262 0
200.1893221555971 5.459646264421409 0
193.0054690619783 5.351328392908737 0
189.7449889475426 6.469521420994073 0
210.4883134073503 5.550636801081151 0
203.4899218565928 5.262774896639066 0
186.4666987535923 5.474122955728327 0
196.5570017066024 5.259292103088059 0
79.90922289419096 4.728908577931247 0
43.4904920343719 4.730966779896143 0
33.34984532887326 4.629386868711709 0
183.0783393327276 5.17446336088244 0
179.8020744058543 5.203202245634444 0
173.2001830481934 5.18780578563547 0
166.9817641542151 5.150448951610998 0
166.2465514063182 6.789877477008533 0
164.0180137818195 6.691033863744822 0
162.9890921595028 9.161286896919274 0
160.7064190455265 5.226249204391159 0
161.6604597774814 6.995289159637105 0
153.1690952028614 5.04505978883466 0
68.81100027796708 4.531807995178514 0
-38.28588225146827 13.41119025020234 0
176.5548870413079 5.224773530332492 0
170.2792782282342 5.163908602669207 0
163.8918226976309 4.875181061465245 0
150.401304240782 5.411714797945606 0
157.6656916215983 5.179128711831369 0
127.3864044177942 4.777946255193489 0
144.300724347214 5.006690403926044 0
137.1114585943648 4.9755857527323 0
131.4924510598473 4.952240200015471 0
147.2271706049276 5.048345652891541 0
123.2623388222389 4.922047648028172 0
134.3215841409794 5.011698725945425 0
115.2800434407743 4.881131257908413 0
108.8089273533133 4.902804045185303 0
108.1669295832767 6.158153327080477 0
102.4982588800417 4.838213420029001 0
96.34366948613692 4.799202238846177 0
90.49500246385675 4.954997505225323 0
120.5748642129429 4.904039485325958 0
117.9683429282893 5.203010996317706 0
111.3778200424436 4.914210013086845 0
110.7294000619128 6.182853465065806 0
105.0027004223208 5.006999170586274 0
78.77873551555052 4.758359469964496 0
67.87519591431848 4.80091868038182 0
56.36215666649054 4.778168931724784 0
98.65341786579374 4.923334176222561 0
92.72427151065362 4.783542775035396 0
82.186984328421 4.737952746675608 0
45.44693115469259 4.548324792770853 0
75.4214472541757 4.74614094514554 0
70.99741430445144 4.70705785645619 0
84.50971706206245 4.784006113653057 0
60.40307729677509 4.698065580971392 0
60.96052499696678 5.752488576981472 0
73.18105673900298 4.791900475504394 0
73.72209533032745 5.864756904148093 0
42.58746497899953 4.564652884459942 0
62.48631968690435 4.652717016464799 0
63.09133858119259 5.702486478386952 0
37.9147698763147 4.574414926878675 0
58.22938832596054 4.783012189701418 0
49.3275445285724 4.589337763847755 0
51.29328027563873 4.638762152043531 0
50.79609561531381 5.6181745427742 0
47.40850520878128 4.66554625745148 0
0.7857034441727491 0.4545125440819849 0
0.9434713533862441 0.7177977683169894 0
686.965811671937 12.14749034828035 0
80.55730789924446 20.7925044811282 0
74.05796962353436 19.83106667156719 0
327.2573358608332 8.342846792631569 0
14.24217806389926 0.7389280698638219 0
295.368580400937 103.3535309391308 0
876.2686399706479 82.08335127473232 0
462.1506979209013 8.859027384116827 0
477.9179955790694 27.51986691925336 0
163.467076403533 104.6690104397347 0
939.4888866097848 77.69558984923812 0
-63.66746628956096 35.70699653575718 0
247.9870216383894 29.43981391453305 0
973.4759706754157 47.93328193684266 0
13.35803472965915 0.5117286121688254 0
265.4281935445885 7.684318831604172 0
690.9748390136396 39.38861163204464 0
32.40785862253019 4.677374586057425 0
-92.1929769008423 8.56209786724591 0
259.9540073222924 106.0464538970442 0
-60.54839124084829 102.8508715104819 0
1.292231171721528 0.5495271555102852 0
46.73825064556653 5.727580505450275 0
161.6063787389317 11.28436299392196 0
3.157835906874498 4.342508226023264 0
722.2758171351791 11.90249825316937 0
24.63213410581609 4.461668730189308 0
26.30045655605209 4.518339767316743 0
121.288502982507 6.59458348038088 0
-65.83112194260531 124.4057662394597 0
379.8571105239497 23.99582293003233 0
28.89784523236918 4.525864443270779 0
29.64068514615447 5.423438972056427 0
12.45485588060726 2.418406879170147 0
30.55905600517326 4.591564608550526 0
154.3035857118278 67.75663259908495 0
568.4116946168581 28.06883771644279 0
94.52256432308231 6.029755442902971 0
709.3465919506646 11.884625706486 0
610.7189680212412 26.76981136059725 0
-57.45816691191891 16.99137972595427 0
-70.74607409953239 39.7146622312952 0
227.8941654564237 7.425634006292477 0
-10.97310715508056 13.28844114294387 0
294.9751930690761 25.69893143993411 0
28.04269861840841 4.572959466839022 0
100.1097291727028 7.977669501198385 0
-2.425986258191887 10.33594612017208 0
-3.145287755311478 14.04830891370544 0
-86.58887936051593 24.00442633645341 0
-77.3618094799784 32.72945098111542 0
13.96925136707964 0.5177382700767709 0
493.4716020403402 10.03567858690139 0
948.8885099904828 20.74963526296387 0
663.4161326074789 11.35615711013498 0
129.2744229367664 108.9251742662639 0
5.058003390789736 30.62392327999665 0
9.386015290665091 34.85405966852431 0
239.0633381084306 21.26447822495487 0
259.0337272137036 7.485058576926432 0
16.83588385874695 0.6761193119554039 0
186.3055804265063 17.8989603875777 0
577.7956027928192 29.4741947739193 0
329.856434818586 8.481934762194903 0
748.1505172027437 43.32933676250247 0
433.06524044825 12.62865492815558 0
442.678730722281 6.408743143922983 0
890.0239772032464 14.61787112809413 0
79.33819611648579 5.886641347627552 0
232.234945085658 10.05794646219804 0
756.4410800032368 33.69375294701867 0
571.4384279940423 10.31013360535149 0
15.84052687281636 0.3413597794389855 0
175.7300676480538 6.79526532583948 0
-27.47762654635258 104.4527609253974 0
-27.60101021345397 7.641307157269978 0
475.3071836306189 34.75823901458982 0
31.37825433139665 15.83015459436216 0
573.7673837298664 23.79578061547246 0
753.4233030770857 11.82042696177244 0
68.86624620937678 7.371251947302114 0
411.014292940315 9.878017807222552 0
133.9927950336381 14.21082599163196 0
131.8532569344577 20.96586852696761 0
194.2038792647375 48.50261734928372 0
146.4470105885173 24.59226673446007 0
99.11668659283542 31.52953572958617 0
20.12506008324111 10.79130272432399 0
171.3297082673776 21.99484941263686 0
442.3942184134959 62.11418274669503 0
522.3704721555429 81.84334012261363 0
535.9099275142867 96.74753174987245 0
545.7016808012493 37.16227336880809 0
192.6757892369598 17.45329321690543 0
112.1377377683812 19.93836891462772 0
308.5547287795181 17.90537295168666 0
199.2498602819275 22.17123778809304 0
207.9755446941107 23.99558718065083 0
299.5454704472884 7.942583272047292 0
-27.73683464090574 17.64464968311871 0
737.3488137426228 98.42913615510652 0
918.4486068414915 61.72016499265521 0
217.7090542651412 29.22956608279708 0
943.9930562396265 60.41998493850341 0
-72.83875455053062 64.63588573868576 0
308.7357360045899 8.045451055973437 0
113.3444600158004 6.167070293747269 0
97.7112863431376 10.97705236483627 0
591.7347541859191 6.91695068796349 0
537.1420423810314 26.51592357687742 0
530.6231931307925 28.99217682296841 0
-28.87211419146526 5.452054946434288 0
416.9078304894364 24.9723089372889 0
361.4267955436272 62.10175572253787 0
14.38714874881792 0.3935871080733178 0
14.46410592876072 0.5923593873441446 0
-8.163984738908704 12.50639271349242 0
444.652171869822 9.459623782955378 0
296.3760424340222 5.658847629017624 0
538.0228514508242 78.64690002138448 0
638.7467444892285 11.07076675721027 0
993.2639177668984 14.05629040782517 0
986.7424166500997 13.13153481973665 0
457.6459415474595 6.400200784734192 0
19.23986698933765 3.485583252422434 0
142.9091440714074 17.9043402132264 0
-3.038330998896468 8.042891386251839 0
483.9890695811902 26.1170731862547 0
582.5345524356167 10.6034299838661 0
-31.00271886396402 20.07898266528459 0
334.2431334864758 24.04032237747512 0
119.5139838567555 21.56546415333965 0
124.3704052465494 24.39219575549351 0
-0.5086836413974044 0.3959123958628487 0
306.2971018434355 60.35437686670821 0
93.35427836038028 13.01812176414577 0
512.7634183343861 26.77804245912805 0
129.3414378447646 6.185730386076481 0
57.18554899393454 9.148265273929969 0
891.8571699711971 62.1100532566427 0
469.905771986715 6.175131827612804 0
724.3531895196485 82.15657477499332 0
867.1998900295523 65.83354631418831 0
861.2042635476728 78.9427671440033 0
63.23303172524506 8.35341656431436 0
76.37032099648832 43.18003482052296 0
74.77411227674251 52.48276406796372 0
1.111752511545834 25.82170206475455 0
-2.380711893695397 1.235125591247842 0
122.0132074127541 15.75364863502617 0
256.1330774450947 53.59971035073785 0
993.7283627152658 126.4044437344874 0
219.4928035758427 56.66805981123212 0
841.6877415327158 63.48489188184035 0
115.855014726377 18.87539505417329 0
55.69515626922247 18.07794325358552 0
78.94009832416027 8.874324446986233 0
138.1301914328285 43.04245384959339 0
-44.59265052080922 53.33248001598434 0
121.093596880797 51.37567741089624 0
812.9125060910601 68.25099078770432 0
719.973539943986 29.03257587559693 0
104.7948627532314 23.26260736795718 0
705.851138884023 32.1133614922205 0
689.7677320199449 31.05498095463529 0
489.9212659825008 24.89515429748984 0
211.4582794109898 7.130983016083031 0
621.3243123896043 33.62180689694976 0
182.381821692029 6.872200223042181 0
767.0222823873119 11.84154200135183 0
420.865500032994 9.291333270110428 0
427.0789135284253 8.994441310992491 0
373.1795509183722 8.694322913605912 0
414.2019933088449 100.5725599734608 0
389.6192673852923 81.88185419994976 0
8.872978954050721 47.76924094425214 0
649.7877634786676 36.95164219912208 0
498.3786826778733 6.495351177811942 0
688.9456477780067 79.71419100965953 0
674.4179233203396 87.24402931487337 0
367.2088616358022 28.25932557255619 0
362.4168033047354 33.69419857486608 0
-34.67382848557505 5.287763697024044 0
95.50774646496944 14.44788849339264 0
462.9822835078307 22.09520246354757 0
493.3147726422582 31.86447778738577 0
395.8004947760892 26.74995924456312 0
395.8135913107767 38.4743305589644 0
83.68154975940999 41.29405881170651 0
70.57725285622156 14.38194102924046 0
85.23310558128705 8.568737758345575 0
65.14305789586498 15.65910691126757 0
786.997478457056 65.60185998723392 0
60.3511264453099 45.73699639108949 0
58.67388102254934 17.71207352055767 0
16.53213424772901 1.074984535395972 0
16.88281921363556 1.361688286948735 0
16.3980553514396 1.411645635399115 0
16.63209170526866 1.87387005157809 0
50.56822025499978 9.587088471404705 0
451.926016382826 76.24505196695955 0
465.9673872271826 72.02675311150244 0
489.8725229880184 75.82629181108229 0
49.34574269542068 19.39228662574581 0
51.66355492609728 22.75487394860804 0
731.0262198931881 11.85326611366079 0
618.7805290315819 73.22449635873221 0
611.8709348018267 86.99206653445665 0
644.7402535948009 72.56511916288967 0
33.92365203980636 5.526528527697886 0
590.9565015845493 71.37591757642055 0
539.5337823879253 65.27337202796421 0
218.3995012763446 105.0700618362109 0
563.855333250644 70.1410408078099 0
568.1260620673563 84.25018350886205 0
518.0253048412964 6.38466134858947 0
272.0102855467571 8.014655328039852 0
116.282715797381 8.772319369957984 0
26.70622045851282 5.433537254304869 0
195.6861101530151 6.976860598616629 0
101.9280090551407 7.387506815446914 0
102.9174573721392 9.400865552481678 0
425.6332174687127 36.42254547418736 0
514.3196850687659 67.62438230875456 0
20.85378888028815 7.284601522689977 0
760.1906637697399 7.795803051893893 0
-90.64610091968083 19.22047279535418 0
399.9682017586401 5.778171183218006 0
245.9127850215893 10.14636306375002 0
109.1143096079032 10.0432464113897 0
11.11567494986796 1.498667617455975 0
439.7008908356147 6.386629887986371 0
1.668895658087203 2.689280833706219 0
9.986781019271026 21.93740644260571 0
818.860213280168 13.42466905838436 0
-4.846884121847464 17.44405660869109 0
209.6348183713774 92.13217870407749 0
446.7031993676355 30.41626104857189 0
91.62788302067653 5.954209456083051 0
7.923304783377221 5.835673376795772 0
155.4224181060152 6.604627799043602 0
825.9714328443191 7.524528978370407 0
231.5325782108282 7.454504877503879 0
82.77603152569148 5.996633498111028 0
-51.18573031478241 5.498082239273488 0
953.6183381002788 14.42309905659634 0
284.2874167059783 7.699626938564684 0
772.8134792959856 28.8293429895916 0
241.5170545765038 31.71306719300344 0
409.6730242255903 68.26534762301374 0
14.69883365139281 0.3668242881786166 0
509.8769791620855 10.28442830830782 0
85.49686555838804 17.33037785996072 0
250.9517398386599 7.405088598244292 0
270.3586326344332 24.15820122444807 0
385.3214974176803 66.75280434591542 0
378.2946396037722 77.50425717296582 0
377.4861587420379 91.26150376661234 0
715.7477719567644 6.792669658944703 0
850.6435646788841 7.606707320565244 0
843.8527284367369 13.38854232301004 0
33.31116690249148 11.24011361523663 0
655.4492022042891 10.76556244036596 0
-12.81632607736815 30.18201472942732 0
348.79230330463 102.5242311667398 0
27.36500125534381 26.41319837947862 0
85.06126520579514 5.929930334374549 0
159.8535329232884 6.792940998230758 0
974.83516229392 14.25733236919313 0
315.46547517255 21.28112998749257 0
72.42424480885583 23.576067682304 0
681.1974701215622 42.34818314308287 0
433.527521325959 104.9517349366233 0
35.16470539632903 4.456346991072236 0
81.0541830107136 5.824126481645521 0
222.7762550418754 20.49799345395401 0
669.1238772737011 6.781166446453724 0
647.3517513653675 11.10622542215635 0
24.15179307441866 23.00668814120184 0
313.0950663912826 102.1560206727794 0
207.6426195251377 18.94388994586139 0
329.0887299588039 65.02745212294711 0
-28.9064736873931 85.23047635068197 0
15.63643510636413 0.3258792421022617 0
53.16541244006413 4.514874846707037 0
15.57280051961494 0.9234476579463947 0
15.40559955709038 1.27455694110665 0
13.39932777707892 9.511730580979151 0
102.9212610625404 53.96985191412745 0
17.71887685198137 0.7118641791124282 0
145.2175995905484 20.68961781540607 0
355.3916245623714 30.03523261063056 0
597.0071276886164 85.70733213791739 0
60.77729296112803 20.38150816430321 0
247.5435404427083 59.38030077003245 0
276.4341329601864 60.21587144048938 0
285.943526937156 33.94336654155101 0
207.0128210031528 5.173635317816398 0
892.1139631147806 27.76918001175542 0
963.917718782548 123.6852499015804 0
15.02431825502062 0.734766213297551 0
365.6152862865578 5.746512798496844 0
69.7865567878316 85.2586940367901 0
78.7201415355521 100.5090881565437 0
18.05916099768332 7.613331186927375 0
25.30164065931826 15.34232374938017 0
39.68469324768346 4.479617536769715 0
39.38375490328141 5.456434422404187 0
516.9987351483334 33.15434097451727 0
0.5562263372069534 0.6399720882714477 0
2.056756297638004 13.44091914277153 0
9.067534017366263 9.722757383604939 0
826.2705456958215 128.1706183500796 0
48.04212852745918 5.715145487252576 0
542.0802757556767 30.40204761241096 0
986.5065804065744 85.37613494971376 0
6.315093686868147 5.973865400623202 0
174.4365094380776 10.77487071888762 0
633.516262259657 6.445940867756107 0
-40.57566883232606 7.496478249484852 0
230.2275298689912 27.10176233778445 0
560.943621631179 10.16251428217672 0
75.97277285084223 5.821852286251973 0
74.26103503129725 7.079457131359668 0
503.0966997527592 9.602393355680201 0
184.6990553263398 7.045394420611682 0
-14.8511453764112 12.35842367075336 0
941.7615975780977 12.91573693056118 0
348.9211521751768 8.253901978223729 0
104.3713036781817 6.056969328022566 0
311.061742816169 14.0604954111146 0
-17.08858454351726 9.429294129796322 0
19.62148938614076 8.557712173553792 0
-45.27600643946678 7.69006334792954 0
42.48195243040627 12.56449216412006 0
53.02791477493163 5.42890636542282 0
359.774617648744 9.398527860096175 0
354.9492252478029 11.22919932662051 0
64.61461653937906 4.477235243838389 0
15.29736851719206 0.4019598219992978 0
931.1740476263169 12.89123744092389 0
-77.28743961114118 8.011080725238489 0
29.37198449485364 18.34056687548209 0
287.6214871244527 12.54568867857501 0
75.05787158655866 15.99232357797496 0
918.2983608797413 27.11259328852162 0
522.350000757163 37.78643070951446 0
38.58317538278366 6.428039629603014 0
-94.00075698648293 11.38818481291607 0
731.2153724058883 36.03581446197882 0
627.7119236899407 10.76409346871105 0
904.6418247572221 13.14543285020029 0
736.4770347954751 42.24222472102697 0
-13.20186333908229 6.91972694626377 0
2.956403158699596 1.362402531010552 0
498.4029098198469 37.19362799796551 0
277.9095617886114 7.637345060191008 0
29.11803502452987 8.396722337499682 0
506.5862568609506 27.1963045392473 0
163.661720399665 89.0587146545875 0
696.4868285148345 11.26702185865103 0
813.5898611772687 29.51161923595622 0
-20.39618716077821 7.064193637452055 0
146.4886861047999 6.430562918379683 0
799.5241352321647 12.17680850646661 0
72.53129476866043 5.847717529297077 0
49.97743159116312 27.15965265131987 0
704.9478254038739 11.09275737559663 0
-68.01863828646738 8.135438091439308 0
-70.52362494039896 10.33877438676363 0
578.9632408491691 10.17017785435807 0
839.9629596145655 28.82425681616246 0
430.0099802214974 15.83027920483016 0
13.47174340571997 0.8816164716626596 0
15.13768784338713 0.4676555655517907 0
392.5117397160657 12.3992656993542 0
643.2611500639637 11.30126532006984 0
149.2505541301094 6.416238821955218 0
674.0893782989655 33.82707170285764 0
11.84216532977892 2.986689833751661 0
554.2047722182293 10.36140582987129 0
651.5649036652185 10.26774051609595 0
29.49964024515623 10.15108950798726 0
-58.89790736125202 7.80309461985019 0
866.24699375898 28.22740271025899 0
521.5210197874599 10.4698409374689 0
50.35059602451742 7.877941832831394 0
560.7600226812182 39.6539272762766 0
22.4466531731524 3.251453726642954 0
655.7678645843936 43.55790298128937 0
340.3952165377557 12.28154771630487 0
115.7360163949782 6.040929728029802 0
465.3120960232312 9.520988409733295 0
-87.41705847571717 83.22190178077261 0
31.36092786876848 37.68107304290799 0
267.3428148546741 7.415396407232205 0
387.4850841363452 8.799666488061789 0
393.6418783911868 8.820712552620176 0
-72.48938647149902 7.916676554498858 0
540.0042635481389 9.767038157663411 0
785.4068454048287 12.0005257852586 0
147.3703477668877 9.997030862268186 0
41.07270443585801 8.706782144896836 0
311.0782603387092 8.234625986970826 0
286.494073011683 7.737450828969064 0
261.1173949741573 7.404818578406077 0
-30.78367129917167 5.177816788984609 0
243.1707938072907 7.232403131373331 0
193.9755749367945 6.726227564161374 0
-18.49380061941071 7.239951413323819 0
174.0055422170537 6.494284292030706 0
17.43693425867161 1.415358931042237 0
31.67748766174115 13.02902452272155 0
213.1034846770594 7.007575327704389 0
257.4789280656085 11.89487830391661 0
527.7258631842201 6.724238664950527 0
311.2374704915915 74.41284301478279 0
95.85253193706286 6.138048358883354 0
410.2906036862534 13.16405225075651 0
232.8880677911228 13.13689331342895 0
785.9986682768742 31.6199883586193 0
20.33049349832189 1.239831282388681 0
106.8951484488454 5.964924082519642 0
156.7673050237788 6.454463918732179 0
217.1870372465536 12.40447232361667 0
-14.87143351141798 6.732718940896068 0
122.7586505495866 5.963393300907025 0
167.4730071244274 8.642415597800282 0
86.85541985433795 4.537877337794632 0
130.7801498971078 6.301395565998362 0
177.3134191321913 6.595236562105823 0
167.7617731501017 6.483597396102159 0
169.3412985159787 6.482946284743677 0
101.8726919817067 5.912643095501228 0
78.09998793823627 5.560892262882718 0
83.95550377597772 5.718251001629698 0
15.90711825351019 0.6820019505865362 0
15.87556623327171 0.9474241854591927 0
146.3871404508641 99.84808326577125 0
49.72490053841555 5.32084372962192 0
112.0803102966142 5.953186946604919 0
109.5172258156375 5.990136823748291 0
77.18004577607276 5.518553162195094 0
990.5867263401472 67.85837261350564 0
62.00587768360035 5.532552206222101 0
59.88537336262986 5.551421219151102 0
147.9757150231784 6.15916144536636 0
74.89342920254992 5.900650747915678 0
184.1003975546667 26.99871891535465 0
748.2889159706236 32.99384162627661 0
15.68991072583829 0.6588183560942147 0
51.8576457931845 5.635313325523925 0
451.1228149438612 107.4897578077692 0
446.9638677162676 12.52972090553917 0
290.2243451096074 29.1687455106924 0
-43.88581458694951 30.51396084114297 0
-3.03722499528638 3.769445868548107 0
803.4266452058864 80.61501006203355 0
312.7591180137023 10.78073211446956 0
189.7513075779139 4.888445426837908 0
552.3963145333561 83.41927895041877 0
943.6096212332011 26.6684557530536 0
367.3163593455865 105.3148916717691 0
869.8599152970705 13.346665329896 0
334.5266437309951 8.013809559390561 0
605.2540722318008 30.7618329698075 0
354.3115420569649 8.216221696680769 0
31.84404224191112 5.506547776179315 0
1003.997346238553 30.61480897922383 0
846.064125089021 77.17163021681877 0
181.105470709496 8.514555980203511 0
133.3578947786078 11.69183693174364 0
108.4645340675786 25.43927377020749 0
-7.355611636114292 5.114525778109798 0
808.7863623530261 11.72747600974963 0
304.6229686926176 7.612379919997991 0
12.73223371561487 1.003406034679081 0
-74.77307397107863 27.5560588918753 0
981.4618277800829 57.71273882617214 0
47.8416388273089 100.0630185558398 0
363.0154743190049 5.788386322174825 0
594.3477641908587 38.91421469824621 0
311.2617516825994 21.1539018407153 0
665.2928859335916 105.9664464766924 0
18.79585189250668 0.932618272975736 0
625.1826301582721 14.29477049205525 0
626.6409897239728 20.20414263061208 0
51.16944438937996 6.813644721099722 0
468.4142899820023 34.05629726658782 0
640.9099342325857 14.87111668547704 0
-34.55699000509345 18.3508667157527 0
726.564188529389 11.01323482346804 0
124.6182555606875 129.4015451620245 0
450.1562105081459 36.20678165839493 0
466.5762820252236 61.03374856398953 0
152.0477996180101 6.425541574272289 0
568.2072340981529 9.909413234104697 0
164.8218609967852 62.07512997401817 0
639.3808873718117 85.7080924295138 0
71.95375694265897 16.97774255352173 0
607.3102081647337 10.91434976172945 0
524.6918705965653 6.028091476996472 0
-57.27702764378155 10.38707784852891 0
792.3985257265792 11.97131774209188 0
378.4441163348054 8.799242285059442 0
-53.02320171142095 7.439933445954417 0
38.43331053447113 5.355082419963396 0
482.0483698306883 9.556033498371866 0
223.8012316875537 28.87836648382619 0
148.4709285635307 29.06083070988095 0
97.28731250615773 13.19300999673773 0
-89.48599277481306 8.004434407235214 0
548.0488237766472 15.52924679250517 0
999.4551689902315 18.06635593801441 0
124.5684651490759 9.095922710497732 0
216.3343903230356 7.186688987484962 0
139.982768341299 4.780783808105229 0
1004.658242850443 22.28166125596758 0
315.7813693921296 7.470022314217059 0
275.8687784091445 7.574007726208629 0
339.414012317018 7.850877853875459 0
-65.92585353041237 7.834920250338482 0
335.5554134138345 35.2802004608042 0
-38.50502984651509 20.49656126879015 0
621.7218445001226 25.29953792585348 0
13.10416885996553 2.637252638347626 0
306.4461440505395 7.531839569883092 0
490.1078959651657 62.48280933832175 0
18.1946966596206 4.968238065108481 0
28.61161992429812 5.372808489963866 0
-6.237872522971913 14.58221843826124 0
97.37028207334568 5.748631788736032 0
222.3786025594331 6.938282360022034 0
201.5891115740464 7.056356385761448 0
612.0643841748004 10.09984869881869 0
20.15711678128758 1.662063146712992 0
7.163327484702775 9.484657643926342 0
604.8391679267875 102.9350042389511 0
703.0017020477626 95.57196789804908 0
28.78216143729253 6.62057232276902 0
61.78556102024493 53.96361248020499 0
12.32746997212521 1.024040264854398 0
103.0362461012206 6.05600310492423 0
-16.99980487530636 15.42598834656259 0
66.0436677318247 5.601972732316462 0
-1.921575898576989 1.09409514845295 0
890.1945516335759 76.33663127158999 0
771.4872494100684 10.85710209394748 0
762.5917562661092 11.21337765485328 0
49.06629310946964 72.73349135594206 0
1.822605867831963 3.852789232717651 0
10.02796406373163 11.59572785543791 0
101.5599068885811 11.35868269247932 0
624.2138739246668 10.31102263414697 0
950.5529465144087 71.5850653790302 0
-6.409840113763147 45.07609376923856 0
674.8508797798677 74.18974963376125 0
18.61730106159044 12.56654355335071 0
365.0895245108075 23.60681008637831 0
22.69874986757342 2.49337053833549 0
500.0036663573705 9.381139744927145 0
1000.839750028949 7.142050391352342 0
14.27691089649356 33.1057960582473 0
124.0416095491765 6.067020013674597 0
731.6396609951325 16.68399059245872 0
111.42768379059 23.63122527043084 0
17.56344964373577 1.832087152989529 0
326.7929165741917 30.29433054762449 0
825.7457432641684 11.94027669702861 0
597.29274505206 10.05159033920469 0
35.04841848673805 5.215526976526737 0
166.6828203573845 11.26957413342644 0
-16.41318759471894 43.8794559603346 0
317.6872129441824 7.602241054458858 0
16.15677730365303 2.105179865165136 0
25.88628273826322 5.309177260180774 0
-27.35455236667851 129.1553420325826 0
-98.29163803183867 5.772233481701244 0
-85.17477700674634 132.8347804056548 0
0.2434087653758497 0.493950969817066 0
-6.56210070230107 1.585365372098646 0
5.03973903048657 5.793562172475639 0
197.3986338089148 6.754459513401947 0
40.2666127448557 5.826130767879519 0
616.5886326096671 29.31823271043502 0
21.28680700655989 1.296405688379398 0
142.9058775171919 6.314064874996647 0
211.0618376065807 21.12412276709657 0
438.1485696767572 8.732768187939316 0
971.4741938475345 19.44937039576739 0
68.99419267878415 5.64562517226776 0
128.0691065651157 21.67668556313997 0
365.7528386651895 72.84719109865075 0
239.3877473457427 7.030214948213209 0
473.9568152703711 9.090962594051405 0
465.0541267812873 27.4140927100383 0
666.3018692374103 32.98717215990227 0
17.26122026219391 2.221620944931674 0
16.05050773993245 1.310286432348114 0
331.3775525462909 10.79235673917744 0
-72.36856121092448 91.07941775612231 0
386.7551277410844 37.29081851732774 0
314.3290024792316 30.98378518856656 0
88.43415190476465 5.789482992342814 0
280.8064752891023 28.70821988310694 0
317.7685348295018 26.31806216462959 0
83.69814317981192 20.17059506206395 0
82.94765748192327 24.31960091433622 0
-0.8706744911777209 0.7364956926807225 0
532.9058304130378 9.93571971316153 0
2.486659352680435 1.225582181245469 0
142.8288392562494 49.74089069635428 0
54.85098477098905 5.499374085565293 0
294.6289833420172 7.448207959110114 0
780.6431849693915 11.69333066797468 0
5.921235648282192 4.590951037162437 0
1012.019802559494 6.185853073627236 0
16.66860696527667 0.5761106592631662 0
116.8285963760949 61.77969145349412 0
16.62609495513041 13.91621244480659 0
542.9644813290583 9.604800124356025 0
10.423407589574 1.395555735992949 0
-87.61073218727795 41.42939244035388 0
461.5037924501647 84.17733876816638 0
659.3171617799909 10.13377416837978 0
16.61771364297371 0.7768915682418684 0
17.97016802608287 0.7546100790379922 0
175.1721822033048 13.17948119423585 0
520.232345855646 13.36150487122389 0
-8.537094337884367 6.038348456783173 0
268.7685465994136 10.90263000603901 0
948.3768488974781 107.6326194471942 0
237.956393384517 54.84872228559078 0
235.7381475877745 29.71913398654775 0
914.2381159284009 13.04677833390273 0
77.98976664588574 10.14007913411824 0
180.7502455213312 6.600754417462284 0
191.6759159052725 12.37194663539325 0
245.4146311613345 12.63530213540351 0
288.7049952216643 7.411517286216901 0
273.3658341265265 32.95857331181122 0
740.0564024840426 10.97362207183511 0
54.7500305103145 84.71444066140117 0
193.4886520365667 11.22426824507946 0
894.6751174023932 12.9818467806766 0
-82.18059672077095 7.818033599352732 0
229.7764725671986 6.931155432270223 0
497.1795038501551 12.24013533784851 0
9.784791611001131 1.537798084028647 0
188.1589352047487 6.818648452801029 0
-92.66656369884319 23.21616114023804 0
63.34196684697046 115.2097756845022 0
331.9732748006908 29.95877537065627 0
-74.77427966923759 7.535348617226944 0
70.21390368706493 5.531193388184168 0
182.6778968511358 19.35263572243764 0
125.3580694175906 6.003140103637701 0
378.5946004285803 29.45250414069982 0
75.20067648219674 13.3605423772392 0
207.6315911056016 8.521613868643406 0
405.5881204019122 8.411180543436245 0
-37.35850590472167 16.67206235164749 0
-11.44699375627103 6.728682497878394 0
-47.56164122045985 134.1257182727313 0
229.3760489239756 59.53877503528956 0
589.6762123343068 12.96436645938979 0
278.2445072499053 13.89049277122716 0
361.7599977032141 8.066829589820038 0
667.833119146205 9.829509407921618 0
385.2138072698092 8.149302566214965 0
135.1344903862044 6.021901378671368 0
-6.699456960737519 4.068446752112495 0
14.38224160595101 2.905353866723178 0
38.61691018415052 7.782467444718277 0
574.0870715016348 100.4013726227609 0
136.3074074361316 6.022253346946892 0
257.179505265225 7.100217062434844 0
0.6118337572358035 0.3788599486384487 0
119.989451478796 5.827148310581 0
148.5956864802587 57.10649770042393 0
813.4932891795338 11.38193329712711 0
-97.13105427880646 12.85947846989002 0
979.5783482989242 105.1401327099631 0
355.2088304523076 14.68341407565392 0
159.4671885837844 11.7466771139731 0
0.6218956344236809 4.560884275192532 0
780.8240314486429 26.68716018431571 0
99.47729205890928 10.17912022591968 0
782.9544553710186 15.26699303387141 0
456.0657248551199 8.92594925353249 0
744.1821306216132 10.93854905656978 0
663.2085924896778 16.06340956550038 0
-42.06356900938711 64.63114611117703 0
557.4478919009473 9.488132267820838 0
224.4938300953885 9.660870737428064 0
-61.01599676326569 7.547950008509544 0
586.6370718715548 10.02967753831848 0
122.3018141433585 8.700249623483291 0
721.4823844671666 35.27800694929081 0
9.684489907018017 54.55440316658864 0
12.43631277407733 5.259900019070779 0
684.4436568908908 15.24105681744883 0
-0.160998408412964 14.68106698839656 0
-69.3851124827891 14.03706222518331 0
273.9238997411649 7.229606251455248 0
528.2142025992079 35.35856168864472 0
-75.03438353927523 12.54908404223487 0
257.7897258847825 17.73538992657069 0
770.332357163612 36.26000576501928 0
114.6227286718413 5.906894093057513 0
582.7777503566399 84.35007818061871 0
-80.40202878223607 11.15011709362223 0
249.2986848586594 6.771466870904791 0
-94.59531627735566 8.139706526985918 0
589.1031099005704 116.3349702343349 0
804.254902034914 11.04400915731015 0
396.0558839620963 8.169621514436319 0
15.74272656476189 1.669465325164364 0
332.3642039804955 8.277764873684227 0
522.8925012112123 117.7518098817424 0
132.2033218497189 6.10695999372042 0
0.04402247451610203 0.4927806335165434 0
237.4812334963551 10.02659871138729 0
48.92720904290742 5.33293912099534 0
198.3204149973265 26.24085926212249 0
-52.260195689309 12.1867369145832 0
625.6817908923759 85.63432468553839 0
228.7683879740534 121.3519011234126 0
776.1201678901987 11.16699331226675 0
65.94571901116322 18.00208919098729 0
589.8987624530436 9.556640639368375 0
470.1934039892419 12.90099487529431 0
2 4 0 84
5558
5559
5560
5561
5562
5563
5564
5565
5566
5567
5568
5569
5570
5571
5572
5573
5574
5575
5576
5577
5578
5579
5580
5581
5582
5583
5584
5585
5586
5587
5588
5589
5590
5591
5592
5593
5594
5595
5596
5597
5598
5599
5600
5601
5602
5603
5604
5605
5606
5607
5608
5609
5610
5611
5612
5613
5614
5615
5616
5617
5618
5619
5620
5621
5622
5623
5624
5625
5626
5627
5628
5629
5630
5631
5632
5633
5634
5635
5636
5637
5638
5639
5640
5641
-9.719039612037921 0.6089743698635423 0
-11.4554432672083 0.6089743698635425 0
-13.20938635390576 0.6089743698635426 0
-14.98104603324309 0.6089743698635424 0
-16.77060126812385 0.6089743698635424 0
-18.57823281813606 0.6089743698635424 0
-20.40412326888406 0.6089743698635424 0
-22.24845706228903 0.6089743698635424 0
-24.11142049245036 0.6089743698635424 0
-25.99320172935012 0.6089743698635424 0
-27.89399085690435 0.6089743698635424 0
-29.81397987714774 0.6089743698635421 0
-31.7533627211956 0.6089743698635424 0
-33.7123352884874 0.6089743698635424 0
-35.69109545893041 0.6089743698635425 0
-37.68984310522756 0.6089743698635423 0
-39.70878012633915 0.6089743698635423 0
-41.74811045400075 0.6089743698635424 0
-43.80804007294434 0.6089743698635424 0
-45.88877706268671 0.6089743698635423 0
-47.99053159833917 0.6089743698635424 0
-50.11351597905517 0.6089743698635424 0
-52.25794465050966 0.6089743698635425 0
-54.42403421355375 0.6089743698635424 0
-56.61200346797406 0.6089743698635424 0
-58.822073422496 0.6089743698635424 0
-61.05446731159503 0.6089743698635424 0
-63.30941063383505 0.6089743698635424 0
-65.58713116303223 0.6089743698635424 0
-67.88785897351963 0.6089743698635424 0
-70.2118264591593 0.6089743698635424 0
-72.55926835941875 0.6089743698635424 0
-74.93042179319056 0.6089743698635424 0
-77.32552627224484 0.6089743698635424 0
-79.74482372890807 0.6089743698635424 0
-82.1885585374479 0.6089743698635424 0
-84.65697753578266 0.6089743698635424 0
-87.15033005468914 0.6089743698635424 0
-89.66886795439586 0.6089743698635424 0
-92.21284563433377 0.6089743698635424 0
-94.78252005661764 0.6089743698635424 0
-97.37815078444656 0.6089743698635424 0
-9.719039612037921 1.50641026471989 0
-11.4554432672083 1.50641026471989 0
-13.20938635390576 1.50641026471989 0
-14.98104603324309 1.50641026471989 0
-16.77060126812385 1.50641026471989 0
-18.57823281813606 1.50641026471989 0
-20.40412326888406 1.50641026471989 0
-22.24845706228903 1.50641026471989 0
-24.11142049245036 1.50641026471989 0
-25.99320172935012 1.50641026471989 0
-27.89399085690435 1.50641026471989 0
-29.81397987714775 1.50641026471989 0
-31.7533627211956 1.50641026471989 0
-33.7123352884874 1.50641026471989 0
-35.69109545893041 1.50641026471989 0
-37.68984310522757 1.50641026471989 0
-39.70878012633915 1.50641026471989 0
-41.74811045400076 1.50641026471989 0
-43.80804007294434 1.50641026471989 0
-45.88877706268671 1.50641026471989 0
-47.99053159833918 1.50641026471989 0
-50.11351597905515 1.50641026471989 0
-52.25794465050966 1.50641026471989 0
-54.42403421355375 1.50641026471989 0
-56.61200346797406 1.50641026471989 0
-58.822073422496 1.50641026471989 0
-61.05446731159503 1.50641026471989 0
-63.30941063383504 1.50641026471989 0
-65.58713116303224 1.50641026471989 0
-67.88785897351963 1.50641026471989 0
-70.21182645915931 1.50641026471989 0
-72.55926835941875 1.50641026471989 0
-74.93042179319056 1.50641026471989 0
-77.32552627224484 1.50641026471989 0
-79.74482372890809 1.50641026471989 0
-82.1885585374479 1.50641026471989 0
-84.65697753578264 1.50641026471989 0
-87.15033005468914 1.50641026471989 0
-89.66886795439588 1.50641026471989 0
-92.21284563433376 1.50641026471989 0
-94.78252005661764 1.50641026471989 0
-97.37815078444653 1.50641026471989 0
2 5 0 766
5642
5643
5644
5645
5646
5647
5648
5649
5650
5651
5652
5653
5654
5655
5656
5657
5658
5659
5660
5661
5662
5663
5664
5665
5666
5667
5668
5669
5670
5671
5672
5673
5674
5675
5676
5677
5678
5679
5680
5681
5682
5683
5684
5685
5686
5687
5688
5689
5690
5691
5692
5693
5694
5695
5696
5697
5698
5699
5700
5701
5702
5703
5704
5705
5706
5707
5708
5709
5710
5711
5712
5713
5714
5715
5716
5717
5718
5719
5720
5721
5722
5723
5724
5725
5726
5727
5728
5729
5730
5731
5732
5733
5734
5735
5736
5737
5738
5739
5740
5741
5742
5743
5744
5745
5746
5747
5748
5749
5750
5751
5752
5753
5754
5755
5756
5757
5758
5759
5760
5761
5762
5763
5764
5765
5766
5767
5768
5769
5770
5771
5772
5773
5774
5775
5776
5777
5778
5779
5780
5781
5782
5783
5784
5785
5786
5787
5788
5789
5790
5791
5792
5793
5794
5795
5796
5797
5798
5799
5800
5801
5802
5803
5804
5805
5806
5807
5808
5809
5810
5811
5812
5813
5814
5815
5816
5817
5818
5819
5820
5821
5822
5823
5824
5825
5826
5827
5828
5829
5830
5831
5832
5833
5834
5835
5836
5837
5838
5839
5840
5841
5842
5843
5844
5845
5846
5847
5848
5849
5850
5851
5852
5853
5854
5855
5856
5857
5858
5859
5860
5861
5862
5863
5864
5865
5866
5867
5868
5869
5870
5871
5872
5873
5874
5875
5876
5877
5878
5879
5880
5881
5882
5883
5884
5885
5886
5887
5888
5889
5890
5891
5892
5893
5894
5895
5896
5897
5898
5899
5900
5901
5902
5903
5904
5905
5906
5907
5908
5909
5910
5911
5912
5913
5914
5915
5916
5917
5918
5919
5920
5921
5922
5923
5924
5925
5926
5927
5928
5929
5930
5931
5932
5933
5934
5935
5936
5937
5938
5939
5940
5941
5942
5943
5944
5945
5946
5947
5948
5949
5950
5951
5952
5953
5954
5955
5956
5957
5958
5959
5960
5961
5962
5963
5964
5965
5966
5967
5968
5969
5970
5971
5972
5973
5974
5975
5976
5977
5978
5979
5980
5981
5982
5983
5984
5985
5986
5987
5988
5989
5990
5991
5992
5993
5994
5995
5996
5997
5998
5999
6000
6001
6002
6003
6004
6005
6006
6007
6008
6009
6010
6011
6012
6013
6014
6015
6016
6017
6018
6019
6020
6021
6022
6023
6024
6025
6026
6027
6028
6029
6030
6031
6032
6033
6034
6035
6036
6037
6038
6039
6040
6041
6042
6043
6044
6045
6046
6047
6048
6049
6050
6051
6052
6053
6054
6055
6056
6057
6058
6059
6060
6061
6062
6063
6064
6065
6066
6067
6068
6069
6070
6071
6072
6073
6074
6075
6076
6077
6078
6079
6080
6081
6082
6083
6084
6085
6086
6087
6088
6089
6090
6091
6092
6093
6094
6095
6096
6097
6098
6099
6100
6101
6102
6103
6104
6105
6106
6107
6108
6109
6110
6111
6112
6113
6114
6115
6116
6117
6118
6119
6120
6121
6122
6123
6124
6125
6126
6127
6128
6129
6130
6131
6132
6133
6134
6135
6136
6137
6138
6139
6140
6141
6142
6143
6144
6145
6146
6147
6148
6149
6150
6151
6152
6153
6154
6155
6156
6157
6158
6159
6160
6161
6162
6163
6164
6165
6166
6167
6168
6169
6170
6171
6172
6173
6174
6175
6176
6177
6178
6179
6180
6181
6182
6183
6184
6185
6186
6187
6188
6189
6190
6191
6192
6193
6194
6195
6196
6197
6198
6199
6200
6201
6202
6203
6204
6205
6206
6207
6208
6209
6210
6211
6212
6213
6214
6215
6216
6217
6218
6219
6220
6221
6222
6223
6224
6225
6226
6227
6228
6229
6230
6231
6232
6233
6234
6235
6236
6237
6238
6239
6240
6241
6242
6243
6244
6245
6246
6247
6248
6249
6250
6251
6252
6253
6254
6255
6256
6257
6258
6259
6260
6261
6262
6263
6264
6265
6266
6267
6268
6269
6270
6271
6272
6273
6274
6275
6276
6277
6278
6279
6280
6281
6282
6283
6284
6285
6286
6287
6288
6289
6290
6291
6292
6293
6294
6295
6296
6297
6298
6299
6300
6301
6302
6303
6304
6305
6306
6307
6308
6309
6310
6311
6312
6313
6314
6315
6316
6317
6318
6319
6320
6321
6322
6323
6324
6325
6326
6327
6328
6329
6330
6331
6332
6333
6334
6335
6336
6337
6338
6339
6340
6341
6342
6343
6344
6345
6346
6347
6348
6349
6350
6351
6352
6353
6354
6355
6356
6357
6358
6359
6360
6361
6362
6363
6364
6365
6366
6367
6368
6369
6370
6371
6372
6373
6374
6375
6376
6377
6378
6379
6380
6381
6382
6383
6384
6385
6386
6387
6388
6389
6390
6391
6392
6393
6394
6395
6396
6397
6398
6399
6400
6401
6402
6403
6404
6405
6406
6407
1009.492699864807 0.6089743686783061 0
1003.714436198485 0.6089743686852507 0
997.965063862251 0.6089743686921605 0
992.2444383909708 0.6089743686990355 0
986.5524160604396 0.6089743687058766 0
980.888853842477 0.6089743687126832 0
975.2536094356475 0.6089743687194558 0
969.6465412571409 0.6089743687261946 0
964.0675083995023 0.6089743687328997 0
958.5163706970804 0.6089743687395711 0
952.9929886821315 0.608974368746209 0
947.4972235776449 0.6089743687528144 0
942.0289372905959 0.6089743687593863 0
936.5879924419348 0.608974368765925 0
931.1742523225154 0.6089743687724316 0
925.7875809235607 0.6089743687789054 0
920.4278428923293 0.6089743687853469 0
915.0949035260014 0.6089743687917564 0
909.7886288385904 0.6089743687981336 0
904.5088855171404 0.6089743688044791 0
899.2555409150184 0.6089743688107926 0
894.0284630452583 0.6089743688170746 0
888.8275205739601 0.6089743688233252 0
883.6525828137202 0.6089743688295446 0
878.5035197541847 0.6089743688357329 0
873.3802020181632 0.6089743688418902 0
868.282500855596 0.6089743688480167 0
863.2102882109158 0.6089743688541126 0
858.1634366422697 0.608974368860178 0
853.1418193156258 0.6089743688662135 0
848.1453100722836 0.6089743688722185 0
843.1737833852845 0.6089743688781931 0
838.2271143162476 0.6089743688841383 0
833.305178583385 0.6089743688900537 0
828.4078525547442 0.6089743688959393 0
823.5350131681236 0.6089743689017958 0
818.6865379621947 0.6089743689076228 0
813.862305107288 0.6089743689134208 0
809.0621934362293 0.6089743689191894 0
804.2860823266648 0.6089743689249297 0
799.5338517701472 0.6089743689306411 0
794.8053823649449 0.6089743689363237 0
790.1005553111349 0.6089743689419782 0
785.4192524034977 0.6089743689476043 0
780.7613559896457 0.6089743689532023 0
776.1267490745311 0.6089743689587724 0
771.5153152034522 0.6089743689643146 0
766.9269384936657 0.6089743689698289 0
762.361503665299 0.6089743689753159 0
757.8188959985855 0.6089743689807751 0
753.2990013652385 0.6089743689862075 0
748.8017062224433 0.6089743689916124 0
744.3268975702251 0.6089743689969904 0
739.8744629459038 0.6089743690023417 0
735.4442904926791 0.6089743690076656 0
731.0362689163849 0.6089743690129634 0
726.6502874433914 0.6089743690182349 0
722.2862358519063 0.6089743690234793 0
717.9440045036844 0.6089743690286984 0
713.6234843379897 0.6089743690338907 0
709.324566792254 0.6089743690390571 0
705.04714383391 0.6089743690441979 0
700.7911079918933 0.6089743690493129 0
696.5563523140997 0.6089743690544025 0
692.3427703993395 0.6089743690594663 0
688.1502563915456 0.608974369064505 0
683.9787049747674 0.6089743690695186 0
679.8280113304104 0.6089743690745071 0
675.6980711326764 0.6089743690794707 0
671.5887806170316 0.6089743690844093 0
667.5000365749759 0.6089743690893231 0
663.4317362744011 0.6089743690942125 0
659.3837774551901 0.6089743690990775 0
655.3560584348756 0.6089743691039181 0
651.3484780291166 0.6089743691087345 0
647.3609355099873 0.6089743691135269 0
643.3933306750837 0.6089743691182955 0
639.4455638792483 0.6089743691230399 0
635.5175359181417 0.6089743691277608 0
631.6091480982021 0.6089743691324581 0
627.7203022306966 0.6089743691371317 0
623.850900590607 0.608974369141782 0
620.0008459481764 0.6089743691464092 0
616.1700415645461 0.6089743691510132 0
612.3583912233704 0.6089743691555941 0
608.5657991520701 0.6089743691601524 0
604.7921700172087 0.6089743691646876 0
601.0374089940078 0.6089743691691999 0
597.3014217981009 0.6089743691736902 0
593.5841145695125 0.6089743691781576 0
589.8853938685514 0.6089743691826029 0
586.2051667450945 0.6089743691870259 0
582.5433407708585 0.6089743691914268 0
578.8998239231429 0.6089743691958056 0
575.2745246553333 0.6089743692001626 0
571.6673518911135 0.608974369204498 0
568.0782149839008 0.6089743692088114 0
564.5070237855879 0.6089743692131033 0
560.9536885312051 0.608974369217374 0
557.418119945902 0.6089743692216231 0
553.9002292026524 0.6089743692258509 0
550.3999279185305 0.6089743692300578 0
546.9171281495355 0.6089743692342435 0
543.4517423498849 0.6089743692384082 0
540.0036834784161 0.6089743692425522 0
536.5728649197889 0.6089743692466756 0
533.1592004435073 0.6089743692507781 0
529.7626042737409 0.6089743692548603 0
526.3829910847227 0.608974369258922 0
523.0202759594915 0.6089743692629634 0
519.6743744227749 0.6089743692669847 0
516.3452023994331 0.6089743692709857 0
513.0326762477451 0.608974369274967 0
509.7367127546157 0.608974369278928 0
506.457229057776 0.6089743692828695 0
503.1941427529711 0.6089743692867911 0
499.9473718891726 0.6089743692906933 0
496.7168348905619 0.6089743692945759 0
493.5024505896502 0.6089743692984388 0
490.3041382230222 0.6089743693022827 0
487.1218173904235 0.6089743693061074 0
483.9554081620777 0.6089743693099128 0
480.8048309996768 0.6089743693136993 0
477.6700067163092 0.6089743693174666 0
474.5508565460744 0.6089743693212154 0
471.4473021033238 0.6089743693249454 0
468.3592654527081 0.6089743693286567 0
465.2866689936406 0.6089743693323495 0
462.2294354944701 0.6089743693360236 0
459.1874881618692 0.6089743693396795 0
456.160750563177 0.6089743693433172 0
453.1491466595448 0.6089743693469367 0
450.1526007650116 0.6089743693505381 0
447.1710376171243 0.6089743693541214 0
444.204382298282 0.6089743693576868 0
441.2525602330604 0.6089743693612342 0
438.3154972948512 0.6089743693647642 0
435.3931196909824 0.6089743693682764 0
432.4853539593897 0.6089743693717711 0
429.5921270390295 0.6089743693752483 0
426.7133662658593 0.608974369378708 0
423.8489992951194 0.6089743693821504 0
420.998954135157 0.6089743693855758 0
418.1631592175842 0.608974369388984 0
415.341543282219 0.6089743693923749 0
412.5340354113661 0.6089743693957491 0
409.7405650996803 0.6089743693991065 0
406.9610621395651 0.608974369402447 0
404.1954566922048 0.6089743694057707 0
401.4436792834139 0.6089743694090778 0
398.7056607635825 0.6089743694123686 0
395.9813323409949 0.6089743694156425 0
393.2706255414572 0.6089743694189004 0
390.573472279086 0.6089743694221418 0
387.8898047781958 0.6089743694253673 0
385.2195556078377 0.6089743694285764 0
382.5626576774605 0.6089743694317697 0
379.9190442344517 0.6089743694349466 0
377.2886488598502 0.6089743694381082 0
374.6714054659376 0.6089743694412537 0
372.0672482920021 0.6089743694443831 0
369.4761119019789 0.6089743694474976 0
366.8979312173097 0.608974369450596 0
364.3326414401697 0.6089743694536788 0
361.7801780871161 0.6089743694567465 0
359.2404770231357 0.6089743694597988 0
356.7134744949699 0.6089743694628359 0
354.199106979604 0.6089743694658578 0
351.697311293221 0.6089743694688644 0
349.2080245868132 0.6089743694718562 0
346.7311843069944 0.6089743694748331 0
344.266728229077 0.6089743694777949 0
341.8145944175612 0.6089743694807419 0
339.3747212966776 0.6089743694836741 0
336.9470475731337 0.6089743694865919 0
334.5315121963035 0.6089743694894951 0
332.1280544666274 0.6089743694923834 0
329.7366140317798 0.6089743694952576 0
327.3571308098813 0.6089743694981172 0
324.9895450235022 0.6089743695009628 0
322.6337971595933 0.6089743695037938 0
320.2898280409549 0.6089743695066109 0
317.9575787854708 0.6089743695094137 0
315.6369907668491 0.608974369512203 0
313.3280056854142 0.6089743695149777 0
311.030565528151 0.6089743695177392 0
308.7446125658167 0.6089743695204863 0
306.4700893500755 0.6089743695232201 0
304.2069387477017 0.6089743695259398 0
301.9551039003397 0.6089743695286463 0
299.714528222075 0.608974369531339 0
297.4851554333297 0.6089743695340184 0
295.2669295210598 0.6089743695366843 0
293.0597947360167 0.6089743695393369 0
290.8636956270803 0.6089743695419761 0
288.6785770011449 0.6089743695446024 0
286.504383957864 0.6089743695472154 0
284.3410618862557 0.6089743695498153 0
282.1885564253938 0.6089743695524021 0
280.0468134984743 0.6089743695549763 0
277.9157792731747 0.6089743695575376 0
275.7954002331788 0.6089743695600857 0
273.6856231007895 0.6089743695626213 0
271.586394835142 0.6089743695651444 0
269.4976627030433 0.6089743695676546 0
267.4193742394367 0.6089743695701523 0
265.35147724456 0.6089743695726374 0
263.293919744447 0.6089743695751103 0
261.2466500255458 0.6089743695775709 0
259.2096166319344 0.6089743695800192 0
257.1827683999767 0.608974369582455 0
255.1660544181593 0.6089743695848787 0
253.1594239880645 0.6089743695872902 0
251.1628266957578 0.6089743695896898 0
249.1762124091033 0.6089743695920775 0
247.1995312010008 0.6089743695944532 0
245.2327333845289 0.6089743695968167 0
243.2757695840383 0.608974369599169 0
241.328590621399 0.6089743696015091 0
239.3911475511997 0.6089743696038374 0
237.4633916948485 0.6089743696061543 0
235.5452746013425 0.6089743696084595 0
233.6367480817778 0.6089743696107532 0
231.7377642068316 0.6089743696130355 0
229.8482752672138 0.6089743696153064 0
227.9682337715581 0.608974369617566 0
226.0975924810038 0.608974369619814 0
224.2363043697013 0.6089743696220511 0
222.3843226968499 0.6089743696242768 0
220.5416009664979 0.6089743696264914 0
218.7080928517969 0.6089743696286949 0
216.8837522667213 0.6089743696308876 0
215.0685333637091 0.6089743696330691 0
213.262390531321 0.6089743696352399 0
211.4652784289643 0.6089743696373996 0
209.6771519101207 0.6089743696395487 0
207.8979660207999 0.6089743696416869 0
206.1276760709917 0.6089743696438146 0
204.3662375583136 0.6089743696459315 0
202.6136062402399 0.6089743696480379 0
200.869738094089 0.6089743696501337 0
199.1345892785149 0.6089743696522192 0
197.4081162050409 0.608974369654294 0
195.6902754988405 0.6089743696563585 0
193.9810239965826 0.6089743696584129 0
192.2803187442908 0.6089743696604565 0
190.588116995222 0.6089743696624905 0
188.9043762448059 0.608974369664514 0
187.2290542281831 0.6089743696665273 0
185.5621088440369 0.6089743696685309 0
183.9034981899532 0.608974369670524 0
182.2531805600062 0.6089743696725075 0
180.6111145171962 0.6089743696744812 0
178.9772588162303 0.6089743696764447 0
177.3515723655941 0.6089743696783986 0
175.7340143359693 0.6089743696803425 0
174.124544121223 0.6089743696822769 0
172.5231212619917 0.6089743696842016 0
170.9297055185864 0.6089743696861165 0
169.3442568679581 0.6089743696880221 0
167.7667354284426 0.6089743696899178 0
166.1971016056903 0.6089743696918043 0
164.635315978908 0.6089743696936812 0
163.0813392626955 0.608974369695549 0
161.5351324159732 0.6089743696974073 0
159.9966566027335 0.6089743696992562 0
158.4658731902277 0.6089743697010961 0
156.942743709747 0.6089743697029266 0
155.4272298552105 0.6089743697047478 0
153.9192935551159 0.6089743697065602 0
152.4188969333658 0.6089743697083634 0
150.9260023075251 0.6089743697101575 0
149.440572149676 0.608974369711943 0
147.9625691221252 0.6089743697137193 0
146.4919561120049 0.6089743697154866 0
145.0286961925447 0.6089743697172451 0
143.5727525839814 0.6089743697189949 0
142.1240886893192 0.6089743697207359 0
140.6826681289912 0.6089743697224683 0
139.2484546651365 0.6089743697241921 0
137.8214122370305 0.6089743697259069 0
136.4015050332062 0.6089743697276134 0
134.9886973779817 0.6089743697293115 0
133.5829537306277 0.6089743697310011 0
132.1842387942053 0.6089743697326819 0
130.7925174395511 0.6089743697343548 0
129.4077547037436 0.6089743697360187 0
128.0299157882102 0.6089743697376747 0
126.6589660572182 0.6089743697393224 0
125.2948710730556 0.608974369740962 0
123.9375965571305 0.6089743697425931 0
122.5871084255484 0.6089743697442159 0
121.243372749867 0.608974369745831 0
119.9063557560236 0.6089743697474378 0
118.5760238592088 0.6089743697490368 0
117.2523436254017 0.6089743697506276 0
115.9352817695927 0.6089743697522104 0
114.6248051914376 0.6089743697537855 0
113.3208810101821 0.6089743697553527 0
112.0234764517811 0.6089743697569119 0
110.73255892201 0.6089743697584631 0
109.4480960040071 0.608974369760007 0
108.1700553832202 0.6089743697615431 0
106.8984049568581 0.6089743697630714 0
105.6331127947943 0.608974369764592 0
104.3741471012256 0.6089743697661049 0
103.1214762500666 0.6089743697676104 0
101.87506874626 0.6089743697691086 0
100.6348932615662 0.6089743697705989 0
99.40091866962084 0.608974369772082 0
98.17311393318715 0.6089743697735576 0
96.95144821444657 0.6089743697750258 0
95.73589083525464 0.6089743697764869 0
94.52641123963721 0.6089743697779404 0
93.32297906558311 0.6089743697793867 0
92.12556403272558 0.6089743697808256 0
90.93413605231912 0.6089743697822578 0
89.74866522497157 0.6089743697836825 0
88.56912176540736 0.6089743697851 0
87.39547603801338 0.6089743697865104 0
86.22769851829975 0.608974369787914 0
85.06575986588611 0.6089743697893104 0
83.90963092228948 0.6089743697907 0
82.75928263574306 0.6089743697920824 0
81.61468609679824 0.6089743697934582 0
80.47581253688801 0.6089743697948266 0
79.34263332690185 0.6089743697961887 0
78.21512001281872 0.6089743697975437 0
77.09324427688546 0.6089743697988921 0
75.97697789954813 0.6089743698002337 0
74.86629286921206 0.6089743698015683 0
73.7611612689861 0.6089743698028967 0
72.66155531348316 0.608974369804218 0
71.56744738340328 0.608974369805533 0
70.47880998788899 0.6089743698068413 0
69.39561579950089 0.6089743698081433 0
68.31783757917583 0.6089743698094384 0
67.24544824901248 0.6089743698107275 0
66.17842085355424 0.6089743698120096 0
65.11672859591957 0.6089743698132859 0
64.06034479873412 0.6089743698145554 0
63.00924290360551 0.6089743698158185 0
61.96339654321713 0.6089743698170755 0
60.92277942893907 0.6089743698183263 0
59.88736538700876 0.6089743698195706 0
58.85712843102571 0.6089743698208087 0
57.83204264922045 0.6089743698220407 0
56.81208227808303 0.6089743698232664 0
55.79722173709779 0.6089743698244863 0
54.78743551678465 0.6089743698257 0
53.78269821456645 0.6089743698269074 0
52.78298457064666 0.6089743698281087 0
51.78826950352515 0.6089743698293042 0
50.7985280343818 0.6089743698304939 0
49.81373524925985 0.6089743698316773 0
48.83386640907545 0.6089743698328549 0
47.85889691070549 0.6089743698340266 0
46.88880224919851 0.6089743698351925 0
45.92355809039491 0.6089743698363527 0
44.96314015831919 0.6089743698375069 0
44.00752430893225 0.6089743698386554 0
43.05668656498798 0.608974369839798 0
42.11060300419618 0.6089743698409353 0
41.16924983225849 0.6089743698420664 0
40.23260341849533 0.6089743698431922 0
39.30064025738719 0.6089743698443121 0
38.37333693049658 0.6089743698454269 0
37.45067010544673 0.6089743698465357 0
36.53261660900128 0.6089743698476389 0
35.61915338826999 0.6089743698487365 0
34.71025747303703 0.6089743698498291 0
33.80590604849709 0.608974369850916 0
32.90607637981073 0.6089743698519976 0
32.01074584855326 0.6089743698530736 0
31.11989198805768 0.6089743698541442 0
30.23349240836763 0.6089743698552095 0
29.35152483234035 0.6089743698562695 0
28.47396709433913 0.6089743698573242 0
27.60079713930577 0.6089743698583734 0
26.73199302146981 0.6089743698594177 0
25.86753290343724 0.6089743698604566 0
25.00739509196394 0.6089743698614904 0
24.15155796259563 0.608974369862519 0
1009.492699864643 1.506410258793704 0
1003.714436198159 1.506410258828427 0
997.9650638617647 1.506410258862976 0
992.2444383903257 1.506410258897352 0
986.552416059637 1.506410258931556 0
980.8888538415185 1.50641025896559 0
975.2536094345352 1.506410258999453 0
969.6465412558761 1.506410259033146 0
964.0675083980864 1.506410259066672 0
958.5163706955154 1.506410259100029 0
952.9929886804185 1.50641025913322 0
947.4972235757851 1.506410259166245 0
942.0289372885915 1.506410259199104 0
936.5879924397868 1.5064102592318 0
931.1742523202257 1.506410259264332 0
925.7875809211311 1.506410259296701 0
920.427842889761 1.506410259328909 0
915.0949035232957 1.506410259360955 0
909.7886288357483 1.506410259392842 0
904.5088855141631 1.506410259424569 0
899.255540911908 1.506410259456137 0
894.0284630420163 1.506410259487547 0
888.8275205705876 1.5064102595188 0
883.6525828102185 1.506410259549898 0
878.5035197505556 1.506410259580839 0
873.3802020144076 1.506410259611626 0
868.2825008517159 1.506410259642258 0
863.2102882069119 1.506410259672739 0
858.1634366381435 1.506410259703065 0
853.1418193113785 1.506410259733241 0
848.1453100679165 1.506410259763266 0
843.1737833807994 1.506410259793141 0
838.2271143116448 1.506410259822866 0
833.3051785786671 1.506410259852443 0
828.4078525499115 1.506410259881872 0
823.5350131631778 1.506410259911153 0
818.6865379571369 1.506410259940289 0
813.8623051021191 1.506410259969278 0
809.0621934309511 1.506410259998123 0
804.2860823212785 1.506410260026823 0
799.5338517646533 1.50641026005538 0
794.8053823593457 1.506410260083794 0
790.100555305431 1.506410260112066 0
785.4192523976902 1.506410260140197 0
780.7613559837359 1.506410260168187 0
776.1267490685203 1.506410260196037 0
771.5153151973414 1.506410260223747 0
766.926938487456 1.50641026025132 0
762.3615036589913 1.506410260278754 0
757.8188959921814 1.506410260306051 0
753.2990013587391 1.506410260333212 0
748.8017062158494 1.506410260360237 0
744.3268975635388 1.506410260387127 0
739.8744629391251 1.506410260413883 0
735.4442904858092 1.506410260440505 0
731.0362689094251 1.506410260466993 0
726.650287436343 1.506410260493349 0
722.28623584477 1.506410260519573 0
717.9440044964613 1.506410260545666 0
713.623484330681 1.506410260571629 0
709.3245667848607 1.506410260597461 0
705.0471438264332 1.506410260623165 0
700.7911079843338 1.506410260648741 0
696.5563523064586 1.506410260674188 0
692.3427703916176 1.506410260699508 0
688.1502563837439 1.506410260724701 0
683.9787049668874 1.506410260749769 0
679.8280113224524 1.506410260774711 0
675.6980711246418 1.506410260799529 0
671.5887806089212 1.506410260824222 0
667.5000365667909 1.506410260848791 0
663.4317362661424 1.506410260873239 0
659.3837774468582 1.506410260897564 0
655.3560584264724 1.506410260921767 0
651.3484780206419 1.506410260945849 0
647.3609355014427 1.506410260969811 0
643.39333066647 1.506410260993653 0
639.4455638705663 1.506410261017376 0
635.5175359093922 1.50641026104098 0
631.6091480893863 1.506410261064466 0
627.7203022218151 1.506410261087835 0
623.850900581661 1.506410261111086 0
620.0008459391664 1.506410261134222 0
616.1700415554729 1.506410261157242 0
612.3583912142351 1.506410261180147 0
608.5657991428733 1.506410261202937 0
604.7921700079518 1.506410261225613 0
601.0374089846912 1.506410261248176 0
597.3014217887256 1.506410261270626 0
593.5841145600791 1.506410261292964 0
589.8853938590612 1.50641026131519 0
586.2051667355479 1.506410261337305 0
582.5433407612566 1.50641026135931 0
578.899823913486 1.506410261381204 0
575.274524645622 1.50641026140299 0
571.6673518813495 1.506410261424665 0
568.0782149740846 1.506410261446233 0
564.5070237757199 1.506410261467693 0
560.9536885212866 1.506410261489046 0
557.4181199359334 1.506410261510291 0
553.9002291926346 1.506410261531431 0
550.3999279084644 1.506410261552465 0
546.9171281394216 1.506410261573393 0
543.4517423397236 1.506410261594217 0
540.0036834682085 1.506410261614938 0
536.5728649095358 1.506410261635554 0
533.1592004332088 1.506410261656067 0
529.762604263398 1.506410261676478 0
526.3829910743361 1.506410261696786 0
523.0202759490625 1.506410261716993 0
519.6743744123035 1.506410261737099 0
516.3452023889164 1.506410261757105 0
513.0326762371828 1.50641026177701 0
509.7367127440239 1.506410261796816 0
506.4572290471246 1.506410261816523 0
503.1941427422764 1.506410261836131 0
499.947371878435 1.506410261855642 0
496.7168348797817 1.506410261875055 0
493.5024505788288 1.50641026189437 0
490.3041382121597 1.50641026191359 0
487.1218173795208 1.506410261932713 0
483.9554081511357 1.50641026195174 0
480.804830988696 1.506410261970673 0
477.6700067052907 1.50641026198951 0
474.5508565350183 1.506410262008253 0
471.447302092231 1.506410262026904 0
468.3592654415791 1.50641026204546 0
465.2866689824758 1.506410262063923 0
462.2294354832707 1.506410262082295 0
459.1874881506355 1.506410262100575 0
456.1607505519098 1.506410262118762 0
453.1491466482446 1.50641026213686 0
450.1526007536792 1.506410262154866 0
447.1710376057601 1.506410262172784 0
444.2043822868865 1.506410262190611 0
441.2525602216346 1.506410262208348 0
438.3154972833952 1.506410262225997 0
435.3931196794969 1.506410262243558 0
432.4853539478754 1.506410262261032 0
429.592127027487 1.506410262278418 0
426.7133662542891 1.506410262295717 0
423.8489992835219 1.506410262312929 0
420.9989541235336 1.506410262330056 0
418.1631592059344 1.506410262347096 0
415.3415432705439 1.506410262364052 0
412.5340353996659 1.506410262380922 0
409.7405650879558 1.506410262397708 0
406.9610621278168 1.506410262414411 0
404.1954566804332 1.50641026243103 0
401.4436792716197 1.506410262447566 0
398.7056607517658 1.506410262464019 0
395.9813323291566 1.50641026248039 0
393.2706255295977 1.506410262496679 0
390.5734722672057 1.506410262512887 0
387.8898047662952 1.506410262529013 0
385.2195555959176 1.506410262545059 0
382.5626576655212 1.506410262561025 0
379.9190442224938 1.506410262576911 0
377.288648847874 1.506410262592718 0
374.6714054539437 1.506410262608445 0
372.0672482799908 1.506410262624093 0
369.4761118899508 1.506410262639664 0
366.8979312052654 1.506410262655157 0
364.3326414281095 1.506410262670572 0
361.7801780750406 1.50641026268591 0
359.2404770110453 1.506410262701172 0
356.7134744828651 1.506410262716357 0
354.199106967485 1.506410262731466 0
351.6973112810885 1.5064102627465 0
349.2080245746674 1.506410262761458 0
346.7311842948358 1.506410262776342 0
344.2667282169061 1.506410262791151 0
341.8145944053788 1.506410262805886 0
339.3747212844835 1.506410262820548 0
336.9470475609287 1.506410262835136 0
334.5315121840879 1.506410262849652 0
332.1280544544014 1.506410262864094 0
329.736614019544 1.506410262878465 0
327.3571307976361 1.506410262892764 0
324.9895450112479 1.506410262906991 0
322.6337971473304 1.506410262921147 0
320.2898280286839 1.506410262935232 0
317.9575787731919 1.506410262949248 0
315.6369907545627 1.506410262963192 0
313.3280056731208 1.506410262977067 0
311.030565515851 1.506410262990873 0
308.7446125535104 1.506410263004609 0
306.4700893377631 1.506410263018277 0
304.2069387353837 1.506410263031877 0
301.9551038880165 1.506410263045409 0
299.714528209747 1.506410263058873 0
297.4851554209972 1.506410263072269 0
295.2669295087232 1.506410263085599 0
293.0597947236765 1.506410263098862 0
290.8636956147366 1.506410263112058 0
288.6785769887981 1.506410263125189 0
286.5043839455144 1.506410263138254 0
284.3410618739035 1.506410263151254 0
282.1885564130396 1.506410263164188 0
280.0468134861183 1.506410263177059 0
277.9157792608171 1.506410263189865 0
275.7954002208201 1.506410263202607 0
273.6856230884301 1.506410263215284 0
271.5863948227822 1.506410263227899 0
269.4976626906833 1.50641026324045 0
267.4193742270769 1.506410263252939 0
265.3514772322005 1.506410263265365 0
263.2939197320883 1.50641026327773 0
261.2466500131882 1.506410263290032 0
259.2096166195783 1.506410263302273 0
257.1827683876222 1.506410263314452 0
255.1660544058068 1.506410263326571 0
253.1594239757141 1.506410263338629 0
251.16282668341 1.506410263350627 0
249.1762123967583 1.506410263362565 0
247.199531188659 1.506410263374443 0
245.2327333721905 1.506410263386262 0
243.2757695717034 1.506410263398022 0
241.3285906090681 1.506410263409723 0
239.391147538873 1.506410263421365 0
237.4633916825263 1.506410263432949 0
235.5452745890249 1.506410263444475 0
233.6367480694652 1.506410263455944 0
231.7377641945242 1.506410263467356 0
229.8482752549119 1.506410263478709 0
227.9682337592619 1.506410263490007 0
226.0975924687137 1.506410263501248 0
224.2363043574172 1.506410263512432 0
222.3843226845724 1.506410263523562 0
220.5416009542271 1.506410263534635 0
218.7080928395332 1.506410263545653 0
216.8837522544648 1.506410263556616 0
215.06853335146 1.506410263567523 0
213.2623905190796 1.506410263578377 0
211.4652784167308 1.506410263589176 0
209.6771518978953 1.506410263599921 0
207.8979660085831 1.506410263610612 0
206.1276760587834 1.50641026362125 0
204.366237546114 1.506410263631835 0
202.6136062280494 1.506410263642366 0
200.8697380819076 1.506410263652846 0
199.1345892663429 1.506410263663273 0
197.4081161928786 1.506410263673648 0
195.6902754866881 1.50641026368397 0
193.9810239844402 1.506410263694242 0
192.2803187321588 1.506410263704461 0
190.5881169831004 1.50641026371463 0
188.904376232695 1.506410263724748 0
187.229054216083 1.506410263734816 0
185.5621088319479 1.506410263744832 0
183.9034981778755 1.506410263754799 0
182.25318054794 1.506410263764716 0
180.6111145051416 1.506410263774583 0
178.9772588041876 1.506410263784402 0
177.3515723535633 1.506410263794171 0
175.7340143239508 1.506410263803891 0
174.1245441092167 1.506410263813562 0
172.5231212499981 1.506410263823186 0
170.9297055066054 1.50641026383276 0
169.3442568559899 1.506410263842288 0
167.7667354164876 1.506410263851767 0
166.1971015937484 1.506410263861199 0
164.6353159669795 1.506410263870584 0
163.0813392507806 1.506410263879923 0
161.5351324040721 1.506410263889214 0
159.9966565908464 1.506410263898458 0
158.4658731783546 1.506410263907657 0
156.942743697888 1.50641026391681 0
155.4272298433659 1.506410263925917 0
153.9192935432858 1.506410263934979 0
152.4188969215504 1.506410263943995 0
150.9260022957246 1.506410263952966 0
149.440572137891 1.506410263961892 0
147.9625691103559 1.506410263970773 0
146.4919561002516 1.50641026397961 0
145.028696180808 1.506410263988404 0
143.5727525722613 1.506410263997152 0
142.1240886776157 1.506410264005858 0
140.6826681173046 1.50641026401452 0
139.2484546534669 1.506410264023138 0
137.821412225378 1.506410264031714 0
136.4015050215709 1.506410264040246 0
134.9886973663637 1.506410264048736 0
133.5829537190271 1.506410264057183 0
132.1842387826222 1.506410264065589 0
130.7925174279858 1.506410264073951 0
129.4077546921961 1.506410264082273 0
128.0299157766806 1.506410264090552 0
126.6589660457065 1.50641026409879 0
125.2948710615621 1.506410264106987 0
123.9375965456552 1.506410264115143 0
122.5871084140913 1.506410264123259 0
121.2433727384284 1.506410264131333 0
119.9063557446034 1.506410264139368 0
118.5760238478073 1.506410264147362 0
117.2523436140189 1.506410264155316 0
115.9352817582288 1.50641026416323 0
114.6248051800925 1.506410264171106 0
113.320880998856 1.506410264178941 0
112.0234764404741 1.506410264186737 0
110.7325589107222 1.506410264194495 0
109.4480959927385 1.506410264202213 0
108.170055371971 1.506410264209893 0
106.8984049456283 1.506410264217534 0
105.6331127835841 1.506410264225138 0
104.374147090035 1.506410264232703 0
103.1214762388956 1.506410264240231 0
101.8750687351089 1.506410264247721 0
100.6348932504349 1.506410264255173 0
99.40091865850947 1.506410264262588 0
98.17311392209581 1.506410264269966 0
96.95144820337535 1.506410264277307 0
95.73589082420365 1.506410264284612 0
94.52641122860646 1.50641026429188 0
93.32297905457273 1.506410264299112 0
92.12556402173563 1.506410264306307 0
90.93413604134962 1.506410264313466 0
89.74866521402268 1.50641026432059 0
88.56912175447913 1.506410264327678 0
87.3954760271059 1.50641026433473 0
86.22769850741301 1.506410264341748 0
85.06575985502013 1.50641026434873 0
83.90963091144415 1.506410264355678 0
82.75928262491847 1.50641026436259 0
81.61468608599441 1.506410264369468 0
80.47581252610505 1.506410264376312 0
79.34263331613984 1.506410264383121 0
78.2151200020777 1.506410264389897 0
77.09324426616544 1.506410264396638 0
75.97697788884929 1.506410264403346 0
74.86629285853446 1.50641026441002 0
73.76116125832972 1.506410264416661 0
72.661555302848 1.506410264423269 0
71.56744737278942 1.506410264429844 0
70.47880997729655 1.506410264436386 0
69.39561578892986 1.506410264442894 0
68.31783756862626 1.506410264449371 0
67.24544823848441 1.506410264455815 0
66.17842084304775 1.506410264462227 0
65.11672858543476 1.506410264468607 0
64.06034478827102 1.506410264474955 0
63.00924289316411 1.506410264481272 0
61.96339653279745 1.506410264487556 0
60.92277941854121 1.506410264493809 0
59.88736537663281 1.506410264500031 0
58.85712842067162 1.506410264506222 0
57.83204263888835 1.506410264512382 0
56.81208226777289 1.506410264518511 0
55.79722172680964 1.50641026452461 0
54.78743550651849 1.506410264530677 0
53.78269820432236 1.506410264536715 0
52.7829845604247 1.506410264542723 0
51.78826949332533 1.5064102645487 0
50.79852802420417 1.506410264554648 0
49.81373523910445 1.506410264560565 0
48.83386639894229 1.506410264566453 0
47.85889690059464 1.506410264572312 0
46.88880223910999 1.506410264578142 0
45.92355808032874 1.506410264583942 0
44.9631401482754 1.506410264589713 0
44.00752429891087 1.506410264595456 0
43.05668655498901 1.50641026460117 0
42.11060299421969 1.506410264606855 0
41.16924982230444 1.506410264612512 0
40.23260340856383 1.50641026461814 0
39.3006402474782 1.50641026462374 0
38.37333692061019 1.506410264629312 0
37.45067009558301 1.506410264634857 0
36.53261659916021 1.506410264640374 0
35.61915337845167 1.506410264645863 0
34.71025746324137 1.506410264651324 0
33.80590603872422 1.506410264656759 0
32.90607637006056 1.506410264662166 0
32.01074583882586 1.506410264667546 0
31.11989197835304 1.5064102646729 0
30.2334923986858 1.506410264678226 0
29.35152482268133 1.506410264683526 0
28.47396708470288 1.506410264688799 0
27.60079712969237 1.506410264694046 0
26.7319930118792 1.506410264699267 0
25.86753289386942 1.506410264704461 0
25.00739508241894 1.50641026470963 0
24.15155795307346 1.506410264714773 0
$EndNodes
$Elements
22 9633 1 9633
1 1 1 43
1 1 26 
2 26 27 
3 27 28 
4 28 29 
5 29 30 
6 30 31 
7 31 32 
8 32 33 
9 33 34 
10 34 35 
11 35 36 
12 36 37 
13 37 38 
14 38 39 
15 39 40 
16 40 41 
17 41 42 
18 42 43 
19 43 44 
20 44 45 
21 45 46 
22 46 47 
23 47 48 
24 48 49 
25 49 50 
26 50 51 
27 51 52 
28 52 53 
29 53 54 
30 54 55 
31 55 56 
32 56 57 
33 57 58 
34 58 59 
35 59 60 
36 60 61 
37 61 62 
38 62 63 
39 63 64 
40 64 65 
41 65 66 
42 66 67 
43 67 18 
1 2 1 12
44 2 68 
45 68 69 
46 69 70 
47 70 71 
48 71 72 
49 72 73 
50 73 74 
51 74 75 
52 75 76 
53 76 77 
54 77 78 
55 78 15 
1 3 1 16
56 3 79 
57 79 80 
58 80 81 
59 81 82 
60 82 83 
61 83 84 
62 84 85 
63 85 86 
64 86 87 
65 87 88 
66 88 89 
67 89 90 
68 90 91 
69 91 92 
70 92 93 
71 93 16 
1 4 1 12
72 4 94 
73 94 95 
74 95 96 
75 96 97 
76 97 98 
77 98 99 
78 99 100 
79 100 101 
80 101 102 
81 102 103 
82 103 104 
83 104 17 
1 5 1 26
84 5 105 
85 105 106 
86 106 107 
87 107 108 
88 108 109 
89 109 110 
90 110 111 
91 111 112 
92 112 113 
93 113 114 
94 114 115 
95 115 116 
96 116 117 
97 117 118 
98 118 119 
99 119 120 
100 120 121 
101 121 122 
102 122 123 
103 123 124 
104 124 125 
105 125 126 
106 126 127 
107 127 128 
108 128 129 
109 129 20 
1 6 1 2
110 6 130 
111 130 7 
1 7 1 3
112 7 131 
113 131 132 
114 132 25 
1 8 1 34
115 8 133 
116 133 134 
117 134 135 
118 135 136 
119 136 137 
120 137 138 
121 138 139 
122 139 140 
123 140 141 
124 141 142 
125 142 143 
126 143 144 
127 144 145 
128 145 146 
129 146 147 
130 147 148 
131 148 149 
132 149 150 
133 150 151 
134 151 152 
135 152 153 
136 153 154 
137 154 155 
138 155 156 
139 156 157 
140 157 158 
141 158 159 
142 159 160 
143 160 161 
144 161 162 
145 162 163 
146 163 164 
147 164 165 
148 165 9 
1 9 1 11
149 9 166 
150 166 167 
151 167 168 
152 168 169 
153 169 170 
154 170 171 
155 171 172 
156 172 173 
157 173 174 
158 174 175 
159 175 22 
1 11 1 2
160 10 218 
161 218 1 
1 15 1 12
162 15 274 
163 274 275 
164 275 276 
165 276 277 
166 277 278 
167 278 279 
168 279 280 
169 280 281 
170 281 282 
171 282 283 
172 283 284 
173 284 3 
1 16 1 21
174 16 285 
175 285 286 
176 286 287 
177 287 288 
178 288 289 
179 289 290 
180 290 291 
181 291 292 
182 292 293 
183 293 294 
184 294 295 
185 295 296 
186 296 297 
187 297 298 
188 298 299 
189 299 300 
190 300 301 
191 301 302 
192 302 303 
193 303 304 
194 304 4 
1 17 1 12
195 17 305 
196 305 306 
197 306 307 
198 307 308 
199 308 309 
200 309 310 
201 310 311 
202 311 312 
203 312 313 
204 313 314 
205 314 315 
206 315 5 
1 20 1 15
207 18 356 
208 356 357 
209 357 358 
210 358 359 
211 359 360 
212 360 361 
213 361 362 
214 362 363 
215 363 364 
216 364 365 
217 365 366 
218 366 367 
219 367 368 
220 368 369 
221 369 2 
1 21 1 384
222 20 370 
223 370 371 
224 371 372 
225 372 373 
226 373 374 
227 374 375 
228 375 376 
229 376 377 
230 377 378 
231 378 379 
232 379 380 
233 380 381 
234 381 382 
235 382 383 
236 383 384 
237 384 385 
238 385 386 
239 386 387 
240 387 388 
241 388 389 
242 389 390 
243 390 391 
244 391 392 
245 392 393 
246 393 394 
247 394 395 
248 395 396 
249 396 397 
250 397 398 
251 398 399 
252 399 400 
253 400 401 
254 401 402 
255 402 403 
256 403 404 
257 404 405 
258 405 406 
259 406 407 
260 407 408 
261 408 409 
262 409 410 
263 410 411 
264 411 412 
265 412 413 
266 413 414 
267 414 415 
268 415 416 
269 416 417 
270 417 418 
271 418 419 
272 419 420 
273 420 421 
274 421 422 
275 422 423 
276 423 424 
277 424 425 
278 425 426 
279 426 427 
280 427 428 
281 428 429 
282 429 430 
283 430 431 
284 431 432 
285 432 433 
286 433 434 
287 434 435 
288 435 436 
289 436 437 
290 437 438 
291 438 439 
292 439 440 
293 440 441 
294 441 442 
295 442 443 
296 443 444 
297 444 445 
298 445 446 
299 446 447 
300 447 448 
301 448 449 
302 449 450 
303 450 451 
304 451 452 
305 452 453 
306 453 454 
307 454 455 
308 455 456 
309 456 457 
310 457 458 
311 458 459 
312 459 460 
313 460 461 
314 461 462 
315 462 463 
316 463 464 
317 464 465 
318 465 466 
319 466 467 
320 467 468 
321 468 469 
322 469 470 
323 470 471 
324 471 472 
325 472 473 
326 473 474 
327 474 475 
328 475 476 
329 476 477 
330 477 478 
331 478 479 
332 479 480 
333 480 481 
334 481 482 
335 482 483 
336 483 484 
337 484 485 
338 485 486 
339 486 487 
340 487 488 
341 488 489 
342 489 490 
343 490 491 
344 491 492 
345 492 493 
346 493 494 
347 494 495 
348 495 496 
349 496 497 
350 497 498 
351 498 499 
352 499 500 
353 500 501 
354 501 502 
355 502 503 
356 503 504 
357 504 505 
358 505 506 
359 506 507 
360 507 508 
361 508 509 
362 509 510 
363 510 511 
364 511 512 
365 512 513 
366 513 514 
367 514 515 
368 515 516 
369 516 517 
370 517 518 
371 518 519 
372 519 520 
373 520 521 
374 521 522 
375 522 523 
376 523 524 
377 524 525 
378 525 526 
379 526 527 
380 527 528 
381 528 529 
382 529 530 
383 530 531 
384 531 532 
385 532 533 
386 533 534 
387 534 535 
388 535 536 
389 536 537 
390 537 538 
391 538 539 
392 539 540 
393 540 541 
394 541 542 
395 542 543 
396 543 544 
397 544 545 
398 545 546 
399 546 547 
400 547 548 
401 548 549 
402 549 550 
403 550 551 
404 551 552 
405 552 553 
406 553 554 
407 554 555 
408 555 556 
409 556 557 
410 557 558 
411 558 559 
412 559 560 
413 560 561 
414 561 562 
415 562 563 
416 563 564 
417 564 565 
418 565 566 
419 566 567 
420 567 568 
421 568 569 
422 569 570 
423 570 571 
424 571 572 
425 572 573 
426 573 574 
427 574 575 
428 575 576 
429 576 577 
430 577 578 
431 578 579 
432 579 580 
433 580 581 
434 581 582 
435 582 583 
436 583 584 
437 584 585 
438 585 586 
439 586 587 
440 587 588 
441 588 589 
442 589 590 
443 590 591 
444 591 592 
445 592 593 
446 593 594 
447 594 595 
448 595 596 
449 596 597 
450 597 598 
451 598 599 
452 599 600 
453 600 601 
454 601 602 
455 602 603 
456 603 604 
457 604 605 
458 605 606 
459 606 607 
460 607 608 
461 608 609 
462 609 610 
463 610 611 
464 611 612 
465 612 613 
466 613 614 
467 614 615 
468 615 616 
469 616 617 
470 617 618 
471 618 619 
472 619 620 
473 620 621 
474 621 622 
475 622 623 
476 623 624 
477 624 625 
478 625 626 
479 626 627 
480 627 628 
481 628 629 
482 629 630 
483 630 631 
484 631 632 
485 632 633 
486 633 634 
487 634 635 
488 635 636 
489 636 637 
490 637 638 
491 638 639 
492 639 640 
493 640 641 
494 641 642 
495 642 643 
496 643 644 
497 644 645 
498 645 646 
499 646 647 
500 647 648 
501 648 649 
502 649 650 
503 650 651 
504 651 652 
505 652 653 
506 653 654 
507 654 655 
508 655 656 
509 656 657 
510 657 658 
511 658 659 
512 659 660 
513 660 661 
514 661 662 
515 662 663 
516 663 664 
517 664 665 
518 665 666 
519 666 667 
520 667 668 
521 668 669 
522 669 670 
523 670 671 
524 671 672 
525 672 673 
526 673 674 
527 674 675 
528 675 676 
529 676 677 
530 677 678 
531 678 679 
532 679 680 
533 680 681 
534 681 682 
535 682 683 
536 683 684 
537 684 685 
538 685 686 
539 686 687 
540 687 688 
541 688 689 
542 689 690 
543 690 691 
544 691 692 
545 692 693 
546 693 694 
547 694 695 
548 695 696 
549 696 697 
550 697 698 
551 698 699 
552 699 700 
553 700 701 
554 701 702 
555 702 703 
556 703 704 
557 704 705 
558 705 706 
559 706 707 
560 707 708 
561 708 709 
562 709 710 
563 710 711 
564 711 712 
565 712 713 
566 713 714 
567 714 715 
568 715 716 
569 716 717 
570 717 718 
571 718 719 
572 719 720 
573 720 721 
574 721 722 
575 722 723 
576 723 724 
577 724 725 
578 725 726 
579 726 727 
580 727 728 
581 728 729 
582 729 730 
583 730 731 
584 731 732 
585 732 733 
586 733 734 
587 734 735 
588 735 736 
589 736 737 
590 737 738 
591 738 739 
592 739 740 
593 740 741 
594 741 742 
595 742 743 
596 743 744 
597 744 745 
598 745 746 
599 746 747 
600 747 748 
601 748 749 
602 749 750 
603 750 751 
604 751 752 
605 752 6 
1 24 1 3
606 22 1150 
607 1150 1151 
608 1151 10 
1 25 1 11
609 25 1152 
610 1152 1153 
611 1153 1154 
612 1154 1155 
613 1155 1156 
614 1156 1157 
615 1157 1158 
616 1158 1159 
617 1159 1160 
618 1160 1161 
619 1161 8 
2 1 3 1010
620 1 26 1591 218 
621 218 1591 176 10 
622 26 27 1592 1591 
623 1591 1592 177 176 
624 27 28 1593 1592 
625 1592 1593 178 177 
626 28 29 1594 1593 
627 1593 1594 179 178 
628 29 30 1595 1594 
629 1594 1595 180 179 
630 30 31 1596 1595 
631 1595 1596 181 180 
632 31 32 1597 1596 
633 1596 1597 182 181 
634 32 33 1598 1597 
635 1597 1598 183 182 
636 33 34 1599 1598 
637 1598 1599 184 183 
638 34 35 1600 1599 
639 1599 1600 185 184 
640 35 36 1601 1600 
641 1600 1601 186 185 
642 36 37 1602 1601 
643 1601 1602 187 186 
644 37 38 1603 1602 
645 1602 1603 188 187 
646 38 39 1604 1603 
647 1603 1604 189 188 
648 39 40 1605 1604 
649 1604 1605 190 189 
650 40 41 1606 1605 
651 1605 1606 191 190 
652 41 42 1607 1606 
653 1606 1607 192 191 
654 42 43 1608 1607 
655 1607 1608 193 192 
656 43 44 1609 1608 
657 1608 1609 194 193 
658 44 45 1610 1609 
659 1609 1610 195 194 
660 45 46 1611 1610 
661 1610 1611 196 195 
662 46 47 1612 1611 
663 1611 1612 197 196 
664 47 48 1613 1612 
665 1612 1613 198 197 
666 48 49 1614 1613 
667 1613 1614 199 198 
668 49 50 1615 1614 
669 1614 1615 200 199 
670 50 51 1616 1615 
671 1615 1616 201 200 
672 51 52 1617 1616 
673 1616 1617 202 201 
674 52 53 1618 1617 
675 1617 1618 203 202 
676 53 54 1619 1618 
677 1618 1619 204 203 
678 54 55 1620 1619 
679 1619 1620 205 204 
680 55 56 1621 1620 
681 1620 1621 206 205 
682 56 57 1622 1621 
683 1621 1622 207 206 
684 57 58 1623 1622 
685 1622 1623 208 207 
686 58 59 1624 1623 
687 1623 1624 209 208 
688 59 60 1625 1624 
689 1624 1625 210 209 
690 60 61 1626 1625 
691 1625 1626 211 210 
692 61 62 1627 1626 
693 1626 1627 212 211 
694 62 63 1628 1627 
695 1627 1628 213 212 
696 63 64 1629 1628 
697 1628 1629 214 213 
698 64 65 1630 1629 
699 1629 1630 215 214 
700 65 66 1631 1630 
701 1630 1631 216 215 
702 66 67 1632 1631 
703 1631 1632 217 216 
704 67 18 1633 1632 
705 1632 1633 19 217 
706 18 356 1634 1633 
707 1633 1634 1136 19 
708 356 357 1635 1634 
709 1634 1635 1137 1136 
710 357 358 1636 1635 
711 1635 1636 1138 1137 
712 358 359 1637 1636 
713 1636 1637 1139 1138 
714 359 360 1638 1637 
715 1637 1638 1140 1139 
716 360 361 1639 1638 
717 1638 1639 1141 1140 
718 361 362 1640 1639 
719 1639 1640 1142 1141 
720 362 363 1641 1640 
721 1640 1641 1143 1142 
722 363 364 1642 1641 
723 1641 1642 1144 1143 
724 364 365 1643 1642 
725 1642 1643 1145 1144 
726 365 366 1644 1643 
727 1643 1644 1146 1145 
728 366 367 1645 1644 
729 1644 1645 1147 1146 
730 367 368 1646 1645 
731 1645 1646 1148 1147 
732 368 369 1647 1646 
733 1646 1647 1149 1148 
734 369 2 1648 1647 
735 1647 1648 11 1149 
736 2 259 1649 1648 
737 1648 1649 219 11 
738 259 260 1650 1649 
739 1649 1650 220 219 
740 260 261 1651 1650 
741 1650 1651 221 220 
742 261 262 1652 1651 
743 1651 1652 222 221 
744 262 263 1653 1652 
745 1652 1653 223 222 
746 263 264 1654 1653 
747 1653 1654 224 223 
748 264 265 1655 1654 
749 1654 1655 225 224 
750 265 266 1656 1655 
751 1655 1656 226 225 
752 266 267 1657 1656 
753 1656 1657 227 226 
754 267 268 1658 1657 
755 1657 1658 228 227 
756 268 269 1659 1658 
757 1658 1659 229 228 
758 269 270 1660 1659 
759 1659 1660 230 229 
760 270 271 1661 1660 
761 1660 1661 231 230 
762 271 272 1662 1661 
763 1661 1662 232 231 
764 272 273 1663 1662 
765 1662 1663 233 232 
766 273 13 1664 1663 
767 1663 1664 14 233 
768 13 316 1665 1664 
769 1664 1665 336 14 
770 316 317 1666 1665 
771 1665 1666 337 336 
772 317 318 1667 1666 
773 1666 1667 338 337 
774 318 319 1668 1667 
775 1667 1668 339 338 
776 319 320 1669 1668 
777 1668 1669 340 339 
778 320 321 1670 1669 
779 1669 1670 341 340 
780 321 322 1671 1670 
781 1670 1671 342 341 
782 322 323 1672 1671 
783 1671 1672 343 342 
784 323 324 1673 1672 
785 1672 1673 344 343 
786 324 325 1674 1673 
787 1673 1674 345 344 
788 325 326 1675 1674 
789 1674 1675 346 345 
790 326 327 1676 1675 
791 1675 1676 347 346 
792 327 328 1677 1676 
793 1676 1677 348 347 
794 328 329 1678 1677 
795 1677 1678 349 348 
796 329 330 1679 1678 
797 1678 1679 350 349 
798 330 331 1680 1679 
799 1679 1680 351 350 
800 331 332 1681 1680 
801 1680 1681 352 351 
802 332 333 1682 1681 
803 1681 1682 353 352 
804 333 334 1683 1682 
805 1682 1683 354 353 
806 334 335 1684 1683 
807 1683 1684 355 354 
808 335 5 1685 1684 
809 1684 1685 12 355 
810 5 105 1686 1685 
811 1685 1686 234 12 
812 105 106 1687 1686 
813 1686 1687 235 234 
814 106 107 1688 1687 
815 1687 1688 236 235 
816 107 108 1689 1688 
817 1688 1689 237 236 
818 108 109 1690 1689 
819 1689 1690 238 237 
820 109 110 1691 1690 
821 1690 1691 239 238 
822 110 111 1692 1691 
823 1691 1692 240 239 
824 111 112 1693 1692 
825 1692 1693 241 240 
826 112 113 1694 1693 
827 1693 1694 242 241 
828 113 114 1695 1694 
829 1694 1695 243 242 
830 114 115 1696 1695 
831 1695 1696 244 243 
832 115 116 1697 1696 
833 1696 1697 245 244 
834 116 117 1698 1697 
835 1697 1698 246 245 
836 117 118 1699 1698 
837 1698 1699 247 246 
838 118 119 1700 1699 
839 1699 1700 248 247 
840 119 120 1701 1700 
841 1700 1701 249 248 
842 120 121 1702 1701 
843 1701 1702 250 249 
844 121 122 1703 1702 
845 1702 1703 251 250 
846 122 123 1704 1703 
847 1703 1704 252 251 
848 123 124 1705 1704 
849 1704 1705 253 252 
850 124 125 1706 1705 
851 1705 1706 254 253 
852 125 126 1707 1706 
853 1706 1707 255 254 
854 126 127 1708 1707 
855 1707 1708 256 255 
856 127 128 1709 1708 
857 1708 1709 257 256 
858 128 129 1710 1709 
859 1709 1710 258 257 
860 129 20 1711 1710 
861 1710 1711 21 258 
862 20 370 1712 1711 
863 1711 1712 753 21 
864 370 371 1713 1712 
865 1712 1713 754 753 
866 371 372 1714 1713 
867 1713 1714 755 754 
868 372 373 1715 1714 
869 1714 1715 756 755 
870 373 374 1716 1715 
871 1715 1716 757 756 
872 374 375 1717 1716 
873 1716 1717 758 757 
874 375 376 1718 1717 
875 1717 1718 759 758 
876 376 377 1719 1718 
877 1718 1719 760 759 
878 377 378 1720 1719 
879 1719 1720 761 760 
880 378 379 1721 1720 
881 1720 1721 762 761 
882 379 380 1722 1721 
883 1721 1722 763 762 
884 380 381 1723 1722 
885 1722 1723 764 763 
886 381 382 1724 1723 
887 1723 1724 765 764 
888 382 383 1725 1724 
889 1724 1725 766 765 
890 383 384 1726 1725 
891 1725 1726 767 766 
892 384 385 1727 1726 
893 1726 1727 768 767 
894 385 386 1728 1727 
895 1727 1728 769 768 
896 386 387 1729 1728 
897 1728 1729 770 769 
898 387 388 1730 1729 
899 1729 1730 771 770 
900 388 389 1731 1730 
901 1730 1731 772 771 
902 389 390 1732 1731 
903 1731 1732 773 772 
904 390 391 1733 1732 
905 1732 1733 774 773 
906 391 392 1734 1733 
907 1733 1734 775 774 
908 392 393 1735 1734 
909 1734 1735 776 775 
910 393 394 1736 1735 
911 1735 1736 777 776 
912 394 395 1737 1736 
913 1736 1737 778 777 
914 395 396 1738 1737 
915 1737 1738 779 778 
916 396 397 1739 1738 
917 1738 1739 780 779 
918 397 398 1740 1739 
919 1739 1740 781 780 
920 398 399 1741 1740 
921 1740 1741 782 781 
922 399 400 1742 1741 
923 1741 1742 783 782 
924 400 401 1743 1742 
925 1742 1743 784 783 
926 401 402 1744 1743 
927 1743 1744 785 784 
928 402 403 1745 1744 
929 1744 1745 786 785 
930 403 404 1746 1745 
931 1745 1746 787 786 
932 404 405 1747 1746 
933 1746 1747 788 787 
934 405 406 1748 1747 
935 1747 1748 789 788 
936 406 407 1749 1748 
937 1748 1749 790 789 
938 407 408 1750 1749 
939 1749 1750 791 790 
940 408 409 1751 1750 
941 1750 1751 792 791 
942 409 410 1752 1751 
943 1751 1752 793 792 
944 410 411 1753 1752 
945 1752 1753 794 793 
946 411 412 1754 1753 
947 1753 1754 795 794 
948 412 413 1755 1754 
949 1754 1755 796 795 
950 413 414 1756 1755 
951 1755 1756 797 796 
952 414 415 1757 1756 
953 1756 1757 798 797 
954 415 416 1758 1757 
955 1757 1758 799 798 
956 416 417 1759 1758 
957 1758 1759 800 799 
958 417 418 1760 1759 
959 1759 1760 801 800 
960 418 419 1761 1760 
961 1760 1761 802 801 
962 419 420 1762 1761 
963 1761 1762 803 802 
964 420 421 1763 1762 
965 1762 1763 804 803 
966 421 422 1764 1763 
967 1763 1764 805 804 
968 422 423 1765 1764 
969 1764 1765 806 805 
970 423 424 1766 1765 
971 1765 1766 807 806 
972 424 425 1767 1766 
973 1766 1767 808 807 
974 425 426 1768 1767 
975 1767 1768 809 808 
976 426 427 1769 1768 
977 1768 1769 810 809 
978 427 428 1770 1769 
979 1769 1770 811 810 
980 428 429 1771 1770 
981 1770 1771 812 811 
982 429 430 1772 1771 
983 1771 1772 813 812 
984 430 431 1773 1772 
985 1772 1773 814 813 
986 431 432 1774 1773 
987 1773 1774 815 814 
988 432 433 1775 1774 
989 1774 1775 816 815 
990 433 434 1776 1775 
991 1775 1776 817 816 
992 434 435 1777 1776 
993 1776 1777 818 817 
994 435 436 1778 1777 
995 1777 1778 819 818 
996 436 437 1779 1778 
997 1778 1779 820 819 
998 437 438 1780 1779 
999 1779 1780 821 820 
1000 438 439 1781 1780 
1001 1780 1781 822 821 
1002 439 440 1782 1781 
1003 1781 1782 823 822 
1004 440 441 1783 1782 
1005 1782 1783 824 823 
1006 441 442 1784 1783 
1007 1783 1784 825 824 
1008 442 443 1785 1784 
1009 1784 1785 826 825 
1010 443 444 1786 1785 
1011 1785 1786 827 826 
1012 444 445 1787 1786 
1013 1786 1787 828 827 
1014 445 446 1788 1787 
1015 1787 1788 829 828 
1016 446 447 1789 1788 
1017 1788 1789 830 829 
1018 447 448 1790 1789 
1019 1789 1790 831 830 
1020 448 449 1791 1790 
1021 1790 1791 832 831 
1022 449 450 1792 1791 
1023 1791 1792 833 832 
1024 450 451 1793 1792 
1025 1792 1793 834 833 
1026 451 452 1794 1793 
1027 1793 1794 835 834 
1028 452 453 1795 1794 
1029 1794 1795 836 835 
1030 453 454 1796 1795 
1031 1795 1796 837 836 
1032 454 455 1797 1796 
1033 1796 1797 838 837 
1034 455 456 1798 1797 
1035 1797 1798 839 838 
1036 456 457 1799 1798 
1037 1798 1799 840 839 
1038 457 458 1800 1799 
1039 1799 1800 841 840 
1040 458 459 1801 1800 
1041 1800 1801 842 841 
1042 459 460 1802 1801 
1043 1801 1802 843 842 
1044 460 461 1803 1802 
1045 1802 1803 844 843 
1046 461 462 1804 1803 
1047 1803 1804 845 844 
1048 462 463 1805 1804 
1049 1804 1805 846 845 
1050 463 464 1806 1805 
1051 1805 1806 847 846 
1052 464 465 1807 1806 
1053 1806 1807 848 847 
1054 465 466 1808 1807 
1055 1807 1808 849 848 
1056 466 467 1809 1808 
1057 1808 1809 850 849 
1058 467 468 1810 1809 
1059 1809 1810 851 850 
1060 468 469 1811 1810 
1061 1810 1811 852 851 
1062 469 470 1812 1811 
1063 1811 1812 853 852 
1064 470 471 1813 1812 
1065 1812 1813 854 853 
1066 471 472 1814 1813 
1067 1813 1814 855 854 
1068 472 473 1815 1814 
1069 1814 1815 856 855 
1070 473 474 1816 1815 
1071 1815 1816 857 856 
1072 474 475 1817 1816 
1073 1816 1817 858 857 
1074 475 476 1818 1817 
1075 1817 1818 859 858 
1076 476 477 1819 1818 
1077 1818 1819 860 859 
1078 477 478 1820 1819 
1079 1819 1820 861 860 
1080 478 479 1821 1820 
1081 1820 1821 862 861 
1082 479 480 1822 1821 
1083 1821 1822 863 862 
1084 480 481 1823 1822 
1085 1822 1823 864 863 
1086 481 482 1824 1823 
1087 1823 1824 865 864 
1088 482 483 1825 1824 
1089 1824 1825 866 865 
1090 483 484 1826 1825 
1091 1825 1826 867 866 
1092 484 485 1827 1826 
1093 1826 1827 868 867 
1094 485 486 1828 1827 
1095 1827 1828 869 868 
1096 486 487 1829 1828 
1097 1828 1829 870 869 
1098 487 488 1830 1829 
1099 1829 1830 871 870 
1100 488 489 1831 1830 
1101 1830 1831 872 871 
1102 489 490 1832 1831 
1103 1831 1832 873 872 
1104 490 491 1833 1832 
1105 1832 1833 874 873 
1106 491 492 1834 1833 
1107 1833 1834 875 874 
1108 492 493 1835 1834 
1109 1834 1835 876 875 
1110 493 494 1836 1835 
1111 1835 1836 877 876 
1112 494 495 1837 1836 
1113 1836 1837 878 877 
1114 495 496 1838 1837 
1115 1837 1838 879 878 
1116 496 497 1839 1838 
1117 1838 1839 880 879 
1118 497 498 1840 1839 
1119 1839 1840 881 880 
1120 498 499 1841 1840 
1121 1840 1841 882 881 
1122 499 500 1842 1841 
1123 1841 1842 883 882 
1124 500 501 1843 1842 
1125 1842 1843 884 883 
1126 501 502 1844 1843 
1127 1843 1844 885 884 
1128 502 503 1845 1844 
1129 1844 1845 886 885 
1130 503 504 1846 1845 
1131 1845 1846 887 886 
1132 504 505 1847 1846 
1133 1846 1847 888 887 
1134 505 506 1848 1847 
1135 1847 1848 889 888 
1136 506 507 1849 1848 
1137 1848 1849 890 889 
1138 507 508 1850 1849 
1139 1849 1850 891 890 
1140 508 509 1851 1850 
1141 1850 1851 892 891 
1142 509 510 1852 1851 
1143 1851 1852 893 892 
1144 510 511 1853 1852 
1145 1852 1853 894 893 
1146 511 512 1854 1853 
1147 1853 1854 895 894 
1148 512 513 1855 1854 
1149 1854 1855 896 895 
1150 513 514 1856 1855 
1151 1855 1856 897 896 
1152 514 515 1857 1856 
1153 1856 1857 898 897 
1154 515 516 1858 1857 
1155 1857 1858 899 898 
1156 516 517 1859 1858 
1157 1858 1859 900 899 
1158 517 518 1860 1859 
1159 1859 1860 901 900 
1160 518 519 1861 1860 
1161 1860 1861 902 901 
1162 519 520 1862 1861 
1163 1861 1862 903 902 
1164 520 521 1863 1862 
1165 1862 1863 904 903 
1166 521 522 1864 1863 
1167 1863 1864 905 904 
1168 522 523 1865 1864 
1169 1864 1865 906 905 
1170 523 524 1866 1865 
1171 1865 1866 907 906 
1172 524 525 1867 1866 
1173 1866 1867 908 907 
1174 525 526 1868 1867 
1175 1867 1868 909 908 
1176 526 527 1869 1868 
1177 1868 1869 910 909 
1178 527 528 1870 1869 
1179 1869 1870 911 910 
1180 528 529 1871 1870 
1181 1870 1871 912 911 
1182 529 530 1872 1871 
1183 1871 1872 913 912 
1184 530 531 1873 1872 
1185 1872 1873 914 913 
1186 531 532 1874 1873 
1187 1873 1874 915 914 
1188 532 533 1875 1874 
1189 1874 1875 916 915 
1190 533 534 1876 1875 
1191 1875 1876 917 916 
1192 534 535 1877 1876 
1193 1876 1877 918 917 
1194 535 536 1878 1877 
1195 1877 1878 919 918 
1196 536 537 1879 1878 
1197 1878 1879 920 919 
1198 537 538 1880 1879 
1199 1879 1880 921 920 
1200 538 539 1881 1880 
1201 1880 1881 922 921 
1202 539 540 1882 1881 
1203 1881 1882 923 922 
1204 540 541 1883 1882 
1205 1882 1883 924 923 
1206 541 542 1884 1883 
1207 1883 1884 925 924 
1208 542 543 1885 1884 
1209 1884 1885 926 925 
1210 543 544 1886 1885 
1211 1885 1886 927 926 
1212 544 545 1887 1886 
1213 1886 1887 928 927 
1214 545 546 1888 1887 
1215 1887 1888 929 928 
1216 546 547 1889 1888 
1217 1888 1889 930 929 
1218 547 548 1890 1889 
1219 1889 1890 931 930 
1220 548 549 1891 1890 
1221 1890 1891 932 931 
1222 549 550 1892 1891 
1223 1891 1892 933 932 
1224 550 551 1893 1892 
1225 1892 1893 934 933 
1226 551 552 1894 1893 
1227 1893 1894 935 934 
1228 552 553 1895 1894 
1229 1894 1895 936 935 
1230 553 554 1896 1895 
1231 1895 1896 937 936 
1232 554 555 1897 1896 
1233 1896 1897 938 937 
1234 555 556 1898 1897 
1235 1897 1898 939 938 
1236 556 557 1899 1898 
1237 1898 1899 940 939 
1238 557 558 1900 1899 
1239 1899 1900 941 940 
1240 558 559 1901 1900 
1241 1900 1901 942 941 
1242 559 560 1902 1901 
1243 1901 1902 943 942 
1244 560 561 1903 1902 
1245 1902 1903 944 943 
1246 561 562 1904 1903 
1247 1903 1904 945 944 
1248 562 563 1905 1904 
1249 1904 1905 946 945 
1250 563 564 1906 1905 
1251 1905 1906 947 946 
1252 564 565 1907 1906 
1253 1906 1907 948 947 
1254 565 566 1908 1907 
1255 1907 1908 949 948 
1256 566 567 1909 1908 
1257 1908 1909 950 949 
1258 567 568 1910 1909 
1259 1909 1910 951 950 
1260 568 569 1911 1910 
1261 1910 1911 952 951 
1262 569 570 1912 1911 
1263 1911 1912 953 952 
1264 570 571 1913 1912 
1265 1912 1913 954 953 
1266 571 572 1914 1913 
1267 1913 1914 955 954 
1268 572 573 1915 1914 
1269 1914 1915 956 955 
1270 573 574 1916 1915 
1271 1915 1916 957 956 
1272 574 575 1917 1916 
1273 1916 1917 958 957 
1274 575 576 1918 1917 
1275 1917 1918 959 958 
1276 576 577 1919 1918 
1277 1918 1919 960 959 
1278 577 578 1920 1919 
1279 1919 1920 961 960 
1280 578 579 1921 1920 
1281 1920 1921 962 961 
1282 579 580 1922 1921 
1283 1921 1922 963 962 
1284 580 581 1923 1922 
1285 1922 1923 964 963 
1286 581 582 1924 1923 
1287 1923 1924 965 964 
1288 582 583 1925 1924 
1289 1924 1925 966 965 
1290 583 584 1926 1925 
1291 1925 1926 967 966 
1292 584 585 1927 1926 
1293 1926 1927 968 967 
1294 585 586 1928 1927 
1295 1927 1928 969 968 
1296 586 587 1929 1928 
1297 1928 1929 970 969 
1298 587 588 1930 1929 
1299 1929 1930 971 970 
1300 588 589 1931 1930 
1301 1930 1931 972 971 
1302 589 590 1932 1931 
1303 1931 1932 973 972 
1304 590 591 1933 1932 
1305 1932 1933 974 973 
1306 591 592 1934 1933 
1307 1933 1934 975 974 
1308 592 593 1935 1934 
1309 1934 1935 976 975 
1310 593 594 1936 1935 
1311 1935 1936 977 976 
1312 594 595 1937 1936 
1313 1936 1937 978 977 
1314 595 596 1938 1937 
1315 1937 1938 979 978 
1316 596 597 1939 1938 
1317 1938 1939 980 979 
1318 597 598 1940 1939 
1319 1939 1940 981 980 
1320 598 599 1941 1940 
1321 1940 1941 982 981 
1322 599 600 1942 1941 
1323 1941 1942 983 982 
1324 600 601 1943 1942 
1325 1942 1943 984 983 
1326 601 602 1944 1943 
1327 1943 1944 985 984 
1328 602 603 1945 1944 
1329 1944 1945 986 985 
1330 603 604 1946 1945 
1331 1945 1946 987 986 
1332 604 605 1947 1946 
1333 1946 1947 988 987 
1334 605 606 1948 1947 
1335 1947 1948 989 988 
1336 606 607 1949 1948 
1337 1948 1949 990 989 
1338 607 608 1950 1949 
1339 1949 1950 991 990 
1340 608 609 1951 1950 
1341 1950 1951 992 991 
1342 609 610 1952 1951 
1343 1951 1952 993 992 
1344 610 611 1953 1952 
1345 1952 1953 994 993 
1346 611 612 1954 1953 
1347 1953 1954 995 994 
1348 612 613 1955 1954 
1349 1954 1955 996 995 
1350 613 614 1956 1955 
1351 1955 1956 997 996 
1352 614 615 1957 1956 
1353 1956 1957 998 997 
1354 615 616 1958 1957 
1355 1957 1958 999 998 
1356 616 617 1959 1958 
1357 1958 1959 1000 999 
1358 617 618 1960 1959 
1359 1959 1960 1001 1000 
1360 618 619 1961 1960 
1361 1960 1961 1002 1001 
1362 619 620 1962 1961 
1363 1961 1962 1003 1002 
1364 620 621 1963 1962 
1365 1962 1963 1004 1003 
1366 621 622 1964 1963 
1367 1963 1964 1005 1004 
1368 622 623 1965 1964 
1369 1964 1965 1006 1005 
1370 623 624 1966 1965 
1371 1965 1966 1007 1006 
1372 624 625 1967 1966 
1373 1966 1967 1008 1007 
1374 625 626 1968 1967 
1375 1967 1968 1009 1008 
1376 626 627 1969 1968 
1377 1968 1969 1010 1009 
1378 627 628 1970 1969 
1379 1969 1970 1011 1010 
1380 628 629 1971 1970 
1381 1970 1971 1012 1011 
1382 629 630 1972 1971 
1383 1971 1972 1013 1012 
1384 630 631 1973 1972 
1385 1972 1973 1014 1013 
1386 631 632 1974 1973 
1387 1973 1974 1015 1014 
1388 632 633 1975 1974 
1389 1974 1975 1016 1015 
1390 633 634 1976 1975 
1391 1975 1976 1017 1016 
1392 634 635 1977 1976 
1393 1976 1977 1018 1017 
1394 635 636 1978 1977 
1395 1977 1978 1019 1018 
1396 636 637 1979 1978 
1397 1978 1979 1020 1019 
1398 637 638 1980 1979 
1399 1979 1980 1021 1020 
1400 638 639 1981 1980 
1401 1980 1981 1022 1021 
1402 639 640 1982 1981 
1403 1981 1982 1023 1022 
1404 640 641 1983 1982 
1405 1982 1983 1024 1023 
1406 641 642 1984 1983 
1407 1983 1984 1025 1024 
1408 642 643 1985 1984 
1409 1984 1985 1026 1025 
1410 643 644 1986 1985 
1411 1985 1986 1027 1026 
1412 644 645 1987 1986 
1413 1986 1987 1028 1027 
1414 645 646 1988 1987 
1415 1987 1988 1029 1028 
1416 646 647 1989 1988 
1417 1988 1989 1030 1029 
1418 647 648 1990 1989 
1419 1989 1990 1031 1030 
1420 648 649 1991 1990 
1421 1990 1991 1032 1031 
1422 649 650 1992 1991 
1423 1991 1992 1033 1032 
1424 650 651 1993 1992 
1425 1992 1993 1034 1033 
1426 651 652 1994 1993 
1427 1993 1994 1035 1034 
1428 652 653 1995 1994 
1429 1994 1995 1036 1035 
1430 653 654 1996 1995 
1431 1995 1996 1037 1036 
1432 654 655 1997 1996 
1433 1996 1997 1038 1037 
1434 655 656 1998 1997 
1435 1997 1998 1039 1038 
1436 656 657 1999 1998 
1437 1998 1999 1040 1039 
1438 657 658 2000 1999 
1439 1999 2000 1041 1040 
1440 658 659 2001 2000 
1441 2000 2001 1042 1041 
1442 659 660 2002 2001 
1443 2001 2002 1043 1042 
1444 660 661 2003 2002 
1445 2002 2003 1044 1043 
1446 661 662 2004 2003 
1447 2003 2004 1045 1044 
1448 662 663 2005 2004 
1449 2004 2005 1046 1045 
1450 663 664 2006 2005 
1451 2005 2006 1047 1046 
1452 664 665 2007 2006 
1453 2006 2007 1048 1047 
1454 665 666 2008 2007 
1455 2007 2008 1049 1048 
1456 666 667 2009 2008 
1457 2008 2009 1050 1049 
1458 667 668 2010 2009 
1459 2009 2010 1051 1050 
1460 668 669 2011 2010 
1461 2010 2011 1052 1051 
1462 669 670 2012 2011 
1463 2011 2012 1053 1052 
1464 670 671 2013 2012 
1465 2012 2013 1054 1053 
1466 671 672 2014 2013 
1467 2013 2014 1055 1054 
1468 672 673 2015 2014 
1469 2014 2015 1056 1055 
1470 673 674 2016 2015 
1471 2015 2016 1057 1056 
1472 674 675 2017 2016 
1473 2016 2017 1058 1057 
1474 675 676 2018 2017 
1475 2017 2018 1059 1058 
1476 676 677 2019 2018 
1477 2018 2019 1060 1059 
1478 677 678 2020 2019 
1479 2019 2020 1061 1060 
1480 678 679 2021 2020 
1481 2020 2021 1062 1061 
1482 679 680 2022 2021 
1483 2021 2022 1063 1062 
1484 680 681 2023 2022 
1485 2022 2023 1064 1063 
1486 681 682 2024 2023 
1487 2023 2024 1065 1064 
1488 682 683 2025 2024 
1489 2024 2025 1066 1065 
1490 683 684 2026 2025 
1491 2025 2026 1067 1066 
1492 684 685 2027 2026 
1493 2026 2027 1068 1067 
1494 685 686 2028 2027 
1495 2027 2028 1069 1068 
1496 686 687 2029 2028 
1497 2028 2029 1070 1069 
1498 687 688 2030 2029 
1499 2029 2030 1071 1070 
1500 688 689 2031 2030 
1501 2030 2031 1072 1071 
1502 689 690 2032 2031 
1503 2031 2032 1073 1072 
1504 690 691 2033 2032 
1505 2032 2033 1074 1073 
1506 691 692 2034 2033 
1507 2033 2034 1075 1074 
1508 692 693 2035 2034 
1509 2034 2035 1076 1075 
1510 693 694 2036 2035 
1511 2035 2036 1077 1076 
1512 694 695 2037 2036 
1513 2036 2037 1078 1077 
1514 695 696 2038 2037 
1515 2037 2038 1079 1078 
1516 696 697 2039 2038 
1517 2038 2039 1080 1079 
1518 697 698 2040 2039 
1519 2039 2040 1081 1080 
1520 698 699 2041 2040 
1521 2040 2041 1082 1081 
1522 699 700 2042 2041 
1523 2041 2042 1083 1082 
1524 700 701 2043 2042 
1525 2042 2043 1084 1083 
1526 701 702 2044 2043 
1527 2043 2044 1085 1084 
1528 702 703 2045 2044 
1529 2044 2045 1086 1085 
1530 703 704 2046 2045 
1531 2045 2046 1087 1086 
1532 704 705 2047 2046 
1533 2046 2047 1088 1087 
1534 705 706 2048 2047 
1535 2047 2048 1089 1088 
1536 706 707 2049 2048 
1537 2048 2049 1090 1089 
1538 707 708 2050 2049 
1539 2049 2050 1091 1090 
1540 708 709 2051 2050 
1541 2050 2051 1092 1091 
1542 709 710 2052 2051 
1543 2051 2052 1093 1092 
1544 710 711 2053 2052 
1545 2052 2053 1094 1093 
1546 711 712 2054 2053 
1547 2053 2054 1095 1094 
1548 712 713 2055 2054 
1549 2054 2055 1096 1095 
1550 713 714 2056 2055 
1551 2055 2056 1097 1096 
1552 714 715 2057 2056 
1553 2056 2057 1098 1097 
1554 715 716 2058 2057 
1555 2057 2058 1099 1098 
1556 716 717 2059 2058 
1557 2058 2059 1100 1099 
1558 717 718 2060 2059 
1559 2059 2060 1101 1100 
1560 718 719 2061 2060 
1561 2060 2061 1102 1101 
1562 719 720 2062 2061 
1563 2061 2062 1103 1102 
1564 720 721 2063 2062 
1565 2062 2063 1104 1103 
1566 721 722 2064 2063 
1567 2063 2064 1105 1104 
1568 722 723 2065 2064 
1569 2064 2065 1106 1105 
1570 723 724 2066 2065 
1571 2065 2066 1107 1106 
1572 724 725 2067 2066 
1573 2066 2067 1108 1107 
1574 725 726 2068 2067 
1575 2067 2068 1109 1108 
1576 726 727 2069 2068 
1577 2068 2069 1110 1109 
1578 727 728 2070 2069 
1579 2069 2070 1111 1110 
1580 728 729 2071 2070 
1581 2070 2071 1112 1111 
1582 729 730 2072 2071 
1583 2071 2072 1113 1112 
1584 730 731 2073 2072 
1585 2072 2073 1114 1113 
1586 731 732 2074 2073 
1587 2073 2074 1115 1114 
1588 732 733 2075 2074 
1589 2074 2075 1116 1115 
1590 733 734 2076 2075 
1591 2075 2076 1117 1116 
1592 734 735 2077 2076 
1593 2076 2077 1118 1117 
1594 735 736 2078 2077 
1595 2077 2078 1119 1118 
1596 736 737 2079 2078 
1597 2078 2079 1120 1119 
1598 737 738 2080 2079 
1599 2079 2080 1121 1120 
1600 738 739 2081 2080 
1601 2080 2081 1122 1121 
1602 739 740 2082 2081 
1603 2081 2082 1123 1122 
1604 740 741 2083 2082 
1605 2082 2083 1124 1123 
1606 741 742 2084 2083 
1607 2083 2084 1125 1124 
1608 742 743 2085 2084 
1609 2084 2085 1126 1125 
1610 743 744 2086 2085 
1611 2085 2086 1127 1126 
1612 744 745 2087 2086 
1613 2086 2087 1128 1127 
1614 745 746 2088 2087 
1615 2087 2088 1129 1128 
1616 746 747 2089 2088 
1617 2088 2089 1130 1129 
1618 747 748 2090 2089 
1619 2089 2090 1131 1130 
1620 748 749 2091 2090 
1621 2090 2091 1132 1131 
1622 749 750 2092 2091 
1623 2091 2092 1133 1132 
1624 750 751 2093 2092 
1625 2092 2093 1134 1133 
1626 751 752 2094 2093 
1627 2093 2094 1135 1134 
1628 752 6 130 2094 
1629 2094 130 7 1135 
2 2 3 888
1630 3 79 2095 284 
1631 284 2095 2096 283 
1632 283 2096 2097 282 
1633 282 2097 2098 281 
1634 281 2098 2099 280 
1635 280 2099 2100 279 
1636 279 2100 2101 278 
1637 278 2101 2102 277 
1638 277 2102 2103 276 
1639 276 2103 2104 275 
1640 275 2104 2105 274 
1641 274 2105 2106 15 
1642 15 2106 2107 78 
1643 78 2107 2108 77 
1644 77 2108 2109 76 
1645 76 2109 2110 75 
1646 75 2110 2111 74 
1647 74 2111 2112 73 
1648 73 2112 2113 72 
1649 72 2113 2114 71 
1650 71 2114 2115 70 
1651 70 2115 2116 69 
1652 69 2116 2117 68 
1653 68 2117 259 2 
1654 79 80 2118 2095 
1655 2095 2118 2119 2096 
1656 2096 2119 2120 2097 
1657 2097 2120 2121 2098 
1658 2098 2121 2122 2099 
1659 2099 2122 2123 2100 
1660 2100 2123 2124 2101 
1661 2101 2124 2125 2102 
1662 2102 2125 2126 2103 
1663 2103 2126 2127 2104 
1664 2104 2127 2128 2105 
1665 2105 2128 2129 2106 
1666 2106 2129 2130 2107 
1667 2107 2130 2131 2108 
1668 2108 2131 2132 2109 
1669 2109 2132 2133 2110 
1670 2110 2133 2134 2111 
1671 2111 2134 2135 2112 
1672 2112 2135 2136 2113 
1673 2113 2136 2137 2114 
1674 2114 2137 2138 2115 
1675 2115 2138 2139 2116 
1676 2116 2139 2140 2117 
1677 2117 2140 260 259 
1678 80 81 2141 2118 
1679 2118 2141 2142 2119 
1680 2119 2142 2143 2120 
1681 2120 2143 2144 2121 
1682 2121 2144 2145 2122 
1683 2122 2145 2146 2123 
1684 2123 2146 2147 2124 
1685 2124 2147 2148 2125 
1686 2125 2148 2149 2126 
1687 2126 2149 2150 2127 
1688 2127 2150 2151 2128 
1689 2128 2151 2152 2129 
1690 2129 2152 2153 2130 
1691 2130 2153 2154 2131 
1692 2131 2154 2155 2132 
1693 2132 2155 2156 2133 
1694 2133 2156 2157 2134 
1695 2134 2157 2158 2135 
1696 2135 2158 2159 2136 
1697 2136 2159 2160 2137 
1698 2137 2160 2161 2138 
1699 2138 2161 2162 2139 
1700 2139 2162 2163 2140 
1701 2140 2163 261 260 
1702 81 82 2164 2141 
1703 2141 2164 2165 2142 
1704 2142 2165 2166 2143 
1705 2143 2166 2167 2144 
1706 2144 2167 2168 2145 
1707 2145 2168 2169 2146 
1708 2146 2169 2170 2147 
1709 2147 2170 2171 2148 
1710 2148 2171 2172 2149 
1711 2149 2172 2173 2150 
1712 2150 2173 2174 2151 
1713 2151 2174 2175 2152 
1714 2152 2175 2176 2153 
1715 2153 2176 2177 2154 
1716 2154 2177 2178 2155 
1717 2155 2178 2179 2156 
1718 2156 2179 2180 2157 
1719 2157 2180 2181 2158 
1720 2158 2181 2182 2159 
1721 2159 2182 2183 2160 
1722 2160 2183 2184 2161 
1723 2161 2184 2185 2162 
1724 2162 2185 2186 2163 
1725 2163 2186 262 261 
1726 82 83 2187 2164 
1727 2164 2187 2188 2165 
1728 2165 2188 2189 2166 
1729 2166 2189 2190 2167 
1730 2167 2190 2191 2168 
1731 2168 2191 2192 2169 
1732 2169 2192 2193 2170 
1733 2170 2193 2194 2171 
1734 2171 2194 2195 2172 
1735 2172 2195 2196 2173 
1736 2173 2196 2197 2174 
1737 2174 2197 2198 2175 
1738 2175 2198 2199 2176 
1739 2176 2199 2200 2177 
1740 2177 2200 2201 2178 
1741 2178 2201 2202 2179 
1742 2179 2202 2203 2180 
1743 2180 2203 2204 2181 
1744 2181 2204 2205 2182 
1745 2182 2205 2206 2183 
1746 2183 2206 2207 2184 
1747 2184 2207 2208 2185 
1748 2185 2208 2209 2186 
1749 2186 2209 263 262 
1750 83 84 2210 2187 
1751 2187 2210 2211 2188 
1752 2188 2211 2212 2189 
1753 2189 2212 2213 2190 
1754 2190 2213 2214 2191 
1755 2191 2214 2215 2192 
1756 2192 2215 2216 2193 
1757 2193 2216 2217 2194 
1758 2194 2217 2218 2195 
1759 2195 2218 2219 2196 
1760 2196 2219 2220 2197 
1761 2197 2220 2221 2198 
1762 2198 2221 2222 2199 
1763 2199 2222 2223 2200 
1764 2200 2223 2224 2201 
1765 2201 2224 2225 2202 
1766 2202 2225 2226 2203 
1767 2203 2226 2227 2204 
1768 2204 2227 2228 2205 
1769 2205 2228 2229 2206 
1770 2206 2229 2230 2207 
1771 2207 2230 2231 2208 
1772 2208 2231 2232 2209 
1773 2209 2232 264 263 
1774 84 85 2233 2210 
1775 2210 2233 2234 2211 
1776 2211 2234 2235 2212 
1777 2212 2235 2236 2213 
1778 2213 2236 2237 2214 
1779 2214 2237 2238 2215 
1780 2215 2238 2239 2216 
1781 2216 2239 2240 2217 
1782 2217 2240 2241 2218 
1783 2218 2241 2242 2219 
1784 2219 2242 2243 2220 
1785 2220 2243 2244 2221 
1786 2221 2244 2245 2222 
1787 2222 2245 2246 2223 
1788 2223 2246 2247 2224 
1789 2224 2247 2248 2225 
1790 2225 2248 2249 2226 
1791 2226 2249 2250 2227 
1792 2227 2250 2251 2228 
1793 2228 2251 2252 2229 
1794 2229 2252 2253 2230 
1795 2230 2253 2254 2231 
1796 2231 2254 2255 2232 
1797 2232 2255 265 264 
1798 85 86 2256 2233 
1799 2233 2256 2257 2234 
1800 2234 2257 2258 2235 
1801 2235 2258 2259 2236 
1802 2236 2259 2260 2237 
1803 2237 2260 2261 2238 
1804 2238 2261 2262 2239 
1805 2239 2262 2263 2240 
1806 2240 2263 2264 2241 
1807 2241 2264 2265 2242 
1808 2242 2265 2266 2243 
1809 2243 2266 2267 2244 
1810 2244 2267 2268 2245 
1811 2245 2268 2269 2246 
1812 2246 2269 2270 2247 
1813 2247 2270 2271 2248 
1814 2248 2271 2272 2249 
1815 2249 2272 2273 2250 
1816 2250 2273 2274 2251 
1817 2251 2274 2275 2252 
1818 2252 2275 2276 2253 
1819 2253 2276 2277 2254 
1820 2254 2277 2278 2255 
1821 2255 2278 266 265 
1822 86 87 2279 2256 
1823 2256 2279 2280 2257 
1824 2257 2280 2281 2258 
1825 2258 2281 2282 2259 
1826 2259 2282 2283 2260 
1827 2260 2283 2284 2261 
1828 2261 2284 2285 2262 
1829 2262 2285 2286 2263 
1830 2263 2286 2287 2264 
1831 2264 2287 2288 2265 
1832 2265 2288 2289 2266 
1833 2266 2289 2290 2267 
1834 2267 2290 2291 2268 
1835 2268 2291 2292 2269 
1836 2269 2292 2293 2270 
1837 2270 2293 2294 2271 
1838 2271 2294 2295 2272 
1839 2272 2295 2296 2273 
1840 2273 2296 2297 2274 
1841 2274 2297 2298 2275 
1842 2275 2298 2299 2276 
1843 2276 2299 2300 2277 
1844 2277 2300 2301 2278 
1845 2278 2301 267 266 
1846 87 88 2302 2279 
1847 2279 2302 2303 2280 
1848 2280 2303 2304 2281 
1849 2281 2304 2305 2282 
1850 2282 2305 2306 2283 
1851 2283 2306 2307 2284 
1852 2284 2307 2308 2285 
1853 2285 2308 2309 2286 
1854 2286 2309 2310 2287 
1855 2287 2310 2311 2288 
1856 2288 2311 2312 2289 
1857 2289 2312 2313 2290 
1858 2290 2313 2314 2291 
1859 2291 2314 2315 2292 
1860 2292 2315 2316 2293 
1861 2293 2316 2317 2294 
1862 2294 2317 2318 2295 
1863 2295 2318 2319 2296 
1864 2296 2319 2320 2297 
1865 2297 2320 2321 2298 
1866 2298 2321 2322 2299 
1867 2299 2322 2323 2300 
1868 2300 2323 2324 2301 
1869 2301 2324 268 267 
1870 88 89 2325 2302 
1871 2302 2325 2326 2303 
1872 2303 2326 2327 2304 
1873 2304 2327 2328 2305 
1874 2305 2328 2329 2306 
1875 2306 2329 2330 2307 
1876 2307 2330 2331 2308 
1877 2308 2331 2332 2309 
1878 2309 2332 2333 2310 
1879 2310 2333 2334 2311 
1880 2311 2334 2335 2312 
1881 2312 2335 2336 2313 
1882 2313 2336 2337 2314 
1883 2314 2337 2338 2315 
1884 2315 2338 2339 2316 
1885 2316 2339 2340 2317 
1886 2317 2340 2341 2318 
1887 2318 2341 2342 2319 
1888 2319 2342 2343 2320 
1889 2320 2343 2344 2321 
1890 2321 2344 2345 2322 
1891 2322 2345 2346 2323 
1892 2323 2346 2347 2324 
1893 2324 2347 269 268 
1894 89 90 2348 2325 
1895 2325 2348 2349 2326 
1896 2326 2349 2350 2327 
1897 2327 2350 2351 2328 
1898 2328 2351 2352 2329 
1899 2329 2352 2353 2330 
1900 2330 2353 2354 2331 
1901 2331 2354 2355 2332 
1902 2332 2355 2356 2333 
1903 2333 2356 2357 2334 
1904 2334 2357 2358 2335 
1905 2335 2358 2359 2336 
1906 2336 2359 2360 2337 
1907 2337 2360 2361 2338 
1908 2338 2361 2362 2339 
1909 2339 2362 2363 2340 
1910 2340 2363 2364 2341 
1911 2341 2364 2365 2342 
1912 2342 2365 2366 2343 
1913 2343 2366 2367 2344 
1914 2344 2367 2368 2345 
1915 2345 2368 2369 2346 
1916 2346 2369 2370 2347 
1917 2347 2370 270 269 
1918 90 91 2371 2348 
1919 2348 2371 2372 2349 
1920 2349 2372 2373 2350 
1921 2350 2373 2374 2351 
1922 2351 2374 2375 2352 
1923 2352 2375 2376 2353 
1924 2353 2376 2377 2354 
1925 2354 2377 2378 2355 
1926 2355 2378 2379 2356 
1927 2356 2379 2380 2357 
1928 2357 2380 2381 2358 
1929 2358 2381 2382 2359 
1930 2359 2382 2383 2360 
1931 2360 2383 2384 2361 
1932 2361 2384 2385 2362 
1933 2362 2385 2386 2363 
1934 2363 2386 2387 2364 
1935 2364 2387 2388 2365 
1936 2365 2388 2389 2366 
1937 2366 2389 2390 2367 
1938 2367 2390 2391 2368 
1939 2368 2391 2392 2369 
1940 2369 2392 2393 2370 
1941 2370 2393 271 270 
1942 91 92 2394 2371 
1943 2371 2394 2395 2372 
1944 2372 2395 2396 2373 
1945 2373 2396 2397 2374 
1946 2374 2397 2398 2375 
1947 2375 2398 2399 2376 
1948 2376 2399 2400 2377 
1949 2377 2400 2401 2378 
1950 2378 2401 2402 2379 
1951 2379 2402 2403 2380 
1952 2380 2403 2404 2381 
1953 2381 2404 2405 2382 
1954 2382 2405 2406 2383 
1955 2383 2406 2407 2384 
1956 2384 2407 2408 2385 
1957 2385 2408 2409 2386 
1958 2386 2409 2410 2387 
1959 2387 2410 2411 2388 
1960 2388 2411 2412 2389 
1961 2389 2412 2413 2390 
1962 2390 2413 2414 2391 
1963 2391 2414 2415 2392 
1964 2392 2415 2416 2393 
1965 2393 2416 272 271 
1966 92 93 2417 2394 
1967 2394 2417 2418 2395 
1968 2395 2418 2419 2396 
1969 2396 2419 2420 2397 
1970 2397 2420 2421 2398 
1971 2398 2421 2422 2399 
1972 2399 2422 2423 2400 
1973 2400 2423 2424 2401 
1974 2401 2424 2425 2402 
1975 2402 2425 2426 2403 
1976 2403 2426 2427 2404 
1977 2404 2427 2428 2405 
1978 2405 2428 2429 2406 
1979 2406 2429 2430 2407 
1980 2407 2430 2431 2408 
1981 2408 2431 2432 2409 
1982 2409 2432 2433 2410 
1983 2410 2433 2434 2411 
1984 2411 2434 2435 2412 
1985 2412 2435 2436 2413 
1986 2413 2436 2437 2414 
1987 2414 2437 2438 2415 
1988 2415 2438 2439 2416 
1989 2416 2439 273 272 
1990 93 16 2440 2417 
1991 2417 2440 2441 2418 
1992 2418 2441 2442 2419 
1993 2419 2442 2443 2420 
1994 2420 2443 2444 2421 
1995 2421 2444 2445 2422 
1996 2422 2445 2446 2423 
1997 2423 2446 2447 2424 
1998 2424 2447 2448 2425 
1999 2425 2448 2449 2426 
2000 2426 2449 2450 2427 
2001 2427 2450 2451 2428 
2002 2428 2451 2452 2429 
2003 2429 2452 2453 2430 
2004 2430 2453 2454 2431 
2005 2431 2454 2455 2432 
2006 2432 2455 2456 2433 
2007 2433 2456 2457 2434 
2008 2434 2457 2458 2435 
2009 2435 2458 2459 2436 
2010 2436 2459 2460 2437 
2011 2437 2460 2461 2438 
2012 2438 2461 2462 2439 
2013 2439 2462 13 273 
2014 16 285 2463 2440 
2015 2440 2463 2464 2441 
2016 2441 2464 2465 2442 
2017 2442 2465 2466 2443 
2018 2443 2466 2467 2444 
2019 2444 2467 2468 2445 
2020 2445 2468 2469 2446 
2021 2446 2469 2470 2447 
2022 2447 2470 2471 2448 
2023 2448 2471 2472 2449 
2024 2449 2472 2473 2450 
2025 2450 2473 2474 2451 
2026 2451 2474 2475 2452 
2027 2452 2475 2476 2453 
2028 2453 2476 2477 2454 
2029 2454 2477 2478 2455 
2030 2455 2478 2479 2456 
2031 2456 2479 2480 2457 
2032 2457 2480 2481 2458 
2033 2458 2481 2482 2459 
2034 2459 2482 2483 2460 
2035 2460 2483 2484 2461 
2036 2461 2484 2485 2462 
2037 2462 2485 316 13 
2038 285 286 2486 2463 
2039 2463 2486 2487 2464 
2040 2464 2487 2488 2465 
2041 2465 2488 2489 2466 
2042 2466 2489 2490 2467 
2043 2467 2490 2491 2468 
2044 2468 2491 2492 2469 
2045 2469 2492 2493 2470 
2046 2470 2493 2494 2471 
2047 2471 2494 2495 2472 
2048 2472 2495 2496 2473 
2049 2473 2496 2497 2474 
2050 2474 2497 2498 2475 
2051 2475 2498 2499 2476 
2052 2476 2499 2500 2477 
2053 2477 2500 2501 2478 
2054 2478 2501 2502 2479 
2055 2479 2502 2503 2480 
2056 2480 2503 2504 2481 
2057 2481 2504 2505 2482 
2058 2482 2505 2506 2483 
2059 2483 2506 2507 2484 
2060 2484 2507 2508 2485 
2061 2485 2508 317 316 
2062 286 287 2509 2486 
2063 2486 2509 2510 2487 
2064 2487 2510 2511 2488 
2065 2488 2511 2512 2489 
2066 2489 2512 2513 2490 
2067 2490 2513 2514 2491 
2068 2491 2514 2515 2492 
2069 2492 2515 2516 2493 
2070 2493 2516 2517 2494 
2071 2494 2517 2518 2495 
2072 2495 2518 2519 2496 
2073 2496 2519 2520 2497 
2074 2497 2520 2521 2498 
2075 2498 2521 2522 2499 
2076 2499 2522 2523 2500 
2077 2500 2523 2524 2501 
2078 2501 2524 2525 2502 
2079 2502 2525 2526 2503 
2080 2503 2526 2527 2504 
2081 2504 2527 2528 2505 
2082 2505 2528 2529 2506 
2083 2506 2529 2530 2507 
2084 2507 2530 2531 2508 
2085 2508 2531 318 317 
2086 287 288 2532 2509 
2087 2509 2532 2533 2510 
2088 2510 2533 2534 2511 
2089 2511 2534 2535 2512 
2090 2512 2535 2536 2513 
2091 2513 2536 2537 2514 
2092 2514 2537 2538 2515 
2093 2515 2538 2539 2516 
2094 2516 2539 2540 2517 
2095 2517 2540 2541 2518 
2096 2518 2541 2542 2519 
2097 2519 2542 2543 2520 
2098 2520 2543 2544 2521 
2099 2521 2544 2545 2522 
2100 2522 2545 2546 2523 
2101 2523 2546 2547 2524 
2102 2524 2547 2548 2525 
2103 2525 2548 2549 2526 
2104 2526 2549 2550 2527 
2105 2527 2550 2551 2528 
2106 2528 2551 2552 2529 
2107 2529 2552 2553 2530 
2108 2530 2553 2554 2531 
2109 2531 2554 319 318 
2110 288 289 2555 2532 
2111 2532 2555 2556 2533 
2112 2533 2556 2557 2534 
2113 2534 2557 2558 2535 
2114 2535 2558 2559 2536 
2115 2536 2559 2560 2537 
2116 2537 2560 2561 2538 
2117 2538 2561 2562 2539 
2118 2539 2562 2563 2540 
2119 2540 2563 2564 2541 
2120 2541 2564 2565 2542 
2121 2542 2565 2566 2543 
2122 2543 2566 2567 2544 
2123 2544 2567 2568 2545 
2124 2545 2568 2569 2546 
2125 2546 2569 2570 2547 
2126 2547 2570 2571 2548 
2127 2548 2571 2572 2549 
2128 2549 2572 2573 2550 
2129 2550 2573 2574 2551 
2130 2551 2574 2575 2552 
2131 2552 2575 2576 2553 
2132 2553 2576 2577 2554 
2133 2554 2577 320 319 
2134 289 290 2578 2555 
2135 2555 2578 2579 2556 
2136 2556 2579 2580 2557 
2137 2557 2580 2581 2558 
2138 2558 2581 2582 2559 
2139 2559 2582 2583 2560 
2140 2560 2583 2584 2561 
2141 2561 2584 2585 2562 
2142 2562 2585 2586 2563 
2143 2563 2586 2587 2564 
2144 2564 2587 2588 2565 
2145 2565 2588 2589 2566 
2146 2566 2589 2590 2567 
2147 2567 2590 2591 2568 
2148 2568 2591 2592 2569 
2149 2569 2592 2593 2570 
2150 2570 2593 2594 2571 
2151 2571 2594 2595 2572 
2152 2572 2595 2596 2573 
2153 2573 2596 2597 2574 
2154 2574 2597 2598 2575 
2155 2575 2598 2599 2576 
2156 2576 2599 2600 2577 
2157 2577 2600 321 320 
2158 290 291 2601 2578 
2159 2578 2601 2602 2579 
2160 2579 2602 2603 2580 
2161 2580 2603 2604 2581 
2162 2581 2604 2605 2582 
2163 2582 2605 2606 2583 
2164 2583 2606 2607 2584 
2165 2584 2607 2608 2585 
2166 2585 2608 2609 2586 
2167 2586 2609 2610 2587 
2168 2587 2610 2611 2588 
2169 2588 2611 2612 2589 
2170 2589 2612 2613 2590 
2171 2590 2613 2614 2591 
2172 2591 2614 2615 2592 
2173 2592 2615 2616 2593 
2174 2593 2616 2617 2594 
2175 2594 2617 2618 2595 
2176 2595 2618 2619 2596 
2177 2596 2619 2620 2597 
2178 2597 2620 2621 2598 
2179 2598 2621 2622 2599 
2180 2599 2622 2623 2600 
2181 2600 2623 322 321 
2182 291 292 2624 2601 
2183 2601 2624 2625 2602 
2184 2602 2625 2626 2603 
2185 2603 2626 2627 2604 
2186 2604 2627 2628 2605 
2187 2605 2628 2629 2606 
2188 2606 2629 2630 2607 
2189 2607 2630 2631 2608 
2190 2608 2631 2632 2609 
2191 2609 2632 2633 2610 
2192 2610 2633 2634 2611 
2193 2611 2634 2635 2612 
2194 2612 2635 2636 2613 
2195 2613 2636 2637 2614 
2196 2614 2637 2638 2615 
2197 2615 2638 2639 2616 
2198 2616 2639 2640 2617 
2199 2617 2640 2641 2618 
2200 2618 2641 2642 2619 
2201 2619 2642 2643 2620 
2202 2620 2643 2644 2621 
2203 2621 2644 2645 2622 
2204 2622 2645 2646 2623 
2205 2623 2646 323 322 
2206 292 293 2647 2624 
2207 2624 2647 2648 2625 
2208 2625 2648 2649 2626 
2209 2626 2649 2650 2627 
2210 2627 2650 2651 2628 
2211 2628 2651 2652 2629 
2212 2629 2652 2653 2630 
2213 2630 2653 2654 2631 
2214 2631 2654 2655 2632 
2215 2632 2655 2656 2633 
2216 2633 2656 2657 2634 
2217 2634 2657 2658 2635 
2218 2635 2658 2659 2636 
2219 2636 2659 2660 2637 
2220 2637 2660 2661 2638 
2221 2638 2661 2662 2639 
2222 2639 2662 2663 2640 
2223 2640 2663 2664 2641 
2224 2641 2664 2665 2642 
2225 2642 2665 2666 2643 
2226 2643 2666 2667 2644 
2227 2644 2667 2668 2645 
2228 2645 2668 2669 2646 
2229 2646 2669 324 323 
2230 293 294 2670 2647 
2231 2647 2670 2671 2648 
2232 2648 2671 2672 2649 
2233 2649 2672 2673 2650 
2234 2650 2673 2674 2651 
2235 2651 2674 2675 2652 
2236 2652 2675 2676 2653 
2237 2653 2676 2677 2654 
2238 2654 2677 2678 2655 
2239 2655 2678 2679 2656 
2240 2656 2679 2680 2657 
2241 2657 2680 2681 2658 
2242 2658 2681 2682 2659 
2243 2659 2682 2683 2660 
2244 2660 2683 2684 2661 
2245 2661 2684 2685 2662 
2246 2662 2685 2686 2663 
2247 2663 2686 2687 2664 
2248 2664 2687 2688 2665 
2249 2665 2688 2689 2666 
2250 2666 2689 2690 2667 
2251 2667 2690 2691 2668 
2252 2668 2691 2692 2669 
2253 2669 2692 325 324 
2254 294 295 2693 2670 
2255 2670 2693 2694 2671 
2256 2671 2694 2695 2672 
2257 2672 2695 2696 2673 
2258 2673 2696 2697 2674 
2259 2674 2697 2698 2675 
2260 2675 2698 2699 2676 
2261 2676 2699 2700 2677 
2262 2677 2700 2701 2678 
2263 2678 2701 2702 2679 
2264 2679 2702 2703 2680 
2265 2680 2703 2704 2681 
2266 2681 2704 2705 2682 
2267 2682 2705 2706 2683 
2268 2683 2706 2707 2684 
2269 2684 2707 2708 2685 
2270 2685 2708 2709 2686 
2271 2686 2709 2710 2687 
2272 2687 2710 2711 2688 
2273 2688 2711 2712 2689 
2274 2689 2712 2713 2690 
2275 2690 2713 2714 2691 
2276 2691 2714 2715 2692 
2277 2692 2715 326 325 
2278 295 296 2716 2693 
2279 2693 2716 2717 2694 
2280 2694 2717 2718 2695 
2281 2695 2718 2719 2696 
2282 2696 2719 2720 2697 
2283 2697 2720 2721 2698 
2284 2698 2721 2722 2699 
2285 2699 2722 2723 2700 
2286 2700 2723 2724 2701 
2287 2701 2724 2725 2702 
2288 2702 2725 2726 2703 
2289 2703 2726 2727 2704 
2290 2704 2727 2728 2705 
2291 2705 2728 2729 2706 
2292 2706 2729 2730 2707 
2293 2707 2730 2731 2708 
2294 2708 2731 2732 2709 
2295 2709 2732 2733 2710 
2296 2710 2733 2734 2711 
2297 2711 2734 2735 2712 
2298 2712 2735 2736 2713 
2299 2713 2736 2737 2714 
2300 2714 2737 2738 2715 
2301 2715 2738 327 326 
2302 296 297 2739 2716 
2303 2716 2739 2740 2717 
2304 2717 2740 2741 2718 
2305 2718 2741 2742 2719 
2306 2719 2742 2743 2720 
2307 2720 2743 2744 2721 
2308 2721 2744 2745 2722 
2309 2722 2745 2746 2723 
2310 2723 2746 2747 2724 
2311 2724 2747 2748 2725 
2312 2725 2748 2749 2726 
2313 2726 2749 2750 2727 
2314 2727 2750 2751 2728 
2315 2728 2751 2752 2729 
2316 2729 2752 2753 2730 
2317 2730 2753 2754 2731 
2318 2731 2754 2755 2732 
2319 2732 2755 2756 2733 
2320 2733 2756 2757 2734 
2321 2734 2757 2758 2735 
2322 2735 2758 2759 2736 
2323 2736 2759 2760 2737 
2324 2737 2760 2761 2738 
2325 2738 2761 328 327 
2326 297 298 2762 2739 
2327 2739 2762 2763 2740 
2328 2740 2763 2764 2741 
2329 2741 2764 2765 2742 
2330 2742 2765 2766 2743 
2331 2743 2766 2767 2744 
2332 2744 2767 2768 2745 
2333 2745 2768 2769 2746 
2334 2746 2769 2770 2747 
2335 2747 2770 2771 2748 
2336 2748 2771 2772 2749 
2337 2749 2772 2773 2750 
2338 2750 2773 2774 2751 
2339 2751 2774 2775 2752 
2340 2752 2775 2776 2753 
2341 2753 2776 2777 2754 
2342 2754 2777 2778 2755 
2343 2755 2778 2779 2756 
2344 2756 2779 2780 2757 
2345 2757 2780 2781 2758 
2346 2758 2781 2782 2759 
2347 2759 2782 2783 2760 
2348 2760 2783 2784 2761 
2349 2761 2784 329 328 
2350 298 299 2785 2762 
2351 2762 2785 2786 2763 
2352 2763 2786 2787 2764 
2353 2764 2787 2788 2765 
2354 2765 2788 2789 2766 
2355 2766 2789 2790 2767 
2356 2767 2790 2791 2768 
2357 2768 2791 2792 2769 
2358 2769 2792 2793 2770 
2359 2770 2793 2794 2771 
2360 2771 2794 2795 2772 
2361 2772 2795 2796 2773 
2362 2773 2796 2797 2774 
2363 2774 2797 2798 2775 
2364 2775 2798 2799 2776 
2365 2776 2799 2800 2777 
2366 2777 2800 2801 2778 
2367 2778 2801 2802 2779 
2368 2779 2802 2803 2780 
2369 2780 2803 2804 2781 
2370 2781 2804 2805 2782 
2371 2782 2805 2806 2783 
2372 2783 2806 2807 2784 
2373 2784 2807 330 329 
2374 299 300 2808 2785 
2375 2785 2808 2809 2786 
2376 2786 2809 2810 2787 
2377 2787 2810 2811 2788 
2378 2788 2811 2812 2789 
2379 2789 2812 2813 2790 
2380 2790 2813 2814 2791 
2381 2791 2814 2815 2792 
2382 2792 2815 2816 2793 
2383 2793 2816 2817 2794 
2384 2794 2817 2818 2795 
2385 2795 2818 2819 2796 
2386 2796 2819 2820 2797 
2387 2797 2820 2821 2798 
2388 2798 2821 2822 2799 
2389 2799 2822 2823 2800 
2390 2800 2823 2824 2801 
2391 2801 2824 2825 2802 
2392 2802 2825 2826 2803 
2393 2803 2826 2827 2804 
2394 2804 2827 2828 2805 
2395 2805 2828 2829 2806 
2396 2806 2829 2830 2807 
2397 2807 2830 331 330 
2398 300 301 2831 2808 
2399 2808 2831 2832 2809 
2400 2809 2832 2833 2810 
2401 2810 2833 2834 2811 
2402 2811 2834 2835 2812 
2403 2812 2835 2836 2813 
2404 2813 2836 2837 2814 
2405 2814 2837 2838 2815 
2406 2815 2838 2839 2816 
2407 2816 2839 2840 2817 
2408 2817 2840 2841 2818 
2409 2818 2841 2842 2819 
2410 2819 2842 2843 2820 
2411 2820 2843 2844 2821 
2412 2821 2844 2845 2822 
2413 2822 2845 2846 2823 
2414 2823 2846 2847 2824 
2415 2824 2847 2848 2825 
2416 2825 2848 2849 2826 
2417 2826 2849 2850 2827 
2418 2827 2850 2851 2828 
2419 2828 2851 2852 2829 
2420 2829 2852 2853 2830 
2421 2830 2853 332 331 
2422 301 302 2854 2831 
2423 2831 2854 2855 2832 
2424 2832 2855 2856 2833 
2425 2833 2856 2857 2834 
2426 2834 2857 2858 2835 
2427 2835 2858 2859 2836 
2428 2836 2859 2860 2837 
2429 2837 2860 2861 2838 
2430 2838 2861 2862 2839 
2431 2839 2862 2863 2840 
2432 2840 2863 2864 2841 
2433 2841 2864 2865 2842 
2434 2842 2865 2866 2843 
2435 2843 2866 2867 2844 
2436 2844 2867 2868 2845 
2437 2845 2868 2869 2846 
2438 2846 2869 2870 2847 
2439 2847 2870 2871 2848 
2440 2848 2871 2872 2849 
2441 2849 2872 2873 2850 
2442 2850 2873 2874 2851 
2443 2851 2874 2875 2852 
2444 2852 2875 2876 2853 
2445 2853 2876 333 332 
2446 302 303 2877 2854 
2447 2854 2877 2878 2855 
2448 2855 2878 2879 2856 
2449 2856 2879 2880 2857 
2450 2857 2880 2881 2858 
2451 2858 2881 2882 2859 
2452 2859 2882 2883 2860 
2453 2860 2883 2884 2861 
2454 2861 2884 2885 2862 
2455 2862 2885 2886 2863 
2456 2863 2886 2887 2864 
2457 2864 2887 2888 2865 
2458 2865 2888 2889 2866 
2459 2866 2889 2890 2867 
2460 2867 2890 2891 2868 
2461 2868 2891 2892 2869 
2462 2869 2892 2893 2870 
2463 2870 2893 2894 2871 
2464 2871 2894 2895 2872 
2465 2872 2895 2896 2873 
2466 2873 2896 2897 2874 
2467 2874 2897 2898 2875 
2468 2875 2898 2899 2876 
2469 2876 2899 334 333 
2470 303 304 2900 2877 
2471 2877 2900 2901 2878 
2472 2878 2901 2902 2879 
2473 2879 2902 2903 2880 
2474 2880 2903 2904 2881 
2475 2881 2904 2905 2882 
2476 2882 2905 2906 2883 
2477 2883 2906 2907 2884 
2478 2884 2907 2908 2885 
2479 2885 2908 2909 2886 
2480 2886 2909 2910 2887 
2481 2887 2910 2911 2888 
2482 2888 2911 2912 2889 
2483 2889 2912 2913 2890 
2484 2890 2913 2914 2891 
2485 2891 2914 2915 2892 
2486 2892 2915 2916 2893 
2487 2893 2916 2917 2894 
2488 2894 2917 2918 2895 
2489 2895 2918 2919 2896 
2490 2896 2919 2920 2897 
2491 2897 2920 2921 2898 
2492 2898 2921 2922 2899 
2493 2899 2922 335 334 
2494 304 4 94 2900 
2495 2900 94 95 2901 
2496 2901 95 96 2902 
2497 2902 96 97 2903 
2498 2903 97 98 2904 
2499 2904 98 99 2905 
2500 2905 99 100 2906 
2501 2906 100 101 2907 
2502 2907 101 102 2908 
2503 2908 102 103 2909 
2504 2909 103 104 2910 
2505 2910 104 17 2911 
2506 2911 17 305 2912 
2507 2912 305 306 2913 
2508 2913 306 307 2914 
2509 2914 307 308 2915 
2510 2915 308 309 2916 
2511 2916 309 310 2917 
2512 2917 310 311 2918 
2513 2918 311 312 2919 
2514 2919 312 313 2920 
2515 2920 313 314 2921 
2516 2921 314 315 2922 
2517 2922 315 5 335 
2 3 2 5835
2518 3113 3115 4873 
2519 5125 3064 5457 
2520 3175 3205 4191 
2521 3064 4229 4230 
2522 2977 4242 4728 
2523 2981 4130 4487 
2524 3742 4294 4311 
2525 3182 3183 3200 
2526 3807 4435 4726 
2527 3200 3183 3201 
2528 4419 3680 4751 
2529 3863 4359 4708 
2530 3654 4287 5104 
2531 3982 3308 4828 
2532 4316 3197 4474 
2533 3759 4330 4438 
2534 4130 2981 4488 
2535 4475 3906 4819 
2536 4251 3704 5005 
2537 4409 4858 4860 
2538 2947 4173 4460 
2539 4173 2947 4313 
2540 3004 4521 4779 
2541 3063 4830 4877 
2542 3089 4384 4947 
2543 3162 3161 3166 
2544 4658 3900 4689 
2545 3924 4219 4635 
2546 3018 4338 5241 
2547 4392 2945 4472 
2548 160 3042 4187 
2549 4269 3054 4389 
2550 14 2923 3132 
2551 3869 4412 4829 
2552 3913 4367 4792 
2553 170 3035 5448 
2554 3500 4234 4484 
2555 4507 4508 4797 
2556 3166 3182 3184 
2557 4020 3247 4912 
2558 4504 3010 4554 
2559 3454 3456 4967 
2560 4201 3844 4739 
2561 4234 3500 5295 
2562 4202 2976 4718 
2563 4337 4142 4924 
2564 3690 3877 4486 
2565 233 14 3132 
2566 4686 4202 4718 
2567 1526 1525 4452 
2568 3673 4397 4493 
2569 3456 3779 4967 
2570 3184 3200 3203 
2571 3877 3690 4574 
2572 4174 3012 4270 
2573 3366 4349 4405 
2574 4226 3051 4227 
2575 3363 3433 4332 
2576 3837 3799 5101 
2577 3027 4308 5127 
2578 3295 4507 4797 
2579 3094 4192 4246 
2580 4537 2982 4757 
2581 4618 4079 4663 
2582 4142 3686 4146 
2583 4521 3004 4768 
2584 3905 3903 4221 
2585 3045 4193 4468 
2586 3154 3153 3161 
2587 3680 4419 5358 
2588 4160 3461 5215 
2589 3767 4217 5064 
2590 4523 5122 5430 
2591 4735 4259 4804 
2592 3500 4979 5295 
2593 4346 2962 5327 
2594 3905 4221 4476 
2595 4640 4479 4673 
2596 4257 2987 4783 
2597 3206 3208 4418 
2598 3759 3756 4330 
2599 3270 3268 4294 
2600 4021 3396 4993 
2601 3449 4063 4862 
2602 3719 4130 5485 
2603 4196 5152 5157 
2604 3975 3251 4958 
2605 4178 2992 4802 
2606 3820 3877 4574 
2607 3054 139 4389 
2608 4193 4398 4468 
2609 351 2927 3090 
2610 4117 3465 5181 
2611 2967 4655 4997 
2612 2945 4392 4597 
2613 4063 3449 5213 
2614 3767 3765 4217 
2615 3005 4253 4782 
2616 4204 3046 4831 
2617 4498 4719 5439 
2618 3263 3272 4311 
2619 3542 3902 4964 
2620 3593 3911 5043 
2621 3546 3907 4970 
2622 3968 4206 4894 
2623 3906 4475 4803 
2624 4622 4621 5331 
2625 4318 3775 4380 
2626 3557 4089 5055 
2627 4231 3055 4232 
2628 3578 3910 4906 
2629 3709 4163 4469 
2630 3148 4335 5214 
2631 3981 3438 4566 
2632 4328 3280 4815 
2633 3754 4274 4277 
2634 4947 4384 5339 
2635 4289 2954 4290 
2636 2987 4257 5482 
2637 3113 4873 4952 
2638 3589 3591 4084 
2639 3898 3899 4831 
2640 3958 4854 5252 
2641 4425 4605 4647 
2642 4350 3898 4831 
2643 4398 4193 4835 
2644 4120 3355 4250 
2645 3285 4298 4928 
2646 3438 3561 4566 
2647 4291 3016 4351 
2648 4372 2952 4851 
2649 4584 4629 5159 
2650 4158 3869 4829 
2651 4501 3496 4927 
2652 4270 170 5448 
2653 3014 4414 4628 
2654 3200 3201 4322 
2655 4425 4647 5471 
2656 4197 3808 4198 
2657 3742 4311 4345 
2658 3714 3807 4261 
2659 3053 4228 4288 
2660 5122 4523 5280 
2661 3215 3218 4170 
2662 4731 3843 5233 
2663 3096 12 5165 
2664 3751 4142 4337 
2665 4140 3899 5242 
2666 3367 3330 5048 
2667 3616 3818 5149 
2668 3593 3559 3911 
2669 3557 3503 4089 
2670 3179 3197 4316 
2671 1231 1230 4360 
2672 3959 3605 5016 
2673 3396 3462 4993 
2674 4357 4315 4510 
2675 3206 3195 3208 
2676 1138 3043 4303 
2677 4084 3591 5198 
2678 171 172 4268 
2679 12 3006 5165 
2680 3154 3164 4402 
2681 4420 3159 4421 
2682 3913 4792 5267 
2683 3308 3982 4827 
2684 4324 3173 5407 
2685 4399 4268 4875 
2686 3270 4294 5274 
2687 3330 4163 5048 
2688 169 170 4270 
2689 3195 3192 3207 
2690 4206 3968 4982 
2691 4208 3047 5288 
2692 4294 3268 4311 
2693 4410 3201 5199 
2694 3734 3775 4318 
2695 3991 3618 4772 
2696 3598 3686 4142 
2697 4151 3878 5459 
2698 3651 3652 3756 
2699 3992 4771 4774 
2700 4217 2990 4795 
2701 3049 4137 5278 
2702 4423 3151 4871 
2703 3914 3572 3915 
2704 3363 3360 3431 
2705 3604 3605 3959 
2706 4779 4521 5258 
2707 3355 4120 4407 
2708 4641 4149 4677 
2709 3808 4197 4400 
2710 3045 157 4193 
2711 4830 4410 4877 
2712 3902 3614 3903 
2713 3481 3640 5210 
2714 3907 3670 3908 
2715 3564 3565 3651 
2716 4089 4087 4090 
2717 4268 172 5476 
2718 3006 236 3092 
2719 3204 4552 5205 
2720 4264 3028 4704 
2721 3606 3604 3765 
2722 3451 3914 5025 
2723 3911 3612 3912 
2724 3165 3191 5423 
2725 4470 4475 4819 
2726 3615 3535 4391 
2727 4397 3347 4493 
2728 4311 3272 4345 
2729 4159 3997 4188 
2730 3354 3353 3438 
2731 3737 4318 4380 
2732 4590 4437 4612 
2733 4261 3807 4336 
2734 154 3046 4204 
2735 3631 3629 3809 
2736 1147 2939 3065 
2737 3351 3350 3423 
2738 3170 4314 4315 
2739 3143 4277 5377 
2740 3038 4154 4310 
2741 4005 3481 5210 
2742 4170 3218 4430 
2743 3227 3226 3278 
2744 3845 4308 4561 
2745 3043 4347 4533 
2746 3477 3617 5197 
2747 3205 3175 4950 
2748 2926 4461 4886 
2749 3431 3535 3564 
2750 152 3047 4208 
2751 4374 3420 4375 
2752 4284 2957 4644 
2753 3542 3540 3902 
2754 3577 3598 3751 
2755 3100 4282 4283 
2756 4318 3737 4671 
2757 3546 3544 3907 
2758 3507 3508 3577 
2759 3616 3600 3818 
2760 3055 137 4233 
2761 3578 3552 3910 
2762 4002 3477 5197 
2763 3451 3434 3914 
2764 3473 3597 5187 
2765 4771 4772 4774 
2766 3221 3220 3222 
2767 3307 3348 3360 
2768 3999 3473 5187 
2769 3235 3232 3926 
2770 3049 149 4137 
2771 3278 3284 3307 
2772 4069 4210 5491 
2773 3635 3953 3955 
2774 3235 3926 5096 
2775 3602 3603 3734 
2776 4621 2936 5331 
2777 3622 3707 3952 
2778 4296 3002 4756 
2779 3218 3217 3220 
2780 4708 4359 5290 
2781 3213 3214 3215 
2782 4019 3247 4020 
2783 3215 3216 3217 
2784 3515 3516 3521 
2785 3146 3144 3153 
2786 3915 3917 3918 
2787 2976 4202 5182 
2788 3524 3525 3575 
2789 3162 3166 3191 
2790 4298 3800 4928 
2791 3403 3404 3509 
2792 4393 3117 4497 
2793 3400 3401 3507 
2794 3730 3731 3967 
2795 3251 3294 4958 
2796 4655 2967 4688 
2797 3195 3207 3208 
2798 4361 4279 4428 
2799 4508 4239 5217 
2800 3957 3595 5533 
2801 4508 3782 4797 
2802 4338 4346 5241 
2803 3733 3748 3900 
2804 3580 4373 5030 
2805 4629 3983 5159 
2806 3423 3424 3548 
2807 144 3051 4226 
2808 3420 4983 5437 
2809 3222 3357 4292 
2810 4500 3496 4501 
2811 3548 3549 3604 
2812 3669 3806 4164 
2813 4475 4476 4803 
2814 3989 3987 4141 
2815 3148 3167 4335 
2816 3664 4084 4085 
2817 5034 3704 5324 
2818 3166 3161 3182 
2819 3436 3437 3589 
2820 3010 4504 4560 
2821 3729 3727 4513 
2822 4167 3306 4922 
2823 3671 3673 4493 
2824 4125 3855 4126 
2825 4710 3124 5403 
2826 3900 3748 4996 
2827 3860 4158 5425 
2828 3995 3997 4159 
2829 3509 3404 3534 
2830 3844 4201 4731 
2831 4445 4444 5022 
2832 3053 141 4228 
2833 4202 4686 5072 
2834 5025 4115 5212 
2835 3064 135 4229 
2836 3936 4479 4878 
2837 4174 4270 4271 
2838 3635 3568 3953 
2839 1160 3098 4307 
2840 3510 3582 4278 
2841 4537 4757 5234 
2842 3280 4328 4451 
2843 3910 3711 4144 
2844 3799 3837 5334 
2845 4593 4893 5470 
2846 160 4187 5318 
2847 3665 3664 4086 
2848 3814 4295 4534 
2849 4226 4251 5309 
2850 4521 4768 5236 
2851 4546 3435 5049 
2852 4356 3061 5199 
2853 3354 3438 3440 
2854 1191 1190 4403 
2855 4172 3882 5557 
2856 3586 3987 3989 
2857 3154 3161 3162 
2858 4354 3394 5307 
2859 134 3064 5125 
2860 4333 2946 4341 
2861 4229 3055 4231 
2862 3211 3041 3213 
2863 3165 3162 3191 
2864 3751 3598 4142 
2865 3577 3508 3598 
2866 3094 4246 4543 
2867 4410 2924 4877 
2868 3024 4386 4659 
2869 4352 3924 4635 
2870 3631 3809 3964 
2871 3522 3521 3527 
2872 3247 3243 4912 
2873 4513 3727 5114 
2874 3507 3401 3508 
2875 4522 4093 5143 
2876 3570 3530 3602 
2877 2992 4178 5370 
2878 3529 3527 3530 
2879 3550 3440 3618 
2880 3748 4386 4996 
2881 4000 3999 4286 
2882 3647 4326 4740 
2883 4003 4002 4323 
2884 3713 3714 4261 
2885 3793 4177 5201 
2886 4608 4132 5360 
2887 4164 3806 4557 
2888 3899 4140 5105 
2889 4024 4026 4138 
2890 4570 2996 4852 
2891 3307 3363 4332 
2892 3047 4204 4394 
2893 3629 3630 3978 
2894 4196 4195 5152 
2895 2935 4634 5145 
2896 3743 3692 3976 
2897 3534 3568 3635 
2898 4006 4005 4342 
2899 3757 3761 4145 
2900 3586 3550 3987 
2901 4405 4473 5120 
2902 3554 5015 5325 
2903 4634 4635 5145 
2904 3692 3620 3762 
2905 3427 3425 3566 
2906 4128 3698 5328 
2907 3274 3270 3349 
2908 4479 4325 4673 
2909 3718 3660 3973 
2910 3434 3432 3572 
2911 3504 4021 4022 
2912 3627 3641 3843 
2913 3272 3353 3354 
2914 3920 3918 4848 
2915 3590 3589 3664 
2916 4079 4618 4619 
2917 3503 3427 4087 
2918 3648 3674 3822 
2919 3667 3666 4110 
2920 3166 3184 5543 
2921 3272 3262 3353 
2922 4023 4022 4024 
2923 4772 4254 4774 
2924 3559 3557 3612 
2925 3037 4245 5247 
2926 3625 3593 3781 
2927 3438 3439 3561 
2928 3691 4152 4153 
2929 4632 5195 5224 
2930 3525 3840 4866 
2931 4148 3687 5169 
2932 3251 3249 3294 
2933 3681 3719 3971 
2934 4771 3992 4780 
2935 3540 3451 3614 
2936 3220 3217 5525 
2937 3257 3254 3355 
2938 3902 3903 3905 
2939 3403 3296 3404 
2940 4259 4735 4736 
2941 3161 3153 3163 
2942 3996 3995 3998 
2943 3695 3575 3696 
2944 4233 137 5138 
2945 4355 3034 4396 
2946 3544 3542 3670 
2947 3622 3595 3707 
2948 3907 3908 3909 
2949 3772 3771 3983 
2950 4478 3460 4989 
2951 3552 3546 3711 
2952 3561 3562 3629 
2953 4453 3725 4759 
2954 3561 3629 3631 
2955 3746 4448 4919 
2956 3232 3229 3289 
2957 3600 3578 3817 
2958 3838 3616 3901 
2959 3918 4503 4848 
2960 3765 3959 4161 
2961 3184 3182 3200 
2962 3170 3136 4314 
2963 3697 3696 3771 
2964 3238 3235 3308 
2965 3711 3546 4970 
2966 3503 4087 4089 
2967 3855 3856 4127 
2968 3625 3781 3839 
2969 3670 3542 4964 
2970 3253 3240 3350 
2971 3559 3612 3911 
2972 3717 4399 4875 
2973 3146 3153 3154 
2974 3769 5017 5555 
2975 3285 3277 4298 
2976 4213 3049 4214 
2977 3440 3438 3981 
2978 5195 4306 5224 
2979 3351 3423 3425 
2980 3229 3227 3927 
2981 5022 4444 5237 
2982 3225 3223 3226 
2983 3531 3573 3683 
2984 4307 3098 5141 
2985 3573 3611 4129 
2986 3368 3367 3436 
2987 3611 3703 3770 
2988 4036 4289 4290 
2989 3452 3454 4967 
2990 3845 3846 4308 
2991 3518 3520 3524 
2992 4282 3100 4406 
2993 3512 3514 3515 
2994 4222 3050 4224 
2995 3606 3765 3767 
2996 3915 3918 3920 
2997 3400 3309 3401 
2998 3597 3994 3995 
2999 3976 3692 5296 
3000 3757 4145 5035 
3001 3955 3953 4201 
3002 3651 3756 3759 
3003 3249 3247 4019 
3004 3660 3656 4095 
3005 4414 4415 4628 
3006 3208 3207 4279 
3007 3254 3251 3975 
3008 3219 3419 3511 
3009 3203 3200 4322 
3010 3617 3999 4000 
3011 4263 4427 5052 
3012 3841 3683 3889 
3013 3709 4469 4938 
3014 3564 3651 3653 
3015 3336 4544 5092 
3016 3591 3710 3733 
3017 1525 3280 4452 
3018 3640 4002 4003 
3019 3306 4167 4923 
3020 4287 3654 5168 
3021 4142 4146 4238 
3022 3524 3520 3525 
3023 2927 353 3096 
3024 4903 4391 5168 
3025 4308 4309 5127 
3026 1137 1138 4303 
3027 3824 3845 4321 
3028 4001 4000 4173 
3029 3217 3219 3984 
3030 3734 3603 3775 
3031 3964 3809 4256 
3032 4474 3197 5180 
3033 3696 3575 3698 
3034 3713 4261 4262 
3035 3363 3431 3432 
3036 4367 4090 4368 
3037 3082 4290 4626 
3038 3548 3604 3606 
3039 3686 3687 4148 
3040 3434 3572 3914 
3041 3307 3360 3363 
3042 3771 3696 3773 
3043 3650 4005 4006 
3044 4219 3924 4777 
3045 3800 4298 4923 
3046 4490 4674 5154 
3047 1162 25 5442 
3048 3132 2923 3133 
3049 3540 3614 3902 
3050 4153 4152 4202 
3051 4728 4242 5231 
3052 4060 4058 4062 
3053 3544 3670 3907 
3054 3583 3452 4967 
3055 3192 3165 5423 
3056 3699 4008 4009 
3057 3605 3608 3730 
3058 3552 3711 3910 
3059 4279 4361 5310 
3060 3600 3817 3818 
3061 2966 4650 4943 
3062 3733 3710 3748 
3063 3589 3437 3591 
3064 3665 4086 5279 
3065 3232 3289 3926 
3066 3527 3521 3528 
3067 4163 3709 5048 
3068 4636 3963 4670 
3069 4614 4066 4657 
3070 4326 3647 5419 
3071 3515 3514 3516 
3072 3843 3641 4180 
3073 3253 3350 3351 
3074 3840 3683 3841 
3075 3101 4246 5411 
3076 3602 3530 3603 
3077 3592 3509 3595 
3078 3637 3570 4123 
3079 4192 3094 4335 
3080 3983 4629 5145 
3081 4330 3345 4438 
3082 2962 4346 5211 
3083 4336 3807 4726 
3084 1512 1511 4480 
3085 4331 4714 5344 
3086 4334 3075 5085 
3087 3942 3940 3963 
3088 3817 3578 4906 
3089 4060 4062 5147 
3090 4230 4229 4231 
3091 3525 3531 3840 
3092 3575 3525 4866 
3093 3846 3888 4308 
3094 3756 3652 3757 
3095 4104 4545 4905 
3096 4525 2937 4585 
3097 4086 4085 4252 
3098 3160 3159 4420 
3099 3930 3882 4172 
3100 3120 4549 4550 
3101 3720 3750 4130 
3102 3623 3622 3815 
3103 3596 3595 3622 
3104 4674 4490 4707 
3105 4127 3856 5216 
3106 3718 3973 4189 
3107 3940 3937 4092 
3108 3310 3309 3400 
3109 4019 4020 5298 
3110 4339 3945 5454 
3111 3199 4274 4278 
3112 4011 3489 5171 
3113 4592 4593 5470 
3114 3932 3930 4149 
3115 3664 3589 4084 
3116 3535 3360 4391 
3117 3436 3367 3437 
3118 3796 3823 4176 
3119 4154 4355 4396 
3120 3860 3862 4158 
3121 3948 3945 4339 
3122 3644 3648 3954 
3123 3191 3166 5400 
3124 3730 3967 3969 
3125 4349 3366 5121 
3126 2990 4217 5429 
3127 3246 4972 5366 
3128 3700 4011 4012 
3129 3651 3565 3652 
3130 3714 3716 3807 
3131 3002 4296 5408 
3132 4286 4273 5060 
3133 3511 3419 3512 
3134 3852 3855 4125 
3135 3167 3174 3175 
3136 3184 3203 5112 
3137 3215 3214 3216 
3138 3221 3222 3223 
3139 4781 2985 5321 
3140 3848 3867 3888 
3141 4394 4204 5105 
3142 4764 4328 4815 
3143 4677 4149 5420 
3144 3692 3762 5296 
3145 3681 3682 3719 
3146 3859 3860 4157 
3147 3225 3226 3227 
3148 3703 3876 4171 
3149 3684 3637 4122 
3150 4058 4055 4078 
3151 4792 4367 5248 
3152 4702 2971 5162 
3153 3217 3216 3219 
3154 4245 3037 5411 
3155 3978 3630 5227 
3156 3312 3310 4175 
3157 3222 3220 3357 
3158 4512 3554 5325 
3159 3316 3314 4109 
3160 3213 3041 3214 
3161 3852 4125 5509 
3162 3218 3220 3221 
3163 1196 1195 4460 
3164 3967 3731 3968 
3165 3746 4424 4448 
3166 4072 4069 5491 
3167 4338 3018 5435 
3168 3338 4496 4817 
3169 3215 3217 3218 
3170 3358 3312 4175 
3171 3762 3993 4093 
3172 3743 3976 5151 
3173 3793 3796 4177 
3174 4295 3814 5461 
3175 4517 3011 4691 
3176 4214 4492 5028 
3177 4028 4025 4029 
3178 3319 3316 4109 
3179 3677 3681 3972 
3180 3431 3360 3535 
3181 4107 4104 4225 
3182 3046 4350 4831 
3183 3846 3848 3888 
3184 3903 3904 4220 
3185 3564 3535 3565 
3186 3952 3707 4242 
3187 4025 4024 4030 
3188 3403 3592 4209 
3189 4036 4034 4289 
3190 3802 3665 3811 
3191 3016 4291 4352 
3192 3213 3215 4170 
3193 4116 4822 5313 
3194 3735 3734 4205 
3195 3398 3396 4021 
3196 4351 3016 5232 
3197 3871 4401 4712 
3198 3719 3720 4130 
3199 3278 3226 3284 
3200 3297 3296 3403 
3201 4199 4072 4244 
3202 3666 4014 4015 
3203 4041 4038 4131 
3204 4459 4060 5147 
3205 4750 3832 5341 
3206 3054 4269 4576 
3207 3936 3934 4479 
3208 4546 4214 5028 
3209 172 3057 5476 
3210 4242 2977 4841 
3211 3630 3634 3713 
3212 3357 4248 4883 
3213 4367 4368 5248 
3214 3737 4380 4676 
3215 3152 4409 4860 
3216 3448 3370 4371 
3217 3909 3908 4812 
3218 3993 3620 5453 
3219 3862 3869 4158 
3220 3307 3284 3348 
3221 4401 3871 4412 
3222 4094 3303 5122 
3223 3910 4144 4178 
3224 3124 175 5403 
3225 4822 4116 5265 
3226 3471 3469 3994 
3227 3667 4110 5415 
3228 3149 2996 4570 
3229 4313 2947 4599 
3230 3203 4322 4344 
3231 4287 5091 5104 
3232 1230 2954 4360 
3233 3918 3919 4502 
3234 3911 3912 4239 
3235 3372 3370 3448 
3236 3843 4731 5054 
3237 3927 3227 5192 
3238 3171 3173 4324 
3239 3475 3473 3999 
3240 4890 3455 5178 
3241 3405 4317 4699 
3242 3489 3699 5171 
3243 3460 4575 4989 
3244 4825 3008 4847 
3245 4044 4041 4624 
3246 4337 3031 4716 
3247 3674 3831 4216 
3248 3376 3374 3442 
3249 3479 3477 4002 
3250 3469 3467 3585 
3251 4138 4026 4139 
3252 3130 4706 5455 
3253 3674 3675 3831 
3254 4089 4090 4367 
3255 3420 4374 4985 
3256 3915 3572 3917 
3257 3380 3378 3465 
3258 3207 3192 5392 
3259 4502 4328 4764 
3260 4024 4022 4026 
3261 3384 3382 3447 
3262 3789 3792 4363 
3263 3765 3604 3959 
3264 4175 3310 5428 
3265 2964 4673 5333 
3266 3146 3154 4402 
3267 3309 3303 4094 
3268 3123 1587 5406 
3269 4386 4390 4659 
3270 3730 3608 3731 
3271 3296 3291 4838 
3272 3483 3481 4005 
3273 3903 3614 3904 
3274 3918 3917 3919 
3275 3390 3388 3449 
3276 3862 3865 3869 
3277 3884 3767 4255 
3278 3322 3320 3417 
3279 3473 3471 3597 
3280 1590 1589 4542 
3281 3396 3394 3462 
3282 3487 3485 4008 
3283 3477 3475 3617 
3284 3461 3411 5215 
3285 3648 3649 3674 
3286 3408 3398 3504 
3287 4532 4074 5307 
3288 3481 3479 3640 
3289 3423 3350 3424 
3290 3914 3915 4115 
3291 3226 3223 4505 
3292 3413 3411 3461 
3293 4076 4073 4199 
3294 4122 3637 4123 
3295 3328 3326 3409 
3296 4698 4321 4998 
3297 4192 4191 4245 
3298 3201 4356 5199 
3299 3042 4181 4187 
3300 4008 3485 5124 
3301 4104 4102 4545 
3302 4451 3760 5409 
3303 4365 3025 4378 
3304 3485 3483 3650 
3305 4253 3005 5093 
3306 3838 3901 4206 
3307 3807 3808 4435 
3308 3332 3330 3367 
3309 3754 3510 4278 
3310 3453 3422 3460 
3311 3604 3549 3605 
3312 3548 3424 3549 
3313 4916 4546 5049 
3314 5065 3156 5142 
3315 4373 3580 4981 
3316 3432 3431 5160 
3317 4125 4126 4264 
3318 3489 3487 3699 
3319 4404 3997 5512 
3320 3459 3457 3466 
3321 3366 4405 4976 
3322 5007 3319 5117 
3323 3823 3824 4321 
3324 4435 2986 4726 
3325 4109 3314 5348 
3326 3294 4019 4265 
3327 3100 4283 4384 
3328 3153 3144 3196 
3329 3491 3489 4011 
3330 3431 3564 4247 
3331 4095 3656 5340 
3332 4277 4274 5377 
3333 2957 4284 4608 
3334 3812 3811 4649 
3335 3597 3995 3996 
3336 3856 3858 3859 
3337 3048 4999 5098 
3338 4507 3295 5504 
3339 4689 3900 4996 
3340 3521 3516 4162 
3341 3764 3669 4164 
3342 3602 3734 3735 
3343 3900 4658 4997 
3344 3493 3491 3700 
3345 3796 3797 3823 
3346 3704 4251 5324 
3347 4028 4029 4121 
3348 3617 4000 4001 
3349 3869 3870 4401 
3350 4014 3493 5287 
3351 4251 5005 5309 
3352 3973 4095 4257 
3353 4119 3654 5131 
3354 3912 3913 4799 
3355 3720 3722 3750 
3356 3998 3995 4159 
3357 3314 3312 3358 
3358 4714 4331 5284 
3359 4113 4381 5108 
3360 3640 4003 4004 
3361 4549 3120 4825 
3362 4213 4214 4215 
3363 4315 4357 4859 
3364 4174 4271 4867 
3365 3534 3567 3568 
3366 3504 3398 4021 
3367 4565 4013 5153 
3368 3175 4191 4192 
3369 4329 3757 5035 
3370 3504 4022 4023 
3371 4421 3159 4570 
3372 3318 3316 3319 
3373 4023 4024 4025 
3374 4260 4286 5060 
3375 3463 5000 5081 
3376 4298 3306 4923 
3377 3423 3548 4961 
3378 4123 3570 5369 
3379 3995 3994 3997 
3380 3650 4006 4007 
3381 3465 3378 5181 
3382 3306 3274 5550 
3383 3052 4226 5309 
3384 4034 4032 4207 
3385 4317 3405 5502 
3386 3752 3751 4235 
3387 3498 4832 4968 
3388 4315 4314 5056 
3389 3430 4293 5091 
3390 3807 3716 3808 
3391 4706 3130 5488 
3392 4185 4375 5505 
3393 3908 3670 4343 
3394 3744 3743 4016 
3395 3699 4009 4010 
3396 3515 3521 3522 
3397 3641 3642 3804 
3398 4511 3114 5511 
3399 3495 3493 4014 
3400 3693 3692 3743 
3401 3664 4085 4086 
3402 3572 3432 4529 
3403 3156 4324 5142 
3404 4763 3342 5100 
3405 3627 3628 3641 
3406 3289 3229 3927 
3407 3568 3569 3627 
3408 3537 3495 3666 
3409 4411 3624 4729 
3410 3669 3667 3806 
3411 3879 3812 4275 
3412 4248 3984 5381 
3413 3219 3511 3984 
3414 3765 4161 4217 
3415 3994 3469 5246 
3416 3764 4164 4165 
3417 4290 2954 4626 
3418 3012 4174 4930 
3419 2954 4289 4360 
3420 3136 3134 4314 
3421 3455 3453 4267 
3422 3912 3612 3913 
3423 3529 3530 3570 
3424 4140 3359 5107 
3425 3436 3589 3590 
3426 3816 3815 4237 
3427 3802 3811 3812 
3428 3522 3527 3529 
3429 3691 3820 4152 
3430 3918 4502 4503 
3431 4379 4660 4907 
3432 3983 3771 5159 
3433 3621 3620 3692 
3434 3063 4940 4941 
3435 3809 3978 4281 
3436 3962 5125 5457 
3437 4699 4317 4724 
3438 4228 3052 4285 
3439 2946 4333 4403 
3440 4575 3415 4842 
3441 3530 3527 4925 
3442 3700 4012 4013 
3443 2986 4435 4785 
3444 4432 4109 4433 
3445 3330 3328 4163 
3446 3301 3299 3352 
3447 3773 4128 5331 
3448 4308 3027 4561 
3449 5305 3212 5477 
3450 3879 4833 5218 
3451 3756 3757 4329 
3452 4363 3792 4364 
3453 3755 3199 4278 
3454 3305 3303 3309 
3455 4029 4025 4030 
3456 3982 4828 5170 
3457 3345 4330 4569 
3458 3590 3664 3665 
3459 3745 4448 4887 
3460 3848 3850 3867 
3461 3380 3465 5134 
3462 3852 3854 3855 
3463 3342 4806 5100 
3464 4528 2956 4946 
3465 5060 3076 5394 
3466 3597 3471 3994 
3467 3666 4015 4110 
3468 1156 3038 4362 
3469 3617 3475 3999 
3470 3809 3629 3978 
3471 3344 4470 4819 
3472 4650 2966 4683 
3473 3822 3674 5520 
3474 4376 3743 5151 
3475 4466 3019 4668 
3476 4327 3760 4451 
3477 3640 3479 4002 
3478 3903 4220 4221 
3479 3117 3125 4497 
3480 4110 4504 4554 
3481 3028 4264 5154 
3482 3025 4365 5053 
3483 4149 3930 4172 
3484 4077 4076 4132 
3485 4092 3937 5473 
3486 3441 3440 3550 
3487 3984 4248 5001 
3488 3942 3963 5077 
3489 3598 3599 3686 
3490 3677 3679 3681 
3491 3234 4434 4809 
3492 3878 5074 5459 
3493 3392 3390 4377 
3494 4368 4090 4369 
3495 3650 3483 4005 
3496 3348 4287 4391 
3497 3041 163 3985 
3498 4349 3896 4405 
3499 3289 3927 4373 
3500 3223 3222 5220 
3501 4854 3958 5523 
3502 3524 3575 3695 
3503 3064 4230 4680 
3504 4304 3123 5406 
3505 4397 4398 4494 
3506 1190 2946 4403 
3507 3733 3900 3966 
3508 3294 3249 4019 
3509 4838 3291 5074 
3510 3984 3511 5381 
3511 3699 3487 4008 
3512 4052 3950 4302 
3513 4154 3038 4355 
3514 4281 4781 5321 
3515 3869 4401 4412 
3516 3122 3108 5282 
3517 3605 3730 5016 
3518 162 3041 3211 
3519 3355 3254 3975 
3520 3204 3196 4552 
3521 4074 4354 5307 
3522 3293 3291 3296 
3523 3438 3353 3439 
3524 3713 3634 3714 
3525 1531 1530 4569 
3526 3537 3666 3667 
3527 3551 3550 3586 
3528 3772 3983 4219 
3529 158 3044 4193 
3530 3954 3822 4218 
3531 3039 221 5405 
3532 3394 3392 5307 
3533 4382 2983 4767 
3534 3459 3466 3467 
3535 3824 3827 3845 
3536 3275 3274 3306 
3537 140 3053 4389 
3538 3422 3415 4575 
3539 3869 3865 3870 
3540 3697 3771 3772 
3541 4326 2979 4740 
3542 3881 3879 5218 
3543 3271 3270 3274 
3544 4864 4044 5193 
3545 3919 4327 4328 
3546 3695 3696 3697 
3547 3211 3213 5305 
3548 4350 3046 4845 
3549 2972 4490 4491 
3550 4423 4871 5355 
3551 4206 5148 5268 
3552 4781 4281 5203 
3553 4144 3711 4353 
3554 4003 4323 4334 
3555 3194 3192 3195 
3556 3963 3940 4092 
3557 4894 4763 5100 
3558 3047 153 4204 
3559 4028 4121 5517 
3560 4126 3855 4127 
3561 3750 4241 4296 
3562 3760 4327 5228 
3563 3328 3409 4163 
3564 4734 4368 4800 
3565 3269 3268 3270 
3566 4260 4000 4286 
3567 4314 3134 5474 
3568 4046 4044 4864 
3569 4271 4270 5448 
3570 3048 151 4208 
3571 5097 3461 5204 
3572 4472 2945 4594 
3573 4391 4287 5168 
3574 4426 4427 5174 
3575 3577 3751 3752 
3576 3332 3367 3368 
3577 4795 3766 5064 
3578 4343 3905 4475 
3579 150 3048 4137 
3580 3629 3562 3630 
3581 3725 4453 4488 
3582 4559 3409 5013 
3583 3197 3209 3210 
3584 3561 3439 3562 
3585 3700 3491 4011 
3586 3457 3455 4890 
3587 4724 4317 5079 
3588 3400 3507 3576 
3589 3788 3789 4363 
3590 4226 4227 4251 
3591 3792 3793 5201 
3592 4119 3974 5238 
3593 148 3049 4213 
3594 3151 4423 5044 
3595 4379 4378 5486 
3596 4048 4372 4851 
3597 2958 4439 5395 
3598 3996 3998 4273 
3599 1587 4272 5406 
3600 1158 3034 4355 
3601 4022 4021 4136 
3602 4209 3592 5080 
3603 3778 3924 4291 
3604 2952 4372 5084 
3605 146 3050 4222 
3606 3525 3526 3531 
3607 4289 4207 4360 
3608 3644 3646 3648 
3609 4173 4000 4260 
3610 3057 173 4263 
3611 3053 4212 4389 
3612 4624 4041 5186 
3613 4415 3773 5331 
3614 3183 3182 5498 
3615 3288 3286 3290 
3616 3052 143 4226 
3617 3011 4517 4540 
3618 4143 3463 5075 
3619 4293 3430 4505 
3620 3115 4083 4873 
3621 2979 4326 4741 
3622 142 3052 4228 
3623 4073 4072 4199 
3624 3973 3660 4095 
3625 4012 4011 4582 
3626 4321 4698 5330 
3627 3167 3175 4335 
3628 3666 3495 4014 
3629 3035 171 4268 
3630 4552 3170 5205 
3631 136 3055 4229 
3632 4806 5069 5100 
3633 3037 4413 5411 
3634 4013 4012 4573 
3635 139 140 4389 
3636 3724 3746 4464 
3637 4004 4003 4333 
3638 3818 3817 4434 
3639 3265 3263 4311 
3640 4700 3825 4998 
3641 3661 3660 3718 
3642 3932 4149 5333 
3643 3788 4363 4378 
3644 3748 3749 3784 
3645 3793 3795 3796 
3646 4202 4152 4395 
3647 4375 3420 5437 
3648 3485 3650 5124 
3649 3449 3388 5213 
3650 4965 3496 5372 
3651 3531 3532 3573 
3652 4359 3863 5346 
3653 3268 3265 4311 
3654 3703 3875 3876 
3655 3611 3663 3703 
3656 4246 3101 4543 
3657 4744 3831 4745 
3658 3573 3574 3611 
3659 3859 3858 3860 
3660 4319 3174 5354 
3661 3197 3210 5180 
3662 3012 169 4270 
3663 4834 3442 4902 
3664 4016 3743 4376 
3665 4065 4064 4066 
3666 3531 3683 3840 
3667 3114 3111 5511 
3668 4078 4055 5338 
3669 3318 3319 3320 
3670 4061 4060 4064 
3671 3788 4378 4379 
3672 4211 3012 4930 
3673 4300 3895 4845 
3674 3263 3262 3272 
3675 3878 4151 4884 
3676 3403 3509 3592 
3677 4093 3993 5143 
3678 3722 3724 4241 
3679 3771 3773 4414 
3680 4481 3769 5555 
3681 3762 4093 4382 
3682 4476 2993 4803 
3683 3618 3440 3981 
3684 4238 4146 5439 
3685 4894 4206 5260 
3686 4770 3991 4771 
3687 4013 4565 4879 
3688 4216 3831 4744 
3689 4437 4100 5390 
3690 4059 4058 4060 
3691 5226 2949 5329 
3692 4437 4590 5467 
3693 3350 3240 4150 
3694 4458 3203 5126 
3695 3465 4117 5184 
3696 4262 4261 4485 
3697 4409 4081 4858 
3698 4243 4885 5231 
3699 4994 4766 5151 
3700 3453 3460 4267 
3701 3687 3689 3691 
3702 3278 3307 4332 
3703 3516 3517 3518 
3704 3614 3451 5025 
3705 4279 3207 4280 
3706 3825 4698 4998 
3707 4772 3618 4849 
3708 4467 4466 4668 
3709 4232 4233 4234 
3710 3619 3587 3620 
3711 3750 3722 4241 
3712 4090 4087 5047 
3713 4464 3745 5463 
3714 4290 3082 4826 
3715 3971 3719 4453 
3716 3595 3509 5533 
3717 4592 4009 4593 
3718 3914 4115 5025 
3719 3426 3425 3427 
3720 4660 4379 5486 
3721 4009 4592 5177 
3722 3222 4292 4293 
3723 4390 3784 4907 
3724 3926 3289 4481 
3725 3956 3955 4317 
3726 3097 4304 5406 
3727 3283 3277 3285 
3728 3509 3534 5533 
3729 4062 4058 4078 
3730 4318 4671 5188 
3731 3205 3195 3206 
3732 3516 3518 5281 
3733 3555 4420 4422 
3734 3775 3776 3777 
3735 4133 4132 4608 
3736 4242 4243 5231 
3737 3550 3618 5397 
3738 3698 4527 5328 
3739 4274 3754 4278 
3740 4115 3920 4116 
3741 4075 4073 4076 
3742 3789 3791 3792 
3743 5079 4201 5538 
3744 3591 3709 3710 
3745 3768 3767 3884 
3746 3518 3519 3520 
3747 4231 4232 4832 
3748 3099 167 5219 
3749 4239 4508 5043 
3750 3850 3852 5509 
3751 4525 4585 5521 
3752 3623 3815 3816 
3753 4295 3609 4534 
3754 4145 3761 5293 
3755 3965 3964 4253 
3756 3427 3566 5378 
3757 3592 3595 3596 
3758 3635 3955 3956 
3759 3626 3625 3655 
3760 3839 3781 4507 
3761 3596 3622 3623 
3762 1141 1142 4266 
3763 3781 3593 5043 
3764 3594 3593 3625 
3765 3322 4571 5427 
3766 162 163 3041 
3767 160 161 3042 
3768 3352 3299 5466 
3769 3502 3427 3503 
3770 3560 3559 3593 
3771 3558 3557 3559 
3772 3556 3503 3557 
3773 4407 4120 4951 
3774 4137 3048 5098 
3775 4082 4753 5061 
3776 4392 3074 4597 
3777 3274 3349 4424 
3778 4130 3750 4487 
3779 4766 3003 5151 
3780 4034 4207 4289 
3781 336 337 4366 
3782 3493 3700 5287 
3783 174 175 3124 
3784 158 159 3044 
3785 3036 3179 4316 
3786 3950 3948 4338 
3787 4402 3176 5130 
3788 156 157 3045 
3789 3286 3285 4446 
3790 4184 4183 4185 
3791 3425 3423 5009 
3792 3719 3682 3720 
3793 3777 4291 4351 
3794 3583 4967 5364 
3795 3466 4249 5534 
3796 3057 4263 5052 
3797 4971 3726 4972 
3798 3969 3967 5069 
3799 4771 3991 4772 
3800 154 155 3046 
3801 3255 3254 3257 
3802 4053 4052 4079 
3803 3376 3442 5011 
3804 3252 3251 3254 
3805 3171 3114 3173 
3806 4875 4268 5476 
3807 3886 3884 4118 
3808 4258 4118 4259 
3809 3951 3950 4052 
3810 3463 4143 5000 
3811 3250 3249 3251 
3812 4001 4173 4313 
3813 152 153 3047 
3814 3934 3932 4325 
3815 3305 3309 3310 
3816 3855 3854 3856 
3817 4888 4862 4904 
3818 3512 3513 3514 
3819 4048 4046 4372 
3820 172 173 3057 
3821 3838 4206 4982 
3822 3408 3504 5002 
3823 4297 4463 4538 
3824 4405 3894 4473 
3825 3257 3355 4407 
3826 3775 3777 4901 
3827 150 151 3048 
3828 4373 3927 5030 
3829 4185 4183 4374 
3830 3248 3247 3249 
3831 3949 3948 3950 
3832 4417 4358 4701 
3833 170 171 3035 
3834 3161 3163 5498 
3835 148 149 3049 
3836 3512 3515 4383 
3837 3653 3651 5499 
3838 3748 3784 4386 
3839 4212 3053 4926 
3840 5400 3166 5543 
3841 1195 2947 4460 
3842 3121 3108 3122 
3843 146 147 3050 
3844 3707 3957 4243 
3845 4503 3916 4848 
3846 168 169 3012 
3847 1511 2993 4480 
3848 4305 3122 4393 
3849 4446 3285 5334 
3850 3762 3620 3993 
3851 4279 4280 5452 
3852 4475 3905 4476 
3853 144 145 3051 
3854 4069 4067 4210 
3855 5083 4450 5288 
3856 232 233 3036 
3857 4177 4176 5222 
3858 4301 4750 5341 
3859 4321 3845 4998 
3860 134 135 3064 
3861 3555 3361 4420 
3862 3267 3265 3268 
3863 142 143 3052 
3864 4363 4364 4365 
3865 4071 4069 4072 
3866 3785 3787 3788 
3867 4176 3823 4431 
3868 3980 4248 5381 
3869 3164 3162 3165 
3870 3297 3403 4209 
3871 3433 3432 3434 
3872 3841 3889 4525 
3873 140 141 3053 
3874 4422 4421 4423 
3875 4461 4443 4886 
3876 4406 3100 5442 
3877 5081 5000 5082 
3878 3217 3984 5525 
3879 3368 3436 5063 
3880 138 139 3054 
3881 3077 5190 5329 
3882 3972 3971 4301 
3883 4312 3224 4320 
3884 5035 2995 5396 
3885 4076 4199 4439 
3886 3644 3954 5245 
3887 3409 3326 5013 
3888 4459 2960 4661 
3889 3687 3691 5169 
3890 136 137 3055 
3891 3500 4484 4986 
3892 4782 4253 5249 
3893 4214 3049 4447 
3894 3012 4211 5219 
3895 3228 3227 3229 
3896 4420 4421 4422 
3897 3859 4157 4359 
3898 3681 3679 3682 
3899 4385 3780 4530 
3900 4593 4007 4893 
3901 3003 4761 5151 
3902 3046 155 4300 
3903 3612 3557 5055 
3904 3359 4140 5242 
3905 4469 3409 4558 
3906 3527 3528 4955 
3907 3203 4344 5126 
3908 2981 4487 4760 
3909 3904 5025 5212 
3910 3048 4208 4450 
3911 4232 4234 5295 
3912 4928 3799 5334 
3913 3815 3622 5456 
3914 4403 4334 5085 
3915 4413 3101 5411 
3916 4218 3822 4868 
3917 4502 2994 4503 
3918 4138 4139 4528 
3919 5038 4468 5062 
3920 4655 3966 4997 
3921 4438 3345 4818 
3922 4277 3143 5113 
3923 166 167 3099 
3924 1160 1161 3098 
3925 4472 4594 4893 
3926 3620 3587 5453 
3927 3361 3160 4420 
3928 4189 3973 5255 
3929 3392 4377 5307 
3930 3450 3434 3451 
3931 3840 3841 4527 
3932 3469 3585 5246 
3933 4559 3977 5012 
3934 3856 3859 5216 
3935 3123 4304 4497 
3936 3106 3108 3121 
3937 3763 3669 3764 
3938 4431 4667 5495 
3939 3539 3451 3540 
3940 3814 3616 3838 
3941 3601 3600 3616 
3942 3541 3540 3542 
3943 4141 3987 5253 
3944 3219 3418 3419 
3945 3579 3578 3600 
3946 3547 3546 3552 
3947 3545 3544 3546 
3948 3658 3656 3660 
3949 3943 3942 3944 
3950 3553 3552 3578 
3951 4333 4334 4403 
3952 3543 3542 3544 
3953 4259 4118 5357 
3954 3738 4174 4867 
3955 4544 4531 5092 
3956 4135 4133 4284 
3957 4291 3924 4352 
3958 3230 3229 3232 
3959 3462 3394 4354 
3960 3233 3232 3235 
3961 3239 3238 3240 
3962 3236 3235 3238 
3963 3843 4180 4748 
3964 3241 3240 3253 
3965 4159 4188 5329 
3966 3293 3296 3297 
3967 4448 4449 4887 
3968 3761 4081 4409 
3969 3941 3940 3942 
3970 4040 5097 5204 
3971 4087 3427 5378 
3972 3845 3827 3846 
3973 4128 4622 5331 
3974 3870 3873 4331 
3975 1136 1137 3097 
3976 3778 3923 3924 
3977 4308 3888 4309 
3978 4368 4369 5155 
3979 4278 3582 5059 
3980 4217 4795 5064 
3981 4439 2958 4651 
3982 4390 2968 4690 
3983 3261 3258 3262 
3984 3360 3348 4391 
3985 4370 5010 5421 
3986 3823 4321 5330 
3987 4181 3042 5129 
3988 4494 4186 4861 
3989 4969 4232 5295 
3990 3967 3968 5100 
3991 3555 4422 5183 
3992 3630 3713 5227 
3993 4341 2946 4598 
3994 4703 4702 5162 
3995 3839 4854 5523 
3996 4057 4055 4058 
3997 3774 4957 4980 
3998 4006 4342 4392 
3999 3132 3133 3178 
4000 4230 4231 4500 
4001 3145 3144 3146 
4002 3696 3698 5551 
4003 2994 4502 4764 
4004 4224 3050 4917 
4005 4062 4078 5206 
4006 4380 2933 4676 
4007 3674 3649 3675 
4008 2972 4491 4705 
4009 4257 4489 5482 
4010 4402 3164 5354 
4011 4197 4198 5297 
4012 4171 3876 4425 
4013 4854 4507 5504 
4014 4032 4028 5517 
4015 4122 4123 4869 
4016 3591 3733 5198 
4017 4144 4353 4496 
4018 3811 3665 5279 
4019 3908 4343 4470 
4020 3224 3223 3225 
4021 3353 3262 4200 
4022 3648 3822 3954 
4023 3518 3524 4568 
4024 3668 3667 3669 
4025 3175 3174 4950 
4026 3989 4141 4521 
4027 4412 2973 4829 
4028 4205 3734 4318 
4029 4660 2968 4907 
4030 3833 3705 5304 
4031 3752 4235 4236 
4032 3138 3136 3170 
4033 1158 1159 3034 
4034 4453 4759 4992 
4035 3757 3758 3761 
4036 4235 3751 4337 
4037 4206 3901 5148 
4038 4267 3460 5524 
4039 3179 3181 3197 
4040 3455 4267 5178 
4041 4007 4006 4472 
4042 4466 3942 5077 
4043 3442 3374 4902 
4044 3098 4977 5508 
4045 3185 5400 5543 
4046 3534 3404 3567 
4047 3726 4971 5014 
4048 3310 3400 5428 
4049 3224 4312 4430 
4050 4362 3038 5294 
4051 3823 3797 3824 
4052 4370 3448 4371 
4053 4861 4185 5505 
4054 4171 4425 5471 
4055 4612 4437 5031 
4056 3987 3550 5397 
4057 4419 4216 5358 
4058 4088 5047 5378 
4059 4338 4339 4346 
4060 3290 3286 4446 
4061 3303 3301 5122 
4062 4146 3686 4148 
4063 3000 4419 4751 
4064 3935 3934 3936 
4065 3142 3140 3144 
4066 3771 4414 5159 
4067 4118 3884 5243 
4068 3933 3932 3934 
4069 3319 4109 4577 
4070 4064 4060 4459 
4071 4041 4131 5186 
4072 3280 4451 4452 
4073 3061 4356 5302 
4074 3770 3703 5537 
4075 4155 4124 4156 
4076 4108 4107 4124 
4077 4105 4104 4107 
4078 3648 3646 3649 
4079 4103 4102 4104 
4080 4182 3836 4183 
4081 3836 3729 4513 
4082 5122 3352 5430 
4083 3931 3930 3932 
4084 4163 3409 4469 
4085 3761 4080 4081 
4086 3507 3577 4921 
4087 3358 4175 5393 
4088 3094 4543 5385 
4089 4865 3462 5291 
4090 3511 3512 5398 
4091 3947 3945 3948 
4092 232 3036 4316 
4093 4409 3152 5293 
4094 3349 3270 5274 
4095 4101 4100 4102 
4096 3497 4501 4927 
4097 4165 4947 5339 
4098 4332 3433 5029 
4099 4178 4144 5370 
4100 3888 3867 5162 
4101 4673 4325 5333 
4102 4322 3201 4410 
4103 4029 4030 5103 
4104 1138 1139 3043 
4105 4706 4340 5455 
4106 3288 3290 3291 
4107 4051 5381 5398 
4108 3169 4570 4852 
4109 3448 4370 5421 
4110 4215 4214 4546 
4111 4126 4127 4490 
4112 3401 4094 4870 
4113 3245 3243 3247 
4114 161 162 3211 
4115 4100 4097 5390 
4116 3390 3449 4377 
4117 3618 3991 5397 
4118 4418 4417 4701 
4119 3568 3627 5464 
4120 3348 3430 4287 
4121 4968 4832 4969 
4122 3308 3235 5096 
4123 157 158 4193 
4124 3683 3573 5529 
4125 3187 3171 4324 
4126 3042 161 5477 
4127 4325 3932 5333 
4128 4098 5175 5524 
4129 153 154 4204 
4130 3796 3795 3797 
4131 3654 4119 5168 
4132 3677 3972 5250 
4133 3955 4201 5079 
4134 4414 3014 5159 
4135 3641 3804 5548 
4136 4027 4025 4028 
4137 151 152 4208 
4138 4414 3773 4415 
4139 3813 3812 3879 
4140 4051 4383 4535 
4141 4129 3611 5532 
4142 3175 4192 4335 
4143 149 150 4137 
4144 3070 4352 4635 
4145 3777 3778 4291 
4146 4629 2935 5145 
4147 3299 3297 4209 
4148 3384 3447 4918 
4149 3416 3361 3555 
4150 4193 3044 4835 
4151 4485 3259 5189 
4152 3681 3971 3972 
4153 4140 4394 5105 
4154 161 3211 5477 
4155 4110 4015 4504 
4156 147 148 4213 
4157 4412 3871 4711 
4158 3796 4176 4177 
4159 4248 3712 4882 
4160 4539 4455 4898 
4161 3211 5305 5477 
4162 4501 3497 4836 
4163 4506 2930 5434 
4164 3819 4348 5059 
4165 145 146 4222 
4166 4367 3913 5055 
4167 4296 4241 4297 
4168 4201 4739 5538 
4169 143 144 4226 
4170 4333 4003 4334 
4171 4030 4024 5315 
4172 4132 4076 5326 
4173 4663 4079 5446 
4174 4385 4530 5018 
4175 3919 3921 4327 
4176 3099 5219 5426 
4177 4249 3466 4896 
4178 1156 1157 3038 
4179 3744 4016 4017 
4180 135 136 4229 
4181 3707 3595 3957 
4182 3641 3628 3642 
4183 141 142 4228 
4184 3568 3567 3569 
4185 3693 3743 3744 
4186 4776 3343 5416 
4187 3605 3607 3608 
4188 3766 4805 5064 
4189 3447 3382 5531 
4190 4495 3021 5420 
4191 3774 4203 4957 
4192 3627 3569 3628 
4193 4077 4132 4133 
4194 3227 3278 5192 
4195 4794 3885 5357 
4196 3944 3942 4466 
4197 3895 4300 5553 
4198 3598 3508 3599 
4199 3880 3879 3881 
4200 4006 4392 4472 
4201 4031 4028 4032 
4202 4165 4164 4947 
4203 3621 3692 3693 
4204 3786 4469 4558 
4205 3655 3625 5523 
4206 4035 4034 4036 
4207 3031 4337 4924 
4208 4037 4036 4038 
4209 4033 4032 4034 
4210 4039 4038 4041 
4211 4049 4048 4096 
4212 4042 4041 4044 
4213 4045 4044 4046 
4214 4047 4046 4048 
4215 2949 4604 5329 
4216 4977 5125 5508 
4217 3167 3168 3174 
4218 3051 145 5540 
4219 4102 4100 4436 
4220 4210 4067 4954 
4221 3939 3937 3940 
4222 4745 3831 4746 
4223 4682 4495 5218 
4224 4150 3240 5433 
4225 4842 4040 4990 
4226 2983 4382 5256 
4227 3354 3440 3441 
4228 3043 1139 4347 
4229 3492 3491 3493 
4230 3413 3461 5097 
4231 3788 4379 5244 
4232 3490 3489 3491 
4233 5136 3639 5528 
4234 4486 3877 5430 
4235 3494 3493 3495 
4236 4247 3921 4529 
4237 4161 3959 4531 
4238 3050 147 5545 
4239 4558 3409 4559 
4240 3536 3495 3537 
4241 145 4222 5540 
4242 4494 4398 5185 
4243 4143 4450 5000 
4244 3496 4500 5372 
4245 3075 4334 5086 
4246 3173 3114 4511 
4247 3779 4926 4967 
4248 3354 3441 4345 
4249 4765 4145 4843 
4250 4195 4869 5152 
4251 4153 4202 5072 
4252 3144 3140 5526 
4253 147 4213 5545 
4254 3468 3467 3469 
4255 4010 4009 4578 
4256 3653 3760 5228 
4257 3273 4513 5114 
4258 3097 1137 4303 
4259 5019 3246 5366 
4260 4496 4353 4817 
4261 4221 4220 5161 
4262 4070 4377 4888 
4263 3691 3689 3820 
4264 3401 3309 4094 
4265 4448 3745 4919 
4266 3238 3308 5433 
4267 173 174 5507 
4268 4075 4076 4077 
4269 4667 4431 4697 
4270 4918 3447 5140 
4271 3619 3620 3621 
4272 4425 3040 4605 
4273 3488 3487 3489 
4274 3283 3285 3286 
4275 4450 4143 4999 
4276 3571 3570 3637 
4277 3482 3481 3483 
4278 3470 3469 3471 
4279 3472 3471 3473 
4280 4240 3986 4846 
4281 3986 4240 4900 
4282 3480 3479 3481 
4283 4431 2970 4697 
4284 3221 3224 4430 
4285 3785 3788 5244 
4286 3816 4237 4395 
4287 3484 3483 3485 
4288 3801 3665 3802 
4289 3631 3964 3965 
4290 3474 3473 3475 
4291 3324 3322 5427 
4292 4896 4890 5275 
4293 4232 3055 4233 
4294 3476 3475 3477 
4295 4009 4008 4593 
4296 3792 3791 3793 
4297 4306 3770 5167 
4298 3486 3485 3487 
4299 3177 5050 5158 
4300 3478 3477 3479 
4301 155 156 4300 
4302 4183 3836 4513 
4303 3355 3975 4909 
4304 3214 3985 4462 
4305 4386 3024 4996 
4306 5269 3833 5304 
4307 3916 4503 4807 
4308 4256 3809 5321 
4309 3082 4625 4826 
4310 3991 5253 5397 
4311 4192 4245 4246 
4312 3958 5340 5523 
4313 3638 3637 3684 
4314 4085 4084 4891 
4315 4380 3775 4901 
4316 4255 3767 5064 
4317 4020 4408 4988 
4318 4248 3357 5001 
4319 3997 5246 5512 
4320 3929 3882 3930 
4321 4712 4401 5399 
4322 5243 4794 5357 
4323 4903 4119 5238 
4324 4099 4097 4100 
4325 4154 3763 4310 
4326 2979 4741 4749 
4327 3870 3872 3873 
4328 4292 3357 5388 
4329 4498 4147 4719 
4330 4124 5373 5554 
4331 2962 4467 5041 
4332 3714 3715 3716 
4333 4670 3963 5150 
4334 4517 4519 4540 
4335 4217 4161 5429 
4336 3467 3466 5534 
4337 3625 3839 5523 
4338 1530 3345 4569 
4339 3686 3599 3687 
4340 4594 3073 4893 
4341 3240 3238 5433 
4342 3072 4578 4589 
4343 3380 5134 5172 
4344 3534 3635 4541 
4345 3163 3196 3204 
4346 3525 3520 3526 
4347 3320 3319 5007 
4348 3369 3368 3370 
4349 4353 3909 4817 
4350 4079 4052 5446 
4351 1157 1158 4355 
4352 4505 3223 5220 
4353 4360 4207 5494 
4354 4142 4238 4924 
4355 4121 4029 5088 
4356 4129 4306 5195 
4357 4657 4066 4897 
4358 3441 3550 3551 
4359 3764 4165 4166 
4360 4149 4172 5420 
4361 3122 4305 4533 
4362 3782 4508 5217 
4363 3275 3306 4298 
4364 3809 4281 5321 
4365 3551 3586 3587 
4366 4761 4376 5151 
4367 4241 3724 4463 
4368 3271 3274 3275 
4369 4604 3077 5329 
4370 3165 3192 3194 
4371 3748 3710 3749 
4372 2973 4412 4711 
4373 4203 3774 4975 
4374 3371 3370 3372 
4375 3269 3270 3271 
4376 1139 1140 4347 
4377 3373 3372 3374 
4378 4338 3948 4339 
4379 4561 4700 4998 
4380 3375 3374 3376 
4381 3417 3320 5007 
4382 3756 4329 4330 
4383 4879 4565 5071 
4384 3377 3376 3378 
4385 4131 4038 4826 
4386 4240 4113 5108 
4387 3385 3384 3386 
4388 3379 3378 3380 
4389 4512 4828 5096 
4390 3383 3382 3384 
4391 3387 3386 3388 
4392 4727 4257 4783 
4393 3651 3759 5499 
4394 4427 4263 5174 
4395 4071 4072 4073 
4396 3381 3380 3382 
4397 3389 3388 3390 
4398 3395 3394 3396 
4399 3393 3392 3394 
4400 3397 3396 3398 
4401 4116 3920 5139 
4402 3391 3390 3392 
4403 4799 3913 5267 
4404 3201 3202 4356 
4405 3407 3398 3408 
4406 3414 3413 3415 
4407 4774 4254 5093 
4408 5416 3343 5480 
4409 4750 4301 5239 
4410 3410 3408 3411 
4411 3412 3411 3413 
4412 3421 3415 3422 
4413 3456 3455 3457 
4414 4264 4704 5292 
4415 3452 3422 3453 
4416 3454 3453 3455 
4417 3458 3457 3459 
4418 4250 4536 4908 
4419 5047 4087 5378 
4420 3998 4159 5190 
4421 175 22 5403 
4422 3570 3602 5369 
4423 4284 4133 4608 
4424 2933 4380 4901 
4425 1140 1141 3007 
4426 4185 4374 4375 
4427 4464 3746 4919 
4428 4377 4070 4532 
4429 3446 4492 5027 
4430 4219 3983 5145 
4431 4297 4538 5045 
4432 3788 3787 3789 
4433 3985 163 5402 
4434 3218 3221 4430 
4435 4828 4512 5325 
4436 4976 4405 5120 
4437 3718 4189 4197 
4438 3501 4385 5018 
4439 3267 3268 3269 
4440 4354 4074 5291 
4441 3953 3568 5464 
4442 5253 3987 5397 
4443 4305 3043 4533 
4444 4411 4729 5042 
4445 3963 4092 5150 
4446 4943 4650 5279 
4447 4146 4148 4498 
4448 1159 1160 4307 
4449 3086 4439 4651 
4450 4067 4066 5196 
4451 4253 3964 5249 
4452 3822 4419 4868 
4453 3357 3220 5001 
4454 3956 4317 4416 
4455 4228 4285 5364 
4456 1161 8 4977 
4457 3201 3183 3202 
4458 4156 4124 5554 
4459 4004 4333 4341 
4460 3319 4577 5117 
4461 3435 4546 5028 
4462 3516 3514 3517 
4463 3347 4397 4494 
4464 4271 4399 4876 
4465 3966 3900 4997 
4466 231 232 4316 
4467 221 2929 5405 
4468 3921 4247 5228 
4469 4257 4095 4489 
4470 4954 4067 5196 
4471 3860 3861 3862 
4472 4065 4066 4067 
4473 4199 4244 5395 
4474 3321 3320 3322 
4475 3531 3526 3532 
4476 4061 4064 4065 
4477 3423 4961 5009 
4478 4334 4323 5086 
4479 4243 4416 4885 
4480 4051 3980 5381 
4481 4109 4432 4577 
4482 3630 3633 3634 
4483 4059 4060 4061 
4484 3120 3103 4482 
4485 3896 4349 4350 
4486 3591 3437 3709 
4487 4236 4235 4931 
4488 3182 3161 5498 
4489 3449 4862 4888 
4490 4709 4681 4889 
4491 3924 3923 4777 
4492 3659 4536 4909 
4493 3703 3663 3875 
4494 3370 3368 5319 
4495 3611 3574 3663 
4496 4263 173 5507 
4497 3573 3532 3574 
4498 3528 3521 4162 
4499 3775 3603 3776 
4500 1154 1155 3060 
4501 4632 5194 5195 
4502 3896 3894 4405 
4503 3460 3422 4575 
4504 4242 3707 4243 
4505 3351 3425 3426 
4506 4237 3815 5042 
4507 4313 4599 5086 
4508 5152 3735 5157 
4509 3119 3106 3121 
4510 3901 3616 5149 
4511 3784 3749 3785 
4512 5316 5349 5487 
4513 4168 4169 4312 
4514 4260 5060 5394 
4515 4490 2972 4707 
4516 3164 3165 4319 
4517 3567 3404 4838 
4518 3121 3122 4533 
4519 3862 3864 3865 
4520 4925 3527 4955 
4521 3323 3322 3324 
4522 3374 3372 4902 
4523 4386 3784 4390 
4524 3325 3324 3326 
4525 3329 3328 3330 
4526 4066 4064 4897 
4527 3327 3326 3328 
4528 3148 3157 3167 
4529 3331 3330 3332 
4530 4575 4043 4989 
4531 4436 4100 4437 
4532 4580 4012 4582 
4533 3606 3767 3768 
4534 4288 4228 5364 
4535 3428 3510 3754 
4536 3074 4392 5289 
4537 4057 4058 4059 
4538 5212 4116 5313 
4539 3272 3354 4345 
4540 257 3101 4413 
4541 3915 3920 4115 
4542 3554 4512 5555 
4543 4326 3804 4741 
4544 4342 4005 5210 
4545 4188 3997 4404 
4546 3259 4485 4784 
4547 3176 3177 5130 
4548 4496 3338 5164 
4549 3658 3660 3661 
4550 3582 3819 5059 
4551 4107 4225 5374 
4552 4304 4303 4305 
4553 4066 4614 5196 
4554 3291 3290 5074 
4555 4222 4224 5500 
4556 2968 4390 4907 
4557 4785 4435 5501 
4558 3576 3507 5308 
4559 4303 3043 4305 
4560 4923 4167 5106 
4561 3176 4402 5354 
4562 4248 4882 4883 
4563 3210 3209 5058 
4564 4234 4233 4483 
4565 4344 4387 5126 
4566 4128 3773 5551 
4567 4487 3803 4760 
4568 3618 3981 4849 
4569 4332 5030 5192 
4570 3671 4493 4910 
4571 3040 4425 5337 
4572 4285 5004 5364 
4573 4465 4555 5006 
4574 4296 4297 5408 
4575 4371 3370 5319 
4576 4227 3051 5363 
4577 3178 3133 4556 
4578 3512 3419 3513 
4579 4243 3957 5240 
4580 4419 3000 4868 
4581 4635 4219 5145 
4582 3461 4160 5422 
4583 3208 4279 5310 
4584 3372 3448 5314 
4585 3119 3121 5371 
4586 3225 3228 4320 
4587 3261 3262 3263 
4588 1140 3007 4347 
4589 4234 4483 4484 
4590 5004 3583 5364 
4591 4324 3156 5362 
4592 4469 3786 4938 
4593 3586 3989 5143 
4594 3194 3195 3205 
4595 3518 3517 3519 
4596 5326 4645 5360 
4597 4239 3912 4932 
4598 4804 4259 5357 
4599 4907 3784 5244 
4600 3812 4649 5515 
4601 3537 3667 3668 
4602 3963 4636 5077 
4603 3443 4916 5049 
4604 3728 3834 4168 
4605 3322 3417 4571 
4606 255 256 3037 
4607 4972 4168 5366 
4608 4874 4082 5061 
4609 257 258 3101 
4610 4024 4138 5315 
4611 3262 3258 5335 
4612 3965 4253 4254 
4613 3951 4052 4053 
4614 3856 3857 3858 
4615 3311 3310 3312 
4616 4331 3873 5284 
4617 5082 3891 5418 
4618 4323 4002 5197 
4619 3949 3950 3951 
4620 4020 4988 5298 
4621 3895 3896 4845 
4622 3526 3520 4837 
4623 4051 4535 5089 
4624 4251 4227 5324 
4625 252 253 3009 
4626 3462 4865 5410 
4627 3843 4748 5233 
4628 4180 4326 5419 
4629 4416 4317 5502 
4630 4173 4260 5394 
4631 1155 1156 4362 
4632 3386 3384 4918 
4633 3777 3776 3778 
4634 3969 5069 5261 
4635 3668 3669 3763 
4636 4286 3999 5187 
4637 4184 4185 4186 
4638 3314 3358 5348 
4639 3626 3655 3656 
4640 168 3012 5219 
4641 4166 4165 5339 
4642 3363 3432 3433 
4643 3594 3625 3626 
4644 3426 3427 3502 
4645 4202 4395 5182 
4646 3560 3593 3594 
4647 3564 3653 4247 
4648 3558 3559 3560 
4649 4737 4255 4805 
4650 3556 3557 3558 
4651 3502 3503 3556 
4652 4225 4104 4905 
4653 4366 337 4471 
4654 3120 4482 5135 
4655 3773 3696 5551 
4656 3313 3312 3314 
4657 3079 4545 4611 
4658 2982 4537 4758 
4659 3163 3204 5351 
4660 4269 4385 4576 
4661 3317 3316 3318 
4662 3308 4827 5433 
4663 4174 3739 4930 
4664 3315 3314 3316 
4665 4434 3234 5191 
4666 4026 4022 4136 
4667 3878 3567 4838 
4668 1153 1154 4282 
4669 4194 4195 4196 
4670 4573 4012 5166 
4671 4533 4347 4974 
4672 4146 4498 5439 
4673 3866 5007 5117 
4674 4017 4016 4537 
4675 4625 4131 4826 
4676 5201 4696 5223 
4677 3952 4242 4841 
4678 4103 4105 4896 
4679 4138 4528 4946 
4680 3947 3948 3949 
4681 3255 3257 3258 
4682 3225 3227 3228 
4683 3183 3163 5351 
4684 3159 3149 4570 
4685 3252 3254 3255 
4686 3130 3131 4194 
4687 4529 3432 5160 
4688 3025 4692 5486 
4689 4304 4393 4497 
4690 3059 4443 4461 
4691 3100 1162 5442 
4692 3250 3251 3252 
4693 3768 3884 3886 
4694 3466 3457 4890 
4695 249 250 2932 
4696 4245 4191 5361 
4697 3214 3041 3985 
4698 3219 3216 3418 
4699 3720 3721 3722 
4700 3248 3249 3250 
4701 4424 3746 4922 
4702 3154 3162 3164 
4703 3886 4118 4258 
4704 4252 4085 5414 
4705 3105 3120 4551 
4706 3120 4550 4551 
4707 4272 1136 5406 
4708 3566 3425 5336 
4709 3108 3110 5282 
4710 4182 4183 4184 
4711 3760 3653 5499 
4712 4346 4339 5211 
4713 4812 3908 5271 
4714 3624 4411 5221 
4715 5038 3895 5553 
4716 4462 3985 4900 
4717 4043 4575 4842 
4718 4492 3446 5028 
4719 231 4316 4474 
4720 4679 5157 5235 
4721 3977 4559 5013 
4722 3351 3426 4408 
4723 3966 4655 4891 
4724 3884 4255 4863 
4725 3615 4391 4903 
4726 3020 4479 4640 
4727 3205 3206 4191 
4728 4448 3349 4449 
4729 3134 2923 4366 
4730 3684 4122 5061 
4731 3722 3723 3724 
4732 4761 3747 5475 
4733 3036 233 3132 
4734 4328 4327 4451 
4735 4284 4644 5379 
4736 3045 4468 5038 
4737 4162 4567 5349 
4738 1163 1162 3100 
4739 3885 4804 5357 
4740 3245 3247 3248 
4741 3745 4464 4919 
4742 3117 3118 3125 
4743 3533 4867 4876 
4744 4124 4107 4995 
4745 3221 3223 3224 
4746 3943 3944 3945 
4747 4254 4772 4849 
4748 3133 2923 3134 
4749 3442 4834 4953 
4750 3870 4331 4401 
4751 3941 3942 3943 
4752 2933 4901 4937 
4753 4470 3344 5271 
4754 3846 3847 3848 
4755 4096 4048 4851 
4756 4586 3256 4789 
4757 3656 3655 5340 
4758 3298 3297 3299 
4759 3608 3609 4295 
4760 3599 3508 4870 
4761 3196 3144 5526 
4762 4399 3717 4876 
4763 4378 3025 5486 
4764 4901 4351 4937 
4765 3867 3850 5509 
4766 3894 3892 4473 
4767 4544 3336 5254 
4768 4830 3063 4941 
4769 4161 4531 4544 
4770 4450 4208 5288 
4771 3038 1157 4355 
4772 4029 5103 5207 
4773 4957 4265 4980 
4774 4257 4727 4963 
4775 4264 4126 5154 
4776 166 3099 5404 
4777 3174 3176 5354 
4778 3876 3875 4427 
4779 4301 3971 5239 
4780 3639 4082 5528 
4781 4805 4255 5064 
4782 3035 4268 4399 
4783 4197 4189 4586 
4784 247 248 3059 
4785 4214 4447 4492 
4786 4696 4177 5222 
4787 4302 3950 5435 
4788 4387 3091 5126 
4789 3761 4409 5293 
4790 4250 3355 4909 
4791 4567 4162 4568 
4792 3731 3608 4295 
4793 4093 4522 4899 
4794 3848 3849 3850 
4795 3300 3299 3301 
4796 4538 4537 5234 
4797 249 2932 4441 
4798 3302 3301 3303 
4799 4522 4521 5236 
4800 3973 4257 4963 
4801 3850 3851 3852 
4802 3304 3303 3305 
4803 3939 3940 3941 
4804 3444 5039 5286 
4805 3852 3853 3854 
4806 4026 4136 5312 
4807 3944 4466 4467 
4808 4300 156 5553 
4809 3839 4507 4854 
4810 3126 3128 3130 
4811 4476 4221 5438 
4812 4040 4842 5097 
4813 2960 4459 5147 
4814 1526 4452 5132 
4815 3433 3434 3450 
4816 4023 4025 4027 
4817 4836 3497 4929 
4818 4330 4329 5396 
4819 3203 4458 5112 
4820 3277 3275 4298 
4821 3601 3616 3814 
4822 3579 3600 3601 
4823 3622 3952 5456 
4824 4281 3978 4675 
4825 14 336 2923 
4826 3757 3652 3758 
4827 1152 1153 4406 
4828 3228 3229 3230 
4829 3553 3578 3579 
4830 3450 3451 3539 
4831 2924 4410 5199 
4832 3547 3552 3553 
4833 3545 3546 3547 
4834 4275 3812 5515 
4835 4015 4014 4879 
4836 3539 3540 3541 
4837 3543 3544 3545 
4838 3541 3542 3543 
4839 156 3045 5553 
4840 3257 4911 5335 
4841 3239 3240 3241 
4842 3236 3238 3239 
4843 3416 3555 3974 
4844 3233 3235 3236 
4845 4915 3399 5026 
4846 3230 3232 3233 
4847 254 255 4358 
4848 3884 4863 5243 
4849 4399 4271 5448 
4850 3076 5067 5394 
4851 4431 3823 5330 
4852 4126 4490 5154 
4853 1136 3097 5406 
4854 3958 4489 5340 
4855 3197 3181 3209 
4856 4269 3780 4385 
4857 3147 3146 4402 
4858 3415 3413 5097 
4859 3046 4300 4845 
4860 3104 3106 3119 
4861 251 252 4361 
4862 4155 4156 4404 
4863 4869 4123 5152 
4864 4108 4124 4155 
4865 3802 3812 3813 
4866 4105 4107 4108 
4867 4495 3881 5218 
4868 3611 3770 5532 
4869 4103 4104 4105 
4870 3919 4328 4502 
4871 4643 4528 5176 
4872 4101 4102 4103 
4873 4079 4619 5338 
4874 4491 4359 5346 
4875 3142 3144 3145 
4876 3675 3676 3677 
4877 3802 3813 4370 
4878 4363 4365 4378 
4879 3466 4890 4896 
4880 4304 4305 4393 
4881 3565 3535 3615 
4882 3712 3685 4973 
4883 4648 4649 4650 
4884 4741 3804 4895 
4885 3067 4504 5071 
4886 3814 4534 5484 
4887 3125 3126 5299 
4888 3348 3284 3430 
4889 4499 4153 5230 
4890 4186 5185 5264 
4891 3573 4129 5529 
4892 254 4358 4417 
4893 4814 3818 5191 
4894 3935 3936 3937 
4895 3933 3934 3935 
4896 4395 4237 5345 
4897 3841 4525 4526 
4898 4698 2970 5330 
4899 3934 4325 4479 
4900 3931 3932 3933 
4901 4149 4641 5333 
4902 3494 3495 3536 
4903 3718 4197 5297 
4904 256 257 4413 
4905 4503 2994 4807 
4906 3492 3493 3494 
4907 3763 3764 4310 
4908 5050 3189 5158 
4909 3014 4584 5159 
4910 5004 4285 5005 
4911 159 160 5318 
4912 3824 3826 3827 
4913 4280 3207 5237 
4914 3411 3408 5215 
4915 4504 3067 4560 
4916 3490 3491 3492 
4917 4985 4374 5444 
4918 4753 3684 5061 
4919 4038 4036 5527 
4920 3110 3112 3117 
4921 3459 3467 3468 
4922 3749 3710 4938 
4923 4099 4100 4101 
4924 4656 4175 5431 
4925 4873 4083 4874 
4926 4424 3349 4448 
4927 3462 4354 5291 
4928 4317 3955 5079 
4929 3677 3678 3679 
4930 3292 3291 3293 
4931 4273 3998 5300 
4932 245 246 2926 
4933 3964 4256 5066 
4934 3253 3351 4408 
4935 3019 4466 5077 
4936 3537 3668 4839 
4937 3533 3526 4837 
4938 3808 3716 4198 
4939 3806 3667 5415 
4940 3378 3376 5181 
4941 3561 3631 4566 
4942 5194 3889 5195 
4943 4439 4199 5395 
4944 4299 3173 4850 
4945 4168 4312 5366 
4946 3382 3380 5172 
4947 3929 3930 3931 
4948 2995 5099 5396 
4949 3605 3549 3607 
4950 3790 4558 4559 
4951 4147 4498 5465 
4952 4266 1142 4506 
4953 4986 4484 5283 
4954 3326 3324 5013 
4955 3424 3350 4150 
4956 3919 3917 3921 
4957 3428 3754 5445 
4958 3488 3489 3490 
4959 4870 4094 5280 
4960 4455 4539 4540 
4961 3716 3740 4198 
4962 4829 4709 4889 
4963 3639 3970 4082 
4964 1165 1164 3089 
4965 3224 3225 4320 
4966 3731 4295 4982 
4967 5112 3186 5543 
4968 4725 3340 5412 
4969 3340 4784 5412 
4970 1154 3060 4282 
4971 251 4361 4428 
4972 3996 4273 4286 
4973 3417 4555 5483 
4974 3585 3467 5534 
4975 3021 4495 4966 
4976 4027 4028 4031 
4977 5056 4314 5447 
4978 3163 3183 5498 
4979 248 249 4441 
4980 4049 4096 4097 
4981 3590 3665 3801 
4982 3728 4168 4972 
4983 3950 4338 5435 
4984 4047 4048 4049 
4985 4035 4036 4037 
4986 4037 4038 4039 
4987 4039 4041 4042 
4988 4042 4044 4045 
4989 4045 4046 4047 
4990 4033 4034 4035 
4991 4052 5225 5446 
4992 4031 4032 4033 
4993 4086 4252 4943 
4994 3053 4288 4926 
4995 4178 4802 5416 
4996 3130 4194 5488 
4997 2956 4528 5144 
4998 4134 4133 4135 
4999 3134 4366 5474 
5000 3529 3570 3571 
5001 3193 5022 5237 
5002 4153 4499 5169 
5003 3515 3522 4383 
5004 3813 3879 3880 
5005 4186 4494 5185 
5006 4015 4879 5071 
5007 4495 4682 4966 
5008 253 254 4417 
5009 5170 3636 5484 
5010 3880 3881 3882 
5011 3289 4373 5119 
5012 3294 4265 4957 
5013 3116 3107 4551 
5014 3145 3146 3147 
5015 3486 3487 3488 
5016 3388 3386 5213 
5017 4675 5189 5272 
5018 3688 3599 4870 
5019 4498 4148 4499 
5020 3163 3153 3196 
5021 3482 3483 3484 
5022 3480 3481 3482 
5023 2923 336 4366 
5024 4136 4021 4993 
5025 3044 159 5318 
5026 4513 3273 5444 
5027 4258 4259 4872 
5028 4162 3516 5281 
5029 3484 3485 3486 
5030 1166 1165 4524 
5031 250 251 4428 
5032 3642 3643 3644 
5033 3761 3758 4080 
5034 4322 4410 4830 
5035 3478 3479 3480 
5036 2970 4431 5330 
5037 3468 3469 3470 
5038 4562 3386 4918 
5039 3470 3471 3472 
5040 3472 3473 3474 
5041 3870 3865 3872 
5042 3332 3368 3369 
5043 3474 3475 3476 
5044 4536 3661 4908 
5045 3476 3477 3478 
5046 4521 4141 5258 
5047 3821 4913 5383 
5048 4692 4660 5486 
5049 3086 4645 5326 
5050 1231 4360 5102 
5051 4177 4696 5201 
5052 4800 4368 5155 
5053 4377 3449 4888 
5054 4368 4734 5248 
5055 3287 3286 3288 
5056 246 247 4461 
5057 3793 3794 3795 
5058 4012 4580 5166 
5059 255 3037 4358 
5060 5312 4136 5350 
5061 5299 3126 5455 
5062 337 338 4471 
5063 3769 4481 5119 
5064 5162 2971 5493 
5065 4967 4288 5364 
5066 3973 4963 5255 
5067 4649 3811 4650 
5068 4527 3698 4866 
5069 4570 3169 5401 
5070 3714 3634 3715 
5071 5058 3209 5376 
5072 3278 4332 5192 
5073 247 3059 4461 
5074 4010 4581 4582 
5075 4307 5141 5269 
5076 4622 4128 5328 
5077 3644 3645 3646 
5078 3174 3168 3176 
5079 4348 3819 4882 
5080 3691 4153 5169 
5081 137 138 5138 
5082 3267 3269 4493 
5083 4076 4439 5326 
5084 4425 3876 4426 
5085 4507 3781 4508 
5086 3016 4352 5008 
5087 4157 3860 5425 
5088 5195 3889 5529 
5089 4561 3027 4700 
5090 3404 3296 4838 
5091 3376 5011 5181 
5092 1167 1166 3013 
5093 338 339 3058 
5094 4230 4500 4501 
5095 3253 4408 4912 
5096 4395 4152 5492 
5097 252 3009 4361 
5098 3007 1141 4266 
5099 3442 4953 4991 
5100 3608 3607 3609 
5101 4467 2962 5211 
5102 3750 4296 5359 
5103 4255 4737 4863 
5104 3565 3615 5087 
5105 4254 4253 5093 
5106 4001 4313 4323 
5107 5219 4211 5426 
5108 9 166 5404 
5109 3697 3772 3925 
5110 3408 5002 5215 
5111 5039 5040 5286 
5112 3746 3723 4922 
5113 4447 3830 5449 
5114 3777 4351 4901 
5115 3036 3132 3178 
5116 4729 3033 5042 
5117 3138 3170 4552 
5118 4074 4073 4075 
5119 2993 4476 5438 
5120 4105 4249 4896 
5121 4293 3883 5091 
5122 4194 4196 5179 
5123 4436 4437 5467 
5124 4004 4341 4342 
5125 3801 3802 4370 
5126 3879 4275 4833 
5127 4282 3060 4283 
5128 4526 4525 5521 
5129 3099 4855 5404 
5130 4480 4221 5161 
5131 230 231 4474 
5132 5407 4299 5441 
5133 4571 3798 5427 
5134 4166 5339 5343 
5135 3109 3107 3116 
5136 4457 5126 5200 
5137 4362 5294 5343 
5138 3638 3684 3685 
5139 3571 3637 3638 
5140 4359 4157 5290 
5141 1144 1145 4440 
5142 3587 3586 5453 
5143 4135 5312 5350 
5144 4376 4761 5475 
5145 4479 3020 4878 
5146 4675 4262 5189 
5147 2937 4525 5347 
5148 3889 3683 5529 
5149 3690 4486 5080 
5150 4259 4736 4872 
5151 3741 4449 5274 
5152 3456 3457 3458 
5153 4408 4020 4912 
5154 3687 3688 3689 
5155 3167 3157 3168 
5156 3454 3455 3456 
5157 3431 4247 5160 
5158 4352 3070 5008 
5159 3414 3415 3421 
5160 3895 3894 3896 
5161 3412 3413 3414 
5162 3770 4596 5167 
5163 3452 3453 3454 
5164 4861 3402 5323 
5165 3421 3422 3452 
5166 3318 3320 3321 
5167 4176 4431 5495 
5168 4296 4756 5359 
5169 3514 3513 4984 
5170 3395 3396 3397 
5171 3393 3394 3395 
5172 3410 3411 3412 
5173 3369 3370 3371 
5174 3397 3398 3407 
5175 3407 3408 3410 
5176 3385 3386 3387 
5177 3893 3892 3894 
5178 3383 3384 3385 
5179 3512 4383 5398 
5180 3387 3388 3389 
5181 3373 3374 3375 
5182 3371 3372 3373 
5183 3860 3858 3861 
5184 3391 3392 3393 
5185 3375 3376 3377 
5186 3389 3390 3391 
5187 3873 3872 3874 
5188 3381 3382 3383 
5189 3377 3378 3379 
5190 3789 3790 3791 
5191 3905 4343 4964 
5192 3937 3936 5473 
5193 3379 3380 3381 
5194 3506 4349 5121 
5195 4497 3125 5497 
5196 4844 4426 5174 
5197 3439 3353 4200 
5198 3808 4400 4435 
5199 3273 4985 5444 
5200 3528 4162 5349 
5201 3301 3352 5122 
5202 5006 3417 5007 
5203 3776 3603 4925 
5204 3206 4418 4701 
5205 3276 3275 3277 
5206 3419 3418 4381 
5207 4447 3049 5278 
5208 3630 3562 3633 
5209 244 245 4515 
5210 4337 4716 5301 
5211 3588 3587 3619 
5212 3437 3367 5048 
5213 3772 4219 4777 
5214 3703 4171 5537 
5215 167 168 5219 
5216 3909 4353 4970 
5217 138 3054 5138 
5218 3716 3715 3740 
5219 4207 4032 5517 
5220 3508 3401 4870 
5221 3831 3675 5250 
5222 5125 3962 5508 
5223 1168 1167 4514 
5224 4439 3086 5326 
5225 3908 4470 5271 
5226 4152 3820 5492 
5227 3047 5090 5288 
5228 3140 3138 4552 
5229 4878 4179 5473 
5230 4359 4491 5216 
5231 1170 1169 3010 
5232 1169 1168 4553 
5233 3786 3749 4938 
5234 3282 3277 3283 
5235 4423 4421 5044 
5236 3172 3171 3187 
5237 3642 3644 5245 
5238 4490 4127 4491 
5239 4323 4313 5086 
5240 4068 4067 4069 
5241 5126 3091 5200 
5242 3036 3178 3179 
5243 3627 3843 5464 
5244 3058 4509 5056 
5245 3675 3677 5250 
5246 3726 3728 4972 
5247 3110 3117 5282 
5248 4385 3501 5283 
5249 4809 4434 5480 
5250 1171 1170 4560 
5251 3170 4315 5205 
5252 3424 4150 5078 
5253 3701 3672 3892 
5254 3115 3114 3171 
5255 4089 4367 5055 
5256 243 244 3062 
5257 4377 4532 5307 
5258 3126 3130 5455 
5259 3606 3768 4961 
5260 3257 4407 4911 
5261 4372 4046 4864 
5262 3188 3187 3198 
5263 4070 4069 4071 
5264 5141 3833 5269 
5265 4721 4256 4775 
5266 1172 1171 3067 
5267 3100 4384 5387 
5268 4306 5167 5479 
5269 4044 4624 5193 
5270 4052 4302 5225 
5271 1191 4403 5085 
5272 1153 4282 4406 
5273 3668 3783 4839 
5274 4442 4280 4444 
5275 3798 3977 5427 
5276 3519 3738 4837 
5277 4890 4106 5275 
5278 4756 3803 5359 
5279 3199 3198 4274 
5280 5157 4205 5235 
5281 4168 3834 4169 
5282 4017 4537 4538 
5283 3867 4703 5162 
5284 3785 3786 3787 
5285 3740 4250 4908 
5286 339 340 4509 
5287 3989 4521 4522 
5288 4297 4241 4463 
5289 1165 3089 4524 
5290 4648 4650 4683 
5291 3754 4277 5445 
5292 4186 4185 4861 
5293 3856 3854 3857 
5294 3305 3310 3311 
5295 3658 3661 4536 
5296 3113 3111 3114 
5297 3321 3322 3323 
5298 4036 4290 5527 
5299 1173 1172 4564 
5300 3329 3330 3331 
5301 3327 3328 3329 
5302 4509 4510 5056 
5303 3911 4239 5043 
5304 3673 3702 4397 
5305 3323 3324 3325 
5306 3325 3326 3327 
5307 4247 3653 5228 
5308 3862 3861 3864 
5309 4581 4010 5460 
5310 4383 3522 4535 
5311 5425 4889 5544 
5312 4345 3441 4914 
5313 229 230 2928 
5314 3174 4319 4950 
5315 340 341 2931 
5316 1174 1173 2942 
5317 3623 3816 4574 
5318 3258 3257 5335 
5319 4921 3752 5156 
5320 3368 5063 5319 
5321 3783 3763 4154 
5322 3596 3623 3690 
5323 3892 3672 4978 
5324 3803 4487 5359 
5325 3966 4891 5198 
5326 3780 3458 4530 
5327 2926 4886 5443 
5328 3264 3263 3265 
5329 3841 4526 4527 
5330 4205 4318 5188 
5331 4598 3074 5289 
5332 3064 4680 5457 
5333 3739 4112 4930 
5334 1175 1174 4572 
5335 3519 3523 3738 
5336 4433 4109 5348 
5337 3912 4799 5266 
5338 4947 4164 4948 
5339 4802 4776 5416 
5340 4536 4250 4909 
5341 4571 3417 5483 
5342 1176 1175 3071 
5343 4055 4053 5338 
5344 5060 4273 5506 
5345 3442 4991 5011 
5346 4054 4053 4055 
5347 3742 4345 4914 
5348 3266 3265 3267 
5349 1559 1560 4585 
5350 4957 4203 4958 
5351 3720 3682 3721 
5352 3828 4915 5026 
5353 1567 1568 4584 
5354 4534 5170 5484 
5355 3698 3575 4866 
5356 1552 1553 4595 
5357 3216 3214 4462 
5358 3184 5112 5543 
5359 1177 1176 4579 
5360 4164 4557 4948 
5361 3738 3739 4174 
5362 1549 1550 4605 
5363 4172 4495 5420 
5364 3698 4128 5551 
5365 8 133 4977 
5366 3173 4511 4850 
5367 3843 5054 5464 
5368 3501 4986 5283 
5369 1178 1177 2943 
5370 3735 4205 5157 
5371 3506 3898 4349 
5372 1180 1179 3072 
5373 4398 4835 5185 
5374 1179 1178 4587 
5375 3723 4167 4922 
5376 4056 4055 4057 
5377 4916 3443 4945 
5378 1182 1181 2944 
5379 1184 1183 3073 
5380 1186 1185 2945 
5381 5294 4166 5343 
5382 3837 5146 5334 
5383 4400 4197 4586 
5384 4102 4436 4545 
5385 1181 1180 4589 
5386 1188 1187 3074 
5387 3635 3956 4541 
5388 4112 4114 4211 
5389 1190 1189 2946 
5390 1183 1182 4591 
5391 1193 1192 3075 
5392 1195 1194 2947 
5393 3925 3772 4777 
5394 1185 1184 4594 
5395 5024 3193 5423 
5396 1187 1186 4597 
5397 4564 3067 5071 
5398 1198 1197 3076 
5399 3520 3519 4837 
5400 1189 1188 4598 
5401 1200 1199 2948 
5402 1194 1193 4599 
5403 3099 4846 4855 
5404 3840 4527 4866 
5405 1201 1200 4583 
5406 1203 1202 3077 
5407 3135 3134 3136 
5408 1205 1204 2949 
5409 1199 1198 4601 
5410 1206 1205 4588 
5411 1208 1207 3078 
5412 1202 1201 4602 
5413 1210 1209 2950 
5414 1204 1203 4604 
5415 1213 1212 3079 
5416 4823 3346 5139 
5417 1215 1214 2951 
5418 3846 3827 3847 
5419 1216 1215 4590 
5420 1207 1206 4606 
5421 1218 1217 3080 
5422 3256 4586 5546 
5423 1209 1208 4609 
5424 1220 1219 2952 
5425 1212 1211 4610 
5426 1214 1213 4611 
5427 4418 3208 5310 
5428 3038 4310 5294 
5429 1223 1222 3081 
5430 1217 1216 4612 
5431 3778 3922 3923 
5432 1226 1225 4600 
5433 4825 3120 5135 
5434 4285 3052 5309 
5435 1225 1224 2953 
5436 1219 1218 4615 
5437 1228 1227 3082 
5438 1230 1229 2954 
5439 1233 1232 3083 
5440 1222 1221 4616 
5441 3755 4278 5059 
5442 4434 3817 4477 
5443 1224 1223 4623 
5444 1235 1234 2955 
5445 4336 4725 5412 
5446 4125 4264 5163 
5447 1227 1226 4625 
5448 1229 1228 4626 
5449 1236 1235 4603 
5450 5340 3655 5523 
5451 1238 1237 3084 
5452 4220 3904 5313 
5453 4382 4093 5256 
5454 3293 3297 3298 
5455 1240 1239 2956 
5456 1563 1564 2936 
5457 1234 1233 4633 
5458 1243 1242 3085 
5459 1245 1244 2957 
5460 1561 1562 3068 
5461 1566 1567 3014 
5462 1246 1245 4607 
5463 3013 1166 4524 
5464 1569 1570 2935 
5465 1558 1559 2937 
5466 1237 1236 4639 
5467 1248 1247 3086 
5468 4365 4364 5542 
5469 1251 1250 4613 
5470 1556 1557 3069 
5471 1239 1238 4642 
5472 1250 1249 2958 
5473 1253 1252 3087 
5474 1255 1254 2959 
5475 1242 1241 4643 
5476 1571 1572 3070 
5477 1244 1243 4644 
5478 1256 1255 4614 
5479 3657 3656 3658 
5480 1554 1555 2940 
5481 3311 3312 3313 
5482 3710 3709 4938 
5483 1258 1257 3088 
5484 1247 1246 4645 
5485 4356 3202 4357 
5486 1261 1260 4617 
5487 1260 1259 2960 
5488 1249 1248 4651 
5489 1263 1262 3017 
5490 1573 1574 3016 
5491 1266 1265 2961 
5492 4987 4098 5524 
5493 1264 1263 4618 
5494 1254 1253 4652 
5495 1267 1266 4620 
5496 1562 1563 4621 
5497 3315 3316 3317 
5498 1269 1268 3018 
5499 3093 4457 5165 
5500 1257 1256 4657 
5501 1551 1552 3015 
5502 3458 3459 4530 
5503 1259 1258 4661 
5504 1272 1271 2962 
5505 1557 1558 4630 
5506 4531 3969 5092 
5507 1262 1261 4662 
5508 1570 1571 4634 
5509 3313 3314 3315 
5510 1576 1577 2933 
5511 1265 1264 4663 
5512 1560 1561 4627 
5513 1276 1275 4636 
5514 1275 1274 3019 
5515 1555 1556 4631 
5516 1268 1267 4664 
5517 4343 3670 4964 
5518 1568 1569 4629 
5519 1278 1277 2963 
5520 4555 3417 5006 
5521 1281 1280 3020 
5522 1282 1281 4640 
5523 1284 1283 2964 
5524 1285 1284 4641 
5525 1565 1566 4628 
5526 1274 1273 4668 
5527 4081 5183 5365 
5528 1287 1286 3021 
5529 1553 1554 4638 
5530 3505 4140 5107 
5531 1277 1276 4670 
5532 1290 1289 2965 
5533 1293 1292 3022 
5534 1296 1295 2966 
5535 1291 1290 4646 
5536 1280 1279 4672 
5537 4895 4218 5068 
5538 1283 1282 4673 
5539 4244 4072 5491 
5540 4498 4499 5465 
5541 4489 3958 5389 
5542 1294 1293 4648 
5543 3260 3258 3261 
5544 1299 1298 3023 
5545 1297 1296 4892 
5546 1286 1285 4677 
5547 1300 1299 4653 
5548 1550 1551 4647 
5549 1548 1549 3040 
5550 1302 1301 2967 
5551 1305 1304 3024 
5552 1289 1288 4682 
5553 1580 1581 2941 
5554 1308 1307 2968 
5555 1303 1302 4658 
5556 1306 1305 4659 
5557 4384 3089 5387 
5558 1309 1308 4660 
5559 4600 4131 4625 
5560 1295 1294 4683 
5561 1578 1579 3737 
5562 1311 1310 3025 
5563 1582 1583 3736 
5564 4353 3711 4970 
5565 4463 3724 4464 
5566 1314 1313 2969 
5567 1317 1316 3026 
5568 1320 1319 2970 
5569 1301 1300 4688 
5570 1315 1314 4666 
5571 1318 1317 4667 
5572 4449 3741 5481 
5573 1577 1578 4676 
5574 1304 1303 4689 
5575 1307 1306 4690 
5576 1322 1321 3825 
5577 1324 1323 3027 
5578 1310 1309 4692 
5579 1327 1326 2971 
5580 1313 1312 4694 
5581 3957 4541 5240 
5582 1329 1328 3868 
5583 4194 3131 4195 
5584 1316 1315 4695 
5585 1319 1318 4697 
5586 1321 1320 4698 
5587 1331 1330 3028 
5588 4599 3075 5086 
5589 1332 1331 4674 
5590 1579 1580 4671 
5591 1581 1582 4678 
5592 1323 1322 4700 
5593 3037 256 4413 
5594 1336 1335 3863 
5595 1584 1585 2934 
5596 1334 1333 2972 
5597 1338 1337 3029 
5598 1341 1340 2973 
5599 3640 4004 5210 
5600 1339 1338 4681 
5601 1328 1327 4702 
5602 1343 1342 3871 
5603 1330 1329 4704 
5604 1345 1344 3030 
5605 1346 1345 4684 
5606 4396 5269 5304 
5607 1348 1347 2974 
5608 1350 1349 3753 
5609 1333 1332 4707 
5610 1352 1351 3031 
5611 1355 1354 2975 
5612 1359 1358 3032 
5613 1362 1361 2976 
5614 1335 1334 4705 
5615 1583 1584 4693 
5616 1337 1336 4708 
5617 1353 1352 4685 
5618 1340 1339 4709 
5619 1357 1356 4147 
5620 1342 1341 4711 
5621 1360 1359 4686 
5622 1365 1364 3033 
5623 3946 3945 3947 
5624 5183 4422 5365 
5625 1363 1362 4687 
5626 1344 1343 4712 
5627 4262 4675 5227 
5628 1369 1368 2977 
5629 1547 1548 4669 
5630 1347 1346 4713 
5631 1376 1375 2978 
5632 1349 1348 4715 
5633 1351 1350 4716 
5634 1546 1547 3095 
5635 1356 1355 4719 
5636 1358 1357 4717 
5637 1371 1370 3406 
5638 1367 1366 3624 
5639 1361 1360 4718 
5640 1380 1379 2999 
5641 1374 1373 4699 
5642 1364 1363 4720 
5643 3713 4262 5227 
5644 1373 1372 3405 
5645 1585 1586 4706 
5646 1378 1377 3844 
5647 1384 1383 2979 
5648 1388 1387 3000 
5649 1392 1391 2980 
5650 1382 1381 3647 
5651 1366 1365 4729 
5652 1386 1385 3805 
5653 4731 4201 5054 
5654 1370 1369 4728 
5655 1368 1367 4723 
5656 4500 4231 5372 
5657 1396 1395 3001 
5658 1375 1374 4724 
5659 1390 1389 3680 
5660 1377 1376 4739 
5661 3332 3369 4915 
5662 1394 1393 3832 
5663 1142 1143 4506 
5664 1372 1371 4732 
5665 5175 4267 5524 
5666 3617 4001 5197 
5667 1379 1378 4730 
5668 4867 4271 4876 
5669 1400 1399 2981 
5670 1381 1380 4747 
5671 1586 23 4340 
5672 1404 1403 3002 
5673 1408 1407 2982 
5674 4341 4598 5289 
5675 1545 1546 4710 
5676 4922 3306 5550 
5677 1383 1382 4740 
5678 1398 1397 3725 
5679 1385 1384 4749 
5680 1387 1386 4742 
5681 1402 1401 3803 
5682 3130 3128 3131 
5683 1412 1411 3003 
5684 1389 1388 4751 
5685 1391 1390 4743 
5686 1393 1392 4752 
5687 1252 1251 4934 
5688 1406 1405 4018 
5689 3597 3996 5187 
5690 1395 1394 4750 
5691 1410 1409 3747 
5692 3505 3890 4140 
5693 1414 1413 3694 
5694 1416 1415 2983 
5695 1420 1419 3004 
5696 1424 1423 2984 
5697 1428 1427 3005 
5698 1433 1432 2985 
5699 1397 1396 4759 
5700 1418 1417 3990 
5701 4188 5226 5329 
5702 1401 1400 4760 
5703 1403 1402 4756 
5704 1405 1404 4762 
5705 1422 1421 3988 
5706 1407 1406 4757 
5707 4659 4390 4690 
5708 1426 1425 3992 
5709 1431 1430 4721 
5710 1435 1434 3333 
5711 1411 1410 4761 
5712 1413 1412 4766 
5713 1430 1429 3632 
5714 1442 1441 2986 
5715 1451 1450 2987 
5716 1415 1414 4767 
5717 3536 3537 4839 
5718 1417 1416 4778 
5719 1419 1418 4768 
5720 1440 1439 4725 
5721 1439 1438 3340 
5722 1444 1443 3334 
5723 1421 1420 4779 
5724 1423 1422 4769 
5725 1425 1424 4780 
5726 1427 1426 4773 
5727 1448 1447 3341 
5728 1452 1451 4722 
5729 1432 1431 4775 
5730 1434 1433 4781 
5731 1437 1436 3259 
5732 1449 1448 4727 
5733 1429 1428 4782 
5734 1454 1453 3335 
5735 1354 1353 4944 
5736 1446 1445 3256 
5737 1460 1459 2988 
5738 1465 1464 2997 
5739 1470 1469 2989 
5740 1475 1474 2998 
5741 1480 1479 2990 
5742 1456 1455 3295 
5743 3609 3982 4534 
5744 1458 1457 3782 
5745 1461 1460 4733 
5746 1443 1442 4785 
5747 1436 1435 4787 
5748 1466 1465 4734 
5749 1450 1449 4783 
5750 1463 1462 3613 
5751 1471 1470 4735 
5752 1438 1437 4784 
5753 1445 1444 4789 
5754 1476 1475 4737 
5755 1481 1480 4738 
5756 1453 1452 4788 
5757 1447 1446 4786 
5758 1468 1467 4091 
5759 1490 1489 2991 
5760 1500 1499 2992 
5761 1511 1510 2993 
5762 3125 3118 3126 
5763 1473 1472 3885 
5764 1455 1454 4796 
5765 1292 1291 4949 
5766 1459 1458 4790 
5767 1478 1477 3766 
5768 1457 1456 4797 
5769 1464 1463 4791 
5770 4175 4656 5393 
5771 3926 4481 4512 
5772 1483 1482 3336 
5773 1469 1468 4793 
5774 1462 1461 4798 
5775 4235 4337 5301 
5776 1491 1490 4754 
5777 1474 1473 4794 
5778 1488 1487 4763 
5779 1467 1466 4800 
5780 1479 1478 4795 
5781 1501 1500 4755 
5782 1487 1486 3342 
5783 1522 1521 2994 
5784 1533 1532 2995 
5785 1472 1471 4804 
5786 1493 1492 3337 
5787 1497 1496 3343 
5788 1477 1476 4805 
5789 1498 1497 4776 
5790 1503 1502 3338 
5791 1485 1484 3237 
5792 1489 1488 4801 
5793 1507 1506 3344 
5794 3675 3649 3676 
5795 1499 1498 4802 
5796 3764 4166 4310 
5797 1514 1513 3339 
5798 1495 1494 3234 
5799 1492 1491 4808 
5800 1525 1524 3280 
5801 1484 1483 4810 
5802 1505 1504 3231 
5803 1486 1485 4806 
5804 1530 1529 3345 
5805 1510 1509 4803 
5806 1509 1508 3906 
5807 1518 1517 3346 
5808 3824 3797 3826 
5809 1494 1493 4813 
5810 1523 1522 4764 
5811 1496 1495 4809 
5812 3035 4399 5448 
5813 1504 1503 4816 
5814 1506 1505 4811 
5815 1508 1507 4819 
5816 1516 1515 3281 
5817 1528 1527 3279 
5818 1524 1523 4815 
5819 1521 1520 4807 
5820 1515 1514 4821 
5821 3891 5082 5083 
5822 4425 4426 5337 
5823 1529 1528 4818 
5824 1520 1519 3916 
5825 1517 1516 4820 
5826 4545 3079 4905 
5827 4145 4765 5035 
5828 1519 1518 4823 
5829 3722 3721 3723 
5830 3538 3536 3705 
5831 3210 4548 5436 
5832 3752 4236 5156 
5833 3972 4301 4746 
5834 4364 5201 5223 
5835 4470 4343 4475 
5836 1288 1287 4966 
5837 3137 3136 3138 
5838 5110 4480 5161 
5839 3818 4814 5149 
5840 3724 3723 3746 
5841 3117 3112 3118 
5842 4256 4721 5066 
5843 242 243 4691 
5844 3439 4200 4665 
5845 3603 3530 4925 
5846 3522 3529 4535 
5847 3815 4411 5042 
5848 3804 3642 5245 
5849 5316 3528 5349 
5850 4746 3831 5250 
5851 5229 4714 5284 
5852 3288 3291 3292 
5853 1163 3100 5387 
5854 1196 4460 5067 
5855 4265 4019 5391 
5856 4077 4133 4134 
5857 3875 4875 5052 
5858 3139 3138 3140 
5859 3848 3847 3849 
5860 4641 2964 5333 
5861 245 2926 4515 
5862 1534 1533 4765 
5863 4741 4895 5068 
5864 4180 3641 5548 
5865 3298 3299 3300 
5866 3850 3849 3851 
5867 3284 3226 4505 
5868 341 342 4563 
5869 3715 3634 4951 
5870 3302 3303 3304 
5871 1575 1576 4937 
5872 3300 3301 3302 
5873 3706 3705 3833 
5874 3852 3851 3853 
5875 3059 4442 4443 
5876 1143 1144 2930 
5877 4262 4485 5189 
5878 3954 4218 4895 
5879 3938 3937 3939 
5880 3896 4350 4845 
5881 4181 3836 4182 
5882 3507 4921 5308 
5883 4900 3985 5402 
5884 3922 3776 4925 
5885 3242 3241 3243 
5886 3865 3864 4388 
5887 4725 4336 4726 
5888 4488 2981 5123 
5889 3464 3829 4143 
5890 3009 253 4417 
5891 4984 3513 5518 
5892 4486 4209 5080 
5893 4619 4078 5338 
5894 3705 3536 4839 
5895 4483 3054 4576 
5896 3548 3606 4961 
5897 3529 3571 4535 
5898 1572 1573 5008 
5899 3020 4672 4878 
5900 4246 4245 5411 
5901 3835 3729 3836 
5902 3244 3243 3245 
5903 4329 5035 5396 
5904 4098 4097 4099 
5905 4200 3262 5335 
5906 3816 4395 5492 
5907 1512 4480 5110 
5908 4023 4027 5002 
5909 3784 3785 5244 
5910 3179 3180 3181 
5911 1167 3013 4514 
5912 3725 4488 5123 
5913 3059 248 4441 
5914 5262 5263 5276 
5915 3642 3628 3643 
5916 3034 1159 4307 
5917 4236 5229 5284 
5918 3243 3241 4912 
5919 3820 3689 3877 
5920 4843 4145 5293 
5921 3688 4870 5280 
5922 3793 3791 3794 
5923 4923 5106 5413 
5924 3569 3567 3878 
5925 3318 3321 4939 
5926 2932 250 4428 
5927 1535 1534 4843 
5928 3659 4909 5417 
5929 342 343 3061 
5930 3693 3744 3745 
5931 3444 4945 5037 
5932 4481 3289 5119 
5933 3056 4549 4847 
5934 3917 3572 4529 
5935 4548 3210 4550 
5936 3097 4303 4304 
5937 3187 4324 5362 
5938 3524 3695 4568 
5939 3964 5066 5249 
5940 133 134 5125 
5941 3133 3134 3135 
5942 4482 3066 5547 
5943 3283 3286 3287 
5944 4749 4741 5068 
5945 4157 5425 5544 
5946 4203 3659 5417 
5947 3005 4773 5093 
5948 4616 4372 4864 
5949 3677 3676 3678 
5950 4071 4073 4074 
5951 3357 4883 5388 
5952 4276 3821 5383 
5953 4231 4832 5372 
5954 4230 4501 4680 
5955 3928 3882 3929 
5956 3668 3763 3783 
5957 3968 3731 4982 
5958 3861 3858 4956 
5959 1279 1278 5003 
5960 241 242 3011 
5961 2936 5070 5331 
5962 4882 3712 4973 
5963 3610 3147 3821 
5964 228 229 4547 
5965 4578 4009 5177 
5966 4201 3953 5054 
5967 2943 4580 4581 
5968 3135 3137 3155 
5969 4528 4139 5176 
5970 3695 3697 4567 
5971 1273 1272 5041 
5972 4292 3883 4293 
5973 3768 3887 4961 
5974 3062 4517 4691 
5975 4261 4336 5412 
5976 4344 4322 4830 
5977 4059 4061 4862 
5978 25 1152 5442 
5979 4542 1589 4543 
5980 4016 4376 5475 
5981 3141 3140 3142 
5982 4935 3447 4936 
5983 4258 4872 5513 
5984 3810 3581 3883 
5985 4467 5211 5454 
5986 4549 4825 4847 
5987 3902 3905 4964 
5988 4082 3970 4753 
5989 4523 3688 5280 
5990 3447 4935 5140 
5991 1536 1535 3152 
5992 4846 3986 4855 
5993 3429 3365 3654 
5994 3190 3160 3361 
5995 4088 4872 5046 
5996 4135 4284 5311 
5997 3907 3909 4970 
5998 3098 1161 4977 
5999 1312 1311 5053 
6000 3687 3599 3688 
6001 3904 3614 5025 
6002 4356 4357 5302 
6003 4191 3206 5361 
6004 3464 4143 5075 
6005 4043 4842 4990 
6006 4112 4211 4930 
6007 3362 3361 3416 
6008 3789 3787 3790 
6009 3173 4299 5407 
6010 3402 4861 5505 
6011 3758 3652 5087 
6012 2985 4775 5321 
6013 163 164 5402 
6014 3708 3980 4051 
6015 4680 4501 4836 
6016 3910 4178 4906 
6017 3158 3149 3159 
6018 4065 4067 4068 
6019 4831 3899 5105 
6020 227 228 3056 
6021 4565 4564 5071 
6022 3690 3623 4574 
6023 3974 3555 5208 
6024 4703 3867 5163 
6025 3854 3853 4432 
6026 3779 3458 3780 
6027 3271 3275 3276 
6028 4106 4890 5178 
6029 5052 4875 5476 
6030 4393 3122 5282 
6031 1168 4514 4553 
6032 3048 4450 4999 
6033 4705 4491 5346 
6034 4057 4059 4063 
6035 3551 3587 3588 
6036 1298 1297 5057 
6037 4958 4203 5417 
6038 3010 1169 4553 
6039 4302 4620 5225 
6040 3706 3960 3961 
6041 2926 246 4461 
6042 4654 4085 4891 
6043 4784 4485 5412 
6044 5190 4159 5329 
6045 1211 1210 5051 
6046 4212 3780 4269 
6047 1539 1538 4857 
6048 3875 3663 4875 
6049 3663 3574 3717 
6050 338 3058 4471 
6051 1564 1565 5070 
6052 3198 3187 5362 
6053 3631 3965 4566 
6054 3795 3794 3798 
6055 4653 4654 4655 
6056 4407 4951 5116 
6057 3241 3253 4912 
6058 3532 3526 3533 
6059 4392 4342 5289 
6060 3760 5133 5409 
6061 3644 3643 3645 
6062 4443 4445 4886 
6063 4850 4511 5376 
6064 3180 3178 4556 
6065 3089 1164 5387 
6066 3305 3311 4960 
6067 1537 1536 4860 
6068 4153 5072 5230 
6069 3706 3961 5380 
6070 3646 3645 3837 
6071 3609 3732 3982 
6072 3504 4023 5002 
6073 4373 4981 5020 
6074 1170 3010 4560 
6075 5133 3760 5173 
6076 3785 3749 3786 
6077 3125 5299 5497 
6078 3697 3925 4567 
6079 4832 3498 5372 
6080 3827 3826 4465 
6081 4342 4341 5289 
6082 4426 3876 4427 
6083 4443 4444 4445 
6084 3139 3141 3156 
6085 4582 4011 5171 
6086 2980 4744 4745 
6087 3708 3685 3712 
6088 5185 4835 5264 
6089 4494 4861 5323 
6090 1543 1542 3169 
6091 4917 3050 5545 
6092 4411 3952 5221 
6093 1221 1220 5084 
6094 3821 3147 5130 
6095 5142 5407 5441 
6096 2984 4770 4771 
6097 3951 4053 4054 
6098 3607 3549 5078 
6099 3699 4010 5171 
6100 3299 4209 5466 
6101 3129 3127 4873 
6102 4484 4483 4576 
6103 3519 3517 3523 
6104 3494 3536 3538 
6105 3945 3944 5454 
6106 4578 3072 5460 
6107 4873 3127 4952 
6108 3980 3712 4248 
6109 3117 4393 5282 
6110 4848 4823 5139 
6111 3067 1171 4560 
6112 3893 3894 3895 
6113 5024 3191 5400 
6114 3590 3801 5063 
6115 4401 4331 5399 
6116 3646 3837 5101 
6117 1538 1537 3150 
6118 4537 4016 4758 
6119 3562 3439 4665 
6120 3490 3492 3497 
6121 3901 5149 5273 
6122 5381 3511 5398 
6123 24 3148 5214 
6124 4397 3702 4398 
6125 3929 3931 4834 
6126 3740 4120 4250 
6127 5046 5259 5368 
6128 3913 3612 5055 
6129 4917 4945 5286 
6130 3261 3263 3264 
6131 3701 3892 3893 
6132 1540 1539 4871 
6133 4068 4069 4070 
6134 4902 3372 5314 
6135 3674 4216 5520 
6136 3926 4512 5096 
6137 3969 4531 5016 
6138 4070 4071 4532 
6139 3689 3688 4523 
6140 4489 5389 5482 
6141 5149 4814 5273 
6142 4828 3308 5096 
6143 3115 3171 3172 
6144 3513 3419 4381 
6145 3944 4467 5454 
6146 4274 3198 5377 
6147 3464 3331 3828 
6148 3276 3277 3282 
6149 1542 1541 4853 
6150 4320 3228 5019 
6151 4105 4108 4249 
6152 240 241 4539 
6153 3943 3945 3946 
6154 3783 4154 4396 
6155 4404 4156 5514 
6156 3778 3776 3922 
6157 1172 3067 4564 
6158 4589 4578 5177 
6159 1587 1588 4272 
6160 4858 4081 5365 
6161 3518 4568 5281 
6162 3832 4752 5341 
6163 3588 3619 3741 
6164 3486 3488 3496 
6165 3610 4276 4277 
6166 4538 4463 5469 
6167 3829 3828 3830 
6168 4215 4917 5545 
6169 1399 1398 5123 
6170 4280 4442 5115 
6171 3172 3187 3188 
6172 4099 4101 4106 
6173 3787 3786 4558 
6174 3101 258 4542 
6175 3113 3114 3115 
6176 164 165 5489 
6177 4281 4675 5203 
6178 3577 3752 4921 
6179 3107 3105 4551 
6180 3179 3178 3180 
6181 3790 4559 5012 
6182 3582 3810 3819 
6183 3135 3136 3137 
6184 3482 3484 3498 
6185 3165 3194 4319 
6186 4895 3804 5245 
6187 343 344 4840 
6188 3459 3468 4530 
6189 3626 3656 3657 
6190 4182 4184 4881 
6191 4287 3430 5091 
6192 3986 4900 5402 
6193 4510 4315 5056 
6194 3478 3480 3499 
6195 3560 3594 3774 
6196 3054 4483 5138 
6197 4198 3740 4908 
6198 3255 3258 3260 
6199 3510 3581 3582 
6200 3188 3198 3199 
6201 3652 3565 5087 
6202 3347 3267 4493 
6203 3190 3362 3364 
6204 3502 3556 3563 
6205 3331 3332 4915 
6206 3250 3252 3420 
6207 3158 3160 3189 
6208 3436 3590 5063 
6209 4115 4116 5212 
6210 3428 3429 3510 
6211 4477 5416 5480 
6212 4382 4767 5462 
6213 4514 3013 4557 
6214 4049 4097 4098 
6215 3242 3244 3726 
6216 3474 3476 3500 
6217 4931 4235 5352 
6218 3293 3298 4976 
6219 3470 3472 3501 
6220 4056 4562 4918 
6221 3830 4447 5278 
6222 4045 4047 4478 
6223 2942 1173 4564 
6224 4039 4042 4043 
6225 3798 4571 5483 
6226 3189 3190 4913 
6227 3418 3216 4462 
6228 3909 4812 5270 
6229 4054 4055 4056 
6230 3245 3248 3273 
6231 4035 4037 4040 
6232 3935 3937 3938 
6233 3968 4894 5100 
6234 3058 339 4509 
6235 4027 4031 4160 
6236 1541 1540 3151 
6237 3364 3365 3428 
6238 4056 4057 4562 
6239 3347 4494 5323 
6240 3768 3886 3887 
6241 3738 3523 3739 
6242 4524 3089 4947 
6243 3695 4567 4568 
6244 4349 3898 4350 
6245 3971 4992 5239 
6246 4422 4423 5365 
6247 3148 3149 3157 
6248 4082 4874 5528 
6249 2977 4723 4841 
6250 3549 3424 5078 
6251 3730 3969 5016 
6252 3533 4837 4867 
6253 5182 4395 5345 
6254 3047 4394 5090 
6255 3857 4432 4433 
6256 3282 3283 4978 
6257 3137 3138 3139 
6258 4960 3359 5242 
6259 3726 3727 3728 
6260 3728 3729 3834 
6261 4364 3792 5201 
6262 1531 4569 5099 
6263 3062 4516 4517 
6264 4374 4183 5444 
6265 3818 4434 5191 
6266 4917 4916 4945 
6267 3505 3317 3842 
6268 3883 3581 5104 
6269 3685 3684 4753 
6270 4428 4279 5452 
6271 3264 3265 3266 
6272 3060 1155 4362 
6273 1174 2942 4572 
6274 4068 4070 4888 
6275 4467 4668 5041 
6276 3034 4307 5269 
6277 3266 3267 3347 
6278 3116 5058 5376 
6279 4309 3888 5493 
6280 4408 3426 4988 
6281 3538 3705 3706 
6282 3456 3458 3779 
6283 1241 1240 5144 
6284 3890 3842 3891 
6285 3739 3523 4111 
6286 3534 4541 5533 
6287 4496 4755 5370 
6288 3654 3365 5131 
6289 4462 4900 5108 
6290 4581 4580 4582 
6291 4247 4529 5160 
6292 4438 4818 5332 
6293 3880 3882 3928 
6294 3961 4680 4836 
6295 3133 3135 4556 
6296 3421 3452 3583 
6297 4216 4744 5358 
6298 4846 3099 5426 
6299 3135 3155 4556 
6300 3410 3412 3704 
6301 3602 3735 5369 
6302 3317 3318 4939 
6303 4078 4619 5206 
6304 3706 3833 3960 
6305 165 9 5404 
6306 3071 1175 4572 
6307 3239 3241 3242 
6308 4088 5046 5047 
6309 4945 3444 5286 
6310 5026 3399 5027 
6311 3650 4007 5124 
6312 3230 3233 3246 
6313 3946 3947 4050 
6314 3397 3407 3584 
6315 3393 3395 3662 
6316 4388 3864 4656 
6317 3657 3659 4203 
6318 3634 3633 4951 
6319 3126 3127 3128 
6320 3661 3718 5297 
6321 3579 3601 3636 
6322 4140 3890 4394 
6323 1197 1196 5067 
6324 3547 3553 3554 
6325 23 3123 5497 
6326 3389 3391 3445 
6327 3795 3798 4856 
6328 4459 4661 5322 
6329 3543 3545 3769 
6330 3450 3539 3580 
6331 3385 3387 3444 
6332 3858 3857 4956 
6333 4454 3092 5109 
6334 3369 3399 4915 
6335 3381 3383 3443 
6336 1192 1191 5085 
6337 3801 4370 4371 
6338 1176 3071 4579 
6339 4493 3269 4910 
6340 4293 4505 5220 
6341 4347 3007 4974 
6342 3264 3266 3402 
6343 3364 3428 5383 
6344 3592 3596 5080 
6345 3369 3371 3399 
6346 3377 3379 3435 
6347 3373 3375 3446 
6348 4112 4111 4113 
6349 3708 4051 5089 
6350 3062 244 4515 
6351 3115 3172 4083 
6352 4454 2925 4455 
6353 1502 1501 5164 
6354 3090 2927 3091 
6355 4071 4074 4532 
6356 5087 3615 5238 
6357 1325 1324 5127 
6358 3872 3865 4388 
6359 3506 3304 3897 
6360 3260 3261 4637 
6361 3657 3658 3659 
6362 344 345 2924 
6363 3222 4293 5220 
6364 3304 3305 4960 
6365 4745 4746 5341 
6366 4517 4518 4519 
6367 4114 4113 4240 
6368 1232 1231 5102 
6369 4136 4993 5350 
6370 3416 3974 4119 
6371 3188 3199 3639 
6372 3891 3842 5418 
6373 3212 5129 5477 
6374 3010 4553 4554 
6375 3938 3939 4117 
6376 2943 1177 4579 
6377 3898 3897 3899 
6378 4988 3563 5298 
6379 4007 4472 4893 
6380 4143 3829 4999 
6381 4429 3974 5208 
6382 3206 4701 5361 
6383 3430 3284 4505 
6384 3139 3140 3141 
6385 3110 3111 3112 
6386 4432 3853 4577 
6387 3615 4903 5238 
6388 4773 4774 5093 
6389 3961 3960 3962 
6390 4427 3875 5052 
6391 3194 3205 4950 
6392 4277 4276 5445 
6393 3798 3794 3977 
6394 3056 4548 4549 
6395 3460 4478 5524 
6396 3276 3282 3671 
6397 3329 3331 3464 
6398 1178 2943 4587 
6399 2929 5135 5405 
6400 4215 4916 4917 
6401 4435 4400 5501 
6402 3325 3327 3463 
6403 3072 1179 4587 
6404 3638 3685 3708 
6405 4465 3826 4555 
6406 3009 4417 4418 
6407 3877 3689 4523 
6408 4620 4302 4664 
6409 4212 4269 4389 
6410 3847 3827 4465 
6411 3321 3323 3356 
6412 4991 3938 5011 
6413 4541 3956 5240 
6414 1180 3072 4589 
6415 3779 3780 4212 
6416 4027 4160 5002 
6417 3857 3854 4432 
6418 3588 3741 3742 
6419 3556 3558 4920 
6420 2944 1181 4589 
6421 3292 3293 4976 
6422 1182 2944 4591 
6423 3073 1183 4591 
6424 4175 5428 5431 
6425 1184 3073 4594 
6426 3936 4878 5473 
6427 4062 5206 5519 
6428 2945 1185 4594 
6429 1186 2945 4597 
6430 2943 4581 4587 
6431 3864 3861 4190 
6432 3074 1187 4597 
6433 1188 3074 4598 
6434 4064 4459 5322 
6435 3315 3317 3505 
6436 226 227 4847 
6437 2946 1189 4598 
6438 4886 4445 5451 
6439 1193 3075 4599 
6440 2947 1194 4599 
6441 3928 3929 3979 
6442 4369 4090 5047 
6443 3311 3313 3359 
6444 3609 3607 3732 
6445 3971 4453 4992 
6446 3678 3799 3800 
6447 3921 3917 4529 
6448 3797 3795 4856 
6449 3851 3849 3866 
6450 3158 3189 5050 
6451 1198 3076 4601 
6452 4181 4182 4187 
6453 3145 3147 3610 
6454 1200 2948 4583 
6455 2948 1199 4601 
6456 3126 3118 3127 
6457 3645 3643 4151 
6458 3659 3658 4536 
6459 3997 3994 5246 
6460 3835 3836 4181 
6461 3976 4994 5151 
6462 3791 3790 5012 
6463 1201 4583 4602 
6464 3882 3881 5557 
6465 3633 3562 4665 
6466 3077 1202 4602 
6467 1532 1531 5099 
6468 3290 4446 5459 
6469 1203 3077 4604 
6470 3639 3755 3970 
6471 3682 3679 5106 
6472 1205 2949 4588 
6473 3302 3304 3506 
6474 2949 1204 4604 
6475 3740 3715 4120 
6476 4842 3415 5097 
6477 3298 3300 3366 
6478 3242 3243 3244 
6479 1206 4588 4606 
6480 5091 3883 5104 
6481 3078 1207 4606 
6482 1208 3078 4609 
6483 3108 3109 3110 
6484 1513 1512 5110 
6485 5130 3177 5158 
6486 2950 1209 4609 
6487 4655 4654 4891 
6488 1215 2951 4590 
6489 4477 3817 4906 
6490 1213 3079 4611 
6491 3079 1212 4610 
6492 2951 1214 4611 
6493 4195 3131 4869 
6494 3790 3787 4558 
6495 1216 4590 4612 
6496 3209 3181 4850 
6497 4075 4077 4865 
6498 3671 3672 3673 
6499 3080 1217 4612 
6500 1527 1526 5132 
6501 1218 3080 4615 
6502 4487 3750 5359 
6503 3938 4117 5011 
6504 2952 1219 4615 
6505 4224 4917 5286 
6506 3678 3676 3799 
6507 3081 1222 4616 
6508 4120 3715 4951 
6509 3673 3701 3702 
6510 2927 3096 5200 
6511 1225 2953 4600 
6512 1223 3081 4623 
6513 2953 1224 4623 
6514 1226 4600 4625 
6515 3082 1227 4625 
6516 1228 3082 4626 
6517 2954 1229 4626 
6518 3723 3721 4167 
6519 3181 3180 4299 
6520 4508 3781 5043 
6521 4836 4929 5380 
6522 1233 3083 4633 
6523 1235 2955 4603 
6524 2998 4794 5243 
6525 2955 1234 4633 
6526 2937 1559 4585 
6527 3922 4925 4955 
6528 3014 1567 4584 
6529 3886 4258 4933 
6530 3794 3791 5012 
6531 4775 4256 5321 
6532 4504 4015 5071 
6533 1236 4603 4639 
6534 4585 1560 4627 
6535 3084 1237 4639 
6536 1238 3084 4642 
6537 4874 4083 5528 
6538 2956 1239 4642 
6539 1245 2957 4607 
6540 4266 3119 5371 
6541 3085 1242 4643 
6542 1243 3085 4644 
6543 4584 1568 4629 
6544 2957 1244 4644 
6545 4653 4655 4688 
6546 3141 3142 3143 
6547 1246 4607 4645 
6548 4595 1553 4638 
6549 3086 1247 4645 
6550 3105 3103 3120 
6551 3015 1552 4595 
6552 1250 2958 4613 
6553 1248 3086 4651 
6554 4528 4643 5144 
6555 4906 4178 5416 
6556 3176 3168 3177 
6557 2958 1249 4651 
6558 1255 2959 4614 
6559 4080 3758 4429 
6560 1253 3087 4652 
6561 2959 1254 4652 
6562 4455 2925 4898 
6563 1256 4614 4657 
6564 3190 3364 4913 
6565 3088 1257 4657 
6566 4913 3821 5158 
6567 4398 3702 4468 
6568 1260 2960 4617 
6569 1258 3088 4661 
6570 4605 1550 4647 
6571 1263 3017 4618 
6572 2960 1259 4661 
6573 1266 2961 4620 
6574 3164 4319 5354 
6575 1261 4617 4662 
6576 3017 1262 4662 
6577 3810 3883 4292 
6578 3464 3828 3829 
6579 2961 1265 4663 
6580 4370 3813 5010 
6581 1264 4618 4663 
6582 1563 2936 4621 
6583 3878 4838 5074 
6584 3068 1562 4621 
6585 1267 4620 4664 
6586 3610 3821 4276 
6587 3018 1268 4664 
6588 4057 4063 4562 
6589 2935 1570 4634 
6590 1558 2937 4630 
6591 3040 1549 4605 
6592 1561 3068 4627 
6593 4525 3889 5347 
6594 3069 1557 4630 
6595 4463 4464 5469 
6596 1569 2935 4629 
6597 1275 3019 4636 
6598 1571 3070 4634 
6599 1566 3014 4628 
6600 1556 3069 4631 
6601 3019 1274 4668 
6602 2940 1555 4631 
6603 1251 4613 4934 
6604 1276 4636 4670 
6605 3112 3111 3113 
6606 2942 4564 4565 
6607 3087 1252 4934 
6608 3739 4111 4112 
6609 1281 3020 4640 
6610 2963 1277 4670 
6611 1284 2964 4641 
6612 3020 1280 4672 
6613 1554 2940 4638 
6614 2980 4745 4752 
6615 3110 3109 3111 
6616 1282 4640 4673 
6617 2964 1283 4673 
6618 3649 3646 5101 
6619 3671 3282 3672 
6620 3386 4562 5213 
6621 1285 4641 4677 
6622 3190 3361 3362 
6623 3021 1286 4677 
6624 4544 4738 5429 
6625 1290 2965 4646 
6626 2965 1289 4682 
6627 1293 3022 4648 
6628 3708 3712 3980 
6629 4477 4906 5416 
6630 3505 3842 3890 
6631 1296 2966 4892 
6632 2984 4771 4780 
6633 4112 4113 4114 
6634 2966 1295 4683 
6635 5106 3679 5413 
6636 3129 4873 4874 
6637 1294 4648 4683 
6638 2939 3039 5547 
6639 1551 3015 4647 
6640 1299 3023 4653 
6641 3673 3672 3701 
6642 4694 4365 5542 
6643 4111 4984 5518 
6644 3321 3356 4939 
6645 1302 2967 4658 
6646 1305 3024 4659 
6647 1300 4653 4688 
6648 3742 3741 4294 
6649 4679 4196 5157 
6650 3158 3159 3160 
6651 2967 1301 4688 
6652 1308 2968 4660 
6653 3024 1304 4689 
6654 1303 4658 4689 
6655 2968 1307 4690 
6656 1306 4659 4690 
6657 3506 3897 3898 
6658 2933 1577 4676 
6659 4122 4869 4942 
6660 1309 4660 4692 
6661 3213 4170 5305 
6662 3025 1310 4692 
6663 340 2931 4509 
6664 4114 4240 4846 
6665 3779 4212 4926 
6666 1314 2969 4666 
6667 4416 4243 5240 
6668 1317 3026 4667 
6669 3800 3799 4928 
6670 4013 4573 5153 
6671 2969 1313 4694 
6672 3026 1316 4695 
6673 4141 5257 5258 
6674 3128 3127 3129 
6675 1315 4666 4695 
6676 2970 1319 4697 
6677 3828 3331 4915 
6678 3639 3199 3755 
6679 1318 4667 4697 
6680 1320 2970 4698 
6681 3418 4462 5108 
6682 4672 4179 4878 
6683 4139 4026 5312 
6684 3059 4441 4442 
6685 3825 1321 4698 
6686 1322 3825 4700 
6687 1291 4646 4949 
6688 3027 1323 4700 
6689 3982 3732 4827 
6690 3022 1292 4949 
6691 1578 3737 4676 
6692 1327 2971 4702 
6693 5069 3967 5100 
6694 3868 1328 4702 
6695 1329 3868 4704 
6696 1331 3028 4674 
6697 2941 1581 4678 
6698 1580 2941 4671 
6699 239 240 4898 
6700 3139 3156 5065 
6701 3028 1330 4704 
6702 1287 3021 4966 
6703 3737 1579 4671 
6704 4074 4075 5291 
6705 1582 3736 4678 
6706 3893 3895 5038 
6707 1332 4674 4707 
6708 1338 3029 4681 
6709 3863 1335 4705 
6710 1336 3863 4708 
6711 2972 1333 4707 
6712 1334 2972 4705 
6713 1544 1543 4852 
6714 3029 1337 4708 
6715 2973 1340 4709 
6716 1339 4681 4709 
6717 4682 1288 4966 
6718 1341 2973 4711 
6719 3970 3755 4348 
6720 4053 4079 5338 
6721 3871 1342 4711 
6722 3736 1583 4693 
6723 1345 3030 4684 
6724 1343 3871 4712 
6725 1548 3040 4669 
6726 3071 4572 4573 
6727 3030 1344 4712 
6728 1346 4684 4713 
6729 1352 3031 4685 
6730 2974 1347 4713 
6731 1359 3032 4686 
6732 1348 2974 4715 
6733 3753 1349 4715 
6734 1350 3753 4716 
6735 4190 3861 4956 
6736 3031 1351 4716 
6737 1362 2976 4687 
6738 1355 2975 4719 
6739 3032 1358 4717 
6740 2976 1361 4718 
6741 1586 4340 4706 
6742 1357 4147 4717 
6743 4147 1356 4719 
6744 4097 4096 5390 
6745 1360 4686 4718 
6746 3033 1364 4720 
6747 1584 2934 4693 
6748 3977 5013 5427 
6749 4007 4593 5124 
6750 5102 4360 5494 
6751 1363 4687 4720 
6752 3726 3244 3727 
6753 1365 3033 4729 
6754 4758 3747 5285 
6755 1369 2977 4728 
6756 2977 1368 4723 
6757 3728 3727 3729 
6758 3624 1366 4729 
6759 1353 4685 4944 
6760 2975 1354 4944 
6761 3834 3729 3835 
6762 2978 1375 4724 
6763 1376 2978 4739 
6764 3406 1370 4728 
6765 1367 3624 4723 
6766 3582 3581 3810 
6767 2934 1585 4706 
6768 5001 3220 5525 
6769 1373 3405 4699 
6770 1371 3406 4732 
6771 1374 4699 4724 
6772 2999 1379 4730 
6773 1380 2999 4747 
6774 3405 1372 4732 
6775 3844 1377 4739 
6776 3510 3429 3581 
6777 1378 3844 4730 
6778 3647 1381 4747 
6779 2979 1383 4740 
6780 1384 2979 4749 
6781 1382 3647 4740 
6782 3000 1387 4742 
6783 1576 2933 4937 
6784 3095 1547 4669 
6785 1386 3805 4742 
6786 3805 1385 4749 
6787 3070 1572 5008 
6788 1388 3000 4751 
6789 2980 1391 4743 
6790 1392 2980 4752 
6791 3152 4843 5293 
6792 1390 3680 4743 
6793 3680 1389 4751 
6794 3832 1393 4752 
6795 3001 1395 4750 
6796 1394 3832 4750 
6797 3189 3160 3190 
6798 4837 3738 4867 
6799 1396 3001 4759 
6800 4144 4496 5370 
6801 3733 3966 5198 
6802 3157 3149 3158 
6803 3725 1397 4759 
6804 1400 2981 4760 
6805 3628 3569 4884 
6806 3002 1403 4756 
6807 1404 3002 4762 
6808 1573 3016 5008 
6809 2982 1407 4757 
6810 1546 3095 4710 
6811 3700 4013 5287 
6812 1402 3803 4756 
6813 3803 1401 4760 
6814 1210 2950 5051 
6815 1406 4018 4757 
6816 4018 1405 4762 
6817 3428 3365 3429 
6818 3003 1411 4761 
6819 1412 3003 4766 
6820 1410 3747 4761 
6821 345 346 4877 
6822 3694 1413 4766 
6823 1414 3694 4767 
6824 2983 1415 4767 
6825 4188 4404 5514 
6826 1416 2983 4778 
6827 3004 1419 4768 
6828 1420 3004 4779 
6829 1424 2984 4780 
6830 2984 1423 4769 
6831 3005 1427 4773 
6832 1418 3990 4768 
6833 3990 1417 4778 
6834 1433 2985 4781 
6835 2985 1432 4775 
6836 1428 3005 4782 
6837 3121 4533 4974 
6838 1422 3988 4769 
6839 3988 1421 4779 
6840 1426 3992 4773 
6841 3992 1425 4780 
6842 4610 1211 5051 
6843 4473 3892 5490 
6844 4183 4513 5444 
6845 1430 3632 4721 
6846 1431 4721 4775 
6847 3333 1434 4781 
6848 2943 4579 4580 
6849 3632 1429 4782 
6850 4429 3758 5087 
6851 4882 3819 4883 
6852 2982 4758 5285 
6853 3931 3933 4953 
6854 1435 3333 4787 
6855 1451 2987 4722 
6856 1442 2986 4785 
6857 1439 3340 4725 
6858 243 3062 4691 
6859 1574 1575 5232 
6860 2987 1450 4783 
6861 3283 3287 4978 
6862 3621 3693 4887 
6863 1272 2962 5041 
6864 4483 4233 5138 
6865 4170 4430 5375 
6866 3334 1443 4785 
6867 1448 3341 4727 
6868 3897 4960 5242 
6869 3873 3874 5156 
6870 3259 1436 4787 
6871 3859 4359 5216 
6872 3340 1438 4784 
6873 1449 4727 4783 
6874 1278 2963 5003 
6875 1444 3334 4789 
6876 1437 3259 4784 
6877 4373 5020 5119 
6878 3341 1447 4786 
6879 1452 4722 4788 
6880 3335 1453 4788 
6881 3256 1445 4789 
6882 1446 3256 4786 
6883 3709 3437 5048 
6884 1454 3335 4796 
6885 1460 2988 4733 
6886 3364 3362 3365 
6887 1465 2997 4734 
6888 2988 1459 4790 
6889 1470 2989 4735 
6890 3295 1455 4796 
6891 1475 2998 4737 
6892 2997 1464 4791 
6893 1480 2990 4738 
6894 4672 1279 5003 
6895 4668 1273 5041 
6896 1458 3782 4790 
6897 2989 1469 4793 
6898 1456 3295 4797 
6899 3782 1457 4797 
6900 2998 1474 4794 
6901 2990 1479 4795 
6902 4294 3741 5274 
6903 1461 4733 4798 
6904 1463 3613 4791 
6905 5132 4452 5133 
6906 1220 2952 5084 
6907 3613 1462 4798 
6908 1466 4734 4800 
6909 4826 4038 5527 
6910 1468 4091 4793 
6911 1471 4735 4804 
6912 4091 1467 4800 
6913 1473 3885 4794 
6914 1476 4737 4805 
6915 3885 1472 4804 
6916 1490 2991 4754 
6917 1478 3766 4795 
6918 1500 2992 4755 
6919 1482 1481 5254 
6920 2991 1489 4801 
6921 4478 4987 5524 
6922 3766 1477 4805 
6923 2992 1499 4802 
6924 5146 4446 5334 
6925 1487 3342 4763 
6926 2993 1510 4803 
6927 1488 4763 4801 
6928 1483 3336 4810 
6929 1491 4754 4808 
6930 4616 1221 5084 
6931 4357 3202 4859 
6932 4665 4200 4911 
6933 1497 3343 4776 
6934 1498 4776 4802 
6935 3337 1492 4808 
6936 3342 1486 4806 
6937 3237 1484 4810 
6938 1493 3337 4813 
6939 1485 3237 4806 
6940 3343 1496 4809 
6941 3013 4524 4948 
6942 1522 2994 4764 
6943 4348 4882 4973 
6944 3492 3494 4929 
6945 1503 3338 4816 
6946 2994 1521 4807 
6947 1495 3234 4809 
6948 3234 1494 4813 
6949 3344 1506 4811 
6950 1507 3344 4819 
6951 1509 3906 4803 
6952 3488 3490 4927 
6953 2936 1564 5070 
6954 3234 4813 5191 
6955 4434 4477 5480 
6956 3231 1504 4816 
6957 1505 3231 4811 
6958 4596 3770 5537 
6959 3906 1508 4819 
6960 3280 1524 4815 
6961 1514 3339 4821 
6962 4207 4880 5494 
6963 229 2928 4547 
6964 1311 3025 5053 
6965 1523 4764 4815 
6966 3345 1529 4818 
6967 3346 1517 4820 
6968 1518 3346 4823 
6969 4591 2944 4592 
6970 3281 1515 4821 
6971 1528 3279 4818 
6972 1516 3281 4820 
6973 2925 4454 5109 
6974 1520 3916 4807 
6975 3991 4770 5253 
6976 4694 1312 5053 
6977 3140 4552 5526 
6978 1297 4892 5057 
6979 3916 1519 4823 
6980 4872 4088 5513 
6981 3287 5458 5490 
6982 4421 4570 5401 
6983 3023 1298 5057 
6984 3088 4657 4897 
6985 3866 5006 5007 
6986 3741 3619 5481 
6987 3191 5024 5423 
6988 3233 3236 4971 
6989 4222 5500 5540 
6990 1565 4628 5070 
6991 3261 3264 4637 
6992 4061 4065 4904 
6993 4369 5046 5368 
6994 4961 3887 5009 
6995 225 226 3008 
6996 4445 5021 5451 
6997 3539 3541 4981 
6998 4010 4578 5460 
6999 3311 3359 4960 
7000 3076 1197 5067 
7001 3075 1192 5085 
7002 3801 4371 5063 
7003 4063 4059 4862 
7004 4132 5326 5360 
7005 1533 2995 4765 
7006 3148 2996 3149 
7007 4746 4301 5341 
7008 4458 4456 5111 
7009 4429 5087 5238 
7010 346 347 3063 
7011 3732 3607 5078 
7012 3826 3797 4856 
7013 4872 4736 5046 
7014 3287 3288 5458 
7015 4876 3717 5303 
7016 1409 1408 5285 
7017 3499 4968 4969 
7018 4215 4546 4916 
7019 3830 3828 5026 
7020 3874 4921 5156 
7021 1240 2956 5144 
7022 3569 3878 4884 
7023 5070 4415 5331 
7024 1270 1269 5241 
7025 4161 4544 5429 
7026 3889 5194 5347 
7027 4335 3094 5214 
7028 2952 4615 4851 
7029 4643 1241 5144 
7030 3965 4254 5510 
7031 3081 4616 4864 
7032 2953 4623 4624 
7033 4108 4155 5073 
7034 3842 3317 4939 
7035 3269 3271 4910 
7036 4633 3083 4880 
7037 3083 1232 5102 
7038 3610 4277 5113 
7039 3947 3949 4936 
7040 2950 4609 4995 
7041 3441 3551 4914 
7042 2956 4642 4946 
7043 4327 3921 5228 
7044 3018 4664 5435 
7045 3484 3486 4965 
7046 4396 3034 5269 
7047 4077 4134 4865 
7048 4607 2957 4608 
7049 3821 5130 5158 
7050 4554 5094 5415 
7051 4443 4442 4444 
7052 4086 4943 5279 
7053 3663 3717 4875 
7054 3480 3482 4968 
7055 2959 4652 4954 
7056 3949 3951 4935 
7057 4187 4182 4881 
7058 2931 341 4563 
7059 3864 4190 4656 
7060 4499 4148 5169 
7061 3857 4433 4956 
7062 4618 3017 4619 
7063 4485 4261 5412 
7064 1398 3725 5123 
7065 4586 4189 5546 
7066 5180 3210 5436 
7067 3961 4836 5380 
7068 4381 3418 5108 
7069 4680 3961 5457 
7070 2981 1399 5123 
7071 3596 3690 5080 
7072 3845 4561 4998 
7073 3979 3929 4834 
7074 4509 2931 4510 
7075 3093 4456 4457 
7076 3476 3478 4979 
7077 1324 3027 5127 
7078 5500 4223 5540 
7079 3472 3474 4986 
7080 4441 2932 5115 
7081 4631 3069 4632 
7082 3068 4621 4622 
7083 4094 5122 5280 
7084 4646 2965 4833 
7085 4648 3022 4649 
7086 4653 3023 4654 
7087 4081 4080 5183 
7088 238 239 2925 
7089 3745 3744 5463 
7090 4658 2967 4997 
7091 4634 3070 4635 
7092 3015 4595 4596 
7093 4945 3443 5037 
7094 4326 4180 5548 
7095 4695 4666 4696 
7096 4047 4049 4987 
7097 3941 3943 4962 
7098 4531 3959 5016 
7099 4042 4045 4989 
7100 1534 4765 4843 
7101 4037 4039 4990 
7102 3868 4702 4703 
7103 4863 2998 5243 
7104 5263 5111 5276 
7105 4169 3834 5128 
7106 3814 3838 5461 
7107 4678 3736 4679 
7108 2973 4709 4829 
7109 3242 3726 5014 
7110 3414 3421 5004 
7111 4982 4295 5461 
7112 5118 5033 5363 
7113 3095 4669 4844 
7114 3298 3366 4976 
7115 3016 1574 5232 
7116 3770 4306 5532 
7117 4713 4684 4714 
7118 4213 4215 5545 
7119 4715 2974 4931 
7120 4312 4169 5375 
7121 4880 4207 5517 
7122 4050 3947 4936 
7123 4381 4113 5518 
7124 4900 4240 5108 
7125 4686 3032 5072 
7126 5222 4176 5495 
7127 4540 4519 5262 
7128 1269 3018 5241 
7129 3468 3470 5018 
7130 3555 5183 5208 
7131 2978 4724 5079 
7132 4732 3406 4885 
7133 24 2996 3148 
7134 5040 4224 5286 
7135 4158 4829 4889 
7136 1501 4755 5164 
7137 4730 3844 4731 
7138 4747 2999 4748 
7139 3517 3514 4984 
7140 3933 3935 4991 
7141 3000 4742 4868 
7142 2980 4743 4744 
7143 4862 4061 4904 
7144 3338 1502 5164 
7145 4759 3001 4992 
7146 4822 5277 5313 
7147 5383 3428 5445 
7148 3800 4923 5413 
7149 4131 4600 5186 
7150 3694 4766 4994 
7151 1326 1325 5306 
7152 3990 4778 4899 
7153 3119 4506 5434 
7154 2984 4769 4770 
7155 5013 3324 5427 
7156 4773 3992 4774 
7157 3979 4834 4902 
7158 3101 4542 4543 
7159 4721 3632 5066 
7160 3897 3304 4960 
7161 3060 4362 5343 
7162 5137 3198 5362 
7163 3279 5132 5133 
7164 3586 5143 5453 
7165 5237 3207 5392 
7166 4727 3341 4963 
7167 4796 3335 4854 
7168 3813 3880 5010 
7169 4512 4481 5555 
7170 4733 2988 4932 
7171 3636 3601 5484 
7172 3613 4798 4799 
7173 2997 4791 4792 
7174 3339 1513 5110 
7175 4018 4762 5045 
7176 4735 2989 4736 
7177 4737 2998 4863 
7178 3594 3626 4975 
7179 2995 1532 5099 
7180 3252 3255 4983 
7181 3977 3794 5012 
7182 3558 3560 4980 
7183 3248 3250 4985 
7184 4801 4763 4894 
7185 4806 3237 5069 
7186 3279 1527 5132 
7187 4813 3337 4814 
7188 3426 3502 4988 
7189 3735 5152 5369 
7190 3108 3107 3109 
7191 2962 1271 5327 
7192 1408 2982 5285 
7193 4816 3338 4817 
7194 4811 3231 4812 
7195 5129 3042 5477 
7196 4726 2986 5342 
7197 3643 3628 4884 
7198 4519 4520 5263 
7199 1481 4738 5254 
7200 5022 3193 5024 
7201 4275 4646 4833 
7202 3281 4821 4822 
7203 3939 3941 5184 
7204 4383 4051 5398 
7205 3747 1409 5285 
7206 3024 4689 4996 
7207 3916 4823 4848 
7208 2971 1326 5306 
7209 3676 3649 5101 
7210 4752 4745 5341 
7211 4254 4849 5510 
7212 4557 3806 5094 
7213 1575 4937 5232 
7214 3974 4429 5238 
7215 3336 1482 5254 
7216 4223 5118 5363 
7217 3693 3745 4887 
7218 3084 4639 5103 
7219 4835 3044 5264 
7220 1441 1440 5342 
7221 4056 4918 5140 
7222 3356 5081 5082 
7223 4844 5174 5539 
7224 1271 1270 5327 
7225 3080 4612 5031 
7226 5111 4456 5276 
7227 4725 4726 5342 
7228 3294 4957 4958 
7229 4122 4942 5356 
7230 3989 4522 5143 
7231 4488 4453 5485 
7232 347 348 4940 
7233 3407 3410 5034 
7234 3152 1535 4843 
7235 3395 3397 5032 
7236 3264 3402 4637 
7237 3189 4913 5158 
7238 3236 3239 5014 
7239 4141 5253 5257 
7240 2928 230 4474 
7241 4603 2955 5088 
7242 4557 3013 4948 
7243 3672 3282 4978 
7244 1164 1163 5387 
7245 3391 3393 5036 
7246 3181 4299 4850 
7247 4810 3336 5092 
7248 4117 3939 5184 
7249 1440 4725 5342 
7250 5094 3806 5415 
7251 3553 3579 5015 
7252 3387 3389 5039 
7253 3228 3230 5019 
7254 3383 3385 5037 
7255 3545 3547 5017 
7256 4524 4947 4948 
7257 4601 3076 5060 
7258 3168 3157 5050 
7259 3541 3543 5020 
7260 4813 4814 5191 
7261 2986 1441 5342 
7262 4119 4903 5168 
7263 3433 3450 5029 
7264 3657 4203 4975 
7265 3379 3381 5049 
7266 3079 4610 4905 
7267 4111 3523 4984 
7268 3721 3682 5106 
7269 3062 4515 4516 
7270 3131 3128 4942 
7271 4817 3909 5270 
7272 4365 4694 5053 
7273 4576 4385 5283 
7274 4372 4616 5084 
7275 4099 4106 5175 
7276 4068 4888 4904 
7277 4344 4830 4941 
7278 4527 4526 5328 
7279 4449 3349 5274 
7280 4065 4068 4904 
7281 5339 4283 5343 
7282 4384 4283 5339 
7283 2932 4428 5452 
7284 4534 3982 5170 
7285 4519 4518 4520 
7286 3011 242 4691 
7287 3118 3112 4952 
7288 3532 3533 5303 
7289 4319 3194 4950 
7290 1143 2930 4506 
7291 4010 4582 5171 
7292 4611 4545 5516 
7293 3245 3273 5114 
7294 3497 3492 4929 
7295 3563 3556 4920 
7296 3571 3638 5089 
7297 3490 3497 4927 
7298 3009 4418 5310 
7299 3465 4962 5134 
7300 3494 3538 4929 
7301 4555 3826 4856 
7302 1545 4710 5403 
7303 4457 4456 4458 
7304 4196 4679 5251 
7305 3271 3276 4910 
7306 4050 4936 5531 
7307 4834 3931 4953 
7308 4280 5115 5452 
7309 4033 4035 5204 
7310 3155 3137 5065 
7311 3155 5065 5142 
7312 224 225 4824 
7313 3285 4928 5334 
7314 4013 4879 5287 
7315 3496 3488 4927 
7316 4484 4576 5283 
7317 1536 3152 4860 
7318 4098 4099 5175 
7319 342 3061 4563 
7320 3551 3588 4914 
7321 348 349 2938 
7322 4545 4436 5516 
7323 1145 1146 4959 
7324 3244 3245 5114 
7325 4444 4280 5237 
7326 5277 4220 5313 
7327 3006 3092 3093 
7328 3961 3962 5457 
7329 4249 4108 5073 
7330 3887 3886 4933 
7331 4685 3031 4924 
7332 3874 3872 5095 
7333 4517 4516 4518 
7334 4553 4514 5094 
7335 3209 4850 5376 
7336 4808 4754 5148 
7337 4596 4171 5471 
7338 3951 4054 4935 
7339 3111 3109 5511 
7340 3429 3654 5104 
7341 5046 4369 5047 
7342 4765 2995 5035 
7343 4361 3009 5310 
7344 4547 2928 5436 
7345 4636 3019 5077 
7346 22 1545 5403 
7347 3486 3496 4965 
7348 3678 3800 5413 
7349 3498 3484 4965 
7350 3124 4710 5539 
7351 5005 4285 5309 
7352 3996 4286 5187 
7353 4548 4547 5436 
7354 5039 3445 5040 
7355 4491 4127 5216 
7356 3327 3329 5075 
7357 4577 3853 5117 
7358 3400 3576 5428 
7359 3662 5032 5033 
7360 3499 3480 4968 
7361 5031 4096 5317 
7362 3482 3498 4968 
7363 3188 3639 5136 
7364 4387 2938 5076 
7365 3276 3671 4910 
7366 4892 2966 4943 
7367 4674 3028 5154 
7368 3323 3325 5081 
7369 4358 3037 5247 
7370 3533 4876 5303 
7371 3820 4574 5492 
7372 4306 4129 5532 
7373 4267 5175 5178 
7374 3478 3499 4979 
7375 3339 5110 5161 
7376 3500 3476 4979 
7377 3588 3742 4914 
7378 5290 4157 5544 
7379 3774 3594 4975 
7380 3685 4753 4973 
7381 3501 3472 4986 
7382 4753 3970 4973 
7383 3273 3248 4985 
7384 3352 4486 5430 
7385 3474 3500 4986 
7386 3834 3835 5128 
7387 3143 3142 5113 
7388 3420 3252 4983 
7389 3805 4749 5068 
7390 3574 3532 5303 
7391 4315 4859 5205 
7392 4357 4510 5367 
7393 4001 4323 5197 
7394 4478 4047 4987 
7395 1538 3150 4857 
7396 4043 4042 4989 
7397 4926 4288 4967 
7398 3416 4119 5131 
7399 2971 5306 5493 
7400 3943 3946 4962 
7401 4040 4037 4990 
7402 4593 4008 5124 
7403 4446 5146 5459 
7404 3246 4971 4972 
7405 1539 4857 4871 
7406 2963 4670 5150 
7407 4049 4098 4987 
7408 3150 1537 4860 
7409 3470 3501 5018 
7410 4045 4478 4989 
7411 4535 3571 5089 
7412 4468 3702 5062 
7413 4004 4342 5210 
7414 3106 3107 3108 
7415 4039 4043 4990 
7416 3498 4965 5372 
7417 4169 5128 5468 
7418 4514 4557 5094 
7419 3246 3233 4971 
7420 4204 4831 5105 
7421 3523 3517 4984 
7422 4085 4654 5414 
7423 3362 3416 5131 
7424 4455 4540 5262 
7425 1152 4406 5442 
7426 4433 5348 5478 
7427 4857 3150 4858 
7428 3956 4416 5240 
7429 2928 4474 5180 
7430 4151 3643 4884 
7431 3421 3583 5004 
7432 4832 4232 4969 
7433 4530 3468 5018 
7434 5029 3580 5030 
7435 3085 4643 5176 
7436 237 238 5109 
7437 4881 4184 5264 
7438 3142 3145 5113 
7439 1325 5127 5306 
7440 5175 4106 5178 
7441 5324 4227 5552 
7442 3157 3158 5050 
7443 4687 2976 5182 
7444 3580 3539 4981 
7445 4236 4931 5229 
7446 3935 3938 4991 
7447 3762 4382 5296 
7448 3112 3113 4952 
7449 4755 4496 5164 
7450 3717 3574 5303 
7451 4348 3755 5059 
7452 3044 4881 5264 
7453 3169 1542 4853 
7454 3147 4402 5130 
7455 4613 4244 4934 
7456 3128 3129 4942 
7457 4574 3816 5492 
7458 3180 4556 5441 
7459 4617 2960 5147 
7460 4400 4586 5496 
7461 5350 4993 5410 
7462 3829 3830 5098 
7463 3155 5142 5441 
7464 4091 4800 5155 
7465 3830 5026 5449 
7466 5202 4030 5315 
7467 4106 4101 5275 
7468 3410 3704 5034 
7469 4244 4613 5395 
7470 4554 4553 5094 
7471 4920 3558 4980 
7472 3255 3260 4983 
7473 3626 3657 4975 
7474 3250 3420 4985 
7475 3560 3774 4980 
7476 5263 4520 5424 
7477 4223 5363 5540 
7478 4312 4320 5366 
7479 3313 3315 5107 
7480 3397 3584 5032 
7481 4480 2993 5438 
7482 3880 3928 5010 
7483 3393 3662 5036 
7484 3502 3563 4988 
7485 5036 3662 5118 
7486 4893 3073 5470 
7487 24 1544 2996 
7488 5078 4150 5432 
7489 4035 4040 5204 
7490 4520 4518 5021 
7491 3389 3445 5039 
7492 3893 5038 5062 
7493 4216 4419 5520 
7494 3385 3444 5037 
7495 3899 3897 5242 
7496 4891 4084 5198 
7497 5023 5022 5024 
7498 3584 3407 5034 
7499 3662 3395 5032 
7500 3127 3118 4952 
7501 2975 4944 5439 
7502 3259 4787 5189 
7503 3156 3141 5137 
7504 3554 3553 5015 
7505 3799 3676 5101 
7506 4646 4275 4949 
7507 3381 3443 5049 
7508 3769 3545 5017 
7509 3890 3891 5090 
7510 3445 3391 5036 
7511 5348 3358 5478 
7512 4184 4186 5264 
7513 3949 4935 4936 
7514 3970 4348 4973 
7515 3444 3387 5039 
7516 3119 4266 4506 
7517 3443 3383 5037 
7518 3804 4326 5548 
7519 4701 4358 5247 
7520 3137 3139 5065 
7521 3747 4758 5475 
7522 4088 5378 5513 
7523 3072 4587 5460 
7524 4675 3978 5227 
7525 3960 3833 5141 
7526 3061 343 4840 
7527 4562 4063 5213 
7528 4671 2941 5188 
7529 3292 4976 5120 
7530 5349 3925 5487 
7531 4869 3131 4942 
7532 5135 4482 5405 
7533 4103 4896 5275 
7534 4628 4415 5070 
7535 3435 3379 5049 
7536 241 3011 4539 
7537 3151 1540 4871 
7538 5021 4518 5451 
7539 3662 5033 5118 
7540 3239 3242 5014 
7541 4520 5021 5023 
7542 4995 4107 5374 
7543 5027 3399 5320 
7544 4620 2961 5225 
7545 3077 4602 5190 
7546 3230 3246 5019 
7547 1541 3151 4853 
7548 349 350 5076 
7549 5021 4445 5022 
7550 3185 5023 5024 
7551 3329 3464 5075 
7552 4946 5202 5315 
7553 3579 3636 5015 
7554 4118 5243 5357 
7555 4953 3933 4991 
7556 3547 3554 5017 
7557 4664 4302 5435 
7558 3853 3851 5117 
7559 3325 3463 5081 
7560 3302 3506 5121 
7561 3701 3893 5062 
7562 3543 3769 5020 
7563 3702 3701 5062 
7564 3952 4411 5456 
7565 3979 5314 5421 
7566 4853 3151 5044 
7567 3300 3302 5121 
7568 3450 3580 5029 
7569 4897 4064 5322 
7570 1270 5241 5327 
7571 3315 3505 5107 
7572 4167 3721 5106 
7573 4568 4162 5281 
7574 3705 4839 5304 
7575 3638 3708 5089 
7576 4116 5139 5549 
7577 174 3124 5507 
7578 4703 5163 5292 
7579 4238 4685 4924 
7580 4962 3465 5184 
7581 4693 2934 5179 
7582 4332 5029 5030 
7583 4114 4846 5426 
7584 4101 4103 5275 
7585 4549 4548 4550 
7586 4160 4031 5422 
7587 5128 3212 5468 
7588 3499 4969 5295 
7589 3371 3373 5320 
7590 5141 3098 5508 
7591 4936 3447 5531 
7592 3056 4547 4548 
7593 3866 3849 5384 
7594 5135 2929 5503 
7595 5005 3704 5382 
7596 5011 4117 5181 
7597 5174 3124 5539 
7598 1146 1147 3065 
7599 4310 4166 5294 
7600 3446 5027 5320 
7601 4572 2942 5153 
7602 3463 3327 5075 
7603 3373 3446 5320 
7604 3759 4438 5173 
7605 5073 3585 5534 
7606 2938 4387 4941 
7607 3177 3168 5050 
7608 4588 2949 5226 
7609 4492 4447 5449 
7610 5491 5522 5556 
7611 3356 3323 5081 
7612 5500 5040 5536 
7613 4489 4095 5340 
7614 3872 4388 5095 
7615 4110 4554 5415 
7616 3941 4962 5184 
7617 3377 3435 5353 
7618 4971 3236 5014 
7619 4134 4135 5350 
7620 4394 3890 5090 
7621 4125 5163 5509 
7622 4198 4908 5297 
7623 4999 3829 5098 
7624 3975 4958 5417 
7625 3090 4387 5076 
7626 5004 5005 5382 
7627 3399 3371 5320 
7628 5156 4236 5284 
7629 3333 4781 5203 
7630 3704 3412 5382 
7631 2942 4565 5153 
7632 3202 3183 5351 
7633 4981 3541 5020 
7634 5028 3446 5353 
7635 5021 5022 5023 
7636 3093 3092 4454 
7637 3116 4551 5058 
7638 3425 5009 5336 
7639 4379 4907 5244 
7640 3835 4181 5129 
7641 4579 3071 5166 
7642 3727 3244 5114 
7643 3446 3375 5353 
7644 4650 3811 5279 
7645 4889 4681 5544 
7646 5209 4622 5328 
7647 3581 3429 5104 
7648 3359 3313 5107 
7649 4283 3060 5343 
7650 4083 3172 5136 
7651 5051 2950 5374 
7652 3679 3678 5413 
7653 4340 23 5299 
7654 3375 3377 5353 
7655 4573 4572 5153 
7656 5030 3927 5192 
7657 3920 4848 5139 
7658 4550 3210 5058 
7659 4440 1145 4959 
7660 5002 4160 5215 
7661 4887 4449 5481 
7662 4458 5111 5112 
7663 4080 4429 5208 
7664 4685 4238 4944 
7665 4855 3986 5489 
7666 3923 3922 5316 
7667 4460 4173 5394 
7668 3071 4573 5166 
7669 1543 3169 4852 
7670 5027 4492 5449 
7671 5247 4245 5361 
7672 3851 3866 5117 
7673 4610 4225 4905 
7674 5428 3576 5431 
7675 350 351 3090 
7676 4790 3782 5217 
7677 3056 228 4547 
7678 236 237 3092 
7679 3837 3645 5146 
7680 4880 3083 5494 
7681 3186 5263 5424 
7682 3435 5028 5353 
7683 3892 4978 5490 
7684 3172 3188 5136 
7685 3366 3300 5121 
7686 4430 4312 5375 
7687 4841 4723 5221 
7688 4874 5061 5356 
7689 4595 4638 5167 
7690 3972 4746 5250 
7691 3145 3610 5113 
7692 5128 3835 5129 
7693 3402 3266 5323 
7694 3946 4050 5134 
7695 4054 4056 5140 
7696 2944 4589 5177 
7697 4932 3912 5266 
7698 4580 4579 5166 
7699 3619 3621 5481 
7700 4951 3633 5116 
7701 3186 5424 5543 
7702 3274 4424 5550 
7703 4586 4789 5496 
7704 3633 4665 5116 
7705 3744 4017 5463 
7706 3141 3143 5137 
7707 3621 4887 5481 
7708 5020 3769 5119 
7709 227 3056 4847 
7710 3365 3362 5131 
7711 3029 4708 5290 
7712 3090 3091 4387 
7713 4738 4544 5254 
7714 3645 4151 5146 
7715 4096 5031 5390 
7716 4265 4920 4980 
7717 4551 4550 5058 
7718 4567 3925 5349 
7719 5148 3901 5273 
7720 4224 5040 5500 
7721 4113 4111 5518 
7722 4075 4865 5291 
7723 2930 1144 4440 
7724 4827 5432 5433 
7725 3412 3414 5382 
7726 4899 4522 5236 
7727 4758 4016 5475 
7728 4600 2953 5186 
7729 4510 2931 5367 
7730 3266 3347 5323 
7731 5378 3566 5513 
7732 4465 5006 5384 
7733 4665 4911 5116 
7734 3538 3706 5380 
7735 4592 2944 5177 
7736 3984 5001 5525 
7737 5045 4538 5234 
7738 5073 4155 5512 
7739 3091 2927 5200 
7740 3129 4874 5356 
7741 5082 5000 5083 
7742 5000 4450 5083 
7743 3513 4381 5518 
7744 4993 3462 5410 
7745 4881 3044 5318 
7746 3069 4630 5194 
7747 4453 3719 5485 
7748 3986 5402 5489 
7749 5179 4196 5251 
7750 4994 5296 5462 
7751 5163 4264 5292 
7752 4252 4892 4943 
7753 4614 2959 5196 
7754 4623 3081 5193 
7755 5133 4452 5409 
7756 4031 4033 5422 
7757 4171 4596 5537 
7758 5134 4050 5172 
7759 3023 5057 5414 
7760 344 2924 4840 
7761 3847 4465 5384 
7762 3104 3105 3106 
7763 4596 4595 5167 
7764 4642 3084 5202 
7765 4539 3011 4540 
7766 4615 3080 5317 
7767 5003 2963 5386 
7768 4583 2948 5300 
7769 2953 4624 5186 
7770 4495 4172 5557 
7771 4135 5311 5312 
7772 3928 3979 5421 
7773 4796 4854 5504 
7774 4639 4603 5207 
7775 3017 4662 5206 
7776 3414 5004 5382 
7777 3081 4864 5193 
7778 3116 5376 5511 
7779 3952 4841 5221 
7780 4411 3815 5456 
7781 4211 4114 5426 
7782 4223 5500 5536 
7783 4515 2926 5443 
7784 4442 4441 5115 
7785 4187 4881 5318 
7786 3849 3847 5384 
7787 5302 4357 5367 
7788 5046 4736 5259 
7789 5173 3760 5499 
7790 3922 4955 5316 
7791 240 4539 4898 
7792 4366 4471 5474 
7793 4552 3196 5526 
7794 3065 3102 4959 
7795 5432 4150 5433 
7796 4627 3068 5209 
7797 4624 4623 5193 
7798 3954 4895 5245 
7799 4839 3783 5304 
7800 5133 5173 5332 
7801 3279 5133 5332 
7802 4879 4014 5287 
7803 4851 4615 5317 
7804 3026 4695 5222 
7805 2965 4682 5218 
7806 2959 4954 5196 
7807 3198 5137 5377 
7808 3810 4292 5388 
7809 5299 23 5497 
7810 4704 3868 5292 
7811 4723 3624 5221 
7812 4946 4642 5202 
7813 3088 4897 5322 
7814 4962 3946 5134 
7815 4632 3069 5194 
7816 4666 2969 5223 
7817 2940 4631 5224 
7818 4419 3822 5520 
7819 4619 3017 5206 
7820 5424 3185 5543 
7821 3093 4454 4456 
7822 3109 3116 5511 
7823 4669 3040 5337 
7824 4591 4592 5470 
7825 4935 4054 5140 
7826 4994 3976 5296 
7827 3636 5170 5325 
7828 5203 4675 5272 
7829 4225 4610 5051 
7830 2974 4713 5229 
7831 4566 3965 5510 
7832 4209 4486 5466 
7833 4155 4404 5512 
7834 4179 5386 5473 
7835 223 224 5503 
7836 4757 4018 5234 
7837 4995 4609 5373 
7838 3032 4717 5230 
7839 4607 4608 5360 
7840 4768 3990 5236 
7841 3106 3105 3107 
7842 4908 3661 5297 
7843 4833 2965 5218 
7844 3406 4728 5231 
7845 2999 4730 5233 
7846 3068 4622 5209 
7847 2941 4678 5235 
7848 4121 5088 5450 
7849 4695 4696 5222 
7850 4587 4581 5460 
7851 4179 4672 5003 
7852 2996 1544 4852 
7853 3260 4637 5437 
7854 3868 4703 5292 
7855 3001 4750 5239 
7856 4017 4538 5469 
7857 3080 5031 5317 
7858 4844 4669 5337 
7859 4696 4666 5223 
7860 4633 4880 5450 
7861 3084 5103 5202 
7862 4734 2997 5248 
7863 4716 3753 5301 
7864 3339 5161 5277 
7865 4452 4451 5409 
7866 4859 3202 5351 
7867 4631 4632 5224 
7868 4855 165 5404 
7869 3881 4495 5557 
7870 4457 4458 5126 
7871 3998 5190 5541 
7872 4679 3736 5251 
7873 5103 4030 5202 
7874 4713 4714 5229 
7875 3632 4782 5249 
7876 2991 4801 5260 
7877 4778 2983 5256 
7878 4603 5088 5207 
7879 5463 4017 5469 
7880 3783 4396 5304 
7881 5103 4639 5207 
7882 4931 2974 5229 
7883 3335 4788 5252 
7884 4769 3988 5257 
7885 3753 4715 5352 
7886 5491 4210 5522 
7887 3341 4786 5255 
7888 4464 5463 5469 
7889 4033 5204 5422 
7890 5072 3032 5230 
7891 4715 4931 5352 
7892 4684 3030 5344 
7893 4955 3528 5316 
7894 4820 3281 5265 
7895 5033 5032 5552 
7896 2989 4793 5259 
7897 3344 4811 5271 
7898 3736 4693 5251 
7899 4730 4731 5233 
7900 3888 5162 5493 
7901 4892 4252 5057 
7902 4885 3406 5231 
7903 3102 3103 3104 
7904 3288 3292 5458 
7905 4556 3155 5441 
7906 4714 4684 5344 
7907 3356 5082 5418 
7908 4748 2999 5233 
7909 4678 4679 5235 
7910 3990 4899 5236 
7911 4798 4733 5266 
7912 3877 4523 5430 
7913 4791 3613 5267 
7914 3237 4810 5261 
7915 4526 5209 5328 
7916 3123 4497 5497 
7917 3337 4808 5273 
7918 4018 5045 5234 
7919 4992 3001 5239 
7920 5006 3866 5384 
7921 3231 4816 5270 
7922 5458 4473 5490 
7923 4911 4200 5335 
7924 4743 3680 5358 
7925 4954 4652 5522 
7926 4748 4180 5419 
7927 3022 4949 5515 
7928 4787 3333 5272 
7929 4130 4488 5485 
7930 4979 3499 5295 
7931 2997 4792 5248 
7932 3960 5141 5508 
7933 3988 4779 5258 
7934 2924 345 4877 
7935 5066 3632 5249 
7936 4899 4778 5256 
7937 4821 3339 5277 
7938 4744 4743 5358 
7939 3292 5120 5458 
7940 4609 3078 5373 
7941 4754 2991 5268 
7942 3613 4799 5267 
7943 4661 3088 5322 
7944 4770 4769 5257 
7945 4733 4932 5266 
7946 4944 4238 5439 
7947 3006 3093 5165 
7948 5036 5118 5536 
7949 5009 3887 5336 
7950 4854 3335 5252 
7951 4963 3341 5255 
7952 4720 4687 5345 
7953 3863 4705 5346 
7954 5314 3448 5421 
7955 4801 4894 5260 
7956 4747 4748 5419 
7957 3979 4902 5314 
7958 4736 2989 5259 
7959 4799 4798 5266 
7960 2950 4995 5374 
7961 4792 4791 5267 
7962 4645 4607 5360 
7963 4811 4812 5271 
7964 5069 3237 5261 
7965 3281 4822 5265 
7966 4814 3337 5273 
7967 5355 4858 5365 
7968 4816 4817 5270 
7969 3819 3810 5388 
7970 4911 4407 5116 
7971 3015 4596 5471 
7972 5095 4388 5431 
7973 4793 4091 5368 
7974 4569 4330 5396 
7975 4630 2937 5347 
7976 4812 3231 5270 
7977 3212 5128 5129 
7978 5061 4122 5356 
7979 4977 133 5125 
7980 4732 4885 5502 
7981 3873 5156 5284 
7982 3981 4566 5510 
7983 4613 2958 5395 
7984 5045 4762 5408 
7985 5042 3033 5530 
7986 5044 4421 5401 
7987 5088 2955 5450 
7988 3445 5036 5536 
7989 4810 5092 5261 
7990 4755 2992 5370 
7991 222 223 2929 
7992 4486 3352 5466 
7993 4822 4821 5277 
7994 2978 5079 5538 
7995 3925 4777 5487 
7996 5033 4227 5363 
7997 4868 4742 5472 
7998 4601 5060 5506 
7999 3694 4994 5462 
8000 3759 5173 5499 
8001 4299 3180 5441 
8002 3096 5165 5200 
8003 4818 3279 5332 
8004 3007 4266 5371 
8005 3962 3960 5508 
8006 5306 4309 5493 
8007 4388 4656 5431 
8008 5217 4239 5535 
8009 5032 3584 5552 
8010 3095 4844 5539 
8011 5300 3998 5541 
8012 4656 4190 5393 
8013 5296 4382 5462 
8014 4788 4722 5389 
8015 4883 3819 5388 
8016 4932 2988 5535 
8017 5023 3185 5424 
8018 4762 3002 5408 
8019 3030 4712 5399 
8020 4654 3023 5414 
8021 4096 4851 5317 
8022 5063 4371 5319 
8023 4827 3732 5432 
8024 3065 2939 3066 
8025 4644 3085 5379 
8026 4808 5148 5273 
8027 4937 4351 5232 
8028 3647 4747 5419 
8029 3021 4677 5420 
8030 5015 3636 5325 
8031 4859 3204 5205 
8032 5148 4754 5268 
8033 4865 4134 5410 
8034 4942 3129 5356 
8035 3102 3104 5434 
8036 4541 3957 5533 
8037 3008 226 4847 
8038 352 353 2927 
8039 4840 2924 5199 
8040 4563 3061 5302 
8041 3085 5176 5379 
8042 3584 5034 5324 
8043 4687 5182 5345 
8044 5188 2941 5235 
8045 5026 5027 5449 
8046 2930 4440 5434 
8047 2955 4633 5450 
8048 4856 3798 5483 
8049 3601 3814 5484 
8050 4738 2990 5429 
8051 4225 5051 5374 
8052 5183 4080 5208 
8053 4423 5355 5365 
8054 4606 4588 5440 
8055 4921 3874 5308 
8056 4091 5155 5368 
8057 5253 4770 5257 
8058 4471 3058 5447 
8059 3805 5068 5472 
8060 5098 3830 5278 
8061 2925 239 4898 
8062 5173 4438 5332 
8063 5189 4787 5272 
8064 346 3063 4877 
8065 3083 5102 5494 
8066 354 355 3096 
8067 4617 5147 5519 
8068 4933 4258 5513 
8069 5139 3346 5549 
8070 2928 5180 5436 
8071 4940 2938 4941 
8072 2961 4663 5446 
8073 4454 4455 5276 
8074 5068 4218 5472 
8075 5246 3585 5512 
8076 4693 5179 5251 
8077 4647 3015 5471 
8078 4649 3022 5515 
8079 3566 4933 5513 
8080 3156 5137 5362 
8081 3104 3103 3105 
8082 5386 4092 5473 
8083 4320 5019 5366 
8084 2963 5150 5386 
8085 4590 2951 5467 
8086 5311 4139 5312 
8087 3124 5174 5507 
8088 3104 3119 5434 
8089 4134 5350 5410 
8090 4717 4147 5465 
8091 4742 3805 5472 
8092 3576 5095 5431 
8093 4426 4844 5337 
8094 3103 3066 4482 
8095 4543 1589 5385 
8096 4588 5226 5440 
8097 5225 2961 5446 
8098 4638 2940 5479 
8099 4364 5223 5542 
8100 4387 4344 4941 
8101 5363 3051 5540 
8102 3333 5203 5272 
8103 5176 5311 5379 
8104 4221 4480 5438 
8105 5190 4602 5541 
8106 5127 4309 5306 
8107 4722 2987 5482 
8108 2948 4601 5506 
8109 2934 4706 5488 
8110 4667 3026 5495 
8111 4516 4515 5443 
8112 5161 4220 5277 
8113 5375 4169 5468 
8114 5179 2934 5488 
8115 3405 4732 5502 
8116 3073 4591 5470 
8117 4440 3102 5434 
8118 4824 5135 5503 
8119 3891 5083 5288 
8120 4138 4946 5315 
8121 4179 5003 5386 
8122 4662 4617 5519 
8123 4455 5262 5276 
8124 4652 3087 5522 
8125 4909 3975 5417 
8126 2951 4611 5516 
8127 4777 3923 5487 
8128 4929 3538 5380 
8129 4602 4583 5541 
8130 5074 3290 5459 
8131 4857 4858 5355 
8132 234 235 3006 
8133 5194 4630 5347 
8134 4585 4627 5521 
8135 5241 4346 5327 
8136 5040 3445 5536 
8137 3838 4982 5461 
8138 4767 3694 5462 
8139 3334 4785 5501 
8140 5090 3891 5288 
8141 4978 3287 5490 
8142 5057 4252 5414 
8143 3204 4859 5351 
8144 4701 5247 5361 
8145 4983 3260 5437 
8146 2969 4694 5542 
8147 3874 5095 5308 
8148 4093 4899 5256 
8149 5226 4188 5514 
8150 3212 5305 5468 
8151 2988 4790 5535 
8152 5111 3186 5112 
8153 3078 4606 5554 
8154 3063 347 4940 
8155 4849 3981 5510 
8156 5301 3753 5352 
8157 3058 5056 5447 
8158 4974 3007 5371 
8159 5010 3928 5421 
8160 5167 4638 5479 
8161 4786 3256 5546 
8162 4121 4880 5517 
8163 5067 4460 5394 
8164 5300 2948 5506 
8165 4583 5300 5541 
8166 5257 3988 5258 
8167 4790 5217 5535 
8168 3732 5078 5432 
8169 5298 3563 5391 
8170 3904 5212 5313 
8171 4739 2978 5538 
8172 2991 5260 5268 
8173 5099 4569 5396 
8174 5115 2932 5452 
8175 3923 5316 5487 
8176 4789 3334 5496 
8177 5206 4662 5519 
8178 3029 5290 5544 
8179 4913 3364 5383 
8180 5262 4519 5263 
8181 5259 4793 5368 
8182 5344 3030 5399 
8183 4880 4121 5450 
8184 3026 5222 5495 
8185 2940 5224 5479 
8186 4871 4857 5355 
8187 4710 3095 5539 
8188 3193 5237 5392 
8189 3585 5073 5512 
8190 5252 4788 5389 
8191 3057 5052 5476 
8192 5095 3576 5308 
8193 3186 5111 5263 
8194 5146 4151 5459 
8195 4949 4275 5515 
8196 4218 4868 5472 
8197 5305 4170 5468 
8198 4939 3356 5418 
8199 4681 3029 5544 
8200 4853 5044 5401 
8201 5230 4717 5465 
8202 2931 4563 5367 
8203 165 4855 5489 
8204 5142 4324 5407 
8205 4235 5301 5352 
8206 3033 4720 5530 
8207 5402 164 5489 
8208 4019 5298 5391 
8209 5223 2969 5542 
8210 225 3008 4824 
8211 5143 3993 5453 
8212 3887 4933 5336 
8213 4627 5209 5521 
8214 5437 4637 5505 
8215 3087 4934 5556 
8216 5376 4511 5511 
8217 5373 3078 5554 
8218 4933 3566 5336 
8219 4158 4889 5425 
8220 4456 4454 5276 
8221 4249 5073 5534 
8222 4518 4516 5451 
8223 3169 4853 5401 
8224 3346 4820 5549 
8225 5172 4050 5531 
8226 3358 5393 5478 
8227 3295 4796 5504 
8228 4824 3008 4825 
8229 238 2925 5109 
8230 4083 5136 5528 
8231 5092 3969 5261 
8232 4885 4416 5502 
8233 5152 4123 5369 
8234 5255 4786 5546 
8235 5311 4284 5379 
8236 5054 3953 5464 
8237 5137 3143 5377 
8238 5389 4722 5482 
8239 5176 4139 5311 
8240 3842 4939 5418 
8241 4290 4826 5527 
8242 4190 4956 5478 
8243 4720 5345 5530 
8244 348 2938 4940 
8245 4137 5098 5278 
8246 5163 3867 5509 
8247 4520 5023 5424 
8248 3065 3066 3102 
8249 3563 4920 5391 
8250 4606 5440 5554 
8251 5467 2951 5516 
8252 5265 4116 5549 
8253 3039 5405 5547 
8254 4820 5265 5549 
8255 5120 4473 5458 
8256 5031 4437 5390 
8257 5088 4029 5207 
8258 5118 4223 5536 
8259 3193 5392 5423 
8260 3102 3066 3103 
8261 5393 4190 5478 
8262 1148 1149 2939 
8263 4205 5188 5235 
8264 4227 5033 5552 
8265 4124 4995 5373 
8266 4920 4265 5391 
8267 5204 3461 5422 
8268 4170 5375 5468 
8269 4210 4954 5522 
8270 4424 4922 5550 
8271 3343 4809 5480 
8272 3185 5024 5400 
8273 3382 5172 5531 
8274 5017 3554 5555 
8275 5522 3087 5556 
8276 5447 4314 5474 
8277 4555 4856 5483 
8278 4956 4433 5478 
8279 4239 4932 5535 
8280 5170 4828 5325 
8281 5496 3334 5501 
8282 4237 5042 5530 
8283 4824 4825 5135 
8284 4637 3402 5505 
8285 4189 5255 5546 
8286 5211 4339 5454 
8287 3584 5324 5552 
8288 2929 223 5503 
8289 2938 349 5076 
8290 5150 4092 5386 
8291 4563 5302 5367 
8292 4129 5195 5529 
8293 3045 5038 5553 
8294 4297 5045 5408 
8295 4499 5230 5465 
8296 1146 3065 4959 
8297 5147 4062 5519 
8298 4471 5447 5474 
8299 5174 4263 5507 
8300 5260 4206 5268 
8301 4934 4244 5556 
8302 5440 5226 5514 
8303 5155 4369 5368 
8304 3092 237 5109 
8305 5224 4306 5479 
8306 4194 5179 5488 
8307 219 220 3039 
8308 3958 5252 5389 
8309 4273 5300 5506 
8310 4516 5443 5451 
8311 4375 5437 5505 
8312 350 3090 5076 
8313 4244 5491 5556 
8314 4400 5496 5501 
8315 4331 5344 5399 
8316 4276 5383 5445 
8317 5209 4526 5521 
8318 5440 4156 5554 
8319 4436 5467 5516 
8320 3102 4440 4959 
8321 4340 5299 5455 
8322 5345 4237 5530 
8323 224 4824 5503 
8324 3121 4974 5371 
8325 5392 3192 5423 
8326 4156 5440 5514 
8327 3066 2939 5547 
8328 5443 4886 5451 
8329 5165 4457 5200 
8330 5405 4482 5547 
8331 12 234 3006 
8332 1589 24 5385 
8333 351 352 2927 
8334 353 354 3096 
8335 1147 1148 2939 
8336 11 219 3039 
8337 1149 11 2939 
8338 2939 11 3039 
8339 355 12 3096 
8340 19 1136 4272 
8341 1588 19 4272 
8342 258 21 4542 
8343 21 1590 4542 
8344 23 1587 3123 
8345 24 5214 5385 
8346 220 221 3039 
8347 221 222 2929 
8348 235 236 3006 
8349 4719 2975 5439 
8350 3061 4840 5199 
8351 5214 3094 5385 
8352 4858 3150 4860 
2 4 3 129
8353 19 217 5558 1588 
8354 217 216 5559 5558 
8355 216 215 5560 5559 
8356 215 214 5561 5560 
8357 214 213 5562 5561 
8358 213 212 5563 5562 
8359 212 211 5564 5563 
8360 211 210 5565 5564 
8361 210 209 5566 5565 
8362 209 208 5567 5566 
8363 208 207 5568 5567 
8364 207 206 5569 5568 
8365 206 205 5570 5569 
8366 205 204 5571 5570 
8367 204 203 5572 5571 
8368 203 202 5573 5572 
8369 202 201 5574 5573 
8370 201 200 5575 5574 
8371 200 199 5576 5575 
8372 199 198 5577 5576 
8373 198 197 5578 5577 
8374 197 196 5579 5578 
8375 196 195 5580 5579 
8376 195 194 5581 5580 
8377 194 193 5582 5581 
8378 193 192 5583 5582 
8379 192 191 5584 5583 
8380 191 190 5585 5584 
8381 190 189 5586 5585 
8382 189 188 5587 5586 
8383 188 187 5588 5587 
8384 187 186 5589 5588 
8385 186 185 5590 5589 
8386 185 184 5591 5590 
8387 184 183 5592 5591 
8388 183 182 5593 5592 
8389 182 181 5594 5593 
8390 181 180 5595 5594 
8391 180 179 5596 5595 
8392 179 178 5597 5596 
8393 178 177 5598 5597 
8394 177 176 5599 5598 
8395 176 10 1151 5599 
8396 1588 5558 5600 1587 
8397 5558 5559 5601 5600 
8398 5559 5560 5602 5601 
8399 5560 5561 5603 5602 
8400 5561 5562 5604 5603 
8401 5562 5563 5605 5604 
8402 5563 5564 5606 5605 
8403 5564 5565 5607 5606 
8404 5565 5566 5608 5607 
8405 5566 5567 5609 5608 
8406 5567 5568 5610 5609 
8407 5568 5569 5611 5610 
8408 5569 5570 5612 5611 
8409 5570 5571 5613 5612 
8410 5571 5572 5614 5613 
8411 5572 5573 5615 5614 
8412 5573 5574 5616 5615 
8413 5574 5575 5617 5616 
8414 5575 5576 5618 5617 
8415 5576 5577 5619 5618 
8416 5577 5578 5620 5619 
8417 5578 5579 5621 5620 
8418 5579 5580 5622 5621 
8419 5580 5581 5623 5622 
8420 5581 5582 5624 5623 
8421 5582 5583 5625 5624 
8422 5583 5584 5626 5625 
8423 5584 5585 5627 5626 
8424 5585 5586 5628 5627 
8425 5586 5587 5629 5628 
8426 5587 5588 5630 5629 
8427 5588 5589 5631 5630 
8428 5589 5590 5632 5631 
8429 5590 5591 5633 5632 
8430 5591 5592 5634 5633 
8431 5592 5593 5635 5634 
8432 5593 5594 5636 5635 
8433 5594 5595 5637 5636 
8434 5595 5596 5638 5637 
8435 5596 5597 5639 5638 
8436 5597 5598 5640 5639 
8437 5598 5599 5641 5640 
8438 5599 1151 1150 5641 
8439 1587 5600 1586 23 
8440 5600 5601 1585 1586 
8441 5601 5602 1584 1585 
8442 5602 5603 1583 1584 
8443 5603 5604 1582 1583 
8444 5604 5605 1581 1582 
8445 5605 5606 1580 1581 
8446 5606 5607 1579 1580 
8447 5607 5608 1578 1579 
8448 5608 5609 1577 1578 
8449 5609 5610 1576 1577 
8450 5610 5611 1575 1576 
8451 5611 5612 1574 1575 
8452 5612 5613 1573 1574 
8453 5613 5614 1572 1573 
8454 5614 5615 1571 1572 
8455 5615 5616 1570 1571 
8456 5616 5617 1569 1570 
8457 5617 5618 1568 1569 
8458 5618 5619 1567 1568 
8459 5619 5620 1566 1567 
8460 5620 5621 1565 1566 
8461 5621 5622 1564 1565 
8462 5622 5623 1563 1564 
8463 5623 5624 1562 1563 
8464 5624 5625 1561 1562 
8465 5625 5626 1560 1561 
8466 5626 5627 1559 1560 
8467 5627 5628 1558 1559 
8468 5628 5629 1557 1558 
8469 5629 5630 1556 1557 
8470 5630 5631 1555 1556 
8471 5631 5632 1554 1555 
8472 5632 5633 1553 1554 
8473 5633 5634 1552 1553 
8474 5634 5635 1551 1552 
8475 5635 5636 1550 1551 
8476 5636 5637 1549 1550 
8477 5637 5638 1548 1549 
8478 5638 5639 1547 1548 
8479 5639 5640 1546 1547 
8480 5640 5641 1545 1546 
8481 5641 1150 22 1545 
2 5 3 1152
8482 7 1135 5642 131 
8483 1135 1134 5643 5642 
8484 1134 1133 5644 5643 
8485 1133 1132 5645 5644 
8486 1132 1131 5646 5645 
8487 1131 1130 5647 5646 
8488 1130 1129 5648 5647 
8489 1129 1128 5649 5648 
8490 1128 1127 5650 5649 
8491 1127 1126 5651 5650 
8492 1126 1125 5652 5651 
8493 1125 1124 5653 5652 
8494 1124 1123 5654 5653 
8495 1123 1122 5655 5654 
8496 1122 1121 5656 5655 
8497 1121 1120 5657 5656 
8498 1120 1119 5658 5657 
8499 1119 1118 5659 5658 
8500 1118 1117 5660 5659 
8501 1117 1116 5661 5660 
8502 1116 1115 5662 5661 
8503 1115 1114 5663 5662 
8504 1114 1113 5664 5663 
8505 1113 1112 5665 5664 
8506 1112 1111 5666 5665 
8507 1111 1110 5667 5666 
8508 1110 1109 5668 5667 
8509 1109 1108 5669 5668 
8510 1108 1107 5670 5669 
8511 1107 1106 5671 5670 
8512 1106 1105 5672 5671 
8513 1105 1104 5673 5672 
8514 1104 1103 5674 5673 
8515 1103 1102 5675 5674 
8516 1102 1101 5676 5675 
8517 1101 1100 5677 5676 
8518 1100 1099 5678 5677 
8519 1099 1098 5679 5678 
8520 1098 1097 5680 5679 
8521 1097 1096 5681 5680 
8522 1096 1095 5682 5681 
8523 1095 1094 5683 5682 
8524 1094 1093 5684 5683 
8525 1093 1092 5685 5684 
8526 1092 1091 5686 5685 
8527 1091 1090 5687 5686 
8528 1090 1089 5688 5687 
8529 1089 1088 5689 5688 
8530 1088 1087 5690 5689 
8531 1087 1086 5691 5690 
8532 1086 1085 5692 5691 
8533 1085 1084 5693 5692 
8534 1084 1083 5694 5693 
8535 1083 1082 5695 5694 
8536 1082 1081 5696 5695 
8537 1081 1080 5697 5696 
8538 1080 1079 5698 5697 
8539 1079 1078 5699 5698 
8540 1078 1077 5700 5699 
8541 1077 1076 5701 5700 
8542 1076 1075 5702 5701 
8543 1075 1074 5703 5702 
8544 1074 1073 5704 5703 
8545 1073 1072 5705 5704 
8546 1072 1071 5706 5705 
8547 1071 1070 5707 5706 
8548 1070 1069 5708 5707 
8549 1069 1068 5709 5708 
8550 1068 1067 5710 5709 
8551 1067 1066 5711 5710 
8552 1066 1065 5712 5711 
8553 1065 1064 5713 5712 
8554 1064 1063 5714 5713 
8555 1063 1062 5715 5714 
8556 1062 1061 5716 5715 
8557 1061 1060 5717 5716 
8558 1060 1059 5718 5717 
8559 1059 1058 5719 5718 
8560 1058 1057 5720 5719 
8561 1057 1056 5721 5720 
8562 1056 1055 5722 5721 
8563 1055 1054 5723 5722 
8564 1054 1053 5724 5723 
8565 1053 1052 5725 5724 
8566 1052 1051 5726 5725 
8567 1051 1050 5727 5726 
8568 1050 1049 5728 5727 
8569 1049 1048 5729 5728 
8570 1048 1047 5730 5729 
8571 1047 1046 5731 5730 
8572 1046 1045 5732 5731 
8573 1045 1044 5733 5732 
8574 1044 1043 5734 5733 
8575 1043 1042 5735 5734 
8576 1042 1041 5736 5735 
8577 1041 1040 5737 5736 
8578 1040 1039 5738 5737 
8579 1039 1038 5739 5738 
8580 1038 1037 5740 5739 
8581 1037 1036 5741 5740 
8582 1036 1035 5742 5741 
8583 1035 1034 5743 5742 
8584 1034 1033 5744 5743 
8585 1033 1032 5745 5744 
8586 1032 1031 5746 5745 
8587 1031 1030 5747 5746 
8588 1030 1029 5748 5747 
8589 1029 1028 5749 5748 
8590 1028 1027 5750 5749 
8591 1027 1026 5751 5750 
8592 1026 1025 5752 5751 
8593 1025 1024 5753 5752 
8594 1024 1023 5754 5753 
8595 1023 1022 5755 5754 
8596 1022 1021 5756 5755 
8597 1021 1020 5757 5756 
8598 1020 1019 5758 5757 
8599 1019 1018 5759 5758 
8600 1018 1017 5760 5759 
8601 1017 1016 5761 5760 
8602 1016 1015 5762 5761 
8603 1015 1014 5763 5762 
8604 1014 1013 5764 5763 
8605 1013 1012 5765 5764 
8606 1012 1011 5766 5765 
8607 1011 1010 5767 5766 
8608 1010 1009 5768 5767 
8609 1009 1008 5769 5768 
8610 1008 1007 5770 5769 
8611 1007 1006 5771 5770 
8612 1006 1005 5772 5771 
8613 1005 1004 5773 5772 
8614 1004 1003 5774 5773 
8615 1003 1002 5775 5774 
8616 1002 1001 5776 5775 
8617 1001 1000 5777 5776 
8618 1000 999 5778 5777 
8619 999 998 5779 5778 
8620 998 997 5780 5779 
8621 997 996 5781 5780 
8622 996 995 5782 5781 
8623 995 994 5783 5782 
8624 994 993 5784 5783 
8625 993 992 5785 5784 
8626 992 991 5786 5785 
8627 991 990 5787 5786 
8628 990 989 5788 5787 
8629 989 988 5789 5788 
8630 988 987 5790 5789 
8631 987 986 5791 5790 
8632 986 985 5792 5791 
8633 985 984 5793 5792 
8634 984 983 5794 5793 
8635 983 982 5795 5794 
8636 982 981 5796 5795 
8637 981 980 5797 5796 
8638 980 979 5798 5797 
8639 979 978 5799 5798 
8640 978 977 5800 5799 
8641 977 976 5801 5800 
8642 976 975 5802 5801 
8643 975 974 5803 5802 
8644 974 973 5804 5803 
8645 973 972 5805 5804 
8646 972 971 5806 5805 
8647 971 970 5807 5806 
8648 970 969 5808 5807 
8649 969 968 5809 5808 
8650 968 967 5810 5809 
8651 967 966 5811 5810 
8652 966 965 5812 5811 
8653 965 964 5813 5812 
8654 964 963 5814 5813 
8655 963 962 5815 5814 
8656 962 961 5816 5815 
8657 961 960 5817 5816 
8658 960 959 5818 5817 
8659 959 958 5819 5818 
8660 958 957 5820 5819 
8661 957 956 5821 5820 
8662 956 955 5822 5821 
8663 955 954 5823 5822 
8664 954 953 5824 5823 
8665 953 952 5825 5824 
8666 952 951 5826 5825 
8667 951 950 5827 5826 
8668 950 949 5828 5827 
8669 949 948 5829 5828 
8670 948 947 5830 5829 
8671 947 946 5831 5830 
8672 946 945 5832 5831 
8673 945 944 5833 5832 
8674 944 943 5834 5833 
8675 943 942 5835 5834 
8676 942 941 5836 5835 
8677 941 940 5837 5836 
8678 940 939 5838 5837 
8679 939 938 5839 5838 
8680 938 937 5840 5839 
8681 937 936 5841 5840 
8682 936 935 5842 5841 
8683 935 934 5843 5842 
8684 934 933 5844 5843 
8685 933 932 5845 5844 
8686 932 931 5846 5845 
8687 931 930 5847 5846 
8688 930 929 5848 5847 
8689 929 928 5849 5848 
8690 928 927 5850 5849 
8691 927 926 5851 5850 
8692 926 925 5852 5851 
8693 925 924 5853 5852 
8694 924 923 5854 5853 
8695 923 922 5855 5854 
8696 922 921 5856 5855 
8697 921 920 5857 5856 
8698 920 919 5858 5857 
8699 919 918 5859 5858 
8700 918 917 5860 5859 
8701 917 916 5861 5860 
8702 916 915 5862 5861 
8703 915 914 5863 5862 
8704 914 913 5864 5863 
8705 913 912 5865 5864 
8706 912 911 5866 5865 
8707 911 910 5867 5866 
8708 910 909 5868 5867 
8709 909 908 5869 5868 
8710 908 907 5870 5869 
8711 907 906 5871 5870 
8712 906 905 5872 5871 
8713 905 904 5873 5872 
8714 904 903 5874 5873 
8715 903 902 5875 5874 
8716 902 901 5876 5875 
8717 901 900 5877 5876 
8718 900 899 5878 5877 
8719 899 898 5879 5878 
8720 898 897 5880 5879 
8721 897 896 5881 5880 
8722 896 895 5882 5881 
8723 895 894 5883 5882 
8724 894 893 5884 5883 
8725 893 892 5885 5884 
8726 892 891 5886 5885 
8727 891 890 5887 5886 
8728 890 889 5888 5887 
8729 889 888 5889 5888 
8730 888 887 5890 5889 
8731 887 886 5891 5890 
8732 886 885 5892 5891 
8733 885 884 5893 5892 
8734 884 883 5894 5893 
8735 883 882 5895 5894 
8736 882 881 5896 5895 
8737 881 880 5897 5896 
8738 880 879 5898 5897 
8739 879 878 5899 5898 
8740 878 877 5900 5899 
8741 877 876 5901 5900 
8742 876 875 5902 5901 
8743 875 874 5903 5902 
8744 874 873 5904 5903 
8745 873 872 5905 5904 
8746 872 871 5906 5905 
8747 871 870 5907 5906 
8748 870 869 5908 5907 
8749 869 868 5909 5908 
8750 868 867 5910 5909 
8751 867 866 5911 5910 
8752 866 865 5912 5911 
8753 865 864 5913 5912 
8754 864 863 5914 5913 
8755 863 862 5915 5914 
8756 862 861 5916 5915 
8757 861 860 5917 5916 
8758 860 859 5918 5917 
8759 859 858 5919 5918 
8760 858 857 5920 5919 
8761 857 856 5921 5920 
8762 856 855 5922 5921 
8763 855 854 5923 5922 
8764 854 853 5924 5923 
8765 853 852 5925 5924 
8766 852 851 5926 5925 
8767 851 850 5927 5926 
8768 850 849 5928 5927 
8769 849 848 5929 5928 
8770 848 847 5930 5929 
8771 847 846 5931 5930 
8772 846 845 5932 5931 
8773 845 844 5933 5932 
8774 844 843 5934 5933 
8775 843 842 5935 5934 
8776 842 841 5936 5935 
8777 841 840 5937 5936 
8778 840 839 5938 5937 
8779 839 838 5939 5938 
8780 838 837 5940 5939 
8781 837 836 5941 5940 
8782 836 835 5942 5941 
8783 835 834 5943 5942 
8784 834 833 5944 5943 
8785 833 832 5945 5944 
8786 832 831 5946 5945 
8787 831 830 5947 5946 
8788 830 829 5948 5947 
8789 829 828 5949 5948 
8790 828 827 5950 5949 
8791 827 826 5951 5950 
8792 826 825 5952 5951 
8793 825 824 5953 5952 
8794 824 823 5954 5953 
8795 823 822 5955 5954 
8796 822 821 5956 5955 
8797 821 820 5957 5956 
8798 820 819 5958 5957 
8799 819 818 5959 5958 
8800 818 817 5960 5959 
8801 817 816 5961 5960 
8802 816 815 5962 5961 
8803 815 814 5963 5962 
8804 814 813 5964 5963 
8805 813 812 5965 5964 
8806 812 811 5966 5965 
8807 811 810 5967 5966 
8808 810 809 5968 5967 
8809 809 808 5969 5968 
8810 808 807 5970 5969 
8811 807 806 5971 5970 
8812 806 805 5972 5971 
8813 805 804 5973 5972 
8814 804 803 5974 5973 
8815 803 802 5975 5974 
8816 802 801 5976 5975 
8817 801 800 5977 5976 
8818 800 799 5978 5977 
8819 799 798 5979 5978 
8820 798 797 5980 5979 
8821 797 796 5981 5980 
8822 796 795 5982 5981 
8823 795 794 5983 5982 
8824 794 793 5984 5983 
8825 793 792 5985 5984 
8826 792 791 5986 5985 
8827 791 790 5987 5986 
8828 790 789 5988 5987 
8829 789 788 5989 5988 
8830 788 787 5990 5989 
8831 787 786 5991 5990 
8832 786 785 5992 5991 
8833 785 784 5993 5992 
8834 784 783 5994 5993 
8835 783 782 5995 5994 
8836 782 781 5996 5995 
8837 781 780 5997 5996 
8838 780 779 5998 5997 
8839 779 778 5999 5998 
8840 778 777 6000 5999 
8841 777 776 6001 6000 
8842 776 775 6002 6001 
8843 775 774 6003 6002 
8844 774 773 6004 6003 
8845 773 772 6005 6004 
8846 772 771 6006 6005 
8847 771 770 6007 6006 
8848 770 769 6008 6007 
8849 769 768 6009 6008 
8850 768 767 6010 6009 
8851 767 766 6011 6010 
8852 766 765 6012 6011 
8853 765 764 6013 6012 
8854 764 763 6014 6013 
8855 763 762 6015 6014 
8856 762 761 6016 6015 
8857 761 760 6017 6016 
8858 760 759 6018 6017 
8859 759 758 6019 6018 
8860 758 757 6020 6019 
8861 757 756 6021 6020 
8862 756 755 6022 6021 
8863 755 754 6023 6022 
8864 754 753 6024 6023 
8865 753 21 1590 6024 
8866 131 5642 6025 132 
8867 5642 5643 6026 6025 
8868 5643 5644 6027 6026 
8869 5644 5645 6028 6027 
8870 5645 5646 6029 6028 
8871 5646 5647 6030 6029 
8872 5647 5648 6031 6030 
8873 5648 5649 6032 6031 
8874 5649 5650 6033 6032 
8875 5650 5651 6034 6033 
8876 5651 5652 6035 6034 
8877 5652 5653 6036 6035 
8878 5653 5654 6037 6036 
8879 5654 5655 6038 6037 
8880 5655 5656 6039 6038 
8881 5656 5657 6040 6039 
8882 5657 5658 6041 6040 
8883 5658 5659 6042 6041 
8884 5659 5660 6043 6042 
8885 5660 5661 6044 6043 
8886 5661 5662 6045 6044 
8887 5662 5663 6046 6045 
8888 5663 5664 6047 6046 
8889 5664 5665 6048 6047 
8890 5665 5666 6049 6048 
8891 5666 5667 6050 6049 
8892 5667 5668 6051 6050 
8893 5668 5669 6052 6051 
8894 5669 5670 6053 6052 
8895 5670 5671 6054 6053 
8896 5671 5672 6055 6054 
8897 5672 5673 6056 6055 
8898 5673 5674 6057 6056 
8899 5674 5675 6058 6057 
8900 5675 5676 6059 6058 
8901 5676 5677 6060 6059 
8902 5677 5678 6061 6060 
8903 5678 5679 6062 6061 
8904 5679 5680 6063 6062 
8905 5680 5681 6064 6063 
8906 5681 5682 6065 6064 
8907 5682 5683 6066 6065 
8908 5683 5684 6067 6066 
8909 5684 5685 6068 6067 
8910 5685 5686 6069 6068 
8911 5686 5687 6070 6069 
8912 5687 5688 6071 6070 
8913 5688 5689 6072 6071 
8914 5689 5690 6073 6072 
8915 5690 5691 6074 6073 
8916 5691 5692 6075 6074 
8917 5692 5693 6076 6075 
8918 5693 5694 6077 6076 
8919 5694 5695 6078 6077 
8920 5695 5696 6079 6078 
8921 5696 5697 6080 6079 
8922 5697 5698 6081 6080 
8923 5698 5699 6082 6081 
8924 5699 5700 6083 6082 
8925 5700 5701 6084 6083 
8926 5701 5702 6085 6084 
8927 5702 5703 6086 6085 
8928 5703 5704 6087 6086 
8929 5704 5705 6088 6087 
8930 5705 5706 6089 6088 
8931 5706 5707 6090 6089 
8932 5707 5708 6091 6090 
8933 5708 5709 6092 6091 
8934 5709 5710 6093 6092 
8935 5710 5711 6094 6093 
8936 5711 5712 6095 6094 
8937 5712 5713 6096 6095 
8938 5713 5714 6097 6096 
8939 5714 5715 6098 6097 
8940 5715 5716 6099 6098 
8941 5716 5717 6100 6099 
8942 5717 5718 6101 6100 
8943 5718 5719 6102 6101 
8944 5719 5720 6103 6102 
8945 5720 5721 6104 6103 
8946 5721 5722 6105 6104 
8947 5722 5723 6106 6105 
8948 5723 5724 6107 6106 
8949 5724 5725 6108 6107 
8950 5725 5726 6109 6108 
8951 5726 5727 6110 6109 
8952 5727 5728 6111 6110 
8953 5728 5729 6112 6111 
8954 5729 5730 6113 6112 
8955 5730 5731 6114 6113 
8956 5731 5732 6115 6114 
8957 5732 5733 6116 6115 
8958 5733 5734 6117 6116 
8959 5734 5735 6118 6117 
8960 5735 5736 6119 6118 
8961 5736 5737 6120 6119 
8962 5737 5738 6121 6120 
8963 5738 5739 6122 6121 
8964 5739 5740 6123 6122 
8965 5740 5741 6124 6123 
8966 5741 5742 6125 6124 
8967 5742 5743 6126 6125 
8968 5743 5744 6127 6126 
8969 5744 5745 6128 6127 
8970 5745 5746 6129 6128 
8971 5746 5747 6130 6129 
8972 5747 5748 6131 6130 
8973 5748 5749 6132 6131 
8974 5749 5750 6133 6132 
8975 5750 5751 6134 6133 
8976 5751 5752 6135 6134 
8977 5752 5753 6136 6135 
8978 5753 5754 6137 6136 
8979 5754 5755 6138 6137 
8980 5755 5756 6139 6138 
8981 5756 5757 6140 6139 
8982 5757 5758 6141 6140 
8983 5758 5759 6142 6141 
8984 5759 5760 6143 6142 
8985 5760 5761 6144 6143 
8986 5761 5762 6145 6144 
8987 5762 5763 6146 6145 
8988 5763 5764 6147 6146 
8989 5764 5765 6148 6147 
8990 5765 5766 6149 6148 
8991 5766 5767 6150 6149 
8992 5767 5768 6151 6150 
8993 5768 5769 6152 6151 
8994 5769 5770 6153 6152 
8995 5770 5771 6154 6153 
8996 5771 5772 6155 6154 
8997 5772 5773 6156 6155 
8998 5773 5774 6157 6156 
8999 5774 5775 6158 6157 
9000 5775 5776 6159 6158 
9001 5776 5777 6160 6159 
9002 5777 5778 6161 6160 
9003 5778 5779 6162 6161 
9004 5779 5780 6163 6162 
9005 5780 5781 6164 6163 
9006 5781 5782 6165 6164 
9007 5782 5783 6166 6165 
9008 5783 5784 6167 6166 
9009 5784 5785 6168 6167 
9010 5785 5786 6169 6168 
9011 5786 5787 6170 6169 
9012 5787 5788 6171 6170 
9013 5788 5789 6172 6171 
9014 5789 5790 6173 6172 
9015 5790 5791 6174 6173 
9016 5791 5792 6175 6174 
9017 5792 5793 6176 6175 
9018 5793 5794 6177 6176 
9019 5794 5795 6178 6177 
9020 5795 5796 6179 6178 
9021 5796 5797 6180 6179 
9022 5797 5798 6181 6180 
9023 5798 5799 6182 6181 
9024 5799 5800 6183 6182 
9025 5800 5801 6184 6183 
9026 5801 5802 6185 6184 
9027 5802 5803 6186 6185 
9028 5803 5804 6187 6186 
9029 5804 5805 6188 6187 
9030 5805 5806 6189 6188 
9031 5806 5807 6190 6189 
9032 5807 5808 6191 6190 
9033 5808 5809 6192 6191 
9034 5809 5810 6193 6192 
9035 5810 5811 6194 6193 
9036 5811 5812 6195 6194 
9037 5812 5813 6196 6195 
9038 5813 5814 6197 6196 
9039 5814 5815 6198 6197 
9040 5815 5816 6199 6198 
9041 5816 5817 6200 6199 
9042 5817 5818 6201 6200 
9043 5818 5819 6202 6201 
9044 5819 5820 6203 6202 
9045 5820 5821 6204 6203 
9046 5821 5822 6205 6204 
9047 5822 5823 6206 6205 
9048 5823 5824 6207 6206 
9049 5824 5825 6208 6207 
9050 5825 5826 6209 6208 
9051 5826 5827 6210 6209 
9052 5827 5828 6211 6210 
9053 5828 5829 6212 6211 
9054 5829 5830 6213 6212 
9055 5830 5831 6214 6213 
9056 5831 5832 6215 6214 
9057 5832 5833 6216 6215 
9058 5833 5834 6217 6216 
9059 5834 5835 6218 6217 
9060 5835 5836 6219 6218 
9061 5836 5837 6220 6219 
9062 5837 5838 6221 6220 
9063 5838 5839 6222 6221 
9064 5839 5840 6223 6222 
9065 5840 5841 6224 6223 
9066 5841 5842 6225 6224 
9067 5842 5843 6226 6225 
9068 5843 5844 6227 6226 
9069 5844 5845 6228 6227 
9070 5845 5846 6229 6228 
9071 5846 5847 6230 6229 
9072 5847 5848 6231 6230 
9073 5848 5849 6232 6231 
9074 5849 5850 6233 6232 
9075 5850 5851 6234 6233 
9076 5851 5852 6235 6234 
9077 5852 5853 6236 6235 
9078 5853 5854 6237 6236 
9079 5854 5855 6238 6237 
9080 5855 5856 6239 6238 
9081 5856 5857 6240 6239 
9082 5857 5858 6241 6240 
9083 5858 5859 6242 6241 
9084 5859 5860 6243 6242 
9085 5860 5861 6244 6243 
9086 5861 5862 6245 6244 
9087 5862 5863 6246 6245 
9088 5863 5864 6247 6246 
9089 5864 5865 6248 6247 
9090 5865 5866 6249 6248 
9091 5866 5867 6250 6249 
9092 5867 5868 6251 6250 
9093 5868 5869 6252 6251 
9094 5869 5870 6253 6252 
9095 5870 5871 6254 6253 
9096 5871 5872 6255 6254 
9097 5872 5873 6256 6255 
9098 5873 5874 6257 6256 
9099 5874 5875 6258 6257 
9100 5875 5876 6259 6258 
9101 5876 5877 6260 6259 
9102 5877 5878 6261 6260 
9103 5878 5879 6262 6261 
9104 5879 5880 6263 6262 
9105 5880 5881 6264 6263 
9106 5881 5882 6265 6264 
9107 5882 5883 6266 6265 
9108 5883 5884 6267 6266 
9109 5884 5885 6268 6267 
9110 5885 5886 6269 6268 
9111 5886 5887 6270 6269 
9112 5887 5888 6271 6270 
9113 5888 5889 6272 6271 
9114 5889 5890 6273 6272 
9115 5890 5891 6274 6273 
9116 5891 5892 6275 6274 
9117 5892 5893 6276 6275 
9118 5893 5894 6277 6276 
9119 5894 5895 6278 6277 
9120 5895 5896 6279 6278 
9121 5896 5897 6280 6279 
9122 5897 5898 6281 6280 
9123 5898 5899 6282 6281 
9124 5899 5900 6283 6282 
9125 5900 5901 6284 6283 
9126 5901 5902 6285 6284 
9127 5902 5903 6286 6285 
9128 5903 5904 6287 6286 
9129 5904 5905 6288 6287 
9130 5905 5906 6289 6288 
9131 5906 5907 6290 6289 
9132 5907 5908 6291 6290 
9133 5908 5909 6292 6291 
9134 5909 5910 6293 6292 
9135 5910 5911 6294 6293 
9136 5911 5912 6295 6294 
9137 5912 5913 6296 6295 
9138 5913 5914 6297 6296 
9139 5914 5915 6298 6297 
9140 5915 5916 6299 6298 
9141 5916 5917 6300 6299 
9142 5917 5918 6301 6300 
9143 5918 5919 6302 6301 
9144 5919 5920 6303 6302 
9145 5920 5921 6304 6303 
9146 5921 5922 6305 6304 
9147 5922 5923 6306 6305 
9148 5923 5924 6307 6306 
9149 5924 5925 6308 6307 
9150 5925 5926 6309 6308 
9151 5926 5927 6310 6309 
9152 5927 5928 6311 6310 
9153 5928 5929 6312 6311 
9154 5929 5930 6313 6312 
9155 5930 5931 6314 6313 
9156 5931 5932 6315 6314 
9157 5932 5933 6316 6315 
9158 5933 5934 6317 6316 
9159 5934 5935 6318 6317 
9160 5935 5936 6319 6318 
9161 5936 5937 6320 6319 
9162 5937 5938 6321 6320 
9163 5938 5939 6322 6321 
9164 5939 5940 6323 6322 
9165 5940 5941 6324 6323 
9166 5941 5942 6325 6324 
9167 5942 5943 6326 6325 
9168 5943 5944 6327 6326 
9169 5944 5945 6328 6327 
9170 5945 5946 6329 6328 
9171 5946 5947 6330 6329 
9172 5947 5948 6331 6330 
9173 5948 5949 6332 6331 
9174 5949 5950 6333 6332 
9175 5950 5951 6334 6333 
9176 5951 5952 6335 6334 
9177 5952 5953 6336 6335 
9178 5953 5954 6337 6336 
9179 5954 5955 6338 6337 
9180 5955 5956 6339 6338 
9181 5956 5957 6340 6339 
9182 5957 5958 6341 6340 
9183 5958 5959 6342 6341 
9184 5959 5960 6343 6342 
9185 5960 5961 6344 6343 
9186 5961 5962 6345 6344 
9187 5962 5963 6346 6345 
9188 5963 5964 6347 6346 
9189 5964 5965 6348 6347 
9190 5965 5966 6349 6348 
9191 5966 5967 6350 6349 
9192 5967 5968 6351 6350 
9193 5968 5969 6352 6351 
9194 5969 5970 6353 6352 
9195 5970 5971 6354 6353 
9196 5971 5972 6355 6354 
9197 5972 5973 6356 6355 
9198 5973 5974 6357 6356 
9199 5974 5975 6358 6357 
9200 5975 5976 6359 6358 
9201 5976 5977 6360 6359 
9202 5977 5978 6361 6360 
9203 5978 5979 6362 6361 
9204 5979 5980 6363 6362 
9205 5980 5981 6364 6363 
9206 5981 5982 6365 6364 
9207 5982 5983 6366 6365 
9208 5983 5984 6367 6366 
9209 5984 5985 6368 6367 
9210 5985 5986 6369 6368 
9211 5986 5987 6370 6369 
9212 5987 5988 6371 6370 
9213 5988 5989 6372 6371 
9214 5989 5990 6373 6372 
9215 5990 5991 6374 6373 
9216 5991 5992 6375 6374 
9217 5992 5993 6376 6375 
9218 5993 5994 6377 6376 
9219 5994 5995 6378 6377 
9220 5995 5996 6379 6378 
9221 5996 5997 6380 6379 
9222 5997 5998 6381 6380 
9223 5998 5999 6382 6381 
9224 5999 6000 6383 6382 
9225 6000 6001 6384 6383 
9226 6001 6002 6385 6384 
9227 6002 6003 6386 6385 
9228 6003 6004 6387 6386 
9229 6004 6005 6388 6387 
9230 6005 6006 6389 6388 
9231 6006 6007 6390 6389 
9232 6007 6008 6391 6390 
9233 6008 6009 6392 6391 
9234 6009 6010 6393 6392 
9235 6010 6011 6394 6393 
9236 6011 6012 6395 6394 
9237 6012 6013 6396 6395 
9238 6013 6014 6397 6396 
9239 6014 6015 6398 6397 
9240 6015 6016 6399 6398 
9241 6016 6017 6400 6399 
9242 6017 6018 6401 6400 
9243 6018 6019 6402 6401 
9244 6019 6020 6403 6402 
9245 6020 6021 6404 6403 
9246 6021 6022 6405 6404 
9247 6022 6023 6406 6405 
9248 6023 6024 6407 6406 
9249 6024 1590 1589 6407 
9250 132 6025 1162 25 
9251 6025 6026 1163 1162 
9252 6026 6027 1164 1163 
9253 6027 6028 1165 1164 
9254 6028 6029 1166 1165 
9255 6029 6030 1167 1166 
9256 6030 6031 1168 1167 
9257 6031 6032 1169 1168 
9258 6032 6033 1170 1169 
9259 6033 6034 1171 1170 
9260 6034 6035 1172 1171 
9261 6035 6036 1173 1172 
9262 6036 6037 1174 1173 
9263 6037 6038 1175 1174 
9264 6038 6039 1176 1175 
9265 6039 6040 1177 1176 
9266 6040 6041 1178 1177 
9267 6041 6042 1179 1178 
9268 6042 6043 1180 1179 
9269 6043 6044 1181 1180 
9270 6044 6045 1182 1181 
9271 6045 6046 1183 1182 
9272 6046 6047 1184 1183 
9273 6047 6048 1185 1184 
9274 6048 6049 1186 1185 
9275 6049 6050 1187 1186 
9276 6050 6051 1188 1187 
9277 6051 6052 1189 1188 
9278 6052 6053 1190 1189 
9279 6053 6054 1191 1190 
9280 6054 6055 1192 1191 
9281 6055 6056 1193 1192 
9282 6056 6057 1194 1193 
9283 6057 6058 1195 1194 
9284 6058 6059 1196 1195 
9285 6059 6060 1197 1196 
9286 6060 6061 1198 1197 
9287 6061 6062 1199 1198 
9288 6062 6063 1200 1199 
9289 6063 6064 1201 1200 
9290 6064 6065 1202 1201 
9291 6065 6066 1203 1202 
9292 6066 6067 1204 1203 
9293 6067 6068 1205 1204 
9294 6068 6069 1206 1205 
9295 6069 6070 1207 1206 
9296 6070 6071 1208 1207 
9297 6071 6072 1209 1208 
9298 6072 6073 1210 1209 
9299 6073 6074 1211 1210 
9300 6074 6075 1212 1211 
9301 6075 6076 1213 1212 
9302 6076 6077 1214 1213 
9303 6077 6078 1215 1214 
9304 6078 6079 1216 1215 
9305 6079 6080 1217 1216 
9306 6080 6081 1218 1217 
9307 6081 6082 1219 1218 
9308 6082 6083 1220 1219 
9309 6083 6084 1221 1220 
9310 6084 6085 1222 1221 
9311 6085 6086 1223 1222 
9312 6086 6087 1224 1223 
9313 6087 6088 1225 1224 
9314 6088 6089 1226 1225 
9315 6089 6090 1227 1226 
9316 6090 6091 1228 1227 
9317 6091 6092 1229 1228 
9318 6092 6093 1230 1229 
9319 6093 6094 1231 1230 
9320 6094 6095 1232 1231 
9321 6095 6096 1233 1232 
9322 6096 6097 1234 1233 
9323 6097 6098 1235 1234 
9324 6098 6099 1236 1235 
9325 6099 6100 1237 1236 
9326 6100 6101 1238 1237 
9327 6101 6102 1239 1238 
9328 6102 6103 1240 1239 
9329 6103 6104 1241 1240 
9330 6104 6105 1242 1241 
9331 6105 6106 1243 1242 
9332 6106 6107 1244 1243 
9333 6107 6108 1245 1244 
9334 6108 6109 1246 1245 
9335 6109 6110 1247 1246 
9336 6110 6111 1248 1247 
9337 6111 6112 1249 1248 
9338 6112 6113 1250 1249 
9339 6113 6114 1251 1250 
9340 6114 6115 1252 1251 
9341 6115 6116 1253 1252 
9342 6116 6117 1254 1253 
9343 6117 6118 1255 1254 
9344 6118 6119 1256 1255 
9345 6119 6120 1257 1256 
9346 6120 6121 1258 1257 
9347 6121 6122 1259 1258 
9348 6122 6123 1260 1259 
9349 6123 6124 1261 1260 
9350 6124 6125 1262 1261 
9351 6125 6126 1263 1262 
9352 6126 6127 1264 1263 
9353 6127 6128 1265 1264 
9354 6128 6129 1266 1265 
9355 6129 6130 1267 1266 
9356 6130 6131 1268 1267 
9357 6131 6132 1269 1268 
9358 6132 6133 1270 1269 
9359 6133 6134 1271 1270 
9360 6134 6135 1272 1271 
9361 6135 6136 1273 1272 
9362 6136 6137 1274 1273 
9363 6137 6138 1275 1274 
9364 6138 6139 1276 1275 
9365 6139 6140 1277 1276 
9366 6140 6141 1278 1277 
9367 6141 6142 1279 1278 
9368 6142 6143 1280 1279 
9369 6143 6144 1281 1280 
9370 6144 6145 1282 1281 
9371 6145 6146 1283 1282 
9372 6146 6147 1284 1283 
9373 6147 6148 1285 1284 
9374 6148 6149 1286 1285 
9375 6149 6150 1287 1286 
9376 6150 6151 1288 1287 
9377 6151 6152 1289 1288 
9378 6152 6153 1290 1289 
9379 6153 6154 1291 1290 
9380 6154 6155 1292 1291 
9381 6155 6156 1293 1292 
9382 6156 6157 1294 1293 
9383 6157 6158 1295 1294 
9384 6158 6159 1296 1295 
9385 6159 6160 1297 1296 
9386 6160 6161 1298 1297 
9387 6161 6162 1299 1298 
9388 6162 6163 1300 1299 
9389 6163 6164 1301 1300 
9390 6164 6165 1302 1301 
9391 6165 6166 1303 1302 
9392 6166 6167 1304 1303 
9393 6167 6168 1305 1304 
9394 6168 6169 1306 1305 
9395 6169 6170 1307 1306 
9396 6170 6171 1308 1307 
9397 6171 6172 1309 1308 
9398 6172 6173 1310 1309 
9399 6173 6174 1311 1310 
9400 6174 6175 1312 1311 
9401 6175 6176 1313 1312 
9402 6176 6177 1314 1313 
9403 6177 6178 1315 1314 
9404 6178 6179 1316 1315 
9405 6179 6180 1317 1316 
9406 6180 6181 1318 1317 
9407 6181 6182 1319 1318 
9408 6182 6183 1320 1319 
9409 6183 6184 1321 1320 
9410 6184 6185 1322 1321 
9411 6185 6186 1323 1322 
9412 6186 6187 1324 1323 
9413 6187 6188 1325 1324 
9414 6188 6189 1326 1325 
9415 6189 6190 1327 1326 
9416 6190 6191 1328 1327 
9417 6191 6192 1329 1328 
9418 6192 6193 1330 1329 
9419 6193 6194 1331 1330 
9420 6194 6195 1332 1331 
9421 6195 6196 1333 1332 
9422 6196 6197 1334 1333 
9423 6197 6198 1335 1334 
9424 6198 6199 1336 1335 
9425 6199 6200 1337 1336 
9426 6200 6201 1338 1337 
9427 6201 6202 1339 1338 
9428 6202 6203 1340 1339 
9429 6203 6204 1341 1340 
9430 6204 6205 1342 1341 
9431 6205 6206 1343 1342 
9432 6206 6207 1344 1343 
9433 6207 6208 1345 1344 
9434 6208 6209 1346 1345 
9435 6209 6210 1347 1346 
9436 6210 6211 1348 1347 
9437 6211 6212 1349 1348 
9438 6212 6213 1350 1349 
9439 6213 6214 1351 1350 
9440 6214 6215 1352 1351 
9441 6215 6216 1353 1352 
9442 6216 6217 1354 1353 
9443 6217 6218 1355 1354 
9444 6218 6219 1356 1355 
9445 6219 6220 1357 1356 
9446 6220 6221 1358 1357 
9447 6221 6222 1359 1358 
9448 6222 6223 1360 1359 
9449 6223 6224 1361 1360 
9450 6224 6225 1362 1361 
9451 6225 6226 1363 1362 
9452 6226 6227 1364 1363 
9453 6227 6228 1365 1364 
9454 6228 6229 1366 1365 
9455 6229 6230 1367 1366 
9456 6230 6231 1368 1367 
9457 6231 6232 1369 1368 
9458 6232 6233 1370 1369 
9459 6233 6234 1371 1370 
9460 6234 6235 1372 1371 
9461 6235 6236 1373 1372 
9462 6236 6237 1374 1373 
9463 6237 6238 1375 1374 
9464 6238 6239 1376 1375 
9465 6239 6240 1377 1376 
9466 6240 6241 1378 1377 
9467 6241 6242 1379 1378 
9468 6242 6243 1380 1379 
9469 6243 6244 1381 1380 
9470 6244 6245 1382 1381 
9471 6245 6246 1383 1382 
9472 6246 6247 1384 1383 
9473 6247 6248 1385 1384 
9474 6248 6249 1386 1385 
9475 6249 6250 1387 1386 
9476 6250 6251 1388 1387 
9477 6251 6252 1389 1388 
9478 6252 6253 1390 1389 
9479 6253 6254 1391 1390 
9480 6254 6255 1392 1391 
9481 6255 6256 1393 1392 
9482 6256 6257 1394 1393 
9483 6257 6258 1395 1394 
9484 6258 6259 1396 1395 
9485 6259 6260 1397 1396 
9486 6260 6261 1398 1397 
9487 6261 6262 1399 1398 
9488 6262 6263 1400 1399 
9489 6263 6264 1401 1400 
9490 6264 6265 1402 1401 
9491 6265 6266 1403 1402 
9492 6266 6267 1404 1403 
9493 6267 6268 1405 1404 
9494 6268 6269 1406 1405 
9495 6269 6270 1407 1406 
9496 6270 6271 1408 1407 
9497 6271 6272 1409 1408 
9498 6272 6273 1410 1409 
9499 6273 6274 1411 1410 
9500 6274 6275 1412 1411 
9501 6275 6276 1413 1412 
9502 6276 6277 1414 1413 
9503 6277 6278 1415 1414 
9504 6278 6279 1416 1415 
9505 6279 6280 1417 1416 
9506 6280 6281 1418 1417 
9507 6281 6282 1419 1418 
9508 6282 6283 1420 1419 
9509 6283 6284 1421 1420 
9510 6284 6285 1422 1421 
9511 6285 6286 1423 1422 
9512 6286 6287 1424 1423 
9513 6287 6288 1425 1424 
9514 6288 6289 1426 1425 
9515 6289 6290 1427 1426 
9516 6290 6291 1428 1427 
9517 6291 6292 1429 1428 
9518 6292 6293 1430 1429 
9519 6293 6294 1431 1430 
9520 6294 6295 1432 1431 
9521 6295 6296 1433 1432 
9522 6296 6297 1434 1433 
9523 6297 6298 1435 1434 
9524 6298 6299 1436 1435 
9525 6299 6300 1437 1436 
9526 6300 6301 1438 1437 
9527 6301 6302 1439 1438 
9528 6302 6303 1440 1439 
9529 6303 6304 1441 1440 
9530 6304 6305 1442 1441 
9531 6305 6306 1443 1442 
9532 6306 6307 1444 1443 
9533 6307 6308 1445 1444 
9534 6308 6309 1446 1445 
9535 6309 6310 1447 1446 
9536 6310 6311 1448 1447 
9537 6311 6312 1449 1448 
9538 6312 6313 1450 1449 
9539 6313 6314 1451 1450 
9540 6314 6315 1452 1451 
9541 6315 6316 1453 1452 
9542 6316 6317 1454 1453 
9543 6317 6318 1455 1454 
9544 6318 6319 1456 1455 
9545 6319 6320 1457 1456 
9546 6320 6321 1458 1457 
9547 6321 6322 1459 1458 
9548 6322 6323 1460 1459 
9549 6323 6324 1461 1460 
9550 6324 6325 1462 1461 
9551 6325 6326 1463 1462 
9552 6326 6327 1464 1463 
9553 6327 6328 1465 1464 
9554 6328 6329 1466 1465 
9555 6329 6330 1467 1466 
9556 6330 6331 1468 1467 
9557 6331 6332 1469 1468 
9558 6332 6333 1470 1469 
9559 6333 6334 1471 1470 
9560 6334 6335 1472 1471 
9561 6335 6336 1473 1472 
9562 6336 6337 1474 1473 
9563 6337 6338 1475 1474 
9564 6338 6339 1476 1475 
9565 6339 6340 1477 1476 
9566 6340 6341 1478 1477 
9567 6341 6342 1479 1478 
9568 6342 6343 1480 1479 
9569 6343 6344 1481 1480 
9570 6344 6345 1482 1481 
9571 6345 6346 1483 1482 
9572 6346 6347 1484 1483 
9573 6347 6348 1485 1484 
9574 6348 6349 1486 1485 
9575 6349 6350 1487 1486 
9576 6350 6351 1488 1487 
9577 6351 6352 1489 1488 
9578 6352 6353 1490 1489 
9579 6353 6354 1491 1490 
9580 6354 6355 1492 1491 
9581 6355 6356 1493 1492 
9582 6356 6357 1494 1493 
9583 6357 6358 1495 1494 
9584 6358 6359 1496 1495 
9585 6359 6360 1497 1496 
9586 6360 6361 1498 1497 
9587 6361 6362 1499 1498 
9588 6362 6363 1500 1499 
9589 6363 6364 1501 1500 
9590 6364 6365 1502 1501 
9591 6365 6366 1503 1502 
9592 6366 6367 1504 1503 
9593 6367 6368 1505 1504 
9594 6368 6369 1506 1505 
9595 6369 6370 1507 1506 
9596 6370 6371 1508 1507 
9597 6371 6372 1509 1508 
9598 6372 6373 1510 1509 
9599 6373 6374 1511 1510 
9600 6374 6375 1512 1511 
9601 6375 6376 1513 1512 
9602 6376 6377 1514 1513 
9603 6377 6378 1515 1514 
9604 6378 6379 1516 1515 
9605 6379 6380 1517 1516 
9606 6380 6381 1518 1517 
9607 6381 6382 1519 1518 
9608 6382 6383 1520 1519 
9609 6383 6384 1521 1520 
9610 6384 6385 1522 1521 
9611 6385 6386 1523 1522 
9612 6386 6387 1524 1523 
9613 6387 6388 1525 1524 
9614 6388 6389 1526 1525 
9615 6389 6390 1527 1526 
9616 6390 6391 1528 1527 
9617 6391 6392 1529 1528 
9618 6392 6393 1530 1529 
9619 6393 6394 1531 1530 
9620 6394 6395 1532 1531 
9621 6395 6396 1533 1532 
9622 6396 6397 1534 1533 
9623 6397 6398 1535 1534 
9624 6398 6399 1536 1535 
9625 6399 6400 1537 1536 
9626 6400 6401 1538 1537 
9627 6401 6402 1539 1538 
9628 6402 6403 1540 1539 
9629 6403 6404 1541 1540 
9630 6404 6405 1542 1541 
9631 6405 6406 1543 1542 
9632 6406 6407 1544 1543 
9633 6407 1589 24 1544 
$EndElements
