$MeshFormat
4.1 0 8
$EndMeshFormat
$Entities
28 31 4 0
1 -100 0 0 0 
2 0 0 0 0 
3 0 -1.75 0 0 
4 72.5 -1.75 0 0 
5 72.5 0 0 0 
6 1072.5 0 0 0 
7 1072.5 0.25 0 0 
8 1072.5 150 0 0 
9 -100 150 0 0 
10 -100 0.25 0 0 
11 0 0.25 0 0 
12 72.5 0.25 0 0 
13 36.25 0 0 0 
14 36.25 0.25 0 0 
15 0 -0.875 0 0 
16 36.25 -1.75 0 0 
17 72.5 -0.875 0 0 
18 -16 0 0 0 
19 -16 0.25 0 0 
20 88.5 0 0 0 
21 88.5 0.25 0 0 
22 -100 3.75 0 0 
23 -16 3.75 0 0 
24 88.5 3.75 0 0 
25 1072.5 3.75 0 0 
26 0 3.75 0 0 
27 36.25 3.75 0 0 
28 72.5 3.75 0 0 
1 -100 0 0 -16 0 0 1 4 2 1 -18 
2 0 -0.875 0 0 0 0 1 4 2 2 -15 
3 0 -1.75 0 36.25 -1.75 0 1 4 2 3 -16 
4 72.5 -1.75 0 72.5 -0.875 0 1 4 2 4 -17 
5 72.5 0 0 88.5 0 0 1 4 2 5 -20 
6 1072.5 0 0 1072.5 0.25 0 1 2 2 6 -7 
7 1072.5 0.25 0 1072.5 3.75 0 1 2 2 7 -25 
8 -100 150 0 1072.5 150 0 1 3 2 8 -9 
9 -100 3.75 0 -100 150 0 1 1 2 9 -22 
10 -100 0.25 0 -16 0.25 0 0 2 10 -19 
11 -100 0 0 -100 0.25 0 1 1 2 10 -1 
12 0 0.25 0 36.25 0.25 0 0 2 11 -14 
13 72.5 0.25 0 88.5 0.25 0 0 2 12 -21 
14 0 0 0 36.25 0 0 0 2 2 -13 
15 0 -1.75 0 0 -0.875 0 1 4 2 15 -3 
16 36.25 -1.75 0 72.5 -1.75 0 1 4 2 16 -4 
17 72.5 -0.875 0 72.5 0 0 1 4 2 17 -5 
18 36.25 0 0 72.5 0 0 0 2 13 -5 
19 36.25 0.25 0 72.5 0.25 0 0 2 14 -12 
20 -16 0 0 0 0 0 1 4 2 18 -2 
21 88.5 0 0 1072.5 0 0 1 4 2 20 -6 
22 88.5 0.25 0 1072.5 0.25 0 0 2 21 -7 
23 -16 0.25 0 0 0.25 0 0 2 19 -11 
24 -100 0.25 0 -100 3.75 0 1 1 2 22 -10 
25 1072.5 3.75 0 1072.5 150 0 1 2 2 25 -8 
26 88.5 3.75 0 1072.5 3.75 0 0 2 25 -24 
27 -100 3.75 0 -16 3.75 0 0 2 22 -23 
30 -16 3.75 0 0 3.75 0 0 2 23 -26 
31 0 3.75 0 36.25 3.75 0 0 2 26 -27 
32 36.25 3.75 0 72.5 3.75 0 0 2 27 -28 
33 72.5 3.75 0 88.5 3.75 0 0 2 28 -24 
1 -100 0 0 1072.5 0.25 0 1 100 14 5 21 6 -22 -13 -19 -12 -23 -10 11 1 20 14 18 
2 0 -1.75 0 72.5 0 0 1 101 8 2 15 3 16 4 17 -18 -14 
3 -100 3.75 0 1072.5 150 0 1 102 9 -26 25 8 9 27 30 31 32 33 
4 -100 0.25 0 1072.5 3.75 0 1 101 14 -24 27 30 31 32 33 -26 -7 -22 -13 -19 -12 -23 -10 
$EndEntities
$Nodes
63 3849 1 3849
0 1 0 1
1
-100 0 0
0 2 0 1
2
0 0 0
0 3 0 1
3
0 -1.75 0
0 4 0 1
4
72.5 -1.75 0
0 5 0 1
5
72.5 0 0
0 6 0 1
6
1072.5 0 0
0 7 0 1
7
1072.5 0.25 0
0 8 0 1
8
1072.5 150 0
0 9 0 1
9
-100 150 0
0 10 0 1
10
-100 0.25 0
0 11 0 1
11
0 0.25 0
0 12 0 1
12
72.5 0.25 0
0 13 0 1
13
36.25 0 0
0 14 0 1
14
36.25 0.25 0
0 15 0 1
15
0 -0.875 0
0 16 0 1
16
36.25 -1.75 0
0 17 0 1
17
72.5 -0.875 0
0 18 0 1
18
-16 0 0
0 19 0 1
19
-16 0.25 0
0 20 0 1
20
88.5 0 0
0 21 0 1
21
88.5 0.25 0
0 22 0 1
22
-100 3.75 0
0 23 0 1
23
-16 3.75 0
0 24 0 1
24
88.5 3.75 0
0 25 0 1
25
1072.5 3.75 0
0 26 0 1
26
0 3.75 0
0 27 0 1
27
36.25 3.75 0
0 28 0 1
28
72.5 3.75 0
1 1 0 20
29
30
31
32
33
34
35
36
37
38
39
40
41
42
43
44
45
46
47
48
-95.58527046937866 0 0
-91.21468823266611 0 0
-86.88781181580126 0 0
-82.60420415867605 0 0
-78.36343257713837 0 0
-74.16506871323423 0 0
-70.00868848650846 0 0
-65.8938720650049 0 0
-61.82020381161699 0 0
-57.78727223817417 0 0
-53.79466997884192 0 0
-49.84199374553916 0 0
-45.92884427781397 0 0
-42.05482630008553 0 0
-38.21954849842778 0 0
-34.42262347905 0 0
-30.66366770896734 0 0
-26.94230149533101 0 0
-23.25814894616619 0 0
-19.61083791980739 0 0
1 2 0 1
49
0 -0.4144736842446503 0
1 3 0 46
50
51
52
53
54
55
56
57
58
59
60
61
62
63
64
65
66
67
68
69
70
71
72
73
74
75
76
77
78
79
80
81
82
83
84
85
86
87
88
89
90
91
92
93
94
95
0.2176766327916754 -1.75 0
0.445743570495811 -1.75 0
0.684696783044929 -1.75 0
0.9350558898679516 -1.75 0
1.197365324398278 -1.75 0
1.472195519420181 -1.75 0
1.760144128872787 -1.75 0
2.061837316997173 -1.75 0
2.377931146115889 -1.75 0
2.709113009028397 -1.75 0
3.056103107119808 -1.75 0
3.419656009081117 -1.75 0
3.800562294568764 -1.75 0
4.199650293514808 -1.75 0
4.617787876107523 -1.75 0
5.055884325654891 -1.75 0
5.514892328272001 -1.75 0
5.99581005218946 -1.75 0
6.499683310583078 -1.75 0
7.027607843723563 -1.75 0
7.580731680237143 -1.75 0
8.160257647709805 -1.75 0
8.767445999760676 -1.75 0
9.40361712629557 -1.75 0
10.07015446091865 -1.75 0
10.76850748153434 -1.75 0
11.50019482372904 -1.75 0
12.26680762548684 -1.75 0
13.07001298642305 -1.75 0
13.91155756599912 -1.75 0
14.79327140225124 -1.75 0
15.71707188066955 -1.75 0
16.68496791660786 -1.75 0
17.69906431316288 -1.75 0
18.76156634195939 -1.75 0
19.87478454010426 -1.75 0
21.04113971972035 -1.75 0
22.26316826056735 -1.75 0
23.54352761320407 -1.75 0
24.88500207821697 -1.75 0
26.29050883357657 -1.75 0
27.76310431218823 -1.75 0
29.30599086214443 -1.75 0
30.92252367297663 -1.75 0
32.61621807704995 -1.75 0
34.39075720810304 -1.75 0
1 4 0 1
96
72.5 -1.335526315756201 0
1 5 0 19
97
98
99
100
101
102
103
104
105
106
107
108
109
110
111
112
113
114
115
72.74605024581311 0 0
73.01943940374818 0 0
73.32320513552158 0 0
73.6607226112834 0 0
74.03574203288767 0 0
74.45243027467511 0 0
74.91541721105216 0 0
75.42984714552183 0 0
76.0014359584417 0 0
76.63653464153265 0 0
77.34219983564694 0 0
78.12627226660425 0 0
78.99746386401938 0 0
79.96545453502127 0 0
81.04099972001838 0 0
82.23604991629158 0 0
83.56388347335266 0 0
85.03925409966763 0 0
86.67855478732766 0 0
1 6 0 0
1 7 0 2
116
117
1072.5 0.7500000064154115 0
1072.5 1.750000003309903 0
1 8 0 17
118
119
120
121
122
123
124
125
126
127
128
129
130
131
132
133
134
1007.361111111459 150 0
942.2222222224297 150 0
877.083333333874 150 0
811.9444444454759 150 0
746.8055555570782 150 0
681.6666666686801 150 0
616.5277777802823 150 0
551.3888888917612 150 0
486.250000002732 150 0
421.1111111137023 150 0
355.9722222246727 150 0
290.8333333356429 150 0
225.6944444466133 150 0
160.5555555575838 150 0
95.41666666855406 150 0
30.27777777932215 150 0
-34.8611111103387 150 0
1 9 0 10
135
136
137
138
139
140
141
142
143
144
-100 118.0013358388749 0
-100 92.40240446935607 0
-100 71.92325935088901 0
-100 55.53994313122593 0
-100 42.43329018160613 0
-100 31.94796775765479 0
-100 23.55970984317716 0
-100 16.8491036351063 0
-100 11.48061855653569 0
-100 7.185830365230487 0
1 10 0 20
145
146
147
148
149
150
151
152
153
154
155
156
157
158
159
160
161
162
163
164
-95.58527046937866 0.25 0
-91.21468823266611 0.25 0
-86.88781181580126 0.25 0
-82.60420415867605 0.25 0
-78.36343257713837 0.25 0
-74.16506871323423 0.25 0
-70.00868848650846 0.25 0
-65.8938720650049 0.25 0
-61.82020381161699 0.25 0
-57.78727223817417 0.25 0
-53.79466997884192 0.25 0
-49.84199374553916 0.25 0
-45.92884427781397 0.25 0
-42.05482630008553 0.25 0
-38.21954849842778 0.25 0
-34.42262347905 0.25 0
-30.66366770896734 0.25 0
-26.94230149533101 0.25 0
-23.25814894616619 0.25 0
-19.61083791980739 0.25 0
1 11 0 0
1 12 0 46
165
166
167
168
169
170
171
172
173
174
175
176
177
178
179
180
181
182
183
184
185
186
187
188
189
190
191
192
193
194
195
196
197
198
199
200
201
202
203
204
205
206
207
208
209
210
0.2176766327916754 0.25 0
0.445743570495811 0.25 0
0.684696783044929 0.25 0
0.9350558898679516 0.25 0
1.197365324398278 0.25 0
1.472195519420181 0.25 0
1.760144128872787 0.25 0
2.061837316997173 0.25 0
2.377931146115889 0.25 0
2.709113009028397 0.25 0
3.056103107119808 0.25 0
3.419656009081117 0.25 0
3.800562294568764 0.25 0
4.199650293514808 0.25 0
4.617787876107523 0.25 0
5.055884325654891 0.25 0
5.514892328272001 0.25 0
5.99581005218946 0.25 0
6.499683310583078 0.25 0
7.027607843723563 0.25 0
7.580731680237143 0.25 0
8.160257647709805 0.25 0
8.767445999760676 0.25 0
9.40361712629557 0.25 0
10.07015446091865 0.25 0
10.76850748153434 0.25 0
11.50019482372904 0.25 0
12.26680762548684 0.25 0
13.07001298642305 0.25 0
13.91155756599912 0.25 0
14.79327140225124 0.25 0
15.71707188066955 0.25 0
16.68496791660786 0.25 0
17.69906431316288 0.25 0
18.76156634195939 0.25 0
19.87478454010426 0.25 0
21.04113971972035 0.25 0
22.26316826056735 0.25 0
23.54352761320407 0.25 0
24.88500207821697 0.25 0
26.29050883357657 0.25 0
27.76310431218823 0.25 0
29.30599086214443 0.25 0
30.92252367297663 0.25 0
32.61621807704995 0.25 0
34.39075720810304 0.25 0
1 13 0 19
211
212
213
214
215
216
217
218
219
220
221
222
223
224
225
226
227
228
229
72.74605024581311 0.25 0
73.01943940374818 0.25 0
73.32320513552158 0.25 0
73.6607226112834 0.25 0
74.03574203288767 0.25 0
74.45243027467511 0.25 0
74.91541721105216 0.25 0
75.42984714552183 0.25 0
76.0014359584417 0.25 0
76.63653464153265 0.25 0
77.34219983564694 0.25 0
78.12627226660425 0.25 0
78.99746386401938 0.25 0
79.96545453502127 0.25 0
81.04099972001838 0.25 0
82.23604991629158 0.25 0
83.56388347335266 0.25 0
85.03925409966763 0.25 0
86.67855478732766 0.25 0
1 14 0 46
230
231
232
233
234
235
236
237
238
239
240
241
242
243
244
245
246
247
248
249
250
251
252
253
254
255
256
257
258
259
260
261
262
263
264
265
266
267
268
269
270
271
272
273
274
275
0.2176766327916754 0 0
0.445743570495811 0 0
0.684696783044929 0 0
0.9350558898679516 0 0
1.197365324398278 0 0
1.472195519420181 0 0
1.760144128872787 0 0
2.061837316997173 0 0
2.377931146115889 0 0
2.709113009028397 0 0
3.056103107119808 0 0
3.419656009081117 0 0
3.800562294568764 0 0
4.199650293514808 0 0
4.617787876107523 0 0
5.055884325654891 0 0
5.514892328272001 0 0
5.99581005218946 0 0
6.499683310583078 0 0
7.027607843723563 0 0
7.580731680237143 0 0
8.160257647709805 0 0
8.767445999760676 0 0
9.40361712629557 0 0
10.07015446091865 0 0
10.76850748153434 0 0
11.50019482372904 0 0
12.26680762548684 0 0
13.07001298642305 0 0
13.91155756599912 0 0
14.79327140225124 0 0
15.71707188066955 0 0
16.68496791660786 0 0
17.69906431316288 0 0
18.76156634195939 0 0
19.87478454010426 0 0
21.04113971972035 0 0
22.26316826056735 0 0
23.54352761320407 0 0
24.88500207821697 0 0
26.29050883357657 0 0
27.76310431218823 0 0
29.30599086214443 0 0
30.92252367297663 0 0
32.61621807704995 0 0
34.39075720810304 0 0
1 15 0 1
276
0 -1.335526315446832 0
1 16 0 58
277
278
279
280
281
282
283
284
285
286
287
288
289
290
291
292
293
294
295
296
297
298
299
300
301
302
303
304
305
306
307
308
309
310
311
312
313
314
315
316
317
318
319
320
321
322
323
324
325
326
327
328
329
330
331
332
333
334
37.59679776794293 -1.75 0
38.90110738287343 -1.75 0
40.16426923667194 -1.75 0
41.38758143834519 -1.75 0
42.57230114898715 -1.75 0
43.71964586674991 -1.75 0
44.83079468311486 -1.75 0
45.90688948502476 -1.75 0
46.94903614289617 -1.75 0
47.95830563930866 -1.75 0
48.93573516362163 -1.75 0
49.88232918655829 -1.75 0
50.79906049541162 -1.75 0
51.68687118806179 -1.75 0
52.54667363221179 -1.75 0
53.37935142244928 -1.75 0
54.18576027855611 -1.75 0
54.96672892138353 -1.75 0
55.72305992784206 -1.75 0
56.45553054929465 -1.75 0
57.16489352179894 -1.75 0
57.85187784156714 -1.75 0
58.51718949496199 -1.75 0
59.16151219654452 -1.75 0
59.78550810475716 -1.75 0
60.38981847972138 -1.75 0
60.97506434431506 -1.75 0
61.54184713711808 -1.75 0
62.09074932494791 -1.75 0
62.62233500285581 -1.75 0
63.1371504644513 -1.75 0
63.63572476275662 -1.75 0
64.1185702692031 -1.75 0
64.58618318973113 -1.75 0
65.0390440655775 -1.75 0
65.4776182938309 -1.75 0
65.90235658917155 -1.75 0
66.31369543542363 -1.75 0
66.71205754931154 -1.75 0
67.09785231675379 -1.75 0
67.47147620947246 -1.75 0
67.83331318487629 -1.75 0
68.1837350942164 -1.75 0
68.52310205696017 -1.75 0
68.85176282907915 -1.75 0
69.17005516472548 -1.75 0
69.47830615564544 -1.75 0
69.77683258346586 -1.75 0
70.06594124095584 -1.75 0
70.34592922548302 -1.75 0
70.61708427320548 -1.75 0
70.87968504617899 -1.75 0
71.13400141179673 -1.75 0
71.38029472830996 -1.75 0
71.61881809678414 -1.75 0
71.8498166392344 -1.75 0
72.07352774205238 -1.75 0
72.2901813109971 -1.75 0
1 17 0 1
335
72.5 -0.414473684553715 0
1 18 0 58
336
337
338
339
340
341
342
343
344
345
346
347
348
349
350
351
352
353
354
355
356
357
358
359
360
361
362
363
364
365
366
367
368
369
370
371
372
373
374
375
376
377
378
379
380
381
382
383
384
385
386
387
388
389
390
391
392
393
37.59679776794293 0 0
38.90110738287343 0 0
40.16426923667194 0 0
41.38758143834519 0 0
42.57230114898715 0 0
43.71964586674991 0 0
44.83079468311486 0 0
45.90688948502476 0 0
46.94903614289617 0 0
47.95830563930866 0 0
48.93573516362163 0 0
49.88232918655829 0 0
50.79906049541162 0 0
51.68687118806179 0 0
52.54667363221179 0 0
53.37935142244928 0 0
54.18576027855611 0 0
54.96672892138353 0 0
55.72305992784206 0 0
56.45553054929465 0 0
57.16489352179894 0 0
57.85187784156714 0 0
58.51718949496199 0 0
59.16151219654452 0 0
59.78550810475716 0 0
60.38981847972138 0 0
60.97506434431506 0 0
61.54184713711808 0 0
62.09074932494791 0 0
62.62233500285581 0 0
63.1371504644513 0 0
63.63572476275662 0 0
64.1185702692031 0 0
64.58618318973113 0 0
65.0390440655775 0 0
65.4776182938309 0 0
65.90235658917155 0 0
66.31369543542363 0 0
66.71205754931154 0 0
67.09785231675379 0 0
67.47147620947246 0 0
67.83331318487629 0 0
68.1837350942164 0 0
68.52310205696017 0 0
68.85176282907915 0 0
69.17005516472548 0 0
69.47830615564544 0 0
69.77683258346586 0 0
70.06594124095584 0 0
70.34592922548302 0 0
70.61708427320548 0 0
70.87968504617899 0 0
71.13400141179673 0 0
71.38029472830996 0 0
71.61881809678414 0 0
71.8498166392344 0 0
72.07352774205238 0 0
72.2901813109971 0 0
1 19 0 58
394
395
396
397
398
399
400
401
402
403
404
405
406
407
408
409
410
411
412
413
414
415
416
417
418
419
420
421
422
423
424
425
426
427
428
429
430
431
432
433
434
435
436
437
438
439
440
441
442
443
444
445
446
447
448
449
450
451
37.59679776794293 0.25 0
38.90110738287343 0.25 0
40.16426923667194 0.25 0
41.38758143834519 0.25 0
42.57230114898715 0.25 0
43.71964586674991 0.25 0
44.83079468311486 0.25 0
45.90688948502476 0.25 0
46.94903614289617 0.25 0
47.95830563930866 0.25 0
48.93573516362163 0.25 0
49.88232918655829 0.25 0
50.79906049541162 0.25 0
51.68687118806179 0.25 0
52.54667363221179 0.25 0
53.37935142244928 0.25 0
54.18576027855611 0.25 0
54.96672892138353 0.25 0
55.72305992784206 0.25 0
56.45553054929465 0.25 0
57.16489352179894 0.25 0
57.85187784156714 0.25 0
58.51718949496199 0.25 0
59.16151219654452 0.25 0
59.78550810475716 0.25 0
60.38981847972138 0.25 0
60.97506434431506 0.25 0
61.54184713711808 0.25 0
62.09074932494791 0.25 0
62.62233500285581 0.25 0
63.1371504644513 0.25 0
63.63572476275662 0.25 0
64.1185702692031 0.25 0
64.58618318973113 0.25 0
65.0390440655775 0.25 0
65.4776182938309 0.25 0
65.90235658917155 0.25 0
66.31369543542363 0.25 0
66.71205754931154 0.25 0
67.09785231675379 0.25 0
67.47147620947246 0.25 0
67.83331318487629 0.25 0
68.1837350942164 0.25 0
68.52310205696017 0.25 0
68.85176282907915 0.25 0
69.17005516472548 0.25 0
69.47830615564544 0.25 0
69.77683258346586 0.25 0
70.06594124095584 0.25 0
70.34592922548302 0.25 0
70.61708427320548 0.25 0
70.87968504617899 0.25 0
71.13400141179673 0.25 0
71.38029472830996 0.25 0
71.61881809678414 0.25 0
71.8498166392344 0.25 0
72.07352774205238 0.25 0
72.2901813109971 0.25 0
1 20 0 11
452
453
454
455
456
457
458
459
460
461
462
-12.56387102550211 0 0
-9.814967827483326 0 0
-7.615845275505103 0 0
-5.856547240121069 0 0
-4.449108798773148 0 0
-3.323158057514666 0 0
-2.422397473963761 0 0
-1.70178900303172 0 0
-1.125302221953403 0 0
-0.6641127840878518 0 0
-0.2951612244527322 0 0
1 21 0 263
463
464
465
466
467
468
469
470
471
472
473
474
475
476
477
478
479
480
481
482
483
484
485
486
487
488
489
490
491
492
493
494
495
496
497
498
499
500
501
502
503
504
505
506
507
508
509
510
511
512
513
514
515
516
517
518
519
520
521
522
523
524
525
526
527
528
529
530
531
532
533
534
535
536
537
538
539
540
541
542
543
544
545
546
547
548
549
550
551
552
553
554
555
556
557
558
559
560
561
562
563
564
565
566
567
568
569
570
571
572
573
574
575
576
577
578
579
580
581
582
583
584
585
586
587
588
589
590
591
592
593
594
595
596
597
598
599
600
601
602
603
604
605
606
607
608
609
610
611
612
613
614
615
616
617
618
619
620
621
622
623
624
625
626
627
628
629
630
631
632
633
634
635
636
637
638
639
640
641
642
643
644
645
646
647
648
649
650
651
652
653
654
655
656
657
658
659
660
661
662
663
664
665
666
667
668
669
670
671
672
673
674
675
676
677
678
679
680
681
682
683
684
685
686
687
688
689
690
691
692
693
694
695
696
697
698
699
700
701
702
703
704
705
706
707
708
709
710
711
712
713
714
715
716
717
718
719
720
721
722
723
724
725
90.29427320709831 0 0
92.09756282631949 0 0
93.90991420060429 0 0
95.73137287138999 0 0
97.56198461694956 0 0
99.40179541872452 0 0
101.2508514993298 0 0
103.1091993260381 0 0
104.9768855753228 0 0
106.8539571727574 0 0
108.7404612947106 0 0
110.6364453347844 0 0
112.5419569051767 0 0
114.4570439133999 0 0
116.38175449092 0 0
118.316136995678 0 0
120.2602400142622 0 0
122.2141124012142 0 0
124.1778032448573 0 0
126.151361869523 0 0
128.1348378749135 0 0
130.1282811019854 0 0
132.1317416352329 0 0
134.1452698053578 0 0
136.1689161915899 0 0
138.202731661144 0 0
140.2467673351983 0 0
142.3010745545251 0 0
144.3657049186365 0 0
146.4407102885691 0 0
148.526142826069 0 0
150.6220549232882 0 0
152.7284992412722 0 0
154.8455287135611 0 0
156.9731965112198 0 0
159.1115561196076 0 0
161.2606612674375 0 0
163.420565929352 0 0
165.5913243652684 0 0
167.7729911233636 0 0
169.9656210427116 0 0
172.1692692195623 0 0
174.3839910096521 0 0
176.6098420680206 0 0
178.8468783149827 0 0
181.0951559388704 0 0
183.3547314355445 0 0
185.6256615747982 0 0
187.9080034027945 0 0
190.2018142820109 0 0
192.507151857339 0 0
194.8240740589561 0 0
197.1526390684688 0 0
199.4929053949554 0 0
201.8449318786399 0 0
204.2087775832359 0 0
206.5845019088052 0 0
208.9721645587493 0 0
211.371825505349 0 0
213.7835450666795 0 0
216.2073838361833 0 0
218.6434026853964 0 0
221.091662803813 0 0
223.5522257387735 0 0
226.0251533254998 0 0
228.5105076895445 0 0
231.0083512871182 0 0
233.5187468712062 0 0
236.0417574948244 0 0
238.5774465506808 0 0
241.1258777748482 0 0
243.6871151762276 0 0
246.2612231130287 0 0
248.8482662597686 0 0
251.4483096099353 0 0
254.06141851653 0 0
256.6876586216539 0 0
259.3270958963619 0 0
261.9797966809127 0 0
264.6458276515444 0 0
267.3252557501605 0 0
270.0181482974131 0 0
272.7245729970409 0 0
275.4445978285136 0 0
278.1782911238126 0 0
280.9257215711085 0 0
283.6869581813471 0 0
286.4620703283599 0 0
289.2511277893679 0 0
292.0542006385189 0 0
294.8713592495908 0 0
297.7026744100716 0 0
300.5482172882724 0 0
303.4080594000998 0 0
306.2822725758541 0 0
309.1709290369324 0 0
312.0741013634188 0 0
314.9918624969748 0 0
317.9242857452341 0 0
320.871444784748 0 0
323.8334136654347 0 0
326.8102668135823 0 0
329.8020790363519 0 0
332.80892548809 0 0
335.830881711268 0 0
338.8680236399667 0 0
341.9204276041262 0 0
344.9881702963389 0 0
348.0713287757884 0 0
351.1699805085973 0 0
354.2842033721931 0 0
357.4140755854684 0 0
360.5596757859661 0 0
363.721083034333 0 0
366.8983767445697 0 0
370.0916367613053 0 0
373.3009433275917 0 0
376.5263770516246 0 0
379.7680189844764 0 0
383.0259505876141 0 0
386.3002537000792 0 0
389.5910105791969 0 0
392.8983039049338 0 0
396.2222167839204 0 0
399.5628327538722 0 0
402.9202357509271 0 0
406.2945101137611 0 0
409.6857406244854 0 0
413.0940125131932 0 0
416.5194113886777 0 0
419.9620233158019 0 0
423.4219348205146 0 0
426.8992328202934 0 0
430.3940046652356 0 0
433.9063381791827 0 0
437.4363216277468 0 0
440.9840436856368 0 0
444.5495934778811 0 0
448.1330605843353 0 0
451.734535080975 0 0
455.3541074713413 0 0
458.9918686536672 0 0
462.6479100357683 0 0
466.3223234665911 0 0
470.0152012769391 0 0
473.7266362849591 0 0
477.4567217266901 0 0
481.2055512976304 0 0
484.9732191939724 0 0
488.7598201178571 0 0
492.5654492084392 0 0
496.390202046476 0 0
500.2341747324531 0 0
504.0974638552388 0 0
507.9801664964157 0 0
511.8823802357551 0 0
515.8042030821499 0 0
519.745733551857 0 0
523.7070707105258 0 0
527.6883141049348 0 0
531.6895637308013 0 0
535.7109201479838 0 0
539.7524844127238 0 0
543.8143580451967 0 0
547.8966431084525 0 0
551.999442140032 0 0
556.1228582302485 0 0
560.2669950281164 0 0
564.4319566359659 0 0
568.6178476878445 0 0
572.8247733551907 0 0
577.0528393518166 0 0
581.3021519396648 0 0
585.5728178603721 0 0
589.8649444138657 0 0
594.178639427493 0 0
598.5140112975828 0 0
602.871168959024 0 0
607.2502218897944 0 0
611.6512801173679 0 0
616.0744541865766 0 0
620.5198552759808 0 0
624.9875950934215 0 0
629.4777858443765 0 0
633.9905403477177 0 0
638.5259720052584 0 0
643.0841947702336 0 0
647.6653231900606 0 0
652.2694723752751 0 0
656.8967580052617 0 0
661.5472963340256 0 0
666.2212041960089 0 0
670.9185990119505 0 0
675.6395988315379 0 0
680.3843222662306 0 0
685.1528885312628 0 0
689.9454174524207 0 0
694.7620294346391 0 0
699.6028455052516 0 0
704.4679872830437 0 0
709.3575769844765 0 0
714.2717374663307 0 0
719.2105922323926 0 0
724.1742653659414 0 0
729.1628815725429 0 0
734.1765662232476 0 0
739.2154452875948 0 0
744.2796453394244 0 0
749.3692936369697 0 0
754.4845180560037 0 0
759.6254470957944 0 0
764.7922099593416 0 0
769.9849364866681 0 0
775.2037571241764 0 0
780.4488029679118 0 0
785.7202058068804 0 0
791.0180981300375 0 0
796.3426130227041 0 0
801.6938842460504 0 0
807.0720462813478 0 0
812.4772342629221 0 0
817.9095839850237 0 0
823.3692319451281 0 0
828.8563153512785 0 0
834.3709720552438 0 0
839.913340595976 0 0
845.4835602067365 0 0
851.0817708586582 0 0
856.7081132315996 0 0
862.3627286839442 0 0
868.045759296691 0 0
873.7573478437313 0 0
879.4976378356745 0 0
885.2667735273498 0 0
891.064899851498 0 0
896.8921624623924 0 0
902.7487078170025 0 0
908.6346830724663 0 0
914.5502360927633 0 0
920.4955154932945 0 0
926.470670648032 0 0
932.4758517342121 0 0
938.5112096297222 0 0
944.5768959568031 0 0
950.6730631269083 0 0
956.7998642746453 0 0
962.9574533387646 0 0
969.145985070447 0 0
975.3656149674143 0 0
981.6164992816016 0 0
987.8987950636299 0 0
994.2126601709595 0 0
1000.558253238988 0 0
1006.935733725705 0 0
1013.345261846527 0 0
1019.786998655086 0 0
1026.261106015669 0 0
1032.767746573517 0 0
1039.307083837261 0 0
1045.87928207658 0 0
1052.484506403669 0 0
1059.122922818742 0 0
1065.794698144991 0 0
1 22 0 263
726
727
728
729
730
731
732
733
734
735
736
737
738
739
740
741
742
743
744
745
746
747
748
749
750
751
752
753
754
755
756
757
758
759
760
761
762
763
764
765
766
767
768
769
770
771
772
773
774
775
776
777
778
779
780
781
782
783
784
785
786
787
788
789
790
791
792
793
794
795
796
797
798
799
800
801
802
803
804
805
806
807
808
809
810
811
812
813
814
815
816
817
818
819
820
821
822
823
824
825
826
827
828
829
830
831
832
833
834
835
836
837
838
839
840
841
842
843
844
845
846
847
848
849
850
851
852
853
854
855
856
857
858
859
860
861
862
863
864
865
866
867
868
869
870
871
872
873
874
875
876
877
878
879
880
881
882
883
884
885
886
887
888
889
890
891
892
893
894
895
896
897
898
899
900
901
902
903
904
905
906
907
908
909
910
911
912
913
914
915
916
917
918
919
920
921
922
923
924
925
926
927
928
929
930
931
932
933
934
935
936
937
938
939
940
941
942
943
944
945
946
947
948
949
950
951
952
953
954
955
956
957
958
959
960
961
962
963
964
965
966
967
968
969
970
971
972
973
974
975
976
977
978
979
980
981
982
983
984
985
986
987
988
90.29427320709831 0.25 0
92.09756282631949 0.25 0
93.90991420060429 0.25 0
95.73137287138999 0.25 0
97.56198461694956 0.25 0
99.40179541872452 0.25 0
101.2508514993298 0.25 0
103.1091993260381 0.25 0
104.9768855753228 0.25 0
106.8539571727574 0.25 0
108.7404612947106 0.25 0
110.6364453347844 0.25 0
112.5419569051767 0.25 0
114.4570439133999 0.25 0
116.38175449092 0.25 0
118.316136995678 0.25 0
120.2602400142622 0.25 0
122.2141124012142 0.25 0
124.1778032448573 0.25 0
126.151361869523 0.25 0
128.1348378749135 0.25 0
130.1282811019854 0.25 0
132.1317416352329 0.25 0
134.1452698053578 0.25 0
136.1689161915899 0.25 0
138.202731661144 0.25 0
140.2467673351983 0.25 0
142.3010745545251 0.25 0
144.3657049186365 0.25 0
146.4407102885691 0.25 0
148.526142826069 0.25 0
150.6220549232882 0.25 0
152.7284992412722 0.25 0
154.8455287135611 0.25 0
156.9731965112198 0.25 0
159.1115561196076 0.25 0
161.2606612674375 0.25 0
163.420565929352 0.25 0
165.5913243652684 0.25 0
167.7729911233636 0.25 0
169.9656210427116 0.25 0
172.1692692195623 0.25 0
174.3839910096521 0.25 0
176.6098420680206 0.25 0
178.8468783149827 0.25 0
181.0951559388704 0.25 0
183.3547314355445 0.25 0
185.6256615747982 0.25 0
187.9080034027945 0.25 0
190.2018142820109 0.25 0
192.507151857339 0.25 0
194.8240740589561 0.25 0
197.1526390684688 0.25 0
199.4929053949554 0.25 0
201.8449318786399 0.25 0
204.2087775832359 0.25 0
206.5845019088052 0.25 0
208.9721645587493 0.25 0
211.371825505349 0.25 0
213.7835450666795 0.25 0
216.2073838361833 0.25 0
218.6434026853964 0.25 0
221.091662803813 0.25 0
223.5522257387735 0.25 0
226.0251533254998 0.25 0
228.5105076895445 0.25 0
231.0083512871182 0.25 0
233.5187468712062 0.25 0
236.0417574948244 0.25 0
238.5774465506808 0.25 0
241.1258777748482 0.25 0
243.6871151762276 0.25 0
246.2612231130287 0.25 0
248.8482662597686 0.25 0
251.4483096099353 0.25 0
254.06141851653 0.25 0
256.6876586216539 0.25 0
259.3270958963619 0.25 0
261.9797966809127 0.25 0
264.6458276515444 0.25 0
267.3252557501605 0.25 0
270.0181482974131 0.25 0
272.7245729970409 0.25 0
275.4445978285136 0.25 0
278.1782911238126 0.25 0
280.9257215711085 0.25 0
283.6869581813471 0.25 0
286.4620703283599 0.25 0
289.2511277893679 0.25 0
292.0542006385189 0.25 0
294.8713592495908 0.25 0
297.7026744100716 0.25 0
300.5482172882724 0.25 0
303.4080594000998 0.25 0
306.2822725758541 0.25 0
309.1709290369324 0.25 0
312.0741013634188 0.25 0
314.9918624969748 0.25 0
317.9242857452341 0.25 0
320.871444784748 0.25 0
323.8334136654347 0.25 0
326.8102668135823 0.25 0
329.8020790363519 0.25 0
332.80892548809 0.25 0
335.830881711268 0.25 0
338.8680236399667 0.25 0
341.9204276041262 0.25 0
344.9881702963389 0.25 0
348.0713287757884 0.25 0
351.1699805085973 0.25 0
354.2842033721931 0.25 0
357.4140755854684 0.25 0
360.5596757859661 0.25 0
363.721083034333 0.25 0
366.8983767445697 0.25 0
370.0916367613053 0.25 0
373.3009433275917 0.25 0
376.5263770516246 0.25 0
379.7680189844764 0.25 0
383.0259505876141 0.25 0
386.3002537000792 0.25 0
389.5910105791969 0.25 0
392.8983039049338 0.25 0
396.2222167839204 0.25 0
399.5628327538722 0.25 0
402.9202357509271 0.25 0
406.2945101137611 0.25 0
409.6857406244854 0.25 0
413.0940125131932 0.25 0
416.5194113886777 0.25 0
419.9620233158019 0.25 0
423.4219348205146 0.25 0
426.8992328202934 0.25 0
430.3940046652356 0.25 0
433.9063381791827 0.25 0
437.4363216277468 0.25 0
440.9840436856368 0.25 0
444.5495934778811 0.25 0
448.1330605843353 0.25 0
451.734535080975 0.25 0
455.3541074713413 0.25 0
458.9918686536672 0.25 0
462.6479100357683 0.25 0
466.3223234665911 0.25 0
470.0152012769391 0.25 0
473.7266362849591 0.25 0
477.4567217266901 0.25 0
481.2055512976304 0.25 0
484.9732191939724 0.25 0
488.7598201178571 0.25 0
492.5654492084392 0.25 0
496.390202046476 0.25 0
500.2341747324531 0.25 0
504.0974638552388 0.25 0
507.9801664964157 0.25 0
511.8823802357551 0.25 0
515.8042030821499 0.25 0
519.745733551857 0.25 0
523.7070707105258 0.25 0
527.6883141049348 0.25 0
531.6895637308013 0.25 0
535.7109201479838 0.25 0
539.7524844127238 0.25 0
543.8143580451967 0.25 0
547.8966431084525 0.25 0
551.999442140032 0.25 0
556.1228582302485 0.25 0
560.2669950281164 0.25 0
564.4319566359659 0.25 0
568.6178476878445 0.25 0
572.8247733551907 0.25 0
577.0528393518166 0.25 0
581.3021519396648 0.25 0
585.5728178603721 0.25 0
589.8649444138657 0.25 0
594.178639427493 0.25 0
598.5140112975828 0.25 0
602.871168959024 0.25 0
607.2502218897944 0.25 0
611.6512801173679 0.25 0
616.0744541865766 0.25 0
620.5198552759808 0.25 0
624.9875950934215 0.25 0
629.4777858443765 0.25 0
633.9905403477177 0.25 0
638.5259720052584 0.25 0
643.0841947702336 0.25 0
647.6653231900606 0.25 0
652.2694723752751 0.25 0
656.8967580052617 0.25 0
661.5472963340256 0.25 0
666.2212041960089 0.25 0
670.9185990119505 0.25 0
675.6395988315379 0.25 0
680.3843222662306 0.25 0
685.1528885312628 0.25 0
689.9454174524207 0.25 0
694.7620294346391 0.25 0
699.6028455052516 0.25 0
704.4679872830437 0.25 0
709.3575769844765 0.25 0
714.2717374663307 0.25 0
719.2105922323926 0.25 0
724.1742653659414 0.25 0
729.1628815725429 0.25 0
734.1765662232476 0.25 0
739.2154452875948 0.25 0
744.2796453394244 0.25 0
749.3692936369697 0.25 0
754.4845180560037 0.25 0
759.6254470957944 0.25 0
764.7922099593416 0.25 0
769.9849364866681 0.25 0
775.2037571241764 0.25 0
780.4488029679118 0.25 0
785.7202058068804 0.25 0
791.0180981300375 0.25 0
796.3426130227041 0.25 0
801.6938842460504 0.25 0
807.0720462813478 0.25 0
812.4772342629221 0.25 0
817.9095839850237 0.25 0
823.3692319451281 0.25 0
828.8563153512785 0.25 0
834.3709720552438 0.25 0
839.913340595976 0.25 0
845.4835602067365 0.25 0
851.0817708586582 0.25 0
856.7081132315996 0.25 0
862.3627286839442 0.25 0
868.045759296691 0.25 0
873.7573478437313 0.25 0
879.4976378356745 0.25 0
885.2667735273498 0.25 0
891.064899851498 0.25 0
896.8921624623924 0.25 0
902.7487078170025 0.25 0
908.6346830724663 0.25 0
914.5502360927633 0.25 0
920.4955154932945 0.25 0
926.470670648032 0.25 0
932.4758517342121 0.25 0
938.5112096297222 0.25 0
944.5768959568031 0.25 0
950.6730631269083 0.25 0
956.7998642746453 0.25 0
962.9574533387646 0.25 0
969.145985070447 0.25 0
975.3656149674143 0.25 0
981.6164992816016 0.25 0
987.8987950636299 0.25 0
994.2126601709595 0.25 0
1000.558253238988 0.25 0
1006.935733725705 0.25 0
1013.345261846527 0.25 0
1019.786998655086 0.25 0
1026.261106015669 0.25 0
1032.767746573517 0.25 0
1039.307083837261 0.25 0
1045.87928207658 0.25 0
1052.484506403669 0.25 0
1059.122922818742 0.25 0
1065.794698144991 0.25 0
1 23 0 11
989
990
991
992
993
994
995
996
997
998
999
-12.56387102550211 0.25 0
-9.814967827483326 0.25 0
-7.615845275505103 0.25 0
-5.856547240121069 0.25 0
-4.449108798773148 0.25 0
-3.323158057514666 0.25 0
-2.422397473963761 0.25 0
-1.70178900303172 0.25 0
-1.125302221953403 0.25 0
-0.6641127840878518 0.25 0
-0.2951612244527322 0.25 0
1 24 0 2
1000
1001
-100 1.749999985925977 0
-100 0.749999984684742 0
1 25 0 10
1002
1003
1004
1005
1006
1007
1008
1009
1010
1011
1072.5 7.185830660888021 0
1072.5 11.48061886021433 0
1072.5 16.84910396803901 0
1072.5 23.55971020098647 0
1072.5 31.94796817867106 0
1072.5 42.43329055812072 0
1072.5 55.5399435000393 0
1072.5 71.92325965393924 0
1072.5 92.40240467022062 0
1072.5 118.0013358676537 0
1 26 0 263
1012
1013
1014
1015
1016
1017
1018
1019
1020
1021
1022
1023
1024
1025
1026
1027
1028
1029
1030
1031
1032
1033
1034
1035
1036
1037
1038
1039
1040
1041
1042
1043
1044
1045
1046
1047
1048
1049
1050
1051
1052
1053
1054
1055
1056
1057
1058
1059
1060
1061
1062
1063
1064
1065
1066
1067
1068
1069
1070
1071
1072
1073
1074
1075
1076
1077
1078
1079
1080
1081
1082
1083
1084
1085
1086
1087
1088
1089
1090
1091
1092
1093
1094
1095
1096
1097
1098
1099
1100
1101
1102
1103
1104
1105
1106
1107
1108
1109
1110
1111
1112
1113
1114
1115
1116
1117
1118
1119
1120
1121
1122
1123
1124
1125
1126
1127
1128
1129
1130
1131
1132
1133
1134
1135
1136
1137
1138
1139
1140
1141
1142
1143
1144
1145
1146
1147
1148
1149
1150
1151
1152
1153
1154
1155
1156
1157
1158
1159
1160
1161
1162
1163
1164
1165
1166
1167
1168
1169
1170
1171
1172
1173
1174
1175
1176
1177
1178
1179
1180
1181
1182
1183
1184
1185
1186
1187
1188
1189
1190
1191
1192
1193
1194
1195
1196
1197
1198
1199
1200
1201
1202
1203
1204
1205
1206
1207
1208
1209
1210
1211
1212
1213
1214
1215
1216
1217
1218
1219
1220
1221
1222
1223
1224
1225
1226
1227
1228
1229
1230
1231
1232
1233
1234
1235
1236
1237
1238
1239
1240
1241
1242
1243
1244
1245
1246
1247
1248
1249
1250
1251
1252
1253
1254
1255
1256
1257
1258
1259
1260
1261
1262
1263
1264
1265
1266
1267
1268
1269
1270
1271
1272
1273
1274
1065.794698181441 3.75 0
1059.122922854893 3.75 0
1052.484506439525 3.75 0
1045.879282112142 3.75 0
1039.30708387253 3.75 0
1032.767746608497 3.75 0
1026.261106050362 3.75 0
1019.78699868954 3.75 0
1013.345261880772 3.75 0
1006.935733759696 3.75 0
1000.558253272698 3.75 0
994.212660204391 3.75 0
987.8987950967846 3.75 0
981.6164993144813 3.75 0
975.3656150000204 3.75 0
969.1459851027814 3.75 0
962.95745337083 3.75 0
956.7998643064431 3.75 0
950.6730631584402 3.75 0
944.576895988124 3.75 0
938.5112096607825 3.75 0
932.4758517650117 3.75 0
926.470670678573 3.75 0
920.4955155235789 3.75 0
914.5502361227929 3.75 0
908.6346831022428 3.75 0
902.7487078465279 3.75 0
896.8921624916684 3.75 0
891.0648998805257 3.75 0
885.2667735561314 3.75 0
879.497637864212 3.75 0
873.7573478720269 3.75 0
868.0457593247461 3.75 0
862.3627287117599 3.75 0
856.7081132591778 3.75 0
851.0817708860006 3.75 0
845.4835602338443 3.75 0
839.9133406228509 3.75 0
834.3709720818879 3.75 0
828.8563153776934 3.75 0
823.3692319713155 3.75 0
817.9095840109853 3.75 0
812.4772342886599 3.75 0
807.0720463068629 3.75 0
801.6938842713442 3.75 0
796.3426130477783 3.75 0
791.0180981548938 3.75 0
785.7202058315208 3.75 0
780.4488029923366 3.75 0
775.2037571483878 3.75 0
769.9849365106679 3.75 0
764.7922099831312 3.75 0
759.6254471193758 3.75 0
754.4845180793779 3.75 0
749.3692936601378 3.75 0
744.279645362388 3.75 0
739.2154453103554 3.75 0
734.176566245807 3.75 0
729.1628815949025 3.75 0
724.1742653881024 3.75 0
719.2105922543565 3.75 0
714.2717374880996 3.75 0
709.3575770060504 3.75 0
704.4679873044248 3.75 0
699.602845526441 3.75 0
694.7620294556382 3.75 0
689.9454174732306 3.75 0
685.1528885518859 3.75 0
680.3843222866681 3.75 0
675.6395988517911 3.75 0
670.9185990320204 3.75 0
666.2212042158976 3.75 0
661.5472963537338 3.75 0
656.8967580247906 3.75 0
652.2694723946263 3.75 0
647.6653232092351 3.75 0
643.0841947892332 3.75 0
638.5259720240836 3.75 0
633.9905403663699 3.75 0
629.4777858628568 3.75 0
624.9875951117315 3.75 0
620.5198552941217 3.75 0
616.07445420455 3.75 0
611.6512801351748 3.75 0
607.2502219074362 3.75 0
602.8711689765015 3.75 0
598.5140113148968 3.75 0
594.1786394446452 3.75 0
589.8649444308571 3.75 0
585.5728178772038 3.75 0
581.3021519563381 3.75 0
577.0528393683323 3.75 0
572.82477337155 3.75 0
568.6178477040492 3.75 0
564.4319566520171 3.75 0
560.2669950440147 3.75 0
556.1228582459954 3.75 0
551.9994421556282 3.75 0
547.8966431238997 3.75 0
543.814358060496 3.75 0
539.7524844278763 3.75 0
535.7109201629903 3.75 0
531.6895637456629 3.75 0
527.6883141196527 3.75 0
523.7070707251007 3.75 0
519.7457335662905 3.75 0
515.8042030964425 3.75 0
511.8823802499072 3.75 0
507.9801665104068 3.75 0
504.0974638690703 3.75 0
500.2341747461261 3.75 0
496.3902020599918 3.75 0
492.5654492217992 3.75 0
488.7598201310625 3.75 0
484.9732192070242 3.75 0
481.2055513105306 3.75 0
477.4567217394392 3.75 0
473.7266362975581 3.75 0
470.0152012893889 3.75 0
466.3223234788929 3.75 0
462.6479100479239 3.75 0
458.9918686656777 3.75 0
455.3541074832075 3.75 0
451.7345350926983 3.75 0
448.133060595917 3.75 0
444.5495934893214 3.75 0
440.9840436969375 3.75 0
437.4363216389091 3.75 0
433.9063381902077 3.75 0
430.3940046761245 3.75 0
426.8992328310464 3.75 0
423.4219348311333 3.75 0
419.9620233262875 3.75 0
416.5194113990315 3.75 0
413.0940125234162 3.75 0
409.6857406345785 3.75 0
406.2945101237251 3.75 0
402.9202357607629 3.75 0
399.5628327635811 3.75 0
396.2222167935032 3.75 0
392.8983039143918 3.75 0
389.591010588531 3.75 0
386.3002537092902 3.75 0
383.0259505967031 3.75 0
379.7680189934447 3.75 0
376.5263770604728 3.75 0
373.3009433363209 3.75 0
370.0916367699164 3.75 0
366.8983767530638 3.75 0
363.7210830427109 3.75 0
360.5596757942294 3.75 0
357.4140755936177 3.75 0
354.2842033802292 3.75 0
351.1699805165215 3.75 0
348.0713287836012 3.75 0
344.9881703040412 3.75 0
341.9204276117193 3.75 0
338.8680236474515 3.75 0
335.8308817186453 3.75 0
332.8089254953607 3.75 0
329.8020790435166 3.75 0
326.8102668206419 3.75 0
323.8334136723903 3.75 0
320.8714447916002 3.75 0
317.9242857519838 3.75 0
314.991862503623 3.75 0
312.0741013699661 3.75 0
309.1709290433799 3.75 0
306.282272582202 3.75 0
303.4080594063495 3.75 0
300.5482172944245 3.75 0
297.7026744161268 3.75 0
294.87135925555 3.75 0
292.0542006443833 3.75 0
289.2511277951384 3.75 0
286.462070334037 3.75 0
283.6869581869314 3.75 0
280.9257215766011 3.75 0
278.1782911292144 3.75 0
275.4445978338248 3.75 0
272.7245730022623 3.75 0
270.0181483025458 3.75 0
267.3252557552055 3.75 0
264.6458276565024 3.75 0
261.9797966857842 3.75 0
259.3270959011478 3.75 0
256.6876586263547 3.75 0
254.0614185211467 3.75 0
251.4483096144686 3.75 0
248.8482662642193 3.75 0
246.2612231173969 3.75 0
243.6871151805145 3.75 0
241.1258777790548 3.75 0
238.5774465548076 3.75 0
236.0417574988717 3.75 0
233.5187468751747 3.75 0
231.0083512910086 3.75 0
228.5105076933573 3.75 0
226.025153329236 3.75 0
223.5522257424338 3.75 0
221.0916628073981 3.75 0
218.643402688907 3.75 0
216.2073838396201 3.75 0
213.783545070043 3.75 0
211.3718255086401 3.75 0
208.9721645619687 3.75 0
206.5845019119535 3.75 0
204.2087775863131 3.75 0
201.844931881647 3.75 0
199.4929053978931 3.75 0
197.1526390713377 3.75 0
194.8240740617568 3.75 0
192.5071518600722 3.75 0
190.2018142846769 3.75 0
187.9080034053945 3.75 0
185.6256615773323 3.75 0
183.3547314380135 3.75 0
181.0951559412746 3.75 0
178.8468783173229 3.75 0
176.6098420702975 3.75 0
174.3839910118661 3.75 0
172.1692692217139 3.75 0
169.9656210448015 3.75 0
167.7729911253922 3.75 0
165.5913243672364 3.75 0
163.4205659312599 3.75 0
161.2606612692859 3.75 0
159.1115561213973 3.75 0
156.9731965129509 3.75 0
154.8455287152344 3.75 0
152.7284992428881 3.75 0
150.622054924847 3.75 0
148.5261428275713 3.75 0
146.4407102900155 3.75 0
144.3657049200277 3.75 0
142.3010745558618 3.75 0
140.246767336481 3.75 0
138.2027316623729 3.75 0
136.1689161927658 3.75 0
134.1452698064809 3.75 0
132.131741636304 3.75 0
130.1282811030047 3.75 0
128.1348378758814 3.75 0
126.1513618704402 3.75 0
124.1778032457241 3.75 0
122.2141124020316 3.75 0
120.2602400150305 3.75 0
118.3161369963975 3.75 0
116.3817544915911 3.75 0
114.4570439140232 3.75 0
112.5419569057524 3.75 0
110.6364453353132 3.75 0
108.740461295193 3.75 0
106.8539571731939 3.75 0
104.9768855757135 3.75 0
103.1091993263835 3.75 0
101.2508514996308 3.75 0
99.40179541898135 3.75 0
97.56198461716247 3.75 0
95.73137287155942 3.75 0
93.90991420073101 3.75 0
92.09756282640376 3.75 0
90.29427320714001 3.75 0
1 27 0 20
1275
1276
1277
1278
1279
1280
1281
1282
1283
1284
1285
1286
1287
1288
1289
1290
1291
1292
1293
1294
-95.58527046937866 3.75 0
-91.21468823266611 3.75 0
-86.88781181580126 3.75 0
-82.60420415867605 3.75 0
-78.36343257713837 3.75 0
-74.16506871323423 3.75 0
-70.00868848650846 3.75 0
-65.8938720650049 3.75 0
-61.82020381161699 3.75 0
-57.78727223817417 3.75 0
-53.79466997884192 3.75 0
-49.84199374553916 3.75 0
-45.92884427781397 3.75 0
-42.05482630008553 3.75 0
-38.21954849842778 3.75 0
-34.42262347905 3.75 0
-30.66366770896734 3.75 0
-26.94230149533101 3.75 0
-23.25814894616619 3.75 0
-19.61083791980739 3.75 0
1 30 0 11
1295
1296
1297
1298
1299
1300
1301
1302
1303
1304
1305
-12.56387102550211 3.75 0
-9.814967827483326 3.75 0
-7.615845275505103 3.75 0
-5.856547240121069 3.75 0
-4.449108798773148 3.75 0
-3.323158057514666 3.75 0
-2.422397473963761 3.75 0
-1.70178900303172 3.75 0
-1.125302221953403 3.75 0
-0.6641127840878518 3.75 0
-0.2951612244527322 3.75 0
1 31 0 46
1306
1307
1308
1309
1310
1311
1312
1313
1314
1315
1316
1317
1318
1319
1320
1321
1322
1323
1324
1325
1326
1327
1328
1329
1330
1331
1332
1333
1334
1335
1336
1337
1338
1339
1340
1341
1342
1343
1344
1345
1346
1347
1348
1349
1350
1351
0.2176766327916754 3.75 0
0.445743570495811 3.75 0
0.684696783044929 3.75 0
0.9350558898679516 3.75 0
1.197365324398278 3.75 0
1.472195519420181 3.75 0
1.760144128872787 3.75 0
2.061837316997173 3.75 0
2.377931146115889 3.75 0
2.709113009028397 3.75 0
3.056103107119808 3.75 0
3.419656009081117 3.75 0
3.800562294568764 3.75 0
4.199650293514808 3.75 0
4.617787876107523 3.75 0
5.055884325654891 3.75 0
5.514892328272001 3.75 0
5.99581005218946 3.75 0
6.499683310583078 3.75 0
7.027607843723563 3.75 0
7.580731680237143 3.75 0
8.160257647709805 3.75 0
8.767445999760676 3.75 0
9.40361712629557 3.75 0
10.07015446091865 3.75 0
10.76850748153434 3.75 0
11.50019482372904 3.75 0
12.26680762548684 3.75 0
13.07001298642305 3.75 0
13.91155756599912 3.75 0
14.79327140225124 3.75 0
15.71707188066955 3.75 0
16.68496791660786 3.75 0
17.69906431316288 3.75 0
18.76156634195939 3.75 0
19.87478454010426 3.75 0
21.04113971972035 3.75 0
22.26316826056735 3.75 0
23.54352761320407 3.75 0
24.88500207821697 3.75 0
26.29050883357657 3.75 0
27.76310431218823 3.75 0
29.30599086214443 3.75 0
30.92252367297663 3.75 0
32.61621807704995 3.75 0
34.39075720810304 3.75 0
1 32 0 58
1352
1353
1354
1355
1356
1357
1358
1359
1360
1361
1362
1363
1364
1365
1366
1367
1368
1369
1370
1371
1372
1373
1374
1375
1376
1377
1378
1379
1380
1381
1382
1383
1384
1385
1386
1387
1388
1389
1390
1391
1392
1393
1394
1395
1396
1397
1398
1399
1400
1401
1402
1403
1404
1405
1406
1407
1408
1409
37.59679776794293 3.75 0
38.90110738287343 3.75 0
40.16426923667194 3.75 0
41.38758143834519 3.75 0
42.57230114898715 3.75 0
43.71964586674991 3.75 0
44.83079468311486 3.75 0
45.90688948502476 3.75 0
46.94903614289617 3.75 0
47.95830563930866 3.75 0
48.93573516362163 3.75 0
49.88232918655829 3.75 0
50.79906049541162 3.75 0
51.68687118806179 3.75 0
52.54667363221179 3.75 0
53.37935142244928 3.75 0
54.18576027855611 3.75 0
54.96672892138353 3.75 0
55.72305992784206 3.75 0
56.45553054929465 3.75 0
57.16489352179894 3.75 0
57.85187784156714 3.75 0
58.51718949496199 3.75 0
59.16151219654452 3.75 0
59.78550810475716 3.75 0
60.38981847972138 3.75 0
60.97506434431506 3.75 0
61.54184713711808 3.75 0
62.09074932494791 3.75 0
62.62233500285581 3.75 0
63.1371504644513 3.75 0
63.63572476275662 3.75 0
64.1185702692031 3.75 0
64.58618318973113 3.75 0
65.0390440655775 3.75 0
65.4776182938309 3.75 0
65.90235658917155 3.75 0
66.31369543542363 3.75 0
66.71205754931154 3.75 0
67.09785231675379 3.75 0
67.47147620947246 3.75 0
67.83331318487629 3.75 0
68.1837350942164 3.75 0
68.52310205696017 3.75 0
68.85176282907915 3.75 0
69.17005516472548 3.75 0
69.47830615564544 3.75 0
69.77683258346586 3.75 0
70.06594124095584 3.75 0
70.34592922548302 3.75 0
70.61708427320548 3.75 0
70.87968504617899 3.75 0
71.13400141179673 3.75 0
71.38029472830996 3.75 0
71.61881809678414 3.75 0
71.8498166392344 3.75 0
72.07352774205238 3.75 0
72.2901813109971 3.75 0
1 33 0 19
1410
1411
1412
1413
1414
1415
1416
1417
1418
1419
1420
1421
1422
1423
1424
1425
1426
1427
1428
72.74605024581311 3.75 0
73.01943940374818 3.75 0
73.32320513552158 3.75 0
73.6607226112834 3.75 0
74.03574203288767 3.75 0
74.45243027467511 3.75 0
74.91541721105216 3.75 0
75.42984714552183 3.75 0
76.0014359584417 3.75 0
76.63653464153265 3.75 0
77.34219983564694 3.75 0
78.12627226660425 3.75 0
78.99746386401938 3.75 0
79.96545453502127 3.75 0
81.04099972001838 3.75 0
82.23604991629158 3.75 0
83.56388347335266 3.75 0
85.03925409966763 3.75 0
86.67855478732766 3.75 0
2 1 0 0
2 2 0 315
1429
1430
1431
1432
1433
1434
1435
1436
1437
1438
1439
1440
1441
1442
1443
1444
1445
1446
1447
1448
1449
1450
1451
1452
1453
1454
1455
1456
1457
1458
1459
1460
1461
1462
1463
1464
1465
1466
1467
1468
1469
1470
1471
1472
1473
1474
1475
1476
1477
1478
1479
1480
1481
1482
1483
1484
1485
1486
1487
1488
1489
1490
1491
1492
1493
1494
1495
1496
1497
1498
1499
1500
1501
1502
1503
1504
1505
1506
1507
1508
1509
1510
1511
1512
1513
1514
1515
1516
1517
1518
1519
1520
1521
1522
1523
1524
1525
1526
1527
1528
1529
1530
1531
1532
1533
1534
1535
1536
1537
1538
1539
1540
1541
1542
1543
1544
1545
1546
1547
1548
1549
1550
1551
1552
1553
1554
1555
1556
1557
1558
1559
1560
1561
1562
1563
1564
1565
1566
1567
1568
1569
1570
1571
1572
1573
1574
1575
1576
1577
1578
1579
1580
1581
1582
1583
1584
1585
1586
1587
1588
1589
1590
1591
1592
1593
1594
1595
1596
1597
1598
1599
1600
1601
1602
1603
1604
1605
1606
1607
1608
1609
1610
1611
1612
1613
1614
1615
1616
1617
1618
1619
1620
1621
1622
1623
1624
1625
1626
1627
1628
1629
1630
1631
1632
1633
1634
1635
1636
1637
1638
1639
1640
1641
1642
1643
1644
1645
1646
1647
1648
1649
1650
1651
1652
1653
1654
1655
1656
1657
1658
1659
1660
1661
1662
1663
1664
1665
1666
1667
1668
1669
1670
1671
1672
1673
1674
1675
1676
1677
1678
1679
1680
1681
1682
1683
1684
1685
1686
1687
1688
1689
1690
1691
1692
1693
1694
1695
1696
1697
1698
1699
1700
1701
1702
1703
1704
1705
1706
1707
1708
1709
1710
1711
1712
1713
1714
1715
1716
1717
1718
1719
1720
1721
1722
1723
1724
1725
1726
1727
1728
1729
1730
1731
1732
1733
1734
1735
1736
1737
1738
1739
1740
1741
1742
1743
0.2176766327916754 -1.33552631544776 0
0.2176766327916754 -0.875 0
0.2176766327916754 -0.4144736842455782 0
0.445743570495811 -1.335526315448734 0
0.445743570495811 -0.875 0
0.4457435704958109 -0.4144736842465505 0
0.684696783044929 -1.335526315449753 0
0.684696783044929 -0.8749999999999999 0
0.684696783044929 -0.4144736842475691 0
0.9350558898679515 -1.335526315450821 0
0.9350558898679516 -0.875 0
0.9350558898679514 -0.4144736842486365 0
1.197365324398278 -1.335526315451941 0
1.197365324398278 -0.875 0
1.197365324398278 -0.4144736842497547 0
1.472195519420181 -1.335526315453113 0
1.472195519420181 -0.875 0
1.472195519420181 -0.4144736842509262 0
1.760144128872787 -1.335526315454343 0
1.760144128872787 -0.875 0
1.760144128872786 -0.4144736842521538 0
2.061837316997173 -1.33552631545563 0
2.061837316997173 -0.875 0
2.061837316997173 -0.4144736842534398 0
2.377931146115889 -1.335526315456979 0
2.377931146115889 -0.875 0
2.377931146115889 -0.4144736842547873 0
2.709113009028397 -1.335526315458392 0
2.709113009028397 -0.875 0
2.709113009028397 -0.4144736842561992 0
3.056103107119808 -1.335526315459872 0
3.056103107119808 -0.875 0
3.056103107119808 -0.4144736842576783 0
3.419656009081117 -1.335526315461423 0
3.419656009081117 -0.8750000000000001 0
3.419656009081117 -0.4144736842592282 0
3.800562294568764 -1.335526315463049 0
3.800562294568764 -0.875 0
3.800562294568763 -0.4144736842608519 0
4.199650293514808 -1.335526315464752 0
4.199650293514808 -0.8749999999999999 0
4.199650293514808 -0.4144736842625533 0
4.617787876107524 -1.335526315466536 0
4.617787876107523 -0.875 0
4.617787876107523 -0.4144736842643358 0
5.055884325654891 -1.335526315468406 0
5.055884325654891 -0.875 0
5.055884325654891 -0.4144736842662032 0
5.514892328272001 -1.335526315470364 0
5.514892328272001 -0.8749999999999999 0
5.514892328272001 -0.41447368426816 0
5.99581005218946 -1.335526315472417 0
5.99581005218946 -0.875 0
5.995810052189459 -0.4144736842702103 0
6.499683310583078 -1.335526315474567 0
6.499683310583078 -0.875 0
6.499683310583078 -0.4144736842723581 0
7.027607843723562 -1.33552631547682 0
7.027607843723563 -0.875 0
7.027607843723565 -0.4144736842746087 0
7.580731680237141 -1.33552631547918 0
7.580731680237143 -0.875 0
7.580731680237143 -0.4144736842769666 0
8.160257647709805 -1.335526315481652 0
8.160257647709805 -0.875 0
8.160257647709805 -0.4144736842794371 0
8.767445999760678 -1.335526315484244 0
8.767445999760676 -0.8749999999999999 0
8.767445999760675 -0.4144736842820256 0
9.40361712629557 -1.335526315486958 0
9.40361712629557 -0.8749999999999999 0
9.40361712629557 -0.4144736842847375 0
10.07015446091865 -1.335526315489802 0
10.07015446091865 -0.8750000000000001 0
10.07015446091865 -0.414473684287579 0
10.76850748153433 -1.335526315492783 0
10.76850748153434 -0.875 0
10.76850748153434 -0.414473684290556 0
11.50019482372905 -1.335526315495905 0
11.50019482372904 -0.875 0
11.50019482372904 -0.4144736842936752 0
12.26680762548684 -1.335526315499176 0
12.26680762548684 -0.8749999999999999 0
12.26680762548684 -0.4144736842969433 0
13.07001298642305 -1.335526315502604 0
13.07001298642305 -0.8750000000000001 0
13.07001298642305 -0.4144736843003673 0
13.91155756599913 -1.335526315506194 0
13.91155756599912 -0.875 0
13.91155756599912 -0.4144736843039548 0
14.79327140225123 -1.335526315509957 0
14.79327140225124 -0.875 0
14.79327140225124 -0.4144736843077134 0
15.71707188066955 -1.335526315513899 0
15.71707188066955 -0.875 0
15.71707188066954 -0.4144736843116516 0
16.68496791660786 -1.335526315518029 0
16.68496791660786 -0.875 0
16.68496791660786 -0.4144736843157777 0
17.69906431316288 -1.335526315522356 0
17.69906431316288 -0.875 0
17.69906431316288 -0.4144736843201007 0
18.76156634195939 -1.33552631552689 0
18.76156634195939 -0.875 0
18.76156634195939 -0.4144736843246301 0
19.87478454010426 -1.335526315531641 0
19.87478454010426 -0.875 0
19.87478454010426 -0.4144736843293757 0
21.04113971972035 -1.335526315536617 0
21.04113971972035 -0.875 0
21.04113971972035 -0.4144736843343479 0
22.26316826056735 -1.335526315541832 0
22.26316826056735 -0.875 0
22.26316826056735 -0.4144736843395573 0
23.54352761320408 -1.335526315547296 0
23.54352761320407 -0.875 0
23.54352761320407 -0.4144736843450155 0
24.88500207821696 -1.33552631555302 0
24.88500207821697 -0.875 0
24.88500207821697 -0.4144736843507341 0
26.29050883357658 -1.335526315559017 0
26.29050883357657 -0.875 0
26.29050883357658 -0.4144736843567258 0
27.76310431218823 -1.335526315565301 0
27.76310431218823 -0.875 0
27.76310431218823 -0.4144736843630033 0
29.30599086214443 -1.335526315571885 0
29.30599086214443 -0.875 0
29.30599086214443 -0.4144736843695806 0
30.92252367297662 -1.335526315578783 0
30.92252367297663 -0.875 0
30.92252367297662 -0.4144736843764719 0
32.61621807704995 -1.33552631558601 0
32.61621807704995 -0.875 0
32.61621807704995 -0.4144736843836919 0
34.39075720810304 -1.335526315593582 0
34.39075720810304 -0.875 0
34.39075720810304 -0.4144736843912568 0
36.25 -1.335526315601516 0
36.25 -0.875 0
36.25 -0.4144736843991826 0
37.59679776794293 -1.335526315607263 0
37.59679776794293 -0.875 0
37.59679776794293 -0.4144736844049239 0
38.90110738287343 -1.335526315612829 0
38.90110738287343 -0.875 0
38.90110738287343 -0.4144736844104842 0
40.16426923667194 -1.335526315618219 0
40.16426923667194 -0.875 0
40.16426923667195 -0.4144736844158691 0
41.38758143834519 -1.335526315623439 0
41.38758143834519 -0.875 0
41.38758143834519 -0.414473684421084 0
42.57230114898715 -1.335526315628494 0
42.57230114898715 -0.875 0
42.57230114898714 -0.4144736844261343 0
43.71964586674991 -1.335526315633391 0
43.71964586674991 -0.875 0
43.71964586674991 -0.4144736844310254 0
44.83079468311485 -1.335526315638132 0
44.83079468311486 -0.875 0
44.83079468311486 -0.4144736844357622 0
45.90688948502475 -1.335526315642724 0
45.90688948502476 -0.875 0
45.90688948502476 -0.4144736844403496 0
46.94903614289616 -1.335526315647171 0
46.94903614289617 -0.875 0
46.94903614289616 -0.4144736844447922 0
47.95830563930867 -1.335526315651477 0
47.95830563930866 -0.875 0
47.95830563930866 -0.4144736844490947 0
48.93573516362162 -1.335526315655648 0
48.93573516362164 -0.875 0
48.93573516362164 -0.4144736844532614 0
49.88232918655829 -1.335526315659688 0
49.88232918655829 -0.875 0
49.88232918655829 -0.4144736844572968 0
50.79906049541162 -1.335526315663599 0
50.79906049541162 -0.875 0
50.79906049541162 -0.4144736844612047 0
51.68687118806181 -1.335526315667388 0
51.68687118806179 -0.875 0
51.6868711880618 -0.4144736844649894 0
52.54667363221179 -1.335526315671056 0
52.54667363221179 -0.875 0
52.54667363221179 -0.4144736844686548 0
53.37935142244928 -1.33552631567461 0
53.37935142244928 -0.875 0
53.37935142244928 -0.4144736844722045 0
54.18576027855612 -1.335526315678051 0
54.18576027855611 -0.875 0
54.1857602785561 -0.414473684475642 0
54.96672892138352 -1.335526315681383 0
54.96672892138353 -0.875 0
54.96672892138354 -0.4144736844789713 0
55.72305992784204 -1.335526315684611 0
55.72305992784206 -0.875 0
55.72305992784206 -0.4144736844821956 0
56.45553054929466 -1.335526315687736 0
56.45553054929465 -0.875 0
56.45553054929465 -0.414473684485318 0
57.16489352179894 -1.335526315690764 0
57.16489352179894 -0.875 0
57.16489352179894 -0.414473684488342 0
57.85187784156713 -1.335526315693695 0
57.85187784156714 -0.875 0
57.85187784156714 -0.4144736844912706 0
58.517189494962 -1.335526315696534 0
58.51718949496199 -0.875 0
58.517189494962 -0.4144736844941068 0
59.16151219654452 -1.335526315699284 0
59.16151219654452 -0.875 0
59.16151219654452 -0.4144736844968536 0
59.78550810475716 -1.335526315701946 0
59.78550810475716 -0.875 0
59.78550810475716 -0.4144736844995136 0
60.38981847972137 -1.335526315704525 0
60.38981847972138 -0.875 0
60.38981847972138 -0.4144736845020897 0
60.97506434431507 -1.335526315707022 0
60.97506434431506 -0.875 0
60.97506434431505 -0.4144736845045845 0
61.54184713711809 -1.335526315709441 0
61.54184713711808 -0.875 0
61.54184713711808 -0.4144736845070008 0
62.09074932494791 -1.335526315711783 0
62.0907493249479 -0.875 0
62.09074932494792 -0.4144736845093408 0
62.6223350028558 -1.335526315714051 0
62.62233500285581 -0.875 0
62.62233500285582 -0.414473684511607 0
63.1371504644513 -1.335526315716248 0
63.1371504644513 -0.875 0
63.1371504644513 -0.4144736845138015 0
63.63572476275661 -1.335526315718375 0
63.63572476275662 -0.875 0
63.63572476275662 -0.4144736845159269 0
64.1185702692031 -1.335526315720436 0
64.1185702692031 -0.875 0
64.1185702692031 -0.4144736845179852 0
64.58618318973113 -1.335526315722431 0
64.58618318973113 -0.875 0
64.58618318973113 -0.4144736845199787 0
65.0390440655775 -1.335526315724364 0
65.0390440655775 -0.875 0
65.0390440655775 -0.4144736845219091 0
65.4776182938309 -1.335526315726235 0
65.4776182938309 -0.875 0
65.4776182938309 -0.4144736845237789 0
65.90235658917155 -1.335526315728047 0
65.90235658917155 -0.875 0
65.90235658917155 -0.4144736845255896 0
66.31369543542363 -1.335526315729803 0
66.31369543542363 -0.875 0
66.31369543542361 -0.414473684527343 0
66.71205754931155 -1.335526315731503 0
66.71205754931154 -0.875 0
66.71205754931154 -0.4144736845290412 0
67.09785231675379 -1.335526315733149 0
67.09785231675379 -0.875 0
67.09785231675379 -0.4144736845306859 0
67.47147620947247 -1.335526315734743 0
67.47147620947246 -0.875 0
67.47147620947246 -0.4144736845322787 0
67.83331318487629 -1.335526315736287 0
67.83331318487629 -0.875 0
67.83331318487629 -0.4144736845338211 0
68.1837350942164 -1.335526315737783 0
68.1837350942164 -0.875 0
68.1837350942164 -0.4144736845353149 0
68.52310205696017 -1.33552631573923 0
68.52310205696017 -0.875 0
68.52310205696017 -0.4144736845367616 0
68.85176282907915 -1.335526315740633 0
68.85176282907915 -0.875 0
68.85176282907915 -0.4144736845381627 0
69.17005516472548 -1.335526315741991 0
69.17005516472548 -0.875 0
69.17005516472548 -0.4144736845395195 0
69.47830615564544 -1.335526315743307 0
69.47830615564544 -0.875 0
69.47830615564544 -0.4144736845408336 0
69.77683258346586 -1.335526315744581 0
69.77683258346586 -0.875 0
69.77683258346586 -0.4144736845421062 0
70.06594124095584 -1.335526315745814 0
70.06594124095584 -0.875 0
70.06594124095584 -0.4144736845433387 0
70.34592922548302 -1.335526315747009 0
70.34592922548302 -0.875 0
70.34592922548302 -0.4144736845445322 0
70.61708427320548 -1.335526315748166 0
70.61708427320548 -0.875 0
70.61708427320548 -0.4144736845456882 0
70.87968504617899 -1.335526315749287 0
70.87968504617899 -0.875 0
70.87968504617899 -0.4144736845468077 0
71.13400141179673 -1.335526315750372 0
71.13400141179673 -0.875 0
71.13400141179673 -0.4144736845478918 0
71.38029472830996 -1.335526315751423 0
71.38029472830996 -0.875 0
71.38029472830996 -0.4144736845489418 0
71.61881809678414 -1.335526315752441 0
71.61881809678414 -0.875 0
71.61881809678414 -0.4144736845499585 0
71.8498166392344 -1.335526315753426 0
71.8498166392344 -0.875 0
71.8498166392344 -0.4144736845509433 0
72.07352774205238 -1.335526315754381 0
72.07352774205238 -0.875 0
72.07352774205238 -0.4144736845518969 0
72.2901813109971 -1.335526315755305 0
72.2901813109971 -0.875 0
72.2901813109971 -0.4144736845528206 0
2 3 0 1262
1744
1745
1746
1747
1748
1749
1750
1751
1752
1753
1754
1755
1756
1757
1758
1759
1760
1761
1762
1763
1764
1765
1766
1767
1768
1769
1770
1771
1772
1773
1774
1775
1776
1777
1778
1779
1780
1781
1782
1783
1784
1785
1786
1787
1788
1789
1790
1791
1792
1793
1794
1795
1796
1797
1798
1799
1800
1801
1802
1803
1804
1805
1806
1807
1808
1809
1810
1811
1812
1813
1814
1815
1816
1817
1818
1819
1820
1821
1822
1823
1824
1825
1826
1827
1828
1829
1830
1831
1832
1833
1834
1835
1836
1837
1838
1839
1840
1841
1842
1843
1844
1845
1846
1847
1848
1849
1850
1851
1852
1853
1854
1855
1856
1857
1858
1859
1860
1861
1862
1863
1864
1865
1866
1867
1868
1869
1870
1871
1872
1873
1874
1875
1876
1877
1878
1879
1880
1881
1882
1883
1884
1885
1886
1887
1888
1889
1890
1891
1892
1893
1894
1895
1896
1897
1898
1899
1900
1901
1902
1903
1904
1905
1906
1907
1908
1909
1910
1911
1912
1913
1914
1915
1916
1917
1918
1919
1920
1921
1922
1923
1924
1925
1926
1927
1928
1929
1930
1931
1932
1933
1934
1935
1936
1937
1938
1939
1940
1941
1942
1943
1944
1945
1946
1947
1948
1949
1950
1951
1952
1953
1954
1955
1956
1957
1958
1959
1960
1961
1962
1963
1964
1965
1966
1967
1968
1969
1970
1971
1972
1973
1974
1975
1976
1977
1978
1979
1980
1981
1982
1983
1984
1985
1986
1987
1988
1989
1990
1991
1992
1993
1994
1995
1996
1997
1998
1999
2000
2001
2002
2003
2004
2005
2006
2007
2008
2009
2010
2011
2012
2013
2014
2015
2016
2017
2018
2019
2020
2021
2022
2023
2024
2025
2026
2027
2028
2029
2030
2031
2032
2033
2034
2035
2036
2037
2038
2039
2040
2041
2042
2043
2044
2045
2046
2047
2048
2049
2050
2051
2052
2053
2054
2055
2056
2057
2058
2059
2060
2061
2062
2063
2064
2065
2066
2067
2068
2069
2070
2071
2072
2073
2074
2075
2076
2077
2078
2079
2080
2081
2082
2083
2084
2085
2086
2087
2088
2089
2090
2091
2092
2093
2094
2095
2096
2097
2098
2099
2100
2101
2102
2103
2104
2105
2106
2107
2108
2109
2110
2111
2112
2113
2114
2115
2116
2117
2118
2119
2120
2121
2122
2123
2124
2125
2126
2127
2128
2129
2130
2131
2132
2133
2134
2135
2136
2137
2138
2139
2140
2141
2142
2143
2144
2145
2146
2147
2148
2149
2150
2151
2152
2153
2154
2155
2156
2157
2158
2159
2160
2161
2162
2163
2164
2165
2166
2167
2168
2169
2170
2171
2172
2173
2174
2175
2176
2177
2178
2179
2180
2181
2182
2183
2184
2185
2186
2187
2188
2189
2190
2191
2192
2193
2194
2195
2196
2197
2198
2199
2200
2201
2202
2203
2204
2205
2206
2207
2208
2209
2210
2211
2212
2213
2214
2215
2216
2217
2218
2219
2220
2221
2222
2223
2224
2225
2226
2227
2228
2229
2230
2231
2232
2233
2234
2235
2236
2237
2238
2239
2240
2241
2242
2243
2244
2245
2246
2247
2248
2249
2250
2251
2252
2253
2254
2255
2256
2257
2258
2259
2260
2261
2262
2263
2264
2265
2266
2267
2268
2269
2270
2271
2272
2273
2274
2275
2276
2277
2278
2279
2280
2281
2282
2283
2284
2285
2286
2287
2288
2289
2290
2291
2292
2293
2294
2295
2296
2297
2298
2299
2300
2301
2302
2303
2304
2305
2306
2307
2308
2309
2310
2311
2312
2313
2314
2315
2316
2317
2318
2319
2320
2321
2322
2323
2324
2325
2326
2327
2328
2329
2330
2331
2332
2333
2334
2335
2336
2337
2338
2339
2340
2341
2342
2343
2344
2345
2346
2347
2348
2349
2350
2351
2352
2353
2354
2355
2356
2357
2358
2359
2360
2361
2362
2363
2364
2365
2366
2367
2368
2369
2370
2371
2372
2373
2374
2375
2376
2377
2378
2379
2380
2381
2382
2383
2384
2385
2386
2387
2388
2389
2390
2391
2392
2393
2394
2395
2396
2397
2398
2399
2400
2401
2402
2403
2404
2405
2406
2407
2408
2409
2410
2411
2412
2413
2414
2415
2416
2417
2418
2419
2420
2421
2422
2423
2424
2425
2426
2427
2428
2429
2430
2431
2432
2433
2434
2435
2436
2437
2438
2439
2440
2441
2442
2443
2444
2445
2446
2447
2448
2449
2450
2451
2452
2453
2454
2455
2456
2457
2458
2459
2460
2461
2462
2463
2464
2465
2466
2467
2468
2469
2470
2471
2472
2473
2474
2475
2476
2477
2478
2479
2480
2481
2482
2483
2484
2485
2486
2487
2488
2489
2490
2491
2492
2493
2494
2495
2496
2497
2498
2499
2500
2501
2502
2503
2504
2505
2506
2507
2508
2509
2510
2511
2512
2513
2514
2515
2516
2517
2518
2519
2520
2521
2522
2523
2524
2525
2526
2527
2528
2529
2530
2531
2532
2533
2534
2535
2536
2537
2538
2539
2540
2541
2542
2543
2544
2545
2546
2547
2548
2549
2550
2551
2552
2553
2554
2555
2556
2557
2558
2559
2560
2561
2562
2563
2564
2565
2566
2567
2568
2569
2570
2571
2572
2573
2574
2575
2576
2577
2578
2579
2580
2581
2582
2583
2584
2585
2586
2587
2588
2589
2590
2591
2592
2593
2594
2595
2596
2597
2598
2599
2600
2601
2602
2603
2604
2605
2606
2607
2608
2609
2610
2611
2612
2613
2614
2615
2616
2617
2618
2619
2620
2621
2622
2623
2624
2625
2626
2627
2628
2629
2630
2631
2632
2633
2634
2635
2636
2637
2638
2639
2640
2641
2642
2643
2644
2645
2646
2647
2648
2649
2650
2651
2652
2653
2654
2655
2656
2657
2658
2659
2660
2661
2662
2663
2664
2665
2666
2667
2668
2669
2670
2671
2672
2673
2674
2675
2676
2677
2678
2679
2680
2681
2682
2683
2684
2685
2686
2687
2688
2689
2690
2691
2692
2693
2694
2695
2696
2697
2698
2699
2700
2701
2702
2703
2704
2705
2706
2707
2708
2709
2710
2711
2712
2713
2714
2715
2716
2717
2718
2719
2720
2721
2722
2723
2724
2725
2726
2727
2728
2729
2730
2731
2732
2733
2734
2735
2736
2737
2738
2739
2740
2741
2742
2743
2744
2745
2746
2747
2748
2749
2750
2751
2752
2753
2754
2755
2756
2757
2758
2759
2760
2761
2762
2763
2764
2765
2766
2767
2768
2769
2770
2771
2772
2773
2774
2775
2776
2777
2778
2779
2780
2781
2782
2783
2784
2785
2786
2787
2788
2789
2790
2791
2792
2793
2794
2795
2796
2797
2798
2799
2800
2801
2802
2803
2804
2805
2806
2807
2808
2809
2810
2811
2812
2813
2814
2815
2816
2817
2818
2819
2820
2821
2822
2823
2824
2825
2826
2827
2828
2829
2830
2831
2832
2833
2834
2835
2836
2837
2838
2839
2840
2841
2842
2843
2844
2845
2846
2847
2848
2849
2850
2851
2852
2853
2854
2855
2856
2857
2858
2859
2860
2861
2862
2863
2864
2865
2866
2867
2868
2869
2870
2871
2872
2873
2874
2875
2876
2877
2878
2879
2880
2881
2882
2883
2884
2885
2886
2887
2888
2889
2890
2891
2892
2893
2894
2895
2896
2897
2898
2899
2900
2901
2902
2903
2904
2905
2906
2907
2908
2909
2910
2911
2912
2913
2914
2915
2916
2917
2918
2919
2920
2921
2922
2923
2924
2925
2926
2927
2928
2929
2930
2931
2932
2933
2934
2935
2936
2937
2938
2939
2940
2941
2942
2943
2944
2945
2946
2947
2948
2949
2950
2951
2952
2953
2954
2955
2956
2957
2958
2959
2960
2961
2962
2963
2964
2965
2966
2967
2968
2969
2970
2971
2972
2973
2974
2975
2976
2977
2978
2979
2980
2981
2982
2983
2984
2985
2986
2987
2988
2989
2990
2991
2992
2993
2994
2995
2996
2997
2998
2999
3000
3001
3002
3003
3004
3005
-28.80212130869498 7.087490096092893 -0
-8.715406551494215 5.464046393759515 -0
1.102048070231437 4.058871591829273 0
-1.384071304277811 4.280462515257015 -0
-43.99097973493174 7.179793744260561 -0
-59.99688602150943 7.702187343768853 -0
1003.746993516198 9.259252456556139 0
977.9876276673085 10.34914138161052 0
953.7364637324413 9.042700536658344 0
928.9750269255126 9.493832928280728 0
906.2834522113815 7.969407968994414 0
882.3822057101719 8.733727512701787 0
858.9703974604586 7.99381647819998 0
836.5259831086707 9.239958716017989 0
815.2238081143846 8.208594201941292 0
793.680355601336 8.349637249311042 0
772.8055517734916 8.833112653560887 0
751.9269058697582 8.168839507650006 0
727.0820176113376 8.580717036493629 0
701.5558188931955 7.415226674421126 0
678.0119605692296 7.84877840185898 0
654.6540439353345 10.06361652581577 0
631.7589042857169 7.510793023165757 0
609.8208204798059 7.966346345314146 0
587.6159960979031 7.163311657189876 0
566.8768793644175 7.761220077557282 0
546.0927940815166 8.454000220299989 0
526.3006158011884 7.969433110224185 0
506.638149950608 7.962056916484134 0
486.8437164446652 7.213188395343202 0
467.3732443280375 8.6432626088127 0
450.0670678110994 7.574861195989464 0
431.7236936212103 7.317307128780651 0
412.1957586249184 7.216703528100788 0
390.9186331873182 6.246264464858168 0
371.9260179280608 7.032900670013344 0
352.9888022640823 6.90361477040187 0
334.5738129652875 6.728051958744878 0
316.3355538547641 6.620722799751184 0
299.4111299821004 5.90313458687953 0
282.5835596877968 5.839402405210777 0
265.9880266907599 5.965621169320001 0
247.769319616657 6.232318897720917 0
229.600089516714 6.265157394798138 0
212.8198118881439 5.575688652738206 0
195.7951323933768 5.98522370540782 0
180.1967327494921 5.44995482878878 0
164.6870140416086 5.833953088307783 0
149.1666731960632 6.081654515235832 0
132.9372725722109 5.268360365431394 0
117.199361443793 5.698792005416071 0
102.1816281350682 5.525297381603056 0
87.58927739366382 5.236781109333952 0
0.117465757454346 3.998706545336914 0
1030.629688553974 9.085666138441344 0
-72.08687859987135 7.331533208531652 -0
-87.87507133282205 62.30600144777924 -0
1062.098345815405 63.63549732214338 0
-91.17964613232097 35.84240021645438 -0
1050.067447045369 9.911285810393919 0
-84.63713314014711 7.603566124650595 -0
46.34109960860046 4.738699240956899 0
16.2010198986387 4.569128618841654 0
1065.384935519859 36.44096825597953 0
28.40053552393712 4.903066375419166 0
-2.977735972350076 4.691747749460969 -0
-51.81747688631354 7.251497517864883 -0
1016.5655645173 9.475483533172953 0
-36.32105388865733 7.031061430621715 -0
-21.43014026839471 6.920831360008558 -0
-0.6127684773592894 4.109931270965775 -0
-94.842249802851 19.98898118418261 -0
1067.141631189661 20.6200507055378 0
1.644519407938256 3.982777842469992 0
4.952667573568559 4.178539710804699 0
2.884751432625872 4.078610001785511 0
4.000106294041785 4.087747432563119 0
4.28862937399435 4.925592258769157 0
10.33783323315181 4.695330429872402 0
1.504308587457992 4.641549244108194 0
7.966263075088036 4.246817424944009 0
12.74278468600055 4.604808076115547 0
6.310233925881153 4.228242278751932 0
9.036449244919231 4.367122574330715 0
-0.132815393109867 4.782786379251561 -0
2.244138849489718 4.087206767240211 0
0.6250978655605333 3.983929649939554 0
59.85658674348896 102.9231820735355 0
58.78453876536862 4.362497201685983 0
194.1210253228702 96.90772874190115 0
329.4554818819308 104.9563432194754 0
453.5125009590814 108.9840545375368 0
580.1301158522905 99.36087750599886 0
712.891304806114 99.6166740142264 0
845.4593436520908 98.39514207389449 0
981.5676223757271 97.14705003073416 0
-93.60494948600598 6.855816890938192 -0
1062.103803608279 9.746159822138969 0
123.8845929156592 100.2627931081297 0
93.20921776578214 60.60038868476937 0
65.2282039285915 4.199410284064897 0
73.81977563730132 4.097420001784125 0
262.7035092765327 104.188347295691 0
286.963541803548 59.04884933750327 0
392.3001449930823 103.3543849482319 0
426.5564068424711 55.96486753635042 0
510.2704619426099 97.18325012490021 0
481.7680006671684 62.17897676545866 0
644.6730655819127 101.4189876246921 0
615.4547979875778 59.23424379703827 0
781.8449165966312 102.2726932157547 0
812.9792473668412 58.88062537836201 0
1052.547607720704 105.2018702689371 0
-77.9410808532263 101.7303400047646 -0
911.5828294669388 107.4425137612541 0
942.4068742878183 60.03046355476842 0
5.328182389119707 5.045069248663989 0
4.531150700927366 6.216701769599623 0
6.145708339913541 6.08187975542536 0
5.419507447998464 7.928295777693156 0
3.294092054984607 5.691458249084925 0
-5.262289752829997 95.2804458517072 -0
-95.81567993228822 14.16486109582099 -0
-90.16575321835634 16.46846954856273 -0
-88.97419310420459 22.38053554864947 -0
-84.10401539935511 18.36142232411873 -0
-82.73562152019913 24.81906568381195 -0
-77.60162340780379 20.31335397009684 -0
-76.03340584158957 27.37023807183602 -0
-70.77574671915032 22.45301235245846 -0
-68.85411795190437 29.94097095148564 -0
-79.18890647288165 13.6518454084248 -0
-82.27730426089002 32.23539931504629 -0
1067.086643661628 14.16486141412667 0
1061.604246782566 17.12828773534319 0
1061.369054108619 24.24241372146021 0
1055.653923650839 20.71106472152817 0
1055.038697648816 28.61116139326211 0
1047.798866303031 23.61860237869535 0
1047.931737521187 34.26222449820011 0
1038.49227092472 29.57144001902268 0
1040.141100273619 42.24162446935293 0
1027.850080881222 35.6351131161223 0
1030.060026066885 51.28151298358645 0
1014.505660674405 42.99499945774948 0
1016.293045282653 59.62092347463108 0
998.8860299547191 50.96303312596822 0
999.2190731472233 32.20543157604398 0
991.6900238644914 8.408769736733474 0
982.9809996564279 41.58127864790026 0
1037.57309445362 20.34343399689943 0
1015.326471444517 26.6642629528422 0
1033.854113759897 70.66326544370094 0
1016.88668000211 82.27095128600315 0
1050.114478225965 45.84973863234347 0
983.1331779579683 26.34161344594176 0
969.1924166614782 33.01543445431624 0
966.583390409957 10.26287660912043 0
-72.81888685314597 16.05751638292562 -0
-66.47708436747449 17.37245072230446 -0
1056.19124795009 13.02688092851379 0
1067.99702909027 9.265494151473593 0
-90.00830684255051 48.41492795957385 -0
-77.48866114541765 52.6927620509386 -0
-72.52284763206914 67.13230772014403 -0
-61.95074059397258 55.71484109203812 -0
-54.18941718469786 73.61094337413732 -0
-43.15676908792464 53.74667656423615 -0
-48.65204919201573 39.58670149398571 -0
-27.04394733378603 41.82496579925929 -0
-38.57871576307517 26.7328551009432 -0
-21.81961839649227 59.05779688620643 -0
-11.6371523707244 40.49457794961213 -0
-19.30826772615957 29.13620001105122 -0
-3.784828348135753 31.65800425078833 -0
3.855590986844984 39.51366400246918 0
38.17709869887487 5.160543639690515 0
41.88165736165237 4.939868193573591 0
10.44109284856517 30.69491009560179 0
21.6803093172403 4.71813262801332 0
24.42661358014649 5.085879739919807 0
18.05230865088895 38.13718297862858 0
24.79738838908833 29.28913579778662 0
32.81401208632696 37.59153751106432 0
53.03175074714949 4.593014172910309 0
38.72902321131653 28.07944503133668 0
45.19228315750849 34.08175741989373 0
69.6739485278132 4.076743182767649 0
51.47086302559749 26.18484852981088 0
57.05662890501411 34.82195938296416 0
78.57795424396858 4.724032214725966 0
81.68588125824444 4.775746773975685 0
63.12376506678356 25.95605107667287 0
62.40884218916175 4.144085232245259 0
56.64380359084131 16.36351176846728 0
56.16204222472727 4.290811824996401 0
54.57624459996983 4.415670274755269 0
16.27688759948154 17.92606194287085 0
43.83567621529183 16.3535903307232 0
-12.13525278729901 19.33027454349054 -0
-14.28193551275105 6.428197492311747 -0
30.10395718325131 17.11597634828713 0
33.45778997880724 5.378224399070498 0
27.8666837183179 55.92198837437767 0
70.74029055191042 33.54301443510822 0
75.38199677379251 23.01958685828038 0
68.56479616486813 15.09709152050512 0
71.74509157081675 4.001516966236544 0
67.69876828262284 4.153680145726383 0
66.48553281697134 4.157897580303797 0
63.6888309882799 48.41432287795459 0
2.299386569621145 19.16730286496903 0
81.7389123701201 30.00237073700824 0
94.76317181583596 5.181677298263001 0
98.63536051033512 5.51463416741878 0
91.10126248669593 5.533098919897523 0
87.28575879327204 23.39314586597801 0
92.68769030901279 30.89393408265201 0
99.91143206902152 21.24131645435296 0
105.2518176686887 30.32341214710261 0
109.6555179821179 5.35895922954331 0
113.6592441920778 5.588030528710159 0
108.4137640259651 20.61640665914515 0
115.7754709000831 27.38940876710008 0
124.9670448440548 5.297530802372879 0
129.3846886641906 5.965581500362879 0
121.9149820045894 19.15202058694782 0
128.0799139186686 27.32403852015238 0
141.4461345806235 5.723141915565988 0
145.2433237576118 5.84170030178381 0
123.0498203457105 39.82772846136559 0
136.6352969311073 37.47099188108961 0
139.1493436398341 24.00757501605841 0
149.4125887274531 31.8528245388258 0
146.5325253699822 49.65128494752162 0
163.7685307779534 43.62190763869184 0
153.3814963207836 20.77438636224033 0
158.042376317174 5.597244053488824 0
80.47189032851341 14.22595350772841 0
92.42341432482247 13.869648527074 0
143.904552378757 15.54120148520447 0
104.400370260795 14.50232995145869 0
110.1890919539029 13.04871810397737 0
160.3798001530253 64.81575350687443 0
179.5686283258815 53.61512733189883 0
183.4182512722174 35.77699479529822 0
197.9207814315643 44.35471626818503 0
203.0369213826994 29.83145375476738 0
214.5918889511499 37.29429301074219 0
205.7901082393179 6.122006639167061 0
217.6215728240724 23.7354796917917 0
228.2309984800778 30.83652792933182 0
222.3976629658479 6.491251801487281 0
229.5763309273445 48.77551183527835 0
242.7434330971105 37.70793712615809 0
189.6304182854491 19.24705984539136 0
186.9959690542815 5.475415106803403 0
191.3544830723747 5.741489698763404 0
246.1078566335358 23.99380637002934 0
255.596564185185 6.27934326883412 0
260.4333276135916 6.29574970740595 0
256.8037874353063 30.79943754838773 0
237.5641754585786 5.669309637657211 0
242.2969295399153 7.050922880313341 0
230.409988605744 19.11527043023791 0
206.6875087471429 18.47919858556377 0
255.6685141299596 19.15043333393025 0
266.6984627998352 22.98205504860722 0
274.3576664583487 5.808558105482914 0
268.9671581075564 35.26581750673206 0
278.0420613300661 26.50946894991889 0
290.9340836742814 5.871220778962698 0
221.8116969970661 15.28976660160959 0
274.852386060304 17.05980986444555 0
285.2766750467133 18.34546344798405 0
290.1085865662412 29.31339539780948 0
296.0029447230152 19.1124891076265 0
307.9694992458301 6.521655959730642 0
300.6525577918447 28.72195327704019 0
307.3514197350669 19.89184531392379 0
310.9589930142372 31.68127903472201 0
317.3267174703803 21.61638940021431 0
323.2461399085539 28.51558342077368 0
325.6207088052324 6.002141985224664 0
333.4132230529329 22.09708177099421 0
335.5394587789002 33.54191176498195 0
343.7121152085364 6.855211120712302 0
343.0429369988154 23.51746558117172 0
349.2002108146905 31.21574269550486 0
360.3291496965069 24.34692605636145 0
363.0685491054008 37.11411653366354 0
362.4062942820802 6.926177341028268 0
371.0338398194329 26.07411054420096 0
381.6709129897892 7.033892556024554 0
379.0860457960302 37.88808698132144 0
390.2770453411582 27.55670270177893 0
401.3845255193279 6.662738679107247 0
366.6943736928397 55.12980242009539 0
341.738876902858 48.28434388667373 0
320.4215306536228 43.99971141889284 0
395.901583115365 41.27379531249608 0
403.3098932218207 28.67308261388095 0
421.6919790787105 6.738880321208762 0
396.8449967322547 18.27755405842559 0
408.1143994962711 19.64191965645116 0
415.1410602609001 27.88609969162504 0
385.7232947448924 16.60994678766917 0
418.5400288825592 17.50730499977389 0
425.9924792810504 25.99603646791741 0
247.3102001119157 14.63097234599494 0
168.4421775906433 27.51555413952042 0
173.2532662444146 5.520545410694949 0
365.7800339829192 16.30342331676311 0
356.2772106812288 15.38798352349738 0
411.2908220081957 41.13859578550491 0
263.3024061690571 14.6377153798922 0
244.4367225344897 59.94971619051964 0
338.1779891935698 14.98175388803523 0
-1.146051425011125 60.48450474548086 -0
429.1709588954542 16.41688758950164 0
436.0304439851288 23.76220647562623 0
435.0986774757751 32.96666231846477 0
445.9832171918908 29.78926179716424 0
443.644020713728 46.76165391262318 0
450.5791677899068 19.67420183622404 0
458.9508927378254 26.72248068477398 0
442.2958367667446 7.187551285577218 0
459.3788016472296 16.1669949100897 0
468.5789156045049 21.31950489651953 0
469.1048910618701 34.23406896894171 0
480.3460389094811 25.24701525826868 0
477.3020707938883 15.31120440775631 0
489.3899851629095 19.76667135751021 0
493.9035272489923 8.101568423948526 0
491.2692664815745 28.97994055797718 0
501.4957099552016 22.64671015441574 0
503.9163123403331 36.15428078426893 0
515.5282763629552 26.41294723622755 0
518.0383938154511 41.95752276636181 0
529.884967098617 32.6202205813795 0
534.1690425305301 49.17935274583724 0
547.9441749402062 35.84994285849506 0
553.4854395786224 56.84096170334943 0
567.8584024126743 42.8644949837367 0
563.5605016885783 26.01688971091017 0
581.3305965386344 30.06236654727164 0
549.2154237720708 21.83932489232185 0
553.7181901100375 7.888501008880495 0
475.9582645095368 8.613858957011436 0
575.2544837771543 18.61232124836447 0
579.0000562543196 7.904771749348118 0
457.5972221455098 8.675857109270181 0
587.8390681876491 46.2458753875941 0
596.1857064011114 31.87663415908274 0
587.1197230313886 19.12593941095858 0
596.7048143749407 8.120863235685608 0
598.5181065211102 19.69932300541929 0
525.7178210479764 20.04654498140737 0
533.9729405885671 7.89936337597907 0
517.8817318171045 8.865628264664807 0
269.7099173139554 11.58211529152156 0
331.4351793923657 15.11798955299378 0
106.2922354552928 9.153930036916808 0
105.6669426684022 5.821331546318056 0
282.6417568280909 40.17815897995663 0
349.8453477231161 76.39155372388176 0
437.2376735470773 15.60422460411357 0
-85.25748705290016 79.81862314428517 -0
313.8388924341791 14.26663098465462 0
321.648844596404 13.33772564506333 0
510.2680258328834 17.83661450783115 0
302.3718468184771 14.08566627937722 0
1055.31793579164 80.51048850175097 0
573.7045082522983 65.49380731066954 0
1062.52820475885 48.98661702907999 0
130.431370304845 18.38497678646366 0
125.1102061729235 12.69326265327828 0
119.3614992566446 12.924402449994 0
121.3545866646841 6.370189011259462 0
131.4608016517165 12.24532196958541 0
137.0697309981349 15.22567205727399 0
136.4475370844194 9.356071293309979 0
137.573020324029 5.968910438986735 0
223.0330360410703 73.75596980586735 0
1028.112265488448 24.09825833422576 0
-93.9015818735588 26.74663718271941 -0
1004.957016793224 20.39808078993796 0
296.4019480040165 12.10431930188268 0
2.525033648206174 4.799995556673716 0
1.918338744591853 6.029404662552189 0
3.106087946101435 7.723256544323291 0
0.3914759061840873 7.490351973393951 0
4.455755473682827 10.03307244092708 0
7.474406670678992 9.120463314820029 0
8.851965806409664 7.107472181829482 0
10.27248122382799 9.490461965110107 0
8.350523851692875 12.66494569172758 0
11.69630872388136 6.952423701243448 0
13.19714953661848 9.123450578265805 0
14.46763378986975 7.02365190468161 0
15.7229367885252 9.539183002912818 0
14.35241448412518 4.496192782696268 0
1.577787161973693 10.46651016568055 0
-1.631794879859186 9.790349653790161 -0
-2.067356284432345 7.139268602841198 -0
-5.152828019447108 4.846989694904918 -0
-4.710934836234204 8.561909942710409 -0
-3.812887816306694 12.18468303713635 -0
-7.919503534964176 11.05251464306065 -0
16.80640865195472 6.950134089316109 0
18.88241802428183 8.83333901242089 0
19.22170766958454 4.615660721421756 0
3.402044802155651 4.555567249812738 0
558.508790745563 17.19436847474466 0
347.0587544152643 15.14592206007787 0
252.9200534850839 12.73653475832185 0
273.0955332475166 50.95803713125368 0
17.53575874830972 12.56345204123655 0
21.21041730815581 11.82182563681047 0
22.16161556095644 8.388127729845921 0
24.92749322438899 10.92659992537459 0
24.60870317614565 15.04151838146094 0
31.59571142323951 12.02023645354842 0
25.56475744925811 7.97723271903664 0
102.1287378891092 10.1654672167417 0
98.54138645083472 13.25123027713336 0
94.70248824569912 10.2159437059404 0
89.67189224765669 10.19452588721598 0
86.58183843702537 14.95249468053594 0
85.40688323872368 9.723436172899625 0
79.337843880921 9.568711183152228 0
75.73199950933343 4.234909659523303 0
76.90642812657158 4.365736456627075 0
84.19245139121962 5.018669883872413 0
-32.52479960555738 77.86411331680311 -0
-47.40127924754997 101.7537089698968 -0
-11.16524863362928 6.022285042385381 -0
-11.97377472348509 9.182379533010488 -0
-15.9943571950358 10.22022761086067 -0
375.478510832205 16.36902938632493 0
280.7703637239176 12.433623339376 0
287.0136622522331 11.73915795908113 0
35.42169662692262 5.285965275483732 0
34.57075319974177 7.097711166041653 0
37.04474999721045 6.412734197637715 0
39.08652419598827 6.818757949726347 0
37.75019541879095 8.851164074309336 0
40.96779479463541 9.256005200179949 0
39.55933023940123 12.99666970532447 0
32.0792619088839 7.306734600907223 0
517.6440413212575 63.60233232947366 0
964.9646341536284 50.88754142218885 0
484.4344765946869 41.17791927231102 0
467.4384848606072 50.11287283444571 0
1042.201849505163 9.013935640136587 0
1044.213259459347 15.39592208553587 0
34.85267609389816 10.52913622503475 0
28.8668689086179 8.448911562421026 0
35.66762943380208 15.10763428180103 0
-85.9484594303766 12.8681312911481 -0
517.9978554522689 15.90906803411696 0
1036.521687938603 13.09185975743349 0
-80.5288239678498 7.553555235070352 -0
-89.05125002423358 7.472313037298996 -0
-68.9166630204229 11.89058162978727 -0
-63.59861918790813 11.5715631887252 -0
-59.72262877932707 17.42595557741609 -0
-63.58333437669535 23.94743323574586 -0
-55.6336478274015 23.5403077039525 -0
-52.75892108537347 15.53276209320344 -0
-47.0546597543448 21.52161389582937 -0
-45.30720672707191 14.85765964008369 -0
-58.99250593198528 33.00501538138374 -0
-69.10006702003375 41.66498238031045 -0
-57.58226942069516 12.33957718902887 -0
972.1244464342958 19.44014815064248 0
958.1330041015376 24.69549268692434 0
951.1637323581367 38.89386278189823 0
931.4207507697506 39.47377904085756 0
941.4720074435091 25.2468460650624 0
941.3407297636907 8.500664271829812 0
925.986630859405 24.53052817166126 0
911.5644610027281 32.95373532051912 0
918.0173750746951 9.738204229672045 0
917.2191307781995 54.20886447225129 0
895.7194114749457 46.59763871482397 0
893.6132809584451 27.59869650833827 0
875.7642487378901 35.8225530720385 0
893.4950503389434 9.325848027399807 0
876.9924196807474 62.59074434704468 0
857.8926620401555 47.83764502230641 0
857.8734883331496 28.96248166340006 0
871.4750829527865 8.0367912193812 0
843.1456378143505 35.43263864545611 0
846.3061185521566 21.05455428364906 0
831.9561217072477 23.09621127417466 0
826.4141796111485 9.195878169418593 0
848.0062342958848 10.85267605731009 0
879.4116084009252 22.54834444818785 0
825.3920886434711 39.68779288411128 0
816.0507607215236 25.32838240018229 0
803.9448326791018 9.14257226232791 0
836.4757095524996 62.78841563227443 0
905.4367858913363 21.89053469378574 0
-67.95128027575664 7.295717873477785 -0
-25.09882397262162 7.035604315918825 -0
-23.31750876953774 11.01602895334639 -0
-76.41339723197662 7.882322922070642 -0
-6.731159474140584 5.213543993930431 -0
-7.241819340334423 7.359341796079175 -0
-17.80958254992672 6.829327367838428 -0
-63.85217227235921 6.813893681194368 -0
-91.897546362646 11.19380272077535 -0
-96.79918608461533 9.333224460883084 -0
-55.79097110850804 7.184744603764167 -0
138.8094502930481 68.85033254244931 0
158.1907005741849 92.38989832106135 0
-39.81913192700261 19.29714160715512 -0
-32.04979533541588 21.21475166494913 -0
-34.46104261909537 14.70939265078365 -0
495.9444204226762 13.84522782139588 0
901.3519432236697 75.06054577491859 0
880.1822632444861 101.5258414232488 0
-47.88487849092492 7.17791305438127 -0
1023.779172172964 9.739408265347045 0
1021.12803270885 16.91990851720456 0
121.6738117181757 9.672358783880679 0
3.73995472558591 13.73976151317419 0
80.50322712751972 4.749991780888903 0
81.09041178305156 6.062152437793953 0
79.34369339342958 5.918030119606231 0
77.75369766940706 5.881049644453126 0
82.81701943628586 5.918245576527772 0
82.24032777616792 8.049607158465669 0
75.17263217828777 4.228292975759658 0
75.45348189707792 4.855970672406245 0
74.61515612431305 4.853888146623334 0
75.06967974978264 5.807549301199619 0
73.90820528963408 5.706557019922785 0
74.35094415216541 6.979100583589562 0
72.60605394029905 3.995542146605996 0
73.19035999060318 4.075755516775316 0
72.18210480589553 3.992820853990634 0
76.17362375270426 6.569131598621527 0
75.36325383671226 8.673250637215446 0
72.93994855653821 8.627141098405945 0
74.15555526321708 11.46751737324663 0
71.00975632150239 10.89081610626067 0
69.75079328030175 8.795755788784643 0
70.7697129630611 4.001024293735054 0
70.18666749457134 3.997270464071155 0
67.92273044550116 10.33904327606673 0
66.63893996182628 7.975526931314918 0
65.09406620217025 9.57141278599701 0
63.98976673206762 7.043147519577485 0
63.84372160301837 4.245083337278461 0
62.26430668350962 9.290097967313711 0
60.63285084084734 4.313508103359911 0
62.75269471241881 12.29497205188459 0
61.97445550090666 6.856913866873057 0
59.94678993755829 8.784903910356109 0
68.5151047014725 6.135322798887819 0
68.68743244301955 4.030138913191025 0
59.14509767119922 6.478301760378963 0
57.65160907871192 8.279582440537256 0
65.89912831910772 6.263810324980376 0
57.17135485463189 6.206579800972523 0
55.44719645118747 7.810407685980088 0
57.50838568168304 4.335561333097297 0
62.92609732565637 5.77805332335831 0
55.84420544058103 10.16983528659064 0
53.20392314724608 9.372289725980083 0
49.50303226144428 4.448493863063171 0
71.66277008802793 6.819357967278703 0
53.24692755818382 6.974296063831417 0
51.26060951012928 4.891931564204094 0
50.73117825004823 8.052630538211437 0
50.82455778965006 11.68034445201715 0
48.07546114874524 9.758145595604752 0
48.42910525495908 7.022791877218671 0
45.64477775424464 7.746112448081136 0
44.3097335913201 4.724692201372453 0
44.19528769698372 11.17702085143493 0
61.82325146887161 5.44707362958307 0
47.68715751461147 13.22563889193144 0
55.18742547870444 6.139017144324662 0
868.1126865685876 21.08668114121735 0
-40.13602652906887 7.184483057905961 -0
76.26497069512934 4.792874505249153 0
0.6045890114325011 5.543883803571268 0
85.96636803106117 5.395198044755756 0
84.66153180813797 6.995943109316105 0
87.4474367297108 7.40448220624286 0
54.51902826728977 12.92310237975187 0
51.5048047223865 17.15909322987715 0
58.87350081866625 11.92940406376941 0
62.82345987792409 17.20848156089806 0
471.0602491292771 12.67169985488639 0
480.7579826865621 10.3638700940466 0
74.20098164607722 4.04872287948174 0
74.0301873782338 4.496097056994215 0
73.02908183257061 5.118044383155495 0
73.47310260979367 4.45270926898335 0
1010.140344880102 9.333727173248455 0
402.5745688069223 13.79680443065508 0
396.0732750723398 11.51985591749538 0
405.0222996239706 9.398829704804156 0
-4.030407169997652 4.63799926547677 -0
-3.801204711291779 5.956453617317067 -0
-1.971132081609078 5.247610079526743 -0
73.49343319690063 4.025176957508558 0
323.9904887073374 69.94865939540919 0
358.74653612204 105.1574273010462 0
74.64039011527916 4.148483397408908 0
-32.54206053616665 7.150760933270683 -0
537.2094637217137 21.76167449691816 0
-49.81220765178187 11.07492234619674 -0
10.16978645733469 5.998057227035412 0
503.8088290968665 12.64610715068981 0
99.93874555444248 44.25605769684699 0
114.3135024239188 57.89422540848602 0
20.30502169789045 6.958329529989993 0
31.83801018105564 5.058649620651971 0
77.63644231116467 4.617419470657764 0
239.5082221063181 17.65373290058615 0
241.608126798372 11.83522102331316 0
235.3520572666175 11.88541582118313 0
228.7003761144624 12.68008960253535 0
39.64955083522961 5.063342228418482 0
40.7923801594607 6.113305489914192 0
42.52581540481807 6.568483384224126 0
997.4902983183376 9.348702342836786 0
993.5462939766991 16.64363297642712 0
128.2313408030091 8.718782500681254 0
-30.644067948092 10.97809646517885 -0
-27.35332693678698 15.21357327860439 -0
-19.28792248614567 14.51664028873682 -0
27.000478459133 5.109308504784615 0
79.47755863279171 4.57841082304422 0
18.21079467701399 4.772460149821858 0
36.9168052079559 4.886880090850791 0
444.7444952055804 13.52159937479526 0
438.7990894807288 10.11589323366476 0
-80.80003458779478 40.88362470895078 -0
40.77508780627196 4.723303182381253 0
29.88652995178937 5.722662216863839 0
17.28047008390591 4.521933993515679 0
47.33382750632915 4.528919471664275 0
46.96275404869446 5.804673875804416 0
45.43571790383281 5.629552688762261 0
25.75421019507246 4.835144946837455 0
972.2558000513949 9.118442248647229 0
20.37754307029162 5.210837735458457 0
22.85352461377668 5.102795796907801 0
23.81848129459046 6.594897940043126 0
51.45394212605702 6.329145011057697 0
59.51551833114128 4.354329440110484 0
59.14716281916616 5.039715887509611 0
58.18148358268737 5.114956833575401 0
60.09702993713521 4.962776218408847 0
52.1897542840868 4.524800969551236 0
52.49655088373684 5.454648819009751 0
53.90109912333084 5.31822696643412 0
15.21845799832423 4.633468728285473 0
15.8114802234341 5.755074113772586 0
13.46220010686583 5.684943181461973 0
61.19102676085409 4.190337017394064 0
93.08138899180076 5.563732128360208 0
92.13396376968856 7.823804646271822 0
410.1194641234657 12.00178186194763 0
416.5557246006343 9.792314681927381 0
62.89830238893286 4.2040537179616 0
62.54449387445084 4.756596023015454 0
63.3941716430495 4.750806383237618 0
64.18399785744077 4.847868839539906 0
543.6569768754939 14.11456379899174 0
89.39713660356999 5.309090175850508 0
452.5315020182494 13.43395516729075 0
462.5091083249881 10.26353071807928 0
53.79432166092125 4.408920979588528 0
43.16604228493249 4.972264256869434 0
7.31632860797809 16.80902420508632 0
45.3648470543786 4.518588826218322 0
984.7576472056305 9.172532007583959 0
64.39410197695655 4.230317820637972 0
64.82013334057274 4.646557836576379 0
65.53497791690512 4.835349478938231 0
50.34069484098499 4.527446261363283 0
49.90938171459143 5.636100861651741 0
48.43712231765824 4.87366960080047 0
55.34489442461281 4.391416635154059 0
947.6249795732817 9.011876021983143 0
950.7323633830533 16.82482415063878 0
58.16869507325363 4.262603073671736 0
56.84944629705698 4.400874379750971 0
960.6015728767712 8.545110039418867 0
935.7096519038018 9.747910209623852 0
932.6848841477749 16.94774167482308 0
923.9435002209352 14.52471273642204 0
923.5804176846589 8.251349978874963 0
788.3691519932038 8.353475070904308 0
791.029245982756 14.56834117235772 0
782.9772959088276 14.33802464953386 0
787.9622031491482 23.93165833101687 0
775.9144394470685 22.57745654044158 0
782.8254429541682 35.89072676398105 0
765.6484686066767 34.35504134073243 0
775.4251543216708 51.62858616022118 0
754.3395108479668 49.65089761713895 0
747.1969590277769 30.60366315484093 0
733.4130369480965 47.50238703011698 0
727.3874700017237 26.39734056118958 0
716.7834363961051 41.28939285113199 0
712.2368737464451 27.29831581617762 0
699.2547696588263 39.06777792434836 0
717.2075963040794 10.31341017802137 0
691.1910205312028 23.09771857629149 0
680.9721273489351 36.27421933660286 0
687.9156959468172 8.607538151929042 0
687.527146977465 53.61498548439797 0
667.1596794088775 50.47149620935674 0
664.3769389752396 31.45865731590223 0
795.9276539864157 35.17258433196689 0
649.3141578200795 42.29213344416134 0
643.7118717752882 25.99841979109346 0
641.2633628423993 7.014664561138454 0
739.4264406157297 18.71657887495383 0
760.6815224305676 20.48045101159447 0
678.3139018119354 22.29332066302565 0
668.569901623958 7.807893092974676 0
628.4437193010801 40.20808145225383 0
630.046483616939 22.33507009255588 0
622.5671788013461 8.117657471410098 0
761.9961015023965 10.41732931528357 0
742.2560178710155 7.570364878265641 0
677.8621412121363 77.0914794889248 0
618.8131942874841 30.17983114289918 0
619.27429574222 19.28687544200791 0
738.053359468339 71.59973221519033 0
656.0026407308683 20.46835947501876 0
666.5446454102095 19.01061141353939 0
749.2077395082215 19.61261745987808 0
799.293185640199 13.41006932448604 0
807.1041576894304 16.27656501029613 0
718.2048470064055 18.66669591724762 0
709.6213613142428 15.44363318670803 0
808.0978421993411 39.07834598734718 0
638.7651693642613 16.2138145060465 0
647.5764265210165 68.82863686942811 0
608.9467944489372 24.39893622163912 0
661.079946881224 13.32103395565534 0
647.6655238770601 14.31670776650943 0
673.2639976841614 14.04834177662833 0
65.72757885079236 4.200839010794065 0
66.1419333529186 4.557335342006538 0
66.80713145183924 4.625872537850883 0
899.8204351691032 8.805047651695169 0
898.1897737849122 16.26497037881606 0
888.0289533288156 15.43145354958354 0
60.08414513872047 4.226122752375849 0
911.7701188424609 9.570694808046735 0
914.7867250872628 17.90813993704366 0
888.1350526295564 8.609783462879635 0
865.6270264199496 10.7355310316817 0
61.79846914376589 4.422966433448769 0
876.9662937449957 9.064742919702054 0
853.8949420725829 8.606349110596275 0
856.6819592405188 15.20745399969932 0
737.52148808661 9.99175929150616 0
731.6416992500148 13.99752632073221 0
831.3660206621606 8.353053197987547 0
783.072963660015 7.875680281657098 0
810.1900421769661 9.632128999895288 0
841.9651913837996 8.527020545670199 0
839.2370503631937 14.76664166355386 0
711.8146572470761 8.02004060080079 0
820.2631338594539 9.407156491789989 0
823.4441705023556 16.58701666081219 0
798.9909742479518 7.680455767224999 0
697.0575335251385 8.048649343615702 0
700.0037751908424 13.93671257823514 0
692.2445183775421 12.76261570796692 0
685.267769452994 14.71382207433932 0
649.9673978019317 7.750663805190254 0
663.8118037736506 8.144495183916195 0
767.9079045666117 8.217953476886695 0
769.2957600535649 14.19605713221662 0
777.8262800703641 8.277234948104072 0
756.6588842633874 8.091855556279292 0
731.9169305577343 8.014000529746399 0
618.2971547493362 7.612723503727413 0
746.4192772312579 7.463902535922943 0
224.145764233326 10.3608987811468 0
217.7589825509785 10.54985271228484 0
216.874832609065 6.409395365936602 0
214.2787307996513 17.53512678628402 0
211.4871129190355 12.36807176792716 0
205.4837561822123 12.53491135771596 0
200.7268934222917 6.771898663193888 0
200.721208972607 15.7597219048025 0
200.9350996245686 10.85473330654409 0
195.3131629454706 13.0901294277925 0
604.7606222034872 8.027595489927034 0
606.0927049403429 14.17137892850394 0
600.153535309056 11.88272643182722 0
613.7531877765657 12.96182239960846 0
722.3651156502586 8.053799389079975 0
692.3537234644336 7.907434401850993 0
706.1368628259718 8.719268840027512 0
574.9388063699427 7.423875444283656 0
682.6509185731304 8.720985665164694 0
659.4138346405293 7.785384868644956 0
673.2808115522321 7.441002654292396 0
562.3494758480209 7.369042392860186 0
563.7230335769091 12.37320309707786 0
570.699945811751 12.03581382036838 0
541.4593507476899 8.251665256038496 0
550.4956760797788 12.91635995042195 0
537.6684141534101 12.17255842925577 0
530.6060619257424 12.82083865328529 0
63.38643761360392 4.172822609442377 0
645.453239120679 8.131074328939404 0
627.600153497599 8.461378800263635 0
625.0777415607722 13.92367273582896 0
637.0304042291259 9.315318064917339 0
513.706310622428 7.139716269503705 0
613.8628671698641 7.567840463629552 0
591.6166182240064 8.326254071932395 0
593.5492897979068 13.42701941302575 0
502.618161213146 7.035213952576298 0
600.6008304357764 7.106237031487973 0
583.6605614732144 8.068195631450706 0
581.3662359084946 13.29211825839663 0
570.7396206134315 7.267430782078763 0
549.9480426397696 7.291310360462858 0
530.0514992361626 7.237927027897708 0
557.7136841067477 6.964060673567158 0
428.5085148395627 6.659478577211981 0
387.8607237420778 6.673459084212411 0
389.9490477936229 10.60451691336643 0
384.9404266802624 9.791871658133878 0
96.46156657216424 5.576993796616213 0
97.27905914934703 7.781567469718066 0
100.3220259530689 7.410048133950645 0
103.8823431896478 7.457129636470918 0
537.7317022954378 7.238455848916816 0
522.2638782288744 7.405539811636095 0
523.5250164805245 12.3189742018136 0
417.9071700731773 6.147562163092085 0
397.8954329966648 7.059123527474515 0
510.4088994278778 6.93181934673658 0
490.1641875964071 6.862667543645906 0
488.9501065972831 11.4989773003271 0
471.6267191107596 7.485764284142106 0
377.925036061914 7.107276716849839 0
379.8614271271936 11.24086270396728 0
374.9939573631369 9.933372187134795 0
369.9811090686369 11.24207178518821 0
498.8165524646331 8.188019558101752 0
67.24198559770878 4.185404157606859 0
67.4881887286225 4.71096390671839 0
67.05944931806125 5.44877986344606 0
68.01286809963341 4.445820788558485 0
368.2500566075963 7.0489147279939 0
365.3823593124731 9.844717893787816 0
358.7713102224557 7.01094588485321 0
360.6559932949887 10.99355669782756 0
355.9532578930458 9.607096966750882 0
349.40827278367 6.956164622459891 0
351.3664970371146 10.67133245192858 0
346.6671371608431 9.471728631835745 0
330.8512880664859 6.769193683450656 0
66.86891194651693 4.093834855152307 0
446.3246309047755 7.500628624859988 0
453.5443212879504 6.874215682200473 0
340.1850153598369 6.908532351438012 0
342.1889417282776 10.54951807651958 0
337.5484480872726 9.289913551661654 0
415.2544154442356 6.131316074624051 0
393.9928182929734 7.154960137199082 0
322.2984213611466 7.536117814384041 0
425.3370019887341 7.201543074505945 0
423.2307574760647 11.52186113220955 0
313.5329819367948 6.285317787796568 0
296.3478865055451 7.253869410494077 0
279.7691907118345 7.232644144893807 0
131.7398643914437 51.25844320357097 0
304.8451659942771 6.2474778484324 0
305.8307470594157 10.01905555504822 0
310.6708793453459 9.633240841975901 0
66.1080260122968 4.098841413857563 0
287.7799667565088 7.167297347598074 0
384.7320674320176 6.307374260842269 0
271.8197272379531 6.716094141217396 0
374.934466349981 6.314709914799596 0
365.3316339995849 6.263961992561997 0
355.8823298706861 6.204331524401193 0
337.4012363556988 6.08529957236891 0
252.5760752492567 6.298690053076389 0
234.9015457707436 6.971980697694195 0
11.84486554842376 4.588136963715873 0
12.17756263429148 5.467539809192985 0
227.2947926538121 5.807288524759179 0
210.171995035305 5.835127203653986 0
346.5694048481384 6.156620875001587 0
100.3583323034169 5.189995936594497 0
64.81261362765464 4.134054728430572 0
327.9771208209868 6.025189378638299 0
326.8012613690569 9.854611224516175 0
111.4233961622131 5.771788460494989 0
112.8189804543603 7.628092110581226 0
115.2593024996755 7.219707423347843 0
118.3757650895553 8.293263000649015 0
109.5142729253583 8.521736865045186 0
319.0690233562088 6.284272191696304 0
317.9154110215496 9.7645203443463 0
301.7504351381755 5.847524878442769 0
285.0130076863951 6.103386061925899 0
268.4742685237487 6.994401430362067 0
310.6537208095251 6.119217939511155 0
293.4627799499679 6.181616301421937 0
263.5005460883056 6.526089328869737 0
261.4772101136908 10.12591381538887 0
258.001121618599 9.002522909587187 0
107.7872312499263 6.059326279637227 0
276.8114444815192 6.109573617522609 0
275.4363563217324 9.331534786639745 0
258.0091535889756 5.815523177165451 0
239.8516621669318 5.949665584192437 0
245.2527264925129 5.963450372306606 0
245.7287047968863 9.101124359601686 0
250.1349262219454 8.89386063796116 0
126.8393792441079 5.927095267939941 0
250.1553793933094 5.784973917751692 0
72.97215283299927 6.434457602860039 0
71.94360377515744 5.502776289495046 0
70.77641473821753 5.804149018057438 0
71.11054533111839 4.865228443868211 0
71.26540092832029 4.00053656028404 0
70.13844267546467 4.857887280445543 0
72.4006810601863 4.680213090887416 0
72.93948825434993 4.481392276806607 0
72.37860569127179 4.191375150653862 0
71.99343536131455 4.286506181690122 0
71.49049307127854 4.312054698301348 0
69.75594971851152 5.718289075198022 0
69.12463470939164 4.992089884825517 0
232.0059017562509 5.922973699140969 0
214.7789616697764 5.695789187320452 0
198.0626290756718 5.757549955200591 0
197.415506399926 8.470070172257568 0
193.6601209381767 8.360885975406529 0
190.1568339090594 12.07822636337612 0
183.9885965059765 15.59276736758731 0
184.5517064540178 10.23335019095861 0
179.4374203271444 11.94307479853597 0
177.1486494114717 17.55296046928603 0
173.2856567516726 12.19619310488616 0
168.6995755581217 5.958820484182167 0
183.194240374659 23.36729631677397 0
170.0215631305358 18.69876154830301 0
166.4528054352653 12.3432491129398 0
161.5869373729285 18.69066454482218 0
159.753358774642 11.84427166248409 0
159.3183461579524 28.49106744482011 0
176.266159120466 8.686274525716968 0
123.1959578238777 5.444949871909222 0
219.6409053112288 6.660413556335461 0
225.1608536864289 6.591038222992577 0
193.6656129609146 5.749839734236284 0
203.3532900038888 5.872830285402133 0
139.5411496818146 5.427688878656191 0
140.0393999569144 7.586432372850066 0
143.0783896533417 7.419995854273517 0
146.5029791904288 8.622010849393101 0
150.8022202212443 9.013652316179728 0
153.9995539143893 5.350448643901109 0
141.7109317084134 11.05456616321388 0
208.0930425650741 5.623537404285055 0
208.6820758512382 8.626385545563052 0
159.9720542419869 5.370627979895597 0
162.3406136002729 5.614317937433952 0
163.169323438919 8.64105490685114 0
166.6205049398786 7.8848288228616 0
169.9540731994929 8.849632499231012 0
131.2806076805731 5.365474337766098 0
115.3913413082321 5.201305991494815 0
155.7399514751222 5.309056667134956 0
154.8391019158626 8.097590638284849 0
154.9331142173745 13.65203280771155 0
175.2317213258346 6.027856824219088 0
178.0399431981369 6.005437529366879 0
189.1899488754871 5.897129638969381 0
147.1759658523382 5.609073133282549 0
171.1984190971162 6.101404247062462 0
182.0450284483726 5.405728641927102 0
184.5089282161996 6.488581109236216 0
166.6821577463145 5.633094694020301 0
152.0263505692157 6.00722435226692 0
134.8990438381497 5.993194473105647 0
119.1927954119272 5.501719303686497 0
104.0024084347191 5.310383851386274 0
68.32417908158176 4.074790611342891 0
68.0085241395461 4.047223844435082 0
-23.15273218836261 21.3731773658957 -0
70.46926390001545 4.00898671882416 0
70.62878029770205 4.375540389957382 0
71.04529597007793 4.253343464801103 0
557.3306470326801 82.6581025728058 0
815.3793455106857 14.23997396081953 0
13.49698377827802 4.457136487101535 0
-0.42205571368154 14.11833418605889 -0
-4.072855976786405 16.51152017461115 -0
238.5883236102117 8.434939588200272 0
71.018819263887 3.950980863764039 0
-42.02494617111811 10.99734815241262 -0
764.6793266164611 73.3260429588607 0
749.0038674304413 95.35640101231509 0
791.2910772358234 70.99453064652751 0
231.3515822697843 8.85206790765233 0
132.0916131848956 7.558969491463237 0
71.96879522386271 3.956168800383459 0
457.0243013131843 37.52406763958977 0
631.713142759069 12.96000787046301 0
11.11861103862497 4.458170903403272 0
72.3913891496927 3.935947630250098 0
-2.091425167046489 4.343964068848945 -0
258.5894028745126 48.16329823012633 0
159.2563222697601 7.98173304040597 0
56.14724480618571 5.101938806579894 0
77.78508104275421 7.807452278456029 0
16.61025979506775 75.118737179484 0
29.13097731689548 107.2485971278102 0
9.690627040141543 4.326204549914936 0
-48.77169519593826 29.94285864384154 -0
114.7960370781069 17.02515175636385 0
114.0830646154592 10.69876265147814 0
64.7818144225668 5.529989545206101 0
228.5592472822272 110.7380502768888 0
1067.32191371522 27.75383918982876 0
187.6969558348783 8.066923435017539 0
68.02020712679165 5.249531205349315 0
-73.8849464356597 11.362759910348 -0
283.7515710591969 8.906659054711652 0
40.32167611828852 77.61440911908613 0
5.706582121500746 4.320978995316196 0
292.045710917328 9.501003726372478 0
308.0127570784969 13.57928779499595 0
632.7962047456032 57.06005325274197 0
981.4017017224455 60.0511335320989 0
961.8575822056471 72.00034415364891 0
57.19716134177209 22.66137703962967 0
-87.82375096935193 28.50305577614955 -0
18.77291391501761 6.158406062477707 0
124.3275930558565 7.902792785400719 0
800.8383075928607 23.9059391102729 0
-68.37331557956547 84.97617838415159 -0
60.63159818277084 6.072757129008653 0
453.3777553739357 69.10039097949327 0
-13.28823978437877 13.10884724340941 -0
1029.634253230032 15.8452849138122 0
-29.77603956343371 29.65123885752396 -0
402.7943732716859 63.83313428494463 0
72.46958220689372 16.1842209380066 0
9.264895724587795 5.268173588128451 0
7.833749062421331 5.798847727479637 0
265.4087291499196 9.305309402559072 0
61.01761930196923 4.907599291401405 0
221.1510024116895 9.870436690572795 0
724.0299287961928 14.20347342343906 0
299.9397047788227 41.45524903790594 0
69.59937294224072 4.51992511579116 0
72.88521286831102 4.016546347159285 0
377.3572737396024 78.88073106385536 0
679.602169721523 111.2001070973874 0
-0.6677359755476598 5.771066159636951 -0
1035.428635475809 89.78919941000933 0
982.3098386483805 16.38941359244117 0
1018.536840104696 110.2994215496544 0
66.29227579018902 5.195125642178075 0
204.1869226841386 8.83841255919469 0
69.04129637010735 4.337576647176451 0
69.92483800931298 4.292505027830147 0
76.88253535767798 10.98851795236887 0
711.0252770405938 63.27164823308112 0
7.110231567273322 7.357334730792869 0
6.846297538377494 5.29516094733422 0
745.09363837154 13.14328135904785 0
426.2872444303533 38.45231928541428 0
47.12226723658972 50.96949078821063 0
68.25775084652106 68.42851669895204 0
81.46591976943841 45.16265788761307 0
1047.730600670323 57.59553491170829 0
1055.911834744845 37.14479997603318 0
300.9941656431439 8.780149694365269 0
607.3238081519589 42.44801912443423 0
754.4692520740435 14.18208596430208 0
-53.77959982153374 10.63292497218685 -0
7.162618616428906 4.487486927174177 0
212.7488596949643 54.36098724419585 0
197.234035918982 66.97380146134439 0
-0.953704646380741 4.838371280927609 -0
433.4485994782207 11.25155952336516 0
236.7648918094226 25.16724505356073 0
-75.41298593244248 34.41904308552583 -0
-19.56790225380813 9.900611116158171 -0
43.45162356030922 8.494666325490277 0
197.3961791156223 21.47004554258106 0
143.2869254934933 5.296967614324663 0
69.91693362788448 4.003189590439938 0
325.9679467526524 18.45636962595969 0
1012.506855679559 16.26824882381519 0
-9.628169582669416 7.64110536709113 -0
463.9344951073282 6.645036996165834 0
333.027646620176 10.33114539888373 0
351.1816525213012 21.92280798332266 0
407.9901253791552 6.618534162513458 0
856.0701789138067 71.9976464585986 0
89.83879103514761 7.458002323240025 0
-82.58078976900379 10.58932626812287 -0
213.6326941975772 8.48372171248238 0
380.5946961098905 24.27221876139143 0
173.1840712015432 8.14911090757745 0
266.4532117771691 70.50477615403665 0
92.18522560752552 89.79731244547544 0
596.1450062200422 66.45049042886436 0
615.7981486894535 85.98662479341372 0
291.1645657157146 14.12954208260835 0
8.408766034458083 4.904757316952336 0
76.6575744623395 15.79818698069048 0
460.8198893567988 6.818391653937188 0
482.99007010549 7.026184046598135 0
999.8124513492546 69.59474647654527 0
71.50001967910194 3.962821644964386 0
72.67427418267491 4.263518463918165 0
511.5299717428622 11.04157292714673 0
81.86358386728885 10.66281778159317 0
295.4615047966192 87.98433874593321 0
404.7223392813883 6.036020509284971 0
71.78775171981106 4.729355740848429 0
180.7208455019756 7.744628803504359 0
794.42440301071 48.6075665447343 0
424.8774205264339 88.66554763828096 0
-58.16175894665801 44.17484012550702 -0
11.64063067759653 16.3500196518477 0
13.28519548943605 12.52251069628163 0
873.7562692462054 14.37767586050424 0
435.7304067704924 6.930687491881962 0
481.0250328964565 93.45523512111085 0
-38.20480458119282 10.39869502014088 -0
21.86608259245766 6.162186893376436 0
465.6366400752116 14.20610237419182 0
1006.377901968844 14.00787023381477 0
79.95947157526487 7.481190635494823 0
82.8993169807197 4.682171658524079 0
813.3324564748937 90.55523449113552 0
68.53510297175423 4.521658008407281 0
-34.39882888353831 10.30791760773066 -0
27.75488266708741 6.736893140167484 0
385.0128119929598 55.96523239897743 0
28.01578341965868 12.96847058239584 0
1055.873055366022 7.818409140620275 0
-10.80164430908409 27.73613774329943 -0
111.6658713785687 39.93816649618026 0
38.91361548877293 20.01867684994047 0
44.94104430347895 23.64623523193035 0
76.31352024193336 4.210723255896416 0
68.85064844036206 21.83474106491187 0
69.32898135957238 4.071655740559791 0
69.01590563330078 3.987874260185453 0
962.2507278599359 15.62891871048144 0
1036.285611295754 7.738292307202284 0
-27.04316978714667 10.26615862182827 -0
65.94665692496119 12.49058298527938 0
257.6063157337438 13.26028989464117 0
23.39753476115562 20.52327847450746 0
479.6737180703117 6.700782619531235 0
566.3493511199912 17.24651927029311 0
1001.22370091466 13.93150775991456 0
11.16313139864641 5.469006253213197 0
149.2764901086533 13.98880806214825 0
502.3352444810811 52.96994321738593 0
498.6085562617146 73.87794751166585 0
12.75431392844567 53.31058540981331 0
1050.784948881735 16.53275118493341 0
880.5184626431693 14.40479320656989 0
17.18051457499417 5.454522837957598 0
31.57077052868711 23.4886491424536 0
0.6367823165044905 4.50162120233946 0
254.4725094156356 9.411873587070311 0
20.60586031864966 15.57522729537725 0
619.5968457827548 12.72865202152532 0
484.0382245730089 14.32036417896046 0
576.0505200680595 12.43125089331635 0
17.22866911542701 26.45971176749992 0
10.15447217292702 22.1209295111764 0
-97.197881208 6.174974343410351 -0
209.7082607853892 25.42539511697829 0
776.1092573611564 14.13694662677686 0
60.56350038697008 7.45932455203668 0
557.2827397086505 11.14954279954531 0
448.2703461127148 10.64989184198051 0
68.40724180957082 7.783953906793698 0
44.08895174990955 6.355961884133282 0
81.35299519417714 20.23195643837024 0
314.250916642841 9.880673164826421 0
75.95692799059088 5.526313651755743 0
8.477215803027773 4.284629443556879 0
540.6739109386052 113.2838404545531 0
925.0999260144366 76.13279275888361 0
944.1228427621663 93.79219404321483 0
67.41479915339285 6.559019551546005 0
70.11815953937094 6.953792956996709 0
57.17158304444901 5.031982230795218 0
190.5912668807196 8.126844742366147 0
3.024521261611827 27.02671090360319 0
666.2304463778287 12.47395529500607 0
245.0371453822978 83.8273719446007 0
-45.80404375516571 10.25752738746698 -0
587.4880707554855 11.56713974049232 0
702.1467517064002 23.31692148844173 0
1061.406475822572 30.49886507039963 0
224.5185642267401 22.24426116324275 0
192.4327986437019 29.00792775383283 0
73.71458191599902 4.97002788636942 0
98.87058855672765 10.04637798756448 0
535.5955905573842 77.12463998848656 0
227.7089097457546 8.426090072314063 0
175.9262312450785 26.75968376834254 0
941.5941027025185 14.37997706566017 0
76.87632555774562 5.275404969869213 0
177.3597085271467 76.05698115930238 0
63.85516959615622 5.589973122183884 0
146.5627590281863 21.53202195837079 0
400.2984395676865 9.791944003162103 0
268.6407930857879 16.56542389611663 0
-4.245112265012048 23.57165841346028 -0
306.0626720468998 59.56051422492556 0
71.23592581055958 8.302835587022559 0
831.2540349369218 14.1939749443771 0
65.47917452955615 7.412016757841521 0
906.047881831076 13.73479923973029 0
173.3325056909439 37.64653534087356 0
679.1728746311887 13.65577536286084 0
-5.666240318256747 6.282958633104211 -0
70.27387393983662 4.257614233457254 0
484.7712663072505 10.23315803403847 0
94.7369397574226 7.023953174194951 0
25.71990394088132 6.056559498464854 0
439.0491396707625 6.346826402224788 0
6.178606859109891 4.950619049918453 0
-68.21676464348329 125.5876097898521 -0
14.59321701203759 5.568457755981817 0
92.78014096020485 20.09640829776276 0
55.01848370327728 5.114340392908101 0
-39.81796918713362 14.29807279789644 -0
428.5699210498745 10.06143950426249 0
653.3023371274274 29.74511588280388 0
642.3321376917079 11.34291412987825 0
442.9149995439168 20.47029881758467 0
-38.52277903380302 37.62548320304527 -0
590.788533123061 25.19106578068306 0
2 4 0 844
3006
3007
3008
3009
3010
3011
3012
3013
3014
3015
3016
3017
3018
3019
3020
3021
3022
3023
3024
3025
3026
3027
3028
3029
3030
3031
3032
3033
3034
3035
3036
3037
3038
3039
3040
3041
3042
3043
3044
3045
3046
3047
3048
3049
3050
3051
3052
3053
3054
3055
3056
3057
3058
3059
3060
3061
3062
3063
3064
3065
3066
3067
3068
3069
3070
3071
3072
3073
3074
3075
3076
3077
3078
3079
3080
3081
3082
3083
3084
3085
3086
3087
3088
3089
3090
3091
3092
3093
3094
3095
3096
3097
3098
3099
3100
3101
3102
3103
3104
3105
3106
3107
3108
3109
3110
3111
3112
3113
3114
3115
3116
3117
3118
3119
3120
3121
3122
3123
3124
3125
3126
3127
3128
3129
3130
3131
3132
3133
3134
3135
3136
3137
3138
3139
3140
3141
3142
3143
3144
3145
3146
3147
3148
3149
3150
3151
3152
3153
3154
3155
3156
3157
3158
3159
3160
3161
3162
3163
3164
3165
3166
3167
3168
3169
3170
3171
3172
3173
3174
3175
3176
3177
3178
3179
3180
3181
3182
3183
3184
3185
3186
3187
3188
3189
3190
3191
3192
3193
3194
3195
3196
3197
3198
3199
3200
3201
3202
3203
3204
3205
3206
3207
3208
3209
3210
3211
3212
3213
3214
3215
3216
3217
3218
3219
3220
3221
3222
3223
3224
3225
3226
3227
3228
3229
3230
3231
3232
3233
3234
3235
3236
3237
3238
3239
3240
3241
3242
3243
3244
3245
3246
3247
3248
3249
3250
3251
3252
3253
3254
3255
3256
3257
3258
3259
3260
3261
3262
3263
3264
3265
3266
3267
3268
3269
3270
3271
3272
3273
3274
3275
3276
3277
3278
3279
3280
3281
3282
3283
3284
3285
3286
3287
3288
3289
3290
3291
3292
3293
3294
3295
3296
3297
3298
3299
3300
3301
3302
3303
3304
3305
3306
3307
3308
3309
3310
3311
3312
3313
3314
3315
3316
3317
3318
3319
3320
3321
3322
3323
3324
3325
3326
3327
3328
3329
3330
3331
3332
3333
3334
3335
3336
3337
3338
3339
3340
3341
3342
3343
3344
3345
3346
3347
3348
3349
3350
3351
3352
3353
3354
3355
3356
3357
3358
3359
3360
3361
3362
3363
3364
3365
3366
3367
3368
3369
3370
3371
3372
3373
3374
3375
3376
3377
3378
3379
3380
3381
3382
3383
3384
3385
3386
3387
3388
3389
3390
3391
3392
3393
3394
3395
3396
3397
3398
3399
3400
3401
3402
3403
3404
3405
3406
3407
3408
3409
3410
3411
3412
3413
3414
3415
3416
3417
3418
3419
3420
3421
3422
3423
3424
3425
3426
3427
3428
3429
3430
3431
3432
3433
3434
3435
3436
3437
3438
3439
3440
3441
3442
3443
3444
3445
3446
3447
3448
3449
3450
3451
3452
3453
3454
3455
3456
3457
3458
3459
3460
3461
3462
3463
3464
3465
3466
3467
3468
3469
3470
3471
3472
3473
3474
3475
3476
3477
3478
3479
3480
3481
3482
3483
3484
3485
3486
3487
3488
3489
3490
3491
3492
3493
3494
3495
3496
3497
3498
3499
3500
3501
3502
3503
3504
3505
3506
3507
3508
3509
3510
3511
3512
3513
3514
3515
3516
3517
3518
3519
3520
3521
3522
3523
3524
3525
3526
3527
3528
3529
3530
3531
3532
3533
3534
3535
3536
3537
3538
3539
3540
3541
3542
3543
3544
3545
3546
3547
3548
3549
3550
3551
3552
3553
3554
3555
3556
3557
3558
3559
3560
3561
3562
3563
3564
3565
3566
3567
3568
3569
3570
3571
3572
3573
3574
3575
3576
3577
3578
3579
3580
3581
3582
3583
3584
3585
3586
3587
3588
3589
3590
3591
3592
3593
3594
3595
3596
3597
3598
3599
3600
3601
3602
3603
3604
3605
3606
3607
3608
3609
3610
3611
3612
3613
3614
3615
3616
3617
3618
3619
3620
3621
3622
3623
3624
3625
3626
3627
3628
3629
3630
3631
3632
3633
3634
3635
3636
3637
3638
3639
3640
3641
3642
3643
3644
3645
3646
3647
3648
3649
3650
3651
3652
3653
3654
3655
3656
3657
3658
3659
3660
3661
3662
3663
3664
3665
3666
3667
3668
3669
3670
3671
3672
3673
3674
3675
3676
3677
3678
3679
3680
3681
3682
3683
3684
3685
3686
3687
3688
3689
3690
3691
3692
3693
3694
3695
3696
3697
3698
3699
3700
3701
3702
3703
3704
3705
3706
3707
3708
3709
3710
3711
3712
3713
3714
3715
3716
3717
3718
3719
3720
3721
3722
3723
3724
3725
3726
3727
3728
3729
3730
3731
3732
3733
3734
3735
3736
3737
3738
3739
3740
3741
3742
3743
3744
3745
3746
3747
3748
3749
3750
3751
3752
3753
3754
3755
3756
3757
3758
3759
3760
3761
3762
3763
3764
3765
3766
3767
3768
3769
3770
3771
3772
3773
3774
3775
3776
3777
3778
3779
3780
3781
3782
3783
3784
3785
3786
3787
3788
3789
3790
3791
3792
3793
3794
3795
3796
3797
3798
3799
3800
3801
3802
3803
3804
3805
3806
3807
3808
3809
3810
3811
3812
3813
3814
3815
3816
3817
3818
3819
3820
3821
3822
3823
3824
3825
3826
3827
3828
3829
3830
3831
3832
3833
3834
3835
3836
3837
3838
3839
3840
3841
3842
3843
3844
3845
3846
3847
3848
3849
1065.794698150198 0.7500000062911379 0
1059.122922823906 0.7500000061674857 0
1052.484506408792 0.7500000060444518 0
1045.87928208166 0.7500000059220332 0
1039.307083842299 0.7500000058002266 0
1032.767746578515 0.7500000056790289 0
1026.261106020626 0.7500000055584374 0
1019.786998660009 0.7500000054384487 0
1013.345261851419 0.7500000053190602 0
1006.935733730561 0.7500000052002684 0
1000.558253243804 0.7500000050820707 0
994.2126601757356 0.7500000049644637 0
987.8987950683662 0.7500000048474449 0
981.6164992862986 0.7500000047310115 0
975.3656149720723 0.7500000046151596 0
969.1459850750661 0.7500000044998875 0
962.9574533433455 0.7500000043851918 0
956.7998642791878 0.7500000042710692 0
950.673063131413 0.7500000041575173 0
944.5768959612774 0.7500000040445332 0
938.5112096341595 0.7500000039321144 0
932.4758517386122 0.7500000038202571 0
926.470670652395 0.7500000037089595 0
920.4955154976209 0.7500000035982181 0
914.5502360970532 0.7500000034880306 0
908.6346830767199 0.7500000033783941 0
902.7487078212206 0.7500000032693055 0
896.8921624665746 0.7500000031607627 0
891.0648998556446 0.7500000030527623 0
885.2667735314615 0.7500000029453019 0
879.4976378397513 0.750000002838379 0
873.7573478477735 0.7500000027319907 0
868.045759300699 0.7500000026261342 0
862.3627286879176 0.7500000025208069 0
856.7081132355395 0.7500000024160066 0
851.0817708625643 0.7500000023117303 0
845.4835602106091 0.7500000022079751 0
839.9133405998152 0.7500000021047387 0
834.3709720590501 0.7500000020020187 0
828.8563153550522 0.7500000018998123 0
823.3692319488692 0.7500000017981167 0
817.9095839887325 0.7500000016969295 0
812.4772342665989 0.7500000015962484 0
807.0720462849928 0.7500000014960709 0
801.6938842496638 0.7500000013963939 0
796.3426130262861 0.7500000012972154 0
791.0180981335886 0.7500000011985328 0
785.7202058104004 0.7500000011003437 0
780.4488029714011 0.7500000010026455 0
775.2037571276354 0.7500000009054358 0
769.9849364900969 0.7500000008087122 0
764.7922099627398 0.7500000007124722 0
759.6254470991632 0.7500000006167135 0
754.484518059343 0.7500000005214335 0
749.3692936402796 0.7500000004266298 0
744.279645342705 0.7500000003323002 0
739.2154452908464 0.7500000002384423 0
734.1765662264704 0.7500000001450535 0
729.1628815757371 0.750000000052132 0
724.1742653691075 0.7499999999596745 0
719.2105922355305 0.7499999998676798 0
714.2717374694404 0.7499999997761448 0
709.3575769875587 0.7499999996850678 0
704.4679872860983 0.7499999995944459 0
699.6028455082787 0.7499999995042774 0
694.7620294376388 0.7499999994145596 0
689.9454174553933 0.7499999993252902 0
685.1528885342088 0.7499999992364671 0
680.3843222691503 0.7499999991480885 0
675.639598834431 0.7499999990601516 0
670.9185990148179 0.7499999989726543 0
666.2212041988499 0.7499999988855947 0
661.5472963368409 0.7499999987989702 0
656.896758008052 0.7499999987127789 0
652.2694723780395 0.7499999986270187 0
647.6653231927997 0.7499999985416871 0
643.0841947729477 0.749999998456782 0
638.5259720079474 0.7499999983723019 0
633.9905403503823 0.7499999982882438 0
629.4777858470163 0.7499999982046062 0
624.987595096037 0.7499999981213865 0
620.5198552785725 0.7499999980385832 0
616.0744541891441 0.7499999979561939 0
611.6512801199119 0.7499999978742166 0
607.2502218923146 0.7499999977926488 0
602.8711689615208 0.7499999977114895 0
598.5140113000564 0.7499999976307353 0
594.1786394299434 0.7499999975503852 0
589.864944416293 0.7499999974704367 0
585.5728178627768 0.7499999973908882 0
581.3021519420465 0.7499999973117372 0
577.0528393541758 0.7499999972329822 0
572.8247733575278 0.7499999971546208 0
568.6178476901594 0.7499999970766511 0
564.4319566382588 0.7499999969990713 0
560.2669950303876 0.7499999969218797 0
556.1228582324979 0.7499999968450737 0
551.99944214226 0.749999996768652 0
547.8966431106592 0.7499999966926122 0
543.8143580473821 0.7499999966169529 0
539.7524844148883 0.7499999965416713 0
535.7109201501275 0.7499999964667667 0
531.6895637329244 0.7499999963922364 0
527.6883141070375 0.7499999963180786 0
523.7070707126078 0.7499999962442918 0
519.7457335539189 0.749999996170874 0
515.8042030841915 0.7499999960978229 0
511.8823802377768 0.7499999960251373 0
507.9801664984145 0.7499999959528155 0
504.0974638572148 0.7499999958808549 0
500.2341747344063 0.7499999958092541 0
496.3902020484068 0.7499999957380115 0
492.5654492103479 0.7499999956671248 0
488.7598201197439 0.7499999955965927 0
484.973219195837 0.7499999955264133 0
481.2055512994733 0.7499999954565847 0
477.4567217285114 0.7499999953871054 0
473.726636286759 0.7499999953179735 0
470.0152012787177 0.749999995249187 0
466.3223234683485 0.7499999951807448 0
462.6479100375049 0.7499999951126448 0
458.9918686553829 0.7499999950448849 0
455.3541074730365 0.7499999949774639 0
451.7345350826498 0.7499999949103802 0
448.1330605859898 0.7499999948436319 0
444.5495934795154 0.7499999947772172 0
440.9840436872512 0.7499999947111348 0
437.4363216293415 0.7499999946453825 0
433.9063381807578 0.7499999945799593 0
430.3940046667911 0.7499999945148629 0
426.8992328218296 0.7499999944500921 0
423.4219348220317 0.7499999943856454 0
419.9620233172999 0.7499999943215206 0
416.5194113901568 0.7499999942577166 0
413.0940125146536 0.7499999941942312 0
409.6857406259273 0.7499999941310636 0
406.2945101151844 0.7499999940682122 0
402.9202357523322 0.7499999940056746 0
399.5628327552591 0.7499999939434497 0
396.2222167852892 0.7499999938815359 0
392.8983039062849 0.7499999938199319 0
389.5910105805303 0.7499999937586357 0
386.300253701395 0.7499999936976461 0
383.0259505889126 0.7499999936369617 0
379.7680189857577 0.7499999935765801 0
376.5263770528887 0.7499999935165008 0
373.3009433288388 0.7499999934567217 0
370.0916367625356 0.7499999933972419 0
366.8983767457831 0.7499999933380591 0
363.7210830355299 0.7499999932791724 0
360.5596757871467 0.74999999322058 0
357.4140755866326 0.7499999931622806 0
354.2842033733411 0.7499999931042731 0
351.1699805097293 0.7499999930465552 0
348.0713287769046 0.7499999929891258 0
344.9881702974393 0.7499999929319838 0
341.920427605211 0.7499999928751274 0
338.868023641036 0.7499999928185552 0
335.8308817123219 0.7499999927622661 0
332.8089254891287 0.7499999927062581 0
329.8020790373755 0.7499999926505303 0
326.8102668145908 0.7499999925950813 0
323.8334136664284 0.7499999925399095 0
320.8714447857269 0.7499999924850136 0
317.9242857461983 0.7499999924303919 0
314.9918624979246 0.7499999923760436 0
312.0741013643541 0.7499999923219669 0
309.1709290378536 0.7499999922681605 0
306.2822725767608 0.7499999922146232 0
303.4080594009926 0.7499999921613537 0
300.5482172891512 0.7499999921083504 0
297.7026744109367 0.7499999920556122 0
294.8713592504421 0.7499999920031377 0
292.0542006393566 0.7499999919509256 0
289.2511277901923 0.7499999918989745 0
286.4620703291707 0.7499999918472833 0
283.6869581821448 0.7499999917958503 0
280.9257215718932 0.7499999917446748 0
278.1782911245843 0.7499999916937546 0
275.4445978292723 0.7499999916430894 0
272.7245729977868 0.7499999915926777 0
270.0181482981463 0.749999991542518 0
267.3252557508812 0.7499999914926088 0
264.6458276522528 0.7499999914429493 0
261.9797966816087 0.7499999913935379 0
259.3270958970457 0.7499999913443739 0
256.6876586223256 0.7499999912954555 0
254.0614185171896 0.749999991246782 0
251.4483096105829 0.7499999911983514 0
248.8482662604045 0.7499999911501631 0
246.2612231136526 0.7499999911022157 0
243.6871151768399 0.7499999910545084 0
241.1258777754493 0.7499999910070395 0
238.5774465512704 0.7499999909598077 0
236.0417574954027 0.7499999909128123 0
233.518746871773 0.7499999908660518 0
231.008351287674 0.7499999908195251 0
228.5105076900891 0.7499999907732311 0
226.0251533260334 0.7499999907271683 0
223.5522257392965 0.749999990681336 0
221.0916628043252 0.749999990635733 0
218.6434026858979 0.7499999905903578 0
216.2073838366743 0.7499999905452095 0
213.7835450671599 0.7499999905002871 0
211.3718255058191 0.7499999904555891 0
208.9721645592092 0.7499999904111149 0
206.5845019092549 0.7499999903668628 0
204.2087775836755 0.7499999903228319 0
201.8449318790694 0.7499999902790213 0
199.4929053953751 0.7499999902354295 0
197.1526390688787 0.7499999901920562 0
194.8240740593562 0.7499999901488993 0
192.5071518577295 0.7499999901059585 0
190.2018142823917 0.7499999900632323 0
187.9080034031659 0.7499999900207196 0
185.6256615751602 0.7499999899784194 0
183.3547314358972 0.7499999899363312 0
181.0951559392138 0.7499999898944528 0
178.846878315317 0.7499999898527842 0
176.6098420683458 0.7499999898113238 0
174.3839910099684 0.7499999897700708 0
172.1692692198697 0.7499999897290239 0
169.9656210430101 0.7499999896881823 0
167.7729911236534 0.7499999896475449 0
165.5913243655495 0.749999989607111 0
163.4205659296246 0.7499999895668786 0
161.2606612677016 0.749999989526848 0
159.1115561198632 0.7499999894870172 0
156.9731965114671 0.7499999894473858 0
154.8455287138002 0.7499999894079522 0
152.728499241503 0.749999989368716 0
150.6220549235108 0.7499999893296759 0
148.5261428262837 0.7499999892908312 0
146.4407102887757 0.7499999892521806 0
144.3657049188353 0.7499999892137231 0
142.3010745547161 0.749999989175458 0
140.2467673353815 0.7499999891373844 0
138.2027316613195 0.7499999890995011 0
136.1689161917579 0.7499999890618072 0
134.1452698055182 0.7499999890243015 0
132.1317416353859 0.7499999889869834 0
130.128281102131 0.7499999889498522 0
128.1348378750517 0.7499999889129064 0
126.151361869654 0.7499999888761454 0
124.1778032449811 0.7499999888395685 0
122.2141124013309 0.7499999888031741 0
120.260240014372 0.7499999887669616 0
118.3161369957809 0.7499999887309305 0
116.3817544910158 0.7499999886950793 0
114.4570439134889 0.7499999886594073 0
112.541956905259 0.7499999886239138 0
110.6364453348599 0.7499999885885978 0
108.7404612947795 0.7499999885534586 0
106.8539571728198 0.7499999885184947 0
104.9768855753786 0.7499999884837057 0
103.1091993260874 0.7499999884490908 0
101.2508514993728 0.7499999884146488 0
99.40179541876117 0.7499999883803794 0
97.56198461698001 0.7499999883462808 0
95.73137287141418 0.7499999883123528 0
93.90991420062241 0.7499999882785947 0
92.09756282633155 0.7499999882450054 0
90.29427320710427 0.7499999882115836 0
88.49999999999994 0.7499999881783294 0
86.6785547873277 0.7499999881445715 0
85.03925409966763 0.7499999881141893 0
83.5638834733527 0.7499999880868453 0
82.23604991629156 0.7499999880622358 0
81.04099972001832 0.7499999880400871 0
79.96545453502124 0.7499999880201536 0
78.99746386401941 0.7499999880022129 0
78.12627226660423 0.7499999879860667 0
77.34219983564692 0.7499999879715349 0
76.63653464153269 0.7499999879584563 0
76.0014359584417 0.7499999879466857 0
75.42984714552183 0.7499999879360922 0
74.91541721105219 0.7499999879265579 0
74.45243027467514 0.7499999879179771 0
74.03574203288768 0.7499999879102545 0
73.66072261128343 0.749999987903304 0
73.32320513552155 0.7499999878970485 0
73.01943940374817 0.7499999878914186 0
72.74605024581311 0.7499999878863518 0
72.5 0.7499999878817915 0
72.29018131099707 0.7499999878779028 0
72.07352774205232 0.7499999878738872 0
71.84981663923442 0.7499999878697411 0
71.61881809678415 0.74999998786546 0
71.38029472830996 0.7499999878610392 0
71.1340014117967 0.7499999878564746 0
70.87968504617899 0.7499999878517613 0
70.61708427320548 0.7499999878468943 0
70.345929225483 0.7499999878418687 0
70.06594124095588 0.7499999878366795 0
69.77683258346585 0.7499999878313212 0
69.47830615564543 0.7499999878257887 0
69.1700551647255 0.7499999878200755 0
68.85176282907918 0.7499999878141764 0
68.52310205696017 0.7499999878080851 0
68.18373509421644 0.7499999878017954 0
67.83331318487629 0.749999987795301 0
67.47147620947248 0.7499999877885949 0
67.09785231675379 0.7499999877816702 0
66.71205754931151 0.7499999877745199 0
66.31369543542365 0.7499999877671368 0
65.90235658917153 0.7499999877595134 0
65.47761829383089 0.7499999877516413 0
65.03904406557751 0.749999987743513 0
64.58618318973114 0.7499999877351199 0
64.1185702692031 0.7499999877264532 0
63.63572476275667 0.7499999877175042 0
63.13715046445128 0.749999987708264 0
62.62233500285579 0.7499999876987227 0
62.09074932494789 0.7499999876888703 0
61.54184713711807 0.7499999876786975 0
60.97506434431507 0.7499999876681928 0
60.38981847972138 0.7499999876573461 0
59.78550810475718 0.7499999876461459 0
59.16151219654451 0.7499999876345812 0
58.51718949496201 0.7499999876226393 0
57.85187784156709 0.7499999876103088 0
57.16489352179894 0.7499999875975766 0
56.45553054929464 0.7499999875844293 0
55.72305992784206 0.7499999875708541 0
54.96672892138353 0.7499999875568365 0
54.18576027855613 0.7499999875423622 0
53.37935142244928 0.7499999875274167 0
52.54667363221182 0.7499999875119843 0
51.68687118806179 0.7499999874960489 0
50.79906049541162 0.7499999874795945 0
49.88232918655827 0.749999987462604 0
48.9357351636216 0.7499999874450604 0
47.95830563930868 0.7499999874269451 0
46.94903614289616 0.7499999874082395 0
45.90688948502475 0.7499999873889249 0
44.83079468311487 0.749999987368981 0
43.71964586674991 0.7499999873483876 0
42.57230114898717 0.7499999873271229 0
41.38758143834519 0.7499999873051659 0
40.16426923667196 0.7499999872824935 0
38.90110738287345 0.7499999872590823 0
37.59679776794293 0.7499999872349089 0
36.25 0.7499999872099478 0
34.39075720810305 0.7499999871754894 0
32.61621807704995 0.7499999871426006 0
30.92252367297664 0.7499999871112103 0
29.3059908621444 0.74999998708125 0
27.7631043121882 0.7499999870526548 0
26.29050883357658 0.7499999870253623 0
24.88500207821697 0.7499999869993133 0
23.54352761320405 0.7499999869744508 0
22.26316826056735 0.7499999869507212 0
21.04113971972033 0.7499999869280725 0
19.87478454010424 0.7499999869064558 0
18.76156634195938 0.7499999868858237 0
17.69906431316286 0.7499999868661319 0
16.68496791660785 0.7499999868473369 0
15.71707188066952 0.7499999868293983 0
14.79327140225124 0.749999986812277 0
13.9115575659991 0.7499999867959356 0
13.07001298642304 0.7499999867803387 0
12.26680762548682 0.7499999867654524 0
11.50019482372905 0.7499999867512444 0
10.76850748153433 0.7499999867376836 0
10.07015446091866 0.7499999867247407 0
9.403617126295558 0.7499999867123871 0
8.767445999760668 0.7499999867005965 0
8.160257647709784 0.7499999866893432 0
7.58073168023715 0.7499999866786022 0
7.027607843723544 0.7499999866683511 0
6.499683310583066 0.7499999866585669 0
5.995810052189441 0.749999986649228 0
5.514892328271998 0.7499999866403149 0
5.055884325654887 0.7499999866318077 0
4.617787876107528 0.7499999866236886 0
4.199650293514807 0.7499999866159386 0
3.800562294568749 0.7499999866085422 0
3.419656009081123 0.7499999866014826 0
3.05610310711981 0.7499999865947445 0
2.709113009028385 0.7499999865883138 0
2.377931146115898 0.7499999865821758 0
2.06183731699717 0.7499999865763175 0
1.760144128872781 0.749999986570726 0
1.472195519420197 0.749999986565389 0
1.197365324398277 0.7499999865602958 0
0.9350558898679679 0.749999986555434 0
0.6846967830449131 0.749999986550794 0
0.4457435704958215 0.7499999865463655 0
0.2176766327916795 0.7499999865421384 0
-1.4210854715202e-14 0.7499999865381041 0
-0.2951612244527411 0.7499999865326339 0
-0.6641127840878482 0.7499999865257957 0
-1.125302221953405 0.749999986517248 0
-1.701789003031706 0.7499999865065639 0
-2.422397473963755 0.7499999864932085 0
-3.323158057514675 0.7499999864765139 0
-4.449108798773153 0.749999986455646 0
-5.856547240121074 0.749999986429561 0
-7.615845275505109 0.7499999863969548 0
-9.814967827483343 0.7499999863561971 0
-12.5638710255021 0.7499999863052499 0
-16 0.7499999862415662 0
-19.61083791980739 0.7499999861746441 0
-23.25814894616619 0.7499999861070463 0
-26.94230149533102 0.7499999860387657 0
-30.66366770896735 0.7499999859697953 0
-34.42262347905001 0.7499999859001281 0
-38.21954849842778 0.7499999858297574 0
-42.05482630008553 0.7499999857586761 0
-45.92884427781396 0.7499999856868762 0
-49.84199374553917 0.7499999856143513 0
-53.79466997884194 0.749999985541094 0
-57.78727223817418 0.7499999854670967 0
-61.82020381161699 0.7499999853923519 0
-65.8938720650049 0.7499999853168522 0
-70.00868848650845 0.7499999852405896 0
-74.16506871323422 0.7499999851635568 0
-78.36343257713837 0.7499999850857458 0
-82.60420415867604 0.7499999850071492 0
-86.88781181580127 0.7499999849277583 0
-91.21468823266611 0.7499999848475658 0
-95.58527046937866 0.7499999847665629 0
1065.794698160612 1.750000003210488 0
1059.122922834235 1.750000003111569 0
1052.484506419036 1.750000003013146 0
1045.879282091821 1.750000002915214 0
1039.307083852376 1.750000002817772 0
1032.767746588509 1.750000002720818 0
1026.261106030537 1.750000002624348 0
1019.786998669852 1.75000000252836 0
1013.345261861203 1.750000002432852 0
1006.935733740273 1.750000002337822 0
1000.558253253435 1.750000002243268 0
994.2126601852871 1.750000002149186 0
987.8987950778389 1.750000002055574 0
981.6164992956927 1.75000000196243 0
975.3656149813883 1.750000001869752 0
969.1459850843045 1.750000001777538 0
962.9574533525071 1.750000001685784 0
956.7998642882729 1.750000001594489 0
950.6730631404222 1.750000001503651 0
944.576895970226 1.750000001413267 0
938.5112096430339 1.750000001323335 0
932.475851747412 1.750000001233853 0
926.4706706611208 1.750000001144817 0
920.4955155062733 1.750000001056228 0
914.5502361056332 1.75000000096808 0
908.6346830852275 1.750000000880374 0
902.7487078296564 1.750000000793106 0
896.8921624749394 1.750000000706275 0
891.0648998639384 1.750000000619878 0
885.2667735396848 1.750000000533913 0
879.4976378479047 1.750000000448377 0
873.7573478558581 1.75000000036327 0
868.0457593087147 1.750000000278587 0
862.3627286958653 1.750000000194329 0
856.7081132434188 1.750000000110491 0
851.0817708703765 1.750000000027073 0
845.4835602183541 1.749999999944072 0
839.9133406074938 1.749999999861486 0
834.3709720666625 1.749999999779312 0
828.8563153625993 1.74999999969755 0
823.3692319563513 1.749999999616197 0
817.9095839961502 1.74999999953525 0
812.4772342739526 1.749999999454708 0
807.0720462922829 1.749999999374569 0
801.6938842568907 1.749999999294829 0
796.3426130334501 1.749999999215489 0
791.0180981406902 1.749999999136546 0
785.7202058174404 1.749999999057998 0
780.4488029783795 1.749999998979842 0
775.203757134553 1.749999998902077 0
769.9849364969537 1.749999998824701 0
764.7922099695369 1.749999998747712 0
759.6254471059008 1.749999998671107 0
754.4845180660211 1.749999998594886 0
749.3692936468987 1.749999998519045 0
744.279645349266 1.749999998443585 0
739.2154452973492 1.749999998368501 0
734.176566232916 1.749999998293792 0
729.1628815821256 1.749999998219458 0
724.1742653754388 1.749999998145495 0
719.2105922418057 1.749999998071901 0
714.2717374756602 1.749999997998676 0
709.3575769937225 1.749999997925817 0
704.4679872922069 1.749999997853322 0
699.6028455143328 1.74999999778119 0
694.7620294436387 1.749999997709418 0
689.9454174613389 1.749999997638005 0
685.1528885401012 1.749999997566949 0
680.3843222749895 1.749999997496248 0
675.6395988402178 1.749999997425901 0
670.9185990205521 1.749999997355905 0
666.2212042045326 1.749999997286261 0
661.547296342472 1.749999997216963 0
656.8967580136314 1.749999997148013 0
652.2694723835683 1.749999997079407 0
647.6653231982781 1.749999997011144 0
643.0841947783763 1.749999996943223 0
638.5259720133263 1.749999996875641 0
633.9905403557113 1.749999996808397 0
629.4777858522965 1.749999996741489 0
624.9875951012683 1.749999996674916 0
620.5198552837554 1.749999996608675 0
616.0744541942794 1.749999996542766 0
611.6512801249994 1.749999996477186 0
607.2502218973552 1.749999996411935 0
602.8711689665145 1.749999996347009 0
598.5140113050031 1.749999996282408 0
594.1786394348439 1.74999999621813 0
589.8649444211478 1.749999996154174 0
585.5728178675855 1.749999996090538 0
581.3021519468105 1.749999996027219 0
577.0528393588947 1.749999995964218 0
572.8247733622019 1.74999999590153 0
568.6178476947894 1.749999995839157 0
564.4319566428451 1.749999995777095 0
560.26699503493 1.749999995715344 0
556.1228582369972 1.749999995653901 0
551.9994421467161 1.749999995592766 0
547.8966431150727 1.749999995531936 0
543.8143580517534 1.749999995471411 0
539.7524844192179 1.749999995411188 0
535.710920154415 1.749999995351266 0
531.6895637371704 1.749999995291644 0
527.6883141112426 1.74999999523232 0
523.7070707167721 1.749999995173293 0
519.7457335580426 1.749999995114561 0
515.8042030882754 1.749999995056122 0
511.8823802418204 1.749999994997975 0
507.9801665024116 1.749999994940119 0
504.0974638611668 1.749999994882553 0
500.2341747383128 1.749999994825274 0
496.3902020522685 1.749999994768282 0
492.5654492141649 1.749999994711575 0
488.7598201235167 1.749999994655151 0
484.9732191995661 1.74999999459901 0
481.2055513031591 1.749999994543149 0
477.4567217321541 1.749999994487568 0
473.7266362903588 1.749999994432264 0
470.0152012822747 1.749999994377236 0
466.3223234718633 1.749999994322485 0
462.6479100409778 1.749999994268006 0
458.9918686588146 1.7499999942138 0
455.3541074764269 1.749999994159866 0
451.7345350859993 1.749999994106201 0
448.1330605892989 1.749999994052804 0
444.549593482784 1.749999993999674 0
440.98404369048 1.74999999394681 0
437.4363216325307 1.749999993894209 0
433.9063381839077 1.749999993841873 0
430.3940046699023 1.749999993789798 0
426.8992328249018 1.749999993737983 0
423.4219348250654 1.749999993686427 0
419.9620233202957 1.749999993635129 0
416.5194113931151 1.749999993584088 0
413.0940125175745 1.749999993533302 0
409.685740628811 1.749999993482769 0
406.2945101180314 1.749999993432489 0
402.9202357551424 1.749999993382461 0
399.5628327580331 1.749999993332684 0
396.2222167880273 1.749999993283154 0
392.8983039089873 1.749999993233873 0
389.5910105831972 1.749999993184838 0
386.3002537040268 1.749999993136047 0
383.0259505915095 1.749999993087501 0
379.7680189883199 1.749999993039198 0
376.5263770554168 1.749999992991136 0
373.3009433313327 1.749999992943315 0
370.0916367649957 1.749999992895732 0
366.89837674821 1.749999992848388 0
363.7210830379236 1.74999999280128 0
360.5596757895075 1.749999992754408 0
357.4140755889609 1.74999999270777 0
354.284203375637 1.749999992661365 0
351.1699805119935 1.749999992615193 0
348.0713287791367 1.749999992569251 0
344.9881702996399 1.749999992523539 0
341.9204276073803 1.749999992478055 0
338.8680236431745 1.749999992432799 0
335.8308817144297 1.749999992387769 0
332.8089254912061 1.749999992342965 0
329.8020790394224 1.749999992298384 0
326.8102668166079 1.749999992254026 0
323.8334136684157 1.74999999220989 0
320.8714447876845 1.749999992165975 0
317.9242857481269 1.749999992122279 0
314.991862499824 1.749999992078802 0
312.0741013662247 1.749999992035542 0
309.1709290396957 1.749999991992499 0
306.2822725785746 1.749999991949671 0
303.4080594027781 1.749999991907057 0
300.5482172909091 1.749999991864655 0
297.7026744126667 1.749999991822467 0
294.8713592521448 1.749999991780488 0
292.0542006410321 1.74999999173872 0
289.251127791841 1.749999991697161 0
286.4620703307928 1.749999991655809 0
283.6869581837403 1.749999991614664 0
280.9257215734623 1.749999991573725 0
278.1782911261278 1.74999999153299 0
275.4445978307899 1.74999999149246 0
272.7245729992787 1.749999991452131 0
270.0181482996127 1.749999991412005 0
267.3252557523227 1.749999991372079 0
264.6458276536692 1.749999991332353 0
261.9797966830006 1.749999991292825 0
259.3270958984131 1.749999991253496 0
256.6876586236686 1.749999991214362 0
254.0614185185086 1.749999991175425 0
251.4483096118781 1.749999991136681 0
248.848266261676 1.749999991098132 0
246.2612231149006 1.749999991059776 0
243.6871151780648 1.749999991021611 0
241.1258777766511 1.749999990983637 0
238.5774465524495 1.749999990945853 0
236.0417574965589 1.749999990908259 0
233.5187468729069 1.749999990870851 0
231.0083512887854 1.749999990833631 0
228.5105076911786 1.749999990796598 0
226.025153327101 1.749999990759749 0
223.5522257403421 1.749999990723084 0
221.0916628053494 1.749999990686603 0
218.643402686901 1.749999990650304 0
216.2073838376562 1.749999990614186 0
213.7835450681209 1.74999999057825 0
211.3718255067595 1.749999990542493 0
208.972164560129 1.749999990506915 0
206.5845019101544 1.749999990471513 0
204.2087775845547 1.74999999043629 0
201.8449318799287 1.749999990401243 0
199.4929053962144 1.749999990366371 0
197.1526390696984 1.749999990331674 0
194.8240740601564 1.749999990297149 0
192.5071518585104 1.749999990262798 0
190.2018142831534 1.749999990228618 0
187.9080034039088 1.749999990194609 0
185.6256615758842 1.74999999016077 0
183.3547314366027 1.7499999901271 0
181.0951559399008 1.749999990093599 0
178.8468783159855 1.749999990060266 0
176.6098420689964 1.749999990027098 0
174.383991010601 1.749999989994097 0
172.1692692204844 1.749999989961261 0
169.9656210436073 1.749999989928589 0
167.772991124233 1.74999998989608 0
165.5913243661117 1.749999989863734 0
163.4205659301697 1.749999989831549 0
161.2606612682297 1.749999989799525 0
159.1115561203746 1.749999989767662 0
156.9731965119617 1.749999989735958 0
154.8455287142782 1.749999989704413 0
152.7284992419647 1.749999989673025 0
150.6220549239563 1.749999989641794 0
148.5261428267128 1.749999989610719 0
146.4407102891889 1.749999989579799 0
144.3657049192327 1.749999989549035 0
142.3010745550979 1.749999989518423 0
140.246767335748 1.749999989487966 0
138.2027316616707 1.749999989457659 0
136.1689161920939 1.749999989427506 0
134.1452698058391 1.749999989397502 0
132.131741635692 1.749999989367649 0
130.1282811024222 1.749999989337945 0
128.1348378753283 1.74999998930839 0
126.151361869916 1.749999989278982 0
124.1778032452288 1.749999989249721 0
122.2141124015645 1.749999989220606 0
120.2602400145915 1.749999989191638 0
118.3161369959864 1.749999989162814 0
116.3817544912076 1.749999989134134 0
114.4570439136671 1.749999989105597 0
112.5419569054234 1.749999989077204 0
110.636445335011 1.749999989048952 0
108.7404612949173 1.749999989020841 0
106.8539571729445 1.749999988992872 0
104.9768855754902 1.749999988965041 0
103.1091993261861 1.74999998893735 0
101.2508514994588 1.749999988909797 0
99.40179541883455 1.749999988882383 0
97.56198461704082 1.749999988855105 0
95.73137287146261 1.749999988827964 0
93.9099142006586 1.749999988800958 0
92.09756282635561 1.749999988774087 0
90.29427320711619 1.749999988747352 0
88.50000000000003 1.749999988720749 0
86.6785547873277 1.749999988693743 0
85.03925409966764 1.749999988669438 0
83.56388347335267 1.749999988647564 0
82.23604991629162 1.749999988627877 0
81.04099972001836 1.749999988610158 0
79.96545453502125 1.749999988594212 0
78.99746386401938 1.74999998857986 0
78.12627226660423 1.749999988566944 0
77.34219983564695 1.749999988555319 0
76.63653464153266 1.749999988544856 0
76.00143595844168 1.74999998853544 0
75.4298471455218 1.749999988526966 0
74.91541721105219 1.749999988519338 0
74.45243027467511 1.749999988512474 0
74.03574203288767 1.749999988506296 0
73.66072261128339 1.749999988500736 0
73.32320513552159 1.749999988495731 0
73.01943940374817 1.749999988491228 0
72.74605024581311 1.749999988487175 0
72.5 1.749999988483527 0
72.29018131099707 1.749999988480415 0
72.07352774205235 1.749999988477204 0
71.8498166392344 1.749999988473887 0
71.61881809678414 1.749999988470462 0
71.38029472830996 1.749999988466925 0
71.1340014117967 1.749999988463274 0
70.87968504617902 1.749999988459503 0
70.61708427320548 1.749999988455609 0
70.34592922548298 1.74999998845159 0
70.06594124095585 1.749999988447438 0
69.77683258346582 1.749999988443152 0
69.47830615564544 1.749999988438726 0
69.17005516472554 1.749999988434156 0
68.85176282907915 1.749999988429436 0
68.52310205696014 1.749999988424563 0
68.18373509421643 1.749999988419532 0
67.83331318487629 1.749999988414337 0
67.47147620947247 1.749999988408972 0
67.09785231675379 1.749999988403433 0
66.71205754931152 1.749999988397712 0
66.31369543542363 1.749999988391807 0
65.90235658917155 1.749999988385708 0
65.47761829383089 1.74999998837941 0
65.03904406557751 1.749999988372908 0
64.58618318973113 1.749999988366193 0
64.1185702692031 1.74999998835926 0
63.63572476275666 1.749999988352101 0
63.13715046445127 1.749999988344709 0
62.62233500285581 1.749999988337077 0
62.09074932494786 1.749999988329195 0
61.54184713711808 1.749999988321057 0
60.97506434431507 1.749999988312654 0
60.3898184797214 1.749999988303976 0
59.78550810475716 1.749999988295017 0
59.16151219654449 1.749999988285765 0
58.517189494962 1.749999988276212 0
57.85187784156714 1.749999988266348 0
57.16489352179894 1.749999988256163 0
56.45553054929465 1.749999988245645 0
55.72305992784206 1.749999988234785 0
54.96672892138356 1.749999988223572 0
54.1857602785561 1.749999988211993 0
53.37935142244927 1.749999988200037 0
52.5466736322118 1.749999988187691 0
51.68687118806178 1.749999988174944 0
50.79906049541162 1.74999998816178 0
49.88232918655828 1.749999988148188 0
48.93573516362162 1.749999988134154 0
47.95830563930868 1.749999988119662 0
46.94903614289618 1.749999988104698 0
45.90688948502476 1.749999988089247 0
44.83079468311483 1.749999988073292 0
43.71964586674991 1.749999988056818 0
42.57230114898716 1.749999988039807 0
41.38758143834519 1.749999988022243 0
40.16426923667197 1.749999988004105 0
38.90110738287346 1.749999987985377 0
37.59679776794292 1.749999987966039 0
36.24999999999998 1.749999987946071 0
34.39075720810307 1.749999987918505 0
32.61621807704999 1.749999987892195 0
30.92252367297664 1.749999987867083 0
29.30599086214443 1.749999987843116 0
27.76310431218824 1.749999987820241 0
26.29050883357658 1.749999987798407 0
24.88500207821697 1.749999987777569 0
23.54352761320406 1.74999998775768 0
22.26316826056734 1.749999987738696 0
21.04113971972036 1.749999987720578 0
19.87478454010426 1.749999987703285 0
18.76156634195938 1.74999998768678 0
17.69906431316288 1.749999987671027 0
16.68496791660783 1.749999987655992 0
15.71707188066956 1.749999987641641 0
14.79327140225126 1.749999987627945 0
13.91155756599912 1.749999987614873 0
13.07001298642304 1.749999987602395 0
12.26680762548683 1.749999987590487 0
11.50019482372905 1.749999987579121 0
10.76850748153434 1.749999987568273 0
10.07015446091864 1.749999987557918 0
9.403617126295579 1.749999987548036 0
8.767445999760682 1.749999987538604 0
8.160257647709805 1.749999987529601 0
7.580731680237143 1.749999987521009 0
7.027607843723551 1.749999987512808 0
6.49968331058308 1.749999987504981 0
5.995810052189448 1.74999998749751 0
5.514892328271998 1.74999998749038 0
5.055884325654887 1.749999987483575 0
4.617787876107535 1.74999998747708 0
4.199650293514793 1.74999998747088 0
3.800562294568763 1.749999987464963 0
3.419656009081109 1.749999987459316 0
3.056103107119803 1.749999987453925 0
2.709113009028407 1.74999998744878 0
2.377931146115891 1.749999987443871 0
2.061837316997178 1.749999987439183 0
1.760144128872767 1.749999987434711 0
1.47219551942019 1.749999987430442 0
1.197365324398291 1.749999987426367 0
0.9350558898679466 1.749999987422478 0
0.684696783044906 1.749999987418766 0
0.4457435704958144 1.749999987415223 0
0.2176766327916724 1.749999987411842 0
-7.105427357601002e-15 1.749999987408614 0
-0.2951612244527269 1.749999987404238 0
-0.6641127840878482 1.749999987398768 0
-1.125302221953405 1.74999998739193 0
-1.70178900303172 1.749999987383383 0
-2.422397473963755 1.749999987372699 0
-3.323158057514661 1.749999987359344 0
-4.44910879877316 1.74999998734265 0
-5.856547240121074 1.749999987321783 0
-7.615845275505102 1.749999987295699 0
-9.814967827483336 1.749999987263094 0
-12.56387102550211 1.749999987222338 0
-15.99999999999999 1.749999987171392 0
-19.61083791980739 1.749999987117857 0
-23.25814894616619 1.74999998706378 0
-26.94230149533102 1.749999987009158 0
-30.66366770896734 1.749999986953983 0
-34.42262347905 1.749999986898252 0
-38.21954849842777 1.749999986841957 0
-42.05482630008554 1.749999986785093 0
-45.92884427781397 1.749999986727656 0
-49.84199374553918 1.749999986669639 0
-53.79466997884192 1.749999986611035 0
-57.78727223817418 1.749999986551838 0
-61.82020381161698 1.749999986492045 0
-65.8938720650049 1.749999986431647 0
-70.00868848650845 1.749999986370639 0
-74.16506871323422 1.749999986309015 0
-78.36343257713837 1.749999986246769 0
-82.60420415867603 1.749999986183894 0
-86.88781181580127 1.749999986120383 0
-91.21468823266611 1.749999986056231 0
-95.58527046937866 1.749999985991431 0
$EndNodes
$Elements
21 5580 1 5580
1 1 1 21
1 1 29 
2 29 30 
3 30 31 
4 31 32 
5 32 33 
6 33 34 
7 34 35 
8 35 36 
9 36 37 
10 37 38 
11 38 39 
12 39 40 
13 40 41 
14 41 42 
15 42 43 
16 43 44 
17 44 45 
18 45 46 
19 46 47 
20 47 48 
21 48 18 
1 2 1 2
22 2 49 
23 49 15 
1 3 1 47
24 3 50 
25 50 51 
26 51 52 
27 52 53 
28 53 54 
29 54 55 
30 55 56 
31 56 57 
32 57 58 
33 58 59 
34 59 60 
35 60 61 
36 61 62 
37 62 63 
38 63 64 
39 64 65 
40 65 66 
41 66 67 
42 67 68 
43 68 69 
44 69 70 
45 70 71 
46 71 72 
47 72 73 
48 73 74 
49 74 75 
50 75 76 
51 76 77 
52 77 78 
53 78 79 
54 79 80 
55 80 81 
56 81 82 
57 82 83 
58 83 84 
59 84 85 
60 85 86 
61 86 87 
62 87 88 
63 88 89 
64 89 90 
65 90 91 
66 91 92 
67 92 93 
68 93 94 
69 94 95 
70 95 16 
1 4 1 2
71 4 96 
72 96 17 
1 5 1 20
73 5 97 
74 97 98 
75 98 99 
76 99 100 
77 100 101 
78 101 102 
79 102 103 
80 103 104 
81 104 105 
82 105 106 
83 106 107 
84 107 108 
85 108 109 
86 109 110 
87 110 111 
88 111 112 
89 112 113 
90 113 114 
91 114 115 
92 115 20 
1 6 1 1
93 6 7 
1 7 1 3
94 7 116 
95 116 117 
96 117 25 
1 8 1 18
97 8 118 
98 118 119 
99 119 120 
100 120 121 
101 121 122 
102 122 123 
103 123 124 
104 124 125 
105 125 126 
106 126 127 
107 127 128 
108 128 129 
109 129 130 
110 130 131 
111 131 132 
112 132 133 
113 133 134 
114 134 9 
1 9 1 11
115 9 135 
116 135 136 
117 136 137 
118 137 138 
119 138 139 
120 139 140 
121 140 141 
122 141 142 
123 142 143 
124 143 144 
125 144 22 
1 11 1 1
126 10 1 
1 15 1 2
127 15 276 
128 276 3 
1 16 1 59
129 16 277 
130 277 278 
131 278 279 
132 279 280 
133 280 281 
134 281 282 
135 282 283 
136 283 284 
137 284 285 
138 285 286 
139 286 287 
140 287 288 
141 288 289 
142 289 290 
143 290 291 
144 291 292 
145 292 293 
146 293 294 
147 294 295 
148 295 296 
149 296 297 
150 297 298 
151 298 299 
152 299 300 
153 300 301 
154 301 302 
155 302 303 
156 303 304 
157 304 305 
158 305 306 
159 306 307 
160 307 308 
161 308 309 
162 309 310 
163 310 311 
164 311 312 
165 312 313 
166 313 314 
167 314 315 
168 315 316 
169 316 317 
170 317 318 
171 318 319 
172 319 320 
173 320 321 
174 321 322 
175 322 323 
176 323 324 
177 324 325 
178 325 326 
179 326 327 
180 327 328 
181 328 329 
182 329 330 
183 330 331 
184 331 332 
185 332 333 
186 333 334 
187 334 4 
1 17 1 2
188 17 335 
189 335 5 
1 20 1 12
190 18 452 
191 452 453 
192 453 454 
193 454 455 
194 455 456 
195 456 457 
196 457 458 
197 458 459 
198 459 460 
199 460 461 
200 461 462 
201 462 2 
1 21 1 264
202 20 463 
203 463 464 
204 464 465 
205 465 466 
206 466 467 
207 467 468 
208 468 469 
209 469 470 
210 470 471 
211 471 472 
212 472 473 
213 473 474 
214 474 475 
215 475 476 
216 476 477 
217 477 478 
218 478 479 
219 479 480 
220 480 481 
221 481 482 
222 482 483 
223 483 484 
224 484 485 
225 485 486 
226 486 487 
227 487 488 
228 488 489 
229 489 490 
230 490 491 
231 491 492 
232 492 493 
233 493 494 
234 494 495 
235 495 496 
236 496 497 
237 497 498 
238 498 499 
239 499 500 
240 500 501 
241 501 502 
242 502 503 
243 503 504 
244 504 505 
245 505 506 
246 506 507 
247 507 508 
248 508 509 
249 509 510 
250 510 511 
251 511 512 
252 512 513 
253 513 514 
254 514 515 
255 515 516 
256 516 517 
257 517 518 
258 518 519 
259 519 520 
260 520 521 
261 521 522 
262 522 523 
263 523 524 
264 524 525 
265 525 526 
266 526 527 
267 527 528 
268 528 529 
269 529 530 
270 530 531 
271 531 532 
272 532 533 
273 533 534 
274 534 535 
275 535 536 
276 536 537 
277 537 538 
278 538 539 
279 539 540 
280 540 541 
281 541 542 
282 542 543 
283 543 544 
284 544 545 
285 545 546 
286 546 547 
287 547 548 
288 548 549 
289 549 550 
290 550 551 
291 551 552 
292 552 553 
293 553 554 
294 554 555 
295 555 556 
296 556 557 
297 557 558 
298 558 559 
299 559 560 
300 560 561 
301 561 562 
302 562 563 
303 563 564 
304 564 565 
305 565 566 
306 566 567 
307 567 568 
308 568 569 
309 569 570 
310 570 571 
311 571 572 
312 572 573 
313 573 574 
314 574 575 
315 575 576 
316 576 577 
317 577 578 
318 578 579 
319 579 580 
320 580 581 
321 581 582 
322 582 583 
323 583 584 
324 584 585 
325 585 586 
326 586 587 
327 587 588 
328 588 589 
329 589 590 
330 590 591 
331 591 592 
332 592 593 
333 593 594 
334 594 595 
335 595 596 
336 596 597 
337 597 598 
338 598 599 
339 599 600 
340 600 601 
341 601 602 
342 602 603 
343 603 604 
344 604 605 
345 605 606 
346 606 607 
347 607 608 
348 608 609 
349 609 610 
350 610 611 
351 611 612 
352 612 613 
353 613 614 
354 614 615 
355 615 616 
356 616 617 
357 617 618 
358 618 619 
359 619 620 
360 620 621 
361 621 622 
362 622 623 
363 623 624 
364 624 625 
365 625 626 
366 626 627 
367 627 628 
368 628 629 
369 629 630 
370 630 631 
371 631 632 
372 632 633 
373 633 634 
374 634 635 
375 635 636 
376 636 637 
377 637 638 
378 638 639 
379 639 640 
380 640 641 
381 641 642 
382 642 643 
383 643 644 
384 644 645 
385 645 646 
386 646 647 
387 647 648 
388 648 649 
389 649 650 
390 650 651 
391 651 652 
392 652 653 
393 653 654 
394 654 655 
395 655 656 
396 656 657 
397 657 658 
398 658 659 
399 659 660 
400 660 661 
401 661 662 
402 662 663 
403 663 664 
404 664 665 
405 665 666 
406 666 667 
407 667 668 
408 668 669 
409 669 670 
410 670 671 
411 671 672 
412 672 673 
413 673 674 
414 674 675 
415 675 676 
416 676 677 
417 677 678 
418 678 679 
419 679 680 
420 680 681 
421 681 682 
422 682 683 
423 683 684 
424 684 685 
425 685 686 
426 686 687 
427 687 688 
428 688 689 
429 689 690 
430 690 691 
431 691 692 
432 692 693 
433 693 694 
434 694 695 
435 695 696 
436 696 697 
437 697 698 
438 698 699 
439 699 700 
440 700 701 
441 701 702 
442 702 703 
443 703 704 
444 704 705 
445 705 706 
446 706 707 
447 707 708 
448 708 709 
449 709 710 
450 710 711 
451 711 712 
452 712 713 
453 713 714 
454 714 715 
455 715 716 
456 716 717 
457 717 718 
458 718 719 
459 719 720 
460 720 721 
461 721 722 
462 722 723 
463 723 724 
464 724 725 
465 725 6 
1 24 1 3
466 22 1000 
467 1000 1001 
468 1001 10 
1 25 1 11
469 25 1002 
470 1002 1003 
471 1003 1004 
472 1004 1005 
473 1005 1006 
474 1006 1007 
475 1007 1008 
476 1008 1009 
477 1009 1010 
478 1010 1011 
479 1011 8 
2 1 3 423
480 1 29 145 10 
481 29 30 146 145 
482 30 31 147 146 
483 31 32 148 147 
484 32 33 149 148 
485 33 34 150 149 
486 34 35 151 150 
487 35 36 152 151 
488 36 37 153 152 
489 37 38 154 153 
490 38 39 155 154 
491 39 40 156 155 
492 40 41 157 156 
493 41 42 158 157 
494 42 43 159 158 
495 43 44 160 159 
496 44 45 161 160 
497 45 46 162 161 
498 46 47 163 162 
499 47 48 164 163 
500 48 18 19 164 
501 18 452 989 19 
502 452 453 990 989 
503 453 454 991 990 
504 454 455 992 991 
505 455 456 993 992 
506 456 457 994 993 
507 457 458 995 994 
508 458 459 996 995 
509 459 460 997 996 
510 460 461 998 997 
511 461 462 999 998 
512 462 2 11 999 
513 2 230 165 11 
514 230 231 166 165 
515 231 232 167 166 
516 232 233 168 167 
517 233 234 169 168 
518 234 235 170 169 
519 235 236 171 170 
520 236 237 172 171 
521 237 238 173 172 
522 238 239 174 173 
523 239 240 175 174 
524 240 241 176 175 
525 241 242 177 176 
526 242 243 178 177 
527 243 244 179 178 
528 244 245 180 179 
529 245 246 181 180 
530 246 247 182 181 
531 247 248 183 182 
532 248 249 184 183 
533 249 250 185 184 
534 250 251 186 185 
535 251 252 187 186 
536 252 253 188 187 
537 253 254 189 188 
538 254 255 190 189 
539 255 256 191 190 
540 256 257 192 191 
541 257 258 193 192 
542 258 259 194 193 
543 259 260 195 194 
544 260 261 196 195 
545 261 262 197 196 
546 262 263 198 197 
547 263 264 199 198 
548 264 265 200 199 
549 265 266 201 200 
550 266 267 202 201 
551 267 268 203 202 
552 268 269 204 203 
553 269 270 205 204 
554 270 271 206 205 
555 271 272 207 206 
556 272 273 208 207 
557 273 274 209 208 
558 274 275 210 209 
559 275 13 14 210 
560 13 336 394 14 
561 336 337 395 394 
562 337 338 396 395 
563 338 339 397 396 
564 339 340 398 397 
565 340 341 399 398 
566 341 342 400 399 
567 342 343 401 400 
568 343 344 402 401 
569 344 345 403 402 
570 345 346 404 403 
571 346 347 405 404 
572 347 348 406 405 
573 348 349 407 406 
574 349 350 408 407 
575 350 351 409 408 
576 351 352 410 409 
577 352 353 411 410 
578 353 354 412 411 
579 354 355 413 412 
580 355 356 414 413 
581 356 357 415 414 
582 357 358 416 415 
583 358 359 417 416 
584 359 360 418 417 
585 360 361 419 418 
586 361 362 420 419 
587 362 363 421 420 
588 363 364 422 421 
589 364 365 423 422 
590 365 366 424 423 
591 366 367 425 424 
592 367 368 426 425 
593 368 369 427 426 
594 369 370 428 427 
595 370 371 429 428 
596 371 372 430 429 
597 372 373 431 430 
598 373 374 432 431 
599 374 375 433 432 
600 375 376 434 433 
601 376 377 435 434 
602 377 378 436 435 
603 378 379 437 436 
604 379 380 438 437 
605 380 381 439 438 
606 381 382 440 439 
607 382 383 441 440 
608 383 384 442 441 
609 384 385 443 442 
610 385 386 444 443 
611 386 387 445 444 
612 387 388 446 445 
613 388 389 447 446 
614 389 390 448 447 
615 390 391 449 448 
616 391 392 450 449 
617 392 393 451 450 
618 393 5 12 451 
619 5 97 211 12 
620 97 98 212 211 
621 98 99 213 212 
622 99 100 214 213 
623 100 101 215 214 
624 101 102 216 215 
625 102 103 217 216 
626 103 104 218 217 
627 104 105 219 218 
628 105 106 220 219 
629 106 107 221 220 
630 107 108 222 221 
631 108 109 223 222 
632 109 110 224 223 
633 110 111 225 224 
634 111 112 226 225 
635 112 113 227 226 
636 113 114 228 227 
637 114 115 229 228 
638 115 20 21 229 
639 20 463 726 21 
640 463 464 727 726 
641 464 465 728 727 
642 465 466 729 728 
643 466 467 730 729 
644 467 468 731 730 
645 468 469 732 731 
646 469 470 733 732 
647 470 471 734 733 
648 471 472 735 734 
649 472 473 736 735 
650 473 474 737 736 
651 474 475 738 737 
652 475 476 739 738 
653 476 477 740 739 
654 477 478 741 740 
655 478 479 742 741 
656 479 480 743 742 
657 480 481 744 743 
658 481 482 745 744 
659 482 483 746 745 
660 483 484 747 746 
661 484 485 748 747 
662 485 486 749 748 
663 486 487 750 749 
664 487 488 751 750 
665 488 489 752 751 
666 489 490 753 752 
667 490 491 754 753 
668 491 492 755 754 
669 492 493 756 755 
670 493 494 757 756 
671 494 495 758 757 
672 495 496 759 758 
673 496 497 760 759 
674 497 498 761 760 
675 498 499 762 761 
676 499 500 763 762 
677 500 501 764 763 
678 501 502 765 764 
679 502 503 766 765 
680 503 504 767 766 
681 504 505 768 767 
682 505 506 769 768 
683 506 507 770 769 
684 507 508 771 770 
685 508 509 772 771 
686 509 510 773 772 
687 510 511 774 773 
688 511 512 775 774 
689 512 513 776 775 
690 513 514 777 776 
691 514 515 778 777 
692 515 516 779 778 
693 516 517 780 779 
694 517 518 781 780 
695 518 519 782 781 
696 519 520 783 782 
697 520 521 784 783 
698 521 522 785 784 
699 522 523 786 785 
700 523 524 787 786 
701 524 525 788 787 
702 525 526 789 788 
703 526 527 790 789 
704 527 528 791 790 
705 528 529 792 791 
706 529 530 793 792 
707 530 531 794 793 
708 531 532 795 794 
709 532 533 796 795 
710 533 534 797 796 
711 534 535 798 797 
712 535 536 799 798 
713 536 537 800 799 
714 537 538 801 800 
715 538 539 802 801 
716 539 540 803 802 
717 540 541 804 803 
718 541 542 805 804 
719 542 543 806 805 
720 543 544 807 806 
721 544 545 808 807 
722 545 546 809 808 
723 546 547 810 809 
724 547 548 811 810 
725 548 549 812 811 
726 549 550 813 812 
727 550 551 814 813 
728 551 552 815 814 
729 552 553 816 815 
730 553 554 817 816 
731 554 555 818 817 
732 555 556 819 818 
733 556 557 820 819 
734 557 558 821 820 
735 558 559 822 821 
736 559 560 823 822 
737 560 561 824 823 
738 561 562 825 824 
739 562 563 826 825 
740 563 564 827 826 
741 564 565 828 827 
742 565 566 829 828 
743 566 567 830 829 
744 567 568 831 830 
745 568 569 832 831 
746 569 570 833 832 
747 570 571 834 833 
748 571 572 835 834 
749 572 573 836 835 
750 573 574 837 836 
751 574 575 838 837 
752 575 576 839 838 
753 576 577 840 839 
754 577 578 841 840 
755 578 579 842 841 
756 579 580 843 842 
757 580 581 844 843 
758 581 582 845 844 
759 582 583 846 845 
760 583 584 847 846 
761 584 585 848 847 
762 585 586 849 848 
763 586 587 850 849 
764 587 588 851 850 
765 588 589 852 851 
766 589 590 853 852 
767 590 591 854 853 
768 591 592 855 854 
769 592 593 856 855 
770 593 594 857 856 
771 594 595 858 857 
772 595 596 859 858 
773 596 597 860 859 
774 597 598 861 860 
775 598 599 862 861 
776 599 600 863 862 
777 600 601 864 863 
778 601 602 865 864 
779 602 603 866 865 
780 603 604 867 866 
781 604 605 868 867 
782 605 606 869 868 
783 606 607 870 869 
784 607 608 871 870 
785 608 609 872 871 
786 609 610 873 872 
787 610 611 874 873 
788 611 612 875 874 
789 612 613 876 875 
790 613 614 877 876 
791 614 615 878 877 
792 615 616 879 878 
793 616 617 880 879 
794 617 618 881 880 
795 618 619 882 881 
796 619 620 883 882 
797 620 621 884 883 
798 621 622 885 884 
799 622 623 886 885 
800 623 624 887 886 
801 624 625 888 887 
802 625 626 889 888 
803 626 627 890 889 
804 627 628 891 890 
805 628 629 892 891 
806 629 630 893 892 
807 630 631 894 893 
808 631 632 895 894 
809 632 633 896 895 
810 633 634 897 896 
811 634 635 898 897 
812 635 636 899 898 
813 636 637 900 899 
814 637 638 901 900 
815 638 639 902 901 
816 639 640 903 902 
817 640 641 904 903 
818 641 642 905 904 
819 642 643 906 905 
820 643 644 907 906 
821 644 645 908 907 
822 645 646 909 908 
823 646 647 910 909 
824 647 648 911 910 
825 648 649 912 911 
826 649 650 913 912 
827 650 651 914 913 
828 651 652 915 914 
829 652 653 916 915 
830 653 654 917 916 
831 654 655 918 917 
832 655 656 919 918 
833 656 657 920 919 
834 657 658 921 920 
835 658 659 922 921 
836 659 660 923 922 
837 660 661 924 923 
838 661 662 925 924 
839 662 663 926 925 
840 663 664 927 926 
841 664 665 928 927 
842 665 666 929 928 
843 666 667 930 929 
844 667 668 931 930 
845 668 669 932 931 
846 669 670 933 932 
847 670 671 934 933 
848 671 672 935 934 
849 672 673 936 935 
850 673 674 937 936 
851 674 675 938 937 
852 675 676 939 938 
853 676 677 940 939 
854 677 678 941 940 
855 678 679 942 941 
856 679 680 943 942 
857 680 681 944 943 
858 681 682 945 944 
859 682 683 946 945 
860 683 684 947 946 
861 684 685 948 947 
862 685 686 949 948 
863 686 687 950 949 
864 687 688 951 950 
865 688 689 952 951 
866 689 690 953 952 
867 690 691 954 953 
868 691 692 955 954 
869 692 693 956 955 
870 693 694 957 956 
871 694 695 958 957 
872 695 696 959 958 
873 696 697 960 959 
874 697 698 961 960 
875 698 699 962 961 
876 699 700 963 962 
877 700 701 964 963 
878 701 702 965 964 
879 702 703 966 965 
880 703 704 967 966 
881 704 705 968 967 
882 705 706 969 968 
883 706 707 970 969 
884 707 708 971 970 
885 708 709 972 971 
886 709 710 973 972 
887 710 711 974 973 
888 711 712 975 974 
889 712 713 976 975 
890 713 714 977 976 
891 714 715 978 977 
892 715 716 979 978 
893 716 717 980 979 
894 717 718 981 980 
895 718 719 982 981 
896 719 720 983 982 
897 720 721 984 983 
898 721 722 985 984 
899 722 723 986 985 
900 723 724 987 986 
901 724 725 988 987 
902 725 6 7 988 
2 2 3 424
903 3 50 1429 276 
904 276 1429 1430 15 
905 15 1430 1431 49 
906 49 1431 230 2 
907 50 51 1432 1429 
908 1429 1432 1433 1430 
909 1430 1433 1434 1431 
910 1431 1434 231 230 
911 51 52 1435 1432 
912 1432 1435 1436 1433 
913 1433 1436 1437 1434 
914 1434 1437 232 231 
915 52 53 1438 1435 
916 1435 1438 1439 1436 
917 1436 1439 1440 1437 
918 1437 1440 233 232 
919 53 54 1441 1438 
920 1438 1441 1442 1439 
921 1439 1442 1443 1440 
922 1440 1443 234 233 
923 54 55 1444 1441 
924 1441 1444 1445 1442 
925 1442 1445 1446 1443 
926 1443 1446 235 234 
927 55 56 1447 1444 
928 1444 1447 1448 1445 
929 1445 1448 1449 1446 
930 1446 1449 236 235 
931 56 57 1450 1447 
932 1447 1450 1451 1448 
933 1448 1451 1452 1449 
934 1449 1452 237 236 
935 57 58 1453 1450 
936 1450 1453 1454 1451 
937 1451 1454 1455 1452 
938 1452 1455 238 237 
939 58 59 1456 1453 
940 1453 1456 1457 1454 
941 1454 1457 1458 1455 
942 1455 1458 239 238 
943 59 60 1459 1456 
944 1456 1459 1460 1457 
945 1457 1460 1461 1458 
946 1458 1461 240 239 
947 60 61 1462 1459 
948 1459 1462 1463 1460 
949 1460 1463 1464 1461 
950 1461 1464 241 240 
951 61 62 1465 1462 
952 1462 1465 1466 1463 
953 1463 1466 1467 1464 
954 1464 1467 242 241 
955 62 63 1468 1465 
956 1465 1468 1469 1466 
957 1466 1469 1470 1467 
958 1467 1470 243 242 
959 63 64 1471 1468 
960 1468 1471 1472 1469 
961 1469 1472 1473 1470 
962 1470 1473 244 243 
963 64 65 1474 1471 
964 1471 1474 1475 1472 
965 1472 1475 1476 1473 
966 1473 1476 245 244 
967 65 66 1477 1474 
968 1474 1477 1478 1475 
969 1475 1478 1479 1476 
970 1476 1479 246 245 
971 66 67 1480 1477 
972 1477 1480 1481 1478 
973 1478 1481 1482 1479 
974 1479 1482 247 246 
975 67 68 1483 1480 
976 1480 1483 1484 1481 
977 1481 1484 1485 1482 
978 1482 1485 248 247 
979 68 69 1486 1483 
980 1483 1486 1487 1484 
981 1484 1487 1488 1485 
982 1485 1488 249 248 
983 69 70 1489 1486 
984 1486 1489 1490 1487 
985 1487 1490 1491 1488 
986 1488 1491 250 249 
987 70 71 1492 1489 
988 1489 1492 1493 1490 
989 1490 1493 1494 1491 
990 1491 1494 251 250 
991 71 72 1495 1492 
992 1492 1495 1496 1493 
993 1493 1496 1497 1494 
994 1494 1497 252 251 
995 72 73 1498 1495 
996 1495 1498 1499 1496 
997 1496 1499 1500 1497 
998 1497 1500 253 252 
999 73 74 1501 1498 
1000 1498 1501 1502 1499 
1001 1499 1502 1503 1500 
1002 1500 1503 254 253 
1003 74 75 1504 1501 
1004 1501 1504 1505 1502 
1005 1502 1505 1506 1503 
1006 1503 1506 255 254 
1007 75 76 1507 1504 
1008 1504 1507 1508 1505 
1009 1505 1508 1509 1506 
1010 1506 1509 256 255 
1011 76 77 1510 1507 
1012 1507 1510 1511 1508 
1013 1508 1511 1512 1509 
1014 1509 1512 257 256 
1015 77 78 1513 1510 
1016 1510 1513 1514 1511 
1017 1511 1514 1515 1512 
1018 1512 1515 258 257 
1019 78 79 1516 1513 
1020 1513 1516 1517 1514 
1021 1514 1517 1518 1515 
1022 1515 1518 259 258 
1023 79 80 1519 1516 
1024 1516 1519 1520 1517 
1025 1517 1520 1521 1518 
1026 1518 1521 260 259 
1027 80 81 1522 1519 
1028 1519 1522 1523 1520 
1029 1520 1523 1524 1521 
1030 1521 1524 261 260 
1031 81 82 1525 1522 
1032 1522 1525 1526 1523 
1033 1523 1526 1527 1524 
1034 1524 1527 262 261 
1035 82 83 1528 1525 
1036 1525 1528 1529 1526 
1037 1526 1529 1530 1527 
1038 1527 1530 263 262 
1039 83 84 1531 1528 
1040 1528 1531 1532 1529 
1041 1529 1532 1533 1530 
1042 1530 1533 264 263 
1043 84 85 1534 1531 
1044 1531 1534 1535 1532 
1045 1532 1535 1536 1533 
1046 1533 1536 265 264 
1047 85 86 1537 1534 
1048 1534 1537 1538 1535 
1049 1535 1538 1539 1536 
1050 1536 1539 266 265 
1051 86 87 1540 1537 
1052 1537 1540 1541 1538 
1053 1538 1541 1542 1539 
1054 1539 1542 267 266 
1055 87 88 1543 1540 
1056 1540 1543 1544 1541 
1057 1541 1544 1545 1542 
1058 1542 1545 268 267 
1059 88 89 1546 1543 
1060 1543 1546 1547 1544 
1061 1544 1547 1548 1545 
1062 1545 1548 269 268 
1063 89 90 1549 1546 
1064 1546 1549 1550 1547 
1065 1547 1550 1551 1548 
1066 1548 1551 270 269 
1067 90 91 1552 1549 
1068 1549 1552 1553 1550 
1069 1550 1553 1554 1551 
1070 1551 1554 271 270 
1071 91 92 1555 1552 
1072 1552 1555 1556 1553 
1073 1553 1556 1557 1554 
1074 1554 1557 272 271 
1075 92 93 1558 1555 
1076 1555 1558 1559 1556 
1077 1556 1559 1560 1557 
1078 1557 1560 273 272 
1079 93 94 1561 1558 
1080 1558 1561 1562 1559 
1081 1559 1562 1563 1560 
1082 1560 1563 274 273 
1083 94 95 1564 1561 
1084 1561 1564 1565 1562 
1085 1562 1565 1566 1563 
1086 1563 1566 275 274 
1087 95 16 1567 1564 
1088 1564 1567 1568 1565 
1089 1565 1568 1569 1566 
1090 1566 1569 13 275 
1091 16 277 1570 1567 
1092 1567 1570 1571 1568 
1093 1568 1571 1572 1569 
1094 1569 1572 336 13 
1095 277 278 1573 1570 
1096 1570 1573 1574 1571 
1097 1571 1574 1575 1572 
1098 1572 1575 337 336 
1099 278 279 1576 1573 
1100 1573 1576 1577 1574 
1101 1574 1577 1578 1575 
1102 1575 1578 338 337 
1103 279 280 1579 1576 
1104 1576 1579 1580 1577 
1105 1577 1580 1581 1578 
1106 1578 1581 339 338 
1107 280 281 1582 1579 
1108 1579 1582 1583 1580 
1109 1580 1583 1584 1581 
1110 1581 1584 340 339 
1111 281 282 1585 1582 
1112 1582 1585 1586 1583 
1113 1583 1586 1587 1584 
1114 1584 1587 341 340 
1115 282 283 1588 1585 
1116 1585 1588 1589 1586 
1117 1586 1589 1590 1587 
1118 1587 1590 342 341 
1119 283 284 1591 1588 
1120 1588 1591 1592 1589 
1121 1589 1592 1593 1590 
1122 1590 1593 343 342 
1123 284 285 1594 1591 
1124 1591 1594 1595 1592 
1125 1592 1595 1596 1593 
1126 1593 1596 344 343 
1127 285 286 1597 1594 
1128 1594 1597 1598 1595 
1129 1595 1598 1599 1596 
1130 1596 1599 345 344 
1131 286 287 1600 1597 
1132 1597 1600 1601 1598 
1133 1598 1601 1602 1599 
1134 1599 1602 346 345 
1135 287 288 1603 1600 
1136 1600 1603 1604 1601 
1137 1601 1604 1605 1602 
1138 1602 1605 347 346 
1139 288 289 1606 1603 
1140 1603 1606 1607 1604 
1141 1604 1607 1608 1605 
1142 1605 1608 348 347 
1143 289 290 1609 1606 
1144 1606 1609 1610 1607 
1145 1607 1610 1611 1608 
1146 1608 1611 349 348 
1147 290 291 1612 1609 
1148 1609 1612 1613 1610 
1149 1610 1613 1614 1611 
1150 1611 1614 350 349 
1151 291 292 1615 1612 
1152 1612 1615 1616 1613 
1153 1613 1616 1617 1614 
1154 1614 1617 351 350 
1155 292 293 1618 1615 
1156 1615 1618 1619 1616 
1157 1616 1619 1620 1617 
1158 1617 1620 352 351 
1159 293 294 1621 1618 
1160 1618 1621 1622 1619 
1161 1619 1622 1623 1620 
1162 1620 1623 353 352 
1163 294 295 1624 1621 
1164 1621 1624 1625 1622 
1165 1622 1625 1626 1623 
1166 1623 1626 354 353 
1167 295 296 1627 1624 
1168 1624 1627 1628 1625 
1169 1625 1628 1629 1626 
1170 1626 1629 355 354 
1171 296 297 1630 1627 
1172 1627 1630 1631 1628 
1173 1628 1631 1632 1629 
1174 1629 1632 356 355 
1175 297 298 1633 1630 
1176 1630 1633 1634 1631 
1177 1631 1634 1635 1632 
1178 1632 1635 357 356 
1179 298 299 1636 1633 
1180 1633 1636 1637 1634 
1181 1634 1637 1638 1635 
1182 1635 1638 358 357 
1183 299 300 1639 1636 
1184 1636 1639 1640 1637 
1185 1637 1640 1641 1638 
1186 1638 1641 359 358 
1187 300 301 1642 1639 
1188 1639 1642 1643 1640 
1189 1640 1643 1644 1641 
1190 1641 1644 360 359 
1191 301 302 1645 1642 
1192 1642 1645 1646 1643 
1193 1643 1646 1647 1644 
1194 1644 1647 361 360 
1195 302 303 1648 1645 
1196 1645 1648 1649 1646 
1197 1646 1649 1650 1647 
1198 1647 1650 362 361 
1199 303 304 1651 1648 
1200 1648 1651 1652 1649 
1201 1649 1652 1653 1650 
1202 1650 1653 363 362 
1203 304 305 1654 1651 
1204 1651 1654 1655 1652 
1205 1652 1655 1656 1653 
1206 1653 1656 364 363 
1207 305 306 1657 1654 
1208 1654 1657 1658 1655 
1209 1655 1658 1659 1656 
1210 1656 1659 365 364 
1211 306 307 1660 1657 
1212 1657 1660 1661 1658 
1213 1658 1661 1662 1659 
1214 1659 1662 366 365 
1215 307 308 1663 1660 
1216 1660 1663 1664 1661 
1217 1661 1664 1665 1662 
1218 1662 1665 367 366 
1219 308 309 1666 1663 
1220 1663 1666 1667 1664 
1221 1664 1667 1668 1665 
1222 1665 1668 368 367 
1223 309 310 1669 1666 
1224 1666 1669 1670 1667 
1225 1667 1670 1671 1668 
1226 1668 1671 369 368 
1227 310 311 1672 1669 
1228 1669 1672 1673 1670 
1229 1670 1673 1674 1671 
1230 1671 1674 370 369 
1231 311 312 1675 1672 
1232 1672 1675 1676 1673 
1233 1673 1676 1677 1674 
1234 1674 1677 371 370 
1235 312 313 1678 1675 
1236 1675 1678 1679 1676 
1237 1676 1679 1680 1677 
1238 1677 1680 372 371 
1239 313 314 1681 1678 
1240 1678 1681 1682 1679 
1241 1679 1682 1683 1680 
1242 1680 1683 373 372 
1243 314 315 1684 1681 
1244 1681 1684 1685 1682 
1245 1682 1685 1686 1683 
1246 1683 1686 374 373 
1247 315 316 1687 1684 
1248 1684 1687 1688 1685 
1249 1685 1688 1689 1686 
1250 1686 1689 375 374 
1251 316 317 1690 1687 
1252 1687 1690 1691 1688 
1253 1688 1691 1692 1689 
1254 1689 1692 376 375 
1255 317 318 1693 1690 
1256 1690 1693 1694 1691 
1257 1691 1694 1695 1692 
1258 1692 1695 377 376 
1259 318 319 1696 1693 
1260 1693 1696 1697 1694 
1261 1694 1697 1698 1695 
1262 1695 1698 378 377 
1263 319 320 1699 1696 
1264 1696 1699 1700 1697 
1265 1697 1700 1701 1698 
1266 1698 1701 379 378 
1267 320 321 1702 1699 
1268 1699 1702 1703 1700 
1269 1700 1703 1704 1701 
1270 1701 1704 380 379 
1271 321 322 1705 1702 
1272 1702 1705 1706 1703 
1273 1703 1706 1707 1704 
1274 1704 1707 381 380 
1275 322 323 1708 1705 
1276 1705 1708 1709 1706 
1277 1706 1709 1710 1707 
1278 1707 1710 382 381 
1279 323 324 1711 1708 
1280 1708 1711 1712 1709 
1281 1709 1712 1713 1710 
1282 1710 1713 383 382 
1283 324 325 1714 1711 
1284 1711 1714 1715 1712 
1285 1712 1715 1716 1713 
1286 1713 1716 384 383 
1287 325 326 1717 1714 
1288 1714 1717 1718 1715 
1289 1715 1718 1719 1716 
1290 1716 1719 385 384 
1291 326 327 1720 1717 
1292 1717 1720 1721 1718 
1293 1718 1721 1722 1719 
1294 1719 1722 386 385 
1295 327 328 1723 1720 
1296 1720 1723 1724 1721 
1297 1721 1724 1725 1722 
1298 1722 1725 387 386 
1299 328 329 1726 1723 
1300 1723 1726 1727 1724 
1301 1724 1727 1728 1725 
1302 1725 1728 388 387 
1303 329 330 1729 1726 
1304 1726 1729 1730 1727 
1305 1727 1730 1731 1728 
1306 1728 1731 389 388 
1307 330 331 1732 1729 
1308 1729 1732 1733 1730 
1309 1730 1733 1734 1731 
1310 1731 1734 390 389 
1311 331 332 1735 1732 
1312 1732 1735 1736 1733 
1313 1733 1736 1737 1734 
1314 1734 1737 391 390 
1315 332 333 1738 1735 
1316 1735 1738 1739 1736 
1317 1736 1739 1740 1737 
1318 1737 1740 392 391 
1319 333 334 1741 1738 
1320 1738 1741 1742 1739 
1321 1739 1742 1743 1740 
1322 1740 1743 393 392 
1323 334 4 96 1741 
1324 1741 96 17 1742 
1325 1742 17 335 1743 
1326 1743 335 5 393 
2 3 2 2985
1327 2303 2313 2298 
1328 2495 2527 1765 
1329 1962 1985 1966 
1330 2453 2485 2471 
1331 1980 2733 2706 
1332 2050 2583 2047 
1333 2463 2828 2479 
1334 2456 2828 2458 
1335 2191 2326 2192 
1336 2404 2405 2319 
1337 1311 1746 1310 
1338 2590 2591 2103 
1339 2304 2339 2308 
1340 2453 2471 2450 
1341 1913 1917 1916 
1342 2455 2470 2453 
1343 2732 2772 2707 
1344 2483 2495 1765 
1345 1824 2872 2842 
1346 2107 2668 2106 
1347 2206 2251 1875 
1348 2606 2900 2785 
1349 2341 2597 2092 
1350 1971 2119 1976 
1351 134 2179 1865 
1352 2309 2823 2605 
1353 2138 2361 2141 
1354 2785 2900 2690 
1355 2089 3005 2097 
1356 2085 2359 2090 
1357 2077 2602 2264 
1358 2414 2592 2046 
1359 2188 2190 2187 
1360 1313 1817 1312 
1361 1970 2120 2119 
1362 2439 2914 1752 
1363 1765 2494 2483 
1364 1817 1829 1823 
1365 1899 2376 1891 
1366 2264 2596 2077 
1367 2421 2618 2095 
1368 2457 2488 2455 
1369 2068 2421 2071 
1370 2465 2472 2461 
1371 1990 2967 1991 
1372 1309 1830 1308 
1373 1917 2748 1943 
1374 2002 2010 2005 
1375 2173 2336 2171 
1376 1884 2128 1894 
1377 2184 2670 2629 
1378 2125 2764 2743 
1379 2103 2879 2569 
1380 1809 2352 2351 
1381 2656 2744 2122 
1382 2340 2917 1950 
1383 2718 2737 1792 
1384 2547 2549 2493 
1385 2710 2798 2122 
1386 2714 2824 2542 
1387 2676 2798 1968 
1388 1969 2764 2377 
1389 133 2776 1831 
1390 2236 2890 2507 
1391 2300 2339 2304 
1392 2507 2511 1756 
1393 2323 2433 2432 
1394 2391 2433 2392 
1395 2002 2053 2010 
1396 2510 2511 2241 
1397 1836 2870 124 
1398 2047 2348 2048 
1399 1809 2353 2352 
1400 1998 2847 2002 
1401 2422 2857 1774 
1402 2318 2406 2329 
1403 2137 2140 2136 
1404 2241 2518 2517 
1405 2529 2530 2477 
1406 123 2818 1837 
1407 1898 2836 1885 
1408 1943 2803 2152 
1409 2248 2255 2209 
1410 2550 2813 2459 
1411 2594 2879 1772 
1412 2477 2840 2532 
1413 2104 2662 2637 
1414 1761 2831 2535 
1415 1771 2579 2563 
1416 2088 2093 2089 
1417 2478 2831 2512 
1418 131 2260 1833 
1419 1831 2868 132 
1420 1891 1895 1888 
1421 1842 2260 131 
1422 1833 2782 130 
1423 1754 2985 2500 
1424 2637 2670 2104 
1425 1763 2552 2524 
1426 2432 2433 2316 
1427 2172 2880 2173 
1428 2508 2811 2410 
1429 2319 2432 2431 
1430 2077 2596 2595 
1431 1915 2062 1865 
1432 2499 2616 2603 
1433 130 2782 1846 
1434 2152 2756 1943 
1435 1939 2773 2434 
1436 1865 2179 2178 
1437 1307 1797 1306 
1438 1985 2106 1986 
1439 2465 2484 2472 
1440 2469 3002 2568 
1441 1891 2130 1895 
1442 2000 2784 2740 
1443 2732 2742 2720 
1444 129 2881 1834 
1445 1322 2789 1818 
1446 1790 2884 2735 
1447 135 2995 9 
1448 1778 2623 2583 
1449 2385 2386 2070 
1450 2673 2674 2007 
1451 1834 2356 128 
1452 1941 2934 2919 
1453 2092 2342 2075 
1454 2715 2716 2126 
1455 2557 2944 2580 
1456 2027 2652 2624 
1457 2743 2764 1793 
1458 2729 2764 1969 
1459 1783 2838 2628 
1460 127 2886 1835 
1461 1784 2787 2629 
1462 2015 2790 2635 
1463 1303 1814 1747 
1464 2007 2757 2672 
1465 1835 2892 126 
1466 2012 2670 2637 
1467 2538 2864 2692 
1468 2725 2772 2724 
1469 2740 2884 2739 
1470 2542 2694 2693 
1471 2006 2757 2643 
1472 1981 2732 2731 
1473 2310 2402 2307 
1474 1788 2864 2647 
1475 1933 2833 1930 
1476 2615 2652 2651 
1477 2191 2850 2326 
1478 2624 2659 2658 
1479 2722 2723 1993 
1480 2631 2838 2660 
1481 2125 2743 2126 
1482 2679 2684 2345 
1483 2628 2790 2664 
1484 2141 2409 2143 
1485 2635 2787 2661 
1486 2629 2670 2669 
1487 1324 2842 1826 
1488 2041 2042 2034 
1489 1842 2364 2259 
1490 2042 2043 2029 
1491 2643 2763 2691 
1492 2474 2839 2480 
1493 1317 2156 1819 
1494 2230 2247 2226 
1495 2396 2797 2155 
1496 1891 2376 2130 
1497 2489 2519 2459 
1498 2690 2815 2683 
1499 2302 2917 2340 
1500 121 2899 1838 
1501 2075 2341 2092 
1502 2416 2508 1937 
1503 2039 2047 2045 
1504 1852 2818 123 
1505 2343 2357 2344 
1506 2071 2895 2072 
1507 2387 2848 2217 
1508 2705 2728 2701 
1509 2817 2903 2806 
1510 1820 2156 1317 
1511 1913 2805 1917 
1512 2199 2205 2198 
1513 2151 2756 2152 
1514 2085 2090 2088 
1515 2231 2330 2242 
1516 2455 2813 2513 
1517 2330 2511 2507 
1518 2007 2674 2369 
1519 2624 2652 2113 
1520 2009 2851 2543 
1521 2389 2902 1808 
1522 2033 2056 2036 
1523 2116 2836 1801 
1524 2017 2184 2018 
1525 2118 2836 1898 
1526 2392 2433 2323 
1527 2458 2828 2463 
1528 1774 2895 2422 
1529 2488 2489 2459 
1530 2370 2763 2643 
1531 2223 2436 2220 
1532 2214 2261 1914 
1533 2121 2270 2120 
1534 2028 2061 2031 
1535 2719 2742 2732 
1536 2083 2359 2085 
1537 1961 2835 1956 
1538 133 1831 132 
1539 1861 2134 1864 
1540 2088 2921 2093 
1541 2376 2821 2427 
1542 2011 2979 2017 
1543 2201 2389 2193 
1544 2080 2925 2196 
1545 134 1865 133 
1546 131 1833 130 
1547 2492 2870 2792 
1548 1989 2967 1990 
1549 2141 2645 2409 
1550 2010 2059 2011 
1551 2085 2088 2087 
1552 2807 2873 1949 
1553 1911 2887 1912 
1554 129 1834 128 
1555 2251 2786 1875 
1556 2095 2422 2071 
1557 1901 2395 2219 
1558 1985 1986 1966 
1559 2629 2787 2184 
1560 127 1835 126 
1561 2419 2560 1770 
1562 2394 2992 1924 
1563 2142 2889 2139 
1564 2192 2326 1942 
1565 125 1836 124 
1566 1917 2906 1916 
1567 2169 2997 1983 
1568 2471 2530 2448 
1569 2308 2339 2314 
1570 2377 2676 1969 
1571 123 1837 122 
1572 2683 2750 2681 
1573 2071 2421 2095 
1574 2018 2871 2020 
1575 2328 2338 1942 
1576 2222 2223 2221 
1577 2235 2330 2231 
1578 1999 2696 2545 
1579 2707 2733 2732 
1580 2477 2530 2471 
1581 121 1838 120 
1582 1950 2911 2340 
1583 128 2356 1848 
1584 119 1839 118 
1585 119 2954 1839 
1586 2307 2402 2401 
1587 2208 2248 2209 
1588 2390 2930 1806 
1589 1864 2134 2133 
1590 1907 2387 2217 
1591 124 2870 1852 
1592 2327 2508 2416 
1593 2020 2115 2023 
1594 2244 2521 2239 
1595 1837 2761 122 
1596 2023 2112 2025 
1597 1839 2876 1897 
1598 120 2266 1858 
1599 2380 2803 1943 
1600 1777 2622 2414 
1601 2524 2552 2489 
1602 2090 2157 2088 
1603 122 2761 1854 
1604 2095 2874 2422 
1605 2124 2721 1984 
1606 2256 2257 1840 
1607 2707 2726 2705 
1608 1943 2906 1917 
1609 2182 2803 2380 
1610 2479 2828 1837 
1611 2266 2861 2233 
1612 1866 2257 2256 
1613 2203 2863 1875 
1614 2270 2656 2122 
1615 2119 2124 1976 
1616 2264 2602 2362 
1617 2203 2207 1804 
1618 1839 2822 118 
1619 2075 2936 2074 
1620 2068 2071 2069 
1621 1838 2266 120 
1622 2219 2395 1751 
1623 2237 2238 2235 
1624 2698 2884 2740 
1625 2167 2201 2164 
1626 2265 2266 2233 
1627 2401 2403 2307 
1628 2239 2518 2238 
1629 2011 2017 2014 
1630 2113 2659 2624 
1631 1849 2886 2806 
1632 2881 2981 2355 
1633 1004 1877 1003 
1634 1772 2879 2362 
1635 1914 2778 2214 
1636 2704 2705 2701 
1637 2008 2371 2370 
1638 1003 1905 1002 
1639 2246 2899 1855 
1640 140 2129 1802 
1641 2040 2882 2350 
1642 2300 2303 2298 
1643 2241 2511 2238 
1644 2128 2804 1894 
1645 2680 2681 2679 
1646 1995 2847 1998 
1647 2538 2711 2537 
1648 138 1906 1800 
1649 2100 2548 2547 
1650 2543 2851 2545 
1651 1774 2597 2341 
1652 2459 2813 2488 
1653 1885 2836 1887 
1654 2072 2341 2075 
1655 2229 2230 2226 
1656 2350 2413 2348 
1657 1765 2555 2494 
1658 2456 2457 2455 
1659 2072 2075 2074 
1660 2201 2902 2389 
1661 2455 2513 2470 
1662 1842 2868 2364 
1663 1976 2124 1984 
1664 2735 2884 2709 
1665 2454 2455 2453 
1666 2039 2050 2047 
1667 1906 1907 1800 
1668 1930 2909 1932 
1669 2317 2678 2289 
1670 2369 2757 2007 
1671 2158 2613 2057 
1672 2126 2716 2125 
1673 1996 2712 2536 
1674 2024 2814 2022 
1675 2471 2840 2477 
1676 2226 2505 2225 
1677 125 2952 1836 
1678 1895 2128 1886 
1679 1929 2909 1930 
1680 2061 2620 2158 
1681 2464 2465 2461 
1682 2380 2849 2182 
1683 2628 2838 2131 
1684 2756 2980 1943 
1685 2204 2879 2103 
1686 2834 2835 1843 
1687 1851 2802 2197 
1688 1967 2779 1970 
1689 1894 2205 2199 
1690 2203 2256 2207 
1691 1752 2914 2436 
1692 2792 2870 1853 
1693 1896 2836 2116 
1694 1970 2119 1971 
1695 1326 2842 1325 
1696 2056 2601 2183 
1697 2047 2048 2045 
1698 2697 2698 2696 
1699 2643 2757 2370 
1700 2183 2599 2050 
1701 2493 2549 2481 
1702 2002 2005 1998 
1703 2544 2694 2542 
1704 2605 2955 2309 
1705 1907 2217 1909 
1706 1869 2203 1875 
1707 2140 2271 2136 
1708 1962 1966 1963 
1709 2088 2089 2087 
1710 2048 2413 2051 
1711 2172 2173 2171 
1712 1916 2906 1918 
1713 132 1842 131 
1714 2413 2414 2051 
1715 2057 2610 2056 
1716 130 1846 129 
1717 2474 2475 2468 
1718 2222 2225 2223 
1719 1865 2178 1915 
1720 1801 2836 2118 
1721 2406 2998 2329 
1722 128 1848 127 
1723 2472 2526 2460 
1724 2486 2799 2445 
1725 2221 2223 2220 
1726 1849 2832 2067 
1727 1909 2887 1911 
1728 1798 2804 2268 
1729 2475 2491 2468 
1730 1971 1976 1975 
1731 2010 2918 2059 
1732 1846 2881 129 
1733 124 1852 123 
1734 2289 2678 2283 
1735 1848 2886 127 
1736 132 2868 1842 
1737 2952 2970 2752 
1738 122 1854 121 
1739 2129 2796 1802 
1740 1829 2132 1823 
1741 2268 2804 2269 
1742 1982 2880 2172 
1743 1966 2779 1967 
1744 120 1858 119 
1745 126 2892 1850 
1746 2413 2860 1777 
1747 2046 2626 2414 
1748 1954 2833 1933 
1749 1854 2899 121 
1750 1994 2966 1995 
1751 1895 2269 2128 
1752 2081 2101 2083 
1753 1878 1904 1841 
1754 2654 2780 2657 
1755 2323 2432 2320 
1756 2545 2851 1999 
1757 2061 2858 2621 
1758 2093 2576 2098 
1759 2815 2912 1931 
1760 2500 2985 2501 
1761 2016 2371 2008 
1762 1890 1891 1888 
1763 1877 1878 1841 
1764 2172 2948 1982 
1765 2674 2675 2053 
1766 1894 2199 1882 
1767 2635 2790 2185 
1768 2100 2547 2493 
1769 1984 2721 2718 
1770 1991 2941 1992 
1771 1970 2121 2120 
1772 2234 2235 2231 
1773 2341 2895 1774 
1774 1853 2839 2474 
1775 1818 1820 1320 
1776 2377 2798 2676 
1777 2187 2200 2193 
1778 1893 1899 1891 
1779 2490 2799 2244 
1780 2079 2114 2081 
1781 1989 2972 2703 
1782 1886 2128 1884 
1783 2689 2956 2305 
1784 2148 2819 2135 
1785 2202 2931 1945 
1786 2298 2781 2309 
1787 2320 2432 2399 
1788 2318 2329 2311 
1789 1895 2855 2269 
1790 2246 2861 1838 
1791 2275 2367 1934 
1792 1924 2992 2398 
1793 1850 2952 126 
1794 2033 2057 2056 
1795 1869 1875 1871 
1796 2141 2143 2142 
1797 2376 2922 2130 
1798 2653 2657 1964 
1799 2238 2511 2235 
1800 1761 2840 2831 
1801 1927 2931 1929 
1802 2399 2432 2319 
1803 2070 2617 2385 
1804 2373 2374 2191 
1805 1926 2931 1927 
1806 1796 2420 2336 
1807 2051 2626 2063 
1808 2363 2835 1961 
1809 2138 2141 2139 
1810 1848 2817 2806 
1811 2683 2989 2750 
1812 2192 2908 2202 
1813 2098 2572 2100 
1814 2950 2974 2287 
1815 2314 2339 2337 
1816 1822 2808 2777 
1817 1933 2795 1936 
1818 2201 2904 2164 
1819 1962 2169 1985 
1820 2104 2670 2017 
1821 2017 2018 2014 
1822 1796 2336 2334 
1823 2231 2242 2230 
1824 1875 2863 2206 
1825 1932 2795 1933 
1826 2130 2855 1895 
1827 1912 3004 1911 
1828 2568 3002 2491 
1829 2167 2902 2201 
1830 1749 2218 2209 
1831 2122 2798 2270 
1832 2558 2944 2557 
1833 2200 2202 2166 
1834 2171 2412 2170 
1835 2010 2011 2005 
1836 1897 2822 1839 
1837 1980 2924 2733 
1838 2324 2392 2323 
1839 2452 2453 2450 
1840 2238 2518 2241 
1841 1775 2618 2421 
1842 2305 2785 2690 
1843 2106 2588 2107 
1844 2123 2764 2125 
1845 1902 1903 1873 
1846 2074 2936 2076 
1847 2139 2889 2140 
1848 2350 2978 2040 
1849 2361 2808 1822 
1850 2563 2591 1771 
1851 2688 2751 2682 
1852 2106 2668 2657 
1853 2120 2123 2119 
1854 2445 2799 2447 
1855 1952 2747 2606 
1856 1802 2796 1876 
1857 2615 2858 2652 
1858 1992 2941 1994 
1859 2123 2125 2124 
1860 1857 2995 135 
1861 2120 2377 2123 
1862 2210 2211 1903 
1863 2199 2928 1882 
1864 2583 2623 2349 
1865 2450 2471 2448 
1866 2647 2864 2723 
1867 1877 1905 1003 
1868 2378 2379 2263 
1869 1903 2211 1873 
1870 2632 2838 2631 
1871 2723 2824 1993 
1872 2053 2159 2010 
1873 2537 2864 2538 
1874 2076 2264 2079 
1875 2134 2135 2133 
1876 2194 2970 1850 
1877 2481 2567 2475 
1878 1888 1895 1886 
1879 1981 2772 2732 
1880 2210 2213 2212 
1881 2806 2886 1848 
1882 2726 2772 2725 
1883 2414 2626 2051 
1884 2656 2780 2655 
1885 2773 2998 2434 
1886 2061 2158 2031 
1887 2371 2763 2370 
1888 2225 2441 2223 
1889 2718 2721 2717 
1890 2302 2339 2300 
1891 2740 2784 2698 
1892 2261 2263 2262 
1893 2467 3001 2465 
1894 2701 2709 2699 
1895 2008 2370 2368 
1896 2716 2721 2125 
1897 1979 2708 2054 
1898 1994 1995 1992 
1899 2461 2472 2460 
1900 1942 2908 2192 
1901 2125 2721 2124 
1902 2247 2505 2226 
1903 2067 2802 1849 
1904 1930 2833 1927 
1905 2212 2216 2211 
1906 2308 2310 2307 
1907 1899 2821 2376 
1908 2219 2914 1901 
1909 1806 2930 2408 
1910 2092 2920 2342 
1911 2237 2239 2238 
1912 2210 2218 2213 
1913 2103 2591 2204 
1914 2193 2389 2366 
1915 1991 1992 1990 
1916 2022 2814 2019 
1917 2542 2824 2544 
1918 2319 2405 2399 
1919 140 1802 139 
1920 1871 1902 1873 
1921 2056 2183 2036 
1922 2480 2481 2475 
1923 2327 2811 2508 
1924 1999 2697 2696 
1925 2101 2563 2359 
1926 2048 2051 2049 
1927 1862 2830 2809 
1928 2807 2911 1950 
1929 1875 1902 1871 
1930 2488 2813 2455 
1931 2919 2938 1941 
1932 2681 2751 2688 
1933 2750 2751 2681 
1934 2017 2670 2184 
1935 1952 2604 2603 
1936 2700 2704 2701 
1937 2009 2540 2539 
1938 1884 1894 1882 
1939 1894 2804 2205 
1940 2466 2885 2449 
1941 2454 2828 2456 
1942 1843 2868 2834 
1943 2276 2335 2277 
1944 1792 2719 2718 
1945 2229 2231 2230 
1946 2603 2604 2499 
1947 1766 2767 2566 
1948 1880 1904 1878 
1949 2018 2020 2019 
1950 2118 2837 1807 
1951 2105 2858 2061 
1952 2036 2865 2038 
1953 142 1815 141 
1954 2020 2023 2022 
1955 1770 2561 2419 
1956 2023 2025 2024 
1957 138 1800 137 
1958 1934 2382 2274 
1959 2031 2859 2032 
1960 2093 2098 2089 
1961 2652 2854 2113 
1962 2028 2031 2029 
1963 2362 2573 1772 
1964 1989 1990 1988 
1965 2274 2275 1934 
1966 2682 2877 2688 
1967 2028 2105 2061 
1968 1795 2588 2587 
1969 2033 2036 2034 
1970 1850 2970 2952 
1971 2160 2867 2771 
1972 2706 2707 2705 
1973 2025 2854 2026 
1974 2112 2659 2113 
1975 2081 2204 2101 
1976 1751 2821 2219 
1977 2154 2365 2163 
1978 1851 2892 2802 
1979 1936 2911 1948 
1980 141 2129 140 
1981 1950 2295 2291 
1982 2209 2255 1749 
1983 2039 2045 2044 
1984 2842 2872 2809 
1985 2491 2767 2568 
1986 2257 2940 1840 
1987 1838 2899 2246 
1988 2166 2202 1945 
1989 1923 2894 2396 
1990 143 1866 142 
1991 2244 2799 2487 
1992 142 1866 1815 
1993 1982 2827 2174 
1994 2212 2778 2216 
1995 1900 2219 1899 
1996 2131 2790 2628 
1997 1995 2966 2008 
1998 134 2995 2179 
1999 2009 2541 2540 
2000 2919 2934 2165 
2001 2053 2675 2159 
2002 1792 2742 2719 
2003 1749 2258 2218 
2004 2337 2338 2321 
2005 1009 1801 1008 
2006 2657 2668 1964 
2007 2234 2237 2235 
2008 1949 2911 2807 
2009 2104 2810 2662 
2010 1948 2911 1949 
2011 2089 2097 2096 
2012 1911 3004 1913 
2013 2908 2931 2202 
2014 2071 2072 2069 
2015 1902 2208 1903 
2016 2067 2766 2197 
2017 2480 2839 2493 
2018 2243 2244 2239 
2019 2460 2964 2458 
2020 1866 1867 1815 
2021 2190 2200 2187 
2022 2467 2474 2468 
2023 1007 1807 1006 
2024 2135 2333 2133 
2025 1977 2708 1979 
2026 2512 2831 2470 
2027 2298 2976 2781 
2028 1988 2986 1989 
2029 1758 2753 2516 
2030 2287 2974 2275 
2031 1005 1816 1004 
2032 2038 2865 2039 
2033 2458 2964 2457 
2034 1008 2118 1007 
2035 2220 2914 2219 
2036 2032 2859 2033 
2037 2568 2767 1766 
2038 2056 2610 2608 
2039 2493 2839 2097 
2040 2507 2890 2330 
2041 1925 2938 1926 
2042 2707 2772 2726 
2043 2026 2854 2028 
2044 2105 2854 2652 
2045 1983 2170 2169 
2046 2183 2601 2600 
2047 1991 2851 2009 
2048 2322 2323 2320 
2049 2353 2770 1747 
2050 2338 2909 1942 
2051 1943 2980 2906 
2052 1956 2835 1948 
2053 2300 2943 2303 
2054 2359 2563 2562 
2055 2403 2801 2307 
2056 1914 3004 2778 
2057 1852 2492 2479 
2058 2435 2973 2224 
2059 1922 2938 1925 
2060 2063 2846 2110 
2061 1906 2387 1907 
2062 2213 2215 2214 
2063 1866 2256 1867 
2064 1797 1814 1305 
2065 2051 2063 2052 
2066 1900 2221 2220 
2067 2334 2336 2335 
2068 2050 2599 2584 
2069 2153 2797 2154 
2070 2368 2369 2053 
2071 2365 2797 2396 
2072 2460 2525 2524 
2073 2464 2467 2465 
2074 1801 2118 1008 
2075 2269 2804 2128 
2076 2295 2946 2292 
2077 1882 2928 1880 
2078 2185 2787 2635 
2079 1976 2977 1977 
2080 1952 2606 2604 
2081 2350 2860 2413 
2082 1918 2959 1919 
2083 2063 2110 2064 
2084 2539 2941 2009 
2085 1275 2940 22 
2086 1983 2997 2172 
2087 1913 1916 1915 
2088 2135 2819 2333 
2089 1822 2923 2361 
2090 1816 1877 1004 
2091 143 2257 1866 
2092 1757 2983 2514 
2093 2043 2814 2024 
2094 1785 2810 2665 
2095 2327 2416 2313 
2096 139 1906 138 
2097 2545 2694 2544 
2098 2114 2204 2081 
2099 1890 1893 1891 
2100 2242 2502 2230 
2101 1949 2948 1956 
2102 2830 2842 2809 
2103 2306 2913 2825 
2104 1919 2959 1922 
2105 1956 2948 1960 
2106 2666 2918 2667 
2107 2303 2327 2313 
2108 1007 2118 1807 
2109 2321 2338 2328 
2110 1840 2940 1275 
2111 1012 1905 1841 
2112 1837 2818 2479 
2113 1898 2837 2118 
2114 2678 2679 2345 
2115 2718 2924 1984 
2116 144 2257 143 
2117 1859 2228 2222 
2118 2662 2810 1785 
2119 1962 2997 2169 
2120 2166 2904 2201 
2121 2305 2956 2946 
2122 1977 2977 1980 
2123 1859 2222 2221 
2124 2213 2360 2215 
2125 2449 2885 2451 
2126 2520 2753 1758 
2127 1893 1900 1899 
2128 2016 2536 2371 
2129 1954 2835 2834 
2130 2189 2373 2191 
2131 1012 1841 1013 
2132 2483 2494 2484 
2133 2138 2809 2808 
2134 2041 2109 2042 
2135 2571 2963 1768 
2136 1807 2783 1006 
2137 2054 2706 2704 
2138 2474 2792 1853 
2139 2842 2994 1826 
2140 1276 1840 1275 
2141 2042 2355 2043 
2142 2802 2886 1849 
2143 1777 2414 2413 
2144 1803 2905 1904 
2145 1863 2134 1861 
2146 2147 2148 2135 
2147 2352 2353 2148 
2148 2110 2386 2385 
2149 2585 2991 1957 
2150 2711 2812 2537 
2151 2425 2939 1955 
2152 2296 2946 2295 
2153 1776 3000 2581 
2154 2470 2485 2453 
2155 2143 2408 2153 
2156 2646 2971 2712 
2157 2326 2328 1942 
2158 2689 2690 2683 
2159 1799 2248 2208 
2160 1976 1977 1975 
2161 2188 2384 1920 
2162 1833 2844 2127 
2163 2066 3003 2068 
2164 2419 2562 2560 
2165 2315 2318 2311 
2166 1830 2932 1797 
2167 2208 2786 1799 
2168 1858 2954 119 
2169 2536 2812 1996 
2170 1867 2203 1869 
2171 1876 2387 1802 
2172 27 2186 1351 
2173 2193 2200 2166 
2174 2154 2163 2162 
2175 2144 2889 2142 
2176 2196 2925 1851 
2177 2396 2894 2365 
2178 2320 2399 2318 
2179 2468 2495 2483 
2180 2261 2262 1914 
2181 1904 2928 1803 
2182 1747 2845 2353 
2183 2112 2113 2025 
2184 1841 1905 1877 
2185 2297 2984 2296 
2186 2208 2209 1903 
2187 2192 2200 2190 
2188 1920 2372 2189 
2189 2011 2014 2013 
2190 2489 2964 2524 
2191 2076 2596 2264 
2192 2008 2847 1995 
2193 2174 2880 1982 
2194 1920 2189 2188 
2195 2771 2867 2060 
2196 2291 2295 2292 
2197 2305 2690 2689 
2198 2685 2816 2285 
2199 2470 2513 2512 
2200 2274 2774 2275 
2201 2235 2511 2330 
2202 2385 2945 2421 
2203 2317 2680 2679 
2204 1277 2207 1276 
2205 1869 1871 1870 
2206 2150 2352 2148 
2207 2468 3001 2467 
2208 2076 2079 2078 
2209 1014 1803 1015 
2210 2458 2461 2460 
2211 1875 2786 1902 
2212 1276 2207 1840 
2213 2456 2458 2457 
2214 2540 2864 2537 
2215 2079 2081 2080 
2216 1871 1873 1872 
2217 2058 2832 1849 
2218 2700 2701 2699 
2219 2454 2456 2455 
2220 2292 2982 2291 
2221 137 2111 136 
2222 2081 2083 2082 
2223 2062 2775 1865 
2224 2083 2085 2084 
2225 2097 2839 2096 
2226 1983 2171 2170 
2227 2068 2069 2066 
2228 2277 2335 2173 
2229 126 2952 125 
2230 1918 1919 1916 
2231 2924 2977 1984 
2232 2295 2297 2296 
2233 2809 2829 1862 
2234 2085 2087 2086 
2235 2002 2368 2053 
2236 2809 2872 2808 
2237 2466 2799 2490 
2238 2064 3003 2066 
2239 1867 1869 1868 
2240 2719 2924 2718 
2241 2127 2782 1833 
2242 1867 2256 2203 
2243 2452 2454 2453 
2244 2297 2300 2298 
2245 1961 2997 1962 
2246 1847 2981 2881 
2247 2726 2727 2705 
2248 2311 2329 2310 
2249 2441 2973 2223 
2250 2020 2131 2115 
2251 1015 2198 1016 
2252 2541 2723 2540 
2253 2019 2814 2108 
2254 1960 2997 1961 
2255 2474 2480 2475 
2256 2322 2324 2323 
2257 2106 2657 1986 
2258 1818 2789 1860 
2259 1770 2578 2561 
2260 2654 2657 2653 
2261 2079 2362 2114 
2262 2244 2753 2521 
2263 2143 2153 2144 
2264 1852 2870 2492 
2265 2479 2818 1852 
2266 2712 2971 2536 
2267 2210 2212 2211 
2268 1010 2116 1009 
2269 2734 2866 2055 
2270 2460 2526 2525 
2271 2793 2876 1839 
2272 1278 1804 1277 
2273 2152 2253 2150 
2274 2243 2246 1855 
2275 1819 1829 1315 
2276 2309 2955 2296 
2277 2561 2578 2091 
2278 2163 2167 2164 
2279 2090 2561 2157 
2280 1951 2765 2687 
2281 2250 2849 2380 
2282 2263 2379 2262 
2283 2537 2812 2016 
2284 2216 2778 1912 
2285 2768 2923 1822 
2286 2298 2984 2297 
2287 2491 3002 2495 
2288 2626 3000 2063 
2289 1979 2986 1988 
2290 2617 2945 2385 
2291 2421 2945 1775 
2292 2690 2900 2825 
2293 1297 1745 1296 
2294 2184 2787 2185 
2295 2699 2884 2698 
2296 2138 2808 2361 
2297 1017 1798 1018 
2298 2213 2214 2212 
2299 1970 1971 1967 
2300 1936 1948 1933 
2301 136 2111 1857 
2302 2680 2683 2681 
2303 2369 2674 2053 
2304 2059 2810 2104 
2305 1294 1813 1293 
2306 1279 2206 1278 
2307 1966 1967 1963 
2308 1932 1933 1930 
2309 1855 2490 2243 
2310 2131 2838 2115 
2311 2123 2124 2119 
2312 2825 2900 2306 
2313 1904 2905 1841 
2314 2436 2973 2435 
2315 1900 2220 2219 
2316 1281 1799 1280 
2317 1280 2251 1279 
2318 1295 1944 23 
2319 1929 1930 1927 
2320 1825 2754 2409 
2321 2152 2803 2181 
2322 23 2254 1294 
2323 2521 2983 2239 
2324 2158 2620 2614 
2325 1847 2867 2160 
2326 1834 2881 2355 
2327 2485 2840 2471 
2328 1989 2986 2972 
2329 2377 2764 2123 
2330 1962 1963 1961 
2331 1941 2889 2161 
2332 2310 2957 2402 
2333 2093 2937 2576 
2334 2344 2357 2280 
2335 2101 2359 2083 
2336 2732 2733 2719 
2337 1282 2248 1281 
2338 1284 1749 1283 
2339 2225 2505 2442 
2340 1283 2255 1282 
2341 1398 2912 1397 
2342 1018 2268 1019 
2343 1926 1927 1925 
2344 1006 2783 1005 
2345 1009 2116 1801 
2346 2166 2201 2193 
2347 2972 2986 2054 
2348 1922 1925 1919 
2349 1834 2355 2109 
2350 1803 2198 1015 
2351 1417 2278 1416 
2352 1005 2783 1816 
2353 1285 2258 1284 
2354 2539 2540 2537 
2355 2048 2049 2045 
2356 2134 2146 2135 
2357 2543 2544 2541 
2358 1945 2904 2166 
2359 1949 1956 1948 
2360 1286 1810 1285 
2361 1804 2207 1277 
2362 2217 2887 1909 
2363 2566 2767 2567 
2364 2681 2883 2679 
2365 1960 1961 1956 
2366 2009 2941 1991 
2367 1836 2952 2752 
2368 2283 2678 2282 
2369 2302 2340 2339 
2370 2518 2983 1757 
2371 1950 2917 2295 
2372 1876 2848 2387 
2373 2250 2380 2379 
2374 1841 2905 1013 
2375 1424 2272 1423 
2376 2359 2419 2090 
2377 2491 2495 2468 
2378 1980 2708 1977 
2379 2230 2501 2247 
2380 2280 2968 2344 
2381 1287 2267 1286 
2382 2370 2757 2369 
2383 2233 2234 2231 
2384 2825 2912 2815 
2385 2918 2933 2667 
2386 2274 2382 2272 
2387 1816 1878 1877 
2388 2280 2357 2278 
2389 1288 1748 1287 
2390 1815 2129 141 
2391 2304 2308 2307 
2392 2140 2425 2271 
2393 2275 2974 2367 
2394 1019 1811 1020 
2395 1985 2168 2106 
2396 2409 2754 2145 
2397 2826 2989 2683 
2398 2348 2413 2048 
2399 2420 2862 2336 
2400 2688 2883 2681 
2401 2572 2963 2571 
2402 2215 2261 2214 
2403 2501 2985 2247 
2404 1296 2180 1295 
2405 1863 2829 2137 
2406 1850 2926 2194 
2407 2346 2685 2285 
2408 2567 2767 2475 
2409 1960 2948 2172 
2410 2108 2814 1847 
2411 2072 2074 2073 
2412 2286 2769 2686 
2413 2308 2311 2310 
2414 2057 2859 2158 
2415 2207 2256 1840 
2416 2315 2320 2318 
2417 2516 2753 2487 
2418 2121 2780 2656 
2419 2186 2384 2188 
2420 2285 2354 2346 
2421 1887 2836 1896 
2422 2335 2336 2173 
2423 1293 2249 1292 
2424 2146 2147 2135 
2425 2141 2142 2139 
2426 1011 1856 1010 
2427 1927 2833 1947 
2428 1289 2331 1288 
2429 2483 2484 2465 
2430 2120 2798 2377 
2431 2470 2831 2485 
2432 2222 2226 2225 
2433 1883 1884 1882 
2434 2307 2943 2304 
2435 1995 1998 1997 
2436 2687 2765 2286 
2437 1809 2770 2353 
2438 2727 2728 2705 
2439 2209 2210 1903 
2440 2209 2218 2210 
2441 2704 2706 2705 
2442 1921 2424 2374 
2443 2154 2797 2365 
2444 2489 2552 2519 
2445 2340 2911 1936 
2446 1837 2828 2482 
2447 1881 1882 1880 
2448 2487 2753 2244 
2449 2016 2812 2536 
2450 2143 2144 2142 
2451 2057 2613 2611 
2452 144 2940 2257 
2453 2116 2820 1896 
2454 2558 2921 2157 
2455 1020 2347 1021 
2456 2374 2947 2850 
2457 1411 2816 1410 
2458 2785 2955 2605 
2459 2138 2139 2137 
2460 2055 2866 2738 
2461 2051 2052 2049 
2462 1909 1911 1910 
2463 2686 2769 2284 
2464 2774 2827 2288 
2465 2386 2993 2070 
2466 2313 2976 2298 
2467 2397 2894 1923 
2468 2850 2947 2324 
2469 2586 2991 2585 
2470 2130 2896 2855 
2471 1290 1812 1289 
2472 1847 2881 2867 
2473 1931 2826 2815 
2474 1994 2539 2016 
2475 1804 2863 2203 
2476 1869 1870 1868 
2477 2473 2556 2496 
2478 1867 1868 1815 
2479 2430 2823 2309 
2480 2169 2969 2168 
2481 1907 1909 1908 
2482 2779 2780 2121 
2483 2939 2959 1955 
2484 1871 1872 1870 
2485 2482 2828 2454 
2486 1298 2252 1297 
2487 2146 2755 2147 
2488 2054 2986 1979 
2489 1278 2206 1804 
2490 1014 2905 1803 
2491 1824 2842 1326 
2492 2496 2556 1764 
2493 2163 2398 2167 
2494 1295 2180 1944 
2495 2184 2185 2018 
2496 2561 2944 2157 
2497 2167 2992 2902 
2498 2050 2865 2183 
2499 2063 2064 2052 
2500 2364 2630 2259 
2501 136 1857 135 
2502 1982 2948 2873 
2503 1847 2160 2108 
2504 2686 2687 2286 
2505 1880 2928 1904 
2506 1803 2199 2198 
2507 1021 1750 1022 
2508 2059 2918 2666 
2509 2657 2780 1986 
2510 1291 2358 1290 
2511 2696 2958 2695 
2512 2586 2969 2170 
2513 1980 2977 2924 
2514 2163 2164 2162 
2515 1879 1880 1878 
2516 2688 2877 1951 
2517 2299 2428 2418 
2518 2321 2322 2320 
2519 2447 2799 2466 
2520 24 1796 1428 
2521 2098 2963 2572 
2522 2484 2496 2472 
2523 2291 2982 2289 
2524 2192 2202 2200 
2525 2168 2588 2106 
2526 2197 2802 2067 
2527 1313 1829 1817 
2528 2846 3000 1776 
2529 2687 2688 1951 
2530 2309 2781 2430 
2531 2563 2579 2102 
2532 1984 2977 1976 
2533 1279 2251 2206 
2534 1844 2497 2430 
2535 1953 2616 2499 
2536 1350 2366 1349 
2537 2259 2260 1842 
2538 2665 2810 2666 
2539 1292 1744 1291 
2540 2174 2897 2277 
2541 2706 2708 1980 
2542 1799 2251 1280 
2543 1768 2963 2575 
2544 1983 2172 2171 
2545 1022 2375 1023 
2546 2839 2869 2096 
2547 1938 2795 2338 
2548 1802 1906 139 
2549 2018 2019 2014 
2550 1798 2268 1018 
2551 2562 2563 2102 
2552 1299 2149 1298 
2553 2054 2708 2706 
2554 2324 2393 2392 
2555 2349 2978 2348 
2556 2805 3004 1914 
2557 2274 2897 2774 
2558 1347 2381 1346 
2559 2521 2753 2520 
2560 2416 2417 2313 
2561 2374 2850 2191 
2562 2205 2804 1798 
2563 2020 2022 2019 
2564 2526 2554 2462 
2565 2023 2024 2022 
2566 2287 2774 2288 
2567 1859 2221 2195 
2568 1281 2248 1799 
2569 2025 2026 2024 
2570 1948 2835 1954 
2571 1807 2965 2783 
2572 2228 2229 2226 
2573 2028 2029 2026 
2574 1928 2405 2404 
2575 2031 2032 2029 
2576 2033 2034 2032 
2577 2023 2791 2112 
2578 2008 2966 2016 
2579 2109 2356 1834 
2580 2036 2038 2034 
2581 1427 2177 1426 
2582 1340 2383 1339 
2583 2165 2904 1945 
2584 2329 2773 2310 
2585 2543 2545 2544 
2586 1787 2971 2646 
2587 1294 2254 1813 
2588 1428 2334 1427 
2589 2039 2044 2038 
2590 2089 2096 2087 
2591 1924 2398 2397 
2592 2601 2607 1779 
2593 1414 1845 1413 
2594 2205 2915 2198 
2595 1023 1892 1024 
2596 2436 2914 2220 
2597 2227 2505 2504 
2598 2237 2243 2239 
2599 2100 3005 2098 
2600 2873 2948 1949 
2601 1864 2133 2132 
2602 1282 2255 2248 
2603 1749 2255 1283 
2604 2457 2489 2488 
2605 2101 2591 2563 
2606 2270 2798 2120 
2607 2545 2696 2695 
2608 1854 2761 2760 
2609 1955 2756 2755 
2610 2245 2516 2487 
2611 1798 2915 2205 
2612 1868 2129 1815 
2613 1284 2258 1749 
2614 1994 2941 2539 
2615 2009 2543 2541 
2616 1913 1915 1911 
2617 1947 2788 2775 
2618 2172 2997 1960 
2619 2115 2838 2632 
2620 1412 2285 1411 
2621 1410 2284 28 
2622 1425 1935 1424 
2623 2348 2978 2350 
2624 2230 2502 2501 
2625 2760 2762 1854 
2626 2337 2339 1938 
2627 1986 2780 2779 
2628 1311 1817 1746 
2629 2464 2492 2467 
2630 1838 2861 2266 
2631 2709 2884 2699 
2632 1413 2354 1412 
2633 2600 2601 1779 
2634 1746 1830 1309 
2635 2253 2988 2150 
2636 2016 2539 2537 
2637 1746 2932 1830 
2638 1810 2258 1285 
2639 1418 2175 1417 
2640 2261 2999 2263 
2641 1816 2783 1879 
2642 2525 2526 2462 
2643 1881 1883 1882 
2644 2045 2058 2044 
2645 1921 2374 2373 
2646 1873 2211 1874 
2647 2198 2915 1016 
2648 1024 2427 1025 
2649 1883 1898 1885 
2650 1813 2249 1293 
2651 2359 2562 2419 
2652 1885 1886 1884 
2653 1353 1920 1352 
2654 1274 2420 24 
2655 2186 2188 2187 
2656 1019 2268 1811 
2657 1902 2786 2208 
2658 2275 2774 2287 
2659 2161 2889 2144 
2660 1351 1946 1350 
2661 1977 1979 1978 
2662 2697 2699 2698 
2663 2430 2781 2429 
2664 1416 2357 1415 
2665 1027 1901 1028 
2666 2242 2929 2502 
2667 1286 2267 1810 
2668 2524 2964 2460 
2669 2153 2930 2797 
2670 2702 2738 2728 
2671 1415 2343 1414 
2672 2349 2623 2593 
2673 2099 2572 2571 
2674 1973 2737 2718 
2675 1794 2744 2656 
2676 2282 2968 2280 
2677 2109 2355 2042 
2678 1959 2862 2420 
2679 2299 2418 2417 
2680 2150 2988 2352 
2681 2442 2505 2227 
2682 1879 1881 1880 
2683 1816 1879 1878 
2684 1979 1988 1987 
2685 1356 1921 1355 
2686 2289 2982 2317 
2687 2304 2943 2300 
2688 1026 2395 1027 
2689 2644 2923 2768 
2690 2368 2370 2369 
2691 1864 2156 1821 
2692 1420 2176 1419 
2693 2224 2973 2440 
2694 1273 1959 1274 
2695 2412 2991 2170 
2696 1400 2853 1399 
2697 2379 2916 2250 
2698 2406 2423 1940 
2699 1028 2439 1029 
2700 2245 2487 2486 
2701 1748 2267 1287 
2702 2100 2493 2097 
2703 2091 2944 2561 
2704 2309 2984 2298 
2705 2147 2150 2148 
2706 1889 1890 1888 
2707 1873 1874 1872 
2708 1297 2252 1745 
2709 1872 1876 1870 
2710 1349 2389 1348 
2711 1025 1751 1026 
2712 1354 2372 1353 
2713 1300 2351 1299 
2714 1947 2833 2788 
2715 1348 1808 1347 
2716 1338 1806 1337 
2717 1355 2388 1354 
2718 1367 1928 1366 
2719 2132 2133 1823 
2720 1017 2915 1798 
2721 1803 2928 2199 
2722 1345 1924 1344 
2723 1341 2155 1340 
2724 1343 1923 1342 
2725 2064 2066 2065 
2726 1031 2224 1032 
2727 1844 2430 2429 
2728 1357 2424 1356 
2729 1059 2515 1060 
2730 1058 2444 1059 
2731 1346 2394 1345 
2732 1423 2382 1422 
2733 2258 2841 2218 
2734 1030 2435 1031 
2735 1032 2440 1033 
2736 1068 2512 1069 
2737 1272 2411 1273 
2738 1029 1752 1030 
2739 2794 2954 1859 
2740 1073 2519 1074 
2741 2495 2565 2527 
2742 1913 3004 2805 
2743 1957 2991 2411 
2744 1076 2523 1077 
2745 1369 1940 1368 
2746 1033 1753 1034 
2747 1035 2227 1036 
2748 2102 2589 2562 
2749 1358 2325 1357 
2750 2463 2464 2461 
2751 1083 2528 1084 
2752 1086 2527 1087 
2753 2157 2944 2558 
2754 1039 2232 1040 
2755 1034 2443 1035 
2756 1037 1754 1038 
2757 1093 2534 1094 
2758 1041 1755 1042 
2759 1045 1756 1046 
2760 1422 1934 1421 
2761 1036 2504 1037 
2762 1426 2898 1425 
2763 1368 2423 1367 
2764 1096 2546 1097 
2765 1043 2236 1044 
2766 1038 2500 1039 
2767 1339 2390 1338 
2768 1040 2506 1041 
2769 1047 2241 1048 
2770 1344 2397 1343 
2771 1361 2391 1360 
2772 1953 2499 2498 
2773 1103 2553 1104 
2774 1051 2240 1052 
2775 1042 2509 1043 
2776 1044 2507 1045 
2777 1342 2396 1341 
2778 1336 2145 1335 
2779 1046 2510 1047 
2780 1055 2245 1056 
2781 1049 1757 1050 
2782 1106 2557 1107 
2783 2237 2246 2243 
2784 1053 1758 1054 
2785 1057 1759 1058 
2786 1360 1805 1359 
2787 1111 2560 1112 
2788 1048 2517 1049 
2789 1050 2514 1051 
2790 1052 2520 1053 
2791 1054 2516 1055 
2792 1056 2522 1057 
2793 1366 2404 1365 
2794 1063 2477 1064 
2795 1118 2569 1119 
2796 2264 2362 2079 
2797 1365 2319 1364 
2798 2035 2610 2609 
2799 1061 1760 1062 
2800 1121 2573 1122 
2801 1065 1761 1066 
2802 1070 1762 1071 
2803 1060 2531 1061 
2804 1337 2407 1336 
2805 1067 2478 1068 
2806 1062 2529 1063 
2807 2514 2983 2240 
2808 1064 2532 1065 
2809 1363 2316 1362 
2810 1072 2459 1073 
2811 1066 2535 1067 
2812 1069 2533 1070 
2813 1071 2550 1072 
2814 1078 2462 1079 
2815 2243 2490 2244 
2816 1075 1763 1076 
2817 1080 1764 1081 
2818 1085 1765 1086 
2819 1141 2581 1142 
2820 1082 2473 1083 
2821 1144 2592 1145 
2822 1153 2582 1154 
2823 1074 2552 1075 
2824 1150 2593 1151 
2825 1371 1939 1370 
2826 2482 2761 1837 
2827 1359 2426 1358 
2828 1077 2551 1078 
2829 1079 2554 1080 
2830 1421 2367 1420 
2831 1088 2469 1089 
2832 1081 2556 1082 
2833 1084 2555 1085 
2834 1156 2598 1157 
2835 1159 2607 1160 
2836 1092 2476 1093 
2837 1090 1766 1091 
2838 2314 2315 2311 
2839 1095 1767 1096 
2840 1162 2609 1163 
2841 1087 2565 1088 
2842 1100 1768 1101 
2843 1375 1832 1374 
2844 1165 2612 1166 
2845 1399 1931 1398 
2846 1089 2568 1090 
2847 2581 3000 2625 
2848 1168 2619 1169 
2849 1098 2099 1099 
2850 1370 2434 1369 
2851 1171 2615 1172 
2852 1928 2406 2405 
2853 1091 2566 1092 
2854 2632 2791 2115 
2855 1094 2570 1095 
2856 1102 2094 1103 
2857 2562 2589 2560 
2858 1373 2312 1372 
2859 1099 2571 1100 
2860 1174 2624 1175 
2861 1362 2433 1361 
2862 1097 2574 1098 
2863 1101 2575 1102 
2864 1887 1888 1886 
2865 1105 1769 1106 
2866 1177 2627 1178 
2867 1110 1770 1111 
2868 1115 1771 1116 
2869 1108 2091 1109 
2870 2215 2999 2261 
2871 1180 2631 1181 
2872 1183 2628 1184 
2873 1189 2629 1190 
2874 1376 2400 1375 
2875 1104 2577 1105 
2876 1186 2635 1187 
2877 1271 1957 1272 
2878 1883 2837 1898 
2879 1192 2637 1193 
2880 1364 2431 1363 
2881 1107 2580 1108 
2882 1113 2102 1114 
2883 1117 2103 1118 
2884 1109 2578 1110 
2885 1288 2331 1748 
2886 1199 2642 1200 
2887 1114 2579 1115 
2888 1116 2590 1117 
2889 1206 2643 1207 
2890 1120 1772 1121 
2891 1112 2589 1113 
2892 1125 1773 1126 
2893 1130 1774 1131 
2894 1209 2646 1210 
2895 2170 2991 2586 
2896 1216 2647 1217 
2897 1123 2077 1124 
2898 1128 2092 1129 
2899 1119 2594 1120 
2900 1133 2095 1134 
2901 1122 2602 1123 
2902 1124 2595 1125 
2903 1129 2597 1130 
2904 1137 2070 1138 
2905 1135 1775 1136 
2906 1140 1776 1141 
2907 1146 1777 1147 
2908 1152 1778 1153 
2909 2037 2599 2598 
2910 1143 2046 1144 
2911 1134 2618 1135 
2912 2403 2811 2801 
2913 1372 2438 1371 
2914 1333 2644 1332 
2915 1136 2617 1137 
2916 1378 2301 1377 
2917 1246 2852 1247 
2918 1379 2410 1378 
2919 1149 2040 1150 
2920 1800 2111 137 
2921 1270 2585 1271 
2922 1145 2622 1146 
2923 1155 2037 1156 
2924 1142 2625 1143 
2925 1151 2623 1152 
2926 1374 2437 1373 
2927 1158 1779 1159 
2928 1381 1937 1380 
2929 1161 2035 1162 
2930 1164 1780 1165 
2931 1170 1781 1171 
2932 1154 2636 1155 
2933 2346 2354 1845 
2934 1157 2638 1158 
2935 1160 2639 1161 
2936 1163 2640 1164 
2937 1167 2030 1168 
2938 1269 1958 1270 
2939 1173 2027 1174 
2940 1169 2641 1170 
2941 1263 1964 1264 
2942 1176 1782 1177 
2943 1166 2648 1167 
2944 1182 1783 1183 
2945 1188 1784 1189 
2946 1194 1785 1195 
2947 1863 2137 2136 
2948 1382 2415 1381 
2949 1179 2021 1180 
2950 1172 2651 1173 
2951 1185 2015 1186 
2952 1196 2004 1197 
2953 1265 2107 1266 
2954 1175 2658 1176 
2955 1191 2012 1192 
2956 1377 2503 1376 
2957 1181 2660 1182 
2958 1178 2663 1179 
2959 1794 2656 2655 
2960 1264 2668 1265 
2961 1187 2661 1188 
2962 1198 2003 1199 
2963 1205 2006 1206 
2964 1195 2665 1196 
2965 1184 2664 1185 
2966 1193 2662 1194 
2967 1203 2007 1204 
2968 1255 1968 1256 
2969 1201 1786 1202 
2970 1190 2669 1191 
2971 1973 2718 2717 
2972 1247 1972 1248 
2973 1208 1787 1209 
2974 1215 1788 1216 
2975 1222 1789 1223 
2976 1257 2122 1258 
2977 2702 2728 2727 
2978 1213 2538 1214 
2979 1197 2671 1198 
2980 1211 1996 1212 
2981 1262 2653 1263 
2982 1224 2001 1225 
2983 1220 2542 1221 
2984 1249 2126 1250 
2985 1218 1993 1219 
2986 1204 2672 1205 
2987 1239 1981 1240 
2988 1200 2677 1201 
2989 2152 2856 2253 
2990 1253 1969 1254 
2991 1261 1965 1262 
2992 1202 2673 1203 
2993 1241 2720 1242 
2994 1232 2055 1233 
2995 1226 2000 1227 
2996 1256 2710 1257 
2997 1245 1973 1246 
2998 1207 2691 1208 
2999 1234 2702 1235 
3000 2378 2916 2379 
3001 1214 2692 1215 
3002 1210 2712 1211 
3003 1223 2713 1224 
3004 1212 2711 1213 
3005 1221 2693 1222 
3006 1248 2715 1249 
3007 1254 2676 1255 
3008 1811 2347 1020 
3009 1217 2722 1218 
3010 1219 2714 1220 
3011 1225 2736 1226 
3012 1229 1790 1230 
3013 1268 2649 1269 
3014 1380 2508 1379 
3015 1240 2731 1241 
3016 1236 1791 1237 
3017 1243 1792 1244 
3018 1251 1793 1252 
3019 1231 2734 1232 
3020 1233 2738 1234 
3021 1227 2740 1228 
3022 1238 2724 1239 
3023 1944 2254 23 
3024 1250 2743 1251 
3025 1228 2739 1229 
3026 1266 2745 1267 
3027 1230 2735 1231 
3028 1252 2729 1253 
3029 1242 2742 1243 
3030 1419 2910 1418 
3031 1244 2737 1245 
3032 1235 2741 1236 
3033 1237 2725 1238 
3034 1384 2299 1383 
3035 1258 2744 1259 
3036 2548 2572 2099 
3037 1260 2730 1261 
3038 1259 1794 1260 
3039 2195 2221 1900 
3040 1267 1795 1268 
3041 1385 2428 1384 
3042 2778 3004 1912 
3043 2260 2975 1833 
3044 1401 2294 1400 
3045 1858 2266 2265 
3046 1856 2116 1010 
3047 2684 2685 2345 
3048 1383 2564 1382 
3049 2324 2947 2393 
3050 2157 2921 2088 
3051 2606 2747 2746 
3052 1407 1951 1406 
3053 1393 1952 1392 
3054 2047 2349 2348 
3055 1908 2111 1800 
3056 2121 2656 2270 
3057 1985 2169 2168 
3058 1388 2497 1387 
3059 2338 2795 1932 
3060 2011 2013 2005 
3061 2181 2856 2152 
3062 1390 1953 1389 
3063 1780 2613 2612 
3064 2030 2620 2619 
3065 1352 2384 27 
3066 2372 2373 2189 
3067 1887 1896 1889 
3068 1387 1844 1386 
3069 1818 1821 1820 
3070 1386 2650 1385 
3071 2076 2078 2074 
3072 1131 2857 1132 
3073 2219 2821 1899 
3074 2418 2976 2417 
3075 2481 2935 2567 
3076 1389 2634 1388 
3077 1391 2616 1390 
3078 1392 2603 1391 
3079 2234 2246 2237 
3080 1394 2747 1393 
3081 2496 2960 2473 
3082 1396 2306 1395 
3083 1402 2749 1401 
3084 1301 1809 1300 
3085 1335 2754 1334 
3086 1928 2423 2406 
3087 1147 2860 1148 
3088 1821 2156 1820 
3089 2610 2611 2609 
3090 1907 1908 1800 
3091 1855 2899 2762 
3092 1762 2533 2513 
3093 1403 2293 1402 
3094 1970 2779 2121 
3095 1799 2786 2251 
3096 2599 2600 2598 
3097 1859 2954 2953 
3098 1395 2746 1394 
3099 1932 2909 2338 
3100 1307 1830 1797 
3101 2161 2934 1941 
3102 1912 2887 2216 
3103 2697 2703 2700 
3104 2153 2154 2144 
3105 1776 2891 2846 
3106 2398 2894 2397 
3107 1132 2874 1133 
3108 2137 2829 2138 
3109 1812 2331 1289 
3110 2050 2584 2583 
3111 1916 2062 1915 
3112 2273 2274 2272 
3113 2111 2800 1857 
3114 1883 1885 1884 
3115 2613 2614 2612 
3116 2079 2080 2078 
3117 2177 2335 2276 
3118 1971 1975 1974 
3119 2709 2866 2734 
3120 2513 2533 2512 
3121 2620 2621 2619 
3122 1954 2834 2833 
3123 2448 2942 2446 
3124 2127 2961 2782 
3125 2182 2254 1944 
3126 2831 2840 2485 
3127 1986 2779 1966 
3128 2081 2082 2080 
3129 2409 2645 1825 
3130 2180 2181 1944 
3131 2584 2599 2037 
3132 2083 2084 2082 
3133 2545 2695 2694 
3134 2223 2973 2436 
3135 2608 2610 2035 
3136 2738 2866 2728 
3137 2296 2984 2309 
3138 2698 2784 2696 
3139 2611 2613 1780 
3140 1148 2882 1149 
3141 2085 2086 2084 
3142 1404 2758 1403 
3143 2132 2156 1864 
3144 1334 1825 1333 
3145 2059 2979 2011 
3146 2614 2620 2030 
3147 2138 2829 2809 
3148 2680 2689 2683 
3149 1999 2703 2697 
3150 1859 2953 2228 
3151 2216 2217 1874 
3152 1955 2755 2271 
3153 2151 2152 2150 
3154 2480 2493 2481 
3155 2147 2755 2151 
3156 1405 2682 1404 
3157 1126 2875 1127 
3158 2115 2791 2023 
3159 2775 2788 2776 
3160 1408 2765 1407 
3161 2279 2280 2278 
3162 2056 2608 2601 
3163 2447 2448 2446 
3164 2446 2515 2444 
3165 2112 2949 2659 
3166 1013 2905 1014 
3167 1021 2347 1750 
3168 2305 2955 2785 
3169 2041 2817 2109 
3170 2109 2817 2356 
3171 2449 2450 2448 
3172 2723 2864 2540 
3173 1771 2591 2590 
3174 1406 2877 1405 
3175 2189 2191 2190 
3176 2827 2873 2290 
3177 1893 2195 1900 
3178 2451 2452 2450 
3179 1780 2640 2611 
3180 1779 2638 2600 
3181 2288 2289 2283 
3182 27 2384 2186 
3183 2601 2608 2607 
3184 2290 2291 2289 
3185 1292 2249 1744 
3186 2014 2108 2013 
3187 2322 2326 2324 
3188 2159 2933 2918 
3189 1290 2358 1812 
3190 1781 2641 2621 
3191 2030 2648 2614 
3192 2268 2269 1811 
3193 1802 2387 1906 
3194 2227 2443 2442 
3195 2587 2588 2168 
3196 2652 2858 2105 
3197 2445 2446 2444 
3198 2611 2640 2609 
3199 2600 2638 2598 
3200 1940 2998 2406 
3201 1755 2506 2502 
3202 2451 2885 2762 
3203 2697 2700 2699 
3204 2229 2233 2231 
3205 2353 2819 2148 
3206 2267 2360 1810 
3207 2614 2648 2612 
3208 2621 2641 2619 
3209 2154 2162 2161 
3210 2419 2561 2090 
3211 2403 2503 2301 
3212 2442 2443 1753 
3213 2239 2983 2518 
3214 2462 2551 2525 
3215 1016 2915 1017 
3216 1409 2286 1408 
3217 2329 2998 2773 
3218 1139 2891 1140 
3219 2087 2117 2086 
3220 2447 2466 2449 
3221 1814 2845 1747 
3222 2446 2531 2515 
3223 2502 2506 2232 
3224 2513 2813 1762 
3225 2317 2679 2678 
3226 2281 2282 2280 
3227 2362 2879 2114 
3228 2441 2442 1753 
3229 1332 2768 1331 
3230 2099 2574 2548 
3231 1795 2745 2588 
3232 2684 2687 2686 
3233 2525 2551 2523 
3234 1931 2912 1398 
3235 2501 2502 2232 
3236 2398 2992 2167 
3237 2317 2956 2680 
3238 1328 2951 1327 
3239 2181 2182 1944 
3240 2588 2745 2107 
3241 2373 2388 1921 
3242 1945 2919 2165 
3243 1839 2794 2793 
3244 2548 2574 2546 
3245 2214 2778 2212 
3246 2098 3005 2089 
3247 2072 2073 2069 
3248 2117 2869 1836 
3249 2417 2564 2299 
3250 1127 2920 1128 
3251 1331 1822 1330 
3252 2428 2429 2418 
3253 1744 2358 1291 
3254 1750 2375 1022 
3255 1759 2486 2445 
3256 1759 2522 2486 
3257 2140 2889 2888 
3258 2524 2525 2523 
3259 2037 2636 2584 
3260 2185 2871 2018 
3261 1995 1997 1992 
3262 2621 2858 1781 
3263 2498 2823 2430 
3264 1323 2789 1322 
3265 2834 2868 1831 
3266 2363 2364 1843 
3267 2039 2865 2050 
3268 2170 2969 2169 
3269 2187 2193 1946 
3270 2408 2930 2153 
3271 2282 2678 2345 
3272 2666 2810 2059 
3273 2385 2421 2068 
3274 2547 2548 2546 
3275 2486 2522 2245 
3276 2233 2861 2234 
3277 2575 2963 2576 
3278 1861 1864 1821 
3279 2584 2636 2582 
3280 2211 2216 1874 
3281 2497 2498 2430 
3282 2114 2879 2204 
3283 2016 2966 1994 
3284 2734 2735 2709 
3285 1856 2822 2820 
3286 1843 2835 2363 
3287 2104 2979 2059 
3288 1991 2967 2851 
3289 1330 2777 1329 
3290 1909 1910 1908 
3291 1397 2913 1396 
3292 28 2769 1409 
3293 2174 2827 2774 
3294 2331 2759 1748 
3295 1329 1827 1328 
3296 2802 2892 1835 
3297 1857 2800 2179 
3298 1767 2570 2549 
3299 1767 2549 2547 
3300 2181 2803 2182 
3301 2003 2671 2667 
3302 1982 2873 2827 
3303 1941 2939 2888 
3304 2541 2824 2723 
3305 1911 2178 1910 
3306 2074 2196 2073 
3307 1769 2577 2559 
3308 22 2940 144 
3309 1769 2559 2558 
3310 2392 2393 1805 
3311 2001 2713 2695 
3312 2775 2927 1947 
3313 2583 2584 2582 
3314 2429 2650 1844 
3315 2400 2503 2403 
3316 2301 2811 2403 
3317 2136 2146 2134 
3318 2364 2907 1974 
3319 1998 2060 1997 
3320 2549 2570 2534 
3321 2667 2671 2004 
3322 2684 2883 2687 
3323 2417 2976 2313 
3324 2498 2634 1953 
3325 1958 2649 2587 
3326 2559 2577 2553 
3327 2695 2713 1789 
3328 2035 2639 2608 
3329 1958 2587 2586 
3330 1410 2816 2284 
3331 1302 2770 1301 
3332 2356 2817 1848 
3333 2393 2426 1805 
3334 1849 2806 2058 
3335 2155 2797 2383 
3336 1972 2852 2717 
3337 2158 2859 2031 
3338 1965 2730 2655 
3339 2218 2841 2213 
3340 1791 2741 2727 
3341 1786 2677 2675 
3342 1023 2375 1892 
3343 2401 2402 1832 
3344 2763 2971 1787 
3345 2044 2903 2038 
3346 2451 2762 2760 
3347 2402 2437 1832 
3348 2608 2639 2607 
3349 2667 2933 2003 
3350 1965 2655 2654 
3351 1327 1824 1326 
3352 1972 2717 2716 
3353 2222 2228 2226 
3354 1876 2796 1870 
3355 2587 2649 1795 
3356 2666 2667 2004 
3357 1786 2675 2674 
3358 2021 2663 2633 
3359 2467 2792 2474 
3360 1860 2994 1862 
3361 2642 2933 2675 
3362 1791 2727 2726 
3363 2801 2811 2327 
3364 2380 2748 2379 
3365 2727 2741 2702 
3366 2717 2852 1973 
3367 2415 2564 2417 
3368 1813 2250 2249 
3369 1993 2824 2714 
3370 2021 2633 2632 
3371 2655 2730 1794 
3372 2193 2366 1946 
3373 1818 1860 1821 
3374 2675 2677 2642 
3375 2694 2695 1789 
3376 1968 2798 2710 
3377 2332 2974 2950 
3378 2687 2883 2688 
3379 2372 2388 2373 
3380 2315 2321 2320 
3381 2321 2328 2322 
3382 2228 2265 2229 
3383 1745 2180 1296 
3384 2345 2968 2282 
3385 1998 2771 2060 
3386 2633 2663 2627 
3387 2252 2253 1745 
3388 1764 2987 2496 
3389 2278 2357 1416 
3390 2281 2950 2287 
3391 1896 1897 1889 
3392 2322 2328 2326 
3393 2440 2973 2441 
3394 2041 2903 2817 
3395 2472 2987 2526 
3396 2171 2862 2412 
3397 2776 2788 1831 
3398 2017 2979 2104 
3399 2496 2987 2472 
3400 1885 1887 1886 
3401 2291 2807 1950 
3402 1935 2276 2273 
3403 2325 2426 2393 
3404 2058 2806 2044 
3405 2076 2936 2596 
3406 1987 2259 1978 
3407 2062 2927 2775 
3408 2645 2923 2644 
3409 2145 2996 2409 
3410 2458 2463 2461 
3411 1870 2796 1868 
3412 1977 1978 1975 
3413 2424 2947 2374 
3414 1744 2378 2358 
3415 1324 1826 1323 
3416 1796 2334 1428 
3417 2411 2991 2412 
3418 2183 2865 2036 
3419 2452 2482 2454 
3420 1938 2338 2337 
3421 2183 2600 2599 
3422 1825 2645 2644 
3423 2428 2650 2429 
3424 2400 2403 2401 
3425 2240 2983 2521 
3426 2271 2425 1955 
3427 1351 2186 1946 
3428 2685 2878 2816 
3429 2344 2346 1845 
3430 2815 2826 2683 
3431 2412 2862 1959 
3432 2272 2382 1423 
3433 1892 2427 1024 
3434 2457 2964 2489 
3435 2497 2634 2498 
3436 2033 2859 2057 
3437 2186 2187 1946 
3438 2281 2287 2283 
3439 2363 2907 2364 
3440 2325 2947 2424 
3441 1138 2993 1139 
3442 2178 2179 1910 
3443 1868 2796 2129 
3444 2938 2939 1941 
3445 2625 3000 2626 
3446 2064 2065 2052 
3447 2759 2999 2215 
3448 2196 2197 2073 
3449 2476 2935 2534 
3450 1887 1889 1888 
3451 1835 2886 2802 
3452 2175 2332 2279 
3453 2117 2752 2086 
3454 2946 2956 2292 
3455 2544 2824 2541 
3456 2094 2937 2553 
3457 2108 2160 2013 
3458 1979 1987 1978 
3459 1427 2334 2177 
3460 2217 2848 1874 
3461 2164 2165 2162 
3462 2463 2479 2464 
3463 2312 2437 2402 
3464 2606 2785 2604 
3465 2531 2942 1760 
3466 2368 2847 2008 
3467 2066 2067 2065 
3468 2554 2987 1764 
3469 2415 2417 2416 
3470 2206 2863 1804 
3471 2020 2871 2131 
3472 2049 2058 2045 
3473 2262 2805 1914 
3474 2751 2758 2682 
3475 2140 2888 2425 
3476 1971 1974 1967 
3477 2830 2994 2842 
3478 2308 2314 2311 
3479 2339 2340 1938 
3480 1863 2136 2134 
3481 24 2420 1796 
3482 1975 2630 1974 
3483 1935 2272 1424 
3484 1819 2156 2132 
3485 2175 2278 1417 
3486 2060 2127 1997 
3487 2147 2151 2150 
3488 2846 2891 2386 
3489 1963 2363 1961 
3490 2195 2794 1859 
3491 2189 2190 2188 
3492 2782 2961 1846 
3493 1860 1862 1861 
3494 2633 2949 2112 
3495 2113 2854 2025 
3496 1845 2354 1413 
3497 2684 2878 2685 
3498 2330 2890 2242 
3499 2229 2265 2233 
3500 2526 2987 2554 
3501 2375 2376 1892 
3502 2297 2302 2300 
3503 2367 2974 2176 
3504 2487 2799 2486 
3505 1782 2949 2627 
3506 2314 2337 2315 
3507 2177 2898 1426 
3508 2445 2447 2446 
3509 2447 2449 2448 
3510 1826 2994 2789 
3511 1935 2898 2276 
3512 2290 2873 2807 
3513 2149 2252 1298 
3514 2449 2451 2450 
3515 2234 2861 2246 
3516 1881 2837 1883 
3517 2700 2972 2704 
3518 2604 2785 2605 
3519 2139 2140 2137 
3520 1955 2980 2756 
3521 2686 2878 2684 
3522 1919 2062 1916 
3523 2096 2117 2087 
3524 2451 2760 2452 
3525 1946 2366 1350 
3526 2366 2389 1349 
3527 2084 2194 2082 
3528 2317 2982 2956 
3529 2492 2792 2467 
3530 1915 2178 1911 
3531 2078 2196 2074 
3532 1948 1954 1933 
3533 2005 2771 1998 
3534 1908 2800 2111 
3535 2143 2996 2408 
3536 1927 1947 1925 
3537 1996 2812 2711 
3538 2399 2405 2318 
3539 1959 2420 1274 
3540 2038 2041 2034 
3541 1781 2858 2615 
3542 2216 2887 2217 
3543 2333 2819 1828 
3544 2032 2042 2029 
3545 1025 2427 1751 
3546 1974 2630 2364 
3547 2019 2108 2014 
3548 2026 2043 2024 
3549 1926 2938 2919 
3550 1027 2395 1901 
3551 1412 2354 2285 
3552 2728 2866 2701 
3553 1901 2439 1028 
3554 2475 2767 2491 
3555 2191 2192 2190 
3556 2530 2942 2448 
3557 1303 1747 1302 
3558 2333 2932 1823 
3559 1819 2132 1829 
3560 2569 2879 2594 
3561 1414 2343 1845 
3562 2604 2605 2499 
3563 2228 2953 2265 
3564 2293 2758 2751 
3565 2381 2394 1346 
3566 2154 2161 2144 
3567 1299 2351 2149 
3568 1836 2752 2117 
3569 1810 2841 2258 
3570 2204 2591 2101 
3571 1751 2395 1026 
3572 2479 2492 2464 
3573 1353 2372 1920 
3574 2213 2841 2360 
3575 2906 2980 1918 
3576 2345 2685 2346 
3577 1808 2381 1347 
3578 2290 2807 2291 
3579 2136 2271 2146 
3580 2069 2766 2066 
3581 2383 2390 1339 
3582 1273 2411 1959 
3583 1425 2898 1935 
3584 1029 2439 1752 
3585 2271 2755 2146 
3586 1415 2357 2343 
3587 2277 2880 2174 
3588 1921 2388 1355 
3589 2133 2333 1823 
3590 2755 2756 2151 
3591 2259 2630 1978 
3592 1987 2260 2259 
3593 2175 2910 2332 
3594 1890 2793 1893 
3595 1356 2424 1921 
3596 2155 2383 1340 
3597 1031 2435 2224 
3598 2224 2440 1032 
3599 2225 2442 2441 
3600 2655 2780 2654 
3601 2127 2844 2843 
3602 2407 2996 2145 
3603 1354 2388 2372 
3604 1752 2435 1030 
3605 2633 2791 2632 
3606 2717 2721 2716 
3607 1033 2440 1753 
3608 1851 2197 2196 
3609 2276 2277 2273 
3610 2284 2878 2686 
3611 1853 2869 2839 
3612 1753 2443 1034 
3613 1035 2443 2227 
3614 2227 2504 1036 
3615 2444 2515 1059 
3616 2427 2821 1751 
3617 1039 2500 2232 
3618 2232 2506 1040 
3619 1037 2504 1754 
3620 1999 2967 2703 
3621 1754 2500 1038 
3622 1348 2389 1808 
3623 1041 2506 1755 
3624 1755 2509 1042 
3625 1045 2507 1756 
3626 1756 2510 1046 
3627 1759 2444 1058 
3628 2236 2507 1044 
3629 1043 2509 2236 
3630 1047 2510 2241 
3631 2446 2942 2531 
3632 2515 2531 1060 
3633 2241 2517 1048 
3634 2576 2963 2098 
3635 1051 2514 2240 
3636 2240 2520 1052 
3637 1049 2517 1757 
3638 1757 2514 1050 
3639 2245 2522 1056 
3640 1055 2516 2245 
3641 1053 2520 1758 
3642 2179 2995 1857 
3643 1758 2516 1054 
3644 1057 2522 1759 
3645 1367 2423 1928 
3646 2478 2512 1068 
3647 2512 2533 1069 
3648 2279 2281 2280 
3649 2288 2290 2289 
3650 2459 2519 1073 
3651 2028 2854 2105 
3652 1957 2411 1272 
3653 1061 2531 1760 
3654 1063 2529 2477 
3655 2519 2552 1074 
3656 2477 2532 1064 
3657 1760 2529 1062 
3658 1065 2532 1761 
3659 1763 2523 1076 
3660 2325 2424 1357 
3661 2523 2551 1077 
3662 1761 2535 1066 
3663 1070 2533 1762 
3664 1928 2404 1366 
3665 1762 2550 1071 
3666 2473 2528 1083 
3667 1765 2527 1086 
3668 1067 2535 2478 
3669 2528 2555 1084 
3670 1920 2384 1352 
3671 1072 2550 2459 
3672 1345 2394 1924 
3673 2527 2565 1087 
3674 1075 2552 1763 
3675 2176 2910 1419 
3676 1078 2551 2462 
3677 2462 2554 1079 
3678 1418 2910 2175 
3679 1828 2932 2333 
3680 2476 2534 1093 
3681 1080 2554 1764 
3682 1764 2556 1081 
3683 2534 2570 1094 
3684 1085 2555 1765 
3685 1082 2556 2473 
3686 1767 2546 1096 
3687 2340 2795 1938 
3688 2285 2816 1411 
3689 2546 2574 1097 
3690 1940 2423 1368 
3691 1338 2390 1806 
3692 2265 2953 1858 
3693 2294 2853 1400 
3694 1088 2565 2469 
3695 1924 2397 1344 
3696 2094 2553 1103 
3697 2469 2568 1089 
3698 2553 2577 1104 
3699 1806 2407 1337 
3700 1090 2568 1766 
3701 1092 2566 2476 
3702 1766 2566 1091 
3703 1769 2557 1106 
3704 1095 2570 1767 
3705 2826 2853 2294 
3706 2557 2580 1107 
3707 1923 2396 1342 
3708 2502 2929 1755 
3709 1770 2560 1111 
3710 1100 2571 1768 
3711 2334 2335 2177 
3712 1768 2575 1101 
3713 2326 2850 2324 
3714 1341 2396 2155 
3715 2099 2571 1099 
3716 1098 2574 2099 
3717 2560 2589 1112 
3718 1343 2397 1923 
3719 1102 2575 2094 
3720 2103 2569 1118 
3721 1105 2577 1769 
3722 2254 2849 1813 
3723 2569 2594 1119 
3724 1358 2426 2325 
3725 1772 2573 1121 
3726 1108 2580 2091 
3727 1110 2578 1770 
3728 2091 2578 1109 
3729 2573 2602 1122 
3730 2361 2923 2141 
3731 1771 2590 1116 
3732 1115 2579 1771 
3733 1369 2434 1940 
3734 2102 2579 1114 
3735 1117 2590 2103 
3736 1365 2404 2319 
3737 1113 2589 2102 
3738 1360 2391 1805 
3739 2112 2791 2633 
3740 1120 2594 1772 
3741 2141 2923 2645 
3742 1125 2595 1773 
3743 1130 2597 1774 
3744 1776 2581 1141 
3745 1805 2426 1359 
3746 1123 2602 2077 
3747 2077 2595 1124 
3748 1778 2582 1153 
3749 2092 2597 1129 
3750 2581 2625 1142 
3751 2046 2592 1144 
3752 1271 2585 1957 
3753 2592 2622 1145 
3754 1361 2433 2391 
3755 2303 2801 2327 
3756 2593 2623 1151 
3757 2040 2593 1150 
3758 2582 2636 1154 
3759 1881 2965 2837 
3760 2095 2618 1134 
3761 1137 2617 2070 
3762 2037 2598 1156 
3763 1135 2618 1775 
3764 1775 2617 1136 
3765 1779 2607 1159 
3766 2598 2638 1157 
3767 2607 2639 1160 
3768 2035 2609 1162 
3769 1146 2622 1777 
3770 1152 2623 1778 
3771 2609 2640 1163 
3772 1780 2612 1165 
3773 1143 2625 2046 
3774 2013 2771 2005 
3775 1781 2615 1171 
3776 2483 3001 2468 
3777 1336 2407 2145 
3778 2612 2648 1166 
3779 2619 2641 1169 
3780 2393 2947 2325 
3781 2030 2619 1168 
3782 2319 2431 1364 
3783 2316 2433 1362 
3784 1155 2636 2037 
3785 2615 2651 1172 
3786 1363 2431 2316 
3787 1939 2434 1370 
3788 2027 2624 1174 
3789 1158 2638 1779 
3790 1958 2585 1270 
3791 2624 2658 1175 
3792 1161 2639 2035 
3793 1782 2627 1177 
3794 1164 2640 1780 
3795 1783 2628 1183 
3796 1170 2641 1781 
3797 2627 2663 1178 
3798 2021 2631 1180 
3799 1784 2629 1189 
3800 1247 2852 1972 
3801 2631 2660 1181 
3802 1872 2848 1876 
3803 2628 2664 1184 
3804 2635 2661 1187 
3805 2015 2635 1186 
3806 2629 2669 1190 
3807 1774 2857 1131 
3808 2637 2662 1193 
3809 1167 2648 2030 
3810 2012 2637 1192 
3811 1173 2651 2027 
3812 2003 2642 1199 
3813 2499 2823 2498 
3814 2006 2643 1206 
3815 2642 2677 1200 
3816 1176 2658 1782 
3817 2643 2691 1207 
3818 1371 2438 1939 
3819 1964 2668 1264 
3820 1182 2660 1783 
3821 1787 2646 1209 
3822 1179 2663 2021 
3823 1188 2661 1784 
3824 1785 2665 1195 
3825 1788 2647 1216 
3826 2490 2885 2466 
3827 1194 2662 1785 
3828 2646 2712 1210 
3829 1185 2664 2015 
3830 1265 2668 2107 
3831 2647 2722 1217 
3832 1196 2665 2004 
3833 1263 2653 1964 
3834 2038 2903 2041 
3835 1856 2820 2116 
3836 1375 2400 1832 
3837 2004 2671 1197 
3838 1191 2669 2012 
3839 2790 2871 2185 
3840 1269 2649 1958 
3841 1198 2671 2003 
3842 1205 2672 2006 
3843 2007 2672 1204 
3844 1832 2437 1374 
3845 1777 2860 1147 
3846 1203 2673 2007 
3847 2534 2935 2549 
3848 1201 2677 1786 
3849 1968 2710 1256 
3850 1786 2673 1202 
3851 2312 2438 1372 
3852 1373 2437 2312 
3853 1208 2691 1787 
3854 1257 2710 2122 
3855 1255 2676 1968 
3856 2837 2965 1807 
3857 2107 2745 1266 
3858 1215 2692 1788 
3859 1972 2715 1248 
3860 1965 2653 1262 
3861 1789 2713 1223 
3862 2538 2692 1214 
3863 1222 2693 1789 
3864 1213 2711 2538 
3865 1211 2712 1996 
3866 1996 2711 1212 
3867 1224 2713 2001 
3868 2542 2693 1221 
3869 1249 2715 2126 
3870 1420 2367 2176 
3871 1220 2714 2542 
3872 1218 2722 1993 
3873 1969 2676 1254 
3874 2001 2736 1225 
3875 1993 2714 1219 
3876 1133 2874 2095 
3877 1981 2731 1240 
3878 1226 2736 2000 
3879 1241 2731 2720 
3880 2055 2738 1233 
3881 2126 2743 1250 
3882 1232 2734 2055 
3883 1239 2724 1981 
3884 2122 2744 1258 
3885 1234 2738 2702 
3886 2000 2740 1227 
3887 1253 2729 1969 
3888 2720 2742 1242 
3889 1245 2737 1973 
3890 2702 2741 1235 
3891 1231 2735 2734 
3892 1228 2740 2739 
3893 2281 2283 2282 
3894 1229 2739 1790 
3895 1238 2725 2724 
3896 1261 2730 1965 
3897 1790 2735 1230 
3898 1251 2743 1793 
3899 1973 2852 1246 
3900 1793 2729 1252 
3901 1243 2742 1792 
3902 1792 2737 1244 
3903 1236 2741 1791 
3904 1791 2725 1237 
3905 1376 2503 2400 
3906 2553 2937 2559 
3907 1795 2649 1268 
3908 2315 2337 2321 
3909 1267 2745 1795 
3910 1259 2744 1794 
3911 1794 2730 1260 
3912 2276 2898 2177 
3913 1773 2875 1126 
3914 1422 2382 1934 
3915 1378 2410 2301 
3916 2293 2751 2750 
3917 1149 2882 2040 
3918 2301 2503 1377 
3919 2857 2874 1132 
3920 1379 2508 2410 
3921 2179 2800 1910 
3922 2494 2555 2528 
3923 1381 2415 1937 
3924 1752 2436 2435 
3925 1937 2508 1380 
3926 1934 2367 1421 
3927 2746 2900 2606 
3928 2164 2904 2165 
3929 2505 2985 2504 
3930 1382 2564 2415 
3931 1808 2902 2381 
3932 2180 2856 2181 
3933 2860 2882 1148 
3934 1399 2853 1931 
3935 2405 2406 2318 
3936 2355 2981 2043 
3937 1140 2891 1776 
3938 2066 2766 2067 
3939 2145 2754 1335 
3940 2299 2564 1383 
3941 1384 2428 2299 
3942 2775 2776 1865 
3943 2679 2883 2684 
3944 1128 2920 2092 
3945 2869 2870 1836 
3946 2494 2960 2484 
3947 1990 2844 1988 
3948 2536 2971 2371 
3949 2351 2352 2149 
3950 2287 2288 2283 
3951 2440 2441 1753 
3952 2360 2841 1810 
3953 1385 2650 2428 
3954 1931 2853 2826 
3955 1811 2855 2347 
3956 1748 2962 2267 
3957 2784 2958 2696 
3958 2500 2501 2232 
3959 1951 2877 1406 
3960 1756 2511 2510 
3961 2627 2949 2633 
3962 1952 2603 1392 
3963 1401 2749 2294 
3964 2517 2518 1757 
3965 1388 2634 2497 
3966 2240 2521 2520 
3967 1393 2747 1952 
3968 1387 2497 1844 
3969 1390 2616 1953 
3970 2097 3005 2100 
3971 1953 2634 1389 
3972 1844 2650 1386 
3973 2680 2956 2689 
3974 2052 2832 2049 
3975 1759 2445 2444 
3976 2411 2412 1959 
3977 1760 2530 2529 
3978 2733 2924 2719 
3979 2603 2616 1391 
3980 2532 2840 1761 
3981 1992 2843 1990 
3982 2061 2621 2620 
3983 2535 2831 2478 
3984 2159 2918 2010 
3985 1762 2813 2550 
3986 2070 2993 1138 
3987 1763 2524 2523 
3988 2566 2567 2476 
3989 2365 2894 2163 
3990 1767 2547 2546 
3991 2746 2747 1394 
3992 2284 2769 28 
3993 2575 2576 2094 
3994 2429 2781 2418 
3995 2875 2920 1127 
3996 2509 2890 2236 
3997 2695 2958 2001 
3998 1769 2558 2557 
3999 2293 2749 1402 
4000 1797 2932 1828 
4001 1760 2942 2530 
4002 2760 2761 2482 
4003 2306 2746 1395 
4004 2379 2748 2262 
4005 2073 2766 2069 
4006 1874 2848 1872 
4007 1853 2870 2869 
4008 2595 2596 1773 
4009 2762 2885 1855 
4010 2748 2805 2262 
4011 2100 2572 2548 
4012 2567 2935 2476 
4013 2625 2626 2046 
4014 1901 2914 2439 
4015 2888 2889 1941 
4016 1958 2586 2585 
4017 2391 2392 1805 
4018 1778 2583 2582 
4019 2819 2845 1828 
4020 2082 2925 2080 
4021 2576 2937 2094 
4022 2593 2978 2349 
4023 1978 2630 1975 
4024 2651 2652 2027 
4025 2431 2432 2316 
4026 2888 2939 2425 
4027 2658 2659 1782 
4028 2273 2897 2274 
4029 1806 2408 2407 
4030 2789 2994 1860 
4031 2660 2838 1783 
4032 1809 2351 1300 
4033 1407 2765 1951 
4034 2353 2845 2819 
4035 2664 2790 2015 
4036 2661 2787 1784 
4037 2021 2632 2631 
4038 2669 2670 2012 
4039 2665 2666 2004 
4040 1935 2273 2272 
4041 2003 2933 2642 
4042 1786 2674 2673 
4043 1965 2654 2653 
4044 2672 2757 2006 
4045 2691 2763 1787 
4046 2587 2969 2586 
4047 2692 2864 1788 
4048 1972 2716 2715 
4049 2693 2694 1789 
4050 1793 2764 2729 
4051 2724 2772 1981 
4052 2731 2732 2720 
4053 2647 2723 2722 
4054 2736 2784 2000 
4055 2739 2884 1790 
4056 1791 2726 2725 
4057 1860 1861 1821 
4058 1862 1863 1861 
4059 1403 2758 2293 
4060 2176 2974 2332 
4061 2175 2279 2278 
4062 2438 2773 1939 
4063 2043 2981 2814 
4064 1812 2893 2331 
4065 2269 2855 1811 
4066 2343 2344 1845 
4067 2762 2899 1854 
4068 1896 2820 1897 
4069 2400 2401 1832 
4070 2267 2962 2360 
4071 1334 2754 1825 
4072 2452 2760 2482 
4073 1396 2913 2306 
4074 2495 3002 2565 
4075 2690 2825 2815 
4076 2703 2967 1989 
4077 2410 2811 2301 
4078 2110 3003 2064 
4079 2173 2880 2277 
4080 2197 2766 2073 
4081 2162 2934 2161 
4082 2659 2949 1782 
4083 2415 2416 1937 
4084 2682 2758 1404 
4085 2912 2913 1397 
4086 1936 2795 2340 
4087 1139 2993 2891 
4088 1825 2644 1333 
4089 2002 2847 2368 
4090 1879 2965 1881 
4091 2580 2944 2091 
4092 2360 2962 2215 
4093 1893 2793 2195 
4094 2160 2771 2013 
4095 2422 2895 2071 
4096 1988 2975 1987 
4097 2759 2962 1748 
4098 1824 2951 2872 
4099 2127 2843 1997 
4100 2332 2910 2176 
4101 2774 2897 2174 
4102 1321 1818 1320 
4103 1813 2849 2250 
4104 2385 3003 2110 
4105 2484 2960 2496 
4106 2793 2794 2195 
4107 2703 2972 2700 
4108 2063 3000 2846 
4109 2644 2768 1332 
4110 1851 2926 2892 
4111 1942 2909 2908 
4112 2402 2957 2312 
4113 2752 2970 2086 
4114 1405 2877 2682 
4115 1755 2929 2509 
4116 2509 2929 2890 
4117 2808 2872 1827 
4118 2851 2967 1999 
4119 2286 2765 1408 
4120 1910 2800 1908 
4121 2893 2901 2263 
4122 1305 1814 1304 
4123 2358 2901 1812 
4124 2908 2909 1929 
4125 1967 2907 1963 
4126 2347 2896 1750 
4127 2001 2958 2736 
4128 2182 2849 2254 
4129 2288 2827 2290 
4130 1917 2805 2748 
4131 2946 2955 2305 
4132 2844 2975 1988 
4133 2331 2893 2759 
4134 2701 2866 2709 
4135 2263 2999 2893 
4136 2096 2869 2117 
4137 2465 3001 2483 
4138 2165 2934 2162 
4139 2293 2750 2749 
4140 1925 2927 1919 
4141 2336 2862 2171 
4142 2249 2916 1744 
4143 2867 2881 1846 
4144 1945 2931 2919 
4145 1862 2829 1863 
4146 2408 2996 2407 
4147 2736 2958 2784 
4148 2295 2917 2297 
4149 2306 2900 2746 
4150 2816 2878 2284 
4151 1997 2843 1992 
4152 2872 2951 1827 
4153 1897 2876 1889 
4154 2820 2822 1897 
4155 1889 2876 1890 
4156 2549 2935 2481 
4157 2252 2988 2253 
4158 2777 2808 1827 
4159 1409 2769 2286 
4160 2072 2895 2341 
4161 2378 2901 2358 
4162 1775 2945 2617 
4163 1823 2932 1746 
4164 2806 2903 2044 
4165 1331 2768 1822 
4166 2797 2930 2383 
4167 1319 1820 1318 
4168 2559 2921 2558 
4169 1301 2770 1809 
4170 1744 2916 2378 
4171 1797 1828 1814 
4172 2065 2832 2052 
4173 1750 2922 2375 
4174 2194 2925 2082 
4175 1922 2959 2939 
4176 2057 2611 2610 
4177 2383 2930 2390 
4178 2783 2965 1879 
4179 2773 2957 2310 
4180 2312 2957 2438 
4181 2263 2901 2378 
4182 1822 2777 1330 
4183 1817 1823 1746 
4184 1745 2856 2180 
4185 2925 2926 1851 
4186 1327 2951 1824 
4187 2168 2969 2587 
4188 2049 2832 2058 
4189 2605 2823 2499 
4190 2294 2989 2826 
4191 1890 2876 2793 
4192 2843 2844 1990 
4193 1929 2931 2908 
4194 2438 2957 2773 
4195 2250 2916 2249 
4196 2110 2846 2386 
4197 1329 2777 1827 
4198 2434 2998 1940 
4199 2919 2931 1926 
4200 2375 2922 2376 
4201 2381 2992 2394 
4202 2959 2980 1955 
4203 2675 2933 2159 
4204 2890 2929 2242 
4205 2253 2856 1745 
4206 2342 2936 2075 
4207 2371 2971 2763 
4208 2158 2614 2613 
4209 2788 2834 1831 
4210 2277 2897 2273 
4211 1963 2907 2363 
4212 1827 2951 1328 
4213 1987 2975 2260 
4214 1862 2994 2830 
4215 2855 2896 2347 
4216 2781 2976 2418 
4217 2893 2999 2759 
4218 2750 2989 2749 
4219 1974 2907 1967 
4220 1812 2901 2893 
4221 2332 2950 2279 
4222 1316 1819 1315 
4223 2504 2985 1754 
4224 1826 2789 1323 
4225 2131 2871 2790 
4226 2902 2992 2381 
4227 2040 2978 2593 
4228 2867 2961 2060 
4229 2086 2970 2084 
4230 2528 2960 2494 
4231 1855 2885 2490 
4232 2833 2834 2788 
4233 2473 2960 2528 
4234 2346 2968 2345 
4235 2068 3003 2385 
4236 1919 2927 2062 
4237 1947 2927 1925 
4238 2297 2917 2302 
4239 2565 3002 2469 
4240 2801 2943 2307 
4241 2559 2937 2093 
4242 2749 2989 2294 
4243 2215 2962 2759 
4244 2060 2961 2127 
4245 2093 2921 2559 
4246 2956 2982 2292 
4247 2344 2968 2346 
4248 2130 2922 2896 
4249 2896 2922 1750 
4250 1833 2975 2844 
4251 2084 2970 2194 
4252 2704 2972 2054 
4253 2247 2985 2505 
4254 1314 1829 1313 
4255 1747 2770 1302 
4256 2409 2996 2143 
4257 2163 2894 2398 
4258 2149 2988 2252 
4259 2279 2950 2281 
4260 2596 2990 1773 
4261 2825 2913 2912 
4262 2892 2926 1850 
4263 1828 2845 1814 
4264 1839 2954 2794 
4265 1773 2990 2875 
4266 2194 2926 2925 
4267 1310 1746 1309 
4268 2414 2622 2592 
4269 2352 2988 2149 
4270 1312 1817 1311 
4271 1922 2939 2938 
4272 1308 1830 1307 
4273 2303 2943 2801 
4274 2342 2990 2936 
4275 2296 2955 2946 
4276 1846 2961 2867 
4277 2422 2874 2857 
4278 2350 2882 2860 
4279 1306 1797 26 
4280 2342 2920 2875 
4281 2891 2993 2386 
4282 2814 2981 1847 
4283 2953 2954 1858 
4284 2936 2990 2596 
4285 1918 2980 2959 
4286 2875 2990 2342 
4287 9 2995 134 
4288 1315 1829 1314 
4289 1317 1819 1316 
4290 1320 1820 1319 
4291 1322 1818 1321 
4292 118 2822 8 
4293 8 1856 1011 
4294 8 2822 1856 
4295 1012 25 1002 
4296 26 1797 1305 
4297 1865 2776 133 
4298 1002 1905 1012 
4299 1304 1814 1303 
4300 1318 1820 1317 
4301 1325 2842 1324 
4302 2364 2868 1843 
4303 2376 2427 1892 
4304 1943 2748 2380 
4305 2029 2043 2026 
4306 2034 2042 2032 
4307 2047 2583 2349 
4308 2067 2832 2065 
4309 2080 2196 2078 
4310 2362 2602 2573 
4311 2706 2733 2707 
2 4 3 1269
4312 7 988 3006 116 
4313 988 987 3007 3006 
4314 987 986 3008 3007 
4315 986 985 3009 3008 
4316 985 984 3010 3009 
4317 984 983 3011 3010 
4318 983 982 3012 3011 
4319 982 981 3013 3012 
4320 981 980 3014 3013 
4321 980 979 3015 3014 
4322 979 978 3016 3015 
4323 978 977 3017 3016 
4324 977 976 3018 3017 
4325 976 975 3019 3018 
4326 975 974 3020 3019 
4327 974 973 3021 3020 
4328 973 972 3022 3021 
4329 972 971 3023 3022 
4330 971 970 3024 3023 
4331 970 969 3025 3024 
4332 969 968 3026 3025 
4333 968 967 3027 3026 
4334 967 966 3028 3027 
4335 966 965 3029 3028 
4336 965 964 3030 3029 
4337 964 963 3031 3030 
4338 963 962 3032 3031 
4339 962 961 3033 3032 
4340 961 960 3034 3033 
4341 960 959 3035 3034 
4342 959 958 3036 3035 
4343 958 957 3037 3036 
4344 957 956 3038 3037 
4345 956 955 3039 3038 
4346 955 954 3040 3039 
4347 954 953 3041 3040 
4348 953 952 3042 3041 
4349 952 951 3043 3042 
4350 951 950 3044 3043 
4351 950 949 3045 3044 
4352 949 948 3046 3045 
4353 948 947 3047 3046 
4354 947 946 3048 3047 
4355 946 945 3049 3048 
4356 945 944 3050 3049 
4357 944 943 3051 3050 
4358 943 942 3052 3051 
4359 942 941 3053 3052 
4360 941 940 3054 3053 
4361 940 939 3055 3054 
4362 939 938 3056 3055 
4363 938 937 3057 3056 
4364 937 936 3058 3057 
4365 936 935 3059 3058 
4366 935 934 3060 3059 
4367 934 933 3061 3060 
4368 933 932 3062 3061 
4369 932 931 3063 3062 
4370 931 930 3064 3063 
4371 930 929 3065 3064 
4372 929 928 3066 3065 
4373 928 927 3067 3066 
4374 927 926 3068 3067 
4375 926 925 3069 3068 
4376 925 924 3070 3069 
4377 924 923 3071 3070 
4378 923 922 3072 3071 
4379 922 921 3073 3072 
4380 921 920 3074 3073 
4381 920 919 3075 3074 
4382 919 918 3076 3075 
4383 918 917 3077 3076 
4384 917 916 3078 3077 
4385 916 915 3079 3078 
4386 915 914 3080 3079 
4387 914 913 3081 3080 
4388 913 912 3082 3081 
4389 912 911 3083 3082 
4390 911 910 3084 3083 
4391 910 909 3085 3084 
4392 909 908 3086 3085 
4393 908 907 3087 3086 
4394 907 906 3088 3087 
4395 906 905 3089 3088 
4396 905 904 3090 3089 
4397 904 903 3091 3090 
4398 903 902 3092 3091 
4399 902 901 3093 3092 
4400 901 900 3094 3093 
4401 900 899 3095 3094 
4402 899 898 3096 3095 
4403 898 897 3097 3096 
4404 897 896 3098 3097 
4405 896 895 3099 3098 
4406 895 894 3100 3099 
4407 894 893 3101 3100 
4408 893 892 3102 3101 
4409 892 891 3103 3102 
4410 891 890 3104 3103 
4411 890 889 3105 3104 
4412 889 888 3106 3105 
4413 888 887 3107 3106 
4414 887 886 3108 3107 
4415 886 885 3109 3108 
4416 885 884 3110 3109 
4417 884 883 3111 3110 
4418 883 882 3112 3111 
4419 882 881 3113 3112 
4420 881 880 3114 3113 
4421 880 879 3115 3114 
4422 879 878 3116 3115 
4423 878 877 3117 3116 
4424 877 876 3118 3117 
4425 876 875 3119 3118 
4426 875 874 3120 3119 
4427 874 873 3121 3120 
4428 873 872 3122 3121 
4429 872 871 3123 3122 
4430 871 870 3124 3123 
4431 870 869 3125 3124 
4432 869 868 3126 3125 
4433 868 867 3127 3126 
4434 867 866 3128 3127 
4435 866 865 3129 3128 
4436 865 864 3130 3129 
4437 864 863 3131 3130 
4438 863 862 3132 3131 
4439 862 861 3133 3132 
4440 861 860 3134 3133 
4441 860 859 3135 3134 
4442 859 858 3136 3135 
4443 858 857 3137 3136 
4444 857 856 3138 3137 
4445 856 855 3139 3138 
4446 855 854 3140 3139 
4447 854 853 3141 3140 
4448 853 852 3142 3141 
4449 852 851 3143 3142 
4450 851 850 3144 3143 
4451 850 849 3145 3144 
4452 849 848 3146 3145 
4453 848 847 3147 3146 
4454 847 846 3148 3147 
4455 846 845 3149 3148 
4456 845 844 3150 3149 
4457 844 843 3151 3150 
4458 843 842 3152 3151 
4459 842 841 3153 3152 
4460 841 840 3154 3153 
4461 840 839 3155 3154 
4462 839 838 3156 3155 
4463 838 837 3157 3156 
4464 837 836 3158 3157 
4465 836 835 3159 3158 
4466 835 834 3160 3159 
4467 834 833 3161 3160 
4468 833 832 3162 3161 
4469 832 831 3163 3162 
4470 831 830 3164 3163 
4471 830 829 3165 3164 
4472 829 828 3166 3165 
4473 828 827 3167 3166 
4474 827 826 3168 3167 
4475 826 825 3169 3168 
4476 825 824 3170 3169 
4477 824 823 3171 3170 
4478 823 822 3172 3171 
4479 822 821 3173 3172 
4480 821 820 3174 3173 
4481 820 819 3175 3174 
4482 819 818 3176 3175 
4483 818 817 3177 3176 
4484 817 816 3178 3177 
4485 816 815 3179 3178 
4486 815 814 3180 3179 
4487 814 813 3181 3180 
4488 813 812 3182 3181 
4489 812 811 3183 3182 
4490 811 810 3184 3183 
4491 810 809 3185 3184 
4492 809 808 3186 3185 
4493 808 807 3187 3186 
4494 807 806 3188 3187 
4495 806 805 3189 3188 
4496 805 804 3190 3189 
4497 804 803 3191 3190 
4498 803 802 3192 3191 
4499 802 801 3193 3192 
4500 801 800 3194 3193 
4501 800 799 3195 3194 
4502 799 798 3196 3195 
4503 798 797 3197 3196 
4504 797 796 3198 3197 
4505 796 795 3199 3198 
4506 795 794 3200 3199 
4507 794 793 3201 3200 
4508 793 792 3202 3201 
4509 792 791 3203 3202 
4510 791 790 3204 3203 
4511 790 789 3205 3204 
4512 789 788 3206 3205 
4513 788 787 3207 3206 
4514 787 786 3208 3207 
4515 786 785 3209 3208 
4516 785 784 3210 3209 
4517 784 783 3211 3210 
4518 783 782 3212 3211 
4519 782 781 3213 3212 
4520 781 780 3214 3213 
4521 780 779 3215 3214 
4522 779 778 3216 3215 
4523 778 777 3217 3216 
4524 777 776 3218 3217 
4525 776 775 3219 3218 
4526 775 774 3220 3219 
4527 774 773 3221 3220 
4528 773 772 3222 3221 
4529 772 771 3223 3222 
4530 771 770 3224 3223 
4531 770 769 3225 3224 
4532 769 768 3226 3225 
4533 768 767 3227 3226 
4534 767 766 3228 3227 
4535 766 765 3229 3228 
4536 765 764 3230 3229 
4537 764 763 3231 3230 
4538 763 762 3232 3231 
4539 762 761 3233 3232 
4540 761 760 3234 3233 
4541 760 759 3235 3234 
4542 759 758 3236 3235 
4543 758 757 3237 3236 
4544 757 756 3238 3237 
4545 756 755 3239 3238 
4546 755 754 3240 3239 
4547 754 753 3241 3240 
4548 753 752 3242 3241 
4549 752 751 3243 3242 
4550 751 750 3244 3243 
4551 750 749 3245 3244 
4552 749 748 3246 3245 
4553 748 747 3247 3246 
4554 747 746 3248 3247 
4555 746 745 3249 3248 
4556 745 744 3250 3249 
4557 744 743 3251 3250 
4558 743 742 3252 3251 
4559 742 741 3253 3252 
4560 741 740 3254 3253 
4561 740 739 3255 3254 
4562 739 738 3256 3255 
4563 738 737 3257 3256 
4564 737 736 3258 3257 
4565 736 735 3259 3258 
4566 735 734 3260 3259 
4567 734 733 3261 3260 
4568 733 732 3262 3261 
4569 732 731 3263 3262 
4570 731 730 3264 3263 
4571 730 729 3265 3264 
4572 729 728 3266 3265 
4573 728 727 3267 3266 
4574 727 726 3268 3267 
4575 726 21 3269 3268 
4576 21 229 3270 3269 
4577 229 228 3271 3270 
4578 228 227 3272 3271 
4579 227 226 3273 3272 
4580 226 225 3274 3273 
4581 225 224 3275 3274 
4582 224 223 3276 3275 
4583 223 222 3277 3276 
4584 222 221 3278 3277 
4585 221 220 3279 3278 
4586 220 219 3280 3279 
4587 219 218 3281 3280 
4588 218 217 3282 3281 
4589 217 216 3283 3282 
4590 216 215 3284 3283 
4591 215 214 3285 3284 
4592 214 213 3286 3285 
4593 213 212 3287 3286 
4594 212 211 3288 3287 
4595 211 12 3289 3288 
4596 12 451 3290 3289 
4597 451 450 3291 3290 
4598 450 449 3292 3291 
4599 449 448 3293 3292 
4600 448 447 3294 3293 
4601 447 446 3295 3294 
4602 446 445 3296 3295 
4603 445 444 3297 3296 
4604 444 443 3298 3297 
4605 443 442 3299 3298 
4606 442 441 3300 3299 
4607 441 440 3301 3300 
4608 440 439 3302 3301 
4609 439 438 3303 3302 
4610 438 437 3304 3303 
4611 437 436 3305 3304 
4612 436 435 3306 3305 
4613 435 434 3307 3306 
4614 434 433 3308 3307 
4615 433 432 3309 3308 
4616 432 431 3310 3309 
4617 431 430 3311 3310 
4618 430 429 3312 3311 
4619 429 428 3313 3312 
4620 428 427 3314 3313 
4621 427 426 3315 3314 
4622 426 425 3316 3315 
4623 425 424 3317 3316 
4624 424 423 3318 3317 
4625 423 422 3319 3318 
4626 422 421 3320 3319 
4627 421 420 3321 3320 
4628 420 419 3322 3321 
4629 419 418 3323 3322 
4630 418 417 3324 3323 
4631 417 416 3325 3324 
4632 416 415 3326 3325 
4633 415 414 3327 3326 
4634 414 413 3328 3327 
4635 413 412 3329 3328 
4636 412 411 3330 3329 
4637 411 410 3331 3330 
4638 410 409 3332 3331 
4639 409 408 3333 3332 
4640 408 407 3334 3333 
4641 407 406 3335 3334 
4642 406 405 3336 3335 
4643 405 404 3337 3336 
4644 404 403 3338 3337 
4645 403 402 3339 3338 
4646 402 401 3340 3339 
4647 401 400 3341 3340 
4648 400 399 3342 3341 
4649 399 398 3343 3342 
4650 398 397 3344 3343 
4651 397 396 3345 3344 
4652 396 395 3346 3345 
4653 395 394 3347 3346 
4654 394 14 3348 3347 
4655 14 210 3349 3348 
4656 210 209 3350 3349 
4657 209 208 3351 3350 
4658 208 207 3352 3351 
4659 207 206 3353 3352 
4660 206 205 3354 3353 
4661 205 204 3355 3354 
4662 204 203 3356 3355 
4663 203 202 3357 3356 
4664 202 201 3358 3357 
4665 201 200 3359 3358 
4666 200 199 3360 3359 
4667 199 198 3361 3360 
4668 198 197 3362 3361 
4669 197 196 3363 3362 
4670 196 195 3364 3363 
4671 195 194 3365 3364 
4672 194 193 3366 3365 
4673 193 192 3367 3366 
4674 192 191 3368 3367 
4675 191 190 3369 3368 
4676 190 189 3370 3369 
4677 189 188 3371 3370 
4678 188 187 3372 3371 
4679 187 186 3373 3372 
4680 186 185 3374 3373 
4681 185 184 3375 3374 
4682 184 183 3376 3375 
4683 183 182 3377 3376 
4684 182 181 3378 3377 
4685 181 180 3379 3378 
4686 180 179 3380 3379 
4687 179 178 3381 3380 
4688 178 177 3382 3381 
4689 177 176 3383 3382 
4690 176 175 3384 3383 
4691 175 174 3385 3384 
4692 174 173 3386 3385 
4693 173 172 3387 3386 
4694 172 171 3388 3387 
4695 171 170 3389 3388 
4696 170 169 3390 3389 
4697 169 168 3391 3390 
4698 168 167 3392 3391 
4699 167 166 3393 3392 
4700 166 165 3394 3393 
4701 165 11 3395 3394 
4702 11 999 3396 3395 
4703 999 998 3397 3396 
4704 998 997 3398 3397 
4705 997 996 3399 3398 
4706 996 995 3400 3399 
4707 995 994 3401 3400 
4708 994 993 3402 3401 
4709 993 992 3403 3402 
4710 992 991 3404 3403 
4711 991 990 3405 3404 
4712 990 989 3406 3405 
4713 989 19 3407 3406 
4714 19 164 3408 3407 
4715 164 163 3409 3408 
4716 163 162 3410 3409 
4717 162 161 3411 3410 
4718 161 160 3412 3411 
4719 160 159 3413 3412 
4720 159 158 3414 3413 
4721 158 157 3415 3414 
4722 157 156 3416 3415 
4723 156 155 3417 3416 
4724 155 154 3418 3417 
4725 154 153 3419 3418 
4726 153 152 3420 3419 
4727 152 151 3421 3420 
4728 151 150 3422 3421 
4729 150 149 3423 3422 
4730 149 148 3424 3423 
4731 148 147 3425 3424 
4732 147 146 3426 3425 
4733 146 145 3427 3426 
4734 145 10 1001 3427 
4735 116 3006 3428 117 
4736 3006 3007 3429 3428 
4737 3007 3008 3430 3429 
4738 3008 3009 3431 3430 
4739 3009 3010 3432 3431 
4740 3010 3011 3433 3432 
4741 3011 3012 3434 3433 
4742 3012 3013 3435 3434 
4743 3013 3014 3436 3435 
4744 3014 3015 3437 3436 
4745 3015 3016 3438 3437 
4746 3016 3017 3439 3438 
4747 3017 3018 3440 3439 
4748 3018 3019 3441 3440 
4749 3019 3020 3442 3441 
4750 3020 3021 3443 3442 
4751 3021 3022 3444 3443 
4752 3022 3023 3445 3444 
4753 3023 3024 3446 3445 
4754 3024 3025 3447 3446 
4755 3025 3026 3448 3447 
4756 3026 3027 3449 3448 
4757 3027 3028 3450 3449 
4758 3028 3029 3451 3450 
4759 3029 3030 3452 3451 
4760 3030 3031 3453 3452 
4761 3031 3032 3454 3453 
4762 3032 3033 3455 3454 
4763 3033 3034 3456 3455 
4764 3034 3035 3457 3456 
4765 3035 3036 3458 3457 
4766 3036 3037 3459 3458 
4767 3037 3038 3460 3459 
4768 3038 3039 3461 3460 
4769 3039 3040 3462 3461 
4770 3040 3041 3463 3462 
4771 3041 3042 3464 3463 
4772 3042 3043 3465 3464 
4773 3043 3044 3466 3465 
4774 3044 3045 3467 3466 
4775 3045 3046 3468 3467 
4776 3046 3047 3469 3468 
4777 3047 3048 3470 3469 
4778 3048 3049 3471 3470 
4779 3049 3050 3472 3471 
4780 3050 3051 3473 3472 
4781 3051 3052 3474 3473 
4782 3052 3053 3475 3474 
4783 3053 3054 3476 3475 
4784 3054 3055 3477 3476 
4785 3055 3056 3478 3477 
4786 3056 3057 3479 3478 
4787 3057 3058 3480 3479 
4788 3058 3059 3481 3480 
4789 3059 3060 3482 3481 
4790 3060 3061 3483 3482 
4791 3061 3062 3484 3483 
4792 3062 3063 3485 3484 
4793 3063 3064 3486 3485 
4794 3064 3065 3487 3486 
4795 3065 3066 3488 3487 
4796 3066 3067 3489 3488 
4797 3067 3068 3490 3489 
4798 3068 3069 3491 3490 
4799 3069 3070 3492 3491 
4800 3070 3071 3493 3492 
4801 3071 3072 3494 3493 
4802 3072 3073 3495 3494 
4803 3073 3074 3496 3495 
4804 3074 3075 3497 3496 
4805 3075 3076 3498 3497 
4806 3076 3077 3499 3498 
4807 3077 3078 3500 3499 
4808 3078 3079 3501 3500 
4809 3079 3080 3502 3501 
4810 3080 3081 3503 3502 
4811 3081 3082 3504 3503 
4812 3082 3083 3505 3504 
4813 3083 3084 3506 3505 
4814 3084 3085 3507 3506 
4815 3085 3086 3508 3507 
4816 3086 3087 3509 3508 
4817 3087 3088 3510 3509 
4818 3088 3089 3511 3510 
4819 3089 3090 3512 3511 
4820 3090 3091 3513 3512 
4821 3091 3092 3514 3513 
4822 3092 3093 3515 3514 
4823 3093 3094 3516 3515 
4824 3094 3095 3517 3516 
4825 3095 3096 3518 3517 
4826 3096 3097 3519 3518 
4827 3097 3098 3520 3519 
4828 3098 3099 3521 3520 
4829 3099 3100 3522 3521 
4830 3100 3101 3523 3522 
4831 3101 3102 3524 3523 
4832 3102 3103 3525 3524 
4833 3103 3104 3526 3525 
4834 3104 3105 3527 3526 
4835 3105 3106 3528 3527 
4836 3106 3107 3529 3528 
4837 3107 3108 3530 3529 
4838 3108 3109 3531 3530 
4839 3109 3110 3532 3531 
4840 3110 3111 3533 3532 
4841 3111 3112 3534 3533 
4842 3112 3113 3535 3534 
4843 3113 3114 3536 3535 
4844 3114 3115 3537 3536 
4845 3115 3116 3538 3537 
4846 3116 3117 3539 3538 
4847 3117 3118 3540 3539 
4848 3118 3119 3541 3540 
4849 3119 3120 3542 3541 
4850 3120 3121 3543 3542 
4851 3121 3122 3544 3543 
4852 3122 3123 3545 3544 
4853 3123 3124 3546 3545 
4854 3124 3125 3547 3546 
4855 3125 3126 3548 3547 
4856 3126 3127 3549 3548 
4857 3127 3128 3550 3549 
4858 3128 3129 3551 3550 
4859 3129 3130 3552 3551 
4860 3130 3131 3553 3552 
4861 3131 3132 3554 3553 
4862 3132 3133 3555 3554 
4863 3133 3134 3556 3555 
4864 3134 3135 3557 3556 
4865 3135 3136 3558 3557 
4866 3136 3137 3559 3558 
4867 3137 3138 3560 3559 
4868 3138 3139 3561 3560 
4869 3139 3140 3562 3561 
4870 3140 3141 3563 3562 
4871 3141 3142 3564 3563 
4872 3142 3143 3565 3564 
4873 3143 3144 3566 3565 
4874 3144 3145 3567 3566 
4875 3145 3146 3568 3567 
4876 3146 3147 3569 3568 
4877 3147 3148 3570 3569 
4878 3148 3149 3571 3570 
4879 3149 3150 3572 3571 
4880 3150 3151 3573 3572 
4881 3151 3152 3574 3573 
4882 3152 3153 3575 3574 
4883 3153 3154 3576 3575 
4884 3154 3155 3577 3576 
4885 3155 3156 3578 3577 
4886 3156 3157 3579 3578 
4887 3157 3158 3580 3579 
4888 3158 3159 3581 3580 
4889 3159 3160 3582 3581 
4890 3160 3161 3583 3582 
4891 3161 3162 3584 3583 
4892 3162 3163 3585 3584 
4893 3163 3164 3586 3585 
4894 3164 3165 3587 3586 
4895 3165 3166 3588 3587 
4896 3166 3167 3589 3588 
4897 3167 3168 3590 3589 
4898 3168 3169 3591 3590 
4899 3169 3170 3592 3591 
4900 3170 3171 3593 3592 
4901 3171 3172 3594 3593 
4902 3172 3173 3595 3594 
4903 3173 3174 3596 3595 
4904 3174 3175 3597 3596 
4905 3175 3176 3598 3597 
4906 3176 3177 3599 3598 
4907 3177 3178 3600 3599 
4908 3178 3179 3601 3600 
4909 3179 3180 3602 3601 
4910 3180 3181 3603 3602 
4911 3181 3182 3604 3603 
4912 3182 3183 3605 3604 
4913 3183 3184 3606 3605 
4914 3184 3185 3607 3606 
4915 3185 3186 3608 3607 
4916 3186 3187 3609 3608 
4917 3187 3188 3610 3609 
4918 3188 3189 3611 3610 
4919 3189 3190 3612 3611 
4920 3190 3191 3613 3612 
4921 3191 3192 3614 3613 
4922 3192 3193 3615 3614 
4923 3193 3194 3616 3615 
4924 3194 3195 3617 3616 
4925 3195 3196 3618 3617 
4926 3196 3197 3619 3618 
4927 3197 3198 3620 3619 
4928 3198 3199 3621 3620 
4929 3199 3200 3622 3621 
4930 3200 3201 3623 3622 
4931 3201 3202 3624 3623 
4932 3202 3203 3625 3624 
4933 3203 3204 3626 3625 
4934 3204 3205 3627 3626 
4935 3205 3206 3628 3627 
4936 3206 3207 3629 3628 
4937 3207 3208 3630 3629 
4938 3208 3209 3631 3630 
4939 3209 3210 3632 3631 
4940 3210 3211 3633 3632 
4941 3211 3212 3634 3633 
4942 3212 3213 3635 3634 
4943 3213 3214 3636 3635 
4944 3214 3215 3637 3636 
4945 3215 3216 3638 3637 
4946 3216 3217 3639 3638 
4947 3217 3218 3640 3639 
4948 3218 3219 3641 3640 
4949 3219 3220 3642 3641 
4950 3220 3221 3643 3642 
4951 3221 3222 3644 3643 
4952 3222 3223 3645 3644 
4953 3223 3224 3646 3645 
4954 3224 3225 3647 3646 
4955 3225 3226 3648 3647 
4956 3226 3227 3649 3648 
4957 3227 3228 3650 3649 
4958 3228 3229 3651 3650 
4959 3229 3230 3652 3651 
4960 3230 3231 3653 3652 
4961 3231 3232 3654 3653 
4962 3232 3233 3655 3654 
4963 3233 3234 3656 3655 
4964 3234 3235 3657 3656 
4965 3235 3236 3658 3657 
4966 3236 3237 3659 3658 
4967 3237 3238 3660 3659 
4968 3238 3239 3661 3660 
4969 3239 3240 3662 3661 
4970 3240 3241 3663 3662 
4971 3241 3242 3664 3663 
4972 3242 3243 3665 3664 
4973 3243 3244 3666 3665 
4974 3244 3245 3667 3666 
4975 3245 3246 3668 3667 
4976 3246 3247 3669 3668 
4977 3247 3248 3670 3669 
4978 3248 3249 3671 3670 
4979 3249 3250 3672 3671 
4980 3250 3251 3673 3672 
4981 3251 3252 3674 3673 
4982 3252 3253 3675 3674 
4983 3253 3254 3676 3675 
4984 3254 3255 3677 3676 
4985 3255 3256 3678 3677 
4986 3256 3257 3679 3678 
4987 3257 3258 3680 3679 
4988 3258 3259 3681 3680 
4989 3259 3260 3682 3681 
4990 3260 3261 3683 3682 
4991 3261 3262 3684 3683 
4992 3262 3263 3685 3684 
4993 3263 3264 3686 3685 
4994 3264 3265 3687 3686 
4995 3265 3266 3688 3687 
4996 3266 3267 3689 3688 
4997 3267 3268 3690 3689 
4998 3268 3269 3691 3690 
4999 3269 3270 3692 3691 
5000 3270 3271 3693 3692 
5001 3271 3272 3694 3693 
5002 3272 3273 3695 3694 
5003 3273 3274 3696 3695 
5004 3274 3275 3697 3696 
5005 3275 3276 3698 3697 
5006 3276 3277 3699 3698 
5007 3277 3278 3700 3699 
5008 3278 3279 3701 3700 
5009 3279 3280 3702 3701 
5010 3280 3281 3703 3702 
5011 3281 3282 3704 3703 
5012 3282 3283 3705 3704 
5013 3283 3284 3706 3705 
5014 3284 3285 3707 3706 
5015 3285 3286 3708 3707 
5016 3286 3287 3709 3708 
5017 3287 3288 3710 3709 
5018 3288 3289 3711 3710 
5019 3289 3290 3712 3711 
5020 3290 3291 3713 3712 
5021 3291 3292 3714 3713 
5022 3292 3293 3715 3714 
5023 3293 3294 3716 3715 
5024 3294 3295 3717 3716 
5025 3295 3296 3718 3717 
5026 3296 3297 3719 3718 
5027 3297 3298 3720 3719 
5028 3298 3299 3721 3720 
5029 3299 3300 3722 3721 
5030 3300 3301 3723 3722 
5031 3301 3302 3724 3723 
5032 3302 3303 3725 3724 
5033 3303 3304 3726 3725 
5034 3304 3305 3727 3726 
5035 3305 3306 3728 3727 
5036 3306 3307 3729 3728 
5037 3307 3308 3730 3729 
5038 3308 3309 3731 3730 
5039 3309 3310 3732 3731 
5040 3310 3311 3733 3732 
5041 3311 3312 3734 3733 
5042 3312 3313 3735 3734 
5043 3313 3314 3736 3735 
5044 3314 3315 3737 3736 
5045 3315 3316 3738 3737 
5046 3316 3317 3739 3738 
5047 3317 3318 3740 3739 
5048 3318 3319 3741 3740 
5049 3319 3320 3742 3741 
5050 3320 3321 3743 3742 
5051 3321 3322 3744 3743 
5052 3322 3323 3745 3744 
5053 3323 3324 3746 3745 
5054 3324 3325 3747 3746 
5055 3325 3326 3748 3747 
5056 3326 3327 3749 3748 
5057 3327 3328 3750 3749 
5058 3328 3329 3751 3750 
5059 3329 3330 3752 3751 
5060 3330 3331 3753 3752 
5061 3331 3332 3754 3753 
5062 3332 3333 3755 3754 
5063 3333 3334 3756 3755 
5064 3334 3335 3757 3756 
5065 3335 3336 3758 3757 
5066 3336 3337 3759 3758 
5067 3337 3338 3760 3759 
5068 3338 3339 3761 3760 
5069 3339 3340 3762 3761 
5070 3340 3341 3763 3762 
5071 3341 3342 3764 3763 
5072 3342 3343 3765 3764 
5073 3343 3344 3766 3765 
5074 3344 3345 3767 3766 
5075 3345 3346 3768 3767 
5076 3346 3347 3769 3768 
5077 3347 3348 3770 3769 
5078 3348 3349 3771 3770 
5079 3349 3350 3772 3771 
5080 3350 3351 3773 3772 
5081 3351 3352 3774 3773 
5082 3352 3353 3775 3774 
5083 3353 3354 3776 3775 
5084 3354 3355 3777 3776 
5085 3355 3356 3778 3777 
5086 3356 3357 3779 3778 
5087 3357 3358 3780 3779 
5088 3358 3359 3781 3780 
5089 3359 3360 3782 3781 
5090 3360 3361 3783 3782 
5091 3361 3362 3784 3783 
5092 3362 3363 3785 3784 
5093 3363 3364 3786 3785 
5094 3364 3365 3787 3786 
5095 3365 3366 3788 3787 
5096 3366 3367 3789 3788 
5097 3367 3368 3790 3789 
5098 3368 3369 3791 3790 
5099 3369 3370 3792 3791 
5100 3370 3371 3793 3792 
5101 3371 3372 3794 3793 
5102 3372 3373 3795 3794 
5103 3373 3374 3796 3795 
5104 3374 3375 3797 3796 
5105 3375 3376 3798 3797 
5106 3376 3377 3799 3798 
5107 3377 3378 3800 3799 
5108 3378 3379 3801 3800 
5109 3379 3380 3802 3801 
5110 3380 3381 3803 3802 
5111 3381 3382 3804 3803 
5112 3382 3383 3805 3804 
5113 3383 3384 3806 3805 
5114 3384 3385 3807 3806 
5115 3385 3386 3808 3807 
5116 3386 3387 3809 3808 
5117 3387 3388 3810 3809 
5118 3388 3389 3811 3810 
5119 3389 3390 3812 3811 
5120 3390 3391 3813 3812 
5121 3391 3392 3814 3813 
5122 3392 3393 3815 3814 
5123 3393 3394 3816 3815 
5124 3394 3395 3817 3816 
5125 3395 3396 3818 3817 
5126 3396 3397 3819 3818 
5127 3397 3398 3820 3819 
5128 3398 3399 3821 3820 
5129 3399 3400 3822 3821 
5130 3400 3401 3823 3822 
5131 3401 3402 3824 3823 
5132 3402 3403 3825 3824 
5133 3403 3404 3826 3825 
5134 3404 3405 3827 3826 
5135 3405 3406 3828 3827 
5136 3406 3407 3829 3828 
5137 3407 3408 3830 3829 
5138 3408 3409 3831 3830 
5139 3409 3410 3832 3831 
5140 3410 3411 3833 3832 
5141 3411 3412 3834 3833 
5142 3412 3413 3835 3834 
5143 3413 3414 3836 3835 
5144 3414 3415 3837 3836 
5145 3415 3416 3838 3837 
5146 3416 3417 3839 3838 
5147 3417 3418 3840 3839 
5148 3418 3419 3841 3840 
5149 3419 3420 3842 3841 
5150 3420 3421 3843 3842 
5151 3421 3422 3844 3843 
5152 3422 3423 3845 3844 
5153 3423 3424 3846 3845 
5154 3424 3425 3847 3846 
5155 3425 3426 3848 3847 
5156 3426 3427 3849 3848 
5157 3427 1001 1000 3849 
5158 117 3428 1012 25 
5159 3428 3429 1013 1012 
5160 3429 3430 1014 1013 
5161 3430 3431 1015 1014 
5162 3431 3432 1016 1015 
5163 3432 3433 1017 1016 
5164 3433 3434 1018 1017 
5165 3434 3435 1019 1018 
5166 3435 3436 1020 1019 
5167 3436 3437 1021 1020 
5168 3437 3438 1022 1021 
5169 3438 3439 1023 1022 
5170 3439 3440 1024 1023 
5171 3440 3441 1025 1024 
5172 3441 3442 1026 1025 
5173 3442 3443 1027 1026 
5174 3443 3444 1028 1027 
5175 3444 3445 1029 1028 
5176 3445 3446 1030 1029 
5177 3446 3447 1031 1030 
5178 3447 3448 1032 1031 
5179 3448 3449 1033 1032 
5180 3449 3450 1034 1033 
5181 3450 3451 1035 1034 
5182 3451 3452 1036 1035 
5183 3452 3453 1037 1036 
5184 3453 3454 1038 1037 
5185 3454 3455 1039 1038 
5186 3455 3456 1040 1039 
5187 3456 3457 1041 1040 
5188 3457 3458 1042 1041 
5189 3458 3459 1043 1042 
5190 3459 3460 1044 1043 
5191 3460 3461 1045 1044 
5192 3461 3462 1046 1045 
5193 3462 3463 1047 1046 
5194 3463 3464 1048 1047 
5195 3464 3465 1049 1048 
5196 3465 3466 1050 1049 
5197 3466 3467 1051 1050 
5198 3467 3468 1052 1051 
5199 3468 3469 1053 1052 
5200 3469 3470 1054 1053 
5201 3470 3471 1055 1054 
5202 3471 3472 1056 1055 
5203 3472 3473 1057 1056 
5204 3473 3474 1058 1057 
5205 3474 3475 1059 1058 
5206 3475 3476 1060 1059 
5207 3476 3477 1061 1060 
5208 3477 3478 1062 1061 
5209 3478 3479 1063 1062 
5210 3479 3480 1064 1063 
5211 3480 3481 1065 1064 
5212 3481 3482 1066 1065 
5213 3482 3483 1067 1066 
5214 3483 3484 1068 1067 
5215 3484 3485 1069 1068 
5216 3485 3486 1070 1069 
5217 3486 3487 1071 1070 
5218 3487 3488 1072 1071 
5219 3488 3489 1073 1072 
5220 3489 3490 1074 1073 
5221 3490 3491 1075 1074 
5222 3491 3492 1076 1075 
5223 3492 3493 1077 1076 
5224 3493 3494 1078 1077 
5225 3494 3495 1079 1078 
5226 3495 3496 1080 1079 
5227 3496 3497 1081 1080 
5228 3497 3498 1082 1081 
5229 3498 3499 1083 1082 
5230 3499 3500 1084 1083 
5231 3500 3501 1085 1084 
5232 3501 3502 1086 1085 
5233 3502 3503 1087 1086 
5234 3503 3504 1088 1087 
5235 3504 3505 1089 1088 
5236 3505 3506 1090 1089 
5237 3506 3507 1091 1090 
5238 3507 3508 1092 1091 
5239 3508 3509 1093 1092 
5240 3509 3510 1094 1093 
5241 3510 3511 1095 1094 
5242 3511 3512 1096 1095 
5243 3512 3513 1097 1096 
5244 3513 3514 1098 1097 
5245 3514 3515 1099 1098 
5246 3515 3516 1100 1099 
5247 3516 3517 1101 1100 
5248 3517 3518 1102 1101 
5249 3518 3519 1103 1102 
5250 3519 3520 1104 1103 
5251 3520 3521 1105 1104 
5252 3521 3522 1106 1105 
5253 3522 3523 1107 1106 
5254 3523 3524 1108 1107 
5255 3524 3525 1109 1108 
5256 3525 3526 1110 1109 
5257 3526 3527 1111 1110 
5258 3527 3528 1112 1111 
5259 3528 3529 1113 1112 
5260 3529 3530 1114 1113 
5261 3530 3531 1115 1114 
5262 3531 3532 1116 1115 
5263 3532 3533 1117 1116 
5264 3533 3534 1118 1117 
5265 3534 3535 1119 1118 
5266 3535 3536 1120 1119 
5267 3536 3537 1121 1120 
5268 3537 3538 1122 1121 
5269 3538 3539 1123 1122 
5270 3539 3540 1124 1123 
5271 3540 3541 1125 1124 
5272 3541 3542 1126 1125 
5273 3542 3543 1127 1126 
5274 3543 3544 1128 1127 
5275 3544 3545 1129 1128 
5276 3545 3546 1130 1129 
5277 3546 3547 1131 1130 
5278 3547 3548 1132 1131 
5279 3548 3549 1133 1132 
5280 3549 3550 1134 1133 
5281 3550 3551 1135 1134 
5282 3551 3552 1136 1135 
5283 3552 3553 1137 1136 
5284 3553 3554 1138 1137 
5285 3554 3555 1139 1138 
5286 3555 3556 1140 1139 
5287 3556 3557 1141 1140 
5288 3557 3558 1142 1141 
5289 3558 3559 1143 1142 
5290 3559 3560 1144 1143 
5291 3560 3561 1145 1144 
5292 3561 3562 1146 1145 
5293 3562 3563 1147 1146 
5294 3563 3564 1148 1147 
5295 3564 3565 1149 1148 
5296 3565 3566 1150 1149 
5297 3566 3567 1151 1150 
5298 3567 3568 1152 1151 
5299 3568 3569 1153 1152 
5300 3569 3570 1154 1153 
5301 3570 3571 1155 1154 
5302 3571 3572 1156 1155 
5303 3572 3573 1157 1156 
5304 3573 3574 1158 1157 
5305 3574 3575 1159 1158 
5306 3575 3576 1160 1159 
5307 3576 3577 1161 1160 
5308 3577 3578 1162 1161 
5309 3578 3579 1163 1162 
5310 3579 3580 1164 1163 
5311 3580 3581 1165 1164 
5312 3581 3582 1166 1165 
5313 3582 3583 1167 1166 
5314 3583 3584 1168 1167 
5315 3584 3585 1169 1168 
5316 3585 3586 1170 1169 
5317 3586 3587 1171 1170 
5318 3587 3588 1172 1171 
5319 3588 3589 1173 1172 
5320 3589 3590 1174 1173 
5321 3590 3591 1175 1174 
5322 3591 3592 1176 1175 
5323 3592 3593 1177 1176 
5324 3593 3594 1178 1177 
5325 3594 3595 1179 1178 
5326 3595 3596 1180 1179 
5327 3596 3597 1181 1180 
5328 3597 3598 1182 1181 
5329 3598 3599 1183 1182 
5330 3599 3600 1184 1183 
5331 3600 3601 1185 1184 
5332 3601 3602 1186 1185 
5333 3602 3603 1187 1186 
5334 3603 3604 1188 1187 
5335 3604 3605 1189 1188 
5336 3605 3606 1190 1189 
5337 3606 3607 1191 1190 
5338 3607 3608 1192 1191 
5339 3608 3609 1193 1192 
5340 3609 3610 1194 1193 
5341 3610 3611 1195 1194 
5342 3611 3612 1196 1195 
5343 3612 3613 1197 1196 
5344 3613 3614 1198 1197 
5345 3614 3615 1199 1198 
5346 3615 3616 1200 1199 
5347 3616 3617 1201 1200 
5348 3617 3618 1202 1201 
5349 3618 3619 1203 1202 
5350 3619 3620 1204 1203 
5351 3620 3621 1205 1204 
5352 3621 3622 1206 1205 
5353 3622 3623 1207 1206 
5354 3623 3624 1208 1207 
5355 3624 3625 1209 1208 
5356 3625 3626 1210 1209 
5357 3626 3627 1211 1210 
5358 3627 3628 1212 1211 
5359 3628 3629 1213 1212 
5360 3629 3630 1214 1213 
5361 3630 3631 1215 1214 
5362 3631 3632 1216 1215 
5363 3632 3633 1217 1216 
5364 3633 3634 1218 1217 
5365 3634 3635 1219 1218 
5366 3635 3636 1220 1219 
5367 3636 3637 1221 1220 
5368 3637 3638 1222 1221 
5369 3638 3639 1223 1222 
5370 3639 3640 1224 1223 
5371 3640 3641 1225 1224 
5372 3641 3642 1226 1225 
5373 3642 3643 1227 1226 
5374 3643 3644 1228 1227 
5375 3644 3645 1229 1228 
5376 3645 3646 1230 1229 
5377 3646 3647 1231 1230 
5378 3647 3648 1232 1231 
5379 3648 3649 1233 1232 
5380 3649 3650 1234 1233 
5381 3650 3651 1235 1234 
5382 3651 3652 1236 1235 
5383 3652 3653 1237 1236 
5384 3653 3654 1238 1237 
5385 3654 3655 1239 1238 
5386 3655 3656 1240 1239 
5387 3656 3657 1241 1240 
5388 3657 3658 1242 1241 
5389 3658 3659 1243 1242 
5390 3659 3660 1244 1243 
5391 3660 3661 1245 1244 
5392 3661 3662 1246 1245 
5393 3662 3663 1247 1246 
5394 3663 3664 1248 1247 
5395 3664 3665 1249 1248 
5396 3665 3666 1250 1249 
5397 3666 3667 1251 1250 
5398 3667 3668 1252 1251 
5399 3668 3669 1253 1252 
5400 3669 3670 1254 1253 
5401 3670 3671 1255 1254 
5402 3671 3672 1256 1255 
5403 3672 3673 1257 1256 
5404 3673 3674 1258 1257 
5405 3674 3675 1259 1258 
5406 3675 3676 1260 1259 
5407 3676 3677 1261 1260 
5408 3677 3678 1262 1261 
5409 3678 3679 1263 1262 
5410 3679 3680 1264 1263 
5411 3680 3681 1265 1264 
5412 3681 3682 1266 1265 
5413 3682 3683 1267 1266 
5414 3683 3684 1268 1267 
5415 3684 3685 1269 1268 
5416 3685 3686 1270 1269 
5417 3686 3687 1271 1270 
5418 3687 3688 1272 1271 
5419 3688 3689 1273 1272 
5420 3689 3690 1274 1273 
5421 3690 3691 24 1274 
5422 3691 3692 1428 24 
5423 3692 3693 1427 1428 
5424 3693 3694 1426 1427 
5425 3694 3695 1425 1426 
5426 3695 3696 1424 1425 
5427 3696 3697 1423 1424 
5428 3697 3698 1422 1423 
5429 3698 3699 1421 1422 
5430 3699 3700 1420 1421 
5431 3700 3701 1419 1420 
5432 3701 3702 1418 1419 
5433 3702 3703 1417 1418 
5434 3703 3704 1416 1417 
5435 3704 3705 1415 1416 
5436 3705 3706 1414 1415 
5437 3706 3707 1413 1414 
5438 3707 3708 1412 1413 
5439 3708 3709 1411 1412 
5440 3709 3710 1410 1411 
5441 3710 3711 28 1410 
5442 3711 3712 1409 28 
5443 3712 3713 1408 1409 
5444 3713 3714 1407 1408 
5445 3714 3715 1406 1407 
5446 3715 3716 1405 1406 
5447 3716 3717 1404 1405 
5448 3717 3718 1403 1404 
5449 3718 3719 1402 1403 
5450 3719 3720 1401 1402 
5451 3720 3721 1400 1401 
5452 3721 3722 1399 1400 
5453 3722 3723 1398 1399 
5454 3723 3724 1397 1398 
5455 3724 3725 1396 1397 
5456 3725 3726 1395 1396 
5457 3726 3727 1394 1395 
5458 3727 3728 1393 1394 
5459 3728 3729 1392 1393 
5460 3729 3730 1391 1392 
5461 3730 3731 1390 1391 
5462 3731 3732 1389 1390 
5463 3732 3733 1388 1389 
5464 3733 3734 1387 1388 
5465 3734 3735 1386 1387 
5466 3735 3736 1385 1386 
5467 3736 3737 1384 1385 
5468 3737 3738 1383 1384 
5469 3738 3739 1382 1383 
5470 3739 3740 1381 1382 
5471 3740 3741 1380 1381 
5472 3741 3742 1379 1380 
5473 3742 3743 1378 1379 
5474 3743 3744 1377 1378 
5475 3744 3745 1376 1377 
5476 3745 3746 1375 1376 
5477 3746 3747 1374 1375 
5478 3747 3748 1373 1374 
5479 3748 3749 1372 1373 
5480 3749 3750 1371 1372 
5481 3750 3751 1370 1371 
5482 3751 3752 1369 1370 
5483 3752 3753 1368 1369 
5484 3753 3754 1367 1368 
5485 3754 3755 1366 1367 
5486 3755 3756 1365 1366 
5487 3756 3757 1364 1365 
5488 3757 3758 1363 1364 
5489 3758 3759 1362 1363 
5490 3759 3760 1361 1362 
5491 3760 3761 1360 1361 
5492 3761 3762 1359 1360 
5493 3762 3763 1358 1359 
5494 3763 3764 1357 1358 
5495 3764 3765 1356 1357 
5496 3765 3766 1355 1356 
5497 3766 3767 1354 1355 
5498 3767 3768 1353 1354 
5499 3768 3769 1352 1353 
5500 3769 3770 27 1352 
5501 3770 3771 1351 27 
5502 3771 3772 1350 1351 
5503 3772 3773 1349 1350 
5504 3773 3774 1348 1349 
5505 3774 3775 1347 1348 
5506 3775 3776 1346 1347 
5507 3776 3777 1345 1346 
5508 3777 3778 1344 1345 
5509 3778 3779 1343 1344 
5510 3779 3780 1342 1343 
5511 3780 3781 1341 1342 
5512 3781 3782 1340 1341 
5513 3782 3783 1339 1340 
5514 3783 3784 1338 1339 
5515 3784 3785 1337 1338 
5516 3785 3786 1336 1337 
5517 3786 3787 1335 1336 
5518 3787 3788 1334 1335 
5519 3788 3789 1333 1334 
5520 3789 3790 1332 1333 
5521 3790 3791 1331 1332 
5522 3791 3792 1330 1331 
5523 3792 3793 1329 1330 
5524 3793 3794 1328 1329 
5525 3794 3795 1327 1328 
5526 3795 3796 1326 1327 
5527 3796 3797 1325 1326 
5528 3797 3798 1324 1325 
5529 3798 3799 1323 1324 
5530 3799 3800 1322 1323 
5531 3800 3801 1321 1322 
5532 3801 3802 1320 1321 
5533 3802 3803 1319 1320 
5534 3803 3804 1318 1319 
5535 3804 3805 1317 1318 
5536 3805 3806 1316 1317 
5537 3806 3807 1315 1316 
5538 3807 3808 1314 1315 
5539 3808 3809 1313 1314 
5540 3809 3810 1312 1313 
5541 3810 3811 1311 1312 
5542 3811 3812 1310 1311 
5543 3812 3813 1309 1310 
5544 3813 3814 1308 1309 
5545 3814 3815 1307 1308 
5546 3815 3816 1306 1307 
5547 3816 3817 26 1306 
5548 3817 3818 1305 26 
5549 3818 3819 1304 1305 
5550 3819 3820 1303 1304 
5551 3820 3821 1302 1303 
5552 3821 3822 1301 1302 
5553 3822 3823 1300 1301 
5554 3823 3824 1299 1300 
5555 3824 3825 1298 1299 
5556 3825 3826 1297 1298 
5557 3826 3827 1296 1297 
5558 3827 3828 1295 1296 
5559 3828 3829 23 1295 
5560 3829 3830 1294 23 
5561 3830 3831 1293 1294 
5562 3831 3832 1292 1293 
5563 3832 3833 1291 1292 
5564 3833 3834 1290 1291 
5565 3834 3835 1289 1290 
5566 3835 3836 1288 1289 
5567 3836 3837 1287 1288 
5568 3837 3838 1286 1287 
5569 3838 3839 1285 1286 
5570 3839 3840 1284 1285 
5571 3840 3841 1283 1284 
5572 3841 3842 1282 1283 
5573 3842 3843 1281 1282 
5574 3843 3844 1280 1281 
5575 3844 3845 1279 1280 
5576 3845 3846 1278 1279 
5577 3846 3847 1277 1278 
5578 3847 3848 1276 1277 
5579 3848 3849 1275 1276 
5580 3849 1000 22 1275 
$EndElements
