$MeshFormat
4.1 0 8
$EndMeshFormat
$Entities
25 29 5 0
1 -100 0 0 0 
2 0 0 0 0 
3 0 -3.5 0 0 
4 20 -3.5 0 0 
5 20 0 0 0 
6 520 0 0 0 
7 520 0.25 0 0 
8 520 150 0 0 
9 -100 150 0 0 
10 -100 0.25 0 0 
11 0 0.25 0 0 
12 20 0.25 0 0 
13 10 0 0 0 
14 10 0.25 0 0 
15 0 -1.75 0 0 
16 10 -3.5 0 0 
17 20 -1.75 0 0 
18 -8 0 0 0 
19 -8 0.25 0 0 
20 28 0 0 0 
21 28 0.25 0 0 
22 -100 3.75 0 0 
23 -8 3.75 0 0 
24 28 3.75 0 0 
25 520 3.75 0 0 
1 -100 0 0 -8 0 0 1 4 2 1 -18 
2 0 -1.75 0 0 0 0 1 4 2 2 -15 
3 0 -3.5 0 10 -3.5 0 1 4 2 3 -16 
4 20 -3.5 0 20 -1.75 0 1 4 2 4 -17 
5 20 0 0 28 0 0 1 4 2 5 -20 
6 520 0 0 520 0.25 0 1 2 2 6 -7 
7 520 0.25 0 520 3.75 0 1 2 2 7 -25 
8 -100 150 0 520 150 0 1 3 2 8 -9 
9 -100 3.75 0 -100 150 0 1 1 2 9 -22 
10 -100 0.25 0 -8 0.25 0 0 2 10 -19 
11 -100 0 0 -100 0.25 0 1 1 2 10 -1 
12 0 0.25 0 10 0.25 0 0 2 11 -14 
13 20 0.25 0 28 0.25 0 0 2 12 -21 
14 0 0 0 10 0 0 0 2 2 -13 
15 0 -3.5 0 0 -1.75 0 1 4 2 15 -3 
16 10 -3.5 0 20 -3.5 0 1 4 2 16 -4 
17 20 -1.75 0 20 0 0 1 4 2 17 -5 
18 10 0 0 20 0 0 0 2 13 -5 
19 10 0.25 0 20 0.25 0 0 2 14 -12 
20 -8 0 0 0 0 0 1 4 2 18 -2 
21 28 0 0 520 0 0 1 4 2 20 -6 
22 28 0.25 0 520 0.25 0 0 2 21 -7 
23 -8 0.25 0 0 0.25 0 0 2 19 -11 
24 -100 0.25 0 -100 3.75 0 1 1 2 22 -10 
25 520 3.75 0 520 150 0 1 2 2 25 -8 
26 28 3.75 0 520 3.75 0 0 2 25 -24 
27 -100 3.75 0 -8 3.75 0 0 2 22 -23 
28 -8 0.25 0 -8 3.75 0 0 2 23 -19 
29 28 0.25 0 28 3.75 0 0 2 24 -21 
1 -100 0 0 520 0.25 0 1 100 14 5 21 6 -22 -13 -19 -12 -23 -10 11 1 20 14 18 
2 0 -3.5 0 20 0 0 1 101 8 2 15 3 16 4 17 -18 -14 
3 -100 0.25 0 520 150 0 1 102 11 23 12 19 13 -29 -26 25 8 9 27 28 
4 -100 0.25 0 -8 3.75 0 1 101 4 -24 27 28 -10 
5 28 0.25 0 520 3.75 0 1 101 4 -29 -26 -7 -22 
$EndEntities
$Nodes
59 8233 1 8233
0 1 0 1
1
-100 0 0
0 2 0 1
2
0 0 0
0 3 0 1
3
0 -3.5 0
0 4 0 1
4
20 -3.5 0
0 5 0 1
5
20 0 0
0 6 0 1
6
520 0 0
0 7 0 1
7
520 0.25 0
0 8 0 1
8
520 150 0
0 9 0 1
9
-100 150 0
0 10 0 1
10
-100 0.25 0
0 11 0 1
11
0 0.25 0
0 12 0 1
12
20 0.25 0
0 13 0 1
13
10 0 0
0 14 0 1
14
10 0.25 0
0 15 0 1
15
0 -1.75 0
0 16 0 1
16
10 -3.5 0
0 17 0 1
17
20 -1.75 0
0 18 0 1
18
-8 0 0
0 19 0 1
19
-8 0.25 0
0 20 0 1
20
28 0 0
0 21 0 1
21
28 0.25 0
0 22 0 1
22
-100 3.75 0
0 23 0 1
23
-8 3.75 0
0 24 0 1
24
28 3.75 0
0 25 0 1
25
520 3.75 0
1 1 0 42
26
27
28
29
30
31
32
33
34
35
36
37
38
39
40
41
42
43
44
45
46
47
48
49
50
51
52
53
54
55
56
57
58
59
60
61
62
63
64
65
66
67
-97.37815078444656 0 0
-94.78252005661764 0 0
-92.21284563433379 0 0
-89.66886795439586 0 0
-87.15033005468914 0 0
-84.65697753578264 0 0
-82.18855853744789 0 0
-79.74482372890807 0 0
-77.32552627224484 0 0
-74.93042179319056 0 0
-72.55926835941875 0 0
-70.21182645915931 0 0
-67.88785897351963 0 0
-65.58713116303223 0 0
-63.30941063383505 0 0
-61.05446731159504 0 0
-58.822073422496 0 0
-56.61200346797407 0 0
-54.42403421355375 0 0
-52.25794465050966 0 0
-50.11351597905517 0 0
-47.99053159833917 0 0
-45.88877706268672 0 0
-43.80804007294434 0 0
-41.74811045400076 0 0
-39.70878012633915 0 0
-37.68984310522756 0 0
-35.69109545893041 0 0
-33.7123352884874 0 0
-31.7533627211956 0 0
-29.81397987714774 0 0
-27.89399085690435 0 0
-25.99320172935012 0 0
-24.11142049245036 0 0
-22.24845706228903 0 0
-20.40412326888406 0 0
-18.57823281813606 0 0
-16.77060126812385 0 0
-14.98104603324309 0 0
-13.20938635390576 0 0
-11.4554432672083 0 0
-9.719039612037918 0 0
1 2 0 13
68
69
70
71
72
73
74
75
76
77
78
79
80
0 -0.05767738842941315 0
0 -0.121763374684684 0
0 -0.1929700270068647 0
0 -0.2720885301092307 0
0 -0.3599979778184498 0
0 -0.4576751418050264 0
0 -0.566205324421738 0
0 -0.6867944163171503 0
0 -0.8207822960229648 0
0 -0.9696577176703632 0
0 -1.135074852150878 0
0 -1.318871667379702 0
0 -1.523090351332921 0
1 3 0 20
81
82
83
84
85
86
87
88
89
90
91
92
93
94
95
96
97
98
99
100
0.06140088890567158 -3.5 0
0.1335359949828365 -3.5 0
0.2182819068022326 -3.5 0
0.3178432578633742 -3.5 0
0.4348101031513123 -3.5 0
0.5722253150090566 -3.5 0
0.7336637226974702 -3.5 0
0.9233250963816635 -3.5 0
1.146143424587314 -3.5 0
1.407915271677647 -3.5 0
1.715450579525563 -3.5 0
2.076749801948992 -3.5 0
2.501212039300338 -3.5 0
2.999879571597551 -3.5 0
3.585725109640159 -3.5 0
4.273989272353555 -3.5 0
5.082577079764121 -3.5 0
6.032523748495984 -3.5 0
7.148541905869892 -3.5 0
8.459664479024806 -3.5 0
1 4 0 13
101
102
103
104
105
106
107
108
109
110
111
112
113
20 -3.442322611569487 0
20 -3.378236625313997 0
20 -3.307029972991871 0
20 -3.227911469889722 0
20 -3.140002022180785 0
20 -3.042324858194565 0
20 -2.9337946755783 0
20 -2.813205583683437 0
20 -2.679217703978294 0
20 -2.530342282329815 0
20 -2.364925147849363 0
20 -2.181128332621399 0
20 -1.976909648668877 0
1 5 0 25
114
115
116
117
118
119
120
121
122
123
124
125
126
127
128
129
130
131
132
133
134
135
136
137
138
20.0613988708682 0 0
20.12961983187678 0 0
20.2054209019263 0 0
20.28964431828457 0 0
20.38322589444375 0 0
20.48720542124966 0 0
20.60273822792749 0 0
20.73110801493105 0 0
20.87374111105214 0 0
21.03222232858628 0 0
21.20831256894115 0 0
21.40396839160717 0 0
21.62136375296846 0 0
21.86291415516176 0 0
22.13130348758319 0 0
22.42951385554307 0 0
22.76085870867358 0 0
23.12901965657548 0 0
23.53808737419692 0 0
23.99260706202659 0 0
24.49762893830041 0 0
25.05876435390513 0 0
25.68224815083901 0 0
26.37500792800405 0 0
27.14474101615037 0 0
1 6 0 2
139
140
520 0.0559360733532206 0
520 0.1358447488279521 0
1 7 0 6
141
142
143
144
145
146
520 0.3846178112473437 0
520 0.5769289604344943 0
520 0.8516591720448653 0
520 1.244130907891312 0
520 1.804804812079999 0
520 2.60576753166498 0
1 8 0 24
147
148
149
150
151
152
153
154
155
156
157
158
159
160
161
162
163
164
165
166
167
168
169
170
495.200000000039 150 0
470.4000000000115 150 0
445.5999999999879 150 0
420.8000000001553 150 0
396.0000000003551 150 0
371.2000000005549 150 0
346.4000000007547 150 0
321.6000000009545 150 0
296.8000000011543 150 0
272.0000000013541 150 0
247.2000000013843 150 0
222.4000000013568 150 0
197.6000000013292 150 0
172.8000000013017 150 0
148.0000000012743 150 0
123.2000000012467 150 0
98.40000000121921 150 0
73.60000000119175 150 0
48.80000000116416 150 0
24.0000000011367 150 0
-0.7999999989805247 150 0
-25.59999999923537 150 0
-50.39999999949021 150 0
-75.19999999974505 150 0
1 9 0 22
171
172
173
174
175
176
177
178
179
180
181
182
183
184
185
186
187
188
189
190
191
192
-100 133.9527414943518 0
-100 119.510208777914 0
-100 106.511929289371 0
-100 94.81347780092105 0
-100 84.28487148793191 0
-100 74.80912575906183 0
-100 66.28095458236992 0
-100 58.60560050362247 0
-100 51.69778187349438 0
-100 45.48074510175734 0
-100 39.88541196747752 0
-100 34.84961219690562 0
-100 30.31739239932199 0
-100 26.23839458586366 0
-100 22.5672965725924 0
-100 19.26330838336051 0
-100 16.28971895892707 0
-100 13.61348838389046 0
-100 11.20488088929127 0
-100 9.037134172739059 0
-100 7.086162110801041 0
-100 5.330287332626739 0
1 10 0 42
193
194
195
196
197
198
199
200
201
202
203
204
205
206
207
208
209
210
211
212
213
214
215
216
217
218
219
220
221
222
223
224
225
226
227
228
229
230
231
232
233
234
-97.37815078444656 0.25 0
-94.78252005661764 0.25 0
-92.21284563433379 0.25 0
-89.66886795439586 0.25 0
-87.15033005468914 0.25 0
-84.65697753578264 0.25 0
-82.18855853744789 0.25 0
-79.74482372890807 0.25 0
-77.32552627224484 0.25 0
-74.93042179319056 0.25 0
-72.55926835941875 0.25 0
-70.21182645915931 0.25 0
-67.88785897351963 0.25 0
-65.58713116303223 0.25 0
-63.30941063383505 0.25 0
-61.05446731159504 0.25 0
-58.822073422496 0.25 0
-56.61200346797407 0.25 0
-54.42403421355375 0.25 0
-52.25794465050966 0.25 0
-50.11351597905517 0.25 0
-47.99053159833917 0.25 0
-45.88877706268672 0.25 0
-43.80804007294434 0.25 0
-41.74811045400076 0.25 0
-39.70878012633915 0.25 0
-37.68984310522756 0.25 0
-35.69109545893041 0.25 0
-33.7123352884874 0.25 0
-31.7533627211956 0.25 0
-29.81397987714774 0.25 0
-27.89399085690435 0.25 0
-25.99320172935012 0.25 0
-24.11142049245036 0.25 0
-22.24845706228903 0.25 0
-20.40412326888406 0.25 0
-18.57823281813606 0.25 0
-16.77060126812385 0.25 0
-14.98104603324309 0.25 0
-13.20938635390576 0.25 0
-11.4554432672083 0.25 0
-9.719039612037918 0.25 0
1 11 0 2
235
236
-100 0.1358447491355044 0
-100 0.0559360734609175 0
1 12 0 20
237
238
239
240
241
242
243
244
245
246
247
248
249
250
251
252
253
254
255
256
0.06140088890567158 0.25 0
0.1335359949828365 0.25 0
0.2182819068022326 0.25 0
0.3178432578633742 0.25 0
0.4348101031513123 0.25 0
0.5722253150090566 0.25 0
0.7336637226974702 0.25 0
0.9233250963816635 0.25 0
1.146143424587314 0.25 0
1.407915271677647 0.25 0
1.715450579525563 0.25 0
2.076749801948992 0.25 0
2.501212039300338 0.25 0
2.999879571597551 0.25 0
3.585725109640159 0.25 0
4.273989272353555 0.25 0
5.082577079764121 0.25 0
6.032523748495984 0.25 0
7.148541905869892 0.25 0
8.459664479024806 0.25 0
1 13 0 25
257
258
259
260
261
262
263
264
265
266
267
268
269
270
271
272
273
274
275
276
277
278
279
280
281
20.0613988708682 0.25 0
20.12961983187678 0.25 0
20.2054209019263 0.25 0
20.28964431828457 0.25 0
20.38322589444375 0.25 0
20.48720542124966 0.25 0
20.60273822792749 0.25 0
20.73110801493105 0.25 0
20.87374111105214 0.25 0
21.03222232858628 0.25 0
21.20831256894115 0.25 0
21.40396839160717 0.25 0
21.62136375296846 0.25 0
21.86291415516176 0.25 0
22.13130348758319 0.25 0
22.42951385554307 0.25 0
22.76085870867358 0.25 0
23.12901965657548 0.25 0
23.53808737419692 0.25 0
23.99260706202659 0.25 0
24.49762893830041 0.25 0
25.05876435390513 0.25 0
25.68224815083901 0.25 0
26.37500792800405 0.25 0
27.14474101615037 0.25 0
1 14 0 20
282
283
284
285
286
287
288
289
290
291
292
293
294
295
296
297
298
299
300
301
0.06140088890567158 0 0
0.1335359949828365 0 0
0.2182819068022326 0 0
0.3178432578633742 0 0
0.4348101031513123 0 0
0.5722253150090566 0 0
0.7336637226974702 0 0
0.9233250963816635 0 0
1.146143424587314 0 0
1.407915271677647 0 0
1.715450579525563 0 0
2.076749801948992 0 0
2.501212039300338 0 0
2.999879571597551 0 0
3.585725109640159 0 0
4.273989272353555 0 0
5.082577079764121 0 0
6.032523748495984 0 0
7.148541905869892 0 0
8.459664479024806 0 0
1 15 0 13
302
303
304
305
306
307
308
309
310
311
312
313
314
0 -1.976909648669314 0
0 -2.181128332622181 0
0 -2.364925147850418 0
0 -2.530342282330233 0
0 -2.679217703977982 0
0 -2.813205583685232 0
0 -2.933794675580145 0
0 -3.042324858196434 0
0 -3.140002022182653 0
0 -3.227911469891571 0
0 -3.307029972993685 0
0 -3.378236625315653 0
0 -3.44232261157074 0
1 16 0 26
315
316
317
318
319
320
321
322
323
324
325
326
327
328
329
330
331
332
333
334
335
336
337
338
339
340
11.10929616212839 -3.5 0
12.10161071151606 -3.5 0
12.98928002454122 -3.5 0
13.78333953867319 -3.5 0
14.49366094744197 -3.5 0
15.12907491401377 -3.5 0
15.6974808452558 -3.5 0
16.20594512079051 -3.5 0
16.66078893353693 -3.5 0
17.06766687077289 -3.5 0
17.4316372124221 -3.5 0
17.75722480375265 -3.5 0
18.04847732584609 -3.5 0
18.30901560330177 -3.5 0
18.54207863011942 -3.5 0
18.7505638295579 -3.5 0
18.93706307679496 -3.5 0
19.10389491495201 -3.5 0
19.25313338444654 -3.5 0
19.38663380878591 -3.5 0
19.50605584403255 -3.5 0
19.61288414183987 -3.5 0
19.70844678817446 -3.5 0
19.79393180520013 -3.5 0
19.87040194216623 -3.5 0
19.9388078678408 -3.5 0
1 17 0 13
341
342
343
344
345
346
347
348
349
350
351
352
353
20 -1.523090351332923 0
20 -1.318871667379703 0
20 -1.135074852150881 0
20 -0.9696577176705788 0
20 -0.8207822960234028 0
20 -0.6867944163170892 0
20 -0.5662053244216829 0
20 -0.4576751418049767 0
20 -0.3599979778184046 0
20 -0.2720885301091904 0
20 -0.1929700270068289 0
20 -0.1217633746846554 0
20 -0.05767738842939862 0
1 18 0 26
354
355
356
357
358
359
360
361
362
363
364
365
366
367
368
369
370
371
372
373
374
375
376
377
378
379
11.10929616212839 0 0
12.10161071151606 0 0
12.98928002454122 0 0
13.78333953867319 0 0
14.49366094744197 0 0
15.12907491401377 0 0
15.6974808452558 0 0
16.20594512079051 0 0
16.66078893353693 0 0
17.06766687077289 0 0
17.4316372124221 0 0
17.75722480375265 0 0
18.04847732584609 0 0
18.30901560330177 0 0
18.54207863011942 0 0
18.7505638295579 0 0
18.93706307679496 0 0
19.10389491495201 0 0
19.25313338444654 0 0
19.38663380878591 0 0
19.50605584403255 0 0
19.61288414183987 0 0
19.70844678817446 0 0
19.79393180520013 0 0
19.87040194216623 0 0
19.9388078678408 0 0
1 19 0 26
380
381
382
383
384
385
386
387
388
389
390
391
392
393
394
395
396
397
398
399
400
401
402
403
404
405
11.10929616212839 0.25 0
12.10161071151606 0.25 0
12.98928002454122 0.25 0
13.78333953867319 0.25 0
14.49366094744197 0.25 0
15.12907491401377 0.25 0
15.6974808452558 0.25 0
16.20594512079051 0.25 0
16.66078893353693 0.25 0
17.06766687077289 0.25 0
17.4316372124221 0.25 0
17.75722480375265 0.25 0
18.04847732584609 0.25 0
18.30901560330177 0.25 0
18.54207863011942 0.25 0
18.7505638295579 0.25 0
18.93706307679496 0.25 0
19.10389491495201 0.25 0
19.25313338444654 0.25 0
19.38663380878591 0.25 0
19.50605584403255 0.25 0
19.61288414183987 0.25 0
19.70844678817446 0.25 0
19.79393180520013 0.25 0
19.87040194216623 0.25 0
19.9388078678408 0.25 0
1 20 0 14
406
407
408
409
410
411
412
413
414
415
416
417
418
419
-6.341652079869036 0 0
-5.01497373494099 0 0
-3.953631063057665 0 0
-3.104556921181095 0 0
-2.425297599075961 0 0
-1.881890143741698 0 0
-1.447164189085495 0 0
-1.099383426161848 0 0
-0.8211588138148889 0 0
-0.5985791233905262 0 0
-0.4205153690241437 0 0
-0.2780643607306086 0 0
-0.1641035566132647 0 0
-0.07293491851229295 0 0
1 21 0 270
420
421
422
423
424
425
426
427
428
429
430
431
432
433
434
435
436
437
438
439
440
441
442
443
444
445
446
447
448
449
450
451
452
453
454
455
456
457
458
459
460
461
462
463
464
465
466
467
468
469
470
471
472
473
474
475
476
477
478
479
480
481
482
483
484
485
486
487
488
489
490
491
492
493
494
495
496
497
498
499
500
501
502
503
504
505
506
507
508
509
510
511
512
513
514
515
516
517
518
519
520
521
522
523
524
525
526
527
528
529
530
531
532
533
534
535
536
537
538
539
540
541
542
543
544
545
546
547
548
549
550
551
552
553
554
555
556
557
558
559
560
561
562
563
564
565
566
567
568
569
570
571
572
573
574
575
576
577
578
579
580
581
582
583
584
585
586
587
588
589
590
591
592
593
594
595
596
597
598
599
600
601
602
603
604
605
606
607
608
609
610
611
612
613
614
615
616
617
618
619
620
621
622
623
624
625
626
627
628
629
630
631
632
633
634
635
636
637
638
639
640
641
642
643
644
645
646
647
648
649
650
651
652
653
654
655
656
657
658
659
660
661
662
663
664
665
666
667
668
669
670
671
672
673
674
675
676
677
678
679
680
681
682
683
684
685
686
687
688
689
28.85550041001287 0 0
29.71529980076568 0 0
30.57941978833426 0 0
31.4478820957246 0 0
32.32070853558273 0 0
33.19792102947682 0 0
34.07954162755596 0 0
34.96559249128478 0 0
35.8560958761864 0 0
36.75107415115787 0 0
37.65054979978817 0 0
38.55454542131629 0 0
39.46308373196627 0 0
40.37618756592258 0 0
41.2938798766825 0 0
42.21618370130021 0 0
43.14312221651051 0 0
44.07471872191713 0 0
45.01099660407868 0 0
45.95197939284301 0 0
46.89769074437774 0 0
47.84815442384156 0 0
48.80339430662274 0 0
49.76343437940229 0 0
50.72829877815882 0 0
51.6980117528699 0 0
52.67259765004433 0 0
53.65208095075423 0 0
54.63648627192805 0 0
55.6258383676532 0 0
56.62016209373952 0 0
57.61948240867194 0 0
58.62382443006354 0 0
59.63321339943111 0 0
60.64767466480223 0 0
61.66723371882249 0 0
62.69191620012445 0 0
63.72174783958327 0 0
64.7567544979006 0 0
65.79696220411898 0 0
66.8423970833485 0 0
67.89308539456411 0 0
68.94905355059147 0 0
70.01032808261149 0 0
71.07693565979787 0 0
72.14890307240009 0 0
73.22625725121652 0 0
74.30902526925624 0 0
75.3972343428584 0 0
76.49091181500042 0 0
77.59008513787938 0 0
78.6947819479274 0 0
79.80503001240245 0 0
80.92085721200112 0 0
82.04229157915714 0 0
83.16936128104318 0 0
84.30209463933224 0 0
85.44052013177955 0 0
86.58466635688268 0 0
87.73456205349096 0 0
88.89023612079382 0 0
90.05171760138754 0 0
91.21903568272718 0 0
92.3922196802155 0 0
93.5712990752409 0 0
94.75630349865671 0 0
95.9472627135347 0 0
97.14420665360518 0 0
98.34716538802753 0 0
99.55616914110982 0 0
100.7712482940349 0 0
101.9924333678545 0 0
103.2197550434282 0 0
104.4532441629986 0 0
105.6929317135502 0 0
106.938848845875 0 0
108.1910268778142 0 0
109.449497257502 0 0
110.7142916022882 0 0
111.9854417004234 0 0
113.2629794941597 0 0
114.5469370814215 0 0
115.8373467173038 0 0
117.1342408157669 0 0
118.4376519695335 0 0
119.7476129336182 0 0
121.064156608316 0 0
122.3873160776957 0 0
123.7171245929816 0 0
125.0536155741385 0 0
126.3968225932798 0 0
127.746779394467 0 0
129.1035198957011 0 0
130.467078190374 0 0
131.8374885492856 0 0
133.2147853853724 0 0
134.5990033105044 0 0
135.9901771007928 0 0
137.3883416979216 0 0
138.7935322479781 0 0
140.205784066432 0 0
141.6251326398756 0 0
143.0516136094028 0 0
144.4852628089463 0 0
145.9261162857727 0 0
147.3742102472096 0 0
148.8295810622143 0 0
150.292265299971 0 0
151.7622997135301 0 0
153.2397212230997 0 0
154.7245669546563 0 0
156.2168742236324 0 0
157.7166805182482 0 0
159.2240235381667 0 0
160.7389411598481 0 0
162.2614714197412 0 0
163.7916525713536 0 0
165.3295230873992 0 0
166.8751216066514 0 0
168.4284869539418 0 0
169.9896581607236 0 0
171.5586744485349 0 0
173.1355752310341 0 0
174.7204001342397 0 0
176.3131889804065 0 0
177.9139817897372 0 0
179.5228187826624 0 0
181.139740381583 0 0
182.7647872131799 0 0
184.3980001101873 0 0
186.0394201137333 0 0
187.6890884567695 0 0
189.3470465846329 0 0
191.0133361570646 0 0
192.6879990504289 0 0
194.3710773413896 0 0
196.0626133089773 0 0
197.7626494550445 0 0
199.4712285065489 0 0
201.1883933809198 0 0
202.9141872247519 0 0
204.6486533979472 0 0
206.3918354755094 0 0
208.1437772684668 0 0
209.9045227891347 0 0
211.6741162717033 0 0
213.4526021744667 0 0
215.2400252004433 0 0
217.0364302630747 0 0
218.8418624881378 0 0
220.6563672345991 0 0
222.4799900967455 0 0
224.3127768883254 0 0
226.1547736629019 0 0
228.0060266982138 0 0
229.8665824980061 0 0
231.7364878315475 0 0
233.6157896807425 0 0
235.5045352607571 0 0
237.402772022473 0 0
239.3105476547753 0 0
241.2279101054162 0 0
243.1549075467742 0 0
245.0915883963876 0 0
247.038001319681 0 0
248.9941952137864 0 0
250.9602192284986 0 0
252.9361227503151 0 0
254.9219554232454 0 0
256.9177671514529 0 0
258.9236080833417 0 0
260.9395286140457 0 0
262.965579406324 0 0
265.0018113748949 0 0
267.0482756704248 0 0
269.1050237004685 0 0
271.1721071320559 0 0
273.2495779126718 0 0
275.3374882546922 0 0
277.4358906194695 0 0
279.5448377199982 0 0
281.6643825417901 0 0
283.7945783457626 0 0
285.9354786524044 0 0
288.0871372445219 0 0
290.2496081881927 0 0
292.4229458173621 0 0
294.6072047362804 0 0
296.8024398408888 0 0
299.0087062847321 0 0
301.2260594816451 0 0
303.4545551452034 0 0
305.69424929182 0 0
307.9451981883672 0 0
310.2074583731366 0 0
312.48108669556 0 0
314.7661403008302 0 0
317.0626765959855 0 0
319.3707532709536 0 0
321.690428319986 0 0
324.0217600261808 0 0
326.3648069644017 0 0
328.7196280042214 0 0
331.0862823128836 0 0
333.4648293582903 0 0
335.8553289120094 0 0
338.257841033933 0 0
340.6724260751458 0 0
343.0991446993758 0 0
345.5380578860936 0 0
347.9892269152607 0 0
350.4527133702899 0 0
352.9285791595894 0 0
355.4168865013796 0 0
357.9176979083509 0 0
360.4310761907176 0 0
362.95708451442 0 0
365.4957863496544 0 0
368.0472454734489 0 0
370.6115260101136 0 0
373.1886923791081 0 0
375.778809334989 0 0
378.3819419524422 0 0
380.9981556293462 0 0
383.6275161086042 0 0
386.2700894630646 0 0
388.92594208047 0 0
391.5951406849948 0 0
394.2777523407993 0 0
396.9738444552442 0 0
399.6834847824979 0 0
402.4067413900509 0 0
405.1436826987552 0 0
407.8943774865072 0 0
410.6588948548407 0 0
413.4373042690435 0 0
416.2296755435452 0 0
419.036078826778 0 0
421.8565846415559 0 0
424.6912638521387 0 0
427.5401876851458 0 0
430.4034277350038 0 0
433.2810559290148 0 0
436.1731445500864 0 0
439.0797662769343 0 0
442.0009941513355 0 0
444.9369015630505 0 0
447.8875622720709 0 0
450.8530504121541 0 0
453.833440513127 0 0
456.8288074495379 0 0
459.8392264808398 0 0
462.8647732555888 0 0
465.9055237781881 0 0
468.9615544495213 0 0
472.0329420524979 0 0
475.1197637741882 0 0
478.2220971732334 0 0
481.340020183296 0 0
484.4736111540308 0 0
487.622948799833 0 0
490.7881122586925 0 0
493.9691810783061 0 0
497.1662351645555 0 0
500.3793548406303 0 0
503.6086208512384 0 0
506.854114329916 0 0
510.1159168213111 0 0
513.3941102854856 0 0
516.6887770835043 0 0
1 22 0 270
690
691
692
693
694
695
696
697
698
699
700
701
702
703
704
705
706
707
708
709
710
711
712
713
714
715
716
717
718
719
720
721
722
723
724
725
726
727
728
729
730
731
732
733
734
735
736
737
738
739
740
741
742
743
744
745
746
747
748
749
750
751
752
753
754
755
756
757
758
759
760
761
762
763
764
765
766
767
768
769
770
771
772
773
774
775
776
777
778
779
780
781
782
783
784
785
786
787
788
789
790
791
792
793
794
795
796
797
798
799
800
801
802
803
804
805
806
807
808
809
810
811
812
813
814
815
816
817
818
819
820
821
822
823
824
825
826
827
828
829
830
831
832
833
834
835
836
837
838
839
840
841
842
843
844
845
846
847
848
849
850
851
852
853
854
855
856
857
858
859
860
861
862
863
864
865
866
867
868
869
870
871
872
873
874
875
876
877
878
879
880
881
882
883
884
885
886
887
888
889
890
891
892
893
894
895
896
897
898
899
900
901
902
903
904
905
906
907
908
909
910
911
912
913
914
915
916
917
918
919
920
921
922
923
924
925
926
927
928
929
930
931
932
933
934
935
936
937
938
939
940
941
942
943
944
945
946
947
948
949
950
951
952
953
954
955
956
957
958
959
28.85550041001287 0.25 0
29.71529980076568 0.25 0
30.57941978833426 0.25 0
31.4478820957246 0.25 0
32.32070853558273 0.25 0
33.19792102947682 0.25 0
34.07954162755596 0.25 0
34.96559249128478 0.25 0
35.8560958761864 0.25 0
36.75107415115787 0.25 0
37.65054979978817 0.25 0
38.55454542131629 0.25 0
39.46308373196627 0.25 0
40.37618756592258 0.25 0
41.2938798766825 0.25 0
42.21618370130021 0.25 0
43.14312221651051 0.25 0
44.07471872191713 0.25 0
45.01099660407868 0.25 0
45.95197939284301 0.25 0
46.89769074437774 0.25 0
47.84815442384156 0.25 0
48.80339430662274 0.25 0
49.76343437940229 0.25 0
50.72829877815882 0.25 0
51.6980117528699 0.25 0
52.67259765004433 0.25 0
53.65208095075423 0.25 0
54.63648627192805 0.25 0
55.6258383676532 0.25 0
56.62016209373952 0.25 0
57.61948240867194 0.25 0
58.62382443006354 0.25 0
59.63321339943111 0.25 0
60.64767466480223 0.25 0
61.66723371882249 0.25 0
62.69191620012445 0.25 0
63.72174783958327 0.25 0
64.7567544979006 0.25 0
65.79696220411898 0.25 0
66.8423970833485 0.25 0
67.89308539456411 0.25 0
68.94905355059147 0.25 0
70.01032808261149 0.25 0
71.07693565979787 0.25 0
72.14890307240009 0.25 0
73.22625725121652 0.25 0
74.30902526925624 0.25 0
75.3972343428584 0.25 0
76.49091181500042 0.25 0
77.59008513787938 0.25 0
78.6947819479274 0.25 0
79.80503001240245 0.25 0
80.92085721200112 0.25 0
82.04229157915714 0.25 0
83.16936128104318 0.25 0
84.30209463933224 0.25 0
85.44052013177955 0.25 0
86.58466635688268 0.25 0
87.73456205349096 0.25 0
88.89023612079382 0.25 0
90.05171760138754 0.25 0
91.21903568272718 0.25 0
92.3922196802155 0.25 0
93.5712990752409 0.25 0
94.75630349865671 0.25 0
95.9472627135347 0.25 0
97.14420665360518 0.25 0
98.34716538802753 0.25 0
99.55616914110982 0.25 0
100.7712482940349 0.25 0
101.9924333678545 0.25 0
103.2197550434282 0.25 0
104.4532441629986 0.25 0
105.6929317135502 0.25 0
106.938848845875 0.25 0
108.1910268778142 0.25 0
109.449497257502 0.25 0
110.7142916022882 0.25 0
111.9854417004234 0.25 0
113.2629794941597 0.25 0
114.5469370814215 0.25 0
115.8373467173038 0.25 0
117.1342408157669 0.25 0
118.4376519695335 0.25 0
119.7476129336182 0.25 0
121.064156608316 0.25 0
122.3873160776957 0.25 0
123.7171245929816 0.25 0
125.0536155741385 0.25 0
126.3968225932798 0.25 0
127.746779394467 0.25 0
129.1035198957011 0.25 0
130.467078190374 0.25 0
131.8374885492856 0.25 0
133.2147853853724 0.25 0
134.5990033105044 0.25 0
135.9901771007928 0.25 0
137.3883416979216 0.25 0
138.7935322479781 0.25 0
140.205784066432 0.25 0
141.6251326398756 0.25 0
143.0516136094028 0.25 0
144.4852628089463 0.25 0
145.9261162857727 0.25 0
147.3742102472096 0.25 0
148.8295810622143 0.25 0
150.292265299971 0.25 0
151.7622997135301 0.25 0
153.2397212230997 0.25 0
154.7245669546563 0.25 0
156.2168742236324 0.25 0
157.7166805182482 0.25 0
159.2240235381667 0.25 0
160.7389411598481 0.25 0
162.2614714197412 0.25 0
163.7916525713536 0.25 0
165.3295230873992 0.25 0
166.8751216066514 0.25 0
168.4284869539418 0.25 0
169.9896581607236 0.25 0
171.5586744485349 0.25 0
173.1355752310341 0.25 0
174.7204001342397 0.25 0
176.3131889804065 0.25 0
177.9139817897372 0.25 0
179.5228187826624 0.25 0
181.139740381583 0.25 0
182.7647872131799 0.25 0
184.3980001101873 0.25 0
186.0394201137333 0.25 0
187.6890884567695 0.25 0
189.3470465846329 0.25 0
191.0133361570646 0.25 0
192.6879990504289 0.25 0
194.3710773413896 0.25 0
196.0626133089773 0.25 0
197.7626494550445 0.25 0
199.4712285065489 0.25 0
201.1883933809198 0.25 0
202.9141872247519 0.25 0
204.6486533979472 0.25 0
206.3918354755094 0.25 0
208.1437772684668 0.25 0
209.9045227891347 0.25 0
211.6741162717033 0.25 0
213.4526021744667 0.25 0
215.2400252004433 0.25 0
217.0364302630747 0.25 0
218.8418624881378 0.25 0
220.6563672345991 0.25 0
222.4799900967455 0.25 0
224.3127768883254 0.25 0
226.1547736629019 0.25 0
228.0060266982138 0.25 0
229.8665824980061 0.25 0
231.7364878315475 0.25 0
233.6157896807425 0.25 0
235.5045352607571 0.25 0
237.402772022473 0.25 0
239.3105476547753 0.25 0
241.2279101054162 0.25 0
243.1549075467742 0.25 0
245.0915883963876 0.25 0
247.038001319681 0.25 0
248.9941952137864 0.25 0
250.9602192284986 0.25 0
252.9361227503151 0.25 0
254.9219554232454 0.25 0
256.9177671514529 0.25 0
258.9236080833417 0.25 0
260.9395286140457 0.25 0
262.965579406324 0.25 0
265.0018113748949 0.25 0
267.0482756704248 0.25 0
269.1050237004685 0.25 0
271.1721071320559 0.25 0
273.2495779126718 0.25 0
275.3374882546922 0.25 0
277.4358906194695 0.25 0
279.5448377199982 0.25 0
281.6643825417901 0.25 0
283.7945783457626 0.25 0
285.9354786524044 0.25 0
288.0871372445219 0.25 0
290.2496081881927 0.25 0
292.4229458173621 0.25 0
294.6072047362804 0.25 0
296.8024398408888 0.25 0
299.0087062847321 0.25 0
301.2260594816451 0.25 0
303.4545551452034 0.25 0
305.69424929182 0.25 0
307.9451981883672 0.25 0
310.2074583731366 0.25 0
312.48108669556 0.25 0
314.7661403008302 0.25 0
317.0626765959855 0.25 0
319.3707532709536 0.25 0
321.690428319986 0.25 0
324.0217600261808 0.25 0
326.3648069644017 0.25 0
328.7196280042214 0.25 0
331.0862823128836 0.25 0
333.4648293582903 0.25 0
335.8553289120094 0.25 0
338.257841033933 0.25 0
340.6724260751458 0.25 0
343.0991446993758 0.25 0
345.5380578860936 0.25 0
347.9892269152607 0.25 0
350.4527133702899 0.25 0
352.9285791595894 0.25 0
355.4168865013796 0.25 0
357.9176979083509 0.25 0
360.4310761907176 0.25 0
362.95708451442 0.25 0
365.4957863496544 0.25 0
368.0472454734489 0.25 0
370.6115260101136 0.25 0
373.1886923791081 0.25 0
375.778809334989 0.25 0
378.3819419524422 0.25 0
380.9981556293462 0.25 0
383.6275161086042 0.25 0
386.2700894630646 0.25 0
388.92594208047 0.25 0
391.5951406849948 0.25 0
394.2777523407993 0.25 0
396.9738444552442 0.25 0
399.6834847824979 0.25 0
402.4067413900509 0.25 0
405.1436826987552 0.25 0
407.8943774865072 0.25 0
410.6588948548407 0.25 0
413.4373042690435 0.25 0
416.2296755435452 0.25 0
419.036078826778 0.25 0
421.8565846415559 0.25 0
424.6912638521387 0.25 0
427.5401876851458 0.25 0
430.4034277350038 0.25 0
433.2810559290148 0.25 0
436.1731445500864 0.25 0
439.0797662769343 0.25 0
442.0009941513355 0.25 0
444.9369015630505 0.25 0
447.8875622720709 0.25 0
450.8530504121541 0.25 0
453.833440513127 0.25 0
456.8288074495379 0.25 0
459.8392264808398 0.25 0
462.8647732555888 0.25 0
465.9055237781881 0.25 0
468.9615544495213 0.25 0
472.0329420524979 0.25 0
475.1197637741882 0.25 0
478.2220971732334 0.25 0
481.340020183296 0.25 0
484.4736111540308 0.25 0
487.622948799833 0.25 0
490.7881122586925 0.25 0
493.9691810783061 0.25 0
497.1662351645555 0.25 0
500.3793548406303 0.25 0
503.6086208512384 0.25 0
506.854114329916 0.25 0
510.1159168213111 0.25 0
513.3941102854856 0.25 0
516.6887770835043 0.25 0
1 23 0 14
960
961
962
963
964
965
966
967
968
969
970
971
972
973
-6.341652079869036 0.25 0
-5.01497373494099 0.25 0
-3.953631063057665 0.25 0
-3.104556921181095 0.25 0
-2.425297599075961 0.25 0
-1.881890143741698 0.25 0
-1.447164189085495 0.25 0
-1.099383426161848 0.25 0
-0.8211588138148889 0.25 0
-0.5985791233905262 0.25 0
-0.4205153690241437 0.25 0
-0.2780643607306086 0.25 0
-0.1641035566132647 0.25 0
-0.07293491851229295 0.25 0
1 24 0 6
974
975
976
977
978
979
-100 2.605767537186919 0
-100 1.804804815302618 0
-100 1.244130909695705 0
-100 0.8516591729921714 0
-100 0.5769289608765709 0
-100 0.3846178114020709 0
1 25 0 22
980
981
982
983
984
985
986
987
988
989
990
991
992
993
994
995
996
997
998
999
1000
1001
520 5.330287332632337 0
520 7.086162110812738 0
520 9.03713417275827 0
520 11.20488088931906 0
520 13.61348838393161 0
520 16.28971895898174 0
520 19.26330838343389 0
520 22.56729657267458 0
520 26.23839458592358 0
520 30.31739239935374 0
520 34.84961219690221 0
520 39.88541196743068 0
520 45.48074510165748 0
520 51.69778187333027 0
520 58.60560050338107 0
520 66.28095458203614 0
520 74.80912575861802 0
520 84.28487148750645 0
520 94.81347780057384 0
520 106.5119292891245 0
520 119.5102087777946 0
520 133.9527414943275 0
1 26 0 270
1002
1003
1004
1005
1006
1007
1008
1009
1010
1011
1012
1013
1014
1015
1016
1017
1018
1019
1020
1021
1022
1023
1024
1025
1026
1027
1028
1029
1030
1031
1032
1033
1034
1035
1036
1037
1038
1039
1040
1041
1042
1043
1044
1045
1046
1047
1048
1049
1050
1051
1052
1053
1054
1055
1056
1057
1058
1059
1060
1061
1062
1063
1064
1065
1066
1067
1068
1069
1070
1071
1072
1073
1074
1075
1076
1077
1078
1079
1080
1081
1082
1083
1084
1085
1086
1087
1088
1089
1090
1091
1092
1093
1094
1095
1096
1097
1098
1099
1100
1101
1102
1103
1104
1105
1106
1107
1108
1109
1110
1111
1112
1113
1114
1115
1116
1117
1118
1119
1120
1121
1122
1123
1124
1125
1126
1127
1128
1129
1130
1131
1132
1133
1134
1135
1136
1137
1138
1139
1140
1141
1142
1143
1144
1145
1146
1147
1148
1149
1150
1151
1152
1153
1154
1155
1156
1157
1158
1159
1160
1161
1162
1163
1164
1165
1166
1167
1168
1169
1170
1171
1172
1173
1174
1175
1176
1177
1178
1179
1180
1181
1182
1183
1184
1185
1186
1187
1188
1189
1190
1191
1192
1193
1194
1195
1196
1197
1198
1199
1200
1201
1202
1203
1204
1205
1206
1207
1208
1209
1210
1211
1212
1213
1214
1215
1216
1217
1218
1219
1220
1221
1222
1223
1224
1225
1226
1227
1228
1229
1230
1231
1232
1233
1234
1235
1236
1237
1238
1239
1240
1241
1242
1243
1244
1245
1246
1247
1248
1249
1250
1251
1252
1253
1254
1255
1256
1257
1258
1259
1260
1261
1262
1263
1264
1265
1266
1267
1268
1269
1270
1271
516.6887771014681 3.75 0
513.3941103030419 3.75 0
510.1159168384846 3.75 0
506.8541143467266 3.75 0
503.6086208676891 3.75 0
500.3793548567251 3.75 0
497.1662351802971 3.75 0
493.9691810936973 3.75 0
490.788112273737 3.75 0
487.6229488145149 3.75 0
484.4736111683355 3.75 0
481.3400201972278 3.75 0
478.2220971867945 3.75 0
475.119763787383 3.75 0
472.0329420653293 3.75 0
468.9615544619924 3.75 0
465.9055237903021 3.75 0
462.8647732673495 3.75 0
459.8392264922497 3.75 0
456.8288074606198 3.75 0
453.8334405238734 3.75 0
450.8530504225598 3.75 0
447.8875622821388 3.75 0
444.9369015727835 3.75 0
442.0009941607369 3.75 0
439.079766286007 3.75 0
436.1731445588339 3.75 0
433.2810559374398 3.75 0
430.4034277431095 3.75 0
427.540187692935 3.75 0
424.6912638595957 3.75 0
421.8565846487212 3.75 0
419.0360788336358 3.75 0
416.2296755500983 3.75 0
413.4373042752947 3.75 0
410.6588948607927 3.75 0
407.894377492163 3.75 0
405.1436827041179 3.75 0
402.4067413951232 3.75 0
399.6834847872824 3.75 0
396.9738444597436 3.75 0
394.2777523450163 3.75 0
391.5951406889322 3.75 0
388.9259420841307 3.75 0
386.2700894664509 3.75 0
383.627516111719 3.75 0
380.9981556321921 3.75 0
378.3819419550215 3.75 0
375.7788093373048 3.75 0
373.1886923811629 3.75 0
370.6115260119097 3.75 0
368.0472454749888 3.75 0
365.4957863509406 3.75 0
362.9570845154551 3.75 0
360.4310761915043 3.75 0
357.9176979088913 3.75 0
355.4168865016765 3.75 0
352.9285791596451 3.75 0
350.452713370107 3.75 0
347.9892269148414 3.75 0
345.5380578854405 3.75 0
343.0991446984909 3.75 0
340.6724260740316 3.75 0
338.2578410325917 3.75 0
335.8553289104432 3.75 0
333.4648293565014 3.75 0
331.0862823108744 3.75 0
328.7196280019941 3.75 0
326.3648069619587 3.75 0
324.0217600235242 3.75 0
321.6904283171184 3.75 0
319.3707532678769 3.75 0
317.0626765927017 3.75 0
314.7661402973416 3.75 0
312.4810866918689 3.75 0
310.2074583692449 3.75 0
307.9451981842768 3.75 0
305.6942492875327 3.75 0
303.4545551407218 3.75 0
301.2260594769709 3.75 0
299.008706279868 3.75 0
296.8024398358366 3.75 0
294.6072047310424 3.75 0
292.4229458119398 3.75 0
290.2496081825881 3.75 0
288.0871372387369 3.75 0
285.9354786464411 3.75 0
283.7945783396227 3.75 0
281.6643825354756 3.75 0
279.5448377135111 3.75 0
277.4358906128116 3.75 0
275.3374882478657 3.75 0
273.2495779056784 3.75 0
271.172107124897 3.75 0
269.1050236931462 3.75 0
267.048275662941 3.75 0
265.0018113672513 3.75 0
262.9655793985224 3.75 0
260.9395286060879 3.75 0
258.9236080752297 3.75 0
256.9177671431883 3.75 0
254.9219554148237 3.75 0
252.9361227417326 3.75 0
250.9602192197572 3.75 0
248.9941952048879 3.75 0
247.038001310627 3.75 0
245.09158838718 3.75 0
243.1549075374148 3.75 0
241.2279100959066 3.75 0
239.3105476451175 3.75 0
237.4027720126687 3.75 0
235.5045352508079 3.75 0
233.6157896706501 3.75 0
231.7364878213137 3.75 0
229.8665824876324 3.75 0
228.0060266877019 3.75 0
226.1547736522535 3.75 0
224.3127768775423 3.75 0
222.4799900858292 3.75 0
220.656367223551 3.75 0
218.8418624769594 3.75 0
217.0364302517679 3.75 0
215.2400251890094 3.75 0
213.4526021629075 3.75 0
211.6741162600202 3.75 0
209.9045227773292 3.75 0
208.1437772565406 3.75 0
206.3918354634639 3.75 0
204.6486533857837 3.75 0
202.9141872124723 3.75 0
201.1883933685254 3.75 0
199.471228494041 3.75 0
197.7626494424247 3.75 0
196.0626132962472 3.75 0
194.3710773285504 3.75 0
192.687999037482 3.75 0
191.0133361440114 3.75 0
189.3470465714749 3.75 0
187.6890884435079 3.75 0
186.0394201003696 3.75 0
184.398000096723 3.75 0
182.7647871996162 3.75 0
181.1397403679212 3.75 0
179.5228187689037 3.75 0
177.913981775883 3.75 0
176.3131889664582 3.75 0
174.7204001201986 3.75 0
173.1355752169013 3.75 0
171.5586744343116 3.75 0
169.989658146411 3.75 0
168.4284869395415 3.75 0
166.8751215921647 3.75 0
165.3295230728272 3.75 0
163.7916525566976 3.75 0
162.2614714050022 3.75 0
160.7389411450275 3.75 0
159.2240235232655 3.75 0
157.7166805032678 3.75 0
156.2168742085737 3.75 0
154.7245669395207 3.75 0
153.2397212078881 3.75 0
151.7622996982436 3.75 0
150.2922652846107 3.75 0
148.8295810467814 3.75 0
147.3742102317053 3.75 0
145.9261162701977 3.75 0
144.4852627933413 3.75 0
143.0516135936904 3.75 0
141.6251326240961 3.75 0
140.2057840505864 3.75 0
138.7935322320674 3.75 0
137.3883416819471 3.75 0
135.9901770847554 3.75 0
134.5990032944051 3.75 0
133.2147853692122 3.75 0
131.8374885330658 3.75 0
130.4670781740953 3.75 0
129.1035198793646 3.75 0
127.7467793780737 3.75 0
126.3968225768306 3.75 0
125.0536155576343 3.75 0
123.7171245764233 3.75 0
122.3873160610844 3.75 0
121.0641565916527 3.75 0
119.7476129169037 3.75 0
118.4376519527689 3.75 0
117.134240798953 3.75 0
115.8373467004415 3.75 0
114.5469370645117 3.75 0
113.2629794772033 3.75 0
111.9854416834212 3.75 0
110.7142915852413 3.75 0
109.4494972404112 3.75 0
108.1910268606803 3.75 0
106.9388488286989 3.75 0
105.6929316963758 3.75 0
104.4532441457406 3.75 0
103.2197550261306 3.75 0
101.9924333505181 3.75 0
100.7712482766604 3.75 0
99.556169123698 3.75 0
98.34716537057921 3.75 0
97.14420663612128 3.75 0
95.94726269601597 3.75 0
94.75630348110377 3.75 0
93.57129905765487 3.75 0
92.39221966259686 3.75 0
91.21903566507694 3.75 0
90.05171758370631 3.75 0
88.89023610308226 3.75 0
87.73456203574995 3.75 0
86.58466633911286 3.75 0
85.44052011398179 3.75 0
84.30209462150731 3.75 0
83.16936126319166 3.75 0
82.04229156127985 3.75 0
80.92085719409863 3.75 0
79.80502999447566 3.75 0
78.69478192997684 3.75 0
77.59008511990567 3.75 0
76.49091179700434 3.75 0
75.39723432484055 3.75 0
74.30902525121746 3.75 0
73.22625723315753 3.75 0
72.14890305432135 3.75 0
71.07693564170023 3.75 0
70.01032806449541 3.75 0
68.94905353245758 3.75 0
67.89308537641318 3.75 0
66.8423970651811 3.75 0
65.79696218593568 3.75 0
64.75675447970195 3.75 0
63.72174782137006 3.75 0
62.69191618189711 3.75 0
61.66723370058168 3.75 0
60.64767464654847 3.75 0
59.63321338116509 3.75 0
58.62382441178562 3.75 0
57.61948239038293 3.75 0
56.62016207543991 3.75 0
55.62583834934361 3.75 0
54.63648625360906 3.75 0
53.65208093242637 3.75 0
52.67259763170807 3.75 0
51.69801173452583 3.75 0
50.72829875980739 3.75 0
49.76343436104418 3.75 0
48.8033942882584 3.75 0
47.84815440547146 3.75 0
46.89769072600251 3.75 0
45.95197937446312 3.75 0
45.01099658569456 3.75 0
44.07471870352919 3.75 0
43.14312219811944 3.75 0
42.21618368290643 3.75 0
41.29387985828657 3.75 0
40.37618754752492 3.75 0
39.46308371356736 3.75 0
38.55454540291652 3.75 0
37.65054978138818 3.75 0
36.75107413275794 3.75 0
35.85609585778695 3.75 0
34.96559247288627 3.75 0
34.07954160915887 3.75 0
33.19792101108152 3.75 0
32.32070851718987 3.75 0
31.44788207733467 3.75 0
30.57941976994755 3.75 0
29.71529978238271 3.75 0
28.85550039163394 3.75 0
1 27 0 42
1272
1273
1274
1275
1276
1277
1278
1279
1280
1281
1282
1283
1284
1285
1286
1287
1288
1289
1290
1291
1292
1293
1294
1295
1296
1297
1298
1299
1300
1301
1302
1303
1304
1305
1306
1307
1308
1309
1310
1311
1312
1313
-97.37815078444656 3.75 0
-94.78252005661764 3.75 0
-92.21284563433379 3.75 0
-89.66886795439586 3.75 0
-87.15033005468914 3.75 0
-84.65697753578264 3.75 0
-82.18855853744789 3.75 0
-79.74482372890807 3.75 0
-77.32552627224484 3.75 0
-74.93042179319056 3.75 0
-72.55926835941875 3.75 0
-70.21182645915931 3.75 0
-67.88785897351963 3.75 0
-65.58713116303223 3.75 0
-63.30941063383505 3.75 0
-61.05446731159504 3.75 0
-58.822073422496 3.75 0
-56.61200346797407 3.75 0
-54.42403421355375 3.75 0
-52.25794465050966 3.75 0
-50.11351597905517 3.75 0
-47.99053159833917 3.75 0
-45.88877706268672 3.75 0
-43.80804007294434 3.75 0
-41.74811045400076 3.75 0
-39.70878012633915 3.75 0
-37.68984310522756 3.75 0
-35.69109545893041 3.75 0
-33.7123352884874 3.75 0
-31.7533627211956 3.75 0
-29.81397987714774 3.75 0
-27.89399085690435 3.75 0
-25.99320172935012 3.75 0
-24.11142049245036 3.75 0
-22.24845706228903 3.75 0
-20.40412326888406 3.75 0
-18.57823281813606 3.75 0
-16.77060126812385 3.75 0
-14.98104603324309 3.75 0
-13.20938635390576 3.75 0
-11.4554432672083 3.75 0
-9.719039612037918 3.75 0
1 28 0 6
1314
1315
1316
1317
1318
1319
-8 2.605767537186919 0
-8 1.804804815302618 0
-8 1.244130909695705 0
-8 0.8516591729921714 0
-8 0.5769289608765709 0
-8 0.3846178114020709 0
1 29 0 6
1320
1321
1322
1323
1324
1325
28 2.605767537186919 0
28 1.804804815302618 0
28 1.244130909695705 0
28 0.8516591729921714 0
28 0.5769289608765709 0
28 0.3846178114020709 0
2 1 0 804
1326
1327
1328
1329
1330
1331
1332
1333
1334
1335
1336
1337
1338
1339
1340
1341
1342
1343
1344
1345
1346
1347
1348
1349
1350
1351
1352
1353
1354
1355
1356
1357
1358
1359
1360
1361
1362
1363
1364
1365
1366
1367
1368
1369
1370
1371
1372
1373
1374
1375
1376
1377
1378
1379
1380
1381
1382
1383
1384
1385
1386
1387
1388
1389
1390
1391
1392
1393
1394
1395
1396
1397
1398
1399
1400
1401
1402
1403
1404
1405
1406
1407
1408
1409
1410
1411
1412
1413
1414
1415
1416
1417
1418
1419
1420
1421
1422
1423
1424
1425
1426
1427
1428
1429
1430
1431
1432
1433
1434
1435
1436
1437
1438
1439
1440
1441
1442
1443
1444
1445
1446
1447
1448
1449
1450
1451
1452
1453
1454
1455
1456
1457
1458
1459
1460
1461
1462
1463
1464
1465
1466
1467
1468
1469
1470
1471
1472
1473
1474
1475
1476
1477
1478
1479
1480
1481
1482
1483
1484
1485
1486
1487
1488
1489
1490
1491
1492
1493
1494
1495
1496
1497
1498
1499
1500
1501
1502
1503
1504
1505
1506
1507
1508
1509
1510
1511
1512
1513
1514
1515
1516
1517
1518
1519
1520
1521
1522
1523
1524
1525
1526
1527
1528
1529
1530
1531
1532
1533
1534
1535
1536
1537
1538
1539
1540
1541
1542
1543
1544
1545
1546
1547
1548
1549
1550
1551
1552
1553
1554
1555
1556
1557
1558
1559
1560
1561
1562
1563
1564
1565
1566
1567
1568
1569
1570
1571
1572
1573
1574
1575
1576
1577
1578
1579
1580
1581
1582
1583
1584
1585
1586
1587
1588
1589
1590
1591
1592
1593
1594
1595
1596
1597
1598
1599
1600
1601
1602
1603
1604
1605
1606
1607
1608
1609
1610
1611
1612
1613
1614
1615
1616
1617
1618
1619
1620
1621
1622
1623
1624
1625
1626
1627
1628
1629
1630
1631
1632
1633
1634
1635
1636
1637
1638
1639
1640
1641
1642
1643
1644
1645
1646
1647
1648
1649
1650
1651
1652
1653
1654
1655
1656
1657
1658
1659
1660
1661
1662
1663
1664
1665
1666
1667
1668
1669
1670
1671
1672
1673
1674
1675
1676
1677
1678
1679
1680
1681
1682
1683
1684
1685
1686
1687
1688
1689
1690
1691
1692
1693
1694
1695
1696
1697
1698
1699
1700
1701
1702
1703
1704
1705
1706
1707
1708
1709
1710
1711
1712
1713
1714
1715
1716
1717
1718
1719
1720
1721
1722
1723
1724
1725
1726
1727
1728
1729
1730
1731
1732
1733
1734
1735
1736
1737
1738
1739
1740
1741
1742
1743
1744
1745
1746
1747
1748
1749
1750
1751
1752
1753
1754
1755
1756
1757
1758
1759
1760
1761
1762
1763
1764
1765
1766
1767
1768
1769
1770
1771
1772
1773
1774
1775
1776
1777
1778
1779
1780
1781
1782
1783
1784
1785
1786
1787
1788
1789
1790
1791
1792
1793
1794
1795
1796
1797
1798
1799
1800
1801
1802
1803
1804
1805
1806
1807
1808
1809
1810
1811
1812
1813
1814
1815
1816
1817
1818
1819
1820
1821
1822
1823
1824
1825
1826
1827
1828
1829
1830
1831
1832
1833
1834
1835
1836
1837
1838
1839
1840
1841
1842
1843
1844
1845
1846
1847
1848
1849
1850
1851
1852
1853
1854
1855
1856
1857
1858
1859
1860
1861
1862
1863
1864
1865
1866
1867
1868
1869
1870
1871
1872
1873
1874
1875
1876
1877
1878
1879
1880
1881
1882
1883
1884
1885
1886
1887
1888
1889
1890
1891
1892
1893
1894
1895
1896
1897
1898
1899
1900
1901
1902
1903
1904
1905
1906
1907
1908
1909
1910
1911
1912
1913
1914
1915
1916
1917
1918
1919
1920
1921
1922
1923
1924
1925
1926
1927
1928
1929
1930
1931
1932
1933
1934
1935
1936
1937
1938
1939
1940
1941
1942
1943
1944
1945
1946
1947
1948
1949
1950
1951
1952
1953
1954
1955
1956
1957
1958
1959
1960
1961
1962
1963
1964
1965
1966
1967
1968
1969
1970
1971
1972
1973
1974
1975
1976
1977
1978
1979
1980
1981
1982
1983
1984
1985
1986
1987
1988
1989
1990
1991
1992
1993
1994
1995
1996
1997
1998
1999
2000
2001
2002
2003
2004
2005
2006
2007
2008
2009
2010
2011
2012
2013
2014
2015
2016
2017
2018
2019
2020
2021
2022
2023
2024
2025
2026
2027
2028
2029
2030
2031
2032
2033
2034
2035
2036
2037
2038
2039
2040
2041
2042
2043
2044
2045
2046
2047
2048
2049
2050
2051
2052
2053
2054
2055
2056
2057
2058
2059
2060
2061
2062
2063
2064
2065
2066
2067
2068
2069
2070
2071
2072
2073
2074
2075
2076
2077
2078
2079
2080
2081
2082
2083
2084
2085
2086
2087
2088
2089
2090
2091
2092
2093
2094
2095
2096
2097
2098
2099
2100
2101
2102
2103
2104
2105
2106
2107
2108
2109
2110
2111
2112
2113
2114
2115
2116
2117
2118
2119
2120
2121
2122
2123
2124
2125
2126
2127
2128
2129
-97.37815078444653 0.05593607346046207 0
-97.37815078444656 0.1358447491342039 0
-94.7825200566176 0.0559360734600112 0
-94.78252005661764 0.1358447491329162 0
-92.2128456343338 0.05593607345956483 0
-92.21284563433379 0.1358447491316416 0
-89.66886795439588 0.05593607345912294 0
-89.66886795439586 0.1358447491303796 0
-87.15033005468911 0.05593607345868545 0
-87.15033005468914 0.1358447491291303 0
-84.65697753578266 0.05593607345825236 0
-84.65697753578266 0.1358447491278935 0
-82.18855853744789 0.05593607345782357 0
-82.1885585374479 0.135844749126669 0
-79.74482372890809 0.05593607345739908 0
-79.74482372890806 0.1358447491254567 0
-77.32552627224483 0.05593607345697885 0
-77.32552627224483 0.1358447491242567 0
-74.93042179319055 0.05593607345656278 0
-74.93042179319056 0.1358447491230685 0
-72.55926835941874 0.05593607345615093 0
-72.55926835941874 0.1358447491218924 0
-70.2118264591593 0.05593607345574317 0
-70.21182645915928 0.1358447491207279 0
-67.88785897351963 0.05593607345533948 0
-67.88785897351963 0.1358447491195751 0
-65.58713116303223 0.05593607345493982 0
-65.58713116303221 0.1358447491184338 0
-63.30941063383503 0.05593607345454419 0
-63.30941063383504 0.1358447491173039 0
-61.05446731159506 0.05593607345415248 0
-61.05446731159504 0.1358447491161854 0
-58.82207342249599 0.05593607345376471 0
-58.82207342249599 0.135844749115078 0
-56.61200346797407 0.05593607345338081 0
-56.61200346797406 0.1358447491139817 0
-54.42403421355375 0.05593607345300075 0
-54.42403421355375 0.1358447491128963 0
-52.25794465050967 0.05593607345262449 0
-52.25794465050966 0.1358447491118218 0
-50.11351597905517 0.055936073452252 0
-50.11351597905518 0.1358447491107581 0
-47.99053159833918 0.05593607345188321 0
-47.99053159833918 0.135844749109705 0
-45.88877706268674 0.05593607345151813 0
-45.88877706268671 0.1358447491086624 0
-43.80804007294434 0.0559360734511567 0
-43.80804007294434 0.1358447491076302 0
-41.74811045400077 0.05593607345079887 0
-41.74811045400075 0.1358447491066084 0
-39.70878012633916 0.05593607345044463 0
-39.70878012633915 0.1358447491055969 0
-37.68984310522757 0.05593607345009394 0
-37.68984310522755 0.1358447491045953 0
-35.69109545893043 0.05593607344974674 0
-35.69109545893041 0.1358447491036038 0
-33.7123352884874 0.05593607344940302 0
-33.71233528848741 0.1358447491026222 0
-31.7533627211956 0.05593607344906273 0
-31.7533627211956 0.1358447491016505 0
-29.81397987714774 0.05593607344872586 0
-29.81397987714775 0.1358447491006885 0
-27.89399085690435 0.05593607344839235 0
-27.89399085690436 0.1358447490997361 0
-25.99320172935011 0.05593607344806217 0
-25.9932017293501 0.1358447490987932 0
-24.11142049245036 0.0559360734477353 0
-24.11142049245037 0.1358447490978597 0
-22.24845706228903 0.0559360734474117 0
-22.24845706228902 0.1358447490969356 0
-20.40412326888408 0.05593607344709133 0
-20.40412326888407 0.1358447490960207 0
-18.57823281813607 0.05593607344677416 0
-18.57823281813606 0.135844749095115 0
-16.77060126812386 0.05593607344646016 0
-16.77060126812386 0.1358447490942183 0
-14.98104603324309 0.05593607344614931 0
-14.98104603324309 0.1358447490933306 0
-13.20938635390576 0.05593607344584155 0
-13.20938635390576 0.1358447490924518 0
-11.45544326720828 0.05593607344553689 0
-11.45544326720829 0.1358447490915817 0
-9.719039612037928 0.05593607344523528 0
-9.719039612037925 0.1358447490907203 0
-8.000000000000014 0.05593607344493667 0
-8.000000000000007 0.1358447490898676 0
-6.34165207986905 0.05593607344464861 0
-6.341652079869029 0.135844749089045 0
-5.014973734940989 0.05593607344441816 0
-5.014973734940982 0.1358447490883869 0
-3.953631063057651 0.05593607344423379 0
-3.953631063057673 0.1358447490878604 0
-3.104556921181085 0.0559360734440863 0
-3.10455692118108 0.1358447490874392 0
-2.425297599075954 0.05593607344396831 0
-2.425297599075954 0.1358447490871023 0
-1.881890143741694 0.05593607344387393 0
-1.881890143741691 0.1358447490868327 0
-1.447164189085487 0.05593607344379842 0
-1.447164189085495 0.135844749086617 0
-1.099383426161848 0.05593607344373799 0
-1.099383426161848 0.1358447490864445 0
-0.8211588138148924 0.05593607344368967 0
-0.8211588138148889 0.1358447490863065 0
-0.5985791233905227 0.05593607344365101 0
-0.5985791233905404 0.1358447490861961 0
-0.4205153690241294 0.05593607344362007 0
-0.4205153690241437 0.1358447490861078 0
-0.278064360730605 0.05593607344359533 0
-0.2780643607306157 0.1358447490860371 0
-0.1641035566132647 0.05593607344357554 0
-0.1641035566132576 0.1358447490859806 0
-0.07293491851229295 0.05593607344355971 0
-0.07293491851229295 0.1358447490859354 0
-3.552713678800501e-15 0.05593607344354704 0
0 0.1358447490858992 0
0.06140088890567513 0.05593607344353636 0
0.06140088890567158 0.1358447490858687 0
0.1335359949828223 0.05593607344352383 0
0.1335359949828223 0.1358447490858329 0
0.2182819068022255 0.05593607344350912 0
0.2182819068022255 0.1358447490857909 0
0.3178432578633812 0.05593607344349182 0
0.3178432578633813 0.1358447490857415 0
0.4348101031513159 0.05593607344347151 0
0.4348101031513265 0.1358447490856835 0
0.572225315009085 0.05593607344344764 0
0.5722253150090566 0.1358447490856153 0
0.7336637226974629 0.0559360734434196 0
0.7336637226974771 0.1358447490855352 0
0.9233250963816528 0.05593607344338665 0
0.9233250963816566 0.1358447490854412 0
1.1461434245873 0.05593607344334794 0
1.1461434245873 0.1358447490853306 0
1.407915271677675 0.05593607344330247 0
1.407915271677654 0.1358447490852008 0
1.715450579525563 0.05593607344324905 0
1.715450579525562 0.1358447490850482 0
2.076749801948974 0.0559360734431863 0
2.076749801948985 0.135844749084869 0
2.501212039300327 0.05593607344311256 0
2.501212039300338 0.1358447490846585 0
2.999879571597561 0.05593607344302594 0
2.999879571597559 0.1358447490844111 0
3.585725109640151 0.05593607344292417 0
3.585725109640151 0.1358447490841205 0
4.273989272353548 0.05593607344280462 0
4.273989272353555 0.1358447490837791 0
5.082577079764107 0.05593607344266416 0
5.082577079764128 0.135844749083378 0
6.032523748495993 0.05593607344249915 0
6.032523748495983 0.1358447490829068 0
7.148541905869894 0.05593607344230529 0
7.148541905869893 0.1358447490823531 0
8.459664479024813 0.05593607344207754 0
8.459664479024806 0.1358447490817027 0
9.999999999999996 0.05593607344180998 0
9.999999999999993 0.1358447490809387 0
11.1092961621284 0.0559360734416173 0
11.1092961621284 0.1358447490803884 0
12.10161071151608 0.05593607344144493 0
12.10161071151607 0.1358447490798962 0
12.98928002454122 0.05593607344129073 0
12.98928002454122 0.1358447490794558 0
13.7833395386732 0.05593607344115281 0
13.78333953867319 0.135844749079062 0
14.49366094744197 0.05593607344102941 0
14.49366094744197 0.1358447490787096 0
15.12907491401377 0.05593607344091904 0
15.12907491401377 0.1358447490783944 0
15.69748084525581 0.05593607344082031 0
15.69748084525581 0.1358447490781124 0
16.20594512079051 0.05593607344073199 0
16.20594512079052 0.1358447490778602 0
16.66078893353691 0.05593607344065298 0
16.66078893353693 0.1358447490776346 0
17.0676668707729 0.0559360734405823 0
17.06766687077291 0.1358447490774327 0
17.43163721242211 0.05593607344051907 0
17.4316372124221 0.1358447490772522 0
17.75722480375267 0.05593607344046253 0
17.75722480375266 0.1358447490770907 0
18.04847732584608 0.05593607344041193 0
18.04847732584607 0.1358447490769462 0
18.30901560330177 0.05593607344036666 0
18.30901560330175 0.135844749076817 0
18.54207863011941 0.05593607344032619 0
18.54207863011941 0.1358447490767014 0
18.7505638295579 0.05593607344028997 0
18.7505638295579 0.1358447490765979 0
18.93706307679495 0.05593607344025759 0
18.93706307679495 0.1358447490765055 0
19.103894914952 0.05593607344022859 0
19.10389491495201 0.1358447490764226 0
19.25313338444655 0.05593607344020268 0
19.25313338444654 0.1358447490763486 0
19.38663380878592 0.05593607344017948 0
19.3866338087859 0.1358447490762824 0
19.50605584403255 0.05593607344015875 0
19.50605584403255 0.1358447490762231 0
19.61288414183988 0.05593607344014018 0
19.61288414183988 0.1358447490761702 0
19.70844678817447 0.05593607344012358 0
19.70844678817447 0.1358447490761228 0
19.79393180520013 0.05593607344010873 0
19.79393180520014 0.1358447490760804 0
19.87040194216625 0.05593607344009545 0
19.87040194216625 0.1358447490760424 0
19.93880786784081 0.05593607344008357 0
19.93880786784081 0.1358447490760085 0
20 0.05593607344007294 0
20.00000000000001 0.1358447490759782 0
20.06139887086821 0.05593607344006228 0
20.06139887086819 0.1358447490759477 0
20.12961983187678 0.05593607344005043 0
20.12961983187679 0.1358447490759138 0
20.20542090192629 0.05593607344003726 0
20.2054209019263 0.1358447490758763 0
20.28964431828457 0.05593607344002263 0
20.28964431828455 0.1358447490758344 0
20.38322589444375 0.05593607344000637 0
20.38322589444375 0.135844749075788 0
20.48720542124968 0.05593607343998831 0
20.48720542124968 0.1358447490757365 0
20.6027382279275 0.05593607343996823 0
20.6027382279275 0.1358447490756792 0
20.73110801493105 0.05593607343994594 0
20.73110801493107 0.1358447490756155 0
20.87374111105214 0.05593607343992117 0
20.87374111105215 0.1358447490755447 0
21.03222232858628 0.05593607343989365 0
21.03222232858627 0.1358447490754661 0
21.20831256894116 0.05593607343986305 0
21.20831256894116 0.1358447490753788 0
21.40396839160717 0.05593607343982906 0
21.40396839160716 0.1358447490752817 0
21.62136375296846 0.05593607343979129 0
21.62136375296845 0.1358447490751739 0
21.86291415516177 0.05593607343974934 0
21.86291415516176 0.1358447490750541 0
22.1313034875832 0.05593607343970272 0
22.13130348758318 0.1358447490749209 0
22.42951385554308 0.05593607343965093 0
22.42951385554307 0.135844749074773 0
22.7608587086736 0.05593607343959336 0
22.76085870867358 0.1358447490746086 0
23.12901965657547 0.05593607343952942 0
23.12901965657547 0.135844749074426 0
23.53808737419692 0.05593607343945836 0
23.53808737419694 0.1358447490742231 0
23.99260706202659 0.05593607343937941 0
23.99260706202659 0.1358447490739976 0
24.49762893830042 0.05593607343929168 0
24.49762893830041 0.1358447490737471 0
25.05876435390514 0.05593607343919421 0
25.05876435390515 0.1358447490734688 0
25.682248150839 0.05593607343908592 0
25.682248150839 0.1358447490731595 0
26.37500792800407 0.05593607343896558 0
26.37500792800407 0.1358447490728158 0
27.14474101615036 0.05593607343883186 0
27.14474101615038 0.135844749072434 0
27.99999999999999 0.0559360734386833 0
28.00000000000001 0.1358447490720097 0
28.85550041001285 0.0559360734385347 0
28.85550041001287 0.1358447490715854 0
29.71529980076566 0.05593607343838534 0
29.71529980076568 0.1358447490711588 0
30.57941978833425 0.05593607343823526 0
30.57941978833426 0.1358447490707302 0
31.44788209572461 0.05593607343808439 0
31.44788209572459 0.1358447490702994 0
32.32070853558274 0.05593607343793278 0
32.32070853558272 0.1358447490698664 0
33.19792102947682 0.05593607343778041 0
33.19792102947682 0.1358447490694313 0
34.07954162755596 0.05593607343762726 0
34.07954162755594 0.135844749068994 0
34.96559249128477 0.05593607343747335 0
34.96559249128478 0.1358447490685544 0
35.8560958761864 0.05593607343731866 0
35.8560958761864 0.1358447490681127 0
36.75107415115789 0.0559360734371632 0
36.75107415115786 0.1358447490676687 0
37.65054979978819 0.05593607343700697 0
37.65054979978817 0.1358447490672225 0
38.55454542131629 0.05593607343684993 0
38.55454542131631 0.1358447490667741 0
39.46308373196629 0.05593607343669212 0
39.46308373196629 0.1358447490663234 0
40.37618756592259 0.05593607343653351 0
40.37618756592258 0.1358447490658705 0
41.29387987668249 0.05593607343637411 0
41.2938798766825 0.1358447490654153 0
42.21618370130021 0.05593607343621389 0
42.21618370130022 0.1358447490649578 0
43.14312221651051 0.05593607343605286 0
43.14312221651052 0.1358447490644979 0
44.07471872191714 0.05593607343589105 0
44.07471872191714 0.1358447490640358 0
45.01099660407866 0.05593607343572841 0
45.01099660407868 0.1358447490635714 0
45.95197939284301 0.05593607343556496 0
45.951979392843 0.1358447490631046 0
46.89769074437775 0.05593607343540069 0
46.89769074437776 0.1358447490626355 0
47.84815442384156 0.05593607343523559 0
47.84815442384156 0.135844749062164 0
48.80339430662274 0.05593607343506966 0
48.80339430662274 0.1358447490616902 0
49.7634343794023 0.05593607343490289 0
49.76343437940231 0.1358447490612139 0
50.72829877815884 0.05593607343473529 0
50.72829877815883 0.1358447490607353 0
51.6980117528699 0.05593607343456684 0
51.69801175286991 0.1358447490602543 0
52.67259765004435 0.05593607343439756 0
52.67259765004435 0.1358447490597708 0
53.65208095075425 0.05593607343422741 0
53.65208095075425 0.135844749059285 0
54.63648627192805 0.05593607343405642 0
54.63648627192802 0.1358447490587966 0
55.62583836765319 0.05593607343388457 0
55.62583836765318 0.1358447490583059 0
56.62016209373948 0.05593607343371185 0
56.62016209373952 0.1358447490578126 0
57.61948240867197 0.05593607343353826 0
57.61948240867196 0.1358447490573169 0
58.62382443006354 0.0559360734333638 0
58.62382443006354 0.1358447490568187 0
59.63321339943109 0.05593607343318847 0
59.63321339943113 0.135844749056318 0
60.64767466480225 0.05593607343301224 0
60.64767466480224 0.1358447490558148 0
61.66723371882249 0.05593607343283515 0
61.66723371882249 0.135844749055309 0
62.69191620012445 0.05593607343265715 0
62.69191620012445 0.1358447490548007 0
63.72174783958328 0.05593607343247828 0
63.72174783958329 0.1358447490542899 0
64.7567544979006 0.05593607343229848 0
64.75675449790057 0.1358447490537765 0
65.79696220411898 0.0559360734321178 0
65.79696220411896 0.1358447490532605 0
66.84239708334853 0.05593607343193619 0
66.84239708334849 0.1358447490527419 0
67.89308539456411 0.05593607343175369 0
67.89308539456411 0.1358447490522207 0
68.94905355059146 0.05593607343157025 0
68.94905355059149 0.1358447490516969 0
70.01032808261151 0.05593607343138592 0
70.01032808261149 0.1358447490511704 0
71.07693565979787 0.05593607343120063 0
71.07693565979787 0.1358447490506414 0
72.14890307240013 0.05593607343101444 0
72.14890307240009 0.1358447490501096 0
73.22625725121651 0.05593607343082729 0
73.22625725121651 0.1358447490495752 0
74.30902526925624 0.05593607343063921 0
74.30902526925624 0.135844749049038 0
75.3972343428584 0.05593607343045019 0
75.39723434285841 0.1358447490484982 0
76.49091181500042 0.05593607343026021 0
76.4909118150004 0.1358447490479557 0
77.5900851378794 0.05593607343006927 0
77.59008513787938 0.1358447490474105 0
78.6947819479274 0.05593607342987737 0
78.6947819479274 0.1358447490468625 0
79.80503001240244 0.05593607342968453 0
79.80503001240243 0.1358447490463117 0
80.92085721200112 0.0559360734294907 0
80.92085721200108 0.1358447490457582 0
82.04229157915718 0.05593607342929591 0
82.04229157915714 0.1358447490452019 0
83.16936128104319 0.05593607342910012 0
83.16936128104318 0.1358447490446428 0
84.3020946393322 0.05593607342890337 0
84.30209463933224 0.1358447490440809 0
85.44052013177952 0.05593607342870562 0
85.44052013177955 0.1358447490435162 0
86.58466635688268 0.05593607342850687 0
86.58466635688268 0.1358447490429487 0
87.73456205349098 0.05593607342830713 0
87.73456205349096 0.1358447490423783 0
88.89023612079384 0.05593607342810639 0
88.8902361207938 0.135844749041805 0
90.05171760138752 0.05593607342790463 0
90.05171760138754 0.1358447490412288 0
91.21903568272717 0.05593607342770186 0
91.21903568272718 0.1358447490406498 0
92.3922196802155 0.05593607342749807 0
92.3922196802155 0.1358447490400678 0
93.57129907524092 0.05593607342729326 0
93.5712990752409 0.135844749039483 0
94.75630349865669 0.05593607342708742 0
94.75630349865671 0.1358447490388951 0
95.9472627135347 0.05593607342688055 0
95.94726271353468 0.1358447490383043 0
97.14420665360518 0.05593607342667263 0
97.14420665360515 0.1358447490377106 0
98.34716538802753 0.05593607342646367 0
98.34716538802755 0.1358447490371139 0
99.55616914110983 0.05593607342625365 0
99.55616914110982 0.1358447490365141 0
100.7712482940349 0.05593607342604259 0
100.7712482940349 0.1358447490359114 0
101.9924333678545 0.05593607342583047 0
101.9924333678545 0.1358447490353056 0
103.2197550434281 0.05593607342561728 0
103.2197550434282 0.1358447490346968 0
104.4532441629985 0.05593607342540302 0
104.4532441629986 0.1358447490340849 0
105.6929317135502 0.05593607342518768 0
105.6929317135502 0.13584474903347 0
106.9388488458749 0.05593607342497126 0
106.938848845875 0.1358447490328519 0
108.1910268778141 0.05593607342475375 0
108.1910268778142 0.1358447490322308 0
109.449497257502 0.05593607342453515 0
109.4494972575021 0.1358447490316065 0
110.7142916022882 0.05593607342431545 0
110.7142916022882 0.1358447490309791 0
111.9854417004234 0.05593607342409464 0
111.9854417004234 0.1358447490303486 0
113.2629794941597 0.05593607342387272 0
113.2629794941598 0.1358447490297149 0
114.5469370814215 0.0559360734236497 0
114.5469370814215 0.1358447490290779 0
115.8373467173038 0.05593607342342555 0
115.8373467173038 0.1358447490284379 0
117.1342408157669 0.05593607342320027 0
117.1342408157669 0.1358447490277945 0
118.4376519695335 0.05593607342297385 0
118.4376519695335 0.1358447490271479 0
119.7476129336182 0.05593607342274631 0
119.7476129336182 0.1358447490264981 0
121.064156608316 0.05593607342251762 0
121.064156608316 0.1358447490258451 0
122.3873160776958 0.05593607342228779 0
122.3873160776957 0.1358447490251887 0
123.7171245929816 0.05593607342205678 0
123.7171245929816 0.135844749024529 0
125.0536155741385 0.05593607342182463 0
125.0536155741385 0.1358447490238661 0
126.3968225932798 0.05593607342159131 0
126.3968225932798 0.1358447490231998 0
127.746779394467 0.05593607342135683 0
127.746779394467 0.1358447490225301 0
129.1035198957011 0.05593607342112115 0
129.1035198957011 0.1358447490218571 0
130.467078190374 0.05593607342088429 0
130.4670781903741 0.1358447490211807 0
131.8374885492856 0.05593607342064624 0
131.8374885492856 0.1358447490205009 0
133.2147853853724 0.055936073420407 0
133.2147853853724 0.1358447490198177 0
134.5990033105044 0.05593607342016656 0
134.5990033105044 0.1358447490191311 0
135.9901771007928 0.0559360734199249 0
135.9901771007928 0.135844749018441 0
137.3883416979216 0.05593607341968205 0
137.3883416979216 0.1358447490177474 0
138.7935322479781 0.05593607341943795 0
138.7935322479781 0.1358447490170503 0
140.205784066432 0.05593607341919263 0
140.205784066432 0.1358447490163498 0
141.6251326398756 0.05593607341894609 0
141.6251326398756 0.1358447490156457 0
143.0516136094028 0.0559360734186983 0
143.0516136094028 0.1358447490149381 0
144.4852628089463 0.05593607341844926 0
144.4852628089463 0.1358447490142269 0
145.9261162857727 0.05593607341819898 0
145.9261162857727 0.1358447490135122 0
147.3742102472096 0.05593607341794744 0
147.3742102472096 0.1358447490127939 0
148.8295810622143 0.05593607341769463 0
148.8295810622144 0.135844749012072 0
150.292265299971 0.05593607341744056 0
150.2922652999709 0.1358447490113464 0
151.7622997135302 0.05593607341718521 0
151.7622997135301 0.1358447490106172 0
153.2397212230996 0.05593607341692858 0
153.2397212230996 0.1358447490098843 0
154.7245669546563 0.05593607341667065 0
154.7245669546563 0.1358447490091478 0
156.2168742236324 0.05593607341641144 0
156.2168742236324 0.1358447490084075 0
157.7166805182482 0.05593607341615089 0
157.7166805182481 0.1358447490076635 0
159.2240235381666 0.05593607341588908 0
159.2240235381666 0.1358447490069158 0
160.7389411598481 0.05593607341562593 0
160.7389411598481 0.1358447490061643 0
162.2614714197412 0.05593607341536146 0
162.2614714197412 0.135844749005409 0
163.7916525713536 0.05593607341509566 0
163.7916525713536 0.13584474900465 0
165.3295230873991 0.05593607341482852 0
165.3295230873991 0.1358447490038871 0
166.8751216066514 0.05593607341456004 0
166.8751216066514 0.1358447490031204 0
168.4284869539418 0.05593607341429022 0
168.4284869539417 0.1358447490023499 0
169.9896581607235 0.05593607341401904 0
169.9896581607235 0.1358447490015755 0
171.5586744485349 0.05593607341374648 0
171.5586744485349 0.1358447490007971 0
173.1355752310342 0.05593607341347258 0
173.1355752310342 0.1358447490000149 0
174.7204001342397 0.05593607341319728 0
174.7204001342398 0.1358447489992288 0
176.3131889804065 0.0559360734129206 0
176.3131889804065 0.1358447489984387 0
177.9139817897372 0.05593607341264255 0
177.9139817897371 0.1358447489976446 0
179.5228187826624 0.05593607341236308 0
179.5228187826625 0.1358447489968465 0
181.1397403815831 0.05593607341208222 0
181.1397403815831 0.1358447489960445 0
182.7647872131799 0.05593607341179993 0
182.7647872131799 0.1358447489952384 0
184.3980001101873 0.05593607341151624 0
184.3980001101873 0.1358447489944282 0
186.0394201137333 0.05593607341123111 0
186.0394201137333 0.1358447489936139 0
187.6890884567694 0.05593607341094456 0
187.6890884567694 0.1358447489927956 0
189.3470465846329 0.05593607341065657 0
189.3470465846329 0.1358447489919732 0
191.0133361570647 0.05593607341036713 0
191.0133361570646 0.1358447489911466 0
192.6879990504289 0.05593607341007623 0
192.6879990504289 0.1358447489903159 0
194.3710773413896 0.05593607340978386 0
194.3710773413896 0.135844748989481 0
196.0626133089773 0.05593607340949004 0
196.0626133089773 0.135844748988642 0
197.7626494550445 0.05593607340919474 0
197.7626494550445 0.1358447489877986 0
199.4712285065489 0.05593607340889795 0
199.4712285065489 0.1358447489869511 0
201.1883933809198 0.05593607340859966 0
201.1883933809198 0.1358447489860993 0
202.9141872247518 0.0559360734082999 0
202.9141872247518 0.1358447489852432 0
204.6486533979472 0.05593607340799861 0
204.6486533979472 0.1358447489843828 0
206.3918354755095 0.05593607340769581 0
206.3918354755094 0.1358447489835181 0
208.1437772684668 0.05593607340739148 0
208.1437772684668 0.135844748982649 0
209.9045227891347 0.05593607340708563 0
209.9045227891347 0.1358447489817756 0
211.6741162717033 0.05593607340677825 0
211.6741162717032 0.1358447489808978 0
213.4526021744667 0.05593607340646932 0
213.4526021744667 0.1358447489800156 0
215.2400252004434 0.05593607340615883 0
215.2400252004434 0.1358447489791289 0
217.0364302630747 0.05593607340584679 0
217.0364302630748 0.1358447489782378 0
218.8418624881377 0.05593607340553318 0
218.8418624881378 0.1358447489773422 0
220.6563672345991 0.05593607340521799 0
220.6563672345991 0.1358447489764422 0
222.4799900967456 0.05593607340490121 0
222.4799900967456 0.1358447489755376 0
224.3127768883254 0.05593607340458286 0
224.3127768883254 0.1358447489746284 0
226.1547736629019 0.05593607340426289 0
226.1547736629019 0.1358447489737146 0
228.0060266982139 0.05593607340394133 0
228.0060266982139 0.1358447489727963 0
229.8665824980061 0.05593607340361814 0
229.866582498006 0.1358447489718734 0
231.7364878315475 0.05593607340329332 0
231.7364878315475 0.1358447489709458 0
233.6157896807426 0.05593607340296688 0
233.6157896807426 0.1358447489700136 0
235.5045352607571 0.05593607340263879 0
235.5045352607572 0.1358447489690767 0
237.402772022473 0.05593607340230906 0
237.402772022473 0.135844748968135 0
239.3105476547753 0.05593607340197768 0
239.3105476547753 0.1358447489671887 0
241.2279101054161 0.05593607340164461 0
241.2279101054162 0.1358447489662375 0
243.1549075467742 0.05593607340130989 0
243.1549075467742 0.1358447489652817 0
245.0915883963876 0.05593607340097348 0
245.0915883963877 0.135844748964321 0
247.0380013196809 0.05593607340063537 0
247.038001319681 0.1358447489633555 0
248.9941952137865 0.05593607340029558 0
248.9941952137865 0.1358447489623851 0
250.9602192284985 0.05593607339995407 0
250.9602192284985 0.1358447489614099 0
252.9361227503152 0.05593607339961085 0
252.9361227503151 0.1358447489604297 0
254.9219554232454 0.0559360733992659 0
254.9219554232454 0.1358447489594447 0
256.9177671514528 0.05593607339891921 0
256.9177671514528 0.1358447489584546 0
258.9236080833417 0.05593607339857079 0
258.9236080833418 0.1358447489574596 0
260.9395286140457 0.05593607339822061 0
260.9395286140457 0.1358447489564596 0
262.965579406324 0.05593607339786869 0
262.965579406324 0.1358447489554546 0
265.0018113748949 0.05593607339751498 0
265.0018113748951 0.1358447489544445 0
267.0482756704249 0.0559360733971595 0
267.0482756704249 0.1358447489534294 0
269.1050237004684 0.05593607339680223 0
269.1050237004684 0.1358447489524091 0
271.1721071320558 0.05593607339644317 0
271.1721071320559 0.1358447489513837 0
273.2495779126718 0.05593607339608231 0
273.2495779126718 0.1358447489503531 0
275.3374882546922 0.05593607339571963 0
275.3374882546921 0.1358447489493175 0
277.4358906194695 0.05593607339535513 0
277.4358906194695 0.1358447489482766 0
279.5448377199983 0.05593607339498879 0
279.5448377199982 0.1358447489472304 0
281.6643825417901 0.05593607339462062 0
281.6643825417901 0.135844748946179 0
283.7945783457626 0.05593607339425058 0
283.7945783457626 0.1358447489451223 0
285.9354786524044 0.05593607339387871 0
285.9354786524045 0.1358447489440603 0
288.087137244522 0.05593607339350495 0
288.0871372445218 0.135844748942993 0
290.2496081881927 0.05593607339312932 0
290.2496081881927 0.1358447489419203 0
292.4229458173621 0.05593607339275179 0
292.4229458173621 0.1358447489408422 0
294.6072047362803 0.05593607339237239 0
294.6072047362803 0.1358447489397587 0
296.8024398408888 0.05593607339199107 0
296.8024398408888 0.1358447489386697 0
299.0087062847321 0.05593607339160782 0
299.0087062847321 0.1358447489375753 0
301.2260594816451 0.05593607339122265 0
301.226059481645 0.1358447489364754 0
303.4545551452033 0.05593607339083556 0
303.4545551452032 0.1358447489353699 0
305.6942492918199 0.05593607339044651 0
305.6942492918199 0.1358447489342589 0
307.9451981883673 0.05593607339005552 0
307.9451981883673 0.1358447489331424 0
310.2074583731366 0.05593607338966254 0
310.2074583731367 0.1358447489320201 0
312.4810866955599 0.05593607338926761 0
312.4810866955599 0.1358447489308923 0
314.7661403008301 0.05593607338887069 0
314.7661403008301 0.1358447489297588 0
317.0626765959855 0.05593607338847176 0
317.0626765959855 0.1358447489286196 0
319.3707532709537 0.05593607338807084 0
319.3707532709536 0.1358447489274747 0
321.690428319986 0.0559360733876679 0
321.6904283199862 0.135844748926324 0
324.0217600261808 0.05593607338726295 0
324.0217600261809 0.1358447489251675 0
326.3648069644017 0.05593607338685594 0
326.3648069644017 0.1358447489240052 0
328.7196280042212 0.05593607338644689 0
328.7196280042214 0.1358447489228372 0
331.0862823128836 0.05593607338603579 0
331.0862823128836 0.1358447489216631 0
333.4648293582903 0.05593607338562263 0
333.4648293582903 0.1358447489204833 0
335.8553289120094 0.0559360733852074 0
335.8553289120094 0.1358447489192974 0
338.2578410339329 0.05593607338479006 0
338.2578410339329 0.1358447489181057 0
340.6724260751458 0.05593607338437064 0
340.6724260751458 0.1358447489169079 0
343.099144699376 0.05593607338394911 0
343.0991446993759 0.1358447489157041 0
345.5380578860935 0.05593607338352546 0
345.5380578860937 0.1358447489144943 0
347.9892269152606 0.05593607338309968 0
347.9892269152608 0.1358447489132784 0
350.45271337029 0.05593607338267176 0
350.45271337029 0.1358447489120564 0
352.9285791595893 0.05593607338224169 0
352.9285791595894 0.1358447489108282 0
355.4168865013796 0.05593607338180945 0
355.4168865013797 0.1358447489095939 0
357.9176979083509 0.05593607338137505 0
357.9176979083508 0.1358447489083534 0
360.4310761907176 0.05593607338093846 0
360.4310761907177 0.1358447489071066 0
362.9570845144198 0.05593607338049969 0
362.95708451442 0.1358447489058536 0
365.4957863496543 0.05593607338005871 0
365.4957863496543 0.1358447489045942 0
368.0472454734489 0.05593607337961551 0
368.0472454734489 0.1358447489033286 0
370.6115260101136 0.05593607337917007 0
370.6115260101136 0.1358447489020566 0
373.188692379108 0.05593607337872242 0
373.1886923791082 0.1358447489007781 0
375.778809334989 0.0559360733782725 0
375.7788093349891 0.1358447488994933 0
378.3819419524422 0.05593607337782032 0
378.3819419524421 0.135844748898202 0
380.9981556293462 0.05593607337736586 0
380.9981556293462 0.1358447488969042 0
383.6275161086041 0.05593607337690915 0
383.6275161086043 0.1358447488955999 0
386.2700894630646 0.05593607337645011 0
386.2700894630646 0.1358447488942891 0
388.92594208047 0.05593607337598877 0
388.9259420804701 0.1358447488929717 0
391.5951406849949 0.05593607337552513 0
391.5951406849948 0.1358447488916476 0
394.2777523407993 0.05593607337505915 0
394.2777523407994 0.1358447488903169 0
396.9738444552441 0.05593607337459082 0
396.9738444552441 0.1358447488889795 0
399.6834847824978 0.05593607337412014 0
399.6834847824978 0.1358447488876354 0
402.406741390051 0.0559360733736471 0
402.4067413900509 0.1358447488862845 0
405.1436826987552 0.05593607337317169 0
405.1436826987553 0.1358447488849268 0
407.8943774865071 0.05593607337269388 0
407.8943774865072 0.1358447488835623 0
410.6588948548406 0.05593607337221367 0
410.6588948548406 0.135844748882191 0
413.4373042690435 0.05593607337173104 0
413.4373042690435 0.1358447488808128 0
416.2296755435452 0.055936073371246 0
416.2296755435452 0.1358447488794276 0
419.0360788267778 0.05593607337075851 0
419.036078826778 0.1358447488780354 0
421.856584641556 0.05593607337026857 0
421.856584641556 0.1358447488766363 0
424.6912638521387 0.05593607336977618 0
424.6912638521387 0.1358447488752302 0
427.5401876851457 0.0559360733692813 0
427.5401876851458 0.135844748873817 0
430.4034277350037 0.05593607336878395 0
430.4034277350039 0.1358447488723967 0
433.2810559290147 0.05593607336828409 0
433.2810559290147 0.1358447488709692 0
436.1731445500865 0.05593607336778172 0
436.1731445500864 0.1358447488695346 0
439.0797662769342 0.05593607336727682 0
439.0797662769343 0.1358447488680927 0
442.0009941513355 0.0559360733667694 0
442.0009941513356 0.1358447488666437 0
444.9369015630506 0.05593607336625941 0
444.9369015630505 0.1358447488651873 0
447.8875622720709 0.05593607336574687 0
447.887562272071 0.1358447488637237 0
450.8530504121541 0.05593607336523175 0
450.8530504121541 0.1358447488622526 0
453.8334405131271 0.05593607336471404 0
453.833440513127 0.1358447488607741 0
456.8288074495378 0.05593607336419373 0
456.8288074495379 0.1358447488592883 0
459.8392264808398 0.05593607336367082 0
459.8392264808397 0.135844748857795 0
462.8647732555888 0.05593607336314527 0
462.8647732555888 0.1358447488562942 0
465.9055237781881 0.05593607336261706 0
465.9055237781881 0.1358447488547858 0
468.9615544495213 0.05593607336208622 0
468.9615544495213 0.1358447488532698 0
472.0329420524979 0.05593607336155271 0
472.032942052498 0.1358447488517462 0
475.1197637741882 0.05593607336101651 0
475.1197637741882 0.135844748850215 0
478.2220971732334 0.05593607336047762 0
478.2220971732334 0.1358447488486761 0
481.340020183296 0.05593607335993603 0
481.340020183296 0.1358447488471295 0
484.4736111540308 0.0559360733593917 0
484.4736111540309 0.1358447488455751 0
487.6229487998331 0.05593607335884465 0
487.6229487998329 0.1358447488440128 0
490.7881122586926 0.05593607335829484 0
490.7881122586925 0.1358447488424427 0
493.9691810783062 0.05593607335774228 0
493.9691810783061 0.1358447488408647 0
497.1662351645555 0.05593607335718692 0
497.1662351645555 0.1358447488392789 0
500.3793548406303 0.0559360733566288 0
500.3793548406302 0.135844748837685 0
503.6086208512384 0.05593607335606786 0
503.6086208512383 0.1358447488360831 0
506.854114329916 0.0559360733555041 0
506.854114329916 0.1358447488344732 0
510.1159168213111 0.05593607335493751 0
510.1159168213113 0.1358447488328551 0
513.3941102854856 0.05593607335436807 0
513.3941102854856 0.135844748831229 0
516.6887770835045 0.05593607335379577 0
516.6887770835045 0.1358447488295946 0
2 2 0 1269
2130
2131
2132
2133
2134
2135
2136
2137
2138
2139
2140
2141
2142
2143
2144
2145
2146
2147
2148
2149
2150
2151
2152
2153
2154
2155
2156
2157
2158
2159
2160
2161
2162
2163
2164
2165
2166
2167
2168
2169
2170
2171
2172
2173
2174
2175
2176
2177
2178
2179
2180
2181
2182
2183
2184
2185
2186
2187
2188
2189
2190
2191
2192
2193
2194
2195
2196
2197
2198
2199
2200
2201
2202
2203
2204
2205
2206
2207
2208
2209
2210
2211
2212
2213
2214
2215
2216
2217
2218
2219
2220
2221
2222
2223
2224
2225
2226
2227
2228
2229
2230
2231
2232
2233
2234
2235
2236
2237
2238
2239
2240
2241
2242
2243
2244
2245
2246
2247
2248
2249
2250
2251
2252
2253
2254
2255
2256
2257
2258
2259
2260
2261
2262
2263
2264
2265
2266
2267
2268
2269
2270
2271
2272
2273
2274
2275
2276
2277
2278
2279
2280
2281
2282
2283
2284
2285
2286
2287
2288
2289
2290
2291
2292
2293
2294
2295
2296
2297
2298
2299
2300
2301
2302
2303
2304
2305
2306
2307
2308
2309
2310
2311
2312
2313
2314
2315
2316
2317
2318
2319
2320
2321
2322
2323
2324
2325
2326
2327
2328
2329
2330
2331
2332
2333
2334
2335
2336
2337
2338
2339
2340
2341
2342
2343
2344
2345
2346
2347
2348
2349
2350
2351
2352
2353
2354
2355
2356
2357
2358
2359
2360
2361
2362
2363
2364
2365
2366
2367
2368
2369
2370
2371
2372
2373
2374
2375
2376
2377
2378
2379
2380
2381
2382
2383
2384
2385
2386
2387
2388
2389
2390
2391
2392
2393
2394
2395
2396
2397
2398
2399
2400
2401
2402
2403
2404
2405
2406
2407
2408
2409
2410
2411
2412
2413
2414
2415
2416
2417
2418
2419
2420
2421
2422
2423
2424
2425
2426
2427
2428
2429
2430
2431
2432
2433
2434
2435
2436
2437
2438
2439
2440
2441
2442
2443
2444
2445
2446
2447
2448
2449
2450
2451
2452
2453
2454
2455
2456
2457
2458
2459
2460
2461
2462
2463
2464
2465
2466
2467
2468
2469
2470
2471
2472
2473
2474
2475
2476
2477
2478
2479
2480
2481
2482
2483
2484
2485
2486
2487
2488
2489
2490
2491
2492
2493
2494
2495
2496
2497
2498
2499
2500
2501
2502
2503
2504
2505
2506
2507
2508
2509
2510
2511
2512
2513
2514
2515
2516
2517
2518
2519
2520
2521
2522
2523
2524
2525
2526
2527
2528
2529
2530
2531
2532
2533
2534
2535
2536
2537
2538
2539
2540
2541
2542
2543
2544
2545
2546
2547
2548
2549
2550
2551
2552
2553
2554
2555
2556
2557
2558
2559
2560
2561
2562
2563
2564
2565
2566
2567
2568
2569
2570
2571
2572
2573
2574
2575
2576
2577
2578
2579
2580
2581
2582
2583
2584
2585
2586
2587
2588
2589
2590
2591
2592
2593
2594
2595
2596
2597
2598
2599
2600
2601
2602
2603
2604
2605
2606
2607
2608
2609
2610
2611
2612
2613
2614
2615
2616
2617
2618
2619
2620
2621
2622
2623
2624
2625
2626
2627
2628
2629
2630
2631
2632
2633
2634
2635
2636
2637
2638
2639
2640
2641
2642
2643
2644
2645
2646
2647
2648
2649
2650
2651
2652
2653
2654
2655
2656
2657
2658
2659
2660
2661
2662
2663
2664
2665
2666
2667
2668
2669
2670
2671
2672
2673
2674
2675
2676
2677
2678
2679
2680
2681
2682
2683
2684
2685
2686
2687
2688
2689
2690
2691
2692
2693
2694
2695
2696
2697
2698
2699
2700
2701
2702
2703
2704
2705
2706
2707
2708
2709
2710
2711
2712
2713
2714
2715
2716
2717
2718
2719
2720
2721
2722
2723
2724
2725
2726
2727
2728
2729
2730
2731
2732
2733
2734
2735
2736
2737
2738
2739
2740
2741
2742
2743
2744
2745
2746
2747
2748
2749
2750
2751
2752
2753
2754
2755
2756
2757
2758
2759
2760
2761
2762
2763
2764
2765
2766
2767
2768
2769
2770
2771
2772
2773
2774
2775
2776
2777
2778
2779
2780
2781
2782
2783
2784
2785
2786
2787
2788
2789
2790
2791
2792
2793
2794
2795
2796
2797
2798
2799
2800
2801
2802
2803
2804
2805
2806
2807
2808
2809
2810
2811
2812
2813
2814
2815
2816
2817
2818
2819
2820
2821
2822
2823
2824
2825
2826
2827
2828
2829
2830
2831
2832
2833
2834
2835
2836
2837
2838
2839
2840
2841
2842
2843
2844
2845
2846
2847
2848
2849
2850
2851
2852
2853
2854
2855
2856
2857
2858
2859
2860
2861
2862
2863
2864
2865
2866
2867
2868
2869
2870
2871
2872
2873
2874
2875
2876
2877
2878
2879
2880
2881
2882
2883
2884
2885
2886
2887
2888
2889
2890
2891
2892
2893
2894
2895
2896
2897
2898
2899
2900
2901
2902
2903
2904
2905
2906
2907
2908
2909
2910
2911
2912
2913
2914
2915
2916
2917
2918
2919
2920
2921
2922
2923
2924
2925
2926
2927
2928
2929
2930
2931
2932
2933
2934
2935
2936
2937
2938
2939
2940
2941
2942
2943
2944
2945
2946
2947
2948
2949
2950
2951
2952
2953
2954
2955
2956
2957
2958
2959
2960
2961
2962
2963
2964
2965
2966
2967
2968
2969
2970
2971
2972
2973
2974
2975
2976
2977
2978
2979
2980
2981
2982
2983
2984
2985
2986
2987
2988
2989
2990
2991
2992
2993
2994
2995
2996
2997
2998
2999
3000
3001
3002
3003
3004
3005
3006
3007
3008
3009
3010
3011
3012
3013
3014
3015
3016
3017
3018
3019
3020
3021
3022
3023
3024
3025
3026
3027
3028
3029
3030
3031
3032
3033
3034
3035
3036
3037
3038
3039
3040
3041
3042
3043
3044
3045
3046
3047
3048
3049
3050
3051
3052
3053
3054
3055
3056
3057
3058
3059
3060
3061
3062
3063
3064
3065
3066
3067
3068
3069
3070
3071
3072
3073
3074
3075
3076
3077
3078
3079
3080
3081
3082
3083
3084
3085
3086
3087
3088
3089
3090
3091
3092
3093
3094
3095
3096
3097
3098
3099
3100
3101
3102
3103
3104
3105
3106
3107
3108
3109
3110
3111
3112
3113
3114
3115
3116
3117
3118
3119
3120
3121
3122
3123
3124
3125
3126
3127
3128
3129
3130
3131
3132
3133
3134
3135
3136
3137
3138
3139
3140
3141
3142
3143
3144
3145
3146
3147
3148
3149
3150
3151
3152
3153
3154
3155
3156
3157
3158
3159
3160
3161
3162
3163
3164
3165
3166
3167
3168
3169
3170
3171
3172
3173
3174
3175
3176
3177
3178
3179
3180
3181
3182
3183
3184
3185
3186
3187
3188
3189
3190
3191
3192
3193
3194
3195
3196
3197
3198
3199
3200
3201
3202
3203
3204
3205
3206
3207
3208
3209
3210
3211
3212
3213
3214
3215
3216
3217
3218
3219
3220
3221
3222
3223
3224
3225
3226
3227
3228
3229
3230
3231
3232
3233
3234
3235
3236
3237
3238
3239
3240
3241
3242
3243
3244
3245
3246
3247
3248
3249
3250
3251
3252
3253
3254
3255
3256
3257
3258
3259
3260
3261
3262
3263
3264
3265
3266
3267
3268
3269
3270
3271
3272
3273
3274
3275
3276
3277
3278
3279
3280
3281
3282
3283
3284
3285
3286
3287
3288
3289
3290
3291
3292
3293
3294
3295
3296
3297
3298
3299
3300
3301
3302
3303
3304
3305
3306
3307
3308
3309
3310
3311
3312
3313
3314
3315
3316
3317
3318
3319
3320
3321
3322
3323
3324
3325
3326
3327
3328
3329
3330
3331
3332
3333
3334
3335
3336
3337
3338
3339
3340
3341
3342
3343
3344
3345
3346
3347
3348
3349
3350
3351
3352
3353
3354
3355
3356
3357
3358
3359
3360
3361
3362
3363
3364
3365
3366
3367
3368
3369
3370
3371
3372
3373
3374
3375
3376
3377
3378
3379
3380
3381
3382
3383
3384
3385
3386
3387
3388
3389
3390
3391
3392
3393
3394
3395
3396
3397
3398
0.06140088890567159 -3.442322611570735 0
0.06140088890567156 -3.378236625315648 0
0.06140088890567157 -3.307029972993679 0
0.06140088890567157 -3.227911469891565 0
0.06140088890567158 -3.140002022182648 0
0.06140088890567159 -3.042324858196428 0
0.06140088890567158 -2.933794675580139 0
0.06140088890567157 -2.813205583685227 0
0.06140088890567156 -2.679217703977983 0
0.06140088890567157 -2.530342282330231 0
0.06140088890567157 -2.364925147850415 0
0.06140088890567158 -2.181128332622179 0
0.06140088890567157 -1.976909648669313 0
0.06140088890567158 -1.75 0
0.06140088890567158 -1.523090351332921 0
0.06140088890567158 -1.318871667379702 0
0.06140088890567158 -1.135074852150878 0
0.06140088890567158 -0.9696577176703639 0
0.06140088890567158 -0.820782296022966 0
0.06140088890567158 -0.6867944163171501 0
0.06140088890567158 -0.566205324421738 0
0.06140088890567158 -0.4576751418050262 0
0.06140088890567158 -0.3599979778184496 0
0.06140088890567157 -0.2720885301092304 0
0.06140088890567158 -0.1929700270068646 0
0.06140088890567157 -0.121763374684684 0
0.06140088890567158 -0.05767738842941311 0
0.1335359949828364 -3.442322611570732 0
0.1335359949828365 -3.378236625315642 0
0.1335359949828365 -3.307029972993674 0
0.1335359949828365 -3.227911469891559 0
0.1335359949828365 -3.14000202218264 0
0.1335359949828365 -3.042324858196421 0
0.1335359949828365 -2.933794675580133 0
0.1335359949828365 -2.81320558368522 0
0.1335359949828365 -2.679217703977984 0
0.1335359949828365 -2.53034228233023 0
0.1335359949828365 -2.36492514785041 0
0.1335359949828365 -2.181128332622175 0
0.1335359949828365 -1.976909648669311 0
0.1335359949828365 -1.75 0
0.1335359949828365 -1.523090351332921 0
0.1335359949828365 -1.318871667379702 0
0.1335359949828365 -1.135074852150878 0
0.1335359949828365 -0.9696577176703646 0
0.1335359949828365 -0.8207822960229678 0
0.1335359949828365 -0.6867944163171499 0
0.1335359949828365 -0.5662053244217375 0
0.1335359949828365 -0.4576751418050262 0
0.1335359949828365 -0.3599979778184494 0
0.1335359949828365 -0.2720885301092305 0
0.1335359949828366 -0.1929700270068645 0
0.1335359949828365 -0.1217633746846838 0
0.1335359949828365 -0.05767738842941306 0
0.2182819068022326 -3.442322611570726 0
0.2182819068022326 -3.378236625315636 0
0.2182819068022325 -3.307029972993665 0
0.2182819068022326 -3.227911469891549 0
0.2182819068022327 -3.140002022182633 0
0.2182819068022326 -3.042324858196414 0
0.2182819068022326 -2.933794675580125 0
0.2182819068022326 -2.813205583685212 0
0.2182819068022326 -2.679217703977985 0
0.2182819068022326 -2.530342282330228 0
0.2182819068022326 -2.364925147850407 0
0.2182819068022326 -2.181128332622172 0
0.2182819068022326 -1.976909648669309 0
0.2182819068022326 -1.75 0
0.2182819068022326 -1.523090351332921 0
0.2182819068022326 -1.318871667379702 0
0.2182819068022326 -1.135074852150878 0
0.2182819068022326 -0.9696577176703656 0
0.2182819068022326 -0.8207822960229697 0
0.2182819068022326 -0.6867944163171497 0
0.2182819068022326 -0.5662053244217374 0
0.2182819068022326 -0.4576751418050259 0
0.2182819068022326 -0.3599979778184493 0
0.2182819068022326 -0.2720885301092303 0
0.2182819068022326 -0.1929700270068643 0
0.2182819068022326 -0.1217633746846837 0
0.2182819068022326 -0.057677388429413 0
0.3178432578633743 -3.44232261157072 0
0.3178432578633742 -3.378236625315626 0
0.3178432578633743 -3.307029972993655 0
0.3178432578633741 -3.227911469891541 0
0.3178432578633742 -3.140002022182624 0
0.3178432578633742 -3.042324858196404 0
0.3178432578633742 -2.933794675580115 0
0.3178432578633741 -2.813205583685204 0
0.3178432578633742 -2.679217703977987 0
0.3178432578633742 -2.530342282330226 0
0.3178432578633741 -2.364925147850402 0
0.3178432578633742 -2.181128332622168 0
0.3178432578633742 -1.976909648669306 0
0.3178432578633742 -1.75 0
0.3178432578633742 -1.523090351332921 0
0.3178432578633742 -1.318871667379702 0
0.3178432578633742 -1.135074852150878 0
0.3178432578633742 -0.9696577176703667 0
0.3178432578633742 -0.8207822960229719 0
0.3178432578633741 -0.6867944163171494 0
0.3178432578633742 -0.5662053244217371 0
0.3178432578633742 -0.4576751418050256 0
0.3178432578633742 -0.359997977818449 0
0.3178432578633742 -0.27208853010923 0
0.3178432578633742 -0.1929700270068642 0
0.3178432578633741 -0.1217633746846836 0
0.3178432578633741 -0.05767738842941292 0
0.4348101031513123 -3.442322611570712 0
0.4348101031513125 -3.378236625315617 0
0.4348101031513122 -3.307029972993645 0
0.4348101031513123 -3.22791146989153 0
0.4348101031513124 -3.140002022182613 0
0.4348101031513122 -3.042324858196394 0
0.4348101031513124 -2.933794675580104 0
0.4348101031513124 -2.813205583685193 0
0.4348101031513124 -2.679217703977989 0
0.4348101031513124 -2.530342282330224 0
0.4348101031513123 -2.364925147850395 0
0.4348101031513124 -2.181128332622165 0
0.4348101031513123 -1.976909648669304 0
0.4348101031513123 -1.75 0
0.4348101031513123 -1.523090351332921 0
0.4348101031513123 -1.318871667379702 0
0.4348101031513123 -1.135074852150878 0
0.4348101031513123 -0.9696577176703678 0
0.4348101031513123 -0.8207822960229746 0
0.4348101031513123 -0.686794416317149 0
0.4348101031513123 -0.5662053244217367 0
0.4348101031513124 -0.4576751418050253 0
0.4348101031513123 -0.3599979778184488 0
0.4348101031513123 -0.2720885301092298 0
0.4348101031513124 -0.1929700270068639 0
0.4348101031513123 -0.1217633746846834 0
0.4348101031513123 -0.05767738842941283 0
0.5722253150090566 -3.442322611570704 0
0.5722253150090566 -3.378236625315606 0
0.5722253150090567 -3.307029972993632 0
0.5722253150090566 -3.227911469891517 0
0.5722253150090566 -3.140002022182599 0
0.5722253150090566 -3.04232485819638 0
0.5722253150090566 -2.933794675580092 0
0.5722253150090564 -2.813205583685181 0
0.5722253150090566 -2.679217703977991 0
0.5722253150090566 -2.530342282330221 0
0.5722253150090566 -2.364925147850387 0
0.5722253150090566 -2.181128332622159 0
0.5722253150090566 -1.976909648669301 0
0.5722253150090566 -1.75 0
0.5722253150090566 -1.523090351332921 0
0.5722253150090566 -1.318871667379702 0
0.5722253150090566 -1.135074852150878 0
0.5722253150090566 -0.9696577176703693 0
0.5722253150090567 -0.8207822960229774 0
0.5722253150090566 -0.6867944163171485 0
0.5722253150090566 -0.5662053244217364 0
0.5722253150090566 -0.4576751418050249 0
0.5722253150090566 -0.3599979778184484 0
0.5722253150090566 -0.2720885301092296 0
0.5722253150090566 -0.1929700270068637 0
0.5722253150090566 -0.1217633746846832 0
0.5722253150090566 -0.05767738842941274 0
0.7336637226974704 -3.442322611570695 0
0.7336637226974703 -3.378236625315593 0
0.7336637226974703 -3.307029972993618 0
0.7336637226974704 -3.227911469891503 0
0.7336637226974702 -3.140002022182586 0
0.7336637226974703 -3.042324858196366 0
0.7336637226974702 -2.933794675580077 0
0.7336637226974699 -2.813205583685165 0
0.73366372269747 -2.679217703977993 0
0.7336637226974704 -2.530342282330218 0
0.7336637226974703 -2.364925147850379 0
0.7336637226974703 -2.181128332622152 0
0.7336637226974702 -1.976909648669297 0
0.7336637226974702 -1.75 0
0.7336637226974702 -1.523090351332921 0
0.73366372269747 -1.318871667379702 0
0.7336637226974702 -1.135074852150878 0
0.7336637226974702 -0.969657717670371 0
0.7336637226974703 -0.820782296022981 0
0.7336637226974703 -0.686794416317148 0
0.7336637226974702 -0.566205324421736 0
0.7336637226974703 -0.4576751418050247 0
0.7336637226974702 -0.3599979778184481 0
0.7336637226974702 -0.2720885301092292 0
0.7336637226974703 -0.1929700270068634 0
0.7336637226974702 -0.121763374684683 0
0.7336637226974702 -0.05767738842941261 0
0.9233250963816638 -3.442322611570682 0
0.9233250963816635 -3.378236625315576 0
0.9233250963816635 -3.3070299729936 0
0.9233250963816635 -3.227911469891485 0
0.9233250963816635 -3.140002022182567 0
0.9233250963816635 -3.042324858196348 0
0.9233250963816635 -2.93379467558006 0
0.9233250963816635 -2.813205583685149 0
0.9233250963816635 -2.679217703977997 0
0.9233250963816635 -2.530342282330213 0
0.9233250963816635 -2.364925147850369 0
0.9233250963816635 -2.181128332622145 0
0.9233250963816635 -1.976909648669293 0
0.9233250963816635 -1.75 0
0.9233250963816636 -1.523090351332921 0
0.9233250963816635 -1.318871667379702 0
0.9233250963816636 -1.135074852150878 0
0.9233250963816635 -0.9696577176703731 0
0.9233250963816635 -0.8207822960229851 0
0.9233250963816636 -0.6867944163171474 0
0.9233250963816635 -0.5662053244217353 0
0.9233250963816634 -0.4576751418050241 0
0.9233250963816636 -0.3599979778184478 0
0.9233250963816635 -0.2720885301092289 0
0.9233250963816636 -0.1929700270068631 0
0.9233250963816635 -0.1217633746846827 0
0.9233250963816635 -0.05767738842941248 0
1.146143424587314 -3.442322611570668 0
1.146143424587314 -3.378236625315558 0
1.146143424587314 -3.307029972993581 0
1.146143424587314 -3.227911469891464 0
1.146143424587315 -3.140002022182546 0
1.146143424587314 -3.042324858196327 0
1.146143424587314 -2.933794675580038 0
1.146143424587314 -2.813205583685129 0
1.146143424587314 -2.679217703978 0
1.146143424587314 -2.530342282330209 0
1.146143424587314 -2.364925147850357 0
1.146143424587314 -2.181128332622137 0
1.146143424587314 -1.976909648669289 0
1.146143424587314 -1.75 0
1.146143424587314 -1.523090351332921 0
1.146143424587314 -1.318871667379702 0
1.146143424587314 -1.135074852150878 0
1.146143424587314 -0.9696577176703758 0
1.146143424587314 -0.8207822960229901 0
1.146143424587314 -0.6867944163171469 0
1.146143424587314 -0.5662053244217349 0
1.146143424587314 -0.4576751418050236 0
1.146143424587314 -0.3599979778184472 0
1.146143424587314 -0.2720885301092283 0
1.146143424587314 -0.1929700270068626 0
1.146143424587314 -0.1217633746846824 0
1.146143424587314 -0.05767738842941234 0
1.407915271677646 -3.442322611570652 0
1.407915271677647 -3.378236625315536 0
1.407915271677647 -3.307029972993558 0
1.407915271677647 -3.227911469891441 0
1.407915271677647 -3.140002022182521 0
1.407915271677647 -3.042324858196302 0
1.407915271677647 -2.933794675580014 0
1.407915271677647 -2.813205583685106 0
1.407915271677647 -2.679217703978004 0
1.407915271677647 -2.530342282330203 0
1.407915271677647 -2.364925147850343 0
1.407915271677647 -2.181128332622126 0
1.407915271677647 -1.976909648669283 0
1.407915271677647 -1.75 0
1.407915271677647 -1.523090351332921 0
1.407915271677647 -1.318871667379702 0
1.407915271677647 -1.135074852150878 0
1.407915271677647 -0.9696577176703783 0
1.407915271677647 -0.8207822960229957 0
1.407915271677647 -0.6867944163171459 0
1.407915271677647 -0.566205324421734 0
1.407915271677647 -0.4576751418050229 0
1.407915271677646 -0.3599979778184466 0
1.407915271677647 -0.2720885301092277 0
1.407915271677647 -0.1929700270068621 0
1.407915271677647 -0.121763374684682 0
1.407915271677647 -0.05767738842941212 0
1.715450579525563 -3.442322611570632 0
1.715450579525563 -3.378236625315511 0
1.715450579525563 -3.307029972993529 0
1.715450579525563 -3.227911469891413 0
1.715450579525562 -3.140002022182493 0
1.715450579525563 -3.042324858196273 0
1.715450579525563 -2.933794675579987 0
1.715450579525562 -2.813205583685078 0
1.715450579525563 -2.679217703978009 0
1.715450579525563 -2.530342282330197 0
1.715450579525562 -2.364925147850327 0
1.715450579525562 -2.181128332622114 0
1.715450579525563 -1.976909648669276 0
1.715450579525563 -1.75 0
1.715450579525563 -1.523090351332921 0
1.715450579525563 -1.318871667379702 0
1.715450579525562 -1.135074852150878 0
1.715450579525563 -0.9696577176703817 0
1.715450579525563 -0.8207822960230025 0
1.715450579525563 -0.6867944163171449 0
1.715450579525563 -0.5662053244217333 0
1.715450579525563 -0.4576751418050222 0
1.715450579525562 -0.3599979778184459 0
1.715450579525562 -0.2720885301092272 0
1.715450579525563 -0.1929700270068617 0
1.715450579525563 -0.1217633746846816 0
1.715450579525563 -0.05767738842941192 0
2.076749801948992 -3.44232261157061 0
2.076749801948991 -3.378236625315481 0
2.076749801948992 -3.307029972993496 0
2.076749801948992 -3.227911469891379 0
2.076749801948992 -3.140002022182459 0
2.076749801948992 -3.04232485819624 0
2.076749801948992 -2.933794675579953 0
2.076749801948992 -2.813205583685045 0
2.076749801948992 -2.679217703978015 0
2.076749801948992 -2.53034228233019 0
2.076749801948992 -2.364925147850309 0
2.076749801948992 -2.1811283326221 0
2.076749801948992 -1.976909648669268 0
2.076749801948992 -1.75 0
2.076749801948992 -1.523090351332921 0
2.076749801948992 -1.318871667379702 0
2.076749801948992 -1.135074852150878 0
2.076749801948992 -0.9696577176703854 0
2.076749801948992 -0.8207822960230104 0
2.076749801948992 -0.6867944163171441 0
2.076749801948992 -0.5662053244217322 0
2.076749801948992 -0.4576751418050213 0
2.076749801948992 -0.3599979778184451 0
2.076749801948992 -0.2720885301092265 0
2.076749801948992 -0.192970027006861 0
2.076749801948992 -0.1217633746846811 0
2.076749801948992 -0.05767738842941164 0
2.501212039300338 -3.442322611570583 0
2.501212039300338 -3.378236625315445 0
2.501212039300338 -3.307029972993458 0
2.501212039300339 -3.22791146989134 0
2.501212039300338 -3.14000202218242 0
2.501212039300337 -3.042324858196201 0
2.501212039300338 -2.933794675579914 0
2.501212039300338 -2.813205583685007 0
2.501212039300338 -2.679217703978022 0
2.501212039300338 -2.53034228233018 0
2.501212039300338 -2.364925147850286 0
2.501212039300338 -2.181128332622083 0
2.501212039300338 -1.976909648669259 0
2.501212039300338 -1.75 0
2.501212039300338 -1.523090351332921 0
2.501212039300338 -1.318871667379702 0
2.501212039300338 -1.135074852150878 0
2.501212039300338 -0.9696577176703902 0
2.501212039300338 -0.8207822960230197 0
2.501212039300338 -0.6867944163171428 0
2.501212039300338 -0.5662053244217311 0
2.501212039300338 -0.4576751418050202 0
2.501212039300338 -0.3599979778184442 0
2.501212039300338 -0.2720885301092256 0
2.501212039300338 -0.1929700270068603 0
2.501212039300337 -0.1217633746846805 0
2.501212039300338 -0.05767738842941133 0
2.99987957159755 -3.442322611570552 0
2.999879571597551 -3.378236625315404 0
2.999879571597552 -3.307029972993413 0
2.99987957159755 -3.227911469891294 0
2.99987957159755 -3.140002022182373 0
2.999879571597551 -3.042324858196154 0
2.999879571597551 -2.933794675579867 0
2.99987957159755 -2.813205583684962 0
2.99987957159755 -2.679217703978029 0
2.999879571597551 -2.53034228233017 0
2.99987957159755 -2.364925147850259 0
2.99987957159755 -2.181128332622063 0
2.999879571597551 -1.976909648669248 0
2.999879571597551 -1.75 0
2.999879571597551 -1.523090351332921 0
2.999879571597551 -1.318871667379702 0
2.999879571597551 -1.135074852150878 0
2.999879571597551 -0.9696577176703954 0
2.999879571597551 -0.8207822960230304 0
2.99987957159755 -0.6867944163171412 0
2.999879571597551 -0.5662053244217298 0
2.999879571597551 -0.457675141805019 0
2.999879571597551 -0.359997977818443 0
2.99987957159755 -0.2720885301092247 0
2.99987957159755 -0.1929700270068593 0
2.999879571597551 -0.1217633746846797 0
2.99987957159755 -0.05767738842941098 0
3.585725109640159 -3.442322611570515 0
3.585725109640159 -3.378236625315356 0
3.585725109640159 -3.30702997299336 0
3.585725109640159 -3.227911469891239 0
3.585725109640159 -3.140002022182319 0
3.585725109640158 -3.0423248581961 0
3.585725109640159 -2.933794675579815 0
3.585725109640159 -2.813205583684911 0
3.58572510964016 -2.679217703978038 0
3.585725109640158 -2.530342282330158 0
3.585725109640157 -2.364925147850229 0
3.585725109640159 -2.18112833262204 0
3.585725109640159 -1.976909648669235 0
3.585725109640159 -1.75 0
3.58572510964016 -1.523090351332921 0
3.58572510964016 -1.318871667379702 0
3.58572510964016 -1.135074852150878 0
3.585725109640159 -0.969657717670402 0
3.58572510964016 -0.8207822960230434 0
3.585725109640159 -0.6867944163171392 0
3.585725109640159 -0.5662053244217282 0
3.585725109640157 -0.4576751418050175 0
3.585725109640159 -0.3599979778184417 0
3.585725109640159 -0.2720885301092235 0
3.585725109640159 -0.1929700270068583 0
3.585725109640159 -0.1217633746846789 0
3.585725109640159 -0.05767738842941056 0
4.273989272353555 -3.442322611570471 0
4.273989272353555 -3.3782366253153 0
4.273989272353555 -3.307029972993297 0
4.273989272353555 -3.227911469891176 0
4.273989272353556 -3.140002022182254 0
4.273989272353555 -3.042324858196034 0
4.273989272353555 -2.933794675579751 0
4.273989272353555 -2.813205583684848 0
4.273989272353555 -2.679217703978048 0
4.273989272353555 -2.530342282330144 0
4.273989272353555 -2.364925147850192 0
4.273989272353555 -2.181128332622014 0
4.273989272353555 -1.97690964866922 0
4.273989272353555 -1.75 0
4.273989272353555 -1.523090351332921 0
4.273989272353555 -1.318871667379702 0
4.273989272353555 -1.135074852150878 0
4.273989272353555 -0.9696577176704092 0
4.273989272353555 -0.8207822960230584 0
4.273989272353555 -0.6867944163171372 0
4.273989272353555 -0.5662053244217262 0
4.273989272353555 -0.4576751418050158 0
4.273989272353555 -0.3599979778184401 0
4.273989272353555 -0.272088530109222 0
4.273989272353555 -0.1929700270068571 0
4.273989272353555 -0.1217633746846779 0
4.273989272353556 -0.05767738842941005 0
5.082577079764121 -3.442322611570421 0
5.082577079764122 -3.378236625315232 0
5.082577079764121 -3.307029972993224 0
5.082577079764121 -3.2279114698911 0
5.082577079764121 -3.140002022182178 0
5.082577079764121 -3.042324858195959 0
5.082577079764121 -2.933794675579676 0
5.082577079764121 -2.813205583684776 0
5.082577079764121 -2.679217703978062 0
5.082577079764121 -2.530342282330126 0
5.082577079764121 -2.36492514785015 0
5.082577079764121 -2.181128332621983 0
5.082577079764121 -1.976909648669203 0
5.082577079764121 -1.75 0
5.082577079764121 -1.523090351332922 0
5.082577079764121 -1.318871667379702 0
5.082577079764121 -1.135074852150879 0
5.082577079764121 -0.969657717670418 0
5.082577079764121 -0.8207822960230763 0
5.082577079764121 -0.6867944163171348 0
5.082577079764121 -0.566205324421724 0
5.082577079764121 -0.4576751418050138 0
5.082577079764121 -0.3599979778184382 0
5.082577079764121 -0.2720885301092205 0
5.082577079764121 -0.1929700270068556 0
5.082577079764121 -0.1217633746846767 0
5.082577079764121 -0.05767738842940946 0
6.032523748495984 -3.442322611570363 0
6.032523748495983 -3.378236625315154 0
6.032523748495984 -3.307029972993138 0
6.032523748495984 -3.227911469891013 0
6.032523748495985 -3.14000202218209 0
6.032523748495984 -3.042324858195871 0
6.032523748495985 -2.933794675579588 0
6.032523748495984 -2.81320558368469 0
6.032523748495984 -2.679217703978077 0
6.032523748495983 -2.530342282330106 0
6.032523748495984 -2.3649251478501 0
6.032523748495983 -2.181128332621945 0
6.032523748495984 -1.976909648669182 0
6.032523748495984 -1.75 0
6.032523748495984 -1.523090351332922 0
6.032523748495984 -1.318871667379702 0
6.032523748495983 -1.135074852150879 0
6.032523748495984 -0.9696577176704281 0
6.032523748495984 -0.8207822960230972 0
6.032523748495984 -0.6867944163171319 0
6.032523748495984 -0.5662053244217213 0
6.032523748495983 -0.4576751418050115 0
6.032523748495983 -0.3599979778184362 0
6.032523748495983 -0.2720885301092185 0
6.032523748495985 -0.1929700270068539 0
6.032523748495984 -0.1217633746846754 0
6.032523748495984 -0.05767738842940878 0
7.148541905869893 -3.442322611570292 0
7.14854190586989 -3.378236625315061 0
7.14854190586989 -3.307029972993036 0
7.148541905869891 -3.22791146989091 0
7.148541905869893 -3.140002022181985 0
7.148541905869892 -3.042324858195765 0
7.148541905869893 -2.933794675579485 0
7.148541905869893 -2.813205583684591 0
7.148541905869893 -2.679217703978094 0
7.148541905869893 -2.530342282330083 0
7.148541905869891 -2.364925147850041 0
7.148541905869893 -2.181128332621902 0
7.148541905869891 -1.976909648669157 0
7.148541905869892 -1.75 0
7.14854190586989 -1.523090351332921 0
7.148541905869892 -1.318871667379702 0
7.148541905869894 -1.135074852150879 0
7.148541905869891 -0.9696577176704402 0
7.148541905869894 -0.8207822960231215 0
7.148541905869891 -0.6867944163171286 0
7.148541905869891 -0.5662053244217184 0
7.148541905869892 -0.4576751418050087 0
7.148541905869893 -0.3599979778184336 0
7.148541905869892 -0.2720885301092162 0
7.148541905869893 -0.1929700270068519 0
7.148541905869892 -0.1217633746846738 0
7.148541905869891 -0.05767738842940794 0
8.459664479024806 -3.44232261157021 0
8.459664479024806 -3.378236625314953 0
8.459664479024806 -3.307029972992917 0
8.459664479024806 -3.227911469890789 0
8.459664479024806 -3.140002022181862 0
8.459664479024806 -3.042324858195643 0
8.459664479024806 -2.933794675579363 0
8.459664479024806 -2.813205583684472 0
8.459664479024806 -2.679217703978114 0
8.459664479024806 -2.530342282330056 0
8.459664479024806 -2.364925147849972 0
8.459664479024807 -2.18112833262185 0
8.459664479024806 -1.976909648669129 0
8.459664479024806 -1.75 0
8.459664479024806 -1.523090351332922 0
8.459664479024806 -1.318871667379703 0
8.459664479024806 -1.135074852150879 0
8.459664479024806 -0.9696577176704544 0
8.459664479024806 -0.8207822960231501 0
8.459664479024806 -0.6867944163171246 0
8.459664479024806 -0.5662053244217147 0
8.459664479024806 -0.4576751418050053 0
8.459664479024806 -0.3599979778184307 0
8.459664479024806 -0.2720885301092136 0
8.459664479024806 -0.1929700270068495 0
8.459664479024806 -0.1217633746846719 0
8.459664479024806 -0.05767738842940701 0
10 -3.442322611570114 0
10 -3.378236625314825 0
10 -3.307029972992778 0
9.999999999999996 -3.227911469890647 0
10 -3.140002022181719 0
10 -3.042324858195499 0
10 -2.933794675579222 0
9.999999999999996 -2.813205583684335 0
10 -2.679217703978139 0
10 -2.530342282330023 0
10 -2.36492514784989 0
9.999999999999996 -2.18112833262179 0
10 -1.976909648669095 0
10 -1.75 0
10 -1.523090351332922 0
10 -1.318871667379703 0
10 -1.13507485215088 0
10 -0.969657717670471 0
10 -0.8207822960231839 0
10 -0.6867944163171197 0
10 -0.5662053244217105 0
10 -0.4576751418050016 0
10 -0.3599979778184271 0
10 -0.2720885301092105 0
10 -0.1929700270068468 0
10 -0.1217633746846697 0
10 -0.0576773884294059 0
11.10929616212839 -3.442322611570045 0
11.10929616212839 -3.378236625314734 0
11.1092961621284 -3.307029972992678 0
11.10929616212839 -3.227911469890544 0
11.10929616212839 -3.140002022181615 0
11.10929616212839 -3.042324858195396 0
11.10929616212839 -2.93379467557912 0
11.10929616212839 -2.813205583684235 0
11.10929616212839 -2.679217703978155 0
11.10929616212839 -2.53034228233 0
11.10929616212839 -2.364925147849833 0
11.10929616212839 -2.181128332621747 0
11.10929616212839 -1.976909648669071 0
11.10929616212839 -1.75 0
11.10929616212839 -1.523090351332922 0
11.10929616212839 -1.318871667379703 0
11.10929616212839 -1.13507485215088 0
11.10929616212839 -0.969657717670483 0
11.10929616212839 -0.8207822960232081 0
11.10929616212839 -0.6867944163171164 0
11.10929616212839 -0.5662053244217073 0
11.10929616212839 -0.4576751418049988 0
11.10929616212839 -0.3599979778184247 0
11.10929616212839 -0.2720885301092082 0
11.10929616212839 -0.1929700270068448 0
11.1092961621284 -0.1217633746846681 0
11.1092961621284 -0.05767738842940508 0
12.10161071151606 -3.442322611569981 0
12.10161071151606 -3.378236625314651 0
12.10161071151606 -3.307029972992588 0
12.10161071151606 -3.227911469890452 0
12.10161071151606 -3.140002022181523 0
12.10161071151606 -3.042324858195304 0
12.10161071151606 -2.933794675579028 0
12.10161071151606 -2.813205583684146 0
12.10161071151606 -2.679217703978171 0
12.10161071151607 -2.53034228232998 0
12.10161071151606 -2.364925147849779 0
12.10161071151606 -2.181128332621708 0
12.10161071151606 -1.976909648669049 0
12.10161071151606 -1.75 0
12.10161071151606 -1.523090351332923 0
12.10161071151606 -1.318871667379703 0
12.10161071151606 -1.13507485215088 0
12.10161071151606 -0.9696577176704937 0
12.10161071151606 -0.8207822960232299 0
12.10161071151606 -0.6867944163171135 0
12.10161071151606 -0.5662053244217047 0
12.10161071151606 -0.4576751418049963 0
12.10161071151606 -0.3599979778184225 0
12.10161071151606 -0.2720885301092063 0
12.10161071151606 -0.192970027006843 0
12.10161071151606 -0.1217633746846667 0
12.10161071151606 -0.05767738842940437 0
12.98928002454122 -3.442322611569926 0
12.98928002454122 -3.378236625314577 0
12.98928002454122 -3.307029972992507 0
12.98928002454122 -3.22791146989037 0
12.98928002454122 -3.140002022181439 0
12.98928002454122 -3.04232485819522 0
12.98928002454122 -2.933794675578945 0
12.98928002454122 -2.813205583684066 0
12.98928002454122 -2.679217703978185 0
12.98928002454122 -2.530342282329961 0
12.98928002454122 -2.364925147849734 0
12.98928002454122 -2.181128332621673 0
12.98928002454122 -1.97690964866903 0
12.98928002454122 -1.75 0
12.98928002454122 -1.523090351332922 0
12.98928002454122 -1.318871667379703 0
12.98928002454122 -1.13507485215088 0
12.98928002454122 -0.9696577176705032 0
12.98928002454122 -0.8207822960232495 0
12.98928002454122 -0.6867944163171106 0
12.98928002454122 -0.5662053244217022 0
12.98928002454122 -0.4576751418049941 0
12.98928002454122 -0.3599979778184205 0
12.98928002454122 -0.2720885301092045 0
12.98928002454122 -0.1929700270068414 0
12.98928002454122 -0.1217633746846654 0
12.98928002454122 -0.05767738842940372 0
13.78333953867319 -3.442322611569876 0
13.78333953867319 -3.378236625314512 0
13.78333953867319 -3.307029972992435 0
13.78333953867319 -3.227911469890296 0
13.78333953867319 -3.140002022181367 0
13.78333953867319 -3.042324858195146 0
13.78333953867319 -2.933794675578873 0
13.78333953867319 -2.813205583683995 0
13.78333953867319 -2.679217703978197 0
13.78333953867319 -2.530342282329945 0
13.78333953867319 -2.364925147849691 0
13.78333953867319 -2.181128332621642 0
13.78333953867319 -1.976909648669012 0
13.78333953867319 -1.75 0
13.78333953867319 -1.523090351332923 0
13.78333953867319 -1.318871667379703 0
13.78333953867319 -1.13507485215088 0
13.78333953867319 -0.9696577176705119 0
13.78333953867319 -0.8207822960232667 0
13.78333953867319 -0.6867944163171081 0
13.78333953867319 -0.5662053244217 0
13.78333953867319 -0.4576751418049921 0
13.78333953867319 -0.3599979778184187 0
13.78333953867319 -0.2720885301092029 0
13.78333953867319 -0.19297002700684 0
13.78333953867319 -0.1217633746846643 0
13.78333953867319 -0.05767738842940314 0
14.49366094744198 -3.442322611569832 0
14.49366094744198 -3.378236625314453 0
14.49366094744198 -3.30702997299237 0
14.49366094744198 -3.227911469890232 0
14.49366094744197 -3.140002022181299 0
14.49366094744197 -3.04232485819508 0
14.49366094744197 -2.933794675578807 0
14.49366094744197 -2.813205583683932 0
14.49366094744198 -2.679217703978208 0
14.49366094744197 -2.53034228232993 0
14.49366094744197 -2.364925147849653 0
14.49366094744198 -2.181128332621614 0
14.49366094744197 -1.976909648668997 0
14.49366094744197 -1.75 0
14.49366094744197 -1.523090351332923 0
14.49366094744197 -1.318871667379703 0
14.49366094744197 -1.135074852150881 0
14.49366094744198 -0.9696577176705193 0
14.49366094744197 -0.8207822960232822 0
14.49366094744197 -0.6867944163171059 0
14.49366094744197 -0.566205324421698 0
14.49366094744198 -0.4576751418049904 0
14.49366094744198 -0.359997977818417 0
14.49366094744198 -0.2720885301092016 0
14.49366094744198 -0.1929700270068387 0
14.49366094744197 -0.1217633746846633 0
14.49366094744197 -0.05767738842940262 0
15.12907491401377 -3.442322611569792 0
15.12907491401377 -3.3782366253144 0
15.12907491401376 -3.307029972992312 0
15.12907491401377 -3.227911469890173 0
15.12907491401377 -3.14000202218124 0
15.12907491401377 -3.04232485819502 0
15.12907491401377 -2.933794675578749 0
15.12907491401377 -2.813205583683875 0
15.12907491401377 -2.679217703978219 0
15.12907491401377 -2.530342282329917 0
15.12907491401377 -2.36492514784962 0
15.12907491401377 -2.181128332621589 0
15.12907491401377 -1.976909648668983 0
15.12907491401377 -1.75 0
15.12907491401377 -1.523090351332923 0
15.12907491401377 -1.318871667379703 0
15.12907491401377 -1.135074852150881 0
15.12907491401377 -0.9696577176705262 0
15.12907491401377 -0.8207822960232961 0
15.12907491401377 -0.6867944163171041 0
15.12907491401377 -0.5662053244216962 0
15.12907491401377 -0.4576751418049888 0
15.12907491401377 -0.3599979778184156 0
15.12907491401377 -0.2720885301092003 0
15.12907491401377 -0.1929700270068376 0
15.12907491401377 -0.1217633746846624 0
15.12907491401377 -0.05767738842940216 0
15.6974808452558 -3.442322611569757 0
15.6974808452558 -3.378236625314353 0
15.6974808452558 -3.307029972992261 0
15.6974808452558 -3.22791146989012 0
15.6974808452558 -3.140002022181188 0
15.69748084525581 -3.042324858194968 0
15.6974808452558 -2.933794675578697 0
15.69748084525581 -2.813205583683823 0
15.6974808452558 -2.679217703978227 0
15.69748084525581 -2.530342282329904 0
15.6974808452558 -2.364925147849591 0
15.6974808452558 -2.181128332621568 0
15.6974808452558 -1.976909648668971 0
15.6974808452558 -1.75 0
15.6974808452558 -1.523090351332922 0
15.6974808452558 -1.318871667379703 0
15.6974808452558 -1.135074852150881 0
15.6974808452558 -0.9696577176705325 0
15.6974808452558 -0.8207822960233085 0
15.6974808452558 -0.6867944163171024 0
15.6974808452558 -0.5662053244216949 0
15.6974808452558 -0.4576751418049873 0
15.6974808452558 -0.3599979778184142 0
15.6974808452558 -0.2720885301091991 0
15.6974808452558 -0.1929700270068366 0
15.6974808452558 -0.1217633746846615 0
15.6974808452558 -0.05767738842940175 0
16.20594512079051 -3.442322611569725 0
16.20594512079052 -3.378236625314312 0
16.20594512079051 -3.307029972992215 0
16.20594512079051 -3.227911469890073 0
16.20594512079052 -3.14000202218114 0
16.20594512079051 -3.04232485819492 0
16.20594512079051 -2.933794675578649 0
16.20594512079052 -2.813205583683777 0
16.20594512079052 -2.679217703978235 0
16.20594512079051 -2.530342282329893 0
16.20594512079051 -2.364925147849563 0
16.20594512079052 -2.181128332621548 0
16.20594512079051 -1.976909648668959 0
16.20594512079051 -1.75 0
16.20594512079051 -1.523090351332923 0
16.20594512079051 -1.318871667379703 0
16.20594512079051 -1.135074852150881 0
16.20594512079051 -0.9696577176705378 0
16.20594512079051 -0.8207822960233195 0
16.20594512079051 -0.6867944163171008 0
16.20594512079051 -0.5662053244216934 0
16.20594512079051 -0.4576751418049861 0
16.20594512079051 -0.3599979778184131 0
16.20594512079051 -0.2720885301091981 0
16.20594512079051 -0.1929700270068357 0
16.20594512079051 -0.1217633746846608 0
16.20594512079051 -0.05767738842940139 0
16.66078893353693 -3.442322611569696 0
16.66078893353693 -3.378236625314273 0
16.66078893353693 -3.307029972992174 0
16.66078893353693 -3.227911469890031 0
16.66078893353693 -3.140002022181097 0
16.66078893353693 -3.042324858194877 0
16.66078893353693 -2.933794675578608 0
16.66078893353693 -2.813205583683736 0
16.66078893353693 -2.679217703978242 0
16.66078893353693 -2.530342282329884 0
16.66078893353693 -2.36492514784954 0
16.66078893353694 -2.18112833262153 0
16.66078893353693 -1.976909648668949 0
16.66078893353693 -1.75 0
16.66078893353693 -1.523090351332923 0
16.66078893353693 -1.318871667379703 0
16.66078893353693 -1.135074852150881 0
16.66078893353693 -0.9696577176705427 0
16.66078893353693 -0.8207822960233297 0
16.66078893353693 -0.6867944163170993 0
16.66078893353693 -0.5662053244216922 0
16.66078893353693 -0.457675141804985 0
16.66078893353693 -0.3599979778184122 0
16.66078893353693 -0.2720885301091971 0
16.66078893353693 -0.1929700270068349 0
16.66078893353693 -0.1217633746846601 0
16.66078893353693 -0.05767738842940105 0
17.06766687077289 -3.442322611569671 0
17.06766687077289 -3.37823662531424 0
17.06766687077289 -3.307029972992137 0
17.06766687077289 -3.227911469889993 0
17.06766687077289 -3.140002022181059 0
17.06766687077289 -3.04232485819484 0
17.06766687077289 -2.933794675578571 0
17.06766687077289 -2.8132055836837 0
17.06766687077289 -2.679217703978249 0
17.06766687077289 -2.530342282329876 0
17.06766687077289 -2.364925147849518 0
17.06766687077289 -2.181128332621514 0
17.06766687077289 -1.976909648668941 0
17.06766687077289 -1.75 0
17.06766687077289 -1.523090351332923 0
17.06766687077289 -1.318871667379703 0
17.06766687077289 -1.135074852150881 0
17.06766687077289 -0.9696577176705471 0
17.0676668707729 -0.8207822960233387 0
17.06766687077289 -0.686794416317098 0
17.06766687077289 -0.5662053244216909 0
17.06766687077289 -0.4576751418049841 0
17.06766687077289 -0.3599979778184111 0
17.06766687077289 -0.2720885301091963 0
17.06766687077289 -0.1929700270068341 0
17.06766687077289 -0.1217633746846596 0
17.06766687077289 -0.05767738842940076 0
17.43163721242209 -3.442322611569648 0
17.4316372124221 -3.37823662531421 0
17.4316372124221 -3.307029972992105 0
17.4316372124221 -3.22791146988996 0
17.43163721242209 -3.140002022181025 0
17.4316372124221 -3.042324858194807 0
17.4316372124221 -2.933794675578536 0
17.4316372124221 -2.813205583683668 0
17.4316372124221 -2.679217703978254 0
17.4316372124221 -2.530342282329869 0
17.4316372124221 -2.364925147849499 0
17.4316372124221 -2.181128332621499 0
17.4316372124221 -1.976909648668933 0
17.4316372124221 -1.75 0
17.4316372124221 -1.523090351332923 0
17.4316372124221 -1.318871667379703 0
17.4316372124221 -1.135074852150881 0
17.4316372124221 -0.9696577176705512 0
17.4316372124221 -0.8207822960233466 0
17.4316372124221 -0.6867944163170971 0
17.4316372124221 -0.56620532442169 0
17.4316372124221 -0.4576751418049831 0
17.4316372124221 -0.3599979778184104 0
17.4316372124221 -0.2720885301091956 0
17.4316372124221 -0.1929700270068335 0
17.4316372124221 -0.121763374684659 0
17.4316372124221 -0.05767738842940048 0
17.75722480375265 -3.442322611569627 0
17.75722480375265 -3.378236625314183 0
17.75722480375265 -3.307029972992075 0
17.75722480375265 -3.227911469889929 0
17.75722480375265 -3.140002022180995 0
17.75722480375265 -3.042324858194774 0
17.75722480375266 -2.933794675578507 0
17.75722480375265 -2.813205583683639 0
17.75722480375265 -2.67921770397826 0
17.75722480375265 -2.530342282329861 0
17.75722480375265 -2.364925147849481 0
17.75722480375265 -2.181128332621487 0
17.75722480375265 -1.976909648668926 0
17.75722480375265 -1.75 0
17.75722480375265 -1.523090351332923 0
17.75722480375265 -1.318871667379703 0
17.75722480375265 -1.135074852150881 0
17.75722480375265 -0.9696577176705548 0
17.75722480375265 -0.8207822960233538 0
17.75722480375265 -0.6867944163170961 0
17.75722480375265 -0.5662053244216891 0
17.75722480375265 -0.4576751418049823 0
17.75722480375265 -0.3599979778184097 0
17.75722480375265 -0.2720885301091949 0
17.75722480375265 -0.1929700270068329 0
17.75722480375265 -0.1217633746846586 0
17.75722480375265 -0.05767738842940025 0
18.04847732584609 -3.44232261156961 0
18.04847732584609 -3.378236625314159 0
18.04847732584609 -3.307029972992048 0
18.04847732584609 -3.227911469889903 0
18.04847732584608 -3.140002022180968 0
18.04847732584609 -3.042324858194748 0
18.04847732584609 -2.933794675578481 0
18.04847732584609 -2.813205583683612 0
18.04847732584609 -2.679217703978263 0
18.04847732584609 -2.530342282329856 0
18.04847732584609 -2.364925147849466 0
18.04847732584609 -2.181128332621475 0
18.04847732584609 -1.976909648668919 0
18.04847732584609 -1.75 0
18.04847732584609 -1.523090351332923 0
18.04847732584609 -1.318871667379703 0
18.04847732584609 -1.135074852150881 0
18.04847732584609 -0.9696577176705578 0
18.04847732584609 -0.8207822960233599 0
18.04847732584609 -0.6867944163170949 0
18.04847732584609 -0.5662053244216882 0
18.04847732584609 -0.4576751418049816 0
18.04847732584608 -0.359997977818409 0
18.04847732584609 -0.2720885301091944 0
18.04847732584609 -0.1929700270068324 0
18.04847732584609 -0.1217633746846581 0
18.04847732584609 -0.05767738842940004 0
18.30901560330176 -3.442322611569594 0
18.30901560330177 -3.378236625314138 0
18.30901560330177 -3.307029972992025 0
18.30901560330178 -3.227911469889878 0
18.30901560330176 -3.140002022180944 0
18.30901560330177 -3.042324858194724 0
18.30901560330177 -2.933794675578456 0
18.30901560330177 -2.813205583683589 0
18.30901560330177 -2.679217703978269 0
18.30901560330177 -2.530342282329851 0
18.30901560330177 -2.364925147849452 0
18.30901560330177 -2.181128332621465 0
18.30901560330177 -1.976909648668914 0
18.30901560330177 -1.75 0
18.30901560330177 -1.523090351332923 0
18.30901560330177 -1.318871667379703 0
18.30901560330177 -1.135074852150881 0
18.30901560330177 -0.9696577176705605 0
18.30901560330177 -0.8207822960233657 0
18.30901560330177 -0.6867944163170945 0
18.30901560330177 -0.5662053244216876 0
18.30901560330177 -0.4576751418049809 0
18.30901560330177 -0.3599979778184084 0
18.30901560330177 -0.2720885301091938 0
18.30901560330177 -0.1929700270068319 0
18.30901560330177 -0.1217633746846578 0
18.30901560330177 -0.05767738842939985 0
18.54207863011942 -3.442322611569578 0
18.54207863011942 -3.378236625314118 0
18.54207863011942 -3.307029972992003 0
18.54207863011942 -3.227911469889857 0
18.54207863011942 -3.140002022180922 0
18.54207863011942 -3.042324858194701 0
18.54207863011942 -2.933794675578434 0
18.54207863011942 -2.813205583683568 0
18.54207863011941 -2.679217703978272 0
18.54207863011942 -2.530342282329846 0
18.54207863011942 -2.36492514784944 0
18.54207863011942 -2.181128332621456 0
18.54207863011942 -1.976909648668908 0
18.54207863011942 -1.75 0
18.54207863011942 -1.523090351332923 0
18.54207863011942 -1.318871667379703 0
18.54207863011942 -1.135074852150881 0
18.54207863011942 -0.9696577176705631 0
18.54207863011942 -0.8207822960233712 0
18.54207863011942 -0.6867944163170935 0
18.54207863011942 -0.566205324421687 0
18.54207863011942 -0.4576751418049804 0
18.54207863011942 -0.3599979778184079 0
18.54207863011942 -0.2720885301091934 0
18.54207863011942 -0.1929700270068315 0
18.54207863011942 -0.1217633746846575 0
18.54207863011942 -0.05767738842939968 0
18.7505638295579 -3.442322611569565 0
18.7505638295579 -3.3782366253141 0
18.7505638295579 -3.307029972991985 0
18.7505638295579 -3.227911469889837 0
18.75056382955791 -3.140002022180902 0
18.7505638295579 -3.042324858194682 0
18.7505638295579 -2.933794675578415 0
18.7505638295579 -2.81320558368355 0
18.7505638295579 -2.679217703978275 0
18.7505638295579 -2.530342282329841 0
18.7505638295579 -2.364925147849429 0
18.7505638295579 -2.181128332621448 0
18.7505638295579 -1.976909648668904 0
18.7505638295579 -1.75 0
18.7505638295579 -1.523090351332923 0
18.7505638295579 -1.318871667379703 0
18.7505638295579 -1.135074852150881 0
18.7505638295579 -0.9696577176705653 0
18.7505638295579 -0.8207822960233756 0
18.7505638295579 -0.686794416317093 0
18.7505638295579 -0.5662053244216865 0
18.7505638295579 -0.4576751418049798 0
18.7505638295579 -0.3599979778184074 0
18.7505638295579 -0.2720885301091929 0
18.7505638295579 -0.1929700270068311 0
18.7505638295579 -0.1217633746846571 0
18.7505638295579 -0.05767738842939952 0
18.93706307679496 -3.442322611569554 0
18.93706307679496 -3.378236625314085 0
18.93706307679496 -3.307029972991968 0
18.93706307679496 -3.227911469889821 0
18.93706307679496 -3.140002022180885 0
18.93706307679496 -3.042324858194665 0
18.93706307679496 -2.933794675578398 0
18.93706307679496 -2.813205583683532 0
18.93706307679496 -2.679217703978277 0
18.93706307679496 -2.530342282329837 0
18.93706307679496 -2.364925147849419 0
18.93706307679496 -2.181128332621441 0
18.93706307679496 -1.9769096486689 0
18.93706307679496 -1.75 0
18.93706307679496 -1.523090351332923 0
18.93706307679496 -1.318871667379703 0
18.93706307679496 -1.135074852150881 0
18.93706307679496 -0.9696577176705674 0
18.93706307679496 -0.8207822960233795 0
18.93706307679496 -0.6867944163170926 0
18.93706307679496 -0.5662053244216859 0
18.93706307679496 -0.4576751418049794 0
18.93706307679496 -0.3599979778184069 0
18.93706307679496 -0.2720885301091926 0
18.93706307679496 -0.1929700270068307 0
18.93706307679496 -0.1217633746846569 0
18.93706307679496 -0.0576773884293994 0
19.103894914952 -3.442322611569543 0
19.10389491495201 -3.378236625314072 0
19.10389491495201 -3.307029972991952 0
19.103894914952 -3.227911469889805 0
19.10389491495201 -3.140002022180869 0
19.103894914952 -3.042324858194649 0
19.103894914952 -2.933794675578383 0
19.10389491495201 -2.813205583683518 0
19.10389491495201 -2.679217703978281 0
19.10389491495201 -2.530342282329833 0
19.10389491495201 -2.36492514784941 0
19.10389491495201 -2.181128332621435 0
19.10389491495201 -1.976909648668896 0
19.10389491495201 -1.75 0
19.10389491495201 -1.523090351332923 0
19.10389491495201 -1.318871667379703 0
19.10389491495201 -1.135074852150881 0
19.10389491495201 -0.969657717670569 0
19.10389491495201 -0.8207822960233832 0
19.103894914952 -0.6867944163170917 0
19.10389491495201 -0.5662053244216855 0
19.10389491495201 -0.4576751418049789 0
19.10389491495201 -0.3599979778184067 0
19.103894914952 -0.2720885301091922 0
19.103894914952 -0.1929700270068305 0
19.10389491495201 -0.1217633746846566 0
19.10389491495201 -0.05767738842939927 0
19.25313338444654 -3.442322611569535 0
19.25313338444654 -3.378236625314059 0
19.25313338444654 -3.307029972991939 0
19.25313338444654 -3.227911469889791 0
19.25313338444654 -3.140002022180855 0
19.25313338444654 -3.042324858194636 0
19.25313338444654 -2.933794675578369 0
19.25313338444654 -2.813205583683504 0
19.25313338444654 -2.679217703978283 0
19.25313338444654 -2.530342282329831 0
19.25313338444654 -2.364925147849403 0
19.25313338444653 -2.181128332621428 0
19.25313338444654 -1.976909648668893 0
19.25313338444654 -1.75 0
19.25313338444654 -1.523090351332923 0
19.25313338444654 -1.318871667379703 0
19.25313338444654 -1.135074852150881 0
19.25313338444654 -0.9696577176705707 0
19.25313338444654 -0.8207822960233865 0
19.25313338444654 -0.6867944163170913 0
19.25313338444654 -0.5662053244216849 0
19.25313338444654 -0.4576751418049784 0
19.25313338444654 -0.3599979778184063 0
19.25313338444654 -0.2720885301091919 0
19.25313338444654 -0.1929700270068302 0
19.25313338444654 -0.1217633746846564 0
19.25313338444654 -0.05767738842939917 0
19.38663380878591 -3.442322611569526 0
19.38663380878591 -3.378236625314048 0
19.38663380878591 -3.307029972991927 0
19.38663380878591 -3.227911469889779 0
19.38663380878591 -3.140002022180842 0
19.38663380878591 -3.042324858194623 0
19.38663380878591 -2.933794675578357 0
19.38663380878591 -2.813205583683492 0
19.38663380878591 -2.679217703978285 0
19.38663380878591 -2.530342282329828 0
19.38663380878591 -2.364925147849395 0
19.38663380878591 -2.181128332621423 0
19.38663380878591 -1.97690964866889 0
19.38663380878591 -1.75 0
19.38663380878591 -1.523090351332923 0
19.38663380878591 -1.318871667379703 0
19.38663380878591 -1.135074852150881 0
19.38663380878591 -0.9696577176705721 0
19.38663380878591 -0.8207822960233894 0
19.38663380878591 -0.686794416317091 0
19.38663380878591 -0.5662053244216847 0
19.38663380878591 -0.4576751418049782 0
19.38663380878591 -0.3599979778184059 0
19.3866338087859 -0.2720885301091916 0
19.38663380878591 -0.19297002700683 0
19.38663380878591 -0.1217633746846563 0
19.38663380878591 -0.05767738842939907 0
19.50605584403255 -3.442322611569518 0
19.50605584403255 -3.378236625314038 0
19.50605584403255 -3.307029972991916 0
19.50605584403254 -3.227911469889768 0
19.50605584403255 -3.140002022180832 0
19.50605584403255 -3.042324858194612 0
19.50605584403255 -2.933794675578346 0
19.50605584403255 -2.813205583683482 0
19.50605584403255 -2.679217703978286 0
19.50605584403255 -2.530342282329825 0
19.50605584403255 -2.36492514784939 0
19.50605584403255 -2.181128332621419 0
19.50605584403255 -1.976909648668887 0
19.50605584403255 -1.75 0
19.50605584403255 -1.523090351332923 0
19.50605584403255 -1.318871667379703 0
19.50605584403255 -1.135074852150882 0
19.50605584403255 -0.9696577176705734 0
19.50605584403255 -0.8207822960233919 0
19.50605584403255 -0.6867944163170905 0
19.50605584403255 -0.5662053244216843 0
19.50605584403255 -0.457675141804978 0
19.50605584403255 -0.3599979778184057 0
19.50605584403255 -0.2720885301091913 0
19.50605584403255 -0.1929700270068297 0
19.50605584403255 -0.1217633746846561 0
19.50605584403255 -0.05767738842939898 0
19.61288414183986 -3.442322611569512 0
19.61288414183987 -3.37823662531403 0
19.61288414183987 -3.307029972991906 0
19.61288414183987 -3.227911469889758 0
19.61288414183987 -3.140002022180821 0
19.61288414183987 -3.042324858194602 0
19.61288414183986 -2.933794675578335 0
19.61288414183987 -2.813205583683472 0
19.61288414183987 -2.679217703978288 0
19.61288414183987 -2.530342282329822 0
19.61288414183987 -2.364925147849384 0
19.61288414183987 -2.181128332621415 0
19.61288414183987 -1.976909648668885 0
19.61288414183987 -1.75 0
19.61288414183987 -1.523090351332923 0
19.61288414183987 -1.318871667379703 0
19.61288414183987 -1.135074852150882 0
19.61288414183987 -0.9696577176705746 0
19.61288414183987 -0.8207822960233943 0
19.61288414183987 -0.6867944163170904 0
19.61288414183987 -0.566205324421684 0
19.61288414183987 -0.4576751418049776 0
19.61288414183987 -0.3599979778184055 0
19.61288414183987 -0.2720885301091912 0
19.61288414183987 -0.1929700270068295 0
19.61288414183987 -0.1217633746846559 0
19.61288414183987 -0.0576773884293989 0
19.70844678817446 -3.442322611569505 0
19.70844678817446 -3.378236625314021 0
19.70844678817446 -3.307029972991898 0
19.70844678817446 -3.227911469889749 0
19.70844678817446 -3.140002022180813 0
19.70844678817446 -3.042324858194593 0
19.70844678817446 -2.933794675578326 0
19.70844678817446 -2.813205583683462 0
19.70844678817446 -2.679217703978289 0
19.70844678817446 -2.530342282329821 0
19.70844678817446 -2.364925147849378 0
19.70844678817446 -2.181128332621411 0
19.70844678817446 -1.976909648668883 0
19.70844678817446 -1.75 0
19.70844678817446 -1.523090351332923 0
19.70844678817446 -1.318871667379703 0
19.70844678817446 -1.135074852150882 0
19.70844678817446 -0.9696577176705755 0
19.70844678817446 -0.8207822960233964 0
19.70844678817446 -0.6867944163170899 0
19.70844678817446 -0.5662053244216838 0
19.70844678817446 -0.4576751418049774 0
19.70844678817446 -0.3599979778184053 0
19.70844678817446 -0.2720885301091909 0
19.70844678817446 -0.1929700270068294 0
19.70844678817446 -0.1217633746846558 0
19.70844678817446 -0.05767738842939884 0
19.79393180520013 -3.4423226115695 0
19.79393180520013 -3.378236625314015 0
19.79393180520013 -3.30702997299189 0
19.79393180520013 -3.227911469889742 0
19.79393180520012 -3.140002022180804 0
19.79393180520013 -3.042324858194584 0
19.79393180520013 -2.933794675578319 0
19.79393180520013 -2.813205583683455 0
19.79393180520013 -2.679217703978292 0
19.79393180520013 -2.530342282329819 0
19.79393180520013 -2.364925147849374 0
19.79393180520013 -2.181128332621407 0
19.79393180520013 -1.976909648668881 0
19.79393180520013 -1.75 0
19.79393180520013 -1.523090351332923 0
19.79393180520013 -1.318871667379703 0
19.79393180520013 -1.135074852150882 0
19.79393180520013 -0.9696577176705763 0
19.79393180520013 -0.8207822960233983 0
19.79393180520013 -0.6867944163170899 0
19.79393180520013 -0.5662053244216834 0
19.79393180520013 -0.4576751418049771 0
19.79393180520013 -0.3599979778184052 0
19.79393180520013 -0.2720885301091908 0
19.79393180520013 -0.1929700270068292 0
19.79393180520013 -0.1217633746846557 0
19.79393180520013 -0.05767738842939876 0
19.87040194216624 -3.442322611569495 0
19.87040194216623 -3.378236625314008 0
19.87040194216624 -3.307029972991883 0
19.87040194216623 -3.227911469889734 0
19.87040194216624 -3.140002022180798 0
19.87040194216623 -3.042324858194578 0
19.87040194216623 -2.933794675578312 0
19.87040194216623 -2.813205583683449 0
19.87040194216624 -2.679217703978293 0
19.87040194216623 -2.530342282329817 0
19.87040194216623 -2.364925147849371 0
19.87040194216623 -2.181128332621404 0
19.87040194216623 -1.976909648668879 0
19.87040194216623 -1.75 0
19.87040194216623 -1.523090351332923 0
19.87040194216624 -1.318871667379703 0
19.87040194216623 -1.135074852150882 0
19.87040194216623 -0.9696577176705773 0
19.87040194216623 -0.8207822960233999 0
19.87040194216623 -0.6867944163170895 0
19.87040194216624 -0.5662053244216834 0
19.87040194216623 -0.4576751418049771 0
19.87040194216623 -0.3599979778184049 0
19.87040194216623 -0.2720885301091908 0
19.87040194216623 -0.1929700270068291 0
19.87040194216624 -0.1217633746846556 0
19.87040194216623 -0.05767738842939871 0
19.9388078678408 -3.442322611569491 0
19.9388078678408 -3.378236625314003 0
19.9388078678408 -3.307029972991877 0
19.93880786784079 -3.227911469889728 0
19.9388078678408 -3.140002022180791 0
19.93880786784079 -3.042324858194572 0
19.93880786784079 -2.933794675578305 0
19.9388078678408 -2.813205583683442 0
19.9388078678408 -2.679217703978293 0
19.93880786784079 -2.530342282329816 0
19.9388078678408 -2.364925147849366 0
19.9388078678408 -2.181128332621402 0
19.9388078678408 -1.976909648668878 0
19.9388078678408 -1.75 0
19.9388078678408 -1.523090351332923 0
19.93880786784079 -1.318871667379703 0
19.93880786784079 -1.135074852150882 0
19.93880786784079 -0.9696577176705784 0
19.9388078678408 -0.8207822960234016 0
19.93880786784079 -0.6867944163170895 0
19.9388078678408 -0.5662053244216829 0
19.9388078678408 -0.4576751418049769 0
19.9388078678408 -0.3599979778184047 0
19.9388078678408 -0.2720885301091906 0
19.9388078678408 -0.192970027006829 0
19.9388078678408 -0.1217633746846554 0
19.9388078678408 -0.05767738842939867 0
2 3 0 2963
3399
3400
3401
3402
3403
3404
3405
3406
3407
3408
3409
3410
3411
3412
3413
3414
3415
3416
3417
3418
3419
3420
3421
3422
3423
3424
3425
3426
3427
3428
3429
3430
3431
3432
3433
3434
3435
3436
3437
3438
3439
3440
3441
3442
3443
3444
3445
3446
3447
3448
3449
3450
3451
3452
3453
3454
3455
3456
3457
3458
3459
3460
3461
3462
3463
3464
3465
3466
3467
3468
3469
3470
3471
3472
3473
3474
3475
3476
3477
3478
3479
3480
3481
3482
3483
3484
3485
3486
3487
3488
3489
3490
3491
3492
3493
3494
3495
3496
3497
3498
3499
3500
3501
3502
3503
3504
3505
3506
3507
3508
3509
3510
3511
3512
3513
3514
3515
3516
3517
3518
3519
3520
3521
3522
3523
3524
3525
3526
3527
3528
3529
3530
3531
3532
3533
3534
3535
3536
3537
3538
3539
3540
3541
3542
3543
3544
3545
3546
3547
3548
3549
3550
3551
3552
3553
3554
3555
3556
3557
3558
3559
3560
3561
3562
3563
3564
3565
3566
3567
3568
3569
3570
3571
3572
3573
3574
3575
3576
3577
3578
3579
3580
3581
3582
3583
3584
3585
3586
3587
3588
3589
3590
3591
3592
3593
3594
3595
3596
3597
3598
3599
3600
3601
3602
3603
3604
3605
3606
3607
3608
3609
3610
3611
3612
3613
3614
3615
3616
3617
3618
3619
3620
3621
3622
3623
3624
3625
3626
3627
3628
3629
3630
3631
3632
3633
3634
3635
3636
3637
3638
3639
3640
3641
3642
3643
3644
3645
3646
3647
3648
3649
3650
3651
3652
3653
3654
3655
3656
3657
3658
3659
3660
3661
3662
3663
3664
3665
3666
3667
3668
3669
3670
3671
3672
3673
3674
3675
3676
3677
3678
3679
3680
3681
3682
3683
3684
3685
3686
3687
3688
3689
3690
3691
3692
3693
3694
3695
3696
3697
3698
3699
3700
3701
3702
3703
3704
3705
3706
3707
3708
3709
3710
3711
3712
3713
3714
3715
3716
3717
3718
3719
3720
3721
3722
3723
3724
3725
3726
3727
3728
3729
3730
3731
3732
3733
3734
3735
3736
3737
3738
3739
3740
3741
3742
3743
3744
3745
3746
3747
3748
3749
3750
3751
3752
3753
3754
3755
3756
3757
3758
3759
3760
3761
3762
3763
3764
3765
3766
3767
3768
3769
3770
3771
3772
3773
3774
3775
3776
3777
3778
3779
3780
3781
3782
3783
3784
3785
3786
3787
3788
3789
3790
3791
3792
3793
3794
3795
3796
3797
3798
3799
3800
3801
3802
3803
3804
3805
3806
3807
3808
3809
3810
3811
3812
3813
3814
3815
3816
3817
3818
3819
3820
3821
3822
3823
3824
3825
3826
3827
3828
3829
3830
3831
3832
3833
3834
3835
3836
3837
3838
3839
3840
3841
3842
3843
3844
3845
3846
3847
3848
3849
3850
3851
3852
3853
3854
3855
3856
3857
3858
3859
3860
3861
3862
3863
3864
3865
3866
3867
3868
3869
3870
3871
3872
3873
3874
3875
3876
3877
3878
3879
3880
3881
3882
3883
3884
3885
3886
3887
3888
3889
3890
3891
3892
3893
3894
3895
3896
3897
3898
3899
3900
3901
3902
3903
3904
3905
3906
3907
3908
3909
3910
3911
3912
3913
3914
3915
3916
3917
3918
3919
3920
3921
3922
3923
3924
3925
3926
3927
3928
3929
3930
3931
3932
3933
3934
3935
3936
3937
3938
3939
3940
3941
3942
3943
3944
3945
3946
3947
3948
3949
3950
3951
3952
3953
3954
3955
3956
3957
3958
3959
3960
3961
3962
3963
3964
3965
3966
3967
3968
3969
3970
3971
3972
3973
3974
3975
3976
3977
3978
3979
3980
3981
3982
3983
3984
3985
3986
3987
3988
3989
3990
3991
3992
3993
3994
3995
3996
3997
3998
3999
4000
4001
4002
4003
4004
4005
4006
4007
4008
4009
4010
4011
4012
4013
4014
4015
4016
4017
4018
4019
4020
4021
4022
4023
4024
4025
4026
4027
4028
4029
4030
4031
4032
4033
4034
4035
4036
4037
4038
4039
4040
4041
4042
4043
4044
4045
4046
4047
4048
4049
4050
4051
4052
4053
4054
4055
4056
4057
4058
4059
4060
4061
4062
4063
4064
4065
4066
4067
4068
4069
4070
4071
4072
4073
4074
4075
4076
4077
4078
4079
4080
4081
4082
4083
4084
4085
4086
4087
4088
4089
4090
4091
4092
4093
4094
4095
4096
4097
4098
4099
4100
4101
4102
4103
4104
4105
4106
4107
4108
4109
4110
4111
4112
4113
4114
4115
4116
4117
4118
4119
4120
4121
4122
4123
4124
4125
4126
4127
4128
4129
4130
4131
4132
4133
4134
4135
4136
4137
4138
4139
4140
4141
4142
4143
4144
4145
4146
4147
4148
4149
4150
4151
4152
4153
4154
4155
4156
4157
4158
4159
4160
4161
4162
4163
4164
4165
4166
4167
4168
4169
4170
4171
4172
4173
4174
4175
4176
4177
4178
4179
4180
4181
4182
4183
4184
4185
4186
4187
4188
4189
4190
4191
4192
4193
4194
4195
4196
4197
4198
4199
4200
4201
4202
4203
4204
4205
4206
4207
4208
4209
4210
4211
4212
4213
4214
4215
4216
4217
4218
4219
4220
4221
4222
4223
4224
4225
4226
4227
4228
4229
4230
4231
4232
4233
4234
4235
4236
4237
4238
4239
4240
4241
4242
4243
4244
4245
4246
4247
4248
4249
4250
4251
4252
4253
4254
4255
4256
4257
4258
4259
4260
4261
4262
4263
4264
4265
4266
4267
4268
4269
4270
4271
4272
4273
4274
4275
4276
4277
4278
4279
4280
4281
4282
4283
4284
4285
4286
4287
4288
4289
4290
4291
4292
4293
4294
4295
4296
4297
4298
4299
4300
4301
4302
4303
4304
4305
4306
4307
4308
4309
4310
4311
4312
4313
4314
4315
4316
4317
4318
4319
4320
4321
4322
4323
4324
4325
4326
4327
4328
4329
4330
4331
4332
4333
4334
4335
4336
4337
4338
4339
4340
4341
4342
4343
4344
4345
4346
4347
4348
4349
4350
4351
4352
4353
4354
4355
4356
4357
4358
4359
4360
4361
4362
4363
4364
4365
4366
4367
4368
4369
4370
4371
4372
4373
4374
4375
4376
4377
4378
4379
4380
4381
4382
4383
4384
4385
4386
4387
4388
4389
4390
4391
4392
4393
4394
4395
4396
4397
4398
4399
4400
4401
4402
4403
4404
4405
4406
4407
4408
4409
4410
4411
4412
4413
4414
4415
4416
4417
4418
4419
4420
4421
4422
4423
4424
4425
4426
4427
4428
4429
4430
4431
4432
4433
4434
4435
4436
4437
4438
4439
4440
4441
4442
4443
4444
4445
4446
4447
4448
4449
4450
4451
4452
4453
4454
4455
4456
4457
4458
4459
4460
4461
4462
4463
4464
4465
4466
4467
4468
4469
4470
4471
4472
4473
4474
4475
4476
4477
4478
4479
4480
4481
4482
4483
4484
4485
4486
4487
4488
4489
4490
4491
4492
4493
4494
4495
4496
4497
4498
4499
4500
4501
4502
4503
4504
4505
4506
4507
4508
4509
4510
4511
4512
4513
4514
4515
4516
4517
4518
4519
4520
4521
4522
4523
4524
4525
4526
4527
4528
4529
4530
4531
4532
4533
4534
4535
4536
4537
4538
4539
4540
4541
4542
4543
4544
4545
4546
4547
4548
4549
4550
4551
4552
4553
4554
4555
4556
4557
4558
4559
4560
4561
4562
4563
4564
4565
4566
4567
4568
4569
4570
4571
4572
4573
4574
4575
4576
4577
4578
4579
4580
4581
4582
4583
4584
4585
4586
4587
4588
4589
4590
4591
4592
4593
4594
4595
4596
4597
4598
4599
4600
4601
4602
4603
4604
4605
4606
4607
4608
4609
4610
4611
4612
4613
4614
4615
4616
4617
4618
4619
4620
4621
4622
4623
4624
4625
4626
4627
4628
4629
4630
4631
4632
4633
4634
4635
4636
4637
4638
4639
4640
4641
4642
4643
4644
4645
4646
4647
4648
4649
4650
4651
4652
4653
4654
4655
4656
4657
4658
4659
4660
4661
4662
4663
4664
4665
4666
4667
4668
4669
4670
4671
4672
4673
4674
4675
4676
4677
4678
4679
4680
4681
4682
4683
4684
4685
4686
4687
4688
4689
4690
4691
4692
4693
4694
4695
4696
4697
4698
4699
4700
4701
4702
4703
4704
4705
4706
4707
4708
4709
4710
4711
4712
4713
4714
4715
4716
4717
4718
4719
4720
4721
4722
4723
4724
4725
4726
4727
4728
4729
4730
4731
4732
4733
4734
4735
4736
4737
4738
4739
4740
4741
4742
4743
4744
4745
4746
4747
4748
4749
4750
4751
4752
4753
4754
4755
4756
4757
4758
4759
4760
4761
4762
4763
4764
4765
4766
4767
4768
4769
4770
4771
4772
4773
4774
4775
4776
4777
4778
4779
4780
4781
4782
4783
4784
4785
4786
4787
4788
4789
4790
4791
4792
4793
4794
4795
4796
4797
4798
4799
4800
4801
4802
4803
4804
4805
4806
4807
4808
4809
4810
4811
4812
4813
4814
4815
4816
4817
4818
4819
4820
4821
4822
4823
4824
4825
4826
4827
4828
4829
4830
4831
4832
4833
4834
4835
4836
4837
4838
4839
4840
4841
4842
4843
4844
4845
4846
4847
4848
4849
4850
4851
4852
4853
4854
4855
4856
4857
4858
4859
4860
4861
4862
4863
4864
4865
4866
4867
4868
4869
4870
4871
4872
4873
4874
4875
4876
4877
4878
4879
4880
4881
4882
4883
4884
4885
4886
4887
4888
4889
4890
4891
4892
4893
4894
4895
4896
4897
4898
4899
4900
4901
4902
4903
4904
4905
4906
4907
4908
4909
4910
4911
4912
4913
4914
4915
4916
4917
4918
4919
4920
4921
4922
4923
4924
4925
4926
4927
4928
4929
4930
4931
4932
4933
4934
4935
4936
4937
4938
4939
4940
4941
4942
4943
4944
4945
4946
4947
4948
4949
4950
4951
4952
4953
4954
4955
4956
4957
4958
4959
4960
4961
4962
4963
4964
4965
4966
4967
4968
4969
4970
4971
4972
4973
4974
4975
4976
4977
4978
4979
4980
4981
4982
4983
4984
4985
4986
4987
4988
4989
4990
4991
4992
4993
4994
4995
4996
4997
4998
4999
5000
5001
5002
5003
5004
5005
5006
5007
5008
5009
5010
5011
5012
5013
5014
5015
5016
5017
5018
5019
5020
5021
5022
5023
5024
5025
5026
5027
5028
5029
5030
5031
5032
5033
5034
5035
5036
5037
5038
5039
5040
5041
5042
5043
5044
5045
5046
5047
5048
5049
5050
5051
5052
5053
5054
5055
5056
5057
5058
5059
5060
5061
5062
5063
5064
5065
5066
5067
5068
5069
5070
5071
5072
5073
5074
5075
5076
5077
5078
5079
5080
5081
5082
5083
5084
5085
5086
5087
5088
5089
5090
5091
5092
5093
5094
5095
5096
5097
5098
5099
5100
5101
5102
5103
5104
5105
5106
5107
5108
5109
5110
5111
5112
5113
5114
5115
5116
5117
5118
5119
5120
5121
5122
5123
5124
5125
5126
5127
5128
5129
5130
5131
5132
5133
5134
5135
5136
5137
5138
5139
5140
5141
5142
5143
5144
5145
5146
5147
5148
5149
5150
5151
5152
5153
5154
5155
5156
5157
5158
5159
5160
5161
5162
5163
5164
5165
5166
5167
5168
5169
5170
5171
5172
5173
5174
5175
5176
5177
5178
5179
5180
5181
5182
5183
5184
5185
5186
5187
5188
5189
5190
5191
5192
5193
5194
5195
5196
5197
5198
5199
5200
5201
5202
5203
5204
5205
5206
5207
5208
5209
5210
5211
5212
5213
5214
5215
5216
5217
5218
5219
5220
5221
5222
5223
5224
5225
5226
5227
5228
5229
5230
5231
5232
5233
5234
5235
5236
5237
5238
5239
5240
5241
5242
5243
5244
5245
5246
5247
5248
5249
5250
5251
5252
5253
5254
5255
5256
5257
5258
5259
5260
5261
5262
5263
5264
5265
5266
5267
5268
5269
5270
5271
5272
5273
5274
5275
5276
5277
5278
5279
5280
5281
5282
5283
5284
5285
5286
5287
5288
5289
5290
5291
5292
5293
5294
5295
5296
5297
5298
5299
5300
5301
5302
5303
5304
5305
5306
5307
5308
5309
5310
5311
5312
5313
5314
5315
5316
5317
5318
5319
5320
5321
5322
5323
5324
5325
5326
5327
5328
5329
5330
5331
5332
5333
5334
5335
5336
5337
5338
5339
5340
5341
5342
5343
5344
5345
5346
5347
5348
5349
5350
5351
5352
5353
5354
5355
5356
5357
5358
5359
5360
5361
5362
5363
5364
5365
5366
5367
5368
5369
5370
5371
5372
5373
5374
5375
5376
5377
5378
5379
5380
5381
5382
5383
5384
5385
5386
5387
5388
5389
5390
5391
5392
5393
5394
5395
5396
5397
5398
5399
5400
5401
5402
5403
5404
5405
5406
5407
5408
5409
5410
5411
5412
5413
5414
5415
5416
5417
5418
5419
5420
5421
5422
5423
5424
5425
5426
5427
5428
5429
5430
5431
5432
5433
5434
5435
5436
5437
5438
5439
5440
5441
5442
5443
5444
5445
5446
5447
5448
5449
5450
5451
5452
5453
5454
5455
5456
5457
5458
5459
5460
5461
5462
5463
5464
5465
5466
5467
5468
5469
5470
5471
5472
5473
5474
5475
5476
5477
5478
5479
5480
5481
5482
5483
5484
5485
5486
5487
5488
5489
5490
5491
5492
5493
5494
5495
5496
5497
5498
5499
5500
5501
5502
5503
5504
5505
5506
5507
5508
5509
5510
5511
5512
5513
5514
5515
5516
5517
5518
5519
5520
5521
5522
5523
5524
5525
5526
5527
5528
5529
5530
5531
5532
5533
5534
5535
5536
5537
5538
5539
5540
5541
5542
5543
5544
5545
5546
5547
5548
5549
5550
5551
5552
5553
5554
5555
5556
5557
5558
5559
5560
5561
5562
5563
5564
5565
5566
5567
5568
5569
5570
5571
5572
5573
5574
5575
5576
5577
5578
5579
5580
5581
5582
5583
5584
5585
5586
5587
5588
5589
5590
5591
5592
5593
5594
5595
5596
5597
5598
5599
5600
5601
5602
5603
5604
5605
5606
5607
5608
5609
5610
5611
5612
5613
5614
5615
5616
5617
5618
5619
5620
5621
5622
5623
5624
5625
5626
5627
5628
5629
5630
5631
5632
5633
5634
5635
5636
5637
5638
5639
5640
5641
5642
5643
5644
5645
5646
5647
5648
5649
5650
5651
5652
5653
5654
5655
5656
5657
5658
5659
5660
5661
5662
5663
5664
5665
5666
5667
5668
5669
5670
5671
5672
5673
5674
5675
5676
5677
5678
5679
5680
5681
5682
5683
5684
5685
5686
5687
5688
5689
5690
5691
5692
5693
5694
5695
5696
5697
5698
5699
5700
5701
5702
5703
5704
5705
5706
5707
5708
5709
5710
5711
5712
5713
5714
5715
5716
5717
5718
5719
5720
5721
5722
5723
5724
5725
5726
5727
5728
5729
5730
5731
5732
5733
5734
5735
5736
5737
5738
5739
5740
5741
5742
5743
5744
5745
5746
5747
5748
5749
5750
5751
5752
5753
5754
5755
5756
5757
5758
5759
5760
5761
5762
5763
5764
5765
5766
5767
5768
5769
5770
5771
5772
5773
5774
5775
5776
5777
5778
5779
5780
5781
5782
5783
5784
5785
5786
5787
5788
5789
5790
5791
5792
5793
5794
5795
5796
5797
5798
5799
5800
5801
5802
5803
5804
5805
5806
5807
5808
5809
5810
5811
5812
5813
5814
5815
5816
5817
5818
5819
5820
5821
5822
5823
5824
5825
5826
5827
5828
5829
5830
5831
5832
5833
5834
5835
5836
5837
5838
5839
5840
5841
5842
5843
5844
5845
5846
5847
5848
5849
5850
5851
5852
5853
5854
5855
5856
5857
5858
5859
5860
5861
5862
5863
5864
5865
5866
5867
5868
5869
5870
5871
5872
5873
5874
5875
5876
5877
5878
5879
5880
5881
5882
5883
5884
5885
5886
5887
5888
5889
5890
5891
5892
5893
5894
5895
5896
5897
5898
5899
5900
5901
5902
5903
5904
5905
5906
5907
5908
5909
5910
5911
5912
5913
5914
5915
5916
5917
5918
5919
5920
5921
5922
5923
5924
5925
5926
5927
5928
5929
5930
5931
5932
5933
5934
5935
5936
5937
5938
5939
5940
5941
5942
5943
5944
5945
5946
5947
5948
5949
5950
5951
5952
5953
5954
5955
5956
5957
5958
5959
5960
5961
5962
5963
5964
5965
5966
5967
5968
5969
5970
5971
5972
5973
5974
5975
5976
5977
5978
5979
5980
5981
5982
5983
5984
5985
5986
5987
5988
5989
5990
5991
5992
5993
5994
5995
5996
5997
5998
5999
6000
6001
6002
6003
6004
6005
6006
6007
6008
6009
6010
6011
6012
6013
6014
6015
6016
6017
6018
6019
6020
6021
6022
6023
6024
6025
6026
6027
6028
6029
6030
6031
6032
6033
6034
6035
6036
6037
6038
6039
6040
6041
6042
6043
6044
6045
6046
6047
6048
6049
6050
6051
6052
6053
6054
6055
6056
6057
6058
6059
6060
6061
6062
6063
6064
6065
6066
6067
6068
6069
6070
6071
6072
6073
6074
6075
6076
6077
6078
6079
6080
6081
6082
6083
6084
6085
6086
6087
6088
6089
6090
6091
6092
6093
6094
6095
6096
6097
6098
6099
6100
6101
6102
6103
6104
6105
6106
6107
6108
6109
6110
6111
6112
6113
6114
6115
6116
6117
6118
6119
6120
6121
6122
6123
6124
6125
6126
6127
6128
6129
6130
6131
6132
6133
6134
6135
6136
6137
6138
6139
6140
6141
6142
6143
6144
6145
6146
6147
6148
6149
6150
6151
6152
6153
6154
6155
6156
6157
6158
6159
6160
6161
6162
6163
6164
6165
6166
6167
6168
6169
6170
6171
6172
6173
6174
6175
6176
6177
6178
6179
6180
6181
6182
6183
6184
6185
6186
6187
6188
6189
6190
6191
6192
6193
6194
6195
6196
6197
6198
6199
6200
6201
6202
6203
6204
6205
6206
6207
6208
6209
6210
6211
6212
6213
6214
6215
6216
6217
6218
6219
6220
6221
6222
6223
6224
6225
6226
6227
6228
6229
6230
6231
6232
6233
6234
6235
6236
6237
6238
6239
6240
6241
6242
6243
6244
6245
6246
6247
6248
6249
6250
6251
6252
6253
6254
6255
6256
6257
6258
6259
6260
6261
6262
6263
6264
6265
6266
6267
6268
6269
6270
6271
6272
6273
6274
6275
6276
6277
6278
6279
6280
6281
6282
6283
6284
6285
6286
6287
6288
6289
6290
6291
6292
6293
6294
6295
6296
6297
6298
6299
6300
6301
6302
6303
6304
6305
6306
6307
6308
6309
6310
6311
6312
6313
6314
6315
6316
6317
6318
6319
6320
6321
6322
6323
6324
6325
6326
6327
6328
6329
6330
6331
6332
6333
6334
6335
6336
6337
6338
6339
6340
6341
6342
6343
6344
6345
6346
6347
6348
6349
6350
6351
6352
6353
6354
6355
6356
6357
6358
6359
6360
6361
10.56941174899055 1.064598294671352 0
16.84441056952981 0.5500004942390997 0
19.56682954570172 0.3287725889256872 0
20.8024245629916 0.3673476906423868 0
3.897225507568443 0.9448368970709868 0
0.3655545266873728 0.3304563600215966 0
-0.6992423661666936 0.450053796978466 0
21.99482907253983 0.4700519553185248 0
18.65135886552424 0.466752405095111 0
1.304346077803225 0.4962818913053949 0
20.08777660427821 0.3237379071295574 0
-27.11681383275027 5.46071803865917 0
-12.20557921969392 5.844881826744978 0
-40.72844529016996 5.507281309693257 0
-53.34098943203171 5.616509147275909 0
-64.25049930042456 5.698566608403159 0
449.7240933443368 6.653138954745646 0
431.9442692930893 6.207888228499326 0
414.9777360792315 6.140687501090493 0
398.3190697953501 6.422077044126347 0
382.2729505297732 5.792024117229134 0
364.3247043748507 6.117923947147723 0
346.763642400141 5.867467712977019 0
329.8940129010135 5.697589448849116 0
313.6234564464828 5.753948742400667 0
297.6712163404368 5.770539155736451 0
282.8674703156998 5.949300480290328 0
267.7255580524562 5.441736690690334 0
254.0030581381062 5.646544614600884 0
238.3566598288931 5.398051710295283 0
223.3575185594855 5.388642421697565 0
209.0241500169349 5.271038224679354 0
195.0911614607726 5.263531871153295 0
181.9867473219775 4.885959382760058 0
169.2090725429763 5.098633888496291 0
155.395201218746 5.056777441456197 0
142.3383731088933 4.982280339584189 0
129.7112016958148 4.944637091809799 0
117.7167365015145 4.878945340227178 0
104.9783728463794 4.97396229118722 0
92.98359892164952 4.575691781988405 0
81.50927175257698 4.770589737547558 0
70.52086794949129 4.79238304843681 0
59.26417427169146 4.682920361747437 0
48.30346986913759 4.426008217920612 0
38.10254759215235 4.53092596747636 0
28.45158559399363 4.533882431821 0
-2.153593871408829 0.6735441906710217 0
464.481749763922 6.224017859273575 0
111.3296753911665 4.982993684852599 0
98.82517533415549 4.836405283230672 0
87.14010437809398 4.768647881883006 0
75.83543850065151 4.659898470376842 0
64.27950563096788 4.655488919317647 0
53.16234272736163 4.682318233680654 0
42.67967331919267 4.569473968554611 0
23.32413034310449 0.6117663570753173 0
14.81136793072787 0.7712693065439817 0
-93.27589957316243 69.92903910123859 0
479.7700091274565 6.723427263905601 0
514.1044883780269 69.28235156299502 0
-0.03250497261511284 0.341833219205241 0
-73.6443589594746 5.812415275083898 0
-19.42749631682809 5.721976281299742 0
246.1069255569597 5.479815319895373 0
231.0235559229517 5.521569820343029 0
216.1252578883745 5.631269033399704 0
202.0888444691028 5.038260817992875 0
188.6521715863093 5.213874139202368 0
175.6376945481055 5.150888531791169 0
161.4579796122987 5.256169779974302 0
148.1522142145289 5.093455045399629 0
135.1954083916785 5.019349747373569 0
123.0520902303921 4.926488708385127 0
-95.88275645004009 42.52168752267892 0
492.3788712438908 6.448396206738515 0
515.4711231790263 42.56285214834138 0
6.572259395195425 1.06857223472719 0
-96.40061364589117 28.32550533764266 0
2.288980920624665 0.5902446927398499 0
24.78570598537368 0.696124854381553 0
21.30614048027415 0.4109707671664676 0
516.6689316611024 28.22166992389068 0
17.93486062699682 0.5222293738278692 0
19.18874811229422 0.3630719373353563 0
-80.79412980608046 5.744462252244249 0
-46.93965433051295 5.561071956052528 0
20.34450549817176 0.343067356511042 0
-32.54566448383031 5.371248819753797 0
440.540859369409 6.208508737372904 0
423.1292533859048 6.313461441906673 0
406.500188168974 6.142608072662002 0
390.2605413865313 6.055814817561096 0
371.8266083814576 6.192825925490207 0
354.157521466644 6.170517111735795 0
337.0834571974899 5.897619306778331 0
320.5917953396457 5.817973475112144 0
304.7407430292437 5.635353706258234 0
289.1772034376357 5.750868822069913 0
274.3701886786941 5.634650672615603 0
259.9315683406588 5.491473797416175 0
19.83727042367683 0.3283785612787765 0
-97.37079194310333 17.7774731717938 0
501.9282926760051 6.55255319309348 0
8.00856951081334 131.5617392301301 0
87.08736094968359 131.9327882635591 0
162.7226160216073 131.472118916028 0
235.9651525255609 126.1915015600282 0
517.6889277351524 17.62400971405642 0
308.8497385531395 129.4574595185374 0
384.7863301802115 129.3192709818307 0
-88.40959900454247 5.920212211751436 0
27.31490697290629 3.145148682664682 0
-4.468495306265353 1.025213579204776 0
-1.277682177044347 0.5630302045059696 0
510.2077823011687 100.2033471639371 0
-89.24651022001203 99.71904120120861 0
-94.43028204189162 54.99293221090714 0
513.6482809665971 55.85434128069279 0
22.59518628210835 0.5226054072747073 0
-98.27919055784199 9.876626763578738 0
13.39094859271807 0.8966640389128466 0
511.8740921274887 6.63306064956364 0
0.6528007812661079 0.3827507700901059 0
435.299467923208 131.2195332347205 0
15.95171298302316 0.6671246380612397 0
-0.3437789418313459 0.3523608748363948 0
-7.356344602108516 2.191420077455261 0
-69.04984271633946 5.752551805604227 0
486.0484831729892 6.424973747170585 0
-57.71703844523504 5.654406840892003 0
20.55486552471359 0.3961111560208626 0
473.5549407151993 6.001701402114728 0
-36.69046928207898 5.472311406524081 0
458.1526693614409 6.302491351998386 0
376.6086000175864 5.862909260893757 0
359.1254595139249 5.963231062117687 0
341.8857853862617 5.846345981051745 0
325.2717076015341 5.884730337351012 0
308.9869788012571 5.727551419653686 0
-36.35392455079079 129.4530203513172 0
26.03513093736156 0.8179073004818168 0
0.1728002651352654 0.3443200573739325 0
518.0760996333282 12.40212035482091 0
27.57096852608521 1.501374321121646 0
19.96801950120103 0.3053289205327674 0
20.01217579624193 0.427546610077065 0
-93.71705230249734 6.136082562208957 0
518.3745082595527 8.07365885666035 0
482.1328210497055 129.5075852056278 0
-7.67738401731844 1.060499348679631 0
27.79425121413084 0.7443015049378462 0
-86.87983918064344 126.6555011596851 0
20.16351103845141 0.426734804045463 0
20.04707580248166 0.5962443504556185 0
20.27598438006972 0.6043342935734807 0
20.11061692563258 0.8327830551247587 0
20.47617864286848 0.8417059269984293 0
20.21175830132845 1.173150586946823 0
20.61820331955068 1.180908849506533 0
20.40672580006049 1.52049668358139 0
20.83017640411712 1.589372015424865 0
20.48077473033029 2.019164990090659 0
21.04771016482368 2.099810700026689 0
20.71870709721327 2.684870349762669 0
21.47499075190693 2.686449694697063 0
20.97637599551647 3.439082554532909 0
19.87961639192367 2.407991942871864 0
19.84404614343623 1.117502584664213 0
22.00957200461561 2.114170489196143 0
22.31071522578285 2.846612742954678 0
22.7472217563321 2.179143156306957 0
23.16997620180662 2.891614297895171 0
22.68053594078294 3.662311082423241 0
23.59556824401163 3.678218300661769 0
23.00842301646415 4.665565006284494 0
24.05366828430687 2.883245856107103 0
24.51583567427113 3.660808853995113 0
24.9029424342532 2.853037628047576 0
25.39562075863384 3.619187732354519 0
24.99906443379936 4.449608407538325 0
25.97393469288338 4.433851065370741 0
25.50121660347572 5.352238918531864 0
21.09552529953744 1.169978734123437 0
24.50828044354018 2.179530715912238 0
25.25620411427635 2.107028645487383 0
22.40415892693082 1.534268601074547 0
23.04066908988188 1.561747078071284 0
27.58189557125635 4.530871946049167 0
-98.40694573999544 6.50405667885827 0
508.2570144297129 126.5855652459423 0
19.86072063295817 0.5415670460293653 0
-3.648438669982981 1.063549193313366 0
-4.040301496366055 1.714181744870088 0
-3.263153898567629 1.678331381595436 0
-3.682968782727932 2.387617928636619 0
-2.877428476768997 2.36463435310525 0
-3.300395516329344 3.150892120404128 0
-2.242744840875504 3.032632279870108 0
-2.838370218932753 4.083464504040445 0
-1.738193915759706 4.076631615838946 0
-2.312635790992726 5.188265415252199 0
-4.430913222946971 3.053447750499265 0
-1.161560646766211 3.119527748280638 0
-0.6283904653520758 4.081928902361621 0
-0.2698255222987919 3.106442094367614 0
0.4704224584853066 3.868324017676095 0
1.15485509236726 2.806568114444492 0
1.680763876400154 3.950339606699037 0
-0.6816160577000991 2.178092147687439 0
2.234244283389603 2.822986923555607 0
2.861571422920131 3.960597554915783 0
2.221642109451903 5.188791666955217 0
-4.909439756748903 1.764821749084954 0
3.38507774398701 2.908618925007038 0
4.052923499118852 3.919358600612649 0
4.554590632996615 2.690755138780478 0
5.245118531358987 3.834920080585071 0
1.587306280158807 2.037752921081219 0
5.742003241550373 2.796278851281491 0
6.442555273795464 3.794739188564216 0
6.869990141280657 2.78848414188192 0
7.638573381136078 3.702965624241568 0
7.299013215081346 4.732386074279465 0
8.034269718768794 2.511139772218883 0
8.870401528404631 3.637756052430515 0
5.150330777605115 1.830977699342125 0
9.381570172945107 2.590789659386967 0
10.02667422478034 3.538520021432066 0
-2.498860101751514 1.633178032479579 0
0.5465198865049896 2.173601192802264 0
1.036879237116323 1.394304259034032 0
-2.941260869696372 1.135302643392883 0
-1.539067692899244 2.297591517055056 0
-1.257156462440761 1.672225630334619 0
-0.389986548219845 1.580127320721085 0
-0.80759065201646 1.041431116387875 0
2.828957469129091 2.122222664618233 0
3.70961995647819 1.940602052859544 0
21.79965783972145 1.54646660031522 0
22.10083228431561 1.046223484238292 0
22.51149629744774 1.057087420612506 0
9.517093337318517 1.120436045028396 0
10.5928127526899 2.591644231921328 0
11.19187218059555 3.456485505408006 0
10.65820924339688 4.491099064890875 0
11.82653853532193 4.386658218157671 0
11.30709522323157 5.490020251510927 0
12.32770009990678 3.350416970240668 0
12.97763708479131 4.26966006316179 0
13.40630328075688 3.230891255130207 0
14.10903222902027 4.12779016914623 0
13.64832023918053 5.248393371231266 0
14.85785297936726 5.070255112279398 0
14.38016730404747 6.237842094790247 0
15.25370549775903 3.807137440682201 0
16.05430982656669 4.872941973744725 0
16.41043215682716 3.768116639421498 0
17.19837742509766 4.670246054980864 0
16.80345853148152 5.933232627474936 0
18.04590314659523 5.616806882891918 0
15.83143978664162 2.913332443805361 0
16.73147274879323 2.805573614113058 0
10.02009373772069 5.615521814896228 0
18.37373836188139 4.305410308783546 0
19.27035677145559 5.330092485083423 0
18.80939172450504 6.591774836495791 0
16.1904973560134 2.121483276216676 0
16.99329691484623 1.999228756721098 0
17.54492219256745 2.603405407030382 0
17.73944987879671 1.770873991842812 0
15.43297668538025 2.131244710652829 0
18.28253829061497 2.384703420751265 0
18.4412813789971 1.697516745699309 0
12.75522524189201 2.399340806327454 0
13.71246140609881 2.295909594973762 0
13.01429331173181 6.490753517109369 0
13.74910256476153 7.707917691420253 0
10.74580942883083 6.771481492203932 0
9.257134702172515 6.874401308570913 0
18.07347123620509 1.236803338472851 0
18.60357952309415 1.092691585121558 0
19.00299668549509 1.485204527605573 0
19.05470432842994 1.027358531884089 0
16.53302254097072 1.490480333030919 0
17.19021694833202 1.371610298386801 0
15.84599842520819 1.347206677912036 0
19.65057979643519 4.162075104284265 0
20.46218117338811 5.058242821409189 0
19.04221833094354 2.277947660767656 0
18.78764355086545 2.953752642933581 0
-13.70857923086191 128.0068539916651 0
-26.82272685994393 111.5115175869174 0
-44.72090627737851 108.3774217400429 0
-33.18893793663261 95.6850477455817 0
-18.91914726489892 96.34558991317552 0
-25.72333479389678 81.45267773938467 0
-11.41936794659318 83.42311407412583 0
-17.00294513416478 71.44839796726843 0
-5.45697232196328 72.06954266853668 0
-11.46048110618992 61.70024931801697 0
-0.5405351195055679 61.96014239468832 0
-21.54016364609096 61.32311979875773 0
-5.755477960675869 53.42181899494635 0
4.63633887083092 52.75654167442579 0
9.176036688676497 61.18916006112416 0
14.25269467079503 53.16263573854238 0
18.66243597845452 60.78676171004211 0
22.9707748128812 52.49820352285906 0
27.89081104094734 60.24292782064436 0
32.02653113718868 51.85078750344928 0
-1.525498399015381 46.32401282938611 0
37.09919581206808 59.5566958633034 0
40.88234010727457 51.22881065762778 0
36.21366891164007 44.44501373215738 0
44.29418730757396 43.88566235678903 0
49.14231512393582 50.2440956529603 0
52.08071147403397 42.29470269576089 0
57.05691249789334 49.13868153350128 0
59.91565174386758 42.03027222143096 0
64.76752762688584 48.14371763113368 0
67.4283792126127 40.18365404126824 0
72.36624772821636 47.16039327760115 0
75.11588535179023 40.20172672648756 0
80.14004642429533 46.68013085289653 0
82.45379915593644 38.50551982493482 0
87.36212274992694 45.35349738533611 0
90.03037025896369 38.72404741870074 0
94.45106496793639 44.27039856968771 0
97.13681401144265 36.97526498166391 0
101.5471165189015 43.26990922041101 0
104.179014463552 36.81662076515073 0
108.5425972707226 42.37241916515836 0
110.9913694469172 35.12470711122067 0
115.5045889565716 41.48919291671753 0
118.1689246609089 35.11398232706695 0
122.7475254712717 40.50521207616844 0
119.770482526267 47.51709940912747 0
127.3182821296593 46.4190830200878 0
99.19062959207349 49.85583900227124 0
77.8760743335297 55.28635272619849 0
130.0875203298397 39.30634074628711 0
134.7685703910864 44.89497903614016 0
137.3326838386429 37.16999999594353 0
142.0517276405328 43.3811518295724 0
144.6446876948715 36.58957315925946 0
149.1370682757977 41.87580861103792 0
151.4103480657052 35.45211187083855 0
156.0022348400544 40.42046577102836 0
158.0705356363003 33.19326551442729 0
162.7631024430181 39.14686288837385 0
39.58377868424249 38.07578412625897 0
32.62913499022551 38.30696856787372 0
165.0751456903403 32.88152492110981 0
169.8406682070714 37.87178587825407 0
167.3583777541264 44.66676871445819 0
174.5834499175439 43.07092682567927 0
147.380001056863 50.22237514940205 0
176.8612685200093 36.27123583096209 0
181.4490568561786 41.36720551721131 0
179.0397151914057 48.70811162676094 0
187.685654997036 45.59567027619957 0
185.6391438591465 55.02004447084403 0
194.1922029428567 52.52079977934119 0
196.4179597760431 44.05465519332359 0
202.6360268513791 49.96988720293897 0
204.3499544933539 41.81956161316999 0
210.5954389294708 47.33186214031716 0
124.5714589917143 54.22543350570501 0
211.849740393515 38.46437349339028 0
218.3317229086507 44.67432442580009 0
55.74588008626975 36.0307844929764 0
35.71411943251648 32.75342124901474 0
30.09790254999956 32.76297971401524 0
219.5291911947261 36.99507827576996 0
225.625372917787 42.10186874098022 0
71.32668981464116 34.45025865274323 0
32.88041391680036 27.09185080318892 0
32.75937590458612 4.496364894423136 0
35.4331659946433 4.643910279379305 0
38.70294120549749 27.85491253622824 0
27.6955021765324 27.7604884679653 0
86.61606177054337 33.2959656692835 0
224.4917088111483 49.67926502411346 0
232.3108084270485 47.06698818471546 0
232.594177981547 39.13420341625701 0
240.2139609127663 42.90941968182359 0
238.9842263829643 51.8679842470618 0
246.8337912347996 48.745976825789 0
248.5452325584673 40.68437757811778 0
254.766841040784 45.43744628440427 0
253.3590200160565 54.35798827460916 0
262.2390732433621 50.28855782240731 0
262.6532553746534 41.17836975776263 0
270.336541512527 46.11686654311895 0
270.0021657087321 54.55015007123664 0
277.680167758568 49.92812125240286 0
100.8104359804978 31.45854590516703 0
278.2441470633701 40.59782795120879 0
285.7399776882771 45.16048658791028 0
285.8757693718339 53.97061898138834 0
293.5182223633444 49.17462468981704 0
192.0455877565503 61.98029771515058 0
181.472071085559 64.66338103897721 0
132.4971362599611 32.53119075541029 0
35.9265169109928 23.32852446162963 0
39.96117775215191 23.07750969138194 0
114.8208621235624 29.85863500533397 0
198.8944289062268 35.46970713646385 0
293.0254078662249 40.53390395161131 0
300.8012661482303 43.981360755445 0
301.7930990466467 52.86421427791067 0
309.178591426237 47.31586728646532 0
310.3453176639085 56.6378752237023 0
317.4238319743912 50.60718265969399 0
319.282072808486 60.53405411960971 0
326.9931098295186 52.74283005563073 0
328.8869938120725 64.6974902261065 0
337.1029373802904 57.8426411849767 0
335.9716006945517 47.80982079034436 0
344.9511372427374 51.46544432276063 0
146.6245123533504 31.08000764203361 0
315.1213978452753 41.99518326784208 0
343.1372209904894 42.34302345469216 0
351.8441909406012 45.40419331810155 0
353.933349299776 54.52157969375749 0
360.5960253312001 48.66949585791659 0
363.0933728926391 57.72981432926589 0
370.1388964271565 50.17443672181088 0
214.8985406817127 31.95411996917209 0
220.6377037905879 30.27698347969606 0
37.60540722241095 19.27837176428214 0
41.49464287262155 18.89119970131562 0
34.08894642867143 19.66715941361773 0
372.7107559416823 61.14698814233697 0
380.1588786444436 54.03022432760163 0
378.4015680102101 44.49657177955476 0
386.882987442928 47.53678758446667 0
390.043279479825 56.75093168811394 0
396.4089447330301 48.61048545906031 0
399.7959752478424 59.45592069279539 0
406.6876612737249 51.88159926042768 0
299.5743828458458 35.95181206243937 0
292.6223887942 32.76586352627171 0
161.4244751767641 27.76874056749217 0
166.6479418853593 27.14646450229607 0
-9.395025260778562 45.69222569688674 0
-5.387526399370708 39.50017951887101 0
-11.98529570554275 38.72241591585825 0
-8.775547221609466 32.56385910654661 0
-15.29513244882635 32.89205532361093 0
-1.334308260332624 33.90241142162446 0
-4.715945378493609 28.06739151740222 0
0.6033783534279502 28.22342938888429 0
-1.838693185520426 23.94461042472262 0
-6.440507911761935 23.3939502035691 0
2.972813189313207 23.96752205500093 0
404.3099958056735 42.70680199223349 0
412.9273255144082 45.12548117929735 0
416.3267971476208 54.03087123500156 0
422.3305550311316 45.99125996484672 0
425.8728775068389 55.80291977374495 0
431.7757533815312 48.48828983490796 0
435.471366000724 57.82313301628882 0
441.9771756967083 50.14388858468867 0
445.1877653305316 59.49632680334101 0
451.8508852314944 52.57599230612358 0
454.7243116547043 61.29677486683091 0
460.3965330621542 53.89891217384429 0
464.1861778675204 62.87936742334445 0
458.021505454544 46.05933669667584 0
465.9728895811589 47.1060191438971 0
463.2850913275349 39.90094059982383 0
470.5779089347412 41.03608691057104 0
454.9286716336148 38.33653484783062 0
468.1765434593441 34.57185738884954 0
474.883982651124 35.78140182674376 0
477.49125517091 41.9449220680816 0
481.4437622838012 36.81515080572389 0
358.4586798668086 39.74064278716194 0
5.403913107818288 27.88735030875785 0
7.621213240136165 23.81219952179519 0
190.2353243363272 72.81545975122967 0
484.030873251541 42.88174917114541 0
487.7561486034964 37.6894288921415 0
485.4060012116923 32.08449163133857 0
491.1648637883675 32.82282938724779 0
384.1881762424426 38.93697425689966 0
429.1897546392129 40.20724230568152 0
35.26098426789167 16.6598900080396 0
32.29948878559232 16.80200212489902 0
364.7000285489808 68.45029444511633 0
0.9332043919308096 20.56205716720167 0
-38.19021197818448 82.82296659939999 0
216.4097425546633 26.20299096407743 0
221.464052971548 24.54843484757446 0
409.8505849605939 36.95802936606756 0
32.96088221723468 68.40768499608086 0
163.3194456364954 23.13185288931259 0
167.866456696865 22.28965656191624 0
298.276515489227 28.97410614809803 0
489.1724971460191 27.68187003552723 0
483.8343732741229 26.74224604709781 0
494.3130780927493 28.40318034796253 0
24.9241459725 32.11840884561311 0
292.5540693094957 26.33771382369219 0
33.60535917188741 14.08855235142983 0
36.26601260669512 13.9916637696757 0
30.83718600369379 14.27095097246191 0
457.722235285926 70.4446037595242 0
468.0435169846858 73.03386803591155 0
429.358535899432 65.43421426410913 0
310.775477969935 66.55796798564106 0
29.33335195057141 16.69673917267499 0
28.11877895615302 14.2642385581968 0
26.50468962429295 16.57471470017135 0
25.35826018871616 13.84760082401892 0
23.69190684689286 16.41544019288451 0
43.48105556356855 67.93715263722791 0
-18.39223638929928 38.058029044866 0
-20.94489156798234 32.16374697880315 0
-24.61302922425389 37.33124992249493 0
-27.05458184199668 31.72355751177894 0
-30.74249071484919 36.62620069965323 0
-32.98295941389443 30.36563085975668 0
-36.72395461902569 35.8956673482543 0
-39.0305096151125 30.84909315247642 0
-42.42834308443906 35.19604486493693 0
-44.99588442401755 29.57915955254314 0
-47.93781787073487 34.52242308414259 0
-50.39737175560737 29.64652206120429 0
-53.54656568815014 34.03000915147757 0
-55.37882575508863 29.15969396017109 0
-58.49769617967419 33.23409306715196 0
-60.39184839966808 28.63515811122413 0
-63.40009985832633 32.54583079847774 0
-62.14887258518983 38.0099230832525 0
-65.47518258420396 27.34731980621138 0
-68.26750234415951 31.76502760045435 0
-70.20413109776071 27.55943573694729 0
-46.08003973725594 39.98573089915892 0
-23.84619496171352 26.97983340455857 0
-72.99898419470884 31.35451158034682 0
-74.81414339441402 27.13756350332359 0
-35.73895536082932 26.06746668367331 0
-52.38058861829678 25.0662967340917 0
-62.52775910559522 24.22025269588593 0
-72.14929485516024 23.47206257556616 0
-76.39681006007484 23.14493340775044 0
-77.48767599440728 30.81983282604669 0
-75.84856670230575 35.17985310197135 0
164.9925135739474 18.96941218272601 0
160.7682169671612 19.47329071896826 0
169.0948281960805 17.60514970700811 0
171.9886645084668 21.08061801086329 0
173.1613924639621 17.12657295655597 0
175.8781422725974 19.99388037446763 0
30.94502571154532 4.495657793380522 0
37.95570937206802 78.46446806333934 0
49.89933003405818 77.35942477774043 0
493.3310542001391 37.86096968398098 0
-74.09409358169897 19.79797545906614 0
-77.95202557003701 19.43363602394022 0
-80.31627144480143 22.50449173002293 0
-81.72978461127474 18.95778198612252 0
176.8563629551537 16.27067023390109 0
179.6024733953078 18.96308512882798 0
217.7403498665824 20.32501856256298 0
212.9922059165308 22.35135509351149 0
222.5237805269081 19.5550450260693 0
226.0450583114208 22.68875935872375 0
43.71488691507686 22.43861549833126 0
45.13759497310273 19.05939611425375 0
375.3468888196448 72.66040120074004 0
492.5282256189989 23.69037767752328 0
497.377260075377 24.42223717214896 0
499.2019074670973 28.85153206307987 0
297.5615655332803 22.68501019252017 0
302.7944522965525 25.11011249623225 0
47.405294785911 22.04352723328886 0
48.58557299412502 18.65483980856247 0
46.73128060472999 15.79986423306265 0
49.95306280429431 15.64579419893232 0
51.80742347771282 18.07136224853274 0
52.93586758006508 14.75884468879074 0
54.84262520963679 17.33248623675275 0
55.93191929995616 14.53530081323516 0
57.75011667460082 16.71033805886116 0
56.09552201505 4.618295495298926 0
58.60306862872795 14.13543838228666 0
60.58107716742829 16.14855989502113 0
61.28683541078122 13.30989234806329 0
63.29568320818868 15.5806025406966 0
64.13383481332343 12.99832739177775 0
65.9864589412564 15.02530974742597 0
67.36774122079714 4.657647966207601 0
62.23238132293993 18.48179769716446 0
66.73568364823713 12.17796479465163 0
68.63546844457937 14.47281675556402 0
69.37932311660093 12.02094306410721 0
71.24040420764108 13.96907080862938 0
70.3959021045203 16.53757390947628 0
73.1716710202756 15.8864575069236 0
73.81188016643813 13.6048213501392 0
75.95072100739387 15.41060916516868 0
75.26713841197086 18.09470349918896 0
78.24324690805874 17.32408656081711 0
78.76981954339182 14.24979580098441 0
81.12118328095247 16.30088015221315 0
81.76096396839536 13.11060037612859 0
83.90422905362604 15.28404827874541 0
51.07820398130551 13.05379983114313 0
54.19395414088692 20.6107008721332 0
-34.46188740988925 41.55612312244327 0
29.29860929455419 11.83843541456318 0
28.01108200365971 5.390962147758565 0
84.28670016153485 12.5001571243818 0
86.59878132701574 13.92608234590496 0
86.09868534447871 17.24904315567505 0
88.93284689221949 16.17923360218377 0
89.22481778102691 13.23112511264611 0
91.74757324942425 14.61430241460756 0
22.45555535344793 13.94142325903914 0
20.87062795489896 16.31926295808777 0
80.6361191713555 19.42111356440763 0
226.7246828502652 18.13825684845412 0
230.2134809654372 20.85230331702286 0
91.35912539002483 18.16357123160171 0
94.26471547250594 16.7934459686595 0
94.69261536613715 13.75837471195287 0
97.07331701643497 15.50829871222629 0
209.1604604018936 55.90165486355286 0
178.3180643557036 75.69949928068971 0
186.8633599443456 85.16415073183009 0
200.1525627454801 81.52728182198405 0
35.12844899372011 11.91700307710456 0
37.3793550801161 11.78728457720046 0
180.3963041481244 14.87677065386274 0
183.2486553353322 17.91935517774566 0
501.893310059102 24.99360467899626 0
292.3523140296071 20.67120788461748 0
287.9887184654098 23.26391881807174 0
214.2243326794214 17.73370193854805 0
210.0565899606308 18.95669521409783 0
460.287082474885 81.08800649613423 0
230.5938882186928 16.11683441112663 0
234.1514609323363 19.12758729746389 0
-83.9929260428558 21.8285795413188 0
-85.23490727016878 18.36608881089399 0
165.7856735778834 15.49986532569317 0
500.2757212115497 20.93920869103254 0
56.85441567841004 11.81177847672746 0
19.65655444180778 13.4544247907461 0
18.0391067157571 16.15692972629367 0
19.23026897374118 18.28215102841655 0
504.3659522030517 21.40187266060294 0
366.4302940568289 80.77293804788444 0
97.12109547423708 12.61989009226107 0
99.74326050904324 13.81648962993888 0
99.59076881584987 17.11377034735165 0
102.2581787759734 15.68165336005243 0
79.64159702417017 11.91055993876125 0
102.4309937866124 13.02262171175962 0
104.820275367562 14.34932523424683 0
104.9122423849663 17.58262388374918 0
107.5608079407454 15.67585631045432 0
107.3999303724852 12.59055437966383 0
110.0707387846243 13.96132665075086 0
184.0667645433613 14.43015787661789 0
186.8108583132905 16.97765500847507 0
185.879750184236 20.73472648293821 0
189.6534058843757 19.55520396396631 0
190.2812569734623 15.28670570848454 0
193.3702793695359 18.28180072641482 0
14.35967044376883 69.55482553190654 0
62.5897047017942 11.17208639564143 0
288.0019903591443 18.35037029907728 0
283.8624622320418 20.7573727948145 0
472.0813349683802 83.10614757124341 0
301.9999045541812 19.60607793243176 0
306.7386410190754 21.61334931277075 0
194.0799823542656 14.6015460965726 0
110.1209553093279 17.21627491041599 0
112.8775592692427 15.18208651352771 0
112.5060431945945 12.31549539248809 0
115.1169936905424 13.40831395570448 0
115.5988598937467 16.38168515769454 0
118.0022501451883 14.37450151435854 0
118.5168018604523 17.45660307149544 0
121.0613789103267 15.49100231539409 0
121.57510136623 19.19712828188027 0
124.2653045313361 16.59828263383791 0
123.3364048288535 13.18135358750687 0
126.5028396957125 14.37443682477121 0
127.28826633971 17.66182080653925 0
129.513813507225 15.46027710552299 0
130.5181541857529 18.63467643433963 0
132.977611582104 15.92623070127843 0
133.8830759794065 19.7230986770741 0
136.3962961751564 17.18480163600244 0
135.7976957805093 13.91463967398882 0
138.8098541098237 14.82518538562397 0
196.8256969123129 17.07360373731413 0
479.9358714298895 72.2787457188348 0
44.93752678483283 89.3197493917539 0
30.85798117039946 90.04918118363224 0
-75.67311896187481 16.4519930361682 0
-72.10444127040851 16.70783302310453 0
138.1260359507475 11.53203172606886 0
140.8737320326098 12.63256915525398 0
141.7600535119105 15.58165722372751 0
143.8597295057229 13.26574346688429 0
144.807521516661 16.28498088575615 0
146.8745871307831 13.68063751999224 0
147.9371514763788 16.99338674925231 0
150.0259169178289 14.52644102485173 0
142.6024874643001 18.69543005228375 0
503.8979509387063 29.19933309441737 0
23.6879382139314 11.96363870799322 0
-80.79496353610944 34.68282920946389 0
-78.77477578100385 39.3592261137231 0
197.144167973824 13.39792393526388 0
125.7655123695394 11.48479276842071 0
36.12135938149066 9.853057579730109 0
38.28677707564968 9.84836351506417 0
39.53101811624664 11.53895398176135 0
40.29461745460259 9.381133957368569 0
45.51966088189877 4.574271370879154 0
234.6364363422663 15.15469475755545 0
237.9808257446155 17.62347091455187 0
237.7835759740745 22.17796497414168 0
241.4727429054633 20.14710239192183 0
241.8825242666261 15.68985400616962 0
245.298323240914 18.4106346495648 0
245.0602473407785 22.59417504682011 0
248.9927463499868 20.57684917093177 0
249.1132419272063 16.53865547956107 0
252.92072778278 18.66275362413858 0
252.8516523458433 22.81129402658657 0
256.7416031636558 20.52051319658658 0
-83.31406644053232 15.75690815766673 0
-86.43279119953702 15.14887739459271 0
292.152447916848 16.37737969282833 0
256.147765607262 16.00102043502492 0
260.212773361825 17.48988009983134 0
260.7161173814064 22.49582682350896 0
264.3607392886847 19.81790205062665 0
264.9182746480337 24.63955037748698 0
223.5699911885254 15.37483914725273 0
211.048782098915 14.53021053966374 0
214.6578002520932 13.76304412873999 0
95.05933104068639 11.0811253691365 0
479.9184113529571 48.35105933679949 0
486.9225221390091 49.26487405931758 0
174.2001849723347 13.73617942721393 0
10.02375870017087 27.55896406330251 0
-87.55773786668649 21.16169309017863 0
264.1257576630881 15.55537362624544 0
267.8588248944212 17.31331230183402 0
59.16013236481619 85.70297414810935 0
16.95629844645722 13.59467533404831 0
10.18398333728524 8.260771898881393 0
8.354481245836144 8.311333055075902 0
9.481108156562351 9.918724683129049 0
7.384870201966565 9.977652219169601 0
8.692051884610617 11.90557126327453 0
6.435433186805888 11.91233318996002 0
14.92602910878835 15.95488389756796 0
5.229483846455318 9.986627635727624 0
4.167035376499196 11.96459341031385 0
3.032139695002024 10.02719456549939 0
1.890926974286949 11.96845350868133 0
0.8217943930148338 10.03355800741378 0
-0.4230445441064714 12.01701672542446 0
188.7586222456092 23.62596168002245 0
-1.688660774878894 9.84146318319346 0
-2.782065678490399 12.06778024285016 0
-4.07132986585513 10.16765870403146 0
-5.139749448957549 12.12658543872198 0
-6.392617998525137 10.13532399586056 0
-7.616993567992905 12.25966414091369 0
-8.955812541604431 5.054913892294157 0
-7.412911410200449 5.141295226213973 0
-86.32295706269319 24.6817986007111 0
284.1867239814283 15.76457108302007 0
127.9206612354372 21.00705361990615 0
7.68131171881944 14.23651527070517 0
207.9662447489353 23.38712292461124 0
4.704869882949513 4.972631012888439 0
196.226919729512 20.96914452260988 0
305.841316524211 16.90070365131709 0
310.5030299211695 17.86806019483716 0
311.2834243080749 23.25383077715422 0
314.8650713037298 19.92296724593879 0
114.6620215845859 10.69622375238893 0
502.7374926323735 17.61133565812282 0
498.8869494365097 16.95924134360621 0
506.5706888916637 18.05724902442233 0
135.2867800785079 10.99764307616571 0
67.95629254869749 10.11622493509531 0
70.04228749540951 9.838129774768916 0
196.5767235326333 95.31621294176546 0
335.1030154281568 38.94311469328045 0
341.3190778111903 34.26614272973232 0
334.6137715872362 31.55421531190277 0
339.8586965794179 27.38411826840315 0
334.41248037265 24.98228110387663 0
339.207747106195 20.66384733501522 0
344.2027272659259 23.25202689064461 0
334.0905622974757 19.14845498192663 0
329.2405659637535 28.77105000374581 0
343.6670367210098 17.93481194612104 0
347.8887034696982 19.56786745171339 0
7.938135186860466 32.09324420326632 0
210.5454196168596 90.9930217838299 0
376.9807048975162 36.0876185298591 0
382.5057560921686 31.17541159185597 0
376.0298280833713 28.96833585918208 0
380.8338869756337 23.66862514251411 0
387.0688774937005 26.21612191566939 0
374.8067913729485 22.5935455943924 0
386.1288202366484 20.12180196679158 0
391.4200649827983 21.78799494441223 0
370.5252414085141 26.19020838408874 0
369.28295782075 19.93873024570552 0
365.3649864578296 23.85881454648301 0
364.1653692347123 18.66656393510754 0
41.59403301662504 11.21142959341461 0
42.3161726941581 9.374807064375318 0
45.99629230130053 25.76053110593047 0
34.11972351886364 9.988907891907074 0
464.4549480254844 92.61610130524454 0
451.1642880791314 90.16896170461048 0
93.99164866534188 20.2291847162113 0
302.009682873521 14.96072493176833 0
207.4679883884269 15.88909752365553 0
378.9276600642415 85.72998006851461 0
280.0025257650828 18.43947142475626 0
280.0457974889055 22.79883743613095 0
280.1182881161613 14.29275940371925 0
278.6675086997413 5.493763004012764 0
123.4430715515426 10.43723917306018 0
97.16224837415979 10.06692793710606 0
191.7813421692224 11.94218482861396 0
191.9324048715894 5.231289078484535 0
151.0736944733211 17.69226310361141 0
149.2262670945788 11.64265462676933 0
151.9893237839958 12.23030885520409 0
349.2292893536284 24.55745448165782 0
373.6764872430634 17.26163933335752 0
125.3521889199615 9.018299783273775 0
127.6840080723646 9.74108460665939 0
392.9290658419059 27.36303974835938 0
396.6914803901825 23.03607106568109 0
395.2100698447745 17.90135817959308 0
400.1055542902475 18.97598352609907 0
477.4604936169478 94.91920116538518 0
151.0336493223942 9.687133073805857 0
153.5763468446761 10.137721770079 0
154.6731392949311 12.66784313634947 0
156.1702657948744 10.49190829115458 0
158.4703520132666 5.052133849748051 0
508.0694662920159 21.43662456225621 0
169.9503933046404 66.86311260990513 0
165.7828414713819 77.47150298418561 0
90.66363134221788 21.7590234952398 0
315.9452529985562 25.01768495150729 0
43.55417513034678 10.96363802745221 0
44.23808341101645 8.922337288389551 0
314.3572388754537 15.45231845925694 0
318.2450114978367 16.94105678180942 0
-8.735122951742689 10.18772479371852 0
-10.17866660554435 12.31730787244082 0
-5.584213160779655 98.04487052119188 0
-73.57472621241125 39.98634903415226 0
-76.81958741657044 44.43124478408112 0
-70.69295244525007 45.078311181041 0
-74.61864466229338 50.15873094634794 0
-67.76905953508231 50.84339601174984 0
-72.42866206705935 56.84731185879488 0
-65.04653172318073 57.43124927566346 0
-69.98599391848052 64.67821764205226 0
-60.71899017699064 51.20946419177231 0
-57.38054980023482 58.26964683542278 0
45.50699929263613 10.68919815351433 0
46.13206160795551 8.880362938899909 0
127.0718009774519 4.916174142526859 0
-84.67303246908889 12.74805495790551 0
178.6822265463893 22.09447918862846 0
-3.617087974932591 5.139655628307892 0
41.32016022410455 7.85718284980647 0
39.95968476704451 4.544540255566327 0
10.98199236422748 11.8907794229136 0
181.9232538711454 11.89543364484812 0
184.8045399314671 11.33377246683653 0
185.2187100985457 5.167957640060399 0
-6.233930720475612 14.06856480364518 0
37.28752605816275 8.267236016231248 0
-73.50508477104322 13.6412441579693 0
-70.15860206914215 13.85323627760841 0
-68.67695148266772 16.89059589949683 0
-66.81908399317231 14.0244630594492 0
38.92663543391616 102.6330467880037 0
61.82894566456644 55.7454958090041 0
208.121757317506 12.43437436070269 0
-76.97264809481968 13.28518215929049 0
152.6003534100902 5.048107075182655 0
505.047158485982 14.65522622170268 0
508.6324498146519 15.00806262630619 0
472.6736833673597 29.78145142752341 0
466.7204972708694 28.48301543245481 0
470.6595617412432 24.34816118280531 0
465.5814993147343 23.09707031156412 0
468.9346861659202 18.68925089919426 0
463.9670094649026 18.22153062182663 0
461.0056593831788 22.1197412267507 0
473.7536300979392 20.19787562111308 0
459.4332076557988 17.22991517762668 0
456.2887364595185 20.94787518694497 0
455.1120576560976 16.00957250497287 0
451.5571876229131 19.22042844327733 0
452.860985710937 24.85323166353784 0
447.824821899165 22.78087904651739 0
447.064063129649 17.6167851983197 0
443.0094881128383 20.95884038929274 0
443.9916088597756 26.38502500372543 0
438.7350718384507 24.55773375921447 0
438.2001691174768 18.50946236239053 0
433.6310965179815 22.59389458578715 0
432.9267566818095 17.39088055777784 0
428.8511032190423 20.69099862016249 0
428.4146229083287 15.67401054670793 0
424.2586358821508 18.73190177301978 0
424.8192780021384 23.92864288467247 0
419.9704794926173 21.9223075044386 0
419.7859783588927 16.11280384008644 0
415.3465396970083 19.6830989005601 0
95.31771335619169 8.788798016961042 0
93.34496391620992 9.643684768724867 0
96.54573466606865 4.783992397011088 0
231.9476461891619 12.61335813098859 0
234.3924081975806 5.330797371548199 0
112.3762986976003 9.740797731754345 0
114.1297765357759 4.964178061679063 0
339.0662313596777 69.2201150632113 0
329.6567699405946 76.74480907465403 0
-87.56385982744999 12.17021171551686 0
-89.53805468792031 14.56310137714073 0
267.4683756634147 13.41773783736832 0
264.1841774716141 11.88483249240778 0
142.6215150133706 10.52334395614694 0
145.2450600960668 5.085666553542335 0
115.982955613663 19.6432865876912 0
347.0771337084736 15.04291699203968 0
351.0399186936523 16.2486447593955 0
-90.54148390119565 11.75125345741317 0
-82.03289125792735 43.73448223472755 0
401.767382728152 23.82732161558103 0
29.03545730787648 5.380380599940972 0
28.55185241810211 6.377916505041438 0
29.76733208094413 6.326402063258728 0
29.19193858476119 7.487467562369403 0
27.83232322739477 7.519175744514208 0
30.54794001044595 7.389844992012359 0
-11.36210226044303 9.776872188769344 0
-12.98874889895892 12.31101278372043 0
-15.89483482903418 5.68708059434334 0
-11.37686830807989 14.87574019570716 0
-14.45144089958797 14.94071981541298 0
-16.00170527383949 12.27644549591484 0
-17.573546479112 14.91609727984232 0
-15.86076321201057 18.00954495376074 0
-19.11967889401896 12.19916767925666 0
-20.71357257954186 14.84979572996458 0
-22.26569407005579 12.11196416816985 0
-23.86539589716097 14.76954918175446 0
-23.17993877736969 5.355306787493967 0
-25.31516552818341 12.0284664696845 0
-26.99887115362974 14.68038502369889 0
-28.44227099139192 11.94162990269196 0
-30.13787153160111 14.58979687773069 0
-31.58204822478472 11.85357506632249 0
-33.27878857345402 14.49714596213563 0
-28.70223177560263 16.94479129269868 0
-34.62858398772935 11.74454705207071 0
-36.41962269471579 14.37475788325269 0
-37.75624890907638 11.29505124768292 0
-39.55043051861802 14.25926209898639 0
-41.01830106247183 11.5204349351524 0
-42.85638681955081 14.06948690342934 0
-41.20635436111167 17.09523900853492 0
-44.58698245025781 16.92223191872642 0
-46.18344520928825 13.84087442828187 0
-47.96096414716168 16.66842589672064 0
-49.42725215554475 13.6342791740342 0
-51.32403336475632 16.41235498488235 0
-52.72203849887135 13.41850686732799 0
-54.64783310358018 16.14036873083089 0
-56.02750632303705 13.17401350231076 0
-57.95855204270487 15.83177209087999 0
-59.26046758580118 12.85389880453351 0
-65.48687317845334 17.20042509867655 0
25.20759919009987 19.01734754991966 0
137.0300902378003 9.141297787371535 0
139.3589251219218 4.908386200356411 0
270.8295231582041 14.82942001846959 0
235.0729311559385 11.63649955035357 0
18.08732120670765 11.40295272438925 0
368.4058833587603 94.95801828800214 0
472.4730763402807 15.68270055250132 0
476.5294201900694 16.61182837010601 0
229.7802332886859 25.39842317453878 0
264.0187573016136 5.768876353636227 0
260.7103629664016 27.65684900147687 0
116.0353601955704 55.30495675583693 0
121.1783222011132 62.54480558450084 0
110.8091475521103 63.93167236952531 0
118.2157657893378 73.1596776000754 0
105.4877420632276 74.1100773498848 0
113.3085590281328 84.36073752217365 0
100.2345355326721 85.71842151571316 0
126.8369164051881 82.88250238306568 0
121.4572283009549 95.67836002227888 0
135.8987726313253 93.45430569929241 0
131.3637534101263 60.62251706842614 0
92.47070466287559 74.89684095366934 0
68.69996937562418 8.282173613504433 0
66.9102465376161 8.424101221308309 0
129.766147536635 109.2828592555494 0
205.0743982228661 13.33358923176352 0
206.0220624506397 10.26324180344247 0
-43.00791857841371 20.18244661641128 0
157.5581081533701 67.69108644811365 0
22.57590211697385 27.35252875272328 0
12.97955859841662 31.79041186004493 0
10.76459602355608 36.67923517526475 0
414.7925942261372 14.87180209206911 0
120.6396238439013 29.32299015405978 0
70.53959164672797 7.924168938110551 0
72.6005873804142 4.782721012108169 0
71.91014614792478 9.268257382736088 0
311.9349942435024 28.52855385485048 0
40.8379804562776 13.1922363763649 0
317.2121106561527 12.89422572932149 0
321.1029695262068 14.07794311885974 0
322.2110167645321 18.14796806651535 0
325.1392096623803 15.20084929100258 0
270.5449679644804 11.34611831794438 0
343.5029590810867 13.61584169273962 0
11.9248928101049 23.54051476923275 0
205.6078269294176 5.390411152701057 0
199.6791540711393 19.79834861217655 0
199.376582613603 23.89962847524271 0
157.3669199514248 13.08151965053953 0
158.9868117640371 10.44859006782166 0
-79.00828576229003 55.38648143903718 0
507.2792459672537 11.81381664134747 0
439.6918608986873 30.38223928943046 0
283.21855835948 12.03276206010463 0
341.4148408736835 81.92171832759178 0
330.2362507383759 90.48470109945652 0
-22.35035628173137 17.66058443603309 0
410.7157979412207 17.62882577823069 0
-92.43466941830674 13.98580531713822 0
436.4182184511864 14.03915324740719 0
2.850775293315189 13.84325145804118 0
305.2562513604832 12.32729483168112 0
-35.04832661016011 16.77812760520302 0
-50.7426600948247 10.82969127835584 0
160.4411657596303 13.26391743711705 0
161.8708506748527 11.0780736891909 0
360.5003525977505 21.89550634375 0
148.772345992728 20.52419719888974 0
152.3291319183752 20.96531087615386 0
203.0520178641018 11.05966303693234 0
-21.67516440398207 44.51646400479692 0
482.5915527200135 55.16642472421592 0
490.0958628739868 56.02467372228531 0
494.3207971380641 48.95635323144229 0
497.62839081712 56.56470036657385 0
493.2173603433674 63.18769028815537 0
301.5515930092076 11.17802323445148 0
271.583421158651 18.82869149912538 0
-91.58496749118935 16.85942725912683 0
86.90035649932966 86.64047664802908 0
79.83812890706255 75.33988878051193 0
16.00503957828644 11.18771095198832 0
420.5630871897705 27.51307614458563 0
501.5653436234312 50.41322373426445 0
350.203447062226 12.28537381905657 0
353.7339268633926 13.37415172514575 0
45.26054239890038 7.484093061368645 0
46.81903590059406 7.299121116148552 0
47.84098017663089 8.601677229777893 0
-3.005698554216127 6.404683064909516 0
-1.496416467246626 6.490386524470175 0
-4.552121670079591 6.441789363436557 0
207.057824153545 104.7609806160409 0
93.89155454818282 24.31244167637749 0
148.5319266826014 9.15486571336811 0
265.5712209660925 30.06862954262309 0
410.5928898779023 13.05001969372203 0
398.4575288502713 14.24021881406672 0
393.9798313248017 13.33937917481774 0
-71.50853542295616 11.04454876172876 0
411.047054546586 22.50625805731144 0
-56.78255573253351 18.97402417951663 0
182.6514286039212 34.79400817055982 0
-6.648449781100267 3.830989452970575 0
-90.20135126544797 23.8092312235961 0
-88.93227218011148 27.63000248430421 0
-53.02731208163802 51.83213464000364 0
-49.403519326366 58.95709897123945 0
-53.05526769688137 66.41391329618025 0
134.8902293488382 8.271103555952067 0
132.5261421271263 4.932392907939516 0
133.0536255201897 10.08726838172771 0
418.0485274185777 11.89116197642626 0
462.5032810225073 13.99581457740303 0
97.14690268173517 7.654631581413975 0
98.98652908795697 8.962824424703651 0
101.3818408135894 4.804933355378718 0
-1.281487707898083 14.62326384615592 0
181.0787605402496 99.09059214282765 0
457.0477813964509 102.9322270220132 0
510.6708858171028 12.24902558092768 0
48.42939066664837 6.830978678173525 0
49.55901147989162 8.184860763015195 0
50.24592043848089 4.57943158970481 0
-93.32864756654091 11.2675169042494 0
501.2467236903301 33.13455487351844 0
505.9079597576054 33.47273484484348 0
503.4847768303038 37.5892878085608 0
-29.71006729927699 9.452729828251806 0
-44.767519639362 51.44715704511783 0
-41.08754379830185 59.29079924041345 0
269.6976299883199 26.79495301262671 0
114.37942945526 8.417389772795858 0
116.3900008934949 9.225668816876901 0
17.07717526536783 9.479692676539941 0
18.9966292192403 9.438137004898055 0
313.9894789987449 11.01684959359986 0
512.0135209654296 15.22114439645639 0
50.06099215506804 25.1644683145501 0
48.54637157338288 29.1967863038781 0
-17.57213182536062 9.470369386741787 0
72.2791559593511 7.283280660205816 0
73.63428130445917 8.709063160366945 0
74.08435368852741 6.981731508579143 0
75.42687601891268 8.202143257192237 0
213.1516873624998 75.52535793345238 0
224.3262861004401 86.23262052336108 0
226.3376177392774 72.79651081603924 0
237.2901809596333 81.51994252935519 0
-95.29455832516808 13.22193155499583 0
9.374341497715873 19.61185665268827 0
441.1009100478402 100.7044738768831 0
137.4122829042169 20.89606116207599 0
298.6349328361458 13.05736023540222 0
235.0844527843652 95.7446703940376 0
249.1866883857452 90.77713558270216 0
248.8842587859695 76.27404211093638 0
262.209831599763 82.50581261814253 0
260.9391571559992 100.0279044213632 0
274.9458222323361 93.13208778639495 0
276.8835903214488 78.4576945530961 0
288.5535940075277 86.73188811177565 0
276.0266793150433 111.8568897281179 0
-85.76252261301086 9.956489626894179 0
123.1722723525148 7.925015822294402 0
120.4057559959752 4.914746251316422 0
121.5048550647798 9.355836968542643 0
-82.70436151178176 10.64467962183159 0
16.5219238204059 36.28578390726567 0
4.163612521797187 8.099395130559179 0
509.0509965876366 28.95268779385433 0
511.1553550185513 34.06749729079029 0
325.9864659409038 18.86255760068276 0
97.21966541471528 22.16632464730056 0
208.6108220341312 9.136955945481507 0
212.7408577941335 5.208868667668967 0
360.9096809190726 27.62702564630074 0
-56.28453510942853 125.2723248922508 0
-61.94202829733431 107.512061186965 0
-67.04664953224483 20.02697205184001 0
273.6637356559618 12.52191477299845 0
134.524279592822 23.71676757142176 0
138.5795631909739 24.9921276193636 0
279.8197760987825 10.76732335131247 0
182.6608783695805 8.933837976382028 0
178.5432814072107 5.161177568550372 0
180.0885066433541 9.620820557430045 0
343.6092213092612 96.58712975726034 0
28.48318311029853 8.781738584322191 0
26.97088137982823 8.842731537815617 0
445.2110454849422 32.3720278485657 0
48.99487112674371 9.865892805577896 0
50.70942190110566 9.464023509295464 0
51.24717092244889 7.808513123300322 0
52.41576290298511 9.039384823229128 0
52.89258699727625 7.146515350010895 0
54.05749544198151 8.563652073964414 0
54.55041605793842 6.982376498890408 0
55.64308414411811 8.14338443331571 0
53.48387458865317 10.4992619688894 0
440.8444751984108 36.78359396677454 0
160.9590486943648 8.747746214569458 0
164.5605878147621 5.078505342229803 0
163.3737795436856 9.17214267339218 0
402.7439074088758 15.24329751680754 0
92.83183034258614 99.44375500855398 0
78.97030546217917 99.67147166455138 0
232.4732934429851 9.706997135303961 0
229.9170136117183 10.50862253615669 0
227.0804001699785 5.349224079060165 0
475.0576926240657 12.80160460001161 0
479.1472297100279 13.41383997030712 0
480.6386104699221 17.21865338659971 0
483.2312179882456 14.00072625816826 0
484.7284752452495 17.76878481860962 0
487.3196299636323 14.58055119173797 0
471.249422736526 12.2924905942128 0
155.6594219301098 15.68511892650992 0
317.6878351859089 30.62299516435466 0
-57.40490190985187 9.979579946509704 0
-60.53520490262973 10.0680036070673 0
323.9145287408329 11.00949669008133 0
327.672624326084 12.28841473816545 0
51.61251516208826 6.294386996193367 0
401.4628170761089 11.0481362534262 0
93.57350256212591 7.375189915784347 0
91.76426045750311 8.240643075625304 0
89.47097684339435 4.75335778452513 0
331.4914237303892 105.9870602417224 0
316.4994153070223 98.90213844226936 0
346.9809122246645 112.830854251505 0
150.1004747423484 7.469618518881399 0
323.8655259831443 22.26132323744988 0
393.0834821643833 67.69651688762406 0
403.4285787140684 70.33373987724369 0
-23.54119586292629 9.219284660975966 0
124.9981813665681 6.75303659352898 0
-85.0650811359226 28.63039739315148 0
-87.53031583508732 31.79534333426216 0
-8.246531260395122 6.576112173916647 0
289.472559583879 71.9507509495925 0
402.1843937077762 34.05004858001359 0
501.3404504281705 63.52737268642837 0
496.5953691584465 70.23427686261834 0
112.5122465966242 7.413553053758168 0
110.6004295542981 8.760933086218799 0
108.6555346635382 4.987657536420264 0
69.24031667763884 6.597604983032046 0
89.91289895714939 25.83744191858826 0
86.69068610456775 22.99518527038326 0
185.3634820453389 8.680777449565563 0
382.9731909420213 100.0787496239253 0
187.3081701241664 10.30752955900095 0
-60.11484978376777 18.66658334773806 0
53.50834287481867 28.54033879716592 0
26.40685412513955 7.500589080500006 0
25.37956373147846 8.811771383457147 0
24.58006807869135 7.33016821465306 0
23.70839675360692 8.747704320081899 0
22.92604811141319 7.264856376166096 0
22.13490869300157 8.715641363634926 0
21.26142751684749 7.204822641624398 0
436.5458792083266 87.22194894237789 0
425.8252009896271 97.21058802619106 0
115.9388238807024 7.209894550398889 0
117.9419601893126 7.76125781141248 0
475.2208447638297 54.24127918737121 0
152.5278836831027 8.017660575314292 0
154.9088450159925 8.1604651374338 0
157.1990351799935 8.344437497112015 0
346.4449779043487 11.20870380557492 0
132.682732764602 7.643622075514751 0
317.0104014880707 9.490287902423796 0
-39.50776940908646 20.32500995840557 0
-41.4776980048199 22.96054902695649 0
-44.91700373068916 24.03838361121326 0
195.3435337672959 25.39006888473943 0
23.73085391625153 102.5124563485388 0
-36.0303470694132 53.02860994858963 0
394.483659602953 88.64228253656221 0
398.3786979058085 103.8566480475008 0
270.732020963469 32.44860878481874 0
140.0396913184653 80.55419933648353 0
149.5124409588828 91.15101001597097 0
503.8331699497217 11.41852140539575 0
56.092302140711 6.704843581243532 0
57.16879856050154 7.745742074367056 0
57.51128531663537 6.445360395737961 0
58.67143884708167 7.373233646454495 0
60.98035123322126 4.6236891329634 0
58.31337828788251 8.89909168767454 0
59.89576734399888 8.455207810390956 0
59.51184314256278 10.13413480413033 0
60.28155534816432 6.724588299299727 0
61.45854086870725 7.886967671267444 0
15.74649695369084 89.01266393089628 0
91.39796518718074 10.2350797608025 0
89.93634686682947 8.855214264569195 0
202.3609115958927 13.63821370071275 0
74.95232071904982 9.978521579528856 0
76.75545886692771 9.447231521911331 0
77.20053004303111 7.653402315320394 0
79.24999416521612 4.716707333975368 0
78.51623575092187 8.807705780983911 0
78.93855259405466 6.935319482358942 0
80.21463189942021 8.200331771144274 0
-62.36403816922553 12.33830389653374 0
-63.00789036109731 9.86949007808532 0
-39.66817282111276 8.937678848683355 0
-42.19393737491977 9.167172073323893 0
114.1642844318531 110.3869217405356 0
204.0248040764962 8.636710541917726 0
201.3782360493091 9.133139997283422 0
198.6402718965463 5.435833636096118 0
93.38031733379809 28.53728978296654 0
43.38741018058548 16.3274355049668 0
118.1649259380604 9.566917353095324 0
90.23958720314447 6.914190464318102 0
88.49293572194884 7.602534491140578 0
88.0820571690099 9.420006918978061 0
86.78019020976478 8.062860141284446 0
84.71193988432519 4.863151167668557 0
44.72537123252527 12.30033530871582 0
46.71245061634998 12.59343640420936 0
360.1958336330673 16.92184840400254 0
363.2035020940269 14.35072120692028 0
77.5037417079681 5.95182568429523 0
31.05255734724646 6.251588897069611 0
31.9011933702405 7.279385861822452 0
31.32304968390944 8.64393664840107 0
-91.44402807562757 9.344170987578877 0
121.1304514295515 7.366841550704228 0
162.0665414626017 58.93196397745402 0
506.0723844881134 8.720178494779713 0
76.41204949278534 11.24234884818893 0
328.0806517533119 43.87053504605023 0
488.8213008058658 18.3477786420537 0
491.2858054414323 15.15201582108865 0
489.4330265019946 11.67429266811782 0
493.5570122858387 11.87274001701209 0
184.5478572289853 24.86407373318078 0
95.30452783145677 6.754361923457928 0
26.12396118347753 10.30555889652856 0
396.248129052291 38.77082407310841 0
4.975081489499154 36.63782491661487 0
7.851353368301412 41.55086439691514 0
-49.87529040759645 19.36852621846086 0
46.59321801231533 37.28885843732476 0
131.0013812259036 9.175487036668622 0
426.070240776422 29.7331859660675 0
421.6738492309476 33.53791011765418 0
359.9120420556471 12.60676238226686 0
421.6805533061805 81.90810511920336 0
-92.54876182785638 30.73727000606001 0
-90.34371798943495 35.14757770065998 0
308.7705340073786 13.56662725741584 0
308.2526249897868 10.29001029683147 0
7.508236517474931 6.863653427262418 0
131.1598468413204 11.45502152139995 0
513.9188243757609 12.46298298097398 0
-56.37219692870399 45.82977626876446 0
43.8886034337263 29.64113676686344 0
21.58392870919607 11.71966605875836 0
273.3403219020964 9.627337727331206 0
42.86411233930745 7.702546035753663 0
41.87326803691639 6.538054452870336 0
40.49689494546566 6.574737757590003 0
43.22763526327157 6.305616782790502 0
205.6800276297264 34.23089713373237 0
61.77186191793908 35.24720120858749 0
77.20744952727013 33.79252257882828 0
73.52820298584267 29.24568282328153 0
79.41862386013626 27.9701163383252 0
68.31486852747538 29.56334165975979 0
70.24059779916081 25.08769734431029 0
65.51472857610494 25.49443706556569 0
75.24678195936193 24.06300202310335 0
67.65704670176014 21.01437980286243 0
151.9735337979833 29.00137401722994 0
298.5367869766949 9.904911880900521 0
293.5150752714919 5.636894655202404 0
295.6151942931765 11.4849168503957 0
301.2910438768806 8.044031049301866 0
106.140468351398 30.77699745058541 0
103.0531842424805 26.54431483402727 0
107.6787361432208 25.78904346384616 0
61.89581076528621 6.499337541499751 0
62.9420066706617 7.363235800267272 0
-0.0628110983230997 5.129977255334516 0
80.65334154493254 6.691987920433268 0
81.9189276864825 7.692025033227555 0
81.58440469662489 9.405374827631872 0
83.2712803118379 8.836833604219132 0
83.41133501361261 7.103675925875596 0
164.0818610015687 11.17597658297239 0
165.8878573264772 9.912416483756122 0
301.4094536697074 80.592905947986 0
-10.057131386121 6.403744206477733 0
38.87176538996354 8.089519960995975 0
37.92667613912892 6.848014001963375 0
36.51406345147416 6.84219312072209 0
288.6272005983723 14.53337934775901 0
369.5809697560858 14.87577396840533 0
372.9919500234342 12.64985863212498 0
377.2212843920664 14.14598035108876 0
369.2771203971328 11.12586728987324 0
64.66682239862311 10.65294802340506 0
170.7769073064783 14.13984261289885 0
172.1418918932747 11.24501066143035 0
172.3728204406795 5.253200412874693 0
174.8556367212332 10.68744740459149 0
172.887024906816 8.77645678378822 0
170.5140575848729 9.184088918348099 0
175.2527159371214 8.095774456598177 0
295.8645737377202 18.39556219498945 0
136.7758167445868 7.014742759672694 0
138.5008352253586 7.610133167364362 0
187.7602055173947 28.31095839207628 0
99.09886867287474 7.128906360518266 0
100.7239741228637 8.005179269182687 0
-33.44732007577211 71.84549567355631 0
275.1297182596001 28.76308667553559 0
86.32759750090779 9.77828722518553 0
32.47396182316728 6.006480671792972 0
33.25755040132601 7.122956901250416 0
33.81276355695234 5.881617162631538 0
34.5909154581807 6.968131729806927 0
168.1796375748132 12.07260209515294 0
212.5801550019429 11.27358659014627 0
215.3996898714461 10.68472434959994 0
217.8559856177899 12.58407362047014 0
219.6372395334157 5.385860935444365 0
218.1645103568162 9.817601139306994 0
220.7526283916673 11.51330561124137 0
221.1247727101338 8.765253245767529 0
223.3117098135444 10.50213026633833 0
213.4059902827611 8.696404963834391 0
32.7225448035473 116.4859612730998 0
49.64548113146564 115.9037632574115 0
267.35930149699 9.798793894491988 0
235.1236753381501 8.771675450510969 0
237.8284822477469 10.26574133305082 0
242.1914088166611 5.414656664009732 0
270.4656954086424 8.033695205739102 0
304.0543203523251 9.411436136279821 0
5.057728575729211 20.40265819364028 0
-61.98147212807269 7.508880781206999 0
337.4531042946376 15.78548969049607 0
333.5475560769606 14.56111429395957 0
336.6142540005337 11.98737944083669 0
333.0579156552128 10.40145697966576 0
-29.14847309769804 26.35615795469304 0
-32.26936196797101 22.16379062139151 0
320.168221659184 10.62381112809434 0
100.7536427495399 9.891168971523371 0
102.4723894081681 8.853170002225113 0
102.2969097469484 7.134393200311406 0
104.0795389604697 7.803800619375114 0
104.2571695271176 9.775697156801492 0
105.8701792592615 8.613419289988432 0
39.3540339895708 16.56809371234648 0
75.94068975051989 6.590740209861604 0
260.8232213525096 13.5690112678308 0
257.1919041440657 12.01213663166165 0
260.8463710007385 9.994306303031038 0
257.685631021467 8.733441334420807 0
254.910114260127 9.8743188944285 0
249.9772771970944 5.433688812096838 0
-20.50217819026509 9.650527487625817 0
194.7768366324584 11.2873145518945 0
192.6581685716153 9.427049135857906 0
195.2285839773231 8.453084972257107 0
197.3201982734678 10.23966001384968 0
-54.43177229628611 94.99320688807246 0
-67.34124716896991 93.97512724287917 0
-60.26554728841266 82.23398644019456 0
-72.17400662825352 82.31562407871436 0
67.53342671604975 6.947127690778769 0
65.92009858190571 7.009751431931535 0
64.95463281989583 8.405608871453065 0
349.5819159614464 36.17247077683653 0
286.13420419038 36.99724287102849 0
363.0142386807164 10.99587200343141 0
390.3247668093751 16.7027622250679 0
385.8661090731476 15.00573902888358 0
381.6286486863218 17.48293679529755 0
498.7687859308475 44.18225143859731 0
504.888194520364 45.59386727998586 0
-25.46240190940842 23.35116524792544 0
-84.27159136840997 7.843554788927029 0
227.164838671531 14.3168635885683 0
356.4397270798183 19.58050417879429 0
22.14230445843691 5.888179386234961 0
-26.71443364093954 9.194914101972522 0
-3.53401775067376 19.89788991457983 0
-7.879259269433115 19.39118794390375 0
-10.75035479528843 22.46501850452172 0
47.30332906766147 5.911240786570065 0
45.9407563775075 6.191051683069305 0
130.6053921638388 7.271348900677221 0
140.7811241230437 31.38618374206401 0
86.10468591649047 63.59649952195568 0
99.42903490024874 64.82253713745328 0
146.8485404775028 10.92695682339713 0
146.0952824157731 8.472001939155964 0
22.04841483220304 4.563371008663294 0
370.9984425762034 41.03565706725065 0
29.85698654998203 23.57243944406559 0
254.1321089899262 12.94941847432023 0
251.9901288411881 10.75687929872901 0
140.4361881581132 10.01316721563299 0
142.024298852682 8.404872161374145 0
-9.637923485188619 26.84621043104363 0
-14.11560699557017 24.79109616600178 0
432.2438204837193 12.29017517290271 0
427.9977855280213 11.3251954779836 0
435.806245757075 9.873206642404567 0
439.5055234224658 11.14460742290307 0
424.4298181414616 13.91740586285959 0
178.4582777400991 30.90463826388918 0
171.7990667715008 31.21900461097357 0
50.05886669884514 6.52769400115382 0
-21.65904999704721 21.86059650489383 0
256.4808303307601 118.1897783009175 0
23.50163888486468 5.816376986508556 0
389.6035540245689 12.26929617214726 0
385.8038667303181 11.06119165830338 0
91.86699811763944 6.438434320126214 0
187.7020487100277 8.110819658924692 0
342.706572531401 9.323787067039673 0
127.0129208973423 7.734549077377734 0
26.95549183558715 44.56942918768163 0
18.72050801365443 45.66518053374922 0
414.018918965597 10.97241444348619 0
410.4511063197723 9.103269163584509 0
407.5094105400322 11.1413716023014 0
125.9495112888159 33.69774237192843 0
126.0055044144279 27.47546459984017 0
121.9075339954336 23.97679687402539 0
26.79075612722301 5.218008175497039 0
-15.96385062232224 51.92111028237763 0
477.9410068197931 62.00939307471596 0
177.1469999307016 12.85897095282441 0
277.4751772515006 16.44291029654245 0
458.7767269017098 131.2854292476185 0
397.0664603134494 10.0086970173296 0
392.8111411930728 9.110091591110152 0
198.6970514852588 28.51891560540104 0
382.0727523901921 12.82718049690931 0
378.9530274728791 10.34013608469251 0
220.3851425726636 16.99116048634371 0
-53.99436678561486 10.13653521947813 0
-55.58760266512812 8.146269625724257 0
349.2037599795632 8.45911951708648 0
352.9691885395792 9.259492054797626 0
203.1367356735904 25.96651208118105 0
226.5551165222567 33.98893626406501 0
23.64378364517636 2.107121766205222 0
23.67898424792516 1.442851797918084 0
192.0414317394015 37.93508987941702 0
71.57838578703709 21.42911799805396 0
-57.56966998199893 25.19335013386578 0
12.01074684531909 7.828990795413171 0
13.11921433331652 9.30043411836272 0
332.9214882454685 125.9740498391024 0
233.247198691362 32.30255110617514 0
238.8118810266743 35.10138023196303 0
238.3969578180264 28.04530283818561 0
244.0598343919493 31.63010052566522 0
-1.677937202890644 0.6120931287451117 0
-1.413239660853699 0.9001683822239896 0
-1.887419560886164 0.997828693221509 0
2.064555394648653 8.166379637058778 0
-0.2342823076781962 7.903963278277352 0
149.8958195708205 24.29573579616563 0
145.3861688445589 22.66837770371608 0
206.3308622598544 7.428925049558151 0
-79.74818283721636 15.71265184382661 0
-80.04568893877348 12.24363185221356 0
-78.02877583956428 10.28928319370359 0
193.3626011497095 30.80112054221548 0
33.10030715831827 11.84470972518531 0
13.38367149514098 19.54204829958296 0
15.55680080669573 22.77384533252663 0
151.3617764797676 59.44013428097772 0
25.59212057434033 23.62606653883471 0
20.99821608698328 23.15677287464965 0
105.1614517693441 21.67133232118821 0
70.9379155230102 6.263266607979408 0
24.85795974494618 1.59335324664369 0
458.3007394245638 12.39839519547858 0
454.1197862177146 11.64829298537089 0
461.4673599847604 10.06205874836461 0
465.1826539473627 10.92838413127313 0
450.8202710595484 14.49483902402582 0
446.8467352566768 12.94109707541875 0
443.0444608497882 15.85652483746027 0
-32.66111383350403 9.355692504369603 0
-35.66682019684996 9.042005297525874 0
482.5051441070483 21.65049616184671 0
109.7838460790447 21.22167097955765 0
63.19911559227597 5.977659268466438 0
276.3451047880417 10.48778739950747 0
37.41049473550007 5.588083787589827 0
481.9051263966285 9.975089493906651 0
264.1558224153379 8.634099542557969 0
479.3612825806243 30.17726428634589 0
14.35308501885712 3.076540757349564 0
210.7860456093962 131.284389136479 0
187.7195071001139 128.5718395140054 0
40.9418596780869 5.370948882716242 0
19.45239386632662 1.273003469000592 0
105.6705391005445 6.473595904016223 0
107.3196670123344 7.399914428501988 0
107.6427733858697 9.246079192303728 0
107.3418130631109 5.772540317140995 0
447.5244746052136 38.73458486753691 0
158.7189682692459 23.57256010885213 0
461.2073703146823 32.35915085141796 0
454.4286744058292 30.82760666428656 0
485.6624096405127 11.2610101495488 0
475.8481323559031 24.93692936102621 0
74.17808303008042 64.69568293047961 0
282.9979940647802 8.902894157324482 0
285.7337163151275 10.01042907672399 0
285.2681511303494 7.341777275229195 0
-5.053393355726127 4.973802856346824 0
409.6104166076732 129.2214043404256 0
128.5670920496475 12.24556720226845 0
180.7017656517222 7.444199828035208 0
178.4989445372372 7.884062284057858 0
27.50417666366446 2.101932208536663 0
27.01944276644051 1.737838263355016 0
26.96263494549598 2.480938181019638 0
26.54063272216715 2.041718793679189 0
26.33447308855567 2.671296346447654 0
27.14976980203466 1.196395249524981 0
280.0976636392177 7.460524523638449 0
306.9867970333281 39.20002128857255 0
109.8576395277543 11.18035955669509 0
-74.71167140390341 10.30634577106547 0
-76.39890845701551 8.297148511929882 0
-47.72759294178567 10.99164407668483 0
-49.11824036943757 8.591756767606048 0
-46.45108017323011 7.98946851940657 0
-44.31505485926562 10.71793700025032 0
-51.81902512192147 7.91442579423388 0
-14.43149821187726 9.477366796862116 0
-12.76317354988124 7.899466345085927 0
55.12785067053291 5.567958326178248 0
54.08905236868836 64.90833110735458 0
120.1604085323102 12.78625382143949 0
11.64707198667468 16.63356449104264 0
12.6280710573398 13.9157926628932 0
215.8039342793507 7.990302144287433 0
295.6478681260105 7.958750016288858 0
293.4091827109055 9.974675641253523 0
277.9295201146695 67.37100677280188 0
267.5394047160101 69.93122248425594 0
-94.87169755135446 34.59261363851765 0
408.0890796463062 30.26196038733928 0
260.843816011391 33.38221751435332 0
256.1038236767355 30.58983138364211 0
-67.73317436333051 40.17592715140685 0
23.06140238356627 1.036393876566935 0
110.7335859122761 6.572062207899451 0
7.676527145225442 1.297230000354332 0
-93.67042498784592 8.705710064579383 0
20.54206609419746 0.6112062049284305 0
8.410591087409395 5.589056689345342 0
68.25406799574716 75.15434978290048 0
-96.49712175678512 5.751563216639113 0
-97.19961161343628 8.056302276339697 0
369.3541584588377 112.2199801586475 0
112.721045317675 25.13044198138681 0
197.5873641891197 7.537339137714496 0
141.4023421368166 126.084781420857 0
11.7146002527732 2.505637501744021 0
12.16662556861321 1.677764964529319 0
35.58151951995972 8.022757349900706 0
35.5079970065221 5.982584281314217 0
450.2799526368718 10.44791374161843 0
453.0543984637987 8.264372144254306 0
-97.50882246215278 14.90146335057566 0
1.13094951217253 6.416015089403067 0
-79.70871357696817 91.5307505222424 0
-82.73502238373892 81.08974525371815 0
-76.01975044434144 72.60239926287684 0
-66.63951710856379 72.83367231337101 0
24.23762823061034 0.6498164061633245 0
184.1627735146079 6.892393987474237 0
-2.237070274077498 7.858566046598657 0
466.3580832375856 14.69909995747799 0
326.6733324369987 8.933681346102137 0
18.22065749976242 0.7534271459249785 0
-25.0527224952223 7.585621247329318 0
255.4885837200126 37.26181943165088 0
189.988406942411 9.56082632182485 0
189.5880054335438 7.082049173285601 0
15.08752879762869 8.986217817869306 0
16.48530675985964 7.457313950876749 0
286.4434294392412 130.64402698589 0
299.1761000420541 111.6517830295814 0
199.9526168145564 11.64583856450165 0
-88.69210846879628 9.759022482172149 0
305.6888880569486 31.24794717346639 0
-96.84676591652055 24.46697316874522 0
355.9281127826616 32.16089969710014 0
-91.10591128087691 20.13275066086969 0
6.110169344705557 8.138169338366819 0
5.867533368707491 6.355827217878572 0
286.260257062887 29.33417503664964 0
53.75788297371671 5.749600582207908 0
515.7061014759067 37.21831382437836 0
511.3404327683352 39.62083229314007 0
21.73528374497047 0.4558691137788503 0
21.85418910148536 0.7409841848579385 0
21.55160262473322 0.6850386652709451 0
49.07675872262311 5.764185544035444 0
492.8966324892207 18.91442676829497 0
508.4702595262119 50.33678523071558 0
477.6674678863004 9.836536399301888 0
516.8994062786657 24.3438341306673 0
513.3085776035091 26.33810377014141 0
513.9835383727897 22.06293725933438 0
171.1327188462785 7.074884865854719 0
168.9677954168542 7.237993473890059 0
238.3334779872067 13.87864291042098 0
241.0104685281445 11.8143827123753 0
244.2332328280908 12.83955463974848 0
243.4951573301224 9.886653216252173 0
246.4266505099443 10.75464858127976 0
240.3934443862057 8.560515347367362 0
25.56801545165068 1.386802456900917 0
223.7346838813846 7.894697592470445 0
225.7055274900736 9.603129605935774 0
17.38824238520955 3.539059138994538 0
410.4102883682042 93.59108515265567 0
162.5068336109669 6.928713479696203 0
164.5982107352443 7.524024792709331 0
515.2293353112879 15.60707051591578 0
513.0246472496081 18.51267479251566 0
328.6656055255964 35.31910669942615 0
-76.56157045439232 103.7100222099443 0
20.85754292637448 0.8836627313967355 0
21.24268734738512 0.7989247558765422 0
20.99474518971688 0.6038465190412809 0
14.57718299560552 27.29711155784317 0
18.24455080057601 30.95703062401137 0
18.8143908245199 0.7211790034736958 0
446.215084062479 8.899191297017161 0
261.8199997894965 7.583766896719144 0
288.104163970295 8.216526087052978 0
505.5861559760842 56.47627753668532 0
509.2920528337991 63.10832696908697 0
351.6150480871749 73.41419204441495 0
321.9198291710295 8.170923628914046 0
74.84484346392743 5.594410984908659 0
25.39940083059042 0.8121258699692346 0
-68.34687672834596 11.17001275341519 0
-69.66985942674037 8.270477818669939 0
-66.93754857943843 8.682941732615838 0
85.19409078457892 28.20933774079587 0
79.7643883346708 23.67660158448429 0
-6.313777143284986 6.335059244094259 0
-5.102546502498211 8.260216889759691 0
2.92388095875738 6.534610667701262 0
97.80916885844523 5.934297866638566 0
-26.79707904403498 51.62342354579008 0
-7.326287560312021 2.97603514238914 0
-6.610770743842492 2.634364494145853 0
-6.77909613219491 1.732307231279429 0
-5.6442738640552 3.085127131231316 0
-5.847174817312128 1.989064422975521 0
490.3514273144176 43.58731192474815 0
187.484868541696 13.66497916119004 0
252.7199623840322 8.048106689952721 0
250.2732766137399 8.844515734327949 0
-85.64621796179622 35.81144442764487 0
-88.30790919037223 39.58274988508272 0
23.73213423576186 0.5983558333091977 0
23.46374823286553 1.035847346551821 0
369.7962702691661 33.66229256194021 0
-72.58104170399855 8.338318157464897 0
-93.15820538768392 26.22258622628511 0
-19.28914584995897 7.799770064626216 0
-21.44888048450992 7.121392895547612 0
21.11511366628266 0.4110005258372714 0
-94.95766682285526 48.55009901835054 0
-89.61731141915263 51.13515669614532 0
-88.77078094328809 57.63270795729802 0
-90.49226671544048 44.68640612990355 0
134.2534762667542 6.636592860569349 0
-0.9530086724106204 0.5009911237034483 0
-0.7741012389444812 0.6872433034742603 0
-0.526733517814436 0.6104373404665533 0
193.3523506764457 7.014747066180377 0
87.30710504008917 6.37454683325624 0
85.93862119532822 6.707976325771324 0
329.5583560683129 16.37167894230203 0
22.96200114106199 0.5819297040169752 0
162.2441996795045 16.03513886398889 0
2.871270798915017 83.30757311172346 0
2.76914862221592 17.8653013834829 0
487.3184909453097 22.73714472898446 0
506.2282765181693 25.20544683028822 0
-90.73350344170984 88.38941781408167 0
103.636905859498 5.972706541696628 0
63.43563119075685 29.89516983042408 0
60.61036634228245 25.30526351178769 0
514.7061229547951 48.45920071559853 0
71.95540137924075 11.557052023469 0
512.3333518708906 78.34842003532773 0
511.1538763128258 88.93371421737375 0
501.0562734186324 93.33260068461688 0
498.9327357509349 105.435899896476 0
503.5975361019269 82.41005415779648 0
494.865859763481 84.99465699026213 0
22.27361018253277 0.4858174982653688 0
-61.07707098781724 15.30560045019842 0
-94.07746963512628 61.95142863873512 0
218.4925146433541 7.121985604438491 0
200.987770038955 69.03352543356246 0
173.0965892518445 56.40811004776954 0
-78.82979022154731 26.4631968028129 0
147.791973180365 7.079994949757992 0
-97.211002593562 20.92693268128952 0
-94.27211820161608 19.02668371794971 0
19.09426922311291 0.7352387338829542 0
19.35721458985348 0.8194641762387423 0
501.3961028872425 14.05774302556445 0
500.5248131825382 10.01124579583932 0
497.651024524207 13.12859738514784 0
496.7355118108471 9.637964109820009 0
516.0984809092039 32.44737690241813 0
217.6252413640942 63.75947110367569 0
228.8184644688138 62.60923876050271 0
237.9048342487148 69.64251012048965 0
86.39619259476207 54.2136399740936 0
-15.91099598705046 7.723481991015877 0
-78.84336838374105 7.672487804428474 0
-28.21852911480705 7.520535824381137 0
-30.83776192551685 7.008930672228543 0
-44.28849228212792 71.83176722589567 0
6.180875989873668 16.88307542121919 0
230.1399039774192 7.665646393082394 0
518.6102048048058 5.827079065270465 0
516.5979434678145 6.972366091517363 0
516.4412820469826 9.152526509014093 0
58.18098639900279 30.41478398137012 0
-50.1378167187528 6.237539257056164 0
87.614722726072 11.45645852793809 0
-59.13798870662401 7.853627895271998 0
517.3626408312571 20.84004465730113 0
82.08064915207355 5.999023305514748 0
83.50860057195941 5.56619654332045 0
512.4851338606165 9.779473179798744 0
509.4777929755296 9.258029189839327 0
458.4798888192858 27.29164251971844 0
3.195170006233071 0.741457997233524 0
-1.861185074000182 1.750232494634246 0
26.34524059431071 3.59165111206732 0
160.527663295539 6.659723741944159 0
-97.81680321298262 12.23981439094396 0
90.85780510525814 5.631874554674813 0
-90.98453291450387 5.873054776007161 0
-11.6490911959723 18.66490440664604 0
171.1614037008162 25.71853087919838 0
-78.1491996830146 63.82701754435384 0
64.40283626743219 6.682644002952316 0
62.9678354914934 9.18657926710071 0
398.6209242869214 28.50864767003354 0
-87.06625300153844 64.36040588171096 0
0.05155311030878954 113.7336000149357 0
21.5024500243368 0.4399315230047731 0
18.04308136582182 7.931273773158812 0
306.5476823141092 7.729883837564665 0
245.4481292945662 7.796938917288518 0
-0.2185179460934731 0.3571936208260841 0
-0.3002944804259574 0.5101262576059766 0
-0.3259736093464433 0.7717165340174332 0
-0.06307235931944993 0.6381957766166119 0
-0.09618430016917474 0.961442635942201 0
0.2058220821765296 0.7998472128238232 0
0.1866632224374517 1.103540660127152 0
0.47569119120334 0.9853384376532672 0
0.4798906537073491 1.427028910923166 0
0.9518953106436474 0.854521950483766 0
-0.4303984150460168 1.123147031353787 0
0.46253568764092 0.6865578768028534 0
0.160699105603539 0.5857162409045172 0
329.6782826866111 9.962588525339655 0
1.871936361053704 0.5737383471808044 0
2.038551677921222 0.992663533824655 0
2.557019872239331 1.037018485939734 0
1.556796565368777 0.8180471308226021 0
65.21696239870985 5.671536872952672 0
280.7853455962048 33.11461055266377 0
-73.58580267907615 118.3741129508338 0
107.4110529474273 130.4791794799062 0
54.53963899166413 12.49580270452274 0
-94.74432130692271 15.96213072859667 0
-85.84508411620087 5.74272049901192 0
100.6164016582625 6.281797213249134 0
-95.8678367395537 10.12733220122103 0
405.7296535269044 19.6366508377521 0
21.58505141621873 1.089872845065138 0
-63.35006454790414 20.29001006887603 0
-5.408518644061144 1.086289459441197 0
-68.48232012455757 23.44017523882513 0
94.21402006970297 5.914964981755968 0
414.6302800282133 30.92411659523914 0
-18.62088467619279 26.8293432329612 0
14.13818541073622 0.8296101376133749 0
14.49864815469321 1.299535206013287 0
513.0604972996634 30.00977577919352 0
-87.71228708902066 112.4134692648261 0
206.0951551151207 19.66736244479913 0
-92.00252287020314 78.52867153667725 0
232.9201856345485 7.017181187288475 0
498.7169859739015 6.701880708823175 0
509.4560015572442 112.7110648029469 0
66.70810094086994 5.770849134263338 0
58.80125765096783 5.807711886242433 0
412.4102480434306 109.1489322436041 0
248.9431670686018 64.63929156360581 0
495.5677081369968 6.509521154186245 0
517.8764177533286 14.87525503892084 0
30.16508151870256 5.243544522460035 0
336.0593660483215 8.70889410627834 0
333.4161347510342 7.575865274881178 0
339.0370886049116 9.6545803312485 0
275.7918687865666 7.915608333132532 0
1.039771104417559 0.4387876349512768 0
489.205921818315 6.394305106897949 0
-49.5528099497054 45.63995461131263 0
-63.54232829409509 44.64281916590279 0
114.3954128914632 6.527961303028182 0
115.5067289381419 5.634349524519081 0
46.4512925142364 58.37309680190374 0
-7.612335872152822 0.6107217826550239 0
-6.996796430929141 1.081450340301895 0
173.6431302059866 6.746235104691666 0
482.9068156827825 6.454743279717749 0
106.2181423841219 10.56784567748387 0
-71.28603293752184 5.94562717613716 0
294.2797107515617 60.47219921688442 0
470.5825486412535 6.426392444461131 0
117.1381775212379 25.58841082366678 0
356.693421103046 10.72130528358068 0
83.02246550568718 10.71629732647973 0
-7.468270197091833 1.519102120452423 0
-66.63014520650601 6.100030141317093 0
476.6709304870884 6.427763461357149 0
-44.84840856781548 5.564097955335166 0
211.5715780660286 27.15377275076033 0
-60.14916316445628 5.664714209883233 0
-55.52891343047608 5.98573693706695 0
4.718056474226816 0.9723608454478191 0
5.562601969097816 1.025180851420852 0
60.0955578085127 5.329419233386221 0
467.4640686433487 6.301860644324966 0
509.9203860601866 18.18412907971681 0
26.4822753918741 37.58917081940086 0
30.56624791028315 20.01324765469138 0
424.5460668902027 9.356722497967811 0
427.7273142549432 8.2778638843346 0
420.8045095415698 9.10504296503716 0
138.0297569514542 5.904987948800861 0
34.16013229493797 8.258430795930696 0
-42.77807526347257 5.522110442918965 0
214.0432224532591 6.593110075507814 0
73.27604634572201 86.34733934315901 0
20.95087036439842 0.3772190128721863 0
461.3250221528303 6.792649861479012 0
-88.57572829939645 17.70532309880043 0
-38.69931161578332 5.486845441033312 0
-37.68136717458474 7.348717098251814 0
-31.84824058634383 61.82124235523598 0
434.8258007895611 35.19627648721448 0
371.8873628932001 9.404487164957333 0
369.195095713338 7.968111792632161 0
374.4828270845624 7.700025993565809 0
27.75897539695696 0.4940535467714706 0
266.0246186843906 6.800486673119167 0
-34.67057209162741 5.4500252065443 0
-0.4815239664421838 0.4038297116478984 0
177.1302099515493 9.68592579477431 0
442.9038451365808 11.94888775694479 0
15.43405707056201 0.7621897664423141 0
389.7331813685801 33.80313336694807 0
261.7104840601855 60.08746809502367 0
102.0831198553784 19.13457111894613 0
23.98516971320756 77.91824367287987 0
-14.04210923265564 20.92528078350797 0
248.7676632813703 24.91480899931227 0
117.4886318638803 11.53651510416531 0
-28.98500872622177 5.420990810848378 0
27.71372109053956 1.030364879456544 0
92.84201309676524 12.09156001616318 0
382.6412893399341 8.839814797358443 0
470.6596604677217 114.6401360288508 0
17.21057439842116 0.5870446289096267 0
446.8074091559459 77.48223795173955 0
-7.346635540243488 8.269442883012845 0
129.023941938916 8.329245658032333 0
128.6300859829291 6.364671300525412 0
433.0814014780643 28.92239146107482 0
358.6071481850819 130.0573592051809 0
-52.69820626450765 39.91882493494197 0
490.1967443911422 95.40893780589738 0
484.3589436453287 109.2826047307626 0
437.6264554224192 6.260915235523468 0
38.52258799020102 5.587031122436946 0
417.0862695491118 8.892055796103081 0
241.1233669022197 24.42583452784285 0
-17.64500596445903 5.221967069501027 0
166.6645140276503 7.209104890994688 0
176.9499550207127 6.706364026850978 0
63.92298589810766 129.4550577586392 0
443.6838100743668 6.216112364017855 0
84.96709494431028 8.087452624017452 0
18.17874646457392 0.4932422615480642 0
61.19530548927831 9.638628840569996 0
-93.79922577428457 22.43085961312255 0
365.9792854721432 8.92094447392418 0
153.8532130313114 6.380791010763182 0
106.4986237007233 55.82430238775935 0
108.3890567716823 6.416531655975458 0
345.7486855741806 29.45644551801728 0
1.571288971085783 0.4776134738617603 0
250.0305236978522 33.59785693451329 0
88.73290587964027 6.056116270261203 0
73.24683079711468 5.843892387898525 0
360.1860098284704 8.813069629519635 0
420.4463317411814 6.18652311209661 0
456.3325644475153 8.895014916751922 0
18.84381345317651 0.4241183611350161 0
412.0480995680462 6.150157702754601 0
53.88143909839765 24.20198282962043 0
403.7716391252014 6.157132087552837 0
395.3974524372679 6.51772473543013 0
434.7271002481389 6.246291754067932 0
387.598015775287 6.044285746089915 0
388.9180108485697 8.652222192061856 0
351.4887887763351 6.210912438087412 0
315.7064613418511 84.17767873532947 0
318.2269504828744 5.705498677725979 0
-14.12812495594704 5.201223607554963 0
302.3403073088463 5.675109027442749 0
255.5722760283005 7.413396390180508 0
203.9384173505298 16.23953679490487 0
272.1067999522263 5.664827366475745 0
409.203296865797 6.218193066827228 0
257.8033064248871 6.032044042142012 0
401.0445162755179 6.126425141506963 0
392.9364465169756 6.065482760014688 0
489.4266889577623 69.07478178481263 0
384.7787343243893 6.061301951121273 0
379.5271695747394 6.684489781196839 0
367.0619171882853 6.008690989442895 0
361.6940803534828 5.930311377788521 0
-0.01472881226864829 1.85738390804727 0
356.6568602260774 5.917878774560652 0
349.2209701424719 5.876345944904569 0
344.2537103253192 6.131759469707451 0
339.4651335533123 5.834136935297536 0
327.6060207660954 5.962864846901498 0
323.0198796423204 5.890154901466705 0
315.91647601447 5.654532812505069 0
167.7078854752804 5.354967972344615 0
311.2928034498093 5.825297271321801 0
312.443981447227 8.08917192150923 0
300.1103460116309 5.686616114491242 0
151.0438314888553 4.998929569921641 0
291.3375981775753 5.682665485753253 0
295.6487608609636 5.373236765445543 0
276.4176615591431 5.57069706387427 0
125.7164288538794 5.051458580067334 0
269.8713764956142 5.670765682558117 0
261.9525540023058 5.498775544980754 0
95.33613965010336 5.009158270198612 0
248.0179868471897 5.42669235908147 0
240.2692769045401 5.395124506395963 0
103.7788744132145 4.651205073383563 0
91.82128194353999 4.825023282460193 0
251.9481709807435 5.455491191202039 0
78.12848825690935 4.762770783427984 0
66.28891746009614 4.667393086584228 0
225.1313498548886 5.548272403699635 0
226.2797691948229 7.319977263683993 0
244.1905732639141 5.584177349526398 0
69.47576451988826 4.69419154969879 0
229.0198886102922 5.484756068187254 0
218.0266609587744 5.127823114656512 0
236.453653631739 5.388453513080214 0
237.5664397372003 7.44709650254232 0
63.23208486647743 4.851958709403748 0
210.8304127214214 5.325751545348897 0
209.9116109154164 7.043080875050959 0
203.6888951840909 5.309360109087745 0
221.5431480418259 5.332630351318858 0
196.8894644637922 5.315685604705632 0
199.8648555168168 7.235056519516995 0
58.17427359432175 4.657230043223556 0
52.18530468311695 4.591906107807709 0
47.36650206569306 4.762499279878647 0
41.71334696248126 4.560810602396611 0
37.08691578927724 4.516827715048712 0
36.30324349859247 5.120025214748038 0
44.5490367443409 4.581680824544483 0
34.55470391404918 4.421472906073103 0
207.2678063600021 5.262179741775422 0
200.3298109312845 5.232162224045541 0
190.3769076331786 5.303879232080082 0
193.486998674968 5.001913603163641 0
186.8642542719394 5.173902932965822 0
183.5813936481701 5.159699495672235 0
180.5043804636233 5.45152844119614 0
170.7741662903614 5.104288516156345 0
63.4577312560665 21.55938220133356 0
59.81412823315754 21.15162750155297 0
174.0618698872713 5.179059132502681 0
163.0265619808506 5.070768171532112 0
166.1023223324958 5.084075580686648 0
159.9814823341457 5.057593516526179 0
156.9814695966964 5.12163910806442 0
156.0356731808631 6.612044669242125 0
149.572330677781 4.969459084887839 0
143.7749957587486 4.995778199933058 0
144.498700521677 6.634962210969121 0
146.7750031668944 5.230212527800835 0
140.9254391554568 5.04684246900201 0
140.0036560169527 6.354519290121915 0
136.7036701794739 5.129760238405773 0
133.85454407911 4.99097446844054 0
128.4526775827268 4.745096506972414 0
121.725561744132 4.930238158665209 0
122.3094382602603 6.208518569207233 0
131.1522833535804 4.932862800279951 0
124.3782055989442 5.007427351610703 0
119.0503624896238 4.961220766071982 0
119.6409632933158 6.540576576904442 0
110.0818944128267 4.841700879965066 0
112.6415774685606 4.884090120686906 0
102.6666993418058 4.787853313687755 0
97.7415330039783 4.723681762844916 0
86.01259322654721 4.737564057686632 0
100.1306922798232 4.849489085555572 0
80.36767777210136 4.704653671139037 0
73.84677898564338 4.721390245893904 0
68.42036525815828 4.683349642278803 0
88.31239906941605 4.74751425734312 0
57.11982223291147 4.612558310091106 0
62.00391508720845 4.689942825419847 0
82.65474828961868 4.724264904107343 0
77.0404984584551 4.698745933411186 0
71.55483559910037 4.797098444663525 0
51.21315524716658 4.587002869573268 0
65.26782043108231 4.498883775770909 0
54.17040570797923 4.621311262393203 0
49.16622764632297 4.717521816980295 0
43.60994705444993 4.56423451216792 0
39.01035766592145 4.599476537813315 0
39.69311390554257 5.543889229752566 0
46.4628809255667 4.45808223247594 0
33.75101322066418 4.716494146996723 0
45.07153738250891 5.461847387023395 0
31.87290149449906 4.497499506900049 0
1.133213959111402 15.72035230322674 0
145.8351176753578 105.1507195899545 0
163.4384754175879 100.4411366794909 0
77.52265315918336 20.49090028006694 0
19.32521946693343 0.3796682930001083 0
29.34134259114987 4.503982736278735 0
300.9323641595187 95.05937385051116 0
275.9916594905388 19.91337494072064 0
156.2612901205949 19.78430026127371 0
328.8847486905209 22.41490374374187 0
410.1261368949708 61.82942409743538 0
323.7768445976977 30.91941447967559 0
135.2641341382288 28.15401025023115 0
131.0043824944112 26.92147060158567 0
132.3844884476814 52.61579165955386 0
140.7315645175351 57.82332317182269 0
144.6092954119767 67.98546370628975 0
495.0486725099426 15.83649454391916 0
16.43336702716374 0.6175010186082336 0
-70.79190989172234 35.74394706224558 0
27.34930914358667 12.09477307870594 0
143.8747052459397 8.619172334147381 0
19.66307063175172 0.3412049416597179 0
19.57372643624254 0.4399618868935231 0
17.588212625345 0.5574625085004249 0
17.80907516786998 0.8659387843665922 0
505.3880155188829 71.89317019778339 0
496.3288350765883 33.00093565871169 0
0.8293220292227266 0.408469827926277 0
0.7048950726240313 0.5746476585048224 0
346.8029400034763 61.08177555756361 0
406.9148303037064 14.8472793032959 0
449.0721868915199 28.60546455805505 0
508.3757957650465 6.348707866918565 0
20.6825082231088 0.3519520904904463 0
20.6958869300548 0.487482621387566 0
20.41237609224517 0.4596967952924043 0
18.42554711671059 0.4383083754012591 0
6.079088595815397 4.937248091139031 0
22.12075943695365 0.7134780424828751 0
2.276738584200279 1.569570067465854 0
3.097127042851891 1.392305790209711 0
173.982884754139 113.9300215616586 0
101.2035631397838 22.61862291404998 0
268.5290057050634 21.75163273423528 0
355.5350398596379 25.0600183554386 0
354.274729117678 87.30147561774392 0
19.02047899587346 0.3847954372075463 0
99.06321610984557 11.28278181649336 0
-38.66613874898465 46.44777526958502 0
478.3044712723184 20.88309163966812 0
-1.046484012331465 0.8056194372619948 0
27.82125249833195 10.28671563157414 0
472.854067093908 47.78114426135406 0
468.819030580287 9.447208481601047 0
10.09413194763595 14.18585131753235 0
12.84653131680738 11.41250321951363 0
-9.289217385014791 8.122220200727403 0
156.663085213019 51.93110676966353 0
19.46689636508984 0.3621662555747274 0
19.44291308884292 0.5245947646290462 0
19.62900914526411 0.6452311620620945 0
249.1374865910571 11.09184904892925 0
283.6091243164337 24.71793240564132 0
0.5035177090801845 0.357976619080809 0
12.443334264775 5.394836217223977 0
-65.20215991195005 11.22120698876766 0
-53.23510145180335 19.12672160582898 0
-28.29750916978763 42.22545107493566 0
-92.94082830754603 38.76376477050023 0
133.3783141532488 12.76142110380137 0
24.47252406524603 1.140448612919086 0
24.07253817292589 4.471606276246449 0
168.356284382029 9.461978965952673 0
-80.30684268691796 48.88150930415192 0
20.14331059609974 6.333187303811085 0
19.63968751053659 7.735183837502397 0
445.8481031439162 116.3293478454015 0
415.683523733915 24.80802530921775 0
32.3336667734947 10.08345884095138 0
146.1604450085029 6.622158618105056 0
-70.42562514112296 20.05593570798313 0
-46.4993864117783 19.73575487896691 0
-40.49374868160787 40.63006983134612 0
142.9952886916321 26.79933626584025 0
242.9836815046073 7.338986523768924 0
439.4171573362948 67.34818268302102 0
50.84608156659904 21.42731557705051 0
47.26231584935499 10.36925940273393 0
19.40003740145175 1.867869406619288 0
435.8116469778916 41.38792539543059 0
-82.64016286479867 25.67380292590384 0
26.44118228057955 1.398958233643024 0
50.72606785506874 5.538224987026562 0
15.09584805543276 1.411745763121963 0
96.88546514258263 18.555990041283 0
225.410165930584 27.86925794442479 0
428.3490577926158 113.972379927871 0
365.85102726227 29.13351592103165 0
361.9426430212904 33.30468081760513 0
510.3087330869785 24.14413654870312 0
429.2906239987298 25.17382270355289 0
9.388002846452469 4.568965767764336 0
330.925429923824 12.69852318945769 0
227.9091568676533 8.862665963918765 0
20.24225187778691 0.3348653856452265 0
-25.05853845549831 5.723013783685289 0
510.6470740569357 44.82269865885372 0
22.82976551136587 10.2382026466559 0
51.16473608069059 33.32137550783898 0
173.4763900205458 87.7762459588547 0
109.092449672254 7.705103640647345 0
98.00236361381258 26.77847682235839 0
-76.20551347116174 5.874756535676708 0
-38.08017258002122 17.00244903996398 0
286.9362264260357 5.657397264491921 0
414.8001330713562 72.22789332498218 0
-43.77464043361296 7.446478065473327 0
221.5426487923252 100.1704680332013 0
55.22437350518203 10.12370948227495 0
233.7503286369952 23.47938520299089 0
496.4691425307256 20.13053187377566 0
201.413945905652 58.878037255031 0
417.5552183506518 5.743853281858037 0
192.4547523568589 22.40912682186239 0
446.4674164558609 5.961373418288514 0
-32.02455397731011 18.08458199548355 0
18.42060848346421 25.52382212790642 0
4.389087421298828 6.382495314196667 0
-21.33032208363883 5.267014924776221 0
382.7027388095345 64.59716658022175 0
250.8055968511944 13.43185666691218 0
-33.69018296328687 7.251860242063767 0
216.7098626578929 52.41545377748199 0
278.191570887948 8.660213811057725 0
485.5883934115934 62.54468083656862 0
246.6210117069718 106.1964930316161 0
83.46220518030236 18.3084932629449 0
83.31366768989741 21.55239979686664 0
19.95362180497964 1.625597094824976 0
-3.831268877517056 3.98627121763261 0
65.07054700066757 18.10576847554232 0
255.8654408153308 5.35950455420907 0
-2.394188755139335 1.084013726278263 0
-25.85172901686038 17.47753255181043 0
57.16233655304961 19.53262243065603 0
518.2395272121495 10.15689822549142 0
3.525662549082767 5.159747469545002 0
247.4875956012097 13.35523003201577 0
88.44842841463601 19.40248508402408 0
51.88174619278524 10.7988085980583 0
20.43643568616478 0.3397750615648618 0
-85.27071182260777 72.66982980403144 0
182.2978122120475 21.48457806667465 0
89.60998678637061 29.89941348427482 0
92.7548063496177 33.45904653056853 0
94.11449891787305 4.778147315028957 0
-61.98717231849526 64.29889012350229 0
175.5055610828801 23.80837877458968 0
256.7589847836732 25.14386548541596 0
124.7059940529264 20.32660820954558 0
119.1283935007516 21.51560011641679 0
104.3162352799444 11.90970686845341 0
313.1385873230691 34.84144270766451 0
89.52989273409997 10.81328566053111 0
-19.33200308564662 17.99874313185069 0
56.76773218626521 9.228377236230003 0
55.13122059930296 4.461513016774076 0
430.3603393379028 8.678842040334466 0
112.9477562595601 18.53562841535572 0
56.6178638146361 5.592612715611113 0
272.7551442522696 23.11538716371194 0
160.2202275694711 45.56987778265389 0
186.0831777847425 6.766715400294726 0
139.5531807219227 50.08733781138817 0
345.52905905018 8.252956057176275 0
67.82276518705868 17.12173461855335 0
177.071620343674 4.903686025438503 0
514.4487776934516 8.052639774747117 0
119.7178296963333 8.548192795992108 0
-15.48231447638498 43.78204898895711 0
266.2866028758799 35.18676801779446 0
112.8371354075023 47.87699843921263 0
15.63768717203774 6.041530527033282 0
69.22704111171663 55.9334871474783 0
484.3843301314083 84.67876637140911 0
42.86612676373279 13.25672901878124 0
21.21100556702523 0.5624906319467876 0
5.359879403673148 13.88118689909853 0
53.71370363386407 55.6819401809448 0
38.86795399788101 14.06273063680719 0
16.58982309166364 18.90519743809752 0
21.77898750696347 3.595656359141058 0
404.7867179028587 9.099867550031361 0
5.446226011937625 71.2605831781657 0
21.69485192209474 19.46075099168472 0
11.40760118501256 9.778175438129734 0
32.84921934046204 8.562846156710512 0
30.53859649686974 10.18226092747956 0
473.3951762034509 9.21741627354748 0
23.57179387872259 67.38208874631076 0
8.697365321533233 100.2145066346303 0
-35.6659293046201 20.79517819362706 0
3.517239975454647 31.74885204782955 0
106.3285630119372 4.807039330680654 0
443.3556336657205 42.43510536556848 0
496.4943049738972 119.3952798190635 0
39.2629363585321 6.719578726496588 0
271.6327010637937 38.85601448941455 0
24.55627470644706 10.33999583462212 0
420.0678556560313 63.72382845276702 0
42.34642946380774 25.90048411269263 0
19.19912073699042 0.5369856413495239 0
6.16490185176365 1.895006065463645 0
203.1140719820732 22.06167177246971 0
19.90104931451348 0.4074528860456685 0
-53.16717545389351 75.70595826936159 0
400.0582793115566 8.403705287548462 0
126.3927825777628 6.235955283493722 0
13.82294004083362 1.450229698605124 0
107.6172161807107 18.76507827606008 0
307.6880799848308 25.95075872289482 0
319.291340612978 21.52223324343956 0
27.88525135235438 18.83329073297238 0
13.057543126275 1.611075278898925 0
19.84252046928373 0.7839441085860352 0
131.8173683739126 6.211907763323367 0
141.0987031890868 21.98231386081756 0
152.9352879936465 15.04810809293966 0
153.9626111615113 4.797135105480407 0
-8.641174045916081 14.5319406697646 0
306.7829703232839 5.318557792695317 0
131.5479809459383 70.82756750449698 0
321.4116115734515 37.45395549690089 0
14.6882542357691 41.44711180316488 0
52.55101667220794 5.633359298257702 0
-3.994185332103463 14.49210121333435 0
-3.029289921819703 16.85099183431199 0
158.7902024014042 16.22054764306623 0
42.21340799403259 5.457346145825235 0
139.6799462257491 18.19424155342187 0
11.62085776711404 0.9503733899630076 0
200.4158836786349 15.85305317119551 0
107.0906850993021 97.8152410157733 0
98.17597710815963 114.1263048568181 0
145.9011350589253 19.0332745179796 0
-17.27173619985383 21.7357674621627 0
25.90306069766094 6.306712251162887 0
319.162402224525 71.60206076432587 0
22.3900964114603 0.770697996464951 0
12.57696358180979 0.9320062926313634 0
67.89069710219893 5.685921112589659 0
53.81482630376038 100.2594073211314 0
65.68830815650344 109.5189933673047 0
40.85699176268484 4.395259948135837 0
21.37236690666988 0.5818253609843238 0
131.1571549049613 22.18522195078744 0
-6.158073573333733 16.58198559500763 0
118.2516753840957 6.297646561272686 0
41.74843713968857 132.8708266196991 0
288.6216679640315 11.35893381903782 0
355.8319369869693 63.70094234439112 0
112.0400549339564 6.020935365194701 0
48.85703989490151 13.28621825435029 0
1.550010487998939 1.406628800899923 0
191.4407988781503 110.107778487159 0
23.95198772160803 0.9948159822600977 0
29.87588053100274 8.746086941793145 0
18.54310676592226 0.6944717030033205 0
-62.14900250767673 5.274432319898679 0
303.1245420362023 61.54920532799535 0
64.34536828702109 64.56928051045281 0
320.6989905502624 26.66002014906634 0
24.69683996620106 6.099839555416212 0
27.24932143319667 6.38556065074569 0
0.2756037874994869 0.3281698738223448 0
0.3035389810091898 0.4660729517161948 0
0.06517486314937564 0.436902053538426 0
232.7376854494089 5.073909675835941 0
50.14418436277988 11.21921242684352 0
334.6600791334721 5.627178481246146 0
450.1047471416218 44.91569035592477 0
292.4375172621861 7.754537261007224 0
231.9818413420643 109.348926520057 0
19.7467192431381 0.3221632848526196 0
-81.66059321197521 8.030542743630809 0
58.09488933653341 10.42280980562868 0
78.703824057322 5.67241924735661 0
498.6005701479641 38.59083684207427 0
448.7717757526805 67.21362521289134 0
2.708452481998991 0.5737442351826214 0
153.3616733369869 79.07101764247511 0
211.0670484028755 9.006326368229562 0
73.36693212413458 10.21853987892764 0
280.5683725807291 5.280717601588308 0
1.088193371637359 4.910689527213587 0
26.75366460178496 0.7839343620965531 0
21.73950369990624 35.68601401939569 0
25.68089171603528 2.801038244455925 0
18.22195472412556 3.255519580941335 0
-5.103283031248892 2.450445578703337 0
-4.908777436936911 3.877313330057978 0
59.06866923929186 11.991616861382 0
317.9713994845895 114.7016866249905 0
-2.203857237259089 2.215653735428848 0
-4.433381258007751 2.274102950358853 0
-81.40252979040464 29.85347047462736 0
406.9085937987727 80.90069368230027 0
14.57156099925406 2.071956129102027 0
69.82414289344464 5.581956682864765 0
8.995546628143922 16.31017263063752 0
493.8825979195694 8.768465941001256 0
416.8522348977221 39.11243755553369 0
-32.85059228842194 46.97627659226873 0
352.2227323617909 20.35773358985938 0
140.2395871735811 8.071267537647469 0
141.821892484313 6.525442632350631 0
187.5316425045433 33.31988917127117 0
74.84666410525607 4.495139940235881 0
310.8668154078071 10.78483276583924 0
202.2884135429666 6.757161825833331 0
-78.58267233242725 5.358341318469886 0
30.1492338747456 4.348637010423858 0
-85.58522635076184 47.47730537835959 0
125.5409086523588 23.46589975893959 0
157.8762750424391 6.60815782062314 0
-64.6682859145815 8.180186055066009 0
309.731814401666 8.074457918786679 0
-0.1210038398268558 0.3318635074961085 0
-0.1132044604585474 0.4429538225198297 0
455.0908542884109 6.106281353475374 0
11.1164235919363 1.769036058523464 0
105.7232204979846 47.83989364296252 0
151.7524027533793 6.369131494646054 0
-48.48784164065162 25.91465270506117 0
290.2455006137728 7.510810468939249 0
432.4586457791725 75.84690004036089 0
116.9736197739107 6.075789800834423 0
211.9998570949778 6.978923749273432 0
406.7802592702855 24.45500547232441 0
121.0616555196054 6.039726409696641 0
123.6800916413556 6.089169112933105 0
-59.45390063914476 21.84357834487958 0
60.1241942682278 4.427205745619412 0
225.3664344811976 12.16129196979413 0
44.07175754284061 5.375599145250943 0
196.0592851217104 6.723662809413971 0
468.0501939188078 54.15661988456996 0
79.80522597869756 5.714706458531055 0
-66.42836715850929 35.7492405008744 0
43.15502411587727 5.28422526055774 0
17.60798071534923 6.775685245797538 0
102.5451722440534 10.8426039541314 0
351.204608706311 29.48145776581008 0
-57.250478548328 37.30915730203131 0
20.16752036690153 0.3114621801684219 0
319.1624482796137 7.857764730059172 0
189.1423757716492 11.7237423509572 0
84.63338804477493 10.2481653014444 0
27.38585385359955 0.7498415904645658 0
259.672433086361 7.623723356706551 0
386.6450190422502 76.40114820594549 0
292.0583277963744 12.59439457663566 0
78.1922228873961 10.6334174613266 0
77.90717804452761 12.39502195613143 0
-64.02470325629911 14.57553190413842 0
183.6205965678575 29.73624665404202 0
355.5088060079125 8.072589855339913 0
268.1129469614686 7.506929868549905 0
-83.3547606481437 5.590928318598458 0
-87.13432297321123 7.766689102083431 0
20.22783307450936 3.2891256489701 0
505.1299898786007 6.139431783464437 0
-0.2355908414945902 6.372466427151939 0
377.6490390502425 19.12829378559795 0
220.6545412812759 6.67434917940653 0
24.22217981674974 1.608862122437263 0
-55.1741864263912 21.99234016075853 0
31.47130480360656 5.28251707093809 0
-70.38630654252768 134.0836992225153 0
8.752201786641225 1.843125381051632 0
-3.817998197952175 7.622923351959135 0
153.7641443972817 25.23915350035445 0
20.58428464070515 8.91190746502625 0
-84.35698391907367 53.44426216993345 0
-30.78494106870912 5.115217337078462 0
179.5197739018603 6.544902636265313 0
8.327239510355671 4.473544590749031 0
268.4313805932844 128.6781635441744 0
60.77008767425406 11.29936511935642 0
-96.81572803025962 37.90687346578044 0
199.2260252143053 9.137758883255643 0
159.1284817715164 7.822006112314909 0
-1.160902316511845 5.121946534106589 0
299.0047670227729 7.517364749512934 0
-39.70378861069244 6.880096312699225 0
491.7656766186086 77.3649089768318 0
19.74061430763566 0.4348379539316994 0
44.59486665220943 6.364064424194934 0
-0.5777477974562062 0.8746934599623489 0
-10.54764951750576 4.970415219181009 0
295.5350902970669 14.70986088126878 0
31.25456666351265 11.7788357973496 0
113.1438136852761 5.962143580869404 0
284.8650284930343 5.31954291680407 0
-35.6799166575623 7.027074652611357 0
287.9269119512959 99.68640450127621 0
491.0127182011649 8.975981827021821 0
-1.558370434320165 1.30601549511652 0
-80.29854962740256 9.861843648051071 0
-11.09770967949473 7.726458454551441 0
22.73374412292267 0.819103919109863 0
21.27605900791892 1.56667173513259 0
79.9138418878597 10.01482730158876 0
113.3223613923358 21.56876634324723 0
26.76064992500517 4.277745133585485 0
116.3934690992397 4.766301438453246 0
-23.46550509039983 7.084646614460181 0
-98.77714958225474 8.112056400463359 0
375.65220966376 10.91500172910326 0
34.65648818343725 5.452487867480883 0
395.3450271506189 32.41927705889038 0
59.50800799023526 18.40498911665115 0
17.63178062839008 1.223582279076314 0
-41.64429331429389 7.164970033095422 0
365.4334735939123 37.8916840120621 0
69.93455281780327 18.88292670961433 0
514.6518646338064 5.731579073254479 0
332.2631463735984 5.615687120587824 0
66.18192372659624 96.30003716885118 0
340.0406304525511 12.703054495852 0
92.52066308215281 50.05384103466278 0
-96.86713432193497 31.69163970317748 0
-0.1209581416555437 1.351024425040753 0
257.8574292461059 70.68756737439286 0
41.30900313179764 15.41336915044068 0
356.5249808938403 100.7794916146318 0
245.0551042344831 55.92545517071287 0
33.07257316608812 5.261188615229504 0
507.8570655680418 138.6774531545791 0
-89.81559076221635 7.66762010597335 0
244.7384653678101 26.89605505042231 0
-28.46705441610811 20.68058603966908 0
163.3254302021097 13.34394882755973 0
99.38965869443089 19.98116097764315 0
402.2744336979937 8.237378326110321 0
19.4459440225843 3.142179454800557 0
18.91273536901729 3.616072889436097 0
275.3047865892876 34.75602969072829 0
129.4771162839292 10.42212408036997 0
153.6517652872095 17.83502025209771 0
107.4911572855931 4.613447436848382 0
123.1887654107957 125.2467483793696 0
252.4579184849915 133.197771075136 0
487.6287315008063 8.798212079129968 0
497.371118977473 132.8376859272091 0
0.8831991186534116 40.39566869675956 0
161.5581638030106 87.86522857265597 0
25.47025558940045 11.78539506398582 0
74.61485383052737 20.96833660042925 0
-6.274647620873272 1.227822290799608 0
328.9758811750386 7.649798223346519 0
315.0068809886455 7.890480756753893 0
511.0613542123158 20.86810044850523 0
279.8883863329249 27.43535794253979 0
99.48691493861281 5.798263431822993 0
20.84366140832527 0.5046864571272814 0
277.0079247163004 13.39898616165268 0
90.94845240969943 12.19707059295009 0
369.3430234652686 5.537137164781697 0
204.5769949670698 6.712597705524267 0
41.52931946495495 33.0746349459026 0
52.69340604915315 12.40804611581757 0
68.97025729026579 5.448604794092812 0
48.48950727329297 11.42123778874964 0
-2.71441565468495 0.6834064179669991 0
357.2962105405817 14.79206063126256 0
144.8223287043229 10.44158601407122 0
72.01637345823848 5.765924102067213 0
507.8969102892748 37.25496035645244 0
366.3211450615656 12.54964952001388 0
82.87629135477023 24.88072814617106 0
16.83776030031754 0.9356904010998757 0
273.2149749456452 7.375223861058837 0
14.58745677060186 12.7535666601156 0
232.890084205247 27.76634835678032 0
468.152686414628 12.25763033705752 0
171.8051657205128 48.80441268951542 0
439.0790334158951 8.538877152539456 0
10.8739403661794 46.98529301892064 0
56.84862665882897 22.72924495158215 0
285.4644994063802 62.47537691285929 0
80.47064887810559 114.6999436325804 0
-48.96229562799181 83.24820247511428 0
298.8520914662487 16.48648383331206 0
250.9568227101495 7.075636268814157 0
-83.88238835178144 32.52598340914248 0
484.4665775551949 8.637710262998835 0
96.42849473756183 6.027288407744034 0
-83.3834275712652 39.36659222498382 0
143.0916484201206 7.237604071712057 0
218.4153161460263 114.7918591723934 0
165.1291022073714 51.08521320720197 0
21.40412406412669 5.21729797283048 0
-83.16817283662817 59.52882181290362 0
471.7770940929766 60.15097648681504 0
138.0725228122961 4.700762382464262 0
7.063589650446794 1.912086442929194 0
248.9963616435409 7.061016261610011 0
247.7992821255601 8.824433724142411 0
374.4075769886485 5.468741221119682 0
23.54608643302129 21.42770935884668 0
462.5989830205501 26.67012406838121 0
386.2625447231719 8.191687046050143 0
4.425359190771687 1.631700960042867 0
252.1244853581015 27.76735656441842 0
81.18465461654746 11.03153195411804 0
-38.22744763918043 23.35222178500805 0
-40.7312497957748 26.14114563531178 0
-48.63272335810328 5.251706475265356 0
-48.8149700773256 22.58166798237851 0
36.30358499527244 4.361931320478051 0
16.66332581743803 115.7578876620912 0
131.230285547152 13.65398981322303 0
84.61796833539699 6.291449502164916 0
239.5616875026207 6.747537136584448 0
-14.28477296038331 6.973183462051142 0
228.0858237640333 6.936453953586515 0
-86.49322914458324 138.9383883753104 0
-53.86857446899843 7.545176106787032 0
-17.62326846211522 6.937440897921331 0
0.7872347804372999 13.71744277818249 0
-1.149202818195778 1.197180120654174 0
149.0800405484705 6.14459032390912 0
452.3432454732177 5.675809707847633 0
217.2943810614544 15.5262730383667 0
83.70186109733459 4.522158030830536 0
480.2553548543419 24.78237844848024 0
422.9100569616378 39.67735111566061 0
24.55440611788798 5.244221857694698 0
20.85132616619948 40.20711504510966 0
387.1032481074018 113.2662257413525 0
15.06795851966701 7.286164416397966 0
27.17613119434958 3.772912465084029 0
214.327798977086 4.975820745265954 0
428.9939520879298 5.832172231252352 0
44.86703320014745 14.25206637281915 0
301.0331314345852 70.0223972350706 0
90.60924496889764 4.589926664778123 0
20.287725777345 0.4337397270135233 0
102.0827900851246 5.796890492522698 0
191.4574826665334 26.36465569972846 0
421.5229800701409 12.07662742847545 0
11.88612119439286 6.483531882172849 0
179.6658704335813 25.80446381173002 0
241.0798998229269 6.691364035625286 0
325.2933351570757 26.2053423227359 0
396.7164247336775 78.20486182940108 0
4.813561214901246 46.44832812823412 0
266.0250435150957 5.103630744849663 0
21.1828922955886 4.376111071575163 0
109.0538717213269 9.579510754896969 0
85.60273454677645 19.90152131397879 0
-9.140893278547024 16.80915176220584 0
340.4637706275745 7.703653998434907 0
222.2749811802884 6.789025350914825 0
324.3870727671281 7.97265677015773 0
81.97501257634413 32.29746991965444 0
503.3567954112324 8.757654791126425 0
244.1951680451249 36.64327081689537 0
95.20330550606518 56.57583024192525 0
85.53428810772719 5.647689580769088 0
110.3647013111628 29.30611726424623 0
12.32356061364016 79.1512792972925 0
-0.02257887167075632 2.420991321721369 0
247.9441944194166 28.9612356148663 0
516.2788060394963 13.32504557221105 0
516.2769803418852 11.27243945019308 0
17.37793667811263 0.9235548167232721 0
20.73221296266479 0.6680649072111073 0
377.0447667627055 8.300512569890435 0
191.502642311085 6.694082235880005 0
441.9905297534754 8.720990132789222 0
227.5645236494771 11.39266815852334 0
27.44542964551668 2.583446652351975 0
156.9021723518474 27.51447122973147 0
128.9156549928526 30.19809449539015 0
66.46648223730688 33.8237132559146 0
202.5710528482188 30.61528641805129 0
25.91176926674088 2.016976531806225 0
72.49375066202241 18.63318603728106 0
20.00472608527841 10.87680700535418 0
220.6199383132079 14.20710344429521 0
354.2906839769606 16.85828990370981 0
157.4762872011017 115.4157556335978 0
16.32037225533667 1.011600613742461 0
426.1128486553577 5.730018237670721 0
-13.28901896547748 28.78451285203283 0
19.61754799481697 0.9626509289856222 0
66.26942875916964 10.01373305646302 0
64.20639368969277 5.634457775476065 0
9.988252231753599 1.829938278430523 0
46.34444971301401 32.50455839236158 0
89.85944842848011 5.719359533056743 0
252.6238882316738 15.51674093599139 0
32.33002343838943 5.10881015185675 0
473.08254095209 66.95883776343612 0
86.44227582890139 5.642781853479478 0
338.4217632063219 7.559776935607523 0
-51.89602739628268 21.62711054030372 0
56.60595227466609 26.23832281430526 0
407.6671147850342 8.413123461962257 0
470.0053043474422 102.9853904741612 0
2.231811654219445 2.138133144180228 0
179.5614978800277 11.89202603765665 0
-65.37639517890115 23.0649459723277 0
-62.68691511186795 17.50558321107739 0
119.8295780087571 10.56355496928408 0
433.2091806369507 8.433138630865852 0
321.8061205951897 45.33393730522359 0
208.1626371466687 6.657639373791552 0
276.7621411648478 24.40520883172779 0
366.5107887934281 16.07628777523051 0
14.32915415932818 10.72808655356991 0
-6.28780436335622 4.980783115474769 0
403.4475344889347 28.26392716477464 0
273.9967690924136 15.69539734144085 0
210.0292869398332 31.9692587524131 0
61.14765375994307 5.594306232273084 0
174.9412485389353 27.6123985658864 0
1.172355754157267 0.7165920825855052 0
76.42255773468266 5.526956609923209 0
-3.267595911608103 0.7075779474598265 0
229.4051788414227 12.96503105698518 0
0.06673450659300605 0.3121758883529332 0
6.999335055783961 5.763448777883098 0
247.2737370935633 6.917779316403557 0
44.03704801294106 7.35573151849946 0
465.876041981937 8.313813404884595 0
230.6696507327385 54.68583375540525 0
48.20946376156955 5.480319450868877 0
331.0277570844744 7.692266949540186 0
390.4702707286793 41.82347412052228 0
153.5868686789657 46.08591631949024 0
411.5215028771297 26.84246126696254 0
51.68167172957191 5.333077037184323 0
169.9874143036148 6.265356783876719 0
133.026852722301 6.083098015157505 0
-51.57341774263272 5.420435056869399 0
298.5695338228576 19.29328353831336 0
80.88323324007638 5.576192218633134 0
-98.45644365624544 5.017181445624825 0
515.5507092259656 19.08794365630217 0
-86.60230769520305 43.26590215217771 0
40.06657978089091 7.674280286240664 0
277.9285813330528 58.54252598891497 0
-58.87195227924408 41.24536682315198 0
271.02203118653 62.09647468244662 0
490.3911624648488 20.9224319542141 0
450.1756919352836 34.08811234392066 0
18.6171846134973 21.5392076805563 0
100.9072570798189 11.77113321676933 0
404.6835366463164 12.27599044517248 0
290.7147701349561 9.624059925069167 0
-48.05337180664863 6.899109894959871 0
311.7591225972719 13.7253760302966 0
245.6029835728094 15.36678576141195 0
229.3853444047449 29.55470333489225 0
-12.99662268123512 109.5284864055771 0
357.6341113358862 7.897614921023714 0
-0.5853514963750933 17.76045441829279 0
3.977327504503602 15.64787317668549 0
429.0171955319196 34.26729332883853 0
439.8144778747431 14.39351741527191 0
29.18737585405804 9.978913019731518 0
-92.1501767600865 7.395350288820589 0
235.4250932851974 6.791534888461233 0
285.963017347848 12.68978034843964 0
165.9666945125032 12.72555345872621 0
-24.75811832423109 20.20609295606637 0
15.08855359757841 2.800042296318397 0
-57.27515438279127 7.471557864063071 0
206.8258209843888 28.88714167679156 0
136.6584665162681 32.09858322999156 0
109.5065233270647 6.02076978091783 0
309.6173853281207 74.59060213367059 0
135.5133349610574 6.285428908085137 0
169.9937557482937 11.22070465075658 0
46.36348077289272 5.291396424736793 0
514.6646498790013 10.12450862866275 0
20.49997246708755 4.064927440154325 0
459.0654599865856 8.82800354908122 0
5.142241504324065 7.276828081237595 0
24.62857545452479 129.3352829570041 0
85.89223795206107 11.58183010497095 0
168.1261651360132 14.39143372484645 0
163.8666578399153 6.178387394626684 0
74.46055898706106 11.65898438698856 0
49.85476827226817 5.425411587780186 0
76.24798110712271 13.25822551203334 0
-37.69315227540596 9.15586312303599 0
0.7145349398297373 0.7946510940256213 0
0.7831364058356297 1.095732275402627 0
0.5489010163038026 0.5099276468603224 0
21.42752272790941 10.09244490788592 0
222.7241404376285 12.75173408778435 0
-59.13199199614934 71.89032187262592 0
27.31056850211189 21.3053181296549 0
515.6446316139592 62.57401856908703 0
21.08266956177979 5.940346025182023 0
175.1636941787321 6.519954201997772 0
21.51789164069986 1.964251430298571 0
223.6629856069376 56.62985248423583 0
237.1553164699931 60.01603494249855 0
25.02851477073298 1.092910575503844 0
-43.8988248232947 93.02536908964227 0
115.2157543838162 4.525446643135326 0
159.1968508913814 6.239923008231288 0
32.18813277194678 13.05740169182459 0
121.7146307470439 11.26560206204687 0
413.7164260963517 8.251716921403775 0
115.9252969046466 22.67253455737097 0
210.1855969562723 11.21550420939981 0
93.02535421934768 5.775849018495645 0
-44.10921624814588 44.79269180341673 0
-82.25774076978834 13.4464945361519 0
498.4424914322692 77.37941343705843 0
-32.5349374600982 26.23826152987863 0
463.6665655661625 8.464184801054984 0
363.0396637419327 8.155624286362293 0
146.9681406864092 26.68046192704073 0
57.6449005218945 5.423094670181234 0
182.2663231616135 6.461269851919983 0
-45.28050708921898 64.67507740329741 0
-39.01250407380002 66.1754283519879 0
-68.07184898225607 7.201500374551775 0
138.8116780416564 9.171680824985627 0
37.39827460446313 15.94751288986076 0
1.059243606308945 1.874314033197516 0
306.0277197541761 9.939656275589266 0
1.2029191131847 1.06854282780632 0
191.241573390783 8.246588848214595 0
58.77194713593574 74.36181145308026 0
165.1584585500136 6.214819600249431 0
18.99441464673464 0.5604634354097472 0
-26.62205481395531 7.016061995628231 0
-3.383521123052381 8.75016563510848 0
54.64998636019545 32.07682069483785 0
303.4505060330004 7.261592032875636 0
32.78107190998809 22.46128866114301 0
208.9545833465334 64.24856403676999 0
502.5290453414672 41.68644145317053 0
187.7779315573126 6.469472260934642 0
137.0631485713941 64.31471786275888 0
-95.39040948002368 7.755398064197635 0
0.9021290351491613 0.6312783747462113 0
145.5033208047291 12.19659551070914 0
-2.040004785219472 1.354253688346024 0
35.54862385903417 6.953916620435985 0
203.0838983774464 117.9033693852155 0
143.1051220587505 6.075213490909812 0
277.6362744803581 7.030685319200149 0
398.4577881689051 116.9624962709427 0
506.7977389677802 41.09468130836056 0
62.3205115376638 5.541750090936045 0
130.4439324879654 5.913014650731209 0
26.79057849214279 3.130922806877893 0
-5.708539760234944 4.149603177216292 0
0.3758786086776016 2.875185348202367 0
34.97379705194152 9.062186214133044 0
365.2099008649955 43.79748740587881 0
128.4215462177146 24.29077253708499 0
108.0344714783116 10.6328699122087 0
-74.5864707017171 7.683406765999622 0
186.1148885718115 38.7825328315949 0
469.5455251520582 14.50812444396568 0
96.41694745783377 31.44172480454488 0
423.7953530723294 72.41078078610224 0
494.6591715897653 42.48318482137464 0
0.290389735129246 0.6359597222743529 0
51.39519666492081 37.55184805029522 0
258.5939161164156 14.76801210858718 0
317.0625914753473 7.324964573662481 0
-0.8123756872121203 1.457620662600048 0
340.8504630437362 15.99888154830927 0
150.3098160421669 5.990345798449211 0
-25.46751812837599 68.75543999678645 0
202.8784117782935 19.01248692113849 0
22.7736059432773 1.244508629768608 0
2 4 0 252
6362
6363
6364
6365
6366
6367
6368
6369
6370
6371
6372
6373
6374
6375
6376
6377
6378
6379
6380
6381
6382
6383
6384
6385
6386
6387
6388
6389
6390
6391
6392
6393
6394
6395
6396
6397
6398
6399
6400
6401
6402
6403
6404
6405
6406
6407
6408
6409
6410
6411
6412
6413
6414
6415
6416
6417
6418
6419
6420
6421
6422
6423
6424
6425
6426
6427
6428
6429
6430
6431
6432
6433
6434
6435
6436
6437
6438
6439
6440
6441
6442
6443
6444
6445
6446
6447
6448
6449
6450
6451
6452
6453
6454
6455
6456
6457
6458
6459
6460
6461
6462
6463
6464
6465
6466
6467
6468
6469
6470
6471
6472
6473
6474
6475
6476
6477
6478
6479
6480
6481
6482
6483
6484
6485
6486
6487
6488
6489
6490
6491
6492
6493
6494
6495
6496
6497
6498
6499
6500
6501
6502
6503
6504
6505
6506
6507
6508
6509
6510
6511
6512
6513
6514
6515
6516
6517
6518
6519
6520
6521
6522
6523
6524
6525
6526
6527
6528
6529
6530
6531
6532
6533
6534
6535
6536
6537
6538
6539
6540
6541
6542
6543
6544
6545
6546
6547
6548
6549
6550
6551
6552
6553
6554
6555
6556
6557
6558
6559
6560
6561
6562
6563
6564
6565
6566
6567
6568
6569
6570
6571
6572
6573
6574
6575
6576
6577
6578
6579
6580
6581
6582
6583
6584
6585
6586
6587
6588
6589
6590
6591
6592
6593
6594
6595
6596
6597
6598
6599
6600
6601
6602
6603
6604
6605
6606
6607
6608
6609
6610
6611
6612
6613
-9.719039612037921 0.3846178114020709 0
-11.4554432672083 0.3846178114020709 0
-13.20938635390576 0.3846178114020708 0
-14.98104603324309 0.3846178114020708 0
-16.77060126812385 0.3846178114020709 0
-18.57823281813606 0.384617811402071 0
-20.40412326888406 0.3846178114020709 0
-22.24845706228903 0.3846178114020709 0
-24.11142049245036 0.3846178114020709 0
-25.99320172935012 0.3846178114020709 0
-27.89399085690435 0.3846178114020707 0
-29.81397987714774 0.3846178114020709 0
-31.7533627211956 0.3846178114020709 0
-33.7123352884874 0.3846178114020709 0
-35.69109545893041 0.3846178114020709 0
-37.68984310522756 0.3846178114020709 0
-39.70878012633915 0.3846178114020709 0
-41.74811045400075 0.3846178114020709 0
-43.80804007294434 0.3846178114020709 0
-45.88877706268671 0.3846178114020709 0
-47.99053159833917 0.3846178114020709 0
-50.11351597905517 0.3846178114020709 0
-52.25794465050966 0.3846178114020709 0
-54.42403421355374 0.3846178114020709 0
-56.61200346797405 0.3846178114020709 0
-58.82207342249601 0.3846178114020709 0
-61.05446731159503 0.3846178114020709 0
-63.30941063383504 0.3846178114020709 0
-65.58713116303223 0.3846178114020709 0
-67.88785897351963 0.3846178114020709 0
-70.2118264591593 0.3846178114020709 0
-72.55926835941875 0.3846178114020709 0
-74.93042179319056 0.3846178114020709 0
-77.32552627224484 0.3846178114020709 0
-79.74482372890807 0.3846178114020709 0
-82.18855853744789 0.3846178114020709 0
-84.65697753578264 0.3846178114020709 0
-87.15033005468914 0.3846178114020709 0
-89.66886795439586 0.3846178114020709 0
-92.21284563433379 0.3846178114020709 0
-94.78252005661764 0.3846178114020709 0
-97.37815078444658 0.3846178114020709 0
-9.719039612037921 0.5769289608765709 0
-11.4554432672083 0.5769289608765706 0
-13.20938635390575 0.5769289608765709 0
-14.98104603324309 0.5769289608765709 0
-16.77060126812385 0.5769289608765709 0
-18.57823281813606 0.5769289608765709 0
-20.40412326888406 0.5769289608765709 0
-22.24845706228903 0.5769289608765709 0
-24.11142049245036 0.5769289608765709 0
-25.99320172935012 0.5769289608765709 0
-27.89399085690435 0.5769289608765709 0
-29.81397987714774 0.5769289608765709 0
-31.7533627211956 0.5769289608765709 0
-33.7123352884874 0.5769289608765709 0
-35.69109545893041 0.5769289608765709 0
-37.68984310522757 0.5769289608765709 0
-39.70878012633915 0.5769289608765709 0
-41.74811045400076 0.5769289608765709 0
-43.80804007294434 0.5769289608765709 0
-45.88877706268671 0.5769289608765709 0
-47.99053159833917 0.5769289608765709 0
-50.11351597905517 0.5769289608765709 0
-52.25794465050966 0.5769289608765709 0
-54.42403421355375 0.5769289608765709 0
-56.61200346797406 0.5769289608765709 0
-58.822073422496 0.5769289608765709 0
-61.05446731159506 0.5769289608765709 0
-63.30941063383506 0.5769289608765709 0
-65.58713116303223 0.5769289608765709 0
-67.88785897351963 0.5769289608765709 0
-70.21182645915931 0.5769289608765709 0
-72.55926835941875 0.5769289608765709 0
-74.93042179319055 0.5769289608765709 0
-77.32552627224484 0.5769289608765709 0
-79.74482372890807 0.5769289608765709 0
-82.18855853744788 0.5769289608765709 0
-84.65697753578263 0.5769289608765709 0
-87.15033005468914 0.5769289608765709 0
-89.66886795439586 0.5769289608765709 0
-92.21284563433379 0.5769289608765709 0
-94.78252005661764 0.5769289608765709 0
-97.37815078444656 0.5769289608765709 0
-9.719039612037919 0.8516591729921712 0
-11.4554432672083 0.8516591729921718 0
-13.20938635390576 0.8516591729921713 0
-14.98104603324309 0.8516591729921714 0
-16.77060126812385 0.8516591729921714 0
-18.57823281813606 0.851659172992171 0
-20.40412326888406 0.8516591729921714 0
-22.24845706228903 0.8516591729921714 0
-24.11142049245036 0.8516591729921714 0
-25.99320172935012 0.8516591729921714 0
-27.89399085690435 0.8516591729921715 0
-29.81397987714774 0.8516591729921714 0
-31.7533627211956 0.8516591729921714 0
-33.7123352884874 0.8516591729921716 0
-35.69109545893041 0.8516591729921714 0
-37.68984310522757 0.8516591729921716 0
-39.70878012633915 0.8516591729921716 0
-41.74811045400075 0.8516591729921714 0
-43.80804007294434 0.8516591729921716 0
-45.88877706268671 0.8516591729921716 0
-47.99053159833917 0.8516591729921715 0
-50.11351597905517 0.8516591729921715 0
-52.25794465050966 0.8516591729921714 0
-54.42403421355375 0.8516591729921714 0
-56.61200346797406 0.8516591729921713 0
-58.822073422496 0.8516591729921713 0
-61.05446731159503 0.8516591729921715 0
-63.30941063383504 0.8516591729921713 0
-65.58713116303224 0.8516591729921714 0
-67.88785897351963 0.8516591729921714 0
-70.21182645915931 0.8516591729921715 0
-72.55926835941875 0.8516591729921714 0
-74.93042179319056 0.8516591729921714 0
-77.32552627224484 0.8516591729921714 0
-79.74482372890809 0.8516591729921714 0
-82.1885585374479 0.8516591729921714 0
-84.65697753578264 0.8516591729921714 0
-87.15033005468914 0.8516591729921713 0
-89.66886795439586 0.8516591729921714 0
-92.21284563433377 0.8516591729921714 0
-94.78252005661764 0.8516591729921714 0
-97.37815078444656 0.8516591729921714 0
-9.719039612037921 1.244130909695705 0
-11.4554432672083 1.244130909695705 0
-13.20938635390576 1.244130909695705 0
-14.98104603324309 1.244130909695705 0
-16.77060126812385 1.244130909695705 0
-18.57823281813606 1.244130909695705 0
-20.40412326888406 1.244130909695705 0
-22.24845706228903 1.244130909695705 0
-24.11142049245036 1.244130909695705 0
-25.99320172935012 1.244130909695705 0
-27.89399085690436 1.244130909695705 0
-29.81397987714774 1.244130909695705 0
-31.7533627211956 1.244130909695705 0
-33.7123352884874 1.244130909695705 0
-35.69109545893041 1.244130909695704 0
-37.68984310522757 1.244130909695705 0
-39.70878012633914 1.244130909695704 0
-41.74811045400075 1.244130909695705 0
-43.80804007294433 1.244130909695705 0
-45.88877706268673 1.244130909695705 0
-47.99053159833917 1.244130909695705 0
-50.11351597905517 1.244130909695705 0
-52.25794465050966 1.244130909695705 0
-54.42403421355375 1.244130909695705 0
-56.61200346797406 1.244130909695705 0
-58.82207342249599 1.244130909695705 0
-61.05446731159505 1.244130909695705 0
-63.30941063383506 1.244130909695705 0
-65.58713116303223 1.244130909695705 0
-67.88785897351963 1.244130909695705 0
-70.2118264591593 1.244130909695705 0
-72.55926835941875 1.244130909695705 0
-74.93042179319056 1.244130909695705 0
-77.32552627224484 1.244130909695705 0
-79.74482372890807 1.244130909695705 0
-82.18855853744789 1.244130909695705 0
-84.65697753578263 1.244130909695705 0
-87.15033005468914 1.244130909695705 0
-89.66886795439586 1.244130909695705 0
-92.2128456343338 1.244130909695705 0
-94.78252005661763 1.244130909695705 0
-97.37815078444656 1.244130909695705 0
-9.719039612037921 1.804804815302618 0
-11.4554432672083 1.804804815302618 0
-13.20938635390576 1.804804815302618 0
-14.98104603324309 1.804804815302618 0
-16.77060126812385 1.804804815302618 0
-18.57823281813606 1.804804815302618 0
-20.40412326888406 1.804804815302619 0
-22.24845706228903 1.804804815302618 0
-24.11142049245036 1.804804815302618 0
-25.99320172935012 1.804804815302618 0
-27.89399085690435 1.804804815302618 0
-29.81397987714774 1.804804815302618 0
-31.7533627211956 1.804804815302618 0
-33.7123352884874 1.804804815302618 0
-35.69109545893041 1.804804815302618 0
-37.68984310522756 1.804804815302618 0
-39.70878012633915 1.804804815302618 0
-41.74811045400076 1.804804815302618 0
-43.80804007294434 1.804804815302618 0
-45.88877706268671 1.804804815302618 0
-47.99053159833917 1.804804815302618 0
-50.11351597905517 1.804804815302618 0
-52.25794465050966 1.804804815302619 0
-54.42403421355375 1.804804815302618 0
-56.61200346797406 1.804804815302618 0
-58.82207342249598 1.804804815302618 0
-61.05446731159506 1.804804815302618 0
-63.30941063383504 1.804804815302619 0
-65.58713116303223 1.804804815302618 0
-67.88785897351963 1.804804815302618 0
-70.21182645915931 1.804804815302618 0
-72.55926835941875 1.804804815302618 0
-74.93042179319056 1.804804815302618 0
-77.32552627224484 1.804804815302618 0
-79.74482372890807 1.804804815302619 0
-82.18855853744789 1.804804815302618 0
-84.65697753578264 1.804804815302618 0
-87.15033005468914 1.804804815302618 0
-89.66886795439586 1.804804815302618 0
-92.21284563433377 1.804804815302618 0
-94.78252005661764 1.804804815302618 0
-97.37815078444656 1.804804815302618 0
-9.719039612037921 2.605767537186919 0
-11.4554432672083 2.605767537186918 0
-13.20938635390576 2.60576753718692 0
-14.98104603324309 2.605767537186919 0
-16.77060126812385 2.605767537186919 0
-18.57823281813606 2.605767537186919 0
-20.40412326888406 2.605767537186918 0
-22.24845706228903 2.605767537186919 0
-24.11142049245036 2.605767537186919 0
-25.99320172935012 2.605767537186919 0
-27.89399085690435 2.605767537186919 0
-29.81397987714774 2.605767537186919 0
-31.7533627211956 2.60576753718692 0
-33.7123352884874 2.605767537186919 0
-35.69109545893041 2.605767537186918 0
-37.68984310522756 2.605767537186919 0
-39.70878012633915 2.605767537186918 0
-41.74811045400075 2.605767537186918 0
-43.80804007294434 2.605767537186919 0
-45.88877706268672 2.605767537186919 0
-47.99053159833918 2.605767537186919 0
-50.11351597905517 2.605767537186919 0
-52.25794465050966 2.605767537186919 0
-54.42403421355374 2.605767537186919 0
-56.61200346797406 2.605767537186919 0
-58.82207342249599 2.605767537186919 0
-61.05446731159503 2.605767537186919 0
-63.30941063383504 2.605767537186919 0
-65.58713116303223 2.605767537186918 0
-67.88785897351963 2.605767537186918 0
-70.21182645915931 2.605767537186918 0
-72.55926835941875 2.60576753718692 0
-74.93042179319056 2.60576753718692 0
-77.32552627224484 2.605767537186919 0
-79.74482372890809 2.60576753718692 0
-82.18855853744789 2.605767537186919 0
-84.65697753578264 2.605767537186919 0
-87.15033005468914 2.605767537186919 0
-89.66886795439586 2.605767537186919 0
-92.21284563433377 2.60576753718692 0
-94.78252005661764 2.605767537186919 0
-97.37815078444656 2.60576753718692 0
2 5 0 1620
6614
6615
6616
6617
6618
6619
6620
6621
6622
6623
6624
6625
6626
6627
6628
6629
6630
6631
6632
6633
6634
6635
6636
6637
6638
6639
6640
6641
6642
6643
6644
6645
6646
6647
6648
6649
6650
6651
6652
6653
6654
6655
6656
6657
6658
6659
6660
6661
6662
6663
6664
6665
6666
6667
6668
6669
6670
6671
6672
6673
6674
6675
6676
6677
6678
6679
6680
6681
6682
6683
6684
6685
6686
6687
6688
6689
6690
6691
6692
6693
6694
6695
6696
6697
6698
6699
6700
6701
6702
6703
6704
6705
6706
6707
6708
6709
6710
6711
6712
6713
6714
6715
6716
6717
6718
6719
6720
6721
6722
6723
6724
6725
6726
6727
6728
6729
6730
6731
6732
6733
6734
6735
6736
6737
6738
6739
6740
6741
6742
6743
6744
6745
6746
6747
6748
6749
6750
6751
6752
6753
6754
6755
6756
6757
6758
6759
6760
6761
6762
6763
6764
6765
6766
6767
6768
6769
6770
6771
6772
6773
6774
6775
6776
6777
6778
6779
6780
6781
6782
6783
6784
6785
6786
6787
6788
6789
6790
6791
6792
6793
6794
6795
6796
6797
6798
6799
6800
6801
6802
6803
6804
6805
6806
6807
6808
6809
6810
6811
6812
6813
6814
6815
6816
6817
6818
6819
6820
6821
6822
6823
6824
6825
6826
6827
6828
6829
6830
6831
6832
6833
6834
6835
6836
6837
6838
6839
6840
6841
6842
6843
6844
6845
6846
6847
6848
6849
6850
6851
6852
6853
6854
6855
6856
6857
6858
6859
6860
6861
6862
6863
6864
6865
6866
6867
6868
6869
6870
6871
6872
6873
6874
6875
6876
6877
6878
6879
6880
6881
6882
6883
6884
6885
6886
6887
6888
6889
6890
6891
6892
6893
6894
6895
6896
6897
6898
6899
6900
6901
6902
6903
6904
6905
6906
6907
6908
6909
6910
6911
6912
6913
6914
6915
6916
6917
6918
6919
6920
6921
6922
6923
6924
6925
6926
6927
6928
6929
6930
6931
6932
6933
6934
6935
6936
6937
6938
6939
6940
6941
6942
6943
6944
6945
6946
6947
6948
6949
6950
6951
6952
6953
6954
6955
6956
6957
6958
6959
6960
6961
6962
6963
6964
6965
6966
6967
6968
6969
6970
6971
6972
6973
6974
6975
6976
6977
6978
6979
6980
6981
6982
6983
6984
6985
6986
6987
6988
6989
6990
6991
6992
6993
6994
6995
6996
6997
6998
6999
7000
7001
7002
7003
7004
7005
7006
7007
7008
7009
7010
7011
7012
7013
7014
7015
7016
7017
7018
7019
7020
7021
7022
7023
7024
7025
7026
7027
7028
7029
7030
7031
7032
7033
7034
7035
7036
7037
7038
7039
7040
7041
7042
7043
7044
7045
7046
7047
7048
7049
7050
7051
7052
7053
7054
7055
7056
7057
7058
7059
7060
7061
7062
7063
7064
7065
7066
7067
7068
7069
7070
7071
7072
7073
7074
7075
7076
7077
7078
7079
7080
7081
7082
7083
7084
7085
7086
7087
7088
7089
7090
7091
7092
7093
7094
7095
7096
7097
7098
7099
7100
7101
7102
7103
7104
7105
7106
7107
7108
7109
7110
7111
7112
7113
7114
7115
7116
7117
7118
7119
7120
7121
7122
7123
7124
7125
7126
7127
7128
7129
7130
7131
7132
7133
7134
7135
7136
7137
7138
7139
7140
7141
7142
7143
7144
7145
7146
7147
7148
7149
7150
7151
7152
7153
7154
7155
7156
7157
7158
7159
7160
7161
7162
7163
7164
7165
7166
7167
7168
7169
7170
7171
7172
7173
7174
7175
7176
7177
7178
7179
7180
7181
7182
7183
7184
7185
7186
7187
7188
7189
7190
7191
7192
7193
7194
7195
7196
7197
7198
7199
7200
7201
7202
7203
7204
7205
7206
7207
7208
7209
7210
7211
7212
7213
7214
7215
7216
7217
7218
7219
7220
7221
7222
7223
7224
7225
7226
7227
7228
7229
7230
7231
7232
7233
7234
7235
7236
7237
7238
7239
7240
7241
7242
7243
7244
7245
7246
7247
7248
7249
7250
7251
7252
7253
7254
7255
7256
7257
7258
7259
7260
7261
7262
7263
7264
7265
7266
7267
7268
7269
7270
7271
7272
7273
7274
7275
7276
7277
7278
7279
7280
7281
7282
7283
7284
7285
7286
7287
7288
7289
7290
7291
7292
7293
7294
7295
7296
7297
7298
7299
7300
7301
7302
7303
7304
7305
7306
7307
7308
7309
7310
7311
7312
7313
7314
7315
7316
7317
7318
7319
7320
7321
7322
7323
7324
7325
7326
7327
7328
7329
7330
7331
7332
7333
7334
7335
7336
7337
7338
7339
7340
7341
7342
7343
7344
7345
7346
7347
7348
7349
7350
7351
7352
7353
7354
7355
7356
7357
7358
7359
7360
7361
7362
7363
7364
7365
7366
7367
7368
7369
7370
7371
7372
7373
7374
7375
7376
7377
7378
7379
7380
7381
7382
7383
7384
7385
7386
7387
7388
7389
7390
7391
7392
7393
7394
7395
7396
7397
7398
7399
7400
7401
7402
7403
7404
7405
7406
7407
7408
7409
7410
7411
7412
7413
7414
7415
7416
7417
7418
7419
7420
7421
7422
7423
7424
7425
7426
7427
7428
7429
7430
7431
7432
7433
7434
7435
7436
7437
7438
7439
7440
7441
7442
7443
7444
7445
7446
7447
7448
7449
7450
7451
7452
7453
7454
7455
7456
7457
7458
7459
7460
7461
7462
7463
7464
7465
7466
7467
7468
7469
7470
7471
7472
7473
7474
7475
7476
7477
7478
7479
7480
7481
7482
7483
7484
7485
7486
7487
7488
7489
7490
7491
7492
7493
7494
7495
7496
7497
7498
7499
7500
7501
7502
7503
7504
7505
7506
7507
7508
7509
7510
7511
7512
7513
7514
7515
7516
7517
7518
7519
7520
7521
7522
7523
7524
7525
7526
7527
7528
7529
7530
7531
7532
7533
7534
7535
7536
7537
7538
7539
7540
7541
7542
7543
7544
7545
7546
7547
7548
7549
7550
7551
7552
7553
7554
7555
7556
7557
7558
7559
7560
7561
7562
7563
7564
7565
7566
7567
7568
7569
7570
7571
7572
7573
7574
7575
7576
7577
7578
7579
7580
7581
7582
7583
7584
7585
7586
7587
7588
7589
7590
7591
7592
7593
7594
7595
7596
7597
7598
7599
7600
7601
7602
7603
7604
7605
7606
7607
7608
7609
7610
7611
7612
7613
7614
7615
7616
7617
7618
7619
7620
7621
7622
7623
7624
7625
7626
7627
7628
7629
7630
7631
7632
7633
7634
7635
7636
7637
7638
7639
7640
7641
7642
7643
7644
7645
7646
7647
7648
7649
7650
7651
7652
7653
7654
7655
7656
7657
7658
7659
7660
7661
7662
7663
7664
7665
7666
7667
7668
7669
7670
7671
7672
7673
7674
7675
7676
7677
7678
7679
7680
7681
7682
7683
7684
7685
7686
7687
7688
7689
7690
7691
7692
7693
7694
7695
7696
7697
7698
7699
7700
7701
7702
7703
7704
7705
7706
7707
7708
7709
7710
7711
7712
7713
7714
7715
7716
7717
7718
7719
7720
7721
7722
7723
7724
7725
7726
7727
7728
7729
7730
7731
7732
7733
7734
7735
7736
7737
7738
7739
7740
7741
7742
7743
7744
7745
7746
7747
7748
7749
7750
7751
7752
7753
7754
7755
7756
7757
7758
7759
7760
7761
7762
7763
7764
7765
7766
7767
7768
7769
7770
7771
7772
7773
7774
7775
7776
7777
7778
7779
7780
7781
7782
7783
7784
7785
7786
7787
7788
7789
7790
7791
7792
7793
7794
7795
7796
7797
7798
7799
7800
7801
7802
7803
7804
7805
7806
7807
7808
7809
7810
7811
7812
7813
7814
7815
7816
7817
7818
7819
7820
7821
7822
7823
7824
7825
7826
7827
7828
7829
7830
7831
7832
7833
7834
7835
7836
7837
7838
7839
7840
7841
7842
7843
7844
7845
7846
7847
7848
7849
7850
7851
7852
7853
7854
7855
7856
7857
7858
7859
7860
7861
7862
7863
7864
7865
7866
7867
7868
7869
7870
7871
7872
7873
7874
7875
7876
7877
7878
7879
7880
7881
7882
7883
7884
7885
7886
7887
7888
7889
7890
7891
7892
7893
7894
7895
7896
7897
7898
7899
7900
7901
7902
7903
7904
7905
7906
7907
7908
7909
7910
7911
7912
7913
7914
7915
7916
7917
7918
7919
7920
7921
7922
7923
7924
7925
7926
7927
7928
7929
7930
7931
7932
7933
7934
7935
7936
7937
7938
7939
7940
7941
7942
7943
7944
7945
7946
7947
7948
7949
7950
7951
7952
7953
7954
7955
7956
7957
7958
7959
7960
7961
7962
7963
7964
7965
7966
7967
7968
7969
7970
7971
7972
7973
7974
7975
7976
7977
7978
7979
7980
7981
7982
7983
7984
7985
7986
7987
7988
7989
7990
7991
7992
7993
7994
7995
7996
7997
7998
7999
8000
8001
8002
8003
8004
8005
8006
8007
8008
8009
8010
8011
8012
8013
8014
8015
8016
8017
8018
8019
8020
8021
8022
8023
8024
8025
8026
8027
8028
8029
8030
8031
8032
8033
8034
8035
8036
8037
8038
8039
8040
8041
8042
8043
8044
8045
8046
8047
8048
8049
8050
8051
8052
8053
8054
8055
8056
8057
8058
8059
8060
8061
8062
8063
8064
8065
8066
8067
8068
8069
8070
8071
8072
8073
8074
8075
8076
8077
8078
8079
8080
8081
8082
8083
8084
8085
8086
8087
8088
8089
8090
8091
8092
8093
8094
8095
8096
8097
8098
8099
8100
8101
8102
8103
8104
8105
8106
8107
8108
8109
8110
8111
8112
8113
8114
8115
8116
8117
8118
8119
8120
8121
8122
8123
8124
8125
8126
8127
8128
8129
8130
8131
8132
8133
8134
8135
8136
8137
8138
8139
8140
8141
8142
8143
8144
8145
8146
8147
8148
8149
8150
8151
8152
8153
8154
8155
8156
8157
8158
8159
8160
8161
8162
8163
8164
8165
8166
8167
8168
8169
8170
8171
8172
8173
8174
8175
8176
8177
8178
8179
8180
8181
8182
8183
8184
8185
8186
8187
8188
8189
8190
8191
8192
8193
8194
8195
8196
8197
8198
8199
8200
8201
8202
8203
8204
8205
8206
8207
8208
8209
8210
8211
8212
8213
8214
8215
8216
8217
8218
8219
8220
8221
8222
8223
8224
8225
8226
8227
8228
8229
8230
8231
8232
8233
516.6887770841952 0.384617811248385 0
513.394110286161 0.3846178112494212 0
510.1159168219716 0.3846178112504522 0
506.8541143305626 0.3846178112514779 0
503.608620851871 0.3846178112524987 0
500.3793548412493 0.3846178112535142 0
497.166235165161 0.3846178112545247 0
493.9691810788981 0.38461781125553 0
490.7881122592711 0.3846178112565304 0
487.6229488003977 0.3846178112575258 0
484.4736111545811 0.3846178112585162 0
481.3400201838318 0.3846178112595018 0
478.2220971737549 0.3846178112604824 0
475.1197637746956 0.3846178112614579 0
472.0329420529915 0.3846178112624287 0
468.961554450001 0.3846178112633945 0
465.905523778654 0.3846178112643556 0
462.8647732560411 0.3846178112653119 0
459.8392264812786 0.3846178112662635 0
456.8288074499641 0.3846178112672102 0
453.8334405135403 0.3846178112681522 0
450.8530504125545 0.3846178112690894 0
447.8875622724582 0.384617811270022 0
444.9369015634248 0.38461781127095 0
442.0009941516971 0.3846178112718734 0
439.0797662772833 0.384617811272792 0
436.1731445504229 0.3846178112737061 0
433.2810559293388 0.3846178112746156 0
430.4034277353155 0.3846178112755205 0
427.5401876854453 0.3846178112764211 0
424.6912638524254 0.3846178112773169 0
421.8565846418315 0.3846178112782085 0
419.0360788270416 0.3846178112790954 0
416.2296755437973 0.3846178112799781 0
413.437304269284 0.3846178112808561 0
410.6588948550697 0.3846178112817299 0
407.8943774867247 0.3846178112825994 0
405.1436826989615 0.3846178112834645 0
402.4067413902461 0.384617811284325 0
399.6834847826819 0.3846178112851816 0
396.9738444554173 0.3846178112860336 0
394.2777523409616 0.3846178112868816 0
391.5951406851464 0.3846178112877253 0
388.9259420806107 0.3846178112885646 0
386.2700894631947 0.3846178112893999 0
383.627516108724 0.384617811290231 0
380.9981556294558 0.3846178112910579 0
378.3819419525414 0.3846178112918807 0
375.7788093350782 0.3846178112926993 0
373.1886923791872 0.3846178112935138 0
370.6115260101827 0.3846178112943243 0
368.0472454735082 0.3846178112951308 0
365.4957863497039 0.3846178112959331 0
362.9570845144598 0.3846178112967314 0
360.4310761907478 0.384617811297526 0
357.9176979083717 0.3846178112983163 0
355.416886501391 0.3846178112991027 0
352.9285791595915 0.3846178112998853 0
350.4527133702828 0.384617811300664 0
347.9892269152446 0.3846178113014388 0
345.5380578860687 0.3846178113022096 0
343.0991446993418 0.3846178113029766 0
340.6724260751031 0.3846178113037397 0
338.2578410338815 0.3846178113044991 0
335.8553289119492 0.3846178113052546 0
333.4648293582216 0.3846178113060064 0
331.0862823128063 0.3846178113067545 0
328.7196280041356 0.3846178113074987 0
326.3648069643077 0.3846178113082392 0
324.0217600260787 0.3846178113089762 0
321.6904283198758 0.3846178113097093 0
319.3707532708353 0.3846178113104387 0
317.0626765958591 0.3846178113111647 0
314.7661403006959 0.3846178113118869 0
312.481086695418 0.3846178113126055 0
310.2074583729868 0.3846178113133207 0
307.9451981882098 0.3846178113140319 0
305.6942492916552 0.38461781131474 0
303.4545551450311 0.3846178113154443 0
301.2260594814653 0.3846178113161451 0
299.0087062845451 0.3846178113168425 0
296.8024398406945 0.3846178113175362 0
294.607204736079 0.3846178113182267 0
292.4229458171534 0.3846178113189135 0
290.2496081879771 0.384617811319597 0
288.0871372442994 0.3846178113202771 0
285.935478652175 0.3846178113209538 0
283.7945783455264 0.384617811321627 0
281.6643825415472 0.3846178113222969 0
279.5448377197487 0.3846178113229635 0
277.4358906192134 0.3846178113236267 0
275.3374882544296 0.3846178113242867 0
273.2495779124029 0.3846178113249432 0
271.1721071317804 0.3846178113255966 0
269.1050237001869 0.3846178113262468 0
267.0482756701369 0.3846178113268935 0
265.001811374601 0.3846178113275371 0
262.9655794060239 0.3846178113281775 0
260.9395286137396 0.3846178113288146 0
258.9236080830297 0.3846178113294485 0
256.917767151135 0.3846178113300794 0
254.9219554229215 0.3846178113307072 0
252.9361227499851 0.3846178113313315 0
250.9602192281624 0.3846178113319529 0
248.9941952134442 0.3846178113325713 0
247.0380013193327 0.3846178113331865 0
245.0915883960334 0.3846178113337985 0
243.1549075464142 0.3846178113344076 0
241.2279101050504 0.3846178113350138 0
239.3105476544038 0.3846178113356166 0
237.4027720220959 0.3846178113362165 0
235.5045352603744 0.3846178113368135 0
233.6157896803543 0.3846178113374076 0
231.7364878311539 0.3846178113379987 0
229.8665824976071 0.3846178113385866 0
228.0060266978096 0.3846178113391717 0
226.1547736624923 0.3846178113397539 0
224.3127768879106 0.3846178113403332 0
222.4799900963257 0.3846178113409096 0
220.6563672341742 0.3846178113414831 0
218.8418624877079 0.3846178113420538 0
217.0364302626399 0.3846178113426216 0
215.2400252000036 0.3846178113431864 0
213.4526021740221 0.3846178113437485 0
211.674116271254 0.3846178113443079 0
209.9045227886806 0.3846178113448644 0
208.1437772680081 0.3846178113454181 0
206.3918354750461 0.3846178113459691 0
204.6486533974793 0.3846178113465175 0
202.9141872242795 0.3846178113470627 0
201.1883933804431 0.3846178113476055 0
199.4712285060678 0.3846178113481455 0
197.762649454559 0.3846178113486829 0
196.0626133084876 0.3846178113492175 0
194.3710773408957 0.3846178113497495 0
192.6879990499309 0.3846178113502788 0
191.0133361565626 0.3846178113508055 0
189.3470465841269 0.3846178113513296 0
187.6890884562594 0.3846178113518509 0
186.0394201132193 0.3846178113523696 0
184.3980001096695 0.3846178113528859 0
182.7647872126583 0.3846178113533995 0
181.1397403810575 0.3846178113539105 0
179.5228187821332 0.3846178113544191 0
177.9139817892043 0.3846178113549249 0
176.31318897987 0.3846178113554285 0
174.7204001336997 0.3846178113559293 0
173.1355752304905 0.3846178113564277 0
171.5586744479879 0.3846178113569236 0
169.9896581601731 0.3846178113574171 0
168.4284869533879 0.3846178113579081 0
166.8751216060943 0.3846178113583966 0
165.3295230868387 0.3846178113588826 0
163.7916525707899 0.3846178113593662 0
162.2614714191743 0.3846178113598474 0
160.7389411592781 0.3846178113603264 0
159.2240235375935 0.3846178113608026 0
157.716680517672 0.3846178113612767 0
156.2168742230531 0.3846178113617484 0
154.7245669540741 0.3846178113622177 0
153.2397212225145 0.3846178113626847 0
151.7622997129422 0.3846178113631493 0
150.2922652993802 0.3846178113636116 0
148.8295810616207 0.3846178113640716 0
147.3742102466133 0.3846178113645292 0
145.9261162851736 0.3846178113649847 0
144.4852628083461 0.3846178113654378 0
143.0516136087984 0.3846178113658887 0
141.6251326392687 0.3846178113663373 0
140.2057840658226 0.3846178113667837 0
138.7935322473661 0.3846178113672278 0
137.3883416973072 0.3846178113676698 0
135.9901771001759 0.3846178113681095 0
134.5990033098852 0.3846178113685469 0
133.2147853847508 0.3846178113689824 0
131.8374885486618 0.3846178113694154 0
130.4670781897479 0.3846178113698463 0
129.1035198950728 0.3846178113702752 0
127.7467793938365 0.3846178113707018 0
126.3968225926471 0.3846178113711264 0
125.0536155735037 0.3846178113715488 0
123.7171245923447 0.3846178113719692 0
122.3873160770568 0.3846178113723874 0
121.0641566076751 0.3846178113728035 0
119.7476129329753 0.3846178113732175 0
118.4376519688887 0.3846178113736295 0
117.1342408151202 0.3846178113740394 0
115.8373467166552 0.3846178113744473 0
114.5469370807712 0.384617811374853 0
113.2629794935076 0.3846178113752569 0
111.9854416997695 0.3846178113756585 0
110.7142916016326 0.3846178113760583 0
109.4494972568447 0.3846178113764561 0
108.1910268771551 0.3846178113768518 0
106.9388488452143 0.3846178113772457 0
105.6929317128896 0.3846178113776375 0
104.4532441623348 0.3846178113780274 0
103.2197550427629 0.3846178113784152 0
101.9924333671877 0.3846178113788012 0
100.7712482933667 0.3846178113791853 0
99.55616914044015 0.3846178113795674 0
98.34716538735644 0.3846178113799475 0
97.14420665293268 0.3846178113803259 0
95.94726271286088 0.3846178113807024 0
94.75630349798158 0.3846178113810769 0
93.57129907456451 0.3846178113814496 0
92.39221967953785 0.3846178113818204 0
91.21903568204829 0.3846178113821893 0
90.05171760070746 0.3846178113825565 0
88.89023612011259 0.3846178113829217 0
87.7345620528086 0.3846178113832851 0
86.58466635619922 0.3846178113836468 0
85.44052013109501 0.3846178113840066 0
84.30209463864668 0.3846178113843647 0
83.16936128035657 0.3846178113847208 0
82.04229157846956 0.3846178113850753 0
80.92085721131257 0.3846178113854281 0
79.80503001171296 0.3846178113857789 0
78.69478194723698 0.3846178113861281 0
77.59008513718808 0.3846178113864754 0
76.49091181430826 0.3846178113868212 0
75.39723434216538 0.3846178113871651 0
74.30902526856244 0.3846178113875073 0
73.22625725052194 0.3846178113878478 0
72.14890307170475 0.3846178113881867 0
71.07693565910179 0.3846178113885239 0
70.01032808191471 0.3846178113888592 0
68.94905354989402 0.3846178113891929 0
67.893085393866 0.384617811389525 0
66.84239708264971 0.3846178113898555 0
65.7969622034196 0.3846178113901842 0
64.75675449720063 0.3846178113905113 0
63.72174783888275 0.3846178113908368 0
62.69191619942337 0.3846178113911609 0
61.6672337181209 0.384617811391483 0
60.64767466410016 0.3846178113918036 0
59.63321339872854 0.3846178113921228 0
58.62382442936054 0.3846178113924401 0
57.6194824079685 0.384617811392756 0
56.62016209303568 0.3846178113930702 0
55.62583836694898 0.3846178113933829 0
54.63648627122347 0.3846178113936941 0
53.6520809500493 0.3846178113940036 0
52.67259764933907 0.3846178113943117 0
51.69801175216435 0.3846178113946181 0
50.72829877745298 0.3846178113949231 0
49.7634343786962 0.3846178113952265 0
48.80339430591641 0.3846178113955284 0
47.848154423135 0.3846178113958288 0
46.89769074367098 0.3846178113961277 0
45.95197939213608 0.3846178113964253 0
45.01099660337157 0.3846178113967211 0
44.0747187212099 0.3846178113970156 0
43.14312221580315 0.3846178113973086 0
42.21618370059274 0.3846178113976001 0
41.29387987597495 0.3846178113978901 0
40.37618756521496 0.3846178113981787 0
39.4630837312586 0.3846178113984658 0
38.55454542060858 0.3846178113987516 0
37.65054979908047 0.3846178113990359 0
36.75107415045017 0.3846178113993187 0
35.85609587547871 0.3846178113996003 0
34.96559249057713 0.3846178113998803 0
34.07954162684838 0.384617811400159 0
33.19792102876929 0.3846178114004362 0
32.3207085348753 0.3846178114007121 0
31.44788209501729 0.3846178114009866 0
30.57941978762707 0.3846178114012597 0
29.71529980005863 0.3846178114015314 0
28.85550040930597 0.3846178114018018 0
516.6887770851822 0.5769289604374694 0
513.3941102871256 0.57692896044043 0
510.1159168229153 0.5769289604433754 0
506.8541143314862 0.5769289604463061 0
503.608620852775 0.5769289604492224 0
500.3793548421336 0.5769289604521242 0
497.1662351660259 0.576928960455011 0
493.9691810797439 0.5769289604578838 0
490.7881122600976 0.5769289604607422 0
487.6229488012044 0.5769289604635861 0
484.4736111553671 0.5769289604664156 0
481.3400201845974 0.5769289604692317 0
478.2220971745 0.5769289604720327 0
475.1197637754207 0.5769289604748205 0
472.0329420536964 0.576928960477594 0
468.961554450686 0.5769289604803538 0
465.9055237793197 0.5769289604830998 0
462.8647732566874 0.576928960485832 0
459.8392264819055 0.5769289604885506 0
456.828807450573 0.5769289604912553 0
453.8334405141309 0.5769289604939469 0
450.853050413126 0.576928960496625 0
447.8875622730114 0.5769289604992893 0
444.9369015639597 0.5769289605019409 0
442.0009941522137 0.5769289605045788 0
439.0797662777819 0.5769289605072034 0
436.1731445509034 0.5769289605098153 0
433.2810559298018 0.5769289605124139 0
430.403427735761 0.5769289605149994 0
427.5401876858735 0.5769289605175724 0
424.6912638528352 0.576928960520132 0
421.8565846422251 0.5769289605226788 0
419.0360788274186 0.5769289605252135 0
416.2296755441573 0.576928960527735 0
413.4373042696274 0.5769289605302439 0
410.6588948553968 0.5769289605327406 0
407.8943774870355 0.5769289605352244 0
405.143682699256 0.5769289605376959 0
402.4067413905248 0.5769289605401553 0
399.6834847829447 0.5769289605426022 0
396.9738444556644 0.576928960545037 0
394.2777523411931 0.5769289605474595 0
391.5951406853627 0.57692896054987 0
388.9259420808119 0.5769289605522681 0
386.2700894633808 0.5769289605546546 0
383.6275161088951 0.5769289605570289 0
380.998155629612 0.5769289605593915 0
378.3819419526831 0.5769289605617423 0
375.7788093352054 0.5769289605640813 0
373.1886923793001 0.5769289605664085 0
370.6115260102815 0.5769289605687242 0
368.0472454735927 0.5769289605710284 0
365.4957863497745 0.576928960573321 0
362.9570845145166 0.5769289605756021 0
360.431076190791 0.5769289605778717 0
357.9176979084012 0.57692896058013 0
355.4168865014073 0.5769289605823769 0
352.9285791595947 0.5769289605846128 0
350.4527133702728 0.5769289605868375 0
347.9892269152214 0.576928960589051 0
345.5380578860326 0.5769289605912535 0
343.0991446992931 0.5769289605934449 0
340.6724260750418 0.5769289605956254 0
338.2578410338078 0.576928960597795 0
335.8553289118631 0.5769289605999537 0
333.4648293581233 0.5769289606021015 0
331.086282312696 0.5769289606042389 0
328.7196280040132 0.5769289606063652 0
326.3648069641735 0.5769289606084813 0
324.0217600259327 0.5769289606105865 0
321.6904283197183 0.5769289606126813 0
319.3707532706662 0.5769289606147656 0
317.0626765956787 0.5769289606168395 0
314.7661403005043 0.576928960618903 0
312.4810866952151 0.5769289606209562 0
310.207458372773 0.576928960622999 0
307.9451981879851 0.5769289606250319 0
305.6942492914196 0.5769289606270545 0
303.4545551447848 0.5769289606290668 0
301.2260594812085 0.576928960631069 0
299.0087062842778 0.5769289606330616 0
296.8024398404169 0.576928960635044 0
294.6072047357912 0.5769289606370166 0
292.4229458168556 0.5769289606389789 0
290.2496081876693 0.5769289606409319 0
288.0871372439815 0.5769289606428747 0
285.9354786518473 0.5769289606448084 0
283.794578345189 0.5769289606467317 0
281.6643825412003 0.5769289606486458 0
279.5448377193922 0.5769289606505503 0
277.4358906188476 0.5769289606524453 0
275.3374882540545 0.5769289606543306 0
273.2495779120186 0.5769289606562069 0
271.1721071313871 0.5769289606580736 0
269.1050236997846 0.5769289606599308 0
267.0482756697257 0.5769289606617789 0
265.001811374181 0.5769289606636177 0
262.9655794055952 0.5769289606654473 0
260.9395286133023 0.5769289606672676 0
258.9236080825841 0.5769289606690793 0
256.917767150681 0.5769289606708814 0
254.9219554224587 0.5769289606726749 0
252.9361227495135 0.5769289606744592 0
250.9602192276821 0.5769289606762344 0
248.9941952129553 0.576928960678001 0
247.0380013188352 0.5769289606797587 0
245.0915883955275 0.5769289606815076 0
243.1549075458999 0.5769289606832477 0
241.2279101045279 0.5769289606849792 0
239.3105476538732 0.5769289606867021 0
237.4027720215572 0.5769289606884163 0
235.5045352598277 0.5769289606901218 0
233.6157896797998 0.5769289606918189 0
231.7364878305916 0.5769289606935075 0
229.8665824970371 0.5769289606951877 0
228.006026697232 0.5769289606968595 0
226.1547736619072 0.5769289606985228 0
224.3127768873181 0.576928960700178 0
222.4799900957259 0.5769289607018249 0
220.6563672335671 0.5769289607034633 0
218.8418624870937 0.5769289607050938 0
217.0364302620186 0.5769289607067161 0
215.2400251993753 0.5769289607083301 0
213.452602173387 0.5769289607099362 0
211.674116270612 0.5769289607115342 0
209.904522788032 0.5769289607131243 0
208.1437772673528 0.5769289607147063 0
206.3918354743843 0.5769289607162804 0
204.648653396811 0.5769289607178467 0
202.9141872236048 0.5769289607194052 0
201.1883933797621 0.576928960720956 0
199.4712285053806 0.576928960722499 0
197.7626494538657 0.576928960724034 0
196.0626133077882 0.5769289607255617 0
194.3710773401903 0.5769289607270816 0
192.6879990492195 0.5769289607285937 0
191.0133361558454 0.5769289607300987 0
189.3470465834039 0.5769289607315957 0
187.6890884555307 0.5769289607330854 0
186.0394201124851 0.5769289607345678 0
184.3980001089297 0.5769289607360426 0
182.764787211913 0.5769289607375101 0
181.1397403803069 0.5769289607389703 0
179.5228187813772 0.5769289607404231 0
177.9139817884431 0.5769289607418686 0
176.3131889791036 0.576928960743307 0
174.7204001329281 0.5769289607447383 0
173.135575229714 0.5769289607461623 0
171.5586744472063 0.5769289607475792 0
169.9896581593867 0.5769289607489889 0
168.4284869525967 0.5769289607503918 0
166.8751216052983 0.5769289607517876 0
165.329523086038 0.5769289607531762 0
163.7916525699846 0.576928960754558 0
162.2614714183644 0.5769289607559329 0
160.7389411584638 0.576928960757301 0
159.2240235367748 0.5769289607586621 0
157.7166805168489 0.5769289607600165 0
156.2168742222258 0.5769289607613644 0
154.7245669532425 0.5769289607627051 0
153.2397212216788 0.5769289607640393 0
151.7622997121022 0.5769289607653669 0
150.2922652985362 0.5769289607666876 0
148.8295810607727 0.5769289607680019 0
147.3742102457613 0.5769289607693096 0
145.9261162843179 0.5769289607706107 0
144.4852628074887 0.5769289607719055 0
143.0516136079351 0.5769289607731936 0
141.6251326384016 0.5769289607744754 0
140.2057840649519 0.5769289607757506 0
138.793532246492 0.5769289607770196 0
137.3883416964295 0.5769289607782822 0
135.9901770992948 0.5769289607795385 0
134.5990033090006 0.5769289607807886 0
133.2147853838628 0.5769289607820323 0
131.8374885477706 0.5769289607832697 0
130.4670781888534 0.5769289607845012 0
129.1035198941752 0.5769289607857262 0
127.7467793929357 0.5769289607869454 0
126.3968225917433 0.5769289607881585 0
125.0536155725969 0.5769289607893653 0
123.7171245914349 0.5769289607905661 0
122.3873160761441 0.5769289607917611 0
121.0641566067595 0.57692896079295 0
119.7476129320569 0.5769289607941328 0
118.4376519679676 0.5769289607953101 0
117.1342408141964 0.5769289607964811 0
115.8373467157287 0.5769289607976464 0
114.546937079842 0.576928960798806 0
113.2629794925759 0.5769289607999595 0
111.9854416988352 0.5769289608011074 0
110.7142916006959 0.5769289608022496 0
109.4494972559056 0.5769289608033861 0
108.1910268762138 0.5769289608045169 0
106.9388488442706 0.5769289608056418 0
105.692931711946 0.5769289608067614 0
104.4532441613865 0.5769289608078754 0
103.2197550418124 0.5769289608089836 0
101.9924333662352 0.5769289608100865 0
100.771248292412 0.5769289608111836 0
99.55616913948342 0.5769289608122754 0
98.34716538639771 0.5769289608133619 0
97.14420665197201 0.5769289608144428 0
95.94726271189828 0.5769289608155181 0
94.75630349701709 0.5769289608165884 0
93.57129907359823 0.5769289608176531 0
92.39221967856977 0.5769289608187127 0
91.21903568107848 0.5769289608197667 0
90.05171759973595 0.5769289608208155 0
88.89023611913942 0.5769289608218591 0
87.73456205183379 0.5769289608228976 0
86.58466635522284 0.5769289608239307 0
85.44052013011708 0.5769289608249588 0
84.30209463766727 0.5769289608259818 0
83.16936127937571 0.5769289608269994 0
82.04229157748725 0.5769289608280124 0
80.92085721032888 0.57692896082902 0
79.80503001072795 0.5769289608300225 0
78.69478194625069 0.5769289608310202 0
77.59008513620049 0.5769289608320127 0
76.49091181331944 0.5769289608330004 0
75.39723434117536 0.5769289608339832 0
74.30902526757127 0.5769289608349608 0
73.22625724952965 0.5769289608359338 0
72.14890307071138 0.5769289608369017 0
71.07693565810742 0.5769289608378649 0
70.01032808091932 0.5769289608388233 0
68.94905354889764 0.576928960839777 0
67.8930853928687 0.5769289608407258 0
66.84239708165148 0.5769289608416699 0
65.7969622024205 0.5769289608426091 0
64.7567544962007 0.5769289608435437 0
63.72174783788202 0.5769289608444739 0
62.69191619842187 0.5769289608453991 0
61.66723371711863 0.5769289608463199 0
60.6476746630972 0.5769289608472361 0
59.6332133977249 0.5769289608481474 0
58.62382442835623 0.5769289608490544 0
57.6194824069636 0.5769289608499568 0
56.6201620920302 0.5769289608508548 0
55.62583836594295 0.5769289608517483 0
54.63648627021691 0.5769289608526371 0
53.65208094904226 0.5769289608535217 0
52.67259764833157 0.5769289608544019 0
51.69801175115641 0.5769289608552777 0
50.72829877644463 0.5769289608561488 0
49.7634343776875 0.5769289608570158 0
48.80339430490736 0.5769289608578785 0
47.84815442212563 0.5769289608587367 0
46.89769074266135 0.5769289608595908 0
45.95197939112619 0.5769289608604407 0
45.01099660236144 0.576928960861286 0
44.07471872019954 0.5769289608621273 0
43.14312221479261 0.5769289608629644 0
42.21618369958209 0.5769289608637971 0
41.29387987496416 0.5769289608646258 0
40.37618756420409 0.5769289608654504 0
39.46308373024767 0.5769289608662709 0
38.55454541959759 0.5769289608670873 0
37.65054979806946 0.5769289608678996 0
36.75107414943918 0.5769289608687078 0
35.85609587446775 0.5769289608695121 0
34.9655924895662 0.5769289608703121 0
34.07954162583753 0.5769289608711081 0
33.19792102775854 0.5769289608719004 0
32.32070853386469 0.5769289608726886 0
31.44788209400683 0.5769289608734729 0
30.5794197866168 0.5769289608742532 0
29.71529979904856 0.5769289608750297 0
28.85550040829613 0.5769289608758021 0
516.6887770865923 0.8516591720512406 0
513.3941102885035 0.8516591720575846 0
510.1159168242633 0.8516591720638965 0
506.8541143328058 0.8516591720701767 0
503.6086208540663 0.8516591720764255 0
500.379354843397 0.8516591720826431 0
497.1662351672616 0.8516591720888299 0
493.969181080952 0.8516591720949857 0
490.7881122612787 0.8516591721011105 0
487.6229488023568 0.8516591721072047 0
484.4736111564899 0.8516591721132682 0
481.3400201856908 0.8516591721193021 0
478.2220971755646 0.8516591721253052 0
475.1197637764564 0.8516591721312784 0
472.0329420547037 0.8516591721372222 0
468.961554451665 0.8516591721431355 0
465.9055237802706 0.8516591721490196 0
462.8647732576105 0.8516591721548745 0
459.8392264828012 0.8516591721606999 0
456.8288074514431 0.8516591721664964 0
453.8334405149743 0.8516591721722638 0
450.8530504139429 0.8516591721780021 0
447.8875622738015 0.851659172183712 0
444.9369015647236 0.8516591721893932 0
442.0009941529517 0.8516591721950462 0
439.079766278494 0.8516591722006706 0
436.17314455159 0.8516591722062673 0
433.2810559304632 0.8516591722118356 0
430.4034277363971 0.8516591722173761 0
427.5401876864848 0.8516591722228893 0
424.6912638534207 0.8516591722283744 0
421.8565846427878 0.8516591722338325 0
419.0360788279569 0.8516591722392631 0
416.2296755446717 0.8516591722446668 0
413.4373042701181 0.8516591722500433 0
410.6588948558639 0.8516591722553927 0
407.8943774874795 0.8516591722607157 0
405.143682699677 0.8516591722660118 0
402.4067413909229 0.8516591722712816 0
399.6834847833203 0.8516591722765248 0
396.9738444560178 0.8516591722817423 0
394.2777523415242 0.8516591722869333 0
391.5951406856716 0.8516591722920982 0
388.9259420810993 0.8516591722972376 0
386.2700894636468 0.8516591723023516 0
383.6275161091396 0.8516591723074394 0
380.9981556298355 0.8516591723125021 0
378.3819419528856 0.8516591723175393 0
375.7788093353872 0.8516591723225516 0
373.1886923794613 0.8516591723275385 0
370.6115260104224 0.8516591723325004 0
368.0472454737138 0.8516591723374379 0
365.4957863498754 0.8516591723423508 0
362.9570845145979 0.8516591723472388 0
360.4310761908529 0.8516591723521025 0
357.9176979084438 0.8516591723569414 0
355.4168865014306 0.8516591723617568 0
352.928579159599 0.8516591723665481 0
350.4527133702584 0.8516591723713147 0
347.9892269151886 0.851659172376058 0
345.5380578859814 0.8516591723807776 0
343.0991446992236 0.8516591723854735 0
340.6724260749544 0.8516591723901459 0
338.2578410337025 0.851659172394795 0
335.8553289117402 0.8516591723994211 0
333.4648293579827 0.8516591724040237 0
331.0862823125382 0.8516591724086034 0
328.7196280038385 0.85165917241316 0
326.3648069639817 0.851659172417694 0
324.0217600257241 0.8516591724222057 0
321.6904283194932 0.8516591724266944 0
319.3707532704248 0.8516591724311606 0
317.062676595421 0.8516591724356046 0
314.7661403002305 0.8516591724400266 0
312.4810866949255 0.8516591724444261 0
310.2074583724676 0.8516591724488038 0
307.9451981876641 0.8516591724531595 0
305.6942492910831 0.8516591724574936 0
303.454555144433 0.8516591724618058 0
301.2260594808417 0.8516591724660968 0
299.0087062838959 0.8516591724703662 0
296.8024398400203 0.8516591724746139 0
294.6072047353801 0.8516591724788409 0
292.4229458164299 0.8516591724830465 0
290.2496081872292 0.8516591724872311 0
288.0871372435274 0.8516591724913947 0
285.9354786513794 0.8516591724955376 0
283.7945783447071 0.8516591724996598 0
281.6643825407047 0.8516591725037612 0
279.5448377188832 0.8516591725078422 0
277.4358906183251 0.8516591725119029 0
275.3374882535185 0.851659172515943 0
273.2495779114697 0.8516591725199631 0
271.1721071308252 0.8516591725239633 0
269.1050236992099 0.8516591725279432 0
267.0482756691383 0.8516591725319034 0
265.001811373581 0.8516591725358436 0
262.9655794049829 0.8516591725397644 0
260.9395286126777 0.8516591725436653 0
258.9236080819473 0.8516591725475468 0
256.9177671500323 0.8516591725514089 0
254.9219554217977 0.8516591725552516 0
252.9361227488398 0.8516591725590752 0
250.9602192269959 0.8516591725628795 0
248.9941952122568 0.8516591725666652 0
247.0380013181245 0.8516591725704314 0
245.0915883948048 0.8516591725741791 0
243.1549075451653 0.8516591725779081 0
241.2279101037814 0.8516591725816184 0
239.3105476531152 0.85165917258531 0
237.4027720207876 0.8516591725889833 0
235.5045352590468 0.8516591725926381 0
233.6157896790075 0.8516591725962747 0
231.7364878297883 0.8516591725998932 0
229.8665824962228 0.8516591726034934 0
228.0060266964068 0.851659172607076 0
226.1547736610714 0.8516591726106404 0
224.3127768864717 0.8516591726141871 0
222.479990094869 0.8516591726177158 0
220.6563672326999 0.8516591726212271 0
218.8418624862162 0.8516591726247208 0
217.036430261131 0.8516591726281972 0
215.2400251984778 0.8516591726316558 0
213.4526021724797 0.8516591726350975 0
211.674116269695 0.8516591726385219 0
209.9045227871053 0.8516591726419289 0
208.1437772664166 0.8516591726453191 0
206.3918354734387 0.8516591726486924 0
204.6486533958562 0.8516591726520488 0
202.914187222641 0.8516591726553885 0
201.1883933787892 0.8516591726587111 0
199.4712285043988 0.8516591726620175 0
197.7626494528751 0.8516591726653071 0
196.0626133067889 0.8516591726685805 0
194.3710773391824 0.8516591726718374 0
192.6879990482033 0.851659172675078 0
191.0133361548207 0.8516591726783025 0
189.347046582371 0.8516591726815108 0
187.6890884544898 0.8516591726847031 0
186.039420111436 0.8516591726878792 0
184.3980001078728 0.8516591726910399 0
182.7647872108483 0.8516591726941843 0
181.1397403792346 0.8516591726973134 0
179.5228187802972 0.8516591727004266 0
177.9139817873556 0.8516591727035241 0
176.3131889780087 0.8516591727066065 0
174.720400131826 0.8516591727096732 0
173.1355752286046 0.8516591727127245 0
171.55867444609 0.8516591727157611 0
169.9896581582632 0.8516591727187819 0
168.4284869514663 0.8516591727217877 0
166.8751216041612 0.8516591727247786 0
165.3295230848942 0.8516591727277545 0
163.7916525688341 0.8516591727307157 0
162.2614714172075 0.8516591727336618 0
160.7389411573004 0.8516591727365932 0
159.2240235356051 0.85165917273951 0
157.716680515673 0.8516591727424125 0
156.2168742210438 0.8516591727453 0
154.7245669520544 0.8516591727481737 0
153.2397212204847 0.8516591727510325 0
151.7622997109023 0.8516591727538771 0
150.2922652973305 0.8516591727567074 0
148.8295810595613 0.8516591727595237 0
147.3742102445444 0.8516591727623259 0
145.9261162830953 0.8516591727651144 0
144.4852628062638 0.8516591727678884 0
143.0516136067018 0.8516591727706491 0
141.6251326371631 0.8516591727733955 0
140.2057840637081 0.8516591727761282 0
138.793532245243 0.8516591727788474 0
137.3883416951755 0.8516591727815529 0
135.990177098036 0.8516591727842453 0
134.5990033077369 0.8516591727869236 0
133.2147853825944 0.8516591727895887 0
131.8374885464974 0.8516591727922407 0
130.4670781875757 0.8516591727948795 0
129.1035198928928 0.8516591727975048 0
127.7467793916489 0.851659172800117 0
126.3968225904521 0.8516591728027163 0
125.0536155713014 0.8516591728053026 0
123.7171245901351 0.8516591728078761 0
122.3873160748402 0.8516591728104363 0
121.0641566054515 0.8516591728129841 0
119.7476129307449 0.851659172815519 0
118.4376519666516 0.8516591728180409 0
117.1342408128766 0.8516591728205507 0
115.8373467144051 0.8516591728230476 0
114.5469370785147 0.8516591728255324 0
113.2629794912449 0.8516591728280045 0
111.9854416975007 0.8516591728304643 0
110.7142915993578 0.8516591728329116 0
109.4494972545641 0.8516591728353471 0
108.1910268748688 0.8516591728377699 0
106.9388488429224 0.8516591728401809 0
105.6929317105979 0.8516591728425801 0
104.4532441600319 0.8516591728449669 0
103.2197550404546 0.851659172847342 0
101.9924333648743 0.851659172849705 0
100.7712482910482 0.8516591728520564 0
99.55616913811667 0.8516591728543959 0
98.34716538502815 0.8516591728567238 0
97.14420665059966 0.8516591728590399 0
95.94726271052316 0.8516591728613445 0
94.7563034956393 0.8516591728636376 0
93.57129907221781 0.8516591728659191 0
92.3922196771868 0.8516591728681893 0
91.21903567969304 0.8516591728704483 0
90.05171759834805 0.8516591728726958 0
88.89023611774915 0.8516591728749323 0
87.73456205044123 0.8516591728771572 0
86.58466635382801 0.8516591728793715 0
85.44052012872007 0.8516591728815743 0
84.30209463626812 0.8516591728837662 0
83.16936127797446 0.8516591728859473 0
82.04229157608401 0.8516591728881173 0
80.92085720892364 0.8516591728902765 0
79.8050300093208 0.851659172892425 0
78.69478194484165 0.8516591728945628 0
77.59008513478963 0.8516591728966898 0
76.49091181190686 0.8516591728988061 0
75.39723433976107 0.8516591729009121 0
74.30902526615534 0.8516591729030072 0
73.22625724811212 0.8516591729050917 0
72.14890306929232 0.8516591729071661 0
71.07693565668684 0.8516591729092302 0
70.0103280794973 0.8516591729112839 0
68.94905354747422 0.8516591729133274 0
67.89308539144393 0.8516591729153603 0
66.84239708022547 0.8516591729173838 0
65.79696220099321 0.8516591729193965 0
64.7567544947722 0.8516591729213991 0
63.72174783645237 0.8516591729233922 0
62.69191619699113 0.8516591729253751 0
61.66723371568683 0.8516591729273479 0
60.64767466166437 0.851659172929311 0
59.63321339629113 0.8516591729312641 0
58.62382442692152 0.8516591729332077 0
57.61948240552802 0.8516591729351415 0
56.62016209059378 0.8516591729370657 0
55.62583836450575 0.8516591729389802 0
54.63648626877897 0.8516591729408849 0
53.65208094760364 0.8516591729427803 0
52.67259764689227 0.8516591729446663 0
51.6980117497165 0.8516591729465428 0
50.72829877500415 0.85165917294841 0
49.76343437624649 0.8516591729502677 0
48.80339430346586 0.8516591729521162 0
47.84815442068368 0.8516591729539553 0
46.89769074121899 0.8516591729557854 0
45.95197938968347 0.8516591729576064 0
45.01099660091841 0.8516591729594181 0
44.07471871875619 0.8516591729612208 0
43.14312221334902 0.8516591729630146 0
42.21618369813827 0.8516591729647993 0
41.2938798735202 0.851659172966575 0
40.37618756275997 0.8516591729683419 0
39.46308372880345 0.8516591729701002 0
38.55454541815332 0.8516591729718495 0
37.65054979662518 0.8516591729735901 0
36.75107414799488 0.8516591729753217 0
35.85609587302349 0.8516591729770453 0
34.96559248812204 0.8516591729787599 0
34.07954162439346 0.8516591729804657 0
33.19792102631462 0.8516591729821632 0
32.32070853242096 0.8516591729838524 0
31.44788209256332 0.8516591729855326 0
30.57941978517354 0.8516591729872049 0
29.7152997976056 0.8516591729888687 0
28.85550040685349 0.8516591729905243 0
516.6887770886067 1.244130907903455 0
513.3941102904721 1.244130907915539 0
510.115916826189 1.244130907927561 0
506.8541143346907 1.244130907939524 0
503.608620855911 1.244130907951426 0
500.3793548452018 1.24413090796327 0
497.1662351690268 1.244130907975054 0
493.9691810826777 1.244130907986778 0
490.7881122629657 1.244130907998445 0
487.6229488040033 1.244130908010053 0
484.4736111580941 1.244130908021604 0
481.3400201872531 1.244130908033096 0
478.2220971770853 1.244130908044531 0
475.119763777936 1.244130908055908 0
472.0329420561425 1.244130908067229 0
468.9615544530635 1.244130908078493 0
465.9055237816289 1.244130908089701 0
462.8647732589293 1.244130908100853 0
459.8392264840805 1.244130908111949 0
456.8288074526856 1.24413090812299 0
453.8334405161794 1.244130908133975 0
450.8530504151098 1.244130908144905 0
447.8875622749306 1.244130908155781 0
444.936901565815 1.244130908166603 0
442.0009941540058 1.24413090817737 0
439.0797662795113 1.244130908188084 0
436.173144552571 1.244130908198744 0
433.2810559314078 1.244130908209351 0
430.4034277373062 1.244130908219904 0
427.5401876873582 1.244130908230405 0
424.6912638542567 1.244130908240852 0
421.8565846435912 1.24413090825125 0
419.0360788287259 1.244130908261593 0
416.2296755454066 1.244130908271885 0
413.4373042708191 1.244130908282127 0
410.6588948565314 1.244130908292316 0
407.8943774881135 1.244130908302455 0
405.1436827002784 1.244130908312543 0
402.4067413914917 1.244130908322581 0
399.6834847838567 1.244130908332568 0
396.9738444565222 1.244130908342506 0
394.277752341997 1.244130908352393 0
391.5951406861132 1.244130908362232 0
388.9259420815097 1.244130908372022 0
386.2700894640265 1.244130908381761 0
383.6275161094889 1.244130908391453 0
380.9981556301546 1.244130908401097 0
378.3819419531749 1.244130908410691 0
375.7788093356469 1.244130908420238 0
373.1886923796917 1.244130908429737 0
370.6115260106238 1.244130908439189 0
368.0472454738863 1.244130908448593 0
365.4957863500197 1.24413090845795 0
362.957084514714 1.244130908467261 0
360.4310761909411 1.244130908476525 0
357.9176979085042 1.244130908485743 0
355.4168865014638 1.244130908494915 0
352.9285791596052 1.24413090850404 0
350.452713370238 1.24413090851312 0
347.9892269151417 1.244130908522155 0
345.5380578859081 1.244130908531145 0
343.0991446991244 1.244130908540089 0
340.6724260748293 1.244130908548989 0
338.257841033552 1.244130908557845 0
335.8553289115646 1.244130908566656 0
333.4648293577822 1.244130908575423 0
331.086282312313 1.244130908584146 0
328.7196280035887 1.244130908592826 0
326.3648069637077 1.244130908601462 0
324.0217600254261 1.244130908610055 0
321.6904283191716 1.244130908618605 0
319.3707532700797 1.244130908627112 0
317.0626765950528 1.244130908635578 0
314.7661402998394 1.244130908644 0
312.4810866945115 1.24413090865238 0
310.2074583720312 1.244130908660718 0
307.9451981872054 1.244130908669015 0
305.6942492906022 1.24413090867727 0
303.4545551439303 1.244130908685485 0
301.2260594803175 1.244130908693657 0
299.0087062833505 1.244130908701789 0
296.8024398394539 1.244130908709881 0
294.6072047347927 1.244130908717932 0
292.422945815822 1.244130908725943 0
290.2496081866008 1.244130908733913 0
288.0871372428788 1.244130908741844 0
285.9354786507106 1.244130908749735 0
283.7945783440186 1.244130908757587 0
281.6643825399966 1.2441309087654 0
279.5448377181556 1.244130908773172 0
277.4358906175784 1.244130908780907 0
275.3374882527532 1.244130908788603 0
273.2495779106855 1.244130908796261 0
271.1721071300223 1.244130908803879 0
269.1050236983887 1.24413090881146 0
267.0482756682992 1.244130908819003 0
265.0018113727239 1.244130908826508 0
262.9655794041081 1.244130908833976 0
260.9395286117855 1.244130908841407 0
258.9236080810377 1.2441309088488 0
256.9177671491055 1.244130908856157 0
254.9219554208533 1.244130908863476 0
252.9361227478773 1.244130908870759 0
250.9602192260157 1.244130908878006 0
248.994195211259 1.244130908885216 0
247.0380013171093 1.24413090889239 0
245.0915883937723 1.244130908899528 0
243.1549075441158 1.244130908906631 0
241.227910102715 1.244130908913699 0
239.3105476520322 1.24413090892073 0
237.4027720196882 1.244130908927727 0
235.5045352579312 1.244130908934689 0
233.6157896778759 1.244130908941616 0
231.7364878286407 1.244130908948508 0
229.8665824950596 1.244130908955366 0
228.0060266952281 1.244130908962189 0
226.1547736598774 1.244130908968979 0
224.3127768852625 1.244130908975734 0
222.4799900936449 1.244130908982456 0
220.656367231461 1.244130908989144 0
218.8418624849628 1.244130908995799 0
217.0364302598632 1.24413090900242 0
215.2400251971956 1.244130909009008 0
213.4526021711834 1.244130909015563 0
211.6741162683849 1.244130909022086 0
209.9045227857815 1.244130909028576 0
208.1437772650793 1.244130909035033 0
206.3918354720881 1.244130909041459 0
204.6486533944923 1.244130909047852 0
202.914187221264 1.244130909054213 0
201.1883933773994 1.244130909060542 0
199.4712285029962 1.24413090906684 0
197.7626494514599 1.244130909073106 0
196.0626133053614 1.244130909079341 0
194.3710773377428 1.244130909085544 0
192.6879990467514 1.244130909091717 0
191.013336153357 1.244130909097859 0
189.3470465808956 1.24413090910397 0
187.6890884530027 1.244130909110051 0
186.0394201099375 1.244130909116101 0
184.3980001063629 1.24413090912212 0
182.7647872093274 1.24413090912811 0
181.1397403777026 1.24413090913407 0
179.5228187787544 1.24413090914 0
177.913981785802 1.2441309091459 0
176.3131889764447 1.244130909151771 0
174.7204001302515 1.244130909157612 0
173.1355752270199 1.244130909163425 0
171.558674444495 1.244130909169208 0
169.9896581566583 1.244130909174963 0
168.4284869498515 1.244130909180688 0
166.8751216025367 1.244130909186385 0
165.3295230832601 1.244130909192053 0
163.7916525671908 1.244130909197693 0
162.2614714155547 1.244130909203306 0
160.7389411556385 1.244130909208889 0
159.2240235339343 1.244130909214445 0
157.7166805139932 1.244130909219973 0
156.216874219355 1.244130909225474 0
154.7245669503572 1.244130909230947 0
153.239721218779 1.244130909236393 0
151.7622997091881 1.244130909241811 0
150.292265295608 1.244130909247202 0
148.8295810578308 1.244130909252566 0
147.3742102428058 1.244130909257904 0
145.9261162813488 1.244130909263214 0
144.4852628045139 1.244130909268499 0
143.0516136049399 1.244130909273757 0
141.6251326353937 1.244130909278988 0
140.2057840619313 1.244130909284194 0
138.7935322434589 1.244130909289373 0
137.3883416933843 1.244130909294527 0
135.9901770962376 1.244130909299654 0
134.5990033059316 1.244130909304756 0
133.2147853807823 1.244130909309833 0
131.8374885446786 1.244130909314884 0
130.4670781857503 1.24413090931991 0
129.103519891061 1.244130909324911 0
127.7467793898107 1.244130909329887 0
126.3968225886076 1.244130909334838 0
125.0536155694507 1.244130909339764 0
123.7171245882784 1.244130909344665 0
122.3873160729775 1.244130909349543 0
121.064156603583 1.244130909354395 0
119.7476129288706 1.244130909359224 0
118.4376519647718 1.244130909364028 0
117.1342408109911 1.244130909368808 0
115.8373467125143 1.244130909373564 0
114.5469370766185 1.244130909378297 0
113.2629794893435 1.244130909383006 0
111.9854416955941 1.244130909387691 0
110.7142915974462 1.244130909392353 0
109.4494972526476 1.244130909396991 0
108.1910268729475 1.244130909401607 0
106.9388488409963 1.244130909406199 0
105.692931708672 1.244130909410768 0
104.4532441580967 1.244130909415315 0
103.219755038515 1.244130909419839 0
101.9924333629304 1.24413090942434 0
100.7712482890999 1.244130909428819 0
99.55616913616421 1.244130909433274 0
98.34716538307157 1.244130909437709 0
97.14420664863908 1.244130909442121 0
95.94726270855871 1.24413090944651 0
94.75630349367103 1.244130909450878 0
93.5712990702458 1.244130909455224 0
92.39221967521112 1.244130909459549 0
91.21903567771386 1.244130909463851 0
90.05171759636541 1.244130909468132 0
88.89023611576305 1.244130909472392 0
87.73456204845183 1.24413090947663 0
86.58466635183538 1.244130909480847 0
85.44052012672432 1.244130909485044 0
84.30209463426931 1.244130909489218 0
83.16936127597268 1.244130909493373 0
82.04229157407933 1.244130909497507 0
80.92085720691615 1.244130909501619 0
79.80503000731059 1.244130909505711 0
78.69478194282877 1.244130909509783 0
77.59008513277416 1.244130909513835 0
76.49091180988886 1.244130909517866 0
75.39723433774067 1.244130909521877 0
74.30902526413254 1.244130909525868 0
73.2262572460871 1.244130909529839 0
72.14890306726504 1.24413090953379 0
71.07693565465748 1.244130909537722 0
70.01032807746586 1.244130909541633 0
68.94905354544079 1.244130909545525 0
67.89308538940858 1.244130909549398 0
66.84239707818827 1.244130909553252 0
65.79696219895422 1.244130909557086 0
64.75675449273149 1.2441309095609 0
63.72174783441005 1.244130909564697 0
62.69191619494719 1.244130909568473 0
61.66723371364141 1.244130909572231 0
60.64767465961748 1.24413090957597 0
59.63321339424289 1.244130909579691 0
58.62382442487193 1.244130909583393 0
57.61948240347718 1.244130909587076 0
56.62016208854176 1.244130909590741 0
55.6258383624526 1.244130909594388 0
54.63648626672477 1.244130909598016 0
53.65208094554843 1.244130909601626 0
52.67259764483613 1.244130909605219 0
51.69801174765949 1.244130909608793 0
50.72829877294632 1.244130909612349 0
49.76343437418791 1.244130909615888 0
48.80339430140658 1.244130909619409 0
47.84815441862376 1.244130909622912 0
46.89769073915849 1.244130909626398 0
45.95197938762244 1.244130909629866 0
45.0109965988569 1.244130909633317 0
44.07471871669426 1.244130909636751 0
43.14312221128677 1.244130909640168 0
42.21618369607569 1.244130909643567 0
41.29387987145736 1.24413090964695 0
40.37618756069695 1.244130909650315 0
39.46308372674029 1.244130909653665 0
38.55454541609007 1.244130909656996 0
37.65054979456189 1.244130909660311 0
36.75107414593161 1.24413090966361 0
35.85609587096026 1.244130909666893 0
34.96559248605891 1.244130909670159 0
34.0795416223305 1.244130909673408 0
33.19792102425185 1.244130909676642 0
32.32070853035848 1.244130909679859 0
31.44788209050117 1.24413090968306 0
30.57941978311175 1.244130909686245 0
29.71529979554423 1.244130909689414 0
28.85550040479256 1.244130909692567 0
516.6887770914842 1.804804812101688 0
513.3941102932848 1.804804812123268 0
510.11591682894 1.80480481214474 0
506.8541143373837 1.804804812166104 0
503.6086208585463 1.804804812187363 0
500.3793548477801 1.804804812208515 0
497.1662351715485 1.804804812229561 0
493.9691810851433 1.804804812250502 0
490.7881122653757 1.804804812271337 0
487.6229488063551 1.80480481229207 0
484.4736111603854 1.804804812312698 0
481.340020189485 1.804804812333223 0
478.2220971792576 1.804804812353646 0
475.1197637800499 1.804804812373966 0
472.0329420581979 1.804804812394185 0
468.9615544550612 1.804804812414303 0
465.9055237835695 1.80480481243432 0
462.8647732608134 1.804804812454237 0
459.8392264859083 1.804804812474054 0
456.828807454461 1.804804812493773 0
453.833440517901 1.804804812513393 0
450.8530504167767 1.804804812532914 0
447.8875622765434 1.804804812552338 0
444.9369015673743 1.804804812571665 0
442.0009941555119 1.804804812590896 0
439.0797662809647 1.80480481261003 0
436.1731445539723 1.804804812629068 0
433.2810559327575 1.804804812648011 0
430.4034277386046 1.80480481266686 0
427.5401876886061 1.804804812685614 0
424.6912638554513 1.804804812704275 0
421.856584644739 1.804804812722842 0
419.0360788298244 1.804804812741316 0
416.2296755464563 1.804804812759699 0
413.4373042718205 1.804804812777989 0
410.6588948574848 1.804804812796187 0
407.8943774890197 1.804804812814295 0
405.1436827011374 1.804804812832312 0
402.4067413923042 1.804804812850239 0
399.6834847846233 1.804804812868077 0
396.973844457243 1.804804812885825 0
394.2777523426727 1.804804812903484 0
391.5951406867439 1.804804812921056 0
388.9259420820961 1.804804812938539 0
386.270089464569 1.804804812955935 0
383.6275161099878 1.804804812973244 0
380.9981556306104 1.804804812990466 0
378.381941953588 1.804804813007603 0
375.7788093360177 1.804804813024653 0
373.1886923800209 1.804804813041619 0
370.6115260109114 1.804804813058499 0
368.047245474133 1.804804813075295 0
365.4957863502258 1.804804813092007 0
362.9570845148799 1.804804813108636 0
360.431076191067 1.804804813125182 0
357.9176979085909 1.804804813141644 0
355.4168865015114 1.804804813158025 0
352.9285791596142 1.804804813174323 0
350.4527133702086 1.80480481319054 0
347.9892269150745 1.804804813206676 0
345.5380578858035 1.804804813222732 0
343.0991446989827 1.804804813238706 0
340.6724260746508 1.804804813254602 0
338.2578410333371 1.804804813270417 0
335.8553289113136 1.804804813286154 0
333.4648293574957 1.804804813301811 0
331.0862823119912 1.804804813317391 0
328.719628003232 1.804804813332893 0
326.3648069633165 1.804804813348317 0
324.0217600250006 1.804804813363664 0
321.6904283187122 1.804804813378934 0
319.3707532695868 1.804804813394128 0
317.0626765945266 1.804804813409246 0
314.7661402992805 1.804804813424289 0
312.4810866939202 1.804804813439256 0
310.2074583714078 1.804804813454149 0
307.9451981865501 1.804804813468966 0
305.6942492899155 1.80480481348371 0
303.4545551432125 1.80480481349838 0
301.2260594795687 1.804804813512977 0
299.0087062825713 1.804804813527501 0
296.8024398386444 1.804804813541952 0
294.6072047339536 1.804804813556331 0
292.4229458149534 1.804804813570637 0
290.249608185703 1.804804813584873 0
288.0871372419521 1.804804813599037 0
285.9354786497552 1.80480481361313 0
283.794578343035 1.804804813627153 0
281.6643825389851 1.804804813641106 0
279.5448377171165 1.804804813654989 0
277.435890616512 1.804804813668803 0
275.3374882516596 1.804804813682548 0
273.2495779095652 1.804804813696224 0
271.1721071288757 1.804804813709831 0
269.1050236972158 1.804804813723371 0
267.0482756671003 1.804804813736843 0
265.0018113714993 1.804804813750247 0
262.9655794028583 1.804804813763584 0
260.9395286105106 1.804804813776856 0
258.9236080797381 1.804804813790059 0
256.9177671477815 1.804804813803198 0
254.9219554195041 1.80480481381627 0
252.9361227465025 1.804804813829278 0
250.9602192246154 1.80480481384222 0
248.9941952098335 1.804804813855098 0
247.0380013156589 1.80480481386791 0
245.0915883922973 1.80480481388066 0
243.1549075426165 1.804804813893345 0
241.2279101011918 1.804804813905967 0
239.3105476504851 1.804804813918526 0
237.4027720181176 1.804804813931022 0
235.5045352563374 1.804804813943455 0
233.6157896762591 1.804804813955826 0
231.7364878270014 1.804804813968136 0
229.8665824933978 1.804804813980384 0
228.0060266935442 1.804804813992571 0
226.1547736581716 1.804804814004696 0
224.3127768835352 1.804804814016762 0
222.4799900918962 1.804804814028766 0
220.6563672296912 1.804804814040711 0
218.8418624831721 1.804804814052597 0
217.0364302580519 1.804804814064422 0
215.240025195364 1.804804814076189 0
213.4526021693317 1.804804814087896 0
211.6741162665133 1.804804814099545 0
209.9045227838903 1.804804814111136 0
208.1437772631688 1.804804814122669 0
206.3918354701584 1.804804814134144 0
204.6486533925438 1.804804814145562 0
202.9141872192969 1.804804814156923 0
201.1883933754138 1.804804814168227 0
199.4712285009926 1.804804814179475 0
197.7626494494384 1.804804814190666 0
196.0626133033221 1.804804814201801 0
194.371077335686 1.804804814212881 0
192.6879990446774 1.804804814223905 0
191.0133361512659 1.804804814234874 0
189.3470465787877 1.804804814245789 0
187.6890884508783 1.804804814256648 0
186.0394201077967 1.804804814267454 0
184.3980001042061 1.804804814278205 0
182.7647872071546 1.804804814288903 0
181.1397403755141 1.804804814299547 0
179.5228187765504 1.804804814310138 0
177.9139817835828 1.804804814320676 0
176.3131889742103 1.804804814331161 0
174.7204001280022 1.804804814341593 0
173.1355752247559 1.804804814351974 0
171.5586744422165 1.804804814362303 0
169.9896581543656 1.80480481437258 0
168.4284869475447 1.804804814382806 0
166.8751216002161 1.804804814392981 0
165.3295230809259 1.804804814403104 0
163.791652564843 1.804804814413178 0
162.2614714131937 1.8048048144232 0
160.7389411532643 1.804804814433173 0
159.2240235315472 1.804804814443095 0
157.7166805115935 1.804804814452969 0
156.2168742169429 1.804804814462792 0
154.7245669479326 1.804804814472567 0
153.2397212163422 1.804804814482293 0
151.7622997067394 1.80480481449197 0
150.2922652931474 1.804804814501599 0
148.8295810553585 1.80480481451118 0
147.3742102403222 1.804804814520713 0
145.9261162788538 1.804804814530197 0
144.4852628020141 1.804804814539635 0
143.0516136024229 1.804804814549025 0
141.6251326328658 1.80480481455837 0
140.2057840593929 1.804804814567666 0
138.7935322409101 1.804804814576916 0
137.3883416908252 1.80480481458612 0
135.9901770936685 1.804804814595278 0
134.5990033033526 1.80480481460439 0
133.2147853781935 1.804804814613457 0
131.8374885420803 1.804804814622478 0
130.4670781831425 1.804804814631455 0
129.1035198884439 1.804804814640386 0
127.7467793871846 1.804804814649273 0
126.3968225859726 1.804804814658115 0
125.0536155668068 1.804804814666913 0
123.7171245856259 1.804804814675667 0
122.3873160703165 1.804804814684377 0
121.0641566009136 1.804804814693044 0
119.7476129261931 1.804804814701667 0
118.4376519620862 1.804804814710248 0
117.1342408082977 1.804804814718786 0
115.8373467098131 1.80480481472728 0
114.5469370739097 1.804804814735732 0
113.2629794866271 1.804804814744143 0
111.9854416928705 1.80480481475251 0
110.7142915947155 1.804804814760836 0
109.4494972499098 1.804804814769121 0
108.1910268702028 1.804804814777364 0
106.9388488382448 1.804804814785565 0
105.6929317059208 1.804804814793727 0
104.4532441553321 1.804804814801846 0
103.2197550357441 1.804804814809926 0
101.9924333601532 1.804804814817965 0
100.7712482863166 1.804804814825963 0
99.55616913337499 1.804804814833922 0
98.34716538027648 1.804804814841841 0
97.14420664583832 1.804804814849721 0
95.94726270575234 1.804804814857561 0
94.75630349085915 1.804804814865362 0
93.57129906742867 1.804804814873123 0
92.39221967238876 1.804804814880847 0
91.21903567488643 1.804804814888531 0
90.051717593533 1.804804814896177 0
88.89023611292579 1.804804814903785 0
87.73456204560989 1.804804814911355 0
86.5846663489888 1.804804814918886 0
85.44052012387326 1.80480481492638 0
84.30209463141389 1.804804814933837 0
83.16936127311298 1.804804814941257 0
82.04229157121549 1.804804814948638 0
80.9208572040483 1.804804814955985 0
79.80503000443883 1.804804814963294 0
78.69478193995323 1.804804814970565 0
77.5900851298949 1.804804814977801 0
76.49091180700603 1.804804814985 0
75.39723433485432 1.804804814992165 0
74.30902526124287 1.804804814999292 0
73.22625724319417 1.804804815006384 0
72.14890306436895 1.804804815013441 0
71.07693565175835 1.804804815020463 0
70.0103280745638 1.804804815027448 0
68.94905354253585 1.8048048150344 0
67.89308538650094 1.804804815041317 0
66.84239707527797 1.804804815048199 0
65.79696219604141 1.804804815055047 0
64.75675448981623 1.80480481506186 0
63.72174783149241 1.804804815068639 0
62.69191619202732 1.804804815075385 0
61.66723371071937 1.804804815082096 0
60.64767465669337 1.804804815088775 0
59.63321339131679 1.804804815095419 0
58.62382442194394 1.804804815102031 0
57.61948240054742 1.804804815108609 0
56.6201620856103 1.804804815115155 0
55.62583835951952 1.804804815121668 0
54.6364862637902 1.804804815128148 0
53.65208094261244 1.804804815134596 0
52.6725976418988 1.804804815141012 0
51.69801174472092 1.804804815147395 0
50.72829877000655 1.804804815153747 0
49.76343437124708 1.804804815160067 0
48.80339429846475 1.804804815166355 0
47.848154415681 1.804804815172612 0
46.89769073621491 1.804804815178838 0
45.95197938467813 1.804804815185032 0
45.0109965959119 1.804804815191196 0
44.07471871374865 1.804804815197328 0
43.14312220834066 1.80480481520343 0
42.21618369312914 1.804804815209502 0
41.29387986851047 1.804804815215543 0
40.37618755774979 1.804804815221553 0
39.46308372379292 1.804804815227535 0
38.55454541314256 1.804804815233485 0
37.65054979161436 1.804804815239407 0
36.75107414298408 1.804804815245298 0
35.85609586801281 1.80480481525116 0
34.9655924831116 1.804804815256993 0
34.07954161938341 1.804804815262797 0
33.19792102130508 1.804804815268572 0
32.32070852741207 1.804804815274318 0
31.44788208755524 1.804804815280034 0
30.57941978016633 1.804804815285723 0
29.71529979259942 1.804804815291383 0
28.8555004018484 1.804804815297014 0
516.6887770955951 2.605767531702144 0
513.3941102973024 2.605767531739122 0
510.1159168328702 2.605767531775914 0
506.8541143412307 2.605767531812523 0
503.6086208623109 2.605767531848949 0
500.3793548514633 2.605767531885191 0
497.1662351751509 2.605767531921254 0
493.9691810886656 2.605767531957135 0
490.7881122688187 2.605767531992839 0
487.6229488097151 2.605767532028363 0
484.473611163659 2.605767532063709 0
481.3400201926731 2.605767532098879 0
478.222097182361 2.605767532133874 0
475.1197637830694 2.605767532168692 0
472.0329420611345 2.605767532203337 0
468.9615544579152 2.605767532237807 0
465.9055237863417 2.605767532272109 0
462.8647732635047 2.605767532306235 0
459.8392264885195 2.605767532340192 0
456.8288074569969 2.60576753237398 0
453.8334405203601 2.605767532407598 0
450.853050419158 2.605767532441049 0
447.8875622788474 2.605767532474331 0
444.9369015696016 2.605767532507447 0
442.0009941576633 2.6057675325404 0
439.079766283041 2.605767532573185 0
436.1731445559741 2.605767532605806 0
433.2810559346855 2.605767532638267 0
430.4034277404596 2.605767532670564 0
427.5401876903886 2.605767532702699 0
424.6912638571577 2.605767532734673 0
421.8565846463786 2.605767532766489 0
419.0360788313939 2.605767532798144 0
416.2296755479559 2.605767532829642 0
413.437304273251 2.605767532860983 0
410.658894858847 2.605767532892165 0
407.894377490314 2.605767532923193 0
405.1436827023646 2.605767532954065 0
402.406741393465 2.605767532984783 0
399.6834847857182 2.605767533015347 0
396.9738444582727 2.605767533045759 0
394.2777523436376 2.605767533076019 0
391.595140687645 2.605767533106126 0
388.9259420829339 2.605767533136084 0
386.2700894653439 2.605767533165892 0
383.6275161107006 2.605767533195551 0
380.9981556312619 2.605767533225061 0
378.3819419541782 2.605767533254425 0
375.7788093365477 2.605767533283641 0
373.1886923804911 2.60576753331271 0
370.6115260113226 2.605767533341635 0
368.0472454744855 2.605767533370416 0
365.4957863505201 2.605767533399051 0
362.9570845151167 2.605767533427545 0
360.4310761912471 2.605767533455895 0
357.9176979087146 2.605767533484104 0
355.4168865015794 2.605767533512171 0
352.928579159627 2.605767533540098 0
350.4527133701668 2.605767533567886 0
347.9892269149786 2.605767533595535 0
345.5380578856542 2.605767533623046 0
343.0991446987802 2.605767533650419 0
340.672426074396 2.605767533677656 0
338.2578410330302 2.605767533704755 0
335.8553289109552 2.60576753373172 0
333.4648293570862 2.60576753375855 0
331.0862823115313 2.605767533785244 0
328.7196280027222 2.605767533811806 0
326.3648069627573 2.605767533838236 0
324.0217600243927 2.605767533864533 0
321.6904283180559 2.6057675338907 0
319.3707532688827 2.605767533916734 0
317.0626765937752 2.605767533942639 0
314.7661402984821 2.605767533968413 0
312.4810866930756 2.605767533994058 0
310.2074583705172 2.605767534019577 0
307.945198185614 2.605767534044968 0
305.6942492889344 2.60576753407023 0
303.4545551421869 2.605767534095368 0
301.226059478499 2.605767534120379 0
299.0087062814583 2.605767534145266 0
296.8024398374882 2.605767534170028 0
294.6072047327548 2.605767534194666 0
292.4229458137125 2.605767534219181 0
290.2496081844205 2.605767534243574 0
288.0871372406281 2.605767534267844 0
285.9354786483906 2.605767534291993 0
283.7945783416299 2.605767534316022 0
281.66438253754 2.60576753433993 0
279.544837715632 2.605767534363718 0
277.4358906149882 2.605767534387388 0
275.3374882500974 2.605767534410939 0
273.2495779079647 2.605767534434372 0
271.1721071272373 2.605767534457689 0
269.1050236955401 2.605767534480889 0
267.0482756653877 2.605767534503973 0
265.0018113697502 2.605767534526941 0
262.9655794010731 2.605767534549795 0
260.9395286086896 2.605767534572533 0
258.9236080778817 2.60576753459516 0
256.9177671458902 2.605767534617672 0
254.921955417577 2.605767534640072 0
252.9361227445385 2.60576753466236 0
250.9602192226149 2.605767534684536 0
248.9941952077971 2.605767534706602 0
247.0380013135869 2.605767534728557 0
245.0915883901902 2.605767534750402 0
243.1549075404746 2.605767534772139 0
241.2279100990155 2.605767534793765 0
239.3105476482749 2.605767534815286 0
237.4027720158739 2.605767534836698 0
235.5045352540606 2.605767534858002 0
233.6157896739495 2.6057675348792 0
231.7364878246594 2.605767534900292 0
229.8665824910238 2.60576753492128 0
228.0060266911386 2.605767534942161 0
226.1547736557347 2.605767534962939 0
224.3127768810675 2.605767534983612 0
222.4799900893981 2.605767535004182 0
220.6563672271629 2.605767535024649 0
218.8418624806139 2.605767535045016 0
217.0364302554644 2.605767535065278 0
215.2400251927474 2.60576753508544 0
213.4526021666865 2.605767535105501 0
211.6741162638397 2.605767535125461 0
209.9045227811887 2.605767535145323 0
208.1437772604395 2.605767535165084 0
206.3918354674019 2.605767535184747 0
204.6486533897603 2.605767535204312 0
202.9141872164868 2.605767535223778 0
201.1883933725775 2.605767535243148 0
199.4712284981301 2.60576753526242 0
197.7626494465504 2.605767535281596 0
196.0626133004089 2.605767535300676 0
194.3710773327478 2.605767535319662 0
192.6879990417146 2.605767535338551 0
191.0133361482788 2.605767535357347 0
189.3470465757766 2.605767535376049 0
187.6890884478434 2.605767535394657 0
186.0394201047386 2.605767535413172 0
184.3980001011248 2.605767535431594 0
182.7647872040505 2.605767535449923 0
181.1397403723876 2.605767535468163 0
179.5228187734018 2.605767535486311 0
177.9139817804123 2.605767535504367 0
176.3131889710182 2.605767535522333 0
174.7204001247889 2.605767535540211 0
173.1355752215216 2.605767535557997 0
171.5586744389616 2.605767535575695 0
169.9896581510902 2.605767535593306 0
168.4284869442492 2.605767535610827 0
166.8751215969008 2.605767535628261 0
165.3295230775911 2.605767535645608 0
163.791652561489 2.605767535662868 0
162.2614714098207 2.605767535680042 0
160.7389411498727 2.60576753569713 0
159.2240235281371 2.605767535714133 0
157.7166805081653 2.605767535731049 0
156.2168742134967 2.605767535747884 0
154.7245669444688 2.605767535764632 0
153.2397212128611 2.605767535781298 0
151.7622997032411 2.605767535797879 0
150.2922652896324 2.605767535814378 0
148.8295810518268 2.605767535830794 0
147.374210236774 2.605767535847129 0
145.9261162752896 2.605767535863381 0
144.485262798443 2.605767535879552 0
143.0516135988272 2.605767535895644 0
141.6251326292548 2.605767535911654 0
140.2057840557667 2.605767535927583 0
138.793532237269 2.605767535943433 0
137.3883416871695 2.605767535959205 0
135.9901770899984 2.605767535974898 0
134.5990032996683 2.60576753599051 0
133.2147853744953 2.605767536006045 0
131.8374885383685 2.605767536021505 0
130.4670781794172 2.605767536036886 0
129.1035198847053 2.605767536052189 0
127.746779383433 2.605767536067416 0
126.3968225822082 2.605767536082568 0
125.0536155630299 2.605767536097643 0
123.7171245818366 2.605767536112643 0
122.387316066515 2.605767536127568 0
121.0641565971003 2.605767536142419 0
119.7476129223681 2.605767536157194 0
118.4376519582496 2.605767536171897 0
117.1342408044499 2.605767536186526 0
115.8373467059542 2.605767536201081 0
114.5469370700399 2.605767536215564 0
113.2629794827467 2.605767536229974 0
111.9854416889796 2.605767536244313 0
110.7142915908143 2.60576753625858 0
109.4494972459986 2.605767536272775 0
108.1910268662817 2.605767536286899 0
106.9388488343141 2.605767536300953 0
105.6929317019905 2.605767536314937 0
104.4532441513826 2.605767536328851 0
103.2197550317856 2.605767536342694 0
101.9924333561858 2.605767536356469 0
100.7712482823405 2.605767536370175 0
99.5561691293903 2.605767536383812 0
98.34716537628347 2.605767536397381 0
97.14420664183717 2.605767536410883 0
95.94726270174324 2.605767536424317 0
94.75630348684221 2.605767536437683 0
93.57129906340415 2.605767536450982 0
92.3922196683568 2.605767536464217 0
91.21903567084723 2.605767536477384 0
90.0517175894867 2.605767536490485 0
88.89023610887259 2.60576753650352 0
87.73456204154991 2.605767536516491 0
86.58466634492224 2.605767536529397 0
85.4405201198003 2.60576753654224 0
84.30209462733472 2.605767536555016 0
83.16936126902775 2.605767536567728 0
82.04229156712435 2.605767536580379 0
80.92085719995139 2.605767536592965 0
79.80503000033637 2.605767536605488 0
78.69478193584527 2.605767536617949 0
77.59008512578168 2.605767536630347 0
76.49091180288769 2.605767536642684 0
75.39723433073102 2.60576753665496 0
74.30902525711477 2.605767536667173 0
73.22625723906143 2.605767536679324 0
72.14890306023172 2.605767536691416 0
71.07693564761679 2.605767536703447 0
70.01032807041798 2.605767536715418 0
68.94905353838598 2.60576753672733 0
67.89308538234718 2.605767536739181 0
66.84239707112044 2.605767536750973 0
65.79696219188024 2.605767536762706 0
64.7567544856515 2.605767536774382 0
63.7217478273244 2.605767536785998 0
62.69191618785606 2.605767536797556 0
61.66723370654502 2.605767536809057 0
60.64767465251605 2.6057675368205 0
59.63321338713668 2.605767536831886 0
58.6238244177611 2.605767536843214 0
57.61948239636203 2.605767536854487 0
56.62016208142249 2.605767536865702 0
55.62583835532946 2.605767536876862 0
54.63648625959799 2.605767536887967 0
53.65208093841819 2.605767536899015 0
52.67259763770264 2.605767536910008 0
51.69801174052295 2.605767536920946 0
50.7282987658069 2.60576753693183 0
49.76343436704587 2.605767536942659 0
48.80339429426215 2.605767536953434 0
47.84815441147708 2.605767536964154 0
46.89769073200981 2.605767536974822 0
45.95197938047195 2.605767536985436 0
45.01099659170475 2.605767536995997 0
44.07471870954064 2.605767537006507 0
43.14312220413191 2.605767537016961 0
42.2161836889198 2.605767537027364 0
41.29387986430064 2.605767537037717 0
40.37618755353955 2.605767537048016 0
39.46308371958239 2.605767537058264 0
38.55454540893183 2.605767537068461 0
37.65054978740357 2.605767537078607 0
36.7510741387733 2.605767537088703 0
35.85609586380217 2.605767537098747 0
34.96559247890118 2.605767537108741 0
34.07954161517331 2.605767537118687 0
33.19792101709537 2.605767537128581 0
32.32070852320293 2.605767537138426 0
31.44788208334677 2.605767537148223 0
30.5794197759586 2.605767537157969 0
29.71529978839254 2.605767537167668 0
28.85550039764244 2.605767537177318 0
$EndNodes
$Elements
22 11713 1 11713
1 1 1 43
1 1 26 
2 26 27 
3 27 28 
4 28 29 
5 29 30 
6 30 31 
7 31 32 
8 32 33 
9 33 34 
10 34 35 
11 35 36 
12 36 37 
13 37 38 
14 38 39 
15 39 40 
16 40 41 
17 41 42 
18 42 43 
19 43 44 
20 44 45 
21 45 46 
22 46 47 
23 47 48 
24 48 49 
25 49 50 
26 50 51 
27 51 52 
28 52 53 
29 53 54 
30 54 55 
31 55 56 
32 56 57 
33 57 58 
34 58 59 
35 59 60 
36 60 61 
37 61 62 
38 62 63 
39 63 64 
40 64 65 
41 65 66 
42 66 67 
43 67 18 
1 2 1 14
44 2 68 
45 68 69 
46 69 70 
47 70 71 
48 71 72 
49 72 73 
50 73 74 
51 74 75 
52 75 76 
53 76 77 
54 77 78 
55 78 79 
56 79 80 
57 80 15 
1 3 1 21
58 3 81 
59 81 82 
60 82 83 
61 83 84 
62 84 85 
63 85 86 
64 86 87 
65 87 88 
66 88 89 
67 89 90 
68 90 91 
69 91 92 
70 92 93 
71 93 94 
72 94 95 
73 95 96 
74 96 97 
75 97 98 
76 98 99 
77 99 100 
78 100 16 
1 4 1 14
79 4 101 
80 101 102 
81 102 103 
82 103 104 
83 104 105 
84 105 106 
85 106 107 
86 107 108 
87 108 109 
88 109 110 
89 110 111 
90 111 112 
91 112 113 
92 113 17 
1 5 1 26
93 5 114 
94 114 115 
95 115 116 
96 116 117 
97 117 118 
98 118 119 
99 119 120 
100 120 121 
101 121 122 
102 122 123 
103 123 124 
104 124 125 
105 125 126 
106 126 127 
107 127 128 
108 128 129 
109 129 130 
110 130 131 
111 131 132 
112 132 133 
113 133 134 
114 134 135 
115 135 136 
116 136 137 
117 137 138 
118 138 20 
1 6 1 3
119 6 139 
120 139 140 
121 140 7 
1 7 1 7
122 7 141 
123 141 142 
124 142 143 
125 143 144 
126 144 145 
127 145 146 
128 146 25 
1 8 1 25
129 8 147 
130 147 148 
131 148 149 
132 149 150 
133 150 151 
134 151 152 
135 152 153 
136 153 154 
137 154 155 
138 155 156 
139 156 157 
140 157 158 
141 158 159 
142 159 160 
143 160 161 
144 161 162 
145 162 163 
146 163 164 
147 164 165 
148 165 166 
149 166 167 
150 167 168 
151 168 169 
152 169 170 
153 170 9 
1 9 1 23
154 9 171 
155 171 172 
156 172 173 
157 173 174 
158 174 175 
159 175 176 
160 176 177 
161 177 178 
162 178 179 
163 179 180 
164 180 181 
165 181 182 
166 182 183 
167 183 184 
168 184 185 
169 185 186 
170 186 187 
171 187 188 
172 188 189 
173 189 190 
174 190 191 
175 191 192 
176 192 22 
1 11 1 3
177 10 235 
178 235 236 
179 236 1 
1 15 1 14
180 15 302 
181 302 303 
182 303 304 
183 304 305 
184 305 306 
185 306 307 
186 307 308 
187 308 309 
188 309 310 
189 310 311 
190 311 312 
191 312 313 
192 313 314 
193 314 3 
1 16 1 27
194 16 315 
195 315 316 
196 316 317 
197 317 318 
198 318 319 
199 319 320 
200 320 321 
201 321 322 
202 322 323 
203 323 324 
204 324 325 
205 325 326 
206 326 327 
207 327 328 
208 328 329 
209 329 330 
210 330 331 
211 331 332 
212 332 333 
213 333 334 
214 334 335 
215 335 336 
216 336 337 
217 337 338 
218 338 339 
219 339 340 
220 340 4 
1 17 1 14
221 17 341 
222 341 342 
223 342 343 
224 343 344 
225 344 345 
226 345 346 
227 346 347 
228 347 348 
229 348 349 
230 349 350 
231 350 351 
232 351 352 
233 352 353 
234 353 5 
1 20 1 15
235 18 406 
236 406 407 
237 407 408 
238 408 409 
239 409 410 
240 410 411 
241 411 412 
242 412 413 
243 413 414 
244 414 415 
245 415 416 
246 416 417 
247 417 418 
248 418 419 
249 419 2 
1 21 1 271
250 20 420 
251 420 421 
252 421 422 
253 422 423 
254 423 424 
255 424 425 
256 425 426 
257 426 427 
258 427 428 
259 428 429 
260 429 430 
261 430 431 
262 431 432 
263 432 433 
264 433 434 
265 434 435 
266 435 436 
267 436 437 
268 437 438 
269 438 439 
270 439 440 
271 440 441 
272 441 442 
273 442 443 
274 443 444 
275 444 445 
276 445 446 
277 446 447 
278 447 448 
279 448 449 
280 449 450 
281 450 451 
282 451 452 
283 452 453 
284 453 454 
285 454 455 
286 455 456 
287 456 457 
288 457 458 
289 458 459 
290 459 460 
291 460 461 
292 461 462 
293 462 463 
294 463 464 
295 464 465 
296 465 466 
297 466 467 
298 467 468 
299 468 469 
300 469 470 
301 470 471 
302 471 472 
303 472 473 
304 473 474 
305 474 475 
306 475 476 
307 476 477 
308 477 478 
309 478 479 
310 479 480 
311 480 481 
312 481 482 
313 482 483 
314 483 484 
315 484 485 
316 485 486 
317 486 487 
318 487 488 
319 488 489 
320 489 490 
321 490 491 
322 491 492 
323 492 493 
324 493 494 
325 494 495 
326 495 496 
327 496 497 
328 497 498 
329 498 499 
330 499 500 
331 500 501 
332 501 502 
333 502 503 
334 503 504 
335 504 505 
336 505 506 
337 506 507 
338 507 508 
339 508 509 
340 509 510 
341 510 511 
342 511 512 
343 512 513 
344 513 514 
345 514 515 
346 515 516 
347 516 517 
348 517 518 
349 518 519 
350 519 520 
351 520 521 
352 521 522 
353 522 523 
354 523 524 
355 524 525 
356 525 526 
357 526 527 
358 527 528 
359 528 529 
360 529 530 
361 530 531 
362 531 532 
363 532 533 
364 533 534 
365 534 535 
366 535 536 
367 536 537 
368 537 538 
369 538 539 
370 539 540 
371 540 541 
372 541 542 
373 542 543 
374 543 544 
375 544 545 
376 545 546 
377 546 547 
378 547 548 
379 548 549 
380 549 550 
381 550 551 
382 551 552 
383 552 553 
384 553 554 
385 554 555 
386 555 556 
387 556 557 
388 557 558 
389 558 559 
390 559 560 
391 560 561 
392 561 562 
393 562 563 
394 563 564 
395 564 565 
396 565 566 
397 566 567 
398 567 568 
399 568 569 
400 569 570 
401 570 571 
402 571 572 
403 572 573 
404 573 574 
405 574 575 
406 575 576 
407 576 577 
408 577 578 
409 578 579 
410 579 580 
411 580 581 
412 581 582 
413 582 583 
414 583 584 
415 584 585 
416 585 586 
417 586 587 
418 587 588 
419 588 589 
420 589 590 
421 590 591 
422 591 592 
423 592 593 
424 593 594 
425 594 595 
426 595 596 
427 596 597 
428 597 598 
429 598 599 
430 599 600 
431 600 601 
432 601 602 
433 602 603 
434 603 604 
435 604 605 
436 605 606 
437 606 607 
438 607 608 
439 608 609 
440 609 610 
441 610 611 
442 611 612 
443 612 613 
444 613 614 
445 614 615 
446 615 616 
447 616 617 
448 617 618 
449 618 619 
450 619 620 
451 620 621 
452 621 622 
453 622 623 
454 623 624 
455 624 625 
456 625 626 
457 626 627 
458 627 628 
459 628 629 
460 629 630 
461 630 631 
462 631 632 
463 632 633 
464 633 634 
465 634 635 
466 635 636 
467 636 637 
468 637 638 
469 638 639 
470 639 640 
471 640 641 
472 641 642 
473 642 643 
474 643 644 
475 644 645 
476 645 646 
477 646 647 
478 647 648 
479 648 649 
480 649 650 
481 650 651 
482 651 652 
483 652 653 
484 653 654 
485 654 655 
486 655 656 
487 656 657 
488 657 658 
489 658 659 
490 659 660 
491 660 661 
492 661 662 
493 662 663 
494 663 664 
495 664 665 
496 665 666 
497 666 667 
498 667 668 
499 668 669 
500 669 670 
501 670 671 
502 671 672 
503 672 673 
504 673 674 
505 674 675 
506 675 676 
507 676 677 
508 677 678 
509 678 679 
510 679 680 
511 680 681 
512 681 682 
513 682 683 
514 683 684 
515 684 685 
516 685 686 
517 686 687 
518 687 688 
519 688 689 
520 689 6 
1 24 1 7
521 22 974 
522 974 975 
523 975 976 
524 976 977 
525 977 978 
526 978 979 
527 979 10 
1 25 1 23
528 25 980 
529 980 981 
530 981 982 
531 982 983 
532 983 984 
533 984 985 
534 985 986 
535 986 987 
536 987 988 
537 988 989 
538 989 990 
539 990 991 
540 991 992 
541 992 993 
542 993 994 
543 994 995 
544 995 996 
545 996 997 
546 997 998 
547 998 999 
548 999 1000 
549 1000 1001 
550 1001 8 
2 1 3 1209
551 1 26 1326 236 
552 236 1326 1327 235 
553 235 1327 193 10 
554 26 27 1328 1326 
555 1326 1328 1329 1327 
556 1327 1329 194 193 
557 27 28 1330 1328 
558 1328 1330 1331 1329 
559 1329 1331 195 194 
560 28 29 1332 1330 
561 1330 1332 1333 1331 
562 1331 1333 196 195 
563 29 30 1334 1332 
564 1332 1334 1335 1333 
565 1333 1335 197 196 
566 30 31 1336 1334 
567 1334 1336 1337 1335 
568 1335 1337 198 197 
569 31 32 1338 1336 
570 1336 1338 1339 1337 
571 1337 1339 199 198 
572 32 33 1340 1338 
573 1338 1340 1341 1339 
574 1339 1341 200 199 
575 33 34 1342 1340 
576 1340 1342 1343 1341 
577 1341 1343 201 200 
578 34 35 1344 1342 
579 1342 1344 1345 1343 
580 1343 1345 202 201 
581 35 36 1346 1344 
582 1344 1346 1347 1345 
583 1345 1347 203 202 
584 36 37 1348 1346 
585 1346 1348 1349 1347 
586 1347 1349 204 203 
587 37 38 1350 1348 
588 1348 1350 1351 1349 
589 1349 1351 205 204 
590 38 39 1352 1350 
591 1350 1352 1353 1351 
592 1351 1353 206 205 
593 39 40 1354 1352 
594 1352 1354 1355 1353 
595 1353 1355 207 206 
596 40 41 1356 1354 
597 1354 1356 1357 1355 
598 1355 1357 208 207 
599 41 42 1358 1356 
600 1356 1358 1359 1357 
601 1357 1359 209 208 
602 42 43 1360 1358 
603 1358 1360 1361 1359 
604 1359 1361 210 209 
605 43 44 1362 1360 
606 1360 1362 1363 1361 
607 1361 1363 211 210 
608 44 45 1364 1362 
609 1362 1364 1365 1363 
610 1363 1365 212 211 
611 45 46 1366 1364 
612 1364 1366 1367 1365 
613 1365 1367 213 212 
614 46 47 1368 1366 
615 1366 1368 1369 1367 
616 1367 1369 214 213 
617 47 48 1370 1368 
618 1368 1370 1371 1369 
619 1369 1371 215 214 
620 48 49 1372 1370 
621 1370 1372 1373 1371 
622 1371 1373 216 215 
623 49 50 1374 1372 
624 1372 1374 1375 1373 
625 1373 1375 217 216 
626 50 51 1376 1374 
627 1374 1376 1377 1375 
628 1375 1377 218 217 
629 51 52 1378 1376 
630 1376 1378 1379 1377 
631 1377 1379 219 218 
632 52 53 1380 1378 
633 1378 1380 1381 1379 
634 1379 1381 220 219 
635 53 54 1382 1380 
636 1380 1382 1383 1381 
637 1381 1383 221 220 
638 54 55 1384 1382 
639 1382 1384 1385 1383 
640 1383 1385 222 221 
641 55 56 1386 1384 
642 1384 1386 1387 1385 
643 1385 1387 223 222 
644 56 57 1388 1386 
645 1386 1388 1389 1387 
646 1387 1389 224 223 
647 57 58 1390 1388 
648 1388 1390 1391 1389 
649 1389 1391 225 224 
650 58 59 1392 1390 
651 1390 1392 1393 1391 
652 1391 1393 226 225 
653 59 60 1394 1392 
654 1392 1394 1395 1393 
655 1393 1395 227 226 
656 60 61 1396 1394 
657 1394 1396 1397 1395 
658 1395 1397 228 227 
659 61 62 1398 1396 
660 1396 1398 1399 1397 
661 1397 1399 229 228 
662 62 63 1400 1398 
663 1398 1400 1401 1399 
664 1399 1401 230 229 
665 63 64 1402 1400 
666 1400 1402 1403 1401 
667 1401 1403 231 230 
668 64 65 1404 1402 
669 1402 1404 1405 1403 
670 1403 1405 232 231 
671 65 66 1406 1404 
672 1404 1406 1407 1405 
673 1405 1407 233 232 
674 66 67 1408 1406 
675 1406 1408 1409 1407 
676 1407 1409 234 233 
677 67 18 1410 1408 
678 1408 1410 1411 1409 
679 1409 1411 19 234 
680 18 406 1412 1410 
681 1410 1412 1413 1411 
682 1411 1413 960 19 
683 406 407 1414 1412 
684 1412 1414 1415 1413 
685 1413 1415 961 960 
686 407 408 1416 1414 
687 1414 1416 1417 1415 
688 1415 1417 962 961 
689 408 409 1418 1416 
690 1416 1418 1419 1417 
691 1417 1419 963 962 
692 409 410 1420 1418 
693 1418 1420 1421 1419 
694 1419 1421 964 963 
695 410 411 1422 1420 
696 1420 1422 1423 1421 
697 1421 1423 965 964 
698 411 412 1424 1422 
699 1422 1424 1425 1423 
700 1423 1425 966 965 
701 412 413 1426 1424 
702 1424 1426 1427 1425 
703 1425 1427 967 966 
704 413 414 1428 1426 
705 1426 1428 1429 1427 
706 1427 1429 968 967 
707 414 415 1430 1428 
708 1428 1430 1431 1429 
709 1429 1431 969 968 
710 415 416 1432 1430 
711 1430 1432 1433 1431 
712 1431 1433 970 969 
713 416 417 1434 1432 
714 1432 1434 1435 1433 
715 1433 1435 971 970 
716 417 418 1436 1434 
717 1434 1436 1437 1435 
718 1435 1437 972 971 
719 418 419 1438 1436 
720 1436 1438 1439 1437 
721 1437 1439 973 972 
722 419 2 1440 1438 
723 1438 1440 1441 1439 
724 1439 1441 11 973 
725 2 282 1442 1440 
726 1440 1442 1443 1441 
727 1441 1443 237 11 
728 282 283 1444 1442 
729 1442 1444 1445 1443 
730 1443 1445 238 237 
731 283 284 1446 1444 
732 1444 1446 1447 1445 
733 1445 1447 239 238 
734 284 285 1448 1446 
735 1446 1448 1449 1447 
736 1447 1449 240 239 
737 285 286 1450 1448 
738 1448 1450 1451 1449 
739 1449 1451 241 240 
740 286 287 1452 1450 
741 1450 1452 1453 1451 
742 1451 1453 242 241 
743 287 288 1454 1452 
744 1452 1454 1455 1453 
745 1453 1455 243 242 
746 288 289 1456 1454 
747 1454 1456 1457 1455 
748 1455 1457 244 243 
749 289 290 1458 1456 
750 1456 1458 1459 1457 
751 1457 1459 245 244 
752 290 291 1460 1458 
753 1458 1460 1461 1459 
754 1459 1461 246 245 
755 291 292 1462 1460 
756 1460 1462 1463 1461 
757 1461 1463 247 246 
758 292 293 1464 1462 
759 1462 1464 1465 1463 
760 1463 1465 248 247 
761 293 294 1466 1464 
762 1464 1466 1467 1465 
763 1465 1467 249 248 
764 294 295 1468 1466 
765 1466 1468 1469 1467 
766 1467 1469 250 249 
767 295 296 1470 1468 
768 1468 1470 1471 1469 
769 1469 1471 251 250 
770 296 297 1472 1470 
771 1470 1472 1473 1471 
772 1471 1473 252 251 
773 297 298 1474 1472 
774 1472 1474 1475 1473 
775 1473 1475 253 252 
776 298 299 1476 1474 
777 1474 1476 1477 1475 
778 1475 1477 254 253 
779 299 300 1478 1476 
780 1476 1478 1479 1477 
781 1477 1479 255 254 
782 300 301 1480 1478 
783 1478 1480 1481 1479 
784 1479 1481 256 255 
785 301 13 1482 1480 
786 1480 1482 1483 1481 
787 1481 1483 14 256 
788 13 354 1484 1482 
789 1482 1484 1485 1483 
790 1483 1485 380 14 
791 354 355 1486 1484 
792 1484 1486 1487 1485 
793 1485 1487 381 380 
794 355 356 1488 1486 
795 1486 1488 1489 1487 
796 1487 1489 382 381 
797 356 357 1490 1488 
798 1488 1490 1491 1489 
799 1489 1491 383 382 
800 357 358 1492 1490 
801 1490 1492 1493 1491 
802 1491 1493 384 383 
803 358 359 1494 1492 
804 1492 1494 1495 1493 
805 1493 1495 385 384 
806 359 360 1496 1494 
807 1494 1496 1497 1495 
808 1495 1497 386 385 
809 360 361 1498 1496 
810 1496 1498 1499 1497 
811 1497 1499 387 386 
812 361 362 1500 1498 
813 1498 1500 1501 1499 
814 1499 1501 388 387 
815 362 363 1502 1500 
816 1500 1502 1503 1501 
817 1501 1503 389 388 
818 363 364 1504 1502 
819 1502 1504 1505 1503 
820 1503 1505 390 389 
821 364 365 1506 1504 
822 1504 1506 1507 1505 
823 1505 1507 391 390 
824 365 366 1508 1506 
825 1506 1508 1509 1507 
826 1507 1509 392 391 
827 366 367 1510 1508 
828 1508 1510 1511 1509 
829 1509 1511 393 392 
830 367 368 1512 1510 
831 1510 1512 1513 1511 
832 1511 1513 394 393 
833 368 369 1514 1512 
834 1512 1514 1515 1513 
835 1513 1515 395 394 
836 369 370 1516 1514 
837 1514 1516 1517 1515 
838 1515 1517 396 395 
839 370 371 1518 1516 
840 1516 1518 1519 1517 
841 1517 1519 397 396 
842 371 372 1520 1518 
843 1518 1520 1521 1519 
844 1519 1521 398 397 
845 372 373 1522 1520 
846 1520 1522 1523 1521 
847 1521 1523 399 398 
848 373 374 1524 1522 
849 1522 1524 1525 1523 
850 1523 1525 400 399 
851 374 375 1526 1524 
852 1524 1526 1527 1525 
853 1525 1527 401 400 
854 375 376 1528 1526 
855 1526 1528 1529 1527 
856 1527 1529 402 401 
857 376 377 1530 1528 
858 1528 1530 1531 1529 
859 1529 1531 403 402 
860 377 378 1532 1530 
861 1530 1532 1533 1531 
862 1531 1533 404 403 
863 378 379 1534 1532 
864 1532 1534 1535 1533 
865 1533 1535 405 404 
866 379 5 1536 1534 
867 1534 1536 1537 1535 
868 1535 1537 12 405 
869 5 114 1538 1536 
870 1536 1538 1539 1537 
871 1537 1539 257 12 
872 114 115 1540 1538 
873 1538 1540 1541 1539 
874 1539 1541 258 257 
875 115 116 1542 1540 
876 1540 1542 1543 1541 
877 1541 1543 259 258 
878 116 117 1544 1542 
879 1542 1544 1545 1543 
880 1543 1545 260 259 
881 117 118 1546 1544 
882 1544 1546 1547 1545 
883 1545 1547 261 260 
884 118 119 1548 1546 
885 1546 1548 1549 1547 
886 1547 1549 262 261 
887 119 120 1550 1548 
888 1548 1550 1551 1549 
889 1549 1551 263 262 
890 120 121 1552 1550 
891 1550 1552 1553 1551 
892 1551 1553 264 263 
893 121 122 1554 1552 
894 1552 1554 1555 1553 
895 1553 1555 265 264 
896 122 123 1556 1554 
897 1554 1556 1557 1555 
898 1555 1557 266 265 
899 123 124 1558 1556 
900 1556 1558 1559 1557 
901 1557 1559 267 266 
902 124 125 1560 1558 
903 1558 1560 1561 1559 
904 1559 1561 268 267 
905 125 126 1562 1560 
906 1560 1562 1563 1561 
907 1561 1563 269 268 
908 126 127 1564 1562 
909 1562 1564 1565 1563 
910 1563 1565 270 269 
911 127 128 1566 1564 
912 1564 1566 1567 1565 
913 1565 1567 271 270 
914 128 129 1568 1566 
915 1566 1568 1569 1567 
916 1567 1569 272 271 
917 129 130 1570 1568 
918 1568 1570 1571 1569 
919 1569 1571 273 272 
920 130 131 1572 1570 
921 1570 1572 1573 1571 
922 1571 1573 274 273 
923 131 132 1574 1572 
924 1572 1574 1575 1573 
925 1573 1575 275 274 
926 132 133 1576 1574 
927 1574 1576 1577 1575 
928 1575 1577 276 275 
929 133 134 1578 1576 
930 1576 1578 1579 1577 
931 1577 1579 277 276 
932 134 135 1580 1578 
933 1578 1580 1581 1579 
934 1579 1581 278 277 
935 135 136 1582 1580 
936 1580 1582 1583 1581 
937 1581 1583 279 278 
938 136 137 1584 1582 
939 1582 1584 1585 1583 
940 1583 1585 280 279 
941 137 138 1586 1584 
942 1584 1586 1587 1585 
943 1585 1587 281 280 
944 138 20 1588 1586 
945 1586 1588 1589 1587 
946 1587 1589 21 281 
947 20 420 1590 1588 
948 1588 1590 1591 1589 
949 1589 1591 690 21 
950 420 421 1592 1590 
951 1590 1592 1593 1591 
952 1591 1593 691 690 
953 421 422 1594 1592 
954 1592 1594 1595 1593 
955 1593 1595 692 691 
956 422 423 1596 1594 
957 1594 1596 1597 1595 
958 1595 1597 693 692 
959 423 424 1598 1596 
960 1596 1598 1599 1597 
961 1597 1599 694 693 
962 424 425 1600 1598 
963 1598 1600 1601 1599 
964 1599 1601 695 694 
965 425 426 1602 1600 
966 1600 1602 1603 1601 
967 1601 1603 696 695 
968 426 427 1604 1602 
969 1602 1604 1605 1603 
970 1603 1605 697 696 
971 427 428 1606 1604 
972 1604 1606 1607 1605 
973 1605 1607 698 697 
974 428 429 1608 1606 
975 1606 1608 1609 1607 
976 1607 1609 699 698 
977 429 430 1610 1608 
978 1608 1610 1611 1609 
979 1609 1611 700 699 
980 430 431 1612 1610 
981 1610 1612 1613 1611 
982 1611 1613 701 700 
983 431 432 1614 1612 
984 1612 1614 1615 1613 
985 1613 1615 702 701 
986 432 433 1616 1614 
987 1614 1616 1617 1615 
988 1615 1617 703 702 
989 433 434 1618 1616 
990 1616 1618 1619 1617 
991 1617 1619 704 703 
992 434 435 1620 1618 
993 1618 1620 1621 1619 
994 1619 1621 705 704 
995 435 436 1622 1620 
996 1620 1622 1623 1621 
997 1621 1623 706 705 
998 436 437 1624 1622 
999 1622 1624 1625 1623 
1000 1623 1625 707 706 
1001 437 438 1626 1624 
1002 1624 1626 1627 1625 
1003 1625 1627 708 707 
1004 438 439 1628 1626 
1005 1626 1628 1629 1627 
1006 1627 1629 709 708 
1007 439 440 1630 1628 
1008 1628 1630 1631 1629 
1009 1629 1631 710 709 
1010 440 441 1632 1630 
1011 1630 1632 1633 1631 
1012 1631 1633 711 710 
1013 441 442 1634 1632 
1014 1632 1634 1635 1633 
1015 1633 1635 712 711 
1016 442 443 1636 1634 
1017 1634 1636 1637 1635 
1018 1635 1637 713 712 
1019 443 444 1638 1636 
1020 1636 1638 1639 1637 
1021 1637 1639 714 713 
1022 444 445 1640 1638 
1023 1638 1640 1641 1639 
1024 1639 1641 715 714 
1025 445 446 1642 1640 
1026 1640 1642 1643 1641 
1027 1641 1643 716 715 
1028 446 447 1644 1642 
1029 1642 1644 1645 1643 
1030 1643 1645 717 716 
1031 447 448 1646 1644 
1032 1644 1646 1647 1645 
1033 1645 1647 718 717 
1034 448 449 1648 1646 
1035 1646 1648 1649 1647 
1036 1647 1649 719 718 
1037 449 450 1650 1648 
1038 1648 1650 1651 1649 
1039 1649 1651 720 719 
1040 450 451 1652 1650 
1041 1650 1652 1653 1651 
1042 1651 1653 721 720 
1043 451 452 1654 1652 
1044 1652 1654 1655 1653 
1045 1653 1655 722 721 
1046 452 453 1656 1654 
1047 1654 1656 1657 1655 
1048 1655 1657 723 722 
1049 453 454 1658 1656 
1050 1656 1658 1659 1657 
1051 1657 1659 724 723 
1052 454 455 1660 1658 
1053 1658 1660 1661 1659 
1054 1659 1661 725 724 
1055 455 456 1662 1660 
1056 1660 1662 1663 1661 
1057 1661 1663 726 725 
1058 456 457 1664 1662 
1059 1662 1664 1665 1663 
1060 1663 1665 727 726 
1061 457 458 1666 1664 
1062 1664 1666 1667 1665 
1063 1665 1667 728 727 
1064 458 459 1668 1666 
1065 1666 1668 1669 1667 
1066 1667 1669 729 728 
1067 459 460 1670 1668 
1068 1668 1670 1671 1669 
1069 1669 1671 730 729 
1070 460 461 1672 1670 
1071 1670 1672 1673 1671 
1072 1671 1673 731 730 
1073 461 462 1674 1672 
1074 1672 1674 1675 1673 
1075 1673 1675 732 731 
1076 462 463 1676 1674 
1077 1674 1676 1677 1675 
1078 1675 1677 733 732 
1079 463 464 1678 1676 
1080 1676 1678 1679 1677 
1081 1677 1679 734 733 
1082 464 465 1680 1678 
1083 1678 1680 1681 1679 
1084 1679 1681 735 734 
1085 465 466 1682 1680 
1086 1680 1682 1683 1681 
1087 1681 1683 736 735 
1088 466 467 1684 1682 
1089 1682 1684 1685 1683 
1090 1683 1685 737 736 
1091 467 468 1686 1684 
1092 1684 1686 1687 1685 
1093 1685 1687 738 737 
1094 468 469 1688 1686 
1095 1686 1688 1689 1687 
1096 1687 1689 739 738 
1097 469 470 1690 1688 
1098 1688 1690 1691 1689 
1099 1689 1691 740 739 
1100 470 471 1692 1690 
1101 1690 1692 1693 1691 
1102 1691 1693 741 740 
1103 471 472 1694 1692 
1104 1692 1694 1695 1693 
1105 1693 1695 742 741 
1106 472 473 1696 1694 
1107 1694 1696 1697 1695 
1108 1695 1697 743 742 
1109 473 474 1698 1696 
1110 1696 1698 1699 1697 
1111 1697 1699 744 743 
1112 474 475 1700 1698 
1113 1698 1700 1701 1699 
1114 1699 1701 745 744 
1115 475 476 1702 1700 
1116 1700 1702 1703 1701 
1117 1701 1703 746 745 
1118 476 477 1704 1702 
1119 1702 1704 1705 1703 
1120 1703 1705 747 746 
1121 477 478 1706 1704 
1122 1704 1706 1707 1705 
1123 1705 1707 748 747 
1124 478 479 1708 1706 
1125 1706 1708 1709 1707 
1126 1707 1709 749 748 
1127 479 480 1710 1708 
1128 1708 1710 1711 1709 
1129 1709 1711 750 749 
1130 480 481 1712 1710 
1131 1710 1712 1713 1711 
1132 1711 1713 751 750 
1133 481 482 1714 1712 
1134 1712 1714 1715 1713 
1135 1713 1715 752 751 
1136 482 483 1716 1714 
1137 1714 1716 1717 1715 
1138 1715 1717 753 752 
1139 483 484 1718 1716 
1140 1716 1718 1719 1717 
1141 1717 1719 754 753 
1142 484 485 1720 1718 
1143 1718 1720 1721 1719 
1144 1719 1721 755 754 
1145 485 486 1722 1720 
1146 1720 1722 1723 1721 
1147 1721 1723 756 755 
1148 486 487 1724 1722 
1149 1722 1724 1725 1723 
1150 1723 1725 757 756 
1151 487 488 1726 1724 
1152 1724 1726 1727 1725 
1153 1725 1727 758 757 
1154 488 489 1728 1726 
1155 1726 1728 1729 1727 
1156 1727 1729 759 758 
1157 489 490 1730 1728 
1158 1728 1730 1731 1729 
1159 1729 1731 760 759 
1160 490 491 1732 1730 
1161 1730 1732 1733 1731 
1162 1731 1733 761 760 
1163 491 492 1734 1732 
1164 1732 1734 1735 1733 
1165 1733 1735 762 761 
1166 492 493 1736 1734 
1167 1734 1736 1737 1735 
1168 1735 1737 763 762 
1169 493 494 1738 1736 
1170 1736 1738 1739 1737 
1171 1737 1739 764 763 
1172 494 495 1740 1738 
1173 1738 1740 1741 1739 
1174 1739 1741 765 764 
1175 495 496 1742 1740 
1176 1740 1742 1743 1741 
1177 1741 1743 766 765 
1178 496 497 1744 1742 
1179 1742 1744 1745 1743 
1180 1743 1745 767 766 
1181 497 498 1746 1744 
1182 1744 1746 1747 1745 
1183 1745 1747 768 767 
1184 498 499 1748 1746 
1185 1746 1748 1749 1747 
1186 1747 1749 769 768 
1187 499 500 1750 1748 
1188 1748 1750 1751 1749 
1189 1749 1751 770 769 
1190 500 501 1752 1750 
1191 1750 1752 1753 1751 
1192 1751 1753 771 770 
1193 501 502 1754 1752 
1194 1752 1754 1755 1753 
1195 1753 1755 772 771 
1196 502 503 1756 1754 
1197 1754 1756 1757 1755 
1198 1755 1757 773 772 
1199 503 504 1758 1756 
1200 1756 1758 1759 1757 
1201 1757 1759 774 773 
1202 504 505 1760 1758 
1203 1758 1760 1761 1759 
1204 1759 1761 775 774 
1205 505 506 1762 1760 
1206 1760 1762 1763 1761 
1207 1761 1763 776 775 
1208 506 507 1764 1762 
1209 1762 1764 1765 1763 
1210 1763 1765 777 776 
1211 507 508 1766 1764 
1212 1764 1766 1767 1765 
1213 1765 1767 778 777 
1214 508 509 1768 1766 
1215 1766 1768 1769 1767 
1216 1767 1769 779 778 
1217 509 510 1770 1768 
1218 1768 1770 1771 1769 
1219 1769 1771 780 779 
1220 510 511 1772 1770 
1221 1770 1772 1773 1771 
1222 1771 1773 781 780 
1223 511 512 1774 1772 
1224 1772 1774 1775 1773 
1225 1773 1775 782 781 
1226 512 513 1776 1774 
1227 1774 1776 1777 1775 
1228 1775 1777 783 782 
1229 513 514 1778 1776 
1230 1776 1778 1779 1777 
1231 1777 1779 784 783 
1232 514 515 1780 1778 
1233 1778 1780 1781 1779 
1234 1779 1781 785 784 
1235 515 516 1782 1780 
1236 1780 1782 1783 1781 
1237 1781 1783 786 785 
1238 516 517 1784 1782 
1239 1782 1784 1785 1783 
1240 1783 1785 787 786 
1241 517 518 1786 1784 
1242 1784 1786 1787 1785 
1243 1785 1787 788 787 
1244 518 519 1788 1786 
1245 1786 1788 1789 1787 
1246 1787 1789 789 788 
1247 519 520 1790 1788 
1248 1788 1790 1791 1789 
1249 1789 1791 790 789 
1250 520 521 1792 1790 
1251 1790 1792 1793 1791 
1252 1791 1793 791 790 
1253 521 522 1794 1792 
1254 1792 1794 1795 1793 
1255 1793 1795 792 791 
1256 522 523 1796 1794 
1257 1794 1796 1797 1795 
1258 1795 1797 793 792 
1259 523 524 1798 1796 
1260 1796 1798 1799 1797 
1261 1797 1799 794 793 
1262 524 525 1800 1798 
1263 1798 1800 1801 1799 
1264 1799 1801 795 794 
1265 525 526 1802 1800 
1266 1800 1802 1803 1801 
1267 1801 1803 796 795 
1268 526 527 1804 1802 
1269 1802 1804 1805 1803 
1270 1803 1805 797 796 
1271 527 528 1806 1804 
1272 1804 1806 1807 1805 
1273 1805 1807 798 797 
1274 528 529 1808 1806 
1275 1806 1808 1809 1807 
1276 1807 1809 799 798 
1277 529 530 1810 1808 
1278 1808 1810 1811 1809 
1279 1809 1811 800 799 
1280 530 531 1812 1810 
1281 1810 1812 1813 1811 
1282 1811 1813 801 800 
1283 531 532 1814 1812 
1284 1812 1814 1815 1813 
1285 1813 1815 802 801 
1286 532 533 1816 1814 
1287 1814 1816 1817 1815 
1288 1815 1817 803 802 
1289 533 534 1818 1816 
1290 1816 1818 1819 1817 
1291 1817 1819 804 803 
1292 534 535 1820 1818 
1293 1818 1820 1821 1819 
1294 1819 1821 805 804 
1295 535 536 1822 1820 
1296 1820 1822 1823 1821 
1297 1821 1823 806 805 
1298 536 537 1824 1822 
1299 1822 1824 1825 1823 
1300 1823 1825 807 806 
1301 537 538 1826 1824 
1302 1824 1826 1827 1825 
1303 1825 1827 808 807 
1304 538 539 1828 1826 
1305 1826 1828 1829 1827 
1306 1827 1829 809 808 
1307 539 540 1830 1828 
1308 1828 1830 1831 1829 
1309 1829 1831 810 809 
1310 540 541 1832 1830 
1311 1830 1832 1833 1831 
1312 1831 1833 811 810 
1313 541 542 1834 1832 
1314 1832 1834 1835 1833 
1315 1833 1835 812 811 
1316 542 543 1836 1834 
1317 1834 1836 1837 1835 
1318 1835 1837 813 812 
1319 543 544 1838 1836 
1320 1836 1838 1839 1837 
1321 1837 1839 814 813 
1322 544 545 1840 1838 
1323 1838 1840 1841 1839 
1324 1839 1841 815 814 
1325 545 546 1842 1840 
1326 1840 1842 1843 1841 
1327 1841 1843 816 815 
1328 546 547 1844 1842 
1329 1842 1844 1845 1843 
1330 1843 1845 817 816 
1331 547 548 1846 1844 
1332 1844 1846 1847 1845 
1333 1845 1847 818 817 
1334 548 549 1848 1846 
1335 1846 1848 1849 1847 
1336 1847 1849 819 818 
1337 549 550 1850 1848 
1338 1848 1850 1851 1849 
1339 1849 1851 820 819 
1340 550 551 1852 1850 
1341 1850 1852 1853 1851 
1342 1851 1853 821 820 
1343 551 552 1854 1852 
1344 1852 1854 1855 1853 
1345 1853 1855 822 821 
1346 552 553 1856 1854 
1347 1854 1856 1857 1855 
1348 1855 1857 823 822 
1349 553 554 1858 1856 
1350 1856 1858 1859 1857 
1351 1857 1859 824 823 
1352 554 555 1860 1858 
1353 1858 1860 1861 1859 
1354 1859 1861 825 824 
1355 555 556 1862 1860 
1356 1860 1862 1863 1861 
1357 1861 1863 826 825 
1358 556 557 1864 1862 
1359 1862 1864 1865 1863 
1360 1863 1865 827 826 
1361 557 558 1866 1864 
1362 1864 1866 1867 1865 
1363 1865 1867 828 827 
1364 558 559 1868 1866 
1365 1866 1868 1869 1867 
1366 1867 1869 829 828 
1367 559 560 1870 1868 
1368 1868 1870 1871 1869 
1369 1869 1871 830 829 
1370 560 561 1872 1870 
1371 1870 1872 1873 1871 
1372 1871 1873 831 830 
1373 561 562 1874 1872 
1374 1872 1874 1875 1873 
1375 1873 1875 832 831 
1376 562 563 1876 1874 
1377 1874 1876 1877 1875 
1378 1875 1877 833 832 
1379 563 564 1878 1876 
1380 1876 1878 1879 1877 
1381 1877 1879 834 833 
1382 564 565 1880 1878 
1383 1878 1880 1881 1879 
1384 1879 1881 835 834 
1385 565 566 1882 1880 
1386 1880 1882 1883 1881 
1387 1881 1883 836 835 
1388 566 567 1884 1882 
1389 1882 1884 1885 1883 
1390 1883 1885 837 836 
1391 567 568 1886 1884 
1392 1884 1886 1887 1885 
1393 1885 1887 838 837 
1394 568 569 1888 1886 
1395 1886 1888 1889 1887 
1396 1887 1889 839 838 
1397 569 570 1890 1888 
1398 1888 1890 1891 1889 
1399 1889 1891 840 839 
1400 570 571 1892 1890 
1401 1890 1892 1893 1891 
1402 1891 1893 841 840 
1403 571 572 1894 1892 
1404 1892 1894 1895 1893 
1405 1893 1895 842 841 
1406 572 573 1896 1894 
1407 1894 1896 1897 1895 
1408 1895 1897 843 842 
1409 573 574 1898 1896 
1410 1896 1898 1899 1897 
1411 1897 1899 844 843 
1412 574 575 1900 1898 
1413 1898 1900 1901 1899 
1414 1899 1901 845 844 
1415 575 576 1902 1900 
1416 1900 1902 1903 1901 
1417 1901 1903 846 845 
1418 576 577 1904 1902 
1419 1902 1904 1905 1903 
1420 1903 1905 847 846 
1421 577 578 1906 1904 
1422 1904 1906 1907 1905 
1423 1905 1907 848 847 
1424 578 579 1908 1906 
1425 1906 1908 1909 1907 
1426 1907 1909 849 848 
1427 579 580 1910 1908 
1428 1908 1910 1911 1909 
1429 1909 1911 850 849 
1430 580 581 1912 1910 
1431 1910 1912 1913 1911 
1432 1911 1913 851 850 
1433 581 582 1914 1912 
1434 1912 1914 1915 1913 
1435 1913 1915 852 851 
1436 582 583 1916 1914 
1437 1914 1916 1917 1915 
1438 1915 1917 853 852 
1439 583 584 1918 1916 
1440 1916 1918 1919 1917 
1441 1917 1919 854 853 
1442 584 585 1920 1918 
1443 1918 1920 1921 1919 
1444 1919 1921 855 854 
1445 585 586 1922 1920 
1446 1920 1922 1923 1921 
1447 1921 1923 856 855 
1448 586 587 1924 1922 
1449 1922 1924 1925 1923 
1450 1923 1925 857 856 
1451 587 588 1926 1924 
1452 1924 1926 1927 1925 
1453 1925 1927 858 857 
1454 588 589 1928 1926 
1455 1926 1928 1929 1927 
1456 1927 1929 859 858 
1457 589 590 1930 1928 
1458 1928 1930 1931 1929 
1459 1929 1931 860 859 
1460 590 591 1932 1930 
1461 1930 1932 1933 1931 
1462 1931 1933 861 860 
1463 591 592 1934 1932 
1464 1932 1934 1935 1933 
1465 1933 1935 862 861 
1466 592 593 1936 1934 
1467 1934 1936 1937 1935 
1468 1935 1937 863 862 
1469 593 594 1938 1936 
1470 1936 1938 1939 1937 
1471 1937 1939 864 863 
1472 594 595 1940 1938 
1473 1938 1940 1941 1939 
1474 1939 1941 865 864 
1475 595 596 1942 1940 
1476 1940 1942 1943 1941 
1477 1941 1943 866 865 
1478 596 597 1944 1942 
1479 1942 1944 1945 1943 
1480 1943 1945 867 866 
1481 597 598 1946 1944 
1482 1944 1946 1947 1945 
1483 1945 1947 868 867 
1484 598 599 1948 1946 
1485 1946 1948 1949 1947 
1486 1947 1949 869 868 
1487 599 600 1950 1948 
1488 1948 1950 1951 1949 
1489 1949 1951 870 869 
1490 600 601 1952 1950 
1491 1950 1952 1953 1951 
1492 1951 1953 871 870 
1493 601 602 1954 1952 
1494 1952 1954 1955 1953 
1495 1953 1955 872 871 
1496 602 603 1956 1954 
1497 1954 1956 1957 1955 
1498 1955 1957 873 872 
1499 603 604 1958 1956 
1500 1956 1958 1959 1957 
1501 1957 1959 874 873 
1502 604 605 1960 1958 
1503 1958 1960 1961 1959 
1504 1959 1961 875 874 
1505 605 606 1962 1960 
1506 1960 1962 1963 1961 
1507 1961 1963 876 875 
1508 606 607 1964 1962 
1509 1962 1964 1965 1963 
1510 1963 1965 877 876 
1511 607 608 1966 1964 
1512 1964 1966 1967 1965 
1513 1965 1967 878 877 
1514 608 609 1968 1966 
1515 1966 1968 1969 1967 
1516 1967 1969 879 878 
1517 609 610 1970 1968 
1518 1968 1970 1971 1969 
1519 1969 1971 880 879 
1520 610 611 1972 1970 
1521 1970 1972 1973 1971 
1522 1971 1973 881 880 
1523 611 612 1974 1972 
1524 1972 1974 1975 1973 
1525 1973 1975 882 881 
1526 612 613 1976 1974 
1527 1974 1976 1977 1975 
1528 1975 1977 883 882 
1529 613 614 1978 1976 
1530 1976 1978 1979 1977 
1531 1977 1979 884 883 
1532 614 615 1980 1978 
1533 1978 1980 1981 1979 
1534 1979 1981 885 884 
1535 615 616 1982 1980 
1536 1980 1982 1983 1981 
1537 1981 1983 886 885 
1538 616 617 1984 1982 
1539 1982 1984 1985 1983 
1540 1983 1985 887 886 
1541 617 618 1986 1984 
1542 1984 1986 1987 1985 
1543 1985 1987 888 887 
1544 618 619 1988 1986 
1545 1986 1988 1989 1987 
1546 1987 1989 889 888 
1547 619 620 1990 1988 
1548 1988 1990 1991 1989 
1549 1989 1991 890 889 
1550 620 621 1992 1990 
1551 1990 1992 1993 1991 
1552 1991 1993 891 890 
1553 621 622 1994 1992 
1554 1992 1994 1995 1993 
1555 1993 1995 892 891 
1556 622 623 1996 1994 
1557 1994 1996 1997 1995 
1558 1995 1997 893 892 
1559 623 624 1998 1996 
1560 1996 1998 1999 1997 
1561 1997 1999 894 893 
1562 624 625 2000 1998 
1563 1998 2000 2001 1999 
1564 1999 2001 895 894 
1565 625 626 2002 2000 
1566 2000 2002 2003 2001 
1567 2001 2003 896 895 
1568 626 627 2004 2002 
1569 2002 2004 2005 2003 
1570 2003 2005 897 896 
1571 627 628 2006 2004 
1572 2004 2006 2007 2005 
1573 2005 2007 898 897 
1574 628 629 2008 2006 
1575 2006 2008 2009 2007 
1576 2007 2009 899 898 
1577 629 630 2010 2008 
1578 2008 2010 2011 2009 
1579 2009 2011 900 899 
1580 630 631 2012 2010 
1581 2010 2012 2013 2011 
1582 2011 2013 901 900 
1583 631 632 2014 2012 
1584 2012 2014 2015 2013 
1585 2013 2015 902 901 
1586 632 633 2016 2014 
1587 2014 2016 2017 2015 
1588 2015 2017 903 902 
1589 633 634 2018 2016 
1590 2016 2018 2019 2017 
1591 2017 2019 904 903 
1592 634 635 2020 2018 
1593 2018 2020 2021 2019 
1594 2019 2021 905 904 
1595 635 636 2022 2020 
1596 2020 2022 2023 2021 
1597 2021 2023 906 905 
1598 636 637 2024 2022 
1599 2022 2024 2025 2023 
1600 2023 2025 907 906 
1601 637 638 2026 2024 
1602 2024 2026 2027 2025 
1603 2025 2027 908 907 
1604 638 639 2028 2026 
1605 2026 2028 2029 2027 
1606 2027 2029 909 908 
1607 639 640 2030 2028 
1608 2028 2030 2031 2029 
1609 2029 2031 910 909 
1610 640 641 2032 2030 
1611 2030 2032 2033 2031 
1612 2031 2033 911 910 
1613 641 642 2034 2032 
1614 2032 2034 2035 2033 
1615 2033 2035 912 911 
1616 642 643 2036 2034 
1617 2034 2036 2037 2035 
1618 2035 2037 913 912 
1619 643 644 2038 2036 
1620 2036 2038 2039 2037 
1621 2037 2039 914 913 
1622 644 645 2040 2038 
1623 2038 2040 2041 2039 
1624 2039 2041 915 914 
1625 645 646 2042 2040 
1626 2040 2042 2043 2041 
1627 2041 2043 916 915 
1628 646 647 2044 2042 
1629 2042 2044 2045 2043 
1630 2043 2045 917 916 
1631 647 648 2046 2044 
1632 2044 2046 2047 2045 
1633 2045 2047 918 917 
1634 648 649 2048 2046 
1635 2046 2048 2049 2047 
1636 2047 2049 919 918 
1637 649 650 2050 2048 
1638 2048 2050 2051 2049 
1639 2049 2051 920 919 
1640 650 651 2052 2050 
1641 2050 2052 2053 2051 
1642 2051 2053 921 920 
1643 651 652 2054 2052 
1644 2052 2054 2055 2053 
1645 2053 2055 922 921 
1646 652 653 2056 2054 
1647 2054 2056 2057 2055 
1648 2055 2057 923 922 
1649 653 654 2058 2056 
1650 2056 2058 2059 2057 
1651 2057 2059 924 923 
1652 654 655 2060 2058 
1653 2058 2060 2061 2059 
1654 2059 2061 925 924 
1655 655 656 2062 2060 
1656 2060 2062 2063 2061 
1657 2061 2063 926 925 
1658 656 657 2064 2062 
1659 2062 2064 2065 2063 
1660 2063 2065 927 926 
1661 657 658 2066 2064 
1662 2064 2066 2067 2065 
1663 2065 2067 928 927 
1664 658 659 2068 2066 
1665 2066 2068 2069 2067 
1666 2067 2069 929 928 
1667 659 660 2070 2068 
1668 2068 2070 2071 2069 
1669 2069 2071 930 929 
1670 660 661 2072 2070 
1671 2070 2072 2073 2071 
1672 2071 2073 931 930 
1673 661 662 2074 2072 
1674 2072 2074 2075 2073 
1675 2073 2075 932 931 
1676 662 663 2076 2074 
1677 2074 2076 2077 2075 
1678 2075 2077 933 932 
1679 663 664 2078 2076 
1680 2076 2078 2079 2077 
1681 2077 2079 934 933 
1682 664 665 2080 2078 
1683 2078 2080 2081 2079 
1684 2079 2081 935 934 
1685 665 666 2082 2080 
1686 2080 2082 2083 2081 
1687 2081 2083 936 935 
1688 666 667 2084 2082 
1689 2082 2084 2085 2083 
1690 2083 2085 937 936 
1691 667 668 2086 2084 
1692 2084 2086 2087 2085 
1693 2085 2087 938 937 
1694 668 669 2088 2086 
1695 2086 2088 2089 2087 
1696 2087 2089 939 938 
1697 669 670 2090 2088 
1698 2088 2090 2091 2089 
1699 2089 2091 940 939 
1700 670 671 2092 2090 
1701 2090 2092 2093 2091 
1702 2091 2093 941 940 
1703 671 672 2094 2092 
1704 2092 2094 2095 2093 
1705 2093 2095 942 941 
1706 672 673 2096 2094 
1707 2094 2096 2097 2095 
1708 2095 2097 943 942 
1709 673 674 2098 2096 
1710 2096 2098 2099 2097 
1711 2097 2099 944 943 
1712 674 675 2100 2098 
1713 2098 2100 2101 2099 
1714 2099 2101 945 944 
1715 675 676 2102 2100 
1716 2100 2102 2103 2101 
1717 2101 2103 946 945 
1718 676 677 2104 2102 
1719 2102 2104 2105 2103 
1720 2103 2105 947 946 
1721 677 678 2106 2104 
1722 2104 2106 2107 2105 
1723 2105 2107 948 947 
1724 678 679 2108 2106 
1725 2106 2108 2109 2107 
1726 2107 2109 949 948 
1727 679 680 2110 2108 
1728 2108 2110 2111 2109 
1729 2109 2111 950 949 
1730 680 681 2112 2110 
1731 2110 2112 2113 2111 
1732 2111 2113 951 950 
1733 681 682 2114 2112 
1734 2112 2114 2115 2113 
1735 2113 2115 952 951 
1736 682 683 2116 2114 
1737 2114 2116 2117 2115 
1738 2115 2117 953 952 
1739 683 684 2118 2116 
1740 2116 2118 2119 2117 
1741 2117 2119 954 953 
1742 684 685 2120 2118 
1743 2118 2120 2121 2119 
1744 2119 2121 955 954 
1745 685 686 2122 2120 
1746 2120 2122 2123 2121 
1747 2121 2123 956 955 
1748 686 687 2124 2122 
1749 2122 2124 2125 2123 
1750 2123 2125 957 956 
1751 687 688 2126 2124 
1752 2124 2126 2127 2125 
1753 2125 2127 958 957 
1754 688 689 2128 2126 
1755 2126 2128 2129 2127 
1756 2127 2129 959 958 
1757 689 6 139 2128 
1758 2128 139 140 2129 
1759 2129 140 7 959 
2 2 3 1344
1760 3 81 2130 314 
1761 314 2130 2131 313 
1762 313 2131 2132 312 
1763 312 2132 2133 311 
1764 311 2133 2134 310 
1765 310 2134 2135 309 
1766 309 2135 2136 308 
1767 308 2136 2137 307 
1768 307 2137 2138 306 
1769 306 2138 2139 305 
1770 305 2139 2140 304 
1771 304 2140 2141 303 
1772 303 2141 2142 302 
1773 302 2142 2143 15 
1774 15 2143 2144 80 
1775 80 2144 2145 79 
1776 79 2145 2146 78 
1777 78 2146 2147 77 
1778 77 2147 2148 76 
1779 76 2148 2149 75 
1780 75 2149 2150 74 
1781 74 2150 2151 73 
1782 73 2151 2152 72 
1783 72 2152 2153 71 
1784 71 2153 2154 70 
1785 70 2154 2155 69 
1786 69 2155 2156 68 
1787 68 2156 282 2 
1788 81 82 2157 2130 
1789 2130 2157 2158 2131 
1790 2131 2158 2159 2132 
1791 2132 2159 2160 2133 
1792 2133 2160 2161 2134 
1793 2134 2161 2162 2135 
1794 2135 2162 2163 2136 
1795 2136 2163 2164 2137 
1796 2137 2164 2165 2138 
1797 2138 2165 2166 2139 
1798 2139 2166 2167 2140 
1799 2140 2167 2168 2141 
1800 2141 2168 2169 2142 
1801 2142 2169 2170 2143 
1802 2143 2170 2171 2144 
1803 2144 2171 2172 2145 
1804 2145 2172 2173 2146 
1805 2146 2173 2174 2147 
1806 2147 2174 2175 2148 
1807 2148 2175 2176 2149 
1808 2149 2176 2177 2150 
1809 2150 2177 2178 2151 
1810 2151 2178 2179 2152 
1811 2152 2179 2180 2153 
1812 2153 2180 2181 2154 
1813 2154 2181 2182 2155 
1814 2155 2182 2183 2156 
1815 2156 2183 283 282 
1816 82 83 2184 2157 
1817 2157 2184 2185 2158 
1818 2158 2185 2186 2159 
1819 2159 2186 2187 2160 
1820 2160 2187 2188 2161 
1821 2161 2188 2189 2162 
1822 2162 2189 2190 2163 
1823 2163 2190 2191 2164 
1824 2164 2191 2192 2165 
1825 2165 2192 2193 2166 
1826 2166 2193 2194 2167 
1827 2167 2194 2195 2168 
1828 2168 2195 2196 2169 
1829 2169 2196 2197 2170 
1830 2170 2197 2198 2171 
1831 2171 2198 2199 2172 
1832 2172 2199 2200 2173 
1833 2173 2200 2201 2174 
1834 2174 2201 2202 2175 
1835 2175 2202 2203 2176 
1836 2176 2203 2204 2177 
1837 2177 2204 2205 2178 
1838 2178 2205 2206 2179 
1839 2179 2206 2207 2180 
1840 2180 2207 2208 2181 
1841 2181 2208 2209 2182 
1842 2182 2209 2210 2183 
1843 2183 2210 284 283 
1844 83 84 2211 2184 
1845 2184 2211 2212 2185 
1846 2185 2212 2213 2186 
1847 2186 2213 2214 2187 
1848 2187 2214 2215 2188 
1849 2188 2215 2216 2189 
1850 2189 2216 2217 2190 
1851 2190 2217 2218 2191 
1852 2191 2218 2219 2192 
1853 2192 2219 2220 2193 
1854 2193 2220 2221 2194 
1855 2194 2221 2222 2195 
1856 2195 2222 2223 2196 
1857 2196 2223 2224 2197 
1858 2197 2224 2225 2198 
1859 2198 2225 2226 2199 
1860 2199 2226 2227 2200 
1861 2200 2227 2228 2201 
1862 2201 2228 2229 2202 
1863 2202 2229 2230 2203 
1864 2203 2230 2231 2204 
1865 2204 2231 2232 2205 
1866 2205 2232 2233 2206 
1867 2206 2233 2234 2207 
1868 2207 2234 2235 2208 
1869 2208 2235 2236 2209 
1870 2209 2236 2237 2210 
1871 2210 2237 285 284 
1872 84 85 2238 2211 
1873 2211 2238 2239 2212 
1874 2212 2239 2240 2213 
1875 2213 2240 2241 2214 
1876 2214 2241 2242 2215 
1877 2215 2242 2243 2216 
1878 2216 2243 2244 2217 
1879 2217 2244 2245 2218 
1880 2218 2245 2246 2219 
1881 2219 2246 2247 2220 
1882 2220 2247 2248 2221 
1883 2221 2248 2249 2222 
1884 2222 2249 2250 2223 
1885 2223 2250 2251 2224 
1886 2224 2251 2252 2225 
1887 2225 2252 2253 2226 
1888 2226 2253 2254 2227 
1889 2227 2254 2255 2228 
1890 2228 2255 2256 2229 
1891 2229 2256 2257 2230 
1892 2230 2257 2258 2231 
1893 2231 2258 2259 2232 
1894 2232 2259 2260 2233 
1895 2233 2260 2261 2234 
1896 2234 2261 2262 2235 
1897 2235 2262 2263 2236 
1898 2236 2263 2264 2237 
1899 2237 2264 286 285 
1900 85 86 2265 2238 
1901 2238 2265 2266 2239 
1902 2239 2266 2267 2240 
1903 2240 2267 2268 2241 
1904 2241 2268 2269 2242 
1905 2242 2269 2270 2243 
1906 2243 2270 2271 2244 
1907 2244 2271 2272 2245 
1908 2245 2272 2273 2246 
1909 2246 2273 2274 2247 
1910 2247 2274 2275 2248 
1911 2248 2275 2276 2249 
1912 2249 2276 2277 2250 
1913 2250 2277 2278 2251 
1914 2251 2278 2279 2252 
1915 2252 2279 2280 2253 
1916 2253 2280 2281 2254 
1917 2254 2281 2282 2255 
1918 2255 2282 2283 2256 
1919 2256 2283 2284 2257 
1920 2257 2284 2285 2258 
1921 2258 2285 2286 2259 
1922 2259 2286 2287 2260 
1923 2260 2287 2288 2261 
1924 2261 2288 2289 2262 
1925 2262 2289 2290 2263 
1926 2263 2290 2291 2264 
1927 2264 2291 287 286 
1928 86 87 2292 2265 
1929 2265 2292 2293 2266 
1930 2266 2293 2294 2267 
1931 2267 2294 2295 2268 
1932 2268 2295 2296 2269 
1933 2269 2296 2297 2270 
1934 2270 2297 2298 2271 
1935 2271 2298 2299 2272 
1936 2272 2299 2300 2273 
1937 2273 2300 2301 2274 
1938 2274 2301 2302 2275 
1939 2275 2302 2303 2276 
1940 2276 2303 2304 2277 
1941 2277 2304 2305 2278 
1942 2278 2305 2306 2279 
1943 2279 2306 2307 2280 
1944 2280 2307 2308 2281 
1945 2281 2308 2309 2282 
1946 2282 2309 2310 2283 
1947 2283 2310 2311 2284 
1948 2284 2311 2312 2285 
1949 2285 2312 2313 2286 
1950 2286 2313 2314 2287 
1951 2287 2314 2315 2288 
1952 2288 2315 2316 2289 
1953 2289 2316 2317 2290 
1954 2290 2317 2318 2291 
1955 2291 2318 288 287 
1956 87 88 2319 2292 
1957 2292 2319 2320 2293 
1958 2293 2320 2321 2294 
1959 2294 2321 2322 2295 
1960 2295 2322 2323 2296 
1961 2296 2323 2324 2297 
1962 2297 2324 2325 2298 
1963 2298 2325 2326 2299 
1964 2299 2326 2327 2300 
1965 2300 2327 2328 2301 
1966 2301 2328 2329 2302 
1967 2302 2329 2330 2303 
1968 2303 2330 2331 2304 
1969 2304 2331 2332 2305 
1970 2305 2332 2333 2306 
1971 2306 2333 2334 2307 
1972 2307 2334 2335 2308 
1973 2308 2335 2336 2309 
1974 2309 2336 2337 2310 
1975 2310 2337 2338 2311 
1976 2311 2338 2339 2312 
1977 2312 2339 2340 2313 
1978 2313 2340 2341 2314 
1979 2314 2341 2342 2315 
1980 2315 2342 2343 2316 
1981 2316 2343 2344 2317 
1982 2317 2344 2345 2318 
1983 2318 2345 289 288 
1984 88 89 2346 2319 
1985 2319 2346 2347 2320 
1986 2320 2347 2348 2321 
1987 2321 2348 2349 2322 
1988 2322 2349 2350 2323 
1989 2323 2350 2351 2324 
1990 2324 2351 2352 2325 
1991 2325 2352 2353 2326 
1992 2326 2353 2354 2327 
1993 2327 2354 2355 2328 
1994 2328 2355 2356 2329 
1995 2329 2356 2357 2330 
1996 2330 2357 2358 2331 
1997 2331 2358 2359 2332 
1998 2332 2359 2360 2333 
1999 2333 2360 2361 2334 
2000 2334 2361 2362 2335 
2001 2335 2362 2363 2336 
2002 2336 2363 2364 2337 
2003 2337 2364 2365 2338 
2004 2338 2365 2366 2339 
2005 2339 2366 2367 2340 
2006 2340 2367 2368 2341 
2007 2341 2368 2369 2342 
2008 2342 2369 2370 2343 
2009 2343 2370 2371 2344 
2010 2344 2371 2372 2345 
2011 2345 2372 290 289 
2012 89 90 2373 2346 
2013 2346 2373 2374 2347 
2014 2347 2374 2375 2348 
2015 2348 2375 2376 2349 
2016 2349 2376 2377 2350 
2017 2350 2377 2378 2351 
2018 2351 2378 2379 2352 
2019 2352 2379 2380 2353 
2020 2353 2380 2381 2354 
2021 2354 2381 2382 2355 
2022 2355 2382 2383 2356 
2023 2356 2383 2384 2357 
2024 2357 2384 2385 2358 
2025 2358 2385 2386 2359 
2026 2359 2386 2387 2360 
2027 2360 2387 2388 2361 
2028 2361 2388 2389 2362 
2029 2362 2389 2390 2363 
2030 2363 2390 2391 2364 
2031 2364 2391 2392 2365 
2032 2365 2392 2393 2366 
2033 2366 2393 2394 2367 
2034 2367 2394 2395 2368 
2035 2368 2395 2396 2369 
2036 2369 2396 2397 2370 
2037 2370 2397 2398 2371 
2038 2371 2398 2399 2372 
2039 2372 2399 291 290 
2040 90 91 2400 2373 
2041 2373 2400 2401 2374 
2042 2374 2401 2402 2375 
2043 2375 2402 2403 2376 
2044 2376 2403 2404 2377 
2045 2377 2404 2405 2378 
2046 2378 2405 2406 2379 
2047 2379 2406 2407 2380 
2048 2380 2407 2408 2381 
2049 2381 2408 2409 2382 
2050 2382 2409 2410 2383 
2051 2383 2410 2411 2384 
2052 2384 2411 2412 2385 
2053 2385 2412 2413 2386 
2054 2386 2413 2414 2387 
2055 2387 2414 2415 2388 
2056 2388 2415 2416 2389 
2057 2389 2416 2417 2390 
2058 2390 2417 2418 2391 
2059 2391 2418 2419 2392 
2060 2392 2419 2420 2393 
2061 2393 2420 2421 2394 
2062 2394 2421 2422 2395 
2063 2395 2422 2423 2396 
2064 2396 2423 2424 2397 
2065 2397 2424 2425 2398 
2066 2398 2425 2426 2399 
2067 2399 2426 292 291 
2068 91 92 2427 2400 
2069 2400 2427 2428 2401 
2070 2401 2428 2429 2402 
2071 2402 2429 2430 2403 
2072 2403 2430 2431 2404 
2073 2404 2431 2432 2405 
2074 2405 2432 2433 2406 
2075 2406 2433 2434 2407 
2076 2407 2434 2435 2408 
2077 2408 2435 2436 2409 
2078 2409 2436 2437 2410 
2079 2410 2437 2438 2411 
2080 2411 2438 2439 2412 
2081 2412 2439 2440 2413 
2082 2413 2440 2441 2414 
2083 2414 2441 2442 2415 
2084 2415 2442 2443 2416 
2085 2416 2443 2444 2417 
2086 2417 2444 2445 2418 
2087 2418 2445 2446 2419 
2088 2419 2446 2447 2420 
2089 2420 2447 2448 2421 
2090 2421 2448 2449 2422 
2091 2422 2449 2450 2423 
2092 2423 2450 2451 2424 
2093 2424 2451 2452 2425 
2094 2425 2452 2453 2426 
2095 2426 2453 293 292 
2096 92 93 2454 2427 
2097 2427 2454 2455 2428 
2098 2428 2455 2456 2429 
2099 2429 2456 2457 2430 
2100 2430 2457 2458 2431 
2101 2431 2458 2459 2432 
2102 2432 2459 2460 2433 
2103 2433 2460 2461 2434 
2104 2434 2461 2462 2435 
2105 2435 2462 2463 2436 
2106 2436 2463 2464 2437 
2107 2437 2464 2465 2438 
2108 2438 2465 2466 2439 
2109 2439 2466 2467 2440 
2110 2440 2467 2468 2441 
2111 2441 2468 2469 2442 
2112 2442 2469 2470 2443 
2113 2443 2470 2471 2444 
2114 2444 2471 2472 2445 
2115 2445 2472 2473 2446 
2116 2446 2473 2474 2447 
2117 2447 2474 2475 2448 
2118 2448 2475 2476 2449 
2119 2449 2476 2477 2450 
2120 2450 2477 2478 2451 
2121 2451 2478 2479 2452 
2122 2452 2479 2480 2453 
2123 2453 2480 294 293 
2124 93 94 2481 2454 
2125 2454 2481 2482 2455 
2126 2455 2482 2483 2456 
2127 2456 2483 2484 2457 
2128 2457 2484 2485 2458 
2129 2458 2485 2486 2459 
2130 2459 2486 2487 2460 
2131 2460 2487 2488 2461 
2132 2461 2488 2489 2462 
2133 2462 2489 2490 2463 
2134 2463 2490 2491 2464 
2135 2464 2491 2492 2465 
2136 2465 2492 2493 2466 
2137 2466 2493 2494 2467 
2138 2467 2494 2495 2468 
2139 2468 2495 2496 2469 
2140 2469 2496 2497 2470 
2141 2470 2497 2498 2471 
2142 2471 2498 2499 2472 
2143 2472 2499 2500 2473 
2144 2473 2500 2501 2474 
2145 2474 2501 2502 2475 
2146 2475 2502 2503 2476 
2147 2476 2503 2504 2477 
2148 2477 2504 2505 2478 
2149 2478 2505 2506 2479 
2150 2479 2506 2507 2480 
2151 2480 2507 295 294 
2152 94 95 2508 2481 
2153 2481 2508 2509 2482 
2154 2482 2509 2510 2483 
2155 2483 2510 2511 2484 
2156 2484 2511 2512 2485 
2157 2485 2512 2513 2486 
2158 2486 2513 2514 2487 
2159 2487 2514 2515 2488 
2160 2488 2515 2516 2489 
2161 2489 2516 2517 2490 
2162 2490 2517 2518 2491 
2163 2491 2518 2519 2492 
2164 2492 2519 2520 2493 
2165 2493 2520 2521 2494 
2166 2494 2521 2522 2495 
2167 2495 2522 2523 2496 
2168 2496 2523 2524 2497 
2169 2497 2524 2525 2498 
2170 2498 2525 2526 2499 
2171 2499 2526 2527 2500 
2172 2500 2527 2528 2501 
2173 2501 2528 2529 2502 
2174 2502 2529 2530 2503 
2175 2503 2530 2531 2504 
2176 2504 2531 2532 2505 
2177 2505 2532 2533 2506 
2178 2506 2533 2534 2507 
2179 2507 2534 296 295 
2180 95 96 2535 2508 
2181 2508 2535 2536 2509 
2182 2509 2536 2537 2510 
2183 2510 2537 2538 2511 
2184 2511 2538 2539 2512 
2185 2512 2539 2540 2513 
2186 2513 2540 2541 2514 
2187 2514 2541 2542 2515 
2188 2515 2542 2543 2516 
2189 2516 2543 2544 2517 
2190 2517 2544 2545 2518 
2191 2518 2545 2546 2519 
2192 2519 2546 2547 2520 
2193 2520 2547 2548 2521 
2194 2521 2548 2549 2522 
2195 2522 2549 2550 2523 
2196 2523 2550 2551 2524 
2197 2524 2551 2552 2525 
2198 2525 2552 2553 2526 
2199 2526 2553 2554 2527 
2200 2527 2554 2555 2528 
2201 2528 2555 2556 2529 
2202 2529 2556 2557 2530 
2203 2530 2557 2558 2531 
2204 2531 2558 2559 2532 
2205 2532 2559 2560 2533 
2206 2533 2560 2561 2534 
2207 2534 2561 297 296 
2208 96 97 2562 2535 
2209 2535 2562 2563 2536 
2210 2536 2563 2564 2537 
2211 2537 2564 2565 2538 
2212 2538 2565 2566 2539 
2213 2539 2566 2567 2540 
2214 2540 2567 2568 2541 
2215 2541 2568 2569 2542 
2216 2542 2569 2570 2543 
2217 2543 2570 2571 2544 
2218 2544 2571 2572 2545 
2219 2545 2572 2573 2546 
2220 2546 2573 2574 2547 
2221 2547 2574 2575 2548 
2222 2548 2575 2576 2549 
2223 2549 2576 2577 2550 
2224 2550 2577 2578 2551 
2225 2551 2578 2579 2552 
2226 2552 2579 2580 2553 
2227 2553 2580 2581 2554 
2228 2554 2581 2582 2555 
2229 2555 2582 2583 2556 
2230 2556 2583 2584 2557 
2231 2557 2584 2585 2558 
2232 2558 2585 2586 2559 
2233 2559 2586 2587 2560 
2234 2560 2587 2588 2561 
2235 2561 2588 298 297 
2236 97 98 2589 2562 
2237 2562 2589 2590 2563 
2238 2563 2590 2591 2564 
2239 2564 2591 2592 2565 
2240 2565 2592 2593 2566 
2241 2566 2593 2594 2567 
2242 2567 2594 2595 2568 
2243 2568 2595 2596 2569 
2244 2569 2596 2597 2570 
2245 2570 2597 2598 2571 
2246 2571 2598 2599 2572 
2247 2572 2599 2600 2573 
2248 2573 2600 2601 2574 
2249 2574 2601 2602 2575 
2250 2575 2602 2603 2576 
2251 2576 2603 2604 2577 
2252 2577 2604 2605 2578 
2253 2578 2605 2606 2579 
2254 2579 2606 2607 2580 
2255 2580 2607 2608 2581 
2256 2581 2608 2609 2582 
2257 2582 2609 2610 2583 
2258 2583 2610 2611 2584 
2259 2584 2611 2612 2585 
2260 2585 2612 2613 2586 
2261 2586 2613 2614 2587 
2262 2587 2614 2615 2588 
2263 2588 2615 299 298 
2264 98 99 2616 2589 
2265 2589 2616 2617 2590 
2266 2590 2617 2618 2591 
2267 2591 2618 2619 2592 
2268 2592 2619 2620 2593 
2269 2593 2620 2621 2594 
2270 2594 2621 2622 2595 
2271 2595 2622 2623 2596 
2272 2596 2623 2624 2597 
2273 2597 2624 2625 2598 
2274 2598 2625 2626 2599 
2275 2599 2626 2627 2600 
2276 2600 2627 2628 2601 
2277 2601 2628 2629 2602 
2278 2602 2629 2630 2603 
2279 2603 2630 2631 2604 
2280 2604 2631 2632 2605 
2281 2605 2632 2633 2606 
2282 2606 2633 2634 2607 
2283 2607 2634 2635 2608 
2284 2608 2635 2636 2609 
2285 2609 2636 2637 2610 
2286 2610 2637 2638 2611 
2287 2611 2638 2639 2612 
2288 2612 2639 2640 2613 
2289 2613 2640 2641 2614 
2290 2614 2641 2642 2615 
2291 2615 2642 300 299 
2292 99 100 2643 2616 
2293 2616 2643 2644 2617 
2294 2617 2644 2645 2618 
2295 2618 2645 2646 2619 
2296 2619 2646 2647 2620 
2297 2620 2647 2648 2621 
2298 2621 2648 2649 2622 
2299 2622 2649 2650 2623 
2300 2623 2650 2651 2624 
2301 2624 2651 2652 2625 
2302 2625 2652 2653 2626 
2303 2626 2653 2654 2627 
2304 2627 2654 2655 2628 
2305 2628 2655 2656 2629 
2306 2629 2656 2657 2630 
2307 2630 2657 2658 2631 
2308 2631 2658 2659 2632 
2309 2632 2659 2660 2633 
2310 2633 2660 2661 2634 
2311 2634 2661 2662 2635 
2312 2635 2662 2663 2636 
2313 2636 2663 2664 2637 
2314 2637 2664 2665 2638 
2315 2638 2665 2666 2639 
2316 2639 2666 2667 2640 
2317 2640 2667 2668 2641 
2318 2641 2668 2669 2642 
2319 2642 2669 301 300 
2320 100 16 2670 2643 
2321 2643 2670 2671 2644 
2322 2644 2671 2672 2645 
2323 2645 2672 2673 2646 
2324 2646 2673 2674 2647 
2325 2647 2674 2675 2648 
2326 2648 2675 2676 2649 
2327 2649 2676 2677 2650 
2328 2650 2677 2678 2651 
2329 2651 2678 2679 2652 
2330 2652 2679 2680 2653 
2331 2653 2680 2681 2654 
2332 2654 2681 2682 2655 
2333 2655 2682 2683 2656 
2334 2656 2683 2684 2657 
2335 2657 2684 2685 2658 
2336 2658 2685 2686 2659 
2337 2659 2686 2687 2660 
2338 2660 2687 2688 2661 
2339 2661 2688 2689 2662 
2340 2662 2689 2690 2663 
2341 2663 2690 2691 2664 
2342 2664 2691 2692 2665 
2343 2665 2692 2693 2666 
2344 2666 2693 2694 2667 
2345 2667 2694 2695 2668 
2346 2668 2695 2696 2669 
2347 2669 2696 13 301 
2348 16 315 2697 2670 
2349 2670 2697 2698 2671 
2350 2671 2698 2699 2672 
2351 2672 2699 2700 2673 
2352 2673 2700 2701 2674 
2353 2674 2701 2702 2675 
2354 2675 2702 2703 2676 
2355 2676 2703 2704 2677 
2356 2677 2704 2705 2678 
2357 2678 2705 2706 2679 
2358 2679 2706 2707 2680 
2359 2680 2707 2708 2681 
2360 2681 2708 2709 2682 
2361 2682 2709 2710 2683 
2362 2683 2710 2711 2684 
2363 2684 2711 2712 2685 
2364 2685 2712 2713 2686 
2365 2686 2713 2714 2687 
2366 2687 2714 2715 2688 
2367 2688 2715 2716 2689 
2368 2689 2716 2717 2690 
2369 2690 2717 2718 2691 
2370 2691 2718 2719 2692 
2371 2692 2719 2720 2693 
2372 2693 2720 2721 2694 
2373 2694 2721 2722 2695 
2374 2695 2722 2723 2696 
2375 2696 2723 354 13 
2376 315 316 2724 2697 
2377 2697 2724 2725 2698 
2378 2698 2725 2726 2699 
2379 2699 2726 2727 2700 
2380 2700 2727 2728 2701 
2381 2701 2728 2729 2702 
2382 2702 2729 2730 2703 
2383 2703 2730 2731 2704 
2384 2704 2731 2732 2705 
2385 2705 2732 2733 2706 
2386 2706 2733 2734 2707 
2387 2707 2734 2735 2708 
2388 2708 2735 2736 2709 
2389 2709 2736 2737 2710 
2390 2710 2737 2738 2711 
2391 2711 2738 2739 2712 
2392 2712 2739 2740 2713 
2393 2713 2740 2741 2714 
2394 2714 2741 2742 2715 
2395 2715 2742 2743 2716 
2396 2716 2743 2744 2717 
2397 2717 2744 2745 2718 
2398 2718 2745 2746 2719 
2399 2719 2746 2747 2720 
2400 2720 2747 2748 2721 
2401 2721 2748 2749 2722 
2402 2722 2749 2750 2723 
2403 2723 2750 355 354 
2404 316 317 2751 2724 
2405 2724 2751 2752 2725 
2406 2725 2752 2753 2726 
2407 2726 2753 2754 2727 
2408 2727 2754 2755 2728 
2409 2728 2755 2756 2729 
2410 2729 2756 2757 2730 
2411 2730 2757 2758 2731 
2412 2731 2758 2759 2732 
2413 2732 2759 2760 2733 
2414 2733 2760 2761 2734 
2415 2734 2761 2762 2735 
2416 2735 2762 2763 2736 
2417 2736 2763 2764 2737 
2418 2737 2764 2765 2738 
2419 2738 2765 2766 2739 
2420 2739 2766 2767 2740 
2421 2740 2767 2768 2741 
2422 2741 2768 2769 2742 
2423 2742 2769 2770 2743 
2424 2743 2770 2771 2744 
2425 2744 2771 2772 2745 
2426 2745 2772 2773 2746 
2427 2746 2773 2774 2747 
2428 2747 2774 2775 2748 
2429 2748 2775 2776 2749 
2430 2749 2776 2777 2750 
2431 2750 2777 356 355 
2432 317 318 2778 2751 
2433 2751 2778 2779 2752 
2434 2752 2779 2780 2753 
2435 2753 2780 2781 2754 
2436 2754 2781 2782 2755 
2437 2755 2782 2783 2756 
2438 2756 2783 2784 2757 
2439 2757 2784 2785 2758 
2440 2758 2785 2786 2759 
2441 2759 2786 2787 2760 
2442 2760 2787 2788 2761 
2443 2761 2788 2789 2762 
2444 2762 2789 2790 2763 
2445 2763 2790 2791 2764 
2446 2764 2791 2792 2765 
2447 2765 2792 2793 2766 
2448 2766 2793 2794 2767 
2449 2767 2794 2795 2768 
2450 2768 2795 2796 2769 
2451 2769 2796 2797 2770 
2452 2770 2797 2798 2771 
2453 2771 2798 2799 2772 
2454 2772 2799 2800 2773 
2455 2773 2800 2801 2774 
2456 2774 2801 2802 2775 
2457 2775 2802 2803 2776 
2458 2776 2803 2804 2777 
2459 2777 2804 357 356 
2460 318 319 2805 2778 
2461 2778 2805 2806 2779 
2462 2779 2806 2807 2780 
2463 2780 2807 2808 2781 
2464 2781 2808 2809 2782 
2465 2782 2809 2810 2783 
2466 2783 2810 2811 2784 
2467 2784 2811 2812 2785 
2468 2785 2812 2813 2786 
2469 2786 2813 2814 2787 
2470 2787 2814 2815 2788 
2471 2788 2815 2816 2789 
2472 2789 2816 2817 2790 
2473 2790 2817 2818 2791 
2474 2791 2818 2819 2792 
2475 2792 2819 2820 2793 
2476 2793 2820 2821 2794 
2477 2794 2821 2822 2795 
2478 2795 2822 2823 2796 
2479 2796 2823 2824 2797 
2480 2797 2824 2825 2798 
2481 2798 2825 2826 2799 
2482 2799 2826 2827 2800 
2483 2800 2827 2828 2801 
2484 2801 2828 2829 2802 
2485 2802 2829 2830 2803 
2486 2803 2830 2831 2804 
2487 2804 2831 358 357 
2488 319 320 2832 2805 
2489 2805 2832 2833 2806 
2490 2806 2833 2834 2807 
2491 2807 2834 2835 2808 
2492 2808 2835 2836 2809 
2493 2809 2836 2837 2810 
2494 2810 2837 2838 2811 
2495 2811 2838 2839 2812 
2496 2812 2839 2840 2813 
2497 2813 2840 2841 2814 
2498 2814 2841 2842 2815 
2499 2815 2842 2843 2816 
2500 2816 2843 2844 2817 
2501 2817 2844 2845 2818 
2502 2818 2845 2846 2819 
2503 2819 2846 2847 2820 
2504 2820 2847 2848 2821 
2505 2821 2848 2849 2822 
2506 2822 2849 2850 2823 
2507 2823 2850 2851 2824 
2508 2824 2851 2852 2825 
2509 2825 2852 2853 2826 
2510 2826 2853 2854 2827 
2511 2827 2854 2855 2828 
2512 2828 2855 2856 2829 
2513 2829 2856 2857 2830 
2514 2830 2857 2858 2831 
2515 2831 2858 359 358 
2516 320 321 2859 2832 
2517 2832 2859 2860 2833 
2518 2833 2860 2861 2834 
2519 2834 2861 2862 2835 
2520 2835 2862 2863 2836 
2521 2836 2863 2864 2837 
2522 2837 2864 2865 2838 
2523 2838 2865 2866 2839 
2524 2839 2866 2867 2840 
2525 2840 2867 2868 2841 
2526 2841 2868 2869 2842 
2527 2842 2869 2870 2843 
2528 2843 2870 2871 2844 
2529 2844 2871 2872 2845 
2530 2845 2872 2873 2846 
2531 2846 2873 2874 2847 
2532 2847 2874 2875 2848 
2533 2848 2875 2876 2849 
2534 2849 2876 2877 2850 
2535 2850 2877 2878 2851 
2536 2851 2878 2879 2852 
2537 2852 2879 2880 2853 
2538 2853 2880 2881 2854 
2539 2854 2881 2882 2855 
2540 2855 2882 2883 2856 
2541 2856 2883 2884 2857 
2542 2857 2884 2885 2858 
2543 2858 2885 360 359 
2544 321 322 2886 2859 
2545 2859 2886 2887 2860 
2546 2860 2887 2888 2861 
2547 2861 2888 2889 2862 
2548 2862 2889 2890 2863 
2549 2863 2890 2891 2864 
2550 2864 2891 2892 2865 
2551 2865 2892 2893 2866 
2552 2866 2893 2894 2867 
2553 2867 2894 2895 2868 
2554 2868 2895 2896 2869 
2555 2869 2896 2897 2870 
2556 2870 2897 2898 2871 
2557 2871 2898 2899 2872 
2558 2872 2899 2900 2873 
2559 2873 2900 2901 2874 
2560 2874 2901 2902 2875 
2561 2875 2902 2903 2876 
2562 2876 2903 2904 2877 
2563 2877 2904 2905 2878 
2564 2878 2905 2906 2879 
2565 2879 2906 2907 2880 
2566 2880 2907 2908 2881 
2567 2881 2908 2909 2882 
2568 2882 2909 2910 2883 
2569 2883 2910 2911 2884 
2570 2884 2911 2912 2885 
2571 2885 2912 361 360 
2572 322 323 2913 2886 
2573 2886 2913 2914 2887 
2574 2887 2914 2915 2888 
2575 2888 2915 2916 2889 
2576 2889 2916 2917 2890 
2577 2890 2917 2918 2891 
2578 2891 2918 2919 2892 
2579 2892 2919 2920 2893 
2580 2893 2920 2921 2894 
2581 2894 2921 2922 2895 
2582 2895 2922 2923 2896 
2583 2896 2923 2924 2897 
2584 2897 2924 2925 2898 
2585 2898 2925 2926 2899 
2586 2899 2926 2927 2900 
2587 2900 2927 2928 2901 
2588 2901 2928 2929 2902 
2589 2902 2929 2930 2903 
2590 2903 2930 2931 2904 
2591 2904 2931 2932 2905 
2592 2905 2932 2933 2906 
2593 2906 2933 2934 2907 
2594 2907 2934 2935 2908 
2595 2908 2935 2936 2909 
2596 2909 2936 2937 2910 
2597 2910 2937 2938 2911 
2598 2911 2938 2939 2912 
2599 2912 2939 362 361 
2600 323 324 2940 2913 
2601 2913 2940 2941 2914 
2602 2914 2941 2942 2915 
2603 2915 2942 2943 2916 
2604 2916 2943 2944 2917 
2605 2917 2944 2945 2918 
2606 2918 2945 2946 2919 
2607 2919 2946 2947 2920 
2608 2920 2947 2948 2921 
2609 2921 2948 2949 2922 
2610 2922 2949 2950 2923 
2611 2923 2950 2951 2924 
2612 2924 2951 2952 2925 
2613 2925 2952 2953 2926 
2614 2926 2953 2954 2927 
2615 2927 2954 2955 2928 
2616 2928 2955 2956 2929 
2617 2929 2956 2957 2930 
2618 2930 2957 2958 2931 
2619 2931 2958 2959 2932 
2620 2932 2959 2960 2933 
2621 2933 2960 2961 2934 
2622 2934 2961 2962 2935 
2623 2935 2962 2963 2936 
2624 2936 2963 2964 2937 
2625 2937 2964 2965 2938 
2626 2938 2965 2966 2939 
2627 2939 2966 363 362 
2628 324 325 2967 2940 
2629 2940 2967 2968 2941 
2630 2941 2968 2969 2942 
2631 2942 2969 2970 2943 
2632 2943 2970 2971 2944 
2633 2944 2971 2972 2945 
2634 2945 2972 2973 2946 
2635 2946 2973 2974 2947 
2636 2947 2974 2975 2948 
2637 2948 2975 2976 2949 
2638 2949 2976 2977 2950 
2639 2950 2977 2978 2951 
2640 2951 2978 2979 2952 
2641 2952 2979 2980 2953 
2642 2953 2980 2981 2954 
2643 2954 2981 2982 2955 
2644 2955 2982 2983 2956 
2645 2956 2983 2984 2957 
2646 2957 2984 2985 2958 
2647 2958 2985 2986 2959 
2648 2959 2986 2987 2960 
2649 2960 2987 2988 2961 
2650 2961 2988 2989 2962 
2651 2962 2989 2990 2963 
2652 2963 2990 2991 2964 
2653 2964 2991 2992 2965 
2654 2965 2992 2993 2966 
2655 2966 2993 364 363 
2656 325 326 2994 2967 
2657 2967 2994 2995 2968 
2658 2968 2995 2996 2969 
2659 2969 2996 2997 2970 
2660 2970 2997 2998 2971 
2661 2971 2998 2999 2972 
2662 2972 2999 3000 2973 
2663 2973 3000 3001 2974 
2664 2974 3001 3002 2975 
2665 2975 3002 3003 2976 
2666 2976 3003 3004 2977 
2667 2977 3004 3005 2978 
2668 2978 3005 3006 2979 
2669 2979 3006 3007 2980 
2670 2980 3007 3008 2981 
2671 2981 3008 3009 2982 
2672 2982 3009 3010 2983 
2673 2983 3010 3011 2984 
2674 2984 3011 3012 2985 
2675 2985 3012 3013 2986 
2676 2986 3013 3014 2987 
2677 2987 3014 3015 2988 
2678 2988 3015 3016 2989 
2679 2989 3016 3017 2990 
2680 2990 3017 3018 2991 
2681 2991 3018 3019 2992 
2682 2992 3019 3020 2993 
2683 2993 3020 365 364 
2684 326 327 3021 2994 
2685 2994 3021 3022 2995 
2686 2995 3022 3023 2996 
2687 2996 3023 3024 2997 
2688 2997 3024 3025 2998 
2689 2998 3025 3026 2999 
2690 2999 3026 3027 3000 
2691 3000 3027 3028 3001 
2692 3001 3028 3029 3002 
2693 3002 3029 3030 3003 
2694 3003 3030 3031 3004 
2695 3004 3031 3032 3005 
2696 3005 3032 3033 3006 
2697 3006 3033 3034 3007 
2698 3007 3034 3035 3008 
2699 3008 3035 3036 3009 
2700 3009 3036 3037 3010 
2701 3010 3037 3038 3011 
2702 3011 3038 3039 3012 
2703 3012 3039 3040 3013 
2704 3013 3040 3041 3014 
2705 3014 3041 3042 3015 
2706 3015 3042 3043 3016 
2707 3016 3043 3044 3017 
2708 3017 3044 3045 3018 
2709 3018 3045 3046 3019 
2710 3019 3046 3047 3020 
2711 3020 3047 366 365 
2712 327 328 3048 3021 
2713 3021 3048 3049 3022 
2714 3022 3049 3050 3023 
2715 3023 3050 3051 3024 
2716 3024 3051 3052 3025 
2717 3025 3052 3053 3026 
2718 3026 3053 3054 3027 
2719 3027 3054 3055 3028 
2720 3028 3055 3056 3029 
2721 3029 3056 3057 3030 
2722 3030 3057 3058 3031 
2723 3031 3058 3059 3032 
2724 3032 3059 3060 3033 
2725 3033 3060 3061 3034 
2726 3034 3061 3062 3035 
2727 3035 3062 3063 3036 
2728 3036 3063 3064 3037 
2729 3037 3064 3065 3038 
2730 3038 3065 3066 3039 
2731 3039 3066 3067 3040 
2732 3040 3067 3068 3041 
2733 3041 3068 3069 3042 
2734 3042 3069 3070 3043 
2735 3043 3070 3071 3044 
2736 3044 3071 3072 3045 
2737 3045 3072 3073 3046 
2738 3046 3073 3074 3047 
2739 3047 3074 367 366 
2740 328 329 3075 3048 
2741 3048 3075 3076 3049 
2742 3049 3076 3077 3050 
2743 3050 3077 3078 3051 
2744 3051 3078 3079 3052 
2745 3052 3079 3080 3053 
2746 3053 3080 3081 3054 
2747 3054 3081 3082 3055 
2748 3055 3082 3083 3056 
2749 3056 3083 3084 3057 
2750 3057 3084 3085 3058 
2751 3058 3085 3086 3059 
2752 3059 3086 3087 3060 
2753 3060 3087 3088 3061 
2754 3061 3088 3089 3062 
2755 3062 3089 3090 3063 
2756 3063 3090 3091 3064 
2757 3064 3091 3092 3065 
2758 3065 3092 3093 3066 
2759 3066 3093 3094 3067 
2760 3067 3094 3095 3068 
2761 3068 3095 3096 3069 
2762 3069 3096 3097 3070 
2763 3070 3097 3098 3071 
2764 3071 3098 3099 3072 
2765 3072 3099 3100 3073 
2766 3073 3100 3101 3074 
2767 3074 3101 368 367 
2768 329 330 3102 3075 
2769 3075 3102 3103 3076 
2770 3076 3103 3104 3077 
2771 3077 3104 3105 3078 
2772 3078 3105 3106 3079 
2773 3079 3106 3107 3080 
2774 3080 3107 3108 3081 
2775 3081 3108 3109 3082 
2776 3082 3109 3110 3083 
2777 3083 3110 3111 3084 
2778 3084 3111 3112 3085 
2779 3085 3112 3113 3086 
2780 3086 3113 3114 3087 
2781 3087 3114 3115 3088 
2782 3088 3115 3116 3089 
2783 3089 3116 3117 3090 
2784 3090 3117 3118 3091 
2785 3091 3118 3119 3092 
2786 3092 3119 3120 3093 
2787 3093 3120 3121 3094 
2788 3094 3121 3122 3095 
2789 3095 3122 3123 3096 
2790 3096 3123 3124 3097 
2791 3097 3124 3125 3098 
2792 3098 3125 3126 3099 
2793 3099 3126 3127 3100 
2794 3100 3127 3128 3101 
2795 3101 3128 369 368 
2796 330 331 3129 3102 
2797 3102 3129 3130 3103 
2798 3103 3130 3131 3104 
2799 3104 3131 3132 3105 
2800 3105 3132 3133 3106 
2801 3106 3133 3134 3107 
2802 3107 3134 3135 3108 
2803 3108 3135 3136 3109 
2804 3109 3136 3137 3110 
2805 3110 3137 3138 3111 
2806 3111 3138 3139 3112 
2807 3112 3139 3140 3113 
2808 3113 3140 3141 3114 
2809 3114 3141 3142 3115 
2810 3115 3142 3143 3116 
2811 3116 3143 3144 3117 
2812 3117 3144 3145 3118 
2813 3118 3145 3146 3119 
2814 3119 3146 3147 3120 
2815 3120 3147 3148 3121 
2816 3121 3148 3149 3122 
2817 3122 3149 3150 3123 
2818 3123 3150 3151 3124 
2819 3124 3151 3152 3125 
2820 3125 3152 3153 3126 
2821 3126 3153 3154 3127 
2822 3127 3154 3155 3128 
2823 3128 3155 370 369 
2824 331 332 3156 3129 
2825 3129 3156 3157 3130 
2826 3130 3157 3158 3131 
2827 3131 3158 3159 3132 
2828 3132 3159 3160 3133 
2829 3133 3160 3161 3134 
2830 3134 3161 3162 3135 
2831 3135 3162 3163 3136 
2832 3136 3163 3164 3137 
2833 3137 3164 3165 3138 
2834 3138 3165 3166 3139 
2835 3139 3166 3167 3140 
2836 3140 3167 3168 3141 
2837 3141 3168 3169 3142 
2838 3142 3169 3170 3143 
2839 3143 3170 3171 3144 
2840 3144 3171 3172 3145 
2841 3145 3172 3173 3146 
2842 3146 3173 3174 3147 
2843 3147 3174 3175 3148 
2844 3148 3175 3176 3149 
2845 3149 3176 3177 3150 
2846 3150 3177 3178 3151 
2847 3151 3178 3179 3152 
2848 3152 3179 3180 3153 
2849 3153 3180 3181 3154 
2850 3154 3181 3182 3155 
2851 3155 3182 371 370 
2852 332 333 3183 3156 
2853 3156 3183 3184 3157 
2854 3157 3184 3185 3158 
2855 3158 3185 3186 3159 
2856 3159 3186 3187 3160 
2857 3160 3187 3188 3161 
2858 3161 3188 3189 3162 
2859 3162 3189 3190 3163 
2860 3163 3190 3191 3164 
2861 3164 3191 3192 3165 
2862 3165 3192 3193 3166 
2863 3166 3193 3194 3167 
2864 3167 3194 3195 3168 
2865 3168 3195 3196 3169 
2866 3169 3196 3197 3170 
2867 3170 3197 3198 3171 
2868 3171 3198 3199 3172 
2869 3172 3199 3200 3173 
2870 3173 3200 3201 3174 
2871 3174 3201 3202 3175 
2872 3175 3202 3203 3176 
2873 3176 3203 3204 3177 
2874 3177 3204 3205 3178 
2875 3178 3205 3206 3179 
2876 3179 3206 3207 3180 
2877 3180 3207 3208 3181 
2878 3181 3208 3209 3182 
2879 3182 3209 372 371 
2880 333 334 3210 3183 
2881 3183 3210 3211 3184 
2882 3184 3211 3212 3185 
2883 3185 3212 3213 3186 
2884 3186 3213 3214 3187 
2885 3187 3214 3215 3188 
2886 3188 3215 3216 3189 
2887 3189 3216 3217 3190 
2888 3190 3217 3218 3191 
2889 3191 3218 3219 3192 
2890 3192 3219 3220 3193 
2891 3193 3220 3221 3194 
2892 3194 3221 3222 3195 
2893 3195 3222 3223 3196 
2894 3196 3223 3224 3197 
2895 3197 3224 3225 3198 
2896 3198 3225 3226 3199 
2897 3199 3226 3227 3200 
2898 3200 3227 3228 3201 
2899 3201 3228 3229 3202 
2900 3202 3229 3230 3203 
2901 3203 3230 3231 3204 
2902 3204 3231 3232 3205 
2903 3205 3232 3233 3206 
2904 3206 3233 3234 3207 
2905 3207 3234 3235 3208 
2906 3208 3235 3236 3209 
2907 3209 3236 373 372 
2908 334 335 3237 3210 
2909 3210 3237 3238 3211 
2910 3211 3238 3239 3212 
2911 3212 3239 3240 3213 
2912 3213 3240 3241 3214 
2913 3214 3241 3242 3215 
2914 3215 3242 3243 3216 
2915 3216 3243 3244 3217 
2916 3217 3244 3245 3218 
2917 3218 3245 3246 3219 
2918 3219 3246 3247 3220 
2919 3220 3247 3248 3221 
2920 3221 3248 3249 3222 
2921 3222 3249 3250 3223 
2922 3223 3250 3251 3224 
2923 3224 3251 3252 3225 
2924 3225 3252 3253 3226 
2925 3226 3253 3254 3227 
2926 3227 3254 3255 3228 
2927 3228 3255 3256 3229 
2928 3229 3256 3257 3230 
2929 3230 3257 3258 3231 
2930 3231 3258 3259 3232 
2931 3232 3259 3260 3233 
2932 3233 3260 3261 3234 
2933 3234 3261 3262 3235 
2934 3235 3262 3263 3236 
2935 3236 3263 374 373 
2936 335 336 3264 3237 
2937 3237 3264 3265 3238 
2938 3238 3265 3266 3239 
2939 3239 3266 3267 3240 
2940 3240 3267 3268 3241 
2941 3241 3268 3269 3242 
2942 3242 3269 3270 3243 
2943 3243 3270 3271 3244 
2944 3244 3271 3272 3245 
2945 3245 3272 3273 3246 
2946 3246 3273 3274 3247 
2947 3247 3274 3275 3248 
2948 3248 3275 3276 3249 
2949 3249 3276 3277 3250 
2950 3250 3277 3278 3251 
2951 3251 3278 3279 3252 
2952 3252 3279 3280 3253 
2953 3253 3280 3281 3254 
2954 3254 3281 3282 3255 
2955 3255 3282 3283 3256 
2956 3256 3283 3284 3257 
2957 3257 3284 3285 3258 
2958 3258 3285 3286 3259 
2959 3259 3286 3287 3260 
2960 3260 3287 3288 3261 
2961 3261 3288 3289 3262 
2962 3262 3289 3290 3263 
2963 3263 3290 375 374 
2964 336 337 3291 3264 
2965 3264 3291 3292 3265 
2966 3265 3292 3293 3266 
2967 3266 3293 3294 3267 
2968 3267 3294 3295 3268 
2969 3268 3295 3296 3269 
2970 3269 3296 3297 3270 
2971 3270 3297 3298 3271 
2972 3271 3298 3299 3272 
2973 3272 3299 3300 3273 
2974 3273 3300 3301 3274 
2975 3274 3301 3302 3275 
2976 3275 3302 3303 3276 
2977 3276 3303 3304 3277 
2978 3277 3304 3305 3278 
2979 3278 3305 3306 3279 
2980 3279 3306 3307 3280 
2981 3280 3307 3308 3281 
2982 3281 3308 3309 3282 
2983 3282 3309 3310 3283 
2984 3283 3310 3311 3284 
2985 3284 3311 3312 3285 
2986 3285 3312 3313 3286 
2987 3286 3313 3314 3287 
2988 3287 3314 3315 3288 
2989 3288 3315 3316 3289 
2990 3289 3316 3317 3290 
2991 3290 3317 376 375 
2992 337 338 3318 3291 
2993 3291 3318 3319 3292 
2994 3292 3319 3320 3293 
2995 3293 3320 3321 3294 
2996 3294 3321 3322 3295 
2997 3295 3322 3323 3296 
2998 3296 3323 3324 3297 
2999 3297 3324 3325 3298 
3000 3298 3325 3326 3299 
3001 3299 3326 3327 3300 
3002 3300 3327 3328 3301 
3003 3301 3328 3329 3302 
3004 3302 3329 3330 3303 
3005 3303 3330 3331 3304 
3006 3304 3331 3332 3305 
3007 3305 3332 3333 3306 
3008 3306 3333 3334 3307 
3009 3307 3334 3335 3308 
3010 3308 3335 3336 3309 
3011 3309 3336 3337 3310 
3012 3310 3337 3338 3311 
3013 3311 3338 3339 3312 
3014 3312 3339 3340 3313 
3015 3313 3340 3341 3314 
3016 3314 3341 3342 3315 
3017 3315 3342 3343 3316 
3018 3316 3343 3344 3317 
3019 3317 3344 377 376 
3020 338 339 3345 3318 
3021 3318 3345 3346 3319 
3022 3319 3346 3347 3320 
3023 3320 3347 3348 3321 
3024 3321 3348 3349 3322 
3025 3322 3349 3350 3323 
3026 3323 3350 3351 3324 
3027 3324 3351 3352 3325 
3028 3325 3352 3353 3326 
3029 3326 3353 3354 3327 
3030 3327 3354 3355 3328 
3031 3328 3355 3356 3329 
3032 3329 3356 3357 3330 
3033 3330 3357 3358 3331 
3034 3331 3358 3359 3332 
3035 3332 3359 3360 3333 
3036 3333 3360 3361 3334 
3037 3334 3361 3362 3335 
3038 3335 3362 3363 3336 
3039 3336 3363 3364 3337 
3040 3337 3364 3365 3338 
3041 3338 3365 3366 3339 
3042 3339 3366 3367 3340 
3043 3340 3367 3368 3341 
3044 3341 3368 3369 3342 
3045 3342 3369 3370 3343 
3046 3343 3370 3371 3344 
3047 3344 3371 378 377 
3048 339 340 3372 3345 
3049 3345 3372 3373 3346 
3050 3346 3373 3374 3347 
3051 3347 3374 3375 3348 
3052 3348 3375 3376 3349 
3053 3349 3376 3377 3350 
3054 3350 3377 3378 3351 
3055 3351 3378 3379 3352 
3056 3352 3379 3380 3353 
3057 3353 3380 3381 3354 
3058 3354 3381 3382 3355 
3059 3355 3382 3383 3356 
3060 3356 3383 3384 3357 
3061 3357 3384 3385 3358 
3062 3358 3385 3386 3359 
3063 3359 3386 3387 3360 
3064 3360 3387 3388 3361 
3065 3361 3388 3389 3362 
3066 3362 3389 3390 3363 
3067 3363 3390 3391 3364 
3068 3364 3391 3392 3365 
3069 3365 3392 3393 3366 
3070 3366 3393 3394 3367 
3071 3367 3394 3395 3368 
3072 3368 3395 3396 3369 
3073 3369 3396 3397 3370 
3074 3370 3397 3398 3371 
3075 3371 3398 379 378 
3076 340 4 101 3372 
3077 3372 101 102 3373 
3078 3373 102 103 3374 
3079 3374 103 104 3375 
3080 3375 104 105 3376 
3081 3376 105 106 3377 
3082 3377 106 107 3378 
3083 3378 107 108 3379 
3084 3379 108 109 3380 
3085 3380 109 110 3381 
3086 3381 110 111 3382 
3087 3382 111 112 3383 
3088 3383 112 113 3384 
3089 3384 113 17 3385 
3090 3385 17 341 3386 
3091 3386 341 342 3387 
3092 3387 342 343 3388 
3093 3388 343 344 3389 
3094 3389 344 345 3390 
3095 3390 345 346 3391 
3096 3391 346 347 3392 
3097 3392 347 348 3393 
3098 3393 348 349 3394 
3099 3394 349 350 3395 
3100 3395 350 351 3396 
3101 3396 351 352 3397 
3102 3397 352 353 3398 
3103 3398 353 5 379 
2 3 2 6412
3104 4805 5833 5935 
3105 4962 3586 5185 
3106 5121 5120 5310 
3107 5201 3450 5556 
3108 4889 4808 4952 
3109 4129 4971 5693 
3110 5161 5437 5554 
3111 5404 3419 5462 
3112 5059 3424 5967 
3113 4387 4388 5049 
3114 5205 3951 5811 
3115 4917 5316 5819 
3116 4320 4317 5262 
3117 4290 5014 5568 
3118 4757 3477 5188 
3119 3541 5849 5850 
3120 5124 3517 5157 
3121 4102 4945 5708 
3122 4474 4944 5172 
3123 5009 4868 5155 
3124 5127 4574 5673 
3125 3752 3844 4924 
3126 4887 4220 4888 
3127 5048 3485 5358 
3128 5404 5462 6086 
3129 4949 4950 5445 
3130 3980 4727 5836 
3131 4649 4341 5043 
3132 5546 4669 5831 
3133 3433 5130 5474 
3134 5935 5833 6236 
3135 5149 5121 5310 
3136 4317 4314 5262 
3137 4977 4174 5095 
3138 3845 3702 4944 
3139 4466 5699 5775 
3140 4933 3536 5469 
3141 5357 5125 5772 
3142 3411 4801 5983 
3143 4285 5410 5791 
3144 3751 3713 4935 
3145 3739 4905 5026 
3146 5117 4575 5238 
3147 3628 3593 3631 
3148 5007 4804 5513 
3149 3424 5059 5480 
3150 4868 4867 4869 
3151 4523 5405 5650 
3152 5088 3611 5170 
3153 4474 5172 5641 
3154 966 3513 4973 
3155 4331 4334 4922 
3156 5130 5421 5474 
3157 3601 5176 5873 
3158 4922 4334 6125 
3159 4453 4673 5965 
3160 3574 4896 4909 
3161 3734 4436 4940 
3162 4954 3966 6108 
3163 5424 5154 6155 
3164 4849 3891 5207 
3165 5138 3429 5493 
3166 3966 4041 6108 
3167 281 5387 5932 
3168 4838 5225 5948 
3169 4804 5084 5513 
3170 3500 404 3544 
3171 3663 5140 5872 
3172 4926 4460 5738 
3173 4873 4242 4874 
3174 3855 3891 4849 
3175 5398 4917 5819 
3176 3418 4949 5445 
3177 4636 4576 5582 
3178 5253 3770 6320 
3179 5246 5001 5705 
3180 4713 4387 5049 
3181 3502 5235 5324 
3182 4679 3927 5907 
3183 4885 3797 5301 
3184 5055 5400 6190 
3185 3487 5246 5705 
3186 3807 4963 4984 
3187 5820 4661 5846 
3188 3477 4757 6005 
3189 5411 4753 5674 
3190 3570 3586 4961 
3191 3593 3591 3631 
3192 4984 4963 5890 
3193 5129 4813 5346 
3194 5014 4770 5568 
3195 5027 3425 5029 
3196 3404 5637 5849 
3197 4883 4791 5273 
3198 5731 4287 6127 
3199 5016 3438 5777 
3200 3501 5087 5305 
3201 3403 3637 5614 
3202 5627 5351 5772 
3203 5072 3530 5608 
3204 4905 3739 5242 
3205 4942 4089 5733 
3206 5148 3556 6152 
3207 3493 4958 5449 
3208 5620 3483 5785 
3209 4050 5692 5739 
3210 4625 4857 5160 
3211 4952 4808 4953 
3212 5136 5500 6098 
3213 5571 4126 6261 
3214 4961 3586 4962 
3215 4625 4443 4857 
3216 4940 4436 4941 
3217 4544 4872 5189 
3218 5023 4320 5262 
3219 3878 4884 5111 
3220 5171 3449 6038 
3221 4574 5127 5319 
3222 5190 4639 5990 
3223 4773 3770 5253 
3224 5803 4295 5830 
3225 5581 4621 5811 
3226 5109 4440 5736 
3227 5080 4427 5574 
3228 5067 3935 5340 
3229 153 4968 5412 
3230 5200 3431 5919 
3231 3566 3688 5662 
3232 4727 3980 6119 
3233 5070 256 5953 
3234 5086 3415 6107 
3235 5137 3540 5665 
3236 4947 5580 6199 
3237 4544 4371 4872 
3238 5085 3415 5086 
3239 4992 3441 5561 
3240 3530 5072 5609 
3241 3567 3557 5712 
3242 4831 4799 5646 
3243 3585 3638 3639 
3244 4050 5304 5692 
3245 5157 3517 5158 
3246 4761 4161 5113 
3247 5422 4589 5959 
3248 5404 4953 5463 
3249 5166 4776 6054 
3250 3639 5612 5822 
3251 3590 5634 5970 
3252 4507 5174 5176 
3253 5070 3623 6080 
3254 4955 4623 4956 
3255 4348 4868 5009 
3256 3878 3823 4884 
3257 3759 3761 5227 
3258 5031 5328 5670 
3259 4166 4986 5056 
3260 3470 5229 5535 
3261 4866 4867 4868 
3262 4661 4928 5846 
3263 4979 4115 5818 
3264 5410 4285 5540 
3265 3463 5281 5495 
3266 4370 4367 5270 
3267 4896 3574 4928 
3268 4745 5314 5485 
3269 153 154 4968 
3270 3421 4957 5748 
3271 3531 5357 5772 
3272 4482 5112 5231 
3273 5153 3407 5441 
3274 4378 4532 4897 
3275 5461 4102 5708 
3276 5176 5174 5177 
3277 5183 5195 5642 
3278 5429 3420 5464 
3279 4367 4366 5270 
3280 4927 3506 5709 
3281 4646 5158 5599 
3282 5276 5272 5725 
3283 3524 3685 5393 
3284 4507 5173 5174 
3285 5618 4247 5887 
3286 3566 5662 5712 
3287 5075 3588 6224 
3288 4897 4532 5245 
3289 3438 5016 5211 
3290 5053 3987 5743 
3291 4649 5043 6134 
3292 3672 3679 3680 
3293 5308 5076 6327 
3294 5062 4561 6007 
3295 4323 4326 5000 
3296 4468 5205 5811 
3297 3623 5070 5953 
3298 3756 4988 5588 
3299 4341 4083 5043 
3300 3491 4950 5448 
3301 4432 3903 5152 
3302 3669 3667 3684 
3303 3927 4679 6091 
3304 5058 3465 5225 
3305 5316 4926 5819 
3306 5116 4599 5808 
3307 3561 3566 5712 
3308 4415 4906 5431 
3309 5482 4640 5544 
3310 5195 3473 5642 
3311 5049 5048 5690 
3312 4865 4547 5161 
3313 4799 4831 6251 
3314 5004 4081 5742 
3315 4869 5454 5458 
3316 3608 3632 3633 
3317 3849 3919 5316 
3318 3798 3797 4885 
3319 5052 3411 5983 
3320 3512 962 3591 
3321 4554 5248 5883 
3322 5039 5265 5871 
3323 5080 5574 6167 
3324 4221 4220 4887 
3325 4411 5009 5155 
3326 4800 5450 5579 
3327 4958 4957 5449 
3328 4713 5049 5690 
3329 4599 4627 5808 
3330 4453 4259 4673 
3331 5137 5665 6162 
3332 4494 4977 5095 
3333 3414 4850 5899 
3334 4925 4525 5122 
3335 5474 5421 5528 
3336 5098 3482 5426 
3337 256 3641 5953 
3338 4998 4322 4999 
3339 4838 4836 5225 
3340 3951 5581 5811 
3341 3519 5076 5308 
3342 3761 3802 5227 
3343 4944 4474 5753 
3344 3602 3597 3632 
3345 5055 4086 5400 
3346 3604 3602 3608 
3347 3581 3580 4943 
3348 4618 4740 5208 
3349 5087 4553 5305 
3350 4548 4547 4865 
3351 5641 5172 5886 
3352 160 3505 5013 
3353 5318 5667 5881 
3354 5517 3466 5893 
3355 5436 5201 5556 
3356 3849 5316 6170 
3357 4674 4447 4933 
3358 5372 4403 5537 
3359 4388 4391 5049 
3360 4532 5001 5246 
3361 4719 5759 6119 
3362 4634 5077 5412 
3363 965 966 4973 
3364 4661 4663 4928 
3365 3449 5171 5550 
3366 5138 5493 5494 
3367 4309 3874 5022 
3368 5639 5165 5899 
3369 3672 3669 3679 
3370 4669 5546 5752 
3371 4472 5581 5955 
3372 4461 4504 5309 
3373 5003 4618 5208 
3374 4872 4639 5190 
3375 4526 4525 4925 
3376 4719 3831 6008 
3377 4739 3815 6192 
3378 154 3508 4968 
3379 4929 4888 4930 
3380 3464 5249 5497 
3381 5030 5168 6197 
3382 3419 5404 5463 
3383 4259 4672 4673 
3384 4950 3491 5460 
3385 4304 4105 4981 
3386 5736 4622 5806 
3387 5105 4566 5106 
3388 3658 5104 5756 
3389 3901 3884 5010 
3390 4801 3411 5973 
3391 5369 3489 6169 
3392 3748 4782 6158 
3393 5203 4208 5582 
3394 5439 5418 5696 
3395 4908 5534 5653 
3396 3751 4935 5367 
3397 4131 5132 5133 
3398 3753 3752 4924 
3399 4429 4715 4980 
3400 4540 5476 6035 
3401 5048 5358 5690 
3402 3784 4960 4969 
3403 4843 4348 5009 
3404 4040 3904 5115 
3405 5581 5021 5955 
3406 3431 5200 5519 
3407 256 14 3641 
3408 4161 4163 5113 
3409 4628 4949 5790 
3410 3669 3684 5996 
3411 4166 5056 5057 
3412 3702 3699 4944 
3413 3675 3676 4966 
3414 4659 4661 5820 
3415 4553 5267 5308 
3416 4310 4315 5025 
3417 4080 4242 4873 
3418 22 1272 6224 
3419 5580 4481 6199 
3420 5263 5298 5863 
3421 5000 4326 6246 
3422 3735 3734 4940 
3423 5759 4719 6008 
3424 5699 4856 5775 
3425 4415 4417 4906 
3426 4628 4501 4949 
3427 4249 4640 4934 
3428 5175 5345 6033 
3429 4951 3807 4984 
3430 4747 5394 5994 
3431 3845 4944 5753 
3432 4636 5582 6129 
3433 4918 4330 4919 
3434 5136 4845 5500 
3435 3527 5164 5349 
3436 5430 3434 5531 
3437 257 3409 3544 
3438 4887 4888 4929 
3439 4850 3414 5842 
3440 4924 3844 5271 
3441 5134 5132 5136 
3442 5034 5391 5422 
3443 4791 4883 5274 
3444 4968 4634 5412 
3445 4575 5117 5118 
3446 4586 4904 5585 
3447 4397 4623 4955 
3448 4874 4242 5101 
3449 5391 4817 5422 
3450 4053 5768 6233 
3451 3831 4864 6008 
3452 5030 4495 5168 
3453 4748 3850 5776 
3454 4561 4560 6007 
3455 3680 3679 5098 
3456 4347 4348 4843 
3457 4405 4845 5131 
3458 4050 5739 5859 
3459 3933 3945 4965 
3460 3582 5149 5310 
3461 5570 5515 5993 
3462 4115 4979 5800 
3463 4926 5738 5819 
3464 3713 3709 4935 
3465 4446 4843 4847 
3466 4242 4071 5930 
3467 5495 5281 5658 
3468 5803 5830 6136 
3469 5807 4572 6113 
3470 5013 3505 5615 
3471 5709 3506 5856 
3472 3571 3570 4961 
3473 4560 4552 5241 
3474 5265 3578 5871 
3475 5534 4908 5594 
3476 3503 167 3690 
3477 5425 4797 6097 
3478 3663 5872 6020 
3479 4998 4999 5085 
3480 3462 5189 5190 
3481 3809 3841 5042 
3482 4304 4981 4982 
3483 4889 4217 5947 
3484 4554 4849 5248 
3485 5304 4603 5692 
3486 5202 5425 6097 
3487 5134 5136 5658 
3488 4518 4336 4745 
3489 4798 4799 6251 
3490 4711 5639 5899 
3491 5158 3459 5599 
3492 4776 5166 6140 
3493 4220 4217 4889 
3494 8 147 6012 
3495 170 9 6101 
3496 4075 4183 4805 
3497 3688 3566 6019 
3498 5216 5220 5599 
3499 4980 4715 6043 
3500 149 3523 4948 
3501 3503 3690 5277 
3502 3416 5741 6118 
3503 3608 3634 5466 
3504 4319 4322 4998 
3505 4352 4447 4674 
3506 4980 4449 5516 
3507 5120 3639 5310 
3508 5029 3425 5977 
3509 5235 5237 5324 
3510 5154 5392 6155 
3511 5340 3935 6229 
3512 4516 4435 4937 
3513 5507 5517 5893 
3514 5164 5187 5349 
3515 5731 6127 6202 
3516 4209 4203 5146 
3517 3609 3606 3617 
3518 4633 5106 5579 
3519 4539 5279 5649 
3520 5741 5370 6118 
3521 5225 3465 5498 
3522 5006 4587 6040 
3523 5008 3458 5347 
3524 4089 4942 5734 
3525 5121 5149 5828 
3526 5667 3670 5881 
3527 5400 4720 6190 
3528 4698 4791 5274 
3529 4155 5112 5379 
3530 4153 4814 4946 
3531 5161 3451 6204 
3532 4171 4174 4977 
3533 4275 5067 5340 
3534 6055 5406 6151 
3535 3585 3568 3638 
3536 3408 5299 6203 
3537 4131 5131 5132 
3538 4605 4453 5965 
3539 5693 4971 6058 
3540 4518 4745 6071 
3541 3570 3568 3585 
3542 3632 3597 5877 
3543 4978 4782 6303 
3544 3663 3657 5140 
3545 3458 5008 5125 
3546 3723 3725 5242 
3547 4941 4436 4942 
3548 3681 3680 3682 
3549 3784 3774 4960 
3550 3448 5069 5547 
3551 5263 3403 5614 
3552 5002 4385 6273 
3553 4650 5019 6024 
3554 5046 4467 5047 
3555 3523 5031 5670 
3556 3608 3633 6356 
3557 5351 3531 5772 
3558 4522 5575 5683 
3559 3442 5327 5508 
3560 4948 3523 5650 
3561 3455 5068 5204 
3562 5044 4983 5045 
3563 4247 5618 5926 
3564 4781 5524 5714 
3565 5665 5038 6162 
3566 5112 4482 5379 
3567 4320 5023 5605 
3568 5405 4948 5650 
3569 4946 4814 5391 
3570 4277 4275 5340 
3571 5288 5290 6006 
3572 3420 5429 6302 
3573 5077 4634 6009 
3574 5329 3790 5395 
3575 5106 4633 5876 
3576 3851 3848 4916 
3577 4934 4640 5791 
3578 5299 3408 5434 
3579 5549 5211 6123 
3580 4507 23 5173 
3581 5458 5454 5715 
3582 5452 3411 6099 
3583 5085 4999 5154 
3584 3815 3813 6192 
3585 5019 5016 5777 
3586 5077 3509 5412 
3587 4991 4063 5793 
3588 4416 4414 5805 
3589 4780 4778 4964 
3590 4992 5561 6051 
3591 3617 3606 6311 
3592 4776 4775 4780 
3593 6090 3943 6091 
3594 4071 5179 5930 
3595 4186 4959 5787 
3596 4753 5411 6245 
3597 4726 4727 6119 
3598 5658 5136 6128 
3599 5206 4699 5774 
3600 4873 4874 4875 
3601 1315 1316 5355 
3602 5445 4950 5460 
3603 4560 5241 5329 
3604 3608 3602 3632 
3605 4044 4024 4894 
3606 4977 4494 5946 
3607 4509 4757 5188 
3608 3667 3683 3684 
3609 4141 4805 5935 
3610 4765 3779 5784 
3611 3863 5663 5778 
3612 4482 5231 5305 
3613 4538 4485 5103 
3614 4957 3421 5468 
3615 4852 4208 5203 
3616 4019 4016 5255 
3617 4698 5274 5427 
3618 4063 4991 5396 
3619 4829 5570 5993 
3620 4293 4656 5179 
3621 4751 6044 6175 
3622 4676 4540 6035 
3623 3682 3680 5153 
3624 5042 3841 5109 
3625 4881 4426 4882 
3626 3901 5003 5208 
3627 4971 4129 5419 
3628 5091 4280 5092 
3629 3667 3666 3683 
3630 5014 4290 5827 
3631 5370 5369 6169 
3632 3541 5848 5849 
3633 4363 5051 5052 
3634 3850 4748 6029 
3635 5686 5244 5894 
3636 4847 4843 5941 
3637 4291 5057 5628 
3638 4609 5816 5817 
3639 3634 3608 6356 
3640 3425 5027 5041 
3641 3768 3765 4772 
3642 3661 3666 3667 
3643 3640 3639 5822 
3644 4781 5714 5749 
3645 4806 4223 6195 
3646 4164 4291 5628 
3647 5371 5418 5439 
3648 4222 4216 5186 
3649 5133 5132 5134 
3650 3613 3609 3636 
3651 5864 4263 6030 
3652 3779 4765 6044 
3653 5180 3427 5454 
3654 6015 5717 6252 
3655 4304 4983 5044 
3656 4440 5109 5794 
3657 4933 5469 5748 
3658 5057 4291 5629 
3659 5235 3502 6141 
3660 3936 5313 6188 
3661 3444 5007 5512 
3662 4898 3854 4899 
3663 4745 5485 6071 
3664 5599 5220 6299 
3665 4580 5111 5618 
3666 3661 3660 3666 
3667 4950 4929 5448 
3668 5071 5308 6327 
3669 162 5303 6025 
3670 5176 3601 5874 
3671 4383 4385 5002 
3672 3517 5124 5214 
3673 3512 3591 3592 
3674 5094 4294 5746 
3675 5815 5455 6360 
3676 4965 3945 5915 
3677 5212 4773 5253 
3678 3945 3936 6188 
3679 3467 5102 6325 
3680 4259 4257 4672 
3681 5152 3903 5870 
3682 5341 4648 5976 
3683 3525 5283 5390 
3684 5015 3682 5233 
3685 4036 3964 4946 
3686 5613 5298 5614 
3687 3690 3539 3691 
3688 3884 3877 5010 
3689 4943 3580 5988 
3690 3612 5177 5312 
3691 5535 5229 5653 
3692 3874 3871 5022 
3693 4199 4439 5215 
3694 5850 3460 6207 
3695 3843 3748 6158 
3696 3789 3788 5100 
3697 5154 5424 5698 
3698 4805 4183 6250 
3699 4536 4648 5341 
3700 4402 4513 4819 
3701 4437 4425 4651 
3702 4617 5008 5024 
3703 3691 3692 3693 
3704 4249 4568 4640 
3705 4461 5309 5604 
3706 4844 4611 5323 
3707 4328 4330 4918 
3708 5238 4575 5319 
3709 4414 4423 5805 
3710 4241 4150 4336 
3711 4820 5372 5537 
3712 3685 3524 6168 
3713 151 3509 5031 
3714 4635 4498 5229 
3715 5106 4566 5979 
3716 3411 5052 6099 
3717 4199 4198 4425 
3718 4257 4671 4672 
3719 3894 3893 3966 
3720 3635 5292 6356 
3721 4833 4832 4840 
3722 3952 3950 4048 
3723 3415 5085 5154 
3724 4802 4296 4803 
3725 3898 3897 3950 
3726 4904 4586 5657 
3727 4035 4034 4122 
3728 4123 4122 4296 
3729 3906 3905 4034 
3730 4256 4498 4635 
3731 4107 4197 4402 
3732 3792 3789 5100 
3733 4768 4289 4769 
3734 5438 3535 5465 
3735 5161 4547 5437 
3736 4717 5079 5506 
3737 4363 4364 5051 
3738 4814 4812 4815 
3739 3654 3650 5011 
3740 3779 3776 3804 
3741 967 968 5197 
3742 3996 3992 4810 
3743 3805 3804 3830 
3744 4121 4240 4249 
3745 4293 4292 4588 
3746 3831 3830 4864 
3747 3494 5333 5853 
3748 3829 3828 3893 
3749 4621 5581 6023 
3750 4149 4148 4832 
3751 4405 4339 4611 
3752 5097 3537 5471 
3753 4774 3775 4775 
3754 4635 5229 6106 
3755 3904 3842 5115 
3756 4091 4088 5055 
3757 3844 3843 3897 
3758 4349 4914 4915 
3759 4787 3796 4788 
3760 4576 5203 5582 
3761 3611 5088 5868 
3762 4193 4341 4536 
3763 4308 4310 5025 
3764 3401 5596 5632 
3765 3695 3892 4824 
3766 4508 5188 5428 
3767 3748 3746 4782 
3768 3570 3585 3586 
3769 3888 3889 3905 
3770 3830 3832 3888 
3771 3714 3713 3750 
3772 4536 4341 4648 
3773 4206 4208 4851 
3774 4589 5422 5750 
3775 4204 4205 4206 
3776 4851 4852 4853 
3777 3539 169 4581 
3778 3899 3904 3976 
3779 3785 4970 6142 
3780 4877 4878 4879 
3781 4202 4203 4204 
3782 5272 5091 5725 
3783 4516 4937 5418 
3784 5497 5249 6100 
3785 4761 5113 5114 
3786 5045 5244 5686 
3787 4215 4216 4217 
3788 3771 3772 3776 
3789 5391 4590 6187 
3790 4241 4336 4518 
3791 5149 5148 5150 
3792 3855 3853 3891 
3793 3901 5010 6110 
3794 4775 4777 4778 
3795 4442 4540 4676 
3796 3890 4055 5159 
3797 968 3405 5197 
3798 3750 3751 3771 
3799 4778 4779 4781 
3800 3536 4933 6137 
3801 4127 4405 5131 
3802 4729 4755 4886 
3803 4105 3961 4981 
3804 3852 3851 3853 
3805 4877 4582 4878 
3806 4248 4806 4807 
3807 3776 3780 4911 
3808 3692 4582 4877 
3809 5463 4953 6153 
3810 5170 3611 5720 
3811 4406 4485 4538 
3812 4126 5569 6261 
3813 4189 4233 4465 
3814 4488 4674 4957 
3815 3976 3904 4039 
3816 4249 4240 4568 
3817 4425 4426 4881 
3818 5384 5386 5992 
3819 5437 4438 5554 
3820 4986 4554 5056 
3821 4454 4278 5272 
3822 5239 4030 5706 
3823 5142 3469 5527 
3824 5524 3995 5714 
3825 3822 4201 4202 
3826 4502 4929 4950 
3827 4382 5717 6015 
3828 3841 3842 3899 
3829 3886 4214 4215 
3830 3492 5384 5385 
3831 5104 3658 5924 
3832 3930 3928 5413 
3833 3691 3539 3692 
3834 3899 3842 3904 
3835 4844 5323 6249 
3836 3703 3702 3710 
3837 4994 4318 4995 
3838 3585 3639 3640 
3839 4702 5455 5815 
3840 4267 4227 4768 
3841 4272 5206 5774 
3842 4928 3574 5645 
3843 4457 4238 4587 
3844 4141 4075 4805 
3845 4449 4980 6043 
3846 4465 4233 4480 
3847 4976 4171 4977 
3848 5176 5177 5873 
3849 3700 3699 3702 
3850 4056 4150 4241 
3851 3724 3722 4774 
3852 3656 3660 3661 
3853 5080 162 6025 
3854 4780 4964 6032 
3855 3482 5098 5598 
3856 3732 3730 4787 
3857 961 962 3512 
3858 3720 3718 4773 
3859 4853 4852 4854 
3860 5350 4644 6064 
3861 4402 4197 4513 
3862 3469 5142 5266 
3863 4467 4955 5050 
3864 3781 5727 5728 
3865 4851 4208 4852 
3866 4206 4205 4208 
3867 5323 4340 6249 
3868 4204 4203 4205 
3869 4879 4878 4880 
3870 254 3476 5363 
3871 5570 4829 6011 
3872 5042 5109 5736 
3873 3853 3854 4898 
3874 4776 4780 5167 
3875 4501 4502 4949 
3876 4646 5157 5158 
3877 5007 3444 5417 
3878 4202 4201 4203 
3879 4405 4611 4844 
3880 3739 5026 5757 
3881 3785 3784 4970 
3882 4855 4856 6015 
3883 4393 4467 5046 
3884 5508 5327 6304 
3885 4808 4889 5947 
3886 3710 3845 3846 
3887 5128 5673 6036 
3888 4807 4806 4809 
3889 4783 5059 5967 
3890 5341 4342 5342 
3891 4836 4833 5058 
3892 3698 3697 3699 
3893 5416 4920 5446 
3894 4856 3943 5775 
3895 3615 3637 6087 
3896 4056 4028 4150 
3897 5630 4363 5983 
3898 5132 4845 5136 
3899 4203 4201 5146 
3900 3987 5053 5740 
3901 4902 5571 6261 
3902 3850 3848 3851 
3903 3590 3553 5798 
3904 3699 3701 4944 
3905 5290 3630 6311 
3906 3606 3629 6311 
3907 3894 3966 3968 
3908 4336 4629 4745 
3909 4193 4083 4341 
3910 4015 4008 5354 
3911 3792 5754 5781 
3912 3637 3403 6087 
3913 3696 3695 3697 
3914 4708 4705 4730 
3915 4751 3750 6044 
3916 4772 6161 6255 
3917 5293 5287 6352 
3918 4217 4216 4219 
3919 3940 4855 4892 
3920 3829 3893 3894 
3921 4024 3968 4147 
3922 4008 4006 4060 
3923 5255 4016 6267 
3924 4578 4429 4980 
3925 4577 5616 5685 
3926 4102 5461 5969 
3927 5313 3946 5654 
3928 3675 4966 6126 
3929 4869 5458 5933 
3930 4583 5313 5654 
3931 4215 4214 4216 
3932 4024 4147 4894 
3933 4921 5392 6246 
3934 4121 4091 4240 
3935 3921 3923 4855 
3936 4153 4811 4812 
3937 3974 3973 5694 
3938 4729 4728 4755 
3939 4599 4597 4627 
3940 3656 3654 3660 
3941 4127 4339 4405 
3942 4039 4075 4141 
3943 4480 4783 4786 
3944 4545 4437 4992 
3945 4127 4044 4339 
3946 5131 4845 5132 
3947 4769 4770 5014 
3948 4248 4223 4806 
3949 4149 4832 4833 
3950 5345 960 6033 
3951 4553 5087 5267 
3952 4525 4491 4901 
3953 4094 4092 5032 
3954 4120 4080 4873 
3955 3983 3981 4010 
3956 4463 4918 4920 
3957 4080 4071 4242 
3958 3630 5837 6311 
3959 4183 4238 4457 
3960 3773 3768 3828 
3961 4821 5890 5939 
3962 3966 3967 4041 
3963 4446 4347 4843 
3964 4767 4446 4847 
3965 3765 3763 3807 
3966 5713 5030 5874 
3967 3694 3693 3695 
3968 4949 3418 5790 
3969 4814 4815 4817 
3970 4347 4156 4348 
3971 4223 4225 6195 
3972 11 237 6207 
3973 3964 3954 4153 
3974 4293 4588 4654 
3975 3988 3985 4050 
3976 4257 4256 4671 
3977 4044 4894 6206 
3978 3998 3996 4198 
3979 3992 3990 4074 
3980 4107 4099 4197 
3981 4067 4036 4292 
3982 3846 3847 3848 
3983 4429 4473 4715 
3984 4219 4223 4248 
3985 3841 3808 3842 
3986 4189 4078 4233 
3987 4303 4428 4429 
3988 4506 3757 4923 
3989 4041 4042 4148 
3990 4148 4234 4303 
3991 4937 4500 4938 
3992 3950 3951 5205 
3993 4225 4728 4729 
3994 5394 4747 6215 
3995 4538 5103 5104 
3996 4945 4102 6179 
3997 3746 3744 3820 
3998 3765 3807 4772 
3999 4803 4804 5007 
4000 4227 4125 4289 
4001 3773 3828 3829 
4002 3742 3740 3803 
4003 5084 3778 5513 
4004 4120 4873 4876 
4005 3752 3748 3843 
4006 3907 3913 4013 
4007 4284 4267 4490 
4008 3979 3971 3980 
4009 4199 4425 4437 
4010 4246 4245 4256 
4011 3695 3693 3892 
4012 3722 3720 3775 
4013 3462 5420 6103 
4014 3718 3716 3770 
4015 4352 4210 4447 
4016 4442 4268 4540 
4017 4256 4245 4498 
4018 3726 3724 3781 
4019 3822 3818 4201 
4020 4488 4352 4674 
4021 5450 4633 5579 
4022 1002 5250 5251 
4023 5575 4522 5615 
4024 4176 4178 5169 
4025 4417 4424 4906 
4026 3730 3728 3796 
4027 5025 4315 5623 
4028 5001 4383 5002 
4029 3734 3732 3806 
4030 5683 5575 6030 
4031 5031 3509 6335 
4032 3459 5216 5599 
4033 4678 6090 6091 
4034 3768 4772 6200 
4035 4041 4148 4149 
4036 3898 3950 3952 
4037 4597 4526 4925 
4038 4303 4429 4578 
4039 5280 3538 5900 
4040 4815 5129 5346 
4041 4958 3493 5940 
4042 4153 4812 4814 
4043 3844 3897 3898 
4044 4067 4293 5179 
4045 3740 3735 4940 
4046 4581 169 5952 
4047 3964 4153 4946 
4048 5450 4800 6258 
4049 4448 3880 4554 
4050 3575 3571 4961 
4051 4067 4292 4293 
4052 4435 4500 4937 
4053 3971 3831 4719 
4054 4880 5090 5091 
4055 5231 3501 5305 
4056 4705 4548 4865 
4057 4608 4501 4628 
4058 3886 3835 4214 
4059 3712 3709 3713 
4060 3724 4774 6140 
4061 4021 4051 4766 
4062 4250 4249 4934 
4063 3915 4021 4117 
4064 4491 4490 4902 
4065 3863 3861 5663 
4066 4789 4788 4991 
4067 3757 3753 4924 
4068 3744 3742 4904 
4069 4336 4337 4629 
4070 5015 5233 6171 
4071 4768 4769 4771 
4072 4334 4435 4516 
4073 3732 4787 6145 
4074 4190 4759 6238 
4075 5438 5465 6302 
4076 5503 4578 6193 
4077 5153 5441 6317 
4078 5069 5684 6257 
4079 4949 4502 4950 
4080 4630 4721 4931 
4081 4508 4509 5188 
4082 5373 4229 5770 
4083 4120 5107 5815 
4084 5363 3476 5786 
4085 3763 3760 4963 
4086 3709 3707 4935 
4087 4100 4099 4107 
4088 3998 4198 4199 
4089 3992 4074 4810 
4090 4774 4775 4776 
4091 3880 3855 4849 
4092 3954 3952 4811 
4093 3707 3705 4936 
4094 4254 4253 4501 
4095 4957 4674 5748 
4096 4787 4788 4789 
4097 4051 4159 4406 
4098 4216 4214 5186 
4099 4036 4946 6187 
4100 3881 3801 5226 
4101 4218 4217 4220 
4102 4501 4253 4502 
4103 3400 5406 6055 
4104 3446 965 4973 
4105 3895 3856 4645 
4106 5768 4990 6233 
4107 3559 3561 5712 
4108 3821 3811 5042 
4109 3746 3820 4782 
4110 3692 4877 6288 
4111 4976 5088 5170 
4112 4640 5482 5791 
4113 4775 4778 4780 
4114 4424 4484 4905 
4115 3752 3843 3844 
4116 4778 4781 4964 
4117 4349 4108 4914 
4118 4083 4066 5043 
4119 4309 5022 6085 
4120 3857 3856 3895 
4121 5236 4743 5237 
4122 3968 3966 4954 
4123 3996 4810 6172 
4124 4280 5091 5272 
4125 3739 3723 5242 
4126 5032 4762 6096 
4127 3771 3776 3779 
4128 4843 5009 5388 
4129 5279 3665 5649 
4130 3888 3905 3906 
4131 5034 5422 5959 
4132 4537 4536 4668 
4133 3462 5190 5702 
4134 3643 3642 5081 
4135 5102 3467 5518 
4136 5009 4411 5388 
4137 3779 3804 3805 
4138 3906 4034 4035 
4139 3588 5075 5076 
4140 4689 5053 5743 
4141 3995 5524 5525 
4142 4836 5058 5225 
4143 4035 4122 4123 
4144 4123 4296 4802 
4145 4125 4123 4802 
4146 3807 4951 6161 
4147 6062 3703 6131 
4148 3479 278 5162 
4149 3805 3830 3831 
4150 4989 4432 4990 
4151 4568 5542 5914 
4152 3716 3714 4751 
4153 5816 4714 5817 
4154 4239 5041 6334 
4155 4227 4289 4768 
4156 5053 5116 5564 
4157 5079 4717 5507 
4158 3427 5180 5490 
4159 4207 4206 4210 
4160 4457 4587 5027 
4161 5316 4917 6170 
4162 4330 4331 4922 
4163 4601 4599 5116 
4164 5267 3519 5308 
4165 3979 3980 3981 
4166 3998 4199 5215 
4167 4284 4490 4491 
4168 4092 4091 4121 
4169 4326 4328 4463 
4170 4463 4328 4918 
4171 4929 4930 5448 
4172 5015 3567 5712 
4173 4663 4665 4896 
4174 5059 4784 5480 
4175 3722 3775 4774 
4176 4976 4977 5088 
4177 4689 4601 5053 
4178 3613 3636 3637 
4179 4759 4465 4760 
4180 5054 3917 5343 
4181 3548 148 4948 
4182 3718 3770 4773 
4183 3730 3796 4787 
4184 4759 4760 5892 
4185 3734 3806 4436 
4186 4437 4651 4992 
4187 5114 4187 5611 
4188 3714 3750 4751 
4189 4406 4538 4539 
4190 4803 4296 4804 
4191 5348 4065 5735 
4192 4255 5415 6185 
4193 3582 5310 5985 
4194 3582 3558 5148 
4195 3973 5123 5694 
4196 5403 4020 6041 
4197 3508 5105 5106 
4198 4353 4352 4488 
4199 4269 4268 4442 
4200 4211 4210 4352 
4201 4564 4561 5062 
4202 3836 3835 3886 
4203 4108 4107 4914 
4204 4819 4513 6259 
4205 4270 4363 5630 
4206 4784 5059 5855 
4207 4163 4167 5113 
4208 168 3539 3690 
4209 4893 4567 5943 
4210 4206 4851 6357 
4211 4629 4630 4931 
4212 3700 3702 3703 
4213 5107 4702 5815 
4214 3852 3853 3855 
4215 3870 3869 3871 
4216 964 965 3446 
4217 3811 3809 5042 
4218 4122 4034 4229 
4219 3871 3873 5022 
4220 3977 3976 4078 
4221 1272 5075 6224 
4222 3919 3921 3940 
4223 3726 3781 5728 
4224 5410 4934 5791 
4225 4465 4480 4848 
4226 4316 4318 4994 
4227 4782 3820 6303 
4228 4304 4982 4983 
4229 3720 4773 6160 
4230 4654 4588 5094 
4231 3830 3804 3832 
4232 4169 4171 4976 
4233 4411 5155 5484 
4234 3485 5048 6237 
4235 6200 4772 6255 
4236 3976 4039 4818 
4237 3850 3851 3852 
4238 5333 5334 5853 
4239 4448 4554 4986 
4240 3583 3575 4961 
4241 5342 4342 6289 
4242 3895 4645 5064 
4243 4443 4442 4857 
4244 4079 4078 4189 
4245 4084 4083 4193 
4246 5221 5414 5758 
4247 5019 4650 5432 
4248 3680 5098 5841 
4249 4588 4590 5033 
4250 4892 4855 6015 
4251 4364 4368 5051 
4252 4469 4453 4605 
4253 3698 3699 3700 
4254 4587 5006 5707 
4255 5128 5127 5673 
4256 4167 4169 4573 
4257 4262 4431 4736 
4258 3888 3832 3889 
4259 3750 3713 3751 
4260 3819 3818 3822 
4261 4424 4905 4906 
4262 3905 3889 3907 
4263 5618 5111 5926 
4264 3940 3921 4855 
4265 4156 4143 4866 
4266 5050 3413 6221 
4267 3712 3713 3714 
4268 3872 3871 3874 
4269 4578 4980 6193 
4270 5050 4955 6102 
4271 3622 5073 6208 
4272 3426 5483 5941 
4273 3928 3939 5413 
4274 4822 5171 6038 
4275 4094 5032 6096 
4276 4769 4289 4770 
4277 3671 3669 3672 
4278 3808 3798 4885 
4279 5392 5000 6246 
4280 184 185 5110 
4281 4568 4735 5542 
4282 4584 4446 4767 
4283 5249 3464 5323 
4284 3693 3692 6288 
4285 4775 3775 4777 
4286 3668 3667 3669 
4287 5017 5016 5019 
4288 4404 4347 4446 
4289 4371 4373 4872 
4290 4489 4488 4958 
4291 4334 4516 6125 
4292 5306 4893 5943 
4293 4117 4021 4766 
4294 4574 4116 5209 
4295 3771 3751 3772 
4296 4517 4994 4996 
4297 5126 5128 5257 
4298 4572 5870 6113 
4299 4545 4992 6051 
4300 4778 4777 4779 
4301 5492 5300 5563 
4302 4644 4564 5061 
4303 5088 4792 5868 
4304 4905 5242 6143 
4305 4813 5129 5523 
4306 3776 3772 3780 
4307 4640 4568 5914 
4308 5112 4508 5428 
4309 4833 4840 5058 
4310 4766 4051 6164 
4311 5620 5785 6317 
4312 4110 4108 4349 
4313 4930 5404 6086 
4314 4157 4156 4347 
4315 5060 5935 6236 
4316 3625 3615 6087 
4317 5034 4590 5391 
4318 3558 3556 5148 
4319 5524 5213 5525 
4320 4875 5200 5919 
4321 3985 3983 5304 
4322 3696 3697 3698 
4323 4988 3756 5631 
4324 3443 5565 6213 
4325 3846 3848 3850 
4326 3793 3792 5781 
4327 4406 4159 4485 
4328 5065 3792 5100 
4329 3923 3925 3943 
4330 4354 4734 5108 
4331 4114 4112 4245 
4332 4869 4867 4870 
4333 3809 3808 3841 
4334 5100 3788 5435 
4335 4065 4062 5735 
4336 4513 5196 6259 
4337 5116 3453 5564 
4338 5850 5285 5902 
4339 4028 4020 5403 
4340 4911 3780 4989 
4341 5020 3873 5854 
4342 5010 4308 5025 
4343 4376 4378 4897 
4344 5047 4467 5050 
4345 3577 3575 3583 
4346 4039 4040 4075 
4347 3604 3608 6147 
4348 4460 4926 6252 
4349 4294 5094 5521 
4350 3891 3853 4898 
4351 5125 4614 5772 
4352 5849 5637 6276 
4353 4308 4309 4310 
4354 4310 4311 4312 
4355 4373 4376 4639 
4356 3818 3815 4739 
4357 5456 4847 5483 
4358 4879 4880 5092 
4359 4970 4969 4971 
4360 4630 4701 4721 
4361 3586 3585 6361 
4362 3823 3822 4884 
4363 3802 4262 5227 
4364 3931 3933 4965 
4365 5968 4712 5997 
4366 5028 5027 5029 
4367 4368 4371 4544 
4368 147 148 3548 
4369 3710 3702 3845 
4370 4651 4425 4881 
4371 5171 4518 6071 
4372 4743 5236 5590 
4373 4644 5350 6120 
4374 5046 5047 5048 
4375 4880 5089 5090 
4376 3861 3859 3887 
4377 4348 4866 4868 
4378 5684 5432 6257 
4379 4620 5627 5772 
4380 3654 5011 6253 
4381 4425 4198 4426 
4382 3896 3957 5397 
4383 4210 4206 6357 
4384 4378 4380 4532 
4385 3950 3897 3951 
4386 3699 3697 3701 
4387 4380 4383 5001 
4388 3692 4581 4582 
4389 4302 5054 5762 
4390 4252 4221 4253 
4391 4075 4076 4183 
4392 3778 5084 5993 
4393 4183 4236 4238 
4394 4519 4518 4822 
4395 4935 3707 4936 
4396 5488 5211 5549 
4397 4999 5000 5392 
4398 4663 4896 4928 
4399 3853 3851 3854 
4400 3518 273 5204 
4401 4190 4189 4759 
4402 4916 3848 6170 
4403 3584 3583 4993 
4404 4480 4557 4783 
4405 3875 3874 4308 
4406 3980 3971 4719 
4407 4959 4186 6255 
4408 3780 4432 4989 
4409 1316 3549 5355 
4410 5546 4735 5752 
4411 4832 4148 6295 
4412 4672 5430 5531 
4413 4445 4443 4625 
4414 3689 3688 6019 
4415 4011 5443 5660 
4416 6084 4401 6280 
4417 4098 4096 4099 
4418 3515 5089 5147 
4419 3846 3845 3847 
4420 4568 4570 4735 
4421 4315 4312 4408 
4422 4361 4659 5847 
4423 3821 5736 5806 
4424 3962 3947 5228 
4425 4554 3880 4849 
4426 4298 4503 5163 
4427 5189 3462 6103 
4428 3649 3673 3674 
4429 168 169 3539 
4430 3840 3838 3856 
4431 3835 3827 4910 
4432 4245 4112 4907 
4433 3867 3865 3869 
4434 3484 5858 5942 
4435 4883 4810 5274 
4436 4966 3676 4967 
4437 3636 3609 6186 
4438 5128 5145 6225 
4439 278 279 5162 
4440 5485 5314 5729 
4441 4091 5055 6292 
4442 3756 5588 5747 
4443 3694 3695 3696 
4444 4902 4490 5971 
4445 3465 5058 5375 
4446 4368 4544 5051 
4447 4888 4889 4952 
4448 4901 4491 4902 
4449 4267 4768 6210 
4450 4639 4897 5099 
4451 4875 4874 5200 
4452 4716 4473 5107 
4453 5016 4861 5211 
4454 4385 4387 4712 
4455 3973 3900 5208 
4456 1321 1320 5035 
4457 4288 5030 5713 
4458 3981 3980 5836 
4459 4120 4876 5107 
4460 4229 5652 5770 
4461 4995 5085 5086 
4462 3506 4927 6026 
4463 4268 4190 6238 
4464 4944 3701 5172 
4465 960 961 5312 
4466 4815 4812 4816 
4467 3913 3915 5593 
4468 4313 4316 4517 
4469 4587 4238 6040 
4470 3848 3847 3849 
4471 4148 4303 6295 
4472 3940 4892 4926 
4473 4588 4292 4590 
4474 4673 4672 5531 
4475 4905 4484 5026 
4476 254 255 3476 
4477 3825 3823 3878 
4478 3534 5463 6153 
4479 5165 5356 5899 
4480 4297 4304 5044 
4481 4539 4538 5279 
4482 3803 3740 4940 
4483 3820 3744 4904 
4484 5893 5504 6043 
4485 4489 4958 5353 
4486 5163 4503 5164 
4487 174 175 5210 
4488 4573 4169 4976 
4489 5634 5596 5970 
4490 3870 3871 3872 
4491 3649 3647 3673 
4492 4192 4190 4268 
4493 3618 3615 3625 
4494 4090 4088 4091 
4495 5004 5742 5987 
4496 3515 5147 5320 
4497 3685 3670 5667 
4498 4395 4397 4955 
4499 3834 3827 3835 
4500 3867 3869 3870 
4501 4574 5209 5673 
4502 4988 4431 5589 
4503 3856 3838 4747 
4504 3639 3638 5310 
4505 3615 3613 3637 
4506 4256 4635 4671 
4507 4789 4991 5004 
4508 5839 5644 5949 
4509 4513 4515 4675 
4510 5012 159 5013 
4511 4517 4997 5096 
4512 4217 4219 5947 
4513 4855 3923 6300 
4514 4825 5744 6194 
4515 4253 4221 4887 
4516 5144 3507 6225 
4517 4391 4393 5046 
4518 3557 3559 5712 
4519 4373 4639 4872 
4520 3929 3931 3944 
4521 5022 3873 5023 
4522 3943 3925 6091 
4523 4487 4477 4890 
4524 4099 4096 5643 
4525 4847 5456 6056 
4526 4409 4408 4614 
4527 4627 4597 4925 
4528 5758 4102 5969 
4529 3966 3893 3967 
4530 3885 3884 3900 
4531 4973 3513 4974 
4532 4029 4028 4056 
4533 4639 4376 4897 
4534 5024 5008 6070 
4535 4219 4222 4223 
4536 5010 5025 6110 
4537 4517 4316 4994 
4538 3691 3693 3694 
4539 4393 4395 4467 
4540 3908 4043 5407 
4541 4312 4311 4313 
4542 273 274 5204 
4543 5861 4890 6351 
4544 4082 4066 4083 
4545 3813 3811 3821 
4546 5321 4186 5787 
4547 4865 5161 6204 
4548 4153 3954 4811 
4549 4675 4752 4903 
4550 4923 3757 4924 
4551 4659 5820 5847 
4552 4610 4609 6065 
4553 4487 4890 4891 
4554 4886 5429 6053 
4555 3817 3815 3818 
4556 5372 4819 5538 
4557 3591 962 6205 
4558 4565 4564 4644 
4559 4881 4882 5326 
4560 4532 4380 5001 
4561 5177 3612 5873 
4562 3592 3591 3593 
4563 4990 5768 6084 
4564 5356 5165 6308 
4565 3944 3931 4965 
4566 3672 3681 3688 
4567 3902 3900 3973 
4568 4867 4142 4912 
4569 3903 3772 5367 
4570 4736 4431 4988 
4571 4946 5391 6187 
4572 4322 4323 5000 
4573 4860 4823 5307 
4574 4920 4918 6191 
4575 1320 3511 6157 
4576 3506 158 5012 
4577 4688 4306 5234 
4578 5701 5170 5720 
4579 4469 4605 4607 
4580 4225 4470 4728 
4581 4223 4224 4225 
4582 3871 3869 3873 
4583 4310 4309 4311 
4584 4987 4986 5764 
4585 4435 4461 4500 
4586 3806 5078 5352 
4587 4715 4473 4716 
4588 5301 3797 6021 
4589 4402 4819 4820 
4590 5335 4933 6003 
4591 5214 5124 5680 
4592 4397 4399 4623 
4593 4255 5414 5415 
4594 4429 4428 4473 
4595 4131 4128 5131 
4596 4810 4074 5274 
4597 4041 3967 4042 
4598 4303 4234 4428 
4599 4148 4042 4234 
4600 4145 4143 4156 
4601 3969 3968 4024 
4602 3523 150 5031 
4603 4497 4577 5685 
4604 3946 3947 3960 
4605 4815 4816 5129 
4606 5130 3433 6219 
4607 4185 4164 5628 
4608 4066 4065 5043 
4609 4431 4263 5864 
4610 5763 4441 6008 
4611 4888 4220 4889 
4612 3800 3798 3808 
4613 4510 4281 4764 
4614 4246 4256 4257 
4615 3601 5873 5878 
4616 3883 3877 3884 
4617 4783 4785 5059 
4618 3960 3961 4105 
4619 5593 3915 6031 
4620 4334 4335 4435 
4621 5239 5706 6285 
4622 4645 4747 5994 
4623 4895 5618 5887 
4624 3830 3888 6310 
4625 4611 4339 4612 
4626 4730 4705 4865 
4627 4308 3874 4309 
4628 3807 3763 4963 
4629 4864 3830 6310 
4630 4712 4387 4713 
4631 4503 5044 5187 
4632 4962 5839 5949 
4633 5089 3515 5210 
4634 5483 4847 5941 
4635 147 3548 6028 
4636 4081 5004 5793 
4637 3933 3936 3945 
4638 3666 3670 3685 
4639 5915 4505 5950 
4640 3509 152 5412 
4641 4064 4062 4065 
4642 5659 5407 5909 
4643 4298 4297 4503 
4644 4626 4625 5097 
4645 4961 4962 5949 
4646 4498 4907 4908 
4647 3947 3942 5228 
4648 4973 4974 4975 
4649 4312 4313 5096 
4650 3696 3698 5206 
4651 4106 4105 4297 
4652 4651 5824 6046 
4653 4648 4649 5069 
4654 4614 4408 4620 
4655 4181 23 4507 
4656 4859 4823 4860 
4657 4834 4833 4836 
4658 4979 5657 5800 
4659 3902 3973 3974 
4660 4025 4024 4044 
4661 3872 3874 3875 
4662 4892 6015 6252 
4663 3875 4308 5010 
4664 4045 4044 4127 
4665 4936 5807 6113 
4666 4906 4905 6143 
4667 4254 4501 4608 
4668 3883 3884 3885 
4669 4931 4721 5268 
4670 4712 4713 5997 
4671 4278 4280 5272 
4672 3581 5820 5846 
4673 4856 5699 6015 
4674 4884 4202 5433 
4675 4167 4573 5113 
4676 5103 3676 6115 
4677 3899 3977 5109 
4678 5332 3956 5951 
4679 4624 4711 4850 
4680 3935 5067 5922 
4681 5110 185 5230 
4682 3885 3900 3902 
4683 4811 4831 6260 
4684 4125 4802 6227 
4685 4868 4869 5933 
4686 4669 4668 5910 
4687 4186 3967 5359 
4688 4215 4217 4218 
4689 4467 4395 4955 
4690 4682 5172 5382 
4691 5187 3461 5349 
4692 3466 5504 5893 
4693 4138 4136 4142 
4694 3496 5280 6321 
4695 4890 5861 6324 
4696 4967 5629 5769 
4697 3938 3942 3946 
4698 3441 4992 5882 
4699 5326 5300 5492 
4700 4656 4654 4932 
4701 4196 4306 4307 
4702 4721 4722 5436 
4703 3795 3793 3797 
4704 3877 3875 5010 
4705 3577 3583 3584 
4706 4147 3968 4954 
4707 3738 5431 6143 
4708 4837 4836 4838 
4709 5431 4906 6143 
4710 4114 4245 4246 
4711 5884 4743 5980 
4712 4121 4249 4250 
4713 5616 4788 5685 
4714 3781 3724 6140 
4715 4822 4518 5171 
4716 4502 4887 4929 
4717 4781 5749 5999 
4718 5027 4587 5041 
4719 5054 5343 5762 
4720 4442 4676 4857 
4721 5522 3432 6305 
4722 4336 4150 4337 
4723 3806 3732 6145 
4724 5327 3442 5364 
4725 4687 5864 6030 
4726 4863 4861 5016 
4727 4825 4535 5744 
4728 1314 1315 3526 
4729 4296 4122 5083 
4730 4709 4708 4793 
4731 5757 5026 5844 
4732 4528 4553 5308 
4733 3434 5430 5802 
4734 4799 4607 5143 
4735 3609 3617 6186 
4736 5133 5134 5135 
4737 5084 4830 5993 
4738 4757 5063 6005 
4739 4791 4790 5005 
4740 4059 4057 4061 
4741 3946 3942 3947 
4742 3471 5196 5539 
4743 5354 4008 6089 
4744 4607 4605 5142 
4745 4009 4008 4015 
4746 159 160 5013 
4747 4054 4194 4196 
4748 4850 4711 5899 
4749 4707 4705 4708 
4750 4488 4957 4958 
4751 5145 5128 6036 
4752 5101 4932 5102 
4753 4310 4312 4315 
4754 4100 4107 4108 
4755 4034 3905 4985 
4756 4101 4080 4120 
4757 4252 4253 4254 
4758 4617 4615 5008 
4759 4698 4697 4790 
4760 3537 5097 6139 
4761 4843 5388 5941 
4762 4047 4155 5379 
4763 4033 3881 5226 
4764 4463 4920 4921 
4765 4007 4006 4008 
4766 5052 5051 6099 
4767 5528 5421 6316 
4768 4550 4549 4551 
4769 4088 4086 5055 
4770 3769 3768 3773 
4771 4248 4807 4808 
4772 3804 3776 6322 
4773 3963 4047 4139 
4774 4623 4399 4624 
4775 4579 5375 5911 
4776 3766 3765 3768 
4777 3705 3703 6062 
4778 4072 4071 4080 
4779 3695 4824 6359 
4780 4436 3806 5352 
4781 3672 3680 3681 
4782 5159 4055 5619 
4783 4218 4220 4221 
4784 4139 4140 4286 
4785 4204 4206 4207 
4786 4134 4132 4135 
4787 3450 5201 6180 
4788 4721 4701 4722 
4789 3791 3789 3792 
4790 4370 5270 5398 
4791 5329 5395 6007 
4792 4513 4675 5196 
4793 3776 4911 6322 
4794 3697 3695 6359 
4795 4439 4437 4545 
4796 5073 3622 5960 
4797 4300 4298 5163 
4798 23 1314 5173 
4799 4038 4049 4054 
4800 166 167 3503 
4801 3764 3763 3765 
4802 3960 3947 3961 
4803 3822 4202 4884 
4804 5385 5429 5464 
4805 4345 4354 5108 
4806 4328 4329 4330 
4807 3599 3597 3602 
4808 4779 5213 5524 
4809 3840 3856 3857 
4810 3497 5156 5688 
4811 4824 3892 5247 
4812 6161 4959 6255 
4813 163 164 3504 
4814 5063 182 6005 
4815 4743 4742 5980 
4816 5393 3685 5667 
4817 4054 4049 4194 
4818 3647 3643 5081 
4819 3953 3952 3954 
4820 4391 5046 5049 
4821 4651 4881 5824 
4822 4928 5645 6112 
4823 5258 3440 5559 
4824 3967 3893 5359 
4825 4573 4976 5170 
4826 4139 4047 4140 
4827 3548 4948 5405 
4828 4734 4528 5071 
4829 4771 4769 5812 
4830 4193 4536 4537 
4831 4297 4105 4304 
4832 4747 3838 6215 
4833 5371 4516 5418 
4834 4281 4277 5340 
4835 160 161 3505 
4836 4038 3974 4049 
4837 4450 5815 6360 
4838 4629 4337 4630 
4839 5304 3983 6045 
4840 4196 4194 4306 
4841 4051 4406 6164 
4842 5104 5103 6115 
4843 4189 4465 4759 
4844 5417 3444 5567 
4845 4445 4625 4626 
4846 5309 4504 5912 
4847 3505 161 5080 
4848 157 158 3506 
4849 4986 4166 5764 
4850 5671 5186 5672 
4851 4615 4614 5125 
4852 4920 5416 6061 
4853 4546 4545 4547 
4854 4071 4068 5179 
4855 4098 4099 4100 
4856 4549 4033 5226 
4857 5033 4590 5034 
4858 4306 4194 5234 
4859 4619 4617 5024 
4860 4027 4020 4028 
4861 238 3541 6207 
4862 966 967 3513 
4863 4930 4888 4952 
4864 3772 3751 5367 
4865 4315 4408 4409 
4866 154 155 3508 
4867 3407 5153 5841 
4868 4876 4875 5079 
4869 5298 5263 5614 
4870 4711 4710 5639 
4871 5069 3448 5835 
4872 4286 4345 4567 
4873 4563 4561 4564 
4874 4354 4462 4528 
4875 5414 4255 5758 
4876 4602 4601 4689 
4877 4690 4689 4691 
4878 4600 4599 4601 
4879 4326 4327 4328 
4880 3666 3660 3670 
4881 3955 3954 3964 
4882 151 152 3509 
4883 4741 4619 4742 
4884 4830 4829 5993 
4885 4731 4359 5332 
4886 3965 3964 4036 
4887 4037 4036 4067 
4888 5033 5522 6305 
4889 4517 4996 4997 
4890 5167 4780 5576 
4891 3457 177 5224 
4892 3899 3976 3977 
4893 4269 4442 4443 
4894 3508 155 5105 
4895 6029 4749 6131 
4896 149 150 3523 
4897 4994 4995 5440 
4898 4130 4128 4131 
4899 3787 3785 3788 
4900 1273 3546 5075 
4901 4503 4297 5044 
4902 4598 4597 4599 
4903 4745 4629 5314 
4904 5146 4739 5806 
4905 4867 4866 6354 
4906 3655 3654 3656 
4907 5858 4893 5942 
4908 3582 5148 5149 
4909 4207 4210 4211 
4910 4353 4488 4489 
4911 4211 4352 4353 
4912 4541 4524 4763 
4913 5283 5199 5390 
4914 5098 3679 5598 
4915 3771 3779 6044 
4916 4209 5146 5584 
4917 3758 3757 4506 
4918 4318 4319 4998 
4919 3628 3631 5716 
4920 4919 4330 4922 
4921 4688 5234 5235 
4922 3540 5137 5162 
4923 4331 4333 4334 
4924 4313 4517 5096 
4925 272 3518 5222 
4926 4864 5763 6008 
4927 4845 4844 5500 
4928 4537 4668 4669 
4929 3982 3981 3983 
4930 5792 5318 5881 
4931 4289 4125 6227 
4932 4286 4140 4345 
4933 4492 4491 4525 
4934 4884 5433 5926 
4935 3905 3907 6291 
4936 4623 4624 5256 
4937 3834 3835 3836 
4938 4796 4794 4797 
4939 3664 3663 3686 
4940 4567 4345 5108 
4941 4525 4901 6213 
4942 4551 4549 5239 
4943 3458 5125 5357 
4944 4582 4581 5302 
4945 4955 4956 6102 
4946 3900 3884 3901 
4947 5045 4983 5244 
4948 3460 5850 5902 
4949 4559 4552 4560 
4950 3796 3728 6349 
4951 5102 4932 6325 
4952 4409 4614 4615 
4953 4018 4016 4019 
4954 5890 4506 5939 
4955 4048 3950 5205 
4956 3521 5260 5261 
4957 4480 4786 4848 
4958 4106 4297 4298 
4959 5634 3590 5798 
4960 4566 5105 5961 
4961 5008 4615 5125 
4962 4192 4268 4269 
4963 5147 5302 5320 
4964 5068 3455 5185 
4965 4952 4953 5404 
4966 4262 4736 5227 
4967 3842 4885 5115 
4968 4002 3999 5215 
4969 4078 3976 6222 
4970 4185 5248 5761 
4971 3683 3666 3685 
4972 4571 4567 4893 
4973 5290 5466 6006 
4974 4697 4692 5327 
4975 3783 3774 3784 
4976 4090 4091 4092 
4977 3819 3822 3823 
4978 3921 3922 3923 
4979 3960 4105 4106 
4980 3631 3591 6205 
4981 3775 3720 6160 
4982 3997 3996 3998 
4983 3993 3992 3996 
4984 3984 3983 3985 
4985 4874 5101 6314 
4986 4741 4742 4743 
4987 4498 4908 5229 
4988 3923 3924 3925 
4989 3991 3990 3992 
4990 3897 3843 5021 
4991 3989 3988 3990 
4992 3986 3985 3988 
4993 4609 5817 6065 
4994 3583 4961 5949 
4995 4995 4998 5085 
4996 3673 5081 5082 
4997 5292 3634 6356 
4998 3977 4078 4079 
4999 4571 4982 6298 
5000 3747 3746 3748 
5001 4817 4815 5346 
5002 3745 3744 3746 
5003 3749 3748 3752 
5004 4218 4251 5394 
5005 5167 4023 5711 
5006 4079 4189 4190 
5007 3743 3742 3744 
5008 4354 4528 4734 
5009 3961 3963 4981 
5010 4622 5584 5806 
5011 3581 4943 5820 
5012 4158 5074 5376 
5013 5334 4854 6214 
5014 4039 4141 4818 
5015 4040 5115 5636 
5016 4742 4619 5024 
5017 5831 4669 5910 
5018 3741 3740 3742 
5019 1272 1273 5075 
5020 5225 4835 5948 
5021 5211 4860 6123 
5022 3495 5160 5929 
5023 962 963 6205 
5024 4445 4626 5203 
5025 5051 4544 5243 
5026 5166 3781 6140 
5027 5544 4640 5914 
5028 3919 3940 5316 
5029 4187 5114 5701 
5030 4124 4123 4125 
5031 3970 3831 3971 
5032 4931 5268 5489 
5033 4215 4218 5394 
5034 3925 3926 3927 
5035 4794 4793 5258 
5036 4704 4548 4705 
5037 4039 3904 4040 
5038 3990 3988 5875 
5039 3817 3818 3819 
5040 4477 4152 5178 
5041 5961 156 6026 
5042 3865 3863 5854 
5043 4880 4878 5089 
5044 1322 1321 3543 
5045 4853 4854 5333 
5046 3492 5385 6042 
5047 4695 4692 4697 
5048 4193 4537 5400 
5049 993 3517 5214 
5050 4455 4737 5261 
5051 5163 5164 5165 
5052 4648 4341 4649 
5053 3788 3785 6142 
5054 4337 4150 5403 
5055 4584 4767 5006 
5056 3652 3650 3654 
5057 4894 4147 5917 
5058 4005 4003 4006 
5059 4213 4033 4549 
5060 4404 4446 4584 
5061 4700 4337 5403 
5062 4070 4068 4071 
5063 4963 3760 6347 
5064 6039 5150 6152 
5065 4999 4322 5000 
5066 4157 4347 4404 
5067 5160 3495 5472 
5068 963 964 6048 
5069 3648 3647 3649 
5070 4796 4797 5425 
5071 3715 3714 3716 
5072 4307 4455 4524 
5073 4679 4678 6091 
5074 4672 4671 5430 
5075 3927 3928 3929 
5076 5115 5301 6037 
5077 3716 4751 6353 
5078 3975 3974 4038 
5079 4811 3952 6268 
5080 3543 5040 5402 
5081 4528 4462 4553 
5082 5003 3901 6110 
5083 3879 3855 3880 
5084 4478 4477 4487 
5085 167 168 3690 
5086 4521 5573 6243 
5087 3846 3850 6029 
5088 5245 5246 5401 
5089 5356 3414 5899 
5090 3762 3760 3763 
5091 4198 3996 6172 
5092 4666 4667 4756 
5093 4226 4125 4227 
5094 3978 3971 3979 
5095 5171 4338 5550 
5096 4020 4019 6041 
5097 4082 4083 4084 
5098 5294 5285 5850 
5099 4266 4227 4267 
5100 3841 3899 5109 
5101 3963 4046 4047 
5102 4057 4056 5621 
5103 5582 4209 6129 
5104 3678 4761 5073 
5105 4982 4571 5982 
5106 4729 4886 6053 
5107 4283 4267 4284 
5108 3633 3632 5264 
5109 4537 4720 5400 
5110 4802 4803 5780 
5111 3929 3930 3931 
5112 3936 3938 5313 
5113 3679 3669 5996 
5114 3723 3722 3724 
5115 3725 3724 3726 
5116 5153 3680 5841 
5117 3727 3726 3728 
5118 148 149 4948 
5119 3729 3728 3730 
5120 3721 3720 3722 
5121 3477 184 5110 
5122 4732 4731 4827 
5123 3731 3730 3732 
5124 4307 4306 4455 
5125 4866 4143 6354 
5126 3733 3732 3734 
5127 4345 4346 4354 
5128 5547 5069 6257 
5129 3659 3657 3663 
5130 4348 4156 4866 
5131 3842 3808 4885 
5132 4023 5167 5576 
5133 4480 4233 4557 
5134 4880 5091 5092 
5135 5857 3500 5970 
5136 5051 5243 6099 
5137 5272 5276 6077 
5138 5053 4601 5116 
5139 3717 3716 3718 
5140 4879 5092 6279 
5141 3719 3718 3720 
5142 5047 5050 5254 
5143 4970 4971 4972 
5144 4693 5558 6201 
5145 4828 4827 4829 
5146 4982 4981 6298 
5147 5837 3630 6313 
5148 4316 4317 4318 
5149 5789 5247 6066 
5150 3990 5875 5962 
5151 5775 3943 6090 
5152 4797 4794 5258 
5153 5345 5175 5355 
5154 5159 4343 5603 
5155 5756 5104 6115 
5156 3538 5280 5804 
5157 3931 3932 3933 
5158 5571 4902 5971 
5159 4154 3880 4448 
5160 4241 4518 4519 
5161 4654 5094 5746 
5162 5315 4754 5885 
5163 3429 5138 6138 
5164 3943 4856 6300 
5165 4942 5733 5897 
5166 3919 3920 3921 
5167 4145 4156 4157 
5168 4305 5430 5906 
5169 3505 5080 6167 
5170 4541 4763 5144 
5171 3938 3941 3942 
5172 6116 5265 6339 
5173 4552 4551 5241 
5174 3800 3808 3809 
5175 4001 3999 4002 
5176 4903 5409 5410 
5177 3584 4993 5137 
5178 990 5117 5238 
5179 3900 3901 5208 
5180 3927 3929 5907 
5181 4205 4203 4209 
5182 4611 4612 5249 
5183 5022 5023 5262 
5184 5200 4243 5519 
5185 4520 5307 5552 
5186 4596 4526 4597 
5187 5074 4158 6315 
5188 4919 5370 5741 
5189 4812 4811 6260 
5190 3933 3934 3936 
5191 4201 4739 5146 
5192 3569 3568 3570 
5193 3704 3703 3705 
5194 5191 5150 5377 
5195 4861 4860 5211 
5196 4588 5033 6305 
5197 4568 4240 4570 
5198 4441 5759 6008 
5199 3755 3753 3757 
5200 4313 4314 4316 
5201 5199 3405 5390 
5202 4938 4500 4939 
5203 4075 4040 4076 
5204 5633 5233 5785 
5205 4323 4325 4326 
5206 4238 4236 4947 
5207 5226 3801 5695 
5208 5061 4564 5062 
5209 4183 4076 4236 
5210 5636 5115 6037 
5211 5333 4854 5334 
5212 4761 5114 6208 
5213 158 159 5012 
5214 3882 3877 3883 
5215 4914 4107 6309 
5216 4155 4508 5112 
5217 3876 3875 3877 
5218 4312 5096 6348 
5219 5231 5112 5428 
5220 3774 3773 4960 
5221 4873 4875 4876 
5222 5277 4272 5774 
5223 4533 4510 5339 
5224 3961 3962 3963 
5225 5129 4816 5130 
5226 3866 3865 3867 
5227 4307 4524 4541 
5228 3511 5037 6157 
5229 5058 4840 5375 
5230 4077 3909 4102 
5231 150 151 5031 
5232 4807 4809 5384 
5233 5421 5130 5646 
5234 3936 3937 3938 
5235 4286 4567 4571 
5236 5639 4710 5938 
5237 1313 23 4180 
5238 3995 5525 5995 
5239 4205 4209 5582 
5240 4684 4683 5141 
5241 3873 3869 5854 
5242 4870 4913 5180 
5243 3780 3903 4432 
5244 5766 4628 6018 
5245 3673 3647 5081 
5246 5054 4302 5844 
5247 3907 3912 3913 
5248 4295 5809 5830 
5249 4779 5212 5213 
5250 6049 4895 6166 
5251 4064 4065 4066 
5252 4201 3818 4739 
5253 3681 3682 5015 
5254 4204 4207 5433 
5255 4292 4036 6187 
5256 3784 4969 4970 
5257 3864 3863 3865 
5258 4820 4819 5372 
5259 1317 1318 5344 
5260 4728 4895 6049 
5261 3413 5050 6102 
5262 4668 4536 5341 
5263 279 280 3540 
5264 4911 4989 6280 
5265 4859 4860 4861 
5266 5210 175 5322 
5267 276 5093 5184 
5268 4863 5016 5017 
5269 3863 5778 5854 
5270 3692 3539 4581 
5271 3963 4139 4981 
5272 5092 4280 5730 
5273 277 278 3479 
5274 3706 3705 3707 
5275 998 3514 5217 
5276 5004 4991 5793 
5277 3508 5106 5876 
5278 5098 5426 5610 
5279 4783 4557 4785 
5280 3711 3709 3712 
5281 4422 4420 4686 
5282 3708 3707 3709 
5283 4530 4116 4574 
5284 3567 5015 6171 
5285 4365 5243 6103 
5286 5187 5044 6346 
5287 4176 5169 6319 
5288 5589 5805 6326 
5289 4626 5097 5295 
5290 5234 4195 5236 
5291 4763 4524 5260 
5292 3603 3602 3604 
5293 4207 4247 5433 
5294 5094 4588 6305 
5295 3690 3691 6241 
5296 4799 5143 5421 
5297 4138 4142 4143 
5298 3661 3667 3668 
5299 3637 3636 5614 
5300 3849 3918 3919 
5301 5443 4542 5660 
5302 4840 4832 5865 
5303 4128 4127 5131 
5304 4870 5180 5454 
5305 3795 3797 3798 
5306 4485 6057 6196 
5307 5679 4375 5990 
5308 5324 5237 5330 
5309 3627 3626 3642 
5310 5005 4790 6337 
5311 3737 3735 3740 
5312 5538 4819 6259 
5313 3521 5261 5606 
5314 4048 6016 6251 
5315 4722 4724 5201 
5316 4476 4152 4477 
5317 5188 5110 5428 
5318 5164 4503 5187 
5319 4721 5436 6176 
5320 3410 5245 5401 
5321 3913 3914 3915 
5322 5245 4532 5246 
5323 4219 4216 4222 
5324 3576 3575 3577 
5325 6127 4923 6202 
5326 4405 4844 4845 
5327 274 275 3455 
5328 3915 3916 4021 
5329 4519 4822 4823 
5330 3489 5369 5371 
5331 3506 5012 6074 
5332 4513 4197 4515 
5333 5206 3698 5767 
5334 5189 4872 5190 
5335 4933 4447 6003 
5336 5849 5294 5850 
5337 4904 3742 6256 
5338 4194 4049 4195 
5339 5687 4466 5775 
5340 4021 4022 4051 
5341 161 162 5080 
5342 5169 4178 5408 
5343 5261 4737 5606 
5344 4624 4710 4711 
5345 4051 4052 4159 
5346 4942 4436 5352 
5347 5163 5165 5639 
5348 3624 3623 3626 
5349 279 3540 5162 
5350 4408 4312 6348 
5351 4856 4855 6300 
5352 5081 3642 5904 
5353 4194 4195 5234 
5354 5217 3514 5218 
5355 3821 5042 5736 
5356 4839 4838 5138 
5357 5126 5127 5128 
5358 5001 5002 5705 
5359 155 156 5105 
5360 5375 4840 5911 
5361 4383 4384 4385 
5362 4107 4402 6309 
5363 4457 5027 5028 
5364 180 181 3473 
5365 4395 4396 4397 
5366 3553 3555 5798 
5367 5852 5836 6047 
5368 3629 5290 6311 
5369 5145 5144 6225 
5370 4110 4349 6050 
5371 3546 5071 6327 
5372 3862 3861 3863 
5373 4432 5152 5700 
5374 4214 3835 4910 
5375 3610 3609 3613 
5376 5139 5138 5494 
5377 4393 4394 4395 
5378 4166 5057 6057 
5379 3625 5362 5363 
5380 4792 5088 5946 
5381 3684 3683 6055 
5382 3500 5788 5970 
5383 4385 4386 4387 
5384 3451 5161 5891 
5385 4397 4398 4399 
5386 3507 5144 5331 
5387 4059 4061 4062 
5388 5449 4957 5468 
5389 5135 5134 5281 
5390 4373 4374 4376 
5391 4535 4146 5617 
5392 4731 5332 5951 
5393 178 179 3516 
5394 3957 4104 5397 
5395 4918 5741 6191 
5396 4376 4377 4378 
5397 3661 3668 5140 
5398 4391 4392 4393 
5399 3650 3649 5011 
5400 4319 4321 4322 
5401 4663 4664 4665 
5402 14 380 3399 
5403 4741 4743 5590 
5404 5384 4809 5385 
5405 4362 4359 4731 
5406 272 273 3518 
5407 255 256 5070 
5408 4378 4379 4380 
5409 5565 5122 6213 
5410 4886 4755 5438 
5411 4302 5757 5844 
5412 3636 5613 5614 
5413 5155 3499 5484 
5414 4214 4910 5186 
5415 3616 3615 3618 
5416 3791 3792 3793 
5417 4918 4919 5741 
5418 4134 4135 4136 
5419 5585 3803 5586 
5420 176 177 3457 
5421 4380 4381 4383 
5422 5028 5029 5156 
5423 3894 3968 3969 
5424 3621 3623 3624 
5425 4771 5812 5923 
5426 4354 4346 4462 
5427 6010 5329 6286 
5428 3828 3768 6200 
5429 3560 3558 3582 
5430 5410 3436 6338 
5431 3645 3643 3647 
5432 4995 4318 4998 
5433 4807 5384 5992 
5434 4473 4702 5107 
5435 3958 3917 5054 
5436 4565 4644 4800 
5437 4793 4708 5921 
5438 4424 4483 4484 
5439 4254 4608 5309 
5440 4657 4505 5915 
5441 5156 5029 5688 
5442 3907 4013 5975 
5443 5044 5045 6346 
5444 4174 4175 4176 
5445 3660 3654 6253 
5446 4607 5142 5143 
5447 3649 3674 5011 
5448 183 184 3477 
5449 4029 4056 4057 
5450 4054 4196 4261 
5451 3773 3829 4960 
5452 4371 4372 4373 
5453 3516 179 5192 
5454 4629 4931 6296 
5455 6057 5629 6196 
5456 4661 4662 4663 
5457 4092 4121 5032 
5458 4487 5124 5157 
5459 4759 5892 6238 
5460 3605 3604 6341 
5461 5059 4785 5060 
5462 180 3473 5192 
5463 3595 3593 3628 
5464 5041 5707 6334 
5465 3624 3626 3627 
5466 5037 3511 6339 
5467 4435 4335 4461 
5468 4223 4222 4224 
5469 4169 4170 4171 
5470 4728 4470 4895 
5471 4171 4172 4174 
5472 4490 4267 6210 
5473 4225 4224 4470 
5474 4956 4623 6254 
5475 4149 4833 4834 
5476 3564 3562 6284 
5477 4167 4168 4169 
5478 6048 3631 6205 
5479 4339 4044 6206 
5480 4903 4752 5409 
5481 4455 4688 4737 
5482 3859 3857 5885 
5483 5169 5954 6319 
5484 4931 5489 6296 
5485 1273 1274 3546 
5486 4675 4515 4752 
5487 4659 4660 4661 
5488 4645 3856 4747 
5489 4740 4619 4741 
5490 4307 4541 5366 
5491 3657 3656 5140 
5492 4104 4681 4699 
5493 3973 5208 6231 
5494 3573 3571 3575 
5495 21 1325 5387 
5496 4760 5280 5900 
5497 5098 5610 5841 
5498 4048 5205 6016 
5499 987 5126 5257 
5500 4498 4245 4907 
5501 3674 3673 5797 
5502 4798 4607 4799 
5503 5588 4988 5589 
5504 991 992 3475 
5505 5384 3492 5386 
5506 3607 3606 3609 
5507 993 994 3517 
5508 3614 3613 3615 
5509 995 996 3459 
5510 5090 5089 5210 
5511 270 271 3406 
5512 4345 4140 4346 
5513 5069 4649 5684 
5514 4563 4564 4565 
5515 5235 5236 5237 
5516 5590 4195 5694 
5517 4764 4281 5340 
5518 990 991 5117 
5519 4842 5423 5832 
5520 179 180 5192 
5521 4043 4231 5407 
5522 3952 4048 6268 
5523 4388 4390 4391 
5524 4697 5327 5364 
5525 3556 5072 6152 
5526 3627 3642 3643 
5527 4502 4253 4887 
5528 4027 4028 4029 
5529 4624 4850 5256 
5530 5236 4195 5590 
5531 4116 4038 5209 
5532 5110 5230 5428 
5533 4293 4654 4656 
5534 4050 3985 5304 
5535 5192 3473 5195 
5536 4054 4261 5209 
5537 5309 4608 5604 
5538 4987 5764 6233 
5539 5119 5121 5278 
5540 274 3455 5204 
5541 4936 3705 6062 
5542 5810 4521 6243 
5543 4334 4333 4335 
5544 5180 4913 5181 
5545 4616 4615 4617 
5546 4981 4139 6298 
5547 4130 4131 4132 
5548 4901 4902 6261 
5549 3787 3788 3789 
5550 4368 4369 4371 
5551 5122 4525 6213 
5552 389 390 5406 
5553 4869 4870 5454 
5554 5243 4365 6099 
5555 186 187 3501 
5556 4047 4046 4155 
5557 4618 4617 4619 
5558 3516 5192 5193 
5559 4971 5419 6014 
5560 3438 5211 5488 
5561 3923 3943 6300 
5562 3515 174 5210 
5563 5411 5383 6245 
5564 5230 5231 5428 
5565 5275 4645 5994 
5566 5039 5871 6162 
5567 4767 4847 6056 
5568 5201 4724 5202 
5569 4487 4891 5124 
5570 5246 3487 5958 
5571 3511 6116 6339 
5572 3902 3974 3975 
5573 3459 5158 6281 
5574 4104 4699 5397 
5575 5643 4096 6096 
5576 4898 4899 5830 
5577 3513 967 5197 
5578 5259 4725 6097 
5579 3942 3948 5228 
5580 4326 4463 6246 
5581 4142 4867 6354 
5582 4261 4196 5366 
5583 3546 1274 5269 
5584 4736 4988 5631 
5585 4299 4298 4300 
5586 5809 5810 5830 
5587 3969 4024 4025 
5588 4551 5239 5240 
5589 988 989 3481 
5590 4288 4495 5030 
5591 4854 5295 6214 
5592 3457 5224 5276 
5593 5056 4554 5883 
5594 5220 5221 6299 
5595 4538 5104 5279 
5596 987 988 5126 
5597 3860 3859 3861 
5598 4025 4044 4045 
5599 4045 4127 4128 
5600 3621 3620 3623 
5601 3838 3836 6215 
5602 4960 3829 5669 
5603 3728 5728 6349 
5604 5006 4767 5336 
5605 1322 3543 5402 
5606 5090 5210 5322 
5607 5111 4580 5672 
5608 3883 3959 5178 
5609 3656 3661 5140 
5610 4330 4329 4331 
5611 4788 3796 5685 
5612 4413 5431 5755 
5613 4547 4545 5437 
5614 4038 4054 5209 
5615 4477 5178 6351 
5616 4258 4257 4259 
5617 3961 3947 3962 
5618 5458 3499 5933 
5619 4349 4915 5594 
5620 4178 4270 5408 
5621 4559 4560 4561 
5622 6088 5435 6148 
5623 4830 5083 5373 
5624 4748 4749 6029 
5625 1004 1003 3521 
5626 4972 4971 6014 
5627 277 3479 5093 
5628 163 3504 5303 
5629 185 186 5230 
5630 4199 4437 4439 
5631 3623 3620 6080 
5632 4068 4067 5179 
5633 3873 5020 6232 
5634 5353 4755 6049 
5635 269 270 5119 
5636 4057 5621 6234 
5637 5172 3701 5382 
5638 991 3475 5117 
5639 4851 4853 6003 
5640 3858 3857 3859 
5641 4810 4883 6172 
5642 3883 3885 3959 
5643 4834 4836 4837 
5644 162 163 5303 
5645 187 188 5087 
5646 3983 4010 6045 
5647 3898 3952 3953 
5648 4018 4019 4020 
5649 4930 4952 5404 
5650 3568 3564 6284 
5651 5071 4528 5308 
5652 4231 4555 4666 
5653 4837 4838 4839 
5654 4903 5410 6338 
5655 3436 5410 5540 
5656 3783 3784 3785 
5657 5066 5435 6088 
5658 4187 5701 5720 
5659 4772 3807 6161 
5660 3963 3962 4046 
5661 4797 5258 5259 
5662 5229 3470 6106 
5663 4361 4593 4659 
5664 3942 3941 3948 
5665 4718 4497 5685 
5666 4417 4419 4424 
5667 4823 4822 5307 
5668 4919 5369 5370 
5669 1275 3510 5269 
5670 5699 4382 6015 
5671 4452 4259 4453 
5672 4524 4455 5261 
5673 4468 4453 4469 
5674 4899 3854 4900 
5675 5814 381 5823 
5676 4262 4263 4431 
5677 3469 5266 5529 
5678 971 972 5282 
5679 4420 4416 5805 
5680 3939 5339 5413 
5681 5233 5232 5785 
5682 3923 3922 3924 
5683 4835 5225 5498 
5684 4455 4306 4688 
5685 4674 4933 5748 
5686 156 157 6026 
5687 1274 1275 5269 
5688 5190 4375 5702 
5689 5008 5347 6070 
5690 4550 4551 4552 
5691 3893 3828 5359 
5692 4709 4793 4794 
5693 4163 4165 4167 
5694 3975 4038 4116 
5695 4857 4676 5929 
5696 4656 4932 5101 
5697 4328 4327 4329 
5698 4707 4708 4709 
5699 5257 5128 6225 
5700 182 5063 5963 
5701 3925 3924 3926 
5702 3820 4904 5657 
5703 164 165 5423 
5704 4996 4994 6264 
5705 5627 4997 6211 
5706 4791 5005 5273 
5707 4968 3508 5876 
5708 4072 4080 4101 
5709 4009 4015 4016 
5710 5568 4770 5780 
5711 269 5119 5278 
5712 5193 5192 5195 
5713 4530 4574 4575 
5714 4698 4790 4791 
5715 3662 3678 5073 
5716 4007 4008 4009 
5717 3927 3926 3928 
5718 3929 3928 3930 
5719 3769 3773 3774 
5720 3931 3930 3932 
5721 3678 4161 4761 
5722 4994 5440 6264 
5723 3766 3768 3769 
5724 3933 3932 3934 
5725 4448 4987 5151 
5726 4882 4883 5273 
5727 4231 4666 5407 
5728 4013 5625 6247 
5729 3764 3765 3766 
5730 3936 3934 3937 
5731 5437 4545 6051 
5732 4722 4723 4724 
5733 3959 5861 6351 
5734 3484 5244 5858 
5735 4340 5323 5851 
5736 3682 5153 5232 
5737 276 277 5093 
5738 4248 4808 5947 
5739 4575 5118 6052 
5740 4364 4367 4368 
5741 3662 5073 5675 
5742 3938 3937 3941 
5743 4882 4426 4883 
5744 5522 5033 5959 
5745 4251 4221 4252 
5746 4086 4084 5400 
5747 3848 3849 6170 
5748 4213 4549 4550 
5749 3895 5064 5315 
5750 4478 4487 5157 
5751 4427 5080 6025 
5752 5872 3689 6020 
5753 4117 4766 5681 
5754 4782 4978 5955 
5755 4989 4990 6084 
5756 4704 4705 4707 
5757 5198 3405 5199 
5758 4989 6084 6280 
5759 4109 4108 4110 
5760 3895 5315 5885 
5761 3664 3686 3687 
5762 6108 4834 6165 
5763 270 3406 5119 
5764 186 3501 5230 
5765 4122 4229 6342 
5766 4313 4311 4314 
5767 3659 3663 3664 
5768 4870 4912 4913 
5769 3872 3875 3876 
5770 4013 3913 5593 
5771 4070 4071 4072 
5772 5038 5039 6162 
5773 4677 5687 5775 
5774 4781 4779 5524 
5775 5336 3498 5481 
5776 4919 4922 5369 
5777 4695 4697 4698 
5778 5927 5413 6229 
5779 4005 4006 4007 
5780 985 986 3507 
5781 4486 4754 5315 
5782 5259 5258 5559 
5783 3674 5792 5881 
5784 5254 5050 6221 
5785 5142 4605 5266 
5786 5300 3452 5563 
5787 5109 3977 5794 
5788 4326 4325 4327 
5789 3979 3981 3982 
5790 4541 5145 5366 
5791 3946 3960 5654 
5792 5117 3475 5118 
5793 3762 3763 3764 
5794 4284 4491 4492 
5795 5274 4074 5427 
5796 5423 165 5832 
5797 4265 5795 5845 
5798 5423 5826 6065 
5799 4476 4477 4478 
5800 5168 4495 5169 
5801 4176 4177 4178 
5802 3876 3877 3882 
5803 997 998 5217 
5804 3837 3836 3838 
5805 4222 5186 5671 
5806 5091 5090 5725 
5807 4964 4781 5999 
5808 3921 3920 3922 
5809 4827 4731 5951 
5810 3576 3577 3578 
5811 5101 4242 5930 
5812 4439 4545 4546 
5813 3668 3669 3671 
5814 3606 3605 6341 
5815 4270 4271 4363 
5816 3415 5154 5698 
5817 5755 5431 5905 
5818 3999 3998 5215 
5819 4111 4110 4112 
5820 3501 187 5087 
5821 5111 4884 5926 
5822 4113 4112 4114 
5823 5589 4686 5805 
5824 988 3481 5126 
5825 3953 3954 3955 
5826 4241 4519 5621 
5827 5362 3625 6087 
5828 5235 5234 5236 
5829 5071 3546 6248 
5830 6201 5558 6337 
5831 3648 3649 3650 
5832 5800 4556 5813 
5833 4546 4547 4548 
5834 5247 3892 6066 
5835 5830 4899 6136 
5836 5196 3471 6259 
5837 3504 164 5423 
5838 4013 5593 5625 
5839 3965 4036 4037 
5840 382 383 3520 
5841 4037 4067 4068 
5842 3955 3964 3965 
5843 963 6048 6205 
5844 5046 5048 5049 
5845 3625 5363 5786 
5846 5311 4657 5915 
5847 5230 3501 5231 
5848 4510 4764 5339 
5849 5057 5056 5628 
5850 4448 4986 4987 
5851 4878 4582 5147 
5852 189 190 3519 
5853 4690 4691 4692 
5854 4602 4689 4690 
5855 5888 5537 5889 
5856 4600 4601 4602 
5857 5217 5218 5220 
5858 5289 5287 5293 
5859 4790 4697 6201 
5860 3839 3838 3840 
5861 4272 3696 5206 
5862 4786 4783 5967 
5863 3938 3946 5313 
5864 4444 4443 4445 
5865 4598 4599 4600 
5866 3882 3883 5178 
5867 4624 4399 4710 
5868 3886 4215 5394 
5869 4890 4477 6351 
5870 5476 4540 5892 
5871 4630 4700 4701 
5872 3652 3654 3655 
5873 3854 3851 4916 
5874 3792 5065 5754 
5875 4927 4566 5961 
5876 3477 5110 5188 
5877 5420 4365 6103 
5878 4641 5664 5879 
5879 4250 4934 5409 
5880 3866 3867 3868 
5881 188 189 5267 
5882 5629 4291 5769 
5883 3548 5405 5415 
5884 3671 3672 3688 
5885 253 254 5363 
5886 3473 181 5963 
5887 3802 4031 4262 
5888 3805 3831 3970 
5889 4183 4457 6250 
5890 5664 5228 5879 
5891 4035 4123 4124 
5892 4935 4936 6113 
5893 5350 5843 6120 
5894 5108 4734 6013 
5895 4803 5007 5417 
5896 4789 5004 5078 
5897 3864 3865 3866 
5898 4316 4314 4317 
5899 4489 5353 6049 
5900 4001 4002 4003 
5901 5221 5969 6299 
5902 4668 5341 5342 
5903 968 969 3405 
5904 3852 3855 3879 
5905 3620 3618 5786 
5906 3755 3757 3758 
5907 5043 4065 6345 
5908 4318 4317 4319 
5909 1276 1277 5306 
5910 4596 4597 4598 
5911 4756 4667 5141 
5912 1275 1276 3510 
5913 4093 4092 4094 
5914 5615 4522 5838 
5915 3959 3885 5600 
5916 5248 4185 5883 
5917 5417 5567 5568 
5918 5296 5299 5434 
5919 4115 5800 5813 
5920 271 272 5222 
5921 392 393 5426 
5922 4061 4057 6234 
5923 5256 4850 5360 
5924 3440 5258 6223 
5925 4899 4900 5270 
5926 177 178 5224 
5927 5501 3452 6173 
5928 3824 3823 3825 
5929 3712 3714 3715 
5930 5126 3481 5127 
5931 3700 3703 3704 
5932 4627 4925 5666 
5933 5901 3460 5902 
5934 4016 4015 6267 
5935 4572 5152 5870 
5936 5073 4761 6208 
5937 5076 3519 5991 
5938 5164 3527 6308 
5939 4534 4533 4682 
5940 5489 3439 6296 
5941 4196 4307 5366 
5942 5806 4739 6192 
5943 4015 5354 5931 
5944 1004 3521 5606 
5945 4511 4510 4533 
5946 4804 4296 5083 
5947 3655 3656 3657 
5948 5657 4586 5800 
5949 5220 5218 5221 
5950 4882 5273 5300 
5951 4860 5307 6123 
5952 3645 3647 3648 
5953 267 268 3480 
5954 3982 3983 3984 
5955 4492 4525 4526 
5956 4095 4094 4096 
5957 3997 3998 3999 
5958 4010 5836 5852 
5959 3993 3996 3997 
5960 3991 3992 3993 
5961 3749 3752 3753 
5962 5332 4357 5578 
5963 3747 3748 3749 
5964 3745 3746 3747 
5965 3989 3990 3991 
5966 4097 4096 4098 
5967 3984 3985 3986 
5968 3986 3988 3989 
5969 992 993 5214 
5970 4143 4142 6354 
5971 4831 4811 6268 
5972 3862 3863 3864 
5973 4941 4942 5897 
5974 1007 1006 3502 
5975 5534 5594 6073 
5976 3728 3726 5728 
5977 4984 4821 6124 
5978 4150 4028 5403 
5979 3743 3744 3745 
5980 1010 1009 3474 
5981 4708 4730 5860 
5982 5067 4273 5592 
5983 4740 4741 5123 
5984 4623 5256 6254 
5985 5609 3486 5724 
5986 3826 3825 3827 
5987 3741 3742 3743 
5988 5635 5704 5721 
5989 4191 4190 4192 
5990 3616 3618 3619 
5991 4008 4060 6089 
5992 3833 3827 3834 
5993 4202 4204 5433 
5994 3896 5397 5773 
5995 3578 3577 5871 
5996 5203 4626 5676 
5997 4500 4461 5604 
5998 3399 380 5814 
5999 4422 4686 4687 
6000 4229 4034 4985 
6001 995 3459 6281 
6002 5172 4682 5886 
6003 5423 4842 5826 
6004 4397 4396 4398 
6005 3980 4719 6119 
6006 4322 4321 4323 
6007 989 990 5238 
6008 4915 4914 5888 
6009 4675 4903 5799 
6010 5280 4848 6321 
6011 5385 4809 5429 
6012 4178 4179 4270 
6013 4395 4394 4396 
6014 5525 5213 6063 
6015 5179 4656 5930 
6016 3417 5418 6293 
6017 1009 1008 5330 
6018 4282 4281 4510 
6019 5869 281 5932 
6020 4087 4089 5734 
6021 996 997 5216 
6022 5095 4174 6319 
6023 1011 1010 5338 
6024 4969 4960 6240 
6025 4577 4232 5668 
6026 4852 5203 5676 
6027 3619 3618 3620 
6028 5013 5615 5838 
6029 4655 4235 4683 
6030 4409 4615 4616 
6031 275 276 5184 
6032 4515 4197 5643 
6033 4849 5207 5248 
6034 3573 3575 3576 
6035 1008 1007 5324 
6036 4575 4574 5319 
6037 3737 3740 3741 
6038 3976 4818 6222 
6039 6111 4754 6245 
6040 4932 4654 5746 
6041 5260 4524 5261 
6042 4953 4808 5992 
6043 4760 4465 6312 
6044 4160 4966 5769 
6045 3898 3953 5271 
6046 5154 4999 5392 
6047 4393 4392 4394 
6048 4085 4084 4086 
6049 1002 5251 6000 
6050 5072 3554 5609 
6051 1012 1011 3528 
6052 4618 4619 4740 
6053 3439 5729 6296 
6054 3580 3578 5265 
6055 4716 5107 5964 
6056 4106 4298 4299 
6057 5087 188 5267 
6058 5515 3778 5993 
6059 4725 5259 6109 
6060 3849 3847 3918 
6061 4275 4273 5067 
6062 3803 4940 6159 
6063 4243 5200 6154 
6064 5622 4012 5886 
6065 4616 4617 4618 
6066 5141 4683 5880 
6067 5585 4904 6256 
6068 3529 5256 5360 
6069 3907 3889 3912 
6070 4779 4777 5212 
6071 3919 3918 3920 
6072 6164 5956 6277 
6073 5326 3994 5824 
6074 3619 3620 3621 
6075 3780 3772 3903 
6076 3810 3809 3811 
6077 5059 5060 5855 
6078 3970 3971 3978 
6079 3891 4898 6243 
6080 4350 5535 5653 
6081 4124 4125 4226 
6082 4385 4384 4386 
6083 5672 5186 5998 
6084 5265 5039 6339 
6085 4539 5956 6164 
6086 3533 5440 5903 
6087 4140 4047 5379 
6088 1013 1012 5347 
6089 4481 5580 5744 
6090 4087 4086 4088 
6091 4226 4227 4266 
6092 5281 3463 6209 
6093 3951 5021 5581 
6094 986 987 5257 
6095 4154 4448 5151 
6096 5409 4934 5410 
6097 3733 3734 3735 
6098 3731 3732 3733 
6099 3729 3730 3731 
6100 4089 4088 4090 
6101 3727 3728 3729 
6102 3725 3726 3727 
6103 3723 3724 3725 
6104 3721 3722 3723 
6105 4084 4193 5400 
6106 4910 3827 6343 
6107 4266 4267 4283 
6108 4387 4386 4388 
6109 5281 5134 5658 
6110 1278 1279 3484 
6111 5099 5679 5990 
6112 5573 5207 6243 
6113 4519 4858 5621 
6114 5137 4993 6287 
6115 4628 5766 6235 
6116 5904 3642 6174 
6117 4486 5315 5651 
6118 4391 4390 4392 
6119 3694 3696 4272 
6120 4551 5240 5241 
6121 4030 5239 6323 
6122 1281 1282 3461 
6123 3719 3720 3721 
6124 5586 3803 6159 
6125 169 170 5952 
6126 3715 3716 3717 
6127 4692 4691 5327 
6128 3816 3815 3817 
6129 3868 3867 5920 
6130 4264 4652 4653 
6131 4549 5226 6323 
6132 4799 5421 5646 
6133 3879 3880 4154 
6134 3940 4926 5316 
6135 4769 5014 5812 
6136 3717 3718 3719 
6137 3812 3811 3813 
6138 4398 4657 5223 
6139 4937 4938 6293 
6140 1014 1013 3458 
6141 5258 4793 6223 
6142 3814 3813 3815 
6143 4611 5249 5323 
6144 4967 3676 5103 
6145 4049 3974 5694 
6146 5012 5013 6332 
6147 5448 4930 6086 
6148 4155 4182 4508 
6149 3510 1276 5306 
6150 4853 5333 5335 
6151 4338 5171 6071 
6152 3498 5336 6056 
6153 4839 5138 5139 
6154 3902 3975 5600 
6155 3545 3590 5788 
6156 5792 3674 5797 
6157 4383 4381 4384 
6158 985 3507 5331 
6159 5322 3457 5725 
6160 4732 4827 4828 
6161 5123 5590 5694 
6162 1283 1284 3527 
6163 1282 1283 5349 
6164 395 396 5441 
6165 4233 4078 6067 
6166 175 176 5322 
6167 5290 3629 5466 
6168 5103 4485 6196 
6169 4828 4829 4830 
6170 3988 4050 5875 
6171 383 384 5317 
6172 5168 5169 5408 
6173 1015 1014 5357 
6174 5795 4636 5845 
6175 3945 5311 5915 
6176 3499 5155 5933 
6177 5858 5244 5982 
6178 4573 5170 5701 
6179 3797 3793 5781 
6180 4631 5436 5556 
6181 4506 4923 5939 
6182 5075 3546 6327 
6183 4809 4806 6053 
6184 961 3512 5312 
6185 5837 3617 6311 
6186 4553 4462 5305 
6187 268 269 5278 
6188 1016 1015 3531 
6189 4240 4091 6292 
6190 3614 3615 3616 
6191 5026 4484 5074 
6192 3844 3898 5271 
6193 4995 5086 5440 
6194 4362 4731 4732 
6195 3608 5466 6147 
6196 5022 5262 6085 
6197 1285 1286 3414 
6198 1284 1285 5356 
6199 3951 3897 5021 
6200 5506 5079 5919 
6201 4081 4066 4082 
6202 1000 1001 3589 
6203 5507 4717 5517 
6204 3859 5885 6111 
6205 4683 4235 5934 
6206 4264 4653 5722 
6207 5124 4891 5680 
6208 3626 5953 6174 
6209 4992 4651 5882 
6210 4376 4374 4377 
6211 4279 4277 4281 
6212 4685 4535 4825 
6213 5285 5283 5902 
6214 5197 3405 5198 
6215 3799 3798 3800 
6216 5041 4239 5867 
6217 4896 4665 6282 
6218 4576 4445 5203 
6219 4666 4555 4667 
6220 4144 4143 4145 
6221 4458 4343 5159 
6222 4862 4861 4863 
6223 5115 4885 5301 
6224 4378 4377 4379 
6225 4909 4896 6076 
6226 3639 5120 5612 
6227 3474 1009 5330 
6228 173 174 3515 
6229 3890 5159 5834 
6230 5917 4147 6278 
6231 1288 1289 3529 
6232 5142 5527 6269 
6233 960 5312 6033 
6234 5262 4314 6085 
6235 4351 4087 5734 
6236 4682 4533 5622 
6237 1010 3474 5338 
6238 3710 6029 6131 
6239 3742 3803 6256 
6240 4380 4379 4381 
6241 4762 5032 6022 
6242 998 999 3514 
6243 5759 4726 6119 
6244 3860 3861 3862 
6245 3894 3969 5669 
6246 4462 4346 4482 
6247 384 385 3456 
6248 1290 1291 3413 
6249 4373 4372 4374 
6250 1007 3502 5324 
6251 5239 4549 6323 
6252 4299 4300 4400 
6253 4135 4132 6239 
6254 1289 1290 5361 
6255 1019 1018 3447 
6256 381 382 5823 
6257 5329 5241 6286 
6258 4757 4758 5063 
6259 3704 3705 3706 
6260 4512 5247 5789 
6261 280 281 5869 
6262 3684 6055 6151 
6263 5665 3540 5869 
6264 4544 5189 6103 
6265 4993 3583 5949 
6266 984 985 5331 
6267 3688 3681 5662 
6268 5589 4431 5864 
6269 4646 4478 5157 
6270 5613 3617 5837 
6271 3610 3613 3614 
6272 5346 4813 5526 
6273 4509 4642 4757 
6274 1293 1294 3485 
6275 3425 5041 5867 
6276 5277 3690 6241 
6277 4286 4571 6298 
6278 3706 3707 3708 
6279 3708 3709 3711 
6280 4755 5353 5438 
6281 1008 5324 5330 
6282 5310 3638 5985 
6283 3759 5227 6060 
6284 4074 3990 5962 
6285 3569 3570 3571 
6286 5789 4879 6279 
6287 4671 4635 5906 
6288 4541 5144 5145 
6289 1294 1295 5358 
6290 5292 3635 5972 
6291 3512 3612 5312 
6292 5213 5212 5253 
6293 983 984 3542 
6294 5113 4573 6265 
6295 5361 3413 6102 
6296 4055 4407 5619 
6297 5632 5596 5633 
6298 5518 4243 6154 
6299 3913 3912 3914 
6300 4942 5352 5734 
6301 1296 1297 3412 
6302 1020 1019 5378 
6303 4691 4689 5743 
6304 1018 1017 5365 
6305 3528 1011 5338 
6306 5097 4625 6139 
6307 4021 3916 4022 
6308 5243 4544 6103 
6309 5017 5019 5432 
6310 5162 5137 6287 
6311 3915 3914 3916 
6312 3948 3949 4118 
6313 5204 5068 5984 
6314 4159 4052 4166 
6315 3886 5394 6215 
6316 182 183 6005 
6317 4051 4022 4052 
6318 4006 4003 6272 
6319 4901 5510 6213 
6320 5287 5285 5294 
6321 4971 4969 6058 
6322 4208 4205 5582 
6323 3870 5626 5920 
6324 3513 5197 5624 
6325 4063 4062 4064 
6326 189 3519 5267 
6327 3979 3982 5660 
6328 3794 3793 3795 
6329 4469 4607 4798 
6330 1021 1020 3533 
6331 4284 4492 5661 
6332 1017 1016 5351 
6333 3476 255 5070 
6334 5280 3496 5804 
6335 4272 5277 6241 
6336 1287 1288 5360 
6337 5512 5007 5513 
6338 4137 4136 4138 
6339 4499 4146 4535 
6340 4858 4823 4859 
6341 1297 1298 5380 
6342 981 982 3547 
6343 4371 4369 4372 
6344 5332 5578 5895 
6345 1298 1299 3532 
6346 3750 3771 6044 
6347 5407 5659 5862 
6348 3619 3621 3622 
6349 4883 4426 6172 
6350 5415 5405 6185 
6351 4344 5450 5821 
6352 5673 4261 6036 
6353 3962 5228 5664 
6354 4533 5339 6297 
6355 5215 4439 5866 
6356 4814 4817 5391 
6357 4688 5235 6141 
6358 4735 4570 5752 
6359 1295 1296 5374 
6360 3453 5116 5808 
6361 4715 4716 5893 
6362 4665 4664 5956 
6363 4162 4160 5769 
6364 4529 4116 4530 
6365 1012 3528 5347 
6366 4459 4633 5450 
6367 5158 3517 6281 
6368 5247 4512 6306 
6369 4663 4662 4664 
6370 3703 3710 6131 
6371 4975 4974 5981 
6372 5491 4730 5560 
6373 999 1000 5325 
6374 4926 4892 6252 
6375 4159 4166 6057 
6376 4359 4357 5332 
6377 3770 3716 6353 
6378 4716 5507 5893 
6379 4921 4920 6061 
6380 5485 4338 6071 
6381 1299 1300 5389 
6382 4119 4274 4355 
6383 5096 4997 6059 
6384 252 253 5362 
6385 4923 4924 6202 
6386 1300 1301 3487 
6387 4730 4865 6204 
6388 4686 4420 5805 
6389 4473 4428 4702 
6390 4925 5122 6271 
6391 4399 4398 5223 
6392 4234 4042 5321 
6393 3917 3711 5343 
6394 4042 3967 4186 
6395 4762 4515 5643 
6396 5649 4665 5956 
6397 4252 4254 4356 
6398 3840 3857 3858 
6399 4974 3513 5624 
6400 4714 5303 5817 
6401 5182 4118 6072 
6402 4276 4278 4454 
6403 3861 3887 5663 
6404 6154 5200 6314 
6405 4246 4257 4258 
6406 4147 4954 6165 
6407 4169 4168 4170 
6408 3915 4117 6031 
6409 3790 3789 3791 
6410 3944 4965 5950 
6411 4058 4057 4059 
6412 4792 5946 5966 
6413 1024 1023 3415 
6414 4412 5065 5066 
6415 3458 1013 5347 
6416 4133 4132 4134 
6417 3607 3609 3610 
6418 4300 5163 5639 
6419 4152 3882 5178 
6420 4661 4660 4662 
6421 4733 5652 5771 
6422 3597 3595 5877 
6423 152 153 5412 
6424 5205 4468 6016 
6425 4368 4367 4369 
6426 5407 4666 5909 
6427 4891 4890 6324 
6428 4539 5649 5956 
6429 4424 4419 4483 
6430 5245 3410 6318 
6431 4614 4620 5772 
6432 4882 5300 5326 
6433 4659 4593 4660 
6434 4479 4478 4646 
6435 4010 3981 5836 
6436 4870 4867 4912 
6437 4356 4254 5309 
6438 5929 4676 6355 
6439 4167 4165 4168 
6440 1303 1304 3410 
6441 5254 1292 6092 
6442 4171 4170 4172 
6443 3975 4529 5600 
6444 3858 3859 3860 
6445 5323 3464 5851 
6446 4363 5052 5983 
6447 4997 5627 6059 
6448 3682 5232 5233 
6449 5107 4876 5964 
6450 5397 4073 5773 
6451 5396 4991 5616 
6452 4365 5452 6099 
6453 1292 5254 6221 
6454 4056 4241 5621 
6455 4174 4172 4175 
6456 4331 4332 4333 
6457 3885 3902 5600 
6458 5307 4520 6123 
6459 4603 5304 6045 
6460 3599 3602 3603 
6461 5605 5023 6232 
6462 3686 3663 6020 
6463 3461 1282 5349 
6464 4155 4046 4182 
6465 4019 5255 5737 
6466 1014 3458 5357 
6467 14 3399 3641 
6468 4218 4221 4251 
6469 1302 1303 5401 
6470 4346 4140 5379 
6471 5078 3806 6145 
6472 250 251 5263 
6473 3512 3592 3612 
6474 4465 4848 6312 
6475 4907 4112 6329 
6476 3710 3846 6029 
6477 3504 5423 6065 
6478 398 399 5577 
6479 4829 4827 6011 
6480 4562 4561 4563 
6481 165 166 5832 
6482 4631 6121 6176 
6483 4002 5215 6270 
6484 5576 4780 6032 
6485 5093 3479 5644 
6486 5097 5471 6034 
6487 266 267 5191 
6488 3526 1315 5355 
6489 5642 3473 5963 
6490 4991 4788 5616 
6491 3683 3685 6168 
6492 1283 3527 5349 
6493 5033 5034 5959 
6494 5953 3641 6174 
6495 4176 4175 4177 
6496 4142 4136 6177 
6497 3548 5415 5779 
6498 4136 4135 6177 
6499 3644 3643 3645 
6500 4344 4459 5450 
6501 4459 4632 4633 
6502 3531 1015 5357 
6503 4151 3882 4152 
6504 5237 4743 5884 
6505 5339 4764 5413 
6506 4722 5201 5436 
6507 4722 4701 4723 
6508 4462 4482 5305 
6509 3587 4943 5988 
6510 3786 3785 3787 
6511 5510 4901 6261 
6512 3520 383 5317 
6513 1026 1025 5424 
6514 4129 4128 4130 
6515 1309 1310 4365 
6516 1027 1026 3488 
6517 4100 4108 4109 
6518 5534 4350 5653 
6519 3527 1284 5356 
6520 3399 5904 6174 
6521 4026 4020 4027 
6522 1005 1004 5606 
6523 3627 3643 3644 
6524 3834 3836 3837 
6525 4535 5617 5744 
6526 4821 4984 5890 
6527 4375 5190 5990 
6528 5202 4724 5425 
6529 3551 5302 5952 
6530 6093 3944 6182 
6531 5129 5130 6219 
6532 4363 4271 4364 
6533 4475 4152 4476 
6534 1307 1308 3462 
6535 1308 1309 5420 
6536 3994 5326 5492 
6537 5284 5283 5285 
6538 3870 3872 5626 
6539 4708 5860 5921 
6540 385 386 5393 
6541 4041 4149 6108 
6542 5014 5511 5812 
6543 1305 1306 4375 
6544 4121 4250 5032 
6545 1285 3414 5356 
6546 5048 5047 6237 
6547 4754 4753 6245 
6548 4666 4756 5909 
6549 5536 3435 5889 
6550 4269 4443 4444 
6551 4584 6040 6199 
6552 1028 1027 5416 
6553 5005 5501 6173 
6554 5041 4587 5707 
6555 264 265 3402 
6556 4572 4433 5152 
6557 5244 3484 5894 
6558 3437 5545 5831 
6559 5183 5182 6072 
6560 4558 4552 4559 
6561 4438 5437 6051 
6562 4401 5796 6280 
6563 5159 5603 5834 
6564 4258 4259 4452 
6565 4207 4211 4247 
6566 3618 3625 5786 
6567 4881 5326 5824 
6568 4508 4182 4509 
6569 4684 5141 5328 
6570 4483 4610 5376 
6571 4110 6050 6329 
6572 6203 5299 6313 
6573 4252 4356 5275 
6574 4724 4826 5425 
6575 1000 3589 5325 
6576 3530 5609 5724 
6577 982 983 5719 
6578 3564 3568 3569 
6579 4452 4453 4468 
6580 4180 23 4181 
6581 4776 5167 6054 
6582 4648 5069 5835 
6583 5150 5148 6152 
6584 5364 3442 5916 
6585 3969 4410 5669 
6586 5327 4691 6304 
6587 4990 4432 5700 
6588 4630 4337 4700 
6589 5174 3526 5175 
6590 5061 5062 6230 
6591 1310 1311 5452 
6592 5574 4687 5575 
6593 3782 3774 3783 
6594 4398 4505 4657 
6595 3948 3941 3949 
6596 1029 1028 5446 
6597 4497 4232 4577 
6598 4795 4794 4796 
6599 4188 4101 4450 
6600 5123 4741 5590 
6601 4197 4099 5643 
6602 5155 4868 5933 
6603 1304 1305 5679 
6604 5174 5175 5177 
6605 5160 4857 5929 
6606 5082 5814 5823 
6607 3819 3823 3824 
6608 4262 4031 4263 
6609 3908 5407 5862 
6610 3673 5082 5797 
6611 4017 4016 4018 
6612 5260 3521 5751 
6613 3529 1289 5361 
6614 4482 4346 5379 
6615 4808 4807 5992 
6616 5763 4864 6310 
6617 178 3516 5224 
6618 1030 1029 3416 
6619 969 970 5390 
6620 4251 4252 5275 
6621 3887 3859 6111 
6622 5413 4764 6229 
6623 3556 3554 5072 
6624 4403 5372 6079 
6625 3975 4116 4529 
6626 1034 1033 5439 
6627 1033 1032 3489 
6628 5652 4733 5770 
6629 1290 3413 5361 
6630 5209 4261 5673 
6631 1037 1036 5442 
6632 4090 4092 4093 
6633 1016 3531 5351 
6634 3658 3657 3659 
6635 1036 1035 3417 
6636 5366 5145 6036 
6637 5314 4629 6296 
6638 1039 1038 3490 
6639 1040 1039 5444 
6640 3452 5300 6173 
6641 1311 1312 3411 
6642 1042 1041 3418 
6643 1038 1037 5457 
6644 5594 4908 6050 
6645 4742 5024 6027 
6646 1043 1042 5445 
6647 1045 1044 3491 
6648 386 387 3524 
6649 1046 1045 5447 
6650 1048 1047 3419 
6651 3516 5194 5224 
6652 1050 1049 3534 
6653 1052 1051 3492 
6654 1055 1054 3420 
6655 5208 4740 6231 
6656 1057 1056 3535 
6657 4644 5061 6064 
6658 1041 1040 5459 
6659 1059 1058 3493 
6660 3651 3650 3652 
6661 3711 3712 5343 
6662 1062 1061 3421 
6663 1044 1043 5460 
6664 1060 1059 5449 
6665 1064 1063 3536 
6666 4079 4190 4191 
6667 3934 3932 3935 
6668 1047 1046 5462 
6669 4537 4669 4720 
6670 1066 1065 3494 
6671 1049 1048 5463 
6672 4757 4642 4758 
6673 1056 1055 5465 
6674 1069 1068 3422 
6675 1071 1070 3537 
6676 1073 1072 3495 
6677 1054 1053 5464 
6678 1076 1075 3423 
6679 1058 1057 5467 
6680 5215 5866 6270 
6681 1078 1077 3538 
6682 3516 5193 5194 
6683 6274 5602 6328 
6684 1080 1079 3496 
6685 1074 1073 5451 
6686 3406 271 5222 
6687 1061 1060 5468 
6688 1063 1062 5469 
6689 4886 5438 6302 
6690 5856 3506 6074 
6691 1083 1082 3424 
6692 1065 1064 5470 
6693 3837 3838 3839 
6694 1081 1080 5453 
6695 1019 3447 5378 
6696 1087 1086 3497 
6697 4724 4723 4826 
6698 1085 1084 4784 
6699 3447 1018 5365 
6700 1070 1069 5471 
6701 1072 1071 5472 
6702 3624 3627 5675 
6703 1077 1076 5475 
6704 1075 1074 5473 
6705 1090 1089 3425 
6706 1094 1093 3498 
6707 1097 1096 3426 
6708 1092 1091 4239 
6709 4073 5397 6146 
6710 1095 1094 5456 
6711 4276 4454 5647 
6712 1101 1100 3499 
6713 1082 1081 5477 
6714 4951 4451 4959 
6715 1084 1083 5480 
6716 4693 5364 5916 
6717 1102 1101 5458 
6718 1099 1098 4411 
6719 1104 1103 3427 
6720 1108 1107 3463 
6721 1112 1111 3428 
6722 5201 5202 6180 
6723 4655 4683 4684 
6724 4585 5586 5829 
6725 1086 1085 5479 
6726 1106 1105 4871 
6727 5194 5957 6077 
6728 1116 1115 3464 
6729 4323 4324 4325 
6730 5207 3891 6243 
6731 4625 5160 6139 
6732 1093 1092 5481 
6733 4015 5931 6267 
6734 1096 1095 5483 
6735 3829 3894 5669 
6736 4270 4179 4271 
6737 1120 1119 3429 
6738 4695 4698 5427 
6739 1110 1109 4846 
6740 1100 1099 5484 
6741 1118 1117 4613 
6742 1124 1123 3465 
6743 1114 1113 4340 
6744 1105 1104 5490 
6745 1107 1106 5486 
6746 1128 1127 3430 
6747 1132 1131 3466 
6748 1122 1121 4835 
6749 1136 1135 3431 
6750 5296 5297 5299 
6751 1126 1125 4579 
6752 4255 4077 5758 
6753 1109 1108 5495 
6754 5053 5564 5740 
6755 1111 1110 5487 
6756 3455 275 5184 
6757 1130 1129 4449 
6758 1113 1112 5499 
6759 1134 1133 4717 
6760 4315 4409 5623 
6761 1140 1139 3467 
6762 1117 1116 5497 
6763 251 252 3403 
6764 1138 1137 4243 
6765 3948 4118 5879 
6766 1119 1118 5493 
6767 5405 4523 6185 
6768 4900 4916 4917 
6769 1142 1141 4294 
6770 1144 1143 3432 
6771 1146 1145 4589 
6772 1148 1147 3468 
6773 1152 1151 3433 
6774 5606 4737 5945 
6775 1121 1120 5505 
6776 1035 1034 5696 
6777 5088 4977 5946 
6778 1123 1122 5498 
6779 1153 1152 5474 
6780 1150 1149 4813 
6781 4109 4110 4111 
6782 191 192 3588 
6783 1157 1156 3469 
6784 1288 3529 5360 
6785 1127 1126 5502 
6786 1155 1154 4606 
6787 1129 1128 5516 
6788 1131 1130 5504 
6789 4818 4141 5974 
6790 1133 1132 5517 
6791 1135 1134 5506 
6792 1159 1158 4260 
6793 1137 1136 5519 
6794 1306 1307 5702 
6795 1161 1160 3434 
6796 3605 3606 3607 
6797 1166 1165 3470 
6798 1170 1169 3435 
6799 4185 5628 5883 
6800 1163 1162 4305 
6801 1164 1163 5478 
6802 1139 1138 5518 
6803 1141 1140 5520 
6804 1168 1167 4350 
6805 1172 1171 4403 
6806 1175 1174 3471 
6807 1143 1142 5521 
6808 1177 1176 4514 
6809 1145 1144 5522 
6810 265 266 5377 
6811 4458 5159 5619 
6812 4069 4068 4070 
6813 1149 1148 5526 
6814 1151 1150 5523 
6815 4583 4400 5311 
6816 1181 1180 4285 
6817 1182 1181 5482 
6818 5573 4464 6244 
6819 1186 1185 4569 
6820 1179 1178 3436 
6821 3790 5329 6010 
6822 1184 1183 3472 
6823 1188 1187 3437 
6824 1154 1153 5528 
6825 1156 1155 5527 
6826 1191 1190 4342 
6827 4111 4112 4113 
6828 1195 1194 4650 
6829 1158 1157 5529 
6830 4113 4114 4244 
6831 5429 4886 6302 
6832 1193 1192 3448 
6833 1160 1159 5530 
6834 1201 1200 4520 
6835 1165 1164 5532 
6836 1205 1204 4338 
6837 1199 1198 5488 
6838 1206 1205 5485 
6839 1167 1166 5535 
6840 1169 1168 5533 
6841 1211 1210 4631 
6842 1171 1170 5536 
6843 1209 1208 5489 
6844 1215 1214 4725 
6845 1198 1197 3438 
6846 1203 1202 3449 
6847 1208 1207 3439 
6848 3475 992 5214 
6849 1174 1173 5538 
6850 1176 1175 5539 
6851 1220 1219 4706 
6852 4616 4618 5003 
6853 1221 1220 5491 
6854 1178 1177 5543 
6855 1226 1225 4438 
6856 4703 4548 4704 
6857 1231 1230 3994 
6858 1213 1212 3450 
6859 1180 1179 5540 
6860 1183 1182 5544 
6861 1232 1231 5492 
6862 1185 1184 5541 
6863 1187 1186 5545 
6864 1242 1241 3987 
6865 1229 1228 5496 
6866 1237 1236 4693 
6867 1235 1234 5501 
6868 1192 1191 5548 
6869 1218 1217 3440 
6870 1223 1222 3451 
6871 1194 1193 5547 
6872 1228 1227 3441 
6873 1248 1247 4527 
6874 5244 4983 5982 
6875 1240 1239 5508 
6876 1200 1199 5549 
6877 1246 1245 5509 
6878 5302 3551 5320 
6879 1202 1201 5552 
6880 1204 1203 5550 
6881 1234 1233 3452 
6882 1251 1250 5510 
6883 4412 5066 5732 
6884 1212 1211 5556 
6885 1254 1253 5514 
6886 1214 1213 5551 
6887 1239 1238 3442 
6888 1245 1244 3453 
6889 1257 1256 5511 
6890 1250 1249 3443 
6891 1256 1255 3454 
6892 1261 1260 3444 
6893 1259 1258 4290 
6894 1253 1252 4126 
6895 1264 1263 3778 
6896 1225 1224 5554 
6897 1267 1266 3777 
6898 1217 1216 5559 
6899 1230 1229 5555 
6900 1219 1218 5553 
6901 1222 1221 5560 
6902 5430 4305 5802 
6903 1227 1226 5561 
6904 1262 1261 5512 
6905 1236 1235 5558 
6906 4200 4033 4213 
6907 1241 1240 5557 
6908 1233 1232 5563 
6909 4174 4176 6319 
6910 1247 1246 5562 
6911 4157 4404 4481 
6912 1244 1243 5564 
6913 1249 1248 5565 
6914 3759 3758 3760 
6915 4388 4389 4390 
6916 1252 1251 5569 
6917 1255 1254 5566 
6918 4694 4692 4695 
6919 4265 4192 5795 
6920 1260 1259 5567 
6921 1265 1264 5515 
6922 4004 4003 4005 
6923 4319 4320 4321 
6924 1266 1265 5570 
6925 5293 5849 6276 
6926 1269 1268 3956 
6927 5368 4911 6280 
6928 1268 1267 5572 
6929 5430 4671 5906 
6930 4444 4445 4576 
6931 5409 4752 6022 
6932 1025 1024 5698 
6933 3800 3809 3810 
6934 4509 4182 4641 
6935 4511 4533 4534 
6936 4413 4415 5431 
6937 4430 4678 4679 
6938 4471 4978 4979 
6939 4834 4837 6165 
6940 5353 4958 5940 
6941 3533 1020 5378 
6942 4106 4299 5654 
6943 4965 5915 5950 
6944 1103 1102 5715 
6945 1017 5351 5365 
6946 5089 4878 5147 
6947 3446 4973 4975 
6948 4118 3949 4119 
6949 4082 4084 4085 
6950 1280 1281 5686 
6951 4484 4483 5376 
6952 4639 5099 5990 
6953 4534 4682 5382 
6954 3549 5345 5355 
6955 1323 1322 5402 
6956 172 173 5320 
6957 4102 3909 6179 
6958 4585 5585 5586 
6959 5198 3635 5624 
6960 3500 3544 5788 
6961 5079 4875 5919 
6962 4908 4907 6050 
6963 3459 996 5216 
6964 3761 3760 3762 
6965 5224 5194 5276 
6966 5149 5150 5760 
6967 3956 5332 5895 
6968 1207 1206 5729 
6969 4096 4094 6096 
6970 5490 5180 6068 
6971 24 1271 3445 
6972 5279 5104 5924 
6973 4450 4101 5815 
6974 3485 1294 5358 
6975 5127 3481 5319 
6976 4282 4510 4511 
6977 4454 5272 6077 
6978 4643 4181 5168 
6979 4710 4399 5223 
6980 1281 3461 5686 
6981 4032 3881 4033 
6982 3412 1297 5380 
6983 3579 3578 3580 
6984 166 3503 6266 
6985 4911 5368 6322 
6986 4062 4061 5735 
6987 5011 3674 5881 
6988 3824 3825 3826 
6989 3481 989 5238 
6990 4863 5017 5018 
6991 5138 4838 6138 
6992 4042 4186 5321 
6993 5196 4675 6220 
6994 3960 4106 5654 
6995 4567 5108 5943 
6996 3665 5279 5924 
6997 1271 1270 5578 
6998 3826 3827 3833 
6999 5946 4494 5966 
7000 4956 5361 6102 
7001 4456 4604 5383 
7002 3876 3882 4151 
7003 3908 3868 3909 
7004 1243 1242 5740 
7005 4758 4642 5182 
7006 5025 5623 6110 
7007 5099 4897 6318 
7008 4430 4679 5655 
7009 1296 3412 5374 
7010 4687 4686 5864 
7011 3869 3865 5854 
7012 4279 4281 4282 
7013 4947 4236 5580 
7014 3754 3753 3755 
7015 4119 3949 4273 
7016 4236 4076 4237 
7017 3982 4011 5660 
7018 5064 4645 6198 
7019 5216 5217 5220 
7020 5270 4366 6136 
7021 4980 5516 6193 
7022 5626 4670 5920 
7023 1088 1087 5688 
7024 4529 4530 4531 
7025 4093 4094 4095 
7026 3857 3895 5885 
7027 4178 4177 4179 
7028 3517 994 6281 
7029 4000 3999 4001 
7030 4492 4595 5661 
7031 5454 3427 5715 
7032 4658 4542 5443 
7033 1298 3532 5380 
7034 3519 190 5991 
7035 5446 4920 6191 
7036 4877 4879 6066 
7037 3795 3798 3799 
7038 4095 4096 4097 
7039 4595 4526 4596 
7040 5242 3725 6004 
7041 4097 4098 4556 
7042 5418 3417 5696 
7043 4300 5639 5938 
7044 5090 5322 5725 
7045 4138 4143 4144 
7046 5233 5633 5634 
7047 4940 4941 6159 
7048 5510 3443 6213 
7049 4191 4192 4265 
7050 4299 4400 4583 
7051 5227 4736 6075 
7052 4234 5321 5455 
7053 4653 4652 5166 
7054 4064 4066 4081 
7055 4509 4641 4642 
7056 4476 4478 4479 
7057 5295 5097 6034 
7058 3850 3852 5776 
7059 4915 5888 5889 
7060 5358 1295 5374 
7061 5751 3521 6000 
7062 1147 1146 5750 
7063 5303 4714 6025 
7064 5302 4581 5952 
7065 248 249 3478 
7066 4471 4979 5818 
7067 5082 5081 5904 
7068 176 3457 5322 
7069 4859 4861 4862 
7070 5036 5037 5038 
7071 3529 5361 6254 
7072 4043 3909 4077 
7073 5253 4658 6183 
7074 4035 4124 5763 
7075 4608 4628 6235 
7076 3889 3832 5368 
7077 3532 1299 5389 
7078 4212 4154 4433 
7079 5778 5020 5854 
7080 3868 6078 6179 
7081 4398 4396 4505 
7082 5422 3468 5750 
7083 4756 5141 5880 
7084 4983 4982 5982 
7085 4244 4114 5801 
7086 3779 3805 5784 
7087 6044 4765 6175 
7088 3620 5786 6080 
7089 3839 3840 5583 
7090 3760 3758 6347 
7091 4933 5335 6137 
7092 5442 4938 5457 
7093 3816 3817 4343 
7094 4848 4786 6321 
7095 3502 1006 5945 
7096 3814 3815 3816 
7097 5988 5265 6116 
7098 4060 4006 5937 
7099 3810 3811 3812 
7100 3403 5362 6087 
7101 4758 5182 5183 
7102 4584 5006 6040 
7103 4135 5704 6177 
7104 3736 3735 3737 
7105 4697 5364 6201 
7106 5992 5386 6153 
7107 3812 3813 3814 
7108 3791 3793 3794 
7109 384 3456 5317 
7110 4430 4389 4677 
7111 4456 5383 5411 
7112 4394 4392 4750 
7113 4433 4154 5151 
7114 4228 3978 4542 
7115 4960 5669 6240 
7116 3700 3704 5767 
7117 4900 4917 5398 
7118 5102 5518 6154 
7119 1300 3487 5389 
7120 4046 3962 5664 
7121 4461 4335 4504 
7122 4164 4162 4291 
7123 4160 3677 4966 
7124 5133 5135 5721 
7125 5152 5151 5700 
7126 4085 4086 4087 
7127 4134 4136 4137 
7128 249 250 5863 
7129 4493 3600 4494 
7130 4726 4283 4727 
7131 3928 3926 3939 
7132 247 248 5296 
7133 5291 6203 6313 
7134 4421 4420 4422 
7135 5105 156 5961 
7136 5306 1277 5942 
7137 5066 5100 5435 
7138 4151 4475 4670 
7139 3572 3571 3573 
7140 4087 4088 4089 
7141 5907 3944 6093 
7142 5333 3494 6181 
7143 4519 4823 4858 
7144 4059 4062 4063 
7145 4112 4110 6329 
7146 4434 4433 4572 
7147 4565 4800 5579 
7148 3909 3868 6179 
7149 4229 4985 5652 
7150 5264 3628 6330 
7151 5026 5074 5844 
7152 5147 4582 5302 
7153 5180 5181 6068 
7154 4733 5771 5840 
7155 3521 1003 6000 
7156 4543 4542 4658 
7157 4997 4996 6301 
7158 4385 4712 6273 
7159 4418 4416 4420 
7160 4119 4273 4274 
7161 4895 4470 5618 
7162 4470 4224 4580 
7163 4479 4646 4647 
7164 4414 3767 4423 
7165 4854 4852 5676 
7166 5537 5536 5889 
7167 4319 4317 4320 
7168 3930 5413 5927 
7169 5729 5314 6296 
7170 3507 986 5257 
7171 5083 4830 6331 
7172 4219 4248 5947 
7173 5036 5038 5665 
7174 5666 4925 6271 
7175 5143 5142 6269 
7176 4422 4687 5574 
7177 4230 4077 4255 
7178 3827 3825 6343 
7179 3813 3821 6192 
7180 4331 4329 4332 
7181 5619 4407 6009 
7182 4939 4500 5604 
7183 3541 5850 6207 
7184 3787 3789 3790 
7185 5700 4987 6233 
7186 4499 4535 4685 
7187 3924 3922 4012 
7188 3941 3937 5592 
7189 3799 3800 5350 
7190 5040 5869 5932 
7191 4604 4594 5020 
7192 4456 4324 4594 
7193 3481 5238 5319 
7194 5944 3686 6019 
7195 3511 24 6116 
7196 3607 3610 3611 
7197 3594 3596 3601 
7198 4274 4273 4275 
7199 4144 4145 4146 
7200 4130 4132 4133 
7201 4990 5700 6233 
7202 3489 5371 5439 
7203 157 3506 6026 
7204 4029 4057 4058 
7205 5183 6072 6226 
7206 3644 3646 3662 
7207 267 3480 5191 
7208 3918 3847 5753 
7209 3925 3927 6091 
7210 244 245 5337 
7211 380 381 5814 
7212 5545 5546 5831 
7213 5648 4665 5649 
7214 3978 3979 5660 
7215 3576 3578 3579 
7216 3648 3650 3651 
7217 3635 5198 5972 
7218 4283 4284 5661 
7219 4913 4912 5704 
7220 4752 4515 4762 
7221 4862 4863 5348 
7222 5365 5351 5627 
7223 4151 4152 4475 
7224 5063 4758 5642 
7225 4479 4647 5461 
7226 263 264 5607 
7227 4327 4325 5411 
7228 5440 5086 5903 
7229 5360 4850 5842 
7230 5038 5037 5039 
7231 3484 1279 5894 
7232 4559 4561 4562 
7233 387 388 5591 
7234 3543 5036 5040 
7235 171 172 3551 
7236 4966 4967 5769 
7237 5139 5494 5677 
7238 5130 4816 5646 
7239 3878 5111 5672 
7240 3681 5015 5662 
7241 3659 3664 3665 
7242 4225 4729 6195 
7243 3896 3711 3917 
7244 5723 4010 5852 
7245 4388 4386 4389 
7246 3502 5945 6141 
7247 4103 3958 4158 
7248 5114 5611 6208 
7249 4195 4049 5694 
7250 5675 5073 5960 
7251 3588 5076 5991 
7252 4841 4301 4842 
7253 4556 4098 5813 
7254 3929 3944 5907 
7255 3969 4025 4410 
7256 4045 4128 4129 
7257 3834 3837 5703 
7258 4238 4947 6040 
7259 3783 3785 3786 
7260 5023 3873 6232 
7261 1291 1292 6221 
7262 3475 5214 5680 
7263 5200 4874 6314 
7264 4959 4451 5787 
7265 390 391 5597 
7266 3737 3741 5587 
7267 4384 4381 4466 
7268 4360 4359 4362 
7269 1292 1293 6092 
7270 3957 3917 3958 
7271 4342 5341 5976 
7272 4358 4357 4359 
7273 5006 5336 5707 
7274 5066 5065 5100 
7275 3903 5367 5870 
7276 1162 1161 5802 
7277 5325 3589 5779 
7278 4433 5151 5152 
7279 5832 166 6266 
7280 4212 4434 4748 
7281 3603 3604 3605 
7282 1079 1078 5804 
7283 3614 3616 4187 
7284 1303 3410 5401 
7285 3410 5679 6318 
7286 4355 4274 5647 
7287 4158 3958 6315 
7288 4018 4020 4026 
7289 3414 1286 5842 
7290 4428 4234 5455 
7291 4550 4552 4558 
7292 3480 268 5278 
7293 4578 5503 5865 
7294 3698 3700 5767 
7295 4323 4321 4324 
7296 245 246 3408 
7297 4014 3445 4357 
7298 4423 5587 5588 
7299 5861 4531 6324 
7300 3432 5521 6305 
7301 4900 3854 4916 
7302 3800 3810 5350 
7303 4723 4701 5737 
7304 5216 997 5217 
7305 5295 4854 5676 
7306 4182 4046 5664 
7307 4364 4366 4367 
7308 4276 4275 4277 
7309 3866 3868 3908 
7310 3509 5077 6114 
7311 401 402 5595 
7312 4638 3839 5583 
7313 3769 3774 3782 
7314 3957 4103 4104 
7315 1278 3484 5942 
7316 4314 4311 6085 
7317 4012 5622 5656 
7318 1197 1196 5777 
7319 3764 3766 4030 
7320 4483 4609 4610 
7321 3906 4035 5763 
7322 3461 5187 6346 
7323 4072 4101 4188 
7324 4274 4275 4276 
7325 5156 3497 5908 
7326 4299 4583 5654 
7327 4343 3817 5603 
7328 5611 3622 6208 
7329 4409 4616 5623 
7330 24 3445 3587 
7331 4912 4142 6177 
7332 3790 3791 5395 
7333 4475 4476 5708 
7334 4390 4389 4430 
7335 4734 5071 6248 
7336 3457 5276 5725 
7337 4709 4794 4795 
7338 3644 3645 3646 
7339 4104 4301 4681 
7340 6121 5268 6176 
7341 4542 3978 5660 
7342 4863 5018 5348 
7343 3651 3653 3675 
7344 970 971 3525 
7345 4009 4016 4017 
7346 3479 5162 6287 
7347 5165 5164 6308 
7348 4727 4283 5661 
7349 4133 4134 5399 
7350 3572 3574 4909 
7351 4333 4332 4486 
7352 4938 4939 6184 
7353 5151 4987 5700 
7354 4827 5951 6178 
7355 1005 5606 5945 
7356 5039 5037 6339 
7357 3847 3845 5753 
7358 3736 3767 4413 
7359 3920 3918 4474 
7360 4005 4007 4023 
7361 5631 5745 6075 
7362 5378 4996 6264 
7363 5141 4667 5328 
7364 3629 3606 6341 
7365 4675 5799 6220 
7366 3836 3886 6215 
7367 4058 4059 5396 
7368 3662 3677 3678 
7369 5222 3518 5822 
7370 5530 4260 5898 
7371 4228 4543 4765 
7372 4276 4277 4278 
7373 3655 3657 3658 
7374 3664 3687 5648 
7375 4647 4646 5599 
7376 5317 3456 5318 
7377 4077 4102 5758 
7378 1024 3415 5698 
7379 3622 3621 5960 
7380 5723 4603 6045 
7381 4562 4563 4566 
7382 4530 4575 6052 
7383 5119 5120 5121 
7384 4421 4427 4714 
7385 4037 4068 4069 
7386 3405 969 5390 
7387 4637 3839 4638 
7388 4163 4164 4165 
7389 4161 4162 4163 
7390 3955 3965 4287 
7391 4670 4475 4945 
7392 4413 4414 4415 
7393 3410 1304 5679 
7394 5118 3475 5680 
7395 4379 4377 4382 
7396 1258 1257 5827 
7397 3678 4160 4161 
7398 4938 5442 6293 
7399 5221 5218 5414 
7400 983 3542 5719 
7401 5270 4900 5398 
7402 3488 1026 5424 
7403 5401 5246 5958 
7404 5577 5632 5633 
7405 5328 5031 6335 
7406 4118 4119 6072 
7407 4374 4372 4460 
7408 246 247 5434 
7409 388 389 3400 
7410 3555 3567 5798 
7411 4415 4416 4417 
7412 3799 6064 6228 
7413 4546 4548 4703 
7414 4417 4418 4419 
7415 3755 3758 3759 
7416 5593 4746 5625 
7417 5181 4913 5635 
7418 4571 4893 5858 
7419 5301 4825 6037 
7420 4641 4182 5664 
7421 3596 3595 3597 
7422 5591 6055 6168 
7423 4690 4692 4694 
7424 5229 4908 5653 
7425 4090 4093 5733 
7426 5173 3526 5174 
7427 4598 4600 4603 
7428 4129 4130 5419 
7429 4430 4677 4678 
7430 4001 4003 4004 
7431 3616 3619 5611 
7432 3860 3862 3910 
7433 4278 4277 4279 
7434 4325 4324 4456 
7435 5123 3973 6231 
7436 3872 3876 5626 
7437 4358 4360 4361 
7438 4893 5306 5942 
7439 4231 4523 4555 
7440 5380 3532 5381 
7441 3959 5600 5861 
7442 4361 4592 4593 
7443 5093 5644 5839 
7444 3781 5166 5727 
7445 4789 5078 6145 
7446 5418 4937 6293 
7447 3456 385 5393 
7448 1287 5360 5842 
7449 4643 5168 5408 
7450 1309 4365 5420 
7451 5219 5325 5779 
7452 3879 4154 4212 
7453 3761 3801 3802 
7454 3543 5035 5036 
7455 3749 3753 3754 
7456 4026 4027 4232 
7457 3399 5814 5904 
7458 3540 280 5869 
7459 1027 3488 5416 
7460 4369 4367 4370 
7461 3743 3745 3756 
7462 4715 5893 6043 
7463 4486 4332 4753 
7464 5184 5093 5839 
7465 3651 3652 3653 
7466 4069 4173 4744 
7467 3840 3858 5583 
7468 391 392 3482 
7469 3471 5538 6259 
7470 3997 3999 4000 
7471 3982 3984 4011 
7472 3989 3991 3995 
7473 3627 3644 5675 
7474 3462 1308 5420 
7475 5119 3406 5120 
7476 5438 5353 6242 
7477 4492 4526 4595 
7478 3817 3819 5603 
7479 3538 5475 5900 
7480 3598 3597 3599 
7481 5705 5002 5978 
7482 5466 3634 6006 
7483 4032 4200 4522 
7484 4321 4320 5605 
7485 4842 5825 5826 
7486 5408 4270 5630 
7487 3825 3878 6343 
7488 393 394 5610 
7489 4638 5583 5689 
7490 5820 4943 5847 
7491 5443 4011 6063 
7492 5218 3514 5219 
7493 5424 1025 5698 
7494 4188 4450 4451 
7495 5402 5040 5932 
7496 5575 5615 6167 
7497 4468 4469 6016 
7498 5617 4481 5744 
7499 3542 984 5331 
7500 5361 4956 6254 
7501 1115 1114 5851 
7502 262 263 3530 
7503 4365 1310 5452 
7504 3802 3881 4031 
7505 5689 4756 5880 
7506 3949 3941 5592 
7507 3712 3715 5343 
7508 3833 3834 5703 
7509 3733 3735 3736 
7510 4795 4796 5354 
7511 1305 4375 5679 
7512 4282 4511 4512 
7513 4188 4451 4680 
7514 5644 4993 5949 
7515 3970 3978 4228 
7516 4558 4559 5709 
7517 3890 3833 3972 
7518 5277 5774 6095 
7519 5704 4135 5721 
7520 4471 4244 4472 
7521 5018 5017 5684 
7522 3727 3729 3738 
7523 4146 4145 5617 
7524 4043 4230 4231 
7525 4456 4594 4604 
7526 4124 4226 4441 
7527 3721 3723 3739 
7528 5389 3487 5705 
7529 4407 4235 4655 
7530 4266 4283 4726 
7531 1286 1287 5842 
7532 4396 4394 5640 
7533 4364 4271 4366 
7534 4562 4566 4927 
7535 5079 5507 5964 
7536 4200 4213 4496 
7537 1028 5416 5446 
7538 3862 3864 5659 
7539 4278 4279 4280 
7540 4055 3972 4235 
7541 4291 4162 5769 
7542 5569 5510 6261 
7543 5591 3400 6055 
7544 4800 4644 6120 
7545 3717 3719 4302 
7546 3634 5292 6006 
7547 3547 982 5719 
7548 4082 4085 5742 
7549 980 981 5250 
7550 5199 5283 5284 
7551 4180 4643 4801 
7552 5078 5004 5987 
7553 4069 4070 4173 
7554 3791 3794 5395 
7555 4017 4018 5722 
7556 5067 5592 5922 
7557 4423 3767 5587 
7558 4032 4033 4200 
7559 5161 5554 5891 
7560 3761 3762 3801 
7561 5140 3668 5872 
7562 3912 3889 5368 
7563 394 395 3407 
7564 5417 5568 5780 
7565 3587 4014 4943 
7566 1307 3462 5702 
7567 4375 1306 5702 
7568 5303 3504 5817 
7569 3759 3760 3761 
7570 5074 4484 5376 
7571 4440 4265 4622 
7572 3837 3839 4637 
7573 5686 3461 6346 
7574 4680 4951 4984 
7575 4828 4830 5373 
7576 4134 4137 5399 
7577 4026 4232 4264 
7578 4288 4493 4495 
7579 4703 4704 4738 
7580 243 244 5601 
7581 5249 4612 5677 
7582 3826 3833 3890 
7583 3704 3706 4073 
7584 4052 4022 4053 
7585 4344 4343 4458 
7586 5286 5285 5287 
7587 4004 4005 5576 
7588 4170 4168 4464 
7589 4694 4695 4696 
7590 4664 4662 5681 
7591 4137 4138 5732 
7592 4212 4433 4434 
7593 5249 5677 6100 
7594 4702 4428 5455 
7595 3816 4343 4344 
7596 5406 390 5597 
7597 4362 4732 4733 
7598 4585 4556 4586 
7599 4059 4063 5396 
7600 3916 3914 4401 
7601 3514 999 5325 
7602 4101 4120 5815 
7603 3518 5204 5984 
7604 3812 3814 3911 
7605 1091 1090 5867 
7606 4132 4131 6239 
7607 4632 4591 4634 
7608 5352 5078 6294 
7609 1021 3533 5903 
7610 5335 5333 6181 
7611 4459 4458 4591 
7612 5561 4438 6051 
7613 4701 4700 5737 
7614 3416 1029 5446 
7615 4145 4157 5617 
7616 4144 4146 4412 
7617 4444 4576 4636 
7618 3645 3648 5638 
7619 5371 5369 6125 
7620 4191 4265 4440 
7621 3708 3711 3896 
7622 4192 4269 5795 
7623 5273 5005 6173 
7624 5435 3788 6142 
7625 4138 4144 5732 
7626 4089 4090 5733 
7627 3619 3622 5611 
7628 5206 5767 6146 
7629 4250 5409 6022 
7630 4246 4258 5801 
7631 4124 4441 5763 
7632 5502 4579 5911 
7633 5785 5232 6317 
7634 4273 3949 5592 
7635 3640 5984 6361 
7636 5358 5374 5690 
7637 4175 4172 4521 
7638 4483 4419 4609 
7639 5721 4135 6239 
7640 4682 5622 5886 
7641 5240 5239 6285 
7642 4081 4082 5742 
7643 4392 4390 5655 
7644 3633 5264 5981 
7645 4258 4452 4621 
7646 4264 4497 4652 
7647 4114 4246 5801 
7648 396 397 5620 
7649 1311 3411 5452 
7650 4802 5780 6227 
7651 3908 3909 4043 
7652 1001 8 6012 
7653 4660 4593 4746 
7654 3569 3571 3572 
7655 5194 5193 5957 
7656 3662 3646 3677 
7657 4412 4146 4499 
7658 4594 5605 6232 
7659 1033 3489 5439 
7660 4486 4753 4754 
7661 4773 5212 6160 
7662 3579 3580 3581 
7663 3736 3737 3767 
7664 4109 4111 4115 
7665 4616 5003 5623 
7666 4113 4244 4471 
7667 4247 4211 5887 
7668 4421 4422 4427 
7669 3868 5920 6078 
7670 4179 4177 4295 
7671 4493 4494 5095 
7672 4287 5726 6127 
7673 4085 4087 4351 
7674 4064 4081 5793 
7675 4236 4237 5580 
7676 4093 4095 4184 
7677 4097 4556 4585 
7678 5623 5003 6110 
7679 5168 4181 6197 
7680 4826 4723 5255 
7681 4600 4602 5692 
7682 1036 3417 5442 
7683 5957 4454 6077 
7684 5036 5035 5037 
7685 4820 5537 5888 
7686 4418 4420 4421 
7687 1037 5442 5457 
7688 3977 4079 5794 
7689 4228 4542 4543 
7690 4748 4434 4749 
7691 9 171 6101 
7692 266 5191 5377 
7693 5292 5286 6006 
7694 4972 5435 6142 
7695 4063 4064 5793 
7696 1034 5439 5696 
7697 3490 1038 5457 
7698 3592 3593 3594 
7699 1039 3490 5444 
7700 5629 4967 6196 
7701 397 398 3483 
7702 1067 1066 5853 
7703 4543 4658 5682 
7704 4758 5183 5642 
7705 3890 3972 4055 
7706 1040 5444 5459 
7707 1042 3418 5445 
7708 3418 1041 5459 
7709 5581 4472 6023 
7710 4130 4133 5419 
7711 4407 4655 5077 
7712 4344 4458 4459 
7713 1045 3491 5447 
7714 4954 6108 6165 
7715 3417 1035 5696 
7716 4632 4634 4968 
7717 181 182 5963 
7718 1043 5445 5460 
7719 5771 5652 5975 
7720 4055 4235 4407 
7721 3491 1044 5460 
7722 173 3515 5320 
7723 3455 5184 5185 
7724 4459 4591 4632 
7725 3926 3924 5656 
7726 6270 4738 6272 
7727 4412 4499 5065 
7728 1046 5447 5462 
7729 3419 1047 5462 
7730 1048 3419 5463 
7731 3534 1049 5463 
7732 1280 5686 5894 
7733 4098 4100 5813 
7734 3922 3920 5641 
7735 1224 1223 5891 
7736 1055 3420 5465 
7737 3572 3573 3574 
7738 3420 1054 5464 
7739 3535 1056 5465 
7740 6120 3911 6258 
7741 1057 3535 5467 
7742 1059 3493 5449 
7743 3493 1058 5467 
7744 1270 1269 5895 
7745 4755 4728 6049 
7746 4876 5079 5964 
7747 242 243 3522 
7748 3421 1061 5468 
7749 1062 3421 5469 
7750 5251 3547 5252 
7751 5392 4921 6155 
7752 5377 5150 6039 
7753 1060 5449 5468 
7754 3536 1063 5469 
7755 4897 5245 6318 
7756 1064 3536 5470 
7757 3494 1065 5470 
7758 6016 4798 6251 
7759 3551 5952 6101 
7760 1073 3495 5451 
7761 1069 3422 5471 
7762 1071 3537 5472 
7763 3537 1070 5471 
7764 3495 1072 5472 
7765 1076 3423 5475 
7766 5040 5036 5665 
7767 3423 1075 5473 
7768 3538 1077 5475 
7769 4824 5247 6307 
7770 1074 5451 5473 
7771 1080 3496 5453 
7772 5144 4763 6149 
7773 5083 4122 6342 
7774 3819 3824 5603 
7775 4076 4040 5636 
7776 3704 4073 5767 
7777 3424 1082 5477 
7778 5028 5156 5833 
7779 1083 3424 5480 
7780 1081 5453 5477 
7781 5531 5530 5898 
7782 4472 4244 6023 
7783 4784 1084 5480 
7784 5955 5021 6158 
7785 1085 4784 5479 
7786 3497 1086 5479 
7787 1094 3498 5456 
7788 4696 4695 5427 
7789 3630 5290 6275 
7790 3498 1093 5481 
7791 1092 4239 5481 
7792 3426 1096 5483 
7793 1095 5456 5483 
7794 1101 3499 5458 
7795 4966 3677 6126 
7796 3675 3653 3676 
7797 3499 1100 5484 
7798 5368 3832 6322 
7799 3802 3801 3881 
7800 4474 3918 5753 
7801 1099 4411 5484 
7802 4516 5371 6125 
7803 1104 3427 5490 
7804 3573 3576 5645 
7805 5703 4637 5934 
7806 3463 1107 5486 
7807 4163 4162 4164 
7808 4165 4164 4185 
7809 4161 4160 4162 
7810 1108 3463 5495 
7811 1106 4871 5486 
7812 4871 1105 5490 
7813 3892 3693 6288 
7814 3428 1111 5487 
7815 1112 3428 5499 
7816 3678 3677 4160 
7817 3487 1301 5958 
7818 4594 4324 5605 
7819 1116 3464 5497 
7820 4131 5133 6239 
7821 1110 4846 5487 
7822 4846 1109 5495 
7823 3932 3930 5927 
7824 4447 4210 6357 
7825 4626 5295 5676 
7826 3957 3958 4103 
7827 3429 1119 5493 
7828 5218 5219 5414 
7829 4340 1113 5499 
7830 4613 1117 5497 
7831 1120 3429 5505 
7832 4680 4451 4951 
7833 4413 3767 4414 
7834 4658 5443 6183 
7835 1118 4613 5493 
7836 190 191 5991 
7837 3465 1123 5498 
7838 4858 4859 5925 
7839 6097 4725 6144 
7840 4100 4109 5813 
7841 4835 1121 5505 
7842 4744 4173 4821 
7843 1122 4835 5498 
7844 3430 1127 5502 
7845 4898 5810 6243 
7846 1128 3430 5516 
7847 5271 3953 5731 
7848 1126 4579 5502 
7849 3466 1131 5504 
7850 1132 3466 5517 
7851 4031 3881 4032 
7852 3431 1135 5506 
7853 1136 3431 5519 
7854 1130 4449 5504 
7855 4449 1129 5516 
7856 1134 4717 5506 
7857 4717 1133 5517 
7858 4591 4458 5619 
7859 4261 5366 6036 
7860 4243 1137 5519 
7861 3467 1139 5518 
7862 3896 3917 3957 
7863 1140 3467 5520 
7864 1138 4243 5518 
7865 4325 4456 5411 
7866 5752 4570 6190 
7867 4559 4562 5709 
7868 1102 5458 5715 
7869 1152 3433 5474 
7870 4294 1141 5520 
7871 4386 4384 5687 
7872 4264 4232 4497 
7873 3427 1103 5715 
7874 4476 4479 5708 
7875 1142 4294 5521 
7876 3432 1143 5521 
7877 1144 3432 5522 
7878 4589 1145 5522 
7879 4415 4414 4416 
7880 1148 3468 5526 
7881 3433 1151 5523 
7882 4585 4586 5585 
7883 4335 4333 5651 
7884 4358 4359 4360 
7885 1150 4813 5523 
7886 4813 1149 5526 
7887 1153 5474 5528 
7888 4824 5382 6359 
7889 1003 1002 6000 
7890 4471 4472 4978 
7891 3469 1156 5527 
7892 4606 1154 5528 
7893 1157 3469 5529 
7894 1155 4606 5527 
7895 1163 4305 5478 
7896 1279 1280 5894 
7897 4417 4416 4418 
7898 4260 1158 5529 
7899 4104 4103 4301 
7900 1159 4260 5530 
7901 3434 1160 5530 
7902 4593 4592 5625 
7903 3470 1165 5532 
7904 1164 5478 5532 
7905 1166 3470 5535 
7906 3435 1169 5533 
7907 1170 3435 5536 
7908 4043 4077 4230 
7909 5761 5248 6244 
7910 4652 4497 4718 
7911 1168 4350 5533 
7912 4350 1167 5535 
7913 4403 1171 5536 
7914 5472 3537 6139 
7915 1181 4285 5482 
7916 1175 3471 5539 
7917 3471 1174 5538 
7918 4514 1176 5539 
7919 4151 4670 5626 
7920 5865 4832 6295 
7921 1177 4514 5543 
7922 5984 5068 6361 
7923 3436 1178 5543 
7924 4285 1180 5540 
7925 1182 5482 5544 
7926 1186 4569 5545 
7927 4569 1185 5541 
7928 1179 3436 5540 
7929 1184 3472 5541 
7930 3472 1183 5544 
7931 3437 1187 5545 
7932 5386 3492 6083 
7933 1087 3497 5688 
7934 1191 4342 5548 
7935 4681 4301 4841 
7936 1205 4338 5485 
7937 4650 1194 5547 
7938 3448 1192 5548 
7939 1193 3448 5547 
7940 1198 3438 5488 
7941 5336 4767 6056 
7942 1208 3439 5489 
7943 4520 1200 5549 
7944 1199 5488 5549 
7945 1201 4520 5552 
7946 4338 1204 5550 
7947 1220 4706 5491 
7948 3449 1202 5552 
7949 1203 3449 5550 
7950 1211 4631 5556 
7951 4725 1214 5551 
7952 1231 3994 5492 
7953 3450 1212 5556 
7954 1213 3450 5551 
7955 4706 1219 5553 
7956 4438 1225 5554 
7957 1228 3441 5496 
7958 1221 5491 5560 
7959 5431 3738 5905 
7960 3994 1230 5555 
7961 1226 4438 5561 
7962 1229 5496 5555 
7963 3440 1217 5559 
7964 1218 3440 5553 
7965 3987 1241 5557 
7966 1232 5492 5563 
7967 3451 1222 5560 
7968 4693 1236 5558 
7969 1234 3452 5501 
7970 3441 1227 5561 
7971 1235 5501 5558 
7972 1240 5508 5557 
7973 4527 1247 5562 
7974 1246 5509 5562 
7975 1239 3442 5508 
7976 1245 3453 5509 
7977 1248 4527 5565 
7978 3452 1233 5563 
7979 1250 3443 5510 
7980 1253 4126 5514 
7981 4677 4389 5687 
7982 3687 3686 6263 
7983 3453 1244 5564 
7984 1256 3454 5511 
7985 5135 5635 5721 
7986 1251 5510 5569 
7987 3598 3600 4288 
7988 3443 1249 5565 
7989 4699 4681 5774 
7990 1261 3444 5512 
7991 1254 5514 5566 
7992 4126 1252 5569 
7993 3454 1255 5566 
7994 1206 5485 5729 
7995 1259 4290 5567 
7996 3444 1260 5567 
7997 3439 1207 5729 
7998 4555 4523 5650 
7999 5662 5015 5712 
8000 3644 3662 5675 
8001 3777 1266 5570 
8002 1264 3778 5515 
8003 1267 3777 5572 
8004 5421 5143 6316 
8005 4390 4430 5655 
8006 4440 4622 5736 
8007 4763 5260 6262 
8008 3486 5609 6122 
8009 4014 4357 4358 
8010 1265 5515 5570 
8011 4996 5378 6301 
8012 3534 5386 6083 
8013 3991 3993 5714 
8014 1146 4589 5750 
8015 4333 4486 5651 
8016 1238 1237 5916 
8017 4720 4669 5752 
8018 3956 1268 5572 
8019 3468 1147 5750 
8020 4842 4301 5825 
8021 1242 3987 5740 
8022 3887 5383 5663 
8023 3984 3986 5718 
8024 4274 4276 5647 
8025 5212 4777 6160 
8026 4683 5934 6130 
8027 4018 4026 5722 
8028 5475 5476 5900 
8029 4329 4327 5674 
8030 5564 1243 5740 
8031 3535 5438 6242 
8032 400 401 3401 
8033 5383 4604 5663 
8034 5047 5254 6237 
8035 3642 3626 6174 
8036 5291 6274 6328 
8037 4361 4360 4592 
8038 5175 3526 5355 
8039 5414 5219 5415 
8040 4224 4222 5671 
8041 5577 5633 5785 
8042 5648 3687 6282 
8043 4231 4230 4523 
8044 5771 4013 6247 
8045 4010 5723 6045 
8046 3837 4637 5703 
8047 4667 4555 5670 
8048 3876 4151 5626 
8049 3468 5422 6283 
8050 5181 5635 6082 
8051 3867 3870 5920 
8052 5288 5287 5289 
8053 6063 5213 6183 
8054 3610 3614 5720 
8055 5256 3529 6254 
8056 3864 3866 5862 
8057 4470 4580 5618 
8058 4118 5182 6069 
8059 399 400 5632 
8060 4540 4268 6238 
8061 5558 5501 6337 
8062 5364 4693 6201 
8063 4381 4379 5699 
8064 5207 5573 6244 
8065 382 3520 5823 
8066 1302 5401 5958 
8067 4945 4475 5708 
8068 4324 4321 5605 
8069 5588 5587 5747 
8070 5232 5153 6317 
8071 4157 4481 5617 
8072 3934 3935 5922 
8073 3533 5378 6264 
8074 5826 5825 6002 
8075 1078 3538 5804 
8076 3596 3597 3598 
8077 4244 5801 6023 
8078 3445 1271 5578 
8079 4710 5223 5938 
8080 5362 253 5363 
8081 3587 3445 4014 
8082 3496 1079 5804 
8083 5251 5252 5751 
8084 1022 1021 5903 
8085 4736 5631 6075 
8086 3577 3584 5871 
8087 4027 4029 5668 
8088 4427 4422 5574 
8089 4642 4641 6069 
8090 5937 4006 6272 
8091 3555 3557 3567 
8092 3671 3688 3689 
8093 4505 4396 5640 
8094 386 3524 5393 
8095 192 22 6224 
8096 4394 4750 5640 
8097 4005 4023 5576 
8098 4645 5275 6198 
8099 5160 5472 6139 
8100 5608 6039 6152 
8101 6324 4531 6336 
8102 5017 5432 5684 
8103 4288 3600 4493 
8104 3626 3623 5953 
8105 4531 6052 6336 
8106 3545 3553 3590 
8107 1161 3434 5802 
8108 4377 4374 5717 
8109 3415 1023 6107 
8110 4479 5461 5708 
8111 5503 5502 5911 
8112 5312 5177 6033 
8113 4305 1162 5802 
8114 4232 4027 5668 
8115 3561 3563 3566 
8116 250 5263 5863 
8117 4985 3905 6291 
8118 5810 4898 5830 
8119 5513 3778 6094 
8120 4494 3600 5966 
8121 5805 4423 6326 
8122 5255 4723 5737 
8123 3611 3610 5720 
8124 5195 5183 6226 
8125 4004 6032 6163 
8126 3907 5975 6291 
8127 4862 5348 5735 
8128 3438 1197 5777 
8129 3646 3645 5638 
8130 4025 4045 5693 
8131 4481 4404 6199 
8132 3694 4272 6241 
8133 5631 3756 6216 
8134 4213 4550 5691 
8135 3767 3737 5587 
8136 4801 4643 5630 
8137 4187 3616 5611 
8138 5241 5240 6286 
8139 3651 3675 5638 
8140 3520 5797 5823 
8141 5512 5513 6094 
8142 5375 4579 6117 
8143 5388 3426 5941 
8144 5114 5113 6265 
8145 4139 4286 6298 
8146 4357 3445 5578 
8147 4212 4748 5776 
8148 1114 4340 5851 
8149 5286 5288 6006 
8150 3543 1321 5035 
8151 5447 3491 5448 
8152 5433 4247 5926 
8153 5526 3468 6283 
8154 3762 3764 5695 
8155 5764 4053 6233 
8156 4750 4392 5655 
8157 3624 5675 5960 
8158 3464 1115 5851 
8159 5726 4744 6127 
8160 1257 5511 5827 
8161 241 242 5637 
8162 4070 4072 5697 
8163 4290 1258 5827 
8164 1090 3425 5867 
8165 5469 3421 5748 
8166 5796 5368 6280 
8167 5814 5082 5904 
8168 5002 5381 5978 
8169 1277 1278 5942 
8170 5219 3514 5325 
8171 3766 3769 5706 
8172 3621 3624 5960 
8173 994 995 6281 
8174 5193 5195 5896 
8175 5521 5094 6305 
8176 5315 5064 6217 
8177 4003 4002 6272 
8178 4851 6003 6357 
8179 3603 3605 4792 
8180 4785 4557 5974 
8181 261 262 5724 
8182 4372 4369 5738 
8183 3972 5703 5934 
8184 4239 1091 5867 
8185 3465 5375 6117 
8186 5475 3423 5476 
8187 5786 3476 6080 
8188 1066 3494 5853 
8189 3598 3599 3600 
8190 5444 3490 5766 
8191 3411 1312 5973 
8192 4899 5270 6136 
8193 3585 3640 6361 
8194 3782 6212 6285 
8195 5938 5223 6189 
8196 3687 6076 6282 
8197 4841 4842 5832 
8198 5635 4913 5704 
8199 4093 4184 5733 
8200 5150 5191 5760 
8201 5388 4411 6132 
8202 5843 3911 6120 
8203 4566 4563 5979 
8204 1006 1005 5945 
8205 4237 4076 5636 
8206 5499 3428 5500 
8207 4846 5495 5658 
8208 3456 5393 5667 
8209 3665 3664 5648 
8210 5493 4613 5494 
8211 251 3403 5263 
8212 5501 5005 6337 
8213 4007 4009 5710 
8214 3562 3560 5985 
8215 4496 4213 5691 
8216 3430 5502 5503 
8217 4294 5520 5746 
8218 3648 3651 5638 
8219 1301 1302 5958 
8220 3426 5388 6132 
8221 3965 4037 5726 
8222 3572 4909 5765 
8223 3736 4413 5755 
8224 5266 4605 5965 
8225 5679 5099 6318 
8226 1316 1317 3549 
8227 3434 5530 5531 
8228 240 241 3404 
8229 3406 5222 5612 
8230 5533 4350 5534 
8231 3953 3955 5731 
8232 4804 5083 6331 
8233 4403 5536 5537 
8234 4263 4031 5683 
8235 4303 4578 6295 
8236 4595 4596 5852 
8237 5382 3701 6359 
8238 5541 3472 5542 
8239 5545 4569 5546 
8240 3402 265 5377 
8241 5466 3629 6147 
8242 3801 3762 5695 
8243 4596 4598 5723 
8244 4962 5185 5839 
8245 5453 4786 5477 
8246 3638 3568 6284 
8247 1223 3451 5891 
8248 3972 3833 5703 
8249 5228 3948 5879 
8250 3601 5713 5874 
8251 4228 4765 5784 
8252 4421 4714 5816 
8253 5482 4285 5791 
8254 3987 5557 5743 
8255 5622 4533 6297 
8256 5554 1224 5891 
8257 4527 5562 5666 
8258 4735 5546 5913 
8259 5782 4746 6031 
8260 4768 4771 6210 
8261 4079 4191 5794 
8262 5584 5146 5806 
8263 5514 4126 5571 
8264 4173 4070 5697 
8265 4602 4690 5739 
8266 5567 4290 5568 
8267 3747 3749 5745 
8268 4180 4801 5973 
8269 4504 4335 5651 
8270 4633 4632 5876 
8271 5980 4742 6027 
8272 4032 4522 5683 
8273 3741 3743 5747 
8274 4002 6270 6272 
8275 5426 393 5610 
8276 3924 4012 5656 
8277 4673 5531 5898 
8278 5849 5293 6352 
8279 3887 6111 6245 
8280 4327 5411 5674 
8281 4085 4351 5742 
8282 5330 5237 5884 
8283 1237 4693 5916 
8284 3653 3652 5756 
8285 1269 3956 5895 
8286 5248 5207 6244 
8287 4803 5417 5780 
8288 5821 5450 6258 
8289 3797 5781 6021 
8290 4168 4165 5761 
8291 4358 4361 5847 
8292 5318 3456 5667 
8293 3418 5459 5790 
8294 4012 3922 5641 
8295 3993 3997 5749 
8296 4144 4412 5732 
8297 4269 4444 5795 
8298 5511 3454 5812 
8299 3939 3926 5656 
8300 5592 3937 5922 
8301 3474 5330 5884 
8302 1312 1313 5973 
8303 4407 5077 6009 
8304 3442 1238 5916 
8305 5644 3479 6287 
8306 5880 4683 6130 
8307 3731 3733 5755 
8308 5871 3584 6162 
8309 5797 5082 5823 
8310 4400 4300 5938 
8311 5269 3510 6013 
8312 5299 5297 5837 
8313 1089 1088 5977 
8314 5584 4622 5845 
8315 5436 4631 6176 
8316 4439 4546 5866 
8317 3652 3655 5756 
8318 4384 4466 5687 
8319 4166 4052 5764 
8320 3719 3721 5757 
8321 5252 3547 5719 
8322 3659 3665 5924 
8323 5511 5014 5827 
8324 5060 4785 5935 
8325 3937 3934 5922 
8326 4643 5408 5630 
8327 4226 4266 5759 
8328 4507 5176 6340 
8329 4720 5752 6190 
8330 4258 4621 5801 
8331 3852 3879 5776 
8332 3715 3717 5762 
8333 4022 3916 5768 
8334 4562 4927 5709 
8335 5578 1270 5895 
8336 4389 4386 5687 
8337 4580 5671 5672 
8338 264 3402 5607 
8339 3574 3573 5645 
8340 3425 1089 5977 
8341 4730 5491 5860 
8342 3994 5555 5824 
8343 6040 4947 6199 
8344 3563 3562 3564 
8345 3706 3708 5773 
8346 4580 4224 5671 
8347 3729 3731 5905 
8348 6013 4734 6248 
8349 5767 4073 6146 
8350 4332 4329 5674 
8351 4211 4353 5887 
8352 1052 3492 6042 
8353 3520 5317 5792 
8354 4311 4309 6085 
8355 3422 1068 6001 
8356 1030 3416 6118 
8357 4831 5646 6260 
8358 3920 4474 5641 
8359 4668 5342 5910 
8360 5689 5583 5783 
8361 3594 3593 3595 
8362 4774 4776 6140 
8363 3565 5765 6133 
8364 3601 3596 5713 
8365 5382 4824 6307 
8366 4746 4593 5625 
8367 4485 4159 6057 
8368 3403 252 5362 
8369 4787 4789 6145 
8370 5575 4687 6030 
8371 3400 389 5406 
8372 3563 3564 3565 
8373 4732 4828 5770 
8374 5722 4653 6135 
8375 3805 3970 5784 
8376 4410 4025 5693 
8377 5300 5273 6173 
8378 5635 5135 6082 
8379 5464 1053 6042 
8380 4023 5710 5711 
8381 1050 3534 6083 
8382 5359 6200 6255 
8383 3665 5648 5649 
8384 4026 4264 5722 
8385 1324 1323 3550 
8386 4069 4744 5726 
8387 5250 3547 5251 
8388 4753 4332 5674 
8389 1088 5688 5977 
8390 5311 3945 6188 
8391 3561 3560 3562 
8392 3576 3579 5645 
8393 5084 4804 6331 
8394 4939 5604 6235 
8395 4029 4058 5668 
8396 5552 5307 6038 
8397 3910 3862 5659 
8398 5221 5758 5969 
8399 3448 5548 5835 
8400 3858 3860 5783 
8401 4924 5271 6202 
8402 1325 1324 5387 
8403 4355 5647 5896 
8404 3594 3595 3596 
8405 6275 5291 6313 
8406 4577 5668 6017 
8407 1188 3437 5989 
8408 191 3588 5991 
8409 3492 1051 6083 
8410 3787 3790 6010 
8411 4738 4704 5936 
8412 4466 4381 5699 
8413 3614 4187 5720 
8414 4119 4355 6072 
8415 3489 1032 6169 
8416 3906 5763 6310 
8417 1195 4650 6024 
8418 5328 4667 5670 
8419 4586 4556 5800 
8420 3607 3611 5868 
8421 4279 4282 5730 
8422 3914 3912 5796 
8423 3446 4975 5716 
8424 4662 4660 5782 
8425 4180 4181 4643 
8426 5045 5686 6346 
8427 5836 4727 6047 
8428 3524 387 5591 
8429 5523 5129 6219 
8430 981 3547 5250 
8431 5178 3959 6351 
8432 4604 5020 5778 
8433 1068 1067 6001 
8434 3483 5577 5785 
8435 4109 4115 5813 
8436 3782 3783 6212 
8437 1097 3426 6132 
8438 5406 5597 6151 
8439 5021 3843 6158 
8440 5507 4716 5964 
8441 1313 4180 5973 
8442 4173 5697 6124 
8443 1314 3526 5173 
8444 1124 3465 6117 
8445 1172 4403 6079 
8446 5369 4922 6125 
8447 5167 5711 6054 
8448 5313 4583 6188 
8449 4603 4600 5692 
8450 4637 4638 6130 
8451 5101 5102 6314 
8452 4030 3766 5706 
8453 4188 4680 5697 
8454 4638 5689 5880 
8455 4830 5084 6331 
8456 4434 4572 5807 
8457 5727 4718 5728 
8458 4555 5650 5670 
8459 4411 1098 6132 
8460 4209 5584 6129 
8461 260 261 3486 
8462 1215 4725 6109 
8463 4579 1125 6117 
8464 5538 1173 6079 
8465 1209 5489 6121 
8466 3559 3558 3560 
8467 4653 5166 6054 
8468 4379 4382 5699 
8469 1262 5512 6094 
8470 4050 5859 5875 
8471 5479 4784 5855 
8472 3510 5306 5943 
8473 5166 4652 5727 
8474 4045 4129 5693 
8475 3795 3799 6228 
8476 5013 5838 6332 
8477 1189 1188 5989 
8478 5945 4737 6141 
8479 4591 5619 6009 
8480 4023 4007 5710 
8481 4550 4558 5691 
8482 3778 1263 6094 
8483 4631 1210 6121 
8484 5734 5352 6294 
8485 4839 5139 5917 
8486 5594 4915 6073 
8487 4406 4539 6164 
8488 5559 1216 6109 
8489 4370 5398 5819 
8490 5543 4514 5799 
8491 4374 4460 5717 
8492 4641 5879 6069 
8493 1196 1195 6024 
8494 4699 5206 6146 
8495 5213 5253 6183 
8496 3658 3659 5924 
8497 3503 5277 6095 
8498 3764 4030 5695 
8499 4737 4688 6141 
8500 4451 4450 5787 
8501 3617 5613 6186 
8502 4382 4377 5717 
8503 5587 3741 5747 
8504 4072 4188 5697 
8505 3866 3908 5862 
8506 3551 172 5320 
8507 4460 4372 5738 
8508 3769 3782 5706 
8509 5307 4822 6038 
8510 4665 5648 6282 
8511 4165 4185 5761 
8512 1053 1052 6042 
8513 3564 3569 5765 
8514 4573 5701 6265 
8515 5432 4650 6257 
8516 4620 4408 6348 
8517 4280 4279 5730 
8518 4342 1190 6289 
8519 4622 4265 5845 
8520 4287 3965 5726 
8521 3995 3991 5714 
8522 5441 396 5620 
8523 4632 4968 5876 
8524 5801 4621 6023 
8525 4648 5835 5976 
8526 4031 4032 5683 
8527 4369 4370 5738 
8528 4011 3984 5718 
8529 3437 5831 5910 
8530 5974 4557 6067 
8531 4282 4512 5730 
8532 5597 5598 6151 
8533 3520 5792 5797 
8534 6060 5227 6075 
8535 4186 5359 6255 
8536 4825 5301 6021 
8537 3478 249 5863 
8538 3595 3628 5877 
8539 3598 4288 5713 
8540 4921 6061 6155 
8541 4271 4179 5803 
8542 5659 3864 5862 
8543 3935 3932 5927 
8544 4596 5723 5852 
8545 5394 4251 5994 
8546 3557 3556 3558 
8547 4009 4017 5710 
8548 5873 3612 5878 
8549 5415 5219 5779 
8550 5338 3474 5980 
8551 5646 4816 6260 
8552 5892 4540 6238 
8553 5711 4653 6054 
8554 4859 4862 5925 
8555 4565 5579 5979 
8556 3888 3906 6310 
8557 4499 4685 5754 
8558 5199 5284 5972 
8559 4103 4158 5825 
8560 5040 5665 5869 
8561 4452 4468 5811 
8562 5652 4985 5975 
8563 5276 5194 6077 
8564 4037 4069 5726 
8565 3628 5264 5877 
8566 4746 5593 6031 
8567 5397 4699 6146 
8568 5754 4685 5781 
8569 3955 4287 5731 
8570 5509 3453 5808 
8571 3655 3658 5756 
8572 4362 4733 5840 
8573 5268 4721 6176 
8574 964 3446 6048 
8575 5600 4529 5861 
8576 4177 4175 5809 
8577 4598 4603 5723 
8578 4975 5981 6330 
8579 4704 4707 5936 
8580 5560 4730 6204 
8581 4777 3775 6160 
8582 3544 3409 3545 
8583 4609 4419 5816 
8584 4158 5376 6002 
8585 5191 3480 5760 
8586 5777 1196 6024 
8587 5317 5318 5792 
8588 3701 3697 6359 
8589 4690 4694 5739 
8590 5284 5285 5286 
8591 4011 5718 6063 
8592 1173 1172 6079 
8593 4360 4362 5840 
8594 5092 5730 6279 
8595 4610 5826 6002 
8596 248 3478 5296 
8597 3749 3754 5745 
8598 1051 1050 6083 
8599 4191 4440 5794 
8600 3758 4506 6347 
8601 4546 4703 5866 
8602 3565 3564 5765 
8603 3755 3759 6060 
8604 5365 5627 6211 
8605 4563 4565 5979 
8606 3743 3756 5747 
8607 247 5296 5434 
8608 4707 4709 5986 
8609 4506 5890 6347 
8610 4764 5340 6229 
8611 3860 3910 5783 
8612 183 3477 6005 
8613 4837 4839 6278 
8614 4797 5259 6097 
8615 4652 4718 5727 
8616 1263 1262 6094 
8617 5844 5074 6315 
8618 3510 5943 6013 
8619 3676 3653 6115 
8620 4366 4271 5803 
8621 970 3525 5390 
8622 5197 5198 5624 
8623 3997 4000 5749 
8624 5057 5629 6057 
8625 5297 5298 5613 
8626 5269 6013 6248 
8627 5065 4499 5754 
8628 3482 392 5426 
8629 5912 4504 6217 
8630 4529 4531 5861 
8631 4419 4418 5816 
8632 3437 5910 5989 
8633 5692 4602 5739 
8634 4464 4168 5761 
8635 5765 4909 6133 
8636 5879 4118 6069 
8637 4838 5948 6138 
8638 4444 4636 5795 
8639 5598 3679 5996 
8640 3733 3736 5755 
8641 5807 4936 6062 
8642 4441 4226 5759 
8643 3633 5981 6105 
8644 4111 4113 5818 
8645 3594 3601 5878 
8646 3474 5884 5980 
8647 3879 4212 5776 
8648 3738 3729 5905 
8649 5809 4521 5810 
8650 3612 3592 5878 
8651 3816 4344 5821 
8652 4302 3719 5757 
8653 5378 3447 6301 
8654 5583 3858 5783 
8655 5381 3532 5978 
8656 3589 1001 6012 
8657 3599 3603 5966 
8658 5634 5798 6171 
8659 3605 3607 5868 
8660 5380 5381 5968 
8661 4656 5101 5930 
8662 4770 4289 6227 
8663 1023 1022 6107 
8664 4013 5771 5975 
8665 3721 3739 5757 
8666 4426 4198 6172 
8667 4686 5589 5864 
8668 4266 4726 5759 
8669 3812 3911 5843 
8670 5062 5395 6230 
8671 1216 1215 6109 
8672 1067 5853 6001 
8673 5826 4610 6065 
8674 3832 3804 6322 
8675 4052 4053 5764 
8676 3826 3890 5834 
8677 1125 1124 6117 
8678 5169 4495 5954 
8679 4684 5328 6335 
8680 5254 6092 6237 
8681 5386 3534 6153 
8682 5395 5062 6007 
8683 3460 11 6207 
8684 1210 1209 6121 
8685 3717 4302 5762 
8686 5825 4158 6002 
8687 5339 3939 6297 
8688 4978 4472 5955 
8689 4733 4732 5770 
8690 4053 4022 5768 
8691 5343 3715 5762 
8692 3916 4401 5768 
8693 3476 5070 6080 
8694 3552 3409 5928 
8695 4464 5573 6104 
8696 4709 4795 5986 
8697 1022 5903 6107 
8698 5139 5677 6156 
8699 6019 3686 6020 
8700 3814 3816 5821 
8701 4073 3706 5773 
8702 3824 3826 5834 
8703 4001 4004 6163 
8704 259 260 5678 
8705 5478 4305 5906 
8706 3412 5380 5968 
8707 5122 5565 6271 
8708 5681 4662 5782 
8709 5887 4353 6166 
8710 5149 5760 5828 
8711 4700 5403 6041 
8712 1098 1097 6132 
8713 5032 4250 6022 
8714 3546 5269 6248 
8715 4828 5373 5770 
8716 3708 3896 5773 
8717 4095 4097 5829 
8718 5346 5526 6283 
8719 4400 5938 6189 
8720 4235 3972 5934 
8721 3970 4228 5784 
8722 4401 3914 5796 
8723 5714 3993 5749 
8724 1031 1030 6118 
8725 3986 3989 5995 
8726 5381 4712 5968 
8727 5766 4939 6235 
8728 5539 5196 6220 
8729 3569 3572 5765 
8730 5822 3518 5984 
8731 5372 5538 6079 
8732 4019 5737 6041 
8733 4749 4434 5807 
8734 5389 5705 5978 
8735 3422 6001 6214 
8736 5063 5642 5963 
8737 5628 5056 5883 
8738 4660 4746 5782 
8739 4853 5335 6003 
8740 4097 4585 5829 
8741 5461 4647 5969 
8742 5690 5374 5997 
8743 4670 4945 6078 
8744 4522 4200 5838 
8745 3810 3812 5843 
8746 3528 5338 6027 
8747 3646 5638 6126 
8748 5496 3441 5882 
8749 4113 4471 5818 
8750 4590 4292 6187 
8751 3446 5716 6048 
8752 5350 3810 5843 
8753 5011 5881 6253 
8754 3912 5368 5796 
8755 5451 3495 5929 
8756 5299 5837 6313 
8757 3560 3582 5985 
8758 5908 5855 6236 
8759 5425 4826 5931 
8760 5054 5844 6315 
8761 5663 4604 5778 
8762 6105 3635 6356 
8763 5780 4770 6227 
8764 4681 4841 6095 
8765 3580 5265 5988 
8766 5030 6197 6340 
8767 3555 3554 3556 
8768 3532 5389 5978 
8769 5297 3478 5298 
8770 4295 4177 5809 
8771 4012 5641 5886 
8772 5719 3542 6150 
8773 6067 4078 6222 
8774 5573 4521 6104 
8775 4943 4014 5847 
8776 402 403 5857 
8777 388 3400 5591 
8778 5697 4680 6124 
8779 4179 4295 5803 
8780 3989 3995 5995 
8781 5588 5589 6326 
8782 239 240 5848 
8783 5135 5281 6082 
8784 3691 3694 6241 
8785 4621 4452 5811 
8786 3911 3814 5821 
8787 4493 5095 5954 
8788 4117 5782 6031 
8789 6053 4806 6195 
8790 1032 1031 6169 
8791 3786 3787 6010 
8792 5186 4910 5998 
8793 5120 3406 5612 
8794 4175 4521 5809 
8795 5198 5199 5972 
8796 5028 5833 6250 
8797 3407 395 5441 
8798 3603 4792 5966 
8799 5223 4657 6189 
8800 3553 3552 3554 
8801 5251 5751 6000 
8802 4862 5735 5925 
8803 3493 5467 5940 
8804 5682 4751 6175 
8805 245 3408 5337 
8806 5226 5695 6323 
8807 5282 972 5901 
8808 3756 3745 6216 
8809 5597 3482 5598 
8810 3530 263 5607 
8811 5881 3670 6253 
8812 3820 5657 6303 
8813 4657 5311 6189 
8814 5374 3412 5997 
8815 3668 3671 5872 
8816 5077 4655 6114 
8817 4115 4111 5818 
8818 5435 4972 6148 
8819 4418 4421 5816 
8820 4816 4812 6260 
8821 5859 4696 5875 
8822 5182 4642 6069 
8823 5829 5586 6344 
8824 391 3482 5597 
8825 3554 3552 6122 
8826 5286 5287 5288 
8827 5934 4637 6130 
8828 3542 5331 6149 
8829 4469 4798 6016 
8830 5577 399 5632 
8831 3596 3598 5713 
8832 4835 5505 5948 
8833 5491 4706 5860 
8834 3727 3738 6004 
8835 4301 4103 5825 
8836 4200 4496 5838 
8837 4184 4095 5829 
8838 4557 4233 6067 
8839 5718 3986 5995 
8840 5695 4030 6323 
8841 5296 3478 5297 
8842 972 973 5901 
8843 4752 4762 6022 
8844 5381 5002 6273 
8845 4353 4489 6166 
8846 5647 4454 5957 
8847 3878 5998 6343 
8848 5846 4928 6112 
8849 3731 5755 5905 
8850 4356 5309 5912 
8851 5347 3528 6070 
8852 4817 5346 6283 
8853 4141 5935 5974 
8854 4792 3605 5868 
8855 5738 4370 5819 
8856 5603 3824 5834 
8857 5353 5940 6242 
8858 5373 5083 6342 
8859 5078 5987 6294 
8860 5311 4400 6189 
8861 4531 4530 6052 
8862 1293 3485 6092 
8863 3956 5572 5951 
8864 244 5337 5601 
8865 5396 5616 6017 
8866 4612 4339 6206 
8867 3910 5659 5909 
8868 5278 5121 5828 
8869 5833 5156 6236 
8870 5615 3505 6167 
8871 5892 4760 5900 
8872 4592 4360 5840 
8873 3958 5054 6315 
8874 4560 5329 6007 
8875 4495 4493 5954 
8876 3725 3727 6004 
8877 4634 4591 6009 
8878 4521 4172 6104 
8879 5288 5289 5290 
8880 5035 1320 6157 
8881 3584 5137 6162 
8882 5338 5980 6027 
8883 5383 3887 6245 
8884 5064 5912 6217 
8885 3431 5506 5919 
8886 4970 4972 6142 
8887 4133 5399 6014 
8888 5657 4979 6303 
8889 5781 4685 6021 
8890 3561 3562 3563 
8891 4463 4921 6246 
8892 3559 3560 3561 
8893 3480 5278 5828 
8894 5020 4594 6232 
8895 5284 5286 5292 
8896 4170 4464 6104 
8897 4558 5709 5856 
8898 4744 4821 5939 
8899 4680 4984 6124 
8900 5677 5494 6100 
8901 5943 5108 6013 
8902 5177 5175 6033 
8903 6150 4763 6262 
8904 5076 5075 6327 
8905 5242 6004 6143 
8906 4796 5425 5931 
8907 5440 3533 6264 
8908 6064 5061 6228 
8909 4014 4358 5847 
8910 4534 5382 6307 
8911 24 3587 6116 
8912 5981 4974 6105 
8913 5677 4612 6156 
8914 4694 4696 5859 
8915 5650 3523 5670 
8916 3557 3558 3559 
8917 5931 4826 6267 
8918 5609 3554 6122 
8919 4650 5547 6257 
8920 6095 4841 6266 
8921 3641 3399 6174 
8922 5185 5184 5839 
8923 5331 5144 6149 
8924 5233 5634 6171 
8925 4402 4820 6309 
8926 5419 4133 6014 
8927 4058 5396 6017 
8928 5376 4610 6002 
8929 5604 4608 6235 
8930 4505 5640 5950 
8931 5732 5066 6088 
8932 4685 4825 6021 
8933 3878 5672 5998 
8934 1190 1189 6289 
8935 3497 5479 5908 
8936 3408 246 5434 
8937 5156 5908 6236 
8938 3754 3755 6060 
8939 5840 5771 6247 
8940 5579 5106 5979 
8941 5542 4735 5913 
8942 5651 5315 6217 
8943 394 3407 5610 
8944 5476 5892 5900 
8945 5354 4796 5931 
8946 4512 4511 6306 
8947 5936 4707 5986 
8948 5586 4941 6344 
8949 3525 971 5282 
8950 5741 3416 6191 
8951 3686 5944 6263 
8952 6197 4507 6340 
8953 5385 5464 6042 
8954 3483 398 5577 
8955 3528 6027 6070 
8956 5283 5282 5902 
8957 5788 3590 5970 
8958 5566 5514 5918 
8959 4848 5280 6312 
8960 4149 4834 6108 
8961 5202 6144 6180 
8962 4589 5522 5959 
8963 5638 3675 6126 
8964 4569 5541 5913 
8965 3472 5544 5914 
8966 5633 5596 5634 
8967 3413 1291 6221 
8968 5865 5503 5911 
8969 3600 3599 5966 
8970 4404 4584 6199 
8971 5920 4670 6078 
8972 3566 3563 5944 
8973 3670 3660 6253 
8974 4251 5275 5994 
8975 5297 5613 5837 
8976 6032 4964 6163 
8977 4543 5682 6175 
8978 5444 5766 6018 
8979 403 404 3500 
8980 5986 4795 6089 
8981 3939 5656 6297 
8982 4263 5683 6030 
8983 4137 5732 6088 
8984 5422 4817 6283 
8985 5691 4558 5856 
8986 5348 5018 6345 
8987 5395 3794 6230 
8988 3671 3689 5872 
8989 3555 3556 3557 
8990 5935 4785 5974 
8991 5429 4809 6053 
8992 4801 5630 5983 
8993 1189 5989 6289 
8994 3412 5968 5997 
8995 4172 4170 6104 
8996 4229 5373 6342 
8997 3454 5566 5923 
8998 5259 5559 6109 
8999 4706 5553 5921 
9000 258 259 5928 
9001 5733 4184 5897 
9002 5459 5444 6018 
9003 1031 6118 6169 
9004 171 3551 6101 
9005 3911 5821 6258 
9006 4858 5925 6234 
9007 5610 3407 5841 
9008 3592 3594 5878 
9009 5541 5542 5913 
9010 4714 4427 6025 
9011 5607 3402 5608 
9012 3633 6105 6356 
9013 4786 5453 6321 
9014 5447 5448 6086 
9015 5275 4356 6198 
9016 5542 3472 5914 
9017 5546 4569 5913 
9018 5514 5571 5918 
9019 4762 5643 6096 
9020 5739 4694 5859 
9021 5500 4844 6249 
9022 4658 5253 6320 
9023 5476 3423 6035 
9024 5548 4342 5976 
9025 5790 5459 6018 
9026 5875 4696 5962 
9027 4766 6164 6277 
9028 4655 4684 6114 
9029 5068 3586 6361 
9030 4738 5936 5937 
9031 397 3483 5620 
9032 5298 3478 5863 
9033 4727 5661 6047 
9034 4523 4230 6185 
9035 5855 5060 6236 
9036 4457 5028 6250 
9037 5489 5268 6121 
9038 3490 5457 6184 
9039 5655 4679 6093 
9040 5812 3454 5923 
9041 4578 5865 6295 
9042 5416 3488 6061 
9043 3944 5950 6182 
9044 4740 5123 6231 
9045 238 239 3541 
9046 3747 5745 6216 
9047 5479 5855 5908 
9048 3777 5570 6011 
9049 3424 5477 5967 
9050 4993 5644 6287 
9051 3522 243 5601 
9052 5494 4613 6100 
9053 5252 5719 6150 
9054 3579 3581 6112 
9055 5500 3428 6098 
9056 4703 4738 6270 
9057 5742 4351 5987 
9058 5471 3422 6034 
9059 4846 5658 6128 
9060 4895 5887 6166 
9061 5681 4766 6277 
9062 5399 4137 6088 
9063 3563 3565 5944 
9064 4349 5594 6050 
9065 5504 4449 6043 
9066 5555 5496 6046 
9067 6072 4355 6226 
9068 3588 192 6224 
9069 5072 5608 6152 
9070 262 3530 5724 
9071 4917 4916 6170 
9072 5835 5548 5976 
9073 5574 5575 6167 
9074 5456 3498 6056 
9075 5824 5555 6046 
9076 4635 6106 6358 
9077 3794 3795 6228 
9078 3799 5350 6064 
9079 5711 5710 6135 
9080 3423 5473 6035 
9081 5612 5222 5822 
9082 4941 5586 6159 
9083 3430 5503 6193 
9084 5668 4058 6017 
9085 4004 5576 6032 
9086 4951 4959 6161 
9087 5455 5321 6360 
9088 4000 4001 6163 
9089 4570 4240 6292 
9090 5704 4912 6177 
9091 3581 5846 6112 
9092 5903 5086 6107 
9093 5874 5030 6340 
9094 5499 5500 6249 
9095 6133 3687 6263 
9096 5817 3504 6065 
9097 4696 5427 5962 
9098 4181 4507 6197 
9099 3553 3554 3555 
9100 5688 5029 5977 
9101 3745 3747 6216 
9102 5284 5292 5972 
9103 3550 5402 5932 
9104 5783 3910 6350 
9105 4583 5311 6188 
9106 6149 4763 6150 
9107 4967 5103 6196 
9108 5525 5718 5995 
9109 5627 4620 6059 
9110 5427 4074 5962 
9111 4840 5865 5911 
9112 4871 5490 6068 
9113 5280 4760 6312 
9114 3447 5365 6211 
9115 6165 4837 6278 
9116 5910 5342 5989 
9117 5462 5447 6086 
9118 5666 5562 6218 
9119 5533 5534 6333 
9120 4800 6120 6258 
9121 5457 4938 6184 
9122 5290 5289 6275 
9123 5890 4963 6347 
9124 4795 5354 6089 
9125 4638 5880 6130 
9126 5264 3632 5877 
9127 4410 5693 6058 
9128 5896 5647 5957 
9129 4527 5666 6271 
9130 4932 5746 6325 
9131 5746 5520 6325 
9132 5477 4786 5967 
9133 6055 3683 6168 
9134 5486 4871 6081 
9135 4821 4173 6124 
9136 4065 5348 6345 
9137 5745 5631 6216 
9138 5621 4858 6234 
9139 4765 4543 6175 
9140 4613 5497 6100 
9141 6212 5240 6285 
9142 3677 3646 6126 
9143 5018 5684 6134 
9144 5710 4017 6135 
9145 4237 5636 6037 
9146 5912 5064 6198 
9147 4356 5912 6198 
9148 3449 5552 6038 
9149 4678 4677 6090 
9150 5743 5557 6304 
9151 5656 5622 6297 
9152 5718 5525 6063 
9153 400 3401 5632 
9154 5728 4718 6349 
9155 4017 5722 6135 
9156 4571 5858 5982 
9157 5399 6088 6148 
9158 242 3522 5637 
9159 3545 3409 3552 
9160 4230 4255 6185 
9161 3428 5487 6098 
9162 5749 4000 5999 
9163 4751 5682 6353 
9164 5845 4636 6129 
9165 5707 5336 6334 
9166 4749 6062 6131 
9167 5969 4647 6299 
9168 3548 5779 6028 
9169 3527 5356 6308 
9170 3509 6114 6335 
9171 5336 5481 6334 
9172 4713 5690 5997 
9173 3522 5601 5602 
9174 5118 5680 6336 
9175 3507 5257 6225 
9176 4712 5381 6273 
9177 5367 4935 6113 
9178 4627 5666 6218 
9179 5689 5783 6350 
9180 4818 5974 6067 
9181 3488 5424 6155 
9182 5496 5882 6046 
9183 5661 4595 6047 
9184 6037 4825 6194 
9185 3783 3786 6212 
9186 5037 5035 6157 
9187 257 258 3409 
9188 5860 4706 5921 
9189 4512 5789 6279 
9190 4520 5549 6123 
9191 5808 4627 6218 
9192 5799 4514 6220 
9193 4592 5840 6247 
9194 5616 4577 6017 
9195 3401 401 5595 
9196 5529 5266 6290 
9197 5889 3435 6333 
9198 5543 5799 6338 
9199 4953 5992 6153 
9200 5737 4700 6041 
9201 3640 5822 5984 
9202 5509 5808 6218 
9203 6251 4831 6268 
9204 3689 6019 6020 
9205 5019 5777 6024 
9206 4927 5961 6026 
9207 4117 5681 5782 
9208 4351 5734 6294 
9209 5833 4805 6250 
9210 5487 4846 6128 
9211 4771 5918 5971 
9212 5760 3480 5828 
9213 3653 5756 6115 
9214 4725 5551 6144 
9215 3470 5532 6106 
9216 6027 5024 6070 
9217 5853 5334 6001 
9218 5766 3490 6184 
9219 5470 3536 6137 
9220 5584 5845 6129 
9221 5965 5898 6290 
9222 5906 4635 6358 
9223 4679 5907 6093 
9224 3503 6095 6266 
9225 5133 5721 6239 
9226 5645 3579 6112 
9227 5745 3754 6075 
9228 5282 5901 5902 
9229 4771 5971 6210 
9230 6001 5334 6214 
9231 5779 3589 6028 
9232 5885 4754 6111 
9233 5505 3429 6138 
9234 5566 5918 5923 
9235 5359 3828 6200 
9236 4979 4978 6303 
9237 4496 5691 6074 
9238 4750 5655 6093 
9239 4750 6093 6182 
9240 6147 3629 6341 
9241 5774 4681 6095 
9242 4237 6037 6194 
9243 4749 5807 6062 
9244 5918 4771 5923 
9245 5971 4490 6210 
9246 5735 4061 5925 
9247 5751 5252 6262 
9248 5572 3777 6178 
9249 3754 6060 6075 
9250 5981 5264 6330 
9251 3494 5470 6181 
9252 5669 4410 6240 
9253 4496 6074 6332 
9254 5678 3552 5928 
9255 3525 5282 5283 
9256 5625 4592 6247 
9257 5684 4649 6134 
9258 5948 5505 6138 
9259 3630 6275 6313 
9260 4511 4534 6306 
9261 4677 5775 6090 
9262 4595 5852 6047 
9263 4718 5685 6349 
9264 5478 5906 6358 
9265 5193 5896 5957 
9266 3545 3552 3553 
9267 3404 241 5637 
9268 5451 5929 6355 
9269 5999 4000 6163 
9270 5640 4750 6182 
9271 5898 4260 6290 
9272 3566 5944 6019 
9273 6061 3488 6155 
9274 5940 5467 6242 
9275 4782 5955 6158 
9276 5551 3450 6180 
9277 6081 6082 6209 
9278 5951 5572 6178 
9279 4826 5255 6267 
9280 973 11 3460 
9281 3416 5446 6191 
9282 3803 5585 6256 
9283 6003 4447 6357 
9284 6074 5012 6332 
9285 6004 3738 6143 
9286 5595 402 5857 
9287 4790 6201 6337 
9288 5562 5509 6218 
9289 5716 3631 6048 
9290 3451 5560 6204 
9291 4879 5789 6066 
9292 5768 4401 6084 
9293 3486 261 5724 
9294 5516 3430 6193 
9295 4366 5803 6136 
9296 4820 5888 6309 
9297 3786 6010 6286 
9298 5744 5580 6194 
9299 5936 4060 5937 
9300 4941 5897 6344 
9301 5553 3440 6223 
9302 3463 5486 6209 
9303 4871 6068 6081 
9304 4673 5898 5965 
9305 4894 5917 6156 
9306 5289 5293 6274 
9307 5870 5367 6113 
9308 6011 4827 6178 
9309 4894 6156 6206 
9310 5918 5571 5971 
9311 5682 4658 6320 
9312 4653 5711 6135 
9313 5266 5965 6290 
9314 4664 5681 6277 
9315 6118 5370 6169 
9316 4340 5499 6249 
9317 5917 5139 6156 
9318 3524 5591 6168 
9319 3402 5377 6039 
9320 5909 4756 6350 
9321 3433 5523 6219 
9322 4184 5829 6344 
9323 5321 5787 6360 
9324 3777 6011 6178 
9325 4514 5539 6220 
9326 5467 3535 6242 
9327 4060 5936 5986 
9328 5921 5553 6223 
9329 5989 5342 6289 
9330 5787 4450 6360 
9331 4647 5599 6299 
9332 4060 5986 6089 
9333 3549 1317 5344 
9334 4410 6058 6240 
9335 5442 3417 6293 
9336 5950 5640 6182 
9337 6098 5487 6128 
9338 3550 1323 5402 
9339 3589 6012 6028 
9340 6034 3422 6214 
9341 5271 5731 6202 
9342 4504 5651 6217 
9343 5701 5114 6265 
9344 4355 5896 6226 
9345 5527 4606 6269 
9346 4744 5939 6127 
9347 5896 5195 6226 
9348 5848 3404 5849 
9349 5465 3420 6302 
9350 5580 4237 6194 
9351 405 12 3544 
9352 4423 5588 6326 
9353 4915 5889 6073 
9354 5888 4914 6309 
9355 4691 5743 6304 
9356 6076 3687 6133 
9357 5680 4891 6336 
9358 5486 6081 6209 
9359 3401 5595 5596 
9360 5602 5293 6276 
9361 5453 3496 6321 
9362 5557 5508 6304 
9363 5470 6137 6181 
9364 4489 6049 6166 
9365 5691 5856 6074 
9366 6035 5473 6355 
9367 5520 3467 6325 
9368 5624 3635 6105 
9369 5595 5857 5970 
9370 5565 4527 6271 
9371 4939 5766 6184 
9372 1324 3550 5387 
9373 6156 4612 6206 
9374 4877 6066 6288 
9375 3435 5533 6333 
9376 5481 4239 6334 
9377 4628 5790 6018 
9378 5685 3796 6349 
9379 4606 5528 6316 
9380 6144 5551 6180 
9381 3436 5543 6338 
9382 4260 5529 6290 
9383 5473 5451 6355 
9384 6014 5399 6148 
9385 3935 5927 6229 
9386 3562 5985 6284 
9387 5337 3408 6203 
9388 5532 5478 6358 
9389 240 3404 5848 
9390 5018 6134 6345 
9391 5598 5996 6151 
9392 4839 5917 6278 
9393 4841 5832 6266 
9394 4974 5624 6105 
9395 4891 6324 6336 
9396 4048 6251 6268 
9397 5717 4460 6252 
9398 5287 5294 6352 
9399 6081 5181 6082 
9400 4909 6076 6133 
9401 5613 3636 6186 
9402 5866 4703 6270 
9403 260 3486 5678 
9404 3821 5806 6192 
9405 5240 6212 6286 
9406 6106 5532 6358 
9407 6078 4945 6179 
9408 5952 170 6101 
9409 3542 6149 6150 
9410 3544 3545 5788 
9411 6203 5291 6328 
9412 5706 3782 6285 
9413 5293 5602 6274 
9414 5176 5874 6340 
9415 6082 5281 6209 
9416 4756 5689 6350 
9417 5987 4351 6294 
9418 5925 4061 6234 
9419 3910 5909 6350 
9420 5799 4903 6338 
9421 5954 5095 6319 
9422 3565 6133 6263 
9423 5534 6073 6333 
9424 3770 5682 6320 
9425 5882 4651 6046 
9426 5260 5751 6262 
9427 4738 5937 6272 
9428 5716 4975 6330 
9429 5730 4512 6279 
9430 6269 4606 6316 
9431 5897 4184 6344 
9432 6190 4570 6292 
9433 3587 5988 6116 
9434 5608 3402 6039 
9435 3549 5344 5345 
9436 5637 3522 6276 
9437 5996 3684 6151 
9438 6092 3485 6237 
9439 5939 4923 6127 
9440 3628 5716 6330 
9441 4964 5999 6163 
9442 3522 5602 6276 
9443 5956 4664 6277 
9444 5838 4496 6332 
9445 3794 6228 6230 
9446 5252 6150 6262 
9447 5682 3770 6353 
9448 5975 4985 6291 
9449 5441 5620 6317 
9450 6068 5181 6081 
9451 4793 5921 6223 
9452 4464 5761 6244 
9453 6058 4969 6240 
9454 6134 5043 6345 
9455 6076 4896 6282 
9456 6114 4684 6335 
9457 5596 5595 5970 
9458 6052 5118 6336 
9459 259 5678 5928 
9460 6212 3786 6286 
9461 4729 6053 6195 
9462 5443 6063 6183 
9463 6274 5291 6275 
9464 5678 3486 6122 
9465 6059 4620 6348 
9466 5136 6098 6128 
9467 6073 5889 6333 
9468 5295 6034 6214 
9469 5294 5849 6352 
9470 5944 3565 6263 
9471 403 3500 5857 
9472 6012 147 6028 
9473 5202 6097 6144 
9474 3552 5678 6122 
9475 4972 6014 6148 
9476 6137 5335 6181 
9477 4676 6035 6355 
9478 6066 3892 6288 
9479 4147 6165 6278 
9480 4818 6067 6222 
9481 3447 6211 6301 
9482 5985 3638 6284 
9483 6306 4534 6307 
9484 5998 4910 6343 
9485 5798 3567 6171 
9486 3541 239 5848 
9487 5337 6203 6328 
9488 6211 4997 6301 
9489 6050 4907 6329 
9490 5102 6154 6314 
9491 6228 5061 6230 
9492 5601 5337 6328 
9493 5096 6059 6348 
9494 5143 6269 6316 
9495 5055 6190 6292 
9496 5602 5601 6328 
9497 973 3460 5901 
9498 3409 258 5928 
9499 5247 6306 6307 
9500 3604 6147 6341 
9501 5289 6274 6275 
9502 404 405 3544 
9503 12 257 3544 
9504 19 960 5344 
9505 1319 19 5344 
9506 281 21 5387 
9507 1320 24 3511 
9508 25 980 5250 
9509 1002 25 5250 
9510 237 238 6207 
9511 5344 960 5345 
9512 1318 1319 5344 
9513 3530 5607 5608 
9514 5387 3550 5932 
9515 3586 5068 5185 
2 4 3 301
9516 19 234 6362 1319 
9517 234 233 6363 6362 
9518 233 232 6364 6363 
9519 232 231 6365 6364 
9520 231 230 6366 6365 
9521 230 229 6367 6366 
9522 229 228 6368 6367 
9523 228 227 6369 6368 
9524 227 226 6370 6369 
9525 226 225 6371 6370 
9526 225 224 6372 6371 
9527 224 223 6373 6372 
9528 223 222 6374 6373 
9529 222 221 6375 6374 
9530 221 220 6376 6375 
9531 220 219 6377 6376 
9532 219 218 6378 6377 
9533 218 217 6379 6378 
9534 217 216 6380 6379 
9535 216 215 6381 6380 
9536 215 214 6382 6381 
9537 214 213 6383 6382 
9538 213 212 6384 6383 
9539 212 211 6385 6384 
9540 211 210 6386 6385 
9541 210 209 6387 6386 
9542 209 208 6388 6387 
9543 208 207 6389 6388 
9544 207 206 6390 6389 
9545 206 205 6391 6390 
9546 205 204 6392 6391 
9547 204 203 6393 6392 
9548 203 202 6394 6393 
9549 202 201 6395 6394 
9550 201 200 6396 6395 
9551 200 199 6397 6396 
9552 199 198 6398 6397 
9553 198 197 6399 6398 
9554 197 196 6400 6399 
9555 196 195 6401 6400 
9556 195 194 6402 6401 
9557 194 193 6403 6402 
9558 193 10 979 6403 
9559 1319 6362 6404 1318 
9560 6362 6363 6405 6404 
9561 6363 6364 6406 6405 
9562 6364 6365 6407 6406 
9563 6365 6366 6408 6407 
9564 6366 6367 6409 6408 
9565 6367 6368 6410 6409 
9566 6368 6369 6411 6410 
9567 6369 6370 6412 6411 
9568 6370 6371 6413 6412 
9569 6371 6372 6414 6413 
9570 6372 6373 6415 6414 
9571 6373 6374 6416 6415 
9572 6374 6375 6417 6416 
9573 6375 6376 6418 6417 
9574 6376 6377 6419 6418 
9575 6377 6378 6420 6419 
9576 6378 6379 6421 6420 
9577 6379 6380 6422 6421 
9578 6380 6381 6423 6422 
9579 6381 6382 6424 6423 
9580 6382 6383 6425 6424 
9581 6383 6384 6426 6425 
9582 6384 6385 6427 6426 
9583 6385 6386 6428 6427 
9584 6386 6387 6429 6428 
9585 6387 6388 6430 6429 
9586 6388 6389 6431 6430 
9587 6389 6390 6432 6431 
9588 6390 6391 6433 6432 
9589 6391 6392 6434 6433 
9590 6392 6393 6435 6434 
9591 6393 6394 6436 6435 
9592 6394 6395 6437 6436 
9593 6395 6396 6438 6437 
9594 6396 6397 6439 6438 
9595 6397 6398 6440 6439 
9596 6398 6399 6441 6440 
9597 6399 6400 6442 6441 
9598 6400 6401 6443 6442 
9599 6401 6402 6444 6443 
9600 6402 6403 6445 6444 
9601 6403 979 978 6445 
9602 1318 6404 6446 1317 
9603 6404 6405 6447 6446 
9604 6405 6406 6448 6447 
9605 6406 6407 6449 6448 
9606 6407 6408 6450 6449 
9607 6408 6409 6451 6450 
9608 6409 6410 6452 6451 
9609 6410 6411 6453 6452 
9610 6411 6412 6454 6453 
9611 6412 6413 6455 6454 
9612 6413 6414 6456 6455 
9613 6414 6415 6457 6456 
9614 6415 6416 6458 6457 
9615 6416 6417 6459 6458 
9616 6417 6418 6460 6459 
9617 6418 6419 6461 6460 
9618 6419 6420 6462 6461 
9619 6420 6421 6463 6462 
9620 6421 6422 6464 6463 
9621 6422 6423 6465 6464 
9622 6423 6424 6466 6465 
9623 6424 6425 6467 6466 
9624 6425 6426 6468 6467 
9625 6426 6427 6469 6468 
9626 6427 6428 6470 6469 
9627 6428 6429 6471 6470 
9628 6429 6430 6472 6471 
9629 6430 6431 6473 6472 
9630 6431 6432 6474 6473 
9631 6432 6433 6475 6474 
9632 6433 6434 6476 6475 
9633 6434 6435 6477 6476 
9634 6435 6436 6478 6477 
9635 6436 6437 6479 6478 
9636 6437 6438 6480 6479 
9637 6438 6439 6481 6480 
9638 6439 6440 6482 6481 
9639 6440 6441 6483 6482 
9640 6441 6442 6484 6483 
9641 6442 6443 6485 6484 
9642 6443 6444 6486 6485 
9643 6444 6445 6487 6486 
9644 6445 978 977 6487 
9645 1317 6446 6488 1316 
9646 6446 6447 6489 6488 
9647 6447 6448 6490 6489 
9648 6448 6449 6491 6490 
9649 6449 6450 6492 6491 
9650 6450 6451 6493 6492 
9651 6451 6452 6494 6493 
9652 6452 6453 6495 6494 
9653 6453 6454 6496 6495 
9654 6454 6455 6497 6496 
9655 6455 6456 6498 6497 
9656 6456 6457 6499 6498 
9657 6457 6458 6500 6499 
9658 6458 6459 6501 6500 
9659 6459 6460 6502 6501 
9660 6460 6461 6503 6502 
9661 6461 6462 6504 6503 
9662 6462 6463 6505 6504 
9663 6463 6464 6506 6505 
9664 6464 6465 6507 6506 
9665 6465 6466 6508 6507 
9666 6466 6467 6509 6508 
9667 6467 6468 6510 6509 
9668 6468 6469 6511 6510 
9669 6469 6470 6512 6511 
9670 6470 6471 6513 6512 
9671 6471 6472 6514 6513 
9672 6472 6473 6515 6514 
9673 6473 6474 6516 6515 
9674 6474 6475 6517 6516 
9675 6475 6476 6518 6517 
9676 6476 6477 6519 6518 
9677 6477 6478 6520 6519 
9678 6478 6479 6521 6520 
9679 6479 6480 6522 6521 
9680 6480 6481 6523 6522 
9681 6481 6482 6524 6523 
9682 6482 6483 6525 6524 
9683 6483 6484 6526 6525 
9684 6484 6485 6527 6526 
9685 6485 6486 6528 6527 
9686 6486 6487 6529 6528 
9687 6487 977 976 6529 
9688 1316 6488 6530 1315 
9689 6488 6489 6531 6530 
9690 6489 6490 6532 6531 
9691 6490 6491 6533 6532 
9692 6491 6492 6534 6533 
9693 6492 6493 6535 6534 
9694 6493 6494 6536 6535 
9695 6494 6495 6537 6536 
9696 6495 6496 6538 6537 
9697 6496 6497 6539 6538 
9698 6497 6498 6540 6539 
9699 6498 6499 6541 6540 
9700 6499 6500 6542 6541 
9701 6500 6501 6543 6542 
9702 6501 6502 6544 6543 
9703 6502 6503 6545 6544 
9704 6503 6504 6546 6545 
9705 6504 6505 6547 6546 
9706 6505 6506 6548 6547 
9707 6506 6507 6549 6548 
9708 6507 6508 6550 6549 
9709 6508 6509 6551 6550 
9710 6509 6510 6552 6551 
9711 6510 6511 6553 6552 
9712 6511 6512 6554 6553 
9713 6512 6513 6555 6554 
9714 6513 6514 6556 6555 
9715 6514 6515 6557 6556 
9716 6515 6516 6558 6557 
9717 6516 6517 6559 6558 
9718 6517 6518 6560 6559 
9719 6518 6519 6561 6560 
9720 6519 6520 6562 6561 
9721 6520 6521 6563 6562 
9722 6521 6522 6564 6563 
9723 6522 6523 6565 6564 
9724 6523 6524 6566 6565 
9725 6524 6525 6567 6566 
9726 6525 6526 6568 6567 
9727 6526 6527 6569 6568 
9728 6527 6528 6570 6569 
9729 6528 6529 6571 6570 
9730 6529 976 975 6571 
9731 1315 6530 6572 1314 
9732 6530 6531 6573 6572 
9733 6531 6532 6574 6573 
9734 6532 6533 6575 6574 
9735 6533 6534 6576 6575 
9736 6534 6535 6577 6576 
9737 6535 6536 6578 6577 
9738 6536 6537 6579 6578 
9739 6537 6538 6580 6579 
9740 6538 6539 6581 6580 
9741 6539 6540 6582 6581 
9742 6540 6541 6583 6582 
9743 6541 6542 6584 6583 
9744 6542 6543 6585 6584 
9745 6543 6544 6586 6585 
9746 6544 6545 6587 6586 
9747 6545 6546 6588 6587 
9748 6546 6547 6589 6588 
9749 6547 6548 6590 6589 
9750 6548 6549 6591 6590 
9751 6549 6550 6592 6591 
9752 6550 6551 6593 6592 
9753 6551 6552 6594 6593 
9754 6552 6553 6595 6594 
9755 6553 6554 6596 6595 
9756 6554 6555 6597 6596 
9757 6555 6556 6598 6597 
9758 6556 6557 6599 6598 
9759 6557 6558 6600 6599 
9760 6558 6559 6601 6600 
9761 6559 6560 6602 6601 
9762 6560 6561 6603 6602 
9763 6561 6562 6604 6603 
9764 6562 6563 6605 6604 
9765 6563 6564 6606 6605 
9766 6564 6565 6607 6606 
9767 6565 6566 6608 6607 
9768 6566 6567 6609 6608 
9769 6567 6568 6610 6609 
9770 6568 6569 6611 6610 
9771 6569 6570 6612 6611 
9772 6570 6571 6613 6612 
9773 6571 975 974 6613 
9774 1314 6572 1313 23 
9775 6572 6573 1312 1313 
9776 6573 6574 1311 1312 
9777 6574 6575 1310 1311 
9778 6575 6576 1309 1310 
9779 6576 6577 1308 1309 
9780 6577 6578 1307 1308 
9781 6578 6579 1306 1307 
9782 6579 6580 1305 1306 
9783 6580 6581 1304 1305 
9784 6581 6582 1303 1304 
9785 6582 6583 1302 1303 
9786 6583 6584 1301 1302 
9787 6584 6585 1300 1301 
9788 6585 6586 1299 1300 
9789 6586 6587 1298 1299 
9790 6587 6588 1297 1298 
9791 6588 6589 1296 1297 
9792 6589 6590 1295 1296 
9793 6590 6591 1294 1295 
9794 6591 6592 1293 1294 
9795 6592 6593 1292 1293 
9796 6593 6594 1291 1292 
9797 6594 6595 1290 1291 
9798 6595 6596 1289 1290 
9799 6596 6597 1288 1289 
9800 6597 6598 1287 1288 
9801 6598 6599 1286 1287 
9802 6599 6600 1285 1286 
9803 6600 6601 1284 1285 
9804 6601 6602 1283 1284 
9805 6602 6603 1282 1283 
9806 6603 6604 1281 1282 
9807 6604 6605 1280 1281 
9808 6605 6606 1279 1280 
9809 6606 6607 1278 1279 
9810 6607 6608 1277 1278 
9811 6608 6609 1276 1277 
9812 6609 6610 1275 1276 
9813 6610 6611 1274 1275 
9814 6611 6612 1273 1274 
9815 6612 6613 1272 1273 
9816 6613 974 22 1272 
2 5 3 1897
9817 7 959 6614 141 
9818 959 958 6615 6614 
9819 958 957 6616 6615 
9820 957 956 6617 6616 
9821 956 955 6618 6617 
9822 955 954 6619 6618 
9823 954 953 6620 6619 
9824 953 952 6621 6620 
9825 952 951 6622 6621 
9826 951 950 6623 6622 
9827 950 949 6624 6623 
9828 949 948 6625 6624 
9829 948 947 6626 6625 
9830 947 946 6627 6626 
9831 946 945 6628 6627 
9832 945 944 6629 6628 
9833 944 943 6630 6629 
9834 943 942 6631 6630 
9835 942 941 6632 6631 
9836 941 940 6633 6632 
9837 940 939 6634 6633 
9838 939 938 6635 6634 
9839 938 937 6636 6635 
9840 937 936 6637 6636 
9841 936 935 6638 6637 
9842 935 934 6639 6638 
9843 934 933 6640 6639 
9844 933 932 6641 6640 
9845 932 931 6642 6641 
9846 931 930 6643 6642 
9847 930 929 6644 6643 
9848 929 928 6645 6644 
9849 928 927 6646 6645 
9850 927 926 6647 6646 
9851 926 925 6648 6647 
9852 925 924 6649 6648 
9853 924 923 6650 6649 
9854 923 922 6651 6650 
9855 922 921 6652 6651 
9856 921 920 6653 6652 
9857 920 919 6654 6653 
9858 919 918 6655 6654 
9859 918 917 6656 6655 
9860 917 916 6657 6656 
9861 916 915 6658 6657 
9862 915 914 6659 6658 
9863 914 913 6660 6659 
9864 913 912 6661 6660 
9865 912 911 6662 6661 
9866 911 910 6663 6662 
9867 910 909 6664 6663 
9868 909 908 6665 6664 
9869 908 907 6666 6665 
9870 907 906 6667 6666 
9871 906 905 6668 6667 
9872 905 904 6669 6668 
9873 904 903 6670 6669 
9874 903 902 6671 6670 
9875 902 901 6672 6671 
9876 901 900 6673 6672 
9877 900 899 6674 6673 
9878 899 898 6675 6674 
9879 898 897 6676 6675 
9880 897 896 6677 6676 
9881 896 895 6678 6677 
9882 895 894 6679 6678 
9883 894 893 6680 6679 
9884 893 892 6681 6680 
9885 892 891 6682 6681 
9886 891 890 6683 6682 
9887 890 889 6684 6683 
9888 889 888 6685 6684 
9889 888 887 6686 6685 
9890 887 886 6687 6686 
9891 886 885 6688 6687 
9892 885 884 6689 6688 
9893 884 883 6690 6689 
9894 883 882 6691 6690 
9895 882 881 6692 6691 
9896 881 880 6693 6692 
9897 880 879 6694 6693 
9898 879 878 6695 6694 
9899 878 877 6696 6695 
9900 877 876 6697 6696 
9901 876 875 6698 6697 
9902 875 874 6699 6698 
9903 874 873 6700 6699 
9904 873 872 6701 6700 
9905 872 871 6702 6701 
9906 871 870 6703 6702 
9907 870 869 6704 6703 
9908 869 868 6705 6704 
9909 868 867 6706 6705 
9910 867 866 6707 6706 
9911 866 865 6708 6707 
9912 865 864 6709 6708 
9913 864 863 6710 6709 
9914 863 862 6711 6710 
9915 862 861 6712 6711 
9916 861 860 6713 6712 
9917 860 859 6714 6713 
9918 859 858 6715 6714 
9919 858 857 6716 6715 
9920 857 856 6717 6716 
9921 856 855 6718 6717 
9922 855 854 6719 6718 
9923 854 853 6720 6719 
9924 853 852 6721 6720 
9925 852 851 6722 6721 
9926 851 850 6723 6722 
9927 850 849 6724 6723 
9928 849 848 6725 6724 
9929 848 847 6726 6725 
9930 847 846 6727 6726 
9931 846 845 6728 6727 
9932 845 844 6729 6728 
9933 844 843 6730 6729 
9934 843 842 6731 6730 
9935 842 841 6732 6731 
9936 841 840 6733 6732 
9937 840 839 6734 6733 
9938 839 838 6735 6734 
9939 838 837 6736 6735 
9940 837 836 6737 6736 
9941 836 835 6738 6737 
9942 835 834 6739 6738 
9943 834 833 6740 6739 
9944 833 832 6741 6740 
9945 832 831 6742 6741 
9946 831 830 6743 6742 
9947 830 829 6744 6743 
9948 829 828 6745 6744 
9949 828 827 6746 6745 
9950 827 826 6747 6746 
9951 826 825 6748 6747 
9952 825 824 6749 6748 
9953 824 823 6750 6749 
9954 823 822 6751 6750 
9955 822 821 6752 6751 
9956 821 820 6753 6752 
9957 820 819 6754 6753 
9958 819 818 6755 6754 
9959 818 817 6756 6755 
9960 817 816 6757 6756 
9961 816 815 6758 6757 
9962 815 814 6759 6758 
9963 814 813 6760 6759 
9964 813 812 6761 6760 
9965 812 811 6762 6761 
9966 811 810 6763 6762 
9967 810 809 6764 6763 
9968 809 808 6765 6764 
9969 808 807 6766 6765 
9970 807 806 6767 6766 
9971 806 805 6768 6767 
9972 805 804 6769 6768 
9973 804 803 6770 6769 
9974 803 802 6771 6770 
9975 802 801 6772 6771 
9976 801 800 6773 6772 
9977 800 799 6774 6773 
9978 799 798 6775 6774 
9979 798 797 6776 6775 
9980 797 796 6777 6776 
9981 796 795 6778 6777 
9982 795 794 6779 6778 
9983 794 793 6780 6779 
9984 793 792 6781 6780 
9985 792 791 6782 6781 
9986 791 790 6783 6782 
9987 790 789 6784 6783 
9988 789 788 6785 6784 
9989 788 787 6786 6785 
9990 787 786 6787 6786 
9991 786 785 6788 6787 
9992 785 784 6789 6788 
9993 784 783 6790 6789 
9994 783 782 6791 6790 
9995 782 781 6792 6791 
9996 781 780 6793 6792 
9997 780 779 6794 6793 
9998 779 778 6795 6794 
9999 778 777 6796 6795 
10000 777 776 6797 6796 
10001 776 775 6798 6797 
10002 775 774 6799 6798 
10003 774 773 6800 6799 
10004 773 772 6801 6800 
10005 772 771 6802 6801 
10006 771 770 6803 6802 
10007 770 769 6804 6803 
10008 769 768 6805 6804 
10009 768 767 6806 6805 
10010 767 766 6807 6806 
10011 766 765 6808 6807 
10012 765 764 6809 6808 
10013 764 763 6810 6809 
10014 763 762 6811 6810 
10015 762 761 6812 6811 
10016 761 760 6813 6812 
10017 760 759 6814 6813 
10018 759 758 6815 6814 
10019 758 757 6816 6815 
10020 757 756 6817 6816 
10021 756 755 6818 6817 
10022 755 754 6819 6818 
10023 754 753 6820 6819 
10024 753 752 6821 6820 
10025 752 751 6822 6821 
10026 751 750 6823 6822 
10027 750 749 6824 6823 
10028 749 748 6825 6824 
10029 748 747 6826 6825 
10030 747 746 6827 6826 
10031 746 745 6828 6827 
10032 745 744 6829 6828 
10033 744 743 6830 6829 
10034 743 742 6831 6830 
10035 742 741 6832 6831 
10036 741 740 6833 6832 
10037 740 739 6834 6833 
10038 739 738 6835 6834 
10039 738 737 6836 6835 
10040 737 736 6837 6836 
10041 736 735 6838 6837 
10042 735 734 6839 6838 
10043 734 733 6840 6839 
10044 733 732 6841 6840 
10045 732 731 6842 6841 
10046 731 730 6843 6842 
10047 730 729 6844 6843 
10048 729 728 6845 6844 
10049 728 727 6846 6845 
10050 727 726 6847 6846 
10051 726 725 6848 6847 
10052 725 724 6849 6848 
10053 724 723 6850 6849 
10054 723 722 6851 6850 
10055 722 721 6852 6851 
10056 721 720 6853 6852 
10057 720 719 6854 6853 
10058 719 718 6855 6854 
10059 718 717 6856 6855 
10060 717 716 6857 6856 
10061 716 715 6858 6857 
10062 715 714 6859 6858 
10063 714 713 6860 6859 
10064 713 712 6861 6860 
10065 712 711 6862 6861 
10066 711 710 6863 6862 
10067 710 709 6864 6863 
10068 709 708 6865 6864 
10069 708 707 6866 6865 
10070 707 706 6867 6866 
10071 706 705 6868 6867 
10072 705 704 6869 6868 
10073 704 703 6870 6869 
10074 703 702 6871 6870 
10075 702 701 6872 6871 
10076 701 700 6873 6872 
10077 700 699 6874 6873 
10078 699 698 6875 6874 
10079 698 697 6876 6875 
10080 697 696 6877 6876 
10081 696 695 6878 6877 
10082 695 694 6879 6878 
10083 694 693 6880 6879 
10084 693 692 6881 6880 
10085 692 691 6882 6881 
10086 691 690 6883 6882 
10087 690 21 1325 6883 
10088 141 6614 6884 142 
10089 6614 6615 6885 6884 
10090 6615 6616 6886 6885 
10091 6616 6617 6887 6886 
10092 6617 6618 6888 6887 
10093 6618 6619 6889 6888 
10094 6619 6620 6890 6889 
10095 6620 6621 6891 6890 
10096 6621 6622 6892 6891 
10097 6622 6623 6893 6892 
10098 6623 6624 6894 6893 
10099 6624 6625 6895 6894 
10100 6625 6626 6896 6895 
10101 6626 6627 6897 6896 
10102 6627 6628 6898 6897 
10103 6628 6629 6899 6898 
10104 6629 6630 6900 6899 
10105 6630 6631 6901 6900 
10106 6631 6632 6902 6901 
10107 6632 6633 6903 6902 
10108 6633 6634 6904 6903 
10109 6634 6635 6905 6904 
10110 6635 6636 6906 6905 
10111 6636 6637 6907 6906 
10112 6637 6638 6908 6907 
10113 6638 6639 6909 6908 
10114 6639 6640 6910 6909 
10115 6640 6641 6911 6910 
10116 6641 6642 6912 6911 
10117 6642 6643 6913 6912 
10118 6643 6644 6914 6913 
10119 6644 6645 6915 6914 
10120 6645 6646 6916 6915 
10121 6646 6647 6917 6916 
10122 6647 6648 6918 6917 
10123 6648 6649 6919 6918 
10124 6649 6650 6920 6919 
10125 6650 6651 6921 6920 
10126 6651 6652 6922 6921 
10127 6652 6653 6923 6922 
10128 6653 6654 6924 6923 
10129 6654 6655 6925 6924 
10130 6655 6656 6926 6925 
10131 6656 6657 6927 6926 
10132 6657 6658 6928 6927 
10133 6658 6659 6929 6928 
10134 6659 6660 6930 6929 
10135 6660 6661 6931 6930 
10136 6661 6662 6932 6931 
10137 6662 6663 6933 6932 
10138 6663 6664 6934 6933 
10139 6664 6665 6935 6934 
10140 6665 6666 6936 6935 
10141 6666 6667 6937 6936 
10142 6667 6668 6938 6937 
10143 6668 6669 6939 6938 
10144 6669 6670 6940 6939 
10145 6670 6671 6941 6940 
10146 6671 6672 6942 6941 
10147 6672 6673 6943 6942 
10148 6673 6674 6944 6943 
10149 6674 6675 6945 6944 
10150 6675 6676 6946 6945 
10151 6676 6677 6947 6946 
10152 6677 6678 6948 6947 
10153 6678 6679 6949 6948 
10154 6679 6680 6950 6949 
10155 6680 6681 6951 6950 
10156 6681 6682 6952 6951 
10157 6682 6683 6953 6952 
10158 6683 6684 6954 6953 
10159 6684 6685 6955 6954 
10160 6685 6686 6956 6955 
10161 6686 6687 6957 6956 
10162 6687 6688 6958 6957 
10163 6688 6689 6959 6958 
10164 6689 6690 6960 6959 
10165 6690 6691 6961 6960 
10166 6691 6692 6962 6961 
10167 6692 6693 6963 6962 
10168 6693 6694 6964 6963 
10169 6694 6695 6965 6964 
10170 6695 6696 6966 6965 
10171 6696 6697 6967 6966 
10172 6697 6698 6968 6967 
10173 6698 6699 6969 6968 
10174 6699 6700 6970 6969 
10175 6700 6701 6971 6970 
10176 6701 6702 6972 6971 
10177 6702 6703 6973 6972 
10178 6703 6704 6974 6973 
10179 6704 6705 6975 6974 
10180 6705 6706 6976 6975 
10181 6706 6707 6977 6976 
10182 6707 6708 6978 6977 
10183 6708 6709 6979 6978 
10184 6709 6710 6980 6979 
10185 6710 6711 6981 6980 
10186 6711 6712 6982 6981 
10187 6712 6713 6983 6982 
10188 6713 6714 6984 6983 
10189 6714 6715 6985 6984 
10190 6715 6716 6986 6985 
10191 6716 6717 6987 6986 
10192 6717 6718 6988 6987 
10193 6718 6719 6989 6988 
10194 6719 6720 6990 6989 
10195 6720 6721 6991 6990 
10196 6721 6722 6992 6991 
10197 6722 6723 6993 6992 
10198 6723 6724 6994 6993 
10199 6724 6725 6995 6994 
10200 6725 6726 6996 6995 
10201 6726 6727 6997 6996 
10202 6727 6728 6998 6997 
10203 6728 6729 6999 6998 
10204 6729 6730 7000 6999 
10205 6730 6731 7001 7000 
10206 6731 6732 7002 7001 
10207 6732 6733 7003 7002 
10208 6733 6734 7004 7003 
10209 6734 6735 7005 7004 
10210 6735 6736 7006 7005 
10211 6736 6737 7007 7006 
10212 6737 6738 7008 7007 
10213 6738 6739 7009 7008 
10214 6739 6740 7010 7009 
10215 6740 6741 7011 7010 
10216 6741 6742 7012 7011 
10217 6742 6743 7013 7012 
10218 6743 6744 7014 7013 
10219 6744 6745 7015 7014 
10220 6745 6746 7016 7015 
10221 6746 6747 7017 7016 
10222 6747 6748 7018 7017 
10223 6748 6749 7019 7018 
10224 6749 6750 7020 7019 
10225 6750 6751 7021 7020 
10226 6751 6752 7022 7021 
10227 6752 6753 7023 7022 
10228 6753 6754 7024 7023 
10229 6754 6755 7025 7024 
10230 6755 6756 7026 7025 
10231 6756 6757 7027 7026 
10232 6757 6758 7028 7027 
10233 6758 6759 7029 7028 
10234 6759 6760 7030 7029 
10235 6760 6761 7031 7030 
10236 6761 6762 7032 7031 
10237 6762 6763 7033 7032 
10238 6763 6764 7034 7033 
10239 6764 6765 7035 7034 
10240 6765 6766 7036 7035 
10241 6766 6767 7037 7036 
10242 6767 6768 7038 7037 
10243 6768 6769 7039 7038 
10244 6769 6770 7040 7039 
10245 6770 6771 7041 7040 
10246 6771 6772 7042 7041 
10247 6772 6773 7043 7042 
10248 6773 6774 7044 7043 
10249 6774 6775 7045 7044 
10250 6775 6776 7046 7045 
10251 6776 6777 7047 7046 
10252 6777 6778 7048 7047 
10253 6778 6779 7049 7048 
10254 6779 6780 7050 7049 
10255 6780 6781 7051 7050 
10256 6781 6782 7052 7051 
10257 6782 6783 7053 7052 
10258 6783 6784 7054 7053 
10259 6784 6785 7055 7054 
10260 6785 6786 7056 7055 
10261 6786 6787 7057 7056 
10262 6787 6788 7058 7057 
10263 6788 6789 7059 7058 
10264 6789 6790 7060 7059 
10265 6790 6791 7061 7060 
10266 6791 6792 7062 7061 
10267 6792 6793 7063 7062 
10268 6793 6794 7064 7063 
10269 6794 6795 7065 7064 
10270 6795 6796 7066 7065 
10271 6796 6797 7067 7066 
10272 6797 6798 7068 7067 
10273 6798 6799 7069 7068 
10274 6799 6800 7070 7069 
10275 6800 6801 7071 7070 
10276 6801 6802 7072 7071 
10277 6802 6803 7073 7072 
10278 6803 6804 7074 7073 
10279 6804 6805 7075 7074 
10280 6805 6806 7076 7075 
10281 6806 6807 7077 7076 
10282 6807 6808 7078 7077 
10283 6808 6809 7079 7078 
10284 6809 6810 7080 7079 
10285 6810 6811 7081 7080 
10286 6811 6812 7082 7081 
10287 6812 6813 7083 7082 
10288 6813 6814 7084 7083 
10289 6814 6815 7085 7084 
10290 6815 6816 7086 7085 
10291 6816 6817 7087 7086 
10292 6817 6818 7088 7087 
10293 6818 6819 7089 7088 
10294 6819 6820 7090 7089 
10295 6820 6821 7091 7090 
10296 6821 6822 7092 7091 
10297 6822 6823 7093 7092 
10298 6823 6824 7094 7093 
10299 6824 6825 7095 7094 
10300 6825 6826 7096 7095 
10301 6826 6827 7097 7096 
10302 6827 6828 7098 7097 
10303 6828 6829 7099 7098 
10304 6829 6830 7100 7099 
10305 6830 6831 7101 7100 
10306 6831 6832 7102 7101 
10307 6832 6833 7103 7102 
10308 6833 6834 7104 7103 
10309 6834 6835 7105 7104 
10310 6835 6836 7106 7105 
10311 6836 6837 7107 7106 
10312 6837 6838 7108 7107 
10313 6838 6839 7109 7108 
10314 6839 6840 7110 7109 
10315 6840 6841 7111 7110 
10316 6841 6842 7112 7111 
10317 6842 6843 7113 7112 
10318 6843 6844 7114 7113 
10319 6844 6845 7115 7114 
10320 6845 6846 7116 7115 
10321 6846 6847 7117 7116 
10322 6847 6848 7118 7117 
10323 6848 6849 7119 7118 
10324 6849 6850 7120 7119 
10325 6850 6851 7121 7120 
10326 6851 6852 7122 7121 
10327 6852 6853 7123 7122 
10328 6853 6854 7124 7123 
10329 6854 6855 7125 7124 
10330 6855 6856 7126 7125 
10331 6856 6857 7127 7126 
10332 6857 6858 7128 7127 
10333 6858 6859 7129 7128 
10334 6859 6860 7130 7129 
10335 6860 6861 7131 7130 
10336 6861 6862 7132 7131 
10337 6862 6863 7133 7132 
10338 6863 6864 7134 7133 
10339 6864 6865 7135 7134 
10340 6865 6866 7136 7135 
10341 6866 6867 7137 7136 
10342 6867 6868 7138 7137 
10343 6868 6869 7139 7138 
10344 6869 6870 7140 7139 
10345 6870 6871 7141 7140 
10346 6871 6872 7142 7141 
10347 6872 6873 7143 7142 
10348 6873 6874 7144 7143 
10349 6874 6875 7145 7144 
10350 6875 6876 7146 7145 
10351 6876 6877 7147 7146 
10352 6877 6878 7148 7147 
10353 6878 6879 7149 7148 
10354 6879 6880 7150 7149 
10355 6880 6881 7151 7150 
10356 6881 6882 7152 7151 
10357 6882 6883 7153 7152 
10358 6883 1325 1324 7153 
10359 142 6884 7154 143 
10360 6884 6885 7155 7154 
10361 6885 6886 7156 7155 
10362 6886 6887 7157 7156 
10363 6887 6888 7158 7157 
10364 6888 6889 7159 7158 
10365 6889 6890 7160 7159 
10366 6890 6891 7161 7160 
10367 6891 6892 7162 7161 
10368 6892 6893 7163 7162 
10369 6893 6894 7164 7163 
10370 6894 6895 7165 7164 
10371 6895 6896 7166 7165 
10372 6896 6897 7167 7166 
10373 6897 6898 7168 7167 
10374 6898 6899 7169 7168 
10375 6899 6900 7170 7169 
10376 6900 6901 7171 7170 
10377 6901 6902 7172 7171 
10378 6902 6903 7173 7172 
10379 6903 6904 7174 7173 
10380 6904 6905 7175 7174 
10381 6905 6906 7176 7175 
10382 6906 6907 7177 7176 
10383 6907 6908 7178 7177 
10384 6908 6909 7179 7178 
10385 6909 6910 7180 7179 
10386 6910 6911 7181 7180 
10387 6911 6912 7182 7181 
10388 6912 6913 7183 7182 
10389 6913 6914 7184 7183 
10390 6914 6915 7185 7184 
10391 6915 6916 7186 7185 
10392 6916 6917 7187 7186 
10393 6917 6918 7188 7187 
10394 6918 6919 7189 7188 
10395 6919 6920 7190 7189 
10396 6920 6921 7191 7190 
10397 6921 6922 7192 7191 
10398 6922 6923 7193 7192 
10399 6923 6924 7194 7193 
10400 6924 6925 7195 7194 
10401 6925 6926 7196 7195 
10402 6926 6927 7197 7196 
10403 6927 6928 7198 7197 
10404 6928 6929 7199 7198 
10405 6929 6930 7200 7199 
10406 6930 6931 7201 7200 
10407 6931 6932 7202 7201 
10408 6932 6933 7203 7202 
10409 6933 6934 7204 7203 
10410 6934 6935 7205 7204 
10411 6935 6936 7206 7205 
10412 6936 6937 7207 7206 
10413 6937 6938 7208 7207 
10414 6938 6939 7209 7208 
10415 6939 6940 7210 7209 
10416 6940 6941 7211 7210 
10417 6941 6942 7212 7211 
10418 6942 6943 7213 7212 
10419 6943 6944 7214 7213 
10420 6944 6945 7215 7214 
10421 6945 6946 7216 7215 
10422 6946 6947 7217 7216 
10423 6947 6948 7218 7217 
10424 6948 6949 7219 7218 
10425 6949 6950 7220 7219 
10426 6950 6951 7221 7220 
10427 6951 6952 7222 7221 
10428 6952 6953 7223 7222 
10429 6953 6954 7224 7223 
10430 6954 6955 7225 7224 
10431 6955 6956 7226 7225 
10432 6956 6957 7227 7226 
10433 6957 6958 7228 7227 
10434 6958 6959 7229 7228 
10435 6959 6960 7230 7229 
10436 6960 6961 7231 7230 
10437 6961 6962 7232 7231 
10438 6962 6963 7233 7232 
10439 6963 6964 7234 7233 
10440 6964 6965 7235 7234 
10441 6965 6966 7236 7235 
10442 6966 6967 7237 7236 
10443 6967 6968 7238 7237 
10444 6968 6969 7239 7238 
10445 6969 6970 7240 7239 
10446 6970 6971 7241 7240 
10447 6971 6972 7242 7241 
10448 6972 6973 7243 7242 
10449 6973 6974 7244 7243 
10450 6974 6975 7245 7244 
10451 6975 6976 7246 7245 
10452 6976 6977 7247 7246 
10453 6977 6978 7248 7247 
10454 6978 6979 7249 7248 
10455 6979 6980 7250 7249 
10456 6980 6981 7251 7250 
10457 6981 6982 7252 7251 
10458 6982 6983 7253 7252 
10459 6983 6984 7254 7253 
10460 6984 6985 7255 7254 
10461 6985 6986 7256 7255 
10462 6986 6987 7257 7256 
10463 6987 6988 7258 7257 
10464 6988 6989 7259 7258 
10465 6989 6990 7260 7259 
10466 6990 6991 7261 7260 
10467 6991 6992 7262 7261 
10468 6992 6993 7263 7262 
10469 6993 6994 7264 7263 
10470 6994 6995 7265 7264 
10471 6995 6996 7266 7265 
10472 6996 6997 7267 7266 
10473 6997 6998 7268 7267 
10474 6998 6999 7269 7268 
10475 6999 7000 7270 7269 
10476 7000 7001 7271 7270 
10477 7001 7002 7272 7271 
10478 7002 7003 7273 7272 
10479 7003 7004 7274 7273 
10480 7004 7005 7275 7274 
10481 7005 7006 7276 7275 
10482 7006 7007 7277 7276 
10483 7007 7008 7278 7277 
10484 7008 7009 7279 7278 
10485 7009 7010 7280 7279 
10486 7010 7011 7281 7280 
10487 7011 7012 7282 7281 
10488 7012 7013 7283 7282 
10489 7013 7014 7284 7283 
10490 7014 7015 7285 7284 
10491 7015 7016 7286 7285 
10492 7016 7017 7287 7286 
10493 7017 7018 7288 7287 
10494 7018 7019 7289 7288 
10495 7019 7020 7290 7289 
10496 7020 7021 7291 7290 
10497 7021 7022 7292 7291 
10498 7022 7023 7293 7292 
10499 7023 7024 7294 7293 
10500 7024 7025 7295 7294 
10501 7025 7026 7296 7295 
10502 7026 7027 7297 7296 
10503 7027 7028 7298 7297 
10504 7028 7029 7299 7298 
10505 7029 7030 7300 7299 
10506 7030 7031 7301 7300 
10507 7031 7032 7302 7301 
10508 7032 7033 7303 7302 
10509 7033 7034 7304 7303 
10510 7034 7035 7305 7304 
10511 7035 7036 7306 7305 
10512 7036 7037 7307 7306 
10513 7037 7038 7308 7307 
10514 7038 7039 7309 7308 
10515 7039 7040 7310 7309 
10516 7040 7041 7311 7310 
10517 7041 7042 7312 7311 
10518 7042 7043 7313 7312 
10519 7043 7044 7314 7313 
10520 7044 7045 7315 7314 
10521 7045 7046 7316 7315 
10522 7046 7047 7317 7316 
10523 7047 7048 7318 7317 
10524 7048 7049 7319 7318 
10525 7049 7050 7320 7319 
10526 7050 7051 7321 7320 
10527 7051 7052 7322 7321 
10528 7052 7053 7323 7322 
10529 7053 7054 7324 7323 
10530 7054 7055 7325 7324 
10531 7055 7056 7326 7325 
10532 7056 7057 7327 7326 
10533 7057 7058 7328 7327 
10534 7058 7059 7329 7328 
10535 7059 7060 7330 7329 
10536 7060 7061 7331 7330 
10537 7061 7062 7332 7331 
10538 7062 7063 7333 7332 
10539 7063 7064 7334 7333 
10540 7064 7065 7335 7334 
10541 7065 7066 7336 7335 
10542 7066 7067 7337 7336 
10543 7067 7068 7338 7337 
10544 7068 7069 7339 7338 
10545 7069 7070 7340 7339 
10546 7070 7071 7341 7340 
10547 7071 7072 7342 7341 
10548 7072 7073 7343 7342 
10549 7073 7074 7344 7343 
10550 7074 7075 7345 7344 
10551 7075 7076 7346 7345 
10552 7076 7077 7347 7346 
10553 7077 7078 7348 7347 
10554 7078 7079 7349 7348 
10555 7079 7080 7350 7349 
10556 7080 7081 7351 7350 
10557 7081 7082 7352 7351 
10558 7082 7083 7353 7352 
10559 7083 7084 7354 7353 
10560 7084 7085 7355 7354 
10561 7085 7086 7356 7355 
10562 7086 7087 7357 7356 
10563 7087 7088 7358 7357 
10564 7088 7089 7359 7358 
10565 7089 7090 7360 7359 
10566 7090 7091 7361 7360 
10567 7091 7092 7362 7361 
10568 7092 7093 7363 7362 
10569 7093 7094 7364 7363 
10570 7094 7095 7365 7364 
10571 7095 7096 7366 7365 
10572 7096 7097 7367 7366 
10573 7097 7098 7368 7367 
10574 7098 7099 7369 7368 
10575 7099 7100 7370 7369 
10576 7100 7101 7371 7370 
10577 7101 7102 7372 7371 
10578 7102 7103 7373 7372 
10579 7103 7104 7374 7373 
10580 7104 7105 7375 7374 
10581 7105 7106 7376 7375 
10582 7106 7107 7377 7376 
10583 7107 7108 7378 7377 
10584 7108 7109 7379 7378 
10585 7109 7110 7380 7379 
10586 7110 7111 7381 7380 
10587 7111 7112 7382 7381 
10588 7112 7113 7383 7382 
10589 7113 7114 7384 7383 
10590 7114 7115 7385 7384 
10591 7115 7116 7386 7385 
10592 7116 7117 7387 7386 
10593 7117 7118 7388 7387 
10594 7118 7119 7389 7388 
10595 7119 7120 7390 7389 
10596 7120 7121 7391 7390 
10597 7121 7122 7392 7391 
10598 7122 7123 7393 7392 
10599 7123 7124 7394 7393 
10600 7124 7125 7395 7394 
10601 7125 7126 7396 7395 
10602 7126 7127 7397 7396 
10603 7127 7128 7398 7397 
10604 7128 7129 7399 7398 
10605 7129 7130 7400 7399 
10606 7130 7131 7401 7400 
10607 7131 7132 7402 7401 
10608 7132 7133 7403 7402 
10609 7133 7134 7404 7403 
10610 7134 7135 7405 7404 
10611 7135 7136 7406 7405 
10612 7136 7137 7407 7406 
10613 7137 7138 7408 7407 
10614 7138 7139 7409 7408 
10615 7139 7140 7410 7409 
10616 7140 7141 7411 7410 
10617 7141 7142 7412 7411 
10618 7142 7143 7413 7412 
10619 7143 7144 7414 7413 
10620 7144 7145 7415 7414 
10621 7145 7146 7416 7415 
10622 7146 7147 7417 7416 
10623 7147 7148 7418 7417 
10624 7148 7149 7419 7418 
10625 7149 7150 7420 7419 
10626 7150 7151 7421 7420 
10627 7151 7152 7422 7421 
10628 7152 7153 7423 7422 
10629 7153 1324 1323 7423 
10630 143 7154 7424 144 
10631 7154 7155 7425 7424 
10632 7155 7156 7426 7425 
10633 7156 7157 7427 7426 
10634 7157 7158 7428 7427 
10635 7158 7159 7429 7428 
10636 7159 7160 7430 7429 
10637 7160 7161 7431 7430 
10638 7161 7162 7432 7431 
10639 7162 7163 7433 7432 
10640 7163 7164 7434 7433 
10641 7164 7165 7435 7434 
10642 7165 7166 7436 7435 
10643 7166 7167 7437 7436 
10644 7167 7168 7438 7437 
10645 7168 7169 7439 7438 
10646 7169 7170 7440 7439 
10647 7170 7171 7441 7440 
10648 7171 7172 7442 7441 
10649 7172 7173 7443 7442 
10650 7173 7174 7444 7443 
10651 7174 7175 7445 7444 
10652 7175 7176 7446 7445 
10653 7176 7177 7447 7446 
10654 7177 7178 7448 7447 
10655 7178 7179 7449 7448 
10656 7179 7180 7450 7449 
10657 7180 7181 7451 7450 
10658 7181 7182 7452 7451 
10659 7182 7183 7453 7452 
10660 7183 7184 7454 7453 
10661 7184 7185 7455 7454 
10662 7185 7186 7456 7455 
10663 7186 7187 7457 7456 
10664 7187 7188 7458 7457 
10665 7188 7189 7459 7458 
10666 7189 7190 7460 7459 
10667 7190 7191 7461 7460 
10668 7191 7192 7462 7461 
10669 7192 7193 7463 7462 
10670 7193 7194 7464 7463 
10671 7194 7195 7465 7464 
10672 7195 7196 7466 7465 
10673 7196 7197 7467 7466 
10674 7197 7198 7468 7467 
10675 7198 7199 7469 7468 
10676 7199 7200 7470 7469 
10677 7200 7201 7471 7470 
10678 7201 7202 7472 7471 
10679 7202 7203 7473 7472 
10680 7203 7204 7474 7473 
10681 7204 7205 7475 7474 
10682 7205 7206 7476 7475 
10683 7206 7207 7477 7476 
10684 7207 7208 7478 7477 
10685 7208 7209 7479 7478 
10686 7209 7210 7480 7479 
10687 7210 7211 7481 7480 
10688 7211 7212 7482 7481 
10689 7212 7213 7483 7482 
10690 7213 7214 7484 7483 
10691 7214 7215 7485 7484 
10692 7215 7216 7486 7485 
10693 7216 7217 7487 7486 
10694 7217 7218 7488 7487 
10695 7218 7219 7489 7488 
10696 7219 7220 7490 7489 
10697 7220 7221 7491 7490 
10698 7221 7222 7492 7491 
10699 7222 7223 7493 7492 
10700 7223 7224 7494 7493 
10701 7224 7225 7495 7494 
10702 7225 7226 7496 7495 
10703 7226 7227 7497 7496 
10704 7227 7228 7498 7497 
10705 7228 7229 7499 7498 
10706 7229 7230 7500 7499 
10707 7230 7231 7501 7500 
10708 7231 7232 7502 7501 
10709 7232 7233 7503 7502 
10710 7233 7234 7504 7503 
10711 7234 7235 7505 7504 
10712 7235 7236 7506 7505 
10713 7236 7237 7507 7506 
10714 7237 7238 7508 7507 
10715 7238 7239 7509 7508 
10716 7239 7240 7510 7509 
10717 7240 7241 7511 7510 
10718 7241 7242 7512 7511 
10719 7242 7243 7513 7512 
10720 7243 7244 7514 7513 
10721 7244 7245 7515 7514 
10722 7245 7246 7516 7515 
10723 7246 7247 7517 7516 
10724 7247 7248 7518 7517 
10725 7248 7249 7519 7518 
10726 7249 7250 7520 7519 
10727 7250 7251 7521 7520 
10728 7251 7252 7522 7521 
10729 7252 7253 7523 7522 
10730 7253 7254 7524 7523 
10731 7254 7255 7525 7524 
10732 7255 7256 7526 7525 
10733 7256 7257 7527 7526 
10734 7257 7258 7528 7527 
10735 7258 7259 7529 7528 
10736 7259 7260 7530 7529 
10737 7260 7261 7531 7530 
10738 7261 7262 7532 7531 
10739 7262 7263 7533 7532 
10740 7263 7264 7534 7533 
10741 7264 7265 7535 7534 
10742 7265 7266 7536 7535 
10743 7266 7267 7537 7536 
10744 7267 7268 7538 7537 
10745 7268 7269 7539 7538 
10746 7269 7270 7540 7539 
10747 7270 7271 7541 7540 
10748 7271 7272 7542 7541 
10749 7272 7273 7543 7542 
10750 7273 7274 7544 7543 
10751 7274 7275 7545 7544 
10752 7275 7276 7546 7545 
10753 7276 7277 7547 7546 
10754 7277 7278 7548 7547 
10755 7278 7279 7549 7548 
10756 7279 7280 7550 7549 
10757 7280 7281 7551 7550 
10758 7281 7282 7552 7551 
10759 7282 7283 7553 7552 
10760 7283 7284 7554 7553 
10761 7284 7285 7555 7554 
10762 7285 7286 7556 7555 
10763 7286 7287 7557 7556 
10764 7287 7288 7558 7557 
10765 7288 7289 7559 7558 
10766 7289 7290 7560 7559 
10767 7290 7291 7561 7560 
10768 7291 7292 7562 7561 
10769 7292 7293 7563 7562 
10770 7293 7294 7564 7563 
10771 7294 7295 7565 7564 
10772 7295 7296 7566 7565 
10773 7296 7297 7567 7566 
10774 7297 7298 7568 7567 
10775 7298 7299 7569 7568 
10776 7299 7300 7570 7569 
10777 7300 7301 7571 7570 
10778 7301 7302 7572 7571 
10779 7302 7303 7573 7572 
10780 7303 7304 7574 7573 
10781 7304 7305 7575 7574 
10782 7305 7306 7576 7575 
10783 7306 7307 7577 7576 
10784 7307 7308 7578 7577 
10785 7308 7309 7579 7578 
10786 7309 7310 7580 7579 
10787 7310 7311 7581 7580 
10788 7311 7312 7582 7581 
10789 7312 7313 7583 7582 
10790 7313 7314 7584 7583 
10791 7314 7315 7585 7584 
10792 7315 7316 7586 7585 
10793 7316 7317 7587 7586 
10794 7317 7318 7588 7587 
10795 7318 7319 7589 7588 
10796 7319 7320 7590 7589 
10797 7320 7321 7591 7590 
10798 7321 7322 7592 7591 
10799 7322 7323 7593 7592 
10800 7323 7324 7594 7593 
10801 7324 7325 7595 7594 
10802 7325 7326 7596 7595 
10803 7326 7327 7597 7596 
10804 7327 7328 7598 7597 
10805 7328 7329 7599 7598 
10806 7329 7330 7600 7599 
10807 7330 7331 7601 7600 
10808 7331 7332 7602 7601 
10809 7332 7333 7603 7602 
10810 7333 7334 7604 7603 
10811 7334 7335 7605 7604 
10812 7335 7336 7606 7605 
10813 7336 7337 7607 7606 
10814 7337 7338 7608 7607 
10815 7338 7339 7609 7608 
10816 7339 7340 7610 7609 
10817 7340 7341 7611 7610 
10818 7341 7342 7612 7611 
10819 7342 7343 7613 7612 
10820 7343 7344 7614 7613 
10821 7344 7345 7615 7614 
10822 7345 7346 7616 7615 
10823 7346 7347 7617 7616 
10824 7347 7348 7618 7617 
10825 7348 7349 7619 7618 
10826 7349 7350 7620 7619 
10827 7350 7351 7621 7620 
10828 7351 7352 7622 7621 
10829 7352 7353 7623 7622 
10830 7353 7354 7624 7623 
10831 7354 7355 7625 7624 
10832 7355 7356 7626 7625 
10833 7356 7357 7627 7626 
10834 7357 7358 7628 7627 
10835 7358 7359 7629 7628 
10836 7359 7360 7630 7629 
10837 7360 7361 7631 7630 
10838 7361 7362 7632 7631 
10839 7362 7363 7633 7632 
10840 7363 7364 7634 7633 
10841 7364 7365 7635 7634 
10842 7365 7366 7636 7635 
10843 7366 7367 7637 7636 
10844 7367 7368 7638 7637 
10845 7368 7369 7639 7638 
10846 7369 7370 7640 7639 
10847 7370 7371 7641 7640 
10848 7371 7372 7642 7641 
10849 7372 7373 7643 7642 
10850 7373 7374 7644 7643 
10851 7374 7375 7645 7644 
10852 7375 7376 7646 7645 
10853 7376 7377 7647 7646 
10854 7377 7378 7648 7647 
10855 7378 7379 7649 7648 
10856 7379 7380 7650 7649 
10857 7380 7381 7651 7650 
10858 7381 7382 7652 7651 
10859 7382 7383 7653 7652 
10860 7383 7384 7654 7653 
10861 7384 7385 7655 7654 
10862 7385 7386 7656 7655 
10863 7386 7387 7657 7656 
10864 7387 7388 7658 7657 
10865 7388 7389 7659 7658 
10866 7389 7390 7660 7659 
10867 7390 7391 7661 7660 
10868 7391 7392 7662 7661 
10869 7392 7393 7663 7662 
10870 7393 7394 7664 7663 
10871 7394 7395 7665 7664 
10872 7395 7396 7666 7665 
10873 7396 7397 7667 7666 
10874 7397 7398 7668 7667 
10875 7398 7399 7669 7668 
10876 7399 7400 7670 7669 
10877 7400 7401 7671 7670 
10878 7401 7402 7672 7671 
10879 7402 7403 7673 7672 
10880 7403 7404 7674 7673 
10881 7404 7405 7675 7674 
10882 7405 7406 7676 7675 
10883 7406 7407 7677 7676 
10884 7407 7408 7678 7677 
10885 7408 7409 7679 7678 
10886 7409 7410 7680 7679 
10887 7410 7411 7681 7680 
10888 7411 7412 7682 7681 
10889 7412 7413 7683 7682 
10890 7413 7414 7684 7683 
10891 7414 7415 7685 7684 
10892 7415 7416 7686 7685 
10893 7416 7417 7687 7686 
10894 7417 7418 7688 7687 
10895 7418 7419 7689 7688 
10896 7419 7420 7690 7689 
10897 7420 7421 7691 7690 
10898 7421 7422 7692 7691 
10899 7422 7423 7693 7692 
10900 7423 1323 1322 7693 
10901 144 7424 7694 145 
10902 7424 7425 7695 7694 
10903 7425 7426 7696 7695 
10904 7426 7427 7697 7696 
10905 7427 7428 7698 7697 
10906 7428 7429 7699 7698 
10907 7429 7430 7700 7699 
10908 7430 7431 7701 7700 
10909 7431 7432 7702 7701 
10910 7432 7433 7703 7702 
10911 7433 7434 7704 7703 
10912 7434 7435 7705 7704 
10913 7435 7436 7706 7705 
10914 7436 7437 7707 7706 
10915 7437 7438 7708 7707 
10916 7438 7439 7709 7708 
10917 7439 7440 7710 7709 
10918 7440 7441 7711 7710 
10919 7441 7442 7712 7711 
10920 7442 7443 7713 7712 
10921 7443 7444 7714 7713 
10922 7444 7445 7715 7714 
10923 7445 7446 7716 7715 
10924 7446 7447 7717 7716 
10925 7447 7448 7718 7717 
10926 7448 7449 7719 7718 
10927 7449 7450 7720 7719 
10928 7450 7451 7721 7720 
10929 7451 7452 7722 7721 
10930 7452 7453 7723 7722 
10931 7453 7454 7724 7723 
10932 7454 7455 7725 7724 
10933 7455 7456 7726 7725 
10934 7456 7457 7727 7726 
10935 7457 7458 7728 7727 
10936 7458 7459 7729 7728 
10937 7459 7460 7730 7729 
10938 7460 7461 7731 7730 
10939 7461 7462 7732 7731 
10940 7462 7463 7733 7732 
10941 7463 7464 7734 7733 
10942 7464 7465 7735 7734 
10943 7465 7466 7736 7735 
10944 7466 7467 7737 7736 
10945 7467 7468 7738 7737 
10946 7468 7469 7739 7738 
10947 7469 7470 7740 7739 
10948 7470 7471 7741 7740 
10949 7471 7472 7742 7741 
10950 7472 7473 7743 7742 
10951 7473 7474 7744 7743 
10952 7474 7475 7745 7744 
10953 7475 7476 7746 7745 
10954 7476 7477 7747 7746 
10955 7477 7478 7748 7747 
10956 7478 7479 7749 7748 
10957 7479 7480 7750 7749 
10958 7480 7481 7751 7750 
10959 7481 7482 7752 7751 
10960 7482 7483 7753 7752 
10961 7483 7484 7754 7753 
10962 7484 7485 7755 7754 
10963 7485 7486 7756 7755 
10964 7486 7487 7757 7756 
10965 7487 7488 7758 7757 
10966 7488 7489 7759 7758 
10967 7489 7490 7760 7759 
10968 7490 7491 7761 7760 
10969 7491 7492 7762 7761 
10970 7492 7493 7763 7762 
10971 7493 7494 7764 7763 
10972 7494 7495 7765 7764 
10973 7495 7496 7766 7765 
10974 7496 7497 7767 7766 
10975 7497 7498 7768 7767 
10976 7498 7499 7769 7768 
10977 7499 7500 7770 7769 
10978 7500 7501 7771 7770 
10979 7501 7502 7772 7771 
10980 7502 7503 7773 7772 
10981 7503 7504 7774 7773 
10982 7504 7505 7775 7774 
10983 7505 7506 7776 7775 
10984 7506 7507 7777 7776 
10985 7507 7508 7778 7777 
10986 7508 7509 7779 7778 
10987 7509 7510 7780 7779 
10988 7510 7511 7781 7780 
10989 7511 7512 7782 7781 
10990 7512 7513 7783 7782 
10991 7513 7514 7784 7783 
10992 7514 7515 7785 7784 
10993 7515 7516 7786 7785 
10994 7516 7517 7787 7786 
10995 7517 7518 7788 7787 
10996 7518 7519 7789 7788 
10997 7519 7520 7790 7789 
10998 7520 7521 7791 7790 
10999 7521 7522 7792 7791 
11000 7522 7523 7793 7792 
11001 7523 7524 7794 7793 
11002 7524 7525 7795 7794 
11003 7525 7526 7796 7795 
11004 7526 7527 7797 7796 
11005 7527 7528 7798 7797 
11006 7528 7529 7799 7798 
11007 7529 7530 7800 7799 
11008 7530 7531 7801 7800 
11009 7531 7532 7802 7801 
11010 7532 7533 7803 7802 
11011 7533 7534 7804 7803 
11012 7534 7535 7805 7804 
11013 7535 7536 7806 7805 
11014 7536 7537 7807 7806 
11015 7537 7538 7808 7807 
11016 7538 7539 7809 7808 
11017 7539 7540 7810 7809 
11018 7540 7541 7811 7810 
11019 7541 7542 7812 7811 
11020 7542 7543 7813 7812 
11021 7543 7544 7814 7813 
11022 7544 7545 7815 7814 
11023 7545 7546 7816 7815 
11024 7546 7547 7817 7816 
11025 7547 7548 7818 7817 
11026 7548 7549 7819 7818 
11027 7549 7550 7820 7819 
11028 7550 7551 7821 7820 
11029 7551 7552 7822 7821 
11030 7552 7553 7823 7822 
11031 7553 7554 7824 7823 
11032 7554 7555 7825 7824 
11033 7555 7556 7826 7825 
11034 7556 7557 7827 7826 
11035 7557 7558 7828 7827 
11036 7558 7559 7829 7828 
11037 7559 7560 7830 7829 
11038 7560 7561 7831 7830 
11039 7561 7562 7832 7831 
11040 7562 7563 7833 7832 
11041 7563 7564 7834 7833 
11042 7564 7565 7835 7834 
11043 7565 7566 7836 7835 
11044 7566 7567 7837 7836 
11045 7567 7568 7838 7837 
11046 7568 7569 7839 7838 
11047 7569 7570 7840 7839 
11048 7570 7571 7841 7840 
11049 7571 7572 7842 7841 
11050 7572 7573 7843 7842 
11051 7573 7574 7844 7843 
11052 7574 7575 7845 7844 
11053 7575 7576 7846 7845 
11054 7576 7577 7847 7846 
11055 7577 7578 7848 7847 
11056 7578 7579 7849 7848 
11057 7579 7580 7850 7849 
11058 7580 7581 7851 7850 
11059 7581 7582 7852 7851 
11060 7582 7583 7853 7852 
11061 7583 7584 7854 7853 
11062 7584 7585 7855 7854 
11063 7585 7586 7856 7855 
11064 7586 7587 7857 7856 
11065 7587 7588 7858 7857 
11066 7588 7589 7859 7858 
11067 7589 7590 7860 7859 
11068 7590 7591 7861 7860 
11069 7591 7592 7862 7861 
11070 7592 7593 7863 7862 
11071 7593 7594 7864 7863 
11072 7594 7595 7865 7864 
11073 7595 7596 7866 7865 
11074 7596 7597 7867 7866 
11075 7597 7598 7868 7867 
11076 7598 7599 7869 7868 
11077 7599 7600 7870 7869 
11078 7600 7601 7871 7870 
11079 7601 7602 7872 7871 
11080 7602 7603 7873 7872 
11081 7603 7604 7874 7873 
11082 7604 7605 7875 7874 
11083 7605 7606 7876 7875 
11084 7606 7607 7877 7876 
11085 7607 7608 7878 7877 
11086 7608 7609 7879 7878 
11087 7609 7610 7880 7879 
11088 7610 7611 7881 7880 
11089 7611 7612 7882 7881 
11090 7612 7613 7883 7882 
11091 7613 7614 7884 7883 
11092 7614 7615 7885 7884 
11093 7615 7616 7886 7885 
11094 7616 7617 7887 7886 
11095 7617 7618 7888 7887 
11096 7618 7619 7889 7888 
11097 7619 7620 7890 7889 
11098 7620 7621 7891 7890 
11099 7621 7622 7892 7891 
11100 7622 7623 7893 7892 
11101 7623 7624 7894 7893 
11102 7624 7625 7895 7894 
11103 7625 7626 7896 7895 
11104 7626 7627 7897 7896 
11105 7627 7628 7898 7897 
11106 7628 7629 7899 7898 
11107 7629 7630 7900 7899 
11108 7630 7631 7901 7900 
11109 7631 7632 7902 7901 
11110 7632 7633 7903 7902 
11111 7633 7634 7904 7903 
11112 7634 7635 7905 7904 
11113 7635 7636 7906 7905 
11114 7636 7637 7907 7906 
11115 7637 7638 7908 7907 
11116 7638 7639 7909 7908 
11117 7639 7640 7910 7909 
11118 7640 7641 7911 7910 
11119 7641 7642 7912 7911 
11120 7642 7643 7913 7912 
11121 7643 7644 7914 7913 
11122 7644 7645 7915 7914 
11123 7645 7646 7916 7915 
11124 7646 7647 7917 7916 
11125 7647 7648 7918 7917 
11126 7648 7649 7919 7918 
11127 7649 7650 7920 7919 
11128 7650 7651 7921 7920 
11129 7651 7652 7922 7921 
11130 7652 7653 7923 7922 
11131 7653 7654 7924 7923 
11132 7654 7655 7925 7924 
11133 7655 7656 7926 7925 
11134 7656 7657 7927 7926 
11135 7657 7658 7928 7927 
11136 7658 7659 7929 7928 
11137 7659 7660 7930 7929 
11138 7660 7661 7931 7930 
11139 7661 7662 7932 7931 
11140 7662 7663 7933 7932 
11141 7663 7664 7934 7933 
11142 7664 7665 7935 7934 
11143 7665 7666 7936 7935 
11144 7666 7667 7937 7936 
11145 7667 7668 7938 7937 
11146 7668 7669 7939 7938 
11147 7669 7670 7940 7939 
11148 7670 7671 7941 7940 
11149 7671 7672 7942 7941 
11150 7672 7673 7943 7942 
11151 7673 7674 7944 7943 
11152 7674 7675 7945 7944 
11153 7675 7676 7946 7945 
11154 7676 7677 7947 7946 
11155 7677 7678 7948 7947 
11156 7678 7679 7949 7948 
11157 7679 7680 7950 7949 
11158 7680 7681 7951 7950 
11159 7681 7682 7952 7951 
11160 7682 7683 7953 7952 
11161 7683 7684 7954 7953 
11162 7684 7685 7955 7954 
11163 7685 7686 7956 7955 
11164 7686 7687 7957 7956 
11165 7687 7688 7958 7957 
11166 7688 7689 7959 7958 
11167 7689 7690 7960 7959 
11168 7690 7691 7961 7960 
11169 7691 7692 7962 7961 
11170 7692 7693 7963 7962 
11171 7693 1322 1321 7963 
11172 145 7694 7964 146 
11173 7694 7695 7965 7964 
11174 7695 7696 7966 7965 
11175 7696 7697 7967 7966 
11176 7697 7698 7968 7967 
11177 7698 7699 7969 7968 
11178 7699 7700 7970 7969 
11179 7700 7701 7971 7970 
11180 7701 7702 7972 7971 
11181 7702 7703 7973 7972 
11182 7703 7704 7974 7973 
11183 7704 7705 7975 7974 
11184 7705 7706 7976 7975 
11185 7706 7707 7977 7976 
11186 7707 7708 7978 7977 
11187 7708 7709 7979 7978 
11188 7709 7710 7980 7979 
11189 7710 7711 7981 7980 
11190 7711 7712 7982 7981 
11191 7712 7713 7983 7982 
11192 7713 7714 7984 7983 
11193 7714 7715 7985 7984 
11194 7715 7716 7986 7985 
11195 7716 7717 7987 7986 
11196 7717 7718 7988 7987 
11197 7718 7719 7989 7988 
11198 7719 7720 7990 7989 
11199 7720 7721 7991 7990 
11200 7721 7722 7992 7991 
11201 7722 7723 7993 7992 
11202 7723 7724 7994 7993 
11203 7724 7725 7995 7994 
11204 7725 7726 7996 7995 
11205 7726 7727 7997 7996 
11206 7727 7728 7998 7997 
11207 7728 7729 7999 7998 
11208 7729 7730 8000 7999 
11209 7730 7731 8001 8000 
11210 7731 7732 8002 8001 
11211 7732 7733 8003 8002 
11212 7733 7734 8004 8003 
11213 7734 7735 8005 8004 
11214 7735 7736 8006 8005 
11215 7736 7737 8007 8006 
11216 7737 7738 8008 8007 
11217 7738 7739 8009 8008 
11218 7739 7740 8010 8009 
11219 7740 7741 8011 8010 
11220 7741 7742 8012 8011 
11221 7742 7743 8013 8012 
11222 7743 7744 8014 8013 
11223 7744 7745 8015 8014 
11224 7745 7746 8016 8015 
11225 7746 7747 8017 8016 
11226 7747 7748 8018 8017 
11227 7748 7749 8019 8018 
11228 7749 7750 8020 8019 
11229 7750 7751 8021 8020 
11230 7751 7752 8022 8021 
11231 7752 7753 8023 8022 
11232 7753 7754 8024 8023 
11233 7754 7755 8025 8024 
11234 7755 7756 8026 8025 
11235 7756 7757 8027 8026 
11236 7757 7758 8028 8027 
11237 7758 7759 8029 8028 
11238 7759 7760 8030 8029 
11239 7760 7761 8031 8030 
11240 7761 7762 8032 8031 
11241 7762 7763 8033 8032 
11242 7763 7764 8034 8033 
11243 7764 7765 8035 8034 
11244 7765 7766 8036 8035 
11245 7766 7767 8037 8036 
11246 7767 7768 8038 8037 
11247 7768 7769 8039 8038 
11248 7769 7770 8040 8039 
11249 7770 7771 8041 8040 
11250 7771 7772 8042 8041 
11251 7772 7773 8043 8042 
11252 7773 7774 8044 8043 
11253 7774 7775 8045 8044 
11254 7775 7776 8046 8045 
11255 7776 7777 8047 8046 
11256 7777 7778 8048 8047 
11257 7778 7779 8049 8048 
11258 7779 7780 8050 8049 
11259 7780 7781 8051 8050 
11260 7781 7782 8052 8051 
11261 7782 7783 8053 8052 
11262 7783 7784 8054 8053 
11263 7784 7785 8055 8054 
11264 7785 7786 8056 8055 
11265 7786 7787 8057 8056 
11266 7787 7788 8058 8057 
11267 7788 7789 8059 8058 
11268 7789 7790 8060 8059 
11269 7790 7791 8061 8060 
11270 7791 7792 8062 8061 
11271 7792 7793 8063 8062 
11272 7793 7794 8064 8063 
11273 7794 7795 8065 8064 
11274 7795 7796 8066 8065 
11275 7796 7797 8067 8066 
11276 7797 7798 8068 8067 
11277 7798 7799 8069 8068 
11278 7799 7800 8070 8069 
11279 7800 7801 8071 8070 
11280 7801 7802 8072 8071 
11281 7802 7803 8073 8072 
11282 7803 7804 8074 8073 
11283 7804 7805 8075 8074 
11284 7805 7806 8076 8075 
11285 7806 7807 8077 8076 
11286 7807 7808 8078 8077 
11287 7808 7809 8079 8078 
11288 7809 7810 8080 8079 
11289 7810 7811 8081 8080 
11290 7811 7812 8082 8081 
11291 7812 7813 8083 8082 
11292 7813 7814 8084 8083 
11293 7814 7815 8085 8084 
11294 7815 7816 8086 8085 
11295 7816 7817 8087 8086 
11296 7817 7818 8088 8087 
11297 7818 7819 8089 8088 
11298 7819 7820 8090 8089 
11299 7820 7821 8091 8090 
11300 7821 7822 8092 8091 
11301 7822 7823 8093 8092 
11302 7823 7824 8094 8093 
11303 7824 7825 8095 8094 
11304 7825 7826 8096 8095 
11305 7826 7827 8097 8096 
11306 7827 7828 8098 8097 
11307 7828 7829 8099 8098 
11308 7829 7830 8100 8099 
11309 7830 7831 8101 8100 
11310 7831 7832 8102 8101 
11311 7832 7833 8103 8102 
11312 7833 7834 8104 8103 
11313 7834 7835 8105 8104 
11314 7835 7836 8106 8105 
11315 7836 7837 8107 8106 
11316 7837 7838 8108 8107 
11317 7838 7839 8109 8108 
11318 7839 7840 8110 8109 
11319 7840 7841 8111 8110 
11320 7841 7842 8112 8111 
11321 7842 7843 8113 8112 
11322 7843 7844 8114 8113 
11323 7844 7845 8115 8114 
11324 7845 7846 8116 8115 
11325 7846 7847 8117 8116 
11326 7847 7848 8118 8117 
11327 7848 7849 8119 8118 
11328 7849 7850 8120 8119 
11329 7850 7851 8121 8120 
11330 7851 7852 8122 8121 
11331 7852 7853 8123 8122 
11332 7853 7854 8124 8123 
11333 7854 7855 8125 8124 
11334 7855 7856 8126 8125 
11335 7856 7857 8127 8126 
11336 7857 7858 8128 8127 
11337 7858 7859 8129 8128 
11338 7859 7860 8130 8129 
11339 7860 7861 8131 8130 
11340 7861 7862 8132 8131 
11341 7862 7863 8133 8132 
11342 7863 7864 8134 8133 
11343 7864 7865 8135 8134 
11344 7865 7866 8136 8135 
11345 7866 7867 8137 8136 
11346 7867 7868 8138 8137 
11347 7868 7869 8139 8138 
11348 7869 7870 8140 8139 
11349 7870 7871 8141 8140 
11350 7871 7872 8142 8141 
11351 7872 7873 8143 8142 
11352 7873 7874 8144 8143 
11353 7874 7875 8145 8144 
11354 7875 7876 8146 8145 
11355 7876 7877 8147 8146 
11356 7877 7878 8148 8147 
11357 7878 7879 8149 8148 
11358 7879 7880 8150 8149 
11359 7880 7881 8151 8150 
11360 7881 7882 8152 8151 
11361 7882 7883 8153 8152 
11362 7883 7884 8154 8153 
11363 7884 7885 8155 8154 
11364 7885 7886 8156 8155 
11365 7886 7887 8157 8156 
11366 7887 7888 8158 8157 
11367 7888 7889 8159 8158 
11368 7889 7890 8160 8159 
11369 7890 7891 8161 8160 
11370 7891 7892 8162 8161 
11371 7892 7893 8163 8162 
11372 7893 7894 8164 8163 
11373 7894 7895 8165 8164 
11374 7895 7896 8166 8165 
11375 7896 7897 8167 8166 
11376 7897 7898 8168 8167 
11377 7898 7899 8169 8168 
11378 7899 7900 8170 8169 
11379 7900 7901 8171 8170 
11380 7901 7902 8172 8171 
11381 7902 7903 8173 8172 
11382 7903 7904 8174 8173 
11383 7904 7905 8175 8174 
11384 7905 7906 8176 8175 
11385 7906 7907 8177 8176 
11386 7907 7908 8178 8177 
11387 7908 7909 8179 8178 
11388 7909 7910 8180 8179 
11389 7910 7911 8181 8180 
11390 7911 7912 8182 8181 
11391 7912 7913 8183 8182 
11392 7913 7914 8184 8183 
11393 7914 7915 8185 8184 
11394 7915 7916 8186 8185 
11395 7916 7917 8187 8186 
11396 7917 7918 8188 8187 
11397 7918 7919 8189 8188 
11398 7919 7920 8190 8189 
11399 7920 7921 8191 8190 
11400 7921 7922 8192 8191 
11401 7922 7923 8193 8192 
11402 7923 7924 8194 8193 
11403 7924 7925 8195 8194 
11404 7925 7926 8196 8195 
11405 7926 7927 8197 8196 
11406 7927 7928 8198 8197 
11407 7928 7929 8199 8198 
11408 7929 7930 8200 8199 
11409 7930 7931 8201 8200 
11410 7931 7932 8202 8201 
11411 7932 7933 8203 8202 
11412 7933 7934 8204 8203 
11413 7934 7935 8205 8204 
11414 7935 7936 8206 8205 
11415 7936 7937 8207 8206 
11416 7937 7938 8208 8207 
11417 7938 7939 8209 8208 
11418 7939 7940 8210 8209 
11419 7940 7941 8211 8210 
11420 7941 7942 8212 8211 
11421 7942 7943 8213 8212 
11422 7943 7944 8214 8213 
11423 7944 7945 8215 8214 
11424 7945 7946 8216 8215 
11425 7946 7947 8217 8216 
11426 7947 7948 8218 8217 
11427 7948 7949 8219 8218 
11428 7949 7950 8220 8219 
11429 7950 7951 8221 8220 
11430 7951 7952 8222 8221 
11431 7952 7953 8223 8222 
11432 7953 7954 8224 8223 
11433 7954 7955 8225 8224 
11434 7955 7956 8226 8225 
11435 7956 7957 8227 8226 
11436 7957 7958 8228 8227 
11437 7958 7959 8229 8228 
11438 7959 7960 8230 8229 
11439 7960 7961 8231 8230 
11440 7961 7962 8232 8231 
11441 7962 7963 8233 8232 
11442 7963 1321 1320 8233 
11443 146 7964 1002 25 
11444 7964 7965 1003 1002 
11445 7965 7966 1004 1003 
11446 7966 7967 1005 1004 
11447 7967 7968 1006 1005 
11448 7968 7969 1007 1006 
11449 7969 7970 1008 1007 
11450 7970 7971 1009 1008 
11451 7971 7972 1010 1009 
11452 7972 7973 1011 1010 
11453 7973 7974 1012 1011 
11454 7974 7975 1013 1012 
11455 7975 7976 1014 1013 
11456 7976 7977 1015 1014 
11457 7977 7978 1016 1015 
11458 7978 7979 1017 1016 
11459 7979 7980 1018 1017 
11460 7980 7981 1019 1018 
11461 7981 7982 1020 1019 
11462 7982 7983 1021 1020 
11463 7983 7984 1022 1021 
11464 7984 7985 1023 1022 
11465 7985 7986 1024 1023 
11466 7986 7987 1025 1024 
11467 7987 7988 1026 1025 
11468 7988 7989 1027 1026 
11469 7989 7990 1028 1027 
11470 7990 7991 1029 1028 
11471 7991 7992 1030 1029 
11472 7992 7993 1031 1030 
11473 7993 7994 1032 1031 
11474 7994 7995 1033 1032 
11475 7995 7996 1034 1033 
11476 7996 7997 1035 1034 
11477 7997 7998 1036 1035 
11478 7998 7999 1037 1036 
11479 7999 8000 1038 1037 
11480 8000 8001 1039 1038 
11481 8001 8002 1040 1039 
11482 8002 8003 1041 1040 
11483 8003 8004 1042 1041 
11484 8004 8005 1043 1042 
11485 8005 8006 1044 1043 
11486 8006 8007 1045 1044 
11487 8007 8008 1046 1045 
11488 8008 8009 1047 1046 
11489 8009 8010 1048 1047 
11490 8010 8011 1049 1048 
11491 8011 8012 1050 1049 
11492 8012 8013 1051 1050 
11493 8013 8014 1052 1051 
11494 8014 8015 1053 1052 
11495 8015 8016 1054 1053 
11496 8016 8017 1055 1054 
11497 8017 8018 1056 1055 
11498 8018 8019 1057 1056 
11499 8019 8020 1058 1057 
11500 8020 8021 1059 1058 
11501 8021 8022 1060 1059 
11502 8022 8023 1061 1060 
11503 8023 8024 1062 1061 
11504 8024 8025 1063 1062 
11505 8025 8026 1064 1063 
11506 8026 8027 1065 1064 
11507 8027 8028 1066 1065 
11508 8028 8029 1067 1066 
11509 8029 8030 1068 1067 
11510 8030 8031 1069 1068 
11511 8031 8032 1070 1069 
11512 8032 8033 1071 1070 
11513 8033 8034 1072 1071 
11514 8034 8035 1073 1072 
11515 8035 8036 1074 1073 
11516 8036 8037 1075 1074 
11517 8037 8038 1076 1075 
11518 8038 8039 1077 1076 
11519 8039 8040 1078 1077 
11520 8040 8041 1079 1078 
11521 8041 8042 1080 1079 
11522 8042 8043 1081 1080 
11523 8043 8044 1082 1081 
11524 8044 8045 1083 1082 
11525 8045 8046 1084 1083 
11526 8046 8047 1085 1084 
11527 8047 8048 1086 1085 
11528 8048 8049 1087 1086 
11529 8049 8050 1088 1087 
11530 8050 8051 1089 1088 
11531 8051 8052 1090 1089 
11532 8052 8053 1091 1090 
11533 8053 8054 1092 1091 
11534 8054 8055 1093 1092 
11535 8055 8056 1094 1093 
11536 8056 8057 1095 1094 
11537 8057 8058 1096 1095 
11538 8058 8059 1097 1096 
11539 8059 8060 1098 1097 
11540 8060 8061 1099 1098 
11541 8061 8062 1100 1099 
11542 8062 8063 1101 1100 
11543 8063 8064 1102 1101 
11544 8064 8065 1103 1102 
11545 8065 8066 1104 1103 
11546 8066 8067 1105 1104 
11547 8067 8068 1106 1105 
11548 8068 8069 1107 1106 
11549 8069 8070 1108 1107 
11550 8070 8071 1109 1108 
11551 8071 8072 1110 1109 
11552 8072 8073 1111 1110 
11553 8073 8074 1112 1111 
11554 8074 8075 1113 1112 
11555 8075 8076 1114 1113 
11556 8076 8077 1115 1114 
11557 8077 8078 1116 1115 
11558 8078 8079 1117 1116 
11559 8079 8080 1118 1117 
11560 8080 8081 1119 1118 
11561 8081 8082 1120 1119 
11562 8082 8083 1121 1120 
11563 8083 8084 1122 1121 
11564 8084 8085 1123 1122 
11565 8085 8086 1124 1123 
11566 8086 8087 1125 1124 
11567 8087 8088 1126 1125 
11568 8088 8089 1127 1126 
11569 8089 8090 1128 1127 
11570 8090 8091 1129 1128 
11571 8091 8092 1130 1129 
11572 8092 8093 1131 1130 
11573 8093 8094 1132 1131 
11574 8094 8095 1133 1132 
11575 8095 8096 1134 1133 
11576 8096 8097 1135 1134 
11577 8097 8098 1136 1135 
11578 8098 8099 1137 1136 
11579 8099 8100 1138 1137 
11580 8100 8101 1139 1138 
11581 8101 8102 1140 1139 
11582 8102 8103 1141 1140 
11583 8103 8104 1142 1141 
11584 8104 8105 1143 1142 
11585 8105 8106 1144 1143 
11586 8106 8107 1145 1144 
11587 8107 8108 1146 1145 
11588 8108 8109 1147 1146 
11589 8109 8110 1148 1147 
11590 8110 8111 1149 1148 
11591 8111 8112 1150 1149 
11592 8112 8113 1151 1150 
11593 8113 8114 1152 1151 
11594 8114 8115 1153 1152 
11595 8115 8116 1154 1153 
11596 8116 8117 1155 1154 
11597 8117 8118 1156 1155 
11598 8118 8119 1157 1156 
11599 8119 8120 1158 1157 
11600 8120 8121 1159 1158 
11601 8121 8122 1160 1159 
11602 8122 8123 1161 1160 
11603 8123 8124 1162 1161 
11604 8124 8125 1163 1162 
11605 8125 8126 1164 1163 
11606 8126 8127 1165 1164 
11607 8127 8128 1166 1165 
11608 8128 8129 1167 1166 
11609 8129 8130 1168 1167 
11610 8130 8131 1169 1168 
11611 8131 8132 1170 1169 
11612 8132 8133 1171 1170 
11613 8133 8134 1172 1171 
11614 8134 8135 1173 1172 
11615 8135 8136 1174 1173 
11616 8136 8137 1175 1174 
11617 8137 8138 1176 1175 
11618 8138 8139 1177 1176 
11619 8139 8140 1178 1177 
11620 8140 8141 1179 1178 
11621 8141 8142 1180 1179 
11622 8142 8143 1181 1180 
11623 8143 8144 1182 1181 
11624 8144 8145 1183 1182 
11625 8145 8146 1184 1183 
11626 8146 8147 1185 1184 
11627 8147 8148 1186 1185 
11628 8148 8149 1187 1186 
11629 8149 8150 1188 1187 
11630 8150 8151 1189 1188 
11631 8151 8152 1190 1189 
11632 8152 8153 1191 1190 
11633 8153 8154 1192 1191 
11634 8154 8155 1193 1192 
11635 8155 8156 1194 1193 
11636 8156 8157 1195 1194 
11637 8157 8158 1196 1195 
11638 8158 8159 1197 1196 
11639 8159 8160 1198 1197 
11640 8160 8161 1199 1198 
11641 8161 8162 1200 1199 
11642 8162 8163 1201 1200 
11643 8163 8164 1202 1201 
11644 8164 8165 1203 1202 
11645 8165 8166 1204 1203 
11646 8166 8167 1205 1204 
11647 8167 8168 1206 1205 
11648 8168 8169 1207 1206 
11649 8169 8170 1208 1207 
11650 8170 8171 1209 1208 
11651 8171 8172 1210 1209 
11652 8172 8173 1211 1210 
11653 8173 8174 1212 1211 
11654 8174 8175 1213 1212 
11655 8175 8176 1214 1213 
11656 8176 8177 1215 1214 
11657 8177 8178 1216 1215 
11658 8178 8179 1217 1216 
11659 8179 8180 1218 1217 
11660 8180 8181 1219 1218 
11661 8181 8182 1220 1219 
11662 8182 8183 1221 1220 
11663 8183 8184 1222 1221 
11664 8184 8185 1223 1222 
11665 8185 8186 1224 1223 
11666 8186 8187 1225 1224 
11667 8187 8188 1226 1225 
11668 8188 8189 1227 1226 
11669 8189 8190 1228 1227 
11670 8190 8191 1229 1228 
11671 8191 8192 1230 1229 
11672 8192 8193 1231 1230 
11673 8193 8194 1232 1231 
11674 8194 8195 1233 1232 
11675 8195 8196 1234 1233 
11676 8196 8197 1235 1234 
11677 8197 8198 1236 1235 
11678 8198 8199 1237 1236 
11679 8199 8200 1238 1237 
11680 8200 8201 1239 1238 
11681 8201 8202 1240 1239 
11682 8202 8203 1241 1240 
11683 8203 8204 1242 1241 
11684 8204 8205 1243 1242 
11685 8205 8206 1244 1243 
11686 8206 8207 1245 1244 
11687 8207 8208 1246 1245 
11688 8208 8209 1247 1246 
11689 8209 8210 1248 1247 
11690 8210 8211 1249 1248 
11691 8211 8212 1250 1249 
11692 8212 8213 1251 1250 
11693 8213 8214 1252 1251 
11694 8214 8215 1253 1252 
11695 8215 8216 1254 1253 
11696 8216 8217 1255 1254 
11697 8217 8218 1256 1255 
11698 8218 8219 1257 1256 
11699 8219 8220 1258 1257 
11700 8220 8221 1259 1258 
11701 8221 8222 1260 1259 
11702 8222 8223 1261 1260 
11703 8223 8224 1262 1261 
11704 8224 8225 1263 1262 
11705 8225 8226 1264 1263 
11706 8226 8227 1265 1264 
11707 8227 8228 1266 1265 
11708 8228 8229 1267 1266 
11709 8229 8230 1268 1267 
11710 8230 8231 1269 1268 
11711 8231 8232 1270 1269 
11712 8232 8233 1271 1270 
11713 8233 1320 24 1271 
$EndElements
