$MeshFormat
4.1 0 8
$EndMeshFormat
$Entities
28 31 4 0
1 -100 0 0 0 
2 0 0 0 0 
3 0 -4 0 0 
4 17 -4 0 0 
5 17 0 0 0 
6 1017 0 0 0 
7 1017 0.25 0 0 
8 1017 150 0 0 
9 -100 150 0 0 
10 -100 0.25 0 0 
11 0 0.25 0 0 
12 17 0.25 0 0 
13 8.5 0 0 0 
14 8.5 0.25 0 0 
15 0 -2 0 0 
16 8.5 -4 0 0 
17 17 -2 0 0 
18 -16 0 0 0 
19 -16 0.25 0 0 
20 33 0 0 0 
21 33 0.25 0 0 
22 -100 3.75 0 0 
23 -16 3.75 0 0 
24 33 3.75 0 0 
25 1017 3.75 0 0 
26 0 3.75 0 0 
27 8.5 3.75 0 0 
28 17 3.75 0 0 
1 -100 0 0 -16 0 0 1 4 2 1 -18 
2 0 -2 0 0 0 0 1 4 2 2 -15 
3 0 -4 0 8.5 -4 0 1 4 2 3 -16 
4 17 -4 0 17 -2 0 1 4 2 4 -17 
5 17 0 0 33 0 0 1 4 2 5 -20 
6 1017 0 0 1017 0.25 0 1 2 2 6 -7 
7 1017 0.25 0 1017 3.75 0 1 2 2 7 -25 
8 -100 150 0 1017 150 0 1 3 2 8 -9 
9 -100 3.75 0 -100 150 0 1 1 2 9 -22 
10 -100 0.25 0 -16 0.25 0 0 2 10 -19 
11 -100 0 0 -100 0.25 0 1 1 2 10 -1 
12 0 0.25 0 8.5 0.25 0 0 2 11 -14 
13 17 0.25 0 33 0.25 0 0 2 12 -21 
14 0 0 0 8.5 0 0 0 2 2 -13 
15 0 -4 0 0 -2 0 1 4 2 15 -3 
16 8.5 -4 0 17 -4 0 1 4 2 16 -4 
17 17 -2 0 17 0 0 1 4 2 17 -5 
18 8.5 0 0 17 0 0 0 2 13 -5 
19 8.5 0.25 0 17 0.25 0 0 2 14 -12 
20 -16 0 0 0 0 0 1 4 2 18 -2 
21 33 0 0 1017 0 0 1 4 2 20 -6 
22 33 0.25 0 1017 0.25 0 0 2 21 -7 
23 -16 0.25 0 0 0.25 0 0 2 19 -11 
24 -100 0.25 0 -100 3.75 0 1 1 2 22 -10 
25 1017 3.75 0 1017 150 0 1 2 2 25 -8 
26 33 3.75 0 1017 3.75 0 0 2 25 -24 
27 -100 3.75 0 -16 3.75 0 0 2 22 -23 
30 -16 3.75 0 0 3.75 0 0 2 23 -26 
31 0 3.75 0 8.5 3.75 0 0 2 26 -27 
32 8.5 3.75 0 17 3.75 0 0 2 27 -28 
33 17 3.75 0 33 3.75 0 0 2 28 -24 
1 -100 0 0 1017 0.25 0 1 100 14 5 21 6 -22 -13 -19 -12 -23 -10 11 1 20 14 18 
2 0 -4 0 17 0 0 1 101 8 2 15 3 16 4 17 -18 -14 
3 -100 3.75 0 1017 150 0 1 102 9 -26 25 8 9 27 30 31 32 33 
4 -100 0.25 0 1017 3.75 0 1 101 14 -24 27 30 31 32 33 -26 -7 -22 -13 -19 -12 -23 -10 
$EndEntities
$Nodes
63 3046 1 3046
0 1 0 1
1
-100 0 0
0 2 0 1
2
0 0 0
0 3 0 1
3
0 -4 0
0 4 0 1
4
17 -4 0
0 5 0 1
5
17 0 0
0 6 0 1
6
1017 0 0
0 7 0 1
7
1017 0.25 0
0 8 0 1
8
1017 150 0
0 9 0 1
9
-100 150 0
0 10 0 1
10
-100 0.25 0
0 11 0 1
11
0 0.25 0
0 12 0 1
12
17 0.25 0
0 13 0 1
13
8.5 0 0
0 14 0 1
14
8.5 0.25 0
0 15 0 1
15
0 -2 0
0 16 0 1
16
8.5 -4 0
0 17 0 1
17
17 -2 0
0 18 0 1
18
-16 0 0
0 19 0 1
19
-16 0.25 0
0 20 0 1
20
33 0 0
0 21 0 1
21
33 0.25 0
0 22 0 1
22
-100 3.75 0
0 23 0 1
23
-16 3.75 0
0 24 0 1
24
33 3.75 0
0 25 0 1
25
1017 3.75 0
0 26 0 1
26
0 3.75 0
0 27 0 1
27
8.5 3.75 0
0 28 0 1
28
17 3.75 0
1 1 0 20
29
30
31
32
33
34
35
36
37
38
39
40
41
42
43
44
45
46
47
48
-95.58527046937866 0 0
-91.21468823266611 0 0
-86.88781181580126 0 0
-82.60420415867605 0 0
-78.36343257713837 0 0
-74.16506871323423 0 0
-70.00868848650846 0 0
-65.8938720650049 0 0
-61.82020381161699 0 0
-57.78727223817417 0 0
-53.79466997884192 0 0
-49.84199374553916 0 0
-45.92884427781397 0 0
-42.05482630008553 0 0
-38.21954849842778 0 0
-34.42262347905 0 0
-30.66366770896734 0 0
-26.94230149533101 0 0
-23.25814894616619 0 0
-19.61083791980739 0 0
1 2 0 5
49
50
51
52
53
0 -0.2520451004993588 0
0 -0.5320952113854481 0
0 -0.8432620018450413 0
0 -1.189002879643356 0
0 -1.573159410489188 0
1 3 0 10
54
55
56
57
58
59
60
61
62
63
0.280136041177634 -4 0
0.6133968688252258 -4 0
1.009857023475387 -4 0
1.481501588052943 -4 0
2.042588485880692 -4 0
2.710079482577486 -4 0
3.504152978925601 -4 0
4.448813982310322 -4 0
5.57261979147547 -4 0
6.909543301165295 -4 0
1 4 0 4
64
65
66
67
17 -3.679568263642129 0
17 -3.32353300132605 0
17 -2.92793826608603 0
17 -2.488388561411255 0
1 5 0 19
68
69
70
71
72
73
74
75
76
77
78
79
80
81
82
83
84
85
86
17.24605024581311 0 0
17.51943940374818 0 0
17.82320513552158 0 0
18.1607226112834 0 0
18.53574203288767 0 0
18.95243027467511 0 0
19.41541721105216 0 0
19.92984714552183 0 0
20.5014359584417 0 0
21.13653464153264 0 0
21.84219983564694 0 0
22.62627226660425 0 0
23.49746386401938 0 0
24.46545453502126 0 0
25.54099972001837 0 0
26.73604991629158 0 0
28.06388347335265 0 0
29.53925409966763 0 0
31.17855478732765 0 0
1 6 0 0
1 7 0 2
87
88
1017 0.7500000064154115 0
1017 1.750000003309903 0
1 8 0 16
89
90
91
92
93
94
95
96
97
98
99
100
101
102
103
104
951.294117647059 150 0
885.588235294118 150 0
819.882352941177 150 0
754.1764705882359 150 0
688.4705882352947 150 0
622.7647058823536 150 0
557.0588235294123 150 0
491.3529411764711 150 0
425.6470588235298 150 0
359.9411764705886 150 0
294.2352941176474 150 0
228.5294117647062 150 0
162.8235294117649 150 0
97.11764705882365 150 0
31.41176470588243 150 0
-34.29411764705878 150 0
1 9 0 10
105
106
107
108
109
110
111
112
113
114
-100 118.0013358388749 0
-100 92.40240446935607 0
-100 71.92325935088901 0
-100 55.53994313122593 0
-100 42.43329018160613 0
-100 31.94796775765479 0
-100 23.55970984317716 0
-100 16.8491036351063 0
-100 11.48061855653569 0
-100 7.185830365230487 0
1 10 0 20
115
116
117
118
119
120
121
122
123
124
125
126
127
128
129
130
131
132
133
134
-95.58527046937866 0.25 0
-91.21468823266611 0.25 0
-86.88781181580126 0.25 0
-82.60420415867605 0.25 0
-78.36343257713837 0.25 0
-74.16506871323423 0.25 0
-70.00868848650846 0.25 0
-65.8938720650049 0.25 0
-61.82020381161699 0.25 0
-57.78727223817417 0.25 0
-53.79466997884192 0.25 0
-49.84199374553916 0.25 0
-45.92884427781397 0.25 0
-42.05482630008553 0.25 0
-38.21954849842778 0.25 0
-34.42262347905 0.25 0
-30.66366770896734 0.25 0
-26.94230149533101 0.25 0
-23.25814894616619 0.25 0
-19.61083791980739 0.25 0
1 11 0 0
1 12 0 10
135
136
137
138
139
140
141
142
143
144
0.280136041177634 0.25 0
0.6133968688252258 0.25 0
1.009857023475387 0.25 0
1.481501588052943 0.25 0
2.042588485880692 0.25 0
2.710079482577486 0.25 0
3.504152978925601 0.25 0
4.448813982310322 0.25 0
5.57261979147547 0.25 0
6.909543301165295 0.25 0
1 13 0 19
145
146
147
148
149
150
151
152
153
154
155
156
157
158
159
160
161
162
163
17.24605024581311 0.25 0
17.51943940374818 0.25 0
17.82320513552158 0.25 0
18.1607226112834 0.25 0
18.53574203288767 0.25 0
18.95243027467511 0.25 0
19.41541721105216 0.25 0
19.92984714552183 0.25 0
20.5014359584417 0.25 0
21.13653464153264 0.25 0
21.84219983564694 0.25 0
22.62627226660425 0.25 0
23.49746386401938 0.25 0
24.46545453502126 0.25 0
25.54099972001837 0.25 0
26.73604991629158 0.25 0
28.06388347335265 0.25 0
29.53925409966763 0.25 0
31.17855478732765 0.25 0
1 14 0 10
164
165
166
167
168
169
170
171
172
173
0.280136041177634 0 0
0.6133968688252258 0 0
1.009857023475387 0 0
1.481501588052943 0 0
2.042588485880692 0 0
2.710079482577486 0 0
3.504152978925601 0 0
4.448813982310322 0 0
5.57261979147547 0 0
6.909543301165295 0 0
1 15 0 4
174
175
176
177
0 -2.488388560281903 0
0 -2.927938265323717 0
0 -3.323533000868663 0
0 -3.679568263436304 0
1 16 0 12
178
179
180
181
182
183
184
185
186
187
188
189
9.77439581020325 -4 0
10.89266313944683 -4 0
11.87392956136389 -4 0
12.73497930071839 -4 0
13.4905403112816 -4 0
14.15353620324196 -4 0
14.73530729478749 -4 0
15.24580457974016 -4 0
15.69375994364706 -4 0
16.08683550235296 -4 0
16.43175468084647 -4 0
16.73441720488886 -4 0
1 17 0 5
190
191
192
193
194
17 -1.573159410048073 0
17 -1.18900287885172 0
17 -0.843262000774925 0
17 -0.532095210097778 0
17 -0.2520450990483494 0
1 18 0 12
195
196
197
198
199
200
201
202
203
204
205
206
9.77439581020325 0 0
10.89266313944683 0 0
11.87392956136389 0 0
12.73497930071839 0 0
13.4905403112816 0 0
14.15353620324196 0 0
14.73530729478749 0 0
15.24580457974016 0 0
15.69375994364706 0 0
16.08683550235296 0 0
16.43175468084647 0 0
16.73441720488886 0 0
1 19 0 12
207
208
209
210
211
212
213
214
215
216
217
218
9.77439581020325 0.25 0
10.89266313944683 0.25 0
11.87392956136389 0.25 0
12.73497930071839 0.25 0
13.4905403112816 0.25 0
14.15353620324196 0.25 0
14.73530729478749 0.25 0
15.24580457974016 0.25 0
15.69375994364706 0.25 0
16.08683550235296 0.25 0
16.43175468084647 0.25 0
16.73441720488886 0.25 0
1 20 0 11
219
220
221
222
223
224
225
226
227
228
229
-12.56387102550211 0 0
-9.814967827483326 0 0
-7.615845275505103 0 0
-5.856547240121069 0 0
-4.449108798773148 0 0
-3.323158057514666 0 0
-2.422397473963761 0 0
-1.70178900303172 0 0
-1.125302221953403 0 0
-0.6641127840878518 0 0
-0.2951612244527322 0 0
1 21 0 263
230
231
232
233
234
235
236
237
238
239
240
241
242
243
244
245
246
247
248
249
250
251
252
253
254
255
256
257
258
259
260
261
262
263
264
265
266
267
268
269
270
271
272
273
274
275
276
277
278
279
280
281
282
283
284
285
286
287
288
289
290
291
292
293
294
295
296
297
298
299
300
301
302
303
304
305
306
307
308
309
310
311
312
313
314
315
316
317
318
319
320
321
322
323
324
325
326
327
328
329
330
331
332
333
334
335
336
337
338
339
340
341
342
343
344
345
346
347
348
349
350
351
352
353
354
355
356
357
358
359
360
361
362
363
364
365
366
367
368
369
370
371
372
373
374
375
376
377
378
379
380
381
382
383
384
385
386
387
388
389
390
391
392
393
394
395
396
397
398
399
400
401
402
403
404
405
406
407
408
409
410
411
412
413
414
415
416
417
418
419
420
421
422
423
424
425
426
427
428
429
430
431
432
433
434
435
436
437
438
439
440
441
442
443
444
445
446
447
448
449
450
451
452
453
454
455
456
457
458
459
460
461
462
463
464
465
466
467
468
469
470
471
472
473
474
475
476
477
478
479
480
481
482
483
484
485
486
487
488
489
490
491
492
34.79427320709885 0 0
36.59756282632057 0 0
38.40991420060592 0 0
40.23137287139217 0 0
42.06198461695229 0 0
43.90179541872781 0 0
45.75085149933366 0 0
47.60919932604254 0 0
49.47688557532782 0 0
51.35395717276297 0 0
53.24046129471675 0 0
55.13644533479119 0 0
57.04195690518407 0 0
58.95704391340792 0 0
60.88175449092857 0 0
62.81613699568724 0 0
64.76024001427193 0 0
66.71411240122453 0 0
68.67780324486822 0 0
70.65136186953455 0 0
72.63483787492569 0 0
74.62828110199828 0 0
76.63174163524644 0 0
78.64526980537201 0 0
80.66891619160484 0 0
82.70273166115952 0 0
84.74676733521451 0 0
86.80107455454208 0 0
88.86570491865417 0 0
90.94071028858744 0 0
93.02614282608805 0 0
95.122054923308 0 0
97.22849924129278 0 0
99.34552871358238 0 0
101.4731965112419 0 0
103.6115561196304 0 0
105.760661267461 0 0
107.9205659293764 0 0
110.0913243652935 0 0
112.2729911233894 0 0
114.4656210427382 0 0
116.6692692195898 0 0
118.8839910096804 0 0
121.1098420680497 0 0
123.3468783150126 0 0
125.5951559389012 0 0
127.8547314355761 0 0
130.1256615748305 0 0
132.4080034028278 0 0
134.701814282045 0 0
137.0071518573739 0 0
139.3240740589919 0 0
141.6526390685054 0 0
143.992905394993 0 0
146.3449318786783 0 0
148.7087775832752 0 0
151.0845019088454 0 0
153.4721645587903 0 0
155.871825505391 0 0
158.2835450667224 0 0
160.7073838362272 0 0
163.1434026854413 0 0
165.5916628038588 0 0
168.0522257388203 0 0
170.5251533255474 0 0
173.0105076895929 0 0
175.5083512871678 0 0
178.0187468712568 0 0
180.5417574948762 0 0
183.0774465507337 0 0
185.6258777749021 0 0
188.1871151762824 0 0
190.7612231130846 0 0
193.3482662598255 0 0
195.9483096099931 0 0
198.561418516589 0 0
201.1876586217139 0 0
203.8270958964233 0 0
206.4797966809751 0 0
209.145827651608 0 0
211.8252557502252 0 0
214.5181482974789 0 0
217.2245729971079 0 0
219.9445978285817 0 0
222.678291123882 0 0
225.425721571179 0 0
228.1869581814187 0 0
230.9620703284327 0 0
233.7511277894419 0 0
236.554200638594 0 0
239.3713592496672 0 0
242.2026744101493 0 0
245.0482172883513 0 0
247.90805940018 0 0
250.7822725759355 0 0
253.6709290370153 0 0
256.5741013635029 0 0
259.4918624970602 0 0
262.4242857453207 0 0
265.3714447848358 0 0
268.3334136655241 0 0
271.3102668136729 0 0
274.3020790364438 0 0
277.3089254881834 0 0
280.3308817113626 0 0
283.3680236400628 0 0
286.4204276042237 0 0
289.4881702964378 0 0
292.5713287758888 0 0
295.6699805086992 0 0
298.7842033722964 0 0
301.9140755855732 0 0
305.0596757860722 0 0
308.2210830344407 0 0
311.3983767446791 0 0
314.5916367614162 0 0
317.800943327704 0 0
321.0263770517385 0 0
324.268018984592 0 0
327.525950587731 0 0
330.8002537001977 0 0
334.0910105793169 0 0
337.3983039050553 0 0
340.7222167840436 0 0
344.0628327539969 0 0
347.4202357510534 0 0
350.7945101138893 0 0
354.1857406246152 0 0
357.5940125133249 0 0
361.0194113888111 0 0
364.4620233159371 0 0
367.9219348206513 0 0
371.3992328204318 0 0
374.8940046653757 0 0
378.4063381793245 0 0
381.9363216278904 0 0
385.4840436857826 0 0
389.0495934780284 0 0
392.6330605844848 0 0
396.2345350811262 0 0
399.8541074714944 0 0
403.4918686538222 0 0
407.1479100359253 0 0
410.8223234667498 0 0
414.5152012770998 0 0
418.2266362851218 0 0
421.9567217268548 0 0
425.705551297797 0 0
429.4732191941408 0 0
433.2598201180274 0 0
437.0654492086115 0 0
440.8902020466503 0 0
444.7341747326295 0 0
448.5974638554172 0 0
452.4801664965958 0 0
456.3823802359372 0 0
460.3042030823119 0 0
464.2457335519983 0 0
468.207070710646 0 0
472.1883141050338 0 0
476.1895637308789 0 0
480.21092014804 0 0
484.252484412758 0 0
488.3143580452087 0 0
492.3966431084415 0 0
496.4994421399988 0 0
500.6228582301926 0 0
504.7669950280375 0 0
508.931956635864 0 0
513.1178476877265 0 0
517.3247733550729 0 0
521.5528393516997 0 0
525.802151939549 0 0
530.0728178602571 0 0
534.3649444137513 0 0
538.6786394273796 0 0
543.0140112974699 0 0
547.3711689589118 0 0
551.750221889683 0 0
556.1512801172578 0 0
560.5744541864669 0 0
565.019855275872 0 0
569.4875950933131 0 0
573.9777858442685 0 0
578.4905403476106 0 0
583.0259720051523 0 0
587.5841947701284 0 0
592.1653231899561 0 0
596.7694723751712 0 0
601.3967580051584 0 0
606.047296333923 0 0
610.721204195907 0 0
615.4185990118493 0 0
620.1395988314378 0 0
624.8843222661313 0 0
629.6528885311639 0 0
634.4454174523228 0 0
639.2620294345419 0 0
644.1028455051554 0 0
648.9679872829483 0 0
653.857576984382 0 0
658.7717374662375 0 0
663.7105922323001 0 0
668.6742653658499 0 0
673.6628815724523 0 0
678.6765662231585 0 0
683.7154452875064 0 0
688.7796453393373 0 0
693.869293636884 0 0
698.9845180559188 0 0
704.1254470957106 0 0
709.2922099592583 0 0
714.484936486586 0 0
719.7037571240953 0 0
724.9488029678321 0 0
730.220205806802 0 0
735.5180981299602 0 0
740.8426130226276 0 0
746.1938842459754 0 0
751.5720462812741 0 0
756.9772342628496 0 0
762.409583984952 0 0
767.869231945058 0 0
773.3563153512101 0 0
778.8709720551764 0 0
784.4133405959103 0 0
789.9835602066721 0 0
795.5817708585954 0 0
801.2081132315383 0 0
806.8627286838845 0 0
812.5457592966328 0 0
818.2573478436746 0 0
823.9976378356187 0 0
829.7667735272956 0 0
835.5648998514455 0 0
841.3921624623414 0 0
847.248707816953 0 0
853.1346830724183 0 0
859.0502360927167 0 0
864.9955154932495 0 0
870.9706706479889 0 0
876.9758517341709 0 0
883.011209629683 0 0
889.0768959567653 0 0
895.1730631268726 0 0
901.2998642746118 0 0
907.4574533387326 0 0
913.6459850704169 0 0
919.8656149673866 0 0
926.1164992815761 0 0
932.3987950636065 0 0
938.712660170938 0 0
945.0582532389686 0 0
951.4357337256878 0 0
957.8452618465118 0 0
964.2869986550721 0 0
970.7611060156568 0 0
977.2677465735069 0 0
983.8070838372511 0 0
990.3792820765722 0 0
996.9845064036646 0 0
1003.622922818738 0 0
1010.294698144989 0 0
1 22 0 263
493
494
495
496
497
498
499
500
501
502
503
504
505
506
507
508
509
510
511
512
513
514
515
516
517
518
519
520
521
522
523
524
525
526
527
528
529
530
531
532
533
534
535
536
537
538
539
540
541
542
543
544
545
546
547
548
549
550
551
552
553
554
555
556
557
558
559
560
561
562
563
564
565
566
567
568
569
570
571
572
573
574
575
576
577
578
579
580
581
582
583
584
585
586
587
588
589
590
591
592
593
594
595
596
597
598
599
600
601
602
603
604
605
606
607
608
609
610
611
612
613
614
615
616
617
618
619
620
621
622
623
624
625
626
627
628
629
630
631
632
633
634
635
636
637
638
639
640
641
642
643
644
645
646
647
648
649
650
651
652
653
654
655
656
657
658
659
660
661
662
663
664
665
666
667
668
669
670
671
672
673
674
675
676
677
678
679
680
681
682
683
684
685
686
687
688
689
690
691
692
693
694
695
696
697
698
699
700
701
702
703
704
705
706
707
708
709
710
711
712
713
714
715
716
717
718
719
720
721
722
723
724
725
726
727
728
729
730
731
732
733
734
735
736
737
738
739
740
741
742
743
744
745
746
747
748
749
750
751
752
753
754
755
34.79427320709885 0.25 0
36.59756282632057 0.25 0
38.40991420060592 0.25 0
40.23137287139217 0.25 0
42.06198461695229 0.25 0
43.90179541872781 0.25 0
45.75085149933366 0.25 0
47.60919932604254 0.25 0
49.47688557532782 0.25 0
51.35395717276297 0.25 0
53.24046129471675 0.25 0
55.13644533479119 0.25 0
57.04195690518407 0.25 0
58.95704391340792 0.25 0
60.88175449092857 0.25 0
62.81613699568724 0.25 0
64.76024001427193 0.25 0
66.71411240122453 0.25 0
68.67780324486822 0.25 0
70.65136186953455 0.25 0
72.63483787492569 0.25 0
74.62828110199828 0.25 0
76.63174163524644 0.25 0
78.64526980537201 0.25 0
80.66891619160484 0.25 0
82.70273166115952 0.25 0
84.74676733521451 0.25 0
86.80107455454208 0.25 0
88.86570491865417 0.25 0
90.94071028858744 0.25 0
93.02614282608805 0.25 0
95.122054923308 0.25 0
97.22849924129278 0.25 0
99.34552871358238 0.25 0
101.4731965112419 0.25 0
103.6115561196304 0.25 0
105.760661267461 0.25 0
107.9205659293764 0.25 0
110.0913243652935 0.25 0
112.2729911233894 0.25 0
114.4656210427382 0.25 0
116.6692692195898 0.25 0
118.8839910096804 0.25 0
121.1098420680497 0.25 0
123.3468783150126 0.25 0
125.5951559389012 0.25 0
127.8547314355761 0.25 0
130.1256615748305 0.25 0
132.4080034028278 0.25 0
134.701814282045 0.25 0
137.0071518573739 0.25 0
139.3240740589919 0.25 0
141.6526390685054 0.25 0
143.992905394993 0.25 0
146.3449318786783 0.25 0
148.7087775832752 0.25 0
151.0845019088454 0.25 0
153.4721645587903 0.25 0
155.871825505391 0.25 0
158.2835450667224 0.25 0
160.7073838362272 0.25 0
163.1434026854413 0.25 0
165.5916628038588 0.25 0
168.0522257388203 0.25 0
170.5251533255474 0.25 0
173.0105076895929 0.25 0
175.5083512871678 0.25 0
178.0187468712568 0.25 0
180.5417574948762 0.25 0
183.0774465507337 0.25 0
185.6258777749021 0.25 0
188.1871151762824 0.25 0
190.7612231130846 0.25 0
193.3482662598255 0.25 0
195.9483096099931 0.25 0
198.561418516589 0.25 0
201.1876586217139 0.25 0
203.8270958964233 0.25 0
206.4797966809751 0.25 0
209.145827651608 0.25 0
211.8252557502252 0.25 0
214.5181482974789 0.25 0
217.2245729971079 0.25 0
219.9445978285817 0.25 0
222.678291123882 0.25 0
225.425721571179 0.25 0
228.1869581814187 0.25 0
230.9620703284327 0.25 0
233.7511277894419 0.25 0
236.554200638594 0.25 0
239.3713592496672 0.25 0
242.2026744101493 0.25 0
245.0482172883513 0.25 0
247.90805940018 0.25 0
250.7822725759355 0.25 0
253.6709290370153 0.25 0
256.5741013635029 0.25 0
259.4918624970602 0.25 0
262.4242857453207 0.25 0
265.3714447848358 0.25 0
268.3334136655241 0.25 0
271.3102668136729 0.25 0
274.3020790364438 0.25 0
277.3089254881834 0.25 0
280.3308817113626 0.25 0
283.3680236400628 0.25 0
286.4204276042237 0.25 0
289.4881702964378 0.25 0
292.5713287758888 0.25 0
295.6699805086992 0.25 0
298.7842033722964 0.25 0
301.9140755855732 0.25 0
305.0596757860722 0.25 0
308.2210830344407 0.25 0
311.3983767446791 0.25 0
314.5916367614162 0.25 0
317.800943327704 0.25 0
321.0263770517385 0.25 0
324.268018984592 0.25 0
327.525950587731 0.25 0
330.8002537001977 0.25 0
334.0910105793169 0.25 0
337.3983039050553 0.25 0
340.7222167840436 0.25 0
344.0628327539969 0.25 0
347.4202357510534 0.25 0
350.7945101138893 0.25 0
354.1857406246152 0.25 0
357.5940125133249 0.25 0
361.0194113888111 0.25 0
364.4620233159371 0.25 0
367.9219348206513 0.25 0
371.3992328204318 0.25 0
374.8940046653757 0.25 0
378.4063381793245 0.25 0
381.9363216278904 0.25 0
385.4840436857826 0.25 0
389.0495934780284 0.25 0
392.6330605844848 0.25 0
396.2345350811262 0.25 0
399.8541074714944 0.25 0
403.4918686538222 0.25 0
407.1479100359253 0.25 0
410.8223234667498 0.25 0
414.5152012770998 0.25 0
418.2266362851218 0.25 0
421.9567217268548 0.25 0
425.705551297797 0.25 0
429.4732191941408 0.25 0
433.2598201180274 0.25 0
437.0654492086115 0.25 0
440.8902020466503 0.25 0
444.7341747326295 0.25 0
448.5974638554172 0.25 0
452.4801664965958 0.25 0
456.3823802359372 0.25 0
460.3042030823119 0.25 0
464.2457335519983 0.25 0
468.207070710646 0.25 0
472.1883141050338 0.25 0
476.1895637308789 0.25 0
480.21092014804 0.25 0
484.252484412758 0.25 0
488.3143580452087 0.25 0
492.3966431084415 0.25 0
496.4994421399988 0.25 0
500.6228582301926 0.25 0
504.7669950280375 0.25 0
508.931956635864 0.25 0
513.1178476877265 0.25 0
517.3247733550729 0.25 0
521.5528393516997 0.25 0
525.802151939549 0.25 0
530.0728178602571 0.25 0
534.3649444137513 0.25 0
538.6786394273796 0.25 0
543.0140112974699 0.25 0
547.3711689589118 0.25 0
551.750221889683 0.25 0
556.1512801172578 0.25 0
560.5744541864669 0.25 0
565.019855275872 0.25 0
569.4875950933131 0.25 0
573.9777858442685 0.25 0
578.4905403476106 0.25 0
583.0259720051523 0.25 0
587.5841947701284 0.25 0
592.1653231899561 0.25 0
596.7694723751712 0.25 0
601.3967580051584 0.25 0
606.047296333923 0.25 0
610.721204195907 0.25 0
615.4185990118493 0.25 0
620.1395988314378 0.25 0
624.8843222661313 0.25 0
629.6528885311639 0.25 0
634.4454174523228 0.25 0
639.2620294345419 0.25 0
644.1028455051554 0.25 0
648.9679872829483 0.25 0
653.857576984382 0.25 0
658.7717374662375 0.25 0
663.7105922323001 0.25 0
668.6742653658499 0.25 0
673.6628815724523 0.25 0
678.6765662231585 0.25 0
683.7154452875064 0.25 0
688.7796453393373 0.25 0
693.869293636884 0.25 0
698.9845180559188 0.25 0
704.1254470957106 0.25 0
709.2922099592583 0.25 0
714.484936486586 0.25 0
719.7037571240953 0.25 0
724.9488029678321 0.25 0
730.220205806802 0.25 0
735.5180981299602 0.25 0
740.8426130226276 0.25 0
746.1938842459754 0.25 0
751.5720462812741 0.25 0
756.9772342628496 0.25 0
762.409583984952 0.25 0
767.869231945058 0.25 0
773.3563153512101 0.25 0
778.8709720551764 0.25 0
784.4133405959103 0.25 0
789.9835602066721 0.25 0
795.5817708585954 0.25 0
801.2081132315383 0.25 0
806.8627286838845 0.25 0
812.5457592966328 0.25 0
818.2573478436746 0.25 0
823.9976378356187 0.25 0
829.7667735272956 0.25 0
835.5648998514455 0.25 0
841.3921624623414 0.25 0
847.248707816953 0.25 0
853.1346830724183 0.25 0
859.0502360927167 0.25 0
864.9955154932495 0.25 0
870.9706706479889 0.25 0
876.9758517341709 0.25 0
883.011209629683 0.25 0
889.0768959567653 0.25 0
895.1730631268726 0.25 0
901.2998642746118 0.25 0
907.4574533387326 0.25 0
913.6459850704169 0.25 0
919.8656149673866 0.25 0
926.1164992815761 0.25 0
932.3987950636065 0.25 0
938.712660170938 0.25 0
945.0582532389686 0.25 0
951.4357337256878 0.25 0
957.8452618465118 0.25 0
964.2869986550721 0.25 0
970.7611060156568 0.25 0
977.2677465735069 0.25 0
983.8070838372511 0.25 0
990.3792820765722 0.25 0
996.9845064036646 0.25 0
1003.622922818738 0.25 0
1010.294698144989 0.25 0
1 23 0 11
756
757
758
759
760
761
762
763
764
765
766
-12.56387102550211 0.25 0
-9.814967827483326 0.25 0
-7.615845275505103 0.25 0
-5.856547240121069 0.25 0
-4.449108798773148 0.25 0
-3.323158057514666 0.25 0
-2.422397473963761 0.25 0
-1.70178900303172 0.25 0
-1.125302221953403 0.25 0
-0.6641127840878518 0.25 0
-0.2951612244527322 0.25 0
1 24 0 2
767
768
-100 1.749999985925977 0
-100 0.749999984684742 0
1 25 0 10
769
770
771
772
773
774
775
776
777
778
1017 7.185830660888021 0
1017 11.48061886021433 0
1017 16.84910396803901 0
1017 23.55971020098647 0
1017 31.94796817867106 0
1017 42.43329055812072 0
1017 55.5399435000393 0
1017 71.92325965393924 0
1017 92.40240467022062 0
1017 118.0013358676537 0
1 26 0 263
779
780
781
782
783
784
785
786
787
788
789
790
791
792
793
794
795
796
797
798
799
800
801
802
803
804
805
806
807
808
809
810
811
812
813
814
815
816
817
818
819
820
821
822
823
824
825
826
827
828
829
830
831
832
833
834
835
836
837
838
839
840
841
842
843
844
845
846
847
848
849
850
851
852
853
854
855
856
857
858
859
860
861
862
863
864
865
866
867
868
869
870
871
872
873
874
875
876
877
878
879
880
881
882
883
884
885
886
887
888
889
890
891
892
893
894
895
896
897
898
899
900
901
902
903
904
905
906
907
908
909
910
911
912
913
914
915
916
917
918
919
920
921
922
923
924
925
926
927
928
929
930
931
932
933
934
935
936
937
938
939
940
941
942
943
944
945
946
947
948
949
950
951
952
953
954
955
956
957
958
959
960
961
962
963
964
965
966
967
968
969
970
971
972
973
974
975
976
977
978
979
980
981
982
983
984
985
986
987
988
989
990
991
992
993
994
995
996
997
998
999
1000
1001
1002
1003
1004
1005
1006
1007
1008
1009
1010
1011
1012
1013
1014
1015
1016
1017
1018
1019
1020
1021
1022
1023
1024
1025
1026
1027
1028
1029
1030
1031
1032
1033
1034
1035
1036
1037
1038
1039
1040
1041
1010.294698180996 3.75 0
1003.622922854008 3.75 0
996.9845064382033 3.75 0
990.3792821103881 3.75 0
983.8070838703484 3.75 0
977.2677466058925 3.75 0
970.7611060473384 3.75 0
964.2869986860542 3.75 0
957.8452618768006 3.75 0
951.4357337552458 3.75 0
945.0582532677735 3.75 0
938.7126601989962 3.75 0
932.398795090925 3.75 0
926.1164993081616 3.75 0
919.8656149932451 3.75 0
913.6459850955555 3.75 0
907.457453363158 3.75 0
901.2998642983297 3.75 0
895.1730631498899 3.75 0
889.0768959791416 3.75 0
883.0112096513724 3.75 0
876.9758517551784 3.75 0
870.970670668321 3.75 0
864.9955155129126 3.75 0
859.0502361117167 3.75 0
853.1346830907611 3.75 0
847.2487078346451 3.75 0
841.3921624793888 3.75 0
835.5648998678535 3.75 0
829.7667735430709 3.75 0
823.9976378507674 3.75 0
818.2573478582023 3.75 0
812.5457593105455 3.75 0
806.8627286971875 3.75 0
801.2081132442379 3.75 0
795.581770870697 3.75 0
789.983560218181 3.75 0
784.4133406068321 3.75 0
778.8709720655173 3.75 0
773.3563153609749 3.75 0
767.8692319542532 3.75 0
762.4095839935832 3.75 0
756.9772342709216 3.75 0
751.5720462887923 3.75 0
746.1938842529451 3.75 0
740.8426130290542 3.75 0
735.5180981358485 3.75 0
730.2202058121582 3.75 0
724.9488029726599 3.75 0
719.7037571284009 3.75 0
714.4849364903744 3.75 0
709.2922099625343 3.75 0
704.1254470984795 3.75 0
698.9845180581857 3.75 0
693.8692936386529 3.75 0
688.779645340614 3.75 0
683.7154452882958 3.75 0
678.6765662234652 3.75 0
673.6628815722819 3.75 0
668.6742653652061 3.75 0
663.710592231188 3.75 0
658.7717374646622 3.75 0
653.8575769823474 3.75 0
648.9679872804594 3.75 0
644.1028455022165 3.75 0
639.2620294311578 3.75 0
634.445417448497 3.75 0
629.6528885269025 3.75 0
624.884322261438 3.75 0
620.1395988263173 3.75 0
615.4185990063061 3.75 0
610.7212041899458 3.75 0
606.0472963275474 3.75 0
601.396757998373 3.75 0
596.7694723679799 3.75 0
592.1653231823636 3.75 0
587.584194762139 3.75 0
583.0259719967698 3.75 0
578.4905403388393 3.75 0
573.9777858351123 3.75 0
569.4875950837759 3.75 0
565.0198552659577 3.75 0
560.5744541761806 3.75 0
556.1512801066026 3.75 0
551.750221878664 3.75 0
547.3711689475319 3.75 0
543.0140112857327 3.75 0
538.6786394152892 3.75 0
534.364944401312 3.75 0
530.072817847472 3.75 0
525.8021519264222 3.75 0
521.5528393382348 3.75 0
517.3247733412738 3.75 0
513.1178476735965 3.75 0
508.9319566213906 3.75 0
504.7669950132167 3.75 0
500.6228582150285 3.75 0
496.4994421244952 3.75 0
492.3966430926024 3.75 0
488.3143580290373 3.75 0
484.2524843962583 3.75 0
480.2109201312156 3.75 0
476.1895637137336 3.75 0
472.1883140875713 3.75 0
468.2070706928696 3.75 0
464.245733533912 3.75 0
460.3042030639187 3.75 0
456.3823802172404 3.75 0
452.4801664775994 3.75 0
448.5974638361247 3.75 0
444.7341747130441 3.75 0
440.8902020267756 3.75 0
437.0654491884512 3.75 0
433.2598200975846 3.75 0
429.4732191734186 3.75 0
425.7055512767994 3.75 0
421.9567217055848 3.75 0
418.2266362635823 3.75 0
414.515201255294 3.75 0
410.8223234446807 3.75 0
407.1479100135966 3.75 0
403.491868631237 3.75 0
399.8541074486557 3.75 0
396.2345350580373 3.75 0
392.6330605611487 3.75 0
389.0495934544479 3.75 0
385.4840436619605 3.75 0
381.9363216038306 3.75 0
378.4063381550296 3.75 0
374.8940046408482 3.75 0
371.3992327956748 3.75 0
367.921934795668 3.75 0
364.4620232907304 3.75 0
361.0194113633834 3.75 0
357.5940124876794 3.75 0
354.1857405987549 3.75 0
350.7945100878163 3.75 0
347.4202357247708 3.75 0
344.0628327275075 3.75 0
340.72221675735 3.75 0
337.3983038781606 3.75 0
334.0910105522233 3.75 0
330.800253672908 3.75 0
327.5259505602475 3.75 0
324.2680189569177 3.75 0
321.026377023876 3.75 0
317.8009432996557 3.75 0
314.5916367331848 3.75 0
311.3983767162669 3.75 0
308.2210830058506 3.75 0
305.0596757573068 3.75 0
301.9140755566347 3.75 0
298.7842033431875 3.75 0
295.6699804794222 3.75 0
292.5713287464461 3.75 0
289.4881702668317 3.75 0
286.4204275744568 3.75 0
283.3680236101374 3.75 0
280.330881681281 3.75 0
277.3089254579476 3.75 0
274.3020790060564 3.75 0
271.3102667831359 3.75 0
268.3334136348403 3.75 0
265.3714447540071 3.75 0
262.424285714349 3.75 0
259.4918624659477 3.75 0
256.5741013322521 3.75 0
253.6709290056283 3.75 0
250.782272544414 3.75 0
247.9080593685264 3.75 0
245.0482172565678 3.75 0
242.2026743782643 3.75 0
239.3713592176298 3.75 0
236.5542006064331 3.75 0
233.7511277571597 3.75 0
230.962070296031 3.75 0
228.1869581488995 3.75 0
225.4257215385441 3.75 0
222.6782910911334 3.75 0
219.9445977957214 3.75 0
217.2245729641377 3.75 0
214.5181482644012 3.75 0
211.8252557170418 3.75 0
209.1458276183208 3.75 0
206.4797966475857 3.75 0
203.8270958629336 3.75 0
201.1876585881262 3.75 0
198.5614184829047 3.75 0
195.9483095762143 3.75 0
193.3482662259536 3.75 0
190.7612230791212 3.75 0
188.1871151422297 3.75 0
185.6258777407621 3.75 0
183.0774465165078 3.75 0
180.541757460566 3.75 0
178.0187468368639 3.75 0
175.508351252694 3.75 0
173.0105076550399 3.75 0
170.5251532909168 3.75 0
168.0522257041137 3.75 0
165.5916627690776 3.75 0
163.1434026505875 3.75 0
160.7073838013024 3.75 0
158.2835450317282 3.75 0
155.8718254703286 3.75 0
153.4721645236618 3.75 0
151.0845018736521 3.75 0
148.7087775480184 3.75 0
146.3449318433595 3.75 0
143.9929053596137 3.75 0
141.6526390330673 3.75 0
139.3240740234967 3.75 0
137.0071518218228 3.75 0
134.7018142464394 3.75 0
132.4080033671693 3.75 0
130.1256615391205 3.75 0
127.854731399816 3.75 0
125.5951559030921 3.75 0
123.3468782791563 3.75 0
121.1098420321476 3.75 0
118.8839909737336 3.75 0
116.6692691835996 3.75 0
114.4656210067062 3.75 0
112.2729910873167 3.75 0
110.0913243291814 3.75 0
107.9205658932262 3.75 0
105.7606612312741 3.75 0
103.6115560834079 3.75 0
101.473196474985 3.75 0
99.34552867729258 3.75 0
97.22849920497129 3.75 0
95.12205488695565 3.75 0
93.02614278970623 3.75 0
90.94071025217727 3.75 0
88.86570488221719 3.75 0
86.8010745180793 3.75 0
84.74676729872715 3.75 0
82.70273162464889 3.75 0
80.66891615507188 3.75 0
78.6452697688178 3.75 0
76.63174159867208 3.75 0
74.62828106540508 3.75 0
72.63483783831475 3.75 0
70.65136183290656 3.75 0
68.67780320822453 3.75 0
66.71411236456652 3.75 0
64.76023997760035 3.75 0
62.81613695900307 3.75 0
60.88175445423281 3.75 0
58.95704387670162 3.75 0
57.04195686846856 3.75 0
55.1364452980672 3.75 0
53.24046125798554 3.75 0
51.35395713602531 3.75 0
49.47688553858484 3.75 0
47.60919928929513 3.75 0
45.75085146258277 3.75 0
43.90179538197469 3.75 0
42.06198458019765 3.75 0
40.23137283463677 3.75 0
38.40991416385111 3.75 0
36.59756278956672 3.75 0
34.79427317034686 3.75 0
1 27 0 20
1042
1043
1044
1045
1046
1047
1048
1049
1050
1051
1052
1053
1054
1055
1056
1057
1058
1059
1060
1061
-95.58527046937866 3.75 0
-91.21468823266611 3.75 0
-86.88781181580126 3.75 0
-82.60420415867605 3.75 0
-78.36343257713837 3.75 0
-74.16506871323423 3.75 0
-70.00868848650846 3.75 0
-65.8938720650049 3.75 0
-61.82020381161699 3.75 0
-57.78727223817417 3.75 0
-53.79466997884192 3.75 0
-49.84199374553916 3.75 0
-45.92884427781397 3.75 0
-42.05482630008553 3.75 0
-38.21954849842778 3.75 0
-34.42262347905 3.75 0
-30.66366770896734 3.75 0
-26.94230149533101 3.75 0
-23.25814894616619 3.75 0
-19.61083791980739 3.75 0
1 30 0 11
1062
1063
1064
1065
1066
1067
1068
1069
1070
1071
1072
-12.56387102550211 3.75 0
-9.814967827483326 3.75 0
-7.615845275505103 3.75 0
-5.856547240121069 3.75 0
-4.449108798773148 3.75 0
-3.323158057514666 3.75 0
-2.422397473963761 3.75 0
-1.70178900303172 3.75 0
-1.125302221953403 3.75 0
-0.6641127840878518 3.75 0
-0.2951612244527322 3.75 0
1 31 0 10
1073
1074
1075
1076
1077
1078
1079
1080
1081
1082
0.280136041177634 3.75 0
0.6133968688252258 3.75 0
1.009857023475387 3.75 0
1.481501588052943 3.75 0
2.042588485880692 3.75 0
2.710079482577486 3.75 0
3.504152978925601 3.75 0
4.448813982310322 3.75 0
5.57261979147547 3.75 0
6.909543301165295 3.75 0
1 32 0 12
1083
1084
1085
1086
1087
1088
1089
1090
1091
1092
1093
1094
9.77439581020325 3.75 0
10.89266313944683 3.75 0
11.87392956136389 3.75 0
12.73497930071839 3.75 0
13.4905403112816 3.75 0
14.15353620324196 3.75 0
14.73530729478749 3.75 0
15.24580457974016 3.75 0
15.69375994364706 3.75 0
16.08683550235296 3.75 0
16.43175468084647 3.75 0
16.73441720488886 3.75 0
1 33 0 19
1095
1096
1097
1098
1099
1100
1101
1102
1103
1104
1105
1106
1107
1108
1109
1110
1111
1112
1113
17.24605024581311 3.75 0
17.51943940374818 3.75 0
17.82320513552158 3.75 0
18.1607226112834 3.75 0
18.53574203288767 3.75 0
18.95243027467511 3.75 0
19.41541721105216 3.75 0
19.92984714552183 3.75 0
20.5014359584417 3.75 0
21.13653464153264 3.75 0
21.84219983564694 3.75 0
22.62627226660425 3.75 0
23.49746386401938 3.75 0
24.46545453502126 3.75 0
25.54099972001837 3.75 0
26.73604991629158 3.75 0
28.06388347335265 3.75 0
29.53925409966763 3.75 0
31.17855478732765 3.75 0
2 1 0 0
2 2 0 230
1114
1115
1116
1117
1118
1119
1120
1121
1122
1123
1124
1125
1126
1127
1128
1129
1130
1131
1132
1133
1134
1135
1136
1137
1138
1139
1140
1141
1142
1143
1144
1145
1146
1147
1148
1149
1150
1151
1152
1153
1154
1155
1156
1157
1158
1159
1160
1161
1162
1163
1164
1165
1166
1167
1168
1169
1170
1171
1172
1173
1174
1175
1176
1177
1178
1179
1180
1181
1182
1183
1184
1185
1186
1187
1188
1189
1190
1191
1192
1193
1194
1195
1196
1197
1198
1199
1200
1201
1202
1203
1204
1205
1206
1207
1208
1209
1210
1211
1212
1213
1214
1215
1216
1217
1218
1219
1220
1221
1222
1223
1224
1225
1226
1227
1228
1229
1230
1231
1232
1233
1234
1235
1236
1237
1238
1239
1240
1241
1242
1243
1244
1245
1246
1247
1248
1249
1250
1251
1252
1253
1254
1255
1256
1257
1258
1259
1260
1261
1262
1263
1264
1265
1266
1267
1268
1269
1270
1271
1272
1273
1274
1275
1276
1277
1278
1279
1280
1281
1282
1283
1284
1285
1286
1287
1288
1289
1290
1291
1292
1293
1294
1295
1296
1297
1298
1299
1300
1301
1302
1303
1304
1305
1306
1307
1308
1309
1310
1311
1312
1313
1314
1315
1316
1317
1318
1319
1320
1321
1322
1323
1324
1325
1326
1327
1328
1329
1330
1331
1332
1333
1334
1335
1336
1337
1338
1339
1340
1341
1342
1343
0.280136041177634 -3.679568263439696 0
0.280136041177634 -3.3235330008762 0
0.280136041177634 -2.927938265336278 0
0.280136041177634 -2.488388560300512 0
0.280136041177634 -2 0
0.280136041177634 -1.573159410481919 0
0.280136041177634 -1.189002879630311 0
0.280136041177634 -0.8432620018274073 0
0.280136041177634 -0.5320952113642292 0
0.280136041177634 -0.2520451004754483 0
0.6133968688252258 -3.679568263443731 0
0.6133968688252258 -3.323533000885167 0
0.6133968688252258 -2.927938265351222 0
0.6133968688252258 -2.488388560322653 0
0.6133968688252258 -2 0
0.6133968688252258 -1.573159410473272 0
0.6133968688252258 -1.189002879614792 0
0.6133968688252258 -0.8432620018064292 0
0.6133968688252258 -0.5320952113389863 0
0.6133968688252258 -0.2520451004470032 0
1.009857023475387 -3.679568263448531 0
1.009857023475387 -3.323533000895833 0
1.009857023475387 -2.927938265369001 0
1.009857023475387 -2.48838856034899 0
1.009857023475387 -2 0
1.009857023475387 -1.573159410462984 0
1.009857023475387 -1.18900287959633 0
1.009857023475387 -0.8432620017814729 0
1.009857023475387 -0.5320952113089561 0
1.009857023475387 -0.252045100413164 0
1.481501588052943 -3.679568263454241 0
1.481501588052943 -3.323533000908522 0
1.481501588052943 -2.92793826539015 0
1.481501588052943 -2.488388560380322 0
1.481501588052943 -2 0
1.481501588052943 -1.573159410450746 0
1.481501588052943 -1.189002879574367 0
1.481501588052943 -0.8432620017517838 0
1.481501588052943 -0.5320952112732313 0
1.481501588052943 -0.2520451003729074 0
2.042588485880692 -3.679568263461035 0
2.042588485880692 -3.323533000923619 0
2.042588485880691 -2.92793826541531 0
2.042588485880692 -2.488388560417597 0
2.042588485880692 -2 0
2.042588485880692 -1.573159410436187 0
2.042588485880692 -1.189002879548239 0
2.042588485880692 -0.8432620017164643 0
2.042588485880692 -0.5320952112307316 0
2.042588485880691 -0.2520451003250167 0
2.710079482577486 -3.679568263469116 0
2.710079482577486 -3.323533000941578 0
2.710079482577486 -2.927938265445242 0
2.710079482577486 -2.48838856046194 0
2.710079482577486 -2 0
2.710079482577486 -1.573159410418867 0
2.710079482577486 -1.189002879517156 0
2.710079482577486 -0.8432620016744472 0
2.710079482577486 -0.5320952111801724 0
2.710079482577486 -0.2520451002680441 0
3.504152978925601 -3.67956826347873 0
3.504152978925601 -3.323533000962943 0
3.504152978925601 -2.92793826548085 0
3.504152978925601 -2.488388560514693 0
3.504152978925601 -2 0
3.504152978925601 -1.573159410398263 0
3.504152978925601 -1.189002879480178 0
3.504152978925602 -0.8432620016244619 0
3.504152978925601 -0.532095211120025 0
3.504152978925601 -0.252045100200267 0
4.448813982310321 -3.679568263490168 0
4.448813982310321 -3.323533000988359 0
4.448813982310321 -2.927938265523211 0
4.448813982310322 -2.488388560577448 0
4.448813982310322 -2 0
4.448813982310321 -1.573159410373751 0
4.448813982310322 -1.189002879436189 0
4.448813982310322 -0.8432620015649972 0
4.448813982310322 -0.5320952110484714 0
4.448813982310322 -0.252045100119637 0
5.57261979147547 -3.679568263503775 0
5.57261979147547 -3.323533001018595 0
5.57261979147547 -2.927938265573604 0
5.572619791475471 -2.488388560652106 0
5.57261979147547 -2 0
5.57261979147547 -1.57315941034459 0
5.572619791475471 -1.189002879383857 0
5.572619791475471 -0.843262001494256 0
5.57261979147547 -0.5320952109633486 0
5.57261979147547 -0.2520451000237163 0
6.909543301165296 -3.679568263519961 0
6.909543301165296 -3.323533001054565 0
6.909543301165295 -2.927938265633554 0
6.909543301165296 -2.488388560740921 0
6.909543301165295 -2 0
6.909543301165295 -1.5731594103099 0
6.909543301165295 -1.1890028793216 0
6.909543301165295 -0.8432620014100991 0
6.909543301165295 -0.5320952108620827 0
6.909543301165295 -0.2520450999096051 0
8.5 -3.679568263539217 0
8.5 -3.323533001097356 0
8.5 -2.927938265704873 0
8.5 -2.488388560846579 0
8.5 -2 0
8.5 -1.573159410268631 0
8.5 -1.189002879247538 0
8.5 -0.8432620013099832 0
8.5 -0.532095210741613 0
8.5 -0.2520450997738541 0
9.774395810203249 -3.679568263554646 0
9.77439581020325 -3.323533001131644 0
9.77439581020325 -2.92793826576202 0
9.77439581020325 -2.48838856093124 0
9.77439581020325 -2 0
9.774395810203249 -1.573159410235563 0
9.77439581020325 -1.189002879188193 0
9.774395810203249 -0.8432620012297625 0
9.774395810203249 -0.5320952106450836 0
9.77439581020325 -0.2520450996650799 0
10.89266313944683 -3.679568263568186 0
10.89266313944683 -3.323533001161731 0
10.89266313944683 -2.927938265812165 0
10.89266313944683 -2.488388561005529 0
10.89266313944683 -2 0
10.89266313944683 -1.573159410206546 0
10.89266313944683 -1.189002879136119 0
10.89266313944683 -0.8432620011593697 0
10.89266313944683 -0.5320952105603802 0
10.89266313944683 -0.2520450995696319 0
11.87392956136389 -3.679568263580066 0
11.87392956136389 -3.323533001188133 0
11.87392956136389 -2.927938265856167 0
11.87392956136389 -2.488388561070717 0
11.87392956136389 -2 0
11.87392956136389 -1.573159410181084 0
11.87392956136389 -1.189002879090425 0
11.87392956136389 -0.8432620010976009 0
11.87392956136389 -0.5320952104860539 0
11.87392956136389 -0.2520450994858774 0
12.73497930071838 -3.679568263590491 0
12.73497930071839 -3.323533001211299 0
12.73497930071839 -2.927938265894778 0
12.73497930071839 -2.488388561127919 0
12.73497930071839 -2 0
12.73497930071839 -1.573159410158742 0
12.73497930071839 -1.189002879050328 0
12.73497930071839 -0.8432620010433995 0
12.73497930071839 -0.5320952104208332 0
12.73497930071839 -0.2520450994123837 0
13.4905403112816 -3.679568263599639 0
13.4905403112816 -3.323533001231628 0
13.4905403112816 -2.927938265928659 0
13.4905403112816 -2.488388561178112 0
13.4905403112816 -2 0
13.4905403112816 -1.573159410139136 0
13.4905403112816 -1.189002879015144 0
13.49054031128161 -0.8432620009958385 0
13.4905403112816 -0.532095210363603 0
13.4905403112816 -0.252045099347894 0
14.15353620324196 -3.679568263607666 0
14.15353620324196 -3.323533001249466 0
14.15353620324196 -2.927938265958389 0
14.15353620324196 -2.488388561222157 0
14.15353620324196 -2 0
14.15353620324196 -1.573159410121933 0
14.15353620324196 -1.189002878984271 0
14.15353620324196 -0.8432620009541043 0
14.15353620324196 -0.5320952103133842 0
14.15353620324196 -0.252045099291305 0
14.73530729478749 -3.679568263614709 0
14.73530729478749 -3.323533001265118 0
14.73530729478749 -2.927938265984476 0
14.73530729478749 -2.488388561260805 0
14.73530729478749 -2 0
14.73530729478749 -1.573159410106837 0
14.73530729478749 -1.18900287895718 0
14.73530729478749 -0.8432620009174827 0
14.73530729478749 -0.5320952102693179 0
14.73530729478749 -0.2520450992416488 0
15.24580457974016 -3.67956826362089 0
15.24580457974016 -3.323533001278853 0
15.24580457974016 -2.927938266007368 0
15.24580457974016 -2.48838856129472 0
15.24580457974016 -2 0
15.24580457974016 -1.573159410093591 0
15.24580457974016 -1.189002878933408 0
15.24580457974016 -0.8432620008853482 0
15.24580457974016 -0.5320952102306502 0
15.24580457974016 -0.2520450991980761 0
15.69375994364706 -3.679568263626313 0
15.69375994364707 -3.323533001290905 0
15.69375994364707 -2.927938266027455 0
15.69375994364707 -2.488388561324478 0
15.69375994364706 -2 0
15.69375994364706 -1.573159410081967 0
15.69375994364707 -1.189002878912548 0
15.69375994364706 -0.8432620008571501 0
15.69375994364706 -0.5320952101967196 0
15.69375994364707 -0.2520450991598415 0
16.08683550235296 -3.679568263631073 0
16.08683550235296 -3.323533001301481 0
16.08683550235296 -2.927938266045081 0
16.08683550235296 -2.488388561350591 0
16.08683550235296 -2 0
16.08683550235296 -1.573159410071768 0
16.08683550235296 -1.189002878894243 0
16.08683550235296 -0.8432620008324068 0
16.08683550235296 -0.5320952101669461 0
16.08683550235296 -0.2520450991262911 0
16.43175468084647 -3.679568263635249 0
16.43175468084647 -3.323533001310761 0
16.43175468084647 -2.927938266060548 0
16.43175468084647 -2.488388561373505 0
16.43175468084647 -2 0
16.43175468084647 -1.573159410062818 0
16.43175468084647 -1.189002878878182 0
16.43175468084648 -0.8432620008106948 0
16.43175468084647 -0.5320952101408198 0
16.43175468084647 -0.252045099096851 0
16.73441720488886 -3.679568263638914 0
16.73441720488886 -3.323533001318904 0
16.73441720488886 -2.92793826607412 0
16.73441720488886 -2.488388561393611 0
16.73441720488886 -2 0
16.73441720488886 -1.573159410054965 0
16.73441720488886 -1.189002878864087 0
16.73441720488886 -0.8432620007916429 0
16.73441720488886 -0.5320952101178946 0
16.73441720488886 -0.2520450990710178 0
2 3 0 1023
1344
1345
1346
1347
1348
1349
1350
1351
1352
1353
1354
1355
1356
1357
1358
1359
1360
1361
1362
1363
1364
1365
1366
1367
1368
1369
1370
1371
1372
1373
1374
1375
1376
1377
1378
1379
1380
1381
1382
1383
1384
1385
1386
1387
1388
1389
1390
1391
1392
1393
1394
1395
1396
1397
1398
1399
1400
1401
1402
1403
1404
1405
1406
1407
1408
1409
1410
1411
1412
1413
1414
1415
1416
1417
1418
1419
1420
1421
1422
1423
1424
1425
1426
1427
1428
1429
1430
1431
1432
1433
1434
1435
1436
1437
1438
1439
1440
1441
1442
1443
1444
1445
1446
1447
1448
1449
1450
1451
1452
1453
1454
1455
1456
1457
1458
1459
1460
1461
1462
1463
1464
1465
1466
1467
1468
1469
1470
1471
1472
1473
1474
1475
1476
1477
1478
1479
1480
1481
1482
1483
1484
1485
1486
1487
1488
1489
1490
1491
1492
1493
1494
1495
1496
1497
1498
1499
1500
1501
1502
1503
1504
1505
1506
1507
1508
1509
1510
1511
1512
1513
1514
1515
1516
1517
1518
1519
1520
1521
1522
1523
1524
1525
1526
1527
1528
1529
1530
1531
1532
1533
1534
1535
1536
1537
1538
1539
1540
1541
1542
1543
1544
1545
1546
1547
1548
1549
1550
1551
1552
1553
1554
1555
1556
1557
1558
1559
1560
1561
1562
1563
1564
1565
1566
1567
1568
1569
1570
1571
1572
1573
1574
1575
1576
1577
1578
1579
1580
1581
1582
1583
1584
1585
1586
1587
1588
1589
1590
1591
1592
1593
1594
1595
1596
1597
1598
1599
1600
1601
1602
1603
1604
1605
1606
1607
1608
1609
1610
1611
1612
1613
1614
1615
1616
1617
1618
1619
1620
1621
1622
1623
1624
1625
1626
1627
1628
1629
1630
1631
1632
1633
1634
1635
1636
1637
1638
1639
1640
1641
1642
1643
1644
1645
1646
1647
1648
1649
1650
1651
1652
1653
1654
1655
1656
1657
1658
1659
1660
1661
1662
1663
1664
1665
1666
1667
1668
1669
1670
1671
1672
1673
1674
1675
1676
1677
1678
1679
1680
1681
1682
1683
1684
1685
1686
1687
1688
1689
1690
1691
1692
1693
1694
1695
1696
1697
1698
1699
1700
1701
1702
1703
1704
1705
1706
1707
1708
1709
1710
1711
1712
1713
1714
1715
1716
1717
1718
1719
1720
1721
1722
1723
1724
1725
1726
1727
1728
1729
1730
1731
1732
1733
1734
1735
1736
1737
1738
1739
1740
1741
1742
1743
1744
1745
1746
1747
1748
1749
1750
1751
1752
1753
1754
1755
1756
1757
1758
1759
1760
1761
1762
1763
1764
1765
1766
1767
1768
1769
1770
1771
1772
1773
1774
1775
1776
1777
1778
1779
1780
1781
1782
1783
1784
1785
1786
1787
1788
1789
1790
1791
1792
1793
1794
1795
1796
1797
1798
1799
1800
1801
1802
1803
1804
1805
1806
1807
1808
1809
1810
1811
1812
1813
1814
1815
1816
1817
1818
1819
1820
1821
1822
1823
1824
1825
1826
1827
1828
1829
1830
1831
1832
1833
1834
1835
1836
1837
1838
1839
1840
1841
1842
1843
1844
1845
1846
1847
1848
1849
1850
1851
1852
1853
1854
1855
1856
1857
1858
1859
1860
1861
1862
1863
1864
1865
1866
1867
1868
1869
1870
1871
1872
1873
1874
1875
1876
1877
1878
1879
1880
1881
1882
1883
1884
1885
1886
1887
1888
1889
1890
1891
1892
1893
1894
1895
1896
1897
1898
1899
1900
1901
1902
1903
1904
1905
1906
1907
1908
1909
1910
1911
1912
1913
1914
1915
1916
1917
1918
1919
1920
1921
1922
1923
1924
1925
1926
1927
1928
1929
1930
1931
1932
1933
1934
1935
1936
1937
1938
1939
1940
1941
1942
1943
1944
1945
1946
1947
1948
1949
1950
1951
1952
1953
1954
1955
1956
1957
1958
1959
1960
1961
1962
1963
1964
1965
1966
1967
1968
1969
1970
1971
1972
1973
1974
1975
1976
1977
1978
1979
1980
1981
1982
1983
1984
1985
1986
1987
1988
1989
1990
1991
1992
1993
1994
1995
1996
1997
1998
1999
2000
2001
2002
2003
2004
2005
2006
2007
2008
2009
2010
2011
2012
2013
2014
2015
2016
2017
2018
2019
2020
2021
2022
2023
2024
2025
2026
2027
2028
2029
2030
2031
2032
2033
2034
2035
2036
2037
2038
2039
2040
2041
2042
2043
2044
2045
2046
2047
2048
2049
2050
2051
2052
2053
2054
2055
2056
2057
2058
2059
2060
2061
2062
2063
2064
2065
2066
2067
2068
2069
2070
2071
2072
2073
2074
2075
2076
2077
2078
2079
2080
2081
2082
2083
2084
2085
2086
2087
2088
2089
2090
2091
2092
2093
2094
2095
2096
2097
2098
2099
2100
2101
2102
2103
2104
2105
2106
2107
2108
2109
2110
2111
2112
2113
2114
2115
2116
2117
2118
2119
2120
2121
2122
2123
2124
2125
2126
2127
2128
2129
2130
2131
2132
2133
2134
2135
2136
2137
2138
2139
2140
2141
2142
2143
2144
2145
2146
2147
2148
2149
2150
2151
2152
2153
2154
2155
2156
2157
2158
2159
2160
2161
2162
2163
2164
2165
2166
2167
2168
2169
2170
2171
2172
2173
2174
2175
2176
2177
2178
2179
2180
2181
2182
2183
2184
2185
2186
2187
2188
2189
2190
2191
2192
2193
2194
2195
2196
2197
2198
2199
2200
2201
2202
2203
2204
2205
2206
2207
2208
2209
2210
2211
2212
2213
2214
2215
2216
2217
2218
2219
2220
2221
2222
2223
2224
2225
2226
2227
2228
2229
2230
2231
2232
2233
2234
2235
2236
2237
2238
2239
2240
2241
2242
2243
2244
2245
2246
2247
2248
2249
2250
2251
2252
2253
2254
2255
2256
2257
2258
2259
2260
2261
2262
2263
2264
2265
2266
2267
2268
2269
2270
2271
2272
2273
2274
2275
2276
2277
2278
2279
2280
2281
2282
2283
2284
2285
2286
2287
2288
2289
2290
2291
2292
2293
2294
2295
2296
2297
2298
2299
2300
2301
2302
2303
2304
2305
2306
2307
2308
2309
2310
2311
2312
2313
2314
2315
2316
2317
2318
2319
2320
2321
2322
2323
2324
2325
2326
2327
2328
2329
2330
2331
2332
2333
2334
2335
2336
2337
2338
2339
2340
2341
2342
2343
2344
2345
2346
2347
2348
2349
2350
2351
2352
2353
2354
2355
2356
2357
2358
2359
2360
2361
2362
2363
2364
2365
2366
-28.80311233387502 6.952505127215699 -0
-8.715406551494215 5.464046393759515 -0
6.163557204706073 4.954717917933754 0
0.4467664550014299 4.015608635502237 0
-2.136048040831056 4.356796529603359 -0
2.240226220369927 4.368339836017461 0
-43.99183528894975 7.088222995118298 -0
-59.99758345953559 7.701415746668971 -0
948.2469935115091 9.259252456965074 0
922.9910571507032 9.149891053185877 0
897.6245159949402 8.297082193311786 0
874.09715671468 8.565634731945789 0
849.4505764850062 11.66716766383959 0
827.4614829169839 8.088489197567689 0
804.5053223222483 9.58712867865775 0
781.8487032639954 8.076070154931978 0
759.6934091322523 8.442791483410291 0
738.392452004289 9.04515948836406 0
716.0884571858462 9.382089952643037 0
696.0025491366706 8.63459097449555 0
671.5485477901997 8.80768150721677 0
646.5354163913381 7.95280303277809 0
622.2877127605287 7.434622696246505 0
599.4685427788615 8.304588618578657 0
575.7338491734361 8.968069446029851 0
553.9247758076734 7.352127283044141 0
532.0778897934266 7.553097124963356 0
511.852724718544 9.096806234494123 0
490.1546678848311 6.803096199342004 0
470.1976923902204 7.189238265536586 0
450.1850328987726 7.830070942782538 0
431.612088362179 7.558102042736118 0
412.6687623499873 6.940130686194244 0
390.5429513288601 7.425104455007181 0
373.4399496459192 7.331881992220104 0
352.8305956198101 6.315840657396597 0
332.4456321125656 6.592754365209989 0
312.6802258109467 6.163027134917232 0
294.4317469793838 6.095524308024091 0
275.8055022320019 6.34749540050938 0
258.1926145144545 6.00050409318195 0
240.5669673421155 6.600917314638936 0
224.0520063148387 6.123396201285233 0
207.75174534553 7.149913791814556 0
189.6629280431436 6.368757311307751 0
171.6843733617761 5.694816604115995 0
154.9129055864584 5.568047881059259 0
138.3615206763876 5.975451924158669 0
122.0078421692819 5.442633528636231 0
106.8228959875892 5.603359904874266 0
91.86523127627122 5.951337584244852 0
77.58351548619851 5.918073331425727 0
61.7710741792702 5.80572331089515 0
46.66312014677795 5.730748098568156 0
32.08927739366383 5.236781093402048 0
18.32480961953777 4.1044559705985 0
20.07105260846064 4.185128283189338 0
975.1301377034534 9.084462167500694 0
-72.08687859987135 7.331533208531652 -0
-87.87208866372781 62.30801400962341 -0
1006.594747963527 63.63927517204199 0
-0.479637004270292 4.037569270999043 -0
-91.17990550692403 35.84294227083927 -0
994.5674379214663 9.9113089110175 0
-84.6371108897294 7.603562729488747 -0
1009.884825452061 36.44120260225614 0
-3.752742672587118 4.948642114119797 -0
3.816585687269328 4.867364335868401 0
-51.90108349601037 6.86843384513649 -0
961.0655625925502 9.475992721201601 0
-36.50032866258013 7.143435609352774 -0
-21.42501404261969 6.932847040790054 -0
1.377790715562318 4.228394910475062 0
-94.84224092133051 19.98905558642405 -0
1011.641627741614 20.62005626070054 0
19.22510211711747 4.23583045766741 0
19.66683294336618 5.074653351170218 0
13.18386932196062 4.299124072295513 0
24.92751738945741 4.556521714006948 0
15.77220195128277 4.109999184821954 0
17.12302512290655 3.963085763481554 0
22.21734447657115 4.648078407427794 0
27.46540591180411 5.235332485111015 0
11.45913198527714 4.830824269053475 0
15.04439326328902 4.278210096448799 0
17.67132226963486 3.999915398202971 0
17.36186089217063 4.507216078090689 0
16.54342272922178 4.057424039447947 0
-5.061699246600496 96.52282614765971 -0
128.1991867302583 103.6865911950842 0
255.2287753898443 98.25726164092087 0
391.1882390724563 97.69599269552033 0
525.4128648034741 99.41175000950787 0
651.9069226988961 96.27477538056758 0
786.4642325240795 108.7767573710239 0
925.6990992668536 96.1826165528026 0
16.41485415063263 4.590545858942712 0
16.88527717748443 5.490842560443429 0
-93.60494948153236 6.855817335136693 -0
1006.603799317582 9.746158369607533 0
60.48829895295004 106.4443922122954 0
32.0934991427652 61.42714538731384 0
189.5356920110792 100.3599391348156 0
162.0775333323142 57.79367778311297 0
317.926360174922 98.38664777063067 0
291.1569925562698 62.53263448124243 0
461.1136542831205 106.3355995043386 0
492.5992895455299 58.19891042986716 0
584.3622608113329 101.9829599749475 0
562.3568128868134 58.92478551694402 0
726.6095565603425 98.59834223568578 0
754.9341893132993 56.41386865930553 0
853.6416538359373 102.8336110399933 0
815.821975398302 57.22095234182139 0
997.0476077207039 105.2018702689371 0
-78.09972761586525 102.5200073804971 -0
-95.81567993228822 14.16486109582099 -0
-90.1656355970417 16.46851314032403 -0
-88.97405248589722 22.38072175343932 -0
-84.10353435463986 18.36150527769656 -0
-82.73512311850781 24.81975566358782 -0
-77.60040320311329 20.31357784803399 -0
-76.03190312796393 27.37167398725248 -0
-70.77295280434122 22.45364840719338 -0
-68.85090511523387 29.94377006865727 -0
-79.1880313391096 13.65139024373223 -0
-82.27722556428429 32.23701600405124 -0
1011.586643661623 14.16486141412666 0
1006.104194188235 17.12829285221338 0
1005.868914211289 24.24255258605857 0
1000.153503555631 20.71123167840722 0
999.5378555699785 28.61202384405263 0
992.2967128177194 23.61895654904309 0
992.4296921806314 34.26650473103545 0
982.9826820825158 29.57222555773001 0
984.6308866770712 42.25262871981119 0
972.3238226266183 35.6376922270571 0
974.5371479641135 51.31462535949658 0
958.9091819722544 42.94461346389418 0
960.3867895431279 60.46305701669906 0
942.8321923765313 51.37867028841379 0
943.4335478040435 32.2600267285444 0
926.8047508040477 41.72243560963695 0
935.248749115658 9.90239193845138 0
982.0675998327506 20.34121908088294 0
959.7753269646604 26.65198899122567 0
978.2738860022882 70.85769782219089 0
961.346553912777 82.42079115155185 0
994.6179961067782 45.86279113955312 0
928.5754347714734 25.87898400769225 0
913.5981233489956 29.78676378273202 0
910.8261451540577 8.526828257838462 0
909.5643904638564 49.11951014691333 0
894.3583430024784 36.28925567406897 0
890.4913608937229 59.26638028584379 0
873.8648125575443 45.681819431199 0
877.7288046271822 27.32682893863701 0
886.0440528152571 8.989905855135532 0
859.1482318558416 31.27250723408491 0
861.9104498118616 10.67581228625332 0
852.7094866223409 51.00457522558856 0
841.9287826367297 35.43004589688945 0
-72.81728350955673 16.0572461517578 -0
-66.47444669694022 17.3717408576003 -0
1000.691199526496 13.02687679756678 0
1012.49702823204 9.265493860967307 0
-90.00701755316021 48.41518402852224 -0
-77.48152352668173 52.69156491685285 -0
-72.52367038567928 67.13624341262978 -0
-62.01002175380465 55.68902435594364 -0
-53.26151168997016 73.09947985268835 -0
-43.57236004169831 55.2984615008158 -0
-46.28823642976687 38.0663542916792 -0
-31.39721125504738 42.7987020152577 -0
-37.88637065610256 26.19935620657231 -0
-23.69064637237437 31.00582335709157 -0
-15.98551962881582 42.90895607913176 -0
-10.86024840989039 28.91907629643324 -0
-51.00663730353633 25.811971051631 -0
-17.70855420681313 21.06970185202131 -0
-5.903922955751932 21.46071733366175 -0
1.708850948508849 5.06366124492818 0
-0.3306494276139726 27.37135331936506 -0
3.54744074163047 20.73789886478666 0
9.403236698149113 25.4939221909299 0
-14.28193551275105 6.428197492311747 -0
13.36987702888065 17.89620149202515 0
18.76609707577239 23.91515154963617 0
22.40192213833016 18.60198510650354 0
27.5388081419472 22.86563849410208 0
39.24558175406255 5.768345213129848 0
42.82896827566606 5.569928166102954 0
35.60966029418559 5.635725780420225 0
-1.372565230846836 13.05718770059815 -0
31.43085418995964 15.38200917691613 0
36.23243472497361 22.41300831633745 0
53.99896798067358 5.179638286146883 0
58.21375955902869 6.106755407913679 0
-26.03763892402112 20.68402380714515 -0
6.719007547109025 36.91152353374183 0
6.890335114074591 11.95874807351417 0
39.21854376186477 14.58622409362287 0
45.18601312123239 21.03140435841262 0
41.82410986622253 30.61565776327691 0
52.99309033085984 28.06036665482313 0
69.50081150142177 5.645886398873695 0
73.41203400068133 5.913340606582174 0
53.11556867556208 17.84289786017764 0
46.97089341065942 13.49121041199676 0
17.20056051157593 12.2809589736141 0
50.23118942214121 38.39037001314811 0
61.82464159138417 38.80803996424561 0
26.56330607195019 11.40872368945294 0
-11.76554050093602 12.77689693539338 -0
54.82169894891342 53.90086001918295 0
75.25635963238294 48.70679798615738 0
81.4077964333345 33.06628010298236 0
93.58639994648759 42.57175767883146 0
98.77659689603375 27.96673803340599 0
109.530700218552 36.69794438359146 0
113.9219650545185 24.38772408239774 0
115.7284972709291 5.990258604390743 0
123.5050558729372 32.4069425876318 0
127.1244273322582 20.81028800064855 0
135.7685336942321 28.29273444551249 0
131.4338414288948 6.070060791272134 0
87.68674857844259 19.09065576798217 0
98.10515986783567 5.845362080299437 0
102.6528734656436 5.622533458108855 0
83.52325674191343 5.296663788817953 0
88.00485657298059 6.149030022232329 0
139.97689111489 18.70554257739822 0
147.0863097473664 25.76614263970878 0
147.3304258399017 6.083297100039908 0
104.3749657005653 17.02539943995813 0
148.9000156044714 16.50886402342081 0
162.1314141858016 6.203280328837625 0
166.6177620110924 6.113266478836868 0
156.0137595796783 22.41280035081158 0
118.1944024480547 16.46302305187709 0
133.4315431289737 42.0725874860834 0
92.36982358687436 65.17974385942325 0
68.49748723763447 23.02042927405688 0
157.2646458985215 14.09579958442361 0
163.9921409053971 19.08183510805689 0
163.7074525290923 28.88093987400525 0
173.4474303379194 23.48159982150751 0
181.9995355836354 6.318746949293702 0
173.4339107123197 33.51074812987714 0
183.7342580098694 30.8749254380673 0
181.3778927290821 45.72048892405424 0
196.6491393755161 35.93201626009254 0
198.5688899513408 21.87782359214222 0
211.7465727456534 28.7449796526574 0
215.9561552208428 5.880932496377884 0
197.4758157569389 6.259623567093914 0
202.2883898150749 6.27615373443702 0
212.2275080405801 45.31649160342653 0
225.6637225717852 37.72593156240274 0
229.0951251923952 53.88248136122586 0
242.1041252771774 40.33652560381205 0
242.6447844211805 26.85857785486731 0
249.0642831273649 6.632968581140354 0
232.241258004136 6.48022058735337 0
255.1009303347539 29.09588510699914 0
266.8853623602462 7.225693616457606 0
224.6887809687003 19.26605413339816 0
187.1943677479869 17.82982929544841 0
260.4976764609193 45.3749368647724 0
270.8161225677792 32.68746887726665 0
208.3796162428305 18.22246607195026 0
177.4859129317456 15.24381757518182 0
176.9502678213293 6.644499330965904 0
266.0000000653199 20.37582841080863 0
277.1207945923826 22.26262054777682 0
285.1505774309467 6.765607391628644 0
255.7253534198572 18.06692256819108 0
283.9380088934013 29.22602134270473 0
293.9993057190907 22.00469501182559 0
303.1767930055597 6.127179785411382 0
296.5543579883573 33.09248772228876 0
303.4898686903863 22.73391234874169 0
311.4874245005838 31.93592518624785 0
322.9197106243415 6.95486581496225 0
320.8406532573482 22.69506398466951 0
324.4785124380838 31.71756385422998 0
332.7512376360314 22.54658678165391 0
338.4931120122503 34.22577688087588 0
342.2660176892019 7.004212901918101 0
344.0855206048883 23.3487670412714 0
363.0863456033848 6.354869745543371 0
352.5421935096819 32.74656631309411 0
343.5169307779145 50.15076074709604 0
362.0541196195885 23.21218812637031 0
366.7734503279655 34.70051601785818 0
374.3708941422348 23.25813924410381 0
379.5669418968612 33.10220908929313 0
387.8993587785311 22.4969163147868 0
394.3808203066275 35.42030739430167 0
401.9788761812356 7.239666966730827 0
402.3910389096944 23.70404590222601 0
407.9317290559609 33.75007443974739 0
416.9145192960771 22.87471814708482 0
423.0500497341121 36.15145381466697 0
431.6207653071653 21.67804533210994 0
438.7601631563857 36.39512132493687 0
428.4044622933976 52.78012623179131 0
446.4700269551319 23.46802288932258 0
453.7047313073039 37.17960279471098 0
461.4964045214982 23.94118895658612 0
462.6082425660594 7.530507090853717 0
378.3075524907407 48.31182058907414 0
322.469834595092 47.50026113979605 0
358.9583099786456 68.45920265235554 0
380.6508058351951 14.23765135299041 0
468.8202757242767 37.68797489852579 0
476.6433391377706 24.21094207662935 0
477.7983716228099 6.744996633713036 0
460.4356236220509 53.69437018605266 0
404.9708174007357 49.60705263144634 0
131.6979975811265 14.06475611366753 0
143.2745838395878 13.00012171129321 0
142.8245923675909 6.031446511166412 0
24.78863114586775 33.38968290731744 0
383.7935894500577 7.941416724649776 0
440.1756880281816 14.19438038059534 0
442.9851230726981 8.237456899221064 0
53.08898443683162 11.87392761929348 0
50.22031270399206 6.131955877089486 0
59.29631618587439 13.16382701287445 0
34.61285561521969 10.47534880407977 0
424.4111050255228 15.36811659915508 0
419.7189104686886 6.559144309136989 0
334.0230644380659 71.67944799533467 0
298.8468958509351 15.45885935769453 0
202.682294799131 13.80867225760717 0
-21.66767653651688 14.84288093249902 -0
273.3415885705621 14.66435758279807 0
280.4896875001536 14.97304511840738 0
209.8401454557882 71.06302861435722 0
367.5931233797866 16.66204796343272 0
325.766242844497 15.5148390156658 0
317.9327729749578 14.12765158265522 0
305.7762938294228 14.00923896958094 0
395.4022528178587 15.86113645583899 0
183.1435173620957 69.58984652132021 0
261.02754568595 13.6201923718297 0
-85.50489672526413 79.792952394701 -0
339.7216438253603 15.29953295721344 0
347.3856231188568 14.32315369632847 0
291.3249320334879 13.83846873278997 0
999.8109436470691 80.5352493410951 0
42.71725887577629 10.57457412051793 0
1007.028204758844 48.98661702907999 0
891.0188399212814 23.25387972008505 0
867.0358119073887 69.6774595516559 0
972.5972939659533 24.09671302215202 0
-6.611392225446161 5.315200115262711 -0
-7.382514896071346 7.432114873253514 -0
-9.669646793144564 7.483892467299425 -0
-4.876487079254301 6.762270627297013 -0
-5.594722748034418 9.642686291386525 -0
-2.666413108780162 9.080485955607225 -0
248.3747826466668 60.12100897221168 0
359.7329060611734 14.45936636833113 0
-93.90171819883363 26.74698791958613 -0
409.8109731455828 16.42575953975306 0
454.4635550087631 16.80536641020293 0
902.6308824949796 21.54845829247563 0
164.0776127146771 12.40127221010637 0
170.3732984856142 14.14422308809613 0
-28.24292748488154 13.75129896045494 -0
-32.87983557632821 20.03545265542558 -0
949.365162284964 19.94666797265249 0
487.6605040114007 38.17087929008313 0
504.8297967060893 41.67154561341053 0
491.7156837866163 24.4030042730574 0
509.6507874062201 26.80582192314687 0
485.3151712510646 16.45326094533326 0
469.2012924410618 16.89738479098579 0
223.8377412203456 100.3541420421193 0
847.3685200816928 22.96810801847852 0
838.4785311736214 8.783941073862927 0
833.977174958434 23.93414486646904 0
825.9664499636667 36.62181229902547 0
819.7788740971588 20.47306309437665 0
809.0241864229032 33.91697836319005 0
794.537564450412 45.50092202145262 0
785.3692280206328 28.67630081388271 0
792.2232571480225 7.95564537612544 0
815.1823095061843 10.47477100912143 0
798.5045357404865 22.83765020044567 0
7.756102136302758 5.023216459362077 0
6.893521576068386 6.562269297444788 0
9.020753301422392 6.452685613269408 0
4.867047696703496 6.245553516832238 0
5.444338179132652 8.754579719564067 0
3.136333313503737 8.011972071148985 0
3.208182029105502 6.199318555043197 0
1.430862158614589 6.478990470617656 0
0.1418805022953049 5.73699864762375 0
0.4131468390807005 9.245707696265248 0
2.886692809985908 11.2126044656891 0
9.076956144550687 4.723906307402158 0
-25.09461061325895 54.5927682731322 -0
-4.730514791085954 56.7427256199718 -0
-29.99236903442702 74.49665593361739 -0
-45.94360439327783 97.33521119739855 -0
151.8285972033722 10.98691526942175 0
986.7018526943129 9.012932249692518 0
988.7119836540802 15.3947451341304 0
445.1108431725987 72.91153922804048 0
427.7552254675745 99.65467428361767 0
-85.94827173084235 12.86819468888587 -0
981.0212612801988 13.08965352533262 0
-80.52876951035682 7.553521799881351 -0
-17.75555647495174 6.856721684310475 -0
-15.68408699954825 10.03625875543443 -0
-89.05125002423358 7.472313037298996 -0
414.5420904894891 73.01753654847899 0
-68.91519299486691 11.88988699651166 -0
-63.59819391130981 11.57037670303491 -0
-60.37983851972013 17.62976618909513 -0
-64.10746579904703 23.85093246176772 -0
-59.21139740093083 32.04163837304164 -0
-69.14667215467652 41.51504052749073 -0
-57.5864971092512 12.3366760157529 -0
-54.48531299536164 17.79142141710575 -0
-67.95128027575664 7.295717873477785 -0
-25.0991348779877 6.933505480660017 -0
-76.41324227318145 7.882245209221495 -0
493.5759818003645 15.49860187479701 0
502.2864084866442 6.877479214853113 0
483.8663804626949 10.93975125079034 0
30.35890444349764 5.274394512527692 0
31.26641424995901 7.202636209631206 0
28.79791567424769 6.9670948543777 0
26.43395119295063 6.719669313682403 0
30.0132170758052 9.886782722792868 0
34.08615901302928 7.072105664068054 0
37.38457304716199 7.545487592491455 0
-63.85222670464479 6.813502064636332 -0
49.0356810664762 9.583885236831238 0
866.3246023422099 18.92793100782031 0
-91.89749547509224 11.19382062639161 -0
-96.79918608461533 9.333224460883084 -0
-55.54324498621656 7.824592840739185 -0
-5.128586843371449 4.805255679395396 -0
-47.8854190116766 7.116393185041538 -0
-46.21008739082829 11.74983357496704 -0
-40.9916729009681 10.60349415982946 -0
-43.41041799280228 15.94999182633857 -0
968.2796895530952 9.739601194119786 0
965.6175434755257 16.91763557561688 0
-2.914489352273111 6.767986076409827 -0
60.27006050293866 20.93584164776271 0
66.79740168443544 15.26016529021678 0
73.81926738961957 17.59234608881113 0
72.3306917912453 12.04795615806193 0
78.40456786703071 11.90629629535889 0
64.46879741832717 10.08919467192463 0
65.73717617108335 5.437872862272445 0
515.5263955703009 61.77775726158929 0
532.9973634092898 44.75647790533803 0
270.5304492525682 66.67445033429267 0
-40.35164233020225 6.467030552860106 -0
-35.67020867177613 12.77215770646294 -0
56.72175368346106 8.821133383561929 0
954.6403442653411 9.333869894447071 0
773.319736285108 44.20523671930906 0
771.2048772868648 27.82689229678089 0
743.4688478346562 36.65990580739301 0
770.6127736576144 8.490073726282608 0
778.1402831320983 21.81554982238422 0
-32.78494134120719 7.427793143257774 -0
175.1357751915605 10.14119159074641 0
28.84507272051395 4.995364370403281 0
208.100262869843 11.71960827784702 0
213.8432261437048 13.7711658069113 0
217.0681040988284 20.17060421898372 0
60.42771840544977 8.543429532991334 0
856.6661367936631 17.65371987514438 0
23.98145919952028 4.649992608894964 0
24.78529596677325 5.78333865768753 0
22.96419466294525 5.836397589424549 0
21.2926905125764 5.536588313895364 0
22.00829127916566 7.476922895113984 0
20.11669586932121 7.125639142960147 0
20.32351250794048 9.984457769346639 0
24.76329427207462 8.18203435092766 0
18.44077125339587 6.305790551060407 0
16.86010306209955 7.202455738971837 0
15.08622082006375 6.325041443356204 0
15.61939974552555 8.858337583876532 0
12.99587634540109 7.545771766076225 0
13.39381307764322 10.51097058592517 0
10.23211177802825 9.354049629052586 0
941.8854567333834 9.227166738282047 0
939.1556141479641 18.46999374676601 0
-0.9826488510726389 7.129262569914008 -0
221.7669574536571 13.6592218354205 0
229.5395780426148 13.52226981985767 0
-80.80621548035647 40.85920781247478 -0
4.973724872492937 4.713527154126878 0
-51.77280376126637 11.50003075111564 -0
254.9994729731752 11.82104127779719 0
248.5261467567435 13.91456282848838 0
263.1060655177267 9.29989634116432 0
267.0510262208542 12.44165085787264 0
271.7037931080268 9.094449219692208 0
916.5097934873195 9.743080830239261 0
920.6849810918366 18.13403392854782 0
70.22096478404009 75.07033237976897 0
94.67283610014526 94.61537288145992 0
114.1924444851927 71.95794731795228 0
282.6592825062894 44.98013489077148 0
10.19687815419351 5.014950445369511 0
11.04959972084126 6.503204928891198 0
12.27527935841217 5.717284282148871 0
26.02639043581754 4.895289932774708 0
37.4494584097656 5.289911717208304 0
33.91587397424511 5.088922507578065 0
-2.872777765739213 4.43531608778284 -0
75.37893064084436 8.125507126283777 0
929.4595500043079 8.769391978183158 0
892.6129084140898 8.139126190130444 0
868.8101720676668 10.52178962725548 0
843.9472345963557 8.758441111031575 0
903.8396719818744 11.24740266342711 0
879.6123656558746 9.75520575324345 0
883.7229285773114 16.80121725886876 0
754.2746402798572 8.446707030101232 0
756.9886187034284 14.80243359493995 0
748.7469116536771 14.56443493287624 0
751.966428720991 23.86695787455093 0
764.6922465637306 13.37293049723144 0
740.6733335593856 22.57940049474467 0
726.8160030163918 30.38539712430902 0
731.7749844049304 50.16873683768539 0
713.3762757101035 43.09842347879142 0
712.2085484269431 25.29961625532329 0
696.8834715994332 32.86964964178559 0
706.7088285305065 8.21336152177456 0
696.4641799944479 54.30146951787438 0
678.1113336874024 40.80651848980757 0
681.9329338358702 24.64370989376679 0
662.6399861287196 32.50924492215641 0
686.2475453144547 8.124761585947462 0
660.1842601489017 51.12549978410533 0
645.0040350023396 37.24944288533369 0
640.714718611947 58.41393353767337 0
625.0760697728334 44.30950753993809 0
629.6997057597176 27.11154879451793 0
614.4814060589721 30.59321961691424 0
605.1443938559156 45.30724828233505 0
590.1747227977958 32.91934524339374 0
637.3373236688917 7.387227709951271 0
584.2586484937715 51.84762241501506 0
573.2562061458632 34.43383354389825 0
582.1129754442064 21.95570562511453 0
589.4231616792229 7.204944243239662 0
566.2615175110753 20.5780827304597 0
562.814409018757 7.838134289644692 0
557.7297924217895 30.47583440389425 0
553.7566458843631 20.77578844857869 0
545.630053050319 7.042184038670573 0
642.8879473888398 22.98877696384815 0
659.3642834925142 18.96341352821993 0
661.0022855359838 9.88569890756356 0
728.9851490472212 17.00409312539167 0
595.530077845603 20.06429778367436 0
621.9639049939175 68.99097385040353 0
693.4316383918878 20.92382855865386 0
727.8699179713144 8.220835433738344 0
619.4183936871417 19.83890140000482 0
607.7926160424699 7.979365549235482 0
608.4298165916842 19.12310510501607 0
676.010879723027 69.75825655491974 0
618.2565371705804 104.0514831630002 0
544.9410799553644 31.50631203829833 0
540.0461642058 19.6268640870341 0
689.4756720865189 98.93996074947903 0
702.1539197174586 21.51812232691169 0
717.0605589704057 65.15725683503895 0
629.125652289792 15.76224633175418 0
614.9248380551788 13.37234570409028 0
719.2835300344461 17.44146930151256 0
531.6676737452519 29.20214006892524 0
529.3722130742719 18.82180787233551 0
524.1978783245233 8.07058462090351 0
521.3101990601893 23.93032148957623 0
514.9892322874366 16.5977985489135 0
507.3313898173573 15.38426818598201 0
516.8057292731444 10.83951572529986 0
522.0062104717912 13.8816391248469 0
603.7103878428389 13.1471863128959 0
574.8061565551602 16.63492061624997 0
45.95914551302578 8.507364672665707 0
40.95910737079512 7.542748316841603 0
822.4045543100718 10.33657388108466 0
808.2687484443886 17.31291900867634 0
856.0424164586017 9.499339965047458 0
832.2042722265329 7.971110051374565 0
809.704244003861 8.655279281016782 0
681.1960057558804 8.128411775774897 0
684.0691373094159 14.27913791406678 0
676.1881239285532 14.07705642189771 0
667.5237119322408 14.10897689910979 0
654.9319077261648 11.95820670675495 0
691.57087350114 12.78266859522061 0
748.8611462232541 7.776012962958848 0
798.3949420574709 8.606349110935765 0
776.1136437132429 8.509948184665532 0
787.1984504125098 8.557907052525829 0
791.5714759210599 15.30724780952793 0
632.8462447231126 8.68481645669449 0
765.0554490602868 7.561159141384868 0
743.5182486409983 8.368922851816778 0
732.7459734673067 9.498886399219026 0
617.8679314418115 8.344408715727683 0
711.1702349298015 7.879167175491819 0
585.1874713904989 7.798702911502718 0
588.7207306903387 13.05344224004797 0
581.0811324282333 12.72291969612879 0
570.1516332640311 12.10861624028035 0
722.8132690566481 9.924747968880931 0
691.2939813863064 7.408404231132725 0
527.9294149432242 11.77484262043449 0
700.9581081026251 7.709017054404871 0
676.1697238978743 8.077536673129407 0
666.4918805709635 8.060471462778022 0
540.8463253505106 7.517116266672306 0
641.6824374666824 7.928326035209571 0
638.2824032039698 13.91731422450758 0
612.7016779781852 8.142750912428532 0
626.693959827697 8.889439443630136 0
603.6831201980182 7.386228096142007 0
498.8976629305258 6.775655509520775 0
500.4862167024963 11.34614422613436 0
500.5780300301229 20.74775084687197 0
593.8820740374349 8.292530590556455 0
21.48936723858979 4.406094605312598 0
458.3432916405785 7.157772851402449 0
459.5947614716511 11.90065940401686 0
466.0681752636079 11.34533764382195 0
580.7037930655555 7.397938410732272 0
549.5606954130988 7.529757505858764 0
546.684940258095 12.70751891283279 0
557.9695708752943 8.275095056070967 0
559.9538030830507 13.88457445471198 0
536.3062213473404 7.986539646075948 0
438.4975650170675 8.211737156370486 0
447.6305272727215 12.76074154690711 0
428.02063463885 6.706017672350143 0
429.0336704946984 11.76664018467925 0
408.6817460799339 7.309543558582956 0
527.9374848869522 7.436203804210909 0
15.62667722744301 4.975291393477955 0
14.59851427109542 4.891831037157276 0
398.0443212533485 6.895139655166603 0
399.3625120851498 11.46912018421476 0
405.3013148302722 10.9518916935701 0
494.4773555738045 8.61533096132742 0
505.9426152266081 8.367449643577267 0
474.0213417744623 7.470218030789727 0
476.8654318764436 12.34732122528644 0
379.6776259939577 7.94697416676298 0
387.63812288146 12.26734897300638 0
376.2211104974546 10.92086192472098 0
466.2264021133877 7.169208239238023 0
369.135312399705 7.34946911434612 0
371.407175723688 11.71700125720004 0
348.9143845326219 8.013735938812527 0
328.892615174583 6.901516947995519 0
330.807174658503 10.47933480105225 0
325.8860426034534 9.542023964911403 0
335.8719623994303 10.32583587339516 0
359.421376059413 8.074710250207705 0
446.7243634014395 7.1505681182538 0
339.0602603177541 6.638233506252306 0
453.9718633810215 6.838631704634095 0
435.1626346430174 7.034809593231991 0
416.6677298922395 6.471141340124186 0
417.7162592128753 11.46270382700844 0
423.7946932604312 8.480374656047127 0
319.795369704901 6.362896513249154 0
310.0690321284898 6.085197285025163 0
311.4050957278055 10.28420653391761 0
291.3382455372655 7.719210309850432 0
272.588696267642 5.852280087800088 0
300.3491394499109 6.469626560319968 0
405.319889322419 6.905693731444105 0
387.266818558203 6.82758637519223 0
41.06540296307163 5.276204339214881 0
281.3906327977114 6.793527965346076 0
394.0154177258878 6.583744156982973 0
376.6501713979382 6.781653003006787 0
355.8898765432162 6.691832724802222 0
354.1754779629708 10.70537667482145 0
335.7734338520268 6.211364748971492 0
246.4243014002551 6.166629374853691 0
229.5745142224656 6.161366426204076 0
365.9201680814235 6.498382213606696 0
255.0362545181138 7.311035359684364 0
221.4215119205488 6.427292437317001 0
345.343237132418 6.624360776654805 0
325.8973707501814 6.462529074362576 0
316.462795973095 7.896757386760584 0
213.1717019907217 6.089923699870684 0
194.4703268046439 6.296505443911505 0
195.9571408629101 9.380992308716898 0
192.3306340502176 8.513271684576941 0
188.0269775858779 9.822123989963936 0
193.0433810891604 14.96937192406867 0
199.8685267872954 8.927156481958638 0
296.9791309010025 6.035142164080529 0
296.4558265191932 9.400621577600781 0
287.4837972069158 9.829261539101529 0
278.4271496778914 6.112704623994261 0
277.7904225943031 9.742893462768832 0
306.5183811909716 7.741906026340149 0
35.36239826085082 41.71689778123948 0
186.6988333904618 6.408436255555293 0
184.1372431661595 8.606758982720125 0
179.7611116580324 9.471328279106263 0
287.9542989206449 6.397906664157845 0
152.2515581193699 6.735752241602171 0
135.6966933165008 6.008201088823235 0
137.215734232 8.403735956812675 0
133.9393460200278 8.966040081345746 0
129.4222259270137 8.943785522658182 0
127.0443576619476 6.259818264440618 0
125.2943113287629 9.050443211802305 0
140.6244263673196 8.555140987558548 0
145.0079553175075 8.621243716299416 0
55.72406774279018 5.872109870958639 0
159.1295869694137 6.266076827557757 0
270.1643064307783 5.93448458478998 0
235.3678614118337 6.493210930906962 0
233.429030783841 10.10755832449003 0
236.427297212086 13.81740800018293 0
237.6730559656318 8.933320037588793 0
242.1174555187932 10.98523891932157 0
226.7886130270632 9.727152983369834 0
237.9066889087288 5.905489656626938 0
251.8654565413604 6.219513320681946 0
243.762783358066 6.90311911395908 0
226.806339843722 6.133347501332762 0
210.6659945060442 6.018603616666145 0
204.8332201064889 6.019868435995033 0
204.2540732872272 8.983562163276572 0
119.9394853371583 5.728548671675475 0
121.2515256277436 8.397249545638998 0
117.6378838415909 7.786658342398874 0
114.0095662231977 8.527915809794283 0
111.5272907283352 6.13398683695864 0
110.1500738337374 9.274601292523881 0
112.6849270616829 12.87887582310056 0
81.63334761253681 5.557866181099687 0
82.72117283034945 8.287753633428403 0
79.34879335678127 7.621546771945414 0
83.29773885478055 12.70336203433315 0
86.90788327566295 9.630789476700979 0
44.83345532339472 5.77648485072896 0
218.4573095315742 6.478941242884732 0
199.876361886068 5.792586756697914 0
192.114675640616 5.735706887959239 0
173.9378936989902 6.527349070182194 0
156.8882504355145 5.668760878732532 0
156.141216895808 8.385570782030001 0
140.5574504935724 5.612407884576725 0
179.4542838720854 5.986914911873173 0
184.3077872795053 5.766788437513823 0
169.3770558644815 6.216811764926774 0
167.6909239109954 9.446976712863068 0
164.2663699317341 8.234273657558898 0
160.5018077659926 9.264378898419041 0
52.29720919700532 5.378326540477946 0
53.23152306704202 7.625132148129355 0
164.3501223096587 5.610164093046678 0
145.1001621455947 5.647197465501146 0
149.6153683659871 5.7859766267638 0
148.7828366045928 8.511846402699204 0
60.0128784008025 5.539788105462912 0
133.6359396758064 5.708860392288222 0
129.1761635913585 5.754732915674186 0
117.7718253214023 5.401093123693019 0
113.600793263297 5.630432250228734 0
71.36887810323661 5.373833714729577 0
71.07311774220767 7.869688761421841 0
67.69130100253456 7.658399617467338 0
75.52690055836027 5.491384212858335 0
67.69595778639562 5.444949871879364 0
124.0900118283307 6.108357425086357 0
85.45083520628548 6.144039486863278 0
90.20894116157444 8.026591690784729 0
93.24783877131162 8.688222151709674 0
91.12479422697851 11.73061802249378 0
95.92031712226657 12.09950044501966 0
89.97708882904413 5.525391859452381 0
108.8746661959521 6.298458935994841 0
94.26784408388977 5.903084834591471 0
96.16881826890899 7.800308048713461 0
99.29647272218693 8.697505050513838 0
102.9950932818845 8.653129909699839 0
100.8652648707994 12.86287259788524 0
99.44488682535287 18.34807438345047 0
96.17527704596343 5.568173730146688 0
79.57596847588125 5.319497256894166 0
63.85725211666899 5.672158622675006 0
48.31468163750419 5.367393438843034 0
301.8729759004371 9.959223731192624 0
499.7789572597274 30.69720326709368 0
23.05734689393206 4.526893721149461 0
220.2563771138605 9.155308348235293 0
-19.37325119646655 10.63644335637123 -0
926.0374142030812 62.82000827198603 0
2.981507433393026 4.387540457276519 0
106.6931662629591 12.94300458622192 0
162.1368662086183 40.17959404407588 0
13.90636936101576 4.362399747393228 0
841.374832317952 15.6173854206704 0
17.44095283529226 47.13062253963695 0
352.4074300269357 97.24425822276824 0
289.1676104747842 87.25100653614084 0
18.31744233384539 4.953131494838441 0
81.42217108912354 19.37241662643465 0
12.51575397287207 4.602628542216296 0
736.5826980982047 14.59669882866674 0
183.2250051730047 13.51661021296228 0
1011.82191655005 27.75383918982875 0
-73.8841257433172 11.36246036195097 -0
333.1312613833368 15.08244490671083 0
539.1979529188405 12.25386887731423 0
-67.06668216201133 83.97677884758295 -0
62.96017580425338 28.74867630099853 0
-87.82366994743661 28.50337403941763 -0
140.9240505234012 64.81239061159735 0
158.0466608264417 87.7064948704617 0
14.48762407868593 4.20648817619986 0
344.0527149879877 10.6038550425434 0
974.1313942998338 15.84393748985561 0
321.3385001035425 10.28736692147716 0
353.1710084256417 19.29939657476181 0
311.9742496720022 19.18752837032863 0
122.6511637905318 13.18190832188107 0
181.4974418052935 21.50825881342164 0
-56.66676142242386 44.40448477552771 -0
20.69298565049456 4.450410758927918 0
-11.18941942649272 5.720370457751288 -0
365.1852010440821 10.15940670180968 0
13.56733430950022 5.268538629799924 0
48.64962299091705 77.33440613159975 0
389.5934018864135 67.41832102337506 0
211.7545512850236 9.216182704686265 0
154.8467457375584 30.75954105677465 0
241.8415433512125 17.77753534637879 0
13.07317821325749 70.33052407080399 0
979.9013629924983 89.91657804366507 0
75.27246430163237 25.19403521127787 0
652.2683524288232 25.6366379616728 0
393.7260603714132 10.37356403566613 0
247.8969827234478 20.03686494711647 0
63.1546998545757 7.533458838327554 0
963.0278236796532 110.5672816345504 0
-23.78793848861205 10.53503498210483 -0
-5.037584942059421 38.57072696972874 -0
992.2134018742414 57.63555494046697 0
1000.411246311385 37.14603252969428 0
888.3001432580419 91.00190312892791 0
250.8198539505716 9.573026534722596 0
285.4388089639818 19.39075876017538 0
772.7107360433089 15.93556151659184 0
-75.42258428850302 34.3853416799853 -0
127.2380251919386 13.21023623413153 0
18.09350715830977 8.626273293304942 0
596.400320035252 12.89235177552832 0
875.0493383308208 15.3164345529618 0
148.0387974817806 41.38238115240935 0
646.5655302474179 15.52004945075818 0
2.636492797822786 5.201998114496734 0
233.275313981008 76.73558452616699 0
30.10911079319528 93.67654899161208 0
106.7045594767868 8.064478222947381 0
100.6447207483047 6.053088416436993 0
104.7579399210977 5.907250249271723 0
956.981273881711 16.19069852180275 0
263.8219373020951 6.168375134264166 0
260.9755475049262 6.487930960260663 0
709.2767424797457 14.3003844030415 0
539.8350336112966 66.17975755909109 0
556.0615861291094 90.36117740498136 0
-82.58064480924877 10.58922657948011 -0
567.3880073003616 7.738497996820421 0
651.195512641872 8.421946367813426 0
576.4117221167031 73.44035057431849 0
137.3756410112014 13.16259137985263 0
110.4623951792987 17.93505198047434 0
493.1694464432736 91.6387814577357 0
-48.66790947404066 17.55267610148226 -0
-44.77072524304004 22.55881503917497 -0
121.4836382113789 50.51812605610025 0
106.2326012896971 53.38510385917974 0
39.12571688872847 10.29204088925906 0
283.0108737625677 10.35733954746672 0
481.7420351351232 7.30455488863725 0
738.0547236219271 71.2605106680534 0
759.8943288606578 85.96434877255139 0
87.29671652515948 14.73539644947517 0
0.7241942167329566 4.952440686973103 0
-0.004988384144204901 4.553377967933877 -0
-0.8052041695079559 4.835322489358125 -0
196.6476405926124 53.52437438465014 0
700.0146656942903 13.44028191921466 0
759.3716995237118 35.22338729832104 0
598.3995779070367 74.27010637666996 0
519.4388063397495 7.136602996465189 0
311.1133868256323 68.25715368823676 0
92.8552797435138 18.83801136132866 0
410.8342298079925 10.88701711224105 0
471.4180530871831 72.24725609270908 0
609.4986486072116 12.01373510307667 0
553.6866173950286 12.44239927743479 0
950.8544145827318 13.90210615766566 0
816.1950515081946 87.74152202741411 0
840.2328865877998 71.276132465274 0
-1.970289520621189 5.364543351389146 -0
454.031505278918 10.548873809991 0
106.0852516457202 23.72682205054635 0
783.1381952041463 69.97629602803761 0
7.764406131275694 8.420953632049626 0
33.14927642797238 30.20017705245467 0
-27.31656407527018 9.674200993390146 -0
943.4658224594723 70.59943923760117 0
1000.373050858001 7.818406461882882 0
571.3477741313434 7.263036736626123 0
830.2913650730306 14.52268760113539 0
800.9389613846148 15.11142471207127 0
2.993493563487012 15.21316061610594 0
656.1824221093286 7.583327245392931 0
980.7856164308413 7.737409588505165 0
47.82567505207722 7.265082731946301 0
89.28916544782261 26.81764326182754 0
434.5765951957976 12.09854394045854 0
223.2405977198777 26.82053212487996 0
-30.64970719099458 10.19866041651525 -0
995.2841674950786 16.532623814033 0
302.5735464953707 48.04976618476389 0
911.348266259844 16.49776129254338 0
476.1560955576416 51.62972319966823 0
445.2831647103473 50.59215195310645 0
359.6841577817724 46.72811583052055 0
11.48032349091578 13.88434937224454 0
945.9015282521104 14.16103741446626 0
-16.31231304185057 14.88842200534041 -0
533.2370389768712 12.75900574105564 0
929.3525643803238 15.05078110880441 0
602.7520834299942 29.60144320626669 0
894.2757795680766 14.57359921424572 0
15.4235850604381 33.36818054425245 0
70.86982083343698 32.92404313995311 0
402.6360519784928 16.21431838162853 0
657.2536979157394 70.82605184781201 0
486.2768000648769 7.488536876377899 0
21.29016721179719 13.95117173391467 0
-97.19788120710527 6.174974432250052 -0
-43.2282567207022 29.52137463886708 -0
-35.39030662241912 32.41222745985445 -0
835.2718858958143 51.46993982733938 0
471.2707867491593 11.0498999912841 0
117.4718545513579 11.43032652888 0
233.5694384335488 22.29843837431607 0
18.2722050459934 16.74381879182888 0
-57.67923305764142 22.51544880516574 -0
-38.92351162800985 19.50315468679487 -0
23.21193848330783 10.78150086145437 0
-8.963416197946874 9.996995696272268 -0
-6.342080738574816 14.16115858342638 -0
-1.402099239247637 18.338240338709 -0
697.1800068751371 74.97170183546872 0
741.9776159349186 14.58913057368158 0
68.47226192775003 10.58508089981851 0
120.4227573200836 22.07890251757584 0
-11.48210997563614 18.87932883437941 -0
43.45958707173159 7.594220025371431 0
65.1125286630989 7.414659925285194 0
762.3977725387238 21.98929439483625 0
1005.90633314677 30.49912192401778 0
258.889583452391 9.090100067319698 0
550.802942570143 44.90146744664936 0
171.366553418903 8.695228138488428 0
-3.814221197559817 11.50376410523066 -0
198.0240466979675 13.79280331289872 0
489.054816165809 11.37139803747174 0
7.947451106189605 17.53071343493439 0
670.8761366480461 24.7032119460393 0
339.9565471184716 10.63526336211512 0
223.100642223547 9.251445215773128 0
-11.92567423846991 8.740435300743753 -0
515.7079762692617 6.914584991251835 0
190.1145796631945 23.83203755387346 0
230.3145988160241 9.199713628254994 0
234.6165199449036 31.29353793348713 0
782.6471095218748 15.81249553746853 0
27.3319783974125 8.814239975798468 0
147.5587977139063 11.52579822462688 0
133.7903854698606 19.4533976521754 0
565.1218607102041 11.67730775795326 0
-67.46795713656952 124.6637635940297 -0
621.7197480103582 12.27366071524227 0
634.8291887849847 20.05654645195098 0
574.1092139140762 23.40063562893061 0
519.2317889742003 37.89899788089348 0
-30.19624567706438 26.66976509086017 -0
462.5370821689434 16.31211696857899 0
285.5496198934213 13.6777747395882 0
908.0184816171112 71.67808367729472 0
-1.369711660035936 4.349038606891611 -0
797.2318743809653 32.75607502127578 0
25.95274739364858 15.57265872541651 0
246.7858040186323 9.029257558747609 0
216.2817675050238 9.716963036189902 0
374.0486219156718 15.35914034848959 0
2 4 0 680
2367
2368
2369
2370
2371
2372
2373
2374
2375
2376
2377
2378
2379
2380
2381
2382
2383
2384
2385
2386
2387
2388
2389
2390
2391
2392
2393
2394
2395
2396
2397
2398
2399
2400
2401
2402
2403
2404
2405
2406
2407
2408
2409
2410
2411
2412
2413
2414
2415
2416
2417
2418
2419
2420
2421
2422
2423
2424
2425
2426
2427
2428
2429
2430
2431
2432
2433
2434
2435
2436
2437
2438
2439
2440
2441
2442
2443
2444
2445
2446
2447
2448
2449
2450
2451
2452
2453
2454
2455
2456
2457
2458
2459
2460
2461
2462
2463
2464
2465
2466
2467
2468
2469
2470
2471
2472
2473
2474
2475
2476
2477
2478
2479
2480
2481
2482
2483
2484
2485
2486
2487
2488
2489
2490
2491
2492
2493
2494
2495
2496
2497
2498
2499
2500
2501
2502
2503
2504
2505
2506
2507
2508
2509
2510
2511
2512
2513
2514
2515
2516
2517
2518
2519
2520
2521
2522
2523
2524
2525
2526
2527
2528
2529
2530
2531
2532
2533
2534
2535
2536
2537
2538
2539
2540
2541
2542
2543
2544
2545
2546
2547
2548
2549
2550
2551
2552
2553
2554
2555
2556
2557
2558
2559
2560
2561
2562
2563
2564
2565
2566
2567
2568
2569
2570
2571
2572
2573
2574
2575
2576
2577
2578
2579
2580
2581
2582
2583
2584
2585
2586
2587
2588
2589
2590
2591
2592
2593
2594
2595
2596
2597
2598
2599
2600
2601
2602
2603
2604
2605
2606
2607
2608
2609
2610
2611
2612
2613
2614
2615
2616
2617
2618
2619
2620
2621
2622
2623
2624
2625
2626
2627
2628
2629
2630
2631
2632
2633
2634
2635
2636
2637
2638
2639
2640
2641
2642
2643
2644
2645
2646
2647
2648
2649
2650
2651
2652
2653
2654
2655
2656
2657
2658
2659
2660
2661
2662
2663
2664
2665
2666
2667
2668
2669
2670
2671
2672
2673
2674
2675
2676
2677
2678
2679
2680
2681
2682
2683
2684
2685
2686
2687
2688
2689
2690
2691
2692
2693
2694
2695
2696
2697
2698
2699
2700
2701
2702
2703
2704
2705
2706
2707
2708
2709
2710
2711
2712
2713
2714
2715
2716
2717
2718
2719
2720
2721
2722
2723
2724
2725
2726
2727
2728
2729
2730
2731
2732
2733
2734
2735
2736
2737
2738
2739
2740
2741
2742
2743
2744
2745
2746
2747
2748
2749
2750
2751
2752
2753
2754
2755
2756
2757
2758
2759
2760
2761
2762
2763
2764
2765
2766
2767
2768
2769
2770
2771
2772
2773
2774
2775
2776
2777
2778
2779
2780
2781
2782
2783
2784
2785
2786
2787
2788
2789
2790
2791
2792
2793
2794
2795
2796
2797
2798
2799
2800
2801
2802
2803
2804
2805
2806
2807
2808
2809
2810
2811
2812
2813
2814
2815
2816
2817
2818
2819
2820
2821
2822
2823
2824
2825
2826
2827
2828
2829
2830
2831
2832
2833
2834
2835
2836
2837
2838
2839
2840
2841
2842
2843
2844
2845
2846
2847
2848
2849
2850
2851
2852
2853
2854
2855
2856
2857
2858
2859
2860
2861
2862
2863
2864
2865
2866
2867
2868
2869
2870
2871
2872
2873
2874
2875
2876
2877
2878
2879
2880
2881
2882
2883
2884
2885
2886
2887
2888
2889
2890
2891
2892
2893
2894
2895
2896
2897
2898
2899
2900
2901
2902
2903
2904
2905
2906
2907
2908
2909
2910
2911
2912
2913
2914
2915
2916
2917
2918
2919
2920
2921
2922
2923
2924
2925
2926
2927
2928
2929
2930
2931
2932
2933
2934
2935
2936
2937
2938
2939
2940
2941
2942
2943
2944
2945
2946
2947
2948
2949
2950
2951
2952
2953
2954
2955
2956
2957
2958
2959
2960
2961
2962
2963
2964
2965
2966
2967
2968
2969
2970
2971
2972
2973
2974
2975
2976
2977
2978
2979
2980
2981
2982
2983
2984
2985
2986
2987
2988
2989
2990
2991
2992
2993
2994
2995
2996
2997
2998
2999
3000
3001
3002
3003
3004
3005
3006
3007
3008
3009
3010
3011
3012
3013
3014
3015
3016
3017
3018
3019
3020
3021
3022
3023
3024
3025
3026
3027
3028
3029
3030
3031
3032
3033
3034
3035
3036
3037
3038
3039
3040
3041
3042
3043
3044
3045
3046
1010.294698150133 0.7500000062849633 0
1003.622922823777 0.7500000061551674 0
996.9845064085987 0.7500000060260203 0
990.3792820814028 0.7500000058975189 0
983.8070838419792 0.7500000057696602 0
977.2677465781335 0.7500000056424406 0
970.7611060201828 0.7500000055158574 0
964.2869986594981 0.7500000053899067 0
957.8452618508386 0.7500000052645862 0
951.4357337299102 0.7500000051398917 0
945.0582532430836 0.7500000050158211 0
938.7126601749462 0.7500000048923711 0
932.398795067509 0.7500000047695379 0
926.1164992853738 0.7500000046473191 0
919.8656149710806 0.7500000045257114 0
913.6459850740079 0.7500000044047116 0
907.4574533422219 0.7500000042843169 0
901.2998642779999 0.7500000041645239 0
895.173063130161 0.7500000040453303 0
889.076895959962 0.7500000039267324 0
883.0112096327814 0.7500000038087274 0
876.9758517371719 0.7500000036913127 0
870.9706706508936 0.7500000035744852 0
864.9955154960585 0.7500000034582414 0
859.0502360954309 0.7500000033425791 0
853.1346830750388 0.7500000032274948 0
847.2487078194805 0.7500000031129862 0
841.3921624647767 0.7500000029990497 0
835.5648998537895 0.7500000028856836 0
829.7667735295495 0.7500000027728839 0
823.9976378377825 0.7500000026606481 0
818.2573478457501 0.750000002548974 0
812.5457592986204 0.750000002437858 0
806.8627286857849 0.7500000023272972 0
801.2081132333525 0.7500000022172896 0
795.5817708603242 0.7500000021078318 0
789.9835602083162 0.7500000019989217 0
784.4133405974707 0.7500000018905557 0
778.8709720566533 0.750000001782732 0
773.356315352605 0.750000001675447 0
767.8692319463717 0.7500000015686984 0
762.409583986185 0.750000001462484 0
756.9772342640026 0.7500000013568002 0
751.5720462823482 0.750000001251645 0
746.193884246971 0.7500000011470156 0
740.8426130235457 0.7500000010429093 0
735.5180981308015 0.7500000009393235 0
730.2202058075673 0.7500000008362558 0
724.9488029685215 0.7500000007337032 0
719.7037571247104 0.7500000006316638 0
714.4849364871272 0.7500000005301339 0
709.2922099597265 0.7500000004291122 0
704.1254470961063 0.7500000003285953 0
698.9845180562425 0.7500000002285813 0
693.8692936371369 0.7500000001290673 0
688.7796453395197 0.7500000000300507 0
683.7154452876191 0.7499999999315292 0
678.6765662232025 0.7499999998335004 0
673.662881572428 0.749999999735962 0
668.6742653657581 0.7499999996389108 0
663.7105922321412 0.7499999995423449 0
658.7717374660125 0.7499999994462621 0
653.8575769840915 0.7499999993506595 0
648.9679872825931 0.7499999992555351 0
644.1028455047357 0.7499999991608862 0
639.2620294340585 0.7499999990667107 0
634.4454174517764 0.7499999989730056 0
629.6528885305552 0.7499999988797694 0
624.8843222654606 0.7499999987869994 0
620.1395988307062 0.7499999986946935 0
615.4185990110575 0.7499999986028488 0
610.7212041950555 0.7499999985114632 0
606.0472963330121 0.7499999984205347 0
601.396758004189 0.7499999983300607 0
596.7694723741439 0.7499999982400395 0
592.1653231888714 0.749999998150468 0
587.5841947689871 0.7499999980613444 0
583.0259720039547 0.7499999979726664 0
578.4905403463574 0.7499999978844318 0
573.9777858429604 0.7499999977966386 0
569.4875950919509 0.7499999977092842 0
565.0198552744558 0.7499999976223667 0
560.5744541849975 0.7499999975358836 0
556.1512801157356 0.7499999974498328 0
551.7502218881089 0.7499999973642127 0
547.3711689572863 0.7499999972790204 0
543.0140112957931 0.7499999971942539 0
538.6786394256522 0.7499999971099115 0
534.3649444119743 0.7499999970259908 0
530.0728178584308 0.74999999694249 0
525.8021519376738 0.7499999968594061 0
521.5528393497761 0.749999996776738 0
517.3247733531015 0.749999996694483 0
513.1178476857078 0.7499999966126395 0
508.9319566337963 0.7499999965312051 0
504.7669950259201 0.7499999964501778 0
500.6228582280263 0.7499999963695557 0
496.4994421377842 0.7499999962893367 0
492.3966431061785 0.7499999962095187 0
488.3143580428985 0.7499999961301003 0
484.2524844104009 0.7499999960510786 0
480.2109201456365 0.7499999959724516 0
476.1895637284294 0.7499999958942181 0
472.1883141025392 0.7499999958163759 0
468.2070707081065 0.7499999957389228 0
464.2457335494147 0.7499999956618572 0
460.3042030796843 0.7499999955851768 0
456.3823802332662 0.7499999955088799 0
452.4801664938821 0.749999995432964 0
448.5974638526612 0.749999995357428 0
444.7341747298316 0.7499999952822697 0
440.890202043811 0.7499999952074871 0
437.0654492057315 0.7499999951330786 0
433.2598201151071 0.7499999950590418 0
429.4732191911804 0.7499999949853754 0
425.7055512947973 0.7499999949120774 0
421.9567217238164 0.7499999948391458 0
418.2266362820448 0.7499999947665789 0
414.5152012739846 0.7499999946943748 0
410.8223234635971 0.7499999946225315 0
407.1479100327354 0.7499999945510479 0
403.4918686505957 0.7499999944799214 0
399.8541074682317 0.7499999944091504 0
396.2345350778277 0.7499999943387338 0
392.633060581151 0.7499999942686686 0
389.0495934746597 0.7499999941989542 0
385.4840436823795 0.7499999941295883 0
381.9363216244532 0.7499999940605693 0
378.4063381758538 0.749999993991895 0
374.8940046618717 0.7499999939235643 0
371.3992328168951 0.7499999938555754 0
367.9219348170822 0.7499999937879267 0
364.462023312336 0.7499999937206154 0
361.0194113851783 0.7499999936536412 0
357.5940125096613 0.7499999935870018 0
354.1857406209209 0.7499999935206958 0
350.7945101101645 0.7499999934547211 0
347.4202357472988 0.7499999933890764 0
344.0628327502128 0.7499999933237598 0
340.7222167802303 0.7499999932587696 0
337.3983039012133 0.7499999931941047 0
334.0910105754465 0.749999993129763 0
330.8002536962993 0.7499999930657428 0
327.5259505838048 0.7499999930020431 0
324.2680189806385 0.7499999929386614 0
321.0263770477582 0.7499999928755973 0
317.8009433236971 0.7499999928128479 0
314.5916367573831 0.7499999927504125 0
311.3983767406202 0.7499999926882894 0
308.2210830303565 0.7499999926264765 0
305.059675781963 0.7499999925649731 0
301.9140755814391 0.7499999925037769 0
298.784203368138 0.7499999924428868 0
295.6699805045167 0.7499999923823012 0
292.5713287716827 0.7499999923220182 0
289.4881702922083 0.7499999922620373 0
286.4204275999714 0.7499999922023559 0
283.3680236357877 0.7499999921429727 0
280.3308817070653 0.7499999920838869 0
277.308925483864 0.7499999920250963 0
274.3020790321028 0.7499999919665995 0
271.3102668093104 0.7499999919083954 0
268.3334136611408 0.7499999918504823 0
265.3714447804317 0.7499999917928585 0
262.4242857408962 0.749999991735523 0
259.4918624926156 0.7499999916784743 0
256.5741013590384 0.7499999916217107 0
253.6709290325314 0.7499999915652307 0
250.7822725714325 0.7499999915090335 0
247.9080593956581 0.7499999914531174 0
245.0482172838108 0.7499999913974805 0
242.2026744055943 0.7499999913421217 0
239.3713592450903 0.74999999128704 0
236.5542006339997 0.7499999912322337 0
233.7511277848301 0.7499999911777013 0
230.9620703238039 0.7499999911234416 0
228.1869581767731 0.7499999910694533 0
225.4257215665168 0.7499999910157347 0
222.6782911192037 0.7499999909622848 0
219.9445978238873 0.7499999909091023 0
217.2245729923979 0.7499999908561855 0
214.5181482927535 0.7499999908035334 0
211.8252557454848 0.7499999907511447 0
209.1458276468527 0.7499999906990176 0
206.4797966762052 0.7499999906471514 0
203.8270958916391 0.7499999905955442 0
201.1876586169157 0.7499999905441956 0
198.5614185117769 0.7499999904931032 0
195.9483096051675 0.7499999904422666 0
193.3482662549866 0.7499999903916841 0
190.7612231082327 0.7499999903413546 0
188.1871151714177 0.7499999902912764 0
185.6258777700249 0.7499999902414488 0
183.0774465458443 0.7499999901918705 0
180.5417574899748 0.7499999901425399 0
178.0187468663435 0.7499999900934561 0
175.508351282243 0.7499999900446176 0
173.0105076846568 0.7499999899960232 0
170.5251533206002 0.7499999899476718 0
168.0522257338623 0.7499999898995623 0
165.5916627988901 0.7499999898516935 0
163.1434026804621 0.7499999898040636 0
160.7073838312379 0.7499999897566721 0
158.2835450617233 0.7499999897095178 0
155.8718255003822 0.749999989662599 0
153.472164553772 0.7499999896159145 0
151.0845019038179 0.7499999895694639 0
148.7087775782385 0.7499999895232455 0
146.3449318736328 0.7499999894772579 0
143.9929053899388 0.7499999894315008 0
141.6526390634428 0.7499999893859718 0
139.3240740539212 0.7499999893406707 0
137.0071518522952 0.7499999892955961 0
134.7018142769585 0.7499999892507471 0
132.4080033977337 0.7499999892061221 0
130.1256615697291 0.7499999891617204 0
127.8547314304676 0.7499999891175404 0
125.5951559337856 0.7499999890735817 0
123.3468783098903 0.7499999890298424 0
121.1098420629207 0.7499999889863221 0
118.8839910045451 0.7499999889430194 0
116.6692692144483 0.7499999888999329 0
114.4656210375908 0.7499999888570619 0
112.2729911182362 0.7499999888144057 0
110.0913243601347 0.7499999887719625 0
107.9205659242121 0.7499999887297314 0
105.7606612622915 0.7499999886877114 0
103.6115561144557 0.7499999886459017 0
101.4731965060623 0.7499999886043012 0
99.34552870839805 0.7499999885629083 0
97.22849923610401 0.7499999885217227 0
95.12205491811477 0.7499999884807427 0
93.02614282089063 0.749999988439968 0
90.94071028338603 0.749999988399397 0
88.86570491344894 0.7499999883590288 0
86.80107454933315 0.7499999883188622 0
84.74676733000203 0.7499999882788969 0
82.70273165594368 0.7499999882391314 0
80.66891618638581 0.7499999881995644 0
78.64526980015002 0.7499999881601953 0
76.63174163002155 0.7499999881210232 0
74.62828109677069 0.7499999880820467 0
72.63483786969556 0.7499999880432653 0
70.65136186430198 0.749999988004678 0
68.67780323963342 0.7499999879662834 0
66.7141123959877 0.7499999879280805 0
64.76024000903311 0.7499999878900694 0
62.81613699044665 0.7499999878522475 0
60.88175448568634 0.7499999878146151 0
58.95704390816414 0.7499999877771709 0
57.04195689993898 0.7499999877399137 0
55.13644532954493 0.749999987702843 0
53.24046128946947 0.7499999876659577 0
51.35395716751475 0.7499999876292566 0
49.47688557007885 0.7499999875927391 0
47.6091993207929 0.7499999875564043 0
45.75085149408351 0.7499999875202511 0
43.90179541347736 0.7499999874842784 0
42.06198461170162 0.7499999874484859 0
40.23137286614138 0.7499999874128723 0
38.40991419535524 0.7499999873774369 0
36.59756282107003 0.7499999873421784 0
34.79427320184855 0.7499999873070964 0
33 0.7499999872721897 0
31.17855478732763 0.7499999872367544 0
29.53925409966764 0.7499999872048628 0
28.06388347335265 0.7499999871761598 0
26.73604991629158 0.7499999871503277 0
25.54099972001836 0.7499999871270787 0
24.46545453502125 0.7499999871061545 0
23.49746386401937 0.7499999870873225 0
22.62627226660426 0.7499999870703742 0
21.84219983564694 0.7499999870551203 0
21.13653464153265 0.7499999870413921 0
20.50143595844169 0.7499999870290366 0
19.92984714552182 0.7499999870179165 0
19.41541721105216 0.7499999870079086 0
18.95243027467509 0.7499999869989012 0
18.53574203288765 0.7499999869907948 0
18.1607226112834 0.7499999869834992 0
17.82320513552156 0.7499999869769329 0
17.51943940374818 0.7499999869710232 0
17.24605024581311 0.7499999869657047 0
17 0.7499999869609177 0
16.73441720488887 0.7499999869557509 0
16.4317546808465 0.7499999869498628 0
16.08683550235294 0.7499999869431526 0
15.69375994364707 0.7499999869355057 0
15.24580457974017 0.7499999869267909 0
14.7353072947875 0.7499999869168593 0
14.15353620324196 0.7499999869055413 0
13.49054031128161 0.749999986892643 0
12.73497930071838 0.7499999868779441 0
11.87392956136389 0.7499999868611927 0
10.89266313944682 0.7499999868421027 0
9.774395810203245 0.7499999868203472 0
8.499999999999986 0.7499999867955546 0
6.9095433011653 0.7499999867646131 0
5.572619791475475 0.749999986738604 0
4.448813982310341 0.7499999867167407 0
3.504152978925589 0.7499999866983629 0
2.71007948257747 0.7499999866829147 0
2.0425884858807 0.7499999866699288 0
1.481501588052936 0.7499999866590132 0
1.009857023475391 0.7499999866498378 0
0.6133968688252338 0.7499999866421249 0
0.280136041177613 0.7499999866356414 0
0 0.7499999866301912 0
-0.2951612244527269 0.7499999866244492 0
-0.6641127840878482 0.7499999866172714 0
-1.12530222195339 0.7499999866082994 0
-1.701789003031735 0.749999986597084 0
-2.422397473963755 0.7499999865830649 0
-3.323158057514661 0.749999986565541 0
-4.449108798773139 0.7499999865436363 0
-5.856547240121074 0.7499999865162553 0
-7.615845275505109 0.7499999864820289 0
-9.814967827483329 0.7499999864392461 0
-12.56387102550212 0.7499999863857677 0
-16 0.7499999863189194 0
-19.61083791980739 0.7499999862486724 0
-23.25814894616617 0.7499999861777158 0
-26.94230149533101 0.7499999861060427 0
-30.66366770896733 0.7499999860336454 0
-34.42262347905002 0.7499999859605169 0
-38.21954849842777 0.7499999858866493 0
-42.05482630008552 0.749999985812036 0
-45.92884427781398 0.7499999857366688 0
-49.84199374553917 0.7499999856605407 0
-53.79466997884192 0.7499999855836433 0
-57.78727223817416 0.7499999855059692 0
-61.820203811617 0.7499999854275107 0
-65.8938720650049 0.7499999853482594 0
-70.00868848650846 0.7499999852682078 0
-74.16506871323422 0.7499999851873477 0
-78.3634325771384 0.7499999851056702 0
-82.60420415867604 0.7499999850231683 0
-86.88781181580127 0.7499999849398332 0
-91.21468823266611 0.7499999848556558 0
-95.58527046937866 0.7499999847706283 0
1010.294698160421 1.750000003205548 0
1003.622922833854 1.750000003101715 0
996.9845064184669 1.750000002998401 0
990.3792820910645 1.750000002895603 0
983.8070838514354 1.75000000279332 0
977.2677465873865 1.750000002691548 0
970.7611060292347 1.750000002590285 0
964.2869986683502 1.750000002489528 0
957.8452618594927 1.750000002389275 0
951.4357337383557 1.750000002289523 0
945.0582532513139 1.75000000219027 0
938.712660182963 1.750000002091513 0
932.3987950753142 1.75000000199325 0
926.1164992929699 1.750000001895479 0
919.8656149784688 1.750000001798196 0
913.6459850811906 1.7500000017014 0
907.4574533492008 1.750000001605087 0
901.2998642847766 1.750000001509256 0
895.1730631367374 1.750000001413905 0
889.0768959663551 1.750000001319029 0
883.0112096389784 1.750000001224629 0
876.9758517431741 1.7500000011307 0
870.9706706567025 1.750000001037241 0
864.9955155016767 1.750000000944249 0
859.0502361008596 1.750000000851723 0
853.1346830802796 1.750000000759659 0
847.2487078245355 1.750000000668056 0
841.3921624696474 1.75000000057691 0
835.5648998584775 1.75000000048622 0
829.7667735340565 1.750000000395983 0
823.997637842111 1.750000000306198 0
818.2573478499008 1.750000000216861 0
812.5457593025955 1.750000000127971 0
806.8627286895857 1.750000000039527 0
801.208113236981 1.749999999951523 0
795.5817708637816 1.74999999986396 0
789.9835602116045 1.749999999776835 0
784.4133406005911 1.749999999690146 0
778.8709720596083 1.749999999603889 0
773.3563153553951 1.749999999518064 0
767.8692319489987 1.749999999432669 0
762.4095839886512 1.7499999993477 0
756.9772342663092 1.749999999263156 0
751.5720462844961 1.749999999179034 0
746.1938842489624 1.749999999095334 0
740.8426130253819 1.749999999012052 0
735.5180981324837 1.749999998929186 0
730.2202058090975 1.749999998846735 0
724.9488029699012 1.749999998764695 0
719.7037571259405 1.749999998683067 0
714.4849364882094 1.749999998601846 0
709.2922099606625 1.749999998521031 0
704.1254470968975 1.749999998440621 0
698.9845180568902 1.749999998360612 0
693.869293637642 1.749999998281004 0
688.7796453398844 1.749999998201793 0
683.7154452878447 1.749999998122979 0
678.6765662232899 1.749999998044559 0
673.6628815723791 1.749999997966531 0
668.6742653655739 1.749999997888892 0
663.7105922318235 1.749999997811642 0
658.7717374655624 1.749999997734779 0
653.8575769835102 1.7499999976583 0
648.9679872818821 1.749999997582202 0
644.1028455038959 1.749999997506486 0
639.2620294330917 1.749999997431148 0
634.4454174506832 1.749999997356187 0
629.6528885293377 1.7499999972816 0
624.8843222641199 1.749999997207388 0
620.1395988292435 1.749999997133545 0
615.4185990094736 1.749999997060072 0
610.7212041933523 1.749999996986966 0
606.0472963311906 1.749999996914226 0
601.3967580022504 1.749999996841849 0
596.7694723720892 1.749999996769834 0
592.1653231867023 1.74999999669818 0
587.5841947667044 1.749999996626884 0
583.0259720015597 1.749999996555944 0
578.4905403438512 1.749999996485359 0
573.9777858403445 1.749999996415126 0
569.4875950892259 1.749999996345245 0
565.0198552716231 1.749999996275713 0
560.5744541820585 1.74999999620653 0
556.1512801126912 1.749999996137692 0
551.7502218849604 1.749999996069197 0
547.3711689540348 1.749999996001046 0
543.0140112924398 1.749999995933236 0
538.6786394221981 1.749999995865764 0
534.3649444084203 1.74999999579863 0
530.0728178547777 1.749999995731831 0
525.8021519339233 1.749999995665367 0
521.552839345929 1.749999995599234 0
517.324773349159 1.749999995533433 0
513.1178476816707 1.74999999546796 0
508.931956629661 1.749999995402815 0
504.7669950216857 1.749999995337996 0
500.6228582236937 1.7499999952735 0
496.4994421333544 1.749999995209327 0
492.3966431016536 1.749999995145475 0
488.3143580382782 1.749999995081942 0
484.2524844056866 1.749999995018727 0
480.2109201408296 1.749999994955828 0
476.189563723531 1.749999994893244 0
472.1883140975499 1.749999994830971 0
468.2070707030276 1.749999994769011 0
464.2457335442471 1.749999994707361 0
460.304203074429 1.749999994646019 0
456.3823802279243 1.749999994584983 0
452.4801664884544 1.749999994524253 0
448.597463847149 1.749999994463826 0
444.7341747242358 1.749999994403701 0
440.8902020381325 1.749999994343878 0
437.0654491999715 1.749999994284353 0
433.2598201092662 1.749999994225126 0
429.4732191852598 1.749999994166195 0
425.7055512887979 1.749999994107558 0
421.956721717739 1.749999994049215 0
418.2266362758907 1.749999993991163 0
414.5152012677544 1.749999993933402 0
410.8223234572916 1.74999999387593 0
407.1479100263558 1.749999993818745 0
403.4918686441429 1.749999993761846 0
399.8541074617063 1.749999993705231 0
396.234535071231 1.749999993648899 0
392.6330605744836 1.74999999359285 0
389.0495934679225 1.74999999353708 0
385.4840436755732 1.749999993481589 0
381.9363216175789 1.749999993426376 0
378.4063381689124 1.749999993371438 0
374.8940046548639 1.749999993316775 0
371.3992328098217 1.749999993262386 0
367.9219348099441 1.749999993208269 0
364.4620233051342 1.749999993154422 0
361.0194113779132 1.749999993100845 0
357.5940125023339 1.749999993047535 0
354.1857406135322 1.749999992994492 0
350.7945101027153 1.749999992941714 0
347.4202357397893 1.7499999928892 0
344.0628327426444 1.749999992836949 0
340.7222167726035 1.749999992784959 0
337.398303893529 1.749999992733228 0
334.0910105677054 1.749999992681756 0
330.8002536885022 1.749999992630543 0
327.5259505759523 1.749999992579585 0
324.2680189727316 1.749999992528881 0
321.0263770397974 1.749999992478432 0
317.8009433156833 1.749999992428234 0
314.5916367493171 1.749999992378287 0
311.3983767325025 1.74999999232859 0
308.2210830221878 1.749999992279142 0
305.0596757737443 1.74999999222994 0
301.914075573171 1.749999992180985 0
298.7842033598212 1.749999992132275 0
295.6699804961518 1.749999992083809 0
292.5713287632705 1.749999992035584 0
289.4881702837495 1.7499999919876 0
286.4204275914665 1.749999991939857 0
283.3680236272375 1.749999991892352 0
280.3308816984705 1.749999991845085 0
277.3089254752253 1.749999991798054 0
274.3020790234207 1.749999991751259 0
271.3102668005857 1.749999991704697 0
268.3334136523738 1.749999991658368 0
265.3714447716236 1.749999991612271 0
262.4242857320472 1.749999991566404 0
259.4918624837262 1.749999991520767 0
256.5741013501096 1.749999991475357 0
253.6709290235637 1.749999991430175 0
250.7822725624263 1.749999991385218 0
247.9080593866141 1.749999991340487 0
245.0482172747298 1.749999991295979 0
242.2026743964843 1.749999991251694 0
239.3713592359368 1.74999999120763 0
236.5542006248109 1.749999991163787 0
233.7511277756067 1.749999991120162 0
230.9620703145462 1.749999991076755 0
228.186958167482 1.749999991033567 0
225.4257215571926 1.749999990990593 0
222.6782911098468 1.749999990947835 0
219.9445978144987 1.74999999090529 0
217.2245729829777 1.749999990862959 0
214.5181482833027 1.749999990820839 0
211.8252557360037 1.749999990778929 0
209.1458276373421 1.749999990737228 0
206.4797966666654 1.749999990695737 0
203.8270958820706 1.749999990654452 0
201.1876586073192 1.749999990613375 0
198.5614185021529 1.749999990572503 0
195.9483095955165 1.749999990531835 0
193.348266245309 1.749999990491371 0
190.7612230985288 1.749999990451109 0
188.1871151616884 1.749999990411047 0
185.6258777602706 1.749999990371186 0
183.0774465360655 1.749999990331525 0
180.5417574801719 1.749999990292062 0
178.0187468565171 1.749999990252796 0
175.5083512723933 1.749999990213727 0
173.0105076747844 1.749999990174853 0
170.5251533107057 1.749999990136173 0
168.052225723946 1.749999990097687 0
165.5916627889526 1.749999990059393 0
163.1434026705039 1.749999990021291 0
160.7073838212594 1.749999989983379 0
158.2835450517248 1.749999989945656 0
155.8718254903643 1.749999989908123 0
153.4721645437353 1.749999989870777 0
151.0845018937626 1.749999989833617 0
148.708777568165 1.749999989796643 0
146.3449318635417 1.749999989759855 0
143.9929053798304 1.74999998972325 0
141.6526390533176 1.749999989686829 0
139.3240740437797 1.749999989650589 0
137.0071518421378 1.749999989614531 0
134.7018142667855 1.749999989578653 0
132.4080033875456 1.749999989542954 0
130.1256615595262 1.749999989507434 0
127.8547314202504 1.749999989472091 0
125.5951559235544 1.749999989436925 0
123.3468782996456 1.749999989401935 0
121.1098420526631 1.74999998936712 0
118.8839909942746 1.749999989332479 0
116.6692692041654 1.749999989298011 0
114.4656210272959 1.749999989263716 0
112.2729911079297 1.749999989229591 0
110.0913243498169 1.749999989195638 0
107.9205659138835 1.749999989161855 0
105.7606612519523 1.74999998912824 0
103.6115561041064 1.749999989094794 0
101.4731964957032 1.749999989061514 0
99.34552869802965 1.749999989028401 0
97.22849922572644 1.749999988995453 0
95.12205490772845 1.749999988962671 0
93.02614281049583 1.749999988930052 0
90.94071027298313 1.749999988897596 0
88.86570490303835 1.749999988865303 0
86.8010745389152 1.749999988833171 0
84.746767319577 1.7499999888012 0
82.70273164551207 1.749999988769388 0
80.66891617594783 1.749999988737736 0
78.64526978970594 1.749999988706242 0
76.6317416195717 1.749999988674905 0
74.6282810863155 1.749999988643725 0
72.63483785923526 1.749999988612701 0
70.65136185383685 1.749999988581832 0
68.67780322916379 1.749999988551118 0
66.71411238551394 1.749999988520557 0
64.76023999855551 1.749999988490148 0
62.81613697996546 1.749999988459893 0
60.8817544752018 1.749999988429787 0
58.95704389767664 1.749999988399833 0
57.04195688944886 1.749999988370028 0
55.13644531905231 1.749999988340373 0
53.24046127897481 1.749999988310865 0
51.35395715701826 1.749999988281506 0
49.47688555958083 1.749999988252293 0
47.60919931029364 1.749999988223226 0
45.75085148358329 1.749999988194304 0
43.90179540297649 1.749999988165527 0
42.06198460120029 1.749999988136894 0
40.23137285563984 1.749999988108405 0
38.40991418485387 1.749999988080057 0
36.5975628105689 1.749999988051852 0
34.79427319134798 1.749999988023787 0
32.99999999999999 1.749999987995862 0
31.17855478732765 1.749999987967515 0
29.53925409966763 1.749999987942003 0
28.06388347335263 1.749999987919042 0
26.73604991629159 1.749999987898376 0
25.54099972001837 1.749999987879777 0
24.46545453502126 1.749999987863039 0
23.49746386401937 1.749999987847974 0
22.62627226660429 1.749999987834415 0
21.84219983564694 1.749999987822213 0
21.13653464153265 1.749999987811231 0
20.50143595844172 1.749999987801346 0
19.92984714552183 1.749999987792451 0
19.41541721105217 1.749999987784445 0
18.95243027467511 1.749999987777239 0
18.53574203288768 1.749999987770754 0
18.1607226112834 1.749999987764918 0
17.82320513552157 1.749999987759665 0
17.51943940374818 1.749999987754937 0
17.2460502458131 1.749999987750683 0
17 1.749999987746854 0
16.73441720488886 1.749999987742721 0
16.4317546808465 1.74999998773801 0
16.08683550235294 1.749999987732642 0
15.69375994364709 1.749999987726524 0
15.24580457974018 1.749999987719553 0
14.73530729478748 1.749999987711608 0
14.15353620324196 1.749999987702554 0
13.49054031128158 1.749999987692235 0
12.73497930071839 1.749999987680477 0
11.87392956136389 1.749999987667076 0
10.89266313944682 1.749999987651804 0
9.774395810203252 1.749999987634401 0
8.5 1.749999987614568 0
6.9095433011653 1.749999987589815 0
5.572619791475475 1.749999987569009 0
4.448813982310327 1.749999987551519 0
3.50415297892561 1.749999987536817 0
2.710079482577484 1.749999987524459 0
2.042588485880685 1.74999998751407 0
1.481501588052943 1.749999987505338 0
1.009857023475377 1.749999987497998 0
0.6133968688252196 1.749999987491828 0
0.2801360411776344 1.749999987486642 0
0 1.749999987482281 0
-0.295161224452734 1.749999987477688 0
-0.6641127840878553 1.749999987471946 0
-1.125302221953412 1.749999987464768 0
-1.701789003031728 1.749999987455797 0
-2.422397473963748 1.749999987444582 0
-3.323158057514647 1.749999987430563 0
-4.449108798773153 1.74999998741304 0
-5.856547240121074 1.749999987391136 0
-7.615845275505102 1.749999987363756 0
-9.814967827483322 1.749999987329531 0
-12.56387102550212 1.74999998728675 0
-15.99999999999999 1.749999987233273 0
-19.61083791980741 1.749999987177077 0
-23.25814894616619 1.749999987120314 0
-26.94230149533101 1.749999987062977 0
-30.66366770896732 1.749999987005062 0
-34.42262347905 1.749999986946561 0
-38.21954849842778 1.749999986887469 0
-42.05482630008552 1.74999998682778 0
-45.92884427781397 1.749999986767489 0
-49.84199374553917 1.749999986706589 0
-53.79466997884191 1.749999986645073 0
-57.78727223817416 1.749999986582936 0
-61.82020381161699 1.749999986520171 0
-65.8938720650049 1.749999986456772 0
-70.00868848650848 1.749999986392733 0
-74.16506871323423 1.749999986328047 0
-78.3634325771384 1.749999986262708 0
-82.60420415867603 1.749999986196708 0
-86.88781181580127 1.749999986130043 0
-91.21468823266611 1.749999986062703 0
-95.58527046937866 1.749999985994684 0
$EndNodes
$Elements
21 4462 1 4462
1 1 1 21
1 1 29 
2 29 30 
3 30 31 
4 31 32 
5 32 33 
6 33 34 
7 34 35 
8 35 36 
9 36 37 
10 37 38 
11 38 39 
12 39 40 
13 40 41 
14 41 42 
15 42 43 
16 43 44 
17 44 45 
18 45 46 
19 46 47 
20 47 48 
21 48 18 
1 2 1 6
22 2 49 
23 49 50 
24 50 51 
25 51 52 
26 52 53 
27 53 15 
1 3 1 11
28 3 54 
29 54 55 
30 55 56 
31 56 57 
32 57 58 
33 58 59 
34 59 60 
35 60 61 
36 61 62 
37 62 63 
38 63 16 
1 4 1 5
39 4 64 
40 64 65 
41 65 66 
42 66 67 
43 67 17 
1 5 1 20
44 5 68 
45 68 69 
46 69 70 
47 70 71 
48 71 72 
49 72 73 
50 73 74 
51 74 75 
52 75 76 
53 76 77 
54 77 78 
55 78 79 
56 79 80 
57 80 81 
58 81 82 
59 82 83 
60 83 84 
61 84 85 
62 85 86 
63 86 20 
1 6 1 1
64 6 7 
1 7 1 3
65 7 87 
66 87 88 
67 88 25 
1 8 1 17
68 8 89 
69 89 90 
70 90 91 
71 91 92 
72 92 93 
73 93 94 
74 94 95 
75 95 96 
76 96 97 
77 97 98 
78 98 99 
79 99 100 
80 100 101 
81 101 102 
82 102 103 
83 103 104 
84 104 9 
1 9 1 11
85 9 105 
86 105 106 
87 106 107 
88 107 108 
89 108 109 
90 109 110 
91 110 111 
92 111 112 
93 112 113 
94 113 114 
95 114 22 
1 11 1 1
96 10 1 
1 15 1 5
97 15 174 
98 174 175 
99 175 176 
100 176 177 
101 177 3 
1 16 1 13
102 16 178 
103 178 179 
104 179 180 
105 180 181 
106 181 182 
107 182 183 
108 183 184 
109 184 185 
110 185 186 
111 186 187 
112 187 188 
113 188 189 
114 189 4 
1 17 1 6
115 17 190 
116 190 191 
117 191 192 
118 192 193 
119 193 194 
120 194 5 
1 20 1 12
121 18 219 
122 219 220 
123 220 221 
124 221 222 
125 222 223 
126 223 224 
127 224 225 
128 225 226 
129 226 227 
130 227 228 
131 228 229 
132 229 2 
1 21 1 264
133 20 230 
134 230 231 
135 231 232 
136 232 233 
137 233 234 
138 234 235 
139 235 236 
140 236 237 
141 237 238 
142 238 239 
143 239 240 
144 240 241 
145 241 242 
146 242 243 
147 243 244 
148 244 245 
149 245 246 
150 246 247 
151 247 248 
152 248 249 
153 249 250 
154 250 251 
155 251 252 
156 252 253 
157 253 254 
158 254 255 
159 255 256 
160 256 257 
161 257 258 
162 258 259 
163 259 260 
164 260 261 
165 261 262 
166 262 263 
167 263 264 
168 264 265 
169 265 266 
170 266 267 
171 267 268 
172 268 269 
173 269 270 
174 270 271 
175 271 272 
176 272 273 
177 273 274 
178 274 275 
179 275 276 
180 276 277 
181 277 278 
182 278 279 
183 279 280 
184 280 281 
185 281 282 
186 282 283 
187 283 284 
188 284 285 
189 285 286 
190 286 287 
191 287 288 
192 288 289 
193 289 290 
194 290 291 
195 291 292 
196 292 293 
197 293 294 
198 294 295 
199 295 296 
200 296 297 
201 297 298 
202 298 299 
203 299 300 
204 300 301 
205 301 302 
206 302 303 
207 303 304 
208 304 305 
209 305 306 
210 306 307 
211 307 308 
212 308 309 
213 309 310 
214 310 311 
215 311 312 
216 312 313 
217 313 314 
218 314 315 
219 315 316 
220 316 317 
221 317 318 
222 318 319 
223 319 320 
224 320 321 
225 321 322 
226 322 323 
227 323 324 
228 324 325 
229 325 326 
230 326 327 
231 327 328 
232 328 329 
233 329 330 
234 330 331 
235 331 332 
236 332 333 
237 333 334 
238 334 335 
239 335 336 
240 336 337 
241 337 338 
242 338 339 
243 339 340 
244 340 341 
245 341 342 
246 342 343 
247 343 344 
248 344 345 
249 345 346 
250 346 347 
251 347 348 
252 348 349 
253 349 350 
254 350 351 
255 351 352 
256 352 353 
257 353 354 
258 354 355 
259 355 356 
260 356 357 
261 357 358 
262 358 359 
263 359 360 
264 360 361 
265 361 362 
266 362 363 
267 363 364 
268 364 365 
269 365 366 
270 366 367 
271 367 368 
272 368 369 
273 369 370 
274 370 371 
275 371 372 
276 372 373 
277 373 374 
278 374 375 
279 375 376 
280 376 377 
281 377 378 
282 378 379 
283 379 380 
284 380 381 
285 381 382 
286 382 383 
287 383 384 
288 384 385 
289 385 386 
290 386 387 
291 387 388 
292 388 389 
293 389 390 
294 390 391 
295 391 392 
296 392 393 
297 393 394 
298 394 395 
299 395 396 
300 396 397 
301 397 398 
302 398 399 
303 399 400 
304 400 401 
305 401 402 
306 402 403 
307 403 404 
308 404 405 
309 405 406 
310 406 407 
311 407 408 
312 408 409 
313 409 410 
314 410 411 
315 411 412 
316 412 413 
317 413 414 
318 414 415 
319 415 416 
320 416 417 
321 417 418 
322 418 419 
323 419 420 
324 420 421 
325 421 422 
326 422 423 
327 423 424 
328 424 425 
329 425 426 
330 426 427 
331 427 428 
332 428 429 
333 429 430 
334 430 431 
335 431 432 
336 432 433 
337 433 434 
338 434 435 
339 435 436 
340 436 437 
341 437 438 
342 438 439 
343 439 440 
344 440 441 
345 441 442 
346 442 443 
347 443 444 
348 444 445 
349 445 446 
350 446 447 
351 447 448 
352 448 449 
353 449 450 
354 450 451 
355 451 452 
356 452 453 
357 453 454 
358 454 455 
359 455 456 
360 456 457 
361 457 458 
362 458 459 
363 459 460 
364 460 461 
365 461 462 
366 462 463 
367 463 464 
368 464 465 
369 465 466 
370 466 467 
371 467 468 
372 468 469 
373 469 470 
374 470 471 
375 471 472 
376 472 473 
377 473 474 
378 474 475 
379 475 476 
380 476 477 
381 477 478 
382 478 479 
383 479 480 
384 480 481 
385 481 482 
386 482 483 
387 483 484 
388 484 485 
389 485 486 
390 486 487 
391 487 488 
392 488 489 
393 489 490 
394 490 491 
395 491 492 
396 492 6 
1 24 1 3
397 22 767 
398 767 768 
399 768 10 
1 25 1 11
400 25 769 
401 769 770 
402 770 771 
403 771 772 
404 772 773 
405 773 774 
406 774 775 
407 775 776 
408 776 777 
409 777 778 
410 778 8 
2 1 3 341
411 1 29 115 10 
412 29 30 116 115 
413 30 31 117 116 
414 31 32 118 117 
415 32 33 119 118 
416 33 34 120 119 
417 34 35 121 120 
418 35 36 122 121 
419 36 37 123 122 
420 37 38 124 123 
421 38 39 125 124 
422 39 40 126 125 
423 40 41 127 126 
424 41 42 128 127 
425 42 43 129 128 
426 43 44 130 129 
427 44 45 131 130 
428 45 46 132 131 
429 46 47 133 132 
430 47 48 134 133 
431 48 18 19 134 
432 18 219 756 19 
433 219 220 757 756 
434 220 221 758 757 
435 221 222 759 758 
436 222 223 760 759 
437 223 224 761 760 
438 224 225 762 761 
439 225 226 763 762 
440 226 227 764 763 
441 227 228 765 764 
442 228 229 766 765 
443 229 2 11 766 
444 2 164 135 11 
445 164 165 136 135 
446 165 166 137 136 
447 166 167 138 137 
448 167 168 139 138 
449 168 169 140 139 
450 169 170 141 140 
451 170 171 142 141 
452 171 172 143 142 
453 172 173 144 143 
454 173 13 14 144 
455 13 195 207 14 
456 195 196 208 207 
457 196 197 209 208 
458 197 198 210 209 
459 198 199 211 210 
460 199 200 212 211 
461 200 201 213 212 
462 201 202 214 213 
463 202 203 215 214 
464 203 204 216 215 
465 204 205 217 216 
466 205 206 218 217 
467 206 5 12 218 
468 5 68 145 12 
469 68 69 146 145 
470 69 70 147 146 
471 70 71 148 147 
472 71 72 149 148 
473 72 73 150 149 
474 73 74 151 150 
475 74 75 152 151 
476 75 76 153 152 
477 76 77 154 153 
478 77 78 155 154 
479 78 79 156 155 
480 79 80 157 156 
481 80 81 158 157 
482 81 82 159 158 
483 82 83 160 159 
484 83 84 161 160 
485 84 85 162 161 
486 85 86 163 162 
487 86 20 21 163 
488 20 230 493 21 
489 230 231 494 493 
490 231 232 495 494 
491 232 233 496 495 
492 233 234 497 496 
493 234 235 498 497 
494 235 236 499 498 
495 236 237 500 499 
496 237 238 501 500 
497 238 239 502 501 
498 239 240 503 502 
499 240 241 504 503 
500 241 242 505 504 
501 242 243 506 505 
502 243 244 507 506 
503 244 245 508 507 
504 245 246 509 508 
505 246 247 510 509 
506 247 248 511 510 
507 248 249 512 511 
508 249 250 513 512 
509 250 251 514 513 
510 251 252 515 514 
511 252 253 516 515 
512 253 254 517 516 
513 254 255 518 517 
514 255 256 519 518 
515 256 257 520 519 
516 257 258 521 520 
517 258 259 522 521 
518 259 260 523 522 
519 260 261 524 523 
520 261 262 525 524 
521 262 263 526 525 
522 263 264 527 526 
523 264 265 528 527 
524 265 266 529 528 
525 266 267 530 529 
526 267 268 531 530 
527 268 269 532 531 
528 269 270 533 532 
529 270 271 534 533 
530 271 272 535 534 
531 272 273 536 535 
532 273 274 537 536 
533 274 275 538 537 
534 275 276 539 538 
535 276 277 540 539 
536 277 278 541 540 
537 278 279 542 541 
538 279 280 543 542 
539 280 281 544 543 
540 281 282 545 544 
541 282 283 546 545 
542 283 284 547 546 
543 284 285 548 547 
544 285 286 549 548 
545 286 287 550 549 
546 287 288 551 550 
547 288 289 552 551 
548 289 290 553 552 
549 290 291 554 553 
550 291 292 555 554 
551 292 293 556 555 
552 293 294 557 556 
553 294 295 558 557 
554 295 296 559 558 
555 296 297 560 559 
556 297 298 561 560 
557 298 299 562 561 
558 299 300 563 562 
559 300 301 564 563 
560 301 302 565 564 
561 302 303 566 565 
562 303 304 567 566 
563 304 305 568 567 
564 305 306 569 568 
565 306 307 570 569 
566 307 308 571 570 
567 308 309 572 571 
568 309 310 573 572 
569 310 311 574 573 
570 311 312 575 574 
571 312 313 576 575 
572 313 314 577 576 
573 314 315 578 577 
574 315 316 579 578 
575 316 317 580 579 
576 317 318 581 580 
577 318 319 582 581 
578 319 320 583 582 
579 320 321 584 583 
580 321 322 585 584 
581 322 323 586 585 
582 323 324 587 586 
583 324 325 588 587 
584 325 326 589 588 
585 326 327 590 589 
586 327 328 591 590 
587 328 329 592 591 
588 329 330 593 592 
589 330 331 594 593 
590 331 332 595 594 
591 332 333 596 595 
592 333 334 597 596 
593 334 335 598 597 
594 335 336 599 598 
595 336 337 600 599 
596 337 338 601 600 
597 338 339 602 601 
598 339 340 603 602 
599 340 341 604 603 
600 341 342 605 604 
601 342 343 606 605 
602 343 344 607 606 
603 344 345 608 607 
604 345 346 609 608 
605 346 347 610 609 
606 347 348 611 610 
607 348 349 612 611 
608 349 350 613 612 
609 350 351 614 613 
610 351 352 615 614 
611 352 353 616 615 
612 353 354 617 616 
613 354 355 618 617 
614 355 356 619 618 
615 356 357 620 619 
616 357 358 621 620 
617 358 359 622 621 
618 359 360 623 622 
619 360 361 624 623 
620 361 362 625 624 
621 362 363 626 625 
622 363 364 627 626 
623 364 365 628 627 
624 365 366 629 628 
625 366 367 630 629 
626 367 368 631 630 
627 368 369 632 631 
628 369 370 633 632 
629 370 371 634 633 
630 371 372 635 634 
631 372 373 636 635 
632 373 374 637 636 
633 374 375 638 637 
634 375 376 639 638 
635 376 377 640 639 
636 377 378 641 640 
637 378 379 642 641 
638 379 380 643 642 
639 380 381 644 643 
640 381 382 645 644 
641 382 383 646 645 
642 383 384 647 646 
643 384 385 648 647 
644 385 386 649 648 
645 386 387 650 649 
646 387 388 651 650 
647 388 389 652 651 
648 389 390 653 652 
649 390 391 654 653 
650 391 392 655 654 
651 392 393 656 655 
652 393 394 657 656 
653 394 395 658 657 
654 395 396 659 658 
655 396 397 660 659 
656 397 398 661 660 
657 398 399 662 661 
658 399 400 663 662 
659 400 401 664 663 
660 401 402 665 664 
661 402 403 666 665 
662 403 404 667 666 
663 404 405 668 667 
664 405 406 669 668 
665 406 407 670 669 
666 407 408 671 670 
667 408 409 672 671 
668 409 410 673 672 
669 410 411 674 673 
670 411 412 675 674 
671 412 413 676 675 
672 413 414 677 676 
673 414 415 678 677 
674 415 416 679 678 
675 416 417 680 679 
676 417 418 681 680 
677 418 419 682 681 
678 419 420 683 682 
679 420 421 684 683 
680 421 422 685 684 
681 422 423 686 685 
682 423 424 687 686 
683 424 425 688 687 
684 425 426 689 688 
685 426 427 690 689 
686 427 428 691 690 
687 428 429 692 691 
688 429 430 693 692 
689 430 431 694 693 
690 431 432 695 694 
691 432 433 696 695 
692 433 434 697 696 
693 434 435 698 697 
694 435 436 699 698 
695 436 437 700 699 
696 437 438 701 700 
697 438 439 702 701 
698 439 440 703 702 
699 440 441 704 703 
700 441 442 705 704 
701 442 443 706 705 
702 443 444 707 706 
703 444 445 708 707 
704 445 446 709 708 
705 446 447 710 709 
706 447 448 711 710 
707 448 449 712 711 
708 449 450 713 712 
709 450 451 714 713 
710 451 452 715 714 
711 452 453 716 715 
712 453 454 717 716 
713 454 455 718 717 
714 455 456 719 718 
715 456 457 720 719 
716 457 458 721 720 
717 458 459 722 721 
718 459 460 723 722 
719 460 461 724 723 
720 461 462 725 724 
721 462 463 726 725 
722 463 464 727 726 
723 464 465 728 727 
724 465 466 729 728 
725 466 467 730 729 
726 467 468 731 730 
727 468 469 732 731 
728 469 470 733 732 
729 470 471 734 733 
730 471 472 735 734 
731 472 473 736 735 
732 473 474 737 736 
733 474 475 738 737 
734 475 476 739 738 
735 476 477 740 739 
736 477 478 741 740 
737 478 479 742 741 
738 479 480 743 742 
739 480 481 744 743 
740 481 482 745 744 
741 482 483 746 745 
742 483 484 747 746 
743 484 485 748 747 
744 485 486 749 748 
745 486 487 750 749 
746 487 488 751 750 
747 488 489 752 751 
748 489 490 753 752 
749 490 491 754 753 
750 491 492 755 754 
751 492 6 7 755 
2 2 3 264
752 3 54 1114 177 
753 177 1114 1115 176 
754 176 1115 1116 175 
755 175 1116 1117 174 
756 174 1117 1118 15 
757 15 1118 1119 53 
758 53 1119 1120 52 
759 52 1120 1121 51 
760 51 1121 1122 50 
761 50 1122 1123 49 
762 49 1123 164 2 
763 54 55 1124 1114 
764 1114 1124 1125 1115 
765 1115 1125 1126 1116 
766 1116 1126 1127 1117 
767 1117 1127 1128 1118 
768 1118 1128 1129 1119 
769 1119 1129 1130 1120 
770 1120 1130 1131 1121 
771 1121 1131 1132 1122 
772 1122 1132 1133 1123 
773 1123 1133 165 164 
774 55 56 1134 1124 
775 1124 1134 1135 1125 
776 1125 1135 1136 1126 
777 1126 1136 1137 1127 
778 1127 1137 1138 1128 
779 1128 1138 1139 1129 
780 1129 1139 1140 1130 
781 1130 1140 1141 1131 
782 1131 1141 1142 1132 
783 1132 1142 1143 1133 
784 1133 1143 166 165 
785 56 57 1144 1134 
786 1134 1144 1145 1135 
787 1135 1145 1146 1136 
788 1136 1146 1147 1137 
789 1137 1147 1148 1138 
790 1138 1148 1149 1139 
791 1139 1149 1150 1140 
792 1140 1150 1151 1141 
793 1141 1151 1152 1142 
794 1142 1152 1153 1143 
795 1143 1153 167 166 
796 57 58 1154 1144 
797 1144 1154 1155 1145 
798 1145 1155 1156 1146 
799 1146 1156 1157 1147 
800 1147 1157 1158 1148 
801 1148 1158 1159 1149 
802 1149 1159 1160 1150 
803 1150 1160 1161 1151 
804 1151 1161 1162 1152 
805 1152 1162 1163 1153 
806 1153 1163 168 167 
807 58 59 1164 1154 
808 1154 1164 1165 1155 
809 1155 1165 1166 1156 
810 1156 1166 1167 1157 
811 1157 1167 1168 1158 
812 1158 1168 1169 1159 
813 1159 1169 1170 1160 
814 1160 1170 1171 1161 
815 1161 1171 1172 1162 
816 1162 1172 1173 1163 
817 1163 1173 169 168 
818 59 60 1174 1164 
819 1164 1174 1175 1165 
820 1165 1175 1176 1166 
821 1166 1176 1177 1167 
822 1167 1177 1178 1168 
823 1168 1178 1179 1169 
824 1169 1179 1180 1170 
825 1170 1180 1181 1171 
826 1171 1181 1182 1172 
827 1172 1182 1183 1173 
828 1173 1183 170 169 
829 60 61 1184 1174 
830 1174 1184 1185 1175 
831 1175 1185 1186 1176 
832 1176 1186 1187 1177 
833 1177 1187 1188 1178 
834 1178 1188 1189 1179 
835 1179 1189 1190 1180 
836 1180 1190 1191 1181 
837 1181 1191 1192 1182 
838 1182 1192 1193 1183 
839 1183 1193 171 170 
840 61 62 1194 1184 
841 1184 1194 1195 1185 
842 1185 1195 1196 1186 
843 1186 1196 1197 1187 
844 1187 1197 1198 1188 
845 1188 1198 1199 1189 
846 1189 1199 1200 1190 
847 1190 1200 1201 1191 
848 1191 1201 1202 1192 
849 1192 1202 1203 1193 
850 1193 1203 172 171 
851 62 63 1204 1194 
852 1194 1204 1205 1195 
853 1195 1205 1206 1196 
854 1196 1206 1207 1197 
855 1197 1207 1208 1198 
856 1198 1208 1209 1199 
857 1199 1209 1210 1200 
858 1200 1210 1211 1201 
859 1201 1211 1212 1202 
860 1202 1212 1213 1203 
861 1203 1213 173 172 
862 63 16 1214 1204 
863 1204 1214 1215 1205 
864 1205 1215 1216 1206 
865 1206 1216 1217 1207 
866 1207 1217 1218 1208 
867 1208 1218 1219 1209 
868 1209 1219 1220 1210 
869 1210 1220 1221 1211 
870 1211 1221 1222 1212 
871 1212 1222 1223 1213 
872 1213 1223 13 173 
873 16 178 1224 1214 
874 1214 1224 1225 1215 
875 1215 1225 1226 1216 
876 1216 1226 1227 1217 
877 1217 1227 1228 1218 
878 1218 1228 1229 1219 
879 1219 1229 1230 1220 
880 1220 1230 1231 1221 
881 1221 1231 1232 1222 
882 1222 1232 1233 1223 
883 1223 1233 195 13 
884 178 179 1234 1224 
885 1224 1234 1235 1225 
886 1225 1235 1236 1226 
887 1226 1236 1237 1227 
888 1227 1237 1238 1228 
889 1228 1238 1239 1229 
890 1229 1239 1240 1230 
891 1230 1240 1241 1231 
892 1231 1241 1242 1232 
893 1232 1242 1243 1233 
894 1233 1243 196 195 
895 179 180 1244 1234 
896 1234 1244 1245 1235 
897 1235 1245 1246 1236 
898 1236 1246 1247 1237 
899 1237 1247 1248 1238 
900 1238 1248 1249 1239 
901 1239 1249 1250 1240 
902 1240 1250 1251 1241 
903 1241 1251 1252 1242 
904 1242 1252 1253 1243 
905 1243 1253 197 196 
906 180 181 1254 1244 
907 1244 1254 1255 1245 
908 1245 1255 1256 1246 
909 1246 1256 1257 1247 
910 1247 1257 1258 1248 
911 1248 1258 1259 1249 
912 1249 1259 1260 1250 
913 1250 1260 1261 1251 
914 1251 1261 1262 1252 
915 1252 1262 1263 1253 
916 1253 1263 198 197 
917 181 182 1264 1254 
918 1254 1264 1265 1255 
919 1255 1265 1266 1256 
920 1256 1266 1267 1257 
921 1257 1267 1268 1258 
922 1258 1268 1269 1259 
923 1259 1269 1270 1260 
924 1260 1270 1271 1261 
925 1261 1271 1272 1262 
926 1262 1272 1273 1263 
927 1263 1273 199 198 
928 182 183 1274 1264 
929 1264 1274 1275 1265 
930 1265 1275 1276 1266 
931 1266 1276 1277 1267 
932 1267 1277 1278 1268 
933 1268 1278 1279 1269 
934 1269 1279 1280 1270 
935 1270 1280 1281 1271 
936 1271 1281 1282 1272 
937 1272 1282 1283 1273 
938 1273 1283 200 199 
939 183 184 1284 1274 
940 1274 1284 1285 1275 
941 1275 1285 1286 1276 
942 1276 1286 1287 1277 
943 1277 1287 1288 1278 
944 1278 1288 1289 1279 
945 1279 1289 1290 1280 
946 1280 1290 1291 1281 
947 1281 1291 1292 1282 
948 1282 1292 1293 1283 
949 1283 1293 201 200 
950 184 185 1294 1284 
951 1284 1294 1295 1285 
952 1285 1295 1296 1286 
953 1286 1296 1297 1287 
954 1287 1297 1298 1288 
955 1288 1298 1299 1289 
956 1289 1299 1300 1290 
957 1290 1300 1301 1291 
958 1291 1301 1302 1292 
959 1292 1302 1303 1293 
960 1293 1303 202 201 
961 185 186 1304 1294 
962 1294 1304 1305 1295 
963 1295 1305 1306 1296 
964 1296 1306 1307 1297 
965 1297 1307 1308 1298 
966 1298 1308 1309 1299 
967 1299 1309 1310 1300 
968 1300 1310 1311 1301 
969 1301 1311 1312 1302 
970 1302 1312 1313 1303 
971 1303 1313 203 202 
972 186 187 1314 1304 
973 1304 1314 1315 1305 
974 1305 1315 1316 1306 
975 1306 1316 1317 1307 
976 1307 1317 1318 1308 
977 1308 1318 1319 1309 
978 1309 1319 1320 1310 
979 1310 1320 1321 1311 
980 1311 1321 1322 1312 
981 1312 1322 1323 1313 
982 1313 1323 204 203 
983 187 188 1324 1314 
984 1314 1324 1325 1315 
985 1315 1325 1326 1316 
986 1316 1326 1327 1317 
987 1317 1327 1328 1318 
988 1318 1328 1329 1319 
989 1319 1329 1330 1320 
990 1320 1330 1331 1321 
991 1321 1331 1332 1322 
992 1322 1332 1333 1323 
993 1323 1333 205 204 
994 188 189 1334 1324 
995 1324 1334 1335 1325 
996 1325 1335 1336 1326 
997 1326 1336 1337 1327 
998 1327 1337 1338 1328 
999 1328 1338 1339 1329 
1000 1329 1339 1340 1330 
1001 1330 1340 1341 1331 
1002 1331 1341 1342 1332 
1003 1332 1342 1343 1333 
1004 1333 1343 206 205 
1005 189 4 64 1334 
1006 1334 64 65 1335 
1007 1335 65 66 1336 
1008 1336 66 67 1337 
1009 1337 67 17 1338 
1010 1338 17 190 1339 
1011 1339 190 191 1340 
1012 1340 191 192 1341 
1013 1341 192 193 1342 
1014 1342 193 194 1343 
1015 1343 194 5 206 
2 3 2 2424
1016 1371 1937 1935 
1017 1519 1523 1521 
1018 1616 2068 1819 
1019 1546 1552 1551 
1020 1672 2122 1786 
1021 1349 1416 1077 
1022 1453 1902 1901 
1023 1584 2222 2181 
1024 2085 2086 2084 
1025 1420 2192 1829 
1026 1661 2249 2009 
1027 9 2352 104 
1028 1456 2213 90 
1029 96 2242 1436 
1030 1913 1969 1917 
1031 1912 1974 1951 
1032 1759 1774 1469 
1033 105 2352 9 
1034 1575 1665 1579 
1035 1749 1750 1748 
1036 1620 1690 1617 
1037 1457 1730 1728 
1038 1669 1995 1670 
1039 104 1751 1432 
1040 1658 2010 1668 
1041 2216 2330 1879 
1042 1419 2169 1399 
1043 2029 2186 2051 
1044 1545 1696 1552 
1045 1867 2133 1550 
1046 1538 1674 1545 
1047 1998 2287 1648 
1048 1959 1977 1928 
1049 1779 1783 1674 
1050 1478 1700 1488 
1051 1617 1681 1618 
1052 1430 1431 1424 
1053 1872 2302 1354 
1054 1843 2270 1744 
1055 1914 2220 1939 
1056 1869 2302 1501 
1057 1665 2349 1579 
1058 1616 2115 2068 
1059 1792 1848 1412 
1060 1357 2280 1943 
1061 1803 2104 2103 
1062 2072 2240 2073 
1063 1450 2242 96 
1064 1624 2291 1859 
1065 1814 1817 1732 
1066 1784 1864 1534 
1067 1356 2165 1871 
1068 1726 2280 1946 
1069 1982 2006 1981 
1070 97 1756 1450 
1071 1639 1658 1641 
1072 1519 1542 1523 
1073 1955 1958 1733 
1074 1605 2206 1608 
1075 2075 2129 2074 
1076 1485 1489 1482 
1077 1772 1785 1765 
1078 2099 2131 2098 
1079 1998 2028 1997 
1080 1492 2211 1479 
1081 1811 2079 1541 
1082 1650 1663 1647 
1083 1433 2182 101 
1084 1642 1663 1655 
1085 1434 2168 99 
1086 1936 2007 1371 
1087 1636 1656 1631 
1088 1886 2257 1972 
1089 1362 2233 1964 
1090 2031 2064 2030 
1091 1423 1428 1090 
1092 1900 1977 1959 
1093 1648 1669 1651 
1094 92 2251 1438 
1095 1909 1991 1975 
1096 1904 1984 1966 
1097 1676 2028 2027 
1098 2026 2027 1376 
1099 1436 2235 95 
1100 1935 1936 1371 
1101 1596 1614 1597 
1102 1734 1943 1729 
1103 1776 2007 1982 
1104 1583 2241 2101 
1105 1432 2226 103 
1106 1608 1620 1617 
1107 1634 2194 2021 
1108 1379 2042 2016 
1109 2106 2138 1574 
1110 1986 2271 2024 
1111 2079 2122 1540 
1112 1646 1675 1648 
1113 1382 2060 2032 
1114 2121 2122 1672 
1115 2148 2228 1572 
1116 1453 2333 1902 
1117 1485 1717 1489 
1118 1698 1712 1497 
1119 2086 2364 1850 
1120 1503 1870 1787 
1121 2003 2205 2039 
1122 1387 2094 2093 
1123 90 2213 1439 
1124 1381 2051 2031 
1125 2014 2194 2046 
1126 2064 2155 1623 
1127 1608 1617 1613 
1128 1622 1678 1625 
1129 2021 2042 2041 
1130 1493 1842 1485 
1131 1867 2135 1395 
1132 2016 2184 2049 
1133 1794 1810 1795 
1134 1542 1680 1523 
1135 2092 2198 1387 
1136 1390 2113 2070 
1137 2034 2060 2059 
1138 1550 2133 2132 
1139 1725 2165 1356 
1140 2038 2063 2062 
1141 1851 2231 1609 
1142 1438 2268 91 
1143 2047 2214 2089 
1144 1609 2081 1853 
1145 1392 2137 2096 
1146 1541 2127 1824 
1147 1573 2138 2103 
1148 1897 1918 1896 
1149 1347 2254 26 
1150 2080 2113 2112 
1151 2070 2126 2125 
1152 1912 1951 1911 
1153 1437 1915 1894 
1154 1672 2285 2154 
1155 1846 2217 1769 
1156 1400 1419 1102 
1157 1444 1857 102 
1158 1804 2329 2134 
1159 1583 2189 1567 
1160 1596 1679 1614 
1161 1754 1758 1753 
1162 1628 1685 1630 
1163 1637 1684 1639 
1164 2189 2218 1567 
1165 1534 1942 1784 
1166 1710 2027 1646 
1167 1439 2277 1491 
1168 1853 2033 1383 
1169 1819 2111 1616 
1170 1630 1692 1633 
1171 1494 2292 1855 
1172 1641 1688 1644 
1173 1493 2300 1842 
1174 1448 2167 98 
1175 2031 2051 1686 
1176 1562 2262 2150 
1177 1552 1671 1551 
1178 1697 2211 1492 
1179 1660 1722 1720 
1180 1452 1922 94 
1181 1644 1710 1646 
1182 1695 2211 1404 
1183 1646 2027 1675 
1184 2103 2138 2106 
1185 1651 1711 1653 
1186 1653 1723 1660 
1187 104 1432 103 
1188 2009 2249 1777 
1189 1902 1903 1899 
1190 102 1433 101 
1191 1516 2311 1517 
1192 1800 1802 1801 
1193 1895 1896 1893 
1194 1515 2191 1516 
1195 100 1434 99 
1196 2057 2344 1611 
1197 1675 1998 1648 
1198 94 1922 1437 
1199 1710 2263 2027 
1200 98 1435 97 
1201 1544 1746 1740 
1202 1395 2104 1867 
1203 1774 2175 1469 
1204 1494 1855 1493 
1205 1446 1724 100 
1206 1092 1431 1423 
1207 1811 2122 2079 
1208 1585 1858 1857 
1209 1894 2306 1437 
1210 98 2167 1435 
1211 96 1436 95 
1212 1747 1860 1738 
1213 1497 1712 1494 
1214 94 1437 93 
1215 1523 2327 1521 
1216 1793 1848 1792 
1217 1706 1745 1537 
1218 1732 2347 1958 
1219 2032 2060 1694 
1220 92 1438 91 
1221 1356 1825 1725 
1222 100 1724 1434 
1223 1896 2354 1910 
1224 26 2254 1405 
1225 90 1439 89 
1226 1687 2155 2064 
1227 1405 2361 1070 
1228 1575 1579 1576 
1229 1764 1772 1765 
1230 1435 1756 97 
1231 1511 1846 1769 
1232 102 1857 1433 
1233 1889 1916 1885 
1234 2096 2137 2076 
1235 1694 2061 2032 
1236 1437 1925 93 
1237 1544 2282 1746 
1238 1457 1731 1730 
1239 1802 1867 1803 
1240 1660 2009 1722 
1241 1788 1789 1442 
1242 1881 1930 1913 
1243 2016 2042 1693 
1244 1460 1789 1788 
1245 1439 2208 89 
1246 1757 2236 1469 
1247 1757 1762 1408 
1248 1888 1889 1885 
1249 1829 1831 1420 
1250 2056 2057 1611 
1251 1556 1782 1538 
1252 1884 1930 1881 
1253 1454 2251 92 
1254 93 1925 1454 
1255 1605 1608 1604 
1256 1810 2289 1715 
1257 1914 1939 1920 
1258 1731 2362 1730 
1259 1908 1993 1905 
1260 1896 1910 1893 
1261 2027 2028 1675 
1262 771 1471 770 
1263 1718 2156 1719 
1264 770 1509 769 
1265 110 1709 1406 
1266 1075 1416 1347 
1267 1617 1618 1613 
1268 1700 2185 1488 
1269 1459 2352 105 
1270 1749 2210 1543 
1271 108 1510 1403 
1272 1885 1926 1884 
1273 1479 2211 1481 
1274 1432 1750 1749 
1275 2181 2222 1447 
1276 1445 2065 1558 
1277 1412 1848 1790 
1278 99 2168 1448 
1279 1786 2285 1672 
1280 1838 2195 1836 
1281 1844 2365 2158 
1282 1687 2064 2031 
1283 1510 1511 1403 
1284 1526 2322 1527 
1285 1545 1552 1546 
1286 1447 2163 1594 
1287 1485 1842 1717 
1288 1674 1782 1779 
1289 1943 2280 1729 
1290 1866 2270 1410 
1291 1813 1814 1732 
1292 1387 2198 1821 
1293 95 2235 1452 
1294 1670 1996 1669 
1295 101 2182 1446 
1296 1489 1700 1480 
1297 1930 1969 1913 
1298 1538 1545 1539 
1299 1502 1787 1500 
1300 1917 1962 1913 
1301 1524 2322 1526 
1302 2021 2194 1708 
1303 1488 1758 1754 
1304 1602 2346 1604 
1305 1757 1788 1762 
1306 1794 1809 1414 
1307 1579 1752 1587 
1308 1570 2286 2170 
1309 1546 1551 1548 
1310 1553 2296 1839 
1311 1704 1791 1410 
1312 1895 1897 1896 
1313 1911 1952 1912 
1314 2073 2240 1664 
1315 2057 2336 1596 
1316 1511 1769 1513 
1317 1541 1824 1811 
1318 1516 1768 1522 
1319 1516 1517 1515 
1320 1432 1751 1750 
1321 1609 1852 1851 
1322 1463 1757 1469 
1323 1490 2211 1695 
1324 1713 2118 1714 
1325 1551 1799 1548 
1326 1743 1843 1744 
1327 103 1444 102 
1328 1916 1926 1885 
1329 1513 2191 1515 
1330 1775 2006 1982 
1331 101 1446 100 
1332 1657 2197 1435 
1333 1924 1991 1908 
1334 1579 1587 1582 
1335 1922 2259 1915 
1336 99 1448 98 
1337 1671 1811 1673 
1338 1410 1798 1704 
1339 1658 2011 1641 
1340 1404 2211 1697 
1341 1543 2166 1749 
1342 97 1450 96 
1343 1550 2135 1867 
1344 1505 1725 1502 
1345 1648 2287 1669 
1346 1723 2009 1660 
1347 95 1452 94 
1348 1911 2223 1952 
1349 1501 2302 1874 
1350 1401 2185 1796 
1351 93 1454 92 
1352 1930 2233 1362 
1353 1768 2317 1522 
1354 1590 1714 1615 
1355 1641 2011 1688 
1356 1709 2180 1406 
1357 91 1456 90 
1358 1796 2185 1797 
1359 1699 2213 1456 
1360 1822 2365 1844 
1361 1673 1804 1800 
1362 1472 1508 1443 
1363 91 2268 1456 
1364 1675 2028 1998 
1365 1100 1419 1399 
1366 1729 1944 1734 
1367 1489 1797 1700 
1368 1471 1472 1443 
1369 1420 2169 1419 
1370 1722 2009 1777 
1371 1499 1500 1497 
1372 1362 1969 1930 
1373 1488 1754 1476 
1374 1668 2011 1658 
1375 2070 2113 1752 
1376 1596 1597 1595 
1377 1562 2272 1563 
1378 1491 2208 1439 
1379 1810 2318 1795 
1380 1596 2344 2057 
1381 2011 2205 1688 
1382 1712 2302 1872 
1383 1821 2094 1387 
1384 2165 2280 1726 
1385 1888 2339 1889 
1386 1486 1493 1485 
1387 1480 1700 1478 
1388 1949 1953 1916 
1389 1463 1469 1465 
1390 1836 2001 1441 
1391 2268 2273 1457 
1392 1955 2281 1958 
1393 1639 2366 1658 
1394 1996 2022 1374 
1395 1521 2327 1524 
1396 103 2226 1444 
1397 1862 2195 1838 
1398 1740 2274 1544 
1399 2233 2257 1886 
1400 1426 1820 1780 
1401 1597 2288 1602 
1402 1489 2230 1797 
1403 1787 1825 1503 
1404 1528 2338 1530 
1405 1767 2317 1768 
1406 1563 2272 1564 
1407 1536 1864 1784 
1408 1469 2236 1759 
1409 2144 2227 1393 
1410 1484 1485 1482 
1411 1991 2177 1975 
1412 1351 1770 1765 
1413 1790 1848 1770 
1414 1708 2042 2021 
1415 1414 1818 1810 
1416 1951 2339 1911 
1417 2051 2186 1686 
1418 2015 2194 2014 
1419 1984 2220 1966 
1420 1800 1801 1586 
1421 1636 1677 1656 
1422 1924 2299 2177 
1423 2055 2057 2056 
1424 1893 2204 1890 
1425 1732 1958 1735 
1426 2096 2314 2097 
1427 1506 1507 1467 
1428 1564 2241 1583 
1429 1446 1689 1683 
1430 1622 1625 1624 
1431 1628 1630 1629 
1432 1706 1843 1745 
1433 1630 1633 1631 
1434 1595 2344 1596 
1435 1427 1861 1860 
1436 1987 2271 1986 
1437 1781 1863 1426 
1438 1637 1639 1638 
1439 1913 2172 1880 
1440 1639 1641 1640 
1441 1422 1863 1827 
1442 1644 1646 1645 
1443 1641 1644 1642 
1444 1561 2286 1562 
1445 1646 1648 1647 
1446 1883 1884 1881 
1447 2027 2263 1376 
1448 1648 1651 1649 
1449 1406 2180 1470 
1450 2080 2120 2113 
1451 1651 1653 1652 
1452 1653 1660 1659 
1453 1660 1720 1718 
1454 2004 2205 2003 
1455 1842 2297 1717 
1456 1754 2290 1476 
1457 1471 1509 770 
1458 1538 1782 1674 
1459 1609 1853 1852 
1460 1507 1767 1467 
1461 1743 2253 1525 
1462 1383 2063 1853 
1463 1752 2126 2070 
1464 1536 1784 1783 
1465 1868 2300 1353 
1466 2038 2248 2063 
1467 1560 2286 1561 
1468 2034 2155 2060 
1469 1889 1949 1916 
1470 1356 1945 1825 
1471 1968 2279 1368 
1472 1761 2342 1557 
1473 1482 1489 1480 
1474 1717 2230 1489 
1475 1618 2215 1621 
1476 1578 2272 2150 
1477 1610 2315 2288 
1478 1903 1966 1914 
1479 2134 2325 1804 
1480 1625 2188 1626 
1481 1519 1521 1520 
1482 1693 2184 2016 
1483 1670 2022 1996 
1484 1495 2292 1872 
1485 1829 2192 1985 
1486 1588 1714 1590 
1487 1766 1767 1507 
1488 2311 2357 1519 
1489 1633 2187 1635 
1490 1718 1719 1451 
1491 1626 2188 1628 
1492 1621 2215 1622 
1493 1881 1913 1880 
1494 110 1406 109 
1495 1465 1506 1467 
1496 1749 2201 1432 
1497 1410 2270 1798 
1498 1814 2330 2216 
1499 1952 2283 1912 
1500 1635 2187 1637 
1501 1469 1506 1465 
1502 1814 2216 1817 
1503 2227 2229 1393 
1504 1860 1861 1738 
1505 1421 2195 2171 
1506 1938 2260 1933 
1507 1478 1488 1476 
1508 2103 2105 1803 
1509 2074 2076 2075 
1510 2098 2100 2099 
1511 1553 2219 1832 
1512 1920 2265 1929 
1513 1441 2001 1440 
1514 1898 2301 1897 
1515 2147 2228 2148 
1516 1474 1508 1472 
1517 1604 2346 1605 
1518 1488 2185 1758 
1519 1564 2326 1566 
1520 1745 1746 1537 
1521 1697 2212 1409 
1522 1527 2338 1528 
1523 1500 1698 1497 
1524 1658 2012 2010 
1525 1567 2350 1568 
1526 112 1417 111 
1527 2086 2200 2084 
1528 1903 1914 1899 
1529 1849 2214 2047 
1530 108 1403 107 
1531 1435 2167 1657 
1532 1669 1996 1651 
1533 1499 1502 1500 
1534 1780 1781 1426 
1535 1399 2169 1430 
1536 1941 2107 1397 
1537 1552 1786 1671 
1538 1713 2119 2118 
1539 1907 1908 1905 
1540 1556 2363 2319 
1541 1572 2229 2148 
1542 1928 1979 1959 
1543 1365 2238 2223 
1544 1411 2224 2161 
1545 1857 1858 1433 
1546 111 1709 110 
1547 1681 2063 1682 
1548 1567 2218 1664 
1549 1817 2347 1732 
1550 1765 1785 1351 
1551 1844 2087 1845 
1552 1587 1713 1588 
1553 1789 2309 1442 
1554 1901 1902 1899 
1555 1740 1746 1741 
1556 1836 2195 2002 
1557 1666 2078 2077 
1558 113 1460 112 
1559 1414 1810 1794 
1560 2076 2137 2075 
1561 2100 2144 2099 
1562 112 1460 1417 
1563 1574 2139 2106 
1564 1358 1947 1944 
1565 1351 1790 1770 
1566 1716 1810 1715 
1567 1411 1847 1739 
1568 1802 1803 1801 
1569 1982 2007 1936 
1570 776 1404 775 
1571 104 2352 1751 
1572 1437 1922 1915 
1573 1714 1819 1615 
1574 1944 1947 1734 
1575 2270 2361 2255 
1576 1979 2353 1366 
1577 1365 2223 1976 
1578 1506 1764 1507 
1579 1384 2332 2047 
1580 1902 2355 1903 
1581 1940 1968 1368 
1582 1460 1461 1417 
1583 774 1409 773 
1584 1739 1742 1411 
1585 1923 1924 1908 
1586 1813 2258 1814 
1587 1829 1985 1425 
1588 1611 2173 2056 
1589 1771 2243 1522 
1590 772 1418 771 
1591 2262 2286 1570 
1592 1566 2326 1567 
1593 1827 1863 1781 
1594 775 1697 774 
1595 1850 2200 2086 
1596 1899 2301 1898 
1597 1575 1576 1568 
1598 1399 1429 1098 
1599 1355 2221 1870 
1600 1824 2127 1396 
1601 1920 1929 1918 
1602 1530 2296 1553 
1603 1430 1440 1431 
1604 1831 1834 1420 
1605 1567 1568 1566 
1606 1510 1846 1511 
1607 2320 2342 1703 
1608 1460 1788 1461 
1609 1559 2304 1560 
1610 2006 2337 1372 
1611 2084 2315 1845 
1612 1564 1566 1563 
1613 1404 1697 775 
1614 1476 2290 1474 
1615 1504 1505 1502 
1616 1424 1431 1094 
1617 1738 1861 1840 
1618 1562 2286 2262 
1619 2204 2223 1911 
1620 1827 1833 1828 
1621 1562 1563 1561 
1622 1042 2309 22 
1623 1416 2253 1347 
1624 1686 2188 2031 
1625 1359 2347 1956 
1626 1797 2185 1700 
1627 1418 1471 771 
1628 1798 2270 1843 
1629 113 1789 1460 
1630 1608 1613 1612 
1631 1686 2186 1685 
1632 1484 1486 1485 
1633 1683 1724 1446 
1634 1452 2259 1922 
1635 109 1510 108 
1636 1678 2155 1687 
1637 1671 1673 1551 
1638 1664 2074 2073 
1639 1650 1763 1663 
1640 1608 2206 1620 
1641 1992 2266 1369 
1642 1704 1798 1706 
1643 774 1697 1409 
1644 2319 2363 2308 
1645 1442 2309 1042 
1646 779 1509 1443 
1647 1560 1561 1559 
1648 1839 2296 1840 
1649 1353 2300 1855 
1650 114 1789 113 
1651 27 1736 1082 
1652 1492 2212 1697 
1653 1818 2289 1810 
1654 1590 2190 1593 
1655 2146 2147 2142 
1656 2321 2335 1537 
1657 1663 2197 1655 
1658 1593 2344 1595 
1659 1486 1494 1493 
1660 1557 2342 2320 
1661 1500 1874 1698 
1662 1823 1844 1610 
1663 2189 2314 2096 
1664 1723 2313 2009 
1665 1692 2184 1693 
1666 1678 1687 1625 
1667 1522 2310 1516 
1668 1890 2339 1888 
1669 779 1443 780 
1670 1668 2036 2011 
1671 1409 2174 773 
1672 1850 2214 1849 
1673 1622 1694 1678 
1674 1043 1442 1042 
1675 1579 1582 1576 
1676 1905 2351 1968 
1677 1407 2278 1508 
1678 2113 2120 1587 
1679 2100 2227 2144 
1680 1560 2203 2170 
1681 1596 2336 1679 
1682 1720 2156 1718 
1683 1883 1885 1884 
1684 1822 1844 1823 
1685 2011 2036 1377 
1686 1524 1526 1521 
1687 1870 2221 1787 
1688 1694 2060 1678 
1689 1821 2198 1822 
1690 2105 2170 1803 
1691 1544 2338 2282 
1692 2148 2229 2227 
1693 1402 1772 1764 
1694 1568 2350 1575 
1695 1825 1945 1503 
1696 1859 2291 1449 
1697 1530 2316 1531 
1698 1673 1800 1799 
1699 1764 2175 1402 
1700 1669 2287 1995 
1701 1628 1686 1685 
1702 1701 1791 1704 
1703 1594 1689 1447 
1704 1934 2356 1721 
1705 1461 1757 1463 
1706 1815 2258 1455 
1707 1786 2122 1671 
1708 1470 1846 1406 
1709 1369 2266 1990 
1710 1853 2063 1681 
1711 1800 2325 1802 
1712 1681 1682 1618 
1713 1508 2290 1407 
1714 1995 2287 2025 
1715 1443 1509 1471 
1716 1872 2292 1712 
1717 2170 2286 1560 
1718 1932 2299 1924 
1719 1764 1765 1507 
1720 1455 1882 1815 
1721 1892 1893 1890 
1722 1716 2318 1810 
1723 2111 2334 1389 
1724 1931 1932 1924 
1725 1349 1525 1416 
1726 1729 2280 1727 
1727 1598 2365 2052 
1728 1728 1729 1727 
1729 1553 1839 1837 
1730 1934 1938 1932 
1731 1937 2260 1938 
1732 1044 1762 1043 
1733 1463 1465 1464 
1734 1567 2326 1583 
1735 1894 1895 1893 
1736 781 1407 782 
1737 1617 1852 1681 
1738 1775 2337 2006 
1739 1614 1823 1597 
1740 2042 2187 1693 
1741 1469 2175 1506 
1742 1043 1762 1442 
1743 1837 2219 1553 
1744 2031 2188 1687 
1745 107 1691 106 
1746 1692 1693 1633 
1747 1465 1467 1466 
1748 1993 2351 1905 
1749 1730 1944 1729 
1750 1889 1950 1949 
1751 1962 2172 1913 
1752 1901 2239 1453 
1753 1587 1588 1582 
1754 2223 2238 1952 
1755 1651 1996 1711 
1756 1731 1813 1732 
1757 1840 1861 1838 
1758 1977 2354 1928 
1759 1819 2068 1615 
1760 1950 2339 1951 
1761 106 1691 1459 
1762 1531 2316 1532 
1763 1908 2266 1993 
1764 1679 1821 1614 
1765 1719 2356 1806 
1766 1637 1708 1684 
1767 1461 1463 1462 
1768 1461 1788 1757 
1769 1735 1944 1730 
1770 1802 2133 1867 
1771 1905 2355 1902 
1772 1062 1529 23 
1773 1844 2341 2087 
1774 1557 2298 1761 
1775 782 1753 783 
1776 1537 2322 2321 
1777 1427 1862 1861 
1778 1348 2361 2270 
1779 1542 1715 1680 
1780 2315 2346 2288 
1781 1368 1967 1940 
1782 1606 2364 2044 
1783 2077 2240 2072 
1784 1828 1829 1425 
1785 1556 2348 1782 
1786 1374 2271 1996 
1787 1727 2165 1725 
1788 1793 2243 1848 
1789 1844 1845 1610 
1790 1545 1546 1539 
1791 1532 2363 1533 
1792 1991 2266 1908 
1793 1045 1408 1044 
1794 1744 2253 1743 
1795 2103 2106 2105 
1796 777 1695 776 
1797 2148 2162 2149 
1798 2105 2252 2170 
1799 1806 2356 1807 
1800 1799 1800 1586 
1801 1455 2258 1813 
1802 1597 1602 1601 
1803 1371 2343 1937 
1804 1715 2209 1680 
1805 23 1760 1061 
1806 784 1401 785 
1807 1533 2363 1538 
1808 1696 1941 1552 
1809 1708 2194 1684 
1810 1064 1345 1063 
1811 1902 1907 1905 
1812 1911 2339 1890 
1813 1498 1499 1497 
1814 1784 2247 1674 
1815 1046 1759 1045 
1816 1602 1604 1603 
1817 1538 1539 1533 
1818 1454 2323 1927 
1819 1061 1415 1060 
1820 1508 2278 1443 
1821 1113 1778 1112 
1822 1544 2274 1840 
1823 1459 2178 1751 
1824 1048 1402 1047 
1825 1047 1774 1046 
1826 1070 2361 1069 
1827 1096 1429 1424 
1828 1530 1531 1528 
1829 2321 2327 1557 
1830 2101 2162 2100 
1831 1425 2157 1828 
1832 1496 1497 1494 
1833 1518 2318 1716 
1834 1517 2311 1519 
1835 1538 2363 1556 
1836 1769 2191 1513 
1837 1742 2224 1411 
1838 1674 2247 1545 
1839 1834 2169 1420 
1840 1756 1763 1755 
1841 1049 1772 1048 
1842 1051 1351 1050 
1843 1532 1533 1531 
1844 1434 2225 1707 
1845 1828 1833 1830 
1846 1555 2304 1559 
1847 1050 1785 1049 
1848 1553 2316 1530 
1849 1903 1967 1966 
1850 1587 2120 1713 
1851 785 1796 786 
1852 773 2174 772 
1853 2083 2085 2084 
1854 1732 2362 1731 
1855 1527 1528 1526 
1856 1519 1520 1517 
1857 1956 2347 2216 
1858 776 1695 1404 
1859 1407 1753 782 
1860 772 2174 1418 
1861 1840 2296 1544 
1862 1052 1790 1051 
1863 2140 2146 2142 
1864 1745 1843 1743 
1865 1713 1714 1588 
1866 1408 1762 1044 
1867 1053 1412 1052 
1868 1534 2037 1942 
1869 1525 2224 1743 
1870 1443 2278 780 
1871 1741 1742 1739 
1872 1470 2217 1846 
1873 1920 2301 1914 
1874 1537 2335 1706 
1875 2240 2350 1664 
1876 1867 2104 1803 
1877 1054 1792 1053 
1878 1065 1701 1064 
1879 1873 2221 1355 
1880 1804 2325 1800 
1881 1418 1472 1471 
1882 1942 2037 1535 
1883 1055 1350 1054 
1884 1807 1931 1923 
1885 1417 1709 111 
1886 1833 2319 1830 
1887 1910 2223 2204 
1888 1836 2002 2001 
1889 1887 1888 1885 
1890 1803 2170 1801 
1891 786 1413 787 
1892 1835 2219 1837 
1893 1905 1968 1940 
1894 1712 2292 1494 
1895 1620 1849 1690 
1896 1928 2353 1979 
1897 1819 2334 2111 
1898 2173 2190 1615 
1899 1924 2177 1991 
1900 1762 1788 1442 
1901 1752 2113 1587 
1902 2118 2334 1714 
1903 1739 1847 1346 
1904 1944 2281 1358 
1905 1708 2187 2042 
1906 1707 1808 1434 
1907 106 1459 105 
1908 1575 2240 1665 
1909 1060 1773 1059 
1910 1780 1820 1778 
1911 1481 2211 1490 
1912 1056 1809 1055 
1913 1618 1621 1613 
1914 1477 1478 1476 
1915 778 1458 777 
1916 2047 2332 1849 
1917 1783 1784 1674 
1918 1735 2281 1944 
1919 1976 2223 1977 
1920 2181 2245 1584 
1921 1690 1852 1617 
1922 1475 1476 1474 
1923 1715 2276 2209 
1924 1505 1727 1725 
1925 114 2309 1789 
1926 1987 2358 1711 
1927 787 1812 788 
1928 1815 1880 1878 
1929 1585 1857 1856 
1930 1435 1763 1756 
1931 1633 1635 1631 
1932 1630 1631 1629 
1933 1622 1624 1621 
1934 1628 1629 1626 
1935 1845 2315 1610 
1936 1513 1515 1514 
1937 1637 1638 1635 
1938 1923 1931 1924 
1939 2150 2272 1562 
1940 1625 1626 1624 
1941 1583 2326 1564 
1942 1646 1647 1645 
1943 1639 1640 1638 
1944 1511 1513 1512 
1945 1648 1649 1647 
1946 1644 1645 1642 
1947 1063 2193 1062 
1948 1918 1928 1896 
1949 1651 1652 1649 
1950 1641 1642 1640 
1951 1653 1659 1652 
1952 1057 1414 1056 
1953 1660 1718 1659 
1954 2076 2189 2096 
1955 1722 1775 1720 
1956 1671 2122 1811 
1957 1408 2236 1757 
1958 1463 1464 1462 
1959 1889 2339 1950 
1960 1695 2202 1490 
1961 1461 1462 1417 
1962 1704 1706 1705 
1963 1394 2140 2139 
1964 1400 1420 1419 
1965 1465 1466 1464 
1966 1045 1759 1408 
1967 1574 2143 2139 
1968 781 2278 1407 
1969 1799 2179 1548 
1970 1524 2327 2321 
1971 1765 1770 1766 
1972 1897 1920 1918 
1973 1588 1590 1589 
1974 1552 1941 1786 
1975 1765 1766 1507 
1976 1725 1825 1502 
1977 1834 2219 1835 
1978 1721 2356 1719 
1979 1736 1747 1738 
1980 1474 2290 1508 
1981 1407 1754 1753 
1982 1683 2225 1724 
1983 788 1352 789 
1984 1058 1818 1057 
1985 2139 2143 1394 
1986 1673 1824 1804 
1987 1728 2312 1457 
1988 1590 1593 1592 
1989 1526 2210 1521 
1990 2052 2365 2198 
1991 1716 2357 1518 
1992 1941 2328 2107 
1993 2243 2244 1522 
1994 1907 1923 1908 
1995 1473 1474 1472 
1996 1835 1836 1441 
1997 1831 2219 1834 
1998 1593 1595 1594 
1999 1923 2333 1807 
2000 24 1398 1113 
2001 1083 1747 27 
2002 1680 2298 1523 
2003 1394 2145 2140 
2004 1701 1704 1702 
2005 1993 2266 1992 
2006 2018 2176 1685 
2007 1046 1774 1759 
2008 2200 2315 2084 
2009 2056 2173 2067 
2010 1620 1850 1849 
2011 1059 1344 1058 
2012 1402 1774 1047 
2013 1542 1716 1715 
2014 1108 1826 1107 
2015 1728 1730 1729 
2016 1406 1510 109 
2017 1719 2156 1721 
2018 1895 1898 1897 
2019 1401 1796 785 
2020 1427 2171 1862 
2021 1066 1791 1065 
2022 1890 2204 1911 
2023 1821 1822 1614 
2024 1061 1760 1415 
2025 789 1841 790 
2026 1397 2285 1941 
2027 1815 1881 1880 
2028 1758 2185 1401 
2029 1505 2312 1728 
2030 1048 1772 1402 
2031 1951 1974 1364 
2032 1409 2331 2174 
2033 1548 2179 1555 
2034 1813 2273 1455 
2035 2160 2277 1439 
2036 1558 2196 1445 
2037 1522 2317 1771 
2038 2025 2287 1375 
2039 2044 2364 2090 
2040 1910 2204 1893 
2041 1542 2357 1716 
2042 1898 1901 1899 
2043 1105 1985 1104 
2044 1840 2274 1738 
2045 1557 2327 2298 
2046 1758 2284 1753 
2047 1717 2267 2230 
2048 1882 1883 1881 
2049 2058 2094 1679 
2050 1377 2205 2011 
2051 1719 1806 1451 
2052 1430 2169 1441 
2053 1049 1785 1772 
2054 1351 1785 1050 
2055 2065 2166 1667 
2056 1386 2091 2087 
2057 1874 2302 1698 
2058 1884 2233 1930 
2059 1852 1853 1681 
2060 1462 1709 1417 
2061 1401 2284 1758 
2062 1051 1790 1351 
2063 1611 2344 2190 
2064 1935 1938 1934 
2065 1721 1935 1934 
2066 1689 2182 1447 
2067 1990 2266 1991 
2068 1837 1838 1836 
2069 1423 2001 1428 
2070 790 1487 791 
2071 2074 2129 1569 
2072 1711 2271 1987 
2073 2087 2091 2045 
2074 2098 2131 1565 
2075 1895 1915 1898 
2076 1067 1410 1066 
2077 2068 2115 1591 
2078 2056 2066 1388 
2079 2214 2364 1606 
2080 1830 2319 1832 
2081 1487 2300 1868 
2082 1499 1504 1502 
2083 1412 1790 1052 
2084 1418 2174 1473 
2085 1666 2124 2078 
2086 1475 1477 1476 
2087 1467 1767 1468 
2088 1753 2284 783 
2089 1477 1492 1479 
2090 1698 2302 1712 
2091 1828 2157 1826 
2092 1950 1951 1364 
2093 1832 2308 1553 
2094 1755 1763 1650 
2095 1396 2207 1824 
2096 1062 2193 1529 
2097 1479 1480 1478 
2098 1415 1773 1060 
2099 1506 2175 1764 
2100 1502 1825 1787 
2101 1112 1820 1111 
2102 786 1796 1413 
2103 794 1495 795 
2104 1608 1612 1604 
2105 1763 2197 1663 
2106 2060 2155 1678 
2107 2078 2124 1577 
2108 1685 2019 2018 
2109 1529 1760 23 
2110 1505 1728 1727 
2111 791 1868 792 
2112 1053 1792 1412 
2113 1655 2197 1657 
2114 1378 2040 2012 
2115 1111 1426 1110 
2116 2321 2322 1524 
2117 1385 2090 2086 
2118 1665 2240 2077 
2119 1418 1473 1472 
2120 1473 1475 1474 
2121 1921 1925 1437 
2122 793 1854 794 
2123 1926 2257 2233 
2124 1721 1936 1935 
2125 2012 2040 2010 
2126 795 1872 796 
2127 1350 1792 1054 
2128 1931 1934 1932 
2129 1040 1536 1041 
2130 1467 1468 1466 
2131 1466 1470 1464 
2132 1611 2190 2173 
2133 1084 1860 1083 
2134 1082 1346 1081 
2135 1041 1865 24 
2136 784 2284 1401 
2137 792 1353 793 
2138 1407 2290 1754 
2139 798 1501 799 
2140 1737 1739 1346 
2141 2055 2056 1388 
2142 2073 2074 1569 
2143 802 1503 803 
2144 1350 1794 1793 
2145 822 1954 823 
2146 2097 2098 1565 
2147 821 1875 822 
2148 797 1869 798 
2149 799 1873 800 
2150 1441 2169 1834 
2151 1630 2176 1692 
2152 806 1726 807 
2153 835 1948 836 
2154 1741 1743 1742 
2155 1966 2220 1914 
2156 1942 2247 1784 
2157 801 1870 802 
2158 796 1354 797 
2159 845 1959 846 
2160 803 1945 804 
2161 848 1963 849 
2162 800 1355 801 
2163 805 1871 806 
2164 1039 1864 1040 
2165 807 1946 808 
2166 855 1965 856 
2167 810 1734 811 
2168 804 1356 805 
2169 808 1357 809 
2170 812 1358 813 
2171 865 1975 866 
2172 809 1943 810 
2173 811 1947 812 
2174 814 1733 815 
2175 1722 2337 1775 
2176 818 1816 819 
2177 813 1955 814 
2178 816 1359 817 
2179 820 1360 821 
2180 824 1361 825 
2181 875 1981 876 
2182 1691 2178 1459 
2183 826 1917 827 
2184 815 1957 816 
2185 817 1956 818 
2186 819 1960 820 
2187 885 1986 886 
2188 1519 2357 1542 
2189 823 1961 824 
2190 830 1886 831 
2191 825 1962 826 
2192 890 1995 891 
2193 1958 2281 1735 
2194 828 1362 829 
2195 834 1891 835 
2196 2067 2068 1591 
2197 832 1363 833 
2198 837 1364 838 
2199 827 1969 828 
2200 893 1997 894 
2201 839 1912 840 
2202 898 1999 899 
2203 829 1964 830 
2204 831 1972 832 
2205 1571 2228 2147 
2206 833 1970 834 
2207 836 1973 837 
2208 844 1900 845 
2209 901 2003 902 
2210 838 1974 839 
2211 906 2010 907 
2212 850 1919 851 
2213 1403 1691 107 
2214 1761 2298 2159 
2215 842 1365 843 
2216 909 2014 910 
2217 847 1366 848 
2218 852 1367 853 
2219 912 2021 913 
2220 915 2016 916 
2221 843 1976 844 
2222 921 2017 922 
2223 846 1979 847 
2224 849 1978 850 
2225 854 1904 855 
2226 918 2023 919 
2227 851 1980 852 
2228 1477 2212 1492 
2229 1685 2176 1630 
2230 860 1906 861 
2231 1615 2190 1590 
2232 853 1984 854 
2233 857 1368 858 
2234 924 2029 925 
2235 864 1909 865 
2236 862 1369 863 
2237 867 1370 868 
2238 927 2030 928 
2239 930 2034 931 
2240 933 2032 934 
2241 1055 1809 1350 
2242 856 1989 857 
2243 939 2033 940 
2244 1481 1482 1480 
2245 861 1992 862 
2246 869 1933 870 
2247 936 2038 937 
2248 1512 1691 1403 
2249 863 1990 864 
2250 866 1994 867 
2251 1851 1852 1690 
2252 868 2000 869 
2253 945 2047 946 
2254 872 1371 873 
2255 948 2044 949 
2256 954 2045 955 
2257 877 1372 878 
2258 874 1776 875 
2259 882 1373 883 
2260 1657 1677 1636 
2261 880 1661 881 
2262 957 2048 958 
2263 884 1654 885 
2264 960 2052 961 
2265 873 2007 874 
2266 876 2006 877 
2267 1807 2333 2234 
2268 881 2008 882 
2269 889 1670 890 
2270 883 2013 884 
2271 967 2053 968 
2272 887 1374 888 
2273 970 2066 971 
2274 892 1375 893 
2275 897 1376 898 
2276 895 1676 896 
2277 981 2080 982 
2278 991 2071 992 
2279 984 2070 985 
2280 886 2024 887 
2281 888 2022 889 
2282 891 2025 892 
2283 900 1643 901 
2284 896 2026 897 
2285 905 1668 906 
2286 894 2028 895 
2287 1038 1534 1039 
2288 998 2095 999 
2289 903 1377 904 
2290 899 2035 900 
2291 908 1378 909 
2292 914 1379 915 
2293 920 1380 921 
2294 1016 2102 1017 
2295 911 1634 912 
2296 902 2039 903 
2297 904 2036 905 
2298 907 2040 908 
2299 1711 2358 1653 
2300 1499 1699 1504 
2301 917 1632 918 
2302 913 2041 914 
2303 910 2046 911 
2304 919 2043 920 
2305 923 1627 924 
2306 916 2049 917 
2307 926 1381 927 
2308 932 1382 933 
2309 938 1383 939 
2310 1007 2228 1008 
2311 929 1623 930 
2312 1005 2229 1006 
2313 922 2050 923 
2314 1888 1892 1890 
2315 935 1619 936 
2316 925 2051 926 
2317 1030 1540 1031 
2318 1740 1741 1739 
2319 931 2059 932 
2320 928 2064 929 
2321 1037 2037 1038 
2322 941 1609 942 
2323 937 2062 938 
2324 953 1607 954 
2325 947 1606 948 
2326 934 2069 935 
2327 1110 1863 1109 
2328 944 1384 945 
2329 950 1385 951 
2330 956 1386 957 
2331 962 1387 963 
2332 940 2081 941 
2333 964 1600 965 
2334 946 2089 947 
2335 1036 1535 1037 
2336 952 2082 953 
2337 951 2088 952 
2338 949 2090 950 
2339 955 2091 956 
2340 959 1598 960 
2341 1385 2086 2085 
2342 966 1599 967 
2343 1515 1750 1514 
2344 1413 1812 787 
2345 963 2093 964 
2346 961 2092 962 
2347 1031 2121 1032 
2348 1029 2079 1030 
2349 958 2108 959 
2350 969 1388 970 
2351 965 2109 966 
2352 976 1389 977 
2353 983 1390 984 
2354 990 1391 991 
2355 974 1616 975 
2356 972 1591 973 
2357 978 1581 979 
2358 1032 1672 1033 
2359 980 1580 981 
2360 988 1666 989 
2361 986 1577 987 
2362 1028 1541 1029 
2363 993 1569 994 
2364 1770 1771 1766 
2365 968 2110 969 
2366 995 2075 996 
2367 971 2116 972 
2368 1000 1565 1001 
2369 975 2111 976 
2370 973 2115 974 
2371 977 2117 978 
2372 1002 2099 1003 
2373 982 2112 983 
2374 1022 1549 1023 
2375 989 2114 990 
2376 979 2123 980 
2377 985 2125 986 
2378 987 2124 988 
2379 2139 2141 2106 
2380 992 2128 993 
2381 1020 1550 1021 
2382 1008 1571 1009 
2383 994 2129 995 
2384 1024 1805 1025 
2385 997 1392 998 
2386 1015 1573 1016 
2387 1006 1572 1007 
2388 1013 1574 1014 
2389 1004 1393 1005 
2390 1011 1394 1012 
2391 1018 1395 1019 
2392 1001 2131 1002 
2393 996 2137 997 
2394 999 2130 1000 
2395 1035 2107 1036 
2396 1021 2132 1022 
2397 1023 2136 1024 
2398 1003 2144 1004 
2399 1009 2151 1010 
2400 1010 2145 1011 
2401 1019 2135 1020 
2402 1014 2138 1015 
2403 1017 2152 1018 
2404 1012 2143 1013 
2405 1033 2154 1034 
2406 1027 2127 1028 
2407 943 2232 944 
2408 1026 1396 1027 
2409 1025 2153 1026 
2410 1034 1397 1035 
2411 1064 1701 1345 
2412 942 2231 943 
2413 1931 2356 1934 
2414 1727 2280 2165 
2415 1511 1512 1403 
2416 1580 2120 2080 
2417 1481 1490 1483 
2418 1458 1695 777 
2419 1673 1799 1551 
2420 1933 1971 1938 
2421 1372 2337 2307 
2422 1684 2366 1639 
2423 1109 1422 1108 
2424 1350 1809 1794 
2425 1770 1848 1771 
2426 1679 2094 1821 
2427 1483 1484 1482 
2428 2239 2259 1452 
2429 1546 1548 1547 
2430 2083 2084 1845 
2431 1839 1840 1838 
2432 2166 2201 1749 
2433 1402 2175 1774 
2434 1854 2292 1495 
2435 1892 1894 1893 
2436 1585 2246 1858 
2437 1688 2305 1644 
2438 1746 2282 1537 
2439 1613 1859 1612 
2440 1548 1555 1554 
2441 1555 1559 1558 
2442 1535 2328 1942 
2443 2171 2195 1862 
2444 2012 2015 1378 
2445 2108 2365 1598 
2446 1894 1915 1895 
2447 1880 2324 1877 
2448 1081 1847 1080 
2449 859 2237 860 
2450 1414 1809 1056 
2451 1874 2221 1873 
2452 1477 1479 1478 
2453 841 2238 842 
2454 1925 2323 1454 
2455 1378 2015 2014 
2456 1085 1427 1084 
2457 1699 2269 1504 
2458 1736 1738 1737 
2459 1688 2205 2004 
2460 1619 2069 2061 
2461 1516 2191 1768 
2462 1779 1780 1778 
2463 1957 2347 1359 
2464 1345 2193 1063 
2465 1927 2250 1454 
2466 1068 1866 1067 
2467 1855 2300 1493 
2468 2193 2342 1529 
2469 1768 1769 1468 
2470 1456 2269 1699 
2471 2061 2069 2032 
2472 1830 1831 1829 
2473 1612 1859 1808 
2474 1437 2306 1921 
2475 1517 1748 1515 
2476 879 2249 880 
2477 1877 1954 1875 
2478 1781 2348 1833 
2479 1597 1601 1595 
2480 1823 2288 1597 
2481 1878 1880 1877 
2482 780 2278 781 
2483 1724 2225 1434 
2484 1822 1823 1614 
2485 788 1812 1352 
2486 1689 2256 1683 
2487 1486 1496 1494 
2488 1080 1411 1079 
2489 1389 2334 2117 
2490 1575 2350 2240 
2491 1529 1761 1760 
2492 1795 2243 1793 
2493 1367 1980 1939 
2494 2119 2120 1580 
2495 2147 2149 2142 
2496 1834 1835 1441 
2497 1806 2234 1436 
2498 1741 1745 1743 
2499 1450 1756 1755 
2500 1498 1699 1499 
2501 1059 1773 1344 
2502 27 1747 1736 
2503 1057 1818 1414 
2504 1996 2271 1711 
2505 1500 2221 1874 
2506 1796 1797 1413 
2507 1380 2043 2020 
2508 1107 2157 1106 
2509 1571 2147 2146 
2510 1406 1846 1510 
2511 1939 1980 1919 
2512 1939 2220 1367 
2513 2077 2078 1665 
2514 2101 2314 1583 
2515 1876 1877 1875 
2516 1496 1498 1497 
2517 1065 1791 1701 
2518 783 2284 784 
2519 870 2260 871 
2520 2056 2067 2066 
2521 1602 1603 1601 
2522 1364 1973 1950 
2523 2090 2364 2086 
2524 1926 2233 1884 
2525 1811 1824 1673 
2526 1106 1425 1105 
2527 1842 2300 1487 
2528 1982 1983 1775 
2529 858 2279 859 
2530 1525 2253 1416 
2531 2244 2318 1518 
2532 1861 1862 1838 
2533 1368 1989 1967 
2534 1877 1961 1954 
2535 1950 1973 1948 
2536 1380 2020 2018 
2537 1883 1887 1885 
2538 2063 2248 1682 
2539 1750 1751 1514 
2540 840 2283 841 
2541 1662 2264 1755 
2542 1438 2273 2268 
2543 1350 1793 1792 
2544 1543 2210 1526 
2545 1577 2126 2078 
2546 1794 1795 1793 
2547 1967 1989 1965 
2548 2019 2186 1627 
2549 1344 1818 1058 
2550 1845 2345 2083 
2551 2253 2254 1347 
2552 1692 2340 2184 
2553 2148 2227 2162 
2554 1644 2305 1710 
2555 1888 1921 1892 
2556 2310 2311 1516 
2557 1703 2342 2193 
2558 1545 2247 1696 
2559 2170 2252 1570 
2560 1949 1950 1948 
2561 1398 1783 1779 
2562 1887 1921 1888 
2563 1677 2261 1656 
2564 2061 2248 1619 
2565 1352 1841 789 
2566 1360 1960 1879 
2567 1767 1768 1468 
2568 1360 1879 1876 
2569 1918 2353 1928 
2570 1086 2171 1085 
2571 1604 1707 1603 
2572 1816 2216 1879 
2573 1627 2050 2019 
2574 1684 2194 2015 
2575 1513 1514 1512 
2576 1520 2210 1749 
2577 1977 2223 1910 
2578 1891 1970 1953 
2579 1445 2226 2201 
2580 1520 1749 1748 
2581 1966 1967 1965 
2582 2149 2162 1578 
2583 1891 1953 1949 
2584 1781 1833 1827 
2585 1610 2288 1823 
2586 1366 2353 1963 
2587 1363 2257 1953 
2588 2162 2227 2100 
2589 1879 1960 1816 
2590 1999 2263 2005 
2591 1921 2323 1925 
2592 1705 2321 2320 
2593 2019 2050 2017 
2594 1079 2161 1078 
2595 1388 2110 2055 
2596 1953 1970 1363 
2597 1451 2293 1718 
2598 1069 1348 1068 
2599 1569 2128 2073 
2600 1458 2208 2202 
2601 22 2309 114 
2602 1565 2130 2097 
2603 1744 2255 2254 
2604 1856 1857 1444 
2605 878 2307 879 
2606 1760 2159 1415 
2607 1395 2152 2104 
2608 1910 2354 1977 
2609 2140 2142 2141 
2610 1088 2164 1087 
2611 1375 2287 1998 
2612 1778 1820 1112 
2613 2055 2110 2053 
2614 1654 2013 1988 
2615 1783 1865 1536 
2616 1827 1828 1826 
2617 1447 2182 2181 
2618 2073 2128 2071 
2619 1751 2352 1459 
2620 1580 2123 2119 
2621 1449 2168 1808 
2622 1449 2261 2168 
2623 1654 1988 1987 
2624 2097 2130 2095 
2625 2104 2152 2102 
2626 2320 2321 1557 
2627 1588 1589 1582 
2628 1805 2136 2134 
2629 2255 2361 1405 
2630 2018 2019 2017 
2631 1988 2013 1373 
2632 1766 2317 1767 
2633 1714 2334 1819 
2634 1938 1971 1932 
2635 1643 2035 2005 
2636 1591 2116 2067 
2637 2119 2123 1581 
2638 2082 2088 2085 
2639 2145 2146 2140 
2640 1455 2273 2251 
2641 1521 2210 1520 
2642 1743 2224 1742 
2643 1643 2005 2004 
2644 1470 2180 1464 
2645 1685 2186 2019 
2646 2134 2136 1549 
2647 1398 1778 1113 
2648 1398 1865 1783 
2649 1653 2358 1723 
2650 1594 2256 1689 
2651 2163 2222 2199 
2652 1430 1441 1440 
2653 2082 2085 2083 
2654 1590 1592 1589 
2655 2054 2055 2053 
2656 1701 1702 1345 
2657 2005 2035 1999 
2658 2085 2088 1385 
2659 2067 2116 2066 
2660 1704 1705 1702 
2661 1568 1584 1566 
2662 1599 2109 2058 
2663 1593 1594 1592 
2664 2072 2073 2071 
2665 1737 1740 1739 
2666 1787 2221 1500 
2667 2166 2303 1667 
2668 2096 2097 2095 
2669 1391 2114 2077 
2670 2103 2104 2102 
2671 2308 2363 1532 
2672 2118 2119 1581 
2673 1599 2058 2054 
2674 1087 1421 1086 
2675 1490 1491 1483 
2676 1104 2192 1103 
2677 1600 2094 2058 
2678 2058 2109 1600 
2679 1815 1882 1881 
2680 1858 2245 2181 
2681 1391 2077 2072 
2682 1650 2294 1755 
2683 2068 2173 1615 
2684 1078 1349 1077 
2685 790 1841 1487 
2686 2133 2134 1549 
2687 1878 2258 1815 
2688 2288 2346 1602 
2689 2159 2298 1680 
2690 1479 1481 1480 
2691 1798 1843 1706 
2692 2077 2114 1666 
2693 1561 1585 1559 
2694 1627 2186 2029 
2695 1882 1927 1883 
2696 1612 1808 1707 
2697 871 2343 872 
2698 1361 2172 1962 
2699 1636 2295 1657 
2700 1940 1967 1903 
2701 1916 2257 1926 
2702 1664 2350 1567 
2703 2261 2291 1656 
2704 1464 2180 1462 
2705 1850 2206 2200 
2706 2196 2226 1445 
2707 1755 2294 1662 
2708 2101 2241 2162 
2709 1657 2295 1655 
2710 1855 2292 1854 
2711 1082 1736 1346 
2712 1367 2220 1984 
2713 2020 2043 2023 
2714 1731 2273 1813 
2715 2148 2149 2147 
2716 1462 2180 1709 
2717 1837 1839 1838 
2718 1657 2167 1677 
2719 1835 1837 1836 
2720 2098 2101 2100 
2721 1543 2303 2166 
2722 2232 2332 1384 
2723 1481 1483 1482 
2724 1752 2349 2126 
2725 1994 2299 1370 
2726 1937 1938 1935 
2727 1769 2217 1468 
2728 1089 2183 1088 
2729 1559 1856 1558 
2730 1759 2236 1408 
2731 1439 2360 2160 
2732 1682 2215 1618 
2733 1808 1859 1449 
2734 1453 2235 2234 
2735 1807 2234 1806 
2736 1592 2163 1589 
2737 2307 2337 1777 
2738 1487 1868 791 
2739 1546 1547 1539 
2740 2087 2341 1386 
2741 2004 2305 1688 
2742 1512 2178 1691 
2743 1664 2218 2074 
2744 1961 2324 1361 
2745 1751 2178 1514 
2746 1936 1983 1982 
2747 2008 2313 1373 
2748 1455 2250 1882 
2749 1520 1748 1517 
2750 1693 2187 1633 
2751 1457 2269 2268 
2752 1601 2256 1595 
2753 1083 1860 1747 
2754 1586 2179 1799 
2755 1528 1543 1526 
2756 1659 1662 1652 
2757 1721 1983 1936 
2758 1595 2256 1594 
2759 1649 1650 1647 
2760 1702 1703 1345 
2761 1849 2332 1690 
2762 1484 2160 1486 
2763 1645 1663 1642 
2764 1628 2188 1686 
2765 1475 2212 1477 
2766 1640 1655 1638 
2767 2045 2345 2087 
2768 1446 2182 1689 
2769 1876 1878 1877 
2770 1445 2166 2065 
2771 1635 1636 1631 
2772 1621 1859 1613 
2773 1629 1656 1626 
2774 1878 2330 2258 
2775 1533 1667 1531 
2776 1958 2347 1957 
2777 1883 1927 1887 
2778 794 1854 1495 
2779 1504 2312 1505 
2780 1687 2188 1625 
2781 1603 1683 1601 
2782 1933 2000 1971 
2783 24 1865 1398 
2784 1555 1558 1554 
2785 2158 2365 2108 
2786 1768 2191 1769 
2787 1548 1554 1547 
2788 1607 2345 2045 
2789 1495 1872 795 
2790 1841 1842 1487 
2791 1710 2305 2005 
2792 2140 2141 2139 
2793 1386 2341 2048 
2794 1431 1440 1423 
2795 1612 1707 1604 
2796 1779 1782 1780 
2797 1971 2000 1370 
2798 792 1868 1353 
2799 2020 2176 2018 
2800 2254 2255 1405 
2801 1858 2181 1433 
2802 1090 1428 1089 
2803 2067 2173 2068 
2804 2117 2334 2118 
2805 1449 2291 2261 
2806 1353 1854 793 
2807 1828 1830 1829 
2808 1748 1750 1515 
2809 1450 2264 2242 
2810 2168 2261 1448 
2811 1435 2197 1763 
2812 1741 1746 1745 
2813 1453 2239 2235 
2814 1736 1737 1346 
2815 1536 1865 1041 
2816 1376 2263 1999 
2817 2164 2183 2002 
2818 1761 2159 1760 
2819 1103 1400 1102 
2820 1833 2348 1556 
2821 2015 2366 1684 
2822 796 1872 1354 
2823 1410 1791 1066 
2824 2005 2263 1710 
2825 1619 2248 2038 
2826 2145 2151 2146 
2827 1040 1864 1536 
2828 1111 1820 1426 
2829 798 1869 1501 
2830 1501 1873 799 
2831 1795 2244 2243 
2832 1801 2203 1586 
2833 802 1870 1503 
2834 1503 1945 803 
2835 1354 1869 797 
2836 1830 1832 1831 
2837 1705 2335 2321 
2838 2146 2151 1571 
2839 2234 2235 1436 
2840 800 1873 1355 
2841 2242 2264 1451 
2842 1632 2340 2023 
2843 1605 2315 2200 
2844 2054 2057 2055 
2845 1355 1870 801 
2846 806 1871 1726 
2847 1726 1946 807 
2848 1662 2293 2264 
2849 804 1945 1356 
2850 2141 2262 2252 
2851 1875 1954 822 
2852 1942 2328 1696 
2853 1356 1871 805 
2854 808 1946 1357 
2855 1734 1947 811 
2856 810 1943 1734 
2857 1637 2187 1708 
2858 1357 1943 809 
2859 812 1947 1358 
2860 1360 1875 821 
2861 1954 1961 823 
2862 1358 1955 813 
2863 1448 2261 1677 
2864 814 1955 1733 
2865 1733 1957 815 
2866 816 1957 1359 
2867 818 1956 1816 
2868 1816 1960 819 
2869 1359 1956 817 
2870 820 1960 1360 
2871 1891 1948 835 
2872 824 1961 1361 
2873 1361 1962 825 
2874 1948 1973 836 
2875 826 1962 1917 
2876 1919 2265 1939 
2877 1917 1969 827 
2878 1353 1855 1854 
2879 1900 1959 845 
2880 830 1964 1886 
2881 1886 1972 831 
2882 828 1969 1362 
2883 2269 2312 1504 
2884 1362 1964 829 
2885 1959 1979 846 
2886 832 1972 1363 
2887 834 1970 1891 
2888 1498 2213 1699 
2889 1963 1978 849 
2890 1363 1970 833 
2891 1366 1963 848 
2892 837 1973 1364 
2893 1364 1974 838 
2894 839 1974 1912 
2895 1904 1965 855 
2896 1755 2264 1450 
2897 1877 2324 1961 
2898 844 1976 1900 
2899 1965 1989 856 
2900 1365 1976 843 
2901 850 1978 1919 
2902 1534 1864 1039 
2903 1919 1980 851 
2904 847 1979 1366 
2905 2181 2182 1433 
2906 852 1980 1367 
2907 1909 1975 865 
2908 1975 1994 866 
2909 1367 1984 853 
2910 854 1984 1904 
2911 1906 1992 861 
2912 857 1989 1368 
2913 862 1992 1369 
2914 1415 2209 1773 
2915 864 1990 1909 
2916 1369 1990 863 
2917 867 1994 1370 
2918 1776 1981 875 
2919 1370 2000 868 
2920 1981 2006 876 
2921 869 2000 1933 
2922 1654 1986 885 
2923 1897 2301 1920 
2924 1986 2024 886 
2925 1703 2193 1345 
2926 1670 1995 890 
2927 2298 2327 1523 
2928 1995 2025 891 
2929 1371 2007 873 
2930 1475 2331 2212 
2931 874 2007 1776 
2932 877 2006 1372 
2933 882 2008 1373 
2934 1348 2270 1866 
2935 1375 1997 893 
2936 1373 2013 883 
2937 1376 1999 898 
2938 1661 2008 881 
2939 1997 2028 894 
2940 884 2013 1654 
2941 1999 2035 899 
2942 1643 2003 901 
2943 1668 2010 906 
2944 889 2022 1670 
2945 2003 2039 902 
2946 887 2024 1374 
2947 1374 2022 888 
2948 2010 2040 907 
2949 892 2025 1375 
2950 1378 2014 909 
2951 897 2026 1376 
2952 2014 2046 910 
2953 1676 2026 896 
2954 895 2028 1676 
2955 1379 2016 915 
2956 2021 2041 913 
2957 1634 2021 912 
2958 1380 2017 921 
2959 2016 2049 916 
2960 2023 2043 919 
2961 1679 2336 2058 
2962 1466 2217 1470 
2963 900 2035 1643 
2964 1632 2023 918 
2965 2017 2050 922 
2966 905 2036 1668 
2967 903 2039 1377 
2968 1377 2036 904 
2969 908 2040 1378 
2970 1627 2029 924 
2971 2029 2051 925 
2972 1381 2030 927 
2973 914 2041 1379 
2974 2005 2305 2004 
2975 1382 2032 933 
2976 920 2043 1380 
2977 2030 2064 928 
2978 911 2046 1634 
2979 1623 2034 930 
2980 1383 2033 939 
2981 2034 2059 931 
2982 2032 2069 934 
2983 1038 2037 1534 
2984 2038 2062 937 
2985 1619 2038 936 
2986 917 2049 1632 
2987 2033 2081 940 
2988 842 2238 1365 
2989 923 2050 1627 
2990 1606 2044 948 
2991 1607 2045 954 
2992 1384 2047 945 
2993 2047 2089 946 
2994 1426 1863 1110 
2995 926 2051 1381 
2996 860 2237 1906 
2997 2044 2090 949 
2998 2045 2091 955 
2999 932 2059 1382 
3000 929 2064 1623 
3001 938 2062 1383 
3002 1386 2048 957 
3003 935 2069 1619 
3004 2212 2331 1409 
3005 2048 2108 958 
3006 2052 2092 961 
3007 2020 2340 1692 
3008 1598 2052 960 
3009 941 2081 1609 
3010 2264 2293 1451 
3011 1599 2053 967 
3012 1535 2037 1037 
3013 947 2089 1606 
3014 953 2082 1607 
3015 2053 2110 968 
3016 1540 2121 1031 
3017 1076 1416 1075 
3018 1030 2079 1540 
3019 1807 2356 1931 
3020 1008 2228 1571 
3021 1388 2066 970 
3022 1385 2088 951 
3023 950 2090 1385 
3024 1806 2242 1451 
3025 956 2091 1386 
3026 1006 2229 1572 
3027 952 2088 2082 
3028 2066 2116 971 
3029 1387 2093 963 
3030 962 2092 1387 
3031 1391 2071 991 
3032 1390 2070 984 
3033 1580 2080 981 
3034 2080 2112 982 
3035 964 2093 1600 
3036 2070 2125 985 
3037 1609 2231 942 
3038 2071 2128 992 
3039 944 2232 1384 
3040 1600 2109 965 
3041 1554 2065 1547 
3042 959 2108 1598 
3043 966 2109 1599 
3044 1032 2121 1672 
3045 1541 2079 1029 
3046 2095 2130 999 
3047 969 2110 1388 
3048 1392 2095 998 
3049 2231 2232 943 
3050 972 2116 1591 
3051 1573 2102 1016 
3052 1579 2349 1752 
3053 976 2111 1389 
3054 1616 2111 975 
3055 1389 2117 977 
3056 1591 2115 973 
3057 974 2115 1616 
3058 983 2112 1390 
3059 1036 2107 1535 
3060 990 2114 1391 
3061 978 2117 1581 
3062 1581 2123 979 
3063 2102 2152 1017 
3064 1620 2206 1850 
3065 1666 2114 989 
3066 980 2123 1580 
3067 988 2124 1666 
3068 986 2125 1577 
3069 1577 2124 987 
3070 993 2128 1569 
3071 1569 2129 994 
3072 995 2129 2075 
3073 1398 1779 1778 
3074 2075 2137 996 
3075 1565 2131 1001 
3076 2141 2252 2106 
3077 1002 2131 2099 
3078 1672 2154 1033 
3079 1000 2130 1565 
3080 1028 2127 1541 
3081 1022 2132 1549 
3082 1549 2136 1023 
3083 2099 2144 1003 
3084 1550 2132 1021 
3085 997 2137 1392 
3086 1024 2136 1805 
3087 1020 2135 1550 
3088 1571 2151 1009 
3089 1004 2144 1393 
3090 1011 2145 1394 
3091 1015 2138 1573 
3092 1395 2135 1019 
3093 1574 2138 1014 
3094 1013 2143 1574 
3095 1394 2143 1012 
3096 1018 2152 1395 
3097 1010 2151 2145 
3098 1805 2153 1025 
3099 1721 2156 1983 
3100 1361 2324 2172 
3101 1397 2107 1035 
3102 880 2249 1661 
3103 1572 2228 1007 
3104 1393 2229 1005 
3105 2002 2183 1428 
3106 1396 2127 1027 
3107 1034 2154 1397 
3108 1026 2153 1396 
3109 1458 2202 1695 
3110 2001 2002 1428 
3111 1912 2283 840 
3112 1622 2215 1694 
3113 1933 2260 870 
3114 1368 2279 858 
3115 1373 2313 1988 
3116 1501 1874 1873 
3117 1092 1423 1091 
3118 1963 2353 1929 
3119 1692 2176 2020 
3120 1578 2150 2149 
3121 1953 2257 1916 
3122 1518 2310 2244 
3123 2190 2344 1593 
3124 1582 2199 1576 
3125 1826 2157 1107 
3126 1067 1866 1410 
3127 1372 2307 878 
3128 1907 2333 1923 
3129 1871 2165 1726 
3130 1486 2160 1496 
3131 2097 2314 2098 
3132 1358 2281 1955 
3133 1914 2301 1899 
3134 1658 2366 2012 
3135 859 2279 2237 
3136 1413 2230 1812 
3137 841 2283 2238 
3138 1735 2362 1732 
3139 1733 1958 1957 
3140 1730 2362 1735 
3141 1956 2216 1816 
3142 1585 1856 1559 
3143 872 2343 1371 
3144 1946 2280 1357 
3145 1360 1876 1875 
3146 2149 2150 2142 
3147 1455 2251 2250 
3148 1964 2233 1886 
3149 1972 2257 1363 
3150 1891 1949 1948 
3151 1976 1977 1900 
3152 1904 1966 1965 
3153 1906 1993 1992 
3154 1990 1991 1909 
3155 1346 1847 1081 
3156 1915 2259 1898 
3157 1468 2217 1466 
3158 1975 2177 1994 
3159 2065 2275 1547 
3160 1427 1860 1084 
3161 1422 1826 1108 
3162 1661 2009 2008 
3163 1776 1982 1981 
3164 1527 2322 2282 
3165 1370 2299 1971 
3166 2024 2271 1374 
3167 1654 1987 1986 
3168 1676 2027 2026 
3169 1375 1998 1997 
3170 1109 1863 1422 
3171 2039 2205 1377 
3172 1643 2004 2003 
3173 2046 2194 1634 
3174 2041 2042 1379 
3175 879 2307 2249 
3176 2049 2184 1632 
3177 1775 1983 1720 
3178 2177 2299 1994 
3179 1901 2259 2239 
3180 1380 2018 2017 
3181 2134 2329 1805 
3182 2059 2060 1382 
3183 1381 2031 2030 
3184 2062 2063 1383 
3185 1623 2155 2034 
3186 2089 2214 1606 
3187 1696 2328 1941 
3188 1436 2242 1806 
3189 2082 2083 1607 
3190 1094 1431 1093 
3191 2048 2158 2108 
3192 2093 2094 1600 
3193 2052 2198 2092 
3194 1540 2122 2121 
3195 1599 2054 2053 
3196 2117 2118 1581 
3197 2112 2113 1390 
3198 2125 2126 1577 
3199 1780 2348 1781 
3200 1391 2072 2071 
3201 2132 2133 1549 
3202 1392 2096 2095 
3203 2153 2207 1396 
3204 1573 2103 2102 
3205 2163 2199 1589 
3206 1101 1419 1100 
3207 2023 2340 2020 
3208 1490 2202 1491 
3209 1680 2209 2159 
3210 2009 2313 2008 
3211 1797 2230 1413 
3212 2234 2333 1453 
3213 1677 2167 1448 
3214 1576 2222 1568 
3215 2258 2330 1814 
3216 2201 2226 1432 
3217 2260 2343 871 
3218 1354 2302 1869 
3219 1848 2243 1771 
3220 1983 2156 1720 
3221 2170 2203 1801 
3222 1583 2314 2189 
3223 1586 2304 2179 
3224 1563 2246 1561 
3225 1473 2331 1475 
3226 1566 2245 1563 
3227 1832 2319 2308 
3228 1808 2168 1434 
3229 1898 2259 1901 
3230 2158 2341 1844 
3231 1879 2330 1876 
3232 2048 2341 2158 
3233 2142 2262 2141 
3234 2083 2345 1607 
3235 2172 2324 1880 
3236 2159 2209 1415 
3237 1457 2312 2269 
3238 1706 2335 1705 
3239 1429 1430 1424 
3240 2250 2251 1454 
3241 1683 2256 1601 
3242 1514 2178 1512 
3243 1771 2317 1766 
3244 1738 2274 1737 
3245 1856 2196 1558 
3246 1422 1827 1826 
3247 1556 2319 1833 
3248 1851 2332 2232 
3249 1529 2342 1761 
3250 1939 2265 1920 
3251 1568 2222 1584 
3252 2126 2349 2078 
3253 1941 2285 1786 
3254 1539 2275 1533 
3255 2184 2340 1632 
3256 1667 2275 2065 
3257 1985 2192 1104 
3258 1626 2291 1624 
3259 1080 1847 1411 
3260 1425 1985 1105 
3261 1805 2329 2153 
3262 1707 2225 1603 
3263 1812 2267 1352 
3264 1483 2277 1484 
3265 1652 2294 1649 
3266 1718 2293 1659 
3267 1638 2295 1635 
3268 1561 2246 1585 
3269 2154 2285 1397 
3270 2012 2366 2015 
3271 2282 2322 1537 
3272 2002 2195 2164 
3273 1589 2199 1582 
3274 1773 2276 1344 
3275 1491 2277 1483 
3276 1690 2332 1851 
3277 2106 2252 2105 
3278 1072 1405 1071 
3279 1085 2171 1427 
3280 1777 2337 1722 
3281 2078 2349 1665 
3282 1929 2353 1918 
3283 2282 2338 1527 
3284 1530 2338 2296 
3285 1531 2303 1528 
3286 2153 2329 2207 
3287 1106 2157 1425 
3288 1518 2357 2311 
3289 2202 2208 1491 
3290 1069 2361 1348 
3291 1802 2325 2133 
3292 2076 2218 2189 
3293 1824 2207 1804 
3294 1344 2289 1818 
3295 2098 2314 2101 
3296 1832 2219 1831 
3297 1795 2318 2244 
3298 2174 2331 1473 
3299 2074 2218 2076 
3300 2216 2347 1817 
3301 2133 2325 2134 
3302 2058 2336 2054 
3303 1411 2161 1079 
3304 1349 2224 1525 
3305 1074 1347 1073 
3306 1882 2250 1927 
3307 2296 2338 1544 
3308 1348 1866 1068 
3309 1498 2360 2213 
3310 2107 2328 1535 
3311 1352 2297 1841 
3312 1099 1399 1098 
3313 2203 2304 1586 
3314 1682 2359 2215 
3315 1444 2196 1856 
3316 1603 2225 1683 
3317 1782 2348 1780 
3318 2200 2206 1605 
3319 1564 2272 2241 
3320 1928 2354 1896 
3321 1876 2330 1878 
3322 1921 2306 1892 
3323 1584 2245 1566 
3324 1440 2001 1423 
3325 2164 2195 1421 
3326 1484 2277 2160 
3327 1892 2306 1894 
3328 1841 2297 1842 
3329 2198 2365 1822 
3330 2215 2359 1694 
3331 1737 2274 1740 
3332 1445 2201 2166 
3333 1560 2304 2203 
3334 2308 2316 1553 
3335 2252 2262 1570 
3336 1533 2275 1667 
3337 1444 2226 2196 
3338 1421 2171 1086 
3339 2241 2272 1578 
3340 1988 2358 1987 
3341 1528 2303 1543 
3342 1662 2294 1652 
3343 2150 2262 2142 
3344 2209 2276 1773 
3345 2199 2222 1576 
3346 1696 2247 1942 
3347 1655 2295 1638 
3348 2230 2267 1812 
3349 1656 2291 1626 
3350 1547 2275 1539 
3351 2054 2336 2057 
3352 1659 2293 1662 
3353 1097 1429 1096 
3354 1649 2294 1650 
3355 1635 2295 1636 
3356 1929 2265 1978 
3357 1078 2161 1349 
3358 1940 2355 1905 
3359 1087 2164 1421 
3360 1713 2120 2119 
3361 2235 2239 1452 
3362 2245 2246 1563 
3363 1887 2323 1921 
3364 1088 2183 2164 
3365 1667 2303 1531 
3366 1705 2320 1702 
3367 1927 2323 1887 
3368 1702 2320 1703 
3369 1850 2364 2214 
3370 2161 2224 1349 
3371 1971 2299 1932 
3372 1903 2355 1940 
3373 1496 2360 1498 
3374 1988 2313 1723 
3375 1744 2254 2253 
3376 2061 2359 2248 
3377 2268 2269 1456 
3378 2244 2310 1522 
3379 2162 2241 1578 
3380 2276 2289 1344 
3381 1605 2346 2315 
3382 2267 2297 1352 
3383 2213 2360 1439 
3384 1853 2081 2033 
3385 1694 2359 2061 
3386 2207 2329 1804 
3387 1717 2297 2267 
3388 1103 2192 1400 
3389 2237 2351 1906 
3390 1518 2311 2310 
3391 1858 2246 2245 
3392 1906 2351 1993 
3393 1095 1424 28 
3394 2251 2273 1438 
3395 1428 2183 1089 
3396 1929 1978 1963 
3397 2160 2360 1496 
3398 2087 2345 1845 
3399 1723 2358 1988 
3400 1978 2265 1919 
3401 2179 2304 1555 
3402 2238 2283 1952 
3403 2237 2279 1968 
3404 1851 2232 2231 
3405 2249 2307 1777 
3406 1715 2289 2276 
3407 1937 2343 2260 
3408 1968 2351 2237 
3409 1532 2316 2308 
3410 2248 2359 1682 
3411 26 1405 1072 
3412 1075 1347 1074 
3413 1077 1416 1076 
3414 1096 1424 1095 
3415 1098 1429 1097 
3416 1100 1399 1099 
3417 1102 1419 1101 
3418 89 2208 8 
3419 8 1458 778 
3420 8 2208 1458 
3421 769 779 25 
3422 1073 1347 26 
3423 28 1424 1094 
3424 769 1509 779 
3425 1071 1405 1070 
3426 1091 1423 1090 
3427 1093 1431 1092 
3428 1399 1430 1429 
3429 1400 2192 1420 
3430 1447 2222 2163 
3431 1457 2273 1731 
3432 1558 2065 1554 
3433 1594 2163 1592 
3434 1624 1859 1621 
3435 1631 1656 1629 
3436 1642 1655 1640 
3437 1647 1663 1645 
3438 1744 2270 2255 
3439 1902 2333 1907 
2 4 3 1023
3440 7 755 2367 87 
3441 755 754 2368 2367 
3442 754 753 2369 2368 
3443 753 752 2370 2369 
3444 752 751 2371 2370 
3445 751 750 2372 2371 
3446 750 749 2373 2372 
3447 749 748 2374 2373 
3448 748 747 2375 2374 
3449 747 746 2376 2375 
3450 746 745 2377 2376 
3451 745 744 2378 2377 
3452 744 743 2379 2378 
3453 743 742 2380 2379 
3454 742 741 2381 2380 
3455 741 740 2382 2381 
3456 740 739 2383 2382 
3457 739 738 2384 2383 
3458 738 737 2385 2384 
3459 737 736 2386 2385 
3460 736 735 2387 2386 
3461 735 734 2388 2387 
3462 734 733 2389 2388 
3463 733 732 2390 2389 
3464 732 731 2391 2390 
3465 731 730 2392 2391 
3466 730 729 2393 2392 
3467 729 728 2394 2393 
3468 728 727 2395 2394 
3469 727 726 2396 2395 
3470 726 725 2397 2396 
3471 725 724 2398 2397 
3472 724 723 2399 2398 
3473 723 722 2400 2399 
3474 722 721 2401 2400 
3475 721 720 2402 2401 
3476 720 719 2403 2402 
3477 719 718 2404 2403 
3478 718 717 2405 2404 
3479 717 716 2406 2405 
3480 716 715 2407 2406 
3481 715 714 2408 2407 
3482 714 713 2409 2408 
3483 713 712 2410 2409 
3484 712 711 2411 2410 
3485 711 710 2412 2411 
3486 710 709 2413 2412 
3487 709 708 2414 2413 
3488 708 707 2415 2414 
3489 707 706 2416 2415 
3490 706 705 2417 2416 
3491 705 704 2418 2417 
3492 704 703 2419 2418 
3493 703 702 2420 2419 
3494 702 701 2421 2420 
3495 701 700 2422 2421 
3496 700 699 2423 2422 
3497 699 698 2424 2423 
3498 698 697 2425 2424 
3499 697 696 2426 2425 
3500 696 695 2427 2426 
3501 695 694 2428 2427 
3502 694 693 2429 2428 
3503 693 692 2430 2429 
3504 692 691 2431 2430 
3505 691 690 2432 2431 
3506 690 689 2433 2432 
3507 689 688 2434 2433 
3508 688 687 2435 2434 
3509 687 686 2436 2435 
3510 686 685 2437 2436 
3511 685 684 2438 2437 
3512 684 683 2439 2438 
3513 683 682 2440 2439 
3514 682 681 2441 2440 
3515 681 680 2442 2441 
3516 680 679 2443 2442 
3517 679 678 2444 2443 
3518 678 677 2445 2444 
3519 677 676 2446 2445 
3520 676 675 2447 2446 
3521 675 674 2448 2447 
3522 674 673 2449 2448 
3523 673 672 2450 2449 
3524 672 671 2451 2450 
3525 671 670 2452 2451 
3526 670 669 2453 2452 
3527 669 668 2454 2453 
3528 668 667 2455 2454 
3529 667 666 2456 2455 
3530 666 665 2457 2456 
3531 665 664 2458 2457 
3532 664 663 2459 2458 
3533 663 662 2460 2459 
3534 662 661 2461 2460 
3535 661 660 2462 2461 
3536 660 659 2463 2462 
3537 659 658 2464 2463 
3538 658 657 2465 2464 
3539 657 656 2466 2465 
3540 656 655 2467 2466 
3541 655 654 2468 2467 
3542 654 653 2469 2468 
3543 653 652 2470 2469 
3544 652 651 2471 2470 
3545 651 650 2472 2471 
3546 650 649 2473 2472 
3547 649 648 2474 2473 
3548 648 647 2475 2474 
3549 647 646 2476 2475 
3550 646 645 2477 2476 
3551 645 644 2478 2477 
3552 644 643 2479 2478 
3553 643 642 2480 2479 
3554 642 641 2481 2480 
3555 641 640 2482 2481 
3556 640 639 2483 2482 
3557 639 638 2484 2483 
3558 638 637 2485 2484 
3559 637 636 2486 2485 
3560 636 635 2487 2486 
3561 635 634 2488 2487 
3562 634 633 2489 2488 
3563 633 632 2490 2489 
3564 632 631 2491 2490 
3565 631 630 2492 2491 
3566 630 629 2493 2492 
3567 629 628 2494 2493 
3568 628 627 2495 2494 
3569 627 626 2496 2495 
3570 626 625 2497 2496 
3571 625 624 2498 2497 
3572 624 623 2499 2498 
3573 623 622 2500 2499 
3574 622 621 2501 2500 
3575 621 620 2502 2501 
3576 620 619 2503 2502 
3577 619 618 2504 2503 
3578 618 617 2505 2504 
3579 617 616 2506 2505 
3580 616 615 2507 2506 
3581 615 614 2508 2507 
3582 614 613 2509 2508 
3583 613 612 2510 2509 
3584 612 611 2511 2510 
3585 611 610 2512 2511 
3586 610 609 2513 2512 
3587 609 608 2514 2513 
3588 608 607 2515 2514 
3589 607 606 2516 2515 
3590 606 605 2517 2516 
3591 605 604 2518 2517 
3592 604 603 2519 2518 
3593 603 602 2520 2519 
3594 602 601 2521 2520 
3595 601 600 2522 2521 
3596 600 599 2523 2522 
3597 599 598 2524 2523 
3598 598 597 2525 2524 
3599 597 596 2526 2525 
3600 596 595 2527 2526 
3601 595 594 2528 2527 
3602 594 593 2529 2528 
3603 593 592 2530 2529 
3604 592 591 2531 2530 
3605 591 590 2532 2531 
3606 590 589 2533 2532 
3607 589 588 2534 2533 
3608 588 587 2535 2534 
3609 587 586 2536 2535 
3610 586 585 2537 2536 
3611 585 584 2538 2537 
3612 584 583 2539 2538 
3613 583 582 2540 2539 
3614 582 581 2541 2540 
3615 581 580 2542 2541 
3616 580 579 2543 2542 
3617 579 578 2544 2543 
3618 578 577 2545 2544 
3619 577 576 2546 2545 
3620 576 575 2547 2546 
3621 575 574 2548 2547 
3622 574 573 2549 2548 
3623 573 572 2550 2549 
3624 572 571 2551 2550 
3625 571 570 2552 2551 
3626 570 569 2553 2552 
3627 569 568 2554 2553 
3628 568 567 2555 2554 
3629 567 566 2556 2555 
3630 566 565 2557 2556 
3631 565 564 2558 2557 
3632 564 563 2559 2558 
3633 563 562 2560 2559 
3634 562 561 2561 2560 
3635 561 560 2562 2561 
3636 560 559 2563 2562 
3637 559 558 2564 2563 
3638 558 557 2565 2564 
3639 557 556 2566 2565 
3640 556 555 2567 2566 
3641 555 554 2568 2567 
3642 554 553 2569 2568 
3643 553 552 2570 2569 
3644 552 551 2571 2570 
3645 551 550 2572 2571 
3646 550 549 2573 2572 
3647 549 548 2574 2573 
3648 548 547 2575 2574 
3649 547 546 2576 2575 
3650 546 545 2577 2576 
3651 545 544 2578 2577 
3652 544 543 2579 2578 
3653 543 542 2580 2579 
3654 542 541 2581 2580 
3655 541 540 2582 2581 
3656 540 539 2583 2582 
3657 539 538 2584 2583 
3658 538 537 2585 2584 
3659 537 536 2586 2585 
3660 536 535 2587 2586 
3661 535 534 2588 2587 
3662 534 533 2589 2588 
3663 533 532 2590 2589 
3664 532 531 2591 2590 
3665 531 530 2592 2591 
3666 530 529 2593 2592 
3667 529 528 2594 2593 
3668 528 527 2595 2594 
3669 527 526 2596 2595 
3670 526 525 2597 2596 
3671 525 524 2598 2597 
3672 524 523 2599 2598 
3673 523 522 2600 2599 
3674 522 521 2601 2600 
3675 521 520 2602 2601 
3676 520 519 2603 2602 
3677 519 518 2604 2603 
3678 518 517 2605 2604 
3679 517 516 2606 2605 
3680 516 515 2607 2606 
3681 515 514 2608 2607 
3682 514 513 2609 2608 
3683 513 512 2610 2609 
3684 512 511 2611 2610 
3685 511 510 2612 2611 
3686 510 509 2613 2612 
3687 509 508 2614 2613 
3688 508 507 2615 2614 
3689 507 506 2616 2615 
3690 506 505 2617 2616 
3691 505 504 2618 2617 
3692 504 503 2619 2618 
3693 503 502 2620 2619 
3694 502 501 2621 2620 
3695 501 500 2622 2621 
3696 500 499 2623 2622 
3697 499 498 2624 2623 
3698 498 497 2625 2624 
3699 497 496 2626 2625 
3700 496 495 2627 2626 
3701 495 494 2628 2627 
3702 494 493 2629 2628 
3703 493 21 2630 2629 
3704 21 163 2631 2630 
3705 163 162 2632 2631 
3706 162 161 2633 2632 
3707 161 160 2634 2633 
3708 160 159 2635 2634 
3709 159 158 2636 2635 
3710 158 157 2637 2636 
3711 157 156 2638 2637 
3712 156 155 2639 2638 
3713 155 154 2640 2639 
3714 154 153 2641 2640 
3715 153 152 2642 2641 
3716 152 151 2643 2642 
3717 151 150 2644 2643 
3718 150 149 2645 2644 
3719 149 148 2646 2645 
3720 148 147 2647 2646 
3721 147 146 2648 2647 
3722 146 145 2649 2648 
3723 145 12 2650 2649 
3724 12 218 2651 2650 
3725 218 217 2652 2651 
3726 217 216 2653 2652 
3727 216 215 2654 2653 
3728 215 214 2655 2654 
3729 214 213 2656 2655 
3730 213 212 2657 2656 
3731 212 211 2658 2657 
3732 211 210 2659 2658 
3733 210 209 2660 2659 
3734 209 208 2661 2660 
3735 208 207 2662 2661 
3736 207 14 2663 2662 
3737 14 144 2664 2663 
3738 144 143 2665 2664 
3739 143 142 2666 2665 
3740 142 141 2667 2666 
3741 141 140 2668 2667 
3742 140 139 2669 2668 
3743 139 138 2670 2669 
3744 138 137 2671 2670 
3745 137 136 2672 2671 
3746 136 135 2673 2672 
3747 135 11 2674 2673 
3748 11 766 2675 2674 
3749 766 765 2676 2675 
3750 765 764 2677 2676 
3751 764 763 2678 2677 
3752 763 762 2679 2678 
3753 762 761 2680 2679 
3754 761 760 2681 2680 
3755 760 759 2682 2681 
3756 759 758 2683 2682 
3757 758 757 2684 2683 
3758 757 756 2685 2684 
3759 756 19 2686 2685 
3760 19 134 2687 2686 
3761 134 133 2688 2687 
3762 133 132 2689 2688 
3763 132 131 2690 2689 
3764 131 130 2691 2690 
3765 130 129 2692 2691 
3766 129 128 2693 2692 
3767 128 127 2694 2693 
3768 127 126 2695 2694 
3769 126 125 2696 2695 
3770 125 124 2697 2696 
3771 124 123 2698 2697 
3772 123 122 2699 2698 
3773 122 121 2700 2699 
3774 121 120 2701 2700 
3775 120 119 2702 2701 
3776 119 118 2703 2702 
3777 118 117 2704 2703 
3778 117 116 2705 2704 
3779 116 115 2706 2705 
3780 115 10 768 2706 
3781 87 2367 2707 88 
3782 2367 2368 2708 2707 
3783 2368 2369 2709 2708 
3784 2369 2370 2710 2709 
3785 2370 2371 2711 2710 
3786 2371 2372 2712 2711 
3787 2372 2373 2713 2712 
3788 2373 2374 2714 2713 
3789 2374 2375 2715 2714 
3790 2375 2376 2716 2715 
3791 2376 2377 2717 2716 
3792 2377 2378 2718 2717 
3793 2378 2379 2719 2718 
3794 2379 2380 2720 2719 
3795 2380 2381 2721 2720 
3796 2381 2382 2722 2721 
3797 2382 2383 2723 2722 
3798 2383 2384 2724 2723 
3799 2384 2385 2725 2724 
3800 2385 2386 2726 2725 
3801 2386 2387 2727 2726 
3802 2387 2388 2728 2727 
3803 2388 2389 2729 2728 
3804 2389 2390 2730 2729 
3805 2390 2391 2731 2730 
3806 2391 2392 2732 2731 
3807 2392 2393 2733 2732 
3808 2393 2394 2734 2733 
3809 2394 2395 2735 2734 
3810 2395 2396 2736 2735 
3811 2396 2397 2737 2736 
3812 2397 2398 2738 2737 
3813 2398 2399 2739 2738 
3814 2399 2400 2740 2739 
3815 2400 2401 2741 2740 
3816 2401 2402 2742 2741 
3817 2402 2403 2743 2742 
3818 2403 2404 2744 2743 
3819 2404 2405 2745 2744 
3820 2405 2406 2746 2745 
3821 2406 2407 2747 2746 
3822 2407 2408 2748 2747 
3823 2408 2409 2749 2748 
3824 2409 2410 2750 2749 
3825 2410 2411 2751 2750 
3826 2411 2412 2752 2751 
3827 2412 2413 2753 2752 
3828 2413 2414 2754 2753 
3829 2414 2415 2755 2754 
3830 2415 2416 2756 2755 
3831 2416 2417 2757 2756 
3832 2417 2418 2758 2757 
3833 2418 2419 2759 2758 
3834 2419 2420 2760 2759 
3835 2420 2421 2761 2760 
3836 2421 2422 2762 2761 
3837 2422 2423 2763 2762 
3838 2423 2424 2764 2763 
3839 2424 2425 2765 2764 
3840 2425 2426 2766 2765 
3841 2426 2427 2767 2766 
3842 2427 2428 2768 2767 
3843 2428 2429 2769 2768 
3844 2429 2430 2770 2769 
3845 2430 2431 2771 2770 
3846 2431 2432 2772 2771 
3847 2432 2433 2773 2772 
3848 2433 2434 2774 2773 
3849 2434 2435 2775 2774 
3850 2435 2436 2776 2775 
3851 2436 2437 2777 2776 
3852 2437 2438 2778 2777 
3853 2438 2439 2779 2778 
3854 2439 2440 2780 2779 
3855 2440 2441 2781 2780 
3856 2441 2442 2782 2781 
3857 2442 2443 2783 2782 
3858 2443 2444 2784 2783 
3859 2444 2445 2785 2784 
3860 2445 2446 2786 2785 
3861 2446 2447 2787 2786 
3862 2447 2448 2788 2787 
3863 2448 2449 2789 2788 
3864 2449 2450 2790 2789 
3865 2450 2451 2791 2790 
3866 2451 2452 2792 2791 
3867 2452 2453 2793 2792 
3868 2453 2454 2794 2793 
3869 2454 2455 2795 2794 
3870 2455 2456 2796 2795 
3871 2456 2457 2797 2796 
3872 2457 2458 2798 2797 
3873 2458 2459 2799 2798 
3874 2459 2460 2800 2799 
3875 2460 2461 2801 2800 
3876 2461 2462 2802 2801 
3877 2462 2463 2803 2802 
3878 2463 2464 2804 2803 
3879 2464 2465 2805 2804 
3880 2465 2466 2806 2805 
3881 2466 2467 2807 2806 
3882 2467 2468 2808 2807 
3883 2468 2469 2809 2808 
3884 2469 2470 2810 2809 
3885 2470 2471 2811 2810 
3886 2471 2472 2812 2811 
3887 2472 2473 2813 2812 
3888 2473 2474 2814 2813 
3889 2474 2475 2815 2814 
3890 2475 2476 2816 2815 
3891 2476 2477 2817 2816 
3892 2477 2478 2818 2817 
3893 2478 2479 2819 2818 
3894 2479 2480 2820 2819 
3895 2480 2481 2821 2820 
3896 2481 2482 2822 2821 
3897 2482 2483 2823 2822 
3898 2483 2484 2824 2823 
3899 2484 2485 2825 2824 
3900 2485 2486 2826 2825 
3901 2486 2487 2827 2826 
3902 2487 2488 2828 2827 
3903 2488 2489 2829 2828 
3904 2489 2490 2830 2829 
3905 2490 2491 2831 2830 
3906 2491 2492 2832 2831 
3907 2492 2493 2833 2832 
3908 2493 2494 2834 2833 
3909 2494 2495 2835 2834 
3910 2495 2496 2836 2835 
3911 2496 2497 2837 2836 
3912 2497 2498 2838 2837 
3913 2498 2499 2839 2838 
3914 2499 2500 2840 2839 
3915 2500 2501 2841 2840 
3916 2501 2502 2842 2841 
3917 2502 2503 2843 2842 
3918 2503 2504 2844 2843 
3919 2504 2505 2845 2844 
3920 2505 2506 2846 2845 
3921 2506 2507 2847 2846 
3922 2507 2508 2848 2847 
3923 2508 2509 2849 2848 
3924 2509 2510 2850 2849 
3925 2510 2511 2851 2850 
3926 2511 2512 2852 2851 
3927 2512 2513 2853 2852 
3928 2513 2514 2854 2853 
3929 2514 2515 2855 2854 
3930 2515 2516 2856 2855 
3931 2516 2517 2857 2856 
3932 2517 2518 2858 2857 
3933 2518 2519 2859 2858 
3934 2519 2520 2860 2859 
3935 2520 2521 2861 2860 
3936 2521 2522 2862 2861 
3937 2522 2523 2863 2862 
3938 2523 2524 2864 2863 
3939 2524 2525 2865 2864 
3940 2525 2526 2866 2865 
3941 2526 2527 2867 2866 
3942 2527 2528 2868 2867 
3943 2528 2529 2869 2868 
3944 2529 2530 2870 2869 
3945 2530 2531 2871 2870 
3946 2531 2532 2872 2871 
3947 2532 2533 2873 2872 
3948 2533 2534 2874 2873 
3949 2534 2535 2875 2874 
3950 2535 2536 2876 2875 
3951 2536 2537 2877 2876 
3952 2537 2538 2878 2877 
3953 2538 2539 2879 2878 
3954 2539 2540 2880 2879 
3955 2540 2541 2881 2880 
3956 2541 2542 2882 2881 
3957 2542 2543 2883 2882 
3958 2543 2544 2884 2883 
3959 2544 2545 2885 2884 
3960 2545 2546 2886 2885 
3961 2546 2547 2887 2886 
3962 2547 2548 2888 2887 
3963 2548 2549 2889 2888 
3964 2549 2550 2890 2889 
3965 2550 2551 2891 2890 
3966 2551 2552 2892 2891 
3967 2552 2553 2893 2892 
3968 2553 2554 2894 2893 
3969 2554 2555 2895 2894 
3970 2555 2556 2896 2895 
3971 2556 2557 2897 2896 
3972 2557 2558 2898 2897 
3973 2558 2559 2899 2898 
3974 2559 2560 2900 2899 
3975 2560 2561 2901 2900 
3976 2561 2562 2902 2901 
3977 2562 2563 2903 2902 
3978 2563 2564 2904 2903 
3979 2564 2565 2905 2904 
3980 2565 2566 2906 2905 
3981 2566 2567 2907 2906 
3982 2567 2568 2908 2907 
3983 2568 2569 2909 2908 
3984 2569 2570 2910 2909 
3985 2570 2571 2911 2910 
3986 2571 2572 2912 2911 
3987 2572 2573 2913 2912 
3988 2573 2574 2914 2913 
3989 2574 2575 2915 2914 
3990 2575 2576 2916 2915 
3991 2576 2577 2917 2916 
3992 2577 2578 2918 2917 
3993 2578 2579 2919 2918 
3994 2579 2580 2920 2919 
3995 2580 2581 2921 2920 
3996 2581 2582 2922 2921 
3997 2582 2583 2923 2922 
3998 2583 2584 2924 2923 
3999 2584 2585 2925 2924 
4000 2585 2586 2926 2925 
4001 2586 2587 2927 2926 
4002 2587 2588 2928 2927 
4003 2588 2589 2929 2928 
4004 2589 2590 2930 2929 
4005 2590 2591 2931 2930 
4006 2591 2592 2932 2931 
4007 2592 2593 2933 2932 
4008 2593 2594 2934 2933 
4009 2594 2595 2935 2934 
4010 2595 2596 2936 2935 
4011 2596 2597 2937 2936 
4012 2597 2598 2938 2937 
4013 2598 2599 2939 2938 
4014 2599 2600 2940 2939 
4015 2600 2601 2941 2940 
4016 2601 2602 2942 2941 
4017 2602 2603 2943 2942 
4018 2603 2604 2944 2943 
4019 2604 2605 2945 2944 
4020 2605 2606 2946 2945 
4021 2606 2607 2947 2946 
4022 2607 2608 2948 2947 
4023 2608 2609 2949 2948 
4024 2609 2610 2950 2949 
4025 2610 2611 2951 2950 
4026 2611 2612 2952 2951 
4027 2612 2613 2953 2952 
4028 2613 2614 2954 2953 
4029 2614 2615 2955 2954 
4030 2615 2616 2956 2955 
4031 2616 2617 2957 2956 
4032 2617 2618 2958 2957 
4033 2618 2619 2959 2958 
4034 2619 2620 2960 2959 
4035 2620 2621 2961 2960 
4036 2621 2622 2962 2961 
4037 2622 2623 2963 2962 
4038 2623 2624 2964 2963 
4039 2624 2625 2965 2964 
4040 2625 2626 2966 2965 
4041 2626 2627 2967 2966 
4042 2627 2628 2968 2967 
4043 2628 2629 2969 2968 
4044 2629 2630 2970 2969 
4045 2630 2631 2971 2970 
4046 2631 2632 2972 2971 
4047 2632 2633 2973 2972 
4048 2633 2634 2974 2973 
4049 2634 2635 2975 2974 
4050 2635 2636 2976 2975 
4051 2636 2637 2977 2976 
4052 2637 2638 2978 2977 
4053 2638 2639 2979 2978 
4054 2639 2640 2980 2979 
4055 2640 2641 2981 2980 
4056 2641 2642 2982 2981 
4057 2642 2643 2983 2982 
4058 2643 2644 2984 2983 
4059 2644 2645 2985 2984 
4060 2645 2646 2986 2985 
4061 2646 2647 2987 2986 
4062 2647 2648 2988 2987 
4063 2648 2649 2989 2988 
4064 2649 2650 2990 2989 
4065 2650 2651 2991 2990 
4066 2651 2652 2992 2991 
4067 2652 2653 2993 2992 
4068 2653 2654 2994 2993 
4069 2654 2655 2995 2994 
4070 2655 2656 2996 2995 
4071 2656 2657 2997 2996 
4072 2657 2658 2998 2997 
4073 2658 2659 2999 2998 
4074 2659 2660 3000 2999 
4075 2660 2661 3001 3000 
4076 2661 2662 3002 3001 
4077 2662 2663 3003 3002 
4078 2663 2664 3004 3003 
4079 2664 2665 3005 3004 
4080 2665 2666 3006 3005 
4081 2666 2667 3007 3006 
4082 2667 2668 3008 3007 
4083 2668 2669 3009 3008 
4084 2669 2670 3010 3009 
4085 2670 2671 3011 3010 
4086 2671 2672 3012 3011 
4087 2672 2673 3013 3012 
4088 2673 2674 3014 3013 
4089 2674 2675 3015 3014 
4090 2675 2676 3016 3015 
4091 2676 2677 3017 3016 
4092 2677 2678 3018 3017 
4093 2678 2679 3019 3018 
4094 2679 2680 3020 3019 
4095 2680 2681 3021 3020 
4096 2681 2682 3022 3021 
4097 2682 2683 3023 3022 
4098 2683 2684 3024 3023 
4099 2684 2685 3025 3024 
4100 2685 2686 3026 3025 
4101 2686 2687 3027 3026 
4102 2687 2688 3028 3027 
4103 2688 2689 3029 3028 
4104 2689 2690 3030 3029 
4105 2690 2691 3031 3030 
4106 2691 2692 3032 3031 
4107 2692 2693 3033 3032 
4108 2693 2694 3034 3033 
4109 2694 2695 3035 3034 
4110 2695 2696 3036 3035 
4111 2696 2697 3037 3036 
4112 2697 2698 3038 3037 
4113 2698 2699 3039 3038 
4114 2699 2700 3040 3039 
4115 2700 2701 3041 3040 
4116 2701 2702 3042 3041 
4117 2702 2703 3043 3042 
4118 2703 2704 3044 3043 
4119 2704 2705 3045 3044 
4120 2705 2706 3046 3045 
4121 2706 768 767 3046 
4122 88 2707 779 25 
4123 2707 2708 780 779 
4124 2708 2709 781 780 
4125 2709 2710 782 781 
4126 2710 2711 783 782 
4127 2711 2712 784 783 
4128 2712 2713 785 784 
4129 2713 2714 786 785 
4130 2714 2715 787 786 
4131 2715 2716 788 787 
4132 2716 2717 789 788 
4133 2717 2718 790 789 
4134 2718 2719 791 790 
4135 2719 2720 792 791 
4136 2720 2721 793 792 
4137 2721 2722 794 793 
4138 2722 2723 795 794 
4139 2723 2724 796 795 
4140 2724 2725 797 796 
4141 2725 2726 798 797 
4142 2726 2727 799 798 
4143 2727 2728 800 799 
4144 2728 2729 801 800 
4145 2729 2730 802 801 
4146 2730 2731 803 802 
4147 2731 2732 804 803 
4148 2732 2733 805 804 
4149 2733 2734 806 805 
4150 2734 2735 807 806 
4151 2735 2736 808 807 
4152 2736 2737 809 808 
4153 2737 2738 810 809 
4154 2738 2739 811 810 
4155 2739 2740 812 811 
4156 2740 2741 813 812 
4157 2741 2742 814 813 
4158 2742 2743 815 814 
4159 2743 2744 816 815 
4160 2744 2745 817 816 
4161 2745 2746 818 817 
4162 2746 2747 819 818 
4163 2747 2748 820 819 
4164 2748 2749 821 820 
4165 2749 2750 822 821 
4166 2750 2751 823 822 
4167 2751 2752 824 823 
4168 2752 2753 825 824 
4169 2753 2754 826 825 
4170 2754 2755 827 826 
4171 2755 2756 828 827 
4172 2756 2757 829 828 
4173 2757 2758 830 829 
4174 2758 2759 831 830 
4175 2759 2760 832 831 
4176 2760 2761 833 832 
4177 2761 2762 834 833 
4178 2762 2763 835 834 
4179 2763 2764 836 835 
4180 2764 2765 837 836 
4181 2765 2766 838 837 
4182 2766 2767 839 838 
4183 2767 2768 840 839 
4184 2768 2769 841 840 
4185 2769 2770 842 841 
4186 2770 2771 843 842 
4187 2771 2772 844 843 
4188 2772 2773 845 844 
4189 2773 2774 846 845 
4190 2774 2775 847 846 
4191 2775 2776 848 847 
4192 2776 2777 849 848 
4193 2777 2778 850 849 
4194 2778 2779 851 850 
4195 2779 2780 852 851 
4196 2780 2781 853 852 
4197 2781 2782 854 853 
4198 2782 2783 855 854 
4199 2783 2784 856 855 
4200 2784 2785 857 856 
4201 2785 2786 858 857 
4202 2786 2787 859 858 
4203 2787 2788 860 859 
4204 2788 2789 861 860 
4205 2789 2790 862 861 
4206 2790 2791 863 862 
4207 2791 2792 864 863 
4208 2792 2793 865 864 
4209 2793 2794 866 865 
4210 2794 2795 867 866 
4211 2795 2796 868 867 
4212 2796 2797 869 868 
4213 2797 2798 870 869 
4214 2798 2799 871 870 
4215 2799 2800 872 871 
4216 2800 2801 873 872 
4217 2801 2802 874 873 
4218 2802 2803 875 874 
4219 2803 2804 876 875 
4220 2804 2805 877 876 
4221 2805 2806 878 877 
4222 2806 2807 879 878 
4223 2807 2808 880 879 
4224 2808 2809 881 880 
4225 2809 2810 882 881 
4226 2810 2811 883 882 
4227 2811 2812 884 883 
4228 2812 2813 885 884 
4229 2813 2814 886 885 
4230 2814 2815 887 886 
4231 2815 2816 888 887 
4232 2816 2817 889 888 
4233 2817 2818 890 889 
4234 2818 2819 891 890 
4235 2819 2820 892 891 
4236 2820 2821 893 892 
4237 2821 2822 894 893 
4238 2822 2823 895 894 
4239 2823 2824 896 895 
4240 2824 2825 897 896 
4241 2825 2826 898 897 
4242 2826 2827 899 898 
4243 2827 2828 900 899 
4244 2828 2829 901 900 
4245 2829 2830 902 901 
4246 2830 2831 903 902 
4247 2831 2832 904 903 
4248 2832 2833 905 904 
4249 2833 2834 906 905 
4250 2834 2835 907 906 
4251 2835 2836 908 907 
4252 2836 2837 909 908 
4253 2837 2838 910 909 
4254 2838 2839 911 910 
4255 2839 2840 912 911 
4256 2840 2841 913 912 
4257 2841 2842 914 913 
4258 2842 2843 915 914 
4259 2843 2844 916 915 
4260 2844 2845 917 916 
4261 2845 2846 918 917 
4262 2846 2847 919 918 
4263 2847 2848 920 919 
4264 2848 2849 921 920 
4265 2849 2850 922 921 
4266 2850 2851 923 922 
4267 2851 2852 924 923 
4268 2852 2853 925 924 
4269 2853 2854 926 925 
4270 2854 2855 927 926 
4271 2855 2856 928 927 
4272 2856 2857 929 928 
4273 2857 2858 930 929 
4274 2858 2859 931 930 
4275 2859 2860 932 931 
4276 2860 2861 933 932 
4277 2861 2862 934 933 
4278 2862 2863 935 934 
4279 2863 2864 936 935 
4280 2864 2865 937 936 
4281 2865 2866 938 937 
4282 2866 2867 939 938 
4283 2867 2868 940 939 
4284 2868 2869 941 940 
4285 2869 2870 942 941 
4286 2870 2871 943 942 
4287 2871 2872 944 943 
4288 2872 2873 945 944 
4289 2873 2874 946 945 
4290 2874 2875 947 946 
4291 2875 2876 948 947 
4292 2876 2877 949 948 
4293 2877 2878 950 949 
4294 2878 2879 951 950 
4295 2879 2880 952 951 
4296 2880 2881 953 952 
4297 2881 2882 954 953 
4298 2882 2883 955 954 
4299 2883 2884 956 955 
4300 2884 2885 957 956 
4301 2885 2886 958 957 
4302 2886 2887 959 958 
4303 2887 2888 960 959 
4304 2888 2889 961 960 
4305 2889 2890 962 961 
4306 2890 2891 963 962 
4307 2891 2892 964 963 
4308 2892 2893 965 964 
4309 2893 2894 966 965 
4310 2894 2895 967 966 
4311 2895 2896 968 967 
4312 2896 2897 969 968 
4313 2897 2898 970 969 
4314 2898 2899 971 970 
4315 2899 2900 972 971 
4316 2900 2901 973 972 
4317 2901 2902 974 973 
4318 2902 2903 975 974 
4319 2903 2904 976 975 
4320 2904 2905 977 976 
4321 2905 2906 978 977 
4322 2906 2907 979 978 
4323 2907 2908 980 979 
4324 2908 2909 981 980 
4325 2909 2910 982 981 
4326 2910 2911 983 982 
4327 2911 2912 984 983 
4328 2912 2913 985 984 
4329 2913 2914 986 985 
4330 2914 2915 987 986 
4331 2915 2916 988 987 
4332 2916 2917 989 988 
4333 2917 2918 990 989 
4334 2918 2919 991 990 
4335 2919 2920 992 991 
4336 2920 2921 993 992 
4337 2921 2922 994 993 
4338 2922 2923 995 994 
4339 2923 2924 996 995 
4340 2924 2925 997 996 
4341 2925 2926 998 997 
4342 2926 2927 999 998 
4343 2927 2928 1000 999 
4344 2928 2929 1001 1000 
4345 2929 2930 1002 1001 
4346 2930 2931 1003 1002 
4347 2931 2932 1004 1003 
4348 2932 2933 1005 1004 
4349 2933 2934 1006 1005 
4350 2934 2935 1007 1006 
4351 2935 2936 1008 1007 
4352 2936 2937 1009 1008 
4353 2937 2938 1010 1009 
4354 2938 2939 1011 1010 
4355 2939 2940 1012 1011 
4356 2940 2941 1013 1012 
4357 2941 2942 1014 1013 
4358 2942 2943 1015 1014 
4359 2943 2944 1016 1015 
4360 2944 2945 1017 1016 
4361 2945 2946 1018 1017 
4362 2946 2947 1019 1018 
4363 2947 2948 1020 1019 
4364 2948 2949 1021 1020 
4365 2949 2950 1022 1021 
4366 2950 2951 1023 1022 
4367 2951 2952 1024 1023 
4368 2952 2953 1025 1024 
4369 2953 2954 1026 1025 
4370 2954 2955 1027 1026 
4371 2955 2956 1028 1027 
4372 2956 2957 1029 1028 
4373 2957 2958 1030 1029 
4374 2958 2959 1031 1030 
4375 2959 2960 1032 1031 
4376 2960 2961 1033 1032 
4377 2961 2962 1034 1033 
4378 2962 2963 1035 1034 
4379 2963 2964 1036 1035 
4380 2964 2965 1037 1036 
4381 2965 2966 1038 1037 
4382 2966 2967 1039 1038 
4383 2967 2968 1040 1039 
4384 2968 2969 1041 1040 
4385 2969 2970 24 1041 
4386 2970 2971 1113 24 
4387 2971 2972 1112 1113 
4388 2972 2973 1111 1112 
4389 2973 2974 1110 1111 
4390 2974 2975 1109 1110 
4391 2975 2976 1108 1109 
4392 2976 2977 1107 1108 
4393 2977 2978 1106 1107 
4394 2978 2979 1105 1106 
4395 2979 2980 1104 1105 
4396 2980 2981 1103 1104 
4397 2981 2982 1102 1103 
4398 2982 2983 1101 1102 
4399 2983 2984 1100 1101 
4400 2984 2985 1099 1100 
4401 2985 2986 1098 1099 
4402 2986 2987 1097 1098 
4403 2987 2988 1096 1097 
4404 2988 2989 1095 1096 
4405 2989 2990 28 1095 
4406 2990 2991 1094 28 
4407 2991 2992 1093 1094 
4408 2992 2993 1092 1093 
4409 2993 2994 1091 1092 
4410 2994 2995 1090 1091 
4411 2995 2996 1089 1090 
4412 2996 2997 1088 1089 
4413 2997 2998 1087 1088 
4414 2998 2999 1086 1087 
4415 2999 3000 1085 1086 
4416 3000 3001 1084 1085 
4417 3001 3002 1083 1084 
4418 3002 3003 27 1083 
4419 3003 3004 1082 27 
4420 3004 3005 1081 1082 
4421 3005 3006 1080 1081 
4422 3006 3007 1079 1080 
4423 3007 3008 1078 1079 
4424 3008 3009 1077 1078 
4425 3009 3010 1076 1077 
4426 3010 3011 1075 1076 
4427 3011 3012 1074 1075 
4428 3012 3013 1073 1074 
4429 3013 3014 26 1073 
4430 3014 3015 1072 26 
4431 3015 3016 1071 1072 
4432 3016 3017 1070 1071 
4433 3017 3018 1069 1070 
4434 3018 3019 1068 1069 
4435 3019 3020 1067 1068 
4436 3020 3021 1066 1067 
4437 3021 3022 1065 1066 
4438 3022 3023 1064 1065 
4439 3023 3024 1063 1064 
4440 3024 3025 1062 1063 
4441 3025 3026 23 1062 
4442 3026 3027 1061 23 
4443 3027 3028 1060 1061 
4444 3028 3029 1059 1060 
4445 3029 3030 1058 1059 
4446 3030 3031 1057 1058 
4447 3031 3032 1056 1057 
4448 3032 3033 1055 1056 
4449 3033 3034 1054 1055 
4450 3034 3035 1053 1054 
4451 3035 3036 1052 1053 
4452 3036 3037 1051 1052 
4453 3037 3038 1050 1051 
4454 3038 3039 1049 1050 
4455 3039 3040 1048 1049 
4456 3040 3041 1047 1048 
4457 3041 3042 1046 1047 
4458 3042 3043 1045 1046 
4459 3043 3044 1044 1045 
4460 3044 3045 1043 1044 
4461 3045 3046 1042 1043 
4462 3046 767 22 1042 
$EndElements
